match_id,season,start_date,venue,innings,ball,batting_team,bowling_team,striker,non_striker,bowler,runs_off_bat,extras,wides,noballs,byes,legbyes,penalty,wicket_type,player_dismissed,other_wicket_type,other_player_dismissed
350046,2009,2009-09-12,Lord's,1,0.1,England,Australia,AJ Strauss,JL Denly,B Lee,0,0,,,,,,,,,
350046,2009,2009-09-12,Lord's,1,0.2,England,Australia,AJ Strauss,JL Denly,B Lee,0,0,,,,,,,,,
350046,2009,2009-09-12,Lord's,1,0.3,England,Australia,AJ Strauss,JL Denly,B Lee,1,0,,,,,,,,,
350046,2009,2009-09-12,Lord's,1,0.4,England,Australia,JL Denly,AJ Strauss,B Lee,4,0,,,,,,,,,
350046,2009,2009-09-12,Lord's,1,0.5,England,Australia,JL Denly,AJ Strauss,B Lee,0,0,,,,,,,,,
350046,2009,2009-09-12,Lord's,1,0.6,England,Australia,JL Denly,AJ Strauss,B Lee,0,0,,,,,,,,,
350046,2009,2009-09-12,Lord's,1,1.1,England,Australia,AJ Strauss,JL Denly,NW Bracken,0,0,,,,,,,,,
350046,2009,2009-09-12,Lord's,1,1.2,England,Australia,AJ Strauss,JL Denly,NW Bracken,0,0,,,,,,,,,
350046,2009,2009-09-12,Lord's,1,1.3,England,Australia,AJ Strauss,JL Denly,NW Bracken,1,0,,,,,,,,,
350046,2009,2009-09-12,Lord's,1,1.4,England,Australia,JL Denly,AJ Strauss,NW Bracken,0,0,,,,,,,,,
350046,2009,2009-09-12,Lord's,1,1.5,England,Australia,JL Denly,AJ Strauss,NW Bracken,0,0,,,,,,,,,
350046,2009,2009-09-12,Lord's,1,1.6,England,Australia,JL Denly,AJ Strauss,NW Bracken,3,0,,,,,,,,,
350046,2009,2009-09-12,Lord's,1,2.1,England,Australia,JL Denly,AJ Strauss,B Lee,0,0,,,,,,,,,
350046,2009,2009-09-12,Lord's,1,2.2,England,Australia,JL Denly,AJ Strauss,B Lee,0,0,,,,,,,,,
350046,2009,2009-09-12,Lord's,1,2.3,England,Australia,JL Denly,AJ Strauss,B Lee,0,0,,,,,,,,,
350046,2009,2009-09-12,Lord's,1,2.4,England,Australia,JL Denly,AJ Strauss,B Lee,0,0,,,,,,,,,
350046,2009,2009-09-12,Lord's,1,2.5,England,Australia,JL Denly,AJ Strauss,B Lee,0,1,,1,,,,,,,
350046,2009,2009-09-12,Lord's,1,2.6,England,Australia,JL Denly,AJ Strauss,B Lee,0,1,1,,,,,,,,
350046,2009,2009-09-12,Lord's,1,2.7,England,Australia,JL Denly,AJ Strauss,B Lee,4,0,,,,,,,,,
350046,2009,2009-09-12,Lord's,1,2.8,England,Australia,JL Denly,AJ Strauss,B Lee,0,0,,,,,,,,,
350046,2009,2009-09-12,Lord's,1,3.1,England,Australia,AJ Strauss,JL Denly,NW Bracken,0,0,,,,,,,,,
350046,2009,2009-09-12,Lord's,1,3.2,England,Australia,AJ Strauss,JL Denly,NW Bracken,4,0,,,,,,,,,
350046,2009,2009-09-12,Lord's,1,3.3,England,Australia,AJ Strauss,JL Denly,NW Bracken,4,0,,,,,,,,,
350046,2009,2009-09-12,Lord's,1,3.4,England,Australia,AJ Strauss,JL Denly,NW Bracken,0,0,,,,,,,,,
350046,2009,2009-09-12,Lord's,1,3.5,England,Australia,AJ Strauss,JL Denly,NW Bracken,4,0,,,,,,,,,
350046,2009,2009-09-12,Lord's,1,3.6,England,Australia,AJ Strauss,JL Denly,NW Bracken,1,0,,,,,,,,,
350046,2009,2009-09-12,Lord's,1,4.1,England,Australia,AJ Strauss,JL Denly,B Lee,1,0,,,,,,,,,
350046,2009,2009-09-12,Lord's,1,4.2,England,Australia,JL Denly,AJ Strauss,B Lee,0,0,,,,,,,,,
350046,2009,2009-09-12,Lord's,1,4.3,England,Australia,JL Denly,AJ Strauss,B Lee,0,0,,,,,,,,,
350046,2009,2009-09-12,Lord's,1,4.4,England,Australia,JL Denly,AJ Strauss,B Lee,0,0,,,,,,,,,
350046,2009,2009-09-12,Lord's,1,4.5,England,Australia,JL Denly,AJ Strauss,B Lee,0,0,,,,,,caught,JL Denly,,
350046,2009,2009-09-12,Lord's,1,4.6,England,Australia,RS Bopara,AJ Strauss,B Lee,0,0,,,,,,,,,
350046,2009,2009-09-12,Lord's,1,5.1,England,Australia,AJ Strauss,RS Bopara,MG Johnson,0,0,,,,,,,,,
350046,2009,2009-09-12,Lord's,1,5.2,England,Australia,AJ Strauss,RS Bopara,MG Johnson,4,0,,,,,,,,,
350046,2009,2009-09-12,Lord's,1,5.3,England,Australia,AJ Strauss,RS Bopara,MG Johnson,1,0,,,,,,,,,
350046,2009,2009-09-12,Lord's,1,5.4,England,Australia,RS Bopara,AJ Strauss,MG Johnson,0,0,,,,,,,,,
350046,2009,2009-09-12,Lord's,1,5.5,England,Australia,RS Bopara,AJ Strauss,MG Johnson,1,0,,,,,,,,,
350046,2009,2009-09-12,Lord's,1,5.6,England,Australia,AJ Strauss,RS Bopara,MG Johnson,0,0,,,,,,,,,
350046,2009,2009-09-12,Lord's,1,6.1,England,Australia,RS Bopara,AJ Strauss,B Lee,0,1,,1,,,,,,,
350046,2009,2009-09-12,Lord's,1,6.2,England,Australia,RS Bopara,AJ Strauss,B Lee,2,0,,,,,,,,,
350046,2009,2009-09-12,Lord's,1,6.3,England,Australia,RS Bopara,AJ Strauss,B Lee,0,0,,,,,,,,,
350046,2009,2009-09-12,Lord's,1,6.4,England,Australia,RS Bopara,AJ Strauss,B Lee,1,0,,,,,,,,,
350046,2009,2009-09-12,Lord's,1,6.5,England,Australia,AJ Strauss,RS Bopara,B Lee,0,0,,,,,,,,,
350046,2009,2009-09-12,Lord's,1,6.6,England,Australia,AJ Strauss,RS Bopara,B Lee,0,0,,,,,,,,,
350046,2009,2009-09-12,Lord's,1,6.7,England,Australia,AJ Strauss,RS Bopara,B Lee,0,0,,,,,,,,,
350046,2009,2009-09-12,Lord's,1,7.1,England,Australia,RS Bopara,AJ Strauss,MG Johnson,0,0,,,,,,,,,
350046,2009,2009-09-12,Lord's,1,7.2,England,Australia,RS Bopara,AJ Strauss,MG Johnson,1,0,,,,,,,,,
350046,2009,2009-09-12,Lord's,1,7.3,England,Australia,AJ Strauss,RS Bopara,MG Johnson,0,0,,,,,,,,,
350046,2009,2009-09-12,Lord's,1,7.4,England,Australia,AJ Strauss,RS Bopara,MG Johnson,0,0,,,,,,,,,
350046,2009,2009-09-12,Lord's,1,7.5,England,Australia,AJ Strauss,RS Bopara,MG Johnson,4,0,,,,,,,,,
350046,2009,2009-09-12,Lord's,1,7.6,England,Australia,AJ Strauss,RS Bopara,MG Johnson,1,0,,,,,,,,,
350046,2009,2009-09-12,Lord's,1,8.1,England,Australia,AJ Strauss,RS Bopara,B Lee,0,0,,,,,,,,,
350046,2009,2009-09-12,Lord's,1,8.2,England,Australia,AJ Strauss,RS Bopara,B Lee,4,0,,,,,,,,,
350046,2009,2009-09-12,Lord's,1,8.3,England,Australia,AJ Strauss,RS Bopara,B Lee,0,0,,,,,,,,,
350046,2009,2009-09-12,Lord's,1,8.4,England,Australia,AJ Strauss,RS Bopara,B Lee,1,0,,,,,,,,,
350046,2009,2009-09-12,Lord's,1,8.5,England,Australia,RS Bopara,AJ Strauss,B Lee,0,0,,,,,,,,,
350046,2009,2009-09-12,Lord's,1,8.6,England,Australia,RS Bopara,AJ Strauss,B Lee,4,0,,,,,,,,,
350046,2009,2009-09-12,Lord's,1,9.1,England,Australia,AJ Strauss,RS Bopara,SR Watson,4,0,,,,,,,,,
350046,2009,2009-09-12,Lord's,1,9.2,England,Australia,AJ Strauss,RS Bopara,SR Watson,0,0,,,,,,,,,
350046,2009,2009-09-12,Lord's,1,9.3,England,Australia,AJ Strauss,RS Bopara,SR Watson,0,0,,,,,,,,,
350046,2009,2009-09-12,Lord's,1,9.4,England,Australia,AJ Strauss,RS Bopara,SR Watson,1,0,,,,,,,,,
350046,2009,2009-09-12,Lord's,1,9.5,England,Australia,RS Bopara,AJ Strauss,SR Watson,0,0,,,,,,,,,
350046,2009,2009-09-12,Lord's,1,9.6,England,Australia,RS Bopara,AJ Strauss,SR Watson,0,0,,,,,,,,,
350046,2009,2009-09-12,Lord's,1,10.1,England,Australia,AJ Strauss,RS Bopara,MG Johnson,2,0,,,,,,,,,
350046,2009,2009-09-12,Lord's,1,10.2,England,Australia,AJ Strauss,RS Bopara,MG Johnson,1,0,,,,,,,,,
350046,2009,2009-09-12,Lord's,1,10.3,England,Australia,RS Bopara,AJ Strauss,MG Johnson,0,0,,,,,,,,,
350046,2009,2009-09-12,Lord's,1,10.4,England,Australia,RS Bopara,AJ Strauss,MG Johnson,1,0,,,,,,,,,
350046,2009,2009-09-12,Lord's,1,10.5,England,Australia,AJ Strauss,RS Bopara,MG Johnson,0,0,,,,,,,,,
350046,2009,2009-09-12,Lord's,1,10.6,England,Australia,AJ Strauss,RS Bopara,MG Johnson,1,0,,,,,,,,,
350046,2009,2009-09-12,Lord's,1,11.1,England,Australia,AJ Strauss,RS Bopara,SR Watson,1,0,,,,,,,,,
350046,2009,2009-09-12,Lord's,1,11.2,England,Australia,RS Bopara,AJ Strauss,SR Watson,1,0,,,,,,,,,
350046,2009,2009-09-12,Lord's,1,11.3,England,Australia,AJ Strauss,RS Bopara,SR Watson,0,0,,,,,,,,,
350046,2009,2009-09-12,Lord's,1,11.4,England,Australia,AJ Strauss,RS Bopara,SR Watson,0,0,,,,,,,,,
350046,2009,2009-09-12,Lord's,1,11.5,England,Australia,AJ Strauss,RS Bopara,SR Watson,1,0,,,,,,,,,
350046,2009,2009-09-12,Lord's,1,11.6,England,Australia,RS Bopara,AJ Strauss,SR Watson,2,0,,,,,,,,,
350046,2009,2009-09-12,Lord's,1,12.1,England,Australia,AJ Strauss,RS Bopara,MG Johnson,1,0,,,,,,,,,
350046,2009,2009-09-12,Lord's,1,12.2,England,Australia,RS Bopara,AJ Strauss,MG Johnson,0,0,,,,,,,,,
350046,2009,2009-09-12,Lord's,1,12.3,England,Australia,RS Bopara,AJ Strauss,MG Johnson,1,0,,,,,,,,,
350046,2009,2009-09-12,Lord's,1,12.4,England,Australia,AJ Strauss,RS Bopara,MG Johnson,0,0,,,,,,,,,
350046,2009,2009-09-12,Lord's,1,12.5,England,Australia,AJ Strauss,RS Bopara,MG Johnson,0,0,,,,,,,,,
350046,2009,2009-09-12,Lord's,1,12.6,England,Australia,AJ Strauss,RS Bopara,MG Johnson,1,0,,,,,,,,,
350046,2009,2009-09-12,Lord's,1,13.1,England,Australia,AJ Strauss,RS Bopara,SR Watson,1,0,,,,,,,,,
350046,2009,2009-09-12,Lord's,1,13.2,England,Australia,RS Bopara,AJ Strauss,SR Watson,4,0,,,,,,,,,
350046,2009,2009-09-12,Lord's,1,13.3,England,Australia,RS Bopara,AJ Strauss,SR Watson,0,0,,,,,,,,,
350046,2009,2009-09-12,Lord's,1,13.4,England,Australia,RS Bopara,AJ Strauss,SR Watson,1,0,,,,,,,,,
350046,2009,2009-09-12,Lord's,1,13.5,England,Australia,AJ Strauss,RS Bopara,SR Watson,1,0,,,,,,,,,
350046,2009,2009-09-12,Lord's,1,13.6,England,Australia,RS Bopara,AJ Strauss,SR Watson,1,0,,,,,,,,,
350046,2009,2009-09-12,Lord's,1,14.1,England,Australia,RS Bopara,AJ Strauss,NM Hauritz,0,0,,,,,,,,,
350046,2009,2009-09-12,Lord's,1,14.2,England,Australia,RS Bopara,AJ Strauss,NM Hauritz,0,0,,,,,,,,,
350046,2009,2009-09-12,Lord's,1,14.3,England,Australia,RS Bopara,AJ Strauss,NM Hauritz,4,0,,,,,,,,,
350046,2009,2009-09-12,Lord's,1,14.4,England,Australia,RS Bopara,AJ Strauss,NM Hauritz,0,0,,,,,,,,,
350046,2009,2009-09-12,Lord's,1,14.5,England,Australia,RS Bopara,AJ Strauss,NM Hauritz,0,0,,,,,,,,,
350046,2009,2009-09-12,Lord's,1,14.6,England,Australia,RS Bopara,AJ Strauss,NM Hauritz,0,0,,,,,,,,,
350046,2009,2009-09-12,Lord's,1,15.1,England,Australia,AJ Strauss,RS Bopara,SR Watson,0,0,,,,,,,,,
350046,2009,2009-09-12,Lord's,1,15.2,England,Australia,AJ Strauss,RS Bopara,SR Watson,4,0,,,,,,,,,
350046,2009,2009-09-12,Lord's,1,15.3,England,Australia,AJ Strauss,RS Bopara,SR Watson,0,0,,,,,,,,,
350046,2009,2009-09-12,Lord's,1,15.4,England,Australia,AJ Strauss,RS Bopara,SR Watson,1,0,,,,,,,,,
350046,2009,2009-09-12,Lord's,1,15.5,England,Australia,RS Bopara,AJ Strauss,SR Watson,0,0,,,,,,,,,
350046,2009,2009-09-12,Lord's,1,15.6,England,Australia,RS Bopara,AJ Strauss,SR Watson,0,0,,,,,,,,,
350046,2009,2009-09-12,Lord's,1,16.1,England,Australia,AJ Strauss,RS Bopara,NM Hauritz,0,0,,,,,,,,,
350046,2009,2009-09-12,Lord's,1,16.2,England,Australia,AJ Strauss,RS Bopara,NM Hauritz,1,0,,,,,,,,,
350046,2009,2009-09-12,Lord's,1,16.3,England,Australia,RS Bopara,AJ Strauss,NM Hauritz,1,0,,,,,,,,,
350046,2009,2009-09-12,Lord's,1,16.4,England,Australia,AJ Strauss,RS Bopara,NM Hauritz,0,0,,,,,,,,,
350046,2009,2009-09-12,Lord's,1,16.5,England,Australia,AJ Strauss,RS Bopara,NM Hauritz,0,0,,,,,,,,,
350046,2009,2009-09-12,Lord's,1,16.6,England,Australia,AJ Strauss,RS Bopara,NM Hauritz,0,0,,,,,,,,,
350046,2009,2009-09-12,Lord's,1,17.1,England,Australia,RS Bopara,AJ Strauss,NW Bracken,1,0,,,,,,,,,
350046,2009,2009-09-12,Lord's,1,17.2,England,Australia,AJ Strauss,RS Bopara,NW Bracken,2,0,,,,,,,,,
350046,2009,2009-09-12,Lord's,1,17.3,England,Australia,AJ Strauss,RS Bopara,NW Bracken,0,0,,,,,,,,,
350046,2009,2009-09-12,Lord's,1,17.4,England,Australia,AJ Strauss,RS Bopara,NW Bracken,1,0,,,,,,,,,
350046,2009,2009-09-12,Lord's,1,17.5,England,Australia,RS Bopara,AJ Strauss,NW Bracken,0,0,,,,,,,,,
350046,2009,2009-09-12,Lord's,1,17.6,England,Australia,RS Bopara,AJ Strauss,NW Bracken,0,0,,,,,,,,,
350046,2009,2009-09-12,Lord's,1,18.1,England,Australia,AJ Strauss,RS Bopara,NM Hauritz,0,0,,,,,,,,,
350046,2009,2009-09-12,Lord's,1,18.2,England,Australia,AJ Strauss,RS Bopara,NM Hauritz,1,0,,,,,,,,,
350046,2009,2009-09-12,Lord's,1,18.3,England,Australia,RS Bopara,AJ Strauss,NM Hauritz,0,0,,,,,,lbw,RS Bopara,,
350046,2009,2009-09-12,Lord's,1,18.4,England,Australia,MJ Prior,AJ Strauss,NM Hauritz,0,0,,,,,,,,,
350046,2009,2009-09-12,Lord's,1,18.5,England,Australia,MJ Prior,AJ Strauss,NM Hauritz,0,0,,,,,,,,,
350046,2009,2009-09-12,Lord's,1,18.6,England,Australia,MJ Prior,AJ Strauss,NM Hauritz,0,0,,,,,,,,,
350046,2009,2009-09-12,Lord's,1,19.1,England,Australia,AJ Strauss,MJ Prior,NW Bracken,1,0,,,,,,,,,
350046,2009,2009-09-12,Lord's,1,19.2,England,Australia,MJ Prior,AJ Strauss,NW Bracken,1,0,,,,,,,,,
350046,2009,2009-09-12,Lord's,1,19.3,England,Australia,AJ Strauss,MJ Prior,NW Bracken,1,0,,,,,,,,,
350046,2009,2009-09-12,Lord's,1,19.4,England,Australia,MJ Prior,AJ Strauss,NW Bracken,0,0,,,,,,,,,
350046,2009,2009-09-12,Lord's,1,19.5,England,Australia,MJ Prior,AJ Strauss,NW Bracken,0,0,,,,,,,,,
350046,2009,2009-09-12,Lord's,1,19.6,England,Australia,MJ Prior,AJ Strauss,NW Bracken,1,0,,,,,,,,,
350046,2009,2009-09-12,Lord's,1,20.1,England,Australia,MJ Prior,AJ Strauss,NM Hauritz,0,0,,,,,,,,,
350046,2009,2009-09-12,Lord's,1,20.2,England,Australia,MJ Prior,AJ Strauss,NM Hauritz,0,0,,,,,,,,,
350046,2009,2009-09-12,Lord's,1,20.3,England,Australia,MJ Prior,AJ Strauss,NM Hauritz,0,0,,,,,,,,,
350046,2009,2009-09-12,Lord's,1,20.4,England,Australia,MJ Prior,AJ Strauss,NM Hauritz,0,0,,,,,,,,,
350046,2009,2009-09-12,Lord's,1,20.5,England,Australia,MJ Prior,AJ Strauss,NM Hauritz,1,0,,,,,,,,,
350046,2009,2009-09-12,Lord's,1,20.6,England,Australia,AJ Strauss,MJ Prior,NM Hauritz,1,0,,,,,,,,,
350046,2009,2009-09-12,Lord's,1,21.1,England,Australia,AJ Strauss,MJ Prior,NW Bracken,0,0,,,,,,,,,
350046,2009,2009-09-12,Lord's,1,21.2,England,Australia,AJ Strauss,MJ Prior,NW Bracken,0,0,,,,,,,,,
350046,2009,2009-09-12,Lord's,1,21.3,England,Australia,AJ Strauss,MJ Prior,NW Bracken,0,0,,,,,,,,,
350046,2009,2009-09-12,Lord's,1,21.4,England,Australia,AJ Strauss,MJ Prior,NW Bracken,1,0,,,,,,,,,
350046,2009,2009-09-12,Lord's,1,21.5,England,Australia,MJ Prior,AJ Strauss,NW Bracken,0,0,,,,,,,,,
350046,2009,2009-09-12,Lord's,1,21.6,England,Australia,MJ Prior,AJ Strauss,NW Bracken,1,0,,,,,,,,,
350046,2009,2009-09-12,Lord's,1,22.1,England,Australia,MJ Prior,AJ Strauss,NM Hauritz,0,0,,,,,,,,,
350046,2009,2009-09-12,Lord's,1,22.2,England,Australia,MJ Prior,AJ Strauss,NM Hauritz,1,0,,,,,,,,,
350046,2009,2009-09-12,Lord's,1,22.3,England,Australia,AJ Strauss,MJ Prior,NM Hauritz,0,0,,,,,,,,,
350046,2009,2009-09-12,Lord's,1,22.4,England,Australia,AJ Strauss,MJ Prior,NM Hauritz,0,0,,,,,,,,,
350046,2009,2009-09-12,Lord's,1,22.5,England,Australia,AJ Strauss,MJ Prior,NM Hauritz,1,0,,,,,,,,,
350046,2009,2009-09-12,Lord's,1,22.6,England,Australia,MJ Prior,AJ Strauss,NM Hauritz,0,0,,,,,,,,,
350046,2009,2009-09-12,Lord's,1,23.1,England,Australia,AJ Strauss,MJ Prior,MJ Clarke,0,0,,,,,,,,,
350046,2009,2009-09-12,Lord's,1,23.2,England,Australia,AJ Strauss,MJ Prior,MJ Clarke,0,0,,,,,,,,,
350046,2009,2009-09-12,Lord's,1,23.3,England,Australia,AJ Strauss,MJ Prior,MJ Clarke,1,0,,,,,,,,,
350046,2009,2009-09-12,Lord's,1,23.4,England,Australia,MJ Prior,AJ Strauss,MJ Clarke,1,0,,,,,,,,,
350046,2009,2009-09-12,Lord's,1,23.5,England,Australia,AJ Strauss,MJ Prior,MJ Clarke,1,0,,,,,,,,,
350046,2009,2009-09-12,Lord's,1,23.6,England,Australia,MJ Prior,AJ Strauss,MJ Clarke,1,0,,,,,,,,,
350046,2009,2009-09-12,Lord's,1,24.1,England,Australia,MJ Prior,AJ Strauss,NM Hauritz,0,0,,,,,,,,,
350046,2009,2009-09-12,Lord's,1,24.2,England,Australia,MJ Prior,AJ Strauss,NM Hauritz,0,0,,,,,,,,,
350046,2009,2009-09-12,Lord's,1,24.3,England,Australia,MJ Prior,AJ Strauss,NM Hauritz,1,0,,,,,,,,,
350046,2009,2009-09-12,Lord's,1,24.4,England,Australia,AJ Strauss,MJ Prior,NM Hauritz,0,0,,,,,,caught,AJ Strauss,,
350046,2009,2009-09-12,Lord's,1,24.5,England,Australia,MJ Prior,OA Shah,NM Hauritz,1,0,,,,,,,,,
350046,2009,2009-09-12,Lord's,1,24.6,England,Australia,OA Shah,MJ Prior,NM Hauritz,0,0,,,,,,,,,
350046,2009,2009-09-12,Lord's,1,25.1,England,Australia,MJ Prior,OA Shah,MJ Clarke,2,0,,,,,,,,,
350046,2009,2009-09-12,Lord's,1,25.2,England,Australia,MJ Prior,OA Shah,MJ Clarke,1,0,,,,,,,,,
350046,2009,2009-09-12,Lord's,1,25.3,England,Australia,OA Shah,MJ Prior,MJ Clarke,0,0,,,,,,,,,
350046,2009,2009-09-12,Lord's,1,25.4,England,Australia,OA Shah,MJ Prior,MJ Clarke,2,0,,,,,,,,,
350046,2009,2009-09-12,Lord's,1,25.5,England,Australia,OA Shah,MJ Prior,MJ Clarke,0,0,,,,,,,,,
350046,2009,2009-09-12,Lord's,1,25.6,England,Australia,OA Shah,MJ Prior,MJ Clarke,1,0,,,,,,,,,
350046,2009,2009-09-12,Lord's,1,26.1,England,Australia,OA Shah,MJ Prior,NM Hauritz,0,0,,,,,,,,,
350046,2009,2009-09-12,Lord's,1,26.2,England,Australia,OA Shah,MJ Prior,NM Hauritz,0,0,,,,,,,,,
350046,2009,2009-09-12,Lord's,1,26.3,England,Australia,OA Shah,MJ Prior,NM Hauritz,1,0,,,,,,,,,
350046,2009,2009-09-12,Lord's,1,26.4,England,Australia,MJ Prior,OA Shah,NM Hauritz,0,0,,,,,,,,,
350046,2009,2009-09-12,Lord's,1,26.5,England,Australia,MJ Prior,OA Shah,NM Hauritz,1,0,,,,,,,,,
350046,2009,2009-09-12,Lord's,1,26.6,England,Australia,OA Shah,MJ Prior,NM Hauritz,1,0,,,,,,,,,
350046,2009,2009-09-12,Lord's,1,27.1,England,Australia,OA Shah,MJ Prior,MJ Clarke,1,0,,,,,,,,,
350046,2009,2009-09-12,Lord's,1,27.2,England,Australia,MJ Prior,OA Shah,MJ Clarke,1,0,,,,,,,,,
350046,2009,2009-09-12,Lord's,1,27.3,England,Australia,OA Shah,MJ Prior,MJ Clarke,1,0,,,,,,,,,
350046,2009,2009-09-12,Lord's,1,27.4,England,Australia,MJ Prior,OA Shah,MJ Clarke,0,0,,,,,,,,,
350046,2009,2009-09-12,Lord's,1,27.5,England,Australia,MJ Prior,OA Shah,MJ Clarke,4,0,,,,,,,,,
350046,2009,2009-09-12,Lord's,1,27.6,England,Australia,MJ Prior,OA Shah,MJ Clarke,1,0,,,,,,,,,
350046,2009,2009-09-12,Lord's,1,28.1,England,Australia,MJ Prior,OA Shah,NM Hauritz,1,0,,,,,,,,,
350046,2009,2009-09-12,Lord's,1,28.2,England,Australia,OA Shah,MJ Prior,NM Hauritz,0,1,,1,,,,,,,
350046,2009,2009-09-12,Lord's,1,28.3,England,Australia,OA Shah,MJ Prior,NM Hauritz,1,0,,,,,,,,,
350046,2009,2009-09-12,Lord's,1,28.4,England,Australia,MJ Prior,OA Shah,NM Hauritz,0,0,,,,,,,,,
350046,2009,2009-09-12,Lord's,1,28.5,England,Australia,MJ Prior,OA Shah,NM Hauritz,0,0,,,,,,,,,
350046,2009,2009-09-12,Lord's,1,28.6,England,Australia,MJ Prior,OA Shah,NM Hauritz,1,0,,,,,,,,,
350046,2009,2009-09-12,Lord's,1,28.7,England,Australia,OA Shah,MJ Prior,NM Hauritz,0,0,,,,,,,,,
350046,2009,2009-09-12,Lord's,1,29.1,England,Australia,MJ Prior,OA Shah,NW Bracken,1,0,,,,,,,,,
350046,2009,2009-09-12,Lord's,1,29.2,England,Australia,OA Shah,MJ Prior,NW Bracken,1,0,,,,,,,,,
350046,2009,2009-09-12,Lord's,1,29.3,England,Australia,MJ Prior,OA Shah,NW Bracken,0,0,,,,,,,,,
350046,2009,2009-09-12,Lord's,1,29.4,England,Australia,MJ Prior,OA Shah,NW Bracken,0,1,,,,1,,,,,
350046,2009,2009-09-12,Lord's,1,29.5,England,Australia,OA Shah,MJ Prior,NW Bracken,1,0,,,,,,,,,
350046,2009,2009-09-12,Lord's,1,29.6,England,Australia,MJ Prior,OA Shah,NW Bracken,1,0,,,,,,,,,
350046,2009,2009-09-12,Lord's,1,30.1,England,Australia,MJ Prior,OA Shah,NM Hauritz,1,0,,,,,,,,,
350046,2009,2009-09-12,Lord's,1,30.2,England,Australia,OA Shah,MJ Prior,NM Hauritz,0,0,,,,,,,,,
350046,2009,2009-09-12,Lord's,1,30.3,England,Australia,OA Shah,MJ Prior,NM Hauritz,0,0,,,,,,,,,
350046,2009,2009-09-12,Lord's,1,30.4,England,Australia,OA Shah,MJ Prior,NM Hauritz,0,0,,,,,,,,,
350046,2009,2009-09-12,Lord's,1,30.5,England,Australia,OA Shah,MJ Prior,NM Hauritz,0,0,,,,,,,,,
350046,2009,2009-09-12,Lord's,1,30.6,England,Australia,OA Shah,MJ Prior,NM Hauritz,1,0,,,,,,,,,
350046,2009,2009-09-12,Lord's,1,31.1,England,Australia,OA Shah,MJ Prior,NW Bracken,0,1,,,1,,,,,,
350046,2009,2009-09-12,Lord's,1,31.2,England,Australia,MJ Prior,OA Shah,NW Bracken,0,0,,,,,,,,,
350046,2009,2009-09-12,Lord's,1,31.3,England,Australia,MJ Prior,OA Shah,NW Bracken,4,0,,,,,,,,,
350046,2009,2009-09-12,Lord's,1,31.4,England,Australia,MJ Prior,OA Shah,NW Bracken,0,0,,,,,,,,,
350046,2009,2009-09-12,Lord's,1,31.5,England,Australia,MJ Prior,OA Shah,NW Bracken,1,0,,,,,,,,,
350046,2009,2009-09-12,Lord's,1,31.6,England,Australia,OA Shah,MJ Prior,NW Bracken,0,0,,,,,,,,,
350046,2009,2009-09-12,Lord's,1,32.1,England,Australia,MJ Prior,OA Shah,B Lee,0,0,,,,,,bowled,MJ Prior,,
350046,2009,2009-09-12,Lord's,1,32.2,England,Australia,EJG Morgan,OA Shah,B Lee,0,0,,,,,,,,,
350046,2009,2009-09-12,Lord's,1,32.3,England,Australia,EJG Morgan,OA Shah,B Lee,0,0,,,,,,,,,
350046,2009,2009-09-12,Lord's,1,32.4,England,Australia,EJG Morgan,OA Shah,B Lee,0,0,,,,,,,,,
350046,2009,2009-09-12,Lord's,1,32.5,England,Australia,EJG Morgan,OA Shah,B Lee,0,0,,,,,,,,,
350046,2009,2009-09-12,Lord's,1,32.6,England,Australia,EJG Morgan,OA Shah,B Lee,0,0,,,,,,,,,
350046,2009,2009-09-12,Lord's,1,33.1,England,Australia,OA Shah,EJG Morgan,MG Johnson,0,0,,,,,,,,,
350046,2009,2009-09-12,Lord's,1,33.2,England,Australia,OA Shah,EJG Morgan,MG Johnson,1,0,,,,,,,,,
350046,2009,2009-09-12,Lord's,1,33.3,England,Australia,EJG Morgan,OA Shah,MG Johnson,0,0,,,,,,,,,
350046,2009,2009-09-12,Lord's,1,33.4,England,Australia,EJG Morgan,OA Shah,MG Johnson,0,0,,,,,,,,,
350046,2009,2009-09-12,Lord's,1,33.5,England,Australia,EJG Morgan,OA Shah,MG Johnson,1,0,,,,,,,,,
350046,2009,2009-09-12,Lord's,1,33.6,England,Australia,OA Shah,EJG Morgan,MG Johnson,1,0,,,,,,,,,
350046,2009,2009-09-12,Lord's,1,34.1,England,Australia,OA Shah,EJG Morgan,NM Hauritz,0,0,,,,,,,,,
350046,2009,2009-09-12,Lord's,1,34.2,England,Australia,OA Shah,EJG Morgan,NM Hauritz,0,0,,,,,,,,,
350046,2009,2009-09-12,Lord's,1,34.3,England,Australia,OA Shah,EJG Morgan,NM Hauritz,0,0,,,,,,,,,
350046,2009,2009-09-12,Lord's,1,34.4,England,Australia,OA Shah,EJG Morgan,NM Hauritz,0,0,,,,,,,,,
350046,2009,2009-09-12,Lord's,1,34.5,England,Australia,OA Shah,EJG Morgan,NM Hauritz,1,0,,,,,,,,,
350046,2009,2009-09-12,Lord's,1,34.6,England,Australia,EJG Morgan,OA Shah,NM Hauritz,0,0,,,,,,,,,
350046,2009,2009-09-12,Lord's,1,35.1,England,Australia,OA Shah,EJG Morgan,SR Watson,1,0,,,,,,,,,
350046,2009,2009-09-12,Lord's,1,35.2,England,Australia,EJG Morgan,OA Shah,SR Watson,0,0,,,,,,,,,
350046,2009,2009-09-12,Lord's,1,35.3,England,Australia,EJG Morgan,OA Shah,SR Watson,0,0,,,,,,,,,
350046,2009,2009-09-12,Lord's,1,35.4,England,Australia,EJG Morgan,OA Shah,SR Watson,0,0,,,,,,,,,
350046,2009,2009-09-12,Lord's,1,35.5,England,Australia,EJG Morgan,OA Shah,SR Watson,1,0,,,,,,,,,
350046,2009,2009-09-12,Lord's,1,35.6,England,Australia,OA Shah,EJG Morgan,SR Watson,0,0,,,,,,,,,
350046,2009,2009-09-12,Lord's,1,36.1,England,Australia,EJG Morgan,OA Shah,MG Johnson,1,0,,,,,,,,,
350046,2009,2009-09-12,Lord's,1,36.2,England,Australia,OA Shah,EJG Morgan,MG Johnson,1,0,,,,,,,,,
350046,2009,2009-09-12,Lord's,1,36.3,England,Australia,EJG Morgan,OA Shah,MG Johnson,4,0,,,,,,,,,
350046,2009,2009-09-12,Lord's,1,36.4,England,Australia,EJG Morgan,OA Shah,MG Johnson,0,0,,,,,,,,,
350046,2009,2009-09-12,Lord's,1,36.5,England,Australia,EJG Morgan,OA Shah,MG Johnson,1,0,,,,,,,,,
350046,2009,2009-09-12,Lord's,1,36.6,England,Australia,OA Shah,EJG Morgan,MG Johnson,0,0,,,,,,,,,
350046,2009,2009-09-12,Lord's,1,37.1,England,Australia,EJG Morgan,OA Shah,SR Watson,0,0,,,,,,,,,
350046,2009,2009-09-12,Lord's,1,37.2,England,Australia,EJG Morgan,OA Shah,SR Watson,0,0,,,,,,,,,
350046,2009,2009-09-12,Lord's,1,37.3,England,Australia,EJG Morgan,OA Shah,SR Watson,1,0,,,,,,,,,
350046,2009,2009-09-12,Lord's,1,37.4,England,Australia,OA Shah,EJG Morgan,SR Watson,4,0,,,,,,,,,
350046,2009,2009-09-12,Lord's,1,37.5,England,Australia,OA Shah,EJG Morgan,SR Watson,1,0,,,,,,,,,
350046,2009,2009-09-12,Lord's,1,37.6,England,Australia,EJG Morgan,OA Shah,SR Watson,0,0,,,,,,,,,
350046,2009,2009-09-12,Lord's,1,38.1,England,Australia,OA Shah,EJG Morgan,MG Johnson,1,0,,,,,,,,,
350046,2009,2009-09-12,Lord's,1,38.2,England,Australia,EJG Morgan,OA Shah,MG Johnson,1,0,,,,,,,,,
350046,2009,2009-09-12,Lord's,1,38.3,England,Australia,OA Shah,EJG Morgan,MG Johnson,1,0,,,,,,,,,
350046,2009,2009-09-12,Lord's,1,38.4,England,Australia,EJG Morgan,OA Shah,MG Johnson,2,0,,,,,,,,,
350046,2009,2009-09-12,Lord's,1,38.5,England,Australia,EJG Morgan,OA Shah,MG Johnson,1,0,,,,,,,,,
350046,2009,2009-09-12,Lord's,1,38.6,England,Australia,OA Shah,EJG Morgan,MG Johnson,1,0,,,,,,,,,
350046,2009,2009-09-12,Lord's,1,39.1,England,Australia,OA Shah,EJG Morgan,NW Bracken,1,0,,,,,,,,,
350046,2009,2009-09-12,Lord's,1,39.2,England,Australia,EJG Morgan,OA Shah,NW Bracken,0,0,,,,,,,,,
350046,2009,2009-09-12,Lord's,1,39.3,England,Australia,EJG Morgan,OA Shah,NW Bracken,0,0,,,,,,,,,
350046,2009,2009-09-12,Lord's,1,39.4,England,Australia,EJG Morgan,OA Shah,NW Bracken,0,1,1,,,,,stumped,EJG Morgan,,
350046,2009,2009-09-12,Lord's,1,39.5,England,Australia,LJ Wright,OA Shah,NW Bracken,1,0,,,,,,,,,
350046,2009,2009-09-12,Lord's,1,39.6,England,Australia,OA Shah,LJ Wright,NW Bracken,1,0,,,,,,,,,
350046,2009,2009-09-12,Lord's,1,39.7,England,Australia,LJ Wright,OA Shah,NW Bracken,0,0,,,,,,,,,
350046,2009,2009-09-12,Lord's,1,40.1,England,Australia,OA Shah,LJ Wright,MG Johnson,1,0,,,,,,,,,
350046,2009,2009-09-12,Lord's,1,40.2,England,Australia,LJ Wright,OA Shah,MG Johnson,0,0,,,,,,,,,
350046,2009,2009-09-12,Lord's,1,40.3,England,Australia,LJ Wright,OA Shah,MG Johnson,0,0,,,,,,,,,
350046,2009,2009-09-12,Lord's,1,40.4,England,Australia,LJ Wright,OA Shah,MG Johnson,0,0,,,,,,,,,
350046,2009,2009-09-12,Lord's,1,40.5,England,Australia,LJ Wright,OA Shah,MG Johnson,1,0,,,,,,,,,
350046,2009,2009-09-12,Lord's,1,40.6,England,Australia,OA Shah,LJ Wright,MG Johnson,1,0,,,,,,,,,
350046,2009,2009-09-12,Lord's,1,41.1,England,Australia,OA Shah,LJ Wright,B Lee,1,0,,,,,,,,,
350046,2009,2009-09-12,Lord's,1,41.2,England,Australia,LJ Wright,OA Shah,B Lee,4,0,,,,,,,,,
350046,2009,2009-09-12,Lord's,1,41.3,England,Australia,LJ Wright,OA Shah,B Lee,1,0,,,,,,,,,
350046,2009,2009-09-12,Lord's,1,41.4,England,Australia,OA Shah,LJ Wright,B Lee,0,0,,,,,,,,,
350046,2009,2009-09-12,Lord's,1,41.5,England,Australia,OA Shah,LJ Wright,B Lee,4,0,,,,,,,,,
350046,2009,2009-09-12,Lord's,1,41.6,England,Australia,OA Shah,LJ Wright,B Lee,1,0,,,,,,,,,
350046,2009,2009-09-12,Lord's,1,42.1,England,Australia,OA Shah,LJ Wright,SR Watson,0,0,,,,,,,,,
350046,2009,2009-09-12,Lord's,1,42.2,England,Australia,OA Shah,LJ Wright,SR Watson,4,0,,,,,,,,,
350046,2009,2009-09-12,Lord's,1,42.3,England,Australia,OA Shah,LJ Wright,SR Watson,1,0,,,,,,,,,
350046,2009,2009-09-12,Lord's,1,42.4,England,Australia,LJ Wright,OA Shah,SR Watson,4,0,,,,,,,,,
350046,2009,2009-09-12,Lord's,1,42.5,England,Australia,LJ Wright,OA Shah,SR Watson,1,0,,,,,,,,,
350046,2009,2009-09-12,Lord's,1,42.6,England,Australia,OA Shah,LJ Wright,SR Watson,0,0,,,,,,,,,
350046,2009,2009-09-12,Lord's,1,43.1,England,Australia,LJ Wright,OA Shah,B Lee,0,0,,,,,,bowled,LJ Wright,,
350046,2009,2009-09-12,Lord's,1,43.2,England,Australia,SCJ Broad,OA Shah,B Lee,2,0,,,,,,,,,
350046,2009,2009-09-12,Lord's,1,43.3,England,Australia,SCJ Broad,OA Shah,B Lee,0,0,,,,,,bowled,SCJ Broad,,
350046,2009,2009-09-12,Lord's,1,43.4,England,Australia,AU Rashid,OA Shah,B Lee,0,0,,,,,,,,,
350046,2009,2009-09-12,Lord's,1,43.5,England,Australia,AU Rashid,OA Shah,B Lee,0,0,,,,,,,,,
350046,2009,2009-09-12,Lord's,1,43.6,England,Australia,AU Rashid,OA Shah,B Lee,4,0,,,,,,,,,
350046,2009,2009-09-12,Lord's,1,44.1,England,Australia,OA Shah,AU Rashid,SR Watson,0,0,,,,,,caught,OA Shah,,
350046,2009,2009-09-12,Lord's,1,44.2,England,Australia,TT Bresnan,AU Rashid,SR Watson,0,0,,,,,,,,,
350046,2009,2009-09-12,Lord's,1,44.3,England,Australia,TT Bresnan,AU Rashid,SR Watson,0,0,,,,,,,,,
350046,2009,2009-09-12,Lord's,1,44.4,England,Australia,TT Bresnan,AU Rashid,SR Watson,2,0,,,,,,,,,
350046,2009,2009-09-12,Lord's,1,44.5,England,Australia,TT Bresnan,AU Rashid,SR Watson,2,0,,,,,,,,,
350046,2009,2009-09-12,Lord's,1,44.6,England,Australia,TT Bresnan,AU Rashid,SR Watson,1,0,,,,,,,,,
350046,2009,2009-09-12,Lord's,1,45.1,England,Australia,TT Bresnan,AU Rashid,B Lee,1,0,,,,,,,,,
350046,2009,2009-09-12,Lord's,1,45.2,England,Australia,AU Rashid,TT Bresnan,B Lee,0,0,,,,,,,,,
350046,2009,2009-09-12,Lord's,1,45.3,England,Australia,AU Rashid,TT Bresnan,B Lee,0,0,,,,,,bowled,AU Rashid,,
350046,2009,2009-09-12,Lord's,1,45.4,England,Australia,RJ Sidebottom,TT Bresnan,B Lee,0,0,,,,,,,,,
350046,2009,2009-09-12,Lord's,1,45.5,England,Australia,RJ Sidebottom,TT Bresnan,B Lee,1,0,,,,,,,,,
350046,2009,2009-09-12,Lord's,1,45.6,England,Australia,TT Bresnan,RJ Sidebottom,B Lee,0,1,,1,,,,,,,
350046,2009,2009-09-12,Lord's,1,45.7,England,Australia,TT Bresnan,RJ Sidebottom,B Lee,4,0,,,,,,,,,
350046,2009,2009-09-12,Lord's,1,46.1,England,Australia,RJ Sidebottom,TT Bresnan,MG Johnson,1,0,,,,,,,,,
350046,2009,2009-09-12,Lord's,1,46.2,England,Australia,TT Bresnan,RJ Sidebottom,MG Johnson,1,0,,,,,,,,,
350046,2009,2009-09-12,Lord's,1,46.3,England,Australia,RJ Sidebottom,TT Bresnan,MG Johnson,0,0,,,,,,bowled,RJ Sidebottom,,
350046,2009,2009-09-12,Lord's,2,0.1,Australia,England,SR Watson,TD Paine,SCJ Broad,1,0,,,,,,,,,
350046,2009,2009-09-12,Lord's,2,0.2,Australia,England,TD Paine,SR Watson,SCJ Broad,1,0,,,,,,,,,
350046,2009,2009-09-12,Lord's,2,0.3,Australia,England,SR Watson,TD Paine,SCJ Broad,4,0,,,,,,,,,
350046,2009,2009-09-12,Lord's,2,0.4,Australia,England,SR Watson,TD Paine,SCJ Broad,0,0,,,,,,,,,
350046,2009,2009-09-12,Lord's,2,0.5,Australia,England,SR Watson,TD Paine,SCJ Broad,0,0,,,,,,,,,
350046,2009,2009-09-12,Lord's,2,0.6,Australia,England,SR Watson,TD Paine,SCJ Broad,1,0,,,,,,,,,
350046,2009,2009-09-12,Lord's,2,1.1,Australia,England,SR Watson,TD Paine,RJ Sidebottom,1,0,,,,,,,,,
350046,2009,2009-09-12,Lord's,2,1.2,Australia,England,TD Paine,SR Watson,RJ Sidebottom,0,0,,,,,,,,,
350046,2009,2009-09-12,Lord's,2,1.3,Australia,England,TD Paine,SR Watson,RJ Sidebottom,0,0,,,,,,,,,
350046,2009,2009-09-12,Lord's,2,1.4,Australia,England,TD Paine,SR Watson,RJ Sidebottom,0,0,,,,,,,,,
350046,2009,2009-09-12,Lord's,2,1.5,Australia,England,TD Paine,SR Watson,RJ Sidebottom,0,0,,,,,,,,,
350046,2009,2009-09-12,Lord's,2,1.6,Australia,England,TD Paine,SR Watson,RJ Sidebottom,0,0,,,,,,,,,
350046,2009,2009-09-12,Lord's,2,2.1,Australia,England,SR Watson,TD Paine,SCJ Broad,0,0,,,,,,,,,
350046,2009,2009-09-12,Lord's,2,2.2,Australia,England,SR Watson,TD Paine,SCJ Broad,0,0,,,,,,,,,
350046,2009,2009-09-12,Lord's,2,2.3,Australia,England,SR Watson,TD Paine,SCJ Broad,0,0,,,,,,,,,
350046,2009,2009-09-12,Lord's,2,2.4,Australia,England,SR Watson,TD Paine,SCJ Broad,0,0,,,,,,,,,
350046,2009,2009-09-12,Lord's,2,2.5,Australia,England,SR Watson,TD Paine,SCJ Broad,4,0,,,,,,,,,
350046,2009,2009-09-12,Lord's,2,2.6,Australia,England,SR Watson,TD Paine,SCJ Broad,0,0,,,,,,,,,
350046,2009,2009-09-12,Lord's,2,3.1,Australia,England,TD Paine,SR Watson,RJ Sidebottom,0,0,,,,,,,,,
350046,2009,2009-09-12,Lord's,2,3.2,Australia,England,TD Paine,SR Watson,RJ Sidebottom,0,0,,,,,,,,,
350046,2009,2009-09-12,Lord's,2,3.3,Australia,England,TD Paine,SR Watson,RJ Sidebottom,1,0,,,,,,,,,
350046,2009,2009-09-12,Lord's,2,3.4,Australia,England,SR Watson,TD Paine,RJ Sidebottom,0,0,,,,,,,,,
350046,2009,2009-09-12,Lord's,2,3.5,Australia,England,SR Watson,TD Paine,RJ Sidebottom,0,0,,,,,,,,,
350046,2009,2009-09-12,Lord's,2,3.6,Australia,England,SR Watson,TD Paine,RJ Sidebottom,1,0,,,,,,,,,
350046,2009,2009-09-12,Lord's,2,4.1,Australia,England,SR Watson,TD Paine,SCJ Broad,0,0,,,,,,,,,
350046,2009,2009-09-12,Lord's,2,4.2,Australia,England,SR Watson,TD Paine,SCJ Broad,1,0,,,,,,,,,
350046,2009,2009-09-12,Lord's,2,4.3,Australia,England,TD Paine,SR Watson,SCJ Broad,0,0,,,,,,,,,
350046,2009,2009-09-12,Lord's,2,4.4,Australia,England,TD Paine,SR Watson,SCJ Broad,0,1,,,,1,,,,,
350046,2009,2009-09-12,Lord's,2,4.5,Australia,England,SR Watson,TD Paine,SCJ Broad,0,0,,,,,,,,,
350046,2009,2009-09-12,Lord's,2,4.6,Australia,England,SR Watson,TD Paine,SCJ Broad,4,0,,,,,,,,,
350046,2009,2009-09-12,Lord's,2,5.1,Australia,England,TD Paine,SR Watson,RJ Sidebottom,1,0,,,,,,,,,
350046,2009,2009-09-12,Lord's,2,5.2,Australia,England,SR Watson,TD Paine,RJ Sidebottom,0,0,,,,,,,,,
350046,2009,2009-09-12,Lord's,2,5.3,Australia,England,SR Watson,TD Paine,RJ Sidebottom,2,0,,,,,,,,,
350046,2009,2009-09-12,Lord's,2,5.4,Australia,England,SR Watson,TD Paine,RJ Sidebottom,0,0,,,,,,,,,
350046,2009,2009-09-12,Lord's,2,5.5,Australia,England,SR Watson,TD Paine,RJ Sidebottom,0,0,,,,,,,,,
350046,2009,2009-09-12,Lord's,2,5.6,Australia,England,SR Watson,TD Paine,RJ Sidebottom,0,0,,,,,,,,,
350046,2009,2009-09-12,Lord's,2,6.1,Australia,England,TD Paine,SR Watson,SCJ Broad,1,0,,,,,,,,,
350046,2009,2009-09-12,Lord's,2,6.2,Australia,England,SR Watson,TD Paine,SCJ Broad,4,0,,,,,,,,,
350046,2009,2009-09-12,Lord's,2,6.3,Australia,England,SR Watson,TD Paine,SCJ Broad,0,1,1,,,,,,,,
350046,2009,2009-09-12,Lord's,2,6.4,Australia,England,SR Watson,TD Paine,SCJ Broad,0,1,,,1,,,,,,
350046,2009,2009-09-12,Lord's,2,6.5,Australia,England,TD Paine,SR Watson,SCJ Broad,1,0,,,,,,,,,
350046,2009,2009-09-12,Lord's,2,6.6,Australia,England,SR Watson,TD Paine,SCJ Broad,1,0,,,,,,,,,
350046,2009,2009-09-12,Lord's,2,6.7,Australia,England,TD Paine,SR Watson,SCJ Broad,0,0,,,,,,,,,
350046,2009,2009-09-12,Lord's,2,7.1,Australia,England,SR Watson,TD Paine,RJ Sidebottom,0,0,,,,,,,,,
350046,2009,2009-09-12,Lord's,2,7.2,Australia,England,SR Watson,TD Paine,RJ Sidebottom,0,0,,,,,,,,,
350046,2009,2009-09-12,Lord's,2,7.3,Australia,England,SR Watson,TD Paine,RJ Sidebottom,1,0,,,,,,,,,
350046,2009,2009-09-12,Lord's,2,7.4,Australia,England,TD Paine,SR Watson,RJ Sidebottom,4,0,,,,,,,,,
350046,2009,2009-09-12,Lord's,2,7.5,Australia,England,TD Paine,SR Watson,RJ Sidebottom,4,0,,,,,,,,,
350046,2009,2009-09-12,Lord's,2,7.6,Australia,England,TD Paine,SR Watson,RJ Sidebottom,0,0,,,,,,,,,
350046,2009,2009-09-12,Lord's,2,8.1,Australia,England,SR Watson,TD Paine,SCJ Broad,1,0,,,,,,,,,
350046,2009,2009-09-12,Lord's,2,8.2,Australia,England,TD Paine,SR Watson,SCJ Broad,4,0,,,,,,,,,
350046,2009,2009-09-12,Lord's,2,8.3,Australia,England,TD Paine,SR Watson,SCJ Broad,0,0,,,,,,,,,
350046,2009,2009-09-12,Lord's,2,8.4,Australia,England,TD Paine,SR Watson,SCJ Broad,0,0,,,,,,,,,
350046,2009,2009-09-12,Lord's,2,8.5,Australia,England,TD Paine,SR Watson,SCJ Broad,0,0,,,,,,,,,
350046,2009,2009-09-12,Lord's,2,8.6,Australia,England,TD Paine,SR Watson,SCJ Broad,1,0,,,,,,,,,
350046,2009,2009-09-12,Lord's,2,9.1,Australia,England,TD Paine,SR Watson,TT Bresnan,0,1,,1,,,,,,,
350046,2009,2009-09-12,Lord's,2,9.2,Australia,England,TD Paine,SR Watson,TT Bresnan,2,0,,,,,,,,,
350046,2009,2009-09-12,Lord's,2,9.3,Australia,England,TD Paine,SR Watson,TT Bresnan,0,0,,,,,,,,,
350046,2009,2009-09-12,Lord's,2,9.4,Australia,England,TD Paine,SR Watson,TT Bresnan,1,0,,,,,,,,,
350046,2009,2009-09-12,Lord's,2,9.5,Australia,England,SR Watson,TD Paine,TT Bresnan,0,0,,,,,,lbw,SR Watson,,
350046,2009,2009-09-12,Lord's,2,9.6,Australia,England,RT Ponting,TD Paine,TT Bresnan,0,0,,,,,,,,,
350046,2009,2009-09-12,Lord's,2,9.7,Australia,England,RT Ponting,TD Paine,TT Bresnan,0,0,,,,,,,,,
350046,2009,2009-09-12,Lord's,2,10.1,Australia,England,TD Paine,RT Ponting,AU Rashid,0,0,,,,,,,,,
350046,2009,2009-09-12,Lord's,2,10.2,Australia,England,TD Paine,RT Ponting,AU Rashid,1,0,,,,,,,,,
350046,2009,2009-09-12,Lord's,2,10.3,Australia,England,RT Ponting,TD Paine,AU Rashid,1,0,,,,,,,,,
350046,2009,2009-09-12,Lord's,2,10.4,Australia,England,TD Paine,RT Ponting,AU Rashid,4,0,,,,,,,,,
350046,2009,2009-09-12,Lord's,2,10.5,Australia,England,TD Paine,RT Ponting,AU Rashid,0,1,1,,,,,,,,
350046,2009,2009-09-12,Lord's,2,10.6,Australia,England,TD Paine,RT Ponting,AU Rashid,2,0,,,,,,,,,
350046,2009,2009-09-12,Lord's,2,10.7,Australia,England,TD Paine,RT Ponting,AU Rashid,1,0,,,,,,,,,
350046,2009,2009-09-12,Lord's,2,11.1,Australia,England,TD Paine,RT Ponting,TT Bresnan,0,0,,,,,,,,,
350046,2009,2009-09-12,Lord's,2,11.2,Australia,England,TD Paine,RT Ponting,TT Bresnan,2,0,,,,,,,,,
350046,2009,2009-09-12,Lord's,2,11.3,Australia,England,TD Paine,RT Ponting,TT Bresnan,0,0,,,,,,,,,
350046,2009,2009-09-12,Lord's,2,11.4,Australia,England,TD Paine,RT Ponting,TT Bresnan,0,0,,,,,,,,,
350046,2009,2009-09-12,Lord's,2,11.5,Australia,England,TD Paine,RT Ponting,TT Bresnan,1,0,,,,,,,,,
350046,2009,2009-09-12,Lord's,2,11.6,Australia,England,RT Ponting,TD Paine,TT Bresnan,1,0,,,,,,,,,
350046,2009,2009-09-12,Lord's,2,12.1,Australia,England,RT Ponting,TD Paine,AU Rashid,1,0,,,,,,,,,
350046,2009,2009-09-12,Lord's,2,12.2,Australia,England,TD Paine,RT Ponting,AU Rashid,0,0,,,,,,,,,
350046,2009,2009-09-12,Lord's,2,12.3,Australia,England,TD Paine,RT Ponting,AU Rashid,2,0,,,,,,,,,
350046,2009,2009-09-12,Lord's,2,12.4,Australia,England,TD Paine,RT Ponting,AU Rashid,2,0,,,,,,,,,
350046,2009,2009-09-12,Lord's,2,12.5,Australia,England,TD Paine,RT Ponting,AU Rashid,4,0,,,,,,,,,
350046,2009,2009-09-12,Lord's,2,12.6,Australia,England,TD Paine,RT Ponting,AU Rashid,0,0,,,,,,,,,
350046,2009,2009-09-12,Lord's,2,13.1,Australia,England,RT Ponting,TD Paine,TT Bresnan,0,0,,,,,,,,,
350046,2009,2009-09-12,Lord's,2,13.2,Australia,England,RT Ponting,TD Paine,TT Bresnan,2,0,,,,,,,,,
350046,2009,2009-09-12,Lord's,2,13.3,Australia,England,RT Ponting,TD Paine,TT Bresnan,2,0,,,,,,,,,
350046,2009,2009-09-12,Lord's,2,13.4,Australia,England,RT Ponting,TD Paine,TT Bresnan,3,0,,,,,,,,,
350046,2009,2009-09-12,Lord's,2,13.5,Australia,England,TD Paine,RT Ponting,TT Bresnan,1,0,,,,,,,,,
350046,2009,2009-09-12,Lord's,2,13.6,Australia,England,RT Ponting,TD Paine,TT Bresnan,4,0,,,,,,,,,
350046,2009,2009-09-12,Lord's,2,14.1,Australia,England,TD Paine,RT Ponting,AU Rashid,0,0,,,,,,,,,
350046,2009,2009-09-12,Lord's,2,14.2,Australia,England,TD Paine,RT Ponting,AU Rashid,0,0,,,,,,,,,
350046,2009,2009-09-12,Lord's,2,14.3,Australia,England,TD Paine,RT Ponting,AU Rashid,2,0,,,,,,,,,
350046,2009,2009-09-12,Lord's,2,14.4,Australia,England,TD Paine,RT Ponting,AU Rashid,0,0,,,,,,,,,
350046,2009,2009-09-12,Lord's,2,14.5,Australia,England,TD Paine,RT Ponting,AU Rashid,0,0,,,,,,,,,
350046,2009,2009-09-12,Lord's,2,14.6,Australia,England,TD Paine,RT Ponting,AU Rashid,0,0,,,,,,,,,
350046,2009,2009-09-12,Lord's,2,15.1,Australia,England,RT Ponting,TD Paine,TT Bresnan,4,0,,,,,,,,,
350046,2009,2009-09-12,Lord's,2,15.2,Australia,England,RT Ponting,TD Paine,TT Bresnan,1,0,,,,,,,,,
350046,2009,2009-09-12,Lord's,2,15.3,Australia,England,TD Paine,RT Ponting,TT Bresnan,1,0,,,,,,,,,
350046,2009,2009-09-12,Lord's,2,15.4,Australia,England,RT Ponting,TD Paine,TT Bresnan,0,0,,,,,,,,,
350046,2009,2009-09-12,Lord's,2,15.5,Australia,England,RT Ponting,TD Paine,TT Bresnan,4,0,,,,,,,,,
350046,2009,2009-09-12,Lord's,2,15.6,Australia,England,RT Ponting,TD Paine,TT Bresnan,0,0,,,,,,,,,
350046,2009,2009-09-12,Lord's,2,16.1,Australia,England,TD Paine,RT Ponting,AU Rashid,0,0,,,,,,,,,
350046,2009,2009-09-12,Lord's,2,16.2,Australia,England,TD Paine,RT Ponting,AU Rashid,0,0,,,,,,,,,
350046,2009,2009-09-12,Lord's,2,16.3,Australia,England,TD Paine,RT Ponting,AU Rashid,0,0,,,,,,,,,
350046,2009,2009-09-12,Lord's,2,16.4,Australia,England,TD Paine,RT Ponting,AU Rashid,1,0,,,,,,,,,
350046,2009,2009-09-12,Lord's,2,16.5,Australia,England,RT Ponting,TD Paine,AU Rashid,1,0,,,,,,,,,
350046,2009,2009-09-12,Lord's,2,16.6,Australia,England,TD Paine,RT Ponting,AU Rashid,0,0,,,,,,,,,
350046,2009,2009-09-12,Lord's,2,17.1,Australia,England,RT Ponting,TD Paine,OA Shah,0,0,,,,,,,,,
350046,2009,2009-09-12,Lord's,2,17.2,Australia,England,RT Ponting,TD Paine,OA Shah,1,0,,,,,,,,,
350046,2009,2009-09-12,Lord's,2,17.3,Australia,England,TD Paine,RT Ponting,OA Shah,2,0,,,,,,,,,
350046,2009,2009-09-12,Lord's,2,17.4,Australia,England,TD Paine,RT Ponting,OA Shah,1,0,,,,,,,,,
350046,2009,2009-09-12,Lord's,2,17.5,Australia,England,RT Ponting,TD Paine,OA Shah,0,0,,,,,,,,,
350046,2009,2009-09-12,Lord's,2,17.6,Australia,England,RT Ponting,TD Paine,OA Shah,0,0,,,,,,,,,
350046,2009,2009-09-12,Lord's,2,18.1,Australia,England,TD Paine,RT Ponting,AU Rashid,0,0,,,,,,,,,
350046,2009,2009-09-12,Lord's,2,18.2,Australia,England,TD Paine,RT Ponting,AU Rashid,0,0,,,,,,,,,
350046,2009,2009-09-12,Lord's,2,18.3,Australia,England,TD Paine,RT Ponting,AU Rashid,2,0,,,,,,,,,
350046,2009,2009-09-12,Lord's,2,18.4,Australia,England,TD Paine,RT Ponting,AU Rashid,1,0,,,,,,,,,
350046,2009,2009-09-12,Lord's,2,18.5,Australia,England,RT Ponting,TD Paine,AU Rashid,1,0,,,,,,,,,
350046,2009,2009-09-12,Lord's,2,18.6,Australia,England,TD Paine,RT Ponting,AU Rashid,0,0,,,,,,caught,TD Paine,,
350046,2009,2009-09-12,Lord's,2,19.1,Australia,England,RT Ponting,MJ Clarke,OA Shah,1,0,,,,,,,,,
350046,2009,2009-09-12,Lord's,2,19.2,Australia,England,MJ Clarke,RT Ponting,OA Shah,0,0,,,,,,,,,
350046,2009,2009-09-12,Lord's,2,19.3,Australia,England,MJ Clarke,RT Ponting,OA Shah,0,0,,,,,,,,,
350046,2009,2009-09-12,Lord's,2,19.4,Australia,England,MJ Clarke,RT Ponting,OA Shah,0,0,,,,,,,,,
350046,2009,2009-09-12,Lord's,2,19.5,Australia,England,MJ Clarke,RT Ponting,OA Shah,1,0,,,,,,,,,
350046,2009,2009-09-12,Lord's,2,19.6,Australia,England,RT Ponting,MJ Clarke,OA Shah,0,0,,,,,,,,,
350046,2009,2009-09-12,Lord's,2,20.1,Australia,England,MJ Clarke,RT Ponting,AU Rashid,0,0,,,,,,,,,
350046,2009,2009-09-12,Lord's,2,20.2,Australia,England,MJ Clarke,RT Ponting,AU Rashid,0,0,,,,,,,,,
350046,2009,2009-09-12,Lord's,2,20.3,Australia,England,MJ Clarke,RT Ponting,AU Rashid,1,0,,,,,,,,,
350046,2009,2009-09-12,Lord's,2,20.4,Australia,England,RT Ponting,MJ Clarke,AU Rashid,1,0,,,,,,,,,
350046,2009,2009-09-12,Lord's,2,20.5,Australia,England,MJ Clarke,RT Ponting,AU Rashid,1,0,,,,,,,,,
350046,2009,2009-09-12,Lord's,2,20.6,Australia,England,RT Ponting,MJ Clarke,AU Rashid,1,0,,,,,,,,,
350046,2009,2009-09-12,Lord's,2,21.1,Australia,England,RT Ponting,MJ Clarke,OA Shah,0,0,,,,,,,,,
350046,2009,2009-09-12,Lord's,2,21.2,Australia,England,RT Ponting,MJ Clarke,OA Shah,1,0,,,,,,,,,
350046,2009,2009-09-12,Lord's,2,21.3,Australia,England,MJ Clarke,RT Ponting,OA Shah,1,0,,,,,,,,,
350046,2009,2009-09-12,Lord's,2,21.4,Australia,England,RT Ponting,MJ Clarke,OA Shah,0,0,,,,,,,,,
350046,2009,2009-09-12,Lord's,2,21.5,Australia,England,RT Ponting,MJ Clarke,OA Shah,0,0,,,,,,,,,
350046,2009,2009-09-12,Lord's,2,21.6,Australia,England,RT Ponting,MJ Clarke,OA Shah,4,0,,,,,,,,,
350046,2009,2009-09-12,Lord's,2,22.1,Australia,England,MJ Clarke,RT Ponting,AU Rashid,0,0,,,,,,,,,
350046,2009,2009-09-12,Lord's,2,22.2,Australia,England,MJ Clarke,RT Ponting,AU Rashid,0,0,,,,,,,,,
350046,2009,2009-09-12,Lord's,2,22.3,Australia,England,MJ Clarke,RT Ponting,AU Rashid,0,0,,,,,,,,,
350046,2009,2009-09-12,Lord's,2,22.4,Australia,England,MJ Clarke,RT Ponting,AU Rashid,4,0,,,,,,,,,
350046,2009,2009-09-12,Lord's,2,22.5,Australia,England,MJ Clarke,RT Ponting,AU Rashid,1,0,,,,,,,,,
350046,2009,2009-09-12,Lord's,2,22.6,Australia,England,RT Ponting,MJ Clarke,AU Rashid,0,0,,,,,,,,,
350046,2009,2009-09-12,Lord's,2,23.1,Australia,England,MJ Clarke,RT Ponting,LJ Wright,1,0,,,,,,,,,
350046,2009,2009-09-12,Lord's,2,23.2,Australia,England,RT Ponting,MJ Clarke,LJ Wright,0,0,,,,,,,,,
350046,2009,2009-09-12,Lord's,2,23.3,Australia,England,RT Ponting,MJ Clarke,LJ Wright,1,0,,,,,,,,,
350046,2009,2009-09-12,Lord's,2,23.4,Australia,England,MJ Clarke,RT Ponting,LJ Wright,1,0,,,,,,,,,
350046,2009,2009-09-12,Lord's,2,23.5,Australia,England,RT Ponting,MJ Clarke,LJ Wright,0,0,,,,,,,,,
350046,2009,2009-09-12,Lord's,2,23.6,Australia,England,RT Ponting,MJ Clarke,LJ Wright,0,0,,,,,,,,,
350046,2009,2009-09-12,Lord's,2,24.1,Australia,England,MJ Clarke,RT Ponting,AU Rashid,4,0,,,,,,,,,
350046,2009,2009-09-12,Lord's,2,24.2,Australia,England,MJ Clarke,RT Ponting,AU Rashid,2,0,,,,,,,,,
350046,2009,2009-09-12,Lord's,2,24.3,Australia,England,MJ Clarke,RT Ponting,AU Rashid,1,0,,,,,,,,,
350046,2009,2009-09-12,Lord's,2,24.4,Australia,England,RT Ponting,MJ Clarke,AU Rashid,0,0,,,,,,,,,
350046,2009,2009-09-12,Lord's,2,24.5,Australia,England,RT Ponting,MJ Clarke,AU Rashid,1,0,,,,,,,,,
350046,2009,2009-09-12,Lord's,2,24.6,Australia,England,MJ Clarke,RT Ponting,AU Rashid,2,0,,,,,,,,,
350046,2009,2009-09-12,Lord's,2,25.1,Australia,England,RT Ponting,MJ Clarke,LJ Wright,1,0,,,,,,,,,
350046,2009,2009-09-12,Lord's,2,25.2,Australia,England,MJ Clarke,RT Ponting,LJ Wright,0,1,1,,,,,,,,
350046,2009,2009-09-12,Lord's,2,25.3,Australia,England,MJ Clarke,RT Ponting,LJ Wright,2,0,,,,,,,,,
350046,2009,2009-09-12,Lord's,2,25.4,Australia,England,MJ Clarke,RT Ponting,LJ Wright,0,0,,,,,,,,,
350046,2009,2009-09-12,Lord's,2,25.5,Australia,England,MJ Clarke,RT Ponting,LJ Wright,0,0,,,,,,,,,
350046,2009,2009-09-12,Lord's,2,25.6,Australia,England,MJ Clarke,RT Ponting,LJ Wright,0,0,,,,,,,,,
350046,2009,2009-09-12,Lord's,2,25.7,Australia,England,MJ Clarke,RT Ponting,LJ Wright,0,0,,,,,,,,,
350046,2009,2009-09-12,Lord's,2,26.1,Australia,England,RT Ponting,MJ Clarke,RJ Sidebottom,1,0,,,,,,,,,
350046,2009,2009-09-12,Lord's,2,26.2,Australia,England,MJ Clarke,RT Ponting,RJ Sidebottom,4,0,,,,,,,,,
350046,2009,2009-09-12,Lord's,2,26.3,Australia,England,MJ Clarke,RT Ponting,RJ Sidebottom,0,0,,,,,,,,,
350046,2009,2009-09-12,Lord's,2,26.4,Australia,England,MJ Clarke,RT Ponting,RJ Sidebottom,1,0,,,,,,,,,
350046,2009,2009-09-12,Lord's,2,26.5,Australia,England,RT Ponting,MJ Clarke,RJ Sidebottom,0,0,,,,,,,,,
350046,2009,2009-09-12,Lord's,2,26.6,Australia,England,RT Ponting,MJ Clarke,RJ Sidebottom,1,0,,,,,,,,,
350046,2009,2009-09-12,Lord's,2,27.1,Australia,England,RT Ponting,MJ Clarke,LJ Wright,4,0,,,,,,,,,
350046,2009,2009-09-12,Lord's,2,27.2,Australia,England,RT Ponting,MJ Clarke,LJ Wright,0,0,,,,,,,,,
350046,2009,2009-09-12,Lord's,2,27.3,Australia,England,RT Ponting,MJ Clarke,LJ Wright,0,0,,,,,,,,,
350046,2009,2009-09-12,Lord's,2,27.4,Australia,England,RT Ponting,MJ Clarke,LJ Wright,0,0,,,,,,,,,
350046,2009,2009-09-12,Lord's,2,27.5,Australia,England,RT Ponting,MJ Clarke,LJ Wright,0,0,,,,,,,,,
350046,2009,2009-09-12,Lord's,2,27.6,Australia,England,RT Ponting,MJ Clarke,LJ Wright,0,0,,,,,,,,,
350046,2009,2009-09-12,Lord's,2,28.1,Australia,England,MJ Clarke,RT Ponting,RJ Sidebottom,1,0,,,,,,,,,
350046,2009,2009-09-12,Lord's,2,28.2,Australia,England,RT Ponting,MJ Clarke,RJ Sidebottom,1,0,,,,,,,,,
350046,2009,2009-09-12,Lord's,2,28.3,Australia,England,MJ Clarke,RT Ponting,RJ Sidebottom,0,0,,,,,,,,,
350046,2009,2009-09-12,Lord's,2,28.4,Australia,England,MJ Clarke,RT Ponting,RJ Sidebottom,1,0,,,,,,,,,
350046,2009,2009-09-12,Lord's,2,28.5,Australia,England,RT Ponting,MJ Clarke,RJ Sidebottom,0,0,,,,,,,,,
350046,2009,2009-09-12,Lord's,2,28.6,Australia,England,RT Ponting,MJ Clarke,RJ Sidebottom,0,0,,,,,,,,,
350046,2009,2009-09-12,Lord's,2,29.1,Australia,England,MJ Clarke,RT Ponting,SCJ Broad,1,0,,,,,,,,,
350046,2009,2009-09-12,Lord's,2,29.2,Australia,England,RT Ponting,MJ Clarke,SCJ Broad,1,0,,,,,,,,,
350046,2009,2009-09-12,Lord's,2,29.3,Australia,England,MJ Clarke,RT Ponting,SCJ Broad,0,0,,,,,,,,,
350046,2009,2009-09-12,Lord's,2,29.4,Australia,England,MJ Clarke,RT Ponting,SCJ Broad,0,0,,,,,,,,,
350046,2009,2009-09-12,Lord's,2,29.5,Australia,England,MJ Clarke,RT Ponting,SCJ Broad,0,0,,,,,,,,,
350046,2009,2009-09-12,Lord's,2,29.6,Australia,England,MJ Clarke,RT Ponting,SCJ Broad,1,0,,,,,,,,,
350046,2009,2009-09-12,Lord's,2,30.1,Australia,England,MJ Clarke,RT Ponting,TT Bresnan,4,0,,,,,,,,,
350046,2009,2009-09-12,Lord's,2,30.2,Australia,England,MJ Clarke,RT Ponting,TT Bresnan,0,0,,,,,,,,,
350046,2009,2009-09-12,Lord's,2,30.3,Australia,England,MJ Clarke,RT Ponting,TT Bresnan,0,0,,,,,,,,,
350046,2009,2009-09-12,Lord's,2,30.4,Australia,England,MJ Clarke,RT Ponting,TT Bresnan,0,0,,,,,,,,,
350046,2009,2009-09-12,Lord's,2,30.5,Australia,England,MJ Clarke,RT Ponting,TT Bresnan,0,0,,,,,,,,,
350046,2009,2009-09-12,Lord's,2,30.6,Australia,England,MJ Clarke,RT Ponting,TT Bresnan,0,0,,,,,,,,,
350046,2009,2009-09-12,Lord's,2,31.1,Australia,England,RT Ponting,MJ Clarke,SCJ Broad,0,0,,,,,,,,,
350046,2009,2009-09-12,Lord's,2,31.2,Australia,England,RT Ponting,MJ Clarke,SCJ Broad,1,0,,,,,,,,,
350046,2009,2009-09-12,Lord's,2,31.3,Australia,England,MJ Clarke,RT Ponting,SCJ Broad,0,0,,,,,,,,,
350046,2009,2009-09-12,Lord's,2,31.4,Australia,England,MJ Clarke,RT Ponting,SCJ Broad,0,0,,,,,,,,,
350046,2009,2009-09-12,Lord's,2,31.5,Australia,England,MJ Clarke,RT Ponting,SCJ Broad,1,0,,,,,,,,,
350046,2009,2009-09-12,Lord's,2,31.6,Australia,England,RT Ponting,MJ Clarke,SCJ Broad,0,0,,,,,,,,,
350046,2009,2009-09-12,Lord's,2,32.1,Australia,England,MJ Clarke,RT Ponting,TT Bresnan,0,0,,,,,,,,,
350046,2009,2009-09-12,Lord's,2,32.2,Australia,England,MJ Clarke,RT Ponting,TT Bresnan,0,0,,,,,,,,,
350046,2009,2009-09-12,Lord's,2,32.3,Australia,England,MJ Clarke,RT Ponting,TT Bresnan,0,0,,,,,,,,,
350046,2009,2009-09-12,Lord's,2,32.4,Australia,England,MJ Clarke,RT Ponting,TT Bresnan,0,0,,,,,,,,,
350046,2009,2009-09-12,Lord's,2,32.5,Australia,England,MJ Clarke,RT Ponting,TT Bresnan,0,0,,,,,,,,,
350046,2009,2009-09-12,Lord's,2,32.6,Australia,England,MJ Clarke,RT Ponting,TT Bresnan,0,0,,,,,,,,,
350046,2009,2009-09-12,Lord's,2,33.1,Australia,England,RT Ponting,MJ Clarke,SCJ Broad,1,0,,,,,,,,,
350046,2009,2009-09-12,Lord's,2,33.2,Australia,England,MJ Clarke,RT Ponting,SCJ Broad,0,0,,,,,,,,,
350046,2009,2009-09-12,Lord's,2,33.3,Australia,England,MJ Clarke,RT Ponting,SCJ Broad,1,0,,,,,,,,,
350046,2009,2009-09-12,Lord's,2,33.4,Australia,England,RT Ponting,MJ Clarke,SCJ Broad,1,0,,,,,,,,,
350046,2009,2009-09-12,Lord's,2,33.5,Australia,England,MJ Clarke,RT Ponting,SCJ Broad,0,0,,,,,,,,,
350046,2009,2009-09-12,Lord's,2,33.6,Australia,England,MJ Clarke,RT Ponting,SCJ Broad,0,0,,,,,,,,,
350046,2009,2009-09-12,Lord's,2,34.1,Australia,England,RT Ponting,MJ Clarke,TT Bresnan,0,0,,,,,,,,,
350046,2009,2009-09-12,Lord's,2,34.2,Australia,England,RT Ponting,MJ Clarke,TT Bresnan,0,0,,,,,,,,,
350046,2009,2009-09-12,Lord's,2,34.3,Australia,England,RT Ponting,MJ Clarke,TT Bresnan,0,0,,,,,,,,,
350046,2009,2009-09-12,Lord's,2,34.4,Australia,England,RT Ponting,MJ Clarke,TT Bresnan,0,0,,,,,,caught,RT Ponting,,
350046,2009,2009-09-12,Lord's,2,34.5,Australia,England,CJ Ferguson,MJ Clarke,TT Bresnan,0,0,,,,,,,,,
350046,2009,2009-09-12,Lord's,2,34.6,Australia,England,CJ Ferguson,MJ Clarke,TT Bresnan,1,0,,,,,,,,,
350046,2009,2009-09-12,Lord's,2,35.1,Australia,England,CJ Ferguson,MJ Clarke,LJ Wright,0,0,,,,,,,,,
350046,2009,2009-09-12,Lord's,2,35.2,Australia,England,CJ Ferguson,MJ Clarke,LJ Wright,0,0,,,,,,,,,
350046,2009,2009-09-12,Lord's,2,35.3,Australia,England,CJ Ferguson,MJ Clarke,LJ Wright,0,0,,,,,,,,,
350046,2009,2009-09-12,Lord's,2,35.4,Australia,England,CJ Ferguson,MJ Clarke,LJ Wright,0,0,,,,,,,,,
350046,2009,2009-09-12,Lord's,2,35.5,Australia,England,CJ Ferguson,MJ Clarke,LJ Wright,0,0,,,,,,,,,
350046,2009,2009-09-12,Lord's,2,35.6,Australia,England,CJ Ferguson,MJ Clarke,LJ Wright,1,0,,,,,,,,,
350046,2009,2009-09-12,Lord's,2,36.1,Australia,England,CJ Ferguson,MJ Clarke,TT Bresnan,0,0,,,,,,,,,
350046,2009,2009-09-12,Lord's,2,36.2,Australia,England,CJ Ferguson,MJ Clarke,TT Bresnan,2,0,,,,,,,,,
350046,2009,2009-09-12,Lord's,2,36.3,Australia,England,CJ Ferguson,MJ Clarke,TT Bresnan,1,0,,,,,,,,,
350046,2009,2009-09-12,Lord's,2,36.4,Australia,England,MJ Clarke,CJ Ferguson,TT Bresnan,0,0,,,,,,,,,
350046,2009,2009-09-12,Lord's,2,36.5,Australia,England,MJ Clarke,CJ Ferguson,TT Bresnan,0,1,1,,,,,,,,
350046,2009,2009-09-12,Lord's,2,36.6,Australia,England,MJ Clarke,CJ Ferguson,TT Bresnan,1,0,,,,,,,,,
350046,2009,2009-09-12,Lord's,2,36.7,Australia,England,CJ Ferguson,MJ Clarke,TT Bresnan,0,1,1,,,,,,,,
350046,2009,2009-09-12,Lord's,2,36.8,Australia,England,CJ Ferguson,MJ Clarke,TT Bresnan,0,0,,,,,,,,,
350046,2009,2009-09-12,Lord's,2,37.1,Australia,England,MJ Clarke,CJ Ferguson,LJ Wright,0,0,,,,,,,,,
350046,2009,2009-09-12,Lord's,2,37.2,Australia,England,MJ Clarke,CJ Ferguson,LJ Wright,0,0,,,,,,,,,
350046,2009,2009-09-12,Lord's,2,37.3,Australia,England,MJ Clarke,CJ Ferguson,LJ Wright,0,0,,,,,,,,,
350046,2009,2009-09-12,Lord's,2,37.4,Australia,England,MJ Clarke,CJ Ferguson,LJ Wright,4,0,,,,,,,,,
350046,2009,2009-09-12,Lord's,2,37.5,Australia,England,MJ Clarke,CJ Ferguson,LJ Wright,0,1,1,,,,,,,,
350046,2009,2009-09-12,Lord's,2,37.6,Australia,England,MJ Clarke,CJ Ferguson,LJ Wright,3,0,,,,,,,,,
350046,2009,2009-09-12,Lord's,2,37.7,Australia,England,CJ Ferguson,MJ Clarke,LJ Wright,0,0,,,,,,,,,
350046,2009,2009-09-12,Lord's,2,38.1,Australia,England,MJ Clarke,CJ Ferguson,AU Rashid,1,0,,,,,,,,,
350046,2009,2009-09-12,Lord's,2,38.2,Australia,England,CJ Ferguson,MJ Clarke,AU Rashid,3,0,,,,,,,,,
350046,2009,2009-09-12,Lord's,2,38.3,Australia,England,MJ Clarke,CJ Ferguson,AU Rashid,0,0,,,,,,,,,
350046,2009,2009-09-12,Lord's,2,38.4,Australia,England,MJ Clarke,CJ Ferguson,AU Rashid,0,0,,,,,,,,,
350046,2009,2009-09-12,Lord's,2,38.5,Australia,England,MJ Clarke,CJ Ferguson,AU Rashid,4,0,,,,,,,,,
350046,2009,2009-09-12,Lord's,2,38.6,Australia,England,MJ Clarke,CJ Ferguson,AU Rashid,0,0,,,,,,,,,
350046,2009,2009-09-12,Lord's,2,39.1,Australia,England,CJ Ferguson,MJ Clarke,LJ Wright,1,0,,,,,,,,,
350046,2009,2009-09-12,Lord's,2,39.2,Australia,England,MJ Clarke,CJ Ferguson,LJ Wright,1,0,,,,,,,,,
350046,2009,2009-09-12,Lord's,2,39.3,Australia,England,CJ Ferguson,MJ Clarke,LJ Wright,4,0,,,,,,,,,
350046,2009,2009-09-12,Lord's,2,39.4,Australia,England,CJ Ferguson,MJ Clarke,LJ Wright,0,0,,,,,,,,,
350046,2009,2009-09-12,Lord's,2,39.5,Australia,England,CJ Ferguson,MJ Clarke,LJ Wright,0,0,,,,,,,,,
350046,2009,2009-09-12,Lord's,2,39.6,Australia,England,CJ Ferguson,MJ Clarke,LJ Wright,0,0,,,,,,,,,
350046,2009,2009-09-12,Lord's,2,40.1,Australia,England,MJ Clarke,CJ Ferguson,AU Rashid,2,0,,,,,,,,,
350046,2009,2009-09-12,Lord's,2,40.2,Australia,England,MJ Clarke,CJ Ferguson,AU Rashid,0,0,,,,,,,,,
350046,2009,2009-09-12,Lord's,2,40.3,Australia,England,MJ Clarke,CJ Ferguson,AU Rashid,0,0,,,,,,,,,
350046,2009,2009-09-12,Lord's,2,40.4,Australia,England,MJ Clarke,CJ Ferguson,AU Rashid,0,0,,,,,,,,,
350046,2009,2009-09-12,Lord's,2,40.5,Australia,England,MJ Clarke,CJ Ferguson,AU Rashid,0,0,,,,,,,,,
350046,2009,2009-09-12,Lord's,2,40.6,Australia,England,MJ Clarke,CJ Ferguson,AU Rashid,0,0,,,,,,,,,
350046,2009,2009-09-12,Lord's,2,41.1,Australia,England,CJ Ferguson,MJ Clarke,RJ Sidebottom,0,1,1,,,,,,,,
350046,2009,2009-09-12,Lord's,2,41.2,Australia,England,CJ Ferguson,MJ Clarke,RJ Sidebottom,4,0,,,,,,,,,
350046,2009,2009-09-12,Lord's,2,41.3,Australia,England,CJ Ferguson,MJ Clarke,RJ Sidebottom,0,0,,,,,,,,,
350046,2009,2009-09-12,Lord's,2,41.4,Australia,England,CJ Ferguson,MJ Clarke,RJ Sidebottom,1,0,,,,,,,,,
350046,2009,2009-09-12,Lord's,2,41.5,Australia,England,MJ Clarke,CJ Ferguson,RJ Sidebottom,4,0,,,,,,,,,
350046,2009,2009-09-12,Lord's,2,41.6,Australia,England,MJ Clarke,CJ Ferguson,RJ Sidebottom,1,0,,,,,,,,,
350046,2009,2009-09-12,Lord's,2,41.7,Australia,England,CJ Ferguson,MJ Clarke,RJ Sidebottom,1,0,,,,,,,,,
350046,2009,2009-09-12,Lord's,2,42.1,Australia,England,CJ Ferguson,MJ Clarke,SCJ Broad,1,0,,,,,,,,,
350046,2009,2009-09-12,Lord's,2,42.2,Australia,England,MJ Clarke,CJ Ferguson,SCJ Broad,0,0,,,,,,,,,
350046,2009,2009-09-12,Lord's,2,42.3,Australia,England,MJ Clarke,CJ Ferguson,SCJ Broad,0,0,,,,,,,,,
350046,2009,2009-09-12,Lord's,2,42.4,Australia,England,MJ Clarke,CJ Ferguson,SCJ Broad,0,0,,,,,,,,,
350046,2009,2009-09-12,Lord's,2,42.5,Australia,England,MJ Clarke,CJ Ferguson,SCJ Broad,4,0,,,,,,,,,
350046,2009,2009-09-12,Lord's,2,42.6,Australia,England,MJ Clarke,CJ Ferguson,SCJ Broad,0,0,,,,,,,,,
350046,2009,2009-09-12,Lord's,2,43.1,Australia,England,CJ Ferguson,MJ Clarke,RJ Sidebottom,2,0,,,,,,,,,
350046,2009,2009-09-12,Lord's,2,43.2,Australia,England,CJ Ferguson,MJ Clarke,RJ Sidebottom,0,0,,,,,,,,,
350046,2009,2009-09-12,Lord's,2,43.3,Australia,England,CJ Ferguson,MJ Clarke,RJ Sidebottom,0,1,,1,,,,,,,
350046,2009,2009-09-12,Lord's,2,43.4,Australia,England,CJ Ferguson,MJ Clarke,RJ Sidebottom,0,0,,,,,,,,,
350046,2009,2009-09-12,Lord's,2,43.5,Australia,England,CJ Ferguson,MJ Clarke,RJ Sidebottom,1,0,,,,,,,,,
