match_id,season,start_date,venue,innings,ball,batting_team,bowling_team,striker,non_striker,bowler,runs_off_bat,extras,wides,noballs,byes,legbyes,penalty,wicket_type,player_dismissed,other_wicket_type,other_player_dismissed
350479,2008/09,2009-04-09,Newlands,1,0.1,South Africa,Australia,HH Gibbs,GC Smith,MG Johnson,0,0,,,,,,,,,
350479,2008/09,2009-04-09,Newlands,1,0.2,South Africa,Australia,HH Gibbs,GC Smith,MG Johnson,0,0,,,,,,,,,
350479,2008/09,2009-04-09,Newlands,1,0.3,South Africa,Australia,HH Gibbs,GC Smith,MG Johnson,1,0,,,,,,,,,
350479,2008/09,2009-04-09,Newlands,1,0.4,South Africa,Australia,GC Smith,HH Gibbs,MG Johnson,0,0,,,,,,,,,
350479,2008/09,2009-04-09,Newlands,1,0.5,South Africa,Australia,GC Smith,HH Gibbs,MG Johnson,0,0,,,,,,,,,
350479,2008/09,2009-04-09,Newlands,1,0.6,South Africa,Australia,GC Smith,HH Gibbs,MG Johnson,0,0,,,,,,,,,
350479,2008/09,2009-04-09,Newlands,1,1.1,South Africa,Australia,HH Gibbs,GC Smith,NW Bracken,0,0,,,,,,,,,
350479,2008/09,2009-04-09,Newlands,1,1.2,South Africa,Australia,HH Gibbs,GC Smith,NW Bracken,0,0,,,,,,,,,
350479,2008/09,2009-04-09,Newlands,1,1.3,South Africa,Australia,HH Gibbs,GC Smith,NW Bracken,4,0,,,,,,,,,
350479,2008/09,2009-04-09,Newlands,1,1.4,South Africa,Australia,HH Gibbs,GC Smith,NW Bracken,0,0,,,,,,,,,
350479,2008/09,2009-04-09,Newlands,1,1.5,South Africa,Australia,HH Gibbs,GC Smith,NW Bracken,1,0,,,,,,,,,
350479,2008/09,2009-04-09,Newlands,1,1.6,South Africa,Australia,GC Smith,HH Gibbs,NW Bracken,0,0,,,,,,,,,
350479,2008/09,2009-04-09,Newlands,1,2.1,South Africa,Australia,HH Gibbs,GC Smith,MG Johnson,0,0,,,,,,,,,
350479,2008/09,2009-04-09,Newlands,1,2.2,South Africa,Australia,HH Gibbs,GC Smith,MG Johnson,0,0,,,,,,,,,
350479,2008/09,2009-04-09,Newlands,1,2.3,South Africa,Australia,HH Gibbs,GC Smith,MG Johnson,1,0,,,,,,,,,
350479,2008/09,2009-04-09,Newlands,1,2.4,South Africa,Australia,GC Smith,HH Gibbs,MG Johnson,1,0,,,,,,,,,
350479,2008/09,2009-04-09,Newlands,1,2.5,South Africa,Australia,HH Gibbs,GC Smith,MG Johnson,2,0,,,,,,,,,
350479,2008/09,2009-04-09,Newlands,1,2.6,South Africa,Australia,HH Gibbs,GC Smith,MG Johnson,0,0,,,,,,,,,
350479,2008/09,2009-04-09,Newlands,1,3.1,South Africa,Australia,GC Smith,HH Gibbs,NW Bracken,1,0,,,,,,,,,
350479,2008/09,2009-04-09,Newlands,1,3.2,South Africa,Australia,HH Gibbs,GC Smith,NW Bracken,2,0,,,,,,,,,
350479,2008/09,2009-04-09,Newlands,1,3.3,South Africa,Australia,HH Gibbs,GC Smith,NW Bracken,0,0,,,,,,,,,
350479,2008/09,2009-04-09,Newlands,1,3.4,South Africa,Australia,HH Gibbs,GC Smith,NW Bracken,0,0,,,,,,,,,
350479,2008/09,2009-04-09,Newlands,1,3.5,South Africa,Australia,HH Gibbs,GC Smith,NW Bracken,0,0,,,,,,,,,
350479,2008/09,2009-04-09,Newlands,1,3.6,South Africa,Australia,HH Gibbs,GC Smith,NW Bracken,0,0,,,,,,,,,
350479,2008/09,2009-04-09,Newlands,1,4.1,South Africa,Australia,GC Smith,HH Gibbs,MG Johnson,0,0,,,,,,,,,
350479,2008/09,2009-04-09,Newlands,1,4.2,South Africa,Australia,GC Smith,HH Gibbs,MG Johnson,0,0,,,,,,,,,
350479,2008/09,2009-04-09,Newlands,1,4.3,South Africa,Australia,GC Smith,HH Gibbs,MG Johnson,0,0,,,,,,,,,
350479,2008/09,2009-04-09,Newlands,1,4.4,South Africa,Australia,GC Smith,HH Gibbs,MG Johnson,1,0,,,,,,,,,
350479,2008/09,2009-04-09,Newlands,1,4.5,South Africa,Australia,HH Gibbs,GC Smith,MG Johnson,0,0,,,,,,,,,
350479,2008/09,2009-04-09,Newlands,1,4.6,South Africa,Australia,HH Gibbs,GC Smith,MG Johnson,0,0,,,,,,,,,
350479,2008/09,2009-04-09,Newlands,1,5.1,South Africa,Australia,GC Smith,HH Gibbs,B Geeves,4,0,,,,,,,,,
350479,2008/09,2009-04-09,Newlands,1,5.2,South Africa,Australia,GC Smith,HH Gibbs,B Geeves,1,0,,,,,,,,,
350479,2008/09,2009-04-09,Newlands,1,5.3,South Africa,Australia,HH Gibbs,GC Smith,B Geeves,0,0,,,,,,,,,
350479,2008/09,2009-04-09,Newlands,1,5.4,South Africa,Australia,HH Gibbs,GC Smith,B Geeves,4,0,,,,,,,,,
350479,2008/09,2009-04-09,Newlands,1,5.5,South Africa,Australia,HH Gibbs,GC Smith,B Geeves,0,1,,1,,,,,,,
350479,2008/09,2009-04-09,Newlands,1,5.6,South Africa,Australia,HH Gibbs,GC Smith,B Geeves,4,0,,,,,,,,,
350479,2008/09,2009-04-09,Newlands,1,5.7,South Africa,Australia,HH Gibbs,GC Smith,B Geeves,0,0,,,,,,,,,
350479,2008/09,2009-04-09,Newlands,1,6.1,South Africa,Australia,GC Smith,HH Gibbs,MG Johnson,0,0,,,,,,,,,
350479,2008/09,2009-04-09,Newlands,1,6.2,South Africa,Australia,GC Smith,HH Gibbs,MG Johnson,0,0,,,,,,caught,GC Smith,,
350479,2008/09,2009-04-09,Newlands,1,6.3,South Africa,Australia,JH Kallis,HH Gibbs,MG Johnson,0,0,,,,,,,,,
350479,2008/09,2009-04-09,Newlands,1,6.4,South Africa,Australia,JH Kallis,HH Gibbs,MG Johnson,0,0,,,,,,,,,
350479,2008/09,2009-04-09,Newlands,1,6.5,South Africa,Australia,JH Kallis,HH Gibbs,MG Johnson,0,0,,,,,,,,,
350479,2008/09,2009-04-09,Newlands,1,6.6,South Africa,Australia,JH Kallis,HH Gibbs,MG Johnson,0,0,,,,,,,,,
350479,2008/09,2009-04-09,Newlands,1,7.1,South Africa,Australia,HH Gibbs,JH Kallis,B Geeves,0,0,,,,,,,,,
350479,2008/09,2009-04-09,Newlands,1,7.2,South Africa,Australia,HH Gibbs,JH Kallis,B Geeves,0,0,,,,,,,,,
350479,2008/09,2009-04-09,Newlands,1,7.3,South Africa,Australia,HH Gibbs,JH Kallis,B Geeves,2,0,,,,,,,,,
350479,2008/09,2009-04-09,Newlands,1,7.4,South Africa,Australia,HH Gibbs,JH Kallis,B Geeves,0,0,,,,,,,,,
350479,2008/09,2009-04-09,Newlands,1,7.5,South Africa,Australia,HH Gibbs,JH Kallis,B Geeves,0,0,,,,,,,,,
350479,2008/09,2009-04-09,Newlands,1,7.6,South Africa,Australia,HH Gibbs,JH Kallis,B Geeves,0,0,,,,,,,,,
350479,2008/09,2009-04-09,Newlands,1,8.1,South Africa,Australia,JH Kallis,HH Gibbs,MG Johnson,0,0,,,,,,,,,
350479,2008/09,2009-04-09,Newlands,1,8.2,South Africa,Australia,JH Kallis,HH Gibbs,MG Johnson,0,0,,,,,,,,,
350479,2008/09,2009-04-09,Newlands,1,8.3,South Africa,Australia,JH Kallis,HH Gibbs,MG Johnson,0,0,,,,,,,,,
350479,2008/09,2009-04-09,Newlands,1,8.4,South Africa,Australia,JH Kallis,HH Gibbs,MG Johnson,0,0,,,,,,,,,
350479,2008/09,2009-04-09,Newlands,1,8.5,South Africa,Australia,JH Kallis,HH Gibbs,MG Johnson,0,0,,,,,,,,,
350479,2008/09,2009-04-09,Newlands,1,8.6,South Africa,Australia,JH Kallis,HH Gibbs,MG Johnson,0,0,,,,,,,,,
350479,2008/09,2009-04-09,Newlands,1,9.1,South Africa,Australia,HH Gibbs,JH Kallis,B Geeves,0,0,,,,,,,,,
350479,2008/09,2009-04-09,Newlands,1,9.2,South Africa,Australia,HH Gibbs,JH Kallis,B Geeves,0,0,,,,,,,,,
350479,2008/09,2009-04-09,Newlands,1,9.3,South Africa,Australia,HH Gibbs,JH Kallis,B Geeves,0,0,,,,,,,,,
350479,2008/09,2009-04-09,Newlands,1,9.4,South Africa,Australia,HH Gibbs,JH Kallis,B Geeves,1,0,,,,,,,,,
350479,2008/09,2009-04-09,Newlands,1,9.5,South Africa,Australia,JH Kallis,HH Gibbs,B Geeves,1,0,,,,,,,,,
350479,2008/09,2009-04-09,Newlands,1,9.6,South Africa,Australia,HH Gibbs,JH Kallis,B Geeves,0,0,,,,,,,,,
350479,2008/09,2009-04-09,Newlands,1,10.1,South Africa,Australia,JH Kallis,HH Gibbs,NW Bracken,1,0,,,,,,,,,
350479,2008/09,2009-04-09,Newlands,1,10.2,South Africa,Australia,HH Gibbs,JH Kallis,NW Bracken,1,0,,,,,,,,,
350479,2008/09,2009-04-09,Newlands,1,10.3,South Africa,Australia,JH Kallis,HH Gibbs,NW Bracken,0,0,,,,,,,,,
350479,2008/09,2009-04-09,Newlands,1,10.4,South Africa,Australia,JH Kallis,HH Gibbs,NW Bracken,0,0,,,,,,,,,
350479,2008/09,2009-04-09,Newlands,1,10.5,South Africa,Australia,JH Kallis,HH Gibbs,NW Bracken,4,0,,,,,,,,,
350479,2008/09,2009-04-09,Newlands,1,10.6,South Africa,Australia,JH Kallis,HH Gibbs,NW Bracken,1,0,,,,,,,,,
350479,2008/09,2009-04-09,Newlands,1,11.1,South Africa,Australia,JH Kallis,HH Gibbs,B Geeves,0,0,,,,,,,,,
350479,2008/09,2009-04-09,Newlands,1,11.2,South Africa,Australia,JH Kallis,HH Gibbs,B Geeves,0,0,,,,,,,,,
350479,2008/09,2009-04-09,Newlands,1,11.3,South Africa,Australia,JH Kallis,HH Gibbs,B Geeves,1,0,,,,,,,,,
350479,2008/09,2009-04-09,Newlands,1,11.4,South Africa,Australia,HH Gibbs,JH Kallis,B Geeves,1,0,,,,,,,,,
350479,2008/09,2009-04-09,Newlands,1,11.5,South Africa,Australia,JH Kallis,HH Gibbs,B Geeves,4,0,,,,,,,,,
350479,2008/09,2009-04-09,Newlands,1,11.6,South Africa,Australia,JH Kallis,HH Gibbs,B Geeves,0,1,,1,,,,,,,
350479,2008/09,2009-04-09,Newlands,1,11.7,South Africa,Australia,JH Kallis,HH Gibbs,B Geeves,0,0,,,,,,,,,
350479,2008/09,2009-04-09,Newlands,1,12.1,South Africa,Australia,HH Gibbs,JH Kallis,NW Bracken,0,0,,,,,,,,,
350479,2008/09,2009-04-09,Newlands,1,12.2,South Africa,Australia,HH Gibbs,JH Kallis,NW Bracken,0,0,,,,,,,,,
350479,2008/09,2009-04-09,Newlands,1,12.3,South Africa,Australia,HH Gibbs,JH Kallis,NW Bracken,1,0,,,,,,,,,
350479,2008/09,2009-04-09,Newlands,1,12.4,South Africa,Australia,JH Kallis,HH Gibbs,NW Bracken,0,0,,,,,,,,,
350479,2008/09,2009-04-09,Newlands,1,12.5,South Africa,Australia,JH Kallis,HH Gibbs,NW Bracken,0,0,,,,,,,,,
350479,2008/09,2009-04-09,Newlands,1,12.6,South Africa,Australia,JH Kallis,HH Gibbs,NW Bracken,0,0,,,,,,,,,
350479,2008/09,2009-04-09,Newlands,1,13.1,South Africa,Australia,HH Gibbs,JH Kallis,B Geeves,0,0,,,,,,,,,
350479,2008/09,2009-04-09,Newlands,1,13.2,South Africa,Australia,HH Gibbs,JH Kallis,B Geeves,0,0,,,,,,,,,
350479,2008/09,2009-04-09,Newlands,1,13.3,South Africa,Australia,HH Gibbs,JH Kallis,B Geeves,1,0,,,,,,,,,
350479,2008/09,2009-04-09,Newlands,1,13.4,South Africa,Australia,JH Kallis,HH Gibbs,B Geeves,1,0,,,,,,,,,
350479,2008/09,2009-04-09,Newlands,1,13.5,South Africa,Australia,HH Gibbs,JH Kallis,B Geeves,0,0,,,,,,,,,
350479,2008/09,2009-04-09,Newlands,1,13.6,South Africa,Australia,HH Gibbs,JH Kallis,B Geeves,0,0,,,,,,,,,
350479,2008/09,2009-04-09,Newlands,1,14.1,South Africa,Australia,JH Kallis,HH Gibbs,NW Bracken,1,0,,,,,,,,,
350479,2008/09,2009-04-09,Newlands,1,14.2,South Africa,Australia,HH Gibbs,JH Kallis,NW Bracken,0,0,,,,,,caught,HH Gibbs,,
350479,2008/09,2009-04-09,Newlands,1,14.3,South Africa,Australia,JH Kallis,AB de Villiers,NW Bracken,1,0,,,,,,,,,
350479,2008/09,2009-04-09,Newlands,1,14.4,South Africa,Australia,AB de Villiers,JH Kallis,NW Bracken,0,0,,,,,,,,,
350479,2008/09,2009-04-09,Newlands,1,14.5,South Africa,Australia,AB de Villiers,JH Kallis,NW Bracken,0,0,,,,,,,,,
350479,2008/09,2009-04-09,Newlands,1,14.6,South Africa,Australia,AB de Villiers,JH Kallis,NW Bracken,0,0,,,,,,,,,
350479,2008/09,2009-04-09,Newlands,1,15.1,South Africa,Australia,JH Kallis,AB de Villiers,NM Hauritz,1,0,,,,,,,,,
350479,2008/09,2009-04-09,Newlands,1,15.2,South Africa,Australia,AB de Villiers,JH Kallis,NM Hauritz,0,0,,,,,,,,,
350479,2008/09,2009-04-09,Newlands,1,15.3,South Africa,Australia,AB de Villiers,JH Kallis,NM Hauritz,0,0,,,,,,,,,
350479,2008/09,2009-04-09,Newlands,1,15.4,South Africa,Australia,AB de Villiers,JH Kallis,NM Hauritz,0,0,,,,,,,,,
350479,2008/09,2009-04-09,Newlands,1,15.5,South Africa,Australia,AB de Villiers,JH Kallis,NM Hauritz,1,0,,,,,,,,,
350479,2008/09,2009-04-09,Newlands,1,15.6,South Africa,Australia,JH Kallis,AB de Villiers,NM Hauritz,1,0,,,,,,,,,
350479,2008/09,2009-04-09,Newlands,1,16.1,South Africa,Australia,JH Kallis,AB de Villiers,NW Bracken,4,0,,,,,,,,,
350479,2008/09,2009-04-09,Newlands,1,16.2,South Africa,Australia,JH Kallis,AB de Villiers,NW Bracken,0,0,,,,,,,,,
350479,2008/09,2009-04-09,Newlands,1,16.3,South Africa,Australia,JH Kallis,AB de Villiers,NW Bracken,0,0,,,,,,,,,
350479,2008/09,2009-04-09,Newlands,1,16.4,South Africa,Australia,JH Kallis,AB de Villiers,NW Bracken,1,0,,,,,,,,,
350479,2008/09,2009-04-09,Newlands,1,16.5,South Africa,Australia,AB de Villiers,JH Kallis,NW Bracken,0,0,,,,,,,,,
350479,2008/09,2009-04-09,Newlands,1,16.6,South Africa,Australia,AB de Villiers,JH Kallis,NW Bracken,0,0,,,,,,,,,
350479,2008/09,2009-04-09,Newlands,1,17.1,South Africa,Australia,JH Kallis,AB de Villiers,NM Hauritz,0,0,,,,,,,,,
350479,2008/09,2009-04-09,Newlands,1,17.2,South Africa,Australia,JH Kallis,AB de Villiers,NM Hauritz,0,0,,,,,,,,,
350479,2008/09,2009-04-09,Newlands,1,17.3,South Africa,Australia,JH Kallis,AB de Villiers,NM Hauritz,0,0,,,,,,,,,
350479,2008/09,2009-04-09,Newlands,1,17.4,South Africa,Australia,JH Kallis,AB de Villiers,NM Hauritz,1,0,,,,,,,,,
350479,2008/09,2009-04-09,Newlands,1,17.5,South Africa,Australia,AB de Villiers,JH Kallis,NM Hauritz,1,0,,,,,,,,,
350479,2008/09,2009-04-09,Newlands,1,17.6,South Africa,Australia,JH Kallis,AB de Villiers,NM Hauritz,0,0,,,,,,,,,
350479,2008/09,2009-04-09,Newlands,1,18.1,South Africa,Australia,AB de Villiers,JH Kallis,JR Hopes,1,0,,,,,,,,,
350479,2008/09,2009-04-09,Newlands,1,18.2,South Africa,Australia,JH Kallis,AB de Villiers,JR Hopes,1,0,,,,,,,,,
350479,2008/09,2009-04-09,Newlands,1,18.3,South Africa,Australia,AB de Villiers,JH Kallis,JR Hopes,0,0,,,,,,,,,
350479,2008/09,2009-04-09,Newlands,1,18.4,South Africa,Australia,AB de Villiers,JH Kallis,JR Hopes,0,0,,,,,,,,,
350479,2008/09,2009-04-09,Newlands,1,18.5,South Africa,Australia,AB de Villiers,JH Kallis,JR Hopes,1,0,,,,,,,,,
350479,2008/09,2009-04-09,Newlands,1,18.6,South Africa,Australia,JH Kallis,AB de Villiers,JR Hopes,2,0,,,,,,,,,
350479,2008/09,2009-04-09,Newlands,1,19.1,South Africa,Australia,AB de Villiers,JH Kallis,NM Hauritz,0,0,,,,,,,,,
350479,2008/09,2009-04-09,Newlands,1,19.2,South Africa,Australia,AB de Villiers,JH Kallis,NM Hauritz,0,0,,,,,,,,,
350479,2008/09,2009-04-09,Newlands,1,19.3,South Africa,Australia,AB de Villiers,JH Kallis,NM Hauritz,0,0,,,,,,,,,
350479,2008/09,2009-04-09,Newlands,1,19.4,South Africa,Australia,AB de Villiers,JH Kallis,NM Hauritz,4,0,,,,,,,,,
350479,2008/09,2009-04-09,Newlands,1,19.5,South Africa,Australia,AB de Villiers,JH Kallis,NM Hauritz,0,0,,,,,,,,,
350479,2008/09,2009-04-09,Newlands,1,19.6,South Africa,Australia,AB de Villiers,JH Kallis,NM Hauritz,0,0,,,,,,,,,
350479,2008/09,2009-04-09,Newlands,1,20.1,South Africa,Australia,JH Kallis,AB de Villiers,JR Hopes,1,0,,,,,,,,,
350479,2008/09,2009-04-09,Newlands,1,20.2,South Africa,Australia,AB de Villiers,JH Kallis,JR Hopes,2,0,,,,,,,,,
350479,2008/09,2009-04-09,Newlands,1,20.3,South Africa,Australia,AB de Villiers,JH Kallis,JR Hopes,0,0,,,,,,,,,
350479,2008/09,2009-04-09,Newlands,1,20.4,South Africa,Australia,AB de Villiers,JH Kallis,JR Hopes,1,0,,,,,,,,,
350479,2008/09,2009-04-09,Newlands,1,20.5,South Africa,Australia,JH Kallis,AB de Villiers,JR Hopes,1,0,,,,,,,,,
350479,2008/09,2009-04-09,Newlands,1,20.6,South Africa,Australia,AB de Villiers,JH Kallis,JR Hopes,1,0,,,,,,,,,
350479,2008/09,2009-04-09,Newlands,1,21.1,South Africa,Australia,AB de Villiers,JH Kallis,NM Hauritz,1,0,,,,,,,,,
350479,2008/09,2009-04-09,Newlands,1,21.2,South Africa,Australia,JH Kallis,AB de Villiers,NM Hauritz,4,0,,,,,,,,,
350479,2008/09,2009-04-09,Newlands,1,21.3,South Africa,Australia,JH Kallis,AB de Villiers,NM Hauritz,1,0,,,,,,,,,
350479,2008/09,2009-04-09,Newlands,1,21.4,South Africa,Australia,AB de Villiers,JH Kallis,NM Hauritz,1,0,,,,,,,,,
350479,2008/09,2009-04-09,Newlands,1,21.5,South Africa,Australia,JH Kallis,AB de Villiers,NM Hauritz,2,0,,,,,,,,,
350479,2008/09,2009-04-09,Newlands,1,21.6,South Africa,Australia,JH Kallis,AB de Villiers,NM Hauritz,1,0,,,,,,,,,
350479,2008/09,2009-04-09,Newlands,1,22.1,South Africa,Australia,JH Kallis,AB de Villiers,DJ Hussey,1,0,,,,,,,,,
350479,2008/09,2009-04-09,Newlands,1,22.2,South Africa,Australia,AB de Villiers,JH Kallis,DJ Hussey,0,0,,,,,,,,,
350479,2008/09,2009-04-09,Newlands,1,22.3,South Africa,Australia,AB de Villiers,JH Kallis,DJ Hussey,1,0,,,,,,,,,
350479,2008/09,2009-04-09,Newlands,1,22.4,South Africa,Australia,JH Kallis,AB de Villiers,DJ Hussey,1,0,,,,,,,,,
350479,2008/09,2009-04-09,Newlands,1,22.5,South Africa,Australia,AB de Villiers,JH Kallis,DJ Hussey,1,0,,,,,,,,,
350479,2008/09,2009-04-09,Newlands,1,22.6,South Africa,Australia,JH Kallis,AB de Villiers,DJ Hussey,0,0,,,,,,,,,
350479,2008/09,2009-04-09,Newlands,1,23.1,South Africa,Australia,AB de Villiers,JH Kallis,NM Hauritz,0,0,,,,,,,,,
350479,2008/09,2009-04-09,Newlands,1,23.2,South Africa,Australia,AB de Villiers,JH Kallis,NM Hauritz,2,0,,,,,,,,,
350479,2008/09,2009-04-09,Newlands,1,23.3,South Africa,Australia,AB de Villiers,JH Kallis,NM Hauritz,0,0,,,,,,,,,
350479,2008/09,2009-04-09,Newlands,1,23.4,South Africa,Australia,AB de Villiers,JH Kallis,NM Hauritz,0,0,,,,,,,,,
350479,2008/09,2009-04-09,Newlands,1,23.5,South Africa,Australia,AB de Villiers,JH Kallis,NM Hauritz,1,0,,,,,,,,,
350479,2008/09,2009-04-09,Newlands,1,23.6,South Africa,Australia,JH Kallis,AB de Villiers,NM Hauritz,0,0,,,,,,,,,
350479,2008/09,2009-04-09,Newlands,1,24.1,South Africa,Australia,AB de Villiers,JH Kallis,DJ Hussey,0,0,,,,,,,,,
350479,2008/09,2009-04-09,Newlands,1,24.2,South Africa,Australia,AB de Villiers,JH Kallis,DJ Hussey,1,0,,,,,,,,,
350479,2008/09,2009-04-09,Newlands,1,24.3,South Africa,Australia,JH Kallis,AB de Villiers,DJ Hussey,0,0,,,,,,,,,
350479,2008/09,2009-04-09,Newlands,1,24.4,South Africa,Australia,JH Kallis,AB de Villiers,DJ Hussey,1,0,,,,,,,,,
350479,2008/09,2009-04-09,Newlands,1,24.5,South Africa,Australia,AB de Villiers,JH Kallis,DJ Hussey,0,0,,,,,,,,,
350479,2008/09,2009-04-09,Newlands,1,24.6,South Africa,Australia,AB de Villiers,JH Kallis,DJ Hussey,1,0,,,,,,,,,
350479,2008/09,2009-04-09,Newlands,1,25.1,South Africa,Australia,AB de Villiers,JH Kallis,NM Hauritz,0,0,,,,,,,,,
350479,2008/09,2009-04-09,Newlands,1,25.2,South Africa,Australia,AB de Villiers,JH Kallis,NM Hauritz,1,0,,,,,,,,,
350479,2008/09,2009-04-09,Newlands,1,25.3,South Africa,Australia,JH Kallis,AB de Villiers,NM Hauritz,1,0,,,,,,,,,
350479,2008/09,2009-04-09,Newlands,1,25.4,South Africa,Australia,AB de Villiers,JH Kallis,NM Hauritz,1,0,,,,,,,,,
350479,2008/09,2009-04-09,Newlands,1,25.5,South Africa,Australia,JH Kallis,AB de Villiers,NM Hauritz,1,0,,,,,,,,,
350479,2008/09,2009-04-09,Newlands,1,25.6,South Africa,Australia,AB de Villiers,JH Kallis,NM Hauritz,0,0,,,,,,,,,
350479,2008/09,2009-04-09,Newlands,1,26.1,South Africa,Australia,JH Kallis,AB de Villiers,DJ Hussey,2,0,,,,,,,,,
350479,2008/09,2009-04-09,Newlands,1,26.2,South Africa,Australia,JH Kallis,AB de Villiers,DJ Hussey,1,0,,,,,,,,,
350479,2008/09,2009-04-09,Newlands,1,26.3,South Africa,Australia,AB de Villiers,JH Kallis,DJ Hussey,2,0,,,,,,,,,
350479,2008/09,2009-04-09,Newlands,1,26.4,South Africa,Australia,AB de Villiers,JH Kallis,DJ Hussey,1,0,,,,,,,,,
350479,2008/09,2009-04-09,Newlands,1,26.5,South Africa,Australia,JH Kallis,AB de Villiers,DJ Hussey,4,0,,,,,,,,,
350479,2008/09,2009-04-09,Newlands,1,26.6,South Africa,Australia,JH Kallis,AB de Villiers,DJ Hussey,1,0,,,,,,,,,
350479,2008/09,2009-04-09,Newlands,1,27.1,South Africa,Australia,JH Kallis,AB de Villiers,NW Bracken,0,0,,,,,,,,,
350479,2008/09,2009-04-09,Newlands,1,27.2,South Africa,Australia,JH Kallis,AB de Villiers,NW Bracken,1,0,,,,,,,,,
350479,2008/09,2009-04-09,Newlands,1,27.3,South Africa,Australia,AB de Villiers,JH Kallis,NW Bracken,1,0,,,,,,,,,
350479,2008/09,2009-04-09,Newlands,1,27.4,South Africa,Australia,JH Kallis,AB de Villiers,NW Bracken,1,0,,,,,,,,,
350479,2008/09,2009-04-09,Newlands,1,27.5,South Africa,Australia,AB de Villiers,JH Kallis,NW Bracken,1,0,,,,,,,,,
350479,2008/09,2009-04-09,Newlands,1,27.6,South Africa,Australia,JH Kallis,AB de Villiers,NW Bracken,1,0,,,,,,,,,
350479,2008/09,2009-04-09,Newlands,1,28.1,South Africa,Australia,JH Kallis,AB de Villiers,DJ Hussey,1,0,,,,,,,,,
350479,2008/09,2009-04-09,Newlands,1,28.2,South Africa,Australia,AB de Villiers,JH Kallis,DJ Hussey,4,0,,,,,,,,,
350479,2008/09,2009-04-09,Newlands,1,28.3,South Africa,Australia,AB de Villiers,JH Kallis,DJ Hussey,0,0,,,,,,,,,
350479,2008/09,2009-04-09,Newlands,1,28.4,South Africa,Australia,AB de Villiers,JH Kallis,DJ Hussey,1,0,,,,,,,,,
350479,2008/09,2009-04-09,Newlands,1,28.5,South Africa,Australia,JH Kallis,AB de Villiers,DJ Hussey,1,0,,,,,,,,,
350479,2008/09,2009-04-09,Newlands,1,28.6,South Africa,Australia,AB de Villiers,JH Kallis,DJ Hussey,0,0,,,,,,,,,
350479,2008/09,2009-04-09,Newlands,1,29.1,South Africa,Australia,JH Kallis,AB de Villiers,MG Johnson,1,0,,,,,,,,,
350479,2008/09,2009-04-09,Newlands,1,29.2,South Africa,Australia,AB de Villiers,JH Kallis,MG Johnson,0,0,,,,,,,,,
350479,2008/09,2009-04-09,Newlands,1,29.3,South Africa,Australia,AB de Villiers,JH Kallis,MG Johnson,2,0,,,,,,,,,
350479,2008/09,2009-04-09,Newlands,1,29.4,South Africa,Australia,AB de Villiers,JH Kallis,MG Johnson,0,0,,,,,,,,,
350479,2008/09,2009-04-09,Newlands,1,29.5,South Africa,Australia,AB de Villiers,JH Kallis,MG Johnson,0,0,,,,,,,,,
350479,2008/09,2009-04-09,Newlands,1,29.6,South Africa,Australia,AB de Villiers,JH Kallis,MG Johnson,2,0,,,,,,,,,
350479,2008/09,2009-04-09,Newlands,1,30.1,South Africa,Australia,JH Kallis,AB de Villiers,NW Bracken,0,0,,,,,,,,,
350479,2008/09,2009-04-09,Newlands,1,30.2,South Africa,Australia,JH Kallis,AB de Villiers,NW Bracken,1,0,,,,,,,,,
350479,2008/09,2009-04-09,Newlands,1,30.3,South Africa,Australia,AB de Villiers,JH Kallis,NW Bracken,2,0,,,,,,,,,
350479,2008/09,2009-04-09,Newlands,1,30.4,South Africa,Australia,AB de Villiers,JH Kallis,NW Bracken,0,0,,,,,,,,,
350479,2008/09,2009-04-09,Newlands,1,30.5,South Africa,Australia,AB de Villiers,JH Kallis,NW Bracken,1,0,,,,,,,,,
350479,2008/09,2009-04-09,Newlands,1,30.6,South Africa,Australia,JH Kallis,AB de Villiers,NW Bracken,1,0,,,,,,,,,
350479,2008/09,2009-04-09,Newlands,1,31.1,South Africa,Australia,JH Kallis,AB de Villiers,MG Johnson,0,0,,,,,,,,,
350479,2008/09,2009-04-09,Newlands,1,31.2,South Africa,Australia,JH Kallis,AB de Villiers,MG Johnson,2,0,,,,,,,,,
350479,2008/09,2009-04-09,Newlands,1,31.3,South Africa,Australia,JH Kallis,AB de Villiers,MG Johnson,0,0,,,,,,,,,
350479,2008/09,2009-04-09,Newlands,1,31.4,South Africa,Australia,JH Kallis,AB de Villiers,MG Johnson,1,0,,,,,,,,,
350479,2008/09,2009-04-09,Newlands,1,31.5,South Africa,Australia,AB de Villiers,JH Kallis,MG Johnson,1,0,,,,,,,,,
350479,2008/09,2009-04-09,Newlands,1,31.6,South Africa,Australia,JH Kallis,AB de Villiers,MG Johnson,0,0,,,,,,,,,
350479,2008/09,2009-04-09,Newlands,1,32.1,South Africa,Australia,AB de Villiers,JH Kallis,JR Hopes,1,0,,,,,,,,,
350479,2008/09,2009-04-09,Newlands,1,32.2,South Africa,Australia,JH Kallis,AB de Villiers,JR Hopes,1,0,,,,,,,,,
350479,2008/09,2009-04-09,Newlands,1,32.3,South Africa,Australia,AB de Villiers,JH Kallis,JR Hopes,0,0,,,,,,,,,
350479,2008/09,2009-04-09,Newlands,1,32.4,South Africa,Australia,AB de Villiers,JH Kallis,JR Hopes,4,0,,,,,,,,,
350479,2008/09,2009-04-09,Newlands,1,32.5,South Africa,Australia,AB de Villiers,JH Kallis,JR Hopes,1,0,,,,,,,,,
350479,2008/09,2009-04-09,Newlands,1,32.6,South Africa,Australia,JH Kallis,AB de Villiers,JR Hopes,1,0,,,,,,,,,
350479,2008/09,2009-04-09,Newlands,1,33.1,South Africa,Australia,JH Kallis,AB de Villiers,B Geeves,1,0,,,,,,,,,
350479,2008/09,2009-04-09,Newlands,1,33.2,South Africa,Australia,AB de Villiers,JH Kallis,B Geeves,0,0,,,,,,,,,
350479,2008/09,2009-04-09,Newlands,1,33.3,South Africa,Australia,AB de Villiers,JH Kallis,B Geeves,0,1,,,,1,,,,,
350479,2008/09,2009-04-09,Newlands,1,33.4,South Africa,Australia,JH Kallis,AB de Villiers,B Geeves,1,1,,1,,,,,,,
350479,2008/09,2009-04-09,Newlands,1,33.5,South Africa,Australia,AB de Villiers,JH Kallis,B Geeves,2,0,,,,,,,,,
350479,2008/09,2009-04-09,Newlands,1,33.6,South Africa,Australia,AB de Villiers,JH Kallis,B Geeves,1,0,,,,,,,,,
350479,2008/09,2009-04-09,Newlands,1,33.7,South Africa,Australia,JH Kallis,AB de Villiers,B Geeves,1,0,,,,,,,,,
350479,2008/09,2009-04-09,Newlands,1,34.1,South Africa,Australia,JH Kallis,AB de Villiers,JR Hopes,1,0,,,,,,,,,
350479,2008/09,2009-04-09,Newlands,1,34.2,South Africa,Australia,AB de Villiers,JH Kallis,JR Hopes,1,0,,,,,,,,,
350479,2008/09,2009-04-09,Newlands,1,34.3,South Africa,Australia,JH Kallis,AB de Villiers,JR Hopes,1,0,,,,,,,,,
350479,2008/09,2009-04-09,Newlands,1,34.4,South Africa,Australia,AB de Villiers,JH Kallis,JR Hopes,2,0,,,,,,,,,
350479,2008/09,2009-04-09,Newlands,1,34.5,South Africa,Australia,AB de Villiers,JH Kallis,JR Hopes,1,0,,,,,,,,,
350479,2008/09,2009-04-09,Newlands,1,34.6,South Africa,Australia,JH Kallis,AB de Villiers,JR Hopes,1,0,,,,,,,,,
350479,2008/09,2009-04-09,Newlands,1,35.1,South Africa,Australia,JH Kallis,AB de Villiers,B Geeves,0,0,,,,,,,,,
350479,2008/09,2009-04-09,Newlands,1,35.2,South Africa,Australia,JH Kallis,AB de Villiers,B Geeves,1,0,,,,,,,,,
350479,2008/09,2009-04-09,Newlands,1,35.3,South Africa,Australia,AB de Villiers,JH Kallis,B Geeves,1,0,,,,,,,,,
350479,2008/09,2009-04-09,Newlands,1,35.4,South Africa,Australia,JH Kallis,AB de Villiers,B Geeves,1,0,,,,,,,,,
350479,2008/09,2009-04-09,Newlands,1,35.5,South Africa,Australia,AB de Villiers,JH Kallis,B Geeves,1,0,,,,,,,,,
350479,2008/09,2009-04-09,Newlands,1,35.6,South Africa,Australia,JH Kallis,AB de Villiers,B Geeves,0,0,,,,,,caught,JH Kallis,,
350479,2008/09,2009-04-09,Newlands,1,36.1,South Africa,Australia,AB de Villiers,JP Duminy,JR Hopes,2,0,,,,,,,,,
350479,2008/09,2009-04-09,Newlands,1,36.2,South Africa,Australia,AB de Villiers,JP Duminy,JR Hopes,2,0,,,,,,,,,
350479,2008/09,2009-04-09,Newlands,1,36.3,South Africa,Australia,AB de Villiers,JP Duminy,JR Hopes,0,0,,,,,,,,,
350479,2008/09,2009-04-09,Newlands,1,36.4,South Africa,Australia,AB de Villiers,JP Duminy,JR Hopes,4,0,,,,,,,,,
350479,2008/09,2009-04-09,Newlands,1,36.5,South Africa,Australia,AB de Villiers,JP Duminy,JR Hopes,1,0,,,,,,,,,
350479,2008/09,2009-04-09,Newlands,1,36.6,South Africa,Australia,JP Duminy,AB de Villiers,JR Hopes,0,0,,,,,,,,,
350479,2008/09,2009-04-09,Newlands,1,37.1,South Africa,Australia,AB de Villiers,JP Duminy,B Geeves,0,0,,,,,,,,,
350479,2008/09,2009-04-09,Newlands,1,37.2,South Africa,Australia,AB de Villiers,JP Duminy,B Geeves,1,0,,,,,,,,,
350479,2008/09,2009-04-09,Newlands,1,37.3,South Africa,Australia,JP Duminy,AB de Villiers,B Geeves,0,0,,,,,,,,,
350479,2008/09,2009-04-09,Newlands,1,37.4,South Africa,Australia,JP Duminy,AB de Villiers,B Geeves,0,0,,,,,,,,,
350479,2008/09,2009-04-09,Newlands,1,37.5,South Africa,Australia,JP Duminy,AB de Villiers,B Geeves,0,0,,,,,,,,,
350479,2008/09,2009-04-09,Newlands,1,37.6,South Africa,Australia,JP Duminy,AB de Villiers,B Geeves,1,0,,,,,,,,,
350479,2008/09,2009-04-09,Newlands,1,38.1,South Africa,Australia,JP Duminy,AB de Villiers,JR Hopes,1,0,,,,,,,,,
350479,2008/09,2009-04-09,Newlands,1,38.2,South Africa,Australia,AB de Villiers,JP Duminy,JR Hopes,4,0,,,,,,,,,
350479,2008/09,2009-04-09,Newlands,1,38.3,South Africa,Australia,AB de Villiers,JP Duminy,JR Hopes,1,0,,,,,,,,,
350479,2008/09,2009-04-09,Newlands,1,38.4,South Africa,Australia,JP Duminy,AB de Villiers,JR Hopes,0,0,,,,,,,,,
350479,2008/09,2009-04-09,Newlands,1,38.5,South Africa,Australia,JP Duminy,AB de Villiers,JR Hopes,1,0,,,,,,,,,
350479,2008/09,2009-04-09,Newlands,1,38.6,South Africa,Australia,AB de Villiers,JP Duminy,JR Hopes,4,0,,,,,,,,,
350479,2008/09,2009-04-09,Newlands,1,39.1,South Africa,Australia,JP Duminy,AB de Villiers,NM Hauritz,1,0,,,,,,,,,
350479,2008/09,2009-04-09,Newlands,1,39.2,South Africa,Australia,AB de Villiers,JP Duminy,NM Hauritz,1,0,,,,,,,,,
350479,2008/09,2009-04-09,Newlands,1,39.3,South Africa,Australia,JP Duminy,AB de Villiers,NM Hauritz,2,0,,,,,,,,,
350479,2008/09,2009-04-09,Newlands,1,39.4,South Africa,Australia,JP Duminy,AB de Villiers,NM Hauritz,1,0,,,,,,,,,
350479,2008/09,2009-04-09,Newlands,1,39.5,South Africa,Australia,AB de Villiers,JP Duminy,NM Hauritz,4,0,,,,,,,,,
350479,2008/09,2009-04-09,Newlands,1,39.6,South Africa,Australia,AB de Villiers,JP Duminy,NM Hauritz,0,0,,,,,,,,,
350479,2008/09,2009-04-09,Newlands,1,40.1,South Africa,Australia,JP Duminy,AB de Villiers,MG Johnson,0,1,,,,1,,,,,
350479,2008/09,2009-04-09,Newlands,1,40.2,South Africa,Australia,AB de Villiers,JP Duminy,MG Johnson,0,1,,,,1,,,,,
350479,2008/09,2009-04-09,Newlands,1,40.3,South Africa,Australia,JP Duminy,AB de Villiers,MG Johnson,1,0,,,,,,,,,
350479,2008/09,2009-04-09,Newlands,1,40.4,South Africa,Australia,AB de Villiers,JP Duminy,MG Johnson,0,0,,,,,,caught,AB de Villiers,,
350479,2008/09,2009-04-09,Newlands,1,40.5,South Africa,Australia,JP Duminy,JA Morkel,MG Johnson,2,0,,,,,,,,,
350479,2008/09,2009-04-09,Newlands,1,40.6,South Africa,Australia,JP Duminy,JA Morkel,MG Johnson,0,0,,,,,,,,,
350479,2008/09,2009-04-09,Newlands,1,41.1,South Africa,Australia,JA Morkel,JP Duminy,NM Hauritz,0,0,,,,,,,,,
350479,2008/09,2009-04-09,Newlands,1,41.2,South Africa,Australia,JA Morkel,JP Duminy,NM Hauritz,0,0,,,,,,,,,
350479,2008/09,2009-04-09,Newlands,1,41.3,South Africa,Australia,JA Morkel,JP Duminy,NM Hauritz,1,0,,,,,,,,,
350479,2008/09,2009-04-09,Newlands,1,41.4,South Africa,Australia,JP Duminy,JA Morkel,NM Hauritz,1,0,,,,,,,,,
350479,2008/09,2009-04-09,Newlands,1,41.5,South Africa,Australia,JA Morkel,JP Duminy,NM Hauritz,0,0,,,,,,,,,
350479,2008/09,2009-04-09,Newlands,1,41.6,South Africa,Australia,JA Morkel,JP Duminy,NM Hauritz,0,0,,,,,,,,,
350479,2008/09,2009-04-09,Newlands,1,42.1,South Africa,Australia,JP Duminy,JA Morkel,JR Hopes,1,0,,,,,,,,,
350479,2008/09,2009-04-09,Newlands,1,42.2,South Africa,Australia,JA Morkel,JP Duminy,JR Hopes,1,0,,,,,,,,,
350479,2008/09,2009-04-09,Newlands,1,42.3,South Africa,Australia,JP Duminy,JA Morkel,JR Hopes,1,0,,,,,,,,,
350479,2008/09,2009-04-09,Newlands,1,42.4,South Africa,Australia,JA Morkel,JP Duminy,JR Hopes,1,0,,,,,,,,,
350479,2008/09,2009-04-09,Newlands,1,42.5,South Africa,Australia,JP Duminy,JA Morkel,JR Hopes,1,0,,,,,,,,,
350479,2008/09,2009-04-09,Newlands,1,42.6,South Africa,Australia,JA Morkel,JP Duminy,JR Hopes,1,0,,,,,,,,,
350479,2008/09,2009-04-09,Newlands,1,43.1,South Africa,Australia,JA Morkel,JP Duminy,B Geeves,1,0,,,,,,,,,
350479,2008/09,2009-04-09,Newlands,1,43.2,South Africa,Australia,JP Duminy,JA Morkel,B Geeves,1,0,,,,,,,,,
350479,2008/09,2009-04-09,Newlands,1,43.3,South Africa,Australia,JA Morkel,JP Duminy,B Geeves,0,1,1,,,,,,,,
350479,2008/09,2009-04-09,Newlands,1,43.4,South Africa,Australia,JA Morkel,JP Duminy,B Geeves,1,0,,,,,,,,,
350479,2008/09,2009-04-09,Newlands,1,43.5,South Africa,Australia,JP Duminy,JA Morkel,B Geeves,6,0,,,,,,,,,
350479,2008/09,2009-04-09,Newlands,1,43.6,South Africa,Australia,JP Duminy,JA Morkel,B Geeves,4,1,,1,,,,,,,
350479,2008/09,2009-04-09,Newlands,1,43.7,South Africa,Australia,JP Duminy,JA Morkel,B Geeves,2,0,,,,,,,,,
350479,2008/09,2009-04-09,Newlands,1,43.8,South Africa,Australia,JP Duminy,JA Morkel,B Geeves,1,0,,,,,,,,,
350479,2008/09,2009-04-09,Newlands,1,44.1,South Africa,Australia,JP Duminy,JA Morkel,MG Johnson,4,0,,,,,,,,,
350479,2008/09,2009-04-09,Newlands,1,44.2,South Africa,Australia,JP Duminy,JA Morkel,MG Johnson,0,0,,,,,,caught,JP Duminy,,
350479,2008/09,2009-04-09,Newlands,1,44.3,South Africa,Australia,MV Boucher,JA Morkel,MG Johnson,1,0,,,,,,,,,
350479,2008/09,2009-04-09,Newlands,1,44.4,South Africa,Australia,JA Morkel,MV Boucher,MG Johnson,0,1,,,,1,,,,,
350479,2008/09,2009-04-09,Newlands,1,44.5,South Africa,Australia,MV Boucher,JA Morkel,MG Johnson,0,0,,,,,,,,,
350479,2008/09,2009-04-09,Newlands,1,44.6,South Africa,Australia,MV Boucher,JA Morkel,MG Johnson,1,0,,,,,,,,,
350479,2008/09,2009-04-09,Newlands,1,45.1,South Africa,Australia,MV Boucher,JA Morkel,NW Bracken,1,0,,,,,,,,,
350479,2008/09,2009-04-09,Newlands,1,45.2,South Africa,Australia,JA Morkel,MV Boucher,NW Bracken,1,0,,,,,,,,,
350479,2008/09,2009-04-09,Newlands,1,45.3,South Africa,Australia,MV Boucher,JA Morkel,NW Bracken,1,0,,,,,,,,,
350479,2008/09,2009-04-09,Newlands,1,45.4,South Africa,Australia,JA Morkel,MV Boucher,NW Bracken,0,0,,,,,,,,,
350479,2008/09,2009-04-09,Newlands,1,45.5,South Africa,Australia,JA Morkel,MV Boucher,NW Bracken,0,1,1,,,,,,,,
350479,2008/09,2009-04-09,Newlands,1,45.6,South Africa,Australia,JA Morkel,MV Boucher,NW Bracken,1,0,,,,,,,,,
350479,2008/09,2009-04-09,Newlands,1,45.7,South Africa,Australia,MV Boucher,JA Morkel,NW Bracken,0,0,,,,,,,,,
350479,2008/09,2009-04-09,Newlands,1,46.1,South Africa,Australia,JA Morkel,MV Boucher,B Geeves,4,0,,,,,,,,,
350479,2008/09,2009-04-09,Newlands,1,46.2,South Africa,Australia,JA Morkel,MV Boucher,B Geeves,1,0,,,,,,,,,
350479,2008/09,2009-04-09,Newlands,1,46.3,South Africa,Australia,MV Boucher,JA Morkel,B Geeves,1,0,,,,,,,,,
350479,2008/09,2009-04-09,Newlands,1,46.4,South Africa,Australia,JA Morkel,MV Boucher,B Geeves,0,0,,,,,,,,,
350479,2008/09,2009-04-09,Newlands,1,46.5,South Africa,Australia,JA Morkel,MV Boucher,B Geeves,2,0,,,,,,,,,
350479,2008/09,2009-04-09,Newlands,1,46.6,South Africa,Australia,JA Morkel,MV Boucher,B Geeves,1,0,,,,,,,,,
350479,2008/09,2009-04-09,Newlands,1,47.1,South Africa,Australia,JA Morkel,MV Boucher,NW Bracken,1,0,,,,,,,,,
350479,2008/09,2009-04-09,Newlands,1,47.2,South Africa,Australia,MV Boucher,JA Morkel,NW Bracken,4,0,,,,,,,,,
350479,2008/09,2009-04-09,Newlands,1,47.3,South Africa,Australia,MV Boucher,JA Morkel,NW Bracken,6,0,,,,,,,,,
350479,2008/09,2009-04-09,Newlands,1,47.4,South Africa,Australia,MV Boucher,JA Morkel,NW Bracken,2,0,,,,,,,,,
350479,2008/09,2009-04-09,Newlands,1,47.5,South Africa,Australia,MV Boucher,JA Morkel,NW Bracken,1,0,,,,,,,,,
350479,2008/09,2009-04-09,Newlands,1,47.6,South Africa,Australia,JA Morkel,MV Boucher,NW Bracken,6,0,,,,,,,,,
350479,2008/09,2009-04-09,Newlands,1,48.1,South Africa,Australia,MV Boucher,JA Morkel,JR Hopes,6,0,,,,,,,,,
350479,2008/09,2009-04-09,Newlands,1,48.2,South Africa,Australia,MV Boucher,JA Morkel,JR Hopes,1,0,,,,,,,,,
350479,2008/09,2009-04-09,Newlands,1,48.3,South Africa,Australia,JA Morkel,MV Boucher,JR Hopes,1,0,,,,,,,,,
350479,2008/09,2009-04-09,Newlands,1,48.4,South Africa,Australia,MV Boucher,JA Morkel,JR Hopes,1,0,,,,,,,,,
350479,2008/09,2009-04-09,Newlands,1,48.5,South Africa,Australia,JA Morkel,MV Boucher,JR Hopes,1,0,,,,,,,,,
350479,2008/09,2009-04-09,Newlands,1,48.6,South Africa,Australia,MV Boucher,JA Morkel,JR Hopes,2,0,,,,,,,,,
350479,2008/09,2009-04-09,Newlands,1,49.1,South Africa,Australia,JA Morkel,MV Boucher,MG Johnson,4,0,,,,,,,,,
350479,2008/09,2009-04-09,Newlands,1,49.2,South Africa,Australia,JA Morkel,MV Boucher,MG Johnson,0,0,,,,,,bowled,JA Morkel,,
350479,2008/09,2009-04-09,Newlands,1,49.3,South Africa,Australia,RE van der Merwe,MV Boucher,MG Johnson,0,0,,,,,,,,,
350479,2008/09,2009-04-09,Newlands,1,49.4,South Africa,Australia,RE van der Merwe,MV Boucher,MG Johnson,0,0,,,,,,,,,
350479,2008/09,2009-04-09,Newlands,1,49.5,South Africa,Australia,RE van der Merwe,MV Boucher,MG Johnson,6,0,,,,,,,,,
350479,2008/09,2009-04-09,Newlands,1,49.6,South Africa,Australia,RE van der Merwe,MV Boucher,MG Johnson,0,0,,,,,,,,,
350479,2008/09,2009-04-09,Newlands,2,0.1,Australia,South Africa,BJ Haddin,MJ Clarke,DW Steyn,0,0,,,,,,,,,
350479,2008/09,2009-04-09,Newlands,2,0.2,Australia,South Africa,BJ Haddin,MJ Clarke,DW Steyn,0,0,,,,,,,,,
350479,2008/09,2009-04-09,Newlands,2,0.3,Australia,South Africa,BJ Haddin,MJ Clarke,DW Steyn,0,0,,,,,,,,,
350479,2008/09,2009-04-09,Newlands,2,0.4,Australia,South Africa,BJ Haddin,MJ Clarke,DW Steyn,0,0,,,,,,,,,
350479,2008/09,2009-04-09,Newlands,2,0.5,Australia,South Africa,BJ Haddin,MJ Clarke,DW Steyn,0,0,,,,,,,,,
350479,2008/09,2009-04-09,Newlands,2,0.6,Australia,South Africa,BJ Haddin,MJ Clarke,DW Steyn,0,1,1,,,,,,,,
350479,2008/09,2009-04-09,Newlands,2,0.7,Australia,South Africa,BJ Haddin,MJ Clarke,DW Steyn,0,0,,,,,,,,,
350479,2008/09,2009-04-09,Newlands,2,1.1,Australia,South Africa,MJ Clarke,BJ Haddin,WD Parnell,1,0,,,,,,,,,
350479,2008/09,2009-04-09,Newlands,2,1.2,Australia,South Africa,BJ Haddin,MJ Clarke,WD Parnell,0,0,,,,,,,,,
350479,2008/09,2009-04-09,Newlands,2,1.3,Australia,South Africa,BJ Haddin,MJ Clarke,WD Parnell,0,0,,,,,,,,,
350479,2008/09,2009-04-09,Newlands,2,1.4,Australia,South Africa,BJ Haddin,MJ Clarke,WD Parnell,1,0,,,,,,,,,
350479,2008/09,2009-04-09,Newlands,2,1.5,Australia,South Africa,MJ Clarke,BJ Haddin,WD Parnell,0,0,,,,,,,,,
350479,2008/09,2009-04-09,Newlands,2,1.6,Australia,South Africa,MJ Clarke,BJ Haddin,WD Parnell,0,0,,,,,,,,,
350479,2008/09,2009-04-09,Newlands,2,2.1,Australia,South Africa,BJ Haddin,MJ Clarke,DW Steyn,4,0,,,,,,,,,
350479,2008/09,2009-04-09,Newlands,2,2.2,Australia,South Africa,BJ Haddin,MJ Clarke,DW Steyn,0,0,,,,,,,,,
350479,2008/09,2009-04-09,Newlands,2,2.3,Australia,South Africa,BJ Haddin,MJ Clarke,DW Steyn,1,0,,,,,,,,,
350479,2008/09,2009-04-09,Newlands,2,2.4,Australia,South Africa,MJ Clarke,BJ Haddin,DW Steyn,0,0,,,,,,,,,
350479,2008/09,2009-04-09,Newlands,2,2.5,Australia,South Africa,MJ Clarke,BJ Haddin,DW Steyn,1,0,,,,,,,,,
350479,2008/09,2009-04-09,Newlands,2,2.6,Australia,South Africa,BJ Haddin,MJ Clarke,DW Steyn,1,0,,,,,,,,,
350479,2008/09,2009-04-09,Newlands,2,3.1,Australia,South Africa,BJ Haddin,MJ Clarke,WD Parnell,0,0,,,,,,,,,
350479,2008/09,2009-04-09,Newlands,2,3.2,Australia,South Africa,BJ Haddin,MJ Clarke,WD Parnell,1,0,,,,,,,,,
350479,2008/09,2009-04-09,Newlands,2,3.3,Australia,South Africa,MJ Clarke,BJ Haddin,WD Parnell,0,0,,,,,,,,,
350479,2008/09,2009-04-09,Newlands,2,3.4,Australia,South Africa,MJ Clarke,BJ Haddin,WD Parnell,2,0,,,,,,,,,
350479,2008/09,2009-04-09,Newlands,2,3.5,Australia,South Africa,MJ Clarke,BJ Haddin,WD Parnell,0,0,,,,,,,,,
350479,2008/09,2009-04-09,Newlands,2,3.6,Australia,South Africa,MJ Clarke,BJ Haddin,WD Parnell,0,0,,,,,,,,,
350479,2008/09,2009-04-09,Newlands,2,4.1,Australia,South Africa,BJ Haddin,MJ Clarke,DW Steyn,0,1,1,,,,,,,,
350479,2008/09,2009-04-09,Newlands,2,4.2,Australia,South Africa,BJ Haddin,MJ Clarke,DW Steyn,0,0,,,,,,,,,
350479,2008/09,2009-04-09,Newlands,2,4.3,Australia,South Africa,BJ Haddin,MJ Clarke,DW Steyn,0,0,,,,,,,,,
350479,2008/09,2009-04-09,Newlands,2,4.4,Australia,South Africa,BJ Haddin,MJ Clarke,DW Steyn,1,0,,,,,,,,,
350479,2008/09,2009-04-09,Newlands,2,4.5,Australia,South Africa,MJ Clarke,BJ Haddin,DW Steyn,1,0,,,,,,,,,
350479,2008/09,2009-04-09,Newlands,2,4.6,Australia,South Africa,BJ Haddin,MJ Clarke,DW Steyn,0,0,,,,,,,,,
350479,2008/09,2009-04-09,Newlands,2,4.7,Australia,South Africa,BJ Haddin,MJ Clarke,DW Steyn,0,0,,,,,,,,,
350479,2008/09,2009-04-09,Newlands,2,5.1,Australia,South Africa,MJ Clarke,BJ Haddin,WD Parnell,1,0,,,,,,,,,
350479,2008/09,2009-04-09,Newlands,2,5.2,Australia,South Africa,BJ Haddin,MJ Clarke,WD Parnell,0,0,,,,,,,,,
350479,2008/09,2009-04-09,Newlands,2,5.3,Australia,South Africa,BJ Haddin,MJ Clarke,WD Parnell,0,0,,,,,,,,,
350479,2008/09,2009-04-09,Newlands,2,5.4,Australia,South Africa,BJ Haddin,MJ Clarke,WD Parnell,0,0,,,,,,,,,
350479,2008/09,2009-04-09,Newlands,2,5.5,Australia,South Africa,BJ Haddin,MJ Clarke,WD Parnell,1,0,,,,,,,,,
350479,2008/09,2009-04-09,Newlands,2,5.6,Australia,South Africa,MJ Clarke,BJ Haddin,WD Parnell,1,0,,,,,,,,,
350479,2008/09,2009-04-09,Newlands,2,6.1,Australia,South Africa,MJ Clarke,BJ Haddin,DW Steyn,0,0,,,,,,,,,
350479,2008/09,2009-04-09,Newlands,2,6.2,Australia,South Africa,MJ Clarke,BJ Haddin,DW Steyn,0,0,,,,,,,,,
350479,2008/09,2009-04-09,Newlands,2,6.3,Australia,South Africa,MJ Clarke,BJ Haddin,DW Steyn,1,0,,,,,,,,,
350479,2008/09,2009-04-09,Newlands,2,6.4,Australia,South Africa,BJ Haddin,MJ Clarke,DW Steyn,0,0,,,,,,,,,
350479,2008/09,2009-04-09,Newlands,2,6.5,Australia,South Africa,BJ Haddin,MJ Clarke,DW Steyn,0,0,,,,,,,,,
350479,2008/09,2009-04-09,Newlands,2,6.6,Australia,South Africa,BJ Haddin,MJ Clarke,DW Steyn,0,0,,,,,,,,,
350479,2008/09,2009-04-09,Newlands,2,7.1,Australia,South Africa,MJ Clarke,BJ Haddin,WD Parnell,1,0,,,,,,,,,
350479,2008/09,2009-04-09,Newlands,2,7.2,Australia,South Africa,BJ Haddin,MJ Clarke,WD Parnell,1,0,,,,,,,,,
350479,2008/09,2009-04-09,Newlands,2,7.3,Australia,South Africa,MJ Clarke,BJ Haddin,WD Parnell,0,0,,,,,,,,,
350479,2008/09,2009-04-09,Newlands,2,7.4,Australia,South Africa,MJ Clarke,BJ Haddin,WD Parnell,0,0,,,,,,,,,
350479,2008/09,2009-04-09,Newlands,2,7.5,Australia,South Africa,MJ Clarke,BJ Haddin,WD Parnell,1,0,,,,,,,,,
350479,2008/09,2009-04-09,Newlands,2,7.6,Australia,South Africa,BJ Haddin,MJ Clarke,WD Parnell,1,0,,,,,,,,,
350479,2008/09,2009-04-09,Newlands,2,8.1,Australia,South Africa,BJ Haddin,MJ Clarke,DW Steyn,0,0,,,,,,,,,
350479,2008/09,2009-04-09,Newlands,2,8.2,Australia,South Africa,BJ Haddin,MJ Clarke,DW Steyn,1,0,,,,,,,,,
350479,2008/09,2009-04-09,Newlands,2,8.3,Australia,South Africa,MJ Clarke,BJ Haddin,DW Steyn,1,0,,,,,,,,,
350479,2008/09,2009-04-09,Newlands,2,8.4,Australia,South Africa,BJ Haddin,MJ Clarke,DW Steyn,0,0,,,,,,,,,
350479,2008/09,2009-04-09,Newlands,2,8.5,Australia,South Africa,BJ Haddin,MJ Clarke,DW Steyn,1,0,,,,,,,,,
350479,2008/09,2009-04-09,Newlands,2,8.6,Australia,South Africa,MJ Clarke,BJ Haddin,DW Steyn,1,0,,,,,,,,,
350479,2008/09,2009-04-09,Newlands,2,9.1,Australia,South Africa,MJ Clarke,BJ Haddin,WD Parnell,0,0,,,,,,,,,
350479,2008/09,2009-04-09,Newlands,2,9.2,Australia,South Africa,MJ Clarke,BJ Haddin,WD Parnell,1,0,,,,,,,,,
350479,2008/09,2009-04-09,Newlands,2,9.3,Australia,South Africa,BJ Haddin,MJ Clarke,WD Parnell,1,0,,,,,,,,,
350479,2008/09,2009-04-09,Newlands,2,9.4,Australia,South Africa,MJ Clarke,BJ Haddin,WD Parnell,0,0,,,,,,run out,BJ Haddin,,
350479,2008/09,2009-04-09,Newlands,2,9.5,Australia,South Africa,RT Ponting,MJ Clarke,WD Parnell,0,0,,,,,,,,,
350479,2008/09,2009-04-09,Newlands,2,9.6,Australia,South Africa,RT Ponting,MJ Clarke,WD Parnell,0,0,,,,,,,,,
350479,2008/09,2009-04-09,Newlands,2,10.1,Australia,South Africa,MJ Clarke,RT Ponting,JH Kallis,1,0,,,,,,,,,
350479,2008/09,2009-04-09,Newlands,2,10.2,Australia,South Africa,RT Ponting,MJ Clarke,JH Kallis,0,0,,,,,,,,,
350479,2008/09,2009-04-09,Newlands,2,10.3,Australia,South Africa,RT Ponting,MJ Clarke,JH Kallis,0,0,,,,,,,,,
350479,2008/09,2009-04-09,Newlands,2,10.4,Australia,South Africa,RT Ponting,MJ Clarke,JH Kallis,0,0,,,,,,,,,
350479,2008/09,2009-04-09,Newlands,2,10.5,Australia,South Africa,RT Ponting,MJ Clarke,JH Kallis,0,0,,,,,,,,,
350479,2008/09,2009-04-09,Newlands,2,10.6,Australia,South Africa,RT Ponting,MJ Clarke,JH Kallis,0,0,,,,,,,,,
350479,2008/09,2009-04-09,Newlands,2,11.1,Australia,South Africa,MJ Clarke,RT Ponting,WD Parnell,4,0,,,,,,,,,
350479,2008/09,2009-04-09,Newlands,2,11.2,Australia,South Africa,MJ Clarke,RT Ponting,WD Parnell,0,0,,,,,,,,,
350479,2008/09,2009-04-09,Newlands,2,11.3,Australia,South Africa,MJ Clarke,RT Ponting,WD Parnell,1,0,,,,,,,,,
350479,2008/09,2009-04-09,Newlands,2,11.4,Australia,South Africa,RT Ponting,MJ Clarke,WD Parnell,0,0,,,,,,,,,
350479,2008/09,2009-04-09,Newlands,2,11.5,Australia,South Africa,RT Ponting,MJ Clarke,WD Parnell,1,0,,,,,,,,,
350479,2008/09,2009-04-09,Newlands,2,11.6,Australia,South Africa,MJ Clarke,RT Ponting,WD Parnell,0,0,,,,,,,,,
350479,2008/09,2009-04-09,Newlands,2,12.1,Australia,South Africa,RT Ponting,MJ Clarke,JH Kallis,0,0,,,,,,,,,
350479,2008/09,2009-04-09,Newlands,2,12.2,Australia,South Africa,RT Ponting,MJ Clarke,JH Kallis,0,0,,,,,,,,,
350479,2008/09,2009-04-09,Newlands,2,12.3,Australia,South Africa,RT Ponting,MJ Clarke,JH Kallis,0,0,,,,,,,,,
350479,2008/09,2009-04-09,Newlands,2,12.4,Australia,South Africa,RT Ponting,MJ Clarke,JH Kallis,0,0,,,,,,,,,
350479,2008/09,2009-04-09,Newlands,2,12.5,Australia,South Africa,RT Ponting,MJ Clarke,JH Kallis,4,0,,,,,,,,,
350479,2008/09,2009-04-09,Newlands,2,12.6,Australia,South Africa,RT Ponting,MJ Clarke,JH Kallis,3,0,,,,,,,,,
350479,2008/09,2009-04-09,Newlands,2,13.1,Australia,South Africa,RT Ponting,MJ Clarke,JA Morkel,0,0,,,,,,,,,
350479,2008/09,2009-04-09,Newlands,2,13.2,Australia,South Africa,RT Ponting,MJ Clarke,JA Morkel,4,0,,,,,,,,,
350479,2008/09,2009-04-09,Newlands,2,13.3,Australia,South Africa,RT Ponting,MJ Clarke,JA Morkel,0,0,,,,,,,,,
350479,2008/09,2009-04-09,Newlands,2,13.4,Australia,South Africa,RT Ponting,MJ Clarke,JA Morkel,2,0,,,,,,,,,
350479,2008/09,2009-04-09,Newlands,2,13.5,Australia,South Africa,RT Ponting,MJ Clarke,JA Morkel,0,0,,,,,,,,,
350479,2008/09,2009-04-09,Newlands,2,13.6,Australia,South Africa,RT Ponting,MJ Clarke,JA Morkel,1,0,,,,,,,,,
350479,2008/09,2009-04-09,Newlands,2,14.1,Australia,South Africa,RT Ponting,MJ Clarke,JH Kallis,0,0,,,,,,,,,
350479,2008/09,2009-04-09,Newlands,2,14.2,Australia,South Africa,RT Ponting,MJ Clarke,JH Kallis,1,0,,,,,,,,,
350479,2008/09,2009-04-09,Newlands,2,14.3,Australia,South Africa,MJ Clarke,RT Ponting,JH Kallis,0,0,,,,,,,,,
350479,2008/09,2009-04-09,Newlands,2,14.4,Australia,South Africa,MJ Clarke,RT Ponting,JH Kallis,0,0,,,,,,,,,
350479,2008/09,2009-04-09,Newlands,2,14.5,Australia,South Africa,MJ Clarke,RT Ponting,JH Kallis,1,0,,,,,,,,,
350479,2008/09,2009-04-09,Newlands,2,14.6,Australia,South Africa,RT Ponting,MJ Clarke,JH Kallis,1,0,,,,,,,,,
350479,2008/09,2009-04-09,Newlands,2,15.1,Australia,South Africa,RT Ponting,MJ Clarke,J Botha,0,0,,,,,,,,,
350479,2008/09,2009-04-09,Newlands,2,15.2,Australia,South Africa,RT Ponting,MJ Clarke,J Botha,0,0,,,,,,,,,
350479,2008/09,2009-04-09,Newlands,2,15.3,Australia,South Africa,RT Ponting,MJ Clarke,J Botha,0,0,,,,,,,,,
350479,2008/09,2009-04-09,Newlands,2,15.4,Australia,South Africa,RT Ponting,MJ Clarke,J Botha,0,0,,,,,,,,,
350479,2008/09,2009-04-09,Newlands,2,15.5,Australia,South Africa,RT Ponting,MJ Clarke,J Botha,0,0,,,,,,,,,
350479,2008/09,2009-04-09,Newlands,2,15.6,Australia,South Africa,RT Ponting,MJ Clarke,J Botha,0,0,,,,,,,,,
350479,2008/09,2009-04-09,Newlands,2,16.1,Australia,South Africa,MJ Clarke,RT Ponting,JH Kallis,1,0,,,,,,,,,
350479,2008/09,2009-04-09,Newlands,2,16.2,Australia,South Africa,RT Ponting,MJ Clarke,JH Kallis,1,0,,,,,,,,,
350479,2008/09,2009-04-09,Newlands,2,16.3,Australia,South Africa,MJ Clarke,RT Ponting,JH Kallis,1,0,,,,,,,,,
350479,2008/09,2009-04-09,Newlands,2,16.4,Australia,South Africa,RT Ponting,MJ Clarke,JH Kallis,1,0,,,,,,,,,
350479,2008/09,2009-04-09,Newlands,2,16.5,Australia,South Africa,MJ Clarke,RT Ponting,JH Kallis,4,0,,,,,,,,,
350479,2008/09,2009-04-09,Newlands,2,16.6,Australia,South Africa,MJ Clarke,RT Ponting,JH Kallis,0,0,,,,,,,,,
350479,2008/09,2009-04-09,Newlands,2,17.1,Australia,South Africa,RT Ponting,MJ Clarke,J Botha,0,0,,,,,,,,,
350479,2008/09,2009-04-09,Newlands,2,17.2,Australia,South Africa,RT Ponting,MJ Clarke,J Botha,1,0,,,,,,,,,
350479,2008/09,2009-04-09,Newlands,2,17.3,Australia,South Africa,MJ Clarke,RT Ponting,J Botha,2,0,,,,,,,,,
350479,2008/09,2009-04-09,Newlands,2,17.4,Australia,South Africa,MJ Clarke,RT Ponting,J Botha,1,0,,,,,,,,,
350479,2008/09,2009-04-09,Newlands,2,17.5,Australia,South Africa,RT Ponting,MJ Clarke,J Botha,0,0,,,,,,caught and bowled,RT Ponting,,
350479,2008/09,2009-04-09,Newlands,2,17.6,Australia,South Africa,DJ Hussey,MJ Clarke,J Botha,0,0,,,,,,,,,
350479,2008/09,2009-04-09,Newlands,2,18.1,Australia,South Africa,MJ Clarke,DJ Hussey,RE van der Merwe,2,0,,,,,,,,,
350479,2008/09,2009-04-09,Newlands,2,18.2,Australia,South Africa,MJ Clarke,DJ Hussey,RE van der Merwe,0,0,,,,,,,,,
350479,2008/09,2009-04-09,Newlands,2,18.3,Australia,South Africa,MJ Clarke,DJ Hussey,RE van der Merwe,1,0,,,,,,,,,
350479,2008/09,2009-04-09,Newlands,2,18.4,Australia,South Africa,DJ Hussey,MJ Clarke,RE van der Merwe,0,0,,,,,,,,,
350479,2008/09,2009-04-09,Newlands,2,18.5,Australia,South Africa,DJ Hussey,MJ Clarke,RE van der Merwe,0,0,,,,,,,,,
350479,2008/09,2009-04-09,Newlands,2,18.6,Australia,South Africa,DJ Hussey,MJ Clarke,RE van der Merwe,1,0,,,,,,,,,
350479,2008/09,2009-04-09,Newlands,2,19.1,Australia,South Africa,DJ Hussey,MJ Clarke,J Botha,0,0,,,,,,,,,
350479,2008/09,2009-04-09,Newlands,2,19.2,Australia,South Africa,DJ Hussey,MJ Clarke,J Botha,2,0,,,,,,,,,
350479,2008/09,2009-04-09,Newlands,2,19.3,Australia,South Africa,DJ Hussey,MJ Clarke,J Botha,1,0,,,,,,,,,
350479,2008/09,2009-04-09,Newlands,2,19.4,Australia,South Africa,MJ Clarke,DJ Hussey,J Botha,0,0,,,,,,,,,
350479,2008/09,2009-04-09,Newlands,2,19.5,Australia,South Africa,MJ Clarke,DJ Hussey,J Botha,1,0,,,,,,,,,
350479,2008/09,2009-04-09,Newlands,2,19.6,Australia,South Africa,DJ Hussey,MJ Clarke,J Botha,0,0,,,,,,,,,
350479,2008/09,2009-04-09,Newlands,2,20.1,Australia,South Africa,MJ Clarke,DJ Hussey,RE van der Merwe,0,1,,,,1,,,,,
350479,2008/09,2009-04-09,Newlands,2,20.2,Australia,South Africa,DJ Hussey,MJ Clarke,RE van der Merwe,0,0,,,,,,,,,
350479,2008/09,2009-04-09,Newlands,2,20.3,Australia,South Africa,DJ Hussey,MJ Clarke,RE van der Merwe,0,0,,,,,,,,,
350479,2008/09,2009-04-09,Newlands,2,20.4,Australia,South Africa,DJ Hussey,MJ Clarke,RE van der Merwe,0,0,,,,,,,,,
350479,2008/09,2009-04-09,Newlands,2,20.5,Australia,South Africa,DJ Hussey,MJ Clarke,RE van der Merwe,1,0,,,,,,,,,
350479,2008/09,2009-04-09,Newlands,2,20.6,Australia,South Africa,MJ Clarke,DJ Hussey,RE van der Merwe,0,0,,,,,,,,,
350479,2008/09,2009-04-09,Newlands,2,21.1,Australia,South Africa,DJ Hussey,MJ Clarke,J Botha,0,0,,,,,,,,,
350479,2008/09,2009-04-09,Newlands,2,21.2,Australia,South Africa,DJ Hussey,MJ Clarke,J Botha,1,0,,,,,,,,,
350479,2008/09,2009-04-09,Newlands,2,21.3,Australia,South Africa,MJ Clarke,DJ Hussey,J Botha,0,0,,,,,,,,,
350479,2008/09,2009-04-09,Newlands,2,21.4,Australia,South Africa,MJ Clarke,DJ Hussey,J Botha,1,0,,,,,,,,,
350479,2008/09,2009-04-09,Newlands,2,21.5,Australia,South Africa,DJ Hussey,MJ Clarke,J Botha,1,0,,,,,,,,,
350479,2008/09,2009-04-09,Newlands,2,21.6,Australia,South Africa,MJ Clarke,DJ Hussey,J Botha,1,0,,,,,,,,,
350479,2008/09,2009-04-09,Newlands,2,22.1,Australia,South Africa,MJ Clarke,DJ Hussey,RE van der Merwe,0,0,,,,,,bowled,MJ Clarke,,
350479,2008/09,2009-04-09,Newlands,2,22.2,Australia,South Africa,MEK Hussey,DJ Hussey,RE van der Merwe,1,0,,,,,,,,,
350479,2008/09,2009-04-09,Newlands,2,22.3,Australia,South Africa,DJ Hussey,MEK Hussey,RE van der Merwe,1,0,,,,,,,,,
350479,2008/09,2009-04-09,Newlands,2,22.4,Australia,South Africa,MEK Hussey,DJ Hussey,RE van der Merwe,0,0,,,,,,,,,
350479,2008/09,2009-04-09,Newlands,2,22.5,Australia,South Africa,MEK Hussey,DJ Hussey,RE van der Merwe,0,0,,,,,,,,,
350479,2008/09,2009-04-09,Newlands,2,22.6,Australia,South Africa,MEK Hussey,DJ Hussey,RE van der Merwe,0,1,1,,,,,,,,
350479,2008/09,2009-04-09,Newlands,2,22.7,Australia,South Africa,MEK Hussey,DJ Hussey,RE van der Merwe,0,0,,,,,,lbw,MEK Hussey,,
350479,2008/09,2009-04-09,Newlands,2,23.1,Australia,South Africa,DJ Hussey,CJ Ferguson,J Botha,0,0,,,,,,,,,
350479,2008/09,2009-04-09,Newlands,2,23.2,Australia,South Africa,DJ Hussey,CJ Ferguson,J Botha,2,0,,,,,,,,,
350479,2008/09,2009-04-09,Newlands,2,23.3,Australia,South Africa,DJ Hussey,CJ Ferguson,J Botha,1,0,,,,,,,,,
350479,2008/09,2009-04-09,Newlands,2,23.4,Australia,South Africa,CJ Ferguson,DJ Hussey,J Botha,0,0,,,,,,,,,
350479,2008/09,2009-04-09,Newlands,2,23.5,Australia,South Africa,CJ Ferguson,DJ Hussey,J Botha,0,0,,,,,,,,,
350479,2008/09,2009-04-09,Newlands,2,23.6,Australia,South Africa,CJ Ferguson,DJ Hussey,J Botha,0,0,,,,,,,,,
350479,2008/09,2009-04-09,Newlands,2,24.1,Australia,South Africa,DJ Hussey,CJ Ferguson,RE van der Merwe,1,0,,,,,,,,,
350479,2008/09,2009-04-09,Newlands,2,24.2,Australia,South Africa,CJ Ferguson,DJ Hussey,RE van der Merwe,0,0,,,,,,,,,
350479,2008/09,2009-04-09,Newlands,2,24.3,Australia,South Africa,CJ Ferguson,DJ Hussey,RE van der Merwe,0,0,,,,,,,,,
350479,2008/09,2009-04-09,Newlands,2,24.4,Australia,South Africa,CJ Ferguson,DJ Hussey,RE van der Merwe,0,0,,,,,,,,,
350479,2008/09,2009-04-09,Newlands,2,24.5,Australia,South Africa,CJ Ferguson,DJ Hussey,RE van der Merwe,1,0,,,,,,,,,
350479,2008/09,2009-04-09,Newlands,2,24.6,Australia,South Africa,DJ Hussey,CJ Ferguson,RE van der Merwe,0,0,,,,,,,,,
350479,2008/09,2009-04-09,Newlands,2,25.1,Australia,South Africa,CJ Ferguson,DJ Hussey,J Botha,2,0,,,,,,,,,
350479,2008/09,2009-04-09,Newlands,2,25.2,Australia,South Africa,CJ Ferguson,DJ Hussey,J Botha,0,0,,,,,,,,,
350479,2008/09,2009-04-09,Newlands,2,25.3,Australia,South Africa,CJ Ferguson,DJ Hussey,J Botha,2,0,,,,,,,,,
350479,2008/09,2009-04-09,Newlands,2,25.4,Australia,South Africa,CJ Ferguson,DJ Hussey,J Botha,0,0,,,,,,,,,
350479,2008/09,2009-04-09,Newlands,2,25.5,Australia,South Africa,CJ Ferguson,DJ Hussey,J Botha,0,0,,,,,,,,,
350479,2008/09,2009-04-09,Newlands,2,25.6,Australia,South Africa,CJ Ferguson,DJ Hussey,J Botha,1,0,,,,,,,,,
350479,2008/09,2009-04-09,Newlands,2,26.1,Australia,South Africa,CJ Ferguson,DJ Hussey,RE van der Merwe,1,0,,,,,,,,,
350479,2008/09,2009-04-09,Newlands,2,26.2,Australia,South Africa,DJ Hussey,CJ Ferguson,RE van der Merwe,1,0,,,,,,,,,
350479,2008/09,2009-04-09,Newlands,2,26.3,Australia,South Africa,CJ Ferguson,DJ Hussey,RE van der Merwe,1,0,,,,,,,,,
350479,2008/09,2009-04-09,Newlands,2,26.4,Australia,South Africa,DJ Hussey,CJ Ferguson,RE van der Merwe,1,0,,,,,,,,,
350479,2008/09,2009-04-09,Newlands,2,26.5,Australia,South Africa,CJ Ferguson,DJ Hussey,RE van der Merwe,0,0,,,,,,,,,
350479,2008/09,2009-04-09,Newlands,2,26.6,Australia,South Africa,CJ Ferguson,DJ Hussey,RE van der Merwe,0,0,,,,,,,,,
350479,2008/09,2009-04-09,Newlands,2,27.1,Australia,South Africa,DJ Hussey,CJ Ferguson,J Botha,1,0,,,,,,,,,
350479,2008/09,2009-04-09,Newlands,2,27.2,Australia,South Africa,CJ Ferguson,DJ Hussey,J Botha,2,0,,,,,,,,,
350479,2008/09,2009-04-09,Newlands,2,27.3,Australia,South Africa,CJ Ferguson,DJ Hussey,J Botha,1,0,,,,,,,,,
350479,2008/09,2009-04-09,Newlands,2,27.4,Australia,South Africa,DJ Hussey,CJ Ferguson,J Botha,1,0,,,,,,,,,
350479,2008/09,2009-04-09,Newlands,2,27.5,Australia,South Africa,CJ Ferguson,DJ Hussey,J Botha,4,0,,,,,,,,,
350479,2008/09,2009-04-09,Newlands,2,27.6,Australia,South Africa,CJ Ferguson,DJ Hussey,J Botha,1,0,,,,,,,,,
350479,2008/09,2009-04-09,Newlands,2,28.1,Australia,South Africa,CJ Ferguson,DJ Hussey,RE van der Merwe,1,0,,,,,,,,,
350479,2008/09,2009-04-09,Newlands,2,28.2,Australia,South Africa,DJ Hussey,CJ Ferguson,RE van der Merwe,1,0,,,,,,,,,
350479,2008/09,2009-04-09,Newlands,2,28.3,Australia,South Africa,CJ Ferguson,DJ Hussey,RE van der Merwe,0,0,,,,,,,,,
350479,2008/09,2009-04-09,Newlands,2,28.4,Australia,South Africa,CJ Ferguson,DJ Hussey,RE van der Merwe,1,0,,,,,,,,,
350479,2008/09,2009-04-09,Newlands,2,28.5,Australia,South Africa,DJ Hussey,CJ Ferguson,RE van der Merwe,1,0,,,,,,,,,
350479,2008/09,2009-04-09,Newlands,2,28.6,Australia,South Africa,CJ Ferguson,DJ Hussey,RE van der Merwe,0,0,,,,,,,,,
350479,2008/09,2009-04-09,Newlands,2,29.1,Australia,South Africa,DJ Hussey,CJ Ferguson,J Botha,0,0,,,,,,,,,
350479,2008/09,2009-04-09,Newlands,2,29.2,Australia,South Africa,DJ Hussey,CJ Ferguson,J Botha,0,0,,,,,,,,,
350479,2008/09,2009-04-09,Newlands,2,29.3,Australia,South Africa,DJ Hussey,CJ Ferguson,J Botha,1,0,,,,,,,,,
350479,2008/09,2009-04-09,Newlands,2,29.4,Australia,South Africa,CJ Ferguson,DJ Hussey,J Botha,0,0,,,,,,,,,
350479,2008/09,2009-04-09,Newlands,2,29.5,Australia,South Africa,CJ Ferguson,DJ Hussey,J Botha,1,0,,,,,,,,,
350479,2008/09,2009-04-09,Newlands,2,29.6,Australia,South Africa,DJ Hussey,CJ Ferguson,J Botha,1,0,,,,,,,,,
350479,2008/09,2009-04-09,Newlands,2,30.1,Australia,South Africa,DJ Hussey,CJ Ferguson,JP Duminy,0,0,,,,,,,,,
350479,2008/09,2009-04-09,Newlands,2,30.2,Australia,South Africa,DJ Hussey,CJ Ferguson,JP Duminy,0,0,,,,,,caught,DJ Hussey,,
350479,2008/09,2009-04-09,Newlands,2,30.3,Australia,South Africa,CJ Ferguson,JR Hopes,JP Duminy,1,0,,,,,,,,,
350479,2008/09,2009-04-09,Newlands,2,30.4,Australia,South Africa,JR Hopes,CJ Ferguson,JP Duminy,0,0,,,,,,,,,
350479,2008/09,2009-04-09,Newlands,2,30.5,Australia,South Africa,JR Hopes,CJ Ferguson,JP Duminy,0,0,,,,,,,,,
350479,2008/09,2009-04-09,Newlands,2,30.6,Australia,South Africa,JR Hopes,CJ Ferguson,JP Duminy,0,0,,,,,,,,,
350479,2008/09,2009-04-09,Newlands,2,31.1,Australia,South Africa,CJ Ferguson,JR Hopes,RE van der Merwe,1,0,,,,,,,,,
350479,2008/09,2009-04-09,Newlands,2,31.2,Australia,South Africa,JR Hopes,CJ Ferguson,RE van der Merwe,1,0,,,,,,,,,
350479,2008/09,2009-04-09,Newlands,2,31.3,Australia,South Africa,CJ Ferguson,JR Hopes,RE van der Merwe,1,0,,,,,,,,,
350479,2008/09,2009-04-09,Newlands,2,31.4,Australia,South Africa,JR Hopes,CJ Ferguson,RE van der Merwe,0,0,,,,,,,,,
350479,2008/09,2009-04-09,Newlands,2,31.5,Australia,South Africa,JR Hopes,CJ Ferguson,RE van der Merwe,1,0,,,,,,,,,
350479,2008/09,2009-04-09,Newlands,2,31.6,Australia,South Africa,CJ Ferguson,JR Hopes,RE van der Merwe,0,0,,,,,,,,,
350479,2008/09,2009-04-09,Newlands,2,32.1,Australia,South Africa,JR Hopes,CJ Ferguson,JP Duminy,1,0,,,,,,,,,
350479,2008/09,2009-04-09,Newlands,2,32.2,Australia,South Africa,CJ Ferguson,JR Hopes,JP Duminy,0,0,,,,,,,,,
350479,2008/09,2009-04-09,Newlands,2,32.3,Australia,South Africa,CJ Ferguson,JR Hopes,JP Duminy,1,0,,,,,,,,,
350479,2008/09,2009-04-09,Newlands,2,32.4,Australia,South Africa,JR Hopes,CJ Ferguson,JP Duminy,1,0,,,,,,,,,
350479,2008/09,2009-04-09,Newlands,2,32.5,Australia,South Africa,CJ Ferguson,JR Hopes,JP Duminy,1,0,,,,,,,,,
350479,2008/09,2009-04-09,Newlands,2,32.6,Australia,South Africa,JR Hopes,CJ Ferguson,JP Duminy,1,0,,,,,,,,,
350479,2008/09,2009-04-09,Newlands,2,33.1,Australia,South Africa,JR Hopes,CJ Ferguson,RE van der Merwe,1,0,,,,,,,,,
350479,2008/09,2009-04-09,Newlands,2,33.2,Australia,South Africa,CJ Ferguson,JR Hopes,RE van der Merwe,4,0,,,,,,,,,
350479,2008/09,2009-04-09,Newlands,2,33.3,Australia,South Africa,CJ Ferguson,JR Hopes,RE van der Merwe,1,0,,,,,,,,,
350479,2008/09,2009-04-09,Newlands,2,33.4,Australia,South Africa,JR Hopes,CJ Ferguson,RE van der Merwe,0,0,,,,,,,,,
350479,2008/09,2009-04-09,Newlands,2,33.5,Australia,South Africa,JR Hopes,CJ Ferguson,RE van der Merwe,0,0,,,,,,,,,
350479,2008/09,2009-04-09,Newlands,2,33.6,Australia,South Africa,JR Hopes,CJ Ferguson,RE van der Merwe,0,0,,,,,,,,,
350479,2008/09,2009-04-09,Newlands,2,34.1,Australia,South Africa,CJ Ferguson,JR Hopes,DW Steyn,1,0,,,,,,,,,
350479,2008/09,2009-04-09,Newlands,2,34.2,Australia,South Africa,JR Hopes,CJ Ferguson,DW Steyn,1,0,,,,,,,,,
350479,2008/09,2009-04-09,Newlands,2,34.3,Australia,South Africa,CJ Ferguson,JR Hopes,DW Steyn,0,0,,,,,,,,,
350479,2008/09,2009-04-09,Newlands,2,34.4,Australia,South Africa,CJ Ferguson,JR Hopes,DW Steyn,0,0,,,,,,,,,
350479,2008/09,2009-04-09,Newlands,2,34.5,Australia,South Africa,CJ Ferguson,JR Hopes,DW Steyn,0,0,,,,,,,,,
350479,2008/09,2009-04-09,Newlands,2,34.6,Australia,South Africa,CJ Ferguson,JR Hopes,DW Steyn,2,0,,,,,,,,,
350479,2008/09,2009-04-09,Newlands,2,35.1,Australia,South Africa,JR Hopes,CJ Ferguson,JA Morkel,0,0,,,,,,,,,
350479,2008/09,2009-04-09,Newlands,2,35.2,Australia,South Africa,JR Hopes,CJ Ferguson,JA Morkel,1,0,,,,,,,,,
350479,2008/09,2009-04-09,Newlands,2,35.3,Australia,South Africa,CJ Ferguson,JR Hopes,JA Morkel,1,0,,,,,,,,,
350479,2008/09,2009-04-09,Newlands,2,35.4,Australia,South Africa,JR Hopes,CJ Ferguson,JA Morkel,1,0,,,,,,,,,
350479,2008/09,2009-04-09,Newlands,2,35.5,Australia,South Africa,CJ Ferguson,JR Hopes,JA Morkel,1,0,,,,,,,,,
350479,2008/09,2009-04-09,Newlands,2,35.6,Australia,South Africa,JR Hopes,CJ Ferguson,JA Morkel,0,0,,,,,,,,,
350479,2008/09,2009-04-09,Newlands,2,36.1,Australia,South Africa,CJ Ferguson,JR Hopes,DW Steyn,4,0,,,,,,,,,
350479,2008/09,2009-04-09,Newlands,2,36.2,Australia,South Africa,CJ Ferguson,JR Hopes,DW Steyn,0,1,1,,,,,,,,
350479,2008/09,2009-04-09,Newlands,2,36.3,Australia,South Africa,CJ Ferguson,JR Hopes,DW Steyn,1,0,,,,,,,,,
350479,2008/09,2009-04-09,Newlands,2,36.4,Australia,South Africa,JR Hopes,CJ Ferguson,DW Steyn,0,0,,,,,,,,,
350479,2008/09,2009-04-09,Newlands,2,36.5,Australia,South Africa,JR Hopes,CJ Ferguson,DW Steyn,1,0,,,,,,,,,
350479,2008/09,2009-04-09,Newlands,2,36.6,Australia,South Africa,CJ Ferguson,JR Hopes,DW Steyn,0,0,,,,,,,,,
350479,2008/09,2009-04-09,Newlands,2,36.7,Australia,South Africa,CJ Ferguson,JR Hopes,DW Steyn,1,0,,,,,,,,,
350479,2008/09,2009-04-09,Newlands,2,37.1,Australia,South Africa,CJ Ferguson,JR Hopes,JA Morkel,1,0,,,,,,,,,
350479,2008/09,2009-04-09,Newlands,2,37.2,Australia,South Africa,JR Hopes,CJ Ferguson,JA Morkel,0,0,,,,,,,,,
350479,2008/09,2009-04-09,Newlands,2,37.3,Australia,South Africa,JR Hopes,CJ Ferguson,JA Morkel,1,0,,,,,,,,,
350479,2008/09,2009-04-09,Newlands,2,37.4,Australia,South Africa,CJ Ferguson,JR Hopes,JA Morkel,0,1,,,,1,,,,,
350479,2008/09,2009-04-09,Newlands,2,37.5,Australia,South Africa,JR Hopes,CJ Ferguson,JA Morkel,1,0,,,,,,,,,
350479,2008/09,2009-04-09,Newlands,2,37.6,Australia,South Africa,CJ Ferguson,JR Hopes,JA Morkel,0,0,,,,,,,,,
350479,2008/09,2009-04-09,Newlands,2,38.1,Australia,South Africa,JR Hopes,CJ Ferguson,DW Steyn,2,0,,,,,,,,,
350479,2008/09,2009-04-09,Newlands,2,38.2,Australia,South Africa,JR Hopes,CJ Ferguson,DW Steyn,0,0,,,,,,,,,
350479,2008/09,2009-04-09,Newlands,2,38.3,Australia,South Africa,JR Hopes,CJ Ferguson,DW Steyn,1,0,,,,,,,,,
350479,2008/09,2009-04-09,Newlands,2,38.4,Australia,South Africa,CJ Ferguson,JR Hopes,DW Steyn,0,4,,,,4,,,,,
350479,2008/09,2009-04-09,Newlands,2,38.5,Australia,South Africa,CJ Ferguson,JR Hopes,DW Steyn,1,0,,,,,,,,,
350479,2008/09,2009-04-09,Newlands,2,38.6,Australia,South Africa,JR Hopes,CJ Ferguson,DW Steyn,1,0,,,,,,,,,
350479,2008/09,2009-04-09,Newlands,2,39.1,Australia,South Africa,JR Hopes,CJ Ferguson,JA Morkel,4,0,,,,,,,,,
350479,2008/09,2009-04-09,Newlands,2,39.2,Australia,South Africa,JR Hopes,CJ Ferguson,JA Morkel,1,0,,,,,,,,,
350479,2008/09,2009-04-09,Newlands,2,39.3,Australia,South Africa,CJ Ferguson,JR Hopes,JA Morkel,1,0,,,,,,,,,
350479,2008/09,2009-04-09,Newlands,2,39.4,Australia,South Africa,JR Hopes,CJ Ferguson,JA Morkel,1,0,,,,,,,,,
350479,2008/09,2009-04-09,Newlands,2,39.5,Australia,South Africa,CJ Ferguson,JR Hopes,JA Morkel,0,0,,,,,,,,,
350479,2008/09,2009-04-09,Newlands,2,39.6,Australia,South Africa,CJ Ferguson,JR Hopes,JA Morkel,4,0,,,,,,,,,
350479,2008/09,2009-04-09,Newlands,2,40.1,Australia,South Africa,JR Hopes,CJ Ferguson,DW Steyn,1,0,,,,,,,,,
350479,2008/09,2009-04-09,Newlands,2,40.2,Australia,South Africa,CJ Ferguson,JR Hopes,DW Steyn,1,0,,,,,,,,,
350479,2008/09,2009-04-09,Newlands,2,40.3,Australia,South Africa,JR Hopes,CJ Ferguson,DW Steyn,1,0,,,,,,,,,
350479,2008/09,2009-04-09,Newlands,2,40.4,Australia,South Africa,CJ Ferguson,JR Hopes,DW Steyn,0,0,,,,,,,,,
350479,2008/09,2009-04-09,Newlands,2,40.5,Australia,South Africa,CJ Ferguson,JR Hopes,DW Steyn,1,0,,,,,,,,,
350479,2008/09,2009-04-09,Newlands,2,40.6,Australia,South Africa,JR Hopes,CJ Ferguson,DW Steyn,1,0,,,,,,,,,
350479,2008/09,2009-04-09,Newlands,2,41.1,Australia,South Africa,JR Hopes,CJ Ferguson,WD Parnell,4,0,,,,,,,,,
350479,2008/09,2009-04-09,Newlands,2,41.2,Australia,South Africa,JR Hopes,CJ Ferguson,WD Parnell,4,0,,,,,,,,,
350479,2008/09,2009-04-09,Newlands,2,41.3,Australia,South Africa,JR Hopes,CJ Ferguson,WD Parnell,2,0,,,,,,,,,
350479,2008/09,2009-04-09,Newlands,2,41.4,Australia,South Africa,JR Hopes,CJ Ferguson,WD Parnell,1,0,,,,,,,,,
350479,2008/09,2009-04-09,Newlands,2,41.5,Australia,South Africa,CJ Ferguson,JR Hopes,WD Parnell,1,0,,,,,,,,,
350479,2008/09,2009-04-09,Newlands,2,41.6,Australia,South Africa,JR Hopes,CJ Ferguson,WD Parnell,1,0,,,,,,,,,
350479,2008/09,2009-04-09,Newlands,2,42.1,Australia,South Africa,JR Hopes,CJ Ferguson,RE van der Merwe,2,0,,,,,,,,,
350479,2008/09,2009-04-09,Newlands,2,42.2,Australia,South Africa,JR Hopes,CJ Ferguson,RE van der Merwe,0,0,,,,,,,,,
350479,2008/09,2009-04-09,Newlands,2,42.3,Australia,South Africa,JR Hopes,CJ Ferguson,RE van der Merwe,1,0,,,,,,,,,
350479,2008/09,2009-04-09,Newlands,2,42.4,Australia,South Africa,CJ Ferguson,JR Hopes,RE van der Merwe,1,0,,,,,,,,,
350479,2008/09,2009-04-09,Newlands,2,42.5,Australia,South Africa,JR Hopes,CJ Ferguson,RE van der Merwe,1,0,,,,,,,,,
350479,2008/09,2009-04-09,Newlands,2,42.6,Australia,South Africa,CJ Ferguson,JR Hopes,RE van der Merwe,1,0,,,,,,,,,
350479,2008/09,2009-04-09,Newlands,2,43.1,Australia,South Africa,CJ Ferguson,JR Hopes,J Botha,4,0,,,,,,,,,
350479,2008/09,2009-04-09,Newlands,2,43.2,Australia,South Africa,CJ Ferguson,JR Hopes,J Botha,1,0,,,,,,,,,
350479,2008/09,2009-04-09,Newlands,2,43.3,Australia,South Africa,JR Hopes,CJ Ferguson,J Botha,1,0,,,,,,,,,
350479,2008/09,2009-04-09,Newlands,2,43.4,Australia,South Africa,CJ Ferguson,JR Hopes,J Botha,1,0,,,,,,,,,
350479,2008/09,2009-04-09,Newlands,2,43.5,Australia,South Africa,JR Hopes,CJ Ferguson,J Botha,1,0,,,,,,,,,
350479,2008/09,2009-04-09,Newlands,2,43.6,Australia,South Africa,CJ Ferguson,JR Hopes,J Botha,4,0,,,,,,,,,
350479,2008/09,2009-04-09,Newlands,2,44.1,Australia,South Africa,JR Hopes,CJ Ferguson,RE van der Merwe,1,0,,,,,,,,,
350479,2008/09,2009-04-09,Newlands,2,44.2,Australia,South Africa,CJ Ferguson,JR Hopes,RE van der Merwe,1,0,,,,,,,,,
350479,2008/09,2009-04-09,Newlands,2,44.3,Australia,South Africa,JR Hopes,CJ Ferguson,RE van der Merwe,0,0,,,,,,,,,
350479,2008/09,2009-04-09,Newlands,2,44.4,Australia,South Africa,JR Hopes,CJ Ferguson,RE van der Merwe,1,0,,,,,,,,,
350479,2008/09,2009-04-09,Newlands,2,44.5,Australia,South Africa,CJ Ferguson,JR Hopes,RE van der Merwe,0,2,,,,2,,,,,
350479,2008/09,2009-04-09,Newlands,2,44.6,Australia,South Africa,CJ Ferguson,JR Hopes,RE van der Merwe,0,0,,,,,,caught,CJ Ferguson,,
350479,2008/09,2009-04-09,Newlands,2,45.1,Australia,South Africa,MG Johnson,JR Hopes,J Botha,1,0,,,,,,,,,
350479,2008/09,2009-04-09,Newlands,2,45.2,Australia,South Africa,JR Hopes,MG Johnson,J Botha,1,0,,,,,,,,,
350479,2008/09,2009-04-09,Newlands,2,45.3,Australia,South Africa,MG Johnson,JR Hopes,J Botha,6,0,,,,,,,,,
350479,2008/09,2009-04-09,Newlands,2,45.4,Australia,South Africa,MG Johnson,JR Hopes,J Botha,0,0,,,,,,,,,
350479,2008/09,2009-04-09,Newlands,2,45.5,Australia,South Africa,MG Johnson,JR Hopes,J Botha,0,0,,,,,,,,,
350479,2008/09,2009-04-09,Newlands,2,45.6,Australia,South Africa,MG Johnson,JR Hopes,J Botha,0,5,5,,,,,,,,
350479,2008/09,2009-04-09,Newlands,2,45.7,Australia,South Africa,MG Johnson,JR Hopes,J Botha,1,0,,,,,,,,,
350479,2008/09,2009-04-09,Newlands,2,46.1,Australia,South Africa,MG Johnson,JR Hopes,JA Morkel,1,0,,,,,,run out,MG Johnson,,
350479,2008/09,2009-04-09,Newlands,2,46.2,Australia,South Africa,B Geeves,JR Hopes,JA Morkel,0,0,,,,,,,,,
350479,2008/09,2009-04-09,Newlands,2,46.3,Australia,South Africa,B Geeves,JR Hopes,JA Morkel,4,0,,,,,,,,,
350479,2008/09,2009-04-09,Newlands,2,46.4,Australia,South Africa,B Geeves,JR Hopes,JA Morkel,0,1,,,,1,,,,,
350479,2008/09,2009-04-09,Newlands,2,46.5,Australia,South Africa,JR Hopes,B Geeves,JA Morkel,1,0,,,,,,,,,
350479,2008/09,2009-04-09,Newlands,2,46.6,Australia,South Africa,B Geeves,JR Hopes,JA Morkel,2,0,,,,,,,,,
350479,2008/09,2009-04-09,Newlands,2,47.1,Australia,South Africa,JR Hopes,B Geeves,WD Parnell,4,0,,,,,,,,,
350479,2008/09,2009-04-09,Newlands,2,47.2,Australia,South Africa,JR Hopes,B Geeves,WD Parnell,1,0,,,,,,,,,
350479,2008/09,2009-04-09,Newlands,2,47.3,Australia,South Africa,B Geeves,JR Hopes,WD Parnell,0,1,,,,1,,,,,
350479,2008/09,2009-04-09,Newlands,2,47.4,Australia,South Africa,JR Hopes,B Geeves,WD Parnell,4,0,,,,,,,,,
350479,2008/09,2009-04-09,Newlands,2,47.5,Australia,South Africa,JR Hopes,B Geeves,WD Parnell,2,0,,,,,,,,,
350479,2008/09,2009-04-09,Newlands,2,47.6,Australia,South Africa,JR Hopes,B Geeves,WD Parnell,0,0,,,,,,,,,
350479,2008/09,2009-04-09,Newlands,2,48.1,Australia,South Africa,B Geeves,JR Hopes,DW Steyn,1,0,,,,,,,,,
350479,2008/09,2009-04-09,Newlands,2,48.2,Australia,South Africa,JR Hopes,B Geeves,DW Steyn,0,0,,,,,,,,,
350479,2008/09,2009-04-09,Newlands,2,48.3,Australia,South Africa,JR Hopes,B Geeves,DW Steyn,1,0,,,,,,,,,
350479,2008/09,2009-04-09,Newlands,2,48.4,Australia,South Africa,B Geeves,JR Hopes,DW Steyn,1,0,,,,,,,,,
350479,2008/09,2009-04-09,Newlands,2,48.5,Australia,South Africa,JR Hopes,B Geeves,DW Steyn,1,0,,,,,,,,,
350479,2008/09,2009-04-09,Newlands,2,48.6,Australia,South Africa,B Geeves,JR Hopes,DW Steyn,2,0,,,,,,,,,
350479,2008/09,2009-04-09,Newlands,2,49.1,Australia,South Africa,JR Hopes,B Geeves,WD Parnell,0,0,,,,,,,,,
350479,2008/09,2009-04-09,Newlands,2,49.2,Australia,South Africa,JR Hopes,B Geeves,WD Parnell,1,0,,,,,,,,,
350479,2008/09,2009-04-09,Newlands,2,49.3,Australia,South Africa,B Geeves,JR Hopes,WD Parnell,0,4,,,4,,,,,,
350479,2008/09,2009-04-09,Newlands,2,49.4,Australia,South Africa,B Geeves,JR Hopes,WD Parnell,0,4,,,,4,,,,,
350479,2008/09,2009-04-09,Newlands,2,49.5,Australia,South Africa,B Geeves,JR Hopes,WD Parnell,0,1,,,1,,,,,,
350479,2008/09,2009-04-09,Newlands,2,49.6,Australia,South Africa,JR Hopes,B Geeves,WD Parnell,2,0,,,,,,,,,
