match_id,season,start_date,venue,innings,ball,batting_team,bowling_team,striker,non_striker,bowler,runs_off_bat,extras,wides,noballs,byes,legbyes,penalty,wicket_type,player_dismissed,other_wicket_type,other_player_dismissed
351687,2008/09,2009-01-26,Adelaide Oval,1,0.1,Australia,South Africa,SE Marsh,DA Warner,DW Steyn,4,0,,,,,,,,,
351687,2008/09,2009-01-26,Adelaide Oval,1,0.2,Australia,South Africa,SE Marsh,DA Warner,DW Steyn,0,0,,,,,,,,,
351687,2008/09,2009-01-26,Adelaide Oval,1,0.3,Australia,South Africa,SE Marsh,DA Warner,DW Steyn,0,0,,,,,,,,,
351687,2008/09,2009-01-26,Adelaide Oval,1,0.4,Australia,South Africa,SE Marsh,DA Warner,DW Steyn,0,1,1,,,,,,,,
351687,2008/09,2009-01-26,Adelaide Oval,1,0.5,Australia,South Africa,SE Marsh,DA Warner,DW Steyn,1,0,,,,,,,,,
351687,2008/09,2009-01-26,Adelaide Oval,1,0.6,Australia,South Africa,DA Warner,SE Marsh,DW Steyn,0,0,,,,,,,,,
351687,2008/09,2009-01-26,Adelaide Oval,1,0.7,Australia,South Africa,DA Warner,SE Marsh,DW Steyn,1,0,,,,,,,,,
351687,2008/09,2009-01-26,Adelaide Oval,1,1.1,Australia,South Africa,DA Warner,SE Marsh,M Ntini,0,1,1,,,,,,,,
351687,2008/09,2009-01-26,Adelaide Oval,1,1.2,Australia,South Africa,DA Warner,SE Marsh,M Ntini,0,1,1,,,,,,,,
351687,2008/09,2009-01-26,Adelaide Oval,1,1.3,Australia,South Africa,DA Warner,SE Marsh,M Ntini,0,0,,,,,,,,,
351687,2008/09,2009-01-26,Adelaide Oval,1,1.4,Australia,South Africa,DA Warner,SE Marsh,M Ntini,0,0,,,,,,,,,
351687,2008/09,2009-01-26,Adelaide Oval,1,1.5,Australia,South Africa,DA Warner,SE Marsh,M Ntini,0,0,,,,,,,,,
351687,2008/09,2009-01-26,Adelaide Oval,1,1.6,Australia,South Africa,DA Warner,SE Marsh,M Ntini,0,0,,,,,,,,,
351687,2008/09,2009-01-26,Adelaide Oval,1,1.7,Australia,South Africa,DA Warner,SE Marsh,M Ntini,0,0,,,,,,caught,DA Warner,,
351687,2008/09,2009-01-26,Adelaide Oval,1,1.8,Australia,South Africa,RT Ponting,SE Marsh,M Ntini,0,0,,,,,,,,,
351687,2008/09,2009-01-26,Adelaide Oval,1,2.1,Australia,South Africa,SE Marsh,RT Ponting,DW Steyn,4,0,,,,,,,,,
351687,2008/09,2009-01-26,Adelaide Oval,1,2.2,Australia,South Africa,SE Marsh,RT Ponting,DW Steyn,4,0,,,,,,,,,
351687,2008/09,2009-01-26,Adelaide Oval,1,2.3,Australia,South Africa,SE Marsh,RT Ponting,DW Steyn,0,0,,,,,,,,,
351687,2008/09,2009-01-26,Adelaide Oval,1,2.4,Australia,South Africa,SE Marsh,RT Ponting,DW Steyn,0,0,,,,,,,,,
351687,2008/09,2009-01-26,Adelaide Oval,1,2.5,Australia,South Africa,SE Marsh,RT Ponting,DW Steyn,0,0,,,,,,caught,SE Marsh,,
351687,2008/09,2009-01-26,Adelaide Oval,1,2.6,Australia,South Africa,RT Ponting,MEK Hussey,DW Steyn,0,0,,,,,,,,,
351687,2008/09,2009-01-26,Adelaide Oval,1,3.1,Australia,South Africa,MEK Hussey,RT Ponting,M Ntini,1,0,,,,,,,,,
351687,2008/09,2009-01-26,Adelaide Oval,1,3.2,Australia,South Africa,RT Ponting,MEK Hussey,M Ntini,4,0,,,,,,,,,
351687,2008/09,2009-01-26,Adelaide Oval,1,3.3,Australia,South Africa,RT Ponting,MEK Hussey,M Ntini,4,0,,,,,,,,,
351687,2008/09,2009-01-26,Adelaide Oval,1,3.4,Australia,South Africa,RT Ponting,MEK Hussey,M Ntini,0,0,,,,,,,,,
351687,2008/09,2009-01-26,Adelaide Oval,1,3.5,Australia,South Africa,RT Ponting,MEK Hussey,M Ntini,0,0,,,,,,,,,
351687,2008/09,2009-01-26,Adelaide Oval,1,3.6,Australia,South Africa,RT Ponting,MEK Hussey,M Ntini,2,0,,,,,,,,,
351687,2008/09,2009-01-26,Adelaide Oval,1,4.1,Australia,South Africa,MEK Hussey,RT Ponting,DW Steyn,0,0,,,,,,,,,
351687,2008/09,2009-01-26,Adelaide Oval,1,4.2,Australia,South Africa,MEK Hussey,RT Ponting,DW Steyn,0,0,,,,,,,,,
351687,2008/09,2009-01-26,Adelaide Oval,1,4.3,Australia,South Africa,MEK Hussey,RT Ponting,DW Steyn,0,0,,,,,,,,,
351687,2008/09,2009-01-26,Adelaide Oval,1,4.4,Australia,South Africa,MEK Hussey,RT Ponting,DW Steyn,0,0,,,,,,,,,
351687,2008/09,2009-01-26,Adelaide Oval,1,4.5,Australia,South Africa,MEK Hussey,RT Ponting,DW Steyn,0,0,,,,,,,,,
351687,2008/09,2009-01-26,Adelaide Oval,1,4.6,Australia,South Africa,MEK Hussey,RT Ponting,DW Steyn,4,0,,,,,,,,,
351687,2008/09,2009-01-26,Adelaide Oval,1,5.1,Australia,South Africa,RT Ponting,MEK Hussey,M Ntini,0,0,,,,,,,,,
351687,2008/09,2009-01-26,Adelaide Oval,1,5.2,Australia,South Africa,RT Ponting,MEK Hussey,M Ntini,0,1,1,,,,,,,,
351687,2008/09,2009-01-26,Adelaide Oval,1,5.3,Australia,South Africa,RT Ponting,MEK Hussey,M Ntini,0,0,,,,,,,,,
351687,2008/09,2009-01-26,Adelaide Oval,1,5.4,Australia,South Africa,RT Ponting,MEK Hussey,M Ntini,0,0,,,,,,,,,
351687,2008/09,2009-01-26,Adelaide Oval,1,5.5,Australia,South Africa,RT Ponting,MEK Hussey,M Ntini,0,0,,,,,,,,,
351687,2008/09,2009-01-26,Adelaide Oval,1,5.6,Australia,South Africa,RT Ponting,MEK Hussey,M Ntini,0,0,,,,,,,,,
351687,2008/09,2009-01-26,Adelaide Oval,1,5.7,Australia,South Africa,RT Ponting,MEK Hussey,M Ntini,1,0,,,,,,,,,
351687,2008/09,2009-01-26,Adelaide Oval,1,6.1,Australia,South Africa,RT Ponting,MEK Hussey,DW Steyn,2,0,,,,,,,,,
351687,2008/09,2009-01-26,Adelaide Oval,1,6.2,Australia,South Africa,RT Ponting,MEK Hussey,DW Steyn,0,0,,,,,,,,,
351687,2008/09,2009-01-26,Adelaide Oval,1,6.3,Australia,South Africa,RT Ponting,MEK Hussey,DW Steyn,0,0,,,,,,,,,
351687,2008/09,2009-01-26,Adelaide Oval,1,6.4,Australia,South Africa,RT Ponting,MEK Hussey,DW Steyn,0,0,,,,,,,,,
351687,2008/09,2009-01-26,Adelaide Oval,1,6.5,Australia,South Africa,RT Ponting,MEK Hussey,DW Steyn,0,0,,,,,,,,,
351687,2008/09,2009-01-26,Adelaide Oval,1,6.6,Australia,South Africa,RT Ponting,MEK Hussey,DW Steyn,1,0,,,,,,,,,
351687,2008/09,2009-01-26,Adelaide Oval,1,7.1,Australia,South Africa,RT Ponting,MEK Hussey,M Ntini,2,0,,,,,,,,,
351687,2008/09,2009-01-26,Adelaide Oval,1,7.2,Australia,South Africa,RT Ponting,MEK Hussey,M Ntini,0,0,,,,,,,,,
351687,2008/09,2009-01-26,Adelaide Oval,1,7.3,Australia,South Africa,RT Ponting,MEK Hussey,M Ntini,0,0,,,,,,,,,
351687,2008/09,2009-01-26,Adelaide Oval,1,7.4,Australia,South Africa,RT Ponting,MEK Hussey,M Ntini,4,0,,,,,,,,,
351687,2008/09,2009-01-26,Adelaide Oval,1,7.5,Australia,South Africa,RT Ponting,MEK Hussey,M Ntini,4,0,,,,,,,,,
351687,2008/09,2009-01-26,Adelaide Oval,1,7.6,Australia,South Africa,RT Ponting,MEK Hussey,M Ntini,4,0,,,,,,,,,
351687,2008/09,2009-01-26,Adelaide Oval,1,8.1,Australia,South Africa,MEK Hussey,RT Ponting,DW Steyn,0,0,,,,,,,,,
351687,2008/09,2009-01-26,Adelaide Oval,1,8.2,Australia,South Africa,MEK Hussey,RT Ponting,DW Steyn,2,0,,,,,,,,,
351687,2008/09,2009-01-26,Adelaide Oval,1,8.3,Australia,South Africa,MEK Hussey,RT Ponting,DW Steyn,0,0,,,,,,,,,
351687,2008/09,2009-01-26,Adelaide Oval,1,8.4,Australia,South Africa,MEK Hussey,RT Ponting,DW Steyn,0,0,,,,,,,,,
351687,2008/09,2009-01-26,Adelaide Oval,1,8.5,Australia,South Africa,MEK Hussey,RT Ponting,DW Steyn,0,0,,,,,,,,,
351687,2008/09,2009-01-26,Adelaide Oval,1,8.6,Australia,South Africa,MEK Hussey,RT Ponting,DW Steyn,0,0,,,,,,,,,
351687,2008/09,2009-01-26,Adelaide Oval,1,9.1,Australia,South Africa,RT Ponting,MEK Hussey,JA Morkel,4,0,,,,,,,,,
351687,2008/09,2009-01-26,Adelaide Oval,1,9.2,Australia,South Africa,RT Ponting,MEK Hussey,JA Morkel,0,0,,,,,,,,,
351687,2008/09,2009-01-26,Adelaide Oval,1,9.3,Australia,South Africa,RT Ponting,MEK Hussey,JA Morkel,0,0,,,,,,,,,
351687,2008/09,2009-01-26,Adelaide Oval,1,9.4,Australia,South Africa,RT Ponting,MEK Hussey,JA Morkel,4,0,,,,,,,,,
351687,2008/09,2009-01-26,Adelaide Oval,1,9.5,Australia,South Africa,RT Ponting,MEK Hussey,JA Morkel,1,0,,,,,,,,,
351687,2008/09,2009-01-26,Adelaide Oval,1,9.6,Australia,South Africa,MEK Hussey,RT Ponting,JA Morkel,4,0,,,,,,,,,
351687,2008/09,2009-01-26,Adelaide Oval,1,10.1,Australia,South Africa,RT Ponting,MEK Hussey,M Morkel,0,0,,,,,,,,,
351687,2008/09,2009-01-26,Adelaide Oval,1,10.2,Australia,South Africa,RT Ponting,MEK Hussey,M Morkel,1,0,,,,,,,,,
351687,2008/09,2009-01-26,Adelaide Oval,1,10.3,Australia,South Africa,MEK Hussey,RT Ponting,M Morkel,0,0,,,,,,,,,
351687,2008/09,2009-01-26,Adelaide Oval,1,10.4,Australia,South Africa,MEK Hussey,RT Ponting,M Morkel,0,1,,1,,,,,,,
351687,2008/09,2009-01-26,Adelaide Oval,1,10.5,Australia,South Africa,MEK Hussey,RT Ponting,M Morkel,1,0,,,,,,,,,
351687,2008/09,2009-01-26,Adelaide Oval,1,10.6,Australia,South Africa,RT Ponting,MEK Hussey,M Morkel,0,0,,,,,,,,,
351687,2008/09,2009-01-26,Adelaide Oval,1,10.7,Australia,South Africa,RT Ponting,MEK Hussey,M Morkel,0,0,,,,,,,,,
351687,2008/09,2009-01-26,Adelaide Oval,1,11.1,Australia,South Africa,MEK Hussey,RT Ponting,JA Morkel,0,0,,,,,,,,,
351687,2008/09,2009-01-26,Adelaide Oval,1,11.2,Australia,South Africa,MEK Hussey,RT Ponting,JA Morkel,0,1,,,,1,,,,,
351687,2008/09,2009-01-26,Adelaide Oval,1,11.3,Australia,South Africa,RT Ponting,MEK Hussey,JA Morkel,0,0,,,,,,,,,
351687,2008/09,2009-01-26,Adelaide Oval,1,11.4,Australia,South Africa,RT Ponting,MEK Hussey,JA Morkel,0,0,,,,,,,,,
351687,2008/09,2009-01-26,Adelaide Oval,1,11.5,Australia,South Africa,RT Ponting,MEK Hussey,JA Morkel,1,0,,,,,,,,,
351687,2008/09,2009-01-26,Adelaide Oval,1,11.6,Australia,South Africa,MEK Hussey,RT Ponting,JA Morkel,0,0,,,,,,,,,
351687,2008/09,2009-01-26,Adelaide Oval,1,12.1,Australia,South Africa,RT Ponting,MEK Hussey,M Morkel,0,0,,,,,,,,,
351687,2008/09,2009-01-26,Adelaide Oval,1,12.2,Australia,South Africa,RT Ponting,MEK Hussey,M Morkel,0,0,,,,,,,,,
351687,2008/09,2009-01-26,Adelaide Oval,1,12.3,Australia,South Africa,RT Ponting,MEK Hussey,M Morkel,1,0,,,,,,,,,
351687,2008/09,2009-01-26,Adelaide Oval,1,12.4,Australia,South Africa,MEK Hussey,RT Ponting,M Morkel,1,0,,,,,,,,,
351687,2008/09,2009-01-26,Adelaide Oval,1,12.5,Australia,South Africa,RT Ponting,MEK Hussey,M Morkel,4,0,,,,,,,,,
351687,2008/09,2009-01-26,Adelaide Oval,1,12.6,Australia,South Africa,RT Ponting,MEK Hussey,M Morkel,0,0,,,,,,,,,
351687,2008/09,2009-01-26,Adelaide Oval,1,13.1,Australia,South Africa,MEK Hussey,RT Ponting,JA Morkel,1,0,,,,,,,,,
351687,2008/09,2009-01-26,Adelaide Oval,1,13.2,Australia,South Africa,RT Ponting,MEK Hussey,JA Morkel,1,0,,,,,,,,,
351687,2008/09,2009-01-26,Adelaide Oval,1,13.3,Australia,South Africa,MEK Hussey,RT Ponting,JA Morkel,0,0,,,,,,,,,
351687,2008/09,2009-01-26,Adelaide Oval,1,13.4,Australia,South Africa,MEK Hussey,RT Ponting,JA Morkel,1,0,,,,,,,,,
351687,2008/09,2009-01-26,Adelaide Oval,1,13.5,Australia,South Africa,RT Ponting,MEK Hussey,JA Morkel,0,0,,,,,,,,,
351687,2008/09,2009-01-26,Adelaide Oval,1,13.6,Australia,South Africa,RT Ponting,MEK Hussey,JA Morkel,4,0,,,,,,,,,
351687,2008/09,2009-01-26,Adelaide Oval,1,14.1,Australia,South Africa,MEK Hussey,RT Ponting,M Morkel,1,0,,,,,,,,,
351687,2008/09,2009-01-26,Adelaide Oval,1,14.2,Australia,South Africa,RT Ponting,MEK Hussey,M Morkel,1,0,,,,,,,,,
351687,2008/09,2009-01-26,Adelaide Oval,1,14.3,Australia,South Africa,MEK Hussey,RT Ponting,M Morkel,0,0,,,,,,,,,
351687,2008/09,2009-01-26,Adelaide Oval,1,14.4,Australia,South Africa,MEK Hussey,RT Ponting,M Morkel,0,0,,,,,,,,,
351687,2008/09,2009-01-26,Adelaide Oval,1,14.5,Australia,South Africa,MEK Hussey,RT Ponting,M Morkel,0,0,,,,,,,,,
351687,2008/09,2009-01-26,Adelaide Oval,1,14.6,Australia,South Africa,MEK Hussey,RT Ponting,M Morkel,0,1,,1,,,,,,,
351687,2008/09,2009-01-26,Adelaide Oval,1,14.7,Australia,South Africa,MEK Hussey,RT Ponting,M Morkel,6,0,,,,,,,,,
351687,2008/09,2009-01-26,Adelaide Oval,1,15.1,Australia,South Africa,RT Ponting,MEK Hussey,J Botha,0,0,,,,,,,,,
351687,2008/09,2009-01-26,Adelaide Oval,1,15.2,Australia,South Africa,RT Ponting,MEK Hussey,J Botha,2,0,,,,,,,,,
351687,2008/09,2009-01-26,Adelaide Oval,1,15.3,Australia,South Africa,RT Ponting,MEK Hussey,J Botha,0,0,,,,,,,,,
351687,2008/09,2009-01-26,Adelaide Oval,1,15.4,Australia,South Africa,RT Ponting,MEK Hussey,J Botha,0,0,,,,,,,,,
351687,2008/09,2009-01-26,Adelaide Oval,1,15.5,Australia,South Africa,RT Ponting,MEK Hussey,J Botha,1,0,,,,,,,,,
351687,2008/09,2009-01-26,Adelaide Oval,1,15.6,Australia,South Africa,MEK Hussey,RT Ponting,J Botha,0,0,,,,,,,,,
351687,2008/09,2009-01-26,Adelaide Oval,1,16.1,Australia,South Africa,RT Ponting,MEK Hussey,M Morkel,2,0,,,,,,,,,
351687,2008/09,2009-01-26,Adelaide Oval,1,16.2,Australia,South Africa,RT Ponting,MEK Hussey,M Morkel,0,0,,,,,,,,,
351687,2008/09,2009-01-26,Adelaide Oval,1,16.3,Australia,South Africa,RT Ponting,MEK Hussey,M Morkel,0,0,,,,,,,,,
351687,2008/09,2009-01-26,Adelaide Oval,1,16.4,Australia,South Africa,RT Ponting,MEK Hussey,M Morkel,0,0,,,,,,,,,
351687,2008/09,2009-01-26,Adelaide Oval,1,16.5,Australia,South Africa,RT Ponting,MEK Hussey,M Morkel,1,0,,,,,,,,,
351687,2008/09,2009-01-26,Adelaide Oval,1,16.6,Australia,South Africa,MEK Hussey,RT Ponting,M Morkel,0,0,,,,,,,,,
351687,2008/09,2009-01-26,Adelaide Oval,1,17.1,Australia,South Africa,RT Ponting,MEK Hussey,J Botha,0,0,,,,,,,,,
351687,2008/09,2009-01-26,Adelaide Oval,1,17.2,Australia,South Africa,RT Ponting,MEK Hussey,J Botha,1,0,,,,,,,,,
351687,2008/09,2009-01-26,Adelaide Oval,1,17.3,Australia,South Africa,MEK Hussey,RT Ponting,J Botha,1,0,,,,,,,,,
351687,2008/09,2009-01-26,Adelaide Oval,1,17.4,Australia,South Africa,RT Ponting,MEK Hussey,J Botha,1,0,,,,,,,,,
351687,2008/09,2009-01-26,Adelaide Oval,1,17.5,Australia,South Africa,MEK Hussey,RT Ponting,J Botha,1,0,,,,,,,,,
351687,2008/09,2009-01-26,Adelaide Oval,1,17.6,Australia,South Africa,RT Ponting,MEK Hussey,J Botha,0,0,,,,,,,,,
351687,2008/09,2009-01-26,Adelaide Oval,1,18.1,Australia,South Africa,MEK Hussey,RT Ponting,M Morkel,3,0,,,,,,,,,
351687,2008/09,2009-01-26,Adelaide Oval,1,18.2,Australia,South Africa,RT Ponting,MEK Hussey,M Morkel,1,0,,,,,,,,,
351687,2008/09,2009-01-26,Adelaide Oval,1,18.3,Australia,South Africa,MEK Hussey,RT Ponting,M Morkel,1,0,,,,,,,,,
351687,2008/09,2009-01-26,Adelaide Oval,1,18.4,Australia,South Africa,RT Ponting,MEK Hussey,M Morkel,0,0,,,,,,,,,
351687,2008/09,2009-01-26,Adelaide Oval,1,18.5,Australia,South Africa,RT Ponting,MEK Hussey,M Morkel,0,0,,,,,,,,,
351687,2008/09,2009-01-26,Adelaide Oval,1,18.6,Australia,South Africa,RT Ponting,MEK Hussey,M Morkel,1,0,,,,,,,,,
351687,2008/09,2009-01-26,Adelaide Oval,1,19.1,Australia,South Africa,RT Ponting,MEK Hussey,J Botha,1,0,,,,,,,,,
351687,2008/09,2009-01-26,Adelaide Oval,1,19.2,Australia,South Africa,MEK Hussey,RT Ponting,J Botha,0,0,,,,,,lbw,MEK Hussey,,
351687,2008/09,2009-01-26,Adelaide Oval,1,19.3,Australia,South Africa,DJ Hussey,RT Ponting,J Botha,1,0,,,,,,,,,
351687,2008/09,2009-01-26,Adelaide Oval,1,19.4,Australia,South Africa,RT Ponting,DJ Hussey,J Botha,0,0,,,,,,,,,
351687,2008/09,2009-01-26,Adelaide Oval,1,19.5,Australia,South Africa,RT Ponting,DJ Hussey,J Botha,1,0,,,,,,,,,
351687,2008/09,2009-01-26,Adelaide Oval,1,19.6,Australia,South Africa,DJ Hussey,RT Ponting,J Botha,0,0,,,,,,,,,
351687,2008/09,2009-01-26,Adelaide Oval,1,20.1,Australia,South Africa,RT Ponting,DJ Hussey,M Ntini,0,0,,,,,,,,,
351687,2008/09,2009-01-26,Adelaide Oval,1,20.2,Australia,South Africa,RT Ponting,DJ Hussey,M Ntini,1,0,,,,,,,,,
351687,2008/09,2009-01-26,Adelaide Oval,1,20.3,Australia,South Africa,DJ Hussey,RT Ponting,M Ntini,0,0,,,,,,,,,
351687,2008/09,2009-01-26,Adelaide Oval,1,20.4,Australia,South Africa,DJ Hussey,RT Ponting,M Ntini,1,0,,,,,,,,,
351687,2008/09,2009-01-26,Adelaide Oval,1,20.5,Australia,South Africa,RT Ponting,DJ Hussey,M Ntini,0,0,,,,,,caught,RT Ponting,,
351687,2008/09,2009-01-26,Adelaide Oval,1,20.6,Australia,South Africa,BJ Haddin,DJ Hussey,M Ntini,1,0,,,,,,,,,
351687,2008/09,2009-01-26,Adelaide Oval,1,21.1,Australia,South Africa,BJ Haddin,DJ Hussey,J Botha,0,0,,,,,,,,,
351687,2008/09,2009-01-26,Adelaide Oval,1,21.2,Australia,South Africa,BJ Haddin,DJ Hussey,J Botha,0,0,,,,,,,,,
351687,2008/09,2009-01-26,Adelaide Oval,1,21.3,Australia,South Africa,BJ Haddin,DJ Hussey,J Botha,0,0,,,,,,,,,
351687,2008/09,2009-01-26,Adelaide Oval,1,21.4,Australia,South Africa,BJ Haddin,DJ Hussey,J Botha,1,0,,,,,,,,,
351687,2008/09,2009-01-26,Adelaide Oval,1,21.5,Australia,South Africa,DJ Hussey,BJ Haddin,J Botha,1,0,,,,,,,,,
351687,2008/09,2009-01-26,Adelaide Oval,1,21.6,Australia,South Africa,BJ Haddin,DJ Hussey,J Botha,0,0,,,,,,,,,
351687,2008/09,2009-01-26,Adelaide Oval,1,22.1,Australia,South Africa,DJ Hussey,BJ Haddin,M Ntini,4,0,,,,,,,,,
351687,2008/09,2009-01-26,Adelaide Oval,1,22.2,Australia,South Africa,DJ Hussey,BJ Haddin,M Ntini,4,0,,,,,,,,,
351687,2008/09,2009-01-26,Adelaide Oval,1,22.3,Australia,South Africa,DJ Hussey,BJ Haddin,M Ntini,0,0,,,,,,,,,
351687,2008/09,2009-01-26,Adelaide Oval,1,22.4,Australia,South Africa,DJ Hussey,BJ Haddin,M Ntini,0,0,,,,,,,,,
351687,2008/09,2009-01-26,Adelaide Oval,1,22.5,Australia,South Africa,DJ Hussey,BJ Haddin,M Ntini,0,1,1,,,,,,,,
351687,2008/09,2009-01-26,Adelaide Oval,1,22.6,Australia,South Africa,DJ Hussey,BJ Haddin,M Ntini,0,0,,,,,,,,,
351687,2008/09,2009-01-26,Adelaide Oval,1,22.7,Australia,South Africa,DJ Hussey,BJ Haddin,M Ntini,0,0,,,,,,,,,
351687,2008/09,2009-01-26,Adelaide Oval,1,23.1,Australia,South Africa,BJ Haddin,DJ Hussey,J Botha,0,0,,,,,,,,,
351687,2008/09,2009-01-26,Adelaide Oval,1,23.2,Australia,South Africa,BJ Haddin,DJ Hussey,J Botha,0,0,,,,,,,,,
351687,2008/09,2009-01-26,Adelaide Oval,1,23.3,Australia,South Africa,BJ Haddin,DJ Hussey,J Botha,1,0,,,,,,,,,
351687,2008/09,2009-01-26,Adelaide Oval,1,23.4,Australia,South Africa,DJ Hussey,BJ Haddin,J Botha,1,0,,,,,,,,,
351687,2008/09,2009-01-26,Adelaide Oval,1,23.5,Australia,South Africa,BJ Haddin,DJ Hussey,J Botha,0,0,,,,,,caught,BJ Haddin,,
351687,2008/09,2009-01-26,Adelaide Oval,1,23.6,Australia,South Africa,DJ Hussey,CL White,J Botha,0,0,,,,,,,,,
351687,2008/09,2009-01-26,Adelaide Oval,1,24.1,Australia,South Africa,CL White,DJ Hussey,M Ntini,0,0,,,,,,,,,
351687,2008/09,2009-01-26,Adelaide Oval,1,24.2,Australia,South Africa,CL White,DJ Hussey,M Ntini,0,0,,,,,,,,,
351687,2008/09,2009-01-26,Adelaide Oval,1,24.3,Australia,South Africa,CL White,DJ Hussey,M Ntini,2,0,,,,,,,,,
351687,2008/09,2009-01-26,Adelaide Oval,1,24.4,Australia,South Africa,CL White,DJ Hussey,M Ntini,0,0,,,,,,,,,
351687,2008/09,2009-01-26,Adelaide Oval,1,24.5,Australia,South Africa,CL White,DJ Hussey,M Ntini,0,0,,,,,,,,,
351687,2008/09,2009-01-26,Adelaide Oval,1,24.6,Australia,South Africa,CL White,DJ Hussey,M Ntini,0,0,,,,,,,,,
351687,2008/09,2009-01-26,Adelaide Oval,1,25.1,Australia,South Africa,DJ Hussey,CL White,J Botha,0,0,,,,,,,,,
351687,2008/09,2009-01-26,Adelaide Oval,1,25.2,Australia,South Africa,DJ Hussey,CL White,J Botha,1,0,,,,,,,,,
351687,2008/09,2009-01-26,Adelaide Oval,1,25.3,Australia,South Africa,CL White,DJ Hussey,J Botha,0,0,,,,,,,,,
351687,2008/09,2009-01-26,Adelaide Oval,1,25.4,Australia,South Africa,CL White,DJ Hussey,J Botha,1,0,,,,,,,,,
351687,2008/09,2009-01-26,Adelaide Oval,1,25.5,Australia,South Africa,DJ Hussey,CL White,J Botha,0,0,,,,,,,,,
351687,2008/09,2009-01-26,Adelaide Oval,1,25.6,Australia,South Africa,DJ Hussey,CL White,J Botha,1,0,,,,,,,,,
351687,2008/09,2009-01-26,Adelaide Oval,1,26.1,Australia,South Africa,DJ Hussey,CL White,JA Morkel,1,0,,,,,,,,,
351687,2008/09,2009-01-26,Adelaide Oval,1,26.2,Australia,South Africa,CL White,DJ Hussey,JA Morkel,0,0,,,,,,,,,
351687,2008/09,2009-01-26,Adelaide Oval,1,26.3,Australia,South Africa,CL White,DJ Hussey,JA Morkel,0,0,,,,,,,,,
351687,2008/09,2009-01-26,Adelaide Oval,1,26.4,Australia,South Africa,CL White,DJ Hussey,JA Morkel,0,0,,,,,,,,,
351687,2008/09,2009-01-26,Adelaide Oval,1,26.5,Australia,South Africa,CL White,DJ Hussey,JA Morkel,1,0,,,,,,,,,
351687,2008/09,2009-01-26,Adelaide Oval,1,26.6,Australia,South Africa,DJ Hussey,CL White,JA Morkel,1,0,,,,,,,,,
351687,2008/09,2009-01-26,Adelaide Oval,1,27.1,Australia,South Africa,DJ Hussey,CL White,J Botha,0,0,,,,,,,,,
351687,2008/09,2009-01-26,Adelaide Oval,1,27.2,Australia,South Africa,DJ Hussey,CL White,J Botha,1,0,,,,,,,,,
351687,2008/09,2009-01-26,Adelaide Oval,1,27.3,Australia,South Africa,CL White,DJ Hussey,J Botha,0,0,,,,,,,,,
351687,2008/09,2009-01-26,Adelaide Oval,1,27.4,Australia,South Africa,CL White,DJ Hussey,J Botha,1,0,,,,,,,,,
351687,2008/09,2009-01-26,Adelaide Oval,1,27.5,Australia,South Africa,DJ Hussey,CL White,J Botha,0,0,,,,,,,,,
351687,2008/09,2009-01-26,Adelaide Oval,1,27.6,Australia,South Africa,DJ Hussey,CL White,J Botha,0,0,,,,,,,,,
351687,2008/09,2009-01-26,Adelaide Oval,1,28.1,Australia,South Africa,CL White,DJ Hussey,JA Morkel,0,0,,,,,,,,,
351687,2008/09,2009-01-26,Adelaide Oval,1,28.2,Australia,South Africa,CL White,DJ Hussey,JA Morkel,4,0,,,,,,,,,
351687,2008/09,2009-01-26,Adelaide Oval,1,28.3,Australia,South Africa,CL White,DJ Hussey,JA Morkel,0,0,,,,,,,,,
351687,2008/09,2009-01-26,Adelaide Oval,1,28.4,Australia,South Africa,CL White,DJ Hussey,JA Morkel,0,0,,,,,,,,,
351687,2008/09,2009-01-26,Adelaide Oval,1,28.5,Australia,South Africa,CL White,DJ Hussey,JA Morkel,1,0,,,,,,,,,
351687,2008/09,2009-01-26,Adelaide Oval,1,28.6,Australia,South Africa,DJ Hussey,CL White,JA Morkel,1,0,,,,,,,,,
351687,2008/09,2009-01-26,Adelaide Oval,1,29.1,Australia,South Africa,DJ Hussey,CL White,J Botha,1,0,,,,,,,,,
351687,2008/09,2009-01-26,Adelaide Oval,1,29.2,Australia,South Africa,CL White,DJ Hussey,J Botha,0,0,,,,,,,,,
351687,2008/09,2009-01-26,Adelaide Oval,1,29.3,Australia,South Africa,CL White,DJ Hussey,J Botha,0,0,,,,,,,,,
351687,2008/09,2009-01-26,Adelaide Oval,1,29.4,Australia,South Africa,CL White,DJ Hussey,J Botha,0,0,,,,,,,,,
351687,2008/09,2009-01-26,Adelaide Oval,1,29.5,Australia,South Africa,CL White,DJ Hussey,J Botha,1,0,,,,,,,,,
351687,2008/09,2009-01-26,Adelaide Oval,1,29.6,Australia,South Africa,DJ Hussey,CL White,J Botha,1,0,,,,,,,,,
351687,2008/09,2009-01-26,Adelaide Oval,1,30.1,Australia,South Africa,DJ Hussey,CL White,JA Morkel,4,0,,,,,,,,,
351687,2008/09,2009-01-26,Adelaide Oval,1,30.2,Australia,South Africa,DJ Hussey,CL White,JA Morkel,0,0,,,,,,,,,
351687,2008/09,2009-01-26,Adelaide Oval,1,30.3,Australia,South Africa,DJ Hussey,CL White,JA Morkel,0,0,,,,,,caught,DJ Hussey,,
351687,2008/09,2009-01-26,Adelaide Oval,1,30.4,Australia,South Africa,JR Hopes,CL White,JA Morkel,1,0,,,,,,,,,
351687,2008/09,2009-01-26,Adelaide Oval,1,30.5,Australia,South Africa,CL White,JR Hopes,JA Morkel,0,0,,,,,,,,,
351687,2008/09,2009-01-26,Adelaide Oval,1,30.6,Australia,South Africa,CL White,JR Hopes,JA Morkel,0,0,,,,,,,,,
351687,2008/09,2009-01-26,Adelaide Oval,1,31.1,Australia,South Africa,JR Hopes,CL White,J Botha,0,0,,,,,,,,,
351687,2008/09,2009-01-26,Adelaide Oval,1,31.2,Australia,South Africa,JR Hopes,CL White,J Botha,0,0,,,,,,,,,
351687,2008/09,2009-01-26,Adelaide Oval,1,31.3,Australia,South Africa,JR Hopes,CL White,J Botha,1,0,,,,,,,,,
351687,2008/09,2009-01-26,Adelaide Oval,1,31.4,Australia,South Africa,CL White,JR Hopes,J Botha,1,0,,,,,,,,,
351687,2008/09,2009-01-26,Adelaide Oval,1,31.5,Australia,South Africa,JR Hopes,CL White,J Botha,0,0,,,,,,,,,
351687,2008/09,2009-01-26,Adelaide Oval,1,31.6,Australia,South Africa,JR Hopes,CL White,J Botha,0,0,,,,,,,,,
351687,2008/09,2009-01-26,Adelaide Oval,1,32.1,Australia,South Africa,CL White,JR Hopes,JP Duminy,0,0,,,,,,,,,
351687,2008/09,2009-01-26,Adelaide Oval,1,32.2,Australia,South Africa,CL White,JR Hopes,JP Duminy,1,0,,,,,,,,,
351687,2008/09,2009-01-26,Adelaide Oval,1,32.3,Australia,South Africa,JR Hopes,CL White,JP Duminy,3,0,,,,,,,,,
351687,2008/09,2009-01-26,Adelaide Oval,1,32.4,Australia,South Africa,CL White,JR Hopes,JP Duminy,0,0,,,,,,,,,
351687,2008/09,2009-01-26,Adelaide Oval,1,32.5,Australia,South Africa,CL White,JR Hopes,JP Duminy,0,0,,,,,,,,,
351687,2008/09,2009-01-26,Adelaide Oval,1,32.6,Australia,South Africa,CL White,JR Hopes,JP Duminy,0,0,,,,,,,,,
351687,2008/09,2009-01-26,Adelaide Oval,1,33.1,Australia,South Africa,JR Hopes,CL White,J Botha,1,0,,,,,,,,,
351687,2008/09,2009-01-26,Adelaide Oval,1,33.2,Australia,South Africa,CL White,JR Hopes,J Botha,0,0,,,,,,,,,
351687,2008/09,2009-01-26,Adelaide Oval,1,33.3,Australia,South Africa,CL White,JR Hopes,J Botha,2,0,,,,,,,,,
351687,2008/09,2009-01-26,Adelaide Oval,1,33.4,Australia,South Africa,CL White,JR Hopes,J Botha,0,0,,,,,,,,,
351687,2008/09,2009-01-26,Adelaide Oval,1,33.5,Australia,South Africa,CL White,JR Hopes,J Botha,1,0,,,,,,,,,
351687,2008/09,2009-01-26,Adelaide Oval,1,33.6,Australia,South Africa,JR Hopes,CL White,J Botha,0,0,,,,,,,,,
351687,2008/09,2009-01-26,Adelaide Oval,1,34.1,Australia,South Africa,CL White,JR Hopes,JP Duminy,0,0,,,,,,,,,
351687,2008/09,2009-01-26,Adelaide Oval,1,34.2,Australia,South Africa,CL White,JR Hopes,JP Duminy,0,0,,,,,,,,,
351687,2008/09,2009-01-26,Adelaide Oval,1,34.3,Australia,South Africa,CL White,JR Hopes,JP Duminy,1,0,,,,,,,,,
351687,2008/09,2009-01-26,Adelaide Oval,1,34.4,Australia,South Africa,JR Hopes,CL White,JP Duminy,1,0,,,,,,,,,
351687,2008/09,2009-01-26,Adelaide Oval,1,34.5,Australia,South Africa,CL White,JR Hopes,JP Duminy,0,0,,,,,,,,,
351687,2008/09,2009-01-26,Adelaide Oval,1,34.6,Australia,South Africa,CL White,JR Hopes,JP Duminy,0,0,,,,,,,,,
351687,2008/09,2009-01-26,Adelaide Oval,1,35.1,Australia,South Africa,JR Hopes,CL White,M Morkel,1,0,,,,,,,,,
351687,2008/09,2009-01-26,Adelaide Oval,1,35.2,Australia,South Africa,CL White,JR Hopes,M Morkel,1,0,,,,,,,,,
351687,2008/09,2009-01-26,Adelaide Oval,1,35.3,Australia,South Africa,JR Hopes,CL White,M Morkel,1,0,,,,,,,,,
351687,2008/09,2009-01-26,Adelaide Oval,1,35.4,Australia,South Africa,CL White,JR Hopes,M Morkel,0,0,,,,,,,,,
351687,2008/09,2009-01-26,Adelaide Oval,1,35.5,Australia,South Africa,CL White,JR Hopes,M Morkel,0,0,,,,,,,,,
351687,2008/09,2009-01-26,Adelaide Oval,1,35.6,Australia,South Africa,CL White,JR Hopes,M Morkel,0,0,,,,,,,,,
351687,2008/09,2009-01-26,Adelaide Oval,1,36.1,Australia,South Africa,JR Hopes,CL White,JP Duminy,0,0,,,,,,,,,
351687,2008/09,2009-01-26,Adelaide Oval,1,36.2,Australia,South Africa,JR Hopes,CL White,JP Duminy,1,0,,,,,,,,,
351687,2008/09,2009-01-26,Adelaide Oval,1,36.3,Australia,South Africa,CL White,JR Hopes,JP Duminy,1,0,,,,,,,,,
351687,2008/09,2009-01-26,Adelaide Oval,1,36.4,Australia,South Africa,JR Hopes,CL White,JP Duminy,0,0,,,,,,,,,
351687,2008/09,2009-01-26,Adelaide Oval,1,36.5,Australia,South Africa,JR Hopes,CL White,JP Duminy,1,0,,,,,,,,,
351687,2008/09,2009-01-26,Adelaide Oval,1,36.6,Australia,South Africa,CL White,JR Hopes,JP Duminy,6,0,,,,,,,,,
351687,2008/09,2009-01-26,Adelaide Oval,1,37.1,Australia,South Africa,JR Hopes,CL White,M Morkel,0,0,,,,,,,,,
351687,2008/09,2009-01-26,Adelaide Oval,1,37.2,Australia,South Africa,JR Hopes,CL White,M Morkel,1,0,,,,,,,,,
351687,2008/09,2009-01-26,Adelaide Oval,1,37.3,Australia,South Africa,CL White,JR Hopes,M Morkel,1,0,,,,,,,,,
351687,2008/09,2009-01-26,Adelaide Oval,1,37.4,Australia,South Africa,JR Hopes,CL White,M Morkel,0,0,,,,,,,,,
351687,2008/09,2009-01-26,Adelaide Oval,1,37.5,Australia,South Africa,JR Hopes,CL White,M Morkel,0,0,,,,,,,,,
351687,2008/09,2009-01-26,Adelaide Oval,1,37.6,Australia,South Africa,JR Hopes,CL White,M Morkel,0,0,,,,,,,,,
351687,2008/09,2009-01-26,Adelaide Oval,1,38.1,Australia,South Africa,CL White,JR Hopes,DW Steyn,0,0,,,,,,,,,
351687,2008/09,2009-01-26,Adelaide Oval,1,38.2,Australia,South Africa,CL White,JR Hopes,DW Steyn,0,0,,,,,,,,,
351687,2008/09,2009-01-26,Adelaide Oval,1,38.3,Australia,South Africa,CL White,JR Hopes,DW Steyn,1,0,,,,,,,,,
351687,2008/09,2009-01-26,Adelaide Oval,1,38.4,Australia,South Africa,JR Hopes,CL White,DW Steyn,2,0,,,,,,,,,
351687,2008/09,2009-01-26,Adelaide Oval,1,38.5,Australia,South Africa,JR Hopes,CL White,DW Steyn,0,0,,,,,,,,,
351687,2008/09,2009-01-26,Adelaide Oval,1,38.6,Australia,South Africa,JR Hopes,CL White,DW Steyn,1,0,,,,,,,,,
351687,2008/09,2009-01-26,Adelaide Oval,1,39.1,Australia,South Africa,JR Hopes,CL White,M Morkel,1,0,,,,,,,,,
351687,2008/09,2009-01-26,Adelaide Oval,1,39.2,Australia,South Africa,CL White,JR Hopes,M Morkel,1,0,,,,,,,,,
351687,2008/09,2009-01-26,Adelaide Oval,1,39.3,Australia,South Africa,JR Hopes,CL White,M Morkel,1,0,,,,,,,,,
351687,2008/09,2009-01-26,Adelaide Oval,1,39.4,Australia,South Africa,CL White,JR Hopes,M Morkel,1,0,,,,,,,,,
351687,2008/09,2009-01-26,Adelaide Oval,1,39.5,Australia,South Africa,JR Hopes,CL White,M Morkel,1,0,,,,,,,,,
351687,2008/09,2009-01-26,Adelaide Oval,1,39.6,Australia,South Africa,CL White,JR Hopes,M Morkel,1,0,,,,,,,,,
351687,2008/09,2009-01-26,Adelaide Oval,1,40.1,Australia,South Africa,CL White,JR Hopes,DW Steyn,0,0,,,,,,caught,CL White,,
351687,2008/09,2009-01-26,Adelaide Oval,1,40.2,Australia,South Africa,MG Johnson,JR Hopes,DW Steyn,0,0,,,,,,,,,
351687,2008/09,2009-01-26,Adelaide Oval,1,40.3,Australia,South Africa,MG Johnson,JR Hopes,DW Steyn,0,0,,,,,,,,,
351687,2008/09,2009-01-26,Adelaide Oval,1,40.4,Australia,South Africa,MG Johnson,JR Hopes,DW Steyn,0,0,,,,,,,,,
351687,2008/09,2009-01-26,Adelaide Oval,1,40.5,Australia,South Africa,MG Johnson,JR Hopes,DW Steyn,0,0,,,,,,,,,
351687,2008/09,2009-01-26,Adelaide Oval,1,40.6,Australia,South Africa,MG Johnson,JR Hopes,DW Steyn,0,1,,,,1,,,,,
351687,2008/09,2009-01-26,Adelaide Oval,1,41.1,Australia,South Africa,MG Johnson,JR Hopes,M Ntini,0,0,,,,,,,,,
351687,2008/09,2009-01-26,Adelaide Oval,1,41.2,Australia,South Africa,MG Johnson,JR Hopes,M Ntini,0,0,,,,,,caught,MG Johnson,,
351687,2008/09,2009-01-26,Adelaide Oval,1,41.3,Australia,South Africa,BW Hilfenhaus,JR Hopes,M Ntini,0,0,,,,,,,,,
351687,2008/09,2009-01-26,Adelaide Oval,1,41.4,Australia,South Africa,BW Hilfenhaus,JR Hopes,M Ntini,0,0,,,,,,,,,
351687,2008/09,2009-01-26,Adelaide Oval,1,41.5,Australia,South Africa,BW Hilfenhaus,JR Hopes,M Ntini,0,0,,,,,,,,,
351687,2008/09,2009-01-26,Adelaide Oval,1,41.6,Australia,South Africa,BW Hilfenhaus,JR Hopes,M Ntini,0,0,,,,,,,,,
351687,2008/09,2009-01-26,Adelaide Oval,1,42.1,Australia,South Africa,JR Hopes,BW Hilfenhaus,DW Steyn,2,0,,,,,,,,,
351687,2008/09,2009-01-26,Adelaide Oval,1,42.2,Australia,South Africa,JR Hopes,BW Hilfenhaus,DW Steyn,1,0,,,,,,,,,
351687,2008/09,2009-01-26,Adelaide Oval,1,42.3,Australia,South Africa,JR Hopes,BW Hilfenhaus,DW Steyn,2,0,,,,,,,,,
351687,2008/09,2009-01-26,Adelaide Oval,1,42.4,Australia,South Africa,JR Hopes,BW Hilfenhaus,DW Steyn,0,0,,,,,,,,,
351687,2008/09,2009-01-26,Adelaide Oval,1,42.5,Australia,South Africa,JR Hopes,BW Hilfenhaus,DW Steyn,0,0,,,,,,,,,
351687,2008/09,2009-01-26,Adelaide Oval,1,42.6,Australia,South Africa,JR Hopes,BW Hilfenhaus,DW Steyn,0,0,,,,,,,,,
351687,2008/09,2009-01-26,Adelaide Oval,1,43.1,Australia,South Africa,BW Hilfenhaus,JR Hopes,M Ntini,0,0,,,,,,,,,
351687,2008/09,2009-01-26,Adelaide Oval,1,43.2,Australia,South Africa,BW Hilfenhaus,JR Hopes,M Ntini,0,0,,,,,,,,,
351687,2008/09,2009-01-26,Adelaide Oval,1,43.3,Australia,South Africa,BW Hilfenhaus,JR Hopes,M Ntini,1,0,,,,,,,,,
351687,2008/09,2009-01-26,Adelaide Oval,1,43.4,Australia,South Africa,JR Hopes,BW Hilfenhaus,M Ntini,1,0,,,,,,,,,
351687,2008/09,2009-01-26,Adelaide Oval,1,43.5,Australia,South Africa,BW Hilfenhaus,JR Hopes,M Ntini,0,0,,,,,,,,,
351687,2008/09,2009-01-26,Adelaide Oval,1,43.6,Australia,South Africa,BW Hilfenhaus,JR Hopes,M Ntini,0,0,,,,,,,,,
351687,2008/09,2009-01-26,Adelaide Oval,1,44.1,Australia,South Africa,JR Hopes,BW Hilfenhaus,DW Steyn,1,0,,,,,,,,,
351687,2008/09,2009-01-26,Adelaide Oval,1,44.2,Australia,South Africa,BW Hilfenhaus,JR Hopes,DW Steyn,1,0,,,,,,,,,
351687,2008/09,2009-01-26,Adelaide Oval,1,44.3,Australia,South Africa,JR Hopes,BW Hilfenhaus,DW Steyn,0,0,,,,,,,,,
351687,2008/09,2009-01-26,Adelaide Oval,1,44.4,Australia,South Africa,JR Hopes,BW Hilfenhaus,DW Steyn,6,0,,,,,,,,,
351687,2008/09,2009-01-26,Adelaide Oval,1,44.5,Australia,South Africa,JR Hopes,BW Hilfenhaus,DW Steyn,4,0,,,,,,,,,
351687,2008/09,2009-01-26,Adelaide Oval,1,44.6,Australia,South Africa,JR Hopes,BW Hilfenhaus,DW Steyn,1,0,,,,,,,,,
351687,2008/09,2009-01-26,Adelaide Oval,1,45.1,Australia,South Africa,JR Hopes,BW Hilfenhaus,M Ntini,1,0,,,,,,,,,
351687,2008/09,2009-01-26,Adelaide Oval,1,45.2,Australia,South Africa,BW Hilfenhaus,JR Hopes,M Ntini,1,0,,,,,,,,,
351687,2008/09,2009-01-26,Adelaide Oval,1,45.3,Australia,South Africa,JR Hopes,BW Hilfenhaus,M Ntini,0,0,,,,,,,,,
351687,2008/09,2009-01-26,Adelaide Oval,1,45.4,Australia,South Africa,JR Hopes,BW Hilfenhaus,M Ntini,4,0,,,,,,,,,
351687,2008/09,2009-01-26,Adelaide Oval,1,45.5,Australia,South Africa,JR Hopes,BW Hilfenhaus,M Ntini,1,0,,,,,,,,,
351687,2008/09,2009-01-26,Adelaide Oval,1,45.6,Australia,South Africa,BW Hilfenhaus,JR Hopes,M Ntini,0,0,,,,,,,,,
351687,2008/09,2009-01-26,Adelaide Oval,1,46.1,Australia,South Africa,JR Hopes,BW Hilfenhaus,DW Steyn,0,0,,,,,,caught,JR Hopes,,
351687,2008/09,2009-01-26,Adelaide Oval,1,46.2,Australia,South Africa,SW Tait,BW Hilfenhaus,DW Steyn,1,0,,,,,,,,,
351687,2008/09,2009-01-26,Adelaide Oval,1,46.3,Australia,South Africa,BW Hilfenhaus,SW Tait,DW Steyn,0,0,,,,,,,,,
351687,2008/09,2009-01-26,Adelaide Oval,1,46.4,Australia,South Africa,BW Hilfenhaus,SW Tait,DW Steyn,0,0,,,,,,,,,
351687,2008/09,2009-01-26,Adelaide Oval,1,46.5,Australia,South Africa,BW Hilfenhaus,SW Tait,DW Steyn,2,0,,,,,,,,,
351687,2008/09,2009-01-26,Adelaide Oval,1,46.6,Australia,South Africa,BW Hilfenhaus,SW Tait,DW Steyn,0,0,,,,,,,,,
351687,2008/09,2009-01-26,Adelaide Oval,1,47.1,Australia,South Africa,SW Tait,BW Hilfenhaus,M Morkel,0,0,,,,,,,,,
351687,2008/09,2009-01-26,Adelaide Oval,1,47.2,Australia,South Africa,SW Tait,BW Hilfenhaus,M Morkel,0,0,,,,,,,,,
351687,2008/09,2009-01-26,Adelaide Oval,1,47.3,Australia,South Africa,SW Tait,BW Hilfenhaus,M Morkel,0,0,,,,,,,,,
351687,2008/09,2009-01-26,Adelaide Oval,1,47.4,Australia,South Africa,SW Tait,BW Hilfenhaus,M Morkel,0,0,,,,,,,,,
351687,2008/09,2009-01-26,Adelaide Oval,1,47.5,Australia,South Africa,SW Tait,BW Hilfenhaus,M Morkel,3,0,,,,,,,,,
351687,2008/09,2009-01-26,Adelaide Oval,1,47.6,Australia,South Africa,BW Hilfenhaus,SW Tait,M Morkel,0,0,,,,,,caught,BW Hilfenhaus,,
351687,2008/09,2009-01-26,Adelaide Oval,2,0.1,South Africa,Australia,HM Amla,HH Gibbs,SW Tait,3,0,,,,,,,,,
351687,2008/09,2009-01-26,Adelaide Oval,2,0.2,South Africa,Australia,HH Gibbs,HM Amla,SW Tait,0,1,1,,,,,,,,
351687,2008/09,2009-01-26,Adelaide Oval,2,0.3,South Africa,Australia,HH Gibbs,HM Amla,SW Tait,1,0,,,,,,,,,
351687,2008/09,2009-01-26,Adelaide Oval,2,0.4,South Africa,Australia,HM Amla,HH Gibbs,SW Tait,0,0,,,,,,,,,
351687,2008/09,2009-01-26,Adelaide Oval,2,0.5,South Africa,Australia,HM Amla,HH Gibbs,SW Tait,0,0,,,,,,,,,
351687,2008/09,2009-01-26,Adelaide Oval,2,0.6,South Africa,Australia,HM Amla,HH Gibbs,SW Tait,0,0,,,,,,,,,
351687,2008/09,2009-01-26,Adelaide Oval,2,0.7,South Africa,Australia,HM Amla,HH Gibbs,SW Tait,4,0,,,,,,,,,
351687,2008/09,2009-01-26,Adelaide Oval,2,1.1,South Africa,Australia,HH Gibbs,HM Amla,BW Hilfenhaus,0,0,,,,,,,,,
351687,2008/09,2009-01-26,Adelaide Oval,2,1.2,South Africa,Australia,HH Gibbs,HM Amla,BW Hilfenhaus,0,0,,,,,,,,,
351687,2008/09,2009-01-26,Adelaide Oval,2,1.3,South Africa,Australia,HH Gibbs,HM Amla,BW Hilfenhaus,4,0,,,,,,,,,
351687,2008/09,2009-01-26,Adelaide Oval,2,1.4,South Africa,Australia,HH Gibbs,HM Amla,BW Hilfenhaus,4,0,,,,,,,,,
351687,2008/09,2009-01-26,Adelaide Oval,2,1.5,South Africa,Australia,HH Gibbs,HM Amla,BW Hilfenhaus,0,0,,,,,,,,,
351687,2008/09,2009-01-26,Adelaide Oval,2,1.6,South Africa,Australia,HH Gibbs,HM Amla,BW Hilfenhaus,0,0,,,,,,,,,
351687,2008/09,2009-01-26,Adelaide Oval,2,2.1,South Africa,Australia,HM Amla,HH Gibbs,SW Tait,0,1,1,,,,,,,,
351687,2008/09,2009-01-26,Adelaide Oval,2,2.2,South Africa,Australia,HM Amla,HH Gibbs,SW Tait,0,0,,,,,,,,,
351687,2008/09,2009-01-26,Adelaide Oval,2,2.3,South Africa,Australia,HM Amla,HH Gibbs,SW Tait,2,0,,,,,,,,,
351687,2008/09,2009-01-26,Adelaide Oval,2,2.4,South Africa,Australia,HM Amla,HH Gibbs,SW Tait,0,0,,,,,,,,,
351687,2008/09,2009-01-26,Adelaide Oval,2,2.5,South Africa,Australia,HM Amla,HH Gibbs,SW Tait,0,0,,,,,,,,,
351687,2008/09,2009-01-26,Adelaide Oval,2,2.6,South Africa,Australia,HM Amla,HH Gibbs,SW Tait,2,0,,,,,,,,,
351687,2008/09,2009-01-26,Adelaide Oval,2,2.7,South Africa,Australia,HM Amla,HH Gibbs,SW Tait,0,0,,,,,,,,,
351687,2008/09,2009-01-26,Adelaide Oval,2,3.1,South Africa,Australia,HH Gibbs,HM Amla,BW Hilfenhaus,4,0,,,,,,,,,
351687,2008/09,2009-01-26,Adelaide Oval,2,3.2,South Africa,Australia,HH Gibbs,HM Amla,BW Hilfenhaus,0,0,,,,,,,,,
351687,2008/09,2009-01-26,Adelaide Oval,2,3.3,South Africa,Australia,HH Gibbs,HM Amla,BW Hilfenhaus,4,0,,,,,,,,,
351687,2008/09,2009-01-26,Adelaide Oval,2,3.4,South Africa,Australia,HH Gibbs,HM Amla,BW Hilfenhaus,0,0,,,,,,,,,
351687,2008/09,2009-01-26,Adelaide Oval,2,3.5,South Africa,Australia,HH Gibbs,HM Amla,BW Hilfenhaus,0,0,,,,,,,,,
351687,2008/09,2009-01-26,Adelaide Oval,2,3.6,South Africa,Australia,HH Gibbs,HM Amla,BW Hilfenhaus,0,0,,,,,,,,,
351687,2008/09,2009-01-26,Adelaide Oval,2,4.1,South Africa,Australia,HM Amla,HH Gibbs,SW Tait,0,0,,,,,,,,,
351687,2008/09,2009-01-26,Adelaide Oval,2,4.2,South Africa,Australia,HM Amla,HH Gibbs,SW Tait,0,0,,,,,,,,,
351687,2008/09,2009-01-26,Adelaide Oval,2,4.3,South Africa,Australia,HM Amla,HH Gibbs,SW Tait,0,0,,,,,,,,,
351687,2008/09,2009-01-26,Adelaide Oval,2,4.4,South Africa,Australia,HM Amla,HH Gibbs,SW Tait,0,0,,,,,,,,,
351687,2008/09,2009-01-26,Adelaide Oval,2,4.5,South Africa,Australia,HM Amla,HH Gibbs,SW Tait,0,0,,,,,,,,,
351687,2008/09,2009-01-26,Adelaide Oval,2,4.6,South Africa,Australia,HM Amla,HH Gibbs,SW Tait,1,0,,,,,,,,,
351687,2008/09,2009-01-26,Adelaide Oval,2,5.1,South Africa,Australia,HM Amla,HH Gibbs,BW Hilfenhaus,0,0,,,,,,,,,
351687,2008/09,2009-01-26,Adelaide Oval,2,5.2,South Africa,Australia,HM Amla,HH Gibbs,BW Hilfenhaus,0,0,,,,,,,,,
351687,2008/09,2009-01-26,Adelaide Oval,2,5.3,South Africa,Australia,HM Amla,HH Gibbs,BW Hilfenhaus,0,0,,,,,,,,,
351687,2008/09,2009-01-26,Adelaide Oval,2,5.4,South Africa,Australia,HM Amla,HH Gibbs,BW Hilfenhaus,1,0,,,,,,,,,
351687,2008/09,2009-01-26,Adelaide Oval,2,5.5,South Africa,Australia,HH Gibbs,HM Amla,BW Hilfenhaus,4,0,,,,,,,,,
351687,2008/09,2009-01-26,Adelaide Oval,2,5.6,South Africa,Australia,HH Gibbs,HM Amla,BW Hilfenhaus,4,0,,,,,,,,,
351687,2008/09,2009-01-26,Adelaide Oval,2,6.1,South Africa,Australia,HM Amla,HH Gibbs,MG Johnson,1,0,,,,,,,,,
351687,2008/09,2009-01-26,Adelaide Oval,2,6.2,South Africa,Australia,HH Gibbs,HM Amla,MG Johnson,0,0,,,,,,,,,
351687,2008/09,2009-01-26,Adelaide Oval,2,6.3,South Africa,Australia,HH Gibbs,HM Amla,MG Johnson,0,0,,,,,,,,,
351687,2008/09,2009-01-26,Adelaide Oval,2,6.4,South Africa,Australia,HH Gibbs,HM Amla,MG Johnson,4,0,,,,,,,,,
351687,2008/09,2009-01-26,Adelaide Oval,2,6.5,South Africa,Australia,HH Gibbs,HM Amla,MG Johnson,1,0,,,,,,,,,
351687,2008/09,2009-01-26,Adelaide Oval,2,6.6,South Africa,Australia,HM Amla,HH Gibbs,MG Johnson,0,0,,,,,,,,,
351687,2008/09,2009-01-26,Adelaide Oval,2,7.1,South Africa,Australia,HH Gibbs,HM Amla,BW Hilfenhaus,0,2,,,,2,,,,,
351687,2008/09,2009-01-26,Adelaide Oval,2,7.2,South Africa,Australia,HH Gibbs,HM Amla,BW Hilfenhaus,0,0,,,,,,,,,
351687,2008/09,2009-01-26,Adelaide Oval,2,7.3,South Africa,Australia,HH Gibbs,HM Amla,BW Hilfenhaus,0,0,,,,,,,,,
351687,2008/09,2009-01-26,Adelaide Oval,2,7.4,South Africa,Australia,HH Gibbs,HM Amla,BW Hilfenhaus,1,0,,,,,,,,,
351687,2008/09,2009-01-26,Adelaide Oval,2,7.5,South Africa,Australia,HM Amla,HH Gibbs,BW Hilfenhaus,0,0,,,,,,,,,
351687,2008/09,2009-01-26,Adelaide Oval,2,7.6,South Africa,Australia,HM Amla,HH Gibbs,BW Hilfenhaus,0,0,,,,,,,,,
351687,2008/09,2009-01-26,Adelaide Oval,2,8.1,South Africa,Australia,HH Gibbs,HM Amla,MG Johnson,4,0,,,,,,,,,
351687,2008/09,2009-01-26,Adelaide Oval,2,8.2,South Africa,Australia,HH Gibbs,HM Amla,MG Johnson,0,0,,,,,,,,,
351687,2008/09,2009-01-26,Adelaide Oval,2,8.3,South Africa,Australia,HH Gibbs,HM Amla,MG Johnson,1,0,,,,,,,,,
351687,2008/09,2009-01-26,Adelaide Oval,2,8.4,South Africa,Australia,HM Amla,HH Gibbs,MG Johnson,1,0,,,,,,,,,
351687,2008/09,2009-01-26,Adelaide Oval,2,8.5,South Africa,Australia,HH Gibbs,HM Amla,MG Johnson,2,0,,,,,,,,,
351687,2008/09,2009-01-26,Adelaide Oval,2,8.6,South Africa,Australia,HH Gibbs,HM Amla,MG Johnson,0,0,,,,,,,,,
351687,2008/09,2009-01-26,Adelaide Oval,2,9.1,South Africa,Australia,HM Amla,HH Gibbs,BW Hilfenhaus,1,0,,,,,,,,,
351687,2008/09,2009-01-26,Adelaide Oval,2,9.2,South Africa,Australia,HH Gibbs,HM Amla,BW Hilfenhaus,0,0,,,,,,caught,HH Gibbs,,
351687,2008/09,2009-01-26,Adelaide Oval,2,9.3,South Africa,Australia,JH Kallis,HM Amla,BW Hilfenhaus,0,0,,,,,,,,,
351687,2008/09,2009-01-26,Adelaide Oval,2,9.4,South Africa,Australia,JH Kallis,HM Amla,BW Hilfenhaus,4,0,,,,,,,,,
351687,2008/09,2009-01-26,Adelaide Oval,2,9.5,South Africa,Australia,JH Kallis,HM Amla,BW Hilfenhaus,0,0,,,,,,,,,
351687,2008/09,2009-01-26,Adelaide Oval,2,9.6,South Africa,Australia,JH Kallis,HM Amla,BW Hilfenhaus,0,0,,,,,,,,,
351687,2008/09,2009-01-26,Adelaide Oval,2,10.1,South Africa,Australia,HM Amla,JH Kallis,MG Johnson,3,0,,,,,,,,,
351687,2008/09,2009-01-26,Adelaide Oval,2,10.2,South Africa,Australia,JH Kallis,HM Amla,MG Johnson,0,0,,,,,,,,,
351687,2008/09,2009-01-26,Adelaide Oval,2,10.3,South Africa,Australia,JH Kallis,HM Amla,MG Johnson,4,0,,,,,,,,,
351687,2008/09,2009-01-26,Adelaide Oval,2,10.4,South Africa,Australia,JH Kallis,HM Amla,MG Johnson,0,0,,,,,,,,,
351687,2008/09,2009-01-26,Adelaide Oval,2,10.5,South Africa,Australia,JH Kallis,HM Amla,MG Johnson,0,0,,,,,,,,,
351687,2008/09,2009-01-26,Adelaide Oval,2,10.6,South Africa,Australia,JH Kallis,HM Amla,MG Johnson,4,0,,,,,,,,,
351687,2008/09,2009-01-26,Adelaide Oval,2,11.1,South Africa,Australia,HM Amla,JH Kallis,SW Tait,0,0,,,,,,,,,
351687,2008/09,2009-01-26,Adelaide Oval,2,11.2,South Africa,Australia,HM Amla,JH Kallis,SW Tait,0,0,,,,,,,,,
351687,2008/09,2009-01-26,Adelaide Oval,2,11.3,South Africa,Australia,HM Amla,JH Kallis,SW Tait,0,0,,,,,,,,,
351687,2008/09,2009-01-26,Adelaide Oval,2,11.4,South Africa,Australia,HM Amla,JH Kallis,SW Tait,4,0,,,,,,,,,
351687,2008/09,2009-01-26,Adelaide Oval,2,11.5,South Africa,Australia,HM Amla,JH Kallis,SW Tait,1,0,,,,,,,,,
351687,2008/09,2009-01-26,Adelaide Oval,2,11.6,South Africa,Australia,JH Kallis,HM Amla,SW Tait,1,0,,,,,,,,,
351687,2008/09,2009-01-26,Adelaide Oval,2,12.1,South Africa,Australia,JH Kallis,HM Amla,JR Hopes,0,0,,,,,,,,,
351687,2008/09,2009-01-26,Adelaide Oval,2,12.2,South Africa,Australia,JH Kallis,HM Amla,JR Hopes,0,0,,,,,,caught,JH Kallis,,
351687,2008/09,2009-01-26,Adelaide Oval,2,12.3,South Africa,Australia,AB de Villiers,HM Amla,JR Hopes,0,0,,,,,,,,,
351687,2008/09,2009-01-26,Adelaide Oval,2,12.4,South Africa,Australia,AB de Villiers,HM Amla,JR Hopes,1,0,,,,,,,,,
351687,2008/09,2009-01-26,Adelaide Oval,2,12.5,South Africa,Australia,HM Amla,AB de Villiers,JR Hopes,0,0,,,,,,,,,
351687,2008/09,2009-01-26,Adelaide Oval,2,12.6,South Africa,Australia,HM Amla,AB de Villiers,JR Hopes,4,0,,,,,,,,,
351687,2008/09,2009-01-26,Adelaide Oval,2,13.1,South Africa,Australia,AB de Villiers,HM Amla,SW Tait,4,0,,,,,,,,,
351687,2008/09,2009-01-26,Adelaide Oval,2,13.2,South Africa,Australia,AB de Villiers,HM Amla,SW Tait,0,0,,,,,,,,,
351687,2008/09,2009-01-26,Adelaide Oval,2,13.3,South Africa,Australia,AB de Villiers,HM Amla,SW Tait,1,0,,,,,,,,,
351687,2008/09,2009-01-26,Adelaide Oval,2,13.4,South Africa,Australia,HM Amla,AB de Villiers,SW Tait,0,0,,,,,,,,,
351687,2008/09,2009-01-26,Adelaide Oval,2,13.5,South Africa,Australia,HM Amla,AB de Villiers,SW Tait,0,0,,,,,,,,,
351687,2008/09,2009-01-26,Adelaide Oval,2,13.6,South Africa,Australia,HM Amla,AB de Villiers,SW Tait,4,0,,,,,,,,,
351687,2008/09,2009-01-26,Adelaide Oval,2,14.1,South Africa,Australia,AB de Villiers,HM Amla,JR Hopes,0,0,,,,,,,,,
351687,2008/09,2009-01-26,Adelaide Oval,2,14.2,South Africa,Australia,AB de Villiers,HM Amla,JR Hopes,2,0,,,,,,,,,
351687,2008/09,2009-01-26,Adelaide Oval,2,14.3,South Africa,Australia,AB de Villiers,HM Amla,JR Hopes,0,0,,,,,,,,,
351687,2008/09,2009-01-26,Adelaide Oval,2,14.4,South Africa,Australia,AB de Villiers,HM Amla,JR Hopes,0,0,,,,,,,,,
351687,2008/09,2009-01-26,Adelaide Oval,2,14.5,South Africa,Australia,AB de Villiers,HM Amla,JR Hopes,4,0,,,,,,,,,
351687,2008/09,2009-01-26,Adelaide Oval,2,14.6,South Africa,Australia,AB de Villiers,HM Amla,JR Hopes,1,0,,,,,,,,,
351687,2008/09,2009-01-26,Adelaide Oval,2,15.1,South Africa,Australia,AB de Villiers,HM Amla,MG Johnson,0,1,1,,,,,,,,
351687,2008/09,2009-01-26,Adelaide Oval,2,15.2,South Africa,Australia,AB de Villiers,HM Amla,MG Johnson,2,0,,,,,,,,,
351687,2008/09,2009-01-26,Adelaide Oval,2,15.3,South Africa,Australia,AB de Villiers,HM Amla,MG Johnson,1,0,,,,,,,,,
351687,2008/09,2009-01-26,Adelaide Oval,2,15.4,South Africa,Australia,HM Amla,AB de Villiers,MG Johnson,1,0,,,,,,,,,
351687,2008/09,2009-01-26,Adelaide Oval,2,15.5,South Africa,Australia,AB de Villiers,HM Amla,MG Johnson,1,0,,,,,,,,,
351687,2008/09,2009-01-26,Adelaide Oval,2,15.6,South Africa,Australia,HM Amla,AB de Villiers,MG Johnson,0,0,,,,,,,,,
351687,2008/09,2009-01-26,Adelaide Oval,2,15.7,South Africa,Australia,HM Amla,AB de Villiers,MG Johnson,0,0,,,,,,,,,
351687,2008/09,2009-01-26,Adelaide Oval,2,16.1,South Africa,Australia,AB de Villiers,HM Amla,JR Hopes,0,0,,,,,,,,,
351687,2008/09,2009-01-26,Adelaide Oval,2,16.2,South Africa,Australia,AB de Villiers,HM Amla,JR Hopes,1,0,,,,,,,,,
351687,2008/09,2009-01-26,Adelaide Oval,2,16.3,South Africa,Australia,HM Amla,AB de Villiers,JR Hopes,0,0,,,,,,,,,
351687,2008/09,2009-01-26,Adelaide Oval,2,16.4,South Africa,Australia,HM Amla,AB de Villiers,JR Hopes,0,0,,,,,,,,,
351687,2008/09,2009-01-26,Adelaide Oval,2,16.5,South Africa,Australia,HM Amla,AB de Villiers,JR Hopes,0,0,,,,,,,,,
351687,2008/09,2009-01-26,Adelaide Oval,2,16.6,South Africa,Australia,HM Amla,AB de Villiers,JR Hopes,0,0,,,,,,,,,
351687,2008/09,2009-01-26,Adelaide Oval,2,17.1,South Africa,Australia,AB de Villiers,HM Amla,MG Johnson,0,0,,,,,,,,,
351687,2008/09,2009-01-26,Adelaide Oval,2,17.2,South Africa,Australia,AB de Villiers,HM Amla,MG Johnson,0,0,,,,,,,,,
351687,2008/09,2009-01-26,Adelaide Oval,2,17.3,South Africa,Australia,AB de Villiers,HM Amla,MG Johnson,1,0,,,,,,,,,
351687,2008/09,2009-01-26,Adelaide Oval,2,17.4,South Africa,Australia,HM Amla,AB de Villiers,MG Johnson,1,0,,,,,,,,,
351687,2008/09,2009-01-26,Adelaide Oval,2,17.5,South Africa,Australia,AB de Villiers,HM Amla,MG Johnson,0,0,,,,,,,,,
351687,2008/09,2009-01-26,Adelaide Oval,2,17.6,South Africa,Australia,AB de Villiers,HM Amla,MG Johnson,0,0,,,,,,,,,
351687,2008/09,2009-01-26,Adelaide Oval,2,18.1,South Africa,Australia,HM Amla,AB de Villiers,JR Hopes,1,0,,,,,,,,,
351687,2008/09,2009-01-26,Adelaide Oval,2,18.2,South Africa,Australia,AB de Villiers,HM Amla,JR Hopes,0,0,,,,,,,,,
351687,2008/09,2009-01-26,Adelaide Oval,2,18.3,South Africa,Australia,AB de Villiers,HM Amla,JR Hopes,1,0,,,,,,,,,
351687,2008/09,2009-01-26,Adelaide Oval,2,18.4,South Africa,Australia,HM Amla,AB de Villiers,JR Hopes,1,0,,,,,,,,,
351687,2008/09,2009-01-26,Adelaide Oval,2,18.5,South Africa,Australia,AB de Villiers,HM Amla,JR Hopes,0,0,,,,,,,,,
351687,2008/09,2009-01-26,Adelaide Oval,2,18.6,South Africa,Australia,AB de Villiers,HM Amla,JR Hopes,0,0,,,,,,,,,
351687,2008/09,2009-01-26,Adelaide Oval,2,19.1,South Africa,Australia,HM Amla,AB de Villiers,MG Johnson,0,0,,,,,,,,,
351687,2008/09,2009-01-26,Adelaide Oval,2,19.2,South Africa,Australia,HM Amla,AB de Villiers,MG Johnson,1,0,,,,,,,,,
351687,2008/09,2009-01-26,Adelaide Oval,2,19.3,South Africa,Australia,AB de Villiers,HM Amla,MG Johnson,0,0,,,,,,,,,
351687,2008/09,2009-01-26,Adelaide Oval,2,19.4,South Africa,Australia,AB de Villiers,HM Amla,MG Johnson,1,0,,,,,,,,,
351687,2008/09,2009-01-26,Adelaide Oval,2,19.5,South Africa,Australia,HM Amla,AB de Villiers,MG Johnson,1,0,,,,,,,,,
351687,2008/09,2009-01-26,Adelaide Oval,2,19.6,South Africa,Australia,AB de Villiers,HM Amla,MG Johnson,0,0,,,,,,,,,
351687,2008/09,2009-01-26,Adelaide Oval,2,20.1,South Africa,Australia,HM Amla,AB de Villiers,JR Hopes,1,0,,,,,,,,,
351687,2008/09,2009-01-26,Adelaide Oval,2,20.2,South Africa,Australia,AB de Villiers,HM Amla,JR Hopes,0,1,,,,1,,,,,
351687,2008/09,2009-01-26,Adelaide Oval,2,20.3,South Africa,Australia,HM Amla,AB de Villiers,JR Hopes,0,0,,,,,,,,,
351687,2008/09,2009-01-26,Adelaide Oval,2,20.4,South Africa,Australia,HM Amla,AB de Villiers,JR Hopes,0,0,,,,,,,,,
351687,2008/09,2009-01-26,Adelaide Oval,2,20.5,South Africa,Australia,HM Amla,AB de Villiers,JR Hopes,1,0,,,,,,,,,
351687,2008/09,2009-01-26,Adelaide Oval,2,20.6,South Africa,Australia,AB de Villiers,HM Amla,JR Hopes,1,0,,,,,,,,,
351687,2008/09,2009-01-26,Adelaide Oval,2,21.1,South Africa,Australia,AB de Villiers,HM Amla,DJ Hussey,1,0,,,,,,,,,
351687,2008/09,2009-01-26,Adelaide Oval,2,21.2,South Africa,Australia,HM Amla,AB de Villiers,DJ Hussey,1,0,,,,,,,,,
351687,2008/09,2009-01-26,Adelaide Oval,2,21.3,South Africa,Australia,AB de Villiers,HM Amla,DJ Hussey,0,0,,,,,,,,,
351687,2008/09,2009-01-26,Adelaide Oval,2,21.4,South Africa,Australia,AB de Villiers,HM Amla,DJ Hussey,1,0,,,,,,,,,
351687,2008/09,2009-01-26,Adelaide Oval,2,21.5,South Africa,Australia,HM Amla,AB de Villiers,DJ Hussey,1,0,,,,,,,,,
351687,2008/09,2009-01-26,Adelaide Oval,2,21.6,South Africa,Australia,AB de Villiers,HM Amla,DJ Hussey,2,0,,,,,,,,,
351687,2008/09,2009-01-26,Adelaide Oval,2,22.1,South Africa,Australia,HM Amla,AB de Villiers,JR Hopes,0,0,,,,,,,,,
351687,2008/09,2009-01-26,Adelaide Oval,2,22.2,South Africa,Australia,HM Amla,AB de Villiers,JR Hopes,0,0,,,,,,,,,
351687,2008/09,2009-01-26,Adelaide Oval,2,22.3,South Africa,Australia,HM Amla,AB de Villiers,JR Hopes,1,0,,,,,,,,,
351687,2008/09,2009-01-26,Adelaide Oval,2,22.4,South Africa,Australia,AB de Villiers,HM Amla,JR Hopes,0,0,,,,,,,,,
351687,2008/09,2009-01-26,Adelaide Oval,2,22.5,South Africa,Australia,AB de Villiers,HM Amla,JR Hopes,0,0,,,,,,,,,
351687,2008/09,2009-01-26,Adelaide Oval,2,22.6,South Africa,Australia,AB de Villiers,HM Amla,JR Hopes,0,0,,,,,,,,,
351687,2008/09,2009-01-26,Adelaide Oval,2,23.1,South Africa,Australia,HM Amla,AB de Villiers,DJ Hussey,0,0,,,,,,,,,
351687,2008/09,2009-01-26,Adelaide Oval,2,23.2,South Africa,Australia,HM Amla,AB de Villiers,DJ Hussey,0,0,,,,,,,,,
351687,2008/09,2009-01-26,Adelaide Oval,2,23.3,South Africa,Australia,HM Amla,AB de Villiers,DJ Hussey,0,0,,,,,,,,,
351687,2008/09,2009-01-26,Adelaide Oval,2,23.4,South Africa,Australia,HM Amla,AB de Villiers,DJ Hussey,1,0,,,,,,,,,
351687,2008/09,2009-01-26,Adelaide Oval,2,23.5,South Africa,Australia,AB de Villiers,HM Amla,DJ Hussey,0,0,,,,,,,,,
351687,2008/09,2009-01-26,Adelaide Oval,2,23.6,South Africa,Australia,AB de Villiers,HM Amla,DJ Hussey,1,0,,,,,,,,,
351687,2008/09,2009-01-26,Adelaide Oval,2,24.1,South Africa,Australia,AB de Villiers,HM Amla,JR Hopes,2,0,,,,,,,,,
351687,2008/09,2009-01-26,Adelaide Oval,2,24.2,South Africa,Australia,AB de Villiers,HM Amla,JR Hopes,1,0,,,,,,,,,
351687,2008/09,2009-01-26,Adelaide Oval,2,24.3,South Africa,Australia,HM Amla,AB de Villiers,JR Hopes,1,0,,,,,,,,,
351687,2008/09,2009-01-26,Adelaide Oval,2,24.4,South Africa,Australia,AB de Villiers,HM Amla,JR Hopes,1,0,,,,,,,,,
351687,2008/09,2009-01-26,Adelaide Oval,2,24.5,South Africa,Australia,HM Amla,AB de Villiers,JR Hopes,0,0,,,,,,,,,
351687,2008/09,2009-01-26,Adelaide Oval,2,24.6,South Africa,Australia,HM Amla,AB de Villiers,JR Hopes,2,0,,,,,,,,,
351687,2008/09,2009-01-26,Adelaide Oval,2,25.1,South Africa,Australia,AB de Villiers,HM Amla,DJ Hussey,1,0,,,,,,,,,
351687,2008/09,2009-01-26,Adelaide Oval,2,25.2,South Africa,Australia,HM Amla,AB de Villiers,DJ Hussey,0,0,,,,,,,,,
351687,2008/09,2009-01-26,Adelaide Oval,2,25.3,South Africa,Australia,HM Amla,AB de Villiers,DJ Hussey,0,0,,,,,,,,,
351687,2008/09,2009-01-26,Adelaide Oval,2,25.4,South Africa,Australia,HM Amla,AB de Villiers,DJ Hussey,3,0,,,,,,,,,
351687,2008/09,2009-01-26,Adelaide Oval,2,25.5,South Africa,Australia,AB de Villiers,HM Amla,DJ Hussey,1,0,,,,,,,,,
351687,2008/09,2009-01-26,Adelaide Oval,2,25.6,South Africa,Australia,HM Amla,AB de Villiers,DJ Hussey,1,0,,,,,,,,,
351687,2008/09,2009-01-26,Adelaide Oval,2,26.1,South Africa,Australia,HM Amla,AB de Villiers,BW Hilfenhaus,2,0,,,,,,,,,
351687,2008/09,2009-01-26,Adelaide Oval,2,26.2,South Africa,Australia,HM Amla,AB de Villiers,BW Hilfenhaus,0,0,,,,,,,,,
351687,2008/09,2009-01-26,Adelaide Oval,2,26.3,South Africa,Australia,HM Amla,AB de Villiers,BW Hilfenhaus,1,0,,,,,,,,,
351687,2008/09,2009-01-26,Adelaide Oval,2,26.4,South Africa,Australia,AB de Villiers,HM Amla,BW Hilfenhaus,1,0,,,,,,,,,
351687,2008/09,2009-01-26,Adelaide Oval,2,26.5,South Africa,Australia,HM Amla,AB de Villiers,BW Hilfenhaus,1,0,,,,,,,,,
351687,2008/09,2009-01-26,Adelaide Oval,2,26.6,South Africa,Australia,AB de Villiers,HM Amla,BW Hilfenhaus,3,0,,,,,,,,,
351687,2008/09,2009-01-26,Adelaide Oval,2,27.1,South Africa,Australia,AB de Villiers,HM Amla,DJ Hussey,1,0,,,,,,,,,
351687,2008/09,2009-01-26,Adelaide Oval,2,27.2,South Africa,Australia,HM Amla,AB de Villiers,DJ Hussey,1,0,,,,,,,,,
351687,2008/09,2009-01-26,Adelaide Oval,2,27.3,South Africa,Australia,AB de Villiers,HM Amla,DJ Hussey,2,0,,,,,,,,,
351687,2008/09,2009-01-26,Adelaide Oval,2,27.4,South Africa,Australia,AB de Villiers,HM Amla,DJ Hussey,4,0,,,,,,,,,
351687,2008/09,2009-01-26,Adelaide Oval,2,27.5,South Africa,Australia,AB de Villiers,HM Amla,DJ Hussey,6,0,,,,,,,,,
351687,2008/09,2009-01-26,Adelaide Oval,2,27.6,South Africa,Australia,AB de Villiers,HM Amla,DJ Hussey,1,0,,,,,,,,,
351687,2008/09,2009-01-26,Adelaide Oval,2,28.1,South Africa,Australia,AB de Villiers,HM Amla,BW Hilfenhaus,0,0,,,,,,,,,
351687,2008/09,2009-01-26,Adelaide Oval,2,28.2,South Africa,Australia,AB de Villiers,HM Amla,BW Hilfenhaus,1,0,,,,,,,,,
351687,2008/09,2009-01-26,Adelaide Oval,2,28.3,South Africa,Australia,HM Amla,AB de Villiers,BW Hilfenhaus,1,0,,,,,,,,,
351687,2008/09,2009-01-26,Adelaide Oval,2,28.4,South Africa,Australia,AB de Villiers,HM Amla,BW Hilfenhaus,2,0,,,,,,,,,
351687,2008/09,2009-01-26,Adelaide Oval,2,28.5,South Africa,Australia,AB de Villiers,HM Amla,BW Hilfenhaus,4,0,,,,,,,,,
351687,2008/09,2009-01-26,Adelaide Oval,2,28.6,South Africa,Australia,AB de Villiers,HM Amla,BW Hilfenhaus,0,0,,,,,,,,,
351687,2008/09,2009-01-26,Adelaide Oval,2,29.1,South Africa,Australia,HM Amla,AB de Villiers,MG Johnson,1,0,,,,,,,,,
351687,2008/09,2009-01-26,Adelaide Oval,2,29.2,South Africa,Australia,AB de Villiers,HM Amla,MG Johnson,1,0,,,,,,,,,
351687,2008/09,2009-01-26,Adelaide Oval,2,29.3,South Africa,Australia,HM Amla,AB de Villiers,MG Johnson,1,0,,,,,,,,,
351687,2008/09,2009-01-26,Adelaide Oval,2,29.4,South Africa,Australia,AB de Villiers,HM Amla,MG Johnson,0,0,,,,,,,,,
351687,2008/09,2009-01-26,Adelaide Oval,2,29.5,South Africa,Australia,AB de Villiers,HM Amla,MG Johnson,0,0,,,,,,,,,
351687,2008/09,2009-01-26,Adelaide Oval,2,29.6,South Africa,Australia,AB de Villiers,HM Amla,MG Johnson,0,0,,,,,,,,,
351687,2008/09,2009-01-26,Adelaide Oval,2,30.1,South Africa,Australia,HM Amla,AB de Villiers,SW Tait,1,0,,,,,,,,,
351687,2008/09,2009-01-26,Adelaide Oval,2,30.2,South Africa,Australia,AB de Villiers,HM Amla,SW Tait,0,0,,,,,,,,,
351687,2008/09,2009-01-26,Adelaide Oval,2,30.3,South Africa,Australia,AB de Villiers,HM Amla,SW Tait,0,0,,,,,,,,,
351687,2008/09,2009-01-26,Adelaide Oval,2,30.4,South Africa,Australia,AB de Villiers,HM Amla,SW Tait,4,0,,,,,,,,,
351687,2008/09,2009-01-26,Adelaide Oval,2,30.5,South Africa,Australia,AB de Villiers,HM Amla,SW Tait,1,0,,,,,,,,,
351687,2008/09,2009-01-26,Adelaide Oval,2,30.6,South Africa,Australia,HM Amla,AB de Villiers,SW Tait,0,0,,,,,,,,,
351687,2008/09,2009-01-26,Adelaide Oval,2,31.1,South Africa,Australia,AB de Villiers,HM Amla,MG Johnson,1,0,,,,,,,,,
351687,2008/09,2009-01-26,Adelaide Oval,2,31.2,South Africa,Australia,HM Amla,AB de Villiers,MG Johnson,1,0,,,,,,,,,
351687,2008/09,2009-01-26,Adelaide Oval,2,31.3,South Africa,Australia,AB de Villiers,HM Amla,MG Johnson,1,0,,,,,,,,,
351687,2008/09,2009-01-26,Adelaide Oval,2,31.4,South Africa,Australia,HM Amla,AB de Villiers,MG Johnson,0,1,1,,,,,,,,
351687,2008/09,2009-01-26,Adelaide Oval,2,31.5,South Africa,Australia,HM Amla,AB de Villiers,MG Johnson,1,0,,,,,,,,,
351687,2008/09,2009-01-26,Adelaide Oval,2,31.6,South Africa,Australia,AB de Villiers,HM Amla,MG Johnson,4,0,,,,,,,,,
351687,2008/09,2009-01-26,Adelaide Oval,2,31.7,South Africa,Australia,AB de Villiers,HM Amla,MG Johnson,1,0,,,,,,,,,
351687,2008/09,2009-01-26,Adelaide Oval,2,32.1,South Africa,Australia,AB de Villiers,HM Amla,SW Tait,1,0,,,,,,,,,
351687,2008/09,2009-01-26,Adelaide Oval,2,32.2,South Africa,Australia,HM Amla,AB de Villiers,SW Tait,1,0,,,,,,,,,
351687,2008/09,2009-01-26,Adelaide Oval,2,32.3,South Africa,Australia,AB de Villiers,HM Amla,SW Tait,0,0,,,,,,,,,
351687,2008/09,2009-01-26,Adelaide Oval,2,32.4,South Africa,Australia,AB de Villiers,HM Amla,SW Tait,1,0,,,,,,,,,
351687,2008/09,2009-01-26,Adelaide Oval,2,32.5,South Africa,Australia,HM Amla,AB de Villiers,SW Tait,0,0,,,,,,,,,
351687,2008/09,2009-01-26,Adelaide Oval,2,32.6,South Africa,Australia,HM Amla,AB de Villiers,SW Tait,0,0,,,,,,,,,
351687,2008/09,2009-01-26,Adelaide Oval,2,33.1,South Africa,Australia,AB de Villiers,HM Amla,MG Johnson,2,0,,,,,,,,,
351687,2008/09,2009-01-26,Adelaide Oval,2,33.2,South Africa,Australia,AB de Villiers,HM Amla,MG Johnson,0,0,,,,,,,,,
351687,2008/09,2009-01-26,Adelaide Oval,2,33.3,South Africa,Australia,AB de Villiers,HM Amla,MG Johnson,0,1,,,,1,,,,,
351687,2008/09,2009-01-26,Adelaide Oval,2,33.4,South Africa,Australia,HM Amla,AB de Villiers,MG Johnson,1,0,,,,,,,,,
351687,2008/09,2009-01-26,Adelaide Oval,2,33.5,South Africa,Australia,AB de Villiers,HM Amla,MG Johnson,0,0,,,,,,,,,
351687,2008/09,2009-01-26,Adelaide Oval,2,33.6,South Africa,Australia,AB de Villiers,HM Amla,MG Johnson,1,0,,,,,,,,,
351687,2008/09,2009-01-26,Adelaide Oval,2,34.1,South Africa,Australia,AB de Villiers,HM Amla,SW Tait,1,0,,,,,,,,,
351687,2008/09,2009-01-26,Adelaide Oval,2,34.2,South Africa,Australia,HM Amla,AB de Villiers,SW Tait,4,0,,,,,,,,,
351687,2008/09,2009-01-26,Adelaide Oval,2,34.3,South Africa,Australia,HM Amla,AB de Villiers,SW Tait,0,0,,,,,,,,,
351687,2008/09,2009-01-26,Adelaide Oval,2,34.4,South Africa,Australia,HM Amla,AB de Villiers,SW Tait,0,0,,,,,,,,,
351687,2008/09,2009-01-26,Adelaide Oval,2,34.5,South Africa,Australia,HM Amla,AB de Villiers,SW Tait,0,0,,,,,,,,,
351687,2008/09,2009-01-26,Adelaide Oval,2,34.6,South Africa,Australia,HM Amla,AB de Villiers,SW Tait,0,0,,,,,,,,,
351687,2008/09,2009-01-26,Adelaide Oval,2,35.1,South Africa,Australia,AB de Villiers,HM Amla,MG Johnson,1,0,,,,,,,,,
351687,2008/09,2009-01-26,Adelaide Oval,2,35.2,South Africa,Australia,HM Amla,AB de Villiers,MG Johnson,4,0,,,,,,,,,
351687,2008/09,2009-01-26,Adelaide Oval,2,35.3,South Africa,Australia,HM Amla,AB de Villiers,MG Johnson,0,0,,,,,,,,,
351687,2008/09,2009-01-26,Adelaide Oval,2,35.4,South Africa,Australia,HM Amla,AB de Villiers,MG Johnson,0,0,,,,,,,,,
351687,2008/09,2009-01-26,Adelaide Oval,2,35.5,South Africa,Australia,HM Amla,AB de Villiers,MG Johnson,4,0,,,,,,,,,
351687,2008/09,2009-01-26,Adelaide Oval,2,35.6,South Africa,Australia,HM Amla,AB de Villiers,MG Johnson,1,0,,,,,,,,,
351687,2008/09,2009-01-26,Adelaide Oval,2,36.1,South Africa,Australia,HM Amla,AB de Villiers,SW Tait,1,0,,,,,,,,,
351687,2008/09,2009-01-26,Adelaide Oval,2,36.2,South Africa,Australia,AB de Villiers,HM Amla,SW Tait,1,0,,,,,,,,,
351687,2008/09,2009-01-26,Adelaide Oval,2,36.3,South Africa,Australia,HM Amla,AB de Villiers,SW Tait,1,0,,,,,,,,,
351687,2008/09,2009-01-26,Adelaide Oval,2,36.4,South Africa,Australia,AB de Villiers,HM Amla,SW Tait,0,0,,,,,,,,,
351687,2008/09,2009-01-26,Adelaide Oval,2,36.5,South Africa,Australia,AB de Villiers,HM Amla,SW Tait,1,0,,,,,,,,,
351687,2008/09,2009-01-26,Adelaide Oval,2,36.6,South Africa,Australia,HM Amla,AB de Villiers,SW Tait,1,0,,,,,,,,,
351687,2008/09,2009-01-26,Adelaide Oval,2,37.1,South Africa,Australia,HM Amla,AB de Villiers,BW Hilfenhaus,0,1,1,,,,,,,,
351687,2008/09,2009-01-26,Adelaide Oval,2,37.2,South Africa,Australia,HM Amla,AB de Villiers,BW Hilfenhaus,0,0,,,,,,,,,
351687,2008/09,2009-01-26,Adelaide Oval,2,37.3,South Africa,Australia,HM Amla,AB de Villiers,BW Hilfenhaus,0,1,,,,1,,,,,
351687,2008/09,2009-01-26,Adelaide Oval,2,37.4,South Africa,Australia,AB de Villiers,HM Amla,BW Hilfenhaus,0,0,,,,,,,,,
351687,2008/09,2009-01-26,Adelaide Oval,2,37.5,South Africa,Australia,AB de Villiers,HM Amla,BW Hilfenhaus,0,0,,,,,,,,,
351687,2008/09,2009-01-26,Adelaide Oval,2,37.6,South Africa,Australia,AB de Villiers,HM Amla,BW Hilfenhaus,1,0,,,,,,,,,
351687,2008/09,2009-01-26,Adelaide Oval,2,37.7,South Africa,Australia,HM Amla,AB de Villiers,BW Hilfenhaus,0,0,,,,,,,,,
351687,2008/09,2009-01-26,Adelaide Oval,2,38.1,South Africa,Australia,AB de Villiers,HM Amla,JR Hopes,1,0,,,,,,,,,
