match_id,season,start_date,venue,innings,ball,batting_team,bowling_team,striker,non_striker,bowler,runs_off_bat,extras,wides,noballs,byes,legbyes,penalty,wicket_type,player_dismissed,other_wicket_type,other_player_dismissed
352668,2008/09,2009-03-29,"Kensington Oval, Bridgetown",1,0.1,West Indies,England,CH Gayle,LMP Simmons,JM Anderson,0,0,,,,,,,,,
352668,2008/09,2009-03-29,"Kensington Oval, Bridgetown",1,0.2,West Indies,England,CH Gayle,LMP Simmons,JM Anderson,0,0,,,,,,,,,
352668,2008/09,2009-03-29,"Kensington Oval, Bridgetown",1,0.3,West Indies,England,CH Gayle,LMP Simmons,JM Anderson,0,0,,,,,,,,,
352668,2008/09,2009-03-29,"Kensington Oval, Bridgetown",1,0.4,West Indies,England,CH Gayle,LMP Simmons,JM Anderson,0,0,,,,,,,,,
352668,2008/09,2009-03-29,"Kensington Oval, Bridgetown",1,0.5,West Indies,England,CH Gayle,LMP Simmons,JM Anderson,0,0,,,,,,,,,
352668,2008/09,2009-03-29,"Kensington Oval, Bridgetown",1,0.6,West Indies,England,CH Gayle,LMP Simmons,JM Anderson,0,0,,,,,,,,,
352668,2008/09,2009-03-29,"Kensington Oval, Bridgetown",1,1.1,West Indies,England,LMP Simmons,CH Gayle,SCJ Broad,0,0,,,,,,,,,
352668,2008/09,2009-03-29,"Kensington Oval, Bridgetown",1,1.2,West Indies,England,LMP Simmons,CH Gayle,SCJ Broad,0,0,,,,,,,,,
352668,2008/09,2009-03-29,"Kensington Oval, Bridgetown",1,1.3,West Indies,England,LMP Simmons,CH Gayle,SCJ Broad,0,0,,,,,,,,,
352668,2008/09,2009-03-29,"Kensington Oval, Bridgetown",1,1.4,West Indies,England,LMP Simmons,CH Gayle,SCJ Broad,0,0,,,,,,,,,
352668,2008/09,2009-03-29,"Kensington Oval, Bridgetown",1,1.5,West Indies,England,LMP Simmons,CH Gayle,SCJ Broad,0,0,,,,,,,,,
352668,2008/09,2009-03-29,"Kensington Oval, Bridgetown",1,1.6,West Indies,England,LMP Simmons,CH Gayle,SCJ Broad,1,0,,,,,,,,,
352668,2008/09,2009-03-29,"Kensington Oval, Bridgetown",1,2.1,West Indies,England,LMP Simmons,CH Gayle,JM Anderson,0,0,,,,,,,,,
352668,2008/09,2009-03-29,"Kensington Oval, Bridgetown",1,2.2,West Indies,England,LMP Simmons,CH Gayle,JM Anderson,0,0,,,,,,,,,
352668,2008/09,2009-03-29,"Kensington Oval, Bridgetown",1,2.3,West Indies,England,LMP Simmons,CH Gayle,JM Anderson,2,0,,,,,,,,,
352668,2008/09,2009-03-29,"Kensington Oval, Bridgetown",1,2.4,West Indies,England,LMP Simmons,CH Gayle,JM Anderson,0,0,,,,,,,,,
352668,2008/09,2009-03-29,"Kensington Oval, Bridgetown",1,2.5,West Indies,England,LMP Simmons,CH Gayle,JM Anderson,0,0,,,,,,,,,
352668,2008/09,2009-03-29,"Kensington Oval, Bridgetown",1,2.6,West Indies,England,LMP Simmons,CH Gayle,JM Anderson,0,0,,,,,,,,,
352668,2008/09,2009-03-29,"Kensington Oval, Bridgetown",1,3.1,West Indies,England,CH Gayle,LMP Simmons,SCJ Broad,0,0,,,,,,,,,
352668,2008/09,2009-03-29,"Kensington Oval, Bridgetown",1,3.2,West Indies,England,CH Gayle,LMP Simmons,SCJ Broad,6,0,,,,,,,,,
352668,2008/09,2009-03-29,"Kensington Oval, Bridgetown",1,3.3,West Indies,England,CH Gayle,LMP Simmons,SCJ Broad,0,0,,,,,,,,,
352668,2008/09,2009-03-29,"Kensington Oval, Bridgetown",1,3.4,West Indies,England,CH Gayle,LMP Simmons,SCJ Broad,0,0,,,,,,,,,
352668,2008/09,2009-03-29,"Kensington Oval, Bridgetown",1,3.5,West Indies,England,CH Gayle,LMP Simmons,SCJ Broad,0,0,,,,,,,,,
352668,2008/09,2009-03-29,"Kensington Oval, Bridgetown",1,3.6,West Indies,England,CH Gayle,LMP Simmons,SCJ Broad,4,0,,,,,,,,,
352668,2008/09,2009-03-29,"Kensington Oval, Bridgetown",1,4.1,West Indies,England,LMP Simmons,CH Gayle,JM Anderson,4,0,,,,,,,,,
352668,2008/09,2009-03-29,"Kensington Oval, Bridgetown",1,4.2,West Indies,England,LMP Simmons,CH Gayle,JM Anderson,0,0,,,,,,,,,
352668,2008/09,2009-03-29,"Kensington Oval, Bridgetown",1,4.3,West Indies,England,LMP Simmons,CH Gayle,JM Anderson,0,0,,,,,,,,,
352668,2008/09,2009-03-29,"Kensington Oval, Bridgetown",1,4.4,West Indies,England,LMP Simmons,CH Gayle,JM Anderson,0,0,,,,,,,,,
352668,2008/09,2009-03-29,"Kensington Oval, Bridgetown",1,4.5,West Indies,England,LMP Simmons,CH Gayle,JM Anderson,6,0,,,,,,,,,
352668,2008/09,2009-03-29,"Kensington Oval, Bridgetown",1,4.6,West Indies,England,LMP Simmons,CH Gayle,JM Anderson,0,0,,,,,,,,,
352668,2008/09,2009-03-29,"Kensington Oval, Bridgetown",1,5.1,West Indies,England,CH Gayle,LMP Simmons,A Flintoff,6,0,,,,,,,,,
352668,2008/09,2009-03-29,"Kensington Oval, Bridgetown",1,5.2,West Indies,England,CH Gayle,LMP Simmons,A Flintoff,0,0,,,,,,,,,
352668,2008/09,2009-03-29,"Kensington Oval, Bridgetown",1,5.3,West Indies,England,CH Gayle,LMP Simmons,A Flintoff,0,0,,,,,,,,,
352668,2008/09,2009-03-29,"Kensington Oval, Bridgetown",1,5.4,West Indies,England,CH Gayle,LMP Simmons,A Flintoff,0,0,,,,,,,,,
352668,2008/09,2009-03-29,"Kensington Oval, Bridgetown",1,5.5,West Indies,England,CH Gayle,LMP Simmons,A Flintoff,0,0,,,,,,,,,
352668,2008/09,2009-03-29,"Kensington Oval, Bridgetown",1,5.6,West Indies,England,CH Gayle,LMP Simmons,A Flintoff,0,0,,,,,,,,,
352668,2008/09,2009-03-29,"Kensington Oval, Bridgetown",1,6.1,West Indies,England,LMP Simmons,CH Gayle,JM Anderson,2,0,,,,,,,,,
352668,2008/09,2009-03-29,"Kensington Oval, Bridgetown",1,6.2,West Indies,England,LMP Simmons,CH Gayle,JM Anderson,0,0,,,,,,,,,
352668,2008/09,2009-03-29,"Kensington Oval, Bridgetown",1,6.3,West Indies,England,LMP Simmons,CH Gayle,JM Anderson,0,0,,,,,,,,,
352668,2008/09,2009-03-29,"Kensington Oval, Bridgetown",1,6.4,West Indies,England,LMP Simmons,CH Gayle,JM Anderson,1,0,,,,,,,,,
352668,2008/09,2009-03-29,"Kensington Oval, Bridgetown",1,6.5,West Indies,England,CH Gayle,LMP Simmons,JM Anderson,0,0,,,,,,,,,
352668,2008/09,2009-03-29,"Kensington Oval, Bridgetown",1,6.6,West Indies,England,CH Gayle,LMP Simmons,JM Anderson,4,0,,,,,,,,,
352668,2008/09,2009-03-29,"Kensington Oval, Bridgetown",1,7.1,West Indies,England,LMP Simmons,CH Gayle,A Flintoff,0,0,,,,,,,,,
352668,2008/09,2009-03-29,"Kensington Oval, Bridgetown",1,7.2,West Indies,England,LMP Simmons,CH Gayle,A Flintoff,0,0,,,,,,,,,
352668,2008/09,2009-03-29,"Kensington Oval, Bridgetown",1,7.3,West Indies,England,LMP Simmons,CH Gayle,A Flintoff,4,0,,,,,,,,,
352668,2008/09,2009-03-29,"Kensington Oval, Bridgetown",1,7.4,West Indies,England,LMP Simmons,CH Gayle,A Flintoff,0,0,,,,,,,,,
352668,2008/09,2009-03-29,"Kensington Oval, Bridgetown",1,7.5,West Indies,England,LMP Simmons,CH Gayle,A Flintoff,0,0,,,,,,,,,
352668,2008/09,2009-03-29,"Kensington Oval, Bridgetown",1,7.6,West Indies,England,LMP Simmons,CH Gayle,A Flintoff,1,0,,,,,,,,,
352668,2008/09,2009-03-29,"Kensington Oval, Bridgetown",1,8.1,West Indies,England,LMP Simmons,CH Gayle,SJ Harmison,0,0,,,,,,,,,
352668,2008/09,2009-03-29,"Kensington Oval, Bridgetown",1,8.2,West Indies,England,LMP Simmons,CH Gayle,SJ Harmison,0,0,,,,,,,,,
352668,2008/09,2009-03-29,"Kensington Oval, Bridgetown",1,8.3,West Indies,England,LMP Simmons,CH Gayle,SJ Harmison,1,0,,,,,,,,,
352668,2008/09,2009-03-29,"Kensington Oval, Bridgetown",1,8.4,West Indies,England,CH Gayle,LMP Simmons,SJ Harmison,4,0,,,,,,,,,
352668,2008/09,2009-03-29,"Kensington Oval, Bridgetown",1,8.5,West Indies,England,CH Gayle,LMP Simmons,SJ Harmison,1,0,,,,,,,,,
352668,2008/09,2009-03-29,"Kensington Oval, Bridgetown",1,8.6,West Indies,England,LMP Simmons,CH Gayle,SJ Harmison,0,0,,,,,,,,,
352668,2008/09,2009-03-29,"Kensington Oval, Bridgetown",1,9.1,West Indies,England,CH Gayle,LMP Simmons,A Flintoff,6,0,,,,,,,,,
352668,2008/09,2009-03-29,"Kensington Oval, Bridgetown",1,9.2,West Indies,England,CH Gayle,LMP Simmons,A Flintoff,0,0,,,,,,,,,
352668,2008/09,2009-03-29,"Kensington Oval, Bridgetown",1,9.3,West Indies,England,CH Gayle,LMP Simmons,A Flintoff,0,0,,,,,,,,,
352668,2008/09,2009-03-29,"Kensington Oval, Bridgetown",1,9.4,West Indies,England,CH Gayle,LMP Simmons,A Flintoff,0,0,,,,,,,,,
352668,2008/09,2009-03-29,"Kensington Oval, Bridgetown",1,9.5,West Indies,England,CH Gayle,LMP Simmons,A Flintoff,1,0,,,,,,,,,
352668,2008/09,2009-03-29,"Kensington Oval, Bridgetown",1,9.6,West Indies,England,LMP Simmons,CH Gayle,A Flintoff,0,0,,,,,,,,,
352668,2008/09,2009-03-29,"Kensington Oval, Bridgetown",1,10.1,West Indies,England,CH Gayle,LMP Simmons,SJ Harmison,6,0,,,,,,,,,
352668,2008/09,2009-03-29,"Kensington Oval, Bridgetown",1,10.2,West Indies,England,CH Gayle,LMP Simmons,SJ Harmison,0,0,,,,,,,,,
352668,2008/09,2009-03-29,"Kensington Oval, Bridgetown",1,10.3,West Indies,England,CH Gayle,LMP Simmons,SJ Harmison,1,0,,,,,,,,,
352668,2008/09,2009-03-29,"Kensington Oval, Bridgetown",1,10.4,West Indies,England,LMP Simmons,CH Gayle,SJ Harmison,4,0,,,,,,,,,
352668,2008/09,2009-03-29,"Kensington Oval, Bridgetown",1,10.5,West Indies,England,LMP Simmons,CH Gayle,SJ Harmison,0,0,,,,,,,,,
352668,2008/09,2009-03-29,"Kensington Oval, Bridgetown",1,10.6,West Indies,England,LMP Simmons,CH Gayle,SJ Harmison,0,0,,,,,,,,,
352668,2008/09,2009-03-29,"Kensington Oval, Bridgetown",1,11.1,West Indies,England,CH Gayle,LMP Simmons,A Flintoff,0,0,,,,,,,,,
352668,2008/09,2009-03-29,"Kensington Oval, Bridgetown",1,11.2,West Indies,England,CH Gayle,LMP Simmons,A Flintoff,0,0,,,,,,,,,
352668,2008/09,2009-03-29,"Kensington Oval, Bridgetown",1,11.3,West Indies,England,CH Gayle,LMP Simmons,A Flintoff,0,0,,,,,,,,,
352668,2008/09,2009-03-29,"Kensington Oval, Bridgetown",1,11.4,West Indies,England,CH Gayle,LMP Simmons,A Flintoff,0,0,,,,,,,,,
352668,2008/09,2009-03-29,"Kensington Oval, Bridgetown",1,11.5,West Indies,England,CH Gayle,LMP Simmons,A Flintoff,1,0,,,,,,,,,
352668,2008/09,2009-03-29,"Kensington Oval, Bridgetown",1,11.6,West Indies,England,LMP Simmons,CH Gayle,A Flintoff,0,0,,,,,,,,,
352668,2008/09,2009-03-29,"Kensington Oval, Bridgetown",1,12.1,West Indies,England,CH Gayle,LMP Simmons,SCJ Broad,0,0,,,,,,,,,
352668,2008/09,2009-03-29,"Kensington Oval, Bridgetown",1,12.2,West Indies,England,CH Gayle,LMP Simmons,SCJ Broad,0,0,,,,,,,,,
352668,2008/09,2009-03-29,"Kensington Oval, Bridgetown",1,12.3,West Indies,England,CH Gayle,LMP Simmons,SCJ Broad,6,0,,,,,,,,,
352668,2008/09,2009-03-29,"Kensington Oval, Bridgetown",1,12.4,West Indies,England,CH Gayle,LMP Simmons,SCJ Broad,0,0,,,,,,caught,CH Gayle,,
352668,2008/09,2009-03-29,"Kensington Oval, Bridgetown",1,12.5,West Indies,England,RR Sarwan,LMP Simmons,SCJ Broad,0,0,,,,,,,,,
352668,2008/09,2009-03-29,"Kensington Oval, Bridgetown",1,12.6,West Indies,England,RR Sarwan,LMP Simmons,SCJ Broad,0,0,,,,,,,,,
352668,2008/09,2009-03-29,"Kensington Oval, Bridgetown",1,13.1,West Indies,England,LMP Simmons,RR Sarwan,A Flintoff,2,0,,,,,,,,,
352668,2008/09,2009-03-29,"Kensington Oval, Bridgetown",1,13.2,West Indies,England,LMP Simmons,RR Sarwan,A Flintoff,1,0,,,,,,,,,
352668,2008/09,2009-03-29,"Kensington Oval, Bridgetown",1,13.3,West Indies,England,RR Sarwan,LMP Simmons,A Flintoff,0,0,,,,,,,,,
352668,2008/09,2009-03-29,"Kensington Oval, Bridgetown",1,13.4,West Indies,England,RR Sarwan,LMP Simmons,A Flintoff,0,0,,,,,,,,,
352668,2008/09,2009-03-29,"Kensington Oval, Bridgetown",1,13.5,West Indies,England,RR Sarwan,LMP Simmons,A Flintoff,1,0,,,,,,run out,LMP Simmons,,
352668,2008/09,2009-03-29,"Kensington Oval, Bridgetown",1,13.6,West Indies,England,S Chanderpaul,RR Sarwan,A Flintoff,2,0,,,,,,,,,
352668,2008/09,2009-03-29,"Kensington Oval, Bridgetown",1,14.1,West Indies,England,RR Sarwan,S Chanderpaul,SCJ Broad,0,0,,,,,,,,,
352668,2008/09,2009-03-29,"Kensington Oval, Bridgetown",1,14.2,West Indies,England,RR Sarwan,S Chanderpaul,SCJ Broad,0,0,,,,,,,,,
352668,2008/09,2009-03-29,"Kensington Oval, Bridgetown",1,14.3,West Indies,England,RR Sarwan,S Chanderpaul,SCJ Broad,0,0,,,,,,,,,
352668,2008/09,2009-03-29,"Kensington Oval, Bridgetown",1,14.4,West Indies,England,RR Sarwan,S Chanderpaul,SCJ Broad,0,0,,,,,,,,,
352668,2008/09,2009-03-29,"Kensington Oval, Bridgetown",1,14.5,West Indies,England,RR Sarwan,S Chanderpaul,SCJ Broad,0,0,,,,,,,,,
352668,2008/09,2009-03-29,"Kensington Oval, Bridgetown",1,14.6,West Indies,England,RR Sarwan,S Chanderpaul,SCJ Broad,1,0,,,,,,,,,
352668,2008/09,2009-03-29,"Kensington Oval, Bridgetown",1,15.1,West Indies,England,RR Sarwan,S Chanderpaul,A Flintoff,4,0,,,,,,,,,
352668,2008/09,2009-03-29,"Kensington Oval, Bridgetown",1,15.2,West Indies,England,RR Sarwan,S Chanderpaul,A Flintoff,0,0,,,,,,,,,
352668,2008/09,2009-03-29,"Kensington Oval, Bridgetown",1,15.3,West Indies,England,RR Sarwan,S Chanderpaul,A Flintoff,0,0,,,,,,,,,
352668,2008/09,2009-03-29,"Kensington Oval, Bridgetown",1,15.4,West Indies,England,RR Sarwan,S Chanderpaul,A Flintoff,0,0,,,,,,,,,
352668,2008/09,2009-03-29,"Kensington Oval, Bridgetown",1,15.5,West Indies,England,RR Sarwan,S Chanderpaul,A Flintoff,0,0,,,,,,bowled,RR Sarwan,,
352668,2008/09,2009-03-29,"Kensington Oval, Bridgetown",1,15.6,West Indies,England,D Ramdin,S Chanderpaul,A Flintoff,4,0,,,,,,,,,
352668,2008/09,2009-03-29,"Kensington Oval, Bridgetown",1,16.1,West Indies,England,S Chanderpaul,D Ramdin,SCJ Broad,1,0,,,,,,,,,
352668,2008/09,2009-03-29,"Kensington Oval, Bridgetown",1,16.2,West Indies,England,D Ramdin,S Chanderpaul,SCJ Broad,1,0,,,,,,,,,
352668,2008/09,2009-03-29,"Kensington Oval, Bridgetown",1,16.3,West Indies,England,S Chanderpaul,D Ramdin,SCJ Broad,0,0,,,,,,,,,
352668,2008/09,2009-03-29,"Kensington Oval, Bridgetown",1,16.4,West Indies,England,S Chanderpaul,D Ramdin,SCJ Broad,0,0,,,,,,,,,
352668,2008/09,2009-03-29,"Kensington Oval, Bridgetown",1,16.5,West Indies,England,S Chanderpaul,D Ramdin,SCJ Broad,2,0,,,,,,,,,
352668,2008/09,2009-03-29,"Kensington Oval, Bridgetown",1,16.6,West Indies,England,S Chanderpaul,D Ramdin,SCJ Broad,0,0,,,,,,,,,
352668,2008/09,2009-03-29,"Kensington Oval, Bridgetown",1,17.1,West Indies,England,D Ramdin,S Chanderpaul,SJ Harmison,1,0,,,,,,,,,
352668,2008/09,2009-03-29,"Kensington Oval, Bridgetown",1,17.2,West Indies,England,S Chanderpaul,D Ramdin,SJ Harmison,1,0,,,,,,,,,
352668,2008/09,2009-03-29,"Kensington Oval, Bridgetown",1,17.3,West Indies,England,D Ramdin,S Chanderpaul,SJ Harmison,1,0,,,,,,,,,
352668,2008/09,2009-03-29,"Kensington Oval, Bridgetown",1,17.4,West Indies,England,S Chanderpaul,D Ramdin,SJ Harmison,1,0,,,,,,,,,
352668,2008/09,2009-03-29,"Kensington Oval, Bridgetown",1,17.5,West Indies,England,D Ramdin,S Chanderpaul,SJ Harmison,0,0,,,,,,,,,
352668,2008/09,2009-03-29,"Kensington Oval, Bridgetown",1,17.6,West Indies,England,D Ramdin,S Chanderpaul,SJ Harmison,1,0,,,,,,,,,
352668,2008/09,2009-03-29,"Kensington Oval, Bridgetown",1,18.1,West Indies,England,D Ramdin,S Chanderpaul,SCJ Broad,4,0,,,,,,,,,
352668,2008/09,2009-03-29,"Kensington Oval, Bridgetown",1,18.2,West Indies,England,D Ramdin,S Chanderpaul,SCJ Broad,1,0,,,,,,,,,
352668,2008/09,2009-03-29,"Kensington Oval, Bridgetown",1,18.3,West Indies,England,S Chanderpaul,D Ramdin,SCJ Broad,1,0,,,,,,,,,
352668,2008/09,2009-03-29,"Kensington Oval, Bridgetown",1,18.4,West Indies,England,D Ramdin,S Chanderpaul,SCJ Broad,1,0,,,,,,,,,
352668,2008/09,2009-03-29,"Kensington Oval, Bridgetown",1,18.5,West Indies,England,S Chanderpaul,D Ramdin,SCJ Broad,1,0,,,,,,,,,
352668,2008/09,2009-03-29,"Kensington Oval, Bridgetown",1,18.6,West Indies,England,D Ramdin,S Chanderpaul,SCJ Broad,1,0,,,,,,,,,
352668,2008/09,2009-03-29,"Kensington Oval, Bridgetown",1,19.1,West Indies,England,D Ramdin,S Chanderpaul,SJ Harmison,0,0,,,,,,,,,
352668,2008/09,2009-03-29,"Kensington Oval, Bridgetown",1,19.2,West Indies,England,D Ramdin,S Chanderpaul,SJ Harmison,1,0,,,,,,,,,
352668,2008/09,2009-03-29,"Kensington Oval, Bridgetown",1,19.3,West Indies,England,S Chanderpaul,D Ramdin,SJ Harmison,1,0,,,,,,,,,
352668,2008/09,2009-03-29,"Kensington Oval, Bridgetown",1,19.4,West Indies,England,D Ramdin,S Chanderpaul,SJ Harmison,0,0,,,,,,,,,
352668,2008/09,2009-03-29,"Kensington Oval, Bridgetown",1,19.5,West Indies,England,D Ramdin,S Chanderpaul,SJ Harmison,0,0,,,,,,,,,
352668,2008/09,2009-03-29,"Kensington Oval, Bridgetown",1,19.6,West Indies,England,D Ramdin,S Chanderpaul,SJ Harmison,0,0,,,,,,,,,
352668,2008/09,2009-03-29,"Kensington Oval, Bridgetown",1,20.1,West Indies,England,S Chanderpaul,D Ramdin,AD Mascarenhas,1,0,,,,,,,,,
352668,2008/09,2009-03-29,"Kensington Oval, Bridgetown",1,20.2,West Indies,England,D Ramdin,S Chanderpaul,AD Mascarenhas,0,0,,,,,,,,,
352668,2008/09,2009-03-29,"Kensington Oval, Bridgetown",1,20.3,West Indies,England,D Ramdin,S Chanderpaul,AD Mascarenhas,1,0,,,,,,,,,
352668,2008/09,2009-03-29,"Kensington Oval, Bridgetown",1,20.4,West Indies,England,S Chanderpaul,D Ramdin,AD Mascarenhas,0,0,,,,,,,,,
352668,2008/09,2009-03-29,"Kensington Oval, Bridgetown",1,20.5,West Indies,England,S Chanderpaul,D Ramdin,AD Mascarenhas,1,0,,,,,,,,,
352668,2008/09,2009-03-29,"Kensington Oval, Bridgetown",1,20.6,West Indies,England,D Ramdin,S Chanderpaul,AD Mascarenhas,1,0,,,,,,,,,
352668,2008/09,2009-03-29,"Kensington Oval, Bridgetown",1,21.1,West Indies,England,D Ramdin,S Chanderpaul,SJ Harmison,0,0,,,,,,,,,
352668,2008/09,2009-03-29,"Kensington Oval, Bridgetown",1,21.2,West Indies,England,D Ramdin,S Chanderpaul,SJ Harmison,0,0,,,,,,,,,
352668,2008/09,2009-03-29,"Kensington Oval, Bridgetown",1,21.3,West Indies,England,D Ramdin,S Chanderpaul,SJ Harmison,1,0,,,,,,,,,
352668,2008/09,2009-03-29,"Kensington Oval, Bridgetown",1,21.4,West Indies,England,S Chanderpaul,D Ramdin,SJ Harmison,0,0,,,,,,,,,
352668,2008/09,2009-03-29,"Kensington Oval, Bridgetown",1,21.5,West Indies,England,S Chanderpaul,D Ramdin,SJ Harmison,0,0,,,,,,,,,
352668,2008/09,2009-03-29,"Kensington Oval, Bridgetown",1,21.6,West Indies,England,S Chanderpaul,D Ramdin,SJ Harmison,1,0,,,,,,,,,
352668,2008/09,2009-03-29,"Kensington Oval, Bridgetown",1,22.1,West Indies,England,S Chanderpaul,D Ramdin,AD Mascarenhas,0,0,,,,,,,,,
352668,2008/09,2009-03-29,"Kensington Oval, Bridgetown",1,22.2,West Indies,England,S Chanderpaul,D Ramdin,AD Mascarenhas,1,0,,,,,,,,,
352668,2008/09,2009-03-29,"Kensington Oval, Bridgetown",1,22.3,West Indies,England,D Ramdin,S Chanderpaul,AD Mascarenhas,0,0,,,,,,,,,
352668,2008/09,2009-03-29,"Kensington Oval, Bridgetown",1,22.4,West Indies,England,D Ramdin,S Chanderpaul,AD Mascarenhas,2,0,,,,,,,,,
352668,2008/09,2009-03-29,"Kensington Oval, Bridgetown",1,22.5,West Indies,England,D Ramdin,S Chanderpaul,AD Mascarenhas,4,0,,,,,,,,,
352668,2008/09,2009-03-29,"Kensington Oval, Bridgetown",1,22.6,West Indies,England,D Ramdin,S Chanderpaul,AD Mascarenhas,0,0,,,,,,,,,
352668,2008/09,2009-03-29,"Kensington Oval, Bridgetown",1,23.1,West Indies,England,S Chanderpaul,D Ramdin,SJ Harmison,0,0,,,,,,,,,
352668,2008/09,2009-03-29,"Kensington Oval, Bridgetown",1,23.2,West Indies,England,S Chanderpaul,D Ramdin,SJ Harmison,0,0,,,,,,,,,
352668,2008/09,2009-03-29,"Kensington Oval, Bridgetown",1,23.3,West Indies,England,S Chanderpaul,D Ramdin,SJ Harmison,1,0,,,,,,,,,
352668,2008/09,2009-03-29,"Kensington Oval, Bridgetown",1,23.4,West Indies,England,D Ramdin,S Chanderpaul,SJ Harmison,1,0,,,,,,,,,
352668,2008/09,2009-03-29,"Kensington Oval, Bridgetown",1,23.5,West Indies,England,S Chanderpaul,D Ramdin,SJ Harmison,0,0,,,,,,,,,
352668,2008/09,2009-03-29,"Kensington Oval, Bridgetown",1,23.6,West Indies,England,S Chanderpaul,D Ramdin,SJ Harmison,1,0,,,,,,,,,
352668,2008/09,2009-03-29,"Kensington Oval, Bridgetown",1,24.1,West Indies,England,S Chanderpaul,D Ramdin,AD Mascarenhas,0,0,,,,,,,,,
352668,2008/09,2009-03-29,"Kensington Oval, Bridgetown",1,24.2,West Indies,England,S Chanderpaul,D Ramdin,AD Mascarenhas,0,0,,,,,,,,,
352668,2008/09,2009-03-29,"Kensington Oval, Bridgetown",1,24.3,West Indies,England,S Chanderpaul,D Ramdin,AD Mascarenhas,0,0,,,,,,,,,
352668,2008/09,2009-03-29,"Kensington Oval, Bridgetown",1,24.4,West Indies,England,S Chanderpaul,D Ramdin,AD Mascarenhas,1,0,,,,,,,,,
352668,2008/09,2009-03-29,"Kensington Oval, Bridgetown",1,24.5,West Indies,England,D Ramdin,S Chanderpaul,AD Mascarenhas,0,0,,,,,,,,,
352668,2008/09,2009-03-29,"Kensington Oval, Bridgetown",1,24.6,West Indies,England,D Ramdin,S Chanderpaul,AD Mascarenhas,0,0,,,,,,,,,
352668,2008/09,2009-03-29,"Kensington Oval, Bridgetown",1,25.1,West Indies,England,S Chanderpaul,D Ramdin,KP Pietersen,0,0,,,,,,,,,
352668,2008/09,2009-03-29,"Kensington Oval, Bridgetown",1,25.2,West Indies,England,S Chanderpaul,D Ramdin,KP Pietersen,0,0,,,,,,,,,
352668,2008/09,2009-03-29,"Kensington Oval, Bridgetown",1,25.3,West Indies,England,S Chanderpaul,D Ramdin,KP Pietersen,0,0,,,,,,,,,
352668,2008/09,2009-03-29,"Kensington Oval, Bridgetown",1,25.4,West Indies,England,S Chanderpaul,D Ramdin,KP Pietersen,0,0,,,,,,,,,
352668,2008/09,2009-03-29,"Kensington Oval, Bridgetown",1,25.5,West Indies,England,S Chanderpaul,D Ramdin,KP Pietersen,0,0,,,,,,,,,
352668,2008/09,2009-03-29,"Kensington Oval, Bridgetown",1,25.6,West Indies,England,S Chanderpaul,D Ramdin,OA Shah,1,0,,,,,,,,,
352668,2008/09,2009-03-29,"Kensington Oval, Bridgetown",1,26.1,West Indies,England,S Chanderpaul,D Ramdin,AD Mascarenhas,1,0,,,,,,,,,
352668,2008/09,2009-03-29,"Kensington Oval, Bridgetown",1,26.2,West Indies,England,D Ramdin,S Chanderpaul,AD Mascarenhas,0,0,,,,,,caught,D Ramdin,,
352668,2008/09,2009-03-29,"Kensington Oval, Bridgetown",1,26.3,West Indies,England,DJ Bravo,S Chanderpaul,AD Mascarenhas,0,0,,,,,,,,,
352668,2008/09,2009-03-29,"Kensington Oval, Bridgetown",1,26.4,West Indies,England,DJ Bravo,S Chanderpaul,AD Mascarenhas,0,0,,,,,,,,,
352668,2008/09,2009-03-29,"Kensington Oval, Bridgetown",1,26.5,West Indies,England,DJ Bravo,S Chanderpaul,AD Mascarenhas,0,0,,,,,,,,,
352668,2008/09,2009-03-29,"Kensington Oval, Bridgetown",1,26.6,West Indies,England,DJ Bravo,S Chanderpaul,AD Mascarenhas,0,0,,,,,,,,,
352668,2008/09,2009-03-29,"Kensington Oval, Bridgetown",1,27.1,West Indies,England,S Chanderpaul,DJ Bravo,OA Shah,1,0,,,,,,,,,
352668,2008/09,2009-03-29,"Kensington Oval, Bridgetown",1,27.2,West Indies,England,DJ Bravo,S Chanderpaul,OA Shah,0,0,,,,,,,,,
352668,2008/09,2009-03-29,"Kensington Oval, Bridgetown",1,27.3,West Indies,England,DJ Bravo,S Chanderpaul,OA Shah,1,0,,,,,,,,,
352668,2008/09,2009-03-29,"Kensington Oval, Bridgetown",1,27.4,West Indies,England,S Chanderpaul,DJ Bravo,OA Shah,1,0,,,,,,,,,
352668,2008/09,2009-03-29,"Kensington Oval, Bridgetown",1,27.5,West Indies,England,DJ Bravo,S Chanderpaul,OA Shah,1,0,,,,,,,,,
352668,2008/09,2009-03-29,"Kensington Oval, Bridgetown",1,27.6,West Indies,England,S Chanderpaul,DJ Bravo,OA Shah,1,0,,,,,,,,,
352668,2008/09,2009-03-29,"Kensington Oval, Bridgetown",1,28.1,West Indies,England,S Chanderpaul,DJ Bravo,AD Mascarenhas,0,0,,,,,,,,,
352668,2008/09,2009-03-29,"Kensington Oval, Bridgetown",1,28.2,West Indies,England,S Chanderpaul,DJ Bravo,AD Mascarenhas,0,0,,,,,,,,,
352668,2008/09,2009-03-29,"Kensington Oval, Bridgetown",1,28.3,West Indies,England,S Chanderpaul,DJ Bravo,AD Mascarenhas,1,0,,,,,,,,,
352668,2008/09,2009-03-29,"Kensington Oval, Bridgetown",1,28.4,West Indies,England,DJ Bravo,S Chanderpaul,AD Mascarenhas,0,0,,,,,,,,,
352668,2008/09,2009-03-29,"Kensington Oval, Bridgetown",1,28.5,West Indies,England,DJ Bravo,S Chanderpaul,AD Mascarenhas,1,0,,,,,,,,,
352668,2008/09,2009-03-29,"Kensington Oval, Bridgetown",1,28.6,West Indies,England,S Chanderpaul,DJ Bravo,AD Mascarenhas,1,0,,,,,,,,,
352668,2008/09,2009-03-29,"Kensington Oval, Bridgetown",1,29.1,West Indies,England,S Chanderpaul,DJ Bravo,JM Anderson,1,0,,,,,,,,,
352668,2008/09,2009-03-29,"Kensington Oval, Bridgetown",1,29.2,West Indies,England,DJ Bravo,S Chanderpaul,JM Anderson,0,0,,,,,,,,,
352668,2008/09,2009-03-29,"Kensington Oval, Bridgetown",1,29.3,West Indies,England,DJ Bravo,S Chanderpaul,JM Anderson,1,0,,,,,,,,,
352668,2008/09,2009-03-29,"Kensington Oval, Bridgetown",1,29.4,West Indies,England,S Chanderpaul,DJ Bravo,JM Anderson,0,0,,,,,,,,,
352668,2008/09,2009-03-29,"Kensington Oval, Bridgetown",1,29.5,West Indies,England,S Chanderpaul,DJ Bravo,JM Anderson,0,0,,,,,,,,,
352668,2008/09,2009-03-29,"Kensington Oval, Bridgetown",1,29.6,West Indies,England,S Chanderpaul,DJ Bravo,JM Anderson,0,0,,,,,,,,,
352668,2008/09,2009-03-29,"Kensington Oval, Bridgetown",1,30.1,West Indies,England,DJ Bravo,S Chanderpaul,AD Mascarenhas,0,0,,,,,,,,,
352668,2008/09,2009-03-29,"Kensington Oval, Bridgetown",1,30.2,West Indies,England,DJ Bravo,S Chanderpaul,AD Mascarenhas,1,0,,,,,,,,,
352668,2008/09,2009-03-29,"Kensington Oval, Bridgetown",1,30.3,West Indies,England,S Chanderpaul,DJ Bravo,AD Mascarenhas,0,0,,,,,,,,,
352668,2008/09,2009-03-29,"Kensington Oval, Bridgetown",1,30.4,West Indies,England,S Chanderpaul,DJ Bravo,AD Mascarenhas,0,0,,,,,,,,,
352668,2008/09,2009-03-29,"Kensington Oval, Bridgetown",1,30.5,West Indies,England,S Chanderpaul,DJ Bravo,AD Mascarenhas,1,0,,,,,,,,,
352668,2008/09,2009-03-29,"Kensington Oval, Bridgetown",1,30.6,West Indies,England,DJ Bravo,S Chanderpaul,AD Mascarenhas,1,0,,,,,,,,,
352668,2008/09,2009-03-29,"Kensington Oval, Bridgetown",1,31.1,West Indies,England,DJ Bravo,S Chanderpaul,JM Anderson,0,1,1,,,,,,,,
352668,2008/09,2009-03-29,"Kensington Oval, Bridgetown",1,31.2,West Indies,England,DJ Bravo,S Chanderpaul,JM Anderson,0,0,,,,,,,,,
352668,2008/09,2009-03-29,"Kensington Oval, Bridgetown",1,31.3,West Indies,England,DJ Bravo,S Chanderpaul,JM Anderson,0,1,1,,,,,,,,
352668,2008/09,2009-03-29,"Kensington Oval, Bridgetown",1,31.4,West Indies,England,DJ Bravo,S Chanderpaul,JM Anderson,0,0,,,,,,,,,
352668,2008/09,2009-03-29,"Kensington Oval, Bridgetown",1,31.5,West Indies,England,DJ Bravo,S Chanderpaul,JM Anderson,1,0,,,,,,,,,
352668,2008/09,2009-03-29,"Kensington Oval, Bridgetown",1,31.6,West Indies,England,S Chanderpaul,DJ Bravo,JM Anderson,0,0,,,,,,,,,
352668,2008/09,2009-03-29,"Kensington Oval, Bridgetown",1,31.7,West Indies,England,S Chanderpaul,DJ Bravo,JM Anderson,1,0,,,,,,,,,
352668,2008/09,2009-03-29,"Kensington Oval, Bridgetown",1,31.8,West Indies,England,DJ Bravo,S Chanderpaul,JM Anderson,0,0,,,,,,,,,
352668,2008/09,2009-03-29,"Kensington Oval, Bridgetown",1,32.1,West Indies,England,S Chanderpaul,DJ Bravo,AD Mascarenhas,0,0,,,,,,,,,
352668,2008/09,2009-03-29,"Kensington Oval, Bridgetown",1,32.2,West Indies,England,S Chanderpaul,DJ Bravo,AD Mascarenhas,0,0,,,,,,caught,S Chanderpaul,,
352668,2008/09,2009-03-29,"Kensington Oval, Bridgetown",1,32.3,West Indies,England,KA Pollard,DJ Bravo,AD Mascarenhas,0,0,,,,,,,,,
352668,2008/09,2009-03-29,"Kensington Oval, Bridgetown",1,32.4,West Indies,England,KA Pollard,DJ Bravo,AD Mascarenhas,0,0,,,,,,,,,
352668,2008/09,2009-03-29,"Kensington Oval, Bridgetown",1,32.5,West Indies,England,KA Pollard,DJ Bravo,AD Mascarenhas,0,0,,,,,,,,,
352668,2008/09,2009-03-29,"Kensington Oval, Bridgetown",1,32.6,West Indies,England,KA Pollard,DJ Bravo,AD Mascarenhas,0,0,,,,,,,,,
352668,2008/09,2009-03-29,"Kensington Oval, Bridgetown",1,33.1,West Indies,England,DJ Bravo,KA Pollard,JM Anderson,0,0,,,,,,,,,
352668,2008/09,2009-03-29,"Kensington Oval, Bridgetown",1,33.2,West Indies,England,DJ Bravo,KA Pollard,JM Anderson,0,0,,,,,,,,,
352668,2008/09,2009-03-29,"Kensington Oval, Bridgetown",1,33.3,West Indies,England,DJ Bravo,KA Pollard,JM Anderson,0,0,,,,,,,,,
352668,2008/09,2009-03-29,"Kensington Oval, Bridgetown",1,33.4,West Indies,England,DJ Bravo,KA Pollard,JM Anderson,0,0,,,,,,,,,
352668,2008/09,2009-03-29,"Kensington Oval, Bridgetown",1,33.5,West Indies,England,DJ Bravo,KA Pollard,JM Anderson,1,0,,,,,,,,,
352668,2008/09,2009-03-29,"Kensington Oval, Bridgetown",1,33.6,West Indies,England,KA Pollard,DJ Bravo,JM Anderson,0,0,,,,,,,,,
352668,2008/09,2009-03-29,"Kensington Oval, Bridgetown",1,34.1,West Indies,England,DJ Bravo,KA Pollard,AD Mascarenhas,0,0,,,,,,,,,
352668,2008/09,2009-03-29,"Kensington Oval, Bridgetown",1,34.2,West Indies,England,DJ Bravo,KA Pollard,AD Mascarenhas,1,0,,,,,,,,,
352668,2008/09,2009-03-29,"Kensington Oval, Bridgetown",1,34.3,West Indies,England,KA Pollard,DJ Bravo,AD Mascarenhas,0,0,,,,,,,,,
352668,2008/09,2009-03-29,"Kensington Oval, Bridgetown",1,34.4,West Indies,England,KA Pollard,DJ Bravo,AD Mascarenhas,0,0,,,,,,caught,KA Pollard,,
352668,2008/09,2009-03-29,"Kensington Oval, Bridgetown",1,34.5,West Indies,England,DJG Sammy,DJ Bravo,AD Mascarenhas,0,0,,,,,,,,,
352668,2008/09,2009-03-29,"Kensington Oval, Bridgetown",1,34.6,West Indies,England,DJG Sammy,DJ Bravo,AD Mascarenhas,0,0,,,,,,,,,
352668,2008/09,2009-03-29,"Kensington Oval, Bridgetown",1,35.1,West Indies,England,DJ Bravo,DJG Sammy,SJ Harmison,1,0,,,,,,,,,
352668,2008/09,2009-03-29,"Kensington Oval, Bridgetown",1,35.2,West Indies,England,DJG Sammy,DJ Bravo,SJ Harmison,0,0,,,,,,,,,
352668,2008/09,2009-03-29,"Kensington Oval, Bridgetown",1,35.3,West Indies,England,DJG Sammy,DJ Bravo,SJ Harmison,0,0,,,,,,,,,
352668,2008/09,2009-03-29,"Kensington Oval, Bridgetown",1,35.4,West Indies,England,DJG Sammy,DJ Bravo,SJ Harmison,1,0,,,,,,,,,
352668,2008/09,2009-03-29,"Kensington Oval, Bridgetown",1,35.5,West Indies,England,DJ Bravo,DJG Sammy,SJ Harmison,0,0,,,,,,,,,
352668,2008/09,2009-03-29,"Kensington Oval, Bridgetown",1,35.6,West Indies,England,DJ Bravo,DJG Sammy,SJ Harmison,0,0,,,,,,,,,
352668,2008/09,2009-03-29,"Kensington Oval, Bridgetown",1,36.1,West Indies,England,DJG Sammy,DJ Bravo,AD Mascarenhas,0,0,,,,,,,,,
352668,2008/09,2009-03-29,"Kensington Oval, Bridgetown",1,36.2,West Indies,England,DJG Sammy,DJ Bravo,AD Mascarenhas,1,0,,,,,,,,,
352668,2008/09,2009-03-29,"Kensington Oval, Bridgetown",1,36.3,West Indies,England,DJ Bravo,DJG Sammy,AD Mascarenhas,0,0,,,,,,,,,
352668,2008/09,2009-03-29,"Kensington Oval, Bridgetown",1,36.4,West Indies,England,DJ Bravo,DJG Sammy,AD Mascarenhas,0,0,,,,,,,,,
352668,2008/09,2009-03-29,"Kensington Oval, Bridgetown",1,36.5,West Indies,England,DJ Bravo,DJG Sammy,AD Mascarenhas,1,0,,,,,,,,,
352668,2008/09,2009-03-29,"Kensington Oval, Bridgetown",1,36.6,West Indies,England,DJG Sammy,DJ Bravo,AD Mascarenhas,0,0,,,,,,,,,
352668,2008/09,2009-03-29,"Kensington Oval, Bridgetown",1,37.1,West Indies,England,DJ Bravo,DJG Sammy,SJ Harmison,4,0,,,,,,,,,
352668,2008/09,2009-03-29,"Kensington Oval, Bridgetown",1,37.2,West Indies,England,DJ Bravo,DJG Sammy,SJ Harmison,0,0,,,,,,,,,
352668,2008/09,2009-03-29,"Kensington Oval, Bridgetown",1,37.3,West Indies,England,DJ Bravo,DJG Sammy,SJ Harmison,4,0,,,,,,,,,
352668,2008/09,2009-03-29,"Kensington Oval, Bridgetown",1,37.4,West Indies,England,DJ Bravo,DJG Sammy,SJ Harmison,2,0,,,,,,,,,
352668,2008/09,2009-03-29,"Kensington Oval, Bridgetown",1,37.5,West Indies,England,DJ Bravo,DJG Sammy,SJ Harmison,1,0,,,,,,,,,
352668,2008/09,2009-03-29,"Kensington Oval, Bridgetown",1,37.6,West Indies,England,DJG Sammy,DJ Bravo,SJ Harmison,0,0,,,,,,,,,
352668,2008/09,2009-03-29,"Kensington Oval, Bridgetown",1,38.1,West Indies,England,DJ Bravo,DJG Sammy,AD Mascarenhas,0,0,,,,,,,,,
352668,2008/09,2009-03-29,"Kensington Oval, Bridgetown",1,38.2,West Indies,England,DJ Bravo,DJG Sammy,AD Mascarenhas,1,0,,,,,,,,,
352668,2008/09,2009-03-29,"Kensington Oval, Bridgetown",1,38.3,West Indies,England,DJG Sammy,DJ Bravo,AD Mascarenhas,1,0,,,,,,,,,
352668,2008/09,2009-03-29,"Kensington Oval, Bridgetown",1,38.4,West Indies,England,DJ Bravo,DJG Sammy,AD Mascarenhas,1,0,,,,,,,,,
352668,2008/09,2009-03-29,"Kensington Oval, Bridgetown",1,38.5,West Indies,England,DJG Sammy,DJ Bravo,AD Mascarenhas,0,0,,,,,,,,,
352668,2008/09,2009-03-29,"Kensington Oval, Bridgetown",1,38.6,West Indies,England,DJG Sammy,DJ Bravo,AD Mascarenhas,1,0,,,,,,,,,
352668,2008/09,2009-03-29,"Kensington Oval, Bridgetown",1,39.1,West Indies,England,DJG Sammy,DJ Bravo,PD Collingwood,1,0,,,,,,,,,
352668,2008/09,2009-03-29,"Kensington Oval, Bridgetown",1,39.2,West Indies,England,DJ Bravo,DJG Sammy,PD Collingwood,1,0,,,,,,,,,
352668,2008/09,2009-03-29,"Kensington Oval, Bridgetown",1,39.3,West Indies,England,DJG Sammy,DJ Bravo,PD Collingwood,1,0,,,,,,,,,
352668,2008/09,2009-03-29,"Kensington Oval, Bridgetown",1,39.4,West Indies,England,DJ Bravo,DJG Sammy,PD Collingwood,0,0,,,,,,,,,
352668,2008/09,2009-03-29,"Kensington Oval, Bridgetown",1,39.5,West Indies,England,DJ Bravo,DJG Sammy,PD Collingwood,0,0,,,,,,,,,
352668,2008/09,2009-03-29,"Kensington Oval, Bridgetown",1,39.6,West Indies,England,DJ Bravo,DJG Sammy,PD Collingwood,1,0,,,,,,,,,
352668,2008/09,2009-03-29,"Kensington Oval, Bridgetown",1,40.1,West Indies,England,DJ Bravo,DJG Sammy,SCJ Broad,4,0,,,,,,,,,
352668,2008/09,2009-03-29,"Kensington Oval, Bridgetown",1,40.2,West Indies,England,DJ Bravo,DJG Sammy,SCJ Broad,0,0,,,,,,,,,
352668,2008/09,2009-03-29,"Kensington Oval, Bridgetown",1,40.3,West Indies,England,DJ Bravo,DJG Sammy,SCJ Broad,1,0,,,,,,,,,
352668,2008/09,2009-03-29,"Kensington Oval, Bridgetown",1,40.4,West Indies,England,DJG Sammy,DJ Bravo,SCJ Broad,0,0,,,,,,bowled,DJG Sammy,,
352668,2008/09,2009-03-29,"Kensington Oval, Bridgetown",1,40.5,West Indies,England,NO Miller,DJ Bravo,SCJ Broad,0,0,,,,,,,,,
352668,2008/09,2009-03-29,"Kensington Oval, Bridgetown",1,40.6,West Indies,England,NO Miller,DJ Bravo,SCJ Broad,0,0,,,,,,,,,
352668,2008/09,2009-03-29,"Kensington Oval, Bridgetown",1,41.1,West Indies,England,DJ Bravo,NO Miller,A Flintoff,1,0,,,,,,,,,
352668,2008/09,2009-03-29,"Kensington Oval, Bridgetown",1,41.2,West Indies,England,NO Miller,DJ Bravo,A Flintoff,1,0,,,,,,,,,
352668,2008/09,2009-03-29,"Kensington Oval, Bridgetown",1,41.3,West Indies,England,DJ Bravo,NO Miller,A Flintoff,0,0,,,,,,,,,
352668,2008/09,2009-03-29,"Kensington Oval, Bridgetown",1,41.4,West Indies,England,DJ Bravo,NO Miller,A Flintoff,0,5,5,,,,,,,,
352668,2008/09,2009-03-29,"Kensington Oval, Bridgetown",1,41.5,West Indies,England,DJ Bravo,NO Miller,A Flintoff,0,0,,,,,,,,,
352668,2008/09,2009-03-29,"Kensington Oval, Bridgetown",1,41.6,West Indies,England,DJ Bravo,NO Miller,A Flintoff,1,0,,,,,,,,,
352668,2008/09,2009-03-29,"Kensington Oval, Bridgetown",1,41.7,West Indies,England,NO Miller,DJ Bravo,A Flintoff,4,0,,,,,,,,,
352668,2008/09,2009-03-29,"Kensington Oval, Bridgetown",1,42.1,West Indies,England,DJ Bravo,NO Miller,SCJ Broad,6,1,,1,,,,,,,
352668,2008/09,2009-03-29,"Kensington Oval, Bridgetown",1,42.2,West Indies,England,DJ Bravo,NO Miller,SCJ Broad,0,0,,,,,,,,,
352668,2008/09,2009-03-29,"Kensington Oval, Bridgetown",1,42.3,West Indies,England,DJ Bravo,NO Miller,SCJ Broad,4,0,,,,,,,,,
352668,2008/09,2009-03-29,"Kensington Oval, Bridgetown",1,42.4,West Indies,England,DJ Bravo,NO Miller,SCJ Broad,1,0,,,,,,,,,
352668,2008/09,2009-03-29,"Kensington Oval, Bridgetown",1,42.5,West Indies,England,NO Miller,DJ Bravo,SCJ Broad,1,0,,,,,,,,,
352668,2008/09,2009-03-29,"Kensington Oval, Bridgetown",1,42.6,West Indies,England,DJ Bravo,NO Miller,SCJ Broad,0,0,,,,,,,,,
352668,2008/09,2009-03-29,"Kensington Oval, Bridgetown",1,42.7,West Indies,England,DJ Bravo,NO Miller,SCJ Broad,1,0,,,,,,,,,
352668,2008/09,2009-03-29,"Kensington Oval, Bridgetown",1,43.1,West Indies,England,DJ Bravo,NO Miller,A Flintoff,1,1,,1,,,,,,,
352668,2008/09,2009-03-29,"Kensington Oval, Bridgetown",1,43.2,West Indies,England,NO Miller,DJ Bravo,A Flintoff,0,0,,,,,,,,,
352668,2008/09,2009-03-29,"Kensington Oval, Bridgetown",1,43.3,West Indies,England,NO Miller,DJ Bravo,A Flintoff,0,0,,,,,,,,,
352668,2008/09,2009-03-29,"Kensington Oval, Bridgetown",1,43.4,West Indies,England,NO Miller,DJ Bravo,A Flintoff,0,0,,,,,,,,,
352668,2008/09,2009-03-29,"Kensington Oval, Bridgetown",1,43.5,West Indies,England,NO Miller,DJ Bravo,A Flintoff,1,0,,,,,,,,,
352668,2008/09,2009-03-29,"Kensington Oval, Bridgetown",1,43.6,West Indies,England,DJ Bravo,NO Miller,A Flintoff,0,0,,,,,,,,,
352668,2008/09,2009-03-29,"Kensington Oval, Bridgetown",1,43.7,West Indies,England,DJ Bravo,NO Miller,A Flintoff,1,0,,,,,,,,,
352668,2008/09,2009-03-29,"Kensington Oval, Bridgetown",1,44.1,West Indies,England,DJ Bravo,FH Edwards,JM Anderson,0,0,,,,,,,,,
352668,2008/09,2009-03-29,"Kensington Oval, Bridgetown",1,44.2,West Indies,England,DJ Bravo,FH Edwards,JM Anderson,4,0,,,,,,,,,
352668,2008/09,2009-03-29,"Kensington Oval, Bridgetown",1,44.3,West Indies,England,DJ Bravo,FH Edwards,JM Anderson,6,0,,,,,,,,,
352668,2008/09,2009-03-29,"Kensington Oval, Bridgetown",1,44.4,West Indies,England,DJ Bravo,FH Edwards,JM Anderson,1,0,,,,,,,,,
352668,2008/09,2009-03-29,"Kensington Oval, Bridgetown",1,44.5,West Indies,England,FH Edwards,DJ Bravo,JM Anderson,0,0,,,,,,,,,
352668,2008/09,2009-03-29,"Kensington Oval, Bridgetown",1,44.6,West Indies,England,FH Edwards,DJ Bravo,JM Anderson,0,0,,,,,,,,,
352668,2008/09,2009-03-29,"Kensington Oval, Bridgetown",1,45.1,West Indies,England,DJ Bravo,FH Edwards,A Flintoff,4,0,,,,,,,,,
352668,2008/09,2009-03-29,"Kensington Oval, Bridgetown",1,45.2,West Indies,England,DJ Bravo,FH Edwards,A Flintoff,4,0,,,,,,,,,
352668,2008/09,2009-03-29,"Kensington Oval, Bridgetown",1,45.3,West Indies,England,DJ Bravo,FH Edwards,A Flintoff,0,0,,,,,,,,,
352668,2008/09,2009-03-29,"Kensington Oval, Bridgetown",1,45.4,West Indies,England,DJ Bravo,FH Edwards,A Flintoff,1,0,,,,,,,,,
352668,2008/09,2009-03-29,"Kensington Oval, Bridgetown",1,45.5,West Indies,England,FH Edwards,DJ Bravo,A Flintoff,0,0,,,,,,,,,
352668,2008/09,2009-03-29,"Kensington Oval, Bridgetown",1,45.6,West Indies,England,FH Edwards,DJ Bravo,A Flintoff,0,0,,,,,,,,,
352668,2008/09,2009-03-29,"Kensington Oval, Bridgetown",1,46.1,West Indies,England,DJ Bravo,FH Edwards,JM Anderson,0,0,,,,,,,,,
352668,2008/09,2009-03-29,"Kensington Oval, Bridgetown",1,46.2,West Indies,England,DJ Bravo,FH Edwards,JM Anderson,1,0,,,,,,,,,
352668,2008/09,2009-03-29,"Kensington Oval, Bridgetown",1,46.3,West Indies,England,FH Edwards,DJ Bravo,JM Anderson,0,0,,,,,,,,,
352668,2008/09,2009-03-29,"Kensington Oval, Bridgetown",1,46.4,West Indies,England,FH Edwards,DJ Bravo,JM Anderson,0,0,,,,,,,,,
352668,2008/09,2009-03-29,"Kensington Oval, Bridgetown",1,46.5,West Indies,England,FH Edwards,DJ Bravo,JM Anderson,0,0,,,,,,caught,FH Edwards,,
352668,2008/09,2009-03-29,"Kensington Oval, Bridgetown",1,46.6,West Indies,England,DJ Bravo,LS Baker,JM Anderson,1,0,,,,,,,,,
352668,2008/09,2009-03-29,"Kensington Oval, Bridgetown",1,47.1,West Indies,England,DJ Bravo,LS Baker,SCJ Broad,0,0,,,,,,,,,
352668,2008/09,2009-03-29,"Kensington Oval, Bridgetown",1,47.2,West Indies,England,DJ Bravo,LS Baker,SCJ Broad,0,0,,,,,,caught,DJ Bravo,,
352668,2008/09,2009-03-29,"Kensington Oval, Bridgetown",1,47.3,West Indies,England,LS Baker,NO Miller,SCJ Broad,1,0,,,,,,,,,
352668,2008/09,2009-03-29,"Kensington Oval, Bridgetown",1,47.4,West Indies,England,NO Miller,LS Baker,SCJ Broad,1,0,,,,,,,,,
352668,2008/09,2009-03-29,"Kensington Oval, Bridgetown",1,47.5,West Indies,England,LS Baker,NO Miller,SCJ Broad,0,0,,,,,,,,,
352668,2008/09,2009-03-29,"Kensington Oval, Bridgetown",1,47.6,West Indies,England,LS Baker,NO Miller,SCJ Broad,1,0,,,,,,,,,
352668,2008/09,2009-03-29,"Kensington Oval, Bridgetown",1,48.1,West Indies,England,LS Baker,NO Miller,JM Anderson,0,0,,,,,,,,,
352668,2008/09,2009-03-29,"Kensington Oval, Bridgetown",1,48.2,West Indies,England,LS Baker,NO Miller,JM Anderson,0,0,,,,,,,,,
352668,2008/09,2009-03-29,"Kensington Oval, Bridgetown",1,48.3,West Indies,England,LS Baker,NO Miller,JM Anderson,0,0,,,,,,,,,
352668,2008/09,2009-03-29,"Kensington Oval, Bridgetown",1,48.4,West Indies,England,LS Baker,NO Miller,JM Anderson,1,0,,,,,,,,,
352668,2008/09,2009-03-29,"Kensington Oval, Bridgetown",1,48.5,West Indies,England,NO Miller,LS Baker,JM Anderson,1,0,,,,,,,,,
352668,2008/09,2009-03-29,"Kensington Oval, Bridgetown",1,48.6,West Indies,England,LS Baker,NO Miller,JM Anderson,0,0,,,,,,,,,
352668,2008/09,2009-03-29,"Kensington Oval, Bridgetown",1,49.1,West Indies,England,NO Miller,LS Baker,SCJ Broad,0,0,,,,,,,,,
352668,2008/09,2009-03-29,"Kensington Oval, Bridgetown",1,49.2,West Indies,England,NO Miller,LS Baker,SCJ Broad,1,0,,,,,,,,,
352668,2008/09,2009-03-29,"Kensington Oval, Bridgetown",1,49.3,West Indies,England,LS Baker,NO Miller,SCJ Broad,0,0,,,,,,,,,
352668,2008/09,2009-03-29,"Kensington Oval, Bridgetown",1,49.4,West Indies,England,LS Baker,NO Miller,SCJ Broad,4,0,,,,,,,,,
352668,2008/09,2009-03-29,"Kensington Oval, Bridgetown",1,49.5,West Indies,England,LS Baker,NO Miller,SCJ Broad,4,0,,,,,,,,,
352668,2008/09,2009-03-29,"Kensington Oval, Bridgetown",1,49.6,West Indies,England,LS Baker,NO Miller,SCJ Broad,0,0,,,,,,,,,
352668,2008/09,2009-03-29,"Kensington Oval, Bridgetown",2,0.1,England,West Indies,AJ Strauss,RS Bopara,LS Baker,0,1,1,,,,,,,,
352668,2008/09,2009-03-29,"Kensington Oval, Bridgetown",2,0.2,England,West Indies,AJ Strauss,RS Bopara,LS Baker,0,0,,,,,,,,,
352668,2008/09,2009-03-29,"Kensington Oval, Bridgetown",2,0.3,England,West Indies,AJ Strauss,RS Bopara,LS Baker,1,0,,,,,,,,,
352668,2008/09,2009-03-29,"Kensington Oval, Bridgetown",2,0.4,England,West Indies,RS Bopara,AJ Strauss,LS Baker,1,0,,,,,,,,,
352668,2008/09,2009-03-29,"Kensington Oval, Bridgetown",2,0.5,England,West Indies,AJ Strauss,RS Bopara,LS Baker,1,0,,,,,,,,,
352668,2008/09,2009-03-29,"Kensington Oval, Bridgetown",2,0.6,England,West Indies,RS Bopara,AJ Strauss,LS Baker,1,0,,,,,,,,,
352668,2008/09,2009-03-29,"Kensington Oval, Bridgetown",2,0.7,England,West Indies,AJ Strauss,RS Bopara,LS Baker,1,0,,,,,,,,,
352668,2008/09,2009-03-29,"Kensington Oval, Bridgetown",2,1.1,England,West Indies,AJ Strauss,RS Bopara,FH Edwards,0,0,,,,,,,,,
352668,2008/09,2009-03-29,"Kensington Oval, Bridgetown",2,1.2,England,West Indies,AJ Strauss,RS Bopara,FH Edwards,1,0,,,,,,,,,
352668,2008/09,2009-03-29,"Kensington Oval, Bridgetown",2,1.3,England,West Indies,RS Bopara,AJ Strauss,FH Edwards,0,1,1,,,,,,,,
352668,2008/09,2009-03-29,"Kensington Oval, Bridgetown",2,1.4,England,West Indies,RS Bopara,AJ Strauss,FH Edwards,1,0,,,,,,,,,
352668,2008/09,2009-03-29,"Kensington Oval, Bridgetown",2,1.5,England,West Indies,AJ Strauss,RS Bopara,FH Edwards,1,0,,,,,,,,,
352668,2008/09,2009-03-29,"Kensington Oval, Bridgetown",2,1.6,England,West Indies,RS Bopara,AJ Strauss,FH Edwards,1,0,,,,,,,,,
352668,2008/09,2009-03-29,"Kensington Oval, Bridgetown",2,1.7,England,West Indies,AJ Strauss,RS Bopara,FH Edwards,4,0,,,,,,,,,
352668,2008/09,2009-03-29,"Kensington Oval, Bridgetown",2,2.1,England,West Indies,RS Bopara,AJ Strauss,LS Baker,1,0,,,,,,,,,
352668,2008/09,2009-03-29,"Kensington Oval, Bridgetown",2,2.2,England,West Indies,AJ Strauss,RS Bopara,LS Baker,4,0,,,,,,,,,
352668,2008/09,2009-03-29,"Kensington Oval, Bridgetown",2,2.3,England,West Indies,AJ Strauss,RS Bopara,LS Baker,4,0,,,,,,,,,
352668,2008/09,2009-03-29,"Kensington Oval, Bridgetown",2,2.4,England,West Indies,AJ Strauss,RS Bopara,LS Baker,4,0,,,,,,,,,
352668,2008/09,2009-03-29,"Kensington Oval, Bridgetown",2,2.5,England,West Indies,AJ Strauss,RS Bopara,LS Baker,4,0,,,,,,,,,
352668,2008/09,2009-03-29,"Kensington Oval, Bridgetown",2,2.6,England,West Indies,AJ Strauss,RS Bopara,LS Baker,1,0,,,,,,,,,
352668,2008/09,2009-03-29,"Kensington Oval, Bridgetown",2,3.1,England,West Indies,AJ Strauss,RS Bopara,FH Edwards,1,0,,,,,,,,,
352668,2008/09,2009-03-29,"Kensington Oval, Bridgetown",2,3.2,England,West Indies,RS Bopara,AJ Strauss,FH Edwards,1,0,,,,,,,,,
352668,2008/09,2009-03-29,"Kensington Oval, Bridgetown",2,3.3,England,West Indies,AJ Strauss,RS Bopara,FH Edwards,0,0,,,,,,,,,
352668,2008/09,2009-03-29,"Kensington Oval, Bridgetown",2,3.4,England,West Indies,AJ Strauss,RS Bopara,FH Edwards,4,0,,,,,,,,,
352668,2008/09,2009-03-29,"Kensington Oval, Bridgetown",2,3.5,England,West Indies,AJ Strauss,RS Bopara,FH Edwards,1,0,,,,,,,,,
352668,2008/09,2009-03-29,"Kensington Oval, Bridgetown",2,3.6,England,West Indies,RS Bopara,AJ Strauss,FH Edwards,1,0,,,,,,,,,
352668,2008/09,2009-03-29,"Kensington Oval, Bridgetown",2,4.1,England,West Indies,RS Bopara,AJ Strauss,DJ Bravo,0,0,,,,,,,,,
352668,2008/09,2009-03-29,"Kensington Oval, Bridgetown",2,4.2,England,West Indies,RS Bopara,AJ Strauss,DJ Bravo,0,1,1,,,,,,,,
352668,2008/09,2009-03-29,"Kensington Oval, Bridgetown",2,4.3,England,West Indies,RS Bopara,AJ Strauss,DJ Bravo,1,0,,,,,,,,,
352668,2008/09,2009-03-29,"Kensington Oval, Bridgetown",2,4.4,England,West Indies,AJ Strauss,RS Bopara,DJ Bravo,1,0,,,,,,,,,
352668,2008/09,2009-03-29,"Kensington Oval, Bridgetown",2,4.5,England,West Indies,RS Bopara,AJ Strauss,DJ Bravo,2,0,,,,,,,,,
352668,2008/09,2009-03-29,"Kensington Oval, Bridgetown",2,4.6,England,West Indies,RS Bopara,AJ Strauss,DJ Bravo,1,0,,,,,,,,,
352668,2008/09,2009-03-29,"Kensington Oval, Bridgetown",2,4.7,England,West Indies,AJ Strauss,RS Bopara,DJ Bravo,1,0,,,,,,,,,
352668,2008/09,2009-03-29,"Kensington Oval, Bridgetown",2,5.1,England,West Indies,AJ Strauss,RS Bopara,DJG Sammy,1,0,,,,,,,,,
352668,2008/09,2009-03-29,"Kensington Oval, Bridgetown",2,5.2,England,West Indies,RS Bopara,AJ Strauss,DJG Sammy,1,0,,,,,,,,,
352668,2008/09,2009-03-29,"Kensington Oval, Bridgetown",2,5.3,England,West Indies,AJ Strauss,RS Bopara,DJG Sammy,2,0,,,,,,,,,
352668,2008/09,2009-03-29,"Kensington Oval, Bridgetown",2,5.4,England,West Indies,AJ Strauss,RS Bopara,DJG Sammy,0,0,,,,,,,,,
352668,2008/09,2009-03-29,"Kensington Oval, Bridgetown",2,5.5,England,West Indies,AJ Strauss,RS Bopara,DJG Sammy,1,0,,,,,,,,,
352668,2008/09,2009-03-29,"Kensington Oval, Bridgetown",2,5.6,England,West Indies,RS Bopara,AJ Strauss,DJG Sammy,1,0,,,,,,,,,
352668,2008/09,2009-03-29,"Kensington Oval, Bridgetown",2,6.1,England,West Indies,RS Bopara,AJ Strauss,DJ Bravo,1,0,,,,,,,,,
352668,2008/09,2009-03-29,"Kensington Oval, Bridgetown",2,6.2,England,West Indies,AJ Strauss,RS Bopara,DJ Bravo,0,1,,,,1,,,,,
352668,2008/09,2009-03-29,"Kensington Oval, Bridgetown",2,6.3,England,West Indies,RS Bopara,AJ Strauss,DJ Bravo,0,0,,,,,,,,,
352668,2008/09,2009-03-29,"Kensington Oval, Bridgetown",2,6.4,England,West Indies,RS Bopara,AJ Strauss,DJ Bravo,1,0,,,,,,,,,
352668,2008/09,2009-03-29,"Kensington Oval, Bridgetown",2,6.5,England,West Indies,AJ Strauss,RS Bopara,DJ Bravo,0,0,,,,,,,,,
352668,2008/09,2009-03-29,"Kensington Oval, Bridgetown",2,6.6,England,West Indies,AJ Strauss,RS Bopara,DJ Bravo,0,0,,,,,,,,,
352668,2008/09,2009-03-29,"Kensington Oval, Bridgetown",2,7.1,England,West Indies,RS Bopara,AJ Strauss,DJG Sammy,0,0,,,,,,,,,
352668,2008/09,2009-03-29,"Kensington Oval, Bridgetown",2,7.2,England,West Indies,RS Bopara,AJ Strauss,DJG Sammy,0,0,,,,,,,,,
352668,2008/09,2009-03-29,"Kensington Oval, Bridgetown",2,7.3,England,West Indies,RS Bopara,AJ Strauss,DJG Sammy,1,0,,,,,,,,,
352668,2008/09,2009-03-29,"Kensington Oval, Bridgetown",2,7.4,England,West Indies,AJ Strauss,RS Bopara,DJG Sammy,0,0,,,,,,,,,
352668,2008/09,2009-03-29,"Kensington Oval, Bridgetown",2,7.5,England,West Indies,AJ Strauss,RS Bopara,DJG Sammy,1,0,,,,,,,,,
352668,2008/09,2009-03-29,"Kensington Oval, Bridgetown",2,7.6,England,West Indies,RS Bopara,AJ Strauss,DJG Sammy,1,0,,,,,,,,,
352668,2008/09,2009-03-29,"Kensington Oval, Bridgetown",2,8.1,England,West Indies,RS Bopara,AJ Strauss,KA Pollard,0,0,,,,,,,,,
352668,2008/09,2009-03-29,"Kensington Oval, Bridgetown",2,8.2,England,West Indies,RS Bopara,AJ Strauss,KA Pollard,0,0,,,,,,,,,
352668,2008/09,2009-03-29,"Kensington Oval, Bridgetown",2,8.3,England,West Indies,RS Bopara,AJ Strauss,KA Pollard,1,0,,,,,,,,,
352668,2008/09,2009-03-29,"Kensington Oval, Bridgetown",2,8.4,England,West Indies,AJ Strauss,RS Bopara,KA Pollard,0,0,,,,,,,,,
352668,2008/09,2009-03-29,"Kensington Oval, Bridgetown",2,8.5,England,West Indies,AJ Strauss,RS Bopara,KA Pollard,0,1,,,,1,,,,,
352668,2008/09,2009-03-29,"Kensington Oval, Bridgetown",2,8.6,England,West Indies,RS Bopara,AJ Strauss,KA Pollard,1,0,,,,,,,,,
352668,2008/09,2009-03-29,"Kensington Oval, Bridgetown",2,9.1,England,West Indies,RS Bopara,AJ Strauss,NO Miller,1,0,,,,,,,,,
352668,2008/09,2009-03-29,"Kensington Oval, Bridgetown",2,9.2,England,West Indies,AJ Strauss,RS Bopara,NO Miller,1,0,,,,,,,,,
352668,2008/09,2009-03-29,"Kensington Oval, Bridgetown",2,9.3,England,West Indies,RS Bopara,AJ Strauss,NO Miller,1,0,,,,,,,,,
352668,2008/09,2009-03-29,"Kensington Oval, Bridgetown",2,9.4,England,West Indies,AJ Strauss,RS Bopara,NO Miller,0,0,,,,,,,,,
352668,2008/09,2009-03-29,"Kensington Oval, Bridgetown",2,9.5,England,West Indies,AJ Strauss,RS Bopara,NO Miller,1,0,,,,,,,,,
352668,2008/09,2009-03-29,"Kensington Oval, Bridgetown",2,9.6,England,West Indies,RS Bopara,AJ Strauss,NO Miller,0,0,,,,,,,,,
352668,2008/09,2009-03-29,"Kensington Oval, Bridgetown",2,10.1,England,West Indies,AJ Strauss,RS Bopara,KA Pollard,0,0,,,,,,,,,
352668,2008/09,2009-03-29,"Kensington Oval, Bridgetown",2,10.2,England,West Indies,AJ Strauss,RS Bopara,KA Pollard,1,0,,,,,,,,,
352668,2008/09,2009-03-29,"Kensington Oval, Bridgetown",2,10.3,England,West Indies,RS Bopara,AJ Strauss,KA Pollard,1,0,,,,,,,,,
352668,2008/09,2009-03-29,"Kensington Oval, Bridgetown",2,10.4,England,West Indies,AJ Strauss,RS Bopara,KA Pollard,0,1,,,,1,,,,,
352668,2008/09,2009-03-29,"Kensington Oval, Bridgetown",2,10.5,England,West Indies,RS Bopara,AJ Strauss,KA Pollard,0,0,,,,,,,,,
352668,2008/09,2009-03-29,"Kensington Oval, Bridgetown",2,10.6,England,West Indies,RS Bopara,AJ Strauss,KA Pollard,1,0,,,,,,,,,
352668,2008/09,2009-03-29,"Kensington Oval, Bridgetown",2,11.1,England,West Indies,RS Bopara,AJ Strauss,NO Miller,0,0,,,,,,,,,
352668,2008/09,2009-03-29,"Kensington Oval, Bridgetown",2,11.2,England,West Indies,RS Bopara,AJ Strauss,NO Miller,1,0,,,,,,,,,
352668,2008/09,2009-03-29,"Kensington Oval, Bridgetown",2,11.3,England,West Indies,AJ Strauss,RS Bopara,NO Miller,2,0,,,,,,,,,
352668,2008/09,2009-03-29,"Kensington Oval, Bridgetown",2,11.4,England,West Indies,AJ Strauss,RS Bopara,NO Miller,4,0,,,,,,,,,
352668,2008/09,2009-03-29,"Kensington Oval, Bridgetown",2,11.5,England,West Indies,AJ Strauss,RS Bopara,NO Miller,1,0,,,,,,,,,
352668,2008/09,2009-03-29,"Kensington Oval, Bridgetown",2,11.6,England,West Indies,RS Bopara,AJ Strauss,NO Miller,0,0,,,,,,,,,
352668,2008/09,2009-03-29,"Kensington Oval, Bridgetown",2,12.1,England,West Indies,AJ Strauss,RS Bopara,KA Pollard,0,0,,,,,,,,,
352668,2008/09,2009-03-29,"Kensington Oval, Bridgetown",2,12.2,England,West Indies,AJ Strauss,RS Bopara,KA Pollard,1,0,,,,,,,,,
352668,2008/09,2009-03-29,"Kensington Oval, Bridgetown",2,12.3,England,West Indies,RS Bopara,AJ Strauss,KA Pollard,1,0,,,,,,,,,
352668,2008/09,2009-03-29,"Kensington Oval, Bridgetown",2,12.4,England,West Indies,AJ Strauss,RS Bopara,KA Pollard,2,0,,,,,,,,,
352668,2008/09,2009-03-29,"Kensington Oval, Bridgetown",2,12.5,England,West Indies,AJ Strauss,RS Bopara,KA Pollard,1,0,,,,,,,,,
352668,2008/09,2009-03-29,"Kensington Oval, Bridgetown",2,12.6,England,West Indies,RS Bopara,AJ Strauss,KA Pollard,1,0,,,,,,,,,
352668,2008/09,2009-03-29,"Kensington Oval, Bridgetown",2,13.1,England,West Indies,RS Bopara,AJ Strauss,DJG Sammy,3,0,,,,,,,,,
352668,2008/09,2009-03-29,"Kensington Oval, Bridgetown",2,13.2,England,West Indies,AJ Strauss,RS Bopara,DJG Sammy,4,0,,,,,,,,,
352668,2008/09,2009-03-29,"Kensington Oval, Bridgetown",2,13.3,England,West Indies,AJ Strauss,RS Bopara,DJG Sammy,6,0,,,,,,,,,
352668,2008/09,2009-03-29,"Kensington Oval, Bridgetown",2,13.4,England,West Indies,AJ Strauss,RS Bopara,DJG Sammy,2,0,,,,,,,,,
352668,2008/09,2009-03-29,"Kensington Oval, Bridgetown",2,13.5,England,West Indies,AJ Strauss,RS Bopara,DJG Sammy,2,0,,,,,,,,,
352668,2008/09,2009-03-29,"Kensington Oval, Bridgetown",2,13.6,England,West Indies,AJ Strauss,RS Bopara,DJG Sammy,0,0,,,,,,,,,
352668,2008/09,2009-03-29,"Kensington Oval, Bridgetown",2,14.1,England,West Indies,RS Bopara,AJ Strauss,KA Pollard,0,0,,,,,,,,,
352668,2008/09,2009-03-29,"Kensington Oval, Bridgetown",2,14.2,England,West Indies,RS Bopara,AJ Strauss,KA Pollard,6,0,,,,,,,,,
352668,2008/09,2009-03-29,"Kensington Oval, Bridgetown",2,14.3,England,West Indies,RS Bopara,AJ Strauss,KA Pollard,0,0,,,,,,caught,RS Bopara,,
352668,2008/09,2009-03-29,"Kensington Oval, Bridgetown",2,14.4,England,West Indies,AJ Strauss,MJ Prior,KA Pollard,0,0,,,,,,,,,
352668,2008/09,2009-03-29,"Kensington Oval, Bridgetown",2,14.5,England,West Indies,AJ Strauss,MJ Prior,KA Pollard,0,1,1,,,,,,,,
352668,2008/09,2009-03-29,"Kensington Oval, Bridgetown",2,14.6,England,West Indies,AJ Strauss,MJ Prior,KA Pollard,1,0,,,,,,,,,
352668,2008/09,2009-03-29,"Kensington Oval, Bridgetown",2,14.7,England,West Indies,MJ Prior,AJ Strauss,KA Pollard,1,0,,,,,,,,,
352668,2008/09,2009-03-29,"Kensington Oval, Bridgetown",2,15.1,England,West Indies,MJ Prior,AJ Strauss,DJG Sammy,1,0,,,,,,,,,
352668,2008/09,2009-03-29,"Kensington Oval, Bridgetown",2,15.2,England,West Indies,AJ Strauss,MJ Prior,DJG Sammy,0,0,,,,,,,,,
352668,2008/09,2009-03-29,"Kensington Oval, Bridgetown",2,15.3,England,West Indies,AJ Strauss,MJ Prior,DJG Sammy,1,0,,,,,,,,,
352668,2008/09,2009-03-29,"Kensington Oval, Bridgetown",2,15.4,England,West Indies,MJ Prior,AJ Strauss,DJG Sammy,1,0,,,,,,,,,
352668,2008/09,2009-03-29,"Kensington Oval, Bridgetown",2,15.5,England,West Indies,AJ Strauss,MJ Prior,DJG Sammy,2,0,,,,,,,,,
352668,2008/09,2009-03-29,"Kensington Oval, Bridgetown",2,15.6,England,West Indies,AJ Strauss,MJ Prior,DJG Sammy,0,0,,,,,,,,,
352668,2008/09,2009-03-29,"Kensington Oval, Bridgetown",2,16.1,England,West Indies,MJ Prior,AJ Strauss,DJ Bravo,1,0,,,,,,,,,
352668,2008/09,2009-03-29,"Kensington Oval, Bridgetown",2,16.2,England,West Indies,AJ Strauss,MJ Prior,DJ Bravo,0,0,,,,,,,,,
352668,2008/09,2009-03-29,"Kensington Oval, Bridgetown",2,16.3,England,West Indies,AJ Strauss,MJ Prior,DJ Bravo,0,0,,,,,,,,,
352668,2008/09,2009-03-29,"Kensington Oval, Bridgetown",2,16.4,England,West Indies,AJ Strauss,MJ Prior,DJ Bravo,1,0,,,,,,,,,
352668,2008/09,2009-03-29,"Kensington Oval, Bridgetown",2,16.5,England,West Indies,MJ Prior,AJ Strauss,DJ Bravo,4,0,,,,,,,,,
352668,2008/09,2009-03-29,"Kensington Oval, Bridgetown",2,16.6,England,West Indies,MJ Prior,AJ Strauss,DJ Bravo,1,0,,,,,,,,,
352668,2008/09,2009-03-29,"Kensington Oval, Bridgetown",2,17.1,England,West Indies,MJ Prior,AJ Strauss,FH Edwards,2,0,,,,,,,,,
352668,2008/09,2009-03-29,"Kensington Oval, Bridgetown",2,17.2,England,West Indies,MJ Prior,AJ Strauss,FH Edwards,1,0,,,,,,,,,
352668,2008/09,2009-03-29,"Kensington Oval, Bridgetown",2,17.3,England,West Indies,AJ Strauss,MJ Prior,FH Edwards,1,0,,,,,,,,,
352668,2008/09,2009-03-29,"Kensington Oval, Bridgetown",2,17.4,England,West Indies,MJ Prior,AJ Strauss,FH Edwards,0,0,,,,,,,,,
352668,2008/09,2009-03-29,"Kensington Oval, Bridgetown",2,17.5,England,West Indies,MJ Prior,AJ Strauss,FH Edwards,0,1,1,,,,,,,,
352668,2008/09,2009-03-29,"Kensington Oval, Bridgetown",2,17.6,England,West Indies,MJ Prior,AJ Strauss,FH Edwards,1,0,,,,,,,,,
352668,2008/09,2009-03-29,"Kensington Oval, Bridgetown",2,17.7,England,West Indies,AJ Strauss,MJ Prior,FH Edwards,1,0,,,,,,,,,
352668,2008/09,2009-03-29,"Kensington Oval, Bridgetown",2,18.1,England,West Indies,AJ Strauss,MJ Prior,DJ Bravo,1,0,,,,,,,,,
352668,2008/09,2009-03-29,"Kensington Oval, Bridgetown",2,18.2,England,West Indies,MJ Prior,AJ Strauss,DJ Bravo,1,0,,,,,,,,,
352668,2008/09,2009-03-29,"Kensington Oval, Bridgetown",2,18.3,England,West Indies,AJ Strauss,MJ Prior,DJ Bravo,4,0,,,,,,,,,
