match_id,season,start_date,venue,innings,ball,batting_team,bowling_team,striker,non_striker,bowler,runs_off_bat,extras,wides,noballs,byes,legbyes,penalty,wicket_type,player_dismissed,other_wicket_type,other_player_dismissed
377315,2009,2009-07-03,"Beausejour Stadium, Gros Islet",1,0.1,West Indies,India,CH Gayle,RS Morton,I Sharma,2,0,,,,,,,,,
377315,2009,2009-07-03,"Beausejour Stadium, Gros Islet",1,0.2,West Indies,India,CH Gayle,RS Morton,I Sharma,0,0,,,,,,,,,
377315,2009,2009-07-03,"Beausejour Stadium, Gros Islet",1,0.3,West Indies,India,CH Gayle,RS Morton,I Sharma,4,0,,,,,,,,,
377315,2009,2009-07-03,"Beausejour Stadium, Gros Islet",1,0.4,West Indies,India,CH Gayle,RS Morton,I Sharma,4,0,,,,,,,,,
377315,2009,2009-07-03,"Beausejour Stadium, Gros Islet",1,0.5,West Indies,India,CH Gayle,RS Morton,I Sharma,0,0,,,,,,,,,
377315,2009,2009-07-03,"Beausejour Stadium, Gros Islet",1,0.6,West Indies,India,CH Gayle,RS Morton,I Sharma,0,0,,,,,,,,,
377315,2009,2009-07-03,"Beausejour Stadium, Gros Islet",1,1.1,West Indies,India,RS Morton,CH Gayle,A Nehra,0,0,,,,,,,,,
377315,2009,2009-07-03,"Beausejour Stadium, Gros Islet",1,1.2,West Indies,India,RS Morton,CH Gayle,A Nehra,0,0,,,,,,,,,
377315,2009,2009-07-03,"Beausejour Stadium, Gros Islet",1,1.3,West Indies,India,RS Morton,CH Gayle,A Nehra,0,0,,,,,,,,,
377315,2009,2009-07-03,"Beausejour Stadium, Gros Islet",1,1.4,West Indies,India,RS Morton,CH Gayle,A Nehra,0,0,,,,,,,,,
377315,2009,2009-07-03,"Beausejour Stadium, Gros Islet",1,1.5,West Indies,India,RS Morton,CH Gayle,A Nehra,0,0,,,,,,,,,
377315,2009,2009-07-03,"Beausejour Stadium, Gros Islet",1,1.6,West Indies,India,RS Morton,CH Gayle,A Nehra,0,0,,,,,,,,,
377315,2009,2009-07-03,"Beausejour Stadium, Gros Islet",1,2.1,West Indies,India,CH Gayle,RS Morton,I Sharma,0,0,,,,,,,,,
377315,2009,2009-07-03,"Beausejour Stadium, Gros Islet",1,2.2,West Indies,India,CH Gayle,RS Morton,I Sharma,4,0,,,,,,,,,
377315,2009,2009-07-03,"Beausejour Stadium, Gros Islet",1,2.3,West Indies,India,CH Gayle,RS Morton,I Sharma,4,0,,,,,,,,,
377315,2009,2009-07-03,"Beausejour Stadium, Gros Islet",1,2.4,West Indies,India,CH Gayle,RS Morton,I Sharma,1,0,,,,,,,,,
377315,2009,2009-07-03,"Beausejour Stadium, Gros Islet",1,2.5,West Indies,India,RS Morton,CH Gayle,I Sharma,0,0,,,,,,,,,
377315,2009,2009-07-03,"Beausejour Stadium, Gros Islet",1,2.6,West Indies,India,RS Morton,CH Gayle,I Sharma,0,0,,,,,,,,,
377315,2009,2009-07-03,"Beausejour Stadium, Gros Islet",1,3.1,West Indies,India,CH Gayle,RS Morton,A Nehra,4,0,,,,,,,,,
377315,2009,2009-07-03,"Beausejour Stadium, Gros Islet",1,3.2,West Indies,India,CH Gayle,RS Morton,A Nehra,0,0,,,,,,,,,
377315,2009,2009-07-03,"Beausejour Stadium, Gros Islet",1,3.3,West Indies,India,CH Gayle,RS Morton,A Nehra,4,0,,,,,,,,,
377315,2009,2009-07-03,"Beausejour Stadium, Gros Islet",1,3.4,West Indies,India,CH Gayle,RS Morton,A Nehra,0,0,,,,,,caught,CH Gayle,,
377315,2009,2009-07-03,"Beausejour Stadium, Gros Islet",1,3.5,West Indies,India,RR Sarwan,RS Morton,A Nehra,0,0,,,,,,,,,
377315,2009,2009-07-03,"Beausejour Stadium, Gros Islet",1,3.6,West Indies,India,RR Sarwan,RS Morton,A Nehra,2,0,,,,,,,,,
377315,2009,2009-07-03,"Beausejour Stadium, Gros Islet",1,4.1,West Indies,India,RS Morton,RR Sarwan,I Sharma,2,0,,,,,,,,,
377315,2009,2009-07-03,"Beausejour Stadium, Gros Islet",1,4.2,West Indies,India,RS Morton,RR Sarwan,I Sharma,0,0,,,,,,,,,
377315,2009,2009-07-03,"Beausejour Stadium, Gros Islet",1,4.3,West Indies,India,RS Morton,RR Sarwan,I Sharma,1,0,,,,,,,,,
377315,2009,2009-07-03,"Beausejour Stadium, Gros Islet",1,4.4,West Indies,India,RR Sarwan,RS Morton,I Sharma,0,0,,,,,,,,,
377315,2009,2009-07-03,"Beausejour Stadium, Gros Islet",1,4.5,West Indies,India,RR Sarwan,RS Morton,I Sharma,4,0,,,,,,,,,
377315,2009,2009-07-03,"Beausejour Stadium, Gros Islet",1,4.6,West Indies,India,RR Sarwan,RS Morton,I Sharma,1,0,,,,,,,,,
377315,2009,2009-07-03,"Beausejour Stadium, Gros Islet",1,5.1,West Indies,India,RR Sarwan,RS Morton,A Nehra,0,1,1,,,,,,,,
377315,2009,2009-07-03,"Beausejour Stadium, Gros Islet",1,5.2,West Indies,India,RR Sarwan,RS Morton,A Nehra,0,0,,,,,,,,,
377315,2009,2009-07-03,"Beausejour Stadium, Gros Islet",1,5.3,West Indies,India,RR Sarwan,RS Morton,A Nehra,0,0,,,,,,,,,
377315,2009,2009-07-03,"Beausejour Stadium, Gros Islet",1,5.4,West Indies,India,RR Sarwan,RS Morton,A Nehra,1,0,,,,,,,,,
377315,2009,2009-07-03,"Beausejour Stadium, Gros Islet",1,5.5,West Indies,India,RS Morton,RR Sarwan,A Nehra,0,0,,,,,,,,,
377315,2009,2009-07-03,"Beausejour Stadium, Gros Islet",1,5.6,West Indies,India,RS Morton,RR Sarwan,A Nehra,0,0,,,,,,,,,
377315,2009,2009-07-03,"Beausejour Stadium, Gros Islet",1,5.7,West Indies,India,RS Morton,RR Sarwan,A Nehra,4,0,,,,,,,,,
377315,2009,2009-07-03,"Beausejour Stadium, Gros Islet",1,6.1,West Indies,India,RR Sarwan,RS Morton,I Sharma,0,0,,,,,,,,,
377315,2009,2009-07-03,"Beausejour Stadium, Gros Islet",1,6.2,West Indies,India,RR Sarwan,RS Morton,I Sharma,0,0,,,,,,,,,
377315,2009,2009-07-03,"Beausejour Stadium, Gros Islet",1,6.3,West Indies,India,RR Sarwan,RS Morton,I Sharma,0,1,,,,1,,,,,
377315,2009,2009-07-03,"Beausejour Stadium, Gros Islet",1,6.4,West Indies,India,RS Morton,RR Sarwan,I Sharma,1,0,,,,,,,,,
377315,2009,2009-07-03,"Beausejour Stadium, Gros Islet",1,6.5,West Indies,India,RR Sarwan,RS Morton,I Sharma,0,0,,,,,,,,,
377315,2009,2009-07-03,"Beausejour Stadium, Gros Islet",1,6.6,West Indies,India,RR Sarwan,RS Morton,I Sharma,0,0,,,,,,,,,
377315,2009,2009-07-03,"Beausejour Stadium, Gros Islet",1,7.1,West Indies,India,RS Morton,RR Sarwan,A Nehra,0,0,,,,,,,,,
377315,2009,2009-07-03,"Beausejour Stadium, Gros Islet",1,7.2,West Indies,India,RS Morton,RR Sarwan,A Nehra,0,0,,,,,,,,,
377315,2009,2009-07-03,"Beausejour Stadium, Gros Islet",1,7.3,West Indies,India,RS Morton,RR Sarwan,A Nehra,0,0,,,,,,,,,
377315,2009,2009-07-03,"Beausejour Stadium, Gros Islet",1,7.4,West Indies,India,RS Morton,RR Sarwan,A Nehra,0,2,,,,2,,,,,
377315,2009,2009-07-03,"Beausejour Stadium, Gros Islet",1,7.5,West Indies,India,RS Morton,RR Sarwan,A Nehra,2,0,,,,,,,,,
377315,2009,2009-07-03,"Beausejour Stadium, Gros Islet",1,7.6,West Indies,India,RS Morton,RR Sarwan,A Nehra,0,0,,,,,,,,,
377315,2009,2009-07-03,"Beausejour Stadium, Gros Islet",1,8.1,West Indies,India,RR Sarwan,RS Morton,I Sharma,4,0,,,,,,,,,
377315,2009,2009-07-03,"Beausejour Stadium, Gros Islet",1,8.2,West Indies,India,RR Sarwan,RS Morton,I Sharma,1,0,,,,,,,,,
377315,2009,2009-07-03,"Beausejour Stadium, Gros Islet",1,8.3,West Indies,India,RS Morton,RR Sarwan,I Sharma,0,0,,,,,,,,,
377315,2009,2009-07-03,"Beausejour Stadium, Gros Islet",1,8.4,West Indies,India,RS Morton,RR Sarwan,I Sharma,0,0,,,,,,,,,
377315,2009,2009-07-03,"Beausejour Stadium, Gros Islet",1,8.5,West Indies,India,RS Morton,RR Sarwan,I Sharma,0,0,,,,,,,,,
377315,2009,2009-07-03,"Beausejour Stadium, Gros Islet",1,8.6,West Indies,India,RS Morton,RR Sarwan,I Sharma,2,0,,,,,,,,,
377315,2009,2009-07-03,"Beausejour Stadium, Gros Islet",1,9.1,West Indies,India,RR Sarwan,RS Morton,RP Singh,0,0,,,,,,,,,
377315,2009,2009-07-03,"Beausejour Stadium, Gros Islet",1,9.2,West Indies,India,RR Sarwan,RS Morton,RP Singh,0,0,,,,,,,,,
377315,2009,2009-07-03,"Beausejour Stadium, Gros Islet",1,9.3,West Indies,India,RR Sarwan,RS Morton,RP Singh,1,0,,,,,,,,,
377315,2009,2009-07-03,"Beausejour Stadium, Gros Islet",1,9.4,West Indies,India,RS Morton,RR Sarwan,RP Singh,4,0,,,,,,,,,
377315,2009,2009-07-03,"Beausejour Stadium, Gros Islet",1,9.5,West Indies,India,RS Morton,RR Sarwan,RP Singh,1,0,,,,,,,,,
377315,2009,2009-07-03,"Beausejour Stadium, Gros Islet",1,9.6,West Indies,India,RR Sarwan,RS Morton,RP Singh,4,0,,,,,,,,,
377315,2009,2009-07-03,"Beausejour Stadium, Gros Islet",1,10.1,West Indies,India,RS Morton,RR Sarwan,Harbhajan Singh,1,0,,,,,,,,,
377315,2009,2009-07-03,"Beausejour Stadium, Gros Islet",1,10.2,West Indies,India,RR Sarwan,RS Morton,Harbhajan Singh,1,0,,,,,,,,,
377315,2009,2009-07-03,"Beausejour Stadium, Gros Islet",1,10.3,West Indies,India,RS Morton,RR Sarwan,Harbhajan Singh,0,0,,,,,,,,,
377315,2009,2009-07-03,"Beausejour Stadium, Gros Islet",1,10.4,West Indies,India,RS Morton,RR Sarwan,Harbhajan Singh,1,0,,,,,,,,,
377315,2009,2009-07-03,"Beausejour Stadium, Gros Islet",1,10.5,West Indies,India,RR Sarwan,RS Morton,Harbhajan Singh,0,0,,,,,,,,,
377315,2009,2009-07-03,"Beausejour Stadium, Gros Islet",1,10.6,West Indies,India,RR Sarwan,RS Morton,Harbhajan Singh,1,0,,,,,,,,,
377315,2009,2009-07-03,"Beausejour Stadium, Gros Islet",1,11.1,West Indies,India,RR Sarwan,RS Morton,RP Singh,0,0,,,,,,,,,
377315,2009,2009-07-03,"Beausejour Stadium, Gros Islet",1,11.2,West Indies,India,RR Sarwan,RS Morton,RP Singh,2,0,,,,,,,,,
377315,2009,2009-07-03,"Beausejour Stadium, Gros Islet",1,11.3,West Indies,India,RR Sarwan,RS Morton,RP Singh,1,0,,,,,,,,,
377315,2009,2009-07-03,"Beausejour Stadium, Gros Islet",1,11.4,West Indies,India,RS Morton,RR Sarwan,RP Singh,0,0,,,,,,,,,
377315,2009,2009-07-03,"Beausejour Stadium, Gros Islet",1,11.5,West Indies,India,RS Morton,RR Sarwan,RP Singh,3,0,,,,,,,,,
377315,2009,2009-07-03,"Beausejour Stadium, Gros Islet",1,11.6,West Indies,India,RR Sarwan,RS Morton,RP Singh,1,0,,,,,,,,,
377315,2009,2009-07-03,"Beausejour Stadium, Gros Islet",1,12.1,West Indies,India,RR Sarwan,RS Morton,Harbhajan Singh,1,0,,,,,,,,,
377315,2009,2009-07-03,"Beausejour Stadium, Gros Islet",1,12.2,West Indies,India,RS Morton,RR Sarwan,Harbhajan Singh,0,0,,,,,,,,,
377315,2009,2009-07-03,"Beausejour Stadium, Gros Islet",1,12.3,West Indies,India,RS Morton,RR Sarwan,Harbhajan Singh,0,0,,,,,,stumped,RS Morton,,
377315,2009,2009-07-03,"Beausejour Stadium, Gros Islet",1,12.4,West Indies,India,S Chanderpaul,RR Sarwan,Harbhajan Singh,1,0,,,,,,,,,
377315,2009,2009-07-03,"Beausejour Stadium, Gros Islet",1,12.5,West Indies,India,RR Sarwan,S Chanderpaul,Harbhajan Singh,1,0,,,,,,,,,
377315,2009,2009-07-03,"Beausejour Stadium, Gros Islet",1,12.6,West Indies,India,S Chanderpaul,RR Sarwan,Harbhajan Singh,0,0,,,,,,,,,
377315,2009,2009-07-03,"Beausejour Stadium, Gros Islet",1,13.1,West Indies,India,RR Sarwan,S Chanderpaul,Yuvraj Singh,0,0,,,,,,,,,
377315,2009,2009-07-03,"Beausejour Stadium, Gros Islet",1,13.2,West Indies,India,RR Sarwan,S Chanderpaul,Yuvraj Singh,1,0,,,,,,,,,
377315,2009,2009-07-03,"Beausejour Stadium, Gros Islet",1,13.3,West Indies,India,S Chanderpaul,RR Sarwan,Yuvraj Singh,0,1,,,,1,,,,,
377315,2009,2009-07-03,"Beausejour Stadium, Gros Islet",1,13.4,West Indies,India,RR Sarwan,S Chanderpaul,Yuvraj Singh,0,0,,,,,,,,,
377315,2009,2009-07-03,"Beausejour Stadium, Gros Islet",1,13.5,West Indies,India,RR Sarwan,S Chanderpaul,Yuvraj Singh,0,0,,,,,,,,,
377315,2009,2009-07-03,"Beausejour Stadium, Gros Islet",1,13.6,West Indies,India,RR Sarwan,S Chanderpaul,Yuvraj Singh,2,0,,,,,,,,,
377315,2009,2009-07-03,"Beausejour Stadium, Gros Islet",1,14.1,West Indies,India,S Chanderpaul,RR Sarwan,Harbhajan Singh,1,0,,,,,,,,,
377315,2009,2009-07-03,"Beausejour Stadium, Gros Islet",1,14.2,West Indies,India,RR Sarwan,S Chanderpaul,Harbhajan Singh,2,0,,,,,,,,,
377315,2009,2009-07-03,"Beausejour Stadium, Gros Islet",1,14.3,West Indies,India,RR Sarwan,S Chanderpaul,Harbhajan Singh,1,0,,,,,,,,,
377315,2009,2009-07-03,"Beausejour Stadium, Gros Islet",1,14.4,West Indies,India,S Chanderpaul,RR Sarwan,Harbhajan Singh,0,0,,,,,,,,,
377315,2009,2009-07-03,"Beausejour Stadium, Gros Islet",1,14.5,West Indies,India,S Chanderpaul,RR Sarwan,Harbhajan Singh,0,0,,,,,,,,,
377315,2009,2009-07-03,"Beausejour Stadium, Gros Islet",1,14.6,West Indies,India,S Chanderpaul,RR Sarwan,Harbhajan Singh,1,0,,,,,,,,,
377315,2009,2009-07-03,"Beausejour Stadium, Gros Islet",1,15.1,West Indies,India,S Chanderpaul,RR Sarwan,Yuvraj Singh,1,0,,,,,,,,,
377315,2009,2009-07-03,"Beausejour Stadium, Gros Islet",1,15.2,West Indies,India,RR Sarwan,S Chanderpaul,Yuvraj Singh,0,0,,,,,,,,,
377315,2009,2009-07-03,"Beausejour Stadium, Gros Islet",1,15.3,West Indies,India,RR Sarwan,S Chanderpaul,Yuvraj Singh,4,0,,,,,,,,,
377315,2009,2009-07-03,"Beausejour Stadium, Gros Islet",1,15.4,West Indies,India,RR Sarwan,S Chanderpaul,Yuvraj Singh,4,0,,,,,,,,,
377315,2009,2009-07-03,"Beausejour Stadium, Gros Islet",1,15.5,West Indies,India,RR Sarwan,S Chanderpaul,Yuvraj Singh,0,1,,1,,,,,,,
377315,2009,2009-07-03,"Beausejour Stadium, Gros Islet",1,15.6,West Indies,India,RR Sarwan,S Chanderpaul,Yuvraj Singh,0,0,,,,,,,,,
377315,2009,2009-07-03,"Beausejour Stadium, Gros Islet",1,15.7,West Indies,India,RR Sarwan,S Chanderpaul,Yuvraj Singh,6,0,,,,,,,,,
377315,2009,2009-07-03,"Beausejour Stadium, Gros Islet",1,16.1,West Indies,India,S Chanderpaul,RR Sarwan,Harbhajan Singh,1,0,,,,,,,,,
377315,2009,2009-07-03,"Beausejour Stadium, Gros Islet",1,16.2,West Indies,India,RR Sarwan,S Chanderpaul,Harbhajan Singh,1,0,,,,,,,,,
377315,2009,2009-07-03,"Beausejour Stadium, Gros Islet",1,16.3,West Indies,India,S Chanderpaul,RR Sarwan,Harbhajan Singh,4,0,,,,,,,,,
377315,2009,2009-07-03,"Beausejour Stadium, Gros Islet",1,16.4,West Indies,India,S Chanderpaul,RR Sarwan,Harbhajan Singh,1,0,,,,,,,,,
377315,2009,2009-07-03,"Beausejour Stadium, Gros Islet",1,16.5,West Indies,India,RR Sarwan,S Chanderpaul,Harbhajan Singh,2,0,,,,,,,,,
377315,2009,2009-07-03,"Beausejour Stadium, Gros Islet",1,16.6,West Indies,India,RR Sarwan,S Chanderpaul,Harbhajan Singh,1,0,,,,,,,,,
377315,2009,2009-07-03,"Beausejour Stadium, Gros Islet",1,17.1,West Indies,India,RR Sarwan,S Chanderpaul,RG Sharma,0,0,,,,,,,,,
377315,2009,2009-07-03,"Beausejour Stadium, Gros Islet",1,17.2,West Indies,India,RR Sarwan,S Chanderpaul,RG Sharma,0,0,,,,,,,,,
377315,2009,2009-07-03,"Beausejour Stadium, Gros Islet",1,17.3,West Indies,India,RR Sarwan,S Chanderpaul,RG Sharma,1,0,,,,,,,,,
377315,2009,2009-07-03,"Beausejour Stadium, Gros Islet",1,17.4,West Indies,India,S Chanderpaul,RR Sarwan,RG Sharma,1,0,,,,,,,,,
377315,2009,2009-07-03,"Beausejour Stadium, Gros Islet",1,17.5,West Indies,India,RR Sarwan,S Chanderpaul,RG Sharma,1,0,,,,,,,,,
377315,2009,2009-07-03,"Beausejour Stadium, Gros Islet",1,17.6,West Indies,India,S Chanderpaul,RR Sarwan,RG Sharma,4,0,,,,,,,,,
377315,2009,2009-07-03,"Beausejour Stadium, Gros Islet",1,18.1,West Indies,India,RR Sarwan,S Chanderpaul,YK Pathan,2,0,,,,,,,,,
377315,2009,2009-07-03,"Beausejour Stadium, Gros Islet",1,18.2,West Indies,India,RR Sarwan,S Chanderpaul,YK Pathan,1,0,,,,,,,,,
377315,2009,2009-07-03,"Beausejour Stadium, Gros Islet",1,18.3,West Indies,India,S Chanderpaul,RR Sarwan,YK Pathan,0,0,,,,,,caught,S Chanderpaul,,
377315,2009,2009-07-03,"Beausejour Stadium, Gros Islet",1,18.4,West Indies,India,RR Sarwan,DJ Bravo,YK Pathan,1,0,,,,,,,,,
377315,2009,2009-07-03,"Beausejour Stadium, Gros Islet",1,18.5,West Indies,India,DJ Bravo,RR Sarwan,YK Pathan,0,0,,,,,,,,,
377315,2009,2009-07-03,"Beausejour Stadium, Gros Islet",1,18.6,West Indies,India,DJ Bravo,RR Sarwan,YK Pathan,0,0,,,,,,,,,
377315,2009,2009-07-03,"Beausejour Stadium, Gros Islet",1,19.1,West Indies,India,RR Sarwan,DJ Bravo,RP Singh,0,0,,,,,,,,,
377315,2009,2009-07-03,"Beausejour Stadium, Gros Islet",1,19.2,West Indies,India,RR Sarwan,DJ Bravo,RP Singh,0,0,,,,,,,,,
377315,2009,2009-07-03,"Beausejour Stadium, Gros Islet",1,19.3,West Indies,India,RR Sarwan,DJ Bravo,RP Singh,1,0,,,,,,,,,
377315,2009,2009-07-03,"Beausejour Stadium, Gros Islet",1,19.4,West Indies,India,DJ Bravo,RR Sarwan,RP Singh,0,1,,,,1,,,,,
377315,2009,2009-07-03,"Beausejour Stadium, Gros Islet",1,19.5,West Indies,India,RR Sarwan,DJ Bravo,RP Singh,2,0,,,,,,,,,
377315,2009,2009-07-03,"Beausejour Stadium, Gros Islet",1,19.6,West Indies,India,RR Sarwan,DJ Bravo,RP Singh,1,0,,,,,,,,,
377315,2009,2009-07-03,"Beausejour Stadium, Gros Islet",1,20.1,West Indies,India,RR Sarwan,DJ Bravo,YK Pathan,0,1,1,,,,,,,,
377315,2009,2009-07-03,"Beausejour Stadium, Gros Islet",1,20.2,West Indies,India,RR Sarwan,DJ Bravo,YK Pathan,0,0,,,,,,,,,
377315,2009,2009-07-03,"Beausejour Stadium, Gros Islet",1,20.3,West Indies,India,RR Sarwan,DJ Bravo,YK Pathan,1,0,,,,,,,,,
377315,2009,2009-07-03,"Beausejour Stadium, Gros Islet",1,20.4,West Indies,India,DJ Bravo,RR Sarwan,YK Pathan,0,0,,,,,,,,,
377315,2009,2009-07-03,"Beausejour Stadium, Gros Islet",1,20.5,West Indies,India,DJ Bravo,RR Sarwan,YK Pathan,1,0,,,,,,,,,
377315,2009,2009-07-03,"Beausejour Stadium, Gros Islet",1,20.6,West Indies,India,RR Sarwan,DJ Bravo,YK Pathan,1,0,,,,,,run out,RR Sarwan,,
377315,2009,2009-07-03,"Beausejour Stadium, Gros Islet",1,20.7,West Indies,India,DM Bravo,DJ Bravo,YK Pathan,0,0,,,,,,,,,
377315,2009,2009-07-03,"Beausejour Stadium, Gros Islet",1,21.1,West Indies,India,DJ Bravo,DM Bravo,RP Singh,0,0,,,,,,,,,
377315,2009,2009-07-03,"Beausejour Stadium, Gros Islet",1,21.2,West Indies,India,DJ Bravo,DM Bravo,RP Singh,0,1,,,,1,,,,,
377315,2009,2009-07-03,"Beausejour Stadium, Gros Islet",1,21.3,West Indies,India,DM Bravo,DJ Bravo,RP Singh,4,0,,,,,,,,,
377315,2009,2009-07-03,"Beausejour Stadium, Gros Islet",1,21.4,West Indies,India,DM Bravo,DJ Bravo,RP Singh,0,0,,,,,,,,,
377315,2009,2009-07-03,"Beausejour Stadium, Gros Islet",1,21.5,West Indies,India,DM Bravo,DJ Bravo,RP Singh,0,0,,,,,,,,,
377315,2009,2009-07-03,"Beausejour Stadium, Gros Islet",1,21.6,West Indies,India,DM Bravo,DJ Bravo,RP Singh,1,0,,,,,,,,,
377315,2009,2009-07-03,"Beausejour Stadium, Gros Islet",1,22.1,West Indies,India,DM Bravo,DJ Bravo,YK Pathan,1,0,,,,,,,,,
377315,2009,2009-07-03,"Beausejour Stadium, Gros Islet",1,22.2,West Indies,India,DJ Bravo,DM Bravo,YK Pathan,1,0,,,,,,,,,
377315,2009,2009-07-03,"Beausejour Stadium, Gros Islet",1,22.3,West Indies,India,DM Bravo,DJ Bravo,YK Pathan,1,0,,,,,,,,,
377315,2009,2009-07-03,"Beausejour Stadium, Gros Islet",1,22.4,West Indies,India,DJ Bravo,DM Bravo,YK Pathan,0,0,,,,,,,,,
377315,2009,2009-07-03,"Beausejour Stadium, Gros Islet",1,22.5,West Indies,India,DJ Bravo,DM Bravo,YK Pathan,2,0,,,,,,,,,
377315,2009,2009-07-03,"Beausejour Stadium, Gros Islet",1,22.6,West Indies,India,DJ Bravo,DM Bravo,YK Pathan,1,0,,,,,,,,,
377315,2009,2009-07-03,"Beausejour Stadium, Gros Islet",1,23.1,West Indies,India,DJ Bravo,DM Bravo,RP Singh,4,0,,,,,,,,,
377315,2009,2009-07-03,"Beausejour Stadium, Gros Islet",1,23.2,West Indies,India,DJ Bravo,DM Bravo,RP Singh,1,0,,,,,,,,,
377315,2009,2009-07-03,"Beausejour Stadium, Gros Islet",1,23.3,West Indies,India,DM Bravo,DJ Bravo,RP Singh,0,0,,,,,,,,,
377315,2009,2009-07-03,"Beausejour Stadium, Gros Islet",1,23.4,West Indies,India,DM Bravo,DJ Bravo,RP Singh,2,0,,,,,,,,,
377315,2009,2009-07-03,"Beausejour Stadium, Gros Islet",1,23.5,West Indies,India,DM Bravo,DJ Bravo,RP Singh,1,0,,,,,,,,,
377315,2009,2009-07-03,"Beausejour Stadium, Gros Islet",1,23.6,West Indies,India,DJ Bravo,DM Bravo,RP Singh,0,1,,,,1,,,,,
377315,2009,2009-07-03,"Beausejour Stadium, Gros Islet",1,24.1,West Indies,India,DJ Bravo,DM Bravo,YK Pathan,2,0,,,,,,,,,
377315,2009,2009-07-03,"Beausejour Stadium, Gros Islet",1,24.2,West Indies,India,DJ Bravo,DM Bravo,YK Pathan,1,0,,,,,,,,,
377315,2009,2009-07-03,"Beausejour Stadium, Gros Islet",1,24.3,West Indies,India,DM Bravo,DJ Bravo,YK Pathan,4,0,,,,,,,,,
377315,2009,2009-07-03,"Beausejour Stadium, Gros Islet",1,24.4,West Indies,India,DM Bravo,DJ Bravo,YK Pathan,4,0,,,,,,,,,
377315,2009,2009-07-03,"Beausejour Stadium, Gros Islet",1,24.5,West Indies,India,DM Bravo,DJ Bravo,YK Pathan,2,0,,,,,,,,,
377315,2009,2009-07-03,"Beausejour Stadium, Gros Islet",1,24.6,West Indies,India,DM Bravo,DJ Bravo,YK Pathan,1,0,,,,,,,,,
377315,2009,2009-07-03,"Beausejour Stadium, Gros Islet",1,25.1,West Indies,India,DM Bravo,DJ Bravo,A Nehra,0,0,,,,,,bowled,DM Bravo,,
377315,2009,2009-07-03,"Beausejour Stadium, Gros Islet",1,25.2,West Indies,India,D Ramdin,DJ Bravo,A Nehra,1,0,,,,,,,,,
377315,2009,2009-07-03,"Beausejour Stadium, Gros Islet",1,25.3,West Indies,India,DJ Bravo,D Ramdin,A Nehra,0,0,,,,,,,,,
377315,2009,2009-07-03,"Beausejour Stadium, Gros Islet",1,25.4,West Indies,India,DJ Bravo,D Ramdin,A Nehra,1,0,,,,,,,,,
377315,2009,2009-07-03,"Beausejour Stadium, Gros Islet",1,25.5,West Indies,India,D Ramdin,DJ Bravo,A Nehra,1,0,,,,,,,,,
377315,2009,2009-07-03,"Beausejour Stadium, Gros Islet",1,25.6,West Indies,India,DJ Bravo,D Ramdin,A Nehra,0,0,,,,,,caught,DJ Bravo,,
377315,2009,2009-07-03,"Beausejour Stadium, Gros Islet",1,26.1,West Indies,India,D Ramdin,JE Taylor,Harbhajan Singh,1,0,,,,,,,,,
377315,2009,2009-07-03,"Beausejour Stadium, Gros Islet",1,26.2,West Indies,India,JE Taylor,D Ramdin,Harbhajan Singh,1,0,,,,,,,,,
377315,2009,2009-07-03,"Beausejour Stadium, Gros Islet",1,26.3,West Indies,India,D Ramdin,JE Taylor,Harbhajan Singh,6,0,,,,,,,,,
377315,2009,2009-07-03,"Beausejour Stadium, Gros Islet",1,26.4,West Indies,India,D Ramdin,JE Taylor,Harbhajan Singh,4,0,,,,,,,,,
377315,2009,2009-07-03,"Beausejour Stadium, Gros Islet",1,26.5,West Indies,India,D Ramdin,JE Taylor,Harbhajan Singh,1,0,,,,,,,,,
377315,2009,2009-07-03,"Beausejour Stadium, Gros Islet",1,26.6,West Indies,India,JE Taylor,D Ramdin,Harbhajan Singh,0,0,,,,,,caught,JE Taylor,,
377315,2009,2009-07-03,"Beausejour Stadium, Gros Islet",2,0.1,India,West Indies,KD Karthik,G Gambhir,JE Taylor,0,0,,,,,,,,,
377315,2009,2009-07-03,"Beausejour Stadium, Gros Islet",2,0.2,India,West Indies,KD Karthik,G Gambhir,JE Taylor,0,1,1,,,,,,,,
377315,2009,2009-07-03,"Beausejour Stadium, Gros Islet",2,0.3,India,West Indies,KD Karthik,G Gambhir,JE Taylor,0,0,,,,,,,,,
377315,2009,2009-07-03,"Beausejour Stadium, Gros Islet",2,0.4,India,West Indies,KD Karthik,G Gambhir,JE Taylor,0,0,,,,,,,,,
377315,2009,2009-07-03,"Beausejour Stadium, Gros Islet",2,0.5,India,West Indies,KD Karthik,G Gambhir,JE Taylor,1,0,,,,,,,,,
377315,2009,2009-07-03,"Beausejour Stadium, Gros Islet",2,0.6,India,West Indies,G Gambhir,KD Karthik,JE Taylor,1,0,,,,,,,,,
377315,2009,2009-07-03,"Beausejour Stadium, Gros Islet",2,0.7,India,West Indies,KD Karthik,G Gambhir,JE Taylor,4,0,,,,,,,,,
377315,2009,2009-07-03,"Beausejour Stadium, Gros Islet",2,1.1,India,West Indies,G Gambhir,KD Karthik,R Rampaul,0,0,,,,,,,,,
377315,2009,2009-07-03,"Beausejour Stadium, Gros Islet",2,1.2,India,West Indies,G Gambhir,KD Karthik,R Rampaul,0,0,,,,,,,,,
377315,2009,2009-07-03,"Beausejour Stadium, Gros Islet",2,1.3,India,West Indies,G Gambhir,KD Karthik,R Rampaul,0,0,,,,,,,,,
377315,2009,2009-07-03,"Beausejour Stadium, Gros Islet",2,1.4,India,West Indies,G Gambhir,KD Karthik,R Rampaul,0,0,,,,,,,,,
377315,2009,2009-07-03,"Beausejour Stadium, Gros Islet",2,1.5,India,West Indies,G Gambhir,KD Karthik,R Rampaul,1,0,,,,,,,,,
377315,2009,2009-07-03,"Beausejour Stadium, Gros Islet",2,1.6,India,West Indies,KD Karthik,G Gambhir,R Rampaul,0,1,,,,1,,,,,
377315,2009,2009-07-03,"Beausejour Stadium, Gros Islet",2,2.1,India,West Indies,KD Karthik,G Gambhir,JE Taylor,4,0,,,,,,,,,
377315,2009,2009-07-03,"Beausejour Stadium, Gros Islet",2,2.2,India,West Indies,KD Karthik,G Gambhir,JE Taylor,4,0,,,,,,,,,
377315,2009,2009-07-03,"Beausejour Stadium, Gros Islet",2,2.3,India,West Indies,KD Karthik,G Gambhir,JE Taylor,0,0,,,,,,,,,
377315,2009,2009-07-03,"Beausejour Stadium, Gros Islet",2,2.4,India,West Indies,KD Karthik,G Gambhir,JE Taylor,1,0,,,,,,,,,
377315,2009,2009-07-03,"Beausejour Stadium, Gros Islet",2,2.5,India,West Indies,G Gambhir,KD Karthik,JE Taylor,1,0,,,,,,,,,
377315,2009,2009-07-03,"Beausejour Stadium, Gros Islet",2,2.6,India,West Indies,KD Karthik,G Gambhir,JE Taylor,1,0,,,,,,,,,
377315,2009,2009-07-03,"Beausejour Stadium, Gros Islet",2,3.1,India,West Indies,KD Karthik,G Gambhir,R Rampaul,0,0,,,,,,,,,
377315,2009,2009-07-03,"Beausejour Stadium, Gros Islet",2,3.2,India,West Indies,KD Karthik,G Gambhir,R Rampaul,0,0,,,,,,,,,
377315,2009,2009-07-03,"Beausejour Stadium, Gros Islet",2,3.3,India,West Indies,KD Karthik,G Gambhir,R Rampaul,4,0,,,,,,,,,
377315,2009,2009-07-03,"Beausejour Stadium, Gros Islet",2,3.4,India,West Indies,KD Karthik,G Gambhir,R Rampaul,0,1,,,,1,,,,,
377315,2009,2009-07-03,"Beausejour Stadium, Gros Islet",2,3.5,India,West Indies,G Gambhir,KD Karthik,R Rampaul,3,0,,,,,,,,,
377315,2009,2009-07-03,"Beausejour Stadium, Gros Islet",2,3.6,India,West Indies,KD Karthik,G Gambhir,R Rampaul,0,0,,,,,,,,,
377315,2009,2009-07-03,"Beausejour Stadium, Gros Islet",2,4.1,India,West Indies,G Gambhir,KD Karthik,DJ Bravo,1,0,,,,,,,,,
377315,2009,2009-07-03,"Beausejour Stadium, Gros Islet",2,4.2,India,West Indies,KD Karthik,G Gambhir,DJ Bravo,1,0,,,,,,,,,
377315,2009,2009-07-03,"Beausejour Stadium, Gros Islet",2,4.3,India,West Indies,G Gambhir,KD Karthik,DJ Bravo,1,0,,,,,,,,,
377315,2009,2009-07-03,"Beausejour Stadium, Gros Islet",2,4.4,India,West Indies,KD Karthik,G Gambhir,DJ Bravo,0,0,,,,,,,,,
377315,2009,2009-07-03,"Beausejour Stadium, Gros Islet",2,4.5,India,West Indies,KD Karthik,G Gambhir,DJ Bravo,4,0,,,,,,,,,
377315,2009,2009-07-03,"Beausejour Stadium, Gros Islet",2,4.6,India,West Indies,KD Karthik,G Gambhir,DJ Bravo,1,0,,,,,,,,,
377315,2009,2009-07-03,"Beausejour Stadium, Gros Islet",2,5.1,India,West Indies,KD Karthik,G Gambhir,R Rampaul,0,1,,,,1,,,,,
377315,2009,2009-07-03,"Beausejour Stadium, Gros Islet",2,5.2,India,West Indies,G Gambhir,KD Karthik,R Rampaul,1,0,,,,,,,,,
377315,2009,2009-07-03,"Beausejour Stadium, Gros Islet",2,5.3,India,West Indies,KD Karthik,G Gambhir,R Rampaul,1,0,,,,,,,,,
377315,2009,2009-07-03,"Beausejour Stadium, Gros Islet",2,5.4,India,West Indies,G Gambhir,KD Karthik,R Rampaul,5,0,,,,,,,,,
377315,2009,2009-07-03,"Beausejour Stadium, Gros Islet",2,5.5,India,West Indies,KD Karthik,G Gambhir,R Rampaul,0,0,,,,,,,,,
377315,2009,2009-07-03,"Beausejour Stadium, Gros Islet",2,5.6,India,West Indies,KD Karthik,G Gambhir,R Rampaul,1,0,,,,,,,,,
377315,2009,2009-07-03,"Beausejour Stadium, Gros Islet",2,6.1,India,West Indies,KD Karthik,G Gambhir,DJ Bravo,1,0,,,,,,,,,
377315,2009,2009-07-03,"Beausejour Stadium, Gros Islet",2,6.2,India,West Indies,G Gambhir,KD Karthik,DJ Bravo,1,0,,,,,,,,,
377315,2009,2009-07-03,"Beausejour Stadium, Gros Islet",2,6.3,India,West Indies,KD Karthik,G Gambhir,DJ Bravo,1,0,,,,,,,,,
377315,2009,2009-07-03,"Beausejour Stadium, Gros Islet",2,6.4,India,West Indies,G Gambhir,KD Karthik,DJ Bravo,1,0,,,,,,,,,
377315,2009,2009-07-03,"Beausejour Stadium, Gros Islet",2,6.5,India,West Indies,KD Karthik,G Gambhir,DJ Bravo,1,0,,,,,,,,,
377315,2009,2009-07-03,"Beausejour Stadium, Gros Islet",2,6.6,India,West Indies,G Gambhir,KD Karthik,DJ Bravo,0,0,,,,,,,,,
377315,2009,2009-07-03,"Beausejour Stadium, Gros Islet",2,7.1,India,West Indies,KD Karthik,G Gambhir,DE Bernard,2,0,,,,,,,,,
377315,2009,2009-07-03,"Beausejour Stadium, Gros Islet",2,7.2,India,West Indies,KD Karthik,G Gambhir,DE Bernard,0,0,,,,,,,,,
377315,2009,2009-07-03,"Beausejour Stadium, Gros Islet",2,7.3,India,West Indies,KD Karthik,G Gambhir,DE Bernard,1,0,,,,,,,,,
377315,2009,2009-07-03,"Beausejour Stadium, Gros Islet",2,7.4,India,West Indies,G Gambhir,KD Karthik,DE Bernard,0,0,,,,,,,,,
377315,2009,2009-07-03,"Beausejour Stadium, Gros Islet",2,7.5,India,West Indies,G Gambhir,KD Karthik,DE Bernard,2,0,,,,,,,,,
377315,2009,2009-07-03,"Beausejour Stadium, Gros Islet",2,7.6,India,West Indies,G Gambhir,KD Karthik,DE Bernard,1,0,,,,,,,,,
377315,2009,2009-07-03,"Beausejour Stadium, Gros Islet",2,8.1,India,West Indies,G Gambhir,KD Karthik,DJ Bravo,1,0,,,,,,,,,
377315,2009,2009-07-03,"Beausejour Stadium, Gros Islet",2,8.2,India,West Indies,KD Karthik,G Gambhir,DJ Bravo,6,0,,,,,,,,,
377315,2009,2009-07-03,"Beausejour Stadium, Gros Islet",2,8.3,India,West Indies,KD Karthik,G Gambhir,DJ Bravo,0,0,,,,,,,,,
377315,2009,2009-07-03,"Beausejour Stadium, Gros Islet",2,8.4,India,West Indies,KD Karthik,G Gambhir,DJ Bravo,0,0,,,,,,,,,
377315,2009,2009-07-03,"Beausejour Stadium, Gros Islet",2,8.5,India,West Indies,KD Karthik,G Gambhir,DJ Bravo,1,0,,,,,,,,,
377315,2009,2009-07-03,"Beausejour Stadium, Gros Islet",2,8.6,India,West Indies,G Gambhir,KD Karthik,DJ Bravo,1,0,,,,,,,,,
377315,2009,2009-07-03,"Beausejour Stadium, Gros Islet",2,9.1,India,West Indies,G Gambhir,KD Karthik,SJ Benn,1,0,,,,,,,,,
377315,2009,2009-07-03,"Beausejour Stadium, Gros Islet",2,9.2,India,West Indies,KD Karthik,G Gambhir,SJ Benn,2,0,,,,,,,,,
377315,2009,2009-07-03,"Beausejour Stadium, Gros Islet",2,9.3,India,West Indies,KD Karthik,G Gambhir,SJ Benn,0,0,,,,,,,,,
377315,2009,2009-07-03,"Beausejour Stadium, Gros Islet",2,9.4,India,West Indies,KD Karthik,G Gambhir,SJ Benn,0,0,,,,,,,,,
377315,2009,2009-07-03,"Beausejour Stadium, Gros Islet",2,9.5,India,West Indies,KD Karthik,G Gambhir,SJ Benn,1,0,,,,,,,,,
377315,2009,2009-07-03,"Beausejour Stadium, Gros Islet",2,9.6,India,West Indies,G Gambhir,KD Karthik,SJ Benn,0,0,,,,,,,,,
377315,2009,2009-07-03,"Beausejour Stadium, Gros Islet",2,10.1,India,West Indies,KD Karthik,G Gambhir,CH Gayle,0,0,,,,,,,,,
377315,2009,2009-07-03,"Beausejour Stadium, Gros Islet",2,10.2,India,West Indies,KD Karthik,G Gambhir,CH Gayle,1,0,,,,,,,,,
377315,2009,2009-07-03,"Beausejour Stadium, Gros Islet",2,10.3,India,West Indies,G Gambhir,KD Karthik,CH Gayle,0,0,,,,,,,,,
377315,2009,2009-07-03,"Beausejour Stadium, Gros Islet",2,10.4,India,West Indies,G Gambhir,KD Karthik,CH Gayle,2,0,,,,,,,,,
377315,2009,2009-07-03,"Beausejour Stadium, Gros Islet",2,10.5,India,West Indies,G Gambhir,KD Karthik,CH Gayle,1,0,,,,,,,,,
377315,2009,2009-07-03,"Beausejour Stadium, Gros Islet",2,10.6,India,West Indies,KD Karthik,G Gambhir,CH Gayle,1,0,,,,,,,,,
377315,2009,2009-07-03,"Beausejour Stadium, Gros Islet",2,11.1,India,West Indies,KD Karthik,G Gambhir,SJ Benn,1,0,,,,,,,,,
377315,2009,2009-07-03,"Beausejour Stadium, Gros Islet",2,11.2,India,West Indies,G Gambhir,KD Karthik,SJ Benn,4,0,,,,,,,,,
377315,2009,2009-07-03,"Beausejour Stadium, Gros Islet",2,11.3,India,West Indies,G Gambhir,KD Karthik,SJ Benn,1,0,,,,,,,,,
377315,2009,2009-07-03,"Beausejour Stadium, Gros Islet",2,11.4,India,West Indies,KD Karthik,G Gambhir,SJ Benn,1,0,,,,,,,,,
377315,2009,2009-07-03,"Beausejour Stadium, Gros Islet",2,11.5,India,West Indies,G Gambhir,KD Karthik,SJ Benn,2,0,,,,,,,,,
377315,2009,2009-07-03,"Beausejour Stadium, Gros Islet",2,11.6,India,West Indies,G Gambhir,KD Karthik,SJ Benn,1,0,,,,,,,,,
377315,2009,2009-07-03,"Beausejour Stadium, Gros Islet",2,12.1,India,West Indies,G Gambhir,KD Karthik,CH Gayle,0,0,,,,,,run out,KD Karthik,,
377315,2009,2009-07-03,"Beausejour Stadium, Gros Islet",2,12.2,India,West Indies,MS Dhoni,G Gambhir,CH Gayle,2,0,,,,,,,,,
377315,2009,2009-07-03,"Beausejour Stadium, Gros Islet",2,12.3,India,West Indies,MS Dhoni,G Gambhir,CH Gayle,2,0,,,,,,,,,
377315,2009,2009-07-03,"Beausejour Stadium, Gros Islet",2,12.4,India,West Indies,MS Dhoni,G Gambhir,CH Gayle,2,0,,,,,,,,,
377315,2009,2009-07-03,"Beausejour Stadium, Gros Islet",2,12.5,India,West Indies,MS Dhoni,G Gambhir,CH Gayle,0,0,,,,,,,,,
377315,2009,2009-07-03,"Beausejour Stadium, Gros Islet",2,12.6,India,West Indies,MS Dhoni,G Gambhir,CH Gayle,0,0,,,,,,,,,
377315,2009,2009-07-03,"Beausejour Stadium, Gros Islet",2,13.1,India,West Indies,G Gambhir,MS Dhoni,SJ Benn,1,0,,,,,,,,,
377315,2009,2009-07-03,"Beausejour Stadium, Gros Islet",2,13.2,India,West Indies,MS Dhoni,G Gambhir,SJ Benn,1,0,,,,,,,,,
377315,2009,2009-07-03,"Beausejour Stadium, Gros Islet",2,13.3,India,West Indies,G Gambhir,MS Dhoni,SJ Benn,3,0,,,,,,,,,
377315,2009,2009-07-03,"Beausejour Stadium, Gros Islet",2,13.4,India,West Indies,MS Dhoni,G Gambhir,SJ Benn,0,0,,,,,,,,,
377315,2009,2009-07-03,"Beausejour Stadium, Gros Islet",2,13.5,India,West Indies,MS Dhoni,G Gambhir,SJ Benn,1,0,,,,,,,,,
377315,2009,2009-07-03,"Beausejour Stadium, Gros Islet",2,13.6,India,West Indies,G Gambhir,MS Dhoni,SJ Benn,1,0,,,,,,,,,
377315,2009,2009-07-03,"Beausejour Stadium, Gros Islet",2,14.1,India,West Indies,G Gambhir,MS Dhoni,JE Taylor,4,0,,,,,,,,,
377315,2009,2009-07-03,"Beausejour Stadium, Gros Islet",2,14.2,India,West Indies,G Gambhir,MS Dhoni,JE Taylor,1,0,,,,,,,,,
377315,2009,2009-07-03,"Beausejour Stadium, Gros Islet",2,14.3,India,West Indies,MS Dhoni,G Gambhir,JE Taylor,4,0,,,,,,,,,
377315,2009,2009-07-03,"Beausejour Stadium, Gros Islet",2,14.4,India,West Indies,MS Dhoni,G Gambhir,JE Taylor,1,0,,,,,,,,,
377315,2009,2009-07-03,"Beausejour Stadium, Gros Islet",2,14.5,India,West Indies,G Gambhir,MS Dhoni,JE Taylor,0,0,,,,,,,,,
377315,2009,2009-07-03,"Beausejour Stadium, Gros Islet",2,14.6,India,West Indies,G Gambhir,MS Dhoni,JE Taylor,1,0,,,,,,,,,
377315,2009,2009-07-03,"Beausejour Stadium, Gros Islet",2,15.1,India,West Indies,G Gambhir,MS Dhoni,SJ Benn,0,0,,,,,,caught,G Gambhir,,
377315,2009,2009-07-03,"Beausejour Stadium, Gros Islet",2,15.2,India,West Indies,Yuvraj Singh,MS Dhoni,SJ Benn,0,0,,,,,,,,,
377315,2009,2009-07-03,"Beausejour Stadium, Gros Islet",2,15.3,India,West Indies,Yuvraj Singh,MS Dhoni,SJ Benn,0,0,,,,,,,,,
377315,2009,2009-07-03,"Beausejour Stadium, Gros Islet",2,15.4,India,West Indies,Yuvraj Singh,MS Dhoni,SJ Benn,0,0,,,,,,,,,
377315,2009,2009-07-03,"Beausejour Stadium, Gros Islet",2,15.5,India,West Indies,Yuvraj Singh,MS Dhoni,SJ Benn,1,0,,,,,,,,,
377315,2009,2009-07-03,"Beausejour Stadium, Gros Islet",2,15.6,India,West Indies,MS Dhoni,Yuvraj Singh,SJ Benn,1,0,,,,,,,,,
377315,2009,2009-07-03,"Beausejour Stadium, Gros Islet",2,16.1,India,West Indies,MS Dhoni,Yuvraj Singh,DE Bernard,2,0,,,,,,,,,
377315,2009,2009-07-03,"Beausejour Stadium, Gros Islet",2,16.2,India,West Indies,MS Dhoni,Yuvraj Singh,DE Bernard,0,1,1,,,,,,,,
377315,2009,2009-07-03,"Beausejour Stadium, Gros Islet",2,16.3,India,West Indies,MS Dhoni,Yuvraj Singh,DE Bernard,0,0,,,,,,,,,
377315,2009,2009-07-03,"Beausejour Stadium, Gros Islet",2,16.4,India,West Indies,MS Dhoni,Yuvraj Singh,DE Bernard,1,0,,,,,,,,,
377315,2009,2009-07-03,"Beausejour Stadium, Gros Islet",2,16.5,India,West Indies,Yuvraj Singh,MS Dhoni,DE Bernard,0,1,1,,,,,,,,
377315,2009,2009-07-03,"Beausejour Stadium, Gros Islet",2,16.6,India,West Indies,Yuvraj Singh,MS Dhoni,DE Bernard,1,0,,,,,,,,,
377315,2009,2009-07-03,"Beausejour Stadium, Gros Islet",2,16.7,India,West Indies,MS Dhoni,Yuvraj Singh,DE Bernard,1,0,,,,,,,,,
377315,2009,2009-07-03,"Beausejour Stadium, Gros Islet",2,16.8,India,West Indies,Yuvraj Singh,MS Dhoni,DE Bernard,0,0,,,,,,caught,Yuvraj Singh,,
377315,2009,2009-07-03,"Beausejour Stadium, Gros Islet",2,17.1,India,West Indies,MS Dhoni,RG Sharma,SJ Benn,1,0,,,,,,,,,
377315,2009,2009-07-03,"Beausejour Stadium, Gros Islet",2,17.2,India,West Indies,RG Sharma,MS Dhoni,SJ Benn,1,0,,,,,,,,,
377315,2009,2009-07-03,"Beausejour Stadium, Gros Islet",2,17.3,India,West Indies,MS Dhoni,RG Sharma,SJ Benn,4,0,,,,,,,,,
377315,2009,2009-07-03,"Beausejour Stadium, Gros Islet",2,17.4,India,West Indies,MS Dhoni,RG Sharma,SJ Benn,0,0,,,,,,,,,
377315,2009,2009-07-03,"Beausejour Stadium, Gros Islet",2,17.5,India,West Indies,MS Dhoni,RG Sharma,SJ Benn,1,0,,,,,,,,,
377315,2009,2009-07-03,"Beausejour Stadium, Gros Islet",2,17.6,India,West Indies,RG Sharma,MS Dhoni,SJ Benn,1,0,,,,,,,,,
377315,2009,2009-07-03,"Beausejour Stadium, Gros Islet",2,18.1,India,West Indies,RG Sharma,MS Dhoni,DE Bernard,1,0,,,,,,,,,
377315,2009,2009-07-03,"Beausejour Stadium, Gros Islet",2,18.2,India,West Indies,MS Dhoni,RG Sharma,DE Bernard,2,0,,,,,,,,,
377315,2009,2009-07-03,"Beausejour Stadium, Gros Islet",2,18.3,India,West Indies,MS Dhoni,RG Sharma,DE Bernard,1,0,,,,,,,,,
377315,2009,2009-07-03,"Beausejour Stadium, Gros Islet",2,18.4,India,West Indies,RG Sharma,MS Dhoni,DE Bernard,1,0,,,,,,,,,
377315,2009,2009-07-03,"Beausejour Stadium, Gros Islet",2,18.5,India,West Indies,MS Dhoni,RG Sharma,DE Bernard,2,0,,,,,,,,,
377315,2009,2009-07-03,"Beausejour Stadium, Gros Islet",2,18.6,India,West Indies,MS Dhoni,RG Sharma,DE Bernard,1,0,,,,,,,,,
377315,2009,2009-07-03,"Beausejour Stadium, Gros Islet",2,19.1,India,West Indies,MS Dhoni,RG Sharma,R Rampaul,1,1,,1,,,,,,,
377315,2009,2009-07-03,"Beausejour Stadium, Gros Islet",2,19.2,India,West Indies,RG Sharma,MS Dhoni,R Rampaul,1,0,,,,,,,,,
377315,2009,2009-07-03,"Beausejour Stadium, Gros Islet",2,19.3,India,West Indies,MS Dhoni,RG Sharma,R Rampaul,1,0,,,,,,,,,
377315,2009,2009-07-03,"Beausejour Stadium, Gros Islet",2,19.4,India,West Indies,RG Sharma,MS Dhoni,R Rampaul,3,0,,,,,,,,,
377315,2009,2009-07-03,"Beausejour Stadium, Gros Islet",2,19.5,India,West Indies,MS Dhoni,RG Sharma,R Rampaul,1,0,,,,,,,,,
377315,2009,2009-07-03,"Beausejour Stadium, Gros Islet",2,19.6,India,West Indies,RG Sharma,MS Dhoni,R Rampaul,1,0,,,,,,,,,
377315,2009,2009-07-03,"Beausejour Stadium, Gros Islet",2,19.7,India,West Indies,MS Dhoni,RG Sharma,R Rampaul,1,0,,,,,,,,,
377315,2009,2009-07-03,"Beausejour Stadium, Gros Islet",2,20.1,India,West Indies,MS Dhoni,RG Sharma,DJ Bravo,0,0,,,,,,,,,
377315,2009,2009-07-03,"Beausejour Stadium, Gros Islet",2,20.2,India,West Indies,MS Dhoni,RG Sharma,DJ Bravo,2,0,,,,,,,,,
377315,2009,2009-07-03,"Beausejour Stadium, Gros Islet",2,20.3,India,West Indies,MS Dhoni,RG Sharma,DJ Bravo,1,0,,,,,,,,,
377315,2009,2009-07-03,"Beausejour Stadium, Gros Islet",2,20.4,India,West Indies,RG Sharma,MS Dhoni,DJ Bravo,2,0,,,,,,,,,
377315,2009,2009-07-03,"Beausejour Stadium, Gros Islet",2,20.5,India,West Indies,RG Sharma,MS Dhoni,DJ Bravo,0,0,,,,,,caught,RG Sharma,,
377315,2009,2009-07-03,"Beausejour Stadium, Gros Islet",2,20.6,India,West Indies,MS Dhoni,YK Pathan,DJ Bravo,0,0,,,,,,,,,
377315,2009,2009-07-03,"Beausejour Stadium, Gros Islet",2,21.1,India,West Indies,YK Pathan,MS Dhoni,JE Taylor,0,1,,,,1,,,,,
377315,2009,2009-07-03,"Beausejour Stadium, Gros Islet",2,21.2,India,West Indies,MS Dhoni,YK Pathan,JE Taylor,6,0,,,,,,,,,
377315,2009,2009-07-03,"Beausejour Stadium, Gros Islet",2,21.3,India,West Indies,MS Dhoni,YK Pathan,JE Taylor,2,0,,,,,,,,,
377315,2009,2009-07-03,"Beausejour Stadium, Gros Islet",2,21.4,India,West Indies,MS Dhoni,YK Pathan,JE Taylor,1,0,,,,,,,,,
377315,2009,2009-07-03,"Beausejour Stadium, Gros Islet",2,21.5,India,West Indies,YK Pathan,MS Dhoni,JE Taylor,1,0,,,,,,,,,
