match_id,season,start_date,venue,innings,ball,batting_team,bowling_team,striker,non_striker,bowler,runs_off_bat,extras,wides,noballs,byes,legbyes,penalty,wicket_type,player_dismissed,other_wicket_type,other_player_dismissed
377313,2009,2009-06-26,"Sabina Park, Kingston",1,0.1,India,West Indies,KD Karthik,G Gambhir,JE Taylor,0,0,,,,,,,,,
377313,2009,2009-06-26,"Sabina Park, Kingston",1,0.2,India,West Indies,KD Karthik,G Gambhir,JE Taylor,1,0,,,,,,,,,
377313,2009,2009-06-26,"Sabina Park, Kingston",1,0.3,India,West Indies,G Gambhir,KD Karthik,JE Taylor,0,0,,,,,,,,,
377313,2009,2009-06-26,"Sabina Park, Kingston",1,0.4,India,West Indies,G Gambhir,KD Karthik,JE Taylor,0,1,,,,1,,,,,
377313,2009,2009-06-26,"Sabina Park, Kingston",1,0.5,India,West Indies,KD Karthik,G Gambhir,JE Taylor,1,0,,,,,,,,,
377313,2009,2009-06-26,"Sabina Park, Kingston",1,0.6,India,West Indies,G Gambhir,KD Karthik,JE Taylor,1,0,,,,,,,,,
377313,2009,2009-06-26,"Sabina Park, Kingston",1,1.1,India,West Indies,G Gambhir,KD Karthik,LS Baker,1,0,,,,,,,,,
377313,2009,2009-06-26,"Sabina Park, Kingston",1,1.2,India,West Indies,KD Karthik,G Gambhir,LS Baker,0,0,,,,,,,,,
377313,2009,2009-06-26,"Sabina Park, Kingston",1,1.3,India,West Indies,KD Karthik,G Gambhir,LS Baker,4,0,,,,,,,,,
377313,2009,2009-06-26,"Sabina Park, Kingston",1,1.4,India,West Indies,KD Karthik,G Gambhir,LS Baker,1,0,,,,,,,,,
377313,2009,2009-06-26,"Sabina Park, Kingston",1,1.5,India,West Indies,G Gambhir,KD Karthik,LS Baker,6,0,,,,,,,,,
377313,2009,2009-06-26,"Sabina Park, Kingston",1,1.6,India,West Indies,G Gambhir,KD Karthik,LS Baker,1,0,,,,,,,,,
377313,2009,2009-06-26,"Sabina Park, Kingston",1,2.1,India,West Indies,G Gambhir,KD Karthik,JE Taylor,0,0,,,,,,,,,
377313,2009,2009-06-26,"Sabina Park, Kingston",1,2.2,India,West Indies,G Gambhir,KD Karthik,JE Taylor,1,0,,,,,,,,,
377313,2009,2009-06-26,"Sabina Park, Kingston",1,2.3,India,West Indies,KD Karthik,G Gambhir,JE Taylor,1,0,,,,,,,,,
377313,2009,2009-06-26,"Sabina Park, Kingston",1,2.4,India,West Indies,G Gambhir,KD Karthik,JE Taylor,0,1,1,,,,,,,,
377313,2009,2009-06-26,"Sabina Park, Kingston",1,2.5,India,West Indies,G Gambhir,KD Karthik,JE Taylor,0,0,,,,,,,,,
377313,2009,2009-06-26,"Sabina Park, Kingston",1,2.6,India,West Indies,G Gambhir,KD Karthik,JE Taylor,0,0,,,,,,,,,
377313,2009,2009-06-26,"Sabina Park, Kingston",1,2.7,India,West Indies,G Gambhir,KD Karthik,JE Taylor,1,0,,,,,,,,,
377313,2009,2009-06-26,"Sabina Park, Kingston",1,3.1,India,West Indies,G Gambhir,KD Karthik,LS Baker,1,0,,,,,,,,,
377313,2009,2009-06-26,"Sabina Park, Kingston",1,3.2,India,West Indies,KD Karthik,G Gambhir,LS Baker,0,0,,,,,,,,,
377313,2009,2009-06-26,"Sabina Park, Kingston",1,3.3,India,West Indies,KD Karthik,G Gambhir,LS Baker,0,0,,,,,,,,,
377313,2009,2009-06-26,"Sabina Park, Kingston",1,3.4,India,West Indies,KD Karthik,G Gambhir,LS Baker,0,0,,,,,,,,,
377313,2009,2009-06-26,"Sabina Park, Kingston",1,3.5,India,West Indies,KD Karthik,G Gambhir,LS Baker,0,1,1,,,,,,,,
377313,2009,2009-06-26,"Sabina Park, Kingston",1,3.6,India,West Indies,KD Karthik,G Gambhir,LS Baker,0,0,,,,,,,,,
377313,2009,2009-06-26,"Sabina Park, Kingston",1,3.7,India,West Indies,KD Karthik,G Gambhir,LS Baker,0,0,,,,,,,,,
377313,2009,2009-06-26,"Sabina Park, Kingston",1,4.1,India,West Indies,G Gambhir,KD Karthik,JE Taylor,1,0,,,,,,,,,
377313,2009,2009-06-26,"Sabina Park, Kingston",1,4.2,India,West Indies,KD Karthik,G Gambhir,JE Taylor,1,0,,,,,,,,,
377313,2009,2009-06-26,"Sabina Park, Kingston",1,4.3,India,West Indies,G Gambhir,KD Karthik,JE Taylor,0,0,,,,,,caught,G Gambhir,,
377313,2009,2009-06-26,"Sabina Park, Kingston",1,4.4,India,West Indies,RG Sharma,KD Karthik,JE Taylor,2,0,,,,,,,,,
377313,2009,2009-06-26,"Sabina Park, Kingston",1,4.5,India,West Indies,RG Sharma,KD Karthik,JE Taylor,0,0,,,,,,,,,
377313,2009,2009-06-26,"Sabina Park, Kingston",1,4.6,India,West Indies,RG Sharma,KD Karthik,JE Taylor,1,0,,,,,,,,,
377313,2009,2009-06-26,"Sabina Park, Kingston",1,5.1,India,West Indies,RG Sharma,KD Karthik,LS Baker,0,0,,,,,,,,,
377313,2009,2009-06-26,"Sabina Park, Kingston",1,5.2,India,West Indies,RG Sharma,KD Karthik,LS Baker,1,0,,,,,,,,,
377313,2009,2009-06-26,"Sabina Park, Kingston",1,5.3,India,West Indies,KD Karthik,RG Sharma,LS Baker,0,0,,,,,,,,,
377313,2009,2009-06-26,"Sabina Park, Kingston",1,5.4,India,West Indies,KD Karthik,RG Sharma,LS Baker,0,0,,,,,,,,,
377313,2009,2009-06-26,"Sabina Park, Kingston",1,5.5,India,West Indies,KD Karthik,RG Sharma,LS Baker,0,0,,,,,,,,,
377313,2009,2009-06-26,"Sabina Park, Kingston",1,5.6,India,West Indies,KD Karthik,RG Sharma,LS Baker,2,0,,,,,,,,,
377313,2009,2009-06-26,"Sabina Park, Kingston",1,6.1,India,West Indies,RG Sharma,KD Karthik,JE Taylor,0,0,,,,,,,,,
377313,2009,2009-06-26,"Sabina Park, Kingston",1,6.2,India,West Indies,RG Sharma,KD Karthik,JE Taylor,0,0,,,,,,,,,
377313,2009,2009-06-26,"Sabina Park, Kingston",1,6.3,India,West Indies,RG Sharma,KD Karthik,JE Taylor,0,0,,,,,,,,,
377313,2009,2009-06-26,"Sabina Park, Kingston",1,6.4,India,West Indies,RG Sharma,KD Karthik,JE Taylor,0,0,,,,,,,,,
377313,2009,2009-06-26,"Sabina Park, Kingston",1,6.5,India,West Indies,RG Sharma,KD Karthik,JE Taylor,0,0,,,,,,,,,
377313,2009,2009-06-26,"Sabina Park, Kingston",1,6.6,India,West Indies,RG Sharma,KD Karthik,JE Taylor,0,0,,,,,,,,,
377313,2009,2009-06-26,"Sabina Park, Kingston",1,7.1,India,West Indies,KD Karthik,RG Sharma,LS Baker,1,0,,,,,,,,,
377313,2009,2009-06-26,"Sabina Park, Kingston",1,7.2,India,West Indies,RG Sharma,KD Karthik,LS Baker,0,0,,,,,,caught,RG Sharma,,
377313,2009,2009-06-26,"Sabina Park, Kingston",1,7.3,India,West Indies,KD Karthik,Yuvraj Singh,LS Baker,0,0,,,,,,,,,
377313,2009,2009-06-26,"Sabina Park, Kingston",1,7.4,India,West Indies,KD Karthik,Yuvraj Singh,LS Baker,0,0,,,,,,,,,
377313,2009,2009-06-26,"Sabina Park, Kingston",1,7.5,India,West Indies,KD Karthik,Yuvraj Singh,LS Baker,0,0,,,,,,,,,
377313,2009,2009-06-26,"Sabina Park, Kingston",1,7.6,India,West Indies,KD Karthik,Yuvraj Singh,LS Baker,0,1,,1,,,,,,,
377313,2009,2009-06-26,"Sabina Park, Kingston",1,7.7,India,West Indies,KD Karthik,Yuvraj Singh,LS Baker,4,0,,,,,,,,,
377313,2009,2009-06-26,"Sabina Park, Kingston",1,8.1,India,West Indies,Yuvraj Singh,KD Karthik,JE Taylor,0,1,1,,,,,,,,
377313,2009,2009-06-26,"Sabina Park, Kingston",1,8.2,India,West Indies,Yuvraj Singh,KD Karthik,JE Taylor,1,0,,,,,,,,,
377313,2009,2009-06-26,"Sabina Park, Kingston",1,8.3,India,West Indies,KD Karthik,Yuvraj Singh,JE Taylor,1,0,,,,,,,,,
377313,2009,2009-06-26,"Sabina Park, Kingston",1,8.4,India,West Indies,Yuvraj Singh,KD Karthik,JE Taylor,0,0,,,,,,,,,
377313,2009,2009-06-26,"Sabina Park, Kingston",1,8.5,India,West Indies,Yuvraj Singh,KD Karthik,JE Taylor,0,0,,,,,,,,,
377313,2009,2009-06-26,"Sabina Park, Kingston",1,8.6,India,West Indies,Yuvraj Singh,KD Karthik,JE Taylor,1,0,,,,,,,,,
377313,2009,2009-06-26,"Sabina Park, Kingston",1,8.7,India,West Indies,KD Karthik,Yuvraj Singh,JE Taylor,0,0,,,,,,,,,
377313,2009,2009-06-26,"Sabina Park, Kingston",1,9.1,India,West Indies,Yuvraj Singh,KD Karthik,LS Baker,0,0,,,,,,,,,
377313,2009,2009-06-26,"Sabina Park, Kingston",1,9.2,India,West Indies,Yuvraj Singh,KD Karthik,LS Baker,0,1,,,1,,,,,,
377313,2009,2009-06-26,"Sabina Park, Kingston",1,9.3,India,West Indies,KD Karthik,Yuvraj Singh,LS Baker,0,0,,,,,,,,,
377313,2009,2009-06-26,"Sabina Park, Kingston",1,9.4,India,West Indies,KD Karthik,Yuvraj Singh,LS Baker,0,0,,,,,,,,,
377313,2009,2009-06-26,"Sabina Park, Kingston",1,9.5,India,West Indies,KD Karthik,Yuvraj Singh,LS Baker,1,0,,,,,,,,,
377313,2009,2009-06-26,"Sabina Park, Kingston",1,9.6,India,West Indies,Yuvraj Singh,KD Karthik,LS Baker,0,0,,,,,,,,,
377313,2009,2009-06-26,"Sabina Park, Kingston",1,10.1,India,West Indies,KD Karthik,Yuvraj Singh,DJ Bravo,4,0,,,,,,,,,
377313,2009,2009-06-26,"Sabina Park, Kingston",1,10.2,India,West Indies,KD Karthik,Yuvraj Singh,DJ Bravo,1,0,,,,,,,,,
377313,2009,2009-06-26,"Sabina Park, Kingston",1,10.3,India,West Indies,Yuvraj Singh,KD Karthik,DJ Bravo,1,0,,,,,,,,,
377313,2009,2009-06-26,"Sabina Park, Kingston",1,10.4,India,West Indies,KD Karthik,Yuvraj Singh,DJ Bravo,1,0,,,,,,,,,
377313,2009,2009-06-26,"Sabina Park, Kingston",1,10.5,India,West Indies,Yuvraj Singh,KD Karthik,DJ Bravo,0,1,1,,,,,,,,
377313,2009,2009-06-26,"Sabina Park, Kingston",1,10.6,India,West Indies,Yuvraj Singh,KD Karthik,DJ Bravo,0,0,,,,,,,,,
377313,2009,2009-06-26,"Sabina Park, Kingston",1,10.7,India,West Indies,Yuvraj Singh,KD Karthik,DJ Bravo,0,0,,,,,,,,,
377313,2009,2009-06-26,"Sabina Park, Kingston",1,11.1,India,West Indies,KD Karthik,Yuvraj Singh,LS Baker,0,0,,,,,,,,,
377313,2009,2009-06-26,"Sabina Park, Kingston",1,11.2,India,West Indies,KD Karthik,Yuvraj Singh,LS Baker,0,0,,,,,,,,,
377313,2009,2009-06-26,"Sabina Park, Kingston",1,11.3,India,West Indies,KD Karthik,Yuvraj Singh,LS Baker,1,0,,,,,,,,,
377313,2009,2009-06-26,"Sabina Park, Kingston",1,11.4,India,West Indies,Yuvraj Singh,KD Karthik,LS Baker,0,0,,,,,,,,,
377313,2009,2009-06-26,"Sabina Park, Kingston",1,11.5,India,West Indies,Yuvraj Singh,KD Karthik,LS Baker,4,0,,,,,,,,,
377313,2009,2009-06-26,"Sabina Park, Kingston",1,11.6,India,West Indies,Yuvraj Singh,KD Karthik,LS Baker,0,0,,,,,,,,,
377313,2009,2009-06-26,"Sabina Park, Kingston",1,12.1,India,West Indies,KD Karthik,Yuvraj Singh,DJ Bravo,0,1,,,,1,,,,,
377313,2009,2009-06-26,"Sabina Park, Kingston",1,12.2,India,West Indies,Yuvraj Singh,KD Karthik,DJ Bravo,0,0,,,,,,,,,
377313,2009,2009-06-26,"Sabina Park, Kingston",1,12.3,India,West Indies,Yuvraj Singh,KD Karthik,DJ Bravo,0,0,,,,,,,,,
377313,2009,2009-06-26,"Sabina Park, Kingston",1,12.4,India,West Indies,Yuvraj Singh,KD Karthik,DJ Bravo,0,0,,,,,,,,,
377313,2009,2009-06-26,"Sabina Park, Kingston",1,12.5,India,West Indies,Yuvraj Singh,KD Karthik,DJ Bravo,0,0,,,,,,,,,
377313,2009,2009-06-26,"Sabina Park, Kingston",1,12.6,India,West Indies,Yuvraj Singh,KD Karthik,DJ Bravo,1,0,,,,,,,,,
377313,2009,2009-06-26,"Sabina Park, Kingston",1,13.1,India,West Indies,Yuvraj Singh,KD Karthik,DE Bernard,1,0,,,,,,,,,
377313,2009,2009-06-26,"Sabina Park, Kingston",1,13.2,India,West Indies,KD Karthik,Yuvraj Singh,DE Bernard,4,0,,,,,,,,,
377313,2009,2009-06-26,"Sabina Park, Kingston",1,13.3,India,West Indies,KD Karthik,Yuvraj Singh,DE Bernard,0,0,,,,,,,,,
377313,2009,2009-06-26,"Sabina Park, Kingston",1,13.4,India,West Indies,KD Karthik,Yuvraj Singh,DE Bernard,0,0,,,,,,,,,
377313,2009,2009-06-26,"Sabina Park, Kingston",1,13.5,India,West Indies,KD Karthik,Yuvraj Singh,DE Bernard,2,0,,,,,,,,,
377313,2009,2009-06-26,"Sabina Park, Kingston",1,13.6,India,West Indies,KD Karthik,Yuvraj Singh,DE Bernard,0,0,,,,,,,,,
377313,2009,2009-06-26,"Sabina Park, Kingston",1,14.1,India,West Indies,Yuvraj Singh,KD Karthik,DJ Bravo,1,0,,,,,,,,,
377313,2009,2009-06-26,"Sabina Park, Kingston",1,14.2,India,West Indies,KD Karthik,Yuvraj Singh,DJ Bravo,0,1,1,,,,,,,,
377313,2009,2009-06-26,"Sabina Park, Kingston",1,14.3,India,West Indies,KD Karthik,Yuvraj Singh,DJ Bravo,2,0,,,,,,,,,
377313,2009,2009-06-26,"Sabina Park, Kingston",1,14.4,India,West Indies,KD Karthik,Yuvraj Singh,DJ Bravo,0,0,,,,,,,,,
377313,2009,2009-06-26,"Sabina Park, Kingston",1,14.5,India,West Indies,KD Karthik,Yuvraj Singh,DJ Bravo,1,0,,,,,,,,,
377313,2009,2009-06-26,"Sabina Park, Kingston",1,14.6,India,West Indies,Yuvraj Singh,KD Karthik,DJ Bravo,1,0,,,,,,,,,
377313,2009,2009-06-26,"Sabina Park, Kingston",1,14.7,India,West Indies,KD Karthik,Yuvraj Singh,DJ Bravo,4,0,,,,,,,,,
377313,2009,2009-06-26,"Sabina Park, Kingston",1,15.1,India,West Indies,Yuvraj Singh,KD Karthik,DE Bernard,0,0,,,,,,,,,
377313,2009,2009-06-26,"Sabina Park, Kingston",1,15.2,India,West Indies,Yuvraj Singh,KD Karthik,DE Bernard,1,0,,,,,,,,,
377313,2009,2009-06-26,"Sabina Park, Kingston",1,15.3,India,West Indies,KD Karthik,Yuvraj Singh,DE Bernard,1,0,,,,,,,,,
377313,2009,2009-06-26,"Sabina Park, Kingston",1,15.4,India,West Indies,Yuvraj Singh,KD Karthik,DE Bernard,0,0,,,,,,,,,
377313,2009,2009-06-26,"Sabina Park, Kingston",1,15.5,India,West Indies,Yuvraj Singh,KD Karthik,DE Bernard,0,0,,,,,,,,,
377313,2009,2009-06-26,"Sabina Park, Kingston",1,15.6,India,West Indies,Yuvraj Singh,KD Karthik,DE Bernard,0,0,,,,,,,,,
377313,2009,2009-06-26,"Sabina Park, Kingston",1,16.1,India,West Indies,KD Karthik,Yuvraj Singh,DJ Bravo,1,0,,,,,,,,,
377313,2009,2009-06-26,"Sabina Park, Kingston",1,16.2,India,West Indies,Yuvraj Singh,KD Karthik,DJ Bravo,0,0,,,,,,,,,
377313,2009,2009-06-26,"Sabina Park, Kingston",1,16.3,India,West Indies,Yuvraj Singh,KD Karthik,DJ Bravo,2,0,,,,,,,,,
377313,2009,2009-06-26,"Sabina Park, Kingston",1,16.4,India,West Indies,Yuvraj Singh,KD Karthik,DJ Bravo,0,0,,,,,,,,,
377313,2009,2009-06-26,"Sabina Park, Kingston",1,16.5,India,West Indies,Yuvraj Singh,KD Karthik,DJ Bravo,0,0,,,,,,,,,
377313,2009,2009-06-26,"Sabina Park, Kingston",1,16.6,India,West Indies,Yuvraj Singh,KD Karthik,DJ Bravo,0,1,1,,,,,,,,
377313,2009,2009-06-26,"Sabina Park, Kingston",1,16.7,India,West Indies,Yuvraj Singh,KD Karthik,DJ Bravo,0,0,,,,,,,,,
377313,2009,2009-06-26,"Sabina Park, Kingston",1,17.1,India,West Indies,KD Karthik,Yuvraj Singh,DE Bernard,1,0,,,,,,,,,
377313,2009,2009-06-26,"Sabina Park, Kingston",1,17.2,India,West Indies,Yuvraj Singh,KD Karthik,DE Bernard,1,0,,,,,,,,,
377313,2009,2009-06-26,"Sabina Park, Kingston",1,17.3,India,West Indies,KD Karthik,Yuvraj Singh,DE Bernard,1,0,,,,,,,,,
377313,2009,2009-06-26,"Sabina Park, Kingston",1,17.4,India,West Indies,Yuvraj Singh,KD Karthik,DE Bernard,0,1,1,,,,,,,,
377313,2009,2009-06-26,"Sabina Park, Kingston",1,17.5,India,West Indies,Yuvraj Singh,KD Karthik,DE Bernard,1,0,,,,,,,,,
377313,2009,2009-06-26,"Sabina Park, Kingston",1,17.6,India,West Indies,KD Karthik,Yuvraj Singh,DE Bernard,1,0,,,,,,,,,
377313,2009,2009-06-26,"Sabina Park, Kingston",1,17.7,India,West Indies,Yuvraj Singh,KD Karthik,DE Bernard,2,0,,,,,,,,,
377313,2009,2009-06-26,"Sabina Park, Kingston",1,18.1,India,West Indies,KD Karthik,Yuvraj Singh,DJ Bravo,1,0,,,,,,,,,
377313,2009,2009-06-26,"Sabina Park, Kingston",1,18.2,India,West Indies,Yuvraj Singh,KD Karthik,DJ Bravo,0,0,,,,,,,,,
377313,2009,2009-06-26,"Sabina Park, Kingston",1,18.3,India,West Indies,Yuvraj Singh,KD Karthik,DJ Bravo,1,0,,,,,,,,,
377313,2009,2009-06-26,"Sabina Park, Kingston",1,18.4,India,West Indies,KD Karthik,Yuvraj Singh,DJ Bravo,1,0,,,,,,,,,
377313,2009,2009-06-26,"Sabina Park, Kingston",1,18.5,India,West Indies,Yuvraj Singh,KD Karthik,DJ Bravo,1,0,,,,,,,,,
377313,2009,2009-06-26,"Sabina Park, Kingston",1,18.6,India,West Indies,KD Karthik,Yuvraj Singh,DJ Bravo,1,0,,,,,,,,,
377313,2009,2009-06-26,"Sabina Park, Kingston",1,19.1,India,West Indies,KD Karthik,Yuvraj Singh,DE Bernard,0,0,,,,,,,,,
377313,2009,2009-06-26,"Sabina Park, Kingston",1,19.2,India,West Indies,KD Karthik,Yuvraj Singh,DE Bernard,6,0,,,,,,,,,
377313,2009,2009-06-26,"Sabina Park, Kingston",1,19.3,India,West Indies,KD Karthik,Yuvraj Singh,DE Bernard,0,0,,,,,,,,,
377313,2009,2009-06-26,"Sabina Park, Kingston",1,19.4,India,West Indies,KD Karthik,Yuvraj Singh,DE Bernard,0,0,,,,,,,,,
377313,2009,2009-06-26,"Sabina Park, Kingston",1,19.5,India,West Indies,KD Karthik,Yuvraj Singh,DE Bernard,1,0,,,,,,,,,
377313,2009,2009-06-26,"Sabina Park, Kingston",1,19.6,India,West Indies,Yuvraj Singh,KD Karthik,DE Bernard,0,0,,,,,,,,,
377313,2009,2009-06-26,"Sabina Park, Kingston",1,20.1,India,West Indies,KD Karthik,Yuvraj Singh,SJ Benn,1,0,,,,,,,,,
377313,2009,2009-06-26,"Sabina Park, Kingston",1,20.2,India,West Indies,Yuvraj Singh,KD Karthik,SJ Benn,4,0,,,,,,,,,
377313,2009,2009-06-26,"Sabina Park, Kingston",1,20.3,India,West Indies,Yuvraj Singh,KD Karthik,SJ Benn,0,0,,,,,,,,,
377313,2009,2009-06-26,"Sabina Park, Kingston",1,20.4,India,West Indies,Yuvraj Singh,KD Karthik,SJ Benn,1,0,,,,,,,,,
377313,2009,2009-06-26,"Sabina Park, Kingston",1,20.5,India,West Indies,KD Karthik,Yuvraj Singh,SJ Benn,1,0,,,,,,,,,
377313,2009,2009-06-26,"Sabina Park, Kingston",1,20.6,India,West Indies,Yuvraj Singh,KD Karthik,SJ Benn,1,0,,,,,,,,,
377313,2009,2009-06-26,"Sabina Park, Kingston",1,21.1,India,West Indies,Yuvraj Singh,KD Karthik,CH Gayle,0,0,,,,,,,,,
377313,2009,2009-06-26,"Sabina Park, Kingston",1,21.2,India,West Indies,Yuvraj Singh,KD Karthik,CH Gayle,0,0,,,,,,,,,
377313,2009,2009-06-26,"Sabina Park, Kingston",1,21.3,India,West Indies,Yuvraj Singh,KD Karthik,CH Gayle,6,0,,,,,,,,,
377313,2009,2009-06-26,"Sabina Park, Kingston",1,21.4,India,West Indies,Yuvraj Singh,KD Karthik,CH Gayle,1,0,,,,,,,,,
377313,2009,2009-06-26,"Sabina Park, Kingston",1,21.5,India,West Indies,KD Karthik,Yuvraj Singh,CH Gayle,0,0,,,,,,,,,
377313,2009,2009-06-26,"Sabina Park, Kingston",1,21.6,India,West Indies,KD Karthik,Yuvraj Singh,CH Gayle,0,0,,,,,,,,,
377313,2009,2009-06-26,"Sabina Park, Kingston",1,22.1,India,West Indies,Yuvraj Singh,KD Karthik,SJ Benn,0,0,,,,,,,,,
377313,2009,2009-06-26,"Sabina Park, Kingston",1,22.2,India,West Indies,Yuvraj Singh,KD Karthik,SJ Benn,6,0,,,,,,,,,
377313,2009,2009-06-26,"Sabina Park, Kingston",1,22.3,India,West Indies,Yuvraj Singh,KD Karthik,SJ Benn,1,0,,,,,,,,,
377313,2009,2009-06-26,"Sabina Park, Kingston",1,22.4,India,West Indies,KD Karthik,Yuvraj Singh,SJ Benn,0,0,,,,,,,,,
377313,2009,2009-06-26,"Sabina Park, Kingston",1,22.5,India,West Indies,KD Karthik,Yuvraj Singh,SJ Benn,1,0,,,,,,,,,
377313,2009,2009-06-26,"Sabina Park, Kingston",1,22.6,India,West Indies,Yuvraj Singh,KD Karthik,SJ Benn,1,0,,,,,,,,,
377313,2009,2009-06-26,"Sabina Park, Kingston",1,23.1,India,West Indies,Yuvraj Singh,KD Karthik,CH Gayle,0,0,,,,,,,,,
377313,2009,2009-06-26,"Sabina Park, Kingston",1,23.2,India,West Indies,Yuvraj Singh,KD Karthik,CH Gayle,2,0,,,,,,,,,
377313,2009,2009-06-26,"Sabina Park, Kingston",1,23.3,India,West Indies,Yuvraj Singh,KD Karthik,CH Gayle,6,0,,,,,,,,,
377313,2009,2009-06-26,"Sabina Park, Kingston",1,23.4,India,West Indies,Yuvraj Singh,KD Karthik,CH Gayle,0,0,,,,,,,,,
377313,2009,2009-06-26,"Sabina Park, Kingston",1,23.5,India,West Indies,Yuvraj Singh,KD Karthik,CH Gayle,2,0,,,,,,,,,
377313,2009,2009-06-26,"Sabina Park, Kingston",1,23.6,India,West Indies,Yuvraj Singh,KD Karthik,CH Gayle,1,0,,,,,,,,,
377313,2009,2009-06-26,"Sabina Park, Kingston",1,24.1,India,West Indies,Yuvraj Singh,KD Karthik,SJ Benn,1,0,,,,,,,,,
377313,2009,2009-06-26,"Sabina Park, Kingston",1,24.2,India,West Indies,KD Karthik,Yuvraj Singh,SJ Benn,1,0,,,,,,,,,
377313,2009,2009-06-26,"Sabina Park, Kingston",1,24.3,India,West Indies,Yuvraj Singh,KD Karthik,SJ Benn,0,0,,,,,,,,,
377313,2009,2009-06-26,"Sabina Park, Kingston",1,24.4,India,West Indies,Yuvraj Singh,KD Karthik,SJ Benn,4,0,,,,,,,,,
377313,2009,2009-06-26,"Sabina Park, Kingston",1,24.5,India,West Indies,Yuvraj Singh,KD Karthik,SJ Benn,1,0,,,,,,,,,
377313,2009,2009-06-26,"Sabina Park, Kingston",1,24.6,India,West Indies,KD Karthik,Yuvraj Singh,SJ Benn,0,0,,,,,,,,,
377313,2009,2009-06-26,"Sabina Park, Kingston",1,25.1,India,West Indies,Yuvraj Singh,KD Karthik,CH Gayle,1,0,,,,,,,,,
377313,2009,2009-06-26,"Sabina Park, Kingston",1,25.2,India,West Indies,KD Karthik,Yuvraj Singh,CH Gayle,1,0,,,,,,,,,
377313,2009,2009-06-26,"Sabina Park, Kingston",1,25.3,India,West Indies,Yuvraj Singh,KD Karthik,CH Gayle,1,0,,,,,,,,,
377313,2009,2009-06-26,"Sabina Park, Kingston",1,25.4,India,West Indies,KD Karthik,Yuvraj Singh,CH Gayle,2,0,,,,,,,,,
377313,2009,2009-06-26,"Sabina Park, Kingston",1,25.5,India,West Indies,KD Karthik,Yuvraj Singh,CH Gayle,1,0,,,,,,,,,
377313,2009,2009-06-26,"Sabina Park, Kingston",1,25.6,India,West Indies,Yuvraj Singh,KD Karthik,CH Gayle,4,0,,,,,,,,,
377313,2009,2009-06-26,"Sabina Park, Kingston",1,26.1,India,West Indies,KD Karthik,Yuvraj Singh,DE Bernard,0,1,,,,1,,,,,
377313,2009,2009-06-26,"Sabina Park, Kingston",1,26.2,India,West Indies,Yuvraj Singh,KD Karthik,DE Bernard,1,0,,,,,,,,,
377313,2009,2009-06-26,"Sabina Park, Kingston",1,26.3,India,West Indies,KD Karthik,Yuvraj Singh,DE Bernard,4,0,,,,,,,,,
377313,2009,2009-06-26,"Sabina Park, Kingston",1,26.4,India,West Indies,KD Karthik,Yuvraj Singh,DE Bernard,0,0,,,,,,,,,
377313,2009,2009-06-26,"Sabina Park, Kingston",1,26.5,India,West Indies,KD Karthik,Yuvraj Singh,DE Bernard,1,0,,,,,,,,,
377313,2009,2009-06-26,"Sabina Park, Kingston",1,26.6,India,West Indies,Yuvraj Singh,KD Karthik,DE Bernard,4,0,,,,,,,,,
377313,2009,2009-06-26,"Sabina Park, Kingston",1,27.1,India,West Indies,KD Karthik,Yuvraj Singh,SJ Benn,1,0,,,,,,,,,
377313,2009,2009-06-26,"Sabina Park, Kingston",1,27.2,India,West Indies,Yuvraj Singh,KD Karthik,SJ Benn,0,0,,,,,,,,,
377313,2009,2009-06-26,"Sabina Park, Kingston",1,27.3,India,West Indies,Yuvraj Singh,KD Karthik,SJ Benn,1,0,,,,,,,,,
377313,2009,2009-06-26,"Sabina Park, Kingston",1,27.4,India,West Indies,KD Karthik,Yuvraj Singh,SJ Benn,0,0,,,,,,,,,
377313,2009,2009-06-26,"Sabina Park, Kingston",1,27.5,India,West Indies,KD Karthik,Yuvraj Singh,SJ Benn,0,0,,,,,,,,,
377313,2009,2009-06-26,"Sabina Park, Kingston",1,27.6,India,West Indies,KD Karthik,Yuvraj Singh,SJ Benn,0,0,,,,,,,,,
377313,2009,2009-06-26,"Sabina Park, Kingston",1,28.1,India,West Indies,Yuvraj Singh,KD Karthik,DE Bernard,0,0,,,,,,,,,
377313,2009,2009-06-26,"Sabina Park, Kingston",1,28.2,India,West Indies,Yuvraj Singh,KD Karthik,DE Bernard,0,0,,,,,,,,,
377313,2009,2009-06-26,"Sabina Park, Kingston",1,28.3,India,West Indies,Yuvraj Singh,KD Karthik,DE Bernard,1,0,,,,,,,,,
377313,2009,2009-06-26,"Sabina Park, Kingston",1,28.4,India,West Indies,KD Karthik,Yuvraj Singh,DE Bernard,0,0,,,,,,caught,KD Karthik,,
377313,2009,2009-06-26,"Sabina Park, Kingston",1,28.5,India,West Indies,Yuvraj Singh,MS Dhoni,DE Bernard,1,0,,,,,,,,,
377313,2009,2009-06-26,"Sabina Park, Kingston",1,28.6,India,West Indies,MS Dhoni,Yuvraj Singh,DE Bernard,0,0,,,,,,,,,
377313,2009,2009-06-26,"Sabina Park, Kingston",1,29.1,India,West Indies,Yuvraj Singh,MS Dhoni,SJ Benn,2,0,,,,,,,,,
377313,2009,2009-06-26,"Sabina Park, Kingston",1,29.2,India,West Indies,Yuvraj Singh,MS Dhoni,SJ Benn,0,0,,,,,,,,,
377313,2009,2009-06-26,"Sabina Park, Kingston",1,29.3,India,West Indies,Yuvraj Singh,MS Dhoni,SJ Benn,1,0,,,,,,,,,
377313,2009,2009-06-26,"Sabina Park, Kingston",1,29.4,India,West Indies,MS Dhoni,Yuvraj Singh,SJ Benn,0,0,,,,,,,,,
377313,2009,2009-06-26,"Sabina Park, Kingston",1,29.5,India,West Indies,MS Dhoni,Yuvraj Singh,SJ Benn,2,0,,,,,,,,,
377313,2009,2009-06-26,"Sabina Park, Kingston",1,29.6,India,West Indies,MS Dhoni,Yuvraj Singh,SJ Benn,0,0,,,,,,,,,
377313,2009,2009-06-26,"Sabina Park, Kingston",1,30.1,India,West Indies,Yuvraj Singh,MS Dhoni,DE Bernard,1,0,,,,,,,,,
377313,2009,2009-06-26,"Sabina Park, Kingston",1,30.2,India,West Indies,MS Dhoni,Yuvraj Singh,DE Bernard,0,0,,,,,,,,,
377313,2009,2009-06-26,"Sabina Park, Kingston",1,30.3,India,West Indies,MS Dhoni,Yuvraj Singh,DE Bernard,0,0,,,,,,,,,
377313,2009,2009-06-26,"Sabina Park, Kingston",1,30.4,India,West Indies,MS Dhoni,Yuvraj Singh,DE Bernard,2,0,,,,,,,,,
377313,2009,2009-06-26,"Sabina Park, Kingston",1,30.5,India,West Indies,MS Dhoni,Yuvraj Singh,DE Bernard,1,0,,,,,,,,,
377313,2009,2009-06-26,"Sabina Park, Kingston",1,30.6,India,West Indies,Yuvraj Singh,MS Dhoni,DE Bernard,1,0,,,,,,,,,
377313,2009,2009-06-26,"Sabina Park, Kingston",1,31.1,India,West Indies,Yuvraj Singh,MS Dhoni,SJ Benn,1,0,,,,,,,,,
377313,2009,2009-06-26,"Sabina Park, Kingston",1,31.2,India,West Indies,MS Dhoni,Yuvraj Singh,SJ Benn,1,0,,,,,,,,,
377313,2009,2009-06-26,"Sabina Park, Kingston",1,31.3,India,West Indies,Yuvraj Singh,MS Dhoni,SJ Benn,1,0,,,,,,,,,
377313,2009,2009-06-26,"Sabina Park, Kingston",1,31.4,India,West Indies,MS Dhoni,Yuvraj Singh,SJ Benn,0,0,,,,,,,,,
377313,2009,2009-06-26,"Sabina Park, Kingston",1,31.5,India,West Indies,MS Dhoni,Yuvraj Singh,SJ Benn,0,0,,,,,,,,,
377313,2009,2009-06-26,"Sabina Park, Kingston",1,31.6,India,West Indies,MS Dhoni,Yuvraj Singh,SJ Benn,1,0,,,,,,,,,
377313,2009,2009-06-26,"Sabina Park, Kingston",1,32.1,India,West Indies,MS Dhoni,Yuvraj Singh,DE Bernard,1,0,,,,,,,,,
377313,2009,2009-06-26,"Sabina Park, Kingston",1,32.2,India,West Indies,Yuvraj Singh,MS Dhoni,DE Bernard,1,0,,,,,,,,,
377313,2009,2009-06-26,"Sabina Park, Kingston",1,32.3,India,West Indies,MS Dhoni,Yuvraj Singh,DE Bernard,1,0,,,,,,,,,
377313,2009,2009-06-26,"Sabina Park, Kingston",1,32.4,India,West Indies,Yuvraj Singh,MS Dhoni,DE Bernard,0,1,1,,,,,,,,
377313,2009,2009-06-26,"Sabina Park, Kingston",1,32.5,India,West Indies,Yuvraj Singh,MS Dhoni,DE Bernard,0,0,,,,,,,,,
377313,2009,2009-06-26,"Sabina Park, Kingston",1,32.6,India,West Indies,Yuvraj Singh,MS Dhoni,DE Bernard,0,1,1,,,,,,,,
377313,2009,2009-06-26,"Sabina Park, Kingston",1,32.7,India,West Indies,Yuvraj Singh,MS Dhoni,DE Bernard,0,0,,,,,,,,,
377313,2009,2009-06-26,"Sabina Park, Kingston",1,32.8,India,West Indies,Yuvraj Singh,MS Dhoni,DE Bernard,4,0,,,,,,,,,
377313,2009,2009-06-26,"Sabina Park, Kingston",1,33.1,India,West Indies,MS Dhoni,Yuvraj Singh,LS Baker,1,0,,,,,,,,,
377313,2009,2009-06-26,"Sabina Park, Kingston",1,33.2,India,West Indies,Yuvraj Singh,MS Dhoni,LS Baker,4,0,,,,,,,,,
377313,2009,2009-06-26,"Sabina Park, Kingston",1,33.3,India,West Indies,Yuvraj Singh,MS Dhoni,LS Baker,0,0,,,,,,,,,
377313,2009,2009-06-26,"Sabina Park, Kingston",1,33.4,India,West Indies,Yuvraj Singh,MS Dhoni,LS Baker,4,0,,,,,,,,,
377313,2009,2009-06-26,"Sabina Park, Kingston",1,33.5,India,West Indies,Yuvraj Singh,MS Dhoni,LS Baker,6,0,,,,,,,,,
377313,2009,2009-06-26,"Sabina Park, Kingston",1,33.6,India,West Indies,Yuvraj Singh,MS Dhoni,LS Baker,1,0,,,,,,,,,
377313,2009,2009-06-26,"Sabina Park, Kingston",1,34.1,India,West Indies,Yuvraj Singh,MS Dhoni,JE Taylor,1,0,,,,,,,,,
377313,2009,2009-06-26,"Sabina Park, Kingston",1,34.2,India,West Indies,MS Dhoni,Yuvraj Singh,JE Taylor,1,0,,,,,,,,,
377313,2009,2009-06-26,"Sabina Park, Kingston",1,34.3,India,West Indies,Yuvraj Singh,MS Dhoni,JE Taylor,0,0,,,,,,,,,
377313,2009,2009-06-26,"Sabina Park, Kingston",1,34.4,India,West Indies,Yuvraj Singh,MS Dhoni,JE Taylor,4,0,,,,,,,,,
377313,2009,2009-06-26,"Sabina Park, Kingston",1,34.5,India,West Indies,Yuvraj Singh,MS Dhoni,JE Taylor,6,0,,,,,,,,,
377313,2009,2009-06-26,"Sabina Park, Kingston",1,34.6,India,West Indies,Yuvraj Singh,MS Dhoni,JE Taylor,4,0,,,,,,,,,
377313,2009,2009-06-26,"Sabina Park, Kingston",1,35.1,India,West Indies,MS Dhoni,Yuvraj Singh,SJ Benn,0,0,,,,,,,,,
377313,2009,2009-06-26,"Sabina Park, Kingston",1,35.2,India,West Indies,MS Dhoni,Yuvraj Singh,SJ Benn,2,0,,,,,,,,,
377313,2009,2009-06-26,"Sabina Park, Kingston",1,35.3,India,West Indies,MS Dhoni,Yuvraj Singh,SJ Benn,1,0,,,,,,,,,
377313,2009,2009-06-26,"Sabina Park, Kingston",1,35.4,India,West Indies,Yuvraj Singh,MS Dhoni,SJ Benn,0,0,,,,,,,,,
377313,2009,2009-06-26,"Sabina Park, Kingston",1,35.5,India,West Indies,Yuvraj Singh,MS Dhoni,SJ Benn,1,0,,,,,,,,,
377313,2009,2009-06-26,"Sabina Park, Kingston",1,35.6,India,West Indies,MS Dhoni,Yuvraj Singh,SJ Benn,1,0,,,,,,,,,
377313,2009,2009-06-26,"Sabina Park, Kingston",1,36.1,India,West Indies,MS Dhoni,Yuvraj Singh,JE Taylor,6,0,,,,,,,,,
377313,2009,2009-06-26,"Sabina Park, Kingston",1,36.2,India,West Indies,MS Dhoni,Yuvraj Singh,JE Taylor,0,1,,,,1,,,,,
377313,2009,2009-06-26,"Sabina Park, Kingston",1,36.3,India,West Indies,Yuvraj Singh,MS Dhoni,JE Taylor,6,0,,,,,,,,,
377313,2009,2009-06-26,"Sabina Park, Kingston",1,36.4,India,West Indies,Yuvraj Singh,MS Dhoni,JE Taylor,6,0,,,,,,,,,
377313,2009,2009-06-26,"Sabina Park, Kingston",1,36.5,India,West Indies,Yuvraj Singh,MS Dhoni,JE Taylor,2,0,,,,,,,,,
377313,2009,2009-06-26,"Sabina Park, Kingston",1,36.6,India,West Indies,Yuvraj Singh,MS Dhoni,JE Taylor,0,0,,,,,,,,,
377313,2009,2009-06-26,"Sabina Park, Kingston",1,37.1,India,West Indies,MS Dhoni,Yuvraj Singh,SJ Benn,1,0,,,,,,,,,
377313,2009,2009-06-26,"Sabina Park, Kingston",1,37.2,India,West Indies,Yuvraj Singh,MS Dhoni,SJ Benn,1,0,,,,,,,,,
377313,2009,2009-06-26,"Sabina Park, Kingston",1,37.3,India,West Indies,MS Dhoni,Yuvraj Singh,SJ Benn,0,0,,,,,,,,,
377313,2009,2009-06-26,"Sabina Park, Kingston",1,37.4,India,West Indies,MS Dhoni,Yuvraj Singh,SJ Benn,1,0,,,,,,,,,
377313,2009,2009-06-26,"Sabina Park, Kingston",1,37.5,India,West Indies,Yuvraj Singh,MS Dhoni,SJ Benn,0,0,,,,,,,,,
377313,2009,2009-06-26,"Sabina Park, Kingston",1,37.6,India,West Indies,Yuvraj Singh,MS Dhoni,SJ Benn,1,0,,,,,,,,,
377313,2009,2009-06-26,"Sabina Park, Kingston",1,38.1,India,West Indies,Yuvraj Singh,MS Dhoni,DJ Bravo,0,0,,,,,,caught,Yuvraj Singh,,
377313,2009,2009-06-26,"Sabina Park, Kingston",1,38.2,India,West Indies,RA Jadeja,MS Dhoni,DJ Bravo,0,0,,,,,,caught,RA Jadeja,,
377313,2009,2009-06-26,"Sabina Park, Kingston",1,38.3,India,West Indies,YK Pathan,MS Dhoni,DJ Bravo,0,0,,,,,,,,,
377313,2009,2009-06-26,"Sabina Park, Kingston",1,38.4,India,West Indies,YK Pathan,MS Dhoni,DJ Bravo,0,0,,,,,,,,,
377313,2009,2009-06-26,"Sabina Park, Kingston",1,38.5,India,West Indies,YK Pathan,MS Dhoni,DJ Bravo,1,0,,,,,,,,,
377313,2009,2009-06-26,"Sabina Park, Kingston",1,38.6,India,West Indies,MS Dhoni,YK Pathan,DJ Bravo,0,0,,,,,,,,,
377313,2009,2009-06-26,"Sabina Park, Kingston",1,39.1,India,West Indies,YK Pathan,MS Dhoni,SJ Benn,0,0,,,,,,,,,
377313,2009,2009-06-26,"Sabina Park, Kingston",1,39.2,India,West Indies,YK Pathan,MS Dhoni,SJ Benn,0,0,,,,,,,,,
377313,2009,2009-06-26,"Sabina Park, Kingston",1,39.3,India,West Indies,YK Pathan,MS Dhoni,SJ Benn,0,0,,,,,,,,,
377313,2009,2009-06-26,"Sabina Park, Kingston",1,39.4,India,West Indies,YK Pathan,MS Dhoni,SJ Benn,1,0,,,,,,,,,
377313,2009,2009-06-26,"Sabina Park, Kingston",1,39.5,India,West Indies,MS Dhoni,YK Pathan,SJ Benn,1,0,,,,,,,,,
377313,2009,2009-06-26,"Sabina Park, Kingston",1,39.6,India,West Indies,YK Pathan,MS Dhoni,SJ Benn,1,0,,,,,,,,,
377313,2009,2009-06-26,"Sabina Park, Kingston",1,40.1,India,West Indies,YK Pathan,MS Dhoni,DJ Bravo,1,0,,,,,,,,,
377313,2009,2009-06-26,"Sabina Park, Kingston",1,40.2,India,West Indies,MS Dhoni,YK Pathan,DJ Bravo,0,0,,,,,,,,,
377313,2009,2009-06-26,"Sabina Park, Kingston",1,40.3,India,West Indies,MS Dhoni,YK Pathan,DJ Bravo,1,0,,,,,,,,,
377313,2009,2009-06-26,"Sabina Park, Kingston",1,40.4,India,West Indies,YK Pathan,MS Dhoni,DJ Bravo,0,0,,,,,,,,,
377313,2009,2009-06-26,"Sabina Park, Kingston",1,40.5,India,West Indies,YK Pathan,MS Dhoni,DJ Bravo,1,0,,,,,,,,,
377313,2009,2009-06-26,"Sabina Park, Kingston",1,40.6,India,West Indies,MS Dhoni,YK Pathan,DJ Bravo,0,0,,,,,,,,,
377313,2009,2009-06-26,"Sabina Park, Kingston",1,41.1,India,West Indies,YK Pathan,MS Dhoni,SJ Benn,1,0,,,,,,,,,
377313,2009,2009-06-26,"Sabina Park, Kingston",1,41.2,India,West Indies,MS Dhoni,YK Pathan,SJ Benn,1,0,,,,,,,,,
377313,2009,2009-06-26,"Sabina Park, Kingston",1,41.3,India,West Indies,YK Pathan,MS Dhoni,SJ Benn,0,0,,,,,,,,,
377313,2009,2009-06-26,"Sabina Park, Kingston",1,41.4,India,West Indies,YK Pathan,MS Dhoni,SJ Benn,0,0,,,,,,,,,
377313,2009,2009-06-26,"Sabina Park, Kingston",1,41.5,India,West Indies,YK Pathan,MS Dhoni,SJ Benn,1,0,,,,,,,,,
377313,2009,2009-06-26,"Sabina Park, Kingston",1,41.6,India,West Indies,MS Dhoni,YK Pathan,SJ Benn,0,0,,,,,,,,,
377313,2009,2009-06-26,"Sabina Park, Kingston",1,42.1,India,West Indies,YK Pathan,MS Dhoni,DJ Bravo,0,0,,,,,,,,,
377313,2009,2009-06-26,"Sabina Park, Kingston",1,42.2,India,West Indies,YK Pathan,MS Dhoni,DJ Bravo,1,0,,,,,,,,,
377313,2009,2009-06-26,"Sabina Park, Kingston",1,42.3,India,West Indies,MS Dhoni,YK Pathan,DJ Bravo,1,0,,,,,,,,,
377313,2009,2009-06-26,"Sabina Park, Kingston",1,42.4,India,West Indies,YK Pathan,MS Dhoni,DJ Bravo,1,0,,,,,,,,,
377313,2009,2009-06-26,"Sabina Park, Kingston",1,42.5,India,West Indies,MS Dhoni,YK Pathan,DJ Bravo,1,0,,,,,,,,,
377313,2009,2009-06-26,"Sabina Park, Kingston",1,42.6,India,West Indies,YK Pathan,MS Dhoni,DJ Bravo,4,0,,,,,,,,,
377313,2009,2009-06-26,"Sabina Park, Kingston",1,43.1,India,West Indies,MS Dhoni,YK Pathan,LS Baker,2,0,,,,,,,,,
377313,2009,2009-06-26,"Sabina Park, Kingston",1,43.2,India,West Indies,MS Dhoni,YK Pathan,LS Baker,0,1,,,,1,,,,,
377313,2009,2009-06-26,"Sabina Park, Kingston",1,43.3,India,West Indies,YK Pathan,MS Dhoni,LS Baker,1,0,,,,,,,,,
377313,2009,2009-06-26,"Sabina Park, Kingston",1,43.4,India,West Indies,MS Dhoni,YK Pathan,LS Baker,1,0,,,,,,,,,
377313,2009,2009-06-26,"Sabina Park, Kingston",1,43.5,India,West Indies,YK Pathan,MS Dhoni,LS Baker,0,0,,,,,,,,,
377313,2009,2009-06-26,"Sabina Park, Kingston",1,43.6,India,West Indies,YK Pathan,MS Dhoni,LS Baker,0,0,,,,,,,,,
377313,2009,2009-06-26,"Sabina Park, Kingston",1,44.1,India,West Indies,MS Dhoni,YK Pathan,JE Taylor,0,0,,,,,,,,,
377313,2009,2009-06-26,"Sabina Park, Kingston",1,44.2,India,West Indies,MS Dhoni,YK Pathan,JE Taylor,0,1,,,,1,,,,,
377313,2009,2009-06-26,"Sabina Park, Kingston",1,44.3,India,West Indies,YK Pathan,MS Dhoni,JE Taylor,1,0,,,,,,,,,
377313,2009,2009-06-26,"Sabina Park, Kingston",1,44.4,India,West Indies,MS Dhoni,YK Pathan,JE Taylor,4,0,,,,,,,,,
377313,2009,2009-06-26,"Sabina Park, Kingston",1,44.5,India,West Indies,MS Dhoni,YK Pathan,JE Taylor,1,0,,,,,,,,,
377313,2009,2009-06-26,"Sabina Park, Kingston",1,44.6,India,West Indies,YK Pathan,MS Dhoni,JE Taylor,0,0,,,,,,,,,
377313,2009,2009-06-26,"Sabina Park, Kingston",1,45.1,India,West Indies,MS Dhoni,YK Pathan,LS Baker,1,0,,,,,,,,,
377313,2009,2009-06-26,"Sabina Park, Kingston",1,45.2,India,West Indies,YK Pathan,MS Dhoni,LS Baker,1,0,,,,,,,,,
377313,2009,2009-06-26,"Sabina Park, Kingston",1,45.3,India,West Indies,MS Dhoni,YK Pathan,LS Baker,0,0,,,,,,,,,
377313,2009,2009-06-26,"Sabina Park, Kingston",1,45.4,India,West Indies,MS Dhoni,YK Pathan,LS Baker,4,0,,,,,,,,,
377313,2009,2009-06-26,"Sabina Park, Kingston",1,45.5,India,West Indies,MS Dhoni,YK Pathan,LS Baker,0,1,,,,1,,,,,
377313,2009,2009-06-26,"Sabina Park, Kingston",1,45.6,India,West Indies,YK Pathan,MS Dhoni,LS Baker,6,0,,,,,,,,,
377313,2009,2009-06-26,"Sabina Park, Kingston",1,46.1,India,West Indies,MS Dhoni,YK Pathan,JE Taylor,0,1,1,,,,,,,,
377313,2009,2009-06-26,"Sabina Park, Kingston",1,46.2,India,West Indies,MS Dhoni,YK Pathan,JE Taylor,0,1,,,,1,,,,,
377313,2009,2009-06-26,"Sabina Park, Kingston",1,46.3,India,West Indies,YK Pathan,MS Dhoni,JE Taylor,0,0,,,,,,run out,MS Dhoni,,
377313,2009,2009-06-26,"Sabina Park, Kingston",1,46.4,India,West Indies,Harbhajan Singh,YK Pathan,JE Taylor,1,0,,,,,,,,,
377313,2009,2009-06-26,"Sabina Park, Kingston",1,46.5,India,West Indies,YK Pathan,Harbhajan Singh,JE Taylor,0,0,,,,,,,,,
377313,2009,2009-06-26,"Sabina Park, Kingston",1,46.6,India,West Indies,YK Pathan,Harbhajan Singh,JE Taylor,4,1,,1,,,,,,,
377313,2009,2009-06-26,"Sabina Park, Kingston",1,46.7,India,West Indies,YK Pathan,Harbhajan Singh,JE Taylor,1,1,,1,,,,,,,
377313,2009,2009-06-26,"Sabina Park, Kingston",1,46.8,India,West Indies,Harbhajan Singh,YK Pathan,JE Taylor,0,0,,,,,,,,,
377313,2009,2009-06-26,"Sabina Park, Kingston",1,46.9,India,West Indies,Harbhajan Singh,YK Pathan,JE Taylor,1,0,,,,,,,,,
377313,2009,2009-06-26,"Sabina Park, Kingston",1,47.1,India,West Indies,Harbhajan Singh,YK Pathan,DJ Bravo,1,0,,,,,,,,,
377313,2009,2009-06-26,"Sabina Park, Kingston",1,47.2,India,West Indies,YK Pathan,Harbhajan Singh,DJ Bravo,1,0,,,,,,,,,
377313,2009,2009-06-26,"Sabina Park, Kingston",1,47.3,India,West Indies,Harbhajan Singh,YK Pathan,DJ Bravo,6,0,,,,,,,,,
377313,2009,2009-06-26,"Sabina Park, Kingston",1,47.4,India,West Indies,Harbhajan Singh,YK Pathan,DJ Bravo,0,0,,,,,,,,,
377313,2009,2009-06-26,"Sabina Park, Kingston",1,47.5,India,West Indies,Harbhajan Singh,YK Pathan,DJ Bravo,2,0,,,,,,,,,
377313,2009,2009-06-26,"Sabina Park, Kingston",1,47.6,India,West Indies,Harbhajan Singh,YK Pathan,DJ Bravo,1,0,,,,,,,,,
377313,2009,2009-06-26,"Sabina Park, Kingston",1,48.1,India,West Indies,Harbhajan Singh,YK Pathan,JE Taylor,1,0,,,,,,,,,
377313,2009,2009-06-26,"Sabina Park, Kingston",1,48.2,India,West Indies,YK Pathan,Harbhajan Singh,JE Taylor,1,0,,,,,,,,,
377313,2009,2009-06-26,"Sabina Park, Kingston",1,48.3,India,West Indies,Harbhajan Singh,YK Pathan,JE Taylor,0,0,,,,,,,,,
377313,2009,2009-06-26,"Sabina Park, Kingston",1,48.4,India,West Indies,Harbhajan Singh,YK Pathan,JE Taylor,1,0,,,,,,,,,
377313,2009,2009-06-26,"Sabina Park, Kingston",1,48.5,India,West Indies,YK Pathan,Harbhajan Singh,JE Taylor,2,0,,,,,,,,,
377313,2009,2009-06-26,"Sabina Park, Kingston",1,48.6,India,West Indies,YK Pathan,Harbhajan Singh,JE Taylor,1,0,,,,,,,,,
377313,2009,2009-06-26,"Sabina Park, Kingston",1,49.1,India,West Indies,YK Pathan,Harbhajan Singh,DJ Bravo,6,0,,,,,,,,,
377313,2009,2009-06-26,"Sabina Park, Kingston",1,49.2,India,West Indies,YK Pathan,Harbhajan Singh,DJ Bravo,0,0,,,,,,,,,
377313,2009,2009-06-26,"Sabina Park, Kingston",1,49.3,India,West Indies,YK Pathan,Harbhajan Singh,DJ Bravo,1,0,,,,,,,,,
377313,2009,2009-06-26,"Sabina Park, Kingston",1,49.4,India,West Indies,Harbhajan Singh,YK Pathan,DJ Bravo,1,0,,,,,,,,,
377313,2009,2009-06-26,"Sabina Park, Kingston",1,49.5,India,West Indies,YK Pathan,Harbhajan Singh,DJ Bravo,1,0,,,,,,,,,
377313,2009,2009-06-26,"Sabina Park, Kingston",1,49.6,India,West Indies,Harbhajan Singh,YK Pathan,DJ Bravo,6,0,,,,,,,,,
377313,2009,2009-06-26,"Sabina Park, Kingston",2,0.1,West Indies,India,CH Gayle,RS Morton,RP Singh,0,0,,,,,,,,,
377313,2009,2009-06-26,"Sabina Park, Kingston",2,0.2,West Indies,India,CH Gayle,RS Morton,RP Singh,0,0,,,,,,,,,
377313,2009,2009-06-26,"Sabina Park, Kingston",2,0.3,West Indies,India,CH Gayle,RS Morton,RP Singh,0,0,,,,,,,,,
377313,2009,2009-06-26,"Sabina Park, Kingston",2,0.4,West Indies,India,CH Gayle,RS Morton,RP Singh,4,0,,,,,,,,,
377313,2009,2009-06-26,"Sabina Park, Kingston",2,0.5,West Indies,India,CH Gayle,RS Morton,RP Singh,0,0,,,,,,,,,
377313,2009,2009-06-26,"Sabina Park, Kingston",2,0.6,West Indies,India,CH Gayle,RS Morton,RP Singh,0,0,,,,,,,,,
377313,2009,2009-06-26,"Sabina Park, Kingston",2,1.1,West Indies,India,RS Morton,CH Gayle,A Nehra,0,0,,,,,,,,,
377313,2009,2009-06-26,"Sabina Park, Kingston",2,1.2,West Indies,India,RS Morton,CH Gayle,A Nehra,0,0,,,,,,,,,
377313,2009,2009-06-26,"Sabina Park, Kingston",2,1.3,West Indies,India,RS Morton,CH Gayle,A Nehra,0,0,,,,,,,,,
377313,2009,2009-06-26,"Sabina Park, Kingston",2,1.4,West Indies,India,RS Morton,CH Gayle,A Nehra,0,1,,,,1,,,,,
377313,2009,2009-06-26,"Sabina Park, Kingston",2,1.5,West Indies,India,CH Gayle,RS Morton,A Nehra,0,0,,,,,,,,,
377313,2009,2009-06-26,"Sabina Park, Kingston",2,1.6,West Indies,India,CH Gayle,RS Morton,A Nehra,0,0,,,,,,,,,
377313,2009,2009-06-26,"Sabina Park, Kingston",2,2.1,West Indies,India,RS Morton,CH Gayle,RP Singh,0,0,,,,,,,,,
377313,2009,2009-06-26,"Sabina Park, Kingston",2,2.2,West Indies,India,RS Morton,CH Gayle,RP Singh,1,0,,,,,,,,,
377313,2009,2009-06-26,"Sabina Park, Kingston",2,2.3,West Indies,India,CH Gayle,RS Morton,RP Singh,1,0,,,,,,,,,
377313,2009,2009-06-26,"Sabina Park, Kingston",2,2.4,West Indies,India,RS Morton,CH Gayle,RP Singh,1,0,,,,,,,,,
377313,2009,2009-06-26,"Sabina Park, Kingston",2,2.5,West Indies,India,CH Gayle,RS Morton,RP Singh,0,0,,,,,,,,,
377313,2009,2009-06-26,"Sabina Park, Kingston",2,2.6,West Indies,India,CH Gayle,RS Morton,RP Singh,1,0,,,,,,,,,
377313,2009,2009-06-26,"Sabina Park, Kingston",2,3.1,West Indies,India,CH Gayle,RS Morton,A Nehra,4,0,,,,,,,,,
377313,2009,2009-06-26,"Sabina Park, Kingston",2,3.2,West Indies,India,CH Gayle,RS Morton,A Nehra,1,0,,,,,,,,,
377313,2009,2009-06-26,"Sabina Park, Kingston",2,3.3,West Indies,India,RS Morton,CH Gayle,A Nehra,0,1,,1,,,,,,,
377313,2009,2009-06-26,"Sabina Park, Kingston",2,3.4,West Indies,India,RS Morton,CH Gayle,A Nehra,4,0,,,,,,,,,
377313,2009,2009-06-26,"Sabina Park, Kingston",2,3.5,West Indies,India,RS Morton,CH Gayle,A Nehra,1,0,,,,,,,,,
377313,2009,2009-06-26,"Sabina Park, Kingston",2,3.6,West Indies,India,CH Gayle,RS Morton,A Nehra,1,0,,,,,,,,,
377313,2009,2009-06-26,"Sabina Park, Kingston",2,3.7,West Indies,India,RS Morton,CH Gayle,A Nehra,1,0,,,,,,,,,
377313,2009,2009-06-26,"Sabina Park, Kingston",2,4.1,West Indies,India,RS Morton,CH Gayle,RP Singh,1,0,,,,,,,,,
377313,2009,2009-06-26,"Sabina Park, Kingston",2,4.2,West Indies,India,CH Gayle,RS Morton,RP Singh,0,0,,,,,,,,,
377313,2009,2009-06-26,"Sabina Park, Kingston",2,4.3,West Indies,India,CH Gayle,RS Morton,RP Singh,4,0,,,,,,,,,
377313,2009,2009-06-26,"Sabina Park, Kingston",2,4.4,West Indies,India,CH Gayle,RS Morton,RP Singh,0,0,,,,,,,,,
377313,2009,2009-06-26,"Sabina Park, Kingston",2,4.5,West Indies,India,CH Gayle,RS Morton,RP Singh,0,0,,,,,,,,,
377313,2009,2009-06-26,"Sabina Park, Kingston",2,4.6,West Indies,India,CH Gayle,RS Morton,RP Singh,0,1,,1,,,,,,,
377313,2009,2009-06-26,"Sabina Park, Kingston",2,4.7,West Indies,India,CH Gayle,RS Morton,RP Singh,6,0,,,,,,,,,
377313,2009,2009-06-26,"Sabina Park, Kingston",2,5.1,West Indies,India,RS Morton,CH Gayle,A Nehra,1,0,,,,,,,,,
377313,2009,2009-06-26,"Sabina Park, Kingston",2,5.2,West Indies,India,CH Gayle,RS Morton,A Nehra,0,0,,,,,,,,,
377313,2009,2009-06-26,"Sabina Park, Kingston",2,5.3,West Indies,India,CH Gayle,RS Morton,A Nehra,1,0,,,,,,,,,
377313,2009,2009-06-26,"Sabina Park, Kingston",2,5.4,West Indies,India,RS Morton,CH Gayle,A Nehra,1,0,,,,,,,,,
377313,2009,2009-06-26,"Sabina Park, Kingston",2,5.5,West Indies,India,CH Gayle,RS Morton,A Nehra,1,0,,,,,,,,,
377313,2009,2009-06-26,"Sabina Park, Kingston",2,5.6,West Indies,India,RS Morton,CH Gayle,A Nehra,1,0,,,,,,,,,
377313,2009,2009-06-26,"Sabina Park, Kingston",2,6.1,West Indies,India,RS Morton,CH Gayle,I Sharma,0,0,,,,,,,,,
377313,2009,2009-06-26,"Sabina Park, Kingston",2,6.2,West Indies,India,RS Morton,CH Gayle,I Sharma,1,0,,,,,,,,,
377313,2009,2009-06-26,"Sabina Park, Kingston",2,6.3,West Indies,India,CH Gayle,RS Morton,I Sharma,0,0,,,,,,,,,
377313,2009,2009-06-26,"Sabina Park, Kingston",2,6.4,West Indies,India,CH Gayle,RS Morton,I Sharma,4,0,,,,,,,,,
377313,2009,2009-06-26,"Sabina Park, Kingston",2,6.5,West Indies,India,CH Gayle,RS Morton,I Sharma,1,0,,,,,,,,,
377313,2009,2009-06-26,"Sabina Park, Kingston",2,6.6,West Indies,India,RS Morton,CH Gayle,I Sharma,0,0,,,,,,,,,
377313,2009,2009-06-26,"Sabina Park, Kingston",2,7.1,West Indies,India,CH Gayle,RS Morton,A Nehra,0,0,,,,,,,,,
377313,2009,2009-06-26,"Sabina Park, Kingston",2,7.2,West Indies,India,CH Gayle,RS Morton,A Nehra,0,0,,,,,,,,,
377313,2009,2009-06-26,"Sabina Park, Kingston",2,7.3,West Indies,India,CH Gayle,RS Morton,A Nehra,1,0,,,,,,,,,
377313,2009,2009-06-26,"Sabina Park, Kingston",2,7.4,West Indies,India,RS Morton,CH Gayle,A Nehra,0,4,,,4,,,,,,
377313,2009,2009-06-26,"Sabina Park, Kingston",2,7.5,West Indies,India,RS Morton,CH Gayle,A Nehra,0,0,,,,,,,,,
377313,2009,2009-06-26,"Sabina Park, Kingston",2,7.6,West Indies,India,RS Morton,CH Gayle,A Nehra,2,0,,,,,,,,,
377313,2009,2009-06-26,"Sabina Park, Kingston",2,8.1,West Indies,India,CH Gayle,RS Morton,I Sharma,2,0,,,,,,,,,
377313,2009,2009-06-26,"Sabina Park, Kingston",2,8.2,West Indies,India,CH Gayle,RS Morton,I Sharma,4,0,,,,,,,,,
377313,2009,2009-06-26,"Sabina Park, Kingston",2,8.3,West Indies,India,CH Gayle,RS Morton,I Sharma,1,0,,,,,,,,,
377313,2009,2009-06-26,"Sabina Park, Kingston",2,8.4,West Indies,India,RS Morton,CH Gayle,I Sharma,0,0,,,,,,,,,
377313,2009,2009-06-26,"Sabina Park, Kingston",2,8.5,West Indies,India,RS Morton,CH Gayle,I Sharma,0,0,,,,,,,,,
377313,2009,2009-06-26,"Sabina Park, Kingston",2,8.6,West Indies,India,RS Morton,CH Gayle,I Sharma,1,0,,,,,,,,,
377313,2009,2009-06-26,"Sabina Park, Kingston",2,9.1,West Indies,India,RS Morton,CH Gayle,A Nehra,4,0,,,,,,,,,
377313,2009,2009-06-26,"Sabina Park, Kingston",2,9.2,West Indies,India,RS Morton,CH Gayle,A Nehra,1,0,,,,,,,,,
377313,2009,2009-06-26,"Sabina Park, Kingston",2,9.3,West Indies,India,CH Gayle,RS Morton,A Nehra,0,0,,,,,,caught,CH Gayle,,
377313,2009,2009-06-26,"Sabina Park, Kingston",2,9.4,West Indies,India,RS Morton,RR Sarwan,A Nehra,0,0,,,,,,,,,
377313,2009,2009-06-26,"Sabina Park, Kingston",2,9.5,West Indies,India,RS Morton,RR Sarwan,A Nehra,4,0,,,,,,,,,
377313,2009,2009-06-26,"Sabina Park, Kingston",2,9.6,West Indies,India,RS Morton,RR Sarwan,A Nehra,1,0,,,,,,,,,
377313,2009,2009-06-26,"Sabina Park, Kingston",2,10.1,West Indies,India,RS Morton,RR Sarwan,RA Jadeja,0,0,,,,,,,,,
377313,2009,2009-06-26,"Sabina Park, Kingston",2,10.2,West Indies,India,RS Morton,RR Sarwan,RA Jadeja,0,0,,,,,,,,,
377313,2009,2009-06-26,"Sabina Park, Kingston",2,10.3,West Indies,India,RS Morton,RR Sarwan,RA Jadeja,0,0,,,,,,,,,
377313,2009,2009-06-26,"Sabina Park, Kingston",2,10.4,West Indies,India,RS Morton,RR Sarwan,RA Jadeja,0,0,,,,,,,,,
377313,2009,2009-06-26,"Sabina Park, Kingston",2,10.5,West Indies,India,RS Morton,RR Sarwan,RA Jadeja,0,0,,,,,,,,,
377313,2009,2009-06-26,"Sabina Park, Kingston",2,10.6,West Indies,India,RS Morton,RR Sarwan,RA Jadeja,0,0,,,,,,,,,
377313,2009,2009-06-26,"Sabina Park, Kingston",2,11.1,West Indies,India,RR Sarwan,RS Morton,YK Pathan,1,0,,,,,,,,,
377313,2009,2009-06-26,"Sabina Park, Kingston",2,11.2,West Indies,India,RS Morton,RR Sarwan,YK Pathan,0,0,,,,,,,,,
377313,2009,2009-06-26,"Sabina Park, Kingston",2,11.3,West Indies,India,RS Morton,RR Sarwan,YK Pathan,0,0,,,,,,,,,
377313,2009,2009-06-26,"Sabina Park, Kingston",2,11.4,West Indies,India,RS Morton,RR Sarwan,YK Pathan,1,0,,,,,,,,,
377313,2009,2009-06-26,"Sabina Park, Kingston",2,11.5,West Indies,India,RR Sarwan,RS Morton,YK Pathan,1,0,,,,,,,,,
377313,2009,2009-06-26,"Sabina Park, Kingston",2,11.6,West Indies,India,RS Morton,RR Sarwan,YK Pathan,1,0,,,,,,,,,
377313,2009,2009-06-26,"Sabina Park, Kingston",2,12.1,West Indies,India,RS Morton,RR Sarwan,RA Jadeja,6,0,,,,,,,,,
377313,2009,2009-06-26,"Sabina Park, Kingston",2,12.2,West Indies,India,RS Morton,RR Sarwan,RA Jadeja,0,0,,,,,,,,,
377313,2009,2009-06-26,"Sabina Park, Kingston",2,12.3,West Indies,India,RS Morton,RR Sarwan,RA Jadeja,0,0,,,,,,,,,
377313,2009,2009-06-26,"Sabina Park, Kingston",2,12.4,West Indies,India,RS Morton,RR Sarwan,RA Jadeja,1,0,,,,,,,,,
377313,2009,2009-06-26,"Sabina Park, Kingston",2,12.5,West Indies,India,RR Sarwan,RS Morton,RA Jadeja,0,0,,,,,,,,,
377313,2009,2009-06-26,"Sabina Park, Kingston",2,12.6,West Indies,India,RR Sarwan,RS Morton,RA Jadeja,0,0,,,,,,,,,
377313,2009,2009-06-26,"Sabina Park, Kingston",2,13.1,West Indies,India,RS Morton,RR Sarwan,YK Pathan,0,0,,,,,,,,,
377313,2009,2009-06-26,"Sabina Park, Kingston",2,13.2,West Indies,India,RS Morton,RR Sarwan,YK Pathan,1,0,,,,,,,,,
377313,2009,2009-06-26,"Sabina Park, Kingston",2,13.3,West Indies,India,RR Sarwan,RS Morton,YK Pathan,6,0,,,,,,,,,
377313,2009,2009-06-26,"Sabina Park, Kingston",2,13.4,West Indies,India,RR Sarwan,RS Morton,YK Pathan,0,0,,,,,,,,,
377313,2009,2009-06-26,"Sabina Park, Kingston",2,13.5,West Indies,India,RR Sarwan,RS Morton,YK Pathan,0,0,,,,,,,,,
377313,2009,2009-06-26,"Sabina Park, Kingston",2,13.6,West Indies,India,RR Sarwan,RS Morton,YK Pathan,0,1,1,,,,,,,,
377313,2009,2009-06-26,"Sabina Park, Kingston",2,13.7,West Indies,India,RR Sarwan,RS Morton,YK Pathan,1,0,,,,,,,,,
377313,2009,2009-06-26,"Sabina Park, Kingston",2,14.1,West Indies,India,RR Sarwan,RS Morton,RA Jadeja,1,0,,,,,,,,,
377313,2009,2009-06-26,"Sabina Park, Kingston",2,14.2,West Indies,India,RS Morton,RR Sarwan,RA Jadeja,1,0,,,,,,,,,
377313,2009,2009-06-26,"Sabina Park, Kingston",2,14.3,West Indies,India,RR Sarwan,RS Morton,RA Jadeja,1,0,,,,,,,,,
377313,2009,2009-06-26,"Sabina Park, Kingston",2,14.4,West Indies,India,RS Morton,RR Sarwan,RA Jadeja,4,0,,,,,,,,,
377313,2009,2009-06-26,"Sabina Park, Kingston",2,14.5,West Indies,India,RS Morton,RR Sarwan,RA Jadeja,0,0,,,,,,,,,
377313,2009,2009-06-26,"Sabina Park, Kingston",2,14.6,West Indies,India,RS Morton,RR Sarwan,RA Jadeja,0,0,,,,,,,,,
377313,2009,2009-06-26,"Sabina Park, Kingston",2,15.1,West Indies,India,RR Sarwan,RS Morton,YK Pathan,1,0,,,,,,,,,
377313,2009,2009-06-26,"Sabina Park, Kingston",2,15.2,West Indies,India,RS Morton,RR Sarwan,YK Pathan,1,0,,,,,,,,,
377313,2009,2009-06-26,"Sabina Park, Kingston",2,15.3,West Indies,India,RR Sarwan,RS Morton,YK Pathan,0,0,,,,,,,,,
377313,2009,2009-06-26,"Sabina Park, Kingston",2,15.4,West Indies,India,RR Sarwan,RS Morton,YK Pathan,1,0,,,,,,,,,
377313,2009,2009-06-26,"Sabina Park, Kingston",2,15.5,West Indies,India,RS Morton,RR Sarwan,YK Pathan,0,0,,,,,,caught,RS Morton,,
377313,2009,2009-06-26,"Sabina Park, Kingston",2,15.6,West Indies,India,S Chanderpaul,RR Sarwan,YK Pathan,1,0,,,,,,,,,
377313,2009,2009-06-26,"Sabina Park, Kingston",2,16.1,West Indies,India,S Chanderpaul,RR Sarwan,RA Jadeja,0,0,,,,,,,,,
377313,2009,2009-06-26,"Sabina Park, Kingston",2,16.2,West Indies,India,S Chanderpaul,RR Sarwan,RA Jadeja,1,0,,,,,,,,,
377313,2009,2009-06-26,"Sabina Park, Kingston",2,16.3,West Indies,India,RR Sarwan,S Chanderpaul,RA Jadeja,1,0,,,,,,,,,
377313,2009,2009-06-26,"Sabina Park, Kingston",2,16.4,West Indies,India,S Chanderpaul,RR Sarwan,RA Jadeja,0,0,,,,,,,,,
377313,2009,2009-06-26,"Sabina Park, Kingston",2,16.5,West Indies,India,S Chanderpaul,RR Sarwan,RA Jadeja,1,0,,,,,,,,,
377313,2009,2009-06-26,"Sabina Park, Kingston",2,16.6,West Indies,India,RR Sarwan,S Chanderpaul,RA Jadeja,1,0,,,,,,,,,
377313,2009,2009-06-26,"Sabina Park, Kingston",2,17.1,West Indies,India,RR Sarwan,S Chanderpaul,YK Pathan,1,0,,,,,,,,,
377313,2009,2009-06-26,"Sabina Park, Kingston",2,17.2,West Indies,India,S Chanderpaul,RR Sarwan,YK Pathan,1,0,,,,,,,,,
377313,2009,2009-06-26,"Sabina Park, Kingston",2,17.3,West Indies,India,RR Sarwan,S Chanderpaul,YK Pathan,1,0,,,,,,,,,
377313,2009,2009-06-26,"Sabina Park, Kingston",2,17.4,West Indies,India,S Chanderpaul,RR Sarwan,YK Pathan,1,0,,,,,,,,,
377313,2009,2009-06-26,"Sabina Park, Kingston",2,17.5,West Indies,India,RR Sarwan,S Chanderpaul,YK Pathan,0,1,1,,,,,,,,
377313,2009,2009-06-26,"Sabina Park, Kingston",2,17.6,West Indies,India,RR Sarwan,S Chanderpaul,YK Pathan,0,0,,,,,,,,,
377313,2009,2009-06-26,"Sabina Park, Kingston",2,17.7,West Indies,India,RR Sarwan,S Chanderpaul,YK Pathan,1,0,,,,,,,,,
377313,2009,2009-06-26,"Sabina Park, Kingston",2,18.1,West Indies,India,RR Sarwan,S Chanderpaul,RA Jadeja,0,0,,,,,,,,,
377313,2009,2009-06-26,"Sabina Park, Kingston",2,18.2,West Indies,India,RR Sarwan,S Chanderpaul,RA Jadeja,1,0,,,,,,,,,
377313,2009,2009-06-26,"Sabina Park, Kingston",2,18.3,West Indies,India,S Chanderpaul,RR Sarwan,RA Jadeja,1,0,,,,,,,,,
377313,2009,2009-06-26,"Sabina Park, Kingston",2,18.4,West Indies,India,RR Sarwan,S Chanderpaul,RA Jadeja,0,0,,,,,,,,,
377313,2009,2009-06-26,"Sabina Park, Kingston",2,18.5,West Indies,India,RR Sarwan,S Chanderpaul,RA Jadeja,1,0,,,,,,,,,
377313,2009,2009-06-26,"Sabina Park, Kingston",2,18.6,West Indies,India,S Chanderpaul,RR Sarwan,RA Jadeja,1,0,,,,,,,,,
377313,2009,2009-06-26,"Sabina Park, Kingston",2,19.1,West Indies,India,S Chanderpaul,RR Sarwan,Harbhajan Singh,0,0,,,,,,,,,
377313,2009,2009-06-26,"Sabina Park, Kingston",2,19.2,West Indies,India,S Chanderpaul,RR Sarwan,Harbhajan Singh,1,0,,,,,,,,,
377313,2009,2009-06-26,"Sabina Park, Kingston",2,19.3,West Indies,India,RR Sarwan,S Chanderpaul,Harbhajan Singh,6,0,,,,,,,,,
377313,2009,2009-06-26,"Sabina Park, Kingston",2,19.4,West Indies,India,RR Sarwan,S Chanderpaul,Harbhajan Singh,0,0,,,,,,,,,
377313,2009,2009-06-26,"Sabina Park, Kingston",2,19.5,West Indies,India,RR Sarwan,S Chanderpaul,Harbhajan Singh,0,0,,,,,,,,,
377313,2009,2009-06-26,"Sabina Park, Kingston",2,19.6,West Indies,India,RR Sarwan,S Chanderpaul,Harbhajan Singh,0,1,1,,,,,,,,
377313,2009,2009-06-26,"Sabina Park, Kingston",2,19.7,West Indies,India,RR Sarwan,S Chanderpaul,Harbhajan Singh,0,0,,,,,,,,,
377313,2009,2009-06-26,"Sabina Park, Kingston",2,20.1,West Indies,India,S Chanderpaul,RR Sarwan,RA Jadeja,0,0,,,,,,,,,
377313,2009,2009-06-26,"Sabina Park, Kingston",2,20.2,West Indies,India,S Chanderpaul,RR Sarwan,RA Jadeja,1,0,,,,,,,,,
377313,2009,2009-06-26,"Sabina Park, Kingston",2,20.3,West Indies,India,RR Sarwan,S Chanderpaul,RA Jadeja,1,0,,,,,,,,,
377313,2009,2009-06-26,"Sabina Park, Kingston",2,20.4,West Indies,India,S Chanderpaul,RR Sarwan,RA Jadeja,1,0,,,,,,,,,
377313,2009,2009-06-26,"Sabina Park, Kingston",2,20.5,West Indies,India,RR Sarwan,S Chanderpaul,RA Jadeja,1,0,,,,,,,,,
377313,2009,2009-06-26,"Sabina Park, Kingston",2,20.6,West Indies,India,S Chanderpaul,RR Sarwan,RA Jadeja,0,0,,,,,,,,,
377313,2009,2009-06-26,"Sabina Park, Kingston",2,21.1,West Indies,India,RR Sarwan,S Chanderpaul,Harbhajan Singh,1,0,,,,,,,,,
377313,2009,2009-06-26,"Sabina Park, Kingston",2,21.2,West Indies,India,S Chanderpaul,RR Sarwan,Harbhajan Singh,0,0,,,,,,,,,
377313,2009,2009-06-26,"Sabina Park, Kingston",2,21.3,West Indies,India,S Chanderpaul,RR Sarwan,Harbhajan Singh,1,0,,,,,,,,,
377313,2009,2009-06-26,"Sabina Park, Kingston",2,21.4,West Indies,India,RR Sarwan,S Chanderpaul,Harbhajan Singh,1,0,,,,,,,,,
377313,2009,2009-06-26,"Sabina Park, Kingston",2,21.5,West Indies,India,S Chanderpaul,RR Sarwan,Harbhajan Singh,0,0,,,,,,,,,
377313,2009,2009-06-26,"Sabina Park, Kingston",2,21.6,West Indies,India,S Chanderpaul,RR Sarwan,Harbhajan Singh,0,0,,,,,,,,,
377313,2009,2009-06-26,"Sabina Park, Kingston",2,22.1,West Indies,India,RR Sarwan,S Chanderpaul,Yuvraj Singh,0,0,,,,,,,,,
377313,2009,2009-06-26,"Sabina Park, Kingston",2,22.2,West Indies,India,RR Sarwan,S Chanderpaul,Yuvraj Singh,1,0,,,,,,,,,
377313,2009,2009-06-26,"Sabina Park, Kingston",2,22.3,West Indies,India,S Chanderpaul,RR Sarwan,Yuvraj Singh,2,0,,,,,,,,,
377313,2009,2009-06-26,"Sabina Park, Kingston",2,22.4,West Indies,India,S Chanderpaul,RR Sarwan,Yuvraj Singh,1,0,,,,,,,,,
377313,2009,2009-06-26,"Sabina Park, Kingston",2,22.5,West Indies,India,RR Sarwan,S Chanderpaul,Yuvraj Singh,4,0,,,,,,,,,
377313,2009,2009-06-26,"Sabina Park, Kingston",2,22.6,West Indies,India,RR Sarwan,S Chanderpaul,Yuvraj Singh,0,0,,,,,,,,,
377313,2009,2009-06-26,"Sabina Park, Kingston",2,23.1,West Indies,India,S Chanderpaul,RR Sarwan,Harbhajan Singh,1,0,,,,,,,,,
377313,2009,2009-06-26,"Sabina Park, Kingston",2,23.2,West Indies,India,RR Sarwan,S Chanderpaul,Harbhajan Singh,1,0,,,,,,,,,
377313,2009,2009-06-26,"Sabina Park, Kingston",2,23.3,West Indies,India,S Chanderpaul,RR Sarwan,Harbhajan Singh,0,0,,,,,,,,,
377313,2009,2009-06-26,"Sabina Park, Kingston",2,23.4,West Indies,India,S Chanderpaul,RR Sarwan,Harbhajan Singh,1,0,,,,,,,,,
377313,2009,2009-06-26,"Sabina Park, Kingston",2,23.5,West Indies,India,RR Sarwan,S Chanderpaul,Harbhajan Singh,0,0,,,,,,,,,
377313,2009,2009-06-26,"Sabina Park, Kingston",2,23.6,West Indies,India,RR Sarwan,S Chanderpaul,Harbhajan Singh,1,0,,,,,,,,,
377313,2009,2009-06-26,"Sabina Park, Kingston",2,24.1,West Indies,India,RR Sarwan,S Chanderpaul,Yuvraj Singh,0,0,,,,,,,,,
377313,2009,2009-06-26,"Sabina Park, Kingston",2,24.2,West Indies,India,RR Sarwan,S Chanderpaul,Yuvraj Singh,1,0,,,,,,,,,
377313,2009,2009-06-26,"Sabina Park, Kingston",2,24.3,West Indies,India,S Chanderpaul,RR Sarwan,Yuvraj Singh,0,0,,,,,,,,,
377313,2009,2009-06-26,"Sabina Park, Kingston",2,24.4,West Indies,India,S Chanderpaul,RR Sarwan,Yuvraj Singh,1,0,,,,,,,,,
377313,2009,2009-06-26,"Sabina Park, Kingston",2,24.5,West Indies,India,RR Sarwan,S Chanderpaul,Yuvraj Singh,6,0,,,,,,,,,
377313,2009,2009-06-26,"Sabina Park, Kingston",2,24.6,West Indies,India,RR Sarwan,S Chanderpaul,Yuvraj Singh,1,0,,,,,,run out,RR Sarwan,,
377313,2009,2009-06-26,"Sabina Park, Kingston",2,25.1,West Indies,India,S Chanderpaul,DJ Bravo,Harbhajan Singh,1,0,,,,,,,,,
377313,2009,2009-06-26,"Sabina Park, Kingston",2,25.2,West Indies,India,DJ Bravo,S Chanderpaul,Harbhajan Singh,0,0,,,,,,,,,
377313,2009,2009-06-26,"Sabina Park, Kingston",2,25.3,West Indies,India,DJ Bravo,S Chanderpaul,Harbhajan Singh,0,1,1,,,,,,,,
377313,2009,2009-06-26,"Sabina Park, Kingston",2,25.4,West Indies,India,DJ Bravo,S Chanderpaul,Harbhajan Singh,0,0,,,,,,,,,
377313,2009,2009-06-26,"Sabina Park, Kingston",2,25.5,West Indies,India,DJ Bravo,S Chanderpaul,Harbhajan Singh,0,0,,,,,,,,,
377313,2009,2009-06-26,"Sabina Park, Kingston",2,25.6,West Indies,India,DJ Bravo,S Chanderpaul,Harbhajan Singh,0,0,,,,,,,,,
377313,2009,2009-06-26,"Sabina Park, Kingston",2,25.7,West Indies,India,DJ Bravo,S Chanderpaul,Harbhajan Singh,0,0,,,,,,,,,
377313,2009,2009-06-26,"Sabina Park, Kingston",2,26.1,West Indies,India,S Chanderpaul,DJ Bravo,Yuvraj Singh,0,0,,,,,,,,,
377313,2009,2009-06-26,"Sabina Park, Kingston",2,26.2,West Indies,India,S Chanderpaul,DJ Bravo,Yuvraj Singh,1,0,,,,,,,,,
377313,2009,2009-06-26,"Sabina Park, Kingston",2,26.3,West Indies,India,DJ Bravo,S Chanderpaul,Yuvraj Singh,1,0,,,,,,,,,
377313,2009,2009-06-26,"Sabina Park, Kingston",2,26.4,West Indies,India,S Chanderpaul,DJ Bravo,Yuvraj Singh,0,0,,,,,,,,,
377313,2009,2009-06-26,"Sabina Park, Kingston",2,26.5,West Indies,India,S Chanderpaul,DJ Bravo,Yuvraj Singh,0,0,,,,,,,,,
377313,2009,2009-06-26,"Sabina Park, Kingston",2,26.6,West Indies,India,S Chanderpaul,DJ Bravo,Yuvraj Singh,2,0,,,,,,,,,
377313,2009,2009-06-26,"Sabina Park, Kingston",2,27.1,West Indies,India,DJ Bravo,S Chanderpaul,Harbhajan Singh,1,0,,,,,,,,,
377313,2009,2009-06-26,"Sabina Park, Kingston",2,27.2,West Indies,India,S Chanderpaul,DJ Bravo,Harbhajan Singh,1,0,,,,,,,,,
377313,2009,2009-06-26,"Sabina Park, Kingston",2,27.3,West Indies,India,DJ Bravo,S Chanderpaul,Harbhajan Singh,0,0,,,,,,,,,
377313,2009,2009-06-26,"Sabina Park, Kingston",2,27.4,West Indies,India,DJ Bravo,S Chanderpaul,Harbhajan Singh,1,0,,,,,,,,,
377313,2009,2009-06-26,"Sabina Park, Kingston",2,27.5,West Indies,India,S Chanderpaul,DJ Bravo,Harbhajan Singh,0,0,,,,,,,,,
377313,2009,2009-06-26,"Sabina Park, Kingston",2,27.6,West Indies,India,S Chanderpaul,DJ Bravo,Harbhajan Singh,0,0,,,,,,,,,
377313,2009,2009-06-26,"Sabina Park, Kingston",2,28.1,West Indies,India,DJ Bravo,S Chanderpaul,Yuvraj Singh,0,0,,,,,,,,,
377313,2009,2009-06-26,"Sabina Park, Kingston",2,28.2,West Indies,India,DJ Bravo,S Chanderpaul,Yuvraj Singh,0,0,,,,,,,,,
377313,2009,2009-06-26,"Sabina Park, Kingston",2,28.3,West Indies,India,DJ Bravo,S Chanderpaul,Yuvraj Singh,1,0,,,,,,,,,
377313,2009,2009-06-26,"Sabina Park, Kingston",2,28.4,West Indies,India,S Chanderpaul,DJ Bravo,Yuvraj Singh,6,0,,,,,,,,,
377313,2009,2009-06-26,"Sabina Park, Kingston",2,28.5,West Indies,India,S Chanderpaul,DJ Bravo,Yuvraj Singh,6,0,,,,,,,,,
377313,2009,2009-06-26,"Sabina Park, Kingston",2,28.6,West Indies,India,S Chanderpaul,DJ Bravo,Yuvraj Singh,0,0,,,,,,,,,
377313,2009,2009-06-26,"Sabina Park, Kingston",2,29.1,West Indies,India,DJ Bravo,S Chanderpaul,I Sharma,1,0,,,,,,,,,
377313,2009,2009-06-26,"Sabina Park, Kingston",2,29.2,West Indies,India,S Chanderpaul,DJ Bravo,I Sharma,1,0,,,,,,,,,
377313,2009,2009-06-26,"Sabina Park, Kingston",2,29.3,West Indies,India,DJ Bravo,S Chanderpaul,I Sharma,1,0,,,,,,,,,
377313,2009,2009-06-26,"Sabina Park, Kingston",2,29.4,West Indies,India,S Chanderpaul,DJ Bravo,I Sharma,4,0,,,,,,,,,
377313,2009,2009-06-26,"Sabina Park, Kingston",2,29.5,West Indies,India,S Chanderpaul,DJ Bravo,I Sharma,0,0,,,,,,,,,
377313,2009,2009-06-26,"Sabina Park, Kingston",2,29.6,West Indies,India,S Chanderpaul,DJ Bravo,I Sharma,1,0,,,,,,,,,
377313,2009,2009-06-26,"Sabina Park, Kingston",2,30.1,West Indies,India,S Chanderpaul,DJ Bravo,RP Singh,1,0,,,,,,,,,
377313,2009,2009-06-26,"Sabina Park, Kingston",2,30.2,West Indies,India,DJ Bravo,S Chanderpaul,RP Singh,0,0,,,,,,,,,
377313,2009,2009-06-26,"Sabina Park, Kingston",2,30.3,West Indies,India,DJ Bravo,S Chanderpaul,RP Singh,1,0,,,,,,,,,
377313,2009,2009-06-26,"Sabina Park, Kingston",2,30.4,West Indies,India,S Chanderpaul,DJ Bravo,RP Singh,1,0,,,,,,,,,
377313,2009,2009-06-26,"Sabina Park, Kingston",2,30.5,West Indies,India,DJ Bravo,S Chanderpaul,RP Singh,0,0,,,,,,,,,
377313,2009,2009-06-26,"Sabina Park, Kingston",2,30.6,West Indies,India,DJ Bravo,S Chanderpaul,RP Singh,0,0,,,,,,,,,
377313,2009,2009-06-26,"Sabina Park, Kingston",2,31.1,West Indies,India,S Chanderpaul,DJ Bravo,I Sharma,0,1,1,,,,,,,,
377313,2009,2009-06-26,"Sabina Park, Kingston",2,31.2,West Indies,India,S Chanderpaul,DJ Bravo,I Sharma,0,1,,,,1,,,,,
377313,2009,2009-06-26,"Sabina Park, Kingston",2,31.3,West Indies,India,DJ Bravo,S Chanderpaul,I Sharma,0,0,,,,,,,,,
377313,2009,2009-06-26,"Sabina Park, Kingston",2,31.4,West Indies,India,DJ Bravo,S Chanderpaul,I Sharma,1,0,,,,,,,,,
377313,2009,2009-06-26,"Sabina Park, Kingston",2,31.5,West Indies,India,S Chanderpaul,DJ Bravo,I Sharma,0,1,,,,1,,,,,
377313,2009,2009-06-26,"Sabina Park, Kingston",2,31.6,West Indies,India,DJ Bravo,S Chanderpaul,I Sharma,0,0,,,,,,caught,DJ Bravo,,
377313,2009,2009-06-26,"Sabina Park, Kingston",2,31.7,West Indies,India,S Chanderpaul,DM Bravo,I Sharma,0,0,,,,,,,,,
377313,2009,2009-06-26,"Sabina Park, Kingston",2,32.1,West Indies,India,DM Bravo,S Chanderpaul,RP Singh,4,0,,,,,,,,,
377313,2009,2009-06-26,"Sabina Park, Kingston",2,32.2,West Indies,India,DM Bravo,S Chanderpaul,RP Singh,4,0,,,,,,,,,
377313,2009,2009-06-26,"Sabina Park, Kingston",2,32.3,West Indies,India,DM Bravo,S Chanderpaul,RP Singh,0,0,,,,,,,,,
377313,2009,2009-06-26,"Sabina Park, Kingston",2,32.4,West Indies,India,DM Bravo,S Chanderpaul,RP Singh,1,0,,,,,,,,,
377313,2009,2009-06-26,"Sabina Park, Kingston",2,32.5,West Indies,India,S Chanderpaul,DM Bravo,RP Singh,1,0,,,,,,,,,
377313,2009,2009-06-26,"Sabina Park, Kingston",2,32.6,West Indies,India,DM Bravo,S Chanderpaul,RP Singh,0,0,,,,,,,,,
377313,2009,2009-06-26,"Sabina Park, Kingston",2,33.1,West Indies,India,S Chanderpaul,DM Bravo,I Sharma,4,0,,,,,,,,,
377313,2009,2009-06-26,"Sabina Park, Kingston",2,33.2,West Indies,India,S Chanderpaul,DM Bravo,I Sharma,2,0,,,,,,,,,
377313,2009,2009-06-26,"Sabina Park, Kingston",2,33.3,West Indies,India,S Chanderpaul,DM Bravo,I Sharma,4,0,,,,,,,,,
377313,2009,2009-06-26,"Sabina Park, Kingston",2,33.4,West Indies,India,S Chanderpaul,DM Bravo,I Sharma,1,0,,,,,,,,,
377313,2009,2009-06-26,"Sabina Park, Kingston",2,33.5,West Indies,India,DM Bravo,S Chanderpaul,I Sharma,2,0,,,,,,,,,
377313,2009,2009-06-26,"Sabina Park, Kingston",2,33.6,West Indies,India,DM Bravo,S Chanderpaul,I Sharma,1,0,,,,,,,,,
377313,2009,2009-06-26,"Sabina Park, Kingston",2,34.1,West Indies,India,DM Bravo,S Chanderpaul,Harbhajan Singh,1,0,,,,,,,,,
377313,2009,2009-06-26,"Sabina Park, Kingston",2,34.2,West Indies,India,S Chanderpaul,DM Bravo,Harbhajan Singh,1,0,,,,,,,,,
377313,2009,2009-06-26,"Sabina Park, Kingston",2,34.3,West Indies,India,DM Bravo,S Chanderpaul,Harbhajan Singh,1,0,,,,,,,,,
377313,2009,2009-06-26,"Sabina Park, Kingston",2,34.4,West Indies,India,S Chanderpaul,DM Bravo,Harbhajan Singh,0,0,,,,,,,,,
377313,2009,2009-06-26,"Sabina Park, Kingston",2,34.5,West Indies,India,S Chanderpaul,DM Bravo,Harbhajan Singh,0,0,,,,,,,,,
377313,2009,2009-06-26,"Sabina Park, Kingston",2,34.6,West Indies,India,S Chanderpaul,DM Bravo,Harbhajan Singh,1,0,,,,,,,,,
377313,2009,2009-06-26,"Sabina Park, Kingston",2,35.1,West Indies,India,S Chanderpaul,DM Bravo,YK Pathan,1,0,,,,,,,,,
377313,2009,2009-06-26,"Sabina Park, Kingston",2,35.2,West Indies,India,DM Bravo,S Chanderpaul,YK Pathan,1,0,,,,,,,,,
377313,2009,2009-06-26,"Sabina Park, Kingston",2,35.3,West Indies,India,S Chanderpaul,DM Bravo,YK Pathan,6,0,,,,,,,,,
377313,2009,2009-06-26,"Sabina Park, Kingston",2,35.4,West Indies,India,S Chanderpaul,DM Bravo,YK Pathan,0,0,,,,,,caught,S Chanderpaul,,
377313,2009,2009-06-26,"Sabina Park, Kingston",2,35.5,West Indies,India,DM Bravo,JE Taylor,YK Pathan,0,0,,,,,,,,,
377313,2009,2009-06-26,"Sabina Park, Kingston",2,35.6,West Indies,India,DM Bravo,JE Taylor,YK Pathan,0,0,,,,,,,,,
377313,2009,2009-06-26,"Sabina Park, Kingston",2,36.1,West Indies,India,JE Taylor,DM Bravo,Harbhajan Singh,0,0,,,,,,,,,
377313,2009,2009-06-26,"Sabina Park, Kingston",2,36.2,West Indies,India,JE Taylor,DM Bravo,Harbhajan Singh,0,0,,,,,,,,,
377313,2009,2009-06-26,"Sabina Park, Kingston",2,36.3,West Indies,India,JE Taylor,DM Bravo,Harbhajan Singh,0,0,,,,,,,,,
377313,2009,2009-06-26,"Sabina Park, Kingston",2,36.4,West Indies,India,JE Taylor,DM Bravo,Harbhajan Singh,2,0,,,,,,,,,
377313,2009,2009-06-26,"Sabina Park, Kingston",2,36.5,West Indies,India,JE Taylor,DM Bravo,Harbhajan Singh,0,0,,,,,,,,,
377313,2009,2009-06-26,"Sabina Park, Kingston",2,36.6,West Indies,India,JE Taylor,DM Bravo,Harbhajan Singh,0,0,,,,,,,,,
377313,2009,2009-06-26,"Sabina Park, Kingston",2,37.1,West Indies,India,DM Bravo,JE Taylor,YK Pathan,2,0,,,,,,,,,
377313,2009,2009-06-26,"Sabina Park, Kingston",2,37.2,West Indies,India,DM Bravo,JE Taylor,YK Pathan,1,0,,,,,,,,,
377313,2009,2009-06-26,"Sabina Park, Kingston",2,37.3,West Indies,India,JE Taylor,DM Bravo,YK Pathan,4,0,,,,,,,,,
377313,2009,2009-06-26,"Sabina Park, Kingston",2,37.4,West Indies,India,JE Taylor,DM Bravo,YK Pathan,1,0,,,,,,,,,
377313,2009,2009-06-26,"Sabina Park, Kingston",2,37.5,West Indies,India,DM Bravo,JE Taylor,YK Pathan,1,0,,,,,,,,,
377313,2009,2009-06-26,"Sabina Park, Kingston",2,37.6,West Indies,India,JE Taylor,DM Bravo,YK Pathan,1,0,,,,,,,,,
377313,2009,2009-06-26,"Sabina Park, Kingston",2,38.1,West Indies,India,JE Taylor,DM Bravo,Harbhajan Singh,4,0,,,,,,,,,
377313,2009,2009-06-26,"Sabina Park, Kingston",2,38.2,West Indies,India,JE Taylor,DM Bravo,Harbhajan Singh,1,0,,,,,,,,,
377313,2009,2009-06-26,"Sabina Park, Kingston",2,38.3,West Indies,India,DM Bravo,JE Taylor,Harbhajan Singh,0,0,,,,,,caught,DM Bravo,,
377313,2009,2009-06-26,"Sabina Park, Kingston",2,38.4,West Indies,India,JE Taylor,D Ramdin,Harbhajan Singh,4,0,,,,,,,,,
377313,2009,2009-06-26,"Sabina Park, Kingston",2,38.5,West Indies,India,JE Taylor,D Ramdin,Harbhajan Singh,4,0,,,,,,,,,
377313,2009,2009-06-26,"Sabina Park, Kingston",2,38.6,West Indies,India,JE Taylor,D Ramdin,Harbhajan Singh,0,0,,,,,,,,,
377313,2009,2009-06-26,"Sabina Park, Kingston",2,39.1,West Indies,India,D Ramdin,JE Taylor,YK Pathan,0,0,,,,,,,,,
377313,2009,2009-06-26,"Sabina Park, Kingston",2,39.2,West Indies,India,D Ramdin,JE Taylor,YK Pathan,0,1,,,,1,,,,,
377313,2009,2009-06-26,"Sabina Park, Kingston",2,39.3,West Indies,India,JE Taylor,D Ramdin,YK Pathan,0,0,,,,,,lbw,JE Taylor,,
377313,2009,2009-06-26,"Sabina Park, Kingston",2,39.4,West Indies,India,DE Bernard,D Ramdin,YK Pathan,0,0,,,,,,,,,
377313,2009,2009-06-26,"Sabina Park, Kingston",2,39.5,West Indies,India,DE Bernard,D Ramdin,YK Pathan,0,1,1,,,,,,,,
377313,2009,2009-06-26,"Sabina Park, Kingston",2,39.6,West Indies,India,DE Bernard,D Ramdin,YK Pathan,0,0,,,,,,,,,
377313,2009,2009-06-26,"Sabina Park, Kingston",2,39.7,West Indies,India,DE Bernard,D Ramdin,YK Pathan,1,0,,,,,,,,,
377313,2009,2009-06-26,"Sabina Park, Kingston",2,40.1,West Indies,India,DE Bernard,D Ramdin,Harbhajan Singh,0,0,,,,,,,,,
377313,2009,2009-06-26,"Sabina Park, Kingston",2,40.2,West Indies,India,DE Bernard,D Ramdin,Harbhajan Singh,0,0,,,,,,,,,
377313,2009,2009-06-26,"Sabina Park, Kingston",2,40.3,West Indies,India,DE Bernard,D Ramdin,Harbhajan Singh,1,0,,,,,,,,,
377313,2009,2009-06-26,"Sabina Park, Kingston",2,40.4,West Indies,India,D Ramdin,DE Bernard,Harbhajan Singh,1,0,,,,,,,,,
377313,2009,2009-06-26,"Sabina Park, Kingston",2,40.5,West Indies,India,DE Bernard,D Ramdin,Harbhajan Singh,1,0,,,,,,,,,
377313,2009,2009-06-26,"Sabina Park, Kingston",2,40.6,West Indies,India,D Ramdin,DE Bernard,Harbhajan Singh,2,0,,,,,,,,,
377313,2009,2009-06-26,"Sabina Park, Kingston",2,41.1,West Indies,India,DE Bernard,D Ramdin,RA Jadeja,2,0,,,,,,,,,
377313,2009,2009-06-26,"Sabina Park, Kingston",2,41.2,West Indies,India,DE Bernard,D Ramdin,RA Jadeja,2,0,,,,,,,,,
377313,2009,2009-06-26,"Sabina Park, Kingston",2,41.3,West Indies,India,DE Bernard,D Ramdin,RA Jadeja,2,0,,,,,,,,,
377313,2009,2009-06-26,"Sabina Park, Kingston",2,41.4,West Indies,India,DE Bernard,D Ramdin,RA Jadeja,0,0,,,,,,,,,
377313,2009,2009-06-26,"Sabina Park, Kingston",2,41.5,West Indies,India,DE Bernard,D Ramdin,RA Jadeja,1,0,,,,,,,,,
377313,2009,2009-06-26,"Sabina Park, Kingston",2,41.6,West Indies,India,D Ramdin,DE Bernard,RA Jadeja,1,0,,,,,,,,,
377313,2009,2009-06-26,"Sabina Park, Kingston",2,42.1,West Indies,India,D Ramdin,DE Bernard,Harbhajan Singh,0,3,3,,,,,,,,
377313,2009,2009-06-26,"Sabina Park, Kingston",2,42.2,West Indies,India,D Ramdin,DE Bernard,Harbhajan Singh,2,0,,,,,,,,,
377313,2009,2009-06-26,"Sabina Park, Kingston",2,42.3,West Indies,India,D Ramdin,DE Bernard,Harbhajan Singh,1,0,,,,,,,,,
377313,2009,2009-06-26,"Sabina Park, Kingston",2,42.4,West Indies,India,DE Bernard,D Ramdin,Harbhajan Singh,1,0,,,,,,,,,
377313,2009,2009-06-26,"Sabina Park, Kingston",2,42.5,West Indies,India,D Ramdin,DE Bernard,Harbhajan Singh,0,0,,,,,,,,,
377313,2009,2009-06-26,"Sabina Park, Kingston",2,42.6,West Indies,India,D Ramdin,DE Bernard,Harbhajan Singh,1,0,,,,,,,,,
377313,2009,2009-06-26,"Sabina Park, Kingston",2,42.7,West Indies,India,DE Bernard,D Ramdin,Harbhajan Singh,4,0,,,,,,,,,
377313,2009,2009-06-26,"Sabina Park, Kingston",2,43.1,West Indies,India,D Ramdin,DE Bernard,YK Pathan,1,0,,,,,,,,,
377313,2009,2009-06-26,"Sabina Park, Kingston",2,43.2,West Indies,India,DE Bernard,D Ramdin,YK Pathan,0,0,,,,,,,,,
377313,2009,2009-06-26,"Sabina Park, Kingston",2,43.3,West Indies,India,DE Bernard,D Ramdin,YK Pathan,1,0,,,,,,,,,
377313,2009,2009-06-26,"Sabina Park, Kingston",2,43.4,West Indies,India,D Ramdin,DE Bernard,YK Pathan,1,0,,,,,,,,,
377313,2009,2009-06-26,"Sabina Park, Kingston",2,43.5,West Indies,India,DE Bernard,D Ramdin,YK Pathan,1,0,,,,,,,,,
377313,2009,2009-06-26,"Sabina Park, Kingston",2,43.6,West Indies,India,D Ramdin,DE Bernard,YK Pathan,0,5,5,,,,,,,,
377313,2009,2009-06-26,"Sabina Park, Kingston",2,43.7,West Indies,India,D Ramdin,DE Bernard,YK Pathan,4,0,,,,,,,,,
377313,2009,2009-06-26,"Sabina Park, Kingston",2,44.1,West Indies,India,DE Bernard,D Ramdin,A Nehra,1,0,,,,,,,,,
377313,2009,2009-06-26,"Sabina Park, Kingston",2,44.2,West Indies,India,D Ramdin,DE Bernard,A Nehra,1,0,,,,,,,,,
377313,2009,2009-06-26,"Sabina Park, Kingston",2,44.3,West Indies,India,DE Bernard,D Ramdin,A Nehra,1,0,,,,,,,,,
377313,2009,2009-06-26,"Sabina Park, Kingston",2,44.4,West Indies,India,D Ramdin,DE Bernard,A Nehra,1,0,,,,,,,,,
377313,2009,2009-06-26,"Sabina Park, Kingston",2,44.5,West Indies,India,DE Bernard,D Ramdin,A Nehra,0,0,,,,,,caught,DE Bernard,,
377313,2009,2009-06-26,"Sabina Park, Kingston",2,44.6,West Indies,India,D Ramdin,SJ Benn,A Nehra,1,0,,,,,,,,,
377313,2009,2009-06-26,"Sabina Park, Kingston",2,45.1,West Indies,India,D Ramdin,SJ Benn,RP Singh,0,0,,,,,,,,,
377313,2009,2009-06-26,"Sabina Park, Kingston",2,45.2,West Indies,India,D Ramdin,SJ Benn,RP Singh,1,0,,,,,,,,,
377313,2009,2009-06-26,"Sabina Park, Kingston",2,45.3,West Indies,India,SJ Benn,D Ramdin,RP Singh,0,0,,,,,,,,,
377313,2009,2009-06-26,"Sabina Park, Kingston",2,45.4,West Indies,India,SJ Benn,D Ramdin,RP Singh,4,0,,,,,,,,,
377313,2009,2009-06-26,"Sabina Park, Kingston",2,45.5,West Indies,India,SJ Benn,D Ramdin,RP Singh,1,0,,,,,,,,,
377313,2009,2009-06-26,"Sabina Park, Kingston",2,45.6,West Indies,India,D Ramdin,SJ Benn,RP Singh,1,0,,,,,,,,,
377313,2009,2009-06-26,"Sabina Park, Kingston",2,46.1,West Indies,India,D Ramdin,SJ Benn,A Nehra,1,0,,,,,,,,,
377313,2009,2009-06-26,"Sabina Park, Kingston",2,46.2,West Indies,India,SJ Benn,D Ramdin,A Nehra,0,1,1,,,,,,,,
377313,2009,2009-06-26,"Sabina Park, Kingston",2,46.3,West Indies,India,SJ Benn,D Ramdin,A Nehra,1,0,,,,,,,,,
377313,2009,2009-06-26,"Sabina Park, Kingston",2,46.4,West Indies,India,D Ramdin,SJ Benn,A Nehra,6,0,,,,,,,,,
377313,2009,2009-06-26,"Sabina Park, Kingston",2,46.5,West Indies,India,D Ramdin,SJ Benn,A Nehra,0,1,1,,,,,,,,
377313,2009,2009-06-26,"Sabina Park, Kingston",2,46.6,West Indies,India,D Ramdin,SJ Benn,A Nehra,1,0,,,,,,,,,
377313,2009,2009-06-26,"Sabina Park, Kingston",2,46.7,West Indies,India,SJ Benn,D Ramdin,A Nehra,1,0,,,,,,,,,
377313,2009,2009-06-26,"Sabina Park, Kingston",2,46.8,West Indies,India,D Ramdin,SJ Benn,A Nehra,1,0,,,,,,,,,
377313,2009,2009-06-26,"Sabina Park, Kingston",2,47.1,West Indies,India,D Ramdin,SJ Benn,RP Singh,0,1,1,,,,,,,,
377313,2009,2009-06-26,"Sabina Park, Kingston",2,47.2,West Indies,India,D Ramdin,SJ Benn,RP Singh,0,1,1,,,,,,,,
377313,2009,2009-06-26,"Sabina Park, Kingston",2,47.3,West Indies,India,D Ramdin,SJ Benn,RP Singh,0,0,,,,,,,,,
377313,2009,2009-06-26,"Sabina Park, Kingston",2,47.4,West Indies,India,D Ramdin,SJ Benn,RP Singh,0,0,,,,,,,,,
377313,2009,2009-06-26,"Sabina Park, Kingston",2,47.5,West Indies,India,D Ramdin,SJ Benn,RP Singh,1,0,,,,,,,,,
377313,2009,2009-06-26,"Sabina Park, Kingston",2,47.6,West Indies,India,SJ Benn,D Ramdin,RP Singh,0,0,,,,,,bowled,SJ Benn,,
377313,2009,2009-06-26,"Sabina Park, Kingston",2,47.7,West Indies,India,LS Baker,D Ramdin,RP Singh,0,1,1,,,,,,,,
377313,2009,2009-06-26,"Sabina Park, Kingston",2,47.8,West Indies,India,LS Baker,D Ramdin,RP Singh,0,0,,,,,,,,,
377313,2009,2009-06-26,"Sabina Park, Kingston",2,47.9,West Indies,India,LS Baker,D Ramdin,RP Singh,0,0,,,,,,,,,
377313,2009,2009-06-26,"Sabina Park, Kingston",2,48.1,West Indies,India,D Ramdin,LS Baker,A Nehra,0,0,,,,,,caught,D Ramdin,,
