version,2.1.0
info,balls_per_over,6
info,team,Sri Lanka
info,team,India
info,gender,male
info,season,2008/09
info,date,2009/01/31
info,event,India in Sri Lanka ODI Series
info,match_number,2
info,venue,R Premadasa Stadium
info,city,Colombo
info,toss_winner,India
info,toss_decision,bat
info,player_of_match,I Sharma
info,umpire,BG Jerling
info,umpire,MG Silva
info,reserve_umpire,WA Senanayake
info,tv_umpire,HDPK Dharmasena
info,match_referee,BC Broad
info,winner,India
info,winner_runs,15
info,player,India,V Sehwag
info,player,India,SR Tendulkar
info,player,India,G Gambhir
info,player,India,Yuvraj Singh
info,player,India,SK Raina
info,player,India,MS Dhoni
info,player,India,YK Pathan
info,player,India,Z Khan
info,player,India,P Kumar
info,player,India,PP Ojha
info,player,India,I Sharma
info,player,Sri Lanka,TM Dilshan
info,player,Sri Lanka,ST Jayasuriya
info,player,Sri Lanka,KC Sangakkara
info,player,Sri Lanka,DPMD Jayawardene
info,player,Sri Lanka,SHT Kandamby
info,player,Sri Lanka,CK Kapugedera
info,player,Sri Lanka,MF Maharoof
info,player,Sri Lanka,T Thushara
info,player,Sri Lanka,M Muralitharan
info,player,Sri Lanka,KMDN Kulasekara
info,player,Sri Lanka,BAW Mendis
info,registry,people,BAW Mendis,ea0cdc12
info,registry,people,BC Broad,d6a7dd38
info,registry,people,BG Jerling,26457e41
info,registry,people,CK Kapugedera,cfad138c
info,registry,people,DPMD Jayawardene,d18f9182
info,registry,people,G Gambhir,bb345e0b
info,registry,people,HDPK Dharmasena,323e4c16
info,registry,people,I Sharma,5bb1a1c4
info,registry,people,KC Sangakkara,6b71e6cf
info,registry,people,KMDN Kulasekara,469ea22b
info,registry,people,M Muralitharan,4ba44e19
info,registry,people,MF Maharoof,ab89348d
info,registry,people,MG Silva,0f22d07b
info,registry,people,MS Dhoni,4a8a2e3b
info,registry,people,P Kumar,e938e1bc
info,registry,people,PP Ojha,6c6591ab
info,registry,people,SHT Kandamby,488b7e1b
info,registry,people,SK Raina,1dc12ab9
info,registry,people,SR Tendulkar,d2c2b2d5
info,registry,people,ST Jayasuriya,f233bbb4
info,registry,people,T Thushara,b2ae53f5
info,registry,people,TM Dilshan,5bdcdb72
info,registry,people,V Sehwag,8ba8195d
info,registry,people,WA Senanayake,09b61b75
info,registry,people,YK Pathan,3c6ffae8
info,registry,people,Yuvraj Singh,1c914163
info,registry,people,Z Khan,91a4a398
