match_id,season,start_date,venue,innings,ball,batting_team,bowling_team,striker,non_striker,bowler,runs_off_bat,extras,wides,noballs,byes,legbyes,penalty,wicket_type,player_dismissed,other_wicket_type,other_player_dismissed
401075,2009,2009-07-31,"Warner Park, Basseterre",1,0.1,West Indies,Bangladesh,KOA Powell,ADS Fletcher,Mahbubul Alam,0,1,1,,,,,,,,
401075,2009,2009-07-31,"Warner Park, Basseterre",1,0.2,West Indies,Bangladesh,KOA Powell,ADS Fletcher,Mahbubul Alam,0,0,,,,,,lbw,KOA Powell,,
401075,2009,2009-07-31,"Warner Park, Basseterre",1,0.3,West Indies,Bangladesh,DS Smith,ADS Fletcher,Mahbubul Alam,0,0,,,,,,,,,
401075,2009,2009-07-31,"Warner Park, Basseterre",1,0.4,West Indies,Bangladesh,DS Smith,ADS Fletcher,Mahbubul Alam,0,0,,,,,,,,,
401075,2009,2009-07-31,"Warner Park, Basseterre",1,0.5,West Indies,Bangladesh,DS Smith,ADS Fletcher,Mahbubul Alam,0,0,,,,,,,,,
401075,2009,2009-07-31,"Warner Park, Basseterre",1,0.6,West Indies,Bangladesh,DS Smith,ADS Fletcher,Mahbubul Alam,0,0,,,,,,,,,
401075,2009,2009-07-31,"Warner Park, Basseterre",1,0.7,West Indies,Bangladesh,DS Smith,ADS Fletcher,Mahbubul Alam,0,0,,,,,,,,,
401075,2009,2009-07-31,"Warner Park, Basseterre",1,1.1,West Indies,Bangladesh,ADS Fletcher,DS Smith,Nazmul Hossain,0,0,,,,,,,,,
401075,2009,2009-07-31,"Warner Park, Basseterre",1,1.2,West Indies,Bangladesh,ADS Fletcher,DS Smith,Nazmul Hossain,0,0,,,,,,,,,
401075,2009,2009-07-31,"Warner Park, Basseterre",1,1.3,West Indies,Bangladesh,ADS Fletcher,DS Smith,Nazmul Hossain,1,0,,,,,,,,,
401075,2009,2009-07-31,"Warner Park, Basseterre",1,1.4,West Indies,Bangladesh,DS Smith,ADS Fletcher,Nazmul Hossain,4,0,,,,,,,,,
401075,2009,2009-07-31,"Warner Park, Basseterre",1,1.5,West Indies,Bangladesh,DS Smith,ADS Fletcher,Nazmul Hossain,0,0,,,,,,,,,
401075,2009,2009-07-31,"Warner Park, Basseterre",1,1.6,West Indies,Bangladesh,DS Smith,ADS Fletcher,Nazmul Hossain,0,0,,,,,,,,,
401075,2009,2009-07-31,"Warner Park, Basseterre",1,2.1,West Indies,Bangladesh,ADS Fletcher,DS Smith,Mahbubul Alam,0,0,,,,,,,,,
401075,2009,2009-07-31,"Warner Park, Basseterre",1,2.2,West Indies,Bangladesh,ADS Fletcher,DS Smith,Mahbubul Alam,0,0,,,,,,,,,
401075,2009,2009-07-31,"Warner Park, Basseterre",1,2.3,West Indies,Bangladesh,ADS Fletcher,DS Smith,Mahbubul Alam,0,0,,,,,,,,,
401075,2009,2009-07-31,"Warner Park, Basseterre",1,2.4,West Indies,Bangladesh,ADS Fletcher,DS Smith,Mahbubul Alam,0,0,,,,,,,,,
401075,2009,2009-07-31,"Warner Park, Basseterre",1,2.5,West Indies,Bangladesh,ADS Fletcher,DS Smith,Mahbubul Alam,0,0,,,,,,,,,
401075,2009,2009-07-31,"Warner Park, Basseterre",1,2.6,West Indies,Bangladesh,ADS Fletcher,DS Smith,Mahbubul Alam,4,0,,,,,,,,,
401075,2009,2009-07-31,"Warner Park, Basseterre",1,3.1,West Indies,Bangladesh,DS Smith,ADS Fletcher,Nazmul Hossain,0,0,,,,,,bowled,DS Smith,,
401075,2009,2009-07-31,"Warner Park, Basseterre",1,3.2,West Indies,Bangladesh,TM Dowlin,ADS Fletcher,Nazmul Hossain,0,1,1,,,,,,,,
401075,2009,2009-07-31,"Warner Park, Basseterre",1,3.3,West Indies,Bangladesh,TM Dowlin,ADS Fletcher,Nazmul Hossain,0,0,,,,,,,,,
401075,2009,2009-07-31,"Warner Park, Basseterre",1,3.4,West Indies,Bangladesh,TM Dowlin,ADS Fletcher,Nazmul Hossain,0,0,,,,,,,,,
401075,2009,2009-07-31,"Warner Park, Basseterre",1,3.5,West Indies,Bangladesh,TM Dowlin,ADS Fletcher,Nazmul Hossain,0,0,,,,,,,,,
401075,2009,2009-07-31,"Warner Park, Basseterre",1,3.6,West Indies,Bangladesh,TM Dowlin,ADS Fletcher,Nazmul Hossain,1,0,,,,,,,,,
401075,2009,2009-07-31,"Warner Park, Basseterre",1,3.7,West Indies,Bangladesh,ADS Fletcher,TM Dowlin,Nazmul Hossain,4,0,,,,,,,,,
401075,2009,2009-07-31,"Warner Park, Basseterre",1,4.1,West Indies,Bangladesh,TM Dowlin,ADS Fletcher,Mahbubul Alam,0,0,,,,,,,,,
401075,2009,2009-07-31,"Warner Park, Basseterre",1,4.2,West Indies,Bangladesh,TM Dowlin,ADS Fletcher,Mahbubul Alam,1,0,,,,,,,,,
401075,2009,2009-07-31,"Warner Park, Basseterre",1,4.3,West Indies,Bangladesh,ADS Fletcher,TM Dowlin,Mahbubul Alam,0,0,,,,,,,,,
401075,2009,2009-07-31,"Warner Park, Basseterre",1,4.4,West Indies,Bangladesh,ADS Fletcher,TM Dowlin,Mahbubul Alam,0,1,1,,,,,,,,
401075,2009,2009-07-31,"Warner Park, Basseterre",1,4.5,West Indies,Bangladesh,ADS Fletcher,TM Dowlin,Mahbubul Alam,6,0,,,,,,,,,
401075,2009,2009-07-31,"Warner Park, Basseterre",1,4.6,West Indies,Bangladesh,ADS Fletcher,TM Dowlin,Mahbubul Alam,0,0,,,,,,,,,
401075,2009,2009-07-31,"Warner Park, Basseterre",1,4.7,West Indies,Bangladesh,ADS Fletcher,TM Dowlin,Mahbubul Alam,6,0,,,,,,,,,
401075,2009,2009-07-31,"Warner Park, Basseterre",1,5.1,West Indies,Bangladesh,TM Dowlin,ADS Fletcher,Nazmul Hossain,0,0,,,,,,,,,
401075,2009,2009-07-31,"Warner Park, Basseterre",1,5.2,West Indies,Bangladesh,TM Dowlin,ADS Fletcher,Nazmul Hossain,0,0,,,,,,,,,
401075,2009,2009-07-31,"Warner Park, Basseterre",1,5.3,West Indies,Bangladesh,TM Dowlin,ADS Fletcher,Nazmul Hossain,0,0,,,,,,,,,
401075,2009,2009-07-31,"Warner Park, Basseterre",1,5.4,West Indies,Bangladesh,TM Dowlin,ADS Fletcher,Nazmul Hossain,0,0,,,,,,,,,
401075,2009,2009-07-31,"Warner Park, Basseterre",1,5.5,West Indies,Bangladesh,TM Dowlin,ADS Fletcher,Nazmul Hossain,4,0,,,,,,,,,
401075,2009,2009-07-31,"Warner Park, Basseterre",1,5.6,West Indies,Bangladesh,TM Dowlin,ADS Fletcher,Nazmul Hossain,0,0,,,,,,,,,
401075,2009,2009-07-31,"Warner Park, Basseterre",1,6.1,West Indies,Bangladesh,ADS Fletcher,TM Dowlin,Mahbubul Alam,0,0,,,,,,,,,
401075,2009,2009-07-31,"Warner Park, Basseterre",1,6.2,West Indies,Bangladesh,ADS Fletcher,TM Dowlin,Mahbubul Alam,0,0,,,,,,,,,
401075,2009,2009-07-31,"Warner Park, Basseterre",1,6.3,West Indies,Bangladesh,ADS Fletcher,TM Dowlin,Mahbubul Alam,4,0,,,,,,,,,
401075,2009,2009-07-31,"Warner Park, Basseterre",1,6.4,West Indies,Bangladesh,ADS Fletcher,TM Dowlin,Mahbubul Alam,0,0,,,,,,,,,
401075,2009,2009-07-31,"Warner Park, Basseterre",1,6.5,West Indies,Bangladesh,ADS Fletcher,TM Dowlin,Mahbubul Alam,4,0,,,,,,,,,
401075,2009,2009-07-31,"Warner Park, Basseterre",1,6.6,West Indies,Bangladesh,ADS Fletcher,TM Dowlin,Mahbubul Alam,4,0,,,,,,,,,
401075,2009,2009-07-31,"Warner Park, Basseterre",1,7.1,West Indies,Bangladesh,TM Dowlin,ADS Fletcher,Abdur Razzak,0,1,,,,1,,,,,
401075,2009,2009-07-31,"Warner Park, Basseterre",1,7.2,West Indies,Bangladesh,ADS Fletcher,TM Dowlin,Abdur Razzak,0,0,,,,,,,,,
401075,2009,2009-07-31,"Warner Park, Basseterre",1,7.3,West Indies,Bangladesh,ADS Fletcher,TM Dowlin,Abdur Razzak,0,0,,,,,,,,,
401075,2009,2009-07-31,"Warner Park, Basseterre",1,7.4,West Indies,Bangladesh,ADS Fletcher,TM Dowlin,Abdur Razzak,0,0,,,,,,,,,
401075,2009,2009-07-31,"Warner Park, Basseterre",1,7.5,West Indies,Bangladesh,ADS Fletcher,TM Dowlin,Abdur Razzak,0,0,,,,,,,,,
401075,2009,2009-07-31,"Warner Park, Basseterre",1,7.6,West Indies,Bangladesh,ADS Fletcher,TM Dowlin,Abdur Razzak,0,1,1,,,,,,,,
401075,2009,2009-07-31,"Warner Park, Basseterre",1,7.7,West Indies,Bangladesh,ADS Fletcher,TM Dowlin,Abdur Razzak,0,0,,,,,,,,,
401075,2009,2009-07-31,"Warner Park, Basseterre",1,8.1,West Indies,Bangladesh,TM Dowlin,ADS Fletcher,Shakib Al Hasan,0,0,,,,,,,,,
401075,2009,2009-07-31,"Warner Park, Basseterre",1,8.2,West Indies,Bangladesh,TM Dowlin,ADS Fletcher,Shakib Al Hasan,0,0,,,,,,,,,
401075,2009,2009-07-31,"Warner Park, Basseterre",1,8.3,West Indies,Bangladesh,TM Dowlin,ADS Fletcher,Shakib Al Hasan,1,0,,,,,,,,,
401075,2009,2009-07-31,"Warner Park, Basseterre",1,8.4,West Indies,Bangladesh,ADS Fletcher,TM Dowlin,Shakib Al Hasan,0,0,,,,,,,,,
401075,2009,2009-07-31,"Warner Park, Basseterre",1,8.5,West Indies,Bangladesh,ADS Fletcher,TM Dowlin,Shakib Al Hasan,0,0,,,,,,,,,
401075,2009,2009-07-31,"Warner Park, Basseterre",1,8.6,West Indies,Bangladesh,ADS Fletcher,TM Dowlin,Shakib Al Hasan,0,0,,,,,,,,,
401075,2009,2009-07-31,"Warner Park, Basseterre",1,9.1,West Indies,Bangladesh,TM Dowlin,ADS Fletcher,Abdur Razzak,0,0,,,,,,,,,
401075,2009,2009-07-31,"Warner Park, Basseterre",1,9.2,West Indies,Bangladesh,TM Dowlin,ADS Fletcher,Abdur Razzak,0,0,,,,,,,,,
401075,2009,2009-07-31,"Warner Park, Basseterre",1,9.3,West Indies,Bangladesh,TM Dowlin,ADS Fletcher,Abdur Razzak,4,0,,,,,,,,,
401075,2009,2009-07-31,"Warner Park, Basseterre",1,9.4,West Indies,Bangladesh,TM Dowlin,ADS Fletcher,Abdur Razzak,4,0,,,,,,,,,
401075,2009,2009-07-31,"Warner Park, Basseterre",1,9.5,West Indies,Bangladesh,TM Dowlin,ADS Fletcher,Abdur Razzak,0,0,,,,,,,,,
401075,2009,2009-07-31,"Warner Park, Basseterre",1,9.6,West Indies,Bangladesh,TM Dowlin,ADS Fletcher,Abdur Razzak,1,0,,,,,,,,,
401075,2009,2009-07-31,"Warner Park, Basseterre",1,10.1,West Indies,Bangladesh,TM Dowlin,ADS Fletcher,Shakib Al Hasan,0,0,,,,,,,,,
401075,2009,2009-07-31,"Warner Park, Basseterre",1,10.2,West Indies,Bangladesh,TM Dowlin,ADS Fletcher,Shakib Al Hasan,0,0,,,,,,,,,
401075,2009,2009-07-31,"Warner Park, Basseterre",1,10.3,West Indies,Bangladesh,TM Dowlin,ADS Fletcher,Shakib Al Hasan,0,0,,,,,,,,,
401075,2009,2009-07-31,"Warner Park, Basseterre",1,10.4,West Indies,Bangladesh,TM Dowlin,ADS Fletcher,Shakib Al Hasan,0,0,,,,,,,,,
401075,2009,2009-07-31,"Warner Park, Basseterre",1,10.5,West Indies,Bangladesh,TM Dowlin,ADS Fletcher,Shakib Al Hasan,0,0,,,,,,,,,
401075,2009,2009-07-31,"Warner Park, Basseterre",1,10.6,West Indies,Bangladesh,TM Dowlin,ADS Fletcher,Shakib Al Hasan,0,0,,,,,,,,,
401075,2009,2009-07-31,"Warner Park, Basseterre",1,11.1,West Indies,Bangladesh,ADS Fletcher,TM Dowlin,Abdur Razzak,4,0,,,,,,,,,
401075,2009,2009-07-31,"Warner Park, Basseterre",1,11.2,West Indies,Bangladesh,ADS Fletcher,TM Dowlin,Abdur Razzak,0,0,,,,,,,,,
401075,2009,2009-07-31,"Warner Park, Basseterre",1,11.3,West Indies,Bangladesh,ADS Fletcher,TM Dowlin,Abdur Razzak,0,2,2,,,,,,,,
401075,2009,2009-07-31,"Warner Park, Basseterre",1,11.4,West Indies,Bangladesh,TM Dowlin,ADS Fletcher,Abdur Razzak,0,1,1,,,,,,,,
401075,2009,2009-07-31,"Warner Park, Basseterre",1,11.5,West Indies,Bangladesh,TM Dowlin,ADS Fletcher,Abdur Razzak,0,0,,,,,,,,,
401075,2009,2009-07-31,"Warner Park, Basseterre",1,11.6,West Indies,Bangladesh,TM Dowlin,ADS Fletcher,Abdur Razzak,0,0,,,,,,,,,
401075,2009,2009-07-31,"Warner Park, Basseterre",1,11.7,West Indies,Bangladesh,TM Dowlin,ADS Fletcher,Abdur Razzak,4,0,,,,,,,,,
401075,2009,2009-07-31,"Warner Park, Basseterre",1,11.8,West Indies,Bangladesh,TM Dowlin,ADS Fletcher,Abdur Razzak,0,0,,,,,,,,,
401075,2009,2009-07-31,"Warner Park, Basseterre",1,12.1,West Indies,Bangladesh,ADS Fletcher,TM Dowlin,Shakib Al Hasan,0,0,,,,,,,,,
401075,2009,2009-07-31,"Warner Park, Basseterre",1,12.2,West Indies,Bangladesh,ADS Fletcher,TM Dowlin,Shakib Al Hasan,0,0,,,,,,,,,
401075,2009,2009-07-31,"Warner Park, Basseterre",1,12.3,West Indies,Bangladesh,ADS Fletcher,TM Dowlin,Shakib Al Hasan,0,0,,,,,,,,,
401075,2009,2009-07-31,"Warner Park, Basseterre",1,12.4,West Indies,Bangladesh,ADS Fletcher,TM Dowlin,Shakib Al Hasan,0,0,,,,,,,,,
401075,2009,2009-07-31,"Warner Park, Basseterre",1,12.5,West Indies,Bangladesh,ADS Fletcher,TM Dowlin,Shakib Al Hasan,0,0,,,,,,,,,
401075,2009,2009-07-31,"Warner Park, Basseterre",1,12.6,West Indies,Bangladesh,ADS Fletcher,TM Dowlin,Shakib Al Hasan,0,0,,,,,,,,,
401075,2009,2009-07-31,"Warner Park, Basseterre",1,13.1,West Indies,Bangladesh,TM Dowlin,ADS Fletcher,Abdur Razzak,0,0,,,,,,,,,
401075,2009,2009-07-31,"Warner Park, Basseterre",1,13.2,West Indies,Bangladesh,TM Dowlin,ADS Fletcher,Abdur Razzak,1,0,,,,,,,,,
401075,2009,2009-07-31,"Warner Park, Basseterre",1,13.3,West Indies,Bangladesh,ADS Fletcher,TM Dowlin,Abdur Razzak,4,0,,,,,,,,,
401075,2009,2009-07-31,"Warner Park, Basseterre",1,13.4,West Indies,Bangladesh,ADS Fletcher,TM Dowlin,Abdur Razzak,6,0,,,,,,,,,
401075,2009,2009-07-31,"Warner Park, Basseterre",1,13.5,West Indies,Bangladesh,ADS Fletcher,TM Dowlin,Abdur Razzak,0,0,,,,,,,,,
401075,2009,2009-07-31,"Warner Park, Basseterre",1,13.6,West Indies,Bangladesh,ADS Fletcher,TM Dowlin,Abdur Razzak,4,0,,,,,,,,,
401075,2009,2009-07-31,"Warner Park, Basseterre",1,14.1,West Indies,Bangladesh,TM Dowlin,ADS Fletcher,Shakib Al Hasan,0,0,,,,,,,,,
401075,2009,2009-07-31,"Warner Park, Basseterre",1,14.2,West Indies,Bangladesh,TM Dowlin,ADS Fletcher,Shakib Al Hasan,0,0,,,,,,,,,
401075,2009,2009-07-31,"Warner Park, Basseterre",1,14.3,West Indies,Bangladesh,TM Dowlin,ADS Fletcher,Shakib Al Hasan,1,0,,,,,,,,,
401075,2009,2009-07-31,"Warner Park, Basseterre",1,14.4,West Indies,Bangladesh,ADS Fletcher,TM Dowlin,Shakib Al Hasan,1,0,,,,,,,,,
401075,2009,2009-07-31,"Warner Park, Basseterre",1,14.5,West Indies,Bangladesh,TM Dowlin,ADS Fletcher,Shakib Al Hasan,0,0,,,,,,,,,
401075,2009,2009-07-31,"Warner Park, Basseterre",1,14.6,West Indies,Bangladesh,TM Dowlin,ADS Fletcher,Shakib Al Hasan,0,0,,,,,,,,,
401075,2009,2009-07-31,"Warner Park, Basseterre",1,15.1,West Indies,Bangladesh,ADS Fletcher,TM Dowlin,Abdur Razzak,0,0,,,,,,caught,ADS Fletcher,,
401075,2009,2009-07-31,"Warner Park, Basseterre",1,15.2,West Indies,Bangladesh,FL Reifer,TM Dowlin,Abdur Razzak,0,0,,,,,,,,,
401075,2009,2009-07-31,"Warner Park, Basseterre",1,15.3,West Indies,Bangladesh,FL Reifer,TM Dowlin,Abdur Razzak,0,0,,,,,,,,,
401075,2009,2009-07-31,"Warner Park, Basseterre",1,15.4,West Indies,Bangladesh,FL Reifer,TM Dowlin,Abdur Razzak,1,0,,,,,,,,,
401075,2009,2009-07-31,"Warner Park, Basseterre",1,15.5,West Indies,Bangladesh,TM Dowlin,FL Reifer,Abdur Razzak,0,0,,,,,,,,,
401075,2009,2009-07-31,"Warner Park, Basseterre",1,15.6,West Indies,Bangladesh,TM Dowlin,FL Reifer,Abdur Razzak,0,0,,,,,,,,,
401075,2009,2009-07-31,"Warner Park, Basseterre",1,16.1,West Indies,Bangladesh,FL Reifer,TM Dowlin,Naeem Islam,0,0,,,,,,,,,
401075,2009,2009-07-31,"Warner Park, Basseterre",1,16.2,West Indies,Bangladesh,FL Reifer,TM Dowlin,Naeem Islam,0,0,,,,,,,,,
401075,2009,2009-07-31,"Warner Park, Basseterre",1,16.3,West Indies,Bangladesh,FL Reifer,TM Dowlin,Naeem Islam,0,0,,,,,,,,,
401075,2009,2009-07-31,"Warner Park, Basseterre",1,16.4,West Indies,Bangladesh,FL Reifer,TM Dowlin,Naeem Islam,0,0,,,,,,,,,
401075,2009,2009-07-31,"Warner Park, Basseterre",1,16.5,West Indies,Bangladesh,FL Reifer,TM Dowlin,Naeem Islam,0,0,,,,,,,,,
401075,2009,2009-07-31,"Warner Park, Basseterre",1,16.6,West Indies,Bangladesh,FL Reifer,TM Dowlin,Naeem Islam,0,0,,,,,,,,,
401075,2009,2009-07-31,"Warner Park, Basseterre",1,17.1,West Indies,Bangladesh,TM Dowlin,FL Reifer,Abdur Razzak,1,0,,,,,,,,,
401075,2009,2009-07-31,"Warner Park, Basseterre",1,17.2,West Indies,Bangladesh,FL Reifer,TM Dowlin,Abdur Razzak,0,0,,,,,,,,,
401075,2009,2009-07-31,"Warner Park, Basseterre",1,17.3,West Indies,Bangladesh,FL Reifer,TM Dowlin,Abdur Razzak,0,0,,,,,,,,,
401075,2009,2009-07-31,"Warner Park, Basseterre",1,17.4,West Indies,Bangladesh,FL Reifer,TM Dowlin,Abdur Razzak,0,0,,,,,,,,,
401075,2009,2009-07-31,"Warner Park, Basseterre",1,17.5,West Indies,Bangladesh,FL Reifer,TM Dowlin,Abdur Razzak,0,1,,,,1,,,,,
401075,2009,2009-07-31,"Warner Park, Basseterre",1,17.6,West Indies,Bangladesh,TM Dowlin,FL Reifer,Abdur Razzak,1,0,,,,,,,,,
401075,2009,2009-07-31,"Warner Park, Basseterre",1,18.1,West Indies,Bangladesh,TM Dowlin,FL Reifer,Naeem Islam,0,1,1,,,,,,,,
401075,2009,2009-07-31,"Warner Park, Basseterre",1,18.2,West Indies,Bangladesh,TM Dowlin,FL Reifer,Naeem Islam,1,0,,,,,,,,,
401075,2009,2009-07-31,"Warner Park, Basseterre",1,18.3,West Indies,Bangladesh,FL Reifer,TM Dowlin,Naeem Islam,0,0,,,,,,,,,
401075,2009,2009-07-31,"Warner Park, Basseterre",1,18.4,West Indies,Bangladesh,FL Reifer,TM Dowlin,Naeem Islam,0,0,,,,,,,,,
401075,2009,2009-07-31,"Warner Park, Basseterre",1,18.5,West Indies,Bangladesh,FL Reifer,TM Dowlin,Naeem Islam,0,0,,,,,,,,,
401075,2009,2009-07-31,"Warner Park, Basseterre",1,18.6,West Indies,Bangladesh,FL Reifer,TM Dowlin,Naeem Islam,0,0,,,,,,,,,
401075,2009,2009-07-31,"Warner Park, Basseterre",1,18.7,West Indies,Bangladesh,FL Reifer,TM Dowlin,Naeem Islam,0,0,,,,,,,,,
401075,2009,2009-07-31,"Warner Park, Basseterre",1,19.1,West Indies,Bangladesh,TM Dowlin,FL Reifer,Abdur Razzak,1,0,,,,,,,,,
401075,2009,2009-07-31,"Warner Park, Basseterre",1,19.2,West Indies,Bangladesh,FL Reifer,TM Dowlin,Abdur Razzak,0,0,,,,,,,,,
401075,2009,2009-07-31,"Warner Park, Basseterre",1,19.3,West Indies,Bangladesh,FL Reifer,TM Dowlin,Abdur Razzak,0,0,,,,,,,,,
401075,2009,2009-07-31,"Warner Park, Basseterre",1,19.4,West Indies,Bangladesh,FL Reifer,TM Dowlin,Abdur Razzak,1,0,,,,,,,,,
401075,2009,2009-07-31,"Warner Park, Basseterre",1,19.5,West Indies,Bangladesh,TM Dowlin,FL Reifer,Abdur Razzak,1,0,,,,,,,,,
401075,2009,2009-07-31,"Warner Park, Basseterre",1,19.6,West Indies,Bangladesh,FL Reifer,TM Dowlin,Abdur Razzak,0,0,,,,,,,,,
401075,2009,2009-07-31,"Warner Park, Basseterre",1,20.1,West Indies,Bangladesh,TM Dowlin,FL Reifer,Naeem Islam,0,0,,,,,,,,,
401075,2009,2009-07-31,"Warner Park, Basseterre",1,20.2,West Indies,Bangladesh,TM Dowlin,FL Reifer,Naeem Islam,0,0,,,,,,,,,
401075,2009,2009-07-31,"Warner Park, Basseterre",1,20.3,West Indies,Bangladesh,TM Dowlin,FL Reifer,Naeem Islam,1,0,,,,,,,,,
401075,2009,2009-07-31,"Warner Park, Basseterre",1,20.4,West Indies,Bangladesh,FL Reifer,TM Dowlin,Naeem Islam,0,0,,,,,,,,,
401075,2009,2009-07-31,"Warner Park, Basseterre",1,20.5,West Indies,Bangladesh,FL Reifer,TM Dowlin,Naeem Islam,0,0,,,,,,,,,
401075,2009,2009-07-31,"Warner Park, Basseterre",1,20.6,West Indies,Bangladesh,FL Reifer,TM Dowlin,Naeem Islam,1,0,,,,,,,,,
401075,2009,2009-07-31,"Warner Park, Basseterre",1,21.1,West Indies,Bangladesh,FL Reifer,TM Dowlin,Nazmul Hossain,0,0,,,,,,,,,
401075,2009,2009-07-31,"Warner Park, Basseterre",1,21.2,West Indies,Bangladesh,FL Reifer,TM Dowlin,Nazmul Hossain,4,0,,,,,,,,,
401075,2009,2009-07-31,"Warner Park, Basseterre",1,21.3,West Indies,Bangladesh,FL Reifer,TM Dowlin,Nazmul Hossain,1,0,,,,,,,,,
401075,2009,2009-07-31,"Warner Park, Basseterre",1,21.4,West Indies,Bangladesh,TM Dowlin,FL Reifer,Nazmul Hossain,0,0,,,,,,,,,
401075,2009,2009-07-31,"Warner Park, Basseterre",1,21.5,West Indies,Bangladesh,TM Dowlin,FL Reifer,Nazmul Hossain,0,0,,,,,,,,,
401075,2009,2009-07-31,"Warner Park, Basseterre",1,21.6,West Indies,Bangladesh,TM Dowlin,FL Reifer,Nazmul Hossain,4,0,,,,,,,,,
401075,2009,2009-07-31,"Warner Park, Basseterre",1,22.1,West Indies,Bangladesh,FL Reifer,TM Dowlin,Naeem Islam,0,0,,,,,,,,,
401075,2009,2009-07-31,"Warner Park, Basseterre",1,22.2,West Indies,Bangladesh,FL Reifer,TM Dowlin,Naeem Islam,0,0,,,,,,,,,
401075,2009,2009-07-31,"Warner Park, Basseterre",1,22.3,West Indies,Bangladesh,FL Reifer,TM Dowlin,Naeem Islam,1,0,,,,,,,,,
401075,2009,2009-07-31,"Warner Park, Basseterre",1,22.4,West Indies,Bangladesh,TM Dowlin,FL Reifer,Naeem Islam,1,0,,,,,,,,,
401075,2009,2009-07-31,"Warner Park, Basseterre",1,22.5,West Indies,Bangladesh,FL Reifer,TM Dowlin,Naeem Islam,0,0,,,,,,,,,
401075,2009,2009-07-31,"Warner Park, Basseterre",1,22.6,West Indies,Bangladesh,FL Reifer,TM Dowlin,Naeem Islam,0,0,,,,,,,,,
401075,2009,2009-07-31,"Warner Park, Basseterre",1,23.1,West Indies,Bangladesh,TM Dowlin,FL Reifer,Mahmudullah,1,0,,,,,,,,,
401075,2009,2009-07-31,"Warner Park, Basseterre",1,23.2,West Indies,Bangladesh,FL Reifer,TM Dowlin,Mahmudullah,0,0,,,,,,,,,
401075,2009,2009-07-31,"Warner Park, Basseterre",1,23.3,West Indies,Bangladesh,FL Reifer,TM Dowlin,Mahmudullah,0,0,,,,,,,,,
401075,2009,2009-07-31,"Warner Park, Basseterre",1,23.4,West Indies,Bangladesh,FL Reifer,TM Dowlin,Mahmudullah,0,0,,,,,,,,,
401075,2009,2009-07-31,"Warner Park, Basseterre",1,23.5,West Indies,Bangladesh,FL Reifer,TM Dowlin,Mahmudullah,0,0,,,,,,,,,
401075,2009,2009-07-31,"Warner Park, Basseterre",1,23.6,West Indies,Bangladesh,FL Reifer,TM Dowlin,Mahmudullah,0,0,,,,,,,,,
401075,2009,2009-07-31,"Warner Park, Basseterre",1,24.1,West Indies,Bangladesh,TM Dowlin,FL Reifer,Naeem Islam,2,0,,,,,,,,,
401075,2009,2009-07-31,"Warner Park, Basseterre",1,24.2,West Indies,Bangladesh,TM Dowlin,FL Reifer,Naeem Islam,0,0,,,,,,,,,
401075,2009,2009-07-31,"Warner Park, Basseterre",1,24.3,West Indies,Bangladesh,TM Dowlin,FL Reifer,Naeem Islam,1,0,,,,,,,,,
401075,2009,2009-07-31,"Warner Park, Basseterre",1,24.4,West Indies,Bangladesh,FL Reifer,TM Dowlin,Naeem Islam,1,0,,,,,,,,,
401075,2009,2009-07-31,"Warner Park, Basseterre",1,24.5,West Indies,Bangladesh,TM Dowlin,FL Reifer,Naeem Islam,0,1,1,,,,,,,,
401075,2009,2009-07-31,"Warner Park, Basseterre",1,24.6,West Indies,Bangladesh,TM Dowlin,FL Reifer,Naeem Islam,1,0,,,,,,,,,
401075,2009,2009-07-31,"Warner Park, Basseterre",1,24.7,West Indies,Bangladesh,FL Reifer,TM Dowlin,Naeem Islam,0,0,,,,,,run out,TM Dowlin,,
401075,2009,2009-07-31,"Warner Park, Basseterre",1,25.1,West Indies,Bangladesh,FL Reifer,DE Bernard,Mahmudullah,2,0,,,,,,,,,
401075,2009,2009-07-31,"Warner Park, Basseterre",1,25.2,West Indies,Bangladesh,FL Reifer,DE Bernard,Mahmudullah,0,0,,,,,,,,,
401075,2009,2009-07-31,"Warner Park, Basseterre",1,25.3,West Indies,Bangladesh,FL Reifer,DE Bernard,Mahmudullah,0,0,,,,,,,,,
401075,2009,2009-07-31,"Warner Park, Basseterre",1,25.4,West Indies,Bangladesh,FL Reifer,DE Bernard,Mahmudullah,0,0,,,,,,,,,
401075,2009,2009-07-31,"Warner Park, Basseterre",1,25.5,West Indies,Bangladesh,FL Reifer,DE Bernard,Mahmudullah,4,0,,,,,,,,,
401075,2009,2009-07-31,"Warner Park, Basseterre",1,25.6,West Indies,Bangladesh,FL Reifer,DE Bernard,Mahmudullah,1,0,,,,,,,,,
401075,2009,2009-07-31,"Warner Park, Basseterre",1,26.1,West Indies,Bangladesh,FL Reifer,DE Bernard,Shakib Al Hasan,1,0,,,,,,,,,
401075,2009,2009-07-31,"Warner Park, Basseterre",1,26.2,West Indies,Bangladesh,DE Bernard,FL Reifer,Shakib Al Hasan,0,0,,,,,,,,,
401075,2009,2009-07-31,"Warner Park, Basseterre",1,26.3,West Indies,Bangladesh,DE Bernard,FL Reifer,Shakib Al Hasan,0,0,,,,,,,,,
401075,2009,2009-07-31,"Warner Park, Basseterre",1,26.4,West Indies,Bangladesh,DE Bernard,FL Reifer,Shakib Al Hasan,0,0,,,,,,,,,
401075,2009,2009-07-31,"Warner Park, Basseterre",1,26.5,West Indies,Bangladesh,DE Bernard,FL Reifer,Shakib Al Hasan,1,0,,,,,,,,,
401075,2009,2009-07-31,"Warner Park, Basseterre",1,26.6,West Indies,Bangladesh,FL Reifer,DE Bernard,Shakib Al Hasan,0,0,,,,,,,,,
401075,2009,2009-07-31,"Warner Park, Basseterre",1,27.1,West Indies,Bangladesh,DE Bernard,FL Reifer,Mahmudullah,0,0,,,,,,caught,DE Bernard,,
401075,2009,2009-07-31,"Warner Park, Basseterre",1,27.2,West Indies,Bangladesh,DJG Sammy,FL Reifer,Mahmudullah,0,0,,,,,,,,,
401075,2009,2009-07-31,"Warner Park, Basseterre",1,27.3,West Indies,Bangladesh,DJG Sammy,FL Reifer,Mahmudullah,1,0,,,,,,,,,
401075,2009,2009-07-31,"Warner Park, Basseterre",1,27.4,West Indies,Bangladesh,FL Reifer,DJG Sammy,Mahmudullah,0,0,,,,,,,,,
401075,2009,2009-07-31,"Warner Park, Basseterre",1,27.5,West Indies,Bangladesh,FL Reifer,DJG Sammy,Mahmudullah,0,0,,,,,,,,,
401075,2009,2009-07-31,"Warner Park, Basseterre",1,27.6,West Indies,Bangladesh,FL Reifer,DJG Sammy,Mahmudullah,0,0,,,,,,,,,
401075,2009,2009-07-31,"Warner Park, Basseterre",1,28.1,West Indies,Bangladesh,DJG Sammy,FL Reifer,Shakib Al Hasan,0,0,,,,,,,,,
401075,2009,2009-07-31,"Warner Park, Basseterre",1,28.2,West Indies,Bangladesh,DJG Sammy,FL Reifer,Shakib Al Hasan,0,0,,,,,,,,,
401075,2009,2009-07-31,"Warner Park, Basseterre",1,28.3,West Indies,Bangladesh,DJG Sammy,FL Reifer,Shakib Al Hasan,1,0,,,,,,,,,
401075,2009,2009-07-31,"Warner Park, Basseterre",1,28.4,West Indies,Bangladesh,FL Reifer,DJG Sammy,Shakib Al Hasan,6,0,,,,,,,,,
401075,2009,2009-07-31,"Warner Park, Basseterre",1,28.5,West Indies,Bangladesh,FL Reifer,DJG Sammy,Shakib Al Hasan,1,0,,,,,,,,,
401075,2009,2009-07-31,"Warner Park, Basseterre",1,28.6,West Indies,Bangladesh,DJG Sammy,FL Reifer,Shakib Al Hasan,0,0,,,,,,,,,
401075,2009,2009-07-31,"Warner Park, Basseterre",1,29.1,West Indies,Bangladesh,FL Reifer,DJG Sammy,Mahmudullah,0,0,,,,,,,,,
401075,2009,2009-07-31,"Warner Park, Basseterre",1,29.2,West Indies,Bangladesh,FL Reifer,DJG Sammy,Mahmudullah,0,0,,,,,,,,,
401075,2009,2009-07-31,"Warner Park, Basseterre",1,29.3,West Indies,Bangladesh,FL Reifer,DJG Sammy,Mahmudullah,1,0,,,,,,,,,
401075,2009,2009-07-31,"Warner Park, Basseterre",1,29.4,West Indies,Bangladesh,DJG Sammy,FL Reifer,Mahmudullah,1,0,,,,,,,,,
401075,2009,2009-07-31,"Warner Park, Basseterre",1,29.5,West Indies,Bangladesh,FL Reifer,DJG Sammy,Mahmudullah,0,0,,,,,,,,,
401075,2009,2009-07-31,"Warner Park, Basseterre",1,29.6,West Indies,Bangladesh,FL Reifer,DJG Sammy,Mahmudullah,1,0,,,,,,,,,
401075,2009,2009-07-31,"Warner Park, Basseterre",1,30.1,West Indies,Bangladesh,FL Reifer,DJG Sammy,Naeem Islam,0,0,,,,,,,,,
401075,2009,2009-07-31,"Warner Park, Basseterre",1,30.2,West Indies,Bangladesh,FL Reifer,DJG Sammy,Naeem Islam,0,0,,,,,,,,,
401075,2009,2009-07-31,"Warner Park, Basseterre",1,30.3,West Indies,Bangladesh,FL Reifer,DJG Sammy,Naeem Islam,0,0,,,,,,,,,
401075,2009,2009-07-31,"Warner Park, Basseterre",1,30.4,West Indies,Bangladesh,FL Reifer,DJG Sammy,Naeem Islam,1,0,,,,,,,,,
401075,2009,2009-07-31,"Warner Park, Basseterre",1,30.5,West Indies,Bangladesh,DJG Sammy,FL Reifer,Naeem Islam,1,0,,,,,,,,,
401075,2009,2009-07-31,"Warner Park, Basseterre",1,30.6,West Indies,Bangladesh,FL Reifer,DJG Sammy,Naeem Islam,0,0,,,,,,,,,
401075,2009,2009-07-31,"Warner Park, Basseterre",1,31.1,West Indies,Bangladesh,DJG Sammy,FL Reifer,Mahmudullah,0,0,,,,,,,,,
401075,2009,2009-07-31,"Warner Park, Basseterre",1,31.2,West Indies,Bangladesh,DJG Sammy,FL Reifer,Mahmudullah,0,0,,,,,,,,,
401075,2009,2009-07-31,"Warner Park, Basseterre",1,31.3,West Indies,Bangladesh,DJG Sammy,FL Reifer,Mahmudullah,0,0,,,,,,,,,
401075,2009,2009-07-31,"Warner Park, Basseterre",1,31.4,West Indies,Bangladesh,DJG Sammy,FL Reifer,Mahmudullah,0,0,,,,,,,,,
401075,2009,2009-07-31,"Warner Park, Basseterre",1,31.5,West Indies,Bangladesh,DJG Sammy,FL Reifer,Mahmudullah,0,0,,,,,,,,,
401075,2009,2009-07-31,"Warner Park, Basseterre",1,31.6,West Indies,Bangladesh,DJG Sammy,FL Reifer,Mahmudullah,4,0,,,,,,,,,
401075,2009,2009-07-31,"Warner Park, Basseterre",1,32.1,West Indies,Bangladesh,FL Reifer,DJG Sammy,Naeem Islam,2,0,,,,,,,,,
401075,2009,2009-07-31,"Warner Park, Basseterre",1,32.2,West Indies,Bangladesh,FL Reifer,DJG Sammy,Naeem Islam,1,0,,,,,,,,,
401075,2009,2009-07-31,"Warner Park, Basseterre",1,32.3,West Indies,Bangladesh,DJG Sammy,FL Reifer,Naeem Islam,0,0,,,,,,,,,
401075,2009,2009-07-31,"Warner Park, Basseterre",1,32.4,West Indies,Bangladesh,DJG Sammy,FL Reifer,Naeem Islam,4,0,,,,,,,,,
401075,2009,2009-07-31,"Warner Park, Basseterre",1,32.5,West Indies,Bangladesh,DJG Sammy,FL Reifer,Naeem Islam,4,0,,,,,,,,,
401075,2009,2009-07-31,"Warner Park, Basseterre",1,32.6,West Indies,Bangladesh,DJG Sammy,FL Reifer,Naeem Islam,1,0,,,,,,,,,
401075,2009,2009-07-31,"Warner Park, Basseterre",1,33.1,West Indies,Bangladesh,DJG Sammy,FL Reifer,Mahmudullah,6,0,,,,,,,,,
401075,2009,2009-07-31,"Warner Park, Basseterre",1,33.2,West Indies,Bangladesh,DJG Sammy,FL Reifer,Mahmudullah,6,0,,,,,,,,,
401075,2009,2009-07-31,"Warner Park, Basseterre",1,33.3,West Indies,Bangladesh,DJG Sammy,FL Reifer,Mahmudullah,0,2,2,,,,,,,,
401075,2009,2009-07-31,"Warner Park, Basseterre",1,33.4,West Indies,Bangladesh,FL Reifer,DJG Sammy,Mahmudullah,0,0,,,,,,,,,
401075,2009,2009-07-31,"Warner Park, Basseterre",1,33.5,West Indies,Bangladesh,FL Reifer,DJG Sammy,Mahmudullah,0,0,,,,,,,,,
401075,2009,2009-07-31,"Warner Park, Basseterre",1,33.6,West Indies,Bangladesh,FL Reifer,DJG Sammy,Mahmudullah,0,0,,,,,,,,,
401075,2009,2009-07-31,"Warner Park, Basseterre",1,33.7,West Indies,Bangladesh,FL Reifer,DJG Sammy,Mahmudullah,1,0,,,,,,,,,
401075,2009,2009-07-31,"Warner Park, Basseterre",1,34.1,West Indies,Bangladesh,FL Reifer,DJG Sammy,Naeem Islam,2,0,,,,,,,,,
401075,2009,2009-07-31,"Warner Park, Basseterre",1,34.2,West Indies,Bangladesh,FL Reifer,DJG Sammy,Naeem Islam,0,0,,,,,,,,,
401075,2009,2009-07-31,"Warner Park, Basseterre",1,34.3,West Indies,Bangladesh,FL Reifer,DJG Sammy,Naeem Islam,4,0,,,,,,,,,
401075,2009,2009-07-31,"Warner Park, Basseterre",1,34.4,West Indies,Bangladesh,FL Reifer,DJG Sammy,Naeem Islam,1,0,,,,,,,,,
401075,2009,2009-07-31,"Warner Park, Basseterre",1,34.5,West Indies,Bangladesh,DJG Sammy,FL Reifer,Naeem Islam,0,0,,,,,,,,,
401075,2009,2009-07-31,"Warner Park, Basseterre",1,34.6,West Indies,Bangladesh,DJG Sammy,FL Reifer,Naeem Islam,4,0,,,,,,,,,
401075,2009,2009-07-31,"Warner Park, Basseterre",1,35.1,West Indies,Bangladesh,FL Reifer,DJG Sammy,Shakib Al Hasan,0,0,,,,,,,,,
401075,2009,2009-07-31,"Warner Park, Basseterre",1,35.2,West Indies,Bangladesh,FL Reifer,DJG Sammy,Shakib Al Hasan,0,0,,,,,,,,,
401075,2009,2009-07-31,"Warner Park, Basseterre",1,35.3,West Indies,Bangladesh,FL Reifer,DJG Sammy,Shakib Al Hasan,0,0,,,,,,,,,
401075,2009,2009-07-31,"Warner Park, Basseterre",1,35.4,West Indies,Bangladesh,FL Reifer,DJG Sammy,Shakib Al Hasan,1,0,,,,,,,,,
401075,2009,2009-07-31,"Warner Park, Basseterre",1,35.5,West Indies,Bangladesh,DJG Sammy,FL Reifer,Shakib Al Hasan,0,0,,,,,,,,,
401075,2009,2009-07-31,"Warner Park, Basseterre",1,35.6,West Indies,Bangladesh,DJG Sammy,FL Reifer,Shakib Al Hasan,1,0,,,,,,,,,
401075,2009,2009-07-31,"Warner Park, Basseterre",1,36.1,West Indies,Bangladesh,DJG Sammy,FL Reifer,Mahbubul Alam,0,0,,,,,,,,,
401075,2009,2009-07-31,"Warner Park, Basseterre",1,36.2,West Indies,Bangladesh,DJG Sammy,FL Reifer,Mahbubul Alam,0,1,1,,,,,,,,
401075,2009,2009-07-31,"Warner Park, Basseterre",1,36.3,West Indies,Bangladesh,DJG Sammy,FL Reifer,Mahbubul Alam,0,0,,,,,,,,,
401075,2009,2009-07-31,"Warner Park, Basseterre",1,36.4,West Indies,Bangladesh,DJG Sammy,FL Reifer,Mahbubul Alam,4,0,,,,,,,,,
401075,2009,2009-07-31,"Warner Park, Basseterre",1,36.5,West Indies,Bangladesh,DJG Sammy,FL Reifer,Mahbubul Alam,1,0,,,,,,,,,
401075,2009,2009-07-31,"Warner Park, Basseterre",1,36.6,West Indies,Bangladesh,FL Reifer,DJG Sammy,Mahbubul Alam,0,0,,,,,,,,,
401075,2009,2009-07-31,"Warner Park, Basseterre",1,36.7,West Indies,Bangladesh,FL Reifer,DJG Sammy,Mahbubul Alam,0,0,,,,,,caught,FL Reifer,,
401075,2009,2009-07-31,"Warner Park, Basseterre",1,37.1,West Indies,Bangladesh,DJG Sammy,DC Thomas,Abdur Razzak,0,0,,,,,,,,,
401075,2009,2009-07-31,"Warner Park, Basseterre",1,37.2,West Indies,Bangladesh,DJG Sammy,DC Thomas,Abdur Razzak,0,0,,,,,,,,,
401075,2009,2009-07-31,"Warner Park, Basseterre",1,37.3,West Indies,Bangladesh,DJG Sammy,DC Thomas,Abdur Razzak,1,0,,,,,,,,,
401075,2009,2009-07-31,"Warner Park, Basseterre",1,37.4,West Indies,Bangladesh,DC Thomas,DJG Sammy,Abdur Razzak,1,0,,,,,,,,,
401075,2009,2009-07-31,"Warner Park, Basseterre",1,37.5,West Indies,Bangladesh,DJG Sammy,DC Thomas,Abdur Razzak,0,0,,,,,,,,,
401075,2009,2009-07-31,"Warner Park, Basseterre",1,37.6,West Indies,Bangladesh,DJG Sammy,DC Thomas,Abdur Razzak,0,0,,,,,,caught and bowled,DJG Sammy,,
401075,2009,2009-07-31,"Warner Park, Basseterre",1,38.1,West Indies,Bangladesh,DC Thomas,NO Miller,Mahbubul Alam,0,0,,,,,,,,,
401075,2009,2009-07-31,"Warner Park, Basseterre",1,38.2,West Indies,Bangladesh,DC Thomas,NO Miller,Mahbubul Alam,0,1,1,,,,,,,,
401075,2009,2009-07-31,"Warner Park, Basseterre",1,38.3,West Indies,Bangladesh,DC Thomas,NO Miller,Mahbubul Alam,0,0,,,,,,,,,
401075,2009,2009-07-31,"Warner Park, Basseterre",1,38.4,West Indies,Bangladesh,DC Thomas,NO Miller,Mahbubul Alam,1,0,,,,,,,,,
401075,2009,2009-07-31,"Warner Park, Basseterre",1,38.5,West Indies,Bangladesh,NO Miller,DC Thomas,Mahbubul Alam,0,0,,,,,,,,,
401075,2009,2009-07-31,"Warner Park, Basseterre",1,38.6,West Indies,Bangladesh,NO Miller,DC Thomas,Mahbubul Alam,1,0,,,,,,,,,
401075,2009,2009-07-31,"Warner Park, Basseterre",1,38.7,West Indies,Bangladesh,DC Thomas,NO Miller,Mahbubul Alam,0,1,1,,,,,,,,
401075,2009,2009-07-31,"Warner Park, Basseterre",1,38.8,West Indies,Bangladesh,DC Thomas,NO Miller,Mahbubul Alam,1,0,,,,,,,,,
401075,2009,2009-07-31,"Warner Park, Basseterre",1,39.1,West Indies,Bangladesh,DC Thomas,NO Miller,Abdur Razzak,0,1,1,,,,,,,,
401075,2009,2009-07-31,"Warner Park, Basseterre",1,39.2,West Indies,Bangladesh,DC Thomas,NO Miller,Abdur Razzak,1,0,,,,,,,,,
401075,2009,2009-07-31,"Warner Park, Basseterre",1,39.3,West Indies,Bangladesh,NO Miller,DC Thomas,Abdur Razzak,0,1,1,,,,,,,,
401075,2009,2009-07-31,"Warner Park, Basseterre",1,39.4,West Indies,Bangladesh,NO Miller,DC Thomas,Abdur Razzak,0,0,,,,,,,,,
401075,2009,2009-07-31,"Warner Park, Basseterre",1,39.5,West Indies,Bangladesh,NO Miller,DC Thomas,Abdur Razzak,4,0,,,,,,,,,
401075,2009,2009-07-31,"Warner Park, Basseterre",1,39.6,West Indies,Bangladesh,NO Miller,DC Thomas,Abdur Razzak,0,0,,,,,,,,,
401075,2009,2009-07-31,"Warner Park, Basseterre",1,39.7,West Indies,Bangladesh,NO Miller,DC Thomas,Abdur Razzak,1,0,,,,,,,,,
401075,2009,2009-07-31,"Warner Park, Basseterre",1,39.8,West Indies,Bangladesh,DC Thomas,NO Miller,Abdur Razzak,1,0,,,,,,,,,
401075,2009,2009-07-31,"Warner Park, Basseterre",1,40.1,West Indies,Bangladesh,DC Thomas,NO Miller,Nazmul Hossain,0,0,,,,,,,,,
401075,2009,2009-07-31,"Warner Park, Basseterre",1,40.2,West Indies,Bangladesh,DC Thomas,NO Miller,Nazmul Hossain,1,0,,,,,,,,,
401075,2009,2009-07-31,"Warner Park, Basseterre",1,40.3,West Indies,Bangladesh,NO Miller,DC Thomas,Nazmul Hossain,1,0,,,,,,,,,
401075,2009,2009-07-31,"Warner Park, Basseterre",1,40.4,West Indies,Bangladesh,DC Thomas,NO Miller,Nazmul Hossain,1,0,,,,,,,,,
401075,2009,2009-07-31,"Warner Park, Basseterre",1,40.5,West Indies,Bangladesh,NO Miller,DC Thomas,Nazmul Hossain,0,0,,,,,,,,,
401075,2009,2009-07-31,"Warner Park, Basseterre",1,40.6,West Indies,Bangladesh,NO Miller,DC Thomas,Nazmul Hossain,0,0,,,,,,,,,
401075,2009,2009-07-31,"Warner Park, Basseterre",1,41.1,West Indies,Bangladesh,DC Thomas,NO Miller,Abdur Razzak,2,0,,,,,,,,,
401075,2009,2009-07-31,"Warner Park, Basseterre",1,41.2,West Indies,Bangladesh,DC Thomas,NO Miller,Abdur Razzak,1,0,,,,,,,,,
401075,2009,2009-07-31,"Warner Park, Basseterre",1,41.3,West Indies,Bangladesh,NO Miller,DC Thomas,Abdur Razzak,2,0,,,,,,,,,
401075,2009,2009-07-31,"Warner Park, Basseterre",1,41.4,West Indies,Bangladesh,NO Miller,DC Thomas,Abdur Razzak,1,0,,,,,,,,,
401075,2009,2009-07-31,"Warner Park, Basseterre",1,41.5,West Indies,Bangladesh,DC Thomas,NO Miller,Abdur Razzak,4,0,,,,,,,,,
401075,2009,2009-07-31,"Warner Park, Basseterre",1,41.6,West Indies,Bangladesh,DC Thomas,NO Miller,Abdur Razzak,0,0,,,,,,,,,
401075,2009,2009-07-31,"Warner Park, Basseterre",1,42.1,West Indies,Bangladesh,NO Miller,DC Thomas,Naeem Islam,0,0,,,,,,,,,
401075,2009,2009-07-31,"Warner Park, Basseterre",1,42.2,West Indies,Bangladesh,NO Miller,DC Thomas,Naeem Islam,2,0,,,,,,,,,
401075,2009,2009-07-31,"Warner Park, Basseterre",1,42.3,West Indies,Bangladesh,NO Miller,DC Thomas,Naeem Islam,1,0,,,,,,,,,
401075,2009,2009-07-31,"Warner Park, Basseterre",1,42.4,West Indies,Bangladesh,DC Thomas,NO Miller,Naeem Islam,1,0,,,,,,,,,
401075,2009,2009-07-31,"Warner Park, Basseterre",1,42.5,West Indies,Bangladesh,NO Miller,DC Thomas,Naeem Islam,0,0,,,,,,caught,NO Miller,,
401075,2009,2009-07-31,"Warner Park, Basseterre",1,42.6,West Indies,Bangladesh,DC Thomas,KAJ Roach,Naeem Islam,0,0,,,,,,,,,
401075,2009,2009-07-31,"Warner Park, Basseterre",1,43.1,West Indies,Bangladesh,KAJ Roach,DC Thomas,Shakib Al Hasan,1,0,,,,,,,,,
401075,2009,2009-07-31,"Warner Park, Basseterre",1,43.2,West Indies,Bangladesh,DC Thomas,KAJ Roach,Shakib Al Hasan,0,0,,,,,,,,,
401075,2009,2009-07-31,"Warner Park, Basseterre",1,43.3,West Indies,Bangladesh,DC Thomas,KAJ Roach,Shakib Al Hasan,1,0,,,,,,,,,
401075,2009,2009-07-31,"Warner Park, Basseterre",1,43.4,West Indies,Bangladesh,KAJ Roach,DC Thomas,Shakib Al Hasan,0,0,,,,,,,,,
401075,2009,2009-07-31,"Warner Park, Basseterre",1,43.5,West Indies,Bangladesh,KAJ Roach,DC Thomas,Shakib Al Hasan,0,0,,,,,,,,,
401075,2009,2009-07-31,"Warner Park, Basseterre",1,43.6,West Indies,Bangladesh,KAJ Roach,DC Thomas,Shakib Al Hasan,0,0,,,,,,,,,
401075,2009,2009-07-31,"Warner Park, Basseterre",1,44.1,West Indies,Bangladesh,DC Thomas,KAJ Roach,Naeem Islam,0,1,1,,,,,,,,
401075,2009,2009-07-31,"Warner Park, Basseterre",1,44.2,West Indies,Bangladesh,DC Thomas,KAJ Roach,Naeem Islam,0,1,1,,,,,,,,
401075,2009,2009-07-31,"Warner Park, Basseterre",1,44.3,West Indies,Bangladesh,DC Thomas,KAJ Roach,Naeem Islam,0,0,,,,,,,,,
401075,2009,2009-07-31,"Warner Park, Basseterre",1,44.4,West Indies,Bangladesh,DC Thomas,KAJ Roach,Naeem Islam,0,0,,,,,,,,,
401075,2009,2009-07-31,"Warner Park, Basseterre",1,44.5,West Indies,Bangladesh,DC Thomas,KAJ Roach,Naeem Islam,1,0,,,,,,,,,
401075,2009,2009-07-31,"Warner Park, Basseterre",1,44.6,West Indies,Bangladesh,KAJ Roach,DC Thomas,Naeem Islam,1,0,,,,,,,,,
401075,2009,2009-07-31,"Warner Park, Basseterre",1,44.7,West Indies,Bangladesh,DC Thomas,KAJ Roach,Naeem Islam,2,0,,,,,,,,,
401075,2009,2009-07-31,"Warner Park, Basseterre",1,44.8,West Indies,Bangladesh,DC Thomas,KAJ Roach,Naeem Islam,1,0,,,,,,,,,
401075,2009,2009-07-31,"Warner Park, Basseterre",1,45.1,West Indies,Bangladesh,DC Thomas,KAJ Roach,Shakib Al Hasan,1,0,,,,,,,,,
401075,2009,2009-07-31,"Warner Park, Basseterre",1,45.2,West Indies,Bangladesh,KAJ Roach,DC Thomas,Shakib Al Hasan,2,0,,,,,,,,,
401075,2009,2009-07-31,"Warner Park, Basseterre",1,45.3,West Indies,Bangladesh,KAJ Roach,DC Thomas,Shakib Al Hasan,1,0,,,,,,,,,
401075,2009,2009-07-31,"Warner Park, Basseterre",1,45.4,West Indies,Bangladesh,DC Thomas,KAJ Roach,Shakib Al Hasan,0,0,,,,,,,,,
401075,2009,2009-07-31,"Warner Park, Basseterre",1,45.5,West Indies,Bangladesh,DC Thomas,KAJ Roach,Shakib Al Hasan,0,0,,,,,,,,,
401075,2009,2009-07-31,"Warner Park, Basseterre",1,45.6,West Indies,Bangladesh,DC Thomas,KAJ Roach,Shakib Al Hasan,4,0,,,,,,,,,
401075,2009,2009-07-31,"Warner Park, Basseterre",1,46.1,West Indies,Bangladesh,KAJ Roach,DC Thomas,Mahmudullah,4,0,,,,,,,,,
401075,2009,2009-07-31,"Warner Park, Basseterre",1,46.2,West Indies,Bangladesh,KAJ Roach,DC Thomas,Mahmudullah,1,0,,,,,,,,,
401075,2009,2009-07-31,"Warner Park, Basseterre",1,46.3,West Indies,Bangladesh,DC Thomas,KAJ Roach,Mahmudullah,1,0,,,,,,,,,
401075,2009,2009-07-31,"Warner Park, Basseterre",1,46.4,West Indies,Bangladesh,KAJ Roach,DC Thomas,Mahmudullah,0,0,,,,,,,,,
401075,2009,2009-07-31,"Warner Park, Basseterre",1,46.5,West Indies,Bangladesh,KAJ Roach,DC Thomas,Mahmudullah,0,0,,,,,,caught,KAJ Roach,,
401075,2009,2009-07-31,"Warner Park, Basseterre",1,46.6,West Indies,Bangladesh,DC Thomas,GC Tonge,Mahmudullah,1,0,,,,,,,,,
401075,2009,2009-07-31,"Warner Park, Basseterre",1,47.1,West Indies,Bangladesh,DC Thomas,GC Tonge,Shakib Al Hasan,0,0,,,,,,,,,
401075,2009,2009-07-31,"Warner Park, Basseterre",1,47.2,West Indies,Bangladesh,DC Thomas,GC Tonge,Shakib Al Hasan,1,0,,,,,,,,,
401075,2009,2009-07-31,"Warner Park, Basseterre",1,47.3,West Indies,Bangladesh,GC Tonge,DC Thomas,Shakib Al Hasan,1,0,,,,,,,,,
401075,2009,2009-07-31,"Warner Park, Basseterre",1,47.4,West Indies,Bangladesh,DC Thomas,GC Tonge,Shakib Al Hasan,1,0,,,,,,run out,GC Tonge,,
401075,2009,2009-07-31,"Warner Park, Basseterre",2,0.1,Bangladesh,West Indies,Tamim Iqbal,Junaid Siddique,KAJ Roach,2,0,,,,,,,,,
401075,2009,2009-07-31,"Warner Park, Basseterre",2,0.2,Bangladesh,West Indies,Tamim Iqbal,Junaid Siddique,KAJ Roach,0,0,,,,,,,,,
401075,2009,2009-07-31,"Warner Park, Basseterre",2,0.3,Bangladesh,West Indies,Tamim Iqbal,Junaid Siddique,KAJ Roach,4,0,,,,,,,,,
401075,2009,2009-07-31,"Warner Park, Basseterre",2,0.4,Bangladesh,West Indies,Tamim Iqbal,Junaid Siddique,KAJ Roach,0,0,,,,,,,,,
401075,2009,2009-07-31,"Warner Park, Basseterre",2,0.5,Bangladesh,West Indies,Tamim Iqbal,Junaid Siddique,KAJ Roach,4,0,,,,,,,,,
401075,2009,2009-07-31,"Warner Park, Basseterre",2,0.6,Bangladesh,West Indies,Tamim Iqbal,Junaid Siddique,KAJ Roach,4,0,,,,,,,,,
401075,2009,2009-07-31,"Warner Park, Basseterre",2,1.1,Bangladesh,West Indies,Junaid Siddique,Tamim Iqbal,GC Tonge,0,0,,,,,,,,,
401075,2009,2009-07-31,"Warner Park, Basseterre",2,1.2,Bangladesh,West Indies,Junaid Siddique,Tamim Iqbal,GC Tonge,1,0,,,,,,,,,
401075,2009,2009-07-31,"Warner Park, Basseterre",2,1.3,Bangladesh,West Indies,Tamim Iqbal,Junaid Siddique,GC Tonge,0,0,,,,,,,,,
401075,2009,2009-07-31,"Warner Park, Basseterre",2,1.4,Bangladesh,West Indies,Tamim Iqbal,Junaid Siddique,GC Tonge,1,0,,,,,,,,,
401075,2009,2009-07-31,"Warner Park, Basseterre",2,1.5,Bangladesh,West Indies,Junaid Siddique,Tamim Iqbal,GC Tonge,4,0,,,,,,,,,
401075,2009,2009-07-31,"Warner Park, Basseterre",2,1.6,Bangladesh,West Indies,Junaid Siddique,Tamim Iqbal,GC Tonge,0,0,,,,,,,,,
401075,2009,2009-07-31,"Warner Park, Basseterre",2,2.1,Bangladesh,West Indies,Tamim Iqbal,Junaid Siddique,KAJ Roach,0,0,,,,,,,,,
401075,2009,2009-07-31,"Warner Park, Basseterre",2,2.2,Bangladesh,West Indies,Tamim Iqbal,Junaid Siddique,KAJ Roach,4,0,,,,,,,,,
401075,2009,2009-07-31,"Warner Park, Basseterre",2,2.3,Bangladesh,West Indies,Tamim Iqbal,Junaid Siddique,KAJ Roach,4,0,,,,,,,,,
401075,2009,2009-07-31,"Warner Park, Basseterre",2,2.4,Bangladesh,West Indies,Tamim Iqbal,Junaid Siddique,KAJ Roach,1,0,,,,,,,,,
401075,2009,2009-07-31,"Warner Park, Basseterre",2,2.5,Bangladesh,West Indies,Junaid Siddique,Tamim Iqbal,KAJ Roach,0,0,,,,,,,,,
401075,2009,2009-07-31,"Warner Park, Basseterre",2,2.6,Bangladesh,West Indies,Junaid Siddique,Tamim Iqbal,KAJ Roach,4,0,,,,,,,,,
401075,2009,2009-07-31,"Warner Park, Basseterre",2,3.1,Bangladesh,West Indies,Tamim Iqbal,Junaid Siddique,GC Tonge,0,0,,,,,,,,,
401075,2009,2009-07-31,"Warner Park, Basseterre",2,3.2,Bangladesh,West Indies,Tamim Iqbal,Junaid Siddique,GC Tonge,0,0,,,,,,,,,
401075,2009,2009-07-31,"Warner Park, Basseterre",2,3.3,Bangladesh,West Indies,Tamim Iqbal,Junaid Siddique,GC Tonge,0,0,,,,,,,,,
401075,2009,2009-07-31,"Warner Park, Basseterre",2,3.4,Bangladesh,West Indies,Tamim Iqbal,Junaid Siddique,GC Tonge,0,0,,,,,,,,,
401075,2009,2009-07-31,"Warner Park, Basseterre",2,3.5,Bangladesh,West Indies,Tamim Iqbal,Junaid Siddique,GC Tonge,0,0,,,,,,,,,
401075,2009,2009-07-31,"Warner Park, Basseterre",2,3.6,Bangladesh,West Indies,Tamim Iqbal,Junaid Siddique,GC Tonge,0,0,,,,,,,,,
401075,2009,2009-07-31,"Warner Park, Basseterre",2,4.1,Bangladesh,West Indies,Junaid Siddique,Tamim Iqbal,DJG Sammy,1,0,,,,,,,,,
401075,2009,2009-07-31,"Warner Park, Basseterre",2,4.2,Bangladesh,West Indies,Tamim Iqbal,Junaid Siddique,DJG Sammy,0,0,,,,,,,,,
401075,2009,2009-07-31,"Warner Park, Basseterre",2,4.3,Bangladesh,West Indies,Tamim Iqbal,Junaid Siddique,DJG Sammy,0,0,,,,,,,,,
401075,2009,2009-07-31,"Warner Park, Basseterre",2,4.4,Bangladesh,West Indies,Tamim Iqbal,Junaid Siddique,DJG Sammy,0,0,,,,,,,,,
401075,2009,2009-07-31,"Warner Park, Basseterre",2,4.5,Bangladesh,West Indies,Tamim Iqbal,Junaid Siddique,DJG Sammy,0,0,,,,,,,,,
401075,2009,2009-07-31,"Warner Park, Basseterre",2,4.6,Bangladesh,West Indies,Tamim Iqbal,Junaid Siddique,DJG Sammy,0,0,,,,,,,,,
401075,2009,2009-07-31,"Warner Park, Basseterre",2,5.1,Bangladesh,West Indies,Junaid Siddique,Tamim Iqbal,GC Tonge,0,0,,,,,,,,,
401075,2009,2009-07-31,"Warner Park, Basseterre",2,5.2,Bangladesh,West Indies,Junaid Siddique,Tamim Iqbal,GC Tonge,4,0,,,,,,,,,
401075,2009,2009-07-31,"Warner Park, Basseterre",2,5.3,Bangladesh,West Indies,Junaid Siddique,Tamim Iqbal,GC Tonge,0,0,,,,,,,,,
401075,2009,2009-07-31,"Warner Park, Basseterre",2,5.4,Bangladesh,West Indies,Junaid Siddique,Tamim Iqbal,GC Tonge,4,0,,,,,,,,,
401075,2009,2009-07-31,"Warner Park, Basseterre",2,5.5,Bangladesh,West Indies,Junaid Siddique,Tamim Iqbal,GC Tonge,0,0,,,,,,,,,
401075,2009,2009-07-31,"Warner Park, Basseterre",2,5.6,Bangladesh,West Indies,Junaid Siddique,Tamim Iqbal,GC Tonge,1,0,,,,,,,,,
401075,2009,2009-07-31,"Warner Park, Basseterre",2,6.1,Bangladesh,West Indies,Junaid Siddique,Tamim Iqbal,DJG Sammy,0,0,,,,,,,,,
401075,2009,2009-07-31,"Warner Park, Basseterre",2,6.2,Bangladesh,West Indies,Junaid Siddique,Tamim Iqbal,DJG Sammy,0,0,,,,,,,,,
401075,2009,2009-07-31,"Warner Park, Basseterre",2,6.3,Bangladesh,West Indies,Junaid Siddique,Tamim Iqbal,DJG Sammy,0,0,,,,,,,,,
401075,2009,2009-07-31,"Warner Park, Basseterre",2,6.4,Bangladesh,West Indies,Junaid Siddique,Tamim Iqbal,DJG Sammy,1,0,,,,,,,,,
401075,2009,2009-07-31,"Warner Park, Basseterre",2,6.5,Bangladesh,West Indies,Tamim Iqbal,Junaid Siddique,DJG Sammy,0,0,,,,,,,,,
401075,2009,2009-07-31,"Warner Park, Basseterre",2,6.6,Bangladesh,West Indies,Tamim Iqbal,Junaid Siddique,DJG Sammy,6,0,,,,,,,,,
401075,2009,2009-07-31,"Warner Park, Basseterre",2,7.1,Bangladesh,West Indies,Junaid Siddique,Tamim Iqbal,DE Bernard,0,0,,,,,,,,,
401075,2009,2009-07-31,"Warner Park, Basseterre",2,7.2,Bangladesh,West Indies,Junaid Siddique,Tamim Iqbal,DE Bernard,0,0,,,,,,,,,
401075,2009,2009-07-31,"Warner Park, Basseterre",2,7.3,Bangladesh,West Indies,Junaid Siddique,Tamim Iqbal,DE Bernard,0,0,,,,,,,,,
401075,2009,2009-07-31,"Warner Park, Basseterre",2,7.4,Bangladesh,West Indies,Junaid Siddique,Tamim Iqbal,DE Bernard,4,0,,,,,,,,,
401075,2009,2009-07-31,"Warner Park, Basseterre",2,7.5,Bangladesh,West Indies,Junaid Siddique,Tamim Iqbal,DE Bernard,0,0,,,,,,,,,
401075,2009,2009-07-31,"Warner Park, Basseterre",2,7.6,Bangladesh,West Indies,Junaid Siddique,Tamim Iqbal,DE Bernard,0,0,,,,,,,,,
401075,2009,2009-07-31,"Warner Park, Basseterre",2,8.1,Bangladesh,West Indies,Tamim Iqbal,Junaid Siddique,DJG Sammy,0,0,,,,,,,,,
401075,2009,2009-07-31,"Warner Park, Basseterre",2,8.2,Bangladesh,West Indies,Tamim Iqbal,Junaid Siddique,DJG Sammy,0,0,,,,,,caught,Tamim Iqbal,,
401075,2009,2009-07-31,"Warner Park, Basseterre",2,8.3,Bangladesh,West Indies,Mohammad Ashraful,Junaid Siddique,DJG Sammy,0,0,,,,,,,,,
401075,2009,2009-07-31,"Warner Park, Basseterre",2,8.4,Bangladesh,West Indies,Mohammad Ashraful,Junaid Siddique,DJG Sammy,0,0,,,,,,,,,
401075,2009,2009-07-31,"Warner Park, Basseterre",2,8.5,Bangladesh,West Indies,Mohammad Ashraful,Junaid Siddique,DJG Sammy,0,0,,,,,,,,,
401075,2009,2009-07-31,"Warner Park, Basseterre",2,8.6,Bangladesh,West Indies,Mohammad Ashraful,Junaid Siddique,DJG Sammy,0,0,,,,,,,,,
401075,2009,2009-07-31,"Warner Park, Basseterre",2,9.1,Bangladesh,West Indies,Junaid Siddique,Mohammad Ashraful,DE Bernard,0,0,,,,,,,,,
401075,2009,2009-07-31,"Warner Park, Basseterre",2,9.2,Bangladesh,West Indies,Junaid Siddique,Mohammad Ashraful,DE Bernard,0,0,,,,,,,,,
401075,2009,2009-07-31,"Warner Park, Basseterre",2,9.3,Bangladesh,West Indies,Junaid Siddique,Mohammad Ashraful,DE Bernard,1,0,,,,,,,,,
401075,2009,2009-07-31,"Warner Park, Basseterre",2,9.4,Bangladesh,West Indies,Mohammad Ashraful,Junaid Siddique,DE Bernard,0,1,1,,,,,,,,
401075,2009,2009-07-31,"Warner Park, Basseterre",2,9.5,Bangladesh,West Indies,Mohammad Ashraful,Junaid Siddique,DE Bernard,0,0,,,,,,,,,
401075,2009,2009-07-31,"Warner Park, Basseterre",2,9.6,Bangladesh,West Indies,Mohammad Ashraful,Junaid Siddique,DE Bernard,0,0,,,,,,,,,
401075,2009,2009-07-31,"Warner Park, Basseterre",2,9.7,Bangladesh,West Indies,Mohammad Ashraful,Junaid Siddique,DE Bernard,0,0,,,,,,,,,
401075,2009,2009-07-31,"Warner Park, Basseterre",2,10.1,Bangladesh,West Indies,Junaid Siddique,Mohammad Ashraful,DJG Sammy,1,0,,,,,,,,,
401075,2009,2009-07-31,"Warner Park, Basseterre",2,10.2,Bangladesh,West Indies,Mohammad Ashraful,Junaid Siddique,DJG Sammy,0,0,,,,,,,,,
401075,2009,2009-07-31,"Warner Park, Basseterre",2,10.3,Bangladesh,West Indies,Mohammad Ashraful,Junaid Siddique,DJG Sammy,0,0,,,,,,,,,
401075,2009,2009-07-31,"Warner Park, Basseterre",2,10.4,Bangladesh,West Indies,Mohammad Ashraful,Junaid Siddique,DJG Sammy,2,0,,,,,,,,,
401075,2009,2009-07-31,"Warner Park, Basseterre",2,10.5,Bangladesh,West Indies,Mohammad Ashraful,Junaid Siddique,DJG Sammy,2,0,,,,,,,,,
401075,2009,2009-07-31,"Warner Park, Basseterre",2,10.6,Bangladesh,West Indies,Mohammad Ashraful,Junaid Siddique,DJG Sammy,0,0,,,,,,,,,
401075,2009,2009-07-31,"Warner Park, Basseterre",2,11.1,Bangladesh,West Indies,Junaid Siddique,Mohammad Ashraful,DE Bernard,1,0,,,,,,,,,
401075,2009,2009-07-31,"Warner Park, Basseterre",2,11.2,Bangladesh,West Indies,Mohammad Ashraful,Junaid Siddique,DE Bernard,4,0,,,,,,,,,
401075,2009,2009-07-31,"Warner Park, Basseterre",2,11.3,Bangladesh,West Indies,Mohammad Ashraful,Junaid Siddique,DE Bernard,1,0,,,,,,,,,
401075,2009,2009-07-31,"Warner Park, Basseterre",2,11.4,Bangladesh,West Indies,Junaid Siddique,Mohammad Ashraful,DE Bernard,0,0,,,,,,,,,
401075,2009,2009-07-31,"Warner Park, Basseterre",2,11.5,Bangladesh,West Indies,Junaid Siddique,Mohammad Ashraful,DE Bernard,0,0,,,,,,,,,
401075,2009,2009-07-31,"Warner Park, Basseterre",2,11.6,Bangladesh,West Indies,Junaid Siddique,Mohammad Ashraful,DE Bernard,0,0,,,,,,,,,
401075,2009,2009-07-31,"Warner Park, Basseterre",2,12.1,Bangladesh,West Indies,Mohammad Ashraful,Junaid Siddique,DJG Sammy,0,0,,,,,,,,,
401075,2009,2009-07-31,"Warner Park, Basseterre",2,12.2,Bangladesh,West Indies,Mohammad Ashraful,Junaid Siddique,DJG Sammy,0,0,,,,,,,,,
401075,2009,2009-07-31,"Warner Park, Basseterre",2,12.3,Bangladesh,West Indies,Mohammad Ashraful,Junaid Siddique,DJG Sammy,4,0,,,,,,,,,
401075,2009,2009-07-31,"Warner Park, Basseterre",2,12.4,Bangladesh,West Indies,Mohammad Ashraful,Junaid Siddique,DJG Sammy,0,0,,,,,,,,,
401075,2009,2009-07-31,"Warner Park, Basseterre",2,12.5,Bangladesh,West Indies,Mohammad Ashraful,Junaid Siddique,DJG Sammy,0,0,,,,,,,,,
401075,2009,2009-07-31,"Warner Park, Basseterre",2,12.6,Bangladesh,West Indies,Mohammad Ashraful,Junaid Siddique,DJG Sammy,0,0,,,,,,,,,
401075,2009,2009-07-31,"Warner Park, Basseterre",2,13.1,Bangladesh,West Indies,Junaid Siddique,Mohammad Ashraful,DE Bernard,1,0,,,,,,,,,
401075,2009,2009-07-31,"Warner Park, Basseterre",2,13.2,Bangladesh,West Indies,Mohammad Ashraful,Junaid Siddique,DE Bernard,0,1,1,,,,,,,,
401075,2009,2009-07-31,"Warner Park, Basseterre",2,13.3,Bangladesh,West Indies,Mohammad Ashraful,Junaid Siddique,DE Bernard,1,0,,,,,,,,,
401075,2009,2009-07-31,"Warner Park, Basseterre",2,13.4,Bangladesh,West Indies,Junaid Siddique,Mohammad Ashraful,DE Bernard,1,0,,,,,,,,,
401075,2009,2009-07-31,"Warner Park, Basseterre",2,13.5,Bangladesh,West Indies,Mohammad Ashraful,Junaid Siddique,DE Bernard,0,0,,,,,,,,,
401075,2009,2009-07-31,"Warner Park, Basseterre",2,13.6,Bangladesh,West Indies,Mohammad Ashraful,Junaid Siddique,DE Bernard,4,0,,,,,,,,,
401075,2009,2009-07-31,"Warner Park, Basseterre",2,13.7,Bangladesh,West Indies,Mohammad Ashraful,Junaid Siddique,DE Bernard,0,0,,,,,,,,,
401075,2009,2009-07-31,"Warner Park, Basseterre",2,14.1,Bangladesh,West Indies,Junaid Siddique,Mohammad Ashraful,DJG Sammy,0,0,,,,,,,,,
401075,2009,2009-07-31,"Warner Park, Basseterre",2,14.2,Bangladesh,West Indies,Junaid Siddique,Mohammad Ashraful,DJG Sammy,0,0,,,,,,,,,
401075,2009,2009-07-31,"Warner Park, Basseterre",2,14.3,Bangladesh,West Indies,Junaid Siddique,Mohammad Ashraful,DJG Sammy,0,0,,,,,,,,,
401075,2009,2009-07-31,"Warner Park, Basseterre",2,14.4,Bangladesh,West Indies,Junaid Siddique,Mohammad Ashraful,DJG Sammy,1,0,,,,,,,,,
401075,2009,2009-07-31,"Warner Park, Basseterre",2,14.5,Bangladesh,West Indies,Mohammad Ashraful,Junaid Siddique,DJG Sammy,1,0,,,,,,,,,
401075,2009,2009-07-31,"Warner Park, Basseterre",2,14.6,Bangladesh,West Indies,Junaid Siddique,Mohammad Ashraful,DJG Sammy,2,0,,,,,,,,,
401075,2009,2009-07-31,"Warner Park, Basseterre",2,15.1,Bangladesh,West Indies,Mohammad Ashraful,Junaid Siddique,DE Bernard,0,0,,,,,,,,,
401075,2009,2009-07-31,"Warner Park, Basseterre",2,15.2,Bangladesh,West Indies,Mohammad Ashraful,Junaid Siddique,DE Bernard,0,0,,,,,,caught,Mohammad Ashraful,,
401075,2009,2009-07-31,"Warner Park, Basseterre",2,15.3,Bangladesh,West Indies,Raqibul Hasan,Junaid Siddique,DE Bernard,1,0,,,,,,,,,
401075,2009,2009-07-31,"Warner Park, Basseterre",2,15.4,Bangladesh,West Indies,Junaid Siddique,Raqibul Hasan,DE Bernard,2,0,,,,,,,,,
401075,2009,2009-07-31,"Warner Park, Basseterre",2,15.5,Bangladesh,West Indies,Junaid Siddique,Raqibul Hasan,DE Bernard,1,0,,,,,,,,,
401075,2009,2009-07-31,"Warner Park, Basseterre",2,15.6,Bangladesh,West Indies,Raqibul Hasan,Junaid Siddique,DE Bernard,0,1,1,,,,,,,,
401075,2009,2009-07-31,"Warner Park, Basseterre",2,15.7,Bangladesh,West Indies,Raqibul Hasan,Junaid Siddique,DE Bernard,0,0,,,,,,,,,
401075,2009,2009-07-31,"Warner Park, Basseterre",2,16.1,Bangladesh,West Indies,Junaid Siddique,Raqibul Hasan,DJG Sammy,0,0,,,,,,,,,
401075,2009,2009-07-31,"Warner Park, Basseterre",2,16.2,Bangladesh,West Indies,Junaid Siddique,Raqibul Hasan,DJG Sammy,1,0,,,,,,,,,
401075,2009,2009-07-31,"Warner Park, Basseterre",2,16.3,Bangladesh,West Indies,Raqibul Hasan,Junaid Siddique,DJG Sammy,0,0,,,,,,,,,
401075,2009,2009-07-31,"Warner Park, Basseterre",2,16.4,Bangladesh,West Indies,Raqibul Hasan,Junaid Siddique,DJG Sammy,2,0,,,,,,,,,
401075,2009,2009-07-31,"Warner Park, Basseterre",2,16.5,Bangladesh,West Indies,Raqibul Hasan,Junaid Siddique,DJG Sammy,0,0,,,,,,,,,
401075,2009,2009-07-31,"Warner Park, Basseterre",2,16.6,Bangladesh,West Indies,Raqibul Hasan,Junaid Siddique,DJG Sammy,0,0,,,,,,,,,
401075,2009,2009-07-31,"Warner Park, Basseterre",2,17.1,Bangladesh,West Indies,Junaid Siddique,Raqibul Hasan,DE Bernard,0,0,,,,,,,,,
401075,2009,2009-07-31,"Warner Park, Basseterre",2,17.2,Bangladesh,West Indies,Junaid Siddique,Raqibul Hasan,DE Bernard,0,0,,,,,,,,,
401075,2009,2009-07-31,"Warner Park, Basseterre",2,17.3,Bangladesh,West Indies,Junaid Siddique,Raqibul Hasan,DE Bernard,1,0,,,,,,,,,
401075,2009,2009-07-31,"Warner Park, Basseterre",2,17.4,Bangladesh,West Indies,Raqibul Hasan,Junaid Siddique,DE Bernard,1,0,,,,,,,,,
401075,2009,2009-07-31,"Warner Park, Basseterre",2,17.5,Bangladesh,West Indies,Junaid Siddique,Raqibul Hasan,DE Bernard,1,0,,,,,,,,,
401075,2009,2009-07-31,"Warner Park, Basseterre",2,17.6,Bangladesh,West Indies,Raqibul Hasan,Junaid Siddique,DE Bernard,0,0,,,,,,,,,
401075,2009,2009-07-31,"Warner Park, Basseterre",2,18.1,Bangladesh,West Indies,Junaid Siddique,Raqibul Hasan,GC Tonge,0,0,,,,,,,,,
401075,2009,2009-07-31,"Warner Park, Basseterre",2,18.2,Bangladesh,West Indies,Junaid Siddique,Raqibul Hasan,GC Tonge,0,0,,,,,,,,,
401075,2009,2009-07-31,"Warner Park, Basseterre",2,18.3,Bangladesh,West Indies,Junaid Siddique,Raqibul Hasan,GC Tonge,0,0,,,,,,,,,
401075,2009,2009-07-31,"Warner Park, Basseterre",2,18.4,Bangladesh,West Indies,Junaid Siddique,Raqibul Hasan,GC Tonge,1,0,,,,,,,,,
401075,2009,2009-07-31,"Warner Park, Basseterre",2,18.5,Bangladesh,West Indies,Raqibul Hasan,Junaid Siddique,GC Tonge,1,0,,,,,,,,,
401075,2009,2009-07-31,"Warner Park, Basseterre",2,18.6,Bangladesh,West Indies,Junaid Siddique,Raqibul Hasan,GC Tonge,0,0,,,,,,,,,
401075,2009,2009-07-31,"Warner Park, Basseterre",2,19.1,Bangladesh,West Indies,Raqibul Hasan,Junaid Siddique,KAJ Roach,0,0,,,,,,caught,Raqibul Hasan,,
401075,2009,2009-07-31,"Warner Park, Basseterre",2,19.2,Bangladesh,West Indies,Shakib Al Hasan,Junaid Siddique,KAJ Roach,0,0,,,,,,,,,
401075,2009,2009-07-31,"Warner Park, Basseterre",2,19.3,Bangladesh,West Indies,Shakib Al Hasan,Junaid Siddique,KAJ Roach,0,0,,,,,,,,,
401075,2009,2009-07-31,"Warner Park, Basseterre",2,19.4,Bangladesh,West Indies,Shakib Al Hasan,Junaid Siddique,KAJ Roach,0,0,,,,,,,,,
401075,2009,2009-07-31,"Warner Park, Basseterre",2,19.5,Bangladesh,West Indies,Shakib Al Hasan,Junaid Siddique,KAJ Roach,0,1,,,,1,,,,,
401075,2009,2009-07-31,"Warner Park, Basseterre",2,19.6,Bangladesh,West Indies,Junaid Siddique,Shakib Al Hasan,KAJ Roach,1,0,,,,,,,,,
401075,2009,2009-07-31,"Warner Park, Basseterre",2,20.1,Bangladesh,West Indies,Junaid Siddique,Shakib Al Hasan,GC Tonge,0,0,,,,,,,,,
401075,2009,2009-07-31,"Warner Park, Basseterre",2,20.2,Bangladesh,West Indies,Junaid Siddique,Shakib Al Hasan,GC Tonge,2,0,,,,,,,,,
401075,2009,2009-07-31,"Warner Park, Basseterre",2,20.3,Bangladesh,West Indies,Junaid Siddique,Shakib Al Hasan,GC Tonge,1,0,,,,,,,,,
401075,2009,2009-07-31,"Warner Park, Basseterre",2,20.4,Bangladesh,West Indies,Shakib Al Hasan,Junaid Siddique,GC Tonge,1,0,,,,,,,,,
401075,2009,2009-07-31,"Warner Park, Basseterre",2,20.5,Bangladesh,West Indies,Junaid Siddique,Shakib Al Hasan,GC Tonge,2,0,,,,,,,,,
401075,2009,2009-07-31,"Warner Park, Basseterre",2,20.6,Bangladesh,West Indies,Junaid Siddique,Shakib Al Hasan,GC Tonge,4,0,,,,,,,,,
401075,2009,2009-07-31,"Warner Park, Basseterre",2,21.1,Bangladesh,West Indies,Shakib Al Hasan,Junaid Siddique,KAJ Roach,4,0,,,,,,,,,
401075,2009,2009-07-31,"Warner Park, Basseterre",2,21.2,Bangladesh,West Indies,Shakib Al Hasan,Junaid Siddique,KAJ Roach,1,0,,,,,,,,,
401075,2009,2009-07-31,"Warner Park, Basseterre",2,21.3,Bangladesh,West Indies,Junaid Siddique,Shakib Al Hasan,KAJ Roach,1,0,,,,,,,,,
401075,2009,2009-07-31,"Warner Park, Basseterre",2,21.4,Bangladesh,West Indies,Shakib Al Hasan,Junaid Siddique,KAJ Roach,0,0,,,,,,,,,
401075,2009,2009-07-31,"Warner Park, Basseterre",2,21.5,Bangladesh,West Indies,Shakib Al Hasan,Junaid Siddique,KAJ Roach,2,0,,,,,,,,,
401075,2009,2009-07-31,"Warner Park, Basseterre",2,21.6,Bangladesh,West Indies,Shakib Al Hasan,Junaid Siddique,KAJ Roach,6,0,,,,,,,,,
401075,2009,2009-07-31,"Warner Park, Basseterre",2,22.1,Bangladesh,West Indies,Junaid Siddique,Shakib Al Hasan,GC Tonge,2,0,,,,,,,,,
401075,2009,2009-07-31,"Warner Park, Basseterre",2,22.2,Bangladesh,West Indies,Junaid Siddique,Shakib Al Hasan,GC Tonge,1,0,,,,,,,,,
401075,2009,2009-07-31,"Warner Park, Basseterre",2,22.3,Bangladesh,West Indies,Shakib Al Hasan,Junaid Siddique,GC Tonge,1,0,,,,,,,,,
401075,2009,2009-07-31,"Warner Park, Basseterre",2,22.4,Bangladesh,West Indies,Junaid Siddique,Shakib Al Hasan,GC Tonge,1,0,,,,,,,,,
401075,2009,2009-07-31,"Warner Park, Basseterre",2,22.5,Bangladesh,West Indies,Shakib Al Hasan,Junaid Siddique,GC Tonge,0,0,,,,,,,,,
401075,2009,2009-07-31,"Warner Park, Basseterre",2,22.6,Bangladesh,West Indies,Shakib Al Hasan,Junaid Siddique,GC Tonge,1,0,,,,,,,,,
401075,2009,2009-07-31,"Warner Park, Basseterre",2,23.1,Bangladesh,West Indies,Shakib Al Hasan,Junaid Siddique,KAJ Roach,0,0,,,,,,,,,
401075,2009,2009-07-31,"Warner Park, Basseterre",2,23.2,Bangladesh,West Indies,Shakib Al Hasan,Junaid Siddique,KAJ Roach,0,0,,,,,,,,,
401075,2009,2009-07-31,"Warner Park, Basseterre",2,23.3,Bangladesh,West Indies,Shakib Al Hasan,Junaid Siddique,KAJ Roach,0,0,,,,,,,,,
401075,2009,2009-07-31,"Warner Park, Basseterre",2,23.4,Bangladesh,West Indies,Shakib Al Hasan,Junaid Siddique,KAJ Roach,0,0,,,,,,caught,Shakib Al Hasan,,
401075,2009,2009-07-31,"Warner Park, Basseterre",2,23.5,Bangladesh,West Indies,Mushfiqur Rahim,Junaid Siddique,KAJ Roach,0,0,,,,,,,,,
401075,2009,2009-07-31,"Warner Park, Basseterre",2,23.6,Bangladesh,West Indies,Mushfiqur Rahim,Junaid Siddique,KAJ Roach,0,0,,,,,,,,,
401075,2009,2009-07-31,"Warner Park, Basseterre",2,24.1,Bangladesh,West Indies,Junaid Siddique,Mushfiqur Rahim,GC Tonge,0,0,,,,,,,,,
401075,2009,2009-07-31,"Warner Park, Basseterre",2,24.2,Bangladesh,West Indies,Junaid Siddique,Mushfiqur Rahim,GC Tonge,0,0,,,,,,,,,
401075,2009,2009-07-31,"Warner Park, Basseterre",2,24.3,Bangladesh,West Indies,Junaid Siddique,Mushfiqur Rahim,GC Tonge,0,0,,,,,,,,,
401075,2009,2009-07-31,"Warner Park, Basseterre",2,24.4,Bangladesh,West Indies,Junaid Siddique,Mushfiqur Rahim,GC Tonge,0,0,,,,,,,,,
401075,2009,2009-07-31,"Warner Park, Basseterre",2,24.5,Bangladesh,West Indies,Junaid Siddique,Mushfiqur Rahim,GC Tonge,0,0,,,,,,,,,
401075,2009,2009-07-31,"Warner Park, Basseterre",2,24.6,Bangladesh,West Indies,Junaid Siddique,Mushfiqur Rahim,GC Tonge,0,0,,,,,,,,,
401075,2009,2009-07-31,"Warner Park, Basseterre",2,25.1,Bangladesh,West Indies,Mushfiqur Rahim,Junaid Siddique,KAJ Roach,0,0,,,,,,,,,
401075,2009,2009-07-31,"Warner Park, Basseterre",2,25.2,Bangladesh,West Indies,Mushfiqur Rahim,Junaid Siddique,KAJ Roach,0,0,,,,,,,,,
401075,2009,2009-07-31,"Warner Park, Basseterre",2,25.3,Bangladesh,West Indies,Mushfiqur Rahim,Junaid Siddique,KAJ Roach,1,0,,,,,,,,,
401075,2009,2009-07-31,"Warner Park, Basseterre",2,25.4,Bangladesh,West Indies,Junaid Siddique,Mushfiqur Rahim,KAJ Roach,1,0,,,,,,,,,
401075,2009,2009-07-31,"Warner Park, Basseterre",2,25.5,Bangladesh,West Indies,Mushfiqur Rahim,Junaid Siddique,KAJ Roach,0,0,,,,,,,,,
401075,2009,2009-07-31,"Warner Park, Basseterre",2,25.6,Bangladesh,West Indies,Mushfiqur Rahim,Junaid Siddique,KAJ Roach,1,0,,,,,,,,,
401075,2009,2009-07-31,"Warner Park, Basseterre",2,26.1,Bangladesh,West Indies,Mushfiqur Rahim,Junaid Siddique,NO Miller,0,0,,,,,,,,,
401075,2009,2009-07-31,"Warner Park, Basseterre",2,26.2,Bangladesh,West Indies,Mushfiqur Rahim,Junaid Siddique,NO Miller,0,0,,,,,,,,,
401075,2009,2009-07-31,"Warner Park, Basseterre",2,26.3,Bangladesh,West Indies,Mushfiqur Rahim,Junaid Siddique,NO Miller,1,0,,,,,,,,,
401075,2009,2009-07-31,"Warner Park, Basseterre",2,26.4,Bangladesh,West Indies,Junaid Siddique,Mushfiqur Rahim,NO Miller,0,0,,,,,,,,,
401075,2009,2009-07-31,"Warner Park, Basseterre",2,26.5,Bangladesh,West Indies,Junaid Siddique,Mushfiqur Rahim,NO Miller,0,0,,,,,,,,,
401075,2009,2009-07-31,"Warner Park, Basseterre",2,26.6,Bangladesh,West Indies,Junaid Siddique,Mushfiqur Rahim,NO Miller,0,0,,,,,,,,,
401075,2009,2009-07-31,"Warner Park, Basseterre",2,27.1,Bangladesh,West Indies,Mushfiqur Rahim,Junaid Siddique,KAJ Roach,0,0,,,,,,,,,
401075,2009,2009-07-31,"Warner Park, Basseterre",2,27.2,Bangladesh,West Indies,Mushfiqur Rahim,Junaid Siddique,KAJ Roach,1,0,,,,,,,,,
401075,2009,2009-07-31,"Warner Park, Basseterre",2,27.3,Bangladesh,West Indies,Junaid Siddique,Mushfiqur Rahim,KAJ Roach,0,0,,,,,,,,,
401075,2009,2009-07-31,"Warner Park, Basseterre",2,27.4,Bangladesh,West Indies,Junaid Siddique,Mushfiqur Rahim,KAJ Roach,0,0,,,,,,bowled,Junaid Siddique,,
401075,2009,2009-07-31,"Warner Park, Basseterre",2,27.5,Bangladesh,West Indies,Mahmudullah,Mushfiqur Rahim,KAJ Roach,0,1,1,,,,,,,,
401075,2009,2009-07-31,"Warner Park, Basseterre",2,27.6,Bangladesh,West Indies,Mahmudullah,Mushfiqur Rahim,KAJ Roach,0,0,,,,,,,,,
401075,2009,2009-07-31,"Warner Park, Basseterre",2,27.7,Bangladesh,West Indies,Mahmudullah,Mushfiqur Rahim,KAJ Roach,0,0,,,,,,,,,
401075,2009,2009-07-31,"Warner Park, Basseterre",2,28.1,Bangladesh,West Indies,Mushfiqur Rahim,Mahmudullah,NO Miller,1,0,,,,,,,,,
401075,2009,2009-07-31,"Warner Park, Basseterre",2,28.2,Bangladesh,West Indies,Mahmudullah,Mushfiqur Rahim,NO Miller,0,0,,,,,,,,,
401075,2009,2009-07-31,"Warner Park, Basseterre",2,28.3,Bangladesh,West Indies,Mahmudullah,Mushfiqur Rahim,NO Miller,0,0,,,,,,,,,
401075,2009,2009-07-31,"Warner Park, Basseterre",2,28.4,Bangladesh,West Indies,Mahmudullah,Mushfiqur Rahim,NO Miller,1,0,,,,,,,,,
401075,2009,2009-07-31,"Warner Park, Basseterre",2,28.5,Bangladesh,West Indies,Mushfiqur Rahim,Mahmudullah,NO Miller,1,0,,,,,,,,,
401075,2009,2009-07-31,"Warner Park, Basseterre",2,28.6,Bangladesh,West Indies,Mahmudullah,Mushfiqur Rahim,NO Miller,1,0,,,,,,,,,
401075,2009,2009-07-31,"Warner Park, Basseterre",2,29.1,Bangladesh,West Indies,Mahmudullah,Mushfiqur Rahim,KAJ Roach,0,0,,,,,,,,,
401075,2009,2009-07-31,"Warner Park, Basseterre",2,29.2,Bangladesh,West Indies,Mahmudullah,Mushfiqur Rahim,KAJ Roach,0,0,,,,,,,,,
401075,2009,2009-07-31,"Warner Park, Basseterre",2,29.3,Bangladesh,West Indies,Mahmudullah,Mushfiqur Rahim,KAJ Roach,1,0,,,,,,,,,
401075,2009,2009-07-31,"Warner Park, Basseterre",2,29.4,Bangladesh,West Indies,Mushfiqur Rahim,Mahmudullah,KAJ Roach,0,0,,,,,,,,,
401075,2009,2009-07-31,"Warner Park, Basseterre",2,29.5,Bangladesh,West Indies,Mushfiqur Rahim,Mahmudullah,KAJ Roach,0,0,,,,,,,,,
401075,2009,2009-07-31,"Warner Park, Basseterre",2,29.6,Bangladesh,West Indies,Mushfiqur Rahim,Mahmudullah,KAJ Roach,0,0,,,,,,,,,
401075,2009,2009-07-31,"Warner Park, Basseterre",2,30.1,Bangladesh,West Indies,Mahmudullah,Mushfiqur Rahim,NO Miller,4,0,,,,,,,,,
401075,2009,2009-07-31,"Warner Park, Basseterre",2,30.2,Bangladesh,West Indies,Mahmudullah,Mushfiqur Rahim,NO Miller,0,0,,,,,,,,,
401075,2009,2009-07-31,"Warner Park, Basseterre",2,30.3,Bangladesh,West Indies,Mahmudullah,Mushfiqur Rahim,NO Miller,0,0,,,,,,,,,
401075,2009,2009-07-31,"Warner Park, Basseterre",2,30.4,Bangladesh,West Indies,Mahmudullah,Mushfiqur Rahim,NO Miller,0,0,,,,,,,,,
401075,2009,2009-07-31,"Warner Park, Basseterre",2,30.5,Bangladesh,West Indies,Mahmudullah,Mushfiqur Rahim,NO Miller,0,0,,,,,,,,,
401075,2009,2009-07-31,"Warner Park, Basseterre",2,30.6,Bangladesh,West Indies,Mahmudullah,Mushfiqur Rahim,NO Miller,1,0,,,,,,,,,
401075,2009,2009-07-31,"Warner Park, Basseterre",2,31.1,Bangladesh,West Indies,Mahmudullah,Mushfiqur Rahim,DE Bernard,0,0,,,,,,,,,
401075,2009,2009-07-31,"Warner Park, Basseterre",2,31.2,Bangladesh,West Indies,Mahmudullah,Mushfiqur Rahim,DE Bernard,0,0,,,,,,,,,
401075,2009,2009-07-31,"Warner Park, Basseterre",2,31.3,Bangladesh,West Indies,Mahmudullah,Mushfiqur Rahim,DE Bernard,1,0,,,,,,,,,
401075,2009,2009-07-31,"Warner Park, Basseterre",2,31.4,Bangladesh,West Indies,Mushfiqur Rahim,Mahmudullah,DE Bernard,1,0,,,,,,,,,
401075,2009,2009-07-31,"Warner Park, Basseterre",2,31.5,Bangladesh,West Indies,Mahmudullah,Mushfiqur Rahim,DE Bernard,0,0,,,,,,,,,
401075,2009,2009-07-31,"Warner Park, Basseterre",2,31.6,Bangladesh,West Indies,Mahmudullah,Mushfiqur Rahim,DE Bernard,0,0,,,,,,,,,
401075,2009,2009-07-31,"Warner Park, Basseterre",2,32.1,Bangladesh,West Indies,Mushfiqur Rahim,Mahmudullah,NO Miller,1,0,,,,,,,,,
401075,2009,2009-07-31,"Warner Park, Basseterre",2,32.2,Bangladesh,West Indies,Mahmudullah,Mushfiqur Rahim,NO Miller,0,0,,,,,,,,,
401075,2009,2009-07-31,"Warner Park, Basseterre",2,32.3,Bangladesh,West Indies,Mahmudullah,Mushfiqur Rahim,NO Miller,0,0,,,,,,,,,
401075,2009,2009-07-31,"Warner Park, Basseterre",2,32.4,Bangladesh,West Indies,Mahmudullah,Mushfiqur Rahim,NO Miller,0,0,,,,,,,,,
401075,2009,2009-07-31,"Warner Park, Basseterre",2,32.5,Bangladesh,West Indies,Mahmudullah,Mushfiqur Rahim,NO Miller,1,0,,,,,,,,,
401075,2009,2009-07-31,"Warner Park, Basseterre",2,32.6,Bangladesh,West Indies,Mushfiqur Rahim,Mahmudullah,NO Miller,0,0,,,,,,,,,
401075,2009,2009-07-31,"Warner Park, Basseterre",2,33.1,Bangladesh,West Indies,Mahmudullah,Mushfiqur Rahim,DE Bernard,0,1,1,,,,,,,,
401075,2009,2009-07-31,"Warner Park, Basseterre",2,33.2,Bangladesh,West Indies,Mahmudullah,Mushfiqur Rahim,DE Bernard,0,0,,,,,,,,,
401075,2009,2009-07-31,"Warner Park, Basseterre",2,33.3,Bangladesh,West Indies,Mahmudullah,Mushfiqur Rahim,DE Bernard,1,0,,,,,,,,,
401075,2009,2009-07-31,"Warner Park, Basseterre",2,33.4,Bangladesh,West Indies,Mushfiqur Rahim,Mahmudullah,DE Bernard,0,0,,,,,,,,,
401075,2009,2009-07-31,"Warner Park, Basseterre",2,33.5,Bangladesh,West Indies,Mushfiqur Rahim,Mahmudullah,DE Bernard,0,0,,,,,,,,,
401075,2009,2009-07-31,"Warner Park, Basseterre",2,33.6,Bangladesh,West Indies,Mushfiqur Rahim,Mahmudullah,DE Bernard,4,0,,,,,,,,,
401075,2009,2009-07-31,"Warner Park, Basseterre",2,33.7,Bangladesh,West Indies,Mushfiqur Rahim,Mahmudullah,DE Bernard,0,0,,,,,,,,,
401075,2009,2009-07-31,"Warner Park, Basseterre",2,34.1,Bangladesh,West Indies,Mahmudullah,Mushfiqur Rahim,NO Miller,1,0,,,,,,,,,
401075,2009,2009-07-31,"Warner Park, Basseterre",2,34.2,Bangladesh,West Indies,Mushfiqur Rahim,Mahmudullah,NO Miller,1,0,,,,,,,,,
401075,2009,2009-07-31,"Warner Park, Basseterre",2,34.3,Bangladesh,West Indies,Mahmudullah,Mushfiqur Rahim,NO Miller,0,0,,,,,,,,,
401075,2009,2009-07-31,"Warner Park, Basseterre",2,34.4,Bangladesh,West Indies,Mahmudullah,Mushfiqur Rahim,NO Miller,0,0,,,,,,,,,
401075,2009,2009-07-31,"Warner Park, Basseterre",2,34.5,Bangladesh,West Indies,Mahmudullah,Mushfiqur Rahim,NO Miller,1,0,,,,,,,,,
401075,2009,2009-07-31,"Warner Park, Basseterre",2,34.6,Bangladesh,West Indies,Mushfiqur Rahim,Mahmudullah,NO Miller,0,0,,,,,,,,,
401075,2009,2009-07-31,"Warner Park, Basseterre",2,35.1,Bangladesh,West Indies,Mahmudullah,Mushfiqur Rahim,DE Bernard,0,0,,,,,,,,,
401075,2009,2009-07-31,"Warner Park, Basseterre",2,35.2,Bangladesh,West Indies,Mahmudullah,Mushfiqur Rahim,DE Bernard,0,0,,,,,,,,,
401075,2009,2009-07-31,"Warner Park, Basseterre",2,35.3,Bangladesh,West Indies,Mahmudullah,Mushfiqur Rahim,DE Bernard,0,0,,,,,,,,,
401075,2009,2009-07-31,"Warner Park, Basseterre",2,35.4,Bangladesh,West Indies,Mahmudullah,Mushfiqur Rahim,DE Bernard,0,0,,,,,,,,,
401075,2009,2009-07-31,"Warner Park, Basseterre",2,35.5,Bangladesh,West Indies,Mahmudullah,Mushfiqur Rahim,DE Bernard,1,0,,,,,,,,,
401075,2009,2009-07-31,"Warner Park, Basseterre",2,35.6,Bangladesh,West Indies,Mushfiqur Rahim,Mahmudullah,DE Bernard,1,0,,,,,,,,,
401075,2009,2009-07-31,"Warner Park, Basseterre",2,36.1,Bangladesh,West Indies,Mushfiqur Rahim,Mahmudullah,NO Miller,0,0,,,,,,,,,
401075,2009,2009-07-31,"Warner Park, Basseterre",2,36.2,Bangladesh,West Indies,Mushfiqur Rahim,Mahmudullah,NO Miller,1,0,,,,,,,,,
401075,2009,2009-07-31,"Warner Park, Basseterre",2,36.3,Bangladesh,West Indies,Mahmudullah,Mushfiqur Rahim,NO Miller,1,0,,,,,,,,,
401075,2009,2009-07-31,"Warner Park, Basseterre",2,36.4,Bangladesh,West Indies,Mushfiqur Rahim,Mahmudullah,NO Miller,4,0,,,,,,,,,
401075,2009,2009-07-31,"Warner Park, Basseterre",2,36.5,Bangladesh,West Indies,Mushfiqur Rahim,Mahmudullah,NO Miller,1,0,,,,,,,,,
401075,2009,2009-07-31,"Warner Park, Basseterre",2,36.6,Bangladesh,West Indies,Mahmudullah,Mushfiqur Rahim,NO Miller,0,0,,,,,,,,,
401075,2009,2009-07-31,"Warner Park, Basseterre",2,37.1,Bangladesh,West Indies,Mushfiqur Rahim,Mahmudullah,DE Bernard,0,0,,,,,,,,,
401075,2009,2009-07-31,"Warner Park, Basseterre",2,37.2,Bangladesh,West Indies,Mushfiqur Rahim,Mahmudullah,DE Bernard,0,0,,,,,,,,,
401075,2009,2009-07-31,"Warner Park, Basseterre",2,37.3,Bangladesh,West Indies,Mushfiqur Rahim,Mahmudullah,DE Bernard,4,0,,,,,,,,,
401075,2009,2009-07-31,"Warner Park, Basseterre",2,37.4,Bangladesh,West Indies,Mushfiqur Rahim,Mahmudullah,DE Bernard,0,0,,,,,,,,,
401075,2009,2009-07-31,"Warner Park, Basseterre",2,37.5,Bangladesh,West Indies,Mushfiqur Rahim,Mahmudullah,DE Bernard,4,0,,,,,,,,,
401075,2009,2009-07-31,"Warner Park, Basseterre",2,37.6,Bangladesh,West Indies,Mushfiqur Rahim,Mahmudullah,DE Bernard,1,0,,,,,,,,,
401075,2009,2009-07-31,"Warner Park, Basseterre",2,38.1,Bangladesh,West Indies,Mushfiqur Rahim,Mahmudullah,GC Tonge,0,0,,,,,,,,,
401075,2009,2009-07-31,"Warner Park, Basseterre",2,38.2,Bangladesh,West Indies,Mushfiqur Rahim,Mahmudullah,GC Tonge,1,0,,,,,,,,,
401075,2009,2009-07-31,"Warner Park, Basseterre",2,38.3,Bangladesh,West Indies,Mahmudullah,Mushfiqur Rahim,GC Tonge,0,1,1,,,,,,,,
401075,2009,2009-07-31,"Warner Park, Basseterre",2,38.4,Bangladesh,West Indies,Mahmudullah,Mushfiqur Rahim,GC Tonge,2,0,,,,,,,,,
401075,2009,2009-07-31,"Warner Park, Basseterre",2,38.5,Bangladesh,West Indies,Mahmudullah,Mushfiqur Rahim,GC Tonge,1,0,,,,,,,,,
401075,2009,2009-07-31,"Warner Park, Basseterre",2,38.6,Bangladesh,West Indies,Mushfiqur Rahim,Mahmudullah,GC Tonge,1,0,,,,,,,,,
401075,2009,2009-07-31,"Warner Park, Basseterre",2,38.7,Bangladesh,West Indies,Mahmudullah,Mushfiqur Rahim,GC Tonge,1,0,,,,,,,,,
401075,2009,2009-07-31,"Warner Park, Basseterre",2,39.1,Bangladesh,West Indies,Mahmudullah,Mushfiqur Rahim,DJG Sammy,0,0,,,,,,,,,
401075,2009,2009-07-31,"Warner Park, Basseterre",2,39.2,Bangladesh,West Indies,Mahmudullah,Mushfiqur Rahim,DJG Sammy,1,0,,,,,,,,,
401075,2009,2009-07-31,"Warner Park, Basseterre",2,39.3,Bangladesh,West Indies,Mushfiqur Rahim,Mahmudullah,DJG Sammy,0,0,,,,,,,,,
401075,2009,2009-07-31,"Warner Park, Basseterre",2,39.4,Bangladesh,West Indies,Mushfiqur Rahim,Mahmudullah,DJG Sammy,0,0,,,,,,caught,Mushfiqur Rahim,,
401075,2009,2009-07-31,"Warner Park, Basseterre",2,39.5,Bangladesh,West Indies,Naeem Islam,Mahmudullah,DJG Sammy,0,0,,,,,,,,,
401075,2009,2009-07-31,"Warner Park, Basseterre",2,39.6,Bangladesh,West Indies,Naeem Islam,Mahmudullah,DJG Sammy,0,0,,,,,,,,,
401075,2009,2009-07-31,"Warner Park, Basseterre",2,40.1,Bangladesh,West Indies,Mahmudullah,Naeem Islam,NO Miller,1,0,,,,,,,,,
401075,2009,2009-07-31,"Warner Park, Basseterre",2,40.2,Bangladesh,West Indies,Naeem Islam,Mahmudullah,NO Miller,0,0,,,,,,,,,
401075,2009,2009-07-31,"Warner Park, Basseterre",2,40.3,Bangladesh,West Indies,Naeem Islam,Mahmudullah,NO Miller,0,0,,,,,,,,,
401075,2009,2009-07-31,"Warner Park, Basseterre",2,40.4,Bangladesh,West Indies,Naeem Islam,Mahmudullah,NO Miller,1,0,,,,,,,,,
401075,2009,2009-07-31,"Warner Park, Basseterre",2,40.5,Bangladesh,West Indies,Mahmudullah,Naeem Islam,NO Miller,1,0,,,,,,,,,
401075,2009,2009-07-31,"Warner Park, Basseterre",2,40.6,Bangladesh,West Indies,Naeem Islam,Mahmudullah,NO Miller,0,0,,,,,,,,,
401075,2009,2009-07-31,"Warner Park, Basseterre",2,41.1,Bangladesh,West Indies,Mahmudullah,Naeem Islam,GC Tonge,0,0,,,,,,,,,
401075,2009,2009-07-31,"Warner Park, Basseterre",2,41.2,Bangladesh,West Indies,Mahmudullah,Naeem Islam,GC Tonge,0,0,,,,,,,,,
401075,2009,2009-07-31,"Warner Park, Basseterre",2,41.3,Bangladesh,West Indies,Mahmudullah,Naeem Islam,GC Tonge,1,0,,,,,,,,,
401075,2009,2009-07-31,"Warner Park, Basseterre",2,41.4,Bangladesh,West Indies,Naeem Islam,Mahmudullah,GC Tonge,1,0,,,,,,,,,
401075,2009,2009-07-31,"Warner Park, Basseterre",2,41.5,Bangladesh,West Indies,Mahmudullah,Naeem Islam,GC Tonge,1,0,,,,,,,,,
401075,2009,2009-07-31,"Warner Park, Basseterre",2,41.6,Bangladesh,West Indies,Naeem Islam,Mahmudullah,GC Tonge,1,0,,,,,,,,,
401075,2009,2009-07-31,"Warner Park, Basseterre",2,42.1,Bangladesh,West Indies,Naeem Islam,Mahmudullah,NO Miller,1,0,,,,,,,,,
401075,2009,2009-07-31,"Warner Park, Basseterre",2,42.2,Bangladesh,West Indies,Mahmudullah,Naeem Islam,NO Miller,2,0,,,,,,,,,
401075,2009,2009-07-31,"Warner Park, Basseterre",2,42.3,Bangladesh,West Indies,Mahmudullah,Naeem Islam,NO Miller,0,0,,,,,,,,,
401075,2009,2009-07-31,"Warner Park, Basseterre",2,42.4,Bangladesh,West Indies,Mahmudullah,Naeem Islam,NO Miller,1,0,,,,,,,,,
401075,2009,2009-07-31,"Warner Park, Basseterre",2,42.5,Bangladesh,West Indies,Naeem Islam,Mahmudullah,NO Miller,1,0,,,,,,,,,
401075,2009,2009-07-31,"Warner Park, Basseterre",2,42.6,Bangladesh,West Indies,Mahmudullah,Naeem Islam,NO Miller,1,0,,,,,,,,,
401075,2009,2009-07-31,"Warner Park, Basseterre",2,43.1,Bangladesh,West Indies,Mahmudullah,Naeem Islam,GC Tonge,1,0,,,,,,,,,
401075,2009,2009-07-31,"Warner Park, Basseterre",2,43.2,Bangladesh,West Indies,Naeem Islam,Mahmudullah,GC Tonge,4,0,,,,,,,,,
401075,2009,2009-07-31,"Warner Park, Basseterre",2,43.3,Bangladesh,West Indies,Naeem Islam,Mahmudullah,GC Tonge,4,0,,,,,,,,,
401075,2009,2009-07-31,"Warner Park, Basseterre",2,43.4,Bangladesh,West Indies,Naeem Islam,Mahmudullah,GC Tonge,1,0,,,,,,,,,
401075,2009,2009-07-31,"Warner Park, Basseterre",2,43.5,Bangladesh,West Indies,Mahmudullah,Naeem Islam,GC Tonge,1,0,,,,,,,,,
401075,2009,2009-07-31,"Warner Park, Basseterre",2,43.6,Bangladesh,West Indies,Naeem Islam,Mahmudullah,GC Tonge,4,0,,,,,,,,,
401075,2009,2009-07-31,"Warner Park, Basseterre",2,44.1,Bangladesh,West Indies,Mahmudullah,Naeem Islam,DJG Sammy,1,0,,,,,,,,,
401075,2009,2009-07-31,"Warner Park, Basseterre",2,44.2,Bangladesh,West Indies,Naeem Islam,Mahmudullah,DJG Sammy,1,0,,,,,,,,,
401075,2009,2009-07-31,"Warner Park, Basseterre",2,44.3,Bangladesh,West Indies,Mahmudullah,Naeem Islam,DJG Sammy,0,0,,,,,,,,,
401075,2009,2009-07-31,"Warner Park, Basseterre",2,44.4,Bangladesh,West Indies,Mahmudullah,Naeem Islam,DJG Sammy,0,0,,,,,,,,,
401075,2009,2009-07-31,"Warner Park, Basseterre",2,44.5,Bangladesh,West Indies,Mahmudullah,Naeem Islam,DJG Sammy,1,0,,,,,,,,,
401075,2009,2009-07-31,"Warner Park, Basseterre",2,44.6,Bangladesh,West Indies,Naeem Islam,Mahmudullah,DJG Sammy,0,0,,,,,,,,,
401075,2009,2009-07-31,"Warner Park, Basseterre",2,45.1,Bangladesh,West Indies,Mahmudullah,Naeem Islam,NO Miller,6,0,,,,,,,,,
401075,2009,2009-07-31,"Warner Park, Basseterre",2,45.2,Bangladesh,West Indies,Mahmudullah,Naeem Islam,NO Miller,1,0,,,,,,,,,
401075,2009,2009-07-31,"Warner Park, Basseterre",2,45.3,Bangladesh,West Indies,Naeem Islam,Mahmudullah,NO Miller,0,1,,,,1,,,,,
401075,2009,2009-07-31,"Warner Park, Basseterre",2,45.4,Bangladesh,West Indies,Mahmudullah,Naeem Islam,NO Miller,1,0,,,,,,,,,
401075,2009,2009-07-31,"Warner Park, Basseterre",2,45.5,Bangladesh,West Indies,Naeem Islam,Mahmudullah,NO Miller,1,0,,,,,,,,,
401075,2009,2009-07-31,"Warner Park, Basseterre",2,45.6,Bangladesh,West Indies,Mahmudullah,Naeem Islam,NO Miller,1,0,,,,,,,,,
401075,2009,2009-07-31,"Warner Park, Basseterre",2,46.1,Bangladesh,West Indies,Mahmudullah,Naeem Islam,KAJ Roach,1,0,,,,,,,,,
401075,2009,2009-07-31,"Warner Park, Basseterre",2,46.2,Bangladesh,West Indies,Naeem Islam,Mahmudullah,KAJ Roach,0,0,,,,,,,,,
401075,2009,2009-07-31,"Warner Park, Basseterre",2,46.3,Bangladesh,West Indies,Naeem Islam,Mahmudullah,KAJ Roach,0,0,,,,,,,,,
401075,2009,2009-07-31,"Warner Park, Basseterre",2,46.4,Bangladesh,West Indies,Naeem Islam,Mahmudullah,KAJ Roach,6,0,,,,,,,,,
401075,2009,2009-07-31,"Warner Park, Basseterre",2,46.5,Bangladesh,West Indies,Naeem Islam,Mahmudullah,KAJ Roach,0,0,,,,,,caught,Naeem Islam,,
401075,2009,2009-07-31,"Warner Park, Basseterre",2,46.6,Bangladesh,West Indies,Abdur Razzak,Mahmudullah,KAJ Roach,0,0,,,,,,,,,
401075,2009,2009-07-31,"Warner Park, Basseterre",2,47.1,Bangladesh,West Indies,Mahmudullah,Abdur Razzak,DJG Sammy,0,1,1,,,,,,,,
401075,2009,2009-07-31,"Warner Park, Basseterre",2,47.2,Bangladesh,West Indies,Mahmudullah,Abdur Razzak,DJG Sammy,1,0,,,,,,,,,
401075,2009,2009-07-31,"Warner Park, Basseterre",2,47.3,Bangladesh,West Indies,Abdur Razzak,Mahmudullah,DJG Sammy,1,0,,,,,,,,,
401075,2009,2009-07-31,"Warner Park, Basseterre",2,47.4,Bangladesh,West Indies,Mahmudullah,Abdur Razzak,DJG Sammy,1,0,,,,,,,,,
401075,2009,2009-07-31,"Warner Park, Basseterre",2,47.5,Bangladesh,West Indies,Abdur Razzak,Mahmudullah,DJG Sammy,3,0,,,,,,,,,
401075,2009,2009-07-31,"Warner Park, Basseterre",2,47.6,Bangladesh,West Indies,Mahmudullah,Abdur Razzak,DJG Sammy,1,0,,,,,,,,,
401075,2009,2009-07-31,"Warner Park, Basseterre",2,47.7,Bangladesh,West Indies,Abdur Razzak,Mahmudullah,DJG Sammy,1,0,,,,,,,,,
401075,2009,2009-07-31,"Warner Park, Basseterre",2,48.1,Bangladesh,West Indies,Abdur Razzak,Mahmudullah,KAJ Roach,1,0,,,,,,,,,
401075,2009,2009-07-31,"Warner Park, Basseterre",2,48.2,Bangladesh,West Indies,Mahmudullah,Abdur Razzak,KAJ Roach,0,0,,,,,,,,,
401075,2009,2009-07-31,"Warner Park, Basseterre",2,48.3,Bangladesh,West Indies,Mahmudullah,Abdur Razzak,KAJ Roach,0,1,1,,,,,,,,
401075,2009,2009-07-31,"Warner Park, Basseterre",2,48.4,Bangladesh,West Indies,Mahmudullah,Abdur Razzak,KAJ Roach,4,0,,,,,,,,,
401075,2009,2009-07-31,"Warner Park, Basseterre",2,48.5,Bangladesh,West Indies,Mahmudullah,Abdur Razzak,KAJ Roach,0,0,,,,,,,,,
401075,2009,2009-07-31,"Warner Park, Basseterre",2,48.6,Bangladesh,West Indies,Mahmudullah,Abdur Razzak,KAJ Roach,2,0,,,,,,,,,
