version,2.1.0
info,balls_per_over,6
info,team,Sri Lanka
info,team,Pakistan
info,gender,male
info,season,2009
info,date,2009/08/03
info,event,Pakistan in Sri Lanka ODI Series
info,match_number,3
info,venue,Rangiri Dambulla International Stadium
info,city,
info,toss_winner,Sri Lanka
info,toss_decision,field
info,player_of_match,DPMD Jayawardene
info,umpire,SJ Davis
info,umpire,EAR de Silva
info,reserve_umpire,MSK Nandiweera
info,tv_umpire,HDPK Dharmasena
info,match_referee,AG Hurst
info,winner,Sri Lanka
info,winner_wickets,6
info,player,Pakistan,Kamran Akmal
info,player,Pakistan,Nasir Jamshed
info,player,Pakistan,Younis Khan
info,player,Pakistan,Shoaib Malik
info,player,Pakistan,Umar Akmal
info,player,Pakistan,Fawad Alam
info,player,Pakistan,Shahid Afridi
info,player,Pakistan,Abdul Razzaq
info,player,Pakistan,Naved-ul-Hasan
info,player,Pakistan,Mohammad Amir
info,player,Pakistan,Saeed Ajmal
info,player,Sri Lanka,WU Tharanga
info,player,Sri Lanka,DPMD Jayawardene
info,player,Sri Lanka,KC Sangakkara
info,player,Sri Lanka,TT Samaraweera
info,player,Sri Lanka,SHT Kandamby
info,player,Sri Lanka,CK Kapugedera
info,player,Sri Lanka,AD Mathews
info,player,Sri Lanka,KMDN Kulasekara
info,player,Sri Lanka,T Thushara
info,player,Sri Lanka,CRD Fernando
info,player,Sri Lanka,M Muralitharan
info,registry,people,AD Mathews,896d78ad
info,registry,people,AG Hurst,ad7945c6
info,registry,people,Abdul Razzaq,390ff45b
info,registry,people,CK Kapugedera,cfad138c
info,registry,people,CRD Fernando,342d8ade
info,registry,people,DPMD Jayawardene,d18f9182
info,registry,people,EAR de Silva,dc63f509
info,registry,people,Fawad Alam,61f05b05
info,registry,people,HDPK Dharmasena,323e4c16
info,registry,people,KC Sangakkara,6b71e6cf
info,registry,people,KMDN Kulasekara,469ea22b
info,registry,people,Kamran Akmal,ff077124
info,registry,people,M Muralitharan,4ba44e19
info,registry,people,MSK Nandiweera,d8328d3d
info,registry,people,Mohammad Amir,e174dadd
info,registry,people,Nasir Jamshed,4c4a06fb
info,registry,people,Naved-ul-Hasan,33f28243
info,registry,people,SHT Kandamby,488b7e1b
info,registry,people,SJ Davis,bc71b0b2
info,registry,people,Saeed Ajmal,05d74535
info,registry,people,Shahid Afridi,0dc00542
info,registry,people,Shoaib Malik,64c34cd0
info,registry,people,T Thushara,b2ae53f5
info,registry,people,TT Samaraweera,2008fc75
info,registry,people,Umar Akmal,fd2bf2a0
info,registry,people,WU Tharanga,7ed9fd56
info,registry,people,Younis Khan,33cb3411
