match_id,season,start_date,venue,innings,ball,batting_team,bowling_team,striker,non_striker,bowler,runs_off_bat,extras,wides,noballs,byes,legbyes,penalty,wicket_type,player_dismissed,other_wicket_type,other_player_dismissed
410341,2009,2009-08-18,Queens Sports Club,1,0.1,Zimbabwe,Bangladesh,V Sibanda,H Masakadza,Syed Rasel,0,0,,,,,,,,,
410341,2009,2009-08-18,Queens Sports Club,1,0.2,Zimbabwe,Bangladesh,V Sibanda,H Masakadza,Syed Rasel,0,0,,,,,,,,,
410341,2009,2009-08-18,Queens Sports Club,1,0.3,Zimbabwe,Bangladesh,V Sibanda,H Masakadza,Syed Rasel,0,0,,,,,,,,,
410341,2009,2009-08-18,Queens Sports Club,1,0.4,Zimbabwe,Bangladesh,V Sibanda,H Masakadza,Syed Rasel,0,1,,,,1,,,,,
410341,2009,2009-08-18,Queens Sports Club,1,0.5,Zimbabwe,Bangladesh,H Masakadza,V Sibanda,Syed Rasel,0,1,,,,1,,,,,
410341,2009,2009-08-18,Queens Sports Club,1,0.6,Zimbabwe,Bangladesh,V Sibanda,H Masakadza,Syed Rasel,2,0,,,,,,,,,
410341,2009,2009-08-18,Queens Sports Club,1,1.1,Zimbabwe,Bangladesh,H Masakadza,V Sibanda,Dolar Mahmud,0,0,,,,,,,,,
410341,2009,2009-08-18,Queens Sports Club,1,1.2,Zimbabwe,Bangladesh,H Masakadza,V Sibanda,Dolar Mahmud,1,0,,,,,,,,,
410341,2009,2009-08-18,Queens Sports Club,1,1.3,Zimbabwe,Bangladesh,V Sibanda,H Masakadza,Dolar Mahmud,0,0,,,,,,,,,
410341,2009,2009-08-18,Queens Sports Club,1,1.4,Zimbabwe,Bangladesh,V Sibanda,H Masakadza,Dolar Mahmud,0,0,,,,,,,,,
410341,2009,2009-08-18,Queens Sports Club,1,1.5,Zimbabwe,Bangladesh,V Sibanda,H Masakadza,Dolar Mahmud,0,0,,,,,,bowled,V Sibanda,,
410341,2009,2009-08-18,Queens Sports Club,1,1.6,Zimbabwe,Bangladesh,CK Coventry,H Masakadza,Dolar Mahmud,0,0,,,,,,,,,
410341,2009,2009-08-18,Queens Sports Club,1,2.1,Zimbabwe,Bangladesh,H Masakadza,CK Coventry,Syed Rasel,0,0,,,,,,,,,
410341,2009,2009-08-18,Queens Sports Club,1,2.2,Zimbabwe,Bangladesh,H Masakadza,CK Coventry,Syed Rasel,1,0,,,,,,,,,
410341,2009,2009-08-18,Queens Sports Club,1,2.3,Zimbabwe,Bangladesh,CK Coventry,H Masakadza,Syed Rasel,0,0,,,,,,,,,
410341,2009,2009-08-18,Queens Sports Club,1,2.4,Zimbabwe,Bangladesh,CK Coventry,H Masakadza,Syed Rasel,0,2,,,,2,,,,,
410341,2009,2009-08-18,Queens Sports Club,1,2.5,Zimbabwe,Bangladesh,CK Coventry,H Masakadza,Syed Rasel,0,1,,,,1,,,,,
410341,2009,2009-08-18,Queens Sports Club,1,2.6,Zimbabwe,Bangladesh,H Masakadza,CK Coventry,Syed Rasel,0,0,,,,,,,,,
410341,2009,2009-08-18,Queens Sports Club,1,3.1,Zimbabwe,Bangladesh,CK Coventry,H Masakadza,Dolar Mahmud,0,0,,,,,,,,,
410341,2009,2009-08-18,Queens Sports Club,1,3.2,Zimbabwe,Bangladesh,CK Coventry,H Masakadza,Dolar Mahmud,0,0,,,,,,,,,
410341,2009,2009-08-18,Queens Sports Club,1,3.3,Zimbabwe,Bangladesh,CK Coventry,H Masakadza,Dolar Mahmud,0,0,,,,,,caught,CK Coventry,,
410341,2009,2009-08-18,Queens Sports Club,1,3.4,Zimbabwe,Bangladesh,MN Waller,H Masakadza,Dolar Mahmud,0,0,,,,,,,,,
410341,2009,2009-08-18,Queens Sports Club,1,3.5,Zimbabwe,Bangladesh,MN Waller,H Masakadza,Dolar Mahmud,1,0,,,,,,,,,
410341,2009,2009-08-18,Queens Sports Club,1,3.6,Zimbabwe,Bangladesh,H Masakadza,MN Waller,Dolar Mahmud,1,0,,,,,,,,,
410341,2009,2009-08-18,Queens Sports Club,1,4.1,Zimbabwe,Bangladesh,H Masakadza,MN Waller,Syed Rasel,0,0,,,,,,,,,
410341,2009,2009-08-18,Queens Sports Club,1,4.2,Zimbabwe,Bangladesh,H Masakadza,MN Waller,Syed Rasel,0,0,,,,,,,,,
410341,2009,2009-08-18,Queens Sports Club,1,4.3,Zimbabwe,Bangladesh,H Masakadza,MN Waller,Syed Rasel,1,0,,,,,,,,,
410341,2009,2009-08-18,Queens Sports Club,1,4.4,Zimbabwe,Bangladesh,MN Waller,H Masakadza,Syed Rasel,4,0,,,,,,,,,
410341,2009,2009-08-18,Queens Sports Club,1,4.5,Zimbabwe,Bangladesh,MN Waller,H Masakadza,Syed Rasel,1,0,,,,,,,,,
410341,2009,2009-08-18,Queens Sports Club,1,4.6,Zimbabwe,Bangladesh,H Masakadza,MN Waller,Syed Rasel,4,0,,,,,,,,,
410341,2009,2009-08-18,Queens Sports Club,1,5.1,Zimbabwe,Bangladesh,MN Waller,H Masakadza,Dolar Mahmud,0,0,,,,,,,,,
410341,2009,2009-08-18,Queens Sports Club,1,5.2,Zimbabwe,Bangladesh,MN Waller,H Masakadza,Dolar Mahmud,0,0,,,,,,,,,
410341,2009,2009-08-18,Queens Sports Club,1,5.3,Zimbabwe,Bangladesh,MN Waller,H Masakadza,Dolar Mahmud,0,1,,,,1,,,,,
410341,2009,2009-08-18,Queens Sports Club,1,5.4,Zimbabwe,Bangladesh,H Masakadza,MN Waller,Dolar Mahmud,0,0,,,,,,,,,
410341,2009,2009-08-18,Queens Sports Club,1,5.5,Zimbabwe,Bangladesh,H Masakadza,MN Waller,Dolar Mahmud,2,0,,,,,,,,,
410341,2009,2009-08-18,Queens Sports Club,1,5.6,Zimbabwe,Bangladesh,H Masakadza,MN Waller,Dolar Mahmud,1,0,,,,,,,,,
410341,2009,2009-08-18,Queens Sports Club,1,6.1,Zimbabwe,Bangladesh,H Masakadza,MN Waller,Syed Rasel,0,0,,,,,,,,,
410341,2009,2009-08-18,Queens Sports Club,1,6.2,Zimbabwe,Bangladesh,H Masakadza,MN Waller,Syed Rasel,1,0,,,,,,,,,
410341,2009,2009-08-18,Queens Sports Club,1,6.3,Zimbabwe,Bangladesh,MN Waller,H Masakadza,Syed Rasel,0,0,,,,,,,,,
410341,2009,2009-08-18,Queens Sports Club,1,6.4,Zimbabwe,Bangladesh,MN Waller,H Masakadza,Syed Rasel,0,0,,,,,,,,,
410341,2009,2009-08-18,Queens Sports Club,1,6.5,Zimbabwe,Bangladesh,MN Waller,H Masakadza,Syed Rasel,2,0,,,,,,,,,
410341,2009,2009-08-18,Queens Sports Club,1,6.6,Zimbabwe,Bangladesh,MN Waller,H Masakadza,Syed Rasel,2,0,,,,,,,,,
410341,2009,2009-08-18,Queens Sports Club,1,7.1,Zimbabwe,Bangladesh,H Masakadza,MN Waller,Dolar Mahmud,4,0,,,,,,,,,
410341,2009,2009-08-18,Queens Sports Club,1,7.2,Zimbabwe,Bangladesh,H Masakadza,MN Waller,Dolar Mahmud,0,0,,,,,,,,,
410341,2009,2009-08-18,Queens Sports Club,1,7.3,Zimbabwe,Bangladesh,H Masakadza,MN Waller,Dolar Mahmud,0,0,,,,,,,,,
410341,2009,2009-08-18,Queens Sports Club,1,7.4,Zimbabwe,Bangladesh,H Masakadza,MN Waller,Dolar Mahmud,4,0,,,,,,,,,
410341,2009,2009-08-18,Queens Sports Club,1,7.5,Zimbabwe,Bangladesh,H Masakadza,MN Waller,Dolar Mahmud,0,0,,,,,,,,,
410341,2009,2009-08-18,Queens Sports Club,1,7.6,Zimbabwe,Bangladesh,H Masakadza,MN Waller,Dolar Mahmud,1,0,,,,,,,,,
410341,2009,2009-08-18,Queens Sports Club,1,8.1,Zimbabwe,Bangladesh,H Masakadza,MN Waller,Syed Rasel,4,0,,,,,,,,,
410341,2009,2009-08-18,Queens Sports Club,1,8.2,Zimbabwe,Bangladesh,H Masakadza,MN Waller,Syed Rasel,0,0,,,,,,run out,H Masakadza,,
410341,2009,2009-08-18,Queens Sports Club,1,8.3,Zimbabwe,Bangladesh,SC Williams,MN Waller,Syed Rasel,4,0,,,,,,,,,
410341,2009,2009-08-18,Queens Sports Club,1,8.4,Zimbabwe,Bangladesh,SC Williams,MN Waller,Syed Rasel,0,0,,,,,,,,,
410341,2009,2009-08-18,Queens Sports Club,1,8.5,Zimbabwe,Bangladesh,SC Williams,MN Waller,Syed Rasel,0,0,,,,,,,,,
410341,2009,2009-08-18,Queens Sports Club,1,8.6,Zimbabwe,Bangladesh,SC Williams,MN Waller,Syed Rasel,0,0,,,,,,,,,
410341,2009,2009-08-18,Queens Sports Club,1,9.1,Zimbabwe,Bangladesh,MN Waller,SC Williams,Dolar Mahmud,0,0,,,,,,bowled,MN Waller,,
410341,2009,2009-08-18,Queens Sports Club,1,9.2,Zimbabwe,Bangladesh,E Chigumbura,SC Williams,Dolar Mahmud,0,0,,,,,,,,,
410341,2009,2009-08-18,Queens Sports Club,1,9.3,Zimbabwe,Bangladesh,E Chigumbura,SC Williams,Dolar Mahmud,1,0,,,,,,,,,
410341,2009,2009-08-18,Queens Sports Club,1,9.4,Zimbabwe,Bangladesh,SC Williams,E Chigumbura,Dolar Mahmud,0,1,1,,,,,,,,
410341,2009,2009-08-18,Queens Sports Club,1,9.5,Zimbabwe,Bangladesh,SC Williams,E Chigumbura,Dolar Mahmud,0,0,,,,,,,,,
410341,2009,2009-08-18,Queens Sports Club,1,9.6,Zimbabwe,Bangladesh,SC Williams,E Chigumbura,Dolar Mahmud,0,0,,,,,,,,,
410341,2009,2009-08-18,Queens Sports Club,1,9.7,Zimbabwe,Bangladesh,SC Williams,E Chigumbura,Dolar Mahmud,4,0,,,,,,,,,
410341,2009,2009-08-18,Queens Sports Club,1,10.1,Zimbabwe,Bangladesh,E Chigumbura,SC Williams,Syed Rasel,0,0,,,,,,,,,
410341,2009,2009-08-18,Queens Sports Club,1,10.2,Zimbabwe,Bangladesh,E Chigumbura,SC Williams,Syed Rasel,0,0,,,,,,,,,
410341,2009,2009-08-18,Queens Sports Club,1,10.3,Zimbabwe,Bangladesh,E Chigumbura,SC Williams,Syed Rasel,4,0,,,,,,,,,
410341,2009,2009-08-18,Queens Sports Club,1,10.4,Zimbabwe,Bangladesh,E Chigumbura,SC Williams,Syed Rasel,0,0,,,,,,,,,
410341,2009,2009-08-18,Queens Sports Club,1,10.5,Zimbabwe,Bangladesh,E Chigumbura,SC Williams,Syed Rasel,1,0,,,,,,,,,
410341,2009,2009-08-18,Queens Sports Club,1,10.6,Zimbabwe,Bangladesh,SC Williams,E Chigumbura,Syed Rasel,0,0,,,,,,,,,
410341,2009,2009-08-18,Queens Sports Club,1,11.1,Zimbabwe,Bangladesh,E Chigumbura,SC Williams,Dolar Mahmud,0,0,,,,,,,,,
410341,2009,2009-08-18,Queens Sports Club,1,11.2,Zimbabwe,Bangladesh,E Chigumbura,SC Williams,Dolar Mahmud,0,1,1,,,,,,,,
410341,2009,2009-08-18,Queens Sports Club,1,11.3,Zimbabwe,Bangladesh,E Chigumbura,SC Williams,Dolar Mahmud,0,0,,,,,,,,,
410341,2009,2009-08-18,Queens Sports Club,1,11.4,Zimbabwe,Bangladesh,E Chigumbura,SC Williams,Dolar Mahmud,1,0,,,,,,,,,
410341,2009,2009-08-18,Queens Sports Club,1,11.5,Zimbabwe,Bangladesh,SC Williams,E Chigumbura,Dolar Mahmud,0,0,,,,,,,,,
410341,2009,2009-08-18,Queens Sports Club,1,11.6,Zimbabwe,Bangladesh,SC Williams,E Chigumbura,Dolar Mahmud,0,0,,,,,,,,,
410341,2009,2009-08-18,Queens Sports Club,1,11.7,Zimbabwe,Bangladesh,SC Williams,E Chigumbura,Dolar Mahmud,1,0,,,,,,,,,
410341,2009,2009-08-18,Queens Sports Club,1,12.1,Zimbabwe,Bangladesh,SC Williams,E Chigumbura,Syed Rasel,3,0,,,,,,,,,
410341,2009,2009-08-18,Queens Sports Club,1,12.2,Zimbabwe,Bangladesh,E Chigumbura,SC Williams,Syed Rasel,0,0,,,,,,,,,
410341,2009,2009-08-18,Queens Sports Club,1,12.3,Zimbabwe,Bangladesh,E Chigumbura,SC Williams,Syed Rasel,0,0,,,,,,,,,
410341,2009,2009-08-18,Queens Sports Club,1,12.4,Zimbabwe,Bangladesh,E Chigumbura,SC Williams,Syed Rasel,0,0,,,,,,,,,
410341,2009,2009-08-18,Queens Sports Club,1,12.5,Zimbabwe,Bangladesh,E Chigumbura,SC Williams,Syed Rasel,1,0,,,,,,,,,
410341,2009,2009-08-18,Queens Sports Club,1,12.6,Zimbabwe,Bangladesh,SC Williams,E Chigumbura,Syed Rasel,0,0,,,,,,lbw,SC Williams,,
410341,2009,2009-08-18,Queens Sports Club,1,13.1,Zimbabwe,Bangladesh,E Chigumbura,BRM Taylor,Dolar Mahmud,0,0,,,,,,,,,
410341,2009,2009-08-18,Queens Sports Club,1,13.2,Zimbabwe,Bangladesh,E Chigumbura,BRM Taylor,Dolar Mahmud,4,0,,,,,,,,,
410341,2009,2009-08-18,Queens Sports Club,1,13.3,Zimbabwe,Bangladesh,E Chigumbura,BRM Taylor,Dolar Mahmud,0,0,,,,,,,,,
410341,2009,2009-08-18,Queens Sports Club,1,13.4,Zimbabwe,Bangladesh,E Chigumbura,BRM Taylor,Dolar Mahmud,0,0,,,,,,lbw,E Chigumbura,,
410341,2009,2009-08-18,Queens Sports Club,1,13.5,Zimbabwe,Bangladesh,P Utseya,BRM Taylor,Dolar Mahmud,0,0,,,,,,,,,
410341,2009,2009-08-18,Queens Sports Club,1,13.6,Zimbabwe,Bangladesh,P Utseya,BRM Taylor,Dolar Mahmud,0,0,,,,,,,,,
410341,2009,2009-08-18,Queens Sports Club,1,14.1,Zimbabwe,Bangladesh,BRM Taylor,P Utseya,Syed Rasel,0,0,,,,,,,,,
410341,2009,2009-08-18,Queens Sports Club,1,14.2,Zimbabwe,Bangladesh,BRM Taylor,P Utseya,Syed Rasel,0,0,,,,,,,,,
410341,2009,2009-08-18,Queens Sports Club,1,14.3,Zimbabwe,Bangladesh,BRM Taylor,P Utseya,Syed Rasel,0,0,,,,,,,,,
410341,2009,2009-08-18,Queens Sports Club,1,14.4,Zimbabwe,Bangladesh,BRM Taylor,P Utseya,Syed Rasel,0,0,,,,,,,,,
410341,2009,2009-08-18,Queens Sports Club,1,14.5,Zimbabwe,Bangladesh,BRM Taylor,P Utseya,Syed Rasel,4,0,,,,,,,,,
410341,2009,2009-08-18,Queens Sports Club,1,14.6,Zimbabwe,Bangladesh,BRM Taylor,P Utseya,Syed Rasel,0,0,,,,,,,,,
410341,2009,2009-08-18,Queens Sports Club,1,15.1,Zimbabwe,Bangladesh,P Utseya,BRM Taylor,Dolar Mahmud,0,0,,,,,,,,,
410341,2009,2009-08-18,Queens Sports Club,1,15.2,Zimbabwe,Bangladesh,P Utseya,BRM Taylor,Dolar Mahmud,0,0,,,,,,,,,
410341,2009,2009-08-18,Queens Sports Club,1,15.3,Zimbabwe,Bangladesh,P Utseya,BRM Taylor,Dolar Mahmud,0,0,,,,,,,,,
410341,2009,2009-08-18,Queens Sports Club,1,15.4,Zimbabwe,Bangladesh,P Utseya,BRM Taylor,Dolar Mahmud,0,0,,,,,,,,,
410341,2009,2009-08-18,Queens Sports Club,1,15.5,Zimbabwe,Bangladesh,P Utseya,BRM Taylor,Dolar Mahmud,0,0,,,,,,,,,
410341,2009,2009-08-18,Queens Sports Club,1,15.6,Zimbabwe,Bangladesh,P Utseya,BRM Taylor,Dolar Mahmud,0,0,,,,,,,,,
410341,2009,2009-08-18,Queens Sports Club,1,16.1,Zimbabwe,Bangladesh,BRM Taylor,P Utseya,Shakib Al Hasan,0,0,,,,,,,,,
410341,2009,2009-08-18,Queens Sports Club,1,16.2,Zimbabwe,Bangladesh,BRM Taylor,P Utseya,Shakib Al Hasan,0,0,,,,,,,,,
410341,2009,2009-08-18,Queens Sports Club,1,16.3,Zimbabwe,Bangladesh,BRM Taylor,P Utseya,Shakib Al Hasan,0,0,,,,,,,,,
410341,2009,2009-08-18,Queens Sports Club,1,16.4,Zimbabwe,Bangladesh,BRM Taylor,P Utseya,Shakib Al Hasan,0,0,,,,,,,,,
410341,2009,2009-08-18,Queens Sports Club,1,16.5,Zimbabwe,Bangladesh,BRM Taylor,P Utseya,Shakib Al Hasan,0,0,,,,,,,,,
410341,2009,2009-08-18,Queens Sports Club,1,16.6,Zimbabwe,Bangladesh,BRM Taylor,P Utseya,Shakib Al Hasan,0,0,,,,,,,,,
410341,2009,2009-08-18,Queens Sports Club,1,17.1,Zimbabwe,Bangladesh,P Utseya,BRM Taylor,Mehrab Hossain jnr,0,0,,,,,,,,,
410341,2009,2009-08-18,Queens Sports Club,1,17.2,Zimbabwe,Bangladesh,P Utseya,BRM Taylor,Mehrab Hossain jnr,1,0,,,,,,,,,
410341,2009,2009-08-18,Queens Sports Club,1,17.3,Zimbabwe,Bangladesh,BRM Taylor,P Utseya,Mehrab Hossain jnr,4,0,,,,,,,,,
410341,2009,2009-08-18,Queens Sports Club,1,17.4,Zimbabwe,Bangladesh,BRM Taylor,P Utseya,Mehrab Hossain jnr,1,0,,,,,,,,,
410341,2009,2009-08-18,Queens Sports Club,1,17.5,Zimbabwe,Bangladesh,P Utseya,BRM Taylor,Mehrab Hossain jnr,0,0,,,,,,,,,
410341,2009,2009-08-18,Queens Sports Club,1,17.6,Zimbabwe,Bangladesh,P Utseya,BRM Taylor,Mehrab Hossain jnr,1,0,,,,,,,,,
410341,2009,2009-08-18,Queens Sports Club,1,18.1,Zimbabwe,Bangladesh,P Utseya,BRM Taylor,Shakib Al Hasan,0,0,,,,,,,,,
410341,2009,2009-08-18,Queens Sports Club,1,18.2,Zimbabwe,Bangladesh,P Utseya,BRM Taylor,Shakib Al Hasan,0,0,,,,,,,,,
410341,2009,2009-08-18,Queens Sports Club,1,18.3,Zimbabwe,Bangladesh,P Utseya,BRM Taylor,Shakib Al Hasan,0,0,,,,,,,,,
410341,2009,2009-08-18,Queens Sports Club,1,18.4,Zimbabwe,Bangladesh,P Utseya,BRM Taylor,Shakib Al Hasan,1,0,,,,,,,,,
410341,2009,2009-08-18,Queens Sports Club,1,18.5,Zimbabwe,Bangladesh,BRM Taylor,P Utseya,Shakib Al Hasan,0,0,,,,,,,,,
410341,2009,2009-08-18,Queens Sports Club,1,18.6,Zimbabwe,Bangladesh,BRM Taylor,P Utseya,Shakib Al Hasan,0,0,,,,,,,,,
410341,2009,2009-08-18,Queens Sports Club,1,19.1,Zimbabwe,Bangladesh,P Utseya,BRM Taylor,Mehrab Hossain jnr,1,0,,,,,,,,,
410341,2009,2009-08-18,Queens Sports Club,1,19.2,Zimbabwe,Bangladesh,BRM Taylor,P Utseya,Mehrab Hossain jnr,2,0,,,,,,,,,
410341,2009,2009-08-18,Queens Sports Club,1,19.3,Zimbabwe,Bangladesh,BRM Taylor,P Utseya,Mehrab Hossain jnr,1,0,,,,,,,,,
410341,2009,2009-08-18,Queens Sports Club,1,19.4,Zimbabwe,Bangladesh,P Utseya,BRM Taylor,Mehrab Hossain jnr,0,0,,,,,,,,,
410341,2009,2009-08-18,Queens Sports Club,1,19.5,Zimbabwe,Bangladesh,P Utseya,BRM Taylor,Mehrab Hossain jnr,1,0,,,,,,,,,
410341,2009,2009-08-18,Queens Sports Club,1,19.6,Zimbabwe,Bangladesh,BRM Taylor,P Utseya,Mehrab Hossain jnr,1,0,,,,,,,,,
410341,2009,2009-08-18,Queens Sports Club,1,20.1,Zimbabwe,Bangladesh,BRM Taylor,P Utseya,Shakib Al Hasan,1,0,,,,,,,,,
410341,2009,2009-08-18,Queens Sports Club,1,20.2,Zimbabwe,Bangladesh,P Utseya,BRM Taylor,Shakib Al Hasan,1,0,,,,,,,,,
410341,2009,2009-08-18,Queens Sports Club,1,20.3,Zimbabwe,Bangladesh,BRM Taylor,P Utseya,Shakib Al Hasan,0,0,,,,,,,,,
410341,2009,2009-08-18,Queens Sports Club,1,20.4,Zimbabwe,Bangladesh,BRM Taylor,P Utseya,Shakib Al Hasan,1,0,,,,,,,,,
410341,2009,2009-08-18,Queens Sports Club,1,20.5,Zimbabwe,Bangladesh,P Utseya,BRM Taylor,Shakib Al Hasan,0,0,,,,,,,,,
410341,2009,2009-08-18,Queens Sports Club,1,20.6,Zimbabwe,Bangladesh,P Utseya,BRM Taylor,Shakib Al Hasan,0,0,,,,,,,,,
410341,2009,2009-08-18,Queens Sports Club,1,21.1,Zimbabwe,Bangladesh,BRM Taylor,P Utseya,Mahmudullah,0,0,,,,,,,,,
410341,2009,2009-08-18,Queens Sports Club,1,21.2,Zimbabwe,Bangladesh,BRM Taylor,P Utseya,Mahmudullah,1,0,,,,,,,,,
410341,2009,2009-08-18,Queens Sports Club,1,21.3,Zimbabwe,Bangladesh,P Utseya,BRM Taylor,Mahmudullah,1,0,,,,,,,,,
410341,2009,2009-08-18,Queens Sports Club,1,21.4,Zimbabwe,Bangladesh,BRM Taylor,P Utseya,Mahmudullah,0,0,,,,,,,,,
410341,2009,2009-08-18,Queens Sports Club,1,21.5,Zimbabwe,Bangladesh,BRM Taylor,P Utseya,Mahmudullah,1,0,,,,,,,,,
410341,2009,2009-08-18,Queens Sports Club,1,21.6,Zimbabwe,Bangladesh,P Utseya,BRM Taylor,Mahmudullah,0,0,,,,,,,,,
410341,2009,2009-08-18,Queens Sports Club,1,22.1,Zimbabwe,Bangladesh,BRM Taylor,P Utseya,Shakib Al Hasan,0,0,,,,,,,,,
410341,2009,2009-08-18,Queens Sports Club,1,22.2,Zimbabwe,Bangladesh,BRM Taylor,P Utseya,Shakib Al Hasan,1,0,,,,,,,,,
410341,2009,2009-08-18,Queens Sports Club,1,22.3,Zimbabwe,Bangladesh,P Utseya,BRM Taylor,Shakib Al Hasan,0,0,,,,,,,,,
410341,2009,2009-08-18,Queens Sports Club,1,22.4,Zimbabwe,Bangladesh,P Utseya,BRM Taylor,Shakib Al Hasan,0,0,,,,,,,,,
410341,2009,2009-08-18,Queens Sports Club,1,22.5,Zimbabwe,Bangladesh,P Utseya,BRM Taylor,Shakib Al Hasan,0,0,,,,,,,,,
410341,2009,2009-08-18,Queens Sports Club,1,22.6,Zimbabwe,Bangladesh,P Utseya,BRM Taylor,Shakib Al Hasan,4,0,,,,,,,,,
410341,2009,2009-08-18,Queens Sports Club,1,23.1,Zimbabwe,Bangladesh,BRM Taylor,P Utseya,Mahmudullah,0,0,,,,,,,,,
410341,2009,2009-08-18,Queens Sports Club,1,23.2,Zimbabwe,Bangladesh,BRM Taylor,P Utseya,Mahmudullah,6,0,,,,,,,,,
410341,2009,2009-08-18,Queens Sports Club,1,23.3,Zimbabwe,Bangladesh,BRM Taylor,P Utseya,Mahmudullah,0,0,,,,,,,,,
410341,2009,2009-08-18,Queens Sports Club,1,23.4,Zimbabwe,Bangladesh,BRM Taylor,P Utseya,Mahmudullah,0,0,,,,,,,,,
410341,2009,2009-08-18,Queens Sports Club,1,23.5,Zimbabwe,Bangladesh,BRM Taylor,P Utseya,Mahmudullah,1,0,,,,,,,,,
410341,2009,2009-08-18,Queens Sports Club,1,23.6,Zimbabwe,Bangladesh,P Utseya,BRM Taylor,Mahmudullah,0,0,,,,,,,,,
410341,2009,2009-08-18,Queens Sports Club,1,24.1,Zimbabwe,Bangladesh,BRM Taylor,P Utseya,Shakib Al Hasan,1,0,,,,,,,,,
410341,2009,2009-08-18,Queens Sports Club,1,24.2,Zimbabwe,Bangladesh,P Utseya,BRM Taylor,Shakib Al Hasan,0,0,,,,,,,,,
410341,2009,2009-08-18,Queens Sports Club,1,24.3,Zimbabwe,Bangladesh,P Utseya,BRM Taylor,Shakib Al Hasan,4,0,,,,,,,,,
410341,2009,2009-08-18,Queens Sports Club,1,24.4,Zimbabwe,Bangladesh,P Utseya,BRM Taylor,Shakib Al Hasan,0,0,,,,,,,,,
410341,2009,2009-08-18,Queens Sports Club,1,24.5,Zimbabwe,Bangladesh,P Utseya,BRM Taylor,Shakib Al Hasan,4,0,,,,,,,,,
410341,2009,2009-08-18,Queens Sports Club,1,24.6,Zimbabwe,Bangladesh,P Utseya,BRM Taylor,Shakib Al Hasan,0,0,,,,,,,,,
410341,2009,2009-08-18,Queens Sports Club,1,25.1,Zimbabwe,Bangladesh,BRM Taylor,P Utseya,Mahmudullah,0,0,,,,,,,,,
410341,2009,2009-08-18,Queens Sports Club,1,25.2,Zimbabwe,Bangladesh,BRM Taylor,P Utseya,Mahmudullah,1,0,,,,,,,,,
410341,2009,2009-08-18,Queens Sports Club,1,25.3,Zimbabwe,Bangladesh,P Utseya,BRM Taylor,Mahmudullah,0,0,,,,,,,,,
410341,2009,2009-08-18,Queens Sports Club,1,25.4,Zimbabwe,Bangladesh,P Utseya,BRM Taylor,Mahmudullah,1,0,,,,,,,,,
410341,2009,2009-08-18,Queens Sports Club,1,25.5,Zimbabwe,Bangladesh,BRM Taylor,P Utseya,Mahmudullah,0,0,,,,,,,,,
410341,2009,2009-08-18,Queens Sports Club,1,25.6,Zimbabwe,Bangladesh,BRM Taylor,P Utseya,Mahmudullah,1,0,,,,,,,,,
410341,2009,2009-08-18,Queens Sports Club,1,26.1,Zimbabwe,Bangladesh,BRM Taylor,P Utseya,Shakib Al Hasan,0,0,,,,,,,,,
410341,2009,2009-08-18,Queens Sports Club,1,26.2,Zimbabwe,Bangladesh,BRM Taylor,P Utseya,Shakib Al Hasan,0,0,,,,,,,,,
410341,2009,2009-08-18,Queens Sports Club,1,26.3,Zimbabwe,Bangladesh,BRM Taylor,P Utseya,Shakib Al Hasan,2,0,,,,,,,,,
410341,2009,2009-08-18,Queens Sports Club,1,26.4,Zimbabwe,Bangladesh,BRM Taylor,P Utseya,Shakib Al Hasan,0,0,,,,,,,,,
410341,2009,2009-08-18,Queens Sports Club,1,26.5,Zimbabwe,Bangladesh,BRM Taylor,P Utseya,Shakib Al Hasan,1,0,,,,,,,,,
410341,2009,2009-08-18,Queens Sports Club,1,26.6,Zimbabwe,Bangladesh,P Utseya,BRM Taylor,Shakib Al Hasan,0,0,,,,,,,,,
410341,2009,2009-08-18,Queens Sports Club,1,27.1,Zimbabwe,Bangladesh,BRM Taylor,P Utseya,Mahmudullah,0,0,,,,,,,,,
410341,2009,2009-08-18,Queens Sports Club,1,27.2,Zimbabwe,Bangladesh,BRM Taylor,P Utseya,Mahmudullah,1,0,,,,,,,,,
410341,2009,2009-08-18,Queens Sports Club,1,27.3,Zimbabwe,Bangladesh,P Utseya,BRM Taylor,Mahmudullah,1,0,,,,,,,,,
410341,2009,2009-08-18,Queens Sports Club,1,27.4,Zimbabwe,Bangladesh,BRM Taylor,P Utseya,Mahmudullah,0,0,,,,,,,,,
410341,2009,2009-08-18,Queens Sports Club,1,27.5,Zimbabwe,Bangladesh,BRM Taylor,P Utseya,Mahmudullah,1,0,,,,,,,,,
410341,2009,2009-08-18,Queens Sports Club,1,27.6,Zimbabwe,Bangladesh,P Utseya,BRM Taylor,Mahmudullah,0,0,,,,,,bowled,P Utseya,,
410341,2009,2009-08-18,Queens Sports Club,1,28.1,Zimbabwe,Bangladesh,BRM Taylor,RW Price,Shakib Al Hasan,0,0,,,,,,,,,
410341,2009,2009-08-18,Queens Sports Club,1,28.2,Zimbabwe,Bangladesh,BRM Taylor,RW Price,Shakib Al Hasan,0,0,,,,,,,,,
410341,2009,2009-08-18,Queens Sports Club,1,28.3,Zimbabwe,Bangladesh,BRM Taylor,RW Price,Shakib Al Hasan,0,0,,,,,,,,,
410341,2009,2009-08-18,Queens Sports Club,1,28.4,Zimbabwe,Bangladesh,BRM Taylor,RW Price,Shakib Al Hasan,0,1,1,,,,,,,,
410341,2009,2009-08-18,Queens Sports Club,1,28.5,Zimbabwe,Bangladesh,BRM Taylor,RW Price,Shakib Al Hasan,0,0,,,,,,,,,
410341,2009,2009-08-18,Queens Sports Club,1,28.6,Zimbabwe,Bangladesh,BRM Taylor,RW Price,Shakib Al Hasan,0,0,,,,,,,,,
410341,2009,2009-08-18,Queens Sports Club,1,28.7,Zimbabwe,Bangladesh,BRM Taylor,RW Price,Shakib Al Hasan,0,0,,,,,,,,,
410341,2009,2009-08-18,Queens Sports Club,1,29.1,Zimbabwe,Bangladesh,RW Price,BRM Taylor,Mahmudullah,1,0,,,,,,,,,
410341,2009,2009-08-18,Queens Sports Club,1,29.2,Zimbabwe,Bangladesh,BRM Taylor,RW Price,Mahmudullah,1,0,,,,,,,,,
410341,2009,2009-08-18,Queens Sports Club,1,29.3,Zimbabwe,Bangladesh,RW Price,BRM Taylor,Mahmudullah,0,0,,,,,,,,,
410341,2009,2009-08-18,Queens Sports Club,1,29.4,Zimbabwe,Bangladesh,RW Price,BRM Taylor,Mahmudullah,0,0,,,,,,,,,
410341,2009,2009-08-18,Queens Sports Club,1,29.5,Zimbabwe,Bangladesh,RW Price,BRM Taylor,Mahmudullah,1,0,,,,,,,,,
410341,2009,2009-08-18,Queens Sports Club,1,29.6,Zimbabwe,Bangladesh,BRM Taylor,RW Price,Mahmudullah,0,0,,,,,,,,,
410341,2009,2009-08-18,Queens Sports Club,1,30.1,Zimbabwe,Bangladesh,RW Price,BRM Taylor,Shakib Al Hasan,0,0,,,,,,,,,
410341,2009,2009-08-18,Queens Sports Club,1,30.2,Zimbabwe,Bangladesh,RW Price,BRM Taylor,Shakib Al Hasan,0,0,,,,,,,,,
410341,2009,2009-08-18,Queens Sports Club,1,30.3,Zimbabwe,Bangladesh,RW Price,BRM Taylor,Shakib Al Hasan,0,0,,,,,,,,,
410341,2009,2009-08-18,Queens Sports Club,1,30.4,Zimbabwe,Bangladesh,RW Price,BRM Taylor,Shakib Al Hasan,0,0,,,,,,,,,
410341,2009,2009-08-18,Queens Sports Club,1,30.5,Zimbabwe,Bangladesh,RW Price,BRM Taylor,Shakib Al Hasan,0,0,,,,,,,,,
410341,2009,2009-08-18,Queens Sports Club,1,30.6,Zimbabwe,Bangladesh,RW Price,BRM Taylor,Shakib Al Hasan,0,0,,,,,,,,,
410341,2009,2009-08-18,Queens Sports Club,1,31.1,Zimbabwe,Bangladesh,BRM Taylor,RW Price,Mahmudullah,0,0,,,,,,,,,
410341,2009,2009-08-18,Queens Sports Club,1,31.2,Zimbabwe,Bangladesh,BRM Taylor,RW Price,Mahmudullah,2,0,,,,,,,,,
410341,2009,2009-08-18,Queens Sports Club,1,31.3,Zimbabwe,Bangladesh,BRM Taylor,RW Price,Mahmudullah,1,0,,,,,,,,,
410341,2009,2009-08-18,Queens Sports Club,1,31.4,Zimbabwe,Bangladesh,RW Price,BRM Taylor,Mahmudullah,0,0,,,,,,,,,
410341,2009,2009-08-18,Queens Sports Club,1,31.5,Zimbabwe,Bangladesh,RW Price,BRM Taylor,Mahmudullah,1,0,,,,,,,,,
410341,2009,2009-08-18,Queens Sports Club,1,31.6,Zimbabwe,Bangladesh,BRM Taylor,RW Price,Mahmudullah,0,0,,,,,,,,,
410341,2009,2009-08-18,Queens Sports Club,1,32.1,Zimbabwe,Bangladesh,RW Price,BRM Taylor,Mehrab Hossain jnr,1,0,,,,,,,,,
410341,2009,2009-08-18,Queens Sports Club,1,32.2,Zimbabwe,Bangladesh,BRM Taylor,RW Price,Mehrab Hossain jnr,1,0,,,,,,,,,
410341,2009,2009-08-18,Queens Sports Club,1,32.3,Zimbabwe,Bangladesh,RW Price,BRM Taylor,Mehrab Hossain jnr,0,0,,,,,,,,,
410341,2009,2009-08-18,Queens Sports Club,1,32.4,Zimbabwe,Bangladesh,RW Price,BRM Taylor,Mehrab Hossain jnr,0,0,,,,,,,,,
410341,2009,2009-08-18,Queens Sports Club,1,32.5,Zimbabwe,Bangladesh,RW Price,BRM Taylor,Mehrab Hossain jnr,0,0,,,,,,,,,
410341,2009,2009-08-18,Queens Sports Club,1,32.6,Zimbabwe,Bangladesh,RW Price,BRM Taylor,Mehrab Hossain jnr,4,0,,,,,,,,,
410341,2009,2009-08-18,Queens Sports Club,1,33.1,Zimbabwe,Bangladesh,BRM Taylor,RW Price,Mahmudullah,1,0,,,,,,,,,
410341,2009,2009-08-18,Queens Sports Club,1,33.2,Zimbabwe,Bangladesh,RW Price,BRM Taylor,Mahmudullah,0,0,,,,,,,,,
410341,2009,2009-08-18,Queens Sports Club,1,33.3,Zimbabwe,Bangladesh,RW Price,BRM Taylor,Mahmudullah,0,0,,,,,,,,,
410341,2009,2009-08-18,Queens Sports Club,1,33.4,Zimbabwe,Bangladesh,RW Price,BRM Taylor,Mahmudullah,0,0,,,,,,,,,
410341,2009,2009-08-18,Queens Sports Club,1,33.5,Zimbabwe,Bangladesh,RW Price,BRM Taylor,Mahmudullah,0,0,,,,,,,,,
410341,2009,2009-08-18,Queens Sports Club,1,33.6,Zimbabwe,Bangladesh,RW Price,BRM Taylor,Mahmudullah,0,0,,,,,,,,,
410341,2009,2009-08-18,Queens Sports Club,1,34.1,Zimbabwe,Bangladesh,BRM Taylor,RW Price,Mehrab Hossain jnr,1,0,,,,,,,,,
410341,2009,2009-08-18,Queens Sports Club,1,34.2,Zimbabwe,Bangladesh,RW Price,BRM Taylor,Mehrab Hossain jnr,0,0,,,,,,,,,
410341,2009,2009-08-18,Queens Sports Club,1,34.3,Zimbabwe,Bangladesh,RW Price,BRM Taylor,Mehrab Hossain jnr,1,0,,,,,,,,,
410341,2009,2009-08-18,Queens Sports Club,1,34.4,Zimbabwe,Bangladesh,BRM Taylor,RW Price,Mehrab Hossain jnr,1,0,,,,,,,,,
410341,2009,2009-08-18,Queens Sports Club,1,34.5,Zimbabwe,Bangladesh,RW Price,BRM Taylor,Mehrab Hossain jnr,1,0,,,,,,,,,
410341,2009,2009-08-18,Queens Sports Club,1,34.6,Zimbabwe,Bangladesh,BRM Taylor,RW Price,Mehrab Hossain jnr,1,0,,,,,,,,,
410341,2009,2009-08-18,Queens Sports Club,1,35.1,Zimbabwe,Bangladesh,BRM Taylor,RW Price,Mahmudullah,0,0,,,,,,,,,
410341,2009,2009-08-18,Queens Sports Club,1,35.2,Zimbabwe,Bangladesh,BRM Taylor,RW Price,Mahmudullah,1,0,,,,,,,,,
410341,2009,2009-08-18,Queens Sports Club,1,35.3,Zimbabwe,Bangladesh,RW Price,BRM Taylor,Mahmudullah,1,0,,,,,,,,,
410341,2009,2009-08-18,Queens Sports Club,1,35.4,Zimbabwe,Bangladesh,BRM Taylor,RW Price,Mahmudullah,0,0,,,,,,,,,
410341,2009,2009-08-18,Queens Sports Club,1,35.5,Zimbabwe,Bangladesh,BRM Taylor,RW Price,Mahmudullah,1,0,,,,,,,,,
410341,2009,2009-08-18,Queens Sports Club,1,35.6,Zimbabwe,Bangladesh,RW Price,BRM Taylor,Mahmudullah,0,0,,,,,,,,,
410341,2009,2009-08-18,Queens Sports Club,1,36.1,Zimbabwe,Bangladesh,BRM Taylor,RW Price,Naeem Islam,1,0,,,,,,,,,
410341,2009,2009-08-18,Queens Sports Club,1,36.2,Zimbabwe,Bangladesh,RW Price,BRM Taylor,Naeem Islam,1,0,,,,,,,,,
410341,2009,2009-08-18,Queens Sports Club,1,36.3,Zimbabwe,Bangladesh,BRM Taylor,RW Price,Naeem Islam,0,0,,,,,,,,,
410341,2009,2009-08-18,Queens Sports Club,1,36.4,Zimbabwe,Bangladesh,BRM Taylor,RW Price,Naeem Islam,0,0,,,,,,,,,
410341,2009,2009-08-18,Queens Sports Club,1,36.5,Zimbabwe,Bangladesh,BRM Taylor,RW Price,Naeem Islam,2,0,,,,,,,,,
410341,2009,2009-08-18,Queens Sports Club,1,36.6,Zimbabwe,Bangladesh,BRM Taylor,RW Price,Naeem Islam,2,0,,,,,,,,,
410341,2009,2009-08-18,Queens Sports Club,1,37.1,Zimbabwe,Bangladesh,RW Price,BRM Taylor,Mahmudullah,0,0,,,,,,,,,
410341,2009,2009-08-18,Queens Sports Club,1,37.2,Zimbabwe,Bangladesh,RW Price,BRM Taylor,Mahmudullah,1,0,,,,,,,,,
410341,2009,2009-08-18,Queens Sports Club,1,37.3,Zimbabwe,Bangladesh,BRM Taylor,RW Price,Mahmudullah,0,0,,,,,,,,,
410341,2009,2009-08-18,Queens Sports Club,1,37.4,Zimbabwe,Bangladesh,BRM Taylor,RW Price,Mahmudullah,2,0,,,,,,,,,
410341,2009,2009-08-18,Queens Sports Club,1,37.5,Zimbabwe,Bangladesh,BRM Taylor,RW Price,Mahmudullah,2,0,,,,,,,,,
410341,2009,2009-08-18,Queens Sports Club,1,37.6,Zimbabwe,Bangladesh,BRM Taylor,RW Price,Mahmudullah,4,0,,,,,,,,,
410341,2009,2009-08-18,Queens Sports Club,1,38.1,Zimbabwe,Bangladesh,RW Price,BRM Taylor,Naeem Islam,4,0,,,,,,,,,
410341,2009,2009-08-18,Queens Sports Club,1,38.2,Zimbabwe,Bangladesh,RW Price,BRM Taylor,Naeem Islam,1,0,,,,,,,,,
410341,2009,2009-08-18,Queens Sports Club,1,38.3,Zimbabwe,Bangladesh,BRM Taylor,RW Price,Naeem Islam,0,0,,,,,,,,,
410341,2009,2009-08-18,Queens Sports Club,1,38.4,Zimbabwe,Bangladesh,BRM Taylor,RW Price,Naeem Islam,1,0,,,,,,,,,
410341,2009,2009-08-18,Queens Sports Club,1,38.5,Zimbabwe,Bangladesh,RW Price,BRM Taylor,Naeem Islam,0,0,,,,,,,,,
410341,2009,2009-08-18,Queens Sports Club,1,38.6,Zimbabwe,Bangladesh,RW Price,BRM Taylor,Naeem Islam,1,0,,,,,,,,,
410341,2009,2009-08-18,Queens Sports Club,1,39.1,Zimbabwe,Bangladesh,RW Price,BRM Taylor,Mahmudullah,1,0,,,,,,,,,
410341,2009,2009-08-18,Queens Sports Club,1,39.2,Zimbabwe,Bangladesh,BRM Taylor,RW Price,Mahmudullah,0,0,,,,,,,,,
410341,2009,2009-08-18,Queens Sports Club,1,39.3,Zimbabwe,Bangladesh,BRM Taylor,RW Price,Mahmudullah,1,0,,,,,,,,,
410341,2009,2009-08-18,Queens Sports Club,1,39.4,Zimbabwe,Bangladesh,RW Price,BRM Taylor,Mahmudullah,1,0,,,,,,,,,
410341,2009,2009-08-18,Queens Sports Club,1,39.5,Zimbabwe,Bangladesh,BRM Taylor,RW Price,Mahmudullah,1,0,,,,,,,,,
410341,2009,2009-08-18,Queens Sports Club,1,39.6,Zimbabwe,Bangladesh,RW Price,BRM Taylor,Mahmudullah,0,0,,,,,,,,,
410341,2009,2009-08-18,Queens Sports Club,1,40.1,Zimbabwe,Bangladesh,BRM Taylor,RW Price,Mehrab Hossain jnr,0,0,,,,,,,,,
410341,2009,2009-08-18,Queens Sports Club,1,40.2,Zimbabwe,Bangladesh,BRM Taylor,RW Price,Mehrab Hossain jnr,0,0,,,,,,,,,
410341,2009,2009-08-18,Queens Sports Club,1,40.3,Zimbabwe,Bangladesh,BRM Taylor,RW Price,Mehrab Hossain jnr,1,0,,,,,,,,,
410341,2009,2009-08-18,Queens Sports Club,1,40.4,Zimbabwe,Bangladesh,RW Price,BRM Taylor,Mehrab Hossain jnr,2,0,,,,,,,,,
410341,2009,2009-08-18,Queens Sports Club,1,40.5,Zimbabwe,Bangladesh,RW Price,BRM Taylor,Mehrab Hossain jnr,1,0,,,,,,,,,
410341,2009,2009-08-18,Queens Sports Club,1,40.6,Zimbabwe,Bangladesh,BRM Taylor,RW Price,Mehrab Hossain jnr,0,0,,,,,,lbw,BRM Taylor,,
410341,2009,2009-08-18,Queens Sports Club,1,41.1,Zimbabwe,Bangladesh,RW Price,AG Cremer,Naeem Islam,0,0,,,,,,,,,
410341,2009,2009-08-18,Queens Sports Club,1,41.2,Zimbabwe,Bangladesh,RW Price,AG Cremer,Naeem Islam,1,0,,,,,,,,,
410341,2009,2009-08-18,Queens Sports Club,1,41.3,Zimbabwe,Bangladesh,AG Cremer,RW Price,Naeem Islam,1,0,,,,,,,,,
410341,2009,2009-08-18,Queens Sports Club,1,41.4,Zimbabwe,Bangladesh,RW Price,AG Cremer,Naeem Islam,0,0,,,,,,,,,
410341,2009,2009-08-18,Queens Sports Club,1,41.5,Zimbabwe,Bangladesh,RW Price,AG Cremer,Naeem Islam,1,0,,,,,,,,,
410341,2009,2009-08-18,Queens Sports Club,1,41.6,Zimbabwe,Bangladesh,AG Cremer,RW Price,Naeem Islam,0,0,,,,,,,,,
410341,2009,2009-08-18,Queens Sports Club,1,42.1,Zimbabwe,Bangladesh,RW Price,AG Cremer,Mehrab Hossain jnr,0,0,,,,,,,,,
410341,2009,2009-08-18,Queens Sports Club,1,42.2,Zimbabwe,Bangladesh,RW Price,AG Cremer,Mehrab Hossain jnr,4,0,,,,,,,,,
410341,2009,2009-08-18,Queens Sports Club,1,42.3,Zimbabwe,Bangladesh,RW Price,AG Cremer,Mehrab Hossain jnr,0,0,,,,,,,,,
410341,2009,2009-08-18,Queens Sports Club,1,42.4,Zimbabwe,Bangladesh,RW Price,AG Cremer,Mehrab Hossain jnr,0,0,,,,,,,,,
410341,2009,2009-08-18,Queens Sports Club,1,42.5,Zimbabwe,Bangladesh,RW Price,AG Cremer,Mehrab Hossain jnr,1,0,,,,,,,,,
410341,2009,2009-08-18,Queens Sports Club,1,42.6,Zimbabwe,Bangladesh,AG Cremer,RW Price,Mehrab Hossain jnr,0,0,,,,,,,,,
410341,2009,2009-08-18,Queens Sports Club,1,43.1,Zimbabwe,Bangladesh,RW Price,AG Cremer,Naeem Islam,0,0,,,,,,,,,
410341,2009,2009-08-18,Queens Sports Club,1,43.2,Zimbabwe,Bangladesh,RW Price,AG Cremer,Naeem Islam,0,0,,,,,,,,,
410341,2009,2009-08-18,Queens Sports Club,1,43.3,Zimbabwe,Bangladesh,RW Price,AG Cremer,Naeem Islam,1,0,,,,,,,,,
410341,2009,2009-08-18,Queens Sports Club,1,43.4,Zimbabwe,Bangladesh,AG Cremer,RW Price,Naeem Islam,1,0,,,,,,,,,
410341,2009,2009-08-18,Queens Sports Club,1,43.5,Zimbabwe,Bangladesh,RW Price,AG Cremer,Naeem Islam,1,0,,,,,,,,,
410341,2009,2009-08-18,Queens Sports Club,1,43.6,Zimbabwe,Bangladesh,AG Cremer,RW Price,Naeem Islam,1,0,,,,,,,,,
410341,2009,2009-08-18,Queens Sports Club,1,44.1,Zimbabwe,Bangladesh,AG Cremer,RW Price,Mehrab Hossain jnr,2,0,,,,,,,,,
410341,2009,2009-08-18,Queens Sports Club,1,44.2,Zimbabwe,Bangladesh,AG Cremer,RW Price,Mehrab Hossain jnr,0,0,,,,,,,,,
410341,2009,2009-08-18,Queens Sports Club,1,44.3,Zimbabwe,Bangladesh,AG Cremer,RW Price,Mehrab Hossain jnr,0,0,,,,,,,,,
410341,2009,2009-08-18,Queens Sports Club,1,44.4,Zimbabwe,Bangladesh,AG Cremer,RW Price,Mehrab Hossain jnr,1,0,,,,,,,,,
410341,2009,2009-08-18,Queens Sports Club,1,44.5,Zimbabwe,Bangladesh,RW Price,AG Cremer,Mehrab Hossain jnr,6,0,,,,,,,,,
410341,2009,2009-08-18,Queens Sports Club,1,44.6,Zimbabwe,Bangladesh,RW Price,AG Cremer,Mehrab Hossain jnr,1,0,,,,,,,,,
410341,2009,2009-08-18,Queens Sports Club,1,45.1,Zimbabwe,Bangladesh,RW Price,AG Cremer,Naeem Islam,1,0,,,,,,,,,
410341,2009,2009-08-18,Queens Sports Club,1,45.2,Zimbabwe,Bangladesh,AG Cremer,RW Price,Naeem Islam,4,0,,,,,,,,,
410341,2009,2009-08-18,Queens Sports Club,1,45.3,Zimbabwe,Bangladesh,AG Cremer,RW Price,Naeem Islam,0,0,,,,,,stumped,AG Cremer,,
410341,2009,2009-08-18,Queens Sports Club,1,45.4,Zimbabwe,Bangladesh,EC Rainsford,RW Price,Naeem Islam,0,0,,,,,,,,,
410341,2009,2009-08-18,Queens Sports Club,1,45.5,Zimbabwe,Bangladesh,EC Rainsford,RW Price,Naeem Islam,0,0,,,,,,,,,
410341,2009,2009-08-18,Queens Sports Club,1,45.6,Zimbabwe,Bangladesh,EC Rainsford,RW Price,Naeem Islam,0,0,,,,,,,,,
410341,2009,2009-08-18,Queens Sports Club,1,46.1,Zimbabwe,Bangladesh,RW Price,EC Rainsford,Syed Rasel,1,0,,,,,,,,,
410341,2009,2009-08-18,Queens Sports Club,1,46.2,Zimbabwe,Bangladesh,EC Rainsford,RW Price,Syed Rasel,1,0,,,,,,,,,
410341,2009,2009-08-18,Queens Sports Club,1,46.3,Zimbabwe,Bangladesh,RW Price,EC Rainsford,Syed Rasel,4,0,,,,,,,,,
410341,2009,2009-08-18,Queens Sports Club,1,46.4,Zimbabwe,Bangladesh,RW Price,EC Rainsford,Syed Rasel,0,0,,,,,,lbw,RW Price,,
410341,2009,2009-08-18,Queens Sports Club,2,0.1,Bangladesh,Zimbabwe,Tamim Iqbal,Mushfiqur Rahim,EC Rainsford,0,0,,,,,,,,,
410341,2009,2009-08-18,Queens Sports Club,2,0.2,Bangladesh,Zimbabwe,Tamim Iqbal,Mushfiqur Rahim,EC Rainsford,1,0,,,,,,,,,
410341,2009,2009-08-18,Queens Sports Club,2,0.3,Bangladesh,Zimbabwe,Mushfiqur Rahim,Tamim Iqbal,EC Rainsford,0,1,1,,,,,,,,
410341,2009,2009-08-18,Queens Sports Club,2,0.4,Bangladesh,Zimbabwe,Mushfiqur Rahim,Tamim Iqbal,EC Rainsford,0,0,,,,,,,,,
410341,2009,2009-08-18,Queens Sports Club,2,0.5,Bangladesh,Zimbabwe,Mushfiqur Rahim,Tamim Iqbal,EC Rainsford,0,0,,,,,,,,,
410341,2009,2009-08-18,Queens Sports Club,2,0.6,Bangladesh,Zimbabwe,Mushfiqur Rahim,Tamim Iqbal,EC Rainsford,0,0,,,,,,,,,
410341,2009,2009-08-18,Queens Sports Club,2,0.7,Bangladesh,Zimbabwe,Mushfiqur Rahim,Tamim Iqbal,EC Rainsford,0,0,,,,,,,,,
410341,2009,2009-08-18,Queens Sports Club,2,1.1,Bangladesh,Zimbabwe,Tamim Iqbal,Mushfiqur Rahim,E Chigumbura,0,0,,,,,,,,,
410341,2009,2009-08-18,Queens Sports Club,2,1.2,Bangladesh,Zimbabwe,Tamim Iqbal,Mushfiqur Rahim,E Chigumbura,0,0,,,,,,,,,
410341,2009,2009-08-18,Queens Sports Club,2,1.3,Bangladesh,Zimbabwe,Tamim Iqbal,Mushfiqur Rahim,E Chigumbura,0,0,,,,,,,,,
410341,2009,2009-08-18,Queens Sports Club,2,1.4,Bangladesh,Zimbabwe,Tamim Iqbal,Mushfiqur Rahim,E Chigumbura,0,4,,,4,,,,,,
410341,2009,2009-08-18,Queens Sports Club,2,1.5,Bangladesh,Zimbabwe,Tamim Iqbal,Mushfiqur Rahim,E Chigumbura,0,0,,,,,,,,,
410341,2009,2009-08-18,Queens Sports Club,2,1.6,Bangladesh,Zimbabwe,Tamim Iqbal,Mushfiqur Rahim,E Chigumbura,1,0,,,,,,,,,
410341,2009,2009-08-18,Queens Sports Club,2,2.1,Bangladesh,Zimbabwe,Tamim Iqbal,Mushfiqur Rahim,EC Rainsford,0,0,,,,,,,,,
410341,2009,2009-08-18,Queens Sports Club,2,2.2,Bangladesh,Zimbabwe,Tamim Iqbal,Mushfiqur Rahim,EC Rainsford,0,0,,,,,,,,,
410341,2009,2009-08-18,Queens Sports Club,2,2.3,Bangladesh,Zimbabwe,Tamim Iqbal,Mushfiqur Rahim,EC Rainsford,0,0,,,,,,,,,
410341,2009,2009-08-18,Queens Sports Club,2,2.4,Bangladesh,Zimbabwe,Tamim Iqbal,Mushfiqur Rahim,EC Rainsford,0,0,,,,,,,,,
410341,2009,2009-08-18,Queens Sports Club,2,2.5,Bangladesh,Zimbabwe,Tamim Iqbal,Mushfiqur Rahim,EC Rainsford,0,0,,,,,,,,,
410341,2009,2009-08-18,Queens Sports Club,2,2.6,Bangladesh,Zimbabwe,Tamim Iqbal,Mushfiqur Rahim,EC Rainsford,0,0,,,,,,,,,
410341,2009,2009-08-18,Queens Sports Club,2,3.1,Bangladesh,Zimbabwe,Mushfiqur Rahim,Tamim Iqbal,E Chigumbura,0,0,,,,,,,,,
410341,2009,2009-08-18,Queens Sports Club,2,3.2,Bangladesh,Zimbabwe,Mushfiqur Rahim,Tamim Iqbal,E Chigumbura,0,0,,,,,,,,,
410341,2009,2009-08-18,Queens Sports Club,2,3.3,Bangladesh,Zimbabwe,Mushfiqur Rahim,Tamim Iqbal,E Chigumbura,0,0,,,,,,,,,
410341,2009,2009-08-18,Queens Sports Club,2,3.4,Bangladesh,Zimbabwe,Mushfiqur Rahim,Tamim Iqbal,E Chigumbura,2,0,,,,,,,,,
410341,2009,2009-08-18,Queens Sports Club,2,3.5,Bangladesh,Zimbabwe,Mushfiqur Rahim,Tamim Iqbal,E Chigumbura,0,0,,,,,,,,,
410341,2009,2009-08-18,Queens Sports Club,2,3.6,Bangladesh,Zimbabwe,Mushfiqur Rahim,Tamim Iqbal,E Chigumbura,0,0,,,,,,,,,
410341,2009,2009-08-18,Queens Sports Club,2,4.1,Bangladesh,Zimbabwe,Tamim Iqbal,Mushfiqur Rahim,EC Rainsford,1,0,,,,,,,,,
410341,2009,2009-08-18,Queens Sports Club,2,4.2,Bangladesh,Zimbabwe,Mushfiqur Rahim,Tamim Iqbal,EC Rainsford,0,0,,,,,,,,,
410341,2009,2009-08-18,Queens Sports Club,2,4.3,Bangladesh,Zimbabwe,Mushfiqur Rahim,Tamim Iqbal,EC Rainsford,0,0,,,,,,,,,
410341,2009,2009-08-18,Queens Sports Club,2,4.4,Bangladesh,Zimbabwe,Mushfiqur Rahim,Tamim Iqbal,EC Rainsford,4,0,,,,,,,,,
410341,2009,2009-08-18,Queens Sports Club,2,4.5,Bangladesh,Zimbabwe,Mushfiqur Rahim,Tamim Iqbal,EC Rainsford,0,0,,,,,,,,,
410341,2009,2009-08-18,Queens Sports Club,2,4.6,Bangladesh,Zimbabwe,Mushfiqur Rahim,Tamim Iqbal,EC Rainsford,0,1,,,,1,,,,,
410341,2009,2009-08-18,Queens Sports Club,2,5.1,Bangladesh,Zimbabwe,Mushfiqur Rahim,Tamim Iqbal,E Chigumbura,0,0,,,,,,,,,
410341,2009,2009-08-18,Queens Sports Club,2,5.2,Bangladesh,Zimbabwe,Mushfiqur Rahim,Tamim Iqbal,E Chigumbura,0,0,,,,,,,,,
410341,2009,2009-08-18,Queens Sports Club,2,5.3,Bangladesh,Zimbabwe,Mushfiqur Rahim,Tamim Iqbal,E Chigumbura,4,0,,,,,,,,,
410341,2009,2009-08-18,Queens Sports Club,2,5.4,Bangladesh,Zimbabwe,Mushfiqur Rahim,Tamim Iqbal,E Chigumbura,4,0,,,,,,,,,
410341,2009,2009-08-18,Queens Sports Club,2,5.5,Bangladesh,Zimbabwe,Mushfiqur Rahim,Tamim Iqbal,E Chigumbura,1,0,,,,,,,,,
410341,2009,2009-08-18,Queens Sports Club,2,5.6,Bangladesh,Zimbabwe,Tamim Iqbal,Mushfiqur Rahim,E Chigumbura,0,0,,,,,,,,,
410341,2009,2009-08-18,Queens Sports Club,2,6.1,Bangladesh,Zimbabwe,Mushfiqur Rahim,Tamim Iqbal,EC Rainsford,1,0,,,,,,,,,
410341,2009,2009-08-18,Queens Sports Club,2,6.2,Bangladesh,Zimbabwe,Tamim Iqbal,Mushfiqur Rahim,EC Rainsford,0,0,,,,,,,,,
410341,2009,2009-08-18,Queens Sports Club,2,6.3,Bangladesh,Zimbabwe,Tamim Iqbal,Mushfiqur Rahim,EC Rainsford,1,0,,,,,,,,,
410341,2009,2009-08-18,Queens Sports Club,2,6.4,Bangladesh,Zimbabwe,Mushfiqur Rahim,Tamim Iqbal,EC Rainsford,1,0,,,,,,,,,
410341,2009,2009-08-18,Queens Sports Club,2,6.5,Bangladesh,Zimbabwe,Tamim Iqbal,Mushfiqur Rahim,EC Rainsford,0,0,,,,,,,,,
410341,2009,2009-08-18,Queens Sports Club,2,6.6,Bangladesh,Zimbabwe,Tamim Iqbal,Mushfiqur Rahim,EC Rainsford,0,0,,,,,,,,,
410341,2009,2009-08-18,Queens Sports Club,2,7.1,Bangladesh,Zimbabwe,Mushfiqur Rahim,Tamim Iqbal,E Chigumbura,4,0,,,,,,,,,
410341,2009,2009-08-18,Queens Sports Club,2,7.2,Bangladesh,Zimbabwe,Mushfiqur Rahim,Tamim Iqbal,E Chigumbura,0,0,,,,,,,,,
410341,2009,2009-08-18,Queens Sports Club,2,7.3,Bangladesh,Zimbabwe,Mushfiqur Rahim,Tamim Iqbal,E Chigumbura,0,0,,,,,,,,,
410341,2009,2009-08-18,Queens Sports Club,2,7.4,Bangladesh,Zimbabwe,Mushfiqur Rahim,Tamim Iqbal,E Chigumbura,1,0,,,,,,,,,
410341,2009,2009-08-18,Queens Sports Club,2,7.5,Bangladesh,Zimbabwe,Tamim Iqbal,Mushfiqur Rahim,E Chigumbura,0,0,,,,,,,,,
410341,2009,2009-08-18,Queens Sports Club,2,7.6,Bangladesh,Zimbabwe,Tamim Iqbal,Mushfiqur Rahim,E Chigumbura,0,0,,,,,,,,,
410341,2009,2009-08-18,Queens Sports Club,2,8.1,Bangladesh,Zimbabwe,Mushfiqur Rahim,Tamim Iqbal,EC Rainsford,2,0,,,,,,,,,
410341,2009,2009-08-18,Queens Sports Club,2,8.2,Bangladesh,Zimbabwe,Mushfiqur Rahim,Tamim Iqbal,EC Rainsford,4,0,,,,,,,,,
410341,2009,2009-08-18,Queens Sports Club,2,8.3,Bangladesh,Zimbabwe,Mushfiqur Rahim,Tamim Iqbal,EC Rainsford,0,0,,,,,,,,,
410341,2009,2009-08-18,Queens Sports Club,2,8.4,Bangladesh,Zimbabwe,Mushfiqur Rahim,Tamim Iqbal,EC Rainsford,0,5,5,,,,,,,,
410341,2009,2009-08-18,Queens Sports Club,2,8.5,Bangladesh,Zimbabwe,Mushfiqur Rahim,Tamim Iqbal,EC Rainsford,0,0,,,,,,,,,
410341,2009,2009-08-18,Queens Sports Club,2,8.6,Bangladesh,Zimbabwe,Mushfiqur Rahim,Tamim Iqbal,EC Rainsford,0,0,,,,,,,,,
410341,2009,2009-08-18,Queens Sports Club,2,8.7,Bangladesh,Zimbabwe,Mushfiqur Rahim,Tamim Iqbal,EC Rainsford,0,0,,,,,,,,,
410341,2009,2009-08-18,Queens Sports Club,2,9.1,Bangladesh,Zimbabwe,Tamim Iqbal,Mushfiqur Rahim,RW Price,0,0,,,,,,bowled,Tamim Iqbal,,
410341,2009,2009-08-18,Queens Sports Club,2,9.2,Bangladesh,Zimbabwe,Mohammad Ashraful,Mushfiqur Rahim,RW Price,2,0,,,,,,,,,
410341,2009,2009-08-18,Queens Sports Club,2,9.3,Bangladesh,Zimbabwe,Mohammad Ashraful,Mushfiqur Rahim,RW Price,1,0,,,,,,,,,
410341,2009,2009-08-18,Queens Sports Club,2,9.4,Bangladesh,Zimbabwe,Mushfiqur Rahim,Mohammad Ashraful,RW Price,1,0,,,,,,,,,
410341,2009,2009-08-18,Queens Sports Club,2,9.5,Bangladesh,Zimbabwe,Mohammad Ashraful,Mushfiqur Rahim,RW Price,1,0,,,,,,,,,
410341,2009,2009-08-18,Queens Sports Club,2,9.6,Bangladesh,Zimbabwe,Mushfiqur Rahim,Mohammad Ashraful,RW Price,0,0,,,,,,,,,
410341,2009,2009-08-18,Queens Sports Club,2,10.1,Bangladesh,Zimbabwe,Mohammad Ashraful,Mushfiqur Rahim,E Chigumbura,0,0,,,,,,,,,
410341,2009,2009-08-18,Queens Sports Club,2,10.2,Bangladesh,Zimbabwe,Mohammad Ashraful,Mushfiqur Rahim,E Chigumbura,0,0,,,,,,,,,
410341,2009,2009-08-18,Queens Sports Club,2,10.3,Bangladesh,Zimbabwe,Mohammad Ashraful,Mushfiqur Rahim,E Chigumbura,0,0,,,,,,,,,
410341,2009,2009-08-18,Queens Sports Club,2,10.4,Bangladesh,Zimbabwe,Mohammad Ashraful,Mushfiqur Rahim,E Chigumbura,0,0,,,,,,caught,Mohammad Ashraful,,
410341,2009,2009-08-18,Queens Sports Club,2,10.5,Bangladesh,Zimbabwe,Raqibul Hasan,Mushfiqur Rahim,E Chigumbura,0,0,,,,,,,,,
410341,2009,2009-08-18,Queens Sports Club,2,10.6,Bangladesh,Zimbabwe,Raqibul Hasan,Mushfiqur Rahim,E Chigumbura,0,1,1,,,,,,,,
410341,2009,2009-08-18,Queens Sports Club,2,10.7,Bangladesh,Zimbabwe,Raqibul Hasan,Mushfiqur Rahim,E Chigumbura,0,0,,,,,,,,,
410341,2009,2009-08-18,Queens Sports Club,2,11.1,Bangladesh,Zimbabwe,Mushfiqur Rahim,Raqibul Hasan,RW Price,0,0,,,,,,,,,
410341,2009,2009-08-18,Queens Sports Club,2,11.2,Bangladesh,Zimbabwe,Mushfiqur Rahim,Raqibul Hasan,RW Price,0,0,,,,,,,,,
410341,2009,2009-08-18,Queens Sports Club,2,11.3,Bangladesh,Zimbabwe,Mushfiqur Rahim,Raqibul Hasan,RW Price,4,0,,,,,,,,,
410341,2009,2009-08-18,Queens Sports Club,2,11.4,Bangladesh,Zimbabwe,Mushfiqur Rahim,Raqibul Hasan,RW Price,2,0,,,,,,,,,
410341,2009,2009-08-18,Queens Sports Club,2,11.5,Bangladesh,Zimbabwe,Mushfiqur Rahim,Raqibul Hasan,RW Price,0,0,,,,,,,,,
410341,2009,2009-08-18,Queens Sports Club,2,11.6,Bangladesh,Zimbabwe,Mushfiqur Rahim,Raqibul Hasan,RW Price,0,0,,,,,,,,,
410341,2009,2009-08-18,Queens Sports Club,2,12.1,Bangladesh,Zimbabwe,Raqibul Hasan,Mushfiqur Rahim,E Chigumbura,0,0,,,,,,,,,
410341,2009,2009-08-18,Queens Sports Club,2,12.2,Bangladesh,Zimbabwe,Raqibul Hasan,Mushfiqur Rahim,E Chigumbura,0,0,,,,,,,,,
410341,2009,2009-08-18,Queens Sports Club,2,12.3,Bangladesh,Zimbabwe,Raqibul Hasan,Mushfiqur Rahim,E Chigumbura,0,0,,,,,,,,,
410341,2009,2009-08-18,Queens Sports Club,2,12.4,Bangladesh,Zimbabwe,Raqibul Hasan,Mushfiqur Rahim,E Chigumbura,2,0,,,,,,,,,
410341,2009,2009-08-18,Queens Sports Club,2,12.5,Bangladesh,Zimbabwe,Raqibul Hasan,Mushfiqur Rahim,E Chigumbura,0,0,,,,,,,,,
410341,2009,2009-08-18,Queens Sports Club,2,12.6,Bangladesh,Zimbabwe,Raqibul Hasan,Mushfiqur Rahim,E Chigumbura,0,0,,,,,,,,,
410341,2009,2009-08-18,Queens Sports Club,2,13.1,Bangladesh,Zimbabwe,Mushfiqur Rahim,Raqibul Hasan,RW Price,0,0,,,,,,,,,
410341,2009,2009-08-18,Queens Sports Club,2,13.2,Bangladesh,Zimbabwe,Mushfiqur Rahim,Raqibul Hasan,RW Price,0,0,,,,,,,,,
410341,2009,2009-08-18,Queens Sports Club,2,13.3,Bangladesh,Zimbabwe,Mushfiqur Rahim,Raqibul Hasan,RW Price,0,0,,,,,,,,,
410341,2009,2009-08-18,Queens Sports Club,2,13.4,Bangladesh,Zimbabwe,Mushfiqur Rahim,Raqibul Hasan,RW Price,2,0,,,,,,,,,
410341,2009,2009-08-18,Queens Sports Club,2,13.5,Bangladesh,Zimbabwe,Mushfiqur Rahim,Raqibul Hasan,RW Price,1,0,,,,,,,,,
410341,2009,2009-08-18,Queens Sports Club,2,13.6,Bangladesh,Zimbabwe,Raqibul Hasan,Mushfiqur Rahim,RW Price,0,0,,,,,,,,,
410341,2009,2009-08-18,Queens Sports Club,2,14.1,Bangladesh,Zimbabwe,Mushfiqur Rahim,Raqibul Hasan,EC Rainsford,0,0,,,,,,,,,
410341,2009,2009-08-18,Queens Sports Club,2,14.2,Bangladesh,Zimbabwe,Mushfiqur Rahim,Raqibul Hasan,EC Rainsford,0,0,,,,,,,,,
410341,2009,2009-08-18,Queens Sports Club,2,14.3,Bangladesh,Zimbabwe,Mushfiqur Rahim,Raqibul Hasan,EC Rainsford,4,0,,,,,,,,,
410341,2009,2009-08-18,Queens Sports Club,2,14.4,Bangladesh,Zimbabwe,Mushfiqur Rahim,Raqibul Hasan,EC Rainsford,0,0,,,,,,,,,
410341,2009,2009-08-18,Queens Sports Club,2,14.5,Bangladesh,Zimbabwe,Mushfiqur Rahim,Raqibul Hasan,EC Rainsford,1,0,,,,,,,,,
410341,2009,2009-08-18,Queens Sports Club,2,14.6,Bangladesh,Zimbabwe,Raqibul Hasan,Mushfiqur Rahim,EC Rainsford,0,0,,,,,,,,,
410341,2009,2009-08-18,Queens Sports Club,2,15.1,Bangladesh,Zimbabwe,Mushfiqur Rahim,Raqibul Hasan,RW Price,0,0,,,,,,,,,
410341,2009,2009-08-18,Queens Sports Club,2,15.2,Bangladesh,Zimbabwe,Mushfiqur Rahim,Raqibul Hasan,RW Price,1,0,,,,,,,,,
410341,2009,2009-08-18,Queens Sports Club,2,15.3,Bangladesh,Zimbabwe,Raqibul Hasan,Mushfiqur Rahim,RW Price,0,0,,,,,,,,,
410341,2009,2009-08-18,Queens Sports Club,2,15.4,Bangladesh,Zimbabwe,Raqibul Hasan,Mushfiqur Rahim,RW Price,0,0,,,,,,,,,
410341,2009,2009-08-18,Queens Sports Club,2,15.5,Bangladesh,Zimbabwe,Raqibul Hasan,Mushfiqur Rahim,RW Price,0,0,,,,,,,,,
410341,2009,2009-08-18,Queens Sports Club,2,15.6,Bangladesh,Zimbabwe,Raqibul Hasan,Mushfiqur Rahim,RW Price,0,0,,,,,,,,,
410341,2009,2009-08-18,Queens Sports Club,2,16.1,Bangladesh,Zimbabwe,Mushfiqur Rahim,Raqibul Hasan,AG Cremer,1,0,,,,,,,,,
410341,2009,2009-08-18,Queens Sports Club,2,16.2,Bangladesh,Zimbabwe,Raqibul Hasan,Mushfiqur Rahim,AG Cremer,4,0,,,,,,,,,
410341,2009,2009-08-18,Queens Sports Club,2,16.3,Bangladesh,Zimbabwe,Raqibul Hasan,Mushfiqur Rahim,AG Cremer,0,1,1,,,,,,,,
410341,2009,2009-08-18,Queens Sports Club,2,16.4,Bangladesh,Zimbabwe,Raqibul Hasan,Mushfiqur Rahim,AG Cremer,0,0,,,,,,,,,
410341,2009,2009-08-18,Queens Sports Club,2,16.5,Bangladesh,Zimbabwe,Raqibul Hasan,Mushfiqur Rahim,AG Cremer,4,0,,,,,,,,,
410341,2009,2009-08-18,Queens Sports Club,2,16.6,Bangladesh,Zimbabwe,Raqibul Hasan,Mushfiqur Rahim,AG Cremer,0,0,,,,,,,,,
410341,2009,2009-08-18,Queens Sports Club,2,16.7,Bangladesh,Zimbabwe,Raqibul Hasan,Mushfiqur Rahim,AG Cremer,1,0,,,,,,,,,
410341,2009,2009-08-18,Queens Sports Club,2,17.1,Bangladesh,Zimbabwe,Raqibul Hasan,Mushfiqur Rahim,RW Price,0,0,,,,,,,,,
410341,2009,2009-08-18,Queens Sports Club,2,17.2,Bangladesh,Zimbabwe,Raqibul Hasan,Mushfiqur Rahim,RW Price,0,0,,,,,,,,,
410341,2009,2009-08-18,Queens Sports Club,2,17.3,Bangladesh,Zimbabwe,Raqibul Hasan,Mushfiqur Rahim,RW Price,0,0,,,,,,,,,
410341,2009,2009-08-18,Queens Sports Club,2,17.4,Bangladesh,Zimbabwe,Raqibul Hasan,Mushfiqur Rahim,RW Price,0,0,,,,,,,,,
410341,2009,2009-08-18,Queens Sports Club,2,17.5,Bangladesh,Zimbabwe,Raqibul Hasan,Mushfiqur Rahim,RW Price,0,0,,,,,,,,,
410341,2009,2009-08-18,Queens Sports Club,2,17.6,Bangladesh,Zimbabwe,Raqibul Hasan,Mushfiqur Rahim,RW Price,0,0,,,,,,,,,
410341,2009,2009-08-18,Queens Sports Club,2,18.1,Bangladesh,Zimbabwe,Mushfiqur Rahim,Raqibul Hasan,AG Cremer,0,0,,,,,,,,,
410341,2009,2009-08-18,Queens Sports Club,2,18.2,Bangladesh,Zimbabwe,Mushfiqur Rahim,Raqibul Hasan,AG Cremer,0,0,,,,,,,,,
410341,2009,2009-08-18,Queens Sports Club,2,18.3,Bangladesh,Zimbabwe,Mushfiqur Rahim,Raqibul Hasan,AG Cremer,0,0,,,,,,,,,
410341,2009,2009-08-18,Queens Sports Club,2,18.4,Bangladesh,Zimbabwe,Mushfiqur Rahim,Raqibul Hasan,AG Cremer,3,0,,,,,,,,,
410341,2009,2009-08-18,Queens Sports Club,2,18.5,Bangladesh,Zimbabwe,Raqibul Hasan,Mushfiqur Rahim,AG Cremer,1,0,,,,,,,,,
410341,2009,2009-08-18,Queens Sports Club,2,18.6,Bangladesh,Zimbabwe,Mushfiqur Rahim,Raqibul Hasan,AG Cremer,1,0,,,,,,,,,
410341,2009,2009-08-18,Queens Sports Club,2,19.1,Bangladesh,Zimbabwe,Mushfiqur Rahim,Raqibul Hasan,RW Price,0,0,,,,,,,,,
410341,2009,2009-08-18,Queens Sports Club,2,19.2,Bangladesh,Zimbabwe,Mushfiqur Rahim,Raqibul Hasan,RW Price,1,0,,,,,,,,,
410341,2009,2009-08-18,Queens Sports Club,2,19.3,Bangladesh,Zimbabwe,Raqibul Hasan,Mushfiqur Rahim,RW Price,0,0,,,,,,,,,
410341,2009,2009-08-18,Queens Sports Club,2,19.4,Bangladesh,Zimbabwe,Raqibul Hasan,Mushfiqur Rahim,RW Price,1,0,,,,,,,,,
410341,2009,2009-08-18,Queens Sports Club,2,19.5,Bangladesh,Zimbabwe,Mushfiqur Rahim,Raqibul Hasan,RW Price,0,0,,,,,,,,,
410341,2009,2009-08-18,Queens Sports Club,2,19.6,Bangladesh,Zimbabwe,Mushfiqur Rahim,Raqibul Hasan,RW Price,0,0,,,,,,,,,
410341,2009,2009-08-18,Queens Sports Club,2,20.1,Bangladesh,Zimbabwe,Raqibul Hasan,Mushfiqur Rahim,AG Cremer,0,0,,,,,,,,,
410341,2009,2009-08-18,Queens Sports Club,2,20.2,Bangladesh,Zimbabwe,Raqibul Hasan,Mushfiqur Rahim,AG Cremer,1,0,,,,,,,,,
410341,2009,2009-08-18,Queens Sports Club,2,20.3,Bangladesh,Zimbabwe,Mushfiqur Rahim,Raqibul Hasan,AG Cremer,3,0,,,,,,,,,
410341,2009,2009-08-18,Queens Sports Club,2,20.4,Bangladesh,Zimbabwe,Raqibul Hasan,Mushfiqur Rahim,AG Cremer,4,0,,,,,,,,,
410341,2009,2009-08-18,Queens Sports Club,2,20.5,Bangladesh,Zimbabwe,Raqibul Hasan,Mushfiqur Rahim,AG Cremer,0,0,,,,,,,,,
410341,2009,2009-08-18,Queens Sports Club,2,20.6,Bangladesh,Zimbabwe,Raqibul Hasan,Mushfiqur Rahim,AG Cremer,1,0,,,,,,,,,
410341,2009,2009-08-18,Queens Sports Club,2,21.1,Bangladesh,Zimbabwe,Raqibul Hasan,Mushfiqur Rahim,RW Price,0,0,,,,,,,,,
410341,2009,2009-08-18,Queens Sports Club,2,21.2,Bangladesh,Zimbabwe,Raqibul Hasan,Mushfiqur Rahim,RW Price,0,0,,,,,,,,,
410341,2009,2009-08-18,Queens Sports Club,2,21.3,Bangladesh,Zimbabwe,Raqibul Hasan,Mushfiqur Rahim,RW Price,0,0,,,,,,,,,
410341,2009,2009-08-18,Queens Sports Club,2,21.4,Bangladesh,Zimbabwe,Raqibul Hasan,Mushfiqur Rahim,RW Price,0,0,,,,,,,,,
410341,2009,2009-08-18,Queens Sports Club,2,21.5,Bangladesh,Zimbabwe,Raqibul Hasan,Mushfiqur Rahim,RW Price,1,0,,,,,,,,,
410341,2009,2009-08-18,Queens Sports Club,2,21.6,Bangladesh,Zimbabwe,Mushfiqur Rahim,Raqibul Hasan,RW Price,0,0,,,,,,,,,
410341,2009,2009-08-18,Queens Sports Club,2,22.1,Bangladesh,Zimbabwe,Raqibul Hasan,Mushfiqur Rahim,AG Cremer,0,0,,,,,,,,,
410341,2009,2009-08-18,Queens Sports Club,2,22.2,Bangladesh,Zimbabwe,Raqibul Hasan,Mushfiqur Rahim,AG Cremer,0,0,,,,,,,,,
410341,2009,2009-08-18,Queens Sports Club,2,22.3,Bangladesh,Zimbabwe,Raqibul Hasan,Mushfiqur Rahim,AG Cremer,0,0,,,,,,,,,
410341,2009,2009-08-18,Queens Sports Club,2,22.4,Bangladesh,Zimbabwe,Raqibul Hasan,Mushfiqur Rahim,AG Cremer,0,0,,,,,,,,,
410341,2009,2009-08-18,Queens Sports Club,2,22.5,Bangladesh,Zimbabwe,Raqibul Hasan,Mushfiqur Rahim,AG Cremer,0,0,,,,,,,,,
410341,2009,2009-08-18,Queens Sports Club,2,22.6,Bangladesh,Zimbabwe,Raqibul Hasan,Mushfiqur Rahim,AG Cremer,1,0,,,,,,,,,
410341,2009,2009-08-18,Queens Sports Club,2,23.1,Bangladesh,Zimbabwe,Raqibul Hasan,Mushfiqur Rahim,P Utseya,2,0,,,,,,,,,
410341,2009,2009-08-18,Queens Sports Club,2,23.2,Bangladesh,Zimbabwe,Raqibul Hasan,Mushfiqur Rahim,P Utseya,1,0,,,,,,,,,
410341,2009,2009-08-18,Queens Sports Club,2,23.3,Bangladesh,Zimbabwe,Mushfiqur Rahim,Raqibul Hasan,P Utseya,0,0,,,,,,,,,
410341,2009,2009-08-18,Queens Sports Club,2,23.4,Bangladesh,Zimbabwe,Mushfiqur Rahim,Raqibul Hasan,P Utseya,1,0,,,,,,,,,
410341,2009,2009-08-18,Queens Sports Club,2,23.5,Bangladesh,Zimbabwe,Raqibul Hasan,Mushfiqur Rahim,P Utseya,0,0,,,,,,,,,
410341,2009,2009-08-18,Queens Sports Club,2,23.6,Bangladesh,Zimbabwe,Raqibul Hasan,Mushfiqur Rahim,P Utseya,0,0,,,,,,caught,Raqibul Hasan,,
410341,2009,2009-08-18,Queens Sports Club,2,24.1,Bangladesh,Zimbabwe,Shakib Al Hasan,Mushfiqur Rahim,AG Cremer,0,0,,,,,,,,,
410341,2009,2009-08-18,Queens Sports Club,2,24.2,Bangladesh,Zimbabwe,Shakib Al Hasan,Mushfiqur Rahim,AG Cremer,0,0,,,,,,,,,
410341,2009,2009-08-18,Queens Sports Club,2,24.3,Bangladesh,Zimbabwe,Shakib Al Hasan,Mushfiqur Rahim,AG Cremer,0,0,,,,,,,,,
410341,2009,2009-08-18,Queens Sports Club,2,24.4,Bangladesh,Zimbabwe,Shakib Al Hasan,Mushfiqur Rahim,AG Cremer,1,0,,,,,,,,,
410341,2009,2009-08-18,Queens Sports Club,2,24.5,Bangladesh,Zimbabwe,Mushfiqur Rahim,Shakib Al Hasan,AG Cremer,2,0,,,,,,,,,
410341,2009,2009-08-18,Queens Sports Club,2,24.6,Bangladesh,Zimbabwe,Mushfiqur Rahim,Shakib Al Hasan,AG Cremer,0,0,,,,,,,,,
410341,2009,2009-08-18,Queens Sports Club,2,25.1,Bangladesh,Zimbabwe,Shakib Al Hasan,Mushfiqur Rahim,P Utseya,0,0,,,,,,,,,
410341,2009,2009-08-18,Queens Sports Club,2,25.2,Bangladesh,Zimbabwe,Shakib Al Hasan,Mushfiqur Rahim,P Utseya,1,0,,,,,,,,,
410341,2009,2009-08-18,Queens Sports Club,2,25.3,Bangladesh,Zimbabwe,Mushfiqur Rahim,Shakib Al Hasan,P Utseya,0,0,,,,,,,,,
410341,2009,2009-08-18,Queens Sports Club,2,25.4,Bangladesh,Zimbabwe,Mushfiqur Rahim,Shakib Al Hasan,P Utseya,0,0,,,,,,,,,
410341,2009,2009-08-18,Queens Sports Club,2,25.5,Bangladesh,Zimbabwe,Mushfiqur Rahim,Shakib Al Hasan,P Utseya,1,0,,,,,,,,,
410341,2009,2009-08-18,Queens Sports Club,2,25.6,Bangladesh,Zimbabwe,Shakib Al Hasan,Mushfiqur Rahim,P Utseya,1,0,,,,,,,,,
410341,2009,2009-08-18,Queens Sports Club,2,26.1,Bangladesh,Zimbabwe,Shakib Al Hasan,Mushfiqur Rahim,AG Cremer,0,0,,,,,,,,,
410341,2009,2009-08-18,Queens Sports Club,2,26.2,Bangladesh,Zimbabwe,Shakib Al Hasan,Mushfiqur Rahim,AG Cremer,0,0,,,,,,,,,
410341,2009,2009-08-18,Queens Sports Club,2,26.3,Bangladesh,Zimbabwe,Shakib Al Hasan,Mushfiqur Rahim,AG Cremer,1,0,,,,,,,,,
410341,2009,2009-08-18,Queens Sports Club,2,26.4,Bangladesh,Zimbabwe,Mushfiqur Rahim,Shakib Al Hasan,AG Cremer,1,0,,,,,,,,,
410341,2009,2009-08-18,Queens Sports Club,2,26.5,Bangladesh,Zimbabwe,Shakib Al Hasan,Mushfiqur Rahim,AG Cremer,4,0,,,,,,,,,
410341,2009,2009-08-18,Queens Sports Club,2,26.6,Bangladesh,Zimbabwe,Shakib Al Hasan,Mushfiqur Rahim,AG Cremer,0,0,,,,,,,,,
410341,2009,2009-08-18,Queens Sports Club,2,27.1,Bangladesh,Zimbabwe,Mushfiqur Rahim,Shakib Al Hasan,P Utseya,0,0,,,,,,,,,
410341,2009,2009-08-18,Queens Sports Club,2,27.2,Bangladesh,Zimbabwe,Mushfiqur Rahim,Shakib Al Hasan,P Utseya,0,0,,,,,,,,,
410341,2009,2009-08-18,Queens Sports Club,2,27.3,Bangladesh,Zimbabwe,Mushfiqur Rahim,Shakib Al Hasan,P Utseya,1,0,,,,,,,,,
410341,2009,2009-08-18,Queens Sports Club,2,27.4,Bangladesh,Zimbabwe,Shakib Al Hasan,Mushfiqur Rahim,P Utseya,0,0,,,,,,,,,
410341,2009,2009-08-18,Queens Sports Club,2,27.5,Bangladesh,Zimbabwe,Shakib Al Hasan,Mushfiqur Rahim,P Utseya,1,0,,,,,,,,,
410341,2009,2009-08-18,Queens Sports Club,2,27.6,Bangladesh,Zimbabwe,Mushfiqur Rahim,Shakib Al Hasan,P Utseya,0,0,,,,,,,,,
410341,2009,2009-08-18,Queens Sports Club,2,28.1,Bangladesh,Zimbabwe,Shakib Al Hasan,Mushfiqur Rahim,AG Cremer,1,0,,,,,,,,,
410341,2009,2009-08-18,Queens Sports Club,2,28.2,Bangladesh,Zimbabwe,Mushfiqur Rahim,Shakib Al Hasan,AG Cremer,2,0,,,,,,,,,
410341,2009,2009-08-18,Queens Sports Club,2,28.3,Bangladesh,Zimbabwe,Mushfiqur Rahim,Shakib Al Hasan,AG Cremer,1,0,,,,,,,,,
410341,2009,2009-08-18,Queens Sports Club,2,28.4,Bangladesh,Zimbabwe,Shakib Al Hasan,Mushfiqur Rahim,AG Cremer,1,0,,,,,,,,,
410341,2009,2009-08-18,Queens Sports Club,2,28.5,Bangladesh,Zimbabwe,Mushfiqur Rahim,Shakib Al Hasan,AG Cremer,1,0,,,,,,,,,
410341,2009,2009-08-18,Queens Sports Club,2,28.6,Bangladesh,Zimbabwe,Shakib Al Hasan,Mushfiqur Rahim,AG Cremer,0,0,,,,,,,,,
410341,2009,2009-08-18,Queens Sports Club,2,29.1,Bangladesh,Zimbabwe,Mushfiqur Rahim,Shakib Al Hasan,P Utseya,1,0,,,,,,,,,
410341,2009,2009-08-18,Queens Sports Club,2,29.2,Bangladesh,Zimbabwe,Shakib Al Hasan,Mushfiqur Rahim,P Utseya,0,0,,,,,,,,,
410341,2009,2009-08-18,Queens Sports Club,2,29.3,Bangladesh,Zimbabwe,Shakib Al Hasan,Mushfiqur Rahim,P Utseya,1,0,,,,,,,,,
410341,2009,2009-08-18,Queens Sports Club,2,29.4,Bangladesh,Zimbabwe,Mushfiqur Rahim,Shakib Al Hasan,P Utseya,1,0,,,,,,,,,
410341,2009,2009-08-18,Queens Sports Club,2,29.5,Bangladesh,Zimbabwe,Shakib Al Hasan,Mushfiqur Rahim,P Utseya,1,0,,,,,,,,,
410341,2009,2009-08-18,Queens Sports Club,2,29.6,Bangladesh,Zimbabwe,Mushfiqur Rahim,Shakib Al Hasan,P Utseya,4,0,,,,,,,,,
410341,2009,2009-08-18,Queens Sports Club,2,30.1,Bangladesh,Zimbabwe,Shakib Al Hasan,Mushfiqur Rahim,E Chigumbura,1,0,,,,,,,,,
410341,2009,2009-08-18,Queens Sports Club,2,30.2,Bangladesh,Zimbabwe,Mushfiqur Rahim,Shakib Al Hasan,E Chigumbura,0,0,,,,,,,,,
410341,2009,2009-08-18,Queens Sports Club,2,30.3,Bangladesh,Zimbabwe,Mushfiqur Rahim,Shakib Al Hasan,E Chigumbura,1,0,,,,,,,,,
410341,2009,2009-08-18,Queens Sports Club,2,30.4,Bangladesh,Zimbabwe,Shakib Al Hasan,Mushfiqur Rahim,E Chigumbura,1,0,,,,,,,,,
410341,2009,2009-08-18,Queens Sports Club,2,30.5,Bangladesh,Zimbabwe,Mushfiqur Rahim,Shakib Al Hasan,E Chigumbura,1,0,,,,,,,,,
410341,2009,2009-08-18,Queens Sports Club,2,30.6,Bangladesh,Zimbabwe,Shakib Al Hasan,Mushfiqur Rahim,E Chigumbura,0,0,,,,,,,,,
410341,2009,2009-08-18,Queens Sports Club,2,31.1,Bangladesh,Zimbabwe,Mushfiqur Rahim,Shakib Al Hasan,P Utseya,0,0,,,,,,,,,
410341,2009,2009-08-18,Queens Sports Club,2,31.2,Bangladesh,Zimbabwe,Mushfiqur Rahim,Shakib Al Hasan,P Utseya,4,0,,,,,,,,,
410341,2009,2009-08-18,Queens Sports Club,2,31.3,Bangladesh,Zimbabwe,Mushfiqur Rahim,Shakib Al Hasan,P Utseya,0,0,,,,,,,,,
410341,2009,2009-08-18,Queens Sports Club,2,31.4,Bangladesh,Zimbabwe,Mushfiqur Rahim,Shakib Al Hasan,P Utseya,1,0,,,,,,,,,
410341,2009,2009-08-18,Queens Sports Club,2,31.5,Bangladesh,Zimbabwe,Shakib Al Hasan,Mushfiqur Rahim,P Utseya,0,0,,,,,,,,,
410341,2009,2009-08-18,Queens Sports Club,2,31.6,Bangladesh,Zimbabwe,Shakib Al Hasan,Mushfiqur Rahim,P Utseya,1,0,,,,,,,,,
410341,2009,2009-08-18,Queens Sports Club,2,32.1,Bangladesh,Zimbabwe,Shakib Al Hasan,Mushfiqur Rahim,H Masakadza,4,0,,,,,,,,,
410341,2009,2009-08-18,Queens Sports Club,2,32.2,Bangladesh,Zimbabwe,Shakib Al Hasan,Mushfiqur Rahim,H Masakadza,0,0,,,,,,,,,
410341,2009,2009-08-18,Queens Sports Club,2,32.3,Bangladesh,Zimbabwe,Shakib Al Hasan,Mushfiqur Rahim,H Masakadza,0,0,,,,,,,,,
410341,2009,2009-08-18,Queens Sports Club,2,32.4,Bangladesh,Zimbabwe,Shakib Al Hasan,Mushfiqur Rahim,H Masakadza,1,0,,,,,,,,,
410341,2009,2009-08-18,Queens Sports Club,2,32.5,Bangladesh,Zimbabwe,Mushfiqur Rahim,Shakib Al Hasan,H Masakadza,0,0,,,,,,,,,
410341,2009,2009-08-18,Queens Sports Club,2,32.6,Bangladesh,Zimbabwe,Mushfiqur Rahim,Shakib Al Hasan,H Masakadza,0,5,5,,,,,,,,
410341,2009,2009-08-18,Queens Sports Club,2,32.7,Bangladesh,Zimbabwe,Mushfiqur Rahim,Shakib Al Hasan,H Masakadza,0,0,,,,,,,,,
410341,2009,2009-08-18,Queens Sports Club,2,33.1,Bangladesh,Zimbabwe,Shakib Al Hasan,Mushfiqur Rahim,P Utseya,1,0,,,,,,,,,
410341,2009,2009-08-18,Queens Sports Club,2,33.2,Bangladesh,Zimbabwe,Mushfiqur Rahim,Shakib Al Hasan,P Utseya,0,0,,,,,,,,,
410341,2009,2009-08-18,Queens Sports Club,2,33.3,Bangladesh,Zimbabwe,Mushfiqur Rahim,Shakib Al Hasan,P Utseya,0,0,,,,,,,,,
410341,2009,2009-08-18,Queens Sports Club,2,33.4,Bangladesh,Zimbabwe,Mushfiqur Rahim,Shakib Al Hasan,P Utseya,0,0,,,,,,,,,
410341,2009,2009-08-18,Queens Sports Club,2,33.5,Bangladesh,Zimbabwe,Mushfiqur Rahim,Shakib Al Hasan,P Utseya,1,0,,,,,,,,,
410341,2009,2009-08-18,Queens Sports Club,2,33.6,Bangladesh,Zimbabwe,Shakib Al Hasan,Mushfiqur Rahim,P Utseya,1,0,,,,,,,,,
410341,2009,2009-08-18,Queens Sports Club,2,34.1,Bangladesh,Zimbabwe,Shakib Al Hasan,Mushfiqur Rahim,EC Rainsford,0,2,2,,,,,,,,
410341,2009,2009-08-18,Queens Sports Club,2,34.2,Bangladesh,Zimbabwe,Mushfiqur Rahim,Shakib Al Hasan,EC Rainsford,1,0,,,,,,,,,
410341,2009,2009-08-18,Queens Sports Club,2,34.3,Bangladesh,Zimbabwe,Shakib Al Hasan,Mushfiqur Rahim,EC Rainsford,2,0,,,,,,,,,
410341,2009,2009-08-18,Queens Sports Club,2,34.4,Bangladesh,Zimbabwe,Shakib Al Hasan,Mushfiqur Rahim,EC Rainsford,2,0,,,,,,,,,
410341,2009,2009-08-18,Queens Sports Club,2,34.5,Bangladesh,Zimbabwe,Shakib Al Hasan,Mushfiqur Rahim,EC Rainsford,0,0,,,,,,,,,
410341,2009,2009-08-18,Queens Sports Club,2,34.6,Bangladesh,Zimbabwe,Shakib Al Hasan,Mushfiqur Rahim,EC Rainsford,0,0,,,,,,,,,
410341,2009,2009-08-18,Queens Sports Club,2,34.7,Bangladesh,Zimbabwe,Shakib Al Hasan,Mushfiqur Rahim,EC Rainsford,1,0,,,,,,,,,
410341,2009,2009-08-18,Queens Sports Club,2,35.1,Bangladesh,Zimbabwe,Shakib Al Hasan,Mushfiqur Rahim,P Utseya,1,0,,,,,,,,,
410341,2009,2009-08-18,Queens Sports Club,2,35.2,Bangladesh,Zimbabwe,Mushfiqur Rahim,Shakib Al Hasan,P Utseya,1,0,,,,,,,,,
410341,2009,2009-08-18,Queens Sports Club,2,35.3,Bangladesh,Zimbabwe,Shakib Al Hasan,Mushfiqur Rahim,P Utseya,1,0,,,,,,,,,
410341,2009,2009-08-18,Queens Sports Club,2,35.4,Bangladesh,Zimbabwe,Mushfiqur Rahim,Shakib Al Hasan,P Utseya,4,0,,,,,,,,,
410341,2009,2009-08-18,Queens Sports Club,2,35.5,Bangladesh,Zimbabwe,Mushfiqur Rahim,Shakib Al Hasan,P Utseya,0,0,,,,,,,,,
410341,2009,2009-08-18,Queens Sports Club,2,35.6,Bangladesh,Zimbabwe,Mushfiqur Rahim,Shakib Al Hasan,P Utseya,4,0,,,,,,,,,
410341,2009,2009-08-18,Queens Sports Club,2,36.1,Bangladesh,Zimbabwe,Shakib Al Hasan,Mushfiqur Rahim,AG Cremer,0,0,,,,,,,,,
410341,2009,2009-08-18,Queens Sports Club,2,36.2,Bangladesh,Zimbabwe,Shakib Al Hasan,Mushfiqur Rahim,AG Cremer,0,0,,,,,,caught,Shakib Al Hasan,,
410341,2009,2009-08-18,Queens Sports Club,2,36.3,Bangladesh,Zimbabwe,Mahmudullah,Mushfiqur Rahim,AG Cremer,1,0,,,,,,,,,
410341,2009,2009-08-18,Queens Sports Club,2,36.4,Bangladesh,Zimbabwe,Mushfiqur Rahim,Mahmudullah,AG Cremer,0,1,1,,,,,,,,
410341,2009,2009-08-18,Queens Sports Club,2,36.5,Bangladesh,Zimbabwe,Mushfiqur Rahim,Mahmudullah,AG Cremer,1,0,,,,,,,,,
410341,2009,2009-08-18,Queens Sports Club,2,36.6,Bangladesh,Zimbabwe,Mahmudullah,Mushfiqur Rahim,AG Cremer,0,0,,,,,,,,,
410341,2009,2009-08-18,Queens Sports Club,2,36.7,Bangladesh,Zimbabwe,Mahmudullah,Mushfiqur Rahim,AG Cremer,1,0,,,,,,,,,
410341,2009,2009-08-18,Queens Sports Club,2,37.1,Bangladesh,Zimbabwe,Mahmudullah,Mushfiqur Rahim,RW Price,0,0,,,,,,,,,
410341,2009,2009-08-18,Queens Sports Club,2,37.2,Bangladesh,Zimbabwe,Mahmudullah,Mushfiqur Rahim,RW Price,0,0,,,,,,,,,
410341,2009,2009-08-18,Queens Sports Club,2,37.3,Bangladesh,Zimbabwe,Mahmudullah,Mushfiqur Rahim,RW Price,0,0,,,,,,,,,
410341,2009,2009-08-18,Queens Sports Club,2,37.4,Bangladesh,Zimbabwe,Mahmudullah,Mushfiqur Rahim,RW Price,0,0,,,,,,,,,
410341,2009,2009-08-18,Queens Sports Club,2,37.5,Bangladesh,Zimbabwe,Mahmudullah,Mushfiqur Rahim,RW Price,0,0,,,,,,,,,
410341,2009,2009-08-18,Queens Sports Club,2,37.6,Bangladesh,Zimbabwe,Mahmudullah,Mushfiqur Rahim,RW Price,0,0,,,,,,,,,
410341,2009,2009-08-18,Queens Sports Club,2,38.1,Bangladesh,Zimbabwe,Mushfiqur Rahim,Mahmudullah,AG Cremer,1,0,,,,,,,,,
410341,2009,2009-08-18,Queens Sports Club,2,38.2,Bangladesh,Zimbabwe,Mahmudullah,Mushfiqur Rahim,AG Cremer,0,0,,,,,,,,,
410341,2009,2009-08-18,Queens Sports Club,2,38.3,Bangladesh,Zimbabwe,Mahmudullah,Mushfiqur Rahim,AG Cremer,0,0,,,,,,,,,
410341,2009,2009-08-18,Queens Sports Club,2,38.4,Bangladesh,Zimbabwe,Mahmudullah,Mushfiqur Rahim,AG Cremer,0,0,,,,,,,,,
410341,2009,2009-08-18,Queens Sports Club,2,38.5,Bangladesh,Zimbabwe,Mahmudullah,Mushfiqur Rahim,AG Cremer,1,0,,,,,,,,,
410341,2009,2009-08-18,Queens Sports Club,2,38.6,Bangladesh,Zimbabwe,Mushfiqur Rahim,Mahmudullah,AG Cremer,1,0,,,,,,,,,
410341,2009,2009-08-18,Queens Sports Club,2,39.1,Bangladesh,Zimbabwe,Mushfiqur Rahim,Mahmudullah,SC Williams,1,0,,,,,,,,,
410341,2009,2009-08-18,Queens Sports Club,2,39.2,Bangladesh,Zimbabwe,Mahmudullah,Mushfiqur Rahim,SC Williams,1,0,,,,,,,,,
410341,2009,2009-08-18,Queens Sports Club,2,39.3,Bangladesh,Zimbabwe,Mushfiqur Rahim,Mahmudullah,SC Williams,1,0,,,,,,,,,
410341,2009,2009-08-18,Queens Sports Club,2,39.4,Bangladesh,Zimbabwe,Mahmudullah,Mushfiqur Rahim,SC Williams,0,0,,,,,,,,,
410341,2009,2009-08-18,Queens Sports Club,2,39.5,Bangladesh,Zimbabwe,Mahmudullah,Mushfiqur Rahim,SC Williams,1,0,,,,,,,,,
410341,2009,2009-08-18,Queens Sports Club,2,39.6,Bangladesh,Zimbabwe,Mushfiqur Rahim,Mahmudullah,SC Williams,0,0,,,,,,,,,
410341,2009,2009-08-18,Queens Sports Club,2,40.1,Bangladesh,Zimbabwe,Mahmudullah,Mushfiqur Rahim,AG Cremer,2,0,,,,,,,,,
410341,2009,2009-08-18,Queens Sports Club,2,40.2,Bangladesh,Zimbabwe,Mahmudullah,Mushfiqur Rahim,AG Cremer,0,0,,,,,,,,,
410341,2009,2009-08-18,Queens Sports Club,2,40.3,Bangladesh,Zimbabwe,Mahmudullah,Mushfiqur Rahim,AG Cremer,1,0,,,,,,,,,
410341,2009,2009-08-18,Queens Sports Club,2,40.4,Bangladesh,Zimbabwe,Mushfiqur Rahim,Mahmudullah,AG Cremer,1,0,,,,,,,,,
410341,2009,2009-08-18,Queens Sports Club,2,40.5,Bangladesh,Zimbabwe,Mahmudullah,Mushfiqur Rahim,AG Cremer,0,0,,,,,,,,,
410341,2009,2009-08-18,Queens Sports Club,2,40.6,Bangladesh,Zimbabwe,Mahmudullah,Mushfiqur Rahim,AG Cremer,0,0,,,,,,,,,
410341,2009,2009-08-18,Queens Sports Club,2,41.1,Bangladesh,Zimbabwe,Mushfiqur Rahim,Mahmudullah,E Chigumbura,0,0,,,,,,,,,
410341,2009,2009-08-18,Queens Sports Club,2,41.2,Bangladesh,Zimbabwe,Mushfiqur Rahim,Mahmudullah,E Chigumbura,1,0,,,,,,,,,
410341,2009,2009-08-18,Queens Sports Club,2,41.3,Bangladesh,Zimbabwe,Mahmudullah,Mushfiqur Rahim,E Chigumbura,6,0,,,,,,,,,
410341,2009,2009-08-18,Queens Sports Club,2,41.4,Bangladesh,Zimbabwe,Mahmudullah,Mushfiqur Rahim,E Chigumbura,1,0,,,,,,,,,
410341,2009,2009-08-18,Queens Sports Club,2,41.5,Bangladesh,Zimbabwe,Mushfiqur Rahim,Mahmudullah,E Chigumbura,1,0,,,,,,,,,
410341,2009,2009-08-18,Queens Sports Club,2,41.6,Bangladesh,Zimbabwe,Mahmudullah,Mushfiqur Rahim,E Chigumbura,0,0,,,,,,,,,
410341,2009,2009-08-18,Queens Sports Club,2,42.1,Bangladesh,Zimbabwe,Mushfiqur Rahim,Mahmudullah,RW Price,0,0,,,,,,,,,
410341,2009,2009-08-18,Queens Sports Club,2,42.2,Bangladesh,Zimbabwe,Mushfiqur Rahim,Mahmudullah,RW Price,0,0,,,,,,,,,
410341,2009,2009-08-18,Queens Sports Club,2,42.3,Bangladesh,Zimbabwe,Mushfiqur Rahim,Mahmudullah,RW Price,2,0,,,,,,,,,
410341,2009,2009-08-18,Queens Sports Club,2,42.4,Bangladesh,Zimbabwe,Mushfiqur Rahim,Mahmudullah,RW Price,0,0,,,,,,,,,
410341,2009,2009-08-18,Queens Sports Club,2,42.5,Bangladesh,Zimbabwe,Mushfiqur Rahim,Mahmudullah,RW Price,0,0,,,,,,,,,
410341,2009,2009-08-18,Queens Sports Club,2,42.6,Bangladesh,Zimbabwe,Mushfiqur Rahim,Mahmudullah,RW Price,0,0,,,,,,,,,
410341,2009,2009-08-18,Queens Sports Club,2,43.1,Bangladesh,Zimbabwe,Mahmudullah,Mushfiqur Rahim,SC Williams,1,0,,,,,,,,,
410341,2009,2009-08-18,Queens Sports Club,2,43.2,Bangladesh,Zimbabwe,Mushfiqur Rahim,Mahmudullah,SC Williams,1,0,,,,,,,,,
410341,2009,2009-08-18,Queens Sports Club,2,43.3,Bangladesh,Zimbabwe,Mahmudullah,Mushfiqur Rahim,SC Williams,0,0,,,,,,,,,
410341,2009,2009-08-18,Queens Sports Club,2,43.4,Bangladesh,Zimbabwe,Mahmudullah,Mushfiqur Rahim,SC Williams,0,0,,,,,,,,,
410341,2009,2009-08-18,Queens Sports Club,2,43.5,Bangladesh,Zimbabwe,Mahmudullah,Mushfiqur Rahim,SC Williams,1,0,,,,,,,,,
410341,2009,2009-08-18,Queens Sports Club,2,43.6,Bangladesh,Zimbabwe,Mushfiqur Rahim,Mahmudullah,SC Williams,0,0,,,,,,,,,
410341,2009,2009-08-18,Queens Sports Club,2,44.1,Bangladesh,Zimbabwe,Mahmudullah,Mushfiqur Rahim,RW Price,1,0,,,,,,,,,
410341,2009,2009-08-18,Queens Sports Club,2,44.2,Bangladesh,Zimbabwe,Mushfiqur Rahim,Mahmudullah,RW Price,0,0,,,,,,,,,
410341,2009,2009-08-18,Queens Sports Club,2,44.3,Bangladesh,Zimbabwe,Mushfiqur Rahim,Mahmudullah,RW Price,0,0,,,,,,,,,
410341,2009,2009-08-18,Queens Sports Club,2,44.4,Bangladesh,Zimbabwe,Mushfiqur Rahim,Mahmudullah,RW Price,0,0,,,,,,stumped,Mushfiqur Rahim,,
410341,2009,2009-08-18,Queens Sports Club,2,44.5,Bangladesh,Zimbabwe,Naeem Islam,Mahmudullah,RW Price,0,0,,,,,,,,,
410341,2009,2009-08-18,Queens Sports Club,2,44.6,Bangladesh,Zimbabwe,Naeem Islam,Mahmudullah,RW Price,0,0,,,,,,,,,
410341,2009,2009-08-18,Queens Sports Club,2,45.1,Bangladesh,Zimbabwe,Mahmudullah,Naeem Islam,SC Williams,0,0,,,,,,,,,
410341,2009,2009-08-18,Queens Sports Club,2,45.2,Bangladesh,Zimbabwe,Mahmudullah,Naeem Islam,SC Williams,2,0,,,,,,,,,
410341,2009,2009-08-18,Queens Sports Club,2,45.3,Bangladesh,Zimbabwe,Mahmudullah,Naeem Islam,SC Williams,0,0,,,,,,,,,
410341,2009,2009-08-18,Queens Sports Club,2,45.4,Bangladesh,Zimbabwe,Mahmudullah,Naeem Islam,SC Williams,0,0,,,,,,,,,
410341,2009,2009-08-18,Queens Sports Club,2,45.5,Bangladesh,Zimbabwe,Mahmudullah,Naeem Islam,SC Williams,1,0,,,,,,,,,
410341,2009,2009-08-18,Queens Sports Club,2,45.6,Bangladesh,Zimbabwe,Naeem Islam,Mahmudullah,SC Williams,0,0,,,,,,,,,
410341,2009,2009-08-18,Queens Sports Club,2,46.1,Bangladesh,Zimbabwe,Mahmudullah,Naeem Islam,EC Rainsford,0,0,,,,,,,,,
410341,2009,2009-08-18,Queens Sports Club,2,46.2,Bangladesh,Zimbabwe,Mahmudullah,Naeem Islam,EC Rainsford,4,0,,,,,,,,,
410341,2009,2009-08-18,Queens Sports Club,2,46.3,Bangladesh,Zimbabwe,Mahmudullah,Naeem Islam,EC Rainsford,0,0,,,,,,,,,
410341,2009,2009-08-18,Queens Sports Club,2,46.4,Bangladesh,Zimbabwe,Mahmudullah,Naeem Islam,EC Rainsford,0,0,,,,,,,,,
410341,2009,2009-08-18,Queens Sports Club,2,46.5,Bangladesh,Zimbabwe,Mahmudullah,Naeem Islam,EC Rainsford,1,0,,,,,,,,,
410341,2009,2009-08-18,Queens Sports Club,2,46.6,Bangladesh,Zimbabwe,Naeem Islam,Mahmudullah,EC Rainsford,0,0,,,,,,,,,
410341,2009,2009-08-18,Queens Sports Club,2,47.1,Bangladesh,Zimbabwe,Mahmudullah,Naeem Islam,SC Williams,0,0,,,,,,,,,
410341,2009,2009-08-18,Queens Sports Club,2,47.2,Bangladesh,Zimbabwe,Mahmudullah,Naeem Islam,SC Williams,1,0,,,,,,,,,
410341,2009,2009-08-18,Queens Sports Club,2,47.3,Bangladesh,Zimbabwe,Naeem Islam,Mahmudullah,SC Williams,0,0,,,,,,,,,
410341,2009,2009-08-18,Queens Sports Club,2,47.4,Bangladesh,Zimbabwe,Naeem Islam,Mahmudullah,SC Williams,0,0,,,,,,,,,
410341,2009,2009-08-18,Queens Sports Club,2,47.5,Bangladesh,Zimbabwe,Naeem Islam,Mahmudullah,SC Williams,4,0,,,,,,,,,
