match_id,season,start_date,venue,innings,ball,batting_team,bowling_team,striker,non_striker,bowler,runs_off_bat,extras,wides,noballs,byes,legbyes,penalty,wicket_type,player_dismissed,other_wicket_type,other_player_dismissed
415287,2009/10,2009-10-05,SuperSport Park,1,0.1,New Zealand,Australia,BB McCullum,AJ Redmond,B Lee,0,1,1,,,,,,,,
415287,2009/10,2009-10-05,SuperSport Park,1,0.2,New Zealand,Australia,BB McCullum,AJ Redmond,B Lee,0,0,,,,,,,,,
415287,2009/10,2009-10-05,SuperSport Park,1,0.3,New Zealand,Australia,BB McCullum,AJ Redmond,B Lee,0,0,,,,,,,,,
415287,2009/10,2009-10-05,SuperSport Park,1,0.4,New Zealand,Australia,BB McCullum,AJ Redmond,B Lee,0,0,,,,,,,,,
415287,2009/10,2009-10-05,SuperSport Park,1,0.5,New Zealand,Australia,BB McCullum,AJ Redmond,B Lee,0,0,,,,,,,,,
415287,2009/10,2009-10-05,SuperSport Park,1,0.6,New Zealand,Australia,BB McCullum,AJ Redmond,B Lee,0,0,,,,,,,,,
415287,2009/10,2009-10-05,SuperSport Park,1,0.7,New Zealand,Australia,BB McCullum,AJ Redmond,B Lee,0,1,1,,,,,,,,
415287,2009/10,2009-10-05,SuperSport Park,1,0.8,New Zealand,Australia,BB McCullum,AJ Redmond,B Lee,0,1,,,,1,,,,,
415287,2009/10,2009-10-05,SuperSport Park,1,1.1,New Zealand,Australia,BB McCullum,AJ Redmond,PM Siddle,0,0,,,,,,,,,
415287,2009/10,2009-10-05,SuperSport Park,1,1.2,New Zealand,Australia,BB McCullum,AJ Redmond,PM Siddle,0,0,,,,,,,,,
415287,2009/10,2009-10-05,SuperSport Park,1,1.3,New Zealand,Australia,BB McCullum,AJ Redmond,PM Siddle,0,0,,,,,,,,,
415287,2009/10,2009-10-05,SuperSport Park,1,1.4,New Zealand,Australia,BB McCullum,AJ Redmond,PM Siddle,0,0,,,,,,,,,
415287,2009/10,2009-10-05,SuperSport Park,1,1.5,New Zealand,Australia,BB McCullum,AJ Redmond,PM Siddle,0,0,,,,,,,,,
415287,2009/10,2009-10-05,SuperSport Park,1,1.6,New Zealand,Australia,BB McCullum,AJ Redmond,PM Siddle,0,0,,,,,,,,,
415287,2009/10,2009-10-05,SuperSport Park,1,2.1,New Zealand,Australia,AJ Redmond,BB McCullum,B Lee,0,0,,,,,,,,,
415287,2009/10,2009-10-05,SuperSport Park,1,2.2,New Zealand,Australia,AJ Redmond,BB McCullum,B Lee,2,0,,,,,,,,,
415287,2009/10,2009-10-05,SuperSport Park,1,2.3,New Zealand,Australia,AJ Redmond,BB McCullum,B Lee,0,0,,,,,,,,,
415287,2009/10,2009-10-05,SuperSport Park,1,2.4,New Zealand,Australia,AJ Redmond,BB McCullum,B Lee,0,0,,,,,,,,,
415287,2009/10,2009-10-05,SuperSport Park,1,2.5,New Zealand,Australia,AJ Redmond,BB McCullum,B Lee,0,0,,,,,,,,,
415287,2009/10,2009-10-05,SuperSport Park,1,2.6,New Zealand,Australia,AJ Redmond,BB McCullum,B Lee,0,0,,,,,,,,,
415287,2009/10,2009-10-05,SuperSport Park,1,3.1,New Zealand,Australia,BB McCullum,AJ Redmond,PM Siddle,0,0,,,,,,,,,
415287,2009/10,2009-10-05,SuperSport Park,1,3.2,New Zealand,Australia,BB McCullum,AJ Redmond,PM Siddle,0,0,,,,,,caught,BB McCullum,,
415287,2009/10,2009-10-05,SuperSport Park,1,3.3,New Zealand,Australia,MJ Guptill,AJ Redmond,PM Siddle,0,0,,,,,,,,,
415287,2009/10,2009-10-05,SuperSport Park,1,3.4,New Zealand,Australia,MJ Guptill,AJ Redmond,PM Siddle,2,0,,,,,,,,,
415287,2009/10,2009-10-05,SuperSport Park,1,3.5,New Zealand,Australia,MJ Guptill,AJ Redmond,PM Siddle,0,0,,,,,,,,,
415287,2009/10,2009-10-05,SuperSport Park,1,3.6,New Zealand,Australia,MJ Guptill,AJ Redmond,PM Siddle,0,0,,,,,,,,,
415287,2009/10,2009-10-05,SuperSport Park,1,4.1,New Zealand,Australia,AJ Redmond,MJ Guptill,B Lee,0,0,,,,,,,,,
415287,2009/10,2009-10-05,SuperSport Park,1,4.2,New Zealand,Australia,AJ Redmond,MJ Guptill,B Lee,0,0,,,,,,,,,
415287,2009/10,2009-10-05,SuperSport Park,1,4.3,New Zealand,Australia,AJ Redmond,MJ Guptill,B Lee,0,0,,,,,,,,,
415287,2009/10,2009-10-05,SuperSport Park,1,4.4,New Zealand,Australia,AJ Redmond,MJ Guptill,B Lee,0,0,,,,,,,,,
415287,2009/10,2009-10-05,SuperSport Park,1,4.5,New Zealand,Australia,AJ Redmond,MJ Guptill,B Lee,0,0,,,,,,,,,
415287,2009/10,2009-10-05,SuperSport Park,1,4.6,New Zealand,Australia,AJ Redmond,MJ Guptill,B Lee,0,0,,,,,,,,,
415287,2009/10,2009-10-05,SuperSport Park,1,5.1,New Zealand,Australia,MJ Guptill,AJ Redmond,PM Siddle,0,0,,,,,,,,,
415287,2009/10,2009-10-05,SuperSport Park,1,5.2,New Zealand,Australia,MJ Guptill,AJ Redmond,PM Siddle,1,0,,,,,,,,,
415287,2009/10,2009-10-05,SuperSport Park,1,5.3,New Zealand,Australia,AJ Redmond,MJ Guptill,PM Siddle,0,0,,,,,,,,,
415287,2009/10,2009-10-05,SuperSport Park,1,5.4,New Zealand,Australia,AJ Redmond,MJ Guptill,PM Siddle,0,0,,,,,,,,,
415287,2009/10,2009-10-05,SuperSport Park,1,5.5,New Zealand,Australia,AJ Redmond,MJ Guptill,PM Siddle,0,0,,,,,,,,,
415287,2009/10,2009-10-05,SuperSport Park,1,5.6,New Zealand,Australia,AJ Redmond,MJ Guptill,PM Siddle,0,0,,,,,,,,,
415287,2009/10,2009-10-05,SuperSport Park,1,6.1,New Zealand,Australia,MJ Guptill,AJ Redmond,B Lee,1,0,,,,,,,,,
415287,2009/10,2009-10-05,SuperSport Park,1,6.2,New Zealand,Australia,AJ Redmond,MJ Guptill,B Lee,0,0,,,,,,,,,
415287,2009/10,2009-10-05,SuperSport Park,1,6.3,New Zealand,Australia,AJ Redmond,MJ Guptill,B Lee,1,0,,,,,,,,,
415287,2009/10,2009-10-05,SuperSport Park,1,6.4,New Zealand,Australia,MJ Guptill,AJ Redmond,B Lee,0,0,,,,,,,,,
415287,2009/10,2009-10-05,SuperSport Park,1,6.5,New Zealand,Australia,MJ Guptill,AJ Redmond,B Lee,0,0,,,,,,,,,
415287,2009/10,2009-10-05,SuperSport Park,1,6.6,New Zealand,Australia,MJ Guptill,AJ Redmond,B Lee,4,0,,,,,,,,,
415287,2009/10,2009-10-05,SuperSport Park,1,7.1,New Zealand,Australia,AJ Redmond,MJ Guptill,PM Siddle,0,0,,,,,,,,,
415287,2009/10,2009-10-05,SuperSport Park,1,7.2,New Zealand,Australia,AJ Redmond,MJ Guptill,PM Siddle,0,0,,,,,,,,,
415287,2009/10,2009-10-05,SuperSport Park,1,7.3,New Zealand,Australia,AJ Redmond,MJ Guptill,PM Siddle,1,0,,,,,,,,,
415287,2009/10,2009-10-05,SuperSport Park,1,7.4,New Zealand,Australia,MJ Guptill,AJ Redmond,PM Siddle,0,0,,,,,,,,,
415287,2009/10,2009-10-05,SuperSport Park,1,7.5,New Zealand,Australia,MJ Guptill,AJ Redmond,PM Siddle,0,0,,,,,,,,,
415287,2009/10,2009-10-05,SuperSport Park,1,7.6,New Zealand,Australia,MJ Guptill,AJ Redmond,PM Siddle,0,0,,,,,,,,,
415287,2009/10,2009-10-05,SuperSport Park,1,8.1,New Zealand,Australia,AJ Redmond,MJ Guptill,MG Johnson,1,0,,,,,,,,,
415287,2009/10,2009-10-05,SuperSport Park,1,8.2,New Zealand,Australia,MJ Guptill,AJ Redmond,MG Johnson,0,0,,,,,,,,,
415287,2009/10,2009-10-05,SuperSport Park,1,8.3,New Zealand,Australia,MJ Guptill,AJ Redmond,MG Johnson,0,0,,,,,,,,,
415287,2009/10,2009-10-05,SuperSport Park,1,8.4,New Zealand,Australia,MJ Guptill,AJ Redmond,MG Johnson,1,0,,,,,,,,,
415287,2009/10,2009-10-05,SuperSport Park,1,8.5,New Zealand,Australia,AJ Redmond,MJ Guptill,MG Johnson,1,0,,,,,,,,,
415287,2009/10,2009-10-05,SuperSport Park,1,8.6,New Zealand,Australia,MJ Guptill,AJ Redmond,MG Johnson,0,0,,,,,,,,,
415287,2009/10,2009-10-05,SuperSport Park,1,9.1,New Zealand,Australia,AJ Redmond,MJ Guptill,PM Siddle,0,0,,,,,,,,,
415287,2009/10,2009-10-05,SuperSport Park,1,9.2,New Zealand,Australia,AJ Redmond,MJ Guptill,PM Siddle,0,0,,,,,,,,,
415287,2009/10,2009-10-05,SuperSport Park,1,9.3,New Zealand,Australia,AJ Redmond,MJ Guptill,PM Siddle,4,0,,,,,,,,,
415287,2009/10,2009-10-05,SuperSport Park,1,9.4,New Zealand,Australia,AJ Redmond,MJ Guptill,PM Siddle,0,0,,,,,,,,,
415287,2009/10,2009-10-05,SuperSport Park,1,9.5,New Zealand,Australia,AJ Redmond,MJ Guptill,PM Siddle,0,0,,,,,,,,,
415287,2009/10,2009-10-05,SuperSport Park,1,9.6,New Zealand,Australia,AJ Redmond,MJ Guptill,PM Siddle,0,0,,,,,,,,,
415287,2009/10,2009-10-05,SuperSport Park,1,10.1,New Zealand,Australia,MJ Guptill,AJ Redmond,MG Johnson,0,0,,,,,,,,,
415287,2009/10,2009-10-05,SuperSport Park,1,10.2,New Zealand,Australia,MJ Guptill,AJ Redmond,MG Johnson,0,0,,,,,,,,,
415287,2009/10,2009-10-05,SuperSport Park,1,10.3,New Zealand,Australia,MJ Guptill,AJ Redmond,MG Johnson,0,0,,,,,,,,,
415287,2009/10,2009-10-05,SuperSport Park,1,10.4,New Zealand,Australia,MJ Guptill,AJ Redmond,MG Johnson,2,0,,,,,,,,,
415287,2009/10,2009-10-05,SuperSport Park,1,10.5,New Zealand,Australia,MJ Guptill,AJ Redmond,MG Johnson,0,0,,,,,,,,,
415287,2009/10,2009-10-05,SuperSport Park,1,10.6,New Zealand,Australia,MJ Guptill,AJ Redmond,MG Johnson,1,0,,,,,,,,,
415287,2009/10,2009-10-05,SuperSport Park,1,11.1,New Zealand,Australia,MJ Guptill,AJ Redmond,SR Watson,0,0,,,,,,,,,
415287,2009/10,2009-10-05,SuperSport Park,1,11.2,New Zealand,Australia,MJ Guptill,AJ Redmond,SR Watson,1,0,,,,,,,,,
415287,2009/10,2009-10-05,SuperSport Park,1,11.3,New Zealand,Australia,AJ Redmond,MJ Guptill,SR Watson,0,0,,,,,,,,,
415287,2009/10,2009-10-05,SuperSport Park,1,11.4,New Zealand,Australia,AJ Redmond,MJ Guptill,SR Watson,1,0,,,,,,,,,
415287,2009/10,2009-10-05,SuperSport Park,1,11.5,New Zealand,Australia,MJ Guptill,AJ Redmond,SR Watson,1,0,,,,,,,,,
415287,2009/10,2009-10-05,SuperSport Park,1,11.6,New Zealand,Australia,AJ Redmond,MJ Guptill,SR Watson,4,0,,,,,,,,,
415287,2009/10,2009-10-05,SuperSport Park,1,12.1,New Zealand,Australia,MJ Guptill,AJ Redmond,MG Johnson,0,0,,,,,,,,,
415287,2009/10,2009-10-05,SuperSport Park,1,12.2,New Zealand,Australia,MJ Guptill,AJ Redmond,MG Johnson,0,0,,,,,,,,,
415287,2009/10,2009-10-05,SuperSport Park,1,12.3,New Zealand,Australia,MJ Guptill,AJ Redmond,MG Johnson,0,0,,,,,,,,,
415287,2009/10,2009-10-05,SuperSport Park,1,12.4,New Zealand,Australia,MJ Guptill,AJ Redmond,MG Johnson,0,0,,,,,,,,,
415287,2009/10,2009-10-05,SuperSport Park,1,12.5,New Zealand,Australia,MJ Guptill,AJ Redmond,MG Johnson,1,0,,,,,,,,,
415287,2009/10,2009-10-05,SuperSport Park,1,12.6,New Zealand,Australia,AJ Redmond,MJ Guptill,MG Johnson,1,0,,,,,,,,,
415287,2009/10,2009-10-05,SuperSport Park,1,13.1,New Zealand,Australia,AJ Redmond,MJ Guptill,SR Watson,1,0,,,,,,,,,
415287,2009/10,2009-10-05,SuperSport Park,1,13.2,New Zealand,Australia,MJ Guptill,AJ Redmond,SR Watson,1,0,,,,,,,,,
415287,2009/10,2009-10-05,SuperSport Park,1,13.3,New Zealand,Australia,AJ Redmond,MJ Guptill,SR Watson,0,0,,,,,,,,,
415287,2009/10,2009-10-05,SuperSport Park,1,13.4,New Zealand,Australia,AJ Redmond,MJ Guptill,SR Watson,1,0,,,,,,,,,
415287,2009/10,2009-10-05,SuperSport Park,1,13.5,New Zealand,Australia,MJ Guptill,AJ Redmond,SR Watson,0,0,,,,,,,,,
415287,2009/10,2009-10-05,SuperSport Park,1,13.6,New Zealand,Australia,MJ Guptill,AJ Redmond,SR Watson,1,0,,,,,,,,,
415287,2009/10,2009-10-05,SuperSport Park,1,14.1,New Zealand,Australia,MJ Guptill,AJ Redmond,MG Johnson,2,0,,,,,,,,,
415287,2009/10,2009-10-05,SuperSport Park,1,14.2,New Zealand,Australia,MJ Guptill,AJ Redmond,MG Johnson,0,0,,,,,,,,,
415287,2009/10,2009-10-05,SuperSport Park,1,14.3,New Zealand,Australia,MJ Guptill,AJ Redmond,MG Johnson,0,0,,,,,,,,,
415287,2009/10,2009-10-05,SuperSport Park,1,14.4,New Zealand,Australia,MJ Guptill,AJ Redmond,MG Johnson,4,0,,,,,,,,,
415287,2009/10,2009-10-05,SuperSport Park,1,14.5,New Zealand,Australia,MJ Guptill,AJ Redmond,MG Johnson,0,1,1,,,,,,,,
415287,2009/10,2009-10-05,SuperSport Park,1,14.6,New Zealand,Australia,MJ Guptill,AJ Redmond,MG Johnson,4,0,,,,,,,,,
415287,2009/10,2009-10-05,SuperSport Park,1,14.7,New Zealand,Australia,MJ Guptill,AJ Redmond,MG Johnson,1,0,,,,,,,,,
415287,2009/10,2009-10-05,SuperSport Park,1,15.1,New Zealand,Australia,MJ Guptill,AJ Redmond,SR Watson,0,0,,,,,,,,,
415287,2009/10,2009-10-05,SuperSport Park,1,15.2,New Zealand,Australia,MJ Guptill,AJ Redmond,SR Watson,0,1,1,,,,,,,,
415287,2009/10,2009-10-05,SuperSport Park,1,15.3,New Zealand,Australia,MJ Guptill,AJ Redmond,SR Watson,0,0,,,,,,,,,
415287,2009/10,2009-10-05,SuperSport Park,1,15.4,New Zealand,Australia,MJ Guptill,AJ Redmond,SR Watson,2,0,,,,,,,,,
415287,2009/10,2009-10-05,SuperSport Park,1,15.5,New Zealand,Australia,MJ Guptill,AJ Redmond,SR Watson,0,0,,,,,,,,,
415287,2009/10,2009-10-05,SuperSport Park,1,15.6,New Zealand,Australia,MJ Guptill,AJ Redmond,SR Watson,1,0,,,,,,,,,
415287,2009/10,2009-10-05,SuperSport Park,1,15.7,New Zealand,Australia,AJ Redmond,MJ Guptill,SR Watson,0,0,,,,,,,,,
415287,2009/10,2009-10-05,SuperSport Park,1,16.1,New Zealand,Australia,MJ Guptill,AJ Redmond,NM Hauritz,0,0,,,,,,,,,
415287,2009/10,2009-10-05,SuperSport Park,1,16.2,New Zealand,Australia,MJ Guptill,AJ Redmond,NM Hauritz,0,0,,,,,,,,,
415287,2009/10,2009-10-05,SuperSport Park,1,16.3,New Zealand,Australia,MJ Guptill,AJ Redmond,NM Hauritz,0,0,,,,,,,,,
415287,2009/10,2009-10-05,SuperSport Park,1,16.4,New Zealand,Australia,MJ Guptill,AJ Redmond,NM Hauritz,1,0,,,,,,,,,
415287,2009/10,2009-10-05,SuperSport Park,1,16.5,New Zealand,Australia,AJ Redmond,MJ Guptill,NM Hauritz,2,0,,,,,,,,,
415287,2009/10,2009-10-05,SuperSport Park,1,16.6,New Zealand,Australia,AJ Redmond,MJ Guptill,NM Hauritz,1,0,,,,,,,,,
415287,2009/10,2009-10-05,SuperSport Park,1,17.1,New Zealand,Australia,AJ Redmond,MJ Guptill,SR Watson,0,1,1,,,,,,,,
415287,2009/10,2009-10-05,SuperSport Park,1,17.2,New Zealand,Australia,AJ Redmond,MJ Guptill,SR Watson,0,0,,,,,,,,,
415287,2009/10,2009-10-05,SuperSport Park,1,17.3,New Zealand,Australia,AJ Redmond,MJ Guptill,SR Watson,0,0,,,,,,,,,
415287,2009/10,2009-10-05,SuperSport Park,1,17.4,New Zealand,Australia,AJ Redmond,MJ Guptill,SR Watson,4,0,,,,,,,,,
415287,2009/10,2009-10-05,SuperSport Park,1,17.5,New Zealand,Australia,AJ Redmond,MJ Guptill,SR Watson,0,0,,,,,,,,,
415287,2009/10,2009-10-05,SuperSport Park,1,17.6,New Zealand,Australia,AJ Redmond,MJ Guptill,SR Watson,1,0,,,,,,,,,
415287,2009/10,2009-10-05,SuperSport Park,1,17.7,New Zealand,Australia,MJ Guptill,AJ Redmond,SR Watson,1,0,,,,,,,,,
415287,2009/10,2009-10-05,SuperSport Park,1,18.1,New Zealand,Australia,MJ Guptill,AJ Redmond,NM Hauritz,0,0,,,,,,,,,
415287,2009/10,2009-10-05,SuperSport Park,1,18.2,New Zealand,Australia,MJ Guptill,AJ Redmond,NM Hauritz,1,0,,,,,,,,,
415287,2009/10,2009-10-05,SuperSport Park,1,18.3,New Zealand,Australia,AJ Redmond,MJ Guptill,NM Hauritz,0,0,,,,,,stumped,AJ Redmond,,
415287,2009/10,2009-10-05,SuperSport Park,1,18.4,New Zealand,Australia,LRPL Taylor,MJ Guptill,NM Hauritz,0,0,,,,,,,,,
415287,2009/10,2009-10-05,SuperSport Park,1,18.5,New Zealand,Australia,LRPL Taylor,MJ Guptill,NM Hauritz,0,0,,,,,,,,,
415287,2009/10,2009-10-05,SuperSport Park,1,18.6,New Zealand,Australia,LRPL Taylor,MJ Guptill,NM Hauritz,0,0,,,,,,,,,
415287,2009/10,2009-10-05,SuperSport Park,1,19.1,New Zealand,Australia,MJ Guptill,LRPL Taylor,MG Johnson,1,0,,,,,,,,,
415287,2009/10,2009-10-05,SuperSport Park,1,19.2,New Zealand,Australia,LRPL Taylor,MJ Guptill,MG Johnson,1,0,,,,,,,,,
415287,2009/10,2009-10-05,SuperSport Park,1,19.3,New Zealand,Australia,MJ Guptill,LRPL Taylor,MG Johnson,0,0,,,,,,,,,
415287,2009/10,2009-10-05,SuperSport Park,1,19.4,New Zealand,Australia,MJ Guptill,LRPL Taylor,MG Johnson,2,0,,,,,,,,,
415287,2009/10,2009-10-05,SuperSport Park,1,19.5,New Zealand,Australia,MJ Guptill,LRPL Taylor,MG Johnson,1,0,,,,,,,,,
415287,2009/10,2009-10-05,SuperSport Park,1,19.6,New Zealand,Australia,LRPL Taylor,MJ Guptill,MG Johnson,0,0,,,,,,,,,
415287,2009/10,2009-10-05,SuperSport Park,1,20.1,New Zealand,Australia,MJ Guptill,LRPL Taylor,NM Hauritz,0,0,,,,,,,,,
415287,2009/10,2009-10-05,SuperSport Park,1,20.2,New Zealand,Australia,MJ Guptill,LRPL Taylor,NM Hauritz,1,0,,,,,,,,,
415287,2009/10,2009-10-05,SuperSport Park,1,20.3,New Zealand,Australia,LRPL Taylor,MJ Guptill,NM Hauritz,1,0,,,,,,,,,
415287,2009/10,2009-10-05,SuperSport Park,1,20.4,New Zealand,Australia,MJ Guptill,LRPL Taylor,NM Hauritz,0,0,,,,,,,,,
415287,2009/10,2009-10-05,SuperSport Park,1,20.5,New Zealand,Australia,MJ Guptill,LRPL Taylor,NM Hauritz,0,0,,,,,,,,,
415287,2009/10,2009-10-05,SuperSport Park,1,20.6,New Zealand,Australia,MJ Guptill,LRPL Taylor,NM Hauritz,0,0,,,,,,,,,
415287,2009/10,2009-10-05,SuperSport Park,1,21.1,New Zealand,Australia,LRPL Taylor,MJ Guptill,MG Johnson,1,0,,,,,,,,,
415287,2009/10,2009-10-05,SuperSport Park,1,21.2,New Zealand,Australia,MJ Guptill,LRPL Taylor,MG Johnson,1,0,,,,,,,,,
415287,2009/10,2009-10-05,SuperSport Park,1,21.3,New Zealand,Australia,LRPL Taylor,MJ Guptill,MG Johnson,0,0,,,,,,,,,
415287,2009/10,2009-10-05,SuperSport Park,1,21.4,New Zealand,Australia,LRPL Taylor,MJ Guptill,MG Johnson,0,0,,,,,,,,,
415287,2009/10,2009-10-05,SuperSport Park,1,21.5,New Zealand,Australia,LRPL Taylor,MJ Guptill,MG Johnson,1,0,,,,,,,,,
415287,2009/10,2009-10-05,SuperSport Park,1,21.6,New Zealand,Australia,MJ Guptill,LRPL Taylor,MG Johnson,0,0,,,,,,,,,
415287,2009/10,2009-10-05,SuperSport Park,1,22.1,New Zealand,Australia,LRPL Taylor,MJ Guptill,NM Hauritz,1,0,,,,,,,,,
415287,2009/10,2009-10-05,SuperSport Park,1,22.2,New Zealand,Australia,MJ Guptill,LRPL Taylor,NM Hauritz,0,0,,,,,,caught and bowled,MJ Guptill,,
415287,2009/10,2009-10-05,SuperSport Park,1,22.3,New Zealand,Australia,GD Elliott,LRPL Taylor,NM Hauritz,1,0,,,,,,,,,
415287,2009/10,2009-10-05,SuperSport Park,1,22.4,New Zealand,Australia,LRPL Taylor,GD Elliott,NM Hauritz,1,0,,,,,,,,,
415287,2009/10,2009-10-05,SuperSport Park,1,22.5,New Zealand,Australia,GD Elliott,LRPL Taylor,NM Hauritz,2,0,,,,,,,,,
415287,2009/10,2009-10-05,SuperSport Park,1,22.6,New Zealand,Australia,GD Elliott,LRPL Taylor,NM Hauritz,0,0,,,,,,,,,
415287,2009/10,2009-10-05,SuperSport Park,1,23.1,New Zealand,Australia,LRPL Taylor,GD Elliott,MG Johnson,0,0,,,,,,caught,LRPL Taylor,,
415287,2009/10,2009-10-05,SuperSport Park,1,23.2,New Zealand,Australia,NT Broom,GD Elliott,MG Johnson,0,0,,,,,,,,,
415287,2009/10,2009-10-05,SuperSport Park,1,23.3,New Zealand,Australia,NT Broom,GD Elliott,MG Johnson,0,0,,,,,,,,,
415287,2009/10,2009-10-05,SuperSport Park,1,23.4,New Zealand,Australia,NT Broom,GD Elliott,MG Johnson,0,0,,,,,,,,,
415287,2009/10,2009-10-05,SuperSport Park,1,23.5,New Zealand,Australia,NT Broom,GD Elliott,MG Johnson,0,0,,,,,,,,,
415287,2009/10,2009-10-05,SuperSport Park,1,23.6,New Zealand,Australia,NT Broom,GD Elliott,MG Johnson,0,0,,,,,,,,,
415287,2009/10,2009-10-05,SuperSport Park,1,24.1,New Zealand,Australia,GD Elliott,NT Broom,B Lee,5,0,,,,,,,,,
415287,2009/10,2009-10-05,SuperSport Park,1,24.2,New Zealand,Australia,NT Broom,GD Elliott,B Lee,0,0,,,,,,,,,
415287,2009/10,2009-10-05,SuperSport Park,1,24.3,New Zealand,Australia,NT Broom,GD Elliott,B Lee,4,0,,,,,,,,,
415287,2009/10,2009-10-05,SuperSport Park,1,24.4,New Zealand,Australia,NT Broom,GD Elliott,B Lee,0,0,,,,,,,,,
415287,2009/10,2009-10-05,SuperSport Park,1,24.5,New Zealand,Australia,NT Broom,GD Elliott,B Lee,0,0,,,,,,,,,
415287,2009/10,2009-10-05,SuperSport Park,1,24.6,New Zealand,Australia,NT Broom,GD Elliott,B Lee,0,0,,,,,,,,,
415287,2009/10,2009-10-05,SuperSport Park,1,25.1,New Zealand,Australia,GD Elliott,NT Broom,MG Johnson,0,0,,,,,,,,,
415287,2009/10,2009-10-05,SuperSport Park,1,25.2,New Zealand,Australia,GD Elliott,NT Broom,MG Johnson,1,0,,,,,,,,,
415287,2009/10,2009-10-05,SuperSport Park,1,25.3,New Zealand,Australia,NT Broom,GD Elliott,MG Johnson,0,0,,,,,,,,,
415287,2009/10,2009-10-05,SuperSport Park,1,25.4,New Zealand,Australia,NT Broom,GD Elliott,MG Johnson,0,1,,,,1,,,,,
415287,2009/10,2009-10-05,SuperSport Park,1,25.5,New Zealand,Australia,GD Elliott,NT Broom,MG Johnson,0,0,,,,,,,,,
415287,2009/10,2009-10-05,SuperSport Park,1,25.6,New Zealand,Australia,GD Elliott,NT Broom,MG Johnson,0,0,,,,,,,,,
415287,2009/10,2009-10-05,SuperSport Park,1,26.1,New Zealand,Australia,NT Broom,GD Elliott,B Lee,0,0,,,,,,,,,
415287,2009/10,2009-10-05,SuperSport Park,1,26.2,New Zealand,Australia,NT Broom,GD Elliott,B Lee,0,0,,,,,,,,,
415287,2009/10,2009-10-05,SuperSport Park,1,26.3,New Zealand,Australia,NT Broom,GD Elliott,B Lee,0,1,1,,,,,,,,
415287,2009/10,2009-10-05,SuperSport Park,1,26.4,New Zealand,Australia,NT Broom,GD Elliott,B Lee,1,0,,,,,,,,,
415287,2009/10,2009-10-05,SuperSport Park,1,26.5,New Zealand,Australia,GD Elliott,NT Broom,B Lee,0,0,,,,,,lbw,GD Elliott,,
415287,2009/10,2009-10-05,SuperSport Park,1,26.6,New Zealand,Australia,JEC Franklin,NT Broom,B Lee,0,0,,,,,,,,,
415287,2009/10,2009-10-05,SuperSport Park,1,26.7,New Zealand,Australia,JEC Franklin,NT Broom,B Lee,4,0,,,,,,,,,
415287,2009/10,2009-10-05,SuperSport Park,1,27.1,New Zealand,Australia,NT Broom,JEC Franklin,PM Siddle,0,0,,,,,,,,,
415287,2009/10,2009-10-05,SuperSport Park,1,27.2,New Zealand,Australia,NT Broom,JEC Franklin,PM Siddle,0,0,,,,,,,,,
415287,2009/10,2009-10-05,SuperSport Park,1,27.3,New Zealand,Australia,NT Broom,JEC Franklin,PM Siddle,4,0,,,,,,,,,
415287,2009/10,2009-10-05,SuperSport Park,1,27.4,New Zealand,Australia,NT Broom,JEC Franklin,PM Siddle,0,0,,,,,,,,,
415287,2009/10,2009-10-05,SuperSport Park,1,27.5,New Zealand,Australia,NT Broom,JEC Franklin,PM Siddle,0,0,,,,,,,,,
415287,2009/10,2009-10-05,SuperSport Park,1,27.6,New Zealand,Australia,NT Broom,JEC Franklin,PM Siddle,0,0,,,,,,,,,
415287,2009/10,2009-10-05,SuperSport Park,1,28.1,New Zealand,Australia,JEC Franklin,NT Broom,B Lee,1,0,,,,,,,,,
415287,2009/10,2009-10-05,SuperSport Park,1,28.2,New Zealand,Australia,NT Broom,JEC Franklin,B Lee,0,0,,,,,,,,,
415287,2009/10,2009-10-05,SuperSport Park,1,28.3,New Zealand,Australia,NT Broom,JEC Franklin,B Lee,0,0,,,,,,,,,
415287,2009/10,2009-10-05,SuperSport Park,1,28.4,New Zealand,Australia,NT Broom,JEC Franklin,B Lee,0,1,1,,,,,,,,
415287,2009/10,2009-10-05,SuperSport Park,1,28.5,New Zealand,Australia,NT Broom,JEC Franklin,B Lee,1,0,,,,,,,,,
415287,2009/10,2009-10-05,SuperSport Park,1,28.6,New Zealand,Australia,JEC Franklin,NT Broom,B Lee,0,0,,,,,,,,,
415287,2009/10,2009-10-05,SuperSport Park,1,28.7,New Zealand,Australia,JEC Franklin,NT Broom,B Lee,0,0,,,,,,,,,
415287,2009/10,2009-10-05,SuperSport Park,1,29.1,New Zealand,Australia,NT Broom,JEC Franklin,PM Siddle,1,0,,,,,,,,,
415287,2009/10,2009-10-05,SuperSport Park,1,29.2,New Zealand,Australia,JEC Franklin,NT Broom,PM Siddle,0,0,,,,,,,,,
415287,2009/10,2009-10-05,SuperSport Park,1,29.3,New Zealand,Australia,JEC Franklin,NT Broom,PM Siddle,0,0,,,,,,,,,
415287,2009/10,2009-10-05,SuperSport Park,1,29.4,New Zealand,Australia,JEC Franklin,NT Broom,PM Siddle,1,0,,,,,,,,,
415287,2009/10,2009-10-05,SuperSport Park,1,29.5,New Zealand,Australia,NT Broom,JEC Franklin,PM Siddle,0,0,,,,,,,,,
415287,2009/10,2009-10-05,SuperSport Park,1,29.6,New Zealand,Australia,NT Broom,JEC Franklin,PM Siddle,0,0,,,,,,,,,
415287,2009/10,2009-10-05,SuperSport Park,1,30.1,New Zealand,Australia,JEC Franklin,NT Broom,NM Hauritz,4,0,,,,,,,,,
415287,2009/10,2009-10-05,SuperSport Park,1,30.2,New Zealand,Australia,JEC Franklin,NT Broom,NM Hauritz,1,0,,,,,,,,,
415287,2009/10,2009-10-05,SuperSport Park,1,30.3,New Zealand,Australia,NT Broom,JEC Franklin,NM Hauritz,0,0,,,,,,,,,
415287,2009/10,2009-10-05,SuperSport Park,1,30.4,New Zealand,Australia,NT Broom,JEC Franklin,NM Hauritz,0,0,,,,,,,,,
415287,2009/10,2009-10-05,SuperSport Park,1,30.5,New Zealand,Australia,NT Broom,JEC Franklin,NM Hauritz,0,0,,,,,,,,,
415287,2009/10,2009-10-05,SuperSport Park,1,30.6,New Zealand,Australia,NT Broom,JEC Franklin,NM Hauritz,0,0,,,,,,,,,
415287,2009/10,2009-10-05,SuperSport Park,1,31.1,New Zealand,Australia,JEC Franklin,NT Broom,SR Watson,0,0,,,,,,,,,
415287,2009/10,2009-10-05,SuperSport Park,1,31.2,New Zealand,Australia,JEC Franklin,NT Broom,SR Watson,0,0,,,,,,,,,
415287,2009/10,2009-10-05,SuperSport Park,1,31.3,New Zealand,Australia,JEC Franklin,NT Broom,SR Watson,0,0,,,,,,,,,
415287,2009/10,2009-10-05,SuperSport Park,1,31.4,New Zealand,Australia,JEC Franklin,NT Broom,SR Watson,0,0,,,,,,,,,
415287,2009/10,2009-10-05,SuperSport Park,1,31.5,New Zealand,Australia,JEC Franklin,NT Broom,SR Watson,0,0,,,,,,,,,
415287,2009/10,2009-10-05,SuperSport Park,1,31.6,New Zealand,Australia,JEC Franklin,NT Broom,SR Watson,1,0,,,,,,,,,
415287,2009/10,2009-10-05,SuperSport Park,1,32.1,New Zealand,Australia,JEC Franklin,NT Broom,NM Hauritz,1,0,,,,,,,,,
415287,2009/10,2009-10-05,SuperSport Park,1,32.2,New Zealand,Australia,NT Broom,JEC Franklin,NM Hauritz,0,1,1,,,,,,,,
415287,2009/10,2009-10-05,SuperSport Park,1,32.3,New Zealand,Australia,NT Broom,JEC Franklin,NM Hauritz,1,0,,,,,,,,,
415287,2009/10,2009-10-05,SuperSport Park,1,32.4,New Zealand,Australia,JEC Franklin,NT Broom,NM Hauritz,1,0,,,,,,,,,
415287,2009/10,2009-10-05,SuperSport Park,1,32.5,New Zealand,Australia,NT Broom,JEC Franklin,NM Hauritz,1,0,,,,,,,,,
415287,2009/10,2009-10-05,SuperSport Park,1,32.6,New Zealand,Australia,JEC Franklin,NT Broom,NM Hauritz,0,0,,,,,,,,,
415287,2009/10,2009-10-05,SuperSport Park,1,32.7,New Zealand,Australia,JEC Franklin,NT Broom,NM Hauritz,0,0,,,,,,,,,
415287,2009/10,2009-10-05,SuperSport Park,1,33.1,New Zealand,Australia,NT Broom,JEC Franklin,SR Watson,1,0,,,,,,,,,
415287,2009/10,2009-10-05,SuperSport Park,1,33.2,New Zealand,Australia,JEC Franklin,NT Broom,SR Watson,0,0,,,,,,,,,
415287,2009/10,2009-10-05,SuperSport Park,1,33.3,New Zealand,Australia,JEC Franklin,NT Broom,SR Watson,1,0,,,,,,,,,
415287,2009/10,2009-10-05,SuperSport Park,1,33.4,New Zealand,Australia,NT Broom,JEC Franklin,SR Watson,0,0,,,,,,,,,
415287,2009/10,2009-10-05,SuperSport Park,1,33.5,New Zealand,Australia,NT Broom,JEC Franklin,SR Watson,0,0,,,,,,,,,
415287,2009/10,2009-10-05,SuperSport Park,1,33.6,New Zealand,Australia,NT Broom,JEC Franklin,SR Watson,1,0,,,,,,,,,
415287,2009/10,2009-10-05,SuperSport Park,1,34.1,New Zealand,Australia,NT Broom,JEC Franklin,NM Hauritz,0,0,,,,,,,,,
415287,2009/10,2009-10-05,SuperSport Park,1,34.2,New Zealand,Australia,NT Broom,JEC Franklin,NM Hauritz,2,0,,,,,,,,,
415287,2009/10,2009-10-05,SuperSport Park,1,34.3,New Zealand,Australia,NT Broom,JEC Franklin,NM Hauritz,0,0,,,,,,,,,
415287,2009/10,2009-10-05,SuperSport Park,1,34.4,New Zealand,Australia,NT Broom,JEC Franklin,NM Hauritz,0,0,,,,,,,,,
415287,2009/10,2009-10-05,SuperSport Park,1,34.5,New Zealand,Australia,NT Broom,JEC Franklin,NM Hauritz,1,0,,,,,,,,,
415287,2009/10,2009-10-05,SuperSport Park,1,34.6,New Zealand,Australia,JEC Franklin,NT Broom,NM Hauritz,1,0,,,,,,,,,
415287,2009/10,2009-10-05,SuperSport Park,1,35.1,New Zealand,Australia,JEC Franklin,NT Broom,PM Siddle,1,0,,,,,,,,,
415287,2009/10,2009-10-05,SuperSport Park,1,35.2,New Zealand,Australia,NT Broom,JEC Franklin,PM Siddle,0,0,,,,,,,,,
415287,2009/10,2009-10-05,SuperSport Park,1,35.3,New Zealand,Australia,NT Broom,JEC Franklin,PM Siddle,0,0,,,,,,,,,
415287,2009/10,2009-10-05,SuperSport Park,1,35.4,New Zealand,Australia,NT Broom,JEC Franklin,PM Siddle,0,0,,,,,,,,,
415287,2009/10,2009-10-05,SuperSport Park,1,35.5,New Zealand,Australia,NT Broom,JEC Franklin,PM Siddle,0,0,,,,,,,,,
415287,2009/10,2009-10-05,SuperSport Park,1,35.6,New Zealand,Australia,NT Broom,JEC Franklin,PM Siddle,0,0,,,,,,,,,
415287,2009/10,2009-10-05,SuperSport Park,1,36.1,New Zealand,Australia,JEC Franklin,NT Broom,NM Hauritz,0,0,,,,,,,,,
415287,2009/10,2009-10-05,SuperSport Park,1,36.2,New Zealand,Australia,JEC Franklin,NT Broom,NM Hauritz,0,0,,,,,,,,,
415287,2009/10,2009-10-05,SuperSport Park,1,36.3,New Zealand,Australia,JEC Franklin,NT Broom,NM Hauritz,0,0,,,,,,,,,
415287,2009/10,2009-10-05,SuperSport Park,1,36.4,New Zealand,Australia,JEC Franklin,NT Broom,NM Hauritz,0,0,,,,,,,,,
415287,2009/10,2009-10-05,SuperSport Park,1,36.5,New Zealand,Australia,JEC Franklin,NT Broom,NM Hauritz,1,0,,,,,,,,,
415287,2009/10,2009-10-05,SuperSport Park,1,36.6,New Zealand,Australia,NT Broom,JEC Franklin,NM Hauritz,3,0,,,,,,,,,
415287,2009/10,2009-10-05,SuperSport Park,1,37.1,New Zealand,Australia,NT Broom,JEC Franklin,PM Siddle,0,0,,,,,,,,,
415287,2009/10,2009-10-05,SuperSport Park,1,37.2,New Zealand,Australia,NT Broom,JEC Franklin,PM Siddle,0,0,,,,,,,,,
415287,2009/10,2009-10-05,SuperSport Park,1,37.3,New Zealand,Australia,NT Broom,JEC Franklin,PM Siddle,0,0,,,,,,,,,
415287,2009/10,2009-10-05,SuperSport Park,1,37.4,New Zealand,Australia,NT Broom,JEC Franklin,PM Siddle,1,0,,,,,,,,,
415287,2009/10,2009-10-05,SuperSport Park,1,37.5,New Zealand,Australia,JEC Franklin,NT Broom,PM Siddle,1,0,,,,,,,,,
415287,2009/10,2009-10-05,SuperSport Park,1,37.6,New Zealand,Australia,NT Broom,JEC Franklin,PM Siddle,1,0,,,,,,,,,
415287,2009/10,2009-10-05,SuperSport Park,1,38.1,New Zealand,Australia,NT Broom,JEC Franklin,SR Watson,0,0,,,,,,,,,
415287,2009/10,2009-10-05,SuperSport Park,1,38.2,New Zealand,Australia,NT Broom,JEC Franklin,SR Watson,1,0,,,,,,,,,
415287,2009/10,2009-10-05,SuperSport Park,1,38.3,New Zealand,Australia,JEC Franklin,NT Broom,SR Watson,0,0,,,,,,,,,
415287,2009/10,2009-10-05,SuperSport Park,1,38.4,New Zealand,Australia,JEC Franklin,NT Broom,SR Watson,0,0,,,,,,,,,
415287,2009/10,2009-10-05,SuperSport Park,1,38.5,New Zealand,Australia,JEC Franklin,NT Broom,SR Watson,1,0,,,,,,,,,
415287,2009/10,2009-10-05,SuperSport Park,1,38.6,New Zealand,Australia,NT Broom,JEC Franklin,SR Watson,4,0,,,,,,,,,
415287,2009/10,2009-10-05,SuperSport Park,1,39.1,New Zealand,Australia,JEC Franklin,NT Broom,PM Siddle,4,0,,,,,,,,,
415287,2009/10,2009-10-05,SuperSport Park,1,39.2,New Zealand,Australia,JEC Franklin,NT Broom,PM Siddle,2,0,,,,,,,,,
415287,2009/10,2009-10-05,SuperSport Park,1,39.3,New Zealand,Australia,JEC Franklin,NT Broom,PM Siddle,1,0,,,,,,,,,
415287,2009/10,2009-10-05,SuperSport Park,1,39.4,New Zealand,Australia,NT Broom,JEC Franklin,PM Siddle,1,0,,,,,,,,,
415287,2009/10,2009-10-05,SuperSport Park,1,39.5,New Zealand,Australia,JEC Franklin,NT Broom,PM Siddle,0,0,,,,,,,,,
415287,2009/10,2009-10-05,SuperSport Park,1,39.6,New Zealand,Australia,JEC Franklin,NT Broom,PM Siddle,4,0,,,,,,,,,
415287,2009/10,2009-10-05,SuperSport Park,1,40.1,New Zealand,Australia,NT Broom,JEC Franklin,SR Watson,4,0,,,,,,,,,
415287,2009/10,2009-10-05,SuperSport Park,1,40.2,New Zealand,Australia,NT Broom,JEC Franklin,SR Watson,0,0,,,,,,,,,
415287,2009/10,2009-10-05,SuperSport Park,1,40.3,New Zealand,Australia,NT Broom,JEC Franklin,SR Watson,0,0,,,,,,,,,
415287,2009/10,2009-10-05,SuperSport Park,1,40.4,New Zealand,Australia,NT Broom,JEC Franklin,SR Watson,4,0,,,,,,,,,
415287,2009/10,2009-10-05,SuperSport Park,1,40.5,New Zealand,Australia,NT Broom,JEC Franklin,SR Watson,0,0,,,,,,run out,NT Broom,,
415287,2009/10,2009-10-05,SuperSport Park,1,40.6,New Zealand,Australia,JEC Franklin,KD Mills,SR Watson,1,0,,,,,,,,,
415287,2009/10,2009-10-05,SuperSport Park,1,41.1,New Zealand,Australia,JEC Franklin,KD Mills,B Lee,0,0,,,,,,,,,
415287,2009/10,2009-10-05,SuperSport Park,1,41.2,New Zealand,Australia,JEC Franklin,KD Mills,B Lee,1,0,,,,,,,,,
415287,2009/10,2009-10-05,SuperSport Park,1,41.3,New Zealand,Australia,KD Mills,JEC Franklin,B Lee,4,0,,,,,,,,,
415287,2009/10,2009-10-05,SuperSport Park,1,41.4,New Zealand,Australia,KD Mills,JEC Franklin,B Lee,1,0,,,,,,,,,
415287,2009/10,2009-10-05,SuperSport Park,1,41.5,New Zealand,Australia,JEC Franklin,KD Mills,B Lee,0,0,,,,,,,,,
415287,2009/10,2009-10-05,SuperSport Park,1,41.6,New Zealand,Australia,JEC Franklin,KD Mills,B Lee,0,0,,,,,,bowled,JEC Franklin,,
415287,2009/10,2009-10-05,SuperSport Park,1,42.1,New Zealand,Australia,KD Mills,IG Butler,SR Watson,1,0,,,,,,,,,
415287,2009/10,2009-10-05,SuperSport Park,1,42.2,New Zealand,Australia,IG Butler,KD Mills,SR Watson,0,0,,,,,,,,,
415287,2009/10,2009-10-05,SuperSport Park,1,42.3,New Zealand,Australia,IG Butler,KD Mills,SR Watson,0,0,,,,,,,,,
415287,2009/10,2009-10-05,SuperSport Park,1,42.4,New Zealand,Australia,IG Butler,KD Mills,SR Watson,0,0,,,,,,,,,
415287,2009/10,2009-10-05,SuperSport Park,1,42.5,New Zealand,Australia,IG Butler,KD Mills,SR Watson,2,0,,,,,,,,,
415287,2009/10,2009-10-05,SuperSport Park,1,42.6,New Zealand,Australia,IG Butler,KD Mills,SR Watson,4,0,,,,,,,,,
415287,2009/10,2009-10-05,SuperSport Park,1,43.1,New Zealand,Australia,KD Mills,IG Butler,NM Hauritz,0,0,,,,,,,,,
415287,2009/10,2009-10-05,SuperSport Park,1,43.2,New Zealand,Australia,KD Mills,IG Butler,NM Hauritz,1,0,,,,,,,,,
415287,2009/10,2009-10-05,SuperSport Park,1,43.3,New Zealand,Australia,IG Butler,KD Mills,NM Hauritz,0,0,,,,,,,,,
415287,2009/10,2009-10-05,SuperSport Park,1,43.4,New Zealand,Australia,IG Butler,KD Mills,NM Hauritz,0,0,,,,,,lbw,IG Butler,,
415287,2009/10,2009-10-05,SuperSport Park,1,43.5,New Zealand,Australia,JS Patel,KD Mills,NM Hauritz,0,0,,,,,,,,,
415287,2009/10,2009-10-05,SuperSport Park,1,43.6,New Zealand,Australia,JS Patel,KD Mills,NM Hauritz,1,0,,,,,,,,,
415287,2009/10,2009-10-05,SuperSport Park,1,44.1,New Zealand,Australia,JS Patel,KD Mills,MG Johnson,1,0,,,,,,,,,
415287,2009/10,2009-10-05,SuperSport Park,1,44.2,New Zealand,Australia,KD Mills,JS Patel,MG Johnson,1,0,,,,,,,,,
415287,2009/10,2009-10-05,SuperSport Park,1,44.3,New Zealand,Australia,JS Patel,KD Mills,MG Johnson,1,0,,,,,,,,,
415287,2009/10,2009-10-05,SuperSport Park,1,44.4,New Zealand,Australia,KD Mills,JS Patel,MG Johnson,0,0,,,,,,,,,
415287,2009/10,2009-10-05,SuperSport Park,1,44.5,New Zealand,Australia,KD Mills,JS Patel,MG Johnson,0,0,,,,,,,,,
415287,2009/10,2009-10-05,SuperSport Park,1,44.6,New Zealand,Australia,KD Mills,JS Patel,MG Johnson,0,1,,,1,,,,,,
415287,2009/10,2009-10-05,SuperSport Park,1,45.1,New Zealand,Australia,KD Mills,JS Patel,NM Hauritz,0,0,,,,,,,,,
415287,2009/10,2009-10-05,SuperSport Park,1,45.2,New Zealand,Australia,KD Mills,JS Patel,NM Hauritz,1,0,,,,,,,,,
415287,2009/10,2009-10-05,SuperSport Park,1,45.3,New Zealand,Australia,JS Patel,KD Mills,NM Hauritz,1,0,,,,,,,,,
415287,2009/10,2009-10-05,SuperSport Park,1,45.4,New Zealand,Australia,KD Mills,JS Patel,NM Hauritz,1,0,,,,,,,,,
415287,2009/10,2009-10-05,SuperSport Park,1,45.5,New Zealand,Australia,JS Patel,KD Mills,NM Hauritz,1,0,,,,,,,,,
415287,2009/10,2009-10-05,SuperSport Park,1,45.6,New Zealand,Australia,KD Mills,JS Patel,NM Hauritz,1,0,,,,,,,,,
415287,2009/10,2009-10-05,SuperSport Park,1,46.1,New Zealand,Australia,KD Mills,JS Patel,MG Johnson,0,0,,,,,,,,,
415287,2009/10,2009-10-05,SuperSport Park,1,46.2,New Zealand,Australia,KD Mills,JS Patel,MG Johnson,1,0,,,,,,,,,
415287,2009/10,2009-10-05,SuperSport Park,1,46.3,New Zealand,Australia,JS Patel,KD Mills,MG Johnson,2,0,,,,,,,,,
415287,2009/10,2009-10-05,SuperSport Park,1,46.4,New Zealand,Australia,JS Patel,KD Mills,MG Johnson,0,0,,,,,,run out,KD Mills,,
415287,2009/10,2009-10-05,SuperSport Park,1,46.5,New Zealand,Australia,SE Bond,JS Patel,MG Johnson,0,0,,,,,,,,,
415287,2009/10,2009-10-05,SuperSport Park,1,46.6,New Zealand,Australia,SE Bond,JS Patel,MG Johnson,0,0,,,,,,,,,
415287,2009/10,2009-10-05,SuperSport Park,1,47.1,New Zealand,Australia,JS Patel,SE Bond,B Lee,1,0,,,,,,,,,
415287,2009/10,2009-10-05,SuperSport Park,1,47.2,New Zealand,Australia,SE Bond,JS Patel,B Lee,0,1,1,,,,,,,,
415287,2009/10,2009-10-05,SuperSport Park,1,47.3,New Zealand,Australia,SE Bond,JS Patel,B Lee,0,0,,,,,,,,,
415287,2009/10,2009-10-05,SuperSport Park,1,47.4,New Zealand,Australia,SE Bond,JS Patel,B Lee,0,0,,,,,,,,,
415287,2009/10,2009-10-05,SuperSport Park,1,47.5,New Zealand,Australia,SE Bond,JS Patel,B Lee,1,0,,,,,,,,,
415287,2009/10,2009-10-05,SuperSport Park,1,47.6,New Zealand,Australia,JS Patel,SE Bond,B Lee,0,0,,,,,,,,,
415287,2009/10,2009-10-05,SuperSport Park,1,47.7,New Zealand,Australia,JS Patel,SE Bond,B Lee,2,0,,,,,,,,,
415287,2009/10,2009-10-05,SuperSport Park,1,48.1,New Zealand,Australia,SE Bond,JS Patel,SR Watson,0,0,,,,,,,,,
415287,2009/10,2009-10-05,SuperSport Park,1,48.2,New Zealand,Australia,SE Bond,JS Patel,SR Watson,1,0,,,,,,,,,
415287,2009/10,2009-10-05,SuperSport Park,1,48.3,New Zealand,Australia,JS Patel,SE Bond,SR Watson,0,0,,,,,,,,,
415287,2009/10,2009-10-05,SuperSport Park,1,48.4,New Zealand,Australia,JS Patel,SE Bond,SR Watson,0,0,,,,,,,,,
415287,2009/10,2009-10-05,SuperSport Park,1,48.5,New Zealand,Australia,JS Patel,SE Bond,SR Watson,1,0,,,,,,,,,
415287,2009/10,2009-10-05,SuperSport Park,1,48.6,New Zealand,Australia,SE Bond,JS Patel,SR Watson,0,0,,,,,,,,,
415287,2009/10,2009-10-05,SuperSport Park,1,49.1,New Zealand,Australia,JS Patel,SE Bond,B Lee,1,0,,,,,,,,,
415287,2009/10,2009-10-05,SuperSport Park,1,49.2,New Zealand,Australia,SE Bond,JS Patel,B Lee,1,0,,,,,,,,,
415287,2009/10,2009-10-05,SuperSport Park,1,49.3,New Zealand,Australia,JS Patel,SE Bond,B Lee,0,0,,,,,,,,,
415287,2009/10,2009-10-05,SuperSport Park,1,49.4,New Zealand,Australia,JS Patel,SE Bond,B Lee,0,0,,,,,,,,,
415287,2009/10,2009-10-05,SuperSport Park,1,49.5,New Zealand,Australia,JS Patel,SE Bond,B Lee,0,0,,,,,,,,,
415287,2009/10,2009-10-05,SuperSport Park,1,49.6,New Zealand,Australia,JS Patel,SE Bond,B Lee,4,0,,,,,,,,,
415287,2009/10,2009-10-05,SuperSport Park,2,0.1,Australia,New Zealand,SR Watson,TD Paine,KD Mills,1,0,,,,,,,,,
415287,2009/10,2009-10-05,SuperSport Park,2,0.2,Australia,New Zealand,TD Paine,SR Watson,KD Mills,0,0,,,,,,,,,
415287,2009/10,2009-10-05,SuperSport Park,2,0.3,Australia,New Zealand,TD Paine,SR Watson,KD Mills,0,0,,,,,,,,,
415287,2009/10,2009-10-05,SuperSport Park,2,0.4,Australia,New Zealand,TD Paine,SR Watson,KD Mills,0,0,,,,,,,,,
415287,2009/10,2009-10-05,SuperSport Park,2,0.5,Australia,New Zealand,TD Paine,SR Watson,KD Mills,1,0,,,,,,,,,
415287,2009/10,2009-10-05,SuperSport Park,2,0.6,Australia,New Zealand,SR Watson,TD Paine,KD Mills,0,0,,,,,,,,,
415287,2009/10,2009-10-05,SuperSport Park,2,1.1,Australia,New Zealand,TD Paine,SR Watson,SE Bond,0,0,,,,,,,,,
415287,2009/10,2009-10-05,SuperSport Park,2,1.2,Australia,New Zealand,TD Paine,SR Watson,SE Bond,0,0,,,,,,caught,TD Paine,,
415287,2009/10,2009-10-05,SuperSport Park,2,1.3,Australia,New Zealand,RT Ponting,SR Watson,SE Bond,0,1,1,,,,,,,,
415287,2009/10,2009-10-05,SuperSport Park,2,1.4,Australia,New Zealand,RT Ponting,SR Watson,SE Bond,1,0,,,,,,,,,
415287,2009/10,2009-10-05,SuperSport Park,2,1.5,Australia,New Zealand,SR Watson,RT Ponting,SE Bond,0,1,,,,1,,,,,
415287,2009/10,2009-10-05,SuperSport Park,2,1.6,Australia,New Zealand,RT Ponting,SR Watson,SE Bond,0,0,,,,,,,,,
415287,2009/10,2009-10-05,SuperSport Park,2,1.7,Australia,New Zealand,RT Ponting,SR Watson,SE Bond,0,0,,,,,,,,,
415287,2009/10,2009-10-05,SuperSport Park,2,2.1,Australia,New Zealand,SR Watson,RT Ponting,KD Mills,0,1,,,,1,,,,,
415287,2009/10,2009-10-05,SuperSport Park,2,2.2,Australia,New Zealand,RT Ponting,SR Watson,KD Mills,0,0,,,,,,lbw,RT Ponting,,
415287,2009/10,2009-10-05,SuperSport Park,2,2.3,Australia,New Zealand,CL White,SR Watson,KD Mills,0,0,,,,,,,,,
415287,2009/10,2009-10-05,SuperSport Park,2,2.4,Australia,New Zealand,CL White,SR Watson,KD Mills,0,0,,,,,,,,,
415287,2009/10,2009-10-05,SuperSport Park,2,2.5,Australia,New Zealand,CL White,SR Watson,KD Mills,0,0,,,,,,,,,
415287,2009/10,2009-10-05,SuperSport Park,2,2.6,Australia,New Zealand,CL White,SR Watson,KD Mills,0,0,,,,,,,,,
415287,2009/10,2009-10-05,SuperSport Park,2,3.1,Australia,New Zealand,SR Watson,CL White,SE Bond,0,0,,,,,,,,,
415287,2009/10,2009-10-05,SuperSport Park,2,3.2,Australia,New Zealand,SR Watson,CL White,SE Bond,0,0,,,,,,,,,
415287,2009/10,2009-10-05,SuperSport Park,2,3.3,Australia,New Zealand,SR Watson,CL White,SE Bond,0,0,,,,,,,,,
415287,2009/10,2009-10-05,SuperSport Park,2,3.4,Australia,New Zealand,SR Watson,CL White,SE Bond,1,0,,,,,,,,,
415287,2009/10,2009-10-05,SuperSport Park,2,3.5,Australia,New Zealand,CL White,SR Watson,SE Bond,0,0,,,,,,,,,
415287,2009/10,2009-10-05,SuperSport Park,2,3.6,Australia,New Zealand,CL White,SR Watson,SE Bond,0,0,,,,,,,,,
415287,2009/10,2009-10-05,SuperSport Park,2,4.1,Australia,New Zealand,SR Watson,CL White,KD Mills,0,0,,,,,,,,,
415287,2009/10,2009-10-05,SuperSport Park,2,4.2,Australia,New Zealand,SR Watson,CL White,KD Mills,4,0,,,,,,,,,
415287,2009/10,2009-10-05,SuperSport Park,2,4.3,Australia,New Zealand,SR Watson,CL White,KD Mills,0,0,,,,,,,,,
415287,2009/10,2009-10-05,SuperSport Park,2,4.4,Australia,New Zealand,SR Watson,CL White,KD Mills,0,0,,,,,,,,,
415287,2009/10,2009-10-05,SuperSport Park,2,4.5,Australia,New Zealand,SR Watson,CL White,KD Mills,0,0,,,,,,,,,
415287,2009/10,2009-10-05,SuperSport Park,2,4.6,Australia,New Zealand,SR Watson,CL White,KD Mills,0,0,,,,,,,,,
415287,2009/10,2009-10-05,SuperSport Park,2,5.1,Australia,New Zealand,CL White,SR Watson,SE Bond,0,0,,,,,,,,,
415287,2009/10,2009-10-05,SuperSport Park,2,5.2,Australia,New Zealand,CL White,SR Watson,SE Bond,0,0,,,,,,,,,
415287,2009/10,2009-10-05,SuperSport Park,2,5.3,Australia,New Zealand,CL White,SR Watson,SE Bond,2,0,,,,,,,,,
415287,2009/10,2009-10-05,SuperSport Park,2,5.4,Australia,New Zealand,CL White,SR Watson,SE Bond,0,0,,,,,,,,,
415287,2009/10,2009-10-05,SuperSport Park,2,5.5,Australia,New Zealand,CL White,SR Watson,SE Bond,0,0,,,,,,,,,
415287,2009/10,2009-10-05,SuperSport Park,2,5.6,Australia,New Zealand,CL White,SR Watson,SE Bond,4,0,,,,,,,,,
415287,2009/10,2009-10-05,SuperSport Park,2,6.1,Australia,New Zealand,SR Watson,CL White,KD Mills,0,0,,,,,,,,,
415287,2009/10,2009-10-05,SuperSport Park,2,6.2,Australia,New Zealand,SR Watson,CL White,KD Mills,0,0,,,,,,,,,
415287,2009/10,2009-10-05,SuperSport Park,2,6.3,Australia,New Zealand,SR Watson,CL White,KD Mills,0,0,,,,,,,,,
415287,2009/10,2009-10-05,SuperSport Park,2,6.4,Australia,New Zealand,SR Watson,CL White,KD Mills,0,0,,,,,,,,,
415287,2009/10,2009-10-05,SuperSport Park,2,6.5,Australia,New Zealand,SR Watson,CL White,KD Mills,0,0,,,,,,,,,
415287,2009/10,2009-10-05,SuperSport Park,2,6.6,Australia,New Zealand,SR Watson,CL White,KD Mills,0,0,,,,,,,,,
415287,2009/10,2009-10-05,SuperSport Park,2,7.1,Australia,New Zealand,CL White,SR Watson,SE Bond,0,0,,,,,,,,,
415287,2009/10,2009-10-05,SuperSport Park,2,7.2,Australia,New Zealand,CL White,SR Watson,SE Bond,0,0,,,,,,,,,
415287,2009/10,2009-10-05,SuperSport Park,2,7.3,Australia,New Zealand,CL White,SR Watson,SE Bond,0,0,,,,,,,,,
415287,2009/10,2009-10-05,SuperSport Park,2,7.4,Australia,New Zealand,CL White,SR Watson,SE Bond,0,0,,,,,,,,,
415287,2009/10,2009-10-05,SuperSport Park,2,7.5,Australia,New Zealand,CL White,SR Watson,SE Bond,0,0,,,,,,,,,
415287,2009/10,2009-10-05,SuperSport Park,2,7.6,Australia,New Zealand,CL White,SR Watson,SE Bond,0,0,,,,,,,,,
415287,2009/10,2009-10-05,SuperSport Park,2,8.1,Australia,New Zealand,SR Watson,CL White,KD Mills,0,0,,,,,,,,,
415287,2009/10,2009-10-05,SuperSport Park,2,8.2,Australia,New Zealand,SR Watson,CL White,KD Mills,1,0,,,,,,,,,
415287,2009/10,2009-10-05,SuperSport Park,2,8.3,Australia,New Zealand,CL White,SR Watson,KD Mills,0,0,,,,,,,,,
415287,2009/10,2009-10-05,SuperSport Park,2,8.4,Australia,New Zealand,CL White,SR Watson,KD Mills,0,0,,,,,,,,,
415287,2009/10,2009-10-05,SuperSport Park,2,8.5,Australia,New Zealand,CL White,SR Watson,KD Mills,0,0,,,,,,,,,
415287,2009/10,2009-10-05,SuperSport Park,2,8.6,Australia,New Zealand,CL White,SR Watson,KD Mills,0,0,,,,,,,,,
415287,2009/10,2009-10-05,SuperSport Park,2,9.1,Australia,New Zealand,SR Watson,CL White,SE Bond,0,0,,,,,,,,,
415287,2009/10,2009-10-05,SuperSport Park,2,9.2,Australia,New Zealand,SR Watson,CL White,SE Bond,0,0,,,,,,,,,
415287,2009/10,2009-10-05,SuperSport Park,2,9.3,Australia,New Zealand,SR Watson,CL White,SE Bond,0,0,,,,,,,,,
415287,2009/10,2009-10-05,SuperSport Park,2,9.4,Australia,New Zealand,SR Watson,CL White,SE Bond,0,0,,,,,,,,,
415287,2009/10,2009-10-05,SuperSport Park,2,9.5,Australia,New Zealand,SR Watson,CL White,SE Bond,0,0,,,,,,,,,
415287,2009/10,2009-10-05,SuperSport Park,2,9.6,Australia,New Zealand,SR Watson,CL White,SE Bond,0,0,,,,,,,,,
415287,2009/10,2009-10-05,SuperSport Park,2,10.1,Australia,New Zealand,CL White,SR Watson,KD Mills,0,0,,,,,,,,,
415287,2009/10,2009-10-05,SuperSport Park,2,10.2,Australia,New Zealand,CL White,SR Watson,KD Mills,0,0,,,,,,,,,
415287,2009/10,2009-10-05,SuperSport Park,2,10.3,Australia,New Zealand,CL White,SR Watson,KD Mills,0,0,,,,,,,,,
415287,2009/10,2009-10-05,SuperSport Park,2,10.4,Australia,New Zealand,CL White,SR Watson,KD Mills,0,0,,,,,,,,,
415287,2009/10,2009-10-05,SuperSport Park,2,10.5,Australia,New Zealand,CL White,SR Watson,KD Mills,0,0,,,,,,,,,
415287,2009/10,2009-10-05,SuperSport Park,2,10.6,Australia,New Zealand,CL White,SR Watson,KD Mills,1,0,,,,,,,,,
415287,2009/10,2009-10-05,SuperSport Park,2,11.1,Australia,New Zealand,CL White,SR Watson,IG Butler,0,0,,,,,,,,,
415287,2009/10,2009-10-05,SuperSport Park,2,11.2,Australia,New Zealand,CL White,SR Watson,IG Butler,0,0,,,,,,,,,
415287,2009/10,2009-10-05,SuperSport Park,2,11.3,Australia,New Zealand,CL White,SR Watson,IG Butler,0,0,,,,,,,,,
415287,2009/10,2009-10-05,SuperSport Park,2,11.4,Australia,New Zealand,CL White,SR Watson,IG Butler,0,0,,,,,,,,,
415287,2009/10,2009-10-05,SuperSport Park,2,11.5,Australia,New Zealand,CL White,SR Watson,IG Butler,4,0,,,,,,,,,
415287,2009/10,2009-10-05,SuperSport Park,2,11.6,Australia,New Zealand,CL White,SR Watson,IG Butler,0,0,,,,,,,,,
415287,2009/10,2009-10-05,SuperSport Park,2,12.1,Australia,New Zealand,SR Watson,CL White,KD Mills,1,0,,,,,,,,,
415287,2009/10,2009-10-05,SuperSport Park,2,12.2,Australia,New Zealand,CL White,SR Watson,KD Mills,0,0,,,,,,,,,
415287,2009/10,2009-10-05,SuperSport Park,2,12.3,Australia,New Zealand,CL White,SR Watson,KD Mills,0,0,,,,,,,,,
415287,2009/10,2009-10-05,SuperSport Park,2,12.4,Australia,New Zealand,CL White,SR Watson,KD Mills,0,0,,,,,,,,,
415287,2009/10,2009-10-05,SuperSport Park,2,12.5,Australia,New Zealand,CL White,SR Watson,KD Mills,0,0,,,,,,,,,
415287,2009/10,2009-10-05,SuperSport Park,2,12.6,Australia,New Zealand,CL White,SR Watson,KD Mills,0,0,,,,,,,,,
415287,2009/10,2009-10-05,SuperSport Park,2,13.1,Australia,New Zealand,SR Watson,CL White,IG Butler,0,0,,,,,,,,,
415287,2009/10,2009-10-05,SuperSport Park,2,13.2,Australia,New Zealand,SR Watson,CL White,IG Butler,0,0,,,,,,,,,
415287,2009/10,2009-10-05,SuperSport Park,2,13.3,Australia,New Zealand,SR Watson,CL White,IG Butler,0,0,,,,,,,,,
415287,2009/10,2009-10-05,SuperSport Park,2,13.4,Australia,New Zealand,SR Watson,CL White,IG Butler,1,0,,,,,,,,,
415287,2009/10,2009-10-05,SuperSport Park,2,13.5,Australia,New Zealand,CL White,SR Watson,IG Butler,0,0,,,,,,,,,
415287,2009/10,2009-10-05,SuperSport Park,2,13.6,Australia,New Zealand,CL White,SR Watson,IG Butler,1,0,,,,,,,,,
415287,2009/10,2009-10-05,SuperSport Park,2,14.1,Australia,New Zealand,CL White,SR Watson,JEC Franklin,1,0,,,,,,,,,
415287,2009/10,2009-10-05,SuperSport Park,2,14.2,Australia,New Zealand,SR Watson,CL White,JEC Franklin,4,0,,,,,,,,,
415287,2009/10,2009-10-05,SuperSport Park,2,14.3,Australia,New Zealand,SR Watson,CL White,JEC Franklin,0,0,,,,,,,,,
415287,2009/10,2009-10-05,SuperSport Park,2,14.4,Australia,New Zealand,SR Watson,CL White,JEC Franklin,0,0,,,,,,,,,
415287,2009/10,2009-10-05,SuperSport Park,2,14.5,Australia,New Zealand,SR Watson,CL White,JEC Franklin,1,0,,,,,,,,,
415287,2009/10,2009-10-05,SuperSport Park,2,14.6,Australia,New Zealand,CL White,SR Watson,JEC Franklin,2,0,,,,,,,,,
415287,2009/10,2009-10-05,SuperSport Park,2,15.1,Australia,New Zealand,SR Watson,CL White,IG Butler,0,0,,,,,,,,,
415287,2009/10,2009-10-05,SuperSport Park,2,15.2,Australia,New Zealand,SR Watson,CL White,IG Butler,0,0,,,,,,,,,
415287,2009/10,2009-10-05,SuperSport Park,2,15.3,Australia,New Zealand,SR Watson,CL White,IG Butler,0,0,,,,,,,,,
415287,2009/10,2009-10-05,SuperSport Park,2,15.4,Australia,New Zealand,SR Watson,CL White,IG Butler,2,0,,,,,,,,,
415287,2009/10,2009-10-05,SuperSport Park,2,15.5,Australia,New Zealand,SR Watson,CL White,IG Butler,1,0,,,,,,,,,
415287,2009/10,2009-10-05,SuperSport Park,2,15.6,Australia,New Zealand,CL White,SR Watson,IG Butler,0,0,,,,,,,,,
415287,2009/10,2009-10-05,SuperSport Park,2,16.1,Australia,New Zealand,SR Watson,CL White,JEC Franklin,0,0,,,,,,,,,
415287,2009/10,2009-10-05,SuperSport Park,2,16.2,Australia,New Zealand,SR Watson,CL White,JEC Franklin,0,0,,,,,,,,,
415287,2009/10,2009-10-05,SuperSport Park,2,16.3,Australia,New Zealand,SR Watson,CL White,JEC Franklin,4,0,,,,,,,,,
415287,2009/10,2009-10-05,SuperSport Park,2,16.4,Australia,New Zealand,SR Watson,CL White,JEC Franklin,0,0,,,,,,,,,
415287,2009/10,2009-10-05,SuperSport Park,2,16.5,Australia,New Zealand,SR Watson,CL White,JEC Franklin,0,0,,,,,,,,,
415287,2009/10,2009-10-05,SuperSport Park,2,16.6,Australia,New Zealand,SR Watson,CL White,JEC Franklin,0,0,,,,,,,,,
415287,2009/10,2009-10-05,SuperSport Park,2,17.1,Australia,New Zealand,CL White,SR Watson,IG Butler,0,0,,,,,,,,,
415287,2009/10,2009-10-05,SuperSport Park,2,17.2,Australia,New Zealand,CL White,SR Watson,IG Butler,0,0,,,,,,,,,
415287,2009/10,2009-10-05,SuperSport Park,2,17.3,Australia,New Zealand,CL White,SR Watson,IG Butler,1,0,,,,,,,,,
415287,2009/10,2009-10-05,SuperSport Park,2,17.4,Australia,New Zealand,SR Watson,CL White,IG Butler,0,0,,,,,,,,,
415287,2009/10,2009-10-05,SuperSport Park,2,17.5,Australia,New Zealand,SR Watson,CL White,IG Butler,4,0,,,,,,,,,
415287,2009/10,2009-10-05,SuperSport Park,2,17.6,Australia,New Zealand,SR Watson,CL White,IG Butler,1,0,,,,,,,,,
415287,2009/10,2009-10-05,SuperSport Park,2,18.1,Australia,New Zealand,SR Watson,CL White,JS Patel,0,0,,,,,,,,,
415287,2009/10,2009-10-05,SuperSport Park,2,18.2,Australia,New Zealand,SR Watson,CL White,JS Patel,4,0,,,,,,,,,
415287,2009/10,2009-10-05,SuperSport Park,2,18.3,Australia,New Zealand,SR Watson,CL White,JS Patel,0,0,,,,,,,,,
415287,2009/10,2009-10-05,SuperSport Park,2,18.4,Australia,New Zealand,SR Watson,CL White,JS Patel,0,0,,,,,,,,,
415287,2009/10,2009-10-05,SuperSport Park,2,18.5,Australia,New Zealand,SR Watson,CL White,JS Patel,2,0,,,,,,,,,
415287,2009/10,2009-10-05,SuperSport Park,2,18.6,Australia,New Zealand,SR Watson,CL White,JS Patel,0,0,,,,,,,,,
415287,2009/10,2009-10-05,SuperSport Park,2,19.1,Australia,New Zealand,CL White,SR Watson,IG Butler,2,0,,,,,,,,,
415287,2009/10,2009-10-05,SuperSport Park,2,19.2,Australia,New Zealand,CL White,SR Watson,IG Butler,0,0,,,,,,,,,
415287,2009/10,2009-10-05,SuperSport Park,2,19.3,Australia,New Zealand,CL White,SR Watson,IG Butler,1,0,,,,,,,,,
415287,2009/10,2009-10-05,SuperSport Park,2,19.4,Australia,New Zealand,SR Watson,CL White,IG Butler,0,0,,,,,,,,,
415287,2009/10,2009-10-05,SuperSport Park,2,19.5,Australia,New Zealand,SR Watson,CL White,IG Butler,0,0,,,,,,,,,
415287,2009/10,2009-10-05,SuperSport Park,2,19.6,Australia,New Zealand,SR Watson,CL White,IG Butler,0,0,,,,,,,,,
415287,2009/10,2009-10-05,SuperSport Park,2,20.1,Australia,New Zealand,CL White,SR Watson,JS Patel,0,0,,,,,,,,,
415287,2009/10,2009-10-05,SuperSport Park,2,20.2,Australia,New Zealand,CL White,SR Watson,JS Patel,0,0,,,,,,,,,
415287,2009/10,2009-10-05,SuperSport Park,2,20.3,Australia,New Zealand,CL White,SR Watson,JS Patel,0,0,,,,,,,,,
415287,2009/10,2009-10-05,SuperSport Park,2,20.4,Australia,New Zealand,CL White,SR Watson,JS Patel,1,0,,,,,,,,,
415287,2009/10,2009-10-05,SuperSport Park,2,20.5,Australia,New Zealand,SR Watson,CL White,JS Patel,1,0,,,,,,,,,
415287,2009/10,2009-10-05,SuperSport Park,2,20.6,Australia,New Zealand,CL White,SR Watson,JS Patel,1,0,,,,,,,,,
415287,2009/10,2009-10-05,SuperSport Park,2,21.1,Australia,New Zealand,CL White,SR Watson,IG Butler,1,0,,,,,,,,,
415287,2009/10,2009-10-05,SuperSport Park,2,21.2,Australia,New Zealand,SR Watson,CL White,IG Butler,0,0,,,,,,,,,
415287,2009/10,2009-10-05,SuperSport Park,2,21.3,Australia,New Zealand,SR Watson,CL White,IG Butler,6,0,,,,,,,,,
415287,2009/10,2009-10-05,SuperSport Park,2,21.4,Australia,New Zealand,SR Watson,CL White,IG Butler,0,0,,,,,,,,,
415287,2009/10,2009-10-05,SuperSport Park,2,21.5,Australia,New Zealand,SR Watson,CL White,IG Butler,1,0,,,,,,,,,
415287,2009/10,2009-10-05,SuperSport Park,2,21.6,Australia,New Zealand,CL White,SR Watson,IG Butler,0,0,,,,,,,,,
415287,2009/10,2009-10-05,SuperSport Park,2,22.1,Australia,New Zealand,SR Watson,CL White,JS Patel,0,0,,,,,,,,,
415287,2009/10,2009-10-05,SuperSport Park,2,22.2,Australia,New Zealand,SR Watson,CL White,JS Patel,2,0,,,,,,,,,
415287,2009/10,2009-10-05,SuperSport Park,2,22.3,Australia,New Zealand,SR Watson,CL White,JS Patel,0,0,,,,,,,,,
415287,2009/10,2009-10-05,SuperSport Park,2,22.4,Australia,New Zealand,SR Watson,CL White,JS Patel,6,0,,,,,,,,,
415287,2009/10,2009-10-05,SuperSport Park,2,22.5,Australia,New Zealand,SR Watson,CL White,JS Patel,0,0,,,,,,,,,
415287,2009/10,2009-10-05,SuperSport Park,2,22.6,Australia,New Zealand,SR Watson,CL White,JS Patel,0,0,,,,,,,,,
415287,2009/10,2009-10-05,SuperSport Park,2,23.1,Australia,New Zealand,CL White,SR Watson,SE Bond,0,0,,,,,,,,,
415287,2009/10,2009-10-05,SuperSport Park,2,23.2,Australia,New Zealand,CL White,SR Watson,SE Bond,0,0,,,,,,,,,
415287,2009/10,2009-10-05,SuperSport Park,2,23.3,Australia,New Zealand,CL White,SR Watson,SE Bond,4,0,,,,,,,,,
415287,2009/10,2009-10-05,SuperSport Park,2,23.4,Australia,New Zealand,CL White,SR Watson,SE Bond,0,0,,,,,,,,,
415287,2009/10,2009-10-05,SuperSport Park,2,23.5,Australia,New Zealand,CL White,SR Watson,SE Bond,0,0,,,,,,,,,
415287,2009/10,2009-10-05,SuperSport Park,2,23.6,Australia,New Zealand,CL White,SR Watson,SE Bond,1,0,,,,,,,,,
415287,2009/10,2009-10-05,SuperSport Park,2,24.1,Australia,New Zealand,CL White,SR Watson,GD Elliott,0,0,,,,,,,,,
415287,2009/10,2009-10-05,SuperSport Park,2,24.2,Australia,New Zealand,CL White,SR Watson,GD Elliott,1,0,,,,,,,,,
415287,2009/10,2009-10-05,SuperSport Park,2,24.3,Australia,New Zealand,SR Watson,CL White,GD Elliott,1,0,,,,,,,,,
415287,2009/10,2009-10-05,SuperSport Park,2,24.4,Australia,New Zealand,CL White,SR Watson,GD Elliott,4,0,,,,,,,,,
415287,2009/10,2009-10-05,SuperSport Park,2,24.5,Australia,New Zealand,CL White,SR Watson,GD Elliott,0,0,,,,,,,,,
415287,2009/10,2009-10-05,SuperSport Park,2,24.6,Australia,New Zealand,CL White,SR Watson,GD Elliott,0,0,,,,,,,,,
415287,2009/10,2009-10-05,SuperSport Park,2,25.1,Australia,New Zealand,SR Watson,CL White,SE Bond,0,0,,,,,,,,,
415287,2009/10,2009-10-05,SuperSport Park,2,25.2,Australia,New Zealand,SR Watson,CL White,SE Bond,1,0,,,,,,,,,
415287,2009/10,2009-10-05,SuperSport Park,2,25.3,Australia,New Zealand,CL White,SR Watson,SE Bond,0,0,,,,,,,,,
415287,2009/10,2009-10-05,SuperSport Park,2,25.4,Australia,New Zealand,CL White,SR Watson,SE Bond,0,0,,,,,,,,,
415287,2009/10,2009-10-05,SuperSport Park,2,25.5,Australia,New Zealand,CL White,SR Watson,SE Bond,0,0,,,,,,,,,
415287,2009/10,2009-10-05,SuperSport Park,2,25.6,Australia,New Zealand,CL White,SR Watson,SE Bond,1,0,,,,,,,,,
415287,2009/10,2009-10-05,SuperSport Park,2,26.1,Australia,New Zealand,CL White,SR Watson,JEC Franklin,0,0,,,,,,,,,
415287,2009/10,2009-10-05,SuperSport Park,2,26.2,Australia,New Zealand,CL White,SR Watson,JEC Franklin,0,0,,,,,,,,,
415287,2009/10,2009-10-05,SuperSport Park,2,26.3,Australia,New Zealand,CL White,SR Watson,JEC Franklin,0,0,,,,,,,,,
415287,2009/10,2009-10-05,SuperSport Park,2,26.4,Australia,New Zealand,CL White,SR Watson,JEC Franklin,1,0,,,,,,,,,
415287,2009/10,2009-10-05,SuperSport Park,2,26.5,Australia,New Zealand,SR Watson,CL White,JEC Franklin,0,0,,,,,,,,,
415287,2009/10,2009-10-05,SuperSport Park,2,26.6,Australia,New Zealand,SR Watson,CL White,JEC Franklin,0,0,,,,,,,,,
415287,2009/10,2009-10-05,SuperSport Park,2,27.1,Australia,New Zealand,CL White,SR Watson,SE Bond,0,0,,,,,,,,,
415287,2009/10,2009-10-05,SuperSport Park,2,27.2,Australia,New Zealand,CL White,SR Watson,SE Bond,4,0,,,,,,,,,
415287,2009/10,2009-10-05,SuperSport Park,2,27.3,Australia,New Zealand,CL White,SR Watson,SE Bond,4,0,,,,,,,,,
415287,2009/10,2009-10-05,SuperSport Park,2,27.4,Australia,New Zealand,CL White,SR Watson,SE Bond,0,0,,,,,,,,,
415287,2009/10,2009-10-05,SuperSport Park,2,27.5,Australia,New Zealand,CL White,SR Watson,SE Bond,0,0,,,,,,,,,
415287,2009/10,2009-10-05,SuperSport Park,2,27.6,Australia,New Zealand,CL White,SR Watson,SE Bond,0,0,,,,,,,,,
415287,2009/10,2009-10-05,SuperSport Park,2,28.1,Australia,New Zealand,SR Watson,CL White,JEC Franklin,0,1,,,,1,,,,,
415287,2009/10,2009-10-05,SuperSport Park,2,28.2,Australia,New Zealand,CL White,SR Watson,JEC Franklin,1,0,,,,,,,,,
415287,2009/10,2009-10-05,SuperSport Park,2,28.3,Australia,New Zealand,SR Watson,CL White,JEC Franklin,1,0,,,,,,,,,
415287,2009/10,2009-10-05,SuperSport Park,2,28.4,Australia,New Zealand,CL White,SR Watson,JEC Franklin,0,0,,,,,,,,,
415287,2009/10,2009-10-05,SuperSport Park,2,28.5,Australia,New Zealand,CL White,SR Watson,JEC Franklin,1,0,,,,,,,,,
415287,2009/10,2009-10-05,SuperSport Park,2,28.6,Australia,New Zealand,SR Watson,CL White,JEC Franklin,4,0,,,,,,,,,
415287,2009/10,2009-10-05,SuperSport Park,2,29.1,Australia,New Zealand,CL White,SR Watson,IG Butler,0,0,,,,,,,,,
415287,2009/10,2009-10-05,SuperSport Park,2,29.2,Australia,New Zealand,CL White,SR Watson,IG Butler,6,0,,,,,,,,,
415287,2009/10,2009-10-05,SuperSport Park,2,29.3,Australia,New Zealand,CL White,SR Watson,IG Butler,0,0,,,,,,,,,
415287,2009/10,2009-10-05,SuperSport Park,2,29.4,Australia,New Zealand,CL White,SR Watson,IG Butler,1,0,,,,,,,,,
415287,2009/10,2009-10-05,SuperSport Park,2,29.5,Australia,New Zealand,SR Watson,CL White,IG Butler,0,0,,,,,,,,,
415287,2009/10,2009-10-05,SuperSport Park,2,29.6,Australia,New Zealand,SR Watson,CL White,IG Butler,0,0,,,,,,,,,
415287,2009/10,2009-10-05,SuperSport Park,2,30.1,Australia,New Zealand,CL White,SR Watson,JEC Franklin,0,0,,,,,,,,,
415287,2009/10,2009-10-05,SuperSport Park,2,30.2,Australia,New Zealand,CL White,SR Watson,JEC Franklin,1,0,,,,,,,,,
415287,2009/10,2009-10-05,SuperSport Park,2,30.3,Australia,New Zealand,SR Watson,CL White,JEC Franklin,1,0,,,,,,,,,
415287,2009/10,2009-10-05,SuperSport Park,2,30.4,Australia,New Zealand,CL White,SR Watson,JEC Franklin,1,0,,,,,,,,,
415287,2009/10,2009-10-05,SuperSport Park,2,30.5,Australia,New Zealand,SR Watson,CL White,JEC Franklin,0,0,,,,,,,,,
415287,2009/10,2009-10-05,SuperSport Park,2,30.6,Australia,New Zealand,SR Watson,CL White,JEC Franklin,0,0,,,,,,,,,
415287,2009/10,2009-10-05,SuperSport Park,2,31.1,Australia,New Zealand,CL White,SR Watson,JS Patel,4,0,,,,,,,,,
415287,2009/10,2009-10-05,SuperSport Park,2,31.2,Australia,New Zealand,CL White,SR Watson,JS Patel,1,0,,,,,,,,,
415287,2009/10,2009-10-05,SuperSport Park,2,31.3,Australia,New Zealand,SR Watson,CL White,JS Patel,0,0,,,,,,,,,
415287,2009/10,2009-10-05,SuperSport Park,2,31.4,Australia,New Zealand,SR Watson,CL White,JS Patel,0,0,,,,,,,,,
415287,2009/10,2009-10-05,SuperSport Park,2,31.5,Australia,New Zealand,SR Watson,CL White,JS Patel,2,0,,,,,,,,,
415287,2009/10,2009-10-05,SuperSport Park,2,31.6,Australia,New Zealand,SR Watson,CL White,JS Patel,1,0,,,,,,,,,
415287,2009/10,2009-10-05,SuperSport Park,2,32.1,Australia,New Zealand,SR Watson,CL White,JEC Franklin,1,0,,,,,,,,,
415287,2009/10,2009-10-05,SuperSport Park,2,32.2,Australia,New Zealand,CL White,SR Watson,JEC Franklin,1,0,,,,,,,,,
415287,2009/10,2009-10-05,SuperSport Park,2,32.3,Australia,New Zealand,SR Watson,CL White,JEC Franklin,0,0,,,,,,,,,
415287,2009/10,2009-10-05,SuperSport Park,2,32.4,Australia,New Zealand,SR Watson,CL White,JEC Franklin,0,0,,,,,,,,,
415287,2009/10,2009-10-05,SuperSport Park,2,32.5,Australia,New Zealand,SR Watson,CL White,JEC Franklin,1,0,,,,,,,,,
415287,2009/10,2009-10-05,SuperSport Park,2,32.6,Australia,New Zealand,CL White,SR Watson,JEC Franklin,1,0,,,,,,,,,
415287,2009/10,2009-10-05,SuperSport Park,2,33.1,Australia,New Zealand,CL White,SR Watson,JS Patel,0,0,,,,,,,,,
415287,2009/10,2009-10-05,SuperSport Park,2,33.2,Australia,New Zealand,CL White,SR Watson,JS Patel,0,0,,,,,,,,,
415287,2009/10,2009-10-05,SuperSport Park,2,33.3,Australia,New Zealand,CL White,SR Watson,JS Patel,0,0,,,,,,,,,
415287,2009/10,2009-10-05,SuperSport Park,2,33.4,Australia,New Zealand,CL White,SR Watson,JS Patel,1,0,,,,,,,,,
415287,2009/10,2009-10-05,SuperSport Park,2,33.5,Australia,New Zealand,SR Watson,CL White,JS Patel,0,0,,,,,,,,,
415287,2009/10,2009-10-05,SuperSport Park,2,33.6,Australia,New Zealand,SR Watson,CL White,JS Patel,0,0,,,,,,,,,
415287,2009/10,2009-10-05,SuperSport Park,2,34.1,Australia,New Zealand,CL White,SR Watson,KD Mills,1,0,,,,,,,,,
415287,2009/10,2009-10-05,SuperSport Park,2,34.2,Australia,New Zealand,SR Watson,CL White,KD Mills,0,0,,,,,,,,,
415287,2009/10,2009-10-05,SuperSport Park,2,34.3,Australia,New Zealand,SR Watson,CL White,KD Mills,4,0,,,,,,,,,
415287,2009/10,2009-10-05,SuperSport Park,2,34.4,Australia,New Zealand,SR Watson,CL White,KD Mills,1,0,,,,,,,,,
415287,2009/10,2009-10-05,SuperSport Park,2,34.5,Australia,New Zealand,CL White,SR Watson,KD Mills,0,0,,,,,,bowled,CL White,,
415287,2009/10,2009-10-05,SuperSport Park,2,34.6,Australia,New Zealand,MEK Hussey,SR Watson,KD Mills,0,0,,,,,,,,,
415287,2009/10,2009-10-05,SuperSport Park,2,35.1,Australia,New Zealand,SR Watson,MEK Hussey,SE Bond,0,0,,,,,,,,,
415287,2009/10,2009-10-05,SuperSport Park,2,35.2,Australia,New Zealand,SR Watson,MEK Hussey,SE Bond,2,0,,,,,,,,,
415287,2009/10,2009-10-05,SuperSport Park,2,35.3,Australia,New Zealand,SR Watson,MEK Hussey,SE Bond,1,0,,,,,,,,,
415287,2009/10,2009-10-05,SuperSport Park,2,35.4,Australia,New Zealand,MEK Hussey,SR Watson,SE Bond,0,0,,,,,,,,,
415287,2009/10,2009-10-05,SuperSport Park,2,35.5,Australia,New Zealand,MEK Hussey,SR Watson,SE Bond,0,0,,,,,,,,,
415287,2009/10,2009-10-05,SuperSport Park,2,35.6,Australia,New Zealand,MEK Hussey,SR Watson,SE Bond,4,0,,,,,,,,,
415287,2009/10,2009-10-05,SuperSport Park,2,36.1,Australia,New Zealand,SR Watson,MEK Hussey,KD Mills,0,0,,,,,,,,,
415287,2009/10,2009-10-05,SuperSport Park,2,36.2,Australia,New Zealand,SR Watson,MEK Hussey,KD Mills,1,0,,,,,,,,,
415287,2009/10,2009-10-05,SuperSport Park,2,36.3,Australia,New Zealand,MEK Hussey,SR Watson,KD Mills,3,0,,,,,,,,,
415287,2009/10,2009-10-05,SuperSport Park,2,36.4,Australia,New Zealand,SR Watson,MEK Hussey,KD Mills,4,0,,,,,,,,,
415287,2009/10,2009-10-05,SuperSport Park,2,36.5,Australia,New Zealand,SR Watson,MEK Hussey,KD Mills,0,0,,,,,,,,,
415287,2009/10,2009-10-05,SuperSport Park,2,36.6,Australia,New Zealand,SR Watson,MEK Hussey,KD Mills,2,0,,,,,,,,,
415287,2009/10,2009-10-05,SuperSport Park,2,37.1,Australia,New Zealand,MEK Hussey,SR Watson,SE Bond,2,0,,,,,,,,,
415287,2009/10,2009-10-05,SuperSport Park,2,37.2,Australia,New Zealand,MEK Hussey,SR Watson,SE Bond,1,0,,,,,,,,,
415287,2009/10,2009-10-05,SuperSport Park,2,37.3,Australia,New Zealand,SR Watson,MEK Hussey,SE Bond,0,0,,,,,,,,,
415287,2009/10,2009-10-05,SuperSport Park,2,37.4,Australia,New Zealand,SR Watson,MEK Hussey,SE Bond,0,0,,,,,,,,,
415287,2009/10,2009-10-05,SuperSport Park,2,37.5,Australia,New Zealand,SR Watson,MEK Hussey,SE Bond,0,0,,,,,,,,,
415287,2009/10,2009-10-05,SuperSport Park,2,37.6,Australia,New Zealand,SR Watson,MEK Hussey,SE Bond,0,0,,,,,,,,,
415287,2009/10,2009-10-05,SuperSport Park,2,38.1,Australia,New Zealand,MEK Hussey,SR Watson,KD Mills,1,0,,,,,,,,,
415287,2009/10,2009-10-05,SuperSport Park,2,38.2,Australia,New Zealand,SR Watson,MEK Hussey,KD Mills,1,0,,,,,,,,,
415287,2009/10,2009-10-05,SuperSport Park,2,38.3,Australia,New Zealand,MEK Hussey,SR Watson,KD Mills,0,0,,,,,,caught,MEK Hussey,,
415287,2009/10,2009-10-05,SuperSport Park,2,38.4,Australia,New Zealand,JR Hopes,SR Watson,KD Mills,0,0,,,,,,,,,
415287,2009/10,2009-10-05,SuperSport Park,2,38.5,Australia,New Zealand,JR Hopes,SR Watson,KD Mills,0,0,,,,,,,,,
415287,2009/10,2009-10-05,SuperSport Park,2,38.6,Australia,New Zealand,JR Hopes,SR Watson,KD Mills,0,0,,,,,,,,,
415287,2009/10,2009-10-05,SuperSport Park,2,39.1,Australia,New Zealand,SR Watson,JR Hopes,IG Butler,0,0,,,,,,,,,
415287,2009/10,2009-10-05,SuperSport Park,2,39.2,Australia,New Zealand,SR Watson,JR Hopes,IG Butler,4,0,,,,,,,,,
415287,2009/10,2009-10-05,SuperSport Park,2,39.3,Australia,New Zealand,SR Watson,JR Hopes,IG Butler,1,0,,,,,,,,,
415287,2009/10,2009-10-05,SuperSport Park,2,39.4,Australia,New Zealand,JR Hopes,SR Watson,IG Butler,0,0,,,,,,,,,
415287,2009/10,2009-10-05,SuperSport Park,2,39.5,Australia,New Zealand,JR Hopes,SR Watson,IG Butler,4,0,,,,,,,,,
415287,2009/10,2009-10-05,SuperSport Park,2,39.6,Australia,New Zealand,JR Hopes,SR Watson,IG Butler,0,0,,,,,,,,,
415287,2009/10,2009-10-05,SuperSport Park,2,40.1,Australia,New Zealand,SR Watson,JR Hopes,JEC Franklin,0,0,,,,,,,,,
415287,2009/10,2009-10-05,SuperSport Park,2,40.2,Australia,New Zealand,SR Watson,JR Hopes,JEC Franklin,1,0,,,,,,,,,
415287,2009/10,2009-10-05,SuperSport Park,2,40.3,Australia,New Zealand,JR Hopes,SR Watson,JEC Franklin,0,0,,,,,,,,,
415287,2009/10,2009-10-05,SuperSport Park,2,40.4,Australia,New Zealand,JR Hopes,SR Watson,JEC Franklin,0,0,,,,,,,,,
415287,2009/10,2009-10-05,SuperSport Park,2,40.5,Australia,New Zealand,JR Hopes,SR Watson,JEC Franklin,1,0,,,,,,,,,
415287,2009/10,2009-10-05,SuperSport Park,2,40.6,Australia,New Zealand,SR Watson,JR Hopes,JEC Franklin,0,0,,,,,,,,,
415287,2009/10,2009-10-05,SuperSport Park,2,41.1,Australia,New Zealand,JR Hopes,SR Watson,IG Butler,1,0,,,,,,,,,
415287,2009/10,2009-10-05,SuperSport Park,2,41.2,Australia,New Zealand,SR Watson,JR Hopes,IG Butler,1,0,,,,,,,,,
415287,2009/10,2009-10-05,SuperSport Park,2,41.3,Australia,New Zealand,JR Hopes,SR Watson,IG Butler,1,0,,,,,,,,,
415287,2009/10,2009-10-05,SuperSport Park,2,41.4,Australia,New Zealand,SR Watson,JR Hopes,IG Butler,1,0,,,,,,,,,
415287,2009/10,2009-10-05,SuperSport Park,2,41.5,Australia,New Zealand,JR Hopes,SR Watson,IG Butler,4,0,,,,,,,,,
415287,2009/10,2009-10-05,SuperSport Park,2,41.6,Australia,New Zealand,JR Hopes,SR Watson,IG Butler,0,0,,,,,,,,,
415287,2009/10,2009-10-05,SuperSport Park,2,42.1,Australia,New Zealand,SR Watson,JR Hopes,JEC Franklin,1,0,,,,,,,,,
415287,2009/10,2009-10-05,SuperSport Park,2,42.2,Australia,New Zealand,JR Hopes,SR Watson,JEC Franklin,4,0,,,,,,,,,
415287,2009/10,2009-10-05,SuperSport Park,2,42.3,Australia,New Zealand,JR Hopes,SR Watson,JEC Franklin,0,0,,,,,,,,,
415287,2009/10,2009-10-05,SuperSport Park,2,42.4,Australia,New Zealand,JR Hopes,SR Watson,JEC Franklin,1,0,,,,,,,,,
415287,2009/10,2009-10-05,SuperSport Park,2,42.5,Australia,New Zealand,SR Watson,JR Hopes,JEC Franklin,0,0,,,,,,,,,
415287,2009/10,2009-10-05,SuperSport Park,2,42.6,Australia,New Zealand,SR Watson,JR Hopes,JEC Franklin,0,0,,,,,,,,,
415287,2009/10,2009-10-05,SuperSport Park,2,43.1,Australia,New Zealand,JR Hopes,SR Watson,JS Patel,1,0,,,,,,,,,
415287,2009/10,2009-10-05,SuperSport Park,2,43.2,Australia,New Zealand,SR Watson,JR Hopes,JS Patel,0,0,,,,,,,,,
415287,2009/10,2009-10-05,SuperSport Park,2,43.3,Australia,New Zealand,SR Watson,JR Hopes,JS Patel,0,0,,,,,,,,,
415287,2009/10,2009-10-05,SuperSport Park,2,43.4,Australia,New Zealand,SR Watson,JR Hopes,JS Patel,4,0,,,,,,,,,
415287,2009/10,2009-10-05,SuperSport Park,2,43.5,Australia,New Zealand,SR Watson,JR Hopes,JS Patel,1,0,,,,,,,,,
415287,2009/10,2009-10-05,SuperSport Park,2,43.6,Australia,New Zealand,JR Hopes,SR Watson,JS Patel,0,0,,,,,,,,,
415287,2009/10,2009-10-05,SuperSport Park,2,44.1,Australia,New Zealand,SR Watson,JR Hopes,JEC Franklin,1,0,,,,,,,,,
415287,2009/10,2009-10-05,SuperSport Park,2,44.2,Australia,New Zealand,JR Hopes,SR Watson,JEC Franklin,4,0,,,,,,,,,
415287,2009/10,2009-10-05,SuperSport Park,2,44.3,Australia,New Zealand,JR Hopes,SR Watson,JEC Franklin,1,0,,,,,,,,,
415287,2009/10,2009-10-05,SuperSport Park,2,44.4,Australia,New Zealand,SR Watson,JR Hopes,JEC Franklin,1,0,,,,,,,,,
415287,2009/10,2009-10-05,SuperSport Park,2,44.5,Australia,New Zealand,JR Hopes,SR Watson,JEC Franklin,0,0,,,,,,,,,
415287,2009/10,2009-10-05,SuperSport Park,2,44.6,Australia,New Zealand,JR Hopes,SR Watson,JEC Franklin,0,0,,,,,,,,,
415287,2009/10,2009-10-05,SuperSport Park,2,45.1,Australia,New Zealand,SR Watson,JR Hopes,JS Patel,6,0,,,,,,,,,
415287,2009/10,2009-10-05,SuperSport Park,2,45.2,Australia,New Zealand,SR Watson,JR Hopes,JS Patel,6,0,,,,,,,,,
