match_id,season,start_date,venue,innings,ball,batting_team,bowling_team,striker,non_striker,bowler,runs_off_bat,extras,wides,noballs,byes,legbyes,penalty,wicket_type,player_dismissed,other_wicket_type,other_player_dismissed
415284,2009/10,2009-09-30,New Wanderers Stadium,1,0.1,West Indies,India,ADS Fletcher,KOA Powell,P Kumar,0,0,,,,,,,,,
415284,2009/10,2009-09-30,New Wanderers Stadium,1,0.2,West Indies,India,ADS Fletcher,KOA Powell,P Kumar,0,0,,,,,,,,,
415284,2009/10,2009-09-30,New Wanderers Stadium,1,0.3,West Indies,India,ADS Fletcher,KOA Powell,P Kumar,0,0,,,,,,,,,
415284,2009/10,2009-09-30,New Wanderers Stadium,1,0.4,West Indies,India,ADS Fletcher,KOA Powell,P Kumar,0,0,,,,,,,,,
415284,2009/10,2009-09-30,New Wanderers Stadium,1,0.5,West Indies,India,ADS Fletcher,KOA Powell,P Kumar,0,0,,,,,,,,,
415284,2009/10,2009-09-30,New Wanderers Stadium,1,0.6,West Indies,India,ADS Fletcher,KOA Powell,P Kumar,0,0,,,,,,caught,ADS Fletcher,,
415284,2009/10,2009-09-30,New Wanderers Stadium,1,1.1,West Indies,India,KOA Powell,DS Smith,A Nehra,0,0,,,,,,,,,
415284,2009/10,2009-09-30,New Wanderers Stadium,1,1.2,West Indies,India,KOA Powell,DS Smith,A Nehra,0,0,,,,,,,,,
415284,2009/10,2009-09-30,New Wanderers Stadium,1,1.3,West Indies,India,KOA Powell,DS Smith,A Nehra,0,0,,,,,,,,,
415284,2009/10,2009-09-30,New Wanderers Stadium,1,1.4,West Indies,India,KOA Powell,DS Smith,A Nehra,0,0,,,,,,,,,
415284,2009/10,2009-09-30,New Wanderers Stadium,1,1.5,West Indies,India,KOA Powell,DS Smith,A Nehra,0,0,,,,,,,,,
415284,2009/10,2009-09-30,New Wanderers Stadium,1,1.6,West Indies,India,KOA Powell,DS Smith,A Nehra,0,0,,,,,,,,,
415284,2009/10,2009-09-30,New Wanderers Stadium,1,2.1,West Indies,India,DS Smith,KOA Powell,P Kumar,0,0,,,,,,,,,
415284,2009/10,2009-09-30,New Wanderers Stadium,1,2.2,West Indies,India,DS Smith,KOA Powell,P Kumar,0,0,,,,,,,,,
415284,2009/10,2009-09-30,New Wanderers Stadium,1,2.3,West Indies,India,DS Smith,KOA Powell,P Kumar,0,0,,,,,,,,,
415284,2009/10,2009-09-30,New Wanderers Stadium,1,2.4,West Indies,India,DS Smith,KOA Powell,P Kumar,0,0,,,,,,,,,
415284,2009/10,2009-09-30,New Wanderers Stadium,1,2.5,West Indies,India,DS Smith,KOA Powell,P Kumar,0,0,,,,,,,,,
415284,2009/10,2009-09-30,New Wanderers Stadium,1,2.6,West Indies,India,DS Smith,KOA Powell,P Kumar,0,0,,,,,,,,,
415284,2009/10,2009-09-30,New Wanderers Stadium,1,3.1,West Indies,India,KOA Powell,DS Smith,A Nehra,4,0,,,,,,,,,
415284,2009/10,2009-09-30,New Wanderers Stadium,1,3.2,West Indies,India,KOA Powell,DS Smith,A Nehra,1,0,,,,,,,,,
415284,2009/10,2009-09-30,New Wanderers Stadium,1,3.3,West Indies,India,DS Smith,KOA Powell,A Nehra,0,0,,,,,,,,,
415284,2009/10,2009-09-30,New Wanderers Stadium,1,3.4,West Indies,India,DS Smith,KOA Powell,A Nehra,0,0,,,,,,,,,
415284,2009/10,2009-09-30,New Wanderers Stadium,1,3.5,West Indies,India,DS Smith,KOA Powell,A Nehra,1,0,,,,,,,,,
415284,2009/10,2009-09-30,New Wanderers Stadium,1,3.6,West Indies,India,KOA Powell,DS Smith,A Nehra,0,0,,,,,,,,,
415284,2009/10,2009-09-30,New Wanderers Stadium,1,4.1,West Indies,India,DS Smith,KOA Powell,P Kumar,0,0,,,,,,,,,
415284,2009/10,2009-09-30,New Wanderers Stadium,1,4.2,West Indies,India,DS Smith,KOA Powell,P Kumar,4,0,,,,,,,,,
415284,2009/10,2009-09-30,New Wanderers Stadium,1,4.3,West Indies,India,DS Smith,KOA Powell,P Kumar,3,0,,,,,,,,,
415284,2009/10,2009-09-30,New Wanderers Stadium,1,4.4,West Indies,India,KOA Powell,DS Smith,P Kumar,0,0,,,,,,,,,
415284,2009/10,2009-09-30,New Wanderers Stadium,1,4.5,West Indies,India,KOA Powell,DS Smith,P Kumar,0,0,,,,,,,,,
415284,2009/10,2009-09-30,New Wanderers Stadium,1,4.6,West Indies,India,KOA Powell,DS Smith,P Kumar,0,0,,,,,,,,,
415284,2009/10,2009-09-30,New Wanderers Stadium,1,5.1,West Indies,India,DS Smith,KOA Powell,A Nehra,0,0,,,,,,,,,
415284,2009/10,2009-09-30,New Wanderers Stadium,1,5.2,West Indies,India,DS Smith,KOA Powell,A Nehra,2,0,,,,,,,,,
415284,2009/10,2009-09-30,New Wanderers Stadium,1,5.3,West Indies,India,DS Smith,KOA Powell,A Nehra,0,0,,,,,,,,,
415284,2009/10,2009-09-30,New Wanderers Stadium,1,5.4,West Indies,India,DS Smith,KOA Powell,A Nehra,0,0,,,,,,,,,
415284,2009/10,2009-09-30,New Wanderers Stadium,1,5.5,West Indies,India,DS Smith,KOA Powell,A Nehra,4,0,,,,,,,,,
415284,2009/10,2009-09-30,New Wanderers Stadium,1,5.6,West Indies,India,DS Smith,KOA Powell,A Nehra,1,0,,,,,,,,,
415284,2009/10,2009-09-30,New Wanderers Stadium,1,6.1,West Indies,India,DS Smith,KOA Powell,P Kumar,0,0,,,,,,,,,
415284,2009/10,2009-09-30,New Wanderers Stadium,1,6.2,West Indies,India,DS Smith,KOA Powell,P Kumar,0,0,,,,,,,,,
415284,2009/10,2009-09-30,New Wanderers Stadium,1,6.3,West Indies,India,DS Smith,KOA Powell,P Kumar,0,0,,,,,,,,,
415284,2009/10,2009-09-30,New Wanderers Stadium,1,6.4,West Indies,India,DS Smith,KOA Powell,P Kumar,1,0,,,,,,,,,
415284,2009/10,2009-09-30,New Wanderers Stadium,1,6.5,West Indies,India,KOA Powell,DS Smith,P Kumar,0,0,,,,,,,,,
415284,2009/10,2009-09-30,New Wanderers Stadium,1,6.6,West Indies,India,KOA Powell,DS Smith,P Kumar,0,0,,,,,,,,,
415284,2009/10,2009-09-30,New Wanderers Stadium,1,7.1,West Indies,India,DS Smith,KOA Powell,A Nehra,0,0,,,,,,,,,
415284,2009/10,2009-09-30,New Wanderers Stadium,1,7.2,West Indies,India,DS Smith,KOA Powell,A Nehra,4,0,,,,,,,,,
415284,2009/10,2009-09-30,New Wanderers Stadium,1,7.3,West Indies,India,DS Smith,KOA Powell,A Nehra,1,0,,,,,,,,,
415284,2009/10,2009-09-30,New Wanderers Stadium,1,7.4,West Indies,India,KOA Powell,DS Smith,A Nehra,0,0,,,,,,caught,KOA Powell,,
415284,2009/10,2009-09-30,New Wanderers Stadium,1,7.5,West Indies,India,TM Dowlin,DS Smith,A Nehra,1,0,,,,,,,,,
415284,2009/10,2009-09-30,New Wanderers Stadium,1,7.6,West Indies,India,DS Smith,TM Dowlin,A Nehra,0,0,,,,,,caught,DS Smith,,
415284,2009/10,2009-09-30,New Wanderers Stadium,1,8.1,West Indies,India,TM Dowlin,FL Reifer,P Kumar,0,0,,,,,,,,,
415284,2009/10,2009-09-30,New Wanderers Stadium,1,8.2,West Indies,India,TM Dowlin,FL Reifer,P Kumar,0,0,,,,,,,,,
415284,2009/10,2009-09-30,New Wanderers Stadium,1,8.3,West Indies,India,TM Dowlin,FL Reifer,P Kumar,1,0,,,,,,,,,
415284,2009/10,2009-09-30,New Wanderers Stadium,1,8.4,West Indies,India,FL Reifer,TM Dowlin,P Kumar,0,0,,,,,,,,,
415284,2009/10,2009-09-30,New Wanderers Stadium,1,8.5,West Indies,India,FL Reifer,TM Dowlin,P Kumar,0,1,,,,1,,,,,
415284,2009/10,2009-09-30,New Wanderers Stadium,1,8.6,West Indies,India,TM Dowlin,FL Reifer,P Kumar,0,0,,,,,,,,,
415284,2009/10,2009-09-30,New Wanderers Stadium,1,9.1,West Indies,India,FL Reifer,TM Dowlin,A Nehra,1,0,,,,,,,,,
415284,2009/10,2009-09-30,New Wanderers Stadium,1,9.2,West Indies,India,TM Dowlin,FL Reifer,A Nehra,0,0,,,,,,,,,
415284,2009/10,2009-09-30,New Wanderers Stadium,1,9.3,West Indies,India,TM Dowlin,FL Reifer,A Nehra,0,0,,,,,,,,,
415284,2009/10,2009-09-30,New Wanderers Stadium,1,9.4,West Indies,India,TM Dowlin,FL Reifer,A Nehra,0,0,,,,,,,,,
415284,2009/10,2009-09-30,New Wanderers Stadium,1,9.5,West Indies,India,TM Dowlin,FL Reifer,A Nehra,0,0,,,,,,,,,
415284,2009/10,2009-09-30,New Wanderers Stadium,1,9.6,West Indies,India,TM Dowlin,FL Reifer,A Nehra,0,0,,,,,,,,,
415284,2009/10,2009-09-30,New Wanderers Stadium,1,10.1,West Indies,India,FL Reifer,TM Dowlin,P Kumar,0,0,,,,,,,,,
415284,2009/10,2009-09-30,New Wanderers Stadium,1,10.2,West Indies,India,FL Reifer,TM Dowlin,P Kumar,0,1,1,,,,,,,,
415284,2009/10,2009-09-30,New Wanderers Stadium,1,10.3,West Indies,India,FL Reifer,TM Dowlin,P Kumar,0,0,,,,,,caught,FL Reifer,,
415284,2009/10,2009-09-30,New Wanderers Stadium,1,10.4,West Indies,India,DE Bernard,TM Dowlin,P Kumar,1,0,,,,,,,,,
415284,2009/10,2009-09-30,New Wanderers Stadium,1,10.5,West Indies,India,TM Dowlin,DE Bernard,P Kumar,0,0,,,,,,,,,
415284,2009/10,2009-09-30,New Wanderers Stadium,1,10.6,West Indies,India,TM Dowlin,DE Bernard,P Kumar,0,0,,,,,,,,,
415284,2009/10,2009-09-30,New Wanderers Stadium,1,10.7,West Indies,India,TM Dowlin,DE Bernard,P Kumar,0,0,,,,,,,,,
415284,2009/10,2009-09-30,New Wanderers Stadium,1,11.1,West Indies,India,DE Bernard,TM Dowlin,A Nehra,1,0,,,,,,,,,
415284,2009/10,2009-09-30,New Wanderers Stadium,1,11.2,West Indies,India,TM Dowlin,DE Bernard,A Nehra,1,0,,,,,,,,,
415284,2009/10,2009-09-30,New Wanderers Stadium,1,11.3,West Indies,India,DE Bernard,TM Dowlin,A Nehra,0,0,,,,,,,,,
415284,2009/10,2009-09-30,New Wanderers Stadium,1,11.4,West Indies,India,DE Bernard,TM Dowlin,A Nehra,0,0,,,,,,,,,
415284,2009/10,2009-09-30,New Wanderers Stadium,1,11.5,West Indies,India,DE Bernard,TM Dowlin,A Nehra,0,0,,,,,,,,,
415284,2009/10,2009-09-30,New Wanderers Stadium,1,11.6,West Indies,India,DE Bernard,TM Dowlin,A Nehra,0,0,,,,,,,,,
415284,2009/10,2009-09-30,New Wanderers Stadium,1,12.1,West Indies,India,TM Dowlin,DE Bernard,P Kumar,0,0,,,,,,,,,
415284,2009/10,2009-09-30,New Wanderers Stadium,1,12.2,West Indies,India,TM Dowlin,DE Bernard,P Kumar,0,0,,,,,,,,,
415284,2009/10,2009-09-30,New Wanderers Stadium,1,12.3,West Indies,India,TM Dowlin,DE Bernard,P Kumar,0,0,,,,,,,,,
415284,2009/10,2009-09-30,New Wanderers Stadium,1,12.4,West Indies,India,TM Dowlin,DE Bernard,P Kumar,0,0,,,,,,,,,
415284,2009/10,2009-09-30,New Wanderers Stadium,1,12.5,West Indies,India,TM Dowlin,DE Bernard,P Kumar,0,0,,,,,,,,,
415284,2009/10,2009-09-30,New Wanderers Stadium,1,12.6,West Indies,India,TM Dowlin,DE Bernard,P Kumar,0,0,,,,,,,,,
415284,2009/10,2009-09-30,New Wanderers Stadium,1,13.1,West Indies,India,DE Bernard,TM Dowlin,AM Nayar,1,0,,,,,,,,,
415284,2009/10,2009-09-30,New Wanderers Stadium,1,13.2,West Indies,India,TM Dowlin,DE Bernard,AM Nayar,0,0,,,,,,,,,
415284,2009/10,2009-09-30,New Wanderers Stadium,1,13.3,West Indies,India,TM Dowlin,DE Bernard,AM Nayar,0,1,,1,,,,,,,
415284,2009/10,2009-09-30,New Wanderers Stadium,1,13.4,West Indies,India,TM Dowlin,DE Bernard,AM Nayar,0,1,1,,,,,,,,
415284,2009/10,2009-09-30,New Wanderers Stadium,1,13.5,West Indies,India,TM Dowlin,DE Bernard,AM Nayar,1,0,,,,,,,,,
415284,2009/10,2009-09-30,New Wanderers Stadium,1,13.6,West Indies,India,DE Bernard,TM Dowlin,AM Nayar,1,0,,,,,,,,,
415284,2009/10,2009-09-30,New Wanderers Stadium,1,13.7,West Indies,India,TM Dowlin,DE Bernard,AM Nayar,0,0,,,,,,,,,
415284,2009/10,2009-09-30,New Wanderers Stadium,1,13.8,West Indies,India,TM Dowlin,DE Bernard,AM Nayar,0,0,,,,,,,,,
415284,2009/10,2009-09-30,New Wanderers Stadium,1,14.1,West Indies,India,DE Bernard,TM Dowlin,P Kumar,0,0,,,,,,,,,
415284,2009/10,2009-09-30,New Wanderers Stadium,1,14.2,West Indies,India,DE Bernard,TM Dowlin,P Kumar,1,0,,,,,,,,,
415284,2009/10,2009-09-30,New Wanderers Stadium,1,14.3,West Indies,India,TM Dowlin,DE Bernard,P Kumar,1,0,,,,,,,,,
415284,2009/10,2009-09-30,New Wanderers Stadium,1,14.4,West Indies,India,DE Bernard,TM Dowlin,P Kumar,0,0,,,,,,,,,
415284,2009/10,2009-09-30,New Wanderers Stadium,1,14.5,West Indies,India,DE Bernard,TM Dowlin,P Kumar,1,0,,,,,,,,,
415284,2009/10,2009-09-30,New Wanderers Stadium,1,14.6,West Indies,India,TM Dowlin,DE Bernard,P Kumar,0,1,1,,,,,,,,
415284,2009/10,2009-09-30,New Wanderers Stadium,1,14.7,West Indies,India,TM Dowlin,DE Bernard,P Kumar,0,0,,,,,,,,,
415284,2009/10,2009-09-30,New Wanderers Stadium,1,15.1,West Indies,India,DE Bernard,TM Dowlin,AM Nayar,1,0,,,,,,,,,
415284,2009/10,2009-09-30,New Wanderers Stadium,1,15.2,West Indies,India,TM Dowlin,DE Bernard,AM Nayar,0,0,,,,,,,,,
415284,2009/10,2009-09-30,New Wanderers Stadium,1,15.3,West Indies,India,TM Dowlin,DE Bernard,AM Nayar,1,0,,,,,,,,,
415284,2009/10,2009-09-30,New Wanderers Stadium,1,15.4,West Indies,India,DE Bernard,TM Dowlin,AM Nayar,4,0,,,,,,,,,
415284,2009/10,2009-09-30,New Wanderers Stadium,1,15.5,West Indies,India,DE Bernard,TM Dowlin,AM Nayar,0,0,,,,,,,,,
415284,2009/10,2009-09-30,New Wanderers Stadium,1,15.6,West Indies,India,DE Bernard,TM Dowlin,AM Nayar,0,0,,,,,,,,,
415284,2009/10,2009-09-30,New Wanderers Stadium,1,16.1,West Indies,India,TM Dowlin,DE Bernard,MS Dhoni,4,0,,,,,,,,,
415284,2009/10,2009-09-30,New Wanderers Stadium,1,16.2,West Indies,India,TM Dowlin,DE Bernard,MS Dhoni,4,0,,,,,,,,,
415284,2009/10,2009-09-30,New Wanderers Stadium,1,16.3,West Indies,India,TM Dowlin,DE Bernard,MS Dhoni,0,0,,,,,,,,,
415284,2009/10,2009-09-30,New Wanderers Stadium,1,16.4,West Indies,India,TM Dowlin,DE Bernard,MS Dhoni,0,0,,,,,,bowled,TM Dowlin,,
415284,2009/10,2009-09-30,New Wanderers Stadium,1,16.5,West Indies,India,DJG Sammy,DE Bernard,MS Dhoni,0,0,,,,,,,,,
415284,2009/10,2009-09-30,New Wanderers Stadium,1,16.6,West Indies,India,DJG Sammy,DE Bernard,MS Dhoni,1,0,,,,,,,,,
415284,2009/10,2009-09-30,New Wanderers Stadium,1,17.1,West Indies,India,DJG Sammy,DE Bernard,AM Nayar,1,0,,,,,,,,,
415284,2009/10,2009-09-30,New Wanderers Stadium,1,17.2,West Indies,India,DE Bernard,DJG Sammy,AM Nayar,2,0,,,,,,,,,
415284,2009/10,2009-09-30,New Wanderers Stadium,1,17.3,West Indies,India,DE Bernard,DJG Sammy,AM Nayar,0,0,,,,,,,,,
415284,2009/10,2009-09-30,New Wanderers Stadium,1,17.4,West Indies,India,DE Bernard,DJG Sammy,AM Nayar,0,0,,,,,,,,,
415284,2009/10,2009-09-30,New Wanderers Stadium,1,17.5,West Indies,India,DE Bernard,DJG Sammy,AM Nayar,1,0,,,,,,,,,
415284,2009/10,2009-09-30,New Wanderers Stadium,1,17.6,West Indies,India,DJG Sammy,DE Bernard,AM Nayar,2,0,,,,,,,,,
415284,2009/10,2009-09-30,New Wanderers Stadium,1,18.1,West Indies,India,DE Bernard,DJG Sammy,MS Dhoni,0,0,,,,,,,,,
415284,2009/10,2009-09-30,New Wanderers Stadium,1,18.2,West Indies,India,DE Bernard,DJG Sammy,MS Dhoni,1,0,,,,,,,,,
415284,2009/10,2009-09-30,New Wanderers Stadium,1,18.3,West Indies,India,DJG Sammy,DE Bernard,MS Dhoni,0,0,,,,,,,,,
415284,2009/10,2009-09-30,New Wanderers Stadium,1,18.4,West Indies,India,DJG Sammy,DE Bernard,MS Dhoni,2,0,,,,,,,,,
415284,2009/10,2009-09-30,New Wanderers Stadium,1,18.5,West Indies,India,DJG Sammy,DE Bernard,MS Dhoni,0,1,,,,1,,,,,
415284,2009/10,2009-09-30,New Wanderers Stadium,1,18.6,West Indies,India,DE Bernard,DJG Sammy,MS Dhoni,0,1,1,,,,,,,,
415284,2009/10,2009-09-30,New Wanderers Stadium,1,18.7,West Indies,India,DE Bernard,DJG Sammy,MS Dhoni,1,0,,,,,,,,,
415284,2009/10,2009-09-30,New Wanderers Stadium,1,19.1,West Indies,India,DE Bernard,DJG Sammy,Harbhajan Singh,0,0,,,,,,,,,
415284,2009/10,2009-09-30,New Wanderers Stadium,1,19.2,West Indies,India,DE Bernard,DJG Sammy,Harbhajan Singh,3,0,,,,,,,,,
415284,2009/10,2009-09-30,New Wanderers Stadium,1,19.3,West Indies,India,DJG Sammy,DE Bernard,Harbhajan Singh,0,0,,,,,,,,,
415284,2009/10,2009-09-30,New Wanderers Stadium,1,19.4,West Indies,India,DJG Sammy,DE Bernard,Harbhajan Singh,1,0,,,,,,,,,
415284,2009/10,2009-09-30,New Wanderers Stadium,1,19.5,West Indies,India,DE Bernard,DJG Sammy,Harbhajan Singh,0,0,,,,,,,,,
415284,2009/10,2009-09-30,New Wanderers Stadium,1,19.6,West Indies,India,DE Bernard,DJG Sammy,Harbhajan Singh,0,0,,,,,,,,,
415284,2009/10,2009-09-30,New Wanderers Stadium,1,20.1,West Indies,India,DJG Sammy,DE Bernard,A Mishra,0,0,,,,,,,,,
415284,2009/10,2009-09-30,New Wanderers Stadium,1,20.2,West Indies,India,DJG Sammy,DE Bernard,A Mishra,0,0,,,,,,,,,
415284,2009/10,2009-09-30,New Wanderers Stadium,1,20.3,West Indies,India,DJG Sammy,DE Bernard,A Mishra,0,0,,,,,,,,,
415284,2009/10,2009-09-30,New Wanderers Stadium,1,20.4,West Indies,India,DJG Sammy,DE Bernard,A Mishra,0,0,,,,,,,,,
415284,2009/10,2009-09-30,New Wanderers Stadium,1,20.5,West Indies,India,DJG Sammy,DE Bernard,A Mishra,2,0,,,,,,,,,
415284,2009/10,2009-09-30,New Wanderers Stadium,1,20.6,West Indies,India,DJG Sammy,DE Bernard,A Mishra,0,0,,,,,,,,,
415284,2009/10,2009-09-30,New Wanderers Stadium,1,21.1,West Indies,India,DE Bernard,DJG Sammy,Harbhajan Singh,1,0,,,,,,,,,
415284,2009/10,2009-09-30,New Wanderers Stadium,1,21.2,West Indies,India,DJG Sammy,DE Bernard,Harbhajan Singh,0,0,,,,,,,,,
415284,2009/10,2009-09-30,New Wanderers Stadium,1,21.3,West Indies,India,DJG Sammy,DE Bernard,Harbhajan Singh,0,0,,,,,,,,,
415284,2009/10,2009-09-30,New Wanderers Stadium,1,21.4,West Indies,India,DJG Sammy,DE Bernard,Harbhajan Singh,1,0,,,,,,,,,
415284,2009/10,2009-09-30,New Wanderers Stadium,1,21.5,West Indies,India,DE Bernard,DJG Sammy,Harbhajan Singh,0,0,,,,,,,,,
415284,2009/10,2009-09-30,New Wanderers Stadium,1,21.6,West Indies,India,DE Bernard,DJG Sammy,Harbhajan Singh,0,0,,,,,,,,,
415284,2009/10,2009-09-30,New Wanderers Stadium,1,22.1,West Indies,India,DJG Sammy,DE Bernard,A Mishra,1,0,,,,,,,,,
415284,2009/10,2009-09-30,New Wanderers Stadium,1,22.2,West Indies,India,DE Bernard,DJG Sammy,A Mishra,0,0,,,,,,,,,
415284,2009/10,2009-09-30,New Wanderers Stadium,1,22.3,West Indies,India,DE Bernard,DJG Sammy,A Mishra,0,0,,,,,,,,,
415284,2009/10,2009-09-30,New Wanderers Stadium,1,22.4,West Indies,India,DE Bernard,DJG Sammy,A Mishra,0,0,,,,,,,,,
415284,2009/10,2009-09-30,New Wanderers Stadium,1,22.5,West Indies,India,DE Bernard,DJG Sammy,A Mishra,1,0,,,,,,,,,
415284,2009/10,2009-09-30,New Wanderers Stadium,1,22.6,West Indies,India,DJG Sammy,DE Bernard,A Mishra,2,0,,,,,,,,,
415284,2009/10,2009-09-30,New Wanderers Stadium,1,23.1,West Indies,India,DE Bernard,DJG Sammy,Harbhajan Singh,0,0,,,,,,,,,
415284,2009/10,2009-09-30,New Wanderers Stadium,1,23.2,West Indies,India,DE Bernard,DJG Sammy,Harbhajan Singh,0,0,,,,,,,,,
415284,2009/10,2009-09-30,New Wanderers Stadium,1,23.3,West Indies,India,DE Bernard,DJG Sammy,Harbhajan Singh,0,0,,,,,,,,,
415284,2009/10,2009-09-30,New Wanderers Stadium,1,23.4,West Indies,India,DE Bernard,DJG Sammy,Harbhajan Singh,0,0,,,,,,,,,
415284,2009/10,2009-09-30,New Wanderers Stadium,1,23.5,West Indies,India,DE Bernard,DJG Sammy,Harbhajan Singh,0,0,,,,,,,,,
415284,2009/10,2009-09-30,New Wanderers Stadium,1,23.6,West Indies,India,DE Bernard,DJG Sammy,Harbhajan Singh,0,0,,,,,,,,,
415284,2009/10,2009-09-30,New Wanderers Stadium,1,24.1,West Indies,India,DJG Sammy,DE Bernard,A Mishra,0,0,,,,,,,,,
415284,2009/10,2009-09-30,New Wanderers Stadium,1,24.2,West Indies,India,DJG Sammy,DE Bernard,A Mishra,0,0,,,,,,,,,
415284,2009/10,2009-09-30,New Wanderers Stadium,1,24.3,West Indies,India,DJG Sammy,DE Bernard,A Mishra,1,0,,,,,,,,,
415284,2009/10,2009-09-30,New Wanderers Stadium,1,24.4,West Indies,India,DE Bernard,DJG Sammy,A Mishra,0,0,,,,,,,,,
415284,2009/10,2009-09-30,New Wanderers Stadium,1,24.5,West Indies,India,DE Bernard,DJG Sammy,A Mishra,1,0,,,,,,,,,
415284,2009/10,2009-09-30,New Wanderers Stadium,1,24.6,West Indies,India,DJG Sammy,DE Bernard,A Mishra,0,0,,,,,,,,,
415284,2009/10,2009-09-30,New Wanderers Stadium,1,25.1,West Indies,India,DE Bernard,DJG Sammy,Harbhajan Singh,0,1,,,,1,,,,,
415284,2009/10,2009-09-30,New Wanderers Stadium,1,25.2,West Indies,India,DJG Sammy,DE Bernard,Harbhajan Singh,0,0,,,,,,,,,
415284,2009/10,2009-09-30,New Wanderers Stadium,1,25.3,West Indies,India,DJG Sammy,DE Bernard,Harbhajan Singh,0,0,,,,,,,,,
415284,2009/10,2009-09-30,New Wanderers Stadium,1,25.4,West Indies,India,DJG Sammy,DE Bernard,Harbhajan Singh,0,0,,,,,,,,,
415284,2009/10,2009-09-30,New Wanderers Stadium,1,25.5,West Indies,India,DJG Sammy,DE Bernard,Harbhajan Singh,1,0,,,,,,,,,
415284,2009/10,2009-09-30,New Wanderers Stadium,1,25.6,West Indies,India,DE Bernard,DJG Sammy,Harbhajan Singh,0,0,,,,,,,,,
415284,2009/10,2009-09-30,New Wanderers Stadium,1,26.1,West Indies,India,DJG Sammy,DE Bernard,A Mishra,0,0,,,,,,,,,
415284,2009/10,2009-09-30,New Wanderers Stadium,1,26.2,West Indies,India,DJG Sammy,DE Bernard,A Mishra,0,0,,,,,,,,,
415284,2009/10,2009-09-30,New Wanderers Stadium,1,26.3,West Indies,India,DJG Sammy,DE Bernard,A Mishra,2,0,,,,,,,,,
415284,2009/10,2009-09-30,New Wanderers Stadium,1,26.4,West Indies,India,DJG Sammy,DE Bernard,A Mishra,1,0,,,,,,,,,
415284,2009/10,2009-09-30,New Wanderers Stadium,1,26.5,West Indies,India,DE Bernard,DJG Sammy,A Mishra,0,0,,,,,,,,,
415284,2009/10,2009-09-30,New Wanderers Stadium,1,26.6,West Indies,India,DE Bernard,DJG Sammy,A Mishra,0,0,,,,,,caught,DE Bernard,,
415284,2009/10,2009-09-30,New Wanderers Stadium,1,27.1,West Indies,India,DJG Sammy,RT Crandon,Harbhajan Singh,0,0,,,,,,,,,
415284,2009/10,2009-09-30,New Wanderers Stadium,1,27.2,West Indies,India,DJG Sammy,RT Crandon,Harbhajan Singh,2,0,,,,,,,,,
415284,2009/10,2009-09-30,New Wanderers Stadium,1,27.3,West Indies,India,DJG Sammy,RT Crandon,Harbhajan Singh,1,0,,,,,,,,,
415284,2009/10,2009-09-30,New Wanderers Stadium,1,27.4,West Indies,India,RT Crandon,DJG Sammy,Harbhajan Singh,0,0,,,,,,,,,
415284,2009/10,2009-09-30,New Wanderers Stadium,1,27.5,West Indies,India,RT Crandon,DJG Sammy,Harbhajan Singh,0,0,,,,,,,,,
415284,2009/10,2009-09-30,New Wanderers Stadium,1,27.6,West Indies,India,RT Crandon,DJG Sammy,Harbhajan Singh,0,0,,,,,,,,,
415284,2009/10,2009-09-30,New Wanderers Stadium,1,28.1,West Indies,India,DJG Sammy,RT Crandon,A Mishra,1,0,,,,,,,,,
415284,2009/10,2009-09-30,New Wanderers Stadium,1,28.2,West Indies,India,RT Crandon,DJG Sammy,A Mishra,0,0,,,,,,,,,
415284,2009/10,2009-09-30,New Wanderers Stadium,1,28.3,West Indies,India,RT Crandon,DJG Sammy,A Mishra,0,0,,,,,,,,,
415284,2009/10,2009-09-30,New Wanderers Stadium,1,28.4,West Indies,India,RT Crandon,DJG Sammy,A Mishra,4,0,,,,,,,,,
415284,2009/10,2009-09-30,New Wanderers Stadium,1,28.5,West Indies,India,RT Crandon,DJG Sammy,A Mishra,1,0,,,,,,,,,
415284,2009/10,2009-09-30,New Wanderers Stadium,1,28.6,West Indies,India,DJG Sammy,RT Crandon,A Mishra,1,0,,,,,,,,,
415284,2009/10,2009-09-30,New Wanderers Stadium,1,29.1,West Indies,India,DJG Sammy,RT Crandon,A Nehra,0,0,,,,,,caught,DJG Sammy,,
415284,2009/10,2009-09-30,New Wanderers Stadium,1,29.2,West Indies,India,NO Miller,RT Crandon,A Nehra,0,1,1,,,,,,,,
415284,2009/10,2009-09-30,New Wanderers Stadium,1,29.3,West Indies,India,NO Miller,RT Crandon,A Nehra,0,0,,,,,,,,,
415284,2009/10,2009-09-30,New Wanderers Stadium,1,29.4,West Indies,India,NO Miller,RT Crandon,A Nehra,0,0,,,,,,,,,
415284,2009/10,2009-09-30,New Wanderers Stadium,1,29.5,West Indies,India,NO Miller,RT Crandon,A Nehra,0,0,,,,,,,,,
415284,2009/10,2009-09-30,New Wanderers Stadium,1,29.6,West Indies,India,NO Miller,RT Crandon,A Nehra,0,0,,,,,,,,,
415284,2009/10,2009-09-30,New Wanderers Stadium,1,29.7,West Indies,India,NO Miller,RT Crandon,A Nehra,0,0,,,,,,,,,
415284,2009/10,2009-09-30,New Wanderers Stadium,1,30.1,West Indies,India,RT Crandon,NO Miller,Harbhajan Singh,0,1,,,,1,,,,,
415284,2009/10,2009-09-30,New Wanderers Stadium,1,30.2,West Indies,India,NO Miller,RT Crandon,Harbhajan Singh,0,0,,,,,,,,,
415284,2009/10,2009-09-30,New Wanderers Stadium,1,30.3,West Indies,India,NO Miller,RT Crandon,Harbhajan Singh,0,0,,,,,,,,,
415284,2009/10,2009-09-30,New Wanderers Stadium,1,30.4,West Indies,India,NO Miller,RT Crandon,Harbhajan Singh,0,0,,,,,,,,,
415284,2009/10,2009-09-30,New Wanderers Stadium,1,30.5,West Indies,India,NO Miller,RT Crandon,Harbhajan Singh,1,0,,,,,,,,,
415284,2009/10,2009-09-30,New Wanderers Stadium,1,30.6,West Indies,India,RT Crandon,NO Miller,Harbhajan Singh,0,0,,,,,,bowled,RT Crandon,,
415284,2009/10,2009-09-30,New Wanderers Stadium,1,31.1,West Indies,India,NO Miller,KAJ Roach,A Mishra,0,0,,,,,,,,,
415284,2009/10,2009-09-30,New Wanderers Stadium,1,31.2,West Indies,India,NO Miller,KAJ Roach,A Mishra,0,1,1,,,,,,,,
415284,2009/10,2009-09-30,New Wanderers Stadium,1,31.3,West Indies,India,NO Miller,KAJ Roach,A Mishra,0,0,,,,,,,,,
415284,2009/10,2009-09-30,New Wanderers Stadium,1,31.4,West Indies,India,NO Miller,KAJ Roach,A Mishra,2,0,,,,,,,,,
415284,2009/10,2009-09-30,New Wanderers Stadium,1,31.5,West Indies,India,NO Miller,KAJ Roach,A Mishra,0,0,,,,,,,,,
415284,2009/10,2009-09-30,New Wanderers Stadium,1,31.6,West Indies,India,NO Miller,KAJ Roach,A Mishra,0,0,,,,,,,,,
415284,2009/10,2009-09-30,New Wanderers Stadium,1,31.7,West Indies,India,NO Miller,KAJ Roach,A Mishra,6,0,,,,,,,,,
415284,2009/10,2009-09-30,New Wanderers Stadium,1,32.1,West Indies,India,KAJ Roach,NO Miller,Harbhajan Singh,1,0,,,,,,,,,
415284,2009/10,2009-09-30,New Wanderers Stadium,1,32.2,West Indies,India,NO Miller,KAJ Roach,Harbhajan Singh,1,0,,,,,,,,,
415284,2009/10,2009-09-30,New Wanderers Stadium,1,32.3,West Indies,India,KAJ Roach,NO Miller,Harbhajan Singh,0,0,,,,,,,,,
415284,2009/10,2009-09-30,New Wanderers Stadium,1,32.4,West Indies,India,KAJ Roach,NO Miller,Harbhajan Singh,1,0,,,,,,,,,
415284,2009/10,2009-09-30,New Wanderers Stadium,1,32.5,West Indies,India,NO Miller,KAJ Roach,Harbhajan Singh,0,0,,,,,,,,,
415284,2009/10,2009-09-30,New Wanderers Stadium,1,32.6,West Indies,India,NO Miller,KAJ Roach,Harbhajan Singh,0,0,,,,,,,,,
415284,2009/10,2009-09-30,New Wanderers Stadium,1,33.1,West Indies,India,KAJ Roach,NO Miller,A Nehra,0,0,,,,,,,,,
415284,2009/10,2009-09-30,New Wanderers Stadium,1,33.2,West Indies,India,KAJ Roach,NO Miller,A Nehra,1,0,,,,,,,,,
415284,2009/10,2009-09-30,New Wanderers Stadium,1,33.3,West Indies,India,NO Miller,KAJ Roach,A Nehra,4,0,,,,,,,,,
415284,2009/10,2009-09-30,New Wanderers Stadium,1,33.4,West Indies,India,NO Miller,KAJ Roach,A Nehra,1,0,,,,,,,,,
415284,2009/10,2009-09-30,New Wanderers Stadium,1,33.5,West Indies,India,KAJ Roach,NO Miller,A Nehra,0,0,,,,,,,,,
415284,2009/10,2009-09-30,New Wanderers Stadium,1,33.6,West Indies,India,KAJ Roach,NO Miller,A Nehra,0,1,1,,,,,,,,
415284,2009/10,2009-09-30,New Wanderers Stadium,1,33.7,West Indies,India,KAJ Roach,NO Miller,A Nehra,1,0,,,,,,,,,
415284,2009/10,2009-09-30,New Wanderers Stadium,1,34.1,West Indies,India,KAJ Roach,NO Miller,Harbhajan Singh,0,0,,,,,,,,,
415284,2009/10,2009-09-30,New Wanderers Stadium,1,34.2,West Indies,India,KAJ Roach,NO Miller,Harbhajan Singh,0,0,,,,,,,,,
415284,2009/10,2009-09-30,New Wanderers Stadium,1,34.3,West Indies,India,KAJ Roach,NO Miller,Harbhajan Singh,0,0,,,,,,caught,KAJ Roach,,
415284,2009/10,2009-09-30,New Wanderers Stadium,1,34.4,West Indies,India,GC Tonge,NO Miller,Harbhajan Singh,0,0,,,,,,,,,
415284,2009/10,2009-09-30,New Wanderers Stadium,1,34.5,West Indies,India,GC Tonge,NO Miller,Harbhajan Singh,0,0,,,,,,,,,
415284,2009/10,2009-09-30,New Wanderers Stadium,1,34.6,West Indies,India,GC Tonge,NO Miller,Harbhajan Singh,0,0,,,,,,,,,
415284,2009/10,2009-09-30,New Wanderers Stadium,1,35.1,West Indies,India,NO Miller,GC Tonge,P Kumar,1,0,,,,,,,,,
415284,2009/10,2009-09-30,New Wanderers Stadium,1,35.2,West Indies,India,GC Tonge,NO Miller,P Kumar,1,0,,,,,,,,,
415284,2009/10,2009-09-30,New Wanderers Stadium,1,35.3,West Indies,India,NO Miller,GC Tonge,P Kumar,0,0,,,,,,,,,
415284,2009/10,2009-09-30,New Wanderers Stadium,1,35.4,West Indies,India,NO Miller,GC Tonge,P Kumar,1,0,,,,,,,,,
415284,2009/10,2009-09-30,New Wanderers Stadium,1,35.5,West Indies,India,GC Tonge,NO Miller,P Kumar,4,0,,,,,,,,,
415284,2009/10,2009-09-30,New Wanderers Stadium,1,35.6,West Indies,India,GC Tonge,NO Miller,P Kumar,0,0,,,,,,caught and bowled,GC Tonge,,
415284,2009/10,2009-09-30,New Wanderers Stadium,2,0.1,India,West Indies,KD Karthik,G Gambhir,KAJ Roach,0,0,,,,,,,,,
415284,2009/10,2009-09-30,New Wanderers Stadium,2,0.2,India,West Indies,KD Karthik,G Gambhir,KAJ Roach,0,0,,,,,,,,,
415284,2009/10,2009-09-30,New Wanderers Stadium,2,0.3,India,West Indies,KD Karthik,G Gambhir,KAJ Roach,0,0,,,,,,,,,
415284,2009/10,2009-09-30,New Wanderers Stadium,2,0.4,India,West Indies,KD Karthik,G Gambhir,KAJ Roach,0,0,,,,,,,,,
415284,2009/10,2009-09-30,New Wanderers Stadium,2,0.5,India,West Indies,KD Karthik,G Gambhir,KAJ Roach,0,0,,,,,,,,,
415284,2009/10,2009-09-30,New Wanderers Stadium,2,0.6,India,West Indies,KD Karthik,G Gambhir,KAJ Roach,0,0,,,,,,,,,
415284,2009/10,2009-09-30,New Wanderers Stadium,2,1.1,India,West Indies,G Gambhir,KD Karthik,GC Tonge,1,0,,,,,,,,,
415284,2009/10,2009-09-30,New Wanderers Stadium,2,1.2,India,West Indies,KD Karthik,G Gambhir,GC Tonge,0,0,,,,,,,,,
415284,2009/10,2009-09-30,New Wanderers Stadium,2,1.3,India,West Indies,KD Karthik,G Gambhir,GC Tonge,0,0,,,,,,,,,
415284,2009/10,2009-09-30,New Wanderers Stadium,2,1.4,India,West Indies,KD Karthik,G Gambhir,GC Tonge,0,0,,,,,,,,,
415284,2009/10,2009-09-30,New Wanderers Stadium,2,1.5,India,West Indies,KD Karthik,G Gambhir,GC Tonge,0,0,,,,,,,,,
415284,2009/10,2009-09-30,New Wanderers Stadium,2,1.6,India,West Indies,KD Karthik,G Gambhir,GC Tonge,0,0,,,,,,,,,
415284,2009/10,2009-09-30,New Wanderers Stadium,2,2.1,India,West Indies,G Gambhir,KD Karthik,KAJ Roach,1,0,,,,,,,,,
415284,2009/10,2009-09-30,New Wanderers Stadium,2,2.2,India,West Indies,KD Karthik,G Gambhir,KAJ Roach,1,0,,,,,,,,,
415284,2009/10,2009-09-30,New Wanderers Stadium,2,2.3,India,West Indies,G Gambhir,KD Karthik,KAJ Roach,0,0,,,,,,,,,
415284,2009/10,2009-09-30,New Wanderers Stadium,2,2.4,India,West Indies,G Gambhir,KD Karthik,KAJ Roach,4,0,,,,,,,,,
415284,2009/10,2009-09-30,New Wanderers Stadium,2,2.5,India,West Indies,G Gambhir,KD Karthik,KAJ Roach,0,0,,,,,,bowled,G Gambhir,,
415284,2009/10,2009-09-30,New Wanderers Stadium,2,2.6,India,West Indies,R Dravid,KD Karthik,KAJ Roach,4,0,,,,,,,,,
415284,2009/10,2009-09-30,New Wanderers Stadium,2,3.1,India,West Indies,KD Karthik,R Dravid,GC Tonge,1,0,,,,,,,,,
415284,2009/10,2009-09-30,New Wanderers Stadium,2,3.2,India,West Indies,R Dravid,KD Karthik,GC Tonge,0,0,,,,,,run out,R Dravid,,
415284,2009/10,2009-09-30,New Wanderers Stadium,2,3.3,India,West Indies,KD Karthik,V Kohli,GC Tonge,0,0,,,,,,,,,
415284,2009/10,2009-09-30,New Wanderers Stadium,2,3.4,India,West Indies,KD Karthik,V Kohli,GC Tonge,4,0,,,,,,,,,
415284,2009/10,2009-09-30,New Wanderers Stadium,2,3.5,India,West Indies,KD Karthik,V Kohli,GC Tonge,0,0,,,,,,,,,
415284,2009/10,2009-09-30,New Wanderers Stadium,2,3.6,India,West Indies,KD Karthik,V Kohli,GC Tonge,0,0,,,,,,,,,
415284,2009/10,2009-09-30,New Wanderers Stadium,2,4.1,India,West Indies,V Kohli,KD Karthik,KAJ Roach,0,0,,,,,,,,,
415284,2009/10,2009-09-30,New Wanderers Stadium,2,4.2,India,West Indies,V Kohli,KD Karthik,KAJ Roach,0,0,,,,,,,,,
415284,2009/10,2009-09-30,New Wanderers Stadium,2,4.3,India,West Indies,V Kohli,KD Karthik,KAJ Roach,0,0,,,,,,,,,
415284,2009/10,2009-09-30,New Wanderers Stadium,2,4.4,India,West Indies,V Kohli,KD Karthik,KAJ Roach,4,0,,,,,,,,,
415284,2009/10,2009-09-30,New Wanderers Stadium,2,4.5,India,West Indies,V Kohli,KD Karthik,KAJ Roach,2,0,,,,,,,,,
415284,2009/10,2009-09-30,New Wanderers Stadium,2,4.6,India,West Indies,V Kohli,KD Karthik,KAJ Roach,0,0,,,,,,,,,
415284,2009/10,2009-09-30,New Wanderers Stadium,2,5.1,India,West Indies,KD Karthik,V Kohli,GC Tonge,0,0,,,,,,,,,
415284,2009/10,2009-09-30,New Wanderers Stadium,2,5.2,India,West Indies,KD Karthik,V Kohli,GC Tonge,0,0,,,,,,,,,
415284,2009/10,2009-09-30,New Wanderers Stadium,2,5.3,India,West Indies,KD Karthik,V Kohli,GC Tonge,1,0,,,,,,,,,
415284,2009/10,2009-09-30,New Wanderers Stadium,2,5.4,India,West Indies,V Kohli,KD Karthik,GC Tonge,0,0,,,,,,,,,
415284,2009/10,2009-09-30,New Wanderers Stadium,2,5.5,India,West Indies,V Kohli,KD Karthik,GC Tonge,0,0,,,,,,,,,
415284,2009/10,2009-09-30,New Wanderers Stadium,2,5.6,India,West Indies,V Kohli,KD Karthik,GC Tonge,0,0,,,,,,,,,
415284,2009/10,2009-09-30,New Wanderers Stadium,2,6.1,India,West Indies,KD Karthik,V Kohli,DJG Sammy,0,0,,,,,,,,,
415284,2009/10,2009-09-30,New Wanderers Stadium,2,6.2,India,West Indies,KD Karthik,V Kohli,DJG Sammy,0,0,,,,,,,,,
415284,2009/10,2009-09-30,New Wanderers Stadium,2,6.3,India,West Indies,KD Karthik,V Kohli,DJG Sammy,0,0,,,,,,,,,
415284,2009/10,2009-09-30,New Wanderers Stadium,2,6.4,India,West Indies,KD Karthik,V Kohli,DJG Sammy,0,0,,,,,,,,,
415284,2009/10,2009-09-30,New Wanderers Stadium,2,6.5,India,West Indies,KD Karthik,V Kohli,DJG Sammy,0,0,,,,,,,,,
415284,2009/10,2009-09-30,New Wanderers Stadium,2,6.6,India,West Indies,KD Karthik,V Kohli,DJG Sammy,1,0,,,,,,,,,
415284,2009/10,2009-09-30,New Wanderers Stadium,2,7.1,India,West Indies,KD Karthik,V Kohli,GC Tonge,0,0,,,,,,,,,
415284,2009/10,2009-09-30,New Wanderers Stadium,2,7.2,India,West Indies,KD Karthik,V Kohli,GC Tonge,1,0,,,,,,,,,
415284,2009/10,2009-09-30,New Wanderers Stadium,2,7.3,India,West Indies,V Kohli,KD Karthik,GC Tonge,0,0,,,,,,,,,
415284,2009/10,2009-09-30,New Wanderers Stadium,2,7.4,India,West Indies,V Kohli,KD Karthik,GC Tonge,0,0,,,,,,,,,
415284,2009/10,2009-09-30,New Wanderers Stadium,2,7.5,India,West Indies,V Kohli,KD Karthik,GC Tonge,0,0,,,,,,,,,
415284,2009/10,2009-09-30,New Wanderers Stadium,2,7.6,India,West Indies,V Kohli,KD Karthik,GC Tonge,0,0,,,,,,,,,
415284,2009/10,2009-09-30,New Wanderers Stadium,2,8.1,India,West Indies,KD Karthik,V Kohli,DJG Sammy,1,0,,,,,,,,,
415284,2009/10,2009-09-30,New Wanderers Stadium,2,8.2,India,West Indies,V Kohli,KD Karthik,DJG Sammy,0,0,,,,,,,,,
415284,2009/10,2009-09-30,New Wanderers Stadium,2,8.3,India,West Indies,V Kohli,KD Karthik,DJG Sammy,2,0,,,,,,,,,
415284,2009/10,2009-09-30,New Wanderers Stadium,2,8.4,India,West Indies,V Kohli,KD Karthik,DJG Sammy,0,0,,,,,,,,,
415284,2009/10,2009-09-30,New Wanderers Stadium,2,8.5,India,West Indies,V Kohli,KD Karthik,DJG Sammy,0,0,,,,,,,,,
415284,2009/10,2009-09-30,New Wanderers Stadium,2,8.6,India,West Indies,V Kohli,KD Karthik,DJG Sammy,1,0,,,,,,,,,
415284,2009/10,2009-09-30,New Wanderers Stadium,2,9.1,India,West Indies,V Kohli,KD Karthik,GC Tonge,0,0,,,,,,,,,
415284,2009/10,2009-09-30,New Wanderers Stadium,2,9.2,India,West Indies,V Kohli,KD Karthik,GC Tonge,0,0,,,,,,,,,
415284,2009/10,2009-09-30,New Wanderers Stadium,2,9.3,India,West Indies,V Kohli,KD Karthik,GC Tonge,4,0,,,,,,,,,
415284,2009/10,2009-09-30,New Wanderers Stadium,2,9.4,India,West Indies,V Kohli,KD Karthik,GC Tonge,0,0,,,,,,,,,
415284,2009/10,2009-09-30,New Wanderers Stadium,2,9.5,India,West Indies,V Kohli,KD Karthik,GC Tonge,1,0,,,,,,,,,
415284,2009/10,2009-09-30,New Wanderers Stadium,2,9.6,India,West Indies,KD Karthik,V Kohli,GC Tonge,0,0,,,,,,,,,
415284,2009/10,2009-09-30,New Wanderers Stadium,2,10.1,India,West Indies,V Kohli,KD Karthik,DJG Sammy,0,0,,,,,,,,,
415284,2009/10,2009-09-30,New Wanderers Stadium,2,10.2,India,West Indies,V Kohli,KD Karthik,DJG Sammy,0,0,,,,,,,,,
415284,2009/10,2009-09-30,New Wanderers Stadium,2,10.3,India,West Indies,V Kohli,KD Karthik,DJG Sammy,0,0,,,,,,,,,
415284,2009/10,2009-09-30,New Wanderers Stadium,2,10.4,India,West Indies,V Kohli,KD Karthik,DJG Sammy,4,0,,,,,,,,,
415284,2009/10,2009-09-30,New Wanderers Stadium,2,10.5,India,West Indies,V Kohli,KD Karthik,DJG Sammy,1,0,,,,,,,,,
415284,2009/10,2009-09-30,New Wanderers Stadium,2,10.6,India,West Indies,KD Karthik,V Kohli,DJG Sammy,0,0,,,,,,,,,
415284,2009/10,2009-09-30,New Wanderers Stadium,2,11.1,India,West Indies,V Kohli,KD Karthik,KAJ Roach,0,0,,,,,,,,,
415284,2009/10,2009-09-30,New Wanderers Stadium,2,11.2,India,West Indies,V Kohli,KD Karthik,KAJ Roach,1,0,,,,,,,,,
415284,2009/10,2009-09-30,New Wanderers Stadium,2,11.3,India,West Indies,KD Karthik,V Kohli,KAJ Roach,0,0,,,,,,,,,
415284,2009/10,2009-09-30,New Wanderers Stadium,2,11.4,India,West Indies,KD Karthik,V Kohli,KAJ Roach,0,0,,,,,,,,,
415284,2009/10,2009-09-30,New Wanderers Stadium,2,11.5,India,West Indies,KD Karthik,V Kohli,KAJ Roach,4,1,,1,,,,,,,
415284,2009/10,2009-09-30,New Wanderers Stadium,2,11.6,India,West Indies,KD Karthik,V Kohli,KAJ Roach,1,0,,,,,,,,,
415284,2009/10,2009-09-30,New Wanderers Stadium,2,11.7,India,West Indies,V Kohli,KD Karthik,KAJ Roach,0,0,,,,,,,,,
415284,2009/10,2009-09-30,New Wanderers Stadium,2,12.1,India,West Indies,KD Karthik,V Kohli,DJG Sammy,0,0,,,,,,,,,
415284,2009/10,2009-09-30,New Wanderers Stadium,2,12.2,India,West Indies,KD Karthik,V Kohli,DJG Sammy,4,0,,,,,,,,,
415284,2009/10,2009-09-30,New Wanderers Stadium,2,12.3,India,West Indies,KD Karthik,V Kohli,DJG Sammy,0,0,,,,,,,,,
415284,2009/10,2009-09-30,New Wanderers Stadium,2,12.4,India,West Indies,KD Karthik,V Kohli,DJG Sammy,0,0,,,,,,,,,
415284,2009/10,2009-09-30,New Wanderers Stadium,2,12.5,India,West Indies,KD Karthik,V Kohli,DJG Sammy,0,0,,,,,,,,,
415284,2009/10,2009-09-30,New Wanderers Stadium,2,12.6,India,West Indies,KD Karthik,V Kohli,DJG Sammy,0,0,,,,,,,,,
415284,2009/10,2009-09-30,New Wanderers Stadium,2,13.1,India,West Indies,V Kohli,KD Karthik,KAJ Roach,0,0,,,,,,,,,
415284,2009/10,2009-09-30,New Wanderers Stadium,2,13.2,India,West Indies,V Kohli,KD Karthik,KAJ Roach,0,0,,,,,,,,,
415284,2009/10,2009-09-30,New Wanderers Stadium,2,13.3,India,West Indies,V Kohli,KD Karthik,KAJ Roach,0,0,,,,,,,,,
415284,2009/10,2009-09-30,New Wanderers Stadium,2,13.4,India,West Indies,V Kohli,KD Karthik,KAJ Roach,0,0,,,,,,,,,
415284,2009/10,2009-09-30,New Wanderers Stadium,2,13.5,India,West Indies,V Kohli,KD Karthik,KAJ Roach,0,0,,,,,,,,,
415284,2009/10,2009-09-30,New Wanderers Stadium,2,13.6,India,West Indies,V Kohli,KD Karthik,KAJ Roach,1,0,,,,,,,,,
415284,2009/10,2009-09-30,New Wanderers Stadium,2,14.1,India,West Indies,V Kohli,KD Karthik,DJG Sammy,0,0,,,,,,,,,
415284,2009/10,2009-09-30,New Wanderers Stadium,2,14.2,India,West Indies,V Kohli,KD Karthik,DJG Sammy,0,0,,,,,,,,,
415284,2009/10,2009-09-30,New Wanderers Stadium,2,14.3,India,West Indies,V Kohli,KD Karthik,DJG Sammy,1,0,,,,,,,,,
415284,2009/10,2009-09-30,New Wanderers Stadium,2,14.4,India,West Indies,KD Karthik,V Kohli,DJG Sammy,0,0,,,,,,,,,
415284,2009/10,2009-09-30,New Wanderers Stadium,2,14.5,India,West Indies,KD Karthik,V Kohli,DJG Sammy,0,0,,,,,,,,,
415284,2009/10,2009-09-30,New Wanderers Stadium,2,14.6,India,West Indies,KD Karthik,V Kohli,DJG Sammy,0,0,,,,,,,,,
415284,2009/10,2009-09-30,New Wanderers Stadium,2,15.1,India,West Indies,V Kohli,KD Karthik,KAJ Roach,0,0,,,,,,,,,
415284,2009/10,2009-09-30,New Wanderers Stadium,2,15.2,India,West Indies,V Kohli,KD Karthik,KAJ Roach,0,0,,,,,,,,,
415284,2009/10,2009-09-30,New Wanderers Stadium,2,15.3,India,West Indies,V Kohli,KD Karthik,KAJ Roach,0,0,,,,,,,,,
415284,2009/10,2009-09-30,New Wanderers Stadium,2,15.4,India,West Indies,V Kohli,KD Karthik,KAJ Roach,0,1,,1,,,,,,,
415284,2009/10,2009-09-30,New Wanderers Stadium,2,15.5,India,West Indies,V Kohli,KD Karthik,KAJ Roach,0,1,,1,,,,,,,
415284,2009/10,2009-09-30,New Wanderers Stadium,2,15.6,India,West Indies,V Kohli,KD Karthik,KAJ Roach,0,0,,,,,,,,,
415284,2009/10,2009-09-30,New Wanderers Stadium,2,15.7,India,West Indies,V Kohli,KD Karthik,KAJ Roach,0,0,,,,,,,,,
415284,2009/10,2009-09-30,New Wanderers Stadium,2,15.8,India,West Indies,V Kohli,KD Karthik,KAJ Roach,1,0,,,,,,,,,
415284,2009/10,2009-09-30,New Wanderers Stadium,2,16.1,India,West Indies,V Kohli,KD Karthik,DJG Sammy,0,0,,,,,,,,,
415284,2009/10,2009-09-30,New Wanderers Stadium,2,16.2,India,West Indies,V Kohli,KD Karthik,DJG Sammy,0,0,,,,,,,,,
415284,2009/10,2009-09-30,New Wanderers Stadium,2,16.3,India,West Indies,V Kohli,KD Karthik,DJG Sammy,0,0,,,,,,,,,
415284,2009/10,2009-09-30,New Wanderers Stadium,2,16.4,India,West Indies,V Kohli,KD Karthik,DJG Sammy,0,0,,,,,,,,,
415284,2009/10,2009-09-30,New Wanderers Stadium,2,16.5,India,West Indies,V Kohli,KD Karthik,DJG Sammy,1,0,,,,,,,,,
415284,2009/10,2009-09-30,New Wanderers Stadium,2,16.6,India,West Indies,KD Karthik,V Kohli,DJG Sammy,2,0,,,,,,,,,
415284,2009/10,2009-09-30,New Wanderers Stadium,2,17.1,India,West Indies,V Kohli,KD Karthik,DE Bernard,0,0,,,,,,,,,
415284,2009/10,2009-09-30,New Wanderers Stadium,2,17.2,India,West Indies,V Kohli,KD Karthik,DE Bernard,0,0,,,,,,,,,
415284,2009/10,2009-09-30,New Wanderers Stadium,2,17.3,India,West Indies,V Kohli,KD Karthik,DE Bernard,0,0,,,,,,,,,
415284,2009/10,2009-09-30,New Wanderers Stadium,2,17.4,India,West Indies,V Kohli,KD Karthik,DE Bernard,0,1,1,,,,,,,,
415284,2009/10,2009-09-30,New Wanderers Stadium,2,17.5,India,West Indies,V Kohli,KD Karthik,DE Bernard,6,0,,,,,,,,,
415284,2009/10,2009-09-30,New Wanderers Stadium,2,17.6,India,West Indies,V Kohli,KD Karthik,DE Bernard,0,0,,,,,,,,,
415284,2009/10,2009-09-30,New Wanderers Stadium,2,17.7,India,West Indies,V Kohli,KD Karthik,DE Bernard,0,0,,,,,,,,,
415284,2009/10,2009-09-30,New Wanderers Stadium,2,18.1,India,West Indies,KD Karthik,V Kohli,DJG Sammy,1,0,,,,,,,,,
415284,2009/10,2009-09-30,New Wanderers Stadium,2,18.2,India,West Indies,V Kohli,KD Karthik,DJG Sammy,1,0,,,,,,,,,
415284,2009/10,2009-09-30,New Wanderers Stadium,2,18.3,India,West Indies,KD Karthik,V Kohli,DJG Sammy,0,0,,,,,,,,,
415284,2009/10,2009-09-30,New Wanderers Stadium,2,18.4,India,West Indies,KD Karthik,V Kohli,DJG Sammy,0,0,,,,,,,,,
415284,2009/10,2009-09-30,New Wanderers Stadium,2,18.5,India,West Indies,KD Karthik,V Kohli,DJG Sammy,0,0,,,,,,,,,
415284,2009/10,2009-09-30,New Wanderers Stadium,2,18.6,India,West Indies,KD Karthik,V Kohli,DJG Sammy,0,0,,,,,,,,,
415284,2009/10,2009-09-30,New Wanderers Stadium,2,19.1,India,West Indies,V Kohli,KD Karthik,GC Tonge,0,0,,,,,,,,,
415284,2009/10,2009-09-30,New Wanderers Stadium,2,19.2,India,West Indies,V Kohli,KD Karthik,GC Tonge,0,0,,,,,,,,,
415284,2009/10,2009-09-30,New Wanderers Stadium,2,19.3,India,West Indies,V Kohli,KD Karthik,GC Tonge,0,0,,,,,,,,,
415284,2009/10,2009-09-30,New Wanderers Stadium,2,19.4,India,West Indies,V Kohli,KD Karthik,GC Tonge,0,0,,,,,,,,,
415284,2009/10,2009-09-30,New Wanderers Stadium,2,19.5,India,West Indies,V Kohli,KD Karthik,GC Tonge,0,0,,,,,,,,,
415284,2009/10,2009-09-30,New Wanderers Stadium,2,19.6,India,West Indies,V Kohli,KD Karthik,GC Tonge,1,0,,,,,,,,,
415284,2009/10,2009-09-30,New Wanderers Stadium,2,20.1,India,West Indies,V Kohli,KD Karthik,DJG Sammy,1,0,,,,,,,,,
415284,2009/10,2009-09-30,New Wanderers Stadium,2,20.2,India,West Indies,KD Karthik,V Kohli,DJG Sammy,0,0,,,,,,,,,
415284,2009/10,2009-09-30,New Wanderers Stadium,2,20.3,India,West Indies,KD Karthik,V Kohli,DJG Sammy,0,0,,,,,,,,,
415284,2009/10,2009-09-30,New Wanderers Stadium,2,20.4,India,West Indies,KD Karthik,V Kohli,DJG Sammy,1,0,,,,,,,,,
415284,2009/10,2009-09-30,New Wanderers Stadium,2,20.5,India,West Indies,V Kohli,KD Karthik,DJG Sammy,2,0,,,,,,,,,
415284,2009/10,2009-09-30,New Wanderers Stadium,2,20.6,India,West Indies,V Kohli,KD Karthik,DJG Sammy,0,0,,,,,,,,,
415284,2009/10,2009-09-30,New Wanderers Stadium,2,21.1,India,West Indies,KD Karthik,V Kohli,GC Tonge,0,0,,,,,,,,,
415284,2009/10,2009-09-30,New Wanderers Stadium,2,21.2,India,West Indies,KD Karthik,V Kohli,GC Tonge,1,0,,,,,,,,,
415284,2009/10,2009-09-30,New Wanderers Stadium,2,21.3,India,West Indies,V Kohli,KD Karthik,GC Tonge,1,0,,,,,,,,,
415284,2009/10,2009-09-30,New Wanderers Stadium,2,21.4,India,West Indies,KD Karthik,V Kohli,GC Tonge,1,0,,,,,,,,,
415284,2009/10,2009-09-30,New Wanderers Stadium,2,21.5,India,West Indies,V Kohli,KD Karthik,GC Tonge,0,0,,,,,,,,,
415284,2009/10,2009-09-30,New Wanderers Stadium,2,21.6,India,West Indies,V Kohli,KD Karthik,GC Tonge,4,0,,,,,,,,,
415284,2009/10,2009-09-30,New Wanderers Stadium,2,22.1,India,West Indies,KD Karthik,V Kohli,DJG Sammy,0,0,,,,,,,,,
415284,2009/10,2009-09-30,New Wanderers Stadium,2,22.2,India,West Indies,KD Karthik,V Kohli,DJG Sammy,0,0,,,,,,,,,
415284,2009/10,2009-09-30,New Wanderers Stadium,2,22.3,India,West Indies,KD Karthik,V Kohli,DJG Sammy,0,0,,,,,,,,,
415284,2009/10,2009-09-30,New Wanderers Stadium,2,22.4,India,West Indies,KD Karthik,V Kohli,DJG Sammy,0,0,,,,,,,,,
415284,2009/10,2009-09-30,New Wanderers Stadium,2,22.5,India,West Indies,KD Karthik,V Kohli,DJG Sammy,0,0,,,,,,,,,
415284,2009/10,2009-09-30,New Wanderers Stadium,2,22.6,India,West Indies,KD Karthik,V Kohli,DJG Sammy,1,0,,,,,,,,,
415284,2009/10,2009-09-30,New Wanderers Stadium,2,23.1,India,West Indies,KD Karthik,V Kohli,DE Bernard,0,0,,,,,,,,,
415284,2009/10,2009-09-30,New Wanderers Stadium,2,23.2,India,West Indies,KD Karthik,V Kohli,DE Bernard,0,0,,,,,,,,,
415284,2009/10,2009-09-30,New Wanderers Stadium,2,23.3,India,West Indies,KD Karthik,V Kohli,DE Bernard,0,0,,,,,,,,,
415284,2009/10,2009-09-30,New Wanderers Stadium,2,23.4,India,West Indies,KD Karthik,V Kohli,DE Bernard,1,0,,,,,,,,,
415284,2009/10,2009-09-30,New Wanderers Stadium,2,23.5,India,West Indies,V Kohli,KD Karthik,DE Bernard,0,0,,,,,,,,,
415284,2009/10,2009-09-30,New Wanderers Stadium,2,23.6,India,West Indies,V Kohli,KD Karthik,DE Bernard,0,0,,,,,,,,,
415284,2009/10,2009-09-30,New Wanderers Stadium,2,24.1,India,West Indies,KD Karthik,V Kohli,DJG Sammy,0,0,,,,,,,,,
415284,2009/10,2009-09-30,New Wanderers Stadium,2,24.2,India,West Indies,KD Karthik,V Kohli,DJG Sammy,0,0,,,,,,,,,
415284,2009/10,2009-09-30,New Wanderers Stadium,2,24.3,India,West Indies,KD Karthik,V Kohli,DJG Sammy,0,0,,,,,,,,,
415284,2009/10,2009-09-30,New Wanderers Stadium,2,24.4,India,West Indies,KD Karthik,V Kohli,DJG Sammy,0,0,,,,,,,,,
415284,2009/10,2009-09-30,New Wanderers Stadium,2,24.5,India,West Indies,KD Karthik,V Kohli,DJG Sammy,0,0,,,,,,,,,
415284,2009/10,2009-09-30,New Wanderers Stadium,2,24.6,India,West Indies,KD Karthik,V Kohli,DJG Sammy,0,0,,,,,,,,,
415284,2009/10,2009-09-30,New Wanderers Stadium,2,25.1,India,West Indies,V Kohli,KD Karthik,DE Bernard,0,0,,,,,,,,,
415284,2009/10,2009-09-30,New Wanderers Stadium,2,25.2,India,West Indies,V Kohli,KD Karthik,DE Bernard,0,0,,,,,,,,,
415284,2009/10,2009-09-30,New Wanderers Stadium,2,25.3,India,West Indies,V Kohli,KD Karthik,DE Bernard,4,0,,,,,,,,,
415284,2009/10,2009-09-30,New Wanderers Stadium,2,25.4,India,West Indies,V Kohli,KD Karthik,DE Bernard,4,0,,,,,,,,,
415284,2009/10,2009-09-30,New Wanderers Stadium,2,25.5,India,West Indies,V Kohli,KD Karthik,DE Bernard,0,1,,1,,,,,,,
415284,2009/10,2009-09-30,New Wanderers Stadium,2,25.6,India,West Indies,V Kohli,KD Karthik,DE Bernard,0,1,1,,,,,,,,
415284,2009/10,2009-09-30,New Wanderers Stadium,2,25.7,India,West Indies,V Kohli,KD Karthik,DE Bernard,4,0,,,,,,,,,
415284,2009/10,2009-09-30,New Wanderers Stadium,2,25.8,India,West Indies,V Kohli,KD Karthik,DE Bernard,0,0,,,,,,,,,
415284,2009/10,2009-09-30,New Wanderers Stadium,2,26.1,India,West Indies,KD Karthik,V Kohli,NO Miller,0,0,,,,,,,,,
415284,2009/10,2009-09-30,New Wanderers Stadium,2,26.2,India,West Indies,KD Karthik,V Kohli,NO Miller,1,0,,,,,,,,,
415284,2009/10,2009-09-30,New Wanderers Stadium,2,26.3,India,West Indies,V Kohli,KD Karthik,NO Miller,1,0,,,,,,,,,
415284,2009/10,2009-09-30,New Wanderers Stadium,2,26.4,India,West Indies,KD Karthik,V Kohli,NO Miller,0,0,,,,,,,,,
415284,2009/10,2009-09-30,New Wanderers Stadium,2,26.5,India,West Indies,KD Karthik,V Kohli,NO Miller,1,0,,,,,,,,,
415284,2009/10,2009-09-30,New Wanderers Stadium,2,26.6,India,West Indies,V Kohli,KD Karthik,NO Miller,0,0,,,,,,,,,
415284,2009/10,2009-09-30,New Wanderers Stadium,2,27.1,India,West Indies,KD Karthik,V Kohli,GC Tonge,1,0,,,,,,,,,
415284,2009/10,2009-09-30,New Wanderers Stadium,2,27.2,India,West Indies,V Kohli,KD Karthik,GC Tonge,1,0,,,,,,,,,
415284,2009/10,2009-09-30,New Wanderers Stadium,2,27.3,India,West Indies,KD Karthik,V Kohli,GC Tonge,4,0,,,,,,,,,
415284,2009/10,2009-09-30,New Wanderers Stadium,2,27.4,India,West Indies,KD Karthik,V Kohli,GC Tonge,0,0,,,,,,caught,KD Karthik,,
415284,2009/10,2009-09-30,New Wanderers Stadium,2,27.5,India,West Indies,AM Nayar,V Kohli,GC Tonge,0,0,,,,,,,,,
415284,2009/10,2009-09-30,New Wanderers Stadium,2,27.6,India,West Indies,AM Nayar,V Kohli,GC Tonge,0,0,,,,,,,,,
415284,2009/10,2009-09-30,New Wanderers Stadium,2,28.1,India,West Indies,V Kohli,AM Nayar,NO Miller,0,0,,,,,,,,,
415284,2009/10,2009-09-30,New Wanderers Stadium,2,28.2,India,West Indies,V Kohli,AM Nayar,NO Miller,2,0,,,,,,,,,
415284,2009/10,2009-09-30,New Wanderers Stadium,2,28.3,India,West Indies,V Kohli,AM Nayar,NO Miller,0,0,,,,,,,,,
415284,2009/10,2009-09-30,New Wanderers Stadium,2,28.4,India,West Indies,V Kohli,AM Nayar,NO Miller,2,0,,,,,,,,,
415284,2009/10,2009-09-30,New Wanderers Stadium,2,28.5,India,West Indies,V Kohli,AM Nayar,NO Miller,0,0,,,,,,,,,
415284,2009/10,2009-09-30,New Wanderers Stadium,2,28.6,India,West Indies,V Kohli,AM Nayar,NO Miller,1,0,,,,,,,,,
415284,2009/10,2009-09-30,New Wanderers Stadium,2,29.1,India,West Indies,V Kohli,AM Nayar,GC Tonge,0,0,,,,,,,,,
415284,2009/10,2009-09-30,New Wanderers Stadium,2,29.2,India,West Indies,V Kohli,AM Nayar,GC Tonge,0,1,1,,,,,,,,
415284,2009/10,2009-09-30,New Wanderers Stadium,2,29.3,India,West Indies,V Kohli,AM Nayar,GC Tonge,1,0,,,,,,,,,
415284,2009/10,2009-09-30,New Wanderers Stadium,2,29.4,India,West Indies,AM Nayar,V Kohli,GC Tonge,0,0,,,,,,,,,
415284,2009/10,2009-09-30,New Wanderers Stadium,2,29.5,India,West Indies,AM Nayar,V Kohli,GC Tonge,0,0,,,,,,,,,
415284,2009/10,2009-09-30,New Wanderers Stadium,2,29.6,India,West Indies,AM Nayar,V Kohli,GC Tonge,0,0,,,,,,,,,
415284,2009/10,2009-09-30,New Wanderers Stadium,2,29.7,India,West Indies,AM Nayar,V Kohli,GC Tonge,0,0,,,,,,,,,
415284,2009/10,2009-09-30,New Wanderers Stadium,2,30.1,India,West Indies,V Kohli,AM Nayar,NO Miller,6,0,,,,,,,,,
415284,2009/10,2009-09-30,New Wanderers Stadium,2,30.2,India,West Indies,V Kohli,AM Nayar,NO Miller,0,0,,,,,,,,,
415284,2009/10,2009-09-30,New Wanderers Stadium,2,30.3,India,West Indies,V Kohli,AM Nayar,NO Miller,0,0,,,,,,,,,
415284,2009/10,2009-09-30,New Wanderers Stadium,2,30.4,India,West Indies,V Kohli,AM Nayar,NO Miller,4,0,,,,,,,,,
415284,2009/10,2009-09-30,New Wanderers Stadium,2,30.5,India,West Indies,V Kohli,AM Nayar,NO Miller,0,0,,,,,,,,,
415284,2009/10,2009-09-30,New Wanderers Stadium,2,30.6,India,West Indies,V Kohli,AM Nayar,NO Miller,1,0,,,,,,,,,
415284,2009/10,2009-09-30,New Wanderers Stadium,2,31.1,India,West Indies,V Kohli,AM Nayar,GC Tonge,4,0,,,,,,,,,
415284,2009/10,2009-09-30,New Wanderers Stadium,2,31.2,India,West Indies,V Kohli,AM Nayar,GC Tonge,2,0,,,,,,,,,
415284,2009/10,2009-09-30,New Wanderers Stadium,2,31.3,India,West Indies,V Kohli,AM Nayar,GC Tonge,0,0,,,,,,,,,
415284,2009/10,2009-09-30,New Wanderers Stadium,2,31.4,India,West Indies,V Kohli,AM Nayar,GC Tonge,0,0,,,,,,,,,
415284,2009/10,2009-09-30,New Wanderers Stadium,2,31.5,India,West Indies,V Kohli,AM Nayar,GC Tonge,1,0,,,,,,,,,
415284,2009/10,2009-09-30,New Wanderers Stadium,2,31.6,India,West Indies,AM Nayar,V Kohli,GC Tonge,0,0,,,,,,,,,
415284,2009/10,2009-09-30,New Wanderers Stadium,2,32.1,India,West Indies,V Kohli,AM Nayar,NO Miller,1,0,,,,,,,,,
