match_id,season,start_date,venue,innings,ball,batting_team,bowling_team,striker,non_striker,bowler,runs_off_bat,extras,wides,noballs,byes,legbyes,penalty,wicket_type,player_dismissed,other_wicket_type,other_player_dismissed
423794,2009/10,2010-03-11,Eden Park,1,0.1,New Zealand,Australia,BB McCullum,MJ Guptill,RJ Harris,0,0,,,,,,,,,
423794,2009/10,2010-03-11,Eden Park,1,0.2,New Zealand,Australia,BB McCullum,MJ Guptill,RJ Harris,0,1,1,,,,,,,,
423794,2009/10,2010-03-11,Eden Park,1,0.3,New Zealand,Australia,BB McCullum,MJ Guptill,RJ Harris,1,0,,,,,,,,,
423794,2009/10,2010-03-11,Eden Park,1,0.4,New Zealand,Australia,MJ Guptill,BB McCullum,RJ Harris,0,0,,,,,,,,,
423794,2009/10,2010-03-11,Eden Park,1,0.5,New Zealand,Australia,MJ Guptill,BB McCullum,RJ Harris,5,0,,,,,,,,,
423794,2009/10,2010-03-11,Eden Park,1,0.6,New Zealand,Australia,BB McCullum,MJ Guptill,RJ Harris,0,0,,,,,,,,,
423794,2009/10,2010-03-11,Eden Park,1,0.7,New Zealand,Australia,BB McCullum,MJ Guptill,RJ Harris,0,0,,,,,,,,,
423794,2009/10,2010-03-11,Eden Park,1,1.1,New Zealand,Australia,MJ Guptill,BB McCullum,DE Bollinger,4,0,,,,,,,,,
423794,2009/10,2010-03-11,Eden Park,1,1.2,New Zealand,Australia,MJ Guptill,BB McCullum,DE Bollinger,0,0,,,,,,,,,
423794,2009/10,2010-03-11,Eden Park,1,1.3,New Zealand,Australia,MJ Guptill,BB McCullum,DE Bollinger,0,0,,,,,,,,,
423794,2009/10,2010-03-11,Eden Park,1,1.4,New Zealand,Australia,MJ Guptill,BB McCullum,DE Bollinger,0,0,,,,,,,,,
423794,2009/10,2010-03-11,Eden Park,1,1.5,New Zealand,Australia,MJ Guptill,BB McCullum,DE Bollinger,0,0,,,,,,,,,
423794,2009/10,2010-03-11,Eden Park,1,1.6,New Zealand,Australia,MJ Guptill,BB McCullum,DE Bollinger,0,0,,,,,,,,,
423794,2009/10,2010-03-11,Eden Park,1,2.1,New Zealand,Australia,BB McCullum,MJ Guptill,RJ Harris,0,0,,,,,,,,,
423794,2009/10,2010-03-11,Eden Park,1,2.2,New Zealand,Australia,BB McCullum,MJ Guptill,RJ Harris,0,0,,,,,,,,,
423794,2009/10,2010-03-11,Eden Park,1,2.3,New Zealand,Australia,BB McCullum,MJ Guptill,RJ Harris,0,0,,,,,,,,,
423794,2009/10,2010-03-11,Eden Park,1,2.4,New Zealand,Australia,BB McCullum,MJ Guptill,RJ Harris,0,0,,,,,,,,,
423794,2009/10,2010-03-11,Eden Park,1,2.5,New Zealand,Australia,BB McCullum,MJ Guptill,RJ Harris,0,0,,,,,,,,,
423794,2009/10,2010-03-11,Eden Park,1,2.6,New Zealand,Australia,BB McCullum,MJ Guptill,RJ Harris,0,0,,,,,,,,,
423794,2009/10,2010-03-11,Eden Park,1,3.1,New Zealand,Australia,MJ Guptill,BB McCullum,DE Bollinger,4,0,,,,,,,,,
423794,2009/10,2010-03-11,Eden Park,1,3.2,New Zealand,Australia,MJ Guptill,BB McCullum,DE Bollinger,0,0,,,,,,,,,
423794,2009/10,2010-03-11,Eden Park,1,3.3,New Zealand,Australia,MJ Guptill,BB McCullum,DE Bollinger,3,0,,,,,,,,,
423794,2009/10,2010-03-11,Eden Park,1,3.4,New Zealand,Australia,BB McCullum,MJ Guptill,DE Bollinger,0,0,,,,,,,,,
423794,2009/10,2010-03-11,Eden Park,1,3.5,New Zealand,Australia,BB McCullum,MJ Guptill,DE Bollinger,4,0,,,,,,,,,
423794,2009/10,2010-03-11,Eden Park,1,3.6,New Zealand,Australia,BB McCullum,MJ Guptill,DE Bollinger,1,0,,,,,,,,,
423794,2009/10,2010-03-11,Eden Park,1,4.1,New Zealand,Australia,BB McCullum,MJ Guptill,RJ Harris,4,0,,,,,,,,,
423794,2009/10,2010-03-11,Eden Park,1,4.2,New Zealand,Australia,BB McCullum,MJ Guptill,RJ Harris,6,0,,,,,,,,,
423794,2009/10,2010-03-11,Eden Park,1,4.3,New Zealand,Australia,BB McCullum,MJ Guptill,RJ Harris,0,0,,,,,,,,,
423794,2009/10,2010-03-11,Eden Park,1,4.4,New Zealand,Australia,BB McCullum,MJ Guptill,RJ Harris,0,0,,,,,,,,,
423794,2009/10,2010-03-11,Eden Park,1,4.5,New Zealand,Australia,BB McCullum,MJ Guptill,RJ Harris,3,0,,,,,,,,,
423794,2009/10,2010-03-11,Eden Park,1,4.6,New Zealand,Australia,MJ Guptill,BB McCullum,RJ Harris,0,0,,,,,,,,,
423794,2009/10,2010-03-11,Eden Park,1,5.1,New Zealand,Australia,BB McCullum,MJ Guptill,DE Bollinger,0,1,,1,,,,,,,
423794,2009/10,2010-03-11,Eden Park,1,5.2,New Zealand,Australia,BB McCullum,MJ Guptill,DE Bollinger,6,1,,1,,,,,,,
423794,2009/10,2010-03-11,Eden Park,1,5.3,New Zealand,Australia,BB McCullum,MJ Guptill,DE Bollinger,1,0,,,,,,,,,
423794,2009/10,2010-03-11,Eden Park,1,5.4,New Zealand,Australia,MJ Guptill,BB McCullum,DE Bollinger,0,0,,,,,,,,,
423794,2009/10,2010-03-11,Eden Park,1,5.5,New Zealand,Australia,MJ Guptill,BB McCullum,DE Bollinger,4,0,,,,,,,,,
423794,2009/10,2010-03-11,Eden Park,1,5.6,New Zealand,Australia,MJ Guptill,BB McCullum,DE Bollinger,0,0,,,,,,,,,
423794,2009/10,2010-03-11,Eden Park,1,5.7,New Zealand,Australia,MJ Guptill,BB McCullum,DE Bollinger,0,0,,,,,,,,,
423794,2009/10,2010-03-11,Eden Park,1,5.8,New Zealand,Australia,MJ Guptill,BB McCullum,DE Bollinger,1,0,,,,,,,,,
423794,2009/10,2010-03-11,Eden Park,1,6.1,New Zealand,Australia,MJ Guptill,BB McCullum,MG Johnson,1,0,,,,,,,,,
423794,2009/10,2010-03-11,Eden Park,1,6.2,New Zealand,Australia,BB McCullum,MJ Guptill,MG Johnson,4,0,,,,,,,,,
423794,2009/10,2010-03-11,Eden Park,1,6.3,New Zealand,Australia,BB McCullum,MJ Guptill,MG Johnson,0,0,,,,,,,,,
423794,2009/10,2010-03-11,Eden Park,1,6.4,New Zealand,Australia,BB McCullum,MJ Guptill,MG Johnson,0,0,,,,,,,,,
423794,2009/10,2010-03-11,Eden Park,1,6.5,New Zealand,Australia,BB McCullum,MJ Guptill,MG Johnson,0,0,,,,,,,,,
423794,2009/10,2010-03-11,Eden Park,1,6.6,New Zealand,Australia,BB McCullum,MJ Guptill,MG Johnson,0,0,,,,,,,,,
423794,2009/10,2010-03-11,Eden Park,1,7.1,New Zealand,Australia,MJ Guptill,BB McCullum,SR Watson,0,0,,,,,,,,,
423794,2009/10,2010-03-11,Eden Park,1,7.2,New Zealand,Australia,MJ Guptill,BB McCullum,SR Watson,4,0,,,,,,,,,
423794,2009/10,2010-03-11,Eden Park,1,7.3,New Zealand,Australia,MJ Guptill,BB McCullum,SR Watson,4,0,,,,,,,,,
423794,2009/10,2010-03-11,Eden Park,1,7.4,New Zealand,Australia,MJ Guptill,BB McCullum,SR Watson,0,0,,,,,,caught,MJ Guptill,,
423794,2009/10,2010-03-11,Eden Park,1,7.5,New Zealand,Australia,LRPL Taylor,BB McCullum,SR Watson,0,0,,,,,,,,,
423794,2009/10,2010-03-11,Eden Park,1,7.6,New Zealand,Australia,LRPL Taylor,BB McCullum,SR Watson,0,0,,,,,,,,,
423794,2009/10,2010-03-11,Eden Park,1,8.1,New Zealand,Australia,BB McCullum,LRPL Taylor,MG Johnson,0,0,,,,,,,,,
423794,2009/10,2010-03-11,Eden Park,1,8.2,New Zealand,Australia,BB McCullum,LRPL Taylor,MG Johnson,0,0,,,,,,,,,
423794,2009/10,2010-03-11,Eden Park,1,8.3,New Zealand,Australia,BB McCullum,LRPL Taylor,MG Johnson,0,0,,,,,,,,,
423794,2009/10,2010-03-11,Eden Park,1,8.4,New Zealand,Australia,BB McCullum,LRPL Taylor,MG Johnson,0,1,1,,,,,,,,
423794,2009/10,2010-03-11,Eden Park,1,8.5,New Zealand,Australia,BB McCullum,LRPL Taylor,MG Johnson,0,0,,,,,,,,,
423794,2009/10,2010-03-11,Eden Park,1,8.6,New Zealand,Australia,BB McCullum,LRPL Taylor,MG Johnson,0,0,,,,,,,,,
423794,2009/10,2010-03-11,Eden Park,1,8.7,New Zealand,Australia,BB McCullum,LRPL Taylor,MG Johnson,0,0,,,,,,,,,
423794,2009/10,2010-03-11,Eden Park,1,9.1,New Zealand,Australia,LRPL Taylor,BB McCullum,SR Watson,0,0,,,,,,,,,
423794,2009/10,2010-03-11,Eden Park,1,9.2,New Zealand,Australia,LRPL Taylor,BB McCullum,SR Watson,1,0,,,,,,,,,
423794,2009/10,2010-03-11,Eden Park,1,9.3,New Zealand,Australia,BB McCullum,LRPL Taylor,SR Watson,0,0,,,,,,,,,
423794,2009/10,2010-03-11,Eden Park,1,9.4,New Zealand,Australia,BB McCullum,LRPL Taylor,SR Watson,0,0,,,,,,,,,
423794,2009/10,2010-03-11,Eden Park,1,9.5,New Zealand,Australia,BB McCullum,LRPL Taylor,SR Watson,0,0,,,,,,,,,
423794,2009/10,2010-03-11,Eden Park,1,9.6,New Zealand,Australia,BB McCullum,LRPL Taylor,SR Watson,0,0,,,,,,,,,
423794,2009/10,2010-03-11,Eden Park,1,10.1,New Zealand,Australia,LRPL Taylor,BB McCullum,MG Johnson,0,1,1,,,,,,,,
423794,2009/10,2010-03-11,Eden Park,1,10.2,New Zealand,Australia,LRPL Taylor,BB McCullum,MG Johnson,0,0,,,,,,,,,
423794,2009/10,2010-03-11,Eden Park,1,10.3,New Zealand,Australia,LRPL Taylor,BB McCullum,MG Johnson,0,5,5,,,,,,,,
423794,2009/10,2010-03-11,Eden Park,1,10.4,New Zealand,Australia,LRPL Taylor,BB McCullum,MG Johnson,0,0,,,,,,,,,
423794,2009/10,2010-03-11,Eden Park,1,10.5,New Zealand,Australia,LRPL Taylor,BB McCullum,MG Johnson,0,0,,,,,,,,,
423794,2009/10,2010-03-11,Eden Park,1,10.6,New Zealand,Australia,LRPL Taylor,BB McCullum,MG Johnson,0,0,,,,,,,,,
423794,2009/10,2010-03-11,Eden Park,1,10.7,New Zealand,Australia,LRPL Taylor,BB McCullum,MG Johnson,0,1,1,,,,,,,,
423794,2009/10,2010-03-11,Eden Park,1,10.8,New Zealand,Australia,LRPL Taylor,BB McCullum,MG Johnson,1,0,,,,,,,,,
423794,2009/10,2010-03-11,Eden Park,1,10.9,New Zealand,Australia,BB McCullum,LRPL Taylor,MG Johnson,0,0,,,,,,,,,
423794,2009/10,2010-03-11,Eden Park,1,11.1,New Zealand,Australia,LRPL Taylor,BB McCullum,SR Watson,0,0,,,,,,,,,
423794,2009/10,2010-03-11,Eden Park,1,11.2,New Zealand,Australia,LRPL Taylor,BB McCullum,SR Watson,0,0,,,,,,,,,
423794,2009/10,2010-03-11,Eden Park,1,11.3,New Zealand,Australia,LRPL Taylor,BB McCullum,SR Watson,0,0,,,,,,,,,
423794,2009/10,2010-03-11,Eden Park,1,11.4,New Zealand,Australia,LRPL Taylor,BB McCullum,SR Watson,0,0,,,,,,,,,
423794,2009/10,2010-03-11,Eden Park,1,11.5,New Zealand,Australia,LRPL Taylor,BB McCullum,SR Watson,0,0,,,,,,,,,
423794,2009/10,2010-03-11,Eden Park,1,11.6,New Zealand,Australia,LRPL Taylor,BB McCullum,SR Watson,0,0,,,,,,,,,
423794,2009/10,2010-03-11,Eden Park,1,12.1,New Zealand,Australia,BB McCullum,LRPL Taylor,MG Johnson,1,0,,,,,,,,,
423794,2009/10,2010-03-11,Eden Park,1,12.2,New Zealand,Australia,LRPL Taylor,BB McCullum,MG Johnson,0,1,,,,1,,,,,
423794,2009/10,2010-03-11,Eden Park,1,12.3,New Zealand,Australia,BB McCullum,LRPL Taylor,MG Johnson,6,0,,,,,,,,,
423794,2009/10,2010-03-11,Eden Park,1,12.4,New Zealand,Australia,BB McCullum,LRPL Taylor,MG Johnson,0,0,,,,,,,,,
423794,2009/10,2010-03-11,Eden Park,1,12.5,New Zealand,Australia,BB McCullum,LRPL Taylor,MG Johnson,1,0,,,,,,,,,
423794,2009/10,2010-03-11,Eden Park,1,12.6,New Zealand,Australia,LRPL Taylor,BB McCullum,MG Johnson,1,0,,,,,,,,,
423794,2009/10,2010-03-11,Eden Park,1,13.1,New Zealand,Australia,LRPL Taylor,BB McCullum,SR Watson,0,1,,,,1,,,,,
423794,2009/10,2010-03-11,Eden Park,1,13.2,New Zealand,Australia,BB McCullum,LRPL Taylor,SR Watson,0,0,,,,,,,,,
423794,2009/10,2010-03-11,Eden Park,1,13.3,New Zealand,Australia,BB McCullum,LRPL Taylor,SR Watson,0,0,,,,,,,,,
423794,2009/10,2010-03-11,Eden Park,1,13.4,New Zealand,Australia,BB McCullum,LRPL Taylor,SR Watson,1,0,,,,,,,,,
423794,2009/10,2010-03-11,Eden Park,1,13.5,New Zealand,Australia,LRPL Taylor,BB McCullum,SR Watson,1,0,,,,,,,,,
423794,2009/10,2010-03-11,Eden Park,1,13.6,New Zealand,Australia,BB McCullum,LRPL Taylor,SR Watson,6,0,,,,,,,,,
423794,2009/10,2010-03-11,Eden Park,1,14.1,New Zealand,Australia,LRPL Taylor,BB McCullum,RJ Harris,1,0,,,,,,,,,
423794,2009/10,2010-03-11,Eden Park,1,14.2,New Zealand,Australia,BB McCullum,LRPL Taylor,RJ Harris,0,0,,,,,,,,,
423794,2009/10,2010-03-11,Eden Park,1,14.3,New Zealand,Australia,BB McCullum,LRPL Taylor,RJ Harris,1,0,,,,,,,,,
423794,2009/10,2010-03-11,Eden Park,1,14.4,New Zealand,Australia,LRPL Taylor,BB McCullum,RJ Harris,0,0,,,,,,,,,
423794,2009/10,2010-03-11,Eden Park,1,14.5,New Zealand,Australia,LRPL Taylor,BB McCullum,RJ Harris,1,0,,,,,,,,,
423794,2009/10,2010-03-11,Eden Park,1,14.6,New Zealand,Australia,BB McCullum,LRPL Taylor,RJ Harris,0,0,,,,,,,,,
423794,2009/10,2010-03-11,Eden Park,1,15.1,New Zealand,Australia,LRPL Taylor,BB McCullum,JR Hopes,0,0,,,,,,,,,
423794,2009/10,2010-03-11,Eden Park,1,15.2,New Zealand,Australia,LRPL Taylor,BB McCullum,JR Hopes,1,0,,,,,,,,,
423794,2009/10,2010-03-11,Eden Park,1,15.3,New Zealand,Australia,BB McCullum,LRPL Taylor,JR Hopes,1,0,,,,,,,,,
423794,2009/10,2010-03-11,Eden Park,1,15.4,New Zealand,Australia,LRPL Taylor,BB McCullum,JR Hopes,1,0,,,,,,,,,
423794,2009/10,2010-03-11,Eden Park,1,15.5,New Zealand,Australia,BB McCullum,LRPL Taylor,JR Hopes,1,0,,,,,,,,,
423794,2009/10,2010-03-11,Eden Park,1,15.6,New Zealand,Australia,LRPL Taylor,BB McCullum,JR Hopes,0,0,,,,,,,,,
423794,2009/10,2010-03-11,Eden Park,1,16.1,New Zealand,Australia,BB McCullum,LRPL Taylor,RJ Harris,1,0,,,,,,,,,
423794,2009/10,2010-03-11,Eden Park,1,16.2,New Zealand,Australia,LRPL Taylor,BB McCullum,RJ Harris,1,0,,,,,,,,,
423794,2009/10,2010-03-11,Eden Park,1,16.3,New Zealand,Australia,BB McCullum,LRPL Taylor,RJ Harris,0,0,,,,,,,,,
423794,2009/10,2010-03-11,Eden Park,1,16.4,New Zealand,Australia,BB McCullum,LRPL Taylor,RJ Harris,1,0,,,,,,,,,
423794,2009/10,2010-03-11,Eden Park,1,16.5,New Zealand,Australia,LRPL Taylor,BB McCullum,RJ Harris,1,0,,,,,,,,,
423794,2009/10,2010-03-11,Eden Park,1,16.6,New Zealand,Australia,BB McCullum,LRPL Taylor,RJ Harris,0,1,,,,1,,,,,
423794,2009/10,2010-03-11,Eden Park,1,17.1,New Zealand,Australia,BB McCullum,LRPL Taylor,JR Hopes,1,0,,,,,,,,,
423794,2009/10,2010-03-11,Eden Park,1,17.2,New Zealand,Australia,LRPL Taylor,BB McCullum,JR Hopes,4,0,,,,,,,,,
423794,2009/10,2010-03-11,Eden Park,1,17.3,New Zealand,Australia,LRPL Taylor,BB McCullum,JR Hopes,0,0,,,,,,,,,
423794,2009/10,2010-03-11,Eden Park,1,17.4,New Zealand,Australia,LRPL Taylor,BB McCullum,JR Hopes,0,0,,,,,,,,,
423794,2009/10,2010-03-11,Eden Park,1,17.5,New Zealand,Australia,LRPL Taylor,BB McCullum,JR Hopes,0,0,,,,,,,,,
423794,2009/10,2010-03-11,Eden Park,1,17.6,New Zealand,Australia,LRPL Taylor,BB McCullum,JR Hopes,0,0,,,,,,,,,
423794,2009/10,2010-03-11,Eden Park,1,18.1,New Zealand,Australia,BB McCullum,LRPL Taylor,NM Hauritz,0,0,,,,,,,,,
423794,2009/10,2010-03-11,Eden Park,1,18.2,New Zealand,Australia,BB McCullum,LRPL Taylor,NM Hauritz,1,0,,,,,,,,,
423794,2009/10,2010-03-11,Eden Park,1,18.3,New Zealand,Australia,LRPL Taylor,BB McCullum,NM Hauritz,0,0,,,,,,,,,
423794,2009/10,2010-03-11,Eden Park,1,18.4,New Zealand,Australia,LRPL Taylor,BB McCullum,NM Hauritz,0,0,,,,,,,,,
423794,2009/10,2010-03-11,Eden Park,1,18.5,New Zealand,Australia,LRPL Taylor,BB McCullum,NM Hauritz,1,0,,,,,,,,,
423794,2009/10,2010-03-11,Eden Park,1,18.6,New Zealand,Australia,BB McCullum,LRPL Taylor,NM Hauritz,1,0,,,,,,,,,
423794,2009/10,2010-03-11,Eden Park,1,19.1,New Zealand,Australia,BB McCullum,LRPL Taylor,JR Hopes,2,0,,,,,,,,,
423794,2009/10,2010-03-11,Eden Park,1,19.2,New Zealand,Australia,BB McCullum,LRPL Taylor,JR Hopes,0,3,3,,,,,,,,
423794,2009/10,2010-03-11,Eden Park,1,19.3,New Zealand,Australia,BB McCullum,LRPL Taylor,JR Hopes,0,2,,,,2,,,,,
423794,2009/10,2010-03-11,Eden Park,1,19.4,New Zealand,Australia,BB McCullum,LRPL Taylor,JR Hopes,0,0,,,,,,,,,
423794,2009/10,2010-03-11,Eden Park,1,19.5,New Zealand,Australia,BB McCullum,LRPL Taylor,JR Hopes,1,0,,,,,,,,,
423794,2009/10,2010-03-11,Eden Park,1,19.6,New Zealand,Australia,LRPL Taylor,BB McCullum,JR Hopes,0,0,,,,,,caught,LRPL Taylor,,
423794,2009/10,2010-03-11,Eden Park,1,19.7,New Zealand,Australia,BB McCullum,SL Stewart,JR Hopes,0,0,,,,,,,,,
423794,2009/10,2010-03-11,Eden Park,1,20.1,New Zealand,Australia,SL Stewart,BB McCullum,NM Hauritz,0,0,,,,,,,,,
423794,2009/10,2010-03-11,Eden Park,1,20.2,New Zealand,Australia,SL Stewart,BB McCullum,NM Hauritz,0,0,,,,,,,,,
423794,2009/10,2010-03-11,Eden Park,1,20.3,New Zealand,Australia,SL Stewart,BB McCullum,NM Hauritz,0,0,,,,,,,,,
423794,2009/10,2010-03-11,Eden Park,1,20.4,New Zealand,Australia,SL Stewart,BB McCullum,NM Hauritz,2,0,,,,,,,,,
423794,2009/10,2010-03-11,Eden Park,1,20.5,New Zealand,Australia,SL Stewart,BB McCullum,NM Hauritz,0,1,,,,1,,,,,
423794,2009/10,2010-03-11,Eden Park,1,20.6,New Zealand,Australia,BB McCullum,SL Stewart,NM Hauritz,0,0,,,,,,,,,
423794,2009/10,2010-03-11,Eden Park,1,21.1,New Zealand,Australia,SL Stewart,BB McCullum,JR Hopes,1,0,,,,,,,,,
423794,2009/10,2010-03-11,Eden Park,1,21.2,New Zealand,Australia,BB McCullum,SL Stewart,JR Hopes,0,0,,,,,,,,,
423794,2009/10,2010-03-11,Eden Park,1,21.3,New Zealand,Australia,BB McCullum,SL Stewart,JR Hopes,1,0,,,,,,,,,
423794,2009/10,2010-03-11,Eden Park,1,21.4,New Zealand,Australia,SL Stewart,BB McCullum,JR Hopes,1,0,,,,,,,,,
423794,2009/10,2010-03-11,Eden Park,1,21.5,New Zealand,Australia,BB McCullum,SL Stewart,JR Hopes,1,0,,,,,,,,,
423794,2009/10,2010-03-11,Eden Park,1,21.6,New Zealand,Australia,SL Stewart,BB McCullum,JR Hopes,0,0,,,,,,,,,
423794,2009/10,2010-03-11,Eden Park,1,22.1,New Zealand,Australia,BB McCullum,SL Stewart,NM Hauritz,1,0,,,,,,,,,
423794,2009/10,2010-03-11,Eden Park,1,22.2,New Zealand,Australia,SL Stewart,BB McCullum,NM Hauritz,0,0,,,,,,caught,SL Stewart,,
423794,2009/10,2010-03-11,Eden Park,1,22.3,New Zealand,Australia,BB McCullum,SB Styris,NM Hauritz,1,0,,,,,,,,,
423794,2009/10,2010-03-11,Eden Park,1,22.4,New Zealand,Australia,SB Styris,BB McCullum,NM Hauritz,0,0,,,,,,,,,
423794,2009/10,2010-03-11,Eden Park,1,22.5,New Zealand,Australia,SB Styris,BB McCullum,NM Hauritz,0,0,,,,,,,,,
423794,2009/10,2010-03-11,Eden Park,1,22.6,New Zealand,Australia,SB Styris,BB McCullum,NM Hauritz,0,0,,,,,,,,,
423794,2009/10,2010-03-11,Eden Park,1,23.1,New Zealand,Australia,BB McCullum,SB Styris,DE Bollinger,0,0,,,,,,,,,
423794,2009/10,2010-03-11,Eden Park,1,23.2,New Zealand,Australia,BB McCullum,SB Styris,DE Bollinger,0,0,,,,,,,,,
423794,2009/10,2010-03-11,Eden Park,1,23.3,New Zealand,Australia,BB McCullum,SB Styris,DE Bollinger,1,0,,,,,,,,,
423794,2009/10,2010-03-11,Eden Park,1,23.4,New Zealand,Australia,SB Styris,BB McCullum,DE Bollinger,0,0,,,,,,,,,
423794,2009/10,2010-03-11,Eden Park,1,23.5,New Zealand,Australia,SB Styris,BB McCullum,DE Bollinger,0,0,,,,,,,,,
423794,2009/10,2010-03-11,Eden Park,1,23.6,New Zealand,Australia,SB Styris,BB McCullum,DE Bollinger,0,0,,,,,,,,,
423794,2009/10,2010-03-11,Eden Park,1,24.1,New Zealand,Australia,BB McCullum,SB Styris,NM Hauritz,0,0,,,,,,,,,
423794,2009/10,2010-03-11,Eden Park,1,24.2,New Zealand,Australia,BB McCullum,SB Styris,NM Hauritz,0,0,,,,,,,,,
423794,2009/10,2010-03-11,Eden Park,1,24.3,New Zealand,Australia,BB McCullum,SB Styris,NM Hauritz,0,0,,,,,,caught,BB McCullum,,
423794,2009/10,2010-03-11,Eden Park,1,24.4,New Zealand,Australia,DL Vettori,SB Styris,NM Hauritz,0,1,,,,1,,,,,
423794,2009/10,2010-03-11,Eden Park,1,24.5,New Zealand,Australia,SB Styris,DL Vettori,NM Hauritz,1,0,,,,,,,,,
423794,2009/10,2010-03-11,Eden Park,1,24.6,New Zealand,Australia,DL Vettori,SB Styris,NM Hauritz,1,0,,,,,,,,,
423794,2009/10,2010-03-11,Eden Park,1,25.1,New Zealand,Australia,DL Vettori,SB Styris,DE Bollinger,1,0,,,,,,,,,
423794,2009/10,2010-03-11,Eden Park,1,25.2,New Zealand,Australia,SB Styris,DL Vettori,DE Bollinger,1,0,,,,,,,,,
423794,2009/10,2010-03-11,Eden Park,1,25.3,New Zealand,Australia,DL Vettori,SB Styris,DE Bollinger,1,0,,,,,,,,,
423794,2009/10,2010-03-11,Eden Park,1,25.4,New Zealand,Australia,SB Styris,DL Vettori,DE Bollinger,0,0,,,,,,,,,
423794,2009/10,2010-03-11,Eden Park,1,25.5,New Zealand,Australia,SB Styris,DL Vettori,DE Bollinger,0,0,,,,,,,,,
423794,2009/10,2010-03-11,Eden Park,1,25.6,New Zealand,Australia,SB Styris,DL Vettori,DE Bollinger,0,0,,,,,,,,,
423794,2009/10,2010-03-11,Eden Park,1,26.1,New Zealand,Australia,DL Vettori,SB Styris,NM Hauritz,1,0,,,,,,,,,
423794,2009/10,2010-03-11,Eden Park,1,26.2,New Zealand,Australia,SB Styris,DL Vettori,NM Hauritz,1,0,,,,,,,,,
423794,2009/10,2010-03-11,Eden Park,1,26.3,New Zealand,Australia,DL Vettori,SB Styris,NM Hauritz,1,0,,,,,,,,,
423794,2009/10,2010-03-11,Eden Park,1,26.4,New Zealand,Australia,SB Styris,DL Vettori,NM Hauritz,1,0,,,,,,,,,
423794,2009/10,2010-03-11,Eden Park,1,26.5,New Zealand,Australia,DL Vettori,SB Styris,NM Hauritz,0,0,,,,,,,,,
423794,2009/10,2010-03-11,Eden Park,1,26.6,New Zealand,Australia,DL Vettori,SB Styris,NM Hauritz,1,0,,,,,,,,,
423794,2009/10,2010-03-11,Eden Park,1,27.1,New Zealand,Australia,DL Vettori,SB Styris,JR Hopes,1,0,,,,,,,,,
423794,2009/10,2010-03-11,Eden Park,1,27.2,New Zealand,Australia,SB Styris,DL Vettori,JR Hopes,1,0,,,,,,,,,
423794,2009/10,2010-03-11,Eden Park,1,27.3,New Zealand,Australia,DL Vettori,SB Styris,JR Hopes,1,0,,,,,,,,,
423794,2009/10,2010-03-11,Eden Park,1,27.4,New Zealand,Australia,SB Styris,DL Vettori,JR Hopes,0,0,,,,,,,,,
423794,2009/10,2010-03-11,Eden Park,1,27.5,New Zealand,Australia,SB Styris,DL Vettori,JR Hopes,1,0,,,,,,,,,
423794,2009/10,2010-03-11,Eden Park,1,27.6,New Zealand,Australia,DL Vettori,SB Styris,JR Hopes,1,0,,,,,,,,,
423794,2009/10,2010-03-11,Eden Park,1,28.1,New Zealand,Australia,DL Vettori,SB Styris,MG Johnson,1,0,,,,,,,,,
423794,2009/10,2010-03-11,Eden Park,1,28.2,New Zealand,Australia,SB Styris,DL Vettori,MG Johnson,1,0,,,,,,,,,
423794,2009/10,2010-03-11,Eden Park,1,28.3,New Zealand,Australia,DL Vettori,SB Styris,MG Johnson,0,0,,,,,,,,,
423794,2009/10,2010-03-11,Eden Park,1,28.4,New Zealand,Australia,DL Vettori,SB Styris,MG Johnson,0,1,,,,1,,,,,
423794,2009/10,2010-03-11,Eden Park,1,28.5,New Zealand,Australia,SB Styris,DL Vettori,MG Johnson,1,0,,,,,,,,,
423794,2009/10,2010-03-11,Eden Park,1,28.6,New Zealand,Australia,DL Vettori,SB Styris,MG Johnson,1,0,,,,,,,,,
423794,2009/10,2010-03-11,Eden Park,1,29.1,New Zealand,Australia,DL Vettori,SB Styris,JR Hopes,1,0,,,,,,,,,
423794,2009/10,2010-03-11,Eden Park,1,29.2,New Zealand,Australia,SB Styris,DL Vettori,JR Hopes,0,0,,,,,,caught and bowled,SB Styris,,
423794,2009/10,2010-03-11,Eden Park,1,29.3,New Zealand,Australia,GJ Hopkins,DL Vettori,JR Hopes,0,0,,,,,,,,,
423794,2009/10,2010-03-11,Eden Park,1,29.4,New Zealand,Australia,GJ Hopkins,DL Vettori,JR Hopes,0,0,,,,,,,,,
423794,2009/10,2010-03-11,Eden Park,1,29.5,New Zealand,Australia,GJ Hopkins,DL Vettori,JR Hopes,0,0,,,,,,,,,
423794,2009/10,2010-03-11,Eden Park,1,29.6,New Zealand,Australia,GJ Hopkins,DL Vettori,JR Hopes,1,0,,,,,,,,,
423794,2009/10,2010-03-11,Eden Park,1,30.1,New Zealand,Australia,GJ Hopkins,DL Vettori,MG Johnson,0,0,,,,,,,,,
423794,2009/10,2010-03-11,Eden Park,1,30.2,New Zealand,Australia,GJ Hopkins,DL Vettori,MG Johnson,1,0,,,,,,,,,
423794,2009/10,2010-03-11,Eden Park,1,30.3,New Zealand,Australia,DL Vettori,GJ Hopkins,MG Johnson,0,0,,,,,,,,,
423794,2009/10,2010-03-11,Eden Park,1,30.4,New Zealand,Australia,DL Vettori,GJ Hopkins,MG Johnson,0,0,,,,,,lbw,DL Vettori,,
423794,2009/10,2010-03-11,Eden Park,1,30.5,New Zealand,Australia,JEC Franklin,GJ Hopkins,MG Johnson,0,0,,,,,,,,,
423794,2009/10,2010-03-11,Eden Park,1,30.6,New Zealand,Australia,JEC Franklin,GJ Hopkins,MG Johnson,0,0,,,,,,,,,
423794,2009/10,2010-03-11,Eden Park,1,31.1,New Zealand,Australia,GJ Hopkins,JEC Franklin,JR Hopes,0,0,,,,,,,,,
423794,2009/10,2010-03-11,Eden Park,1,31.2,New Zealand,Australia,GJ Hopkins,JEC Franklin,JR Hopes,1,0,,,,,,,,,
423794,2009/10,2010-03-11,Eden Park,1,31.3,New Zealand,Australia,JEC Franklin,GJ Hopkins,JR Hopes,2,0,,,,,,,,,
423794,2009/10,2010-03-11,Eden Park,1,31.4,New Zealand,Australia,JEC Franklin,GJ Hopkins,JR Hopes,1,0,,,,,,,,,
423794,2009/10,2010-03-11,Eden Park,1,31.5,New Zealand,Australia,GJ Hopkins,JEC Franklin,JR Hopes,1,0,,,,,,,,,
423794,2009/10,2010-03-11,Eden Park,1,31.6,New Zealand,Australia,JEC Franklin,GJ Hopkins,JR Hopes,0,0,,,,,,,,,
423794,2009/10,2010-03-11,Eden Park,1,32.1,New Zealand,Australia,GJ Hopkins,JEC Franklin,MG Johnson,0,0,,,,,,,,,
423794,2009/10,2010-03-11,Eden Park,1,32.2,New Zealand,Australia,GJ Hopkins,JEC Franklin,MG Johnson,0,0,,,,,,,,,
423794,2009/10,2010-03-11,Eden Park,1,32.3,New Zealand,Australia,GJ Hopkins,JEC Franklin,MG Johnson,0,0,,,,,,,,,
423794,2009/10,2010-03-11,Eden Park,1,32.4,New Zealand,Australia,GJ Hopkins,JEC Franklin,MG Johnson,1,0,,,,,,,,,
423794,2009/10,2010-03-11,Eden Park,1,32.5,New Zealand,Australia,JEC Franklin,GJ Hopkins,MG Johnson,0,0,,,,,,,,,
423794,2009/10,2010-03-11,Eden Park,1,32.6,New Zealand,Australia,JEC Franklin,GJ Hopkins,MG Johnson,0,0,,,,,,,,,
423794,2009/10,2010-03-11,Eden Park,1,33.1,New Zealand,Australia,GJ Hopkins,JEC Franklin,JR Hopes,0,0,,,,,,,,,
423794,2009/10,2010-03-11,Eden Park,1,33.2,New Zealand,Australia,GJ Hopkins,JEC Franklin,JR Hopes,0,0,,,,,,,,,
423794,2009/10,2010-03-11,Eden Park,1,33.3,New Zealand,Australia,GJ Hopkins,JEC Franklin,JR Hopes,1,0,,,,,,,,,
423794,2009/10,2010-03-11,Eden Park,1,33.4,New Zealand,Australia,JEC Franklin,GJ Hopkins,JR Hopes,0,0,,,,,,,,,
423794,2009/10,2010-03-11,Eden Park,1,33.5,New Zealand,Australia,JEC Franklin,GJ Hopkins,JR Hopes,0,0,,,,,,,,,
423794,2009/10,2010-03-11,Eden Park,1,33.6,New Zealand,Australia,JEC Franklin,GJ Hopkins,JR Hopes,1,0,,,,,,,,,
423794,2009/10,2010-03-11,Eden Park,1,34.1,New Zealand,Australia,JEC Franklin,GJ Hopkins,RJ Harris,0,0,,,,,,,,,
423794,2009/10,2010-03-11,Eden Park,1,34.2,New Zealand,Australia,JEC Franklin,GJ Hopkins,RJ Harris,0,0,,,,,,,,,
423794,2009/10,2010-03-11,Eden Park,1,34.3,New Zealand,Australia,JEC Franklin,GJ Hopkins,RJ Harris,0,0,,,,,,,,,
423794,2009/10,2010-03-11,Eden Park,1,34.4,New Zealand,Australia,JEC Franklin,GJ Hopkins,RJ Harris,0,0,,,,,,,,,
423794,2009/10,2010-03-11,Eden Park,1,34.5,New Zealand,Australia,JEC Franklin,GJ Hopkins,RJ Harris,0,0,,,,,,,,,
423794,2009/10,2010-03-11,Eden Park,1,34.6,New Zealand,Australia,JEC Franklin,GJ Hopkins,RJ Harris,1,0,,,,,,,,,
423794,2009/10,2010-03-11,Eden Park,1,35.1,New Zealand,Australia,JEC Franklin,GJ Hopkins,JR Hopes,0,0,,,,,,,,,
423794,2009/10,2010-03-11,Eden Park,1,35.2,New Zealand,Australia,JEC Franklin,GJ Hopkins,JR Hopes,0,0,,,,,,,,,
423794,2009/10,2010-03-11,Eden Park,1,35.3,New Zealand,Australia,JEC Franklin,GJ Hopkins,JR Hopes,0,0,,,,,,,,,
423794,2009/10,2010-03-11,Eden Park,1,35.4,New Zealand,Australia,JEC Franklin,GJ Hopkins,JR Hopes,1,0,,,,,,,,,
423794,2009/10,2010-03-11,Eden Park,1,35.5,New Zealand,Australia,GJ Hopkins,JEC Franklin,JR Hopes,0,0,,,,,,,,,
423794,2009/10,2010-03-11,Eden Park,1,35.6,New Zealand,Australia,GJ Hopkins,JEC Franklin,JR Hopes,0,0,,,,,,,,,
423794,2009/10,2010-03-11,Eden Park,1,36.1,New Zealand,Australia,JEC Franklin,GJ Hopkins,NM Hauritz,0,0,,,,,,,,,
423794,2009/10,2010-03-11,Eden Park,1,36.2,New Zealand,Australia,JEC Franklin,GJ Hopkins,NM Hauritz,1,0,,,,,,,,,
423794,2009/10,2010-03-11,Eden Park,1,36.3,New Zealand,Australia,GJ Hopkins,JEC Franklin,NM Hauritz,2,0,,,,,,,,,
423794,2009/10,2010-03-11,Eden Park,1,36.4,New Zealand,Australia,GJ Hopkins,JEC Franklin,NM Hauritz,1,0,,,,,,,,,
423794,2009/10,2010-03-11,Eden Park,1,36.5,New Zealand,Australia,JEC Franklin,GJ Hopkins,NM Hauritz,1,0,,,,,,,,,
423794,2009/10,2010-03-11,Eden Park,1,36.6,New Zealand,Australia,GJ Hopkins,JEC Franklin,NM Hauritz,1,0,,,,,,,,,
423794,2009/10,2010-03-11,Eden Park,1,37.1,New Zealand,Australia,GJ Hopkins,JEC Franklin,JR Hopes,1,0,,,,,,,,,
423794,2009/10,2010-03-11,Eden Park,1,37.2,New Zealand,Australia,JEC Franklin,GJ Hopkins,JR Hopes,1,0,,,,,,,,,
423794,2009/10,2010-03-11,Eden Park,1,37.3,New Zealand,Australia,GJ Hopkins,JEC Franklin,JR Hopes,0,0,,,,,,,,,
423794,2009/10,2010-03-11,Eden Park,1,37.4,New Zealand,Australia,GJ Hopkins,JEC Franklin,JR Hopes,0,1,1,,,,,,,,
423794,2009/10,2010-03-11,Eden Park,1,37.5,New Zealand,Australia,GJ Hopkins,JEC Franklin,JR Hopes,1,0,,,,,,,,,
423794,2009/10,2010-03-11,Eden Park,1,37.6,New Zealand,Australia,JEC Franklin,GJ Hopkins,JR Hopes,0,1,,,,1,,,,,
423794,2009/10,2010-03-11,Eden Park,1,37.7,New Zealand,Australia,GJ Hopkins,JEC Franklin,JR Hopes,0,0,,,,,,,,,
423794,2009/10,2010-03-11,Eden Park,1,38.1,New Zealand,Australia,JEC Franklin,GJ Hopkins,NM Hauritz,1,0,,,,,,,,,
423794,2009/10,2010-03-11,Eden Park,1,38.2,New Zealand,Australia,GJ Hopkins,JEC Franklin,NM Hauritz,1,0,,,,,,,,,
423794,2009/10,2010-03-11,Eden Park,1,38.3,New Zealand,Australia,JEC Franklin,GJ Hopkins,NM Hauritz,0,0,,,,,,bowled,JEC Franklin,,
423794,2009/10,2010-03-11,Eden Park,1,38.4,New Zealand,Australia,DR Tuffey,GJ Hopkins,NM Hauritz,1,0,,,,,,,,,
423794,2009/10,2010-03-11,Eden Park,1,38.5,New Zealand,Australia,GJ Hopkins,DR Tuffey,NM Hauritz,1,0,,,,,,,,,
423794,2009/10,2010-03-11,Eden Park,1,38.6,New Zealand,Australia,DR Tuffey,GJ Hopkins,NM Hauritz,0,0,,,,,,,,,
423794,2009/10,2010-03-11,Eden Park,1,39.1,New Zealand,Australia,GJ Hopkins,DR Tuffey,SR Watson,4,0,,,,,,,,,
423794,2009/10,2010-03-11,Eden Park,1,39.2,New Zealand,Australia,GJ Hopkins,DR Tuffey,SR Watson,0,0,,,,,,,,,
423794,2009/10,2010-03-11,Eden Park,1,39.3,New Zealand,Australia,GJ Hopkins,DR Tuffey,SR Watson,1,0,,,,,,,,,
423794,2009/10,2010-03-11,Eden Park,1,39.4,New Zealand,Australia,DR Tuffey,GJ Hopkins,SR Watson,0,0,,,,,,,,,
423794,2009/10,2010-03-11,Eden Park,1,39.5,New Zealand,Australia,DR Tuffey,GJ Hopkins,SR Watson,6,0,,,,,,,,,
423794,2009/10,2010-03-11,Eden Park,1,39.6,New Zealand,Australia,DR Tuffey,GJ Hopkins,SR Watson,1,0,,,,,,,,,
423794,2009/10,2010-03-11,Eden Park,1,40.1,New Zealand,Australia,DR Tuffey,GJ Hopkins,NM Hauritz,1,0,,,,,,,,,
423794,2009/10,2010-03-11,Eden Park,1,40.2,New Zealand,Australia,GJ Hopkins,DR Tuffey,NM Hauritz,1,0,,,,,,,,,
423794,2009/10,2010-03-11,Eden Park,1,40.3,New Zealand,Australia,DR Tuffey,GJ Hopkins,NM Hauritz,2,0,,,,,,,,,
423794,2009/10,2010-03-11,Eden Park,1,40.4,New Zealand,Australia,DR Tuffey,GJ Hopkins,NM Hauritz,6,0,,,,,,,,,
423794,2009/10,2010-03-11,Eden Park,1,40.5,New Zealand,Australia,DR Tuffey,GJ Hopkins,NM Hauritz,6,0,,,,,,,,,
423794,2009/10,2010-03-11,Eden Park,1,40.6,New Zealand,Australia,DR Tuffey,GJ Hopkins,NM Hauritz,6,0,,,,,,,,,
423794,2009/10,2010-03-11,Eden Park,1,41.1,New Zealand,Australia,GJ Hopkins,DR Tuffey,SR Watson,0,0,,,,,,caught,GJ Hopkins,,
423794,2009/10,2010-03-11,Eden Park,1,41.2,New Zealand,Australia,SE Bond,DR Tuffey,SR Watson,0,0,,,,,,,,,
423794,2009/10,2010-03-11,Eden Park,1,41.3,New Zealand,Australia,SE Bond,DR Tuffey,SR Watson,1,0,,,,,,,,,
423794,2009/10,2010-03-11,Eden Park,1,41.4,New Zealand,Australia,DR Tuffey,SE Bond,SR Watson,0,0,,,,,,,,,
423794,2009/10,2010-03-11,Eden Park,1,41.5,New Zealand,Australia,DR Tuffey,SE Bond,SR Watson,0,0,,,,,,,,,
423794,2009/10,2010-03-11,Eden Park,1,41.6,New Zealand,Australia,DR Tuffey,SE Bond,SR Watson,4,0,,,,,,,,,
423794,2009/10,2010-03-11,Eden Park,1,42.1,New Zealand,Australia,SE Bond,DR Tuffey,MG Johnson,4,0,,,,,,,,,
423794,2009/10,2010-03-11,Eden Park,1,42.2,New Zealand,Australia,SE Bond,DR Tuffey,MG Johnson,1,0,,,,,,,,,
423794,2009/10,2010-03-11,Eden Park,1,42.3,New Zealand,Australia,DR Tuffey,SE Bond,MG Johnson,0,0,,,,,,,,,
423794,2009/10,2010-03-11,Eden Park,1,42.4,New Zealand,Australia,DR Tuffey,SE Bond,MG Johnson,1,0,,,,,,,,,
423794,2009/10,2010-03-11,Eden Park,1,42.5,New Zealand,Australia,SE Bond,DR Tuffey,MG Johnson,5,0,,,,,,,,,
423794,2009/10,2010-03-11,Eden Park,1,42.6,New Zealand,Australia,DR Tuffey,SE Bond,MG Johnson,0,0,,,,,,,,,
423794,2009/10,2010-03-11,Eden Park,1,43.1,New Zealand,Australia,SE Bond,DR Tuffey,RJ Harris,6,0,,,,,,,,,
423794,2009/10,2010-03-11,Eden Park,1,43.2,New Zealand,Australia,SE Bond,DR Tuffey,RJ Harris,1,0,,,,,,,,,
423794,2009/10,2010-03-11,Eden Park,1,43.3,New Zealand,Australia,DR Tuffey,SE Bond,RJ Harris,0,0,,,,,,caught and bowled,DR Tuffey,,
423794,2009/10,2010-03-11,Eden Park,1,43.4,New Zealand,Australia,TG Southee,SE Bond,RJ Harris,1,0,,,,,,,,,
423794,2009/10,2010-03-11,Eden Park,1,43.5,New Zealand,Australia,SE Bond,TG Southee,RJ Harris,1,0,,,,,,,,,
423794,2009/10,2010-03-11,Eden Park,1,43.6,New Zealand,Australia,TG Southee,SE Bond,RJ Harris,0,0,,,,,,,,,
423794,2009/10,2010-03-11,Eden Park,1,44.1,New Zealand,Australia,SE Bond,TG Southee,MG Johnson,0,0,,,,,,caught,SE Bond,,
423794,2009/10,2010-03-11,Eden Park,2,0.1,Australia,New Zealand,SR Watson,BJ Haddin,SE Bond,0,1,1,,,,,,,,
423794,2009/10,2010-03-11,Eden Park,2,0.2,Australia,New Zealand,SR Watson,BJ Haddin,SE Bond,0,0,,,,,,,,,
423794,2009/10,2010-03-11,Eden Park,2,0.3,Australia,New Zealand,SR Watson,BJ Haddin,SE Bond,0,1,,,,1,,,,,
423794,2009/10,2010-03-11,Eden Park,2,0.4,Australia,New Zealand,BJ Haddin,SR Watson,SE Bond,0,0,,,,,,caught,BJ Haddin,,
423794,2009/10,2010-03-11,Eden Park,2,0.5,Australia,New Zealand,RT Ponting,SR Watson,SE Bond,0,0,,,,,,,,,
423794,2009/10,2010-03-11,Eden Park,2,0.6,Australia,New Zealand,RT Ponting,SR Watson,SE Bond,0,0,,,,,,,,,
423794,2009/10,2010-03-11,Eden Park,2,0.7,Australia,New Zealand,RT Ponting,SR Watson,SE Bond,0,0,,,,,,,,,
423794,2009/10,2010-03-11,Eden Park,2,1.1,Australia,New Zealand,SR Watson,RT Ponting,TG Southee,0,0,,,,,,,,,
423794,2009/10,2010-03-11,Eden Park,2,1.2,Australia,New Zealand,SR Watson,RT Ponting,TG Southee,0,0,,,,,,,,,
423794,2009/10,2010-03-11,Eden Park,2,1.3,Australia,New Zealand,SR Watson,RT Ponting,TG Southee,1,0,,,,,,,,,
423794,2009/10,2010-03-11,Eden Park,2,1.4,Australia,New Zealand,RT Ponting,SR Watson,TG Southee,3,0,,,,,,,,,
423794,2009/10,2010-03-11,Eden Park,2,1.5,Australia,New Zealand,SR Watson,RT Ponting,TG Southee,0,0,,,,,,,,,
423794,2009/10,2010-03-11,Eden Park,2,1.6,Australia,New Zealand,SR Watson,RT Ponting,TG Southee,1,0,,,,,,,,,
423794,2009/10,2010-03-11,Eden Park,2,2.1,Australia,New Zealand,SR Watson,RT Ponting,SE Bond,0,0,,,,,,,,,
423794,2009/10,2010-03-11,Eden Park,2,2.2,Australia,New Zealand,SR Watson,RT Ponting,SE Bond,0,0,,,,,,,,,
423794,2009/10,2010-03-11,Eden Park,2,2.3,Australia,New Zealand,SR Watson,RT Ponting,SE Bond,4,0,,,,,,,,,
423794,2009/10,2010-03-11,Eden Park,2,2.4,Australia,New Zealand,SR Watson,RT Ponting,SE Bond,0,0,,,,,,,,,
423794,2009/10,2010-03-11,Eden Park,2,2.5,Australia,New Zealand,SR Watson,RT Ponting,SE Bond,0,0,,,,,,,,,
423794,2009/10,2010-03-11,Eden Park,2,2.6,Australia,New Zealand,SR Watson,RT Ponting,SE Bond,0,0,,,,,,,,,
423794,2009/10,2010-03-11,Eden Park,2,3.1,Australia,New Zealand,RT Ponting,SR Watson,TG Southee,4,0,,,,,,,,,
423794,2009/10,2010-03-11,Eden Park,2,3.2,Australia,New Zealand,RT Ponting,SR Watson,TG Southee,0,0,,,,,,,,,
423794,2009/10,2010-03-11,Eden Park,2,3.3,Australia,New Zealand,RT Ponting,SR Watson,TG Southee,0,0,,,,,,,,,
423794,2009/10,2010-03-11,Eden Park,2,3.4,Australia,New Zealand,RT Ponting,SR Watson,TG Southee,0,0,,,,,,,,,
423794,2009/10,2010-03-11,Eden Park,2,3.5,Australia,New Zealand,RT Ponting,SR Watson,TG Southee,0,0,,,,,,,,,
423794,2009/10,2010-03-11,Eden Park,2,3.6,Australia,New Zealand,RT Ponting,SR Watson,TG Southee,4,0,,,,,,,,,
423794,2009/10,2010-03-11,Eden Park,2,4.1,Australia,New Zealand,SR Watson,RT Ponting,SE Bond,0,0,,,,,,,,,
423794,2009/10,2010-03-11,Eden Park,2,4.2,Australia,New Zealand,SR Watson,RT Ponting,SE Bond,0,0,,,,,,,,,
423794,2009/10,2010-03-11,Eden Park,2,4.3,Australia,New Zealand,SR Watson,RT Ponting,SE Bond,1,0,,,,,,,,,
423794,2009/10,2010-03-11,Eden Park,2,4.4,Australia,New Zealand,RT Ponting,SR Watson,SE Bond,0,0,,,,,,,,,
423794,2009/10,2010-03-11,Eden Park,2,4.5,Australia,New Zealand,RT Ponting,SR Watson,SE Bond,4,0,,,,,,,,,
423794,2009/10,2010-03-11,Eden Park,2,4.6,Australia,New Zealand,RT Ponting,SR Watson,SE Bond,0,0,,,,,,,,,
423794,2009/10,2010-03-11,Eden Park,2,5.1,Australia,New Zealand,SR Watson,RT Ponting,DR Tuffey,0,0,,,,,,,,,
423794,2009/10,2010-03-11,Eden Park,2,5.2,Australia,New Zealand,SR Watson,RT Ponting,DR Tuffey,1,0,,,,,,,,,
423794,2009/10,2010-03-11,Eden Park,2,5.3,Australia,New Zealand,RT Ponting,SR Watson,DR Tuffey,4,0,,,,,,,,,
423794,2009/10,2010-03-11,Eden Park,2,5.4,Australia,New Zealand,RT Ponting,SR Watson,DR Tuffey,0,0,,,,,,,,,
423794,2009/10,2010-03-11,Eden Park,2,5.5,Australia,New Zealand,RT Ponting,SR Watson,DR Tuffey,0,0,,,,,,,,,
423794,2009/10,2010-03-11,Eden Park,2,5.6,Australia,New Zealand,RT Ponting,SR Watson,DR Tuffey,0,1,1,,,,,,,,
423794,2009/10,2010-03-11,Eden Park,2,5.7,Australia,New Zealand,RT Ponting,SR Watson,DR Tuffey,2,0,,,,,,,,,
423794,2009/10,2010-03-11,Eden Park,2,6.1,Australia,New Zealand,SR Watson,RT Ponting,SE Bond,0,0,,,,,,,,,
423794,2009/10,2010-03-11,Eden Park,2,6.2,Australia,New Zealand,SR Watson,RT Ponting,SE Bond,0,0,,,,,,,,,
423794,2009/10,2010-03-11,Eden Park,2,6.3,Australia,New Zealand,SR Watson,RT Ponting,SE Bond,1,0,,,,,,,,,
423794,2009/10,2010-03-11,Eden Park,2,6.4,Australia,New Zealand,RT Ponting,SR Watson,SE Bond,4,0,,,,,,,,,
423794,2009/10,2010-03-11,Eden Park,2,6.5,Australia,New Zealand,RT Ponting,SR Watson,SE Bond,0,0,,,,,,,,,
423794,2009/10,2010-03-11,Eden Park,2,6.6,Australia,New Zealand,RT Ponting,SR Watson,SE Bond,0,0,,,,,,,,,
423794,2009/10,2010-03-11,Eden Park,2,7.1,Australia,New Zealand,SR Watson,RT Ponting,DR Tuffey,0,0,,,,,,,,,
423794,2009/10,2010-03-11,Eden Park,2,7.2,Australia,New Zealand,SR Watson,RT Ponting,DR Tuffey,1,0,,,,,,,,,
423794,2009/10,2010-03-11,Eden Park,2,7.3,Australia,New Zealand,RT Ponting,SR Watson,DR Tuffey,0,0,,,,,,,,,
423794,2009/10,2010-03-11,Eden Park,2,7.4,Australia,New Zealand,RT Ponting,SR Watson,DR Tuffey,2,0,,,,,,,,,
423794,2009/10,2010-03-11,Eden Park,2,7.5,Australia,New Zealand,RT Ponting,SR Watson,DR Tuffey,6,0,,,,,,,,,
423794,2009/10,2010-03-11,Eden Park,2,7.6,Australia,New Zealand,RT Ponting,SR Watson,DR Tuffey,0,0,,,,,,,,,
423794,2009/10,2010-03-11,Eden Park,2,8.1,Australia,New Zealand,SR Watson,RT Ponting,TG Southee,4,0,,,,,,,,,
423794,2009/10,2010-03-11,Eden Park,2,8.2,Australia,New Zealand,SR Watson,RT Ponting,TG Southee,0,0,,,,,,,,,
423794,2009/10,2010-03-11,Eden Park,2,8.3,Australia,New Zealand,SR Watson,RT Ponting,TG Southee,4,0,,,,,,,,,
423794,2009/10,2010-03-11,Eden Park,2,8.4,Australia,New Zealand,SR Watson,RT Ponting,TG Southee,4,0,,,,,,,,,
423794,2009/10,2010-03-11,Eden Park,2,8.5,Australia,New Zealand,SR Watson,RT Ponting,TG Southee,4,0,,,,,,,,,
423794,2009/10,2010-03-11,Eden Park,2,8.6,Australia,New Zealand,SR Watson,RT Ponting,TG Southee,0,0,,,,,,,,,
423794,2009/10,2010-03-11,Eden Park,2,9.1,Australia,New Zealand,RT Ponting,SR Watson,DR Tuffey,4,0,,,,,,,,,
423794,2009/10,2010-03-11,Eden Park,2,9.2,Australia,New Zealand,RT Ponting,SR Watson,DR Tuffey,4,0,,,,,,,,,
423794,2009/10,2010-03-11,Eden Park,2,9.3,Australia,New Zealand,RT Ponting,SR Watson,DR Tuffey,1,0,,,,,,,,,
423794,2009/10,2010-03-11,Eden Park,2,9.4,Australia,New Zealand,SR Watson,RT Ponting,DR Tuffey,4,0,,,,,,,,,
423794,2009/10,2010-03-11,Eden Park,2,9.5,Australia,New Zealand,SR Watson,RT Ponting,DR Tuffey,1,0,,,,,,,,,
423794,2009/10,2010-03-11,Eden Park,2,9.6,Australia,New Zealand,RT Ponting,SR Watson,DR Tuffey,0,0,,,,,,,,,
423794,2009/10,2010-03-11,Eden Park,2,10.1,Australia,New Zealand,SR Watson,RT Ponting,DL Vettori,0,0,,,,,,,,,
423794,2009/10,2010-03-11,Eden Park,2,10.2,Australia,New Zealand,SR Watson,RT Ponting,DL Vettori,0,0,,,,,,,,,
423794,2009/10,2010-03-11,Eden Park,2,10.3,Australia,New Zealand,SR Watson,RT Ponting,DL Vettori,0,0,,,,,,,,,
423794,2009/10,2010-03-11,Eden Park,2,10.4,Australia,New Zealand,SR Watson,RT Ponting,DL Vettori,0,0,,,,,,,,,
423794,2009/10,2010-03-11,Eden Park,2,10.5,Australia,New Zealand,SR Watson,RT Ponting,DL Vettori,0,0,,,,,,,,,
423794,2009/10,2010-03-11,Eden Park,2,10.6,Australia,New Zealand,SR Watson,RT Ponting,DL Vettori,0,0,,,,,,,,,
423794,2009/10,2010-03-11,Eden Park,2,11.1,Australia,New Zealand,RT Ponting,SR Watson,SB Styris,1,0,,,,,,,,,
423794,2009/10,2010-03-11,Eden Park,2,11.2,Australia,New Zealand,SR Watson,RT Ponting,SB Styris,1,0,,,,,,,,,
423794,2009/10,2010-03-11,Eden Park,2,11.3,Australia,New Zealand,RT Ponting,SR Watson,SB Styris,4,0,,,,,,,,,
423794,2009/10,2010-03-11,Eden Park,2,11.4,Australia,New Zealand,RT Ponting,SR Watson,SB Styris,1,0,,,,,,,,,
423794,2009/10,2010-03-11,Eden Park,2,11.5,Australia,New Zealand,SR Watson,RT Ponting,SB Styris,0,0,,,,,,,,,
423794,2009/10,2010-03-11,Eden Park,2,11.6,Australia,New Zealand,SR Watson,RT Ponting,SB Styris,0,0,,,,,,,,,
423794,2009/10,2010-03-11,Eden Park,2,12.1,Australia,New Zealand,RT Ponting,SR Watson,DL Vettori,1,0,,,,,,,,,
423794,2009/10,2010-03-11,Eden Park,2,12.2,Australia,New Zealand,SR Watson,RT Ponting,DL Vettori,0,0,,,,,,lbw,SR Watson,,
423794,2009/10,2010-03-11,Eden Park,2,12.3,Australia,New Zealand,CL White,RT Ponting,DL Vettori,0,0,,,,,,,,,
423794,2009/10,2010-03-11,Eden Park,2,12.4,Australia,New Zealand,CL White,RT Ponting,DL Vettori,0,0,,,,,,,,,
423794,2009/10,2010-03-11,Eden Park,2,12.5,Australia,New Zealand,CL White,RT Ponting,DL Vettori,0,0,,,,,,,,,
423794,2009/10,2010-03-11,Eden Park,2,12.6,Australia,New Zealand,CL White,RT Ponting,DL Vettori,0,0,,,,,,,,,
423794,2009/10,2010-03-11,Eden Park,2,13.1,Australia,New Zealand,RT Ponting,CL White,SB Styris,0,0,,,,,,,,,
423794,2009/10,2010-03-11,Eden Park,2,13.2,Australia,New Zealand,RT Ponting,CL White,SB Styris,1,0,,,,,,,,,
423794,2009/10,2010-03-11,Eden Park,2,13.3,Australia,New Zealand,CL White,RT Ponting,SB Styris,0,0,,,,,,,,,
423794,2009/10,2010-03-11,Eden Park,2,13.4,Australia,New Zealand,CL White,RT Ponting,SB Styris,0,0,,,,,,,,,
423794,2009/10,2010-03-11,Eden Park,2,13.5,Australia,New Zealand,CL White,RT Ponting,SB Styris,0,0,,,,,,,,,
423794,2009/10,2010-03-11,Eden Park,2,13.6,Australia,New Zealand,CL White,RT Ponting,SB Styris,0,0,,,,,,,,,
423794,2009/10,2010-03-11,Eden Park,2,14.1,Australia,New Zealand,RT Ponting,CL White,DL Vettori,0,0,,,,,,lbw,RT Ponting,,
423794,2009/10,2010-03-11,Eden Park,2,14.2,Australia,New Zealand,AC Voges,CL White,DL Vettori,0,0,,,,,,,,,
423794,2009/10,2010-03-11,Eden Park,2,14.3,Australia,New Zealand,AC Voges,CL White,DL Vettori,0,0,,,,,,,,,
423794,2009/10,2010-03-11,Eden Park,2,14.4,Australia,New Zealand,AC Voges,CL White,DL Vettori,0,0,,,,,,,,,
423794,2009/10,2010-03-11,Eden Park,2,14.5,Australia,New Zealand,AC Voges,CL White,DL Vettori,0,0,,,,,,,,,
423794,2009/10,2010-03-11,Eden Park,2,14.6,Australia,New Zealand,AC Voges,CL White,DL Vettori,4,0,,,,,,,,,
423794,2009/10,2010-03-11,Eden Park,2,15.1,Australia,New Zealand,CL White,AC Voges,SB Styris,0,0,,,,,,,,,
423794,2009/10,2010-03-11,Eden Park,2,15.2,Australia,New Zealand,CL White,AC Voges,SB Styris,0,0,,,,,,,,,
423794,2009/10,2010-03-11,Eden Park,2,15.3,Australia,New Zealand,CL White,AC Voges,SB Styris,0,0,,,,,,,,,
423794,2009/10,2010-03-11,Eden Park,2,15.4,Australia,New Zealand,CL White,AC Voges,SB Styris,0,0,,,,,,,,,
423794,2009/10,2010-03-11,Eden Park,2,15.5,Australia,New Zealand,CL White,AC Voges,SB Styris,1,0,,,,,,,,,
423794,2009/10,2010-03-11,Eden Park,2,15.6,Australia,New Zealand,AC Voges,CL White,SB Styris,0,0,,,,,,,,,
423794,2009/10,2010-03-11,Eden Park,2,16.1,Australia,New Zealand,CL White,AC Voges,DL Vettori,0,0,,,,,,,,,
423794,2009/10,2010-03-11,Eden Park,2,16.2,Australia,New Zealand,CL White,AC Voges,DL Vettori,2,0,,,,,,,,,
423794,2009/10,2010-03-11,Eden Park,2,16.3,Australia,New Zealand,CL White,AC Voges,DL Vettori,0,0,,,,,,,,,
423794,2009/10,2010-03-11,Eden Park,2,16.4,Australia,New Zealand,CL White,AC Voges,DL Vettori,6,0,,,,,,,,,
423794,2009/10,2010-03-11,Eden Park,2,16.5,Australia,New Zealand,CL White,AC Voges,DL Vettori,1,0,,,,,,,,,
423794,2009/10,2010-03-11,Eden Park,2,16.6,Australia,New Zealand,AC Voges,CL White,DL Vettori,1,0,,,,,,,,,
423794,2009/10,2010-03-11,Eden Park,2,17.1,Australia,New Zealand,AC Voges,CL White,SB Styris,0,0,,,,,,,,,
423794,2009/10,2010-03-11,Eden Park,2,17.2,Australia,New Zealand,AC Voges,CL White,SB Styris,1,0,,,,,,,,,
423794,2009/10,2010-03-11,Eden Park,2,17.3,Australia,New Zealand,CL White,AC Voges,SB Styris,1,0,,,,,,,,,
423794,2009/10,2010-03-11,Eden Park,2,17.4,Australia,New Zealand,AC Voges,CL White,SB Styris,0,0,,,,,,,,,
423794,2009/10,2010-03-11,Eden Park,2,17.5,Australia,New Zealand,AC Voges,CL White,SB Styris,1,0,,,,,,,,,
423794,2009/10,2010-03-11,Eden Park,2,17.6,Australia,New Zealand,CL White,AC Voges,SB Styris,1,0,,,,,,,,,
423794,2009/10,2010-03-11,Eden Park,2,18.1,Australia,New Zealand,CL White,AC Voges,DR Tuffey,2,0,,,,,,,,,
423794,2009/10,2010-03-11,Eden Park,2,18.2,Australia,New Zealand,CL White,AC Voges,DR Tuffey,0,0,,,,,,,,,
423794,2009/10,2010-03-11,Eden Park,2,18.3,Australia,New Zealand,CL White,AC Voges,DR Tuffey,0,0,,,,,,,,,
423794,2009/10,2010-03-11,Eden Park,2,18.4,Australia,New Zealand,CL White,AC Voges,DR Tuffey,2,0,,,,,,,,,
423794,2009/10,2010-03-11,Eden Park,2,18.5,Australia,New Zealand,CL White,AC Voges,DR Tuffey,0,0,,,,,,,,,
423794,2009/10,2010-03-11,Eden Park,2,18.6,Australia,New Zealand,CL White,AC Voges,DR Tuffey,0,0,,,,,,,,,
423794,2009/10,2010-03-11,Eden Park,2,19.1,Australia,New Zealand,AC Voges,CL White,SB Styris,1,0,,,,,,,,,
423794,2009/10,2010-03-11,Eden Park,2,19.2,Australia,New Zealand,CL White,AC Voges,SB Styris,0,0,,,,,,,,,
423794,2009/10,2010-03-11,Eden Park,2,19.3,Australia,New Zealand,CL White,AC Voges,SB Styris,1,0,,,,,,,,,
423794,2009/10,2010-03-11,Eden Park,2,19.4,Australia,New Zealand,AC Voges,CL White,SB Styris,4,0,,,,,,,,,
423794,2009/10,2010-03-11,Eden Park,2,19.5,Australia,New Zealand,AC Voges,CL White,SB Styris,0,0,,,,,,,,,
423794,2009/10,2010-03-11,Eden Park,2,19.6,Australia,New Zealand,AC Voges,CL White,SB Styris,1,0,,,,,,,,,
423794,2009/10,2010-03-11,Eden Park,2,20.1,Australia,New Zealand,AC Voges,CL White,DR Tuffey,1,0,,,,,,,,,
423794,2009/10,2010-03-11,Eden Park,2,20.2,Australia,New Zealand,CL White,AC Voges,DR Tuffey,0,0,,,,,,,,,
423794,2009/10,2010-03-11,Eden Park,2,20.3,Australia,New Zealand,CL White,AC Voges,DR Tuffey,0,0,,,,,,,,,
423794,2009/10,2010-03-11,Eden Park,2,20.4,Australia,New Zealand,CL White,AC Voges,DR Tuffey,0,0,,,,,,,,,
423794,2009/10,2010-03-11,Eden Park,2,20.5,Australia,New Zealand,CL White,AC Voges,DR Tuffey,1,0,,,,,,,,,
423794,2009/10,2010-03-11,Eden Park,2,20.6,Australia,New Zealand,AC Voges,CL White,DR Tuffey,1,0,,,,,,,,,
423794,2009/10,2010-03-11,Eden Park,2,21.1,Australia,New Zealand,AC Voges,CL White,TG Southee,2,0,,,,,,,,,
423794,2009/10,2010-03-11,Eden Park,2,21.2,Australia,New Zealand,AC Voges,CL White,TG Southee,1,0,,,,,,,,,
423794,2009/10,2010-03-11,Eden Park,2,21.3,Australia,New Zealand,CL White,AC Voges,TG Southee,0,0,,,,,,,,,
423794,2009/10,2010-03-11,Eden Park,2,21.4,Australia,New Zealand,CL White,AC Voges,TG Southee,1,0,,,,,,,,,
423794,2009/10,2010-03-11,Eden Park,2,21.5,Australia,New Zealand,AC Voges,CL White,TG Southee,1,0,,,,,,,,,
423794,2009/10,2010-03-11,Eden Park,2,21.6,Australia,New Zealand,CL White,AC Voges,TG Southee,4,0,,,,,,,,,
423794,2009/10,2010-03-11,Eden Park,2,22.1,Australia,New Zealand,AC Voges,CL White,DL Vettori,0,0,,,,,,,,,
423794,2009/10,2010-03-11,Eden Park,2,22.2,Australia,New Zealand,AC Voges,CL White,DL Vettori,0,0,,,,,,,,,
423794,2009/10,2010-03-11,Eden Park,2,22.3,Australia,New Zealand,AC Voges,CL White,DL Vettori,0,0,,,,,,,,,
423794,2009/10,2010-03-11,Eden Park,2,22.4,Australia,New Zealand,AC Voges,CL White,DL Vettori,1,0,,,,,,,,,
423794,2009/10,2010-03-11,Eden Park,2,22.5,Australia,New Zealand,CL White,AC Voges,DL Vettori,1,0,,,,,,,,,
423794,2009/10,2010-03-11,Eden Park,2,22.6,Australia,New Zealand,AC Voges,CL White,DL Vettori,1,0,,,,,,,,,
423794,2009/10,2010-03-11,Eden Park,2,23.1,Australia,New Zealand,AC Voges,CL White,JEC Franklin,1,0,,,,,,,,,
423794,2009/10,2010-03-11,Eden Park,2,23.2,Australia,New Zealand,CL White,AC Voges,JEC Franklin,0,0,,,,,,,,,
423794,2009/10,2010-03-11,Eden Park,2,23.3,Australia,New Zealand,CL White,AC Voges,JEC Franklin,1,0,,,,,,,,,
423794,2009/10,2010-03-11,Eden Park,2,23.4,Australia,New Zealand,AC Voges,CL White,JEC Franklin,0,0,,,,,,,,,
423794,2009/10,2010-03-11,Eden Park,2,23.5,Australia,New Zealand,AC Voges,CL White,JEC Franklin,6,0,,,,,,,,,
423794,2009/10,2010-03-11,Eden Park,2,23.6,Australia,New Zealand,AC Voges,CL White,JEC Franklin,1,0,,,,,,,,,
423794,2009/10,2010-03-11,Eden Park,2,24.1,Australia,New Zealand,AC Voges,CL White,DL Vettori,0,0,,,,,,,,,
423794,2009/10,2010-03-11,Eden Park,2,24.2,Australia,New Zealand,AC Voges,CL White,DL Vettori,0,0,,,,,,,,,
423794,2009/10,2010-03-11,Eden Park,2,24.3,Australia,New Zealand,AC Voges,CL White,DL Vettori,0,0,,,,,,,,,
423794,2009/10,2010-03-11,Eden Park,2,24.4,Australia,New Zealand,AC Voges,CL White,DL Vettori,1,0,,,,,,,,,
423794,2009/10,2010-03-11,Eden Park,2,24.5,Australia,New Zealand,CL White,AC Voges,DL Vettori,0,4,,,,4,,,,,
423794,2009/10,2010-03-11,Eden Park,2,24.6,Australia,New Zealand,CL White,AC Voges,DL Vettori,1,0,,,,,,,,,
423794,2009/10,2010-03-11,Eden Park,2,25.1,Australia,New Zealand,CL White,AC Voges,JEC Franklin,1,0,,,,,,,,,
423794,2009/10,2010-03-11,Eden Park,2,25.2,Australia,New Zealand,AC Voges,CL White,JEC Franklin,0,0,,,,,,,,,
423794,2009/10,2010-03-11,Eden Park,2,25.3,Australia,New Zealand,AC Voges,CL White,JEC Franklin,4,0,,,,,,,,,
423794,2009/10,2010-03-11,Eden Park,2,25.4,Australia,New Zealand,AC Voges,CL White,JEC Franklin,0,0,,,,,,caught,AC Voges,,
423794,2009/10,2010-03-11,Eden Park,2,25.5,Australia,New Zealand,MEK Hussey,CL White,JEC Franklin,1,0,,,,,,,,,
423794,2009/10,2010-03-11,Eden Park,2,25.6,Australia,New Zealand,CL White,MEK Hussey,JEC Franklin,0,0,,,,,,,,,
423794,2009/10,2010-03-11,Eden Park,2,26.1,Australia,New Zealand,MEK Hussey,CL White,SE Bond,3,0,,,,,,,,,
423794,2009/10,2010-03-11,Eden Park,2,26.2,Australia,New Zealand,CL White,MEK Hussey,SE Bond,0,0,,,,,,,,,
423794,2009/10,2010-03-11,Eden Park,2,26.3,Australia,New Zealand,CL White,MEK Hussey,SE Bond,1,0,,,,,,,,,
423794,2009/10,2010-03-11,Eden Park,2,26.4,Australia,New Zealand,MEK Hussey,CL White,SE Bond,0,1,,,,1,,,,,
423794,2009/10,2010-03-11,Eden Park,2,26.5,Australia,New Zealand,CL White,MEK Hussey,SE Bond,0,0,,,,,,,,,
423794,2009/10,2010-03-11,Eden Park,2,26.6,Australia,New Zealand,CL White,MEK Hussey,SE Bond,0,0,,,,,,,,,
423794,2009/10,2010-03-11,Eden Park,2,27.1,Australia,New Zealand,MEK Hussey,CL White,JEC Franklin,1,0,,,,,,,,,
423794,2009/10,2010-03-11,Eden Park,2,27.2,Australia,New Zealand,CL White,MEK Hussey,JEC Franklin,4,0,,,,,,,,,
423794,2009/10,2010-03-11,Eden Park,2,27.3,Australia,New Zealand,CL White,MEK Hussey,JEC Franklin,2,0,,,,,,,,,
423794,2009/10,2010-03-11,Eden Park,2,27.4,Australia,New Zealand,CL White,MEK Hussey,JEC Franklin,0,0,,,,,,,,,
423794,2009/10,2010-03-11,Eden Park,2,27.5,Australia,New Zealand,CL White,MEK Hussey,JEC Franklin,4,0,,,,,,,,,
423794,2009/10,2010-03-11,Eden Park,2,27.6,Australia,New Zealand,CL White,MEK Hussey,JEC Franklin,0,0,,,,,,,,,
423794,2009/10,2010-03-11,Eden Park,2,28.1,Australia,New Zealand,MEK Hussey,CL White,SE Bond,1,0,,,,,,,,,
423794,2009/10,2010-03-11,Eden Park,2,28.2,Australia,New Zealand,CL White,MEK Hussey,SE Bond,1,0,,,,,,,,,
423794,2009/10,2010-03-11,Eden Park,2,28.3,Australia,New Zealand,MEK Hussey,CL White,SE Bond,1,0,,,,,,,,,
423794,2009/10,2010-03-11,Eden Park,2,28.4,Australia,New Zealand,CL White,MEK Hussey,SE Bond,1,0,,,,,,,,,
423794,2009/10,2010-03-11,Eden Park,2,28.5,Australia,New Zealand,MEK Hussey,CL White,SE Bond,4,0,,,,,,,,,
423794,2009/10,2010-03-11,Eden Park,2,28.6,Australia,New Zealand,MEK Hussey,CL White,SE Bond,1,0,,,,,,,,,
423794,2009/10,2010-03-11,Eden Park,2,29.1,Australia,New Zealand,MEK Hussey,CL White,TG Southee,2,0,,,,,,,,,
423794,2009/10,2010-03-11,Eden Park,2,29.2,Australia,New Zealand,MEK Hussey,CL White,TG Southee,1,0,,,,,,,,,
423794,2009/10,2010-03-11,Eden Park,2,29.3,Australia,New Zealand,CL White,MEK Hussey,TG Southee,1,0,,,,,,,,,
423794,2009/10,2010-03-11,Eden Park,2,29.4,Australia,New Zealand,MEK Hussey,CL White,TG Southee,1,0,,,,,,,,,
423794,2009/10,2010-03-11,Eden Park,2,29.5,Australia,New Zealand,CL White,MEK Hussey,TG Southee,4,0,,,,,,,,,
423794,2009/10,2010-03-11,Eden Park,2,29.6,Australia,New Zealand,CL White,MEK Hussey,TG Southee,4,0,,,,,,,,,
423794,2009/10,2010-03-11,Eden Park,2,30.1,Australia,New Zealand,MEK Hussey,CL White,DL Vettori,1,0,,,,,,,,,
423794,2009/10,2010-03-11,Eden Park,2,30.2,Australia,New Zealand,CL White,MEK Hussey,DL Vettori,1,0,,,,,,,,,
423794,2009/10,2010-03-11,Eden Park,2,30.3,Australia,New Zealand,MEK Hussey,CL White,DL Vettori,2,0,,,,,,,,,
423794,2009/10,2010-03-11,Eden Park,2,30.4,Australia,New Zealand,MEK Hussey,CL White,DL Vettori,4,0,,,,,,,,,
423794,2009/10,2010-03-11,Eden Park,2,30.5,Australia,New Zealand,MEK Hussey,CL White,DL Vettori,0,0,,,,,,,,,
423794,2009/10,2010-03-11,Eden Park,2,30.6,Australia,New Zealand,MEK Hussey,CL White,DL Vettori,1,0,,,,,,,,,
423794,2009/10,2010-03-11,Eden Park,2,31.1,Australia,New Zealand,MEK Hussey,CL White,TG Southee,4,0,,,,,,,,,
