match_id,season,start_date,venue,innings,ball,batting_team,bowling_team,striker,non_striker,bowler,runs_off_bat,extras,wides,noballs,byes,legbyes,penalty,wicket_type,player_dismissed,other_wicket_type,other_player_dismissed
423785,2009/10,2010-02-11,AMI Stadium,1,0.1,Bangladesh,New Zealand,Tamim Iqbal,Imrul Kayes,TG Southee,0,0,,,,,,,,,
423785,2009/10,2010-02-11,AMI Stadium,1,0.2,Bangladesh,New Zealand,Tamim Iqbal,Imrul Kayes,TG Southee,4,0,,,,,,,,,
423785,2009/10,2010-02-11,AMI Stadium,1,0.3,Bangladesh,New Zealand,Tamim Iqbal,Imrul Kayes,TG Southee,0,0,,,,,,,,,
423785,2009/10,2010-02-11,AMI Stadium,1,0.4,Bangladesh,New Zealand,Tamim Iqbal,Imrul Kayes,TG Southee,0,0,,,,,,,,,
423785,2009/10,2010-02-11,AMI Stadium,1,0.5,Bangladesh,New Zealand,Tamim Iqbal,Imrul Kayes,TG Southee,4,0,,,,,,,,,
423785,2009/10,2010-02-11,AMI Stadium,1,0.6,Bangladesh,New Zealand,Tamim Iqbal,Imrul Kayes,TG Southee,0,0,,,,,,bowled,Tamim Iqbal,,
423785,2009/10,2010-02-11,AMI Stadium,1,1.1,Bangladesh,New Zealand,Imrul Kayes,Aftab Ahmed,AJ McKay,0,0,,,,,,,,,
423785,2009/10,2010-02-11,AMI Stadium,1,1.2,Bangladesh,New Zealand,Imrul Kayes,Aftab Ahmed,AJ McKay,0,0,,,,,,,,,
423785,2009/10,2010-02-11,AMI Stadium,1,1.3,Bangladesh,New Zealand,Imrul Kayes,Aftab Ahmed,AJ McKay,0,0,,,,,,,,,
423785,2009/10,2010-02-11,AMI Stadium,1,1.4,Bangladesh,New Zealand,Imrul Kayes,Aftab Ahmed,AJ McKay,0,0,,,,,,,,,
423785,2009/10,2010-02-11,AMI Stadium,1,1.5,Bangladesh,New Zealand,Imrul Kayes,Aftab Ahmed,AJ McKay,4,0,,,,,,,,,
423785,2009/10,2010-02-11,AMI Stadium,1,1.6,Bangladesh,New Zealand,Imrul Kayes,Aftab Ahmed,AJ McKay,0,5,5,,,,,,,,
423785,2009/10,2010-02-11,AMI Stadium,1,1.7,Bangladesh,New Zealand,Imrul Kayes,Aftab Ahmed,AJ McKay,0,0,,,,,,,,,
423785,2009/10,2010-02-11,AMI Stadium,1,2.1,Bangladesh,New Zealand,Aftab Ahmed,Imrul Kayes,TG Southee,0,0,,,,,,,,,
423785,2009/10,2010-02-11,AMI Stadium,1,2.2,Bangladesh,New Zealand,Aftab Ahmed,Imrul Kayes,TG Southee,4,0,,,,,,,,,
423785,2009/10,2010-02-11,AMI Stadium,1,2.3,Bangladesh,New Zealand,Aftab Ahmed,Imrul Kayes,TG Southee,0,0,,,,,,,,,
423785,2009/10,2010-02-11,AMI Stadium,1,2.4,Bangladesh,New Zealand,Aftab Ahmed,Imrul Kayes,TG Southee,1,0,,,,,,,,,
423785,2009/10,2010-02-11,AMI Stadium,1,2.5,Bangladesh,New Zealand,Imrul Kayes,Aftab Ahmed,TG Southee,0,0,,,,,,,,,
423785,2009/10,2010-02-11,AMI Stadium,1,2.6,Bangladesh,New Zealand,Imrul Kayes,Aftab Ahmed,TG Southee,2,0,,,,,,,,,
423785,2009/10,2010-02-11,AMI Stadium,1,3.1,Bangladesh,New Zealand,Aftab Ahmed,Imrul Kayes,AJ McKay,0,0,,,,,,,,,
423785,2009/10,2010-02-11,AMI Stadium,1,3.2,Bangladesh,New Zealand,Aftab Ahmed,Imrul Kayes,AJ McKay,4,0,,,,,,,,,
423785,2009/10,2010-02-11,AMI Stadium,1,3.3,Bangladesh,New Zealand,Aftab Ahmed,Imrul Kayes,AJ McKay,0,0,,,,,,,,,
423785,2009/10,2010-02-11,AMI Stadium,1,3.4,Bangladesh,New Zealand,Aftab Ahmed,Imrul Kayes,AJ McKay,1,0,,,,,,,,,
423785,2009/10,2010-02-11,AMI Stadium,1,3.5,Bangladesh,New Zealand,Imrul Kayes,Aftab Ahmed,AJ McKay,0,0,,,,,,,,,
423785,2009/10,2010-02-11,AMI Stadium,1,3.6,Bangladesh,New Zealand,Imrul Kayes,Aftab Ahmed,AJ McKay,0,1,1,,,,,,,,
423785,2009/10,2010-02-11,AMI Stadium,1,3.7,Bangladesh,New Zealand,Imrul Kayes,Aftab Ahmed,AJ McKay,1,0,,,,,,,,,
423785,2009/10,2010-02-11,AMI Stadium,1,4.1,Bangladesh,New Zealand,Imrul Kayes,Aftab Ahmed,TG Southee,0,0,,,,,,,,,
423785,2009/10,2010-02-11,AMI Stadium,1,4.2,Bangladesh,New Zealand,Imrul Kayes,Aftab Ahmed,TG Southee,0,0,,,,,,,,,
423785,2009/10,2010-02-11,AMI Stadium,1,4.3,Bangladesh,New Zealand,Imrul Kayes,Aftab Ahmed,TG Southee,0,0,,,,,,,,,
423785,2009/10,2010-02-11,AMI Stadium,1,4.4,Bangladesh,New Zealand,Imrul Kayes,Aftab Ahmed,TG Southee,2,0,,,,,,,,,
423785,2009/10,2010-02-11,AMI Stadium,1,4.5,Bangladesh,New Zealand,Imrul Kayes,Aftab Ahmed,TG Southee,0,0,,,,,,,,,
423785,2009/10,2010-02-11,AMI Stadium,1,4.6,Bangladesh,New Zealand,Imrul Kayes,Aftab Ahmed,TG Southee,0,0,,,,,,,,,
423785,2009/10,2010-02-11,AMI Stadium,1,5.1,Bangladesh,New Zealand,Aftab Ahmed,Imrul Kayes,AJ McKay,4,0,,,,,,,,,
423785,2009/10,2010-02-11,AMI Stadium,1,5.2,Bangladesh,New Zealand,Aftab Ahmed,Imrul Kayes,AJ McKay,0,0,,,,,,,,,
423785,2009/10,2010-02-11,AMI Stadium,1,5.3,Bangladesh,New Zealand,Aftab Ahmed,Imrul Kayes,AJ McKay,4,0,,,,,,,,,
423785,2009/10,2010-02-11,AMI Stadium,1,5.4,Bangladesh,New Zealand,Aftab Ahmed,Imrul Kayes,AJ McKay,0,0,,,,,,,,,
423785,2009/10,2010-02-11,AMI Stadium,1,5.5,Bangladesh,New Zealand,Aftab Ahmed,Imrul Kayes,AJ McKay,0,0,,,,,,caught,Aftab Ahmed,,
423785,2009/10,2010-02-11,AMI Stadium,1,5.6,Bangladesh,New Zealand,Mohammad Ashraful,Imrul Kayes,AJ McKay,1,0,,,,,,,,,
423785,2009/10,2010-02-11,AMI Stadium,1,6.1,Bangladesh,New Zealand,Mohammad Ashraful,Imrul Kayes,TG Southee,0,0,,,,,,,,,
423785,2009/10,2010-02-11,AMI Stadium,1,6.2,Bangladesh,New Zealand,Mohammad Ashraful,Imrul Kayes,TG Southee,0,0,,,,,,,,,
423785,2009/10,2010-02-11,AMI Stadium,1,6.3,Bangladesh,New Zealand,Mohammad Ashraful,Imrul Kayes,TG Southee,0,0,,,,,,,,,
423785,2009/10,2010-02-11,AMI Stadium,1,6.4,Bangladesh,New Zealand,Mohammad Ashraful,Imrul Kayes,TG Southee,0,0,,,,,,,,,
423785,2009/10,2010-02-11,AMI Stadium,1,6.5,Bangladesh,New Zealand,Mohammad Ashraful,Imrul Kayes,TG Southee,0,0,,,,,,,,,
423785,2009/10,2010-02-11,AMI Stadium,1,6.6,Bangladesh,New Zealand,Mohammad Ashraful,Imrul Kayes,TG Southee,0,0,,,,,,,,,
423785,2009/10,2010-02-11,AMI Stadium,1,7.1,Bangladesh,New Zealand,Imrul Kayes,Mohammad Ashraful,AJ McKay,0,0,,,,,,,,,
423785,2009/10,2010-02-11,AMI Stadium,1,7.2,Bangladesh,New Zealand,Imrul Kayes,Mohammad Ashraful,AJ McKay,0,0,,,,,,,,,
423785,2009/10,2010-02-11,AMI Stadium,1,7.3,Bangladesh,New Zealand,Imrul Kayes,Mohammad Ashraful,AJ McKay,0,0,,,,,,,,,
423785,2009/10,2010-02-11,AMI Stadium,1,7.4,Bangladesh,New Zealand,Imrul Kayes,Mohammad Ashraful,AJ McKay,1,0,,,,,,,,,
423785,2009/10,2010-02-11,AMI Stadium,1,7.5,Bangladesh,New Zealand,Mohammad Ashraful,Imrul Kayes,AJ McKay,0,0,,,,,,,,,
423785,2009/10,2010-02-11,AMI Stadium,1,7.6,Bangladesh,New Zealand,Mohammad Ashraful,Imrul Kayes,AJ McKay,1,0,,,,,,,,,
423785,2009/10,2010-02-11,AMI Stadium,1,8.1,Bangladesh,New Zealand,Mohammad Ashraful,Imrul Kayes,TG Southee,0,0,,,,,,,,,
423785,2009/10,2010-02-11,AMI Stadium,1,8.2,Bangladesh,New Zealand,Mohammad Ashraful,Imrul Kayes,TG Southee,0,0,,,,,,,,,
423785,2009/10,2010-02-11,AMI Stadium,1,8.3,Bangladesh,New Zealand,Mohammad Ashraful,Imrul Kayes,TG Southee,0,0,,,,,,,,,
423785,2009/10,2010-02-11,AMI Stadium,1,8.4,Bangladesh,New Zealand,Mohammad Ashraful,Imrul Kayes,TG Southee,0,0,,,,,,,,,
423785,2009/10,2010-02-11,AMI Stadium,1,8.5,Bangladesh,New Zealand,Mohammad Ashraful,Imrul Kayes,TG Southee,0,0,,,,,,,,,
423785,2009/10,2010-02-11,AMI Stadium,1,8.6,Bangladesh,New Zealand,Mohammad Ashraful,Imrul Kayes,TG Southee,1,0,,,,,,,,,
423785,2009/10,2010-02-11,AMI Stadium,1,9.1,Bangladesh,New Zealand,Mohammad Ashraful,Imrul Kayes,AJ McKay,0,0,,,,,,,,,
423785,2009/10,2010-02-11,AMI Stadium,1,9.2,Bangladesh,New Zealand,Mohammad Ashraful,Imrul Kayes,AJ McKay,0,0,,,,,,,,,
423785,2009/10,2010-02-11,AMI Stadium,1,9.3,Bangladesh,New Zealand,Mohammad Ashraful,Imrul Kayes,AJ McKay,1,0,,,,,,,,,
423785,2009/10,2010-02-11,AMI Stadium,1,9.4,Bangladesh,New Zealand,Imrul Kayes,Mohammad Ashraful,AJ McKay,1,0,,,,,,,,,
423785,2009/10,2010-02-11,AMI Stadium,1,9.5,Bangladesh,New Zealand,Mohammad Ashraful,Imrul Kayes,AJ McKay,0,0,,,,,,,,,
423785,2009/10,2010-02-11,AMI Stadium,1,9.6,Bangladesh,New Zealand,Mohammad Ashraful,Imrul Kayes,AJ McKay,2,0,,,,,,,,,
423785,2009/10,2010-02-11,AMI Stadium,1,10.1,Bangladesh,New Zealand,Imrul Kayes,Mohammad Ashraful,TG Southee,0,0,,,,,,,,,
423785,2009/10,2010-02-11,AMI Stadium,1,10.2,Bangladesh,New Zealand,Imrul Kayes,Mohammad Ashraful,TG Southee,1,0,,,,,,,,,
423785,2009/10,2010-02-11,AMI Stadium,1,10.3,Bangladesh,New Zealand,Mohammad Ashraful,Imrul Kayes,TG Southee,0,0,,,,,,,,,
423785,2009/10,2010-02-11,AMI Stadium,1,10.4,Bangladesh,New Zealand,Mohammad Ashraful,Imrul Kayes,TG Southee,0,0,,,,,,,,,
423785,2009/10,2010-02-11,AMI Stadium,1,10.5,Bangladesh,New Zealand,Mohammad Ashraful,Imrul Kayes,TG Southee,0,0,,,,,,,,,
423785,2009/10,2010-02-11,AMI Stadium,1,10.6,Bangladesh,New Zealand,Mohammad Ashraful,Imrul Kayes,TG Southee,1,0,,,,,,,,,
423785,2009/10,2010-02-11,AMI Stadium,1,11.1,Bangladesh,New Zealand,Mohammad Ashraful,Imrul Kayes,IG Butler,0,0,,,,,,,,,
423785,2009/10,2010-02-11,AMI Stadium,1,11.2,Bangladesh,New Zealand,Mohammad Ashraful,Imrul Kayes,IG Butler,0,0,,,,,,,,,
423785,2009/10,2010-02-11,AMI Stadium,1,11.3,Bangladesh,New Zealand,Mohammad Ashraful,Imrul Kayes,IG Butler,0,0,,,,,,,,,
423785,2009/10,2010-02-11,AMI Stadium,1,11.4,Bangladesh,New Zealand,Mohammad Ashraful,Imrul Kayes,IG Butler,0,0,,,,,,,,,
423785,2009/10,2010-02-11,AMI Stadium,1,11.5,Bangladesh,New Zealand,Mohammad Ashraful,Imrul Kayes,IG Butler,4,0,,,,,,,,,
423785,2009/10,2010-02-11,AMI Stadium,1,11.6,Bangladesh,New Zealand,Mohammad Ashraful,Imrul Kayes,IG Butler,0,0,,,,,,,,,
423785,2009/10,2010-02-11,AMI Stadium,1,12.1,Bangladesh,New Zealand,Imrul Kayes,Mohammad Ashraful,JDP Oram,0,0,,,,,,,,,
423785,2009/10,2010-02-11,AMI Stadium,1,12.2,Bangladesh,New Zealand,Imrul Kayes,Mohammad Ashraful,JDP Oram,0,0,,,,,,,,,
423785,2009/10,2010-02-11,AMI Stadium,1,12.3,Bangladesh,New Zealand,Imrul Kayes,Mohammad Ashraful,JDP Oram,0,1,1,,,,,,,,
423785,2009/10,2010-02-11,AMI Stadium,1,12.4,Bangladesh,New Zealand,Imrul Kayes,Mohammad Ashraful,JDP Oram,1,0,,,,,,,,,
423785,2009/10,2010-02-11,AMI Stadium,1,12.5,Bangladesh,New Zealand,Mohammad Ashraful,Imrul Kayes,JDP Oram,0,1,,1,,,,,,,
423785,2009/10,2010-02-11,AMI Stadium,1,12.6,Bangladesh,New Zealand,Mohammad Ashraful,Imrul Kayes,JDP Oram,4,0,,,,,,,,,
423785,2009/10,2010-02-11,AMI Stadium,1,12.7,Bangladesh,New Zealand,Mohammad Ashraful,Imrul Kayes,JDP Oram,0,0,,,,,,,,,
423785,2009/10,2010-02-11,AMI Stadium,1,12.8,Bangladesh,New Zealand,Mohammad Ashraful,Imrul Kayes,JDP Oram,1,0,,,,,,,,,
423785,2009/10,2010-02-11,AMI Stadium,1,13.1,Bangladesh,New Zealand,Mohammad Ashraful,Imrul Kayes,IG Butler,1,0,,,,,,,,,
423785,2009/10,2010-02-11,AMI Stadium,1,13.2,Bangladesh,New Zealand,Imrul Kayes,Mohammad Ashraful,IG Butler,0,0,,,,,,,,,
423785,2009/10,2010-02-11,AMI Stadium,1,13.3,Bangladesh,New Zealand,Imrul Kayes,Mohammad Ashraful,IG Butler,1,0,,,,,,,,,
423785,2009/10,2010-02-11,AMI Stadium,1,13.4,Bangladesh,New Zealand,Mohammad Ashraful,Imrul Kayes,IG Butler,4,0,,,,,,,,,
423785,2009/10,2010-02-11,AMI Stadium,1,13.5,Bangladesh,New Zealand,Mohammad Ashraful,Imrul Kayes,IG Butler,1,0,,,,,,,,,
423785,2009/10,2010-02-11,AMI Stadium,1,13.6,Bangladesh,New Zealand,Imrul Kayes,Mohammad Ashraful,IG Butler,0,0,,,,,,,,,
423785,2009/10,2010-02-11,AMI Stadium,1,14.1,Bangladesh,New Zealand,Mohammad Ashraful,Imrul Kayes,JDP Oram,0,0,,,,,,,,,
423785,2009/10,2010-02-11,AMI Stadium,1,14.2,Bangladesh,New Zealand,Mohammad Ashraful,Imrul Kayes,JDP Oram,0,0,,,,,,,,,
423785,2009/10,2010-02-11,AMI Stadium,1,14.3,Bangladesh,New Zealand,Mohammad Ashraful,Imrul Kayes,JDP Oram,0,0,,,,,,,,,
423785,2009/10,2010-02-11,AMI Stadium,1,14.4,Bangladesh,New Zealand,Mohammad Ashraful,Imrul Kayes,JDP Oram,0,0,,,,,,,,,
423785,2009/10,2010-02-11,AMI Stadium,1,14.5,Bangladesh,New Zealand,Mohammad Ashraful,Imrul Kayes,JDP Oram,0,0,,,,,,,,,
423785,2009/10,2010-02-11,AMI Stadium,1,14.6,Bangladesh,New Zealand,Mohammad Ashraful,Imrul Kayes,JDP Oram,0,0,,,,,,,,,
423785,2009/10,2010-02-11,AMI Stadium,1,15.1,Bangladesh,New Zealand,Imrul Kayes,Mohammad Ashraful,IG Butler,0,0,,,,,,,,,
423785,2009/10,2010-02-11,AMI Stadium,1,15.2,Bangladesh,New Zealand,Imrul Kayes,Mohammad Ashraful,IG Butler,4,0,,,,,,,,,
423785,2009/10,2010-02-11,AMI Stadium,1,15.3,Bangladesh,New Zealand,Imrul Kayes,Mohammad Ashraful,IG Butler,1,0,,,,,,,,,
423785,2009/10,2010-02-11,AMI Stadium,1,15.4,Bangladesh,New Zealand,Mohammad Ashraful,Imrul Kayes,IG Butler,0,0,,,,,,,,,
423785,2009/10,2010-02-11,AMI Stadium,1,15.5,Bangladesh,New Zealand,Mohammad Ashraful,Imrul Kayes,IG Butler,0,0,,,,,,,,,
423785,2009/10,2010-02-11,AMI Stadium,1,15.6,Bangladesh,New Zealand,Mohammad Ashraful,Imrul Kayes,IG Butler,0,0,,,,,,,,,
423785,2009/10,2010-02-11,AMI Stadium,1,16.1,Bangladesh,New Zealand,Imrul Kayes,Mohammad Ashraful,JDP Oram,0,0,,,,,,,,,
423785,2009/10,2010-02-11,AMI Stadium,1,16.2,Bangladesh,New Zealand,Imrul Kayes,Mohammad Ashraful,JDP Oram,1,0,,,,,,,,,
423785,2009/10,2010-02-11,AMI Stadium,1,16.3,Bangladesh,New Zealand,Mohammad Ashraful,Imrul Kayes,JDP Oram,1,0,,,,,,,,,
423785,2009/10,2010-02-11,AMI Stadium,1,16.4,Bangladesh,New Zealand,Imrul Kayes,Mohammad Ashraful,JDP Oram,0,0,,,,,,,,,
423785,2009/10,2010-02-11,AMI Stadium,1,16.5,Bangladesh,New Zealand,Imrul Kayes,Mohammad Ashraful,JDP Oram,0,0,,,,,,,,,
423785,2009/10,2010-02-11,AMI Stadium,1,16.6,Bangladesh,New Zealand,Imrul Kayes,Mohammad Ashraful,JDP Oram,0,1,,,,1,,,,,
423785,2009/10,2010-02-11,AMI Stadium,1,17.1,Bangladesh,New Zealand,Imrul Kayes,Mohammad Ashraful,IG Butler,0,1,1,,,,,,,,
423785,2009/10,2010-02-11,AMI Stadium,1,17.2,Bangladesh,New Zealand,Imrul Kayes,Mohammad Ashraful,IG Butler,1,0,,,,,,,,,
423785,2009/10,2010-02-11,AMI Stadium,1,17.3,Bangladesh,New Zealand,Mohammad Ashraful,Imrul Kayes,IG Butler,1,0,,,,,,,,,
423785,2009/10,2010-02-11,AMI Stadium,1,17.4,Bangladesh,New Zealand,Imrul Kayes,Mohammad Ashraful,IG Butler,4,0,,,,,,,,,
423785,2009/10,2010-02-11,AMI Stadium,1,17.5,Bangladesh,New Zealand,Imrul Kayes,Mohammad Ashraful,IG Butler,0,0,,,,,,,,,
423785,2009/10,2010-02-11,AMI Stadium,1,17.6,Bangladesh,New Zealand,Imrul Kayes,Mohammad Ashraful,IG Butler,0,0,,,,,,,,,
423785,2009/10,2010-02-11,AMI Stadium,1,17.7,Bangladesh,New Zealand,Imrul Kayes,Mohammad Ashraful,IG Butler,4,0,,,,,,,,,
423785,2009/10,2010-02-11,AMI Stadium,1,18.1,Bangladesh,New Zealand,Mohammad Ashraful,Imrul Kayes,JDP Oram,1,0,,,,,,,,,
423785,2009/10,2010-02-11,AMI Stadium,1,18.2,Bangladesh,New Zealand,Imrul Kayes,Mohammad Ashraful,JDP Oram,0,0,,,,,,,,,
423785,2009/10,2010-02-11,AMI Stadium,1,18.3,Bangladesh,New Zealand,Imrul Kayes,Mohammad Ashraful,JDP Oram,0,0,,,,,,,,,
423785,2009/10,2010-02-11,AMI Stadium,1,18.4,Bangladesh,New Zealand,Imrul Kayes,Mohammad Ashraful,JDP Oram,1,0,,,,,,,,,
423785,2009/10,2010-02-11,AMI Stadium,1,18.5,Bangladesh,New Zealand,Mohammad Ashraful,Imrul Kayes,JDP Oram,0,0,,,,,,,,,
423785,2009/10,2010-02-11,AMI Stadium,1,18.6,Bangladesh,New Zealand,Mohammad Ashraful,Imrul Kayes,JDP Oram,4,0,,,,,,,,,
423785,2009/10,2010-02-11,AMI Stadium,1,19.1,Bangladesh,New Zealand,Imrul Kayes,Mohammad Ashraful,DL Vettori,0,0,,,,,,,,,
423785,2009/10,2010-02-11,AMI Stadium,1,19.2,Bangladesh,New Zealand,Imrul Kayes,Mohammad Ashraful,DL Vettori,0,0,,,,,,,,,
423785,2009/10,2010-02-11,AMI Stadium,1,19.3,Bangladesh,New Zealand,Imrul Kayes,Mohammad Ashraful,DL Vettori,1,0,,,,,,,,,
423785,2009/10,2010-02-11,AMI Stadium,1,19.4,Bangladesh,New Zealand,Mohammad Ashraful,Imrul Kayes,DL Vettori,0,0,,,,,,,,,
423785,2009/10,2010-02-11,AMI Stadium,1,19.5,Bangladesh,New Zealand,Mohammad Ashraful,Imrul Kayes,DL Vettori,1,0,,,,,,,,,
423785,2009/10,2010-02-11,AMI Stadium,1,19.6,Bangladesh,New Zealand,Imrul Kayes,Mohammad Ashraful,DL Vettori,0,0,,,,,,,,,
423785,2009/10,2010-02-11,AMI Stadium,1,20.1,Bangladesh,New Zealand,Mohammad Ashraful,Imrul Kayes,JDP Oram,1,0,,,,,,,,,
423785,2009/10,2010-02-11,AMI Stadium,1,20.2,Bangladesh,New Zealand,Imrul Kayes,Mohammad Ashraful,JDP Oram,1,0,,,,,,,,,
423785,2009/10,2010-02-11,AMI Stadium,1,20.3,Bangladesh,New Zealand,Mohammad Ashraful,Imrul Kayes,JDP Oram,0,0,,,,,,caught,Mohammad Ashraful,,
423785,2009/10,2010-02-11,AMI Stadium,1,20.4,Bangladesh,New Zealand,Shakib Al Hasan,Imrul Kayes,JDP Oram,0,0,,,,,,,,,
423785,2009/10,2010-02-11,AMI Stadium,1,20.5,Bangladesh,New Zealand,Shakib Al Hasan,Imrul Kayes,JDP Oram,0,0,,,,,,,,,
423785,2009/10,2010-02-11,AMI Stadium,1,20.6,Bangladesh,New Zealand,Shakib Al Hasan,Imrul Kayes,JDP Oram,0,0,,,,,,,,,
423785,2009/10,2010-02-11,AMI Stadium,1,21.1,Bangladesh,New Zealand,Imrul Kayes,Shakib Al Hasan,DL Vettori,0,0,,,,,,,,,
423785,2009/10,2010-02-11,AMI Stadium,1,21.2,Bangladesh,New Zealand,Imrul Kayes,Shakib Al Hasan,DL Vettori,0,0,,,,,,,,,
423785,2009/10,2010-02-11,AMI Stadium,1,21.3,Bangladesh,New Zealand,Imrul Kayes,Shakib Al Hasan,DL Vettori,0,0,,,,,,,,,
423785,2009/10,2010-02-11,AMI Stadium,1,21.4,Bangladesh,New Zealand,Imrul Kayes,Shakib Al Hasan,DL Vettori,2,0,,,,,,,,,
423785,2009/10,2010-02-11,AMI Stadium,1,21.5,Bangladesh,New Zealand,Imrul Kayes,Shakib Al Hasan,DL Vettori,0,1,1,,,,,,,,
423785,2009/10,2010-02-11,AMI Stadium,1,21.6,Bangladesh,New Zealand,Imrul Kayes,Shakib Al Hasan,DL Vettori,0,4,,,4,,,,,,
423785,2009/10,2010-02-11,AMI Stadium,1,21.7,Bangladesh,New Zealand,Imrul Kayes,Shakib Al Hasan,DL Vettori,1,0,,,,,,,,,
423785,2009/10,2010-02-11,AMI Stadium,1,22.1,Bangladesh,New Zealand,Imrul Kayes,Shakib Al Hasan,JDP Oram,0,0,,,,,,,,,
423785,2009/10,2010-02-11,AMI Stadium,1,22.2,Bangladesh,New Zealand,Imrul Kayes,Shakib Al Hasan,JDP Oram,1,0,,,,,,,,,
423785,2009/10,2010-02-11,AMI Stadium,1,22.3,Bangladesh,New Zealand,Shakib Al Hasan,Imrul Kayes,JDP Oram,0,0,,,,,,,,,
423785,2009/10,2010-02-11,AMI Stadium,1,22.4,Bangladesh,New Zealand,Shakib Al Hasan,Imrul Kayes,JDP Oram,1,0,,,,,,,,,
423785,2009/10,2010-02-11,AMI Stadium,1,22.5,Bangladesh,New Zealand,Imrul Kayes,Shakib Al Hasan,JDP Oram,0,1,,1,,,,,,,
423785,2009/10,2010-02-11,AMI Stadium,1,22.6,Bangladesh,New Zealand,Imrul Kayes,Shakib Al Hasan,JDP Oram,0,1,1,,,,,,,,
423785,2009/10,2010-02-11,AMI Stadium,1,22.7,Bangladesh,New Zealand,Imrul Kayes,Shakib Al Hasan,JDP Oram,0,0,,,,,,,,,
423785,2009/10,2010-02-11,AMI Stadium,1,22.8,Bangladesh,New Zealand,Imrul Kayes,Shakib Al Hasan,JDP Oram,1,0,,,,,,,,,
423785,2009/10,2010-02-11,AMI Stadium,1,23.1,Bangladesh,New Zealand,Imrul Kayes,Shakib Al Hasan,DL Vettori,0,0,,,,,,,,,
423785,2009/10,2010-02-11,AMI Stadium,1,23.2,Bangladesh,New Zealand,Imrul Kayes,Shakib Al Hasan,DL Vettori,0,0,,,,,,,,,
423785,2009/10,2010-02-11,AMI Stadium,1,23.3,Bangladesh,New Zealand,Imrul Kayes,Shakib Al Hasan,DL Vettori,1,0,,,,,,,,,
423785,2009/10,2010-02-11,AMI Stadium,1,23.4,Bangladesh,New Zealand,Shakib Al Hasan,Imrul Kayes,DL Vettori,1,0,,,,,,,,,
423785,2009/10,2010-02-11,AMI Stadium,1,23.5,Bangladesh,New Zealand,Imrul Kayes,Shakib Al Hasan,DL Vettori,0,0,,,,,,,,,
423785,2009/10,2010-02-11,AMI Stadium,1,23.6,Bangladesh,New Zealand,Imrul Kayes,Shakib Al Hasan,DL Vettori,4,0,,,,,,,,,
423785,2009/10,2010-02-11,AMI Stadium,1,24.1,Bangladesh,New Zealand,Shakib Al Hasan,Imrul Kayes,JEC Franklin,1,0,,,,,,,,,
423785,2009/10,2010-02-11,AMI Stadium,1,24.2,Bangladesh,New Zealand,Imrul Kayes,Shakib Al Hasan,JEC Franklin,0,0,,,,,,,,,
423785,2009/10,2010-02-11,AMI Stadium,1,24.3,Bangladesh,New Zealand,Imrul Kayes,Shakib Al Hasan,JEC Franklin,1,0,,,,,,,,,
423785,2009/10,2010-02-11,AMI Stadium,1,24.4,Bangladesh,New Zealand,Shakib Al Hasan,Imrul Kayes,JEC Franklin,0,0,,,,,,,,,
423785,2009/10,2010-02-11,AMI Stadium,1,24.5,Bangladesh,New Zealand,Shakib Al Hasan,Imrul Kayes,JEC Franklin,0,0,,,,,,,,,
423785,2009/10,2010-02-11,AMI Stadium,1,24.6,Bangladesh,New Zealand,Shakib Al Hasan,Imrul Kayes,JEC Franklin,1,0,,,,,,,,,
423785,2009/10,2010-02-11,AMI Stadium,1,25.1,Bangladesh,New Zealand,Shakib Al Hasan,Imrul Kayes,DL Vettori,0,0,,,,,,,,,
423785,2009/10,2010-02-11,AMI Stadium,1,25.2,Bangladesh,New Zealand,Shakib Al Hasan,Imrul Kayes,DL Vettori,2,0,,,,,,,,,
423785,2009/10,2010-02-11,AMI Stadium,1,25.3,Bangladesh,New Zealand,Shakib Al Hasan,Imrul Kayes,DL Vettori,0,0,,,,,,,,,
423785,2009/10,2010-02-11,AMI Stadium,1,25.4,Bangladesh,New Zealand,Shakib Al Hasan,Imrul Kayes,DL Vettori,0,0,,,,,,,,,
423785,2009/10,2010-02-11,AMI Stadium,1,25.5,Bangladesh,New Zealand,Shakib Al Hasan,Imrul Kayes,DL Vettori,1,0,,,,,,,,,
423785,2009/10,2010-02-11,AMI Stadium,1,25.6,Bangladesh,New Zealand,Imrul Kayes,Shakib Al Hasan,DL Vettori,0,0,,,,,,,,,
423785,2009/10,2010-02-11,AMI Stadium,1,26.1,Bangladesh,New Zealand,Shakib Al Hasan,Imrul Kayes,JEC Franklin,1,0,,,,,,,,,
423785,2009/10,2010-02-11,AMI Stadium,1,26.2,Bangladesh,New Zealand,Imrul Kayes,Shakib Al Hasan,JEC Franklin,0,0,,,,,,,,,
423785,2009/10,2010-02-11,AMI Stadium,1,26.3,Bangladesh,New Zealand,Imrul Kayes,Shakib Al Hasan,JEC Franklin,4,0,,,,,,,,,
423785,2009/10,2010-02-11,AMI Stadium,1,26.4,Bangladesh,New Zealand,Imrul Kayes,Shakib Al Hasan,JEC Franklin,0,0,,,,,,,,,
423785,2009/10,2010-02-11,AMI Stadium,1,26.5,Bangladesh,New Zealand,Imrul Kayes,Shakib Al Hasan,JEC Franklin,0,0,,,,,,,,,
423785,2009/10,2010-02-11,AMI Stadium,1,26.6,Bangladesh,New Zealand,Imrul Kayes,Shakib Al Hasan,JEC Franklin,1,0,,,,,,,,,
423785,2009/10,2010-02-11,AMI Stadium,1,27.1,Bangladesh,New Zealand,Imrul Kayes,Shakib Al Hasan,DL Vettori,1,0,,,,,,,,,
423785,2009/10,2010-02-11,AMI Stadium,1,27.2,Bangladesh,New Zealand,Shakib Al Hasan,Imrul Kayes,DL Vettori,1,0,,,,,,,,,
423785,2009/10,2010-02-11,AMI Stadium,1,27.3,Bangladesh,New Zealand,Imrul Kayes,Shakib Al Hasan,DL Vettori,0,0,,,,,,,,,
423785,2009/10,2010-02-11,AMI Stadium,1,27.4,Bangladesh,New Zealand,Imrul Kayes,Shakib Al Hasan,DL Vettori,1,0,,,,,,,,,
423785,2009/10,2010-02-11,AMI Stadium,1,27.5,Bangladesh,New Zealand,Shakib Al Hasan,Imrul Kayes,DL Vettori,1,0,,,,,,,,,
423785,2009/10,2010-02-11,AMI Stadium,1,27.6,Bangladesh,New Zealand,Imrul Kayes,Shakib Al Hasan,DL Vettori,0,0,,,,,,,,,
423785,2009/10,2010-02-11,AMI Stadium,1,28.1,Bangladesh,New Zealand,Shakib Al Hasan,Imrul Kayes,JEC Franklin,1,0,,,,,,,,,
423785,2009/10,2010-02-11,AMI Stadium,1,28.2,Bangladesh,New Zealand,Imrul Kayes,Shakib Al Hasan,JEC Franklin,0,0,,,,,,,,,
423785,2009/10,2010-02-11,AMI Stadium,1,28.3,Bangladesh,New Zealand,Imrul Kayes,Shakib Al Hasan,JEC Franklin,0,0,,,,,,,,,
423785,2009/10,2010-02-11,AMI Stadium,1,28.4,Bangladesh,New Zealand,Imrul Kayes,Shakib Al Hasan,JEC Franklin,0,0,,,,,,,,,
423785,2009/10,2010-02-11,AMI Stadium,1,28.5,Bangladesh,New Zealand,Imrul Kayes,Shakib Al Hasan,JEC Franklin,1,0,,,,,,,,,
423785,2009/10,2010-02-11,AMI Stadium,1,28.6,Bangladesh,New Zealand,Shakib Al Hasan,Imrul Kayes,JEC Franklin,0,0,,,,,,,,,
423785,2009/10,2010-02-11,AMI Stadium,1,29.1,Bangladesh,New Zealand,Imrul Kayes,Shakib Al Hasan,MJ Guptill,1,0,,,,,,,,,
423785,2009/10,2010-02-11,AMI Stadium,1,29.2,Bangladesh,New Zealand,Shakib Al Hasan,Imrul Kayes,MJ Guptill,2,0,,,,,,,,,
423785,2009/10,2010-02-11,AMI Stadium,1,29.3,Bangladesh,New Zealand,Shakib Al Hasan,Imrul Kayes,MJ Guptill,0,0,,,,,,,,,
423785,2009/10,2010-02-11,AMI Stadium,1,29.4,Bangladesh,New Zealand,Shakib Al Hasan,Imrul Kayes,MJ Guptill,0,0,,,,,,,,,
423785,2009/10,2010-02-11,AMI Stadium,1,29.5,Bangladesh,New Zealand,Shakib Al Hasan,Imrul Kayes,MJ Guptill,1,0,,,,,,,,,
423785,2009/10,2010-02-11,AMI Stadium,1,29.6,Bangladesh,New Zealand,Imrul Kayes,Shakib Al Hasan,MJ Guptill,1,0,,,,,,,,,
423785,2009/10,2010-02-11,AMI Stadium,1,30.1,Bangladesh,New Zealand,Imrul Kayes,Shakib Al Hasan,JEC Franklin,0,0,,,,,,,,,
423785,2009/10,2010-02-11,AMI Stadium,1,30.2,Bangladesh,New Zealand,Imrul Kayes,Shakib Al Hasan,JEC Franklin,1,0,,,,,,,,,
423785,2009/10,2010-02-11,AMI Stadium,1,30.3,Bangladesh,New Zealand,Shakib Al Hasan,Imrul Kayes,JEC Franklin,1,0,,,,,,,,,
423785,2009/10,2010-02-11,AMI Stadium,1,30.4,Bangladesh,New Zealand,Imrul Kayes,Shakib Al Hasan,JEC Franklin,1,0,,,,,,,,,
423785,2009/10,2010-02-11,AMI Stadium,1,30.5,Bangladesh,New Zealand,Shakib Al Hasan,Imrul Kayes,JEC Franklin,0,0,,,,,,,,,
423785,2009/10,2010-02-11,AMI Stadium,1,30.6,Bangladesh,New Zealand,Shakib Al Hasan,Imrul Kayes,JEC Franklin,0,0,,,,,,,,,
423785,2009/10,2010-02-11,AMI Stadium,1,31.1,Bangladesh,New Zealand,Imrul Kayes,Shakib Al Hasan,MJ Guptill,0,0,,,,,,,,,
423785,2009/10,2010-02-11,AMI Stadium,1,31.2,Bangladesh,New Zealand,Imrul Kayes,Shakib Al Hasan,MJ Guptill,0,0,,,,,,,,,
423785,2009/10,2010-02-11,AMI Stadium,1,31.3,Bangladesh,New Zealand,Imrul Kayes,Shakib Al Hasan,MJ Guptill,0,0,,,,,,,,,
423785,2009/10,2010-02-11,AMI Stadium,1,31.4,Bangladesh,New Zealand,Imrul Kayes,Shakib Al Hasan,MJ Guptill,1,0,,,,,,,,,
423785,2009/10,2010-02-11,AMI Stadium,1,31.5,Bangladesh,New Zealand,Shakib Al Hasan,Imrul Kayes,MJ Guptill,0,0,,,,,,,,,
423785,2009/10,2010-02-11,AMI Stadium,1,31.6,Bangladesh,New Zealand,Shakib Al Hasan,Imrul Kayes,MJ Guptill,0,0,,,,,,,,,
423785,2009/10,2010-02-11,AMI Stadium,1,32.1,Bangladesh,New Zealand,Imrul Kayes,Shakib Al Hasan,JEC Franklin,1,0,,,,,,,,,
423785,2009/10,2010-02-11,AMI Stadium,1,32.2,Bangladesh,New Zealand,Shakib Al Hasan,Imrul Kayes,JEC Franklin,1,0,,,,,,,,,
423785,2009/10,2010-02-11,AMI Stadium,1,32.3,Bangladesh,New Zealand,Imrul Kayes,Shakib Al Hasan,JEC Franklin,1,0,,,,,,,,,
423785,2009/10,2010-02-11,AMI Stadium,1,32.4,Bangladesh,New Zealand,Shakib Al Hasan,Imrul Kayes,JEC Franklin,0,0,,,,,,,,,
423785,2009/10,2010-02-11,AMI Stadium,1,32.5,Bangladesh,New Zealand,Shakib Al Hasan,Imrul Kayes,JEC Franklin,1,0,,,,,,,,,
423785,2009/10,2010-02-11,AMI Stadium,1,32.6,Bangladesh,New Zealand,Imrul Kayes,Shakib Al Hasan,JEC Franklin,0,0,,,,,,,,,
423785,2009/10,2010-02-11,AMI Stadium,1,33.1,Bangladesh,New Zealand,Shakib Al Hasan,Imrul Kayes,MJ Guptill,1,0,,,,,,,,,
423785,2009/10,2010-02-11,AMI Stadium,1,33.2,Bangladesh,New Zealand,Imrul Kayes,Shakib Al Hasan,MJ Guptill,0,0,,,,,,,,,
423785,2009/10,2010-02-11,AMI Stadium,1,33.3,Bangladesh,New Zealand,Imrul Kayes,Shakib Al Hasan,MJ Guptill,0,0,,,,,,,,,
423785,2009/10,2010-02-11,AMI Stadium,1,33.4,Bangladesh,New Zealand,Imrul Kayes,Shakib Al Hasan,MJ Guptill,0,0,,,,,,,,,
423785,2009/10,2010-02-11,AMI Stadium,1,33.5,Bangladesh,New Zealand,Imrul Kayes,Shakib Al Hasan,MJ Guptill,1,0,,,,,,,,,
423785,2009/10,2010-02-11,AMI Stadium,1,33.6,Bangladesh,New Zealand,Shakib Al Hasan,Imrul Kayes,MJ Guptill,0,0,,,,,,,,,
423785,2009/10,2010-02-11,AMI Stadium,1,34.1,Bangladesh,New Zealand,Imrul Kayes,Shakib Al Hasan,IG Butler,4,0,,,,,,,,,
423785,2009/10,2010-02-11,AMI Stadium,1,34.2,Bangladesh,New Zealand,Imrul Kayes,Shakib Al Hasan,IG Butler,0,0,,,,,,,,,
423785,2009/10,2010-02-11,AMI Stadium,1,34.3,Bangladesh,New Zealand,Imrul Kayes,Shakib Al Hasan,IG Butler,1,0,,,,,,,,,
423785,2009/10,2010-02-11,AMI Stadium,1,34.4,Bangladesh,New Zealand,Shakib Al Hasan,Imrul Kayes,IG Butler,1,0,,,,,,,,,
423785,2009/10,2010-02-11,AMI Stadium,1,34.5,Bangladesh,New Zealand,Imrul Kayes,Shakib Al Hasan,IG Butler,1,0,,,,,,,,,
423785,2009/10,2010-02-11,AMI Stadium,1,34.6,Bangladesh,New Zealand,Shakib Al Hasan,Imrul Kayes,IG Butler,4,0,,,,,,,,,
423785,2009/10,2010-02-11,AMI Stadium,1,35.1,Bangladesh,New Zealand,Imrul Kayes,Shakib Al Hasan,AJ McKay,0,0,,,,,,,,,
423785,2009/10,2010-02-11,AMI Stadium,1,35.2,Bangladesh,New Zealand,Imrul Kayes,Shakib Al Hasan,AJ McKay,0,1,1,,,,,,,,
423785,2009/10,2010-02-11,AMI Stadium,1,35.3,Bangladesh,New Zealand,Imrul Kayes,Shakib Al Hasan,AJ McKay,1,0,,,,,,,,,
423785,2009/10,2010-02-11,AMI Stadium,1,35.4,Bangladesh,New Zealand,Shakib Al Hasan,Imrul Kayes,AJ McKay,1,0,,,,,,,,,
423785,2009/10,2010-02-11,AMI Stadium,1,35.5,Bangladesh,New Zealand,Imrul Kayes,Shakib Al Hasan,AJ McKay,0,0,,,,,,,,,
423785,2009/10,2010-02-11,AMI Stadium,1,35.6,Bangladesh,New Zealand,Imrul Kayes,Shakib Al Hasan,AJ McKay,1,0,,,,,,,,,
423785,2009/10,2010-02-11,AMI Stadium,1,35.7,Bangladesh,New Zealand,Shakib Al Hasan,Imrul Kayes,AJ McKay,4,0,,,,,,,,,
423785,2009/10,2010-02-11,AMI Stadium,1,36.1,Bangladesh,New Zealand,Imrul Kayes,Shakib Al Hasan,IG Butler,0,0,,,,,,,,,
423785,2009/10,2010-02-11,AMI Stadium,1,36.2,Bangladesh,New Zealand,Imrul Kayes,Shakib Al Hasan,IG Butler,1,0,,,,,,,,,
423785,2009/10,2010-02-11,AMI Stadium,1,36.3,Bangladesh,New Zealand,Shakib Al Hasan,Imrul Kayes,IG Butler,2,0,,,,,,,,,
423785,2009/10,2010-02-11,AMI Stadium,1,36.4,Bangladesh,New Zealand,Shakib Al Hasan,Imrul Kayes,IG Butler,0,0,,,,,,,,,
423785,2009/10,2010-02-11,AMI Stadium,1,36.5,Bangladesh,New Zealand,Shakib Al Hasan,Imrul Kayes,IG Butler,1,0,,,,,,,,,
423785,2009/10,2010-02-11,AMI Stadium,1,36.6,Bangladesh,New Zealand,Imrul Kayes,Shakib Al Hasan,IG Butler,2,0,,,,,,,,,
423785,2009/10,2010-02-11,AMI Stadium,1,37.1,Bangladesh,New Zealand,Shakib Al Hasan,Imrul Kayes,AJ McKay,4,0,,,,,,,,,
423785,2009/10,2010-02-11,AMI Stadium,1,37.2,Bangladesh,New Zealand,Shakib Al Hasan,Imrul Kayes,AJ McKay,0,0,,,,,,,,,
423785,2009/10,2010-02-11,AMI Stadium,1,37.3,Bangladesh,New Zealand,Shakib Al Hasan,Imrul Kayes,AJ McKay,1,0,,,,,,,,,
423785,2009/10,2010-02-11,AMI Stadium,1,37.4,Bangladesh,New Zealand,Imrul Kayes,Shakib Al Hasan,AJ McKay,1,0,,,,,,,,,
423785,2009/10,2010-02-11,AMI Stadium,1,37.5,Bangladesh,New Zealand,Shakib Al Hasan,Imrul Kayes,AJ McKay,0,0,,,,,,,,,
423785,2009/10,2010-02-11,AMI Stadium,1,37.6,Bangladesh,New Zealand,Shakib Al Hasan,Imrul Kayes,AJ McKay,0,1,,,,1,,,,,
423785,2009/10,2010-02-11,AMI Stadium,1,38.1,Bangladesh,New Zealand,Shakib Al Hasan,Imrul Kayes,TG Southee,0,0,,,,,,,,,
423785,2009/10,2010-02-11,AMI Stadium,1,38.2,Bangladesh,New Zealand,Shakib Al Hasan,Imrul Kayes,TG Southee,0,0,,,,,,caught,Shakib Al Hasan,,
423785,2009/10,2010-02-11,AMI Stadium,1,38.3,Bangladesh,New Zealand,Imrul Kayes,Mushfiqur Rahim,TG Southee,0,0,,,,,,,,,
423785,2009/10,2010-02-11,AMI Stadium,1,38.4,Bangladesh,New Zealand,Imrul Kayes,Mushfiqur Rahim,TG Southee,0,0,,,,,,,,,
423785,2009/10,2010-02-11,AMI Stadium,1,38.5,Bangladesh,New Zealand,Imrul Kayes,Mushfiqur Rahim,TG Southee,4,0,,,,,,,,,
423785,2009/10,2010-02-11,AMI Stadium,1,38.6,Bangladesh,New Zealand,Imrul Kayes,Mushfiqur Rahim,TG Southee,4,0,,,,,,,,,
423785,2009/10,2010-02-11,AMI Stadium,1,39.1,Bangladesh,New Zealand,Mushfiqur Rahim,Imrul Kayes,DL Vettori,1,0,,,,,,,,,
423785,2009/10,2010-02-11,AMI Stadium,1,39.2,Bangladesh,New Zealand,Imrul Kayes,Mushfiqur Rahim,DL Vettori,4,0,,,,,,,,,
423785,2009/10,2010-02-11,AMI Stadium,1,39.3,Bangladesh,New Zealand,Imrul Kayes,Mushfiqur Rahim,DL Vettori,1,0,,,,,,,,,
423785,2009/10,2010-02-11,AMI Stadium,1,39.4,Bangladesh,New Zealand,Mushfiqur Rahim,Imrul Kayes,DL Vettori,0,0,,,,,,,,,
423785,2009/10,2010-02-11,AMI Stadium,1,39.5,Bangladesh,New Zealand,Mushfiqur Rahim,Imrul Kayes,DL Vettori,0,0,,,,,,,,,
423785,2009/10,2010-02-11,AMI Stadium,1,39.6,Bangladesh,New Zealand,Mushfiqur Rahim,Imrul Kayes,DL Vettori,1,0,,,,,,,,,
423785,2009/10,2010-02-11,AMI Stadium,1,40.1,Bangladesh,New Zealand,Mushfiqur Rahim,Imrul Kayes,TG Southee,0,0,,,,,,,,,
423785,2009/10,2010-02-11,AMI Stadium,1,40.2,Bangladesh,New Zealand,Mushfiqur Rahim,Imrul Kayes,TG Southee,0,0,,,,,,,,,
423785,2009/10,2010-02-11,AMI Stadium,1,40.3,Bangladesh,New Zealand,Mushfiqur Rahim,Imrul Kayes,TG Southee,0,0,,,,,,,,,
423785,2009/10,2010-02-11,AMI Stadium,1,40.4,Bangladesh,New Zealand,Mushfiqur Rahim,Imrul Kayes,TG Southee,0,0,,,,,,,,,
423785,2009/10,2010-02-11,AMI Stadium,1,40.5,Bangladesh,New Zealand,Mushfiqur Rahim,Imrul Kayes,TG Southee,0,0,,,,,,,,,
423785,2009/10,2010-02-11,AMI Stadium,1,40.6,Bangladesh,New Zealand,Mushfiqur Rahim,Imrul Kayes,TG Southee,0,0,,,,,,,,,
423785,2009/10,2010-02-11,AMI Stadium,1,41.1,Bangladesh,New Zealand,Imrul Kayes,Mushfiqur Rahim,DL Vettori,0,0,,,,,,,,,
423785,2009/10,2010-02-11,AMI Stadium,1,41.2,Bangladesh,New Zealand,Imrul Kayes,Mushfiqur Rahim,DL Vettori,2,0,,,,,,,,,
423785,2009/10,2010-02-11,AMI Stadium,1,41.3,Bangladesh,New Zealand,Imrul Kayes,Mushfiqur Rahim,DL Vettori,0,0,,,,,,,,,
423785,2009/10,2010-02-11,AMI Stadium,1,41.4,Bangladesh,New Zealand,Imrul Kayes,Mushfiqur Rahim,DL Vettori,0,0,,,,,,,,,
423785,2009/10,2010-02-11,AMI Stadium,1,41.5,Bangladesh,New Zealand,Imrul Kayes,Mushfiqur Rahim,DL Vettori,0,0,,,,,,,,,
423785,2009/10,2010-02-11,AMI Stadium,1,41.6,Bangladesh,New Zealand,Imrul Kayes,Mushfiqur Rahim,DL Vettori,1,0,,,,,,,,,
423785,2009/10,2010-02-11,AMI Stadium,1,42.1,Bangladesh,New Zealand,Imrul Kayes,Mushfiqur Rahim,IG Butler,1,0,,,,,,,,,
423785,2009/10,2010-02-11,AMI Stadium,1,42.2,Bangladesh,New Zealand,Mushfiqur Rahim,Imrul Kayes,IG Butler,1,0,,,,,,,,,
423785,2009/10,2010-02-11,AMI Stadium,1,42.3,Bangladesh,New Zealand,Imrul Kayes,Mushfiqur Rahim,IG Butler,1,0,,,,,,,,,
423785,2009/10,2010-02-11,AMI Stadium,1,42.4,Bangladesh,New Zealand,Mushfiqur Rahim,Imrul Kayes,IG Butler,0,0,,,,,,,,,
423785,2009/10,2010-02-11,AMI Stadium,1,42.5,Bangladesh,New Zealand,Mushfiqur Rahim,Imrul Kayes,IG Butler,1,0,,,,,,,,,
423785,2009/10,2010-02-11,AMI Stadium,1,42.6,Bangladesh,New Zealand,Imrul Kayes,Mushfiqur Rahim,IG Butler,0,0,,,,,,,,,
423785,2009/10,2010-02-11,AMI Stadium,1,43.1,Bangladesh,New Zealand,Mushfiqur Rahim,Imrul Kayes,DL Vettori,0,0,,,,,,lbw,Mushfiqur Rahim,,
423785,2009/10,2010-02-11,AMI Stadium,1,43.2,Bangladesh,New Zealand,Mahmudullah,Imrul Kayes,DL Vettori,1,0,,,,,,,,,
423785,2009/10,2010-02-11,AMI Stadium,1,43.3,Bangladesh,New Zealand,Imrul Kayes,Mahmudullah,DL Vettori,0,0,,,,,,,,,
423785,2009/10,2010-02-11,AMI Stadium,1,43.4,Bangladesh,New Zealand,Imrul Kayes,Mahmudullah,DL Vettori,1,0,,,,,,,,,
423785,2009/10,2010-02-11,AMI Stadium,1,43.5,Bangladesh,New Zealand,Mahmudullah,Imrul Kayes,DL Vettori,1,0,,,,,,,,,
423785,2009/10,2010-02-11,AMI Stadium,1,43.6,Bangladesh,New Zealand,Imrul Kayes,Mahmudullah,DL Vettori,1,0,,,,,,,,,
423785,2009/10,2010-02-11,AMI Stadium,1,44.1,Bangladesh,New Zealand,Imrul Kayes,Mahmudullah,IG Butler,4,0,,,,,,,,,
423785,2009/10,2010-02-11,AMI Stadium,1,44.2,Bangladesh,New Zealand,Imrul Kayes,Mahmudullah,IG Butler,2,0,,,,,,,,,
423785,2009/10,2010-02-11,AMI Stadium,1,44.3,Bangladesh,New Zealand,Imrul Kayes,Mahmudullah,IG Butler,1,0,,,,,,,,,
423785,2009/10,2010-02-11,AMI Stadium,1,44.4,Bangladesh,New Zealand,Mahmudullah,Imrul Kayes,IG Butler,2,0,,,,,,,,,
423785,2009/10,2010-02-11,AMI Stadium,1,44.5,Bangladesh,New Zealand,Mahmudullah,Imrul Kayes,IG Butler,1,0,,,,,,,,,
423785,2009/10,2010-02-11,AMI Stadium,1,44.6,Bangladesh,New Zealand,Imrul Kayes,Mahmudullah,IG Butler,0,0,,,,,,,,,
423785,2009/10,2010-02-11,AMI Stadium,1,45.1,Bangladesh,New Zealand,Mahmudullah,Imrul Kayes,DL Vettori,1,0,,,,,,,,,
423785,2009/10,2010-02-11,AMI Stadium,1,45.2,Bangladesh,New Zealand,Imrul Kayes,Mahmudullah,DL Vettori,1,0,,,,,,,,,
423785,2009/10,2010-02-11,AMI Stadium,1,45.3,Bangladesh,New Zealand,Mahmudullah,Imrul Kayes,DL Vettori,0,0,,,,,,bowled,Mahmudullah,,
423785,2009/10,2010-02-11,AMI Stadium,1,45.4,Bangladesh,New Zealand,Naeem Islam,Imrul Kayes,DL Vettori,1,0,,,,,,,,,
423785,2009/10,2010-02-11,AMI Stadium,1,45.5,Bangladesh,New Zealand,Imrul Kayes,Naeem Islam,DL Vettori,1,0,,,,,,,,,
423785,2009/10,2010-02-11,AMI Stadium,1,45.6,Bangladesh,New Zealand,Naeem Islam,Imrul Kayes,DL Vettori,4,0,,,,,,,,,
423785,2009/10,2010-02-11,AMI Stadium,1,46.1,Bangladesh,New Zealand,Imrul Kayes,Naeem Islam,TG Southee,1,0,,,,,,,,,
423785,2009/10,2010-02-11,AMI Stadium,1,46.2,Bangladesh,New Zealand,Naeem Islam,Imrul Kayes,TG Southee,1,0,,,,,,,,,
423785,2009/10,2010-02-11,AMI Stadium,1,46.3,Bangladesh,New Zealand,Imrul Kayes,Naeem Islam,TG Southee,0,1,,,,1,,,,,
423785,2009/10,2010-02-11,AMI Stadium,1,46.4,Bangladesh,New Zealand,Naeem Islam,Imrul Kayes,TG Southee,2,0,,,,,,,,,
423785,2009/10,2010-02-11,AMI Stadium,1,46.5,Bangladesh,New Zealand,Naeem Islam,Imrul Kayes,TG Southee,1,0,,,,,,,,,
423785,2009/10,2010-02-11,AMI Stadium,1,46.6,Bangladesh,New Zealand,Imrul Kayes,Naeem Islam,TG Southee,0,0,,,,,,,,,
423785,2009/10,2010-02-11,AMI Stadium,1,47.1,Bangladesh,New Zealand,Naeem Islam,Imrul Kayes,DL Vettori,1,0,,,,,,,,,
423785,2009/10,2010-02-11,AMI Stadium,1,47.2,Bangladesh,New Zealand,Imrul Kayes,Naeem Islam,DL Vettori,0,0,,,,,,bowled,Imrul Kayes,,
423785,2009/10,2010-02-11,AMI Stadium,1,47.3,Bangladesh,New Zealand,Shahadat Hossain,Naeem Islam,DL Vettori,0,0,,,,,,,,,
423785,2009/10,2010-02-11,AMI Stadium,1,47.4,Bangladesh,New Zealand,Shahadat Hossain,Naeem Islam,DL Vettori,0,0,,,,,,,,,
423785,2009/10,2010-02-11,AMI Stadium,1,47.5,Bangladesh,New Zealand,Shahadat Hossain,Naeem Islam,DL Vettori,0,0,,,,,,,,,
423785,2009/10,2010-02-11,AMI Stadium,1,47.6,Bangladesh,New Zealand,Shahadat Hossain,Naeem Islam,DL Vettori,0,0,,,,,,,,,
423785,2009/10,2010-02-11,AMI Stadium,1,48.1,Bangladesh,New Zealand,Naeem Islam,Shahadat Hossain,TG Southee,0,0,,,,,,caught,Naeem Islam,,
423785,2009/10,2010-02-11,AMI Stadium,1,48.2,Bangladesh,New Zealand,Shahadat Hossain,Shafiul Islam,TG Southee,1,0,,,,,,,,,
423785,2009/10,2010-02-11,AMI Stadium,1,48.3,Bangladesh,New Zealand,Shafiul Islam,Shahadat Hossain,TG Southee,0,0,,,,,,,,,
423785,2009/10,2010-02-11,AMI Stadium,1,48.4,Bangladesh,New Zealand,Shafiul Islam,Shahadat Hossain,TG Southee,1,0,,,,,,,,,
423785,2009/10,2010-02-11,AMI Stadium,1,48.5,Bangladesh,New Zealand,Shahadat Hossain,Shafiul Islam,TG Southee,0,0,,,,,,,,,
423785,2009/10,2010-02-11,AMI Stadium,1,48.6,Bangladesh,New Zealand,Shahadat Hossain,Shafiul Islam,TG Southee,2,0,,,,,,,,,
423785,2009/10,2010-02-11,AMI Stadium,1,49.1,Bangladesh,New Zealand,Shafiul Islam,Shahadat Hossain,AJ McKay,0,0,,,,,,,,,
423785,2009/10,2010-02-11,AMI Stadium,1,49.2,Bangladesh,New Zealand,Shafiul Islam,Shahadat Hossain,AJ McKay,0,1,1,,,,,,,,
423785,2009/10,2010-02-11,AMI Stadium,1,49.3,Bangladesh,New Zealand,Shafiul Islam,Shahadat Hossain,AJ McKay,0,0,,,,,,,,,
423785,2009/10,2010-02-11,AMI Stadium,1,49.4,Bangladesh,New Zealand,Shafiul Islam,Shahadat Hossain,AJ McKay,0,0,,,,,,,,,
423785,2009/10,2010-02-11,AMI Stadium,1,49.5,Bangladesh,New Zealand,Shafiul Islam,Shahadat Hossain,AJ McKay,1,0,,,,,,,,,
423785,2009/10,2010-02-11,AMI Stadium,1,49.6,Bangladesh,New Zealand,Shahadat Hossain,Shafiul Islam,AJ McKay,0,0,,,,,,,,,
423785,2009/10,2010-02-11,AMI Stadium,1,49.7,Bangladesh,New Zealand,Shahadat Hossain,Shafiul Islam,AJ McKay,1,0,,,,,,run out,Shahadat Hossain,,
423785,2009/10,2010-02-11,AMI Stadium,2,0.1,New Zealand,Bangladesh,BB McCullum,PJ Ingram,Shahadat Hossain,0,0,,,,,,,,,
423785,2009/10,2010-02-11,AMI Stadium,2,0.2,New Zealand,Bangladesh,BB McCullum,PJ Ingram,Shahadat Hossain,0,0,,,,,,,,,
423785,2009/10,2010-02-11,AMI Stadium,2,0.3,New Zealand,Bangladesh,BB McCullum,PJ Ingram,Shahadat Hossain,1,0,,,,,,,,,
423785,2009/10,2010-02-11,AMI Stadium,2,0.4,New Zealand,Bangladesh,PJ Ingram,BB McCullum,Shahadat Hossain,0,0,,,,,,,,,
423785,2009/10,2010-02-11,AMI Stadium,2,0.5,New Zealand,Bangladesh,PJ Ingram,BB McCullum,Shahadat Hossain,1,0,,,,,,,,,
423785,2009/10,2010-02-11,AMI Stadium,2,0.6,New Zealand,Bangladesh,BB McCullum,PJ Ingram,Shahadat Hossain,1,0,,,,,,,,,
423785,2009/10,2010-02-11,AMI Stadium,2,1.1,New Zealand,Bangladesh,BB McCullum,PJ Ingram,Shafiul Islam,1,0,,,,,,,,,
423785,2009/10,2010-02-11,AMI Stadium,2,1.2,New Zealand,Bangladesh,PJ Ingram,BB McCullum,Shafiul Islam,1,0,,,,,,,,,
423785,2009/10,2010-02-11,AMI Stadium,2,1.3,New Zealand,Bangladesh,BB McCullum,PJ Ingram,Shafiul Islam,4,0,,,,,,,,,
423785,2009/10,2010-02-11,AMI Stadium,2,1.4,New Zealand,Bangladesh,BB McCullum,PJ Ingram,Shafiul Islam,0,0,,,,,,,,,
423785,2009/10,2010-02-11,AMI Stadium,2,1.5,New Zealand,Bangladesh,BB McCullum,PJ Ingram,Shafiul Islam,6,0,,,,,,,,,
423785,2009/10,2010-02-11,AMI Stadium,2,1.6,New Zealand,Bangladesh,BB McCullum,PJ Ingram,Shafiul Islam,0,0,,,,,,,,,
423785,2009/10,2010-02-11,AMI Stadium,2,2.1,New Zealand,Bangladesh,PJ Ingram,BB McCullum,Shahadat Hossain,0,0,,,,,,,,,
423785,2009/10,2010-02-11,AMI Stadium,2,2.2,New Zealand,Bangladesh,PJ Ingram,BB McCullum,Shahadat Hossain,2,0,,,,,,,,,
423785,2009/10,2010-02-11,AMI Stadium,2,2.3,New Zealand,Bangladesh,PJ Ingram,BB McCullum,Shahadat Hossain,0,0,,,,,,,,,
423785,2009/10,2010-02-11,AMI Stadium,2,2.4,New Zealand,Bangladesh,PJ Ingram,BB McCullum,Shahadat Hossain,4,0,,,,,,,,,
423785,2009/10,2010-02-11,AMI Stadium,2,2.5,New Zealand,Bangladesh,PJ Ingram,BB McCullum,Shahadat Hossain,0,0,,,,,,,,,
423785,2009/10,2010-02-11,AMI Stadium,2,2.6,New Zealand,Bangladesh,PJ Ingram,BB McCullum,Shahadat Hossain,0,0,,,,,,,,,
423785,2009/10,2010-02-11,AMI Stadium,2,3.1,New Zealand,Bangladesh,BB McCullum,PJ Ingram,Shafiul Islam,0,0,,,,,,,,,
423785,2009/10,2010-02-11,AMI Stadium,2,3.2,New Zealand,Bangladesh,BB McCullum,PJ Ingram,Shafiul Islam,6,0,,,,,,,,,
423785,2009/10,2010-02-11,AMI Stadium,2,3.3,New Zealand,Bangladesh,BB McCullum,PJ Ingram,Shafiul Islam,0,0,,,,,,,,,
423785,2009/10,2010-02-11,AMI Stadium,2,3.4,New Zealand,Bangladesh,BB McCullum,PJ Ingram,Shafiul Islam,0,0,,,,,,,,,
423785,2009/10,2010-02-11,AMI Stadium,2,3.5,New Zealand,Bangladesh,BB McCullum,PJ Ingram,Shafiul Islam,0,0,,,,,,,,,
423785,2009/10,2010-02-11,AMI Stadium,2,3.6,New Zealand,Bangladesh,BB McCullum,PJ Ingram,Shafiul Islam,0,4,,,,4,,,,,
423785,2009/10,2010-02-11,AMI Stadium,2,4.1,New Zealand,Bangladesh,PJ Ingram,BB McCullum,Shahadat Hossain,2,0,,,,,,,,,
423785,2009/10,2010-02-11,AMI Stadium,2,4.2,New Zealand,Bangladesh,PJ Ingram,BB McCullum,Shahadat Hossain,0,0,,,,,,,,,
423785,2009/10,2010-02-11,AMI Stadium,2,4.3,New Zealand,Bangladesh,PJ Ingram,BB McCullum,Shahadat Hossain,4,0,,,,,,,,,
423785,2009/10,2010-02-11,AMI Stadium,2,4.4,New Zealand,Bangladesh,PJ Ingram,BB McCullum,Shahadat Hossain,0,0,,,,,,,,,
423785,2009/10,2010-02-11,AMI Stadium,2,4.5,New Zealand,Bangladesh,PJ Ingram,BB McCullum,Shahadat Hossain,0,0,,,,,,,,,
423785,2009/10,2010-02-11,AMI Stadium,2,4.6,New Zealand,Bangladesh,PJ Ingram,BB McCullum,Shahadat Hossain,0,0,,,,,,,,,
423785,2009/10,2010-02-11,AMI Stadium,2,5.1,New Zealand,Bangladesh,BB McCullum,PJ Ingram,Rubel Hossain,0,0,,,,,,,,,
423785,2009/10,2010-02-11,AMI Stadium,2,5.2,New Zealand,Bangladesh,BB McCullum,PJ Ingram,Rubel Hossain,0,0,,,,,,,,,
423785,2009/10,2010-02-11,AMI Stadium,2,5.3,New Zealand,Bangladesh,BB McCullum,PJ Ingram,Rubel Hossain,0,0,,,,,,bowled,BB McCullum,,
423785,2009/10,2010-02-11,AMI Stadium,2,5.4,New Zealand,Bangladesh,MJ Guptill,PJ Ingram,Rubel Hossain,0,0,,,,,,,,,
423785,2009/10,2010-02-11,AMI Stadium,2,5.5,New Zealand,Bangladesh,MJ Guptill,PJ Ingram,Rubel Hossain,0,0,,,,,,,,,
423785,2009/10,2010-02-11,AMI Stadium,2,5.6,New Zealand,Bangladesh,MJ Guptill,PJ Ingram,Rubel Hossain,1,0,,,,,,,,,
423785,2009/10,2010-02-11,AMI Stadium,2,6.1,New Zealand,Bangladesh,MJ Guptill,PJ Ingram,Shahadat Hossain,0,0,,,,,,,,,
423785,2009/10,2010-02-11,AMI Stadium,2,6.2,New Zealand,Bangladesh,MJ Guptill,PJ Ingram,Shahadat Hossain,4,0,,,,,,,,,
423785,2009/10,2010-02-11,AMI Stadium,2,6.3,New Zealand,Bangladesh,MJ Guptill,PJ Ingram,Shahadat Hossain,0,0,,,,,,,,,
423785,2009/10,2010-02-11,AMI Stadium,2,6.4,New Zealand,Bangladesh,MJ Guptill,PJ Ingram,Shahadat Hossain,0,0,,,,,,,,,
423785,2009/10,2010-02-11,AMI Stadium,2,6.5,New Zealand,Bangladesh,MJ Guptill,PJ Ingram,Shahadat Hossain,4,0,,,,,,,,,
423785,2009/10,2010-02-11,AMI Stadium,2,6.6,New Zealand,Bangladesh,MJ Guptill,PJ Ingram,Shahadat Hossain,3,0,,,,,,,,,
423785,2009/10,2010-02-11,AMI Stadium,2,7.1,New Zealand,Bangladesh,MJ Guptill,PJ Ingram,Rubel Hossain,1,0,,,,,,,,,
423785,2009/10,2010-02-11,AMI Stadium,2,7.2,New Zealand,Bangladesh,PJ Ingram,MJ Guptill,Rubel Hossain,0,0,,,,,,,,,
423785,2009/10,2010-02-11,AMI Stadium,2,7.3,New Zealand,Bangladesh,PJ Ingram,MJ Guptill,Rubel Hossain,0,0,,,,,,,,,
423785,2009/10,2010-02-11,AMI Stadium,2,7.4,New Zealand,Bangladesh,PJ Ingram,MJ Guptill,Rubel Hossain,0,0,,,,,,,,,
423785,2009/10,2010-02-11,AMI Stadium,2,7.5,New Zealand,Bangladesh,PJ Ingram,MJ Guptill,Rubel Hossain,0,0,,,,,,,,,
423785,2009/10,2010-02-11,AMI Stadium,2,7.6,New Zealand,Bangladesh,PJ Ingram,MJ Guptill,Rubel Hossain,1,0,,,,,,,,,
423785,2009/10,2010-02-11,AMI Stadium,2,8.1,New Zealand,Bangladesh,PJ Ingram,MJ Guptill,Shafiul Islam,0,0,,,,,,,,,
423785,2009/10,2010-02-11,AMI Stadium,2,8.2,New Zealand,Bangladesh,PJ Ingram,MJ Guptill,Shafiul Islam,0,0,,,,,,,,,
423785,2009/10,2010-02-11,AMI Stadium,2,8.3,New Zealand,Bangladesh,PJ Ingram,MJ Guptill,Shafiul Islam,4,0,,,,,,,,,
423785,2009/10,2010-02-11,AMI Stadium,2,8.4,New Zealand,Bangladesh,PJ Ingram,MJ Guptill,Shafiul Islam,0,0,,,,,,,,,
423785,2009/10,2010-02-11,AMI Stadium,2,8.5,New Zealand,Bangladesh,PJ Ingram,MJ Guptill,Shafiul Islam,4,0,,,,,,,,,
423785,2009/10,2010-02-11,AMI Stadium,2,8.6,New Zealand,Bangladesh,PJ Ingram,MJ Guptill,Shafiul Islam,0,0,,,,,,,,,
423785,2009/10,2010-02-11,AMI Stadium,2,9.1,New Zealand,Bangladesh,MJ Guptill,PJ Ingram,Rubel Hossain,1,0,,,,,,,,,
423785,2009/10,2010-02-11,AMI Stadium,2,9.2,New Zealand,Bangladesh,PJ Ingram,MJ Guptill,Rubel Hossain,0,0,,,,,,,,,
423785,2009/10,2010-02-11,AMI Stadium,2,9.3,New Zealand,Bangladesh,PJ Ingram,MJ Guptill,Rubel Hossain,1,0,,,,,,,,,
423785,2009/10,2010-02-11,AMI Stadium,2,9.4,New Zealand,Bangladesh,MJ Guptill,PJ Ingram,Rubel Hossain,4,0,,,,,,,,,
423785,2009/10,2010-02-11,AMI Stadium,2,9.5,New Zealand,Bangladesh,MJ Guptill,PJ Ingram,Rubel Hossain,4,0,,,,,,,,,
423785,2009/10,2010-02-11,AMI Stadium,2,9.6,New Zealand,Bangladesh,MJ Guptill,PJ Ingram,Rubel Hossain,4,0,,,,,,,,,
423785,2009/10,2010-02-11,AMI Stadium,2,10.1,New Zealand,Bangladesh,PJ Ingram,MJ Guptill,Shakib Al Hasan,1,0,,,,,,,,,
423785,2009/10,2010-02-11,AMI Stadium,2,10.2,New Zealand,Bangladesh,MJ Guptill,PJ Ingram,Shakib Al Hasan,0,0,,,,,,,,,
423785,2009/10,2010-02-11,AMI Stadium,2,10.3,New Zealand,Bangladesh,MJ Guptill,PJ Ingram,Shakib Al Hasan,0,0,,,,,,,,,
423785,2009/10,2010-02-11,AMI Stadium,2,10.4,New Zealand,Bangladesh,MJ Guptill,PJ Ingram,Shakib Al Hasan,1,0,,,,,,,,,
423785,2009/10,2010-02-11,AMI Stadium,2,10.5,New Zealand,Bangladesh,PJ Ingram,MJ Guptill,Shakib Al Hasan,0,0,,,,,,bowled,PJ Ingram,,
423785,2009/10,2010-02-11,AMI Stadium,2,10.6,New Zealand,Bangladesh,LRPL Taylor,MJ Guptill,Shakib Al Hasan,2,0,,,,,,,,,
423785,2009/10,2010-02-11,AMI Stadium,2,11.1,New Zealand,Bangladesh,MJ Guptill,LRPL Taylor,Rubel Hossain,1,0,,,,,,,,,
423785,2009/10,2010-02-11,AMI Stadium,2,11.2,New Zealand,Bangladesh,LRPL Taylor,MJ Guptill,Rubel Hossain,1,0,,,,,,,,,
423785,2009/10,2010-02-11,AMI Stadium,2,11.3,New Zealand,Bangladesh,MJ Guptill,LRPL Taylor,Rubel Hossain,1,0,,,,,,,,,
423785,2009/10,2010-02-11,AMI Stadium,2,11.4,New Zealand,Bangladesh,LRPL Taylor,MJ Guptill,Rubel Hossain,0,0,,,,,,,,,
423785,2009/10,2010-02-11,AMI Stadium,2,11.5,New Zealand,Bangladesh,LRPL Taylor,MJ Guptill,Rubel Hossain,0,0,,,,,,,,,
423785,2009/10,2010-02-11,AMI Stadium,2,11.6,New Zealand,Bangladesh,LRPL Taylor,MJ Guptill,Rubel Hossain,0,0,,,,,,,,,
423785,2009/10,2010-02-11,AMI Stadium,2,12.1,New Zealand,Bangladesh,MJ Guptill,LRPL Taylor,Shakib Al Hasan,0,0,,,,,,,,,
423785,2009/10,2010-02-11,AMI Stadium,2,12.2,New Zealand,Bangladesh,MJ Guptill,LRPL Taylor,Shakib Al Hasan,0,0,,,,,,,,,
423785,2009/10,2010-02-11,AMI Stadium,2,12.3,New Zealand,Bangladesh,MJ Guptill,LRPL Taylor,Shakib Al Hasan,0,0,,,,,,,,,
423785,2009/10,2010-02-11,AMI Stadium,2,12.4,New Zealand,Bangladesh,MJ Guptill,LRPL Taylor,Shakib Al Hasan,0,0,,,,,,,,,
423785,2009/10,2010-02-11,AMI Stadium,2,12.5,New Zealand,Bangladesh,MJ Guptill,LRPL Taylor,Shakib Al Hasan,1,0,,,,,,,,,
423785,2009/10,2010-02-11,AMI Stadium,2,12.6,New Zealand,Bangladesh,LRPL Taylor,MJ Guptill,Shakib Al Hasan,0,0,,,,,,,,,
423785,2009/10,2010-02-11,AMI Stadium,2,13.1,New Zealand,Bangladesh,MJ Guptill,LRPL Taylor,Rubel Hossain,2,0,,,,,,,,,
423785,2009/10,2010-02-11,AMI Stadium,2,13.2,New Zealand,Bangladesh,MJ Guptill,LRPL Taylor,Rubel Hossain,0,0,,,,,,,,,
423785,2009/10,2010-02-11,AMI Stadium,2,13.3,New Zealand,Bangladesh,MJ Guptill,LRPL Taylor,Rubel Hossain,0,0,,,,,,,,,
423785,2009/10,2010-02-11,AMI Stadium,2,13.4,New Zealand,Bangladesh,MJ Guptill,LRPL Taylor,Rubel Hossain,0,0,,,,,,,,,
423785,2009/10,2010-02-11,AMI Stadium,2,13.5,New Zealand,Bangladesh,MJ Guptill,LRPL Taylor,Rubel Hossain,4,0,,,,,,,,,
423785,2009/10,2010-02-11,AMI Stadium,2,13.6,New Zealand,Bangladesh,MJ Guptill,LRPL Taylor,Rubel Hossain,1,0,,,,,,,,,
423785,2009/10,2010-02-11,AMI Stadium,2,14.1,New Zealand,Bangladesh,MJ Guptill,LRPL Taylor,Shakib Al Hasan,0,0,,,,,,,,,
423785,2009/10,2010-02-11,AMI Stadium,2,14.2,New Zealand,Bangladesh,MJ Guptill,LRPL Taylor,Shakib Al Hasan,1,0,,,,,,,,,
423785,2009/10,2010-02-11,AMI Stadium,2,14.3,New Zealand,Bangladesh,LRPL Taylor,MJ Guptill,Shakib Al Hasan,0,0,,,,,,,,,
423785,2009/10,2010-02-11,AMI Stadium,2,14.4,New Zealand,Bangladesh,LRPL Taylor,MJ Guptill,Shakib Al Hasan,0,0,,,,,,,,,
423785,2009/10,2010-02-11,AMI Stadium,2,14.5,New Zealand,Bangladesh,LRPL Taylor,MJ Guptill,Shakib Al Hasan,0,0,,,,,,,,,
423785,2009/10,2010-02-11,AMI Stadium,2,14.6,New Zealand,Bangladesh,LRPL Taylor,MJ Guptill,Shakib Al Hasan,0,0,,,,,,stumped,LRPL Taylor,,
423785,2009/10,2010-02-11,AMI Stadium,2,15.1,New Zealand,Bangladesh,MJ Guptill,DL Vettori,Rubel Hossain,0,1,,,,1,,,,,
423785,2009/10,2010-02-11,AMI Stadium,2,15.2,New Zealand,Bangladesh,DL Vettori,MJ Guptill,Rubel Hossain,1,0,,,,,,,,,
423785,2009/10,2010-02-11,AMI Stadium,2,15.3,New Zealand,Bangladesh,MJ Guptill,DL Vettori,Rubel Hossain,0,0,,,,,,,,,
423785,2009/10,2010-02-11,AMI Stadium,2,15.4,New Zealand,Bangladesh,MJ Guptill,DL Vettori,Rubel Hossain,0,0,,,,,,,,,
423785,2009/10,2010-02-11,AMI Stadium,2,15.5,New Zealand,Bangladesh,MJ Guptill,DL Vettori,Rubel Hossain,0,0,,,,,,,,,
423785,2009/10,2010-02-11,AMI Stadium,2,15.6,New Zealand,Bangladesh,MJ Guptill,DL Vettori,Rubel Hossain,0,0,,,,,,,,,
423785,2009/10,2010-02-11,AMI Stadium,2,16.1,New Zealand,Bangladesh,DL Vettori,MJ Guptill,Shakib Al Hasan,1,0,,,,,,,,,
423785,2009/10,2010-02-11,AMI Stadium,2,16.2,New Zealand,Bangladesh,MJ Guptill,DL Vettori,Shakib Al Hasan,0,0,,,,,,,,,
423785,2009/10,2010-02-11,AMI Stadium,2,16.3,New Zealand,Bangladesh,MJ Guptill,DL Vettori,Shakib Al Hasan,0,0,,,,,,,,,
423785,2009/10,2010-02-11,AMI Stadium,2,16.4,New Zealand,Bangladesh,MJ Guptill,DL Vettori,Shakib Al Hasan,1,0,,,,,,,,,
423785,2009/10,2010-02-11,AMI Stadium,2,16.5,New Zealand,Bangladesh,DL Vettori,MJ Guptill,Shakib Al Hasan,0,0,,,,,,,,,
423785,2009/10,2010-02-11,AMI Stadium,2,16.6,New Zealand,Bangladesh,DL Vettori,MJ Guptill,Shakib Al Hasan,0,0,,,,,,,,,
423785,2009/10,2010-02-11,AMI Stadium,2,17.1,New Zealand,Bangladesh,MJ Guptill,DL Vettori,Rubel Hossain,4,0,,,,,,,,,
423785,2009/10,2010-02-11,AMI Stadium,2,17.2,New Zealand,Bangladesh,MJ Guptill,DL Vettori,Rubel Hossain,4,0,,,,,,,,,
423785,2009/10,2010-02-11,AMI Stadium,2,17.3,New Zealand,Bangladesh,MJ Guptill,DL Vettori,Rubel Hossain,1,0,,,,,,,,,
423785,2009/10,2010-02-11,AMI Stadium,2,17.4,New Zealand,Bangladesh,DL Vettori,MJ Guptill,Rubel Hossain,0,0,,,,,,,,,
423785,2009/10,2010-02-11,AMI Stadium,2,17.5,New Zealand,Bangladesh,DL Vettori,MJ Guptill,Rubel Hossain,0,0,,,,,,,,,
423785,2009/10,2010-02-11,AMI Stadium,2,17.6,New Zealand,Bangladesh,DL Vettori,MJ Guptill,Rubel Hossain,2,0,,,,,,,,,
423785,2009/10,2010-02-11,AMI Stadium,2,18.1,New Zealand,Bangladesh,MJ Guptill,DL Vettori,Shakib Al Hasan,1,0,,,,,,,,,
423785,2009/10,2010-02-11,AMI Stadium,2,18.2,New Zealand,Bangladesh,DL Vettori,MJ Guptill,Shakib Al Hasan,0,0,,,,,,,,,
423785,2009/10,2010-02-11,AMI Stadium,2,18.3,New Zealand,Bangladesh,DL Vettori,MJ Guptill,Shakib Al Hasan,0,0,,,,,,,,,
423785,2009/10,2010-02-11,AMI Stadium,2,18.4,New Zealand,Bangladesh,DL Vettori,MJ Guptill,Shakib Al Hasan,1,0,,,,,,,,,
423785,2009/10,2010-02-11,AMI Stadium,2,18.5,New Zealand,Bangladesh,MJ Guptill,DL Vettori,Shakib Al Hasan,0,0,,,,,,,,,
423785,2009/10,2010-02-11,AMI Stadium,2,18.6,New Zealand,Bangladesh,MJ Guptill,DL Vettori,Shakib Al Hasan,0,0,,,,,,,,,
423785,2009/10,2010-02-11,AMI Stadium,2,19.1,New Zealand,Bangladesh,DL Vettori,MJ Guptill,Naeem Islam,1,0,,,,,,,,,
423785,2009/10,2010-02-11,AMI Stadium,2,19.2,New Zealand,Bangladesh,MJ Guptill,DL Vettori,Naeem Islam,1,0,,,,,,,,,
423785,2009/10,2010-02-11,AMI Stadium,2,19.3,New Zealand,Bangladesh,DL Vettori,MJ Guptill,Naeem Islam,0,0,,,,,,,,,
423785,2009/10,2010-02-11,AMI Stadium,2,19.4,New Zealand,Bangladesh,DL Vettori,MJ Guptill,Naeem Islam,1,0,,,,,,,,,
423785,2009/10,2010-02-11,AMI Stadium,2,19.5,New Zealand,Bangladesh,MJ Guptill,DL Vettori,Naeem Islam,0,0,,,,,,,,,
423785,2009/10,2010-02-11,AMI Stadium,2,19.6,New Zealand,Bangladesh,MJ Guptill,DL Vettori,Naeem Islam,0,0,,,,,,,,,
423785,2009/10,2010-02-11,AMI Stadium,2,20.1,New Zealand,Bangladesh,DL Vettori,MJ Guptill,Shahadat Hossain,1,0,,,,,,,,,
423785,2009/10,2010-02-11,AMI Stadium,2,20.2,New Zealand,Bangladesh,MJ Guptill,DL Vettori,Shahadat Hossain,0,0,,,,,,,,,
423785,2009/10,2010-02-11,AMI Stadium,2,20.3,New Zealand,Bangladesh,MJ Guptill,DL Vettori,Shahadat Hossain,4,0,,,,,,,,,
423785,2009/10,2010-02-11,AMI Stadium,2,20.4,New Zealand,Bangladesh,MJ Guptill,DL Vettori,Shahadat Hossain,0,1,,,,1,,,,,
423785,2009/10,2010-02-11,AMI Stadium,2,20.5,New Zealand,Bangladesh,DL Vettori,MJ Guptill,Shahadat Hossain,1,0,,,,,,,,,
423785,2009/10,2010-02-11,AMI Stadium,2,20.6,New Zealand,Bangladesh,MJ Guptill,DL Vettori,Shahadat Hossain,1,0,,,,,,,,,
423785,2009/10,2010-02-11,AMI Stadium,2,21.1,New Zealand,Bangladesh,MJ Guptill,DL Vettori,Naeem Islam,0,0,,,,,,,,,
423785,2009/10,2010-02-11,AMI Stadium,2,21.2,New Zealand,Bangladesh,MJ Guptill,DL Vettori,Naeem Islam,0,0,,,,,,,,,
423785,2009/10,2010-02-11,AMI Stadium,2,21.3,New Zealand,Bangladesh,MJ Guptill,DL Vettori,Naeem Islam,0,0,,,,,,,,,
423785,2009/10,2010-02-11,AMI Stadium,2,21.4,New Zealand,Bangladesh,MJ Guptill,DL Vettori,Naeem Islam,1,0,,,,,,,,,
423785,2009/10,2010-02-11,AMI Stadium,2,21.5,New Zealand,Bangladesh,DL Vettori,MJ Guptill,Naeem Islam,0,0,,,,,,,,,
423785,2009/10,2010-02-11,AMI Stadium,2,21.6,New Zealand,Bangladesh,DL Vettori,MJ Guptill,Naeem Islam,1,0,,,,,,,,,
423785,2009/10,2010-02-11,AMI Stadium,2,22.1,New Zealand,Bangladesh,DL Vettori,MJ Guptill,Mahmudullah,1,0,,,,,,,,,
423785,2009/10,2010-02-11,AMI Stadium,2,22.2,New Zealand,Bangladesh,MJ Guptill,DL Vettori,Mahmudullah,1,0,,,,,,,,,
423785,2009/10,2010-02-11,AMI Stadium,2,22.3,New Zealand,Bangladesh,DL Vettori,MJ Guptill,Mahmudullah,0,0,,,,,,,,,
423785,2009/10,2010-02-11,AMI Stadium,2,22.4,New Zealand,Bangladesh,DL Vettori,MJ Guptill,Mahmudullah,1,0,,,,,,,,,
423785,2009/10,2010-02-11,AMI Stadium,2,22.5,New Zealand,Bangladesh,MJ Guptill,DL Vettori,Mahmudullah,6,0,,,,,,,,,
423785,2009/10,2010-02-11,AMI Stadium,2,22.6,New Zealand,Bangladesh,MJ Guptill,DL Vettori,Mahmudullah,0,0,,,,,,,,,
423785,2009/10,2010-02-11,AMI Stadium,2,23.1,New Zealand,Bangladesh,DL Vettori,MJ Guptill,Naeem Islam,0,0,,,,,,,,,
423785,2009/10,2010-02-11,AMI Stadium,2,23.2,New Zealand,Bangladesh,DL Vettori,MJ Guptill,Naeem Islam,4,0,,,,,,,,,
423785,2009/10,2010-02-11,AMI Stadium,2,23.3,New Zealand,Bangladesh,DL Vettori,MJ Guptill,Naeem Islam,0,0,,,,,,,,,
423785,2009/10,2010-02-11,AMI Stadium,2,23.4,New Zealand,Bangladesh,DL Vettori,MJ Guptill,Naeem Islam,1,0,,,,,,,,,
423785,2009/10,2010-02-11,AMI Stadium,2,23.5,New Zealand,Bangladesh,MJ Guptill,DL Vettori,Naeem Islam,1,0,,,,,,,,,
423785,2009/10,2010-02-11,AMI Stadium,2,23.6,New Zealand,Bangladesh,DL Vettori,MJ Guptill,Naeem Islam,0,0,,,,,,,,,
423785,2009/10,2010-02-11,AMI Stadium,2,24.1,New Zealand,Bangladesh,MJ Guptill,DL Vettori,Mahmudullah,0,0,,,,,,,,,
423785,2009/10,2010-02-11,AMI Stadium,2,24.2,New Zealand,Bangladesh,MJ Guptill,DL Vettori,Mahmudullah,6,0,,,,,,,,,
423785,2009/10,2010-02-11,AMI Stadium,2,24.3,New Zealand,Bangladesh,MJ Guptill,DL Vettori,Mahmudullah,1,0,,,,,,,,,
423785,2009/10,2010-02-11,AMI Stadium,2,24.4,New Zealand,Bangladesh,DL Vettori,MJ Guptill,Mahmudullah,0,0,,,,,,,,,
423785,2009/10,2010-02-11,AMI Stadium,2,24.5,New Zealand,Bangladesh,DL Vettori,MJ Guptill,Mahmudullah,2,0,,,,,,,,,
423785,2009/10,2010-02-11,AMI Stadium,2,24.6,New Zealand,Bangladesh,DL Vettori,MJ Guptill,Mahmudullah,0,0,,,,,,,,,
423785,2009/10,2010-02-11,AMI Stadium,2,25.1,New Zealand,Bangladesh,MJ Guptill,DL Vettori,Naeem Islam,0,0,,,,,,,,,
423785,2009/10,2010-02-11,AMI Stadium,2,25.2,New Zealand,Bangladesh,MJ Guptill,DL Vettori,Naeem Islam,0,0,,,,,,,,,
423785,2009/10,2010-02-11,AMI Stadium,2,25.3,New Zealand,Bangladesh,MJ Guptill,DL Vettori,Naeem Islam,1,0,,,,,,,,,
423785,2009/10,2010-02-11,AMI Stadium,2,25.4,New Zealand,Bangladesh,DL Vettori,MJ Guptill,Naeem Islam,0,1,1,,,,,,,,
423785,2009/10,2010-02-11,AMI Stadium,2,25.5,New Zealand,Bangladesh,DL Vettori,MJ Guptill,Naeem Islam,0,0,,,,,,,,,
423785,2009/10,2010-02-11,AMI Stadium,2,25.6,New Zealand,Bangladesh,DL Vettori,MJ Guptill,Naeem Islam,0,0,,,,,,,,,
423785,2009/10,2010-02-11,AMI Stadium,2,25.7,New Zealand,Bangladesh,DL Vettori,MJ Guptill,Naeem Islam,1,0,,,,,,,,,
423785,2009/10,2010-02-11,AMI Stadium,2,26.1,New Zealand,Bangladesh,DL Vettori,MJ Guptill,Mahmudullah,0,0,,,,,,,,,
423785,2009/10,2010-02-11,AMI Stadium,2,26.2,New Zealand,Bangladesh,DL Vettori,MJ Guptill,Mahmudullah,6,0,,,,,,,,,
423785,2009/10,2010-02-11,AMI Stadium,2,26.3,New Zealand,Bangladesh,DL Vettori,MJ Guptill,Mahmudullah,4,0,,,,,,,,,
423785,2009/10,2010-02-11,AMI Stadium,2,26.4,New Zealand,Bangladesh,DL Vettori,MJ Guptill,Mahmudullah,4,0,,,,,,,,,
423785,2009/10,2010-02-11,AMI Stadium,2,26.5,New Zealand,Bangladesh,DL Vettori,MJ Guptill,Mahmudullah,0,0,,,,,,caught,DL Vettori,,
423785,2009/10,2010-02-11,AMI Stadium,2,26.6,New Zealand,Bangladesh,MJ Guptill,NT Broom,Mahmudullah,0,1,1,,,,,,,,
423785,2009/10,2010-02-11,AMI Stadium,2,26.7,New Zealand,Bangladesh,MJ Guptill,NT Broom,Mahmudullah,0,0,,,,,,,,,
423785,2009/10,2010-02-11,AMI Stadium,2,27.1,New Zealand,Bangladesh,NT Broom,MJ Guptill,Naeem Islam,0,0,,,,,,,,,
423785,2009/10,2010-02-11,AMI Stadium,2,27.2,New Zealand,Bangladesh,NT Broom,MJ Guptill,Naeem Islam,0,0,,,,,,,,,
423785,2009/10,2010-02-11,AMI Stadium,2,27.3,New Zealand,Bangladesh,NT Broom,MJ Guptill,Naeem Islam,0,0,,,,,,,,,
423785,2009/10,2010-02-11,AMI Stadium,2,27.4,New Zealand,Bangladesh,NT Broom,MJ Guptill,Naeem Islam,0,0,,,,,,,,,
423785,2009/10,2010-02-11,AMI Stadium,2,27.5,New Zealand,Bangladesh,NT Broom,MJ Guptill,Naeem Islam,1,0,,,,,,,,,
423785,2009/10,2010-02-11,AMI Stadium,2,27.6,New Zealand,Bangladesh,MJ Guptill,NT Broom,Naeem Islam,1,0,,,,,,,,,
423785,2009/10,2010-02-11,AMI Stadium,2,28.1,New Zealand,Bangladesh,MJ Guptill,NT Broom,Shakib Al Hasan,0,0,,,,,,,,,
423785,2009/10,2010-02-11,AMI Stadium,2,28.2,New Zealand,Bangladesh,MJ Guptill,NT Broom,Shakib Al Hasan,0,0,,,,,,,,,
423785,2009/10,2010-02-11,AMI Stadium,2,28.3,New Zealand,Bangladesh,MJ Guptill,NT Broom,Shakib Al Hasan,0,0,,,,,,,,,
423785,2009/10,2010-02-11,AMI Stadium,2,28.4,New Zealand,Bangladesh,MJ Guptill,NT Broom,Shakib Al Hasan,3,0,,,,,,,,,
423785,2009/10,2010-02-11,AMI Stadium,2,28.5,New Zealand,Bangladesh,NT Broom,MJ Guptill,Shakib Al Hasan,0,0,,,,,,,,,
423785,2009/10,2010-02-11,AMI Stadium,2,28.6,New Zealand,Bangladesh,NT Broom,MJ Guptill,Shakib Al Hasan,0,0,,,,,,,,,
423785,2009/10,2010-02-11,AMI Stadium,2,29.1,New Zealand,Bangladesh,MJ Guptill,NT Broom,Naeem Islam,1,0,,,,,,,,,
423785,2009/10,2010-02-11,AMI Stadium,2,29.2,New Zealand,Bangladesh,NT Broom,MJ Guptill,Naeem Islam,1,0,,,,,,,,,
423785,2009/10,2010-02-11,AMI Stadium,2,29.3,New Zealand,Bangladesh,MJ Guptill,NT Broom,Naeem Islam,1,0,,,,,,,,,
423785,2009/10,2010-02-11,AMI Stadium,2,29.4,New Zealand,Bangladesh,NT Broom,MJ Guptill,Naeem Islam,1,0,,,,,,,,,
423785,2009/10,2010-02-11,AMI Stadium,2,29.5,New Zealand,Bangladesh,MJ Guptill,NT Broom,Naeem Islam,1,0,,,,,,,,,
423785,2009/10,2010-02-11,AMI Stadium,2,29.6,New Zealand,Bangladesh,NT Broom,MJ Guptill,Naeem Islam,1,0,,,,,,,,,
423785,2009/10,2010-02-11,AMI Stadium,2,30.1,New Zealand,Bangladesh,NT Broom,MJ Guptill,Shakib Al Hasan,0,0,,,,,,,,,
423785,2009/10,2010-02-11,AMI Stadium,2,30.2,New Zealand,Bangladesh,NT Broom,MJ Guptill,Shakib Al Hasan,0,0,,,,,,,,,
423785,2009/10,2010-02-11,AMI Stadium,2,30.3,New Zealand,Bangladesh,NT Broom,MJ Guptill,Shakib Al Hasan,0,0,,,,,,,,,
423785,2009/10,2010-02-11,AMI Stadium,2,30.4,New Zealand,Bangladesh,NT Broom,MJ Guptill,Shakib Al Hasan,2,0,,,,,,,,,
423785,2009/10,2010-02-11,AMI Stadium,2,30.5,New Zealand,Bangladesh,NT Broom,MJ Guptill,Shakib Al Hasan,0,0,,,,,,,,,
423785,2009/10,2010-02-11,AMI Stadium,2,30.6,New Zealand,Bangladesh,NT Broom,MJ Guptill,Shakib Al Hasan,0,0,,,,,,,,,
423785,2009/10,2010-02-11,AMI Stadium,2,31.1,New Zealand,Bangladesh,MJ Guptill,NT Broom,Shafiul Islam,0,0,,,,,,,,,
423785,2009/10,2010-02-11,AMI Stadium,2,31.2,New Zealand,Bangladesh,MJ Guptill,NT Broom,Shafiul Islam,1,0,,,,,,,,,
423785,2009/10,2010-02-11,AMI Stadium,2,31.3,New Zealand,Bangladesh,NT Broom,MJ Guptill,Shafiul Islam,0,0,,,,,,,,,
423785,2009/10,2010-02-11,AMI Stadium,2,31.4,New Zealand,Bangladesh,NT Broom,MJ Guptill,Shafiul Islam,2,0,,,,,,,,,
423785,2009/10,2010-02-11,AMI Stadium,2,31.5,New Zealand,Bangladesh,NT Broom,MJ Guptill,Shafiul Islam,1,0,,,,,,,,,
423785,2009/10,2010-02-11,AMI Stadium,2,31.6,New Zealand,Bangladesh,MJ Guptill,NT Broom,Shafiul Islam,1,0,,,,,,,,,
423785,2009/10,2010-02-11,AMI Stadium,2,32.1,New Zealand,Bangladesh,MJ Guptill,NT Broom,Shakib Al Hasan,0,0,,,,,,,,,
423785,2009/10,2010-02-11,AMI Stadium,2,32.2,New Zealand,Bangladesh,MJ Guptill,NT Broom,Shakib Al Hasan,0,0,,,,,,,,,
423785,2009/10,2010-02-11,AMI Stadium,2,32.3,New Zealand,Bangladesh,MJ Guptill,NT Broom,Shakib Al Hasan,0,0,,,,,,,,,
423785,2009/10,2010-02-11,AMI Stadium,2,32.4,New Zealand,Bangladesh,MJ Guptill,NT Broom,Shakib Al Hasan,0,0,,,,,,,,,
423785,2009/10,2010-02-11,AMI Stadium,2,32.5,New Zealand,Bangladesh,MJ Guptill,NT Broom,Shakib Al Hasan,6,0,,,,,,,,,
423785,2009/10,2010-02-11,AMI Stadium,2,32.6,New Zealand,Bangladesh,MJ Guptill,NT Broom,Shakib Al Hasan,1,0,,,,,,,,,
423785,2009/10,2010-02-11,AMI Stadium,2,33.1,New Zealand,Bangladesh,MJ Guptill,NT Broom,Shafiul Islam,1,0,,,,,,,,,
423785,2009/10,2010-02-11,AMI Stadium,2,33.2,New Zealand,Bangladesh,NT Broom,MJ Guptill,Shafiul Islam,0,0,,,,,,,,,
423785,2009/10,2010-02-11,AMI Stadium,2,33.3,New Zealand,Bangladesh,NT Broom,MJ Guptill,Shafiul Islam,0,0,,,,,,,,,
423785,2009/10,2010-02-11,AMI Stadium,2,33.4,New Zealand,Bangladesh,NT Broom,MJ Guptill,Shafiul Islam,1,0,,,,,,,,,
423785,2009/10,2010-02-11,AMI Stadium,2,33.5,New Zealand,Bangladesh,MJ Guptill,NT Broom,Shafiul Islam,0,0,,,,,,,,,
423785,2009/10,2010-02-11,AMI Stadium,2,33.6,New Zealand,Bangladesh,MJ Guptill,NT Broom,Shafiul Islam,1,0,,,,,,,,,
423785,2009/10,2010-02-11,AMI Stadium,2,34.1,New Zealand,Bangladesh,MJ Guptill,NT Broom,Shakib Al Hasan,0,0,,,,,,,,,
423785,2009/10,2010-02-11,AMI Stadium,2,34.2,New Zealand,Bangladesh,MJ Guptill,NT Broom,Shakib Al Hasan,1,0,,,,,,,,,
423785,2009/10,2010-02-11,AMI Stadium,2,34.3,New Zealand,Bangladesh,NT Broom,MJ Guptill,Shakib Al Hasan,4,0,,,,,,,,,
423785,2009/10,2010-02-11,AMI Stadium,2,34.4,New Zealand,Bangladesh,NT Broom,MJ Guptill,Shakib Al Hasan,0,0,,,,,,,,,
423785,2009/10,2010-02-11,AMI Stadium,2,34.5,New Zealand,Bangladesh,NT Broom,MJ Guptill,Shakib Al Hasan,1,0,,,,,,,,,
423785,2009/10,2010-02-11,AMI Stadium,2,34.6,New Zealand,Bangladesh,MJ Guptill,NT Broom,Shakib Al Hasan,0,0,,,,,,caught,MJ Guptill,,
423785,2009/10,2010-02-11,AMI Stadium,2,35.1,New Zealand,Bangladesh,NT Broom,JDP Oram,Shafiul Islam,1,0,,,,,,,,,
423785,2009/10,2010-02-11,AMI Stadium,2,35.2,New Zealand,Bangladesh,JDP Oram,NT Broom,Shafiul Islam,0,0,,,,,,,,,
423785,2009/10,2010-02-11,AMI Stadium,2,35.3,New Zealand,Bangladesh,JDP Oram,NT Broom,Shafiul Islam,1,0,,,,,,,,,
423785,2009/10,2010-02-11,AMI Stadium,2,35.4,New Zealand,Bangladesh,NT Broom,JDP Oram,Shafiul Islam,1,0,,,,,,,,,
423785,2009/10,2010-02-11,AMI Stadium,2,35.5,New Zealand,Bangladesh,JDP Oram,NT Broom,Shafiul Islam,1,0,,,,,,,,,
423785,2009/10,2010-02-11,AMI Stadium,2,35.6,New Zealand,Bangladesh,NT Broom,JDP Oram,Shafiul Islam,0,0,,,,,,,,,
423785,2009/10,2010-02-11,AMI Stadium,2,36.1,New Zealand,Bangladesh,JDP Oram,NT Broom,Shakib Al Hasan,0,0,,,,,,,,,
423785,2009/10,2010-02-11,AMI Stadium,2,36.2,New Zealand,Bangladesh,JDP Oram,NT Broom,Shakib Al Hasan,3,0,,,,,,,,,
423785,2009/10,2010-02-11,AMI Stadium,2,36.3,New Zealand,Bangladesh,NT Broom,JDP Oram,Shakib Al Hasan,1,0,,,,,,,,,
423785,2009/10,2010-02-11,AMI Stadium,2,36.4,New Zealand,Bangladesh,JDP Oram,NT Broom,Shakib Al Hasan,1,0,,,,,,,,,
423785,2009/10,2010-02-11,AMI Stadium,2,36.5,New Zealand,Bangladesh,NT Broom,JDP Oram,Shakib Al Hasan,0,0,,,,,,bowled,NT Broom,,
423785,2009/10,2010-02-11,AMI Stadium,2,36.6,New Zealand,Bangladesh,JEC Franklin,JDP Oram,Shakib Al Hasan,0,0,,,,,,,,,
423785,2009/10,2010-02-11,AMI Stadium,2,37.1,New Zealand,Bangladesh,JDP Oram,JEC Franklin,Naeem Islam,0,0,,,,,,,,,
423785,2009/10,2010-02-11,AMI Stadium,2,37.2,New Zealand,Bangladesh,JDP Oram,JEC Franklin,Naeem Islam,0,0,,,,,,,,,
423785,2009/10,2010-02-11,AMI Stadium,2,37.3,New Zealand,Bangladesh,JDP Oram,JEC Franklin,Naeem Islam,0,0,,,,,,,,,
423785,2009/10,2010-02-11,AMI Stadium,2,37.4,New Zealand,Bangladesh,JDP Oram,JEC Franklin,Naeem Islam,6,0,,,,,,,,,
423785,2009/10,2010-02-11,AMI Stadium,2,37.5,New Zealand,Bangladesh,JDP Oram,JEC Franklin,Naeem Islam,0,0,,,,,,caught,JDP Oram,,
423785,2009/10,2010-02-11,AMI Stadium,2,37.6,New Zealand,Bangladesh,IG Butler,JEC Franklin,Naeem Islam,0,0,,,,,,,,,
423785,2009/10,2010-02-11,AMI Stadium,2,38.1,New Zealand,Bangladesh,JEC Franklin,IG Butler,Rubel Hossain,4,0,,,,,,,,,
423785,2009/10,2010-02-11,AMI Stadium,2,38.2,New Zealand,Bangladesh,JEC Franklin,IG Butler,Rubel Hossain,0,0,,,,,,,,,
423785,2009/10,2010-02-11,AMI Stadium,2,38.3,New Zealand,Bangladesh,JEC Franklin,IG Butler,Rubel Hossain,0,0,,,,,,,,,
423785,2009/10,2010-02-11,AMI Stadium,2,38.4,New Zealand,Bangladesh,JEC Franklin,IG Butler,Rubel Hossain,0,0,,,,,,,,,
423785,2009/10,2010-02-11,AMI Stadium,2,38.5,New Zealand,Bangladesh,JEC Franklin,IG Butler,Rubel Hossain,1,0,,,,,,,,,
423785,2009/10,2010-02-11,AMI Stadium,2,38.6,New Zealand,Bangladesh,IG Butler,JEC Franklin,Rubel Hossain,1,0,,,,,,,,,
423785,2009/10,2010-02-11,AMI Stadium,2,39.1,New Zealand,Bangladesh,IG Butler,JEC Franklin,Naeem Islam,1,0,,,,,,,,,
423785,2009/10,2010-02-11,AMI Stadium,2,39.2,New Zealand,Bangladesh,JEC Franklin,IG Butler,Naeem Islam,0,0,,,,,,,,,
423785,2009/10,2010-02-11,AMI Stadium,2,39.3,New Zealand,Bangladesh,JEC Franklin,IG Butler,Naeem Islam,1,0,,,,,,,,,
423785,2009/10,2010-02-11,AMI Stadium,2,39.4,New Zealand,Bangladesh,IG Butler,JEC Franklin,Naeem Islam,1,0,,,,,,,,,
423785,2009/10,2010-02-11,AMI Stadium,2,39.5,New Zealand,Bangladesh,JEC Franklin,IG Butler,Naeem Islam,1,0,,,,,,,,,
423785,2009/10,2010-02-11,AMI Stadium,2,39.6,New Zealand,Bangladesh,IG Butler,JEC Franklin,Naeem Islam,0,0,,,,,,,,,
423785,2009/10,2010-02-11,AMI Stadium,2,40.1,New Zealand,Bangladesh,JEC Franklin,IG Butler,Rubel Hossain,1,0,,,,,,,,,
423785,2009/10,2010-02-11,AMI Stadium,2,40.2,New Zealand,Bangladesh,IG Butler,JEC Franklin,Rubel Hossain,1,0,,,,,,,,,
423785,2009/10,2010-02-11,AMI Stadium,2,40.3,New Zealand,Bangladesh,JEC Franklin,IG Butler,Rubel Hossain,0,0,,,,,,,,,
423785,2009/10,2010-02-11,AMI Stadium,2,40.4,New Zealand,Bangladesh,JEC Franklin,IG Butler,Rubel Hossain,1,0,,,,,,,,,
423785,2009/10,2010-02-11,AMI Stadium,2,40.5,New Zealand,Bangladesh,IG Butler,JEC Franklin,Rubel Hossain,0,0,,,,,,,,,
423785,2009/10,2010-02-11,AMI Stadium,2,40.6,New Zealand,Bangladesh,IG Butler,JEC Franklin,Rubel Hossain,0,1,,1,,,,,,,
423785,2009/10,2010-02-11,AMI Stadium,2,40.7,New Zealand,Bangladesh,IG Butler,JEC Franklin,Rubel Hossain,1,0,,,,,,,,,
423785,2009/10,2010-02-11,AMI Stadium,2,41.1,New Zealand,Bangladesh,IG Butler,JEC Franklin,Shafiul Islam,0,0,,,,,,,,,
423785,2009/10,2010-02-11,AMI Stadium,2,41.2,New Zealand,Bangladesh,IG Butler,JEC Franklin,Shafiul Islam,0,0,,,,,,,,,
423785,2009/10,2010-02-11,AMI Stadium,2,41.3,New Zealand,Bangladesh,IG Butler,JEC Franklin,Shafiul Islam,0,0,,,,,,,,,
423785,2009/10,2010-02-11,AMI Stadium,2,41.4,New Zealand,Bangladesh,IG Butler,JEC Franklin,Shafiul Islam,0,0,,,,,,,,,
423785,2009/10,2010-02-11,AMI Stadium,2,41.5,New Zealand,Bangladesh,IG Butler,JEC Franklin,Shafiul Islam,0,0,,,,,,,,,
423785,2009/10,2010-02-11,AMI Stadium,2,41.6,New Zealand,Bangladesh,IG Butler,JEC Franklin,Shafiul Islam,0,0,,,,,,,,,
423785,2009/10,2010-02-11,AMI Stadium,2,42.1,New Zealand,Bangladesh,JEC Franklin,IG Butler,Rubel Hossain,0,0,,,,,,,,,
423785,2009/10,2010-02-11,AMI Stadium,2,42.2,New Zealand,Bangladesh,JEC Franklin,IG Butler,Rubel Hossain,0,0,,,,,,,,,
423785,2009/10,2010-02-11,AMI Stadium,2,42.3,New Zealand,Bangladesh,JEC Franklin,IG Butler,Rubel Hossain,0,1,,1,,,,,,,
423785,2009/10,2010-02-11,AMI Stadium,2,42.4,New Zealand,Bangladesh,JEC Franklin,IG Butler,Rubel Hossain,4,0,,,,,,,,,
423785,2009/10,2010-02-11,AMI Stadium,2,42.5,New Zealand,Bangladesh,JEC Franklin,IG Butler,Rubel Hossain,0,0,,,,,,,,,
423785,2009/10,2010-02-11,AMI Stadium,2,42.6,New Zealand,Bangladesh,JEC Franklin,IG Butler,Rubel Hossain,0,0,,,,,,,,,
423785,2009/10,2010-02-11,AMI Stadium,2,42.7,New Zealand,Bangladesh,JEC Franklin,IG Butler,Rubel Hossain,0,0,,,,,,,,,
423785,2009/10,2010-02-11,AMI Stadium,2,43.1,New Zealand,Bangladesh,IG Butler,JEC Franklin,Shafiul Islam,0,0,,,,,,,,,
423785,2009/10,2010-02-11,AMI Stadium,2,43.2,New Zealand,Bangladesh,IG Butler,JEC Franklin,Shafiul Islam,4,0,,,,,,,,,
423785,2009/10,2010-02-11,AMI Stadium,2,43.3,New Zealand,Bangladesh,IG Butler,JEC Franklin,Shafiul Islam,0,0,,,,,,,,,
423785,2009/10,2010-02-11,AMI Stadium,2,43.4,New Zealand,Bangladesh,IG Butler,JEC Franklin,Shafiul Islam,4,0,,,,,,,,,
423785,2009/10,2010-02-11,AMI Stadium,2,43.5,New Zealand,Bangladesh,IG Butler,JEC Franklin,Shafiul Islam,0,0,,,,,,,,,
423785,2009/10,2010-02-11,AMI Stadium,2,43.6,New Zealand,Bangladesh,IG Butler,JEC Franklin,Shafiul Islam,0,0,,,,,,,,,
423785,2009/10,2010-02-11,AMI Stadium,2,44.1,New Zealand,Bangladesh,JEC Franklin,IG Butler,Shahadat Hossain,0,0,,,,,,,,,
423785,2009/10,2010-02-11,AMI Stadium,2,44.2,New Zealand,Bangladesh,JEC Franklin,IG Butler,Shahadat Hossain,0,0,,,,,,,,,
423785,2009/10,2010-02-11,AMI Stadium,2,44.3,New Zealand,Bangladesh,JEC Franklin,IG Butler,Shahadat Hossain,2,0,,,,,,,,,
423785,2009/10,2010-02-11,AMI Stadium,2,44.4,New Zealand,Bangladesh,JEC Franklin,IG Butler,Shahadat Hossain,0,0,,,,,,,,,
423785,2009/10,2010-02-11,AMI Stadium,2,44.5,New Zealand,Bangladesh,JEC Franklin,IG Butler,Shahadat Hossain,4,0,,,,,,,,,
