version,2.1.0
info,balls_per_over,6
info,team,Ireland
info,team,Australia
info,gender,male
info,season,2010
info,date,2010/06/17
info,venue,Clontarf Cricket Club Ground
info,city,Dublin
info,toss_winner,Australia
info,toss_decision,bat
info,player_of_match,JR Hopes
info,umpire,RA Kettleborough
info,umpire,NJ Llong
info,reserve_umpire,L Fourie
info,match_referee,BC Broad
info,winner,Australia
info,winner_runs,39
info,player,Australia,SR Watson
info,player,Australia,TD Paine
info,player,Australia,RT Ponting
info,player,Australia,MJ Clarke
info,player,Australia,CL White
info,player,Australia,MEK Hussey
info,player,Australia,JR Hopes
info,player,Australia,NM Hauritz
info,player,Australia,RJ Harris
info,player,Australia,CJ McKay
info,player,Australia,DE Bollinger
info,player,Ireland,WTS Porterfield
info,player,Ireland,PR Stirling
info,player,Ireland,GC Wilson
info,player,Ireland,NJ O'Brien
info,player,Ireland,AR Cusack
info,player,Ireland,KJ O'Brien
info,player,Ireland,AR White
info,player,Ireland,JF Mooney
info,player,Ireland,DT Johnston
info,player,Ireland,PC Connell
info,player,Ireland,WB Rankin
info,registry,people,AR Cusack,568e5a4a
info,registry,people,AR White,f27f89e8
info,registry,people,BC Broad,d6a7dd38
info,registry,people,CJ McKay,94eac556
info,registry,people,CL White,d0513f63
info,registry,people,DE Bollinger,45c2196c
info,registry,people,DT Johnston,e01895bb
info,registry,people,GC Wilson,05de1a5a
info,registry,people,JF Mooney,aae9ce90
info,registry,people,JR Hopes,2498e163
info,registry,people,KJ O'Brien,243431b5
info,registry,people,L Fourie,de6a390f
info,registry,people,MEK Hussey,48fd7349
info,registry,people,MJ Clarke,f842c2cf
info,registry,people,NJ Llong,573fb985
info,registry,people,NJ O'Brien,84826f48
info,registry,people,NM Hauritz,8ea6e670
info,registry,people,PC Connell,5500c675
info,registry,people,PR Stirling,cf494ffe
info,registry,people,RA Kettleborough,4017868f
info,registry,people,RJ Harris,12eddf28
info,registry,people,RT Ponting,7d415ea5
info,registry,people,SR Watson,4329fbb5
info,registry,people,TD Paine,5748e866
info,registry,people,WB Rankin,29b89ae8
info,registry,people,WTS Porterfield,ec02b798
