match_id,season,start_date,venue,innings,ball,batting_team,bowling_team,striker,non_striker,bowler,runs_off_bat,extras,wides,noballs,byes,legbyes,penalty,wicket_type,player_dismissed,other_wicket_type,other_player_dismissed
426404,2010,2010-07-10,County Ground,1,0.1,Bangladesh,England,Tamim Iqbal,Imrul Kayes,JM Anderson,0,0,,,,,,,,,
426404,2010,2010-07-10,County Ground,1,0.2,Bangladesh,England,Tamim Iqbal,Imrul Kayes,JM Anderson,0,0,,,,,,,,,
426404,2010,2010-07-10,County Ground,1,0.3,Bangladesh,England,Tamim Iqbal,Imrul Kayes,JM Anderson,4,0,,,,,,,,,
426404,2010,2010-07-10,County Ground,1,0.4,Bangladesh,England,Tamim Iqbal,Imrul Kayes,JM Anderson,0,0,,,,,,,,,
426404,2010,2010-07-10,County Ground,1,0.5,Bangladesh,England,Tamim Iqbal,Imrul Kayes,JM Anderson,0,0,,,,,,,,,
426404,2010,2010-07-10,County Ground,1,0.6,Bangladesh,England,Tamim Iqbal,Imrul Kayes,JM Anderson,0,0,,,,,,,,,
426404,2010,2010-07-10,County Ground,1,1.1,Bangladesh,England,Imrul Kayes,Tamim Iqbal,A Shahzad,0,0,,,,,,,,,
426404,2010,2010-07-10,County Ground,1,1.2,Bangladesh,England,Imrul Kayes,Tamim Iqbal,A Shahzad,0,0,,,,,,,,,
426404,2010,2010-07-10,County Ground,1,1.3,Bangladesh,England,Imrul Kayes,Tamim Iqbal,A Shahzad,0,0,,,,,,,,,
426404,2010,2010-07-10,County Ground,1,1.4,Bangladesh,England,Imrul Kayes,Tamim Iqbal,A Shahzad,1,0,,,,,,,,,
426404,2010,2010-07-10,County Ground,1,1.5,Bangladesh,England,Tamim Iqbal,Imrul Kayes,A Shahzad,1,0,,,,,,,,,
426404,2010,2010-07-10,County Ground,1,1.6,Bangladesh,England,Imrul Kayes,Tamim Iqbal,A Shahzad,0,0,,,,,,,,,
426404,2010,2010-07-10,County Ground,1,2.1,Bangladesh,England,Tamim Iqbal,Imrul Kayes,JM Anderson,0,0,,,,,,,,,
426404,2010,2010-07-10,County Ground,1,2.2,Bangladesh,England,Tamim Iqbal,Imrul Kayes,JM Anderson,4,0,,,,,,,,,
426404,2010,2010-07-10,County Ground,1,2.3,Bangladesh,England,Tamim Iqbal,Imrul Kayes,JM Anderson,0,0,,,,,,,,,
426404,2010,2010-07-10,County Ground,1,2.4,Bangladesh,England,Tamim Iqbal,Imrul Kayes,JM Anderson,0,0,,,,,,,,,
426404,2010,2010-07-10,County Ground,1,2.5,Bangladesh,England,Tamim Iqbal,Imrul Kayes,JM Anderson,1,0,,,,,,,,,
426404,2010,2010-07-10,County Ground,1,2.6,Bangladesh,England,Imrul Kayes,Tamim Iqbal,JM Anderson,0,0,,,,,,,,,
426404,2010,2010-07-10,County Ground,1,3.1,Bangladesh,England,Tamim Iqbal,Imrul Kayes,A Shahzad,0,0,,,,,,,,,
426404,2010,2010-07-10,County Ground,1,3.2,Bangladesh,England,Tamim Iqbal,Imrul Kayes,A Shahzad,0,0,,,,,,,,,
426404,2010,2010-07-10,County Ground,1,3.3,Bangladesh,England,Tamim Iqbal,Imrul Kayes,A Shahzad,0,0,,,,,,,,,
426404,2010,2010-07-10,County Ground,1,3.4,Bangladesh,England,Tamim Iqbal,Imrul Kayes,A Shahzad,0,0,,,,,,,,,
426404,2010,2010-07-10,County Ground,1,3.5,Bangladesh,England,Tamim Iqbal,Imrul Kayes,A Shahzad,2,0,,,,,,,,,
426404,2010,2010-07-10,County Ground,1,3.6,Bangladesh,England,Tamim Iqbal,Imrul Kayes,A Shahzad,1,0,,,,,,,,,
426404,2010,2010-07-10,County Ground,1,4.1,Bangladesh,England,Tamim Iqbal,Imrul Kayes,JM Anderson,0,0,,,,,,,,,
426404,2010,2010-07-10,County Ground,1,4.2,Bangladesh,England,Tamim Iqbal,Imrul Kayes,JM Anderson,4,0,,,,,,,,,
426404,2010,2010-07-10,County Ground,1,4.3,Bangladesh,England,Tamim Iqbal,Imrul Kayes,JM Anderson,0,0,,,,,,,,,
426404,2010,2010-07-10,County Ground,1,4.4,Bangladesh,England,Tamim Iqbal,Imrul Kayes,JM Anderson,1,0,,,,,,,,,
426404,2010,2010-07-10,County Ground,1,4.5,Bangladesh,England,Imrul Kayes,Tamim Iqbal,JM Anderson,0,0,,,,,,,,,
426404,2010,2010-07-10,County Ground,1,4.6,Bangladesh,England,Imrul Kayes,Tamim Iqbal,JM Anderson,0,0,,,,,,,,,
426404,2010,2010-07-10,County Ground,1,5.1,Bangladesh,England,Tamim Iqbal,Imrul Kayes,A Shahzad,0,0,,,,,,caught,Tamim Iqbal,,
426404,2010,2010-07-10,County Ground,1,5.2,Bangladesh,England,Junaid Siddique,Imrul Kayes,A Shahzad,0,0,,,,,,,,,
426404,2010,2010-07-10,County Ground,1,5.3,Bangladesh,England,Junaid Siddique,Imrul Kayes,A Shahzad,0,1,,,,1,,,,,
426404,2010,2010-07-10,County Ground,1,5.4,Bangladesh,England,Imrul Kayes,Junaid Siddique,A Shahzad,1,0,,,,,,,,,
426404,2010,2010-07-10,County Ground,1,5.5,Bangladesh,England,Junaid Siddique,Imrul Kayes,A Shahzad,0,0,,,,,,,,,
426404,2010,2010-07-10,County Ground,1,5.6,Bangladesh,England,Junaid Siddique,Imrul Kayes,A Shahzad,0,0,,,,,,,,,
426404,2010,2010-07-10,County Ground,1,6.1,Bangladesh,England,Imrul Kayes,Junaid Siddique,JM Anderson,0,0,,,,,,,,,
426404,2010,2010-07-10,County Ground,1,6.2,Bangladesh,England,Imrul Kayes,Junaid Siddique,JM Anderson,4,0,,,,,,,,,
426404,2010,2010-07-10,County Ground,1,6.3,Bangladesh,England,Imrul Kayes,Junaid Siddique,JM Anderson,0,0,,,,,,,,,
426404,2010,2010-07-10,County Ground,1,6.4,Bangladesh,England,Imrul Kayes,Junaid Siddique,JM Anderson,0,0,,,,,,,,,
426404,2010,2010-07-10,County Ground,1,6.5,Bangladesh,England,Imrul Kayes,Junaid Siddique,JM Anderson,0,1,1,,,,,,,,
426404,2010,2010-07-10,County Ground,1,6.6,Bangladesh,England,Imrul Kayes,Junaid Siddique,JM Anderson,4,0,,,,,,,,,
426404,2010,2010-07-10,County Ground,1,6.7,Bangladesh,England,Imrul Kayes,Junaid Siddique,JM Anderson,1,0,,,,,,,,,
426404,2010,2010-07-10,County Ground,1,7.1,Bangladesh,England,Imrul Kayes,Junaid Siddique,A Shahzad,0,0,,,,,,,,,
426404,2010,2010-07-10,County Ground,1,7.2,Bangladesh,England,Imrul Kayes,Junaid Siddique,A Shahzad,0,1,1,,,,,,,,
426404,2010,2010-07-10,County Ground,1,7.3,Bangladesh,England,Imrul Kayes,Junaid Siddique,A Shahzad,0,0,,,,,,,,,
426404,2010,2010-07-10,County Ground,1,7.4,Bangladesh,England,Imrul Kayes,Junaid Siddique,A Shahzad,0,1,1,,,,,,,,
426404,2010,2010-07-10,County Ground,1,7.5,Bangladesh,England,Imrul Kayes,Junaid Siddique,A Shahzad,1,0,,,,,,,,,
426404,2010,2010-07-10,County Ground,1,7.6,Bangladesh,England,Junaid Siddique,Imrul Kayes,A Shahzad,0,0,,,,,,,,,
426404,2010,2010-07-10,County Ground,1,7.7,Bangladesh,England,Junaid Siddique,Imrul Kayes,A Shahzad,0,0,,,,,,,,,
426404,2010,2010-07-10,County Ground,1,7.8,Bangladesh,England,Junaid Siddique,Imrul Kayes,A Shahzad,0,0,,,,,,,,,
426404,2010,2010-07-10,County Ground,1,8.1,Bangladesh,England,Imrul Kayes,Junaid Siddique,SCJ Broad,0,0,,,,,,,,,
426404,2010,2010-07-10,County Ground,1,8.2,Bangladesh,England,Imrul Kayes,Junaid Siddique,SCJ Broad,1,0,,,,,,,,,
426404,2010,2010-07-10,County Ground,1,8.3,Bangladesh,England,Junaid Siddique,Imrul Kayes,SCJ Broad,0,0,,,,,,,,,
426404,2010,2010-07-10,County Ground,1,8.4,Bangladesh,England,Junaid Siddique,Imrul Kayes,SCJ Broad,1,0,,,,,,,,,
426404,2010,2010-07-10,County Ground,1,8.5,Bangladesh,England,Imrul Kayes,Junaid Siddique,SCJ Broad,0,0,,,,,,,,,
426404,2010,2010-07-10,County Ground,1,8.6,Bangladesh,England,Imrul Kayes,Junaid Siddique,SCJ Broad,0,0,,,,,,,,,
426404,2010,2010-07-10,County Ground,1,9.1,Bangladesh,England,Junaid Siddique,Imrul Kayes,A Shahzad,2,0,,,,,,,,,
426404,2010,2010-07-10,County Ground,1,9.2,Bangladesh,England,Junaid Siddique,Imrul Kayes,A Shahzad,4,0,,,,,,,,,
426404,2010,2010-07-10,County Ground,1,9.3,Bangladesh,England,Junaid Siddique,Imrul Kayes,A Shahzad,0,0,,,,,,,,,
426404,2010,2010-07-10,County Ground,1,9.4,Bangladesh,England,Junaid Siddique,Imrul Kayes,A Shahzad,4,0,,,,,,,,,
426404,2010,2010-07-10,County Ground,1,9.5,Bangladesh,England,Junaid Siddique,Imrul Kayes,A Shahzad,4,0,,,,,,,,,
426404,2010,2010-07-10,County Ground,1,9.6,Bangladesh,England,Junaid Siddique,Imrul Kayes,A Shahzad,0,0,,,,,,,,,
426404,2010,2010-07-10,County Ground,1,10.1,Bangladesh,England,Imrul Kayes,Junaid Siddique,SCJ Broad,0,0,,,,,,,,,
426404,2010,2010-07-10,County Ground,1,10.2,Bangladesh,England,Imrul Kayes,Junaid Siddique,SCJ Broad,0,0,,,,,,,,,
426404,2010,2010-07-10,County Ground,1,10.3,Bangladesh,England,Imrul Kayes,Junaid Siddique,SCJ Broad,0,0,,,,,,,,,
426404,2010,2010-07-10,County Ground,1,10.4,Bangladesh,England,Imrul Kayes,Junaid Siddique,SCJ Broad,0,0,,,,,,,,,
426404,2010,2010-07-10,County Ground,1,10.5,Bangladesh,England,Imrul Kayes,Junaid Siddique,SCJ Broad,4,0,,,,,,,,,
426404,2010,2010-07-10,County Ground,1,10.6,Bangladesh,England,Imrul Kayes,Junaid Siddique,SCJ Broad,1,0,,,,,,,,,
426404,2010,2010-07-10,County Ground,1,11.1,Bangladesh,England,Imrul Kayes,Junaid Siddique,LJ Wright,2,0,,,,,,,,,
426404,2010,2010-07-10,County Ground,1,11.2,Bangladesh,England,Imrul Kayes,Junaid Siddique,LJ Wright,0,0,,,,,,,,,
426404,2010,2010-07-10,County Ground,1,11.3,Bangladesh,England,Imrul Kayes,Junaid Siddique,LJ Wright,1,0,,,,,,,,,
426404,2010,2010-07-10,County Ground,1,11.4,Bangladesh,England,Junaid Siddique,Imrul Kayes,LJ Wright,4,0,,,,,,,,,
426404,2010,2010-07-10,County Ground,1,11.5,Bangladesh,England,Junaid Siddique,Imrul Kayes,LJ Wright,0,0,,,,,,,,,
426404,2010,2010-07-10,County Ground,1,11.6,Bangladesh,England,Junaid Siddique,Imrul Kayes,LJ Wright,1,0,,,,,,,,,
426404,2010,2010-07-10,County Ground,1,12.1,Bangladesh,England,Junaid Siddique,Imrul Kayes,SCJ Broad,0,0,,,,,,,,,
426404,2010,2010-07-10,County Ground,1,12.2,Bangladesh,England,Junaid Siddique,Imrul Kayes,SCJ Broad,0,0,,,,,,,,,
426404,2010,2010-07-10,County Ground,1,12.3,Bangladesh,England,Junaid Siddique,Imrul Kayes,SCJ Broad,1,0,,,,,,,,,
426404,2010,2010-07-10,County Ground,1,12.4,Bangladesh,England,Imrul Kayes,Junaid Siddique,SCJ Broad,1,0,,,,,,,,,
426404,2010,2010-07-10,County Ground,1,12.5,Bangladesh,England,Junaid Siddique,Imrul Kayes,SCJ Broad,0,0,,,,,,,,,
426404,2010,2010-07-10,County Ground,1,12.6,Bangladesh,England,Junaid Siddique,Imrul Kayes,SCJ Broad,0,0,,,,,,caught,Junaid Siddique,,
426404,2010,2010-07-10,County Ground,1,13.1,Bangladesh,England,Imrul Kayes,Jahurul Islam,LJ Wright,0,0,,,,,,,,,
426404,2010,2010-07-10,County Ground,1,13.2,Bangladesh,England,Imrul Kayes,Jahurul Islam,LJ Wright,0,0,,,,,,,,,
426404,2010,2010-07-10,County Ground,1,13.3,Bangladesh,England,Imrul Kayes,Jahurul Islam,LJ Wright,0,1,1,,,,,,,,
426404,2010,2010-07-10,County Ground,1,13.4,Bangladesh,England,Imrul Kayes,Jahurul Islam,LJ Wright,1,0,,,,,,,,,
426404,2010,2010-07-10,County Ground,1,13.5,Bangladesh,England,Jahurul Islam,Imrul Kayes,LJ Wright,0,0,,,,,,,,,
426404,2010,2010-07-10,County Ground,1,13.6,Bangladesh,England,Jahurul Islam,Imrul Kayes,LJ Wright,0,0,,,,,,,,,
426404,2010,2010-07-10,County Ground,1,13.7,Bangladesh,England,Jahurul Islam,Imrul Kayes,LJ Wright,0,0,,,,,,,,,
426404,2010,2010-07-10,County Ground,1,14.1,Bangladesh,England,Imrul Kayes,Jahurul Islam,SCJ Broad,0,0,,,,,,,,,
426404,2010,2010-07-10,County Ground,1,14.2,Bangladesh,England,Imrul Kayes,Jahurul Islam,SCJ Broad,0,1,1,,,,,,,,
426404,2010,2010-07-10,County Ground,1,14.3,Bangladesh,England,Imrul Kayes,Jahurul Islam,SCJ Broad,1,0,,,,,,,,,
426404,2010,2010-07-10,County Ground,1,14.4,Bangladesh,England,Jahurul Islam,Imrul Kayes,SCJ Broad,1,0,,,,,,,,,
426404,2010,2010-07-10,County Ground,1,14.5,Bangladesh,England,Imrul Kayes,Jahurul Islam,SCJ Broad,1,0,,,,,,,,,
426404,2010,2010-07-10,County Ground,1,14.6,Bangladesh,England,Jahurul Islam,Imrul Kayes,SCJ Broad,0,0,,,,,,,,,
426404,2010,2010-07-10,County Ground,1,14.7,Bangladesh,England,Jahurul Islam,Imrul Kayes,SCJ Broad,1,1,,1,,,,,,,
426404,2010,2010-07-10,County Ground,1,14.8,Bangladesh,England,Imrul Kayes,Jahurul Islam,SCJ Broad,1,0,,,,,,,,,
426404,2010,2010-07-10,County Ground,1,15.1,Bangladesh,England,Imrul Kayes,Jahurul Islam,LJ Wright,0,0,,,,,,,,,
426404,2010,2010-07-10,County Ground,1,15.2,Bangladesh,England,Imrul Kayes,Jahurul Islam,LJ Wright,1,0,,,,,,,,,
426404,2010,2010-07-10,County Ground,1,15.3,Bangladesh,England,Jahurul Islam,Imrul Kayes,LJ Wright,0,0,,,,,,,,,
426404,2010,2010-07-10,County Ground,1,15.4,Bangladesh,England,Jahurul Islam,Imrul Kayes,LJ Wright,0,0,,,,,,,,,
426404,2010,2010-07-10,County Ground,1,15.5,Bangladesh,England,Jahurul Islam,Imrul Kayes,LJ Wright,0,0,,,,,,,,,
426404,2010,2010-07-10,County Ground,1,15.6,Bangladesh,England,Jahurul Islam,Imrul Kayes,LJ Wright,2,0,,,,,,,,,
426404,2010,2010-07-10,County Ground,1,16.1,Bangladesh,England,Imrul Kayes,Jahurul Islam,SCJ Broad,0,0,,,,,,,,,
426404,2010,2010-07-10,County Ground,1,16.2,Bangladesh,England,Imrul Kayes,Jahurul Islam,SCJ Broad,0,0,,,,,,,,,
426404,2010,2010-07-10,County Ground,1,16.3,Bangladesh,England,Imrul Kayes,Jahurul Islam,SCJ Broad,1,0,,,,,,,,,
426404,2010,2010-07-10,County Ground,1,16.4,Bangladesh,England,Jahurul Islam,Imrul Kayes,SCJ Broad,6,0,,,,,,,,,
426404,2010,2010-07-10,County Ground,1,16.5,Bangladesh,England,Jahurul Islam,Imrul Kayes,SCJ Broad,3,0,,,,,,,,,
426404,2010,2010-07-10,County Ground,1,16.6,Bangladesh,England,Imrul Kayes,Jahurul Islam,SCJ Broad,1,0,,,,,,,,,
426404,2010,2010-07-10,County Ground,1,17.1,Bangladesh,England,Imrul Kayes,Jahurul Islam,MH Yardy,1,0,,,,,,,,,
426404,2010,2010-07-10,County Ground,1,17.2,Bangladesh,England,Jahurul Islam,Imrul Kayes,MH Yardy,1,0,,,,,,,,,
426404,2010,2010-07-10,County Ground,1,17.3,Bangladesh,England,Imrul Kayes,Jahurul Islam,MH Yardy,0,0,,,,,,,,,
426404,2010,2010-07-10,County Ground,1,17.4,Bangladesh,England,Imrul Kayes,Jahurul Islam,MH Yardy,0,0,,,,,,,,,
426404,2010,2010-07-10,County Ground,1,17.5,Bangladesh,England,Imrul Kayes,Jahurul Islam,MH Yardy,1,0,,,,,,,,,
426404,2010,2010-07-10,County Ground,1,17.6,Bangladesh,England,Jahurul Islam,Imrul Kayes,MH Yardy,0,0,,,,,,,,,
426404,2010,2010-07-10,County Ground,1,18.1,Bangladesh,England,Imrul Kayes,Jahurul Islam,LJ Wright,0,0,,,,,,,,,
426404,2010,2010-07-10,County Ground,1,18.2,Bangladesh,England,Imrul Kayes,Jahurul Islam,LJ Wright,0,0,,,,,,,,,
426404,2010,2010-07-10,County Ground,1,18.3,Bangladesh,England,Imrul Kayes,Jahurul Islam,LJ Wright,0,1,1,,,,,,,,
426404,2010,2010-07-10,County Ground,1,18.4,Bangladesh,England,Imrul Kayes,Jahurul Islam,LJ Wright,2,0,,,,,,,,,
426404,2010,2010-07-10,County Ground,1,18.5,Bangladesh,England,Imrul Kayes,Jahurul Islam,LJ Wright,1,0,,,,,,,,,
426404,2010,2010-07-10,County Ground,1,18.6,Bangladesh,England,Jahurul Islam,Imrul Kayes,LJ Wright,0,0,,,,,,,,,
426404,2010,2010-07-10,County Ground,1,18.7,Bangladesh,England,Jahurul Islam,Imrul Kayes,LJ Wright,0,0,,,,,,,,,
426404,2010,2010-07-10,County Ground,1,19.1,Bangladesh,England,Imrul Kayes,Jahurul Islam,MH Yardy,0,0,,,,,,,,,
426404,2010,2010-07-10,County Ground,1,19.2,Bangladesh,England,Imrul Kayes,Jahurul Islam,MH Yardy,1,0,,,,,,,,,
426404,2010,2010-07-10,County Ground,1,19.3,Bangladesh,England,Jahurul Islam,Imrul Kayes,MH Yardy,2,0,,,,,,,,,
426404,2010,2010-07-10,County Ground,1,19.4,Bangladesh,England,Jahurul Islam,Imrul Kayes,MH Yardy,0,0,,,,,,,,,
426404,2010,2010-07-10,County Ground,1,19.5,Bangladesh,England,Jahurul Islam,Imrul Kayes,MH Yardy,0,0,,,,,,,,,
426404,2010,2010-07-10,County Ground,1,19.6,Bangladesh,England,Jahurul Islam,Imrul Kayes,MH Yardy,0,0,,,,,,,,,
426404,2010,2010-07-10,County Ground,1,20.1,Bangladesh,England,Imrul Kayes,Jahurul Islam,LJ Wright,1,0,,,,,,,,,
426404,2010,2010-07-10,County Ground,1,20.2,Bangladesh,England,Jahurul Islam,Imrul Kayes,LJ Wright,1,0,,,,,,,,,
426404,2010,2010-07-10,County Ground,1,20.3,Bangladesh,England,Imrul Kayes,Jahurul Islam,LJ Wright,1,0,,,,,,,,,
426404,2010,2010-07-10,County Ground,1,20.4,Bangladesh,England,Jahurul Islam,Imrul Kayes,LJ Wright,0,0,,,,,,,,,
426404,2010,2010-07-10,County Ground,1,20.5,Bangladesh,England,Jahurul Islam,Imrul Kayes,LJ Wright,1,0,,,,,,,,,
426404,2010,2010-07-10,County Ground,1,20.6,Bangladesh,England,Imrul Kayes,Jahurul Islam,LJ Wright,4,0,,,,,,,,,
426404,2010,2010-07-10,County Ground,1,21.1,Bangladesh,England,Jahurul Islam,Imrul Kayes,MH Yardy,0,0,,,,,,,,,
426404,2010,2010-07-10,County Ground,1,21.2,Bangladesh,England,Jahurul Islam,Imrul Kayes,MH Yardy,1,0,,,,,,,,,
426404,2010,2010-07-10,County Ground,1,21.3,Bangladesh,England,Imrul Kayes,Jahurul Islam,MH Yardy,0,0,,,,,,,,,
426404,2010,2010-07-10,County Ground,1,21.4,Bangladesh,England,Imrul Kayes,Jahurul Islam,MH Yardy,0,0,,,,,,,,,
426404,2010,2010-07-10,County Ground,1,21.5,Bangladesh,England,Imrul Kayes,Jahurul Islam,MH Yardy,0,0,,,,,,,,,
426404,2010,2010-07-10,County Ground,1,21.6,Bangladesh,England,Imrul Kayes,Jahurul Islam,MH Yardy,1,0,,,,,,,,,
426404,2010,2010-07-10,County Ground,1,22.1,Bangladesh,England,Imrul Kayes,Jahurul Islam,LJ Wright,1,0,,,,,,,,,
426404,2010,2010-07-10,County Ground,1,22.2,Bangladesh,England,Jahurul Islam,Imrul Kayes,LJ Wright,1,0,,,,,,,,,
426404,2010,2010-07-10,County Ground,1,22.3,Bangladesh,England,Imrul Kayes,Jahurul Islam,LJ Wright,1,0,,,,,,,,,
426404,2010,2010-07-10,County Ground,1,22.4,Bangladesh,England,Jahurul Islam,Imrul Kayes,LJ Wright,1,0,,,,,,,,,
426404,2010,2010-07-10,County Ground,1,22.5,Bangladesh,England,Imrul Kayes,Jahurul Islam,LJ Wright,0,0,,,,,,,,,
426404,2010,2010-07-10,County Ground,1,22.6,Bangladesh,England,Imrul Kayes,Jahurul Islam,LJ Wright,1,0,,,,,,,,,
426404,2010,2010-07-10,County Ground,1,23.1,Bangladesh,England,Imrul Kayes,Jahurul Islam,MH Yardy,0,0,,,,,,,,,
426404,2010,2010-07-10,County Ground,1,23.2,Bangladesh,England,Imrul Kayes,Jahurul Islam,MH Yardy,0,2,,,,2,,,,,
426404,2010,2010-07-10,County Ground,1,23.3,Bangladesh,England,Imrul Kayes,Jahurul Islam,MH Yardy,1,0,,,,,,,,,
426404,2010,2010-07-10,County Ground,1,23.4,Bangladesh,England,Jahurul Islam,Imrul Kayes,MH Yardy,0,0,,,,,,,,,
426404,2010,2010-07-10,County Ground,1,23.5,Bangladesh,England,Jahurul Islam,Imrul Kayes,MH Yardy,0,0,,,,,,,,,
426404,2010,2010-07-10,County Ground,1,23.6,Bangladesh,England,Jahurul Islam,Imrul Kayes,MH Yardy,0,0,,,,,,,,,
426404,2010,2010-07-10,County Ground,1,24.1,Bangladesh,England,Imrul Kayes,Jahurul Islam,PD Collingwood,1,0,,,,,,,,,
426404,2010,2010-07-10,County Ground,1,24.2,Bangladesh,England,Jahurul Islam,Imrul Kayes,PD Collingwood,1,0,,,,,,,,,
426404,2010,2010-07-10,County Ground,1,24.3,Bangladesh,England,Imrul Kayes,Jahurul Islam,PD Collingwood,1,0,,,,,,,,,
426404,2010,2010-07-10,County Ground,1,24.4,Bangladesh,England,Jahurul Islam,Imrul Kayes,PD Collingwood,0,0,,,,,,,,,
426404,2010,2010-07-10,County Ground,1,24.5,Bangladesh,England,Jahurul Islam,Imrul Kayes,PD Collingwood,0,0,,,,,,,,,
426404,2010,2010-07-10,County Ground,1,24.6,Bangladesh,England,Jahurul Islam,Imrul Kayes,PD Collingwood,1,0,,,,,,,,,
426404,2010,2010-07-10,County Ground,1,25.1,Bangladesh,England,Jahurul Islam,Imrul Kayes,MH Yardy,1,0,,,,,,,,,
426404,2010,2010-07-10,County Ground,1,25.2,Bangladesh,England,Imrul Kayes,Jahurul Islam,MH Yardy,1,0,,,,,,,,,
426404,2010,2010-07-10,County Ground,1,25.3,Bangladesh,England,Jahurul Islam,Imrul Kayes,MH Yardy,0,1,1,,,,,,,,
426404,2010,2010-07-10,County Ground,1,25.4,Bangladesh,England,Jahurul Islam,Imrul Kayes,MH Yardy,0,0,,,,,,,,,
426404,2010,2010-07-10,County Ground,1,25.5,Bangladesh,England,Jahurul Islam,Imrul Kayes,MH Yardy,0,0,,,,,,,,,
426404,2010,2010-07-10,County Ground,1,25.6,Bangladesh,England,Jahurul Islam,Imrul Kayes,MH Yardy,2,0,,,,,,,,,
426404,2010,2010-07-10,County Ground,1,25.7,Bangladesh,England,Jahurul Islam,Imrul Kayes,MH Yardy,2,0,,,,,,,,,
426404,2010,2010-07-10,County Ground,1,26.1,Bangladesh,England,Imrul Kayes,Jahurul Islam,PD Collingwood,0,0,,,,,,,,,
426404,2010,2010-07-10,County Ground,1,26.2,Bangladesh,England,Imrul Kayes,Jahurul Islam,PD Collingwood,1,0,,,,,,,,,
426404,2010,2010-07-10,County Ground,1,26.3,Bangladesh,England,Jahurul Islam,Imrul Kayes,PD Collingwood,0,0,,,,,,,,,
426404,2010,2010-07-10,County Ground,1,26.4,Bangladesh,England,Jahurul Islam,Imrul Kayes,PD Collingwood,1,0,,,,,,,,,
426404,2010,2010-07-10,County Ground,1,26.5,Bangladesh,England,Imrul Kayes,Jahurul Islam,PD Collingwood,1,0,,,,,,,,,
426404,2010,2010-07-10,County Ground,1,26.6,Bangladesh,England,Jahurul Islam,Imrul Kayes,PD Collingwood,0,0,,,,,,,,,
426404,2010,2010-07-10,County Ground,1,27.1,Bangladesh,England,Imrul Kayes,Jahurul Islam,MH Yardy,1,0,,,,,,,,,
426404,2010,2010-07-10,County Ground,1,27.2,Bangladesh,England,Jahurul Islam,Imrul Kayes,MH Yardy,0,0,,,,,,,,,
426404,2010,2010-07-10,County Ground,1,27.3,Bangladesh,England,Jahurul Islam,Imrul Kayes,MH Yardy,1,0,,,,,,,,,
426404,2010,2010-07-10,County Ground,1,27.4,Bangladesh,England,Imrul Kayes,Jahurul Islam,MH Yardy,0,0,,,,,,,,,
426404,2010,2010-07-10,County Ground,1,27.5,Bangladesh,England,Imrul Kayes,Jahurul Islam,MH Yardy,0,3,3,,,,,,,,
426404,2010,2010-07-10,County Ground,1,27.6,Bangladesh,England,Imrul Kayes,Jahurul Islam,MH Yardy,1,0,,,,,,,,,
426404,2010,2010-07-10,County Ground,1,27.7,Bangladesh,England,Jahurul Islam,Imrul Kayes,MH Yardy,1,0,,,,,,,,,
426404,2010,2010-07-10,County Ground,1,28.1,Bangladesh,England,Jahurul Islam,Imrul Kayes,PD Collingwood,0,0,,,,,,,,,
426404,2010,2010-07-10,County Ground,1,28.2,Bangladesh,England,Jahurul Islam,Imrul Kayes,PD Collingwood,2,0,,,,,,,,,
426404,2010,2010-07-10,County Ground,1,28.3,Bangladesh,England,Jahurul Islam,Imrul Kayes,PD Collingwood,1,0,,,,,,,,,
426404,2010,2010-07-10,County Ground,1,28.4,Bangladesh,England,Imrul Kayes,Jahurul Islam,PD Collingwood,1,0,,,,,,,,,
426404,2010,2010-07-10,County Ground,1,28.5,Bangladesh,England,Jahurul Islam,Imrul Kayes,PD Collingwood,0,0,,,,,,,,,
426404,2010,2010-07-10,County Ground,1,28.6,Bangladesh,England,Jahurul Islam,Imrul Kayes,PD Collingwood,1,0,,,,,,,,,
426404,2010,2010-07-10,County Ground,1,29.1,Bangladesh,England,Jahurul Islam,Imrul Kayes,A Shahzad,1,0,,,,,,,,,
426404,2010,2010-07-10,County Ground,1,29.2,Bangladesh,England,Imrul Kayes,Jahurul Islam,A Shahzad,1,0,,,,,,,,,
426404,2010,2010-07-10,County Ground,1,29.3,Bangladesh,England,Jahurul Islam,Imrul Kayes,A Shahzad,4,0,,,,,,,,,
426404,2010,2010-07-10,County Ground,1,29.4,Bangladesh,England,Jahurul Islam,Imrul Kayes,A Shahzad,0,0,,,,,,caught,Jahurul Islam,,
426404,2010,2010-07-10,County Ground,1,29.5,Bangladesh,England,Shakib Al Hasan,Imrul Kayes,A Shahzad,1,0,,,,,,,,,
426404,2010,2010-07-10,County Ground,1,29.6,Bangladesh,England,Imrul Kayes,Shakib Al Hasan,A Shahzad,0,0,,,,,,,,,
426404,2010,2010-07-10,County Ground,1,30.1,Bangladesh,England,Shakib Al Hasan,Imrul Kayes,PD Collingwood,0,0,,,,,,,,,
426404,2010,2010-07-10,County Ground,1,30.2,Bangladesh,England,Shakib Al Hasan,Imrul Kayes,PD Collingwood,0,0,,,,,,bowled,Shakib Al Hasan,,
426404,2010,2010-07-10,County Ground,1,30.3,Bangladesh,England,Mohammad Ashraful,Imrul Kayes,PD Collingwood,0,0,,,,,,,,,
426404,2010,2010-07-10,County Ground,1,30.4,Bangladesh,England,Mohammad Ashraful,Imrul Kayes,PD Collingwood,0,0,,,,,,,,,
426404,2010,2010-07-10,County Ground,1,30.5,Bangladesh,England,Mohammad Ashraful,Imrul Kayes,PD Collingwood,0,0,,,,,,,,,
426404,2010,2010-07-10,County Ground,1,30.6,Bangladesh,England,Mohammad Ashraful,Imrul Kayes,PD Collingwood,1,0,,,,,,,,,
426404,2010,2010-07-10,County Ground,1,31.1,Bangladesh,England,Mohammad Ashraful,Imrul Kayes,A Shahzad,0,0,,,,,,,,,
426404,2010,2010-07-10,County Ground,1,31.2,Bangladesh,England,Mohammad Ashraful,Imrul Kayes,A Shahzad,0,0,,,,,,,,,
426404,2010,2010-07-10,County Ground,1,31.3,Bangladesh,England,Mohammad Ashraful,Imrul Kayes,A Shahzad,0,0,,,,,,,,,
426404,2010,2010-07-10,County Ground,1,31.4,Bangladesh,England,Mohammad Ashraful,Imrul Kayes,A Shahzad,1,0,,,,,,,,,
426404,2010,2010-07-10,County Ground,1,31.5,Bangladesh,England,Imrul Kayes,Mohammad Ashraful,A Shahzad,1,0,,,,,,,,,
426404,2010,2010-07-10,County Ground,1,31.6,Bangladesh,England,Mohammad Ashraful,Imrul Kayes,A Shahzad,0,0,,,,,,,,,
426404,2010,2010-07-10,County Ground,1,32.1,Bangladesh,England,Imrul Kayes,Mohammad Ashraful,PD Collingwood,0,0,,,,,,,,,
426404,2010,2010-07-10,County Ground,1,32.2,Bangladesh,England,Imrul Kayes,Mohammad Ashraful,PD Collingwood,0,0,,,,,,,,,
426404,2010,2010-07-10,County Ground,1,32.3,Bangladesh,England,Imrul Kayes,Mohammad Ashraful,PD Collingwood,0,0,,,,,,,,,
426404,2010,2010-07-10,County Ground,1,32.4,Bangladesh,England,Imrul Kayes,Mohammad Ashraful,PD Collingwood,2,0,,,,,,,,,
426404,2010,2010-07-10,County Ground,1,32.5,Bangladesh,England,Imrul Kayes,Mohammad Ashraful,PD Collingwood,1,0,,,,,,,,,
426404,2010,2010-07-10,County Ground,1,32.6,Bangladesh,England,Mohammad Ashraful,Imrul Kayes,PD Collingwood,0,0,,,,,,,,,
426404,2010,2010-07-10,County Ground,1,33.1,Bangladesh,England,Imrul Kayes,Mohammad Ashraful,A Shahzad,1,0,,,,,,,,,
426404,2010,2010-07-10,County Ground,1,33.2,Bangladesh,England,Mohammad Ashraful,Imrul Kayes,A Shahzad,0,0,,,,,,,,,
426404,2010,2010-07-10,County Ground,1,33.3,Bangladesh,England,Mohammad Ashraful,Imrul Kayes,A Shahzad,0,0,,,,,,,,,
426404,2010,2010-07-10,County Ground,1,33.4,Bangladesh,England,Mohammad Ashraful,Imrul Kayes,A Shahzad,0,0,,,,,,,,,
426404,2010,2010-07-10,County Ground,1,33.5,Bangladesh,England,Mohammad Ashraful,Imrul Kayes,A Shahzad,1,0,,,,,,,,,
426404,2010,2010-07-10,County Ground,1,33.6,Bangladesh,England,Imrul Kayes,Mohammad Ashraful,A Shahzad,1,0,,,,,,,,,
426404,2010,2010-07-10,County Ground,1,34.1,Bangladesh,England,Imrul Kayes,Mohammad Ashraful,SCJ Broad,1,0,,,,,,,,,
426404,2010,2010-07-10,County Ground,1,34.2,Bangladesh,England,Mohammad Ashraful,Imrul Kayes,SCJ Broad,0,0,,,,,,,,,
426404,2010,2010-07-10,County Ground,1,34.3,Bangladesh,England,Mohammad Ashraful,Imrul Kayes,SCJ Broad,1,0,,,,,,,,,
426404,2010,2010-07-10,County Ground,1,34.4,Bangladesh,England,Imrul Kayes,Mohammad Ashraful,SCJ Broad,1,0,,,,,,,,,
426404,2010,2010-07-10,County Ground,1,34.5,Bangladesh,England,Mohammad Ashraful,Imrul Kayes,SCJ Broad,0,0,,,,,,,,,
426404,2010,2010-07-10,County Ground,1,34.6,Bangladesh,England,Mohammad Ashraful,Imrul Kayes,SCJ Broad,1,0,,,,,,,,,
426404,2010,2010-07-10,County Ground,1,35.1,Bangladesh,England,Mohammad Ashraful,Imrul Kayes,MH Yardy,0,0,,,,,,,,,
426404,2010,2010-07-10,County Ground,1,35.2,Bangladesh,England,Mohammad Ashraful,Imrul Kayes,MH Yardy,0,0,,,,,,,,,
426404,2010,2010-07-10,County Ground,1,35.3,Bangladesh,England,Mohammad Ashraful,Imrul Kayes,MH Yardy,1,0,,,,,,,,,
426404,2010,2010-07-10,County Ground,1,35.4,Bangladesh,England,Imrul Kayes,Mohammad Ashraful,MH Yardy,1,0,,,,,,,,,
426404,2010,2010-07-10,County Ground,1,35.5,Bangladesh,England,Mohammad Ashraful,Imrul Kayes,MH Yardy,1,0,,,,,,,,,
426404,2010,2010-07-10,County Ground,1,35.6,Bangladesh,England,Imrul Kayes,Mohammad Ashraful,MH Yardy,0,0,,,,,,,,,
426404,2010,2010-07-10,County Ground,1,36.1,Bangladesh,England,Mohammad Ashraful,Imrul Kayes,SCJ Broad,4,0,,,,,,,,,
426404,2010,2010-07-10,County Ground,1,36.2,Bangladesh,England,Mohammad Ashraful,Imrul Kayes,SCJ Broad,0,0,,,,,,,,,
426404,2010,2010-07-10,County Ground,1,36.3,Bangladesh,England,Mohammad Ashraful,Imrul Kayes,SCJ Broad,2,0,,,,,,,,,
426404,2010,2010-07-10,County Ground,1,36.4,Bangladesh,England,Mohammad Ashraful,Imrul Kayes,SCJ Broad,0,0,,,,,,,,,
426404,2010,2010-07-10,County Ground,1,36.5,Bangladesh,England,Mohammad Ashraful,Imrul Kayes,SCJ Broad,0,0,,,,,,,,,
426404,2010,2010-07-10,County Ground,1,36.6,Bangladesh,England,Mohammad Ashraful,Imrul Kayes,SCJ Broad,0,1,1,,,,,,,,
426404,2010,2010-07-10,County Ground,1,36.7,Bangladesh,England,Mohammad Ashraful,Imrul Kayes,SCJ Broad,0,0,,,,,,,,,
426404,2010,2010-07-10,County Ground,1,37.1,Bangladesh,England,Imrul Kayes,Mohammad Ashraful,MH Yardy,1,0,,,,,,,,,
426404,2010,2010-07-10,County Ground,1,37.2,Bangladesh,England,Mohammad Ashraful,Imrul Kayes,MH Yardy,1,0,,,,,,run out,Mohammad Ashraful,,
426404,2010,2010-07-10,County Ground,1,37.3,Bangladesh,England,Mahmudullah,Imrul Kayes,MH Yardy,0,0,,,,,,,,,
426404,2010,2010-07-10,County Ground,1,37.4,Bangladesh,England,Mahmudullah,Imrul Kayes,MH Yardy,0,0,,,,,,,,,
426404,2010,2010-07-10,County Ground,1,37.5,Bangladesh,England,Mahmudullah,Imrul Kayes,MH Yardy,0,0,,,,,,,,,
426404,2010,2010-07-10,County Ground,1,37.6,Bangladesh,England,Mahmudullah,Imrul Kayes,MH Yardy,0,0,,,,,,,,,
426404,2010,2010-07-10,County Ground,1,38.1,Bangladesh,England,Imrul Kayes,Mahmudullah,JM Anderson,0,0,,,,,,,,,
426404,2010,2010-07-10,County Ground,1,38.2,Bangladesh,England,Imrul Kayes,Mahmudullah,JM Anderson,1,0,,,,,,,,,
426404,2010,2010-07-10,County Ground,1,38.3,Bangladesh,England,Mahmudullah,Imrul Kayes,JM Anderson,0,0,,,,,,,,,
426404,2010,2010-07-10,County Ground,1,38.4,Bangladesh,England,Mahmudullah,Imrul Kayes,JM Anderson,0,0,,,,,,,,,
426404,2010,2010-07-10,County Ground,1,38.5,Bangladesh,England,Mahmudullah,Imrul Kayes,JM Anderson,0,0,,,,,,,,,
426404,2010,2010-07-10,County Ground,1,38.6,Bangladesh,England,Mahmudullah,Imrul Kayes,JM Anderson,1,0,,,,,,,,,
426404,2010,2010-07-10,County Ground,1,39.1,Bangladesh,England,Mahmudullah,Imrul Kayes,MH Yardy,0,1,1,,,,,,,,
426404,2010,2010-07-10,County Ground,1,39.2,Bangladesh,England,Mahmudullah,Imrul Kayes,MH Yardy,3,0,,,,,,,,,
426404,2010,2010-07-10,County Ground,1,39.3,Bangladesh,England,Imrul Kayes,Mahmudullah,MH Yardy,1,0,,,,,,,,,
426404,2010,2010-07-10,County Ground,1,39.4,Bangladesh,England,Mahmudullah,Imrul Kayes,MH Yardy,1,0,,,,,,,,,
426404,2010,2010-07-10,County Ground,1,39.5,Bangladesh,England,Imrul Kayes,Mahmudullah,MH Yardy,0,0,,,,,,,,,
426404,2010,2010-07-10,County Ground,1,39.6,Bangladesh,England,Imrul Kayes,Mahmudullah,MH Yardy,0,0,,,,,,,,,
426404,2010,2010-07-10,County Ground,1,39.7,Bangladesh,England,Imrul Kayes,Mahmudullah,MH Yardy,1,0,,,,,,,,,
426404,2010,2010-07-10,County Ground,1,40.1,Bangladesh,England,Imrul Kayes,Mahmudullah,JM Anderson,1,0,,,,,,,,,
426404,2010,2010-07-10,County Ground,1,40.2,Bangladesh,England,Mahmudullah,Imrul Kayes,JM Anderson,1,0,,,,,,,,,
426404,2010,2010-07-10,County Ground,1,40.3,Bangladesh,England,Imrul Kayes,Mahmudullah,JM Anderson,0,0,,,,,,,,,
426404,2010,2010-07-10,County Ground,1,40.4,Bangladesh,England,Imrul Kayes,Mahmudullah,JM Anderson,1,0,,,,,,,,,
426404,2010,2010-07-10,County Ground,1,40.5,Bangladesh,England,Mahmudullah,Imrul Kayes,JM Anderson,0,0,,,,,,,,,
426404,2010,2010-07-10,County Ground,1,40.6,Bangladesh,England,Mahmudullah,Imrul Kayes,JM Anderson,0,0,,,,,,,,,
426404,2010,2010-07-10,County Ground,1,41.1,Bangladesh,England,Imrul Kayes,Mahmudullah,MH Yardy,0,0,,,,,,,,,
426404,2010,2010-07-10,County Ground,1,41.2,Bangladesh,England,Imrul Kayes,Mahmudullah,MH Yardy,1,0,,,,,,,,,
426404,2010,2010-07-10,County Ground,1,41.3,Bangladesh,England,Mahmudullah,Imrul Kayes,MH Yardy,1,0,,,,,,,,,
426404,2010,2010-07-10,County Ground,1,41.4,Bangladesh,England,Imrul Kayes,Mahmudullah,MH Yardy,1,0,,,,,,,,,
426404,2010,2010-07-10,County Ground,1,41.5,Bangladesh,England,Mahmudullah,Imrul Kayes,MH Yardy,1,0,,,,,,,,,
426404,2010,2010-07-10,County Ground,1,41.6,Bangladesh,England,Imrul Kayes,Mahmudullah,MH Yardy,0,0,,,,,,,,,
426404,2010,2010-07-10,County Ground,1,42.1,Bangladesh,England,Mahmudullah,Imrul Kayes,JM Anderson,1,0,,,,,,,,,
426404,2010,2010-07-10,County Ground,1,42.2,Bangladesh,England,Imrul Kayes,Mahmudullah,JM Anderson,1,0,,,,,,,,,
426404,2010,2010-07-10,County Ground,1,42.3,Bangladesh,England,Mahmudullah,Imrul Kayes,JM Anderson,0,0,,,,,,,,,
426404,2010,2010-07-10,County Ground,1,42.4,Bangladesh,England,Mahmudullah,Imrul Kayes,JM Anderson,0,0,,,,,,,,,
426404,2010,2010-07-10,County Ground,1,42.5,Bangladesh,England,Mahmudullah,Imrul Kayes,JM Anderson,1,0,,,,,,,,,
426404,2010,2010-07-10,County Ground,1,42.6,Bangladesh,England,Imrul Kayes,Mahmudullah,JM Anderson,1,0,,,,,,,,,
426404,2010,2010-07-10,County Ground,1,43.1,Bangladesh,England,Imrul Kayes,Mahmudullah,A Shahzad,2,0,,,,,,,,,
426404,2010,2010-07-10,County Ground,1,43.2,Bangladesh,England,Imrul Kayes,Mahmudullah,A Shahzad,0,0,,,,,,caught,Imrul Kayes,,
426404,2010,2010-07-10,County Ground,1,43.3,Bangladesh,England,Mashrafe Mortaza,Mahmudullah,A Shahzad,0,0,,,,,,,,,
426404,2010,2010-07-10,County Ground,1,43.4,Bangladesh,England,Mashrafe Mortaza,Mahmudullah,A Shahzad,0,0,,,,,,,,,
426404,2010,2010-07-10,County Ground,1,43.5,Bangladesh,England,Mashrafe Mortaza,Mahmudullah,A Shahzad,0,0,,,,,,,,,
426404,2010,2010-07-10,County Ground,1,43.6,Bangladesh,England,Mashrafe Mortaza,Mahmudullah,A Shahzad,0,0,,,,,,,,,
426404,2010,2010-07-10,County Ground,1,44.1,Bangladesh,England,Mahmudullah,Mashrafe Mortaza,SCJ Broad,1,0,,,,,,,,,
426404,2010,2010-07-10,County Ground,1,44.2,Bangladesh,England,Mashrafe Mortaza,Mahmudullah,SCJ Broad,1,0,,,,,,,,,
426404,2010,2010-07-10,County Ground,1,44.3,Bangladesh,England,Mahmudullah,Mashrafe Mortaza,SCJ Broad,0,0,,,,,,,,,
426404,2010,2010-07-10,County Ground,1,44.4,Bangladesh,England,Mahmudullah,Mashrafe Mortaza,SCJ Broad,0,0,,,,,,,,,
426404,2010,2010-07-10,County Ground,1,44.5,Bangladesh,England,Mahmudullah,Mashrafe Mortaza,SCJ Broad,0,0,,,,,,,,,
426404,2010,2010-07-10,County Ground,1,44.6,Bangladesh,England,Mahmudullah,Mashrafe Mortaza,SCJ Broad,0,0,,,,,,,,,
426404,2010,2010-07-10,County Ground,1,45.1,Bangladesh,England,Mashrafe Mortaza,Mahmudullah,A Shahzad,0,0,,,,,,,,,
426404,2010,2010-07-10,County Ground,1,45.2,Bangladesh,England,Mashrafe Mortaza,Mahmudullah,A Shahzad,0,0,,,,,,,,,
426404,2010,2010-07-10,County Ground,1,45.3,Bangladesh,England,Mashrafe Mortaza,Mahmudullah,A Shahzad,1,0,,,,,,,,,
426404,2010,2010-07-10,County Ground,1,45.4,Bangladesh,England,Mahmudullah,Mashrafe Mortaza,A Shahzad,1,0,,,,,,,,,
426404,2010,2010-07-10,County Ground,1,45.5,Bangladesh,England,Mashrafe Mortaza,Mahmudullah,A Shahzad,1,0,,,,,,,,,
426404,2010,2010-07-10,County Ground,1,45.6,Bangladesh,England,Mahmudullah,Mashrafe Mortaza,A Shahzad,1,0,,,,,,,,,
426404,2010,2010-07-10,County Ground,1,46.1,Bangladesh,England,Mahmudullah,Mashrafe Mortaza,SCJ Broad,1,0,,,,,,,,,
426404,2010,2010-07-10,County Ground,1,46.2,Bangladesh,England,Mashrafe Mortaza,Mahmudullah,SCJ Broad,0,0,,,,,,,,,
426404,2010,2010-07-10,County Ground,1,46.3,Bangladesh,England,Mashrafe Mortaza,Mahmudullah,SCJ Broad,0,1,,1,,,,,,,
426404,2010,2010-07-10,County Ground,1,46.4,Bangladesh,England,Mashrafe Mortaza,Mahmudullah,SCJ Broad,1,0,,,,,,,,,
426404,2010,2010-07-10,County Ground,1,46.5,Bangladesh,England,Mahmudullah,Mashrafe Mortaza,SCJ Broad,1,0,,,,,,,,,
426404,2010,2010-07-10,County Ground,1,46.6,Bangladesh,England,Mashrafe Mortaza,Mahmudullah,SCJ Broad,0,0,,,,,,,,,
426404,2010,2010-07-10,County Ground,1,46.7,Bangladesh,England,Mashrafe Mortaza,Mahmudullah,SCJ Broad,0,1,,,,1,,,,,
426404,2010,2010-07-10,County Ground,1,47.1,Bangladesh,England,Mashrafe Mortaza,Mahmudullah,JM Anderson,0,0,,,,,,,,,
426404,2010,2010-07-10,County Ground,1,47.2,Bangladesh,England,Mashrafe Mortaza,Mahmudullah,JM Anderson,1,0,,,,,,,,,
426404,2010,2010-07-10,County Ground,1,47.3,Bangladesh,England,Mahmudullah,Mashrafe Mortaza,JM Anderson,1,0,,,,,,,,,
426404,2010,2010-07-10,County Ground,1,47.4,Bangladesh,England,Mashrafe Mortaza,Mahmudullah,JM Anderson,1,0,,,,,,,,,
426404,2010,2010-07-10,County Ground,1,47.5,Bangladesh,England,Mahmudullah,Mashrafe Mortaza,JM Anderson,1,0,,,,,,,,,
426404,2010,2010-07-10,County Ground,1,47.6,Bangladesh,England,Mashrafe Mortaza,Mahmudullah,JM Anderson,4,0,,,,,,,,,
426404,2010,2010-07-10,County Ground,1,48.1,Bangladesh,England,Mahmudullah,Mashrafe Mortaza,SCJ Broad,3,0,,,,,,,,,
426404,2010,2010-07-10,County Ground,1,48.2,Bangladesh,England,Mashrafe Mortaza,Mahmudullah,SCJ Broad,4,0,,,,,,,,,
426404,2010,2010-07-10,County Ground,1,48.3,Bangladesh,England,Mashrafe Mortaza,Mahmudullah,SCJ Broad,0,0,,,,,,,,,
426404,2010,2010-07-10,County Ground,1,48.4,Bangladesh,England,Mashrafe Mortaza,Mahmudullah,SCJ Broad,0,1,,1,,,,,,,
426404,2010,2010-07-10,County Ground,1,48.5,Bangladesh,England,Mashrafe Mortaza,Mahmudullah,SCJ Broad,1,0,,,,,,,,,
426404,2010,2010-07-10,County Ground,1,48.6,Bangladesh,England,Mahmudullah,Mashrafe Mortaza,SCJ Broad,1,0,,,,,,,,,
426404,2010,2010-07-10,County Ground,1,48.7,Bangladesh,England,Mashrafe Mortaza,Mahmudullah,SCJ Broad,6,0,,,,,,,,,
426404,2010,2010-07-10,County Ground,1,49.1,Bangladesh,England,Mahmudullah,Mashrafe Mortaza,JM Anderson,1,0,,,,,,,,,
426404,2010,2010-07-10,County Ground,1,49.2,Bangladesh,England,Mashrafe Mortaza,Mahmudullah,JM Anderson,0,0,,,,,,,,,
426404,2010,2010-07-10,County Ground,1,49.3,Bangladesh,England,Mashrafe Mortaza,Mahmudullah,JM Anderson,1,0,,,,,,run out,Mashrafe Mortaza,,
426404,2010,2010-07-10,County Ground,1,49.4,Bangladesh,England,Abdur Razzak,Mahmudullah,JM Anderson,0,0,,,,,,,,,
426404,2010,2010-07-10,County Ground,1,49.5,Bangladesh,England,Abdur Razzak,Mahmudullah,JM Anderson,1,0,,,,,,,,,
426404,2010,2010-07-10,County Ground,1,49.6,Bangladesh,England,Mahmudullah,Abdur Razzak,JM Anderson,2,0,,,,,,,,,
426404,2010,2010-07-10,County Ground,2,0.1,England,Bangladesh,AJ Strauss,C Kieswetter,Mashrafe Mortaza,1,0,,,,,,,,,
426404,2010,2010-07-10,County Ground,2,0.2,England,Bangladesh,C Kieswetter,AJ Strauss,Mashrafe Mortaza,1,0,,,,,,,,,
426404,2010,2010-07-10,County Ground,2,0.3,England,Bangladesh,AJ Strauss,C Kieswetter,Mashrafe Mortaza,0,0,,,,,,,,,
426404,2010,2010-07-10,County Ground,2,0.4,England,Bangladesh,AJ Strauss,C Kieswetter,Mashrafe Mortaza,0,0,,,,,,,,,
426404,2010,2010-07-10,County Ground,2,0.5,England,Bangladesh,AJ Strauss,C Kieswetter,Mashrafe Mortaza,0,0,,,,,,,,,
426404,2010,2010-07-10,County Ground,2,0.6,England,Bangladesh,AJ Strauss,C Kieswetter,Mashrafe Mortaza,1,0,,,,,,,,,
426404,2010,2010-07-10,County Ground,2,1.1,England,Bangladesh,AJ Strauss,C Kieswetter,Abdur Razzak,0,0,,,,,,,,,
426404,2010,2010-07-10,County Ground,2,1.2,England,Bangladesh,AJ Strauss,C Kieswetter,Abdur Razzak,0,0,,,,,,,,,
426404,2010,2010-07-10,County Ground,2,1.3,England,Bangladesh,AJ Strauss,C Kieswetter,Abdur Razzak,0,0,,,,,,,,,
426404,2010,2010-07-10,County Ground,2,1.4,England,Bangladesh,AJ Strauss,C Kieswetter,Abdur Razzak,0,0,,,,,,,,,
426404,2010,2010-07-10,County Ground,2,1.5,England,Bangladesh,AJ Strauss,C Kieswetter,Abdur Razzak,1,0,,,,,,,,,
426404,2010,2010-07-10,County Ground,2,1.6,England,Bangladesh,C Kieswetter,AJ Strauss,Abdur Razzak,0,0,,,,,,,,,
426404,2010,2010-07-10,County Ground,2,2.1,England,Bangladesh,AJ Strauss,C Kieswetter,Mashrafe Mortaza,0,0,,,,,,,,,
426404,2010,2010-07-10,County Ground,2,2.2,England,Bangladesh,AJ Strauss,C Kieswetter,Mashrafe Mortaza,0,0,,,,,,,,,
426404,2010,2010-07-10,County Ground,2,2.3,England,Bangladesh,AJ Strauss,C Kieswetter,Mashrafe Mortaza,0,0,,,,,,,,,
426404,2010,2010-07-10,County Ground,2,2.4,England,Bangladesh,AJ Strauss,C Kieswetter,Mashrafe Mortaza,0,0,,,,,,,,,
426404,2010,2010-07-10,County Ground,2,2.5,England,Bangladesh,AJ Strauss,C Kieswetter,Mashrafe Mortaza,2,0,,,,,,,,,
426404,2010,2010-07-10,County Ground,2,2.6,England,Bangladesh,AJ Strauss,C Kieswetter,Mashrafe Mortaza,0,0,,,,,,,,,
426404,2010,2010-07-10,County Ground,2,3.1,England,Bangladesh,C Kieswetter,AJ Strauss,Abdur Razzak,0,0,,,,,,,,,
426404,2010,2010-07-10,County Ground,2,3.2,England,Bangladesh,C Kieswetter,AJ Strauss,Abdur Razzak,4,0,,,,,,,,,
426404,2010,2010-07-10,County Ground,2,3.3,England,Bangladesh,C Kieswetter,AJ Strauss,Abdur Razzak,0,0,,,,,,,,,
426404,2010,2010-07-10,County Ground,2,3.4,England,Bangladesh,C Kieswetter,AJ Strauss,Abdur Razzak,1,0,,,,,,,,,
426404,2010,2010-07-10,County Ground,2,3.5,England,Bangladesh,AJ Strauss,C Kieswetter,Abdur Razzak,6,0,,,,,,,,,
426404,2010,2010-07-10,County Ground,2,3.6,England,Bangladesh,AJ Strauss,C Kieswetter,Abdur Razzak,1,0,,,,,,,,,
426404,2010,2010-07-10,County Ground,2,4.1,England,Bangladesh,AJ Strauss,C Kieswetter,Mashrafe Mortaza,0,0,,,,,,,,,
426404,2010,2010-07-10,County Ground,2,4.2,England,Bangladesh,AJ Strauss,C Kieswetter,Mashrafe Mortaza,0,0,,,,,,,,,
426404,2010,2010-07-10,County Ground,2,4.3,England,Bangladesh,AJ Strauss,C Kieswetter,Mashrafe Mortaza,0,0,,,,,,,,,
426404,2010,2010-07-10,County Ground,2,4.4,England,Bangladesh,AJ Strauss,C Kieswetter,Mashrafe Mortaza,0,0,,,,,,,,,
426404,2010,2010-07-10,County Ground,2,4.5,England,Bangladesh,AJ Strauss,C Kieswetter,Mashrafe Mortaza,1,0,,,,,,,,,
426404,2010,2010-07-10,County Ground,2,4.6,England,Bangladesh,C Kieswetter,AJ Strauss,Mashrafe Mortaza,0,0,,,,,,,,,
426404,2010,2010-07-10,County Ground,2,5.1,England,Bangladesh,AJ Strauss,C Kieswetter,Shafiul Islam,4,0,,,,,,,,,
426404,2010,2010-07-10,County Ground,2,5.2,England,Bangladesh,AJ Strauss,C Kieswetter,Shafiul Islam,0,0,,,,,,,,,
426404,2010,2010-07-10,County Ground,2,5.3,England,Bangladesh,AJ Strauss,C Kieswetter,Shafiul Islam,1,0,,,,,,,,,
426404,2010,2010-07-10,County Ground,2,5.4,England,Bangladesh,C Kieswetter,AJ Strauss,Shafiul Islam,2,0,,,,,,,,,
426404,2010,2010-07-10,County Ground,2,5.5,England,Bangladesh,C Kieswetter,AJ Strauss,Shafiul Islam,1,0,,,,,,,,,
426404,2010,2010-07-10,County Ground,2,5.6,England,Bangladesh,AJ Strauss,C Kieswetter,Shafiul Islam,4,0,,,,,,,,,
426404,2010,2010-07-10,County Ground,2,6.1,England,Bangladesh,C Kieswetter,AJ Strauss,Mashrafe Mortaza,1,0,,,,,,,,,
426404,2010,2010-07-10,County Ground,2,6.2,England,Bangladesh,AJ Strauss,C Kieswetter,Mashrafe Mortaza,4,0,,,,,,,,,
426404,2010,2010-07-10,County Ground,2,6.3,England,Bangladesh,AJ Strauss,C Kieswetter,Mashrafe Mortaza,0,0,,,,,,,,,
426404,2010,2010-07-10,County Ground,2,6.4,England,Bangladesh,AJ Strauss,C Kieswetter,Mashrafe Mortaza,0,0,,,,,,,,,
426404,2010,2010-07-10,County Ground,2,6.5,England,Bangladesh,AJ Strauss,C Kieswetter,Mashrafe Mortaza,1,0,,,,,,,,,
426404,2010,2010-07-10,County Ground,2,6.6,England,Bangladesh,C Kieswetter,AJ Strauss,Mashrafe Mortaza,6,0,,,,,,,,,
426404,2010,2010-07-10,County Ground,2,7.1,England,Bangladesh,AJ Strauss,C Kieswetter,Rubel Hossain,0,0,,,,,,,,,
426404,2010,2010-07-10,County Ground,2,7.2,England,Bangladesh,AJ Strauss,C Kieswetter,Rubel Hossain,0,0,,,,,,,,,
426404,2010,2010-07-10,County Ground,2,7.3,England,Bangladesh,AJ Strauss,C Kieswetter,Rubel Hossain,4,0,,,,,,,,,
426404,2010,2010-07-10,County Ground,2,7.4,England,Bangladesh,AJ Strauss,C Kieswetter,Rubel Hossain,2,0,,,,,,,,,
426404,2010,2010-07-10,County Ground,2,7.5,England,Bangladesh,AJ Strauss,C Kieswetter,Rubel Hossain,0,0,,,,,,caught,AJ Strauss,,
426404,2010,2010-07-10,County Ground,2,7.6,England,Bangladesh,IJL Trott,C Kieswetter,Rubel Hossain,0,0,,,,,,,,,
426404,2010,2010-07-10,County Ground,2,8.1,England,Bangladesh,C Kieswetter,IJL Trott,Shakib Al Hasan,0,0,,,,,,,,,
426404,2010,2010-07-10,County Ground,2,8.2,England,Bangladesh,C Kieswetter,IJL Trott,Shakib Al Hasan,0,0,,,,,,,,,
426404,2010,2010-07-10,County Ground,2,8.3,England,Bangladesh,C Kieswetter,IJL Trott,Shakib Al Hasan,0,0,,,,,,,,,
426404,2010,2010-07-10,County Ground,2,8.4,England,Bangladesh,C Kieswetter,IJL Trott,Shakib Al Hasan,0,1,,,,1,,,,,
426404,2010,2010-07-10,County Ground,2,8.5,England,Bangladesh,IJL Trott,C Kieswetter,Shakib Al Hasan,0,0,,,,,,,,,
426404,2010,2010-07-10,County Ground,2,8.6,England,Bangladesh,IJL Trott,C Kieswetter,Shakib Al Hasan,4,0,,,,,,,,,
426404,2010,2010-07-10,County Ground,2,9.1,England,Bangladesh,C Kieswetter,IJL Trott,Rubel Hossain,4,0,,,,,,,,,
426404,2010,2010-07-10,County Ground,2,9.2,England,Bangladesh,C Kieswetter,IJL Trott,Rubel Hossain,0,0,,,,,,caught,C Kieswetter,,
426404,2010,2010-07-10,County Ground,2,9.3,England,Bangladesh,PD Collingwood,IJL Trott,Rubel Hossain,0,0,,,,,,,,,
426404,2010,2010-07-10,County Ground,2,9.4,England,Bangladesh,PD Collingwood,IJL Trott,Rubel Hossain,1,0,,,,,,,,,
426404,2010,2010-07-10,County Ground,2,9.5,England,Bangladesh,IJL Trott,PD Collingwood,Rubel Hossain,0,0,,,,,,,,,
426404,2010,2010-07-10,County Ground,2,9.6,England,Bangladesh,IJL Trott,PD Collingwood,Rubel Hossain,2,0,,,,,,,,,
426404,2010,2010-07-10,County Ground,2,10.1,England,Bangladesh,PD Collingwood,IJL Trott,Mashrafe Mortaza,0,0,,,,,,,,,
426404,2010,2010-07-10,County Ground,2,10.2,England,Bangladesh,PD Collingwood,IJL Trott,Mashrafe Mortaza,0,0,,,,,,,,,
426404,2010,2010-07-10,County Ground,2,10.3,England,Bangladesh,PD Collingwood,IJL Trott,Mashrafe Mortaza,0,0,,,,,,,,,
426404,2010,2010-07-10,County Ground,2,10.4,England,Bangladesh,PD Collingwood,IJL Trott,Mashrafe Mortaza,0,0,,,,,,,,,
426404,2010,2010-07-10,County Ground,2,10.5,England,Bangladesh,PD Collingwood,IJL Trott,Mashrafe Mortaza,1,0,,,,,,,,,
426404,2010,2010-07-10,County Ground,2,10.6,England,Bangladesh,IJL Trott,PD Collingwood,Mashrafe Mortaza,1,0,,,,,,,,,
426404,2010,2010-07-10,County Ground,2,11.1,England,Bangladesh,IJL Trott,PD Collingwood,Rubel Hossain,0,0,,,,,,,,,
426404,2010,2010-07-10,County Ground,2,11.2,England,Bangladesh,IJL Trott,PD Collingwood,Rubel Hossain,4,0,,,,,,,,,
426404,2010,2010-07-10,County Ground,2,11.3,England,Bangladesh,IJL Trott,PD Collingwood,Rubel Hossain,0,0,,,,,,,,,
426404,2010,2010-07-10,County Ground,2,11.4,England,Bangladesh,IJL Trott,PD Collingwood,Rubel Hossain,0,0,,,,,,,,,
426404,2010,2010-07-10,County Ground,2,11.5,England,Bangladesh,IJL Trott,PD Collingwood,Rubel Hossain,1,0,,,,,,,,,
426404,2010,2010-07-10,County Ground,2,11.6,England,Bangladesh,PD Collingwood,IJL Trott,Rubel Hossain,0,0,,,,,,,,,
426404,2010,2010-07-10,County Ground,2,12.1,England,Bangladesh,IJL Trott,PD Collingwood,Mashrafe Mortaza,0,0,,,,,,,,,
426404,2010,2010-07-10,County Ground,2,12.2,England,Bangladesh,IJL Trott,PD Collingwood,Mashrafe Mortaza,1,0,,,,,,,,,
426404,2010,2010-07-10,County Ground,2,12.3,England,Bangladesh,PD Collingwood,IJL Trott,Mashrafe Mortaza,1,0,,,,,,,,,
426404,2010,2010-07-10,County Ground,2,12.4,England,Bangladesh,IJL Trott,PD Collingwood,Mashrafe Mortaza,0,0,,,,,,,,,
426404,2010,2010-07-10,County Ground,2,12.5,England,Bangladesh,IJL Trott,PD Collingwood,Mashrafe Mortaza,0,0,,,,,,,,,
426404,2010,2010-07-10,County Ground,2,12.6,England,Bangladesh,IJL Trott,PD Collingwood,Mashrafe Mortaza,0,0,,,,,,,,,
426404,2010,2010-07-10,County Ground,2,13.1,England,Bangladesh,PD Collingwood,IJL Trott,Rubel Hossain,0,0,,,,,,,,,
426404,2010,2010-07-10,County Ground,2,13.2,England,Bangladesh,PD Collingwood,IJL Trott,Rubel Hossain,0,0,,,,,,,,,
426404,2010,2010-07-10,County Ground,2,13.3,England,Bangladesh,PD Collingwood,IJL Trott,Rubel Hossain,0,0,,,,,,,,,
426404,2010,2010-07-10,County Ground,2,13.4,England,Bangladesh,PD Collingwood,IJL Trott,Rubel Hossain,0,0,,,,,,,,,
426404,2010,2010-07-10,County Ground,2,13.5,England,Bangladesh,PD Collingwood,IJL Trott,Rubel Hossain,0,0,,,,,,,,,
426404,2010,2010-07-10,County Ground,2,13.6,England,Bangladesh,PD Collingwood,IJL Trott,Rubel Hossain,0,5,5,,,,,,,,
426404,2010,2010-07-10,County Ground,2,13.7,England,Bangladesh,PD Collingwood,IJL Trott,Rubel Hossain,0,0,,,,,,,,,
426404,2010,2010-07-10,County Ground,2,14.1,England,Bangladesh,IJL Trott,PD Collingwood,Mashrafe Mortaza,0,0,,,,,,,,,
426404,2010,2010-07-10,County Ground,2,14.2,England,Bangladesh,IJL Trott,PD Collingwood,Mashrafe Mortaza,2,0,,,,,,,,,
426404,2010,2010-07-10,County Ground,2,14.3,England,Bangladesh,IJL Trott,PD Collingwood,Mashrafe Mortaza,0,0,,,,,,,,,
426404,2010,2010-07-10,County Ground,2,14.4,England,Bangladesh,IJL Trott,PD Collingwood,Mashrafe Mortaza,0,0,,,,,,,,,
426404,2010,2010-07-10,County Ground,2,14.5,England,Bangladesh,IJL Trott,PD Collingwood,Mashrafe Mortaza,0,0,,,,,,,,,
426404,2010,2010-07-10,County Ground,2,14.6,England,Bangladesh,IJL Trott,PD Collingwood,Mashrafe Mortaza,0,0,,,,,,,,,
426404,2010,2010-07-10,County Ground,2,15.1,England,Bangladesh,PD Collingwood,IJL Trott,Rubel Hossain,0,0,,,,,,,,,
426404,2010,2010-07-10,County Ground,2,15.2,England,Bangladesh,PD Collingwood,IJL Trott,Rubel Hossain,0,0,,,,,,,,,
426404,2010,2010-07-10,County Ground,2,15.3,England,Bangladesh,PD Collingwood,IJL Trott,Rubel Hossain,6,0,,,,,,,,,
426404,2010,2010-07-10,County Ground,2,15.4,England,Bangladesh,PD Collingwood,IJL Trott,Rubel Hossain,0,0,,,,,,,,,
426404,2010,2010-07-10,County Ground,2,15.5,England,Bangladesh,PD Collingwood,IJL Trott,Rubel Hossain,0,0,,,,,,,,,
426404,2010,2010-07-10,County Ground,2,15.6,England,Bangladesh,PD Collingwood,IJL Trott,Rubel Hossain,0,0,,,,,,,,,
426404,2010,2010-07-10,County Ground,2,16.1,England,Bangladesh,IJL Trott,PD Collingwood,Abdur Razzak,1,0,,,,,,,,,
426404,2010,2010-07-10,County Ground,2,16.2,England,Bangladesh,PD Collingwood,IJL Trott,Abdur Razzak,0,0,,,,,,,,,
426404,2010,2010-07-10,County Ground,2,16.3,England,Bangladesh,PD Collingwood,IJL Trott,Abdur Razzak,1,0,,,,,,,,,
426404,2010,2010-07-10,County Ground,2,16.4,England,Bangladesh,IJL Trott,PD Collingwood,Abdur Razzak,0,0,,,,,,,,,
426404,2010,2010-07-10,County Ground,2,16.5,England,Bangladesh,IJL Trott,PD Collingwood,Abdur Razzak,1,0,,,,,,,,,
426404,2010,2010-07-10,County Ground,2,16.6,England,Bangladesh,PD Collingwood,IJL Trott,Abdur Razzak,0,0,,,,,,lbw,PD Collingwood,,
426404,2010,2010-07-10,County Ground,2,17.1,England,Bangladesh,IJL Trott,EJG Morgan,Shafiul Islam,2,0,,,,,,,,,
426404,2010,2010-07-10,County Ground,2,17.2,England,Bangladesh,IJL Trott,EJG Morgan,Shafiul Islam,0,0,,,,,,,,,
426404,2010,2010-07-10,County Ground,2,17.3,England,Bangladesh,IJL Trott,EJG Morgan,Shafiul Islam,0,0,,,,,,,,,
426404,2010,2010-07-10,County Ground,2,17.4,England,Bangladesh,IJL Trott,EJG Morgan,Shafiul Islam,1,0,,,,,,,,,
426404,2010,2010-07-10,County Ground,2,17.5,England,Bangladesh,EJG Morgan,IJL Trott,Shafiul Islam,0,0,,,,,,,,,
426404,2010,2010-07-10,County Ground,2,17.6,England,Bangladesh,EJG Morgan,IJL Trott,Shafiul Islam,1,0,,,,,,,,,
426404,2010,2010-07-10,County Ground,2,18.1,England,Bangladesh,EJG Morgan,IJL Trott,Abdur Razzak,0,0,,,,,,lbw,EJG Morgan,,
426404,2010,2010-07-10,County Ground,2,18.2,England,Bangladesh,MH Yardy,IJL Trott,Abdur Razzak,2,0,,,,,,,,,
426404,2010,2010-07-10,County Ground,2,18.3,England,Bangladesh,MH Yardy,IJL Trott,Abdur Razzak,0,0,,,,,,,,,
426404,2010,2010-07-10,County Ground,2,18.4,England,Bangladesh,MH Yardy,IJL Trott,Abdur Razzak,1,0,,,,,,,,,
426404,2010,2010-07-10,County Ground,2,18.5,England,Bangladesh,IJL Trott,MH Yardy,Abdur Razzak,0,0,,,,,,,,,
426404,2010,2010-07-10,County Ground,2,18.6,England,Bangladesh,IJL Trott,MH Yardy,Abdur Razzak,0,0,,,,,,,,,
426404,2010,2010-07-10,County Ground,2,19.1,England,Bangladesh,MH Yardy,IJL Trott,Shafiul Islam,0,0,,,,,,,,,
426404,2010,2010-07-10,County Ground,2,19.2,England,Bangladesh,MH Yardy,IJL Trott,Shafiul Islam,0,0,,,,,,,,,
426404,2010,2010-07-10,County Ground,2,19.3,England,Bangladesh,MH Yardy,IJL Trott,Shafiul Islam,0,0,,,,,,,,,
426404,2010,2010-07-10,County Ground,2,19.4,England,Bangladesh,MH Yardy,IJL Trott,Shafiul Islam,0,0,,,,,,,,,
426404,2010,2010-07-10,County Ground,2,19.5,England,Bangladesh,MH Yardy,IJL Trott,Shafiul Islam,0,0,,,,,,,,,
426404,2010,2010-07-10,County Ground,2,19.6,England,Bangladesh,MH Yardy,IJL Trott,Shafiul Islam,0,0,,,,,,,,,
426404,2010,2010-07-10,County Ground,2,20.1,England,Bangladesh,IJL Trott,MH Yardy,Abdur Razzak,1,0,,,,,,,,,
426404,2010,2010-07-10,County Ground,2,20.2,England,Bangladesh,MH Yardy,IJL Trott,Abdur Razzak,0,0,,,,,,,,,
426404,2010,2010-07-10,County Ground,2,20.3,England,Bangladesh,MH Yardy,IJL Trott,Abdur Razzak,1,0,,,,,,,,,
426404,2010,2010-07-10,County Ground,2,20.4,England,Bangladesh,IJL Trott,MH Yardy,Abdur Razzak,1,0,,,,,,,,,
426404,2010,2010-07-10,County Ground,2,20.5,England,Bangladesh,MH Yardy,IJL Trott,Abdur Razzak,1,0,,,,,,,,,
426404,2010,2010-07-10,County Ground,2,20.6,England,Bangladesh,IJL Trott,MH Yardy,Abdur Razzak,1,0,,,,,,,,,
426404,2010,2010-07-10,County Ground,2,21.1,England,Bangladesh,IJL Trott,MH Yardy,Shafiul Islam,0,4,,,,4,,,,,
426404,2010,2010-07-10,County Ground,2,21.2,England,Bangladesh,IJL Trott,MH Yardy,Shafiul Islam,0,0,,,,,,,,,
426404,2010,2010-07-10,County Ground,2,21.3,England,Bangladesh,IJL Trott,MH Yardy,Shafiul Islam,0,0,,,,,,,,,
426404,2010,2010-07-10,County Ground,2,21.4,England,Bangladesh,IJL Trott,MH Yardy,Shafiul Islam,0,0,,,,,,,,,
426404,2010,2010-07-10,County Ground,2,21.5,England,Bangladesh,IJL Trott,MH Yardy,Shafiul Islam,0,0,,,,,,,,,
426404,2010,2010-07-10,County Ground,2,21.6,England,Bangladesh,IJL Trott,MH Yardy,Shafiul Islam,0,0,,,,,,,,,
426404,2010,2010-07-10,County Ground,2,22.1,England,Bangladesh,MH Yardy,IJL Trott,Abdur Razzak,0,0,,,,,,,,,
426404,2010,2010-07-10,County Ground,2,22.2,England,Bangladesh,MH Yardy,IJL Trott,Abdur Razzak,0,0,,,,,,,,,
426404,2010,2010-07-10,County Ground,2,22.3,England,Bangladesh,MH Yardy,IJL Trott,Abdur Razzak,0,0,,,,,,,,,
426404,2010,2010-07-10,County Ground,2,22.4,England,Bangladesh,MH Yardy,IJL Trott,Abdur Razzak,1,0,,,,,,,,,
426404,2010,2010-07-10,County Ground,2,22.5,England,Bangladesh,IJL Trott,MH Yardy,Abdur Razzak,0,0,,,,,,,,,
426404,2010,2010-07-10,County Ground,2,22.6,England,Bangladesh,IJL Trott,MH Yardy,Abdur Razzak,0,0,,,,,,,,,
426404,2010,2010-07-10,County Ground,2,23.1,England,Bangladesh,MH Yardy,IJL Trott,Shakib Al Hasan,3,0,,,,,,,,,
426404,2010,2010-07-10,County Ground,2,23.2,England,Bangladesh,IJL Trott,MH Yardy,Shakib Al Hasan,1,0,,,,,,,,,
426404,2010,2010-07-10,County Ground,2,23.3,England,Bangladesh,MH Yardy,IJL Trott,Shakib Al Hasan,0,0,,,,,,,,,
426404,2010,2010-07-10,County Ground,2,23.4,England,Bangladesh,MH Yardy,IJL Trott,Shakib Al Hasan,0,0,,,,,,,,,
426404,2010,2010-07-10,County Ground,2,23.5,England,Bangladesh,MH Yardy,IJL Trott,Shakib Al Hasan,0,0,,,,,,,,,
426404,2010,2010-07-10,County Ground,2,23.6,England,Bangladesh,MH Yardy,IJL Trott,Shakib Al Hasan,0,0,,,,,,,,,
426404,2010,2010-07-10,County Ground,2,24.1,England,Bangladesh,IJL Trott,MH Yardy,Abdur Razzak,0,0,,,,,,,,,
426404,2010,2010-07-10,County Ground,2,24.2,England,Bangladesh,IJL Trott,MH Yardy,Abdur Razzak,0,0,,,,,,,,,
426404,2010,2010-07-10,County Ground,2,24.3,England,Bangladesh,IJL Trott,MH Yardy,Abdur Razzak,2,0,,,,,,,,,
426404,2010,2010-07-10,County Ground,2,24.4,England,Bangladesh,IJL Trott,MH Yardy,Abdur Razzak,4,0,,,,,,,,,
426404,2010,2010-07-10,County Ground,2,24.5,England,Bangladesh,IJL Trott,MH Yardy,Abdur Razzak,0,0,,,,,,,,,
426404,2010,2010-07-10,County Ground,2,24.6,England,Bangladesh,IJL Trott,MH Yardy,Abdur Razzak,0,0,,,,,,,,,
426404,2010,2010-07-10,County Ground,2,25.1,England,Bangladesh,MH Yardy,IJL Trott,Shakib Al Hasan,1,0,,,,,,,,,
426404,2010,2010-07-10,County Ground,2,25.2,England,Bangladesh,IJL Trott,MH Yardy,Shakib Al Hasan,0,0,,,,,,,,,
426404,2010,2010-07-10,County Ground,2,25.3,England,Bangladesh,IJL Trott,MH Yardy,Shakib Al Hasan,1,0,,,,,,,,,
426404,2010,2010-07-10,County Ground,2,25.4,England,Bangladesh,MH Yardy,IJL Trott,Shakib Al Hasan,0,0,,,,,,,,,
426404,2010,2010-07-10,County Ground,2,25.5,England,Bangladesh,MH Yardy,IJL Trott,Shakib Al Hasan,0,0,,,,,,bowled,MH Yardy,,
426404,2010,2010-07-10,County Ground,2,25.6,England,Bangladesh,LJ Wright,IJL Trott,Shakib Al Hasan,0,0,,,,,,,,,
426404,2010,2010-07-10,County Ground,2,26.1,England,Bangladesh,IJL Trott,LJ Wright,Abdur Razzak,1,0,,,,,,,,,
426404,2010,2010-07-10,County Ground,2,26.2,England,Bangladesh,LJ Wright,IJL Trott,Abdur Razzak,0,0,,,,,,,,,
426404,2010,2010-07-10,County Ground,2,26.3,England,Bangladesh,LJ Wright,IJL Trott,Abdur Razzak,0,0,,,,,,,,,
426404,2010,2010-07-10,County Ground,2,26.4,England,Bangladesh,LJ Wright,IJL Trott,Abdur Razzak,1,0,,,,,,,,,
426404,2010,2010-07-10,County Ground,2,26.5,England,Bangladesh,IJL Trott,LJ Wright,Abdur Razzak,0,0,,,,,,,,,
426404,2010,2010-07-10,County Ground,2,26.6,England,Bangladesh,IJL Trott,LJ Wright,Abdur Razzak,0,0,,,,,,,,,
426404,2010,2010-07-10,County Ground,2,27.1,England,Bangladesh,LJ Wright,IJL Trott,Shakib Al Hasan,0,0,,,,,,,,,
426404,2010,2010-07-10,County Ground,2,27.2,England,Bangladesh,LJ Wright,IJL Trott,Shakib Al Hasan,0,0,,,,,,,,,
426404,2010,2010-07-10,County Ground,2,27.3,England,Bangladesh,LJ Wright,IJL Trott,Shakib Al Hasan,0,0,,,,,,,,,
426404,2010,2010-07-10,County Ground,2,27.4,England,Bangladesh,LJ Wright,IJL Trott,Shakib Al Hasan,0,0,,,,,,,,,
426404,2010,2010-07-10,County Ground,2,27.5,England,Bangladesh,LJ Wright,IJL Trott,Shakib Al Hasan,1,0,,,,,,,,,
426404,2010,2010-07-10,County Ground,2,27.6,England,Bangladesh,IJL Trott,LJ Wright,Shakib Al Hasan,1,0,,,,,,,,,
426404,2010,2010-07-10,County Ground,2,28.1,England,Bangladesh,IJL Trott,LJ Wright,Rubel Hossain,1,0,,,,,,,,,
426404,2010,2010-07-10,County Ground,2,28.2,England,Bangladesh,LJ Wright,IJL Trott,Rubel Hossain,1,0,,,,,,,,,
426404,2010,2010-07-10,County Ground,2,28.3,England,Bangladesh,IJL Trott,LJ Wright,Rubel Hossain,0,0,,,,,,,,,
426404,2010,2010-07-10,County Ground,2,28.4,England,Bangladesh,IJL Trott,LJ Wright,Rubel Hossain,0,0,,,,,,,,,
426404,2010,2010-07-10,County Ground,2,28.5,England,Bangladesh,IJL Trott,LJ Wright,Rubel Hossain,1,0,,,,,,,,,
426404,2010,2010-07-10,County Ground,2,28.6,England,Bangladesh,LJ Wright,IJL Trott,Rubel Hossain,0,0,,,,,,,,,
426404,2010,2010-07-10,County Ground,2,29.1,England,Bangladesh,IJL Trott,LJ Wright,Shakib Al Hasan,0,1,1,,,,,,,,
426404,2010,2010-07-10,County Ground,2,29.2,England,Bangladesh,IJL Trott,LJ Wright,Shakib Al Hasan,0,1,1,,,,,,,,
426404,2010,2010-07-10,County Ground,2,29.3,England,Bangladesh,IJL Trott,LJ Wright,Shakib Al Hasan,1,0,,,,,,,,,
426404,2010,2010-07-10,County Ground,2,29.4,England,Bangladesh,LJ Wright,IJL Trott,Shakib Al Hasan,1,0,,,,,,,,,
426404,2010,2010-07-10,County Ground,2,29.5,England,Bangladesh,IJL Trott,LJ Wright,Shakib Al Hasan,0,0,,,,,,,,,
426404,2010,2010-07-10,County Ground,2,29.6,England,Bangladesh,IJL Trott,LJ Wright,Shakib Al Hasan,0,0,,,,,,,,,
426404,2010,2010-07-10,County Ground,2,29.7,England,Bangladesh,IJL Trott,LJ Wright,Shakib Al Hasan,2,0,,,,,,,,,
426404,2010,2010-07-10,County Ground,2,29.8,England,Bangladesh,IJL Trott,LJ Wright,Shakib Al Hasan,1,0,,,,,,,,,
426404,2010,2010-07-10,County Ground,2,30.1,England,Bangladesh,IJL Trott,LJ Wright,Rubel Hossain,0,0,,,,,,,,,
426404,2010,2010-07-10,County Ground,2,30.2,England,Bangladesh,IJL Trott,LJ Wright,Rubel Hossain,2,0,,,,,,,,,
426404,2010,2010-07-10,County Ground,2,30.3,England,Bangladesh,IJL Trott,LJ Wright,Rubel Hossain,0,1,,,,1,,,,,
426404,2010,2010-07-10,County Ground,2,30.4,England,Bangladesh,LJ Wright,IJL Trott,Rubel Hossain,2,0,,,,,,,,,
426404,2010,2010-07-10,County Ground,2,30.5,England,Bangladesh,LJ Wright,IJL Trott,Rubel Hossain,0,0,,,,,,,,,
426404,2010,2010-07-10,County Ground,2,30.6,England,Bangladesh,LJ Wright,IJL Trott,Rubel Hossain,0,0,,,,,,,,,
426404,2010,2010-07-10,County Ground,2,31.1,England,Bangladesh,IJL Trott,LJ Wright,Mohammad Ashraful,1,0,,,,,,,,,
426404,2010,2010-07-10,County Ground,2,31.2,England,Bangladesh,LJ Wright,IJL Trott,Mohammad Ashraful,1,0,,,,,,,,,
426404,2010,2010-07-10,County Ground,2,31.3,England,Bangladesh,IJL Trott,LJ Wright,Mohammad Ashraful,0,0,,,,,,,,,
426404,2010,2010-07-10,County Ground,2,31.4,England,Bangladesh,IJL Trott,LJ Wright,Mohammad Ashraful,1,0,,,,,,,,,
426404,2010,2010-07-10,County Ground,2,31.5,England,Bangladesh,LJ Wright,IJL Trott,Mohammad Ashraful,6,0,,,,,,,,,
426404,2010,2010-07-10,County Ground,2,31.6,England,Bangladesh,LJ Wright,IJL Trott,Mohammad Ashraful,0,0,,,,,,,,,
426404,2010,2010-07-10,County Ground,2,32.1,England,Bangladesh,IJL Trott,LJ Wright,Shafiul Islam,0,0,,,,,,,,,
426404,2010,2010-07-10,County Ground,2,32.2,England,Bangladesh,IJL Trott,LJ Wright,Shafiul Islam,0,0,,,,,,,,,
426404,2010,2010-07-10,County Ground,2,32.3,England,Bangladesh,IJL Trott,LJ Wright,Shafiul Islam,0,0,,,,,,,,,
426404,2010,2010-07-10,County Ground,2,32.4,England,Bangladesh,IJL Trott,LJ Wright,Shafiul Islam,0,0,,,,,,,,,
426404,2010,2010-07-10,County Ground,2,32.5,England,Bangladesh,IJL Trott,LJ Wright,Shafiul Islam,0,0,,,,,,,,,
426404,2010,2010-07-10,County Ground,2,32.6,England,Bangladesh,IJL Trott,LJ Wright,Shafiul Islam,0,0,,,,,,,,,
426404,2010,2010-07-10,County Ground,2,33.1,England,Bangladesh,LJ Wright,IJL Trott,Shakib Al Hasan,1,0,,,,,,,,,
426404,2010,2010-07-10,County Ground,2,33.2,England,Bangladesh,IJL Trott,LJ Wright,Shakib Al Hasan,0,0,,,,,,,,,
426404,2010,2010-07-10,County Ground,2,33.3,England,Bangladesh,IJL Trott,LJ Wright,Shakib Al Hasan,0,0,,,,,,,,,
426404,2010,2010-07-10,County Ground,2,33.4,England,Bangladesh,IJL Trott,LJ Wright,Shakib Al Hasan,1,0,,,,,,,,,
426404,2010,2010-07-10,County Ground,2,33.5,England,Bangladesh,LJ Wright,IJL Trott,Shakib Al Hasan,0,0,,,,,,,,,
426404,2010,2010-07-10,County Ground,2,33.6,England,Bangladesh,LJ Wright,IJL Trott,Shakib Al Hasan,1,0,,,,,,,,,
426404,2010,2010-07-10,County Ground,2,34.1,England,Bangladesh,LJ Wright,IJL Trott,Shafiul Islam,0,0,,,,,,caught,LJ Wright,,
426404,2010,2010-07-10,County Ground,2,34.2,England,Bangladesh,A Shahzad,IJL Trott,Shafiul Islam,1,0,,,,,,,,,
426404,2010,2010-07-10,County Ground,2,34.3,England,Bangladesh,IJL Trott,A Shahzad,Shafiul Islam,0,0,,,,,,,,,
426404,2010,2010-07-10,County Ground,2,34.4,England,Bangladesh,IJL Trott,A Shahzad,Shafiul Islam,0,0,,,,,,,,,
426404,2010,2010-07-10,County Ground,2,34.5,England,Bangladesh,IJL Trott,A Shahzad,Shafiul Islam,0,1,1,,,,,,,,
426404,2010,2010-07-10,County Ground,2,34.6,England,Bangladesh,IJL Trott,A Shahzad,Shafiul Islam,0,0,,,,,,,,,
426404,2010,2010-07-10,County Ground,2,34.7,England,Bangladesh,IJL Trott,A Shahzad,Shafiul Islam,1,0,,,,,,,,,
426404,2010,2010-07-10,County Ground,2,35.1,England,Bangladesh,IJL Trott,A Shahzad,Shakib Al Hasan,0,0,,,,,,,,,
426404,2010,2010-07-10,County Ground,2,35.2,England,Bangladesh,IJL Trott,A Shahzad,Shakib Al Hasan,0,0,,,,,,,,,
426404,2010,2010-07-10,County Ground,2,35.3,England,Bangladesh,IJL Trott,A Shahzad,Shakib Al Hasan,1,0,,,,,,,,,
426404,2010,2010-07-10,County Ground,2,35.4,England,Bangladesh,A Shahzad,IJL Trott,Shakib Al Hasan,0,0,,,,,,,,,
426404,2010,2010-07-10,County Ground,2,35.5,England,Bangladesh,A Shahzad,IJL Trott,Shakib Al Hasan,0,0,,,,,,,,,
426404,2010,2010-07-10,County Ground,2,35.6,England,Bangladesh,A Shahzad,IJL Trott,Shakib Al Hasan,0,0,,,,,,,,,
426404,2010,2010-07-10,County Ground,2,36.1,England,Bangladesh,IJL Trott,A Shahzad,Shafiul Islam,0,0,,,,,,,,,
426404,2010,2010-07-10,County Ground,2,36.2,England,Bangladesh,IJL Trott,A Shahzad,Shafiul Islam,0,0,,,,,,,,,
426404,2010,2010-07-10,County Ground,2,36.3,England,Bangladesh,IJL Trott,A Shahzad,Shafiul Islam,2,0,,,,,,,,,
426404,2010,2010-07-10,County Ground,2,36.4,England,Bangladesh,IJL Trott,A Shahzad,Shafiul Islam,0,0,,,,,,,,,
426404,2010,2010-07-10,County Ground,2,36.5,England,Bangladesh,IJL Trott,A Shahzad,Shafiul Islam,4,0,,,,,,,,,
426404,2010,2010-07-10,County Ground,2,36.6,England,Bangladesh,IJL Trott,A Shahzad,Shafiul Islam,1,0,,,,,,,,,
426404,2010,2010-07-10,County Ground,2,37.1,England,Bangladesh,IJL Trott,A Shahzad,Shakib Al Hasan,0,0,,,,,,,,,
426404,2010,2010-07-10,County Ground,2,37.2,England,Bangladesh,IJL Trott,A Shahzad,Shakib Al Hasan,1,0,,,,,,,,,
426404,2010,2010-07-10,County Ground,2,37.3,England,Bangladesh,A Shahzad,IJL Trott,Shakib Al Hasan,1,0,,,,,,,,,
426404,2010,2010-07-10,County Ground,2,37.4,England,Bangladesh,IJL Trott,A Shahzad,Shakib Al Hasan,0,0,,,,,,,,,
426404,2010,2010-07-10,County Ground,2,37.5,England,Bangladesh,IJL Trott,A Shahzad,Shakib Al Hasan,1,0,,,,,,,,,
426404,2010,2010-07-10,County Ground,2,37.6,England,Bangladesh,A Shahzad,IJL Trott,Shakib Al Hasan,1,0,,,,,,,,,
426404,2010,2010-07-10,County Ground,2,38.1,England,Bangladesh,A Shahzad,IJL Trott,Abdur Razzak,1,0,,,,,,,,,
426404,2010,2010-07-10,County Ground,2,38.2,England,Bangladesh,IJL Trott,A Shahzad,Abdur Razzak,0,0,,,,,,,,,
426404,2010,2010-07-10,County Ground,2,38.3,England,Bangladesh,IJL Trott,A Shahzad,Abdur Razzak,0,0,,,,,,,,,
426404,2010,2010-07-10,County Ground,2,38.4,England,Bangladesh,IJL Trott,A Shahzad,Abdur Razzak,2,0,,,,,,,,,
426404,2010,2010-07-10,County Ground,2,38.5,England,Bangladesh,IJL Trott,A Shahzad,Abdur Razzak,1,0,,,,,,,,,
426404,2010,2010-07-10,County Ground,2,38.6,England,Bangladesh,A Shahzad,IJL Trott,Abdur Razzak,1,0,,,,,,,,,
426404,2010,2010-07-10,County Ground,2,39.1,England,Bangladesh,A Shahzad,IJL Trott,Shakib Al Hasan,0,0,,,,,,bowled,A Shahzad,,
426404,2010,2010-07-10,County Ground,2,39.2,England,Bangladesh,SCJ Broad,IJL Trott,Shakib Al Hasan,1,0,,,,,,,,,
426404,2010,2010-07-10,County Ground,2,39.3,England,Bangladesh,IJL Trott,SCJ Broad,Shakib Al Hasan,0,0,,,,,,,,,
426404,2010,2010-07-10,County Ground,2,39.4,England,Bangladesh,IJL Trott,SCJ Broad,Shakib Al Hasan,0,0,,,,,,,,,
426404,2010,2010-07-10,County Ground,2,39.5,England,Bangladesh,IJL Trott,SCJ Broad,Shakib Al Hasan,4,0,,,,,,,,,
426404,2010,2010-07-10,County Ground,2,39.6,England,Bangladesh,IJL Trott,SCJ Broad,Shakib Al Hasan,0,0,,,,,,,,,
426404,2010,2010-07-10,County Ground,2,40.1,England,Bangladesh,SCJ Broad,IJL Trott,Rubel Hossain,0,0,,,,,,,,,
426404,2010,2010-07-10,County Ground,2,40.2,England,Bangladesh,SCJ Broad,IJL Trott,Rubel Hossain,1,0,,,,,,,,,
426404,2010,2010-07-10,County Ground,2,40.3,England,Bangladesh,IJL Trott,SCJ Broad,Rubel Hossain,2,0,,,,,,,,,
426404,2010,2010-07-10,County Ground,2,40.4,England,Bangladesh,IJL Trott,SCJ Broad,Rubel Hossain,0,0,,,,,,,,,
426404,2010,2010-07-10,County Ground,2,40.5,England,Bangladesh,IJL Trott,SCJ Broad,Rubel Hossain,1,0,,,,,,,,,
426404,2010,2010-07-10,County Ground,2,40.6,England,Bangladesh,SCJ Broad,IJL Trott,Rubel Hossain,0,1,1,,,,,,,,
426404,2010,2010-07-10,County Ground,2,40.7,England,Bangladesh,SCJ Broad,IJL Trott,Rubel Hossain,2,0,,,,,,,,,
426404,2010,2010-07-10,County Ground,2,41.1,England,Bangladesh,IJL Trott,SCJ Broad,Mashrafe Mortaza,1,0,,,,,,,,,
426404,2010,2010-07-10,County Ground,2,41.2,England,Bangladesh,SCJ Broad,IJL Trott,Mashrafe Mortaza,1,0,,,,,,,,,
426404,2010,2010-07-10,County Ground,2,41.3,England,Bangladesh,IJL Trott,SCJ Broad,Mashrafe Mortaza,1,0,,,,,,,,,
426404,2010,2010-07-10,County Ground,2,41.4,England,Bangladesh,SCJ Broad,IJL Trott,Mashrafe Mortaza,0,0,,,,,,,,,
426404,2010,2010-07-10,County Ground,2,41.5,England,Bangladesh,SCJ Broad,IJL Trott,Mashrafe Mortaza,0,0,,,,,,,,,
426404,2010,2010-07-10,County Ground,2,41.6,England,Bangladesh,SCJ Broad,IJL Trott,Mashrafe Mortaza,0,0,,,,,,,,,
426404,2010,2010-07-10,County Ground,2,42.1,England,Bangladesh,IJL Trott,SCJ Broad,Abdur Razzak,0,2,2,,,,,,,,
426404,2010,2010-07-10,County Ground,2,42.2,England,Bangladesh,SCJ Broad,IJL Trott,Abdur Razzak,1,0,,,,,,,,,
426404,2010,2010-07-10,County Ground,2,42.3,England,Bangladesh,IJL Trott,SCJ Broad,Abdur Razzak,0,0,,,,,,,,,
426404,2010,2010-07-10,County Ground,2,42.4,England,Bangladesh,IJL Trott,SCJ Broad,Abdur Razzak,1,0,,,,,,,,,
426404,2010,2010-07-10,County Ground,2,42.5,England,Bangladesh,SCJ Broad,IJL Trott,Abdur Razzak,0,0,,,,,,,,,
426404,2010,2010-07-10,County Ground,2,42.6,England,Bangladesh,SCJ Broad,IJL Trott,Abdur Razzak,1,0,,,,,,,,,
426404,2010,2010-07-10,County Ground,2,42.7,England,Bangladesh,IJL Trott,SCJ Broad,Abdur Razzak,0,0,,,,,,,,,
426404,2010,2010-07-10,County Ground,2,43.1,England,Bangladesh,SCJ Broad,IJL Trott,Shafiul Islam,0,1,1,,,,,,,,
426404,2010,2010-07-10,County Ground,2,43.2,England,Bangladesh,SCJ Broad,IJL Trott,Shafiul Islam,0,0,,,,,,,,,
426404,2010,2010-07-10,County Ground,2,43.3,England,Bangladesh,SCJ Broad,IJL Trott,Shafiul Islam,4,0,,,,,,,,,
426404,2010,2010-07-10,County Ground,2,43.4,England,Bangladesh,SCJ Broad,IJL Trott,Shafiul Islam,0,0,,,,,,,,,
426404,2010,2010-07-10,County Ground,2,43.5,England,Bangladesh,SCJ Broad,IJL Trott,Shafiul Islam,0,0,,,,,,,,,
426404,2010,2010-07-10,County Ground,2,43.6,England,Bangladesh,SCJ Broad,IJL Trott,Shafiul Islam,0,0,,,,,,,,,
426404,2010,2010-07-10,County Ground,2,43.7,England,Bangladesh,SCJ Broad,IJL Trott,Shafiul Islam,0,1,,,,1,,,,,
426404,2010,2010-07-10,County Ground,2,44.1,England,Bangladesh,SCJ Broad,IJL Trott,Rubel Hossain,1,0,,,,,,,,,
426404,2010,2010-07-10,County Ground,2,44.2,England,Bangladesh,IJL Trott,SCJ Broad,Rubel Hossain,1,0,,,,,,,,,
426404,2010,2010-07-10,County Ground,2,44.3,England,Bangladesh,SCJ Broad,IJL Trott,Rubel Hossain,0,0,,,,,,,,,
426404,2010,2010-07-10,County Ground,2,44.4,England,Bangladesh,SCJ Broad,IJL Trott,Rubel Hossain,6,0,,,,,,,,,
426404,2010,2010-07-10,County Ground,2,44.5,England,Bangladesh,SCJ Broad,IJL Trott,Rubel Hossain,0,0,,,,,,,,,
426404,2010,2010-07-10,County Ground,2,44.6,England,Bangladesh,SCJ Broad,IJL Trott,Rubel Hossain,1,0,,,,,,,,,
426404,2010,2010-07-10,County Ground,2,45.1,England,Bangladesh,SCJ Broad,IJL Trott,Shakib Al Hasan,1,0,,,,,,,,,
426404,2010,2010-07-10,County Ground,2,45.2,England,Bangladesh,IJL Trott,SCJ Broad,Shakib Al Hasan,0,0,,,,,,,,,
426404,2010,2010-07-10,County Ground,2,45.3,England,Bangladesh,IJL Trott,SCJ Broad,Shakib Al Hasan,4,0,,,,,,,,,
426404,2010,2010-07-10,County Ground,2,45.4,England,Bangladesh,IJL Trott,SCJ Broad,Shakib Al Hasan,0,0,,,,,,,,,
426404,2010,2010-07-10,County Ground,2,45.5,England,Bangladesh,IJL Trott,SCJ Broad,Shakib Al Hasan,1,0,,,,,,,,,
426404,2010,2010-07-10,County Ground,2,45.6,England,Bangladesh,SCJ Broad,IJL Trott,Shakib Al Hasan,0,1,1,,,,,,,,
426404,2010,2010-07-10,County Ground,2,45.7,England,Bangladesh,SCJ Broad,IJL Trott,Shakib Al Hasan,1,0,,,,,,,,,
426404,2010,2010-07-10,County Ground,2,46.1,England,Bangladesh,SCJ Broad,IJL Trott,Mashrafe Mortaza,0,0,,,,,,caught,SCJ Broad,,
426404,2010,2010-07-10,County Ground,2,46.2,England,Bangladesh,JM Anderson,IJL Trott,Mashrafe Mortaza,1,0,,,,,,,,,
426404,2010,2010-07-10,County Ground,2,46.3,England,Bangladesh,IJL Trott,JM Anderson,Mashrafe Mortaza,1,0,,,,,,,,,
426404,2010,2010-07-10,County Ground,2,46.4,England,Bangladesh,JM Anderson,IJL Trott,Mashrafe Mortaza,0,0,,,,,,,,,
426404,2010,2010-07-10,County Ground,2,46.5,England,Bangladesh,JM Anderson,IJL Trott,Mashrafe Mortaza,0,0,,,,,,,,,
426404,2010,2010-07-10,County Ground,2,46.6,England,Bangladesh,JM Anderson,IJL Trott,Mashrafe Mortaza,0,0,,,,,,,,,
426404,2010,2010-07-10,County Ground,2,47.1,England,Bangladesh,IJL Trott,JM Anderson,Shafiul Islam,1,0,,,,,,,,,
426404,2010,2010-07-10,County Ground,2,47.2,England,Bangladesh,JM Anderson,IJL Trott,Shafiul Islam,0,0,,,,,,,,,
426404,2010,2010-07-10,County Ground,2,47.3,England,Bangladesh,JM Anderson,IJL Trott,Shafiul Islam,1,0,,,,,,,,,
426404,2010,2010-07-10,County Ground,2,47.4,England,Bangladesh,IJL Trott,JM Anderson,Shafiul Islam,0,0,,,,,,,,,
426404,2010,2010-07-10,County Ground,2,47.5,England,Bangladesh,IJL Trott,JM Anderson,Shafiul Islam,0,0,,,,,,,,,
426404,2010,2010-07-10,County Ground,2,47.6,England,Bangladesh,IJL Trott,JM Anderson,Shafiul Islam,1,0,,,,,,,,,
426404,2010,2010-07-10,County Ground,2,48.1,England,Bangladesh,IJL Trott,JM Anderson,Mashrafe Mortaza,2,0,,,,,,,,,
426404,2010,2010-07-10,County Ground,2,48.2,England,Bangladesh,IJL Trott,JM Anderson,Mashrafe Mortaza,4,0,,,,,,,,,
426404,2010,2010-07-10,County Ground,2,48.3,England,Bangladesh,IJL Trott,JM Anderson,Mashrafe Mortaza,4,0,,,,,,,,,
426404,2010,2010-07-10,County Ground,2,48.4,England,Bangladesh,IJL Trott,JM Anderson,Mashrafe Mortaza,2,0,,,,,,,,,
426404,2010,2010-07-10,County Ground,2,48.5,England,Bangladesh,IJL Trott,JM Anderson,Mashrafe Mortaza,1,0,,,,,,,,,
426404,2010,2010-07-10,County Ground,2,48.6,England,Bangladesh,JM Anderson,IJL Trott,Mashrafe Mortaza,0,0,,,,,,caught and bowled,JM Anderson,,
426404,2010,2010-07-10,County Ground,2,49.1,England,Bangladesh,IJL Trott,IR Bell,Shafiul Islam,2,0,,,,,,,,,
426404,2010,2010-07-10,County Ground,2,49.2,England,Bangladesh,IJL Trott,IR Bell,Shafiul Islam,2,0,,,,,,,,,
426404,2010,2010-07-10,County Ground,2,49.3,England,Bangladesh,IJL Trott,IR Bell,Shafiul Islam,0,0,,,,,,caught,IJL Trott,,
