match_id,season,start_date,venue,innings,ball,batting_team,bowling_team,striker,non_striker,bowler,runs_off_bat,extras,wides,noballs,byes,legbyes,penalty,wicket_type,player_dismissed,other_wicket_type,other_player_dismissed
433562,2010/11,2011-02-22,"Vidarbha Cricket Association Stadium, Jamtha",1,0.1,Netherlands,England,AN Kervezee,W Barresi,JM Anderson,1,0,,,,,,,,,
433562,2010/11,2011-02-22,"Vidarbha Cricket Association Stadium, Jamtha",1,0.2,Netherlands,England,W Barresi,AN Kervezee,JM Anderson,0,0,,,,,,,,,
433562,2010/11,2011-02-22,"Vidarbha Cricket Association Stadium, Jamtha",1,0.3,Netherlands,England,W Barresi,AN Kervezee,JM Anderson,4,0,,,,,,,,,
433562,2010/11,2011-02-22,"Vidarbha Cricket Association Stadium, Jamtha",1,0.4,Netherlands,England,W Barresi,AN Kervezee,JM Anderson,0,0,,,,,,,,,
433562,2010/11,2011-02-22,"Vidarbha Cricket Association Stadium, Jamtha",1,0.5,Netherlands,England,W Barresi,AN Kervezee,JM Anderson,0,0,,,,,,,,,
433562,2010/11,2011-02-22,"Vidarbha Cricket Association Stadium, Jamtha",1,0.6,Netherlands,England,W Barresi,AN Kervezee,JM Anderson,2,0,,,,,,,,,
433562,2010/11,2011-02-22,"Vidarbha Cricket Association Stadium, Jamtha",1,1.1,Netherlands,England,AN Kervezee,W Barresi,SCJ Broad,0,0,,,,,,,,,
433562,2010/11,2011-02-22,"Vidarbha Cricket Association Stadium, Jamtha",1,1.2,Netherlands,England,AN Kervezee,W Barresi,SCJ Broad,0,0,,,,,,,,,
433562,2010/11,2011-02-22,"Vidarbha Cricket Association Stadium, Jamtha",1,1.3,Netherlands,England,AN Kervezee,W Barresi,SCJ Broad,0,0,,,,,,,,,
433562,2010/11,2011-02-22,"Vidarbha Cricket Association Stadium, Jamtha",1,1.4,Netherlands,England,AN Kervezee,W Barresi,SCJ Broad,0,0,,,,,,,,,
433562,2010/11,2011-02-22,"Vidarbha Cricket Association Stadium, Jamtha",1,1.5,Netherlands,England,AN Kervezee,W Barresi,SCJ Broad,4,0,,,,,,,,,
433562,2010/11,2011-02-22,"Vidarbha Cricket Association Stadium, Jamtha",1,1.6,Netherlands,England,AN Kervezee,W Barresi,SCJ Broad,1,0,,,,,,,,,
433562,2010/11,2011-02-22,"Vidarbha Cricket Association Stadium, Jamtha",1,2.1,Netherlands,England,AN Kervezee,W Barresi,JM Anderson,0,0,,,,,,,,,
433562,2010/11,2011-02-22,"Vidarbha Cricket Association Stadium, Jamtha",1,2.2,Netherlands,England,AN Kervezee,W Barresi,JM Anderson,0,0,,,,,,,,,
433562,2010/11,2011-02-22,"Vidarbha Cricket Association Stadium, Jamtha",1,2.3,Netherlands,England,AN Kervezee,W Barresi,JM Anderson,0,0,,,,,,,,,
433562,2010/11,2011-02-22,"Vidarbha Cricket Association Stadium, Jamtha",1,2.4,Netherlands,England,AN Kervezee,W Barresi,JM Anderson,4,0,,,,,,,,,
433562,2010/11,2011-02-22,"Vidarbha Cricket Association Stadium, Jamtha",1,2.5,Netherlands,England,AN Kervezee,W Barresi,JM Anderson,0,0,,,,,,,,,
433562,2010/11,2011-02-22,"Vidarbha Cricket Association Stadium, Jamtha",1,2.6,Netherlands,England,AN Kervezee,W Barresi,JM Anderson,1,0,,,,,,,,,
433562,2010/11,2011-02-22,"Vidarbha Cricket Association Stadium, Jamtha",1,3.1,Netherlands,England,AN Kervezee,W Barresi,SCJ Broad,0,0,,,,,,,,,
433562,2010/11,2011-02-22,"Vidarbha Cricket Association Stadium, Jamtha",1,3.2,Netherlands,England,AN Kervezee,W Barresi,SCJ Broad,0,0,,,,,,,,,
433562,2010/11,2011-02-22,"Vidarbha Cricket Association Stadium, Jamtha",1,3.3,Netherlands,England,AN Kervezee,W Barresi,SCJ Broad,0,0,,,,,,,,,
433562,2010/11,2011-02-22,"Vidarbha Cricket Association Stadium, Jamtha",1,3.4,Netherlands,England,AN Kervezee,W Barresi,SCJ Broad,0,0,,,,,,,,,
433562,2010/11,2011-02-22,"Vidarbha Cricket Association Stadium, Jamtha",1,3.5,Netherlands,England,AN Kervezee,W Barresi,SCJ Broad,0,0,,,,,,,,,
433562,2010/11,2011-02-22,"Vidarbha Cricket Association Stadium, Jamtha",1,3.6,Netherlands,England,AN Kervezee,W Barresi,SCJ Broad,0,0,,,,,,,,,
433562,2010/11,2011-02-22,"Vidarbha Cricket Association Stadium, Jamtha",1,4.1,Netherlands,England,W Barresi,AN Kervezee,TT Bresnan,1,0,,,,,,,,,
433562,2010/11,2011-02-22,"Vidarbha Cricket Association Stadium, Jamtha",1,4.2,Netherlands,England,AN Kervezee,W Barresi,TT Bresnan,0,0,,,,,,,,,
433562,2010/11,2011-02-22,"Vidarbha Cricket Association Stadium, Jamtha",1,4.3,Netherlands,England,AN Kervezee,W Barresi,TT Bresnan,1,0,,,,,,,,,
433562,2010/11,2011-02-22,"Vidarbha Cricket Association Stadium, Jamtha",1,4.4,Netherlands,England,W Barresi,AN Kervezee,TT Bresnan,0,0,,,,,,,,,
433562,2010/11,2011-02-22,"Vidarbha Cricket Association Stadium, Jamtha",1,4.5,Netherlands,England,W Barresi,AN Kervezee,TT Bresnan,1,0,,,,,,,,,
433562,2010/11,2011-02-22,"Vidarbha Cricket Association Stadium, Jamtha",1,4.6,Netherlands,England,AN Kervezee,W Barresi,TT Bresnan,1,0,,,,,,,,,
433562,2010/11,2011-02-22,"Vidarbha Cricket Association Stadium, Jamtha",1,5.1,Netherlands,England,AN Kervezee,W Barresi,SCJ Broad,1,0,,,,,,,,,
433562,2010/11,2011-02-22,"Vidarbha Cricket Association Stadium, Jamtha",1,5.2,Netherlands,England,W Barresi,AN Kervezee,SCJ Broad,4,0,,,,,,,,,
433562,2010/11,2011-02-22,"Vidarbha Cricket Association Stadium, Jamtha",1,5.3,Netherlands,England,W Barresi,AN Kervezee,SCJ Broad,4,0,,,,,,,,,
433562,2010/11,2011-02-22,"Vidarbha Cricket Association Stadium, Jamtha",1,5.4,Netherlands,England,W Barresi,AN Kervezee,SCJ Broad,0,0,,,,,,,,,
433562,2010/11,2011-02-22,"Vidarbha Cricket Association Stadium, Jamtha",1,5.5,Netherlands,England,W Barresi,AN Kervezee,SCJ Broad,0,0,,,,,,,,,
433562,2010/11,2011-02-22,"Vidarbha Cricket Association Stadium, Jamtha",1,5.6,Netherlands,England,W Barresi,AN Kervezee,SCJ Broad,4,0,,,,,,,,,
433562,2010/11,2011-02-22,"Vidarbha Cricket Association Stadium, Jamtha",1,6.1,Netherlands,England,AN Kervezee,W Barresi,TT Bresnan,2,0,,,,,,,,,
433562,2010/11,2011-02-22,"Vidarbha Cricket Association Stadium, Jamtha",1,6.2,Netherlands,England,AN Kervezee,W Barresi,TT Bresnan,0,0,,,,,,caught,AN Kervezee,,
433562,2010/11,2011-02-22,"Vidarbha Cricket Association Stadium, Jamtha",1,6.3,Netherlands,England,TLW Cooper,W Barresi,TT Bresnan,4,0,,,,,,,,,
433562,2010/11,2011-02-22,"Vidarbha Cricket Association Stadium, Jamtha",1,6.4,Netherlands,England,TLW Cooper,W Barresi,TT Bresnan,0,0,,,,,,,,,
433562,2010/11,2011-02-22,"Vidarbha Cricket Association Stadium, Jamtha",1,6.5,Netherlands,England,TLW Cooper,W Barresi,TT Bresnan,1,0,,,,,,,,,
433562,2010/11,2011-02-22,"Vidarbha Cricket Association Stadium, Jamtha",1,6.6,Netherlands,England,W Barresi,TLW Cooper,TT Bresnan,0,0,,,,,,,,,
433562,2010/11,2011-02-22,"Vidarbha Cricket Association Stadium, Jamtha",1,7.1,Netherlands,England,TLW Cooper,W Barresi,SCJ Broad,0,0,,,,,,,,,
433562,2010/11,2011-02-22,"Vidarbha Cricket Association Stadium, Jamtha",1,7.2,Netherlands,England,TLW Cooper,W Barresi,SCJ Broad,0,0,,,,,,,,,
433562,2010/11,2011-02-22,"Vidarbha Cricket Association Stadium, Jamtha",1,7.3,Netherlands,England,TLW Cooper,W Barresi,SCJ Broad,0,0,,,,,,,,,
433562,2010/11,2011-02-22,"Vidarbha Cricket Association Stadium, Jamtha",1,7.4,Netherlands,England,TLW Cooper,W Barresi,SCJ Broad,0,0,,,,,,,,,
433562,2010/11,2011-02-22,"Vidarbha Cricket Association Stadium, Jamtha",1,7.5,Netherlands,England,TLW Cooper,W Barresi,SCJ Broad,1,0,,,,,,,,,
433562,2010/11,2011-02-22,"Vidarbha Cricket Association Stadium, Jamtha",1,7.6,Netherlands,England,W Barresi,TLW Cooper,SCJ Broad,4,0,,,,,,,,,
433562,2010/11,2011-02-22,"Vidarbha Cricket Association Stadium, Jamtha",1,8.1,Netherlands,England,TLW Cooper,W Barresi,TT Bresnan,1,0,,,,,,,,,
433562,2010/11,2011-02-22,"Vidarbha Cricket Association Stadium, Jamtha",1,8.2,Netherlands,England,W Barresi,TLW Cooper,TT Bresnan,0,0,,,,,,,,,
433562,2010/11,2011-02-22,"Vidarbha Cricket Association Stadium, Jamtha",1,8.3,Netherlands,England,W Barresi,TLW Cooper,TT Bresnan,0,0,,,,,,,,,
433562,2010/11,2011-02-22,"Vidarbha Cricket Association Stadium, Jamtha",1,8.4,Netherlands,England,W Barresi,TLW Cooper,TT Bresnan,0,0,,,,,,,,,
433562,2010/11,2011-02-22,"Vidarbha Cricket Association Stadium, Jamtha",1,8.5,Netherlands,England,W Barresi,TLW Cooper,TT Bresnan,0,0,,,,,,,,,
433562,2010/11,2011-02-22,"Vidarbha Cricket Association Stadium, Jamtha",1,8.6,Netherlands,England,W Barresi,TLW Cooper,TT Bresnan,0,0,,,,,,,,,
433562,2010/11,2011-02-22,"Vidarbha Cricket Association Stadium, Jamtha",1,9.1,Netherlands,England,TLW Cooper,W Barresi,SCJ Broad,0,0,,,,,,,,,
433562,2010/11,2011-02-22,"Vidarbha Cricket Association Stadium, Jamtha",1,9.2,Netherlands,England,TLW Cooper,W Barresi,SCJ Broad,0,0,,,,,,,,,
433562,2010/11,2011-02-22,"Vidarbha Cricket Association Stadium, Jamtha",1,9.3,Netherlands,England,TLW Cooper,W Barresi,SCJ Broad,0,0,,,,,,,,,
433562,2010/11,2011-02-22,"Vidarbha Cricket Association Stadium, Jamtha",1,9.4,Netherlands,England,TLW Cooper,W Barresi,SCJ Broad,0,0,,,,,,,,,
433562,2010/11,2011-02-22,"Vidarbha Cricket Association Stadium, Jamtha",1,9.5,Netherlands,England,TLW Cooper,W Barresi,SCJ Broad,0,0,,,,,,,,,
433562,2010/11,2011-02-22,"Vidarbha Cricket Association Stadium, Jamtha",1,9.6,Netherlands,England,TLW Cooper,W Barresi,SCJ Broad,0,0,,,,,,,,,
433562,2010/11,2011-02-22,"Vidarbha Cricket Association Stadium, Jamtha",1,10.1,Netherlands,England,W Barresi,TLW Cooper,TT Bresnan,4,0,,,,,,,,,
433562,2010/11,2011-02-22,"Vidarbha Cricket Association Stadium, Jamtha",1,10.2,Netherlands,England,W Barresi,TLW Cooper,TT Bresnan,0,0,,,,,,,,,
433562,2010/11,2011-02-22,"Vidarbha Cricket Association Stadium, Jamtha",1,10.3,Netherlands,England,W Barresi,TLW Cooper,TT Bresnan,0,0,,,,,,,,,
433562,2010/11,2011-02-22,"Vidarbha Cricket Association Stadium, Jamtha",1,10.4,Netherlands,England,W Barresi,TLW Cooper,TT Bresnan,1,0,,,,,,,,,
433562,2010/11,2011-02-22,"Vidarbha Cricket Association Stadium, Jamtha",1,10.5,Netherlands,England,TLW Cooper,W Barresi,TT Bresnan,4,0,,,,,,,,,
433562,2010/11,2011-02-22,"Vidarbha Cricket Association Stadium, Jamtha",1,10.6,Netherlands,England,TLW Cooper,W Barresi,TT Bresnan,1,0,,,,,,,,,
433562,2010/11,2011-02-22,"Vidarbha Cricket Association Stadium, Jamtha",1,11.1,Netherlands,England,TLW Cooper,W Barresi,GP Swann,0,0,,,,,,,,,
433562,2010/11,2011-02-22,"Vidarbha Cricket Association Stadium, Jamtha",1,11.2,Netherlands,England,TLW Cooper,W Barresi,GP Swann,0,0,,,,,,,,,
433562,2010/11,2011-02-22,"Vidarbha Cricket Association Stadium, Jamtha",1,11.3,Netherlands,England,TLW Cooper,W Barresi,GP Swann,1,0,,,,,,,,,
433562,2010/11,2011-02-22,"Vidarbha Cricket Association Stadium, Jamtha",1,11.4,Netherlands,England,W Barresi,TLW Cooper,GP Swann,0,0,,,,,,stumped,W Barresi,,
433562,2010/11,2011-02-22,"Vidarbha Cricket Association Stadium, Jamtha",1,11.5,Netherlands,England,RN ten Doeschate,TLW Cooper,GP Swann,0,0,,,,,,,,,
433562,2010/11,2011-02-22,"Vidarbha Cricket Association Stadium, Jamtha",1,11.6,Netherlands,England,RN ten Doeschate,TLW Cooper,GP Swann,0,0,,,,,,,,,
433562,2010/11,2011-02-22,"Vidarbha Cricket Association Stadium, Jamtha",1,12.1,Netherlands,England,TLW Cooper,RN ten Doeschate,PD Collingwood,0,0,,,,,,,,,
433562,2010/11,2011-02-22,"Vidarbha Cricket Association Stadium, Jamtha",1,12.2,Netherlands,England,TLW Cooper,RN ten Doeschate,PD Collingwood,1,0,,,,,,,,,
433562,2010/11,2011-02-22,"Vidarbha Cricket Association Stadium, Jamtha",1,12.3,Netherlands,England,RN ten Doeschate,TLW Cooper,PD Collingwood,0,0,,,,,,,,,
433562,2010/11,2011-02-22,"Vidarbha Cricket Association Stadium, Jamtha",1,12.4,Netherlands,England,RN ten Doeschate,TLW Cooper,PD Collingwood,0,0,,,,,,,,,
433562,2010/11,2011-02-22,"Vidarbha Cricket Association Stadium, Jamtha",1,12.5,Netherlands,England,RN ten Doeschate,TLW Cooper,PD Collingwood,0,0,,,,,,,,,
433562,2010/11,2011-02-22,"Vidarbha Cricket Association Stadium, Jamtha",1,12.6,Netherlands,England,RN ten Doeschate,TLW Cooper,PD Collingwood,0,0,,,,,,,,,
433562,2010/11,2011-02-22,"Vidarbha Cricket Association Stadium, Jamtha",1,13.1,Netherlands,England,TLW Cooper,RN ten Doeschate,GP Swann,0,0,,,,,,,,,
433562,2010/11,2011-02-22,"Vidarbha Cricket Association Stadium, Jamtha",1,13.2,Netherlands,England,TLW Cooper,RN ten Doeschate,GP Swann,0,0,,,,,,,,,
433562,2010/11,2011-02-22,"Vidarbha Cricket Association Stadium, Jamtha",1,13.3,Netherlands,England,TLW Cooper,RN ten Doeschate,GP Swann,0,0,,,,,,,,,
433562,2010/11,2011-02-22,"Vidarbha Cricket Association Stadium, Jamtha",1,13.4,Netherlands,England,TLW Cooper,RN ten Doeschate,GP Swann,1,0,,,,,,,,,
433562,2010/11,2011-02-22,"Vidarbha Cricket Association Stadium, Jamtha",1,13.5,Netherlands,England,RN ten Doeschate,TLW Cooper,GP Swann,0,0,,,,,,,,,
433562,2010/11,2011-02-22,"Vidarbha Cricket Association Stadium, Jamtha",1,13.6,Netherlands,England,RN ten Doeschate,TLW Cooper,GP Swann,0,0,,,,,,,,,
433562,2010/11,2011-02-22,"Vidarbha Cricket Association Stadium, Jamtha",1,14.1,Netherlands,England,TLW Cooper,RN ten Doeschate,PD Collingwood,0,0,,,,,,,,,
433562,2010/11,2011-02-22,"Vidarbha Cricket Association Stadium, Jamtha",1,14.2,Netherlands,England,TLW Cooper,RN ten Doeschate,PD Collingwood,1,0,,,,,,,,,
433562,2010/11,2011-02-22,"Vidarbha Cricket Association Stadium, Jamtha",1,14.3,Netherlands,England,RN ten Doeschate,TLW Cooper,PD Collingwood,0,0,,,,,,,,,
433562,2010/11,2011-02-22,"Vidarbha Cricket Association Stadium, Jamtha",1,14.4,Netherlands,England,RN ten Doeschate,TLW Cooper,PD Collingwood,0,0,,,,,,,,,
433562,2010/11,2011-02-22,"Vidarbha Cricket Association Stadium, Jamtha",1,14.5,Netherlands,England,RN ten Doeschate,TLW Cooper,PD Collingwood,0,0,,,,,,,,,
433562,2010/11,2011-02-22,"Vidarbha Cricket Association Stadium, Jamtha",1,14.6,Netherlands,England,RN ten Doeschate,TLW Cooper,PD Collingwood,4,0,,,,,,,,,
433562,2010/11,2011-02-22,"Vidarbha Cricket Association Stadium, Jamtha",1,15.1,Netherlands,England,TLW Cooper,RN ten Doeschate,GP Swann,1,0,,,,,,,,,
433562,2010/11,2011-02-22,"Vidarbha Cricket Association Stadium, Jamtha",1,15.2,Netherlands,England,RN ten Doeschate,TLW Cooper,GP Swann,1,0,,,,,,,,,
433562,2010/11,2011-02-22,"Vidarbha Cricket Association Stadium, Jamtha",1,15.3,Netherlands,England,TLW Cooper,RN ten Doeschate,GP Swann,0,0,,,,,,,,,
433562,2010/11,2011-02-22,"Vidarbha Cricket Association Stadium, Jamtha",1,15.4,Netherlands,England,TLW Cooper,RN ten Doeschate,GP Swann,1,0,,,,,,,,,
433562,2010/11,2011-02-22,"Vidarbha Cricket Association Stadium, Jamtha",1,15.5,Netherlands,England,RN ten Doeschate,TLW Cooper,GP Swann,1,0,,,,,,,,,
433562,2010/11,2011-02-22,"Vidarbha Cricket Association Stadium, Jamtha",1,15.6,Netherlands,England,TLW Cooper,RN ten Doeschate,GP Swann,1,0,,,,,,,,,
433562,2010/11,2011-02-22,"Vidarbha Cricket Association Stadium, Jamtha",1,16.1,Netherlands,England,TLW Cooper,RN ten Doeschate,PD Collingwood,1,0,,,,,,,,,
433562,2010/11,2011-02-22,"Vidarbha Cricket Association Stadium, Jamtha",1,16.2,Netherlands,England,RN ten Doeschate,TLW Cooper,PD Collingwood,4,0,,,,,,,,,
433562,2010/11,2011-02-22,"Vidarbha Cricket Association Stadium, Jamtha",1,16.3,Netherlands,England,RN ten Doeschate,TLW Cooper,PD Collingwood,1,0,,,,,,,,,
433562,2010/11,2011-02-22,"Vidarbha Cricket Association Stadium, Jamtha",1,16.4,Netherlands,England,TLW Cooper,RN ten Doeschate,PD Collingwood,0,0,,,,,,,,,
433562,2010/11,2011-02-22,"Vidarbha Cricket Association Stadium, Jamtha",1,16.5,Netherlands,England,TLW Cooper,RN ten Doeschate,PD Collingwood,2,0,,,,,,,,,
433562,2010/11,2011-02-22,"Vidarbha Cricket Association Stadium, Jamtha",1,16.6,Netherlands,England,TLW Cooper,RN ten Doeschate,PD Collingwood,1,0,,,,,,,,,
433562,2010/11,2011-02-22,"Vidarbha Cricket Association Stadium, Jamtha",1,17.1,Netherlands,England,TLW Cooper,RN ten Doeschate,GP Swann,1,0,,,,,,,,,
433562,2010/11,2011-02-22,"Vidarbha Cricket Association Stadium, Jamtha",1,17.2,Netherlands,England,RN ten Doeschate,TLW Cooper,GP Swann,1,0,,,,,,,,,
433562,2010/11,2011-02-22,"Vidarbha Cricket Association Stadium, Jamtha",1,17.3,Netherlands,England,TLW Cooper,RN ten Doeschate,GP Swann,0,0,,,,,,,,,
433562,2010/11,2011-02-22,"Vidarbha Cricket Association Stadium, Jamtha",1,17.4,Netherlands,England,TLW Cooper,RN ten Doeschate,GP Swann,1,0,,,,,,,,,
433562,2010/11,2011-02-22,"Vidarbha Cricket Association Stadium, Jamtha",1,17.5,Netherlands,England,RN ten Doeschate,TLW Cooper,GP Swann,0,0,,,,,,,,,
433562,2010/11,2011-02-22,"Vidarbha Cricket Association Stadium, Jamtha",1,17.6,Netherlands,England,RN ten Doeschate,TLW Cooper,GP Swann,0,0,,,,,,,,,
433562,2010/11,2011-02-22,"Vidarbha Cricket Association Stadium, Jamtha",1,18.1,Netherlands,England,TLW Cooper,RN ten Doeschate,JM Anderson,1,0,,,,,,,,,
433562,2010/11,2011-02-22,"Vidarbha Cricket Association Stadium, Jamtha",1,18.2,Netherlands,England,RN ten Doeschate,TLW Cooper,JM Anderson,0,0,,,,,,,,,
433562,2010/11,2011-02-22,"Vidarbha Cricket Association Stadium, Jamtha",1,18.3,Netherlands,England,RN ten Doeschate,TLW Cooper,JM Anderson,1,0,,,,,,,,,
433562,2010/11,2011-02-22,"Vidarbha Cricket Association Stadium, Jamtha",1,18.4,Netherlands,England,TLW Cooper,RN ten Doeschate,JM Anderson,1,0,,,,,,,,,
433562,2010/11,2011-02-22,"Vidarbha Cricket Association Stadium, Jamtha",1,18.5,Netherlands,England,RN ten Doeschate,TLW Cooper,JM Anderson,2,0,,,,,,,,,
433562,2010/11,2011-02-22,"Vidarbha Cricket Association Stadium, Jamtha",1,18.6,Netherlands,England,RN ten Doeschate,TLW Cooper,JM Anderson,1,0,,,,,,,,,
433562,2010/11,2011-02-22,"Vidarbha Cricket Association Stadium, Jamtha",1,19.1,Netherlands,England,RN ten Doeschate,TLW Cooper,GP Swann,1,0,,,,,,,,,
433562,2010/11,2011-02-22,"Vidarbha Cricket Association Stadium, Jamtha",1,19.2,Netherlands,England,TLW Cooper,RN ten Doeschate,GP Swann,0,0,,,,,,,,,
433562,2010/11,2011-02-22,"Vidarbha Cricket Association Stadium, Jamtha",1,19.3,Netherlands,England,TLW Cooper,RN ten Doeschate,GP Swann,0,0,,,,,,,,,
433562,2010/11,2011-02-22,"Vidarbha Cricket Association Stadium, Jamtha",1,19.4,Netherlands,England,TLW Cooper,RN ten Doeschate,GP Swann,0,0,,,,,,,,,
433562,2010/11,2011-02-22,"Vidarbha Cricket Association Stadium, Jamtha",1,19.5,Netherlands,England,TLW Cooper,RN ten Doeschate,GP Swann,1,0,,,,,,,,,
433562,2010/11,2011-02-22,"Vidarbha Cricket Association Stadium, Jamtha",1,19.6,Netherlands,England,RN ten Doeschate,TLW Cooper,GP Swann,0,0,,,,,,,,,
433562,2010/11,2011-02-22,"Vidarbha Cricket Association Stadium, Jamtha",1,20.1,Netherlands,England,TLW Cooper,RN ten Doeschate,JM Anderson,0,0,,,,,,,,,
433562,2010/11,2011-02-22,"Vidarbha Cricket Association Stadium, Jamtha",1,20.2,Netherlands,England,TLW Cooper,RN ten Doeschate,JM Anderson,1,0,,,,,,,,,
433562,2010/11,2011-02-22,"Vidarbha Cricket Association Stadium, Jamtha",1,20.3,Netherlands,England,RN ten Doeschate,TLW Cooper,JM Anderson,1,0,,,,,,,,,
433562,2010/11,2011-02-22,"Vidarbha Cricket Association Stadium, Jamtha",1,20.4,Netherlands,England,TLW Cooper,RN ten Doeschate,JM Anderson,0,0,,,,,,,,,
433562,2010/11,2011-02-22,"Vidarbha Cricket Association Stadium, Jamtha",1,20.5,Netherlands,England,TLW Cooper,RN ten Doeschate,JM Anderson,1,0,,,,,,,,,
433562,2010/11,2011-02-22,"Vidarbha Cricket Association Stadium, Jamtha",1,20.6,Netherlands,England,RN ten Doeschate,TLW Cooper,JM Anderson,1,0,,,,,,,,,
433562,2010/11,2011-02-22,"Vidarbha Cricket Association Stadium, Jamtha",1,21.1,Netherlands,England,RN ten Doeschate,TLW Cooper,GP Swann,0,0,,,,,,,,,
433562,2010/11,2011-02-22,"Vidarbha Cricket Association Stadium, Jamtha",1,21.2,Netherlands,England,RN ten Doeschate,TLW Cooper,GP Swann,0,0,,,,,,,,,
433562,2010/11,2011-02-22,"Vidarbha Cricket Association Stadium, Jamtha",1,21.3,Netherlands,England,RN ten Doeschate,TLW Cooper,GP Swann,1,0,,,,,,,,,
433562,2010/11,2011-02-22,"Vidarbha Cricket Association Stadium, Jamtha",1,21.4,Netherlands,England,TLW Cooper,RN ten Doeschate,GP Swann,0,0,,,,,,,,,
433562,2010/11,2011-02-22,"Vidarbha Cricket Association Stadium, Jamtha",1,21.5,Netherlands,England,TLW Cooper,RN ten Doeschate,GP Swann,0,0,,,,,,,,,
433562,2010/11,2011-02-22,"Vidarbha Cricket Association Stadium, Jamtha",1,21.6,Netherlands,England,TLW Cooper,RN ten Doeschate,GP Swann,1,0,,,,,,,,,
433562,2010/11,2011-02-22,"Vidarbha Cricket Association Stadium, Jamtha",1,22.1,Netherlands,England,TLW Cooper,RN ten Doeschate,JM Anderson,1,0,,,,,,,,,
433562,2010/11,2011-02-22,"Vidarbha Cricket Association Stadium, Jamtha",1,22.2,Netherlands,England,RN ten Doeschate,TLW Cooper,JM Anderson,1,0,,,,,,,,,
433562,2010/11,2011-02-22,"Vidarbha Cricket Association Stadium, Jamtha",1,22.3,Netherlands,England,TLW Cooper,RN ten Doeschate,JM Anderson,0,0,,,,,,,,,
433562,2010/11,2011-02-22,"Vidarbha Cricket Association Stadium, Jamtha",1,22.4,Netherlands,England,TLW Cooper,RN ten Doeschate,JM Anderson,1,0,,,,,,,,,
433562,2010/11,2011-02-22,"Vidarbha Cricket Association Stadium, Jamtha",1,22.5,Netherlands,England,RN ten Doeschate,TLW Cooper,JM Anderson,1,0,,,,,,,,,
433562,2010/11,2011-02-22,"Vidarbha Cricket Association Stadium, Jamtha",1,22.6,Netherlands,England,TLW Cooper,RN ten Doeschate,JM Anderson,1,0,,,,,,,,,
433562,2010/11,2011-02-22,"Vidarbha Cricket Association Stadium, Jamtha",1,23.1,Netherlands,England,TLW Cooper,RN ten Doeschate,KP Pietersen,0,0,,,,,,,,,
433562,2010/11,2011-02-22,"Vidarbha Cricket Association Stadium, Jamtha",1,23.2,Netherlands,England,TLW Cooper,RN ten Doeschate,KP Pietersen,4,0,,,,,,,,,
433562,2010/11,2011-02-22,"Vidarbha Cricket Association Stadium, Jamtha",1,23.3,Netherlands,England,TLW Cooper,RN ten Doeschate,KP Pietersen,1,0,,,,,,,,,
433562,2010/11,2011-02-22,"Vidarbha Cricket Association Stadium, Jamtha",1,23.4,Netherlands,England,RN ten Doeschate,TLW Cooper,KP Pietersen,1,0,,,,,,,,,
433562,2010/11,2011-02-22,"Vidarbha Cricket Association Stadium, Jamtha",1,23.5,Netherlands,England,TLW Cooper,RN ten Doeschate,KP Pietersen,2,0,,,,,,,,,
433562,2010/11,2011-02-22,"Vidarbha Cricket Association Stadium, Jamtha",1,23.6,Netherlands,England,TLW Cooper,RN ten Doeschate,KP Pietersen,0,0,,,,,,,,,
433562,2010/11,2011-02-22,"Vidarbha Cricket Association Stadium, Jamtha",1,24.1,Netherlands,England,RN ten Doeschate,TLW Cooper,PD Collingwood,4,0,,,,,,,,,
433562,2010/11,2011-02-22,"Vidarbha Cricket Association Stadium, Jamtha",1,24.2,Netherlands,England,RN ten Doeschate,TLW Cooper,PD Collingwood,0,0,,,,,,,,,
433562,2010/11,2011-02-22,"Vidarbha Cricket Association Stadium, Jamtha",1,24.3,Netherlands,England,RN ten Doeschate,TLW Cooper,PD Collingwood,4,0,,,,,,,,,
433562,2010/11,2011-02-22,"Vidarbha Cricket Association Stadium, Jamtha",1,24.4,Netherlands,England,RN ten Doeschate,TLW Cooper,PD Collingwood,1,0,,,,,,,,,
433562,2010/11,2011-02-22,"Vidarbha Cricket Association Stadium, Jamtha",1,24.5,Netherlands,England,TLW Cooper,RN ten Doeschate,PD Collingwood,0,0,,,,,,,,,
433562,2010/11,2011-02-22,"Vidarbha Cricket Association Stadium, Jamtha",1,24.6,Netherlands,England,TLW Cooper,RN ten Doeschate,PD Collingwood,1,0,,,,,,,,,
433562,2010/11,2011-02-22,"Vidarbha Cricket Association Stadium, Jamtha",1,25.1,Netherlands,England,TLW Cooper,RN ten Doeschate,KP Pietersen,1,0,,,,,,,,,
433562,2010/11,2011-02-22,"Vidarbha Cricket Association Stadium, Jamtha",1,25.2,Netherlands,England,RN ten Doeschate,TLW Cooper,KP Pietersen,0,0,,,,,,,,,
433562,2010/11,2011-02-22,"Vidarbha Cricket Association Stadium, Jamtha",1,25.3,Netherlands,England,RN ten Doeschate,TLW Cooper,KP Pietersen,0,0,,,,,,,,,
433562,2010/11,2011-02-22,"Vidarbha Cricket Association Stadium, Jamtha",1,25.4,Netherlands,England,RN ten Doeschate,TLW Cooper,KP Pietersen,6,0,,,,,,,,,
433562,2010/11,2011-02-22,"Vidarbha Cricket Association Stadium, Jamtha",1,25.5,Netherlands,England,RN ten Doeschate,TLW Cooper,KP Pietersen,3,0,,,,,,,,,
433562,2010/11,2011-02-22,"Vidarbha Cricket Association Stadium, Jamtha",1,25.6,Netherlands,England,TLW Cooper,RN ten Doeschate,KP Pietersen,1,0,,,,,,,,,
433562,2010/11,2011-02-22,"Vidarbha Cricket Association Stadium, Jamtha",1,26.1,Netherlands,England,TLW Cooper,RN ten Doeschate,PD Collingwood,0,0,,,,,,,,,
433562,2010/11,2011-02-22,"Vidarbha Cricket Association Stadium, Jamtha",1,26.2,Netherlands,England,TLW Cooper,RN ten Doeschate,PD Collingwood,1,0,,,,,,,,,
433562,2010/11,2011-02-22,"Vidarbha Cricket Association Stadium, Jamtha",1,26.3,Netherlands,England,RN ten Doeschate,TLW Cooper,PD Collingwood,0,0,,,,,,,,,
433562,2010/11,2011-02-22,"Vidarbha Cricket Association Stadium, Jamtha",1,26.4,Netherlands,England,RN ten Doeschate,TLW Cooper,PD Collingwood,0,0,,,,,,,,,
433562,2010/11,2011-02-22,"Vidarbha Cricket Association Stadium, Jamtha",1,26.5,Netherlands,England,RN ten Doeschate,TLW Cooper,PD Collingwood,1,0,,,,,,,,,
433562,2010/11,2011-02-22,"Vidarbha Cricket Association Stadium, Jamtha",1,26.6,Netherlands,England,TLW Cooper,RN ten Doeschate,PD Collingwood,0,0,,,,,,,,,
433562,2010/11,2011-02-22,"Vidarbha Cricket Association Stadium, Jamtha",1,27.1,Netherlands,England,RN ten Doeschate,TLW Cooper,TT Bresnan,1,0,,,,,,,,,
433562,2010/11,2011-02-22,"Vidarbha Cricket Association Stadium, Jamtha",1,27.2,Netherlands,England,TLW Cooper,RN ten Doeschate,TT Bresnan,0,0,,,,,,,,,
433562,2010/11,2011-02-22,"Vidarbha Cricket Association Stadium, Jamtha",1,27.3,Netherlands,England,TLW Cooper,RN ten Doeschate,TT Bresnan,0,0,,,,,,,,,
433562,2010/11,2011-02-22,"Vidarbha Cricket Association Stadium, Jamtha",1,27.4,Netherlands,England,TLW Cooper,RN ten Doeschate,TT Bresnan,1,0,,,,,,,,,
433562,2010/11,2011-02-22,"Vidarbha Cricket Association Stadium, Jamtha",1,27.5,Netherlands,England,RN ten Doeschate,TLW Cooper,TT Bresnan,0,1,,,,1,,,,,
433562,2010/11,2011-02-22,"Vidarbha Cricket Association Stadium, Jamtha",1,27.6,Netherlands,England,TLW Cooper,RN ten Doeschate,TT Bresnan,1,0,,,,,,,,,
433562,2010/11,2011-02-22,"Vidarbha Cricket Association Stadium, Jamtha",1,28.1,Netherlands,England,TLW Cooper,RN ten Doeschate,PD Collingwood,0,0,,,,,,caught,TLW Cooper,,
433562,2010/11,2011-02-22,"Vidarbha Cricket Association Stadium, Jamtha",1,28.2,Netherlands,England,B Zuiderent,RN ten Doeschate,PD Collingwood,0,0,,,,,,,,,
433562,2010/11,2011-02-22,"Vidarbha Cricket Association Stadium, Jamtha",1,28.3,Netherlands,England,B Zuiderent,RN ten Doeschate,PD Collingwood,1,0,,,,,,,,,
433562,2010/11,2011-02-22,"Vidarbha Cricket Association Stadium, Jamtha",1,28.4,Netherlands,England,RN ten Doeschate,B Zuiderent,PD Collingwood,0,0,,,,,,,,,
433562,2010/11,2011-02-22,"Vidarbha Cricket Association Stadium, Jamtha",1,28.5,Netherlands,England,RN ten Doeschate,B Zuiderent,PD Collingwood,0,0,,,,,,,,,
433562,2010/11,2011-02-22,"Vidarbha Cricket Association Stadium, Jamtha",1,28.6,Netherlands,England,RN ten Doeschate,B Zuiderent,PD Collingwood,0,0,,,,,,,,,
433562,2010/11,2011-02-22,"Vidarbha Cricket Association Stadium, Jamtha",1,29.1,Netherlands,England,B Zuiderent,RN ten Doeschate,TT Bresnan,0,1,1,,,,,,,,
433562,2010/11,2011-02-22,"Vidarbha Cricket Association Stadium, Jamtha",1,29.2,Netherlands,England,B Zuiderent,RN ten Doeschate,TT Bresnan,0,0,,,,,,,,,
433562,2010/11,2011-02-22,"Vidarbha Cricket Association Stadium, Jamtha",1,29.3,Netherlands,England,B Zuiderent,RN ten Doeschate,TT Bresnan,0,1,,,,1,,,,,
433562,2010/11,2011-02-22,"Vidarbha Cricket Association Stadium, Jamtha",1,29.4,Netherlands,England,RN ten Doeschate,B Zuiderent,TT Bresnan,0,0,,,,,,,,,
433562,2010/11,2011-02-22,"Vidarbha Cricket Association Stadium, Jamtha",1,29.5,Netherlands,England,RN ten Doeschate,B Zuiderent,TT Bresnan,0,0,,,,,,,,,
433562,2010/11,2011-02-22,"Vidarbha Cricket Association Stadium, Jamtha",1,29.6,Netherlands,England,RN ten Doeschate,B Zuiderent,TT Bresnan,2,0,,,,,,,,,
433562,2010/11,2011-02-22,"Vidarbha Cricket Association Stadium, Jamtha",1,29.7,Netherlands,England,RN ten Doeschate,B Zuiderent,TT Bresnan,0,1,,,,1,,,,,
433562,2010/11,2011-02-22,"Vidarbha Cricket Association Stadium, Jamtha",1,30.1,Netherlands,England,RN ten Doeschate,B Zuiderent,GP Swann,2,0,,,,,,,,,
433562,2010/11,2011-02-22,"Vidarbha Cricket Association Stadium, Jamtha",1,30.2,Netherlands,England,RN ten Doeschate,B Zuiderent,GP Swann,0,0,,,,,,,,,
433562,2010/11,2011-02-22,"Vidarbha Cricket Association Stadium, Jamtha",1,30.3,Netherlands,England,RN ten Doeschate,B Zuiderent,GP Swann,0,0,,,,,,,,,
433562,2010/11,2011-02-22,"Vidarbha Cricket Association Stadium, Jamtha",1,30.4,Netherlands,England,RN ten Doeschate,B Zuiderent,GP Swann,2,0,,,,,,,,,
433562,2010/11,2011-02-22,"Vidarbha Cricket Association Stadium, Jamtha",1,30.5,Netherlands,England,RN ten Doeschate,B Zuiderent,GP Swann,0,0,,,,,,,,,
433562,2010/11,2011-02-22,"Vidarbha Cricket Association Stadium, Jamtha",1,30.6,Netherlands,England,RN ten Doeschate,B Zuiderent,GP Swann,1,0,,,,,,,,,
433562,2010/11,2011-02-22,"Vidarbha Cricket Association Stadium, Jamtha",1,31.1,Netherlands,England,RN ten Doeschate,B Zuiderent,TT Bresnan,0,0,,,,,,,,,
433562,2010/11,2011-02-22,"Vidarbha Cricket Association Stadium, Jamtha",1,31.2,Netherlands,England,RN ten Doeschate,B Zuiderent,TT Bresnan,0,0,,,,,,,,,
433562,2010/11,2011-02-22,"Vidarbha Cricket Association Stadium, Jamtha",1,31.3,Netherlands,England,RN ten Doeschate,B Zuiderent,TT Bresnan,0,0,,,,,,,,,
433562,2010/11,2011-02-22,"Vidarbha Cricket Association Stadium, Jamtha",1,31.4,Netherlands,England,RN ten Doeschate,B Zuiderent,TT Bresnan,1,0,,,,,,,,,
433562,2010/11,2011-02-22,"Vidarbha Cricket Association Stadium, Jamtha",1,31.5,Netherlands,England,B Zuiderent,RN ten Doeschate,TT Bresnan,0,0,,,,,,,,,
433562,2010/11,2011-02-22,"Vidarbha Cricket Association Stadium, Jamtha",1,31.6,Netherlands,England,B Zuiderent,RN ten Doeschate,TT Bresnan,0,0,,,,,,,,,
433562,2010/11,2011-02-22,"Vidarbha Cricket Association Stadium, Jamtha",1,32.1,Netherlands,England,RN ten Doeschate,B Zuiderent,GP Swann,1,0,,,,,,,,,
433562,2010/11,2011-02-22,"Vidarbha Cricket Association Stadium, Jamtha",1,32.2,Netherlands,England,B Zuiderent,RN ten Doeschate,GP Swann,0,0,,,,,,,,,
433562,2010/11,2011-02-22,"Vidarbha Cricket Association Stadium, Jamtha",1,32.3,Netherlands,England,B Zuiderent,RN ten Doeschate,GP Swann,0,0,,,,,,,,,
433562,2010/11,2011-02-22,"Vidarbha Cricket Association Stadium, Jamtha",1,32.4,Netherlands,England,B Zuiderent,RN ten Doeschate,GP Swann,0,0,,,,,,,,,
433562,2010/11,2011-02-22,"Vidarbha Cricket Association Stadium, Jamtha",1,32.5,Netherlands,England,B Zuiderent,RN ten Doeschate,GP Swann,0,0,,,,,,caught,B Zuiderent,,
433562,2010/11,2011-02-22,"Vidarbha Cricket Association Stadium, Jamtha",1,32.6,Netherlands,England,TN de Grooth,RN ten Doeschate,GP Swann,0,0,,,,,,,,,
433562,2010/11,2011-02-22,"Vidarbha Cricket Association Stadium, Jamtha",1,33.1,Netherlands,England,RN ten Doeschate,TN de Grooth,TT Bresnan,0,0,,,,,,,,,
433562,2010/11,2011-02-22,"Vidarbha Cricket Association Stadium, Jamtha",1,33.2,Netherlands,England,RN ten Doeschate,TN de Grooth,TT Bresnan,0,0,,,,,,,,,
433562,2010/11,2011-02-22,"Vidarbha Cricket Association Stadium, Jamtha",1,33.3,Netherlands,England,RN ten Doeschate,TN de Grooth,TT Bresnan,2,0,,,,,,,,,
433562,2010/11,2011-02-22,"Vidarbha Cricket Association Stadium, Jamtha",1,33.4,Netherlands,England,RN ten Doeschate,TN de Grooth,TT Bresnan,0,0,,,,,,,,,
433562,2010/11,2011-02-22,"Vidarbha Cricket Association Stadium, Jamtha",1,33.5,Netherlands,England,RN ten Doeschate,TN de Grooth,TT Bresnan,1,0,,,,,,,,,
433562,2010/11,2011-02-22,"Vidarbha Cricket Association Stadium, Jamtha",1,33.6,Netherlands,England,TN de Grooth,RN ten Doeschate,TT Bresnan,0,0,,,,,,,,,
433562,2010/11,2011-02-22,"Vidarbha Cricket Association Stadium, Jamtha",1,34.1,Netherlands,England,RN ten Doeschate,TN de Grooth,GP Swann,0,0,,,,,,,,,
433562,2010/11,2011-02-22,"Vidarbha Cricket Association Stadium, Jamtha",1,34.2,Netherlands,England,RN ten Doeschate,TN de Grooth,GP Swann,0,0,,,,,,,,,
433562,2010/11,2011-02-22,"Vidarbha Cricket Association Stadium, Jamtha",1,34.3,Netherlands,England,RN ten Doeschate,TN de Grooth,GP Swann,1,0,,,,,,,,,
433562,2010/11,2011-02-22,"Vidarbha Cricket Association Stadium, Jamtha",1,34.4,Netherlands,England,TN de Grooth,RN ten Doeschate,GP Swann,3,0,,,,,,,,,
433562,2010/11,2011-02-22,"Vidarbha Cricket Association Stadium, Jamtha",1,34.5,Netherlands,England,RN ten Doeschate,TN de Grooth,GP Swann,0,0,,,,,,,,,
433562,2010/11,2011-02-22,"Vidarbha Cricket Association Stadium, Jamtha",1,34.6,Netherlands,England,RN ten Doeschate,TN de Grooth,GP Swann,6,0,,,,,,,,,
433562,2010/11,2011-02-22,"Vidarbha Cricket Association Stadium, Jamtha",1,35.1,Netherlands,England,TN de Grooth,RN ten Doeschate,SCJ Broad,0,0,,,,,,,,,
433562,2010/11,2011-02-22,"Vidarbha Cricket Association Stadium, Jamtha",1,35.2,Netherlands,England,TN de Grooth,RN ten Doeschate,SCJ Broad,0,0,,,,,,,,,
433562,2010/11,2011-02-22,"Vidarbha Cricket Association Stadium, Jamtha",1,35.3,Netherlands,England,TN de Grooth,RN ten Doeschate,SCJ Broad,2,0,,,,,,,,,
433562,2010/11,2011-02-22,"Vidarbha Cricket Association Stadium, Jamtha",1,35.4,Netherlands,England,TN de Grooth,RN ten Doeschate,SCJ Broad,1,0,,,,,,,,,
433562,2010/11,2011-02-22,"Vidarbha Cricket Association Stadium, Jamtha",1,35.5,Netherlands,England,RN ten Doeschate,TN de Grooth,SCJ Broad,0,0,,,,,,,,,
433562,2010/11,2011-02-22,"Vidarbha Cricket Association Stadium, Jamtha",1,35.6,Netherlands,England,RN ten Doeschate,TN de Grooth,SCJ Broad,1,0,,,,,,,,,
433562,2010/11,2011-02-22,"Vidarbha Cricket Association Stadium, Jamtha",1,36.1,Netherlands,England,RN ten Doeschate,TN de Grooth,GP Swann,1,0,,,,,,,,,
433562,2010/11,2011-02-22,"Vidarbha Cricket Association Stadium, Jamtha",1,36.2,Netherlands,England,TN de Grooth,RN ten Doeschate,GP Swann,4,0,,,,,,,,,
433562,2010/11,2011-02-22,"Vidarbha Cricket Association Stadium, Jamtha",1,36.3,Netherlands,England,TN de Grooth,RN ten Doeschate,GP Swann,0,0,,,,,,,,,
433562,2010/11,2011-02-22,"Vidarbha Cricket Association Stadium, Jamtha",1,36.4,Netherlands,England,TN de Grooth,RN ten Doeschate,GP Swann,0,0,,,,,,,,,
433562,2010/11,2011-02-22,"Vidarbha Cricket Association Stadium, Jamtha",1,36.5,Netherlands,England,TN de Grooth,RN ten Doeschate,GP Swann,0,0,,,,,,,,,
433562,2010/11,2011-02-22,"Vidarbha Cricket Association Stadium, Jamtha",1,36.6,Netherlands,England,TN de Grooth,RN ten Doeschate,GP Swann,0,0,,,,,,,,,
433562,2010/11,2011-02-22,"Vidarbha Cricket Association Stadium, Jamtha",1,37.1,Netherlands,England,RN ten Doeschate,TN de Grooth,SCJ Broad,1,0,,,,,,,,,
433562,2010/11,2011-02-22,"Vidarbha Cricket Association Stadium, Jamtha",1,37.2,Netherlands,England,TN de Grooth,RN ten Doeschate,SCJ Broad,0,0,,,,,,,,,
433562,2010/11,2011-02-22,"Vidarbha Cricket Association Stadium, Jamtha",1,37.3,Netherlands,England,TN de Grooth,RN ten Doeschate,SCJ Broad,2,0,,,,,,,,,
433562,2010/11,2011-02-22,"Vidarbha Cricket Association Stadium, Jamtha",1,37.4,Netherlands,England,TN de Grooth,RN ten Doeschate,SCJ Broad,0,0,,,,,,,,,
433562,2010/11,2011-02-22,"Vidarbha Cricket Association Stadium, Jamtha",1,37.5,Netherlands,England,TN de Grooth,RN ten Doeschate,SCJ Broad,4,0,,,,,,,,,
433562,2010/11,2011-02-22,"Vidarbha Cricket Association Stadium, Jamtha",1,37.6,Netherlands,England,TN de Grooth,RN ten Doeschate,SCJ Broad,1,0,,,,,,,,,
433562,2010/11,2011-02-22,"Vidarbha Cricket Association Stadium, Jamtha",1,38.1,Netherlands,England,TN de Grooth,RN ten Doeschate,PD Collingwood,1,0,,,,,,,,,
433562,2010/11,2011-02-22,"Vidarbha Cricket Association Stadium, Jamtha",1,38.2,Netherlands,England,RN ten Doeschate,TN de Grooth,PD Collingwood,0,0,,,,,,,,,
433562,2010/11,2011-02-22,"Vidarbha Cricket Association Stadium, Jamtha",1,38.3,Netherlands,England,RN ten Doeschate,TN de Grooth,PD Collingwood,1,0,,,,,,,,,
433562,2010/11,2011-02-22,"Vidarbha Cricket Association Stadium, Jamtha",1,38.4,Netherlands,England,TN de Grooth,RN ten Doeschate,PD Collingwood,4,0,,,,,,,,,
433562,2010/11,2011-02-22,"Vidarbha Cricket Association Stadium, Jamtha",1,38.5,Netherlands,England,TN de Grooth,RN ten Doeschate,PD Collingwood,1,0,,,,,,,,,
433562,2010/11,2011-02-22,"Vidarbha Cricket Association Stadium, Jamtha",1,38.6,Netherlands,England,RN ten Doeschate,TN de Grooth,PD Collingwood,0,0,,,,,,,,,
433562,2010/11,2011-02-22,"Vidarbha Cricket Association Stadium, Jamtha",1,39.1,Netherlands,England,TN de Grooth,RN ten Doeschate,JM Anderson,0,0,,,,,,,,,
433562,2010/11,2011-02-22,"Vidarbha Cricket Association Stadium, Jamtha",1,39.2,Netherlands,England,TN de Grooth,RN ten Doeschate,JM Anderson,0,0,,,,,,,,,
433562,2010/11,2011-02-22,"Vidarbha Cricket Association Stadium, Jamtha",1,39.3,Netherlands,England,TN de Grooth,RN ten Doeschate,JM Anderson,1,0,,,,,,,,,
433562,2010/11,2011-02-22,"Vidarbha Cricket Association Stadium, Jamtha",1,39.4,Netherlands,England,RN ten Doeschate,TN de Grooth,JM Anderson,0,0,,,,,,,,,
433562,2010/11,2011-02-22,"Vidarbha Cricket Association Stadium, Jamtha",1,39.5,Netherlands,England,RN ten Doeschate,TN de Grooth,JM Anderson,1,0,,,,,,,,,
433562,2010/11,2011-02-22,"Vidarbha Cricket Association Stadium, Jamtha",1,39.6,Netherlands,England,TN de Grooth,RN ten Doeschate,JM Anderson,0,0,,,,,,,,,
433562,2010/11,2011-02-22,"Vidarbha Cricket Association Stadium, Jamtha",1,40.1,Netherlands,England,RN ten Doeschate,TN de Grooth,PD Collingwood,0,0,,,,,,,,,
433562,2010/11,2011-02-22,"Vidarbha Cricket Association Stadium, Jamtha",1,40.2,Netherlands,England,RN ten Doeschate,TN de Grooth,PD Collingwood,6,0,,,,,,,,,
433562,2010/11,2011-02-22,"Vidarbha Cricket Association Stadium, Jamtha",1,40.3,Netherlands,England,RN ten Doeschate,TN de Grooth,PD Collingwood,1,0,,,,,,,,,
433562,2010/11,2011-02-22,"Vidarbha Cricket Association Stadium, Jamtha",1,40.4,Netherlands,England,TN de Grooth,RN ten Doeschate,PD Collingwood,1,0,,,,,,,,,
433562,2010/11,2011-02-22,"Vidarbha Cricket Association Stadium, Jamtha",1,40.5,Netherlands,England,RN ten Doeschate,TN de Grooth,PD Collingwood,2,0,,,,,,,,,
433562,2010/11,2011-02-22,"Vidarbha Cricket Association Stadium, Jamtha",1,40.6,Netherlands,England,RN ten Doeschate,TN de Grooth,PD Collingwood,1,0,,,,,,,,,
433562,2010/11,2011-02-22,"Vidarbha Cricket Association Stadium, Jamtha",1,41.1,Netherlands,England,RN ten Doeschate,TN de Grooth,JM Anderson,1,0,,,,,,,,,
433562,2010/11,2011-02-22,"Vidarbha Cricket Association Stadium, Jamtha",1,41.2,Netherlands,England,TN de Grooth,RN ten Doeschate,JM Anderson,0,0,,,,,,,,,
433562,2010/11,2011-02-22,"Vidarbha Cricket Association Stadium, Jamtha",1,41.3,Netherlands,England,TN de Grooth,RN ten Doeschate,JM Anderson,2,0,,,,,,,,,
433562,2010/11,2011-02-22,"Vidarbha Cricket Association Stadium, Jamtha",1,41.4,Netherlands,England,TN de Grooth,RN ten Doeschate,JM Anderson,1,0,,,,,,,,,
433562,2010/11,2011-02-22,"Vidarbha Cricket Association Stadium, Jamtha",1,41.5,Netherlands,England,RN ten Doeschate,TN de Grooth,JM Anderson,4,0,,,,,,,,,
433562,2010/11,2011-02-22,"Vidarbha Cricket Association Stadium, Jamtha",1,41.6,Netherlands,England,RN ten Doeschate,TN de Grooth,JM Anderson,2,0,,,,,,,,,
433562,2010/11,2011-02-22,"Vidarbha Cricket Association Stadium, Jamtha",1,42.1,Netherlands,England,TN de Grooth,RN ten Doeschate,SCJ Broad,0,1,,,1,,,,,,
433562,2010/11,2011-02-22,"Vidarbha Cricket Association Stadium, Jamtha",1,42.2,Netherlands,England,RN ten Doeschate,TN de Grooth,SCJ Broad,2,0,,,,,,,,,
433562,2010/11,2011-02-22,"Vidarbha Cricket Association Stadium, Jamtha",1,42.3,Netherlands,England,RN ten Doeschate,TN de Grooth,SCJ Broad,1,0,,,,,,,,,
433562,2010/11,2011-02-22,"Vidarbha Cricket Association Stadium, Jamtha",1,42.4,Netherlands,England,TN de Grooth,RN ten Doeschate,SCJ Broad,0,0,,,,,,,,,
433562,2010/11,2011-02-22,"Vidarbha Cricket Association Stadium, Jamtha",1,42.5,Netherlands,England,TN de Grooth,RN ten Doeschate,SCJ Broad,0,0,,,,,,bowled,TN de Grooth,,
433562,2010/11,2011-02-22,"Vidarbha Cricket Association Stadium, Jamtha",1,42.6,Netherlands,England,PW Borren,RN ten Doeschate,SCJ Broad,1,0,,,,,,,,,
433562,2010/11,2011-02-22,"Vidarbha Cricket Association Stadium, Jamtha",1,43.1,Netherlands,England,PW Borren,RN ten Doeschate,TT Bresnan,0,0,,,,,,,,,
433562,2010/11,2011-02-22,"Vidarbha Cricket Association Stadium, Jamtha",1,43.2,Netherlands,England,PW Borren,RN ten Doeschate,TT Bresnan,1,0,,,,,,,,,
433562,2010/11,2011-02-22,"Vidarbha Cricket Association Stadium, Jamtha",1,43.3,Netherlands,England,RN ten Doeschate,PW Borren,TT Bresnan,4,0,,,,,,,,,
433562,2010/11,2011-02-22,"Vidarbha Cricket Association Stadium, Jamtha",1,43.4,Netherlands,England,RN ten Doeschate,PW Borren,TT Bresnan,4,0,,,,,,,,,
433562,2010/11,2011-02-22,"Vidarbha Cricket Association Stadium, Jamtha",1,43.5,Netherlands,England,RN ten Doeschate,PW Borren,TT Bresnan,1,0,,,,,,,,,
433562,2010/11,2011-02-22,"Vidarbha Cricket Association Stadium, Jamtha",1,43.6,Netherlands,England,PW Borren,RN ten Doeschate,TT Bresnan,1,0,,,,,,,,,
433562,2010/11,2011-02-22,"Vidarbha Cricket Association Stadium, Jamtha",1,44.1,Netherlands,England,PW Borren,RN ten Doeschate,SCJ Broad,1,0,,,,,,,,,
433562,2010/11,2011-02-22,"Vidarbha Cricket Association Stadium, Jamtha",1,44.2,Netherlands,England,RN ten Doeschate,PW Borren,SCJ Broad,2,0,,,,,,,,,
433562,2010/11,2011-02-22,"Vidarbha Cricket Association Stadium, Jamtha",1,44.3,Netherlands,England,RN ten Doeschate,PW Borren,SCJ Broad,5,0,,,,,,,,,
433562,2010/11,2011-02-22,"Vidarbha Cricket Association Stadium, Jamtha",1,44.4,Netherlands,England,PW Borren,RN ten Doeschate,SCJ Broad,1,0,,,,,,,,,
433562,2010/11,2011-02-22,"Vidarbha Cricket Association Stadium, Jamtha",1,44.5,Netherlands,England,RN ten Doeschate,PW Borren,SCJ Broad,4,0,,,,,,,,,
433562,2010/11,2011-02-22,"Vidarbha Cricket Association Stadium, Jamtha",1,44.6,Netherlands,England,RN ten Doeschate,PW Borren,SCJ Broad,1,0,,,,,,,,,
433562,2010/11,2011-02-22,"Vidarbha Cricket Association Stadium, Jamtha",1,45.1,Netherlands,England,RN ten Doeschate,PW Borren,JM Anderson,1,0,,,,,,,,,
433562,2010/11,2011-02-22,"Vidarbha Cricket Association Stadium, Jamtha",1,45.2,Netherlands,England,PW Borren,RN ten Doeschate,JM Anderson,1,0,,,,,,,,,
433562,2010/11,2011-02-22,"Vidarbha Cricket Association Stadium, Jamtha",1,45.3,Netherlands,England,RN ten Doeschate,PW Borren,JM Anderson,1,1,,1,,,,,,,
433562,2010/11,2011-02-22,"Vidarbha Cricket Association Stadium, Jamtha",1,45.4,Netherlands,England,PW Borren,RN ten Doeschate,JM Anderson,1,0,,,,,,,,,
433562,2010/11,2011-02-22,"Vidarbha Cricket Association Stadium, Jamtha",1,45.5,Netherlands,England,RN ten Doeschate,PW Borren,JM Anderson,4,1,,1,,,,,,,
433562,2010/11,2011-02-22,"Vidarbha Cricket Association Stadium, Jamtha",1,45.6,Netherlands,England,RN ten Doeschate,PW Borren,JM Anderson,1,0,,,,,,,,,
433562,2010/11,2011-02-22,"Vidarbha Cricket Association Stadium, Jamtha",1,45.7,Netherlands,England,PW Borren,RN ten Doeschate,JM Anderson,1,0,,,,,,,,,
433562,2010/11,2011-02-22,"Vidarbha Cricket Association Stadium, Jamtha",1,45.8,Netherlands,England,RN ten Doeschate,PW Borren,JM Anderson,2,0,,,,,,,,,
433562,2010/11,2011-02-22,"Vidarbha Cricket Association Stadium, Jamtha",1,46.1,Netherlands,England,PW Borren,RN ten Doeschate,TT Bresnan,1,0,,,,,,,,,
433562,2010/11,2011-02-22,"Vidarbha Cricket Association Stadium, Jamtha",1,46.2,Netherlands,England,RN ten Doeschate,PW Borren,TT Bresnan,1,0,,,,,,,,,
433562,2010/11,2011-02-22,"Vidarbha Cricket Association Stadium, Jamtha",1,46.3,Netherlands,England,PW Borren,RN ten Doeschate,TT Bresnan,0,0,,,,,,,,,
433562,2010/11,2011-02-22,"Vidarbha Cricket Association Stadium, Jamtha",1,46.4,Netherlands,England,PW Borren,RN ten Doeschate,TT Bresnan,1,0,,,,,,,,,
433562,2010/11,2011-02-22,"Vidarbha Cricket Association Stadium, Jamtha",1,46.5,Netherlands,England,RN ten Doeschate,PW Borren,TT Bresnan,1,0,,,,,,,,,
433562,2010/11,2011-02-22,"Vidarbha Cricket Association Stadium, Jamtha",1,46.6,Netherlands,England,PW Borren,RN ten Doeschate,TT Bresnan,2,0,,,,,,,,,
433562,2010/11,2011-02-22,"Vidarbha Cricket Association Stadium, Jamtha",1,47.1,Netherlands,England,RN ten Doeschate,PW Borren,JM Anderson,0,1,,,1,,,,,,
433562,2010/11,2011-02-22,"Vidarbha Cricket Association Stadium, Jamtha",1,47.2,Netherlands,England,PW Borren,RN ten Doeschate,JM Anderson,1,0,,,,,,,,,
433562,2010/11,2011-02-22,"Vidarbha Cricket Association Stadium, Jamtha",1,47.3,Netherlands,England,RN ten Doeschate,PW Borren,JM Anderson,0,1,,,1,,,,,,
433562,2010/11,2011-02-22,"Vidarbha Cricket Association Stadium, Jamtha",1,47.4,Netherlands,England,PW Borren,RN ten Doeschate,JM Anderson,4,0,,,,,,,,,
433562,2010/11,2011-02-22,"Vidarbha Cricket Association Stadium, Jamtha",1,47.5,Netherlands,England,PW Borren,RN ten Doeschate,JM Anderson,4,0,,,,,,,,,
433562,2010/11,2011-02-22,"Vidarbha Cricket Association Stadium, Jamtha",1,47.6,Netherlands,England,PW Borren,RN ten Doeschate,JM Anderson,4,0,,,,,,,,,
433562,2010/11,2011-02-22,"Vidarbha Cricket Association Stadium, Jamtha",1,48.1,Netherlands,England,RN ten Doeschate,PW Borren,SCJ Broad,0,0,,,,,,caught,RN ten Doeschate,,
433562,2010/11,2011-02-22,"Vidarbha Cricket Association Stadium, Jamtha",1,48.2,Netherlands,England,PW Borren,Mudassar Bukhari,SCJ Broad,0,1,1,,,,,,,,
433562,2010/11,2011-02-22,"Vidarbha Cricket Association Stadium, Jamtha",1,48.3,Netherlands,England,PW Borren,Mudassar Bukhari,SCJ Broad,4,0,,,,,,,,,
433562,2010/11,2011-02-22,"Vidarbha Cricket Association Stadium, Jamtha",1,48.4,Netherlands,England,PW Borren,Mudassar Bukhari,SCJ Broad,0,1,,1,,,,,,,
433562,2010/11,2011-02-22,"Vidarbha Cricket Association Stadium, Jamtha",1,48.5,Netherlands,England,PW Borren,Mudassar Bukhari,SCJ Broad,1,0,,,,,,,,,
433562,2010/11,2011-02-22,"Vidarbha Cricket Association Stadium, Jamtha",1,48.6,Netherlands,England,Mudassar Bukhari,PW Borren,SCJ Broad,2,0,,,,,,,,,
433562,2010/11,2011-02-22,"Vidarbha Cricket Association Stadium, Jamtha",1,48.7,Netherlands,England,Mudassar Bukhari,PW Borren,SCJ Broad,1,0,,,,,,,,,
433562,2010/11,2011-02-22,"Vidarbha Cricket Association Stadium, Jamtha",1,48.8,Netherlands,England,PW Borren,Mudassar Bukhari,SCJ Broad,2,0,,,,,,,,,
433562,2010/11,2011-02-22,"Vidarbha Cricket Association Stadium, Jamtha",1,49.1,Netherlands,England,Mudassar Bukhari,PW Borren,JM Anderson,2,0,,,,,,,,,
433562,2010/11,2011-02-22,"Vidarbha Cricket Association Stadium, Jamtha",1,49.2,Netherlands,England,Mudassar Bukhari,PW Borren,JM Anderson,1,0,,,,,,,,,
433562,2010/11,2011-02-22,"Vidarbha Cricket Association Stadium, Jamtha",1,49.3,Netherlands,England,PW Borren,Mudassar Bukhari,JM Anderson,2,0,,,,,,,,,
433562,2010/11,2011-02-22,"Vidarbha Cricket Association Stadium, Jamtha",1,49.4,Netherlands,England,PW Borren,Mudassar Bukhari,JM Anderson,0,0,,,,,,,,,
433562,2010/11,2011-02-22,"Vidarbha Cricket Association Stadium, Jamtha",1,49.5,Netherlands,England,PW Borren,Mudassar Bukhari,JM Anderson,1,0,,,,,,,,,
433562,2010/11,2011-02-22,"Vidarbha Cricket Association Stadium, Jamtha",1,49.6,Netherlands,England,Mudassar Bukhari,PW Borren,JM Anderson,0,0,,,,,,,,,
433562,2010/11,2011-02-22,"Vidarbha Cricket Association Stadium, Jamtha",2,0.1,England,Netherlands,AJ Strauss,KP Pietersen,Mudassar Bukhari,0,0,,,,,,,,,
433562,2010/11,2011-02-22,"Vidarbha Cricket Association Stadium, Jamtha",2,0.2,England,Netherlands,AJ Strauss,KP Pietersen,Mudassar Bukhari,4,0,,,,,,,,,
433562,2010/11,2011-02-22,"Vidarbha Cricket Association Stadium, Jamtha",2,0.3,England,Netherlands,AJ Strauss,KP Pietersen,Mudassar Bukhari,4,0,,,,,,,,,
433562,2010/11,2011-02-22,"Vidarbha Cricket Association Stadium, Jamtha",2,0.4,England,Netherlands,AJ Strauss,KP Pietersen,Mudassar Bukhari,0,0,,,,,,,,,
433562,2010/11,2011-02-22,"Vidarbha Cricket Association Stadium, Jamtha",2,0.5,England,Netherlands,AJ Strauss,KP Pietersen,Mudassar Bukhari,0,0,,,,,,,,,
433562,2010/11,2011-02-22,"Vidarbha Cricket Association Stadium, Jamtha",2,0.6,England,Netherlands,AJ Strauss,KP Pietersen,Mudassar Bukhari,4,0,,,,,,,,,
433562,2010/11,2011-02-22,"Vidarbha Cricket Association Stadium, Jamtha",2,1.1,England,Netherlands,KP Pietersen,AJ Strauss,BA Westdijk,4,0,,,,,,,,,
433562,2010/11,2011-02-22,"Vidarbha Cricket Association Stadium, Jamtha",2,1.2,England,Netherlands,KP Pietersen,AJ Strauss,BA Westdijk,0,0,,,,,,,,,
433562,2010/11,2011-02-22,"Vidarbha Cricket Association Stadium, Jamtha",2,1.3,England,Netherlands,KP Pietersen,AJ Strauss,BA Westdijk,0,0,,,,,,,,,
433562,2010/11,2011-02-22,"Vidarbha Cricket Association Stadium, Jamtha",2,1.4,England,Netherlands,KP Pietersen,AJ Strauss,BA Westdijk,0,0,,,,,,,,,
433562,2010/11,2011-02-22,"Vidarbha Cricket Association Stadium, Jamtha",2,1.5,England,Netherlands,KP Pietersen,AJ Strauss,BA Westdijk,0,0,,,,,,,,,
433562,2010/11,2011-02-22,"Vidarbha Cricket Association Stadium, Jamtha",2,1.6,England,Netherlands,KP Pietersen,AJ Strauss,BA Westdijk,1,0,,,,,,,,,
433562,2010/11,2011-02-22,"Vidarbha Cricket Association Stadium, Jamtha",2,2.1,England,Netherlands,KP Pietersen,AJ Strauss,Mudassar Bukhari,1,0,,,,,,,,,
433562,2010/11,2011-02-22,"Vidarbha Cricket Association Stadium, Jamtha",2,2.2,England,Netherlands,AJ Strauss,KP Pietersen,Mudassar Bukhari,1,0,,,,,,,,,
433562,2010/11,2011-02-22,"Vidarbha Cricket Association Stadium, Jamtha",2,2.3,England,Netherlands,KP Pietersen,AJ Strauss,Mudassar Bukhari,0,0,,,,,,,,,
433562,2010/11,2011-02-22,"Vidarbha Cricket Association Stadium, Jamtha",2,2.4,England,Netherlands,KP Pietersen,AJ Strauss,Mudassar Bukhari,2,0,,,,,,,,,
433562,2010/11,2011-02-22,"Vidarbha Cricket Association Stadium, Jamtha",2,2.5,England,Netherlands,KP Pietersen,AJ Strauss,Mudassar Bukhari,1,0,,,,,,,,,
433562,2010/11,2011-02-22,"Vidarbha Cricket Association Stadium, Jamtha",2,2.6,England,Netherlands,AJ Strauss,KP Pietersen,Mudassar Bukhari,0,0,,,,,,,,,
433562,2010/11,2011-02-22,"Vidarbha Cricket Association Stadium, Jamtha",2,3.1,England,Netherlands,KP Pietersen,AJ Strauss,BA Westdijk,0,0,,,,,,,,,
433562,2010/11,2011-02-22,"Vidarbha Cricket Association Stadium, Jamtha",2,3.2,England,Netherlands,KP Pietersen,AJ Strauss,BA Westdijk,4,0,,,,,,,,,
433562,2010/11,2011-02-22,"Vidarbha Cricket Association Stadium, Jamtha",2,3.3,England,Netherlands,KP Pietersen,AJ Strauss,BA Westdijk,2,0,,,,,,,,,
433562,2010/11,2011-02-22,"Vidarbha Cricket Association Stadium, Jamtha",2,3.4,England,Netherlands,KP Pietersen,AJ Strauss,BA Westdijk,0,0,,,,,,,,,
433562,2010/11,2011-02-22,"Vidarbha Cricket Association Stadium, Jamtha",2,3.5,England,Netherlands,KP Pietersen,AJ Strauss,BA Westdijk,0,0,,,,,,,,,
433562,2010/11,2011-02-22,"Vidarbha Cricket Association Stadium, Jamtha",2,3.6,England,Netherlands,KP Pietersen,AJ Strauss,BA Westdijk,4,0,,,,,,,,,
433562,2010/11,2011-02-22,"Vidarbha Cricket Association Stadium, Jamtha",2,4.1,England,Netherlands,AJ Strauss,KP Pietersen,Mudassar Bukhari,0,0,,,,,,,,,
433562,2010/11,2011-02-22,"Vidarbha Cricket Association Stadium, Jamtha",2,4.2,England,Netherlands,AJ Strauss,KP Pietersen,Mudassar Bukhari,1,0,,,,,,,,,
433562,2010/11,2011-02-22,"Vidarbha Cricket Association Stadium, Jamtha",2,4.3,England,Netherlands,KP Pietersen,AJ Strauss,Mudassar Bukhari,0,0,,,,,,,,,
433562,2010/11,2011-02-22,"Vidarbha Cricket Association Stadium, Jamtha",2,4.4,England,Netherlands,KP Pietersen,AJ Strauss,Mudassar Bukhari,0,0,,,,,,,,,
433562,2010/11,2011-02-22,"Vidarbha Cricket Association Stadium, Jamtha",2,4.5,England,Netherlands,KP Pietersen,AJ Strauss,Mudassar Bukhari,0,0,,,,,,,,,
433562,2010/11,2011-02-22,"Vidarbha Cricket Association Stadium, Jamtha",2,4.6,England,Netherlands,KP Pietersen,AJ Strauss,Mudassar Bukhari,1,0,,,,,,,,,
433562,2010/11,2011-02-22,"Vidarbha Cricket Association Stadium, Jamtha",2,5.1,England,Netherlands,KP Pietersen,AJ Strauss,BA Westdijk,0,0,,,,,,,,,
433562,2010/11,2011-02-22,"Vidarbha Cricket Association Stadium, Jamtha",2,5.2,England,Netherlands,KP Pietersen,AJ Strauss,BA Westdijk,0,0,,,,,,,,,
433562,2010/11,2011-02-22,"Vidarbha Cricket Association Stadium, Jamtha",2,5.3,England,Netherlands,KP Pietersen,AJ Strauss,BA Westdijk,0,0,,,,,,,,,
433562,2010/11,2011-02-22,"Vidarbha Cricket Association Stadium, Jamtha",2,5.4,England,Netherlands,KP Pietersen,AJ Strauss,BA Westdijk,4,0,,,,,,,,,
433562,2010/11,2011-02-22,"Vidarbha Cricket Association Stadium, Jamtha",2,5.5,England,Netherlands,KP Pietersen,AJ Strauss,BA Westdijk,0,0,,,,,,,,,
433562,2010/11,2011-02-22,"Vidarbha Cricket Association Stadium, Jamtha",2,5.6,England,Netherlands,KP Pietersen,AJ Strauss,BA Westdijk,0,0,,,,,,,,,
433562,2010/11,2011-02-22,"Vidarbha Cricket Association Stadium, Jamtha",2,6.1,England,Netherlands,AJ Strauss,KP Pietersen,Mudassar Bukhari,0,0,,,,,,,,,
433562,2010/11,2011-02-22,"Vidarbha Cricket Association Stadium, Jamtha",2,6.2,England,Netherlands,AJ Strauss,KP Pietersen,Mudassar Bukhari,1,0,,,,,,,,,
433562,2010/11,2011-02-22,"Vidarbha Cricket Association Stadium, Jamtha",2,6.3,England,Netherlands,KP Pietersen,AJ Strauss,Mudassar Bukhari,0,0,,,,,,,,,
433562,2010/11,2011-02-22,"Vidarbha Cricket Association Stadium, Jamtha",2,6.4,England,Netherlands,KP Pietersen,AJ Strauss,Mudassar Bukhari,0,0,,,,,,,,,
433562,2010/11,2011-02-22,"Vidarbha Cricket Association Stadium, Jamtha",2,6.5,England,Netherlands,KP Pietersen,AJ Strauss,Mudassar Bukhari,1,0,,,,,,,,,
433562,2010/11,2011-02-22,"Vidarbha Cricket Association Stadium, Jamtha",2,6.6,England,Netherlands,AJ Strauss,KP Pietersen,Mudassar Bukhari,4,0,,,,,,,,,
433562,2010/11,2011-02-22,"Vidarbha Cricket Association Stadium, Jamtha",2,7.1,England,Netherlands,KP Pietersen,AJ Strauss,BA Westdijk,0,0,,,,,,,,,
433562,2010/11,2011-02-22,"Vidarbha Cricket Association Stadium, Jamtha",2,7.2,England,Netherlands,KP Pietersen,AJ Strauss,BA Westdijk,4,0,,,,,,,,,
433562,2010/11,2011-02-22,"Vidarbha Cricket Association Stadium, Jamtha",2,7.3,England,Netherlands,KP Pietersen,AJ Strauss,BA Westdijk,0,0,,,,,,,,,
433562,2010/11,2011-02-22,"Vidarbha Cricket Association Stadium, Jamtha",2,7.4,England,Netherlands,KP Pietersen,AJ Strauss,BA Westdijk,0,0,,,,,,,,,
433562,2010/11,2011-02-22,"Vidarbha Cricket Association Stadium, Jamtha",2,7.5,England,Netherlands,KP Pietersen,AJ Strauss,BA Westdijk,0,0,,,,,,,,,
433562,2010/11,2011-02-22,"Vidarbha Cricket Association Stadium, Jamtha",2,7.6,England,Netherlands,KP Pietersen,AJ Strauss,BA Westdijk,0,0,,,,,,,,,
433562,2010/11,2011-02-22,"Vidarbha Cricket Association Stadium, Jamtha",2,8.1,England,Netherlands,AJ Strauss,KP Pietersen,BP Loots,2,0,,,,,,,,,
433562,2010/11,2011-02-22,"Vidarbha Cricket Association Stadium, Jamtha",2,8.2,England,Netherlands,AJ Strauss,KP Pietersen,BP Loots,0,0,,,,,,,,,
433562,2010/11,2011-02-22,"Vidarbha Cricket Association Stadium, Jamtha",2,8.3,England,Netherlands,AJ Strauss,KP Pietersen,BP Loots,1,0,,,,,,,,,
433562,2010/11,2011-02-22,"Vidarbha Cricket Association Stadium, Jamtha",2,8.4,England,Netherlands,KP Pietersen,AJ Strauss,BP Loots,0,0,,,,,,,,,
433562,2010/11,2011-02-22,"Vidarbha Cricket Association Stadium, Jamtha",2,8.5,England,Netherlands,KP Pietersen,AJ Strauss,BP Loots,1,0,,,,,,,,,
433562,2010/11,2011-02-22,"Vidarbha Cricket Association Stadium, Jamtha",2,8.6,England,Netherlands,AJ Strauss,KP Pietersen,BP Loots,0,0,,,,,,,,,
433562,2010/11,2011-02-22,"Vidarbha Cricket Association Stadium, Jamtha",2,9.1,England,Netherlands,KP Pietersen,AJ Strauss,BA Westdijk,0,0,,,,,,,,,
433562,2010/11,2011-02-22,"Vidarbha Cricket Association Stadium, Jamtha",2,9.2,England,Netherlands,KP Pietersen,AJ Strauss,BA Westdijk,0,0,,,,,,,,,
433562,2010/11,2011-02-22,"Vidarbha Cricket Association Stadium, Jamtha",2,9.3,England,Netherlands,KP Pietersen,AJ Strauss,BA Westdijk,0,0,,,,,,,,,
433562,2010/11,2011-02-22,"Vidarbha Cricket Association Stadium, Jamtha",2,9.4,England,Netherlands,KP Pietersen,AJ Strauss,BA Westdijk,0,0,,,,,,,,,
433562,2010/11,2011-02-22,"Vidarbha Cricket Association Stadium, Jamtha",2,9.5,England,Netherlands,KP Pietersen,AJ Strauss,BA Westdijk,0,0,,,,,,,,,
433562,2010/11,2011-02-22,"Vidarbha Cricket Association Stadium, Jamtha",2,9.6,England,Netherlands,KP Pietersen,AJ Strauss,BA Westdijk,1,0,,,,,,,,,
433562,2010/11,2011-02-22,"Vidarbha Cricket Association Stadium, Jamtha",2,10.1,England,Netherlands,KP Pietersen,AJ Strauss,BP Loots,1,0,,,,,,,,,
433562,2010/11,2011-02-22,"Vidarbha Cricket Association Stadium, Jamtha",2,10.2,England,Netherlands,AJ Strauss,KP Pietersen,BP Loots,0,0,,,,,,,,,
433562,2010/11,2011-02-22,"Vidarbha Cricket Association Stadium, Jamtha",2,10.3,England,Netherlands,AJ Strauss,KP Pietersen,BP Loots,1,0,,,,,,,,,
433562,2010/11,2011-02-22,"Vidarbha Cricket Association Stadium, Jamtha",2,10.4,England,Netherlands,KP Pietersen,AJ Strauss,BP Loots,0,1,1,,,,,,,,
433562,2010/11,2011-02-22,"Vidarbha Cricket Association Stadium, Jamtha",2,10.5,England,Netherlands,KP Pietersen,AJ Strauss,BP Loots,1,0,,,,,,,,,
433562,2010/11,2011-02-22,"Vidarbha Cricket Association Stadium, Jamtha",2,10.6,England,Netherlands,AJ Strauss,KP Pietersen,BP Loots,2,0,,,,,,,,,
433562,2010/11,2011-02-22,"Vidarbha Cricket Association Stadium, Jamtha",2,10.7,England,Netherlands,AJ Strauss,KP Pietersen,BP Loots,4,0,,,,,,,,,
433562,2010/11,2011-02-22,"Vidarbha Cricket Association Stadium, Jamtha",2,11.1,England,Netherlands,KP Pietersen,AJ Strauss,BA Westdijk,0,0,,,,,,,,,
433562,2010/11,2011-02-22,"Vidarbha Cricket Association Stadium, Jamtha",2,11.2,England,Netherlands,KP Pietersen,AJ Strauss,BA Westdijk,0,0,,,,,,,,,
433562,2010/11,2011-02-22,"Vidarbha Cricket Association Stadium, Jamtha",2,11.3,England,Netherlands,KP Pietersen,AJ Strauss,BA Westdijk,1,0,,,,,,,,,
433562,2010/11,2011-02-22,"Vidarbha Cricket Association Stadium, Jamtha",2,11.4,England,Netherlands,AJ Strauss,KP Pietersen,BA Westdijk,0,0,,,,,,,,,
433562,2010/11,2011-02-22,"Vidarbha Cricket Association Stadium, Jamtha",2,11.5,England,Netherlands,AJ Strauss,KP Pietersen,BA Westdijk,4,0,,,,,,,,,
433562,2010/11,2011-02-22,"Vidarbha Cricket Association Stadium, Jamtha",2,11.6,England,Netherlands,AJ Strauss,KP Pietersen,BA Westdijk,4,0,,,,,,,,,
433562,2010/11,2011-02-22,"Vidarbha Cricket Association Stadium, Jamtha",2,12.1,England,Netherlands,KP Pietersen,AJ Strauss,BP Loots,0,5,5,,,,,,,,
433562,2010/11,2011-02-22,"Vidarbha Cricket Association Stadium, Jamtha",2,12.2,England,Netherlands,KP Pietersen,AJ Strauss,BP Loots,0,0,,,,,,,,,
433562,2010/11,2011-02-22,"Vidarbha Cricket Association Stadium, Jamtha",2,12.3,England,Netherlands,KP Pietersen,AJ Strauss,BP Loots,0,0,,,,,,,,,
433562,2010/11,2011-02-22,"Vidarbha Cricket Association Stadium, Jamtha",2,12.4,England,Netherlands,KP Pietersen,AJ Strauss,BP Loots,0,0,,,,,,,,,
433562,2010/11,2011-02-22,"Vidarbha Cricket Association Stadium, Jamtha",2,12.5,England,Netherlands,KP Pietersen,AJ Strauss,BP Loots,1,0,,,,,,,,,
433562,2010/11,2011-02-22,"Vidarbha Cricket Association Stadium, Jamtha",2,12.6,England,Netherlands,AJ Strauss,KP Pietersen,BP Loots,4,0,,,,,,,,,
433562,2010/11,2011-02-22,"Vidarbha Cricket Association Stadium, Jamtha",2,12.7,England,Netherlands,AJ Strauss,KP Pietersen,BP Loots,1,0,,,,,,,,,
433562,2010/11,2011-02-22,"Vidarbha Cricket Association Stadium, Jamtha",2,13.1,England,Netherlands,AJ Strauss,KP Pietersen,PM Seelaar,0,0,,,,,,,,,
433562,2010/11,2011-02-22,"Vidarbha Cricket Association Stadium, Jamtha",2,13.2,England,Netherlands,AJ Strauss,KP Pietersen,PM Seelaar,0,0,,,,,,,,,
433562,2010/11,2011-02-22,"Vidarbha Cricket Association Stadium, Jamtha",2,13.3,England,Netherlands,AJ Strauss,KP Pietersen,PM Seelaar,1,0,,,,,,,,,
433562,2010/11,2011-02-22,"Vidarbha Cricket Association Stadium, Jamtha",2,13.4,England,Netherlands,KP Pietersen,AJ Strauss,PM Seelaar,0,0,,,,,,,,,
433562,2010/11,2011-02-22,"Vidarbha Cricket Association Stadium, Jamtha",2,13.5,England,Netherlands,KP Pietersen,AJ Strauss,PM Seelaar,0,0,,,,,,,,,
433562,2010/11,2011-02-22,"Vidarbha Cricket Association Stadium, Jamtha",2,13.6,England,Netherlands,KP Pietersen,AJ Strauss,PM Seelaar,1,0,,,,,,,,,
433562,2010/11,2011-02-22,"Vidarbha Cricket Association Stadium, Jamtha",2,14.1,England,Netherlands,KP Pietersen,AJ Strauss,RN ten Doeschate,0,0,,,,,,,,,
433562,2010/11,2011-02-22,"Vidarbha Cricket Association Stadium, Jamtha",2,14.2,England,Netherlands,KP Pietersen,AJ Strauss,RN ten Doeschate,1,0,,,,,,,,,
433562,2010/11,2011-02-22,"Vidarbha Cricket Association Stadium, Jamtha",2,14.3,England,Netherlands,AJ Strauss,KP Pietersen,RN ten Doeschate,0,0,,,,,,,,,
433562,2010/11,2011-02-22,"Vidarbha Cricket Association Stadium, Jamtha",2,14.4,England,Netherlands,AJ Strauss,KP Pietersen,RN ten Doeschate,0,0,,,,,,,,,
433562,2010/11,2011-02-22,"Vidarbha Cricket Association Stadium, Jamtha",2,14.5,England,Netherlands,AJ Strauss,KP Pietersen,RN ten Doeschate,2,0,,,,,,,,,
433562,2010/11,2011-02-22,"Vidarbha Cricket Association Stadium, Jamtha",2,14.6,England,Netherlands,AJ Strauss,KP Pietersen,RN ten Doeschate,4,0,,,,,,,,,
433562,2010/11,2011-02-22,"Vidarbha Cricket Association Stadium, Jamtha",2,15.1,England,Netherlands,KP Pietersen,AJ Strauss,PM Seelaar,1,0,,,,,,,,,
433562,2010/11,2011-02-22,"Vidarbha Cricket Association Stadium, Jamtha",2,15.2,England,Netherlands,AJ Strauss,KP Pietersen,PM Seelaar,1,0,,,,,,,,,
433562,2010/11,2011-02-22,"Vidarbha Cricket Association Stadium, Jamtha",2,15.3,England,Netherlands,KP Pietersen,AJ Strauss,PM Seelaar,1,0,,,,,,,,,
433562,2010/11,2011-02-22,"Vidarbha Cricket Association Stadium, Jamtha",2,15.4,England,Netherlands,AJ Strauss,KP Pietersen,PM Seelaar,0,3,3,,,,,,,,
433562,2010/11,2011-02-22,"Vidarbha Cricket Association Stadium, Jamtha",2,15.5,England,Netherlands,AJ Strauss,KP Pietersen,PM Seelaar,0,0,,,,,,,,,
433562,2010/11,2011-02-22,"Vidarbha Cricket Association Stadium, Jamtha",2,15.6,England,Netherlands,AJ Strauss,KP Pietersen,PM Seelaar,1,0,,,,,,,,,
433562,2010/11,2011-02-22,"Vidarbha Cricket Association Stadium, Jamtha",2,15.7,England,Netherlands,KP Pietersen,AJ Strauss,PM Seelaar,0,0,,,,,,,,,
433562,2010/11,2011-02-22,"Vidarbha Cricket Association Stadium, Jamtha",2,16.1,England,Netherlands,AJ Strauss,KP Pietersen,RN ten Doeschate,0,0,,,,,,,,,
433562,2010/11,2011-02-22,"Vidarbha Cricket Association Stadium, Jamtha",2,16.2,England,Netherlands,AJ Strauss,KP Pietersen,RN ten Doeschate,0,0,,,,,,,,,
433562,2010/11,2011-02-22,"Vidarbha Cricket Association Stadium, Jamtha",2,16.3,England,Netherlands,AJ Strauss,KP Pietersen,RN ten Doeschate,0,0,,,,,,,,,
433562,2010/11,2011-02-22,"Vidarbha Cricket Association Stadium, Jamtha",2,16.4,England,Netherlands,AJ Strauss,KP Pietersen,RN ten Doeschate,0,0,,,,,,,,,
433562,2010/11,2011-02-22,"Vidarbha Cricket Association Stadium, Jamtha",2,16.5,England,Netherlands,AJ Strauss,KP Pietersen,RN ten Doeschate,0,0,,,,,,,,,
433562,2010/11,2011-02-22,"Vidarbha Cricket Association Stadium, Jamtha",2,16.6,England,Netherlands,AJ Strauss,KP Pietersen,RN ten Doeschate,1,0,,,,,,,,,
433562,2010/11,2011-02-22,"Vidarbha Cricket Association Stadium, Jamtha",2,17.1,England,Netherlands,AJ Strauss,KP Pietersen,PM Seelaar,2,0,,,,,,,,,
433562,2010/11,2011-02-22,"Vidarbha Cricket Association Stadium, Jamtha",2,17.2,England,Netherlands,AJ Strauss,KP Pietersen,PM Seelaar,2,0,,,,,,,,,
433562,2010/11,2011-02-22,"Vidarbha Cricket Association Stadium, Jamtha",2,17.3,England,Netherlands,AJ Strauss,KP Pietersen,PM Seelaar,1,0,,,,,,,,,
433562,2010/11,2011-02-22,"Vidarbha Cricket Association Stadium, Jamtha",2,17.4,England,Netherlands,KP Pietersen,AJ Strauss,PM Seelaar,0,0,,,,,,caught,KP Pietersen,,
433562,2010/11,2011-02-22,"Vidarbha Cricket Association Stadium, Jamtha",2,17.5,England,Netherlands,IJL Trott,AJ Strauss,PM Seelaar,0,0,,,,,,,,,
433562,2010/11,2011-02-22,"Vidarbha Cricket Association Stadium, Jamtha",2,17.6,England,Netherlands,IJL Trott,AJ Strauss,PM Seelaar,0,0,,,,,,,,,
433562,2010/11,2011-02-22,"Vidarbha Cricket Association Stadium, Jamtha",2,18.1,England,Netherlands,AJ Strauss,IJL Trott,RN ten Doeschate,0,0,,,,,,,,,
433562,2010/11,2011-02-22,"Vidarbha Cricket Association Stadium, Jamtha",2,18.2,England,Netherlands,AJ Strauss,IJL Trott,RN ten Doeschate,1,0,,,,,,,,,
433562,2010/11,2011-02-22,"Vidarbha Cricket Association Stadium, Jamtha",2,18.3,England,Netherlands,IJL Trott,AJ Strauss,RN ten Doeschate,0,0,,,,,,,,,
433562,2010/11,2011-02-22,"Vidarbha Cricket Association Stadium, Jamtha",2,18.4,England,Netherlands,IJL Trott,AJ Strauss,RN ten Doeschate,1,0,,,,,,,,,
433562,2010/11,2011-02-22,"Vidarbha Cricket Association Stadium, Jamtha",2,18.5,England,Netherlands,AJ Strauss,IJL Trott,RN ten Doeschate,1,0,,,,,,,,,
433562,2010/11,2011-02-22,"Vidarbha Cricket Association Stadium, Jamtha",2,18.6,England,Netherlands,IJL Trott,AJ Strauss,RN ten Doeschate,0,0,,,,,,,,,
433562,2010/11,2011-02-22,"Vidarbha Cricket Association Stadium, Jamtha",2,19.1,England,Netherlands,AJ Strauss,IJL Trott,PM Seelaar,0,0,,,,,,,,,
433562,2010/11,2011-02-22,"Vidarbha Cricket Association Stadium, Jamtha",2,19.2,England,Netherlands,AJ Strauss,IJL Trott,PM Seelaar,1,0,,,,,,,,,
433562,2010/11,2011-02-22,"Vidarbha Cricket Association Stadium, Jamtha",2,19.3,England,Netherlands,IJL Trott,AJ Strauss,PM Seelaar,0,0,,,,,,,,,
433562,2010/11,2011-02-22,"Vidarbha Cricket Association Stadium, Jamtha",2,19.4,England,Netherlands,IJL Trott,AJ Strauss,PM Seelaar,1,0,,,,,,,,,
433562,2010/11,2011-02-22,"Vidarbha Cricket Association Stadium, Jamtha",2,19.5,England,Netherlands,AJ Strauss,IJL Trott,PM Seelaar,0,0,,,,,,,,,
433562,2010/11,2011-02-22,"Vidarbha Cricket Association Stadium, Jamtha",2,19.6,England,Netherlands,AJ Strauss,IJL Trott,PM Seelaar,2,0,,,,,,,,,
433562,2010/11,2011-02-22,"Vidarbha Cricket Association Stadium, Jamtha",2,20.1,England,Netherlands,IJL Trott,AJ Strauss,RN ten Doeschate,0,0,,,,,,,,,
433562,2010/11,2011-02-22,"Vidarbha Cricket Association Stadium, Jamtha",2,20.2,England,Netherlands,IJL Trott,AJ Strauss,RN ten Doeschate,1,0,,,,,,,,,
433562,2010/11,2011-02-22,"Vidarbha Cricket Association Stadium, Jamtha",2,20.3,England,Netherlands,AJ Strauss,IJL Trott,RN ten Doeschate,2,0,,,,,,,,,
433562,2010/11,2011-02-22,"Vidarbha Cricket Association Stadium, Jamtha",2,20.4,England,Netherlands,AJ Strauss,IJL Trott,RN ten Doeschate,0,0,,,,,,,,,
433562,2010/11,2011-02-22,"Vidarbha Cricket Association Stadium, Jamtha",2,20.5,England,Netherlands,AJ Strauss,IJL Trott,RN ten Doeschate,2,0,,,,,,,,,
433562,2010/11,2011-02-22,"Vidarbha Cricket Association Stadium, Jamtha",2,20.6,England,Netherlands,AJ Strauss,IJL Trott,RN ten Doeschate,0,0,,,,,,,,,
433562,2010/11,2011-02-22,"Vidarbha Cricket Association Stadium, Jamtha",2,21.1,England,Netherlands,IJL Trott,AJ Strauss,PM Seelaar,1,0,,,,,,,,,
433562,2010/11,2011-02-22,"Vidarbha Cricket Association Stadium, Jamtha",2,21.2,England,Netherlands,AJ Strauss,IJL Trott,PM Seelaar,0,0,,,,,,,,,
433562,2010/11,2011-02-22,"Vidarbha Cricket Association Stadium, Jamtha",2,21.3,England,Netherlands,AJ Strauss,IJL Trott,PM Seelaar,1,0,,,,,,,,,
433562,2010/11,2011-02-22,"Vidarbha Cricket Association Stadium, Jamtha",2,21.4,England,Netherlands,IJL Trott,AJ Strauss,PM Seelaar,0,0,,,,,,,,,
433562,2010/11,2011-02-22,"Vidarbha Cricket Association Stadium, Jamtha",2,21.5,England,Netherlands,IJL Trott,AJ Strauss,PM Seelaar,1,0,,,,,,,,,
433562,2010/11,2011-02-22,"Vidarbha Cricket Association Stadium, Jamtha",2,21.6,England,Netherlands,AJ Strauss,IJL Trott,PM Seelaar,1,0,,,,,,,,,
433562,2010/11,2011-02-22,"Vidarbha Cricket Association Stadium, Jamtha",2,22.1,England,Netherlands,AJ Strauss,IJL Trott,RN ten Doeschate,0,0,,,,,,,,,
433562,2010/11,2011-02-22,"Vidarbha Cricket Association Stadium, Jamtha",2,22.2,England,Netherlands,AJ Strauss,IJL Trott,RN ten Doeschate,1,0,,,,,,,,,
433562,2010/11,2011-02-22,"Vidarbha Cricket Association Stadium, Jamtha",2,22.3,England,Netherlands,IJL Trott,AJ Strauss,RN ten Doeschate,1,0,,,,,,,,,
433562,2010/11,2011-02-22,"Vidarbha Cricket Association Stadium, Jamtha",2,22.4,England,Netherlands,AJ Strauss,IJL Trott,RN ten Doeschate,0,0,,,,,,,,,
433562,2010/11,2011-02-22,"Vidarbha Cricket Association Stadium, Jamtha",2,22.5,England,Netherlands,AJ Strauss,IJL Trott,RN ten Doeschate,1,0,,,,,,,,,
433562,2010/11,2011-02-22,"Vidarbha Cricket Association Stadium, Jamtha",2,22.6,England,Netherlands,IJL Trott,AJ Strauss,RN ten Doeschate,1,0,,,,,,,,,
433562,2010/11,2011-02-22,"Vidarbha Cricket Association Stadium, Jamtha",2,23.1,England,Netherlands,IJL Trott,AJ Strauss,TLW Cooper,1,0,,,,,,,,,
433562,2010/11,2011-02-22,"Vidarbha Cricket Association Stadium, Jamtha",2,23.2,England,Netherlands,AJ Strauss,IJL Trott,TLW Cooper,1,0,,,,,,,,,
433562,2010/11,2011-02-22,"Vidarbha Cricket Association Stadium, Jamtha",2,23.3,England,Netherlands,IJL Trott,AJ Strauss,TLW Cooper,1,0,,,,,,,,,
433562,2010/11,2011-02-22,"Vidarbha Cricket Association Stadium, Jamtha",2,23.4,England,Netherlands,AJ Strauss,IJL Trott,TLW Cooper,2,0,,,,,,,,,
433562,2010/11,2011-02-22,"Vidarbha Cricket Association Stadium, Jamtha",2,23.5,England,Netherlands,AJ Strauss,IJL Trott,TLW Cooper,0,0,,,,,,,,,
433562,2010/11,2011-02-22,"Vidarbha Cricket Association Stadium, Jamtha",2,23.6,England,Netherlands,AJ Strauss,IJL Trott,TLW Cooper,1,0,,,,,,,,,
433562,2010/11,2011-02-22,"Vidarbha Cricket Association Stadium, Jamtha",2,24.1,England,Netherlands,AJ Strauss,IJL Trott,RN ten Doeschate,0,1,,,1,,,,,,
433562,2010/11,2011-02-22,"Vidarbha Cricket Association Stadium, Jamtha",2,24.2,England,Netherlands,IJL Trott,AJ Strauss,RN ten Doeschate,1,0,,,,,,,,,
433562,2010/11,2011-02-22,"Vidarbha Cricket Association Stadium, Jamtha",2,24.3,England,Netherlands,AJ Strauss,IJL Trott,RN ten Doeschate,1,0,,,,,,,,,
433562,2010/11,2011-02-22,"Vidarbha Cricket Association Stadium, Jamtha",2,24.4,England,Netherlands,IJL Trott,AJ Strauss,RN ten Doeschate,0,0,,,,,,,,,
433562,2010/11,2011-02-22,"Vidarbha Cricket Association Stadium, Jamtha",2,24.5,England,Netherlands,IJL Trott,AJ Strauss,RN ten Doeschate,1,0,,,,,,,,,
433562,2010/11,2011-02-22,"Vidarbha Cricket Association Stadium, Jamtha",2,24.6,England,Netherlands,AJ Strauss,IJL Trott,RN ten Doeschate,1,0,,,,,,,,,
433562,2010/11,2011-02-22,"Vidarbha Cricket Association Stadium, Jamtha",2,25.1,England,Netherlands,AJ Strauss,IJL Trott,TLW Cooper,1,0,,,,,,,,,
433562,2010/11,2011-02-22,"Vidarbha Cricket Association Stadium, Jamtha",2,25.2,England,Netherlands,IJL Trott,AJ Strauss,TLW Cooper,1,0,,,,,,,,,
433562,2010/11,2011-02-22,"Vidarbha Cricket Association Stadium, Jamtha",2,25.3,England,Netherlands,AJ Strauss,IJL Trott,TLW Cooper,2,0,,,,,,,,,
433562,2010/11,2011-02-22,"Vidarbha Cricket Association Stadium, Jamtha",2,25.4,England,Netherlands,AJ Strauss,IJL Trott,TLW Cooper,1,0,,,,,,,,,
433562,2010/11,2011-02-22,"Vidarbha Cricket Association Stadium, Jamtha",2,25.5,England,Netherlands,IJL Trott,AJ Strauss,TLW Cooper,0,0,,,,,,,,,
433562,2010/11,2011-02-22,"Vidarbha Cricket Association Stadium, Jamtha",2,25.6,England,Netherlands,IJL Trott,AJ Strauss,TLW Cooper,0,0,,,,,,,,,
433562,2010/11,2011-02-22,"Vidarbha Cricket Association Stadium, Jamtha",2,26.1,England,Netherlands,AJ Strauss,IJL Trott,RN ten Doeschate,1,0,,,,,,,,,
433562,2010/11,2011-02-22,"Vidarbha Cricket Association Stadium, Jamtha",2,26.2,England,Netherlands,IJL Trott,AJ Strauss,RN ten Doeschate,2,0,,,,,,,,,
433562,2010/11,2011-02-22,"Vidarbha Cricket Association Stadium, Jamtha",2,26.3,England,Netherlands,IJL Trott,AJ Strauss,RN ten Doeschate,1,0,,,,,,,,,
433562,2010/11,2011-02-22,"Vidarbha Cricket Association Stadium, Jamtha",2,26.4,England,Netherlands,AJ Strauss,IJL Trott,RN ten Doeschate,0,0,,,,,,,,,
433562,2010/11,2011-02-22,"Vidarbha Cricket Association Stadium, Jamtha",2,26.5,England,Netherlands,AJ Strauss,IJL Trott,RN ten Doeschate,1,0,,,,,,,,,
433562,2010/11,2011-02-22,"Vidarbha Cricket Association Stadium, Jamtha",2,26.6,England,Netherlands,IJL Trott,AJ Strauss,RN ten Doeschate,1,0,,,,,,,,,
433562,2010/11,2011-02-22,"Vidarbha Cricket Association Stadium, Jamtha",2,27.1,England,Netherlands,IJL Trott,AJ Strauss,TLW Cooper,2,0,,,,,,,,,
433562,2010/11,2011-02-22,"Vidarbha Cricket Association Stadium, Jamtha",2,27.2,England,Netherlands,IJL Trott,AJ Strauss,TLW Cooper,4,0,,,,,,,,,
433562,2010/11,2011-02-22,"Vidarbha Cricket Association Stadium, Jamtha",2,27.3,England,Netherlands,IJL Trott,AJ Strauss,TLW Cooper,1,0,,,,,,,,,
433562,2010/11,2011-02-22,"Vidarbha Cricket Association Stadium, Jamtha",2,27.4,England,Netherlands,AJ Strauss,IJL Trott,TLW Cooper,1,0,,,,,,,,,
433562,2010/11,2011-02-22,"Vidarbha Cricket Association Stadium, Jamtha",2,27.5,England,Netherlands,IJL Trott,AJ Strauss,TLW Cooper,0,0,,,,,,,,,
433562,2010/11,2011-02-22,"Vidarbha Cricket Association Stadium, Jamtha",2,27.6,England,Netherlands,IJL Trott,AJ Strauss,TLW Cooper,4,0,,,,,,,,,
433562,2010/11,2011-02-22,"Vidarbha Cricket Association Stadium, Jamtha",2,28.1,England,Netherlands,AJ Strauss,IJL Trott,RN ten Doeschate,2,0,,,,,,,,,
433562,2010/11,2011-02-22,"Vidarbha Cricket Association Stadium, Jamtha",2,28.2,England,Netherlands,AJ Strauss,IJL Trott,RN ten Doeschate,2,0,,,,,,,,,
433562,2010/11,2011-02-22,"Vidarbha Cricket Association Stadium, Jamtha",2,28.3,England,Netherlands,AJ Strauss,IJL Trott,RN ten Doeschate,0,0,,,,,,,,,
433562,2010/11,2011-02-22,"Vidarbha Cricket Association Stadium, Jamtha",2,28.4,England,Netherlands,AJ Strauss,IJL Trott,RN ten Doeschate,0,0,,,,,,,,,
433562,2010/11,2011-02-22,"Vidarbha Cricket Association Stadium, Jamtha",2,28.5,England,Netherlands,AJ Strauss,IJL Trott,RN ten Doeschate,1,0,,,,,,,,,
433562,2010/11,2011-02-22,"Vidarbha Cricket Association Stadium, Jamtha",2,28.6,England,Netherlands,IJL Trott,AJ Strauss,RN ten Doeschate,1,0,,,,,,,,,
433562,2010/11,2011-02-22,"Vidarbha Cricket Association Stadium, Jamtha",2,29.1,England,Netherlands,IJL Trott,AJ Strauss,Mudassar Bukhari,1,0,,,,,,,,,
433562,2010/11,2011-02-22,"Vidarbha Cricket Association Stadium, Jamtha",2,29.2,England,Netherlands,AJ Strauss,IJL Trott,Mudassar Bukhari,0,0,,,,,,caught,AJ Strauss,,
433562,2010/11,2011-02-22,"Vidarbha Cricket Association Stadium, Jamtha",2,29.3,England,Netherlands,IJL Trott,IR Bell,Mudassar Bukhari,0,0,,,,,,,,,
433562,2010/11,2011-02-22,"Vidarbha Cricket Association Stadium, Jamtha",2,29.4,England,Netherlands,IJL Trott,IR Bell,Mudassar Bukhari,1,0,,,,,,,,,
433562,2010/11,2011-02-22,"Vidarbha Cricket Association Stadium, Jamtha",2,29.5,England,Netherlands,IR Bell,IJL Trott,Mudassar Bukhari,0,0,,,,,,,,,
433562,2010/11,2011-02-22,"Vidarbha Cricket Association Stadium, Jamtha",2,29.6,England,Netherlands,IR Bell,IJL Trott,Mudassar Bukhari,1,0,,,,,,,,,
433562,2010/11,2011-02-22,"Vidarbha Cricket Association Stadium, Jamtha",2,30.1,England,Netherlands,IR Bell,IJL Trott,BP Loots,1,0,,,,,,,,,
433562,2010/11,2011-02-22,"Vidarbha Cricket Association Stadium, Jamtha",2,30.2,England,Netherlands,IJL Trott,IR Bell,BP Loots,1,0,,,,,,,,,
433562,2010/11,2011-02-22,"Vidarbha Cricket Association Stadium, Jamtha",2,30.3,England,Netherlands,IR Bell,IJL Trott,BP Loots,1,0,,,,,,,,,
433562,2010/11,2011-02-22,"Vidarbha Cricket Association Stadium, Jamtha",2,30.4,England,Netherlands,IJL Trott,IR Bell,BP Loots,0,0,,,,,,,,,
433562,2010/11,2011-02-22,"Vidarbha Cricket Association Stadium, Jamtha",2,30.5,England,Netherlands,IJL Trott,IR Bell,BP Loots,0,0,,,,,,,,,
433562,2010/11,2011-02-22,"Vidarbha Cricket Association Stadium, Jamtha",2,30.6,England,Netherlands,IJL Trott,IR Bell,BP Loots,1,0,,,,,,,,,
433562,2010/11,2011-02-22,"Vidarbha Cricket Association Stadium, Jamtha",2,31.1,England,Netherlands,IJL Trott,IR Bell,Mudassar Bukhari,0,0,,,,,,,,,
433562,2010/11,2011-02-22,"Vidarbha Cricket Association Stadium, Jamtha",2,31.2,England,Netherlands,IJL Trott,IR Bell,Mudassar Bukhari,1,0,,,,,,,,,
433562,2010/11,2011-02-22,"Vidarbha Cricket Association Stadium, Jamtha",2,31.3,England,Netherlands,IR Bell,IJL Trott,Mudassar Bukhari,0,0,,,,,,,,,
433562,2010/11,2011-02-22,"Vidarbha Cricket Association Stadium, Jamtha",2,31.4,England,Netherlands,IR Bell,IJL Trott,Mudassar Bukhari,1,0,,,,,,,,,
433562,2010/11,2011-02-22,"Vidarbha Cricket Association Stadium, Jamtha",2,31.5,England,Netherlands,IJL Trott,IR Bell,Mudassar Bukhari,1,0,,,,,,,,,
433562,2010/11,2011-02-22,"Vidarbha Cricket Association Stadium, Jamtha",2,31.6,England,Netherlands,IR Bell,IJL Trott,Mudassar Bukhari,0,0,,,,,,,,,
433562,2010/11,2011-02-22,"Vidarbha Cricket Association Stadium, Jamtha",2,32.1,England,Netherlands,IJL Trott,IR Bell,BP Loots,1,0,,,,,,,,,
433562,2010/11,2011-02-22,"Vidarbha Cricket Association Stadium, Jamtha",2,32.2,England,Netherlands,IR Bell,IJL Trott,BP Loots,1,0,,,,,,,,,
433562,2010/11,2011-02-22,"Vidarbha Cricket Association Stadium, Jamtha",2,32.3,England,Netherlands,IJL Trott,IR Bell,BP Loots,0,0,,,,,,,,,
433562,2010/11,2011-02-22,"Vidarbha Cricket Association Stadium, Jamtha",2,32.4,England,Netherlands,IJL Trott,IR Bell,BP Loots,1,0,,,,,,,,,
433562,2010/11,2011-02-22,"Vidarbha Cricket Association Stadium, Jamtha",2,32.5,England,Netherlands,IR Bell,IJL Trott,BP Loots,2,0,,,,,,,,,
433562,2010/11,2011-02-22,"Vidarbha Cricket Association Stadium, Jamtha",2,32.6,England,Netherlands,IR Bell,IJL Trott,BP Loots,0,0,,,,,,,,,
433562,2010/11,2011-02-22,"Vidarbha Cricket Association Stadium, Jamtha",2,33.1,England,Netherlands,IJL Trott,IR Bell,PM Seelaar,1,0,,,,,,,,,
433562,2010/11,2011-02-22,"Vidarbha Cricket Association Stadium, Jamtha",2,33.2,England,Netherlands,IR Bell,IJL Trott,PM Seelaar,0,0,,,,,,,,,
433562,2010/11,2011-02-22,"Vidarbha Cricket Association Stadium, Jamtha",2,33.3,England,Netherlands,IR Bell,IJL Trott,PM Seelaar,0,0,,,,,,,,,
433562,2010/11,2011-02-22,"Vidarbha Cricket Association Stadium, Jamtha",2,33.4,England,Netherlands,IR Bell,IJL Trott,PM Seelaar,2,0,,,,,,,,,
433562,2010/11,2011-02-22,"Vidarbha Cricket Association Stadium, Jamtha",2,33.5,England,Netherlands,IR Bell,IJL Trott,PM Seelaar,2,0,,,,,,,,,
433562,2010/11,2011-02-22,"Vidarbha Cricket Association Stadium, Jamtha",2,33.6,England,Netherlands,IR Bell,IJL Trott,PM Seelaar,0,0,,,,,,,,,
433562,2010/11,2011-02-22,"Vidarbha Cricket Association Stadium, Jamtha",2,34.1,England,Netherlands,IJL Trott,IR Bell,BP Loots,0,0,,,,,,,,,
433562,2010/11,2011-02-22,"Vidarbha Cricket Association Stadium, Jamtha",2,34.2,England,Netherlands,IJL Trott,IR Bell,BP Loots,1,0,,,,,,,,,
433562,2010/11,2011-02-22,"Vidarbha Cricket Association Stadium, Jamtha",2,34.3,England,Netherlands,IR Bell,IJL Trott,BP Loots,1,0,,,,,,,,,
433562,2010/11,2011-02-22,"Vidarbha Cricket Association Stadium, Jamtha",2,34.4,England,Netherlands,IJL Trott,IR Bell,BP Loots,0,0,,,,,,,,,
433562,2010/11,2011-02-22,"Vidarbha Cricket Association Stadium, Jamtha",2,34.5,England,Netherlands,IJL Trott,IR Bell,BP Loots,1,0,,,,,,,,,
433562,2010/11,2011-02-22,"Vidarbha Cricket Association Stadium, Jamtha",2,34.6,England,Netherlands,IR Bell,IJL Trott,BP Loots,1,0,,,,,,,,,
433562,2010/11,2011-02-22,"Vidarbha Cricket Association Stadium, Jamtha",2,35.1,England,Netherlands,IR Bell,IJL Trott,Mudassar Bukhari,1,0,,,,,,,,,
433562,2010/11,2011-02-22,"Vidarbha Cricket Association Stadium, Jamtha",2,35.2,England,Netherlands,IJL Trott,IR Bell,Mudassar Bukhari,2,0,,,,,,,,,
433562,2010/11,2011-02-22,"Vidarbha Cricket Association Stadium, Jamtha",2,35.3,England,Netherlands,IJL Trott,IR Bell,Mudassar Bukhari,4,0,,,,,,,,,
433562,2010/11,2011-02-22,"Vidarbha Cricket Association Stadium, Jamtha",2,35.4,England,Netherlands,IJL Trott,IR Bell,Mudassar Bukhari,1,0,,,,,,,,,
433562,2010/11,2011-02-22,"Vidarbha Cricket Association Stadium, Jamtha",2,35.5,England,Netherlands,IR Bell,IJL Trott,Mudassar Bukhari,0,0,,,,,,,,,
433562,2010/11,2011-02-22,"Vidarbha Cricket Association Stadium, Jamtha",2,35.6,England,Netherlands,IR Bell,IJL Trott,Mudassar Bukhari,0,0,,,,,,,,,
433562,2010/11,2011-02-22,"Vidarbha Cricket Association Stadium, Jamtha",2,36.1,England,Netherlands,IJL Trott,IR Bell,BP Loots,0,0,,,,,,,,,
433562,2010/11,2011-02-22,"Vidarbha Cricket Association Stadium, Jamtha",2,36.2,England,Netherlands,IJL Trott,IR Bell,BP Loots,1,0,,,,,,,,,
433562,2010/11,2011-02-22,"Vidarbha Cricket Association Stadium, Jamtha",2,36.3,England,Netherlands,IR Bell,IJL Trott,BP Loots,0,0,,,,,,,,,
433562,2010/11,2011-02-22,"Vidarbha Cricket Association Stadium, Jamtha",2,36.4,England,Netherlands,IR Bell,IJL Trott,BP Loots,0,0,,,,,,,,,
433562,2010/11,2011-02-22,"Vidarbha Cricket Association Stadium, Jamtha",2,36.5,England,Netherlands,IR Bell,IJL Trott,BP Loots,1,0,,,,,,,,,
433562,2010/11,2011-02-22,"Vidarbha Cricket Association Stadium, Jamtha",2,36.6,England,Netherlands,IJL Trott,IR Bell,BP Loots,1,0,,,,,,,,,
433562,2010/11,2011-02-22,"Vidarbha Cricket Association Stadium, Jamtha",2,37.1,England,Netherlands,IJL Trott,IR Bell,PM Seelaar,1,0,,,,,,,,,
433562,2010/11,2011-02-22,"Vidarbha Cricket Association Stadium, Jamtha",2,37.2,England,Netherlands,IR Bell,IJL Trott,PM Seelaar,1,0,,,,,,,,,
433562,2010/11,2011-02-22,"Vidarbha Cricket Association Stadium, Jamtha",2,37.3,England,Netherlands,IJL Trott,IR Bell,PM Seelaar,0,1,,,,1,,,,,
433562,2010/11,2011-02-22,"Vidarbha Cricket Association Stadium, Jamtha",2,37.4,England,Netherlands,IR Bell,IJL Trott,PM Seelaar,1,0,,,,,,,,,
433562,2010/11,2011-02-22,"Vidarbha Cricket Association Stadium, Jamtha",2,37.5,England,Netherlands,IJL Trott,IR Bell,PM Seelaar,2,0,,,,,,,,,
433562,2010/11,2011-02-22,"Vidarbha Cricket Association Stadium, Jamtha",2,37.6,England,Netherlands,IJL Trott,IR Bell,PM Seelaar,1,0,,,,,,,,,
433562,2010/11,2011-02-22,"Vidarbha Cricket Association Stadium, Jamtha",2,38.1,England,Netherlands,IJL Trott,IR Bell,BA Westdijk,1,0,,,,,,,,,
433562,2010/11,2011-02-22,"Vidarbha Cricket Association Stadium, Jamtha",2,38.2,England,Netherlands,IR Bell,IJL Trott,BA Westdijk,1,0,,,,,,,,,
433562,2010/11,2011-02-22,"Vidarbha Cricket Association Stadium, Jamtha",2,38.3,England,Netherlands,IJL Trott,IR Bell,BA Westdijk,4,0,,,,,,,,,
433562,2010/11,2011-02-22,"Vidarbha Cricket Association Stadium, Jamtha",2,38.4,England,Netherlands,IJL Trott,IR Bell,BA Westdijk,0,0,,,,,,,,,
433562,2010/11,2011-02-22,"Vidarbha Cricket Association Stadium, Jamtha",2,38.5,England,Netherlands,IJL Trott,IR Bell,BA Westdijk,1,0,,,,,,,,,
433562,2010/11,2011-02-22,"Vidarbha Cricket Association Stadium, Jamtha",2,38.6,England,Netherlands,IR Bell,IJL Trott,BA Westdijk,1,0,,,,,,,,,
433562,2010/11,2011-02-22,"Vidarbha Cricket Association Stadium, Jamtha",2,39.1,England,Netherlands,IR Bell,IJL Trott,PM Seelaar,2,0,,,,,,,,,
433562,2010/11,2011-02-22,"Vidarbha Cricket Association Stadium, Jamtha",2,39.2,England,Netherlands,IR Bell,IJL Trott,PM Seelaar,0,0,,,,,,,,,
433562,2010/11,2011-02-22,"Vidarbha Cricket Association Stadium, Jamtha",2,39.3,England,Netherlands,IR Bell,IJL Trott,PM Seelaar,0,0,,,,,,,,,
433562,2010/11,2011-02-22,"Vidarbha Cricket Association Stadium, Jamtha",2,39.4,England,Netherlands,IR Bell,IJL Trott,PM Seelaar,1,0,,,,,,,,,
433562,2010/11,2011-02-22,"Vidarbha Cricket Association Stadium, Jamtha",2,39.5,England,Netherlands,IJL Trott,IR Bell,PM Seelaar,2,0,,,,,,,,,
433562,2010/11,2011-02-22,"Vidarbha Cricket Association Stadium, Jamtha",2,39.6,England,Netherlands,IJL Trott,IR Bell,PM Seelaar,2,0,,,,,,,,,
433562,2010/11,2011-02-22,"Vidarbha Cricket Association Stadium, Jamtha",2,40.1,England,Netherlands,IR Bell,IJL Trott,RN ten Doeschate,1,0,,,,,,,,,
433562,2010/11,2011-02-22,"Vidarbha Cricket Association Stadium, Jamtha",2,40.2,England,Netherlands,IJL Trott,IR Bell,RN ten Doeschate,0,1,1,,,,,stumped,IJL Trott,,
433562,2010/11,2011-02-22,"Vidarbha Cricket Association Stadium, Jamtha",2,40.3,England,Netherlands,PD Collingwood,IR Bell,RN ten Doeschate,1,0,,,,,,,,,
433562,2010/11,2011-02-22,"Vidarbha Cricket Association Stadium, Jamtha",2,40.4,England,Netherlands,IR Bell,PD Collingwood,RN ten Doeschate,1,0,,,,,,,,,
433562,2010/11,2011-02-22,"Vidarbha Cricket Association Stadium, Jamtha",2,40.5,England,Netherlands,PD Collingwood,IR Bell,RN ten Doeschate,0,0,,,,,,,,,
433562,2010/11,2011-02-22,"Vidarbha Cricket Association Stadium, Jamtha",2,40.6,England,Netherlands,PD Collingwood,IR Bell,RN ten Doeschate,1,0,,,,,,,,,
433562,2010/11,2011-02-22,"Vidarbha Cricket Association Stadium, Jamtha",2,40.7,England,Netherlands,IR Bell,PD Collingwood,RN ten Doeschate,2,0,,,,,,,,,
433562,2010/11,2011-02-22,"Vidarbha Cricket Association Stadium, Jamtha",2,41.1,England,Netherlands,PD Collingwood,IR Bell,Mudassar Bukhari,0,0,,,,,,,,,
433562,2010/11,2011-02-22,"Vidarbha Cricket Association Stadium, Jamtha",2,41.2,England,Netherlands,PD Collingwood,IR Bell,Mudassar Bukhari,2,0,,,,,,,,,
433562,2010/11,2011-02-22,"Vidarbha Cricket Association Stadium, Jamtha",2,41.3,England,Netherlands,PD Collingwood,IR Bell,Mudassar Bukhari,0,0,,,,,,,,,
433562,2010/11,2011-02-22,"Vidarbha Cricket Association Stadium, Jamtha",2,41.4,England,Netherlands,PD Collingwood,IR Bell,Mudassar Bukhari,0,1,,,,1,,,,,
433562,2010/11,2011-02-22,"Vidarbha Cricket Association Stadium, Jamtha",2,41.5,England,Netherlands,IR Bell,PD Collingwood,Mudassar Bukhari,4,0,,,,,,,,,
433562,2010/11,2011-02-22,"Vidarbha Cricket Association Stadium, Jamtha",2,41.6,England,Netherlands,IR Bell,PD Collingwood,Mudassar Bukhari,1,0,,,,,,,,,
433562,2010/11,2011-02-22,"Vidarbha Cricket Association Stadium, Jamtha",2,42.1,England,Netherlands,IR Bell,PD Collingwood,RN ten Doeschate,1,0,,,,,,,,,
433562,2010/11,2011-02-22,"Vidarbha Cricket Association Stadium, Jamtha",2,42.2,England,Netherlands,PD Collingwood,IR Bell,RN ten Doeschate,1,0,,,,,,,,,
433562,2010/11,2011-02-22,"Vidarbha Cricket Association Stadium, Jamtha",2,42.3,England,Netherlands,IR Bell,PD Collingwood,RN ten Doeschate,0,0,,,,,,,,,
433562,2010/11,2011-02-22,"Vidarbha Cricket Association Stadium, Jamtha",2,42.4,England,Netherlands,IR Bell,PD Collingwood,RN ten Doeschate,1,0,,,,,,,,,
433562,2010/11,2011-02-22,"Vidarbha Cricket Association Stadium, Jamtha",2,42.5,England,Netherlands,PD Collingwood,IR Bell,RN ten Doeschate,1,0,,,,,,,,,
433562,2010/11,2011-02-22,"Vidarbha Cricket Association Stadium, Jamtha",2,42.6,England,Netherlands,IR Bell,PD Collingwood,RN ten Doeschate,0,0,,,,,,bowled,IR Bell,,
433562,2010/11,2011-02-22,"Vidarbha Cricket Association Stadium, Jamtha",2,43.1,England,Netherlands,PD Collingwood,RS Bopara,Mudassar Bukhari,0,0,,,,,,,,,
433562,2010/11,2011-02-22,"Vidarbha Cricket Association Stadium, Jamtha",2,43.2,England,Netherlands,PD Collingwood,RS Bopara,Mudassar Bukhari,4,0,,,,,,,,,
433562,2010/11,2011-02-22,"Vidarbha Cricket Association Stadium, Jamtha",2,43.3,England,Netherlands,PD Collingwood,RS Bopara,Mudassar Bukhari,1,0,,,,,,,,,
433562,2010/11,2011-02-22,"Vidarbha Cricket Association Stadium, Jamtha",2,43.4,England,Netherlands,RS Bopara,PD Collingwood,Mudassar Bukhari,0,0,,,,,,,,,
433562,2010/11,2011-02-22,"Vidarbha Cricket Association Stadium, Jamtha",2,43.5,England,Netherlands,RS Bopara,PD Collingwood,Mudassar Bukhari,1,0,,,,,,,,,
433562,2010/11,2011-02-22,"Vidarbha Cricket Association Stadium, Jamtha",2,43.6,England,Netherlands,PD Collingwood,RS Bopara,Mudassar Bukhari,2,0,,,,,,,,,
433562,2010/11,2011-02-22,"Vidarbha Cricket Association Stadium, Jamtha",2,44.1,England,Netherlands,RS Bopara,PD Collingwood,BP Loots,0,0,,,,,,,,,
433562,2010/11,2011-02-22,"Vidarbha Cricket Association Stadium, Jamtha",2,44.2,England,Netherlands,RS Bopara,PD Collingwood,BP Loots,1,0,,,,,,,,,
433562,2010/11,2011-02-22,"Vidarbha Cricket Association Stadium, Jamtha",2,44.3,England,Netherlands,PD Collingwood,RS Bopara,BP Loots,0,0,,,,,,,,,
433562,2010/11,2011-02-22,"Vidarbha Cricket Association Stadium, Jamtha",2,44.4,England,Netherlands,PD Collingwood,RS Bopara,BP Loots,4,0,,,,,,,,,
433562,2010/11,2011-02-22,"Vidarbha Cricket Association Stadium, Jamtha",2,44.5,England,Netherlands,PD Collingwood,RS Bopara,BP Loots,1,0,,,,,,,,,
433562,2010/11,2011-02-22,"Vidarbha Cricket Association Stadium, Jamtha",2,44.6,England,Netherlands,RS Bopara,PD Collingwood,BP Loots,1,0,,,,,,,,,
433562,2010/11,2011-02-22,"Vidarbha Cricket Association Stadium, Jamtha",2,45.1,England,Netherlands,RS Bopara,PD Collingwood,PM Seelaar,0,0,,,,,,,,,
433562,2010/11,2011-02-22,"Vidarbha Cricket Association Stadium, Jamtha",2,45.2,England,Netherlands,RS Bopara,PD Collingwood,PM Seelaar,1,0,,,,,,,,,
433562,2010/11,2011-02-22,"Vidarbha Cricket Association Stadium, Jamtha",2,45.3,England,Netherlands,PD Collingwood,RS Bopara,PM Seelaar,1,0,,,,,,,,,
433562,2010/11,2011-02-22,"Vidarbha Cricket Association Stadium, Jamtha",2,45.4,England,Netherlands,RS Bopara,PD Collingwood,PM Seelaar,0,0,,,,,,,,,
433562,2010/11,2011-02-22,"Vidarbha Cricket Association Stadium, Jamtha",2,45.5,England,Netherlands,RS Bopara,PD Collingwood,PM Seelaar,1,0,,,,,,,,,
433562,2010/11,2011-02-22,"Vidarbha Cricket Association Stadium, Jamtha",2,45.6,England,Netherlands,PD Collingwood,RS Bopara,PM Seelaar,1,0,,,,,,,,,
433562,2010/11,2011-02-22,"Vidarbha Cricket Association Stadium, Jamtha",2,46.1,England,Netherlands,PD Collingwood,RS Bopara,BP Loots,4,0,,,,,,,,,
433562,2010/11,2011-02-22,"Vidarbha Cricket Association Stadium, Jamtha",2,46.2,England,Netherlands,PD Collingwood,RS Bopara,BP Loots,1,0,,,,,,,,,
433562,2010/11,2011-02-22,"Vidarbha Cricket Association Stadium, Jamtha",2,46.3,England,Netherlands,RS Bopara,PD Collingwood,BP Loots,2,0,,,,,,,,,
433562,2010/11,2011-02-22,"Vidarbha Cricket Association Stadium, Jamtha",2,46.4,England,Netherlands,RS Bopara,PD Collingwood,BP Loots,1,0,,,,,,,,,
433562,2010/11,2011-02-22,"Vidarbha Cricket Association Stadium, Jamtha",2,46.5,England,Netherlands,PD Collingwood,RS Bopara,BP Loots,1,0,,,,,,,,,
433562,2010/11,2011-02-22,"Vidarbha Cricket Association Stadium, Jamtha",2,46.6,England,Netherlands,RS Bopara,PD Collingwood,BP Loots,1,0,,,,,,,,,
433562,2010/11,2011-02-22,"Vidarbha Cricket Association Stadium, Jamtha",2,47.1,England,Netherlands,RS Bopara,PD Collingwood,PM Seelaar,1,0,,,,,,,,,
433562,2010/11,2011-02-22,"Vidarbha Cricket Association Stadium, Jamtha",2,47.2,England,Netherlands,PD Collingwood,RS Bopara,PM Seelaar,3,0,,,,,,,,,
433562,2010/11,2011-02-22,"Vidarbha Cricket Association Stadium, Jamtha",2,47.3,England,Netherlands,RS Bopara,PD Collingwood,PM Seelaar,0,1,1,,,,,,,,
433562,2010/11,2011-02-22,"Vidarbha Cricket Association Stadium, Jamtha",2,47.4,England,Netherlands,RS Bopara,PD Collingwood,PM Seelaar,1,0,,,,,,,,,
433562,2010/11,2011-02-22,"Vidarbha Cricket Association Stadium, Jamtha",2,47.5,England,Netherlands,PD Collingwood,RS Bopara,PM Seelaar,1,0,,,,,,,,,
433562,2010/11,2011-02-22,"Vidarbha Cricket Association Stadium, Jamtha",2,47.6,England,Netherlands,RS Bopara,PD Collingwood,PM Seelaar,2,0,,,,,,,,,
433562,2010/11,2011-02-22,"Vidarbha Cricket Association Stadium, Jamtha",2,47.7,England,Netherlands,RS Bopara,PD Collingwood,PM Seelaar,1,0,,,,,,,,,
433562,2010/11,2011-02-22,"Vidarbha Cricket Association Stadium, Jamtha",2,48.1,England,Netherlands,RS Bopara,PD Collingwood,BP Loots,6,0,,,,,,,,,
433562,2010/11,2011-02-22,"Vidarbha Cricket Association Stadium, Jamtha",2,48.2,England,Netherlands,RS Bopara,PD Collingwood,BP Loots,2,0,,,,,,,,,
433562,2010/11,2011-02-22,"Vidarbha Cricket Association Stadium, Jamtha",2,48.3,England,Netherlands,RS Bopara,PD Collingwood,BP Loots,4,0,,,,,,,,,
433562,2010/11,2011-02-22,"Vidarbha Cricket Association Stadium, Jamtha",2,48.4,England,Netherlands,RS Bopara,PD Collingwood,BP Loots,4,0,,,,,,,,,
