match_id,season,start_date,venue,innings,ball,batting_team,bowling_team,striker,non_striker,bowler,runs_off_bat,extras,wides,noballs,byes,legbyes,penalty,wicket_type,player_dismissed,other_wicket_type,other_player_dismissed
439141,2009/10,2010-03-06,Providence Stadium,1,0.1,Zimbabwe,West Indies,H Masakadza,V Sibanda,KAJ Roach,0,1,,,1,,,,,,
439141,2009/10,2010-03-06,Providence Stadium,1,0.2,Zimbabwe,West Indies,V Sibanda,H Masakadza,KAJ Roach,0,0,,,,,,,,,
439141,2009/10,2010-03-06,Providence Stadium,1,0.3,Zimbabwe,West Indies,V Sibanda,H Masakadza,KAJ Roach,4,0,,,,,,,,,
439141,2009/10,2010-03-06,Providence Stadium,1,0.4,Zimbabwe,West Indies,V Sibanda,H Masakadza,KAJ Roach,1,0,,,,,,,,,
439141,2009/10,2010-03-06,Providence Stadium,1,0.5,Zimbabwe,West Indies,H Masakadza,V Sibanda,KAJ Roach,0,0,,,,,,run out,V Sibanda,,
439141,2009/10,2010-03-06,Providence Stadium,1,0.6,Zimbabwe,West Indies,BRM Taylor,H Masakadza,KAJ Roach,0,0,,,,,,,,,
439141,2009/10,2010-03-06,Providence Stadium,1,1.1,Zimbabwe,West Indies,H Masakadza,BRM Taylor,DE Bernard,0,0,,,,,,,,,
439141,2009/10,2010-03-06,Providence Stadium,1,1.2,Zimbabwe,West Indies,H Masakadza,BRM Taylor,DE Bernard,0,0,,,,,,,,,
439141,2009/10,2010-03-06,Providence Stadium,1,1.3,Zimbabwe,West Indies,H Masakadza,BRM Taylor,DE Bernard,0,1,1,,,,,,,,
439141,2009/10,2010-03-06,Providence Stadium,1,1.4,Zimbabwe,West Indies,H Masakadza,BRM Taylor,DE Bernard,0,0,,,,,,,,,
439141,2009/10,2010-03-06,Providence Stadium,1,1.5,Zimbabwe,West Indies,H Masakadza,BRM Taylor,DE Bernard,0,0,,,,,,,,,
439141,2009/10,2010-03-06,Providence Stadium,1,1.6,Zimbabwe,West Indies,H Masakadza,BRM Taylor,DE Bernard,0,4,,,,4,,,,,
439141,2009/10,2010-03-06,Providence Stadium,1,1.7,Zimbabwe,West Indies,H Masakadza,BRM Taylor,DE Bernard,0,0,,,,,,,,,
439141,2009/10,2010-03-06,Providence Stadium,1,2.1,Zimbabwe,West Indies,BRM Taylor,H Masakadza,KAJ Roach,0,0,,,,,,,,,
439141,2009/10,2010-03-06,Providence Stadium,1,2.2,Zimbabwe,West Indies,BRM Taylor,H Masakadza,KAJ Roach,0,0,,,,,,,,,
439141,2009/10,2010-03-06,Providence Stadium,1,2.3,Zimbabwe,West Indies,BRM Taylor,H Masakadza,KAJ Roach,6,0,,,,,,,,,
439141,2009/10,2010-03-06,Providence Stadium,1,2.4,Zimbabwe,West Indies,BRM Taylor,H Masakadza,KAJ Roach,1,0,,,,,,,,,
439141,2009/10,2010-03-06,Providence Stadium,1,2.5,Zimbabwe,West Indies,H Masakadza,BRM Taylor,KAJ Roach,0,0,,,,,,,,,
439141,2009/10,2010-03-06,Providence Stadium,1,2.6,Zimbabwe,West Indies,H Masakadza,BRM Taylor,KAJ Roach,0,0,,,,,,,,,
439141,2009/10,2010-03-06,Providence Stadium,1,3.1,Zimbabwe,West Indies,BRM Taylor,H Masakadza,DE Bernard,0,0,,,,,,,,,
439141,2009/10,2010-03-06,Providence Stadium,1,3.2,Zimbabwe,West Indies,BRM Taylor,H Masakadza,DE Bernard,0,0,,,,,,,,,
439141,2009/10,2010-03-06,Providence Stadium,1,3.3,Zimbabwe,West Indies,BRM Taylor,H Masakadza,DE Bernard,0,0,,,,,,,,,
439141,2009/10,2010-03-06,Providence Stadium,1,3.4,Zimbabwe,West Indies,BRM Taylor,H Masakadza,DE Bernard,0,0,,,,,,,,,
439141,2009/10,2010-03-06,Providence Stadium,1,3.5,Zimbabwe,West Indies,BRM Taylor,H Masakadza,DE Bernard,0,0,,,,,,,,,
439141,2009/10,2010-03-06,Providence Stadium,1,3.6,Zimbabwe,West Indies,BRM Taylor,H Masakadza,DE Bernard,0,0,,,,,,,,,
439141,2009/10,2010-03-06,Providence Stadium,1,4.1,Zimbabwe,West Indies,H Masakadza,BRM Taylor,KAJ Roach,0,0,,,,,,,,,
439141,2009/10,2010-03-06,Providence Stadium,1,4.2,Zimbabwe,West Indies,H Masakadza,BRM Taylor,KAJ Roach,0,0,,,,,,,,,
439141,2009/10,2010-03-06,Providence Stadium,1,4.3,Zimbabwe,West Indies,H Masakadza,BRM Taylor,KAJ Roach,0,0,,,,,,,,,
439141,2009/10,2010-03-06,Providence Stadium,1,4.4,Zimbabwe,West Indies,H Masakadza,BRM Taylor,KAJ Roach,1,0,,,,,,,,,
439141,2009/10,2010-03-06,Providence Stadium,1,4.5,Zimbabwe,West Indies,BRM Taylor,H Masakadza,KAJ Roach,0,0,,,,,,,,,
439141,2009/10,2010-03-06,Providence Stadium,1,4.6,Zimbabwe,West Indies,BRM Taylor,H Masakadza,KAJ Roach,0,0,,,,,,,,,
439141,2009/10,2010-03-06,Providence Stadium,1,5.1,Zimbabwe,West Indies,H Masakadza,BRM Taylor,DE Bernard,0,0,,,,,,,,,
439141,2009/10,2010-03-06,Providence Stadium,1,5.2,Zimbabwe,West Indies,H Masakadza,BRM Taylor,DE Bernard,4,0,,,,,,,,,
439141,2009/10,2010-03-06,Providence Stadium,1,5.3,Zimbabwe,West Indies,H Masakadza,BRM Taylor,DE Bernard,0,0,,,,,,,,,
439141,2009/10,2010-03-06,Providence Stadium,1,5.4,Zimbabwe,West Indies,H Masakadza,BRM Taylor,DE Bernard,4,0,,,,,,,,,
439141,2009/10,2010-03-06,Providence Stadium,1,5.5,Zimbabwe,West Indies,H Masakadza,BRM Taylor,DE Bernard,1,0,,,,,,,,,
439141,2009/10,2010-03-06,Providence Stadium,1,5.6,Zimbabwe,West Indies,BRM Taylor,H Masakadza,DE Bernard,2,0,,,,,,,,,
439141,2009/10,2010-03-06,Providence Stadium,1,6.1,Zimbabwe,West Indies,H Masakadza,BRM Taylor,KAJ Roach,0,0,,,,,,,,,
439141,2009/10,2010-03-06,Providence Stadium,1,6.2,Zimbabwe,West Indies,H Masakadza,BRM Taylor,KAJ Roach,4,0,,,,,,,,,
439141,2009/10,2010-03-06,Providence Stadium,1,6.3,Zimbabwe,West Indies,H Masakadza,BRM Taylor,KAJ Roach,0,0,,,,,,,,,
439141,2009/10,2010-03-06,Providence Stadium,1,6.4,Zimbabwe,West Indies,H Masakadza,BRM Taylor,KAJ Roach,0,0,,,,,,,,,
439141,2009/10,2010-03-06,Providence Stadium,1,6.5,Zimbabwe,West Indies,H Masakadza,BRM Taylor,KAJ Roach,0,0,,,,,,caught,H Masakadza,,
439141,2009/10,2010-03-06,Providence Stadium,1,6.6,Zimbabwe,West Indies,T Taibu,BRM Taylor,KAJ Roach,0,0,,,,,,,,,
439141,2009/10,2010-03-06,Providence Stadium,1,7.1,Zimbabwe,West Indies,BRM Taylor,T Taibu,DE Bernard,0,0,,,,,,,,,
439141,2009/10,2010-03-06,Providence Stadium,1,7.2,Zimbabwe,West Indies,BRM Taylor,T Taibu,DE Bernard,0,0,,,,,,,,,
439141,2009/10,2010-03-06,Providence Stadium,1,7.3,Zimbabwe,West Indies,BRM Taylor,T Taibu,DE Bernard,4,0,,,,,,,,,
439141,2009/10,2010-03-06,Providence Stadium,1,7.4,Zimbabwe,West Indies,BRM Taylor,T Taibu,DE Bernard,1,0,,,,,,,,,
439141,2009/10,2010-03-06,Providence Stadium,1,7.5,Zimbabwe,West Indies,T Taibu,BRM Taylor,DE Bernard,1,0,,,,,,,,,
439141,2009/10,2010-03-06,Providence Stadium,1,7.6,Zimbabwe,West Indies,BRM Taylor,T Taibu,DE Bernard,4,0,,,,,,,,,
439141,2009/10,2010-03-06,Providence Stadium,1,8.1,Zimbabwe,West Indies,T Taibu,BRM Taylor,KAJ Roach,0,0,,,,,,,,,
439141,2009/10,2010-03-06,Providence Stadium,1,8.2,Zimbabwe,West Indies,T Taibu,BRM Taylor,KAJ Roach,1,0,,,,,,,,,
439141,2009/10,2010-03-06,Providence Stadium,1,8.3,Zimbabwe,West Indies,BRM Taylor,T Taibu,KAJ Roach,0,0,,,,,,,,,
439141,2009/10,2010-03-06,Providence Stadium,1,8.4,Zimbabwe,West Indies,BRM Taylor,T Taibu,KAJ Roach,0,0,,,,,,,,,
439141,2009/10,2010-03-06,Providence Stadium,1,8.5,Zimbabwe,West Indies,BRM Taylor,T Taibu,KAJ Roach,1,0,,,,,,,,,
439141,2009/10,2010-03-06,Providence Stadium,1,8.6,Zimbabwe,West Indies,T Taibu,BRM Taylor,KAJ Roach,4,0,,,,,,,,,
439141,2009/10,2010-03-06,Providence Stadium,1,9.1,Zimbabwe,West Indies,BRM Taylor,T Taibu,SJ Benn,0,0,,,,,,,,,
439141,2009/10,2010-03-06,Providence Stadium,1,9.2,Zimbabwe,West Indies,BRM Taylor,T Taibu,SJ Benn,0,0,,,,,,,,,
439141,2009/10,2010-03-06,Providence Stadium,1,9.3,Zimbabwe,West Indies,BRM Taylor,T Taibu,SJ Benn,0,0,,,,,,,,,
439141,2009/10,2010-03-06,Providence Stadium,1,9.4,Zimbabwe,West Indies,BRM Taylor,T Taibu,SJ Benn,0,0,,,,,,,,,
439141,2009/10,2010-03-06,Providence Stadium,1,9.5,Zimbabwe,West Indies,BRM Taylor,T Taibu,SJ Benn,2,0,,,,,,,,,
439141,2009/10,2010-03-06,Providence Stadium,1,9.6,Zimbabwe,West Indies,BRM Taylor,T Taibu,SJ Benn,0,0,,,,,,,,,
439141,2009/10,2010-03-06,Providence Stadium,1,10.1,Zimbabwe,West Indies,T Taibu,BRM Taylor,DJG Sammy,1,0,,,,,,,,,
439141,2009/10,2010-03-06,Providence Stadium,1,10.2,Zimbabwe,West Indies,BRM Taylor,T Taibu,DJG Sammy,0,0,,,,,,,,,
439141,2009/10,2010-03-06,Providence Stadium,1,10.3,Zimbabwe,West Indies,BRM Taylor,T Taibu,DJG Sammy,0,0,,,,,,,,,
439141,2009/10,2010-03-06,Providence Stadium,1,10.4,Zimbabwe,West Indies,BRM Taylor,T Taibu,DJG Sammy,0,0,,,,,,,,,
439141,2009/10,2010-03-06,Providence Stadium,1,10.5,Zimbabwe,West Indies,BRM Taylor,T Taibu,DJG Sammy,1,0,,,,,,,,,
439141,2009/10,2010-03-06,Providence Stadium,1,10.6,Zimbabwe,West Indies,T Taibu,BRM Taylor,DJG Sammy,1,0,,,,,,,,,
439141,2009/10,2010-03-06,Providence Stadium,1,11.1,Zimbabwe,West Indies,T Taibu,BRM Taylor,SJ Benn,0,0,,,,,,,,,
439141,2009/10,2010-03-06,Providence Stadium,1,11.2,Zimbabwe,West Indies,T Taibu,BRM Taylor,SJ Benn,0,0,,,,,,,,,
439141,2009/10,2010-03-06,Providence Stadium,1,11.3,Zimbabwe,West Indies,T Taibu,BRM Taylor,SJ Benn,0,0,,,,,,,,,
439141,2009/10,2010-03-06,Providence Stadium,1,11.4,Zimbabwe,West Indies,T Taibu,BRM Taylor,SJ Benn,0,0,,,,,,,,,
439141,2009/10,2010-03-06,Providence Stadium,1,11.5,Zimbabwe,West Indies,T Taibu,BRM Taylor,SJ Benn,0,0,,,,,,,,,
439141,2009/10,2010-03-06,Providence Stadium,1,11.6,Zimbabwe,West Indies,T Taibu,BRM Taylor,SJ Benn,0,0,,,,,,,,,
439141,2009/10,2010-03-06,Providence Stadium,1,12.1,Zimbabwe,West Indies,BRM Taylor,T Taibu,DJG Sammy,0,0,,,,,,,,,
439141,2009/10,2010-03-06,Providence Stadium,1,12.2,Zimbabwe,West Indies,BRM Taylor,T Taibu,DJG Sammy,1,0,,,,,,,,,
439141,2009/10,2010-03-06,Providence Stadium,1,12.3,Zimbabwe,West Indies,T Taibu,BRM Taylor,DJG Sammy,0,0,,,,,,,,,
439141,2009/10,2010-03-06,Providence Stadium,1,12.4,Zimbabwe,West Indies,T Taibu,BRM Taylor,DJG Sammy,0,0,,,,,,,,,
439141,2009/10,2010-03-06,Providence Stadium,1,12.5,Zimbabwe,West Indies,T Taibu,BRM Taylor,DJG Sammy,1,0,,,,,,,,,
439141,2009/10,2010-03-06,Providence Stadium,1,12.6,Zimbabwe,West Indies,BRM Taylor,T Taibu,DJG Sammy,1,0,,,,,,,,,
439141,2009/10,2010-03-06,Providence Stadium,1,13.1,Zimbabwe,West Indies,BRM Taylor,T Taibu,SJ Benn,0,0,,,,,,,,,
439141,2009/10,2010-03-06,Providence Stadium,1,13.2,Zimbabwe,West Indies,BRM Taylor,T Taibu,SJ Benn,4,0,,,,,,,,,
439141,2009/10,2010-03-06,Providence Stadium,1,13.3,Zimbabwe,West Indies,BRM Taylor,T Taibu,SJ Benn,1,0,,,,,,,,,
439141,2009/10,2010-03-06,Providence Stadium,1,13.4,Zimbabwe,West Indies,T Taibu,BRM Taylor,SJ Benn,1,0,,,,,,,,,
439141,2009/10,2010-03-06,Providence Stadium,1,13.5,Zimbabwe,West Indies,BRM Taylor,T Taibu,SJ Benn,0,0,,,,,,,,,
439141,2009/10,2010-03-06,Providence Stadium,1,13.6,Zimbabwe,West Indies,BRM Taylor,T Taibu,SJ Benn,0,0,,,,,,,,,
439141,2009/10,2010-03-06,Providence Stadium,1,14.1,Zimbabwe,West Indies,T Taibu,BRM Taylor,DJG Sammy,0,0,,,,,,,,,
439141,2009/10,2010-03-06,Providence Stadium,1,14.2,Zimbabwe,West Indies,T Taibu,BRM Taylor,DJG Sammy,1,0,,,,,,,,,
439141,2009/10,2010-03-06,Providence Stadium,1,14.3,Zimbabwe,West Indies,BRM Taylor,T Taibu,DJG Sammy,0,0,,,,,,,,,
439141,2009/10,2010-03-06,Providence Stadium,1,14.4,Zimbabwe,West Indies,BRM Taylor,T Taibu,DJG Sammy,1,0,,,,,,,,,
439141,2009/10,2010-03-06,Providence Stadium,1,14.5,Zimbabwe,West Indies,T Taibu,BRM Taylor,DJG Sammy,1,0,,,,,,,,,
439141,2009/10,2010-03-06,Providence Stadium,1,14.6,Zimbabwe,West Indies,BRM Taylor,T Taibu,DJG Sammy,0,0,,,,,,,,,
439141,2009/10,2010-03-06,Providence Stadium,1,15.1,Zimbabwe,West Indies,T Taibu,BRM Taylor,SJ Benn,1,0,,,,,,,,,
439141,2009/10,2010-03-06,Providence Stadium,1,15.2,Zimbabwe,West Indies,BRM Taylor,T Taibu,SJ Benn,0,0,,,,,,,,,
439141,2009/10,2010-03-06,Providence Stadium,1,15.3,Zimbabwe,West Indies,BRM Taylor,T Taibu,SJ Benn,1,0,,,,,,,,,
439141,2009/10,2010-03-06,Providence Stadium,1,15.4,Zimbabwe,West Indies,T Taibu,BRM Taylor,SJ Benn,0,0,,,,,,,,,
439141,2009/10,2010-03-06,Providence Stadium,1,15.5,Zimbabwe,West Indies,T Taibu,BRM Taylor,SJ Benn,1,0,,,,,,,,,
439141,2009/10,2010-03-06,Providence Stadium,1,15.6,Zimbabwe,West Indies,BRM Taylor,T Taibu,SJ Benn,1,0,,,,,,,,,
439141,2009/10,2010-03-06,Providence Stadium,1,16.1,Zimbabwe,West Indies,BRM Taylor,T Taibu,DJG Sammy,0,0,,,,,,,,,
439141,2009/10,2010-03-06,Providence Stadium,1,16.2,Zimbabwe,West Indies,BRM Taylor,T Taibu,DJG Sammy,0,0,,,,,,,,,
439141,2009/10,2010-03-06,Providence Stadium,1,16.3,Zimbabwe,West Indies,BRM Taylor,T Taibu,DJG Sammy,1,0,,,,,,,,,
439141,2009/10,2010-03-06,Providence Stadium,1,16.4,Zimbabwe,West Indies,T Taibu,BRM Taylor,DJG Sammy,0,0,,,,,,,,,
439141,2009/10,2010-03-06,Providence Stadium,1,16.5,Zimbabwe,West Indies,T Taibu,BRM Taylor,DJG Sammy,0,0,,,,,,,,,
439141,2009/10,2010-03-06,Providence Stadium,1,16.6,Zimbabwe,West Indies,T Taibu,BRM Taylor,DJG Sammy,0,0,,,,,,,,,
439141,2009/10,2010-03-06,Providence Stadium,1,17.1,Zimbabwe,West Indies,BRM Taylor,T Taibu,SJ Benn,1,0,,,,,,,,,
439141,2009/10,2010-03-06,Providence Stadium,1,17.2,Zimbabwe,West Indies,T Taibu,BRM Taylor,SJ Benn,1,0,,,,,,,,,
439141,2009/10,2010-03-06,Providence Stadium,1,17.3,Zimbabwe,West Indies,BRM Taylor,T Taibu,SJ Benn,1,0,,,,,,,,,
439141,2009/10,2010-03-06,Providence Stadium,1,17.4,Zimbabwe,West Indies,T Taibu,BRM Taylor,SJ Benn,4,0,,,,,,,,,
439141,2009/10,2010-03-06,Providence Stadium,1,17.5,Zimbabwe,West Indies,T Taibu,BRM Taylor,SJ Benn,0,0,,,,,,,,,
439141,2009/10,2010-03-06,Providence Stadium,1,17.6,Zimbabwe,West Indies,T Taibu,BRM Taylor,SJ Benn,0,0,,,,,,,,,
439141,2009/10,2010-03-06,Providence Stadium,1,18.1,Zimbabwe,West Indies,BRM Taylor,T Taibu,DJG Sammy,4,0,,,,,,,,,
439141,2009/10,2010-03-06,Providence Stadium,1,18.2,Zimbabwe,West Indies,BRM Taylor,T Taibu,DJG Sammy,0,0,,,,,,,,,
439141,2009/10,2010-03-06,Providence Stadium,1,18.3,Zimbabwe,West Indies,BRM Taylor,T Taibu,DJG Sammy,0,0,,,,,,,,,
439141,2009/10,2010-03-06,Providence Stadium,1,18.4,Zimbabwe,West Indies,BRM Taylor,T Taibu,DJG Sammy,1,0,,,,,,,,,
439141,2009/10,2010-03-06,Providence Stadium,1,18.5,Zimbabwe,West Indies,T Taibu,BRM Taylor,DJG Sammy,1,0,,,,,,,,,
439141,2009/10,2010-03-06,Providence Stadium,1,18.6,Zimbabwe,West Indies,BRM Taylor,T Taibu,DJG Sammy,1,0,,,,,,,,,
439141,2009/10,2010-03-06,Providence Stadium,1,19.1,Zimbabwe,West Indies,BRM Taylor,T Taibu,SJ Benn,0,0,,,,,,,,,
439141,2009/10,2010-03-06,Providence Stadium,1,19.2,Zimbabwe,West Indies,BRM Taylor,T Taibu,SJ Benn,1,0,,,,,,,,,
439141,2009/10,2010-03-06,Providence Stadium,1,19.3,Zimbabwe,West Indies,T Taibu,BRM Taylor,SJ Benn,1,0,,,,,,,,,
439141,2009/10,2010-03-06,Providence Stadium,1,19.4,Zimbabwe,West Indies,BRM Taylor,T Taibu,SJ Benn,2,0,,,,,,,,,
439141,2009/10,2010-03-06,Providence Stadium,1,19.5,Zimbabwe,West Indies,BRM Taylor,T Taibu,SJ Benn,1,0,,,,,,,,,
439141,2009/10,2010-03-06,Providence Stadium,1,19.6,Zimbabwe,West Indies,T Taibu,BRM Taylor,SJ Benn,0,0,,,,,,,,,
439141,2009/10,2010-03-06,Providence Stadium,1,20.1,Zimbabwe,West Indies,BRM Taylor,T Taibu,CH Gayle,0,0,,,,,,,,,
439141,2009/10,2010-03-06,Providence Stadium,1,20.2,Zimbabwe,West Indies,BRM Taylor,T Taibu,CH Gayle,0,0,,,,,,,,,
439141,2009/10,2010-03-06,Providence Stadium,1,20.3,Zimbabwe,West Indies,BRM Taylor,T Taibu,CH Gayle,2,0,,,,,,,,,
439141,2009/10,2010-03-06,Providence Stadium,1,20.4,Zimbabwe,West Indies,BRM Taylor,T Taibu,CH Gayle,0,0,,,,,,,,,
439141,2009/10,2010-03-06,Providence Stadium,1,20.5,Zimbabwe,West Indies,BRM Taylor,T Taibu,CH Gayle,0,0,,,,,,,,,
439141,2009/10,2010-03-06,Providence Stadium,1,20.6,Zimbabwe,West Indies,BRM Taylor,T Taibu,CH Gayle,0,0,,,,,,lbw,BRM Taylor,,
439141,2009/10,2010-03-06,Providence Stadium,1,21.1,Zimbabwe,West Indies,T Taibu,S Matsikenyeri,NO Miller,1,0,,,,,,,,,
439141,2009/10,2010-03-06,Providence Stadium,1,21.2,Zimbabwe,West Indies,S Matsikenyeri,T Taibu,NO Miller,0,0,,,,,,,,,
439141,2009/10,2010-03-06,Providence Stadium,1,21.3,Zimbabwe,West Indies,S Matsikenyeri,T Taibu,NO Miller,1,0,,,,,,,,,
439141,2009/10,2010-03-06,Providence Stadium,1,21.4,Zimbabwe,West Indies,T Taibu,S Matsikenyeri,NO Miller,0,0,,,,,,,,,
439141,2009/10,2010-03-06,Providence Stadium,1,21.5,Zimbabwe,West Indies,T Taibu,S Matsikenyeri,NO Miller,0,0,,,,,,,,,
439141,2009/10,2010-03-06,Providence Stadium,1,21.6,Zimbabwe,West Indies,T Taibu,S Matsikenyeri,NO Miller,0,0,,,,,,,,,
439141,2009/10,2010-03-06,Providence Stadium,1,22.1,Zimbabwe,West Indies,S Matsikenyeri,T Taibu,CH Gayle,0,0,,,,,,,,,
439141,2009/10,2010-03-06,Providence Stadium,1,22.2,Zimbabwe,West Indies,S Matsikenyeri,T Taibu,CH Gayle,0,0,,,,,,,,,
439141,2009/10,2010-03-06,Providence Stadium,1,22.3,Zimbabwe,West Indies,S Matsikenyeri,T Taibu,CH Gayle,0,0,,,,,,,,,
439141,2009/10,2010-03-06,Providence Stadium,1,22.4,Zimbabwe,West Indies,S Matsikenyeri,T Taibu,CH Gayle,1,0,,,,,,,,,
439141,2009/10,2010-03-06,Providence Stadium,1,22.5,Zimbabwe,West Indies,T Taibu,S Matsikenyeri,CH Gayle,1,0,,,,,,,,,
439141,2009/10,2010-03-06,Providence Stadium,1,22.6,Zimbabwe,West Indies,S Matsikenyeri,T Taibu,CH Gayle,0,0,,,,,,,,,
439141,2009/10,2010-03-06,Providence Stadium,1,23.1,Zimbabwe,West Indies,T Taibu,S Matsikenyeri,NO Miller,2,0,,,,,,,,,
439141,2009/10,2010-03-06,Providence Stadium,1,23.2,Zimbabwe,West Indies,T Taibu,S Matsikenyeri,NO Miller,1,0,,,,,,,,,
439141,2009/10,2010-03-06,Providence Stadium,1,23.3,Zimbabwe,West Indies,S Matsikenyeri,T Taibu,NO Miller,0,0,,,,,,,,,
439141,2009/10,2010-03-06,Providence Stadium,1,23.4,Zimbabwe,West Indies,S Matsikenyeri,T Taibu,NO Miller,0,0,,,,,,,,,
439141,2009/10,2010-03-06,Providence Stadium,1,23.5,Zimbabwe,West Indies,S Matsikenyeri,T Taibu,NO Miller,0,0,,,,,,,,,
439141,2009/10,2010-03-06,Providence Stadium,1,23.6,Zimbabwe,West Indies,S Matsikenyeri,T Taibu,NO Miller,0,0,,,,,,caught,S Matsikenyeri,,
439141,2009/10,2010-03-06,Providence Stadium,1,24.1,Zimbabwe,West Indies,T Taibu,GA Lamb,CH Gayle,1,0,,,,,,,,,
439141,2009/10,2010-03-06,Providence Stadium,1,24.2,Zimbabwe,West Indies,GA Lamb,T Taibu,CH Gayle,0,0,,,,,,,,,
439141,2009/10,2010-03-06,Providence Stadium,1,24.3,Zimbabwe,West Indies,GA Lamb,T Taibu,CH Gayle,1,0,,,,,,,,,
439141,2009/10,2010-03-06,Providence Stadium,1,24.4,Zimbabwe,West Indies,T Taibu,GA Lamb,CH Gayle,0,0,,,,,,,,,
439141,2009/10,2010-03-06,Providence Stadium,1,24.5,Zimbabwe,West Indies,T Taibu,GA Lamb,CH Gayle,2,0,,,,,,,,,
439141,2009/10,2010-03-06,Providence Stadium,1,24.6,Zimbabwe,West Indies,T Taibu,GA Lamb,CH Gayle,0,0,,,,,,,,,
439141,2009/10,2010-03-06,Providence Stadium,1,25.1,Zimbabwe,West Indies,GA Lamb,T Taibu,NO Miller,0,0,,,,,,,,,
439141,2009/10,2010-03-06,Providence Stadium,1,25.2,Zimbabwe,West Indies,GA Lamb,T Taibu,NO Miller,1,0,,,,,,,,,
439141,2009/10,2010-03-06,Providence Stadium,1,25.3,Zimbabwe,West Indies,T Taibu,GA Lamb,NO Miller,2,0,,,,,,,,,
439141,2009/10,2010-03-06,Providence Stadium,1,25.4,Zimbabwe,West Indies,T Taibu,GA Lamb,NO Miller,0,0,,,,,,caught,T Taibu,,
439141,2009/10,2010-03-06,Providence Stadium,1,25.5,Zimbabwe,West Indies,GA Lamb,E Chigumbura,NO Miller,0,0,,,,,,,,,
439141,2009/10,2010-03-06,Providence Stadium,1,25.6,Zimbabwe,West Indies,GA Lamb,E Chigumbura,NO Miller,0,0,,,,,,,,,
439141,2009/10,2010-03-06,Providence Stadium,1,26.1,Zimbabwe,West Indies,E Chigumbura,GA Lamb,CH Gayle,0,0,,,,,,,,,
439141,2009/10,2010-03-06,Providence Stadium,1,26.2,Zimbabwe,West Indies,E Chigumbura,GA Lamb,CH Gayle,0,0,,,,,,,,,
439141,2009/10,2010-03-06,Providence Stadium,1,26.3,Zimbabwe,West Indies,E Chigumbura,GA Lamb,CH Gayle,0,0,,,,,,,,,
439141,2009/10,2010-03-06,Providence Stadium,1,26.4,Zimbabwe,West Indies,E Chigumbura,GA Lamb,CH Gayle,0,0,,,,,,,,,
439141,2009/10,2010-03-06,Providence Stadium,1,26.5,Zimbabwe,West Indies,E Chigumbura,GA Lamb,CH Gayle,0,0,,,,,,,,,
439141,2009/10,2010-03-06,Providence Stadium,1,26.6,Zimbabwe,West Indies,E Chigumbura,GA Lamb,CH Gayle,1,0,,,,,,,,,
439141,2009/10,2010-03-06,Providence Stadium,1,27.1,Zimbabwe,West Indies,E Chigumbura,GA Lamb,NO Miller,4,0,,,,,,,,,
439141,2009/10,2010-03-06,Providence Stadium,1,27.2,Zimbabwe,West Indies,E Chigumbura,GA Lamb,NO Miller,0,0,,,,,,,,,
439141,2009/10,2010-03-06,Providence Stadium,1,27.3,Zimbabwe,West Indies,E Chigumbura,GA Lamb,NO Miller,0,0,,,,,,,,,
439141,2009/10,2010-03-06,Providence Stadium,1,27.4,Zimbabwe,West Indies,E Chigumbura,GA Lamb,NO Miller,0,0,,,,,,,,,
439141,2009/10,2010-03-06,Providence Stadium,1,27.5,Zimbabwe,West Indies,E Chigumbura,GA Lamb,NO Miller,0,0,,,,,,,,,
439141,2009/10,2010-03-06,Providence Stadium,1,27.6,Zimbabwe,West Indies,E Chigumbura,GA Lamb,NO Miller,1,0,,,,,,,,,
439141,2009/10,2010-03-06,Providence Stadium,1,28.1,Zimbabwe,West Indies,E Chigumbura,GA Lamb,CH Gayle,0,0,,,,,,,,,
439141,2009/10,2010-03-06,Providence Stadium,1,28.2,Zimbabwe,West Indies,E Chigumbura,GA Lamb,CH Gayle,0,0,,,,,,,,,
439141,2009/10,2010-03-06,Providence Stadium,1,28.3,Zimbabwe,West Indies,E Chigumbura,GA Lamb,CH Gayle,0,0,,,,,,,,,
439141,2009/10,2010-03-06,Providence Stadium,1,28.4,Zimbabwe,West Indies,E Chigumbura,GA Lamb,CH Gayle,1,0,,,,,,,,,
439141,2009/10,2010-03-06,Providence Stadium,1,28.5,Zimbabwe,West Indies,GA Lamb,E Chigumbura,CH Gayle,0,0,,,,,,,,,
439141,2009/10,2010-03-06,Providence Stadium,1,28.6,Zimbabwe,West Indies,GA Lamb,E Chigumbura,CH Gayle,0,0,,,,,,,,,
439141,2009/10,2010-03-06,Providence Stadium,1,29.1,Zimbabwe,West Indies,E Chigumbura,GA Lamb,NO Miller,1,0,,,,,,,,,
439141,2009/10,2010-03-06,Providence Stadium,1,29.2,Zimbabwe,West Indies,GA Lamb,E Chigumbura,NO Miller,1,0,,,,,,,,,
439141,2009/10,2010-03-06,Providence Stadium,1,29.3,Zimbabwe,West Indies,E Chigumbura,GA Lamb,NO Miller,0,0,,,,,,,,,
439141,2009/10,2010-03-06,Providence Stadium,1,29.4,Zimbabwe,West Indies,E Chigumbura,GA Lamb,NO Miller,4,0,,,,,,,,,
439141,2009/10,2010-03-06,Providence Stadium,1,29.5,Zimbabwe,West Indies,E Chigumbura,GA Lamb,NO Miller,1,0,,,,,,,,,
439141,2009/10,2010-03-06,Providence Stadium,1,29.6,Zimbabwe,West Indies,GA Lamb,E Chigumbura,NO Miller,1,0,,,,,,,,,
439141,2009/10,2010-03-06,Providence Stadium,1,30.1,Zimbabwe,West Indies,GA Lamb,E Chigumbura,CH Gayle,0,0,,,,,,,,,
439141,2009/10,2010-03-06,Providence Stadium,1,30.2,Zimbabwe,West Indies,GA Lamb,E Chigumbura,CH Gayle,1,0,,,,,,,,,
439141,2009/10,2010-03-06,Providence Stadium,1,30.3,Zimbabwe,West Indies,E Chigumbura,GA Lamb,CH Gayle,0,0,,,,,,,,,
439141,2009/10,2010-03-06,Providence Stadium,1,30.4,Zimbabwe,West Indies,E Chigumbura,GA Lamb,CH Gayle,0,0,,,,,,,,,
439141,2009/10,2010-03-06,Providence Stadium,1,30.5,Zimbabwe,West Indies,E Chigumbura,GA Lamb,CH Gayle,0,0,,,,,,,,,
439141,2009/10,2010-03-06,Providence Stadium,1,30.6,Zimbabwe,West Indies,E Chigumbura,GA Lamb,CH Gayle,1,0,,,,,,,,,
439141,2009/10,2010-03-06,Providence Stadium,1,31.1,Zimbabwe,West Indies,E Chigumbura,GA Lamb,NO Miller,0,0,,,,,,,,,
439141,2009/10,2010-03-06,Providence Stadium,1,31.2,Zimbabwe,West Indies,E Chigumbura,GA Lamb,NO Miller,0,0,,,,,,,,,
439141,2009/10,2010-03-06,Providence Stadium,1,31.3,Zimbabwe,West Indies,E Chigumbura,GA Lamb,NO Miller,1,0,,,,,,,,,
439141,2009/10,2010-03-06,Providence Stadium,1,31.4,Zimbabwe,West Indies,GA Lamb,E Chigumbura,NO Miller,2,0,,,,,,,,,
439141,2009/10,2010-03-06,Providence Stadium,1,31.5,Zimbabwe,West Indies,GA Lamb,E Chigumbura,NO Miller,1,0,,,,,,,,,
439141,2009/10,2010-03-06,Providence Stadium,1,31.6,Zimbabwe,West Indies,E Chigumbura,GA Lamb,NO Miller,1,0,,,,,,,,,
439141,2009/10,2010-03-06,Providence Stadium,1,32.1,Zimbabwe,West Indies,E Chigumbura,GA Lamb,CH Gayle,0,1,1,,,,,,,,
439141,2009/10,2010-03-06,Providence Stadium,1,32.2,Zimbabwe,West Indies,E Chigumbura,GA Lamb,CH Gayle,0,0,,,,,,,,,
439141,2009/10,2010-03-06,Providence Stadium,1,32.3,Zimbabwe,West Indies,E Chigumbura,GA Lamb,CH Gayle,0,0,,,,,,,,,
439141,2009/10,2010-03-06,Providence Stadium,1,32.4,Zimbabwe,West Indies,E Chigumbura,GA Lamb,CH Gayle,0,0,,,,,,,,,
439141,2009/10,2010-03-06,Providence Stadium,1,32.5,Zimbabwe,West Indies,E Chigumbura,GA Lamb,CH Gayle,1,0,,,,,,,,,
439141,2009/10,2010-03-06,Providence Stadium,1,32.6,Zimbabwe,West Indies,GA Lamb,E Chigumbura,CH Gayle,0,0,,,,,,,,,
439141,2009/10,2010-03-06,Providence Stadium,1,32.7,Zimbabwe,West Indies,GA Lamb,E Chigumbura,CH Gayle,1,0,,,,,,,,,
439141,2009/10,2010-03-06,Providence Stadium,1,33.1,Zimbabwe,West Indies,GA Lamb,E Chigumbura,KAJ Roach,0,0,,,,,,,,,
439141,2009/10,2010-03-06,Providence Stadium,1,33.2,Zimbabwe,West Indies,GA Lamb,E Chigumbura,KAJ Roach,0,0,,,,,,,,,
439141,2009/10,2010-03-06,Providence Stadium,1,33.3,Zimbabwe,West Indies,GA Lamb,E Chigumbura,KAJ Roach,0,0,,,,,,,,,
439141,2009/10,2010-03-06,Providence Stadium,1,33.4,Zimbabwe,West Indies,GA Lamb,E Chigumbura,KAJ Roach,0,0,,,,,,,,,
439141,2009/10,2010-03-06,Providence Stadium,1,33.5,Zimbabwe,West Indies,GA Lamb,E Chigumbura,KAJ Roach,1,0,,,,,,,,,
439141,2009/10,2010-03-06,Providence Stadium,1,33.6,Zimbabwe,West Indies,E Chigumbura,GA Lamb,KAJ Roach,0,0,,,,,,,,,
439141,2009/10,2010-03-06,Providence Stadium,1,34.1,Zimbabwe,West Indies,GA Lamb,E Chigumbura,CH Gayle,1,0,,,,,,,,,
439141,2009/10,2010-03-06,Providence Stadium,1,34.2,Zimbabwe,West Indies,E Chigumbura,GA Lamb,CH Gayle,1,0,,,,,,,,,
439141,2009/10,2010-03-06,Providence Stadium,1,34.3,Zimbabwe,West Indies,GA Lamb,E Chigumbura,CH Gayle,2,0,,,,,,,,,
439141,2009/10,2010-03-06,Providence Stadium,1,34.4,Zimbabwe,West Indies,GA Lamb,E Chigumbura,CH Gayle,0,0,,,,,,,,,
439141,2009/10,2010-03-06,Providence Stadium,1,34.5,Zimbabwe,West Indies,GA Lamb,E Chigumbura,CH Gayle,0,0,,,,,,,,,
439141,2009/10,2010-03-06,Providence Stadium,1,34.6,Zimbabwe,West Indies,GA Lamb,E Chigumbura,CH Gayle,0,0,,,,,,,,,
439141,2009/10,2010-03-06,Providence Stadium,1,35.1,Zimbabwe,West Indies,E Chigumbura,GA Lamb,KAJ Roach,0,0,,,,,,,,,
439141,2009/10,2010-03-06,Providence Stadium,1,35.2,Zimbabwe,West Indies,E Chigumbura,GA Lamb,KAJ Roach,0,0,,,,,,,,,
439141,2009/10,2010-03-06,Providence Stadium,1,35.3,Zimbabwe,West Indies,E Chigumbura,GA Lamb,KAJ Roach,0,0,,,,,,,,,
439141,2009/10,2010-03-06,Providence Stadium,1,35.4,Zimbabwe,West Indies,E Chigumbura,GA Lamb,KAJ Roach,0,0,,,,,,,,,
439141,2009/10,2010-03-06,Providence Stadium,1,35.5,Zimbabwe,West Indies,E Chigumbura,GA Lamb,KAJ Roach,1,0,,,,,,,,,
439141,2009/10,2010-03-06,Providence Stadium,1,35.6,Zimbabwe,West Indies,GA Lamb,E Chigumbura,KAJ Roach,0,0,,,,,,,,,
439141,2009/10,2010-03-06,Providence Stadium,1,36.1,Zimbabwe,West Indies,E Chigumbura,GA Lamb,CH Gayle,1,0,,,,,,,,,
439141,2009/10,2010-03-06,Providence Stadium,1,36.2,Zimbabwe,West Indies,GA Lamb,E Chigumbura,CH Gayle,1,0,,,,,,,,,
439141,2009/10,2010-03-06,Providence Stadium,1,36.3,Zimbabwe,West Indies,E Chigumbura,GA Lamb,CH Gayle,0,0,,,,,,,,,
439141,2009/10,2010-03-06,Providence Stadium,1,36.4,Zimbabwe,West Indies,E Chigumbura,GA Lamb,CH Gayle,0,0,,,,,,,,,
439141,2009/10,2010-03-06,Providence Stadium,1,36.5,Zimbabwe,West Indies,E Chigumbura,GA Lamb,CH Gayle,0,0,,,,,,,,,
439141,2009/10,2010-03-06,Providence Stadium,1,36.6,Zimbabwe,West Indies,E Chigumbura,GA Lamb,CH Gayle,1,0,,,,,,,,,
439141,2009/10,2010-03-06,Providence Stadium,1,37.1,Zimbabwe,West Indies,E Chigumbura,GA Lamb,KA Pollard,0,0,,,,,,,,,
439141,2009/10,2010-03-06,Providence Stadium,1,37.2,Zimbabwe,West Indies,E Chigumbura,GA Lamb,KA Pollard,2,0,,,,,,,,,
439141,2009/10,2010-03-06,Providence Stadium,1,37.3,Zimbabwe,West Indies,E Chigumbura,GA Lamb,KA Pollard,1,0,,,,,,,,,
439141,2009/10,2010-03-06,Providence Stadium,1,37.4,Zimbabwe,West Indies,GA Lamb,E Chigumbura,KA Pollard,4,0,,,,,,,,,
439141,2009/10,2010-03-06,Providence Stadium,1,37.5,Zimbabwe,West Indies,GA Lamb,E Chigumbura,KA Pollard,0,0,,,,,,,,,
439141,2009/10,2010-03-06,Providence Stadium,1,37.6,Zimbabwe,West Indies,GA Lamb,E Chigumbura,KA Pollard,0,0,,,,,,,,,
439141,2009/10,2010-03-06,Providence Stadium,1,38.1,Zimbabwe,West Indies,E Chigumbura,GA Lamb,CH Gayle,0,0,,,,,,,,,
439141,2009/10,2010-03-06,Providence Stadium,1,38.2,Zimbabwe,West Indies,E Chigumbura,GA Lamb,CH Gayle,0,0,,,,,,,,,
439141,2009/10,2010-03-06,Providence Stadium,1,38.3,Zimbabwe,West Indies,E Chigumbura,GA Lamb,CH Gayle,1,0,,,,,,,,,
439141,2009/10,2010-03-06,Providence Stadium,1,38.4,Zimbabwe,West Indies,GA Lamb,E Chigumbura,CH Gayle,0,0,,,,,,,,,
439141,2009/10,2010-03-06,Providence Stadium,1,38.5,Zimbabwe,West Indies,GA Lamb,E Chigumbura,CH Gayle,1,0,,,,,,,,,
439141,2009/10,2010-03-06,Providence Stadium,1,38.6,Zimbabwe,West Indies,E Chigumbura,GA Lamb,CH Gayle,1,0,,,,,,,,,
439141,2009/10,2010-03-06,Providence Stadium,1,39.1,Zimbabwe,West Indies,E Chigumbura,GA Lamb,KA Pollard,1,0,,,,,,,,,
439141,2009/10,2010-03-06,Providence Stadium,1,39.2,Zimbabwe,West Indies,GA Lamb,E Chigumbura,KA Pollard,0,0,,,,,,,,,
439141,2009/10,2010-03-06,Providence Stadium,1,39.3,Zimbabwe,West Indies,GA Lamb,E Chigumbura,KA Pollard,0,0,,,,,,,,,
439141,2009/10,2010-03-06,Providence Stadium,1,39.4,Zimbabwe,West Indies,GA Lamb,E Chigumbura,KA Pollard,1,0,,,,,,,,,
439141,2009/10,2010-03-06,Providence Stadium,1,39.5,Zimbabwe,West Indies,E Chigumbura,GA Lamb,KA Pollard,2,0,,,,,,,,,
439141,2009/10,2010-03-06,Providence Stadium,1,39.6,Zimbabwe,West Indies,E Chigumbura,GA Lamb,KA Pollard,1,0,,,,,,,,,
439141,2009/10,2010-03-06,Providence Stadium,1,40.1,Zimbabwe,West Indies,E Chigumbura,GA Lamb,SJ Benn,0,0,,,,,,,,,
439141,2009/10,2010-03-06,Providence Stadium,1,40.2,Zimbabwe,West Indies,E Chigumbura,GA Lamb,SJ Benn,0,0,,,,,,,,,
439141,2009/10,2010-03-06,Providence Stadium,1,40.3,Zimbabwe,West Indies,E Chigumbura,GA Lamb,SJ Benn,0,0,,,,,,,,,
439141,2009/10,2010-03-06,Providence Stadium,1,40.4,Zimbabwe,West Indies,E Chigumbura,GA Lamb,SJ Benn,1,0,,,,,,,,,
439141,2009/10,2010-03-06,Providence Stadium,1,40.5,Zimbabwe,West Indies,GA Lamb,E Chigumbura,SJ Benn,0,0,,,,,,,,,
439141,2009/10,2010-03-06,Providence Stadium,1,40.6,Zimbabwe,West Indies,GA Lamb,E Chigumbura,SJ Benn,0,0,,,,,,,,,
439141,2009/10,2010-03-06,Providence Stadium,1,41.1,Zimbabwe,West Indies,E Chigumbura,GA Lamb,KA Pollard,0,0,,,,,,,,,
439141,2009/10,2010-03-06,Providence Stadium,1,41.2,Zimbabwe,West Indies,E Chigumbura,GA Lamb,KA Pollard,1,0,,,,,,,,,
439141,2009/10,2010-03-06,Providence Stadium,1,41.3,Zimbabwe,West Indies,GA Lamb,E Chigumbura,KA Pollard,0,0,,,,,,,,,
439141,2009/10,2010-03-06,Providence Stadium,1,41.4,Zimbabwe,West Indies,GA Lamb,E Chigumbura,KA Pollard,0,1,1,,,,,,,,
439141,2009/10,2010-03-06,Providence Stadium,1,41.5,Zimbabwe,West Indies,GA Lamb,E Chigumbura,KA Pollard,1,0,,,,,,,,,
439141,2009/10,2010-03-06,Providence Stadium,1,41.6,Zimbabwe,West Indies,E Chigumbura,GA Lamb,KA Pollard,4,0,,,,,,,,,
439141,2009/10,2010-03-06,Providence Stadium,1,41.7,Zimbabwe,West Indies,E Chigumbura,GA Lamb,KA Pollard,0,0,,,,,,,,,
439141,2009/10,2010-03-06,Providence Stadium,1,42.1,Zimbabwe,West Indies,GA Lamb,E Chigumbura,SJ Benn,0,1,,,,1,,,,,
439141,2009/10,2010-03-06,Providence Stadium,1,42.2,Zimbabwe,West Indies,E Chigumbura,GA Lamb,SJ Benn,0,0,,,,,,,,,
439141,2009/10,2010-03-06,Providence Stadium,1,42.3,Zimbabwe,West Indies,E Chigumbura,GA Lamb,SJ Benn,0,0,,,,,,,,,
439141,2009/10,2010-03-06,Providence Stadium,1,42.4,Zimbabwe,West Indies,E Chigumbura,GA Lamb,SJ Benn,4,0,,,,,,,,,
439141,2009/10,2010-03-06,Providence Stadium,1,42.5,Zimbabwe,West Indies,E Chigumbura,GA Lamb,SJ Benn,4,0,,,,,,,,,
439141,2009/10,2010-03-06,Providence Stadium,1,42.6,Zimbabwe,West Indies,E Chigumbura,GA Lamb,SJ Benn,1,0,,,,,,,,,
439141,2009/10,2010-03-06,Providence Stadium,1,43.1,Zimbabwe,West Indies,E Chigumbura,GA Lamb,KAJ Roach,1,0,,,,,,,,,
439141,2009/10,2010-03-06,Providence Stadium,1,43.2,Zimbabwe,West Indies,GA Lamb,E Chigumbura,KAJ Roach,1,0,,,,,,,,,
439141,2009/10,2010-03-06,Providence Stadium,1,43.3,Zimbabwe,West Indies,E Chigumbura,GA Lamb,KAJ Roach,1,0,,,,,,,,,
439141,2009/10,2010-03-06,Providence Stadium,1,43.4,Zimbabwe,West Indies,GA Lamb,E Chigumbura,KAJ Roach,0,0,,,,,,,,,
439141,2009/10,2010-03-06,Providence Stadium,1,43.5,Zimbabwe,West Indies,GA Lamb,E Chigumbura,KAJ Roach,0,0,,,,,,,,,
439141,2009/10,2010-03-06,Providence Stadium,1,43.6,Zimbabwe,West Indies,GA Lamb,E Chigumbura,KAJ Roach,1,0,,,,,,,,,
439141,2009/10,2010-03-06,Providence Stadium,1,44.1,Zimbabwe,West Indies,GA Lamb,E Chigumbura,NO Miller,0,1,1,,,,,,,,
439141,2009/10,2010-03-06,Providence Stadium,1,44.2,Zimbabwe,West Indies,GA Lamb,E Chigumbura,NO Miller,0,1,1,,,,,,,,
439141,2009/10,2010-03-06,Providence Stadium,1,44.3,Zimbabwe,West Indies,GA Lamb,E Chigumbura,NO Miller,0,0,,,,,,,,,
439141,2009/10,2010-03-06,Providence Stadium,1,44.4,Zimbabwe,West Indies,GA Lamb,E Chigumbura,NO Miller,0,0,,,,,,,,,
439141,2009/10,2010-03-06,Providence Stadium,1,44.5,Zimbabwe,West Indies,GA Lamb,E Chigumbura,NO Miller,0,0,,,,,,caught and bowled,GA Lamb,,
439141,2009/10,2010-03-06,Providence Stadium,1,44.6,Zimbabwe,West Indies,E Chigumbura,AG Cremer,NO Miller,2,0,,,,,,,,,
439141,2009/10,2010-03-06,Providence Stadium,1,44.7,Zimbabwe,West Indies,E Chigumbura,AG Cremer,NO Miller,1,0,,,,,,,,,
439141,2009/10,2010-03-06,Providence Stadium,1,44.8,Zimbabwe,West Indies,AG Cremer,E Chigumbura,NO Miller,0,0,,,,,,,,,
439141,2009/10,2010-03-06,Providence Stadium,1,45.1,Zimbabwe,West Indies,E Chigumbura,AG Cremer,KAJ Roach,0,0,,,,,,caught,E Chigumbura,,
439141,2009/10,2010-03-06,Providence Stadium,1,45.2,Zimbabwe,West Indies,P Utseya,AG Cremer,KAJ Roach,1,0,,,,,,,,,
439141,2009/10,2010-03-06,Providence Stadium,1,45.3,Zimbabwe,West Indies,AG Cremer,P Utseya,KAJ Roach,1,0,,,,,,,,,
439141,2009/10,2010-03-06,Providence Stadium,1,45.4,Zimbabwe,West Indies,P Utseya,AG Cremer,KAJ Roach,1,0,,,,,,,,,
439141,2009/10,2010-03-06,Providence Stadium,1,45.5,Zimbabwe,West Indies,AG Cremer,P Utseya,KAJ Roach,4,0,,,,,,,,,
439141,2009/10,2010-03-06,Providence Stadium,1,45.6,Zimbabwe,West Indies,AG Cremer,P Utseya,KAJ Roach,0,0,,,,,,,,,
439141,2009/10,2010-03-06,Providence Stadium,1,46.1,Zimbabwe,West Indies,P Utseya,AG Cremer,NO Miller,0,0,,,,,,,,,
439141,2009/10,2010-03-06,Providence Stadium,1,46.2,Zimbabwe,West Indies,P Utseya,AG Cremer,NO Miller,0,0,,,,,,,,,
439141,2009/10,2010-03-06,Providence Stadium,1,46.3,Zimbabwe,West Indies,P Utseya,AG Cremer,NO Miller,1,0,,,,,,,,,
439141,2009/10,2010-03-06,Providence Stadium,1,46.4,Zimbabwe,West Indies,AG Cremer,P Utseya,NO Miller,0,0,,,,,,,,,
439141,2009/10,2010-03-06,Providence Stadium,1,46.5,Zimbabwe,West Indies,AG Cremer,P Utseya,NO Miller,0,0,,,,,,,,,
439141,2009/10,2010-03-06,Providence Stadium,1,46.6,Zimbabwe,West Indies,AG Cremer,P Utseya,NO Miller,1,0,,,,,,,,,
439141,2009/10,2010-03-06,Providence Stadium,1,47.1,Zimbabwe,West Indies,AG Cremer,P Utseya,SJ Benn,0,0,,,,,,,,,
439141,2009/10,2010-03-06,Providence Stadium,1,47.2,Zimbabwe,West Indies,AG Cremer,P Utseya,SJ Benn,1,0,,,,,,,,,
439141,2009/10,2010-03-06,Providence Stadium,1,47.3,Zimbabwe,West Indies,P Utseya,AG Cremer,SJ Benn,1,0,,,,,,,,,
439141,2009/10,2010-03-06,Providence Stadium,1,47.4,Zimbabwe,West Indies,AG Cremer,P Utseya,SJ Benn,0,0,,,,,,,,,
439141,2009/10,2010-03-06,Providence Stadium,1,47.5,Zimbabwe,West Indies,AG Cremer,P Utseya,SJ Benn,0,0,,,,,,,,,
439141,2009/10,2010-03-06,Providence Stadium,1,47.6,Zimbabwe,West Indies,AG Cremer,P Utseya,SJ Benn,1,0,,,,,,,,,
439141,2009/10,2010-03-06,Providence Stadium,1,48.1,Zimbabwe,West Indies,AG Cremer,P Utseya,NO Miller,1,0,,,,,,,,,
439141,2009/10,2010-03-06,Providence Stadium,1,48.2,Zimbabwe,West Indies,P Utseya,AG Cremer,NO Miller,1,0,,,,,,,,,
439141,2009/10,2010-03-06,Providence Stadium,1,48.3,Zimbabwe,West Indies,AG Cremer,P Utseya,NO Miller,6,0,,,,,,,,,
439141,2009/10,2010-03-06,Providence Stadium,1,48.4,Zimbabwe,West Indies,AG Cremer,P Utseya,NO Miller,0,0,,,,,,,,,
439141,2009/10,2010-03-06,Providence Stadium,1,48.5,Zimbabwe,West Indies,AG Cremer,P Utseya,NO Miller,2,0,,,,,,,,,
439141,2009/10,2010-03-06,Providence Stadium,1,48.6,Zimbabwe,West Indies,AG Cremer,P Utseya,NO Miller,0,0,,,,,,bowled,AG Cremer,,
439141,2009/10,2010-03-06,Providence Stadium,1,49.1,Zimbabwe,West Indies,P Utseya,RW Price,KAJ Roach,1,0,,,,,,,,,
439141,2009/10,2010-03-06,Providence Stadium,1,49.2,Zimbabwe,West Indies,RW Price,P Utseya,KAJ Roach,0,0,,,,,,,,,
439141,2009/10,2010-03-06,Providence Stadium,1,49.3,Zimbabwe,West Indies,RW Price,P Utseya,KAJ Roach,0,0,,,,,,bowled,RW Price,,
439141,2009/10,2010-03-06,Providence Stadium,1,49.4,Zimbabwe,West Indies,CB Mpofu,P Utseya,KAJ Roach,0,0,,,,,,,,,
439141,2009/10,2010-03-06,Providence Stadium,1,49.5,Zimbabwe,West Indies,CB Mpofu,P Utseya,KAJ Roach,0,0,,,,,,run out,CB Mpofu,,
439141,2009/10,2010-03-06,Providence Stadium,2,0.1,West Indies,Zimbabwe,CH Gayle,AB Barath,P Utseya,2,0,,,,,,,,,
439141,2009/10,2010-03-06,Providence Stadium,2,0.2,West Indies,Zimbabwe,CH Gayle,AB Barath,P Utseya,6,0,,,,,,,,,
439141,2009/10,2010-03-06,Providence Stadium,2,0.3,West Indies,Zimbabwe,CH Gayle,AB Barath,P Utseya,1,0,,,,,,,,,
439141,2009/10,2010-03-06,Providence Stadium,2,0.4,West Indies,Zimbabwe,AB Barath,CH Gayle,P Utseya,0,0,,,,,,,,,
439141,2009/10,2010-03-06,Providence Stadium,2,0.5,West Indies,Zimbabwe,AB Barath,CH Gayle,P Utseya,0,0,,,,,,,,,
439141,2009/10,2010-03-06,Providence Stadium,2,0.6,West Indies,Zimbabwe,AB Barath,CH Gayle,P Utseya,0,0,,,,,,,,,
439141,2009/10,2010-03-06,Providence Stadium,2,1.1,West Indies,Zimbabwe,CH Gayle,AB Barath,RW Price,1,0,,,,,,,,,
439141,2009/10,2010-03-06,Providence Stadium,2,1.2,West Indies,Zimbabwe,AB Barath,CH Gayle,RW Price,1,0,,,,,,,,,
439141,2009/10,2010-03-06,Providence Stadium,2,1.3,West Indies,Zimbabwe,CH Gayle,AB Barath,RW Price,0,0,,,,,,,,,
439141,2009/10,2010-03-06,Providence Stadium,2,1.4,West Indies,Zimbabwe,CH Gayle,AB Barath,RW Price,0,0,,,,,,,,,
439141,2009/10,2010-03-06,Providence Stadium,2,1.5,West Indies,Zimbabwe,CH Gayle,AB Barath,RW Price,0,0,,,,,,,,,
439141,2009/10,2010-03-06,Providence Stadium,2,1.6,West Indies,Zimbabwe,CH Gayle,AB Barath,RW Price,0,0,,,,,,,,,
439141,2009/10,2010-03-06,Providence Stadium,2,2.1,West Indies,Zimbabwe,AB Barath,CH Gayle,P Utseya,0,0,,,,,,,,,
439141,2009/10,2010-03-06,Providence Stadium,2,2.2,West Indies,Zimbabwe,AB Barath,CH Gayle,P Utseya,0,0,,,,,,,,,
439141,2009/10,2010-03-06,Providence Stadium,2,2.3,West Indies,Zimbabwe,AB Barath,CH Gayle,P Utseya,0,0,,,,,,,,,
439141,2009/10,2010-03-06,Providence Stadium,2,2.4,West Indies,Zimbabwe,AB Barath,CH Gayle,P Utseya,4,0,,,,,,,,,
439141,2009/10,2010-03-06,Providence Stadium,2,2.5,West Indies,Zimbabwe,AB Barath,CH Gayle,P Utseya,1,0,,,,,,,,,
439141,2009/10,2010-03-06,Providence Stadium,2,2.6,West Indies,Zimbabwe,CH Gayle,AB Barath,P Utseya,0,0,,,,,,,,,
439141,2009/10,2010-03-06,Providence Stadium,2,3.1,West Indies,Zimbabwe,AB Barath,CH Gayle,RW Price,1,0,,,,,,,,,
439141,2009/10,2010-03-06,Providence Stadium,2,3.2,West Indies,Zimbabwe,CH Gayle,AB Barath,RW Price,0,0,,,,,,,,,
439141,2009/10,2010-03-06,Providence Stadium,2,3.3,West Indies,Zimbabwe,CH Gayle,AB Barath,RW Price,4,0,,,,,,,,,
439141,2009/10,2010-03-06,Providence Stadium,2,3.4,West Indies,Zimbabwe,CH Gayle,AB Barath,RW Price,0,0,,,,,,,,,
439141,2009/10,2010-03-06,Providence Stadium,2,3.5,West Indies,Zimbabwe,CH Gayle,AB Barath,RW Price,0,0,,,,,,,,,
439141,2009/10,2010-03-06,Providence Stadium,2,3.6,West Indies,Zimbabwe,CH Gayle,AB Barath,RW Price,1,0,,,,,,,,,
439141,2009/10,2010-03-06,Providence Stadium,2,4.1,West Indies,Zimbabwe,CH Gayle,AB Barath,P Utseya,4,0,,,,,,,,,
439141,2009/10,2010-03-06,Providence Stadium,2,4.2,West Indies,Zimbabwe,CH Gayle,AB Barath,P Utseya,0,0,,,,,,,,,
439141,2009/10,2010-03-06,Providence Stadium,2,4.3,West Indies,Zimbabwe,CH Gayle,AB Barath,P Utseya,0,0,,,,,,,,,
439141,2009/10,2010-03-06,Providence Stadium,2,4.4,West Indies,Zimbabwe,CH Gayle,AB Barath,P Utseya,0,0,,,,,,,,,
439141,2009/10,2010-03-06,Providence Stadium,2,4.5,West Indies,Zimbabwe,CH Gayle,AB Barath,P Utseya,0,0,,,,,,,,,
439141,2009/10,2010-03-06,Providence Stadium,2,4.6,West Indies,Zimbabwe,CH Gayle,AB Barath,P Utseya,1,0,,,,,,,,,
439141,2009/10,2010-03-06,Providence Stadium,2,5.1,West Indies,Zimbabwe,CH Gayle,AB Barath,RW Price,1,0,,,,,,,,,
439141,2009/10,2010-03-06,Providence Stadium,2,5.2,West Indies,Zimbabwe,AB Barath,CH Gayle,RW Price,0,0,,,,,,,,,
439141,2009/10,2010-03-06,Providence Stadium,2,5.3,West Indies,Zimbabwe,AB Barath,CH Gayle,RW Price,0,0,,,,,,,,,
439141,2009/10,2010-03-06,Providence Stadium,2,5.4,West Indies,Zimbabwe,AB Barath,CH Gayle,RW Price,0,0,,,,,,,,,
439141,2009/10,2010-03-06,Providence Stadium,2,5.5,West Indies,Zimbabwe,AB Barath,CH Gayle,RW Price,0,0,,,,,,,,,
439141,2009/10,2010-03-06,Providence Stadium,2,5.6,West Indies,Zimbabwe,AB Barath,CH Gayle,RW Price,0,0,,,,,,,,,
439141,2009/10,2010-03-06,Providence Stadium,2,6.1,West Indies,Zimbabwe,CH Gayle,AB Barath,P Utseya,0,0,,,,,,,,,
439141,2009/10,2010-03-06,Providence Stadium,2,6.2,West Indies,Zimbabwe,CH Gayle,AB Barath,P Utseya,4,0,,,,,,,,,
439141,2009/10,2010-03-06,Providence Stadium,2,6.3,West Indies,Zimbabwe,CH Gayle,AB Barath,P Utseya,0,0,,,,,,,,,
439141,2009/10,2010-03-06,Providence Stadium,2,6.4,West Indies,Zimbabwe,CH Gayle,AB Barath,P Utseya,4,0,,,,,,,,,
439141,2009/10,2010-03-06,Providence Stadium,2,6.5,West Indies,Zimbabwe,CH Gayle,AB Barath,P Utseya,6,0,,,,,,,,,
439141,2009/10,2010-03-06,Providence Stadium,2,6.6,West Indies,Zimbabwe,CH Gayle,AB Barath,P Utseya,2,0,,,,,,,,,
439141,2009/10,2010-03-06,Providence Stadium,2,7.1,West Indies,Zimbabwe,AB Barath,CH Gayle,RW Price,0,0,,,,,,,,,
439141,2009/10,2010-03-06,Providence Stadium,2,7.2,West Indies,Zimbabwe,AB Barath,CH Gayle,RW Price,0,0,,,,,,,,,
439141,2009/10,2010-03-06,Providence Stadium,2,7.3,West Indies,Zimbabwe,AB Barath,CH Gayle,RW Price,0,0,,,,,,lbw,AB Barath,,
439141,2009/10,2010-03-06,Providence Stadium,2,7.4,West Indies,Zimbabwe,DE Bernard,CH Gayle,RW Price,0,0,,,,,,,,,
439141,2009/10,2010-03-06,Providence Stadium,2,7.5,West Indies,Zimbabwe,DE Bernard,CH Gayle,RW Price,1,0,,,,,,,,,
439141,2009/10,2010-03-06,Providence Stadium,2,7.6,West Indies,Zimbabwe,CH Gayle,DE Bernard,RW Price,0,0,,,,,,,,,
439141,2009/10,2010-03-06,Providence Stadium,2,8.1,West Indies,Zimbabwe,DE Bernard,CH Gayle,CB Mpofu,0,0,,,,,,,,,
439141,2009/10,2010-03-06,Providence Stadium,2,8.2,West Indies,Zimbabwe,DE Bernard,CH Gayle,CB Mpofu,0,0,,,,,,,,,
439141,2009/10,2010-03-06,Providence Stadium,2,8.3,West Indies,Zimbabwe,DE Bernard,CH Gayle,CB Mpofu,0,0,,,,,,,,,
439141,2009/10,2010-03-06,Providence Stadium,2,8.4,West Indies,Zimbabwe,DE Bernard,CH Gayle,CB Mpofu,0,0,,,,,,,,,
439141,2009/10,2010-03-06,Providence Stadium,2,8.5,West Indies,Zimbabwe,DE Bernard,CH Gayle,CB Mpofu,0,0,,,,,,,,,
439141,2009/10,2010-03-06,Providence Stadium,2,8.6,West Indies,Zimbabwe,DE Bernard,CH Gayle,CB Mpofu,0,0,,,,,,,,,
439141,2009/10,2010-03-06,Providence Stadium,2,9.1,West Indies,Zimbabwe,CH Gayle,DE Bernard,RW Price,0,0,,,,,,,,,
439141,2009/10,2010-03-06,Providence Stadium,2,9.2,West Indies,Zimbabwe,CH Gayle,DE Bernard,RW Price,0,0,,,,,,,,,
439141,2009/10,2010-03-06,Providence Stadium,2,9.3,West Indies,Zimbabwe,CH Gayle,DE Bernard,RW Price,0,0,,,,,,,,,
439141,2009/10,2010-03-06,Providence Stadium,2,9.4,West Indies,Zimbabwe,CH Gayle,DE Bernard,RW Price,1,0,,,,,,,,,
439141,2009/10,2010-03-06,Providence Stadium,2,9.5,West Indies,Zimbabwe,DE Bernard,CH Gayle,RW Price,0,1,1,,,,,stumped,DE Bernard,,
439141,2009/10,2010-03-06,Providence Stadium,2,9.6,West Indies,Zimbabwe,S Chanderpaul,CH Gayle,RW Price,0,0,,,,,,,,,
439141,2009/10,2010-03-06,Providence Stadium,2,9.7,West Indies,Zimbabwe,S Chanderpaul,CH Gayle,RW Price,0,0,,,,,,,,,
439141,2009/10,2010-03-06,Providence Stadium,2,10.1,West Indies,Zimbabwe,CH Gayle,S Chanderpaul,GA Lamb,0,0,,,,,,,,,
439141,2009/10,2010-03-06,Providence Stadium,2,10.2,West Indies,Zimbabwe,CH Gayle,S Chanderpaul,GA Lamb,0,0,,,,,,,,,
439141,2009/10,2010-03-06,Providence Stadium,2,10.3,West Indies,Zimbabwe,CH Gayle,S Chanderpaul,GA Lamb,0,0,,,,,,,,,
439141,2009/10,2010-03-06,Providence Stadium,2,10.4,West Indies,Zimbabwe,CH Gayle,S Chanderpaul,GA Lamb,1,0,,,,,,,,,
439141,2009/10,2010-03-06,Providence Stadium,2,10.5,West Indies,Zimbabwe,S Chanderpaul,CH Gayle,GA Lamb,0,0,,,,,,,,,
439141,2009/10,2010-03-06,Providence Stadium,2,10.6,West Indies,Zimbabwe,S Chanderpaul,CH Gayle,GA Lamb,0,0,,,,,,,,,
439141,2009/10,2010-03-06,Providence Stadium,2,11.1,West Indies,Zimbabwe,CH Gayle,S Chanderpaul,RW Price,0,0,,,,,,,,,
439141,2009/10,2010-03-06,Providence Stadium,2,11.2,West Indies,Zimbabwe,CH Gayle,S Chanderpaul,RW Price,1,0,,,,,,,,,
439141,2009/10,2010-03-06,Providence Stadium,2,11.3,West Indies,Zimbabwe,S Chanderpaul,CH Gayle,RW Price,2,0,,,,,,,,,
439141,2009/10,2010-03-06,Providence Stadium,2,11.4,West Indies,Zimbabwe,S Chanderpaul,CH Gayle,RW Price,0,0,,,,,,,,,
439141,2009/10,2010-03-06,Providence Stadium,2,11.5,West Indies,Zimbabwe,S Chanderpaul,CH Gayle,RW Price,1,0,,,,,,,,,
439141,2009/10,2010-03-06,Providence Stadium,2,11.6,West Indies,Zimbabwe,CH Gayle,S Chanderpaul,RW Price,0,0,,,,,,,,,
439141,2009/10,2010-03-06,Providence Stadium,2,12.1,West Indies,Zimbabwe,S Chanderpaul,CH Gayle,GA Lamb,0,0,,,,,,,,,
439141,2009/10,2010-03-06,Providence Stadium,2,12.2,West Indies,Zimbabwe,S Chanderpaul,CH Gayle,GA Lamb,0,0,,,,,,,,,
439141,2009/10,2010-03-06,Providence Stadium,2,12.3,West Indies,Zimbabwe,S Chanderpaul,CH Gayle,GA Lamb,0,0,,,,,,,,,
439141,2009/10,2010-03-06,Providence Stadium,2,12.4,West Indies,Zimbabwe,S Chanderpaul,CH Gayle,GA Lamb,0,0,,,,,,,,,
439141,2009/10,2010-03-06,Providence Stadium,2,12.5,West Indies,Zimbabwe,S Chanderpaul,CH Gayle,GA Lamb,0,0,,,,,,,,,
439141,2009/10,2010-03-06,Providence Stadium,2,12.6,West Indies,Zimbabwe,S Chanderpaul,CH Gayle,GA Lamb,0,0,,,,,,,,,
439141,2009/10,2010-03-06,Providence Stadium,2,13.1,West Indies,Zimbabwe,CH Gayle,S Chanderpaul,P Utseya,0,0,,,,,,,,,
439141,2009/10,2010-03-06,Providence Stadium,2,13.2,West Indies,Zimbabwe,CH Gayle,S Chanderpaul,P Utseya,1,0,,,,,,,,,
439141,2009/10,2010-03-06,Providence Stadium,2,13.3,West Indies,Zimbabwe,S Chanderpaul,CH Gayle,P Utseya,0,0,,,,,,,,,
439141,2009/10,2010-03-06,Providence Stadium,2,13.4,West Indies,Zimbabwe,S Chanderpaul,CH Gayle,P Utseya,0,0,,,,,,,,,
439141,2009/10,2010-03-06,Providence Stadium,2,13.5,West Indies,Zimbabwe,S Chanderpaul,CH Gayle,P Utseya,0,0,,,,,,,,,
439141,2009/10,2010-03-06,Providence Stadium,2,13.6,West Indies,Zimbabwe,S Chanderpaul,CH Gayle,P Utseya,0,0,,,,,,,,,
439141,2009/10,2010-03-06,Providence Stadium,2,14.1,West Indies,Zimbabwe,CH Gayle,S Chanderpaul,GA Lamb,0,0,,,,,,,,,
439141,2009/10,2010-03-06,Providence Stadium,2,14.2,West Indies,Zimbabwe,CH Gayle,S Chanderpaul,GA Lamb,0,0,,,,,,,,,
439141,2009/10,2010-03-06,Providence Stadium,2,14.3,West Indies,Zimbabwe,CH Gayle,S Chanderpaul,GA Lamb,0,0,,,,,,,,,
439141,2009/10,2010-03-06,Providence Stadium,2,14.4,West Indies,Zimbabwe,CH Gayle,S Chanderpaul,GA Lamb,0,0,,,,,,,,,
439141,2009/10,2010-03-06,Providence Stadium,2,14.5,West Indies,Zimbabwe,CH Gayle,S Chanderpaul,GA Lamb,1,0,,,,,,,,,
439141,2009/10,2010-03-06,Providence Stadium,2,14.6,West Indies,Zimbabwe,S Chanderpaul,CH Gayle,GA Lamb,0,0,,,,,,,,,
439141,2009/10,2010-03-06,Providence Stadium,2,15.1,West Indies,Zimbabwe,CH Gayle,S Chanderpaul,P Utseya,0,0,,,,,,,,,
439141,2009/10,2010-03-06,Providence Stadium,2,15.2,West Indies,Zimbabwe,CH Gayle,S Chanderpaul,P Utseya,0,0,,,,,,,,,
439141,2009/10,2010-03-06,Providence Stadium,2,15.3,West Indies,Zimbabwe,CH Gayle,S Chanderpaul,P Utseya,0,0,,,,,,,,,
439141,2009/10,2010-03-06,Providence Stadium,2,15.4,West Indies,Zimbabwe,CH Gayle,S Chanderpaul,P Utseya,0,0,,,,,,,,,
439141,2009/10,2010-03-06,Providence Stadium,2,15.5,West Indies,Zimbabwe,CH Gayle,S Chanderpaul,P Utseya,1,0,,,,,,,,,
439141,2009/10,2010-03-06,Providence Stadium,2,15.6,West Indies,Zimbabwe,S Chanderpaul,CH Gayle,P Utseya,0,0,,,,,,,,,
439141,2009/10,2010-03-06,Providence Stadium,2,16.1,West Indies,Zimbabwe,CH Gayle,S Chanderpaul,GA Lamb,3,0,,,,,,,,,
439141,2009/10,2010-03-06,Providence Stadium,2,16.2,West Indies,Zimbabwe,S Chanderpaul,CH Gayle,GA Lamb,0,0,,,,,,,,,
439141,2009/10,2010-03-06,Providence Stadium,2,16.3,West Indies,Zimbabwe,S Chanderpaul,CH Gayle,GA Lamb,0,0,,,,,,,,,
439141,2009/10,2010-03-06,Providence Stadium,2,16.4,West Indies,Zimbabwe,S Chanderpaul,CH Gayle,GA Lamb,2,0,,,,,,,,,
439141,2009/10,2010-03-06,Providence Stadium,2,16.5,West Indies,Zimbabwe,S Chanderpaul,CH Gayle,GA Lamb,0,0,,,,,,,,,
439141,2009/10,2010-03-06,Providence Stadium,2,16.6,West Indies,Zimbabwe,S Chanderpaul,CH Gayle,GA Lamb,0,5,5,,,,,,,,
439141,2009/10,2010-03-06,Providence Stadium,2,16.7,West Indies,Zimbabwe,S Chanderpaul,CH Gayle,GA Lamb,0,0,,,,,,,,,
439141,2009/10,2010-03-06,Providence Stadium,2,17.1,West Indies,Zimbabwe,CH Gayle,S Chanderpaul,P Utseya,1,0,,,,,,,,,
439141,2009/10,2010-03-06,Providence Stadium,2,17.2,West Indies,Zimbabwe,S Chanderpaul,CH Gayle,P Utseya,0,0,,,,,,,,,
439141,2009/10,2010-03-06,Providence Stadium,2,17.3,West Indies,Zimbabwe,S Chanderpaul,CH Gayle,P Utseya,0,0,,,,,,,,,
439141,2009/10,2010-03-06,Providence Stadium,2,17.4,West Indies,Zimbabwe,S Chanderpaul,CH Gayle,P Utseya,0,0,,,,,,,,,
439141,2009/10,2010-03-06,Providence Stadium,2,17.5,West Indies,Zimbabwe,S Chanderpaul,CH Gayle,P Utseya,0,0,,,,,,,,,
439141,2009/10,2010-03-06,Providence Stadium,2,17.6,West Indies,Zimbabwe,S Chanderpaul,CH Gayle,P Utseya,1,0,,,,,,,,,
439141,2009/10,2010-03-06,Providence Stadium,2,18.1,West Indies,Zimbabwe,S Chanderpaul,CH Gayle,GA Lamb,0,0,,,,,,,,,
439141,2009/10,2010-03-06,Providence Stadium,2,18.2,West Indies,Zimbabwe,S Chanderpaul,CH Gayle,GA Lamb,0,0,,,,,,,,,
439141,2009/10,2010-03-06,Providence Stadium,2,18.3,West Indies,Zimbabwe,S Chanderpaul,CH Gayle,GA Lamb,0,0,,,,,,,,,
439141,2009/10,2010-03-06,Providence Stadium,2,18.4,West Indies,Zimbabwe,S Chanderpaul,CH Gayle,GA Lamb,1,0,,,,,,,,,
439141,2009/10,2010-03-06,Providence Stadium,2,18.5,West Indies,Zimbabwe,CH Gayle,S Chanderpaul,GA Lamb,0,0,,,,,,,,,
439141,2009/10,2010-03-06,Providence Stadium,2,18.6,West Indies,Zimbabwe,CH Gayle,S Chanderpaul,GA Lamb,1,0,,,,,,,,,
439141,2009/10,2010-03-06,Providence Stadium,2,19.1,West Indies,Zimbabwe,CH Gayle,S Chanderpaul,P Utseya,1,0,,,,,,,,,
439141,2009/10,2010-03-06,Providence Stadium,2,19.2,West Indies,Zimbabwe,S Chanderpaul,CH Gayle,P Utseya,0,0,,,,,,,,,
439141,2009/10,2010-03-06,Providence Stadium,2,19.3,West Indies,Zimbabwe,S Chanderpaul,CH Gayle,P Utseya,0,0,,,,,,,,,
439141,2009/10,2010-03-06,Providence Stadium,2,19.4,West Indies,Zimbabwe,S Chanderpaul,CH Gayle,P Utseya,0,4,,,,4,,,,,
439141,2009/10,2010-03-06,Providence Stadium,2,19.5,West Indies,Zimbabwe,S Chanderpaul,CH Gayle,P Utseya,0,0,,,,,,,,,
439141,2009/10,2010-03-06,Providence Stadium,2,19.6,West Indies,Zimbabwe,S Chanderpaul,CH Gayle,P Utseya,0,0,,,,,,,,,
439141,2009/10,2010-03-06,Providence Stadium,2,20.1,West Indies,Zimbabwe,CH Gayle,S Chanderpaul,GA Lamb,0,0,,,,,,,,,
439141,2009/10,2010-03-06,Providence Stadium,2,20.2,West Indies,Zimbabwe,CH Gayle,S Chanderpaul,GA Lamb,0,0,,,,,,,,,
439141,2009/10,2010-03-06,Providence Stadium,2,20.3,West Indies,Zimbabwe,CH Gayle,S Chanderpaul,GA Lamb,0,0,,,,,,,,,
439141,2009/10,2010-03-06,Providence Stadium,2,20.4,West Indies,Zimbabwe,CH Gayle,S Chanderpaul,GA Lamb,1,0,,,,,,,,,
439141,2009/10,2010-03-06,Providence Stadium,2,20.5,West Indies,Zimbabwe,S Chanderpaul,CH Gayle,GA Lamb,0,0,,,,,,,,,
439141,2009/10,2010-03-06,Providence Stadium,2,20.6,West Indies,Zimbabwe,S Chanderpaul,CH Gayle,GA Lamb,1,0,,,,,,,,,
439141,2009/10,2010-03-06,Providence Stadium,2,21.1,West Indies,Zimbabwe,S Chanderpaul,CH Gayle,AG Cremer,1,0,,,,,,,,,
439141,2009/10,2010-03-06,Providence Stadium,2,21.2,West Indies,Zimbabwe,CH Gayle,S Chanderpaul,AG Cremer,0,0,,,,,,,,,
439141,2009/10,2010-03-06,Providence Stadium,2,21.3,West Indies,Zimbabwe,CH Gayle,S Chanderpaul,AG Cremer,0,1,1,,,,,,,,
439141,2009/10,2010-03-06,Providence Stadium,2,21.4,West Indies,Zimbabwe,CH Gayle,S Chanderpaul,AG Cremer,0,0,,,,,,,,,
439141,2009/10,2010-03-06,Providence Stadium,2,21.5,West Indies,Zimbabwe,CH Gayle,S Chanderpaul,AG Cremer,0,0,,,,,,,,,
439141,2009/10,2010-03-06,Providence Stadium,2,21.6,West Indies,Zimbabwe,CH Gayle,S Chanderpaul,AG Cremer,0,0,,,,,,,,,
439141,2009/10,2010-03-06,Providence Stadium,2,21.7,West Indies,Zimbabwe,CH Gayle,S Chanderpaul,AG Cremer,1,0,,,,,,,,,
439141,2009/10,2010-03-06,Providence Stadium,2,22.1,West Indies,Zimbabwe,CH Gayle,S Chanderpaul,GA Lamb,0,0,,,,,,,,,
439141,2009/10,2010-03-06,Providence Stadium,2,22.2,West Indies,Zimbabwe,CH Gayle,S Chanderpaul,GA Lamb,1,0,,,,,,,,,
439141,2009/10,2010-03-06,Providence Stadium,2,22.3,West Indies,Zimbabwe,S Chanderpaul,CH Gayle,GA Lamb,1,0,,,,,,,,,
439141,2009/10,2010-03-06,Providence Stadium,2,22.4,West Indies,Zimbabwe,CH Gayle,S Chanderpaul,GA Lamb,1,0,,,,,,,,,
439141,2009/10,2010-03-06,Providence Stadium,2,22.5,West Indies,Zimbabwe,S Chanderpaul,CH Gayle,GA Lamb,0,0,,,,,,lbw,S Chanderpaul,,
439141,2009/10,2010-03-06,Providence Stadium,2,22.6,West Indies,Zimbabwe,ADS Fletcher,CH Gayle,GA Lamb,0,0,,,,,,,,,
439141,2009/10,2010-03-06,Providence Stadium,2,23.1,West Indies,Zimbabwe,CH Gayle,ADS Fletcher,AG Cremer,0,0,,,,,,,,,
439141,2009/10,2010-03-06,Providence Stadium,2,23.2,West Indies,Zimbabwe,CH Gayle,ADS Fletcher,AG Cremer,0,0,,,,,,,,,
439141,2009/10,2010-03-06,Providence Stadium,2,23.3,West Indies,Zimbabwe,CH Gayle,ADS Fletcher,AG Cremer,1,0,,,,,,,,,
439141,2009/10,2010-03-06,Providence Stadium,2,23.4,West Indies,Zimbabwe,ADS Fletcher,CH Gayle,AG Cremer,0,0,,,,,,,,,
439141,2009/10,2010-03-06,Providence Stadium,2,23.5,West Indies,Zimbabwe,ADS Fletcher,CH Gayle,AG Cremer,0,0,,,,,,,,,
439141,2009/10,2010-03-06,Providence Stadium,2,23.6,West Indies,Zimbabwe,ADS Fletcher,CH Gayle,AG Cremer,0,0,,,,,,,,,
439141,2009/10,2010-03-06,Providence Stadium,2,24.1,West Indies,Zimbabwe,CH Gayle,ADS Fletcher,GA Lamb,0,0,,,,,,,,,
439141,2009/10,2010-03-06,Providence Stadium,2,24.2,West Indies,Zimbabwe,CH Gayle,ADS Fletcher,GA Lamb,0,0,,,,,,,,,
439141,2009/10,2010-03-06,Providence Stadium,2,24.3,West Indies,Zimbabwe,CH Gayle,ADS Fletcher,GA Lamb,1,0,,,,,,,,,
439141,2009/10,2010-03-06,Providence Stadium,2,24.4,West Indies,Zimbabwe,ADS Fletcher,CH Gayle,GA Lamb,0,0,,,,,,,,,
439141,2009/10,2010-03-06,Providence Stadium,2,24.5,West Indies,Zimbabwe,ADS Fletcher,CH Gayle,GA Lamb,0,0,,,,,,,,,
439141,2009/10,2010-03-06,Providence Stadium,2,24.6,West Indies,Zimbabwe,ADS Fletcher,CH Gayle,GA Lamb,0,0,,,,,,,,,
439141,2009/10,2010-03-06,Providence Stadium,2,25.1,West Indies,Zimbabwe,CH Gayle,ADS Fletcher,AG Cremer,0,0,,,,,,,,,
439141,2009/10,2010-03-06,Providence Stadium,2,25.2,West Indies,Zimbabwe,CH Gayle,ADS Fletcher,AG Cremer,1,0,,,,,,,,,
439141,2009/10,2010-03-06,Providence Stadium,2,25.3,West Indies,Zimbabwe,ADS Fletcher,CH Gayle,AG Cremer,0,0,,,,,,bowled,ADS Fletcher,,
439141,2009/10,2010-03-06,Providence Stadium,2,25.4,West Indies,Zimbabwe,N Deonarine,CH Gayle,AG Cremer,2,0,,,,,,,,,
439141,2009/10,2010-03-06,Providence Stadium,2,25.5,West Indies,Zimbabwe,N Deonarine,CH Gayle,AG Cremer,2,0,,,,,,,,,
439141,2009/10,2010-03-06,Providence Stadium,2,25.6,West Indies,Zimbabwe,N Deonarine,CH Gayle,AG Cremer,0,0,,,,,,,,,
439141,2009/10,2010-03-06,Providence Stadium,2,26.1,West Indies,Zimbabwe,CH Gayle,N Deonarine,S Matsikenyeri,0,0,,,,,,,,,
439141,2009/10,2010-03-06,Providence Stadium,2,26.2,West Indies,Zimbabwe,CH Gayle,N Deonarine,S Matsikenyeri,1,0,,,,,,,,,
439141,2009/10,2010-03-06,Providence Stadium,2,26.3,West Indies,Zimbabwe,N Deonarine,CH Gayle,S Matsikenyeri,0,0,,,,,,,,,
439141,2009/10,2010-03-06,Providence Stadium,2,26.4,West Indies,Zimbabwe,N Deonarine,CH Gayle,S Matsikenyeri,1,0,,,,,,,,,
439141,2009/10,2010-03-06,Providence Stadium,2,26.5,West Indies,Zimbabwe,CH Gayle,N Deonarine,S Matsikenyeri,0,0,,,,,,,,,
439141,2009/10,2010-03-06,Providence Stadium,2,26.6,West Indies,Zimbabwe,CH Gayle,N Deonarine,S Matsikenyeri,0,1,1,,,,,,,,
439141,2009/10,2010-03-06,Providence Stadium,2,26.7,West Indies,Zimbabwe,CH Gayle,N Deonarine,S Matsikenyeri,0,0,,,,,,,,,
439141,2009/10,2010-03-06,Providence Stadium,2,27.1,West Indies,Zimbabwe,N Deonarine,CH Gayle,AG Cremer,0,0,,,,,,,,,
439141,2009/10,2010-03-06,Providence Stadium,2,27.2,West Indies,Zimbabwe,N Deonarine,CH Gayle,AG Cremer,1,0,,,,,,,,,
439141,2009/10,2010-03-06,Providence Stadium,2,27.3,West Indies,Zimbabwe,CH Gayle,N Deonarine,AG Cremer,1,0,,,,,,,,,
439141,2009/10,2010-03-06,Providence Stadium,2,27.4,West Indies,Zimbabwe,N Deonarine,CH Gayle,AG Cremer,0,0,,,,,,,,,
439141,2009/10,2010-03-06,Providence Stadium,2,27.5,West Indies,Zimbabwe,N Deonarine,CH Gayle,AG Cremer,0,0,,,,,,,,,
439141,2009/10,2010-03-06,Providence Stadium,2,27.6,West Indies,Zimbabwe,N Deonarine,CH Gayle,AG Cremer,1,0,,,,,,,,,
439141,2009/10,2010-03-06,Providence Stadium,2,28.1,West Indies,Zimbabwe,N Deonarine,CH Gayle,S Matsikenyeri,2,0,,,,,,,,,
439141,2009/10,2010-03-06,Providence Stadium,2,28.2,West Indies,Zimbabwe,N Deonarine,CH Gayle,S Matsikenyeri,0,0,,,,,,,,,
439141,2009/10,2010-03-06,Providence Stadium,2,28.3,West Indies,Zimbabwe,N Deonarine,CH Gayle,S Matsikenyeri,1,0,,,,,,,,,
439141,2009/10,2010-03-06,Providence Stadium,2,28.4,West Indies,Zimbabwe,CH Gayle,N Deonarine,S Matsikenyeri,0,1,1,,,,,,,,
439141,2009/10,2010-03-06,Providence Stadium,2,28.5,West Indies,Zimbabwe,CH Gayle,N Deonarine,S Matsikenyeri,1,0,,,,,,,,,
439141,2009/10,2010-03-06,Providence Stadium,2,28.6,West Indies,Zimbabwe,N Deonarine,CH Gayle,S Matsikenyeri,0,0,,,,,,,,,
439141,2009/10,2010-03-06,Providence Stadium,2,28.7,West Indies,Zimbabwe,N Deonarine,CH Gayle,S Matsikenyeri,0,0,,,,,,,,,
439141,2009/10,2010-03-06,Providence Stadium,2,29.1,West Indies,Zimbabwe,CH Gayle,N Deonarine,AG Cremer,1,0,,,,,,,,,
439141,2009/10,2010-03-06,Providence Stadium,2,29.2,West Indies,Zimbabwe,N Deonarine,CH Gayle,AG Cremer,0,0,,,,,,,,,
439141,2009/10,2010-03-06,Providence Stadium,2,29.3,West Indies,Zimbabwe,N Deonarine,CH Gayle,AG Cremer,0,0,,,,,,,,,
439141,2009/10,2010-03-06,Providence Stadium,2,29.4,West Indies,Zimbabwe,N Deonarine,CH Gayle,AG Cremer,0,0,,,,,,,,,
439141,2009/10,2010-03-06,Providence Stadium,2,29.5,West Indies,Zimbabwe,N Deonarine,CH Gayle,AG Cremer,0,0,,,,,,,,,
439141,2009/10,2010-03-06,Providence Stadium,2,29.6,West Indies,Zimbabwe,N Deonarine,CH Gayle,AG Cremer,0,0,,,,,,,,,
439141,2009/10,2010-03-06,Providence Stadium,2,30.1,West Indies,Zimbabwe,CH Gayle,N Deonarine,E Chigumbura,0,0,,,,,,,,,
439141,2009/10,2010-03-06,Providence Stadium,2,30.2,West Indies,Zimbabwe,CH Gayle,N Deonarine,E Chigumbura,1,0,,,,,,,,,
439141,2009/10,2010-03-06,Providence Stadium,2,30.3,West Indies,Zimbabwe,N Deonarine,CH Gayle,E Chigumbura,0,0,,,,,,,,,
439141,2009/10,2010-03-06,Providence Stadium,2,30.4,West Indies,Zimbabwe,N Deonarine,CH Gayle,E Chigumbura,0,1,,1,,,,,,,
439141,2009/10,2010-03-06,Providence Stadium,2,30.5,West Indies,Zimbabwe,N Deonarine,CH Gayle,E Chigumbura,0,0,,,,,,,,,
439141,2009/10,2010-03-06,Providence Stadium,2,30.6,West Indies,Zimbabwe,N Deonarine,CH Gayle,E Chigumbura,0,0,,,,,,,,,
439141,2009/10,2010-03-06,Providence Stadium,2,30.7,West Indies,Zimbabwe,N Deonarine,CH Gayle,E Chigumbura,1,0,,,,,,,,,
439141,2009/10,2010-03-06,Providence Stadium,2,31.1,West Indies,Zimbabwe,N Deonarine,CH Gayle,AG Cremer,1,0,,,,,,,,,
439141,2009/10,2010-03-06,Providence Stadium,2,31.2,West Indies,Zimbabwe,CH Gayle,N Deonarine,AG Cremer,0,0,,,,,,,,,
439141,2009/10,2010-03-06,Providence Stadium,2,31.3,West Indies,Zimbabwe,CH Gayle,N Deonarine,AG Cremer,0,0,,,,,,,,,
439141,2009/10,2010-03-06,Providence Stadium,2,31.4,West Indies,Zimbabwe,CH Gayle,N Deonarine,AG Cremer,1,0,,,,,,,,,
439141,2009/10,2010-03-06,Providence Stadium,2,31.5,West Indies,Zimbabwe,N Deonarine,CH Gayle,AG Cremer,0,0,,,,,,,,,
439141,2009/10,2010-03-06,Providence Stadium,2,31.6,West Indies,Zimbabwe,N Deonarine,CH Gayle,AG Cremer,0,0,,,,,,,,,
439141,2009/10,2010-03-06,Providence Stadium,2,32.1,West Indies,Zimbabwe,CH Gayle,N Deonarine,E Chigumbura,1,0,,,,,,,,,
439141,2009/10,2010-03-06,Providence Stadium,2,32.2,West Indies,Zimbabwe,N Deonarine,CH Gayle,E Chigumbura,1,0,,,,,,,,,
439141,2009/10,2010-03-06,Providence Stadium,2,32.3,West Indies,Zimbabwe,CH Gayle,N Deonarine,E Chigumbura,0,0,,,,,,,,,
439141,2009/10,2010-03-06,Providence Stadium,2,32.4,West Indies,Zimbabwe,CH Gayle,N Deonarine,E Chigumbura,2,0,,,,,,,,,
439141,2009/10,2010-03-06,Providence Stadium,2,32.5,West Indies,Zimbabwe,CH Gayle,N Deonarine,E Chigumbura,1,0,,,,,,,,,
439141,2009/10,2010-03-06,Providence Stadium,2,32.6,West Indies,Zimbabwe,N Deonarine,CH Gayle,E Chigumbura,1,0,,,,,,,,,
439141,2009/10,2010-03-06,Providence Stadium,2,33.1,West Indies,Zimbabwe,N Deonarine,CH Gayle,RW Price,0,0,,,,,,,,,
439141,2009/10,2010-03-06,Providence Stadium,2,33.2,West Indies,Zimbabwe,N Deonarine,CH Gayle,RW Price,0,0,,,,,,,,,
439141,2009/10,2010-03-06,Providence Stadium,2,33.3,West Indies,Zimbabwe,N Deonarine,CH Gayle,RW Price,0,0,,,,,,,,,
439141,2009/10,2010-03-06,Providence Stadium,2,33.4,West Indies,Zimbabwe,N Deonarine,CH Gayle,RW Price,0,0,,,,,,,,,
439141,2009/10,2010-03-06,Providence Stadium,2,33.5,West Indies,Zimbabwe,N Deonarine,CH Gayle,RW Price,1,0,,,,,,,,,
439141,2009/10,2010-03-06,Providence Stadium,2,33.6,West Indies,Zimbabwe,CH Gayle,N Deonarine,RW Price,0,1,1,,,,,,,,
439141,2009/10,2010-03-06,Providence Stadium,2,33.7,West Indies,Zimbabwe,CH Gayle,N Deonarine,RW Price,0,0,,,,,,,,,
439141,2009/10,2010-03-06,Providence Stadium,2,34.1,West Indies,Zimbabwe,N Deonarine,CH Gayle,GA Lamb,0,0,,,,,,,,,
439141,2009/10,2010-03-06,Providence Stadium,2,34.2,West Indies,Zimbabwe,N Deonarine,CH Gayle,GA Lamb,0,0,,,,,,,,,
439141,2009/10,2010-03-06,Providence Stadium,2,34.3,West Indies,Zimbabwe,N Deonarine,CH Gayle,GA Lamb,0,0,,,,,,,,,
439141,2009/10,2010-03-06,Providence Stadium,2,34.4,West Indies,Zimbabwe,N Deonarine,CH Gayle,GA Lamb,0,0,,,,,,,,,
439141,2009/10,2010-03-06,Providence Stadium,2,34.5,West Indies,Zimbabwe,N Deonarine,CH Gayle,GA Lamb,0,0,,,,,,,,,
439141,2009/10,2010-03-06,Providence Stadium,2,34.6,West Indies,Zimbabwe,N Deonarine,CH Gayle,GA Lamb,0,0,,,,,,,,,
439141,2009/10,2010-03-06,Providence Stadium,2,35.1,West Indies,Zimbabwe,CH Gayle,N Deonarine,AG Cremer,0,0,,,,,,,,,
439141,2009/10,2010-03-06,Providence Stadium,2,35.2,West Indies,Zimbabwe,CH Gayle,N Deonarine,AG Cremer,0,0,,,,,,,,,
439141,2009/10,2010-03-06,Providence Stadium,2,35.3,West Indies,Zimbabwe,CH Gayle,N Deonarine,AG Cremer,1,0,,,,,,,,,
439141,2009/10,2010-03-06,Providence Stadium,2,35.4,West Indies,Zimbabwe,N Deonarine,CH Gayle,AG Cremer,1,0,,,,,,,,,
439141,2009/10,2010-03-06,Providence Stadium,2,35.5,West Indies,Zimbabwe,CH Gayle,N Deonarine,AG Cremer,1,0,,,,,,,,,
439141,2009/10,2010-03-06,Providence Stadium,2,35.6,West Indies,Zimbabwe,N Deonarine,CH Gayle,AG Cremer,1,0,,,,,,,,,
439141,2009/10,2010-03-06,Providence Stadium,2,36.1,West Indies,Zimbabwe,N Deonarine,CH Gayle,GA Lamb,1,0,,,,,,,,,
439141,2009/10,2010-03-06,Providence Stadium,2,36.2,West Indies,Zimbabwe,CH Gayle,N Deonarine,GA Lamb,0,1,1,,,,,,,,
439141,2009/10,2010-03-06,Providence Stadium,2,36.3,West Indies,Zimbabwe,CH Gayle,N Deonarine,GA Lamb,0,0,,,,,,,,,
439141,2009/10,2010-03-06,Providence Stadium,2,36.4,West Indies,Zimbabwe,CH Gayle,N Deonarine,GA Lamb,0,0,,,,,,,,,
439141,2009/10,2010-03-06,Providence Stadium,2,36.5,West Indies,Zimbabwe,CH Gayle,N Deonarine,GA Lamb,1,0,,,,,,,,,
439141,2009/10,2010-03-06,Providence Stadium,2,36.6,West Indies,Zimbabwe,N Deonarine,CH Gayle,GA Lamb,0,0,,,,,,,,,
439141,2009/10,2010-03-06,Providence Stadium,2,36.7,West Indies,Zimbabwe,N Deonarine,CH Gayle,GA Lamb,0,0,,,,,,,,,
439141,2009/10,2010-03-06,Providence Stadium,2,37.1,West Indies,Zimbabwe,CH Gayle,N Deonarine,AG Cremer,1,0,,,,,,,,,
439141,2009/10,2010-03-06,Providence Stadium,2,37.2,West Indies,Zimbabwe,N Deonarine,CH Gayle,AG Cremer,6,0,,,,,,,,,
439141,2009/10,2010-03-06,Providence Stadium,2,37.3,West Indies,Zimbabwe,N Deonarine,CH Gayle,AG Cremer,0,0,,,,,,,,,
439141,2009/10,2010-03-06,Providence Stadium,2,37.4,West Indies,Zimbabwe,N Deonarine,CH Gayle,AG Cremer,4,0,,,,,,,,,
439141,2009/10,2010-03-06,Providence Stadium,2,37.5,West Indies,Zimbabwe,N Deonarine,CH Gayle,AG Cremer,0,0,,,,,,,,,
439141,2009/10,2010-03-06,Providence Stadium,2,37.6,West Indies,Zimbabwe,N Deonarine,CH Gayle,AG Cremer,0,0,,,,,,,,,
439141,2009/10,2010-03-06,Providence Stadium,2,38.1,West Indies,Zimbabwe,CH Gayle,N Deonarine,CB Mpofu,1,0,,,,,,,,,
439141,2009/10,2010-03-06,Providence Stadium,2,38.2,West Indies,Zimbabwe,N Deonarine,CH Gayle,CB Mpofu,0,0,,,,,,,,,
439141,2009/10,2010-03-06,Providence Stadium,2,38.3,West Indies,Zimbabwe,N Deonarine,CH Gayle,CB Mpofu,2,0,,,,,,,,,
439141,2009/10,2010-03-06,Providence Stadium,2,38.4,West Indies,Zimbabwe,N Deonarine,CH Gayle,CB Mpofu,0,0,,,,,,,,,
439141,2009/10,2010-03-06,Providence Stadium,2,38.5,West Indies,Zimbabwe,N Deonarine,CH Gayle,CB Mpofu,0,1,1,,,,,,,,
439141,2009/10,2010-03-06,Providence Stadium,2,38.6,West Indies,Zimbabwe,N Deonarine,CH Gayle,CB Mpofu,4,0,,,,,,,,,
439141,2009/10,2010-03-06,Providence Stadium,2,38.7,West Indies,Zimbabwe,N Deonarine,CH Gayle,CB Mpofu,0,0,,,,,,,,,
439141,2009/10,2010-03-06,Providence Stadium,2,39.1,West Indies,Zimbabwe,CH Gayle,N Deonarine,P Utseya,1,0,,,,,,,,,
439141,2009/10,2010-03-06,Providence Stadium,2,39.2,West Indies,Zimbabwe,N Deonarine,CH Gayle,P Utseya,4,0,,,,,,,,,
439141,2009/10,2010-03-06,Providence Stadium,2,39.3,West Indies,Zimbabwe,N Deonarine,CH Gayle,P Utseya,1,0,,,,,,,,,
439141,2009/10,2010-03-06,Providence Stadium,2,39.4,West Indies,Zimbabwe,CH Gayle,N Deonarine,P Utseya,1,0,,,,,,,,,
439141,2009/10,2010-03-06,Providence Stadium,2,39.5,West Indies,Zimbabwe,N Deonarine,CH Gayle,P Utseya,0,0,,,,,,,,,
439141,2009/10,2010-03-06,Providence Stadium,2,39.6,West Indies,Zimbabwe,N Deonarine,CH Gayle,P Utseya,1,0,,,,,,,,,
439141,2009/10,2010-03-06,Providence Stadium,2,40.1,West Indies,Zimbabwe,N Deonarine,CH Gayle,CB Mpofu,0,1,1,,,,,,,,
439141,2009/10,2010-03-06,Providence Stadium,2,40.2,West Indies,Zimbabwe,N Deonarine,CH Gayle,CB Mpofu,1,0,,,,,,,,,
439141,2009/10,2010-03-06,Providence Stadium,2,40.3,West Indies,Zimbabwe,CH Gayle,N Deonarine,CB Mpofu,1,0,,,,,,,,,
439141,2009/10,2010-03-06,Providence Stadium,2,40.4,West Indies,Zimbabwe,N Deonarine,CH Gayle,CB Mpofu,1,0,,,,,,,,,
439141,2009/10,2010-03-06,Providence Stadium,2,40.5,West Indies,Zimbabwe,CH Gayle,N Deonarine,CB Mpofu,2,0,,,,,,,,,
439141,2009/10,2010-03-06,Providence Stadium,2,40.6,West Indies,Zimbabwe,CH Gayle,N Deonarine,CB Mpofu,0,1,1,,,,,,,,
439141,2009/10,2010-03-06,Providence Stadium,2,40.7,West Indies,Zimbabwe,CH Gayle,N Deonarine,CB Mpofu,4,0,,,,,,,,,
439141,2009/10,2010-03-06,Providence Stadium,2,40.8,West Indies,Zimbabwe,CH Gayle,N Deonarine,CB Mpofu,4,0,,,,,,,,,
439141,2009/10,2010-03-06,Providence Stadium,2,41.1,West Indies,Zimbabwe,N Deonarine,CH Gayle,AG Cremer,0,0,,,,,,,,,
439141,2009/10,2010-03-06,Providence Stadium,2,41.2,West Indies,Zimbabwe,N Deonarine,CH Gayle,AG Cremer,1,0,,,,,,,,,
439141,2009/10,2010-03-06,Providence Stadium,2,41.3,West Indies,Zimbabwe,CH Gayle,N Deonarine,AG Cremer,0,0,,,,,,,,,
439141,2009/10,2010-03-06,Providence Stadium,2,41.4,West Indies,Zimbabwe,CH Gayle,N Deonarine,AG Cremer,4,0,,,,,,,,,
439141,2009/10,2010-03-06,Providence Stadium,2,41.5,West Indies,Zimbabwe,CH Gayle,N Deonarine,AG Cremer,0,0,,,,,,bowled,CH Gayle,,
439141,2009/10,2010-03-06,Providence Stadium,2,41.6,West Indies,Zimbabwe,KA Pollard,N Deonarine,AG Cremer,0,0,,,,,,,,,
439141,2009/10,2010-03-06,Providence Stadium,2,42.1,West Indies,Zimbabwe,N Deonarine,KA Pollard,P Utseya,4,0,,,,,,,,,
439141,2009/10,2010-03-06,Providence Stadium,2,42.2,West Indies,Zimbabwe,N Deonarine,KA Pollard,P Utseya,0,0,,,,,,,,,
439141,2009/10,2010-03-06,Providence Stadium,2,42.3,West Indies,Zimbabwe,N Deonarine,KA Pollard,P Utseya,0,0,,,,,,,,,
439141,2009/10,2010-03-06,Providence Stadium,2,42.4,West Indies,Zimbabwe,N Deonarine,KA Pollard,P Utseya,0,0,,,,,,,,,
439141,2009/10,2010-03-06,Providence Stadium,2,42.5,West Indies,Zimbabwe,N Deonarine,KA Pollard,P Utseya,1,0,,,,,,,,,
439141,2009/10,2010-03-06,Providence Stadium,2,42.6,West Indies,Zimbabwe,KA Pollard,N Deonarine,P Utseya,0,0,,,,,,,,,
439141,2009/10,2010-03-06,Providence Stadium,2,43.1,West Indies,Zimbabwe,N Deonarine,KA Pollard,AG Cremer,1,0,,,,,,,,,
439141,2009/10,2010-03-06,Providence Stadium,2,43.2,West Indies,Zimbabwe,KA Pollard,N Deonarine,AG Cremer,6,0,,,,,,,,,
439141,2009/10,2010-03-06,Providence Stadium,2,43.3,West Indies,Zimbabwe,KA Pollard,N Deonarine,AG Cremer,1,0,,,,,,,,,
439141,2009/10,2010-03-06,Providence Stadium,2,43.4,West Indies,Zimbabwe,N Deonarine,KA Pollard,AG Cremer,0,0,,,,,,,,,
439141,2009/10,2010-03-06,Providence Stadium,2,43.5,West Indies,Zimbabwe,N Deonarine,KA Pollard,AG Cremer,0,0,,,,,,,,,
439141,2009/10,2010-03-06,Providence Stadium,2,43.6,West Indies,Zimbabwe,N Deonarine,KA Pollard,AG Cremer,1,0,,,,,,,,,
439141,2009/10,2010-03-06,Providence Stadium,2,44.1,West Indies,Zimbabwe,N Deonarine,KA Pollard,BRM Taylor,4,0,,,,,,,,,
439141,2009/10,2010-03-06,Providence Stadium,2,44.2,West Indies,Zimbabwe,N Deonarine,KA Pollard,BRM Taylor,1,0,,,,,,,,,
439141,2009/10,2010-03-06,Providence Stadium,2,44.3,West Indies,Zimbabwe,KA Pollard,N Deonarine,BRM Taylor,0,0,,,,,,caught,KA Pollard,,
439141,2009/10,2010-03-06,Providence Stadium,2,44.4,West Indies,Zimbabwe,DJG Sammy,N Deonarine,BRM Taylor,0,0,,,,,,,,,
439141,2009/10,2010-03-06,Providence Stadium,2,44.5,West Indies,Zimbabwe,DJG Sammy,N Deonarine,BRM Taylor,1,0,,,,,,,,,
439141,2009/10,2010-03-06,Providence Stadium,2,44.6,West Indies,Zimbabwe,N Deonarine,DJG Sammy,BRM Taylor,0,0,,,,,,,,,
439141,2009/10,2010-03-06,Providence Stadium,2,45.1,West Indies,Zimbabwe,DJG Sammy,N Deonarine,RW Price,0,0,,,,,,,,,
439141,2009/10,2010-03-06,Providence Stadium,2,45.2,West Indies,Zimbabwe,DJG Sammy,N Deonarine,RW Price,0,1,1,,,,,,,,
439141,2009/10,2010-03-06,Providence Stadium,2,45.3,West Indies,Zimbabwe,DJG Sammy,N Deonarine,RW Price,0,0,,,,,,,,,
439141,2009/10,2010-03-06,Providence Stadium,2,45.4,West Indies,Zimbabwe,DJG Sammy,N Deonarine,RW Price,0,0,,,,,,,,,
439141,2009/10,2010-03-06,Providence Stadium,2,45.5,West Indies,Zimbabwe,DJG Sammy,N Deonarine,RW Price,1,0,,,,,,,,,
439141,2009/10,2010-03-06,Providence Stadium,2,45.6,West Indies,Zimbabwe,N Deonarine,DJG Sammy,RW Price,0,0,,,,,,,,,
439141,2009/10,2010-03-06,Providence Stadium,2,45.7,West Indies,Zimbabwe,N Deonarine,DJG Sammy,RW Price,2,0,,,,,,,,,
439141,2009/10,2010-03-06,Providence Stadium,2,46.1,West Indies,Zimbabwe,DJG Sammy,N Deonarine,CB Mpofu,0,1,1,,,,,,,,
439141,2009/10,2010-03-06,Providence Stadium,2,46.2,West Indies,Zimbabwe,DJG Sammy,N Deonarine,CB Mpofu,2,0,,,,,,,,,
439141,2009/10,2010-03-06,Providence Stadium,2,46.3,West Indies,Zimbabwe,DJG Sammy,N Deonarine,CB Mpofu,1,0,,,,,,,,,
439141,2009/10,2010-03-06,Providence Stadium,2,46.4,West Indies,Zimbabwe,N Deonarine,DJG Sammy,CB Mpofu,0,0,,,,,,,,,
439141,2009/10,2010-03-06,Providence Stadium,2,46.5,West Indies,Zimbabwe,N Deonarine,DJG Sammy,CB Mpofu,0,0,,,,,,,,,
439141,2009/10,2010-03-06,Providence Stadium,2,46.6,West Indies,Zimbabwe,N Deonarine,DJG Sammy,CB Mpofu,2,0,,,,,,,,,
439141,2009/10,2010-03-06,Providence Stadium,2,46.7,West Indies,Zimbabwe,N Deonarine,DJG Sammy,CB Mpofu,1,0,,,,,,,,,
439141,2009/10,2010-03-06,Providence Stadium,2,47.1,West Indies,Zimbabwe,N Deonarine,DJG Sammy,RW Price,4,0,,,,,,,,,
439141,2009/10,2010-03-06,Providence Stadium,2,47.2,West Indies,Zimbabwe,N Deonarine,DJG Sammy,RW Price,0,0,,,,,,,,,
439141,2009/10,2010-03-06,Providence Stadium,2,47.3,West Indies,Zimbabwe,N Deonarine,DJG Sammy,RW Price,1,0,,,,,,,,,
439141,2009/10,2010-03-06,Providence Stadium,2,47.4,West Indies,Zimbabwe,DJG Sammy,N Deonarine,RW Price,0,0,,,,,,,,,
439141,2009/10,2010-03-06,Providence Stadium,2,47.5,West Indies,Zimbabwe,DJG Sammy,N Deonarine,RW Price,4,0,,,,,,,,,
