match_id,season,start_date,venue,innings,ball,batting_team,bowling_team,striker,non_striker,bowler,runs_off_bat,extras,wides,noballs,byes,legbyes,penalty,wicket_type,player_dismissed,other_wicket_type,other_player_dismissed
446966,2010/11,2011-01-30,"Brisbane Cricket Ground, Woolloongabba",1,0.1,Australia,England,SR Watson,BJ Haddin,JM Anderson,4,0,,,,,,,,,
446966,2010/11,2011-01-30,"Brisbane Cricket Ground, Woolloongabba",1,0.2,Australia,England,SR Watson,BJ Haddin,JM Anderson,0,0,,,,,,,,,
446966,2010/11,2011-01-30,"Brisbane Cricket Ground, Woolloongabba",1,0.3,Australia,England,SR Watson,BJ Haddin,JM Anderson,0,0,,,,,,,,,
446966,2010/11,2011-01-30,"Brisbane Cricket Ground, Woolloongabba",1,0.4,Australia,England,SR Watson,BJ Haddin,JM Anderson,2,0,,,,,,,,,
446966,2010/11,2011-01-30,"Brisbane Cricket Ground, Woolloongabba",1,0.5,Australia,England,SR Watson,BJ Haddin,JM Anderson,0,0,,,,,,,,,
446966,2010/11,2011-01-30,"Brisbane Cricket Ground, Woolloongabba",1,0.6,Australia,England,SR Watson,BJ Haddin,JM Anderson,0,0,,,,,,,,,
446966,2010/11,2011-01-30,"Brisbane Cricket Ground, Woolloongabba",1,1.1,Australia,England,BJ Haddin,SR Watson,A Shahzad,0,1,,,,1,,,,,
446966,2010/11,2011-01-30,"Brisbane Cricket Ground, Woolloongabba",1,1.2,Australia,England,SR Watson,BJ Haddin,A Shahzad,1,0,,,,,,,,,
446966,2010/11,2011-01-30,"Brisbane Cricket Ground, Woolloongabba",1,1.3,Australia,England,BJ Haddin,SR Watson,A Shahzad,0,0,,,,,,,,,
446966,2010/11,2011-01-30,"Brisbane Cricket Ground, Woolloongabba",1,1.4,Australia,England,BJ Haddin,SR Watson,A Shahzad,0,0,,,,,,,,,
446966,2010/11,2011-01-30,"Brisbane Cricket Ground, Woolloongabba",1,1.5,Australia,England,BJ Haddin,SR Watson,A Shahzad,0,1,1,,,,,,,,
446966,2010/11,2011-01-30,"Brisbane Cricket Ground, Woolloongabba",1,1.6,Australia,England,BJ Haddin,SR Watson,A Shahzad,1,0,,,,,,,,,
446966,2010/11,2011-01-30,"Brisbane Cricket Ground, Woolloongabba",1,1.7,Australia,England,SR Watson,BJ Haddin,A Shahzad,0,0,,,,,,,,,
446966,2010/11,2011-01-30,"Brisbane Cricket Ground, Woolloongabba",1,2.1,Australia,England,BJ Haddin,SR Watson,JM Anderson,0,0,,,,,,,,,
446966,2010/11,2011-01-30,"Brisbane Cricket Ground, Woolloongabba",1,2.2,Australia,England,BJ Haddin,SR Watson,JM Anderson,0,0,,,,,,,,,
446966,2010/11,2011-01-30,"Brisbane Cricket Ground, Woolloongabba",1,2.3,Australia,England,BJ Haddin,SR Watson,JM Anderson,4,0,,,,,,,,,
446966,2010/11,2011-01-30,"Brisbane Cricket Ground, Woolloongabba",1,2.4,Australia,England,BJ Haddin,SR Watson,JM Anderson,1,0,,,,,,,,,
446966,2010/11,2011-01-30,"Brisbane Cricket Ground, Woolloongabba",1,2.5,Australia,England,SR Watson,BJ Haddin,JM Anderson,1,0,,,,,,,,,
446966,2010/11,2011-01-30,"Brisbane Cricket Ground, Woolloongabba",1,2.6,Australia,England,BJ Haddin,SR Watson,JM Anderson,1,0,,,,,,,,,
446966,2010/11,2011-01-30,"Brisbane Cricket Ground, Woolloongabba",1,3.1,Australia,England,BJ Haddin,SR Watson,A Shahzad,0,0,,,,,,,,,
446966,2010/11,2011-01-30,"Brisbane Cricket Ground, Woolloongabba",1,3.2,Australia,England,BJ Haddin,SR Watson,A Shahzad,0,0,,,,,,,,,
446966,2010/11,2011-01-30,"Brisbane Cricket Ground, Woolloongabba",1,3.3,Australia,England,BJ Haddin,SR Watson,A Shahzad,0,0,,,,,,,,,
446966,2010/11,2011-01-30,"Brisbane Cricket Ground, Woolloongabba",1,3.4,Australia,England,BJ Haddin,SR Watson,A Shahzad,0,0,,,,,,,,,
446966,2010/11,2011-01-30,"Brisbane Cricket Ground, Woolloongabba",1,3.5,Australia,England,BJ Haddin,SR Watson,A Shahzad,0,0,,,,,,,,,
446966,2010/11,2011-01-30,"Brisbane Cricket Ground, Woolloongabba",1,3.6,Australia,England,BJ Haddin,SR Watson,A Shahzad,0,1,1,,,,,,,,
446966,2010/11,2011-01-30,"Brisbane Cricket Ground, Woolloongabba",1,3.7,Australia,England,BJ Haddin,SR Watson,A Shahzad,1,0,,,,,,,,,
446966,2010/11,2011-01-30,"Brisbane Cricket Ground, Woolloongabba",1,4.1,Australia,England,BJ Haddin,SR Watson,JM Anderson,0,1,1,,,,,,,,
446966,2010/11,2011-01-30,"Brisbane Cricket Ground, Woolloongabba",1,4.2,Australia,England,BJ Haddin,SR Watson,JM Anderson,0,0,,,,,,,,,
446966,2010/11,2011-01-30,"Brisbane Cricket Ground, Woolloongabba",1,4.3,Australia,England,BJ Haddin,SR Watson,JM Anderson,0,0,,,,,,,,,
446966,2010/11,2011-01-30,"Brisbane Cricket Ground, Woolloongabba",1,4.4,Australia,England,BJ Haddin,SR Watson,JM Anderson,0,0,,,,,,,,,
446966,2010/11,2011-01-30,"Brisbane Cricket Ground, Woolloongabba",1,4.5,Australia,England,BJ Haddin,SR Watson,JM Anderson,0,0,,,,,,,,,
446966,2010/11,2011-01-30,"Brisbane Cricket Ground, Woolloongabba",1,4.6,Australia,England,BJ Haddin,SR Watson,JM Anderson,1,0,,,,,,,,,
446966,2010/11,2011-01-30,"Brisbane Cricket Ground, Woolloongabba",1,4.7,Australia,England,SR Watson,BJ Haddin,JM Anderson,4,0,,,,,,,,,
446966,2010/11,2011-01-30,"Brisbane Cricket Ground, Woolloongabba",1,5.1,Australia,England,BJ Haddin,SR Watson,A Shahzad,0,0,,,,,,,,,
446966,2010/11,2011-01-30,"Brisbane Cricket Ground, Woolloongabba",1,5.2,Australia,England,BJ Haddin,SR Watson,A Shahzad,0,0,,,,,,,,,
446966,2010/11,2011-01-30,"Brisbane Cricket Ground, Woolloongabba",1,5.3,Australia,England,BJ Haddin,SR Watson,A Shahzad,4,0,,,,,,,,,
446966,2010/11,2011-01-30,"Brisbane Cricket Ground, Woolloongabba",1,5.4,Australia,England,BJ Haddin,SR Watson,A Shahzad,1,0,,,,,,,,,
446966,2010/11,2011-01-30,"Brisbane Cricket Ground, Woolloongabba",1,5.5,Australia,England,SR Watson,BJ Haddin,A Shahzad,1,0,,,,,,,,,
446966,2010/11,2011-01-30,"Brisbane Cricket Ground, Woolloongabba",1,5.6,Australia,England,BJ Haddin,SR Watson,A Shahzad,0,0,,,,,,,,,
446966,2010/11,2011-01-30,"Brisbane Cricket Ground, Woolloongabba",1,6.1,Australia,England,SR Watson,BJ Haddin,ST Finn,0,0,,,,,,,,,
446966,2010/11,2011-01-30,"Brisbane Cricket Ground, Woolloongabba",1,6.2,Australia,England,SR Watson,BJ Haddin,ST Finn,0,0,,,,,,,,,
446966,2010/11,2011-01-30,"Brisbane Cricket Ground, Woolloongabba",1,6.3,Australia,England,SR Watson,BJ Haddin,ST Finn,0,0,,,,,,,,,
446966,2010/11,2011-01-30,"Brisbane Cricket Ground, Woolloongabba",1,6.4,Australia,England,SR Watson,BJ Haddin,ST Finn,1,0,,,,,,,,,
446966,2010/11,2011-01-30,"Brisbane Cricket Ground, Woolloongabba",1,6.5,Australia,England,BJ Haddin,SR Watson,ST Finn,0,0,,,,,,,,,
446966,2010/11,2011-01-30,"Brisbane Cricket Ground, Woolloongabba",1,6.6,Australia,England,BJ Haddin,SR Watson,ST Finn,0,1,1,,,,,,,,
446966,2010/11,2011-01-30,"Brisbane Cricket Ground, Woolloongabba",1,6.7,Australia,England,BJ Haddin,SR Watson,ST Finn,0,0,,,,,,,,,
446966,2010/11,2011-01-30,"Brisbane Cricket Ground, Woolloongabba",1,7.1,Australia,England,SR Watson,BJ Haddin,A Shahzad,1,0,,,,,,,,,
446966,2010/11,2011-01-30,"Brisbane Cricket Ground, Woolloongabba",1,7.2,Australia,England,BJ Haddin,SR Watson,A Shahzad,0,0,,,,,,,,,
446966,2010/11,2011-01-30,"Brisbane Cricket Ground, Woolloongabba",1,7.3,Australia,England,BJ Haddin,SR Watson,A Shahzad,4,0,,,,,,,,,
446966,2010/11,2011-01-30,"Brisbane Cricket Ground, Woolloongabba",1,7.4,Australia,England,BJ Haddin,SR Watson,A Shahzad,4,0,,,,,,,,,
446966,2010/11,2011-01-30,"Brisbane Cricket Ground, Woolloongabba",1,7.5,Australia,England,BJ Haddin,SR Watson,A Shahzad,0,0,,,,,,,,,
446966,2010/11,2011-01-30,"Brisbane Cricket Ground, Woolloongabba",1,7.6,Australia,England,BJ Haddin,SR Watson,A Shahzad,0,1,1,,,,,,,,
446966,2010/11,2011-01-30,"Brisbane Cricket Ground, Woolloongabba",1,7.7,Australia,England,BJ Haddin,SR Watson,A Shahzad,0,0,,,,,,,,,
446966,2010/11,2011-01-30,"Brisbane Cricket Ground, Woolloongabba",1,8.1,Australia,England,SR Watson,BJ Haddin,ST Finn,0,0,,,,,,,,,
446966,2010/11,2011-01-30,"Brisbane Cricket Ground, Woolloongabba",1,8.2,Australia,England,SR Watson,BJ Haddin,ST Finn,1,0,,,,,,,,,
446966,2010/11,2011-01-30,"Brisbane Cricket Ground, Woolloongabba",1,8.3,Australia,England,BJ Haddin,SR Watson,ST Finn,0,0,,,,,,,,,
446966,2010/11,2011-01-30,"Brisbane Cricket Ground, Woolloongabba",1,8.4,Australia,England,BJ Haddin,SR Watson,ST Finn,0,0,,,,,,,,,
446966,2010/11,2011-01-30,"Brisbane Cricket Ground, Woolloongabba",1,8.5,Australia,England,BJ Haddin,SR Watson,ST Finn,4,0,,,,,,,,,
446966,2010/11,2011-01-30,"Brisbane Cricket Ground, Woolloongabba",1,8.6,Australia,England,BJ Haddin,SR Watson,ST Finn,0,0,,,,,,,,,
446966,2010/11,2011-01-30,"Brisbane Cricket Ground, Woolloongabba",1,9.1,Australia,England,SR Watson,BJ Haddin,CR Woakes,0,0,,,,,,,,,
446966,2010/11,2011-01-30,"Brisbane Cricket Ground, Woolloongabba",1,9.2,Australia,England,SR Watson,BJ Haddin,CR Woakes,0,0,,,,,,caught,SR Watson,,
446966,2010/11,2011-01-30,"Brisbane Cricket Ground, Woolloongabba",1,9.3,Australia,England,SE Marsh,BJ Haddin,CR Woakes,0,0,,,,,,,,,
446966,2010/11,2011-01-30,"Brisbane Cricket Ground, Woolloongabba",1,9.4,Australia,England,SE Marsh,BJ Haddin,CR Woakes,0,0,,,,,,,,,
446966,2010/11,2011-01-30,"Brisbane Cricket Ground, Woolloongabba",1,9.5,Australia,England,SE Marsh,BJ Haddin,CR Woakes,0,0,,,,,,,,,
446966,2010/11,2011-01-30,"Brisbane Cricket Ground, Woolloongabba",1,9.6,Australia,England,SE Marsh,BJ Haddin,CR Woakes,2,0,,,,,,,,,
446966,2010/11,2011-01-30,"Brisbane Cricket Ground, Woolloongabba",1,10.1,Australia,England,BJ Haddin,SE Marsh,ST Finn,0,0,,,,,,,,,
446966,2010/11,2011-01-30,"Brisbane Cricket Ground, Woolloongabba",1,10.2,Australia,England,BJ Haddin,SE Marsh,ST Finn,0,0,,,,,,,,,
446966,2010/11,2011-01-30,"Brisbane Cricket Ground, Woolloongabba",1,10.3,Australia,England,BJ Haddin,SE Marsh,ST Finn,0,1,,,,1,,,,,
446966,2010/11,2011-01-30,"Brisbane Cricket Ground, Woolloongabba",1,10.4,Australia,England,SE Marsh,BJ Haddin,ST Finn,0,0,,,,,,,,,
446966,2010/11,2011-01-30,"Brisbane Cricket Ground, Woolloongabba",1,10.5,Australia,England,SE Marsh,BJ Haddin,ST Finn,1,0,,,,,,,,,
446966,2010/11,2011-01-30,"Brisbane Cricket Ground, Woolloongabba",1,10.6,Australia,England,BJ Haddin,SE Marsh,ST Finn,1,0,,,,,,,,,
446966,2010/11,2011-01-30,"Brisbane Cricket Ground, Woolloongabba",1,11.1,Australia,England,BJ Haddin,SE Marsh,CR Woakes,0,0,,,,,,,,,
446966,2010/11,2011-01-30,"Brisbane Cricket Ground, Woolloongabba",1,11.2,Australia,England,BJ Haddin,SE Marsh,CR Woakes,0,0,,,,,,,,,
446966,2010/11,2011-01-30,"Brisbane Cricket Ground, Woolloongabba",1,11.3,Australia,England,BJ Haddin,SE Marsh,CR Woakes,1,0,,,,,,,,,
446966,2010/11,2011-01-30,"Brisbane Cricket Ground, Woolloongabba",1,11.4,Australia,England,SE Marsh,BJ Haddin,CR Woakes,2,0,,,,,,,,,
446966,2010/11,2011-01-30,"Brisbane Cricket Ground, Woolloongabba",1,11.5,Australia,England,SE Marsh,BJ Haddin,CR Woakes,0,0,,,,,,,,,
446966,2010/11,2011-01-30,"Brisbane Cricket Ground, Woolloongabba",1,11.6,Australia,England,SE Marsh,BJ Haddin,CR Woakes,1,0,,,,,,,,,
446966,2010/11,2011-01-30,"Brisbane Cricket Ground, Woolloongabba",1,12.1,Australia,England,SE Marsh,BJ Haddin,ST Finn,2,0,,,,,,,,,
446966,2010/11,2011-01-30,"Brisbane Cricket Ground, Woolloongabba",1,12.2,Australia,England,SE Marsh,BJ Haddin,ST Finn,1,0,,,,,,,,,
446966,2010/11,2011-01-30,"Brisbane Cricket Ground, Woolloongabba",1,12.3,Australia,England,BJ Haddin,SE Marsh,ST Finn,0,0,,,,,,,,,
446966,2010/11,2011-01-30,"Brisbane Cricket Ground, Woolloongabba",1,12.4,Australia,England,BJ Haddin,SE Marsh,ST Finn,0,1,,,,1,,,,,
446966,2010/11,2011-01-30,"Brisbane Cricket Ground, Woolloongabba",1,12.5,Australia,England,SE Marsh,BJ Haddin,ST Finn,0,0,,,,,,,,,
446966,2010/11,2011-01-30,"Brisbane Cricket Ground, Woolloongabba",1,12.6,Australia,England,SE Marsh,BJ Haddin,ST Finn,1,0,,,,,,,,,
446966,2010/11,2011-01-30,"Brisbane Cricket Ground, Woolloongabba",1,13.1,Australia,England,SE Marsh,BJ Haddin,CR Woakes,1,0,,,,,,,,,
446966,2010/11,2011-01-30,"Brisbane Cricket Ground, Woolloongabba",1,13.2,Australia,England,BJ Haddin,SE Marsh,CR Woakes,0,0,,,,,,,,,
446966,2010/11,2011-01-30,"Brisbane Cricket Ground, Woolloongabba",1,13.3,Australia,England,BJ Haddin,SE Marsh,CR Woakes,4,0,,,,,,,,,
446966,2010/11,2011-01-30,"Brisbane Cricket Ground, Woolloongabba",1,13.4,Australia,England,BJ Haddin,SE Marsh,CR Woakes,1,0,,,,,,,,,
446966,2010/11,2011-01-30,"Brisbane Cricket Ground, Woolloongabba",1,13.5,Australia,England,SE Marsh,BJ Haddin,CR Woakes,0,0,,,,,,,,,
446966,2010/11,2011-01-30,"Brisbane Cricket Ground, Woolloongabba",1,13.6,Australia,England,SE Marsh,BJ Haddin,CR Woakes,0,0,,,,,,,,,
446966,2010/11,2011-01-30,"Brisbane Cricket Ground, Woolloongabba",1,14.1,Australia,England,BJ Haddin,SE Marsh,ST Finn,0,0,,,,,,,,,
446966,2010/11,2011-01-30,"Brisbane Cricket Ground, Woolloongabba",1,14.2,Australia,England,BJ Haddin,SE Marsh,ST Finn,4,0,,,,,,,,,
446966,2010/11,2011-01-30,"Brisbane Cricket Ground, Woolloongabba",1,14.3,Australia,England,BJ Haddin,SE Marsh,ST Finn,0,0,,,,,,,,,
446966,2010/11,2011-01-30,"Brisbane Cricket Ground, Woolloongabba",1,14.4,Australia,England,BJ Haddin,SE Marsh,ST Finn,0,0,,,,,,bowled,BJ Haddin,,
446966,2010/11,2011-01-30,"Brisbane Cricket Ground, Woolloongabba",1,14.5,Australia,England,MJ Clarke,SE Marsh,ST Finn,0,1,1,,,,,,,,
446966,2010/11,2011-01-30,"Brisbane Cricket Ground, Woolloongabba",1,14.6,Australia,England,MJ Clarke,SE Marsh,ST Finn,0,0,,,,,,,,,
446966,2010/11,2011-01-30,"Brisbane Cricket Ground, Woolloongabba",1,14.7,Australia,England,MJ Clarke,SE Marsh,ST Finn,0,0,,,,,,,,,
446966,2010/11,2011-01-30,"Brisbane Cricket Ground, Woolloongabba",1,15.1,Australia,England,SE Marsh,MJ Clarke,JM Anderson,0,1,1,,,,,,,,
446966,2010/11,2011-01-30,"Brisbane Cricket Ground, Woolloongabba",1,15.2,Australia,England,SE Marsh,MJ Clarke,JM Anderson,0,0,,,,,,,,,
446966,2010/11,2011-01-30,"Brisbane Cricket Ground, Woolloongabba",1,15.3,Australia,England,SE Marsh,MJ Clarke,JM Anderson,0,0,,,,,,,,,
446966,2010/11,2011-01-30,"Brisbane Cricket Ground, Woolloongabba",1,15.4,Australia,England,SE Marsh,MJ Clarke,JM Anderson,0,0,,,,,,,,,
446966,2010/11,2011-01-30,"Brisbane Cricket Ground, Woolloongabba",1,15.5,Australia,England,SE Marsh,MJ Clarke,JM Anderson,2,0,,,,,,,,,
446966,2010/11,2011-01-30,"Brisbane Cricket Ground, Woolloongabba",1,15.6,Australia,England,SE Marsh,MJ Clarke,JM Anderson,1,0,,,,,,,,,
446966,2010/11,2011-01-30,"Brisbane Cricket Ground, Woolloongabba",1,15.7,Australia,England,MJ Clarke,SE Marsh,JM Anderson,3,0,,,,,,,,,
446966,2010/11,2011-01-30,"Brisbane Cricket Ground, Woolloongabba",1,16.1,Australia,England,MJ Clarke,SE Marsh,ST Finn,4,0,,,,,,,,,
446966,2010/11,2011-01-30,"Brisbane Cricket Ground, Woolloongabba",1,16.2,Australia,England,MJ Clarke,SE Marsh,ST Finn,0,0,,,,,,,,,
446966,2010/11,2011-01-30,"Brisbane Cricket Ground, Woolloongabba",1,16.3,Australia,England,MJ Clarke,SE Marsh,ST Finn,1,0,,,,,,,,,
446966,2010/11,2011-01-30,"Brisbane Cricket Ground, Woolloongabba",1,16.4,Australia,England,SE Marsh,MJ Clarke,ST Finn,0,0,,,,,,,,,
446966,2010/11,2011-01-30,"Brisbane Cricket Ground, Woolloongabba",1,16.5,Australia,England,SE Marsh,MJ Clarke,ST Finn,0,0,,,,,,,,,
446966,2010/11,2011-01-30,"Brisbane Cricket Ground, Woolloongabba",1,16.6,Australia,England,SE Marsh,MJ Clarke,ST Finn,0,0,,,,,,,,,
446966,2010/11,2011-01-30,"Brisbane Cricket Ground, Woolloongabba",1,17.1,Australia,England,MJ Clarke,SE Marsh,JM Anderson,0,0,,,,,,,,,
446966,2010/11,2011-01-30,"Brisbane Cricket Ground, Woolloongabba",1,17.2,Australia,England,MJ Clarke,SE Marsh,JM Anderson,0,0,,,,,,,,,
446966,2010/11,2011-01-30,"Brisbane Cricket Ground, Woolloongabba",1,17.3,Australia,England,MJ Clarke,SE Marsh,JM Anderson,1,0,,,,,,,,,
446966,2010/11,2011-01-30,"Brisbane Cricket Ground, Woolloongabba",1,17.4,Australia,England,SE Marsh,MJ Clarke,JM Anderson,0,0,,,,,,,,,
446966,2010/11,2011-01-30,"Brisbane Cricket Ground, Woolloongabba",1,17.5,Australia,England,SE Marsh,MJ Clarke,JM Anderson,0,0,,,,,,,,,
446966,2010/11,2011-01-30,"Brisbane Cricket Ground, Woolloongabba",1,17.6,Australia,England,SE Marsh,MJ Clarke,JM Anderson,1,0,,,,,,,,,
446966,2010/11,2011-01-30,"Brisbane Cricket Ground, Woolloongabba",1,18.1,Australia,England,SE Marsh,MJ Clarke,ST Finn,0,0,,,,,,,,,
446966,2010/11,2011-01-30,"Brisbane Cricket Ground, Woolloongabba",1,18.2,Australia,England,SE Marsh,MJ Clarke,ST Finn,1,0,,,,,,,,,
446966,2010/11,2011-01-30,"Brisbane Cricket Ground, Woolloongabba",1,18.3,Australia,England,MJ Clarke,SE Marsh,ST Finn,0,0,,,,,,,,,
446966,2010/11,2011-01-30,"Brisbane Cricket Ground, Woolloongabba",1,18.4,Australia,England,MJ Clarke,SE Marsh,ST Finn,0,0,,,,,,,,,
446966,2010/11,2011-01-30,"Brisbane Cricket Ground, Woolloongabba",1,18.5,Australia,England,MJ Clarke,SE Marsh,ST Finn,4,0,,,,,,,,,
446966,2010/11,2011-01-30,"Brisbane Cricket Ground, Woolloongabba",1,18.6,Australia,England,MJ Clarke,SE Marsh,ST Finn,4,0,,,,,,,,,
446966,2010/11,2011-01-30,"Brisbane Cricket Ground, Woolloongabba",1,19.1,Australia,England,SE Marsh,MJ Clarke,PD Collingwood,0,0,,,,,,caught,SE Marsh,,
446966,2010/11,2011-01-30,"Brisbane Cricket Ground, Woolloongabba",1,19.2,Australia,England,CL White,MJ Clarke,PD Collingwood,0,0,,,,,,,,,
446966,2010/11,2011-01-30,"Brisbane Cricket Ground, Woolloongabba",1,19.3,Australia,England,CL White,MJ Clarke,PD Collingwood,0,0,,,,,,,,,
446966,2010/11,2011-01-30,"Brisbane Cricket Ground, Woolloongabba",1,19.4,Australia,England,CL White,MJ Clarke,PD Collingwood,0,0,,,,,,,,,
446966,2010/11,2011-01-30,"Brisbane Cricket Ground, Woolloongabba",1,19.5,Australia,England,CL White,MJ Clarke,PD Collingwood,0,0,,,,,,,,,
446966,2010/11,2011-01-30,"Brisbane Cricket Ground, Woolloongabba",1,19.6,Australia,England,CL White,MJ Clarke,PD Collingwood,0,0,,,,,,,,,
446966,2010/11,2011-01-30,"Brisbane Cricket Ground, Woolloongabba",1,20.1,Australia,England,MJ Clarke,CL White,CR Woakes,1,0,,,,,,,,,
446966,2010/11,2011-01-30,"Brisbane Cricket Ground, Woolloongabba",1,20.2,Australia,England,CL White,MJ Clarke,CR Woakes,0,0,,,,,,,,,
446966,2010/11,2011-01-30,"Brisbane Cricket Ground, Woolloongabba",1,20.3,Australia,England,CL White,MJ Clarke,CR Woakes,4,0,,,,,,,,,
446966,2010/11,2011-01-30,"Brisbane Cricket Ground, Woolloongabba",1,20.4,Australia,England,CL White,MJ Clarke,CR Woakes,0,0,,,,,,,,,
446966,2010/11,2011-01-30,"Brisbane Cricket Ground, Woolloongabba",1,20.5,Australia,England,CL White,MJ Clarke,CR Woakes,1,0,,,,,,,,,
446966,2010/11,2011-01-30,"Brisbane Cricket Ground, Woolloongabba",1,20.6,Australia,England,MJ Clarke,CL White,CR Woakes,0,0,,,,,,,,,
446966,2010/11,2011-01-30,"Brisbane Cricket Ground, Woolloongabba",1,21.1,Australia,England,CL White,MJ Clarke,PD Collingwood,6,0,,,,,,,,,
446966,2010/11,2011-01-30,"Brisbane Cricket Ground, Woolloongabba",1,21.2,Australia,England,CL White,MJ Clarke,PD Collingwood,4,0,,,,,,,,,
446966,2010/11,2011-01-30,"Brisbane Cricket Ground, Woolloongabba",1,21.3,Australia,England,CL White,MJ Clarke,PD Collingwood,0,0,,,,,,,,,
446966,2010/11,2011-01-30,"Brisbane Cricket Ground, Woolloongabba",1,21.4,Australia,England,CL White,MJ Clarke,PD Collingwood,0,0,,,,,,,,,
446966,2010/11,2011-01-30,"Brisbane Cricket Ground, Woolloongabba",1,21.5,Australia,England,CL White,MJ Clarke,PD Collingwood,1,0,,,,,,,,,
446966,2010/11,2011-01-30,"Brisbane Cricket Ground, Woolloongabba",1,21.6,Australia,England,MJ Clarke,CL White,PD Collingwood,0,0,,,,,,,,,
446966,2010/11,2011-01-30,"Brisbane Cricket Ground, Woolloongabba",1,22.1,Australia,England,CL White,MJ Clarke,CR Woakes,0,0,,,,,,,,,
446966,2010/11,2011-01-30,"Brisbane Cricket Ground, Woolloongabba",1,22.2,Australia,England,CL White,MJ Clarke,CR Woakes,0,0,,,,,,caught,CL White,,
446966,2010/11,2011-01-30,"Brisbane Cricket Ground, Woolloongabba",1,22.3,Australia,England,DJ Hussey,MJ Clarke,CR Woakes,0,0,,,,,,,,,
446966,2010/11,2011-01-30,"Brisbane Cricket Ground, Woolloongabba",1,22.4,Australia,England,DJ Hussey,MJ Clarke,CR Woakes,2,0,,,,,,,,,
446966,2010/11,2011-01-30,"Brisbane Cricket Ground, Woolloongabba",1,22.5,Australia,England,DJ Hussey,MJ Clarke,CR Woakes,0,0,,,,,,,,,
446966,2010/11,2011-01-30,"Brisbane Cricket Ground, Woolloongabba",1,22.6,Australia,England,DJ Hussey,MJ Clarke,CR Woakes,0,0,,,,,,,,,
446966,2010/11,2011-01-30,"Brisbane Cricket Ground, Woolloongabba",1,23.1,Australia,England,MJ Clarke,DJ Hussey,PD Collingwood,0,0,,,,,,,,,
446966,2010/11,2011-01-30,"Brisbane Cricket Ground, Woolloongabba",1,23.2,Australia,England,MJ Clarke,DJ Hussey,PD Collingwood,0,0,,,,,,,,,
446966,2010/11,2011-01-30,"Brisbane Cricket Ground, Woolloongabba",1,23.3,Australia,England,MJ Clarke,DJ Hussey,PD Collingwood,1,0,,,,,,,,,
446966,2010/11,2011-01-30,"Brisbane Cricket Ground, Woolloongabba",1,23.4,Australia,England,DJ Hussey,MJ Clarke,PD Collingwood,0,0,,,,,,,,,
446966,2010/11,2011-01-30,"Brisbane Cricket Ground, Woolloongabba",1,23.5,Australia,England,DJ Hussey,MJ Clarke,PD Collingwood,0,0,,,,,,,,,
446966,2010/11,2011-01-30,"Brisbane Cricket Ground, Woolloongabba",1,23.6,Australia,England,DJ Hussey,MJ Clarke,PD Collingwood,0,0,,,,,,,,,
446966,2010/11,2011-01-30,"Brisbane Cricket Ground, Woolloongabba",1,24.1,Australia,England,MJ Clarke,DJ Hussey,CR Woakes,0,0,,,,,,,,,
446966,2010/11,2011-01-30,"Brisbane Cricket Ground, Woolloongabba",1,24.2,Australia,England,MJ Clarke,DJ Hussey,CR Woakes,0,0,,,,,,,,,
446966,2010/11,2011-01-30,"Brisbane Cricket Ground, Woolloongabba",1,24.3,Australia,England,MJ Clarke,DJ Hussey,CR Woakes,3,0,,,,,,,,,
446966,2010/11,2011-01-30,"Brisbane Cricket Ground, Woolloongabba",1,24.4,Australia,England,DJ Hussey,MJ Clarke,CR Woakes,2,0,,,,,,,,,
446966,2010/11,2011-01-30,"Brisbane Cricket Ground, Woolloongabba",1,24.5,Australia,England,DJ Hussey,MJ Clarke,CR Woakes,0,0,,,,,,,,,
446966,2010/11,2011-01-30,"Brisbane Cricket Ground, Woolloongabba",1,24.6,Australia,England,DJ Hussey,MJ Clarke,CR Woakes,0,0,,,,,,,,,
446966,2010/11,2011-01-30,"Brisbane Cricket Ground, Woolloongabba",1,25.1,Australia,England,MJ Clarke,DJ Hussey,PD Collingwood,1,0,,,,,,,,,
446966,2010/11,2011-01-30,"Brisbane Cricket Ground, Woolloongabba",1,25.2,Australia,England,DJ Hussey,MJ Clarke,PD Collingwood,1,0,,,,,,,,,
446966,2010/11,2011-01-30,"Brisbane Cricket Ground, Woolloongabba",1,25.3,Australia,England,MJ Clarke,DJ Hussey,PD Collingwood,0,0,,,,,,,,,
446966,2010/11,2011-01-30,"Brisbane Cricket Ground, Woolloongabba",1,25.4,Australia,England,MJ Clarke,DJ Hussey,PD Collingwood,0,0,,,,,,,,,
446966,2010/11,2011-01-30,"Brisbane Cricket Ground, Woolloongabba",1,25.5,Australia,England,MJ Clarke,DJ Hussey,PD Collingwood,0,0,,,,,,,,,
446966,2010/11,2011-01-30,"Brisbane Cricket Ground, Woolloongabba",1,25.6,Australia,England,MJ Clarke,DJ Hussey,PD Collingwood,1,0,,,,,,,,,
446966,2010/11,2011-01-30,"Brisbane Cricket Ground, Woolloongabba",1,26.1,Australia,England,MJ Clarke,DJ Hussey,CR Woakes,0,0,,,,,,,,,
446966,2010/11,2011-01-30,"Brisbane Cricket Ground, Woolloongabba",1,26.2,Australia,England,MJ Clarke,DJ Hussey,CR Woakes,0,0,,,,,,,,,
446966,2010/11,2011-01-30,"Brisbane Cricket Ground, Woolloongabba",1,26.3,Australia,England,MJ Clarke,DJ Hussey,CR Woakes,0,0,,,,,,,,,
446966,2010/11,2011-01-30,"Brisbane Cricket Ground, Woolloongabba",1,26.4,Australia,England,MJ Clarke,DJ Hussey,CR Woakes,1,0,,,,,,,,,
446966,2010/11,2011-01-30,"Brisbane Cricket Ground, Woolloongabba",1,26.5,Australia,England,DJ Hussey,MJ Clarke,CR Woakes,2,0,,,,,,,,,
446966,2010/11,2011-01-30,"Brisbane Cricket Ground, Woolloongabba",1,26.6,Australia,England,DJ Hussey,MJ Clarke,CR Woakes,0,0,,,,,,,,,
446966,2010/11,2011-01-30,"Brisbane Cricket Ground, Woolloongabba",1,27.1,Australia,England,MJ Clarke,DJ Hussey,PD Collingwood,0,0,,,,,,,,,
446966,2010/11,2011-01-30,"Brisbane Cricket Ground, Woolloongabba",1,27.2,Australia,England,MJ Clarke,DJ Hussey,PD Collingwood,0,0,,,,,,,,,
446966,2010/11,2011-01-30,"Brisbane Cricket Ground, Woolloongabba",1,27.3,Australia,England,MJ Clarke,DJ Hussey,PD Collingwood,0,0,,,,,,,,,
446966,2010/11,2011-01-30,"Brisbane Cricket Ground, Woolloongabba",1,27.4,Australia,England,MJ Clarke,DJ Hussey,PD Collingwood,0,0,,,,,,,,,
446966,2010/11,2011-01-30,"Brisbane Cricket Ground, Woolloongabba",1,27.5,Australia,England,MJ Clarke,DJ Hussey,PD Collingwood,1,0,,,,,,,,,
446966,2010/11,2011-01-30,"Brisbane Cricket Ground, Woolloongabba",1,27.6,Australia,England,DJ Hussey,MJ Clarke,PD Collingwood,0,0,,,,,,,,,
446966,2010/11,2011-01-30,"Brisbane Cricket Ground, Woolloongabba",1,28.1,Australia,England,MJ Clarke,DJ Hussey,A Shahzad,0,0,,,,,,,,,
446966,2010/11,2011-01-30,"Brisbane Cricket Ground, Woolloongabba",1,28.2,Australia,England,MJ Clarke,DJ Hussey,A Shahzad,0,0,,,,,,,,,
446966,2010/11,2011-01-30,"Brisbane Cricket Ground, Woolloongabba",1,28.3,Australia,England,MJ Clarke,DJ Hussey,A Shahzad,0,0,,,,,,,,,
446966,2010/11,2011-01-30,"Brisbane Cricket Ground, Woolloongabba",1,28.4,Australia,England,MJ Clarke,DJ Hussey,A Shahzad,0,0,,,,,,,,,
446966,2010/11,2011-01-30,"Brisbane Cricket Ground, Woolloongabba",1,28.5,Australia,England,MJ Clarke,DJ Hussey,A Shahzad,0,0,,,,,,,,,
446966,2010/11,2011-01-30,"Brisbane Cricket Ground, Woolloongabba",1,28.6,Australia,England,MJ Clarke,DJ Hussey,A Shahzad,0,0,,,,,,,,,
446966,2010/11,2011-01-30,"Brisbane Cricket Ground, Woolloongabba",1,29.1,Australia,England,DJ Hussey,MJ Clarke,PD Collingwood,1,0,,,,,,,,,
446966,2010/11,2011-01-30,"Brisbane Cricket Ground, Woolloongabba",1,29.2,Australia,England,MJ Clarke,DJ Hussey,PD Collingwood,1,0,,,,,,,,,
446966,2010/11,2011-01-30,"Brisbane Cricket Ground, Woolloongabba",1,29.3,Australia,England,DJ Hussey,MJ Clarke,PD Collingwood,0,0,,,,,,,,,
446966,2010/11,2011-01-30,"Brisbane Cricket Ground, Woolloongabba",1,29.4,Australia,England,DJ Hussey,MJ Clarke,PD Collingwood,1,0,,,,,,,,,
446966,2010/11,2011-01-30,"Brisbane Cricket Ground, Woolloongabba",1,29.5,Australia,England,MJ Clarke,DJ Hussey,PD Collingwood,1,0,,,,,,,,,
446966,2010/11,2011-01-30,"Brisbane Cricket Ground, Woolloongabba",1,29.6,Australia,England,DJ Hussey,MJ Clarke,PD Collingwood,1,0,,,,,,,,,
446966,2010/11,2011-01-30,"Brisbane Cricket Ground, Woolloongabba",1,30.1,Australia,England,DJ Hussey,MJ Clarke,A Shahzad,0,0,,,,,,,,,
446966,2010/11,2011-01-30,"Brisbane Cricket Ground, Woolloongabba",1,30.2,Australia,England,DJ Hussey,MJ Clarke,A Shahzad,4,0,,,,,,,,,
446966,2010/11,2011-01-30,"Brisbane Cricket Ground, Woolloongabba",1,30.3,Australia,England,DJ Hussey,MJ Clarke,A Shahzad,0,0,,,,,,,,,
446966,2010/11,2011-01-30,"Brisbane Cricket Ground, Woolloongabba",1,30.4,Australia,England,DJ Hussey,MJ Clarke,A Shahzad,1,0,,,,,,,,,
446966,2010/11,2011-01-30,"Brisbane Cricket Ground, Woolloongabba",1,30.5,Australia,England,MJ Clarke,DJ Hussey,A Shahzad,1,0,,,,,,,,,
446966,2010/11,2011-01-30,"Brisbane Cricket Ground, Woolloongabba",1,30.6,Australia,England,DJ Hussey,MJ Clarke,A Shahzad,1,0,,,,,,,,,
446966,2010/11,2011-01-30,"Brisbane Cricket Ground, Woolloongabba",1,31.1,Australia,England,DJ Hussey,MJ Clarke,PD Collingwood,0,0,,,,,,,,,
446966,2010/11,2011-01-30,"Brisbane Cricket Ground, Woolloongabba",1,31.2,Australia,England,DJ Hussey,MJ Clarke,PD Collingwood,1,0,,,,,,,,,
446966,2010/11,2011-01-30,"Brisbane Cricket Ground, Woolloongabba",1,31.3,Australia,England,MJ Clarke,DJ Hussey,PD Collingwood,0,0,,,,,,,,,
446966,2010/11,2011-01-30,"Brisbane Cricket Ground, Woolloongabba",1,31.4,Australia,England,MJ Clarke,DJ Hussey,PD Collingwood,1,0,,,,,,,,,
446966,2010/11,2011-01-30,"Brisbane Cricket Ground, Woolloongabba",1,31.5,Australia,England,DJ Hussey,MJ Clarke,PD Collingwood,0,0,,,,,,,,,
446966,2010/11,2011-01-30,"Brisbane Cricket Ground, Woolloongabba",1,31.6,Australia,England,DJ Hussey,MJ Clarke,PD Collingwood,0,0,,,,,,,,,
446966,2010/11,2011-01-30,"Brisbane Cricket Ground, Woolloongabba",1,32.1,Australia,England,MJ Clarke,DJ Hussey,IJL Trott,1,0,,,,,,,,,
446966,2010/11,2011-01-30,"Brisbane Cricket Ground, Woolloongabba",1,32.2,Australia,England,DJ Hussey,MJ Clarke,IJL Trott,4,0,,,,,,,,,
446966,2010/11,2011-01-30,"Brisbane Cricket Ground, Woolloongabba",1,32.3,Australia,England,DJ Hussey,MJ Clarke,IJL Trott,0,0,,,,,,,,,
446966,2010/11,2011-01-30,"Brisbane Cricket Ground, Woolloongabba",1,32.4,Australia,England,DJ Hussey,MJ Clarke,IJL Trott,1,0,,,,,,,,,
446966,2010/11,2011-01-30,"Brisbane Cricket Ground, Woolloongabba",1,32.5,Australia,England,MJ Clarke,DJ Hussey,IJL Trott,1,0,,,,,,,,,
446966,2010/11,2011-01-30,"Brisbane Cricket Ground, Woolloongabba",1,32.6,Australia,England,DJ Hussey,MJ Clarke,IJL Trott,1,0,,,,,,,,,
446966,2010/11,2011-01-30,"Brisbane Cricket Ground, Woolloongabba",1,33.1,Australia,England,DJ Hussey,MJ Clarke,PD Collingwood,1,0,,,,,,,,,
446966,2010/11,2011-01-30,"Brisbane Cricket Ground, Woolloongabba",1,33.2,Australia,England,MJ Clarke,DJ Hussey,PD Collingwood,0,0,,,,,,,,,
446966,2010/11,2011-01-30,"Brisbane Cricket Ground, Woolloongabba",1,33.3,Australia,England,MJ Clarke,DJ Hussey,PD Collingwood,0,0,,,,,,,,,
446966,2010/11,2011-01-30,"Brisbane Cricket Ground, Woolloongabba",1,33.4,Australia,England,MJ Clarke,DJ Hussey,PD Collingwood,2,0,,,,,,,,,
446966,2010/11,2011-01-30,"Brisbane Cricket Ground, Woolloongabba",1,33.5,Australia,England,MJ Clarke,DJ Hussey,PD Collingwood,0,0,,,,,,,,,
446966,2010/11,2011-01-30,"Brisbane Cricket Ground, Woolloongabba",1,33.6,Australia,England,MJ Clarke,DJ Hussey,PD Collingwood,1,0,,,,,,,,,
446966,2010/11,2011-01-30,"Brisbane Cricket Ground, Woolloongabba",1,34.1,Australia,England,MJ Clarke,DJ Hussey,ST Finn,4,0,,,,,,,,,
446966,2010/11,2011-01-30,"Brisbane Cricket Ground, Woolloongabba",1,34.2,Australia,England,MJ Clarke,DJ Hussey,ST Finn,0,0,,,,,,,,,
446966,2010/11,2011-01-30,"Brisbane Cricket Ground, Woolloongabba",1,34.3,Australia,England,MJ Clarke,DJ Hussey,ST Finn,1,0,,,,,,,,,
446966,2010/11,2011-01-30,"Brisbane Cricket Ground, Woolloongabba",1,34.4,Australia,England,DJ Hussey,MJ Clarke,ST Finn,2,0,,,,,,,,,
446966,2010/11,2011-01-30,"Brisbane Cricket Ground, Woolloongabba",1,34.5,Australia,England,DJ Hussey,MJ Clarke,ST Finn,0,0,,,,,,,,,
446966,2010/11,2011-01-30,"Brisbane Cricket Ground, Woolloongabba",1,34.6,Australia,England,DJ Hussey,MJ Clarke,ST Finn,0,0,,,,,,,,,
446966,2010/11,2011-01-30,"Brisbane Cricket Ground, Woolloongabba",1,35.1,Australia,England,MJ Clarke,DJ Hussey,PD Collingwood,0,0,,,,,,,,,
446966,2010/11,2011-01-30,"Brisbane Cricket Ground, Woolloongabba",1,35.2,Australia,England,MJ Clarke,DJ Hussey,PD Collingwood,1,0,,,,,,,,,
446966,2010/11,2011-01-30,"Brisbane Cricket Ground, Woolloongabba",1,35.3,Australia,England,DJ Hussey,MJ Clarke,PD Collingwood,0,0,,,,,,,,,
446966,2010/11,2011-01-30,"Brisbane Cricket Ground, Woolloongabba",1,35.4,Australia,England,DJ Hussey,MJ Clarke,PD Collingwood,2,0,,,,,,,,,
446966,2010/11,2011-01-30,"Brisbane Cricket Ground, Woolloongabba",1,35.5,Australia,England,DJ Hussey,MJ Clarke,PD Collingwood,1,0,,,,,,,,,
446966,2010/11,2011-01-30,"Brisbane Cricket Ground, Woolloongabba",1,35.6,Australia,England,MJ Clarke,DJ Hussey,PD Collingwood,0,0,,,,,,,,,
446966,2010/11,2011-01-30,"Brisbane Cricket Ground, Woolloongabba",1,36.1,Australia,England,DJ Hussey,MJ Clarke,ST Finn,0,0,,,,,,,,,
446966,2010/11,2011-01-30,"Brisbane Cricket Ground, Woolloongabba",1,36.2,Australia,England,DJ Hussey,MJ Clarke,ST Finn,0,0,,,,,,,,,
446966,2010/11,2011-01-30,"Brisbane Cricket Ground, Woolloongabba",1,36.3,Australia,England,DJ Hussey,MJ Clarke,ST Finn,1,0,,,,,,,,,
446966,2010/11,2011-01-30,"Brisbane Cricket Ground, Woolloongabba",1,36.4,Australia,England,MJ Clarke,DJ Hussey,ST Finn,1,0,,,,,,,,,
446966,2010/11,2011-01-30,"Brisbane Cricket Ground, Woolloongabba",1,36.5,Australia,England,DJ Hussey,MJ Clarke,ST Finn,0,1,1,,,,,,,,
446966,2010/11,2011-01-30,"Brisbane Cricket Ground, Woolloongabba",1,36.6,Australia,England,DJ Hussey,MJ Clarke,ST Finn,1,0,,,,,,,,,
446966,2010/11,2011-01-30,"Brisbane Cricket Ground, Woolloongabba",1,36.7,Australia,England,MJ Clarke,DJ Hussey,ST Finn,4,0,,,,,,,,,
446966,2010/11,2011-01-30,"Brisbane Cricket Ground, Woolloongabba",1,37.1,Australia,England,DJ Hussey,MJ Clarke,PD Collingwood,1,0,,,,,,,,,
446966,2010/11,2011-01-30,"Brisbane Cricket Ground, Woolloongabba",1,37.2,Australia,England,MJ Clarke,DJ Hussey,PD Collingwood,1,0,,,,,,,,,
446966,2010/11,2011-01-30,"Brisbane Cricket Ground, Woolloongabba",1,37.3,Australia,England,DJ Hussey,MJ Clarke,PD Collingwood,1,0,,,,,,,,,
446966,2010/11,2011-01-30,"Brisbane Cricket Ground, Woolloongabba",1,37.4,Australia,England,MJ Clarke,DJ Hussey,PD Collingwood,1,0,,,,,,,,,
446966,2010/11,2011-01-30,"Brisbane Cricket Ground, Woolloongabba",1,37.5,Australia,England,DJ Hussey,MJ Clarke,PD Collingwood,1,0,,,,,,,,,
446966,2010/11,2011-01-30,"Brisbane Cricket Ground, Woolloongabba",1,37.6,Australia,England,MJ Clarke,DJ Hussey,PD Collingwood,0,0,,,,,,,,,
446966,2010/11,2011-01-30,"Brisbane Cricket Ground, Woolloongabba",1,38.1,Australia,England,DJ Hussey,MJ Clarke,CR Woakes,0,0,,,,,,bowled,DJ Hussey,,
446966,2010/11,2011-01-30,"Brisbane Cricket Ground, Woolloongabba",1,38.2,Australia,England,SPD Smith,MJ Clarke,CR Woakes,1,0,,,,,,,,,
446966,2010/11,2011-01-30,"Brisbane Cricket Ground, Woolloongabba",1,38.3,Australia,England,MJ Clarke,SPD Smith,CR Woakes,0,0,,,,,,,,,
446966,2010/11,2011-01-30,"Brisbane Cricket Ground, Woolloongabba",1,38.4,Australia,England,MJ Clarke,SPD Smith,CR Woakes,0,0,,,,,,,,,
446966,2010/11,2011-01-30,"Brisbane Cricket Ground, Woolloongabba",1,38.5,Australia,England,MJ Clarke,SPD Smith,CR Woakes,0,0,,,,,,,,,
446966,2010/11,2011-01-30,"Brisbane Cricket Ground, Woolloongabba",1,38.6,Australia,England,MJ Clarke,SPD Smith,CR Woakes,1,0,,,,,,,,,
446966,2010/11,2011-01-30,"Brisbane Cricket Ground, Woolloongabba",1,39.1,Australia,England,MJ Clarke,SPD Smith,JM Anderson,1,0,,,,,,,,,
446966,2010/11,2011-01-30,"Brisbane Cricket Ground, Woolloongabba",1,39.2,Australia,England,SPD Smith,MJ Clarke,JM Anderson,1,0,,,,,,,,,
446966,2010/11,2011-01-30,"Brisbane Cricket Ground, Woolloongabba",1,39.3,Australia,England,MJ Clarke,SPD Smith,JM Anderson,1,0,,,,,,,,,
446966,2010/11,2011-01-30,"Brisbane Cricket Ground, Woolloongabba",1,39.4,Australia,England,SPD Smith,MJ Clarke,JM Anderson,0,1,1,,,,,,,,
446966,2010/11,2011-01-30,"Brisbane Cricket Ground, Woolloongabba",1,39.5,Australia,England,SPD Smith,MJ Clarke,JM Anderson,0,0,,,,,,,,,
446966,2010/11,2011-01-30,"Brisbane Cricket Ground, Woolloongabba",1,39.6,Australia,England,SPD Smith,MJ Clarke,JM Anderson,0,0,,,,,,,,,
446966,2010/11,2011-01-30,"Brisbane Cricket Ground, Woolloongabba",1,39.7,Australia,England,SPD Smith,MJ Clarke,JM Anderson,1,0,,,,,,,,,
446966,2010/11,2011-01-30,"Brisbane Cricket Ground, Woolloongabba",1,40.1,Australia,England,SPD Smith,MJ Clarke,CR Woakes,1,0,,,,,,,,,
446966,2010/11,2011-01-30,"Brisbane Cricket Ground, Woolloongabba",1,40.2,Australia,England,MJ Clarke,SPD Smith,CR Woakes,2,0,,,,,,,,,
446966,2010/11,2011-01-30,"Brisbane Cricket Ground, Woolloongabba",1,40.3,Australia,England,MJ Clarke,SPD Smith,CR Woakes,1,0,,,,,,,,,
446966,2010/11,2011-01-30,"Brisbane Cricket Ground, Woolloongabba",1,40.4,Australia,England,SPD Smith,MJ Clarke,CR Woakes,1,0,,,,,,,,,
446966,2010/11,2011-01-30,"Brisbane Cricket Ground, Woolloongabba",1,40.5,Australia,England,MJ Clarke,SPD Smith,CR Woakes,0,0,,,,,,caught,MJ Clarke,,
446966,2010/11,2011-01-30,"Brisbane Cricket Ground, Woolloongabba",1,40.6,Australia,England,SPD Smith,MG Johnson,CR Woakes,0,0,,,,,,,,,
446966,2010/11,2011-01-30,"Brisbane Cricket Ground, Woolloongabba",1,41.1,Australia,England,MG Johnson,SPD Smith,JM Anderson,0,0,,,,,,,,,
446966,2010/11,2011-01-30,"Brisbane Cricket Ground, Woolloongabba",1,41.2,Australia,England,MG Johnson,SPD Smith,JM Anderson,0,0,,,,,,,,,
446966,2010/11,2011-01-30,"Brisbane Cricket Ground, Woolloongabba",1,41.3,Australia,England,MG Johnson,SPD Smith,JM Anderson,0,0,,,,,,,,,
446966,2010/11,2011-01-30,"Brisbane Cricket Ground, Woolloongabba",1,41.4,Australia,England,MG Johnson,SPD Smith,JM Anderson,0,0,,,,,,,,,
446966,2010/11,2011-01-30,"Brisbane Cricket Ground, Woolloongabba",1,41.5,Australia,England,MG Johnson,SPD Smith,JM Anderson,0,0,,,,,,,,,
446966,2010/11,2011-01-30,"Brisbane Cricket Ground, Woolloongabba",1,41.6,Australia,England,MG Johnson,SPD Smith,JM Anderson,0,0,,,,,,,,,
446966,2010/11,2011-01-30,"Brisbane Cricket Ground, Woolloongabba",1,42.1,Australia,England,SPD Smith,MG Johnson,A Shahzad,0,0,,,,,,,,,
446966,2010/11,2011-01-30,"Brisbane Cricket Ground, Woolloongabba",1,42.2,Australia,England,SPD Smith,MG Johnson,A Shahzad,1,0,,,,,,,,,
446966,2010/11,2011-01-30,"Brisbane Cricket Ground, Woolloongabba",1,42.3,Australia,England,MG Johnson,SPD Smith,A Shahzad,0,0,,,,,,,,,
446966,2010/11,2011-01-30,"Brisbane Cricket Ground, Woolloongabba",1,42.4,Australia,England,MG Johnson,SPD Smith,A Shahzad,2,0,,,,,,,,,
446966,2010/11,2011-01-30,"Brisbane Cricket Ground, Woolloongabba",1,42.5,Australia,England,MG Johnson,SPD Smith,A Shahzad,1,0,,,,,,,,,
446966,2010/11,2011-01-30,"Brisbane Cricket Ground, Woolloongabba",1,42.6,Australia,England,SPD Smith,MG Johnson,A Shahzad,0,0,,,,,,,,,
446966,2010/11,2011-01-30,"Brisbane Cricket Ground, Woolloongabba",1,43.1,Australia,England,MG Johnson,SPD Smith,JM Anderson,0,0,,,,,,,,,
446966,2010/11,2011-01-30,"Brisbane Cricket Ground, Woolloongabba",1,43.2,Australia,England,MG Johnson,SPD Smith,JM Anderson,0,0,,,,,,,,,
446966,2010/11,2011-01-30,"Brisbane Cricket Ground, Woolloongabba",1,43.3,Australia,England,MG Johnson,SPD Smith,JM Anderson,1,0,,,,,,,,,
446966,2010/11,2011-01-30,"Brisbane Cricket Ground, Woolloongabba",1,43.4,Australia,England,SPD Smith,MG Johnson,JM Anderson,0,0,,,,,,,,,
446966,2010/11,2011-01-30,"Brisbane Cricket Ground, Woolloongabba",1,43.5,Australia,England,SPD Smith,MG Johnson,JM Anderson,1,0,,,,,,,,,
446966,2010/11,2011-01-30,"Brisbane Cricket Ground, Woolloongabba",1,43.6,Australia,England,MG Johnson,SPD Smith,JM Anderson,0,1,1,,,,,,,,
446966,2010/11,2011-01-30,"Brisbane Cricket Ground, Woolloongabba",1,43.7,Australia,England,MG Johnson,SPD Smith,JM Anderson,0,0,,,,,,,,,
446966,2010/11,2011-01-30,"Brisbane Cricket Ground, Woolloongabba",1,44.1,Australia,England,SPD Smith,MG Johnson,A Shahzad,1,0,,,,,,,,,
446966,2010/11,2011-01-30,"Brisbane Cricket Ground, Woolloongabba",1,44.2,Australia,England,MG Johnson,SPD Smith,A Shahzad,1,0,,,,,,,,,
446966,2010/11,2011-01-30,"Brisbane Cricket Ground, Woolloongabba",1,44.3,Australia,England,SPD Smith,MG Johnson,A Shahzad,0,1,,,1,,,,,,
446966,2010/11,2011-01-30,"Brisbane Cricket Ground, Woolloongabba",1,44.4,Australia,England,MG Johnson,SPD Smith,A Shahzad,4,0,,,,,,,,,
446966,2010/11,2011-01-30,"Brisbane Cricket Ground, Woolloongabba",1,44.5,Australia,England,MG Johnson,SPD Smith,A Shahzad,4,0,,,,,,,,,
446966,2010/11,2011-01-30,"Brisbane Cricket Ground, Woolloongabba",1,44.6,Australia,England,MG Johnson,SPD Smith,A Shahzad,0,1,1,,,,,,,,
446966,2010/11,2011-01-30,"Brisbane Cricket Ground, Woolloongabba",1,44.7,Australia,England,MG Johnson,SPD Smith,A Shahzad,3,0,,,,,,,,,
446966,2010/11,2011-01-30,"Brisbane Cricket Ground, Woolloongabba",1,45.1,Australia,England,MG Johnson,SPD Smith,JM Anderson,0,0,,,,,,,,,
446966,2010/11,2011-01-30,"Brisbane Cricket Ground, Woolloongabba",1,45.2,Australia,England,MG Johnson,SPD Smith,JM Anderson,0,0,,,,,,bowled,MG Johnson,,
446966,2010/11,2011-01-30,"Brisbane Cricket Ground, Woolloongabba",1,45.3,Australia,England,JW Hastings,SPD Smith,JM Anderson,0,0,,,,,,,,,
446966,2010/11,2011-01-30,"Brisbane Cricket Ground, Woolloongabba",1,45.4,Australia,England,JW Hastings,SPD Smith,JM Anderson,0,0,,,,,,,,,
446966,2010/11,2011-01-30,"Brisbane Cricket Ground, Woolloongabba",1,45.5,Australia,England,JW Hastings,SPD Smith,JM Anderson,1,0,,,,,,,,,
446966,2010/11,2011-01-30,"Brisbane Cricket Ground, Woolloongabba",1,45.6,Australia,England,SPD Smith,JW Hastings,JM Anderson,1,0,,,,,,,,,
446966,2010/11,2011-01-30,"Brisbane Cricket Ground, Woolloongabba",1,46.1,Australia,England,SPD Smith,JW Hastings,ST Finn,4,0,,,,,,,,,
446966,2010/11,2011-01-30,"Brisbane Cricket Ground, Woolloongabba",1,46.2,Australia,England,SPD Smith,JW Hastings,ST Finn,0,0,,,,,,,,,
446966,2010/11,2011-01-30,"Brisbane Cricket Ground, Woolloongabba",1,46.3,Australia,England,SPD Smith,JW Hastings,ST Finn,1,0,,,,,,,,,
446966,2010/11,2011-01-30,"Brisbane Cricket Ground, Woolloongabba",1,46.4,Australia,England,JW Hastings,SPD Smith,ST Finn,4,0,,,,,,,,,
446966,2010/11,2011-01-30,"Brisbane Cricket Ground, Woolloongabba",1,46.5,Australia,England,JW Hastings,SPD Smith,ST Finn,4,0,,,,,,,,,
446966,2010/11,2011-01-30,"Brisbane Cricket Ground, Woolloongabba",1,46.6,Australia,England,JW Hastings,SPD Smith,ST Finn,1,0,,,,,,,,,
446966,2010/11,2011-01-30,"Brisbane Cricket Ground, Woolloongabba",1,47.1,Australia,England,JW Hastings,SPD Smith,JM Anderson,1,0,,,,,,,,,
446966,2010/11,2011-01-30,"Brisbane Cricket Ground, Woolloongabba",1,47.2,Australia,England,SPD Smith,JW Hastings,JM Anderson,1,0,,,,,,,,,
446966,2010/11,2011-01-30,"Brisbane Cricket Ground, Woolloongabba",1,47.3,Australia,England,JW Hastings,SPD Smith,JM Anderson,0,0,,,,,,,,,
446966,2010/11,2011-01-30,"Brisbane Cricket Ground, Woolloongabba",1,47.4,Australia,England,JW Hastings,SPD Smith,JM Anderson,1,0,,,,,,,,,
446966,2010/11,2011-01-30,"Brisbane Cricket Ground, Woolloongabba",1,47.5,Australia,England,SPD Smith,JW Hastings,JM Anderson,0,1,,,1,,,,,,
446966,2010/11,2011-01-30,"Brisbane Cricket Ground, Woolloongabba",1,47.6,Australia,England,JW Hastings,SPD Smith,JM Anderson,1,0,,,,,,,,,
446966,2010/11,2011-01-30,"Brisbane Cricket Ground, Woolloongabba",1,48.1,Australia,England,JW Hastings,SPD Smith,CR Woakes,0,0,,,,,,caught,JW Hastings,,
446966,2010/11,2011-01-30,"Brisbane Cricket Ground, Woolloongabba",1,48.2,Australia,England,SPD Smith,B Lee,CR Woakes,1,0,,,,,,,,,
446966,2010/11,2011-01-30,"Brisbane Cricket Ground, Woolloongabba",1,48.3,Australia,England,B Lee,SPD Smith,CR Woakes,0,0,,,,,,caught,B Lee,,
446966,2010/11,2011-01-30,"Brisbane Cricket Ground, Woolloongabba",1,48.4,Australia,England,SPD Smith,DE Bollinger,CR Woakes,6,1,,1,,,,,,,
446966,2010/11,2011-01-30,"Brisbane Cricket Ground, Woolloongabba",1,48.5,Australia,England,SPD Smith,DE Bollinger,CR Woakes,1,0,,,,,,,,,
446966,2010/11,2011-01-30,"Brisbane Cricket Ground, Woolloongabba",1,48.6,Australia,England,DE Bollinger,SPD Smith,CR Woakes,0,0,,,,,,,,,
446966,2010/11,2011-01-30,"Brisbane Cricket Ground, Woolloongabba",1,48.7,Australia,England,DE Bollinger,SPD Smith,CR Woakes,1,0,,,,,,,,,
446966,2010/11,2011-01-30,"Brisbane Cricket Ground, Woolloongabba",1,49.1,Australia,England,DE Bollinger,SPD Smith,IJL Trott,4,0,,,,,,,,,
446966,2010/11,2011-01-30,"Brisbane Cricket Ground, Woolloongabba",1,49.2,Australia,England,DE Bollinger,SPD Smith,IJL Trott,1,0,,,,,,,,,
446966,2010/11,2011-01-30,"Brisbane Cricket Ground, Woolloongabba",1,49.3,Australia,England,SPD Smith,DE Bollinger,IJL Trott,1,0,,,,,,run out,DE Bollinger,,
446966,2010/11,2011-01-30,"Brisbane Cricket Ground, Woolloongabba",2,0.1,England,Australia,AJ Strauss,MJ Prior,B Lee,0,1,1,,,,,,,,
446966,2010/11,2011-01-30,"Brisbane Cricket Ground, Woolloongabba",2,0.2,England,Australia,AJ Strauss,MJ Prior,B Lee,0,0,,,,,,,,,
446966,2010/11,2011-01-30,"Brisbane Cricket Ground, Woolloongabba",2,0.3,England,Australia,AJ Strauss,MJ Prior,B Lee,0,0,,,,,,,,,
446966,2010/11,2011-01-30,"Brisbane Cricket Ground, Woolloongabba",2,0.4,England,Australia,AJ Strauss,MJ Prior,B Lee,0,0,,,,,,,,,
446966,2010/11,2011-01-30,"Brisbane Cricket Ground, Woolloongabba",2,0.5,England,Australia,AJ Strauss,MJ Prior,B Lee,0,0,,,,,,,,,
446966,2010/11,2011-01-30,"Brisbane Cricket Ground, Woolloongabba",2,0.6,England,Australia,AJ Strauss,MJ Prior,B Lee,0,0,,,,,,,,,
446966,2010/11,2011-01-30,"Brisbane Cricket Ground, Woolloongabba",2,0.7,England,Australia,AJ Strauss,MJ Prior,B Lee,0,0,,,,,,,,,
446966,2010/11,2011-01-30,"Brisbane Cricket Ground, Woolloongabba",2,1.1,England,Australia,MJ Prior,AJ Strauss,DE Bollinger,0,2,,,,2,,,,,
446966,2010/11,2011-01-30,"Brisbane Cricket Ground, Woolloongabba",2,1.2,England,Australia,MJ Prior,AJ Strauss,DE Bollinger,0,0,,,,,,,,,
446966,2010/11,2011-01-30,"Brisbane Cricket Ground, Woolloongabba",2,1.3,England,Australia,MJ Prior,AJ Strauss,DE Bollinger,0,0,,,,,,,,,
446966,2010/11,2011-01-30,"Brisbane Cricket Ground, Woolloongabba",2,1.4,England,Australia,MJ Prior,AJ Strauss,DE Bollinger,4,0,,,,,,,,,
446966,2010/11,2011-01-30,"Brisbane Cricket Ground, Woolloongabba",2,1.5,England,Australia,MJ Prior,AJ Strauss,DE Bollinger,0,0,,,,,,,,,
446966,2010/11,2011-01-30,"Brisbane Cricket Ground, Woolloongabba",2,1.6,England,Australia,MJ Prior,AJ Strauss,DE Bollinger,4,0,,,,,,,,,
446966,2010/11,2011-01-30,"Brisbane Cricket Ground, Woolloongabba",2,2.1,England,Australia,AJ Strauss,MJ Prior,B Lee,0,0,,,,,,,,,
446966,2010/11,2011-01-30,"Brisbane Cricket Ground, Woolloongabba",2,2.2,England,Australia,AJ Strauss,MJ Prior,B Lee,1,0,,,,,,,,,
446966,2010/11,2011-01-30,"Brisbane Cricket Ground, Woolloongabba",2,2.3,England,Australia,MJ Prior,AJ Strauss,B Lee,0,0,,,,,,,,,
446966,2010/11,2011-01-30,"Brisbane Cricket Ground, Woolloongabba",2,2.4,England,Australia,MJ Prior,AJ Strauss,B Lee,0,0,,,,,,,,,
446966,2010/11,2011-01-30,"Brisbane Cricket Ground, Woolloongabba",2,2.5,England,Australia,MJ Prior,AJ Strauss,B Lee,0,0,,,,,,,,,
446966,2010/11,2011-01-30,"Brisbane Cricket Ground, Woolloongabba",2,2.6,England,Australia,MJ Prior,AJ Strauss,B Lee,1,0,,,,,,,,,
446966,2010/11,2011-01-30,"Brisbane Cricket Ground, Woolloongabba",2,3.1,England,Australia,MJ Prior,AJ Strauss,DE Bollinger,1,0,,,,,,,,,
446966,2010/11,2011-01-30,"Brisbane Cricket Ground, Woolloongabba",2,3.2,England,Australia,AJ Strauss,MJ Prior,DE Bollinger,0,0,,,,,,,,,
446966,2010/11,2011-01-30,"Brisbane Cricket Ground, Woolloongabba",2,3.3,England,Australia,AJ Strauss,MJ Prior,DE Bollinger,0,0,,,,,,,,,
446966,2010/11,2011-01-30,"Brisbane Cricket Ground, Woolloongabba",2,3.4,England,Australia,AJ Strauss,MJ Prior,DE Bollinger,1,0,,,,,,,,,
446966,2010/11,2011-01-30,"Brisbane Cricket Ground, Woolloongabba",2,3.5,England,Australia,MJ Prior,AJ Strauss,DE Bollinger,4,0,,,,,,,,,
446966,2010/11,2011-01-30,"Brisbane Cricket Ground, Woolloongabba",2,3.6,England,Australia,MJ Prior,AJ Strauss,DE Bollinger,0,0,,,,,,,,,
446966,2010/11,2011-01-30,"Brisbane Cricket Ground, Woolloongabba",2,4.1,England,Australia,AJ Strauss,MJ Prior,B Lee,0,0,,,,,,,,,
446966,2010/11,2011-01-30,"Brisbane Cricket Ground, Woolloongabba",2,4.2,England,Australia,AJ Strauss,MJ Prior,B Lee,0,0,,,,,,,,,
446966,2010/11,2011-01-30,"Brisbane Cricket Ground, Woolloongabba",2,4.3,England,Australia,AJ Strauss,MJ Prior,B Lee,0,0,,,,,,,,,
446966,2010/11,2011-01-30,"Brisbane Cricket Ground, Woolloongabba",2,4.4,England,Australia,AJ Strauss,MJ Prior,B Lee,1,0,,,,,,,,,
446966,2010/11,2011-01-30,"Brisbane Cricket Ground, Woolloongabba",2,4.5,England,Australia,MJ Prior,AJ Strauss,B Lee,0,0,,,,,,,,,
446966,2010/11,2011-01-30,"Brisbane Cricket Ground, Woolloongabba",2,4.6,England,Australia,MJ Prior,AJ Strauss,B Lee,0,0,,,,,,bowled,MJ Prior,,
446966,2010/11,2011-01-30,"Brisbane Cricket Ground, Woolloongabba",2,5.1,England,Australia,AJ Strauss,IJL Trott,DE Bollinger,0,0,,,,,,caught,AJ Strauss,,
446966,2010/11,2011-01-30,"Brisbane Cricket Ground, Woolloongabba",2,5.2,England,Australia,KP Pietersen,IJL Trott,DE Bollinger,0,0,,,,,,,,,
446966,2010/11,2011-01-30,"Brisbane Cricket Ground, Woolloongabba",2,5.3,England,Australia,KP Pietersen,IJL Trott,DE Bollinger,0,0,,,,,,,,,
446966,2010/11,2011-01-30,"Brisbane Cricket Ground, Woolloongabba",2,5.4,England,Australia,KP Pietersen,IJL Trott,DE Bollinger,0,0,,,,,,,,,
446966,2010/11,2011-01-30,"Brisbane Cricket Ground, Woolloongabba",2,5.5,England,Australia,KP Pietersen,IJL Trott,DE Bollinger,2,0,,,,,,,,,
446966,2010/11,2011-01-30,"Brisbane Cricket Ground, Woolloongabba",2,5.6,England,Australia,KP Pietersen,IJL Trott,DE Bollinger,0,0,,,,,,,,,
446966,2010/11,2011-01-30,"Brisbane Cricket Ground, Woolloongabba",2,6.1,England,Australia,IJL Trott,KP Pietersen,B Lee,0,0,,,,,,caught,IJL Trott,,
446966,2010/11,2011-01-30,"Brisbane Cricket Ground, Woolloongabba",2,6.2,England,Australia,IR Bell,KP Pietersen,B Lee,0,1,,1,,,,,,,
446966,2010/11,2011-01-30,"Brisbane Cricket Ground, Woolloongabba",2,6.3,England,Australia,IR Bell,KP Pietersen,B Lee,1,0,,,,,,,,,
446966,2010/11,2011-01-30,"Brisbane Cricket Ground, Woolloongabba",2,6.4,England,Australia,KP Pietersen,IR Bell,B Lee,2,0,,,,,,,,,
446966,2010/11,2011-01-30,"Brisbane Cricket Ground, Woolloongabba",2,6.5,England,Australia,KP Pietersen,IR Bell,B Lee,0,0,,,,,,,,,
446966,2010/11,2011-01-30,"Brisbane Cricket Ground, Woolloongabba",2,6.6,England,Australia,KP Pietersen,IR Bell,B Lee,1,0,,,,,,,,,
446966,2010/11,2011-01-30,"Brisbane Cricket Ground, Woolloongabba",2,6.7,England,Australia,IR Bell,KP Pietersen,B Lee,0,0,,,,,,,,,
446966,2010/11,2011-01-30,"Brisbane Cricket Ground, Woolloongabba",2,7.1,England,Australia,KP Pietersen,IR Bell,DE Bollinger,1,0,,,,,,,,,
446966,2010/11,2011-01-30,"Brisbane Cricket Ground, Woolloongabba",2,7.2,England,Australia,IR Bell,KP Pietersen,DE Bollinger,0,0,,,,,,,,,
446966,2010/11,2011-01-30,"Brisbane Cricket Ground, Woolloongabba",2,7.3,England,Australia,IR Bell,KP Pietersen,DE Bollinger,0,0,,,,,,,,,
446966,2010/11,2011-01-30,"Brisbane Cricket Ground, Woolloongabba",2,7.4,England,Australia,IR Bell,KP Pietersen,DE Bollinger,0,0,,,,,,,,,
446966,2010/11,2011-01-30,"Brisbane Cricket Ground, Woolloongabba",2,7.5,England,Australia,IR Bell,KP Pietersen,DE Bollinger,2,0,,,,,,,,,
446966,2010/11,2011-01-30,"Brisbane Cricket Ground, Woolloongabba",2,7.6,England,Australia,IR Bell,KP Pietersen,DE Bollinger,0,0,,,,,,,,,
446966,2010/11,2011-01-30,"Brisbane Cricket Ground, Woolloongabba",2,8.1,England,Australia,KP Pietersen,IR Bell,MG Johnson,0,0,,,,,,,,,
446966,2010/11,2011-01-30,"Brisbane Cricket Ground, Woolloongabba",2,8.2,England,Australia,KP Pietersen,IR Bell,MG Johnson,4,0,,,,,,,,,
446966,2010/11,2011-01-30,"Brisbane Cricket Ground, Woolloongabba",2,8.3,England,Australia,KP Pietersen,IR Bell,MG Johnson,0,0,,,,,,,,,
446966,2010/11,2011-01-30,"Brisbane Cricket Ground, Woolloongabba",2,8.4,England,Australia,KP Pietersen,IR Bell,MG Johnson,1,0,,,,,,,,,
446966,2010/11,2011-01-30,"Brisbane Cricket Ground, Woolloongabba",2,8.5,England,Australia,IR Bell,KP Pietersen,MG Johnson,1,0,,,,,,,,,
446966,2010/11,2011-01-30,"Brisbane Cricket Ground, Woolloongabba",2,8.6,England,Australia,KP Pietersen,IR Bell,MG Johnson,2,0,,,,,,,,,
446966,2010/11,2011-01-30,"Brisbane Cricket Ground, Woolloongabba",2,9.1,England,Australia,IR Bell,KP Pietersen,DE Bollinger,1,0,,,,,,,,,
446966,2010/11,2011-01-30,"Brisbane Cricket Ground, Woolloongabba",2,9.2,England,Australia,KP Pietersen,IR Bell,DE Bollinger,0,0,,,,,,,,,
446966,2010/11,2011-01-30,"Brisbane Cricket Ground, Woolloongabba",2,9.3,England,Australia,KP Pietersen,IR Bell,DE Bollinger,4,0,,,,,,,,,
446966,2010/11,2011-01-30,"Brisbane Cricket Ground, Woolloongabba",2,9.4,England,Australia,KP Pietersen,IR Bell,DE Bollinger,0,0,,,,,,,,,
446966,2010/11,2011-01-30,"Brisbane Cricket Ground, Woolloongabba",2,9.5,England,Australia,KP Pietersen,IR Bell,DE Bollinger,1,0,,,,,,,,,
446966,2010/11,2011-01-30,"Brisbane Cricket Ground, Woolloongabba",2,9.6,England,Australia,IR Bell,KP Pietersen,DE Bollinger,1,0,,,,,,,,,
446966,2010/11,2011-01-30,"Brisbane Cricket Ground, Woolloongabba",2,10.1,England,Australia,IR Bell,KP Pietersen,MG Johnson,1,0,,,,,,,,,
446966,2010/11,2011-01-30,"Brisbane Cricket Ground, Woolloongabba",2,10.2,England,Australia,KP Pietersen,IR Bell,MG Johnson,4,0,,,,,,,,,
446966,2010/11,2011-01-30,"Brisbane Cricket Ground, Woolloongabba",2,10.3,England,Australia,KP Pietersen,IR Bell,MG Johnson,0,0,,,,,,,,,
446966,2010/11,2011-01-30,"Brisbane Cricket Ground, Woolloongabba",2,10.4,England,Australia,KP Pietersen,IR Bell,MG Johnson,0,0,,,,,,,,,
446966,2010/11,2011-01-30,"Brisbane Cricket Ground, Woolloongabba",2,10.5,England,Australia,KP Pietersen,IR Bell,MG Johnson,1,0,,,,,,,,,
446966,2010/11,2011-01-30,"Brisbane Cricket Ground, Woolloongabba",2,10.6,England,Australia,IR Bell,KP Pietersen,MG Johnson,0,0,,,,,,,,,
446966,2010/11,2011-01-30,"Brisbane Cricket Ground, Woolloongabba",2,11.1,England,Australia,KP Pietersen,IR Bell,JW Hastings,1,0,,,,,,,,,
446966,2010/11,2011-01-30,"Brisbane Cricket Ground, Woolloongabba",2,11.2,England,Australia,IR Bell,KP Pietersen,JW Hastings,0,0,,,,,,,,,
446966,2010/11,2011-01-30,"Brisbane Cricket Ground, Woolloongabba",2,11.3,England,Australia,IR Bell,KP Pietersen,JW Hastings,0,0,,,,,,,,,
446966,2010/11,2011-01-30,"Brisbane Cricket Ground, Woolloongabba",2,11.4,England,Australia,IR Bell,KP Pietersen,JW Hastings,0,0,,,,,,,,,
446966,2010/11,2011-01-30,"Brisbane Cricket Ground, Woolloongabba",2,11.5,England,Australia,IR Bell,KP Pietersen,JW Hastings,1,0,,,,,,,,,
446966,2010/11,2011-01-30,"Brisbane Cricket Ground, Woolloongabba",2,11.6,England,Australia,KP Pietersen,IR Bell,JW Hastings,1,0,,,,,,,,,
446966,2010/11,2011-01-30,"Brisbane Cricket Ground, Woolloongabba",2,12.1,England,Australia,KP Pietersen,IR Bell,MG Johnson,0,0,,,,,,,,,
446966,2010/11,2011-01-30,"Brisbane Cricket Ground, Woolloongabba",2,12.2,England,Australia,KP Pietersen,IR Bell,MG Johnson,1,0,,,,,,,,,
446966,2010/11,2011-01-30,"Brisbane Cricket Ground, Woolloongabba",2,12.3,England,Australia,IR Bell,KP Pietersen,MG Johnson,1,0,,,,,,,,,
446966,2010/11,2011-01-30,"Brisbane Cricket Ground, Woolloongabba",2,12.4,England,Australia,KP Pietersen,IR Bell,MG Johnson,1,0,,,,,,,,,
446966,2010/11,2011-01-30,"Brisbane Cricket Ground, Woolloongabba",2,12.5,England,Australia,IR Bell,KP Pietersen,MG Johnson,0,1,,1,,,,,,,
446966,2010/11,2011-01-30,"Brisbane Cricket Ground, Woolloongabba",2,12.6,England,Australia,IR Bell,KP Pietersen,MG Johnson,4,0,,,,,,,,,
446966,2010/11,2011-01-30,"Brisbane Cricket Ground, Woolloongabba",2,12.7,England,Australia,IR Bell,KP Pietersen,MG Johnson,0,0,,,,,,,,,
446966,2010/11,2011-01-30,"Brisbane Cricket Ground, Woolloongabba",2,13.1,England,Australia,KP Pietersen,IR Bell,JW Hastings,0,1,1,,,,,,,,
446966,2010/11,2011-01-30,"Brisbane Cricket Ground, Woolloongabba",2,13.2,England,Australia,KP Pietersen,IR Bell,JW Hastings,1,0,,,,,,,,,
446966,2010/11,2011-01-30,"Brisbane Cricket Ground, Woolloongabba",2,13.3,England,Australia,IR Bell,KP Pietersen,JW Hastings,0,0,,,,,,,,,
446966,2010/11,2011-01-30,"Brisbane Cricket Ground, Woolloongabba",2,13.4,England,Australia,IR Bell,KP Pietersen,JW Hastings,1,0,,,,,,,,,
446966,2010/11,2011-01-30,"Brisbane Cricket Ground, Woolloongabba",2,13.5,England,Australia,KP Pietersen,IR Bell,JW Hastings,0,0,,,,,,,,,
446966,2010/11,2011-01-30,"Brisbane Cricket Ground, Woolloongabba",2,13.6,England,Australia,KP Pietersen,IR Bell,JW Hastings,4,0,,,,,,,,,
446966,2010/11,2011-01-30,"Brisbane Cricket Ground, Woolloongabba",2,13.7,England,Australia,KP Pietersen,IR Bell,JW Hastings,0,0,,,,,,,,,
446966,2010/11,2011-01-30,"Brisbane Cricket Ground, Woolloongabba",2,14.1,England,Australia,IR Bell,KP Pietersen,MG Johnson,0,0,,,,,,,,,
446966,2010/11,2011-01-30,"Brisbane Cricket Ground, Woolloongabba",2,14.2,England,Australia,IR Bell,KP Pietersen,MG Johnson,0,0,,,,,,,,,
446966,2010/11,2011-01-30,"Brisbane Cricket Ground, Woolloongabba",2,14.3,England,Australia,IR Bell,KP Pietersen,MG Johnson,0,0,,,,,,,,,
446966,2010/11,2011-01-30,"Brisbane Cricket Ground, Woolloongabba",2,14.4,England,Australia,IR Bell,KP Pietersen,MG Johnson,0,0,,,,,,,,,
446966,2010/11,2011-01-30,"Brisbane Cricket Ground, Woolloongabba",2,14.5,England,Australia,IR Bell,KP Pietersen,MG Johnson,1,0,,,,,,,,,
446966,2010/11,2011-01-30,"Brisbane Cricket Ground, Woolloongabba",2,14.6,England,Australia,KP Pietersen,IR Bell,MG Johnson,0,0,,,,,,,,,
446966,2010/11,2011-01-30,"Brisbane Cricket Ground, Woolloongabba",2,15.1,England,Australia,IR Bell,KP Pietersen,JW Hastings,0,0,,,,,,,,,
446966,2010/11,2011-01-30,"Brisbane Cricket Ground, Woolloongabba",2,15.2,England,Australia,IR Bell,KP Pietersen,JW Hastings,0,0,,,,,,,,,
446966,2010/11,2011-01-30,"Brisbane Cricket Ground, Woolloongabba",2,15.3,England,Australia,IR Bell,KP Pietersen,JW Hastings,1,0,,,,,,,,,
446966,2010/11,2011-01-30,"Brisbane Cricket Ground, Woolloongabba",2,15.4,England,Australia,KP Pietersen,IR Bell,JW Hastings,0,0,,,,,,,,,
446966,2010/11,2011-01-30,"Brisbane Cricket Ground, Woolloongabba",2,15.5,England,Australia,KP Pietersen,IR Bell,JW Hastings,1,0,,,,,,,,,
446966,2010/11,2011-01-30,"Brisbane Cricket Ground, Woolloongabba",2,15.6,England,Australia,IR Bell,KP Pietersen,JW Hastings,2,0,,,,,,,,,
446966,2010/11,2011-01-30,"Brisbane Cricket Ground, Woolloongabba",2,16.1,England,Australia,KP Pietersen,IR Bell,SPD Smith,1,0,,,,,,,,,
446966,2010/11,2011-01-30,"Brisbane Cricket Ground, Woolloongabba",2,16.2,England,Australia,IR Bell,KP Pietersen,SPD Smith,2,0,,,,,,,,,
446966,2010/11,2011-01-30,"Brisbane Cricket Ground, Woolloongabba",2,16.3,England,Australia,IR Bell,KP Pietersen,SPD Smith,1,0,,,,,,,,,
446966,2010/11,2011-01-30,"Brisbane Cricket Ground, Woolloongabba",2,16.4,England,Australia,KP Pietersen,IR Bell,SPD Smith,0,0,,,,,,,,,
446966,2010/11,2011-01-30,"Brisbane Cricket Ground, Woolloongabba",2,16.5,England,Australia,KP Pietersen,IR Bell,SPD Smith,0,0,,,,,,,,,
446966,2010/11,2011-01-30,"Brisbane Cricket Ground, Woolloongabba",2,16.6,England,Australia,KP Pietersen,IR Bell,SPD Smith,0,0,,,,,,,,,
446966,2010/11,2011-01-30,"Brisbane Cricket Ground, Woolloongabba",2,17.1,England,Australia,IR Bell,KP Pietersen,JW Hastings,1,0,,,,,,,,,
446966,2010/11,2011-01-30,"Brisbane Cricket Ground, Woolloongabba",2,17.2,England,Australia,KP Pietersen,IR Bell,JW Hastings,1,0,,,,,,,,,
446966,2010/11,2011-01-30,"Brisbane Cricket Ground, Woolloongabba",2,17.3,England,Australia,IR Bell,KP Pietersen,JW Hastings,0,0,,,,,,,,,
446966,2010/11,2011-01-30,"Brisbane Cricket Ground, Woolloongabba",2,17.4,England,Australia,IR Bell,KP Pietersen,JW Hastings,1,0,,,,,,,,,
446966,2010/11,2011-01-30,"Brisbane Cricket Ground, Woolloongabba",2,17.5,England,Australia,KP Pietersen,IR Bell,JW Hastings,0,0,,,,,,,,,
446966,2010/11,2011-01-30,"Brisbane Cricket Ground, Woolloongabba",2,17.6,England,Australia,KP Pietersen,IR Bell,JW Hastings,0,0,,,,,,,,,
446966,2010/11,2011-01-30,"Brisbane Cricket Ground, Woolloongabba",2,18.1,England,Australia,IR Bell,KP Pietersen,SPD Smith,1,0,,,,,,,,,
446966,2010/11,2011-01-30,"Brisbane Cricket Ground, Woolloongabba",2,18.2,England,Australia,KP Pietersen,IR Bell,SPD Smith,0,0,,,,,,,,,
446966,2010/11,2011-01-30,"Brisbane Cricket Ground, Woolloongabba",2,18.3,England,Australia,KP Pietersen,IR Bell,SPD Smith,1,0,,,,,,,,,
446966,2010/11,2011-01-30,"Brisbane Cricket Ground, Woolloongabba",2,18.4,England,Australia,IR Bell,KP Pietersen,SPD Smith,2,0,,,,,,,,,
446966,2010/11,2011-01-30,"Brisbane Cricket Ground, Woolloongabba",2,18.5,England,Australia,IR Bell,KP Pietersen,SPD Smith,0,0,,,,,,,,,
446966,2010/11,2011-01-30,"Brisbane Cricket Ground, Woolloongabba",2,18.6,England,Australia,IR Bell,KP Pietersen,SPD Smith,1,0,,,,,,,,,
446966,2010/11,2011-01-30,"Brisbane Cricket Ground, Woolloongabba",2,19.1,England,Australia,IR Bell,KP Pietersen,JW Hastings,1,0,,,,,,,,,
446966,2010/11,2011-01-30,"Brisbane Cricket Ground, Woolloongabba",2,19.2,England,Australia,KP Pietersen,IR Bell,JW Hastings,1,0,,,,,,,,,
446966,2010/11,2011-01-30,"Brisbane Cricket Ground, Woolloongabba",2,19.3,England,Australia,IR Bell,KP Pietersen,JW Hastings,0,0,,,,,,,,,
446966,2010/11,2011-01-30,"Brisbane Cricket Ground, Woolloongabba",2,19.4,England,Australia,IR Bell,KP Pietersen,JW Hastings,1,0,,,,,,,,,
446966,2010/11,2011-01-30,"Brisbane Cricket Ground, Woolloongabba",2,19.5,England,Australia,KP Pietersen,IR Bell,JW Hastings,0,0,,,,,,,,,
446966,2010/11,2011-01-30,"Brisbane Cricket Ground, Woolloongabba",2,19.6,England,Australia,KP Pietersen,IR Bell,JW Hastings,0,0,,,,,,,,,
446966,2010/11,2011-01-30,"Brisbane Cricket Ground, Woolloongabba",2,20.1,England,Australia,IR Bell,KP Pietersen,SPD Smith,0,0,,,,,,,,,
446966,2010/11,2011-01-30,"Brisbane Cricket Ground, Woolloongabba",2,20.2,England,Australia,IR Bell,KP Pietersen,SPD Smith,1,0,,,,,,,,,
446966,2010/11,2011-01-30,"Brisbane Cricket Ground, Woolloongabba",2,20.3,England,Australia,KP Pietersen,IR Bell,SPD Smith,0,0,,,,,,,,,
446966,2010/11,2011-01-30,"Brisbane Cricket Ground, Woolloongabba",2,20.4,England,Australia,KP Pietersen,IR Bell,SPD Smith,1,0,,,,,,,,,
446966,2010/11,2011-01-30,"Brisbane Cricket Ground, Woolloongabba",2,20.5,England,Australia,IR Bell,KP Pietersen,SPD Smith,1,0,,,,,,,,,
446966,2010/11,2011-01-30,"Brisbane Cricket Ground, Woolloongabba",2,20.6,England,Australia,KP Pietersen,IR Bell,SPD Smith,0,0,,,,,,,,,
446966,2010/11,2011-01-30,"Brisbane Cricket Ground, Woolloongabba",2,21.1,England,Australia,IR Bell,KP Pietersen,JW Hastings,0,0,,,,,,,,,
446966,2010/11,2011-01-30,"Brisbane Cricket Ground, Woolloongabba",2,21.2,England,Australia,IR Bell,KP Pietersen,JW Hastings,1,0,,,,,,,,,
446966,2010/11,2011-01-30,"Brisbane Cricket Ground, Woolloongabba",2,21.3,England,Australia,KP Pietersen,IR Bell,JW Hastings,2,0,,,,,,,,,
446966,2010/11,2011-01-30,"Brisbane Cricket Ground, Woolloongabba",2,21.4,England,Australia,KP Pietersen,IR Bell,JW Hastings,0,0,,,,,,caught,KP Pietersen,,
446966,2010/11,2011-01-30,"Brisbane Cricket Ground, Woolloongabba",2,21.5,England,Australia,EJG Morgan,IR Bell,JW Hastings,0,0,,,,,,,,,
446966,2010/11,2011-01-30,"Brisbane Cricket Ground, Woolloongabba",2,21.6,England,Australia,EJG Morgan,IR Bell,JW Hastings,1,0,,,,,,,,,
446966,2010/11,2011-01-30,"Brisbane Cricket Ground, Woolloongabba",2,22.1,England,Australia,EJG Morgan,IR Bell,SPD Smith,1,0,,,,,,,,,
446966,2010/11,2011-01-30,"Brisbane Cricket Ground, Woolloongabba",2,22.2,England,Australia,IR Bell,EJG Morgan,SPD Smith,0,0,,,,,,,,,
446966,2010/11,2011-01-30,"Brisbane Cricket Ground, Woolloongabba",2,22.3,England,Australia,IR Bell,EJG Morgan,SPD Smith,0,0,,,,,,,,,
446966,2010/11,2011-01-30,"Brisbane Cricket Ground, Woolloongabba",2,22.4,England,Australia,IR Bell,EJG Morgan,SPD Smith,1,0,,,,,,,,,
446966,2010/11,2011-01-30,"Brisbane Cricket Ground, Woolloongabba",2,22.5,England,Australia,EJG Morgan,IR Bell,SPD Smith,0,0,,,,,,caught,EJG Morgan,,
446966,2010/11,2011-01-30,"Brisbane Cricket Ground, Woolloongabba",2,22.6,England,Australia,IR Bell,PD Collingwood,SPD Smith,0,0,,,,,,,,,
446966,2010/11,2011-01-30,"Brisbane Cricket Ground, Woolloongabba",2,23.1,England,Australia,PD Collingwood,IR Bell,JW Hastings,0,0,,,,,,,,,
446966,2010/11,2011-01-30,"Brisbane Cricket Ground, Woolloongabba",2,23.2,England,Australia,PD Collingwood,IR Bell,JW Hastings,0,0,,,,,,,,,
446966,2010/11,2011-01-30,"Brisbane Cricket Ground, Woolloongabba",2,23.3,England,Australia,PD Collingwood,IR Bell,JW Hastings,1,0,,,,,,,,,
446966,2010/11,2011-01-30,"Brisbane Cricket Ground, Woolloongabba",2,23.4,England,Australia,IR Bell,PD Collingwood,JW Hastings,0,0,,,,,,,,,
446966,2010/11,2011-01-30,"Brisbane Cricket Ground, Woolloongabba",2,23.5,England,Australia,IR Bell,PD Collingwood,JW Hastings,1,0,,,,,,,,,
446966,2010/11,2011-01-30,"Brisbane Cricket Ground, Woolloongabba",2,23.6,England,Australia,PD Collingwood,IR Bell,JW Hastings,0,0,,,,,,,,,
446966,2010/11,2011-01-30,"Brisbane Cricket Ground, Woolloongabba",2,24.1,England,Australia,IR Bell,PD Collingwood,SPD Smith,1,0,,,,,,,,,
446966,2010/11,2011-01-30,"Brisbane Cricket Ground, Woolloongabba",2,24.2,England,Australia,PD Collingwood,IR Bell,SPD Smith,0,0,,,,,,,,,
446966,2010/11,2011-01-30,"Brisbane Cricket Ground, Woolloongabba",2,24.3,England,Australia,PD Collingwood,IR Bell,SPD Smith,0,0,,,,,,,,,
446966,2010/11,2011-01-30,"Brisbane Cricket Ground, Woolloongabba",2,24.4,England,Australia,PD Collingwood,IR Bell,SPD Smith,1,0,,,,,,,,,
446966,2010/11,2011-01-30,"Brisbane Cricket Ground, Woolloongabba",2,24.5,England,Australia,IR Bell,PD Collingwood,SPD Smith,1,0,,,,,,,,,
446966,2010/11,2011-01-30,"Brisbane Cricket Ground, Woolloongabba",2,24.6,England,Australia,PD Collingwood,IR Bell,SPD Smith,0,0,,,,,,,,,
446966,2010/11,2011-01-30,"Brisbane Cricket Ground, Woolloongabba",2,25.1,England,Australia,IR Bell,PD Collingwood,JW Hastings,0,0,,,,,,,,,
446966,2010/11,2011-01-30,"Brisbane Cricket Ground, Woolloongabba",2,25.2,England,Australia,IR Bell,PD Collingwood,JW Hastings,0,0,,,,,,,,,
446966,2010/11,2011-01-30,"Brisbane Cricket Ground, Woolloongabba",2,25.3,England,Australia,IR Bell,PD Collingwood,JW Hastings,0,0,,,,,,,,,
446966,2010/11,2011-01-30,"Brisbane Cricket Ground, Woolloongabba",2,25.4,England,Australia,IR Bell,PD Collingwood,JW Hastings,0,0,,,,,,bowled,IR Bell,,
446966,2010/11,2011-01-30,"Brisbane Cricket Ground, Woolloongabba",2,25.5,England,Australia,CR Woakes,PD Collingwood,JW Hastings,1,0,,,,,,,,,
446966,2010/11,2011-01-30,"Brisbane Cricket Ground, Woolloongabba",2,25.6,England,Australia,PD Collingwood,CR Woakes,JW Hastings,1,0,,,,,,,,,
446966,2010/11,2011-01-30,"Brisbane Cricket Ground, Woolloongabba",2,26.1,England,Australia,PD Collingwood,CR Woakes,SPD Smith,1,0,,,,,,,,,
446966,2010/11,2011-01-30,"Brisbane Cricket Ground, Woolloongabba",2,26.2,England,Australia,CR Woakes,PD Collingwood,SPD Smith,0,0,,,,,,,,,
446966,2010/11,2011-01-30,"Brisbane Cricket Ground, Woolloongabba",2,26.3,England,Australia,CR Woakes,PD Collingwood,SPD Smith,0,0,,,,,,,,,
446966,2010/11,2011-01-30,"Brisbane Cricket Ground, Woolloongabba",2,26.4,England,Australia,CR Woakes,PD Collingwood,SPD Smith,1,0,,,,,,,,,
446966,2010/11,2011-01-30,"Brisbane Cricket Ground, Woolloongabba",2,26.5,England,Australia,PD Collingwood,CR Woakes,SPD Smith,0,0,,,,,,,,,
446966,2010/11,2011-01-30,"Brisbane Cricket Ground, Woolloongabba",2,26.6,England,Australia,PD Collingwood,CR Woakes,SPD Smith,1,0,,,,,,,,,
446966,2010/11,2011-01-30,"Brisbane Cricket Ground, Woolloongabba",2,27.1,England,Australia,PD Collingwood,CR Woakes,JW Hastings,0,0,,,,,,,,,
446966,2010/11,2011-01-30,"Brisbane Cricket Ground, Woolloongabba",2,27.2,England,Australia,PD Collingwood,CR Woakes,JW Hastings,0,0,,,,,,,,,
446966,2010/11,2011-01-30,"Brisbane Cricket Ground, Woolloongabba",2,27.3,England,Australia,PD Collingwood,CR Woakes,JW Hastings,4,0,,,,,,,,,
446966,2010/11,2011-01-30,"Brisbane Cricket Ground, Woolloongabba",2,27.4,England,Australia,PD Collingwood,CR Woakes,JW Hastings,2,0,,,,,,,,,
446966,2010/11,2011-01-30,"Brisbane Cricket Ground, Woolloongabba",2,27.5,England,Australia,PD Collingwood,CR Woakes,JW Hastings,0,0,,,,,,,,,
446966,2010/11,2011-01-30,"Brisbane Cricket Ground, Woolloongabba",2,27.6,England,Australia,PD Collingwood,CR Woakes,JW Hastings,0,1,1,,,,,,,,
446966,2010/11,2011-01-30,"Brisbane Cricket Ground, Woolloongabba",2,27.7,England,Australia,PD Collingwood,CR Woakes,JW Hastings,0,0,,,,,,,,,
446966,2010/11,2011-01-30,"Brisbane Cricket Ground, Woolloongabba",2,28.1,England,Australia,CR Woakes,PD Collingwood,SPD Smith,0,0,,,,,,,,,
446966,2010/11,2011-01-30,"Brisbane Cricket Ground, Woolloongabba",2,28.2,England,Australia,CR Woakes,PD Collingwood,SPD Smith,0,0,,,,,,,,,
446966,2010/11,2011-01-30,"Brisbane Cricket Ground, Woolloongabba",2,28.3,England,Australia,CR Woakes,PD Collingwood,SPD Smith,1,0,,,,,,,,,
446966,2010/11,2011-01-30,"Brisbane Cricket Ground, Woolloongabba",2,28.4,England,Australia,PD Collingwood,CR Woakes,SPD Smith,1,0,,,,,,,,,
446966,2010/11,2011-01-30,"Brisbane Cricket Ground, Woolloongabba",2,28.5,England,Australia,CR Woakes,PD Collingwood,SPD Smith,1,0,,,,,,,,,
446966,2010/11,2011-01-30,"Brisbane Cricket Ground, Woolloongabba",2,28.6,England,Australia,PD Collingwood,CR Woakes,SPD Smith,0,0,,,,,,,,,
446966,2010/11,2011-01-30,"Brisbane Cricket Ground, Woolloongabba",2,29.1,England,Australia,CR Woakes,PD Collingwood,MG Johnson,1,0,,,,,,,,,
446966,2010/11,2011-01-30,"Brisbane Cricket Ground, Woolloongabba",2,29.2,England,Australia,PD Collingwood,CR Woakes,MG Johnson,1,0,,,,,,,,,
446966,2010/11,2011-01-30,"Brisbane Cricket Ground, Woolloongabba",2,29.3,England,Australia,CR Woakes,PD Collingwood,MG Johnson,0,0,,,,,,,,,
446966,2010/11,2011-01-30,"Brisbane Cricket Ground, Woolloongabba",2,29.4,England,Australia,CR Woakes,PD Collingwood,MG Johnson,0,0,,,,,,,,,
446966,2010/11,2011-01-30,"Brisbane Cricket Ground, Woolloongabba",2,29.5,England,Australia,CR Woakes,PD Collingwood,MG Johnson,1,0,,,,,,,,,
446966,2010/11,2011-01-30,"Brisbane Cricket Ground, Woolloongabba",2,29.6,England,Australia,PD Collingwood,CR Woakes,MG Johnson,1,0,,,,,,,,,
446966,2010/11,2011-01-30,"Brisbane Cricket Ground, Woolloongabba",2,30.1,England,Australia,PD Collingwood,CR Woakes,SPD Smith,2,0,,,,,,,,,
446966,2010/11,2011-01-30,"Brisbane Cricket Ground, Woolloongabba",2,30.2,England,Australia,PD Collingwood,CR Woakes,SPD Smith,1,0,,,,,,,,,
446966,2010/11,2011-01-30,"Brisbane Cricket Ground, Woolloongabba",2,30.3,England,Australia,CR Woakes,PD Collingwood,SPD Smith,1,0,,,,,,,,,
446966,2010/11,2011-01-30,"Brisbane Cricket Ground, Woolloongabba",2,30.4,England,Australia,PD Collingwood,CR Woakes,SPD Smith,1,0,,,,,,,,,
446966,2010/11,2011-01-30,"Brisbane Cricket Ground, Woolloongabba",2,30.5,England,Australia,CR Woakes,PD Collingwood,SPD Smith,1,0,,,,,,,,,
446966,2010/11,2011-01-30,"Brisbane Cricket Ground, Woolloongabba",2,30.6,England,Australia,PD Collingwood,CR Woakes,SPD Smith,0,0,,,,,,,,,
446966,2010/11,2011-01-30,"Brisbane Cricket Ground, Woolloongabba",2,31.1,England,Australia,CR Woakes,PD Collingwood,MG Johnson,0,0,,,,,,,,,
446966,2010/11,2011-01-30,"Brisbane Cricket Ground, Woolloongabba",2,31.2,England,Australia,CR Woakes,PD Collingwood,MG Johnson,0,0,,,,,,,,,
446966,2010/11,2011-01-30,"Brisbane Cricket Ground, Woolloongabba",2,31.3,England,Australia,CR Woakes,PD Collingwood,MG Johnson,0,0,,,,,,,,,
446966,2010/11,2011-01-30,"Brisbane Cricket Ground, Woolloongabba",2,31.4,England,Australia,CR Woakes,PD Collingwood,MG Johnson,0,0,,,,,,,,,
446966,2010/11,2011-01-30,"Brisbane Cricket Ground, Woolloongabba",2,31.5,England,Australia,CR Woakes,PD Collingwood,MG Johnson,0,0,,,,,,,,,
446966,2010/11,2011-01-30,"Brisbane Cricket Ground, Woolloongabba",2,31.6,England,Australia,CR Woakes,PD Collingwood,MG Johnson,0,0,,,,,,,,,
446966,2010/11,2011-01-30,"Brisbane Cricket Ground, Woolloongabba",2,32.1,England,Australia,PD Collingwood,CR Woakes,SR Watson,0,0,,,,,,caught,PD Collingwood,,
446966,2010/11,2011-01-30,"Brisbane Cricket Ground, Woolloongabba",2,32.2,England,Australia,CR Woakes,A Shahzad,SR Watson,0,0,,,,,,,,,
446966,2010/11,2011-01-30,"Brisbane Cricket Ground, Woolloongabba",2,32.3,England,Australia,CR Woakes,A Shahzad,SR Watson,0,0,,,,,,,,,
446966,2010/11,2011-01-30,"Brisbane Cricket Ground, Woolloongabba",2,32.4,England,Australia,CR Woakes,A Shahzad,SR Watson,0,0,,,,,,,,,
446966,2010/11,2011-01-30,"Brisbane Cricket Ground, Woolloongabba",2,32.5,England,Australia,CR Woakes,A Shahzad,SR Watson,0,0,,,,,,,,,
446966,2010/11,2011-01-30,"Brisbane Cricket Ground, Woolloongabba",2,32.6,England,Australia,CR Woakes,A Shahzad,SR Watson,0,0,,,,,,caught,CR Woakes,,
446966,2010/11,2011-01-30,"Brisbane Cricket Ground, Woolloongabba",2,33.1,England,Australia,A Shahzad,JM Anderson,MG Johnson,0,0,,,,,,,,,
446966,2010/11,2011-01-30,"Brisbane Cricket Ground, Woolloongabba",2,33.2,England,Australia,A Shahzad,JM Anderson,MG Johnson,0,1,1,,,,,,,,
446966,2010/11,2011-01-30,"Brisbane Cricket Ground, Woolloongabba",2,33.3,England,Australia,A Shahzad,JM Anderson,MG Johnson,0,0,,,,,,,,,
446966,2010/11,2011-01-30,"Brisbane Cricket Ground, Woolloongabba",2,33.4,England,Australia,A Shahzad,JM Anderson,MG Johnson,0,0,,,,,,,,,
446966,2010/11,2011-01-30,"Brisbane Cricket Ground, Woolloongabba",2,33.5,England,Australia,A Shahzad,JM Anderson,MG Johnson,0,0,,,,,,,,,
446966,2010/11,2011-01-30,"Brisbane Cricket Ground, Woolloongabba",2,33.6,England,Australia,A Shahzad,JM Anderson,MG Johnson,0,0,,,,,,,,,
446966,2010/11,2011-01-30,"Brisbane Cricket Ground, Woolloongabba",2,33.7,England,Australia,A Shahzad,JM Anderson,MG Johnson,0,0,,,,,,,,,
446966,2010/11,2011-01-30,"Brisbane Cricket Ground, Woolloongabba",2,34.1,England,Australia,JM Anderson,A Shahzad,SR Watson,0,0,,,,,,,,,
446966,2010/11,2011-01-30,"Brisbane Cricket Ground, Woolloongabba",2,34.2,England,Australia,JM Anderson,A Shahzad,SR Watson,0,1,,1,,,,,,,
446966,2010/11,2011-01-30,"Brisbane Cricket Ground, Woolloongabba",2,34.3,England,Australia,JM Anderson,A Shahzad,SR Watson,0,0,,,,,,,,,
446966,2010/11,2011-01-30,"Brisbane Cricket Ground, Woolloongabba",2,34.4,England,Australia,JM Anderson,A Shahzad,SR Watson,0,0,,,,,,,,,
446966,2010/11,2011-01-30,"Brisbane Cricket Ground, Woolloongabba",2,34.5,England,Australia,JM Anderson,A Shahzad,SR Watson,4,0,,,,,,,,,
446966,2010/11,2011-01-30,"Brisbane Cricket Ground, Woolloongabba",2,34.6,England,Australia,JM Anderson,A Shahzad,SR Watson,0,0,,,,,,,,,
446966,2010/11,2011-01-30,"Brisbane Cricket Ground, Woolloongabba",2,34.7,England,Australia,JM Anderson,A Shahzad,SR Watson,0,0,,,,,,,,,
446966,2010/11,2011-01-30,"Brisbane Cricket Ground, Woolloongabba",2,35.1,England,Australia,A Shahzad,JM Anderson,MG Johnson,0,0,,,,,,,,,
446966,2010/11,2011-01-30,"Brisbane Cricket Ground, Woolloongabba",2,35.2,England,Australia,A Shahzad,JM Anderson,MG Johnson,0,0,,,,,,,,,
446966,2010/11,2011-01-30,"Brisbane Cricket Ground, Woolloongabba",2,35.3,England,Australia,A Shahzad,JM Anderson,MG Johnson,0,0,,,,,,,,,
446966,2010/11,2011-01-30,"Brisbane Cricket Ground, Woolloongabba",2,35.4,England,Australia,A Shahzad,JM Anderson,MG Johnson,0,0,,,,,,,,,
446966,2010/11,2011-01-30,"Brisbane Cricket Ground, Woolloongabba",2,35.5,England,Australia,A Shahzad,JM Anderson,MG Johnson,1,0,,,,,,,,,
446966,2010/11,2011-01-30,"Brisbane Cricket Ground, Woolloongabba",2,35.6,England,Australia,JM Anderson,A Shahzad,MG Johnson,0,0,,,,,,,,,
446966,2010/11,2011-01-30,"Brisbane Cricket Ground, Woolloongabba",2,36.1,England,Australia,A Shahzad,JM Anderson,SR Watson,0,0,,,,,,,,,
446966,2010/11,2011-01-30,"Brisbane Cricket Ground, Woolloongabba",2,36.2,England,Australia,A Shahzad,JM Anderson,SR Watson,1,0,,,,,,,,,
446966,2010/11,2011-01-30,"Brisbane Cricket Ground, Woolloongabba",2,36.3,England,Australia,JM Anderson,A Shahzad,SR Watson,1,0,,,,,,,,,
446966,2010/11,2011-01-30,"Brisbane Cricket Ground, Woolloongabba",2,36.4,England,Australia,A Shahzad,JM Anderson,SR Watson,0,1,,1,,,,,,,
446966,2010/11,2011-01-30,"Brisbane Cricket Ground, Woolloongabba",2,36.5,England,Australia,A Shahzad,JM Anderson,SR Watson,6,0,,,,,,,,,
446966,2010/11,2011-01-30,"Brisbane Cricket Ground, Woolloongabba",2,36.6,England,Australia,A Shahzad,JM Anderson,SR Watson,0,0,,,,,,,,,
446966,2010/11,2011-01-30,"Brisbane Cricket Ground, Woolloongabba",2,36.7,England,Australia,A Shahzad,JM Anderson,SR Watson,1,0,,,,,,,,,
446966,2010/11,2011-01-30,"Brisbane Cricket Ground, Woolloongabba",2,37.1,England,Australia,A Shahzad,JM Anderson,DE Bollinger,0,0,,,,,,,,,
446966,2010/11,2011-01-30,"Brisbane Cricket Ground, Woolloongabba",2,37.2,England,Australia,A Shahzad,JM Anderson,DE Bollinger,0,0,,,,,,,,,
446966,2010/11,2011-01-30,"Brisbane Cricket Ground, Woolloongabba",2,37.3,England,Australia,A Shahzad,JM Anderson,DE Bollinger,0,0,,,,,,,,,
446966,2010/11,2011-01-30,"Brisbane Cricket Ground, Woolloongabba",2,37.4,England,Australia,A Shahzad,JM Anderson,DE Bollinger,0,0,,,,,,,,,
446966,2010/11,2011-01-30,"Brisbane Cricket Ground, Woolloongabba",2,37.5,England,Australia,A Shahzad,JM Anderson,DE Bollinger,0,0,,,,,,,,,
446966,2010/11,2011-01-30,"Brisbane Cricket Ground, Woolloongabba",2,37.6,England,Australia,A Shahzad,JM Anderson,DE Bollinger,0,0,,,,,,caught,A Shahzad,,
446966,2010/11,2011-01-30,"Brisbane Cricket Ground, Woolloongabba",2,38.1,England,Australia,JM Anderson,ST Finn,SR Watson,0,0,,,,,,,,,
446966,2010/11,2011-01-30,"Brisbane Cricket Ground, Woolloongabba",2,38.2,England,Australia,JM Anderson,ST Finn,SR Watson,0,0,,,,,,,,,
446966,2010/11,2011-01-30,"Brisbane Cricket Ground, Woolloongabba",2,38.3,England,Australia,JM Anderson,ST Finn,SR Watson,0,0,,,,,,,,,
446966,2010/11,2011-01-30,"Brisbane Cricket Ground, Woolloongabba",2,38.4,England,Australia,JM Anderson,ST Finn,SR Watson,0,0,,,,,,,,,
446966,2010/11,2011-01-30,"Brisbane Cricket Ground, Woolloongabba",2,38.5,England,Australia,JM Anderson,ST Finn,SR Watson,4,0,,,,,,,,,
446966,2010/11,2011-01-30,"Brisbane Cricket Ground, Woolloongabba",2,38.6,England,Australia,JM Anderson,ST Finn,SR Watson,0,0,,,,,,,,,
446966,2010/11,2011-01-30,"Brisbane Cricket Ground, Woolloongabba",2,39.1,England,Australia,ST Finn,JM Anderson,DE Bollinger,0,0,,,,,,,,,
446966,2010/11,2011-01-30,"Brisbane Cricket Ground, Woolloongabba",2,39.2,England,Australia,ST Finn,JM Anderson,DE Bollinger,0,0,,,,,,,,,
446966,2010/11,2011-01-30,"Brisbane Cricket Ground, Woolloongabba",2,39.3,England,Australia,ST Finn,JM Anderson,DE Bollinger,3,0,,,,,,,,,
446966,2010/11,2011-01-30,"Brisbane Cricket Ground, Woolloongabba",2,39.4,England,Australia,JM Anderson,ST Finn,DE Bollinger,4,0,,,,,,,,,
446966,2010/11,2011-01-30,"Brisbane Cricket Ground, Woolloongabba",2,39.5,England,Australia,JM Anderson,ST Finn,DE Bollinger,1,0,,,,,,,,,
446966,2010/11,2011-01-30,"Brisbane Cricket Ground, Woolloongabba",2,39.6,England,Australia,ST Finn,JM Anderson,DE Bollinger,4,0,,,,,,,,,
446966,2010/11,2011-01-30,"Brisbane Cricket Ground, Woolloongabba",2,40.1,England,Australia,JM Anderson,ST Finn,B Lee,0,0,,,,,,,,,
446966,2010/11,2011-01-30,"Brisbane Cricket Ground, Woolloongabba",2,40.2,England,Australia,JM Anderson,ST Finn,B Lee,1,0,,,,,,,,,
446966,2010/11,2011-01-30,"Brisbane Cricket Ground, Woolloongabba",2,40.3,England,Australia,ST Finn,JM Anderson,B Lee,0,0,,,,,,,,,
446966,2010/11,2011-01-30,"Brisbane Cricket Ground, Woolloongabba",2,40.4,England,Australia,ST Finn,JM Anderson,B Lee,0,0,,,,,,,,,
446966,2010/11,2011-01-30,"Brisbane Cricket Ground, Woolloongabba",2,40.5,England,Australia,ST Finn,JM Anderson,B Lee,0,0,,,,,,,,,
446966,2010/11,2011-01-30,"Brisbane Cricket Ground, Woolloongabba",2,40.6,England,Australia,ST Finn,JM Anderson,B Lee,1,0,,,,,,,,,
446966,2010/11,2011-01-30,"Brisbane Cricket Ground, Woolloongabba",2,41.1,England,Australia,ST Finn,JM Anderson,DE Bollinger,0,0,,,,,,,,,
446966,2010/11,2011-01-30,"Brisbane Cricket Ground, Woolloongabba",2,41.2,England,Australia,ST Finn,JM Anderson,DE Bollinger,1,0,,,,,,,,,
446966,2010/11,2011-01-30,"Brisbane Cricket Ground, Woolloongabba",2,41.3,England,Australia,JM Anderson,ST Finn,DE Bollinger,1,0,,,,,,,,,
446966,2010/11,2011-01-30,"Brisbane Cricket Ground, Woolloongabba",2,41.4,England,Australia,ST Finn,JM Anderson,DE Bollinger,4,0,,,,,,,,,
446966,2010/11,2011-01-30,"Brisbane Cricket Ground, Woolloongabba",2,41.5,England,Australia,ST Finn,JM Anderson,DE Bollinger,0,0,,,,,,,,,
446966,2010/11,2011-01-30,"Brisbane Cricket Ground, Woolloongabba",2,41.6,England,Australia,ST Finn,JM Anderson,DE Bollinger,4,0,,,,,,,,,
446966,2010/11,2011-01-30,"Brisbane Cricket Ground, Woolloongabba",2,42.1,England,Australia,JM Anderson,ST Finn,B Lee,1,0,,,,,,,,,
446966,2010/11,2011-01-30,"Brisbane Cricket Ground, Woolloongabba",2,42.2,England,Australia,ST Finn,JM Anderson,B Lee,0,0,,,,,,,,,
446966,2010/11,2011-01-30,"Brisbane Cricket Ground, Woolloongabba",2,42.3,England,Australia,ST Finn,JM Anderson,B Lee,0,0,,,,,,,,,
446966,2010/11,2011-01-30,"Brisbane Cricket Ground, Woolloongabba",2,42.4,England,Australia,ST Finn,JM Anderson,B Lee,0,0,,,,,,,,,
446966,2010/11,2011-01-30,"Brisbane Cricket Ground, Woolloongabba",2,42.5,England,Australia,ST Finn,JM Anderson,B Lee,0,0,,,,,,,,,
446966,2010/11,2011-01-30,"Brisbane Cricket Ground, Woolloongabba",2,42.6,England,Australia,ST Finn,JM Anderson,B Lee,4,0,,,,,,,,,
446966,2010/11,2011-01-30,"Brisbane Cricket Ground, Woolloongabba",2,43.1,England,Australia,JM Anderson,ST Finn,DE Bollinger,0,3,,3,,,,,,,
446966,2010/11,2011-01-30,"Brisbane Cricket Ground, Woolloongabba",2,43.2,England,Australia,JM Anderson,ST Finn,DE Bollinger,0,0,,,,,,,,,
446966,2010/11,2011-01-30,"Brisbane Cricket Ground, Woolloongabba",2,43.3,England,Australia,JM Anderson,ST Finn,DE Bollinger,0,0,,,,,,,,,
446966,2010/11,2011-01-30,"Brisbane Cricket Ground, Woolloongabba",2,43.4,England,Australia,JM Anderson,ST Finn,DE Bollinger,1,0,,,,,,,,,
446966,2010/11,2011-01-30,"Brisbane Cricket Ground, Woolloongabba",2,43.5,England,Australia,ST Finn,JM Anderson,DE Bollinger,4,0,,,,,,,,,
446966,2010/11,2011-01-30,"Brisbane Cricket Ground, Woolloongabba",2,43.6,England,Australia,ST Finn,JM Anderson,DE Bollinger,1,0,,,,,,,,,
446966,2010/11,2011-01-30,"Brisbane Cricket Ground, Woolloongabba",2,43.7,England,Australia,JM Anderson,ST Finn,DE Bollinger,0,0,,,,,,,,,
446966,2010/11,2011-01-30,"Brisbane Cricket Ground, Woolloongabba",2,44.1,England,Australia,ST Finn,JM Anderson,B Lee,3,0,,,,,,,,,
446966,2010/11,2011-01-30,"Brisbane Cricket Ground, Woolloongabba",2,44.2,England,Australia,JM Anderson,ST Finn,B Lee,0,0,,,,,,,,,
446966,2010/11,2011-01-30,"Brisbane Cricket Ground, Woolloongabba",2,44.3,England,Australia,JM Anderson,ST Finn,B Lee,0,0,,,,,,,,,
446966,2010/11,2011-01-30,"Brisbane Cricket Ground, Woolloongabba",2,44.4,England,Australia,JM Anderson,ST Finn,B Lee,2,0,,,,,,,,,
446966,2010/11,2011-01-30,"Brisbane Cricket Ground, Woolloongabba",2,44.5,England,Australia,JM Anderson,ST Finn,B Lee,0,0,,,,,,,,,
446966,2010/11,2011-01-30,"Brisbane Cricket Ground, Woolloongabba",2,44.6,England,Australia,JM Anderson,ST Finn,B Lee,0,0,,,,,,,,,
446966,2010/11,2011-01-30,"Brisbane Cricket Ground, Woolloongabba",2,45.1,England,Australia,ST Finn,JM Anderson,SR Watson,6,0,,,,,,,,,
446966,2010/11,2011-01-30,"Brisbane Cricket Ground, Woolloongabba",2,45.2,England,Australia,ST Finn,JM Anderson,SR Watson,0,0,,,,,,,,,
446966,2010/11,2011-01-30,"Brisbane Cricket Ground, Woolloongabba",2,45.3,England,Australia,ST Finn,JM Anderson,SR Watson,0,0,,,,,,bowled,ST Finn,,
