match_id,season,start_date,venue,innings,ball,batting_team,bowling_team,striker,non_striker,bowler,runs_off_bat,extras,wides,noballs,byes,legbyes,penalty,wicket_type,player_dismissed,other_wicket_type,other_player_dismissed
450501,2010,2010-08-17,Cambusdoon New Ground,1,0.1,Afghanistan,Scotland,Karim Sadiq,Javed Ahmadi,GD Drummond,0,0,,,,,,caught,Karim Sadiq,,
450501,2010,2010-08-17,Cambusdoon New Ground,1,0.2,Afghanistan,Scotland,Mohammad Shahzad,Javed Ahmadi,GD Drummond,0,0,,,,,,,,,
450501,2010,2010-08-17,Cambusdoon New Ground,1,0.3,Afghanistan,Scotland,Mohammad Shahzad,Javed Ahmadi,GD Drummond,0,0,,,,,,,,,
450501,2010,2010-08-17,Cambusdoon New Ground,1,0.4,Afghanistan,Scotland,Mohammad Shahzad,Javed Ahmadi,GD Drummond,4,0,,,,,,,,,
450501,2010,2010-08-17,Cambusdoon New Ground,1,0.5,Afghanistan,Scotland,Mohammad Shahzad,Javed Ahmadi,GD Drummond,0,0,,,,,,,,,
450501,2010,2010-08-17,Cambusdoon New Ground,1,0.6,Afghanistan,Scotland,Mohammad Shahzad,Javed Ahmadi,GD Drummond,4,0,,,,,,,,,
450501,2010,2010-08-17,Cambusdoon New Ground,1,1.1,Afghanistan,Scotland,Javed Ahmadi,Mohammad Shahzad,MA Parker,0,0,,,,,,,,,
450501,2010,2010-08-17,Cambusdoon New Ground,1,1.2,Afghanistan,Scotland,Javed Ahmadi,Mohammad Shahzad,MA Parker,2,0,,,,,,,,,
450501,2010,2010-08-17,Cambusdoon New Ground,1,1.3,Afghanistan,Scotland,Javed Ahmadi,Mohammad Shahzad,MA Parker,0,0,,,,,,,,,
450501,2010,2010-08-17,Cambusdoon New Ground,1,1.4,Afghanistan,Scotland,Javed Ahmadi,Mohammad Shahzad,MA Parker,0,0,,,,,,,,,
450501,2010,2010-08-17,Cambusdoon New Ground,1,1.5,Afghanistan,Scotland,Javed Ahmadi,Mohammad Shahzad,MA Parker,0,0,,,,,,,,,
450501,2010,2010-08-17,Cambusdoon New Ground,1,1.6,Afghanistan,Scotland,Javed Ahmadi,Mohammad Shahzad,MA Parker,0,0,,,,,,,,,
450501,2010,2010-08-17,Cambusdoon New Ground,1,2.1,Afghanistan,Scotland,Mohammad Shahzad,Javed Ahmadi,GD Drummond,1,0,,,,,,,,,
450501,2010,2010-08-17,Cambusdoon New Ground,1,2.2,Afghanistan,Scotland,Javed Ahmadi,Mohammad Shahzad,GD Drummond,0,0,,,,,,,,,
450501,2010,2010-08-17,Cambusdoon New Ground,1,2.3,Afghanistan,Scotland,Javed Ahmadi,Mohammad Shahzad,GD Drummond,0,0,,,,,,,,,
450501,2010,2010-08-17,Cambusdoon New Ground,1,2.4,Afghanistan,Scotland,Javed Ahmadi,Mohammad Shahzad,GD Drummond,0,0,,,,,,,,,
450501,2010,2010-08-17,Cambusdoon New Ground,1,2.5,Afghanistan,Scotland,Javed Ahmadi,Mohammad Shahzad,GD Drummond,4,0,,,,,,,,,
450501,2010,2010-08-17,Cambusdoon New Ground,1,2.6,Afghanistan,Scotland,Javed Ahmadi,Mohammad Shahzad,GD Drummond,0,0,,,,,,,,,
450501,2010,2010-08-17,Cambusdoon New Ground,1,3.1,Afghanistan,Scotland,Mohammad Shahzad,Javed Ahmadi,MA Parker,0,0,,,,,,,,,
450501,2010,2010-08-17,Cambusdoon New Ground,1,3.2,Afghanistan,Scotland,Mohammad Shahzad,Javed Ahmadi,MA Parker,0,0,,,,,,,,,
450501,2010,2010-08-17,Cambusdoon New Ground,1,3.3,Afghanistan,Scotland,Mohammad Shahzad,Javed Ahmadi,MA Parker,0,0,,,,,,,,,
450501,2010,2010-08-17,Cambusdoon New Ground,1,3.4,Afghanistan,Scotland,Mohammad Shahzad,Javed Ahmadi,MA Parker,2,0,,,,,,,,,
450501,2010,2010-08-17,Cambusdoon New Ground,1,3.5,Afghanistan,Scotland,Mohammad Shahzad,Javed Ahmadi,MA Parker,0,0,,,,,,bowled,Mohammad Shahzad,,
450501,2010,2010-08-17,Cambusdoon New Ground,1,3.6,Afghanistan,Scotland,Nawroz Mangal,Javed Ahmadi,MA Parker,0,0,,,,,,,,,
450501,2010,2010-08-17,Cambusdoon New Ground,1,4.1,Afghanistan,Scotland,Javed Ahmadi,Nawroz Mangal,GD Drummond,2,0,,,,,,,,,
450501,2010,2010-08-17,Cambusdoon New Ground,1,4.2,Afghanistan,Scotland,Javed Ahmadi,Nawroz Mangal,GD Drummond,0,0,,,,,,,,,
450501,2010,2010-08-17,Cambusdoon New Ground,1,4.3,Afghanistan,Scotland,Javed Ahmadi,Nawroz Mangal,GD Drummond,4,0,,,,,,,,,
450501,2010,2010-08-17,Cambusdoon New Ground,1,4.4,Afghanistan,Scotland,Javed Ahmadi,Nawroz Mangal,GD Drummond,0,0,,,,,,,,,
450501,2010,2010-08-17,Cambusdoon New Ground,1,4.5,Afghanistan,Scotland,Javed Ahmadi,Nawroz Mangal,GD Drummond,3,0,,,,,,,,,
450501,2010,2010-08-17,Cambusdoon New Ground,1,4.6,Afghanistan,Scotland,Nawroz Mangal,Javed Ahmadi,GD Drummond,1,0,,,,,,,,,
450501,2010,2010-08-17,Cambusdoon New Ground,1,5.1,Afghanistan,Scotland,Nawroz Mangal,Javed Ahmadi,MA Parker,0,0,,,,,,,,,
450501,2010,2010-08-17,Cambusdoon New Ground,1,5.2,Afghanistan,Scotland,Nawroz Mangal,Javed Ahmadi,MA Parker,2,0,,,,,,,,,
450501,2010,2010-08-17,Cambusdoon New Ground,1,5.3,Afghanistan,Scotland,Nawroz Mangal,Javed Ahmadi,MA Parker,0,0,,,,,,,,,
450501,2010,2010-08-17,Cambusdoon New Ground,1,5.4,Afghanistan,Scotland,Nawroz Mangal,Javed Ahmadi,MA Parker,0,0,,,,,,,,,
450501,2010,2010-08-17,Cambusdoon New Ground,1,5.5,Afghanistan,Scotland,Nawroz Mangal,Javed Ahmadi,MA Parker,0,1,,,,1,,,,,
450501,2010,2010-08-17,Cambusdoon New Ground,1,5.6,Afghanistan,Scotland,Javed Ahmadi,Nawroz Mangal,MA Parker,0,0,,,,,,,,,
450501,2010,2010-08-17,Cambusdoon New Ground,1,6.1,Afghanistan,Scotland,Nawroz Mangal,Javed Ahmadi,JH Davey,0,0,,,,,,,,,
450501,2010,2010-08-17,Cambusdoon New Ground,1,6.2,Afghanistan,Scotland,Nawroz Mangal,Javed Ahmadi,JH Davey,0,0,,,,,,,,,
450501,2010,2010-08-17,Cambusdoon New Ground,1,6.3,Afghanistan,Scotland,Nawroz Mangal,Javed Ahmadi,JH Davey,0,0,,,,,,,,,
450501,2010,2010-08-17,Cambusdoon New Ground,1,6.4,Afghanistan,Scotland,Nawroz Mangal,Javed Ahmadi,JH Davey,0,0,,,,,,,,,
450501,2010,2010-08-17,Cambusdoon New Ground,1,6.5,Afghanistan,Scotland,Nawroz Mangal,Javed Ahmadi,JH Davey,0,0,,,,,,,,,
450501,2010,2010-08-17,Cambusdoon New Ground,1,6.6,Afghanistan,Scotland,Nawroz Mangal,Javed Ahmadi,JH Davey,2,0,,,,,,,,,
450501,2010,2010-08-17,Cambusdoon New Ground,1,7.1,Afghanistan,Scotland,Javed Ahmadi,Nawroz Mangal,MA Parker,1,0,,,,,,,,,
450501,2010,2010-08-17,Cambusdoon New Ground,1,7.2,Afghanistan,Scotland,Nawroz Mangal,Javed Ahmadi,MA Parker,0,0,,,,,,,,,
450501,2010,2010-08-17,Cambusdoon New Ground,1,7.3,Afghanistan,Scotland,Nawroz Mangal,Javed Ahmadi,MA Parker,0,0,,,,,,,,,
450501,2010,2010-08-17,Cambusdoon New Ground,1,7.4,Afghanistan,Scotland,Nawroz Mangal,Javed Ahmadi,MA Parker,0,0,,,,,,,,,
450501,2010,2010-08-17,Cambusdoon New Ground,1,7.5,Afghanistan,Scotland,Nawroz Mangal,Javed Ahmadi,MA Parker,1,0,,,,,,,,,
450501,2010,2010-08-17,Cambusdoon New Ground,1,7.6,Afghanistan,Scotland,Javed Ahmadi,Nawroz Mangal,MA Parker,0,0,,,,,,,,,
450501,2010,2010-08-17,Cambusdoon New Ground,1,8.1,Afghanistan,Scotland,Nawroz Mangal,Javed Ahmadi,JH Davey,0,0,,,,,,,,,
450501,2010,2010-08-17,Cambusdoon New Ground,1,8.2,Afghanistan,Scotland,Nawroz Mangal,Javed Ahmadi,JH Davey,0,0,,,,,,,,,
450501,2010,2010-08-17,Cambusdoon New Ground,1,8.3,Afghanistan,Scotland,Nawroz Mangal,Javed Ahmadi,JH Davey,0,0,,,,,,caught and bowled,Nawroz Mangal,,
450501,2010,2010-08-17,Cambusdoon New Ground,1,8.4,Afghanistan,Scotland,Asghar Stanikzai,Javed Ahmadi,JH Davey,0,0,,,,,,,,,
450501,2010,2010-08-17,Cambusdoon New Ground,1,8.5,Afghanistan,Scotland,Asghar Stanikzai,Javed Ahmadi,JH Davey,0,0,,,,,,,,,
450501,2010,2010-08-17,Cambusdoon New Ground,1,8.6,Afghanistan,Scotland,Asghar Stanikzai,Javed Ahmadi,JH Davey,0,0,,,,,,,,,
450501,2010,2010-08-17,Cambusdoon New Ground,1,9.1,Afghanistan,Scotland,Javed Ahmadi,Asghar Stanikzai,MA Parker,0,0,,,,,,,,,
450501,2010,2010-08-17,Cambusdoon New Ground,1,9.2,Afghanistan,Scotland,Javed Ahmadi,Asghar Stanikzai,MA Parker,1,0,,,,,,,,,
450501,2010,2010-08-17,Cambusdoon New Ground,1,9.3,Afghanistan,Scotland,Asghar Stanikzai,Javed Ahmadi,MA Parker,0,1,,,,1,,,,,
450501,2010,2010-08-17,Cambusdoon New Ground,1,9.4,Afghanistan,Scotland,Javed Ahmadi,Asghar Stanikzai,MA Parker,0,0,,,,,,,,,
450501,2010,2010-08-17,Cambusdoon New Ground,1,9.5,Afghanistan,Scotland,Javed Ahmadi,Asghar Stanikzai,MA Parker,0,0,,,,,,,,,
450501,2010,2010-08-17,Cambusdoon New Ground,1,9.6,Afghanistan,Scotland,Javed Ahmadi,Asghar Stanikzai,MA Parker,0,0,,,,,,,,,
450501,2010,2010-08-17,Cambusdoon New Ground,1,10.1,Afghanistan,Scotland,Asghar Stanikzai,Javed Ahmadi,JH Davey,0,0,,,,,,lbw,Asghar Stanikzai,,
450501,2010,2010-08-17,Cambusdoon New Ground,1,10.2,Afghanistan,Scotland,Noor-ul-Haq,Javed Ahmadi,JH Davey,0,0,,,,,,,,,
450501,2010,2010-08-17,Cambusdoon New Ground,1,10.3,Afghanistan,Scotland,Noor-ul-Haq,Javed Ahmadi,JH Davey,0,0,,,,,,,,,
450501,2010,2010-08-17,Cambusdoon New Ground,1,10.4,Afghanistan,Scotland,Noor-ul-Haq,Javed Ahmadi,JH Davey,0,0,,,,,,,,,
450501,2010,2010-08-17,Cambusdoon New Ground,1,10.5,Afghanistan,Scotland,Noor-ul-Haq,Javed Ahmadi,JH Davey,0,0,,,,,,,,,
450501,2010,2010-08-17,Cambusdoon New Ground,1,10.6,Afghanistan,Scotland,Noor-ul-Haq,Javed Ahmadi,JH Davey,0,0,,,,,,,,,
450501,2010,2010-08-17,Cambusdoon New Ground,1,11.1,Afghanistan,Scotland,Javed Ahmadi,Noor-ul-Haq,MA Parker,2,0,,,,,,,,,
450501,2010,2010-08-17,Cambusdoon New Ground,1,11.2,Afghanistan,Scotland,Javed Ahmadi,Noor-ul-Haq,MA Parker,4,0,,,,,,,,,
450501,2010,2010-08-17,Cambusdoon New Ground,1,11.3,Afghanistan,Scotland,Javed Ahmadi,Noor-ul-Haq,MA Parker,0,0,,,,,,,,,
450501,2010,2010-08-17,Cambusdoon New Ground,1,11.4,Afghanistan,Scotland,Javed Ahmadi,Noor-ul-Haq,MA Parker,0,0,,,,,,,,,
450501,2010,2010-08-17,Cambusdoon New Ground,1,11.5,Afghanistan,Scotland,Javed Ahmadi,Noor-ul-Haq,MA Parker,0,0,,,,,,,,,
450501,2010,2010-08-17,Cambusdoon New Ground,1,11.6,Afghanistan,Scotland,Javed Ahmadi,Noor-ul-Haq,MA Parker,0,0,,,,,,,,,
450501,2010,2010-08-17,Cambusdoon New Ground,1,12.1,Afghanistan,Scotland,Noor-ul-Haq,Javed Ahmadi,JH Davey,0,0,,,,,,,,,
450501,2010,2010-08-17,Cambusdoon New Ground,1,12.2,Afghanistan,Scotland,Noor-ul-Haq,Javed Ahmadi,JH Davey,1,0,,,,,,,,,
450501,2010,2010-08-17,Cambusdoon New Ground,1,12.3,Afghanistan,Scotland,Javed Ahmadi,Noor-ul-Haq,JH Davey,2,0,,,,,,,,,
450501,2010,2010-08-17,Cambusdoon New Ground,1,12.4,Afghanistan,Scotland,Javed Ahmadi,Noor-ul-Haq,JH Davey,0,0,,,,,,caught and bowled,Javed Ahmadi,,
450501,2010,2010-08-17,Cambusdoon New Ground,1,12.5,Afghanistan,Scotland,Mohammad Nabi,Noor-ul-Haq,JH Davey,0,0,,,,,,,,,
450501,2010,2010-08-17,Cambusdoon New Ground,1,12.6,Afghanistan,Scotland,Mohammad Nabi,Noor-ul-Haq,JH Davey,0,0,,,,,,,,,
450501,2010,2010-08-17,Cambusdoon New Ground,1,13.1,Afghanistan,Scotland,Noor-ul-Haq,Mohammad Nabi,MA Parker,0,0,,,,,,,,,
450501,2010,2010-08-17,Cambusdoon New Ground,1,13.2,Afghanistan,Scotland,Noor-ul-Haq,Mohammad Nabi,MA Parker,0,0,,,,,,,,,
450501,2010,2010-08-17,Cambusdoon New Ground,1,13.3,Afghanistan,Scotland,Noor-ul-Haq,Mohammad Nabi,MA Parker,0,0,,,,,,,,,
450501,2010,2010-08-17,Cambusdoon New Ground,1,13.4,Afghanistan,Scotland,Noor-ul-Haq,Mohammad Nabi,MA Parker,0,0,,,,,,,,,
450501,2010,2010-08-17,Cambusdoon New Ground,1,13.5,Afghanistan,Scotland,Noor-ul-Haq,Mohammad Nabi,MA Parker,0,0,,,,,,,,,
450501,2010,2010-08-17,Cambusdoon New Ground,1,13.6,Afghanistan,Scotland,Noor-ul-Haq,Mohammad Nabi,MA Parker,2,0,,,,,,,,,
450501,2010,2010-08-17,Cambusdoon New Ground,1,14.1,Afghanistan,Scotland,Mohammad Nabi,Noor-ul-Haq,JH Davey,0,0,,,,,,,,,
450501,2010,2010-08-17,Cambusdoon New Ground,1,14.2,Afghanistan,Scotland,Mohammad Nabi,Noor-ul-Haq,JH Davey,0,0,,,,,,,,,
450501,2010,2010-08-17,Cambusdoon New Ground,1,14.3,Afghanistan,Scotland,Mohammad Nabi,Noor-ul-Haq,JH Davey,0,0,,,,,,,,,
450501,2010,2010-08-17,Cambusdoon New Ground,1,14.4,Afghanistan,Scotland,Mohammad Nabi,Noor-ul-Haq,JH Davey,0,0,,,,,,,,,
450501,2010,2010-08-17,Cambusdoon New Ground,1,14.5,Afghanistan,Scotland,Mohammad Nabi,Noor-ul-Haq,JH Davey,2,0,,,,,,,,,
450501,2010,2010-08-17,Cambusdoon New Ground,1,14.6,Afghanistan,Scotland,Mohammad Nabi,Noor-ul-Haq,JH Davey,0,0,,,,,,caught,Mohammad Nabi,,
450501,2010,2010-08-17,Cambusdoon New Ground,1,15.1,Afghanistan,Scotland,Noor-ul-Haq,Samiullah Shenwari,GD Drummond,0,0,,,,,,,,,
450501,2010,2010-08-17,Cambusdoon New Ground,1,15.2,Afghanistan,Scotland,Noor-ul-Haq,Samiullah Shenwari,GD Drummond,0,0,,,,,,,,,
450501,2010,2010-08-17,Cambusdoon New Ground,1,15.3,Afghanistan,Scotland,Noor-ul-Haq,Samiullah Shenwari,GD Drummond,0,0,,,,,,,,,
450501,2010,2010-08-17,Cambusdoon New Ground,1,15.4,Afghanistan,Scotland,Noor-ul-Haq,Samiullah Shenwari,GD Drummond,0,0,,,,,,,,,
450501,2010,2010-08-17,Cambusdoon New Ground,1,15.5,Afghanistan,Scotland,Noor-ul-Haq,Samiullah Shenwari,GD Drummond,1,0,,,,,,,,,
450501,2010,2010-08-17,Cambusdoon New Ground,1,15.6,Afghanistan,Scotland,Samiullah Shenwari,Noor-ul-Haq,GD Drummond,0,0,,,,,,,,,
450501,2010,2010-08-17,Cambusdoon New Ground,1,16.1,Afghanistan,Scotland,Noor-ul-Haq,Samiullah Shenwari,JH Davey,0,0,,,,,,,,,
450501,2010,2010-08-17,Cambusdoon New Ground,1,16.2,Afghanistan,Scotland,Noor-ul-Haq,Samiullah Shenwari,JH Davey,0,0,,,,,,,,,
450501,2010,2010-08-17,Cambusdoon New Ground,1,16.3,Afghanistan,Scotland,Noor-ul-Haq,Samiullah Shenwari,JH Davey,0,0,,,,,,,,,
450501,2010,2010-08-17,Cambusdoon New Ground,1,16.4,Afghanistan,Scotland,Noor-ul-Haq,Samiullah Shenwari,JH Davey,0,0,,,,,,,,,
450501,2010,2010-08-17,Cambusdoon New Ground,1,16.5,Afghanistan,Scotland,Noor-ul-Haq,Samiullah Shenwari,JH Davey,0,0,,,,,,,,,
450501,2010,2010-08-17,Cambusdoon New Ground,1,16.6,Afghanistan,Scotland,Noor-ul-Haq,Samiullah Shenwari,JH Davey,0,0,,,,,,,,,
450501,2010,2010-08-17,Cambusdoon New Ground,1,17.1,Afghanistan,Scotland,Samiullah Shenwari,Noor-ul-Haq,GD Drummond,1,0,,,,,,,,,
450501,2010,2010-08-17,Cambusdoon New Ground,1,17.2,Afghanistan,Scotland,Noor-ul-Haq,Samiullah Shenwari,GD Drummond,1,0,,,,,,,,,
450501,2010,2010-08-17,Cambusdoon New Ground,1,17.3,Afghanistan,Scotland,Samiullah Shenwari,Noor-ul-Haq,GD Drummond,0,0,,,,,,,,,
450501,2010,2010-08-17,Cambusdoon New Ground,1,17.4,Afghanistan,Scotland,Samiullah Shenwari,Noor-ul-Haq,GD Drummond,1,0,,,,,,,,,
450501,2010,2010-08-17,Cambusdoon New Ground,1,17.5,Afghanistan,Scotland,Noor-ul-Haq,Samiullah Shenwari,GD Drummond,0,0,,,,,,,,,
450501,2010,2010-08-17,Cambusdoon New Ground,1,17.6,Afghanistan,Scotland,Noor-ul-Haq,Samiullah Shenwari,GD Drummond,0,0,,,,,,,,,
450501,2010,2010-08-17,Cambusdoon New Ground,1,18.1,Afghanistan,Scotland,Samiullah Shenwari,Noor-ul-Haq,JH Davey,0,0,,,,,,,,,
450501,2010,2010-08-17,Cambusdoon New Ground,1,18.2,Afghanistan,Scotland,Samiullah Shenwari,Noor-ul-Haq,JH Davey,0,0,,,,,,,,,
450501,2010,2010-08-17,Cambusdoon New Ground,1,18.3,Afghanistan,Scotland,Samiullah Shenwari,Noor-ul-Haq,JH Davey,0,1,1,,,,,,,,
450501,2010,2010-08-17,Cambusdoon New Ground,1,18.4,Afghanistan,Scotland,Samiullah Shenwari,Noor-ul-Haq,JH Davey,0,0,,,,,,,,,
450501,2010,2010-08-17,Cambusdoon New Ground,1,18.5,Afghanistan,Scotland,Samiullah Shenwari,Noor-ul-Haq,JH Davey,0,0,,,,,,,,,
450501,2010,2010-08-17,Cambusdoon New Ground,1,18.6,Afghanistan,Scotland,Samiullah Shenwari,Noor-ul-Haq,JH Davey,0,0,,,,,,,,,
450501,2010,2010-08-17,Cambusdoon New Ground,1,18.7,Afghanistan,Scotland,Samiullah Shenwari,Noor-ul-Haq,JH Davey,1,0,,,,,,,,,
450501,2010,2010-08-17,Cambusdoon New Ground,1,19.1,Afghanistan,Scotland,Samiullah Shenwari,Noor-ul-Haq,GD Drummond,0,0,,,,,,,,,
450501,2010,2010-08-17,Cambusdoon New Ground,1,19.2,Afghanistan,Scotland,Samiullah Shenwari,Noor-ul-Haq,GD Drummond,0,0,,,,,,,,,
450501,2010,2010-08-17,Cambusdoon New Ground,1,19.3,Afghanistan,Scotland,Samiullah Shenwari,Noor-ul-Haq,GD Drummond,1,0,,,,,,,,,
450501,2010,2010-08-17,Cambusdoon New Ground,1,19.4,Afghanistan,Scotland,Noor-ul-Haq,Samiullah Shenwari,GD Drummond,1,0,,,,,,,,,
450501,2010,2010-08-17,Cambusdoon New Ground,1,19.5,Afghanistan,Scotland,Samiullah Shenwari,Noor-ul-Haq,GD Drummond,0,0,,,,,,,,,
450501,2010,2010-08-17,Cambusdoon New Ground,1,19.6,Afghanistan,Scotland,Samiullah Shenwari,Noor-ul-Haq,GD Drummond,0,0,,,,,,,,,
450501,2010,2010-08-17,Cambusdoon New Ground,1,20.1,Afghanistan,Scotland,Noor-ul-Haq,Samiullah Shenwari,RT Lyons,0,0,,,,,,,,,
450501,2010,2010-08-17,Cambusdoon New Ground,1,20.2,Afghanistan,Scotland,Noor-ul-Haq,Samiullah Shenwari,RT Lyons,0,0,,,,,,,,,
450501,2010,2010-08-17,Cambusdoon New Ground,1,20.3,Afghanistan,Scotland,Noor-ul-Haq,Samiullah Shenwari,RT Lyons,0,0,,,,,,,,,
450501,2010,2010-08-17,Cambusdoon New Ground,1,20.4,Afghanistan,Scotland,Noor-ul-Haq,Samiullah Shenwari,RT Lyons,0,0,,,,,,,,,
450501,2010,2010-08-17,Cambusdoon New Ground,1,20.5,Afghanistan,Scotland,Noor-ul-Haq,Samiullah Shenwari,RT Lyons,0,0,,,,,,,,,
450501,2010,2010-08-17,Cambusdoon New Ground,1,20.6,Afghanistan,Scotland,Noor-ul-Haq,Samiullah Shenwari,RT Lyons,0,0,,,,,,,,,
450501,2010,2010-08-17,Cambusdoon New Ground,1,21.1,Afghanistan,Scotland,Samiullah Shenwari,Noor-ul-Haq,RD Berrington,0,0,,,,,,,,,
450501,2010,2010-08-17,Cambusdoon New Ground,1,21.2,Afghanistan,Scotland,Samiullah Shenwari,Noor-ul-Haq,RD Berrington,2,0,,,,,,,,,
450501,2010,2010-08-17,Cambusdoon New Ground,1,21.3,Afghanistan,Scotland,Samiullah Shenwari,Noor-ul-Haq,RD Berrington,0,0,,,,,,,,,
450501,2010,2010-08-17,Cambusdoon New Ground,1,21.4,Afghanistan,Scotland,Samiullah Shenwari,Noor-ul-Haq,RD Berrington,0,0,,,,,,,,,
450501,2010,2010-08-17,Cambusdoon New Ground,1,21.5,Afghanistan,Scotland,Samiullah Shenwari,Noor-ul-Haq,RD Berrington,0,0,,,,,,,,,
450501,2010,2010-08-17,Cambusdoon New Ground,1,21.6,Afghanistan,Scotland,Samiullah Shenwari,Noor-ul-Haq,RD Berrington,0,0,,,,,,,,,
450501,2010,2010-08-17,Cambusdoon New Ground,1,22.1,Afghanistan,Scotland,Noor-ul-Haq,Samiullah Shenwari,RT Lyons,0,0,,,,,,,,,
450501,2010,2010-08-17,Cambusdoon New Ground,1,22.2,Afghanistan,Scotland,Noor-ul-Haq,Samiullah Shenwari,RT Lyons,0,0,,,,,,,,,
450501,2010,2010-08-17,Cambusdoon New Ground,1,22.3,Afghanistan,Scotland,Noor-ul-Haq,Samiullah Shenwari,RT Lyons,1,0,,,,,,,,,
450501,2010,2010-08-17,Cambusdoon New Ground,1,22.4,Afghanistan,Scotland,Samiullah Shenwari,Noor-ul-Haq,RT Lyons,0,0,,,,,,,,,
450501,2010,2010-08-17,Cambusdoon New Ground,1,22.5,Afghanistan,Scotland,Samiullah Shenwari,Noor-ul-Haq,RT Lyons,0,0,,,,,,,,,
450501,2010,2010-08-17,Cambusdoon New Ground,1,22.6,Afghanistan,Scotland,Samiullah Shenwari,Noor-ul-Haq,RT Lyons,0,0,,,,,,,,,
450501,2010,2010-08-17,Cambusdoon New Ground,1,23.1,Afghanistan,Scotland,Noor-ul-Haq,Samiullah Shenwari,RD Berrington,0,1,,,,1,,,,,
450501,2010,2010-08-17,Cambusdoon New Ground,1,23.2,Afghanistan,Scotland,Samiullah Shenwari,Noor-ul-Haq,RD Berrington,4,0,,,,,,,,,
450501,2010,2010-08-17,Cambusdoon New Ground,1,23.3,Afghanistan,Scotland,Samiullah Shenwari,Noor-ul-Haq,RD Berrington,0,1,1,,,,,,,,
450501,2010,2010-08-17,Cambusdoon New Ground,1,23.4,Afghanistan,Scotland,Samiullah Shenwari,Noor-ul-Haq,RD Berrington,1,0,,,,,,,,,
450501,2010,2010-08-17,Cambusdoon New Ground,1,23.5,Afghanistan,Scotland,Noor-ul-Haq,Samiullah Shenwari,RD Berrington,0,0,,,,,,,,,
450501,2010,2010-08-17,Cambusdoon New Ground,1,23.6,Afghanistan,Scotland,Noor-ul-Haq,Samiullah Shenwari,RD Berrington,1,0,,,,,,,,,
450501,2010,2010-08-17,Cambusdoon New Ground,1,23.7,Afghanistan,Scotland,Samiullah Shenwari,Noor-ul-Haq,RD Berrington,1,0,,,,,,,,,
450501,2010,2010-08-17,Cambusdoon New Ground,1,24.1,Afghanistan,Scotland,Samiullah Shenwari,Noor-ul-Haq,RT Lyons,0,0,,,,,,,,,
450501,2010,2010-08-17,Cambusdoon New Ground,1,24.2,Afghanistan,Scotland,Samiullah Shenwari,Noor-ul-Haq,RT Lyons,1,0,,,,,,,,,
450501,2010,2010-08-17,Cambusdoon New Ground,1,24.3,Afghanistan,Scotland,Noor-ul-Haq,Samiullah Shenwari,RT Lyons,0,0,,,,,,,,,
450501,2010,2010-08-17,Cambusdoon New Ground,1,24.4,Afghanistan,Scotland,Noor-ul-Haq,Samiullah Shenwari,RT Lyons,0,0,,,,,,,,,
450501,2010,2010-08-17,Cambusdoon New Ground,1,24.5,Afghanistan,Scotland,Noor-ul-Haq,Samiullah Shenwari,RT Lyons,0,0,,,,,,,,,
450501,2010,2010-08-17,Cambusdoon New Ground,1,24.6,Afghanistan,Scotland,Noor-ul-Haq,Samiullah Shenwari,RT Lyons,0,0,,,,,,,,,
450501,2010,2010-08-17,Cambusdoon New Ground,1,25.1,Afghanistan,Scotland,Samiullah Shenwari,Noor-ul-Haq,RM Haq,0,3,3,,,,,,,,
450501,2010,2010-08-17,Cambusdoon New Ground,1,25.2,Afghanistan,Scotland,Samiullah Shenwari,Noor-ul-Haq,RM Haq,0,0,,,,,,,,,
450501,2010,2010-08-17,Cambusdoon New Ground,1,25.3,Afghanistan,Scotland,Samiullah Shenwari,Noor-ul-Haq,RM Haq,0,0,,,,,,,,,
450501,2010,2010-08-17,Cambusdoon New Ground,1,25.4,Afghanistan,Scotland,Samiullah Shenwari,Noor-ul-Haq,RM Haq,4,0,,,,,,,,,
450501,2010,2010-08-17,Cambusdoon New Ground,1,25.5,Afghanistan,Scotland,Samiullah Shenwari,Noor-ul-Haq,RM Haq,2,0,,,,,,,,,
450501,2010,2010-08-17,Cambusdoon New Ground,1,25.6,Afghanistan,Scotland,Samiullah Shenwari,Noor-ul-Haq,RM Haq,0,0,,,,,,,,,
450501,2010,2010-08-17,Cambusdoon New Ground,1,25.7,Afghanistan,Scotland,Samiullah Shenwari,Noor-ul-Haq,RM Haq,0,0,,,,,,,,,
450501,2010,2010-08-17,Cambusdoon New Ground,1,26.1,Afghanistan,Scotland,Noor-ul-Haq,Samiullah Shenwari,RT Lyons,0,0,,,,,,,,,
450501,2010,2010-08-17,Cambusdoon New Ground,1,26.2,Afghanistan,Scotland,Noor-ul-Haq,Samiullah Shenwari,RT Lyons,1,0,,,,,,,,,
450501,2010,2010-08-17,Cambusdoon New Ground,1,26.3,Afghanistan,Scotland,Samiullah Shenwari,Noor-ul-Haq,RT Lyons,0,0,,,,,,,,,
450501,2010,2010-08-17,Cambusdoon New Ground,1,26.4,Afghanistan,Scotland,Samiullah Shenwari,Noor-ul-Haq,RT Lyons,0,0,,,,,,,,,
450501,2010,2010-08-17,Cambusdoon New Ground,1,26.5,Afghanistan,Scotland,Samiullah Shenwari,Noor-ul-Haq,RT Lyons,0,0,,,,,,,,,
450501,2010,2010-08-17,Cambusdoon New Ground,1,26.6,Afghanistan,Scotland,Samiullah Shenwari,Noor-ul-Haq,RT Lyons,0,0,,,,,,,,,
450501,2010,2010-08-17,Cambusdoon New Ground,1,27.1,Afghanistan,Scotland,Noor-ul-Haq,Samiullah Shenwari,RM Haq,0,0,,,,,,,,,
450501,2010,2010-08-17,Cambusdoon New Ground,1,27.2,Afghanistan,Scotland,Noor-ul-Haq,Samiullah Shenwari,RM Haq,1,0,,,,,,,,,
450501,2010,2010-08-17,Cambusdoon New Ground,1,27.3,Afghanistan,Scotland,Samiullah Shenwari,Noor-ul-Haq,RM Haq,0,0,,,,,,,,,
450501,2010,2010-08-17,Cambusdoon New Ground,1,27.4,Afghanistan,Scotland,Samiullah Shenwari,Noor-ul-Haq,RM Haq,4,0,,,,,,,,,
450501,2010,2010-08-17,Cambusdoon New Ground,1,27.5,Afghanistan,Scotland,Samiullah Shenwari,Noor-ul-Haq,RM Haq,0,0,,,,,,,,,
450501,2010,2010-08-17,Cambusdoon New Ground,1,27.6,Afghanistan,Scotland,Samiullah Shenwari,Noor-ul-Haq,RM Haq,0,0,,,,,,,,,
450501,2010,2010-08-17,Cambusdoon New Ground,1,28.1,Afghanistan,Scotland,Noor-ul-Haq,Samiullah Shenwari,RT Lyons,0,0,,,,,,,,,
450501,2010,2010-08-17,Cambusdoon New Ground,1,28.2,Afghanistan,Scotland,Noor-ul-Haq,Samiullah Shenwari,RT Lyons,0,0,,,,,,,,,
450501,2010,2010-08-17,Cambusdoon New Ground,1,28.3,Afghanistan,Scotland,Noor-ul-Haq,Samiullah Shenwari,RT Lyons,0,0,,,,,,,,,
450501,2010,2010-08-17,Cambusdoon New Ground,1,28.4,Afghanistan,Scotland,Noor-ul-Haq,Samiullah Shenwari,RT Lyons,2,0,,,,,,,,,
450501,2010,2010-08-17,Cambusdoon New Ground,1,28.5,Afghanistan,Scotland,Noor-ul-Haq,Samiullah Shenwari,RT Lyons,0,0,,,,,,,,,
450501,2010,2010-08-17,Cambusdoon New Ground,1,28.6,Afghanistan,Scotland,Noor-ul-Haq,Samiullah Shenwari,RT Lyons,0,0,,,,,,,,,
450501,2010,2010-08-17,Cambusdoon New Ground,1,29.1,Afghanistan,Scotland,Samiullah Shenwari,Noor-ul-Haq,RM Haq,6,0,,,,,,,,,
450501,2010,2010-08-17,Cambusdoon New Ground,1,29.2,Afghanistan,Scotland,Samiullah Shenwari,Noor-ul-Haq,RM Haq,0,0,,,,,,,,,
450501,2010,2010-08-17,Cambusdoon New Ground,1,29.3,Afghanistan,Scotland,Samiullah Shenwari,Noor-ul-Haq,RM Haq,0,0,,,,,,,,,
450501,2010,2010-08-17,Cambusdoon New Ground,1,29.4,Afghanistan,Scotland,Samiullah Shenwari,Noor-ul-Haq,RM Haq,0,0,,,,,,,,,
450501,2010,2010-08-17,Cambusdoon New Ground,1,29.5,Afghanistan,Scotland,Samiullah Shenwari,Noor-ul-Haq,RM Haq,0,0,,,,,,,,,
450501,2010,2010-08-17,Cambusdoon New Ground,1,29.6,Afghanistan,Scotland,Samiullah Shenwari,Noor-ul-Haq,RM Haq,1,0,,,,,,,,,
450501,2010,2010-08-17,Cambusdoon New Ground,1,30.1,Afghanistan,Scotland,Samiullah Shenwari,Noor-ul-Haq,RT Lyons,1,0,,,,,,,,,
450501,2010,2010-08-17,Cambusdoon New Ground,1,30.2,Afghanistan,Scotland,Noor-ul-Haq,Samiullah Shenwari,RT Lyons,0,0,,,,,,,,,
450501,2010,2010-08-17,Cambusdoon New Ground,1,30.3,Afghanistan,Scotland,Noor-ul-Haq,Samiullah Shenwari,RT Lyons,0,0,,,,,,caught,Noor-ul-Haq,,
450501,2010,2010-08-17,Cambusdoon New Ground,1,30.4,Afghanistan,Scotland,Mirwais Ashraf,Samiullah Shenwari,RT Lyons,0,0,,,,,,,,,
450501,2010,2010-08-17,Cambusdoon New Ground,1,30.5,Afghanistan,Scotland,Mirwais Ashraf,Samiullah Shenwari,RT Lyons,0,0,,,,,,,,,
450501,2010,2010-08-17,Cambusdoon New Ground,1,30.6,Afghanistan,Scotland,Mirwais Ashraf,Samiullah Shenwari,RT Lyons,0,0,,,,,,,,,
450501,2010,2010-08-17,Cambusdoon New Ground,1,31.1,Afghanistan,Scotland,Samiullah Shenwari,Mirwais Ashraf,RM Haq,4,0,,,,,,,,,
450501,2010,2010-08-17,Cambusdoon New Ground,1,31.2,Afghanistan,Scotland,Samiullah Shenwari,Mirwais Ashraf,RM Haq,0,0,,,,,,,,,
450501,2010,2010-08-17,Cambusdoon New Ground,1,31.3,Afghanistan,Scotland,Samiullah Shenwari,Mirwais Ashraf,RM Haq,0,0,,,,,,,,,
450501,2010,2010-08-17,Cambusdoon New Ground,1,31.4,Afghanistan,Scotland,Samiullah Shenwari,Mirwais Ashraf,RM Haq,0,0,,,,,,,,,
450501,2010,2010-08-17,Cambusdoon New Ground,1,31.5,Afghanistan,Scotland,Samiullah Shenwari,Mirwais Ashraf,RM Haq,0,0,,,,,,,,,
450501,2010,2010-08-17,Cambusdoon New Ground,1,31.6,Afghanistan,Scotland,Samiullah Shenwari,Mirwais Ashraf,RM Haq,0,0,,,,,,,,,
450501,2010,2010-08-17,Cambusdoon New Ground,1,32.1,Afghanistan,Scotland,Mirwais Ashraf,Samiullah Shenwari,RT Lyons,0,0,,,,,,,,,
450501,2010,2010-08-17,Cambusdoon New Ground,1,32.2,Afghanistan,Scotland,Mirwais Ashraf,Samiullah Shenwari,RT Lyons,0,0,,,,,,,,,
450501,2010,2010-08-17,Cambusdoon New Ground,1,32.3,Afghanistan,Scotland,Mirwais Ashraf,Samiullah Shenwari,RT Lyons,0,0,,,,,,,,,
450501,2010,2010-08-17,Cambusdoon New Ground,1,32.4,Afghanistan,Scotland,Mirwais Ashraf,Samiullah Shenwari,RT Lyons,0,0,,,,,,,,,
450501,2010,2010-08-17,Cambusdoon New Ground,1,32.5,Afghanistan,Scotland,Mirwais Ashraf,Samiullah Shenwari,RT Lyons,0,0,,,,,,,,,
450501,2010,2010-08-17,Cambusdoon New Ground,1,32.6,Afghanistan,Scotland,Mirwais Ashraf,Samiullah Shenwari,RT Lyons,0,0,,,,,,,,,
450501,2010,2010-08-17,Cambusdoon New Ground,1,33.1,Afghanistan,Scotland,Samiullah Shenwari,Mirwais Ashraf,RM Haq,0,0,,,,,,,,,
450501,2010,2010-08-17,Cambusdoon New Ground,1,33.2,Afghanistan,Scotland,Samiullah Shenwari,Mirwais Ashraf,RM Haq,1,0,,,,,,,,,
450501,2010,2010-08-17,Cambusdoon New Ground,1,33.3,Afghanistan,Scotland,Mirwais Ashraf,Samiullah Shenwari,RM Haq,0,0,,,,,,,,,
450501,2010,2010-08-17,Cambusdoon New Ground,1,33.4,Afghanistan,Scotland,Mirwais Ashraf,Samiullah Shenwari,RM Haq,1,0,,,,,,,,,
450501,2010,2010-08-17,Cambusdoon New Ground,1,33.5,Afghanistan,Scotland,Samiullah Shenwari,Mirwais Ashraf,RM Haq,1,0,,,,,,,,,
450501,2010,2010-08-17,Cambusdoon New Ground,1,33.6,Afghanistan,Scotland,Mirwais Ashraf,Samiullah Shenwari,RM Haq,0,0,,,,,,,,,
450501,2010,2010-08-17,Cambusdoon New Ground,1,34.1,Afghanistan,Scotland,Samiullah Shenwari,Mirwais Ashraf,RT Lyons,1,0,,,,,,,,,
450501,2010,2010-08-17,Cambusdoon New Ground,1,34.2,Afghanistan,Scotland,Mirwais Ashraf,Samiullah Shenwari,RT Lyons,4,0,,,,,,,,,
450501,2010,2010-08-17,Cambusdoon New Ground,1,34.3,Afghanistan,Scotland,Mirwais Ashraf,Samiullah Shenwari,RT Lyons,0,0,,,,,,,,,
450501,2010,2010-08-17,Cambusdoon New Ground,1,34.4,Afghanistan,Scotland,Mirwais Ashraf,Samiullah Shenwari,RT Lyons,0,0,,,,,,,,,
450501,2010,2010-08-17,Cambusdoon New Ground,1,34.5,Afghanistan,Scotland,Mirwais Ashraf,Samiullah Shenwari,RT Lyons,0,0,,,,,,,,,
450501,2010,2010-08-17,Cambusdoon New Ground,1,34.6,Afghanistan,Scotland,Mirwais Ashraf,Samiullah Shenwari,RT Lyons,1,0,,,,,,,,,
450501,2010,2010-08-17,Cambusdoon New Ground,1,35.1,Afghanistan,Scotland,Mirwais Ashraf,Samiullah Shenwari,RM Haq,0,0,,,,,,,,,
450501,2010,2010-08-17,Cambusdoon New Ground,1,35.2,Afghanistan,Scotland,Mirwais Ashraf,Samiullah Shenwari,RM Haq,1,0,,,,,,,,,
450501,2010,2010-08-17,Cambusdoon New Ground,1,35.3,Afghanistan,Scotland,Samiullah Shenwari,Mirwais Ashraf,RM Haq,1,0,,,,,,,,,
450501,2010,2010-08-17,Cambusdoon New Ground,1,35.4,Afghanistan,Scotland,Mirwais Ashraf,Samiullah Shenwari,RM Haq,0,1,,,1,,,,,,
450501,2010,2010-08-17,Cambusdoon New Ground,1,35.5,Afghanistan,Scotland,Samiullah Shenwari,Mirwais Ashraf,RM Haq,0,0,,,,,,,,,
450501,2010,2010-08-17,Cambusdoon New Ground,1,35.6,Afghanistan,Scotland,Samiullah Shenwari,Mirwais Ashraf,RM Haq,1,0,,,,,,,,,
450501,2010,2010-08-17,Cambusdoon New Ground,1,36.1,Afghanistan,Scotland,Samiullah Shenwari,Mirwais Ashraf,RT Lyons,0,0,,,,,,,,,
450501,2010,2010-08-17,Cambusdoon New Ground,1,36.2,Afghanistan,Scotland,Samiullah Shenwari,Mirwais Ashraf,RT Lyons,0,0,,,,,,,,,
450501,2010,2010-08-17,Cambusdoon New Ground,1,36.3,Afghanistan,Scotland,Samiullah Shenwari,Mirwais Ashraf,RT Lyons,4,0,,,,,,,,,
450501,2010,2010-08-17,Cambusdoon New Ground,1,36.4,Afghanistan,Scotland,Samiullah Shenwari,Mirwais Ashraf,RT Lyons,0,0,,,,,,,,,
450501,2010,2010-08-17,Cambusdoon New Ground,1,36.5,Afghanistan,Scotland,Samiullah Shenwari,Mirwais Ashraf,RT Lyons,0,0,,,,,,,,,
450501,2010,2010-08-17,Cambusdoon New Ground,1,36.6,Afghanistan,Scotland,Samiullah Shenwari,Mirwais Ashraf,RT Lyons,0,0,,,,,,,,,
450501,2010,2010-08-17,Cambusdoon New Ground,1,37.1,Afghanistan,Scotland,Mirwais Ashraf,Samiullah Shenwari,RM Haq,0,0,,,,,,lbw,Mirwais Ashraf,,
450501,2010,2010-08-17,Cambusdoon New Ground,1,37.2,Afghanistan,Scotland,Hamid Hassan,Samiullah Shenwari,RM Haq,0,0,,,,,,,,,
450501,2010,2010-08-17,Cambusdoon New Ground,1,37.3,Afghanistan,Scotland,Hamid Hassan,Samiullah Shenwari,RM Haq,0,0,,,,,,,,,
450501,2010,2010-08-17,Cambusdoon New Ground,1,37.4,Afghanistan,Scotland,Hamid Hassan,Samiullah Shenwari,RM Haq,0,1,,,,1,,,,,
450501,2010,2010-08-17,Cambusdoon New Ground,1,37.5,Afghanistan,Scotland,Samiullah Shenwari,Hamid Hassan,RM Haq,1,0,,,,,,,,,
450501,2010,2010-08-17,Cambusdoon New Ground,1,37.6,Afghanistan,Scotland,Hamid Hassan,Samiullah Shenwari,RM Haq,0,0,,,,,,,,,
450501,2010,2010-08-17,Cambusdoon New Ground,1,38.1,Afghanistan,Scotland,Samiullah Shenwari,Hamid Hassan,GD Drummond,1,0,,,,,,,,,
450501,2010,2010-08-17,Cambusdoon New Ground,1,38.2,Afghanistan,Scotland,Hamid Hassan,Samiullah Shenwari,GD Drummond,0,0,,,,,,,,,
450501,2010,2010-08-17,Cambusdoon New Ground,1,38.3,Afghanistan,Scotland,Hamid Hassan,Samiullah Shenwari,GD Drummond,0,0,,,,,,,,,
450501,2010,2010-08-17,Cambusdoon New Ground,1,38.4,Afghanistan,Scotland,Hamid Hassan,Samiullah Shenwari,GD Drummond,0,0,,,,,,,,,
450501,2010,2010-08-17,Cambusdoon New Ground,1,38.5,Afghanistan,Scotland,Hamid Hassan,Samiullah Shenwari,GD Drummond,1,0,,,,,,,,,
450501,2010,2010-08-17,Cambusdoon New Ground,1,38.6,Afghanistan,Scotland,Samiullah Shenwari,Hamid Hassan,GD Drummond,0,0,,,,,,,,,
450501,2010,2010-08-17,Cambusdoon New Ground,1,39.1,Afghanistan,Scotland,Hamid Hassan,Samiullah Shenwari,MA Parker,0,0,,,,,,,,,
450501,2010,2010-08-17,Cambusdoon New Ground,1,39.2,Afghanistan,Scotland,Hamid Hassan,Samiullah Shenwari,MA Parker,0,0,,,,,,,,,
450501,2010,2010-08-17,Cambusdoon New Ground,1,39.3,Afghanistan,Scotland,Hamid Hassan,Samiullah Shenwari,MA Parker,0,0,,,,,,,,,
450501,2010,2010-08-17,Cambusdoon New Ground,1,39.4,Afghanistan,Scotland,Hamid Hassan,Samiullah Shenwari,MA Parker,0,0,,,,,,caught,Hamid Hassan,,
450501,2010,2010-08-17,Cambusdoon New Ground,1,39.5,Afghanistan,Scotland,Shapoor Zadran,Samiullah Shenwari,MA Parker,0,0,,,,,,,,,
450501,2010,2010-08-17,Cambusdoon New Ground,1,39.6,Afghanistan,Scotland,Shapoor Zadran,Samiullah Shenwari,MA Parker,0,0,,,,,,,,,
450501,2010,2010-08-17,Cambusdoon New Ground,1,40.1,Afghanistan,Scotland,Samiullah Shenwari,Shapoor Zadran,JH Davey,0,0,,,,,,,,,
450501,2010,2010-08-17,Cambusdoon New Ground,1,40.2,Afghanistan,Scotland,Samiullah Shenwari,Shapoor Zadran,JH Davey,0,0,,,,,,caught,Samiullah Shenwari,,
450501,2010,2010-08-17,Cambusdoon New Ground,2,0.1,Scotland,Afghanistan,GM Hamilton,DF Watts,Shapoor Zadran,0,0,,,,,,,,,
450501,2010,2010-08-17,Cambusdoon New Ground,2,0.2,Scotland,Afghanistan,GM Hamilton,DF Watts,Shapoor Zadran,0,0,,,,,,,,,
450501,2010,2010-08-17,Cambusdoon New Ground,2,0.3,Scotland,Afghanistan,GM Hamilton,DF Watts,Shapoor Zadran,0,0,,,,,,,,,
450501,2010,2010-08-17,Cambusdoon New Ground,2,0.4,Scotland,Afghanistan,GM Hamilton,DF Watts,Shapoor Zadran,0,0,,,,,,,,,
450501,2010,2010-08-17,Cambusdoon New Ground,2,0.5,Scotland,Afghanistan,GM Hamilton,DF Watts,Shapoor Zadran,0,0,,,,,,,,,
450501,2010,2010-08-17,Cambusdoon New Ground,2,0.6,Scotland,Afghanistan,GM Hamilton,DF Watts,Shapoor Zadran,0,0,,,,,,,,,
450501,2010,2010-08-17,Cambusdoon New Ground,2,1.1,Scotland,Afghanistan,DF Watts,GM Hamilton,Mirwais Ashraf,0,0,,,,,,,,,
450501,2010,2010-08-17,Cambusdoon New Ground,2,1.2,Scotland,Afghanistan,DF Watts,GM Hamilton,Mirwais Ashraf,0,0,,,,,,,,,
450501,2010,2010-08-17,Cambusdoon New Ground,2,1.3,Scotland,Afghanistan,DF Watts,GM Hamilton,Mirwais Ashraf,1,0,,,,,,,,,
450501,2010,2010-08-17,Cambusdoon New Ground,2,1.4,Scotland,Afghanistan,GM Hamilton,DF Watts,Mirwais Ashraf,1,0,,,,,,,,,
450501,2010,2010-08-17,Cambusdoon New Ground,2,1.5,Scotland,Afghanistan,DF Watts,GM Hamilton,Mirwais Ashraf,0,0,,,,,,,,,
450501,2010,2010-08-17,Cambusdoon New Ground,2,1.6,Scotland,Afghanistan,DF Watts,GM Hamilton,Mirwais Ashraf,3,0,,,,,,,,,
450501,2010,2010-08-17,Cambusdoon New Ground,2,2.1,Scotland,Afghanistan,DF Watts,GM Hamilton,Shapoor Zadran,0,0,,,,,,,,,
450501,2010,2010-08-17,Cambusdoon New Ground,2,2.2,Scotland,Afghanistan,DF Watts,GM Hamilton,Shapoor Zadran,1,0,,,,,,,,,
450501,2010,2010-08-17,Cambusdoon New Ground,2,2.3,Scotland,Afghanistan,GM Hamilton,DF Watts,Shapoor Zadran,1,0,,,,,,,,,
450501,2010,2010-08-17,Cambusdoon New Ground,2,2.4,Scotland,Afghanistan,DF Watts,GM Hamilton,Shapoor Zadran,2,0,,,,,,,,,
450501,2010,2010-08-17,Cambusdoon New Ground,2,2.5,Scotland,Afghanistan,DF Watts,GM Hamilton,Shapoor Zadran,0,0,,,,,,,,,
450501,2010,2010-08-17,Cambusdoon New Ground,2,2.6,Scotland,Afghanistan,DF Watts,GM Hamilton,Shapoor Zadran,0,1,1,,,,,,,,
450501,2010,2010-08-17,Cambusdoon New Ground,2,2.7,Scotland,Afghanistan,DF Watts,GM Hamilton,Shapoor Zadran,1,0,,,,,,,,,
450501,2010,2010-08-17,Cambusdoon New Ground,2,3.1,Scotland,Afghanistan,DF Watts,GM Hamilton,Mirwais Ashraf,1,0,,,,,,,,,
450501,2010,2010-08-17,Cambusdoon New Ground,2,3.2,Scotland,Afghanistan,GM Hamilton,DF Watts,Mirwais Ashraf,0,0,,,,,,,,,
450501,2010,2010-08-17,Cambusdoon New Ground,2,3.3,Scotland,Afghanistan,GM Hamilton,DF Watts,Mirwais Ashraf,0,0,,,,,,,,,
450501,2010,2010-08-17,Cambusdoon New Ground,2,3.4,Scotland,Afghanistan,GM Hamilton,DF Watts,Mirwais Ashraf,0,0,,,,,,,,,
450501,2010,2010-08-17,Cambusdoon New Ground,2,3.5,Scotland,Afghanistan,GM Hamilton,DF Watts,Mirwais Ashraf,0,0,,,,,,caught,GM Hamilton,,
450501,2010,2010-08-17,Cambusdoon New Ground,2,3.6,Scotland,Afghanistan,R Flannigan,DF Watts,Mirwais Ashraf,0,0,,,,,,,,,
450501,2010,2010-08-17,Cambusdoon New Ground,2,4.1,Scotland,Afghanistan,DF Watts,R Flannigan,Shapoor Zadran,0,0,,,,,,,,,
450501,2010,2010-08-17,Cambusdoon New Ground,2,4.2,Scotland,Afghanistan,DF Watts,R Flannigan,Shapoor Zadran,0,0,,,,,,,,,
450501,2010,2010-08-17,Cambusdoon New Ground,2,4.3,Scotland,Afghanistan,DF Watts,R Flannigan,Shapoor Zadran,0,0,,,,,,,,,
450501,2010,2010-08-17,Cambusdoon New Ground,2,4.4,Scotland,Afghanistan,DF Watts,R Flannigan,Shapoor Zadran,0,0,,,,,,,,,
450501,2010,2010-08-17,Cambusdoon New Ground,2,4.5,Scotland,Afghanistan,DF Watts,R Flannigan,Shapoor Zadran,0,0,,,,,,,,,
450501,2010,2010-08-17,Cambusdoon New Ground,2,4.6,Scotland,Afghanistan,DF Watts,R Flannigan,Shapoor Zadran,1,0,,,,,,,,,
450501,2010,2010-08-17,Cambusdoon New Ground,2,5.1,Scotland,Afghanistan,DF Watts,R Flannigan,Mirwais Ashraf,0,0,,,,,,,,,
450501,2010,2010-08-17,Cambusdoon New Ground,2,5.2,Scotland,Afghanistan,DF Watts,R Flannigan,Mirwais Ashraf,0,0,,,,,,,,,
450501,2010,2010-08-17,Cambusdoon New Ground,2,5.3,Scotland,Afghanistan,DF Watts,R Flannigan,Mirwais Ashraf,0,0,,,,,,,,,
450501,2010,2010-08-17,Cambusdoon New Ground,2,5.4,Scotland,Afghanistan,DF Watts,R Flannigan,Mirwais Ashraf,0,0,,,,,,,,,
450501,2010,2010-08-17,Cambusdoon New Ground,2,5.5,Scotland,Afghanistan,DF Watts,R Flannigan,Mirwais Ashraf,0,0,,,,,,,,,
450501,2010,2010-08-17,Cambusdoon New Ground,2,5.6,Scotland,Afghanistan,DF Watts,R Flannigan,Mirwais Ashraf,1,0,,,,,,,,,
450501,2010,2010-08-17,Cambusdoon New Ground,2,6.1,Scotland,Afghanistan,DF Watts,R Flannigan,Shapoor Zadran,1,0,,,,,,,,,
450501,2010,2010-08-17,Cambusdoon New Ground,2,6.2,Scotland,Afghanistan,R Flannigan,DF Watts,Shapoor Zadran,0,0,,,,,,caught,R Flannigan,,
450501,2010,2010-08-17,Cambusdoon New Ground,2,6.3,Scotland,Afghanistan,JH Davey,DF Watts,Shapoor Zadran,1,0,,,,,,,,,
450501,2010,2010-08-17,Cambusdoon New Ground,2,6.4,Scotland,Afghanistan,DF Watts,JH Davey,Shapoor Zadran,0,0,,,,,,,,,
450501,2010,2010-08-17,Cambusdoon New Ground,2,6.5,Scotland,Afghanistan,DF Watts,JH Davey,Shapoor Zadran,0,0,,,,,,,,,
450501,2010,2010-08-17,Cambusdoon New Ground,2,6.6,Scotland,Afghanistan,DF Watts,JH Davey,Shapoor Zadran,0,0,,,,,,,,,
450501,2010,2010-08-17,Cambusdoon New Ground,2,7.1,Scotland,Afghanistan,JH Davey,DF Watts,Mirwais Ashraf,0,0,,,,,,,,,
450501,2010,2010-08-17,Cambusdoon New Ground,2,7.2,Scotland,Afghanistan,JH Davey,DF Watts,Mirwais Ashraf,0,0,,,,,,,,,
450501,2010,2010-08-17,Cambusdoon New Ground,2,7.3,Scotland,Afghanistan,JH Davey,DF Watts,Mirwais Ashraf,1,0,,,,,,,,,
450501,2010,2010-08-17,Cambusdoon New Ground,2,7.4,Scotland,Afghanistan,DF Watts,JH Davey,Mirwais Ashraf,0,0,,,,,,,,,
450501,2010,2010-08-17,Cambusdoon New Ground,2,7.5,Scotland,Afghanistan,DF Watts,JH Davey,Mirwais Ashraf,0,0,,,,,,,,,
450501,2010,2010-08-17,Cambusdoon New Ground,2,7.6,Scotland,Afghanistan,DF Watts,JH Davey,Mirwais Ashraf,0,0,,,,,,,,,
450501,2010,2010-08-17,Cambusdoon New Ground,2,8.1,Scotland,Afghanistan,JH Davey,DF Watts,Shapoor Zadran,0,0,,,,,,,,,
450501,2010,2010-08-17,Cambusdoon New Ground,2,8.2,Scotland,Afghanistan,JH Davey,DF Watts,Shapoor Zadran,0,0,,,,,,,,,
450501,2010,2010-08-17,Cambusdoon New Ground,2,8.3,Scotland,Afghanistan,JH Davey,DF Watts,Shapoor Zadran,0,0,,,,,,,,,
450501,2010,2010-08-17,Cambusdoon New Ground,2,8.4,Scotland,Afghanistan,JH Davey,DF Watts,Shapoor Zadran,0,0,,,,,,,,,
450501,2010,2010-08-17,Cambusdoon New Ground,2,8.5,Scotland,Afghanistan,JH Davey,DF Watts,Shapoor Zadran,0,0,,,,,,,,,
450501,2010,2010-08-17,Cambusdoon New Ground,2,8.6,Scotland,Afghanistan,JH Davey,DF Watts,Shapoor Zadran,0,0,,,,,,,,,
450501,2010,2010-08-17,Cambusdoon New Ground,2,9.1,Scotland,Afghanistan,DF Watts,JH Davey,Mirwais Ashraf,0,0,,,,,,,,,
450501,2010,2010-08-17,Cambusdoon New Ground,2,9.2,Scotland,Afghanistan,DF Watts,JH Davey,Mirwais Ashraf,4,0,,,,,,,,,
450501,2010,2010-08-17,Cambusdoon New Ground,2,9.3,Scotland,Afghanistan,DF Watts,JH Davey,Mirwais Ashraf,0,0,,,,,,,,,
450501,2010,2010-08-17,Cambusdoon New Ground,2,9.4,Scotland,Afghanistan,DF Watts,JH Davey,Mirwais Ashraf,0,0,,,,,,,,,
450501,2010,2010-08-17,Cambusdoon New Ground,2,9.5,Scotland,Afghanistan,DF Watts,JH Davey,Mirwais Ashraf,1,0,,,,,,,,,
450501,2010,2010-08-17,Cambusdoon New Ground,2,9.6,Scotland,Afghanistan,JH Davey,DF Watts,Mirwais Ashraf,0,0,,,,,,,,,
450501,2010,2010-08-17,Cambusdoon New Ground,2,10.1,Scotland,Afghanistan,DF Watts,JH Davey,Shapoor Zadran,2,0,,,,,,,,,
450501,2010,2010-08-17,Cambusdoon New Ground,2,10.2,Scotland,Afghanistan,DF Watts,JH Davey,Shapoor Zadran,0,0,,,,,,,,,
450501,2010,2010-08-17,Cambusdoon New Ground,2,10.3,Scotland,Afghanistan,DF Watts,JH Davey,Shapoor Zadran,0,0,,,,,,,,,
450501,2010,2010-08-17,Cambusdoon New Ground,2,10.4,Scotland,Afghanistan,DF Watts,JH Davey,Shapoor Zadran,0,0,,,,,,,,,
450501,2010,2010-08-17,Cambusdoon New Ground,2,10.5,Scotland,Afghanistan,DF Watts,JH Davey,Shapoor Zadran,0,0,,,,,,,,,
450501,2010,2010-08-17,Cambusdoon New Ground,2,10.6,Scotland,Afghanistan,DF Watts,JH Davey,Shapoor Zadran,1,0,,,,,,,,,
450501,2010,2010-08-17,Cambusdoon New Ground,2,11.1,Scotland,Afghanistan,DF Watts,JH Davey,Mirwais Ashraf,1,0,,,,,,,,,
450501,2010,2010-08-17,Cambusdoon New Ground,2,11.2,Scotland,Afghanistan,JH Davey,DF Watts,Mirwais Ashraf,0,0,,,,,,,,,
450501,2010,2010-08-17,Cambusdoon New Ground,2,11.3,Scotland,Afghanistan,JH Davey,DF Watts,Mirwais Ashraf,0,0,,,,,,,,,
450501,2010,2010-08-17,Cambusdoon New Ground,2,11.4,Scotland,Afghanistan,JH Davey,DF Watts,Mirwais Ashraf,3,0,,,,,,,,,
450501,2010,2010-08-17,Cambusdoon New Ground,2,11.5,Scotland,Afghanistan,DF Watts,JH Davey,Mirwais Ashraf,0,0,,,,,,,,,
450501,2010,2010-08-17,Cambusdoon New Ground,2,11.6,Scotland,Afghanistan,DF Watts,JH Davey,Mirwais Ashraf,4,0,,,,,,,,,
450501,2010,2010-08-17,Cambusdoon New Ground,2,12.1,Scotland,Afghanistan,JH Davey,DF Watts,Shapoor Zadran,0,0,,,,,,,,,
450501,2010,2010-08-17,Cambusdoon New Ground,2,12.2,Scotland,Afghanistan,JH Davey,DF Watts,Shapoor Zadran,0,0,,,,,,,,,
450501,2010,2010-08-17,Cambusdoon New Ground,2,12.3,Scotland,Afghanistan,JH Davey,DF Watts,Shapoor Zadran,0,0,,,,,,,,,
450501,2010,2010-08-17,Cambusdoon New Ground,2,12.4,Scotland,Afghanistan,JH Davey,DF Watts,Shapoor Zadran,0,0,,,,,,,,,
450501,2010,2010-08-17,Cambusdoon New Ground,2,12.5,Scotland,Afghanistan,JH Davey,DF Watts,Shapoor Zadran,0,0,,,,,,,,,
450501,2010,2010-08-17,Cambusdoon New Ground,2,12.6,Scotland,Afghanistan,JH Davey,DF Watts,Shapoor Zadran,0,0,,,,,,,,,
450501,2010,2010-08-17,Cambusdoon New Ground,2,13.1,Scotland,Afghanistan,DF Watts,JH Davey,Samiullah Shenwari,1,0,,,,,,,,,
450501,2010,2010-08-17,Cambusdoon New Ground,2,13.2,Scotland,Afghanistan,JH Davey,DF Watts,Samiullah Shenwari,1,0,,,,,,,,,
450501,2010,2010-08-17,Cambusdoon New Ground,2,13.3,Scotland,Afghanistan,DF Watts,JH Davey,Samiullah Shenwari,0,0,,,,,,,,,
450501,2010,2010-08-17,Cambusdoon New Ground,2,13.4,Scotland,Afghanistan,DF Watts,JH Davey,Samiullah Shenwari,0,0,,,,,,,,,
450501,2010,2010-08-17,Cambusdoon New Ground,2,13.5,Scotland,Afghanistan,DF Watts,JH Davey,Samiullah Shenwari,1,0,,,,,,,,,
450501,2010,2010-08-17,Cambusdoon New Ground,2,13.6,Scotland,Afghanistan,JH Davey,DF Watts,Samiullah Shenwari,1,0,,,,,,,,,
450501,2010,2010-08-17,Cambusdoon New Ground,2,14.1,Scotland,Afghanistan,JH Davey,DF Watts,Shapoor Zadran,0,0,,,,,,,,,
450501,2010,2010-08-17,Cambusdoon New Ground,2,14.2,Scotland,Afghanistan,JH Davey,DF Watts,Shapoor Zadran,0,0,,,,,,,,,
450501,2010,2010-08-17,Cambusdoon New Ground,2,14.3,Scotland,Afghanistan,JH Davey,DF Watts,Shapoor Zadran,1,0,,,,,,,,,
450501,2010,2010-08-17,Cambusdoon New Ground,2,14.4,Scotland,Afghanistan,DF Watts,JH Davey,Shapoor Zadran,0,0,,,,,,,,,
450501,2010,2010-08-17,Cambusdoon New Ground,2,14.5,Scotland,Afghanistan,DF Watts,JH Davey,Shapoor Zadran,0,1,,,,1,,,,,
450501,2010,2010-08-17,Cambusdoon New Ground,2,14.6,Scotland,Afghanistan,JH Davey,DF Watts,Shapoor Zadran,0,5,,,,5,,,,,
450501,2010,2010-08-17,Cambusdoon New Ground,2,15.1,Scotland,Afghanistan,JH Davey,DF Watts,Samiullah Shenwari,0,0,,,,,,,,,
450501,2010,2010-08-17,Cambusdoon New Ground,2,15.2,Scotland,Afghanistan,JH Davey,DF Watts,Samiullah Shenwari,2,0,,,,,,,,,
450501,2010,2010-08-17,Cambusdoon New Ground,2,15.3,Scotland,Afghanistan,JH Davey,DF Watts,Samiullah Shenwari,0,0,,,,,,,,,
450501,2010,2010-08-17,Cambusdoon New Ground,2,15.4,Scotland,Afghanistan,JH Davey,DF Watts,Samiullah Shenwari,0,0,,,,,,,,,
450501,2010,2010-08-17,Cambusdoon New Ground,2,15.5,Scotland,Afghanistan,JH Davey,DF Watts,Samiullah Shenwari,0,0,,,,,,,,,
450501,2010,2010-08-17,Cambusdoon New Ground,2,15.6,Scotland,Afghanistan,JH Davey,DF Watts,Samiullah Shenwari,1,0,,,,,,,,,
450501,2010,2010-08-17,Cambusdoon New Ground,2,16.1,Scotland,Afghanistan,JH Davey,DF Watts,Hamid Hassan,0,0,,,,,,,,,
450501,2010,2010-08-17,Cambusdoon New Ground,2,16.2,Scotland,Afghanistan,JH Davey,DF Watts,Hamid Hassan,0,0,,,,,,,,,
450501,2010,2010-08-17,Cambusdoon New Ground,2,16.3,Scotland,Afghanistan,JH Davey,DF Watts,Hamid Hassan,0,0,,,,,,,,,
450501,2010,2010-08-17,Cambusdoon New Ground,2,16.4,Scotland,Afghanistan,JH Davey,DF Watts,Hamid Hassan,0,0,,,,,,bowled,JH Davey,,
450501,2010,2010-08-17,Cambusdoon New Ground,2,16.5,Scotland,Afghanistan,RD Berrington,DF Watts,Hamid Hassan,0,0,,,,,,,,,
450501,2010,2010-08-17,Cambusdoon New Ground,2,16.6,Scotland,Afghanistan,RD Berrington,DF Watts,Hamid Hassan,0,0,,,,,,,,,
450501,2010,2010-08-17,Cambusdoon New Ground,2,17.1,Scotland,Afghanistan,DF Watts,RD Berrington,Samiullah Shenwari,0,0,,,,,,,,,
450501,2010,2010-08-17,Cambusdoon New Ground,2,17.2,Scotland,Afghanistan,DF Watts,RD Berrington,Samiullah Shenwari,1,0,,,,,,,,,
450501,2010,2010-08-17,Cambusdoon New Ground,2,17.3,Scotland,Afghanistan,RD Berrington,DF Watts,Samiullah Shenwari,0,0,,,,,,,,,
450501,2010,2010-08-17,Cambusdoon New Ground,2,17.4,Scotland,Afghanistan,RD Berrington,DF Watts,Samiullah Shenwari,0,0,,,,,,,,,
450501,2010,2010-08-17,Cambusdoon New Ground,2,17.5,Scotland,Afghanistan,RD Berrington,DF Watts,Samiullah Shenwari,0,0,,,,,,,,,
450501,2010,2010-08-17,Cambusdoon New Ground,2,17.6,Scotland,Afghanistan,RD Berrington,DF Watts,Samiullah Shenwari,0,0,,,,,,,,,
450501,2010,2010-08-17,Cambusdoon New Ground,2,18.1,Scotland,Afghanistan,DF Watts,RD Berrington,Hamid Hassan,0,0,,,,,,,,,
450501,2010,2010-08-17,Cambusdoon New Ground,2,18.2,Scotland,Afghanistan,DF Watts,RD Berrington,Hamid Hassan,0,0,,,,,,,,,
450501,2010,2010-08-17,Cambusdoon New Ground,2,18.3,Scotland,Afghanistan,DF Watts,RD Berrington,Hamid Hassan,0,0,,,,,,,,,
450501,2010,2010-08-17,Cambusdoon New Ground,2,18.4,Scotland,Afghanistan,DF Watts,RD Berrington,Hamid Hassan,1,0,,,,,,,,,
450501,2010,2010-08-17,Cambusdoon New Ground,2,18.5,Scotland,Afghanistan,RD Berrington,DF Watts,Hamid Hassan,0,0,,,,,,,,,
450501,2010,2010-08-17,Cambusdoon New Ground,2,18.6,Scotland,Afghanistan,RD Berrington,DF Watts,Hamid Hassan,0,0,,,,,,,,,
450501,2010,2010-08-17,Cambusdoon New Ground,2,19.1,Scotland,Afghanistan,DF Watts,RD Berrington,Samiullah Shenwari,0,0,,,,,,,,,
450501,2010,2010-08-17,Cambusdoon New Ground,2,19.2,Scotland,Afghanistan,DF Watts,RD Berrington,Samiullah Shenwari,1,0,,,,,,,,,
450501,2010,2010-08-17,Cambusdoon New Ground,2,19.3,Scotland,Afghanistan,RD Berrington,DF Watts,Samiullah Shenwari,0,0,,,,,,,,,
450501,2010,2010-08-17,Cambusdoon New Ground,2,19.4,Scotland,Afghanistan,RD Berrington,DF Watts,Samiullah Shenwari,0,0,,,,,,,,,
450501,2010,2010-08-17,Cambusdoon New Ground,2,19.5,Scotland,Afghanistan,RD Berrington,DF Watts,Samiullah Shenwari,1,0,,,,,,,,,
450501,2010,2010-08-17,Cambusdoon New Ground,2,19.6,Scotland,Afghanistan,DF Watts,RD Berrington,Samiullah Shenwari,0,0,,,,,,,,,
450501,2010,2010-08-17,Cambusdoon New Ground,2,20.1,Scotland,Afghanistan,RD Berrington,DF Watts,Hamid Hassan,0,0,,,,,,,,,
450501,2010,2010-08-17,Cambusdoon New Ground,2,20.2,Scotland,Afghanistan,RD Berrington,DF Watts,Hamid Hassan,0,1,,1,,,,,,,
450501,2010,2010-08-17,Cambusdoon New Ground,2,20.3,Scotland,Afghanistan,RD Berrington,DF Watts,Hamid Hassan,4,0,,,,,,,,,
450501,2010,2010-08-17,Cambusdoon New Ground,2,20.4,Scotland,Afghanistan,RD Berrington,DF Watts,Hamid Hassan,1,0,,,,,,,,,
450501,2010,2010-08-17,Cambusdoon New Ground,2,20.5,Scotland,Afghanistan,DF Watts,RD Berrington,Hamid Hassan,0,0,,,,,,,,,
450501,2010,2010-08-17,Cambusdoon New Ground,2,20.6,Scotland,Afghanistan,DF Watts,RD Berrington,Hamid Hassan,0,0,,,,,,,,,
450501,2010,2010-08-17,Cambusdoon New Ground,2,20.7,Scotland,Afghanistan,DF Watts,RD Berrington,Hamid Hassan,0,0,,,,,,,,,
450501,2010,2010-08-17,Cambusdoon New Ground,2,21.1,Scotland,Afghanistan,RD Berrington,DF Watts,Samiullah Shenwari,0,0,,,,,,,,,
450501,2010,2010-08-17,Cambusdoon New Ground,2,21.2,Scotland,Afghanistan,RD Berrington,DF Watts,Samiullah Shenwari,1,0,,,,,,,,,
450501,2010,2010-08-17,Cambusdoon New Ground,2,21.3,Scotland,Afghanistan,DF Watts,RD Berrington,Samiullah Shenwari,0,0,,,,,,,,,
450501,2010,2010-08-17,Cambusdoon New Ground,2,21.4,Scotland,Afghanistan,DF Watts,RD Berrington,Samiullah Shenwari,1,0,,,,,,,,,
450501,2010,2010-08-17,Cambusdoon New Ground,2,21.5,Scotland,Afghanistan,RD Berrington,DF Watts,Samiullah Shenwari,1,0,,,,,,,,,
450501,2010,2010-08-17,Cambusdoon New Ground,2,21.6,Scotland,Afghanistan,DF Watts,RD Berrington,Samiullah Shenwari,0,0,,,,,,,,,
450501,2010,2010-08-17,Cambusdoon New Ground,2,22.1,Scotland,Afghanistan,RD Berrington,DF Watts,Hamid Hassan,1,0,,,,,,,,,
450501,2010,2010-08-17,Cambusdoon New Ground,2,22.2,Scotland,Afghanistan,DF Watts,RD Berrington,Hamid Hassan,0,0,,,,,,,,,
450501,2010,2010-08-17,Cambusdoon New Ground,2,22.3,Scotland,Afghanistan,DF Watts,RD Berrington,Hamid Hassan,0,0,,,,,,,,,
450501,2010,2010-08-17,Cambusdoon New Ground,2,22.4,Scotland,Afghanistan,DF Watts,RD Berrington,Hamid Hassan,0,0,,,,,,,,,
450501,2010,2010-08-17,Cambusdoon New Ground,2,22.5,Scotland,Afghanistan,DF Watts,RD Berrington,Hamid Hassan,1,0,,,,,,,,,
450501,2010,2010-08-17,Cambusdoon New Ground,2,22.6,Scotland,Afghanistan,RD Berrington,DF Watts,Hamid Hassan,0,0,,,,,,,,,
450501,2010,2010-08-17,Cambusdoon New Ground,2,23.1,Scotland,Afghanistan,DF Watts,RD Berrington,Samiullah Shenwari,0,0,,,,,,,,,
450501,2010,2010-08-17,Cambusdoon New Ground,2,23.2,Scotland,Afghanistan,DF Watts,RD Berrington,Samiullah Shenwari,0,0,,,,,,,,,
450501,2010,2010-08-17,Cambusdoon New Ground,2,23.3,Scotland,Afghanistan,DF Watts,RD Berrington,Samiullah Shenwari,1,0,,,,,,,,,
450501,2010,2010-08-17,Cambusdoon New Ground,2,23.4,Scotland,Afghanistan,RD Berrington,DF Watts,Samiullah Shenwari,0,0,,,,,,,,,
450501,2010,2010-08-17,Cambusdoon New Ground,2,23.5,Scotland,Afghanistan,RD Berrington,DF Watts,Samiullah Shenwari,1,0,,,,,,,,,
450501,2010,2010-08-17,Cambusdoon New Ground,2,23.6,Scotland,Afghanistan,DF Watts,RD Berrington,Samiullah Shenwari,0,0,,,,,,,,,
450501,2010,2010-08-17,Cambusdoon New Ground,2,24.1,Scotland,Afghanistan,RD Berrington,DF Watts,Hamid Hassan,0,0,,,,,,,,,
450501,2010,2010-08-17,Cambusdoon New Ground,2,24.2,Scotland,Afghanistan,RD Berrington,DF Watts,Hamid Hassan,0,0,,,,,,,,,
450501,2010,2010-08-17,Cambusdoon New Ground,2,24.3,Scotland,Afghanistan,RD Berrington,DF Watts,Hamid Hassan,4,0,,,,,,,,,
450501,2010,2010-08-17,Cambusdoon New Ground,2,24.4,Scotland,Afghanistan,RD Berrington,DF Watts,Hamid Hassan,0,0,,,,,,,,,
450501,2010,2010-08-17,Cambusdoon New Ground,2,24.5,Scotland,Afghanistan,RD Berrington,DF Watts,Hamid Hassan,0,1,,,,1,,,,,
450501,2010,2010-08-17,Cambusdoon New Ground,2,24.6,Scotland,Afghanistan,DF Watts,RD Berrington,Hamid Hassan,0,0,,,,,,,,,
450501,2010,2010-08-17,Cambusdoon New Ground,2,25.1,Scotland,Afghanistan,RD Berrington,DF Watts,Samiullah Shenwari,1,0,,,,,,,,,
450501,2010,2010-08-17,Cambusdoon New Ground,2,25.2,Scotland,Afghanistan,DF Watts,RD Berrington,Samiullah Shenwari,0,0,,,,,,,,,
450501,2010,2010-08-17,Cambusdoon New Ground,2,25.3,Scotland,Afghanistan,DF Watts,RD Berrington,Samiullah Shenwari,0,0,,,,,,,,,
450501,2010,2010-08-17,Cambusdoon New Ground,2,25.4,Scotland,Afghanistan,DF Watts,RD Berrington,Samiullah Shenwari,0,0,,,,,,,,,
450501,2010,2010-08-17,Cambusdoon New Ground,2,25.5,Scotland,Afghanistan,DF Watts,RD Berrington,Samiullah Shenwari,1,0,,,,,,,,,
450501,2010,2010-08-17,Cambusdoon New Ground,2,25.6,Scotland,Afghanistan,RD Berrington,DF Watts,Samiullah Shenwari,0,0,,,,,,,,,
450501,2010,2010-08-17,Cambusdoon New Ground,2,26.1,Scotland,Afghanistan,DF Watts,RD Berrington,Hamid Hassan,1,0,,,,,,,,,
450501,2010,2010-08-17,Cambusdoon New Ground,2,26.2,Scotland,Afghanistan,RD Berrington,DF Watts,Hamid Hassan,0,0,,,,,,,,,
450501,2010,2010-08-17,Cambusdoon New Ground,2,26.3,Scotland,Afghanistan,RD Berrington,DF Watts,Hamid Hassan,0,0,,,,,,,,,
450501,2010,2010-08-17,Cambusdoon New Ground,2,26.4,Scotland,Afghanistan,RD Berrington,DF Watts,Hamid Hassan,0,0,,,,,,,,,
450501,2010,2010-08-17,Cambusdoon New Ground,2,26.5,Scotland,Afghanistan,RD Berrington,DF Watts,Hamid Hassan,1,0,,,,,,,,,
450501,2010,2010-08-17,Cambusdoon New Ground,2,26.6,Scotland,Afghanistan,DF Watts,RD Berrington,Hamid Hassan,0,0,,,,,,,,,
450501,2010,2010-08-17,Cambusdoon New Ground,2,27.1,Scotland,Afghanistan,RD Berrington,DF Watts,Samiullah Shenwari,0,0,,,,,,,,,
450501,2010,2010-08-17,Cambusdoon New Ground,2,27.2,Scotland,Afghanistan,RD Berrington,DF Watts,Samiullah Shenwari,4,0,,,,,,,,,
450501,2010,2010-08-17,Cambusdoon New Ground,2,27.3,Scotland,Afghanistan,RD Berrington,DF Watts,Samiullah Shenwari,1,0,,,,,,,,,
450501,2010,2010-08-17,Cambusdoon New Ground,2,27.4,Scotland,Afghanistan,DF Watts,RD Berrington,Samiullah Shenwari,0,0,,,,,,,,,
450501,2010,2010-08-17,Cambusdoon New Ground,2,27.5,Scotland,Afghanistan,DF Watts,RD Berrington,Samiullah Shenwari,1,0,,,,,,,,,
450501,2010,2010-08-17,Cambusdoon New Ground,2,27.6,Scotland,Afghanistan,RD Berrington,DF Watts,Samiullah Shenwari,4,0,,,,,,,,,
450501,2010,2010-08-17,Cambusdoon New Ground,2,28.1,Scotland,Afghanistan,DF Watts,RD Berrington,Hamid Hassan,2,0,,,,,,,,,
450501,2010,2010-08-17,Cambusdoon New Ground,2,28.2,Scotland,Afghanistan,DF Watts,RD Berrington,Hamid Hassan,0,0,,,,,,,,,
450501,2010,2010-08-17,Cambusdoon New Ground,2,28.3,Scotland,Afghanistan,DF Watts,RD Berrington,Hamid Hassan,0,1,1,,,,,,,,
450501,2010,2010-08-17,Cambusdoon New Ground,2,28.4,Scotland,Afghanistan,DF Watts,RD Berrington,Hamid Hassan,0,0,,,,,,,,,
450501,2010,2010-08-17,Cambusdoon New Ground,2,28.5,Scotland,Afghanistan,DF Watts,RD Berrington,Hamid Hassan,0,0,,,,,,,,,
450501,2010,2010-08-17,Cambusdoon New Ground,2,28.6,Scotland,Afghanistan,DF Watts,RD Berrington,Hamid Hassan,4,0,,,,,,,,,
450501,2010,2010-08-17,Cambusdoon New Ground,2,28.7,Scotland,Afghanistan,DF Watts,RD Berrington,Hamid Hassan,4,0,,,,,,,,,
450501,2010,2010-08-17,Cambusdoon New Ground,2,29.1,Scotland,Afghanistan,RD Berrington,DF Watts,Samiullah Shenwari,2,0,,,,,,,,,
450501,2010,2010-08-17,Cambusdoon New Ground,2,29.2,Scotland,Afghanistan,RD Berrington,DF Watts,Samiullah Shenwari,1,0,,,,,,,,,
450501,2010,2010-08-17,Cambusdoon New Ground,2,29.3,Scotland,Afghanistan,DF Watts,RD Berrington,Samiullah Shenwari,2,0,,,,,,,,,
450501,2010,2010-08-17,Cambusdoon New Ground,2,29.4,Scotland,Afghanistan,DF Watts,RD Berrington,Samiullah Shenwari,0,0,,,,,,,,,
450501,2010,2010-08-17,Cambusdoon New Ground,2,29.5,Scotland,Afghanistan,DF Watts,RD Berrington,Samiullah Shenwari,0,0,,,,,,,,,
450501,2010,2010-08-17,Cambusdoon New Ground,2,29.6,Scotland,Afghanistan,DF Watts,RD Berrington,Samiullah Shenwari,0,0,,,,,,,,,
450501,2010,2010-08-17,Cambusdoon New Ground,2,30.1,Scotland,Afghanistan,RD Berrington,DF Watts,Mirwais Ashraf,0,0,,,,,,,,,
450501,2010,2010-08-17,Cambusdoon New Ground,2,30.2,Scotland,Afghanistan,RD Berrington,DF Watts,Mirwais Ashraf,1,0,,,,,,,,,
450501,2010,2010-08-17,Cambusdoon New Ground,2,30.3,Scotland,Afghanistan,DF Watts,RD Berrington,Mirwais Ashraf,0,0,,,,,,,,,
450501,2010,2010-08-17,Cambusdoon New Ground,2,30.4,Scotland,Afghanistan,DF Watts,RD Berrington,Mirwais Ashraf,0,1,1,,,,,,,,
450501,2010,2010-08-17,Cambusdoon New Ground,2,30.5,Scotland,Afghanistan,DF Watts,RD Berrington,Mirwais Ashraf,0,0,,,,,,,,,
450501,2010,2010-08-17,Cambusdoon New Ground,2,30.6,Scotland,Afghanistan,DF Watts,RD Berrington,Mirwais Ashraf,2,0,,,,,,,,,
450501,2010,2010-08-17,Cambusdoon New Ground,2,30.7,Scotland,Afghanistan,DF Watts,RD Berrington,Mirwais Ashraf,0,0,,,,,,,,,
450501,2010,2010-08-17,Cambusdoon New Ground,2,31.1,Scotland,Afghanistan,RD Berrington,DF Watts,Samiullah Shenwari,4,0,,,,,,,,,
450501,2010,2010-08-17,Cambusdoon New Ground,2,31.2,Scotland,Afghanistan,RD Berrington,DF Watts,Samiullah Shenwari,0,0,,,,,,bowled,RD Berrington,,
450501,2010,2010-08-17,Cambusdoon New Ground,2,31.3,Scotland,Afghanistan,MM Iqbal,DF Watts,Samiullah Shenwari,0,0,,,,,,,,,
450501,2010,2010-08-17,Cambusdoon New Ground,2,31.4,Scotland,Afghanistan,MM Iqbal,DF Watts,Samiullah Shenwari,4,0,,,,,,,,,
450501,2010,2010-08-17,Cambusdoon New Ground,2,31.5,Scotland,Afghanistan,MM Iqbal,DF Watts,Samiullah Shenwari,0,0,,,,,,,,,
450501,2010,2010-08-17,Cambusdoon New Ground,2,31.6,Scotland,Afghanistan,MM Iqbal,DF Watts,Samiullah Shenwari,1,0,,,,,,,,,
450501,2010,2010-08-17,Cambusdoon New Ground,2,32.1,Scotland,Afghanistan,MM Iqbal,DF Watts,Mirwais Ashraf,0,0,,,,,,,,,
450501,2010,2010-08-17,Cambusdoon New Ground,2,32.2,Scotland,Afghanistan,MM Iqbal,DF Watts,Mirwais Ashraf,0,0,,,,,,,,,
450501,2010,2010-08-17,Cambusdoon New Ground,2,32.3,Scotland,Afghanistan,MM Iqbal,DF Watts,Mirwais Ashraf,1,0,,,,,,,,,
450501,2010,2010-08-17,Cambusdoon New Ground,2,32.4,Scotland,Afghanistan,DF Watts,MM Iqbal,Mirwais Ashraf,1,0,,,,,,,,,
450501,2010,2010-08-17,Cambusdoon New Ground,2,32.5,Scotland,Afghanistan,MM Iqbal,DF Watts,Mirwais Ashraf,0,0,,,,,,,,,
450501,2010,2010-08-17,Cambusdoon New Ground,2,32.6,Scotland,Afghanistan,MM Iqbal,DF Watts,Mirwais Ashraf,0,0,,,,,,,,,
450501,2010,2010-08-17,Cambusdoon New Ground,2,33.1,Scotland,Afghanistan,DF Watts,MM Iqbal,Nawroz Mangal,1,0,,,,,,,,,
450501,2010,2010-08-17,Cambusdoon New Ground,2,33.2,Scotland,Afghanistan,MM Iqbal,DF Watts,Nawroz Mangal,2,0,,,,,,,,,
450501,2010,2010-08-17,Cambusdoon New Ground,2,33.3,Scotland,Afghanistan,MM Iqbal,DF Watts,Nawroz Mangal,1,0,,,,,,,,,
450501,2010,2010-08-17,Cambusdoon New Ground,2,33.4,Scotland,Afghanistan,DF Watts,MM Iqbal,Nawroz Mangal,2,0,,,,,,,,,
450501,2010,2010-08-17,Cambusdoon New Ground,2,33.5,Scotland,Afghanistan,DF Watts,MM Iqbal,Nawroz Mangal,1,0,,,,,,,,,
