match_id,season,start_date,venue,innings,ball,batting_team,bowling_team,striker,non_striker,bowler,runs_off_bat,extras,wides,noballs,byes,legbyes,penalty,wicket_type,player_dismissed,other_wicket_type,other_player_dismissed
452146,2010,2010-05-28,Queens Sports Club,1,0.1,India,Zimbabwe,KD Karthik,M Vijay,CB Mpofu,0,0,,,,,,,,,
452146,2010,2010-05-28,Queens Sports Club,1,0.2,India,Zimbabwe,KD Karthik,M Vijay,CB Mpofu,0,0,,,,,,,,,
452146,2010,2010-05-28,Queens Sports Club,1,0.3,India,Zimbabwe,KD Karthik,M Vijay,CB Mpofu,0,0,,,,,,,,,
452146,2010,2010-05-28,Queens Sports Club,1,0.4,India,Zimbabwe,KD Karthik,M Vijay,CB Mpofu,0,0,,,,,,,,,
452146,2010,2010-05-28,Queens Sports Club,1,0.5,India,Zimbabwe,KD Karthik,M Vijay,CB Mpofu,4,0,,,,,,,,,
452146,2010,2010-05-28,Queens Sports Club,1,0.6,India,Zimbabwe,KD Karthik,M Vijay,CB Mpofu,0,0,,,,,,,,,
452146,2010,2010-05-28,Queens Sports Club,1,1.1,India,Zimbabwe,M Vijay,KD Karthik,E Chigumbura,4,0,,,,,,,,,
452146,2010,2010-05-28,Queens Sports Club,1,1.2,India,Zimbabwe,M Vijay,KD Karthik,E Chigumbura,0,5,5,,,,,,,,
452146,2010,2010-05-28,Queens Sports Club,1,1.3,India,Zimbabwe,M Vijay,KD Karthik,E Chigumbura,0,0,,,,,,,,,
452146,2010,2010-05-28,Queens Sports Club,1,1.4,India,Zimbabwe,M Vijay,KD Karthik,E Chigumbura,0,0,,,,,,,,,
452146,2010,2010-05-28,Queens Sports Club,1,1.5,India,Zimbabwe,M Vijay,KD Karthik,E Chigumbura,0,0,,,,,,,,,
452146,2010,2010-05-28,Queens Sports Club,1,1.6,India,Zimbabwe,M Vijay,KD Karthik,E Chigumbura,1,0,,,,,,,,,
452146,2010,2010-05-28,Queens Sports Club,1,1.7,India,Zimbabwe,KD Karthik,M Vijay,E Chigumbura,0,0,,,,,,,,,
452146,2010,2010-05-28,Queens Sports Club,1,2.1,India,Zimbabwe,M Vijay,KD Karthik,CB Mpofu,0,0,,,,,,,,,
452146,2010,2010-05-28,Queens Sports Club,1,2.2,India,Zimbabwe,M Vijay,KD Karthik,CB Mpofu,0,0,,,,,,,,,
452146,2010,2010-05-28,Queens Sports Club,1,2.3,India,Zimbabwe,M Vijay,KD Karthik,CB Mpofu,0,0,,,,,,,,,
452146,2010,2010-05-28,Queens Sports Club,1,2.4,India,Zimbabwe,M Vijay,KD Karthik,CB Mpofu,0,0,,,,,,,,,
452146,2010,2010-05-28,Queens Sports Club,1,2.5,India,Zimbabwe,M Vijay,KD Karthik,CB Mpofu,0,0,,,,,,,,,
452146,2010,2010-05-28,Queens Sports Club,1,2.6,India,Zimbabwe,M Vijay,KD Karthik,CB Mpofu,0,0,,,,,,,,,
452146,2010,2010-05-28,Queens Sports Club,1,3.1,India,Zimbabwe,KD Karthik,M Vijay,E Chigumbura,0,1,1,,,,,,,,
452146,2010,2010-05-28,Queens Sports Club,1,3.2,India,Zimbabwe,KD Karthik,M Vijay,E Chigumbura,0,3,3,,,,,,,,
452146,2010,2010-05-28,Queens Sports Club,1,3.3,India,Zimbabwe,KD Karthik,M Vijay,E Chigumbura,0,0,,,,,,,,,
452146,2010,2010-05-28,Queens Sports Club,1,3.4,India,Zimbabwe,KD Karthik,M Vijay,E Chigumbura,4,0,,,,,,,,,
452146,2010,2010-05-28,Queens Sports Club,1,3.5,India,Zimbabwe,KD Karthik,M Vijay,E Chigumbura,0,1,1,,,,,,,,
452146,2010,2010-05-28,Queens Sports Club,1,3.6,India,Zimbabwe,KD Karthik,M Vijay,E Chigumbura,0,5,5,,,,,,,,
452146,2010,2010-05-28,Queens Sports Club,1,3.7,India,Zimbabwe,KD Karthik,M Vijay,E Chigumbura,0,5,5,,,,,,,,
452146,2010,2010-05-28,Queens Sports Club,1,3.8,India,Zimbabwe,KD Karthik,M Vijay,E Chigumbura,2,1,,1,,,,,,,
452146,2010,2010-05-28,Queens Sports Club,1,3.9,India,Zimbabwe,KD Karthik,M Vijay,E Chigumbura,1,0,,,,,,,,,
452146,2010,2010-05-28,Queens Sports Club,1,3.1,India,Zimbabwe,M Vijay,KD Karthik,E Chigumbura,2,0,,,,,,,,,
452146,2010,2010-05-28,Queens Sports Club,1,3.11,India,Zimbabwe,M Vijay,KD Karthik,E Chigumbura,1,0,,,,,,,,,
452146,2010,2010-05-28,Queens Sports Club,1,3.12,India,Zimbabwe,KD Karthik,M Vijay,E Chigumbura,0,0,,,,,,,,,
452146,2010,2010-05-28,Queens Sports Club,1,4.1,India,Zimbabwe,M Vijay,KD Karthik,CB Mpofu,0,0,,,,,,,,,
452146,2010,2010-05-28,Queens Sports Club,1,4.2,India,Zimbabwe,M Vijay,KD Karthik,CB Mpofu,0,0,,,,,,,,,
452146,2010,2010-05-28,Queens Sports Club,1,4.3,India,Zimbabwe,M Vijay,KD Karthik,CB Mpofu,1,0,,,,,,,,,
452146,2010,2010-05-28,Queens Sports Club,1,4.4,India,Zimbabwe,KD Karthik,M Vijay,CB Mpofu,0,1,,,,1,,,,,
452146,2010,2010-05-28,Queens Sports Club,1,4.5,India,Zimbabwe,M Vijay,KD Karthik,CB Mpofu,0,0,,,,,,,,,
452146,2010,2010-05-28,Queens Sports Club,1,4.6,India,Zimbabwe,M Vijay,KD Karthik,CB Mpofu,0,0,,,,,,,,,
452146,2010,2010-05-28,Queens Sports Club,1,5.1,India,Zimbabwe,KD Karthik,M Vijay,RW Price,0,0,,,,,,,,,
452146,2010,2010-05-28,Queens Sports Club,1,5.2,India,Zimbabwe,KD Karthik,M Vijay,RW Price,0,1,1,,,,,,,,
452146,2010,2010-05-28,Queens Sports Club,1,5.3,India,Zimbabwe,KD Karthik,M Vijay,RW Price,0,1,1,,,,,,,,
452146,2010,2010-05-28,Queens Sports Club,1,5.4,India,Zimbabwe,KD Karthik,M Vijay,RW Price,0,0,,,,,,,,,
452146,2010,2010-05-28,Queens Sports Club,1,5.5,India,Zimbabwe,KD Karthik,M Vijay,RW Price,0,0,,,,,,,,,
452146,2010,2010-05-28,Queens Sports Club,1,5.6,India,Zimbabwe,KD Karthik,M Vijay,RW Price,1,0,,,,,,,,,
452146,2010,2010-05-28,Queens Sports Club,1,5.7,India,Zimbabwe,M Vijay,KD Karthik,RW Price,0,0,,,,,,,,,
452146,2010,2010-05-28,Queens Sports Club,1,5.8,India,Zimbabwe,M Vijay,KD Karthik,RW Price,0,0,,,,,,,,,
452146,2010,2010-05-28,Queens Sports Club,1,6.1,India,Zimbabwe,KD Karthik,M Vijay,CB Mpofu,0,0,,,,,,,,,
452146,2010,2010-05-28,Queens Sports Club,1,6.2,India,Zimbabwe,KD Karthik,M Vijay,CB Mpofu,1,0,,,,,,,,,
452146,2010,2010-05-28,Queens Sports Club,1,6.3,India,Zimbabwe,M Vijay,KD Karthik,CB Mpofu,0,1,1,,,,,,,,
452146,2010,2010-05-28,Queens Sports Club,1,6.4,India,Zimbabwe,M Vijay,KD Karthik,CB Mpofu,0,0,,,,,,,,,
452146,2010,2010-05-28,Queens Sports Club,1,6.5,India,Zimbabwe,M Vijay,KD Karthik,CB Mpofu,1,0,,,,,,,,,
452146,2010,2010-05-28,Queens Sports Club,1,6.6,India,Zimbabwe,KD Karthik,M Vijay,CB Mpofu,0,0,,,,,,,,,
452146,2010,2010-05-28,Queens Sports Club,1,6.7,India,Zimbabwe,KD Karthik,M Vijay,CB Mpofu,1,0,,,,,,,,,
452146,2010,2010-05-28,Queens Sports Club,1,7.1,India,Zimbabwe,KD Karthik,M Vijay,RW Price,0,1,1,,,,,,,,
452146,2010,2010-05-28,Queens Sports Club,1,7.2,India,Zimbabwe,KD Karthik,M Vijay,RW Price,0,0,,,,,,,,,
452146,2010,2010-05-28,Queens Sports Club,1,7.3,India,Zimbabwe,KD Karthik,M Vijay,RW Price,0,0,,,,,,,,,
452146,2010,2010-05-28,Queens Sports Club,1,7.4,India,Zimbabwe,KD Karthik,M Vijay,RW Price,1,0,,,,,,,,,
452146,2010,2010-05-28,Queens Sports Club,1,7.5,India,Zimbabwe,M Vijay,KD Karthik,RW Price,1,0,,,,,,,,,
452146,2010,2010-05-28,Queens Sports Club,1,7.6,India,Zimbabwe,KD Karthik,M Vijay,RW Price,1,0,,,,,,,,,
452146,2010,2010-05-28,Queens Sports Club,1,7.7,India,Zimbabwe,M Vijay,KD Karthik,RW Price,0,0,,,,,,,,,
452146,2010,2010-05-28,Queens Sports Club,1,8.1,India,Zimbabwe,KD Karthik,M Vijay,CB Mpofu,0,0,,,,,,,,,
452146,2010,2010-05-28,Queens Sports Club,1,8.2,India,Zimbabwe,KD Karthik,M Vijay,CB Mpofu,0,0,,,,,,,,,
452146,2010,2010-05-28,Queens Sports Club,1,8.3,India,Zimbabwe,KD Karthik,M Vijay,CB Mpofu,0,0,,,,,,,,,
452146,2010,2010-05-28,Queens Sports Club,1,8.4,India,Zimbabwe,KD Karthik,M Vijay,CB Mpofu,2,0,,,,,,,,,
452146,2010,2010-05-28,Queens Sports Club,1,8.5,India,Zimbabwe,KD Karthik,M Vijay,CB Mpofu,0,0,,,,,,,,,
452146,2010,2010-05-28,Queens Sports Club,1,8.6,India,Zimbabwe,KD Karthik,M Vijay,CB Mpofu,1,0,,,,,,run out,M Vijay,,
452146,2010,2010-05-28,Queens Sports Club,1,9.1,India,Zimbabwe,KD Karthik,V Kohli,RW Price,0,1,1,,,,,,,,
452146,2010,2010-05-28,Queens Sports Club,1,9.2,India,Zimbabwe,KD Karthik,V Kohli,RW Price,0,0,,,,,,,,,
452146,2010,2010-05-28,Queens Sports Club,1,9.3,India,Zimbabwe,KD Karthik,V Kohli,RW Price,0,0,,,,,,,,,
452146,2010,2010-05-28,Queens Sports Club,1,9.4,India,Zimbabwe,KD Karthik,V Kohli,RW Price,0,0,,,,,,run out,V Kohli,,
452146,2010,2010-05-28,Queens Sports Club,1,9.5,India,Zimbabwe,RG Sharma,KD Karthik,RW Price,0,0,,,,,,,,,
452146,2010,2010-05-28,Queens Sports Club,1,9.6,India,Zimbabwe,RG Sharma,KD Karthik,RW Price,0,0,,,,,,,,,
452146,2010,2010-05-28,Queens Sports Club,1,9.7,India,Zimbabwe,RG Sharma,KD Karthik,RW Price,0,0,,,,,,,,,
452146,2010,2010-05-28,Queens Sports Club,1,10.1,India,Zimbabwe,KD Karthik,RG Sharma,P Utseya,1,0,,,,,,,,,
452146,2010,2010-05-28,Queens Sports Club,1,10.2,India,Zimbabwe,RG Sharma,KD Karthik,P Utseya,0,0,,,,,,,,,
452146,2010,2010-05-28,Queens Sports Club,1,10.3,India,Zimbabwe,RG Sharma,KD Karthik,P Utseya,0,0,,,,,,,,,
452146,2010,2010-05-28,Queens Sports Club,1,10.4,India,Zimbabwe,RG Sharma,KD Karthik,P Utseya,0,0,,,,,,,,,
452146,2010,2010-05-28,Queens Sports Club,1,10.5,India,Zimbabwe,RG Sharma,KD Karthik,P Utseya,0,0,,,,,,,,,
452146,2010,2010-05-28,Queens Sports Club,1,10.6,India,Zimbabwe,RG Sharma,KD Karthik,P Utseya,0,0,,,,,,,,,
452146,2010,2010-05-28,Queens Sports Club,1,11.1,India,Zimbabwe,KD Karthik,RG Sharma,RW Price,0,0,,,,,,,,,
452146,2010,2010-05-28,Queens Sports Club,1,11.2,India,Zimbabwe,KD Karthik,RG Sharma,RW Price,1,0,,,,,,,,,
452146,2010,2010-05-28,Queens Sports Club,1,11.3,India,Zimbabwe,RG Sharma,KD Karthik,RW Price,0,0,,,,,,,,,
452146,2010,2010-05-28,Queens Sports Club,1,11.4,India,Zimbabwe,RG Sharma,KD Karthik,RW Price,0,0,,,,,,,,,
452146,2010,2010-05-28,Queens Sports Club,1,11.5,India,Zimbabwe,RG Sharma,KD Karthik,RW Price,0,0,,,,,,,,,
452146,2010,2010-05-28,Queens Sports Club,1,11.6,India,Zimbabwe,RG Sharma,KD Karthik,RW Price,0,0,,,,,,,,,
452146,2010,2010-05-28,Queens Sports Club,1,12.1,India,Zimbabwe,KD Karthik,RG Sharma,P Utseya,1,0,,,,,,,,,
452146,2010,2010-05-28,Queens Sports Club,1,12.2,India,Zimbabwe,RG Sharma,KD Karthik,P Utseya,1,0,,,,,,,,,
452146,2010,2010-05-28,Queens Sports Club,1,12.3,India,Zimbabwe,KD Karthik,RG Sharma,P Utseya,0,0,,,,,,caught,KD Karthik,,
452146,2010,2010-05-28,Queens Sports Club,1,12.4,India,Zimbabwe,SK Raina,RG Sharma,P Utseya,0,0,,,,,,,,,
452146,2010,2010-05-28,Queens Sports Club,1,12.5,India,Zimbabwe,SK Raina,RG Sharma,P Utseya,0,0,,,,,,,,,
452146,2010,2010-05-28,Queens Sports Club,1,12.6,India,Zimbabwe,SK Raina,RG Sharma,P Utseya,1,0,,,,,,,,,
452146,2010,2010-05-28,Queens Sports Club,1,13.1,India,Zimbabwe,SK Raina,RG Sharma,GA Lamb,0,0,,,,,,,,,
452146,2010,2010-05-28,Queens Sports Club,1,13.2,India,Zimbabwe,SK Raina,RG Sharma,GA Lamb,1,0,,,,,,,,,
452146,2010,2010-05-28,Queens Sports Club,1,13.3,India,Zimbabwe,RG Sharma,SK Raina,GA Lamb,0,0,,,,,,,,,
452146,2010,2010-05-28,Queens Sports Club,1,13.4,India,Zimbabwe,RG Sharma,SK Raina,GA Lamb,0,0,,,,,,,,,
452146,2010,2010-05-28,Queens Sports Club,1,13.5,India,Zimbabwe,RG Sharma,SK Raina,GA Lamb,1,0,,,,,,,,,
452146,2010,2010-05-28,Queens Sports Club,1,13.6,India,Zimbabwe,SK Raina,RG Sharma,GA Lamb,0,0,,,,,,,,,
452146,2010,2010-05-28,Queens Sports Club,1,14.1,India,Zimbabwe,RG Sharma,SK Raina,P Utseya,1,0,,,,,,,,,
452146,2010,2010-05-28,Queens Sports Club,1,14.2,India,Zimbabwe,SK Raina,RG Sharma,P Utseya,1,0,,,,,,,,,
452146,2010,2010-05-28,Queens Sports Club,1,14.3,India,Zimbabwe,RG Sharma,SK Raina,P Utseya,0,0,,,,,,,,,
452146,2010,2010-05-28,Queens Sports Club,1,14.4,India,Zimbabwe,RG Sharma,SK Raina,P Utseya,1,0,,,,,,,,,
452146,2010,2010-05-28,Queens Sports Club,1,14.5,India,Zimbabwe,SK Raina,RG Sharma,P Utseya,0,0,,,,,,,,,
452146,2010,2010-05-28,Queens Sports Club,1,14.6,India,Zimbabwe,SK Raina,RG Sharma,P Utseya,1,0,,,,,,,,,
452146,2010,2010-05-28,Queens Sports Club,1,15.1,India,Zimbabwe,SK Raina,RG Sharma,GA Lamb,0,0,,,,,,,,,
452146,2010,2010-05-28,Queens Sports Club,1,15.2,India,Zimbabwe,SK Raina,RG Sharma,GA Lamb,0,0,,,,,,,,,
452146,2010,2010-05-28,Queens Sports Club,1,15.3,India,Zimbabwe,SK Raina,RG Sharma,GA Lamb,0,0,,,,,,,,,
452146,2010,2010-05-28,Queens Sports Club,1,15.4,India,Zimbabwe,SK Raina,RG Sharma,GA Lamb,0,0,,,,,,,,,
452146,2010,2010-05-28,Queens Sports Club,1,15.5,India,Zimbabwe,SK Raina,RG Sharma,GA Lamb,1,0,,,,,,,,,
452146,2010,2010-05-28,Queens Sports Club,1,15.6,India,Zimbabwe,RG Sharma,SK Raina,GA Lamb,0,0,,,,,,,,,
452146,2010,2010-05-28,Queens Sports Club,1,16.1,India,Zimbabwe,SK Raina,RG Sharma,P Utseya,1,0,,,,,,,,,
452146,2010,2010-05-28,Queens Sports Club,1,16.2,India,Zimbabwe,RG Sharma,SK Raina,P Utseya,1,0,,,,,,,,,
452146,2010,2010-05-28,Queens Sports Club,1,16.3,India,Zimbabwe,SK Raina,RG Sharma,P Utseya,1,0,,,,,,,,,
452146,2010,2010-05-28,Queens Sports Club,1,16.4,India,Zimbabwe,RG Sharma,SK Raina,P Utseya,0,0,,,,,,,,,
452146,2010,2010-05-28,Queens Sports Club,1,16.5,India,Zimbabwe,RG Sharma,SK Raina,P Utseya,1,0,,,,,,,,,
452146,2010,2010-05-28,Queens Sports Club,1,16.6,India,Zimbabwe,SK Raina,RG Sharma,P Utseya,2,0,,,,,,,,,
452146,2010,2010-05-28,Queens Sports Club,1,17.1,India,Zimbabwe,RG Sharma,SK Raina,GA Lamb,1,0,,,,,,,,,
452146,2010,2010-05-28,Queens Sports Club,1,17.2,India,Zimbabwe,SK Raina,RG Sharma,GA Lamb,1,0,,,,,,,,,
452146,2010,2010-05-28,Queens Sports Club,1,17.3,India,Zimbabwe,RG Sharma,SK Raina,GA Lamb,0,0,,,,,,,,,
452146,2010,2010-05-28,Queens Sports Club,1,17.4,India,Zimbabwe,RG Sharma,SK Raina,GA Lamb,0,0,,,,,,,,,
452146,2010,2010-05-28,Queens Sports Club,1,17.5,India,Zimbabwe,RG Sharma,SK Raina,GA Lamb,0,0,,,,,,,,,
452146,2010,2010-05-28,Queens Sports Club,1,17.6,India,Zimbabwe,RG Sharma,SK Raina,GA Lamb,1,0,,,,,,,,,
452146,2010,2010-05-28,Queens Sports Club,1,18.1,India,Zimbabwe,RG Sharma,SK Raina,P Utseya,0,0,,,,,,,,,
452146,2010,2010-05-28,Queens Sports Club,1,18.2,India,Zimbabwe,RG Sharma,SK Raina,P Utseya,0,0,,,,,,,,,
452146,2010,2010-05-28,Queens Sports Club,1,18.3,India,Zimbabwe,RG Sharma,SK Raina,P Utseya,1,0,,,,,,,,,
452146,2010,2010-05-28,Queens Sports Club,1,18.4,India,Zimbabwe,SK Raina,RG Sharma,P Utseya,1,0,,,,,,,,,
452146,2010,2010-05-28,Queens Sports Club,1,18.5,India,Zimbabwe,RG Sharma,SK Raina,P Utseya,0,0,,,,,,,,,
452146,2010,2010-05-28,Queens Sports Club,1,18.6,India,Zimbabwe,RG Sharma,SK Raina,P Utseya,0,0,,,,,,,,,
452146,2010,2010-05-28,Queens Sports Club,1,19.1,India,Zimbabwe,SK Raina,RG Sharma,GA Lamb,0,0,,,,,,,,,
452146,2010,2010-05-28,Queens Sports Club,1,19.2,India,Zimbabwe,SK Raina,RG Sharma,GA Lamb,0,0,,,,,,,,,
452146,2010,2010-05-28,Queens Sports Club,1,19.3,India,Zimbabwe,SK Raina,RG Sharma,GA Lamb,0,0,,,,,,,,,
452146,2010,2010-05-28,Queens Sports Club,1,19.4,India,Zimbabwe,SK Raina,RG Sharma,GA Lamb,0,0,,,,,,,,,
452146,2010,2010-05-28,Queens Sports Club,1,19.5,India,Zimbabwe,SK Raina,RG Sharma,GA Lamb,4,0,,,,,,,,,
452146,2010,2010-05-28,Queens Sports Club,1,19.6,India,Zimbabwe,SK Raina,RG Sharma,GA Lamb,1,0,,,,,,,,,
452146,2010,2010-05-28,Queens Sports Club,1,20.1,India,Zimbabwe,SK Raina,RG Sharma,AG Cremer,1,0,,,,,,,,,
452146,2010,2010-05-28,Queens Sports Club,1,20.2,India,Zimbabwe,RG Sharma,SK Raina,AG Cremer,1,0,,,,,,,,,
452146,2010,2010-05-28,Queens Sports Club,1,20.3,India,Zimbabwe,SK Raina,RG Sharma,AG Cremer,0,0,,,,,,,,,
452146,2010,2010-05-28,Queens Sports Club,1,20.4,India,Zimbabwe,SK Raina,RG Sharma,AG Cremer,1,0,,,,,,,,,
452146,2010,2010-05-28,Queens Sports Club,1,20.5,India,Zimbabwe,RG Sharma,SK Raina,AG Cremer,0,0,,,,,,,,,
452146,2010,2010-05-28,Queens Sports Club,1,20.6,India,Zimbabwe,RG Sharma,SK Raina,AG Cremer,1,0,,,,,,,,,
452146,2010,2010-05-28,Queens Sports Club,1,21.1,India,Zimbabwe,RG Sharma,SK Raina,GA Lamb,1,0,,,,,,,,,
452146,2010,2010-05-28,Queens Sports Club,1,21.2,India,Zimbabwe,SK Raina,RG Sharma,GA Lamb,0,0,,,,,,,,,
452146,2010,2010-05-28,Queens Sports Club,1,21.3,India,Zimbabwe,SK Raina,RG Sharma,GA Lamb,1,0,,,,,,,,,
452146,2010,2010-05-28,Queens Sports Club,1,21.4,India,Zimbabwe,RG Sharma,SK Raina,GA Lamb,0,0,,,,,,,,,
452146,2010,2010-05-28,Queens Sports Club,1,21.5,India,Zimbabwe,RG Sharma,SK Raina,GA Lamb,1,0,,,,,,,,,
452146,2010,2010-05-28,Queens Sports Club,1,21.6,India,Zimbabwe,SK Raina,RG Sharma,GA Lamb,0,0,,,,,,,,,
452146,2010,2010-05-28,Queens Sports Club,1,22.1,India,Zimbabwe,RG Sharma,SK Raina,AG Cremer,1,0,,,,,,,,,
452146,2010,2010-05-28,Queens Sports Club,1,22.2,India,Zimbabwe,SK Raina,RG Sharma,AG Cremer,1,0,,,,,,,,,
452146,2010,2010-05-28,Queens Sports Club,1,22.3,India,Zimbabwe,RG Sharma,SK Raina,AG Cremer,0,0,,,,,,,,,
452146,2010,2010-05-28,Queens Sports Club,1,22.4,India,Zimbabwe,RG Sharma,SK Raina,AG Cremer,0,0,,,,,,,,,
452146,2010,2010-05-28,Queens Sports Club,1,22.5,India,Zimbabwe,RG Sharma,SK Raina,AG Cremer,0,0,,,,,,,,,
452146,2010,2010-05-28,Queens Sports Club,1,22.6,India,Zimbabwe,RG Sharma,SK Raina,AG Cremer,1,0,,,,,,,,,
452146,2010,2010-05-28,Queens Sports Club,1,23.1,India,Zimbabwe,RG Sharma,SK Raina,GA Lamb,1,0,,,,,,,,,
452146,2010,2010-05-28,Queens Sports Club,1,23.2,India,Zimbabwe,SK Raina,RG Sharma,GA Lamb,0,0,,,,,,,,,
452146,2010,2010-05-28,Queens Sports Club,1,23.3,India,Zimbabwe,SK Raina,RG Sharma,GA Lamb,0,0,,,,,,,,,
452146,2010,2010-05-28,Queens Sports Club,1,23.4,India,Zimbabwe,SK Raina,RG Sharma,GA Lamb,1,0,,,,,,,,,
452146,2010,2010-05-28,Queens Sports Club,1,23.5,India,Zimbabwe,RG Sharma,SK Raina,GA Lamb,0,0,,,,,,,,,
452146,2010,2010-05-28,Queens Sports Club,1,23.6,India,Zimbabwe,RG Sharma,SK Raina,GA Lamb,1,0,,,,,,,,,
452146,2010,2010-05-28,Queens Sports Club,1,24.1,India,Zimbabwe,RG Sharma,SK Raina,AG Cremer,0,0,,,,,,,,,
452146,2010,2010-05-28,Queens Sports Club,1,24.2,India,Zimbabwe,RG Sharma,SK Raina,AG Cremer,1,0,,,,,,,,,
452146,2010,2010-05-28,Queens Sports Club,1,24.3,India,Zimbabwe,SK Raina,RG Sharma,AG Cremer,0,0,,,,,,,,,
452146,2010,2010-05-28,Queens Sports Club,1,24.4,India,Zimbabwe,SK Raina,RG Sharma,AG Cremer,0,0,,,,,,,,,
452146,2010,2010-05-28,Queens Sports Club,1,24.5,India,Zimbabwe,SK Raina,RG Sharma,AG Cremer,1,0,,,,,,,,,
452146,2010,2010-05-28,Queens Sports Club,1,24.6,India,Zimbabwe,RG Sharma,SK Raina,AG Cremer,2,0,,,,,,,,,
452146,2010,2010-05-28,Queens Sports Club,1,25.1,India,Zimbabwe,SK Raina,RG Sharma,RW Price,1,0,,,,,,,,,
452146,2010,2010-05-28,Queens Sports Club,1,25.2,India,Zimbabwe,RG Sharma,SK Raina,RW Price,0,0,,,,,,,,,
452146,2010,2010-05-28,Queens Sports Club,1,25.3,India,Zimbabwe,RG Sharma,SK Raina,RW Price,2,0,,,,,,,,,
452146,2010,2010-05-28,Queens Sports Club,1,25.4,India,Zimbabwe,RG Sharma,SK Raina,RW Price,1,0,,,,,,,,,
452146,2010,2010-05-28,Queens Sports Club,1,25.5,India,Zimbabwe,SK Raina,RG Sharma,RW Price,1,0,,,,,,,,,
452146,2010,2010-05-28,Queens Sports Club,1,25.6,India,Zimbabwe,RG Sharma,SK Raina,RW Price,0,0,,,,,,,,,
452146,2010,2010-05-28,Queens Sports Club,1,26.1,India,Zimbabwe,SK Raina,RG Sharma,AG Cremer,4,0,,,,,,,,,
452146,2010,2010-05-28,Queens Sports Club,1,26.2,India,Zimbabwe,SK Raina,RG Sharma,AG Cremer,1,0,,,,,,,,,
452146,2010,2010-05-28,Queens Sports Club,1,26.3,India,Zimbabwe,RG Sharma,SK Raina,AG Cremer,1,0,,,,,,,,,
452146,2010,2010-05-28,Queens Sports Club,1,26.4,India,Zimbabwe,SK Raina,RG Sharma,AG Cremer,0,0,,,,,,,,,
452146,2010,2010-05-28,Queens Sports Club,1,26.5,India,Zimbabwe,SK Raina,RG Sharma,AG Cremer,1,0,,,,,,,,,
452146,2010,2010-05-28,Queens Sports Club,1,26.6,India,Zimbabwe,RG Sharma,SK Raina,AG Cremer,1,0,,,,,,,,,
452146,2010,2010-05-28,Queens Sports Club,1,27.1,India,Zimbabwe,RG Sharma,SK Raina,RW Price,0,0,,,,,,,,,
452146,2010,2010-05-28,Queens Sports Club,1,27.2,India,Zimbabwe,RG Sharma,SK Raina,RW Price,0,0,,,,,,,,,
452146,2010,2010-05-28,Queens Sports Club,1,27.3,India,Zimbabwe,RG Sharma,SK Raina,RW Price,1,0,,,,,,,,,
452146,2010,2010-05-28,Queens Sports Club,1,27.4,India,Zimbabwe,SK Raina,RG Sharma,RW Price,1,0,,,,,,,,,
452146,2010,2010-05-28,Queens Sports Club,1,27.5,India,Zimbabwe,RG Sharma,SK Raina,RW Price,1,0,,,,,,,,,
452146,2010,2010-05-28,Queens Sports Club,1,27.6,India,Zimbabwe,SK Raina,RG Sharma,RW Price,0,0,,,,,,,,,
452146,2010,2010-05-28,Queens Sports Club,1,28.1,India,Zimbabwe,RG Sharma,SK Raina,AG Cremer,1,0,,,,,,,,,
452146,2010,2010-05-28,Queens Sports Club,1,28.2,India,Zimbabwe,SK Raina,RG Sharma,AG Cremer,0,0,,,,,,,,,
452146,2010,2010-05-28,Queens Sports Club,1,28.3,India,Zimbabwe,SK Raina,RG Sharma,AG Cremer,2,0,,,,,,,,,
452146,2010,2010-05-28,Queens Sports Club,1,28.4,India,Zimbabwe,SK Raina,RG Sharma,AG Cremer,1,0,,,,,,,,,
452146,2010,2010-05-28,Queens Sports Club,1,28.5,India,Zimbabwe,RG Sharma,SK Raina,AG Cremer,1,0,,,,,,,,,
452146,2010,2010-05-28,Queens Sports Club,1,28.6,India,Zimbabwe,SK Raina,RG Sharma,AG Cremer,2,0,,,,,,,,,
452146,2010,2010-05-28,Queens Sports Club,1,29.1,India,Zimbabwe,RG Sharma,SK Raina,CB Mpofu,0,0,,,,,,,,,
452146,2010,2010-05-28,Queens Sports Club,1,29.2,India,Zimbabwe,RG Sharma,SK Raina,CB Mpofu,1,0,,,,,,,,,
452146,2010,2010-05-28,Queens Sports Club,1,29.3,India,Zimbabwe,SK Raina,RG Sharma,CB Mpofu,1,0,,,,,,,,,
452146,2010,2010-05-28,Queens Sports Club,1,29.4,India,Zimbabwe,RG Sharma,SK Raina,CB Mpofu,1,0,,,,,,,,,
452146,2010,2010-05-28,Queens Sports Club,1,29.5,India,Zimbabwe,SK Raina,RG Sharma,CB Mpofu,0,0,,,,,,,,,
452146,2010,2010-05-28,Queens Sports Club,1,29.6,India,Zimbabwe,SK Raina,RG Sharma,CB Mpofu,0,0,,,,,,caught,SK Raina,,
452146,2010,2010-05-28,Queens Sports Club,1,30.1,India,Zimbabwe,RG Sharma,RA Jadeja,P Utseya,1,0,,,,,,,,,
452146,2010,2010-05-28,Queens Sports Club,1,30.2,India,Zimbabwe,RA Jadeja,RG Sharma,P Utseya,0,0,,,,,,,,,
452146,2010,2010-05-28,Queens Sports Club,1,30.3,India,Zimbabwe,RA Jadeja,RG Sharma,P Utseya,0,0,,,,,,,,,
452146,2010,2010-05-28,Queens Sports Club,1,30.4,India,Zimbabwe,RA Jadeja,RG Sharma,P Utseya,1,0,,,,,,,,,
452146,2010,2010-05-28,Queens Sports Club,1,30.5,India,Zimbabwe,RG Sharma,RA Jadeja,P Utseya,1,0,,,,,,,,,
452146,2010,2010-05-28,Queens Sports Club,1,30.6,India,Zimbabwe,RA Jadeja,RG Sharma,P Utseya,0,0,,,,,,,,,
452146,2010,2010-05-28,Queens Sports Club,1,31.1,India,Zimbabwe,RG Sharma,RA Jadeja,GA Lamb,1,0,,,,,,,,,
452146,2010,2010-05-28,Queens Sports Club,1,31.2,India,Zimbabwe,RA Jadeja,RG Sharma,GA Lamb,0,0,,,,,,,,,
452146,2010,2010-05-28,Queens Sports Club,1,31.3,India,Zimbabwe,RA Jadeja,RG Sharma,GA Lamb,1,0,,,,,,,,,
452146,2010,2010-05-28,Queens Sports Club,1,31.4,India,Zimbabwe,RG Sharma,RA Jadeja,GA Lamb,0,0,,,,,,,,,
452146,2010,2010-05-28,Queens Sports Club,1,31.5,India,Zimbabwe,RG Sharma,RA Jadeja,GA Lamb,1,0,,,,,,,,,
452146,2010,2010-05-28,Queens Sports Club,1,31.6,India,Zimbabwe,RA Jadeja,RG Sharma,GA Lamb,0,0,,,,,,,,,
452146,2010,2010-05-28,Queens Sports Club,1,32.1,India,Zimbabwe,RG Sharma,RA Jadeja,P Utseya,0,0,,,,,,,,,
452146,2010,2010-05-28,Queens Sports Club,1,32.2,India,Zimbabwe,RG Sharma,RA Jadeja,P Utseya,0,0,,,,,,,,,
452146,2010,2010-05-28,Queens Sports Club,1,32.3,India,Zimbabwe,RG Sharma,RA Jadeja,P Utseya,1,0,,,,,,,,,
452146,2010,2010-05-28,Queens Sports Club,1,32.4,India,Zimbabwe,RA Jadeja,RG Sharma,P Utseya,0,0,,,,,,,,,
452146,2010,2010-05-28,Queens Sports Club,1,32.5,India,Zimbabwe,RA Jadeja,RG Sharma,P Utseya,1,0,,,,,,,,,
452146,2010,2010-05-28,Queens Sports Club,1,32.6,India,Zimbabwe,RG Sharma,RA Jadeja,P Utseya,1,0,,,,,,,,,
452146,2010,2010-05-28,Queens Sports Club,1,33.1,India,Zimbabwe,RG Sharma,RA Jadeja,GA Lamb,2,0,,,,,,,,,
452146,2010,2010-05-28,Queens Sports Club,1,33.2,India,Zimbabwe,RG Sharma,RA Jadeja,GA Lamb,1,0,,,,,,,,,
452146,2010,2010-05-28,Queens Sports Club,1,33.3,India,Zimbabwe,RA Jadeja,RG Sharma,GA Lamb,0,0,,,,,,,,,
452146,2010,2010-05-28,Queens Sports Club,1,33.4,India,Zimbabwe,RA Jadeja,RG Sharma,GA Lamb,0,0,,,,,,,,,
452146,2010,2010-05-28,Queens Sports Club,1,33.5,India,Zimbabwe,RA Jadeja,RG Sharma,GA Lamb,1,0,,,,,,,,,
452146,2010,2010-05-28,Queens Sports Club,1,33.6,India,Zimbabwe,RG Sharma,RA Jadeja,GA Lamb,1,0,,,,,,,,,
452146,2010,2010-05-28,Queens Sports Club,1,34.1,India,Zimbabwe,RG Sharma,RA Jadeja,P Utseya,0,0,,,,,,,,,
452146,2010,2010-05-28,Queens Sports Club,1,34.2,India,Zimbabwe,RG Sharma,RA Jadeja,P Utseya,2,0,,,,,,,,,
452146,2010,2010-05-28,Queens Sports Club,1,34.3,India,Zimbabwe,RG Sharma,RA Jadeja,P Utseya,0,0,,,,,,,,,
452146,2010,2010-05-28,Queens Sports Club,1,34.4,India,Zimbabwe,RG Sharma,RA Jadeja,P Utseya,0,0,,,,,,,,,
452146,2010,2010-05-28,Queens Sports Club,1,34.5,India,Zimbabwe,RG Sharma,RA Jadeja,P Utseya,1,0,,,,,,,,,
452146,2010,2010-05-28,Queens Sports Club,1,34.6,India,Zimbabwe,RA Jadeja,RG Sharma,P Utseya,1,0,,,,,,,,,
452146,2010,2010-05-28,Queens Sports Club,1,35.1,India,Zimbabwe,RA Jadeja,RG Sharma,AG Cremer,2,0,,,,,,,,,
452146,2010,2010-05-28,Queens Sports Club,1,35.2,India,Zimbabwe,RA Jadeja,RG Sharma,AG Cremer,0,0,,,,,,,,,
452146,2010,2010-05-28,Queens Sports Club,1,35.3,India,Zimbabwe,RA Jadeja,RG Sharma,AG Cremer,0,0,,,,,,,,,
452146,2010,2010-05-28,Queens Sports Club,1,35.4,India,Zimbabwe,RA Jadeja,RG Sharma,AG Cremer,0,1,1,,,,,,,,
452146,2010,2010-05-28,Queens Sports Club,1,35.5,India,Zimbabwe,RA Jadeja,RG Sharma,AG Cremer,1,0,,,,,,,,,
452146,2010,2010-05-28,Queens Sports Club,1,35.6,India,Zimbabwe,RG Sharma,RA Jadeja,AG Cremer,1,0,,,,,,,,,
452146,2010,2010-05-28,Queens Sports Club,1,35.7,India,Zimbabwe,RA Jadeja,RG Sharma,AG Cremer,1,0,,,,,,,,,
452146,2010,2010-05-28,Queens Sports Club,1,36.1,India,Zimbabwe,RA Jadeja,RG Sharma,AM Blignaut,0,0,,,,,,,,,
452146,2010,2010-05-28,Queens Sports Club,1,36.2,India,Zimbabwe,RA Jadeja,RG Sharma,AM Blignaut,0,0,,,,,,,,,
452146,2010,2010-05-28,Queens Sports Club,1,36.3,India,Zimbabwe,RA Jadeja,RG Sharma,AM Blignaut,2,0,,,,,,,,,
452146,2010,2010-05-28,Queens Sports Club,1,36.4,India,Zimbabwe,RA Jadeja,RG Sharma,AM Blignaut,2,0,,,,,,,,,
452146,2010,2010-05-28,Queens Sports Club,1,36.5,India,Zimbabwe,RA Jadeja,RG Sharma,AM Blignaut,0,0,,,,,,,,,
452146,2010,2010-05-28,Queens Sports Club,1,36.6,India,Zimbabwe,RA Jadeja,RG Sharma,AM Blignaut,1,0,,,,,,,,,
452146,2010,2010-05-28,Queens Sports Club,1,37.1,India,Zimbabwe,RA Jadeja,RG Sharma,AG Cremer,1,0,,,,,,,,,
452146,2010,2010-05-28,Queens Sports Club,1,37.2,India,Zimbabwe,RG Sharma,RA Jadeja,AG Cremer,4,0,,,,,,,,,
452146,2010,2010-05-28,Queens Sports Club,1,37.3,India,Zimbabwe,RG Sharma,RA Jadeja,AG Cremer,1,0,,,,,,,,,
452146,2010,2010-05-28,Queens Sports Club,1,37.4,India,Zimbabwe,RA Jadeja,RG Sharma,AG Cremer,0,0,,,,,,,,,
452146,2010,2010-05-28,Queens Sports Club,1,37.5,India,Zimbabwe,RA Jadeja,RG Sharma,AG Cremer,1,0,,,,,,,,,
452146,2010,2010-05-28,Queens Sports Club,1,37.6,India,Zimbabwe,RG Sharma,RA Jadeja,AG Cremer,1,0,,,,,,,,,
452146,2010,2010-05-28,Queens Sports Club,1,38.1,India,Zimbabwe,RG Sharma,RA Jadeja,RW Price,1,0,,,,,,,,,
452146,2010,2010-05-28,Queens Sports Club,1,38.2,India,Zimbabwe,RA Jadeja,RG Sharma,RW Price,0,0,,,,,,,,,
452146,2010,2010-05-28,Queens Sports Club,1,38.3,India,Zimbabwe,RA Jadeja,RG Sharma,RW Price,2,0,,,,,,,,,
452146,2010,2010-05-28,Queens Sports Club,1,38.4,India,Zimbabwe,RA Jadeja,RG Sharma,RW Price,0,0,,,,,,,,,
452146,2010,2010-05-28,Queens Sports Club,1,38.5,India,Zimbabwe,RA Jadeja,RG Sharma,RW Price,1,0,,,,,,,,,
452146,2010,2010-05-28,Queens Sports Club,1,38.6,India,Zimbabwe,RG Sharma,RA Jadeja,RW Price,1,0,,,,,,,,,
452146,2010,2010-05-28,Queens Sports Club,1,39.1,India,Zimbabwe,RG Sharma,RA Jadeja,GA Lamb,6,0,,,,,,,,,
452146,2010,2010-05-28,Queens Sports Club,1,39.2,India,Zimbabwe,RG Sharma,RA Jadeja,GA Lamb,0,0,,,,,,,,,
452146,2010,2010-05-28,Queens Sports Club,1,39.3,India,Zimbabwe,RG Sharma,RA Jadeja,GA Lamb,0,0,,,,,,,,,
452146,2010,2010-05-28,Queens Sports Club,1,39.4,India,Zimbabwe,RG Sharma,RA Jadeja,GA Lamb,1,0,,,,,,,,,
452146,2010,2010-05-28,Queens Sports Club,1,39.5,India,Zimbabwe,RA Jadeja,RG Sharma,GA Lamb,0,0,,,,,,,,,
452146,2010,2010-05-28,Queens Sports Club,1,39.6,India,Zimbabwe,RA Jadeja,RG Sharma,GA Lamb,0,0,,,,,,,,,
452146,2010,2010-05-28,Queens Sports Club,1,40.1,India,Zimbabwe,RG Sharma,RA Jadeja,P Utseya,0,0,,,,,,,,,
452146,2010,2010-05-28,Queens Sports Club,1,40.2,India,Zimbabwe,RG Sharma,RA Jadeja,P Utseya,1,0,,,,,,,,,
452146,2010,2010-05-28,Queens Sports Club,1,40.3,India,Zimbabwe,RA Jadeja,RG Sharma,P Utseya,0,0,,,,,,,,,
452146,2010,2010-05-28,Queens Sports Club,1,40.4,India,Zimbabwe,RA Jadeja,RG Sharma,P Utseya,3,0,,,,,,,,,
452146,2010,2010-05-28,Queens Sports Club,1,40.5,India,Zimbabwe,RG Sharma,RA Jadeja,P Utseya,2,0,,,,,,,,,
452146,2010,2010-05-28,Queens Sports Club,1,40.6,India,Zimbabwe,RG Sharma,RA Jadeja,P Utseya,1,0,,,,,,,,,
452146,2010,2010-05-28,Queens Sports Club,1,41.1,India,Zimbabwe,RG Sharma,RA Jadeja,GA Lamb,1,0,,,,,,,,,
452146,2010,2010-05-28,Queens Sports Club,1,41.2,India,Zimbabwe,RA Jadeja,RG Sharma,GA Lamb,1,0,,,,,,,,,
452146,2010,2010-05-28,Queens Sports Club,1,41.3,India,Zimbabwe,RG Sharma,RA Jadeja,GA Lamb,4,0,,,,,,,,,
452146,2010,2010-05-28,Queens Sports Club,1,41.4,India,Zimbabwe,RG Sharma,RA Jadeja,GA Lamb,1,0,,,,,,,,,
452146,2010,2010-05-28,Queens Sports Club,1,41.5,India,Zimbabwe,RA Jadeja,RG Sharma,GA Lamb,1,0,,,,,,,,,
452146,2010,2010-05-28,Queens Sports Club,1,41.6,India,Zimbabwe,RG Sharma,RA Jadeja,GA Lamb,0,0,,,,,,,,,
452146,2010,2010-05-28,Queens Sports Club,1,42.1,India,Zimbabwe,RA Jadeja,RG Sharma,RW Price,1,0,,,,,,,,,
452146,2010,2010-05-28,Queens Sports Club,1,42.2,India,Zimbabwe,RG Sharma,RA Jadeja,RW Price,0,0,,,,,,,,,
452146,2010,2010-05-28,Queens Sports Club,1,42.3,India,Zimbabwe,RG Sharma,RA Jadeja,RW Price,4,0,,,,,,,,,
452146,2010,2010-05-28,Queens Sports Club,1,42.4,India,Zimbabwe,RG Sharma,RA Jadeja,RW Price,0,0,,,,,,,,,
452146,2010,2010-05-28,Queens Sports Club,1,42.5,India,Zimbabwe,RG Sharma,RA Jadeja,RW Price,1,0,,,,,,,,,
452146,2010,2010-05-28,Queens Sports Club,1,42.6,India,Zimbabwe,RA Jadeja,RG Sharma,RW Price,0,0,,,,,,,,,
452146,2010,2010-05-28,Queens Sports Club,1,43.1,India,Zimbabwe,RG Sharma,RA Jadeja,CB Mpofu,1,0,,,,,,,,,
452146,2010,2010-05-28,Queens Sports Club,1,43.2,India,Zimbabwe,RA Jadeja,RG Sharma,CB Mpofu,4,0,,,,,,,,,
452146,2010,2010-05-28,Queens Sports Club,1,43.3,India,Zimbabwe,RA Jadeja,RG Sharma,CB Mpofu,1,0,,,,,,,,,
452146,2010,2010-05-28,Queens Sports Club,1,43.4,India,Zimbabwe,RG Sharma,RA Jadeja,CB Mpofu,6,0,,,,,,,,,
452146,2010,2010-05-28,Queens Sports Club,1,43.5,India,Zimbabwe,RG Sharma,RA Jadeja,CB Mpofu,4,0,,,,,,,,,
452146,2010,2010-05-28,Queens Sports Club,1,43.6,India,Zimbabwe,RG Sharma,RA Jadeja,CB Mpofu,1,0,,,,,,,,,
452146,2010,2010-05-28,Queens Sports Club,1,44.1,India,Zimbabwe,RG Sharma,RA Jadeja,RW Price,1,0,,,,,,,,,
452146,2010,2010-05-28,Queens Sports Club,1,44.2,India,Zimbabwe,RA Jadeja,RG Sharma,RW Price,1,0,,,,,,,,,
452146,2010,2010-05-28,Queens Sports Club,1,44.3,India,Zimbabwe,RG Sharma,RA Jadeja,RW Price,1,0,,,,,,,,,
452146,2010,2010-05-28,Queens Sports Club,1,44.4,India,Zimbabwe,RA Jadeja,RG Sharma,RW Price,4,0,,,,,,,,,
452146,2010,2010-05-28,Queens Sports Club,1,44.5,India,Zimbabwe,RA Jadeja,RG Sharma,RW Price,0,0,,,,,,,,,
452146,2010,2010-05-28,Queens Sports Club,1,44.6,India,Zimbabwe,RA Jadeja,RG Sharma,RW Price,1,0,,,,,,,,,
452146,2010,2010-05-28,Queens Sports Club,1,45.1,India,Zimbabwe,RA Jadeja,RG Sharma,CB Mpofu,1,0,,,,,,,,,
452146,2010,2010-05-28,Queens Sports Club,1,45.2,India,Zimbabwe,RG Sharma,RA Jadeja,CB Mpofu,6,0,,,,,,,,,
452146,2010,2010-05-28,Queens Sports Club,1,45.3,India,Zimbabwe,RG Sharma,RA Jadeja,CB Mpofu,0,0,,,,,,,,,
452146,2010,2010-05-28,Queens Sports Club,1,45.4,India,Zimbabwe,RG Sharma,RA Jadeja,CB Mpofu,1,0,,,,,,,,,
452146,2010,2010-05-28,Queens Sports Club,1,45.5,India,Zimbabwe,RA Jadeja,RG Sharma,CB Mpofu,2,0,,,,,,,,,
452146,2010,2010-05-28,Queens Sports Club,1,45.6,India,Zimbabwe,RA Jadeja,RG Sharma,CB Mpofu,0,1,,,1,,,,,,
452146,2010,2010-05-28,Queens Sports Club,1,46.1,India,Zimbabwe,RA Jadeja,RG Sharma,RW Price,0,0,,,,,,,,,
452146,2010,2010-05-28,Queens Sports Club,1,46.2,India,Zimbabwe,RA Jadeja,RG Sharma,RW Price,4,0,,,,,,,,,
452146,2010,2010-05-28,Queens Sports Club,1,46.3,India,Zimbabwe,RA Jadeja,RG Sharma,RW Price,1,0,,,,,,,,,
452146,2010,2010-05-28,Queens Sports Club,1,46.4,India,Zimbabwe,RG Sharma,RA Jadeja,RW Price,6,0,,,,,,,,,
452146,2010,2010-05-28,Queens Sports Club,1,46.5,India,Zimbabwe,RG Sharma,RA Jadeja,RW Price,2,0,,,,,,,,,
452146,2010,2010-05-28,Queens Sports Club,1,46.6,India,Zimbabwe,RG Sharma,RA Jadeja,RW Price,4,0,,,,,,,,,
452146,2010,2010-05-28,Queens Sports Club,1,47.1,India,Zimbabwe,RA Jadeja,RG Sharma,CB Mpofu,2,0,,,,,,,,,
452146,2010,2010-05-28,Queens Sports Club,1,47.2,India,Zimbabwe,RA Jadeja,RG Sharma,CB Mpofu,1,0,,,,,,,,,
452146,2010,2010-05-28,Queens Sports Club,1,47.3,India,Zimbabwe,RG Sharma,RA Jadeja,CB Mpofu,2,0,,,,,,,,,
452146,2010,2010-05-28,Queens Sports Club,1,47.4,India,Zimbabwe,RG Sharma,RA Jadeja,CB Mpofu,4,0,,,,,,,,,
452146,2010,2010-05-28,Queens Sports Club,1,47.5,India,Zimbabwe,RG Sharma,RA Jadeja,CB Mpofu,0,0,,,,,,caught,RG Sharma,,
452146,2010,2010-05-28,Queens Sports Club,1,47.6,India,Zimbabwe,RA Jadeja,YK Pathan,CB Mpofu,1,0,,,,,,,,,
452146,2010,2010-05-28,Queens Sports Club,1,48.1,India,Zimbabwe,RA Jadeja,YK Pathan,P Utseya,0,0,,,,,,,,,
452146,2010,2010-05-28,Queens Sports Club,1,48.2,India,Zimbabwe,RA Jadeja,YK Pathan,P Utseya,1,0,,,,,,,,,
452146,2010,2010-05-28,Queens Sports Club,1,48.3,India,Zimbabwe,YK Pathan,RA Jadeja,P Utseya,6,0,,,,,,,,,
452146,2010,2010-05-28,Queens Sports Club,1,48.4,India,Zimbabwe,YK Pathan,RA Jadeja,P Utseya,4,0,,,,,,,,,
452146,2010,2010-05-28,Queens Sports Club,1,48.5,India,Zimbabwe,YK Pathan,RA Jadeja,P Utseya,1,0,,,,,,,,,
452146,2010,2010-05-28,Queens Sports Club,1,48.6,India,Zimbabwe,RA Jadeja,YK Pathan,P Utseya,1,0,,,,,,,,,
452146,2010,2010-05-28,Queens Sports Club,1,49.1,India,Zimbabwe,RA Jadeja,YK Pathan,CB Mpofu,2,0,,,,,,,,,
452146,2010,2010-05-28,Queens Sports Club,1,49.2,India,Zimbabwe,RA Jadeja,YK Pathan,CB Mpofu,4,0,,,,,,,,,
452146,2010,2010-05-28,Queens Sports Club,1,49.3,India,Zimbabwe,RA Jadeja,YK Pathan,CB Mpofu,4,0,,,,,,,,,
452146,2010,2010-05-28,Queens Sports Club,1,49.4,India,Zimbabwe,RA Jadeja,YK Pathan,CB Mpofu,1,0,,,,,,,,,
452146,2010,2010-05-28,Queens Sports Club,1,49.5,India,Zimbabwe,YK Pathan,RA Jadeja,CB Mpofu,0,0,,,,,,,,,
452146,2010,2010-05-28,Queens Sports Club,1,49.6,India,Zimbabwe,YK Pathan,RA Jadeja,CB Mpofu,0,0,,,,,,,,,
452146,2010,2010-05-28,Queens Sports Club,2,0.1,Zimbabwe,India,H Masakadza,BRM Taylor,AB Dinda,0,0,,,,,,,,,
452146,2010,2010-05-28,Queens Sports Club,2,0.2,Zimbabwe,India,H Masakadza,BRM Taylor,AB Dinda,0,0,,,,,,,,,
452146,2010,2010-05-28,Queens Sports Club,2,0.3,Zimbabwe,India,H Masakadza,BRM Taylor,AB Dinda,0,0,,,,,,,,,
452146,2010,2010-05-28,Queens Sports Club,2,0.4,Zimbabwe,India,H Masakadza,BRM Taylor,AB Dinda,0,0,,,,,,,,,
452146,2010,2010-05-28,Queens Sports Club,2,0.5,Zimbabwe,India,H Masakadza,BRM Taylor,AB Dinda,1,0,,,,,,,,,
452146,2010,2010-05-28,Queens Sports Club,2,0.6,Zimbabwe,India,BRM Taylor,H Masakadza,AB Dinda,4,0,,,,,,,,,
452146,2010,2010-05-28,Queens Sports Club,2,1.1,Zimbabwe,India,H Masakadza,BRM Taylor,R Vinay Kumar,0,0,,,,,,,,,
452146,2010,2010-05-28,Queens Sports Club,2,1.2,Zimbabwe,India,H Masakadza,BRM Taylor,R Vinay Kumar,1,0,,,,,,,,,
452146,2010,2010-05-28,Queens Sports Club,2,1.3,Zimbabwe,India,BRM Taylor,H Masakadza,R Vinay Kumar,0,0,,,,,,,,,
452146,2010,2010-05-28,Queens Sports Club,2,1.4,Zimbabwe,India,BRM Taylor,H Masakadza,R Vinay Kumar,0,0,,,,,,,,,
452146,2010,2010-05-28,Queens Sports Club,2,1.5,Zimbabwe,India,BRM Taylor,H Masakadza,R Vinay Kumar,0,0,,,,,,,,,
452146,2010,2010-05-28,Queens Sports Club,2,1.6,Zimbabwe,India,BRM Taylor,H Masakadza,R Vinay Kumar,2,0,,,,,,,,,
452146,2010,2010-05-28,Queens Sports Club,2,2.1,Zimbabwe,India,H Masakadza,BRM Taylor,AB Dinda,1,0,,,,,,,,,
452146,2010,2010-05-28,Queens Sports Club,2,2.2,Zimbabwe,India,BRM Taylor,H Masakadza,AB Dinda,0,0,,,,,,,,,
452146,2010,2010-05-28,Queens Sports Club,2,2.3,Zimbabwe,India,BRM Taylor,H Masakadza,AB Dinda,0,0,,,,,,,,,
452146,2010,2010-05-28,Queens Sports Club,2,2.4,Zimbabwe,India,BRM Taylor,H Masakadza,AB Dinda,1,0,,,,,,,,,
452146,2010,2010-05-28,Queens Sports Club,2,2.5,Zimbabwe,India,H Masakadza,BRM Taylor,AB Dinda,0,0,,,,,,,,,
452146,2010,2010-05-28,Queens Sports Club,2,2.6,Zimbabwe,India,H Masakadza,BRM Taylor,AB Dinda,4,0,,,,,,,,,
452146,2010,2010-05-28,Queens Sports Club,2,3.1,Zimbabwe,India,BRM Taylor,H Masakadza,R Vinay Kumar,0,0,,,,,,,,,
452146,2010,2010-05-28,Queens Sports Club,2,3.2,Zimbabwe,India,BRM Taylor,H Masakadza,R Vinay Kumar,0,0,,,,,,,,,
452146,2010,2010-05-28,Queens Sports Club,2,3.3,Zimbabwe,India,BRM Taylor,H Masakadza,R Vinay Kumar,1,0,,,,,,,,,
452146,2010,2010-05-28,Queens Sports Club,2,3.4,Zimbabwe,India,H Masakadza,BRM Taylor,R Vinay Kumar,2,0,,,,,,,,,
452146,2010,2010-05-28,Queens Sports Club,2,3.5,Zimbabwe,India,H Masakadza,BRM Taylor,R Vinay Kumar,0,0,,,,,,,,,
452146,2010,2010-05-28,Queens Sports Club,2,3.6,Zimbabwe,India,H Masakadza,BRM Taylor,R Vinay Kumar,4,0,,,,,,,,,
452146,2010,2010-05-28,Queens Sports Club,2,4.1,Zimbabwe,India,BRM Taylor,H Masakadza,AB Dinda,0,0,,,,,,,,,
452146,2010,2010-05-28,Queens Sports Club,2,4.2,Zimbabwe,India,BRM Taylor,H Masakadza,AB Dinda,3,0,,,,,,,,,
452146,2010,2010-05-28,Queens Sports Club,2,4.3,Zimbabwe,India,H Masakadza,BRM Taylor,AB Dinda,0,0,,,,,,,,,
452146,2010,2010-05-28,Queens Sports Club,2,4.4,Zimbabwe,India,H Masakadza,BRM Taylor,AB Dinda,0,0,,,,,,,,,
452146,2010,2010-05-28,Queens Sports Club,2,4.5,Zimbabwe,India,H Masakadza,BRM Taylor,AB Dinda,0,0,,,,,,,,,
452146,2010,2010-05-28,Queens Sports Club,2,4.6,Zimbabwe,India,H Masakadza,BRM Taylor,AB Dinda,0,0,,,,,,,,,
452146,2010,2010-05-28,Queens Sports Club,2,5.1,Zimbabwe,India,BRM Taylor,H Masakadza,UT Yadav,0,0,,,,,,,,,
452146,2010,2010-05-28,Queens Sports Club,2,5.2,Zimbabwe,India,BRM Taylor,H Masakadza,UT Yadav,1,0,,,,,,,,,
452146,2010,2010-05-28,Queens Sports Club,2,5.3,Zimbabwe,India,H Masakadza,BRM Taylor,UT Yadav,1,0,,,,,,,,,
452146,2010,2010-05-28,Queens Sports Club,2,5.4,Zimbabwe,India,BRM Taylor,H Masakadza,UT Yadav,4,0,,,,,,,,,
452146,2010,2010-05-28,Queens Sports Club,2,5.5,Zimbabwe,India,BRM Taylor,H Masakadza,UT Yadav,1,0,,,,,,,,,
452146,2010,2010-05-28,Queens Sports Club,2,5.6,Zimbabwe,India,H Masakadza,BRM Taylor,UT Yadav,0,0,,,,,,,,,
452146,2010,2010-05-28,Queens Sports Club,2,6.1,Zimbabwe,India,BRM Taylor,H Masakadza,AB Dinda,3,0,,,,,,,,,
452146,2010,2010-05-28,Queens Sports Club,2,6.2,Zimbabwe,India,H Masakadza,BRM Taylor,AB Dinda,0,0,,,,,,,,,
452146,2010,2010-05-28,Queens Sports Club,2,6.3,Zimbabwe,India,H Masakadza,BRM Taylor,AB Dinda,2,0,,,,,,,,,
452146,2010,2010-05-28,Queens Sports Club,2,6.4,Zimbabwe,India,H Masakadza,BRM Taylor,AB Dinda,0,0,,,,,,,,,
452146,2010,2010-05-28,Queens Sports Club,2,6.5,Zimbabwe,India,H Masakadza,BRM Taylor,AB Dinda,1,0,,,,,,,,,
452146,2010,2010-05-28,Queens Sports Club,2,6.6,Zimbabwe,India,BRM Taylor,H Masakadza,AB Dinda,0,0,,,,,,,,,
452146,2010,2010-05-28,Queens Sports Club,2,7.1,Zimbabwe,India,H Masakadza,BRM Taylor,UT Yadav,0,0,,,,,,,,,
452146,2010,2010-05-28,Queens Sports Club,2,7.2,Zimbabwe,India,H Masakadza,BRM Taylor,UT Yadav,0,0,,,,,,,,,
452146,2010,2010-05-28,Queens Sports Club,2,7.3,Zimbabwe,India,H Masakadza,BRM Taylor,UT Yadav,2,0,,,,,,,,,
452146,2010,2010-05-28,Queens Sports Club,2,7.4,Zimbabwe,India,H Masakadza,BRM Taylor,UT Yadav,6,0,,,,,,,,,
452146,2010,2010-05-28,Queens Sports Club,2,7.5,Zimbabwe,India,H Masakadza,BRM Taylor,UT Yadav,0,0,,,,,,,,,
452146,2010,2010-05-28,Queens Sports Club,2,7.6,Zimbabwe,India,H Masakadza,BRM Taylor,UT Yadav,0,0,,,,,,,,,
452146,2010,2010-05-28,Queens Sports Club,2,8.1,Zimbabwe,India,BRM Taylor,H Masakadza,AB Dinda,0,0,,,,,,,,,
452146,2010,2010-05-28,Queens Sports Club,2,8.2,Zimbabwe,India,BRM Taylor,H Masakadza,AB Dinda,1,0,,,,,,,,,
452146,2010,2010-05-28,Queens Sports Club,2,8.3,Zimbabwe,India,H Masakadza,BRM Taylor,AB Dinda,4,0,,,,,,,,,
452146,2010,2010-05-28,Queens Sports Club,2,8.4,Zimbabwe,India,H Masakadza,BRM Taylor,AB Dinda,1,0,,,,,,,,,
452146,2010,2010-05-28,Queens Sports Club,2,8.5,Zimbabwe,India,BRM Taylor,H Masakadza,AB Dinda,0,0,,,,,,,,,
452146,2010,2010-05-28,Queens Sports Club,2,8.6,Zimbabwe,India,BRM Taylor,H Masakadza,AB Dinda,1,0,,,,,,,,,
452146,2010,2010-05-28,Queens Sports Club,2,9.1,Zimbabwe,India,BRM Taylor,H Masakadza,R Vinay Kumar,0,0,,,,,,,,,
452146,2010,2010-05-28,Queens Sports Club,2,9.2,Zimbabwe,India,BRM Taylor,H Masakadza,R Vinay Kumar,6,0,,,,,,,,,
452146,2010,2010-05-28,Queens Sports Club,2,9.3,Zimbabwe,India,BRM Taylor,H Masakadza,R Vinay Kumar,0,0,,,,,,,,,
452146,2010,2010-05-28,Queens Sports Club,2,9.4,Zimbabwe,India,BRM Taylor,H Masakadza,R Vinay Kumar,0,0,,,,,,,,,
452146,2010,2010-05-28,Queens Sports Club,2,9.5,Zimbabwe,India,BRM Taylor,H Masakadza,R Vinay Kumar,6,0,,,,,,,,,
452146,2010,2010-05-28,Queens Sports Club,2,9.6,Zimbabwe,India,BRM Taylor,H Masakadza,R Vinay Kumar,4,0,,,,,,,,,
452146,2010,2010-05-28,Queens Sports Club,2,10.1,Zimbabwe,India,H Masakadza,BRM Taylor,A Mishra,3,0,,,,,,,,,
452146,2010,2010-05-28,Queens Sports Club,2,10.2,Zimbabwe,India,BRM Taylor,H Masakadza,A Mishra,0,0,,,,,,,,,
452146,2010,2010-05-28,Queens Sports Club,2,10.3,Zimbabwe,India,BRM Taylor,H Masakadza,A Mishra,0,0,,,,,,,,,
452146,2010,2010-05-28,Queens Sports Club,2,10.4,Zimbabwe,India,BRM Taylor,H Masakadza,A Mishra,1,0,,,,,,,,,
452146,2010,2010-05-28,Queens Sports Club,2,10.5,Zimbabwe,India,H Masakadza,BRM Taylor,A Mishra,1,0,,,,,,,,,
452146,2010,2010-05-28,Queens Sports Club,2,10.6,Zimbabwe,India,BRM Taylor,H Masakadza,A Mishra,0,0,,,,,,,,,
452146,2010,2010-05-28,Queens Sports Club,2,11.1,Zimbabwe,India,H Masakadza,BRM Taylor,RA Jadeja,0,0,,,,,,,,,
452146,2010,2010-05-28,Queens Sports Club,2,11.2,Zimbabwe,India,H Masakadza,BRM Taylor,RA Jadeja,4,0,,,,,,,,,
452146,2010,2010-05-28,Queens Sports Club,2,11.3,Zimbabwe,India,H Masakadza,BRM Taylor,RA Jadeja,1,0,,,,,,,,,
452146,2010,2010-05-28,Queens Sports Club,2,11.4,Zimbabwe,India,BRM Taylor,H Masakadza,RA Jadeja,1,0,,,,,,,,,
452146,2010,2010-05-28,Queens Sports Club,2,11.5,Zimbabwe,India,H Masakadza,BRM Taylor,RA Jadeja,2,0,,,,,,,,,
452146,2010,2010-05-28,Queens Sports Club,2,11.6,Zimbabwe,India,H Masakadza,BRM Taylor,RA Jadeja,1,0,,,,,,,,,
452146,2010,2010-05-28,Queens Sports Club,2,12.1,Zimbabwe,India,H Masakadza,BRM Taylor,A Mishra,0,1,,,,1,,,,,
452146,2010,2010-05-28,Queens Sports Club,2,12.2,Zimbabwe,India,BRM Taylor,H Masakadza,A Mishra,1,0,,,,,,,,,
452146,2010,2010-05-28,Queens Sports Club,2,12.3,Zimbabwe,India,H Masakadza,BRM Taylor,A Mishra,0,0,,,,,,,,,
452146,2010,2010-05-28,Queens Sports Club,2,12.4,Zimbabwe,India,H Masakadza,BRM Taylor,A Mishra,0,0,,,,,,,,,
452146,2010,2010-05-28,Queens Sports Club,2,12.5,Zimbabwe,India,H Masakadza,BRM Taylor,A Mishra,4,0,,,,,,,,,
452146,2010,2010-05-28,Queens Sports Club,2,12.6,Zimbabwe,India,H Masakadza,BRM Taylor,A Mishra,0,0,,,,,,bowled,H Masakadza,,
452146,2010,2010-05-28,Queens Sports Club,2,13.1,Zimbabwe,India,BRM Taylor,GA Lamb,RA Jadeja,0,0,,,,,,,,,
452146,2010,2010-05-28,Queens Sports Club,2,13.2,Zimbabwe,India,BRM Taylor,GA Lamb,RA Jadeja,0,0,,,,,,,,,
452146,2010,2010-05-28,Queens Sports Club,2,13.3,Zimbabwe,India,BRM Taylor,GA Lamb,RA Jadeja,1,0,,,,,,,,,
452146,2010,2010-05-28,Queens Sports Club,2,13.4,Zimbabwe,India,GA Lamb,BRM Taylor,RA Jadeja,0,0,,,,,,,,,
452146,2010,2010-05-28,Queens Sports Club,2,13.5,Zimbabwe,India,GA Lamb,BRM Taylor,RA Jadeja,0,1,,,,1,,,,,
452146,2010,2010-05-28,Queens Sports Club,2,13.6,Zimbabwe,India,BRM Taylor,GA Lamb,RA Jadeja,1,0,,,,,,,,,
452146,2010,2010-05-28,Queens Sports Club,2,14.1,Zimbabwe,India,BRM Taylor,GA Lamb,A Mishra,1,0,,,,,,,,,
452146,2010,2010-05-28,Queens Sports Club,2,14.2,Zimbabwe,India,GA Lamb,BRM Taylor,A Mishra,0,0,,,,,,,,,
452146,2010,2010-05-28,Queens Sports Club,2,14.3,Zimbabwe,India,GA Lamb,BRM Taylor,A Mishra,0,0,,,,,,,,,
452146,2010,2010-05-28,Queens Sports Club,2,14.4,Zimbabwe,India,GA Lamb,BRM Taylor,A Mishra,0,1,,,,1,,,,,
452146,2010,2010-05-28,Queens Sports Club,2,14.5,Zimbabwe,India,BRM Taylor,GA Lamb,A Mishra,0,0,,,,,,,,,
452146,2010,2010-05-28,Queens Sports Club,2,14.6,Zimbabwe,India,BRM Taylor,GA Lamb,A Mishra,1,0,,,,,,,,,
452146,2010,2010-05-28,Queens Sports Club,2,15.1,Zimbabwe,India,BRM Taylor,GA Lamb,RA Jadeja,0,0,,,,,,,,,
452146,2010,2010-05-28,Queens Sports Club,2,15.2,Zimbabwe,India,BRM Taylor,GA Lamb,RA Jadeja,0,0,,,,,,,,,
452146,2010,2010-05-28,Queens Sports Club,2,15.3,Zimbabwe,India,BRM Taylor,GA Lamb,RA Jadeja,1,0,,,,,,,,,
452146,2010,2010-05-28,Queens Sports Club,2,15.4,Zimbabwe,India,GA Lamb,BRM Taylor,RA Jadeja,1,0,,,,,,,,,
452146,2010,2010-05-28,Queens Sports Club,2,15.5,Zimbabwe,India,BRM Taylor,GA Lamb,RA Jadeja,0,0,,,,,,,,,
452146,2010,2010-05-28,Queens Sports Club,2,15.6,Zimbabwe,India,BRM Taylor,GA Lamb,RA Jadeja,1,0,,,,,,,,,
452146,2010,2010-05-28,Queens Sports Club,2,16.1,Zimbabwe,India,BRM Taylor,GA Lamb,A Mishra,1,0,,,,,,,,,
452146,2010,2010-05-28,Queens Sports Club,2,16.2,Zimbabwe,India,GA Lamb,BRM Taylor,A Mishra,1,0,,,,,,,,,
452146,2010,2010-05-28,Queens Sports Club,2,16.3,Zimbabwe,India,BRM Taylor,GA Lamb,A Mishra,1,0,,,,,,,,,
452146,2010,2010-05-28,Queens Sports Club,2,16.4,Zimbabwe,India,GA Lamb,BRM Taylor,A Mishra,0,0,,,,,,,,,
452146,2010,2010-05-28,Queens Sports Club,2,16.5,Zimbabwe,India,GA Lamb,BRM Taylor,A Mishra,0,0,,,,,,,,,
452146,2010,2010-05-28,Queens Sports Club,2,16.6,Zimbabwe,India,GA Lamb,BRM Taylor,A Mishra,2,0,,,,,,,,,
452146,2010,2010-05-28,Queens Sports Club,2,17.1,Zimbabwe,India,BRM Taylor,GA Lamb,RA Jadeja,1,0,,,,,,,,,
452146,2010,2010-05-28,Queens Sports Club,2,17.2,Zimbabwe,India,GA Lamb,BRM Taylor,RA Jadeja,0,0,,,,,,,,,
452146,2010,2010-05-28,Queens Sports Club,2,17.3,Zimbabwe,India,GA Lamb,BRM Taylor,RA Jadeja,1,0,,,,,,,,,
452146,2010,2010-05-28,Queens Sports Club,2,17.4,Zimbabwe,India,BRM Taylor,GA Lamb,RA Jadeja,0,0,,,,,,,,,
452146,2010,2010-05-28,Queens Sports Club,2,17.5,Zimbabwe,India,BRM Taylor,GA Lamb,RA Jadeja,1,0,,,,,,,,,
452146,2010,2010-05-28,Queens Sports Club,2,17.6,Zimbabwe,India,GA Lamb,BRM Taylor,RA Jadeja,1,0,,,,,,,,,
452146,2010,2010-05-28,Queens Sports Club,2,18.1,Zimbabwe,India,GA Lamb,BRM Taylor,A Mishra,0,0,,,,,,,,,
452146,2010,2010-05-28,Queens Sports Club,2,18.2,Zimbabwe,India,GA Lamb,BRM Taylor,A Mishra,0,0,,,,,,,,,
452146,2010,2010-05-28,Queens Sports Club,2,18.3,Zimbabwe,India,GA Lamb,BRM Taylor,A Mishra,0,0,,,,,,,,,
452146,2010,2010-05-28,Queens Sports Club,2,18.4,Zimbabwe,India,GA Lamb,BRM Taylor,A Mishra,3,0,,,,,,,,,
452146,2010,2010-05-28,Queens Sports Club,2,18.5,Zimbabwe,India,BRM Taylor,GA Lamb,A Mishra,0,0,,,,,,,,,
452146,2010,2010-05-28,Queens Sports Club,2,18.6,Zimbabwe,India,BRM Taylor,GA Lamb,A Mishra,1,0,,,,,,,,,
452146,2010,2010-05-28,Queens Sports Club,2,19.1,Zimbabwe,India,BRM Taylor,GA Lamb,UT Yadav,0,0,,,,,,,,,
452146,2010,2010-05-28,Queens Sports Club,2,19.2,Zimbabwe,India,BRM Taylor,GA Lamb,UT Yadav,0,0,,,,,,,,,
452146,2010,2010-05-28,Queens Sports Club,2,19.3,Zimbabwe,India,BRM Taylor,GA Lamb,UT Yadav,1,0,,,,,,,,,
452146,2010,2010-05-28,Queens Sports Club,2,19.4,Zimbabwe,India,GA Lamb,BRM Taylor,UT Yadav,0,2,,,,2,,,,,
452146,2010,2010-05-28,Queens Sports Club,2,19.5,Zimbabwe,India,GA Lamb,BRM Taylor,UT Yadav,0,0,,,,,,,,,
452146,2010,2010-05-28,Queens Sports Club,2,19.6,Zimbabwe,India,GA Lamb,BRM Taylor,UT Yadav,2,0,,,,,,,,,
452146,2010,2010-05-28,Queens Sports Club,2,20.1,Zimbabwe,India,BRM Taylor,GA Lamb,A Mishra,1,0,,,,,,,,,
452146,2010,2010-05-28,Queens Sports Club,2,20.2,Zimbabwe,India,GA Lamb,BRM Taylor,A Mishra,0,0,,,,,,,,,
452146,2010,2010-05-28,Queens Sports Club,2,20.3,Zimbabwe,India,GA Lamb,BRM Taylor,A Mishra,0,0,,,,,,,,,
452146,2010,2010-05-28,Queens Sports Club,2,20.4,Zimbabwe,India,GA Lamb,BRM Taylor,A Mishra,0,0,,,,,,,,,
452146,2010,2010-05-28,Queens Sports Club,2,20.5,Zimbabwe,India,GA Lamb,BRM Taylor,A Mishra,1,0,,,,,,,,,
452146,2010,2010-05-28,Queens Sports Club,2,20.6,Zimbabwe,India,BRM Taylor,GA Lamb,A Mishra,0,0,,,,,,,,,
452146,2010,2010-05-28,Queens Sports Club,2,21.1,Zimbabwe,India,GA Lamb,BRM Taylor,UT Yadav,1,0,,,,,,,,,
452146,2010,2010-05-28,Queens Sports Club,2,21.2,Zimbabwe,India,BRM Taylor,GA Lamb,UT Yadav,4,0,,,,,,,,,
452146,2010,2010-05-28,Queens Sports Club,2,21.3,Zimbabwe,India,BRM Taylor,GA Lamb,UT Yadav,0,0,,,,,,,,,
452146,2010,2010-05-28,Queens Sports Club,2,21.4,Zimbabwe,India,BRM Taylor,GA Lamb,UT Yadav,0,0,,,,,,,,,
452146,2010,2010-05-28,Queens Sports Club,2,21.5,Zimbabwe,India,BRM Taylor,GA Lamb,UT Yadav,0,0,,,,,,,,,
452146,2010,2010-05-28,Queens Sports Club,2,21.6,Zimbabwe,India,BRM Taylor,GA Lamb,UT Yadav,1,0,,,,,,,,,
452146,2010,2010-05-28,Queens Sports Club,2,22.1,Zimbabwe,India,BRM Taylor,GA Lamb,YK Pathan,1,0,,,,,,,,,
452146,2010,2010-05-28,Queens Sports Club,2,22.2,Zimbabwe,India,GA Lamb,BRM Taylor,YK Pathan,1,0,,,,,,,,,
452146,2010,2010-05-28,Queens Sports Club,2,22.3,Zimbabwe,India,BRM Taylor,GA Lamb,YK Pathan,0,0,,,,,,,,,
452146,2010,2010-05-28,Queens Sports Club,2,22.4,Zimbabwe,India,BRM Taylor,GA Lamb,YK Pathan,2,0,,,,,,,,,
452146,2010,2010-05-28,Queens Sports Club,2,22.5,Zimbabwe,India,BRM Taylor,GA Lamb,YK Pathan,1,0,,,,,,,,,
452146,2010,2010-05-28,Queens Sports Club,2,22.6,Zimbabwe,India,GA Lamb,BRM Taylor,YK Pathan,1,0,,,,,,,,,
452146,2010,2010-05-28,Queens Sports Club,2,23.1,Zimbabwe,India,GA Lamb,BRM Taylor,UT Yadav,0,0,,,,,,,,,
452146,2010,2010-05-28,Queens Sports Club,2,23.2,Zimbabwe,India,GA Lamb,BRM Taylor,UT Yadav,1,0,,,,,,,,,
452146,2010,2010-05-28,Queens Sports Club,2,23.3,Zimbabwe,India,BRM Taylor,GA Lamb,UT Yadav,0,0,,,,,,,,,
452146,2010,2010-05-28,Queens Sports Club,2,23.4,Zimbabwe,India,BRM Taylor,GA Lamb,UT Yadav,0,0,,,,,,,,,
452146,2010,2010-05-28,Queens Sports Club,2,23.5,Zimbabwe,India,BRM Taylor,GA Lamb,UT Yadav,1,0,,,,,,,,,
452146,2010,2010-05-28,Queens Sports Club,2,23.6,Zimbabwe,India,GA Lamb,BRM Taylor,UT Yadav,1,0,,,,,,,,,
452146,2010,2010-05-28,Queens Sports Club,2,24.1,Zimbabwe,India,GA Lamb,BRM Taylor,YK Pathan,1,0,,,,,,,,,
452146,2010,2010-05-28,Queens Sports Club,2,24.2,Zimbabwe,India,BRM Taylor,GA Lamb,YK Pathan,1,0,,,,,,,,,
452146,2010,2010-05-28,Queens Sports Club,2,24.3,Zimbabwe,India,GA Lamb,BRM Taylor,YK Pathan,1,0,,,,,,,,,
452146,2010,2010-05-28,Queens Sports Club,2,24.4,Zimbabwe,India,BRM Taylor,GA Lamb,YK Pathan,1,0,,,,,,,,,
452146,2010,2010-05-28,Queens Sports Club,2,24.5,Zimbabwe,India,GA Lamb,BRM Taylor,YK Pathan,0,0,,,,,,,,,
452146,2010,2010-05-28,Queens Sports Club,2,24.6,Zimbabwe,India,GA Lamb,BRM Taylor,YK Pathan,1,0,,,,,,,,,
452146,2010,2010-05-28,Queens Sports Club,2,25.1,Zimbabwe,India,GA Lamb,BRM Taylor,UT Yadav,0,0,,,,,,,,,
452146,2010,2010-05-28,Queens Sports Club,2,25.2,Zimbabwe,India,GA Lamb,BRM Taylor,UT Yadav,1,0,,,,,,,,,
452146,2010,2010-05-28,Queens Sports Club,2,25.3,Zimbabwe,India,BRM Taylor,GA Lamb,UT Yadav,0,0,,,,,,,,,
452146,2010,2010-05-28,Queens Sports Club,2,25.4,Zimbabwe,India,BRM Taylor,GA Lamb,UT Yadav,0,0,,,,,,,,,
452146,2010,2010-05-28,Queens Sports Club,2,25.5,Zimbabwe,India,BRM Taylor,GA Lamb,UT Yadav,0,0,,,,,,,,,
452146,2010,2010-05-28,Queens Sports Club,2,25.6,Zimbabwe,India,BRM Taylor,GA Lamb,UT Yadav,1,0,,,,,,,,,
452146,2010,2010-05-28,Queens Sports Club,2,26.1,Zimbabwe,India,BRM Taylor,GA Lamb,R Vinay Kumar,0,0,,,,,,,,,
452146,2010,2010-05-28,Queens Sports Club,2,26.2,Zimbabwe,India,BRM Taylor,GA Lamb,R Vinay Kumar,0,0,,,,,,,,,
452146,2010,2010-05-28,Queens Sports Club,2,26.3,Zimbabwe,India,BRM Taylor,GA Lamb,R Vinay Kumar,0,0,,,,,,,,,
452146,2010,2010-05-28,Queens Sports Club,2,26.4,Zimbabwe,India,BRM Taylor,GA Lamb,R Vinay Kumar,1,0,,,,,,,,,
452146,2010,2010-05-28,Queens Sports Club,2,26.5,Zimbabwe,India,GA Lamb,BRM Taylor,R Vinay Kumar,1,0,,,,,,,,,
452146,2010,2010-05-28,Queens Sports Club,2,26.6,Zimbabwe,India,BRM Taylor,GA Lamb,R Vinay Kumar,1,0,,,,,,,,,
452146,2010,2010-05-28,Queens Sports Club,2,27.1,Zimbabwe,India,BRM Taylor,GA Lamb,RA Jadeja,0,0,,,,,,,,,
452146,2010,2010-05-28,Queens Sports Club,2,27.2,Zimbabwe,India,BRM Taylor,GA Lamb,RA Jadeja,0,0,,,,,,,,,
452146,2010,2010-05-28,Queens Sports Club,2,27.3,Zimbabwe,India,BRM Taylor,GA Lamb,RA Jadeja,0,0,,,,,,,,,
452146,2010,2010-05-28,Queens Sports Club,2,27.4,Zimbabwe,India,BRM Taylor,GA Lamb,RA Jadeja,0,0,,,,,,,,,
452146,2010,2010-05-28,Queens Sports Club,2,27.5,Zimbabwe,India,BRM Taylor,GA Lamb,RA Jadeja,1,0,,,,,,,,,
452146,2010,2010-05-28,Queens Sports Club,2,27.6,Zimbabwe,India,GA Lamb,BRM Taylor,RA Jadeja,0,0,,,,,,,,,
452146,2010,2010-05-28,Queens Sports Club,2,28.1,Zimbabwe,India,BRM Taylor,GA Lamb,R Vinay Kumar,1,0,,,,,,,,,
452146,2010,2010-05-28,Queens Sports Club,2,28.2,Zimbabwe,India,GA Lamb,BRM Taylor,R Vinay Kumar,2,0,,,,,,,,,
452146,2010,2010-05-28,Queens Sports Club,2,28.3,Zimbabwe,India,GA Lamb,BRM Taylor,R Vinay Kumar,2,0,,,,,,,,,
452146,2010,2010-05-28,Queens Sports Club,2,28.4,Zimbabwe,India,GA Lamb,BRM Taylor,R Vinay Kumar,1,0,,,,,,,,,
452146,2010,2010-05-28,Queens Sports Club,2,28.5,Zimbabwe,India,BRM Taylor,GA Lamb,R Vinay Kumar,1,0,,,,,,,,,
452146,2010,2010-05-28,Queens Sports Club,2,28.6,Zimbabwe,India,GA Lamb,BRM Taylor,R Vinay Kumar,0,0,,,,,,,,,
452146,2010,2010-05-28,Queens Sports Club,2,29.1,Zimbabwe,India,BRM Taylor,GA Lamb,RA Jadeja,0,0,,,,,,,,,
452146,2010,2010-05-28,Queens Sports Club,2,29.2,Zimbabwe,India,BRM Taylor,GA Lamb,RA Jadeja,1,0,,,,,,,,,
452146,2010,2010-05-28,Queens Sports Club,2,29.3,Zimbabwe,India,GA Lamb,BRM Taylor,RA Jadeja,0,0,,,,,,lbw,GA Lamb,,
452146,2010,2010-05-28,Queens Sports Club,2,29.4,Zimbabwe,India,CR Ervine,BRM Taylor,RA Jadeja,0,0,,,,,,,,,
452146,2010,2010-05-28,Queens Sports Club,2,29.5,Zimbabwe,India,CR Ervine,BRM Taylor,RA Jadeja,1,0,,,,,,,,,
452146,2010,2010-05-28,Queens Sports Club,2,29.6,Zimbabwe,India,BRM Taylor,CR Ervine,RA Jadeja,0,0,,,,,,,,,
452146,2010,2010-05-28,Queens Sports Club,2,30.1,Zimbabwe,India,CR Ervine,BRM Taylor,YK Pathan,1,0,,,,,,,,,
452146,2010,2010-05-28,Queens Sports Club,2,30.2,Zimbabwe,India,BRM Taylor,CR Ervine,YK Pathan,1,0,,,,,,,,,
452146,2010,2010-05-28,Queens Sports Club,2,30.3,Zimbabwe,India,CR Ervine,BRM Taylor,YK Pathan,1,0,,,,,,,,,
452146,2010,2010-05-28,Queens Sports Club,2,30.4,Zimbabwe,India,BRM Taylor,CR Ervine,YK Pathan,1,0,,,,,,,,,
452146,2010,2010-05-28,Queens Sports Club,2,30.5,Zimbabwe,India,CR Ervine,BRM Taylor,YK Pathan,0,1,1,,,,,,,,
452146,2010,2010-05-28,Queens Sports Club,2,30.6,Zimbabwe,India,CR Ervine,BRM Taylor,YK Pathan,1,0,,,,,,,,,
452146,2010,2010-05-28,Queens Sports Club,2,30.7,Zimbabwe,India,BRM Taylor,CR Ervine,YK Pathan,1,0,,,,,,,,,
452146,2010,2010-05-28,Queens Sports Club,2,31.1,Zimbabwe,India,BRM Taylor,CR Ervine,RA Jadeja,1,0,,,,,,,,,
452146,2010,2010-05-28,Queens Sports Club,2,31.2,Zimbabwe,India,CR Ervine,BRM Taylor,RA Jadeja,0,0,,,,,,,,,
452146,2010,2010-05-28,Queens Sports Club,2,31.3,Zimbabwe,India,CR Ervine,BRM Taylor,RA Jadeja,3,0,,,,,,,,,
452146,2010,2010-05-28,Queens Sports Club,2,31.4,Zimbabwe,India,BRM Taylor,CR Ervine,RA Jadeja,0,0,,,,,,,,,
452146,2010,2010-05-28,Queens Sports Club,2,31.5,Zimbabwe,India,BRM Taylor,CR Ervine,RA Jadeja,1,0,,,,,,,,,
452146,2010,2010-05-28,Queens Sports Club,2,31.6,Zimbabwe,India,CR Ervine,BRM Taylor,RA Jadeja,1,0,,,,,,,,,
452146,2010,2010-05-28,Queens Sports Club,2,32.1,Zimbabwe,India,CR Ervine,BRM Taylor,RG Sharma,0,0,,,,,,,,,
452146,2010,2010-05-28,Queens Sports Club,2,32.2,Zimbabwe,India,CR Ervine,BRM Taylor,RG Sharma,3,0,,,,,,,,,
452146,2010,2010-05-28,Queens Sports Club,2,32.3,Zimbabwe,India,BRM Taylor,CR Ervine,RG Sharma,1,0,,,,,,,,,
452146,2010,2010-05-28,Queens Sports Club,2,32.4,Zimbabwe,India,CR Ervine,BRM Taylor,RG Sharma,0,0,,,,,,,,,
452146,2010,2010-05-28,Queens Sports Club,2,32.5,Zimbabwe,India,CR Ervine,BRM Taylor,RG Sharma,0,0,,,,,,,,,
452146,2010,2010-05-28,Queens Sports Club,2,32.6,Zimbabwe,India,CR Ervine,BRM Taylor,RG Sharma,1,0,,,,,,,,,
452146,2010,2010-05-28,Queens Sports Club,2,33.1,Zimbabwe,India,CR Ervine,BRM Taylor,RA Jadeja,1,0,,,,,,,,,
452146,2010,2010-05-28,Queens Sports Club,2,33.2,Zimbabwe,India,BRM Taylor,CR Ervine,RA Jadeja,1,0,,,,,,,,,
452146,2010,2010-05-28,Queens Sports Club,2,33.3,Zimbabwe,India,CR Ervine,BRM Taylor,RA Jadeja,2,0,,,,,,,,,
452146,2010,2010-05-28,Queens Sports Club,2,33.4,Zimbabwe,India,CR Ervine,BRM Taylor,RA Jadeja,1,0,,,,,,,,,
452146,2010,2010-05-28,Queens Sports Club,2,33.5,Zimbabwe,India,BRM Taylor,CR Ervine,RA Jadeja,0,0,,,,,,,,,
452146,2010,2010-05-28,Queens Sports Club,2,33.6,Zimbabwe,India,BRM Taylor,CR Ervine,RA Jadeja,1,0,,,,,,,,,
452146,2010,2010-05-28,Queens Sports Club,2,34.1,Zimbabwe,India,BRM Taylor,CR Ervine,R Vinay Kumar,0,0,,,,,,caught,BRM Taylor,,
452146,2010,2010-05-28,Queens Sports Club,2,34.2,Zimbabwe,India,CK Coventry,CR Ervine,R Vinay Kumar,0,0,,,,,,,,,
452146,2010,2010-05-28,Queens Sports Club,2,34.3,Zimbabwe,India,CK Coventry,CR Ervine,R Vinay Kumar,0,0,,,,,,,,,
452146,2010,2010-05-28,Queens Sports Club,2,34.4,Zimbabwe,India,CK Coventry,CR Ervine,R Vinay Kumar,0,0,,,,,,,,,
452146,2010,2010-05-28,Queens Sports Club,2,34.5,Zimbabwe,India,CK Coventry,CR Ervine,R Vinay Kumar,1,0,,,,,,,,,
452146,2010,2010-05-28,Queens Sports Club,2,34.6,Zimbabwe,India,CR Ervine,CK Coventry,R Vinay Kumar,0,0,,,,,,,,,
452146,2010,2010-05-28,Queens Sports Club,2,35.1,Zimbabwe,India,CK Coventry,CR Ervine,A Mishra,1,0,,,,,,,,,
452146,2010,2010-05-28,Queens Sports Club,2,35.2,Zimbabwe,India,CR Ervine,CK Coventry,A Mishra,1,0,,,,,,,,,
452146,2010,2010-05-28,Queens Sports Club,2,35.3,Zimbabwe,India,CK Coventry,CR Ervine,A Mishra,1,0,,,,,,,,,
452146,2010,2010-05-28,Queens Sports Club,2,35.4,Zimbabwe,India,CR Ervine,CK Coventry,A Mishra,0,0,,,,,,,,,
452146,2010,2010-05-28,Queens Sports Club,2,35.5,Zimbabwe,India,CR Ervine,CK Coventry,A Mishra,0,0,,,,,,,,,
452146,2010,2010-05-28,Queens Sports Club,2,35.6,Zimbabwe,India,CR Ervine,CK Coventry,A Mishra,0,0,,,,,,,,,
452146,2010,2010-05-28,Queens Sports Club,2,36.1,Zimbabwe,India,CK Coventry,CR Ervine,R Vinay Kumar,0,0,,,,,,,,,
452146,2010,2010-05-28,Queens Sports Club,2,36.2,Zimbabwe,India,CK Coventry,CR Ervine,R Vinay Kumar,1,0,,,,,,,,,
452146,2010,2010-05-28,Queens Sports Club,2,36.3,Zimbabwe,India,CR Ervine,CK Coventry,R Vinay Kumar,1,0,,,,,,,,,
452146,2010,2010-05-28,Queens Sports Club,2,36.4,Zimbabwe,India,CK Coventry,CR Ervine,R Vinay Kumar,1,0,,,,,,,,,
452146,2010,2010-05-28,Queens Sports Club,2,36.5,Zimbabwe,India,CR Ervine,CK Coventry,R Vinay Kumar,0,0,,,,,,,,,
452146,2010,2010-05-28,Queens Sports Club,2,36.6,Zimbabwe,India,CR Ervine,CK Coventry,R Vinay Kumar,1,0,,,,,,,,,
452146,2010,2010-05-28,Queens Sports Club,2,37.1,Zimbabwe,India,CR Ervine,CK Coventry,A Mishra,0,0,,,,,,,,,
452146,2010,2010-05-28,Queens Sports Club,2,37.2,Zimbabwe,India,CR Ervine,CK Coventry,A Mishra,0,0,,,,,,,,,
452146,2010,2010-05-28,Queens Sports Club,2,37.3,Zimbabwe,India,CR Ervine,CK Coventry,A Mishra,1,0,,,,,,,,,
452146,2010,2010-05-28,Queens Sports Club,2,37.4,Zimbabwe,India,CK Coventry,CR Ervine,A Mishra,1,0,,,,,,,,,
452146,2010,2010-05-28,Queens Sports Club,2,37.5,Zimbabwe,India,CR Ervine,CK Coventry,A Mishra,2,0,,,,,,,,,
452146,2010,2010-05-28,Queens Sports Club,2,37.6,Zimbabwe,India,CR Ervine,CK Coventry,A Mishra,0,0,,,,,,,,,
452146,2010,2010-05-28,Queens Sports Club,2,38.1,Zimbabwe,India,CK Coventry,CR Ervine,UT Yadav,1,0,,,,,,,,,
452146,2010,2010-05-28,Queens Sports Club,2,38.2,Zimbabwe,India,CR Ervine,CK Coventry,UT Yadav,0,1,,,,1,,,,,
452146,2010,2010-05-28,Queens Sports Club,2,38.3,Zimbabwe,India,CK Coventry,CR Ervine,UT Yadav,2,0,,,,,,,,,
452146,2010,2010-05-28,Queens Sports Club,2,38.4,Zimbabwe,India,CK Coventry,CR Ervine,UT Yadav,1,0,,,,,,,,,
452146,2010,2010-05-28,Queens Sports Club,2,38.5,Zimbabwe,India,CR Ervine,CK Coventry,UT Yadav,1,0,,,,,,,,,
452146,2010,2010-05-28,Queens Sports Club,2,38.6,Zimbabwe,India,CK Coventry,CR Ervine,UT Yadav,0,0,,,,,,,,,
452146,2010,2010-05-28,Queens Sports Club,2,39.1,Zimbabwe,India,CR Ervine,CK Coventry,A Mishra,2,0,,,,,,,,,
452146,2010,2010-05-28,Queens Sports Club,2,39.2,Zimbabwe,India,CR Ervine,CK Coventry,A Mishra,0,0,,,,,,,,,
452146,2010,2010-05-28,Queens Sports Club,2,39.3,Zimbabwe,India,CR Ervine,CK Coventry,A Mishra,0,0,,,,,,,,,
452146,2010,2010-05-28,Queens Sports Club,2,39.4,Zimbabwe,India,CR Ervine,CK Coventry,A Mishra,1,0,,,,,,,,,
452146,2010,2010-05-28,Queens Sports Club,2,39.5,Zimbabwe,India,CK Coventry,CR Ervine,A Mishra,1,0,,,,,,,,,
452146,2010,2010-05-28,Queens Sports Club,2,39.6,Zimbabwe,India,CR Ervine,CK Coventry,A Mishra,2,0,,,,,,,,,
452146,2010,2010-05-28,Queens Sports Club,2,40.1,Zimbabwe,India,CK Coventry,CR Ervine,YK Pathan,6,0,,,,,,,,,
452146,2010,2010-05-28,Queens Sports Club,2,40.2,Zimbabwe,India,CK Coventry,CR Ervine,YK Pathan,0,0,,,,,,,,,
452146,2010,2010-05-28,Queens Sports Club,2,40.3,Zimbabwe,India,CK Coventry,CR Ervine,YK Pathan,1,0,,,,,,,,,
452146,2010,2010-05-28,Queens Sports Club,2,40.4,Zimbabwe,India,CR Ervine,CK Coventry,YK Pathan,1,0,,,,,,,,,
452146,2010,2010-05-28,Queens Sports Club,2,40.5,Zimbabwe,India,CK Coventry,CR Ervine,YK Pathan,1,0,,,,,,,,,
452146,2010,2010-05-28,Queens Sports Club,2,40.6,Zimbabwe,India,CR Ervine,CK Coventry,YK Pathan,1,0,,,,,,,,,
452146,2010,2010-05-28,Queens Sports Club,2,41.1,Zimbabwe,India,CR Ervine,CK Coventry,A Mishra,0,0,,,,,,,,,
452146,2010,2010-05-28,Queens Sports Club,2,41.2,Zimbabwe,India,CR Ervine,CK Coventry,A Mishra,4,0,,,,,,,,,
452146,2010,2010-05-28,Queens Sports Club,2,41.3,Zimbabwe,India,CR Ervine,CK Coventry,A Mishra,1,0,,,,,,,,,
452146,2010,2010-05-28,Queens Sports Club,2,41.4,Zimbabwe,India,CK Coventry,CR Ervine,A Mishra,0,0,,,,,,,,,
452146,2010,2010-05-28,Queens Sports Club,2,41.5,Zimbabwe,India,CK Coventry,CR Ervine,A Mishra,0,0,,,,,,,,,
452146,2010,2010-05-28,Queens Sports Club,2,41.6,Zimbabwe,India,CK Coventry,CR Ervine,A Mishra,6,0,,,,,,,,,
452146,2010,2010-05-28,Queens Sports Club,2,42.1,Zimbabwe,India,CR Ervine,CK Coventry,R Vinay Kumar,1,0,,,,,,,,,
452146,2010,2010-05-28,Queens Sports Club,2,42.2,Zimbabwe,India,CK Coventry,CR Ervine,R Vinay Kumar,6,0,,,,,,,,,
452146,2010,2010-05-28,Queens Sports Club,2,42.3,Zimbabwe,India,CK Coventry,CR Ervine,R Vinay Kumar,1,0,,,,,,,,,
452146,2010,2010-05-28,Queens Sports Club,2,42.4,Zimbabwe,India,CR Ervine,CK Coventry,R Vinay Kumar,0,1,1,,,,,,,,
452146,2010,2010-05-28,Queens Sports Club,2,42.5,Zimbabwe,India,CR Ervine,CK Coventry,R Vinay Kumar,0,0,,,,,,,,,
452146,2010,2010-05-28,Queens Sports Club,2,42.6,Zimbabwe,India,CR Ervine,CK Coventry,R Vinay Kumar,1,0,,,,,,,,,
452146,2010,2010-05-28,Queens Sports Club,2,42.7,Zimbabwe,India,CK Coventry,CR Ervine,R Vinay Kumar,0,0,,,,,,bowled,CK Coventry,,
452146,2010,2010-05-28,Queens Sports Club,2,43.1,Zimbabwe,India,CR Ervine,E Chigumbura,RA Jadeja,1,0,,,,,,,,,
452146,2010,2010-05-28,Queens Sports Club,2,43.2,Zimbabwe,India,E Chigumbura,CR Ervine,RA Jadeja,1,0,,,,,,,,,
452146,2010,2010-05-28,Queens Sports Club,2,43.3,Zimbabwe,India,CR Ervine,E Chigumbura,RA Jadeja,0,0,,,,,,,,,
452146,2010,2010-05-28,Queens Sports Club,2,43.4,Zimbabwe,India,CR Ervine,E Chigumbura,RA Jadeja,1,0,,,,,,,,,
452146,2010,2010-05-28,Queens Sports Club,2,43.5,Zimbabwe,India,E Chigumbura,CR Ervine,RA Jadeja,1,0,,,,,,,,,
452146,2010,2010-05-28,Queens Sports Club,2,43.6,Zimbabwe,India,CR Ervine,E Chigumbura,RA Jadeja,2,0,,,,,,,,,
452146,2010,2010-05-28,Queens Sports Club,2,44.1,Zimbabwe,India,E Chigumbura,CR Ervine,AB Dinda,1,0,,,,,,,,,
452146,2010,2010-05-28,Queens Sports Club,2,44.2,Zimbabwe,India,CR Ervine,E Chigumbura,AB Dinda,4,0,,,,,,,,,
452146,2010,2010-05-28,Queens Sports Club,2,44.3,Zimbabwe,India,CR Ervine,E Chigumbura,AB Dinda,1,0,,,,,,,,,
452146,2010,2010-05-28,Queens Sports Club,2,44.4,Zimbabwe,India,E Chigumbura,CR Ervine,AB Dinda,0,0,,,,,,,,,
452146,2010,2010-05-28,Queens Sports Club,2,44.5,Zimbabwe,India,E Chigumbura,CR Ervine,AB Dinda,0,0,,,,,,,,,
452146,2010,2010-05-28,Queens Sports Club,2,44.6,Zimbabwe,India,E Chigumbura,CR Ervine,AB Dinda,1,0,,,,,,,,,
452146,2010,2010-05-28,Queens Sports Club,2,45.1,Zimbabwe,India,E Chigumbura,CR Ervine,UT Yadav,4,0,,,,,,,,,
452146,2010,2010-05-28,Queens Sports Club,2,45.2,Zimbabwe,India,E Chigumbura,CR Ervine,UT Yadav,0,4,,,,4,,,,,
452146,2010,2010-05-28,Queens Sports Club,2,45.3,Zimbabwe,India,E Chigumbura,CR Ervine,UT Yadav,1,0,,,,,,,,,
452146,2010,2010-05-28,Queens Sports Club,2,45.4,Zimbabwe,India,CR Ervine,E Chigumbura,UT Yadav,4,0,,,,,,,,,
452146,2010,2010-05-28,Queens Sports Club,2,45.5,Zimbabwe,India,CR Ervine,E Chigumbura,UT Yadav,1,0,,,,,,,,,
452146,2010,2010-05-28,Queens Sports Club,2,45.6,Zimbabwe,India,E Chigumbura,CR Ervine,UT Yadav,4,0,,,,,,,,,
452146,2010,2010-05-28,Queens Sports Club,2,46.1,Zimbabwe,India,CR Ervine,E Chigumbura,AB Dinda,0,0,,,,,,,,,
452146,2010,2010-05-28,Queens Sports Club,2,46.2,Zimbabwe,India,CR Ervine,E Chigumbura,AB Dinda,2,0,,,,,,,,,
452146,2010,2010-05-28,Queens Sports Club,2,46.3,Zimbabwe,India,CR Ervine,E Chigumbura,AB Dinda,1,0,,,,,,,,,
452146,2010,2010-05-28,Queens Sports Club,2,46.4,Zimbabwe,India,E Chigumbura,CR Ervine,AB Dinda,0,0,,,,,,,,,
452146,2010,2010-05-28,Queens Sports Club,2,46.5,Zimbabwe,India,E Chigumbura,CR Ervine,AB Dinda,4,0,,,,,,,,,
452146,2010,2010-05-28,Queens Sports Club,2,46.6,Zimbabwe,India,E Chigumbura,CR Ervine,AB Dinda,1,0,,,,,,,,,
452146,2010,2010-05-28,Queens Sports Club,2,47.1,Zimbabwe,India,E Chigumbura,CR Ervine,RA Jadeja,1,0,,,,,,,,,
452146,2010,2010-05-28,Queens Sports Club,2,47.2,Zimbabwe,India,CR Ervine,E Chigumbura,RA Jadeja,1,0,,,,,,,,,
452146,2010,2010-05-28,Queens Sports Club,2,47.3,Zimbabwe,India,E Chigumbura,CR Ervine,RA Jadeja,1,0,,,,,,,,,
452146,2010,2010-05-28,Queens Sports Club,2,47.4,Zimbabwe,India,CR Ervine,E Chigumbura,RA Jadeja,4,0,,,,,,,,,
452146,2010,2010-05-28,Queens Sports Club,2,47.5,Zimbabwe,India,CR Ervine,E Chigumbura,RA Jadeja,4,0,,,,,,,,,
452146,2010,2010-05-28,Queens Sports Club,2,47.6,Zimbabwe,India,CR Ervine,E Chigumbura,RA Jadeja,1,0,,,,,,,,,
452146,2010,2010-05-28,Queens Sports Club,2,48.1,Zimbabwe,India,CR Ervine,E Chigumbura,AB Dinda,3,0,,,,,,,,,
452146,2010,2010-05-28,Queens Sports Club,2,48.2,Zimbabwe,India,E Chigumbura,CR Ervine,AB Dinda,4,0,,,,,,,,,
