version,2.1.0
info,balls_per_over,6
info,team,South Africa
info,team,India
info,gender,male
info,season,2010/11
info,date,2011/01/15
info,event,India in South Africa ODI Series
info,match_number,2
info,venue,New Wanderers Stadium
info,city,Johannesburg
info,toss_winner,India
info,toss_decision,bat
info,player_of_match,MM Patel
info,umpire,BG Jerling
info,umpire,SJA Taufel
info,reserve_umpire,S George
info,tv_umpire,JD Cloete
info,match_referee,BC Broad
info,winner,India
info,winner_runs,1
info,player,India,M Vijay
info,player,India,SR Tendulkar
info,player,India,V Kohli
info,player,India,Yuvraj Singh
info,player,India,MS Dhoni
info,player,India,SK Raina
info,player,India,RG Sharma
info,player,India,Harbhajan Singh
info,player,India,Z Khan
info,player,India,A Nehra
info,player,India,MM Patel
info,player,South Africa,HM Amla
info,player,South Africa,GC Smith
info,player,South Africa,CA Ingram
info,player,South Africa,AB de Villiers
info,player,South Africa,JP Duminy
info,player,South Africa,DA Miller
info,player,South Africa,J Botha
info,player,South Africa,WD Parnell
info,player,South Africa,DW Steyn
info,player,South Africa,M Morkel
info,player,South Africa,LL Tsotsobe
info,registry,people,A Nehra,96fd40ae
info,registry,people,AB de Villiers,c4487b84
info,registry,people,BC Broad,d6a7dd38
info,registry,people,BG Jerling,26457e41
info,registry,people,CA Ingram,c995d726
info,registry,people,DA Miller,d67d5f00
info,registry,people,DW Steyn,8fd1a8f5
info,registry,people,GC Smith,72861603
info,registry,people,HM Amla,e798611a
info,registry,people,Harbhajan Singh,8b5b6769
info,registry,people,J Botha,7c503806
info,registry,people,JD Cloete,b0419f8c
info,registry,people,JP Duminy,2e8994e7
info,registry,people,LL Tsotsobe,12bffe91
info,registry,people,M Morkel,5bb5a915
info,registry,people,M Vijay,4b57e452
info,registry,people,MM Patel,f0f628c7
info,registry,people,MS Dhoni,4a8a2e3b
info,registry,people,PP Chawla,98ae73b1
info,registry,people,RG Sharma,740742ef
info,registry,people,S George,6d9e5a54
info,registry,people,SJA Taufel,4b43d5ac
info,registry,people,SK Raina,1dc12ab9
info,registry,people,SR Tendulkar,d2c2b2d5
info,registry,people,V Kohli,ba607b88
info,registry,people,WD Parnell,3a60e0b5
info,registry,people,YK Pathan,3c6ffae8
info,registry,people,Yuvraj Singh,1c914163
info,registry,people,Z Khan,91a4a398
