match_id,season,start_date,venue,innings,ball,batting_team,bowling_team,striker,non_striker,bowler,runs_off_bat,extras,wides,noballs,byes,legbyes,penalty,wicket_type,player_dismissed,other_wicket_type,other_player_dismissed
473315,2010,2010-08-19,Rangiri Dambulla International Stadium,1,0.1,Sri Lanka,New Zealand,WU Tharanga,TM Dilshan,KD Mills,0,0,,,,,,,,,
473315,2010,2010-08-19,Rangiri Dambulla International Stadium,1,0.2,Sri Lanka,New Zealand,WU Tharanga,TM Dilshan,KD Mills,0,0,,,,,,,,,
473315,2010,2010-08-19,Rangiri Dambulla International Stadium,1,0.3,Sri Lanka,New Zealand,WU Tharanga,TM Dilshan,KD Mills,0,0,,,,,,,,,
473315,2010,2010-08-19,Rangiri Dambulla International Stadium,1,0.4,Sri Lanka,New Zealand,WU Tharanga,TM Dilshan,KD Mills,0,0,,,,,,,,,
473315,2010,2010-08-19,Rangiri Dambulla International Stadium,1,0.5,Sri Lanka,New Zealand,WU Tharanga,TM Dilshan,KD Mills,0,0,,,,,,,,,
473315,2010,2010-08-19,Rangiri Dambulla International Stadium,1,0.6,Sri Lanka,New Zealand,WU Tharanga,TM Dilshan,KD Mills,0,0,,,,,,,,,
473315,2010,2010-08-19,Rangiri Dambulla International Stadium,1,1.1,Sri Lanka,New Zealand,TM Dilshan,WU Tharanga,DR Tuffey,0,0,,,,,,,,,
473315,2010,2010-08-19,Rangiri Dambulla International Stadium,1,1.2,Sri Lanka,New Zealand,TM Dilshan,WU Tharanga,DR Tuffey,0,0,,,,,,,,,
473315,2010,2010-08-19,Rangiri Dambulla International Stadium,1,1.3,Sri Lanka,New Zealand,TM Dilshan,WU Tharanga,DR Tuffey,0,0,,,,,,,,,
473315,2010,2010-08-19,Rangiri Dambulla International Stadium,1,1.4,Sri Lanka,New Zealand,TM Dilshan,WU Tharanga,DR Tuffey,0,0,,,,,,,,,
473315,2010,2010-08-19,Rangiri Dambulla International Stadium,1,1.5,Sri Lanka,New Zealand,TM Dilshan,WU Tharanga,DR Tuffey,1,0,,,,,,,,,
473315,2010,2010-08-19,Rangiri Dambulla International Stadium,1,1.6,Sri Lanka,New Zealand,WU Tharanga,TM Dilshan,DR Tuffey,0,0,,,,,,,,,
473315,2010,2010-08-19,Rangiri Dambulla International Stadium,1,2.1,Sri Lanka,New Zealand,TM Dilshan,WU Tharanga,KD Mills,0,0,,,,,,,,,
473315,2010,2010-08-19,Rangiri Dambulla International Stadium,1,2.2,Sri Lanka,New Zealand,TM Dilshan,WU Tharanga,KD Mills,4,0,,,,,,,,,
473315,2010,2010-08-19,Rangiri Dambulla International Stadium,1,2.3,Sri Lanka,New Zealand,TM Dilshan,WU Tharanga,KD Mills,1,0,,,,,,,,,
473315,2010,2010-08-19,Rangiri Dambulla International Stadium,1,2.4,Sri Lanka,New Zealand,WU Tharanga,TM Dilshan,KD Mills,1,0,,,,,,,,,
473315,2010,2010-08-19,Rangiri Dambulla International Stadium,1,2.5,Sri Lanka,New Zealand,TM Dilshan,WU Tharanga,KD Mills,1,0,,,,,,,,,
473315,2010,2010-08-19,Rangiri Dambulla International Stadium,1,2.6,Sri Lanka,New Zealand,WU Tharanga,TM Dilshan,KD Mills,0,0,,,,,,,,,
473315,2010,2010-08-19,Rangiri Dambulla International Stadium,1,3.1,Sri Lanka,New Zealand,TM Dilshan,WU Tharanga,DR Tuffey,4,0,,,,,,,,,
473315,2010,2010-08-19,Rangiri Dambulla International Stadium,1,3.2,Sri Lanka,New Zealand,TM Dilshan,WU Tharanga,DR Tuffey,4,0,,,,,,,,,
473315,2010,2010-08-19,Rangiri Dambulla International Stadium,1,3.3,Sri Lanka,New Zealand,TM Dilshan,WU Tharanga,DR Tuffey,0,1,1,,,,,,,,
473315,2010,2010-08-19,Rangiri Dambulla International Stadium,1,3.4,Sri Lanka,New Zealand,TM Dilshan,WU Tharanga,DR Tuffey,0,0,,,,,,,,,
473315,2010,2010-08-19,Rangiri Dambulla International Stadium,1,3.5,Sri Lanka,New Zealand,TM Dilshan,WU Tharanga,DR Tuffey,1,0,,,,,,,,,
473315,2010,2010-08-19,Rangiri Dambulla International Stadium,1,3.6,Sri Lanka,New Zealand,WU Tharanga,TM Dilshan,DR Tuffey,0,0,,,,,,,,,
473315,2010,2010-08-19,Rangiri Dambulla International Stadium,1,3.7,Sri Lanka,New Zealand,WU Tharanga,TM Dilshan,DR Tuffey,0,0,,,,,,,,,
473315,2010,2010-08-19,Rangiri Dambulla International Stadium,1,4.1,Sri Lanka,New Zealand,TM Dilshan,WU Tharanga,KD Mills,0,0,,,,,,,,,
473315,2010,2010-08-19,Rangiri Dambulla International Stadium,1,4.2,Sri Lanka,New Zealand,TM Dilshan,WU Tharanga,KD Mills,0,0,,,,,,,,,
473315,2010,2010-08-19,Rangiri Dambulla International Stadium,1,4.3,Sri Lanka,New Zealand,TM Dilshan,WU Tharanga,KD Mills,4,0,,,,,,,,,
473315,2010,2010-08-19,Rangiri Dambulla International Stadium,1,4.4,Sri Lanka,New Zealand,TM Dilshan,WU Tharanga,KD Mills,4,0,,,,,,,,,
473315,2010,2010-08-19,Rangiri Dambulla International Stadium,1,4.5,Sri Lanka,New Zealand,TM Dilshan,WU Tharanga,KD Mills,4,0,,,,,,,,,
473315,2010,2010-08-19,Rangiri Dambulla International Stadium,1,4.6,Sri Lanka,New Zealand,TM Dilshan,WU Tharanga,KD Mills,4,0,,,,,,,,,
473315,2010,2010-08-19,Rangiri Dambulla International Stadium,1,5.1,Sri Lanka,New Zealand,WU Tharanga,TM Dilshan,DR Tuffey,0,0,,,,,,,,,
473315,2010,2010-08-19,Rangiri Dambulla International Stadium,1,5.2,Sri Lanka,New Zealand,WU Tharanga,TM Dilshan,DR Tuffey,0,0,,,,,,,,,
473315,2010,2010-08-19,Rangiri Dambulla International Stadium,1,5.3,Sri Lanka,New Zealand,WU Tharanga,TM Dilshan,DR Tuffey,2,0,,,,,,,,,
473315,2010,2010-08-19,Rangiri Dambulla International Stadium,1,5.4,Sri Lanka,New Zealand,WU Tharanga,TM Dilshan,DR Tuffey,4,0,,,,,,,,,
473315,2010,2010-08-19,Rangiri Dambulla International Stadium,1,5.5,Sri Lanka,New Zealand,WU Tharanga,TM Dilshan,DR Tuffey,0,0,,,,,,,,,
473315,2010,2010-08-19,Rangiri Dambulla International Stadium,1,5.6,Sri Lanka,New Zealand,WU Tharanga,TM Dilshan,DR Tuffey,0,0,,,,,,,,,
473315,2010,2010-08-19,Rangiri Dambulla International Stadium,1,6.1,Sri Lanka,New Zealand,TM Dilshan,WU Tharanga,KD Mills,4,0,,,,,,,,,
473315,2010,2010-08-19,Rangiri Dambulla International Stadium,1,6.2,Sri Lanka,New Zealand,TM Dilshan,WU Tharanga,KD Mills,0,0,,,,,,,,,
473315,2010,2010-08-19,Rangiri Dambulla International Stadium,1,6.3,Sri Lanka,New Zealand,TM Dilshan,WU Tharanga,KD Mills,0,0,,,,,,,,,
473315,2010,2010-08-19,Rangiri Dambulla International Stadium,1,6.4,Sri Lanka,New Zealand,TM Dilshan,WU Tharanga,KD Mills,0,0,,,,,,,,,
473315,2010,2010-08-19,Rangiri Dambulla International Stadium,1,6.5,Sri Lanka,New Zealand,TM Dilshan,WU Tharanga,KD Mills,0,0,,,,,,,,,
473315,2010,2010-08-19,Rangiri Dambulla International Stadium,1,6.6,Sri Lanka,New Zealand,TM Dilshan,WU Tharanga,KD Mills,0,0,,,,,,,,,
473315,2010,2010-08-19,Rangiri Dambulla International Stadium,1,7.1,Sri Lanka,New Zealand,WU Tharanga,TM Dilshan,DR Tuffey,4,0,,,,,,,,,
473315,2010,2010-08-19,Rangiri Dambulla International Stadium,1,7.2,Sri Lanka,New Zealand,WU Tharanga,TM Dilshan,DR Tuffey,0,1,,1,,,,,,,
473315,2010,2010-08-19,Rangiri Dambulla International Stadium,1,7.3,Sri Lanka,New Zealand,WU Tharanga,TM Dilshan,DR Tuffey,1,0,,,,,,,,,
473315,2010,2010-08-19,Rangiri Dambulla International Stadium,1,7.4,Sri Lanka,New Zealand,TM Dilshan,WU Tharanga,DR Tuffey,0,0,,,,,,,,,
473315,2010,2010-08-19,Rangiri Dambulla International Stadium,1,7.5,Sri Lanka,New Zealand,TM Dilshan,WU Tharanga,DR Tuffey,1,0,,,,,,,,,
473315,2010,2010-08-19,Rangiri Dambulla International Stadium,1,7.6,Sri Lanka,New Zealand,WU Tharanga,TM Dilshan,DR Tuffey,0,0,,,,,,,,,
473315,2010,2010-08-19,Rangiri Dambulla International Stadium,1,7.7,Sri Lanka,New Zealand,WU Tharanga,TM Dilshan,DR Tuffey,0,0,,,,,,,,,
473315,2010,2010-08-19,Rangiri Dambulla International Stadium,1,8.1,Sri Lanka,New Zealand,TM Dilshan,WU Tharanga,KD Mills,0,0,,,,,,,,,
473315,2010,2010-08-19,Rangiri Dambulla International Stadium,1,8.2,Sri Lanka,New Zealand,TM Dilshan,WU Tharanga,KD Mills,0,0,,,,,,,,,
473315,2010,2010-08-19,Rangiri Dambulla International Stadium,1,8.3,Sri Lanka,New Zealand,TM Dilshan,WU Tharanga,KD Mills,0,1,1,,,,,,,,
473315,2010,2010-08-19,Rangiri Dambulla International Stadium,1,8.4,Sri Lanka,New Zealand,TM Dilshan,WU Tharanga,KD Mills,0,0,,,,,,,,,
473315,2010,2010-08-19,Rangiri Dambulla International Stadium,1,8.5,Sri Lanka,New Zealand,TM Dilshan,WU Tharanga,KD Mills,2,0,,,,,,,,,
473315,2010,2010-08-19,Rangiri Dambulla International Stadium,1,8.6,Sri Lanka,New Zealand,TM Dilshan,WU Tharanga,KD Mills,0,0,,,,,,,,,
473315,2010,2010-08-19,Rangiri Dambulla International Stadium,1,8.7,Sri Lanka,New Zealand,TM Dilshan,WU Tharanga,KD Mills,0,1,,,,1,,,,,
473315,2010,2010-08-19,Rangiri Dambulla International Stadium,1,9.1,Sri Lanka,New Zealand,TM Dilshan,WU Tharanga,DR Tuffey,0,0,,,,,,,,,
473315,2010,2010-08-19,Rangiri Dambulla International Stadium,1,9.2,Sri Lanka,New Zealand,TM Dilshan,WU Tharanga,DR Tuffey,0,0,,,,,,,,,
473315,2010,2010-08-19,Rangiri Dambulla International Stadium,1,9.3,Sri Lanka,New Zealand,TM Dilshan,WU Tharanga,DR Tuffey,1,0,,,,,,,,,
473315,2010,2010-08-19,Rangiri Dambulla International Stadium,1,9.4,Sri Lanka,New Zealand,WU Tharanga,TM Dilshan,DR Tuffey,0,0,,,,,,caught,WU Tharanga,,
473315,2010,2010-08-19,Rangiri Dambulla International Stadium,1,9.5,Sri Lanka,New Zealand,KC Sangakkara,TM Dilshan,DR Tuffey,4,0,,,,,,,,,
473315,2010,2010-08-19,Rangiri Dambulla International Stadium,1,9.6,Sri Lanka,New Zealand,KC Sangakkara,TM Dilshan,DR Tuffey,1,0,,,,,,,,,
473315,2010,2010-08-19,Rangiri Dambulla International Stadium,1,10.1,Sri Lanka,New Zealand,KC Sangakkara,TM Dilshan,JDP Oram,0,0,,,,,,,,,
473315,2010,2010-08-19,Rangiri Dambulla International Stadium,1,10.2,Sri Lanka,New Zealand,KC Sangakkara,TM Dilshan,JDP Oram,0,0,,,,,,,,,
473315,2010,2010-08-19,Rangiri Dambulla International Stadium,1,10.3,Sri Lanka,New Zealand,KC Sangakkara,TM Dilshan,JDP Oram,0,0,,,,,,,,,
473315,2010,2010-08-19,Rangiri Dambulla International Stadium,1,10.4,Sri Lanka,New Zealand,KC Sangakkara,TM Dilshan,JDP Oram,0,0,,,,,,,,,
473315,2010,2010-08-19,Rangiri Dambulla International Stadium,1,10.5,Sri Lanka,New Zealand,KC Sangakkara,TM Dilshan,JDP Oram,4,0,,,,,,,,,
473315,2010,2010-08-19,Rangiri Dambulla International Stadium,1,10.6,Sri Lanka,New Zealand,KC Sangakkara,TM Dilshan,JDP Oram,0,0,,,,,,,,,
473315,2010,2010-08-19,Rangiri Dambulla International Stadium,1,11.1,Sri Lanka,New Zealand,TM Dilshan,KC Sangakkara,SB Styris,0,0,,,,,,,,,
473315,2010,2010-08-19,Rangiri Dambulla International Stadium,1,11.2,Sri Lanka,New Zealand,TM Dilshan,KC Sangakkara,SB Styris,0,0,,,,,,,,,
473315,2010,2010-08-19,Rangiri Dambulla International Stadium,1,11.3,Sri Lanka,New Zealand,TM Dilshan,KC Sangakkara,SB Styris,0,0,,,,,,,,,
473315,2010,2010-08-19,Rangiri Dambulla International Stadium,1,11.4,Sri Lanka,New Zealand,TM Dilshan,KC Sangakkara,SB Styris,0,0,,,,,,,,,
473315,2010,2010-08-19,Rangiri Dambulla International Stadium,1,11.5,Sri Lanka,New Zealand,TM Dilshan,KC Sangakkara,SB Styris,1,0,,,,,,,,,
473315,2010,2010-08-19,Rangiri Dambulla International Stadium,1,11.6,Sri Lanka,New Zealand,KC Sangakkara,TM Dilshan,SB Styris,1,0,,,,,,,,,
473315,2010,2010-08-19,Rangiri Dambulla International Stadium,1,12.1,Sri Lanka,New Zealand,KC Sangakkara,TM Dilshan,JDP Oram,0,0,,,,,,,,,
473315,2010,2010-08-19,Rangiri Dambulla International Stadium,1,12.2,Sri Lanka,New Zealand,KC Sangakkara,TM Dilshan,JDP Oram,0,0,,,,,,,,,
473315,2010,2010-08-19,Rangiri Dambulla International Stadium,1,12.3,Sri Lanka,New Zealand,KC Sangakkara,TM Dilshan,JDP Oram,1,0,,,,,,,,,
473315,2010,2010-08-19,Rangiri Dambulla International Stadium,1,12.4,Sri Lanka,New Zealand,TM Dilshan,KC Sangakkara,JDP Oram,0,0,,,,,,,,,
473315,2010,2010-08-19,Rangiri Dambulla International Stadium,1,12.5,Sri Lanka,New Zealand,TM Dilshan,KC Sangakkara,JDP Oram,0,0,,,,,,,,,
473315,2010,2010-08-19,Rangiri Dambulla International Stadium,1,12.6,Sri Lanka,New Zealand,TM Dilshan,KC Sangakkara,JDP Oram,0,0,,,,,,,,,
473315,2010,2010-08-19,Rangiri Dambulla International Stadium,1,13.1,Sri Lanka,New Zealand,KC Sangakkara,TM Dilshan,SB Styris,1,0,,,,,,,,,
473315,2010,2010-08-19,Rangiri Dambulla International Stadium,1,13.2,Sri Lanka,New Zealand,TM Dilshan,KC Sangakkara,SB Styris,0,0,,,,,,,,,
473315,2010,2010-08-19,Rangiri Dambulla International Stadium,1,13.3,Sri Lanka,New Zealand,TM Dilshan,KC Sangakkara,SB Styris,1,0,,,,,,,,,
473315,2010,2010-08-19,Rangiri Dambulla International Stadium,1,13.4,Sri Lanka,New Zealand,KC Sangakkara,TM Dilshan,SB Styris,0,0,,,,,,,,,
473315,2010,2010-08-19,Rangiri Dambulla International Stadium,1,13.5,Sri Lanka,New Zealand,KC Sangakkara,TM Dilshan,SB Styris,0,0,,,,,,,,,
473315,2010,2010-08-19,Rangiri Dambulla International Stadium,1,13.6,Sri Lanka,New Zealand,KC Sangakkara,TM Dilshan,SB Styris,2,0,,,,,,,,,
473315,2010,2010-08-19,Rangiri Dambulla International Stadium,1,14.1,Sri Lanka,New Zealand,TM Dilshan,KC Sangakkara,JDP Oram,1,0,,,,,,,,,
473315,2010,2010-08-19,Rangiri Dambulla International Stadium,1,14.2,Sri Lanka,New Zealand,KC Sangakkara,TM Dilshan,JDP Oram,1,0,,,,,,,,,
473315,2010,2010-08-19,Rangiri Dambulla International Stadium,1,14.3,Sri Lanka,New Zealand,TM Dilshan,KC Sangakkara,JDP Oram,0,0,,,,,,,,,
473315,2010,2010-08-19,Rangiri Dambulla International Stadium,1,14.4,Sri Lanka,New Zealand,TM Dilshan,KC Sangakkara,JDP Oram,0,0,,,,,,,,,
473315,2010,2010-08-19,Rangiri Dambulla International Stadium,1,14.5,Sri Lanka,New Zealand,TM Dilshan,KC Sangakkara,JDP Oram,0,0,,,,,,,,,
473315,2010,2010-08-19,Rangiri Dambulla International Stadium,1,14.6,Sri Lanka,New Zealand,TM Dilshan,KC Sangakkara,JDP Oram,1,0,,,,,,,,,
473315,2010,2010-08-19,Rangiri Dambulla International Stadium,1,15.1,Sri Lanka,New Zealand,TM Dilshan,KC Sangakkara,SB Styris,0,0,,,,,,bowled,TM Dilshan,,
473315,2010,2010-08-19,Rangiri Dambulla International Stadium,1,15.2,Sri Lanka,New Zealand,DPMD Jayawardene,KC Sangakkara,SB Styris,0,0,,,,,,,,,
473315,2010,2010-08-19,Rangiri Dambulla International Stadium,1,15.3,Sri Lanka,New Zealand,DPMD Jayawardene,KC Sangakkara,SB Styris,1,0,,,,,,,,,
473315,2010,2010-08-19,Rangiri Dambulla International Stadium,1,15.4,Sri Lanka,New Zealand,KC Sangakkara,DPMD Jayawardene,SB Styris,0,0,,,,,,,,,
473315,2010,2010-08-19,Rangiri Dambulla International Stadium,1,15.5,Sri Lanka,New Zealand,KC Sangakkara,DPMD Jayawardene,SB Styris,0,0,,,,,,,,,
473315,2010,2010-08-19,Rangiri Dambulla International Stadium,1,15.6,Sri Lanka,New Zealand,KC Sangakkara,DPMD Jayawardene,SB Styris,0,0,,,,,,,,,
473315,2010,2010-08-19,Rangiri Dambulla International Stadium,1,16.1,Sri Lanka,New Zealand,DPMD Jayawardene,KC Sangakkara,JDP Oram,0,0,,,,,,,,,
473315,2010,2010-08-19,Rangiri Dambulla International Stadium,1,16.2,Sri Lanka,New Zealand,DPMD Jayawardene,KC Sangakkara,JDP Oram,0,0,,,,,,,,,
473315,2010,2010-08-19,Rangiri Dambulla International Stadium,1,16.3,Sri Lanka,New Zealand,DPMD Jayawardene,KC Sangakkara,JDP Oram,1,0,,,,,,,,,
473315,2010,2010-08-19,Rangiri Dambulla International Stadium,1,16.4,Sri Lanka,New Zealand,KC Sangakkara,DPMD Jayawardene,JDP Oram,0,0,,,,,,,,,
473315,2010,2010-08-19,Rangiri Dambulla International Stadium,1,16.5,Sri Lanka,New Zealand,KC Sangakkara,DPMD Jayawardene,JDP Oram,0,1,1,,,,,,,,
473315,2010,2010-08-19,Rangiri Dambulla International Stadium,1,16.6,Sri Lanka,New Zealand,KC Sangakkara,DPMD Jayawardene,JDP Oram,0,0,,,,,,,,,
473315,2010,2010-08-19,Rangiri Dambulla International Stadium,1,16.7,Sri Lanka,New Zealand,KC Sangakkara,DPMD Jayawardene,JDP Oram,0,0,,,,,,,,,
473315,2010,2010-08-19,Rangiri Dambulla International Stadium,1,17.1,Sri Lanka,New Zealand,DPMD Jayawardene,KC Sangakkara,SB Styris,0,0,,,,,,,,,
473315,2010,2010-08-19,Rangiri Dambulla International Stadium,1,17.2,Sri Lanka,New Zealand,DPMD Jayawardene,KC Sangakkara,SB Styris,1,0,,,,,,,,,
473315,2010,2010-08-19,Rangiri Dambulla International Stadium,1,17.3,Sri Lanka,New Zealand,KC Sangakkara,DPMD Jayawardene,SB Styris,0,0,,,,,,,,,
473315,2010,2010-08-19,Rangiri Dambulla International Stadium,1,17.4,Sri Lanka,New Zealand,KC Sangakkara,DPMD Jayawardene,SB Styris,1,0,,,,,,,,,
473315,2010,2010-08-19,Rangiri Dambulla International Stadium,1,17.5,Sri Lanka,New Zealand,DPMD Jayawardene,KC Sangakkara,SB Styris,0,0,,,,,,,,,
473315,2010,2010-08-19,Rangiri Dambulla International Stadium,1,17.6,Sri Lanka,New Zealand,DPMD Jayawardene,KC Sangakkara,SB Styris,1,0,,,,,,,,,
473315,2010,2010-08-19,Rangiri Dambulla International Stadium,1,18.1,Sri Lanka,New Zealand,DPMD Jayawardene,KC Sangakkara,JDP Oram,0,0,,,,,,,,,
473315,2010,2010-08-19,Rangiri Dambulla International Stadium,1,18.2,Sri Lanka,New Zealand,DPMD Jayawardene,KC Sangakkara,JDP Oram,0,0,,,,,,,,,
473315,2010,2010-08-19,Rangiri Dambulla International Stadium,1,18.3,Sri Lanka,New Zealand,DPMD Jayawardene,KC Sangakkara,JDP Oram,0,0,,,,,,,,,
473315,2010,2010-08-19,Rangiri Dambulla International Stadium,1,18.4,Sri Lanka,New Zealand,DPMD Jayawardene,KC Sangakkara,JDP Oram,0,0,,,,,,,,,
473315,2010,2010-08-19,Rangiri Dambulla International Stadium,1,18.5,Sri Lanka,New Zealand,DPMD Jayawardene,KC Sangakkara,JDP Oram,1,0,,,,,,,,,
473315,2010,2010-08-19,Rangiri Dambulla International Stadium,1,18.6,Sri Lanka,New Zealand,KC Sangakkara,DPMD Jayawardene,JDP Oram,0,0,,,,,,,,,
473315,2010,2010-08-19,Rangiri Dambulla International Stadium,1,19.1,Sri Lanka,New Zealand,DPMD Jayawardene,KC Sangakkara,SB Styris,0,0,,,,,,,,,
473315,2010,2010-08-19,Rangiri Dambulla International Stadium,1,19.2,Sri Lanka,New Zealand,DPMD Jayawardene,KC Sangakkara,SB Styris,1,0,,,,,,,,,
473315,2010,2010-08-19,Rangiri Dambulla International Stadium,1,19.3,Sri Lanka,New Zealand,KC Sangakkara,DPMD Jayawardene,SB Styris,1,0,,,,,,,,,
473315,2010,2010-08-19,Rangiri Dambulla International Stadium,1,19.4,Sri Lanka,New Zealand,DPMD Jayawardene,KC Sangakkara,SB Styris,4,0,,,,,,,,,
473315,2010,2010-08-19,Rangiri Dambulla International Stadium,1,19.5,Sri Lanka,New Zealand,DPMD Jayawardene,KC Sangakkara,SB Styris,1,0,,,,,,,,,
473315,2010,2010-08-19,Rangiri Dambulla International Stadium,1,19.6,Sri Lanka,New Zealand,KC Sangakkara,DPMD Jayawardene,SB Styris,1,0,,,,,,,,,
473315,2010,2010-08-19,Rangiri Dambulla International Stadium,1,20.1,Sri Lanka,New Zealand,KC Sangakkara,DPMD Jayawardene,JDP Oram,0,0,,,,,,,,,
473315,2010,2010-08-19,Rangiri Dambulla International Stadium,1,20.2,Sri Lanka,New Zealand,KC Sangakkara,DPMD Jayawardene,JDP Oram,1,0,,,,,,,,,
473315,2010,2010-08-19,Rangiri Dambulla International Stadium,1,20.3,Sri Lanka,New Zealand,DPMD Jayawardene,KC Sangakkara,JDP Oram,0,0,,,,,,,,,
473315,2010,2010-08-19,Rangiri Dambulla International Stadium,1,20.4,Sri Lanka,New Zealand,DPMD Jayawardene,KC Sangakkara,JDP Oram,0,0,,,,,,,,,
473315,2010,2010-08-19,Rangiri Dambulla International Stadium,1,20.5,Sri Lanka,New Zealand,DPMD Jayawardene,KC Sangakkara,JDP Oram,0,0,,,,,,,,,
473315,2010,2010-08-19,Rangiri Dambulla International Stadium,1,20.6,Sri Lanka,New Zealand,DPMD Jayawardene,KC Sangakkara,JDP Oram,0,0,,,,,,,,,
473315,2010,2010-08-19,Rangiri Dambulla International Stadium,1,21.1,Sri Lanka,New Zealand,KC Sangakkara,DPMD Jayawardene,SB Styris,2,0,,,,,,,,,
473315,2010,2010-08-19,Rangiri Dambulla International Stadium,1,21.2,Sri Lanka,New Zealand,KC Sangakkara,DPMD Jayawardene,SB Styris,0,0,,,,,,,,,
473315,2010,2010-08-19,Rangiri Dambulla International Stadium,1,21.3,Sri Lanka,New Zealand,KC Sangakkara,DPMD Jayawardene,SB Styris,0,0,,,,,,,,,
473315,2010,2010-08-19,Rangiri Dambulla International Stadium,1,21.4,Sri Lanka,New Zealand,KC Sangakkara,DPMD Jayawardene,SB Styris,1,0,,,,,,,,,
473315,2010,2010-08-19,Rangiri Dambulla International Stadium,1,21.5,Sri Lanka,New Zealand,DPMD Jayawardene,KC Sangakkara,SB Styris,0,0,,,,,,,,,
473315,2010,2010-08-19,Rangiri Dambulla International Stadium,1,21.6,Sri Lanka,New Zealand,DPMD Jayawardene,KC Sangakkara,SB Styris,1,0,,,,,,,,,
473315,2010,2010-08-19,Rangiri Dambulla International Stadium,1,22.1,Sri Lanka,New Zealand,DPMD Jayawardene,KC Sangakkara,NL McCullum,0,0,,,,,,,,,
473315,2010,2010-08-19,Rangiri Dambulla International Stadium,1,22.2,Sri Lanka,New Zealand,DPMD Jayawardene,KC Sangakkara,NL McCullum,2,0,,,,,,,,,
473315,2010,2010-08-19,Rangiri Dambulla International Stadium,1,22.3,Sri Lanka,New Zealand,DPMD Jayawardene,KC Sangakkara,NL McCullum,1,0,,,,,,,,,
473315,2010,2010-08-19,Rangiri Dambulla International Stadium,1,22.4,Sri Lanka,New Zealand,KC Sangakkara,DPMD Jayawardene,NL McCullum,0,0,,,,,,,,,
473315,2010,2010-08-19,Rangiri Dambulla International Stadium,1,22.5,Sri Lanka,New Zealand,KC Sangakkara,DPMD Jayawardene,NL McCullum,1,0,,,,,,,,,
473315,2010,2010-08-19,Rangiri Dambulla International Stadium,1,22.6,Sri Lanka,New Zealand,DPMD Jayawardene,KC Sangakkara,NL McCullum,1,0,,,,,,,,,
473315,2010,2010-08-19,Rangiri Dambulla International Stadium,1,23.1,Sri Lanka,New Zealand,DPMD Jayawardene,KC Sangakkara,KS Williamson,0,0,,,,,,,,,
473315,2010,2010-08-19,Rangiri Dambulla International Stadium,1,23.2,Sri Lanka,New Zealand,DPMD Jayawardene,KC Sangakkara,KS Williamson,0,0,,,,,,,,,
473315,2010,2010-08-19,Rangiri Dambulla International Stadium,1,23.3,Sri Lanka,New Zealand,DPMD Jayawardene,KC Sangakkara,KS Williamson,0,0,,,,,,,,,
473315,2010,2010-08-19,Rangiri Dambulla International Stadium,1,23.4,Sri Lanka,New Zealand,DPMD Jayawardene,KC Sangakkara,KS Williamson,1,0,,,,,,,,,
473315,2010,2010-08-19,Rangiri Dambulla International Stadium,1,23.5,Sri Lanka,New Zealand,KC Sangakkara,DPMD Jayawardene,KS Williamson,0,0,,,,,,,,,
473315,2010,2010-08-19,Rangiri Dambulla International Stadium,1,23.6,Sri Lanka,New Zealand,KC Sangakkara,DPMD Jayawardene,KS Williamson,0,0,,,,,,,,,
473315,2010,2010-08-19,Rangiri Dambulla International Stadium,1,24.1,Sri Lanka,New Zealand,DPMD Jayawardene,KC Sangakkara,NL McCullum,1,0,,,,,,,,,
473315,2010,2010-08-19,Rangiri Dambulla International Stadium,1,24.2,Sri Lanka,New Zealand,KC Sangakkara,DPMD Jayawardene,NL McCullum,1,0,,,,,,,,,
473315,2010,2010-08-19,Rangiri Dambulla International Stadium,1,24.3,Sri Lanka,New Zealand,DPMD Jayawardene,KC Sangakkara,NL McCullum,1,0,,,,,,,,,
473315,2010,2010-08-19,Rangiri Dambulla International Stadium,1,24.4,Sri Lanka,New Zealand,KC Sangakkara,DPMD Jayawardene,NL McCullum,1,0,,,,,,,,,
473315,2010,2010-08-19,Rangiri Dambulla International Stadium,1,24.5,Sri Lanka,New Zealand,DPMD Jayawardene,KC Sangakkara,NL McCullum,0,0,,,,,,,,,
473315,2010,2010-08-19,Rangiri Dambulla International Stadium,1,24.6,Sri Lanka,New Zealand,DPMD Jayawardene,KC Sangakkara,NL McCullum,0,0,,,,,,,,,
473315,2010,2010-08-19,Rangiri Dambulla International Stadium,1,25.1,Sri Lanka,New Zealand,KC Sangakkara,DPMD Jayawardene,KS Williamson,1,0,,,,,,,,,
473315,2010,2010-08-19,Rangiri Dambulla International Stadium,1,25.2,Sri Lanka,New Zealand,DPMD Jayawardene,KC Sangakkara,KS Williamson,0,0,,,,,,,,,
473315,2010,2010-08-19,Rangiri Dambulla International Stadium,1,25.3,Sri Lanka,New Zealand,DPMD Jayawardene,KC Sangakkara,KS Williamson,0,0,,,,,,,,,
473315,2010,2010-08-19,Rangiri Dambulla International Stadium,1,25.4,Sri Lanka,New Zealand,DPMD Jayawardene,KC Sangakkara,KS Williamson,1,0,,,,,,,,,
473315,2010,2010-08-19,Rangiri Dambulla International Stadium,1,25.5,Sri Lanka,New Zealand,KC Sangakkara,DPMD Jayawardene,KS Williamson,0,0,,,,,,,,,
473315,2010,2010-08-19,Rangiri Dambulla International Stadium,1,25.6,Sri Lanka,New Zealand,KC Sangakkara,DPMD Jayawardene,KS Williamson,2,0,,,,,,,,,
473315,2010,2010-08-19,Rangiri Dambulla International Stadium,1,26.1,Sri Lanka,New Zealand,DPMD Jayawardene,KC Sangakkara,NL McCullum,6,0,,,,,,,,,
473315,2010,2010-08-19,Rangiri Dambulla International Stadium,1,26.2,Sri Lanka,New Zealand,DPMD Jayawardene,KC Sangakkara,NL McCullum,1,0,,,,,,,,,
473315,2010,2010-08-19,Rangiri Dambulla International Stadium,1,26.3,Sri Lanka,New Zealand,KC Sangakkara,DPMD Jayawardene,NL McCullum,0,0,,,,,,,,,
473315,2010,2010-08-19,Rangiri Dambulla International Stadium,1,26.4,Sri Lanka,New Zealand,KC Sangakkara,DPMD Jayawardene,NL McCullum,0,0,,,,,,,,,
473315,2010,2010-08-19,Rangiri Dambulla International Stadium,1,26.5,Sri Lanka,New Zealand,KC Sangakkara,DPMD Jayawardene,NL McCullum,4,0,,,,,,,,,
473315,2010,2010-08-19,Rangiri Dambulla International Stadium,1,26.6,Sri Lanka,New Zealand,KC Sangakkara,DPMD Jayawardene,NL McCullum,0,0,,,,,,,,,
473315,2010,2010-08-19,Rangiri Dambulla International Stadium,1,27.1,Sri Lanka,New Zealand,DPMD Jayawardene,KC Sangakkara,SB Styris,1,0,,,,,,,,,
473315,2010,2010-08-19,Rangiri Dambulla International Stadium,1,27.2,Sri Lanka,New Zealand,KC Sangakkara,DPMD Jayawardene,SB Styris,0,0,,,,,,,,,
473315,2010,2010-08-19,Rangiri Dambulla International Stadium,1,27.3,Sri Lanka,New Zealand,KC Sangakkara,DPMD Jayawardene,SB Styris,0,0,,,,,,,,,
473315,2010,2010-08-19,Rangiri Dambulla International Stadium,1,27.4,Sri Lanka,New Zealand,KC Sangakkara,DPMD Jayawardene,SB Styris,4,0,,,,,,,,,
473315,2010,2010-08-19,Rangiri Dambulla International Stadium,1,27.5,Sri Lanka,New Zealand,KC Sangakkara,DPMD Jayawardene,SB Styris,0,0,,,,,,,,,
473315,2010,2010-08-19,Rangiri Dambulla International Stadium,1,27.6,Sri Lanka,New Zealand,KC Sangakkara,DPMD Jayawardene,SB Styris,1,0,,,,,,,,,
473315,2010,2010-08-19,Rangiri Dambulla International Stadium,1,28.1,Sri Lanka,New Zealand,KC Sangakkara,DPMD Jayawardene,NL McCullum,0,0,,,,,,,,,
473315,2010,2010-08-19,Rangiri Dambulla International Stadium,1,28.2,Sri Lanka,New Zealand,KC Sangakkara,DPMD Jayawardene,NL McCullum,0,0,,,,,,,,,
473315,2010,2010-08-19,Rangiri Dambulla International Stadium,1,28.3,Sri Lanka,New Zealand,KC Sangakkara,DPMD Jayawardene,NL McCullum,0,0,,,,,,,,,
473315,2010,2010-08-19,Rangiri Dambulla International Stadium,1,28.4,Sri Lanka,New Zealand,KC Sangakkara,DPMD Jayawardene,NL McCullum,0,0,,,,,,,,,
473315,2010,2010-08-19,Rangiri Dambulla International Stadium,1,28.5,Sri Lanka,New Zealand,KC Sangakkara,DPMD Jayawardene,NL McCullum,1,0,,,,,,,,,
473315,2010,2010-08-19,Rangiri Dambulla International Stadium,1,28.6,Sri Lanka,New Zealand,DPMD Jayawardene,KC Sangakkara,NL McCullum,1,0,,,,,,,,,
473315,2010,2010-08-19,Rangiri Dambulla International Stadium,1,29.1,Sri Lanka,New Zealand,DPMD Jayawardene,KC Sangakkara,SB Styris,0,0,,,,,,,,,
473315,2010,2010-08-19,Rangiri Dambulla International Stadium,1,29.2,Sri Lanka,New Zealand,DPMD Jayawardene,KC Sangakkara,SB Styris,0,1,,,,1,,,,,
473315,2010,2010-08-19,Rangiri Dambulla International Stadium,1,29.3,Sri Lanka,New Zealand,KC Sangakkara,DPMD Jayawardene,SB Styris,2,0,,,,,,,,,
473315,2010,2010-08-19,Rangiri Dambulla International Stadium,1,29.4,Sri Lanka,New Zealand,KC Sangakkara,DPMD Jayawardene,SB Styris,0,0,,,,,,caught,KC Sangakkara,,
473315,2010,2010-08-19,Rangiri Dambulla International Stadium,1,29.5,Sri Lanka,New Zealand,LPC Silva,DPMD Jayawardene,SB Styris,0,0,,,,,,,,,
473315,2010,2010-08-19,Rangiri Dambulla International Stadium,1,29.6,Sri Lanka,New Zealand,LPC Silva,DPMD Jayawardene,SB Styris,0,0,,,,,,,,,
473315,2010,2010-08-19,Rangiri Dambulla International Stadium,1,30.1,Sri Lanka,New Zealand,DPMD Jayawardene,LPC Silva,DR Tuffey,1,0,,,,,,,,,
473315,2010,2010-08-19,Rangiri Dambulla International Stadium,1,30.2,Sri Lanka,New Zealand,LPC Silva,DPMD Jayawardene,DR Tuffey,0,0,,,,,,,,,
473315,2010,2010-08-19,Rangiri Dambulla International Stadium,1,30.3,Sri Lanka,New Zealand,LPC Silva,DPMD Jayawardene,DR Tuffey,0,0,,,,,,,,,
473315,2010,2010-08-19,Rangiri Dambulla International Stadium,1,30.4,Sri Lanka,New Zealand,LPC Silva,DPMD Jayawardene,DR Tuffey,4,0,,,,,,,,,
473315,2010,2010-08-19,Rangiri Dambulla International Stadium,1,30.5,Sri Lanka,New Zealand,LPC Silva,DPMD Jayawardene,DR Tuffey,0,0,,,,,,,,,
473315,2010,2010-08-19,Rangiri Dambulla International Stadium,1,30.6,Sri Lanka,New Zealand,LPC Silva,DPMD Jayawardene,DR Tuffey,1,0,,,,,,,,,
473315,2010,2010-08-19,Rangiri Dambulla International Stadium,1,31.1,Sri Lanka,New Zealand,LPC Silva,DPMD Jayawardene,SB Styris,0,0,,,,,,,,,
473315,2010,2010-08-19,Rangiri Dambulla International Stadium,1,31.2,Sri Lanka,New Zealand,LPC Silva,DPMD Jayawardene,SB Styris,1,0,,,,,,,,,
473315,2010,2010-08-19,Rangiri Dambulla International Stadium,1,31.3,Sri Lanka,New Zealand,DPMD Jayawardene,LPC Silva,SB Styris,1,0,,,,,,,,,
473315,2010,2010-08-19,Rangiri Dambulla International Stadium,1,31.4,Sri Lanka,New Zealand,LPC Silva,DPMD Jayawardene,SB Styris,0,0,,,,,,,,,
473315,2010,2010-08-19,Rangiri Dambulla International Stadium,1,31.5,Sri Lanka,New Zealand,LPC Silva,DPMD Jayawardene,SB Styris,0,0,,,,,,,,,
473315,2010,2010-08-19,Rangiri Dambulla International Stadium,1,31.6,Sri Lanka,New Zealand,LPC Silva,DPMD Jayawardene,SB Styris,0,0,,,,,,,,,
473315,2010,2010-08-19,Rangiri Dambulla International Stadium,1,32.1,Sri Lanka,New Zealand,DPMD Jayawardene,LPC Silva,DR Tuffey,4,0,,,,,,,,,
473315,2010,2010-08-19,Rangiri Dambulla International Stadium,1,32.2,Sri Lanka,New Zealand,DPMD Jayawardene,LPC Silva,DR Tuffey,0,0,,,,,,,,,
473315,2010,2010-08-19,Rangiri Dambulla International Stadium,1,32.3,Sri Lanka,New Zealand,DPMD Jayawardene,LPC Silva,DR Tuffey,1,0,,,,,,,,,
473315,2010,2010-08-19,Rangiri Dambulla International Stadium,1,32.4,Sri Lanka,New Zealand,LPC Silva,DPMD Jayawardene,DR Tuffey,0,0,,,,,,,,,
473315,2010,2010-08-19,Rangiri Dambulla International Stadium,1,32.5,Sri Lanka,New Zealand,LPC Silva,DPMD Jayawardene,DR Tuffey,4,0,,,,,,,,,
473315,2010,2010-08-19,Rangiri Dambulla International Stadium,1,32.6,Sri Lanka,New Zealand,LPC Silva,DPMD Jayawardene,DR Tuffey,1,0,,,,,,,,,
473315,2010,2010-08-19,Rangiri Dambulla International Stadium,1,33.1,Sri Lanka,New Zealand,LPC Silva,DPMD Jayawardene,SB Styris,0,0,,,,,,,,,
473315,2010,2010-08-19,Rangiri Dambulla International Stadium,1,33.2,Sri Lanka,New Zealand,LPC Silva,DPMD Jayawardene,SB Styris,2,0,,,,,,,,,
473315,2010,2010-08-19,Rangiri Dambulla International Stadium,1,33.3,Sri Lanka,New Zealand,LPC Silva,DPMD Jayawardene,SB Styris,1,0,,,,,,,,,
473315,2010,2010-08-19,Rangiri Dambulla International Stadium,1,33.4,Sri Lanka,New Zealand,DPMD Jayawardene,LPC Silva,SB Styris,1,0,,,,,,,,,
473315,2010,2010-08-19,Rangiri Dambulla International Stadium,1,33.5,Sri Lanka,New Zealand,LPC Silva,DPMD Jayawardene,SB Styris,0,0,,,,,,,,,
473315,2010,2010-08-19,Rangiri Dambulla International Stadium,1,33.6,Sri Lanka,New Zealand,LPC Silva,DPMD Jayawardene,SB Styris,0,0,,,,,,,,,
473315,2010,2010-08-19,Rangiri Dambulla International Stadium,1,34.1,Sri Lanka,New Zealand,DPMD Jayawardene,LPC Silva,DR Tuffey,1,0,,,,,,,,,
473315,2010,2010-08-19,Rangiri Dambulla International Stadium,1,34.2,Sri Lanka,New Zealand,LPC Silva,DPMD Jayawardene,DR Tuffey,0,0,,,,,,,,,
473315,2010,2010-08-19,Rangiri Dambulla International Stadium,1,34.3,Sri Lanka,New Zealand,LPC Silva,DPMD Jayawardene,DR Tuffey,0,0,,,,,,,,,
473315,2010,2010-08-19,Rangiri Dambulla International Stadium,1,34.4,Sri Lanka,New Zealand,LPC Silva,DPMD Jayawardene,DR Tuffey,4,0,,,,,,,,,
473315,2010,2010-08-19,Rangiri Dambulla International Stadium,1,34.5,Sri Lanka,New Zealand,LPC Silva,DPMD Jayawardene,DR Tuffey,0,0,,,,,,,,,
473315,2010,2010-08-19,Rangiri Dambulla International Stadium,1,34.6,Sri Lanka,New Zealand,LPC Silva,DPMD Jayawardene,DR Tuffey,0,0,,,,,,,,,
473315,2010,2010-08-19,Rangiri Dambulla International Stadium,1,35.1,Sri Lanka,New Zealand,DPMD Jayawardene,LPC Silva,KS Williamson,1,0,,,,,,,,,
473315,2010,2010-08-19,Rangiri Dambulla International Stadium,1,35.2,Sri Lanka,New Zealand,LPC Silva,DPMD Jayawardene,KS Williamson,0,0,,,,,,,,,
473315,2010,2010-08-19,Rangiri Dambulla International Stadium,1,35.3,Sri Lanka,New Zealand,LPC Silva,DPMD Jayawardene,KS Williamson,0,0,,,,,,,,,
473315,2010,2010-08-19,Rangiri Dambulla International Stadium,1,35.4,Sri Lanka,New Zealand,LPC Silva,DPMD Jayawardene,KS Williamson,0,0,,,,,,,,,
473315,2010,2010-08-19,Rangiri Dambulla International Stadium,1,35.5,Sri Lanka,New Zealand,LPC Silva,DPMD Jayawardene,KS Williamson,1,0,,,,,,,,,
473315,2010,2010-08-19,Rangiri Dambulla International Stadium,1,35.6,Sri Lanka,New Zealand,DPMD Jayawardene,LPC Silva,KS Williamson,1,0,,,,,,,,,
473315,2010,2010-08-19,Rangiri Dambulla International Stadium,1,36.1,Sri Lanka,New Zealand,DPMD Jayawardene,LPC Silva,NL McCullum,1,0,,,,,,,,,
473315,2010,2010-08-19,Rangiri Dambulla International Stadium,1,36.2,Sri Lanka,New Zealand,LPC Silva,DPMD Jayawardene,NL McCullum,6,0,,,,,,,,,
473315,2010,2010-08-19,Rangiri Dambulla International Stadium,1,36.3,Sri Lanka,New Zealand,LPC Silva,DPMD Jayawardene,NL McCullum,0,0,,,,,,,,,
473315,2010,2010-08-19,Rangiri Dambulla International Stadium,1,36.4,Sri Lanka,New Zealand,LPC Silva,DPMD Jayawardene,NL McCullum,0,0,,,,,,,,,
473315,2010,2010-08-19,Rangiri Dambulla International Stadium,1,36.5,Sri Lanka,New Zealand,LPC Silva,DPMD Jayawardene,NL McCullum,0,0,,,,,,,,,
473315,2010,2010-08-19,Rangiri Dambulla International Stadium,1,36.6,Sri Lanka,New Zealand,LPC Silva,DPMD Jayawardene,NL McCullum,0,0,,,,,,,,,
473315,2010,2010-08-19,Rangiri Dambulla International Stadium,1,37.1,Sri Lanka,New Zealand,DPMD Jayawardene,LPC Silva,KS Williamson,1,0,,,,,,,,,
473315,2010,2010-08-19,Rangiri Dambulla International Stadium,1,37.2,Sri Lanka,New Zealand,LPC Silva,DPMD Jayawardene,KS Williamson,0,0,,,,,,,,,
473315,2010,2010-08-19,Rangiri Dambulla International Stadium,1,37.3,Sri Lanka,New Zealand,LPC Silva,DPMD Jayawardene,KS Williamson,0,0,,,,,,,,,
473315,2010,2010-08-19,Rangiri Dambulla International Stadium,1,37.4,Sri Lanka,New Zealand,LPC Silva,DPMD Jayawardene,KS Williamson,0,1,,,1,,,,,,
473315,2010,2010-08-19,Rangiri Dambulla International Stadium,1,37.5,Sri Lanka,New Zealand,DPMD Jayawardene,LPC Silva,KS Williamson,0,0,,,,,,,,,
473315,2010,2010-08-19,Rangiri Dambulla International Stadium,1,37.6,Sri Lanka,New Zealand,DPMD Jayawardene,LPC Silva,KS Williamson,1,0,,,,,,,,,
473315,2010,2010-08-19,Rangiri Dambulla International Stadium,1,38.1,Sri Lanka,New Zealand,DPMD Jayawardene,LPC Silva,JDP Oram,0,0,,,,,,,,,
473315,2010,2010-08-19,Rangiri Dambulla International Stadium,1,38.2,Sri Lanka,New Zealand,DPMD Jayawardene,LPC Silva,JDP Oram,1,0,,,,,,,,,
473315,2010,2010-08-19,Rangiri Dambulla International Stadium,1,38.3,Sri Lanka,New Zealand,LPC Silva,DPMD Jayawardene,JDP Oram,0,0,,,,,,,,,
473315,2010,2010-08-19,Rangiri Dambulla International Stadium,1,38.4,Sri Lanka,New Zealand,LPC Silva,DPMD Jayawardene,JDP Oram,0,0,,,,,,,,,
473315,2010,2010-08-19,Rangiri Dambulla International Stadium,1,38.5,Sri Lanka,New Zealand,LPC Silva,DPMD Jayawardene,JDP Oram,1,0,,,,,,,,,
473315,2010,2010-08-19,Rangiri Dambulla International Stadium,1,38.6,Sri Lanka,New Zealand,DPMD Jayawardene,LPC Silva,JDP Oram,0,0,,,,,,,,,
473315,2010,2010-08-19,Rangiri Dambulla International Stadium,1,39.1,Sri Lanka,New Zealand,LPC Silva,DPMD Jayawardene,KS Williamson,0,0,,,,,,,,,
473315,2010,2010-08-19,Rangiri Dambulla International Stadium,1,39.2,Sri Lanka,New Zealand,LPC Silva,DPMD Jayawardene,KS Williamson,1,0,,,,,,,,,
473315,2010,2010-08-19,Rangiri Dambulla International Stadium,1,39.3,Sri Lanka,New Zealand,DPMD Jayawardene,LPC Silva,KS Williamson,1,0,,,,,,,,,
473315,2010,2010-08-19,Rangiri Dambulla International Stadium,1,39.4,Sri Lanka,New Zealand,LPC Silva,DPMD Jayawardene,KS Williamson,2,0,,,,,,,,,
473315,2010,2010-08-19,Rangiri Dambulla International Stadium,1,39.5,Sri Lanka,New Zealand,LPC Silva,DPMD Jayawardene,KS Williamson,1,0,,,,,,,,,
473315,2010,2010-08-19,Rangiri Dambulla International Stadium,1,39.6,Sri Lanka,New Zealand,DPMD Jayawardene,LPC Silva,KS Williamson,0,0,,,,,,,,,
473315,2010,2010-08-19,Rangiri Dambulla International Stadium,1,40.1,Sri Lanka,New Zealand,LPC Silva,DPMD Jayawardene,JDP Oram,2,0,,,,,,,,,
473315,2010,2010-08-19,Rangiri Dambulla International Stadium,1,40.2,Sri Lanka,New Zealand,LPC Silva,DPMD Jayawardene,JDP Oram,4,0,,,,,,,,,
473315,2010,2010-08-19,Rangiri Dambulla International Stadium,1,40.3,Sri Lanka,New Zealand,LPC Silva,DPMD Jayawardene,JDP Oram,0,0,,,,,,,,,
473315,2010,2010-08-19,Rangiri Dambulla International Stadium,1,40.4,Sri Lanka,New Zealand,LPC Silva,DPMD Jayawardene,JDP Oram,2,0,,,,,,,,,
473315,2010,2010-08-19,Rangiri Dambulla International Stadium,1,40.5,Sri Lanka,New Zealand,LPC Silva,DPMD Jayawardene,JDP Oram,0,0,,,,,,,,,
473315,2010,2010-08-19,Rangiri Dambulla International Stadium,1,40.6,Sri Lanka,New Zealand,LPC Silva,DPMD Jayawardene,JDP Oram,0,0,,,,,,,,,
473315,2010,2010-08-19,Rangiri Dambulla International Stadium,1,41.1,Sri Lanka,New Zealand,DPMD Jayawardene,LPC Silva,KS Williamson,0,0,,,,,,,,,
473315,2010,2010-08-19,Rangiri Dambulla International Stadium,1,41.2,Sri Lanka,New Zealand,DPMD Jayawardene,LPC Silva,KS Williamson,1,0,,,,,,,,,
473315,2010,2010-08-19,Rangiri Dambulla International Stadium,1,41.3,Sri Lanka,New Zealand,LPC Silva,DPMD Jayawardene,KS Williamson,0,0,,,,,,,,,
473315,2010,2010-08-19,Rangiri Dambulla International Stadium,1,41.4,Sri Lanka,New Zealand,LPC Silva,DPMD Jayawardene,KS Williamson,0,0,,,,,,,,,
473315,2010,2010-08-19,Rangiri Dambulla International Stadium,1,41.5,Sri Lanka,New Zealand,LPC Silva,DPMD Jayawardene,KS Williamson,1,0,,,,,,,,,
473315,2010,2010-08-19,Rangiri Dambulla International Stadium,1,41.6,Sri Lanka,New Zealand,DPMD Jayawardene,LPC Silva,KS Williamson,0,0,,,,,,,,,
473315,2010,2010-08-19,Rangiri Dambulla International Stadium,1,42.1,Sri Lanka,New Zealand,LPC Silva,DPMD Jayawardene,JDP Oram,1,0,,,,,,,,,
473315,2010,2010-08-19,Rangiri Dambulla International Stadium,1,42.2,Sri Lanka,New Zealand,DPMD Jayawardene,LPC Silva,JDP Oram,1,0,,,,,,,,,
473315,2010,2010-08-19,Rangiri Dambulla International Stadium,1,42.3,Sri Lanka,New Zealand,LPC Silva,DPMD Jayawardene,JDP Oram,0,0,,,,,,,,,
473315,2010,2010-08-19,Rangiri Dambulla International Stadium,1,42.4,Sri Lanka,New Zealand,LPC Silva,DPMD Jayawardene,JDP Oram,1,0,,,,,,,,,
473315,2010,2010-08-19,Rangiri Dambulla International Stadium,1,42.5,Sri Lanka,New Zealand,DPMD Jayawardene,LPC Silva,JDP Oram,1,0,,,,,,,,,
473315,2010,2010-08-19,Rangiri Dambulla International Stadium,1,42.6,Sri Lanka,New Zealand,LPC Silva,DPMD Jayawardene,JDP Oram,0,0,,,,,,,,,
473315,2010,2010-08-19,Rangiri Dambulla International Stadium,1,43.1,Sri Lanka,New Zealand,DPMD Jayawardene,LPC Silva,NL McCullum,4,0,,,,,,,,,
473315,2010,2010-08-19,Rangiri Dambulla International Stadium,1,43.2,Sri Lanka,New Zealand,DPMD Jayawardene,LPC Silva,NL McCullum,4,0,,,,,,,,,
473315,2010,2010-08-19,Rangiri Dambulla International Stadium,1,43.3,Sri Lanka,New Zealand,DPMD Jayawardene,LPC Silva,NL McCullum,2,0,,,,,,,,,
473315,2010,2010-08-19,Rangiri Dambulla International Stadium,1,43.4,Sri Lanka,New Zealand,DPMD Jayawardene,LPC Silva,NL McCullum,1,0,,,,,,,,,
