match_id,season,start_date,venue,innings,ball,batting_team,bowling_team,striker,non_striker,bowler,runs_off_bat,extras,wides,noballs,byes,legbyes,penalty,wicket_type,player_dismissed,other_wicket_type,other_player_dismissed
473923,2010/11,2011-01-22,Westpac Stadium,1,0.1,Pakistan,New Zealand,Kamran Akmal,Mohammad Hafeez,JEC Franklin,0,0,,,,,,,,,
473923,2010/11,2011-01-22,Westpac Stadium,1,0.2,Pakistan,New Zealand,Kamran Akmal,Mohammad Hafeez,JEC Franklin,4,0,,,,,,,,,
473923,2010/11,2011-01-22,Westpac Stadium,1,0.3,Pakistan,New Zealand,Kamran Akmal,Mohammad Hafeez,JEC Franklin,1,0,,,,,,,,,
473923,2010/11,2011-01-22,Westpac Stadium,1,0.4,Pakistan,New Zealand,Mohammad Hafeez,Kamran Akmal,JEC Franklin,0,0,,,,,,,,,
473923,2010/11,2011-01-22,Westpac Stadium,1,0.5,Pakistan,New Zealand,Mohammad Hafeez,Kamran Akmal,JEC Franklin,0,0,,,,,,,,,
473923,2010/11,2011-01-22,Westpac Stadium,1,0.6,Pakistan,New Zealand,Mohammad Hafeez,Kamran Akmal,JEC Franklin,0,0,,,,,,,,,
473923,2010/11,2011-01-22,Westpac Stadium,1,1.1,Pakistan,New Zealand,Kamran Akmal,Mohammad Hafeez,TG Southee,0,1,1,,,,,,,,
473923,2010/11,2011-01-22,Westpac Stadium,1,1.2,Pakistan,New Zealand,Kamran Akmal,Mohammad Hafeez,TG Southee,0,0,,,,,,,,,
473923,2010/11,2011-01-22,Westpac Stadium,1,1.3,Pakistan,New Zealand,Kamran Akmal,Mohammad Hafeez,TG Southee,0,0,,,,,,,,,
473923,2010/11,2011-01-22,Westpac Stadium,1,1.4,Pakistan,New Zealand,Kamran Akmal,Mohammad Hafeez,TG Southee,0,0,,,,,,,,,
473923,2010/11,2011-01-22,Westpac Stadium,1,1.5,Pakistan,New Zealand,Kamran Akmal,Mohammad Hafeez,TG Southee,1,0,,,,,,,,,
473923,2010/11,2011-01-22,Westpac Stadium,1,1.6,Pakistan,New Zealand,Mohammad Hafeez,Kamran Akmal,TG Southee,0,0,,,,,,,,,
473923,2010/11,2011-01-22,Westpac Stadium,1,1.7,Pakistan,New Zealand,Mohammad Hafeez,Kamran Akmal,TG Southee,0,0,,,,,,,,,
473923,2010/11,2011-01-22,Westpac Stadium,1,2.1,Pakistan,New Zealand,Kamran Akmal,Mohammad Hafeez,JEC Franklin,0,0,,,,,,,,,
473923,2010/11,2011-01-22,Westpac Stadium,1,2.2,Pakistan,New Zealand,Kamran Akmal,Mohammad Hafeez,JEC Franklin,0,0,,,,,,,,,
473923,2010/11,2011-01-22,Westpac Stadium,1,2.3,Pakistan,New Zealand,Kamran Akmal,Mohammad Hafeez,JEC Franklin,0,0,,,,,,,,,
473923,2010/11,2011-01-22,Westpac Stadium,1,2.4,Pakistan,New Zealand,Kamran Akmal,Mohammad Hafeez,JEC Franklin,0,0,,,,,,,,,
473923,2010/11,2011-01-22,Westpac Stadium,1,2.5,Pakistan,New Zealand,Kamran Akmal,Mohammad Hafeez,JEC Franklin,0,0,,,,,,,,,
473923,2010/11,2011-01-22,Westpac Stadium,1,2.6,Pakistan,New Zealand,Kamran Akmal,Mohammad Hafeez,JEC Franklin,0,0,,,,,,,,,
473923,2010/11,2011-01-22,Westpac Stadium,1,3.1,Pakistan,New Zealand,Mohammad Hafeez,Kamran Akmal,TG Southee,0,0,,,,,,,,,
473923,2010/11,2011-01-22,Westpac Stadium,1,3.2,Pakistan,New Zealand,Mohammad Hafeez,Kamran Akmal,TG Southee,0,0,,,,,,,,,
473923,2010/11,2011-01-22,Westpac Stadium,1,3.3,Pakistan,New Zealand,Mohammad Hafeez,Kamran Akmal,TG Southee,0,0,,,,,,,,,
473923,2010/11,2011-01-22,Westpac Stadium,1,3.4,Pakistan,New Zealand,Mohammad Hafeez,Kamran Akmal,TG Southee,0,0,,,,,,caught,Mohammad Hafeez,,
473923,2010/11,2011-01-22,Westpac Stadium,1,3.5,Pakistan,New Zealand,Younis Khan,Kamran Akmal,TG Southee,2,0,,,,,,,,,
473923,2010/11,2011-01-22,Westpac Stadium,1,3.6,Pakistan,New Zealand,Younis Khan,Kamran Akmal,TG Southee,0,0,,,,,,,,,
473923,2010/11,2011-01-22,Westpac Stadium,1,4.1,Pakistan,New Zealand,Kamran Akmal,Younis Khan,JEC Franklin,0,0,,,,,,,,,
473923,2010/11,2011-01-22,Westpac Stadium,1,4.2,Pakistan,New Zealand,Kamran Akmal,Younis Khan,JEC Franklin,0,0,,,,,,,,,
473923,2010/11,2011-01-22,Westpac Stadium,1,4.3,Pakistan,New Zealand,Kamran Akmal,Younis Khan,JEC Franklin,0,0,,,,,,,,,
473923,2010/11,2011-01-22,Westpac Stadium,1,4.4,Pakistan,New Zealand,Kamran Akmal,Younis Khan,JEC Franklin,1,0,,,,,,,,,
473923,2010/11,2011-01-22,Westpac Stadium,1,4.5,Pakistan,New Zealand,Younis Khan,Kamran Akmal,JEC Franklin,0,0,,,,,,,,,
473923,2010/11,2011-01-22,Westpac Stadium,1,4.6,Pakistan,New Zealand,Younis Khan,Kamran Akmal,JEC Franklin,1,0,,,,,,,,,
473923,2010/11,2011-01-22,Westpac Stadium,1,5.1,Pakistan,New Zealand,Younis Khan,Kamran Akmal,TG Southee,4,0,,,,,,,,,
473923,2010/11,2011-01-22,Westpac Stadium,1,5.2,Pakistan,New Zealand,Younis Khan,Kamran Akmal,TG Southee,1,0,,,,,,,,,
473923,2010/11,2011-01-22,Westpac Stadium,1,5.3,Pakistan,New Zealand,Kamran Akmal,Younis Khan,TG Southee,0,0,,,,,,,,,
473923,2010/11,2011-01-22,Westpac Stadium,1,5.4,Pakistan,New Zealand,Kamran Akmal,Younis Khan,TG Southee,0,0,,,,,,,,,
473923,2010/11,2011-01-22,Westpac Stadium,1,5.5,Pakistan,New Zealand,Kamran Akmal,Younis Khan,TG Southee,0,0,,,,,,,,,
473923,2010/11,2011-01-22,Westpac Stadium,1,5.6,Pakistan,New Zealand,Kamran Akmal,Younis Khan,TG Southee,0,0,,,,,,,,,
473923,2010/11,2011-01-22,Westpac Stadium,1,6.1,Pakistan,New Zealand,Younis Khan,Kamran Akmal,JEC Franklin,0,0,,,,,,,,,
473923,2010/11,2011-01-22,Westpac Stadium,1,6.2,Pakistan,New Zealand,Younis Khan,Kamran Akmal,JEC Franklin,0,0,,,,,,,,,
473923,2010/11,2011-01-22,Westpac Stadium,1,6.3,Pakistan,New Zealand,Younis Khan,Kamran Akmal,JEC Franklin,0,0,,,,,,,,,
473923,2010/11,2011-01-22,Westpac Stadium,1,6.4,Pakistan,New Zealand,Younis Khan,Kamran Akmal,JEC Franklin,4,0,,,,,,,,,
473923,2010/11,2011-01-22,Westpac Stadium,1,6.5,Pakistan,New Zealand,Younis Khan,Kamran Akmal,JEC Franklin,1,0,,,,,,,,,
473923,2010/11,2011-01-22,Westpac Stadium,1,6.6,Pakistan,New Zealand,Kamran Akmal,Younis Khan,JEC Franklin,1,0,,,,,,,,,
473923,2010/11,2011-01-22,Westpac Stadium,1,7.1,Pakistan,New Zealand,Kamran Akmal,Younis Khan,TG Southee,0,0,,,,,,caught,Kamran Akmal,,
473923,2010/11,2011-01-22,Westpac Stadium,1,7.2,Pakistan,New Zealand,Asad Shafiq,Younis Khan,TG Southee,0,0,,,,,,,,,
473923,2010/11,2011-01-22,Westpac Stadium,1,7.3,Pakistan,New Zealand,Asad Shafiq,Younis Khan,TG Southee,0,0,,,,,,,,,
473923,2010/11,2011-01-22,Westpac Stadium,1,7.4,Pakistan,New Zealand,Asad Shafiq,Younis Khan,TG Southee,0,0,,,,,,,,,
473923,2010/11,2011-01-22,Westpac Stadium,1,7.5,Pakistan,New Zealand,Asad Shafiq,Younis Khan,TG Southee,4,0,,,,,,,,,
473923,2010/11,2011-01-22,Westpac Stadium,1,7.6,Pakistan,New Zealand,Asad Shafiq,Younis Khan,TG Southee,0,0,,,,,,,,,
473923,2010/11,2011-01-22,Westpac Stadium,1,8.1,Pakistan,New Zealand,Younis Khan,Asad Shafiq,JDP Oram,0,0,,,,,,,,,
473923,2010/11,2011-01-22,Westpac Stadium,1,8.2,Pakistan,New Zealand,Younis Khan,Asad Shafiq,JDP Oram,1,0,,,,,,,,,
473923,2010/11,2011-01-22,Westpac Stadium,1,8.3,Pakistan,New Zealand,Asad Shafiq,Younis Khan,JDP Oram,0,1,1,,,,,,,,
473923,2010/11,2011-01-22,Westpac Stadium,1,8.4,Pakistan,New Zealand,Asad Shafiq,Younis Khan,JDP Oram,0,0,,,,,,,,,
473923,2010/11,2011-01-22,Westpac Stadium,1,8.5,Pakistan,New Zealand,Asad Shafiq,Younis Khan,JDP Oram,0,0,,,,,,,,,
473923,2010/11,2011-01-22,Westpac Stadium,1,8.6,Pakistan,New Zealand,Asad Shafiq,Younis Khan,JDP Oram,0,0,,,,,,,,,
473923,2010/11,2011-01-22,Westpac Stadium,1,8.7,Pakistan,New Zealand,Asad Shafiq,Younis Khan,JDP Oram,0,0,,,,,,,,,
473923,2010/11,2011-01-22,Westpac Stadium,1,9.1,Pakistan,New Zealand,Younis Khan,Asad Shafiq,TG Southee,1,0,,,,,,,,,
473923,2010/11,2011-01-22,Westpac Stadium,1,9.2,Pakistan,New Zealand,Asad Shafiq,Younis Khan,TG Southee,0,0,,,,,,,,,
473923,2010/11,2011-01-22,Westpac Stadium,1,9.3,Pakistan,New Zealand,Asad Shafiq,Younis Khan,TG Southee,0,0,,,,,,,,,
473923,2010/11,2011-01-22,Westpac Stadium,1,9.4,Pakistan,New Zealand,Asad Shafiq,Younis Khan,TG Southee,0,0,,,,,,lbw,Asad Shafiq,,
473923,2010/11,2011-01-22,Westpac Stadium,1,9.5,Pakistan,New Zealand,Misbah-ul-Haq,Younis Khan,TG Southee,0,0,,,,,,,,,
473923,2010/11,2011-01-22,Westpac Stadium,1,9.6,Pakistan,New Zealand,Misbah-ul-Haq,Younis Khan,TG Southee,0,0,,,,,,,,,
473923,2010/11,2011-01-22,Westpac Stadium,1,10.1,Pakistan,New Zealand,Younis Khan,Misbah-ul-Haq,JDP Oram,0,0,,,,,,,,,
473923,2010/11,2011-01-22,Westpac Stadium,1,10.2,Pakistan,New Zealand,Younis Khan,Misbah-ul-Haq,JDP Oram,1,0,,,,,,,,,
473923,2010/11,2011-01-22,Westpac Stadium,1,10.3,Pakistan,New Zealand,Misbah-ul-Haq,Younis Khan,JDP Oram,0,0,,,,,,,,,
473923,2010/11,2011-01-22,Westpac Stadium,1,10.4,Pakistan,New Zealand,Misbah-ul-Haq,Younis Khan,JDP Oram,0,0,,,,,,,,,
473923,2010/11,2011-01-22,Westpac Stadium,1,10.5,Pakistan,New Zealand,Misbah-ul-Haq,Younis Khan,JDP Oram,0,0,,,,,,,,,
473923,2010/11,2011-01-22,Westpac Stadium,1,10.6,Pakistan,New Zealand,Misbah-ul-Haq,Younis Khan,JDP Oram,0,0,,,,,,,,,
473923,2010/11,2011-01-22,Westpac Stadium,1,11.1,Pakistan,New Zealand,Younis Khan,Misbah-ul-Haq,TG Southee,0,0,,,,,,,,,
473923,2010/11,2011-01-22,Westpac Stadium,1,11.2,Pakistan,New Zealand,Younis Khan,Misbah-ul-Haq,TG Southee,0,1,1,,,,,,,,
473923,2010/11,2011-01-22,Westpac Stadium,1,11.3,Pakistan,New Zealand,Younis Khan,Misbah-ul-Haq,TG Southee,0,0,,,,,,,,,
473923,2010/11,2011-01-22,Westpac Stadium,1,11.4,Pakistan,New Zealand,Younis Khan,Misbah-ul-Haq,TG Southee,0,0,,,,,,,,,
473923,2010/11,2011-01-22,Westpac Stadium,1,11.5,Pakistan,New Zealand,Younis Khan,Misbah-ul-Haq,TG Southee,1,0,,,,,,,,,
473923,2010/11,2011-01-22,Westpac Stadium,1,11.6,Pakistan,New Zealand,Misbah-ul-Haq,Younis Khan,TG Southee,0,0,,,,,,,,,
473923,2010/11,2011-01-22,Westpac Stadium,1,11.7,Pakistan,New Zealand,Misbah-ul-Haq,Younis Khan,TG Southee,0,0,,,,,,,,,
473923,2010/11,2011-01-22,Westpac Stadium,1,12.1,Pakistan,New Zealand,Younis Khan,Misbah-ul-Haq,JDP Oram,0,0,,,,,,,,,
473923,2010/11,2011-01-22,Westpac Stadium,1,12.2,Pakistan,New Zealand,Younis Khan,Misbah-ul-Haq,JDP Oram,0,0,,,,,,,,,
473923,2010/11,2011-01-22,Westpac Stadium,1,12.3,Pakistan,New Zealand,Younis Khan,Misbah-ul-Haq,JDP Oram,0,1,1,,,,,,,,
473923,2010/11,2011-01-22,Westpac Stadium,1,12.4,Pakistan,New Zealand,Younis Khan,Misbah-ul-Haq,JDP Oram,1,0,,,,,,,,,
473923,2010/11,2011-01-22,Westpac Stadium,1,12.5,Pakistan,New Zealand,Misbah-ul-Haq,Younis Khan,JDP Oram,0,0,,,,,,,,,
473923,2010/11,2011-01-22,Westpac Stadium,1,12.6,Pakistan,New Zealand,Misbah-ul-Haq,Younis Khan,JDP Oram,0,0,,,,,,,,,
473923,2010/11,2011-01-22,Westpac Stadium,1,12.7,Pakistan,New Zealand,Misbah-ul-Haq,Younis Khan,JDP Oram,2,0,,,,,,,,,
473923,2010/11,2011-01-22,Westpac Stadium,1,13.1,Pakistan,New Zealand,Younis Khan,Misbah-ul-Haq,HK Bennett,0,0,,,,,,,,,
473923,2010/11,2011-01-22,Westpac Stadium,1,13.2,Pakistan,New Zealand,Younis Khan,Misbah-ul-Haq,HK Bennett,1,0,,,,,,,,,
473923,2010/11,2011-01-22,Westpac Stadium,1,13.3,Pakistan,New Zealand,Misbah-ul-Haq,Younis Khan,HK Bennett,0,0,,,,,,,,,
473923,2010/11,2011-01-22,Westpac Stadium,1,13.4,Pakistan,New Zealand,Misbah-ul-Haq,Younis Khan,HK Bennett,0,0,,,,,,,,,
473923,2010/11,2011-01-22,Westpac Stadium,1,13.5,Pakistan,New Zealand,Misbah-ul-Haq,Younis Khan,HK Bennett,0,0,,,,,,,,,
473923,2010/11,2011-01-22,Westpac Stadium,1,13.6,Pakistan,New Zealand,Misbah-ul-Haq,Younis Khan,HK Bennett,1,0,,,,,,,,,
473923,2010/11,2011-01-22,Westpac Stadium,1,14.1,Pakistan,New Zealand,Misbah-ul-Haq,Younis Khan,JDP Oram,1,0,,,,,,,,,
473923,2010/11,2011-01-22,Westpac Stadium,1,14.2,Pakistan,New Zealand,Younis Khan,Misbah-ul-Haq,JDP Oram,0,1,1,,,,,,,,
473923,2010/11,2011-01-22,Westpac Stadium,1,14.3,Pakistan,New Zealand,Younis Khan,Misbah-ul-Haq,JDP Oram,0,1,,,,1,,,,,
473923,2010/11,2011-01-22,Westpac Stadium,1,14.4,Pakistan,New Zealand,Misbah-ul-Haq,Younis Khan,JDP Oram,0,0,,,,,,,,,
473923,2010/11,2011-01-22,Westpac Stadium,1,14.5,Pakistan,New Zealand,Misbah-ul-Haq,Younis Khan,JDP Oram,0,1,1,,,,,,,,
473923,2010/11,2011-01-22,Westpac Stadium,1,14.6,Pakistan,New Zealand,Misbah-ul-Haq,Younis Khan,JDP Oram,0,0,,,,,,,,,
473923,2010/11,2011-01-22,Westpac Stadium,1,14.7,Pakistan,New Zealand,Misbah-ul-Haq,Younis Khan,JDP Oram,0,0,,,,,,,,,
473923,2010/11,2011-01-22,Westpac Stadium,1,14.8,Pakistan,New Zealand,Misbah-ul-Haq,Younis Khan,JDP Oram,1,0,,,,,,,,,
473923,2010/11,2011-01-22,Westpac Stadium,1,15.1,Pakistan,New Zealand,Misbah-ul-Haq,Younis Khan,HK Bennett,0,0,,,,,,,,,
473923,2010/11,2011-01-22,Westpac Stadium,1,15.2,Pakistan,New Zealand,Misbah-ul-Haq,Younis Khan,HK Bennett,0,0,,,,,,,,,
473923,2010/11,2011-01-22,Westpac Stadium,1,15.3,Pakistan,New Zealand,Misbah-ul-Haq,Younis Khan,HK Bennett,0,0,,,,,,,,,
473923,2010/11,2011-01-22,Westpac Stadium,1,15.4,Pakistan,New Zealand,Misbah-ul-Haq,Younis Khan,HK Bennett,0,0,,,,,,,,,
473923,2010/11,2011-01-22,Westpac Stadium,1,15.5,Pakistan,New Zealand,Misbah-ul-Haq,Younis Khan,HK Bennett,1,0,,,,,,,,,
473923,2010/11,2011-01-22,Westpac Stadium,1,15.6,Pakistan,New Zealand,Younis Khan,Misbah-ul-Haq,HK Bennett,0,0,,,,,,,,,
473923,2010/11,2011-01-22,Westpac Stadium,1,16.1,Pakistan,New Zealand,Misbah-ul-Haq,Younis Khan,JDP Oram,0,0,,,,,,,,,
473923,2010/11,2011-01-22,Westpac Stadium,1,16.2,Pakistan,New Zealand,Misbah-ul-Haq,Younis Khan,JDP Oram,0,0,,,,,,,,,
473923,2010/11,2011-01-22,Westpac Stadium,1,16.3,Pakistan,New Zealand,Misbah-ul-Haq,Younis Khan,JDP Oram,1,0,,,,,,,,,
473923,2010/11,2011-01-22,Westpac Stadium,1,16.4,Pakistan,New Zealand,Younis Khan,Misbah-ul-Haq,JDP Oram,1,0,,,,,,,,,
473923,2010/11,2011-01-22,Westpac Stadium,1,16.5,Pakistan,New Zealand,Misbah-ul-Haq,Younis Khan,JDP Oram,0,0,,,,,,,,,
473923,2010/11,2011-01-22,Westpac Stadium,1,16.6,Pakistan,New Zealand,Misbah-ul-Haq,Younis Khan,JDP Oram,1,0,,,,,,,,,
473923,2010/11,2011-01-22,Westpac Stadium,1,17.1,Pakistan,New Zealand,Misbah-ul-Haq,Younis Khan,HK Bennett,0,0,,,,,,,,,
473923,2010/11,2011-01-22,Westpac Stadium,1,17.2,Pakistan,New Zealand,Misbah-ul-Haq,Younis Khan,HK Bennett,0,0,,,,,,,,,
473923,2010/11,2011-01-22,Westpac Stadium,1,17.3,Pakistan,New Zealand,Misbah-ul-Haq,Younis Khan,HK Bennett,1,0,,,,,,,,,
473923,2010/11,2011-01-22,Westpac Stadium,1,17.4,Pakistan,New Zealand,Younis Khan,Misbah-ul-Haq,HK Bennett,0,1,1,,,,,,,,
473923,2010/11,2011-01-22,Westpac Stadium,1,17.5,Pakistan,New Zealand,Younis Khan,Misbah-ul-Haq,HK Bennett,0,0,,,,,,,,,
473923,2010/11,2011-01-22,Westpac Stadium,1,17.6,Pakistan,New Zealand,Younis Khan,Misbah-ul-Haq,HK Bennett,1,0,,,,,,,,,
473923,2010/11,2011-01-22,Westpac Stadium,1,17.7,Pakistan,New Zealand,Misbah-ul-Haq,Younis Khan,HK Bennett,2,0,,,,,,,,,
473923,2010/11,2011-01-22,Westpac Stadium,1,18.1,Pakistan,New Zealand,Younis Khan,Misbah-ul-Haq,JDP Oram,0,0,,,,,,,,,
473923,2010/11,2011-01-22,Westpac Stadium,1,18.2,Pakistan,New Zealand,Younis Khan,Misbah-ul-Haq,JDP Oram,1,0,,,,,,,,,
473923,2010/11,2011-01-22,Westpac Stadium,1,18.3,Pakistan,New Zealand,Misbah-ul-Haq,Younis Khan,JDP Oram,0,0,,,,,,,,,
473923,2010/11,2011-01-22,Westpac Stadium,1,18.4,Pakistan,New Zealand,Misbah-ul-Haq,Younis Khan,JDP Oram,0,0,,,,,,,,,
473923,2010/11,2011-01-22,Westpac Stadium,1,18.5,Pakistan,New Zealand,Misbah-ul-Haq,Younis Khan,JDP Oram,1,0,,,,,,,,,
473923,2010/11,2011-01-22,Westpac Stadium,1,18.6,Pakistan,New Zealand,Younis Khan,Misbah-ul-Haq,JDP Oram,1,0,,,,,,,,,
473923,2010/11,2011-01-22,Westpac Stadium,1,19.1,Pakistan,New Zealand,Younis Khan,Misbah-ul-Haq,HK Bennett,1,0,,,,,,,,,
473923,2010/11,2011-01-22,Westpac Stadium,1,19.2,Pakistan,New Zealand,Misbah-ul-Haq,Younis Khan,HK Bennett,1,0,,,,,,,,,
473923,2010/11,2011-01-22,Westpac Stadium,1,19.3,Pakistan,New Zealand,Younis Khan,Misbah-ul-Haq,HK Bennett,0,0,,,,,,caught,Younis Khan,,
473923,2010/11,2011-01-22,Westpac Stadium,1,19.4,Pakistan,New Zealand,Umar Akmal,Misbah-ul-Haq,HK Bennett,0,0,,,,,,caught,Umar Akmal,,
473923,2010/11,2011-01-22,Westpac Stadium,1,19.5,Pakistan,New Zealand,Shahid Afridi,Misbah-ul-Haq,HK Bennett,0,0,,,,,,,,,
473923,2010/11,2011-01-22,Westpac Stadium,1,19.6,Pakistan,New Zealand,Shahid Afridi,Misbah-ul-Haq,HK Bennett,0,0,,,,,,,,,
473923,2010/11,2011-01-22,Westpac Stadium,1,20.1,Pakistan,New Zealand,Misbah-ul-Haq,Shahid Afridi,DL Vettori,1,0,,,,,,,,,
473923,2010/11,2011-01-22,Westpac Stadium,1,20.2,Pakistan,New Zealand,Shahid Afridi,Misbah-ul-Haq,DL Vettori,0,0,,,,,,,,,
473923,2010/11,2011-01-22,Westpac Stadium,1,20.3,Pakistan,New Zealand,Shahid Afridi,Misbah-ul-Haq,DL Vettori,0,0,,,,,,,,,
473923,2010/11,2011-01-22,Westpac Stadium,1,20.4,Pakistan,New Zealand,Shahid Afridi,Misbah-ul-Haq,DL Vettori,0,0,,,,,,,,,
473923,2010/11,2011-01-22,Westpac Stadium,1,20.5,Pakistan,New Zealand,Shahid Afridi,Misbah-ul-Haq,DL Vettori,1,0,,,,,,,,,
473923,2010/11,2011-01-22,Westpac Stadium,1,20.6,Pakistan,New Zealand,Misbah-ul-Haq,Shahid Afridi,DL Vettori,1,0,,,,,,,,,
473923,2010/11,2011-01-22,Westpac Stadium,1,21.1,Pakistan,New Zealand,Misbah-ul-Haq,Shahid Afridi,HK Bennett,0,0,,,,,,,,,
473923,2010/11,2011-01-22,Westpac Stadium,1,21.2,Pakistan,New Zealand,Misbah-ul-Haq,Shahid Afridi,HK Bennett,4,0,,,,,,,,,
473923,2010/11,2011-01-22,Westpac Stadium,1,21.3,Pakistan,New Zealand,Misbah-ul-Haq,Shahid Afridi,HK Bennett,1,0,,,,,,,,,
473923,2010/11,2011-01-22,Westpac Stadium,1,21.4,Pakistan,New Zealand,Shahid Afridi,Misbah-ul-Haq,HK Bennett,0,0,,,,,,,,,
473923,2010/11,2011-01-22,Westpac Stadium,1,21.5,Pakistan,New Zealand,Shahid Afridi,Misbah-ul-Haq,HK Bennett,0,0,,,,,,,,,
473923,2010/11,2011-01-22,Westpac Stadium,1,21.6,Pakistan,New Zealand,Shahid Afridi,Misbah-ul-Haq,HK Bennett,1,0,,,,,,,,,
473923,2010/11,2011-01-22,Westpac Stadium,1,22.1,Pakistan,New Zealand,Shahid Afridi,Misbah-ul-Haq,DL Vettori,0,0,,,,,,,,,
473923,2010/11,2011-01-22,Westpac Stadium,1,22.2,Pakistan,New Zealand,Shahid Afridi,Misbah-ul-Haq,DL Vettori,1,0,,,,,,,,,
473923,2010/11,2011-01-22,Westpac Stadium,1,22.3,Pakistan,New Zealand,Misbah-ul-Haq,Shahid Afridi,DL Vettori,0,0,,,,,,,,,
473923,2010/11,2011-01-22,Westpac Stadium,1,22.4,Pakistan,New Zealand,Misbah-ul-Haq,Shahid Afridi,DL Vettori,0,0,,,,,,,,,
473923,2010/11,2011-01-22,Westpac Stadium,1,22.5,Pakistan,New Zealand,Misbah-ul-Haq,Shahid Afridi,DL Vettori,1,0,,,,,,,,,
473923,2010/11,2011-01-22,Westpac Stadium,1,22.6,Pakistan,New Zealand,Shahid Afridi,Misbah-ul-Haq,DL Vettori,1,0,,,,,,,,,
473923,2010/11,2011-01-22,Westpac Stadium,1,23.1,Pakistan,New Zealand,Shahid Afridi,Misbah-ul-Haq,HK Bennett,2,0,,,,,,,,,
473923,2010/11,2011-01-22,Westpac Stadium,1,23.2,Pakistan,New Zealand,Shahid Afridi,Misbah-ul-Haq,HK Bennett,0,0,,,,,,,,,
473923,2010/11,2011-01-22,Westpac Stadium,1,23.3,Pakistan,New Zealand,Shahid Afridi,Misbah-ul-Haq,HK Bennett,0,0,,,,,,,,,
473923,2010/11,2011-01-22,Westpac Stadium,1,23.4,Pakistan,New Zealand,Shahid Afridi,Misbah-ul-Haq,HK Bennett,0,0,,,,,,,,,
473923,2010/11,2011-01-22,Westpac Stadium,1,23.5,Pakistan,New Zealand,Shahid Afridi,Misbah-ul-Haq,HK Bennett,0,0,,,,,,,,,
473923,2010/11,2011-01-22,Westpac Stadium,1,23.6,Pakistan,New Zealand,Shahid Afridi,Misbah-ul-Haq,HK Bennett,1,0,,,,,,,,,
473923,2010/11,2011-01-22,Westpac Stadium,1,24.1,Pakistan,New Zealand,Shahid Afridi,Misbah-ul-Haq,DL Vettori,1,0,,,,,,,,,
473923,2010/11,2011-01-22,Westpac Stadium,1,24.2,Pakistan,New Zealand,Misbah-ul-Haq,Shahid Afridi,DL Vettori,1,0,,,,,,,,,
473923,2010/11,2011-01-22,Westpac Stadium,1,24.3,Pakistan,New Zealand,Shahid Afridi,Misbah-ul-Haq,DL Vettori,0,0,,,,,,,,,
473923,2010/11,2011-01-22,Westpac Stadium,1,24.4,Pakistan,New Zealand,Shahid Afridi,Misbah-ul-Haq,DL Vettori,1,0,,,,,,,,,
473923,2010/11,2011-01-22,Westpac Stadium,1,24.5,Pakistan,New Zealand,Misbah-ul-Haq,Shahid Afridi,DL Vettori,0,0,,,,,,,,,
473923,2010/11,2011-01-22,Westpac Stadium,1,24.6,Pakistan,New Zealand,Misbah-ul-Haq,Shahid Afridi,DL Vettori,1,0,,,,,,,,,
473923,2010/11,2011-01-22,Westpac Stadium,1,25.1,Pakistan,New Zealand,Misbah-ul-Haq,Shahid Afridi,TG Southee,1,0,,,,,,,,,
473923,2010/11,2011-01-22,Westpac Stadium,1,25.2,Pakistan,New Zealand,Shahid Afridi,Misbah-ul-Haq,TG Southee,0,1,1,,,,,,,,
473923,2010/11,2011-01-22,Westpac Stadium,1,25.3,Pakistan,New Zealand,Shahid Afridi,Misbah-ul-Haq,TG Southee,2,0,,,,,,,,,
473923,2010/11,2011-01-22,Westpac Stadium,1,25.4,Pakistan,New Zealand,Shahid Afridi,Misbah-ul-Haq,TG Southee,1,0,,,,,,,,,
473923,2010/11,2011-01-22,Westpac Stadium,1,25.5,Pakistan,New Zealand,Misbah-ul-Haq,Shahid Afridi,TG Southee,0,0,,,,,,,,,
473923,2010/11,2011-01-22,Westpac Stadium,1,25.6,Pakistan,New Zealand,Misbah-ul-Haq,Shahid Afridi,TG Southee,1,0,,,,,,,,,
473923,2010/11,2011-01-22,Westpac Stadium,1,25.7,Pakistan,New Zealand,Shahid Afridi,Misbah-ul-Haq,TG Southee,0,0,,,,,,,,,
473923,2010/11,2011-01-22,Westpac Stadium,1,26.1,Pakistan,New Zealand,Misbah-ul-Haq,Shahid Afridi,DL Vettori,0,0,,,,,,,,,
473923,2010/11,2011-01-22,Westpac Stadium,1,26.2,Pakistan,New Zealand,Misbah-ul-Haq,Shahid Afridi,DL Vettori,1,0,,,,,,,,,
473923,2010/11,2011-01-22,Westpac Stadium,1,26.3,Pakistan,New Zealand,Shahid Afridi,Misbah-ul-Haq,DL Vettori,1,0,,,,,,,,,
473923,2010/11,2011-01-22,Westpac Stadium,1,26.4,Pakistan,New Zealand,Misbah-ul-Haq,Shahid Afridi,DL Vettori,1,0,,,,,,,,,
473923,2010/11,2011-01-22,Westpac Stadium,1,26.5,Pakistan,New Zealand,Shahid Afridi,Misbah-ul-Haq,DL Vettori,0,0,,,,,,,,,
473923,2010/11,2011-01-22,Westpac Stadium,1,26.6,Pakistan,New Zealand,Shahid Afridi,Misbah-ul-Haq,DL Vettori,2,0,,,,,,,,,
473923,2010/11,2011-01-22,Westpac Stadium,1,27.1,Pakistan,New Zealand,Misbah-ul-Haq,Shahid Afridi,TG Southee,0,0,,,,,,,,,
473923,2010/11,2011-01-22,Westpac Stadium,1,27.2,Pakistan,New Zealand,Misbah-ul-Haq,Shahid Afridi,TG Southee,1,0,,,,,,,,,
473923,2010/11,2011-01-22,Westpac Stadium,1,27.3,Pakistan,New Zealand,Shahid Afridi,Misbah-ul-Haq,TG Southee,0,0,,,,,,,,,
473923,2010/11,2011-01-22,Westpac Stadium,1,27.4,Pakistan,New Zealand,Shahid Afridi,Misbah-ul-Haq,TG Southee,0,0,,,,,,caught,Shahid Afridi,,
473923,2010/11,2011-01-22,Westpac Stadium,1,27.5,Pakistan,New Zealand,Abdul Razzaq,Misbah-ul-Haq,TG Southee,0,0,,,,,,,,,
473923,2010/11,2011-01-22,Westpac Stadium,1,27.6,Pakistan,New Zealand,Abdul Razzaq,Misbah-ul-Haq,TG Southee,1,0,,,,,,,,,
473923,2010/11,2011-01-22,Westpac Stadium,1,28.1,Pakistan,New Zealand,Abdul Razzaq,Misbah-ul-Haq,DL Vettori,0,0,,,,,,,,,
473923,2010/11,2011-01-22,Westpac Stadium,1,28.2,Pakistan,New Zealand,Abdul Razzaq,Misbah-ul-Haq,DL Vettori,0,0,,,,,,,,,
473923,2010/11,2011-01-22,Westpac Stadium,1,28.3,Pakistan,New Zealand,Abdul Razzaq,Misbah-ul-Haq,DL Vettori,0,0,,,,,,,,,
473923,2010/11,2011-01-22,Westpac Stadium,1,28.4,Pakistan,New Zealand,Abdul Razzaq,Misbah-ul-Haq,DL Vettori,1,0,,,,,,,,,
473923,2010/11,2011-01-22,Westpac Stadium,1,28.5,Pakistan,New Zealand,Misbah-ul-Haq,Abdul Razzaq,DL Vettori,0,0,,,,,,,,,
473923,2010/11,2011-01-22,Westpac Stadium,1,28.6,Pakistan,New Zealand,Misbah-ul-Haq,Abdul Razzaq,DL Vettori,1,0,,,,,,,,,
473923,2010/11,2011-01-22,Westpac Stadium,1,29.1,Pakistan,New Zealand,Misbah-ul-Haq,Abdul Razzaq,JDP Oram,0,0,,,,,,,,,
473923,2010/11,2011-01-22,Westpac Stadium,1,29.2,Pakistan,New Zealand,Misbah-ul-Haq,Abdul Razzaq,JDP Oram,1,0,,,,,,,,,
473923,2010/11,2011-01-22,Westpac Stadium,1,29.3,Pakistan,New Zealand,Abdul Razzaq,Misbah-ul-Haq,JDP Oram,4,0,,,,,,,,,
473923,2010/11,2011-01-22,Westpac Stadium,1,29.4,Pakistan,New Zealand,Abdul Razzaq,Misbah-ul-Haq,JDP Oram,0,0,,,,,,,,,
473923,2010/11,2011-01-22,Westpac Stadium,1,29.5,Pakistan,New Zealand,Abdul Razzaq,Misbah-ul-Haq,JDP Oram,0,0,,,,,,caught,Abdul Razzaq,,
473923,2010/11,2011-01-22,Westpac Stadium,1,29.6,Pakistan,New Zealand,Abdur Rehman,Misbah-ul-Haq,JDP Oram,0,0,,,,,,caught,Abdur Rehman,,
473923,2010/11,2011-01-22,Westpac Stadium,1,30.1,Pakistan,New Zealand,Misbah-ul-Haq,Sohail Tanvir,DL Vettori,0,0,,,,,,,,,
473923,2010/11,2011-01-22,Westpac Stadium,1,30.2,Pakistan,New Zealand,Misbah-ul-Haq,Sohail Tanvir,DL Vettori,1,0,,,,,,,,,
473923,2010/11,2011-01-22,Westpac Stadium,1,30.3,Pakistan,New Zealand,Sohail Tanvir,Misbah-ul-Haq,DL Vettori,0,0,,,,,,,,,
473923,2010/11,2011-01-22,Westpac Stadium,1,30.4,Pakistan,New Zealand,Sohail Tanvir,Misbah-ul-Haq,DL Vettori,0,0,,,,,,,,,
473923,2010/11,2011-01-22,Westpac Stadium,1,30.5,Pakistan,New Zealand,Sohail Tanvir,Misbah-ul-Haq,DL Vettori,0,0,,,,,,,,,
473923,2010/11,2011-01-22,Westpac Stadium,1,30.6,Pakistan,New Zealand,Sohail Tanvir,Misbah-ul-Haq,DL Vettori,0,0,,,,,,,,,
473923,2010/11,2011-01-22,Westpac Stadium,1,31.1,Pakistan,New Zealand,Misbah-ul-Haq,Sohail Tanvir,HK Bennett,1,0,,,,,,,,,
473923,2010/11,2011-01-22,Westpac Stadium,1,31.2,Pakistan,New Zealand,Sohail Tanvir,Misbah-ul-Haq,HK Bennett,0,0,,,,,,,,,
473923,2010/11,2011-01-22,Westpac Stadium,1,31.3,Pakistan,New Zealand,Sohail Tanvir,Misbah-ul-Haq,HK Bennett,0,0,,,,,,,,,
473923,2010/11,2011-01-22,Westpac Stadium,1,31.4,Pakistan,New Zealand,Sohail Tanvir,Misbah-ul-Haq,HK Bennett,0,0,,,,,,,,,
473923,2010/11,2011-01-22,Westpac Stadium,1,31.5,Pakistan,New Zealand,Sohail Tanvir,Misbah-ul-Haq,HK Bennett,1,0,,,,,,,,,
473923,2010/11,2011-01-22,Westpac Stadium,1,31.6,Pakistan,New Zealand,Misbah-ul-Haq,Sohail Tanvir,HK Bennett,0,0,,,,,,,,,
473923,2010/11,2011-01-22,Westpac Stadium,1,32.1,Pakistan,New Zealand,Sohail Tanvir,Misbah-ul-Haq,JDP Oram,0,0,,,,,,,,,
473923,2010/11,2011-01-22,Westpac Stadium,1,32.2,Pakistan,New Zealand,Sohail Tanvir,Misbah-ul-Haq,JDP Oram,1,0,,,,,,,,,
473923,2010/11,2011-01-22,Westpac Stadium,1,32.3,Pakistan,New Zealand,Misbah-ul-Haq,Sohail Tanvir,JDP Oram,0,0,,,,,,,,,
473923,2010/11,2011-01-22,Westpac Stadium,1,32.4,Pakistan,New Zealand,Misbah-ul-Haq,Sohail Tanvir,JDP Oram,1,0,,,,,,,,,
473923,2010/11,2011-01-22,Westpac Stadium,1,32.5,Pakistan,New Zealand,Sohail Tanvir,Misbah-ul-Haq,JDP Oram,0,0,,,,,,,,,
473923,2010/11,2011-01-22,Westpac Stadium,1,32.6,Pakistan,New Zealand,Sohail Tanvir,Misbah-ul-Haq,JDP Oram,0,0,,,,,,,,,
473923,2010/11,2011-01-22,Westpac Stadium,1,33.1,Pakistan,New Zealand,Misbah-ul-Haq,Sohail Tanvir,HK Bennett,0,0,,,,,,,,,
473923,2010/11,2011-01-22,Westpac Stadium,1,33.2,Pakistan,New Zealand,Misbah-ul-Haq,Sohail Tanvir,HK Bennett,1,0,,,,,,,,,
473923,2010/11,2011-01-22,Westpac Stadium,1,33.3,Pakistan,New Zealand,Sohail Tanvir,Misbah-ul-Haq,HK Bennett,0,0,,,,,,,,,
473923,2010/11,2011-01-22,Westpac Stadium,1,33.4,Pakistan,New Zealand,Sohail Tanvir,Misbah-ul-Haq,HK Bennett,4,0,,,,,,,,,
473923,2010/11,2011-01-22,Westpac Stadium,1,33.5,Pakistan,New Zealand,Sohail Tanvir,Misbah-ul-Haq,HK Bennett,0,0,,,,,,,,,
473923,2010/11,2011-01-22,Westpac Stadium,1,33.6,Pakistan,New Zealand,Sohail Tanvir,Misbah-ul-Haq,HK Bennett,0,0,,,,,,caught,Sohail Tanvir,,
473923,2010/11,2011-01-22,Westpac Stadium,1,34.1,Pakistan,New Zealand,Misbah-ul-Haq,Shoaib Akhtar,JDP Oram,0,0,,,,,,,,,
473923,2010/11,2011-01-22,Westpac Stadium,1,34.2,Pakistan,New Zealand,Misbah-ul-Haq,Shoaib Akhtar,JDP Oram,0,0,,,,,,,,,
473923,2010/11,2011-01-22,Westpac Stadium,1,34.3,Pakistan,New Zealand,Misbah-ul-Haq,Shoaib Akhtar,JDP Oram,0,0,,,,,,,,,
473923,2010/11,2011-01-22,Westpac Stadium,1,34.4,Pakistan,New Zealand,Misbah-ul-Haq,Shoaib Akhtar,JDP Oram,0,0,,,,,,,,,
473923,2010/11,2011-01-22,Westpac Stadium,1,34.5,Pakistan,New Zealand,Misbah-ul-Haq,Shoaib Akhtar,JDP Oram,6,0,,,,,,,,,
473923,2010/11,2011-01-22,Westpac Stadium,1,34.6,Pakistan,New Zealand,Misbah-ul-Haq,Shoaib Akhtar,JDP Oram,1,0,,,,,,,,,
473923,2010/11,2011-01-22,Westpac Stadium,1,35.1,Pakistan,New Zealand,Misbah-ul-Haq,Shoaib Akhtar,TG Southee,0,0,,,,,,,,,
473923,2010/11,2011-01-22,Westpac Stadium,1,35.2,Pakistan,New Zealand,Misbah-ul-Haq,Shoaib Akhtar,TG Southee,4,0,,,,,,,,,
473923,2010/11,2011-01-22,Westpac Stadium,1,35.3,Pakistan,New Zealand,Misbah-ul-Haq,Shoaib Akhtar,TG Southee,0,0,,,,,,,,,
473923,2010/11,2011-01-22,Westpac Stadium,1,35.4,Pakistan,New Zealand,Misbah-ul-Haq,Shoaib Akhtar,TG Southee,4,0,,,,,,,,,
473923,2010/11,2011-01-22,Westpac Stadium,1,35.5,Pakistan,New Zealand,Misbah-ul-Haq,Shoaib Akhtar,TG Southee,0,0,,,,,,,,,
473923,2010/11,2011-01-22,Westpac Stadium,1,35.6,Pakistan,New Zealand,Misbah-ul-Haq,Shoaib Akhtar,TG Southee,0,1,1,,,,,,,,
473923,2010/11,2011-01-22,Westpac Stadium,1,35.7,Pakistan,New Zealand,Misbah-ul-Haq,Shoaib Akhtar,TG Southee,0,0,,,,,,,,,
473923,2010/11,2011-01-22,Westpac Stadium,1,36.1,Pakistan,New Zealand,Shoaib Akhtar,Misbah-ul-Haq,JDP Oram,1,0,,,,,,,,,
473923,2010/11,2011-01-22,Westpac Stadium,1,36.2,Pakistan,New Zealand,Misbah-ul-Haq,Shoaib Akhtar,JDP Oram,0,0,,,,,,,,,
473923,2010/11,2011-01-22,Westpac Stadium,1,36.3,Pakistan,New Zealand,Misbah-ul-Haq,Shoaib Akhtar,JDP Oram,0,0,,,,,,,,,
473923,2010/11,2011-01-22,Westpac Stadium,1,36.4,Pakistan,New Zealand,Misbah-ul-Haq,Shoaib Akhtar,JDP Oram,0,0,,,,,,,,,
473923,2010/11,2011-01-22,Westpac Stadium,1,36.5,Pakistan,New Zealand,Misbah-ul-Haq,Shoaib Akhtar,JDP Oram,1,0,,,,,,,,,
473923,2010/11,2011-01-22,Westpac Stadium,1,36.6,Pakistan,New Zealand,Shoaib Akhtar,Misbah-ul-Haq,JDP Oram,0,0,,,,,,,,,
473923,2010/11,2011-01-22,Westpac Stadium,1,37.1,Pakistan,New Zealand,Misbah-ul-Haq,Shoaib Akhtar,TG Southee,0,0,,,,,,,,,
473923,2010/11,2011-01-22,Westpac Stadium,1,37.2,Pakistan,New Zealand,Misbah-ul-Haq,Shoaib Akhtar,TG Southee,0,0,,,,,,,,,
473923,2010/11,2011-01-22,Westpac Stadium,1,37.3,Pakistan,New Zealand,Misbah-ul-Haq,Shoaib Akhtar,TG Southee,0,0,,,,,,bowled,Misbah-ul-Haq,,
473923,2010/11,2011-01-22,Westpac Stadium,2,0.1,New Zealand,Pakistan,MJ Guptill,JD Ryder,Shoaib Akhtar,2,0,,,,,,,,,
473923,2010/11,2011-01-22,Westpac Stadium,2,0.2,New Zealand,Pakistan,MJ Guptill,JD Ryder,Shoaib Akhtar,3,0,,,,,,,,,
473923,2010/11,2011-01-22,Westpac Stadium,2,0.3,New Zealand,Pakistan,JD Ryder,MJ Guptill,Shoaib Akhtar,0,0,,,,,,,,,
473923,2010/11,2011-01-22,Westpac Stadium,2,0.4,New Zealand,Pakistan,JD Ryder,MJ Guptill,Shoaib Akhtar,1,0,,,,,,,,,
473923,2010/11,2011-01-22,Westpac Stadium,2,0.5,New Zealand,Pakistan,MJ Guptill,JD Ryder,Shoaib Akhtar,1,0,,,,,,,,,
473923,2010/11,2011-01-22,Westpac Stadium,2,0.6,New Zealand,Pakistan,JD Ryder,MJ Guptill,Shoaib Akhtar,2,0,,,,,,,,,
473923,2010/11,2011-01-22,Westpac Stadium,2,1.1,New Zealand,Pakistan,MJ Guptill,JD Ryder,Sohail Tanvir,0,0,,,,,,,,,
473923,2010/11,2011-01-22,Westpac Stadium,2,1.2,New Zealand,Pakistan,MJ Guptill,JD Ryder,Sohail Tanvir,0,1,1,,,,,,,,
473923,2010/11,2011-01-22,Westpac Stadium,2,1.3,New Zealand,Pakistan,MJ Guptill,JD Ryder,Sohail Tanvir,3,0,,,,,,,,,
473923,2010/11,2011-01-22,Westpac Stadium,2,1.4,New Zealand,Pakistan,JD Ryder,MJ Guptill,Sohail Tanvir,0,0,,,,,,,,,
473923,2010/11,2011-01-22,Westpac Stadium,2,1.5,New Zealand,Pakistan,JD Ryder,MJ Guptill,Sohail Tanvir,0,0,,,,,,,,,
473923,2010/11,2011-01-22,Westpac Stadium,2,1.6,New Zealand,Pakistan,JD Ryder,MJ Guptill,Sohail Tanvir,2,0,,,,,,,,,
473923,2010/11,2011-01-22,Westpac Stadium,2,1.7,New Zealand,Pakistan,JD Ryder,MJ Guptill,Sohail Tanvir,0,0,,,,,,,,,
473923,2010/11,2011-01-22,Westpac Stadium,2,2.1,New Zealand,Pakistan,MJ Guptill,JD Ryder,Shoaib Akhtar,0,0,,,,,,,,,
473923,2010/11,2011-01-22,Westpac Stadium,2,2.2,New Zealand,Pakistan,MJ Guptill,JD Ryder,Shoaib Akhtar,4,0,,,,,,,,,
473923,2010/11,2011-01-22,Westpac Stadium,2,2.3,New Zealand,Pakistan,MJ Guptill,JD Ryder,Shoaib Akhtar,0,0,,,,,,,,,
473923,2010/11,2011-01-22,Westpac Stadium,2,2.4,New Zealand,Pakistan,MJ Guptill,JD Ryder,Shoaib Akhtar,1,0,,,,,,,,,
473923,2010/11,2011-01-22,Westpac Stadium,2,2.5,New Zealand,Pakistan,JD Ryder,MJ Guptill,Shoaib Akhtar,0,0,,,,,,,,,
473923,2010/11,2011-01-22,Westpac Stadium,2,2.6,New Zealand,Pakistan,JD Ryder,MJ Guptill,Shoaib Akhtar,0,0,,,,,,,,,
473923,2010/11,2011-01-22,Westpac Stadium,2,3.1,New Zealand,Pakistan,MJ Guptill,JD Ryder,Sohail Tanvir,0,0,,,,,,,,,
473923,2010/11,2011-01-22,Westpac Stadium,2,3.2,New Zealand,Pakistan,MJ Guptill,JD Ryder,Sohail Tanvir,0,0,,,,,,,,,
473923,2010/11,2011-01-22,Westpac Stadium,2,3.3,New Zealand,Pakistan,MJ Guptill,JD Ryder,Sohail Tanvir,0,0,,,,,,,,,
473923,2010/11,2011-01-22,Westpac Stadium,2,3.4,New Zealand,Pakistan,MJ Guptill,JD Ryder,Sohail Tanvir,0,1,1,,,,,,,,
473923,2010/11,2011-01-22,Westpac Stadium,2,3.5,New Zealand,Pakistan,MJ Guptill,JD Ryder,Sohail Tanvir,0,0,,,,,,,,,
473923,2010/11,2011-01-22,Westpac Stadium,2,3.6,New Zealand,Pakistan,MJ Guptill,JD Ryder,Sohail Tanvir,0,0,,,,,,,,,
473923,2010/11,2011-01-22,Westpac Stadium,2,3.7,New Zealand,Pakistan,MJ Guptill,JD Ryder,Sohail Tanvir,0,1,1,,,,,,,,
473923,2010/11,2011-01-22,Westpac Stadium,2,3.8,New Zealand,Pakistan,MJ Guptill,JD Ryder,Sohail Tanvir,0,0,,,,,,,,,
473923,2010/11,2011-01-22,Westpac Stadium,2,4.1,New Zealand,Pakistan,JD Ryder,MJ Guptill,Shoaib Akhtar,4,0,,,,,,,,,
473923,2010/11,2011-01-22,Westpac Stadium,2,4.2,New Zealand,Pakistan,JD Ryder,MJ Guptill,Shoaib Akhtar,2,0,,,,,,,,,
473923,2010/11,2011-01-22,Westpac Stadium,2,4.3,New Zealand,Pakistan,JD Ryder,MJ Guptill,Shoaib Akhtar,0,0,,,,,,,,,
473923,2010/11,2011-01-22,Westpac Stadium,2,4.4,New Zealand,Pakistan,JD Ryder,MJ Guptill,Shoaib Akhtar,4,0,,,,,,,,,
473923,2010/11,2011-01-22,Westpac Stadium,2,4.5,New Zealand,Pakistan,JD Ryder,MJ Guptill,Shoaib Akhtar,6,0,,,,,,,,,
473923,2010/11,2011-01-22,Westpac Stadium,2,4.6,New Zealand,Pakistan,JD Ryder,MJ Guptill,Shoaib Akhtar,1,0,,,,,,,,,
473923,2010/11,2011-01-22,Westpac Stadium,2,5.1,New Zealand,Pakistan,JD Ryder,MJ Guptill,Sohail Tanvir,0,0,,,,,,,,,
473923,2010/11,2011-01-22,Westpac Stadium,2,5.2,New Zealand,Pakistan,JD Ryder,MJ Guptill,Sohail Tanvir,0,1,1,,,,,,,,
473923,2010/11,2011-01-22,Westpac Stadium,2,5.3,New Zealand,Pakistan,JD Ryder,MJ Guptill,Sohail Tanvir,4,0,,,,,,,,,
473923,2010/11,2011-01-22,Westpac Stadium,2,5.4,New Zealand,Pakistan,JD Ryder,MJ Guptill,Sohail Tanvir,0,0,,,,,,,,,
473923,2010/11,2011-01-22,Westpac Stadium,2,5.5,New Zealand,Pakistan,JD Ryder,MJ Guptill,Sohail Tanvir,0,0,,,,,,,,,
473923,2010/11,2011-01-22,Westpac Stadium,2,5.6,New Zealand,Pakistan,JD Ryder,MJ Guptill,Sohail Tanvir,6,0,,,,,,,,,
473923,2010/11,2011-01-22,Westpac Stadium,2,5.7,New Zealand,Pakistan,JD Ryder,MJ Guptill,Sohail Tanvir,0,0,,,,,,,,,
473923,2010/11,2011-01-22,Westpac Stadium,2,6.1,New Zealand,Pakistan,MJ Guptill,JD Ryder,Shoaib Akhtar,0,1,1,,,,,,,,
473923,2010/11,2011-01-22,Westpac Stadium,2,6.2,New Zealand,Pakistan,MJ Guptill,JD Ryder,Shoaib Akhtar,3,0,,,,,,,,,
473923,2010/11,2011-01-22,Westpac Stadium,2,6.3,New Zealand,Pakistan,JD Ryder,MJ Guptill,Shoaib Akhtar,4,0,,,,,,,,,
473923,2010/11,2011-01-22,Westpac Stadium,2,6.4,New Zealand,Pakistan,JD Ryder,MJ Guptill,Shoaib Akhtar,4,0,,,,,,,,,
473923,2010/11,2011-01-22,Westpac Stadium,2,6.5,New Zealand,Pakistan,JD Ryder,MJ Guptill,Shoaib Akhtar,0,0,,,,,,,,,
473923,2010/11,2011-01-22,Westpac Stadium,2,6.6,New Zealand,Pakistan,JD Ryder,MJ Guptill,Shoaib Akhtar,2,0,,,,,,,,,
473923,2010/11,2011-01-22,Westpac Stadium,2,6.7,New Zealand,Pakistan,JD Ryder,MJ Guptill,Shoaib Akhtar,2,0,,,,,,,,,
473923,2010/11,2011-01-22,Westpac Stadium,2,7.1,New Zealand,Pakistan,MJ Guptill,JD Ryder,Sohail Tanvir,0,0,,,,,,,,,
473923,2010/11,2011-01-22,Westpac Stadium,2,7.2,New Zealand,Pakistan,MJ Guptill,JD Ryder,Sohail Tanvir,1,0,,,,,,,,,
473923,2010/11,2011-01-22,Westpac Stadium,2,7.3,New Zealand,Pakistan,JD Ryder,MJ Guptill,Sohail Tanvir,0,1,1,,,,,,,,
473923,2010/11,2011-01-22,Westpac Stadium,2,7.4,New Zealand,Pakistan,JD Ryder,MJ Guptill,Sohail Tanvir,0,0,,,,,,,,,
473923,2010/11,2011-01-22,Westpac Stadium,2,7.5,New Zealand,Pakistan,JD Ryder,MJ Guptill,Sohail Tanvir,1,0,,,,,,,,,
473923,2010/11,2011-01-22,Westpac Stadium,2,7.6,New Zealand,Pakistan,MJ Guptill,JD Ryder,Sohail Tanvir,1,0,,,,,,,,,
473923,2010/11,2011-01-22,Westpac Stadium,2,7.7,New Zealand,Pakistan,JD Ryder,MJ Guptill,Sohail Tanvir,1,0,,,,,,,,,
473923,2010/11,2011-01-22,Westpac Stadium,2,8.1,New Zealand,Pakistan,JD Ryder,MJ Guptill,Abdul Razzaq,3,0,,,,,,,,,
473923,2010/11,2011-01-22,Westpac Stadium,2,8.2,New Zealand,Pakistan,MJ Guptill,JD Ryder,Abdul Razzaq,0,0,,,,,,,,,
473923,2010/11,2011-01-22,Westpac Stadium,2,8.3,New Zealand,Pakistan,MJ Guptill,JD Ryder,Abdul Razzaq,0,0,,,,,,,,,
473923,2010/11,2011-01-22,Westpac Stadium,2,8.4,New Zealand,Pakistan,MJ Guptill,JD Ryder,Abdul Razzaq,1,0,,,,,,,,,
473923,2010/11,2011-01-22,Westpac Stadium,2,8.5,New Zealand,Pakistan,JD Ryder,MJ Guptill,Abdul Razzaq,1,0,,,,,,,,,
473923,2010/11,2011-01-22,Westpac Stadium,2,8.6,New Zealand,Pakistan,MJ Guptill,JD Ryder,Abdul Razzaq,1,0,,,,,,,,,
473923,2010/11,2011-01-22,Westpac Stadium,2,9.1,New Zealand,Pakistan,MJ Guptill,JD Ryder,Sohail Tanvir,0,0,,,,,,,,,
473923,2010/11,2011-01-22,Westpac Stadium,2,9.2,New Zealand,Pakistan,MJ Guptill,JD Ryder,Sohail Tanvir,0,1,,,,1,,,,,
473923,2010/11,2011-01-22,Westpac Stadium,2,9.3,New Zealand,Pakistan,JD Ryder,MJ Guptill,Sohail Tanvir,1,0,,,,,,,,,
473923,2010/11,2011-01-22,Westpac Stadium,2,9.4,New Zealand,Pakistan,MJ Guptill,JD Ryder,Sohail Tanvir,1,0,,,,,,,,,
473923,2010/11,2011-01-22,Westpac Stadium,2,9.5,New Zealand,Pakistan,JD Ryder,MJ Guptill,Sohail Tanvir,4,0,,,,,,,,,
473923,2010/11,2011-01-22,Westpac Stadium,2,9.6,New Zealand,Pakistan,JD Ryder,MJ Guptill,Sohail Tanvir,0,0,,,,,,caught,JD Ryder,,
473923,2010/11,2011-01-22,Westpac Stadium,2,10.1,New Zealand,Pakistan,MJ Guptill,LRPL Taylor,Abdul Razzaq,1,0,,,,,,,,,
473923,2010/11,2011-01-22,Westpac Stadium,2,10.2,New Zealand,Pakistan,LRPL Taylor,MJ Guptill,Abdul Razzaq,0,0,,,,,,,,,
473923,2010/11,2011-01-22,Westpac Stadium,2,10.3,New Zealand,Pakistan,LRPL Taylor,MJ Guptill,Abdul Razzaq,0,0,,,,,,,,,
473923,2010/11,2011-01-22,Westpac Stadium,2,10.4,New Zealand,Pakistan,LRPL Taylor,MJ Guptill,Abdul Razzaq,0,0,,,,,,,,,
473923,2010/11,2011-01-22,Westpac Stadium,2,10.5,New Zealand,Pakistan,LRPL Taylor,MJ Guptill,Abdul Razzaq,0,0,,,,,,,,,
473923,2010/11,2011-01-22,Westpac Stadium,2,10.6,New Zealand,Pakistan,LRPL Taylor,MJ Guptill,Abdul Razzaq,0,0,,,,,,,,,
473923,2010/11,2011-01-22,Westpac Stadium,2,11.1,New Zealand,Pakistan,MJ Guptill,LRPL Taylor,Sohail Tanvir,1,0,,,,,,,,,
473923,2010/11,2011-01-22,Westpac Stadium,2,11.2,New Zealand,Pakistan,LRPL Taylor,MJ Guptill,Sohail Tanvir,1,0,,,,,,,,,
473923,2010/11,2011-01-22,Westpac Stadium,2,11.3,New Zealand,Pakistan,MJ Guptill,LRPL Taylor,Sohail Tanvir,0,0,,,,,,,,,
473923,2010/11,2011-01-22,Westpac Stadium,2,11.4,New Zealand,Pakistan,MJ Guptill,LRPL Taylor,Sohail Tanvir,1,0,,,,,,,,,
473923,2010/11,2011-01-22,Westpac Stadium,2,11.5,New Zealand,Pakistan,LRPL Taylor,MJ Guptill,Sohail Tanvir,0,0,,,,,,,,,
473923,2010/11,2011-01-22,Westpac Stadium,2,11.6,New Zealand,Pakistan,LRPL Taylor,MJ Guptill,Sohail Tanvir,0,0,,,,,,,,,
473923,2010/11,2011-01-22,Westpac Stadium,2,12.1,New Zealand,Pakistan,MJ Guptill,LRPL Taylor,Abdul Razzaq,0,0,,,,,,,,,
473923,2010/11,2011-01-22,Westpac Stadium,2,12.2,New Zealand,Pakistan,MJ Guptill,LRPL Taylor,Abdul Razzaq,1,0,,,,,,,,,
473923,2010/11,2011-01-22,Westpac Stadium,2,12.3,New Zealand,Pakistan,LRPL Taylor,MJ Guptill,Abdul Razzaq,4,0,,,,,,,,,
473923,2010/11,2011-01-22,Westpac Stadium,2,12.4,New Zealand,Pakistan,LRPL Taylor,MJ Guptill,Abdul Razzaq,0,0,,,,,,,,,
473923,2010/11,2011-01-22,Westpac Stadium,2,12.5,New Zealand,Pakistan,LRPL Taylor,MJ Guptill,Abdul Razzaq,0,0,,,,,,,,,
473923,2010/11,2011-01-22,Westpac Stadium,2,12.6,New Zealand,Pakistan,LRPL Taylor,MJ Guptill,Abdul Razzaq,0,0,,,,,,,,,
473923,2010/11,2011-01-22,Westpac Stadium,2,13.1,New Zealand,Pakistan,MJ Guptill,LRPL Taylor,Sohail Tanvir,0,0,,,,,,,,,
473923,2010/11,2011-01-22,Westpac Stadium,2,13.2,New Zealand,Pakistan,MJ Guptill,LRPL Taylor,Sohail Tanvir,4,0,,,,,,,,,
473923,2010/11,2011-01-22,Westpac Stadium,2,13.3,New Zealand,Pakistan,MJ Guptill,LRPL Taylor,Sohail Tanvir,1,0,,,,,,,,,
473923,2010/11,2011-01-22,Westpac Stadium,2,13.4,New Zealand,Pakistan,LRPL Taylor,MJ Guptill,Sohail Tanvir,0,0,,,,,,,,,
473923,2010/11,2011-01-22,Westpac Stadium,2,13.5,New Zealand,Pakistan,LRPL Taylor,MJ Guptill,Sohail Tanvir,1,0,,,,,,,,,
473923,2010/11,2011-01-22,Westpac Stadium,2,13.6,New Zealand,Pakistan,MJ Guptill,LRPL Taylor,Sohail Tanvir,0,0,,,,,,,,,
473923,2010/11,2011-01-22,Westpac Stadium,2,14.1,New Zealand,Pakistan,LRPL Taylor,MJ Guptill,Abdul Razzaq,0,0,,,,,,,,,
473923,2010/11,2011-01-22,Westpac Stadium,2,14.2,New Zealand,Pakistan,LRPL Taylor,MJ Guptill,Abdul Razzaq,1,0,,,,,,,,,
473923,2010/11,2011-01-22,Westpac Stadium,2,14.3,New Zealand,Pakistan,MJ Guptill,LRPL Taylor,Abdul Razzaq,1,0,,,,,,,,,
473923,2010/11,2011-01-22,Westpac Stadium,2,14.4,New Zealand,Pakistan,LRPL Taylor,MJ Guptill,Abdul Razzaq,2,0,,,,,,,,,
473923,2010/11,2011-01-22,Westpac Stadium,2,14.5,New Zealand,Pakistan,LRPL Taylor,MJ Guptill,Abdul Razzaq,1,0,,,,,,,,,
473923,2010/11,2011-01-22,Westpac Stadium,2,14.6,New Zealand,Pakistan,MJ Guptill,LRPL Taylor,Abdul Razzaq,4,0,,,,,,,,,
473923,2010/11,2011-01-22,Westpac Stadium,2,15.1,New Zealand,Pakistan,LRPL Taylor,MJ Guptill,Shahid Afridi,0,0,,,,,,,,,
473923,2010/11,2011-01-22,Westpac Stadium,2,15.2,New Zealand,Pakistan,LRPL Taylor,MJ Guptill,Shahid Afridi,0,0,,,,,,,,,
473923,2010/11,2011-01-22,Westpac Stadium,2,15.3,New Zealand,Pakistan,LRPL Taylor,MJ Guptill,Shahid Afridi,1,0,,,,,,,,,
473923,2010/11,2011-01-22,Westpac Stadium,2,15.4,New Zealand,Pakistan,MJ Guptill,LRPL Taylor,Shahid Afridi,0,0,,,,,,,,,
473923,2010/11,2011-01-22,Westpac Stadium,2,15.5,New Zealand,Pakistan,MJ Guptill,LRPL Taylor,Shahid Afridi,1,0,,,,,,,,,
473923,2010/11,2011-01-22,Westpac Stadium,2,15.6,New Zealand,Pakistan,LRPL Taylor,MJ Guptill,Shahid Afridi,1,0,,,,,,,,,
473923,2010/11,2011-01-22,Westpac Stadium,2,16.1,New Zealand,Pakistan,LRPL Taylor,MJ Guptill,Abdur Rehman,0,0,,,,,,,,,
473923,2010/11,2011-01-22,Westpac Stadium,2,16.2,New Zealand,Pakistan,LRPL Taylor,MJ Guptill,Abdur Rehman,4,0,,,,,,,,,
473923,2010/11,2011-01-22,Westpac Stadium,2,16.3,New Zealand,Pakistan,LRPL Taylor,MJ Guptill,Abdur Rehman,0,0,,,,,,,,,
473923,2010/11,2011-01-22,Westpac Stadium,2,16.4,New Zealand,Pakistan,LRPL Taylor,MJ Guptill,Abdur Rehman,6,0,,,,,,,,,
473923,2010/11,2011-01-22,Westpac Stadium,2,16.5,New Zealand,Pakistan,LRPL Taylor,MJ Guptill,Abdur Rehman,0,0,,,,,,,,,
473923,2010/11,2011-01-22,Westpac Stadium,2,16.6,New Zealand,Pakistan,LRPL Taylor,MJ Guptill,Abdur Rehman,0,0,,,,,,,,,
473923,2010/11,2011-01-22,Westpac Stadium,2,17.1,New Zealand,Pakistan,MJ Guptill,LRPL Taylor,Shahid Afridi,3,0,,,,,,,,,
473923,2010/11,2011-01-22,Westpac Stadium,2,17.2,New Zealand,Pakistan,LRPL Taylor,MJ Guptill,Shahid Afridi,1,0,,,,,,,,,
