match_id,season,start_date,venue,innings,ball,batting_team,bowling_team,striker,non_striker,bowler,runs_off_bat,extras,wides,noballs,byes,legbyes,penalty,wicket_type,player_dismissed,other_wicket_type,other_player_dismissed
476596,2010/11,2010-10-05,Shere Bangla National Stadium,1,0.1,Bangladesh,New Zealand,Imrul Kayes,Shahriar Nafees,KD Mills,0,0,,,,,,,,,
476596,2010/11,2010-10-05,Shere Bangla National Stadium,1,0.2,Bangladesh,New Zealand,Imrul Kayes,Shahriar Nafees,KD Mills,0,0,,,,,,,,,
476596,2010/11,2010-10-05,Shere Bangla National Stadium,1,0.3,Bangladesh,New Zealand,Imrul Kayes,Shahriar Nafees,KD Mills,0,0,,,,,,,,,
476596,2010/11,2010-10-05,Shere Bangla National Stadium,1,0.4,Bangladesh,New Zealand,Imrul Kayes,Shahriar Nafees,KD Mills,0,0,,,,,,,,,
476596,2010/11,2010-10-05,Shere Bangla National Stadium,1,0.5,Bangladesh,New Zealand,Imrul Kayes,Shahriar Nafees,KD Mills,0,0,,,,,,,,,
476596,2010/11,2010-10-05,Shere Bangla National Stadium,1,0.6,Bangladesh,New Zealand,Imrul Kayes,Shahriar Nafees,KD Mills,1,0,,,,,,,,,
476596,2010/11,2010-10-05,Shere Bangla National Stadium,1,1.1,Bangladesh,New Zealand,Imrul Kayes,Shahriar Nafees,TG Southee,0,0,,,,,,,,,
476596,2010/11,2010-10-05,Shere Bangla National Stadium,1,1.2,Bangladesh,New Zealand,Imrul Kayes,Shahriar Nafees,TG Southee,0,0,,,,,,,,,
476596,2010/11,2010-10-05,Shere Bangla National Stadium,1,1.3,Bangladesh,New Zealand,Imrul Kayes,Shahriar Nafees,TG Southee,0,0,,,,,,,,,
476596,2010/11,2010-10-05,Shere Bangla National Stadium,1,1.4,Bangladesh,New Zealand,Imrul Kayes,Shahriar Nafees,TG Southee,0,0,,,,,,,,,
476596,2010/11,2010-10-05,Shere Bangla National Stadium,1,1.5,Bangladesh,New Zealand,Imrul Kayes,Shahriar Nafees,TG Southee,0,0,,,,,,,,,
476596,2010/11,2010-10-05,Shere Bangla National Stadium,1,1.6,Bangladesh,New Zealand,Imrul Kayes,Shahriar Nafees,TG Southee,1,0,,,,,,,,,
476596,2010/11,2010-10-05,Shere Bangla National Stadium,1,2.1,Bangladesh,New Zealand,Imrul Kayes,Shahriar Nafees,KD Mills,1,0,,,,,,,,,
476596,2010/11,2010-10-05,Shere Bangla National Stadium,1,2.2,Bangladesh,New Zealand,Shahriar Nafees,Imrul Kayes,KD Mills,0,0,,,,,,,,,
476596,2010/11,2010-10-05,Shere Bangla National Stadium,1,2.3,Bangladesh,New Zealand,Shahriar Nafees,Imrul Kayes,KD Mills,0,0,,,,,,,,,
476596,2010/11,2010-10-05,Shere Bangla National Stadium,1,2.4,Bangladesh,New Zealand,Shahriar Nafees,Imrul Kayes,KD Mills,0,0,,,,,,,,,
476596,2010/11,2010-10-05,Shere Bangla National Stadium,1,2.5,Bangladesh,New Zealand,Shahriar Nafees,Imrul Kayes,KD Mills,0,0,,,,,,,,,
476596,2010/11,2010-10-05,Shere Bangla National Stadium,1,2.6,Bangladesh,New Zealand,Shahriar Nafees,Imrul Kayes,KD Mills,0,0,,,,,,,,,
476596,2010/11,2010-10-05,Shere Bangla National Stadium,1,3.1,Bangladesh,New Zealand,Imrul Kayes,Shahriar Nafees,TG Southee,0,0,,,,,,,,,
476596,2010/11,2010-10-05,Shere Bangla National Stadium,1,3.2,Bangladesh,New Zealand,Imrul Kayes,Shahriar Nafees,TG Southee,4,0,,,,,,,,,
476596,2010/11,2010-10-05,Shere Bangla National Stadium,1,3.3,Bangladesh,New Zealand,Imrul Kayes,Shahriar Nafees,TG Southee,0,0,,,,,,,,,
476596,2010/11,2010-10-05,Shere Bangla National Stadium,1,3.4,Bangladesh,New Zealand,Imrul Kayes,Shahriar Nafees,TG Southee,0,0,,,,,,,,,
476596,2010/11,2010-10-05,Shere Bangla National Stadium,1,3.5,Bangladesh,New Zealand,Imrul Kayes,Shahriar Nafees,TG Southee,0,0,,,,,,,,,
476596,2010/11,2010-10-05,Shere Bangla National Stadium,1,3.6,Bangladesh,New Zealand,Imrul Kayes,Shahriar Nafees,TG Southee,0,0,,,,,,,,,
476596,2010/11,2010-10-05,Shere Bangla National Stadium,1,4.1,Bangladesh,New Zealand,Shahriar Nafees,Imrul Kayes,KD Mills,0,0,,,,,,,,,
476596,2010/11,2010-10-05,Shere Bangla National Stadium,1,4.2,Bangladesh,New Zealand,Shahriar Nafees,Imrul Kayes,KD Mills,0,0,,,,,,,,,
476596,2010/11,2010-10-05,Shere Bangla National Stadium,1,4.3,Bangladesh,New Zealand,Shahriar Nafees,Imrul Kayes,KD Mills,0,0,,,,,,,,,
476596,2010/11,2010-10-05,Shere Bangla National Stadium,1,4.4,Bangladesh,New Zealand,Shahriar Nafees,Imrul Kayes,KD Mills,4,0,,,,,,,,,
476596,2010/11,2010-10-05,Shere Bangla National Stadium,1,4.5,Bangladesh,New Zealand,Shahriar Nafees,Imrul Kayes,KD Mills,4,0,,,,,,,,,
476596,2010/11,2010-10-05,Shere Bangla National Stadium,1,4.6,Bangladesh,New Zealand,Shahriar Nafees,Imrul Kayes,KD Mills,4,0,,,,,,,,,
476596,2010/11,2010-10-05,Shere Bangla National Stadium,1,5.1,Bangladesh,New Zealand,Imrul Kayes,Shahriar Nafees,TG Southee,1,0,,,,,,,,,
476596,2010/11,2010-10-05,Shere Bangla National Stadium,1,5.2,Bangladesh,New Zealand,Shahriar Nafees,Imrul Kayes,TG Southee,0,0,,,,,,,,,
476596,2010/11,2010-10-05,Shere Bangla National Stadium,1,5.3,Bangladesh,New Zealand,Shahriar Nafees,Imrul Kayes,TG Southee,0,0,,,,,,,,,
476596,2010/11,2010-10-05,Shere Bangla National Stadium,1,5.4,Bangladesh,New Zealand,Shahriar Nafees,Imrul Kayes,TG Southee,0,0,,,,,,,,,
476596,2010/11,2010-10-05,Shere Bangla National Stadium,1,5.5,Bangladesh,New Zealand,Shahriar Nafees,Imrul Kayes,TG Southee,4,0,,,,,,,,,
476596,2010/11,2010-10-05,Shere Bangla National Stadium,1,5.6,Bangladesh,New Zealand,Shahriar Nafees,Imrul Kayes,TG Southee,0,0,,,,,,,,,
476596,2010/11,2010-10-05,Shere Bangla National Stadium,1,6.1,Bangladesh,New Zealand,Imrul Kayes,Shahriar Nafees,KD Mills,0,0,,,,,,,,,
476596,2010/11,2010-10-05,Shere Bangla National Stadium,1,6.2,Bangladesh,New Zealand,Imrul Kayes,Shahriar Nafees,KD Mills,4,0,,,,,,,,,
476596,2010/11,2010-10-05,Shere Bangla National Stadium,1,6.3,Bangladesh,New Zealand,Imrul Kayes,Shahriar Nafees,KD Mills,0,0,,,,,,,,,
476596,2010/11,2010-10-05,Shere Bangla National Stadium,1,6.4,Bangladesh,New Zealand,Imrul Kayes,Shahriar Nafees,KD Mills,0,0,,,,,,,,,
476596,2010/11,2010-10-05,Shere Bangla National Stadium,1,6.5,Bangladesh,New Zealand,Imrul Kayes,Shahriar Nafees,KD Mills,0,0,,,,,,,,,
476596,2010/11,2010-10-05,Shere Bangla National Stadium,1,6.6,Bangladesh,New Zealand,Imrul Kayes,Shahriar Nafees,KD Mills,0,0,,,,,,,,,
476596,2010/11,2010-10-05,Shere Bangla National Stadium,1,7.1,Bangladesh,New Zealand,Shahriar Nafees,Imrul Kayes,AJ McKay,1,0,,,,,,,,,
476596,2010/11,2010-10-05,Shere Bangla National Stadium,1,7.2,Bangladesh,New Zealand,Imrul Kayes,Shahriar Nafees,AJ McKay,2,0,,,,,,,,,
476596,2010/11,2010-10-05,Shere Bangla National Stadium,1,7.3,Bangladesh,New Zealand,Imrul Kayes,Shahriar Nafees,AJ McKay,0,0,,,,,,,,,
476596,2010/11,2010-10-05,Shere Bangla National Stadium,1,7.4,Bangladesh,New Zealand,Imrul Kayes,Shahriar Nafees,AJ McKay,0,0,,,,,,,,,
476596,2010/11,2010-10-05,Shere Bangla National Stadium,1,7.5,Bangladesh,New Zealand,Imrul Kayes,Shahriar Nafees,AJ McKay,2,0,,,,,,,,,
476596,2010/11,2010-10-05,Shere Bangla National Stadium,1,7.6,Bangladesh,New Zealand,Imrul Kayes,Shahriar Nafees,AJ McKay,0,0,,,,,,,,,
476596,2010/11,2010-10-05,Shere Bangla National Stadium,1,8.1,Bangladesh,New Zealand,Shahriar Nafees,Imrul Kayes,KD Mills,1,0,,,,,,,,,
476596,2010/11,2010-10-05,Shere Bangla National Stadium,1,8.2,Bangladesh,New Zealand,Imrul Kayes,Shahriar Nafees,KD Mills,0,0,,,,,,caught,Imrul Kayes,,
476596,2010/11,2010-10-05,Shere Bangla National Stadium,1,8.3,Bangladesh,New Zealand,Junaid Siddique,Shahriar Nafees,KD Mills,0,0,,,,,,,,,
476596,2010/11,2010-10-05,Shere Bangla National Stadium,1,8.4,Bangladesh,New Zealand,Junaid Siddique,Shahriar Nafees,KD Mills,4,0,,,,,,,,,
476596,2010/11,2010-10-05,Shere Bangla National Stadium,1,8.5,Bangladesh,New Zealand,Junaid Siddique,Shahriar Nafees,KD Mills,0,0,,,,,,,,,
476596,2010/11,2010-10-05,Shere Bangla National Stadium,1,8.6,Bangladesh,New Zealand,Junaid Siddique,Shahriar Nafees,KD Mills,0,0,,,,,,,,,
476596,2010/11,2010-10-05,Shere Bangla National Stadium,1,9.1,Bangladesh,New Zealand,Shahriar Nafees,Junaid Siddique,AJ McKay,0,0,,,,,,,,,
476596,2010/11,2010-10-05,Shere Bangla National Stadium,1,9.2,Bangladesh,New Zealand,Shahriar Nafees,Junaid Siddique,AJ McKay,3,0,,,,,,,,,
476596,2010/11,2010-10-05,Shere Bangla National Stadium,1,9.3,Bangladesh,New Zealand,Junaid Siddique,Shahriar Nafees,AJ McKay,1,0,,,,,,,,,
476596,2010/11,2010-10-05,Shere Bangla National Stadium,1,9.4,Bangladesh,New Zealand,Shahriar Nafees,Junaid Siddique,AJ McKay,0,0,,,,,,,,,
476596,2010/11,2010-10-05,Shere Bangla National Stadium,1,9.5,Bangladesh,New Zealand,Shahriar Nafees,Junaid Siddique,AJ McKay,0,0,,,,,,,,,
476596,2010/11,2010-10-05,Shere Bangla National Stadium,1,9.6,Bangladesh,New Zealand,Shahriar Nafees,Junaid Siddique,AJ McKay,0,0,,,,,,,,,
476596,2010/11,2010-10-05,Shere Bangla National Stadium,1,10.1,Bangladesh,New Zealand,Junaid Siddique,Shahriar Nafees,KD Mills,0,0,,,,,,,,,
476596,2010/11,2010-10-05,Shere Bangla National Stadium,1,10.2,Bangladesh,New Zealand,Junaid Siddique,Shahriar Nafees,KD Mills,0,0,,,,,,,,,
476596,2010/11,2010-10-05,Shere Bangla National Stadium,1,10.3,Bangladesh,New Zealand,Junaid Siddique,Shahriar Nafees,KD Mills,0,0,,,,,,,,,
476596,2010/11,2010-10-05,Shere Bangla National Stadium,1,10.4,Bangladesh,New Zealand,Junaid Siddique,Shahriar Nafees,KD Mills,0,0,,,,,,,,,
476596,2010/11,2010-10-05,Shere Bangla National Stadium,1,10.5,Bangladesh,New Zealand,Junaid Siddique,Shahriar Nafees,KD Mills,0,0,,,,,,,,,
476596,2010/11,2010-10-05,Shere Bangla National Stadium,1,10.6,Bangladesh,New Zealand,Junaid Siddique,Shahriar Nafees,KD Mills,0,0,,,,,,,,,
476596,2010/11,2010-10-05,Shere Bangla National Stadium,1,11.1,Bangladesh,New Zealand,Shahriar Nafees,Junaid Siddique,AJ McKay,0,0,,,,,,,,,
476596,2010/11,2010-10-05,Shere Bangla National Stadium,1,11.2,Bangladesh,New Zealand,Shahriar Nafees,Junaid Siddique,AJ McKay,4,0,,,,,,,,,
476596,2010/11,2010-10-05,Shere Bangla National Stadium,1,11.3,Bangladesh,New Zealand,Shahriar Nafees,Junaid Siddique,AJ McKay,0,0,,,,,,,,,
476596,2010/11,2010-10-05,Shere Bangla National Stadium,1,11.4,Bangladesh,New Zealand,Shahriar Nafees,Junaid Siddique,AJ McKay,4,0,,,,,,,,,
476596,2010/11,2010-10-05,Shere Bangla National Stadium,1,11.5,Bangladesh,New Zealand,Shahriar Nafees,Junaid Siddique,AJ McKay,0,0,,,,,,,,,
476596,2010/11,2010-10-05,Shere Bangla National Stadium,1,11.6,Bangladesh,New Zealand,Shahriar Nafees,Junaid Siddique,AJ McKay,0,0,,,,,,,,,
476596,2010/11,2010-10-05,Shere Bangla National Stadium,1,12.1,Bangladesh,New Zealand,Junaid Siddique,Shahriar Nafees,NL McCullum,0,1,1,,,,,,,,
476596,2010/11,2010-10-05,Shere Bangla National Stadium,1,12.2,Bangladesh,New Zealand,Junaid Siddique,Shahriar Nafees,NL McCullum,1,0,,,,,,,,,
476596,2010/11,2010-10-05,Shere Bangla National Stadium,1,12.3,Bangladesh,New Zealand,Shahriar Nafees,Junaid Siddique,NL McCullum,1,0,,,,,,,,,
476596,2010/11,2010-10-05,Shere Bangla National Stadium,1,12.4,Bangladesh,New Zealand,Junaid Siddique,Shahriar Nafees,NL McCullum,0,0,,,,,,,,,
476596,2010/11,2010-10-05,Shere Bangla National Stadium,1,12.5,Bangladesh,New Zealand,Junaid Siddique,Shahriar Nafees,NL McCullum,0,0,,,,,,,,,
476596,2010/11,2010-10-05,Shere Bangla National Stadium,1,12.6,Bangladesh,New Zealand,Junaid Siddique,Shahriar Nafees,NL McCullum,0,0,,,,,,,,,
476596,2010/11,2010-10-05,Shere Bangla National Stadium,1,12.7,Bangladesh,New Zealand,Junaid Siddique,Shahriar Nafees,NL McCullum,0,0,,,,,,,,,
476596,2010/11,2010-10-05,Shere Bangla National Stadium,1,13.1,Bangladesh,New Zealand,Shahriar Nafees,Junaid Siddique,DL Vettori,1,0,,,,,,,,,
476596,2010/11,2010-10-05,Shere Bangla National Stadium,1,13.2,Bangladesh,New Zealand,Junaid Siddique,Shahriar Nafees,DL Vettori,0,0,,,,,,,,,
476596,2010/11,2010-10-05,Shere Bangla National Stadium,1,13.3,Bangladesh,New Zealand,Junaid Siddique,Shahriar Nafees,DL Vettori,1,0,,,,,,,,,
476596,2010/11,2010-10-05,Shere Bangla National Stadium,1,13.4,Bangladesh,New Zealand,Shahriar Nafees,Junaid Siddique,DL Vettori,0,0,,,,,,,,,
476596,2010/11,2010-10-05,Shere Bangla National Stadium,1,13.5,Bangladesh,New Zealand,Shahriar Nafees,Junaid Siddique,DL Vettori,1,0,,,,,,,,,
476596,2010/11,2010-10-05,Shere Bangla National Stadium,1,13.6,Bangladesh,New Zealand,Junaid Siddique,Shahriar Nafees,DL Vettori,0,0,,,,,,,,,
476596,2010/11,2010-10-05,Shere Bangla National Stadium,1,14.1,Bangladesh,New Zealand,Shahriar Nafees,Junaid Siddique,NL McCullum,2,0,,,,,,,,,
476596,2010/11,2010-10-05,Shere Bangla National Stadium,1,14.2,Bangladesh,New Zealand,Shahriar Nafees,Junaid Siddique,NL McCullum,0,0,,,,,,,,,
476596,2010/11,2010-10-05,Shere Bangla National Stadium,1,14.3,Bangladesh,New Zealand,Shahriar Nafees,Junaid Siddique,NL McCullum,0,1,,,,1,,,,,
476596,2010/11,2010-10-05,Shere Bangla National Stadium,1,14.4,Bangladesh,New Zealand,Junaid Siddique,Shahriar Nafees,NL McCullum,1,0,,,,,,,,,
476596,2010/11,2010-10-05,Shere Bangla National Stadium,1,14.5,Bangladesh,New Zealand,Shahriar Nafees,Junaid Siddique,NL McCullum,1,0,,,,,,,,,
476596,2010/11,2010-10-05,Shere Bangla National Stadium,1,14.6,Bangladesh,New Zealand,Junaid Siddique,Shahriar Nafees,NL McCullum,0,0,,,,,,,,,
476596,2010/11,2010-10-05,Shere Bangla National Stadium,1,15.1,Bangladesh,New Zealand,Shahriar Nafees,Junaid Siddique,DL Vettori,0,0,,,,,,bowled,Shahriar Nafees,,
476596,2010/11,2010-10-05,Shere Bangla National Stadium,1,15.2,Bangladesh,New Zealand,Raqibul Hasan,Junaid Siddique,DL Vettori,0,0,,,,,,,,,
476596,2010/11,2010-10-05,Shere Bangla National Stadium,1,15.3,Bangladesh,New Zealand,Raqibul Hasan,Junaid Siddique,DL Vettori,0,0,,,,,,,,,
476596,2010/11,2010-10-05,Shere Bangla National Stadium,1,15.4,Bangladesh,New Zealand,Raqibul Hasan,Junaid Siddique,DL Vettori,0,0,,,,,,,,,
476596,2010/11,2010-10-05,Shere Bangla National Stadium,1,15.5,Bangladesh,New Zealand,Raqibul Hasan,Junaid Siddique,DL Vettori,0,0,,,,,,,,,
476596,2010/11,2010-10-05,Shere Bangla National Stadium,1,15.6,Bangladesh,New Zealand,Raqibul Hasan,Junaid Siddique,DL Vettori,0,0,,,,,,,,,
476596,2010/11,2010-10-05,Shere Bangla National Stadium,1,16.1,Bangladesh,New Zealand,Junaid Siddique,Raqibul Hasan,NL McCullum,0,0,,,,,,,,,
476596,2010/11,2010-10-05,Shere Bangla National Stadium,1,16.2,Bangladesh,New Zealand,Junaid Siddique,Raqibul Hasan,NL McCullum,1,0,,,,,,,,,
476596,2010/11,2010-10-05,Shere Bangla National Stadium,1,16.3,Bangladesh,New Zealand,Raqibul Hasan,Junaid Siddique,NL McCullum,1,0,,,,,,,,,
476596,2010/11,2010-10-05,Shere Bangla National Stadium,1,16.4,Bangladesh,New Zealand,Junaid Siddique,Raqibul Hasan,NL McCullum,1,0,,,,,,,,,
476596,2010/11,2010-10-05,Shere Bangla National Stadium,1,16.5,Bangladesh,New Zealand,Raqibul Hasan,Junaid Siddique,NL McCullum,1,0,,,,,,,,,
476596,2010/11,2010-10-05,Shere Bangla National Stadium,1,16.6,Bangladesh,New Zealand,Junaid Siddique,Raqibul Hasan,NL McCullum,1,0,,,,,,,,,
476596,2010/11,2010-10-05,Shere Bangla National Stadium,1,17.1,Bangladesh,New Zealand,Junaid Siddique,Raqibul Hasan,DL Vettori,2,0,,,,,,,,,
476596,2010/11,2010-10-05,Shere Bangla National Stadium,1,17.2,Bangladesh,New Zealand,Junaid Siddique,Raqibul Hasan,DL Vettori,1,0,,,,,,,,,
476596,2010/11,2010-10-05,Shere Bangla National Stadium,1,17.3,Bangladesh,New Zealand,Raqibul Hasan,Junaid Siddique,DL Vettori,0,0,,,,,,,,,
476596,2010/11,2010-10-05,Shere Bangla National Stadium,1,17.4,Bangladesh,New Zealand,Raqibul Hasan,Junaid Siddique,DL Vettori,1,0,,,,,,,,,
476596,2010/11,2010-10-05,Shere Bangla National Stadium,1,17.5,Bangladesh,New Zealand,Junaid Siddique,Raqibul Hasan,DL Vettori,0,0,,,,,,,,,
476596,2010/11,2010-10-05,Shere Bangla National Stadium,1,17.6,Bangladesh,New Zealand,Junaid Siddique,Raqibul Hasan,DL Vettori,0,0,,,,,,,,,
476596,2010/11,2010-10-05,Shere Bangla National Stadium,1,18.1,Bangladesh,New Zealand,Raqibul Hasan,Junaid Siddique,NL McCullum,0,0,,,,,,,,,
476596,2010/11,2010-10-05,Shere Bangla National Stadium,1,18.2,Bangladesh,New Zealand,Raqibul Hasan,Junaid Siddique,NL McCullum,0,0,,,,,,,,,
476596,2010/11,2010-10-05,Shere Bangla National Stadium,1,18.3,Bangladesh,New Zealand,Raqibul Hasan,Junaid Siddique,NL McCullum,0,1,1,,,,,,,,
476596,2010/11,2010-10-05,Shere Bangla National Stadium,1,18.4,Bangladesh,New Zealand,Raqibul Hasan,Junaid Siddique,NL McCullum,0,0,,,,,,,,,
476596,2010/11,2010-10-05,Shere Bangla National Stadium,1,18.5,Bangladesh,New Zealand,Raqibul Hasan,Junaid Siddique,NL McCullum,0,0,,,,,,,,,
476596,2010/11,2010-10-05,Shere Bangla National Stadium,1,18.6,Bangladesh,New Zealand,Raqibul Hasan,Junaid Siddique,NL McCullum,0,0,,,,,,,,,
476596,2010/11,2010-10-05,Shere Bangla National Stadium,1,18.7,Bangladesh,New Zealand,Raqibul Hasan,Junaid Siddique,NL McCullum,1,0,,,,,,,,,
476596,2010/11,2010-10-05,Shere Bangla National Stadium,1,19.1,Bangladesh,New Zealand,Raqibul Hasan,Junaid Siddique,DL Vettori,0,0,,,,,,,,,
476596,2010/11,2010-10-05,Shere Bangla National Stadium,1,19.2,Bangladesh,New Zealand,Raqibul Hasan,Junaid Siddique,DL Vettori,0,0,,,,,,,,,
476596,2010/11,2010-10-05,Shere Bangla National Stadium,1,19.3,Bangladesh,New Zealand,Raqibul Hasan,Junaid Siddique,DL Vettori,0,0,,,,,,,,,
476596,2010/11,2010-10-05,Shere Bangla National Stadium,1,19.4,Bangladesh,New Zealand,Raqibul Hasan,Junaid Siddique,DL Vettori,0,0,,,,,,,,,
476596,2010/11,2010-10-05,Shere Bangla National Stadium,1,19.5,Bangladesh,New Zealand,Raqibul Hasan,Junaid Siddique,DL Vettori,1,0,,,,,,,,,
476596,2010/11,2010-10-05,Shere Bangla National Stadium,1,19.6,Bangladesh,New Zealand,Junaid Siddique,Raqibul Hasan,DL Vettori,0,0,,,,,,,,,
476596,2010/11,2010-10-05,Shere Bangla National Stadium,1,20.1,Bangladesh,New Zealand,Raqibul Hasan,Junaid Siddique,NL McCullum,1,0,,,,,,,,,
476596,2010/11,2010-10-05,Shere Bangla National Stadium,1,20.2,Bangladesh,New Zealand,Junaid Siddique,Raqibul Hasan,NL McCullum,1,0,,,,,,,,,
476596,2010/11,2010-10-05,Shere Bangla National Stadium,1,20.3,Bangladesh,New Zealand,Raqibul Hasan,Junaid Siddique,NL McCullum,4,0,,,,,,,,,
476596,2010/11,2010-10-05,Shere Bangla National Stadium,1,20.4,Bangladesh,New Zealand,Raqibul Hasan,Junaid Siddique,NL McCullum,0,0,,,,,,,,,
476596,2010/11,2010-10-05,Shere Bangla National Stadium,1,20.5,Bangladesh,New Zealand,Raqibul Hasan,Junaid Siddique,NL McCullum,1,0,,,,,,,,,
476596,2010/11,2010-10-05,Shere Bangla National Stadium,1,20.6,Bangladesh,New Zealand,Junaid Siddique,Raqibul Hasan,NL McCullum,0,0,,,,,,,,,
476596,2010/11,2010-10-05,Shere Bangla National Stadium,1,21.1,Bangladesh,New Zealand,Raqibul Hasan,Junaid Siddique,DL Vettori,4,0,,,,,,,,,
476596,2010/11,2010-10-05,Shere Bangla National Stadium,1,21.2,Bangladesh,New Zealand,Raqibul Hasan,Junaid Siddique,DL Vettori,1,0,,,,,,,,,
476596,2010/11,2010-10-05,Shere Bangla National Stadium,1,21.3,Bangladesh,New Zealand,Junaid Siddique,Raqibul Hasan,DL Vettori,1,0,,,,,,,,,
476596,2010/11,2010-10-05,Shere Bangla National Stadium,1,21.4,Bangladesh,New Zealand,Raqibul Hasan,Junaid Siddique,DL Vettori,0,0,,,,,,,,,
476596,2010/11,2010-10-05,Shere Bangla National Stadium,1,21.5,Bangladesh,New Zealand,Raqibul Hasan,Junaid Siddique,DL Vettori,0,0,,,,,,,,,
476596,2010/11,2010-10-05,Shere Bangla National Stadium,1,21.6,Bangladesh,New Zealand,Raqibul Hasan,Junaid Siddique,DL Vettori,0,0,,,,,,,,,
476596,2010/11,2010-10-05,Shere Bangla National Stadium,1,22.1,Bangladesh,New Zealand,Junaid Siddique,Raqibul Hasan,NL McCullum,1,0,,,,,,,,,
476596,2010/11,2010-10-05,Shere Bangla National Stadium,1,22.2,Bangladesh,New Zealand,Raqibul Hasan,Junaid Siddique,NL McCullum,0,0,,,,,,,,,
476596,2010/11,2010-10-05,Shere Bangla National Stadium,1,22.3,Bangladesh,New Zealand,Raqibul Hasan,Junaid Siddique,NL McCullum,0,0,,,,,,,,,
476596,2010/11,2010-10-05,Shere Bangla National Stadium,1,22.4,Bangladesh,New Zealand,Raqibul Hasan,Junaid Siddique,NL McCullum,1,0,,,,,,,,,
476596,2010/11,2010-10-05,Shere Bangla National Stadium,1,22.5,Bangladesh,New Zealand,Junaid Siddique,Raqibul Hasan,NL McCullum,0,0,,,,,,,,,
476596,2010/11,2010-10-05,Shere Bangla National Stadium,1,22.6,Bangladesh,New Zealand,Junaid Siddique,Raqibul Hasan,NL McCullum,1,0,,,,,,,,,
476596,2010/11,2010-10-05,Shere Bangla National Stadium,1,23.1,Bangladesh,New Zealand,Junaid Siddique,Raqibul Hasan,DL Vettori,1,0,,,,,,,,,
476596,2010/11,2010-10-05,Shere Bangla National Stadium,1,23.2,Bangladesh,New Zealand,Raqibul Hasan,Junaid Siddique,DL Vettori,0,0,,,,,,,,,
476596,2010/11,2010-10-05,Shere Bangla National Stadium,1,23.3,Bangladesh,New Zealand,Raqibul Hasan,Junaid Siddique,DL Vettori,0,0,,,,,,,,,
476596,2010/11,2010-10-05,Shere Bangla National Stadium,1,23.4,Bangladesh,New Zealand,Raqibul Hasan,Junaid Siddique,DL Vettori,0,0,,,,,,,,,
476596,2010/11,2010-10-05,Shere Bangla National Stadium,1,23.5,Bangladesh,New Zealand,Raqibul Hasan,Junaid Siddique,DL Vettori,1,0,,,,,,,,,
476596,2010/11,2010-10-05,Shere Bangla National Stadium,1,23.6,Bangladesh,New Zealand,Junaid Siddique,Raqibul Hasan,DL Vettori,0,0,,,,,,,,,
476596,2010/11,2010-10-05,Shere Bangla National Stadium,1,24.1,Bangladesh,New Zealand,Raqibul Hasan,Junaid Siddique,JD Ryder,0,2,2,,,,,,,,
476596,2010/11,2010-10-05,Shere Bangla National Stadium,1,24.2,Bangladesh,New Zealand,Junaid Siddique,Raqibul Hasan,JD Ryder,0,0,,,,,,,,,
476596,2010/11,2010-10-05,Shere Bangla National Stadium,1,24.3,Bangladesh,New Zealand,Junaid Siddique,Raqibul Hasan,JD Ryder,1,0,,,,,,,,,
476596,2010/11,2010-10-05,Shere Bangla National Stadium,1,24.4,Bangladesh,New Zealand,Raqibul Hasan,Junaid Siddique,JD Ryder,0,0,,,,,,,,,
476596,2010/11,2010-10-05,Shere Bangla National Stadium,1,24.5,Bangladesh,New Zealand,Raqibul Hasan,Junaid Siddique,JD Ryder,0,1,1,,,,,,,,
476596,2010/11,2010-10-05,Shere Bangla National Stadium,1,24.6,Bangladesh,New Zealand,Raqibul Hasan,Junaid Siddique,JD Ryder,2,0,,,,,,,,,
476596,2010/11,2010-10-05,Shere Bangla National Stadium,1,24.7,Bangladesh,New Zealand,Raqibul Hasan,Junaid Siddique,JD Ryder,0,2,,,,2,,,,,
476596,2010/11,2010-10-05,Shere Bangla National Stadium,1,24.8,Bangladesh,New Zealand,Raqibul Hasan,Junaid Siddique,JD Ryder,1,0,,,,,,,,,
476596,2010/11,2010-10-05,Shere Bangla National Stadium,1,25.1,Bangladesh,New Zealand,Raqibul Hasan,Junaid Siddique,DL Vettori,0,0,,,,,,,,,
476596,2010/11,2010-10-05,Shere Bangla National Stadium,1,25.2,Bangladesh,New Zealand,Raqibul Hasan,Junaid Siddique,DL Vettori,0,0,,,,,,lbw,Raqibul Hasan,,
476596,2010/11,2010-10-05,Shere Bangla National Stadium,1,25.3,Bangladesh,New Zealand,Shakib Al Hasan,Junaid Siddique,DL Vettori,1,0,,,,,,,,,
476596,2010/11,2010-10-05,Shere Bangla National Stadium,1,25.4,Bangladesh,New Zealand,Junaid Siddique,Shakib Al Hasan,DL Vettori,0,0,,,,,,,,,
476596,2010/11,2010-10-05,Shere Bangla National Stadium,1,25.5,Bangladesh,New Zealand,Junaid Siddique,Shakib Al Hasan,DL Vettori,1,0,,,,,,,,,
476596,2010/11,2010-10-05,Shere Bangla National Stadium,1,25.6,Bangladesh,New Zealand,Shakib Al Hasan,Junaid Siddique,DL Vettori,1,0,,,,,,,,,
476596,2010/11,2010-10-05,Shere Bangla National Stadium,1,26.1,Bangladesh,New Zealand,Shakib Al Hasan,Junaid Siddique,TG Southee,0,1,,,,1,,,,,
476596,2010/11,2010-10-05,Shere Bangla National Stadium,1,26.2,Bangladesh,New Zealand,Junaid Siddique,Shakib Al Hasan,TG Southee,0,0,,,,,,,,,
476596,2010/11,2010-10-05,Shere Bangla National Stadium,1,26.3,Bangladesh,New Zealand,Junaid Siddique,Shakib Al Hasan,TG Southee,1,0,,,,,,,,,
476596,2010/11,2010-10-05,Shere Bangla National Stadium,1,26.4,Bangladesh,New Zealand,Shakib Al Hasan,Junaid Siddique,TG Southee,1,0,,,,,,,,,
476596,2010/11,2010-10-05,Shere Bangla National Stadium,1,26.5,Bangladesh,New Zealand,Junaid Siddique,Shakib Al Hasan,TG Southee,1,0,,,,,,,,,
476596,2010/11,2010-10-05,Shere Bangla National Stadium,1,26.6,Bangladesh,New Zealand,Shakib Al Hasan,Junaid Siddique,TG Southee,1,0,,,,,,,,,
476596,2010/11,2010-10-05,Shere Bangla National Stadium,1,27.1,Bangladesh,New Zealand,Shakib Al Hasan,Junaid Siddique,AJ McKay,4,0,,,,,,,,,
476596,2010/11,2010-10-05,Shere Bangla National Stadium,1,27.2,Bangladesh,New Zealand,Shakib Al Hasan,Junaid Siddique,AJ McKay,2,0,,,,,,,,,
476596,2010/11,2010-10-05,Shere Bangla National Stadium,1,27.3,Bangladesh,New Zealand,Shakib Al Hasan,Junaid Siddique,AJ McKay,4,0,,,,,,,,,
476596,2010/11,2010-10-05,Shere Bangla National Stadium,1,27.4,Bangladesh,New Zealand,Shakib Al Hasan,Junaid Siddique,AJ McKay,0,0,,,,,,,,,
476596,2010/11,2010-10-05,Shere Bangla National Stadium,1,27.5,Bangladesh,New Zealand,Shakib Al Hasan,Junaid Siddique,AJ McKay,0,0,,,,,,,,,
476596,2010/11,2010-10-05,Shere Bangla National Stadium,1,27.6,Bangladesh,New Zealand,Shakib Al Hasan,Junaid Siddique,AJ McKay,0,0,,,,,,,,,
476596,2010/11,2010-10-05,Shere Bangla National Stadium,1,28.1,Bangladesh,New Zealand,Junaid Siddique,Shakib Al Hasan,TG Southee,0,1,,,1,,,,,,
476596,2010/11,2010-10-05,Shere Bangla National Stadium,1,28.2,Bangladesh,New Zealand,Shakib Al Hasan,Junaid Siddique,TG Southee,0,0,,,,,,,,,
476596,2010/11,2010-10-05,Shere Bangla National Stadium,1,28.3,Bangladesh,New Zealand,Shakib Al Hasan,Junaid Siddique,TG Southee,0,1,1,,,,,,,,
476596,2010/11,2010-10-05,Shere Bangla National Stadium,1,28.4,Bangladesh,New Zealand,Shakib Al Hasan,Junaid Siddique,TG Southee,1,0,,,,,,,,,
476596,2010/11,2010-10-05,Shere Bangla National Stadium,1,28.5,Bangladesh,New Zealand,Junaid Siddique,Shakib Al Hasan,TG Southee,1,0,,,,,,,,,
476596,2010/11,2010-10-05,Shere Bangla National Stadium,1,28.6,Bangladesh,New Zealand,Shakib Al Hasan,Junaid Siddique,TG Southee,1,0,,,,,,,,,
476596,2010/11,2010-10-05,Shere Bangla National Stadium,1,28.7,Bangladesh,New Zealand,Junaid Siddique,Shakib Al Hasan,TG Southee,1,0,,,,,,,,,
476596,2010/11,2010-10-05,Shere Bangla National Stadium,1,29.1,Bangladesh,New Zealand,Junaid Siddique,Shakib Al Hasan,AJ McKay,4,0,,,,,,,,,
476596,2010/11,2010-10-05,Shere Bangla National Stadium,1,29.2,Bangladesh,New Zealand,Junaid Siddique,Shakib Al Hasan,AJ McKay,0,0,,,,,,,,,
476596,2010/11,2010-10-05,Shere Bangla National Stadium,1,29.3,Bangladesh,New Zealand,Junaid Siddique,Shakib Al Hasan,AJ McKay,0,0,,,,,,,,,
476596,2010/11,2010-10-05,Shere Bangla National Stadium,1,29.4,Bangladesh,New Zealand,Junaid Siddique,Shakib Al Hasan,AJ McKay,0,0,,,,,,,,,
476596,2010/11,2010-10-05,Shere Bangla National Stadium,1,29.5,Bangladesh,New Zealand,Junaid Siddique,Shakib Al Hasan,AJ McKay,1,0,,,,,,,,,
476596,2010/11,2010-10-05,Shere Bangla National Stadium,1,29.6,Bangladesh,New Zealand,Shakib Al Hasan,Junaid Siddique,AJ McKay,0,1,1,,,,,,,,
476596,2010/11,2010-10-05,Shere Bangla National Stadium,1,29.7,Bangladesh,New Zealand,Shakib Al Hasan,Junaid Siddique,AJ McKay,2,0,,,,,,,,,
476596,2010/11,2010-10-05,Shere Bangla National Stadium,1,30.1,Bangladesh,New Zealand,Junaid Siddique,Shakib Al Hasan,NL McCullum,0,0,,,,,,bowled,Junaid Siddique,,
476596,2010/11,2010-10-05,Shere Bangla National Stadium,1,30.2,Bangladesh,New Zealand,Mushfiqur Rahim,Shakib Al Hasan,NL McCullum,1,0,,,,,,,,,
476596,2010/11,2010-10-05,Shere Bangla National Stadium,1,30.3,Bangladesh,New Zealand,Shakib Al Hasan,Mushfiqur Rahim,NL McCullum,0,0,,,,,,,,,
476596,2010/11,2010-10-05,Shere Bangla National Stadium,1,30.4,Bangladesh,New Zealand,Shakib Al Hasan,Mushfiqur Rahim,NL McCullum,0,0,,,,,,,,,
476596,2010/11,2010-10-05,Shere Bangla National Stadium,1,30.5,Bangladesh,New Zealand,Shakib Al Hasan,Mushfiqur Rahim,NL McCullum,1,0,,,,,,,,,
476596,2010/11,2010-10-05,Shere Bangla National Stadium,1,30.6,Bangladesh,New Zealand,Mushfiqur Rahim,Shakib Al Hasan,NL McCullum,1,0,,,,,,,,,
476596,2010/11,2010-10-05,Shere Bangla National Stadium,1,31.1,Bangladesh,New Zealand,Mushfiqur Rahim,Shakib Al Hasan,DL Vettori,0,0,,,,,,,,,
476596,2010/11,2010-10-05,Shere Bangla National Stadium,1,31.2,Bangladesh,New Zealand,Mushfiqur Rahim,Shakib Al Hasan,DL Vettori,0,0,,,,,,,,,
476596,2010/11,2010-10-05,Shere Bangla National Stadium,1,31.3,Bangladesh,New Zealand,Mushfiqur Rahim,Shakib Al Hasan,DL Vettori,0,0,,,,,,,,,
476596,2010/11,2010-10-05,Shere Bangla National Stadium,1,31.4,Bangladesh,New Zealand,Mushfiqur Rahim,Shakib Al Hasan,DL Vettori,0,0,,,,,,,,,
476596,2010/11,2010-10-05,Shere Bangla National Stadium,1,31.5,Bangladesh,New Zealand,Mushfiqur Rahim,Shakib Al Hasan,DL Vettori,1,0,,,,,,,,,
476596,2010/11,2010-10-05,Shere Bangla National Stadium,1,31.6,Bangladesh,New Zealand,Shakib Al Hasan,Mushfiqur Rahim,DL Vettori,0,0,,,,,,,,,
476596,2010/11,2010-10-05,Shere Bangla National Stadium,1,32.1,Bangladesh,New Zealand,Mushfiqur Rahim,Shakib Al Hasan,NL McCullum,0,0,,,,,,,,,
476596,2010/11,2010-10-05,Shere Bangla National Stadium,1,32.2,Bangladesh,New Zealand,Mushfiqur Rahim,Shakib Al Hasan,NL McCullum,0,0,,,,,,,,,
476596,2010/11,2010-10-05,Shere Bangla National Stadium,1,32.3,Bangladesh,New Zealand,Mushfiqur Rahim,Shakib Al Hasan,NL McCullum,0,0,,,,,,,,,
476596,2010/11,2010-10-05,Shere Bangla National Stadium,1,32.4,Bangladesh,New Zealand,Mushfiqur Rahim,Shakib Al Hasan,NL McCullum,1,0,,,,,,,,,
476596,2010/11,2010-10-05,Shere Bangla National Stadium,1,32.5,Bangladesh,New Zealand,Shakib Al Hasan,Mushfiqur Rahim,NL McCullum,1,0,,,,,,,,,
476596,2010/11,2010-10-05,Shere Bangla National Stadium,1,32.6,Bangladesh,New Zealand,Mushfiqur Rahim,Shakib Al Hasan,NL McCullum,0,0,,,,,,,,,
476596,2010/11,2010-10-05,Shere Bangla National Stadium,1,33.1,Bangladesh,New Zealand,Shakib Al Hasan,Mushfiqur Rahim,DL Vettori,1,0,,,,,,,,,
476596,2010/11,2010-10-05,Shere Bangla National Stadium,1,33.2,Bangladesh,New Zealand,Mushfiqur Rahim,Shakib Al Hasan,DL Vettori,0,0,,,,,,,,,
476596,2010/11,2010-10-05,Shere Bangla National Stadium,1,33.3,Bangladesh,New Zealand,Mushfiqur Rahim,Shakib Al Hasan,DL Vettori,1,0,,,,,,,,,
476596,2010/11,2010-10-05,Shere Bangla National Stadium,1,33.4,Bangladesh,New Zealand,Shakib Al Hasan,Mushfiqur Rahim,DL Vettori,1,0,,,,,,,,,
476596,2010/11,2010-10-05,Shere Bangla National Stadium,1,33.5,Bangladesh,New Zealand,Mushfiqur Rahim,Shakib Al Hasan,DL Vettori,0,0,,,,,,,,,
476596,2010/11,2010-10-05,Shere Bangla National Stadium,1,33.6,Bangladesh,New Zealand,Mushfiqur Rahim,Shakib Al Hasan,DL Vettori,1,0,,,,,,,,,
476596,2010/11,2010-10-05,Shere Bangla National Stadium,1,34.1,Bangladesh,New Zealand,Mushfiqur Rahim,Shakib Al Hasan,NL McCullum,0,0,,,,,,,,,
476596,2010/11,2010-10-05,Shere Bangla National Stadium,1,34.2,Bangladesh,New Zealand,Mushfiqur Rahim,Shakib Al Hasan,NL McCullum,4,0,,,,,,,,,
476596,2010/11,2010-10-05,Shere Bangla National Stadium,1,34.3,Bangladesh,New Zealand,Mushfiqur Rahim,Shakib Al Hasan,NL McCullum,1,0,,,,,,,,,
476596,2010/11,2010-10-05,Shere Bangla National Stadium,1,34.4,Bangladesh,New Zealand,Shakib Al Hasan,Mushfiqur Rahim,NL McCullum,4,0,,,,,,,,,
476596,2010/11,2010-10-05,Shere Bangla National Stadium,1,34.5,Bangladesh,New Zealand,Shakib Al Hasan,Mushfiqur Rahim,NL McCullum,1,0,,,,,,,,,
476596,2010/11,2010-10-05,Shere Bangla National Stadium,1,34.6,Bangladesh,New Zealand,Mushfiqur Rahim,Shakib Al Hasan,NL McCullum,0,0,,,,,,,,,
476596,2010/11,2010-10-05,Shere Bangla National Stadium,1,35.1,Bangladesh,New Zealand,Shakib Al Hasan,Mushfiqur Rahim,DL Vettori,1,0,,,,,,,,,
476596,2010/11,2010-10-05,Shere Bangla National Stadium,1,35.2,Bangladesh,New Zealand,Mushfiqur Rahim,Shakib Al Hasan,DL Vettori,2,0,,,,,,,,,
476596,2010/11,2010-10-05,Shere Bangla National Stadium,1,35.3,Bangladesh,New Zealand,Mushfiqur Rahim,Shakib Al Hasan,DL Vettori,2,0,,,,,,,,,
476596,2010/11,2010-10-05,Shere Bangla National Stadium,1,35.4,Bangladesh,New Zealand,Mushfiqur Rahim,Shakib Al Hasan,DL Vettori,0,0,,,,,,,,,
476596,2010/11,2010-10-05,Shere Bangla National Stadium,1,35.5,Bangladesh,New Zealand,Mushfiqur Rahim,Shakib Al Hasan,DL Vettori,0,0,,,,,,,,,
476596,2010/11,2010-10-05,Shere Bangla National Stadium,1,35.6,Bangladesh,New Zealand,Mushfiqur Rahim,Shakib Al Hasan,DL Vettori,0,0,,,,,,,,,
476596,2010/11,2010-10-05,Shere Bangla National Stadium,1,36.1,Bangladesh,New Zealand,Shakib Al Hasan,Mushfiqur Rahim,KD Mills,0,0,,,,,,,,,
476596,2010/11,2010-10-05,Shere Bangla National Stadium,1,36.2,Bangladesh,New Zealand,Shakib Al Hasan,Mushfiqur Rahim,KD Mills,1,0,,,,,,,,,
476596,2010/11,2010-10-05,Shere Bangla National Stadium,1,36.3,Bangladesh,New Zealand,Mushfiqur Rahim,Shakib Al Hasan,KD Mills,0,0,,,,,,,,,
476596,2010/11,2010-10-05,Shere Bangla National Stadium,1,36.4,Bangladesh,New Zealand,Mushfiqur Rahim,Shakib Al Hasan,KD Mills,0,0,,,,,,,,,
476596,2010/11,2010-10-05,Shere Bangla National Stadium,1,36.5,Bangladesh,New Zealand,Mushfiqur Rahim,Shakib Al Hasan,KD Mills,0,0,,,,,,,,,
476596,2010/11,2010-10-05,Shere Bangla National Stadium,1,36.6,Bangladesh,New Zealand,Mushfiqur Rahim,Shakib Al Hasan,KD Mills,2,0,,,,,,,,,
476596,2010/11,2010-10-05,Shere Bangla National Stadium,1,37.1,Bangladesh,New Zealand,Shakib Al Hasan,Mushfiqur Rahim,TG Southee,0,1,1,,,,,,,,
476596,2010/11,2010-10-05,Shere Bangla National Stadium,1,37.2,Bangladesh,New Zealand,Shakib Al Hasan,Mushfiqur Rahim,TG Southee,1,0,,,,,,,,,
476596,2010/11,2010-10-05,Shere Bangla National Stadium,1,37.3,Bangladesh,New Zealand,Mushfiqur Rahim,Shakib Al Hasan,TG Southee,2,0,,,,,,,,,
476596,2010/11,2010-10-05,Shere Bangla National Stadium,1,37.4,Bangladesh,New Zealand,Mushfiqur Rahim,Shakib Al Hasan,TG Southee,0,0,,,,,,,,,
476596,2010/11,2010-10-05,Shere Bangla National Stadium,1,37.5,Bangladesh,New Zealand,Mushfiqur Rahim,Shakib Al Hasan,TG Southee,2,0,,,,,,,,,
476596,2010/11,2010-10-05,Shere Bangla National Stadium,1,37.6,Bangladesh,New Zealand,Mushfiqur Rahim,Shakib Al Hasan,TG Southee,0,0,,,,,,,,,
476596,2010/11,2010-10-05,Shere Bangla National Stadium,1,37.7,Bangladesh,New Zealand,Mushfiqur Rahim,Shakib Al Hasan,TG Southee,0,0,,,,,,,,,
476596,2010/11,2010-10-05,Shere Bangla National Stadium,1,38.1,Bangladesh,New Zealand,Shakib Al Hasan,Mushfiqur Rahim,KD Mills,1,0,,,,,,,,,
476596,2010/11,2010-10-05,Shere Bangla National Stadium,1,38.2,Bangladesh,New Zealand,Mushfiqur Rahim,Shakib Al Hasan,KD Mills,0,0,,,,,,,,,
476596,2010/11,2010-10-05,Shere Bangla National Stadium,1,38.3,Bangladesh,New Zealand,Mushfiqur Rahim,Shakib Al Hasan,KD Mills,1,0,,,,,,,,,
476596,2010/11,2010-10-05,Shere Bangla National Stadium,1,38.4,Bangladesh,New Zealand,Shakib Al Hasan,Mushfiqur Rahim,KD Mills,0,0,,,,,,,,,
476596,2010/11,2010-10-05,Shere Bangla National Stadium,1,38.5,Bangladesh,New Zealand,Shakib Al Hasan,Mushfiqur Rahim,KD Mills,0,0,,,,,,,,,
476596,2010/11,2010-10-05,Shere Bangla National Stadium,1,38.6,Bangladesh,New Zealand,Shakib Al Hasan,Mushfiqur Rahim,KD Mills,1,0,,,,,,,,,
476596,2010/11,2010-10-05,Shere Bangla National Stadium,1,39.1,Bangladesh,New Zealand,Shakib Al Hasan,Mushfiqur Rahim,JD Ryder,1,0,,,,,,,,,
476596,2010/11,2010-10-05,Shere Bangla National Stadium,1,39.2,Bangladesh,New Zealand,Mushfiqur Rahim,Shakib Al Hasan,JD Ryder,0,0,,,,,,,,,
476596,2010/11,2010-10-05,Shere Bangla National Stadium,1,39.3,Bangladesh,New Zealand,Mushfiqur Rahim,Shakib Al Hasan,JD Ryder,0,0,,,,,,,,,
476596,2010/11,2010-10-05,Shere Bangla National Stadium,1,39.4,Bangladesh,New Zealand,Mushfiqur Rahim,Shakib Al Hasan,JD Ryder,0,0,,,,,,caught,Mushfiqur Rahim,,
476596,2010/11,2010-10-05,Shere Bangla National Stadium,1,39.5,Bangladesh,New Zealand,Mahmudullah,Shakib Al Hasan,JD Ryder,0,0,,,,,,,,,
476596,2010/11,2010-10-05,Shere Bangla National Stadium,1,39.6,Bangladesh,New Zealand,Mahmudullah,Shakib Al Hasan,JD Ryder,1,0,,,,,,,,,
476596,2010/11,2010-10-05,Shere Bangla National Stadium,1,40.1,Bangladesh,New Zealand,Mahmudullah,Shakib Al Hasan,NL McCullum,0,0,,,,,,,,,
476596,2010/11,2010-10-05,Shere Bangla National Stadium,1,40.2,Bangladesh,New Zealand,Mahmudullah,Shakib Al Hasan,NL McCullum,1,0,,,,,,,,,
476596,2010/11,2010-10-05,Shere Bangla National Stadium,1,40.3,Bangladesh,New Zealand,Shakib Al Hasan,Mahmudullah,NL McCullum,0,0,,,,,,,,,
476596,2010/11,2010-10-05,Shere Bangla National Stadium,1,40.4,Bangladesh,New Zealand,Shakib Al Hasan,Mahmudullah,NL McCullum,1,0,,,,,,,,,
476596,2010/11,2010-10-05,Shere Bangla National Stadium,1,40.5,Bangladesh,New Zealand,Mahmudullah,Shakib Al Hasan,NL McCullum,1,0,,,,,,,,,
476596,2010/11,2010-10-05,Shere Bangla National Stadium,1,40.6,Bangladesh,New Zealand,Shakib Al Hasan,Mahmudullah,NL McCullum,0,0,,,,,,,,,
476596,2010/11,2010-10-05,Shere Bangla National Stadium,1,41.1,Bangladesh,New Zealand,Mahmudullah,Shakib Al Hasan,JD Ryder,0,0,,,,,,caught,Mahmudullah,,
476596,2010/11,2010-10-05,Shere Bangla National Stadium,1,41.2,Bangladesh,New Zealand,Naeem Islam,Shakib Al Hasan,JD Ryder,0,0,,,,,,,,,
476596,2010/11,2010-10-05,Shere Bangla National Stadium,1,41.3,Bangladesh,New Zealand,Naeem Islam,Shakib Al Hasan,JD Ryder,0,0,,,,,,,,,
476596,2010/11,2010-10-05,Shere Bangla National Stadium,1,41.4,Bangladesh,New Zealand,Naeem Islam,Shakib Al Hasan,JD Ryder,1,0,,,,,,,,,
476596,2010/11,2010-10-05,Shere Bangla National Stadium,1,41.5,Bangladesh,New Zealand,Shakib Al Hasan,Naeem Islam,JD Ryder,0,0,,,,,,,,,
476596,2010/11,2010-10-05,Shere Bangla National Stadium,1,41.6,Bangladesh,New Zealand,Shakib Al Hasan,Naeem Islam,JD Ryder,0,0,,,,,,,,,
476596,2010/11,2010-10-05,Shere Bangla National Stadium,1,42.1,Bangladesh,New Zealand,Naeem Islam,Shakib Al Hasan,AJ McKay,0,1,1,,,,,,,,
476596,2010/11,2010-10-05,Shere Bangla National Stadium,1,42.2,Bangladesh,New Zealand,Naeem Islam,Shakib Al Hasan,AJ McKay,0,0,,,,,,,,,
476596,2010/11,2010-10-05,Shere Bangla National Stadium,1,42.3,Bangladesh,New Zealand,Naeem Islam,Shakib Al Hasan,AJ McKay,0,0,,,,,,,,,
476596,2010/11,2010-10-05,Shere Bangla National Stadium,1,42.4,Bangladesh,New Zealand,Naeem Islam,Shakib Al Hasan,AJ McKay,0,0,,,,,,,,,
476596,2010/11,2010-10-05,Shere Bangla National Stadium,1,42.5,Bangladesh,New Zealand,Naeem Islam,Shakib Al Hasan,AJ McKay,0,0,,,,,,,,,
476596,2010/11,2010-10-05,Shere Bangla National Stadium,1,42.6,Bangladesh,New Zealand,Naeem Islam,Shakib Al Hasan,AJ McKay,0,0,,,,,,,,,
476596,2010/11,2010-10-05,Shere Bangla National Stadium,1,42.7,Bangladesh,New Zealand,Naeem Islam,Shakib Al Hasan,AJ McKay,0,0,,,,,,,,,
476596,2010/11,2010-10-05,Shere Bangla National Stadium,1,43.1,Bangladesh,New Zealand,Shakib Al Hasan,Naeem Islam,JD Ryder,1,0,,,,,,,,,
476596,2010/11,2010-10-05,Shere Bangla National Stadium,1,43.2,Bangladesh,New Zealand,Naeem Islam,Shakib Al Hasan,JD Ryder,1,0,,,,,,,,,
476596,2010/11,2010-10-05,Shere Bangla National Stadium,1,43.3,Bangladesh,New Zealand,Shakib Al Hasan,Naeem Islam,JD Ryder,1,0,,,,,,,,,
476596,2010/11,2010-10-05,Shere Bangla National Stadium,1,43.4,Bangladesh,New Zealand,Naeem Islam,Shakib Al Hasan,JD Ryder,1,0,,,,,,,,,
476596,2010/11,2010-10-05,Shere Bangla National Stadium,1,43.5,Bangladesh,New Zealand,Shakib Al Hasan,Naeem Islam,JD Ryder,1,0,,,,,,,,,
476596,2010/11,2010-10-05,Shere Bangla National Stadium,1,43.6,Bangladesh,New Zealand,Naeem Islam,Shakib Al Hasan,JD Ryder,1,0,,,,,,,,,
476596,2010/11,2010-10-05,Shere Bangla National Stadium,1,44.1,Bangladesh,New Zealand,Naeem Islam,Shakib Al Hasan,AJ McKay,0,0,,,,,,,,,
476596,2010/11,2010-10-05,Shere Bangla National Stadium,1,44.2,Bangladesh,New Zealand,Naeem Islam,Shakib Al Hasan,AJ McKay,0,0,,,,,,,,,
476596,2010/11,2010-10-05,Shere Bangla National Stadium,1,44.3,Bangladesh,New Zealand,Naeem Islam,Shakib Al Hasan,AJ McKay,0,0,,,,,,,,,
476596,2010/11,2010-10-05,Shere Bangla National Stadium,1,44.4,Bangladesh,New Zealand,Naeem Islam,Shakib Al Hasan,AJ McKay,0,0,,,,,,,,,
476596,2010/11,2010-10-05,Shere Bangla National Stadium,1,44.5,Bangladesh,New Zealand,Naeem Islam,Shakib Al Hasan,AJ McKay,1,0,,,,,,,,,
476596,2010/11,2010-10-05,Shere Bangla National Stadium,1,44.6,Bangladesh,New Zealand,Shakib Al Hasan,Naeem Islam,AJ McKay,1,0,,,,,,,,,
476596,2010/11,2010-10-05,Shere Bangla National Stadium,1,45.1,Bangladesh,New Zealand,Shakib Al Hasan,Naeem Islam,TG Southee,4,0,,,,,,,,,
476596,2010/11,2010-10-05,Shere Bangla National Stadium,1,45.2,Bangladesh,New Zealand,Shakib Al Hasan,Naeem Islam,TG Southee,4,0,,,,,,,,,
476596,2010/11,2010-10-05,Shere Bangla National Stadium,1,45.3,Bangladesh,New Zealand,Shakib Al Hasan,Naeem Islam,TG Southee,0,1,,,,1,,,,,
476596,2010/11,2010-10-05,Shere Bangla National Stadium,1,45.4,Bangladesh,New Zealand,Naeem Islam,Shakib Al Hasan,TG Southee,0,0,,,,,,,,,
476596,2010/11,2010-10-05,Shere Bangla National Stadium,1,45.5,Bangladesh,New Zealand,Naeem Islam,Shakib Al Hasan,TG Southee,4,0,,,,,,,,,
476596,2010/11,2010-10-05,Shere Bangla National Stadium,1,45.6,Bangladesh,New Zealand,Naeem Islam,Shakib Al Hasan,TG Southee,0,1,,,,1,,,,,
476596,2010/11,2010-10-05,Shere Bangla National Stadium,1,46.1,Bangladesh,New Zealand,Naeem Islam,Shakib Al Hasan,AJ McKay,0,0,,,,,,bowled,Naeem Islam,,
476596,2010/11,2010-10-05,Shere Bangla National Stadium,1,46.2,Bangladesh,New Zealand,Mashrafe Mortaza,Shakib Al Hasan,AJ McKay,0,0,,,,,,,,,
476596,2010/11,2010-10-05,Shere Bangla National Stadium,1,46.3,Bangladesh,New Zealand,Mashrafe Mortaza,Shakib Al Hasan,AJ McKay,0,0,,,,,,,,,
476596,2010/11,2010-10-05,Shere Bangla National Stadium,1,46.4,Bangladesh,New Zealand,Mashrafe Mortaza,Shakib Al Hasan,AJ McKay,1,0,,,,,,,,,
476596,2010/11,2010-10-05,Shere Bangla National Stadium,1,46.5,Bangladesh,New Zealand,Shakib Al Hasan,Mashrafe Mortaza,AJ McKay,0,0,,,,,,,,,
476596,2010/11,2010-10-05,Shere Bangla National Stadium,1,46.6,Bangladesh,New Zealand,Shakib Al Hasan,Mashrafe Mortaza,AJ McKay,4,0,,,,,,,,,
476596,2010/11,2010-10-05,Shere Bangla National Stadium,1,47.1,Bangladesh,New Zealand,Mashrafe Mortaza,Shakib Al Hasan,KD Mills,1,0,,,,,,,,,
476596,2010/11,2010-10-05,Shere Bangla National Stadium,1,47.2,Bangladesh,New Zealand,Shakib Al Hasan,Mashrafe Mortaza,KD Mills,4,0,,,,,,,,,
476596,2010/11,2010-10-05,Shere Bangla National Stadium,1,47.3,Bangladesh,New Zealand,Shakib Al Hasan,Mashrafe Mortaza,KD Mills,4,0,,,,,,,,,
476596,2010/11,2010-10-05,Shere Bangla National Stadium,1,47.4,Bangladesh,New Zealand,Shakib Al Hasan,Mashrafe Mortaza,KD Mills,0,0,,,,,,,,,
476596,2010/11,2010-10-05,Shere Bangla National Stadium,1,47.5,Bangladesh,New Zealand,Shakib Al Hasan,Mashrafe Mortaza,KD Mills,0,0,,,,,,bowled,Shakib Al Hasan,,
476596,2010/11,2010-10-05,Shere Bangla National Stadium,1,47.6,Bangladesh,New Zealand,Abdur Razzak,Mashrafe Mortaza,KD Mills,0,1,,,,1,,,,,
476596,2010/11,2010-10-05,Shere Bangla National Stadium,1,48.1,Bangladesh,New Zealand,Abdur Razzak,Mashrafe Mortaza,AJ McKay,1,0,,,,,,,,,
476596,2010/11,2010-10-05,Shere Bangla National Stadium,1,48.2,Bangladesh,New Zealand,Mashrafe Mortaza,Abdur Razzak,AJ McKay,2,0,,,,,,,,,
476596,2010/11,2010-10-05,Shere Bangla National Stadium,1,48.3,Bangladesh,New Zealand,Mashrafe Mortaza,Abdur Razzak,AJ McKay,4,0,,,,,,,,,
476596,2010/11,2010-10-05,Shere Bangla National Stadium,1,48.4,Bangladesh,New Zealand,Mashrafe Mortaza,Abdur Razzak,AJ McKay,1,0,,,,,,,,,
476596,2010/11,2010-10-05,Shere Bangla National Stadium,1,48.5,Bangladesh,New Zealand,Abdur Razzak,Mashrafe Mortaza,AJ McKay,0,0,,,,,,caught,Abdur Razzak,,
476596,2010/11,2010-10-05,Shere Bangla National Stadium,1,48.6,Bangladesh,New Zealand,Mashrafe Mortaza,Nazmul Hossain,AJ McKay,0,1,,,,1,,,,,
476596,2010/11,2010-10-05,Shere Bangla National Stadium,1,49.1,Bangladesh,New Zealand,Mashrafe Mortaza,Nazmul Hossain,KD Mills,0,0,,,,,,,,,
476596,2010/11,2010-10-05,Shere Bangla National Stadium,1,49.2,Bangladesh,New Zealand,Mashrafe Mortaza,Nazmul Hossain,KD Mills,6,0,,,,,,,,,
476596,2010/11,2010-10-05,Shere Bangla National Stadium,1,49.3,Bangladesh,New Zealand,Mashrafe Mortaza,Nazmul Hossain,KD Mills,0,0,,,,,,caught,Mashrafe Mortaza,,
476596,2010/11,2010-10-05,Shere Bangla National Stadium,2,0.1,New Zealand,Bangladesh,BB McCullum,JD Ryder,Mashrafe Mortaza,0,0,,,,,,,,,
476596,2010/11,2010-10-05,Shere Bangla National Stadium,2,0.2,New Zealand,Bangladesh,BB McCullum,JD Ryder,Mashrafe Mortaza,1,0,,,,,,,,,
476596,2010/11,2010-10-05,Shere Bangla National Stadium,2,0.3,New Zealand,Bangladesh,JD Ryder,BB McCullum,Mashrafe Mortaza,0,0,,,,,,,,,
476596,2010/11,2010-10-05,Shere Bangla National Stadium,2,0.4,New Zealand,Bangladesh,JD Ryder,BB McCullum,Mashrafe Mortaza,4,0,,,,,,,,,
476596,2010/11,2010-10-05,Shere Bangla National Stadium,2,0.5,New Zealand,Bangladesh,JD Ryder,BB McCullum,Mashrafe Mortaza,0,0,,,,,,,,,
476596,2010/11,2010-10-05,Shere Bangla National Stadium,2,0.6,New Zealand,Bangladesh,JD Ryder,BB McCullum,Mashrafe Mortaza,2,0,,,,,,,,,
476596,2010/11,2010-10-05,Shere Bangla National Stadium,2,1.1,New Zealand,Bangladesh,BB McCullum,JD Ryder,Nazmul Hossain,4,0,,,,,,,,,
476596,2010/11,2010-10-05,Shere Bangla National Stadium,2,1.2,New Zealand,Bangladesh,BB McCullum,JD Ryder,Nazmul Hossain,0,0,,,,,,,,,
476596,2010/11,2010-10-05,Shere Bangla National Stadium,2,1.3,New Zealand,Bangladesh,BB McCullum,JD Ryder,Nazmul Hossain,2,0,,,,,,,,,
476596,2010/11,2010-10-05,Shere Bangla National Stadium,2,1.4,New Zealand,Bangladesh,BB McCullum,JD Ryder,Nazmul Hossain,0,0,,,,,,,,,
476596,2010/11,2010-10-05,Shere Bangla National Stadium,2,1.5,New Zealand,Bangladesh,BB McCullum,JD Ryder,Nazmul Hossain,0,0,,,,,,,,,
476596,2010/11,2010-10-05,Shere Bangla National Stadium,2,1.6,New Zealand,Bangladesh,BB McCullum,JD Ryder,Nazmul Hossain,0,0,,,,,,,,,
476596,2010/11,2010-10-05,Shere Bangla National Stadium,2,2.1,New Zealand,Bangladesh,JD Ryder,BB McCullum,Abdur Razzak,0,0,,,,,,,,,
476596,2010/11,2010-10-05,Shere Bangla National Stadium,2,2.2,New Zealand,Bangladesh,JD Ryder,BB McCullum,Abdur Razzak,1,0,,,,,,,,,
476596,2010/11,2010-10-05,Shere Bangla National Stadium,2,2.3,New Zealand,Bangladesh,BB McCullum,JD Ryder,Abdur Razzak,0,0,,,,,,,,,
476596,2010/11,2010-10-05,Shere Bangla National Stadium,2,2.4,New Zealand,Bangladesh,BB McCullum,JD Ryder,Abdur Razzak,4,0,,,,,,,,,
476596,2010/11,2010-10-05,Shere Bangla National Stadium,2,2.5,New Zealand,Bangladesh,BB McCullum,JD Ryder,Abdur Razzak,1,0,,,,,,,,,
476596,2010/11,2010-10-05,Shere Bangla National Stadium,2,2.6,New Zealand,Bangladesh,JD Ryder,BB McCullum,Abdur Razzak,0,0,,,,,,,,,
476596,2010/11,2010-10-05,Shere Bangla National Stadium,2,3.1,New Zealand,Bangladesh,BB McCullum,JD Ryder,Nazmul Hossain,2,0,,,,,,,,,
476596,2010/11,2010-10-05,Shere Bangla National Stadium,2,3.2,New Zealand,Bangladesh,BB McCullum,JD Ryder,Nazmul Hossain,4,0,,,,,,,,,
476596,2010/11,2010-10-05,Shere Bangla National Stadium,2,3.3,New Zealand,Bangladesh,BB McCullum,JD Ryder,Nazmul Hossain,2,0,,,,,,,,,
476596,2010/11,2010-10-05,Shere Bangla National Stadium,2,3.4,New Zealand,Bangladesh,BB McCullum,JD Ryder,Nazmul Hossain,1,0,,,,,,,,,
476596,2010/11,2010-10-05,Shere Bangla National Stadium,2,3.5,New Zealand,Bangladesh,JD Ryder,BB McCullum,Nazmul Hossain,4,0,,,,,,,,,
476596,2010/11,2010-10-05,Shere Bangla National Stadium,2,3.6,New Zealand,Bangladesh,JD Ryder,BB McCullum,Nazmul Hossain,0,0,,,,,,,,,
476596,2010/11,2010-10-05,Shere Bangla National Stadium,2,4.1,New Zealand,Bangladesh,BB McCullum,JD Ryder,Abdur Razzak,4,0,,,,,,,,,
476596,2010/11,2010-10-05,Shere Bangla National Stadium,2,4.2,New Zealand,Bangladesh,BB McCullum,JD Ryder,Abdur Razzak,1,0,,,,,,,,,
476596,2010/11,2010-10-05,Shere Bangla National Stadium,2,4.3,New Zealand,Bangladesh,JD Ryder,BB McCullum,Abdur Razzak,0,0,,,,,,,,,
476596,2010/11,2010-10-05,Shere Bangla National Stadium,2,4.4,New Zealand,Bangladesh,JD Ryder,BB McCullum,Abdur Razzak,0,0,,,,,,,,,
476596,2010/11,2010-10-05,Shere Bangla National Stadium,2,4.5,New Zealand,Bangladesh,JD Ryder,BB McCullum,Abdur Razzak,1,0,,,,,,,,,
476596,2010/11,2010-10-05,Shere Bangla National Stadium,2,4.6,New Zealand,Bangladesh,BB McCullum,JD Ryder,Abdur Razzak,1,0,,,,,,,,,
476596,2010/11,2010-10-05,Shere Bangla National Stadium,2,5.1,New Zealand,Bangladesh,BB McCullum,JD Ryder,Naeem Islam,0,0,,,,,,,,,
476596,2010/11,2010-10-05,Shere Bangla National Stadium,2,5.2,New Zealand,Bangladesh,BB McCullum,JD Ryder,Naeem Islam,4,0,,,,,,,,,
476596,2010/11,2010-10-05,Shere Bangla National Stadium,2,5.3,New Zealand,Bangladesh,BB McCullum,JD Ryder,Naeem Islam,1,0,,,,,,,,,
476596,2010/11,2010-10-05,Shere Bangla National Stadium,2,5.4,New Zealand,Bangladesh,JD Ryder,BB McCullum,Naeem Islam,4,0,,,,,,,,,
476596,2010/11,2010-10-05,Shere Bangla National Stadium,2,5.5,New Zealand,Bangladesh,JD Ryder,BB McCullum,Naeem Islam,0,0,,,,,,,,,
476596,2010/11,2010-10-05,Shere Bangla National Stadium,2,5.6,New Zealand,Bangladesh,JD Ryder,BB McCullum,Naeem Islam,1,0,,,,,,,,,
476596,2010/11,2010-10-05,Shere Bangla National Stadium,2,6.1,New Zealand,Bangladesh,JD Ryder,BB McCullum,Shakib Al Hasan,0,0,,,,,,,,,
476596,2010/11,2010-10-05,Shere Bangla National Stadium,2,6.2,New Zealand,Bangladesh,JD Ryder,BB McCullum,Shakib Al Hasan,2,0,,,,,,,,,
476596,2010/11,2010-10-05,Shere Bangla National Stadium,2,6.3,New Zealand,Bangladesh,JD Ryder,BB McCullum,Shakib Al Hasan,2,0,,,,,,,,,
476596,2010/11,2010-10-05,Shere Bangla National Stadium,2,6.4,New Zealand,Bangladesh,JD Ryder,BB McCullum,Shakib Al Hasan,0,0,,,,,,,,,
476596,2010/11,2010-10-05,Shere Bangla National Stadium,2,6.5,New Zealand,Bangladesh,JD Ryder,BB McCullum,Shakib Al Hasan,0,0,,,,,,caught,JD Ryder,,
476596,2010/11,2010-10-05,Shere Bangla National Stadium,2,6.6,New Zealand,Bangladesh,BJ Watling,BB McCullum,Shakib Al Hasan,0,0,,,,,,,,,
476596,2010/11,2010-10-05,Shere Bangla National Stadium,2,7.1,New Zealand,Bangladesh,BB McCullum,BJ Watling,Abdur Razzak,0,0,,,,,,,,,
476596,2010/11,2010-10-05,Shere Bangla National Stadium,2,7.2,New Zealand,Bangladesh,BB McCullum,BJ Watling,Abdur Razzak,0,0,,,,,,,,,
476596,2010/11,2010-10-05,Shere Bangla National Stadium,2,7.3,New Zealand,Bangladesh,BB McCullum,BJ Watling,Abdur Razzak,1,0,,,,,,,,,
476596,2010/11,2010-10-05,Shere Bangla National Stadium,2,7.4,New Zealand,Bangladesh,BJ Watling,BB McCullum,Abdur Razzak,0,0,,,,,,,,,
476596,2010/11,2010-10-05,Shere Bangla National Stadium,2,7.5,New Zealand,Bangladesh,BJ Watling,BB McCullum,Abdur Razzak,0,0,,,,,,,,,
476596,2010/11,2010-10-05,Shere Bangla National Stadium,2,7.6,New Zealand,Bangladesh,BJ Watling,BB McCullum,Abdur Razzak,0,0,,,,,,,,,
476596,2010/11,2010-10-05,Shere Bangla National Stadium,2,8.1,New Zealand,Bangladesh,BB McCullum,BJ Watling,Shakib Al Hasan,0,0,,,,,,,,,
476596,2010/11,2010-10-05,Shere Bangla National Stadium,2,8.2,New Zealand,Bangladesh,BB McCullum,BJ Watling,Shakib Al Hasan,4,0,,,,,,,,,
476596,2010/11,2010-10-05,Shere Bangla National Stadium,2,8.3,New Zealand,Bangladesh,BB McCullum,BJ Watling,Shakib Al Hasan,6,0,,,,,,,,,
476596,2010/11,2010-10-05,Shere Bangla National Stadium,2,8.4,New Zealand,Bangladesh,BB McCullum,BJ Watling,Shakib Al Hasan,0,0,,,,,,,,,
476596,2010/11,2010-10-05,Shere Bangla National Stadium,2,8.5,New Zealand,Bangladesh,BB McCullum,BJ Watling,Shakib Al Hasan,0,0,,,,,,,,,
476596,2010/11,2010-10-05,Shere Bangla National Stadium,2,8.6,New Zealand,Bangladesh,BB McCullum,BJ Watling,Shakib Al Hasan,0,0,,,,,,,,,
476596,2010/11,2010-10-05,Shere Bangla National Stadium,2,9.1,New Zealand,Bangladesh,BJ Watling,BB McCullum,Abdur Razzak,0,0,,,,,,,,,
476596,2010/11,2010-10-05,Shere Bangla National Stadium,2,9.2,New Zealand,Bangladesh,BJ Watling,BB McCullum,Abdur Razzak,0,0,,,,,,,,,
476596,2010/11,2010-10-05,Shere Bangla National Stadium,2,9.3,New Zealand,Bangladesh,BJ Watling,BB McCullum,Abdur Razzak,0,0,,,,,,,,,
476596,2010/11,2010-10-05,Shere Bangla National Stadium,2,9.4,New Zealand,Bangladesh,BJ Watling,BB McCullum,Abdur Razzak,0,0,,,,,,,,,
476596,2010/11,2010-10-05,Shere Bangla National Stadium,2,9.5,New Zealand,Bangladesh,BJ Watling,BB McCullum,Abdur Razzak,0,0,,,,,,,,,
476596,2010/11,2010-10-05,Shere Bangla National Stadium,2,9.6,New Zealand,Bangladesh,BJ Watling,BB McCullum,Abdur Razzak,0,0,,,,,,,,,
476596,2010/11,2010-10-05,Shere Bangla National Stadium,2,10.1,New Zealand,Bangladesh,BB McCullum,BJ Watling,Naeem Islam,0,0,,,,,,,,,
476596,2010/11,2010-10-05,Shere Bangla National Stadium,2,10.2,New Zealand,Bangladesh,BB McCullum,BJ Watling,Naeem Islam,0,0,,,,,,,,,
476596,2010/11,2010-10-05,Shere Bangla National Stadium,2,10.3,New Zealand,Bangladesh,BB McCullum,BJ Watling,Naeem Islam,6,0,,,,,,,,,
476596,2010/11,2010-10-05,Shere Bangla National Stadium,2,10.4,New Zealand,Bangladesh,BB McCullum,BJ Watling,Naeem Islam,0,0,,,,,,,,,
476596,2010/11,2010-10-05,Shere Bangla National Stadium,2,10.5,New Zealand,Bangladesh,BB McCullum,BJ Watling,Naeem Islam,0,0,,,,,,,,,
476596,2010/11,2010-10-05,Shere Bangla National Stadium,2,10.6,New Zealand,Bangladesh,BB McCullum,BJ Watling,Naeem Islam,1,0,,,,,,,,,
476596,2010/11,2010-10-05,Shere Bangla National Stadium,2,11.1,New Zealand,Bangladesh,BB McCullum,BJ Watling,Abdur Razzak,1,0,,,,,,,,,
476596,2010/11,2010-10-05,Shere Bangla National Stadium,2,11.2,New Zealand,Bangladesh,BJ Watling,BB McCullum,Abdur Razzak,0,0,,,,,,,,,
476596,2010/11,2010-10-05,Shere Bangla National Stadium,2,11.3,New Zealand,Bangladesh,BJ Watling,BB McCullum,Abdur Razzak,0,0,,,,,,,,,
476596,2010/11,2010-10-05,Shere Bangla National Stadium,2,11.4,New Zealand,Bangladesh,BJ Watling,BB McCullum,Abdur Razzak,0,0,,,,,,,,,
476596,2010/11,2010-10-05,Shere Bangla National Stadium,2,11.5,New Zealand,Bangladesh,BJ Watling,BB McCullum,Abdur Razzak,0,0,,,,,,bowled,BJ Watling,,
476596,2010/11,2010-10-05,Shere Bangla National Stadium,2,11.6,New Zealand,Bangladesh,LRPL Taylor,BB McCullum,Abdur Razzak,0,0,,,,,,,,,
476596,2010/11,2010-10-05,Shere Bangla National Stadium,2,12.1,New Zealand,Bangladesh,BB McCullum,LRPL Taylor,Shakib Al Hasan,1,0,,,,,,,,,
476596,2010/11,2010-10-05,Shere Bangla National Stadium,2,12.2,New Zealand,Bangladesh,LRPL Taylor,BB McCullum,Shakib Al Hasan,0,0,,,,,,,,,
476596,2010/11,2010-10-05,Shere Bangla National Stadium,2,12.3,New Zealand,Bangladesh,LRPL Taylor,BB McCullum,Shakib Al Hasan,1,0,,,,,,,,,
476596,2010/11,2010-10-05,Shere Bangla National Stadium,2,12.4,New Zealand,Bangladesh,BB McCullum,LRPL Taylor,Shakib Al Hasan,2,0,,,,,,,,,
476596,2010/11,2010-10-05,Shere Bangla National Stadium,2,12.5,New Zealand,Bangladesh,BB McCullum,LRPL Taylor,Shakib Al Hasan,1,0,,,,,,,,,
476596,2010/11,2010-10-05,Shere Bangla National Stadium,2,12.6,New Zealand,Bangladesh,LRPL Taylor,BB McCullum,Shakib Al Hasan,0,0,,,,,,,,,
476596,2010/11,2010-10-05,Shere Bangla National Stadium,2,13.1,New Zealand,Bangladesh,BB McCullum,LRPL Taylor,Abdur Razzak,0,0,,,,,,,,,
476596,2010/11,2010-10-05,Shere Bangla National Stadium,2,13.2,New Zealand,Bangladesh,BB McCullum,LRPL Taylor,Abdur Razzak,1,0,,,,,,,,,
476596,2010/11,2010-10-05,Shere Bangla National Stadium,2,13.3,New Zealand,Bangladesh,LRPL Taylor,BB McCullum,Abdur Razzak,0,0,,,,,,,,,
476596,2010/11,2010-10-05,Shere Bangla National Stadium,2,13.4,New Zealand,Bangladesh,LRPL Taylor,BB McCullum,Abdur Razzak,1,0,,,,,,,,,
476596,2010/11,2010-10-05,Shere Bangla National Stadium,2,13.5,New Zealand,Bangladesh,BB McCullum,LRPL Taylor,Abdur Razzak,1,0,,,,,,,,,
476596,2010/11,2010-10-05,Shere Bangla National Stadium,2,13.6,New Zealand,Bangladesh,LRPL Taylor,BB McCullum,Abdur Razzak,0,1,1,,,,,,,,
476596,2010/11,2010-10-05,Shere Bangla National Stadium,2,13.7,New Zealand,Bangladesh,LRPL Taylor,BB McCullum,Abdur Razzak,0,0,,,,,,,,,
476596,2010/11,2010-10-05,Shere Bangla National Stadium,2,14.1,New Zealand,Bangladesh,BB McCullum,LRPL Taylor,Shakib Al Hasan,4,0,,,,,,,,,
476596,2010/11,2010-10-05,Shere Bangla National Stadium,2,14.2,New Zealand,Bangladesh,BB McCullum,LRPL Taylor,Shakib Al Hasan,0,0,,,,,,bowled,BB McCullum,,
476596,2010/11,2010-10-05,Shere Bangla National Stadium,2,14.3,New Zealand,Bangladesh,GD Elliott,LRPL Taylor,Shakib Al Hasan,0,0,,,,,,,,,
476596,2010/11,2010-10-05,Shere Bangla National Stadium,2,14.4,New Zealand,Bangladesh,GD Elliott,LRPL Taylor,Shakib Al Hasan,0,0,,,,,,,,,
476596,2010/11,2010-10-05,Shere Bangla National Stadium,2,14.5,New Zealand,Bangladesh,GD Elliott,LRPL Taylor,Shakib Al Hasan,0,0,,,,,,lbw,GD Elliott,,
476596,2010/11,2010-10-05,Shere Bangla National Stadium,2,14.6,New Zealand,Bangladesh,DL Vettori,LRPL Taylor,Shakib Al Hasan,0,0,,,,,,,,,
476596,2010/11,2010-10-05,Shere Bangla National Stadium,2,15.1,New Zealand,Bangladesh,LRPL Taylor,DL Vettori,Mahmudullah,0,0,,,,,,,,,
476596,2010/11,2010-10-05,Shere Bangla National Stadium,2,15.2,New Zealand,Bangladesh,LRPL Taylor,DL Vettori,Mahmudullah,0,0,,,,,,,,,
476596,2010/11,2010-10-05,Shere Bangla National Stadium,2,15.3,New Zealand,Bangladesh,LRPL Taylor,DL Vettori,Mahmudullah,1,0,,,,,,,,,
476596,2010/11,2010-10-05,Shere Bangla National Stadium,2,15.4,New Zealand,Bangladesh,DL Vettori,LRPL Taylor,Mahmudullah,3,0,,,,,,,,,
476596,2010/11,2010-10-05,Shere Bangla National Stadium,2,15.5,New Zealand,Bangladesh,LRPL Taylor,DL Vettori,Mahmudullah,1,0,,,,,,,,,
476596,2010/11,2010-10-05,Shere Bangla National Stadium,2,15.6,New Zealand,Bangladesh,DL Vettori,LRPL Taylor,Mahmudullah,2,0,,,,,,,,,
476596,2010/11,2010-10-05,Shere Bangla National Stadium,2,16.1,New Zealand,Bangladesh,LRPL Taylor,DL Vettori,Shakib Al Hasan,1,0,,,,,,,,,
476596,2010/11,2010-10-05,Shere Bangla National Stadium,2,16.2,New Zealand,Bangladesh,DL Vettori,LRPL Taylor,Shakib Al Hasan,0,0,,,,,,,,,
476596,2010/11,2010-10-05,Shere Bangla National Stadium,2,16.3,New Zealand,Bangladesh,DL Vettori,LRPL Taylor,Shakib Al Hasan,3,0,,,,,,,,,
476596,2010/11,2010-10-05,Shere Bangla National Stadium,2,16.4,New Zealand,Bangladesh,LRPL Taylor,DL Vettori,Shakib Al Hasan,1,0,,,,,,,,,
476596,2010/11,2010-10-05,Shere Bangla National Stadium,2,16.5,New Zealand,Bangladesh,DL Vettori,LRPL Taylor,Shakib Al Hasan,0,0,,,,,,,,,
476596,2010/11,2010-10-05,Shere Bangla National Stadium,2,16.6,New Zealand,Bangladesh,DL Vettori,LRPL Taylor,Shakib Al Hasan,1,0,,,,,,,,,
476596,2010/11,2010-10-05,Shere Bangla National Stadium,2,17.1,New Zealand,Bangladesh,DL Vettori,LRPL Taylor,Mahmudullah,0,0,,,,,,,,,
476596,2010/11,2010-10-05,Shere Bangla National Stadium,2,17.2,New Zealand,Bangladesh,DL Vettori,LRPL Taylor,Mahmudullah,1,0,,,,,,,,,
476596,2010/11,2010-10-05,Shere Bangla National Stadium,2,17.3,New Zealand,Bangladesh,LRPL Taylor,DL Vettori,Mahmudullah,1,0,,,,,,,,,
476596,2010/11,2010-10-05,Shere Bangla National Stadium,2,17.4,New Zealand,Bangladesh,DL Vettori,LRPL Taylor,Mahmudullah,1,1,,1,,,,,,,
476596,2010/11,2010-10-05,Shere Bangla National Stadium,2,17.5,New Zealand,Bangladesh,LRPL Taylor,DL Vettori,Mahmudullah,0,0,,,,,,,,,
476596,2010/11,2010-10-05,Shere Bangla National Stadium,2,17.6,New Zealand,Bangladesh,LRPL Taylor,DL Vettori,Mahmudullah,1,0,,,,,,,,,
476596,2010/11,2010-10-05,Shere Bangla National Stadium,2,17.7,New Zealand,Bangladesh,DL Vettori,LRPL Taylor,Mahmudullah,1,0,,,,,,,,,
476596,2010/11,2010-10-05,Shere Bangla National Stadium,2,18.1,New Zealand,Bangladesh,DL Vettori,LRPL Taylor,Nazmul Hossain,0,0,,,,,,,,,
476596,2010/11,2010-10-05,Shere Bangla National Stadium,2,18.2,New Zealand,Bangladesh,DL Vettori,LRPL Taylor,Nazmul Hossain,1,0,,,,,,,,,
476596,2010/11,2010-10-05,Shere Bangla National Stadium,2,18.3,New Zealand,Bangladesh,LRPL Taylor,DL Vettori,Nazmul Hossain,0,0,,,,,,,,,
476596,2010/11,2010-10-05,Shere Bangla National Stadium,2,18.4,New Zealand,Bangladesh,LRPL Taylor,DL Vettori,Nazmul Hossain,0,0,,,,,,,,,
476596,2010/11,2010-10-05,Shere Bangla National Stadium,2,18.5,New Zealand,Bangladesh,LRPL Taylor,DL Vettori,Nazmul Hossain,1,0,,,,,,,,,
476596,2010/11,2010-10-05,Shere Bangla National Stadium,2,18.6,New Zealand,Bangladesh,DL Vettori,LRPL Taylor,Nazmul Hossain,0,0,,,,,,,,,
476596,2010/11,2010-10-05,Shere Bangla National Stadium,2,19.1,New Zealand,Bangladesh,LRPL Taylor,DL Vettori,Mahmudullah,1,0,,,,,,,,,
476596,2010/11,2010-10-05,Shere Bangla National Stadium,2,19.2,New Zealand,Bangladesh,DL Vettori,LRPL Taylor,Mahmudullah,0,0,,,,,,,,,
476596,2010/11,2010-10-05,Shere Bangla National Stadium,2,19.3,New Zealand,Bangladesh,DL Vettori,LRPL Taylor,Mahmudullah,0,0,,,,,,,,,
476596,2010/11,2010-10-05,Shere Bangla National Stadium,2,19.4,New Zealand,Bangladesh,DL Vettori,LRPL Taylor,Mahmudullah,1,0,,,,,,,,,
476596,2010/11,2010-10-05,Shere Bangla National Stadium,2,19.5,New Zealand,Bangladesh,LRPL Taylor,DL Vettori,Mahmudullah,1,0,,,,,,,,,
476596,2010/11,2010-10-05,Shere Bangla National Stadium,2,19.6,New Zealand,Bangladesh,DL Vettori,LRPL Taylor,Mahmudullah,1,0,,,,,,,,,
476596,2010/11,2010-10-05,Shere Bangla National Stadium,2,20.1,New Zealand,Bangladesh,DL Vettori,LRPL Taylor,Nazmul Hossain,1,0,,,,,,,,,
476596,2010/11,2010-10-05,Shere Bangla National Stadium,2,20.2,New Zealand,Bangladesh,LRPL Taylor,DL Vettori,Nazmul Hossain,1,0,,,,,,,,,
476596,2010/11,2010-10-05,Shere Bangla National Stadium,2,20.3,New Zealand,Bangladesh,DL Vettori,LRPL Taylor,Nazmul Hossain,1,0,,,,,,,,,
476596,2010/11,2010-10-05,Shere Bangla National Stadium,2,20.4,New Zealand,Bangladesh,LRPL Taylor,DL Vettori,Nazmul Hossain,1,0,,,,,,,,,
476596,2010/11,2010-10-05,Shere Bangla National Stadium,2,20.5,New Zealand,Bangladesh,DL Vettori,LRPL Taylor,Nazmul Hossain,0,1,1,,,,,,,,
476596,2010/11,2010-10-05,Shere Bangla National Stadium,2,20.6,New Zealand,Bangladesh,DL Vettori,LRPL Taylor,Nazmul Hossain,0,0,,,,,,,,,
476596,2010/11,2010-10-05,Shere Bangla National Stadium,2,20.7,New Zealand,Bangladesh,DL Vettori,LRPL Taylor,Nazmul Hossain,1,0,,,,,,,,,
476596,2010/11,2010-10-05,Shere Bangla National Stadium,2,21.1,New Zealand,Bangladesh,DL Vettori,LRPL Taylor,Shakib Al Hasan,2,0,,,,,,,,,
476596,2010/11,2010-10-05,Shere Bangla National Stadium,2,21.2,New Zealand,Bangladesh,DL Vettori,LRPL Taylor,Shakib Al Hasan,0,0,,,,,,,,,
476596,2010/11,2010-10-05,Shere Bangla National Stadium,2,21.3,New Zealand,Bangladesh,DL Vettori,LRPL Taylor,Shakib Al Hasan,1,0,,,,,,,,,
476596,2010/11,2010-10-05,Shere Bangla National Stadium,2,21.4,New Zealand,Bangladesh,LRPL Taylor,DL Vettori,Shakib Al Hasan,0,0,,,,,,,,,
476596,2010/11,2010-10-05,Shere Bangla National Stadium,2,21.5,New Zealand,Bangladesh,LRPL Taylor,DL Vettori,Shakib Al Hasan,1,0,,,,,,,,,
476596,2010/11,2010-10-05,Shere Bangla National Stadium,2,21.6,New Zealand,Bangladesh,DL Vettori,LRPL Taylor,Shakib Al Hasan,1,0,,,,,,,,,
476596,2010/11,2010-10-05,Shere Bangla National Stadium,2,22.1,New Zealand,Bangladesh,DL Vettori,LRPL Taylor,Nazmul Hossain,1,0,,,,,,,,,
476596,2010/11,2010-10-05,Shere Bangla National Stadium,2,22.2,New Zealand,Bangladesh,LRPL Taylor,DL Vettori,Nazmul Hossain,0,0,,,,,,,,,
476596,2010/11,2010-10-05,Shere Bangla National Stadium,2,22.3,New Zealand,Bangladesh,LRPL Taylor,DL Vettori,Nazmul Hossain,0,0,,,,,,,,,
476596,2010/11,2010-10-05,Shere Bangla National Stadium,2,22.4,New Zealand,Bangladesh,LRPL Taylor,DL Vettori,Nazmul Hossain,1,0,,,,,,,,,
476596,2010/11,2010-10-05,Shere Bangla National Stadium,2,22.5,New Zealand,Bangladesh,DL Vettori,LRPL Taylor,Nazmul Hossain,0,0,,,,,,,,,
476596,2010/11,2010-10-05,Shere Bangla National Stadium,2,22.6,New Zealand,Bangladesh,DL Vettori,LRPL Taylor,Nazmul Hossain,0,0,,,,,,,,,
476596,2010/11,2010-10-05,Shere Bangla National Stadium,2,23.1,New Zealand,Bangladesh,LRPL Taylor,DL Vettori,Mahmudullah,1,0,,,,,,,,,
476596,2010/11,2010-10-05,Shere Bangla National Stadium,2,23.2,New Zealand,Bangladesh,DL Vettori,LRPL Taylor,Mahmudullah,1,0,,,,,,,,,
476596,2010/11,2010-10-05,Shere Bangla National Stadium,2,23.3,New Zealand,Bangladesh,LRPL Taylor,DL Vettori,Mahmudullah,2,0,,,,,,,,,
476596,2010/11,2010-10-05,Shere Bangla National Stadium,2,23.4,New Zealand,Bangladesh,LRPL Taylor,DL Vettori,Mahmudullah,0,0,,,,,,,,,
476596,2010/11,2010-10-05,Shere Bangla National Stadium,2,23.5,New Zealand,Bangladesh,LRPL Taylor,DL Vettori,Mahmudullah,6,0,,,,,,,,,
476596,2010/11,2010-10-05,Shere Bangla National Stadium,2,23.6,New Zealand,Bangladesh,LRPL Taylor,DL Vettori,Mahmudullah,1,0,,,,,,,,,
476596,2010/11,2010-10-05,Shere Bangla National Stadium,2,24.1,New Zealand,Bangladesh,LRPL Taylor,DL Vettori,Naeem Islam,0,0,,,,,,,,,
476596,2010/11,2010-10-05,Shere Bangla National Stadium,2,24.2,New Zealand,Bangladesh,LRPL Taylor,DL Vettori,Naeem Islam,0,0,,,,,,,,,
476596,2010/11,2010-10-05,Shere Bangla National Stadium,2,24.3,New Zealand,Bangladesh,LRPL Taylor,DL Vettori,Naeem Islam,1,0,,,,,,,,,
476596,2010/11,2010-10-05,Shere Bangla National Stadium,2,24.4,New Zealand,Bangladesh,DL Vettori,LRPL Taylor,Naeem Islam,0,0,,,,,,caught,DL Vettori,,
476596,2010/11,2010-10-05,Shere Bangla National Stadium,2,24.5,New Zealand,Bangladesh,SL Stewart,LRPL Taylor,Naeem Islam,0,0,,,,,,,,,
476596,2010/11,2010-10-05,Shere Bangla National Stadium,2,24.6,New Zealand,Bangladesh,SL Stewart,LRPL Taylor,Naeem Islam,0,0,,,,,,,,,
476596,2010/11,2010-10-05,Shere Bangla National Stadium,2,25.1,New Zealand,Bangladesh,LRPL Taylor,SL Stewart,Abdur Razzak,0,2,,,,2,,,,,
476596,2010/11,2010-10-05,Shere Bangla National Stadium,2,25.2,New Zealand,Bangladesh,LRPL Taylor,SL Stewart,Abdur Razzak,0,0,,,,,,,,,
476596,2010/11,2010-10-05,Shere Bangla National Stadium,2,25.3,New Zealand,Bangladesh,LRPL Taylor,SL Stewart,Abdur Razzak,0,1,1,,,,,,,,
476596,2010/11,2010-10-05,Shere Bangla National Stadium,2,25.4,New Zealand,Bangladesh,LRPL Taylor,SL Stewart,Abdur Razzak,2,0,,,,,,,,,
476596,2010/11,2010-10-05,Shere Bangla National Stadium,2,25.5,New Zealand,Bangladesh,LRPL Taylor,SL Stewart,Abdur Razzak,0,0,,,,,,,,,
476596,2010/11,2010-10-05,Shere Bangla National Stadium,2,25.6,New Zealand,Bangladesh,LRPL Taylor,SL Stewart,Abdur Razzak,0,0,,,,,,,,,
476596,2010/11,2010-10-05,Shere Bangla National Stadium,2,25.7,New Zealand,Bangladesh,LRPL Taylor,SL Stewart,Abdur Razzak,1,0,,,,,,,,,
476596,2010/11,2010-10-05,Shere Bangla National Stadium,2,26.1,New Zealand,Bangladesh,LRPL Taylor,SL Stewart,Naeem Islam,1,0,,,,,,,,,
476596,2010/11,2010-10-05,Shere Bangla National Stadium,2,26.2,New Zealand,Bangladesh,SL Stewart,LRPL Taylor,Naeem Islam,0,0,,,,,,,,,
476596,2010/11,2010-10-05,Shere Bangla National Stadium,2,26.3,New Zealand,Bangladesh,SL Stewart,LRPL Taylor,Naeem Islam,0,0,,,,,,,,,
476596,2010/11,2010-10-05,Shere Bangla National Stadium,2,26.4,New Zealand,Bangladesh,SL Stewart,LRPL Taylor,Naeem Islam,0,1,,,,1,,,,,
476596,2010/11,2010-10-05,Shere Bangla National Stadium,2,26.5,New Zealand,Bangladesh,LRPL Taylor,SL Stewart,Naeem Islam,0,0,,,,,,,,,
476596,2010/11,2010-10-05,Shere Bangla National Stadium,2,26.6,New Zealand,Bangladesh,LRPL Taylor,SL Stewart,Naeem Islam,0,0,,,,,,,,,
476596,2010/11,2010-10-05,Shere Bangla National Stadium,2,27.1,New Zealand,Bangladesh,SL Stewart,LRPL Taylor,Shakib Al Hasan,1,0,,,,,,,,,
476596,2010/11,2010-10-05,Shere Bangla National Stadium,2,27.2,New Zealand,Bangladesh,LRPL Taylor,SL Stewart,Shakib Al Hasan,0,0,,,,,,,,,
476596,2010/11,2010-10-05,Shere Bangla National Stadium,2,27.3,New Zealand,Bangladesh,LRPL Taylor,SL Stewart,Shakib Al Hasan,1,0,,,,,,,,,
476596,2010/11,2010-10-05,Shere Bangla National Stadium,2,27.4,New Zealand,Bangladesh,SL Stewart,LRPL Taylor,Shakib Al Hasan,1,0,,,,,,,,,
476596,2010/11,2010-10-05,Shere Bangla National Stadium,2,27.5,New Zealand,Bangladesh,LRPL Taylor,SL Stewart,Shakib Al Hasan,0,0,,,,,,,,,
476596,2010/11,2010-10-05,Shere Bangla National Stadium,2,27.6,New Zealand,Bangladesh,LRPL Taylor,SL Stewart,Shakib Al Hasan,1,0,,,,,,,,,
476596,2010/11,2010-10-05,Shere Bangla National Stadium,2,28.1,New Zealand,Bangladesh,LRPL Taylor,SL Stewart,Naeem Islam,1,0,,,,,,,,,
476596,2010/11,2010-10-05,Shere Bangla National Stadium,2,28.2,New Zealand,Bangladesh,SL Stewart,LRPL Taylor,Naeem Islam,0,0,,,,,,,,,
476596,2010/11,2010-10-05,Shere Bangla National Stadium,2,28.3,New Zealand,Bangladesh,SL Stewart,LRPL Taylor,Naeem Islam,0,0,,,,,,run out,SL Stewart,,
476596,2010/11,2010-10-05,Shere Bangla National Stadium,2,28.4,New Zealand,Bangladesh,NL McCullum,LRPL Taylor,Naeem Islam,1,0,,,,,,,,,
476596,2010/11,2010-10-05,Shere Bangla National Stadium,2,28.5,New Zealand,Bangladesh,LRPL Taylor,NL McCullum,Naeem Islam,1,0,,,,,,,,,
476596,2010/11,2010-10-05,Shere Bangla National Stadium,2,28.6,New Zealand,Bangladesh,NL McCullum,LRPL Taylor,Naeem Islam,0,0,,,,,,,,,
476596,2010/11,2010-10-05,Shere Bangla National Stadium,2,29.1,New Zealand,Bangladesh,LRPL Taylor,NL McCullum,Mahmudullah,2,0,,,,,,,,,
476596,2010/11,2010-10-05,Shere Bangla National Stadium,2,29.2,New Zealand,Bangladesh,LRPL Taylor,NL McCullum,Mahmudullah,1,0,,,,,,,,,
476596,2010/11,2010-10-05,Shere Bangla National Stadium,2,29.3,New Zealand,Bangladesh,NL McCullum,LRPL Taylor,Mahmudullah,1,0,,,,,,,,,
476596,2010/11,2010-10-05,Shere Bangla National Stadium,2,29.4,New Zealand,Bangladesh,LRPL Taylor,NL McCullum,Mahmudullah,1,0,,,,,,,,,
476596,2010/11,2010-10-05,Shere Bangla National Stadium,2,29.5,New Zealand,Bangladesh,NL McCullum,LRPL Taylor,Mahmudullah,0,0,,,,,,,,,
476596,2010/11,2010-10-05,Shere Bangla National Stadium,2,29.6,New Zealand,Bangladesh,NL McCullum,LRPL Taylor,Mahmudullah,1,0,,,,,,,,,
476596,2010/11,2010-10-05,Shere Bangla National Stadium,2,30.1,New Zealand,Bangladesh,NL McCullum,LRPL Taylor,Naeem Islam,1,0,,,,,,,,,
476596,2010/11,2010-10-05,Shere Bangla National Stadium,2,30.2,New Zealand,Bangladesh,LRPL Taylor,NL McCullum,Naeem Islam,4,0,,,,,,,,,
476596,2010/11,2010-10-05,Shere Bangla National Stadium,2,30.3,New Zealand,Bangladesh,LRPL Taylor,NL McCullum,Naeem Islam,0,0,,,,,,lbw,LRPL Taylor,,
476596,2010/11,2010-10-05,Shere Bangla National Stadium,2,30.4,New Zealand,Bangladesh,KD Mills,NL McCullum,Naeem Islam,0,0,,,,,,,,,
476596,2010/11,2010-10-05,Shere Bangla National Stadium,2,30.5,New Zealand,Bangladesh,KD Mills,NL McCullum,Naeem Islam,0,1,1,,,,,,,,
476596,2010/11,2010-10-05,Shere Bangla National Stadium,2,30.6,New Zealand,Bangladesh,KD Mills,NL McCullum,Naeem Islam,0,0,,,,,,,,,
476596,2010/11,2010-10-05,Shere Bangla National Stadium,2,30.7,New Zealand,Bangladesh,KD Mills,NL McCullum,Naeem Islam,1,0,,,,,,,,,
476596,2010/11,2010-10-05,Shere Bangla National Stadium,2,31.1,New Zealand,Bangladesh,KD Mills,NL McCullum,Mahmudullah,0,0,,,,,,,,,
476596,2010/11,2010-10-05,Shere Bangla National Stadium,2,31.2,New Zealand,Bangladesh,KD Mills,NL McCullum,Mahmudullah,4,0,,,,,,,,,
476596,2010/11,2010-10-05,Shere Bangla National Stadium,2,31.3,New Zealand,Bangladesh,KD Mills,NL McCullum,Mahmudullah,1,0,,,,,,,,,
476596,2010/11,2010-10-05,Shere Bangla National Stadium,2,31.4,New Zealand,Bangladesh,NL McCullum,KD Mills,Mahmudullah,1,0,,,,,,,,,
476596,2010/11,2010-10-05,Shere Bangla National Stadium,2,31.5,New Zealand,Bangladesh,KD Mills,NL McCullum,Mahmudullah,1,0,,,,,,,,,
476596,2010/11,2010-10-05,Shere Bangla National Stadium,2,31.6,New Zealand,Bangladesh,NL McCullum,KD Mills,Mahmudullah,1,0,,,,,,,,,
476596,2010/11,2010-10-05,Shere Bangla National Stadium,2,32.1,New Zealand,Bangladesh,NL McCullum,KD Mills,Naeem Islam,0,0,,,,,,,,,
476596,2010/11,2010-10-05,Shere Bangla National Stadium,2,32.2,New Zealand,Bangladesh,NL McCullum,KD Mills,Naeem Islam,1,0,,,,,,,,,
476596,2010/11,2010-10-05,Shere Bangla National Stadium,2,32.3,New Zealand,Bangladesh,KD Mills,NL McCullum,Naeem Islam,0,0,,,,,,,,,
476596,2010/11,2010-10-05,Shere Bangla National Stadium,2,32.4,New Zealand,Bangladesh,KD Mills,NL McCullum,Naeem Islam,0,0,,,,,,,,,
476596,2010/11,2010-10-05,Shere Bangla National Stadium,2,32.5,New Zealand,Bangladesh,KD Mills,NL McCullum,Naeem Islam,0,0,,,,,,,,,
476596,2010/11,2010-10-05,Shere Bangla National Stadium,2,32.6,New Zealand,Bangladesh,KD Mills,NL McCullum,Naeem Islam,0,1,,,,1,,,,,
476596,2010/11,2010-10-05,Shere Bangla National Stadium,2,33.1,New Zealand,Bangladesh,KD Mills,NL McCullum,Abdur Razzak,0,2,,,,2,,,,,
476596,2010/11,2010-10-05,Shere Bangla National Stadium,2,33.2,New Zealand,Bangladesh,KD Mills,NL McCullum,Abdur Razzak,1,0,,,,,,,,,
476596,2010/11,2010-10-05,Shere Bangla National Stadium,2,33.3,New Zealand,Bangladesh,NL McCullum,KD Mills,Abdur Razzak,1,0,,,,,,,,,
476596,2010/11,2010-10-05,Shere Bangla National Stadium,2,33.4,New Zealand,Bangladesh,KD Mills,NL McCullum,Abdur Razzak,2,0,,,,,,,,,
476596,2010/11,2010-10-05,Shere Bangla National Stadium,2,33.5,New Zealand,Bangladesh,KD Mills,NL McCullum,Abdur Razzak,1,0,,,,,,,,,
476596,2010/11,2010-10-05,Shere Bangla National Stadium,2,33.6,New Zealand,Bangladesh,NL McCullum,KD Mills,Abdur Razzak,0,0,,,,,,,,,
476596,2010/11,2010-10-05,Shere Bangla National Stadium,2,34.1,New Zealand,Bangladesh,KD Mills,NL McCullum,Nazmul Hossain,1,0,,,,,,,,,
476596,2010/11,2010-10-05,Shere Bangla National Stadium,2,34.2,New Zealand,Bangladesh,NL McCullum,KD Mills,Nazmul Hossain,0,0,,,,,,,,,
476596,2010/11,2010-10-05,Shere Bangla National Stadium,2,34.3,New Zealand,Bangladesh,NL McCullum,KD Mills,Nazmul Hossain,1,0,,,,,,,,,
476596,2010/11,2010-10-05,Shere Bangla National Stadium,2,34.4,New Zealand,Bangladesh,KD Mills,NL McCullum,Nazmul Hossain,1,0,,,,,,,,,
476596,2010/11,2010-10-05,Shere Bangla National Stadium,2,34.5,New Zealand,Bangladesh,NL McCullum,KD Mills,Nazmul Hossain,2,0,,,,,,,,,
476596,2010/11,2010-10-05,Shere Bangla National Stadium,2,34.6,New Zealand,Bangladesh,NL McCullum,KD Mills,Nazmul Hossain,4,0,,,,,,,,,
476596,2010/11,2010-10-05,Shere Bangla National Stadium,2,35.1,New Zealand,Bangladesh,KD Mills,NL McCullum,Shakib Al Hasan,1,0,,,,,,,,,
476596,2010/11,2010-10-05,Shere Bangla National Stadium,2,35.2,New Zealand,Bangladesh,NL McCullum,KD Mills,Shakib Al Hasan,1,0,,,,,,,,,
476596,2010/11,2010-10-05,Shere Bangla National Stadium,2,35.3,New Zealand,Bangladesh,KD Mills,NL McCullum,Shakib Al Hasan,0,0,,,,,,,,,
476596,2010/11,2010-10-05,Shere Bangla National Stadium,2,35.4,New Zealand,Bangladesh,KD Mills,NL McCullum,Shakib Al Hasan,1,0,,,,,,,,,
476596,2010/11,2010-10-05,Shere Bangla National Stadium,2,35.5,New Zealand,Bangladesh,NL McCullum,KD Mills,Shakib Al Hasan,0,0,,,,,,bowled,NL McCullum,,
476596,2010/11,2010-10-05,Shere Bangla National Stadium,2,35.6,New Zealand,Bangladesh,TG Southee,KD Mills,Shakib Al Hasan,0,0,,,,,,,,,
476596,2010/11,2010-10-05,Shere Bangla National Stadium,2,36.1,New Zealand,Bangladesh,KD Mills,TG Southee,Nazmul Hossain,0,0,,,,,,,,,
476596,2010/11,2010-10-05,Shere Bangla National Stadium,2,36.2,New Zealand,Bangladesh,KD Mills,TG Southee,Nazmul Hossain,0,0,,,,,,,,,
476596,2010/11,2010-10-05,Shere Bangla National Stadium,2,36.3,New Zealand,Bangladesh,KD Mills,TG Southee,Nazmul Hossain,0,0,,,,,,,,,
476596,2010/11,2010-10-05,Shere Bangla National Stadium,2,36.4,New Zealand,Bangladesh,KD Mills,TG Southee,Nazmul Hossain,4,0,,,,,,,,,
476596,2010/11,2010-10-05,Shere Bangla National Stadium,2,36.5,New Zealand,Bangladesh,KD Mills,TG Southee,Nazmul Hossain,3,0,,,,,,,,,
476596,2010/11,2010-10-05,Shere Bangla National Stadium,2,36.6,New Zealand,Bangladesh,TG Southee,KD Mills,Nazmul Hossain,1,0,,,,,,,,,
