match_id,season,start_date,venue,innings,ball,batting_team,bowling_team,striker,non_striker,bowler,runs_off_bat,extras,wides,noballs,byes,legbyes,penalty,wicket_type,player_dismissed,other_wicket_type,other_player_dismissed
350048,2009,2009-09-17,Trent Bridge,1,0.1,Australia,England,SR Watson,TD Paine,JM Anderson,0,0,,,,,,,,,
350048,2009,2009-09-17,Trent Bridge,1,0.2,Australia,England,SR Watson,TD Paine,JM Anderson,0,1,1,,,,,,,,
350048,2009,2009-09-17,Trent Bridge,1,0.3,Australia,England,SR Watson,TD Paine,JM Anderson,0,1,1,,,,,,,,
350048,2009,2009-09-17,Trent Bridge,1,0.4,Australia,England,SR Watson,TD Paine,JM Anderson,0,1,,,,1,,,,,
350048,2009,2009-09-17,Trent Bridge,1,0.5,Australia,England,TD Paine,SR Watson,JM Anderson,0,0,,,,,,,,,
350048,2009,2009-09-17,Trent Bridge,1,0.6,Australia,England,TD Paine,SR Watson,JM Anderson,1,0,,,,,,,,,
350048,2009,2009-09-17,Trent Bridge,1,0.7,Australia,England,SR Watson,TD Paine,JM Anderson,4,0,,,,,,,,,
350048,2009,2009-09-17,Trent Bridge,1,0.8,Australia,England,SR Watson,TD Paine,JM Anderson,0,0,,,,,,,,,
350048,2009,2009-09-17,Trent Bridge,1,1.1,Australia,England,TD Paine,SR Watson,RJ Sidebottom,0,1,1,,,,,,,,
350048,2009,2009-09-17,Trent Bridge,1,1.2,Australia,England,TD Paine,SR Watson,RJ Sidebottom,0,1,1,,,,,,,,
350048,2009,2009-09-17,Trent Bridge,1,1.3,Australia,England,TD Paine,SR Watson,RJ Sidebottom,0,1,1,,,,,,,,
350048,2009,2009-09-17,Trent Bridge,1,1.4,Australia,England,TD Paine,SR Watson,RJ Sidebottom,0,0,,,,,,,,,
350048,2009,2009-09-17,Trent Bridge,1,1.5,Australia,England,TD Paine,SR Watson,RJ Sidebottom,0,0,,,,,,,,,
350048,2009,2009-09-17,Trent Bridge,1,1.6,Australia,England,TD Paine,SR Watson,RJ Sidebottom,0,0,,,,,,,,,
350048,2009,2009-09-17,Trent Bridge,1,1.7,Australia,England,TD Paine,SR Watson,RJ Sidebottom,0,0,,,,,,,,,
350048,2009,2009-09-17,Trent Bridge,1,1.8,Australia,England,TD Paine,SR Watson,RJ Sidebottom,0,0,,,,,,,,,
350048,2009,2009-09-17,Trent Bridge,1,1.9,Australia,England,TD Paine,SR Watson,RJ Sidebottom,1,0,,,,,,,,,
350048,2009,2009-09-17,Trent Bridge,1,2.1,Australia,England,TD Paine,SR Watson,JM Anderson,0,0,,,,,,,,,
350048,2009,2009-09-17,Trent Bridge,1,2.2,Australia,England,TD Paine,SR Watson,JM Anderson,0,0,,,,,,,,,
350048,2009,2009-09-17,Trent Bridge,1,2.3,Australia,England,TD Paine,SR Watson,JM Anderson,0,0,,,,,,,,,
350048,2009,2009-09-17,Trent Bridge,1,2.4,Australia,England,TD Paine,SR Watson,JM Anderson,1,0,,,,,,,,,
350048,2009,2009-09-17,Trent Bridge,1,2.5,Australia,England,SR Watson,TD Paine,JM Anderson,0,0,,,,,,,,,
350048,2009,2009-09-17,Trent Bridge,1,2.6,Australia,England,SR Watson,TD Paine,JM Anderson,0,0,,,,,,,,,
350048,2009,2009-09-17,Trent Bridge,1,3.1,Australia,England,TD Paine,SR Watson,RJ Sidebottom,0,0,,,,,,,,,
350048,2009,2009-09-17,Trent Bridge,1,3.2,Australia,England,TD Paine,SR Watson,RJ Sidebottom,0,0,,,,,,,,,
350048,2009,2009-09-17,Trent Bridge,1,3.3,Australia,England,TD Paine,SR Watson,RJ Sidebottom,4,0,,,,,,,,,
350048,2009,2009-09-17,Trent Bridge,1,3.4,Australia,England,TD Paine,SR Watson,RJ Sidebottom,1,0,,,,,,,,,
350048,2009,2009-09-17,Trent Bridge,1,3.5,Australia,England,SR Watson,TD Paine,RJ Sidebottom,0,0,,,,,,,,,
350048,2009,2009-09-17,Trent Bridge,1,3.6,Australia,England,SR Watson,TD Paine,RJ Sidebottom,0,0,,,,,,,,,
350048,2009,2009-09-17,Trent Bridge,1,4.1,Australia,England,TD Paine,SR Watson,JM Anderson,0,0,,,,,,,,,
350048,2009,2009-09-17,Trent Bridge,1,4.2,Australia,England,TD Paine,SR Watson,JM Anderson,1,0,,,,,,,,,
350048,2009,2009-09-17,Trent Bridge,1,4.3,Australia,England,SR Watson,TD Paine,JM Anderson,0,0,,,,,,bowled,SR Watson,,
350048,2009,2009-09-17,Trent Bridge,1,4.4,Australia,England,RT Ponting,TD Paine,JM Anderson,0,0,,,,,,,,,
350048,2009,2009-09-17,Trent Bridge,1,4.5,Australia,England,RT Ponting,TD Paine,JM Anderson,0,0,,,,,,,,,
350048,2009,2009-09-17,Trent Bridge,1,4.6,Australia,England,RT Ponting,TD Paine,JM Anderson,0,0,,,,,,,,,
350048,2009,2009-09-17,Trent Bridge,1,5.1,Australia,England,TD Paine,RT Ponting,RJ Sidebottom,0,0,,,,,,,,,
350048,2009,2009-09-17,Trent Bridge,1,5.2,Australia,England,TD Paine,RT Ponting,RJ Sidebottom,0,0,,,,,,,,,
350048,2009,2009-09-17,Trent Bridge,1,5.3,Australia,England,TD Paine,RT Ponting,RJ Sidebottom,1,0,,,,,,,,,
350048,2009,2009-09-17,Trent Bridge,1,5.4,Australia,England,RT Ponting,TD Paine,RJ Sidebottom,0,5,5,,,,,,,,
350048,2009,2009-09-17,Trent Bridge,1,5.5,Australia,England,RT Ponting,TD Paine,RJ Sidebottom,0,0,,,,,,,,,
350048,2009,2009-09-17,Trent Bridge,1,5.6,Australia,England,RT Ponting,TD Paine,RJ Sidebottom,4,0,,,,,,,,,
350048,2009,2009-09-17,Trent Bridge,1,5.7,Australia,England,RT Ponting,TD Paine,RJ Sidebottom,0,0,,,,,,,,,
350048,2009,2009-09-17,Trent Bridge,1,6.1,Australia,England,TD Paine,RT Ponting,JM Anderson,0,0,,,,,,,,,
350048,2009,2009-09-17,Trent Bridge,1,6.2,Australia,England,TD Paine,RT Ponting,JM Anderson,4,0,,,,,,,,,
350048,2009,2009-09-17,Trent Bridge,1,6.3,Australia,England,TD Paine,RT Ponting,JM Anderson,0,0,,,,,,,,,
350048,2009,2009-09-17,Trent Bridge,1,6.4,Australia,England,TD Paine,RT Ponting,JM Anderson,1,0,,,,,,,,,
350048,2009,2009-09-17,Trent Bridge,1,6.5,Australia,England,RT Ponting,TD Paine,JM Anderson,0,0,,,,,,,,,
350048,2009,2009-09-17,Trent Bridge,1,6.6,Australia,England,RT Ponting,TD Paine,JM Anderson,0,0,,,,,,,,,
350048,2009,2009-09-17,Trent Bridge,1,7.1,Australia,England,TD Paine,RT Ponting,RJ Sidebottom,0,0,,,,,,,,,
350048,2009,2009-09-17,Trent Bridge,1,7.2,Australia,England,TD Paine,RT Ponting,RJ Sidebottom,0,0,,,,,,,,,
350048,2009,2009-09-17,Trent Bridge,1,7.3,Australia,England,TD Paine,RT Ponting,RJ Sidebottom,0,0,,,,,,,,,
350048,2009,2009-09-17,Trent Bridge,1,7.4,Australia,England,TD Paine,RT Ponting,RJ Sidebottom,0,0,,,,,,,,,
350048,2009,2009-09-17,Trent Bridge,1,7.5,Australia,England,TD Paine,RT Ponting,RJ Sidebottom,4,0,,,,,,,,,
350048,2009,2009-09-17,Trent Bridge,1,7.6,Australia,England,TD Paine,RT Ponting,RJ Sidebottom,0,0,,,,,,,,,
350048,2009,2009-09-17,Trent Bridge,1,8.1,Australia,England,RT Ponting,TD Paine,JM Anderson,2,0,,,,,,,,,
350048,2009,2009-09-17,Trent Bridge,1,8.2,Australia,England,RT Ponting,TD Paine,JM Anderson,0,0,,,,,,,,,
350048,2009,2009-09-17,Trent Bridge,1,8.3,Australia,England,RT Ponting,TD Paine,JM Anderson,0,0,,,,,,,,,
350048,2009,2009-09-17,Trent Bridge,1,8.4,Australia,England,RT Ponting,TD Paine,JM Anderson,0,0,,,,,,,,,
350048,2009,2009-09-17,Trent Bridge,1,8.5,Australia,England,RT Ponting,TD Paine,JM Anderson,0,0,,,,,,,,,
350048,2009,2009-09-17,Trent Bridge,1,8.6,Australia,England,RT Ponting,TD Paine,JM Anderson,0,0,,,,,,caught,RT Ponting,,
350048,2009,2009-09-17,Trent Bridge,1,9.1,Australia,England,TD Paine,MEK Hussey,AD Mascarenhas,0,0,,,,,,,,,
350048,2009,2009-09-17,Trent Bridge,1,9.2,Australia,England,TD Paine,MEK Hussey,AD Mascarenhas,0,0,,,,,,,,,
350048,2009,2009-09-17,Trent Bridge,1,9.3,Australia,England,TD Paine,MEK Hussey,AD Mascarenhas,0,0,,,,,,,,,
350048,2009,2009-09-17,Trent Bridge,1,9.4,Australia,England,TD Paine,MEK Hussey,AD Mascarenhas,1,0,,,,,,,,,
350048,2009,2009-09-17,Trent Bridge,1,9.5,Australia,England,MEK Hussey,TD Paine,AD Mascarenhas,0,0,,,,,,,,,
350048,2009,2009-09-17,Trent Bridge,1,9.6,Australia,England,MEK Hussey,TD Paine,AD Mascarenhas,0,0,,,,,,,,,
350048,2009,2009-09-17,Trent Bridge,1,10.1,Australia,England,TD Paine,MEK Hussey,JM Anderson,4,0,,,,,,,,,
350048,2009,2009-09-17,Trent Bridge,1,10.2,Australia,England,TD Paine,MEK Hussey,JM Anderson,0,0,,,,,,,,,
350048,2009,2009-09-17,Trent Bridge,1,10.3,Australia,England,TD Paine,MEK Hussey,JM Anderson,0,0,,,,,,,,,
350048,2009,2009-09-17,Trent Bridge,1,10.4,Australia,England,TD Paine,MEK Hussey,JM Anderson,0,0,,,,,,,,,
350048,2009,2009-09-17,Trent Bridge,1,10.5,Australia,England,TD Paine,MEK Hussey,JM Anderson,1,0,,,,,,,,,
350048,2009,2009-09-17,Trent Bridge,1,10.6,Australia,England,MEK Hussey,TD Paine,JM Anderson,0,0,,,,,,,,,
350048,2009,2009-09-17,Trent Bridge,1,11.1,Australia,England,TD Paine,MEK Hussey,AD Mascarenhas,4,0,,,,,,,,,
350048,2009,2009-09-17,Trent Bridge,1,11.2,Australia,England,TD Paine,MEK Hussey,AD Mascarenhas,0,0,,,,,,,,,
350048,2009,2009-09-17,Trent Bridge,1,11.3,Australia,England,TD Paine,MEK Hussey,AD Mascarenhas,0,0,,,,,,,,,
350048,2009,2009-09-17,Trent Bridge,1,11.4,Australia,England,TD Paine,MEK Hussey,AD Mascarenhas,1,0,,,,,,,,,
350048,2009,2009-09-17,Trent Bridge,1,11.5,Australia,England,MEK Hussey,TD Paine,AD Mascarenhas,0,0,,,,,,,,,
350048,2009,2009-09-17,Trent Bridge,1,11.6,Australia,England,MEK Hussey,TD Paine,AD Mascarenhas,0,0,,,,,,,,,
350048,2009,2009-09-17,Trent Bridge,1,12.1,Australia,England,TD Paine,MEK Hussey,TT Bresnan,4,0,,,,,,,,,
350048,2009,2009-09-17,Trent Bridge,1,12.2,Australia,England,TD Paine,MEK Hussey,TT Bresnan,0,0,,,,,,,,,
350048,2009,2009-09-17,Trent Bridge,1,12.3,Australia,England,TD Paine,MEK Hussey,TT Bresnan,0,0,,,,,,,,,
350048,2009,2009-09-17,Trent Bridge,1,12.4,Australia,England,TD Paine,MEK Hussey,TT Bresnan,0,0,,,,,,,,,
350048,2009,2009-09-17,Trent Bridge,1,12.5,Australia,England,TD Paine,MEK Hussey,TT Bresnan,0,0,,,,,,,,,
350048,2009,2009-09-17,Trent Bridge,1,12.6,Australia,England,TD Paine,MEK Hussey,TT Bresnan,0,0,,,,,,,,,
350048,2009,2009-09-17,Trent Bridge,1,13.1,Australia,England,MEK Hussey,TD Paine,AD Mascarenhas,2,0,,,,,,,,,
350048,2009,2009-09-17,Trent Bridge,1,13.2,Australia,England,MEK Hussey,TD Paine,AD Mascarenhas,0,0,,,,,,,,,
350048,2009,2009-09-17,Trent Bridge,1,13.3,Australia,England,MEK Hussey,TD Paine,AD Mascarenhas,1,0,,,,,,,,,
350048,2009,2009-09-17,Trent Bridge,1,13.4,Australia,England,TD Paine,MEK Hussey,AD Mascarenhas,0,0,,,,,,,,,
350048,2009,2009-09-17,Trent Bridge,1,13.5,Australia,England,TD Paine,MEK Hussey,AD Mascarenhas,1,0,,,,,,,,,
350048,2009,2009-09-17,Trent Bridge,1,13.6,Australia,England,MEK Hussey,TD Paine,AD Mascarenhas,0,0,,,,,,,,,
350048,2009,2009-09-17,Trent Bridge,1,14.1,Australia,England,TD Paine,MEK Hussey,TT Bresnan,4,0,,,,,,,,,
350048,2009,2009-09-17,Trent Bridge,1,14.2,Australia,England,TD Paine,MEK Hussey,TT Bresnan,0,0,,,,,,,,,
350048,2009,2009-09-17,Trent Bridge,1,14.3,Australia,England,TD Paine,MEK Hussey,TT Bresnan,0,0,,,,,,,,,
350048,2009,2009-09-17,Trent Bridge,1,14.4,Australia,England,TD Paine,MEK Hussey,TT Bresnan,4,0,,,,,,,,,
350048,2009,2009-09-17,Trent Bridge,1,14.5,Australia,England,TD Paine,MEK Hussey,TT Bresnan,0,0,,,,,,,,,
350048,2009,2009-09-17,Trent Bridge,1,14.6,Australia,England,TD Paine,MEK Hussey,TT Bresnan,0,0,,,,,,,,,
350048,2009,2009-09-17,Trent Bridge,1,15.1,Australia,England,MEK Hussey,TD Paine,AD Mascarenhas,1,0,,,,,,,,,
350048,2009,2009-09-17,Trent Bridge,1,15.2,Australia,England,TD Paine,MEK Hussey,AD Mascarenhas,0,0,,,,,,,,,
350048,2009,2009-09-17,Trent Bridge,1,15.3,Australia,England,TD Paine,MEK Hussey,AD Mascarenhas,0,0,,,,,,,,,
350048,2009,2009-09-17,Trent Bridge,1,15.4,Australia,England,TD Paine,MEK Hussey,AD Mascarenhas,6,0,,,,,,,,,
350048,2009,2009-09-17,Trent Bridge,1,15.5,Australia,England,TD Paine,MEK Hussey,AD Mascarenhas,0,0,,,,,,,,,
350048,2009,2009-09-17,Trent Bridge,1,15.6,Australia,England,TD Paine,MEK Hussey,AD Mascarenhas,1,0,,,,,,,,,
350048,2009,2009-09-17,Trent Bridge,1,16.1,Australia,England,TD Paine,MEK Hussey,GP Swann,0,2,,,,2,,,,,
350048,2009,2009-09-17,Trent Bridge,1,16.2,Australia,England,TD Paine,MEK Hussey,GP Swann,0,0,,,,,,,,,
350048,2009,2009-09-17,Trent Bridge,1,16.3,Australia,England,TD Paine,MEK Hussey,GP Swann,1,0,,,,,,,,,
350048,2009,2009-09-17,Trent Bridge,1,16.4,Australia,England,MEK Hussey,TD Paine,GP Swann,1,0,,,,,,,,,
350048,2009,2009-09-17,Trent Bridge,1,16.5,Australia,England,TD Paine,MEK Hussey,GP Swann,4,0,,,,,,,,,
350048,2009,2009-09-17,Trent Bridge,1,16.6,Australia,England,TD Paine,MEK Hussey,GP Swann,0,0,,,,,,,,,
350048,2009,2009-09-17,Trent Bridge,1,17.1,Australia,England,MEK Hussey,TD Paine,AD Mascarenhas,0,0,,,,,,,,,
350048,2009,2009-09-17,Trent Bridge,1,17.2,Australia,England,MEK Hussey,TD Paine,AD Mascarenhas,0,0,,,,,,,,,
350048,2009,2009-09-17,Trent Bridge,1,17.3,Australia,England,MEK Hussey,TD Paine,AD Mascarenhas,0,0,,,,,,,,,
350048,2009,2009-09-17,Trent Bridge,1,17.4,Australia,England,MEK Hussey,TD Paine,AD Mascarenhas,1,0,,,,,,,,,
350048,2009,2009-09-17,Trent Bridge,1,17.5,Australia,England,TD Paine,MEK Hussey,AD Mascarenhas,0,0,,,,,,,,,
350048,2009,2009-09-17,Trent Bridge,1,17.6,Australia,England,TD Paine,MEK Hussey,AD Mascarenhas,0,0,,,,,,,,,
350048,2009,2009-09-17,Trent Bridge,1,18.1,Australia,England,MEK Hussey,TD Paine,GP Swann,1,0,,,,,,,,,
350048,2009,2009-09-17,Trent Bridge,1,18.2,Australia,England,TD Paine,MEK Hussey,GP Swann,0,0,,,,,,,,,
350048,2009,2009-09-17,Trent Bridge,1,18.3,Australia,England,TD Paine,MEK Hussey,GP Swann,0,0,,,,,,,,,
350048,2009,2009-09-17,Trent Bridge,1,18.4,Australia,England,TD Paine,MEK Hussey,GP Swann,0,0,,,,,,,,,
350048,2009,2009-09-17,Trent Bridge,1,18.5,Australia,England,TD Paine,MEK Hussey,GP Swann,1,0,,,,,,,,,
350048,2009,2009-09-17,Trent Bridge,1,18.6,Australia,England,MEK Hussey,TD Paine,GP Swann,1,0,,,,,,,,,
350048,2009,2009-09-17,Trent Bridge,1,19.1,Australia,England,MEK Hussey,TD Paine,AD Mascarenhas,1,0,,,,,,,,,
350048,2009,2009-09-17,Trent Bridge,1,19.2,Australia,England,TD Paine,MEK Hussey,AD Mascarenhas,0,0,,,,,,,,,
350048,2009,2009-09-17,Trent Bridge,1,19.3,Australia,England,TD Paine,MEK Hussey,AD Mascarenhas,1,0,,,,,,,,,
350048,2009,2009-09-17,Trent Bridge,1,19.4,Australia,England,MEK Hussey,TD Paine,AD Mascarenhas,1,0,,,,,,,,,
350048,2009,2009-09-17,Trent Bridge,1,19.5,Australia,England,TD Paine,MEK Hussey,AD Mascarenhas,2,0,,,,,,,,,
350048,2009,2009-09-17,Trent Bridge,1,19.6,Australia,England,TD Paine,MEK Hussey,AD Mascarenhas,0,0,,,,,,,,,
350048,2009,2009-09-17,Trent Bridge,1,20.1,Australia,England,MEK Hussey,TD Paine,TT Bresnan,0,0,,,,,,,,,
350048,2009,2009-09-17,Trent Bridge,1,20.2,Australia,England,MEK Hussey,TD Paine,TT Bresnan,1,0,,,,,,,,,
350048,2009,2009-09-17,Trent Bridge,1,20.3,Australia,England,TD Paine,MEK Hussey,TT Bresnan,0,0,,,,,,,,,
350048,2009,2009-09-17,Trent Bridge,1,20.4,Australia,England,TD Paine,MEK Hussey,TT Bresnan,1,0,,,,,,,,,
350048,2009,2009-09-17,Trent Bridge,1,20.5,Australia,England,MEK Hussey,TD Paine,TT Bresnan,0,0,,,,,,,,,
350048,2009,2009-09-17,Trent Bridge,1,20.6,Australia,England,MEK Hussey,TD Paine,TT Bresnan,2,0,,,,,,,,,
350048,2009,2009-09-17,Trent Bridge,1,21.1,Australia,England,TD Paine,MEK Hussey,GP Swann,0,0,,,,,,,,,
350048,2009,2009-09-17,Trent Bridge,1,21.2,Australia,England,TD Paine,MEK Hussey,GP Swann,0,0,,,,,,,,,
350048,2009,2009-09-17,Trent Bridge,1,21.3,Australia,England,TD Paine,MEK Hussey,GP Swann,1,0,,,,,,,,,
350048,2009,2009-09-17,Trent Bridge,1,21.4,Australia,England,MEK Hussey,TD Paine,GP Swann,4,0,,,,,,,,,
350048,2009,2009-09-17,Trent Bridge,1,21.5,Australia,England,MEK Hussey,TD Paine,GP Swann,1,0,,,,,,,,,
350048,2009,2009-09-17,Trent Bridge,1,21.6,Australia,England,TD Paine,MEK Hussey,GP Swann,0,0,,,,,,,,,
350048,2009,2009-09-17,Trent Bridge,1,22.1,Australia,England,MEK Hussey,TD Paine,TT Bresnan,1,0,,,,,,,,,
350048,2009,2009-09-17,Trent Bridge,1,22.2,Australia,England,TD Paine,MEK Hussey,TT Bresnan,0,0,,,,,,,,,
350048,2009,2009-09-17,Trent Bridge,1,22.3,Australia,England,TD Paine,MEK Hussey,TT Bresnan,1,0,,,,,,,,,
350048,2009,2009-09-17,Trent Bridge,1,22.4,Australia,England,MEK Hussey,TD Paine,TT Bresnan,1,0,,,,,,,,,
350048,2009,2009-09-17,Trent Bridge,1,22.5,Australia,England,TD Paine,MEK Hussey,TT Bresnan,0,0,,,,,,,,,
350048,2009,2009-09-17,Trent Bridge,1,22.6,Australia,England,TD Paine,MEK Hussey,TT Bresnan,4,0,,,,,,,,,
350048,2009,2009-09-17,Trent Bridge,1,23.1,Australia,England,MEK Hussey,TD Paine,GP Swann,1,0,,,,,,,,,
350048,2009,2009-09-17,Trent Bridge,1,23.2,Australia,England,TD Paine,MEK Hussey,GP Swann,1,0,,,,,,,,,
350048,2009,2009-09-17,Trent Bridge,1,23.3,Australia,England,MEK Hussey,TD Paine,GP Swann,1,0,,,,,,,,,
350048,2009,2009-09-17,Trent Bridge,1,23.4,Australia,England,TD Paine,MEK Hussey,GP Swann,1,0,,,,,,,,,
350048,2009,2009-09-17,Trent Bridge,1,23.5,Australia,England,MEK Hussey,TD Paine,GP Swann,0,0,,,,,,,,,
350048,2009,2009-09-17,Trent Bridge,1,23.6,Australia,England,MEK Hussey,TD Paine,GP Swann,0,0,,,,,,,,,
350048,2009,2009-09-17,Trent Bridge,1,24.1,Australia,England,TD Paine,MEK Hussey,TT Bresnan,1,0,,,,,,,,,
350048,2009,2009-09-17,Trent Bridge,1,24.2,Australia,England,MEK Hussey,TD Paine,TT Bresnan,1,0,,,,,,,,,
350048,2009,2009-09-17,Trent Bridge,1,24.3,Australia,England,TD Paine,MEK Hussey,TT Bresnan,0,0,,,,,,,,,
350048,2009,2009-09-17,Trent Bridge,1,24.4,Australia,England,TD Paine,MEK Hussey,TT Bresnan,0,0,,,,,,,,,
350048,2009,2009-09-17,Trent Bridge,1,24.5,Australia,England,TD Paine,MEK Hussey,TT Bresnan,0,0,,,,,,,,,
350048,2009,2009-09-17,Trent Bridge,1,24.6,Australia,England,TD Paine,MEK Hussey,TT Bresnan,2,0,,,,,,,,,
350048,2009,2009-09-17,Trent Bridge,1,25.1,Australia,England,MEK Hussey,TD Paine,GP Swann,0,1,1,,,,,,,,
350048,2009,2009-09-17,Trent Bridge,1,25.2,Australia,England,MEK Hussey,TD Paine,GP Swann,0,0,,,,,,,,,
350048,2009,2009-09-17,Trent Bridge,1,25.3,Australia,England,MEK Hussey,TD Paine,GP Swann,4,0,,,,,,,,,
350048,2009,2009-09-17,Trent Bridge,1,25.4,Australia,England,MEK Hussey,TD Paine,GP Swann,1,0,,,,,,,,,
350048,2009,2009-09-17,Trent Bridge,1,25.5,Australia,England,TD Paine,MEK Hussey,GP Swann,0,0,,,,,,,,,
350048,2009,2009-09-17,Trent Bridge,1,25.6,Australia,England,TD Paine,MEK Hussey,GP Swann,1,0,,,,,,,,,
350048,2009,2009-09-17,Trent Bridge,1,25.7,Australia,England,MEK Hussey,TD Paine,GP Swann,0,0,,,,,,,,,
350048,2009,2009-09-17,Trent Bridge,1,26.1,Australia,England,TD Paine,MEK Hussey,TT Bresnan,1,0,,,,,,,,,
350048,2009,2009-09-17,Trent Bridge,1,26.2,Australia,England,MEK Hussey,TD Paine,TT Bresnan,1,0,,,,,,,,,
350048,2009,2009-09-17,Trent Bridge,1,26.3,Australia,England,TD Paine,MEK Hussey,TT Bresnan,0,0,,,,,,,,,
350048,2009,2009-09-17,Trent Bridge,1,26.4,Australia,England,TD Paine,MEK Hussey,TT Bresnan,0,1,1,,,,,,,,
350048,2009,2009-09-17,Trent Bridge,1,26.5,Australia,England,TD Paine,MEK Hussey,TT Bresnan,4,0,,,,,,,,,
350048,2009,2009-09-17,Trent Bridge,1,26.6,Australia,England,TD Paine,MEK Hussey,TT Bresnan,2,0,,,,,,,,,
350048,2009,2009-09-17,Trent Bridge,1,26.7,Australia,England,TD Paine,MEK Hussey,TT Bresnan,1,0,,,,,,,,,
350048,2009,2009-09-17,Trent Bridge,1,27.1,Australia,England,TD Paine,MEK Hussey,GP Swann,0,0,,,,,,,,,
350048,2009,2009-09-17,Trent Bridge,1,27.2,Australia,England,TD Paine,MEK Hussey,GP Swann,1,0,,,,,,,,,
350048,2009,2009-09-17,Trent Bridge,1,27.3,Australia,England,MEK Hussey,TD Paine,GP Swann,1,0,,,,,,,,,
350048,2009,2009-09-17,Trent Bridge,1,27.4,Australia,England,TD Paine,MEK Hussey,GP Swann,1,0,,,,,,,,,
350048,2009,2009-09-17,Trent Bridge,1,27.5,Australia,England,MEK Hussey,TD Paine,GP Swann,4,0,,,,,,,,,
350048,2009,2009-09-17,Trent Bridge,1,27.6,Australia,England,MEK Hussey,TD Paine,GP Swann,1,0,,,,,,,,,
350048,2009,2009-09-17,Trent Bridge,1,28.1,Australia,England,MEK Hussey,TD Paine,RS Bopara,1,0,,,,,,,,,
350048,2009,2009-09-17,Trent Bridge,1,28.2,Australia,England,TD Paine,MEK Hussey,RS Bopara,0,0,,,,,,,,,
350048,2009,2009-09-17,Trent Bridge,1,28.3,Australia,England,TD Paine,MEK Hussey,RS Bopara,1,0,,,,,,,,,
350048,2009,2009-09-17,Trent Bridge,1,28.4,Australia,England,MEK Hussey,TD Paine,RS Bopara,2,0,,,,,,,,,
350048,2009,2009-09-17,Trent Bridge,1,28.5,Australia,England,MEK Hussey,TD Paine,RS Bopara,0,0,,,,,,,,,
350048,2009,2009-09-17,Trent Bridge,1,28.6,Australia,England,MEK Hussey,TD Paine,RS Bopara,2,0,,,,,,,,,
350048,2009,2009-09-17,Trent Bridge,1,29.1,Australia,England,TD Paine,MEK Hussey,RJ Sidebottom,0,0,,,,,,,,,
350048,2009,2009-09-17,Trent Bridge,1,29.2,Australia,England,TD Paine,MEK Hussey,RJ Sidebottom,0,0,,,,,,,,,
350048,2009,2009-09-17,Trent Bridge,1,29.3,Australia,England,TD Paine,MEK Hussey,RJ Sidebottom,0,0,,,,,,,,,
350048,2009,2009-09-17,Trent Bridge,1,29.4,Australia,England,TD Paine,MEK Hussey,RJ Sidebottom,1,0,,,,,,,,,
350048,2009,2009-09-17,Trent Bridge,1,29.5,Australia,England,MEK Hussey,TD Paine,RJ Sidebottom,0,0,,,,,,,,,
350048,2009,2009-09-17,Trent Bridge,1,29.6,Australia,England,MEK Hussey,TD Paine,RJ Sidebottom,0,0,,,,,,,,,
350048,2009,2009-09-17,Trent Bridge,1,30.1,Australia,England,TD Paine,MEK Hussey,RS Bopara,4,0,,,,,,,,,
350048,2009,2009-09-17,Trent Bridge,1,30.2,Australia,England,TD Paine,MEK Hussey,RS Bopara,1,0,,,,,,,,,
350048,2009,2009-09-17,Trent Bridge,1,30.3,Australia,England,MEK Hussey,TD Paine,RS Bopara,0,0,,,,,,,,,
350048,2009,2009-09-17,Trent Bridge,1,30.4,Australia,England,MEK Hussey,TD Paine,RS Bopara,0,0,,,,,,,,,
350048,2009,2009-09-17,Trent Bridge,1,30.5,Australia,England,MEK Hussey,TD Paine,RS Bopara,0,0,,,,,,,,,
350048,2009,2009-09-17,Trent Bridge,1,30.6,Australia,England,MEK Hussey,TD Paine,RS Bopara,0,0,,,,,,,,,
350048,2009,2009-09-17,Trent Bridge,1,31.1,Australia,England,TD Paine,MEK Hussey,RJ Sidebottom,4,0,,,,,,,,,
350048,2009,2009-09-17,Trent Bridge,1,31.2,Australia,England,TD Paine,MEK Hussey,RJ Sidebottom,2,0,,,,,,,,,
350048,2009,2009-09-17,Trent Bridge,1,31.3,Australia,England,TD Paine,MEK Hussey,RJ Sidebottom,0,1,,,,1,,,,,
350048,2009,2009-09-17,Trent Bridge,1,31.4,Australia,England,MEK Hussey,TD Paine,RJ Sidebottom,0,0,,,,,,,,,
350048,2009,2009-09-17,Trent Bridge,1,31.5,Australia,England,MEK Hussey,TD Paine,RJ Sidebottom,1,0,,,,,,,,,
350048,2009,2009-09-17,Trent Bridge,1,31.6,Australia,England,TD Paine,MEK Hussey,RJ Sidebottom,1,0,,,,,,,,,
350048,2009,2009-09-17,Trent Bridge,1,32.1,Australia,England,TD Paine,MEK Hussey,JM Anderson,0,0,,,,,,,,,
350048,2009,2009-09-17,Trent Bridge,1,32.2,Australia,England,TD Paine,MEK Hussey,JM Anderson,1,0,,,,,,,,,
350048,2009,2009-09-17,Trent Bridge,1,32.3,Australia,England,MEK Hussey,TD Paine,JM Anderson,1,0,,,,,,,,,
350048,2009,2009-09-17,Trent Bridge,1,32.4,Australia,England,TD Paine,MEK Hussey,JM Anderson,1,0,,,,,,,,,
350048,2009,2009-09-17,Trent Bridge,1,32.5,Australia,England,MEK Hussey,TD Paine,JM Anderson,1,0,,,,,,,,,
350048,2009,2009-09-17,Trent Bridge,1,32.6,Australia,England,TD Paine,MEK Hussey,JM Anderson,0,0,,,,,,,,,
350048,2009,2009-09-17,Trent Bridge,1,33.1,Australia,England,MEK Hussey,TD Paine,RJ Sidebottom,6,0,,,,,,,,,
350048,2009,2009-09-17,Trent Bridge,1,33.2,Australia,England,MEK Hussey,TD Paine,RJ Sidebottom,1,0,,,,,,,,,
350048,2009,2009-09-17,Trent Bridge,1,33.3,Australia,England,TD Paine,MEK Hussey,RJ Sidebottom,0,0,,,,,,,,,
350048,2009,2009-09-17,Trent Bridge,1,33.4,Australia,England,TD Paine,MEK Hussey,RJ Sidebottom,0,0,,,,,,,,,
350048,2009,2009-09-17,Trent Bridge,1,33.5,Australia,England,TD Paine,MEK Hussey,RJ Sidebottom,0,0,,,,,,,,,
350048,2009,2009-09-17,Trent Bridge,1,33.6,Australia,England,TD Paine,MEK Hussey,RJ Sidebottom,0,0,,,,,,,,,
350048,2009,2009-09-17,Trent Bridge,1,34.1,Australia,England,MEK Hussey,TD Paine,AD Mascarenhas,1,0,,,,,,,,,
350048,2009,2009-09-17,Trent Bridge,1,34.2,Australia,England,TD Paine,MEK Hussey,AD Mascarenhas,0,0,,,,,,,,,
350048,2009,2009-09-17,Trent Bridge,1,34.3,Australia,England,TD Paine,MEK Hussey,AD Mascarenhas,0,0,,,,,,,,,
350048,2009,2009-09-17,Trent Bridge,1,34.4,Australia,England,TD Paine,MEK Hussey,AD Mascarenhas,0,0,,,,,,,,,
350048,2009,2009-09-17,Trent Bridge,1,34.5,Australia,England,TD Paine,MEK Hussey,AD Mascarenhas,1,0,,,,,,,,,
350048,2009,2009-09-17,Trent Bridge,1,34.6,Australia,England,MEK Hussey,TD Paine,AD Mascarenhas,1,0,,,,,,,,,
350048,2009,2009-09-17,Trent Bridge,1,35.1,Australia,England,MEK Hussey,TD Paine,GP Swann,1,0,,,,,,,,,
350048,2009,2009-09-17,Trent Bridge,1,35.2,Australia,England,TD Paine,MEK Hussey,GP Swann,1,0,,,,,,,,,
350048,2009,2009-09-17,Trent Bridge,1,35.3,Australia,England,MEK Hussey,TD Paine,GP Swann,1,0,,,,,,,,,
350048,2009,2009-09-17,Trent Bridge,1,35.4,Australia,England,TD Paine,MEK Hussey,GP Swann,0,0,,,,,,,,,
350048,2009,2009-09-17,Trent Bridge,1,35.5,Australia,England,TD Paine,MEK Hussey,GP Swann,0,0,,,,,,,,,
350048,2009,2009-09-17,Trent Bridge,1,35.6,Australia,England,TD Paine,MEK Hussey,GP Swann,1,0,,,,,,,,,
350048,2009,2009-09-17,Trent Bridge,1,36.1,Australia,England,TD Paine,MEK Hussey,AD Mascarenhas,1,0,,,,,,,,,
350048,2009,2009-09-17,Trent Bridge,1,36.2,Australia,England,MEK Hussey,TD Paine,AD Mascarenhas,6,0,,,,,,,,,
350048,2009,2009-09-17,Trent Bridge,1,36.3,Australia,England,MEK Hussey,TD Paine,AD Mascarenhas,1,0,,,,,,,,,
350048,2009,2009-09-17,Trent Bridge,1,36.4,Australia,England,TD Paine,MEK Hussey,AD Mascarenhas,4,0,,,,,,,,,
350048,2009,2009-09-17,Trent Bridge,1,36.5,Australia,England,TD Paine,MEK Hussey,AD Mascarenhas,0,0,,,,,,,,,
350048,2009,2009-09-17,Trent Bridge,1,36.6,Australia,England,TD Paine,MEK Hussey,AD Mascarenhas,0,0,,,,,,,,,
350048,2009,2009-09-17,Trent Bridge,1,37.1,Australia,England,MEK Hussey,TD Paine,GP Swann,0,0,,,,,,,,,
350048,2009,2009-09-17,Trent Bridge,1,37.2,Australia,England,MEK Hussey,TD Paine,GP Swann,1,0,,,,,,,,,
350048,2009,2009-09-17,Trent Bridge,1,37.3,Australia,England,TD Paine,MEK Hussey,GP Swann,1,0,,,,,,,,,
350048,2009,2009-09-17,Trent Bridge,1,37.4,Australia,England,MEK Hussey,TD Paine,GP Swann,1,0,,,,,,,,,
350048,2009,2009-09-17,Trent Bridge,1,37.5,Australia,England,TD Paine,MEK Hussey,GP Swann,1,0,,,,,,,,,
350048,2009,2009-09-17,Trent Bridge,1,37.6,Australia,England,MEK Hussey,TD Paine,GP Swann,0,0,,,,,,,,,
350048,2009,2009-09-17,Trent Bridge,1,38.1,Australia,England,TD Paine,MEK Hussey,TT Bresnan,0,0,,,,,,,,,
350048,2009,2009-09-17,Trent Bridge,1,38.2,Australia,England,TD Paine,MEK Hussey,TT Bresnan,0,0,,,,,,,,,
350048,2009,2009-09-17,Trent Bridge,1,38.3,Australia,England,TD Paine,MEK Hussey,TT Bresnan,0,0,,,,,,,,,
350048,2009,2009-09-17,Trent Bridge,1,38.4,Australia,England,TD Paine,MEK Hussey,TT Bresnan,1,0,,,,,,,,,
350048,2009,2009-09-17,Trent Bridge,1,38.5,Australia,England,MEK Hussey,TD Paine,TT Bresnan,0,0,,,,,,,,,
350048,2009,2009-09-17,Trent Bridge,1,38.6,Australia,England,MEK Hussey,TD Paine,TT Bresnan,0,1,1,,,,,,,,
350048,2009,2009-09-17,Trent Bridge,1,38.7,Australia,England,MEK Hussey,TD Paine,TT Bresnan,0,1,1,,,,,,,,
350048,2009,2009-09-17,Trent Bridge,1,38.8,Australia,England,MEK Hussey,TD Paine,TT Bresnan,2,0,,,,,,,,,
350048,2009,2009-09-17,Trent Bridge,1,39.1,Australia,England,TD Paine,MEK Hussey,GP Swann,1,0,,,,,,,,,
350048,2009,2009-09-17,Trent Bridge,1,39.2,Australia,England,MEK Hussey,TD Paine,GP Swann,0,0,,,,,,caught,MEK Hussey,,
350048,2009,2009-09-17,Trent Bridge,1,39.3,Australia,England,TD Paine,CJ Ferguson,GP Swann,1,0,,,,,,,,,
350048,2009,2009-09-17,Trent Bridge,1,39.4,Australia,England,CJ Ferguson,TD Paine,GP Swann,0,0,,,,,,,,,
350048,2009,2009-09-17,Trent Bridge,1,39.5,Australia,England,CJ Ferguson,TD Paine,GP Swann,0,0,,,,,,,,,
350048,2009,2009-09-17,Trent Bridge,1,39.6,Australia,England,CJ Ferguson,TD Paine,GP Swann,2,0,,,,,,,,,
350048,2009,2009-09-17,Trent Bridge,1,40.1,Australia,England,TD Paine,CJ Ferguson,AD Mascarenhas,0,0,,,,,,,,,
350048,2009,2009-09-17,Trent Bridge,1,40.2,Australia,England,TD Paine,CJ Ferguson,AD Mascarenhas,0,0,,,,,,,,,
350048,2009,2009-09-17,Trent Bridge,1,40.3,Australia,England,TD Paine,CJ Ferguson,AD Mascarenhas,0,0,,,,,,caught,TD Paine,,
350048,2009,2009-09-17,Trent Bridge,1,40.4,Australia,England,CL White,CJ Ferguson,AD Mascarenhas,0,0,,,,,,,,,
350048,2009,2009-09-17,Trent Bridge,1,40.5,Australia,England,CL White,CJ Ferguson,AD Mascarenhas,1,0,,,,,,,,,
350048,2009,2009-09-17,Trent Bridge,1,40.6,Australia,England,CJ Ferguson,CL White,AD Mascarenhas,1,0,,,,,,,,,
350048,2009,2009-09-17,Trent Bridge,1,41.1,Australia,England,CJ Ferguson,CL White,GP Swann,0,0,,,,,,,,,
350048,2009,2009-09-17,Trent Bridge,1,41.2,Australia,England,CJ Ferguson,CL White,GP Swann,1,0,,,,,,,,,
350048,2009,2009-09-17,Trent Bridge,1,41.3,Australia,England,CL White,CJ Ferguson,GP Swann,0,0,,,,,,,,,
350048,2009,2009-09-17,Trent Bridge,1,41.4,Australia,England,CL White,CJ Ferguson,GP Swann,0,2,,,,2,,,,,
350048,2009,2009-09-17,Trent Bridge,1,41.5,Australia,England,CL White,CJ Ferguson,GP Swann,0,0,,,,,,,,,
350048,2009,2009-09-17,Trent Bridge,1,41.6,Australia,England,CL White,CJ Ferguson,GP Swann,1,0,,,,,,,,,
350048,2009,2009-09-17,Trent Bridge,1,42.1,Australia,England,CL White,CJ Ferguson,AD Mascarenhas,1,0,,,,,,,,,
350048,2009,2009-09-17,Trent Bridge,1,42.2,Australia,England,CJ Ferguson,CL White,AD Mascarenhas,1,0,,,,,,,,,
350048,2009,2009-09-17,Trent Bridge,1,42.3,Australia,England,CL White,CJ Ferguson,AD Mascarenhas,0,0,,,,,,,,,
350048,2009,2009-09-17,Trent Bridge,1,42.4,Australia,England,CL White,CJ Ferguson,AD Mascarenhas,4,0,,,,,,,,,
350048,2009,2009-09-17,Trent Bridge,1,42.5,Australia,England,CL White,CJ Ferguson,AD Mascarenhas,1,0,,,,,,,,,
350048,2009,2009-09-17,Trent Bridge,1,42.6,Australia,England,CJ Ferguson,CL White,AD Mascarenhas,1,0,,,,,,,,,
350048,2009,2009-09-17,Trent Bridge,1,43.1,Australia,England,CJ Ferguson,CL White,JM Anderson,0,0,,,,,,bowled,CJ Ferguson,,
350048,2009,2009-09-17,Trent Bridge,1,43.2,Australia,England,JR Hopes,CL White,JM Anderson,4,0,,,,,,,,,
350048,2009,2009-09-17,Trent Bridge,1,43.3,Australia,England,JR Hopes,CL White,JM Anderson,0,0,,,,,,,,,
350048,2009,2009-09-17,Trent Bridge,1,43.4,Australia,England,JR Hopes,CL White,JM Anderson,0,0,,,,,,,,,
350048,2009,2009-09-17,Trent Bridge,1,43.5,Australia,England,JR Hopes,CL White,JM Anderson,4,0,,,,,,,,,
350048,2009,2009-09-17,Trent Bridge,1,43.6,Australia,England,JR Hopes,CL White,JM Anderson,1,0,,,,,,,,,
350048,2009,2009-09-17,Trent Bridge,1,44.1,Australia,England,JR Hopes,CL White,RJ Sidebottom,0,0,,,,,,,,,
350048,2009,2009-09-17,Trent Bridge,1,44.2,Australia,England,JR Hopes,CL White,RJ Sidebottom,1,0,,,,,,,,,
350048,2009,2009-09-17,Trent Bridge,1,44.3,Australia,England,CL White,JR Hopes,RJ Sidebottom,4,0,,,,,,,,,
350048,2009,2009-09-17,Trent Bridge,1,44.4,Australia,England,CL White,JR Hopes,RJ Sidebottom,4,0,,,,,,,,,
350048,2009,2009-09-17,Trent Bridge,1,44.5,Australia,England,CL White,JR Hopes,RJ Sidebottom,1,0,,,,,,,,,
350048,2009,2009-09-17,Trent Bridge,1,44.6,Australia,England,JR Hopes,CL White,RJ Sidebottom,4,0,,,,,,,,,
350048,2009,2009-09-17,Trent Bridge,1,45.1,Australia,England,CL White,JR Hopes,JM Anderson,0,0,,,,,,,,,
350048,2009,2009-09-17,Trent Bridge,1,45.2,Australia,England,CL White,JR Hopes,JM Anderson,1,0,,,,,,,,,
350048,2009,2009-09-17,Trent Bridge,1,45.3,Australia,England,JR Hopes,CL White,JM Anderson,1,0,,,,,,,,,
350048,2009,2009-09-17,Trent Bridge,1,45.4,Australia,England,CL White,JR Hopes,JM Anderson,1,0,,,,,,,,,
350048,2009,2009-09-17,Trent Bridge,1,45.5,Australia,England,JR Hopes,CL White,JM Anderson,4,0,,,,,,,,,
350048,2009,2009-09-17,Trent Bridge,1,45.6,Australia,England,JR Hopes,CL White,JM Anderson,4,0,,,,,,,,,
350048,2009,2009-09-17,Trent Bridge,1,46.1,Australia,England,CL White,JR Hopes,TT Bresnan,1,0,,,,,,,,,
350048,2009,2009-09-17,Trent Bridge,1,46.2,Australia,England,JR Hopes,CL White,TT Bresnan,1,0,,,,,,,,,
350048,2009,2009-09-17,Trent Bridge,1,46.3,Australia,England,CL White,JR Hopes,TT Bresnan,1,0,,,,,,,,,
350048,2009,2009-09-17,Trent Bridge,1,46.4,Australia,England,JR Hopes,CL White,TT Bresnan,1,0,,,,,,,,,
350048,2009,2009-09-17,Trent Bridge,1,46.5,Australia,England,CL White,JR Hopes,TT Bresnan,6,0,,,,,,,,,
350048,2009,2009-09-17,Trent Bridge,1,46.6,Australia,England,CL White,JR Hopes,TT Bresnan,0,0,,,,,,,,,
350048,2009,2009-09-17,Trent Bridge,1,47.1,Australia,England,JR Hopes,CL White,JM Anderson,1,0,,,,,,,,,
350048,2009,2009-09-17,Trent Bridge,1,47.2,Australia,England,CL White,JR Hopes,JM Anderson,4,0,,,,,,,,,
350048,2009,2009-09-17,Trent Bridge,1,47.3,Australia,England,CL White,JR Hopes,JM Anderson,4,0,,,,,,,,,
350048,2009,2009-09-17,Trent Bridge,1,47.4,Australia,England,CL White,JR Hopes,JM Anderson,0,0,,,,,,caught,CL White,,
350048,2009,2009-09-17,Trent Bridge,1,47.5,Australia,England,JR Hopes,B Lee,JM Anderson,0,0,,,,,,,,,
350048,2009,2009-09-17,Trent Bridge,1,47.6,Australia,England,JR Hopes,B Lee,JM Anderson,1,0,,,,,,,,,
350048,2009,2009-09-17,Trent Bridge,1,48.1,Australia,England,JR Hopes,B Lee,TT Bresnan,4,0,,,,,,,,,
350048,2009,2009-09-17,Trent Bridge,1,48.2,Australia,England,JR Hopes,B Lee,TT Bresnan,1,0,,,,,,,,,
350048,2009,2009-09-17,Trent Bridge,1,48.3,Australia,England,B Lee,JR Hopes,TT Bresnan,0,1,,,,1,,,,,
350048,2009,2009-09-17,Trent Bridge,1,48.4,Australia,England,JR Hopes,B Lee,TT Bresnan,1,0,,,,,,run out,B Lee,,
350048,2009,2009-09-17,Trent Bridge,1,48.5,Australia,England,JR Hopes,NM Hauritz,TT Bresnan,1,0,,,,,,,,,
350048,2009,2009-09-17,Trent Bridge,1,48.6,Australia,England,NM Hauritz,JR Hopes,TT Bresnan,1,0,,,,,,,,,
350048,2009,2009-09-17,Trent Bridge,1,49.1,Australia,England,NM Hauritz,JR Hopes,RJ Sidebottom,0,1,,,1,,,,,,
350048,2009,2009-09-17,Trent Bridge,1,49.2,Australia,England,JR Hopes,NM Hauritz,RJ Sidebottom,4,0,,,,,,,,,
350048,2009,2009-09-17,Trent Bridge,1,49.3,Australia,England,JR Hopes,NM Hauritz,RJ Sidebottom,0,0,,,,,,caught,JR Hopes,,
350048,2009,2009-09-17,Trent Bridge,1,49.4,Australia,England,PM Siddle,NM Hauritz,RJ Sidebottom,4,0,,,,,,,,,
350048,2009,2009-09-17,Trent Bridge,1,49.5,Australia,England,PM Siddle,NM Hauritz,RJ Sidebottom,2,0,,,,,,,,,
350048,2009,2009-09-17,Trent Bridge,1,49.6,Australia,England,PM Siddle,NM Hauritz,RJ Sidebottom,2,0,,,,,,,,,
350048,2009,2009-09-17,Trent Bridge,2,0.1,England,Australia,AJ Strauss,JL Denly,B Lee,0,0,,,,,,,,,
350048,2009,2009-09-17,Trent Bridge,2,0.2,England,Australia,AJ Strauss,JL Denly,B Lee,0,0,,,,,,caught,AJ Strauss,,
350048,2009,2009-09-17,Trent Bridge,2,0.3,England,Australia,RS Bopara,JL Denly,B Lee,0,1,,1,,,,,,,
350048,2009,2009-09-17,Trent Bridge,2,0.4,England,Australia,RS Bopara,JL Denly,B Lee,4,0,,,,,,,,,
350048,2009,2009-09-17,Trent Bridge,2,0.5,England,Australia,RS Bopara,JL Denly,B Lee,0,0,,,,,,,,,
350048,2009,2009-09-17,Trent Bridge,2,0.6,England,Australia,RS Bopara,JL Denly,B Lee,0,0,,,,,,,,,
350048,2009,2009-09-17,Trent Bridge,2,0.7,England,Australia,RS Bopara,JL Denly,B Lee,2,0,,,,,,,,,
350048,2009,2009-09-17,Trent Bridge,2,1.1,England,Australia,JL Denly,RS Bopara,NW Bracken,0,1,1,,,,,,,,
350048,2009,2009-09-17,Trent Bridge,2,1.2,England,Australia,JL Denly,RS Bopara,NW Bracken,0,0,,,,,,,,,
350048,2009,2009-09-17,Trent Bridge,2,1.3,England,Australia,JL Denly,RS Bopara,NW Bracken,0,0,,,,,,,,,
350048,2009,2009-09-17,Trent Bridge,2,1.4,England,Australia,JL Denly,RS Bopara,NW Bracken,4,0,,,,,,,,,
350048,2009,2009-09-17,Trent Bridge,2,1.5,England,Australia,JL Denly,RS Bopara,NW Bracken,0,0,,,,,,,,,
350048,2009,2009-09-17,Trent Bridge,2,1.6,England,Australia,JL Denly,RS Bopara,NW Bracken,0,0,,,,,,,,,
350048,2009,2009-09-17,Trent Bridge,2,1.7,England,Australia,JL Denly,RS Bopara,NW Bracken,1,0,,,,,,,,,
350048,2009,2009-09-17,Trent Bridge,2,2.1,England,Australia,JL Denly,RS Bopara,B Lee,0,0,,,,,,,,,
350048,2009,2009-09-17,Trent Bridge,2,2.2,England,Australia,JL Denly,RS Bopara,B Lee,1,0,,,,,,,,,
350048,2009,2009-09-17,Trent Bridge,2,2.3,England,Australia,RS Bopara,JL Denly,B Lee,0,0,,,,,,,,,
350048,2009,2009-09-17,Trent Bridge,2,2.4,England,Australia,RS Bopara,JL Denly,B Lee,0,0,,,,,,,,,
350048,2009,2009-09-17,Trent Bridge,2,2.5,England,Australia,RS Bopara,JL Denly,B Lee,0,0,,,,,,,,,
350048,2009,2009-09-17,Trent Bridge,2,2.6,England,Australia,RS Bopara,JL Denly,B Lee,1,0,,,,,,,,,
350048,2009,2009-09-17,Trent Bridge,2,3.1,England,Australia,RS Bopara,JL Denly,PM Siddle,0,0,,,,,,,,,
350048,2009,2009-09-17,Trent Bridge,2,3.2,England,Australia,RS Bopara,JL Denly,PM Siddle,1,0,,,,,,,,,
350048,2009,2009-09-17,Trent Bridge,2,3.3,England,Australia,JL Denly,RS Bopara,PM Siddle,0,0,,,,,,,,,
350048,2009,2009-09-17,Trent Bridge,2,3.4,England,Australia,JL Denly,RS Bopara,PM Siddle,1,0,,,,,,,,,
350048,2009,2009-09-17,Trent Bridge,2,3.5,England,Australia,RS Bopara,JL Denly,PM Siddle,2,0,,,,,,,,,
350048,2009,2009-09-17,Trent Bridge,2,3.6,England,Australia,RS Bopara,JL Denly,PM Siddle,0,0,,,,,,,,,
350048,2009,2009-09-17,Trent Bridge,2,4.1,England,Australia,JL Denly,RS Bopara,B Lee,0,0,,,,,,,,,
350048,2009,2009-09-17,Trent Bridge,2,4.2,England,Australia,JL Denly,RS Bopara,B Lee,0,0,,,,,,,,,
350048,2009,2009-09-17,Trent Bridge,2,4.3,England,Australia,JL Denly,RS Bopara,B Lee,0,0,,,,,,,,,
350048,2009,2009-09-17,Trent Bridge,2,4.4,England,Australia,JL Denly,RS Bopara,B Lee,4,0,,,,,,,,,
350048,2009,2009-09-17,Trent Bridge,2,4.5,England,Australia,JL Denly,RS Bopara,B Lee,0,0,,,,,,,,,
350048,2009,2009-09-17,Trent Bridge,2,4.6,England,Australia,JL Denly,RS Bopara,B Lee,0,0,,,,,,,,,
350048,2009,2009-09-17,Trent Bridge,2,5.1,England,Australia,RS Bopara,JL Denly,PM Siddle,1,0,,,,,,,,,
350048,2009,2009-09-17,Trent Bridge,2,5.2,England,Australia,JL Denly,RS Bopara,PM Siddle,0,0,,,,,,,,,
350048,2009,2009-09-17,Trent Bridge,2,5.3,England,Australia,JL Denly,RS Bopara,PM Siddle,0,0,,,,,,,,,
350048,2009,2009-09-17,Trent Bridge,2,5.4,England,Australia,JL Denly,RS Bopara,PM Siddle,1,0,,,,,,,,,
350048,2009,2009-09-17,Trent Bridge,2,5.5,England,Australia,RS Bopara,JL Denly,PM Siddle,0,0,,,,,,,,,
350048,2009,2009-09-17,Trent Bridge,2,5.6,England,Australia,RS Bopara,JL Denly,PM Siddle,0,0,,,,,,,,,
350048,2009,2009-09-17,Trent Bridge,2,6.1,England,Australia,JL Denly,RS Bopara,B Lee,0,0,,,,,,,,,
350048,2009,2009-09-17,Trent Bridge,2,6.2,England,Australia,JL Denly,RS Bopara,B Lee,0,0,,,,,,,,,
350048,2009,2009-09-17,Trent Bridge,2,6.3,England,Australia,JL Denly,RS Bopara,B Lee,0,0,,,,,,,,,
350048,2009,2009-09-17,Trent Bridge,2,6.4,England,Australia,JL Denly,RS Bopara,B Lee,4,0,,,,,,,,,
350048,2009,2009-09-17,Trent Bridge,2,6.5,England,Australia,JL Denly,RS Bopara,B Lee,0,0,,,,,,,,,
350048,2009,2009-09-17,Trent Bridge,2,6.6,England,Australia,JL Denly,RS Bopara,B Lee,0,0,,,,,,,,,
350048,2009,2009-09-17,Trent Bridge,2,7.1,England,Australia,RS Bopara,JL Denly,PM Siddle,3,0,,,,,,,,,
350048,2009,2009-09-17,Trent Bridge,2,7.2,England,Australia,JL Denly,RS Bopara,PM Siddle,0,0,,,,,,,,,
350048,2009,2009-09-17,Trent Bridge,2,7.3,England,Australia,JL Denly,RS Bopara,PM Siddle,0,0,,,,,,,,,
350048,2009,2009-09-17,Trent Bridge,2,7.4,England,Australia,JL Denly,RS Bopara,PM Siddle,0,0,,,,,,,,,
350048,2009,2009-09-17,Trent Bridge,2,7.5,England,Australia,JL Denly,RS Bopara,PM Siddle,0,0,,,,,,,,,
350048,2009,2009-09-17,Trent Bridge,2,7.6,England,Australia,JL Denly,RS Bopara,PM Siddle,1,0,,,,,,,,,
350048,2009,2009-09-17,Trent Bridge,2,8.1,England,Australia,JL Denly,RS Bopara,JR Hopes,0,0,,,,,,,,,
350048,2009,2009-09-17,Trent Bridge,2,8.2,England,Australia,JL Denly,RS Bopara,JR Hopes,6,0,,,,,,,,,
350048,2009,2009-09-17,Trent Bridge,2,8.3,England,Australia,JL Denly,RS Bopara,JR Hopes,0,0,,,,,,,,,
350048,2009,2009-09-17,Trent Bridge,2,8.4,England,Australia,JL Denly,RS Bopara,JR Hopes,0,0,,,,,,,,,
350048,2009,2009-09-17,Trent Bridge,2,8.5,England,Australia,JL Denly,RS Bopara,JR Hopes,0,0,,,,,,,,,
350048,2009,2009-09-17,Trent Bridge,2,8.6,England,Australia,JL Denly,RS Bopara,JR Hopes,0,0,,,,,,,,,
350048,2009,2009-09-17,Trent Bridge,2,9.1,England,Australia,RS Bopara,JL Denly,PM Siddle,1,0,,,,,,,,,
350048,2009,2009-09-17,Trent Bridge,2,9.2,England,Australia,JL Denly,RS Bopara,PM Siddle,0,0,,,,,,,,,
350048,2009,2009-09-17,Trent Bridge,2,9.3,England,Australia,JL Denly,RS Bopara,PM Siddle,1,0,,,,,,,,,
350048,2009,2009-09-17,Trent Bridge,2,9.4,England,Australia,RS Bopara,JL Denly,PM Siddle,1,0,,,,,,,,,
350048,2009,2009-09-17,Trent Bridge,2,9.5,England,Australia,JL Denly,RS Bopara,PM Siddle,0,0,,,,,,,,,
350048,2009,2009-09-17,Trent Bridge,2,9.6,England,Australia,JL Denly,RS Bopara,PM Siddle,0,0,,,,,,,,,
350048,2009,2009-09-17,Trent Bridge,2,10.1,England,Australia,RS Bopara,JL Denly,JR Hopes,1,0,,,,,,,,,
350048,2009,2009-09-17,Trent Bridge,2,10.2,England,Australia,JL Denly,RS Bopara,JR Hopes,1,0,,,,,,,,,
350048,2009,2009-09-17,Trent Bridge,2,10.3,England,Australia,RS Bopara,JL Denly,JR Hopes,1,0,,,,,,,,,
350048,2009,2009-09-17,Trent Bridge,2,10.4,England,Australia,JL Denly,RS Bopara,JR Hopes,0,0,,,,,,,,,
350048,2009,2009-09-17,Trent Bridge,2,10.5,England,Australia,JL Denly,RS Bopara,JR Hopes,0,0,,,,,,caught,JL Denly,,
350048,2009,2009-09-17,Trent Bridge,2,10.6,England,Australia,RS Bopara,MJ Prior,JR Hopes,1,0,,,,,,,,,
350048,2009,2009-09-17,Trent Bridge,2,11.1,England,Australia,RS Bopara,MJ Prior,PM Siddle,0,0,,,,,,,,,
350048,2009,2009-09-17,Trent Bridge,2,11.2,England,Australia,RS Bopara,MJ Prior,PM Siddle,0,0,,,,,,,,,
350048,2009,2009-09-17,Trent Bridge,2,11.3,England,Australia,RS Bopara,MJ Prior,PM Siddle,1,0,,,,,,,,,
350048,2009,2009-09-17,Trent Bridge,2,11.4,England,Australia,MJ Prior,RS Bopara,PM Siddle,0,0,,,,,,,,,
350048,2009,2009-09-17,Trent Bridge,2,11.5,England,Australia,MJ Prior,RS Bopara,PM Siddle,0,0,,,,,,,,,
350048,2009,2009-09-17,Trent Bridge,2,11.6,England,Australia,MJ Prior,RS Bopara,PM Siddle,0,0,,,,,,,,,
350048,2009,2009-09-17,Trent Bridge,2,12.1,England,Australia,RS Bopara,MJ Prior,JR Hopes,1,0,,,,,,,,,
350048,2009,2009-09-17,Trent Bridge,2,12.2,England,Australia,MJ Prior,RS Bopara,JR Hopes,0,0,,,,,,,,,
350048,2009,2009-09-17,Trent Bridge,2,12.3,England,Australia,MJ Prior,RS Bopara,JR Hopes,0,0,,,,,,,,,
350048,2009,2009-09-17,Trent Bridge,2,12.4,England,Australia,MJ Prior,RS Bopara,JR Hopes,1,0,,,,,,,,,
350048,2009,2009-09-17,Trent Bridge,2,12.5,England,Australia,RS Bopara,MJ Prior,JR Hopes,0,0,,,,,,,,,
350048,2009,2009-09-17,Trent Bridge,2,12.6,England,Australia,RS Bopara,MJ Prior,JR Hopes,2,0,,,,,,,,,
350048,2009,2009-09-17,Trent Bridge,2,13.1,England,Australia,MJ Prior,RS Bopara,NW Bracken,1,0,,,,,,,,,
350048,2009,2009-09-17,Trent Bridge,2,13.2,England,Australia,RS Bopara,MJ Prior,NW Bracken,0,0,,,,,,,,,
350048,2009,2009-09-17,Trent Bridge,2,13.3,England,Australia,RS Bopara,MJ Prior,NW Bracken,0,0,,,,,,,,,
350048,2009,2009-09-17,Trent Bridge,2,13.4,England,Australia,RS Bopara,MJ Prior,NW Bracken,1,0,,,,,,,,,
350048,2009,2009-09-17,Trent Bridge,2,13.5,England,Australia,MJ Prior,RS Bopara,NW Bracken,4,0,,,,,,,,,
350048,2009,2009-09-17,Trent Bridge,2,13.6,England,Australia,MJ Prior,RS Bopara,NW Bracken,0,2,2,,,,,,,,
350048,2009,2009-09-17,Trent Bridge,2,13.7,England,Australia,RS Bopara,MJ Prior,NW Bracken,0,0,,,,,,run out,MJ Prior,,
350048,2009,2009-09-17,Trent Bridge,2,14.1,England,Australia,OA Shah,RS Bopara,JR Hopes,0,0,,,,,,,,,
350048,2009,2009-09-17,Trent Bridge,2,14.2,England,Australia,OA Shah,RS Bopara,JR Hopes,0,0,,,,,,,,,
350048,2009,2009-09-17,Trent Bridge,2,14.3,England,Australia,OA Shah,RS Bopara,JR Hopes,0,0,,,,,,,,,
350048,2009,2009-09-17,Trent Bridge,2,14.4,England,Australia,OA Shah,RS Bopara,JR Hopes,1,0,,,,,,,,,
350048,2009,2009-09-17,Trent Bridge,2,14.5,England,Australia,RS Bopara,OA Shah,JR Hopes,0,0,,,,,,run out,RS Bopara,,
350048,2009,2009-09-17,Trent Bridge,2,14.6,England,Australia,OA Shah,EJG Morgan,JR Hopes,0,0,,,,,,,,,
350048,2009,2009-09-17,Trent Bridge,2,15.1,England,Australia,EJG Morgan,OA Shah,NW Bracken,0,0,,,,,,,,,
350048,2009,2009-09-17,Trent Bridge,2,15.2,England,Australia,EJG Morgan,OA Shah,NW Bracken,0,0,,,,,,,,,
350048,2009,2009-09-17,Trent Bridge,2,15.3,England,Australia,EJG Morgan,OA Shah,NW Bracken,0,0,,,,,,,,,
350048,2009,2009-09-17,Trent Bridge,2,15.4,England,Australia,EJG Morgan,OA Shah,NW Bracken,0,0,,,,,,,,,
350048,2009,2009-09-17,Trent Bridge,2,15.5,England,Australia,EJG Morgan,OA Shah,NW Bracken,1,0,,,,,,,,,
350048,2009,2009-09-17,Trent Bridge,2,15.6,England,Australia,OA Shah,EJG Morgan,NW Bracken,0,0,,,,,,,,,
350048,2009,2009-09-17,Trent Bridge,2,16.1,England,Australia,EJG Morgan,OA Shah,JR Hopes,1,0,,,,,,,,,
350048,2009,2009-09-17,Trent Bridge,2,16.2,England,Australia,OA Shah,EJG Morgan,JR Hopes,1,0,,,,,,,,,
350048,2009,2009-09-17,Trent Bridge,2,16.3,England,Australia,EJG Morgan,OA Shah,JR Hopes,0,0,,,,,,,,,
350048,2009,2009-09-17,Trent Bridge,2,16.4,England,Australia,EJG Morgan,OA Shah,JR Hopes,1,0,,,,,,,,,
350048,2009,2009-09-17,Trent Bridge,2,16.5,England,Australia,OA Shah,EJG Morgan,JR Hopes,0,0,,,,,,,,,
350048,2009,2009-09-17,Trent Bridge,2,16.6,England,Australia,OA Shah,EJG Morgan,JR Hopes,0,0,,,,,,,,,
350048,2009,2009-09-17,Trent Bridge,2,17.1,England,Australia,EJG Morgan,OA Shah,NW Bracken,0,0,,,,,,,,,
350048,2009,2009-09-17,Trent Bridge,2,17.2,England,Australia,EJG Morgan,OA Shah,NW Bracken,1,0,,,,,,,,,
350048,2009,2009-09-17,Trent Bridge,2,17.3,England,Australia,OA Shah,EJG Morgan,NW Bracken,1,0,,,,,,,,,
350048,2009,2009-09-17,Trent Bridge,2,17.4,England,Australia,EJG Morgan,OA Shah,NW Bracken,1,0,,,,,,,,,
350048,2009,2009-09-17,Trent Bridge,2,17.5,England,Australia,OA Shah,EJG Morgan,NW Bracken,0,0,,,,,,,,,
350048,2009,2009-09-17,Trent Bridge,2,17.6,England,Australia,OA Shah,EJG Morgan,NW Bracken,1,0,,,,,,,,,
350048,2009,2009-09-17,Trent Bridge,2,18.1,England,Australia,OA Shah,EJG Morgan,NM Hauritz,2,0,,,,,,,,,
350048,2009,2009-09-17,Trent Bridge,2,18.2,England,Australia,OA Shah,EJG Morgan,NM Hauritz,1,0,,,,,,,,,
350048,2009,2009-09-17,Trent Bridge,2,18.3,England,Australia,EJG Morgan,OA Shah,NM Hauritz,1,0,,,,,,,,,
350048,2009,2009-09-17,Trent Bridge,2,18.4,England,Australia,OA Shah,EJG Morgan,NM Hauritz,1,0,,,,,,,,,
350048,2009,2009-09-17,Trent Bridge,2,18.5,England,Australia,EJG Morgan,OA Shah,NM Hauritz,0,0,,,,,,,,,
350048,2009,2009-09-17,Trent Bridge,2,18.6,England,Australia,EJG Morgan,OA Shah,NM Hauritz,0,0,,,,,,,,,
350048,2009,2009-09-17,Trent Bridge,2,19.1,England,Australia,OA Shah,EJG Morgan,NW Bracken,0,0,,,,,,,,,
350048,2009,2009-09-17,Trent Bridge,2,19.2,England,Australia,OA Shah,EJG Morgan,NW Bracken,1,0,,,,,,,,,
350048,2009,2009-09-17,Trent Bridge,2,19.3,England,Australia,EJG Morgan,OA Shah,NW Bracken,1,0,,,,,,,,,
350048,2009,2009-09-17,Trent Bridge,2,19.4,England,Australia,OA Shah,EJG Morgan,NW Bracken,1,0,,,,,,,,,
350048,2009,2009-09-17,Trent Bridge,2,19.5,England,Australia,EJG Morgan,OA Shah,NW Bracken,1,0,,,,,,,,,
350048,2009,2009-09-17,Trent Bridge,2,19.6,England,Australia,OA Shah,EJG Morgan,NW Bracken,1,0,,,,,,,,,
350048,2009,2009-09-17,Trent Bridge,2,20.1,England,Australia,OA Shah,EJG Morgan,NM Hauritz,1,0,,,,,,,,,
350048,2009,2009-09-17,Trent Bridge,2,20.2,England,Australia,EJG Morgan,OA Shah,NM Hauritz,0,0,,,,,,,,,
350048,2009,2009-09-17,Trent Bridge,2,20.3,England,Australia,EJG Morgan,OA Shah,NM Hauritz,4,0,,,,,,,,,
350048,2009,2009-09-17,Trent Bridge,2,20.4,England,Australia,EJG Morgan,OA Shah,NM Hauritz,0,0,,,,,,,,,
350048,2009,2009-09-17,Trent Bridge,2,20.5,England,Australia,EJG Morgan,OA Shah,NM Hauritz,4,0,,,,,,,,,
350048,2009,2009-09-17,Trent Bridge,2,20.6,England,Australia,EJG Morgan,OA Shah,NM Hauritz,1,0,,,,,,,,,
350048,2009,2009-09-17,Trent Bridge,2,21.1,England,Australia,EJG Morgan,OA Shah,NW Bracken,1,0,,,,,,,,,
350048,2009,2009-09-17,Trent Bridge,2,21.2,England,Australia,OA Shah,EJG Morgan,NW Bracken,1,0,,,,,,,,,
350048,2009,2009-09-17,Trent Bridge,2,21.3,England,Australia,EJG Morgan,OA Shah,NW Bracken,0,0,,,,,,,,,
350048,2009,2009-09-17,Trent Bridge,2,21.4,England,Australia,EJG Morgan,OA Shah,NW Bracken,1,0,,,,,,,,,
350048,2009,2009-09-17,Trent Bridge,2,21.5,England,Australia,OA Shah,EJG Morgan,NW Bracken,1,0,,,,,,,,,
350048,2009,2009-09-17,Trent Bridge,2,21.6,England,Australia,EJG Morgan,OA Shah,NW Bracken,1,0,,,,,,,,,
350048,2009,2009-09-17,Trent Bridge,2,22.1,England,Australia,EJG Morgan,OA Shah,NM Hauritz,1,0,,,,,,,,,
350048,2009,2009-09-17,Trent Bridge,2,22.2,England,Australia,OA Shah,EJG Morgan,NM Hauritz,4,0,,,,,,,,,
350048,2009,2009-09-17,Trent Bridge,2,22.3,England,Australia,OA Shah,EJG Morgan,NM Hauritz,0,0,,,,,,,,,
350048,2009,2009-09-17,Trent Bridge,2,22.4,England,Australia,OA Shah,EJG Morgan,NM Hauritz,0,0,,,,,,,,,
350048,2009,2009-09-17,Trent Bridge,2,22.5,England,Australia,OA Shah,EJG Morgan,NM Hauritz,0,0,,,,,,,,,
350048,2009,2009-09-17,Trent Bridge,2,22.6,England,Australia,OA Shah,EJG Morgan,NM Hauritz,0,0,,,,,,,,,
350048,2009,2009-09-17,Trent Bridge,2,23.1,England,Australia,EJG Morgan,OA Shah,NW Bracken,2,0,,,,,,,,,
350048,2009,2009-09-17,Trent Bridge,2,23.2,England,Australia,EJG Morgan,OA Shah,NW Bracken,0,0,,,,,,caught,EJG Morgan,,
350048,2009,2009-09-17,Trent Bridge,2,23.3,England,Australia,OA Shah,AD Mascarenhas,NW Bracken,0,0,,,,,,,,,
350048,2009,2009-09-17,Trent Bridge,2,23.4,England,Australia,OA Shah,AD Mascarenhas,NW Bracken,0,0,,,,,,,,,
350048,2009,2009-09-17,Trent Bridge,2,23.5,England,Australia,OA Shah,AD Mascarenhas,NW Bracken,1,0,,,,,,,,,
350048,2009,2009-09-17,Trent Bridge,2,23.6,England,Australia,AD Mascarenhas,OA Shah,NW Bracken,0,0,,,,,,,,,
350048,2009,2009-09-17,Trent Bridge,2,24.1,England,Australia,OA Shah,AD Mascarenhas,NM Hauritz,0,0,,,,,,,,,
350048,2009,2009-09-17,Trent Bridge,2,24.2,England,Australia,OA Shah,AD Mascarenhas,NM Hauritz,0,5,5,,,,,,,,
350048,2009,2009-09-17,Trent Bridge,2,24.3,England,Australia,OA Shah,AD Mascarenhas,NM Hauritz,0,0,,,,,,,,,
350048,2009,2009-09-17,Trent Bridge,2,24.4,England,Australia,OA Shah,AD Mascarenhas,NM Hauritz,1,0,,,,,,,,,
350048,2009,2009-09-17,Trent Bridge,2,24.5,England,Australia,AD Mascarenhas,OA Shah,NM Hauritz,0,0,,,,,,,,,
350048,2009,2009-09-17,Trent Bridge,2,24.6,England,Australia,AD Mascarenhas,OA Shah,NM Hauritz,0,0,,,,,,,,,
350048,2009,2009-09-17,Trent Bridge,2,24.7,England,Australia,AD Mascarenhas,OA Shah,NM Hauritz,0,0,,,,,,,,,
350048,2009,2009-09-17,Trent Bridge,2,25.1,England,Australia,OA Shah,AD Mascarenhas,NW Bracken,1,0,,,,,,,,,
350048,2009,2009-09-17,Trent Bridge,2,25.2,England,Australia,AD Mascarenhas,OA Shah,NW Bracken,0,0,,,,,,,,,
350048,2009,2009-09-17,Trent Bridge,2,25.3,England,Australia,AD Mascarenhas,OA Shah,NW Bracken,0,0,,,,,,,,,
350048,2009,2009-09-17,Trent Bridge,2,25.4,England,Australia,AD Mascarenhas,OA Shah,NW Bracken,0,0,,,,,,,,,
350048,2009,2009-09-17,Trent Bridge,2,25.5,England,Australia,AD Mascarenhas,OA Shah,NW Bracken,0,0,,,,,,,,,
350048,2009,2009-09-17,Trent Bridge,2,25.6,England,Australia,AD Mascarenhas,OA Shah,NW Bracken,1,0,,,,,,,,,
350048,2009,2009-09-17,Trent Bridge,2,26.1,England,Australia,AD Mascarenhas,OA Shah,NM Hauritz,0,0,,,,,,,,,
350048,2009,2009-09-17,Trent Bridge,2,26.2,England,Australia,AD Mascarenhas,OA Shah,NM Hauritz,1,1,,1,,,,,,,
350048,2009,2009-09-17,Trent Bridge,2,26.3,England,Australia,OA Shah,AD Mascarenhas,NM Hauritz,1,0,,,,,,,,,
350048,2009,2009-09-17,Trent Bridge,2,26.4,England,Australia,AD Mascarenhas,OA Shah,NM Hauritz,0,0,,,,,,,,,
350048,2009,2009-09-17,Trent Bridge,2,26.5,England,Australia,AD Mascarenhas,OA Shah,NM Hauritz,1,0,,,,,,,,,
350048,2009,2009-09-17,Trent Bridge,2,26.6,England,Australia,OA Shah,AD Mascarenhas,NM Hauritz,0,0,,,,,,,,,
350048,2009,2009-09-17,Trent Bridge,2,26.7,England,Australia,OA Shah,AD Mascarenhas,NM Hauritz,1,0,,,,,,,,,
350048,2009,2009-09-17,Trent Bridge,2,27.1,England,Australia,OA Shah,AD Mascarenhas,JR Hopes,0,0,,,,,,,,,
350048,2009,2009-09-17,Trent Bridge,2,27.2,England,Australia,OA Shah,AD Mascarenhas,JR Hopes,0,0,,,,,,caught,OA Shah,,
350048,2009,2009-09-17,Trent Bridge,2,27.3,England,Australia,TT Bresnan,AD Mascarenhas,JR Hopes,0,0,,,,,,,,,
350048,2009,2009-09-17,Trent Bridge,2,27.4,England,Australia,TT Bresnan,AD Mascarenhas,JR Hopes,0,0,,,,,,,,,
350048,2009,2009-09-17,Trent Bridge,2,27.5,England,Australia,TT Bresnan,AD Mascarenhas,JR Hopes,1,0,,,,,,,,,
350048,2009,2009-09-17,Trent Bridge,2,27.6,England,Australia,AD Mascarenhas,TT Bresnan,JR Hopes,2,0,,,,,,,,,
350048,2009,2009-09-17,Trent Bridge,2,28.1,England,Australia,TT Bresnan,AD Mascarenhas,NM Hauritz,1,0,,,,,,,,,
350048,2009,2009-09-17,Trent Bridge,2,28.2,England,Australia,AD Mascarenhas,TT Bresnan,NM Hauritz,6,0,,,,,,,,,
350048,2009,2009-09-17,Trent Bridge,2,28.3,England,Australia,AD Mascarenhas,TT Bresnan,NM Hauritz,0,0,,,,,,,,,
350048,2009,2009-09-17,Trent Bridge,2,28.4,England,Australia,AD Mascarenhas,TT Bresnan,NM Hauritz,0,0,,,,,,,,,
350048,2009,2009-09-17,Trent Bridge,2,28.5,England,Australia,AD Mascarenhas,TT Bresnan,NM Hauritz,0,0,,,,,,,,,
350048,2009,2009-09-17,Trent Bridge,2,28.6,England,Australia,AD Mascarenhas,TT Bresnan,NM Hauritz,0,0,,,,,,,,,
350048,2009,2009-09-17,Trent Bridge,2,29.1,England,Australia,TT Bresnan,AD Mascarenhas,JR Hopes,0,0,,,,,,,,,
350048,2009,2009-09-17,Trent Bridge,2,29.2,England,Australia,TT Bresnan,AD Mascarenhas,JR Hopes,0,0,,,,,,,,,
350048,2009,2009-09-17,Trent Bridge,2,29.3,England,Australia,TT Bresnan,AD Mascarenhas,JR Hopes,1,0,,,,,,,,,
350048,2009,2009-09-17,Trent Bridge,2,29.4,England,Australia,AD Mascarenhas,TT Bresnan,JR Hopes,0,0,,,,,,bowled,AD Mascarenhas,,
350048,2009,2009-09-17,Trent Bridge,2,29.5,England,Australia,GP Swann,TT Bresnan,JR Hopes,1,0,,,,,,,,,
350048,2009,2009-09-17,Trent Bridge,2,29.6,England,Australia,TT Bresnan,GP Swann,JR Hopes,0,0,,,,,,,,,
350048,2009,2009-09-17,Trent Bridge,2,30.1,England,Australia,GP Swann,TT Bresnan,B Lee,0,0,,,,,,,,,
350048,2009,2009-09-17,Trent Bridge,2,30.2,England,Australia,GP Swann,TT Bresnan,B Lee,1,0,,,,,,,,,
350048,2009,2009-09-17,Trent Bridge,2,30.3,England,Australia,TT Bresnan,GP Swann,B Lee,0,0,,,,,,,,,
350048,2009,2009-09-17,Trent Bridge,2,30.4,England,Australia,TT Bresnan,GP Swann,B Lee,2,0,,,,,,,,,
350048,2009,2009-09-17,Trent Bridge,2,30.5,England,Australia,TT Bresnan,GP Swann,B Lee,4,0,,,,,,,,,
350048,2009,2009-09-17,Trent Bridge,2,30.6,England,Australia,TT Bresnan,GP Swann,B Lee,1,0,,,,,,,,,
350048,2009,2009-09-17,Trent Bridge,2,31.1,England,Australia,TT Bresnan,GP Swann,JR Hopes,1,0,,,,,,,,,
350048,2009,2009-09-17,Trent Bridge,2,31.2,England,Australia,GP Swann,TT Bresnan,JR Hopes,0,0,,,,,,,,,
350048,2009,2009-09-17,Trent Bridge,2,31.3,England,Australia,GP Swann,TT Bresnan,JR Hopes,0,1,,,,1,,,,,
350048,2009,2009-09-17,Trent Bridge,2,31.4,England,Australia,TT Bresnan,GP Swann,JR Hopes,1,0,,,,,,,,,
350048,2009,2009-09-17,Trent Bridge,2,31.5,England,Australia,GP Swann,TT Bresnan,JR Hopes,1,0,,,,,,,,,
350048,2009,2009-09-17,Trent Bridge,2,31.6,England,Australia,TT Bresnan,GP Swann,JR Hopes,1,0,,,,,,,,,
350048,2009,2009-09-17,Trent Bridge,2,32.1,England,Australia,TT Bresnan,GP Swann,B Lee,4,0,,,,,,,,,
350048,2009,2009-09-17,Trent Bridge,2,32.2,England,Australia,TT Bresnan,GP Swann,B Lee,0,0,,,,,,,,,
350048,2009,2009-09-17,Trent Bridge,2,32.3,England,Australia,TT Bresnan,GP Swann,B Lee,0,0,,,,,,,,,
350048,2009,2009-09-17,Trent Bridge,2,32.4,England,Australia,TT Bresnan,GP Swann,B Lee,0,1,,,,1,,,,,
350048,2009,2009-09-17,Trent Bridge,2,32.5,England,Australia,GP Swann,TT Bresnan,B Lee,0,1,,1,,,,,,,
350048,2009,2009-09-17,Trent Bridge,2,32.6,England,Australia,GP Swann,TT Bresnan,B Lee,4,0,,,,,,,,,
350048,2009,2009-09-17,Trent Bridge,2,32.7,England,Australia,GP Swann,TT Bresnan,B Lee,1,0,,,,,,,,,
350048,2009,2009-09-17,Trent Bridge,2,33.1,England,Australia,GP Swann,TT Bresnan,JR Hopes,0,0,,,,,,,,,
350048,2009,2009-09-17,Trent Bridge,2,33.2,England,Australia,GP Swann,TT Bresnan,JR Hopes,0,0,,,,,,,,,
350048,2009,2009-09-17,Trent Bridge,2,33.3,England,Australia,GP Swann,TT Bresnan,JR Hopes,1,0,,,,,,,,,
350048,2009,2009-09-17,Trent Bridge,2,33.4,England,Australia,TT Bresnan,GP Swann,JR Hopes,0,0,,,,,,,,,
350048,2009,2009-09-17,Trent Bridge,2,33.5,England,Australia,TT Bresnan,GP Swann,JR Hopes,4,0,,,,,,,,,
350048,2009,2009-09-17,Trent Bridge,2,33.6,England,Australia,TT Bresnan,GP Swann,JR Hopes,0,0,,,,,,,,,
350048,2009,2009-09-17,Trent Bridge,2,34.1,England,Australia,GP Swann,TT Bresnan,NW Bracken,1,0,,,,,,,,,
350048,2009,2009-09-17,Trent Bridge,2,34.2,England,Australia,TT Bresnan,GP Swann,NW Bracken,0,0,,,,,,,,,
350048,2009,2009-09-17,Trent Bridge,2,34.3,England,Australia,TT Bresnan,GP Swann,NW Bracken,1,0,,,,,,,,,
350048,2009,2009-09-17,Trent Bridge,2,34.4,England,Australia,GP Swann,TT Bresnan,NW Bracken,2,0,,,,,,,,,
350048,2009,2009-09-17,Trent Bridge,2,34.5,England,Australia,GP Swann,TT Bresnan,NW Bracken,0,0,,,,,,bowled,GP Swann,,
350048,2009,2009-09-17,Trent Bridge,2,34.6,England,Australia,RJ Sidebottom,TT Bresnan,NW Bracken,0,0,,,,,,,,,
350048,2009,2009-09-17,Trent Bridge,2,35.1,England,Australia,TT Bresnan,RJ Sidebottom,PM Siddle,0,0,,,,,,,,,
350048,2009,2009-09-17,Trent Bridge,2,35.2,England,Australia,TT Bresnan,RJ Sidebottom,PM Siddle,1,0,,,,,,,,,
350048,2009,2009-09-17,Trent Bridge,2,35.3,England,Australia,RJ Sidebottom,TT Bresnan,PM Siddle,0,0,,,,,,,,,
350048,2009,2009-09-17,Trent Bridge,2,35.4,England,Australia,RJ Sidebottom,TT Bresnan,PM Siddle,0,0,,,,,,,,,
350048,2009,2009-09-17,Trent Bridge,2,35.5,England,Australia,RJ Sidebottom,TT Bresnan,PM Siddle,0,0,,,,,,,,,
350048,2009,2009-09-17,Trent Bridge,2,35.6,England,Australia,RJ Sidebottom,TT Bresnan,PM Siddle,0,0,,,,,,,,,
350048,2009,2009-09-17,Trent Bridge,2,36.1,England,Australia,TT Bresnan,RJ Sidebottom,NW Bracken,2,0,,,,,,,,,
350048,2009,2009-09-17,Trent Bridge,2,36.2,England,Australia,TT Bresnan,RJ Sidebottom,NW Bracken,0,0,,,,,,,,,
350048,2009,2009-09-17,Trent Bridge,2,36.3,England,Australia,TT Bresnan,RJ Sidebottom,NW Bracken,0,0,,,,,,,,,
350048,2009,2009-09-17,Trent Bridge,2,36.4,England,Australia,TT Bresnan,RJ Sidebottom,NW Bracken,0,0,,,,,,,,,
350048,2009,2009-09-17,Trent Bridge,2,36.5,England,Australia,TT Bresnan,RJ Sidebottom,NW Bracken,1,0,,,,,,,,,
350048,2009,2009-09-17,Trent Bridge,2,36.6,England,Australia,RJ Sidebottom,TT Bresnan,NW Bracken,1,0,,,,,,,,,
350048,2009,2009-09-17,Trent Bridge,2,37.1,England,Australia,RJ Sidebottom,TT Bresnan,PM Siddle,0,0,,,,,,,,,
350048,2009,2009-09-17,Trent Bridge,2,37.2,England,Australia,RJ Sidebottom,TT Bresnan,PM Siddle,1,0,,,,,,,,,
350048,2009,2009-09-17,Trent Bridge,2,37.3,England,Australia,TT Bresnan,RJ Sidebottom,PM Siddle,0,0,,,,,,,,,
350048,2009,2009-09-17,Trent Bridge,2,37.4,England,Australia,TT Bresnan,RJ Sidebottom,PM Siddle,1,0,,,,,,,,,
350048,2009,2009-09-17,Trent Bridge,2,37.5,England,Australia,RJ Sidebottom,TT Bresnan,PM Siddle,4,0,,,,,,,,,
350048,2009,2009-09-17,Trent Bridge,2,37.6,England,Australia,RJ Sidebottom,TT Bresnan,PM Siddle,1,0,,,,,,,,,
350048,2009,2009-09-17,Trent Bridge,2,38.1,England,Australia,RJ Sidebottom,TT Bresnan,B Lee,2,0,,,,,,,,,
350048,2009,2009-09-17,Trent Bridge,2,38.2,England,Australia,RJ Sidebottom,TT Bresnan,B Lee,5,0,,,,,,,,,
350048,2009,2009-09-17,Trent Bridge,2,38.3,England,Australia,TT Bresnan,RJ Sidebottom,B Lee,1,0,,,,,,,,,
350048,2009,2009-09-17,Trent Bridge,2,38.4,England,Australia,RJ Sidebottom,TT Bresnan,B Lee,0,1,,,,1,,,,,
350048,2009,2009-09-17,Trent Bridge,2,38.5,England,Australia,TT Bresnan,RJ Sidebottom,B Lee,1,0,,,,,,,,,
350048,2009,2009-09-17,Trent Bridge,2,38.6,England,Australia,RJ Sidebottom,TT Bresnan,B Lee,1,0,,,,,,,,,
350048,2009,2009-09-17,Trent Bridge,2,39.1,England,Australia,RJ Sidebottom,TT Bresnan,PM Siddle,0,0,,,,,,,,,
350048,2009,2009-09-17,Trent Bridge,2,39.2,England,Australia,RJ Sidebottom,TT Bresnan,PM Siddle,0,0,,,,,,bowled,RJ Sidebottom,,
350048,2009,2009-09-17,Trent Bridge,2,39.3,England,Australia,JM Anderson,TT Bresnan,PM Siddle,0,0,,,,,,,,,
350048,2009,2009-09-17,Trent Bridge,2,39.4,England,Australia,JM Anderson,TT Bresnan,PM Siddle,0,0,,,,,,,,,
350048,2009,2009-09-17,Trent Bridge,2,39.5,England,Australia,JM Anderson,TT Bresnan,PM Siddle,0,0,,,,,,,,,
350048,2009,2009-09-17,Trent Bridge,2,39.6,England,Australia,JM Anderson,TT Bresnan,PM Siddle,0,0,,,,,,,,,
350048,2009,2009-09-17,Trent Bridge,2,40.1,England,Australia,TT Bresnan,JM Anderson,B Lee,0,0,,,,,,,,,
350048,2009,2009-09-17,Trent Bridge,2,40.2,England,Australia,TT Bresnan,JM Anderson,B Lee,1,0,,,,,,,,,
350048,2009,2009-09-17,Trent Bridge,2,40.3,England,Australia,JM Anderson,TT Bresnan,B Lee,1,0,,,,,,,,,
350048,2009,2009-09-17,Trent Bridge,2,40.4,England,Australia,TT Bresnan,JM Anderson,B Lee,1,0,,,,,,,,,
350048,2009,2009-09-17,Trent Bridge,2,40.5,England,Australia,JM Anderson,TT Bresnan,B Lee,0,0,,,,,,,,,
350048,2009,2009-09-17,Trent Bridge,2,40.6,England,Australia,JM Anderson,TT Bresnan,B Lee,0,0,,,,,,bowled,JM Anderson,,
