match_id,season,start_date,venue,innings,ball,batting_team,bowling_team,striker,non_striker,bowler,runs_off_bat,extras,wides,noballs,byes,legbyes,penalty,wicket_type,player_dismissed,other_wicket_type,other_player_dismissed
378753,2008/09,2009-01-10,Shere Bangla National Stadium,1,0.1,Zimbabwe,Bangladesh,H Masakadza,V Sibanda,Mashrafe Mortaza,0,0,,,,,,,,,
378753,2008/09,2009-01-10,Shere Bangla National Stadium,1,0.2,Zimbabwe,Bangladesh,H Masakadza,V Sibanda,Mashrafe Mortaza,0,1,1,,,,,,,,
378753,2008/09,2009-01-10,Shere Bangla National Stadium,1,0.3,Zimbabwe,Bangladesh,H Masakadza,V Sibanda,Mashrafe Mortaza,4,0,,,,,,,,,
378753,2008/09,2009-01-10,Shere Bangla National Stadium,1,0.4,Zimbabwe,Bangladesh,H Masakadza,V Sibanda,Mashrafe Mortaza,1,0,,,,,,,,,
378753,2008/09,2009-01-10,Shere Bangla National Stadium,1,0.5,Zimbabwe,Bangladesh,V Sibanda,H Masakadza,Mashrafe Mortaza,0,0,,,,,,,,,
378753,2008/09,2009-01-10,Shere Bangla National Stadium,1,0.6,Zimbabwe,Bangladesh,V Sibanda,H Masakadza,Mashrafe Mortaza,0,0,,,,,,,,,
378753,2008/09,2009-01-10,Shere Bangla National Stadium,1,0.7,Zimbabwe,Bangladesh,V Sibanda,H Masakadza,Mashrafe Mortaza,0,0,,,,,,,,,
378753,2008/09,2009-01-10,Shere Bangla National Stadium,1,1.1,Zimbabwe,Bangladesh,H Masakadza,V Sibanda,Mahbubul Alam,0,0,,,,,,,,,
378753,2008/09,2009-01-10,Shere Bangla National Stadium,1,1.2,Zimbabwe,Bangladesh,H Masakadza,V Sibanda,Mahbubul Alam,0,0,,,,,,,,,
378753,2008/09,2009-01-10,Shere Bangla National Stadium,1,1.3,Zimbabwe,Bangladesh,H Masakadza,V Sibanda,Mahbubul Alam,0,0,,,,,,,,,
378753,2008/09,2009-01-10,Shere Bangla National Stadium,1,1.4,Zimbabwe,Bangladesh,H Masakadza,V Sibanda,Mahbubul Alam,0,0,,,,,,,,,
378753,2008/09,2009-01-10,Shere Bangla National Stadium,1,1.5,Zimbabwe,Bangladesh,H Masakadza,V Sibanda,Mahbubul Alam,4,0,,,,,,,,,
378753,2008/09,2009-01-10,Shere Bangla National Stadium,1,1.6,Zimbabwe,Bangladesh,H Masakadza,V Sibanda,Mahbubul Alam,4,0,,,,,,,,,
378753,2008/09,2009-01-10,Shere Bangla National Stadium,1,2.1,Zimbabwe,Bangladesh,V Sibanda,H Masakadza,Mashrafe Mortaza,0,0,,,,,,,,,
378753,2008/09,2009-01-10,Shere Bangla National Stadium,1,2.2,Zimbabwe,Bangladesh,V Sibanda,H Masakadza,Mashrafe Mortaza,1,0,,,,,,,,,
378753,2008/09,2009-01-10,Shere Bangla National Stadium,1,2.3,Zimbabwe,Bangladesh,H Masakadza,V Sibanda,Mashrafe Mortaza,0,0,,,,,,,,,
378753,2008/09,2009-01-10,Shere Bangla National Stadium,1,2.4,Zimbabwe,Bangladesh,H Masakadza,V Sibanda,Mashrafe Mortaza,0,0,,,,,,,,,
378753,2008/09,2009-01-10,Shere Bangla National Stadium,1,2.5,Zimbabwe,Bangladesh,H Masakadza,V Sibanda,Mashrafe Mortaza,2,0,,,,,,,,,
378753,2008/09,2009-01-10,Shere Bangla National Stadium,1,2.6,Zimbabwe,Bangladesh,H Masakadza,V Sibanda,Mashrafe Mortaza,0,0,,,,,,,,,
378753,2008/09,2009-01-10,Shere Bangla National Stadium,1,3.1,Zimbabwe,Bangladesh,V Sibanda,H Masakadza,Mahbubul Alam,0,0,,,,,,,,,
378753,2008/09,2009-01-10,Shere Bangla National Stadium,1,3.2,Zimbabwe,Bangladesh,V Sibanda,H Masakadza,Mahbubul Alam,0,0,,,,,,,,,
378753,2008/09,2009-01-10,Shere Bangla National Stadium,1,3.3,Zimbabwe,Bangladesh,V Sibanda,H Masakadza,Mahbubul Alam,4,0,,,,,,,,,
378753,2008/09,2009-01-10,Shere Bangla National Stadium,1,3.4,Zimbabwe,Bangladesh,V Sibanda,H Masakadza,Mahbubul Alam,0,0,,,,,,,,,
378753,2008/09,2009-01-10,Shere Bangla National Stadium,1,3.5,Zimbabwe,Bangladesh,V Sibanda,H Masakadza,Mahbubul Alam,0,0,,,,,,,,,
378753,2008/09,2009-01-10,Shere Bangla National Stadium,1,3.6,Zimbabwe,Bangladesh,V Sibanda,H Masakadza,Mahbubul Alam,0,0,,,,,,,,,
378753,2008/09,2009-01-10,Shere Bangla National Stadium,1,4.1,Zimbabwe,Bangladesh,H Masakadza,V Sibanda,Mashrafe Mortaza,1,0,,,,,,,,,
378753,2008/09,2009-01-10,Shere Bangla National Stadium,1,4.2,Zimbabwe,Bangladesh,V Sibanda,H Masakadza,Mashrafe Mortaza,1,0,,,,,,,,,
378753,2008/09,2009-01-10,Shere Bangla National Stadium,1,4.3,Zimbabwe,Bangladesh,H Masakadza,V Sibanda,Mashrafe Mortaza,0,0,,,,,,,,,
378753,2008/09,2009-01-10,Shere Bangla National Stadium,1,4.4,Zimbabwe,Bangladesh,H Masakadza,V Sibanda,Mashrafe Mortaza,0,0,,,,,,caught,H Masakadza,,
378753,2008/09,2009-01-10,Shere Bangla National Stadium,1,4.5,Zimbabwe,Bangladesh,S Matsikenyeri,V Sibanda,Mashrafe Mortaza,0,0,,,,,,,,,
378753,2008/09,2009-01-10,Shere Bangla National Stadium,1,4.6,Zimbabwe,Bangladesh,S Matsikenyeri,V Sibanda,Mashrafe Mortaza,1,0,,,,,,,,,
378753,2008/09,2009-01-10,Shere Bangla National Stadium,1,5.1,Zimbabwe,Bangladesh,S Matsikenyeri,V Sibanda,Mahbubul Alam,0,0,,,,,,,,,
378753,2008/09,2009-01-10,Shere Bangla National Stadium,1,5.2,Zimbabwe,Bangladesh,S Matsikenyeri,V Sibanda,Mahbubul Alam,0,0,,,,,,,,,
378753,2008/09,2009-01-10,Shere Bangla National Stadium,1,5.3,Zimbabwe,Bangladesh,S Matsikenyeri,V Sibanda,Mahbubul Alam,0,0,,,,,,,,,
378753,2008/09,2009-01-10,Shere Bangla National Stadium,1,5.4,Zimbabwe,Bangladesh,S Matsikenyeri,V Sibanda,Mahbubul Alam,0,0,,,,,,,,,
378753,2008/09,2009-01-10,Shere Bangla National Stadium,1,5.5,Zimbabwe,Bangladesh,S Matsikenyeri,V Sibanda,Mahbubul Alam,0,0,,,,,,,,,
378753,2008/09,2009-01-10,Shere Bangla National Stadium,1,5.6,Zimbabwe,Bangladesh,S Matsikenyeri,V Sibanda,Mahbubul Alam,4,0,,,,,,,,,
378753,2008/09,2009-01-10,Shere Bangla National Stadium,1,6.1,Zimbabwe,Bangladesh,V Sibanda,S Matsikenyeri,Mashrafe Mortaza,0,0,,,,,,,,,
378753,2008/09,2009-01-10,Shere Bangla National Stadium,1,6.2,Zimbabwe,Bangladesh,V Sibanda,S Matsikenyeri,Mashrafe Mortaza,1,0,,,,,,,,,
378753,2008/09,2009-01-10,Shere Bangla National Stadium,1,6.3,Zimbabwe,Bangladesh,S Matsikenyeri,V Sibanda,Mashrafe Mortaza,0,0,,,,,,,,,
378753,2008/09,2009-01-10,Shere Bangla National Stadium,1,6.4,Zimbabwe,Bangladesh,S Matsikenyeri,V Sibanda,Mashrafe Mortaza,0,0,,,,,,,,,
378753,2008/09,2009-01-10,Shere Bangla National Stadium,1,6.5,Zimbabwe,Bangladesh,S Matsikenyeri,V Sibanda,Mashrafe Mortaza,0,0,,,,,,,,,
378753,2008/09,2009-01-10,Shere Bangla National Stadium,1,6.6,Zimbabwe,Bangladesh,S Matsikenyeri,V Sibanda,Mashrafe Mortaza,0,0,,,,,,,,,
378753,2008/09,2009-01-10,Shere Bangla National Stadium,1,7.1,Zimbabwe,Bangladesh,V Sibanda,S Matsikenyeri,Mahbubul Alam,2,0,,,,,,,,,
378753,2008/09,2009-01-10,Shere Bangla National Stadium,1,7.2,Zimbabwe,Bangladesh,V Sibanda,S Matsikenyeri,Mahbubul Alam,4,0,,,,,,,,,
378753,2008/09,2009-01-10,Shere Bangla National Stadium,1,7.3,Zimbabwe,Bangladesh,V Sibanda,S Matsikenyeri,Mahbubul Alam,0,0,,,,,,,,,
378753,2008/09,2009-01-10,Shere Bangla National Stadium,1,7.4,Zimbabwe,Bangladesh,V Sibanda,S Matsikenyeri,Mahbubul Alam,0,0,,,,,,,,,
378753,2008/09,2009-01-10,Shere Bangla National Stadium,1,7.5,Zimbabwe,Bangladesh,V Sibanda,S Matsikenyeri,Mahbubul Alam,0,0,,,,,,,,,
378753,2008/09,2009-01-10,Shere Bangla National Stadium,1,7.6,Zimbabwe,Bangladesh,V Sibanda,S Matsikenyeri,Mahbubul Alam,0,0,,,,,,,,,
378753,2008/09,2009-01-10,Shere Bangla National Stadium,1,8.1,Zimbabwe,Bangladesh,S Matsikenyeri,V Sibanda,Mashrafe Mortaza,4,0,,,,,,,,,
378753,2008/09,2009-01-10,Shere Bangla National Stadium,1,8.2,Zimbabwe,Bangladesh,S Matsikenyeri,V Sibanda,Mashrafe Mortaza,0,0,,,,,,,,,
378753,2008/09,2009-01-10,Shere Bangla National Stadium,1,8.3,Zimbabwe,Bangladesh,S Matsikenyeri,V Sibanda,Mashrafe Mortaza,0,0,,,,,,,,,
378753,2008/09,2009-01-10,Shere Bangla National Stadium,1,8.4,Zimbabwe,Bangladesh,S Matsikenyeri,V Sibanda,Mashrafe Mortaza,0,0,,,,,,,,,
378753,2008/09,2009-01-10,Shere Bangla National Stadium,1,8.5,Zimbabwe,Bangladesh,S Matsikenyeri,V Sibanda,Mashrafe Mortaza,0,0,,,,,,,,,
378753,2008/09,2009-01-10,Shere Bangla National Stadium,1,8.6,Zimbabwe,Bangladesh,S Matsikenyeri,V Sibanda,Mashrafe Mortaza,0,0,,,,,,,,,
378753,2008/09,2009-01-10,Shere Bangla National Stadium,1,9.1,Zimbabwe,Bangladesh,V Sibanda,S Matsikenyeri,Mahbubul Alam,0,0,,,,,,,,,
378753,2008/09,2009-01-10,Shere Bangla National Stadium,1,9.2,Zimbabwe,Bangladesh,V Sibanda,S Matsikenyeri,Mahbubul Alam,0,0,,,,,,,,,
378753,2008/09,2009-01-10,Shere Bangla National Stadium,1,9.3,Zimbabwe,Bangladesh,V Sibanda,S Matsikenyeri,Mahbubul Alam,0,0,,,,,,,,,
378753,2008/09,2009-01-10,Shere Bangla National Stadium,1,9.4,Zimbabwe,Bangladesh,V Sibanda,S Matsikenyeri,Mahbubul Alam,0,0,,,,,,,,,
378753,2008/09,2009-01-10,Shere Bangla National Stadium,1,9.5,Zimbabwe,Bangladesh,V Sibanda,S Matsikenyeri,Mahbubul Alam,0,0,,,,,,,,,
378753,2008/09,2009-01-10,Shere Bangla National Stadium,1,9.6,Zimbabwe,Bangladesh,V Sibanda,S Matsikenyeri,Mahbubul Alam,0,0,,,,,,,,,
378753,2008/09,2009-01-10,Shere Bangla National Stadium,1,10.1,Zimbabwe,Bangladesh,S Matsikenyeri,V Sibanda,Mashrafe Mortaza,1,0,,,,,,,,,
378753,2008/09,2009-01-10,Shere Bangla National Stadium,1,10.2,Zimbabwe,Bangladesh,V Sibanda,S Matsikenyeri,Mashrafe Mortaza,0,0,,,,,,,,,
378753,2008/09,2009-01-10,Shere Bangla National Stadium,1,10.3,Zimbabwe,Bangladesh,V Sibanda,S Matsikenyeri,Mashrafe Mortaza,1,0,,,,,,,,,
378753,2008/09,2009-01-10,Shere Bangla National Stadium,1,10.4,Zimbabwe,Bangladesh,S Matsikenyeri,V Sibanda,Mashrafe Mortaza,1,0,,,,,,,,,
378753,2008/09,2009-01-10,Shere Bangla National Stadium,1,10.5,Zimbabwe,Bangladesh,V Sibanda,S Matsikenyeri,Mashrafe Mortaza,0,0,,,,,,,,,
378753,2008/09,2009-01-10,Shere Bangla National Stadium,1,10.6,Zimbabwe,Bangladesh,V Sibanda,S Matsikenyeri,Mashrafe Mortaza,0,0,,,,,,,,,
378753,2008/09,2009-01-10,Shere Bangla National Stadium,1,11.1,Zimbabwe,Bangladesh,S Matsikenyeri,V Sibanda,Mahbubul Alam,4,0,,,,,,,,,
378753,2008/09,2009-01-10,Shere Bangla National Stadium,1,11.2,Zimbabwe,Bangladesh,S Matsikenyeri,V Sibanda,Mahbubul Alam,0,0,,,,,,,,,
378753,2008/09,2009-01-10,Shere Bangla National Stadium,1,11.3,Zimbabwe,Bangladesh,S Matsikenyeri,V Sibanda,Mahbubul Alam,0,0,,,,,,,,,
378753,2008/09,2009-01-10,Shere Bangla National Stadium,1,11.4,Zimbabwe,Bangladesh,S Matsikenyeri,V Sibanda,Mahbubul Alam,0,0,,,,,,,,,
378753,2008/09,2009-01-10,Shere Bangla National Stadium,1,11.5,Zimbabwe,Bangladesh,S Matsikenyeri,V Sibanda,Mahbubul Alam,0,0,,,,,,,,,
378753,2008/09,2009-01-10,Shere Bangla National Stadium,1,11.6,Zimbabwe,Bangladesh,S Matsikenyeri,V Sibanda,Mahbubul Alam,1,0,,,,,,,,,
378753,2008/09,2009-01-10,Shere Bangla National Stadium,1,12.1,Zimbabwe,Bangladesh,S Matsikenyeri,V Sibanda,Nazmul Hossain,4,0,,,,,,,,,
378753,2008/09,2009-01-10,Shere Bangla National Stadium,1,12.2,Zimbabwe,Bangladesh,S Matsikenyeri,V Sibanda,Nazmul Hossain,0,0,,,,,,,,,
378753,2008/09,2009-01-10,Shere Bangla National Stadium,1,12.3,Zimbabwe,Bangladesh,S Matsikenyeri,V Sibanda,Nazmul Hossain,1,0,,,,,,,,,
378753,2008/09,2009-01-10,Shere Bangla National Stadium,1,12.4,Zimbabwe,Bangladesh,V Sibanda,S Matsikenyeri,Nazmul Hossain,0,0,,,,,,,,,
378753,2008/09,2009-01-10,Shere Bangla National Stadium,1,12.5,Zimbabwe,Bangladesh,V Sibanda,S Matsikenyeri,Nazmul Hossain,1,0,,,,,,,,,
378753,2008/09,2009-01-10,Shere Bangla National Stadium,1,12.6,Zimbabwe,Bangladesh,S Matsikenyeri,V Sibanda,Nazmul Hossain,0,0,,,,,,,,,
378753,2008/09,2009-01-10,Shere Bangla National Stadium,1,13.1,Zimbabwe,Bangladesh,V Sibanda,S Matsikenyeri,Shakib Al Hasan,0,0,,,,,,,,,
378753,2008/09,2009-01-10,Shere Bangla National Stadium,1,13.2,Zimbabwe,Bangladesh,V Sibanda,S Matsikenyeri,Shakib Al Hasan,0,0,,,,,,,,,
378753,2008/09,2009-01-10,Shere Bangla National Stadium,1,13.3,Zimbabwe,Bangladesh,V Sibanda,S Matsikenyeri,Shakib Al Hasan,0,0,,,,,,lbw,V Sibanda,,
378753,2008/09,2009-01-10,Shere Bangla National Stadium,1,13.4,Zimbabwe,Bangladesh,T Taibu,S Matsikenyeri,Shakib Al Hasan,4,0,,,,,,,,,
378753,2008/09,2009-01-10,Shere Bangla National Stadium,1,13.5,Zimbabwe,Bangladesh,T Taibu,S Matsikenyeri,Shakib Al Hasan,0,0,,,,,,,,,
378753,2008/09,2009-01-10,Shere Bangla National Stadium,1,13.6,Zimbabwe,Bangladesh,T Taibu,S Matsikenyeri,Shakib Al Hasan,4,0,,,,,,,,,
378753,2008/09,2009-01-10,Shere Bangla National Stadium,1,14.1,Zimbabwe,Bangladesh,S Matsikenyeri,T Taibu,Nazmul Hossain,1,0,,,,,,,,,
378753,2008/09,2009-01-10,Shere Bangla National Stadium,1,14.2,Zimbabwe,Bangladesh,T Taibu,S Matsikenyeri,Nazmul Hossain,0,0,,,,,,,,,
378753,2008/09,2009-01-10,Shere Bangla National Stadium,1,14.3,Zimbabwe,Bangladesh,T Taibu,S Matsikenyeri,Nazmul Hossain,0,0,,,,,,,,,
378753,2008/09,2009-01-10,Shere Bangla National Stadium,1,14.4,Zimbabwe,Bangladesh,T Taibu,S Matsikenyeri,Nazmul Hossain,0,0,,,,,,,,,
378753,2008/09,2009-01-10,Shere Bangla National Stadium,1,14.5,Zimbabwe,Bangladesh,T Taibu,S Matsikenyeri,Nazmul Hossain,1,0,,,,,,,,,
378753,2008/09,2009-01-10,Shere Bangla National Stadium,1,14.6,Zimbabwe,Bangladesh,S Matsikenyeri,T Taibu,Nazmul Hossain,4,0,,,,,,,,,
378753,2008/09,2009-01-10,Shere Bangla National Stadium,1,15.1,Zimbabwe,Bangladesh,T Taibu,S Matsikenyeri,Shakib Al Hasan,1,0,,,,,,,,,
378753,2008/09,2009-01-10,Shere Bangla National Stadium,1,15.2,Zimbabwe,Bangladesh,S Matsikenyeri,T Taibu,Shakib Al Hasan,0,0,,,,,,,,,
378753,2008/09,2009-01-10,Shere Bangla National Stadium,1,15.3,Zimbabwe,Bangladesh,S Matsikenyeri,T Taibu,Shakib Al Hasan,0,0,,,,,,,,,
378753,2008/09,2009-01-10,Shere Bangla National Stadium,1,15.4,Zimbabwe,Bangladesh,S Matsikenyeri,T Taibu,Shakib Al Hasan,2,0,,,,,,,,,
378753,2008/09,2009-01-10,Shere Bangla National Stadium,1,15.5,Zimbabwe,Bangladesh,S Matsikenyeri,T Taibu,Shakib Al Hasan,0,0,,,,,,,,,
378753,2008/09,2009-01-10,Shere Bangla National Stadium,1,15.6,Zimbabwe,Bangladesh,S Matsikenyeri,T Taibu,Shakib Al Hasan,0,0,,,,,,,,,
378753,2008/09,2009-01-10,Shere Bangla National Stadium,1,16.1,Zimbabwe,Bangladesh,T Taibu,S Matsikenyeri,Nazmul Hossain,0,0,,,,,,,,,
378753,2008/09,2009-01-10,Shere Bangla National Stadium,1,16.2,Zimbabwe,Bangladesh,T Taibu,S Matsikenyeri,Nazmul Hossain,1,0,,,,,,,,,
378753,2008/09,2009-01-10,Shere Bangla National Stadium,1,16.3,Zimbabwe,Bangladesh,S Matsikenyeri,T Taibu,Nazmul Hossain,0,1,1,,,,,,,,
378753,2008/09,2009-01-10,Shere Bangla National Stadium,1,16.4,Zimbabwe,Bangladesh,S Matsikenyeri,T Taibu,Nazmul Hossain,1,0,,,,,,,,,
378753,2008/09,2009-01-10,Shere Bangla National Stadium,1,16.5,Zimbabwe,Bangladesh,T Taibu,S Matsikenyeri,Nazmul Hossain,0,0,,,,,,,,,
378753,2008/09,2009-01-10,Shere Bangla National Stadium,1,16.6,Zimbabwe,Bangladesh,T Taibu,S Matsikenyeri,Nazmul Hossain,4,0,,,,,,,,,
378753,2008/09,2009-01-10,Shere Bangla National Stadium,1,16.7,Zimbabwe,Bangladesh,T Taibu,S Matsikenyeri,Nazmul Hossain,0,0,,,,,,,,,
378753,2008/09,2009-01-10,Shere Bangla National Stadium,1,17.1,Zimbabwe,Bangladesh,S Matsikenyeri,T Taibu,Shakib Al Hasan,0,0,,,,,,,,,
378753,2008/09,2009-01-10,Shere Bangla National Stadium,1,17.2,Zimbabwe,Bangladesh,S Matsikenyeri,T Taibu,Shakib Al Hasan,1,0,,,,,,,,,
378753,2008/09,2009-01-10,Shere Bangla National Stadium,1,17.3,Zimbabwe,Bangladesh,T Taibu,S Matsikenyeri,Shakib Al Hasan,1,0,,,,,,,,,
378753,2008/09,2009-01-10,Shere Bangla National Stadium,1,17.4,Zimbabwe,Bangladesh,S Matsikenyeri,T Taibu,Shakib Al Hasan,0,0,,,,,,,,,
378753,2008/09,2009-01-10,Shere Bangla National Stadium,1,17.5,Zimbabwe,Bangladesh,S Matsikenyeri,T Taibu,Shakib Al Hasan,1,0,,,,,,,,,
378753,2008/09,2009-01-10,Shere Bangla National Stadium,1,17.6,Zimbabwe,Bangladesh,T Taibu,S Matsikenyeri,Shakib Al Hasan,1,0,,,,,,,,,
378753,2008/09,2009-01-10,Shere Bangla National Stadium,1,18.1,Zimbabwe,Bangladesh,T Taibu,S Matsikenyeri,Nazmul Hossain,0,0,,,,,,,,,
378753,2008/09,2009-01-10,Shere Bangla National Stadium,1,18.2,Zimbabwe,Bangladesh,T Taibu,S Matsikenyeri,Nazmul Hossain,0,0,,,,,,,,,
378753,2008/09,2009-01-10,Shere Bangla National Stadium,1,18.3,Zimbabwe,Bangladesh,T Taibu,S Matsikenyeri,Nazmul Hossain,0,1,,,,1,,,,,
378753,2008/09,2009-01-10,Shere Bangla National Stadium,1,18.4,Zimbabwe,Bangladesh,S Matsikenyeri,T Taibu,Nazmul Hossain,0,0,,,,,,,,,
378753,2008/09,2009-01-10,Shere Bangla National Stadium,1,18.5,Zimbabwe,Bangladesh,S Matsikenyeri,T Taibu,Nazmul Hossain,4,0,,,,,,,,,
378753,2008/09,2009-01-10,Shere Bangla National Stadium,1,18.6,Zimbabwe,Bangladesh,S Matsikenyeri,T Taibu,Nazmul Hossain,1,0,,,,,,,,,
378753,2008/09,2009-01-10,Shere Bangla National Stadium,1,19.1,Zimbabwe,Bangladesh,S Matsikenyeri,T Taibu,Naeem Islam,1,0,,,,,,,,,
378753,2008/09,2009-01-10,Shere Bangla National Stadium,1,19.2,Zimbabwe,Bangladesh,T Taibu,S Matsikenyeri,Naeem Islam,0,0,,,,,,caught,T Taibu,,
378753,2008/09,2009-01-10,Shere Bangla National Stadium,1,19.3,Zimbabwe,Bangladesh,SC Williams,S Matsikenyeri,Naeem Islam,0,0,,,,,,,,,
378753,2008/09,2009-01-10,Shere Bangla National Stadium,1,19.4,Zimbabwe,Bangladesh,SC Williams,S Matsikenyeri,Naeem Islam,1,0,,,,,,,,,
378753,2008/09,2009-01-10,Shere Bangla National Stadium,1,19.5,Zimbabwe,Bangladesh,S Matsikenyeri,SC Williams,Naeem Islam,0,0,,,,,,,,,
378753,2008/09,2009-01-10,Shere Bangla National Stadium,1,19.6,Zimbabwe,Bangladesh,S Matsikenyeri,SC Williams,Naeem Islam,0,1,1,,,,,,,,
378753,2008/09,2009-01-10,Shere Bangla National Stadium,1,19.7,Zimbabwe,Bangladesh,S Matsikenyeri,SC Williams,Naeem Islam,1,0,,,,,,,,,
378753,2008/09,2009-01-10,Shere Bangla National Stadium,1,20.1,Zimbabwe,Bangladesh,SC Williams,S Matsikenyeri,Shakib Al Hasan,0,0,,,,,,,,,
378753,2008/09,2009-01-10,Shere Bangla National Stadium,1,20.2,Zimbabwe,Bangladesh,SC Williams,S Matsikenyeri,Shakib Al Hasan,0,0,,,,,,,,,
378753,2008/09,2009-01-10,Shere Bangla National Stadium,1,20.3,Zimbabwe,Bangladesh,SC Williams,S Matsikenyeri,Shakib Al Hasan,0,0,,,,,,,,,
378753,2008/09,2009-01-10,Shere Bangla National Stadium,1,20.4,Zimbabwe,Bangladesh,SC Williams,S Matsikenyeri,Shakib Al Hasan,0,0,,,,,,,,,
378753,2008/09,2009-01-10,Shere Bangla National Stadium,1,20.5,Zimbabwe,Bangladesh,SC Williams,S Matsikenyeri,Shakib Al Hasan,0,0,,,,,,,,,
378753,2008/09,2009-01-10,Shere Bangla National Stadium,1,20.6,Zimbabwe,Bangladesh,SC Williams,S Matsikenyeri,Shakib Al Hasan,0,0,,,,,,,,,
378753,2008/09,2009-01-10,Shere Bangla National Stadium,1,21.1,Zimbabwe,Bangladesh,SC Williams,S Matsikenyeri,Naeem Islam,1,0,,,,,,,,,
378753,2008/09,2009-01-10,Shere Bangla National Stadium,1,21.2,Zimbabwe,Bangladesh,S Matsikenyeri,SC Williams,Naeem Islam,1,0,,,,,,,,,
378753,2008/09,2009-01-10,Shere Bangla National Stadium,1,21.3,Zimbabwe,Bangladesh,SC Williams,S Matsikenyeri,Naeem Islam,0,0,,,,,,,,,
378753,2008/09,2009-01-10,Shere Bangla National Stadium,1,21.4,Zimbabwe,Bangladesh,SC Williams,S Matsikenyeri,Naeem Islam,1,0,,,,,,,,,
378753,2008/09,2009-01-10,Shere Bangla National Stadium,1,21.5,Zimbabwe,Bangladesh,S Matsikenyeri,SC Williams,Naeem Islam,0,0,,,,,,,,,
378753,2008/09,2009-01-10,Shere Bangla National Stadium,1,21.6,Zimbabwe,Bangladesh,S Matsikenyeri,SC Williams,Naeem Islam,0,0,,,,,,caught,S Matsikenyeri,,
378753,2008/09,2009-01-10,Shere Bangla National Stadium,1,22.1,Zimbabwe,Bangladesh,SC Williams,KM Dabengwa,Shakib Al Hasan,0,0,,,,,,,,,
378753,2008/09,2009-01-10,Shere Bangla National Stadium,1,22.2,Zimbabwe,Bangladesh,SC Williams,KM Dabengwa,Shakib Al Hasan,0,0,,,,,,lbw,SC Williams,,
378753,2008/09,2009-01-10,Shere Bangla National Stadium,1,22.3,Zimbabwe,Bangladesh,E Chigumbura,KM Dabengwa,Shakib Al Hasan,0,0,,,,,,,,,
378753,2008/09,2009-01-10,Shere Bangla National Stadium,1,22.4,Zimbabwe,Bangladesh,E Chigumbura,KM Dabengwa,Shakib Al Hasan,0,0,,,,,,,,,
378753,2008/09,2009-01-10,Shere Bangla National Stadium,1,22.5,Zimbabwe,Bangladesh,E Chigumbura,KM Dabengwa,Shakib Al Hasan,0,0,,,,,,,,,
378753,2008/09,2009-01-10,Shere Bangla National Stadium,1,22.6,Zimbabwe,Bangladesh,E Chigumbura,KM Dabengwa,Shakib Al Hasan,0,0,,,,,,,,,
378753,2008/09,2009-01-10,Shere Bangla National Stadium,1,23.1,Zimbabwe,Bangladesh,KM Dabengwa,E Chigumbura,Naeem Islam,0,0,,,,,,,,,
378753,2008/09,2009-01-10,Shere Bangla National Stadium,1,23.2,Zimbabwe,Bangladesh,KM Dabengwa,E Chigumbura,Naeem Islam,1,0,,,,,,,,,
378753,2008/09,2009-01-10,Shere Bangla National Stadium,1,23.3,Zimbabwe,Bangladesh,E Chigumbura,KM Dabengwa,Naeem Islam,0,0,,,,,,,,,
378753,2008/09,2009-01-10,Shere Bangla National Stadium,1,23.4,Zimbabwe,Bangladesh,E Chigumbura,KM Dabengwa,Naeem Islam,0,1,1,,,,,,,,
378753,2008/09,2009-01-10,Shere Bangla National Stadium,1,23.5,Zimbabwe,Bangladesh,E Chigumbura,KM Dabengwa,Naeem Islam,0,0,,,,,,,,,
378753,2008/09,2009-01-10,Shere Bangla National Stadium,1,23.6,Zimbabwe,Bangladesh,E Chigumbura,KM Dabengwa,Naeem Islam,1,0,,,,,,,,,
378753,2008/09,2009-01-10,Shere Bangla National Stadium,1,23.7,Zimbabwe,Bangladesh,E Chigumbura,KM Dabengwa,Naeem Islam,0,0,,,,,,,,,
378753,2008/09,2009-01-10,Shere Bangla National Stadium,1,24.1,Zimbabwe,Bangladesh,E Chigumbura,KM Dabengwa,Shakib Al Hasan,0,0,,,,,,,,,
378753,2008/09,2009-01-10,Shere Bangla National Stadium,1,24.2,Zimbabwe,Bangladesh,E Chigumbura,KM Dabengwa,Shakib Al Hasan,0,0,,,,,,,,,
378753,2008/09,2009-01-10,Shere Bangla National Stadium,1,24.3,Zimbabwe,Bangladesh,E Chigumbura,KM Dabengwa,Shakib Al Hasan,0,0,,,,,,,,,
378753,2008/09,2009-01-10,Shere Bangla National Stadium,1,24.4,Zimbabwe,Bangladesh,E Chigumbura,KM Dabengwa,Shakib Al Hasan,0,0,,,,,,,,,
378753,2008/09,2009-01-10,Shere Bangla National Stadium,1,24.5,Zimbabwe,Bangladesh,E Chigumbura,KM Dabengwa,Shakib Al Hasan,0,0,,,,,,,,,
378753,2008/09,2009-01-10,Shere Bangla National Stadium,1,24.6,Zimbabwe,Bangladesh,E Chigumbura,KM Dabengwa,Shakib Al Hasan,0,0,,,,,,,,,
378753,2008/09,2009-01-10,Shere Bangla National Stadium,1,25.1,Zimbabwe,Bangladesh,KM Dabengwa,E Chigumbura,Naeem Islam,1,0,,,,,,,,,
378753,2008/09,2009-01-10,Shere Bangla National Stadium,1,25.2,Zimbabwe,Bangladesh,E Chigumbura,KM Dabengwa,Naeem Islam,0,0,,,,,,,,,
378753,2008/09,2009-01-10,Shere Bangla National Stadium,1,25.3,Zimbabwe,Bangladesh,E Chigumbura,KM Dabengwa,Naeem Islam,0,0,,,,,,,,,
378753,2008/09,2009-01-10,Shere Bangla National Stadium,1,25.4,Zimbabwe,Bangladesh,E Chigumbura,KM Dabengwa,Naeem Islam,0,0,,,,,,,,,
378753,2008/09,2009-01-10,Shere Bangla National Stadium,1,25.5,Zimbabwe,Bangladesh,E Chigumbura,KM Dabengwa,Naeem Islam,0,0,,,,,,,,,
378753,2008/09,2009-01-10,Shere Bangla National Stadium,1,25.6,Zimbabwe,Bangladesh,E Chigumbura,KM Dabengwa,Naeem Islam,1,0,,,,,,,,,
378753,2008/09,2009-01-10,Shere Bangla National Stadium,1,26.1,Zimbabwe,Bangladesh,E Chigumbura,KM Dabengwa,Shakib Al Hasan,0,0,,,,,,,,,
378753,2008/09,2009-01-10,Shere Bangla National Stadium,1,26.2,Zimbabwe,Bangladesh,E Chigumbura,KM Dabengwa,Shakib Al Hasan,4,0,,,,,,,,,
378753,2008/09,2009-01-10,Shere Bangla National Stadium,1,26.3,Zimbabwe,Bangladesh,E Chigumbura,KM Dabengwa,Shakib Al Hasan,0,0,,,,,,,,,
378753,2008/09,2009-01-10,Shere Bangla National Stadium,1,26.4,Zimbabwe,Bangladesh,E Chigumbura,KM Dabengwa,Shakib Al Hasan,0,0,,,,,,,,,
378753,2008/09,2009-01-10,Shere Bangla National Stadium,1,26.5,Zimbabwe,Bangladesh,E Chigumbura,KM Dabengwa,Shakib Al Hasan,0,0,,,,,,,,,
378753,2008/09,2009-01-10,Shere Bangla National Stadium,1,26.6,Zimbabwe,Bangladesh,E Chigumbura,KM Dabengwa,Shakib Al Hasan,0,0,,,,,,,,,
378753,2008/09,2009-01-10,Shere Bangla National Stadium,1,27.1,Zimbabwe,Bangladesh,KM Dabengwa,E Chigumbura,Naeem Islam,0,0,,,,,,,,,
378753,2008/09,2009-01-10,Shere Bangla National Stadium,1,27.2,Zimbabwe,Bangladesh,KM Dabengwa,E Chigumbura,Naeem Islam,1,0,,,,,,,,,
378753,2008/09,2009-01-10,Shere Bangla National Stadium,1,27.3,Zimbabwe,Bangladesh,E Chigumbura,KM Dabengwa,Naeem Islam,0,0,,,,,,,,,
378753,2008/09,2009-01-10,Shere Bangla National Stadium,1,27.4,Zimbabwe,Bangladesh,E Chigumbura,KM Dabengwa,Naeem Islam,1,0,,,,,,,,,
378753,2008/09,2009-01-10,Shere Bangla National Stadium,1,27.5,Zimbabwe,Bangladesh,KM Dabengwa,E Chigumbura,Naeem Islam,0,0,,,,,,,,,
378753,2008/09,2009-01-10,Shere Bangla National Stadium,1,27.6,Zimbabwe,Bangladesh,KM Dabengwa,E Chigumbura,Naeem Islam,0,0,,,,,,,,,
378753,2008/09,2009-01-10,Shere Bangla National Stadium,1,28.1,Zimbabwe,Bangladesh,E Chigumbura,KM Dabengwa,Mohammad Ashraful,0,0,,,,,,,,,
378753,2008/09,2009-01-10,Shere Bangla National Stadium,1,28.2,Zimbabwe,Bangladesh,E Chigumbura,KM Dabengwa,Mohammad Ashraful,0,0,,,,,,,,,
378753,2008/09,2009-01-10,Shere Bangla National Stadium,1,28.3,Zimbabwe,Bangladesh,E Chigumbura,KM Dabengwa,Mohammad Ashraful,0,0,,,,,,,,,
378753,2008/09,2009-01-10,Shere Bangla National Stadium,1,28.4,Zimbabwe,Bangladesh,E Chigumbura,KM Dabengwa,Mohammad Ashraful,0,0,,,,,,,,,
378753,2008/09,2009-01-10,Shere Bangla National Stadium,1,28.5,Zimbabwe,Bangladesh,E Chigumbura,KM Dabengwa,Mohammad Ashraful,0,0,,,,,,,,,
378753,2008/09,2009-01-10,Shere Bangla National Stadium,1,28.6,Zimbabwe,Bangladesh,E Chigumbura,KM Dabengwa,Mohammad Ashraful,0,0,,,,,,,,,
378753,2008/09,2009-01-10,Shere Bangla National Stadium,1,29.1,Zimbabwe,Bangladesh,KM Dabengwa,E Chigumbura,Naeem Islam,1,0,,,,,,,,,
378753,2008/09,2009-01-10,Shere Bangla National Stadium,1,29.2,Zimbabwe,Bangladesh,E Chigumbura,KM Dabengwa,Naeem Islam,0,0,,,,,,,,,
378753,2008/09,2009-01-10,Shere Bangla National Stadium,1,29.3,Zimbabwe,Bangladesh,E Chigumbura,KM Dabengwa,Naeem Islam,0,0,,,,,,,,,
378753,2008/09,2009-01-10,Shere Bangla National Stadium,1,29.4,Zimbabwe,Bangladesh,E Chigumbura,KM Dabengwa,Naeem Islam,0,0,,,,,,,,,
378753,2008/09,2009-01-10,Shere Bangla National Stadium,1,29.5,Zimbabwe,Bangladesh,E Chigumbura,KM Dabengwa,Naeem Islam,0,0,,,,,,,,,
378753,2008/09,2009-01-10,Shere Bangla National Stadium,1,29.6,Zimbabwe,Bangladesh,E Chigumbura,KM Dabengwa,Naeem Islam,1,0,,,,,,,,,
378753,2008/09,2009-01-10,Shere Bangla National Stadium,1,30.1,Zimbabwe,Bangladesh,E Chigumbura,KM Dabengwa,Mohammad Ashraful,1,0,,,,,,,,,
378753,2008/09,2009-01-10,Shere Bangla National Stadium,1,30.2,Zimbabwe,Bangladesh,KM Dabengwa,E Chigumbura,Mohammad Ashraful,0,0,,,,,,,,,
378753,2008/09,2009-01-10,Shere Bangla National Stadium,1,30.3,Zimbabwe,Bangladesh,KM Dabengwa,E Chigumbura,Mohammad Ashraful,0,0,,,,,,,,,
378753,2008/09,2009-01-10,Shere Bangla National Stadium,1,30.4,Zimbabwe,Bangladesh,KM Dabengwa,E Chigumbura,Mohammad Ashraful,1,0,,,,,,,,,
378753,2008/09,2009-01-10,Shere Bangla National Stadium,1,30.5,Zimbabwe,Bangladesh,E Chigumbura,KM Dabengwa,Mohammad Ashraful,1,0,,,,,,,,,
378753,2008/09,2009-01-10,Shere Bangla National Stadium,1,30.6,Zimbabwe,Bangladesh,KM Dabengwa,E Chigumbura,Mohammad Ashraful,0,0,,,,,,,,,
378753,2008/09,2009-01-10,Shere Bangla National Stadium,1,31.1,Zimbabwe,Bangladesh,E Chigumbura,KM Dabengwa,Naeem Islam,0,0,,,,,,,,,
378753,2008/09,2009-01-10,Shere Bangla National Stadium,1,31.2,Zimbabwe,Bangladesh,E Chigumbura,KM Dabengwa,Naeem Islam,0,0,,,,,,,,,
378753,2008/09,2009-01-10,Shere Bangla National Stadium,1,31.3,Zimbabwe,Bangladesh,E Chigumbura,KM Dabengwa,Naeem Islam,0,0,,,,,,,,,
378753,2008/09,2009-01-10,Shere Bangla National Stadium,1,31.4,Zimbabwe,Bangladesh,E Chigumbura,KM Dabengwa,Naeem Islam,0,0,,,,,,,,,
378753,2008/09,2009-01-10,Shere Bangla National Stadium,1,31.5,Zimbabwe,Bangladesh,E Chigumbura,KM Dabengwa,Naeem Islam,0,0,,,,,,,,,
378753,2008/09,2009-01-10,Shere Bangla National Stadium,1,31.6,Zimbabwe,Bangladesh,E Chigumbura,KM Dabengwa,Naeem Islam,3,0,,,,,,,,,
378753,2008/09,2009-01-10,Shere Bangla National Stadium,1,32.1,Zimbabwe,Bangladesh,E Chigumbura,KM Dabengwa,Mohammad Ashraful,1,0,,,,,,,,,
378753,2008/09,2009-01-10,Shere Bangla National Stadium,1,32.2,Zimbabwe,Bangladesh,KM Dabengwa,E Chigumbura,Mohammad Ashraful,0,0,,,,,,,,,
378753,2008/09,2009-01-10,Shere Bangla National Stadium,1,32.3,Zimbabwe,Bangladesh,KM Dabengwa,E Chigumbura,Mohammad Ashraful,0,0,,,,,,,,,
378753,2008/09,2009-01-10,Shere Bangla National Stadium,1,32.4,Zimbabwe,Bangladesh,KM Dabengwa,E Chigumbura,Mohammad Ashraful,0,0,,,,,,,,,
378753,2008/09,2009-01-10,Shere Bangla National Stadium,1,32.5,Zimbabwe,Bangladesh,KM Dabengwa,E Chigumbura,Mohammad Ashraful,0,0,,,,,,,,,
378753,2008/09,2009-01-10,Shere Bangla National Stadium,1,32.6,Zimbabwe,Bangladesh,KM Dabengwa,E Chigumbura,Mohammad Ashraful,0,0,,,,,,,,,
378753,2008/09,2009-01-10,Shere Bangla National Stadium,1,33.1,Zimbabwe,Bangladesh,E Chigumbura,KM Dabengwa,Naeem Islam,1,0,,,,,,,,,
378753,2008/09,2009-01-10,Shere Bangla National Stadium,1,33.2,Zimbabwe,Bangladesh,KM Dabengwa,E Chigumbura,Naeem Islam,0,0,,,,,,,,,
378753,2008/09,2009-01-10,Shere Bangla National Stadium,1,33.3,Zimbabwe,Bangladesh,KM Dabengwa,E Chigumbura,Naeem Islam,2,0,,,,,,,,,
378753,2008/09,2009-01-10,Shere Bangla National Stadium,1,33.4,Zimbabwe,Bangladesh,KM Dabengwa,E Chigumbura,Naeem Islam,0,0,,,,,,,,,
378753,2008/09,2009-01-10,Shere Bangla National Stadium,1,33.5,Zimbabwe,Bangladesh,KM Dabengwa,E Chigumbura,Naeem Islam,1,0,,,,,,,,,
378753,2008/09,2009-01-10,Shere Bangla National Stadium,1,33.6,Zimbabwe,Bangladesh,E Chigumbura,KM Dabengwa,Naeem Islam,0,0,,,,,,,,,
378753,2008/09,2009-01-10,Shere Bangla National Stadium,1,34.1,Zimbabwe,Bangladesh,KM Dabengwa,E Chigumbura,Mohammad Ashraful,1,0,,,,,,,,,
378753,2008/09,2009-01-10,Shere Bangla National Stadium,1,34.2,Zimbabwe,Bangladesh,E Chigumbura,KM Dabengwa,Mohammad Ashraful,2,0,,,,,,,,,
378753,2008/09,2009-01-10,Shere Bangla National Stadium,1,34.3,Zimbabwe,Bangladesh,E Chigumbura,KM Dabengwa,Mohammad Ashraful,0,0,,,,,,,,,
378753,2008/09,2009-01-10,Shere Bangla National Stadium,1,34.4,Zimbabwe,Bangladesh,E Chigumbura,KM Dabengwa,Mohammad Ashraful,1,0,,,,,,,,,
378753,2008/09,2009-01-10,Shere Bangla National Stadium,1,34.5,Zimbabwe,Bangladesh,KM Dabengwa,E Chigumbura,Mohammad Ashraful,0,0,,,,,,,,,
378753,2008/09,2009-01-10,Shere Bangla National Stadium,1,34.6,Zimbabwe,Bangladesh,KM Dabengwa,E Chigumbura,Mohammad Ashraful,1,0,,,,,,,,,
378753,2008/09,2009-01-10,Shere Bangla National Stadium,1,35.1,Zimbabwe,Bangladesh,KM Dabengwa,E Chigumbura,Naeem Islam,0,0,,,,,,caught and bowled,KM Dabengwa,,
378753,2008/09,2009-01-10,Shere Bangla National Stadium,1,35.2,Zimbabwe,Bangladesh,P Utseya,E Chigumbura,Naeem Islam,0,0,,,,,,,,,
378753,2008/09,2009-01-10,Shere Bangla National Stadium,1,35.3,Zimbabwe,Bangladesh,P Utseya,E Chigumbura,Naeem Islam,0,0,,,,,,,,,
378753,2008/09,2009-01-10,Shere Bangla National Stadium,1,35.4,Zimbabwe,Bangladesh,P Utseya,E Chigumbura,Naeem Islam,1,0,,,,,,,,,
378753,2008/09,2009-01-10,Shere Bangla National Stadium,1,35.5,Zimbabwe,Bangladesh,E Chigumbura,P Utseya,Naeem Islam,2,0,,,,,,,,,
378753,2008/09,2009-01-10,Shere Bangla National Stadium,1,35.6,Zimbabwe,Bangladesh,E Chigumbura,P Utseya,Naeem Islam,0,0,,,,,,,,,
378753,2008/09,2009-01-10,Shere Bangla National Stadium,1,36.1,Zimbabwe,Bangladesh,P Utseya,E Chigumbura,Mashrafe Mortaza,0,0,,,,,,,,,
378753,2008/09,2009-01-10,Shere Bangla National Stadium,1,36.2,Zimbabwe,Bangladesh,P Utseya,E Chigumbura,Mashrafe Mortaza,1,0,,,,,,,,,
378753,2008/09,2009-01-10,Shere Bangla National Stadium,1,36.3,Zimbabwe,Bangladesh,E Chigumbura,P Utseya,Mashrafe Mortaza,1,0,,,,,,,,,
378753,2008/09,2009-01-10,Shere Bangla National Stadium,1,36.4,Zimbabwe,Bangladesh,P Utseya,E Chigumbura,Mashrafe Mortaza,0,0,,,,,,,,,
378753,2008/09,2009-01-10,Shere Bangla National Stadium,1,36.5,Zimbabwe,Bangladesh,P Utseya,E Chigumbura,Mashrafe Mortaza,1,0,,,,,,,,,
378753,2008/09,2009-01-10,Shere Bangla National Stadium,1,36.6,Zimbabwe,Bangladesh,E Chigumbura,P Utseya,Mashrafe Mortaza,0,0,,,,,,,,,
378753,2008/09,2009-01-10,Shere Bangla National Stadium,1,37.1,Zimbabwe,Bangladesh,P Utseya,E Chigumbura,Naeem Islam,1,0,,,,,,,,,
378753,2008/09,2009-01-10,Shere Bangla National Stadium,1,37.2,Zimbabwe,Bangladesh,E Chigumbura,P Utseya,Naeem Islam,0,0,,,,,,,,,
378753,2008/09,2009-01-10,Shere Bangla National Stadium,1,37.3,Zimbabwe,Bangladesh,E Chigumbura,P Utseya,Naeem Islam,0,0,,,,,,,,,
378753,2008/09,2009-01-10,Shere Bangla National Stadium,1,37.4,Zimbabwe,Bangladesh,E Chigumbura,P Utseya,Naeem Islam,4,0,,,,,,,,,
378753,2008/09,2009-01-10,Shere Bangla National Stadium,1,37.5,Zimbabwe,Bangladesh,E Chigumbura,P Utseya,Naeem Islam,0,0,,,,,,,,,
378753,2008/09,2009-01-10,Shere Bangla National Stadium,1,37.6,Zimbabwe,Bangladesh,E Chigumbura,P Utseya,Naeem Islam,1,0,,,,,,,,,
378753,2008/09,2009-01-10,Shere Bangla National Stadium,1,38.1,Zimbabwe,Bangladesh,E Chigumbura,P Utseya,Mashrafe Mortaza,1,0,,,,,,,,,
378753,2008/09,2009-01-10,Shere Bangla National Stadium,1,38.2,Zimbabwe,Bangladesh,P Utseya,E Chigumbura,Mashrafe Mortaza,0,0,,,,,,,,,
378753,2008/09,2009-01-10,Shere Bangla National Stadium,1,38.3,Zimbabwe,Bangladesh,P Utseya,E Chigumbura,Mashrafe Mortaza,1,0,,,,,,,,,
378753,2008/09,2009-01-10,Shere Bangla National Stadium,1,38.4,Zimbabwe,Bangladesh,E Chigumbura,P Utseya,Mashrafe Mortaza,0,0,,,,,,,,,
378753,2008/09,2009-01-10,Shere Bangla National Stadium,1,38.5,Zimbabwe,Bangladesh,E Chigumbura,P Utseya,Mashrafe Mortaza,1,0,,,,,,,,,
378753,2008/09,2009-01-10,Shere Bangla National Stadium,1,38.6,Zimbabwe,Bangladesh,P Utseya,E Chigumbura,Mashrafe Mortaza,0,0,,,,,,,,,
378753,2008/09,2009-01-10,Shere Bangla National Stadium,1,39.1,Zimbabwe,Bangladesh,E Chigumbura,P Utseya,Shakib Al Hasan,0,0,,,,,,,,,
378753,2008/09,2009-01-10,Shere Bangla National Stadium,1,39.2,Zimbabwe,Bangladesh,E Chigumbura,P Utseya,Shakib Al Hasan,0,0,,,,,,,,,
378753,2008/09,2009-01-10,Shere Bangla National Stadium,1,39.3,Zimbabwe,Bangladesh,E Chigumbura,P Utseya,Shakib Al Hasan,0,0,,,,,,,,,
378753,2008/09,2009-01-10,Shere Bangla National Stadium,1,39.4,Zimbabwe,Bangladesh,E Chigumbura,P Utseya,Shakib Al Hasan,0,0,,,,,,,,,
378753,2008/09,2009-01-10,Shere Bangla National Stadium,1,39.5,Zimbabwe,Bangladesh,E Chigumbura,P Utseya,Shakib Al Hasan,1,0,,,,,,,,,
378753,2008/09,2009-01-10,Shere Bangla National Stadium,1,39.6,Zimbabwe,Bangladesh,P Utseya,E Chigumbura,Shakib Al Hasan,0,0,,,,,,,,,
378753,2008/09,2009-01-10,Shere Bangla National Stadium,1,40.1,Zimbabwe,Bangladesh,E Chigumbura,P Utseya,Mehrab Hossain jnr,0,0,,,,,,,,,
378753,2008/09,2009-01-10,Shere Bangla National Stadium,1,40.2,Zimbabwe,Bangladesh,E Chigumbura,P Utseya,Mehrab Hossain jnr,1,0,,,,,,,,,
378753,2008/09,2009-01-10,Shere Bangla National Stadium,1,40.3,Zimbabwe,Bangladesh,P Utseya,E Chigumbura,Mehrab Hossain jnr,0,0,,,,,,,,,
378753,2008/09,2009-01-10,Shere Bangla National Stadium,1,40.4,Zimbabwe,Bangladesh,P Utseya,E Chigumbura,Mehrab Hossain jnr,1,0,,,,,,,,,
378753,2008/09,2009-01-10,Shere Bangla National Stadium,1,40.5,Zimbabwe,Bangladesh,E Chigumbura,P Utseya,Mehrab Hossain jnr,4,0,,,,,,,,,
378753,2008/09,2009-01-10,Shere Bangla National Stadium,1,40.6,Zimbabwe,Bangladesh,E Chigumbura,P Utseya,Mehrab Hossain jnr,0,0,,,,,,,,,
378753,2008/09,2009-01-10,Shere Bangla National Stadium,1,41.1,Zimbabwe,Bangladesh,P Utseya,E Chigumbura,Shakib Al Hasan,0,0,,,,,,,,,
378753,2008/09,2009-01-10,Shere Bangla National Stadium,1,41.2,Zimbabwe,Bangladesh,P Utseya,E Chigumbura,Shakib Al Hasan,1,0,,,,,,,,,
378753,2008/09,2009-01-10,Shere Bangla National Stadium,1,41.3,Zimbabwe,Bangladesh,E Chigumbura,P Utseya,Shakib Al Hasan,0,0,,,,,,,,,
378753,2008/09,2009-01-10,Shere Bangla National Stadium,1,41.4,Zimbabwe,Bangladesh,E Chigumbura,P Utseya,Shakib Al Hasan,0,0,,,,,,,,,
378753,2008/09,2009-01-10,Shere Bangla National Stadium,1,41.5,Zimbabwe,Bangladesh,E Chigumbura,P Utseya,Shakib Al Hasan,1,0,,,,,,,,,
378753,2008/09,2009-01-10,Shere Bangla National Stadium,1,41.6,Zimbabwe,Bangladesh,P Utseya,E Chigumbura,Shakib Al Hasan,0,0,,,,,,,,,
378753,2008/09,2009-01-10,Shere Bangla National Stadium,1,42.1,Zimbabwe,Bangladesh,E Chigumbura,P Utseya,Mehrab Hossain jnr,1,0,,,,,,,,,
378753,2008/09,2009-01-10,Shere Bangla National Stadium,1,42.2,Zimbabwe,Bangladesh,P Utseya,E Chigumbura,Mehrab Hossain jnr,0,0,,,,,,,,,
378753,2008/09,2009-01-10,Shere Bangla National Stadium,1,42.3,Zimbabwe,Bangladesh,P Utseya,E Chigumbura,Mehrab Hossain jnr,0,0,,,,,,,,,
378753,2008/09,2009-01-10,Shere Bangla National Stadium,1,42.4,Zimbabwe,Bangladesh,P Utseya,E Chigumbura,Mehrab Hossain jnr,0,0,,,,,,,,,
378753,2008/09,2009-01-10,Shere Bangla National Stadium,1,42.5,Zimbabwe,Bangladesh,P Utseya,E Chigumbura,Mehrab Hossain jnr,0,0,,,,,,,,,
378753,2008/09,2009-01-10,Shere Bangla National Stadium,1,42.6,Zimbabwe,Bangladesh,P Utseya,E Chigumbura,Mehrab Hossain jnr,0,0,,,,,,,,,
378753,2008/09,2009-01-10,Shere Bangla National Stadium,1,43.1,Zimbabwe,Bangladesh,E Chigumbura,P Utseya,Mahbubul Alam,0,0,,,,,,,,,
378753,2008/09,2009-01-10,Shere Bangla National Stadium,1,43.2,Zimbabwe,Bangladesh,E Chigumbura,P Utseya,Mahbubul Alam,2,0,,,,,,,,,
378753,2008/09,2009-01-10,Shere Bangla National Stadium,1,43.3,Zimbabwe,Bangladesh,E Chigumbura,P Utseya,Mahbubul Alam,1,0,,,,,,,,,
378753,2008/09,2009-01-10,Shere Bangla National Stadium,1,43.4,Zimbabwe,Bangladesh,P Utseya,E Chigumbura,Mahbubul Alam,0,0,,,,,,,,,
378753,2008/09,2009-01-10,Shere Bangla National Stadium,1,43.5,Zimbabwe,Bangladesh,P Utseya,E Chigumbura,Mahbubul Alam,0,1,1,,,,,,,,
378753,2008/09,2009-01-10,Shere Bangla National Stadium,1,43.6,Zimbabwe,Bangladesh,P Utseya,E Chigumbura,Mahbubul Alam,2,0,,,,,,,,,
378753,2008/09,2009-01-10,Shere Bangla National Stadium,1,43.7,Zimbabwe,Bangladesh,P Utseya,E Chigumbura,Mahbubul Alam,0,0,,,,,,,,,
378753,2008/09,2009-01-10,Shere Bangla National Stadium,1,44.1,Zimbabwe,Bangladesh,E Chigumbura,P Utseya,Shakib Al Hasan,1,0,,,,,,,,,
378753,2008/09,2009-01-10,Shere Bangla National Stadium,1,44.2,Zimbabwe,Bangladesh,P Utseya,E Chigumbura,Shakib Al Hasan,0,0,,,,,,,,,
378753,2008/09,2009-01-10,Shere Bangla National Stadium,1,44.3,Zimbabwe,Bangladesh,P Utseya,E Chigumbura,Shakib Al Hasan,0,0,,,,,,,,,
378753,2008/09,2009-01-10,Shere Bangla National Stadium,1,44.4,Zimbabwe,Bangladesh,P Utseya,E Chigumbura,Shakib Al Hasan,0,0,,,,,,caught,P Utseya,,
378753,2008/09,2009-01-10,Shere Bangla National Stadium,1,44.5,Zimbabwe,Bangladesh,E Chigumbura,RW Price,Shakib Al Hasan,0,0,,,,,,,,,
378753,2008/09,2009-01-10,Shere Bangla National Stadium,1,44.6,Zimbabwe,Bangladesh,E Chigumbura,RW Price,Shakib Al Hasan,0,0,,,,,,,,,
378753,2008/09,2009-01-10,Shere Bangla National Stadium,1,45.1,Zimbabwe,Bangladesh,RW Price,E Chigumbura,Mahbubul Alam,0,0,,,,,,,,,
378753,2008/09,2009-01-10,Shere Bangla National Stadium,1,45.2,Zimbabwe,Bangladesh,RW Price,E Chigumbura,Mahbubul Alam,1,0,,,,,,,,,
378753,2008/09,2009-01-10,Shere Bangla National Stadium,1,45.3,Zimbabwe,Bangladesh,E Chigumbura,RW Price,Mahbubul Alam,4,0,,,,,,,,,
378753,2008/09,2009-01-10,Shere Bangla National Stadium,1,45.4,Zimbabwe,Bangladesh,E Chigumbura,RW Price,Mahbubul Alam,1,0,,,,,,,,,
378753,2008/09,2009-01-10,Shere Bangla National Stadium,1,45.5,Zimbabwe,Bangladesh,RW Price,E Chigumbura,Mahbubul Alam,0,0,,,,,,,,,
378753,2008/09,2009-01-10,Shere Bangla National Stadium,1,45.6,Zimbabwe,Bangladesh,RW Price,E Chigumbura,Mahbubul Alam,0,1,1,,,,,,,,
378753,2008/09,2009-01-10,Shere Bangla National Stadium,1,45.7,Zimbabwe,Bangladesh,RW Price,E Chigumbura,Mahbubul Alam,1,0,,,,,,,,,
378753,2008/09,2009-01-10,Shere Bangla National Stadium,1,46.1,Zimbabwe,Bangladesh,RW Price,E Chigumbura,Mashrafe Mortaza,1,0,,,,,,,,,
378753,2008/09,2009-01-10,Shere Bangla National Stadium,1,46.2,Zimbabwe,Bangladesh,E Chigumbura,RW Price,Mashrafe Mortaza,1,0,,,,,,,,,
378753,2008/09,2009-01-10,Shere Bangla National Stadium,1,46.3,Zimbabwe,Bangladesh,RW Price,E Chigumbura,Mashrafe Mortaza,4,0,,,,,,,,,
378753,2008/09,2009-01-10,Shere Bangla National Stadium,1,46.4,Zimbabwe,Bangladesh,RW Price,E Chigumbura,Mashrafe Mortaza,1,0,,,,,,,,,
378753,2008/09,2009-01-10,Shere Bangla National Stadium,1,46.5,Zimbabwe,Bangladesh,E Chigumbura,RW Price,Mashrafe Mortaza,1,0,,,,,,,,,
378753,2008/09,2009-01-10,Shere Bangla National Stadium,1,46.6,Zimbabwe,Bangladesh,RW Price,E Chigumbura,Mashrafe Mortaza,4,0,,,,,,,,,
378753,2008/09,2009-01-10,Shere Bangla National Stadium,1,47.1,Zimbabwe,Bangladesh,E Chigumbura,RW Price,Mahbubul Alam,1,0,,,,,,,,,
378753,2008/09,2009-01-10,Shere Bangla National Stadium,1,47.2,Zimbabwe,Bangladesh,RW Price,E Chigumbura,Mahbubul Alam,1,0,,,,,,,,,
378753,2008/09,2009-01-10,Shere Bangla National Stadium,1,47.3,Zimbabwe,Bangladesh,E Chigumbura,RW Price,Mahbubul Alam,1,0,,,,,,,,,
378753,2008/09,2009-01-10,Shere Bangla National Stadium,1,47.4,Zimbabwe,Bangladesh,RW Price,E Chigumbura,Mahbubul Alam,0,0,,,,,,,,,
378753,2008/09,2009-01-10,Shere Bangla National Stadium,1,47.5,Zimbabwe,Bangladesh,RW Price,E Chigumbura,Mahbubul Alam,2,0,,,,,,,,,
378753,2008/09,2009-01-10,Shere Bangla National Stadium,1,47.6,Zimbabwe,Bangladesh,RW Price,E Chigumbura,Mahbubul Alam,1,0,,,,,,,,,
378753,2008/09,2009-01-10,Shere Bangla National Stadium,1,48.1,Zimbabwe,Bangladesh,RW Price,E Chigumbura,Mashrafe Mortaza,1,0,,,,,,,,,
378753,2008/09,2009-01-10,Shere Bangla National Stadium,1,48.2,Zimbabwe,Bangladesh,E Chigumbura,RW Price,Mashrafe Mortaza,1,0,,,,,,,,,
378753,2008/09,2009-01-10,Shere Bangla National Stadium,1,48.3,Zimbabwe,Bangladesh,RW Price,E Chigumbura,Mashrafe Mortaza,0,0,,,,,,,,,
378753,2008/09,2009-01-10,Shere Bangla National Stadium,1,48.4,Zimbabwe,Bangladesh,RW Price,E Chigumbura,Mashrafe Mortaza,0,1,,,,1,,,,,
378753,2008/09,2009-01-10,Shere Bangla National Stadium,1,48.5,Zimbabwe,Bangladesh,E Chigumbura,RW Price,Mashrafe Mortaza,1,0,,,,,,,,,
378753,2008/09,2009-01-10,Shere Bangla National Stadium,1,48.6,Zimbabwe,Bangladesh,RW Price,E Chigumbura,Mashrafe Mortaza,0,0,,,,,,caught,RW Price,,
378753,2008/09,2009-01-10,Shere Bangla National Stadium,1,49.1,Zimbabwe,Bangladesh,T Mupariwa,E Chigumbura,Mahbubul Alam,0,5,5,,,,,,,,
378753,2008/09,2009-01-10,Shere Bangla National Stadium,1,49.2,Zimbabwe,Bangladesh,T Mupariwa,E Chigumbura,Mahbubul Alam,1,0,,,,,,,,,
378753,2008/09,2009-01-10,Shere Bangla National Stadium,1,49.3,Zimbabwe,Bangladesh,E Chigumbura,T Mupariwa,Mahbubul Alam,2,0,,,,,,,,,
378753,2008/09,2009-01-10,Shere Bangla National Stadium,1,49.4,Zimbabwe,Bangladesh,E Chigumbura,T Mupariwa,Mahbubul Alam,6,0,,,,,,,,,
378753,2008/09,2009-01-10,Shere Bangla National Stadium,1,49.5,Zimbabwe,Bangladesh,E Chigumbura,T Mupariwa,Mahbubul Alam,4,0,,,,,,,,,
378753,2008/09,2009-01-10,Shere Bangla National Stadium,1,49.6,Zimbabwe,Bangladesh,E Chigumbura,T Mupariwa,Mahbubul Alam,1,0,,,,,,run out,E Chigumbura,,
378753,2008/09,2009-01-10,Shere Bangla National Stadium,1,49.7,Zimbabwe,Bangladesh,EC Rainsford,T Mupariwa,Mahbubul Alam,0,1,,,,1,,,,,
378753,2008/09,2009-01-10,Shere Bangla National Stadium,2,0.1,Bangladesh,Zimbabwe,Tamim Iqbal,Junaid Siddique,EC Rainsford,0,0,,,,,,,,,
378753,2008/09,2009-01-10,Shere Bangla National Stadium,2,0.2,Bangladesh,Zimbabwe,Tamim Iqbal,Junaid Siddique,EC Rainsford,0,0,,,,,,,,,
378753,2008/09,2009-01-10,Shere Bangla National Stadium,2,0.3,Bangladesh,Zimbabwe,Tamim Iqbal,Junaid Siddique,EC Rainsford,0,1,1,,,,,,,,
378753,2008/09,2009-01-10,Shere Bangla National Stadium,2,0.4,Bangladesh,Zimbabwe,Tamim Iqbal,Junaid Siddique,EC Rainsford,4,0,,,,,,,,,
378753,2008/09,2009-01-10,Shere Bangla National Stadium,2,0.5,Bangladesh,Zimbabwe,Tamim Iqbal,Junaid Siddique,EC Rainsford,4,0,,,,,,,,,
378753,2008/09,2009-01-10,Shere Bangla National Stadium,2,0.6,Bangladesh,Zimbabwe,Tamim Iqbal,Junaid Siddique,EC Rainsford,0,0,,,,,,,,,
378753,2008/09,2009-01-10,Shere Bangla National Stadium,2,0.7,Bangladesh,Zimbabwe,Tamim Iqbal,Junaid Siddique,EC Rainsford,0,0,,,,,,,,,
378753,2008/09,2009-01-10,Shere Bangla National Stadium,2,1.1,Bangladesh,Zimbabwe,Junaid Siddique,Tamim Iqbal,P Utseya,0,0,,,,,,,,,
378753,2008/09,2009-01-10,Shere Bangla National Stadium,2,1.2,Bangladesh,Zimbabwe,Junaid Siddique,Tamim Iqbal,P Utseya,0,0,,,,,,lbw,Junaid Siddique,,
378753,2008/09,2009-01-10,Shere Bangla National Stadium,2,1.3,Bangladesh,Zimbabwe,Mushfiqur Rahim,Tamim Iqbal,P Utseya,0,0,,,,,,,,,
378753,2008/09,2009-01-10,Shere Bangla National Stadium,2,1.4,Bangladesh,Zimbabwe,Mushfiqur Rahim,Tamim Iqbal,P Utseya,0,0,,,,,,,,,
378753,2008/09,2009-01-10,Shere Bangla National Stadium,2,1.5,Bangladesh,Zimbabwe,Mushfiqur Rahim,Tamim Iqbal,P Utseya,0,0,,,,,,,,,
378753,2008/09,2009-01-10,Shere Bangla National Stadium,2,1.6,Bangladesh,Zimbabwe,Mushfiqur Rahim,Tamim Iqbal,P Utseya,0,0,,,,,,,,,
378753,2008/09,2009-01-10,Shere Bangla National Stadium,2,2.1,Bangladesh,Zimbabwe,Tamim Iqbal,Mushfiqur Rahim,EC Rainsford,0,0,,,,,,,,,
378753,2008/09,2009-01-10,Shere Bangla National Stadium,2,2.2,Bangladesh,Zimbabwe,Tamim Iqbal,Mushfiqur Rahim,EC Rainsford,1,0,,,,,,,,,
378753,2008/09,2009-01-10,Shere Bangla National Stadium,2,2.3,Bangladesh,Zimbabwe,Mushfiqur Rahim,Tamim Iqbal,EC Rainsford,0,0,,,,,,bowled,Mushfiqur Rahim,,
378753,2008/09,2009-01-10,Shere Bangla National Stadium,2,2.4,Bangladesh,Zimbabwe,Mohammad Ashraful,Tamim Iqbal,EC Rainsford,0,0,,,,,,,,,
378753,2008/09,2009-01-10,Shere Bangla National Stadium,2,2.5,Bangladesh,Zimbabwe,Mohammad Ashraful,Tamim Iqbal,EC Rainsford,0,0,,,,,,,,,
378753,2008/09,2009-01-10,Shere Bangla National Stadium,2,2.6,Bangladesh,Zimbabwe,Mohammad Ashraful,Tamim Iqbal,EC Rainsford,0,0,,,,,,,,,
378753,2008/09,2009-01-10,Shere Bangla National Stadium,2,3.1,Bangladesh,Zimbabwe,Tamim Iqbal,Mohammad Ashraful,P Utseya,0,0,,,,,,,,,
378753,2008/09,2009-01-10,Shere Bangla National Stadium,2,3.2,Bangladesh,Zimbabwe,Tamim Iqbal,Mohammad Ashraful,P Utseya,0,0,,,,,,,,,
378753,2008/09,2009-01-10,Shere Bangla National Stadium,2,3.3,Bangladesh,Zimbabwe,Tamim Iqbal,Mohammad Ashraful,P Utseya,0,0,,,,,,,,,
378753,2008/09,2009-01-10,Shere Bangla National Stadium,2,3.4,Bangladesh,Zimbabwe,Tamim Iqbal,Mohammad Ashraful,P Utseya,0,0,,,,,,,,,
378753,2008/09,2009-01-10,Shere Bangla National Stadium,2,3.5,Bangladesh,Zimbabwe,Tamim Iqbal,Mohammad Ashraful,P Utseya,0,0,,,,,,,,,
378753,2008/09,2009-01-10,Shere Bangla National Stadium,2,3.6,Bangladesh,Zimbabwe,Tamim Iqbal,Mohammad Ashraful,P Utseya,0,0,,,,,,,,,
378753,2008/09,2009-01-10,Shere Bangla National Stadium,2,4.1,Bangladesh,Zimbabwe,Mohammad Ashraful,Tamim Iqbal,EC Rainsford,1,0,,,,,,,,,
378753,2008/09,2009-01-10,Shere Bangla National Stadium,2,4.2,Bangladesh,Zimbabwe,Tamim Iqbal,Mohammad Ashraful,EC Rainsford,0,0,,,,,,,,,
378753,2008/09,2009-01-10,Shere Bangla National Stadium,2,4.3,Bangladesh,Zimbabwe,Tamim Iqbal,Mohammad Ashraful,EC Rainsford,0,0,,,,,,,,,
378753,2008/09,2009-01-10,Shere Bangla National Stadium,2,4.4,Bangladesh,Zimbabwe,Tamim Iqbal,Mohammad Ashraful,EC Rainsford,0,0,,,,,,,,,
378753,2008/09,2009-01-10,Shere Bangla National Stadium,2,4.5,Bangladesh,Zimbabwe,Tamim Iqbal,Mohammad Ashraful,EC Rainsford,0,0,,,,,,,,,
378753,2008/09,2009-01-10,Shere Bangla National Stadium,2,4.6,Bangladesh,Zimbabwe,Tamim Iqbal,Mohammad Ashraful,EC Rainsford,0,0,,,,,,,,,
378753,2008/09,2009-01-10,Shere Bangla National Stadium,2,5.1,Bangladesh,Zimbabwe,Mohammad Ashraful,Tamim Iqbal,P Utseya,0,0,,,,,,,,,
378753,2008/09,2009-01-10,Shere Bangla National Stadium,2,5.2,Bangladesh,Zimbabwe,Mohammad Ashraful,Tamim Iqbal,P Utseya,4,0,,,,,,,,,
378753,2008/09,2009-01-10,Shere Bangla National Stadium,2,5.3,Bangladesh,Zimbabwe,Mohammad Ashraful,Tamim Iqbal,P Utseya,0,0,,,,,,,,,
378753,2008/09,2009-01-10,Shere Bangla National Stadium,2,5.4,Bangladesh,Zimbabwe,Mohammad Ashraful,Tamim Iqbal,P Utseya,0,0,,,,,,,,,
378753,2008/09,2009-01-10,Shere Bangla National Stadium,2,5.5,Bangladesh,Zimbabwe,Mohammad Ashraful,Tamim Iqbal,P Utseya,0,0,,,,,,,,,
378753,2008/09,2009-01-10,Shere Bangla National Stadium,2,5.6,Bangladesh,Zimbabwe,Mohammad Ashraful,Tamim Iqbal,P Utseya,0,0,,,,,,,,,
378753,2008/09,2009-01-10,Shere Bangla National Stadium,2,6.1,Bangladesh,Zimbabwe,Tamim Iqbal,Mohammad Ashraful,EC Rainsford,0,0,,,,,,,,,
378753,2008/09,2009-01-10,Shere Bangla National Stadium,2,6.2,Bangladesh,Zimbabwe,Tamim Iqbal,Mohammad Ashraful,EC Rainsford,0,0,,,,,,,,,
378753,2008/09,2009-01-10,Shere Bangla National Stadium,2,6.3,Bangladesh,Zimbabwe,Tamim Iqbal,Mohammad Ashraful,EC Rainsford,0,0,,,,,,,,,
378753,2008/09,2009-01-10,Shere Bangla National Stadium,2,6.4,Bangladesh,Zimbabwe,Tamim Iqbal,Mohammad Ashraful,EC Rainsford,1,0,,,,,,,,,
378753,2008/09,2009-01-10,Shere Bangla National Stadium,2,6.5,Bangladesh,Zimbabwe,Mohammad Ashraful,Tamim Iqbal,EC Rainsford,0,0,,,,,,,,,
378753,2008/09,2009-01-10,Shere Bangla National Stadium,2,6.6,Bangladesh,Zimbabwe,Mohammad Ashraful,Tamim Iqbal,EC Rainsford,0,0,,,,,,,,,
378753,2008/09,2009-01-10,Shere Bangla National Stadium,2,7.1,Bangladesh,Zimbabwe,Tamim Iqbal,Mohammad Ashraful,P Utseya,0,0,,,,,,,,,
378753,2008/09,2009-01-10,Shere Bangla National Stadium,2,7.2,Bangladesh,Zimbabwe,Tamim Iqbal,Mohammad Ashraful,P Utseya,0,0,,,,,,,,,
378753,2008/09,2009-01-10,Shere Bangla National Stadium,2,7.3,Bangladesh,Zimbabwe,Tamim Iqbal,Mohammad Ashraful,P Utseya,0,0,,,,,,,,,
378753,2008/09,2009-01-10,Shere Bangla National Stadium,2,7.4,Bangladesh,Zimbabwe,Tamim Iqbal,Mohammad Ashraful,P Utseya,0,0,,,,,,,,,
378753,2008/09,2009-01-10,Shere Bangla National Stadium,2,7.5,Bangladesh,Zimbabwe,Tamim Iqbal,Mohammad Ashraful,P Utseya,0,0,,,,,,,,,
378753,2008/09,2009-01-10,Shere Bangla National Stadium,2,7.6,Bangladesh,Zimbabwe,Tamim Iqbal,Mohammad Ashraful,P Utseya,0,0,,,,,,,,,
378753,2008/09,2009-01-10,Shere Bangla National Stadium,2,8.1,Bangladesh,Zimbabwe,Mohammad Ashraful,Tamim Iqbal,EC Rainsford,1,0,,,,,,,,,
378753,2008/09,2009-01-10,Shere Bangla National Stadium,2,8.2,Bangladesh,Zimbabwe,Tamim Iqbal,Mohammad Ashraful,EC Rainsford,0,0,,,,,,,,,
378753,2008/09,2009-01-10,Shere Bangla National Stadium,2,8.3,Bangladesh,Zimbabwe,Tamim Iqbal,Mohammad Ashraful,EC Rainsford,1,0,,,,,,,,,
378753,2008/09,2009-01-10,Shere Bangla National Stadium,2,8.4,Bangladesh,Zimbabwe,Mohammad Ashraful,Tamim Iqbal,EC Rainsford,2,0,,,,,,,,,
378753,2008/09,2009-01-10,Shere Bangla National Stadium,2,8.5,Bangladesh,Zimbabwe,Mohammad Ashraful,Tamim Iqbal,EC Rainsford,0,0,,,,,,,,,
378753,2008/09,2009-01-10,Shere Bangla National Stadium,2,8.6,Bangladesh,Zimbabwe,Mohammad Ashraful,Tamim Iqbal,EC Rainsford,0,0,,,,,,,,,
378753,2008/09,2009-01-10,Shere Bangla National Stadium,2,9.1,Bangladesh,Zimbabwe,Tamim Iqbal,Mohammad Ashraful,P Utseya,0,0,,,,,,,,,
378753,2008/09,2009-01-10,Shere Bangla National Stadium,2,9.2,Bangladesh,Zimbabwe,Tamim Iqbal,Mohammad Ashraful,P Utseya,0,0,,,,,,,,,
378753,2008/09,2009-01-10,Shere Bangla National Stadium,2,9.3,Bangladesh,Zimbabwe,Tamim Iqbal,Mohammad Ashraful,P Utseya,0,0,,,,,,,,,
378753,2008/09,2009-01-10,Shere Bangla National Stadium,2,9.4,Bangladesh,Zimbabwe,Tamim Iqbal,Mohammad Ashraful,P Utseya,0,0,,,,,,,,,
378753,2008/09,2009-01-10,Shere Bangla National Stadium,2,9.5,Bangladesh,Zimbabwe,Tamim Iqbal,Mohammad Ashraful,P Utseya,0,0,,,,,,,,,
378753,2008/09,2009-01-10,Shere Bangla National Stadium,2,9.6,Bangladesh,Zimbabwe,Tamim Iqbal,Mohammad Ashraful,P Utseya,1,0,,,,,,,,,
378753,2008/09,2009-01-10,Shere Bangla National Stadium,2,10.1,Bangladesh,Zimbabwe,Tamim Iqbal,Mohammad Ashraful,EC Rainsford,0,0,,,,,,,,,
378753,2008/09,2009-01-10,Shere Bangla National Stadium,2,10.2,Bangladesh,Zimbabwe,Tamim Iqbal,Mohammad Ashraful,EC Rainsford,1,0,,,,,,,,,
378753,2008/09,2009-01-10,Shere Bangla National Stadium,2,10.3,Bangladesh,Zimbabwe,Mohammad Ashraful,Tamim Iqbal,EC Rainsford,4,0,,,,,,,,,
378753,2008/09,2009-01-10,Shere Bangla National Stadium,2,10.4,Bangladesh,Zimbabwe,Mohammad Ashraful,Tamim Iqbal,EC Rainsford,4,0,,,,,,,,,
378753,2008/09,2009-01-10,Shere Bangla National Stadium,2,10.5,Bangladesh,Zimbabwe,Mohammad Ashraful,Tamim Iqbal,EC Rainsford,1,0,,,,,,,,,
378753,2008/09,2009-01-10,Shere Bangla National Stadium,2,10.6,Bangladesh,Zimbabwe,Tamim Iqbal,Mohammad Ashraful,EC Rainsford,0,0,,,,,,,,,
378753,2008/09,2009-01-10,Shere Bangla National Stadium,2,11.1,Bangladesh,Zimbabwe,Mohammad Ashraful,Tamim Iqbal,P Utseya,1,0,,,,,,run out,Tamim Iqbal,,
378753,2008/09,2009-01-10,Shere Bangla National Stadium,2,11.2,Bangladesh,Zimbabwe,Shakib Al Hasan,Mohammad Ashraful,P Utseya,1,0,,,,,,,,,
378753,2008/09,2009-01-10,Shere Bangla National Stadium,2,11.3,Bangladesh,Zimbabwe,Mohammad Ashraful,Shakib Al Hasan,P Utseya,0,0,,,,,,caught,Mohammad Ashraful,,
378753,2008/09,2009-01-10,Shere Bangla National Stadium,2,11.4,Bangladesh,Zimbabwe,Raqibul Hasan,Shakib Al Hasan,P Utseya,1,0,,,,,,,,,
378753,2008/09,2009-01-10,Shere Bangla National Stadium,2,11.5,Bangladesh,Zimbabwe,Shakib Al Hasan,Raqibul Hasan,P Utseya,0,0,,,,,,,,,
378753,2008/09,2009-01-10,Shere Bangla National Stadium,2,11.6,Bangladesh,Zimbabwe,Shakib Al Hasan,Raqibul Hasan,P Utseya,0,0,,,,,,,,,
378753,2008/09,2009-01-10,Shere Bangla National Stadium,2,12.1,Bangladesh,Zimbabwe,Raqibul Hasan,Shakib Al Hasan,T Mupariwa,0,0,,,,,,,,,
378753,2008/09,2009-01-10,Shere Bangla National Stadium,2,12.2,Bangladesh,Zimbabwe,Raqibul Hasan,Shakib Al Hasan,T Mupariwa,0,0,,,,,,,,,
378753,2008/09,2009-01-10,Shere Bangla National Stadium,2,12.3,Bangladesh,Zimbabwe,Raqibul Hasan,Shakib Al Hasan,T Mupariwa,0,1,1,,,,,,,,
378753,2008/09,2009-01-10,Shere Bangla National Stadium,2,12.4,Bangladesh,Zimbabwe,Raqibul Hasan,Shakib Al Hasan,T Mupariwa,1,0,,,,,,,,,
378753,2008/09,2009-01-10,Shere Bangla National Stadium,2,12.5,Bangladesh,Zimbabwe,Shakib Al Hasan,Raqibul Hasan,T Mupariwa,4,0,,,,,,,,,
378753,2008/09,2009-01-10,Shere Bangla National Stadium,2,12.6,Bangladesh,Zimbabwe,Shakib Al Hasan,Raqibul Hasan,T Mupariwa,4,0,,,,,,,,,
378753,2008/09,2009-01-10,Shere Bangla National Stadium,2,12.7,Bangladesh,Zimbabwe,Shakib Al Hasan,Raqibul Hasan,T Mupariwa,1,0,,,,,,,,,
378753,2008/09,2009-01-10,Shere Bangla National Stadium,2,13.1,Bangladesh,Zimbabwe,Shakib Al Hasan,Raqibul Hasan,P Utseya,0,0,,,,,,,,,
378753,2008/09,2009-01-10,Shere Bangla National Stadium,2,13.2,Bangladesh,Zimbabwe,Shakib Al Hasan,Raqibul Hasan,P Utseya,0,0,,,,,,,,,
378753,2008/09,2009-01-10,Shere Bangla National Stadium,2,13.3,Bangladesh,Zimbabwe,Shakib Al Hasan,Raqibul Hasan,P Utseya,0,0,,,,,,,,,
378753,2008/09,2009-01-10,Shere Bangla National Stadium,2,13.4,Bangladesh,Zimbabwe,Shakib Al Hasan,Raqibul Hasan,P Utseya,1,0,,,,,,,,,
378753,2008/09,2009-01-10,Shere Bangla National Stadium,2,13.5,Bangladesh,Zimbabwe,Raqibul Hasan,Shakib Al Hasan,P Utseya,0,0,,,,,,,,,
378753,2008/09,2009-01-10,Shere Bangla National Stadium,2,13.6,Bangladesh,Zimbabwe,Raqibul Hasan,Shakib Al Hasan,P Utseya,4,0,,,,,,,,,
378753,2008/09,2009-01-10,Shere Bangla National Stadium,2,14.1,Bangladesh,Zimbabwe,Shakib Al Hasan,Raqibul Hasan,T Mupariwa,0,0,,,,,,,,,
378753,2008/09,2009-01-10,Shere Bangla National Stadium,2,14.2,Bangladesh,Zimbabwe,Shakib Al Hasan,Raqibul Hasan,T Mupariwa,0,0,,,,,,,,,
378753,2008/09,2009-01-10,Shere Bangla National Stadium,2,14.3,Bangladesh,Zimbabwe,Shakib Al Hasan,Raqibul Hasan,T Mupariwa,0,0,,,,,,,,,
378753,2008/09,2009-01-10,Shere Bangla National Stadium,2,14.4,Bangladesh,Zimbabwe,Shakib Al Hasan,Raqibul Hasan,T Mupariwa,0,1,,,1,,,,,,
378753,2008/09,2009-01-10,Shere Bangla National Stadium,2,14.5,Bangladesh,Zimbabwe,Raqibul Hasan,Shakib Al Hasan,T Mupariwa,4,0,,,,,,,,,
378753,2008/09,2009-01-10,Shere Bangla National Stadium,2,14.6,Bangladesh,Zimbabwe,Raqibul Hasan,Shakib Al Hasan,T Mupariwa,2,0,,,,,,,,,
378753,2008/09,2009-01-10,Shere Bangla National Stadium,2,15.1,Bangladesh,Zimbabwe,Shakib Al Hasan,Raqibul Hasan,KM Dabengwa,1,0,,,,,,,,,
378753,2008/09,2009-01-10,Shere Bangla National Stadium,2,15.2,Bangladesh,Zimbabwe,Raqibul Hasan,Shakib Al Hasan,KM Dabengwa,0,0,,,,,,,,,
378753,2008/09,2009-01-10,Shere Bangla National Stadium,2,15.3,Bangladesh,Zimbabwe,Raqibul Hasan,Shakib Al Hasan,KM Dabengwa,0,0,,,,,,,,,
378753,2008/09,2009-01-10,Shere Bangla National Stadium,2,15.4,Bangladesh,Zimbabwe,Raqibul Hasan,Shakib Al Hasan,KM Dabengwa,0,0,,,,,,,,,
378753,2008/09,2009-01-10,Shere Bangla National Stadium,2,15.5,Bangladesh,Zimbabwe,Raqibul Hasan,Shakib Al Hasan,KM Dabengwa,1,0,,,,,,,,,
378753,2008/09,2009-01-10,Shere Bangla National Stadium,2,15.6,Bangladesh,Zimbabwe,Shakib Al Hasan,Raqibul Hasan,KM Dabengwa,1,0,,,,,,,,,
378753,2008/09,2009-01-10,Shere Bangla National Stadium,2,16.1,Bangladesh,Zimbabwe,Shakib Al Hasan,Raqibul Hasan,T Mupariwa,0,0,,,,,,,,,
378753,2008/09,2009-01-10,Shere Bangla National Stadium,2,16.2,Bangladesh,Zimbabwe,Shakib Al Hasan,Raqibul Hasan,T Mupariwa,0,0,,,,,,,,,
378753,2008/09,2009-01-10,Shere Bangla National Stadium,2,16.3,Bangladesh,Zimbabwe,Shakib Al Hasan,Raqibul Hasan,T Mupariwa,0,0,,,,,,,,,
378753,2008/09,2009-01-10,Shere Bangla National Stadium,2,16.4,Bangladesh,Zimbabwe,Shakib Al Hasan,Raqibul Hasan,T Mupariwa,0,0,,,,,,,,,
378753,2008/09,2009-01-10,Shere Bangla National Stadium,2,16.5,Bangladesh,Zimbabwe,Shakib Al Hasan,Raqibul Hasan,T Mupariwa,0,0,,,,,,,,,
378753,2008/09,2009-01-10,Shere Bangla National Stadium,2,16.6,Bangladesh,Zimbabwe,Shakib Al Hasan,Raqibul Hasan,T Mupariwa,1,0,,,,,,,,,
378753,2008/09,2009-01-10,Shere Bangla National Stadium,2,17.1,Bangladesh,Zimbabwe,Shakib Al Hasan,Raqibul Hasan,KM Dabengwa,1,0,,,,,,,,,
378753,2008/09,2009-01-10,Shere Bangla National Stadium,2,17.2,Bangladesh,Zimbabwe,Raqibul Hasan,Shakib Al Hasan,KM Dabengwa,1,0,,,,,,,,,
378753,2008/09,2009-01-10,Shere Bangla National Stadium,2,17.3,Bangladesh,Zimbabwe,Shakib Al Hasan,Raqibul Hasan,KM Dabengwa,0,0,,,,,,,,,
378753,2008/09,2009-01-10,Shere Bangla National Stadium,2,17.4,Bangladesh,Zimbabwe,Shakib Al Hasan,Raqibul Hasan,KM Dabengwa,0,0,,,,,,,,,
378753,2008/09,2009-01-10,Shere Bangla National Stadium,2,17.5,Bangladesh,Zimbabwe,Shakib Al Hasan,Raqibul Hasan,KM Dabengwa,1,0,,,,,,,,,
378753,2008/09,2009-01-10,Shere Bangla National Stadium,2,17.6,Bangladesh,Zimbabwe,Raqibul Hasan,Shakib Al Hasan,KM Dabengwa,0,0,,,,,,,,,
378753,2008/09,2009-01-10,Shere Bangla National Stadium,2,18.1,Bangladesh,Zimbabwe,Shakib Al Hasan,Raqibul Hasan,T Mupariwa,1,0,,,,,,,,,
378753,2008/09,2009-01-10,Shere Bangla National Stadium,2,18.2,Bangladesh,Zimbabwe,Raqibul Hasan,Shakib Al Hasan,T Mupariwa,1,0,,,,,,,,,
378753,2008/09,2009-01-10,Shere Bangla National Stadium,2,18.3,Bangladesh,Zimbabwe,Shakib Al Hasan,Raqibul Hasan,T Mupariwa,0,0,,,,,,,,,
378753,2008/09,2009-01-10,Shere Bangla National Stadium,2,18.4,Bangladesh,Zimbabwe,Shakib Al Hasan,Raqibul Hasan,T Mupariwa,0,0,,,,,,,,,
378753,2008/09,2009-01-10,Shere Bangla National Stadium,2,18.5,Bangladesh,Zimbabwe,Shakib Al Hasan,Raqibul Hasan,T Mupariwa,1,0,,,,,,,,,
378753,2008/09,2009-01-10,Shere Bangla National Stadium,2,18.6,Bangladesh,Zimbabwe,Raqibul Hasan,Shakib Al Hasan,T Mupariwa,1,0,,,,,,,,,
378753,2008/09,2009-01-10,Shere Bangla National Stadium,2,19.1,Bangladesh,Zimbabwe,Raqibul Hasan,Shakib Al Hasan,KM Dabengwa,0,0,,,,,,,,,
378753,2008/09,2009-01-10,Shere Bangla National Stadium,2,19.2,Bangladesh,Zimbabwe,Raqibul Hasan,Shakib Al Hasan,KM Dabengwa,0,0,,,,,,,,,
378753,2008/09,2009-01-10,Shere Bangla National Stadium,2,19.3,Bangladesh,Zimbabwe,Raqibul Hasan,Shakib Al Hasan,KM Dabengwa,0,0,,,,,,,,,
378753,2008/09,2009-01-10,Shere Bangla National Stadium,2,19.4,Bangladesh,Zimbabwe,Raqibul Hasan,Shakib Al Hasan,KM Dabengwa,0,0,,,,,,,,,
378753,2008/09,2009-01-10,Shere Bangla National Stadium,2,19.5,Bangladesh,Zimbabwe,Raqibul Hasan,Shakib Al Hasan,KM Dabengwa,1,0,,,,,,,,,
378753,2008/09,2009-01-10,Shere Bangla National Stadium,2,19.6,Bangladesh,Zimbabwe,Shakib Al Hasan,Raqibul Hasan,KM Dabengwa,1,0,,,,,,,,,
378753,2008/09,2009-01-10,Shere Bangla National Stadium,2,20.1,Bangladesh,Zimbabwe,Shakib Al Hasan,Raqibul Hasan,T Mupariwa,0,0,,,,,,,,,
378753,2008/09,2009-01-10,Shere Bangla National Stadium,2,20.2,Bangladesh,Zimbabwe,Shakib Al Hasan,Raqibul Hasan,T Mupariwa,4,0,,,,,,,,,
378753,2008/09,2009-01-10,Shere Bangla National Stadium,2,20.3,Bangladesh,Zimbabwe,Shakib Al Hasan,Raqibul Hasan,T Mupariwa,1,0,,,,,,,,,
378753,2008/09,2009-01-10,Shere Bangla National Stadium,2,20.4,Bangladesh,Zimbabwe,Raqibul Hasan,Shakib Al Hasan,T Mupariwa,0,0,,,,,,,,,
378753,2008/09,2009-01-10,Shere Bangla National Stadium,2,20.5,Bangladesh,Zimbabwe,Raqibul Hasan,Shakib Al Hasan,T Mupariwa,1,0,,,,,,,,,
378753,2008/09,2009-01-10,Shere Bangla National Stadium,2,20.6,Bangladesh,Zimbabwe,Shakib Al Hasan,Raqibul Hasan,T Mupariwa,1,0,,,,,,,,,
378753,2008/09,2009-01-10,Shere Bangla National Stadium,2,21.1,Bangladesh,Zimbabwe,Shakib Al Hasan,Raqibul Hasan,KM Dabengwa,0,0,,,,,,,,,
378753,2008/09,2009-01-10,Shere Bangla National Stadium,2,21.2,Bangladesh,Zimbabwe,Shakib Al Hasan,Raqibul Hasan,KM Dabengwa,1,0,,,,,,,,,
378753,2008/09,2009-01-10,Shere Bangla National Stadium,2,21.3,Bangladesh,Zimbabwe,Raqibul Hasan,Shakib Al Hasan,KM Dabengwa,0,0,,,,,,,,,
378753,2008/09,2009-01-10,Shere Bangla National Stadium,2,21.4,Bangladesh,Zimbabwe,Raqibul Hasan,Shakib Al Hasan,KM Dabengwa,1,0,,,,,,,,,
378753,2008/09,2009-01-10,Shere Bangla National Stadium,2,21.5,Bangladesh,Zimbabwe,Shakib Al Hasan,Raqibul Hasan,KM Dabengwa,1,0,,,,,,,,,
378753,2008/09,2009-01-10,Shere Bangla National Stadium,2,21.6,Bangladesh,Zimbabwe,Raqibul Hasan,Shakib Al Hasan,KM Dabengwa,0,0,,,,,,,,,
378753,2008/09,2009-01-10,Shere Bangla National Stadium,2,22.1,Bangladesh,Zimbabwe,Shakib Al Hasan,Raqibul Hasan,RW Price,1,0,,,,,,,,,
378753,2008/09,2009-01-10,Shere Bangla National Stadium,2,22.2,Bangladesh,Zimbabwe,Raqibul Hasan,Shakib Al Hasan,RW Price,1,0,,,,,,,,,
378753,2008/09,2009-01-10,Shere Bangla National Stadium,2,22.3,Bangladesh,Zimbabwe,Shakib Al Hasan,Raqibul Hasan,RW Price,1,0,,,,,,,,,
378753,2008/09,2009-01-10,Shere Bangla National Stadium,2,22.4,Bangladesh,Zimbabwe,Raqibul Hasan,Shakib Al Hasan,RW Price,0,0,,,,,,,,,
378753,2008/09,2009-01-10,Shere Bangla National Stadium,2,22.5,Bangladesh,Zimbabwe,Raqibul Hasan,Shakib Al Hasan,RW Price,0,0,,,,,,,,,
378753,2008/09,2009-01-10,Shere Bangla National Stadium,2,22.6,Bangladesh,Zimbabwe,Raqibul Hasan,Shakib Al Hasan,RW Price,0,0,,,,,,,,,
378753,2008/09,2009-01-10,Shere Bangla National Stadium,2,23.1,Bangladesh,Zimbabwe,Shakib Al Hasan,Raqibul Hasan,KM Dabengwa,0,0,,,,,,,,,
378753,2008/09,2009-01-10,Shere Bangla National Stadium,2,23.2,Bangladesh,Zimbabwe,Shakib Al Hasan,Raqibul Hasan,KM Dabengwa,0,0,,,,,,,,,
378753,2008/09,2009-01-10,Shere Bangla National Stadium,2,23.3,Bangladesh,Zimbabwe,Shakib Al Hasan,Raqibul Hasan,KM Dabengwa,0,0,,,,,,,,,
378753,2008/09,2009-01-10,Shere Bangla National Stadium,2,23.4,Bangladesh,Zimbabwe,Shakib Al Hasan,Raqibul Hasan,KM Dabengwa,1,0,,,,,,,,,
378753,2008/09,2009-01-10,Shere Bangla National Stadium,2,23.5,Bangladesh,Zimbabwe,Raqibul Hasan,Shakib Al Hasan,KM Dabengwa,1,0,,,,,,,,,
378753,2008/09,2009-01-10,Shere Bangla National Stadium,2,23.6,Bangladesh,Zimbabwe,Shakib Al Hasan,Raqibul Hasan,KM Dabengwa,1,0,,,,,,,,,
378753,2008/09,2009-01-10,Shere Bangla National Stadium,2,24.1,Bangladesh,Zimbabwe,Shakib Al Hasan,Raqibul Hasan,RW Price,1,0,,,,,,,,,
378753,2008/09,2009-01-10,Shere Bangla National Stadium,2,24.2,Bangladesh,Zimbabwe,Raqibul Hasan,Shakib Al Hasan,RW Price,0,0,,,,,,,,,
378753,2008/09,2009-01-10,Shere Bangla National Stadium,2,24.3,Bangladesh,Zimbabwe,Raqibul Hasan,Shakib Al Hasan,RW Price,1,0,,,,,,,,,
378753,2008/09,2009-01-10,Shere Bangla National Stadium,2,24.4,Bangladesh,Zimbabwe,Shakib Al Hasan,Raqibul Hasan,RW Price,1,0,,,,,,,,,
378753,2008/09,2009-01-10,Shere Bangla National Stadium,2,24.5,Bangladesh,Zimbabwe,Raqibul Hasan,Shakib Al Hasan,RW Price,1,0,,,,,,,,,
378753,2008/09,2009-01-10,Shere Bangla National Stadium,2,24.6,Bangladesh,Zimbabwe,Shakib Al Hasan,Raqibul Hasan,RW Price,1,0,,,,,,,,,
378753,2008/09,2009-01-10,Shere Bangla National Stadium,2,25.1,Bangladesh,Zimbabwe,Shakib Al Hasan,Raqibul Hasan,KM Dabengwa,1,0,,,,,,,,,
378753,2008/09,2009-01-10,Shere Bangla National Stadium,2,25.2,Bangladesh,Zimbabwe,Raqibul Hasan,Shakib Al Hasan,KM Dabengwa,0,0,,,,,,,,,
378753,2008/09,2009-01-10,Shere Bangla National Stadium,2,25.3,Bangladesh,Zimbabwe,Raqibul Hasan,Shakib Al Hasan,KM Dabengwa,0,0,,,,,,bowled,Raqibul Hasan,,
378753,2008/09,2009-01-10,Shere Bangla National Stadium,2,25.4,Bangladesh,Zimbabwe,Mehrab Hossain jnr,Shakib Al Hasan,KM Dabengwa,1,0,,,,,,,,,
378753,2008/09,2009-01-10,Shere Bangla National Stadium,2,25.5,Bangladesh,Zimbabwe,Shakib Al Hasan,Mehrab Hossain jnr,KM Dabengwa,1,0,,,,,,,,,
378753,2008/09,2009-01-10,Shere Bangla National Stadium,2,25.6,Bangladesh,Zimbabwe,Mehrab Hossain jnr,Shakib Al Hasan,KM Dabengwa,1,0,,,,,,,,,
378753,2008/09,2009-01-10,Shere Bangla National Stadium,2,26.1,Bangladesh,Zimbabwe,Mehrab Hossain jnr,Shakib Al Hasan,RW Price,0,0,,,,,,,,,
378753,2008/09,2009-01-10,Shere Bangla National Stadium,2,26.2,Bangladesh,Zimbabwe,Mehrab Hossain jnr,Shakib Al Hasan,RW Price,0,0,,,,,,stumped,Mehrab Hossain jnr,,
378753,2008/09,2009-01-10,Shere Bangla National Stadium,2,26.3,Bangladesh,Zimbabwe,Naeem Islam,Shakib Al Hasan,RW Price,0,0,,,,,,,,,
378753,2008/09,2009-01-10,Shere Bangla National Stadium,2,26.4,Bangladesh,Zimbabwe,Naeem Islam,Shakib Al Hasan,RW Price,0,0,,,,,,,,,
378753,2008/09,2009-01-10,Shere Bangla National Stadium,2,26.5,Bangladesh,Zimbabwe,Naeem Islam,Shakib Al Hasan,RW Price,0,0,,,,,,,,,
378753,2008/09,2009-01-10,Shere Bangla National Stadium,2,26.6,Bangladesh,Zimbabwe,Naeem Islam,Shakib Al Hasan,RW Price,0,0,,,,,,,,,
378753,2008/09,2009-01-10,Shere Bangla National Stadium,2,27.1,Bangladesh,Zimbabwe,Shakib Al Hasan,Naeem Islam,KM Dabengwa,1,0,,,,,,,,,
378753,2008/09,2009-01-10,Shere Bangla National Stadium,2,27.2,Bangladesh,Zimbabwe,Naeem Islam,Shakib Al Hasan,KM Dabengwa,0,0,,,,,,,,,
378753,2008/09,2009-01-10,Shere Bangla National Stadium,2,27.3,Bangladesh,Zimbabwe,Naeem Islam,Shakib Al Hasan,KM Dabengwa,0,0,,,,,,,,,
378753,2008/09,2009-01-10,Shere Bangla National Stadium,2,27.4,Bangladesh,Zimbabwe,Naeem Islam,Shakib Al Hasan,KM Dabengwa,0,0,,,,,,,,,
378753,2008/09,2009-01-10,Shere Bangla National Stadium,2,27.5,Bangladesh,Zimbabwe,Naeem Islam,Shakib Al Hasan,KM Dabengwa,0,0,,,,,,,,,
378753,2008/09,2009-01-10,Shere Bangla National Stadium,2,27.6,Bangladesh,Zimbabwe,Naeem Islam,Shakib Al Hasan,KM Dabengwa,1,0,,,,,,,,,
378753,2008/09,2009-01-10,Shere Bangla National Stadium,2,28.1,Bangladesh,Zimbabwe,Naeem Islam,Shakib Al Hasan,RW Price,1,0,,,,,,,,,
378753,2008/09,2009-01-10,Shere Bangla National Stadium,2,28.2,Bangladesh,Zimbabwe,Shakib Al Hasan,Naeem Islam,RW Price,3,0,,,,,,,,,
378753,2008/09,2009-01-10,Shere Bangla National Stadium,2,28.3,Bangladesh,Zimbabwe,Naeem Islam,Shakib Al Hasan,RW Price,1,0,,,,,,,,,
378753,2008/09,2009-01-10,Shere Bangla National Stadium,2,28.4,Bangladesh,Zimbabwe,Shakib Al Hasan,Naeem Islam,RW Price,1,0,,,,,,,,,
378753,2008/09,2009-01-10,Shere Bangla National Stadium,2,28.5,Bangladesh,Zimbabwe,Naeem Islam,Shakib Al Hasan,RW Price,1,0,,,,,,,,,
378753,2008/09,2009-01-10,Shere Bangla National Stadium,2,28.6,Bangladesh,Zimbabwe,Shakib Al Hasan,Naeem Islam,RW Price,1,0,,,,,,,,,
378753,2008/09,2009-01-10,Shere Bangla National Stadium,2,29.1,Bangladesh,Zimbabwe,Shakib Al Hasan,Naeem Islam,KM Dabengwa,1,0,,,,,,,,,
378753,2008/09,2009-01-10,Shere Bangla National Stadium,2,29.2,Bangladesh,Zimbabwe,Naeem Islam,Shakib Al Hasan,KM Dabengwa,0,0,,,,,,,,,
378753,2008/09,2009-01-10,Shere Bangla National Stadium,2,29.3,Bangladesh,Zimbabwe,Naeem Islam,Shakib Al Hasan,KM Dabengwa,0,1,1,,,,,,,,
378753,2008/09,2009-01-10,Shere Bangla National Stadium,2,29.4,Bangladesh,Zimbabwe,Naeem Islam,Shakib Al Hasan,KM Dabengwa,0,0,,,,,,,,,
378753,2008/09,2009-01-10,Shere Bangla National Stadium,2,29.5,Bangladesh,Zimbabwe,Naeem Islam,Shakib Al Hasan,KM Dabengwa,0,0,,,,,,,,,
378753,2008/09,2009-01-10,Shere Bangla National Stadium,2,29.6,Bangladesh,Zimbabwe,Naeem Islam,Shakib Al Hasan,KM Dabengwa,0,0,,,,,,,,,
378753,2008/09,2009-01-10,Shere Bangla National Stadium,2,29.7,Bangladesh,Zimbabwe,Naeem Islam,Shakib Al Hasan,KM Dabengwa,0,0,,,,,,,,,
378753,2008/09,2009-01-10,Shere Bangla National Stadium,2,30.1,Bangladesh,Zimbabwe,Shakib Al Hasan,Naeem Islam,RW Price,1,0,,,,,,,,,
378753,2008/09,2009-01-10,Shere Bangla National Stadium,2,30.2,Bangladesh,Zimbabwe,Naeem Islam,Shakib Al Hasan,RW Price,0,0,,,,,,,,,
378753,2008/09,2009-01-10,Shere Bangla National Stadium,2,30.3,Bangladesh,Zimbabwe,Naeem Islam,Shakib Al Hasan,RW Price,0,0,,,,,,,,,
378753,2008/09,2009-01-10,Shere Bangla National Stadium,2,30.4,Bangladesh,Zimbabwe,Naeem Islam,Shakib Al Hasan,RW Price,0,0,,,,,,,,,
378753,2008/09,2009-01-10,Shere Bangla National Stadium,2,30.5,Bangladesh,Zimbabwe,Naeem Islam,Shakib Al Hasan,RW Price,2,0,,,,,,,,,
378753,2008/09,2009-01-10,Shere Bangla National Stadium,2,30.6,Bangladesh,Zimbabwe,Naeem Islam,Shakib Al Hasan,RW Price,0,0,,,,,,,,,
378753,2008/09,2009-01-10,Shere Bangla National Stadium,2,31.1,Bangladesh,Zimbabwe,Shakib Al Hasan,Naeem Islam,KM Dabengwa,0,0,,,,,,,,,
378753,2008/09,2009-01-10,Shere Bangla National Stadium,2,31.2,Bangladesh,Zimbabwe,Shakib Al Hasan,Naeem Islam,KM Dabengwa,0,0,,,,,,,,,
378753,2008/09,2009-01-10,Shere Bangla National Stadium,2,31.3,Bangladesh,Zimbabwe,Shakib Al Hasan,Naeem Islam,KM Dabengwa,1,0,,,,,,,,,
378753,2008/09,2009-01-10,Shere Bangla National Stadium,2,31.4,Bangladesh,Zimbabwe,Naeem Islam,Shakib Al Hasan,KM Dabengwa,1,0,,,,,,,,,
378753,2008/09,2009-01-10,Shere Bangla National Stadium,2,31.5,Bangladesh,Zimbabwe,Shakib Al Hasan,Naeem Islam,KM Dabengwa,1,0,,,,,,,,,
378753,2008/09,2009-01-10,Shere Bangla National Stadium,2,31.6,Bangladesh,Zimbabwe,Naeem Islam,Shakib Al Hasan,KM Dabengwa,0,0,,,,,,,,,
378753,2008/09,2009-01-10,Shere Bangla National Stadium,2,32.1,Bangladesh,Zimbabwe,Shakib Al Hasan,Naeem Islam,RW Price,1,0,,,,,,,,,
378753,2008/09,2009-01-10,Shere Bangla National Stadium,2,32.2,Bangladesh,Zimbabwe,Naeem Islam,Shakib Al Hasan,RW Price,0,0,,,,,,,,,
378753,2008/09,2009-01-10,Shere Bangla National Stadium,2,32.3,Bangladesh,Zimbabwe,Naeem Islam,Shakib Al Hasan,RW Price,0,0,,,,,,,,,
378753,2008/09,2009-01-10,Shere Bangla National Stadium,2,32.4,Bangladesh,Zimbabwe,Naeem Islam,Shakib Al Hasan,RW Price,0,0,,,,,,,,,
378753,2008/09,2009-01-10,Shere Bangla National Stadium,2,32.5,Bangladesh,Zimbabwe,Naeem Islam,Shakib Al Hasan,RW Price,4,0,,,,,,,,,
378753,2008/09,2009-01-10,Shere Bangla National Stadium,2,32.6,Bangladesh,Zimbabwe,Naeem Islam,Shakib Al Hasan,RW Price,0,0,,,,,,,,,
378753,2008/09,2009-01-10,Shere Bangla National Stadium,2,33.1,Bangladesh,Zimbabwe,Shakib Al Hasan,Naeem Islam,KM Dabengwa,1,0,,,,,,,,,
378753,2008/09,2009-01-10,Shere Bangla National Stadium,2,33.2,Bangladesh,Zimbabwe,Naeem Islam,Shakib Al Hasan,KM Dabengwa,1,0,,,,,,,,,
378753,2008/09,2009-01-10,Shere Bangla National Stadium,2,33.3,Bangladesh,Zimbabwe,Shakib Al Hasan,Naeem Islam,KM Dabengwa,1,0,,,,,,,,,
378753,2008/09,2009-01-10,Shere Bangla National Stadium,2,33.4,Bangladesh,Zimbabwe,Naeem Islam,Shakib Al Hasan,KM Dabengwa,0,0,,,,,,,,,
378753,2008/09,2009-01-10,Shere Bangla National Stadium,2,33.5,Bangladesh,Zimbabwe,Naeem Islam,Shakib Al Hasan,KM Dabengwa,1,0,,,,,,,,,
378753,2008/09,2009-01-10,Shere Bangla National Stadium,2,33.6,Bangladesh,Zimbabwe,Shakib Al Hasan,Naeem Islam,KM Dabengwa,1,0,,,,,,,,,
378753,2008/09,2009-01-10,Shere Bangla National Stadium,2,34.1,Bangladesh,Zimbabwe,Shakib Al Hasan,Naeem Islam,E Chigumbura,2,0,,,,,,,,,
378753,2008/09,2009-01-10,Shere Bangla National Stadium,2,34.2,Bangladesh,Zimbabwe,Shakib Al Hasan,Naeem Islam,E Chigumbura,0,1,1,,,,,,,,
378753,2008/09,2009-01-10,Shere Bangla National Stadium,2,34.3,Bangladesh,Zimbabwe,Shakib Al Hasan,Naeem Islam,E Chigumbura,0,0,,,,,,caught,Shakib Al Hasan,,
378753,2008/09,2009-01-10,Shere Bangla National Stadium,2,34.4,Bangladesh,Zimbabwe,Mashrafe Mortaza,Naeem Islam,E Chigumbura,0,0,,,,,,,,,
378753,2008/09,2009-01-10,Shere Bangla National Stadium,2,34.5,Bangladesh,Zimbabwe,Mashrafe Mortaza,Naeem Islam,E Chigumbura,0,0,,,,,,,,,
378753,2008/09,2009-01-10,Shere Bangla National Stadium,2,34.6,Bangladesh,Zimbabwe,Mashrafe Mortaza,Naeem Islam,E Chigumbura,0,0,,,,,,,,,
378753,2008/09,2009-01-10,Shere Bangla National Stadium,2,34.7,Bangladesh,Zimbabwe,Mashrafe Mortaza,Naeem Islam,E Chigumbura,0,0,,,,,,,,,
378753,2008/09,2009-01-10,Shere Bangla National Stadium,2,35.1,Bangladesh,Zimbabwe,Naeem Islam,Mashrafe Mortaza,RW Price,0,0,,,,,,,,,
378753,2008/09,2009-01-10,Shere Bangla National Stadium,2,35.2,Bangladesh,Zimbabwe,Naeem Islam,Mashrafe Mortaza,RW Price,0,0,,,,,,,,,
378753,2008/09,2009-01-10,Shere Bangla National Stadium,2,35.3,Bangladesh,Zimbabwe,Naeem Islam,Mashrafe Mortaza,RW Price,1,0,,,,,,,,,
378753,2008/09,2009-01-10,Shere Bangla National Stadium,2,35.4,Bangladesh,Zimbabwe,Mashrafe Mortaza,Naeem Islam,RW Price,0,0,,,,,,,,,
378753,2008/09,2009-01-10,Shere Bangla National Stadium,2,35.5,Bangladesh,Zimbabwe,Mashrafe Mortaza,Naeem Islam,RW Price,0,0,,,,,,,,,
378753,2008/09,2009-01-10,Shere Bangla National Stadium,2,35.6,Bangladesh,Zimbabwe,Mashrafe Mortaza,Naeem Islam,RW Price,0,0,,,,,,,,,
378753,2008/09,2009-01-10,Shere Bangla National Stadium,2,36.1,Bangladesh,Zimbabwe,Naeem Islam,Mashrafe Mortaza,E Chigumbura,0,0,,,,,,,,,
378753,2008/09,2009-01-10,Shere Bangla National Stadium,2,36.2,Bangladesh,Zimbabwe,Naeem Islam,Mashrafe Mortaza,E Chigumbura,0,0,,,,,,,,,
378753,2008/09,2009-01-10,Shere Bangla National Stadium,2,36.3,Bangladesh,Zimbabwe,Naeem Islam,Mashrafe Mortaza,E Chigumbura,1,0,,,,,,,,,
378753,2008/09,2009-01-10,Shere Bangla National Stadium,2,36.4,Bangladesh,Zimbabwe,Mashrafe Mortaza,Naeem Islam,E Chigumbura,2,0,,,,,,,,,
378753,2008/09,2009-01-10,Shere Bangla National Stadium,2,36.5,Bangladesh,Zimbabwe,Mashrafe Mortaza,Naeem Islam,E Chigumbura,0,0,,,,,,,,,
378753,2008/09,2009-01-10,Shere Bangla National Stadium,2,36.6,Bangladesh,Zimbabwe,Mashrafe Mortaza,Naeem Islam,E Chigumbura,0,1,,,,1,,,,,
378753,2008/09,2009-01-10,Shere Bangla National Stadium,2,37.1,Bangladesh,Zimbabwe,Mashrafe Mortaza,Naeem Islam,RW Price,1,0,,,,,,,,,
378753,2008/09,2009-01-10,Shere Bangla National Stadium,2,37.2,Bangladesh,Zimbabwe,Naeem Islam,Mashrafe Mortaza,RW Price,0,0,,,,,,,,,
378753,2008/09,2009-01-10,Shere Bangla National Stadium,2,37.3,Bangladesh,Zimbabwe,Naeem Islam,Mashrafe Mortaza,RW Price,0,0,,,,,,,,,
378753,2008/09,2009-01-10,Shere Bangla National Stadium,2,37.4,Bangladesh,Zimbabwe,Naeem Islam,Mashrafe Mortaza,RW Price,0,0,,,,,,run out,Mashrafe Mortaza,,
378753,2008/09,2009-01-10,Shere Bangla National Stadium,2,37.5,Bangladesh,Zimbabwe,Mahbubul Alam,Naeem Islam,RW Price,2,0,,,,,,,,,
378753,2008/09,2009-01-10,Shere Bangla National Stadium,2,37.6,Bangladesh,Zimbabwe,Mahbubul Alam,Naeem Islam,RW Price,0,0,,,,,,,,,
378753,2008/09,2009-01-10,Shere Bangla National Stadium,2,38.1,Bangladesh,Zimbabwe,Naeem Islam,Mahbubul Alam,P Utseya,1,0,,,,,,,,,
378753,2008/09,2009-01-10,Shere Bangla National Stadium,2,38.2,Bangladesh,Zimbabwe,Mahbubul Alam,Naeem Islam,P Utseya,0,0,,,,,,,,,
378753,2008/09,2009-01-10,Shere Bangla National Stadium,2,38.3,Bangladesh,Zimbabwe,Mahbubul Alam,Naeem Islam,P Utseya,0,0,,,,,,,,,
378753,2008/09,2009-01-10,Shere Bangla National Stadium,2,38.4,Bangladesh,Zimbabwe,Mahbubul Alam,Naeem Islam,P Utseya,0,0,,,,,,,,,
378753,2008/09,2009-01-10,Shere Bangla National Stadium,2,38.5,Bangladesh,Zimbabwe,Mahbubul Alam,Naeem Islam,P Utseya,0,0,,,,,,,,,
378753,2008/09,2009-01-10,Shere Bangla National Stadium,2,38.6,Bangladesh,Zimbabwe,Mahbubul Alam,Naeem Islam,P Utseya,0,0,,,,,,,,,
378753,2008/09,2009-01-10,Shere Bangla National Stadium,2,39.1,Bangladesh,Zimbabwe,Naeem Islam,Mahbubul Alam,E Chigumbura,1,0,,,,,,,,,
378753,2008/09,2009-01-10,Shere Bangla National Stadium,2,39.2,Bangladesh,Zimbabwe,Mahbubul Alam,Naeem Islam,E Chigumbura,0,1,,,,1,,,,,
378753,2008/09,2009-01-10,Shere Bangla National Stadium,2,39.3,Bangladesh,Zimbabwe,Naeem Islam,Mahbubul Alam,E Chigumbura,0,1,1,,,,,,,,
378753,2008/09,2009-01-10,Shere Bangla National Stadium,2,39.4,Bangladesh,Zimbabwe,Naeem Islam,Mahbubul Alam,E Chigumbura,0,0,,,,,,,,,
378753,2008/09,2009-01-10,Shere Bangla National Stadium,2,39.5,Bangladesh,Zimbabwe,Naeem Islam,Mahbubul Alam,E Chigumbura,1,0,,,,,,,,,
378753,2008/09,2009-01-10,Shere Bangla National Stadium,2,39.6,Bangladesh,Zimbabwe,Mahbubul Alam,Naeem Islam,E Chigumbura,2,0,,,,,,,,,
378753,2008/09,2009-01-10,Shere Bangla National Stadium,2,39.7,Bangladesh,Zimbabwe,Mahbubul Alam,Naeem Islam,E Chigumbura,0,0,,,,,,,,,
378753,2008/09,2009-01-10,Shere Bangla National Stadium,2,40.1,Bangladesh,Zimbabwe,Naeem Islam,Mahbubul Alam,P Utseya,0,0,,,,,,,,,
378753,2008/09,2009-01-10,Shere Bangla National Stadium,2,40.2,Bangladesh,Zimbabwe,Naeem Islam,Mahbubul Alam,P Utseya,1,0,,,,,,,,,
378753,2008/09,2009-01-10,Shere Bangla National Stadium,2,40.3,Bangladesh,Zimbabwe,Mahbubul Alam,Naeem Islam,P Utseya,0,0,,,,,,,,,
378753,2008/09,2009-01-10,Shere Bangla National Stadium,2,40.4,Bangladesh,Zimbabwe,Mahbubul Alam,Naeem Islam,P Utseya,0,0,,,,,,,,,
378753,2008/09,2009-01-10,Shere Bangla National Stadium,2,40.5,Bangladesh,Zimbabwe,Mahbubul Alam,Naeem Islam,P Utseya,0,0,,,,,,,,,
378753,2008/09,2009-01-10,Shere Bangla National Stadium,2,40.6,Bangladesh,Zimbabwe,Mahbubul Alam,Naeem Islam,P Utseya,0,0,,,,,,,,,
378753,2008/09,2009-01-10,Shere Bangla National Stadium,2,41.1,Bangladesh,Zimbabwe,Naeem Islam,Mahbubul Alam,E Chigumbura,1,0,,,,,,,,,
378753,2008/09,2009-01-10,Shere Bangla National Stadium,2,41.2,Bangladesh,Zimbabwe,Naeem Islam,Mahbubul Alam,E Chigumbura,0,0,,,,,,,,,
378753,2008/09,2009-01-10,Shere Bangla National Stadium,2,41.3,Bangladesh,Zimbabwe,Naeem Islam,Mahbubul Alam,E Chigumbura,0,1,1,,,,,,,,
378753,2008/09,2009-01-10,Shere Bangla National Stadium,2,41.4,Bangladesh,Zimbabwe,Naeem Islam,Mahbubul Alam,E Chigumbura,1,0,,,,,,,,,
378753,2008/09,2009-01-10,Shere Bangla National Stadium,2,41.5,Bangladesh,Zimbabwe,Mahbubul Alam,Naeem Islam,E Chigumbura,1,0,,,,,,,,,
378753,2008/09,2009-01-10,Shere Bangla National Stadium,2,41.6,Bangladesh,Zimbabwe,Naeem Islam,Mahbubul Alam,E Chigumbura,0,0,,,,,,,,,
378753,2008/09,2009-01-10,Shere Bangla National Stadium,2,41.7,Bangladesh,Zimbabwe,Naeem Islam,Mahbubul Alam,E Chigumbura,0,0,,,,,,run out,Naeem Islam,,
378753,2008/09,2009-01-10,Shere Bangla National Stadium,2,42.1,Bangladesh,Zimbabwe,Nazmul Hossain,Mahbubul Alam,P Utseya,0,1,,,,1,,,,,
378753,2008/09,2009-01-10,Shere Bangla National Stadium,2,42.2,Bangladesh,Zimbabwe,Mahbubul Alam,Nazmul Hossain,P Utseya,6,0,,,,,,,,,
378753,2008/09,2009-01-10,Shere Bangla National Stadium,2,42.3,Bangladesh,Zimbabwe,Mahbubul Alam,Nazmul Hossain,P Utseya,1,0,,,,,,,,,
378753,2008/09,2009-01-10,Shere Bangla National Stadium,2,42.4,Bangladesh,Zimbabwe,Nazmul Hossain,Mahbubul Alam,P Utseya,0,0,,,,,,,,,
378753,2008/09,2009-01-10,Shere Bangla National Stadium,2,42.5,Bangladesh,Zimbabwe,Nazmul Hossain,Mahbubul Alam,P Utseya,0,0,,,,,,,,,
378753,2008/09,2009-01-10,Shere Bangla National Stadium,2,42.6,Bangladesh,Zimbabwe,Nazmul Hossain,Mahbubul Alam,P Utseya,0,0,,,,,,,,,
378753,2008/09,2009-01-10,Shere Bangla National Stadium,2,43.1,Bangladesh,Zimbabwe,Mahbubul Alam,Nazmul Hossain,E Chigumbura,0,0,,,,,,,,,
378753,2008/09,2009-01-10,Shere Bangla National Stadium,2,43.2,Bangladesh,Zimbabwe,Mahbubul Alam,Nazmul Hossain,E Chigumbura,1,0,,,,,,,,,
378753,2008/09,2009-01-10,Shere Bangla National Stadium,2,43.3,Bangladesh,Zimbabwe,Nazmul Hossain,Mahbubul Alam,E Chigumbura,0,0,,,,,,,,,
378753,2008/09,2009-01-10,Shere Bangla National Stadium,2,43.4,Bangladesh,Zimbabwe,Nazmul Hossain,Mahbubul Alam,E Chigumbura,1,0,,,,,,,,,
378753,2008/09,2009-01-10,Shere Bangla National Stadium,2,43.5,Bangladesh,Zimbabwe,Mahbubul Alam,Nazmul Hossain,E Chigumbura,0,0,,,,,,,,,
378753,2008/09,2009-01-10,Shere Bangla National Stadium,2,43.6,Bangladesh,Zimbabwe,Mahbubul Alam,Nazmul Hossain,E Chigumbura,2,0,,,,,,,,,
378753,2008/09,2009-01-10,Shere Bangla National Stadium,2,44.1,Bangladesh,Zimbabwe,Nazmul Hossain,Mahbubul Alam,RW Price,0,0,,,,,,,,,
378753,2008/09,2009-01-10,Shere Bangla National Stadium,2,44.2,Bangladesh,Zimbabwe,Nazmul Hossain,Mahbubul Alam,RW Price,0,0,,,,,,,,,
378753,2008/09,2009-01-10,Shere Bangla National Stadium,2,44.3,Bangladesh,Zimbabwe,Nazmul Hossain,Mahbubul Alam,RW Price,0,0,,,,,,,,,
378753,2008/09,2009-01-10,Shere Bangla National Stadium,2,44.4,Bangladesh,Zimbabwe,Nazmul Hossain,Mahbubul Alam,RW Price,1,0,,,,,,,,,
378753,2008/09,2009-01-10,Shere Bangla National Stadium,2,44.5,Bangladesh,Zimbabwe,Mahbubul Alam,Nazmul Hossain,RW Price,2,0,,,,,,,,,
378753,2008/09,2009-01-10,Shere Bangla National Stadium,2,44.6,Bangladesh,Zimbabwe,Mahbubul Alam,Nazmul Hossain,RW Price,4,0,,,,,,,,,
378753,2008/09,2009-01-10,Shere Bangla National Stadium,2,45.1,Bangladesh,Zimbabwe,Nazmul Hossain,Mahbubul Alam,E Chigumbura,0,0,,,,,,,,,
378753,2008/09,2009-01-10,Shere Bangla National Stadium,2,45.2,Bangladesh,Zimbabwe,Nazmul Hossain,Mahbubul Alam,E Chigumbura,1,0,,,,,,,,,
378753,2008/09,2009-01-10,Shere Bangla National Stadium,2,45.3,Bangladesh,Zimbabwe,Mahbubul Alam,Nazmul Hossain,E Chigumbura,0,0,,,,,,,,,
378753,2008/09,2009-01-10,Shere Bangla National Stadium,2,45.4,Bangladesh,Zimbabwe,Mahbubul Alam,Nazmul Hossain,E Chigumbura,0,0,,,,,,,,,
378753,2008/09,2009-01-10,Shere Bangla National Stadium,2,45.5,Bangladesh,Zimbabwe,Mahbubul Alam,Nazmul Hossain,E Chigumbura,1,0,,,,,,,,,
378753,2008/09,2009-01-10,Shere Bangla National Stadium,2,45.6,Bangladesh,Zimbabwe,Nazmul Hossain,Mahbubul Alam,E Chigumbura,0,0,,,,,,,,,
378753,2008/09,2009-01-10,Shere Bangla National Stadium,2,46.1,Bangladesh,Zimbabwe,Mahbubul Alam,Nazmul Hossain,RW Price,0,0,,,,,,,,,
378753,2008/09,2009-01-10,Shere Bangla National Stadium,2,46.2,Bangladesh,Zimbabwe,Mahbubul Alam,Nazmul Hossain,RW Price,0,0,,,,,,caught,Mahbubul Alam,,
