match_id,season,start_date,venue,innings,ball,batting_team,bowling_team,striker,non_striker,bowler,runs_off_bat,extras,wides,noballs,byes,legbyes,penalty,wicket_type,player_dismissed,other_wicket_type,other_player_dismissed
392618,2009,2009-04-27,Sheikh Zayed Stadium,1,0.1,Australia,Pakistan,JR Hopes,BJ Haddin,Umar Gul,4,0,,,,,,,,,
392618,2009,2009-04-27,Sheikh Zayed Stadium,1,0.2,Australia,Pakistan,JR Hopes,BJ Haddin,Umar Gul,2,0,,,,,,,,,
392618,2009,2009-04-27,Sheikh Zayed Stadium,1,0.3,Australia,Pakistan,JR Hopes,BJ Haddin,Umar Gul,0,0,,,,,,,,,
392618,2009,2009-04-27,Sheikh Zayed Stadium,1,0.4,Australia,Pakistan,JR Hopes,BJ Haddin,Umar Gul,0,0,,,,,,,,,
392618,2009,2009-04-27,Sheikh Zayed Stadium,1,0.5,Australia,Pakistan,JR Hopes,BJ Haddin,Umar Gul,0,0,,,,,,,,,
392618,2009,2009-04-27,Sheikh Zayed Stadium,1,0.6,Australia,Pakistan,JR Hopes,BJ Haddin,Umar Gul,1,0,,,,,,,,,
392618,2009,2009-04-27,Sheikh Zayed Stadium,1,1.1,Australia,Pakistan,JR Hopes,BJ Haddin,Sohail Tanvir,1,0,,,,,,,,,
392618,2009,2009-04-27,Sheikh Zayed Stadium,1,1.2,Australia,Pakistan,BJ Haddin,JR Hopes,Sohail Tanvir,0,0,,,,,,,,,
392618,2009,2009-04-27,Sheikh Zayed Stadium,1,1.3,Australia,Pakistan,BJ Haddin,JR Hopes,Sohail Tanvir,4,0,,,,,,,,,
392618,2009,2009-04-27,Sheikh Zayed Stadium,1,1.4,Australia,Pakistan,BJ Haddin,JR Hopes,Sohail Tanvir,4,0,,,,,,,,,
392618,2009,2009-04-27,Sheikh Zayed Stadium,1,1.5,Australia,Pakistan,BJ Haddin,JR Hopes,Sohail Tanvir,0,0,,,,,,,,,
392618,2009,2009-04-27,Sheikh Zayed Stadium,1,1.6,Australia,Pakistan,BJ Haddin,JR Hopes,Sohail Tanvir,0,0,,,,,,,,,
392618,2009,2009-04-27,Sheikh Zayed Stadium,1,2.1,Australia,Pakistan,JR Hopes,BJ Haddin,Umar Gul,0,0,,,,,,,,,
392618,2009,2009-04-27,Sheikh Zayed Stadium,1,2.2,Australia,Pakistan,JR Hopes,BJ Haddin,Umar Gul,0,0,,,,,,,,,
392618,2009,2009-04-27,Sheikh Zayed Stadium,1,2.3,Australia,Pakistan,JR Hopes,BJ Haddin,Umar Gul,0,0,,,,,,,,,
392618,2009,2009-04-27,Sheikh Zayed Stadium,1,2.4,Australia,Pakistan,JR Hopes,BJ Haddin,Umar Gul,0,0,,,,,,,,,
392618,2009,2009-04-27,Sheikh Zayed Stadium,1,2.5,Australia,Pakistan,JR Hopes,BJ Haddin,Umar Gul,4,0,,,,,,,,,
392618,2009,2009-04-27,Sheikh Zayed Stadium,1,2.6,Australia,Pakistan,JR Hopes,BJ Haddin,Umar Gul,0,0,,,,,,,,,
392618,2009,2009-04-27,Sheikh Zayed Stadium,1,3.1,Australia,Pakistan,BJ Haddin,JR Hopes,Sohail Tanvir,0,1,1,,,,,,,,
392618,2009,2009-04-27,Sheikh Zayed Stadium,1,3.2,Australia,Pakistan,BJ Haddin,JR Hopes,Sohail Tanvir,0,0,,,,,,,,,
392618,2009,2009-04-27,Sheikh Zayed Stadium,1,3.3,Australia,Pakistan,BJ Haddin,JR Hopes,Sohail Tanvir,0,0,,,,,,,,,
392618,2009,2009-04-27,Sheikh Zayed Stadium,1,3.4,Australia,Pakistan,BJ Haddin,JR Hopes,Sohail Tanvir,0,0,,,,,,,,,
392618,2009,2009-04-27,Sheikh Zayed Stadium,1,3.5,Australia,Pakistan,BJ Haddin,JR Hopes,Sohail Tanvir,4,0,,,,,,,,,
392618,2009,2009-04-27,Sheikh Zayed Stadium,1,3.6,Australia,Pakistan,BJ Haddin,JR Hopes,Sohail Tanvir,0,0,,,,,,,,,
392618,2009,2009-04-27,Sheikh Zayed Stadium,1,3.7,Australia,Pakistan,BJ Haddin,JR Hopes,Sohail Tanvir,0,0,,,,,,,,,
392618,2009,2009-04-27,Sheikh Zayed Stadium,1,4.1,Australia,Pakistan,JR Hopes,BJ Haddin,Umar Gul,0,0,,,,,,,,,
392618,2009,2009-04-27,Sheikh Zayed Stadium,1,4.2,Australia,Pakistan,JR Hopes,BJ Haddin,Umar Gul,0,0,,,,,,,,,
392618,2009,2009-04-27,Sheikh Zayed Stadium,1,4.3,Australia,Pakistan,JR Hopes,BJ Haddin,Umar Gul,0,0,,,,,,,,,
392618,2009,2009-04-27,Sheikh Zayed Stadium,1,4.4,Australia,Pakistan,JR Hopes,BJ Haddin,Umar Gul,2,0,,,,,,,,,
392618,2009,2009-04-27,Sheikh Zayed Stadium,1,4.5,Australia,Pakistan,JR Hopes,BJ Haddin,Umar Gul,1,0,,,,,,,,,
392618,2009,2009-04-27,Sheikh Zayed Stadium,1,4.6,Australia,Pakistan,BJ Haddin,JR Hopes,Umar Gul,0,0,,,,,,,,,
392618,2009,2009-04-27,Sheikh Zayed Stadium,1,5.1,Australia,Pakistan,JR Hopes,BJ Haddin,Sohail Tanvir,0,0,,,,,,,,,
392618,2009,2009-04-27,Sheikh Zayed Stadium,1,5.2,Australia,Pakistan,JR Hopes,BJ Haddin,Sohail Tanvir,0,0,,,,,,,,,
392618,2009,2009-04-27,Sheikh Zayed Stadium,1,5.3,Australia,Pakistan,JR Hopes,BJ Haddin,Sohail Tanvir,0,0,,,,,,,,,
392618,2009,2009-04-27,Sheikh Zayed Stadium,1,5.4,Australia,Pakistan,JR Hopes,BJ Haddin,Sohail Tanvir,0,0,,,,,,run out,JR Hopes,,
392618,2009,2009-04-27,Sheikh Zayed Stadium,1,5.5,Australia,Pakistan,BJ Haddin,SR Watson,Sohail Tanvir,0,0,,,,,,,,,
392618,2009,2009-04-27,Sheikh Zayed Stadium,1,5.6,Australia,Pakistan,BJ Haddin,SR Watson,Sohail Tanvir,0,0,,,,,,,,,
392618,2009,2009-04-27,Sheikh Zayed Stadium,1,6.1,Australia,Pakistan,SR Watson,BJ Haddin,Umar Gul,0,0,,,,,,,,,
392618,2009,2009-04-27,Sheikh Zayed Stadium,1,6.2,Australia,Pakistan,SR Watson,BJ Haddin,Umar Gul,0,0,,,,,,bowled,SR Watson,,
392618,2009,2009-04-27,Sheikh Zayed Stadium,1,6.3,Australia,Pakistan,MJ Clarke,BJ Haddin,Umar Gul,0,0,,,,,,,,,
392618,2009,2009-04-27,Sheikh Zayed Stadium,1,6.4,Australia,Pakistan,MJ Clarke,BJ Haddin,Umar Gul,0,0,,,,,,,,,
392618,2009,2009-04-27,Sheikh Zayed Stadium,1,6.5,Australia,Pakistan,MJ Clarke,BJ Haddin,Umar Gul,0,0,,,,,,,,,
392618,2009,2009-04-27,Sheikh Zayed Stadium,1,6.6,Australia,Pakistan,MJ Clarke,BJ Haddin,Umar Gul,1,0,,,,,,,,,
392618,2009,2009-04-27,Sheikh Zayed Stadium,1,7.1,Australia,Pakistan,MJ Clarke,BJ Haddin,Sohail Tanvir,0,0,,,,,,,,,
392618,2009,2009-04-27,Sheikh Zayed Stadium,1,7.2,Australia,Pakistan,MJ Clarke,BJ Haddin,Sohail Tanvir,3,0,,,,,,,,,
392618,2009,2009-04-27,Sheikh Zayed Stadium,1,7.3,Australia,Pakistan,BJ Haddin,MJ Clarke,Sohail Tanvir,0,0,,,,,,,,,
392618,2009,2009-04-27,Sheikh Zayed Stadium,1,7.4,Australia,Pakistan,BJ Haddin,MJ Clarke,Sohail Tanvir,0,0,,,,,,,,,
392618,2009,2009-04-27,Sheikh Zayed Stadium,1,7.5,Australia,Pakistan,BJ Haddin,MJ Clarke,Sohail Tanvir,0,0,,,,,,,,,
392618,2009,2009-04-27,Sheikh Zayed Stadium,1,7.6,Australia,Pakistan,BJ Haddin,MJ Clarke,Sohail Tanvir,0,0,,,,,,,,,
392618,2009,2009-04-27,Sheikh Zayed Stadium,1,8.1,Australia,Pakistan,MJ Clarke,BJ Haddin,Umar Gul,2,0,,,,,,,,,
392618,2009,2009-04-27,Sheikh Zayed Stadium,1,8.2,Australia,Pakistan,MJ Clarke,BJ Haddin,Umar Gul,0,0,,,,,,,,,
392618,2009,2009-04-27,Sheikh Zayed Stadium,1,8.3,Australia,Pakistan,MJ Clarke,BJ Haddin,Umar Gul,0,1,,,,1,,,,,
392618,2009,2009-04-27,Sheikh Zayed Stadium,1,8.4,Australia,Pakistan,BJ Haddin,MJ Clarke,Umar Gul,4,0,,,,,,,,,
392618,2009,2009-04-27,Sheikh Zayed Stadium,1,8.5,Australia,Pakistan,BJ Haddin,MJ Clarke,Umar Gul,0,0,,,,,,,,,
392618,2009,2009-04-27,Sheikh Zayed Stadium,1,8.6,Australia,Pakistan,BJ Haddin,MJ Clarke,Umar Gul,1,0,,,,,,,,,
392618,2009,2009-04-27,Sheikh Zayed Stadium,1,9.1,Australia,Pakistan,BJ Haddin,MJ Clarke,Yasir Arafat,0,0,,,,,,,,,
392618,2009,2009-04-27,Sheikh Zayed Stadium,1,9.2,Australia,Pakistan,BJ Haddin,MJ Clarke,Yasir Arafat,0,0,,,,,,,,,
392618,2009,2009-04-27,Sheikh Zayed Stadium,1,9.3,Australia,Pakistan,BJ Haddin,MJ Clarke,Yasir Arafat,0,0,,,,,,,,,
392618,2009,2009-04-27,Sheikh Zayed Stadium,1,9.4,Australia,Pakistan,BJ Haddin,MJ Clarke,Yasir Arafat,0,0,,,,,,,,,
392618,2009,2009-04-27,Sheikh Zayed Stadium,1,9.5,Australia,Pakistan,BJ Haddin,MJ Clarke,Yasir Arafat,0,0,,,,,,,,,
392618,2009,2009-04-27,Sheikh Zayed Stadium,1,9.6,Australia,Pakistan,BJ Haddin,MJ Clarke,Yasir Arafat,0,0,,,,,,,,,
392618,2009,2009-04-27,Sheikh Zayed Stadium,1,10.1,Australia,Pakistan,MJ Clarke,BJ Haddin,Sohail Tanvir,0,0,,,,,,,,,
392618,2009,2009-04-27,Sheikh Zayed Stadium,1,10.2,Australia,Pakistan,MJ Clarke,BJ Haddin,Sohail Tanvir,0,0,,,,,,,,,
392618,2009,2009-04-27,Sheikh Zayed Stadium,1,10.3,Australia,Pakistan,MJ Clarke,BJ Haddin,Sohail Tanvir,0,0,,,,,,,,,
392618,2009,2009-04-27,Sheikh Zayed Stadium,1,10.4,Australia,Pakistan,MJ Clarke,BJ Haddin,Sohail Tanvir,0,0,,,,,,,,,
392618,2009,2009-04-27,Sheikh Zayed Stadium,1,10.5,Australia,Pakistan,MJ Clarke,BJ Haddin,Sohail Tanvir,2,0,,,,,,,,,
392618,2009,2009-04-27,Sheikh Zayed Stadium,1,10.6,Australia,Pakistan,MJ Clarke,BJ Haddin,Sohail Tanvir,1,0,,,,,,,,,
392618,2009,2009-04-27,Sheikh Zayed Stadium,1,11.1,Australia,Pakistan,MJ Clarke,BJ Haddin,Yasir Arafat,0,0,,,,,,,,,
392618,2009,2009-04-27,Sheikh Zayed Stadium,1,11.2,Australia,Pakistan,MJ Clarke,BJ Haddin,Yasir Arafat,0,0,,,,,,,,,
392618,2009,2009-04-27,Sheikh Zayed Stadium,1,11.3,Australia,Pakistan,MJ Clarke,BJ Haddin,Yasir Arafat,0,0,,,,,,,,,
392618,2009,2009-04-27,Sheikh Zayed Stadium,1,11.4,Australia,Pakistan,MJ Clarke,BJ Haddin,Yasir Arafat,0,0,,,,,,,,,
392618,2009,2009-04-27,Sheikh Zayed Stadium,1,11.5,Australia,Pakistan,MJ Clarke,BJ Haddin,Yasir Arafat,0,1,,1,,,,,,,
392618,2009,2009-04-27,Sheikh Zayed Stadium,1,11.6,Australia,Pakistan,MJ Clarke,BJ Haddin,Yasir Arafat,4,0,,,,,,,,,
392618,2009,2009-04-27,Sheikh Zayed Stadium,1,11.7,Australia,Pakistan,MJ Clarke,BJ Haddin,Yasir Arafat,1,0,,,,,,,,,
392618,2009,2009-04-27,Sheikh Zayed Stadium,1,12.1,Australia,Pakistan,MJ Clarke,BJ Haddin,Sohail Tanvir,0,0,,,,,,,,,
392618,2009,2009-04-27,Sheikh Zayed Stadium,1,12.2,Australia,Pakistan,MJ Clarke,BJ Haddin,Sohail Tanvir,0,0,,,,,,,,,
392618,2009,2009-04-27,Sheikh Zayed Stadium,1,12.3,Australia,Pakistan,MJ Clarke,BJ Haddin,Sohail Tanvir,4,0,,,,,,,,,
392618,2009,2009-04-27,Sheikh Zayed Stadium,1,12.4,Australia,Pakistan,MJ Clarke,BJ Haddin,Sohail Tanvir,4,0,,,,,,,,,
392618,2009,2009-04-27,Sheikh Zayed Stadium,1,12.5,Australia,Pakistan,MJ Clarke,BJ Haddin,Sohail Tanvir,0,0,,,,,,,,,
392618,2009,2009-04-27,Sheikh Zayed Stadium,1,12.6,Australia,Pakistan,MJ Clarke,BJ Haddin,Sohail Tanvir,0,0,,,,,,,,,
392618,2009,2009-04-27,Sheikh Zayed Stadium,1,13.1,Australia,Pakistan,BJ Haddin,MJ Clarke,Yasir Arafat,2,0,,,,,,,,,
392618,2009,2009-04-27,Sheikh Zayed Stadium,1,13.2,Australia,Pakistan,BJ Haddin,MJ Clarke,Yasir Arafat,0,0,,,,,,,,,
392618,2009,2009-04-27,Sheikh Zayed Stadium,1,13.3,Australia,Pakistan,BJ Haddin,MJ Clarke,Yasir Arafat,0,0,,,,,,,,,
392618,2009,2009-04-27,Sheikh Zayed Stadium,1,13.4,Australia,Pakistan,BJ Haddin,MJ Clarke,Yasir Arafat,0,0,,,,,,,,,
392618,2009,2009-04-27,Sheikh Zayed Stadium,1,13.5,Australia,Pakistan,BJ Haddin,MJ Clarke,Yasir Arafat,2,0,,,,,,,,,
392618,2009,2009-04-27,Sheikh Zayed Stadium,1,13.6,Australia,Pakistan,BJ Haddin,MJ Clarke,Yasir Arafat,1,0,,,,,,,,,
392618,2009,2009-04-27,Sheikh Zayed Stadium,1,14.1,Australia,Pakistan,BJ Haddin,MJ Clarke,Shahid Afridi,0,0,,,,,,,,,
392618,2009,2009-04-27,Sheikh Zayed Stadium,1,14.2,Australia,Pakistan,BJ Haddin,MJ Clarke,Shahid Afridi,0,0,,,,,,,,,
392618,2009,2009-04-27,Sheikh Zayed Stadium,1,14.3,Australia,Pakistan,BJ Haddin,MJ Clarke,Shahid Afridi,0,0,,,,,,,,,
392618,2009,2009-04-27,Sheikh Zayed Stadium,1,14.4,Australia,Pakistan,BJ Haddin,MJ Clarke,Shahid Afridi,0,0,,,,,,,,,
392618,2009,2009-04-27,Sheikh Zayed Stadium,1,14.5,Australia,Pakistan,BJ Haddin,MJ Clarke,Shahid Afridi,1,0,,,,,,,,,
392618,2009,2009-04-27,Sheikh Zayed Stadium,1,14.6,Australia,Pakistan,MJ Clarke,BJ Haddin,Shahid Afridi,0,0,,,,,,,,,
392618,2009,2009-04-27,Sheikh Zayed Stadium,1,15.1,Australia,Pakistan,BJ Haddin,MJ Clarke,Yasir Arafat,1,0,,,,,,,,,
392618,2009,2009-04-27,Sheikh Zayed Stadium,1,15.2,Australia,Pakistan,MJ Clarke,BJ Haddin,Yasir Arafat,0,0,,,,,,,,,
392618,2009,2009-04-27,Sheikh Zayed Stadium,1,15.3,Australia,Pakistan,MJ Clarke,BJ Haddin,Yasir Arafat,4,0,,,,,,,,,
392618,2009,2009-04-27,Sheikh Zayed Stadium,1,15.4,Australia,Pakistan,MJ Clarke,BJ Haddin,Yasir Arafat,0,0,,,,,,,,,
392618,2009,2009-04-27,Sheikh Zayed Stadium,1,15.5,Australia,Pakistan,MJ Clarke,BJ Haddin,Yasir Arafat,0,1,1,,,,,,,,
392618,2009,2009-04-27,Sheikh Zayed Stadium,1,15.6,Australia,Pakistan,MJ Clarke,BJ Haddin,Yasir Arafat,0,0,,,,,,,,,
392618,2009,2009-04-27,Sheikh Zayed Stadium,1,15.7,Australia,Pakistan,MJ Clarke,BJ Haddin,Yasir Arafat,0,0,,,,,,,,,
392618,2009,2009-04-27,Sheikh Zayed Stadium,1,16.1,Australia,Pakistan,BJ Haddin,MJ Clarke,Shahid Afridi,0,0,,,,,,,,,
392618,2009,2009-04-27,Sheikh Zayed Stadium,1,16.2,Australia,Pakistan,BJ Haddin,MJ Clarke,Shahid Afridi,0,0,,,,,,,,,
392618,2009,2009-04-27,Sheikh Zayed Stadium,1,16.3,Australia,Pakistan,BJ Haddin,MJ Clarke,Shahid Afridi,0,0,,,,,,,,,
392618,2009,2009-04-27,Sheikh Zayed Stadium,1,16.4,Australia,Pakistan,BJ Haddin,MJ Clarke,Shahid Afridi,0,0,,,,,,,,,
392618,2009,2009-04-27,Sheikh Zayed Stadium,1,16.5,Australia,Pakistan,BJ Haddin,MJ Clarke,Shahid Afridi,0,0,,,,,,,,,
392618,2009,2009-04-27,Sheikh Zayed Stadium,1,16.6,Australia,Pakistan,BJ Haddin,MJ Clarke,Shahid Afridi,0,0,,,,,,,,,
392618,2009,2009-04-27,Sheikh Zayed Stadium,1,17.1,Australia,Pakistan,MJ Clarke,BJ Haddin,Shoaib Malik,1,0,,,,,,,,,
392618,2009,2009-04-27,Sheikh Zayed Stadium,1,17.2,Australia,Pakistan,BJ Haddin,MJ Clarke,Shoaib Malik,0,0,,,,,,,,,
392618,2009,2009-04-27,Sheikh Zayed Stadium,1,17.3,Australia,Pakistan,BJ Haddin,MJ Clarke,Shoaib Malik,0,0,,,,,,,,,
392618,2009,2009-04-27,Sheikh Zayed Stadium,1,17.4,Australia,Pakistan,BJ Haddin,MJ Clarke,Shoaib Malik,0,0,,,,,,,,,
392618,2009,2009-04-27,Sheikh Zayed Stadium,1,17.5,Australia,Pakistan,BJ Haddin,MJ Clarke,Shoaib Malik,1,0,,,,,,,,,
392618,2009,2009-04-27,Sheikh Zayed Stadium,1,17.6,Australia,Pakistan,MJ Clarke,BJ Haddin,Shoaib Malik,1,0,,,,,,,,,
392618,2009,2009-04-27,Sheikh Zayed Stadium,1,18.1,Australia,Pakistan,MJ Clarke,BJ Haddin,Shahid Afridi,1,0,,,,,,,,,
392618,2009,2009-04-27,Sheikh Zayed Stadium,1,18.2,Australia,Pakistan,BJ Haddin,MJ Clarke,Shahid Afridi,0,0,,,,,,,,,
392618,2009,2009-04-27,Sheikh Zayed Stadium,1,18.3,Australia,Pakistan,BJ Haddin,MJ Clarke,Shahid Afridi,0,0,,,,,,,,,
392618,2009,2009-04-27,Sheikh Zayed Stadium,1,18.4,Australia,Pakistan,BJ Haddin,MJ Clarke,Shahid Afridi,0,0,,,,,,,,,
392618,2009,2009-04-27,Sheikh Zayed Stadium,1,18.5,Australia,Pakistan,BJ Haddin,MJ Clarke,Shahid Afridi,0,0,,,,,,,,,
392618,2009,2009-04-27,Sheikh Zayed Stadium,1,18.6,Australia,Pakistan,BJ Haddin,MJ Clarke,Shahid Afridi,1,0,,,,,,,,,
392618,2009,2009-04-27,Sheikh Zayed Stadium,1,19.1,Australia,Pakistan,BJ Haddin,MJ Clarke,Shoaib Malik,0,0,,,,,,bowled,BJ Haddin,,
392618,2009,2009-04-27,Sheikh Zayed Stadium,1,19.2,Australia,Pakistan,A Symonds,MJ Clarke,Shoaib Malik,0,0,,,,,,,,,
392618,2009,2009-04-27,Sheikh Zayed Stadium,1,19.3,Australia,Pakistan,A Symonds,MJ Clarke,Shoaib Malik,0,0,,,,,,,,,
392618,2009,2009-04-27,Sheikh Zayed Stadium,1,19.4,Australia,Pakistan,A Symonds,MJ Clarke,Shoaib Malik,0,0,,,,,,,,,
392618,2009,2009-04-27,Sheikh Zayed Stadium,1,19.5,Australia,Pakistan,A Symonds,MJ Clarke,Shoaib Malik,0,0,,,,,,,,,
392618,2009,2009-04-27,Sheikh Zayed Stadium,1,19.6,Australia,Pakistan,A Symonds,MJ Clarke,Shoaib Malik,0,0,,,,,,,,,
392618,2009,2009-04-27,Sheikh Zayed Stadium,1,20.1,Australia,Pakistan,MJ Clarke,A Symonds,Shahid Afridi,0,0,,,,,,,,,
392618,2009,2009-04-27,Sheikh Zayed Stadium,1,20.2,Australia,Pakistan,MJ Clarke,A Symonds,Shahid Afridi,0,0,,,,,,,,,
392618,2009,2009-04-27,Sheikh Zayed Stadium,1,20.3,Australia,Pakistan,MJ Clarke,A Symonds,Shahid Afridi,4,0,,,,,,,,,
392618,2009,2009-04-27,Sheikh Zayed Stadium,1,20.4,Australia,Pakistan,MJ Clarke,A Symonds,Shahid Afridi,0,0,,,,,,,,,
392618,2009,2009-04-27,Sheikh Zayed Stadium,1,20.5,Australia,Pakistan,MJ Clarke,A Symonds,Shahid Afridi,0,0,,,,,,,,,
392618,2009,2009-04-27,Sheikh Zayed Stadium,1,20.6,Australia,Pakistan,MJ Clarke,A Symonds,Shahid Afridi,4,0,,,,,,,,,
392618,2009,2009-04-27,Sheikh Zayed Stadium,1,21.1,Australia,Pakistan,A Symonds,MJ Clarke,Shoaib Malik,0,0,,,,,,,,,
392618,2009,2009-04-27,Sheikh Zayed Stadium,1,21.2,Australia,Pakistan,A Symonds,MJ Clarke,Shoaib Malik,0,0,,,,,,,,,
392618,2009,2009-04-27,Sheikh Zayed Stadium,1,21.3,Australia,Pakistan,A Symonds,MJ Clarke,Shoaib Malik,0,0,,,,,,,,,
392618,2009,2009-04-27,Sheikh Zayed Stadium,1,21.4,Australia,Pakistan,A Symonds,MJ Clarke,Shoaib Malik,0,0,,,,,,,,,
392618,2009,2009-04-27,Sheikh Zayed Stadium,1,21.5,Australia,Pakistan,A Symonds,MJ Clarke,Shoaib Malik,0,0,,,,,,,,,
392618,2009,2009-04-27,Sheikh Zayed Stadium,1,21.6,Australia,Pakistan,A Symonds,MJ Clarke,Shoaib Malik,0,0,,,,,,,,,
392618,2009,2009-04-27,Sheikh Zayed Stadium,1,22.1,Australia,Pakistan,MJ Clarke,A Symonds,Shahid Afridi,0,0,,,,,,,,,
392618,2009,2009-04-27,Sheikh Zayed Stadium,1,22.2,Australia,Pakistan,MJ Clarke,A Symonds,Shahid Afridi,0,0,,,,,,,,,
392618,2009,2009-04-27,Sheikh Zayed Stadium,1,22.3,Australia,Pakistan,MJ Clarke,A Symonds,Shahid Afridi,0,0,,,,,,,,,
392618,2009,2009-04-27,Sheikh Zayed Stadium,1,22.4,Australia,Pakistan,MJ Clarke,A Symonds,Shahid Afridi,0,0,,,,,,,,,
392618,2009,2009-04-27,Sheikh Zayed Stadium,1,22.5,Australia,Pakistan,MJ Clarke,A Symonds,Shahid Afridi,0,0,,,,,,,,,
392618,2009,2009-04-27,Sheikh Zayed Stadium,1,22.6,Australia,Pakistan,MJ Clarke,A Symonds,Shahid Afridi,1,0,,,,,,,,,
392618,2009,2009-04-27,Sheikh Zayed Stadium,1,23.1,Australia,Pakistan,MJ Clarke,A Symonds,Shoaib Malik,0,0,,,,,,,,,
392618,2009,2009-04-27,Sheikh Zayed Stadium,1,23.2,Australia,Pakistan,MJ Clarke,A Symonds,Shoaib Malik,0,0,,,,,,,,,
392618,2009,2009-04-27,Sheikh Zayed Stadium,1,23.3,Australia,Pakistan,MJ Clarke,A Symonds,Shoaib Malik,0,0,,,,,,,,,
392618,2009,2009-04-27,Sheikh Zayed Stadium,1,23.4,Australia,Pakistan,MJ Clarke,A Symonds,Shoaib Malik,0,0,,,,,,,,,
392618,2009,2009-04-27,Sheikh Zayed Stadium,1,23.5,Australia,Pakistan,MJ Clarke,A Symonds,Shoaib Malik,1,0,,,,,,,,,
392618,2009,2009-04-27,Sheikh Zayed Stadium,1,23.6,Australia,Pakistan,A Symonds,MJ Clarke,Shoaib Malik,1,0,,,,,,,,,
392618,2009,2009-04-27,Sheikh Zayed Stadium,1,24.1,Australia,Pakistan,A Symonds,MJ Clarke,Shahid Afridi,2,0,,,,,,,,,
392618,2009,2009-04-27,Sheikh Zayed Stadium,1,24.2,Australia,Pakistan,A Symonds,MJ Clarke,Shahid Afridi,0,0,,,,,,,,,
392618,2009,2009-04-27,Sheikh Zayed Stadium,1,24.3,Australia,Pakistan,A Symonds,MJ Clarke,Shahid Afridi,0,0,,,,,,,,,
392618,2009,2009-04-27,Sheikh Zayed Stadium,1,24.4,Australia,Pakistan,A Symonds,MJ Clarke,Shahid Afridi,0,0,,,,,,,,,
392618,2009,2009-04-27,Sheikh Zayed Stadium,1,24.5,Australia,Pakistan,A Symonds,MJ Clarke,Shahid Afridi,4,0,,,,,,,,,
392618,2009,2009-04-27,Sheikh Zayed Stadium,1,24.6,Australia,Pakistan,A Symonds,MJ Clarke,Shahid Afridi,0,0,,,,,,lbw,A Symonds,,
392618,2009,2009-04-27,Sheikh Zayed Stadium,1,25.1,Australia,Pakistan,MJ Clarke,CJ Ferguson,Shoaib Malik,0,0,,,,,,,,,
392618,2009,2009-04-27,Sheikh Zayed Stadium,1,25.2,Australia,Pakistan,MJ Clarke,CJ Ferguson,Shoaib Malik,0,0,,,,,,,,,
392618,2009,2009-04-27,Sheikh Zayed Stadium,1,25.3,Australia,Pakistan,MJ Clarke,CJ Ferguson,Shoaib Malik,0,0,,,,,,,,,
392618,2009,2009-04-27,Sheikh Zayed Stadium,1,25.4,Australia,Pakistan,MJ Clarke,CJ Ferguson,Shoaib Malik,1,0,,,,,,,,,
392618,2009,2009-04-27,Sheikh Zayed Stadium,1,25.5,Australia,Pakistan,CJ Ferguson,MJ Clarke,Shoaib Malik,1,0,,,,,,,,,
392618,2009,2009-04-27,Sheikh Zayed Stadium,1,25.6,Australia,Pakistan,MJ Clarke,CJ Ferguson,Shoaib Malik,0,0,,,,,,,,,
392618,2009,2009-04-27,Sheikh Zayed Stadium,1,26.1,Australia,Pakistan,CJ Ferguson,MJ Clarke,Shahid Afridi,0,0,,,,,,,,,
392618,2009,2009-04-27,Sheikh Zayed Stadium,1,26.2,Australia,Pakistan,CJ Ferguson,MJ Clarke,Shahid Afridi,0,0,,,,,,,,,
392618,2009,2009-04-27,Sheikh Zayed Stadium,1,26.3,Australia,Pakistan,CJ Ferguson,MJ Clarke,Shahid Afridi,0,0,,,,,,,,,
392618,2009,2009-04-27,Sheikh Zayed Stadium,1,26.4,Australia,Pakistan,CJ Ferguson,MJ Clarke,Shahid Afridi,4,0,,,,,,,,,
392618,2009,2009-04-27,Sheikh Zayed Stadium,1,26.5,Australia,Pakistan,CJ Ferguson,MJ Clarke,Shahid Afridi,1,0,,,,,,,,,
392618,2009,2009-04-27,Sheikh Zayed Stadium,1,26.6,Australia,Pakistan,MJ Clarke,CJ Ferguson,Shahid Afridi,0,0,,,,,,,,,
392618,2009,2009-04-27,Sheikh Zayed Stadium,1,27.1,Australia,Pakistan,CJ Ferguson,MJ Clarke,Saeed Ajmal,4,0,,,,,,,,,
392618,2009,2009-04-27,Sheikh Zayed Stadium,1,27.2,Australia,Pakistan,CJ Ferguson,MJ Clarke,Saeed Ajmal,0,0,,,,,,,,,
392618,2009,2009-04-27,Sheikh Zayed Stadium,1,27.3,Australia,Pakistan,CJ Ferguson,MJ Clarke,Saeed Ajmal,1,0,,,,,,,,,
392618,2009,2009-04-27,Sheikh Zayed Stadium,1,27.4,Australia,Pakistan,MJ Clarke,CJ Ferguson,Saeed Ajmal,1,0,,,,,,,,,
392618,2009,2009-04-27,Sheikh Zayed Stadium,1,27.5,Australia,Pakistan,CJ Ferguson,MJ Clarke,Saeed Ajmal,0,0,,,,,,,,,
392618,2009,2009-04-27,Sheikh Zayed Stadium,1,27.6,Australia,Pakistan,CJ Ferguson,MJ Clarke,Saeed Ajmal,0,0,,,,,,,,,
392618,2009,2009-04-27,Sheikh Zayed Stadium,1,28.1,Australia,Pakistan,MJ Clarke,CJ Ferguson,Shoaib Malik,0,0,,,,,,,,,
392618,2009,2009-04-27,Sheikh Zayed Stadium,1,28.2,Australia,Pakistan,MJ Clarke,CJ Ferguson,Shoaib Malik,1,0,,,,,,,,,
392618,2009,2009-04-27,Sheikh Zayed Stadium,1,28.3,Australia,Pakistan,CJ Ferguson,MJ Clarke,Shoaib Malik,0,0,,,,,,,,,
392618,2009,2009-04-27,Sheikh Zayed Stadium,1,28.4,Australia,Pakistan,CJ Ferguson,MJ Clarke,Shoaib Malik,1,0,,,,,,,,,
392618,2009,2009-04-27,Sheikh Zayed Stadium,1,28.5,Australia,Pakistan,MJ Clarke,CJ Ferguson,Shoaib Malik,0,0,,,,,,,,,
392618,2009,2009-04-27,Sheikh Zayed Stadium,1,28.6,Australia,Pakistan,MJ Clarke,CJ Ferguson,Shoaib Malik,0,0,,,,,,,,,
392618,2009,2009-04-27,Sheikh Zayed Stadium,1,29.1,Australia,Pakistan,CJ Ferguson,MJ Clarke,Saeed Ajmal,0,0,,,,,,,,,
392618,2009,2009-04-27,Sheikh Zayed Stadium,1,29.2,Australia,Pakistan,CJ Ferguson,MJ Clarke,Saeed Ajmal,0,0,,,,,,,,,
392618,2009,2009-04-27,Sheikh Zayed Stadium,1,29.3,Australia,Pakistan,CJ Ferguson,MJ Clarke,Saeed Ajmal,1,0,,,,,,,,,
392618,2009,2009-04-27,Sheikh Zayed Stadium,1,29.4,Australia,Pakistan,MJ Clarke,CJ Ferguson,Saeed Ajmal,0,0,,,,,,,,,
392618,2009,2009-04-27,Sheikh Zayed Stadium,1,29.5,Australia,Pakistan,MJ Clarke,CJ Ferguson,Saeed Ajmal,0,0,,,,,,,,,
392618,2009,2009-04-27,Sheikh Zayed Stadium,1,29.6,Australia,Pakistan,MJ Clarke,CJ Ferguson,Saeed Ajmal,1,0,,,,,,,,,
392618,2009,2009-04-27,Sheikh Zayed Stadium,1,30.1,Australia,Pakistan,MJ Clarke,CJ Ferguson,Shoaib Malik,1,0,,,,,,,,,
392618,2009,2009-04-27,Sheikh Zayed Stadium,1,30.2,Australia,Pakistan,CJ Ferguson,MJ Clarke,Shoaib Malik,0,0,,,,,,,,,
392618,2009,2009-04-27,Sheikh Zayed Stadium,1,30.3,Australia,Pakistan,CJ Ferguson,MJ Clarke,Shoaib Malik,0,0,,,,,,,,,
392618,2009,2009-04-27,Sheikh Zayed Stadium,1,30.4,Australia,Pakistan,CJ Ferguson,MJ Clarke,Shoaib Malik,0,0,,,,,,,,,
392618,2009,2009-04-27,Sheikh Zayed Stadium,1,30.5,Australia,Pakistan,CJ Ferguson,MJ Clarke,Shoaib Malik,0,0,,,,,,,,,
392618,2009,2009-04-27,Sheikh Zayed Stadium,1,30.6,Australia,Pakistan,CJ Ferguson,MJ Clarke,Shoaib Malik,1,0,,,,,,,,,
392618,2009,2009-04-27,Sheikh Zayed Stadium,1,31.1,Australia,Pakistan,CJ Ferguson,MJ Clarke,Saeed Ajmal,0,0,,,,,,,,,
392618,2009,2009-04-27,Sheikh Zayed Stadium,1,31.2,Australia,Pakistan,CJ Ferguson,MJ Clarke,Saeed Ajmal,0,0,,,,,,,,,
392618,2009,2009-04-27,Sheikh Zayed Stadium,1,31.3,Australia,Pakistan,CJ Ferguson,MJ Clarke,Saeed Ajmal,0,0,,,,,,,,,
392618,2009,2009-04-27,Sheikh Zayed Stadium,1,31.4,Australia,Pakistan,CJ Ferguson,MJ Clarke,Saeed Ajmal,0,0,,,,,,,,,
392618,2009,2009-04-27,Sheikh Zayed Stadium,1,31.5,Australia,Pakistan,CJ Ferguson,MJ Clarke,Saeed Ajmal,2,0,,,,,,,,,
392618,2009,2009-04-27,Sheikh Zayed Stadium,1,31.6,Australia,Pakistan,CJ Ferguson,MJ Clarke,Saeed Ajmal,1,0,,,,,,,,,
392618,2009,2009-04-27,Sheikh Zayed Stadium,1,32.1,Australia,Pakistan,CJ Ferguson,MJ Clarke,Shoaib Malik,0,0,,,,,,,,,
392618,2009,2009-04-27,Sheikh Zayed Stadium,1,32.2,Australia,Pakistan,CJ Ferguson,MJ Clarke,Shoaib Malik,1,0,,,,,,,,,
392618,2009,2009-04-27,Sheikh Zayed Stadium,1,32.3,Australia,Pakistan,MJ Clarke,CJ Ferguson,Shoaib Malik,0,0,,,,,,,,,
392618,2009,2009-04-27,Sheikh Zayed Stadium,1,32.4,Australia,Pakistan,MJ Clarke,CJ Ferguson,Shoaib Malik,0,0,,,,,,,,,
392618,2009,2009-04-27,Sheikh Zayed Stadium,1,32.5,Australia,Pakistan,MJ Clarke,CJ Ferguson,Shoaib Malik,1,0,,,,,,,,,
392618,2009,2009-04-27,Sheikh Zayed Stadium,1,32.6,Australia,Pakistan,CJ Ferguson,MJ Clarke,Shoaib Malik,1,0,,,,,,,,,
392618,2009,2009-04-27,Sheikh Zayed Stadium,1,33.1,Australia,Pakistan,CJ Ferguson,MJ Clarke,Saeed Ajmal,0,0,,,,,,,,,
392618,2009,2009-04-27,Sheikh Zayed Stadium,1,33.2,Australia,Pakistan,CJ Ferguson,MJ Clarke,Saeed Ajmal,1,0,,,,,,,,,
392618,2009,2009-04-27,Sheikh Zayed Stadium,1,33.3,Australia,Pakistan,MJ Clarke,CJ Ferguson,Saeed Ajmal,0,0,,,,,,,,,
392618,2009,2009-04-27,Sheikh Zayed Stadium,1,33.4,Australia,Pakistan,MJ Clarke,CJ Ferguson,Saeed Ajmal,1,0,,,,,,,,,
392618,2009,2009-04-27,Sheikh Zayed Stadium,1,33.5,Australia,Pakistan,CJ Ferguson,MJ Clarke,Saeed Ajmal,0,0,,,,,,,,,
392618,2009,2009-04-27,Sheikh Zayed Stadium,1,33.6,Australia,Pakistan,CJ Ferguson,MJ Clarke,Saeed Ajmal,0,0,,,,,,,,,
392618,2009,2009-04-27,Sheikh Zayed Stadium,1,34.1,Australia,Pakistan,MJ Clarke,CJ Ferguson,Shoaib Malik,1,0,,,,,,,,,
392618,2009,2009-04-27,Sheikh Zayed Stadium,1,34.2,Australia,Pakistan,CJ Ferguson,MJ Clarke,Shoaib Malik,0,0,,,,,,,,,
392618,2009,2009-04-27,Sheikh Zayed Stadium,1,34.3,Australia,Pakistan,CJ Ferguson,MJ Clarke,Shoaib Malik,0,0,,,,,,,,,
392618,2009,2009-04-27,Sheikh Zayed Stadium,1,34.4,Australia,Pakistan,CJ Ferguson,MJ Clarke,Shoaib Malik,0,0,,,,,,,,,
392618,2009,2009-04-27,Sheikh Zayed Stadium,1,34.5,Australia,Pakistan,CJ Ferguson,MJ Clarke,Shoaib Malik,0,0,,,,,,,,,
392618,2009,2009-04-27,Sheikh Zayed Stadium,1,34.6,Australia,Pakistan,CJ Ferguson,MJ Clarke,Shoaib Malik,1,0,,,,,,,,,
392618,2009,2009-04-27,Sheikh Zayed Stadium,1,35.1,Australia,Pakistan,CJ Ferguson,MJ Clarke,Saeed Ajmal,1,0,,,,,,,,,
392618,2009,2009-04-27,Sheikh Zayed Stadium,1,35.2,Australia,Pakistan,MJ Clarke,CJ Ferguson,Saeed Ajmal,0,0,,,,,,,,,
392618,2009,2009-04-27,Sheikh Zayed Stadium,1,35.3,Australia,Pakistan,MJ Clarke,CJ Ferguson,Saeed Ajmal,2,0,,,,,,,,,
392618,2009,2009-04-27,Sheikh Zayed Stadium,1,35.4,Australia,Pakistan,MJ Clarke,CJ Ferguson,Saeed Ajmal,0,0,,,,,,,,,
392618,2009,2009-04-27,Sheikh Zayed Stadium,1,35.5,Australia,Pakistan,MJ Clarke,CJ Ferguson,Saeed Ajmal,2,0,,,,,,,,,
392618,2009,2009-04-27,Sheikh Zayed Stadium,1,35.6,Australia,Pakistan,MJ Clarke,CJ Ferguson,Saeed Ajmal,0,0,,,,,,,,,
392618,2009,2009-04-27,Sheikh Zayed Stadium,1,36.1,Australia,Pakistan,CJ Ferguson,MJ Clarke,Shoaib Malik,0,1,,,,1,,,,,
392618,2009,2009-04-27,Sheikh Zayed Stadium,1,36.2,Australia,Pakistan,MJ Clarke,CJ Ferguson,Shoaib Malik,2,1,,1,,,,,,,
392618,2009,2009-04-27,Sheikh Zayed Stadium,1,36.3,Australia,Pakistan,MJ Clarke,CJ Ferguson,Shoaib Malik,1,0,,,,,,,,,
392618,2009,2009-04-27,Sheikh Zayed Stadium,1,36.4,Australia,Pakistan,CJ Ferguson,MJ Clarke,Shoaib Malik,0,0,,,,,,,,,
392618,2009,2009-04-27,Sheikh Zayed Stadium,1,36.5,Australia,Pakistan,CJ Ferguson,MJ Clarke,Shoaib Malik,1,0,,,,,,,,,
392618,2009,2009-04-27,Sheikh Zayed Stadium,1,36.6,Australia,Pakistan,MJ Clarke,CJ Ferguson,Shoaib Malik,0,0,,,,,,,,,
392618,2009,2009-04-27,Sheikh Zayed Stadium,1,36.7,Australia,Pakistan,MJ Clarke,CJ Ferguson,Shoaib Malik,1,0,,,,,,,,,
392618,2009,2009-04-27,Sheikh Zayed Stadium,1,37.1,Australia,Pakistan,MJ Clarke,CJ Ferguson,Saeed Ajmal,4,0,,,,,,,,,
392618,2009,2009-04-27,Sheikh Zayed Stadium,1,37.2,Australia,Pakistan,MJ Clarke,CJ Ferguson,Saeed Ajmal,1,0,,,,,,,,,
392618,2009,2009-04-27,Sheikh Zayed Stadium,1,37.3,Australia,Pakistan,CJ Ferguson,MJ Clarke,Saeed Ajmal,1,0,,,,,,,,,
392618,2009,2009-04-27,Sheikh Zayed Stadium,1,37.4,Australia,Pakistan,MJ Clarke,CJ Ferguson,Saeed Ajmal,0,0,,,,,,,,,
392618,2009,2009-04-27,Sheikh Zayed Stadium,1,37.5,Australia,Pakistan,MJ Clarke,CJ Ferguson,Saeed Ajmal,1,0,,,,,,,,,
392618,2009,2009-04-27,Sheikh Zayed Stadium,1,37.6,Australia,Pakistan,CJ Ferguson,MJ Clarke,Saeed Ajmal,0,0,,,,,,,,,
392618,2009,2009-04-27,Sheikh Zayed Stadium,1,38.1,Australia,Pakistan,MJ Clarke,CJ Ferguson,Shahid Afridi,0,0,,,,,,,,,
392618,2009,2009-04-27,Sheikh Zayed Stadium,1,38.2,Australia,Pakistan,MJ Clarke,CJ Ferguson,Shahid Afridi,4,0,,,,,,,,,
392618,2009,2009-04-27,Sheikh Zayed Stadium,1,38.3,Australia,Pakistan,MJ Clarke,CJ Ferguson,Shahid Afridi,0,0,,,,,,,,,
392618,2009,2009-04-27,Sheikh Zayed Stadium,1,38.4,Australia,Pakistan,MJ Clarke,CJ Ferguson,Shahid Afridi,1,0,,,,,,,,,
392618,2009,2009-04-27,Sheikh Zayed Stadium,1,38.5,Australia,Pakistan,CJ Ferguson,MJ Clarke,Shahid Afridi,1,0,,,,,,,,,
392618,2009,2009-04-27,Sheikh Zayed Stadium,1,38.6,Australia,Pakistan,MJ Clarke,CJ Ferguson,Shahid Afridi,0,0,,,,,,caught and bowled,MJ Clarke,,
392618,2009,2009-04-27,Sheikh Zayed Stadium,1,39.1,Australia,Pakistan,CJ Ferguson,DJ Hussey,Saeed Ajmal,4,0,,,,,,,,,
392618,2009,2009-04-27,Sheikh Zayed Stadium,1,39.2,Australia,Pakistan,CJ Ferguson,DJ Hussey,Saeed Ajmal,0,0,,,,,,,,,
392618,2009,2009-04-27,Sheikh Zayed Stadium,1,39.3,Australia,Pakistan,CJ Ferguson,DJ Hussey,Saeed Ajmal,1,0,,,,,,,,,
392618,2009,2009-04-27,Sheikh Zayed Stadium,1,39.4,Australia,Pakistan,DJ Hussey,CJ Ferguson,Saeed Ajmal,0,0,,,,,,,,,
392618,2009,2009-04-27,Sheikh Zayed Stadium,1,39.5,Australia,Pakistan,DJ Hussey,CJ Ferguson,Saeed Ajmal,0,0,,,,,,,,,
392618,2009,2009-04-27,Sheikh Zayed Stadium,1,39.6,Australia,Pakistan,DJ Hussey,CJ Ferguson,Saeed Ajmal,0,0,,,,,,,,,
392618,2009,2009-04-27,Sheikh Zayed Stadium,1,40.1,Australia,Pakistan,CJ Ferguson,DJ Hussey,Shahid Afridi,0,0,,,,,,,,,
392618,2009,2009-04-27,Sheikh Zayed Stadium,1,40.2,Australia,Pakistan,CJ Ferguson,DJ Hussey,Shahid Afridi,0,0,,,,,,,,,
392618,2009,2009-04-27,Sheikh Zayed Stadium,1,40.3,Australia,Pakistan,CJ Ferguson,DJ Hussey,Shahid Afridi,0,0,,,,,,,,,
392618,2009,2009-04-27,Sheikh Zayed Stadium,1,40.4,Australia,Pakistan,CJ Ferguson,DJ Hussey,Shahid Afridi,0,0,,,,,,,,,
392618,2009,2009-04-27,Sheikh Zayed Stadium,1,40.5,Australia,Pakistan,CJ Ferguson,DJ Hussey,Shahid Afridi,0,0,,,,,,,,,
392618,2009,2009-04-27,Sheikh Zayed Stadium,1,40.6,Australia,Pakistan,CJ Ferguson,DJ Hussey,Shahid Afridi,0,0,,,,,,,,,
392618,2009,2009-04-27,Sheikh Zayed Stadium,1,41.1,Australia,Pakistan,DJ Hussey,CJ Ferguson,Yasir Arafat,1,0,,,,,,,,,
392618,2009,2009-04-27,Sheikh Zayed Stadium,1,41.2,Australia,Pakistan,CJ Ferguson,DJ Hussey,Yasir Arafat,1,0,,,,,,,,,
392618,2009,2009-04-27,Sheikh Zayed Stadium,1,41.3,Australia,Pakistan,DJ Hussey,CJ Ferguson,Yasir Arafat,1,0,,,,,,,,,
392618,2009,2009-04-27,Sheikh Zayed Stadium,1,41.4,Australia,Pakistan,CJ Ferguson,DJ Hussey,Yasir Arafat,0,0,,,,,,,,,
392618,2009,2009-04-27,Sheikh Zayed Stadium,1,41.5,Australia,Pakistan,CJ Ferguson,DJ Hussey,Yasir Arafat,1,0,,,,,,,,,
392618,2009,2009-04-27,Sheikh Zayed Stadium,1,41.6,Australia,Pakistan,DJ Hussey,CJ Ferguson,Yasir Arafat,0,1,1,,,,,,,,
392618,2009,2009-04-27,Sheikh Zayed Stadium,1,41.7,Australia,Pakistan,DJ Hussey,CJ Ferguson,Yasir Arafat,0,0,,,,,,,,,
392618,2009,2009-04-27,Sheikh Zayed Stadium,1,42.1,Australia,Pakistan,CJ Ferguson,DJ Hussey,Shahid Afridi,0,0,,,,,,,,,
392618,2009,2009-04-27,Sheikh Zayed Stadium,1,42.2,Australia,Pakistan,CJ Ferguson,DJ Hussey,Shahid Afridi,0,0,,,,,,,,,
392618,2009,2009-04-27,Sheikh Zayed Stadium,1,42.3,Australia,Pakistan,CJ Ferguson,DJ Hussey,Shahid Afridi,1,0,,,,,,,,,
392618,2009,2009-04-27,Sheikh Zayed Stadium,1,42.4,Australia,Pakistan,DJ Hussey,CJ Ferguson,Shahid Afridi,0,0,,,,,,,,,
392618,2009,2009-04-27,Sheikh Zayed Stadium,1,42.5,Australia,Pakistan,DJ Hussey,CJ Ferguson,Shahid Afridi,0,0,,,,,,,,,
392618,2009,2009-04-27,Sheikh Zayed Stadium,1,42.6,Australia,Pakistan,DJ Hussey,CJ Ferguson,Shahid Afridi,1,0,,,,,,,,,
392618,2009,2009-04-27,Sheikh Zayed Stadium,1,43.1,Australia,Pakistan,DJ Hussey,CJ Ferguson,Yasir Arafat,0,0,,,,,,,,,
392618,2009,2009-04-27,Sheikh Zayed Stadium,1,43.2,Australia,Pakistan,DJ Hussey,CJ Ferguson,Yasir Arafat,1,0,,,,,,,,,
392618,2009,2009-04-27,Sheikh Zayed Stadium,1,43.3,Australia,Pakistan,CJ Ferguson,DJ Hussey,Yasir Arafat,0,0,,,,,,,,,
392618,2009,2009-04-27,Sheikh Zayed Stadium,1,43.4,Australia,Pakistan,CJ Ferguson,DJ Hussey,Yasir Arafat,1,0,,,,,,,,,
392618,2009,2009-04-27,Sheikh Zayed Stadium,1,43.5,Australia,Pakistan,DJ Hussey,CJ Ferguson,Yasir Arafat,1,0,,,,,,,,,
392618,2009,2009-04-27,Sheikh Zayed Stadium,1,43.6,Australia,Pakistan,CJ Ferguson,DJ Hussey,Yasir Arafat,1,0,,,,,,,,,
392618,2009,2009-04-27,Sheikh Zayed Stadium,1,44.1,Australia,Pakistan,CJ Ferguson,DJ Hussey,Umar Gul,0,0,,,,,,,,,
392618,2009,2009-04-27,Sheikh Zayed Stadium,1,44.2,Australia,Pakistan,CJ Ferguson,DJ Hussey,Umar Gul,0,1,1,,,,,,,,
392618,2009,2009-04-27,Sheikh Zayed Stadium,1,44.3,Australia,Pakistan,CJ Ferguson,DJ Hussey,Umar Gul,4,0,,,,,,,,,
392618,2009,2009-04-27,Sheikh Zayed Stadium,1,44.4,Australia,Pakistan,CJ Ferguson,DJ Hussey,Umar Gul,2,0,,,,,,,,,
392618,2009,2009-04-27,Sheikh Zayed Stadium,1,44.5,Australia,Pakistan,CJ Ferguson,DJ Hussey,Umar Gul,0,0,,,,,,caught,CJ Ferguson,,
392618,2009,2009-04-27,Sheikh Zayed Stadium,1,44.6,Australia,Pakistan,DJ Hussey,NM Hauritz,Umar Gul,0,0,,,,,,,,,
392618,2009,2009-04-27,Sheikh Zayed Stadium,1,44.7,Australia,Pakistan,DJ Hussey,NM Hauritz,Umar Gul,2,0,,,,,,,,,
392618,2009,2009-04-27,Sheikh Zayed Stadium,1,45.1,Australia,Pakistan,NM Hauritz,DJ Hussey,Saeed Ajmal,0,0,,,,,,,,,
392618,2009,2009-04-27,Sheikh Zayed Stadium,1,45.2,Australia,Pakistan,NM Hauritz,DJ Hussey,Saeed Ajmal,0,0,,,,,,,,,
392618,2009,2009-04-27,Sheikh Zayed Stadium,1,45.3,Australia,Pakistan,NM Hauritz,DJ Hussey,Saeed Ajmal,1,0,,,,,,,,,
392618,2009,2009-04-27,Sheikh Zayed Stadium,1,45.4,Australia,Pakistan,DJ Hussey,NM Hauritz,Saeed Ajmal,1,0,,,,,,,,,
392618,2009,2009-04-27,Sheikh Zayed Stadium,1,45.5,Australia,Pakistan,NM Hauritz,DJ Hussey,Saeed Ajmal,1,0,,,,,,,,,
392618,2009,2009-04-27,Sheikh Zayed Stadium,1,45.6,Australia,Pakistan,DJ Hussey,NM Hauritz,Saeed Ajmal,0,0,,,,,,,,,
392618,2009,2009-04-27,Sheikh Zayed Stadium,1,46.1,Australia,Pakistan,NM Hauritz,DJ Hussey,Umar Gul,1,0,,,,,,,,,
392618,2009,2009-04-27,Sheikh Zayed Stadium,1,46.2,Australia,Pakistan,DJ Hussey,NM Hauritz,Umar Gul,1,0,,,,,,,,,
392618,2009,2009-04-27,Sheikh Zayed Stadium,1,46.3,Australia,Pakistan,NM Hauritz,DJ Hussey,Umar Gul,0,0,,,,,,,,,
392618,2009,2009-04-27,Sheikh Zayed Stadium,1,46.4,Australia,Pakistan,NM Hauritz,DJ Hussey,Umar Gul,1,0,,,,,,,,,
392618,2009,2009-04-27,Sheikh Zayed Stadium,1,46.5,Australia,Pakistan,DJ Hussey,NM Hauritz,Umar Gul,0,0,,,,,,,,,
392618,2009,2009-04-27,Sheikh Zayed Stadium,1,46.6,Australia,Pakistan,DJ Hussey,NM Hauritz,Umar Gul,1,0,,,,,,,,,
392618,2009,2009-04-27,Sheikh Zayed Stadium,1,47.1,Australia,Pakistan,DJ Hussey,NM Hauritz,Saeed Ajmal,0,1,,,,1,,,,,
392618,2009,2009-04-27,Sheikh Zayed Stadium,1,47.2,Australia,Pakistan,NM Hauritz,DJ Hussey,Saeed Ajmal,0,0,,,,,,,,,
392618,2009,2009-04-27,Sheikh Zayed Stadium,1,47.3,Australia,Pakistan,NM Hauritz,DJ Hussey,Saeed Ajmal,2,0,,,,,,,,,
392618,2009,2009-04-27,Sheikh Zayed Stadium,1,47.4,Australia,Pakistan,NM Hauritz,DJ Hussey,Saeed Ajmal,0,0,,,,,,,,,
392618,2009,2009-04-27,Sheikh Zayed Stadium,1,47.5,Australia,Pakistan,NM Hauritz,DJ Hussey,Saeed Ajmal,6,0,,,,,,,,,
392618,2009,2009-04-27,Sheikh Zayed Stadium,1,47.6,Australia,Pakistan,NM Hauritz,DJ Hussey,Saeed Ajmal,1,0,,,,,,,,,
392618,2009,2009-04-27,Sheikh Zayed Stadium,1,48.1,Australia,Pakistan,NM Hauritz,DJ Hussey,Umar Gul,0,0,,,,,,,,,
392618,2009,2009-04-27,Sheikh Zayed Stadium,1,48.2,Australia,Pakistan,NM Hauritz,DJ Hussey,Umar Gul,1,0,,,,,,,,,
392618,2009,2009-04-27,Sheikh Zayed Stadium,1,48.3,Australia,Pakistan,DJ Hussey,NM Hauritz,Umar Gul,0,0,,,,,,caught,DJ Hussey,,
392618,2009,2009-04-27,Sheikh Zayed Stadium,1,48.4,Australia,Pakistan,NM Hauritz,NW Bracken,Umar Gul,1,0,,,,,,,,,
392618,2009,2009-04-27,Sheikh Zayed Stadium,1,48.5,Australia,Pakistan,NW Bracken,NM Hauritz,Umar Gul,0,0,,,,,,,,,
392618,2009,2009-04-27,Sheikh Zayed Stadium,1,48.6,Australia,Pakistan,NW Bracken,NM Hauritz,Umar Gul,1,0,,,,,,,,,
392618,2009,2009-04-27,Sheikh Zayed Stadium,1,49.1,Australia,Pakistan,NW Bracken,NM Hauritz,Yasir Arafat,1,0,,,,,,,,,
392618,2009,2009-04-27,Sheikh Zayed Stadium,1,49.2,Australia,Pakistan,NM Hauritz,NW Bracken,Yasir Arafat,2,0,,,,,,,,,
392618,2009,2009-04-27,Sheikh Zayed Stadium,1,49.3,Australia,Pakistan,NM Hauritz,NW Bracken,Yasir Arafat,1,0,,,,,,,,,
392618,2009,2009-04-27,Sheikh Zayed Stadium,1,49.4,Australia,Pakistan,NW Bracken,NM Hauritz,Yasir Arafat,0,0,,,,,,,,,
392618,2009,2009-04-27,Sheikh Zayed Stadium,1,49.5,Australia,Pakistan,NW Bracken,NM Hauritz,Yasir Arafat,0,3,,,3,,,,,,
392618,2009,2009-04-27,Sheikh Zayed Stadium,1,49.6,Australia,Pakistan,NM Hauritz,NW Bracken,Yasir Arafat,1,0,,,,,,,,,
392618,2009,2009-04-27,Sheikh Zayed Stadium,2,0.1,Pakistan,Australia,Salman Butt,Ahmed Shehzad,NW Bracken,0,5,5,,,,,,,,
392618,2009,2009-04-27,Sheikh Zayed Stadium,2,0.2,Pakistan,Australia,Salman Butt,Ahmed Shehzad,NW Bracken,0,0,,,,,,,,,
392618,2009,2009-04-27,Sheikh Zayed Stadium,2,0.3,Pakistan,Australia,Salman Butt,Ahmed Shehzad,NW Bracken,0,0,,,,,,,,,
392618,2009,2009-04-27,Sheikh Zayed Stadium,2,0.4,Pakistan,Australia,Salman Butt,Ahmed Shehzad,NW Bracken,0,0,,,,,,,,,
392618,2009,2009-04-27,Sheikh Zayed Stadium,2,0.5,Pakistan,Australia,Salman Butt,Ahmed Shehzad,NW Bracken,2,0,,,,,,,,,
392618,2009,2009-04-27,Sheikh Zayed Stadium,2,0.6,Pakistan,Australia,Salman Butt,Ahmed Shehzad,NW Bracken,0,0,,,,,,,,,
392618,2009,2009-04-27,Sheikh Zayed Stadium,2,0.7,Pakistan,Australia,Salman Butt,Ahmed Shehzad,NW Bracken,0,0,,,,,,,,,
392618,2009,2009-04-27,Sheikh Zayed Stadium,2,1.1,Pakistan,Australia,Ahmed Shehzad,Salman Butt,BW Hilfenhaus,1,0,,,,,,,,,
392618,2009,2009-04-27,Sheikh Zayed Stadium,2,1.2,Pakistan,Australia,Salman Butt,Ahmed Shehzad,BW Hilfenhaus,0,1,1,,,,,,,,
392618,2009,2009-04-27,Sheikh Zayed Stadium,2,1.3,Pakistan,Australia,Salman Butt,Ahmed Shehzad,BW Hilfenhaus,0,0,,,,,,,,,
392618,2009,2009-04-27,Sheikh Zayed Stadium,2,1.4,Pakistan,Australia,Salman Butt,Ahmed Shehzad,BW Hilfenhaus,0,0,,,,,,,,,
392618,2009,2009-04-27,Sheikh Zayed Stadium,2,1.5,Pakistan,Australia,Salman Butt,Ahmed Shehzad,BW Hilfenhaus,0,0,,,,,,,,,
392618,2009,2009-04-27,Sheikh Zayed Stadium,2,1.6,Pakistan,Australia,Salman Butt,Ahmed Shehzad,BW Hilfenhaus,1,0,,,,,,,,,
392618,2009,2009-04-27,Sheikh Zayed Stadium,2,1.7,Pakistan,Australia,Ahmed Shehzad,Salman Butt,BW Hilfenhaus,4,0,,,,,,,,,
392618,2009,2009-04-27,Sheikh Zayed Stadium,2,2.1,Pakistan,Australia,Salman Butt,Ahmed Shehzad,NW Bracken,4,0,,,,,,,,,
392618,2009,2009-04-27,Sheikh Zayed Stadium,2,2.2,Pakistan,Australia,Salman Butt,Ahmed Shehzad,NW Bracken,0,0,,,,,,,,,
392618,2009,2009-04-27,Sheikh Zayed Stadium,2,2.3,Pakistan,Australia,Salman Butt,Ahmed Shehzad,NW Bracken,0,0,,,,,,,,,
392618,2009,2009-04-27,Sheikh Zayed Stadium,2,2.4,Pakistan,Australia,Salman Butt,Ahmed Shehzad,NW Bracken,0,0,,,,,,,,,
392618,2009,2009-04-27,Sheikh Zayed Stadium,2,2.5,Pakistan,Australia,Salman Butt,Ahmed Shehzad,NW Bracken,0,0,,,,,,,,,
392618,2009,2009-04-27,Sheikh Zayed Stadium,2,2.6,Pakistan,Australia,Salman Butt,Ahmed Shehzad,NW Bracken,0,0,,,,,,,,,
392618,2009,2009-04-27,Sheikh Zayed Stadium,2,3.1,Pakistan,Australia,Ahmed Shehzad,Salman Butt,BW Hilfenhaus,0,0,,,,,,,,,
392618,2009,2009-04-27,Sheikh Zayed Stadium,2,3.2,Pakistan,Australia,Ahmed Shehzad,Salman Butt,BW Hilfenhaus,0,0,,,,,,,,,
392618,2009,2009-04-27,Sheikh Zayed Stadium,2,3.3,Pakistan,Australia,Ahmed Shehzad,Salman Butt,BW Hilfenhaus,1,0,,,,,,,,,
392618,2009,2009-04-27,Sheikh Zayed Stadium,2,3.4,Pakistan,Australia,Salman Butt,Ahmed Shehzad,BW Hilfenhaus,0,0,,,,,,,,,
392618,2009,2009-04-27,Sheikh Zayed Stadium,2,3.5,Pakistan,Australia,Salman Butt,Ahmed Shehzad,BW Hilfenhaus,0,0,,,,,,,,,
392618,2009,2009-04-27,Sheikh Zayed Stadium,2,3.6,Pakistan,Australia,Salman Butt,Ahmed Shehzad,BW Hilfenhaus,0,0,,,,,,,,,
392618,2009,2009-04-27,Sheikh Zayed Stadium,2,4.1,Pakistan,Australia,Ahmed Shehzad,Salman Butt,NW Bracken,0,0,,,,,,,,,
392618,2009,2009-04-27,Sheikh Zayed Stadium,2,4.2,Pakistan,Australia,Ahmed Shehzad,Salman Butt,NW Bracken,1,0,,,,,,,,,
392618,2009,2009-04-27,Sheikh Zayed Stadium,2,4.3,Pakistan,Australia,Salman Butt,Ahmed Shehzad,NW Bracken,2,0,,,,,,,,,
392618,2009,2009-04-27,Sheikh Zayed Stadium,2,4.4,Pakistan,Australia,Salman Butt,Ahmed Shehzad,NW Bracken,0,0,,,,,,,,,
392618,2009,2009-04-27,Sheikh Zayed Stadium,2,4.5,Pakistan,Australia,Salman Butt,Ahmed Shehzad,NW Bracken,0,0,,,,,,,,,
392618,2009,2009-04-27,Sheikh Zayed Stadium,2,4.6,Pakistan,Australia,Salman Butt,Ahmed Shehzad,NW Bracken,0,0,,,,,,,,,
392618,2009,2009-04-27,Sheikh Zayed Stadium,2,5.1,Pakistan,Australia,Ahmed Shehzad,Salman Butt,BW Hilfenhaus,0,0,,,,,,,,,
392618,2009,2009-04-27,Sheikh Zayed Stadium,2,5.2,Pakistan,Australia,Ahmed Shehzad,Salman Butt,BW Hilfenhaus,1,0,,,,,,,,,
392618,2009,2009-04-27,Sheikh Zayed Stadium,2,5.3,Pakistan,Australia,Salman Butt,Ahmed Shehzad,BW Hilfenhaus,0,0,,,,,,,,,
392618,2009,2009-04-27,Sheikh Zayed Stadium,2,5.4,Pakistan,Australia,Salman Butt,Ahmed Shehzad,BW Hilfenhaus,0,0,,,,,,,,,
392618,2009,2009-04-27,Sheikh Zayed Stadium,2,5.5,Pakistan,Australia,Salman Butt,Ahmed Shehzad,BW Hilfenhaus,0,0,,,,,,,,,
392618,2009,2009-04-27,Sheikh Zayed Stadium,2,5.6,Pakistan,Australia,Salman Butt,Ahmed Shehzad,BW Hilfenhaus,0,0,,,,,,,,,
392618,2009,2009-04-27,Sheikh Zayed Stadium,2,6.1,Pakistan,Australia,Ahmed Shehzad,Salman Butt,NW Bracken,0,0,,,,,,,,,
392618,2009,2009-04-27,Sheikh Zayed Stadium,2,6.2,Pakistan,Australia,Ahmed Shehzad,Salman Butt,NW Bracken,1,0,,,,,,,,,
392618,2009,2009-04-27,Sheikh Zayed Stadium,2,6.3,Pakistan,Australia,Salman Butt,Ahmed Shehzad,NW Bracken,4,0,,,,,,,,,
392618,2009,2009-04-27,Sheikh Zayed Stadium,2,6.4,Pakistan,Australia,Salman Butt,Ahmed Shehzad,NW Bracken,0,0,,,,,,,,,
392618,2009,2009-04-27,Sheikh Zayed Stadium,2,6.5,Pakistan,Australia,Salman Butt,Ahmed Shehzad,NW Bracken,4,0,,,,,,,,,
392618,2009,2009-04-27,Sheikh Zayed Stadium,2,6.6,Pakistan,Australia,Salman Butt,Ahmed Shehzad,NW Bracken,0,0,,,,,,,,,
392618,2009,2009-04-27,Sheikh Zayed Stadium,2,7.1,Pakistan,Australia,Ahmed Shehzad,Salman Butt,SR Clark,3,0,,,,,,,,,
392618,2009,2009-04-27,Sheikh Zayed Stadium,2,7.2,Pakistan,Australia,Salman Butt,Ahmed Shehzad,SR Clark,0,0,,,,,,,,,
392618,2009,2009-04-27,Sheikh Zayed Stadium,2,7.3,Pakistan,Australia,Salman Butt,Ahmed Shehzad,SR Clark,1,0,,,,,,,,,
392618,2009,2009-04-27,Sheikh Zayed Stadium,2,7.4,Pakistan,Australia,Ahmed Shehzad,Salman Butt,SR Clark,0,0,,,,,,,,,
392618,2009,2009-04-27,Sheikh Zayed Stadium,2,7.5,Pakistan,Australia,Ahmed Shehzad,Salman Butt,SR Clark,0,0,,,,,,,,,
392618,2009,2009-04-27,Sheikh Zayed Stadium,2,7.6,Pakistan,Australia,Ahmed Shehzad,Salman Butt,SR Clark,0,0,,,,,,,,,
392618,2009,2009-04-27,Sheikh Zayed Stadium,2,8.1,Pakistan,Australia,Salman Butt,Ahmed Shehzad,BW Hilfenhaus,0,0,,,,,,,,,
392618,2009,2009-04-27,Sheikh Zayed Stadium,2,8.2,Pakistan,Australia,Salman Butt,Ahmed Shehzad,BW Hilfenhaus,0,0,,,,,,,,,
392618,2009,2009-04-27,Sheikh Zayed Stadium,2,8.3,Pakistan,Australia,Salman Butt,Ahmed Shehzad,BW Hilfenhaus,0,1,,,,1,,,,,
392618,2009,2009-04-27,Sheikh Zayed Stadium,2,8.4,Pakistan,Australia,Ahmed Shehzad,Salman Butt,BW Hilfenhaus,1,0,,,,,,,,,
392618,2009,2009-04-27,Sheikh Zayed Stadium,2,8.5,Pakistan,Australia,Salman Butt,Ahmed Shehzad,BW Hilfenhaus,0,0,,,,,,,,,
392618,2009,2009-04-27,Sheikh Zayed Stadium,2,8.6,Pakistan,Australia,Salman Butt,Ahmed Shehzad,BW Hilfenhaus,0,0,,,,,,,,,
392618,2009,2009-04-27,Sheikh Zayed Stadium,2,9.1,Pakistan,Australia,Ahmed Shehzad,Salman Butt,SR Clark,1,0,,,,,,,,,
392618,2009,2009-04-27,Sheikh Zayed Stadium,2,9.2,Pakistan,Australia,Salman Butt,Ahmed Shehzad,SR Clark,0,0,,,,,,,,,
392618,2009,2009-04-27,Sheikh Zayed Stadium,2,9.3,Pakistan,Australia,Salman Butt,Ahmed Shehzad,SR Clark,0,0,,,,,,,,,
392618,2009,2009-04-27,Sheikh Zayed Stadium,2,9.4,Pakistan,Australia,Salman Butt,Ahmed Shehzad,SR Clark,0,0,,,,,,,,,
392618,2009,2009-04-27,Sheikh Zayed Stadium,2,9.5,Pakistan,Australia,Salman Butt,Ahmed Shehzad,SR Clark,1,0,,,,,,,,,
392618,2009,2009-04-27,Sheikh Zayed Stadium,2,9.6,Pakistan,Australia,Ahmed Shehzad,Salman Butt,SR Clark,0,0,,,,,,,,,
392618,2009,2009-04-27,Sheikh Zayed Stadium,2,10.1,Pakistan,Australia,Salman Butt,Ahmed Shehzad,BW Hilfenhaus,1,0,,,,,,,,,
392618,2009,2009-04-27,Sheikh Zayed Stadium,2,10.2,Pakistan,Australia,Ahmed Shehzad,Salman Butt,BW Hilfenhaus,1,0,,,,,,,,,
392618,2009,2009-04-27,Sheikh Zayed Stadium,2,10.3,Pakistan,Australia,Salman Butt,Ahmed Shehzad,BW Hilfenhaus,1,0,,,,,,,,,
392618,2009,2009-04-27,Sheikh Zayed Stadium,2,10.4,Pakistan,Australia,Ahmed Shehzad,Salman Butt,BW Hilfenhaus,0,0,,,,,,,,,
392618,2009,2009-04-27,Sheikh Zayed Stadium,2,10.5,Pakistan,Australia,Ahmed Shehzad,Salman Butt,BW Hilfenhaus,1,0,,,,,,,,,
392618,2009,2009-04-27,Sheikh Zayed Stadium,2,10.6,Pakistan,Australia,Salman Butt,Ahmed Shehzad,BW Hilfenhaus,4,0,,,,,,,,,
392618,2009,2009-04-27,Sheikh Zayed Stadium,2,11.1,Pakistan,Australia,Ahmed Shehzad,Salman Butt,SR Clark,0,0,,,,,,,,,
392618,2009,2009-04-27,Sheikh Zayed Stadium,2,11.2,Pakistan,Australia,Ahmed Shehzad,Salman Butt,SR Clark,0,1,1,,,,,,,,
392618,2009,2009-04-27,Sheikh Zayed Stadium,2,11.3,Pakistan,Australia,Ahmed Shehzad,Salman Butt,SR Clark,4,0,,,,,,,,,
392618,2009,2009-04-27,Sheikh Zayed Stadium,2,11.4,Pakistan,Australia,Ahmed Shehzad,Salman Butt,SR Clark,0,0,,,,,,,,,
392618,2009,2009-04-27,Sheikh Zayed Stadium,2,11.5,Pakistan,Australia,Ahmed Shehzad,Salman Butt,SR Clark,0,0,,,,,,,,,
392618,2009,2009-04-27,Sheikh Zayed Stadium,2,11.6,Pakistan,Australia,Ahmed Shehzad,Salman Butt,SR Clark,4,0,,,,,,,,,
392618,2009,2009-04-27,Sheikh Zayed Stadium,2,11.7,Pakistan,Australia,Ahmed Shehzad,Salman Butt,SR Clark,0,0,,,,,,,,,
392618,2009,2009-04-27,Sheikh Zayed Stadium,2,12.1,Pakistan,Australia,Salman Butt,Ahmed Shehzad,NM Hauritz,0,0,,,,,,,,,
392618,2009,2009-04-27,Sheikh Zayed Stadium,2,12.2,Pakistan,Australia,Salman Butt,Ahmed Shehzad,NM Hauritz,1,0,,,,,,,,,
392618,2009,2009-04-27,Sheikh Zayed Stadium,2,12.3,Pakistan,Australia,Ahmed Shehzad,Salman Butt,NM Hauritz,0,0,,,,,,,,,
392618,2009,2009-04-27,Sheikh Zayed Stadium,2,12.4,Pakistan,Australia,Ahmed Shehzad,Salman Butt,NM Hauritz,0,0,,,,,,,,,
392618,2009,2009-04-27,Sheikh Zayed Stadium,2,12.5,Pakistan,Australia,Ahmed Shehzad,Salman Butt,NM Hauritz,0,0,,,,,,,,,
392618,2009,2009-04-27,Sheikh Zayed Stadium,2,12.6,Pakistan,Australia,Ahmed Shehzad,Salman Butt,NM Hauritz,1,0,,,,,,,,,
392618,2009,2009-04-27,Sheikh Zayed Stadium,2,13.1,Pakistan,Australia,Ahmed Shehzad,Salman Butt,JR Hopes,1,0,,,,,,,,,
392618,2009,2009-04-27,Sheikh Zayed Stadium,2,13.2,Pakistan,Australia,Salman Butt,Ahmed Shehzad,JR Hopes,0,0,,,,,,,,,
392618,2009,2009-04-27,Sheikh Zayed Stadium,2,13.3,Pakistan,Australia,Salman Butt,Ahmed Shehzad,JR Hopes,0,0,,,,,,,,,
392618,2009,2009-04-27,Sheikh Zayed Stadium,2,13.4,Pakistan,Australia,Salman Butt,Ahmed Shehzad,JR Hopes,1,0,,,,,,,,,
392618,2009,2009-04-27,Sheikh Zayed Stadium,2,13.5,Pakistan,Australia,Ahmed Shehzad,Salman Butt,JR Hopes,1,0,,,,,,,,,
392618,2009,2009-04-27,Sheikh Zayed Stadium,2,13.6,Pakistan,Australia,Salman Butt,Ahmed Shehzad,JR Hopes,1,0,,,,,,,,,
392618,2009,2009-04-27,Sheikh Zayed Stadium,2,14.1,Pakistan,Australia,Salman Butt,Ahmed Shehzad,NM Hauritz,0,0,,,,,,,,,
392618,2009,2009-04-27,Sheikh Zayed Stadium,2,14.2,Pakistan,Australia,Salman Butt,Ahmed Shehzad,NM Hauritz,0,0,,,,,,,,,
392618,2009,2009-04-27,Sheikh Zayed Stadium,2,14.3,Pakistan,Australia,Salman Butt,Ahmed Shehzad,NM Hauritz,0,0,,,,,,,,,
392618,2009,2009-04-27,Sheikh Zayed Stadium,2,14.4,Pakistan,Australia,Salman Butt,Ahmed Shehzad,NM Hauritz,0,0,,,,,,,,,
392618,2009,2009-04-27,Sheikh Zayed Stadium,2,14.5,Pakistan,Australia,Salman Butt,Ahmed Shehzad,NM Hauritz,0,0,,,,,,,,,
392618,2009,2009-04-27,Sheikh Zayed Stadium,2,14.6,Pakistan,Australia,Salman Butt,Ahmed Shehzad,NM Hauritz,0,0,,,,,,,,,
392618,2009,2009-04-27,Sheikh Zayed Stadium,2,15.1,Pakistan,Australia,Ahmed Shehzad,Salman Butt,JR Hopes,0,0,,,,,,,,,
392618,2009,2009-04-27,Sheikh Zayed Stadium,2,15.2,Pakistan,Australia,Ahmed Shehzad,Salman Butt,JR Hopes,0,0,,,,,,,,,
392618,2009,2009-04-27,Sheikh Zayed Stadium,2,15.3,Pakistan,Australia,Ahmed Shehzad,Salman Butt,JR Hopes,1,0,,,,,,,,,
392618,2009,2009-04-27,Sheikh Zayed Stadium,2,15.4,Pakistan,Australia,Salman Butt,Ahmed Shehzad,JR Hopes,4,0,,,,,,,,,
392618,2009,2009-04-27,Sheikh Zayed Stadium,2,15.5,Pakistan,Australia,Salman Butt,Ahmed Shehzad,JR Hopes,0,0,,,,,,,,,
392618,2009,2009-04-27,Sheikh Zayed Stadium,2,15.6,Pakistan,Australia,Salman Butt,Ahmed Shehzad,JR Hopes,2,0,,,,,,,,,
392618,2009,2009-04-27,Sheikh Zayed Stadium,2,16.1,Pakistan,Australia,Ahmed Shehzad,Salman Butt,NM Hauritz,0,0,,,,,,,,,
392618,2009,2009-04-27,Sheikh Zayed Stadium,2,16.2,Pakistan,Australia,Ahmed Shehzad,Salman Butt,NM Hauritz,0,0,,,,,,,,,
392618,2009,2009-04-27,Sheikh Zayed Stadium,2,16.3,Pakistan,Australia,Ahmed Shehzad,Salman Butt,NM Hauritz,0,0,,,,,,,,,
392618,2009,2009-04-27,Sheikh Zayed Stadium,2,16.4,Pakistan,Australia,Ahmed Shehzad,Salman Butt,NM Hauritz,0,0,,,,,,,,,
392618,2009,2009-04-27,Sheikh Zayed Stadium,2,16.5,Pakistan,Australia,Ahmed Shehzad,Salman Butt,NM Hauritz,0,0,,,,,,,,,
392618,2009,2009-04-27,Sheikh Zayed Stadium,2,16.6,Pakistan,Australia,Ahmed Shehzad,Salman Butt,NM Hauritz,0,0,,,,,,,,,
392618,2009,2009-04-27,Sheikh Zayed Stadium,2,17.1,Pakistan,Australia,Salman Butt,Ahmed Shehzad,A Symonds,0,0,,,,,,,,,
392618,2009,2009-04-27,Sheikh Zayed Stadium,2,17.2,Pakistan,Australia,Salman Butt,Ahmed Shehzad,A Symonds,4,0,,,,,,,,,
392618,2009,2009-04-27,Sheikh Zayed Stadium,2,17.3,Pakistan,Australia,Salman Butt,Ahmed Shehzad,A Symonds,0,0,,,,,,,,,
392618,2009,2009-04-27,Sheikh Zayed Stadium,2,17.4,Pakistan,Australia,Salman Butt,Ahmed Shehzad,A Symonds,0,0,,,,,,,,,
392618,2009,2009-04-27,Sheikh Zayed Stadium,2,17.5,Pakistan,Australia,Salman Butt,Ahmed Shehzad,A Symonds,4,0,,,,,,,,,
392618,2009,2009-04-27,Sheikh Zayed Stadium,2,17.6,Pakistan,Australia,Salman Butt,Ahmed Shehzad,A Symonds,2,0,,,,,,,,,
392618,2009,2009-04-27,Sheikh Zayed Stadium,2,18.1,Pakistan,Australia,Ahmed Shehzad,Salman Butt,NM Hauritz,1,0,,,,,,,,,
392618,2009,2009-04-27,Sheikh Zayed Stadium,2,18.2,Pakistan,Australia,Salman Butt,Ahmed Shehzad,NM Hauritz,0,1,,,,1,,,,,
392618,2009,2009-04-27,Sheikh Zayed Stadium,2,18.3,Pakistan,Australia,Ahmed Shehzad,Salman Butt,NM Hauritz,0,0,,,,,,,,,
392618,2009,2009-04-27,Sheikh Zayed Stadium,2,18.4,Pakistan,Australia,Ahmed Shehzad,Salman Butt,NM Hauritz,0,0,,,,,,,,,
392618,2009,2009-04-27,Sheikh Zayed Stadium,2,18.5,Pakistan,Australia,Ahmed Shehzad,Salman Butt,NM Hauritz,4,0,,,,,,,,,
392618,2009,2009-04-27,Sheikh Zayed Stadium,2,18.6,Pakistan,Australia,Ahmed Shehzad,Salman Butt,NM Hauritz,0,0,,,,,,,,,
392618,2009,2009-04-27,Sheikh Zayed Stadium,2,19.1,Pakistan,Australia,Salman Butt,Ahmed Shehzad,A Symonds,1,0,,,,,,,,,
392618,2009,2009-04-27,Sheikh Zayed Stadium,2,19.2,Pakistan,Australia,Ahmed Shehzad,Salman Butt,A Symonds,1,0,,,,,,,,,
392618,2009,2009-04-27,Sheikh Zayed Stadium,2,19.3,Pakistan,Australia,Salman Butt,Ahmed Shehzad,A Symonds,0,0,,,,,,,,,
392618,2009,2009-04-27,Sheikh Zayed Stadium,2,19.4,Pakistan,Australia,Salman Butt,Ahmed Shehzad,A Symonds,1,0,,,,,,,,,
392618,2009,2009-04-27,Sheikh Zayed Stadium,2,19.5,Pakistan,Australia,Ahmed Shehzad,Salman Butt,A Symonds,0,0,,,,,,,,,
392618,2009,2009-04-27,Sheikh Zayed Stadium,2,19.6,Pakistan,Australia,Ahmed Shehzad,Salman Butt,A Symonds,0,0,,,,,,,,,
392618,2009,2009-04-27,Sheikh Zayed Stadium,2,20.1,Pakistan,Australia,Salman Butt,Ahmed Shehzad,NM Hauritz,0,0,,,,,,,,,
392618,2009,2009-04-27,Sheikh Zayed Stadium,2,20.2,Pakistan,Australia,Salman Butt,Ahmed Shehzad,NM Hauritz,0,0,,,,,,,,,
392618,2009,2009-04-27,Sheikh Zayed Stadium,2,20.3,Pakistan,Australia,Salman Butt,Ahmed Shehzad,NM Hauritz,0,0,,,,,,,,,
392618,2009,2009-04-27,Sheikh Zayed Stadium,2,20.4,Pakistan,Australia,Salman Butt,Ahmed Shehzad,NM Hauritz,0,0,,,,,,,,,
392618,2009,2009-04-27,Sheikh Zayed Stadium,2,20.5,Pakistan,Australia,Salman Butt,Ahmed Shehzad,NM Hauritz,1,0,,,,,,,,,
392618,2009,2009-04-27,Sheikh Zayed Stadium,2,20.6,Pakistan,Australia,Ahmed Shehzad,Salman Butt,NM Hauritz,4,0,,,,,,,,,
392618,2009,2009-04-27,Sheikh Zayed Stadium,2,21.1,Pakistan,Australia,Salman Butt,Ahmed Shehzad,A Symonds,1,0,,,,,,,,,
392618,2009,2009-04-27,Sheikh Zayed Stadium,2,21.2,Pakistan,Australia,Ahmed Shehzad,Salman Butt,A Symonds,0,0,,,,,,,,,
392618,2009,2009-04-27,Sheikh Zayed Stadium,2,21.3,Pakistan,Australia,Ahmed Shehzad,Salman Butt,A Symonds,0,0,,,,,,,,,
392618,2009,2009-04-27,Sheikh Zayed Stadium,2,21.4,Pakistan,Australia,Ahmed Shehzad,Salman Butt,A Symonds,0,0,,,,,,,,,
392618,2009,2009-04-27,Sheikh Zayed Stadium,2,21.5,Pakistan,Australia,Ahmed Shehzad,Salman Butt,A Symonds,0,0,,,,,,,,,
392618,2009,2009-04-27,Sheikh Zayed Stadium,2,21.6,Pakistan,Australia,Ahmed Shehzad,Salman Butt,A Symonds,0,0,,,,,,,,,
392618,2009,2009-04-27,Sheikh Zayed Stadium,2,22.1,Pakistan,Australia,Salman Butt,Ahmed Shehzad,NM Hauritz,0,0,,,,,,caught,Salman Butt,,
392618,2009,2009-04-27,Sheikh Zayed Stadium,2,22.2,Pakistan,Australia,Younis Khan,Ahmed Shehzad,NM Hauritz,0,0,,,,,,caught,Younis Khan,,
392618,2009,2009-04-27,Sheikh Zayed Stadium,2,22.3,Pakistan,Australia,Misbah-ul-Haq,Ahmed Shehzad,NM Hauritz,0,0,,,,,,,,,
392618,2009,2009-04-27,Sheikh Zayed Stadium,2,22.4,Pakistan,Australia,Misbah-ul-Haq,Ahmed Shehzad,NM Hauritz,0,0,,,,,,,,,
392618,2009,2009-04-27,Sheikh Zayed Stadium,2,22.5,Pakistan,Australia,Misbah-ul-Haq,Ahmed Shehzad,NM Hauritz,0,0,,,,,,,,,
392618,2009,2009-04-27,Sheikh Zayed Stadium,2,22.6,Pakistan,Australia,Misbah-ul-Haq,Ahmed Shehzad,NM Hauritz,0,0,,,,,,,,,
392618,2009,2009-04-27,Sheikh Zayed Stadium,2,23.1,Pakistan,Australia,Ahmed Shehzad,Misbah-ul-Haq,A Symonds,0,0,,,,,,,,,
392618,2009,2009-04-27,Sheikh Zayed Stadium,2,23.2,Pakistan,Australia,Ahmed Shehzad,Misbah-ul-Haq,A Symonds,1,0,,,,,,,,,
392618,2009,2009-04-27,Sheikh Zayed Stadium,2,23.3,Pakistan,Australia,Misbah-ul-Haq,Ahmed Shehzad,A Symonds,6,0,,,,,,,,,
392618,2009,2009-04-27,Sheikh Zayed Stadium,2,23.4,Pakistan,Australia,Misbah-ul-Haq,Ahmed Shehzad,A Symonds,0,0,,,,,,,,,
392618,2009,2009-04-27,Sheikh Zayed Stadium,2,23.5,Pakistan,Australia,Misbah-ul-Haq,Ahmed Shehzad,A Symonds,0,0,,,,,,,,,
392618,2009,2009-04-27,Sheikh Zayed Stadium,2,23.6,Pakistan,Australia,Misbah-ul-Haq,Ahmed Shehzad,A Symonds,1,0,,,,,,,,,
392618,2009,2009-04-27,Sheikh Zayed Stadium,2,24.1,Pakistan,Australia,Misbah-ul-Haq,Ahmed Shehzad,NM Hauritz,1,0,,,,,,,,,
392618,2009,2009-04-27,Sheikh Zayed Stadium,2,24.2,Pakistan,Australia,Ahmed Shehzad,Misbah-ul-Haq,NM Hauritz,0,1,1,,,,,,,,
392618,2009,2009-04-27,Sheikh Zayed Stadium,2,24.3,Pakistan,Australia,Ahmed Shehzad,Misbah-ul-Haq,NM Hauritz,0,0,,,,,,,,,
392618,2009,2009-04-27,Sheikh Zayed Stadium,2,24.4,Pakistan,Australia,Ahmed Shehzad,Misbah-ul-Haq,NM Hauritz,1,0,,,,,,,,,
392618,2009,2009-04-27,Sheikh Zayed Stadium,2,24.5,Pakistan,Australia,Misbah-ul-Haq,Ahmed Shehzad,NM Hauritz,0,0,,,,,,,,,
392618,2009,2009-04-27,Sheikh Zayed Stadium,2,24.6,Pakistan,Australia,Misbah-ul-Haq,Ahmed Shehzad,NM Hauritz,0,0,,,,,,,,,
392618,2009,2009-04-27,Sheikh Zayed Stadium,2,24.7,Pakistan,Australia,Misbah-ul-Haq,Ahmed Shehzad,NM Hauritz,1,0,,,,,,,,,
392618,2009,2009-04-27,Sheikh Zayed Stadium,2,25.1,Pakistan,Australia,Misbah-ul-Haq,Ahmed Shehzad,MJ Clarke,0,0,,,,,,caught,Misbah-ul-Haq,,
392618,2009,2009-04-27,Sheikh Zayed Stadium,2,25.2,Pakistan,Australia,Ahmed Shehzad,Shoaib Malik,MJ Clarke,0,0,,,,,,bowled,Ahmed Shehzad,,
392618,2009,2009-04-27,Sheikh Zayed Stadium,2,25.3,Pakistan,Australia,Shahid Afridi,Shoaib Malik,MJ Clarke,0,0,,,,,,,,,
392618,2009,2009-04-27,Sheikh Zayed Stadium,2,25.4,Pakistan,Australia,Shahid Afridi,Shoaib Malik,MJ Clarke,1,0,,,,,,,,,
392618,2009,2009-04-27,Sheikh Zayed Stadium,2,25.5,Pakistan,Australia,Shoaib Malik,Shahid Afridi,MJ Clarke,1,0,,,,,,,,,
392618,2009,2009-04-27,Sheikh Zayed Stadium,2,25.6,Pakistan,Australia,Shahid Afridi,Shoaib Malik,MJ Clarke,2,0,,,,,,,,,
392618,2009,2009-04-27,Sheikh Zayed Stadium,2,26.1,Pakistan,Australia,Shoaib Malik,Shahid Afridi,NM Hauritz,0,0,,,,,,,,,
392618,2009,2009-04-27,Sheikh Zayed Stadium,2,26.2,Pakistan,Australia,Shoaib Malik,Shahid Afridi,NM Hauritz,0,0,,,,,,,,,
392618,2009,2009-04-27,Sheikh Zayed Stadium,2,26.3,Pakistan,Australia,Shoaib Malik,Shahid Afridi,NM Hauritz,0,0,,,,,,,,,
392618,2009,2009-04-27,Sheikh Zayed Stadium,2,26.4,Pakistan,Australia,Shoaib Malik,Shahid Afridi,NM Hauritz,0,0,,,,,,,,,
392618,2009,2009-04-27,Sheikh Zayed Stadium,2,26.5,Pakistan,Australia,Shoaib Malik,Shahid Afridi,NM Hauritz,4,0,,,,,,,,,
392618,2009,2009-04-27,Sheikh Zayed Stadium,2,26.6,Pakistan,Australia,Shoaib Malik,Shahid Afridi,NM Hauritz,0,0,,,,,,,,,
392618,2009,2009-04-27,Sheikh Zayed Stadium,2,27.1,Pakistan,Australia,Shahid Afridi,Shoaib Malik,MJ Clarke,1,0,,,,,,,,,
392618,2009,2009-04-27,Sheikh Zayed Stadium,2,27.2,Pakistan,Australia,Shoaib Malik,Shahid Afridi,MJ Clarke,0,0,,,,,,,,,
392618,2009,2009-04-27,Sheikh Zayed Stadium,2,27.3,Pakistan,Australia,Shoaib Malik,Shahid Afridi,MJ Clarke,0,0,,,,,,,,,
392618,2009,2009-04-27,Sheikh Zayed Stadium,2,27.4,Pakistan,Australia,Shoaib Malik,Shahid Afridi,MJ Clarke,1,0,,,,,,,,,
392618,2009,2009-04-27,Sheikh Zayed Stadium,2,27.5,Pakistan,Australia,Shahid Afridi,Shoaib Malik,MJ Clarke,1,0,,,,,,,,,
392618,2009,2009-04-27,Sheikh Zayed Stadium,2,27.6,Pakistan,Australia,Shoaib Malik,Shahid Afridi,MJ Clarke,1,0,,,,,,,,,
392618,2009,2009-04-27,Sheikh Zayed Stadium,2,28.1,Pakistan,Australia,Shoaib Malik,Shahid Afridi,NM Hauritz,2,0,,,,,,,,,
392618,2009,2009-04-27,Sheikh Zayed Stadium,2,28.2,Pakistan,Australia,Shoaib Malik,Shahid Afridi,NM Hauritz,1,0,,,,,,,,,
392618,2009,2009-04-27,Sheikh Zayed Stadium,2,28.3,Pakistan,Australia,Shahid Afridi,Shoaib Malik,NM Hauritz,0,0,,,,,,,,,
392618,2009,2009-04-27,Sheikh Zayed Stadium,2,28.4,Pakistan,Australia,Shahid Afridi,Shoaib Malik,NM Hauritz,1,0,,,,,,,,,
392618,2009,2009-04-27,Sheikh Zayed Stadium,2,28.5,Pakistan,Australia,Shoaib Malik,Shahid Afridi,NM Hauritz,0,0,,,,,,,,,
392618,2009,2009-04-27,Sheikh Zayed Stadium,2,28.6,Pakistan,Australia,Shoaib Malik,Shahid Afridi,NM Hauritz,0,0,,,,,,,,,
392618,2009,2009-04-27,Sheikh Zayed Stadium,2,29.1,Pakistan,Australia,Shahid Afridi,Shoaib Malik,MJ Clarke,0,0,,,,,,caught,Shahid Afridi,,
392618,2009,2009-04-27,Sheikh Zayed Stadium,2,29.2,Pakistan,Australia,Kamran Akmal,Shoaib Malik,MJ Clarke,0,0,,,,,,,,,
392618,2009,2009-04-27,Sheikh Zayed Stadium,2,29.3,Pakistan,Australia,Kamran Akmal,Shoaib Malik,MJ Clarke,0,0,,,,,,,,,
392618,2009,2009-04-27,Sheikh Zayed Stadium,2,29.4,Pakistan,Australia,Kamran Akmal,Shoaib Malik,MJ Clarke,0,0,,,,,,,,,
392618,2009,2009-04-27,Sheikh Zayed Stadium,2,29.5,Pakistan,Australia,Kamran Akmal,Shoaib Malik,MJ Clarke,0,0,,,,,,,,,
392618,2009,2009-04-27,Sheikh Zayed Stadium,2,29.6,Pakistan,Australia,Kamran Akmal,Shoaib Malik,MJ Clarke,0,0,,,,,,,,,
392618,2009,2009-04-27,Sheikh Zayed Stadium,2,30.1,Pakistan,Australia,Shoaib Malik,Kamran Akmal,NM Hauritz,1,0,,,,,,,,,
392618,2009,2009-04-27,Sheikh Zayed Stadium,2,30.2,Pakistan,Australia,Kamran Akmal,Shoaib Malik,NM Hauritz,0,0,,,,,,,,,
392618,2009,2009-04-27,Sheikh Zayed Stadium,2,30.3,Pakistan,Australia,Kamran Akmal,Shoaib Malik,NM Hauritz,0,0,,,,,,,,,
392618,2009,2009-04-27,Sheikh Zayed Stadium,2,30.4,Pakistan,Australia,Kamran Akmal,Shoaib Malik,NM Hauritz,0,0,,,,,,,,,
392618,2009,2009-04-27,Sheikh Zayed Stadium,2,30.5,Pakistan,Australia,Kamran Akmal,Shoaib Malik,NM Hauritz,0,0,,,,,,,,,
392618,2009,2009-04-27,Sheikh Zayed Stadium,2,30.6,Pakistan,Australia,Kamran Akmal,Shoaib Malik,NM Hauritz,0,0,,,,,,,,,
392618,2009,2009-04-27,Sheikh Zayed Stadium,2,31.1,Pakistan,Australia,Shoaib Malik,Kamran Akmal,MJ Clarke,0,0,,,,,,,,,
392618,2009,2009-04-27,Sheikh Zayed Stadium,2,31.2,Pakistan,Australia,Shoaib Malik,Kamran Akmal,MJ Clarke,0,4,,,4,,,,,,
392618,2009,2009-04-27,Sheikh Zayed Stadium,2,31.3,Pakistan,Australia,Shoaib Malik,Kamran Akmal,MJ Clarke,0,0,,,,,,,,,
392618,2009,2009-04-27,Sheikh Zayed Stadium,2,31.4,Pakistan,Australia,Shoaib Malik,Kamran Akmal,MJ Clarke,0,0,,,,,,,,,
392618,2009,2009-04-27,Sheikh Zayed Stadium,2,31.5,Pakistan,Australia,Shoaib Malik,Kamran Akmal,MJ Clarke,0,0,,,,,,,,,
392618,2009,2009-04-27,Sheikh Zayed Stadium,2,31.6,Pakistan,Australia,Shoaib Malik,Kamran Akmal,MJ Clarke,0,0,,,,,,,,,
392618,2009,2009-04-27,Sheikh Zayed Stadium,2,32.1,Pakistan,Australia,Kamran Akmal,Shoaib Malik,A Symonds,2,0,,,,,,,,,
392618,2009,2009-04-27,Sheikh Zayed Stadium,2,32.2,Pakistan,Australia,Kamran Akmal,Shoaib Malik,A Symonds,2,0,,,,,,,,,
392618,2009,2009-04-27,Sheikh Zayed Stadium,2,32.3,Pakistan,Australia,Kamran Akmal,Shoaib Malik,A Symonds,1,0,,,,,,,,,
392618,2009,2009-04-27,Sheikh Zayed Stadium,2,32.4,Pakistan,Australia,Shoaib Malik,Kamran Akmal,A Symonds,0,0,,,,,,,,,
392618,2009,2009-04-27,Sheikh Zayed Stadium,2,32.5,Pakistan,Australia,Shoaib Malik,Kamran Akmal,A Symonds,0,0,,,,,,,,,
392618,2009,2009-04-27,Sheikh Zayed Stadium,2,32.6,Pakistan,Australia,Shoaib Malik,Kamran Akmal,A Symonds,0,0,,,,,,,,,
392618,2009,2009-04-27,Sheikh Zayed Stadium,2,33.1,Pakistan,Australia,Kamran Akmal,Shoaib Malik,MJ Clarke,1,0,,,,,,,,,
392618,2009,2009-04-27,Sheikh Zayed Stadium,2,33.2,Pakistan,Australia,Shoaib Malik,Kamran Akmal,MJ Clarke,1,0,,,,,,,,,
392618,2009,2009-04-27,Sheikh Zayed Stadium,2,33.3,Pakistan,Australia,Kamran Akmal,Shoaib Malik,MJ Clarke,0,0,,,,,,,,,
392618,2009,2009-04-27,Sheikh Zayed Stadium,2,33.4,Pakistan,Australia,Kamran Akmal,Shoaib Malik,MJ Clarke,1,0,,,,,,,,,
392618,2009,2009-04-27,Sheikh Zayed Stadium,2,33.5,Pakistan,Australia,Shoaib Malik,Kamran Akmal,MJ Clarke,1,0,,,,,,,,,
392618,2009,2009-04-27,Sheikh Zayed Stadium,2,33.6,Pakistan,Australia,Kamran Akmal,Shoaib Malik,MJ Clarke,0,0,,,,,,,,,
392618,2009,2009-04-27,Sheikh Zayed Stadium,2,34.1,Pakistan,Australia,Shoaib Malik,Kamran Akmal,A Symonds,0,0,,,,,,,,,
392618,2009,2009-04-27,Sheikh Zayed Stadium,2,34.2,Pakistan,Australia,Shoaib Malik,Kamran Akmal,A Symonds,1,0,,,,,,,,,
392618,2009,2009-04-27,Sheikh Zayed Stadium,2,34.3,Pakistan,Australia,Kamran Akmal,Shoaib Malik,A Symonds,1,0,,,,,,,,,
392618,2009,2009-04-27,Sheikh Zayed Stadium,2,34.4,Pakistan,Australia,Shoaib Malik,Kamran Akmal,A Symonds,0,0,,,,,,,,,
392618,2009,2009-04-27,Sheikh Zayed Stadium,2,34.5,Pakistan,Australia,Shoaib Malik,Kamran Akmal,A Symonds,1,0,,,,,,,,,
392618,2009,2009-04-27,Sheikh Zayed Stadium,2,34.6,Pakistan,Australia,Kamran Akmal,Shoaib Malik,A Symonds,0,0,,,,,,,,,
392618,2009,2009-04-27,Sheikh Zayed Stadium,2,35.1,Pakistan,Australia,Shoaib Malik,Kamran Akmal,NW Bracken,0,0,,,,,,,,,
392618,2009,2009-04-27,Sheikh Zayed Stadium,2,35.2,Pakistan,Australia,Shoaib Malik,Kamran Akmal,NW Bracken,1,0,,,,,,,,,
392618,2009,2009-04-27,Sheikh Zayed Stadium,2,35.3,Pakistan,Australia,Kamran Akmal,Shoaib Malik,NW Bracken,0,0,,,,,,,,,
392618,2009,2009-04-27,Sheikh Zayed Stadium,2,35.4,Pakistan,Australia,Kamran Akmal,Shoaib Malik,NW Bracken,0,0,,,,,,,,,
392618,2009,2009-04-27,Sheikh Zayed Stadium,2,35.5,Pakistan,Australia,Kamran Akmal,Shoaib Malik,NW Bracken,0,0,,,,,,caught,Kamran Akmal,,
392618,2009,2009-04-27,Sheikh Zayed Stadium,2,35.6,Pakistan,Australia,Yasir Arafat,Shoaib Malik,NW Bracken,0,0,,,,,,,,,
392618,2009,2009-04-27,Sheikh Zayed Stadium,2,36.1,Pakistan,Australia,Shoaib Malik,Yasir Arafat,A Symonds,0,0,,,,,,,,,
392618,2009,2009-04-27,Sheikh Zayed Stadium,2,36.2,Pakistan,Australia,Shoaib Malik,Yasir Arafat,A Symonds,1,0,,,,,,,,,
392618,2009,2009-04-27,Sheikh Zayed Stadium,2,36.3,Pakistan,Australia,Yasir Arafat,Shoaib Malik,A Symonds,0,0,,,,,,,,,
392618,2009,2009-04-27,Sheikh Zayed Stadium,2,36.4,Pakistan,Australia,Yasir Arafat,Shoaib Malik,A Symonds,1,0,,,,,,,,,
392618,2009,2009-04-27,Sheikh Zayed Stadium,2,36.5,Pakistan,Australia,Shoaib Malik,Yasir Arafat,A Symonds,0,0,,,,,,,,,
392618,2009,2009-04-27,Sheikh Zayed Stadium,2,36.6,Pakistan,Australia,Shoaib Malik,Yasir Arafat,A Symonds,0,0,,,,,,,,,
392618,2009,2009-04-27,Sheikh Zayed Stadium,2,37.1,Pakistan,Australia,Yasir Arafat,Shoaib Malik,NW Bracken,0,0,,,,,,,,,
392618,2009,2009-04-27,Sheikh Zayed Stadium,2,37.2,Pakistan,Australia,Yasir Arafat,Shoaib Malik,NW Bracken,0,0,,,,,,,,,
392618,2009,2009-04-27,Sheikh Zayed Stadium,2,37.3,Pakistan,Australia,Yasir Arafat,Shoaib Malik,NW Bracken,0,0,,,,,,,,,
392618,2009,2009-04-27,Sheikh Zayed Stadium,2,37.4,Pakistan,Australia,Yasir Arafat,Shoaib Malik,NW Bracken,0,0,,,,,,,,,
392618,2009,2009-04-27,Sheikh Zayed Stadium,2,37.5,Pakistan,Australia,Yasir Arafat,Shoaib Malik,NW Bracken,0,0,,,,,,,,,
392618,2009,2009-04-27,Sheikh Zayed Stadium,2,37.6,Pakistan,Australia,Yasir Arafat,Shoaib Malik,NW Bracken,0,0,,,,,,,,,
392618,2009,2009-04-27,Sheikh Zayed Stadium,2,38.1,Pakistan,Australia,Shoaib Malik,Yasir Arafat,MJ Clarke,1,0,,,,,,,,,
392618,2009,2009-04-27,Sheikh Zayed Stadium,2,38.2,Pakistan,Australia,Yasir Arafat,Shoaib Malik,MJ Clarke,0,0,,,,,,,,,
392618,2009,2009-04-27,Sheikh Zayed Stadium,2,38.3,Pakistan,Australia,Yasir Arafat,Shoaib Malik,MJ Clarke,0,0,,,,,,,,,
392618,2009,2009-04-27,Sheikh Zayed Stadium,2,38.4,Pakistan,Australia,Yasir Arafat,Shoaib Malik,MJ Clarke,1,0,,,,,,,,,
392618,2009,2009-04-27,Sheikh Zayed Stadium,2,38.5,Pakistan,Australia,Shoaib Malik,Yasir Arafat,MJ Clarke,1,0,,,,,,,,,
392618,2009,2009-04-27,Sheikh Zayed Stadium,2,38.6,Pakistan,Australia,Yasir Arafat,Shoaib Malik,MJ Clarke,0,0,,,,,,,,,
392618,2009,2009-04-27,Sheikh Zayed Stadium,2,39.1,Pakistan,Australia,Shoaib Malik,Yasir Arafat,NW Bracken,0,0,,,,,,,,,
392618,2009,2009-04-27,Sheikh Zayed Stadium,2,39.2,Pakistan,Australia,Shoaib Malik,Yasir Arafat,NW Bracken,0,0,,,,,,,,,
392618,2009,2009-04-27,Sheikh Zayed Stadium,2,39.3,Pakistan,Australia,Shoaib Malik,Yasir Arafat,NW Bracken,0,0,,,,,,,,,
392618,2009,2009-04-27,Sheikh Zayed Stadium,2,39.4,Pakistan,Australia,Shoaib Malik,Yasir Arafat,NW Bracken,1,0,,,,,,,,,
392618,2009,2009-04-27,Sheikh Zayed Stadium,2,39.5,Pakistan,Australia,Yasir Arafat,Shoaib Malik,NW Bracken,1,0,,,,,,,,,
392618,2009,2009-04-27,Sheikh Zayed Stadium,2,39.6,Pakistan,Australia,Shoaib Malik,Yasir Arafat,NW Bracken,0,0,,,,,,,,,
392618,2009,2009-04-27,Sheikh Zayed Stadium,2,40.1,Pakistan,Australia,Yasir Arafat,Shoaib Malik,A Symonds,0,0,,,,,,,,,
392618,2009,2009-04-27,Sheikh Zayed Stadium,2,40.2,Pakistan,Australia,Yasir Arafat,Shoaib Malik,A Symonds,0,0,,,,,,,,,
392618,2009,2009-04-27,Sheikh Zayed Stadium,2,40.3,Pakistan,Australia,Yasir Arafat,Shoaib Malik,A Symonds,0,0,,,,,,bowled,Yasir Arafat,,
392618,2009,2009-04-27,Sheikh Zayed Stadium,2,40.4,Pakistan,Australia,Sohail Tanvir,Shoaib Malik,A Symonds,1,0,,,,,,,,,
392618,2009,2009-04-27,Sheikh Zayed Stadium,2,40.5,Pakistan,Australia,Shoaib Malik,Sohail Tanvir,A Symonds,0,0,,,,,,,,,
392618,2009,2009-04-27,Sheikh Zayed Stadium,2,40.6,Pakistan,Australia,Shoaib Malik,Sohail Tanvir,A Symonds,4,0,,,,,,,,,
392618,2009,2009-04-27,Sheikh Zayed Stadium,2,41.1,Pakistan,Australia,Sohail Tanvir,Shoaib Malik,NW Bracken,0,0,,,,,,,,,
392618,2009,2009-04-27,Sheikh Zayed Stadium,2,41.2,Pakistan,Australia,Sohail Tanvir,Shoaib Malik,NW Bracken,1,0,,,,,,,,,
392618,2009,2009-04-27,Sheikh Zayed Stadium,2,41.3,Pakistan,Australia,Shoaib Malik,Sohail Tanvir,NW Bracken,1,0,,,,,,,,,
392618,2009,2009-04-27,Sheikh Zayed Stadium,2,41.4,Pakistan,Australia,Sohail Tanvir,Shoaib Malik,NW Bracken,0,0,,,,,,,,,
392618,2009,2009-04-27,Sheikh Zayed Stadium,2,41.5,Pakistan,Australia,Sohail Tanvir,Shoaib Malik,NW Bracken,0,0,,,,,,,,,
392618,2009,2009-04-27,Sheikh Zayed Stadium,2,41.6,Pakistan,Australia,Sohail Tanvir,Shoaib Malik,NW Bracken,1,0,,,,,,,,,
392618,2009,2009-04-27,Sheikh Zayed Stadium,2,42.1,Pakistan,Australia,Sohail Tanvir,Shoaib Malik,A Symonds,0,0,,,,,,,,,
392618,2009,2009-04-27,Sheikh Zayed Stadium,2,42.2,Pakistan,Australia,Sohail Tanvir,Shoaib Malik,A Symonds,0,0,,,,,,,,,
392618,2009,2009-04-27,Sheikh Zayed Stadium,2,42.3,Pakistan,Australia,Sohail Tanvir,Shoaib Malik,A Symonds,0,0,,,,,,,,,
392618,2009,2009-04-27,Sheikh Zayed Stadium,2,42.4,Pakistan,Australia,Sohail Tanvir,Shoaib Malik,A Symonds,0,0,,,,,,,,,
392618,2009,2009-04-27,Sheikh Zayed Stadium,2,42.5,Pakistan,Australia,Sohail Tanvir,Shoaib Malik,A Symonds,4,0,,,,,,,,,
392618,2009,2009-04-27,Sheikh Zayed Stadium,2,42.6,Pakistan,Australia,Sohail Tanvir,Shoaib Malik,A Symonds,0,0,,,,,,,,,
392618,2009,2009-04-27,Sheikh Zayed Stadium,2,43.1,Pakistan,Australia,Shoaib Malik,Sohail Tanvir,NW Bracken,0,0,,,,,,,,,
392618,2009,2009-04-27,Sheikh Zayed Stadium,2,43.2,Pakistan,Australia,Shoaib Malik,Sohail Tanvir,NW Bracken,0,0,,,,,,,,,
392618,2009,2009-04-27,Sheikh Zayed Stadium,2,43.3,Pakistan,Australia,Shoaib Malik,Sohail Tanvir,NW Bracken,1,0,,,,,,,,,
392618,2009,2009-04-27,Sheikh Zayed Stadium,2,43.4,Pakistan,Australia,Sohail Tanvir,Shoaib Malik,NW Bracken,1,0,,,,,,,,,
392618,2009,2009-04-27,Sheikh Zayed Stadium,2,43.5,Pakistan,Australia,Shoaib Malik,Sohail Tanvir,NW Bracken,0,0,,,,,,,,,
392618,2009,2009-04-27,Sheikh Zayed Stadium,2,43.6,Pakistan,Australia,Shoaib Malik,Sohail Tanvir,NW Bracken,2,0,,,,,,,,,
392618,2009,2009-04-27,Sheikh Zayed Stadium,2,44.1,Pakistan,Australia,Sohail Tanvir,Shoaib Malik,A Symonds,0,0,,,,,,,,,
392618,2009,2009-04-27,Sheikh Zayed Stadium,2,44.2,Pakistan,Australia,Sohail Tanvir,Shoaib Malik,A Symonds,0,0,,,,,,,,,
392618,2009,2009-04-27,Sheikh Zayed Stadium,2,44.3,Pakistan,Australia,Sohail Tanvir,Shoaib Malik,A Symonds,0,0,,,,,,,,,
392618,2009,2009-04-27,Sheikh Zayed Stadium,2,44.4,Pakistan,Australia,Sohail Tanvir,Shoaib Malik,A Symonds,0,0,,,,,,,,,
392618,2009,2009-04-27,Sheikh Zayed Stadium,2,44.5,Pakistan,Australia,Sohail Tanvir,Shoaib Malik,A Symonds,0,1,,,,1,,,,,
392618,2009,2009-04-27,Sheikh Zayed Stadium,2,44.6,Pakistan,Australia,Shoaib Malik,Sohail Tanvir,A Symonds,0,0,,,,,,,,,
392618,2009,2009-04-27,Sheikh Zayed Stadium,2,45.1,Pakistan,Australia,Sohail Tanvir,Shoaib Malik,NW Bracken,2,0,,,,,,,,,
392618,2009,2009-04-27,Sheikh Zayed Stadium,2,45.2,Pakistan,Australia,Sohail Tanvir,Shoaib Malik,NW Bracken,0,0,,,,,,,,,
392618,2009,2009-04-27,Sheikh Zayed Stadium,2,45.3,Pakistan,Australia,Sohail Tanvir,Shoaib Malik,NW Bracken,1,0,,,,,,,,,
392618,2009,2009-04-27,Sheikh Zayed Stadium,2,45.4,Pakistan,Australia,Shoaib Malik,Sohail Tanvir,NW Bracken,1,0,,,,,,,,,
392618,2009,2009-04-27,Sheikh Zayed Stadium,2,45.5,Pakistan,Australia,Sohail Tanvir,Shoaib Malik,NW Bracken,0,0,,,,,,,,,
392618,2009,2009-04-27,Sheikh Zayed Stadium,2,45.6,Pakistan,Australia,Sohail Tanvir,Shoaib Malik,NW Bracken,0,0,,,,,,,,,
392618,2009,2009-04-27,Sheikh Zayed Stadium,2,46.1,Pakistan,Australia,Shoaib Malik,Sohail Tanvir,BW Hilfenhaus,1,0,,,,,,,,,
392618,2009,2009-04-27,Sheikh Zayed Stadium,2,46.2,Pakistan,Australia,Sohail Tanvir,Shoaib Malik,BW Hilfenhaus,0,0,,,,,,caught,Sohail Tanvir,,
392618,2009,2009-04-27,Sheikh Zayed Stadium,2,46.3,Pakistan,Australia,Shoaib Malik,Umar Gul,BW Hilfenhaus,0,0,,,,,,run out,Shoaib Malik,,
392618,2009,2009-04-27,Sheikh Zayed Stadium,2,46.4,Pakistan,Australia,Saeed Ajmal,Umar Gul,BW Hilfenhaus,0,0,,,,,,,,,
392618,2009,2009-04-27,Sheikh Zayed Stadium,2,46.5,Pakistan,Australia,Saeed Ajmal,Umar Gul,BW Hilfenhaus,0,0,,,,,,,,,
392618,2009,2009-04-27,Sheikh Zayed Stadium,2,46.6,Pakistan,Australia,Saeed Ajmal,Umar Gul,BW Hilfenhaus,0,1,1,,,,,,,,
392618,2009,2009-04-27,Sheikh Zayed Stadium,2,46.7,Pakistan,Australia,Saeed Ajmal,Umar Gul,BW Hilfenhaus,0,0,,,,,,,,,
392618,2009,2009-04-27,Sheikh Zayed Stadium,2,47.1,Pakistan,Australia,Umar Gul,Saeed Ajmal,SR Clark,0,0,,,,,,bowled,Umar Gul,,
