match_id,season,start_date,venue,innings,ball,batting_team,bowling_team,striker,non_striker,bowler,runs_off_bat,extras,wides,noballs,byes,legbyes,penalty,wicket_type,player_dismissed,other_wicket_type,other_player_dismissed
403373,2009,2009-08-07,R Premadasa Stadium,1,0.1,Pakistan,Sri Lanka,Kamran Akmal,Imran Nazir,SL Malinga,0,0,,,,,,,,,
403373,2009,2009-08-07,R Premadasa Stadium,1,0.2,Pakistan,Sri Lanka,Kamran Akmal,Imran Nazir,SL Malinga,0,0,,,,,,,,,
403373,2009,2009-08-07,R Premadasa Stadium,1,0.3,Pakistan,Sri Lanka,Kamran Akmal,Imran Nazir,SL Malinga,1,0,,,,,,,,,
403373,2009,2009-08-07,R Premadasa Stadium,1,0.4,Pakistan,Sri Lanka,Imran Nazir,Kamran Akmal,SL Malinga,0,1,1,,,,,,,,
403373,2009,2009-08-07,R Premadasa Stadium,1,0.5,Pakistan,Sri Lanka,Imran Nazir,Kamran Akmal,SL Malinga,0,0,,,,,,,,,
403373,2009,2009-08-07,R Premadasa Stadium,1,0.6,Pakistan,Sri Lanka,Imran Nazir,Kamran Akmal,SL Malinga,1,0,,,,,,,,,
403373,2009,2009-08-07,R Premadasa Stadium,1,0.7,Pakistan,Sri Lanka,Kamran Akmal,Imran Nazir,SL Malinga,0,0,,,,,,,,,
403373,2009,2009-08-07,R Premadasa Stadium,1,1.1,Pakistan,Sri Lanka,Imran Nazir,Kamran Akmal,T Thushara,4,0,,,,,,,,,
403373,2009,2009-08-07,R Premadasa Stadium,1,1.2,Pakistan,Sri Lanka,Imran Nazir,Kamran Akmal,T Thushara,1,0,,,,,,,,,
403373,2009,2009-08-07,R Premadasa Stadium,1,1.3,Pakistan,Sri Lanka,Kamran Akmal,Imran Nazir,T Thushara,0,0,,,,,,,,,
403373,2009,2009-08-07,R Premadasa Stadium,1,1.4,Pakistan,Sri Lanka,Kamran Akmal,Imran Nazir,T Thushara,0,0,,,,,,,,,
403373,2009,2009-08-07,R Premadasa Stadium,1,1.5,Pakistan,Sri Lanka,Kamran Akmal,Imran Nazir,T Thushara,0,0,,,,,,,,,
403373,2009,2009-08-07,R Premadasa Stadium,1,1.6,Pakistan,Sri Lanka,Kamran Akmal,Imran Nazir,T Thushara,0,0,,,,,,,,,
403373,2009,2009-08-07,R Premadasa Stadium,1,2.1,Pakistan,Sri Lanka,Imran Nazir,Kamran Akmal,SL Malinga,0,0,,,,,,,,,
403373,2009,2009-08-07,R Premadasa Stadium,1,2.2,Pakistan,Sri Lanka,Imran Nazir,Kamran Akmal,SL Malinga,0,1,1,,,,,,,,
403373,2009,2009-08-07,R Premadasa Stadium,1,2.3,Pakistan,Sri Lanka,Imran Nazir,Kamran Akmal,SL Malinga,1,0,,,,,,,,,
403373,2009,2009-08-07,R Premadasa Stadium,1,2.4,Pakistan,Sri Lanka,Kamran Akmal,Imran Nazir,SL Malinga,1,0,,,,,,,,,
403373,2009,2009-08-07,R Premadasa Stadium,1,2.5,Pakistan,Sri Lanka,Imran Nazir,Kamran Akmal,SL Malinga,0,0,,,,,,,,,
403373,2009,2009-08-07,R Premadasa Stadium,1,2.6,Pakistan,Sri Lanka,Imran Nazir,Kamran Akmal,SL Malinga,0,0,,,,,,,,,
403373,2009,2009-08-07,R Premadasa Stadium,1,2.7,Pakistan,Sri Lanka,Imran Nazir,Kamran Akmal,SL Malinga,0,0,,,,,,,,,
403373,2009,2009-08-07,R Premadasa Stadium,1,3.1,Pakistan,Sri Lanka,Kamran Akmal,Imran Nazir,T Thushara,1,0,,,,,,,,,
403373,2009,2009-08-07,R Premadasa Stadium,1,3.2,Pakistan,Sri Lanka,Imran Nazir,Kamran Akmal,T Thushara,0,0,,,,,,,,,
403373,2009,2009-08-07,R Premadasa Stadium,1,3.3,Pakistan,Sri Lanka,Imran Nazir,Kamran Akmal,T Thushara,0,0,,,,,,,,,
403373,2009,2009-08-07,R Premadasa Stadium,1,3.4,Pakistan,Sri Lanka,Imran Nazir,Kamran Akmal,T Thushara,1,0,,,,,,,,,
403373,2009,2009-08-07,R Premadasa Stadium,1,3.5,Pakistan,Sri Lanka,Kamran Akmal,Imran Nazir,T Thushara,4,0,,,,,,,,,
403373,2009,2009-08-07,R Premadasa Stadium,1,3.6,Pakistan,Sri Lanka,Kamran Akmal,Imran Nazir,T Thushara,0,0,,,,,,,,,
403373,2009,2009-08-07,R Premadasa Stadium,1,4.1,Pakistan,Sri Lanka,Imran Nazir,Kamran Akmal,SL Malinga,0,0,,,,,,,,,
403373,2009,2009-08-07,R Premadasa Stadium,1,4.2,Pakistan,Sri Lanka,Imran Nazir,Kamran Akmal,SL Malinga,0,0,,,,,,,,,
403373,2009,2009-08-07,R Premadasa Stadium,1,4.3,Pakistan,Sri Lanka,Imran Nazir,Kamran Akmal,SL Malinga,0,1,1,,,,,,,,
403373,2009,2009-08-07,R Premadasa Stadium,1,4.4,Pakistan,Sri Lanka,Imran Nazir,Kamran Akmal,SL Malinga,1,0,,,,,,,,,
403373,2009,2009-08-07,R Premadasa Stadium,1,4.5,Pakistan,Sri Lanka,Kamran Akmal,Imran Nazir,SL Malinga,0,0,,,,,,,,,
403373,2009,2009-08-07,R Premadasa Stadium,1,4.6,Pakistan,Sri Lanka,Kamran Akmal,Imran Nazir,SL Malinga,1,0,,,,,,,,,
403373,2009,2009-08-07,R Premadasa Stadium,1,4.7,Pakistan,Sri Lanka,Imran Nazir,Kamran Akmal,SL Malinga,0,0,,,,,,,,,
403373,2009,2009-08-07,R Premadasa Stadium,1,5.1,Pakistan,Sri Lanka,Kamran Akmal,Imran Nazir,T Thushara,2,0,,,,,,,,,
403373,2009,2009-08-07,R Premadasa Stadium,1,5.2,Pakistan,Sri Lanka,Kamran Akmal,Imran Nazir,T Thushara,0,0,,,,,,,,,
403373,2009,2009-08-07,R Premadasa Stadium,1,5.3,Pakistan,Sri Lanka,Kamran Akmal,Imran Nazir,T Thushara,0,0,,,,,,,,,
403373,2009,2009-08-07,R Premadasa Stadium,1,5.4,Pakistan,Sri Lanka,Kamran Akmal,Imran Nazir,T Thushara,2,0,,,,,,,,,
403373,2009,2009-08-07,R Premadasa Stadium,1,5.5,Pakistan,Sri Lanka,Kamran Akmal,Imran Nazir,T Thushara,2,0,,,,,,,,,
403373,2009,2009-08-07,R Premadasa Stadium,1,5.6,Pakistan,Sri Lanka,Kamran Akmal,Imran Nazir,T Thushara,4,0,,,,,,,,,
403373,2009,2009-08-07,R Premadasa Stadium,1,6.1,Pakistan,Sri Lanka,Imran Nazir,Kamran Akmal,SL Malinga,4,0,,,,,,,,,
403373,2009,2009-08-07,R Premadasa Stadium,1,6.2,Pakistan,Sri Lanka,Imran Nazir,Kamran Akmal,SL Malinga,0,0,,,,,,,,,
403373,2009,2009-08-07,R Premadasa Stadium,1,6.3,Pakistan,Sri Lanka,Imran Nazir,Kamran Akmal,SL Malinga,1,0,,,,,,,,,
403373,2009,2009-08-07,R Premadasa Stadium,1,6.4,Pakistan,Sri Lanka,Kamran Akmal,Imran Nazir,SL Malinga,0,0,,,,,,,,,
403373,2009,2009-08-07,R Premadasa Stadium,1,6.5,Pakistan,Sri Lanka,Kamran Akmal,Imran Nazir,SL Malinga,0,0,,,,,,,,,
403373,2009,2009-08-07,R Premadasa Stadium,1,6.6,Pakistan,Sri Lanka,Kamran Akmal,Imran Nazir,SL Malinga,1,0,,,,,,,,,
403373,2009,2009-08-07,R Premadasa Stadium,1,7.1,Pakistan,Sri Lanka,Kamran Akmal,Imran Nazir,T Thushara,0,0,,,,,,,,,
403373,2009,2009-08-07,R Premadasa Stadium,1,7.2,Pakistan,Sri Lanka,Kamran Akmal,Imran Nazir,T Thushara,4,0,,,,,,,,,
403373,2009,2009-08-07,R Premadasa Stadium,1,7.3,Pakistan,Sri Lanka,Kamran Akmal,Imran Nazir,T Thushara,0,0,,,,,,,,,
403373,2009,2009-08-07,R Premadasa Stadium,1,7.4,Pakistan,Sri Lanka,Kamran Akmal,Imran Nazir,T Thushara,1,0,,,,,,,,,
403373,2009,2009-08-07,R Premadasa Stadium,1,7.5,Pakistan,Sri Lanka,Imran Nazir,Kamran Akmal,T Thushara,4,0,,,,,,,,,
403373,2009,2009-08-07,R Premadasa Stadium,1,7.6,Pakistan,Sri Lanka,Imran Nazir,Kamran Akmal,T Thushara,1,0,,,,,,,,,
403373,2009,2009-08-07,R Premadasa Stadium,1,8.1,Pakistan,Sri Lanka,Imran Nazir,Kamran Akmal,SL Malinga,0,0,,,,,,,,,
403373,2009,2009-08-07,R Premadasa Stadium,1,8.2,Pakistan,Sri Lanka,Imran Nazir,Kamran Akmal,SL Malinga,0,0,,,,,,,,,
403373,2009,2009-08-07,R Premadasa Stadium,1,8.3,Pakistan,Sri Lanka,Imran Nazir,Kamran Akmal,SL Malinga,0,5,5,,,,,,,,
403373,2009,2009-08-07,R Premadasa Stadium,1,8.4,Pakistan,Sri Lanka,Imran Nazir,Kamran Akmal,SL Malinga,0,0,,,,,,,,,
403373,2009,2009-08-07,R Premadasa Stadium,1,8.5,Pakistan,Sri Lanka,Imran Nazir,Kamran Akmal,SL Malinga,0,0,,,,,,,,,
403373,2009,2009-08-07,R Premadasa Stadium,1,8.6,Pakistan,Sri Lanka,Imran Nazir,Kamran Akmal,SL Malinga,0,0,,,,,,,,,
403373,2009,2009-08-07,R Premadasa Stadium,1,8.7,Pakistan,Sri Lanka,Imran Nazir,Kamran Akmal,SL Malinga,0,0,,,,,,,,,
403373,2009,2009-08-07,R Premadasa Stadium,1,9.1,Pakistan,Sri Lanka,Kamran Akmal,Imran Nazir,T Thushara,4,0,,,,,,,,,
403373,2009,2009-08-07,R Premadasa Stadium,1,9.2,Pakistan,Sri Lanka,Kamran Akmal,Imran Nazir,T Thushara,0,1,1,,,,,,,,
403373,2009,2009-08-07,R Premadasa Stadium,1,9.3,Pakistan,Sri Lanka,Kamran Akmal,Imran Nazir,T Thushara,0,0,,,,,,,,,
403373,2009,2009-08-07,R Premadasa Stadium,1,9.4,Pakistan,Sri Lanka,Kamran Akmal,Imran Nazir,T Thushara,1,0,,,,,,,,,
403373,2009,2009-08-07,R Premadasa Stadium,1,9.5,Pakistan,Sri Lanka,Imran Nazir,Kamran Akmal,T Thushara,4,0,,,,,,,,,
403373,2009,2009-08-07,R Premadasa Stadium,1,9.6,Pakistan,Sri Lanka,Imran Nazir,Kamran Akmal,T Thushara,0,0,,,,,,bowled,Imran Nazir,,
403373,2009,2009-08-07,R Premadasa Stadium,1,9.7,Pakistan,Sri Lanka,Younis Khan,Kamran Akmal,T Thushara,0,0,,,,,,,,,
403373,2009,2009-08-07,R Premadasa Stadium,1,10.1,Pakistan,Sri Lanka,Kamran Akmal,Younis Khan,AD Mathews,0,0,,,,,,,,,
403373,2009,2009-08-07,R Premadasa Stadium,1,10.2,Pakistan,Sri Lanka,Kamran Akmal,Younis Khan,AD Mathews,4,0,,,,,,,,,
403373,2009,2009-08-07,R Premadasa Stadium,1,10.3,Pakistan,Sri Lanka,Kamran Akmal,Younis Khan,AD Mathews,1,0,,,,,,,,,
403373,2009,2009-08-07,R Premadasa Stadium,1,10.4,Pakistan,Sri Lanka,Younis Khan,Kamran Akmal,AD Mathews,0,0,,,,,,,,,
403373,2009,2009-08-07,R Premadasa Stadium,1,10.5,Pakistan,Sri Lanka,Younis Khan,Kamran Akmal,AD Mathews,0,0,,,,,,,,,
403373,2009,2009-08-07,R Premadasa Stadium,1,10.6,Pakistan,Sri Lanka,Younis Khan,Kamran Akmal,AD Mathews,0,0,,,,,,,,,
403373,2009,2009-08-07,R Premadasa Stadium,1,11.1,Pakistan,Sri Lanka,Kamran Akmal,Younis Khan,T Thushara,0,0,,,,,,,,,
403373,2009,2009-08-07,R Premadasa Stadium,1,11.2,Pakistan,Sri Lanka,Kamran Akmal,Younis Khan,T Thushara,0,0,,,,,,,,,
403373,2009,2009-08-07,R Premadasa Stadium,1,11.3,Pakistan,Sri Lanka,Kamran Akmal,Younis Khan,T Thushara,1,0,,,,,,,,,
403373,2009,2009-08-07,R Premadasa Stadium,1,11.4,Pakistan,Sri Lanka,Younis Khan,Kamran Akmal,T Thushara,0,0,,,,,,,,,
403373,2009,2009-08-07,R Premadasa Stadium,1,11.5,Pakistan,Sri Lanka,Younis Khan,Kamran Akmal,T Thushara,0,0,,,,,,,,,
403373,2009,2009-08-07,R Premadasa Stadium,1,11.6,Pakistan,Sri Lanka,Younis Khan,Kamran Akmal,T Thushara,0,0,,,,,,,,,
403373,2009,2009-08-07,R Premadasa Stadium,1,12.1,Pakistan,Sri Lanka,Kamran Akmal,Younis Khan,AD Mathews,0,0,,,,,,,,,
403373,2009,2009-08-07,R Premadasa Stadium,1,12.2,Pakistan,Sri Lanka,Kamran Akmal,Younis Khan,AD Mathews,0,0,,,,,,,,,
403373,2009,2009-08-07,R Premadasa Stadium,1,12.3,Pakistan,Sri Lanka,Kamran Akmal,Younis Khan,AD Mathews,0,0,,,,,,,,,
403373,2009,2009-08-07,R Premadasa Stadium,1,12.4,Pakistan,Sri Lanka,Kamran Akmal,Younis Khan,AD Mathews,0,0,,,,,,,,,
403373,2009,2009-08-07,R Premadasa Stadium,1,12.5,Pakistan,Sri Lanka,Kamran Akmal,Younis Khan,AD Mathews,3,0,,,,,,,,,
403373,2009,2009-08-07,R Premadasa Stadium,1,12.6,Pakistan,Sri Lanka,Younis Khan,Kamran Akmal,AD Mathews,0,0,,,,,,,,,
403373,2009,2009-08-07,R Premadasa Stadium,1,13.1,Pakistan,Sri Lanka,Kamran Akmal,Younis Khan,T Thushara,0,0,,,,,,,,,
403373,2009,2009-08-07,R Premadasa Stadium,1,13.2,Pakistan,Sri Lanka,Kamran Akmal,Younis Khan,T Thushara,0,0,,,,,,,,,
403373,2009,2009-08-07,R Premadasa Stadium,1,13.3,Pakistan,Sri Lanka,Kamran Akmal,Younis Khan,T Thushara,1,0,,,,,,,,,
403373,2009,2009-08-07,R Premadasa Stadium,1,13.4,Pakistan,Sri Lanka,Younis Khan,Kamran Akmal,T Thushara,4,0,,,,,,,,,
403373,2009,2009-08-07,R Premadasa Stadium,1,13.5,Pakistan,Sri Lanka,Younis Khan,Kamran Akmal,T Thushara,0,0,,,,,,,,,
403373,2009,2009-08-07,R Premadasa Stadium,1,13.6,Pakistan,Sri Lanka,Younis Khan,Kamran Akmal,T Thushara,0,0,,,,,,,,,
403373,2009,2009-08-07,R Premadasa Stadium,1,14.1,Pakistan,Sri Lanka,Kamran Akmal,Younis Khan,AD Mathews,0,0,,,,,,,,,
403373,2009,2009-08-07,R Premadasa Stadium,1,14.2,Pakistan,Sri Lanka,Kamran Akmal,Younis Khan,AD Mathews,4,0,,,,,,,,,
403373,2009,2009-08-07,R Premadasa Stadium,1,14.3,Pakistan,Sri Lanka,Kamran Akmal,Younis Khan,AD Mathews,0,0,,,,,,,,,
403373,2009,2009-08-07,R Premadasa Stadium,1,14.4,Pakistan,Sri Lanka,Kamran Akmal,Younis Khan,AD Mathews,1,0,,,,,,,,,
403373,2009,2009-08-07,R Premadasa Stadium,1,14.5,Pakistan,Sri Lanka,Younis Khan,Kamran Akmal,AD Mathews,0,0,,,,,,,,,
403373,2009,2009-08-07,R Premadasa Stadium,1,14.6,Pakistan,Sri Lanka,Younis Khan,Kamran Akmal,AD Mathews,0,0,,,,,,,,,
403373,2009,2009-08-07,R Premadasa Stadium,1,15.1,Pakistan,Sri Lanka,Kamran Akmal,Younis Khan,HMCM Bandara,0,0,,,,,,,,,
403373,2009,2009-08-07,R Premadasa Stadium,1,15.2,Pakistan,Sri Lanka,Kamran Akmal,Younis Khan,HMCM Bandara,1,0,,,,,,,,,
403373,2009,2009-08-07,R Premadasa Stadium,1,15.3,Pakistan,Sri Lanka,Younis Khan,Kamran Akmal,HMCM Bandara,0,0,,,,,,,,,
403373,2009,2009-08-07,R Premadasa Stadium,1,15.4,Pakistan,Sri Lanka,Younis Khan,Kamran Akmal,HMCM Bandara,1,0,,,,,,,,,
403373,2009,2009-08-07,R Premadasa Stadium,1,15.5,Pakistan,Sri Lanka,Kamran Akmal,Younis Khan,HMCM Bandara,1,0,,,,,,,,,
403373,2009,2009-08-07,R Premadasa Stadium,1,15.6,Pakistan,Sri Lanka,Younis Khan,Kamran Akmal,HMCM Bandara,0,0,,,,,,,,,
403373,2009,2009-08-07,R Premadasa Stadium,1,16.1,Pakistan,Sri Lanka,Kamran Akmal,Younis Khan,AD Mathews,2,0,,,,,,,,,
403373,2009,2009-08-07,R Premadasa Stadium,1,16.2,Pakistan,Sri Lanka,Kamran Akmal,Younis Khan,AD Mathews,1,0,,,,,,,,,
403373,2009,2009-08-07,R Premadasa Stadium,1,16.3,Pakistan,Sri Lanka,Younis Khan,Kamran Akmal,AD Mathews,0,0,,,,,,,,,
403373,2009,2009-08-07,R Premadasa Stadium,1,16.4,Pakistan,Sri Lanka,Younis Khan,Kamran Akmal,AD Mathews,4,0,,,,,,,,,
403373,2009,2009-08-07,R Premadasa Stadium,1,16.5,Pakistan,Sri Lanka,Younis Khan,Kamran Akmal,AD Mathews,1,0,,,,,,,,,
403373,2009,2009-08-07,R Premadasa Stadium,1,16.6,Pakistan,Sri Lanka,Kamran Akmal,Younis Khan,AD Mathews,4,0,,,,,,,,,
403373,2009,2009-08-07,R Premadasa Stadium,1,17.1,Pakistan,Sri Lanka,Younis Khan,Kamran Akmal,HMCM Bandara,1,0,,,,,,,,,
403373,2009,2009-08-07,R Premadasa Stadium,1,17.2,Pakistan,Sri Lanka,Kamran Akmal,Younis Khan,HMCM Bandara,0,0,,,,,,,,,
403373,2009,2009-08-07,R Premadasa Stadium,1,17.3,Pakistan,Sri Lanka,Kamran Akmal,Younis Khan,HMCM Bandara,1,0,,,,,,,,,
403373,2009,2009-08-07,R Premadasa Stadium,1,17.4,Pakistan,Sri Lanka,Younis Khan,Kamran Akmal,HMCM Bandara,1,0,,,,,,,,,
403373,2009,2009-08-07,R Premadasa Stadium,1,17.5,Pakistan,Sri Lanka,Kamran Akmal,Younis Khan,HMCM Bandara,0,0,,,,,,,,,
403373,2009,2009-08-07,R Premadasa Stadium,1,17.6,Pakistan,Sri Lanka,Kamran Akmal,Younis Khan,HMCM Bandara,0,0,,,,,,,,,
403373,2009,2009-08-07,R Premadasa Stadium,1,18.1,Pakistan,Sri Lanka,Younis Khan,Kamran Akmal,BAW Mendis,0,0,,,,,,,,,
403373,2009,2009-08-07,R Premadasa Stadium,1,18.2,Pakistan,Sri Lanka,Younis Khan,Kamran Akmal,BAW Mendis,1,0,,,,,,,,,
403373,2009,2009-08-07,R Premadasa Stadium,1,18.3,Pakistan,Sri Lanka,Kamran Akmal,Younis Khan,BAW Mendis,0,0,,,,,,,,,
403373,2009,2009-08-07,R Premadasa Stadium,1,18.4,Pakistan,Sri Lanka,Kamran Akmal,Younis Khan,BAW Mendis,1,0,,,,,,,,,
403373,2009,2009-08-07,R Premadasa Stadium,1,18.5,Pakistan,Sri Lanka,Younis Khan,Kamran Akmal,BAW Mendis,1,0,,,,,,,,,
403373,2009,2009-08-07,R Premadasa Stadium,1,18.6,Pakistan,Sri Lanka,Kamran Akmal,Younis Khan,BAW Mendis,1,0,,,,,,,,,
403373,2009,2009-08-07,R Premadasa Stadium,1,19.1,Pakistan,Sri Lanka,Kamran Akmal,Younis Khan,HMCM Bandara,1,0,,,,,,,,,
403373,2009,2009-08-07,R Premadasa Stadium,1,19.2,Pakistan,Sri Lanka,Younis Khan,Kamran Akmal,HMCM Bandara,2,0,,,,,,,,,
403373,2009,2009-08-07,R Premadasa Stadium,1,19.3,Pakistan,Sri Lanka,Younis Khan,Kamran Akmal,HMCM Bandara,1,0,,,,,,,,,
403373,2009,2009-08-07,R Premadasa Stadium,1,19.4,Pakistan,Sri Lanka,Kamran Akmal,Younis Khan,HMCM Bandara,0,0,,,,,,,,,
403373,2009,2009-08-07,R Premadasa Stadium,1,19.5,Pakistan,Sri Lanka,Kamran Akmal,Younis Khan,HMCM Bandara,0,0,,,,,,bowled,Kamran Akmal,,
403373,2009,2009-08-07,R Premadasa Stadium,1,19.6,Pakistan,Sri Lanka,Mohammad Yousuf,Younis Khan,HMCM Bandara,0,0,,,,,,,,,
403373,2009,2009-08-07,R Premadasa Stadium,1,20.1,Pakistan,Sri Lanka,Younis Khan,Mohammad Yousuf,BAW Mendis,1,0,,,,,,,,,
403373,2009,2009-08-07,R Premadasa Stadium,1,20.2,Pakistan,Sri Lanka,Mohammad Yousuf,Younis Khan,BAW Mendis,2,0,,,,,,,,,
403373,2009,2009-08-07,R Premadasa Stadium,1,20.3,Pakistan,Sri Lanka,Mohammad Yousuf,Younis Khan,BAW Mendis,0,0,,,,,,,,,
403373,2009,2009-08-07,R Premadasa Stadium,1,20.4,Pakistan,Sri Lanka,Mohammad Yousuf,Younis Khan,BAW Mendis,0,0,,,,,,,,,
403373,2009,2009-08-07,R Premadasa Stadium,1,20.5,Pakistan,Sri Lanka,Mohammad Yousuf,Younis Khan,BAW Mendis,0,0,,,,,,,,,
403373,2009,2009-08-07,R Premadasa Stadium,1,20.6,Pakistan,Sri Lanka,Mohammad Yousuf,Younis Khan,BAW Mendis,1,0,,,,,,,,,
403373,2009,2009-08-07,R Premadasa Stadium,1,21.1,Pakistan,Sri Lanka,Mohammad Yousuf,Younis Khan,HMCM Bandara,0,0,,,,,,,,,
403373,2009,2009-08-07,R Premadasa Stadium,1,21.2,Pakistan,Sri Lanka,Mohammad Yousuf,Younis Khan,HMCM Bandara,1,0,,,,,,,,,
403373,2009,2009-08-07,R Premadasa Stadium,1,21.3,Pakistan,Sri Lanka,Younis Khan,Mohammad Yousuf,HMCM Bandara,1,0,,,,,,,,,
403373,2009,2009-08-07,R Premadasa Stadium,1,21.4,Pakistan,Sri Lanka,Mohammad Yousuf,Younis Khan,HMCM Bandara,1,0,,,,,,,,,
403373,2009,2009-08-07,R Premadasa Stadium,1,21.5,Pakistan,Sri Lanka,Younis Khan,Mohammad Yousuf,HMCM Bandara,0,0,,,,,,,,,
403373,2009,2009-08-07,R Premadasa Stadium,1,21.6,Pakistan,Sri Lanka,Younis Khan,Mohammad Yousuf,HMCM Bandara,0,0,,,,,,,,,
403373,2009,2009-08-07,R Premadasa Stadium,1,22.1,Pakistan,Sri Lanka,Mohammad Yousuf,Younis Khan,BAW Mendis,1,0,,,,,,,,,
403373,2009,2009-08-07,R Premadasa Stadium,1,22.2,Pakistan,Sri Lanka,Younis Khan,Mohammad Yousuf,BAW Mendis,1,0,,,,,,,,,
403373,2009,2009-08-07,R Premadasa Stadium,1,22.3,Pakistan,Sri Lanka,Mohammad Yousuf,Younis Khan,BAW Mendis,0,0,,,,,,,,,
403373,2009,2009-08-07,R Premadasa Stadium,1,22.4,Pakistan,Sri Lanka,Mohammad Yousuf,Younis Khan,BAW Mendis,0,0,,,,,,caught,Mohammad Yousuf,,
403373,2009,2009-08-07,R Premadasa Stadium,1,22.5,Pakistan,Sri Lanka,Misbah-ul-Haq,Younis Khan,BAW Mendis,1,0,,,,,,,,,
403373,2009,2009-08-07,R Premadasa Stadium,1,22.6,Pakistan,Sri Lanka,Younis Khan,Misbah-ul-Haq,BAW Mendis,0,0,,,,,,,,,
403373,2009,2009-08-07,R Premadasa Stadium,1,23.1,Pakistan,Sri Lanka,Misbah-ul-Haq,Younis Khan,HMCM Bandara,1,0,,,,,,,,,
403373,2009,2009-08-07,R Premadasa Stadium,1,23.2,Pakistan,Sri Lanka,Younis Khan,Misbah-ul-Haq,HMCM Bandara,1,0,,,,,,,,,
403373,2009,2009-08-07,R Premadasa Stadium,1,23.3,Pakistan,Sri Lanka,Misbah-ul-Haq,Younis Khan,HMCM Bandara,3,0,,,,,,,,,
403373,2009,2009-08-07,R Premadasa Stadium,1,23.4,Pakistan,Sri Lanka,Younis Khan,Misbah-ul-Haq,HMCM Bandara,0,0,,,,,,,,,
403373,2009,2009-08-07,R Premadasa Stadium,1,23.5,Pakistan,Sri Lanka,Younis Khan,Misbah-ul-Haq,HMCM Bandara,1,0,,,,,,,,,
403373,2009,2009-08-07,R Premadasa Stadium,1,23.6,Pakistan,Sri Lanka,Misbah-ul-Haq,Younis Khan,HMCM Bandara,1,0,,,,,,,,,
403373,2009,2009-08-07,R Premadasa Stadium,1,24.1,Pakistan,Sri Lanka,Misbah-ul-Haq,Younis Khan,BAW Mendis,0,0,,,,,,,,,
403373,2009,2009-08-07,R Premadasa Stadium,1,24.2,Pakistan,Sri Lanka,Misbah-ul-Haq,Younis Khan,BAW Mendis,0,0,,,,,,,,,
403373,2009,2009-08-07,R Premadasa Stadium,1,24.3,Pakistan,Sri Lanka,Misbah-ul-Haq,Younis Khan,BAW Mendis,1,0,,,,,,,,,
403373,2009,2009-08-07,R Premadasa Stadium,1,24.4,Pakistan,Sri Lanka,Younis Khan,Misbah-ul-Haq,BAW Mendis,2,0,,,,,,,,,
403373,2009,2009-08-07,R Premadasa Stadium,1,24.5,Pakistan,Sri Lanka,Younis Khan,Misbah-ul-Haq,BAW Mendis,1,0,,,,,,,,,
403373,2009,2009-08-07,R Premadasa Stadium,1,24.6,Pakistan,Sri Lanka,Misbah-ul-Haq,Younis Khan,BAW Mendis,2,0,,,,,,,,,
403373,2009,2009-08-07,R Premadasa Stadium,1,25.1,Pakistan,Sri Lanka,Younis Khan,Misbah-ul-Haq,HMCM Bandara,0,0,,,,,,,,,
403373,2009,2009-08-07,R Premadasa Stadium,1,25.2,Pakistan,Sri Lanka,Younis Khan,Misbah-ul-Haq,HMCM Bandara,1,0,,,,,,,,,
403373,2009,2009-08-07,R Premadasa Stadium,1,25.3,Pakistan,Sri Lanka,Misbah-ul-Haq,Younis Khan,HMCM Bandara,0,0,,,,,,,,,
403373,2009,2009-08-07,R Premadasa Stadium,1,25.4,Pakistan,Sri Lanka,Misbah-ul-Haq,Younis Khan,HMCM Bandara,0,0,,,,,,lbw,Misbah-ul-Haq,,
403373,2009,2009-08-07,R Premadasa Stadium,1,25.5,Pakistan,Sri Lanka,Umar Akmal,Younis Khan,HMCM Bandara,0,0,,,,,,,,,
403373,2009,2009-08-07,R Premadasa Stadium,1,25.6,Pakistan,Sri Lanka,Umar Akmal,Younis Khan,HMCM Bandara,0,0,,,,,,,,,
403373,2009,2009-08-07,R Premadasa Stadium,1,26.1,Pakistan,Sri Lanka,Younis Khan,Umar Akmal,BAW Mendis,1,0,,,,,,,,,
403373,2009,2009-08-07,R Premadasa Stadium,1,26.2,Pakistan,Sri Lanka,Umar Akmal,Younis Khan,BAW Mendis,0,0,,,,,,,,,
403373,2009,2009-08-07,R Premadasa Stadium,1,26.3,Pakistan,Sri Lanka,Umar Akmal,Younis Khan,BAW Mendis,0,0,,,,,,,,,
403373,2009,2009-08-07,R Premadasa Stadium,1,26.4,Pakistan,Sri Lanka,Umar Akmal,Younis Khan,BAW Mendis,1,0,,,,,,,,,
403373,2009,2009-08-07,R Premadasa Stadium,1,26.5,Pakistan,Sri Lanka,Younis Khan,Umar Akmal,BAW Mendis,0,0,,,,,,,,,
403373,2009,2009-08-07,R Premadasa Stadium,1,26.6,Pakistan,Sri Lanka,Younis Khan,Umar Akmal,BAW Mendis,0,0,,,,,,,,,
403373,2009,2009-08-07,R Premadasa Stadium,1,27.1,Pakistan,Sri Lanka,Umar Akmal,Younis Khan,HMCM Bandara,1,0,,,,,,,,,
403373,2009,2009-08-07,R Premadasa Stadium,1,27.2,Pakistan,Sri Lanka,Younis Khan,Umar Akmal,HMCM Bandara,0,0,,,,,,,,,
403373,2009,2009-08-07,R Premadasa Stadium,1,27.3,Pakistan,Sri Lanka,Younis Khan,Umar Akmal,HMCM Bandara,2,0,,,,,,,,,
403373,2009,2009-08-07,R Premadasa Stadium,1,27.4,Pakistan,Sri Lanka,Younis Khan,Umar Akmal,HMCM Bandara,0,0,,,,,,,,,
403373,2009,2009-08-07,R Premadasa Stadium,1,27.5,Pakistan,Sri Lanka,Younis Khan,Umar Akmal,HMCM Bandara,2,0,,,,,,,,,
403373,2009,2009-08-07,R Premadasa Stadium,1,27.6,Pakistan,Sri Lanka,Younis Khan,Umar Akmal,HMCM Bandara,1,0,,,,,,,,,
403373,2009,2009-08-07,R Premadasa Stadium,1,28.1,Pakistan,Sri Lanka,Younis Khan,Umar Akmal,BAW Mendis,0,0,,,,,,,,,
403373,2009,2009-08-07,R Premadasa Stadium,1,28.2,Pakistan,Sri Lanka,Younis Khan,Umar Akmal,BAW Mendis,0,0,,,,,,,,,
403373,2009,2009-08-07,R Premadasa Stadium,1,28.3,Pakistan,Sri Lanka,Younis Khan,Umar Akmal,BAW Mendis,1,0,,,,,,,,,
403373,2009,2009-08-07,R Premadasa Stadium,1,28.4,Pakistan,Sri Lanka,Umar Akmal,Younis Khan,BAW Mendis,6,0,,,,,,,,,
403373,2009,2009-08-07,R Premadasa Stadium,1,28.5,Pakistan,Sri Lanka,Umar Akmal,Younis Khan,BAW Mendis,1,0,,,,,,,,,
403373,2009,2009-08-07,R Premadasa Stadium,1,28.6,Pakistan,Sri Lanka,Younis Khan,Umar Akmal,BAW Mendis,2,0,,,,,,,,,
403373,2009,2009-08-07,R Premadasa Stadium,1,29.1,Pakistan,Sri Lanka,Umar Akmal,Younis Khan,HMCM Bandara,1,0,,,,,,,,,
403373,2009,2009-08-07,R Premadasa Stadium,1,29.2,Pakistan,Sri Lanka,Younis Khan,Umar Akmal,HMCM Bandara,1,0,,,,,,,,,
403373,2009,2009-08-07,R Premadasa Stadium,1,29.3,Pakistan,Sri Lanka,Umar Akmal,Younis Khan,HMCM Bandara,1,0,,,,,,,,,
403373,2009,2009-08-07,R Premadasa Stadium,1,29.4,Pakistan,Sri Lanka,Younis Khan,Umar Akmal,HMCM Bandara,0,0,,,,,,,,,
403373,2009,2009-08-07,R Premadasa Stadium,1,29.5,Pakistan,Sri Lanka,Younis Khan,Umar Akmal,HMCM Bandara,1,0,,,,,,,,,
403373,2009,2009-08-07,R Premadasa Stadium,1,29.6,Pakistan,Sri Lanka,Umar Akmal,Younis Khan,HMCM Bandara,2,0,,,,,,,,,
403373,2009,2009-08-07,R Premadasa Stadium,1,30.1,Pakistan,Sri Lanka,Younis Khan,Umar Akmal,BAW Mendis,1,0,,,,,,,,,
403373,2009,2009-08-07,R Premadasa Stadium,1,30.2,Pakistan,Sri Lanka,Umar Akmal,Younis Khan,BAW Mendis,1,0,,,,,,,,,
403373,2009,2009-08-07,R Premadasa Stadium,1,30.3,Pakistan,Sri Lanka,Younis Khan,Umar Akmal,BAW Mendis,0,0,,,,,,,,,
403373,2009,2009-08-07,R Premadasa Stadium,1,30.4,Pakistan,Sri Lanka,Younis Khan,Umar Akmal,BAW Mendis,0,0,,,,,,,,,
403373,2009,2009-08-07,R Premadasa Stadium,1,30.5,Pakistan,Sri Lanka,Younis Khan,Umar Akmal,BAW Mendis,0,0,,,,,,,,,
403373,2009,2009-08-07,R Premadasa Stadium,1,30.6,Pakistan,Sri Lanka,Younis Khan,Umar Akmal,BAW Mendis,0,0,,,,,,,,,
403373,2009,2009-08-07,R Premadasa Stadium,1,31.1,Pakistan,Sri Lanka,Umar Akmal,Younis Khan,HMCM Bandara,1,0,,,,,,,,,
403373,2009,2009-08-07,R Premadasa Stadium,1,31.2,Pakistan,Sri Lanka,Younis Khan,Umar Akmal,HMCM Bandara,1,0,,,,,,,,,
403373,2009,2009-08-07,R Premadasa Stadium,1,31.3,Pakistan,Sri Lanka,Umar Akmal,Younis Khan,HMCM Bandara,0,0,,,,,,,,,
403373,2009,2009-08-07,R Premadasa Stadium,1,31.4,Pakistan,Sri Lanka,Umar Akmal,Younis Khan,HMCM Bandara,0,0,,,,,,,,,
403373,2009,2009-08-07,R Premadasa Stadium,1,31.5,Pakistan,Sri Lanka,Umar Akmal,Younis Khan,HMCM Bandara,1,0,,,,,,,,,
403373,2009,2009-08-07,R Premadasa Stadium,1,31.6,Pakistan,Sri Lanka,Younis Khan,Umar Akmal,HMCM Bandara,1,0,,,,,,,,,
403373,2009,2009-08-07,R Premadasa Stadium,1,32.1,Pakistan,Sri Lanka,Younis Khan,Umar Akmal,SL Malinga,0,5,5,,,,,,,,
403373,2009,2009-08-07,R Premadasa Stadium,1,32.2,Pakistan,Sri Lanka,Younis Khan,Umar Akmal,SL Malinga,0,0,,,,,,,,,
403373,2009,2009-08-07,R Premadasa Stadium,1,32.3,Pakistan,Sri Lanka,Younis Khan,Umar Akmal,SL Malinga,1,0,,,,,,,,,
403373,2009,2009-08-07,R Premadasa Stadium,1,32.4,Pakistan,Sri Lanka,Umar Akmal,Younis Khan,SL Malinga,0,0,,,,,,,,,
403373,2009,2009-08-07,R Premadasa Stadium,1,32.5,Pakistan,Sri Lanka,Umar Akmal,Younis Khan,SL Malinga,1,0,,,,,,,,,
403373,2009,2009-08-07,R Premadasa Stadium,1,32.6,Pakistan,Sri Lanka,Younis Khan,Umar Akmal,SL Malinga,0,1,1,,,,,,,,
403373,2009,2009-08-07,R Premadasa Stadium,1,32.7,Pakistan,Sri Lanka,Younis Khan,Umar Akmal,SL Malinga,0,0,,,,,,,,,
403373,2009,2009-08-07,R Premadasa Stadium,1,32.8,Pakistan,Sri Lanka,Younis Khan,Umar Akmal,SL Malinga,0,0,,,,,,,,,
403373,2009,2009-08-07,R Premadasa Stadium,1,33.1,Pakistan,Sri Lanka,Umar Akmal,Younis Khan,HMCM Bandara,2,0,,,,,,,,,
403373,2009,2009-08-07,R Premadasa Stadium,1,33.2,Pakistan,Sri Lanka,Umar Akmal,Younis Khan,HMCM Bandara,1,0,,,,,,,,,
403373,2009,2009-08-07,R Premadasa Stadium,1,33.3,Pakistan,Sri Lanka,Younis Khan,Umar Akmal,HMCM Bandara,0,0,,,,,,,,,
403373,2009,2009-08-07,R Premadasa Stadium,1,33.4,Pakistan,Sri Lanka,Younis Khan,Umar Akmal,HMCM Bandara,1,0,,,,,,,,,
403373,2009,2009-08-07,R Premadasa Stadium,1,33.5,Pakistan,Sri Lanka,Umar Akmal,Younis Khan,HMCM Bandara,2,0,,,,,,,,,
403373,2009,2009-08-07,R Premadasa Stadium,1,33.6,Pakistan,Sri Lanka,Umar Akmal,Younis Khan,HMCM Bandara,1,0,,,,,,,,,
403373,2009,2009-08-07,R Premadasa Stadium,1,34.1,Pakistan,Sri Lanka,Umar Akmal,Younis Khan,AD Mathews,2,0,,,,,,,,,
403373,2009,2009-08-07,R Premadasa Stadium,1,34.2,Pakistan,Sri Lanka,Umar Akmal,Younis Khan,AD Mathews,1,0,,,,,,,,,
403373,2009,2009-08-07,R Premadasa Stadium,1,34.3,Pakistan,Sri Lanka,Younis Khan,Umar Akmal,AD Mathews,1,0,,,,,,,,,
403373,2009,2009-08-07,R Premadasa Stadium,1,34.4,Pakistan,Sri Lanka,Umar Akmal,Younis Khan,AD Mathews,1,0,,,,,,,,,
403373,2009,2009-08-07,R Premadasa Stadium,1,34.5,Pakistan,Sri Lanka,Younis Khan,Umar Akmal,AD Mathews,1,0,,,,,,,,,
403373,2009,2009-08-07,R Premadasa Stadium,1,34.6,Pakistan,Sri Lanka,Umar Akmal,Younis Khan,AD Mathews,1,0,,,,,,,,,
403373,2009,2009-08-07,R Premadasa Stadium,1,35.1,Pakistan,Sri Lanka,Umar Akmal,Younis Khan,SHT Kandamby,0,0,,,,,,,,,
403373,2009,2009-08-07,R Premadasa Stadium,1,35.2,Pakistan,Sri Lanka,Umar Akmal,Younis Khan,SHT Kandamby,1,0,,,,,,,,,
403373,2009,2009-08-07,R Premadasa Stadium,1,35.3,Pakistan,Sri Lanka,Younis Khan,Umar Akmal,SHT Kandamby,1,0,,,,,,,,,
403373,2009,2009-08-07,R Premadasa Stadium,1,35.4,Pakistan,Sri Lanka,Umar Akmal,Younis Khan,SHT Kandamby,6,0,,,,,,,,,
403373,2009,2009-08-07,R Premadasa Stadium,1,35.5,Pakistan,Sri Lanka,Umar Akmal,Younis Khan,SHT Kandamby,1,0,,,,,,,,,
403373,2009,2009-08-07,R Premadasa Stadium,1,35.6,Pakistan,Sri Lanka,Younis Khan,Umar Akmal,SHT Kandamby,2,0,,,,,,,,,
403373,2009,2009-08-07,R Premadasa Stadium,1,36.1,Pakistan,Sri Lanka,Umar Akmal,Younis Khan,AD Mathews,0,0,,,,,,,,,
403373,2009,2009-08-07,R Premadasa Stadium,1,36.2,Pakistan,Sri Lanka,Umar Akmal,Younis Khan,AD Mathews,0,0,,,,,,,,,
403373,2009,2009-08-07,R Premadasa Stadium,1,36.3,Pakistan,Sri Lanka,Umar Akmal,Younis Khan,AD Mathews,1,0,,,,,,,,,
403373,2009,2009-08-07,R Premadasa Stadium,1,36.4,Pakistan,Sri Lanka,Younis Khan,Umar Akmal,AD Mathews,0,0,,,,,,,,,
403373,2009,2009-08-07,R Premadasa Stadium,1,36.5,Pakistan,Sri Lanka,Younis Khan,Umar Akmal,AD Mathews,0,0,,,,,,,,,
403373,2009,2009-08-07,R Premadasa Stadium,1,36.6,Pakistan,Sri Lanka,Younis Khan,Umar Akmal,AD Mathews,0,0,,,,,,,,,
403373,2009,2009-08-07,R Premadasa Stadium,1,37.1,Pakistan,Sri Lanka,Umar Akmal,Younis Khan,SHT Kandamby,0,0,,,,,,,,,
403373,2009,2009-08-07,R Premadasa Stadium,1,37.2,Pakistan,Sri Lanka,Umar Akmal,Younis Khan,SHT Kandamby,0,0,,,,,,,,,
403373,2009,2009-08-07,R Premadasa Stadium,1,37.3,Pakistan,Sri Lanka,Umar Akmal,Younis Khan,SHT Kandamby,1,0,,,,,,,,,
403373,2009,2009-08-07,R Premadasa Stadium,1,37.4,Pakistan,Sri Lanka,Younis Khan,Umar Akmal,SHT Kandamby,0,0,,,,,,,,,
403373,2009,2009-08-07,R Premadasa Stadium,1,37.5,Pakistan,Sri Lanka,Younis Khan,Umar Akmal,SHT Kandamby,2,0,,,,,,,,,
403373,2009,2009-08-07,R Premadasa Stadium,1,37.6,Pakistan,Sri Lanka,Younis Khan,Umar Akmal,SHT Kandamby,2,0,,,,,,,,,
403373,2009,2009-08-07,R Premadasa Stadium,1,38.1,Pakistan,Sri Lanka,Umar Akmal,Younis Khan,AD Mathews,1,0,,,,,,,,,
403373,2009,2009-08-07,R Premadasa Stadium,1,38.2,Pakistan,Sri Lanka,Younis Khan,Umar Akmal,AD Mathews,2,0,,,,,,,,,
403373,2009,2009-08-07,R Premadasa Stadium,1,38.3,Pakistan,Sri Lanka,Younis Khan,Umar Akmal,AD Mathews,0,0,,,,,,,,,
403373,2009,2009-08-07,R Premadasa Stadium,1,38.4,Pakistan,Sri Lanka,Younis Khan,Umar Akmal,AD Mathews,1,0,,,,,,,,,
403373,2009,2009-08-07,R Premadasa Stadium,1,38.5,Pakistan,Sri Lanka,Umar Akmal,Younis Khan,AD Mathews,4,0,,,,,,,,,
403373,2009,2009-08-07,R Premadasa Stadium,1,38.6,Pakistan,Sri Lanka,Umar Akmal,Younis Khan,AD Mathews,2,0,,,,,,,,,
403373,2009,2009-08-07,R Premadasa Stadium,1,39.1,Pakistan,Sri Lanka,Younis Khan,Umar Akmal,BAW Mendis,2,0,,,,,,,,,
403373,2009,2009-08-07,R Premadasa Stadium,1,39.2,Pakistan,Sri Lanka,Younis Khan,Umar Akmal,BAW Mendis,0,0,,,,,,,,,
403373,2009,2009-08-07,R Premadasa Stadium,1,39.3,Pakistan,Sri Lanka,Younis Khan,Umar Akmal,BAW Mendis,1,0,,,,,,,,,
403373,2009,2009-08-07,R Premadasa Stadium,1,39.4,Pakistan,Sri Lanka,Umar Akmal,Younis Khan,BAW Mendis,0,0,,,,,,,,,
403373,2009,2009-08-07,R Premadasa Stadium,1,39.5,Pakistan,Sri Lanka,Umar Akmal,Younis Khan,BAW Mendis,1,0,,,,,,,,,
403373,2009,2009-08-07,R Premadasa Stadium,1,39.6,Pakistan,Sri Lanka,Younis Khan,Umar Akmal,BAW Mendis,1,0,,,,,,,,,
403373,2009,2009-08-07,R Premadasa Stadium,1,40.1,Pakistan,Sri Lanka,Younis Khan,Umar Akmal,AD Mathews,1,0,,,,,,,,,
403373,2009,2009-08-07,R Premadasa Stadium,1,40.2,Pakistan,Sri Lanka,Umar Akmal,Younis Khan,AD Mathews,0,0,,,,,,,,,
403373,2009,2009-08-07,R Premadasa Stadium,1,40.3,Pakistan,Sri Lanka,Umar Akmal,Younis Khan,AD Mathews,2,0,,,,,,,,,
403373,2009,2009-08-07,R Premadasa Stadium,1,40.4,Pakistan,Sri Lanka,Umar Akmal,Younis Khan,AD Mathews,1,0,,,,,,,,,
403373,2009,2009-08-07,R Premadasa Stadium,1,40.5,Pakistan,Sri Lanka,Younis Khan,Umar Akmal,AD Mathews,1,0,,,,,,,,,
403373,2009,2009-08-07,R Premadasa Stadium,1,40.6,Pakistan,Sri Lanka,Umar Akmal,Younis Khan,AD Mathews,0,0,,,,,,,,,
403373,2009,2009-08-07,R Premadasa Stadium,1,41.1,Pakistan,Sri Lanka,Younis Khan,Umar Akmal,BAW Mendis,1,0,,,,,,,,,
403373,2009,2009-08-07,R Premadasa Stadium,1,41.2,Pakistan,Sri Lanka,Umar Akmal,Younis Khan,BAW Mendis,1,0,,,,,,,,,
403373,2009,2009-08-07,R Premadasa Stadium,1,41.3,Pakistan,Sri Lanka,Younis Khan,Umar Akmal,BAW Mendis,1,0,,,,,,,,,
403373,2009,2009-08-07,R Premadasa Stadium,1,41.4,Pakistan,Sri Lanka,Umar Akmal,Younis Khan,BAW Mendis,1,0,,,,,,,,,
403373,2009,2009-08-07,R Premadasa Stadium,1,41.5,Pakistan,Sri Lanka,Younis Khan,Umar Akmal,BAW Mendis,2,0,,,,,,,,,
403373,2009,2009-08-07,R Premadasa Stadium,1,41.6,Pakistan,Sri Lanka,Younis Khan,Umar Akmal,BAW Mendis,2,0,,,,,,,,,
403373,2009,2009-08-07,R Premadasa Stadium,1,42.1,Pakistan,Sri Lanka,Umar Akmal,Younis Khan,SL Malinga,2,0,,,,,,,,,
403373,2009,2009-08-07,R Premadasa Stadium,1,42.2,Pakistan,Sri Lanka,Umar Akmal,Younis Khan,SL Malinga,1,0,,,,,,,,,
403373,2009,2009-08-07,R Premadasa Stadium,1,42.3,Pakistan,Sri Lanka,Younis Khan,Umar Akmal,SL Malinga,0,4,,,4,,,,,,
403373,2009,2009-08-07,R Premadasa Stadium,1,42.4,Pakistan,Sri Lanka,Younis Khan,Umar Akmal,SL Malinga,1,0,,,,,,,,,
403373,2009,2009-08-07,R Premadasa Stadium,1,42.5,Pakistan,Sri Lanka,Umar Akmal,Younis Khan,SL Malinga,1,0,,,,,,,,,
403373,2009,2009-08-07,R Premadasa Stadium,1,42.6,Pakistan,Sri Lanka,Younis Khan,Umar Akmal,SL Malinga,0,0,,,,,,,,,
403373,2009,2009-08-07,R Premadasa Stadium,1,43.1,Pakistan,Sri Lanka,Umar Akmal,Younis Khan,BAW Mendis,1,0,,,,,,,,,
403373,2009,2009-08-07,R Premadasa Stadium,1,43.2,Pakistan,Sri Lanka,Younis Khan,Umar Akmal,BAW Mendis,1,0,,,,,,,,,
403373,2009,2009-08-07,R Premadasa Stadium,1,43.3,Pakistan,Sri Lanka,Umar Akmal,Younis Khan,BAW Mendis,4,0,,,,,,,,,
403373,2009,2009-08-07,R Premadasa Stadium,1,43.4,Pakistan,Sri Lanka,Umar Akmal,Younis Khan,BAW Mendis,4,0,,,,,,,,,
403373,2009,2009-08-07,R Premadasa Stadium,1,43.5,Pakistan,Sri Lanka,Umar Akmal,Younis Khan,BAW Mendis,1,0,,,,,,,,,
403373,2009,2009-08-07,R Premadasa Stadium,1,43.6,Pakistan,Sri Lanka,Younis Khan,Umar Akmal,BAW Mendis,1,0,,,,,,,,,
403373,2009,2009-08-07,R Premadasa Stadium,1,44.1,Pakistan,Sri Lanka,Younis Khan,Umar Akmal,T Thushara,4,0,,,,,,,,,
403373,2009,2009-08-07,R Premadasa Stadium,1,44.2,Pakistan,Sri Lanka,Younis Khan,Umar Akmal,T Thushara,1,0,,,,,,,,,
403373,2009,2009-08-07,R Premadasa Stadium,1,44.3,Pakistan,Sri Lanka,Umar Akmal,Younis Khan,T Thushara,1,0,,,,,,,,,
403373,2009,2009-08-07,R Premadasa Stadium,1,44.4,Pakistan,Sri Lanka,Younis Khan,Umar Akmal,T Thushara,0,0,,,,,,,,,
403373,2009,2009-08-07,R Premadasa Stadium,1,44.5,Pakistan,Sri Lanka,Younis Khan,Umar Akmal,T Thushara,2,0,,,,,,,,,
403373,2009,2009-08-07,R Premadasa Stadium,1,44.6,Pakistan,Sri Lanka,Younis Khan,Umar Akmal,T Thushara,1,0,,,,,,,,,
403373,2009,2009-08-07,R Premadasa Stadium,1,45.1,Pakistan,Sri Lanka,Younis Khan,Umar Akmal,SL Malinga,1,0,,,,,,,,,
403373,2009,2009-08-07,R Premadasa Stadium,1,45.2,Pakistan,Sri Lanka,Umar Akmal,Younis Khan,SL Malinga,4,0,,,,,,,,,
403373,2009,2009-08-07,R Premadasa Stadium,1,45.3,Pakistan,Sri Lanka,Umar Akmal,Younis Khan,SL Malinga,2,0,,,,,,,,,
403373,2009,2009-08-07,R Premadasa Stadium,1,45.4,Pakistan,Sri Lanka,Umar Akmal,Younis Khan,SL Malinga,0,1,1,,,,,,,,
403373,2009,2009-08-07,R Premadasa Stadium,1,45.5,Pakistan,Sri Lanka,Umar Akmal,Younis Khan,SL Malinga,6,0,,,,,,,,,
403373,2009,2009-08-07,R Premadasa Stadium,1,45.6,Pakistan,Sri Lanka,Umar Akmal,Younis Khan,SL Malinga,1,0,,,,,,,,,
403373,2009,2009-08-07,R Premadasa Stadium,1,45.7,Pakistan,Sri Lanka,Younis Khan,Umar Akmal,SL Malinga,0,5,5,,,,,,,,
403373,2009,2009-08-07,R Premadasa Stadium,1,45.8,Pakistan,Sri Lanka,Younis Khan,Umar Akmal,SL Malinga,1,0,,,,,,,,,
403373,2009,2009-08-07,R Premadasa Stadium,1,46.1,Pakistan,Sri Lanka,Younis Khan,Umar Akmal,T Thushara,0,1,1,,,,,,,,
403373,2009,2009-08-07,R Premadasa Stadium,1,46.2,Pakistan,Sri Lanka,Younis Khan,Umar Akmal,T Thushara,0,0,,,,,,,,,
403373,2009,2009-08-07,R Premadasa Stadium,1,46.3,Pakistan,Sri Lanka,Younis Khan,Umar Akmal,T Thushara,1,0,,,,,,,,,
403373,2009,2009-08-07,R Premadasa Stadium,1,46.4,Pakistan,Sri Lanka,Umar Akmal,Younis Khan,T Thushara,0,0,,,,,,,,,
403373,2009,2009-08-07,R Premadasa Stadium,1,46.5,Pakistan,Sri Lanka,Umar Akmal,Younis Khan,T Thushara,0,0,,,,,,,,,
403373,2009,2009-08-07,R Premadasa Stadium,1,46.6,Pakistan,Sri Lanka,Umar Akmal,Younis Khan,T Thushara,2,0,,,,,,,,,
403373,2009,2009-08-07,R Premadasa Stadium,1,46.7,Pakistan,Sri Lanka,Umar Akmal,Younis Khan,T Thushara,2,0,,,,,,,,,
403373,2009,2009-08-07,R Premadasa Stadium,1,47.1,Pakistan,Sri Lanka,Younis Khan,Umar Akmal,SL Malinga,0,0,,,,,,,,,
403373,2009,2009-08-07,R Premadasa Stadium,1,47.2,Pakistan,Sri Lanka,Younis Khan,Umar Akmal,SL Malinga,1,0,,,,,,,,,
403373,2009,2009-08-07,R Premadasa Stadium,1,47.3,Pakistan,Sri Lanka,Umar Akmal,Younis Khan,SL Malinga,6,0,,,,,,,,,
403373,2009,2009-08-07,R Premadasa Stadium,1,47.4,Pakistan,Sri Lanka,Umar Akmal,Younis Khan,SL Malinga,1,0,,,,,,,,,
403373,2009,2009-08-07,R Premadasa Stadium,1,47.5,Pakistan,Sri Lanka,Younis Khan,Umar Akmal,SL Malinga,2,0,,,,,,,,,
403373,2009,2009-08-07,R Premadasa Stadium,1,47.6,Pakistan,Sri Lanka,Younis Khan,Umar Akmal,SL Malinga,1,0,,,,,,,,,
403373,2009,2009-08-07,R Premadasa Stadium,1,48.1,Pakistan,Sri Lanka,Younis Khan,Umar Akmal,T Thushara,1,0,,,,,,,,,
403373,2009,2009-08-07,R Premadasa Stadium,1,48.2,Pakistan,Sri Lanka,Umar Akmal,Younis Khan,T Thushara,0,1,1,,,,,,,,
403373,2009,2009-08-07,R Premadasa Stadium,1,48.3,Pakistan,Sri Lanka,Umar Akmal,Younis Khan,T Thushara,4,0,,,,,,,,,
403373,2009,2009-08-07,R Premadasa Stadium,1,48.4,Pakistan,Sri Lanka,Umar Akmal,Younis Khan,T Thushara,1,0,,,,,,,,,
403373,2009,2009-08-07,R Premadasa Stadium,1,48.5,Pakistan,Sri Lanka,Younis Khan,Umar Akmal,T Thushara,4,0,,,,,,,,,
403373,2009,2009-08-07,R Premadasa Stadium,1,48.6,Pakistan,Sri Lanka,Younis Khan,Umar Akmal,T Thushara,0,0,,,,,,caught,Younis Khan,,
403373,2009,2009-08-07,R Premadasa Stadium,1,48.7,Pakistan,Sri Lanka,Umar Akmal,Shahid Afridi,T Thushara,1,0,,,,,,,,,
403373,2009,2009-08-07,R Premadasa Stadium,1,49.1,Pakistan,Sri Lanka,Umar Akmal,Shahid Afridi,SL Malinga,0,0,,,,,,,,,
403373,2009,2009-08-07,R Premadasa Stadium,1,49.2,Pakistan,Sri Lanka,Umar Akmal,Shahid Afridi,SL Malinga,1,0,,,,,,,,,
403373,2009,2009-08-07,R Premadasa Stadium,1,49.3,Pakistan,Sri Lanka,Shahid Afridi,Umar Akmal,SL Malinga,0,5,5,,,,,,,,
403373,2009,2009-08-07,R Premadasa Stadium,1,49.4,Pakistan,Sri Lanka,Shahid Afridi,Umar Akmal,SL Malinga,1,0,,,,,,,,,
403373,2009,2009-08-07,R Premadasa Stadium,1,49.5,Pakistan,Sri Lanka,Umar Akmal,Shahid Afridi,SL Malinga,0,1,1,,,,,,,,
403373,2009,2009-08-07,R Premadasa Stadium,1,49.6,Pakistan,Sri Lanka,Umar Akmal,Shahid Afridi,SL Malinga,4,0,,,,,,,,,
403373,2009,2009-08-07,R Premadasa Stadium,1,49.7,Pakistan,Sri Lanka,Umar Akmal,Shahid Afridi,SL Malinga,1,0,,,,,,,,,
403373,2009,2009-08-07,R Premadasa Stadium,1,49.8,Pakistan,Sri Lanka,Shahid Afridi,Umar Akmal,SL Malinga,1,0,,,,,,,,,
403373,2009,2009-08-07,R Premadasa Stadium,2,0.1,Sri Lanka,Pakistan,WU Tharanga,DPMD Jayawardene,Mohammad Amir,0,0,,,,,,,,,
403373,2009,2009-08-07,R Premadasa Stadium,2,0.2,Sri Lanka,Pakistan,WU Tharanga,DPMD Jayawardene,Mohammad Amir,0,0,,,,,,,,,
403373,2009,2009-08-07,R Premadasa Stadium,2,0.3,Sri Lanka,Pakistan,WU Tharanga,DPMD Jayawardene,Mohammad Amir,1,0,,,,,,,,,
403373,2009,2009-08-07,R Premadasa Stadium,2,0.4,Sri Lanka,Pakistan,DPMD Jayawardene,WU Tharanga,Mohammad Amir,0,0,,,,,,,,,
403373,2009,2009-08-07,R Premadasa Stadium,2,0.5,Sri Lanka,Pakistan,DPMD Jayawardene,WU Tharanga,Mohammad Amir,0,0,,,,,,,,,
403373,2009,2009-08-07,R Premadasa Stadium,2,0.6,Sri Lanka,Pakistan,DPMD Jayawardene,WU Tharanga,Mohammad Amir,0,0,,,,,,,,,
403373,2009,2009-08-07,R Premadasa Stadium,2,1.1,Sri Lanka,Pakistan,WU Tharanga,DPMD Jayawardene,Naved-ul-Hasan,0,0,,,,,,,,,
403373,2009,2009-08-07,R Premadasa Stadium,2,1.2,Sri Lanka,Pakistan,WU Tharanga,DPMD Jayawardene,Naved-ul-Hasan,0,0,,,,,,,,,
403373,2009,2009-08-07,R Premadasa Stadium,2,1.3,Sri Lanka,Pakistan,WU Tharanga,DPMD Jayawardene,Naved-ul-Hasan,4,0,,,,,,,,,
403373,2009,2009-08-07,R Premadasa Stadium,2,1.4,Sri Lanka,Pakistan,WU Tharanga,DPMD Jayawardene,Naved-ul-Hasan,0,0,,,,,,,,,
403373,2009,2009-08-07,R Premadasa Stadium,2,1.5,Sri Lanka,Pakistan,WU Tharanga,DPMD Jayawardene,Naved-ul-Hasan,0,0,,,,,,,,,
403373,2009,2009-08-07,R Premadasa Stadium,2,1.6,Sri Lanka,Pakistan,WU Tharanga,DPMD Jayawardene,Naved-ul-Hasan,4,0,,,,,,,,,
403373,2009,2009-08-07,R Premadasa Stadium,2,2.1,Sri Lanka,Pakistan,DPMD Jayawardene,WU Tharanga,Mohammad Amir,4,0,,,,,,,,,
403373,2009,2009-08-07,R Premadasa Stadium,2,2.2,Sri Lanka,Pakistan,DPMD Jayawardene,WU Tharanga,Mohammad Amir,0,0,,,,,,,,,
403373,2009,2009-08-07,R Premadasa Stadium,2,2.3,Sri Lanka,Pakistan,DPMD Jayawardene,WU Tharanga,Mohammad Amir,1,0,,,,,,,,,
403373,2009,2009-08-07,R Premadasa Stadium,2,2.4,Sri Lanka,Pakistan,WU Tharanga,DPMD Jayawardene,Mohammad Amir,1,0,,,,,,,,,
403373,2009,2009-08-07,R Premadasa Stadium,2,2.5,Sri Lanka,Pakistan,DPMD Jayawardene,WU Tharanga,Mohammad Amir,0,0,,,,,,,,,
403373,2009,2009-08-07,R Premadasa Stadium,2,2.6,Sri Lanka,Pakistan,DPMD Jayawardene,WU Tharanga,Mohammad Amir,0,0,,,,,,,,,
403373,2009,2009-08-07,R Premadasa Stadium,2,3.1,Sri Lanka,Pakistan,WU Tharanga,DPMD Jayawardene,Naved-ul-Hasan,1,0,,,,,,,,,
403373,2009,2009-08-07,R Premadasa Stadium,2,3.2,Sri Lanka,Pakistan,DPMD Jayawardene,WU Tharanga,Naved-ul-Hasan,0,0,,,,,,,,,
403373,2009,2009-08-07,R Premadasa Stadium,2,3.3,Sri Lanka,Pakistan,DPMD Jayawardene,WU Tharanga,Naved-ul-Hasan,6,0,,,,,,,,,
403373,2009,2009-08-07,R Premadasa Stadium,2,3.4,Sri Lanka,Pakistan,DPMD Jayawardene,WU Tharanga,Naved-ul-Hasan,0,0,,,,,,,,,
403373,2009,2009-08-07,R Premadasa Stadium,2,3.5,Sri Lanka,Pakistan,DPMD Jayawardene,WU Tharanga,Naved-ul-Hasan,0,0,,,,,,,,,
403373,2009,2009-08-07,R Premadasa Stadium,2,3.6,Sri Lanka,Pakistan,DPMD Jayawardene,WU Tharanga,Naved-ul-Hasan,0,0,,,,,,,,,
403373,2009,2009-08-07,R Premadasa Stadium,2,4.1,Sri Lanka,Pakistan,WU Tharanga,DPMD Jayawardene,Mohammad Amir,4,0,,,,,,,,,
403373,2009,2009-08-07,R Premadasa Stadium,2,4.2,Sri Lanka,Pakistan,WU Tharanga,DPMD Jayawardene,Mohammad Amir,0,0,,,,,,,,,
403373,2009,2009-08-07,R Premadasa Stadium,2,4.3,Sri Lanka,Pakistan,WU Tharanga,DPMD Jayawardene,Mohammad Amir,1,0,,,,,,,,,
403373,2009,2009-08-07,R Premadasa Stadium,2,4.4,Sri Lanka,Pakistan,DPMD Jayawardene,WU Tharanga,Mohammad Amir,2,0,,,,,,,,,
403373,2009,2009-08-07,R Premadasa Stadium,2,4.5,Sri Lanka,Pakistan,DPMD Jayawardene,WU Tharanga,Mohammad Amir,0,0,,,,,,,,,
403373,2009,2009-08-07,R Premadasa Stadium,2,4.6,Sri Lanka,Pakistan,DPMD Jayawardene,WU Tharanga,Mohammad Amir,1,0,,,,,,,,,
403373,2009,2009-08-07,R Premadasa Stadium,2,5.1,Sri Lanka,Pakistan,DPMD Jayawardene,WU Tharanga,Naved-ul-Hasan,1,0,,,,,,,,,
403373,2009,2009-08-07,R Premadasa Stadium,2,5.2,Sri Lanka,Pakistan,WU Tharanga,DPMD Jayawardene,Naved-ul-Hasan,0,0,,,,,,,,,
403373,2009,2009-08-07,R Premadasa Stadium,2,5.3,Sri Lanka,Pakistan,WU Tharanga,DPMD Jayawardene,Naved-ul-Hasan,1,0,,,,,,,,,
403373,2009,2009-08-07,R Premadasa Stadium,2,5.4,Sri Lanka,Pakistan,DPMD Jayawardene,WU Tharanga,Naved-ul-Hasan,4,0,,,,,,,,,
403373,2009,2009-08-07,R Premadasa Stadium,2,5.5,Sri Lanka,Pakistan,DPMD Jayawardene,WU Tharanga,Naved-ul-Hasan,0,0,,,,,,caught,DPMD Jayawardene,,
403373,2009,2009-08-07,R Premadasa Stadium,2,5.6,Sri Lanka,Pakistan,WU Tharanga,KC Sangakkara,Naved-ul-Hasan,0,0,,,,,,,,,
403373,2009,2009-08-07,R Premadasa Stadium,2,6.1,Sri Lanka,Pakistan,KC Sangakkara,WU Tharanga,Mohammad Amir,0,0,,,,,,,,,
403373,2009,2009-08-07,R Premadasa Stadium,2,6.2,Sri Lanka,Pakistan,KC Sangakkara,WU Tharanga,Mohammad Amir,0,0,,,,,,,,,
403373,2009,2009-08-07,R Premadasa Stadium,2,6.3,Sri Lanka,Pakistan,KC Sangakkara,WU Tharanga,Mohammad Amir,0,0,,,,,,,,,
403373,2009,2009-08-07,R Premadasa Stadium,2,6.4,Sri Lanka,Pakistan,KC Sangakkara,WU Tharanga,Mohammad Amir,1,0,,,,,,,,,
403373,2009,2009-08-07,R Premadasa Stadium,2,6.5,Sri Lanka,Pakistan,WU Tharanga,KC Sangakkara,Mohammad Amir,0,0,,,,,,,,,
403373,2009,2009-08-07,R Premadasa Stadium,2,6.6,Sri Lanka,Pakistan,WU Tharanga,KC Sangakkara,Mohammad Amir,0,1,1,,,,,,,,
403373,2009,2009-08-07,R Premadasa Stadium,2,6.7,Sri Lanka,Pakistan,WU Tharanga,KC Sangakkara,Mohammad Amir,0,0,,,,,,,,,
403373,2009,2009-08-07,R Premadasa Stadium,2,7.1,Sri Lanka,Pakistan,KC Sangakkara,WU Tharanga,Naved-ul-Hasan,0,0,,,,,,,,,
403373,2009,2009-08-07,R Premadasa Stadium,2,7.2,Sri Lanka,Pakistan,KC Sangakkara,WU Tharanga,Naved-ul-Hasan,3,0,,,,,,,,,
403373,2009,2009-08-07,R Premadasa Stadium,2,7.3,Sri Lanka,Pakistan,WU Tharanga,KC Sangakkara,Naved-ul-Hasan,0,0,,,,,,,,,
403373,2009,2009-08-07,R Premadasa Stadium,2,7.4,Sri Lanka,Pakistan,WU Tharanga,KC Sangakkara,Naved-ul-Hasan,1,0,,,,,,,,,
403373,2009,2009-08-07,R Premadasa Stadium,2,7.5,Sri Lanka,Pakistan,KC Sangakkara,WU Tharanga,Naved-ul-Hasan,2,0,,,,,,,,,
403373,2009,2009-08-07,R Premadasa Stadium,2,7.6,Sri Lanka,Pakistan,KC Sangakkara,WU Tharanga,Naved-ul-Hasan,0,0,,,,,,,,,
403373,2009,2009-08-07,R Premadasa Stadium,2,8.1,Sri Lanka,Pakistan,WU Tharanga,KC Sangakkara,Mohammad Amir,4,0,,,,,,,,,
403373,2009,2009-08-07,R Premadasa Stadium,2,8.2,Sri Lanka,Pakistan,WU Tharanga,KC Sangakkara,Mohammad Amir,0,0,,,,,,,,,
403373,2009,2009-08-07,R Premadasa Stadium,2,8.3,Sri Lanka,Pakistan,WU Tharanga,KC Sangakkara,Mohammad Amir,1,0,,,,,,,,,
403373,2009,2009-08-07,R Premadasa Stadium,2,8.4,Sri Lanka,Pakistan,KC Sangakkara,WU Tharanga,Mohammad Amir,4,0,,,,,,,,,
403373,2009,2009-08-07,R Premadasa Stadium,2,8.5,Sri Lanka,Pakistan,KC Sangakkara,WU Tharanga,Mohammad Amir,4,0,,,,,,,,,
403373,2009,2009-08-07,R Premadasa Stadium,2,8.6,Sri Lanka,Pakistan,KC Sangakkara,WU Tharanga,Mohammad Amir,4,0,,,,,,,,,
403373,2009,2009-08-07,R Premadasa Stadium,2,9.1,Sri Lanka,Pakistan,WU Tharanga,KC Sangakkara,Naved-ul-Hasan,0,0,,,,,,,,,
403373,2009,2009-08-07,R Premadasa Stadium,2,9.2,Sri Lanka,Pakistan,WU Tharanga,KC Sangakkara,Naved-ul-Hasan,0,0,,,,,,,,,
403373,2009,2009-08-07,R Premadasa Stadium,2,9.3,Sri Lanka,Pakistan,WU Tharanga,KC Sangakkara,Naved-ul-Hasan,0,0,,,,,,,,,
403373,2009,2009-08-07,R Premadasa Stadium,2,9.4,Sri Lanka,Pakistan,WU Tharanga,KC Sangakkara,Naved-ul-Hasan,1,0,,,,,,,,,
403373,2009,2009-08-07,R Premadasa Stadium,2,9.5,Sri Lanka,Pakistan,KC Sangakkara,WU Tharanga,Naved-ul-Hasan,0,0,,,,,,,,,
403373,2009,2009-08-07,R Premadasa Stadium,2,9.6,Sri Lanka,Pakistan,KC Sangakkara,WU Tharanga,Naved-ul-Hasan,2,0,,,,,,,,,
403373,2009,2009-08-07,R Premadasa Stadium,2,10.1,Sri Lanka,Pakistan,WU Tharanga,KC Sangakkara,Iftikhar Anjum,0,0,,,,,,,,,
403373,2009,2009-08-07,R Premadasa Stadium,2,10.2,Sri Lanka,Pakistan,WU Tharanga,KC Sangakkara,Iftikhar Anjum,0,0,,,,,,,,,
403373,2009,2009-08-07,R Premadasa Stadium,2,10.3,Sri Lanka,Pakistan,WU Tharanga,KC Sangakkara,Iftikhar Anjum,6,0,,,,,,,,,
403373,2009,2009-08-07,R Premadasa Stadium,2,10.4,Sri Lanka,Pakistan,WU Tharanga,KC Sangakkara,Iftikhar Anjum,1,0,,,,,,,,,
403373,2009,2009-08-07,R Premadasa Stadium,2,10.5,Sri Lanka,Pakistan,KC Sangakkara,WU Tharanga,Iftikhar Anjum,0,0,,,,,,,,,
403373,2009,2009-08-07,R Premadasa Stadium,2,10.6,Sri Lanka,Pakistan,KC Sangakkara,WU Tharanga,Iftikhar Anjum,1,0,,,,,,,,,
403373,2009,2009-08-07,R Premadasa Stadium,2,11.1,Sri Lanka,Pakistan,KC Sangakkara,WU Tharanga,Naved-ul-Hasan,0,0,,,,,,,,,
403373,2009,2009-08-07,R Premadasa Stadium,2,11.2,Sri Lanka,Pakistan,KC Sangakkara,WU Tharanga,Naved-ul-Hasan,0,0,,,,,,,,,
403373,2009,2009-08-07,R Premadasa Stadium,2,11.3,Sri Lanka,Pakistan,KC Sangakkara,WU Tharanga,Naved-ul-Hasan,1,0,,,,,,,,,
403373,2009,2009-08-07,R Premadasa Stadium,2,11.4,Sri Lanka,Pakistan,WU Tharanga,KC Sangakkara,Naved-ul-Hasan,0,0,,,,,,,,,
403373,2009,2009-08-07,R Premadasa Stadium,2,11.5,Sri Lanka,Pakistan,WU Tharanga,KC Sangakkara,Naved-ul-Hasan,1,0,,,,,,,,,
403373,2009,2009-08-07,R Premadasa Stadium,2,11.6,Sri Lanka,Pakistan,KC Sangakkara,WU Tharanga,Naved-ul-Hasan,0,0,,,,,,,,,
403373,2009,2009-08-07,R Premadasa Stadium,2,12.1,Sri Lanka,Pakistan,WU Tharanga,KC Sangakkara,Iftikhar Anjum,1,0,,,,,,,,,
403373,2009,2009-08-07,R Premadasa Stadium,2,12.2,Sri Lanka,Pakistan,KC Sangakkara,WU Tharanga,Iftikhar Anjum,0,0,,,,,,,,,
403373,2009,2009-08-07,R Premadasa Stadium,2,12.3,Sri Lanka,Pakistan,KC Sangakkara,WU Tharanga,Iftikhar Anjum,4,0,,,,,,,,,
403373,2009,2009-08-07,R Premadasa Stadium,2,12.4,Sri Lanka,Pakistan,KC Sangakkara,WU Tharanga,Iftikhar Anjum,1,0,,,,,,,,,
403373,2009,2009-08-07,R Premadasa Stadium,2,12.5,Sri Lanka,Pakistan,WU Tharanga,KC Sangakkara,Iftikhar Anjum,0,0,,,,,,,,,
403373,2009,2009-08-07,R Premadasa Stadium,2,12.6,Sri Lanka,Pakistan,WU Tharanga,KC Sangakkara,Iftikhar Anjum,0,0,,,,,,,,,
403373,2009,2009-08-07,R Premadasa Stadium,2,13.1,Sri Lanka,Pakistan,KC Sangakkara,WU Tharanga,Naved-ul-Hasan,1,0,,,,,,,,,
403373,2009,2009-08-07,R Premadasa Stadium,2,13.2,Sri Lanka,Pakistan,WU Tharanga,KC Sangakkara,Naved-ul-Hasan,4,0,,,,,,,,,
403373,2009,2009-08-07,R Premadasa Stadium,2,13.3,Sri Lanka,Pakistan,WU Tharanga,KC Sangakkara,Naved-ul-Hasan,1,0,,,,,,,,,
403373,2009,2009-08-07,R Premadasa Stadium,2,13.4,Sri Lanka,Pakistan,KC Sangakkara,WU Tharanga,Naved-ul-Hasan,4,0,,,,,,,,,
403373,2009,2009-08-07,R Premadasa Stadium,2,13.5,Sri Lanka,Pakistan,KC Sangakkara,WU Tharanga,Naved-ul-Hasan,4,0,,,,,,,,,
403373,2009,2009-08-07,R Premadasa Stadium,2,13.6,Sri Lanka,Pakistan,KC Sangakkara,WU Tharanga,Naved-ul-Hasan,0,0,,,,,,,,,
403373,2009,2009-08-07,R Premadasa Stadium,2,14.1,Sri Lanka,Pakistan,WU Tharanga,KC Sangakkara,Iftikhar Anjum,0,0,,,,,,,,,
403373,2009,2009-08-07,R Premadasa Stadium,2,14.2,Sri Lanka,Pakistan,WU Tharanga,KC Sangakkara,Iftikhar Anjum,1,0,,,,,,,,,
403373,2009,2009-08-07,R Premadasa Stadium,2,14.3,Sri Lanka,Pakistan,KC Sangakkara,WU Tharanga,Iftikhar Anjum,0,0,,,,,,,,,
403373,2009,2009-08-07,R Premadasa Stadium,2,14.4,Sri Lanka,Pakistan,KC Sangakkara,WU Tharanga,Iftikhar Anjum,0,0,,,,,,,,,
403373,2009,2009-08-07,R Premadasa Stadium,2,14.5,Sri Lanka,Pakistan,KC Sangakkara,WU Tharanga,Iftikhar Anjum,0,0,,,,,,,,,
403373,2009,2009-08-07,R Premadasa Stadium,2,14.6,Sri Lanka,Pakistan,KC Sangakkara,WU Tharanga,Iftikhar Anjum,1,0,,,,,,,,,
403373,2009,2009-08-07,R Premadasa Stadium,2,15.1,Sri Lanka,Pakistan,KC Sangakkara,WU Tharanga,Shahid Afridi,1,0,,,,,,,,,
403373,2009,2009-08-07,R Premadasa Stadium,2,15.2,Sri Lanka,Pakistan,WU Tharanga,KC Sangakkara,Shahid Afridi,0,0,,,,,,,,,
403373,2009,2009-08-07,R Premadasa Stadium,2,15.3,Sri Lanka,Pakistan,WU Tharanga,KC Sangakkara,Shahid Afridi,1,0,,,,,,,,,
403373,2009,2009-08-07,R Premadasa Stadium,2,15.4,Sri Lanka,Pakistan,KC Sangakkara,WU Tharanga,Shahid Afridi,1,0,,,,,,,,,
403373,2009,2009-08-07,R Premadasa Stadium,2,15.5,Sri Lanka,Pakistan,WU Tharanga,KC Sangakkara,Shahid Afridi,2,0,,,,,,,,,
403373,2009,2009-08-07,R Premadasa Stadium,2,15.6,Sri Lanka,Pakistan,WU Tharanga,KC Sangakkara,Shahid Afridi,0,0,,,,,,,,,
403373,2009,2009-08-07,R Premadasa Stadium,2,16.1,Sri Lanka,Pakistan,KC Sangakkara,WU Tharanga,Iftikhar Anjum,0,0,,,,,,caught,KC Sangakkara,,
403373,2009,2009-08-07,R Premadasa Stadium,2,16.2,Sri Lanka,Pakistan,SHT Kandamby,WU Tharanga,Iftikhar Anjum,0,0,,,,,,,,,
403373,2009,2009-08-07,R Premadasa Stadium,2,16.3,Sri Lanka,Pakistan,SHT Kandamby,WU Tharanga,Iftikhar Anjum,0,0,,,,,,,,,
403373,2009,2009-08-07,R Premadasa Stadium,2,16.4,Sri Lanka,Pakistan,SHT Kandamby,WU Tharanga,Iftikhar Anjum,0,0,,,,,,,,,
403373,2009,2009-08-07,R Premadasa Stadium,2,16.5,Sri Lanka,Pakistan,SHT Kandamby,WU Tharanga,Iftikhar Anjum,1,0,,,,,,,,,
403373,2009,2009-08-07,R Premadasa Stadium,2,16.6,Sri Lanka,Pakistan,WU Tharanga,SHT Kandamby,Iftikhar Anjum,0,0,,,,,,,,,
403373,2009,2009-08-07,R Premadasa Stadium,2,17.1,Sri Lanka,Pakistan,SHT Kandamby,WU Tharanga,Shahid Afridi,1,0,,,,,,,,,
403373,2009,2009-08-07,R Premadasa Stadium,2,17.2,Sri Lanka,Pakistan,WU Tharanga,SHT Kandamby,Shahid Afridi,1,0,,,,,,,,,
403373,2009,2009-08-07,R Premadasa Stadium,2,17.3,Sri Lanka,Pakistan,SHT Kandamby,WU Tharanga,Shahid Afridi,2,0,,,,,,,,,
403373,2009,2009-08-07,R Premadasa Stadium,2,17.4,Sri Lanka,Pakistan,SHT Kandamby,WU Tharanga,Shahid Afridi,0,0,,,,,,,,,
403373,2009,2009-08-07,R Premadasa Stadium,2,17.5,Sri Lanka,Pakistan,SHT Kandamby,WU Tharanga,Shahid Afridi,1,0,,,,,,,,,
403373,2009,2009-08-07,R Premadasa Stadium,2,17.6,Sri Lanka,Pakistan,WU Tharanga,SHT Kandamby,Shahid Afridi,0,0,,,,,,,,,
403373,2009,2009-08-07,R Premadasa Stadium,2,18.1,Sri Lanka,Pakistan,SHT Kandamby,WU Tharanga,Iftikhar Anjum,0,0,,,,,,,,,
403373,2009,2009-08-07,R Premadasa Stadium,2,18.2,Sri Lanka,Pakistan,SHT Kandamby,WU Tharanga,Iftikhar Anjum,1,0,,,,,,,,,
403373,2009,2009-08-07,R Premadasa Stadium,2,18.3,Sri Lanka,Pakistan,WU Tharanga,SHT Kandamby,Iftikhar Anjum,0,0,,,,,,,,,
403373,2009,2009-08-07,R Premadasa Stadium,2,18.4,Sri Lanka,Pakistan,WU Tharanga,SHT Kandamby,Iftikhar Anjum,1,0,,,,,,,,,
403373,2009,2009-08-07,R Premadasa Stadium,2,18.5,Sri Lanka,Pakistan,SHT Kandamby,WU Tharanga,Iftikhar Anjum,1,0,,,,,,,,,
403373,2009,2009-08-07,R Premadasa Stadium,2,18.6,Sri Lanka,Pakistan,WU Tharanga,SHT Kandamby,Iftikhar Anjum,1,0,,,,,,,,,
403373,2009,2009-08-07,R Premadasa Stadium,2,19.1,Sri Lanka,Pakistan,WU Tharanga,SHT Kandamby,Saeed Ajmal,2,0,,,,,,,,,
403373,2009,2009-08-07,R Premadasa Stadium,2,19.2,Sri Lanka,Pakistan,WU Tharanga,SHT Kandamby,Saeed Ajmal,1,0,,,,,,,,,
403373,2009,2009-08-07,R Premadasa Stadium,2,19.3,Sri Lanka,Pakistan,SHT Kandamby,WU Tharanga,Saeed Ajmal,0,0,,,,,,,,,
403373,2009,2009-08-07,R Premadasa Stadium,2,19.4,Sri Lanka,Pakistan,SHT Kandamby,WU Tharanga,Saeed Ajmal,0,0,,,,,,,,,
403373,2009,2009-08-07,R Premadasa Stadium,2,19.5,Sri Lanka,Pakistan,SHT Kandamby,WU Tharanga,Saeed Ajmal,0,0,,,,,,,,,
403373,2009,2009-08-07,R Premadasa Stadium,2,19.6,Sri Lanka,Pakistan,SHT Kandamby,WU Tharanga,Saeed Ajmal,4,0,,,,,,,,,
403373,2009,2009-08-07,R Premadasa Stadium,2,20.1,Sri Lanka,Pakistan,WU Tharanga,SHT Kandamby,Shahid Afridi,1,0,,,,,,,,,
403373,2009,2009-08-07,R Premadasa Stadium,2,20.2,Sri Lanka,Pakistan,SHT Kandamby,WU Tharanga,Shahid Afridi,1,0,,,,,,,,,
403373,2009,2009-08-07,R Premadasa Stadium,2,20.3,Sri Lanka,Pakistan,WU Tharanga,SHT Kandamby,Shahid Afridi,0,0,,,,,,,,,
403373,2009,2009-08-07,R Premadasa Stadium,2,20.4,Sri Lanka,Pakistan,WU Tharanga,SHT Kandamby,Shahid Afridi,1,0,,,,,,,,,
403373,2009,2009-08-07,R Premadasa Stadium,2,20.5,Sri Lanka,Pakistan,SHT Kandamby,WU Tharanga,Shahid Afridi,1,0,,,,,,,,,
403373,2009,2009-08-07,R Premadasa Stadium,2,20.6,Sri Lanka,Pakistan,WU Tharanga,SHT Kandamby,Shahid Afridi,1,0,,,,,,,,,
403373,2009,2009-08-07,R Premadasa Stadium,2,21.1,Sri Lanka,Pakistan,WU Tharanga,SHT Kandamby,Saeed Ajmal,1,0,,,,,,,,,
403373,2009,2009-08-07,R Premadasa Stadium,2,21.2,Sri Lanka,Pakistan,SHT Kandamby,WU Tharanga,Saeed Ajmal,0,0,,,,,,,,,
403373,2009,2009-08-07,R Premadasa Stadium,2,21.3,Sri Lanka,Pakistan,SHT Kandamby,WU Tharanga,Saeed Ajmal,0,0,,,,,,,,,
403373,2009,2009-08-07,R Premadasa Stadium,2,21.4,Sri Lanka,Pakistan,SHT Kandamby,WU Tharanga,Saeed Ajmal,0,0,,,,,,,,,
403373,2009,2009-08-07,R Premadasa Stadium,2,21.5,Sri Lanka,Pakistan,SHT Kandamby,WU Tharanga,Saeed Ajmal,0,0,,,,,,,,,
403373,2009,2009-08-07,R Premadasa Stadium,2,21.6,Sri Lanka,Pakistan,SHT Kandamby,WU Tharanga,Saeed Ajmal,0,0,,,,,,,,,
403373,2009,2009-08-07,R Premadasa Stadium,2,22.1,Sri Lanka,Pakistan,WU Tharanga,SHT Kandamby,Shahid Afridi,0,0,,,,,,,,,
403373,2009,2009-08-07,R Premadasa Stadium,2,22.2,Sri Lanka,Pakistan,WU Tharanga,SHT Kandamby,Shahid Afridi,1,0,,,,,,,,,
403373,2009,2009-08-07,R Premadasa Stadium,2,22.3,Sri Lanka,Pakistan,SHT Kandamby,WU Tharanga,Shahid Afridi,0,0,,,,,,,,,
403373,2009,2009-08-07,R Premadasa Stadium,2,22.4,Sri Lanka,Pakistan,SHT Kandamby,WU Tharanga,Shahid Afridi,0,0,,,,,,,,,
403373,2009,2009-08-07,R Premadasa Stadium,2,22.5,Sri Lanka,Pakistan,SHT Kandamby,WU Tharanga,Shahid Afridi,1,0,,,,,,,,,
403373,2009,2009-08-07,R Premadasa Stadium,2,22.6,Sri Lanka,Pakistan,WU Tharanga,SHT Kandamby,Shahid Afridi,1,0,,,,,,,,,
403373,2009,2009-08-07,R Premadasa Stadium,2,23.1,Sri Lanka,Pakistan,WU Tharanga,SHT Kandamby,Saeed Ajmal,1,0,,,,,,,,,
403373,2009,2009-08-07,R Premadasa Stadium,2,23.2,Sri Lanka,Pakistan,SHT Kandamby,WU Tharanga,Saeed Ajmal,1,0,,,,,,,,,
403373,2009,2009-08-07,R Premadasa Stadium,2,23.3,Sri Lanka,Pakistan,WU Tharanga,SHT Kandamby,Saeed Ajmal,1,0,,,,,,,,,
403373,2009,2009-08-07,R Premadasa Stadium,2,23.4,Sri Lanka,Pakistan,SHT Kandamby,WU Tharanga,Saeed Ajmal,0,0,,,,,,caught,SHT Kandamby,,
403373,2009,2009-08-07,R Premadasa Stadium,2,23.5,Sri Lanka,Pakistan,CK Kapugedera,WU Tharanga,Saeed Ajmal,1,0,,,,,,,,,
403373,2009,2009-08-07,R Premadasa Stadium,2,23.6,Sri Lanka,Pakistan,WU Tharanga,CK Kapugedera,Saeed Ajmal,0,0,,,,,,,,,
403373,2009,2009-08-07,R Premadasa Stadium,2,24.1,Sri Lanka,Pakistan,CK Kapugedera,WU Tharanga,Shahid Afridi,1,0,,,,,,,,,
403373,2009,2009-08-07,R Premadasa Stadium,2,24.2,Sri Lanka,Pakistan,WU Tharanga,CK Kapugedera,Shahid Afridi,4,0,,,,,,,,,
403373,2009,2009-08-07,R Premadasa Stadium,2,24.3,Sri Lanka,Pakistan,WU Tharanga,CK Kapugedera,Shahid Afridi,1,0,,,,,,,,,
403373,2009,2009-08-07,R Premadasa Stadium,2,24.4,Sri Lanka,Pakistan,CK Kapugedera,WU Tharanga,Shahid Afridi,0,0,,,,,,,,,
403373,2009,2009-08-07,R Premadasa Stadium,2,24.5,Sri Lanka,Pakistan,CK Kapugedera,WU Tharanga,Shahid Afridi,0,0,,,,,,,,,
403373,2009,2009-08-07,R Premadasa Stadium,2,24.6,Sri Lanka,Pakistan,CK Kapugedera,WU Tharanga,Shahid Afridi,0,0,,,,,,,,,
403373,2009,2009-08-07,R Premadasa Stadium,2,25.1,Sri Lanka,Pakistan,WU Tharanga,CK Kapugedera,Saeed Ajmal,0,0,,,,,,,,,
403373,2009,2009-08-07,R Premadasa Stadium,2,25.2,Sri Lanka,Pakistan,WU Tharanga,CK Kapugedera,Saeed Ajmal,2,0,,,,,,,,,
403373,2009,2009-08-07,R Premadasa Stadium,2,25.3,Sri Lanka,Pakistan,WU Tharanga,CK Kapugedera,Saeed Ajmal,1,0,,,,,,,,,
403373,2009,2009-08-07,R Premadasa Stadium,2,25.4,Sri Lanka,Pakistan,CK Kapugedera,WU Tharanga,Saeed Ajmal,0,1,1,,,,,,,,
403373,2009,2009-08-07,R Premadasa Stadium,2,25.5,Sri Lanka,Pakistan,CK Kapugedera,WU Tharanga,Saeed Ajmal,0,0,,,,,,,,,
403373,2009,2009-08-07,R Premadasa Stadium,2,25.6,Sri Lanka,Pakistan,CK Kapugedera,WU Tharanga,Saeed Ajmal,0,0,,,,,,,,,
403373,2009,2009-08-07,R Premadasa Stadium,2,25.7,Sri Lanka,Pakistan,CK Kapugedera,WU Tharanga,Saeed Ajmal,1,0,,,,,,,,,
403373,2009,2009-08-07,R Premadasa Stadium,2,26.1,Sri Lanka,Pakistan,CK Kapugedera,WU Tharanga,Shahid Afridi,1,0,,,,,,,,,
403373,2009,2009-08-07,R Premadasa Stadium,2,26.2,Sri Lanka,Pakistan,WU Tharanga,CK Kapugedera,Shahid Afridi,0,0,,,,,,,,,
403373,2009,2009-08-07,R Premadasa Stadium,2,26.3,Sri Lanka,Pakistan,WU Tharanga,CK Kapugedera,Shahid Afridi,1,0,,,,,,,,,
403373,2009,2009-08-07,R Premadasa Stadium,2,26.4,Sri Lanka,Pakistan,CK Kapugedera,WU Tharanga,Shahid Afridi,0,0,,,,,,,,,
403373,2009,2009-08-07,R Premadasa Stadium,2,26.5,Sri Lanka,Pakistan,CK Kapugedera,WU Tharanga,Shahid Afridi,0,0,,,,,,,,,
403373,2009,2009-08-07,R Premadasa Stadium,2,26.6,Sri Lanka,Pakistan,CK Kapugedera,WU Tharanga,Shahid Afridi,1,0,,,,,,,,,
403373,2009,2009-08-07,R Premadasa Stadium,2,27.1,Sri Lanka,Pakistan,CK Kapugedera,WU Tharanga,Saeed Ajmal,0,0,,,,,,,,,
403373,2009,2009-08-07,R Premadasa Stadium,2,27.2,Sri Lanka,Pakistan,CK Kapugedera,WU Tharanga,Saeed Ajmal,1,0,,,,,,,,,
403373,2009,2009-08-07,R Premadasa Stadium,2,27.3,Sri Lanka,Pakistan,WU Tharanga,CK Kapugedera,Saeed Ajmal,0,0,,,,,,,,,
403373,2009,2009-08-07,R Premadasa Stadium,2,27.4,Sri Lanka,Pakistan,WU Tharanga,CK Kapugedera,Saeed Ajmal,1,0,,,,,,,,,
403373,2009,2009-08-07,R Premadasa Stadium,2,27.5,Sri Lanka,Pakistan,CK Kapugedera,WU Tharanga,Saeed Ajmal,1,0,,,,,,,,,
403373,2009,2009-08-07,R Premadasa Stadium,2,27.6,Sri Lanka,Pakistan,WU Tharanga,CK Kapugedera,Saeed Ajmal,0,0,,,,,,,,,
403373,2009,2009-08-07,R Premadasa Stadium,2,28.1,Sri Lanka,Pakistan,CK Kapugedera,WU Tharanga,Shahid Afridi,1,0,,,,,,,,,
403373,2009,2009-08-07,R Premadasa Stadium,2,28.2,Sri Lanka,Pakistan,WU Tharanga,CK Kapugedera,Shahid Afridi,4,0,,,,,,,,,
403373,2009,2009-08-07,R Premadasa Stadium,2,28.3,Sri Lanka,Pakistan,WU Tharanga,CK Kapugedera,Shahid Afridi,0,0,,,,,,,,,
403373,2009,2009-08-07,R Premadasa Stadium,2,28.4,Sri Lanka,Pakistan,WU Tharanga,CK Kapugedera,Shahid Afridi,2,0,,,,,,,,,
403373,2009,2009-08-07,R Premadasa Stadium,2,28.5,Sri Lanka,Pakistan,WU Tharanga,CK Kapugedera,Shahid Afridi,0,0,,,,,,,,,
403373,2009,2009-08-07,R Premadasa Stadium,2,28.6,Sri Lanka,Pakistan,WU Tharanga,CK Kapugedera,Shahid Afridi,1,0,,,,,,,,,
403373,2009,2009-08-07,R Premadasa Stadium,2,29.1,Sri Lanka,Pakistan,WU Tharanga,CK Kapugedera,Saeed Ajmal,0,0,,,,,,,,,
403373,2009,2009-08-07,R Premadasa Stadium,2,29.2,Sri Lanka,Pakistan,WU Tharanga,CK Kapugedera,Saeed Ajmal,0,0,,,,,,,,,
403373,2009,2009-08-07,R Premadasa Stadium,2,29.3,Sri Lanka,Pakistan,WU Tharanga,CK Kapugedera,Saeed Ajmal,0,0,,,,,,,,,
403373,2009,2009-08-07,R Premadasa Stadium,2,29.4,Sri Lanka,Pakistan,WU Tharanga,CK Kapugedera,Saeed Ajmal,1,0,,,,,,,,,
403373,2009,2009-08-07,R Premadasa Stadium,2,29.5,Sri Lanka,Pakistan,CK Kapugedera,WU Tharanga,Saeed Ajmal,0,0,,,,,,caught,CK Kapugedera,,
403373,2009,2009-08-07,R Premadasa Stadium,2,29.6,Sri Lanka,Pakistan,WU Tharanga,TT Samaraweera,Saeed Ajmal,0,0,,,,,,,,,
403373,2009,2009-08-07,R Premadasa Stadium,2,30.1,Sri Lanka,Pakistan,TT Samaraweera,WU Tharanga,Iftikhar Anjum,0,0,,,,,,,,,
403373,2009,2009-08-07,R Premadasa Stadium,2,30.2,Sri Lanka,Pakistan,TT Samaraweera,WU Tharanga,Iftikhar Anjum,0,0,,,,,,,,,
403373,2009,2009-08-07,R Premadasa Stadium,2,30.3,Sri Lanka,Pakistan,TT Samaraweera,WU Tharanga,Iftikhar Anjum,0,0,,,,,,,,,
403373,2009,2009-08-07,R Premadasa Stadium,2,30.4,Sri Lanka,Pakistan,TT Samaraweera,WU Tharanga,Iftikhar Anjum,2,0,,,,,,,,,
403373,2009,2009-08-07,R Premadasa Stadium,2,30.5,Sri Lanka,Pakistan,TT Samaraweera,WU Tharanga,Iftikhar Anjum,0,0,,,,,,,,,
403373,2009,2009-08-07,R Premadasa Stadium,2,30.6,Sri Lanka,Pakistan,TT Samaraweera,WU Tharanga,Iftikhar Anjum,0,0,,,,,,caught,TT Samaraweera,,
403373,2009,2009-08-07,R Premadasa Stadium,2,31.1,Sri Lanka,Pakistan,WU Tharanga,AD Mathews,Saeed Ajmal,0,0,,,,,,,,,
403373,2009,2009-08-07,R Premadasa Stadium,2,31.2,Sri Lanka,Pakistan,WU Tharanga,AD Mathews,Saeed Ajmal,1,0,,,,,,,,,
403373,2009,2009-08-07,R Premadasa Stadium,2,31.3,Sri Lanka,Pakistan,AD Mathews,WU Tharanga,Saeed Ajmal,1,0,,,,,,,,,
403373,2009,2009-08-07,R Premadasa Stadium,2,31.4,Sri Lanka,Pakistan,WU Tharanga,AD Mathews,Saeed Ajmal,1,0,,,,,,,,,
403373,2009,2009-08-07,R Premadasa Stadium,2,31.5,Sri Lanka,Pakistan,AD Mathews,WU Tharanga,Saeed Ajmal,0,0,,,,,,,,,
403373,2009,2009-08-07,R Premadasa Stadium,2,31.6,Sri Lanka,Pakistan,AD Mathews,WU Tharanga,Saeed Ajmal,0,0,,,,,,,,,
403373,2009,2009-08-07,R Premadasa Stadium,2,32.1,Sri Lanka,Pakistan,WU Tharanga,AD Mathews,Iftikhar Anjum,4,0,,,,,,,,,
403373,2009,2009-08-07,R Premadasa Stadium,2,32.2,Sri Lanka,Pakistan,WU Tharanga,AD Mathews,Iftikhar Anjum,0,0,,,,,,caught,WU Tharanga,,
403373,2009,2009-08-07,R Premadasa Stadium,2,32.3,Sri Lanka,Pakistan,HMCM Bandara,AD Mathews,Iftikhar Anjum,0,0,,,,,,,,,
403373,2009,2009-08-07,R Premadasa Stadium,2,32.4,Sri Lanka,Pakistan,HMCM Bandara,AD Mathews,Iftikhar Anjum,0,0,,,,,,,,,
403373,2009,2009-08-07,R Premadasa Stadium,2,32.5,Sri Lanka,Pakistan,HMCM Bandara,AD Mathews,Iftikhar Anjum,0,0,,,,,,,,,
403373,2009,2009-08-07,R Premadasa Stadium,2,32.6,Sri Lanka,Pakistan,HMCM Bandara,AD Mathews,Iftikhar Anjum,0,1,,,,1,,,,,
403373,2009,2009-08-07,R Premadasa Stadium,2,33.1,Sri Lanka,Pakistan,HMCM Bandara,AD Mathews,Shahid Afridi,0,0,,,,,,caught,HMCM Bandara,,
403373,2009,2009-08-07,R Premadasa Stadium,2,33.2,Sri Lanka,Pakistan,T Thushara,AD Mathews,Shahid Afridi,0,0,,,,,,,,,
403373,2009,2009-08-07,R Premadasa Stadium,2,33.3,Sri Lanka,Pakistan,T Thushara,AD Mathews,Shahid Afridi,0,1,1,,,,,,,,
403373,2009,2009-08-07,R Premadasa Stadium,2,33.4,Sri Lanka,Pakistan,T Thushara,AD Mathews,Shahid Afridi,0,0,,,,,,,,,
403373,2009,2009-08-07,R Premadasa Stadium,2,33.5,Sri Lanka,Pakistan,T Thushara,AD Mathews,Shahid Afridi,0,0,,,,,,,,,
403373,2009,2009-08-07,R Premadasa Stadium,2,33.6,Sri Lanka,Pakistan,T Thushara,AD Mathews,Shahid Afridi,0,0,,,,,,,,,
403373,2009,2009-08-07,R Premadasa Stadium,2,33.7,Sri Lanka,Pakistan,T Thushara,AD Mathews,Shahid Afridi,0,0,,,,,,,,,
403373,2009,2009-08-07,R Premadasa Stadium,2,34.1,Sri Lanka,Pakistan,AD Mathews,T Thushara,Iftikhar Anjum,0,0,,,,,,,,,
403373,2009,2009-08-07,R Premadasa Stadium,2,34.2,Sri Lanka,Pakistan,AD Mathews,T Thushara,Iftikhar Anjum,0,0,,,,,,,,,
403373,2009,2009-08-07,R Premadasa Stadium,2,34.3,Sri Lanka,Pakistan,AD Mathews,T Thushara,Iftikhar Anjum,0,0,,,,,,,,,
403373,2009,2009-08-07,R Premadasa Stadium,2,34.4,Sri Lanka,Pakistan,AD Mathews,T Thushara,Iftikhar Anjum,2,0,,,,,,,,,
403373,2009,2009-08-07,R Premadasa Stadium,2,34.5,Sri Lanka,Pakistan,AD Mathews,T Thushara,Iftikhar Anjum,1,0,,,,,,,,,
403373,2009,2009-08-07,R Premadasa Stadium,2,34.6,Sri Lanka,Pakistan,T Thushara,AD Mathews,Iftikhar Anjum,0,0,,,,,,bowled,T Thushara,,
403373,2009,2009-08-07,R Premadasa Stadium,2,35.1,Sri Lanka,Pakistan,AD Mathews,SL Malinga,Shahid Afridi,4,0,,,,,,,,,
403373,2009,2009-08-07,R Premadasa Stadium,2,35.2,Sri Lanka,Pakistan,AD Mathews,SL Malinga,Shahid Afridi,0,0,,,,,,stumped,AD Mathews,,
403373,2009,2009-08-07,R Premadasa Stadium,2,35.3,Sri Lanka,Pakistan,BAW Mendis,SL Malinga,Shahid Afridi,0,0,,,,,,,,,
403373,2009,2009-08-07,R Premadasa Stadium,2,35.4,Sri Lanka,Pakistan,BAW Mendis,SL Malinga,Shahid Afridi,0,0,,,,,,,,,
403373,2009,2009-08-07,R Premadasa Stadium,2,35.5,Sri Lanka,Pakistan,BAW Mendis,SL Malinga,Shahid Afridi,0,0,,,,,,,,,
403373,2009,2009-08-07,R Premadasa Stadium,2,35.6,Sri Lanka,Pakistan,BAW Mendis,SL Malinga,Shahid Afridi,0,0,,,,,,,,,
403373,2009,2009-08-07,R Premadasa Stadium,2,36.1,Sri Lanka,Pakistan,SL Malinga,BAW Mendis,Iftikhar Anjum,0,0,,,,,,caught,SL Malinga,,
