match_id,season,start_date,venue,innings,ball,batting_team,bowling_team,striker,non_striker,bowler,runs_off_bat,extras,wides,noballs,byes,legbyes,penalty,wicket_type,player_dismissed,other_wicket_type,other_player_dismissed
403370,2009,2009-07-30,Rangiri Dambulla International Stadium,1,0.1,Sri Lanka,Pakistan,WU Tharanga,ST Jayasuriya,Mohammad Amir,1,0,,,,,,,,,
403370,2009,2009-07-30,Rangiri Dambulla International Stadium,1,0.2,Sri Lanka,Pakistan,ST Jayasuriya,WU Tharanga,Mohammad Amir,0,0,,,,,,,,,
403370,2009,2009-07-30,Rangiri Dambulla International Stadium,1,0.3,Sri Lanka,Pakistan,ST Jayasuriya,WU Tharanga,Mohammad Amir,1,0,,,,,,,,,
403370,2009,2009-07-30,Rangiri Dambulla International Stadium,1,0.4,Sri Lanka,Pakistan,WU Tharanga,ST Jayasuriya,Mohammad Amir,0,0,,,,,,,,,
403370,2009,2009-07-30,Rangiri Dambulla International Stadium,1,0.5,Sri Lanka,Pakistan,WU Tharanga,ST Jayasuriya,Mohammad Amir,0,0,,,,,,,,,
403370,2009,2009-07-30,Rangiri Dambulla International Stadium,1,0.6,Sri Lanka,Pakistan,WU Tharanga,ST Jayasuriya,Mohammad Amir,0,0,,,,,,,,,
403370,2009,2009-07-30,Rangiri Dambulla International Stadium,1,1.1,Sri Lanka,Pakistan,ST Jayasuriya,WU Tharanga,Abdul Razzaq,0,1,1,,,,,,,,
403370,2009,2009-07-30,Rangiri Dambulla International Stadium,1,1.2,Sri Lanka,Pakistan,ST Jayasuriya,WU Tharanga,Abdul Razzaq,0,0,,,,,,,,,
403370,2009,2009-07-30,Rangiri Dambulla International Stadium,1,1.3,Sri Lanka,Pakistan,ST Jayasuriya,WU Tharanga,Abdul Razzaq,2,0,,,,,,,,,
403370,2009,2009-07-30,Rangiri Dambulla International Stadium,1,1.4,Sri Lanka,Pakistan,ST Jayasuriya,WU Tharanga,Abdul Razzaq,1,0,,,,,,,,,
403370,2009,2009-07-30,Rangiri Dambulla International Stadium,1,1.5,Sri Lanka,Pakistan,WU Tharanga,ST Jayasuriya,Abdul Razzaq,0,0,,,,,,,,,
403370,2009,2009-07-30,Rangiri Dambulla International Stadium,1,1.6,Sri Lanka,Pakistan,WU Tharanga,ST Jayasuriya,Abdul Razzaq,0,0,,,,,,,,,
403370,2009,2009-07-30,Rangiri Dambulla International Stadium,1,1.7,Sri Lanka,Pakistan,WU Tharanga,ST Jayasuriya,Abdul Razzaq,0,0,,,,,,,,,
403370,2009,2009-07-30,Rangiri Dambulla International Stadium,1,2.1,Sri Lanka,Pakistan,ST Jayasuriya,WU Tharanga,Mohammad Amir,0,1,,,,1,,,,,
403370,2009,2009-07-30,Rangiri Dambulla International Stadium,1,2.2,Sri Lanka,Pakistan,WU Tharanga,ST Jayasuriya,Mohammad Amir,0,0,,,,,,,,,
403370,2009,2009-07-30,Rangiri Dambulla International Stadium,1,2.3,Sri Lanka,Pakistan,WU Tharanga,ST Jayasuriya,Mohammad Amir,0,0,,,,,,,,,
403370,2009,2009-07-30,Rangiri Dambulla International Stadium,1,2.4,Sri Lanka,Pakistan,WU Tharanga,ST Jayasuriya,Mohammad Amir,0,0,,,,,,,,,
403370,2009,2009-07-30,Rangiri Dambulla International Stadium,1,2.5,Sri Lanka,Pakistan,WU Tharanga,ST Jayasuriya,Mohammad Amir,0,0,,,,,,,,,
403370,2009,2009-07-30,Rangiri Dambulla International Stadium,1,2.6,Sri Lanka,Pakistan,WU Tharanga,ST Jayasuriya,Mohammad Amir,1,0,,,,,,,,,
403370,2009,2009-07-30,Rangiri Dambulla International Stadium,1,3.1,Sri Lanka,Pakistan,WU Tharanga,ST Jayasuriya,Abdul Razzaq,0,0,,,,,,,,,
403370,2009,2009-07-30,Rangiri Dambulla International Stadium,1,3.2,Sri Lanka,Pakistan,WU Tharanga,ST Jayasuriya,Abdul Razzaq,0,0,,,,,,,,,
403370,2009,2009-07-30,Rangiri Dambulla International Stadium,1,3.3,Sri Lanka,Pakistan,WU Tharanga,ST Jayasuriya,Abdul Razzaq,1,0,,,,,,,,,
403370,2009,2009-07-30,Rangiri Dambulla International Stadium,1,3.4,Sri Lanka,Pakistan,ST Jayasuriya,WU Tharanga,Abdul Razzaq,0,0,,,,,,,,,
403370,2009,2009-07-30,Rangiri Dambulla International Stadium,1,3.5,Sri Lanka,Pakistan,ST Jayasuriya,WU Tharanga,Abdul Razzaq,0,0,,,,,,,,,
403370,2009,2009-07-30,Rangiri Dambulla International Stadium,1,3.6,Sri Lanka,Pakistan,ST Jayasuriya,WU Tharanga,Abdul Razzaq,0,0,,,,,,,,,
403370,2009,2009-07-30,Rangiri Dambulla International Stadium,1,4.1,Sri Lanka,Pakistan,WU Tharanga,ST Jayasuriya,Mohammad Amir,0,1,1,,,,,,,,
403370,2009,2009-07-30,Rangiri Dambulla International Stadium,1,4.2,Sri Lanka,Pakistan,WU Tharanga,ST Jayasuriya,Mohammad Amir,0,0,,,,,,,,,
403370,2009,2009-07-30,Rangiri Dambulla International Stadium,1,4.3,Sri Lanka,Pakistan,WU Tharanga,ST Jayasuriya,Mohammad Amir,0,0,,,,,,,,,
403370,2009,2009-07-30,Rangiri Dambulla International Stadium,1,4.4,Sri Lanka,Pakistan,WU Tharanga,ST Jayasuriya,Mohammad Amir,0,0,,,,,,,,,
403370,2009,2009-07-30,Rangiri Dambulla International Stadium,1,4.5,Sri Lanka,Pakistan,WU Tharanga,ST Jayasuriya,Mohammad Amir,0,0,,,,,,,,,
403370,2009,2009-07-30,Rangiri Dambulla International Stadium,1,4.6,Sri Lanka,Pakistan,WU Tharanga,ST Jayasuriya,Mohammad Amir,1,0,,,,,,,,,
403370,2009,2009-07-30,Rangiri Dambulla International Stadium,1,4.7,Sri Lanka,Pakistan,ST Jayasuriya,WU Tharanga,Mohammad Amir,4,0,,,,,,,,,
403370,2009,2009-07-30,Rangiri Dambulla International Stadium,1,5.1,Sri Lanka,Pakistan,WU Tharanga,ST Jayasuriya,Abdul Razzaq,4,0,,,,,,,,,
403370,2009,2009-07-30,Rangiri Dambulla International Stadium,1,5.2,Sri Lanka,Pakistan,WU Tharanga,ST Jayasuriya,Abdul Razzaq,0,0,,,,,,,,,
403370,2009,2009-07-30,Rangiri Dambulla International Stadium,1,5.3,Sri Lanka,Pakistan,WU Tharanga,ST Jayasuriya,Abdul Razzaq,0,0,,,,,,,,,
403370,2009,2009-07-30,Rangiri Dambulla International Stadium,1,5.4,Sri Lanka,Pakistan,WU Tharanga,ST Jayasuriya,Abdul Razzaq,1,0,,,,,,,,,
403370,2009,2009-07-30,Rangiri Dambulla International Stadium,1,5.5,Sri Lanka,Pakistan,ST Jayasuriya,WU Tharanga,Abdul Razzaq,0,0,,,,,,,,,
403370,2009,2009-07-30,Rangiri Dambulla International Stadium,1,5.6,Sri Lanka,Pakistan,ST Jayasuriya,WU Tharanga,Abdul Razzaq,0,0,,,,,,,,,
403370,2009,2009-07-30,Rangiri Dambulla International Stadium,1,6.1,Sri Lanka,Pakistan,WU Tharanga,ST Jayasuriya,Mohammad Amir,0,0,,,,,,,,,
403370,2009,2009-07-30,Rangiri Dambulla International Stadium,1,6.2,Sri Lanka,Pakistan,WU Tharanga,ST Jayasuriya,Mohammad Amir,1,0,,,,,,,,,
403370,2009,2009-07-30,Rangiri Dambulla International Stadium,1,6.3,Sri Lanka,Pakistan,ST Jayasuriya,WU Tharanga,Mohammad Amir,0,0,,,,,,,,,
403370,2009,2009-07-30,Rangiri Dambulla International Stadium,1,6.4,Sri Lanka,Pakistan,ST Jayasuriya,WU Tharanga,Mohammad Amir,1,0,,,,,,,,,
403370,2009,2009-07-30,Rangiri Dambulla International Stadium,1,6.5,Sri Lanka,Pakistan,WU Tharanga,ST Jayasuriya,Mohammad Amir,0,0,,,,,,,,,
403370,2009,2009-07-30,Rangiri Dambulla International Stadium,1,6.6,Sri Lanka,Pakistan,WU Tharanga,ST Jayasuriya,Mohammad Amir,0,0,,,,,,,,,
403370,2009,2009-07-30,Rangiri Dambulla International Stadium,1,7.1,Sri Lanka,Pakistan,ST Jayasuriya,WU Tharanga,Abdul Razzaq,1,0,,,,,,,,,
403370,2009,2009-07-30,Rangiri Dambulla International Stadium,1,7.2,Sri Lanka,Pakistan,WU Tharanga,ST Jayasuriya,Abdul Razzaq,0,1,,,1,,,,,,
403370,2009,2009-07-30,Rangiri Dambulla International Stadium,1,7.3,Sri Lanka,Pakistan,ST Jayasuriya,WU Tharanga,Abdul Razzaq,0,1,,,,1,,,,,
403370,2009,2009-07-30,Rangiri Dambulla International Stadium,1,7.4,Sri Lanka,Pakistan,WU Tharanga,ST Jayasuriya,Abdul Razzaq,1,0,,,,,,,,,
403370,2009,2009-07-30,Rangiri Dambulla International Stadium,1,7.5,Sri Lanka,Pakistan,ST Jayasuriya,WU Tharanga,Abdul Razzaq,1,0,,,,,,,,,
403370,2009,2009-07-30,Rangiri Dambulla International Stadium,1,7.6,Sri Lanka,Pakistan,WU Tharanga,ST Jayasuriya,Abdul Razzaq,0,0,,,,,,,,,
403370,2009,2009-07-30,Rangiri Dambulla International Stadium,1,8.1,Sri Lanka,Pakistan,ST Jayasuriya,WU Tharanga,Umar Gul,4,0,,,,,,,,,
403370,2009,2009-07-30,Rangiri Dambulla International Stadium,1,8.2,Sri Lanka,Pakistan,ST Jayasuriya,WU Tharanga,Umar Gul,0,0,,,,,,caught,ST Jayasuriya,,
403370,2009,2009-07-30,Rangiri Dambulla International Stadium,1,8.3,Sri Lanka,Pakistan,WU Tharanga,KC Sangakkara,Umar Gul,0,0,,,,,,,,,
403370,2009,2009-07-30,Rangiri Dambulla International Stadium,1,8.4,Sri Lanka,Pakistan,WU Tharanga,KC Sangakkara,Umar Gul,3,0,,,,,,,,,
403370,2009,2009-07-30,Rangiri Dambulla International Stadium,1,8.5,Sri Lanka,Pakistan,KC Sangakkara,WU Tharanga,Umar Gul,1,0,,,,,,,,,
403370,2009,2009-07-30,Rangiri Dambulla International Stadium,1,8.6,Sri Lanka,Pakistan,WU Tharanga,KC Sangakkara,Umar Gul,0,0,,,,,,,,,
403370,2009,2009-07-30,Rangiri Dambulla International Stadium,1,9.1,Sri Lanka,Pakistan,KC Sangakkara,WU Tharanga,Abdul Razzaq,1,0,,,,,,,,,
403370,2009,2009-07-30,Rangiri Dambulla International Stadium,1,9.2,Sri Lanka,Pakistan,WU Tharanga,KC Sangakkara,Abdul Razzaq,0,0,,,,,,,,,
403370,2009,2009-07-30,Rangiri Dambulla International Stadium,1,9.3,Sri Lanka,Pakistan,WU Tharanga,KC Sangakkara,Abdul Razzaq,0,0,,,,,,,,,
403370,2009,2009-07-30,Rangiri Dambulla International Stadium,1,9.4,Sri Lanka,Pakistan,WU Tharanga,KC Sangakkara,Abdul Razzaq,2,0,,,,,,,,,
403370,2009,2009-07-30,Rangiri Dambulla International Stadium,1,9.5,Sri Lanka,Pakistan,WU Tharanga,KC Sangakkara,Abdul Razzaq,0,0,,,,,,,,,
403370,2009,2009-07-30,Rangiri Dambulla International Stadium,1,9.6,Sri Lanka,Pakistan,WU Tharanga,KC Sangakkara,Abdul Razzaq,0,0,,,,,,,,,
403370,2009,2009-07-30,Rangiri Dambulla International Stadium,1,10.1,Sri Lanka,Pakistan,KC Sangakkara,WU Tharanga,Umar Gul,0,0,,,,,,,,,
403370,2009,2009-07-30,Rangiri Dambulla International Stadium,1,10.2,Sri Lanka,Pakistan,KC Sangakkara,WU Tharanga,Umar Gul,0,0,,,,,,,,,
403370,2009,2009-07-30,Rangiri Dambulla International Stadium,1,10.3,Sri Lanka,Pakistan,KC Sangakkara,WU Tharanga,Umar Gul,3,0,,,,,,,,,
403370,2009,2009-07-30,Rangiri Dambulla International Stadium,1,10.4,Sri Lanka,Pakistan,WU Tharanga,KC Sangakkara,Umar Gul,0,0,,,,,,,,,
403370,2009,2009-07-30,Rangiri Dambulla International Stadium,1,10.5,Sri Lanka,Pakistan,WU Tharanga,KC Sangakkara,Umar Gul,0,1,1,,,,,,,,
403370,2009,2009-07-30,Rangiri Dambulla International Stadium,1,10.6,Sri Lanka,Pakistan,WU Tharanga,KC Sangakkara,Umar Gul,1,0,,,,,,,,,
403370,2009,2009-07-30,Rangiri Dambulla International Stadium,1,10.7,Sri Lanka,Pakistan,KC Sangakkara,WU Tharanga,Umar Gul,1,0,,,,,,,,,
403370,2009,2009-07-30,Rangiri Dambulla International Stadium,1,11.1,Sri Lanka,Pakistan,KC Sangakkara,WU Tharanga,Abdul Razzaq,1,0,,,,,,,,,
403370,2009,2009-07-30,Rangiri Dambulla International Stadium,1,11.2,Sri Lanka,Pakistan,WU Tharanga,KC Sangakkara,Abdul Razzaq,0,0,,,,,,,,,
403370,2009,2009-07-30,Rangiri Dambulla International Stadium,1,11.3,Sri Lanka,Pakistan,WU Tharanga,KC Sangakkara,Abdul Razzaq,0,0,,,,,,,,,
403370,2009,2009-07-30,Rangiri Dambulla International Stadium,1,11.4,Sri Lanka,Pakistan,WU Tharanga,KC Sangakkara,Abdul Razzaq,0,0,,,,,,caught,WU Tharanga,,
403370,2009,2009-07-30,Rangiri Dambulla International Stadium,1,11.5,Sri Lanka,Pakistan,DPMD Jayawardene,KC Sangakkara,Abdul Razzaq,2,0,,,,,,,,,
403370,2009,2009-07-30,Rangiri Dambulla International Stadium,1,11.6,Sri Lanka,Pakistan,DPMD Jayawardene,KC Sangakkara,Abdul Razzaq,0,0,,,,,,,,,
403370,2009,2009-07-30,Rangiri Dambulla International Stadium,1,12.1,Sri Lanka,Pakistan,KC Sangakkara,DPMD Jayawardene,Umar Gul,2,0,,,,,,,,,
403370,2009,2009-07-30,Rangiri Dambulla International Stadium,1,12.2,Sri Lanka,Pakistan,KC Sangakkara,DPMD Jayawardene,Umar Gul,0,0,,,,,,,,,
403370,2009,2009-07-30,Rangiri Dambulla International Stadium,1,12.3,Sri Lanka,Pakistan,KC Sangakkara,DPMD Jayawardene,Umar Gul,0,0,,,,,,,,,
403370,2009,2009-07-30,Rangiri Dambulla International Stadium,1,12.4,Sri Lanka,Pakistan,KC Sangakkara,DPMD Jayawardene,Umar Gul,0,0,,,,,,,,,
403370,2009,2009-07-30,Rangiri Dambulla International Stadium,1,12.5,Sri Lanka,Pakistan,KC Sangakkara,DPMD Jayawardene,Umar Gul,0,0,,,,,,,,,
403370,2009,2009-07-30,Rangiri Dambulla International Stadium,1,12.6,Sri Lanka,Pakistan,KC Sangakkara,DPMD Jayawardene,Umar Gul,4,0,,,,,,,,,
403370,2009,2009-07-30,Rangiri Dambulla International Stadium,1,13.1,Sri Lanka,Pakistan,DPMD Jayawardene,KC Sangakkara,Mohammad Amir,1,0,,,,,,,,,
403370,2009,2009-07-30,Rangiri Dambulla International Stadium,1,13.2,Sri Lanka,Pakistan,KC Sangakkara,DPMD Jayawardene,Mohammad Amir,1,0,,,,,,,,,
403370,2009,2009-07-30,Rangiri Dambulla International Stadium,1,13.3,Sri Lanka,Pakistan,DPMD Jayawardene,KC Sangakkara,Mohammad Amir,1,0,,,,,,,,,
403370,2009,2009-07-30,Rangiri Dambulla International Stadium,1,13.4,Sri Lanka,Pakistan,KC Sangakkara,DPMD Jayawardene,Mohammad Amir,1,0,,,,,,,,,
403370,2009,2009-07-30,Rangiri Dambulla International Stadium,1,13.5,Sri Lanka,Pakistan,DPMD Jayawardene,KC Sangakkara,Mohammad Amir,0,0,,,,,,,,,
403370,2009,2009-07-30,Rangiri Dambulla International Stadium,1,13.6,Sri Lanka,Pakistan,DPMD Jayawardene,KC Sangakkara,Mohammad Amir,0,0,,,,,,,,,
403370,2009,2009-07-30,Rangiri Dambulla International Stadium,1,14.1,Sri Lanka,Pakistan,KC Sangakkara,DPMD Jayawardene,Umar Gul,0,0,,,,,,,,,
403370,2009,2009-07-30,Rangiri Dambulla International Stadium,1,14.2,Sri Lanka,Pakistan,KC Sangakkara,DPMD Jayawardene,Umar Gul,0,0,,,,,,,,,
403370,2009,2009-07-30,Rangiri Dambulla International Stadium,1,14.3,Sri Lanka,Pakistan,KC Sangakkara,DPMD Jayawardene,Umar Gul,0,0,,,,,,,,,
403370,2009,2009-07-30,Rangiri Dambulla International Stadium,1,14.4,Sri Lanka,Pakistan,KC Sangakkara,DPMD Jayawardene,Umar Gul,0,0,,,,,,,,,
403370,2009,2009-07-30,Rangiri Dambulla International Stadium,1,14.5,Sri Lanka,Pakistan,KC Sangakkara,DPMD Jayawardene,Umar Gul,4,0,,,,,,,,,
403370,2009,2009-07-30,Rangiri Dambulla International Stadium,1,14.6,Sri Lanka,Pakistan,KC Sangakkara,DPMD Jayawardene,Umar Gul,1,0,,,,,,,,,
403370,2009,2009-07-30,Rangiri Dambulla International Stadium,1,15.1,Sri Lanka,Pakistan,KC Sangakkara,DPMD Jayawardene,Mohammad Amir,0,0,,,,,,,,,
403370,2009,2009-07-30,Rangiri Dambulla International Stadium,1,15.2,Sri Lanka,Pakistan,KC Sangakkara,DPMD Jayawardene,Mohammad Amir,1,0,,,,,,,,,
403370,2009,2009-07-30,Rangiri Dambulla International Stadium,1,15.3,Sri Lanka,Pakistan,DPMD Jayawardene,KC Sangakkara,Mohammad Amir,1,0,,,,,,,,,
403370,2009,2009-07-30,Rangiri Dambulla International Stadium,1,15.4,Sri Lanka,Pakistan,KC Sangakkara,DPMD Jayawardene,Mohammad Amir,3,0,,,,,,,,,
403370,2009,2009-07-30,Rangiri Dambulla International Stadium,1,15.5,Sri Lanka,Pakistan,DPMD Jayawardene,KC Sangakkara,Mohammad Amir,0,0,,,,,,,,,
403370,2009,2009-07-30,Rangiri Dambulla International Stadium,1,15.6,Sri Lanka,Pakistan,DPMD Jayawardene,KC Sangakkara,Mohammad Amir,1,0,,,,,,,,,
403370,2009,2009-07-30,Rangiri Dambulla International Stadium,1,16.1,Sri Lanka,Pakistan,DPMD Jayawardene,KC Sangakkara,Umar Gul,1,0,,,,,,,,,
403370,2009,2009-07-30,Rangiri Dambulla International Stadium,1,16.2,Sri Lanka,Pakistan,KC Sangakkara,DPMD Jayawardene,Umar Gul,1,0,,,,,,,,,
403370,2009,2009-07-30,Rangiri Dambulla International Stadium,1,16.3,Sri Lanka,Pakistan,DPMD Jayawardene,KC Sangakkara,Umar Gul,1,0,,,,,,,,,
403370,2009,2009-07-30,Rangiri Dambulla International Stadium,1,16.4,Sri Lanka,Pakistan,KC Sangakkara,DPMD Jayawardene,Umar Gul,0,0,,,,,,,,,
403370,2009,2009-07-30,Rangiri Dambulla International Stadium,1,16.5,Sri Lanka,Pakistan,KC Sangakkara,DPMD Jayawardene,Umar Gul,0,0,,,,,,,,,
403370,2009,2009-07-30,Rangiri Dambulla International Stadium,1,16.6,Sri Lanka,Pakistan,KC Sangakkara,DPMD Jayawardene,Umar Gul,0,0,,,,,,,,,
403370,2009,2009-07-30,Rangiri Dambulla International Stadium,1,17.1,Sri Lanka,Pakistan,DPMD Jayawardene,KC Sangakkara,Saeed Ajmal,0,0,,,,,,,,,
403370,2009,2009-07-30,Rangiri Dambulla International Stadium,1,17.2,Sri Lanka,Pakistan,DPMD Jayawardene,KC Sangakkara,Saeed Ajmal,1,0,,,,,,,,,
403370,2009,2009-07-30,Rangiri Dambulla International Stadium,1,17.3,Sri Lanka,Pakistan,KC Sangakkara,DPMD Jayawardene,Saeed Ajmal,0,0,,,,,,,,,
403370,2009,2009-07-30,Rangiri Dambulla International Stadium,1,17.4,Sri Lanka,Pakistan,KC Sangakkara,DPMD Jayawardene,Saeed Ajmal,1,0,,,,,,,,,
403370,2009,2009-07-30,Rangiri Dambulla International Stadium,1,17.5,Sri Lanka,Pakistan,DPMD Jayawardene,KC Sangakkara,Saeed Ajmal,0,0,,,,,,,,,
403370,2009,2009-07-30,Rangiri Dambulla International Stadium,1,17.6,Sri Lanka,Pakistan,DPMD Jayawardene,KC Sangakkara,Saeed Ajmal,0,0,,,,,,,,,
403370,2009,2009-07-30,Rangiri Dambulla International Stadium,1,18.1,Sri Lanka,Pakistan,KC Sangakkara,DPMD Jayawardene,Younis Khan,0,0,,,,,,,,,
403370,2009,2009-07-30,Rangiri Dambulla International Stadium,1,18.2,Sri Lanka,Pakistan,KC Sangakkara,DPMD Jayawardene,Younis Khan,1,0,,,,,,,,,
403370,2009,2009-07-30,Rangiri Dambulla International Stadium,1,18.3,Sri Lanka,Pakistan,DPMD Jayawardene,KC Sangakkara,Younis Khan,0,0,,,,,,,,,
403370,2009,2009-07-30,Rangiri Dambulla International Stadium,1,18.4,Sri Lanka,Pakistan,DPMD Jayawardene,KC Sangakkara,Younis Khan,0,0,,,,,,,,,
403370,2009,2009-07-30,Rangiri Dambulla International Stadium,1,18.5,Sri Lanka,Pakistan,DPMD Jayawardene,KC Sangakkara,Younis Khan,0,1,,,,1,,,,,
403370,2009,2009-07-30,Rangiri Dambulla International Stadium,1,18.6,Sri Lanka,Pakistan,KC Sangakkara,DPMD Jayawardene,Younis Khan,1,0,,,,,,,,,
403370,2009,2009-07-30,Rangiri Dambulla International Stadium,1,19.1,Sri Lanka,Pakistan,KC Sangakkara,DPMD Jayawardene,Saeed Ajmal,1,0,,,,,,,,,
403370,2009,2009-07-30,Rangiri Dambulla International Stadium,1,19.2,Sri Lanka,Pakistan,DPMD Jayawardene,KC Sangakkara,Saeed Ajmal,1,0,,,,,,,,,
403370,2009,2009-07-30,Rangiri Dambulla International Stadium,1,19.3,Sri Lanka,Pakistan,KC Sangakkara,DPMD Jayawardene,Saeed Ajmal,1,0,,,,,,,,,
403370,2009,2009-07-30,Rangiri Dambulla International Stadium,1,19.4,Sri Lanka,Pakistan,DPMD Jayawardene,KC Sangakkara,Saeed Ajmal,1,0,,,,,,,,,
403370,2009,2009-07-30,Rangiri Dambulla International Stadium,1,19.5,Sri Lanka,Pakistan,KC Sangakkara,DPMD Jayawardene,Saeed Ajmal,1,0,,,,,,,,,
403370,2009,2009-07-30,Rangiri Dambulla International Stadium,1,19.6,Sri Lanka,Pakistan,DPMD Jayawardene,KC Sangakkara,Saeed Ajmal,0,0,,,,,,,,,
403370,2009,2009-07-30,Rangiri Dambulla International Stadium,1,20.1,Sri Lanka,Pakistan,KC Sangakkara,DPMD Jayawardene,Younis Khan,4,0,,,,,,,,,
403370,2009,2009-07-30,Rangiri Dambulla International Stadium,1,20.2,Sri Lanka,Pakistan,KC Sangakkara,DPMD Jayawardene,Younis Khan,1,0,,,,,,,,,
403370,2009,2009-07-30,Rangiri Dambulla International Stadium,1,20.3,Sri Lanka,Pakistan,DPMD Jayawardene,KC Sangakkara,Younis Khan,0,0,,,,,,,,,
403370,2009,2009-07-30,Rangiri Dambulla International Stadium,1,20.4,Sri Lanka,Pakistan,DPMD Jayawardene,KC Sangakkara,Younis Khan,4,0,,,,,,,,,
403370,2009,2009-07-30,Rangiri Dambulla International Stadium,1,20.5,Sri Lanka,Pakistan,DPMD Jayawardene,KC Sangakkara,Younis Khan,1,0,,,,,,,,,
403370,2009,2009-07-30,Rangiri Dambulla International Stadium,1,20.6,Sri Lanka,Pakistan,KC Sangakkara,DPMD Jayawardene,Younis Khan,0,1,1,,,,,,,,
403370,2009,2009-07-30,Rangiri Dambulla International Stadium,1,20.7,Sri Lanka,Pakistan,KC Sangakkara,DPMD Jayawardene,Younis Khan,0,0,,,,,,,,,
403370,2009,2009-07-30,Rangiri Dambulla International Stadium,1,21.1,Sri Lanka,Pakistan,DPMD Jayawardene,KC Sangakkara,Saeed Ajmal,1,0,,,,,,,,,
403370,2009,2009-07-30,Rangiri Dambulla International Stadium,1,21.2,Sri Lanka,Pakistan,KC Sangakkara,DPMD Jayawardene,Saeed Ajmal,0,0,,,,,,caught,KC Sangakkara,,
403370,2009,2009-07-30,Rangiri Dambulla International Stadium,1,21.3,Sri Lanka,Pakistan,CK Kapugedera,DPMD Jayawardene,Saeed Ajmal,0,0,,,,,,,,,
403370,2009,2009-07-30,Rangiri Dambulla International Stadium,1,21.4,Sri Lanka,Pakistan,CK Kapugedera,DPMD Jayawardene,Saeed Ajmal,1,0,,,,,,,,,
403370,2009,2009-07-30,Rangiri Dambulla International Stadium,1,21.5,Sri Lanka,Pakistan,DPMD Jayawardene,CK Kapugedera,Saeed Ajmal,0,0,,,,,,,,,
403370,2009,2009-07-30,Rangiri Dambulla International Stadium,1,21.6,Sri Lanka,Pakistan,DPMD Jayawardene,CK Kapugedera,Saeed Ajmal,0,0,,,,,,,,,
403370,2009,2009-07-30,Rangiri Dambulla International Stadium,1,22.1,Sri Lanka,Pakistan,CK Kapugedera,DPMD Jayawardene,Shahid Afridi,0,0,,,,,,,,,
403370,2009,2009-07-30,Rangiri Dambulla International Stadium,1,22.2,Sri Lanka,Pakistan,CK Kapugedera,DPMD Jayawardene,Shahid Afridi,1,0,,,,,,,,,
403370,2009,2009-07-30,Rangiri Dambulla International Stadium,1,22.3,Sri Lanka,Pakistan,DPMD Jayawardene,CK Kapugedera,Shahid Afridi,0,0,,,,,,,,,
403370,2009,2009-07-30,Rangiri Dambulla International Stadium,1,22.4,Sri Lanka,Pakistan,DPMD Jayawardene,CK Kapugedera,Shahid Afridi,0,0,,,,,,,,,
403370,2009,2009-07-30,Rangiri Dambulla International Stadium,1,22.5,Sri Lanka,Pakistan,DPMD Jayawardene,CK Kapugedera,Shahid Afridi,1,0,,,,,,,,,
403370,2009,2009-07-30,Rangiri Dambulla International Stadium,1,22.6,Sri Lanka,Pakistan,CK Kapugedera,DPMD Jayawardene,Shahid Afridi,1,0,,,,,,,,,
403370,2009,2009-07-30,Rangiri Dambulla International Stadium,1,23.1,Sri Lanka,Pakistan,CK Kapugedera,DPMD Jayawardene,Saeed Ajmal,0,0,,,,,,,,,
403370,2009,2009-07-30,Rangiri Dambulla International Stadium,1,23.2,Sri Lanka,Pakistan,CK Kapugedera,DPMD Jayawardene,Saeed Ajmal,1,0,,,,,,,,,
403370,2009,2009-07-30,Rangiri Dambulla International Stadium,1,23.3,Sri Lanka,Pakistan,DPMD Jayawardene,CK Kapugedera,Saeed Ajmal,2,0,,,,,,,,,
403370,2009,2009-07-30,Rangiri Dambulla International Stadium,1,23.4,Sri Lanka,Pakistan,DPMD Jayawardene,CK Kapugedera,Saeed Ajmal,1,0,,,,,,,,,
403370,2009,2009-07-30,Rangiri Dambulla International Stadium,1,23.5,Sri Lanka,Pakistan,CK Kapugedera,DPMD Jayawardene,Saeed Ajmal,0,0,,,,,,,,,
403370,2009,2009-07-30,Rangiri Dambulla International Stadium,1,23.6,Sri Lanka,Pakistan,CK Kapugedera,DPMD Jayawardene,Saeed Ajmal,1,0,,,,,,,,,
403370,2009,2009-07-30,Rangiri Dambulla International Stadium,1,24.1,Sri Lanka,Pakistan,CK Kapugedera,DPMD Jayawardene,Shahid Afridi,0,0,,,,,,,,,
403370,2009,2009-07-30,Rangiri Dambulla International Stadium,1,24.2,Sri Lanka,Pakistan,CK Kapugedera,DPMD Jayawardene,Shahid Afridi,0,0,,,,,,,,,
403370,2009,2009-07-30,Rangiri Dambulla International Stadium,1,24.3,Sri Lanka,Pakistan,CK Kapugedera,DPMD Jayawardene,Shahid Afridi,1,0,,,,,,,,,
403370,2009,2009-07-30,Rangiri Dambulla International Stadium,1,24.4,Sri Lanka,Pakistan,DPMD Jayawardene,CK Kapugedera,Shahid Afridi,1,0,,,,,,,,,
403370,2009,2009-07-30,Rangiri Dambulla International Stadium,1,24.5,Sri Lanka,Pakistan,CK Kapugedera,DPMD Jayawardene,Shahid Afridi,0,0,,,,,,,,,
403370,2009,2009-07-30,Rangiri Dambulla International Stadium,1,24.6,Sri Lanka,Pakistan,CK Kapugedera,DPMD Jayawardene,Shahid Afridi,1,0,,,,,,,,,
403370,2009,2009-07-30,Rangiri Dambulla International Stadium,1,25.1,Sri Lanka,Pakistan,CK Kapugedera,DPMD Jayawardene,Saeed Ajmal,0,0,,,,,,,,,
403370,2009,2009-07-30,Rangiri Dambulla International Stadium,1,25.2,Sri Lanka,Pakistan,CK Kapugedera,DPMD Jayawardene,Saeed Ajmal,0,0,,,,,,,,,
403370,2009,2009-07-30,Rangiri Dambulla International Stadium,1,25.3,Sri Lanka,Pakistan,CK Kapugedera,DPMD Jayawardene,Saeed Ajmal,1,0,,,,,,,,,
403370,2009,2009-07-30,Rangiri Dambulla International Stadium,1,25.4,Sri Lanka,Pakistan,DPMD Jayawardene,CK Kapugedera,Saeed Ajmal,0,0,,,,,,,,,
403370,2009,2009-07-30,Rangiri Dambulla International Stadium,1,25.5,Sri Lanka,Pakistan,DPMD Jayawardene,CK Kapugedera,Saeed Ajmal,0,0,,,,,,,,,
403370,2009,2009-07-30,Rangiri Dambulla International Stadium,1,25.6,Sri Lanka,Pakistan,DPMD Jayawardene,CK Kapugedera,Saeed Ajmal,0,0,,,,,,,,,
403370,2009,2009-07-30,Rangiri Dambulla International Stadium,1,26.1,Sri Lanka,Pakistan,CK Kapugedera,DPMD Jayawardene,Shahid Afridi,0,0,,,,,,caught,CK Kapugedera,,
403370,2009,2009-07-30,Rangiri Dambulla International Stadium,1,26.2,Sri Lanka,Pakistan,TT Samaraweera,DPMD Jayawardene,Shahid Afridi,0,0,,,,,,,,,
403370,2009,2009-07-30,Rangiri Dambulla International Stadium,1,26.3,Sri Lanka,Pakistan,TT Samaraweera,DPMD Jayawardene,Shahid Afridi,0,0,,,,,,,,,
403370,2009,2009-07-30,Rangiri Dambulla International Stadium,1,26.4,Sri Lanka,Pakistan,TT Samaraweera,DPMD Jayawardene,Shahid Afridi,0,0,,,,,,,,,
403370,2009,2009-07-30,Rangiri Dambulla International Stadium,1,26.5,Sri Lanka,Pakistan,TT Samaraweera,DPMD Jayawardene,Shahid Afridi,1,0,,,,,,,,,
403370,2009,2009-07-30,Rangiri Dambulla International Stadium,1,26.6,Sri Lanka,Pakistan,DPMD Jayawardene,TT Samaraweera,Shahid Afridi,1,0,,,,,,,,,
403370,2009,2009-07-30,Rangiri Dambulla International Stadium,1,27.1,Sri Lanka,Pakistan,DPMD Jayawardene,TT Samaraweera,Saeed Ajmal,1,0,,,,,,,,,
403370,2009,2009-07-30,Rangiri Dambulla International Stadium,1,27.2,Sri Lanka,Pakistan,TT Samaraweera,DPMD Jayawardene,Saeed Ajmal,1,0,,,,,,,,,
403370,2009,2009-07-30,Rangiri Dambulla International Stadium,1,27.3,Sri Lanka,Pakistan,DPMD Jayawardene,TT Samaraweera,Saeed Ajmal,1,0,,,,,,,,,
403370,2009,2009-07-30,Rangiri Dambulla International Stadium,1,27.4,Sri Lanka,Pakistan,TT Samaraweera,DPMD Jayawardene,Saeed Ajmal,1,0,,,,,,,,,
403370,2009,2009-07-30,Rangiri Dambulla International Stadium,1,27.5,Sri Lanka,Pakistan,DPMD Jayawardene,TT Samaraweera,Saeed Ajmal,1,0,,,,,,,,,
403370,2009,2009-07-30,Rangiri Dambulla International Stadium,1,27.6,Sri Lanka,Pakistan,TT Samaraweera,DPMD Jayawardene,Saeed Ajmal,1,0,,,,,,,,,
403370,2009,2009-07-30,Rangiri Dambulla International Stadium,1,28.1,Sri Lanka,Pakistan,TT Samaraweera,DPMD Jayawardene,Shahid Afridi,1,0,,,,,,,,,
403370,2009,2009-07-30,Rangiri Dambulla International Stadium,1,28.2,Sri Lanka,Pakistan,DPMD Jayawardene,TT Samaraweera,Shahid Afridi,1,0,,,,,,,,,
403370,2009,2009-07-30,Rangiri Dambulla International Stadium,1,28.3,Sri Lanka,Pakistan,TT Samaraweera,DPMD Jayawardene,Shahid Afridi,0,0,,,,,,,,,
403370,2009,2009-07-30,Rangiri Dambulla International Stadium,1,28.4,Sri Lanka,Pakistan,TT Samaraweera,DPMD Jayawardene,Shahid Afridi,0,0,,,,,,,,,
403370,2009,2009-07-30,Rangiri Dambulla International Stadium,1,28.5,Sri Lanka,Pakistan,TT Samaraweera,DPMD Jayawardene,Shahid Afridi,0,0,,,,,,,,,
403370,2009,2009-07-30,Rangiri Dambulla International Stadium,1,28.6,Sri Lanka,Pakistan,TT Samaraweera,DPMD Jayawardene,Shahid Afridi,4,0,,,,,,,,,
403370,2009,2009-07-30,Rangiri Dambulla International Stadium,1,29.1,Sri Lanka,Pakistan,DPMD Jayawardene,TT Samaraweera,Abdul Razzaq,1,0,,,,,,,,,
403370,2009,2009-07-30,Rangiri Dambulla International Stadium,1,29.2,Sri Lanka,Pakistan,TT Samaraweera,DPMD Jayawardene,Abdul Razzaq,0,0,,,,,,,,,
403370,2009,2009-07-30,Rangiri Dambulla International Stadium,1,29.3,Sri Lanka,Pakistan,TT Samaraweera,DPMD Jayawardene,Abdul Razzaq,0,0,,,,,,,,,
403370,2009,2009-07-30,Rangiri Dambulla International Stadium,1,29.4,Sri Lanka,Pakistan,TT Samaraweera,DPMD Jayawardene,Abdul Razzaq,0,0,,,,,,,,,
403370,2009,2009-07-30,Rangiri Dambulla International Stadium,1,29.5,Sri Lanka,Pakistan,TT Samaraweera,DPMD Jayawardene,Abdul Razzaq,0,0,,,,,,,,,
403370,2009,2009-07-30,Rangiri Dambulla International Stadium,1,29.6,Sri Lanka,Pakistan,TT Samaraweera,DPMD Jayawardene,Abdul Razzaq,0,0,,,,,,,,,
403370,2009,2009-07-30,Rangiri Dambulla International Stadium,1,30.1,Sri Lanka,Pakistan,DPMD Jayawardene,TT Samaraweera,Shahid Afridi,1,0,,,,,,,,,
403370,2009,2009-07-30,Rangiri Dambulla International Stadium,1,30.2,Sri Lanka,Pakistan,TT Samaraweera,DPMD Jayawardene,Shahid Afridi,1,0,,,,,,,,,
403370,2009,2009-07-30,Rangiri Dambulla International Stadium,1,30.3,Sri Lanka,Pakistan,DPMD Jayawardene,TT Samaraweera,Shahid Afridi,0,0,,,,,,,,,
403370,2009,2009-07-30,Rangiri Dambulla International Stadium,1,30.4,Sri Lanka,Pakistan,DPMD Jayawardene,TT Samaraweera,Shahid Afridi,0,0,,,,,,,,,
403370,2009,2009-07-30,Rangiri Dambulla International Stadium,1,30.5,Sri Lanka,Pakistan,DPMD Jayawardene,TT Samaraweera,Shahid Afridi,0,0,,,,,,,,,
403370,2009,2009-07-30,Rangiri Dambulla International Stadium,1,30.6,Sri Lanka,Pakistan,DPMD Jayawardene,TT Samaraweera,Shahid Afridi,1,0,,,,,,,,,
403370,2009,2009-07-30,Rangiri Dambulla International Stadium,1,31.1,Sri Lanka,Pakistan,DPMD Jayawardene,TT Samaraweera,Abdul Razzaq,0,0,,,,,,,,,
403370,2009,2009-07-30,Rangiri Dambulla International Stadium,1,31.2,Sri Lanka,Pakistan,DPMD Jayawardene,TT Samaraweera,Abdul Razzaq,0,0,,,,,,,,,
403370,2009,2009-07-30,Rangiri Dambulla International Stadium,1,31.3,Sri Lanka,Pakistan,DPMD Jayawardene,TT Samaraweera,Abdul Razzaq,1,0,,,,,,,,,
403370,2009,2009-07-30,Rangiri Dambulla International Stadium,1,31.4,Sri Lanka,Pakistan,TT Samaraweera,DPMD Jayawardene,Abdul Razzaq,0,0,,,,,,caught,TT Samaraweera,,
403370,2009,2009-07-30,Rangiri Dambulla International Stadium,1,31.5,Sri Lanka,Pakistan,AD Mathews,DPMD Jayawardene,Abdul Razzaq,0,0,,,,,,,,,
403370,2009,2009-07-30,Rangiri Dambulla International Stadium,1,31.6,Sri Lanka,Pakistan,AD Mathews,DPMD Jayawardene,Abdul Razzaq,2,0,,,,,,,,,
403370,2009,2009-07-30,Rangiri Dambulla International Stadium,1,32.1,Sri Lanka,Pakistan,DPMD Jayawardene,AD Mathews,Shahid Afridi,0,0,,,,,,,,,
403370,2009,2009-07-30,Rangiri Dambulla International Stadium,1,32.2,Sri Lanka,Pakistan,DPMD Jayawardene,AD Mathews,Shahid Afridi,0,0,,,,,,,,,
403370,2009,2009-07-30,Rangiri Dambulla International Stadium,1,32.3,Sri Lanka,Pakistan,DPMD Jayawardene,AD Mathews,Shahid Afridi,0,0,,,,,,,,,
403370,2009,2009-07-30,Rangiri Dambulla International Stadium,1,32.4,Sri Lanka,Pakistan,DPMD Jayawardene,AD Mathews,Shahid Afridi,1,0,,,,,,,,,
403370,2009,2009-07-30,Rangiri Dambulla International Stadium,1,32.5,Sri Lanka,Pakistan,AD Mathews,DPMD Jayawardene,Shahid Afridi,1,0,,,,,,,,,
403370,2009,2009-07-30,Rangiri Dambulla International Stadium,1,32.6,Sri Lanka,Pakistan,DPMD Jayawardene,AD Mathews,Shahid Afridi,0,0,,,,,,,,,
403370,2009,2009-07-30,Rangiri Dambulla International Stadium,1,33.1,Sri Lanka,Pakistan,AD Mathews,DPMD Jayawardene,Abdul Razzaq,1,0,,,,,,,,,
403370,2009,2009-07-30,Rangiri Dambulla International Stadium,1,33.2,Sri Lanka,Pakistan,DPMD Jayawardene,AD Mathews,Abdul Razzaq,1,0,,,,,,run out,DPMD Jayawardene,,
403370,2009,2009-07-30,Rangiri Dambulla International Stadium,1,33.3,Sri Lanka,Pakistan,KMDN Kulasekara,AD Mathews,Abdul Razzaq,0,0,,,,,,,,,
403370,2009,2009-07-30,Rangiri Dambulla International Stadium,1,33.4,Sri Lanka,Pakistan,KMDN Kulasekara,AD Mathews,Abdul Razzaq,1,0,,,,,,,,,
403370,2009,2009-07-30,Rangiri Dambulla International Stadium,1,33.5,Sri Lanka,Pakistan,AD Mathews,KMDN Kulasekara,Abdul Razzaq,1,0,,,,,,,,,
403370,2009,2009-07-30,Rangiri Dambulla International Stadium,1,33.6,Sri Lanka,Pakistan,KMDN Kulasekara,AD Mathews,Abdul Razzaq,0,0,,,,,,,,,
403370,2009,2009-07-30,Rangiri Dambulla International Stadium,1,34.1,Sri Lanka,Pakistan,AD Mathews,KMDN Kulasekara,Shahid Afridi,0,0,,,,,,,,,
403370,2009,2009-07-30,Rangiri Dambulla International Stadium,1,34.2,Sri Lanka,Pakistan,AD Mathews,KMDN Kulasekara,Shahid Afridi,0,0,,,,,,,,,
403370,2009,2009-07-30,Rangiri Dambulla International Stadium,1,34.3,Sri Lanka,Pakistan,AD Mathews,KMDN Kulasekara,Shahid Afridi,0,0,,,,,,,,,
403370,2009,2009-07-30,Rangiri Dambulla International Stadium,1,34.4,Sri Lanka,Pakistan,AD Mathews,KMDN Kulasekara,Shahid Afridi,0,0,,,,,,,,,
403370,2009,2009-07-30,Rangiri Dambulla International Stadium,1,34.5,Sri Lanka,Pakistan,AD Mathews,KMDN Kulasekara,Shahid Afridi,0,0,,,,,,,,,
403370,2009,2009-07-30,Rangiri Dambulla International Stadium,1,34.6,Sri Lanka,Pakistan,AD Mathews,KMDN Kulasekara,Shahid Afridi,0,0,,,,,,,,,
403370,2009,2009-07-30,Rangiri Dambulla International Stadium,1,35.1,Sri Lanka,Pakistan,KMDN Kulasekara,AD Mathews,Abdul Razzaq,0,0,,,,,,,,,
403370,2009,2009-07-30,Rangiri Dambulla International Stadium,1,35.2,Sri Lanka,Pakistan,KMDN Kulasekara,AD Mathews,Abdul Razzaq,1,0,,,,,,,,,
403370,2009,2009-07-30,Rangiri Dambulla International Stadium,1,35.3,Sri Lanka,Pakistan,AD Mathews,KMDN Kulasekara,Abdul Razzaq,2,0,,,,,,,,,
403370,2009,2009-07-30,Rangiri Dambulla International Stadium,1,35.4,Sri Lanka,Pakistan,AD Mathews,KMDN Kulasekara,Abdul Razzaq,1,0,,,,,,,,,
403370,2009,2009-07-30,Rangiri Dambulla International Stadium,1,35.5,Sri Lanka,Pakistan,KMDN Kulasekara,AD Mathews,Abdul Razzaq,1,0,,,,,,,,,
403370,2009,2009-07-30,Rangiri Dambulla International Stadium,1,35.6,Sri Lanka,Pakistan,AD Mathews,KMDN Kulasekara,Abdul Razzaq,1,0,,,,,,,,,
403370,2009,2009-07-30,Rangiri Dambulla International Stadium,1,36.1,Sri Lanka,Pakistan,AD Mathews,KMDN Kulasekara,Shahid Afridi,1,0,,,,,,,,,
403370,2009,2009-07-30,Rangiri Dambulla International Stadium,1,36.2,Sri Lanka,Pakistan,KMDN Kulasekara,AD Mathews,Shahid Afridi,2,0,,,,,,,,,
403370,2009,2009-07-30,Rangiri Dambulla International Stadium,1,36.3,Sri Lanka,Pakistan,KMDN Kulasekara,AD Mathews,Shahid Afridi,1,0,,,,,,,,,
403370,2009,2009-07-30,Rangiri Dambulla International Stadium,1,36.4,Sri Lanka,Pakistan,AD Mathews,KMDN Kulasekara,Shahid Afridi,0,0,,,,,,,,,
403370,2009,2009-07-30,Rangiri Dambulla International Stadium,1,36.5,Sri Lanka,Pakistan,AD Mathews,KMDN Kulasekara,Shahid Afridi,1,0,,,,,,,,,
403370,2009,2009-07-30,Rangiri Dambulla International Stadium,1,36.6,Sri Lanka,Pakistan,KMDN Kulasekara,AD Mathews,Shahid Afridi,0,0,,,,,,,,,
403370,2009,2009-07-30,Rangiri Dambulla International Stadium,1,37.1,Sri Lanka,Pakistan,AD Mathews,KMDN Kulasekara,Saeed Ajmal,4,0,,,,,,,,,
403370,2009,2009-07-30,Rangiri Dambulla International Stadium,1,37.2,Sri Lanka,Pakistan,AD Mathews,KMDN Kulasekara,Saeed Ajmal,0,0,,,,,,,,,
403370,2009,2009-07-30,Rangiri Dambulla International Stadium,1,37.3,Sri Lanka,Pakistan,AD Mathews,KMDN Kulasekara,Saeed Ajmal,0,0,,,,,,,,,
403370,2009,2009-07-30,Rangiri Dambulla International Stadium,1,37.4,Sri Lanka,Pakistan,AD Mathews,KMDN Kulasekara,Saeed Ajmal,1,0,,,,,,,,,
403370,2009,2009-07-30,Rangiri Dambulla International Stadium,1,37.5,Sri Lanka,Pakistan,KMDN Kulasekara,AD Mathews,Saeed Ajmal,0,0,,,,,,,,,
403370,2009,2009-07-30,Rangiri Dambulla International Stadium,1,37.6,Sri Lanka,Pakistan,KMDN Kulasekara,AD Mathews,Saeed Ajmal,1,0,,,,,,,,,
403370,2009,2009-07-30,Rangiri Dambulla International Stadium,1,38.1,Sri Lanka,Pakistan,KMDN Kulasekara,AD Mathews,Umar Gul,1,0,,,,,,,,,
403370,2009,2009-07-30,Rangiri Dambulla International Stadium,1,38.2,Sri Lanka,Pakistan,AD Mathews,KMDN Kulasekara,Umar Gul,1,0,,,,,,,,,
403370,2009,2009-07-30,Rangiri Dambulla International Stadium,1,38.3,Sri Lanka,Pakistan,KMDN Kulasekara,AD Mathews,Umar Gul,0,0,,,,,,,,,
403370,2009,2009-07-30,Rangiri Dambulla International Stadium,1,38.4,Sri Lanka,Pakistan,KMDN Kulasekara,AD Mathews,Umar Gul,0,0,,,,,,,,,
403370,2009,2009-07-30,Rangiri Dambulla International Stadium,1,38.5,Sri Lanka,Pakistan,KMDN Kulasekara,AD Mathews,Umar Gul,0,0,,,,,,,,,
403370,2009,2009-07-30,Rangiri Dambulla International Stadium,1,38.6,Sri Lanka,Pakistan,KMDN Kulasekara,AD Mathews,Umar Gul,0,0,,,,,,,,,
403370,2009,2009-07-30,Rangiri Dambulla International Stadium,1,39.1,Sri Lanka,Pakistan,AD Mathews,KMDN Kulasekara,Saeed Ajmal,1,0,,,,,,,,,
403370,2009,2009-07-30,Rangiri Dambulla International Stadium,1,39.2,Sri Lanka,Pakistan,KMDN Kulasekara,AD Mathews,Saeed Ajmal,0,0,,,,,,,,,
403370,2009,2009-07-30,Rangiri Dambulla International Stadium,1,39.3,Sri Lanka,Pakistan,KMDN Kulasekara,AD Mathews,Saeed Ajmal,0,0,,,,,,,,,
403370,2009,2009-07-30,Rangiri Dambulla International Stadium,1,39.4,Sri Lanka,Pakistan,KMDN Kulasekara,AD Mathews,Saeed Ajmal,0,0,,,,,,,,,
403370,2009,2009-07-30,Rangiri Dambulla International Stadium,1,39.5,Sri Lanka,Pakistan,KMDN Kulasekara,AD Mathews,Saeed Ajmal,0,0,,,,,,,,,
403370,2009,2009-07-30,Rangiri Dambulla International Stadium,1,39.6,Sri Lanka,Pakistan,KMDN Kulasekara,AD Mathews,Saeed Ajmal,0,0,,,,,,,,,
403370,2009,2009-07-30,Rangiri Dambulla International Stadium,1,40.1,Sri Lanka,Pakistan,AD Mathews,KMDN Kulasekara,Umar Gul,0,0,,,,,,,,,
403370,2009,2009-07-30,Rangiri Dambulla International Stadium,1,40.2,Sri Lanka,Pakistan,AD Mathews,KMDN Kulasekara,Umar Gul,0,0,,,,,,,,,
403370,2009,2009-07-30,Rangiri Dambulla International Stadium,1,40.3,Sri Lanka,Pakistan,AD Mathews,KMDN Kulasekara,Umar Gul,0,0,,,,,,,,,
403370,2009,2009-07-30,Rangiri Dambulla International Stadium,1,40.4,Sri Lanka,Pakistan,AD Mathews,KMDN Kulasekara,Umar Gul,0,0,,,,,,,,,
403370,2009,2009-07-30,Rangiri Dambulla International Stadium,1,40.5,Sri Lanka,Pakistan,AD Mathews,KMDN Kulasekara,Umar Gul,1,0,,,,,,,,,
403370,2009,2009-07-30,Rangiri Dambulla International Stadium,1,40.6,Sri Lanka,Pakistan,KMDN Kulasekara,AD Mathews,Umar Gul,0,0,,,,,,,,,
403370,2009,2009-07-30,Rangiri Dambulla International Stadium,1,41.1,Sri Lanka,Pakistan,AD Mathews,KMDN Kulasekara,Saeed Ajmal,0,0,,,,,,,,,
403370,2009,2009-07-30,Rangiri Dambulla International Stadium,1,41.2,Sri Lanka,Pakistan,AD Mathews,KMDN Kulasekara,Saeed Ajmal,1,0,,,,,,,,,
403370,2009,2009-07-30,Rangiri Dambulla International Stadium,1,41.3,Sri Lanka,Pakistan,KMDN Kulasekara,AD Mathews,Saeed Ajmal,2,0,,,,,,,,,
403370,2009,2009-07-30,Rangiri Dambulla International Stadium,1,41.4,Sri Lanka,Pakistan,KMDN Kulasekara,AD Mathews,Saeed Ajmal,0,0,,,,,,,,,
403370,2009,2009-07-30,Rangiri Dambulla International Stadium,1,41.5,Sri Lanka,Pakistan,KMDN Kulasekara,AD Mathews,Saeed Ajmal,0,0,,,,,,,,,
403370,2009,2009-07-30,Rangiri Dambulla International Stadium,1,41.6,Sri Lanka,Pakistan,KMDN Kulasekara,AD Mathews,Saeed Ajmal,0,0,,,,,,,,,
403370,2009,2009-07-30,Rangiri Dambulla International Stadium,1,42.1,Sri Lanka,Pakistan,AD Mathews,KMDN Kulasekara,Mohammad Amir,0,0,,,,,,,,,
403370,2009,2009-07-30,Rangiri Dambulla International Stadium,1,42.2,Sri Lanka,Pakistan,AD Mathews,KMDN Kulasekara,Mohammad Amir,0,0,,,,,,,,,
403370,2009,2009-07-30,Rangiri Dambulla International Stadium,1,42.3,Sri Lanka,Pakistan,AD Mathews,KMDN Kulasekara,Mohammad Amir,2,0,,,,,,,,,
403370,2009,2009-07-30,Rangiri Dambulla International Stadium,1,42.4,Sri Lanka,Pakistan,AD Mathews,KMDN Kulasekara,Mohammad Amir,1,0,,,,,,,,,
403370,2009,2009-07-30,Rangiri Dambulla International Stadium,1,42.5,Sri Lanka,Pakistan,KMDN Kulasekara,AD Mathews,Mohammad Amir,0,0,,,,,,,,,
403370,2009,2009-07-30,Rangiri Dambulla International Stadium,1,42.6,Sri Lanka,Pakistan,KMDN Kulasekara,AD Mathews,Mohammad Amir,0,0,,,,,,,,,
403370,2009,2009-07-30,Rangiri Dambulla International Stadium,1,43.1,Sri Lanka,Pakistan,AD Mathews,KMDN Kulasekara,Saeed Ajmal,2,0,,,,,,,,,
403370,2009,2009-07-30,Rangiri Dambulla International Stadium,1,43.2,Sri Lanka,Pakistan,AD Mathews,KMDN Kulasekara,Saeed Ajmal,1,0,,,,,,,,,
403370,2009,2009-07-30,Rangiri Dambulla International Stadium,1,43.3,Sri Lanka,Pakistan,KMDN Kulasekara,AD Mathews,Saeed Ajmal,1,0,,,,,,,,,
403370,2009,2009-07-30,Rangiri Dambulla International Stadium,1,43.4,Sri Lanka,Pakistan,AD Mathews,KMDN Kulasekara,Saeed Ajmal,1,0,,,,,,,,,
403370,2009,2009-07-30,Rangiri Dambulla International Stadium,1,43.5,Sri Lanka,Pakistan,KMDN Kulasekara,AD Mathews,Saeed Ajmal,4,0,,,,,,,,,
403370,2009,2009-07-30,Rangiri Dambulla International Stadium,1,43.6,Sri Lanka,Pakistan,KMDN Kulasekara,AD Mathews,Saeed Ajmal,0,0,,,,,,,,,
403370,2009,2009-07-30,Rangiri Dambulla International Stadium,1,44.1,Sri Lanka,Pakistan,AD Mathews,KMDN Kulasekara,Mohammad Amir,1,1,,1,,,,,,,
403370,2009,2009-07-30,Rangiri Dambulla International Stadium,1,44.2,Sri Lanka,Pakistan,KMDN Kulasekara,AD Mathews,Mohammad Amir,1,0,,,,,,,,,
403370,2009,2009-07-30,Rangiri Dambulla International Stadium,1,44.3,Sri Lanka,Pakistan,AD Mathews,KMDN Kulasekara,Mohammad Amir,1,0,,,,,,,,,
403370,2009,2009-07-30,Rangiri Dambulla International Stadium,1,44.4,Sri Lanka,Pakistan,KMDN Kulasekara,AD Mathews,Mohammad Amir,0,0,,,,,,caught,KMDN Kulasekara,,
403370,2009,2009-07-30,Rangiri Dambulla International Stadium,1,44.5,Sri Lanka,Pakistan,AD Mathews,M Muralitharan,Mohammad Amir,0,1,,,,1,,,,,
403370,2009,2009-07-30,Rangiri Dambulla International Stadium,1,44.6,Sri Lanka,Pakistan,M Muralitharan,AD Mathews,Mohammad Amir,1,0,,,,,,,,,
403370,2009,2009-07-30,Rangiri Dambulla International Stadium,1,44.7,Sri Lanka,Pakistan,AD Mathews,M Muralitharan,Mohammad Amir,1,0,,,,,,,,,
403370,2009,2009-07-30,Rangiri Dambulla International Stadium,1,45.1,Sri Lanka,Pakistan,AD Mathews,M Muralitharan,Umar Gul,0,0,,,,,,,,,
403370,2009,2009-07-30,Rangiri Dambulla International Stadium,1,45.2,Sri Lanka,Pakistan,AD Mathews,M Muralitharan,Umar Gul,0,0,,,,,,,,,
403370,2009,2009-07-30,Rangiri Dambulla International Stadium,1,45.3,Sri Lanka,Pakistan,AD Mathews,M Muralitharan,Umar Gul,1,0,,,,,,,,,
403370,2009,2009-07-30,Rangiri Dambulla International Stadium,1,45.4,Sri Lanka,Pakistan,M Muralitharan,AD Mathews,Umar Gul,4,0,,,,,,,,,
403370,2009,2009-07-30,Rangiri Dambulla International Stadium,1,45.5,Sri Lanka,Pakistan,M Muralitharan,AD Mathews,Umar Gul,6,0,,,,,,,,,
403370,2009,2009-07-30,Rangiri Dambulla International Stadium,1,45.6,Sri Lanka,Pakistan,M Muralitharan,AD Mathews,Umar Gul,4,0,,,,,,,,,
403370,2009,2009-07-30,Rangiri Dambulla International Stadium,1,46.1,Sri Lanka,Pakistan,AD Mathews,M Muralitharan,Shahid Afridi,4,0,,,,,,,,,
403370,2009,2009-07-30,Rangiri Dambulla International Stadium,1,46.2,Sri Lanka,Pakistan,AD Mathews,M Muralitharan,Shahid Afridi,2,0,,,,,,,,,
403370,2009,2009-07-30,Rangiri Dambulla International Stadium,1,46.3,Sri Lanka,Pakistan,AD Mathews,M Muralitharan,Shahid Afridi,1,0,,,,,,,,,
403370,2009,2009-07-30,Rangiri Dambulla International Stadium,1,46.4,Sri Lanka,Pakistan,M Muralitharan,AD Mathews,Shahid Afridi,1,0,,,,,,,,,
403370,2009,2009-07-30,Rangiri Dambulla International Stadium,1,46.5,Sri Lanka,Pakistan,AD Mathews,M Muralitharan,Shahid Afridi,4,0,,,,,,,,,
403370,2009,2009-07-30,Rangiri Dambulla International Stadium,1,46.6,Sri Lanka,Pakistan,AD Mathews,M Muralitharan,Shahid Afridi,1,0,,,,,,,,,
403370,2009,2009-07-30,Rangiri Dambulla International Stadium,1,47.1,Sri Lanka,Pakistan,AD Mathews,M Muralitharan,Mohammad Amir,0,0,,,,,,caught and bowled,AD Mathews,,
403370,2009,2009-07-30,Rangiri Dambulla International Stadium,1,47.2,Sri Lanka,Pakistan,T Thushara,M Muralitharan,Mohammad Amir,1,0,,,,,,,,,
403370,2009,2009-07-30,Rangiri Dambulla International Stadium,1,47.3,Sri Lanka,Pakistan,M Muralitharan,T Thushara,Mohammad Amir,2,0,,,,,,,,,
403370,2009,2009-07-30,Rangiri Dambulla International Stadium,1,47.4,Sri Lanka,Pakistan,M Muralitharan,T Thushara,Mohammad Amir,0,0,,,,,,,,,
403370,2009,2009-07-30,Rangiri Dambulla International Stadium,1,47.5,Sri Lanka,Pakistan,M Muralitharan,T Thushara,Mohammad Amir,1,0,,,,,,,,,
403370,2009,2009-07-30,Rangiri Dambulla International Stadium,1,47.6,Sri Lanka,Pakistan,T Thushara,M Muralitharan,Mohammad Amir,2,0,,,,,,,,,
403370,2009,2009-07-30,Rangiri Dambulla International Stadium,1,48.1,Sri Lanka,Pakistan,M Muralitharan,T Thushara,Shahid Afridi,0,0,,,,,,,,,
403370,2009,2009-07-30,Rangiri Dambulla International Stadium,1,48.2,Sri Lanka,Pakistan,M Muralitharan,T Thushara,Shahid Afridi,4,0,,,,,,,,,
403370,2009,2009-07-30,Rangiri Dambulla International Stadium,1,48.3,Sri Lanka,Pakistan,M Muralitharan,T Thushara,Shahid Afridi,2,0,,,,,,,,,
403370,2009,2009-07-30,Rangiri Dambulla International Stadium,1,48.4,Sri Lanka,Pakistan,M Muralitharan,T Thushara,Shahid Afridi,4,0,,,,,,,,,
403370,2009,2009-07-30,Rangiri Dambulla International Stadium,1,48.5,Sri Lanka,Pakistan,M Muralitharan,T Thushara,Shahid Afridi,2,0,,,,,,,,,
403370,2009,2009-07-30,Rangiri Dambulla International Stadium,1,48.6,Sri Lanka,Pakistan,M Muralitharan,T Thushara,Shahid Afridi,1,0,,,,,,,,,
403370,2009,2009-07-30,Rangiri Dambulla International Stadium,1,49.1,Sri Lanka,Pakistan,M Muralitharan,T Thushara,Mohammad Amir,0,0,,,,,,bowled,M Muralitharan,,
403370,2009,2009-07-30,Rangiri Dambulla International Stadium,1,49.2,Sri Lanka,Pakistan,SL Malinga,T Thushara,Mohammad Amir,1,0,,,,,,,,,
403370,2009,2009-07-30,Rangiri Dambulla International Stadium,1,49.3,Sri Lanka,Pakistan,T Thushara,SL Malinga,Mohammad Amir,4,0,,,,,,,,,
403370,2009,2009-07-30,Rangiri Dambulla International Stadium,1,49.4,Sri Lanka,Pakistan,T Thushara,SL Malinga,Mohammad Amir,1,0,,,,,,,,,
403370,2009,2009-07-30,Rangiri Dambulla International Stadium,1,49.5,Sri Lanka,Pakistan,SL Malinga,T Thushara,Mohammad Amir,2,0,,,,,,,,,
403370,2009,2009-07-30,Rangiri Dambulla International Stadium,1,49.6,Sri Lanka,Pakistan,SL Malinga,T Thushara,Mohammad Amir,1,0,,,,,,,,,
403370,2009,2009-07-30,Rangiri Dambulla International Stadium,2,0.1,Pakistan,Sri Lanka,Kamran Akmal,Shoaib Malik,KMDN Kulasekara,0,0,,,,,,,,,
403370,2009,2009-07-30,Rangiri Dambulla International Stadium,2,0.2,Pakistan,Sri Lanka,Kamran Akmal,Shoaib Malik,KMDN Kulasekara,4,0,,,,,,,,,
403370,2009,2009-07-30,Rangiri Dambulla International Stadium,2,0.3,Pakistan,Sri Lanka,Kamran Akmal,Shoaib Malik,KMDN Kulasekara,0,0,,,,,,,,,
403370,2009,2009-07-30,Rangiri Dambulla International Stadium,2,0.4,Pakistan,Sri Lanka,Kamran Akmal,Shoaib Malik,KMDN Kulasekara,0,0,,,,,,,,,
403370,2009,2009-07-30,Rangiri Dambulla International Stadium,2,0.5,Pakistan,Sri Lanka,Kamran Akmal,Shoaib Malik,KMDN Kulasekara,1,0,,,,,,,,,
403370,2009,2009-07-30,Rangiri Dambulla International Stadium,2,0.6,Pakistan,Sri Lanka,Shoaib Malik,Kamran Akmal,KMDN Kulasekara,0,0,,,,,,,,,
403370,2009,2009-07-30,Rangiri Dambulla International Stadium,2,1.1,Pakistan,Sri Lanka,Kamran Akmal,Shoaib Malik,SL Malinga,0,0,,,,,,,,,
403370,2009,2009-07-30,Rangiri Dambulla International Stadium,2,1.2,Pakistan,Sri Lanka,Kamran Akmal,Shoaib Malik,SL Malinga,0,0,,,,,,,,,
403370,2009,2009-07-30,Rangiri Dambulla International Stadium,2,1.3,Pakistan,Sri Lanka,Kamran Akmal,Shoaib Malik,SL Malinga,0,0,,,,,,,,,
403370,2009,2009-07-30,Rangiri Dambulla International Stadium,2,1.4,Pakistan,Sri Lanka,Kamran Akmal,Shoaib Malik,SL Malinga,4,0,,,,,,,,,
403370,2009,2009-07-30,Rangiri Dambulla International Stadium,2,1.5,Pakistan,Sri Lanka,Kamran Akmal,Shoaib Malik,SL Malinga,0,0,,,,,,,,,
403370,2009,2009-07-30,Rangiri Dambulla International Stadium,2,1.6,Pakistan,Sri Lanka,Kamran Akmal,Shoaib Malik,SL Malinga,0,0,,,,,,,,,
403370,2009,2009-07-30,Rangiri Dambulla International Stadium,2,2.1,Pakistan,Sri Lanka,Shoaib Malik,Kamran Akmal,KMDN Kulasekara,0,0,,,,,,,,,
403370,2009,2009-07-30,Rangiri Dambulla International Stadium,2,2.2,Pakistan,Sri Lanka,Shoaib Malik,Kamran Akmal,KMDN Kulasekara,0,0,,,,,,,,,
403370,2009,2009-07-30,Rangiri Dambulla International Stadium,2,2.3,Pakistan,Sri Lanka,Shoaib Malik,Kamran Akmal,KMDN Kulasekara,4,0,,,,,,,,,
403370,2009,2009-07-30,Rangiri Dambulla International Stadium,2,2.4,Pakistan,Sri Lanka,Shoaib Malik,Kamran Akmal,KMDN Kulasekara,0,0,,,,,,,,,
403370,2009,2009-07-30,Rangiri Dambulla International Stadium,2,2.5,Pakistan,Sri Lanka,Shoaib Malik,Kamran Akmal,KMDN Kulasekara,0,0,,,,,,,,,
403370,2009,2009-07-30,Rangiri Dambulla International Stadium,2,2.6,Pakistan,Sri Lanka,Shoaib Malik,Kamran Akmal,KMDN Kulasekara,0,0,,,,,,,,,
403370,2009,2009-07-30,Rangiri Dambulla International Stadium,2,3.1,Pakistan,Sri Lanka,Kamran Akmal,Shoaib Malik,SL Malinga,0,0,,,,,,,,,
403370,2009,2009-07-30,Rangiri Dambulla International Stadium,2,3.2,Pakistan,Sri Lanka,Kamran Akmal,Shoaib Malik,SL Malinga,1,0,,,,,,,,,
403370,2009,2009-07-30,Rangiri Dambulla International Stadium,2,3.3,Pakistan,Sri Lanka,Shoaib Malik,Kamran Akmal,SL Malinga,0,0,,,,,,,,,
403370,2009,2009-07-30,Rangiri Dambulla International Stadium,2,3.4,Pakistan,Sri Lanka,Shoaib Malik,Kamran Akmal,SL Malinga,1,0,,,,,,,,,
403370,2009,2009-07-30,Rangiri Dambulla International Stadium,2,3.5,Pakistan,Sri Lanka,Kamran Akmal,Shoaib Malik,SL Malinga,0,0,,,,,,,,,
403370,2009,2009-07-30,Rangiri Dambulla International Stadium,2,3.6,Pakistan,Sri Lanka,Kamran Akmal,Shoaib Malik,SL Malinga,0,0,,,,,,,,,
403370,2009,2009-07-30,Rangiri Dambulla International Stadium,2,4.1,Pakistan,Sri Lanka,Shoaib Malik,Kamran Akmal,KMDN Kulasekara,1,0,,,,,,,,,
403370,2009,2009-07-30,Rangiri Dambulla International Stadium,2,4.2,Pakistan,Sri Lanka,Kamran Akmal,Shoaib Malik,KMDN Kulasekara,0,0,,,,,,,,,
403370,2009,2009-07-30,Rangiri Dambulla International Stadium,2,4.3,Pakistan,Sri Lanka,Kamran Akmal,Shoaib Malik,KMDN Kulasekara,4,0,,,,,,,,,
403370,2009,2009-07-30,Rangiri Dambulla International Stadium,2,4.4,Pakistan,Sri Lanka,Kamran Akmal,Shoaib Malik,KMDN Kulasekara,0,0,,,,,,,,,
403370,2009,2009-07-30,Rangiri Dambulla International Stadium,2,4.5,Pakistan,Sri Lanka,Kamran Akmal,Shoaib Malik,KMDN Kulasekara,4,0,,,,,,,,,
403370,2009,2009-07-30,Rangiri Dambulla International Stadium,2,4.6,Pakistan,Sri Lanka,Kamran Akmal,Shoaib Malik,KMDN Kulasekara,1,0,,,,,,,,,
403370,2009,2009-07-30,Rangiri Dambulla International Stadium,2,5.1,Pakistan,Sri Lanka,Kamran Akmal,Shoaib Malik,SL Malinga,0,0,,,,,,,,,
403370,2009,2009-07-30,Rangiri Dambulla International Stadium,2,5.2,Pakistan,Sri Lanka,Kamran Akmal,Shoaib Malik,SL Malinga,0,1,,,,1,,,,,
403370,2009,2009-07-30,Rangiri Dambulla International Stadium,2,5.3,Pakistan,Sri Lanka,Shoaib Malik,Kamran Akmal,SL Malinga,2,0,,,,,,,,,
403370,2009,2009-07-30,Rangiri Dambulla International Stadium,2,5.4,Pakistan,Sri Lanka,Shoaib Malik,Kamran Akmal,SL Malinga,0,0,,,,,,,,,
403370,2009,2009-07-30,Rangiri Dambulla International Stadium,2,5.5,Pakistan,Sri Lanka,Shoaib Malik,Kamran Akmal,SL Malinga,0,0,,,,,,,,,
403370,2009,2009-07-30,Rangiri Dambulla International Stadium,2,5.6,Pakistan,Sri Lanka,Shoaib Malik,Kamran Akmal,SL Malinga,1,0,,,,,,,,,
403370,2009,2009-07-30,Rangiri Dambulla International Stadium,2,6.1,Pakistan,Sri Lanka,Shoaib Malik,Kamran Akmal,KMDN Kulasekara,0,0,,,,,,,,,
403370,2009,2009-07-30,Rangiri Dambulla International Stadium,2,6.2,Pakistan,Sri Lanka,Shoaib Malik,Kamran Akmal,KMDN Kulasekara,0,0,,,,,,,,,
403370,2009,2009-07-30,Rangiri Dambulla International Stadium,2,6.3,Pakistan,Sri Lanka,Shoaib Malik,Kamran Akmal,KMDN Kulasekara,0,0,,,,,,,,,
403370,2009,2009-07-30,Rangiri Dambulla International Stadium,2,6.4,Pakistan,Sri Lanka,Shoaib Malik,Kamran Akmal,KMDN Kulasekara,0,0,,,,,,,,,
403370,2009,2009-07-30,Rangiri Dambulla International Stadium,2,6.5,Pakistan,Sri Lanka,Shoaib Malik,Kamran Akmal,KMDN Kulasekara,0,0,,,,,,bowled,Shoaib Malik,,
403370,2009,2009-07-30,Rangiri Dambulla International Stadium,2,6.6,Pakistan,Sri Lanka,Shahid Afridi,Kamran Akmal,KMDN Kulasekara,0,0,,,,,,,,,
403370,2009,2009-07-30,Rangiri Dambulla International Stadium,2,7.1,Pakistan,Sri Lanka,Kamran Akmal,Shahid Afridi,SL Malinga,1,0,,,,,,,,,
403370,2009,2009-07-30,Rangiri Dambulla International Stadium,2,7.2,Pakistan,Sri Lanka,Shahid Afridi,Kamran Akmal,SL Malinga,0,0,,,,,,,,,
403370,2009,2009-07-30,Rangiri Dambulla International Stadium,2,7.3,Pakistan,Sri Lanka,Shahid Afridi,Kamran Akmal,SL Malinga,0,0,,,,,,,,,
403370,2009,2009-07-30,Rangiri Dambulla International Stadium,2,7.4,Pakistan,Sri Lanka,Shahid Afridi,Kamran Akmal,SL Malinga,4,0,,,,,,,,,
403370,2009,2009-07-30,Rangiri Dambulla International Stadium,2,7.5,Pakistan,Sri Lanka,Shahid Afridi,Kamran Akmal,SL Malinga,0,0,,,,,,,,,
403370,2009,2009-07-30,Rangiri Dambulla International Stadium,2,7.6,Pakistan,Sri Lanka,Shahid Afridi,Kamran Akmal,SL Malinga,0,0,,,,,,,,,
403370,2009,2009-07-30,Rangiri Dambulla International Stadium,2,8.1,Pakistan,Sri Lanka,Kamran Akmal,Shahid Afridi,KMDN Kulasekara,0,1,,,,1,,,,,
403370,2009,2009-07-30,Rangiri Dambulla International Stadium,2,8.2,Pakistan,Sri Lanka,Shahid Afridi,Kamran Akmal,KMDN Kulasekara,0,0,,,,,,,,,
403370,2009,2009-07-30,Rangiri Dambulla International Stadium,2,8.3,Pakistan,Sri Lanka,Shahid Afridi,Kamran Akmal,KMDN Kulasekara,2,0,,,,,,,,,
403370,2009,2009-07-30,Rangiri Dambulla International Stadium,2,8.4,Pakistan,Sri Lanka,Shahid Afridi,Kamran Akmal,KMDN Kulasekara,2,0,,,,,,,,,
403370,2009,2009-07-30,Rangiri Dambulla International Stadium,2,8.5,Pakistan,Sri Lanka,Shahid Afridi,Kamran Akmal,KMDN Kulasekara,1,0,,,,,,,,,
403370,2009,2009-07-30,Rangiri Dambulla International Stadium,2,8.6,Pakistan,Sri Lanka,Kamran Akmal,Shahid Afridi,KMDN Kulasekara,0,1,,,,1,,,,,
403370,2009,2009-07-30,Rangiri Dambulla International Stadium,2,9.1,Pakistan,Sri Lanka,Kamran Akmal,Shahid Afridi,T Thushara,0,0,,,,,,bowled,Kamran Akmal,,
403370,2009,2009-07-30,Rangiri Dambulla International Stadium,2,9.2,Pakistan,Sri Lanka,Mohammad Yousuf,Shahid Afridi,T Thushara,0,0,,,,,,,,,
403370,2009,2009-07-30,Rangiri Dambulla International Stadium,2,9.3,Pakistan,Sri Lanka,Mohammad Yousuf,Shahid Afridi,T Thushara,0,0,,,,,,,,,
403370,2009,2009-07-30,Rangiri Dambulla International Stadium,2,9.4,Pakistan,Sri Lanka,Mohammad Yousuf,Shahid Afridi,T Thushara,0,0,,,,,,,,,
403370,2009,2009-07-30,Rangiri Dambulla International Stadium,2,9.5,Pakistan,Sri Lanka,Mohammad Yousuf,Shahid Afridi,T Thushara,0,0,,,,,,,,,
403370,2009,2009-07-30,Rangiri Dambulla International Stadium,2,9.6,Pakistan,Sri Lanka,Mohammad Yousuf,Shahid Afridi,T Thushara,4,0,,,,,,,,,
403370,2009,2009-07-30,Rangiri Dambulla International Stadium,2,10.1,Pakistan,Sri Lanka,Shahid Afridi,Mohammad Yousuf,KMDN Kulasekara,3,0,,,,,,,,,
403370,2009,2009-07-30,Rangiri Dambulla International Stadium,2,10.2,Pakistan,Sri Lanka,Mohammad Yousuf,Shahid Afridi,KMDN Kulasekara,0,0,,,,,,,,,
403370,2009,2009-07-30,Rangiri Dambulla International Stadium,2,10.3,Pakistan,Sri Lanka,Mohammad Yousuf,Shahid Afridi,KMDN Kulasekara,0,0,,,,,,,,,
403370,2009,2009-07-30,Rangiri Dambulla International Stadium,2,10.4,Pakistan,Sri Lanka,Mohammad Yousuf,Shahid Afridi,KMDN Kulasekara,0,0,,,,,,,,,
403370,2009,2009-07-30,Rangiri Dambulla International Stadium,2,10.5,Pakistan,Sri Lanka,Mohammad Yousuf,Shahid Afridi,KMDN Kulasekara,0,0,,,,,,,,,
403370,2009,2009-07-30,Rangiri Dambulla International Stadium,2,10.6,Pakistan,Sri Lanka,Mohammad Yousuf,Shahid Afridi,KMDN Kulasekara,0,0,,,,,,caught,Mohammad Yousuf,,
403370,2009,2009-07-30,Rangiri Dambulla International Stadium,2,11.1,Pakistan,Sri Lanka,Shahid Afridi,Younis Khan,T Thushara,2,0,,,,,,,,,
403370,2009,2009-07-30,Rangiri Dambulla International Stadium,2,11.2,Pakistan,Sri Lanka,Shahid Afridi,Younis Khan,T Thushara,0,0,,,,,,,,,
403370,2009,2009-07-30,Rangiri Dambulla International Stadium,2,11.3,Pakistan,Sri Lanka,Shahid Afridi,Younis Khan,T Thushara,0,0,,,,,,,,,
403370,2009,2009-07-30,Rangiri Dambulla International Stadium,2,11.4,Pakistan,Sri Lanka,Shahid Afridi,Younis Khan,T Thushara,1,0,,,,,,,,,
403370,2009,2009-07-30,Rangiri Dambulla International Stadium,2,11.5,Pakistan,Sri Lanka,Younis Khan,Shahid Afridi,T Thushara,0,0,,,,,,,,,
403370,2009,2009-07-30,Rangiri Dambulla International Stadium,2,11.6,Pakistan,Sri Lanka,Younis Khan,Shahid Afridi,T Thushara,0,0,,,,,,,,,
403370,2009,2009-07-30,Rangiri Dambulla International Stadium,2,12.1,Pakistan,Sri Lanka,Shahid Afridi,Younis Khan,KMDN Kulasekara,0,0,,,,,,,,,
403370,2009,2009-07-30,Rangiri Dambulla International Stadium,2,12.2,Pakistan,Sri Lanka,Shahid Afridi,Younis Khan,KMDN Kulasekara,1,0,,,,,,,,,
403370,2009,2009-07-30,Rangiri Dambulla International Stadium,2,12.3,Pakistan,Sri Lanka,Younis Khan,Shahid Afridi,KMDN Kulasekara,0,0,,,,,,,,,
403370,2009,2009-07-30,Rangiri Dambulla International Stadium,2,12.4,Pakistan,Sri Lanka,Younis Khan,Shahid Afridi,KMDN Kulasekara,1,0,,,,,,,,,
403370,2009,2009-07-30,Rangiri Dambulla International Stadium,2,12.5,Pakistan,Sri Lanka,Shahid Afridi,Younis Khan,KMDN Kulasekara,1,0,,,,,,,,,
403370,2009,2009-07-30,Rangiri Dambulla International Stadium,2,12.6,Pakistan,Sri Lanka,Younis Khan,Shahid Afridi,KMDN Kulasekara,0,0,,,,,,,,,
403370,2009,2009-07-30,Rangiri Dambulla International Stadium,2,13.1,Pakistan,Sri Lanka,Shahid Afridi,Younis Khan,T Thushara,0,0,,,,,,,,,
403370,2009,2009-07-30,Rangiri Dambulla International Stadium,2,13.2,Pakistan,Sri Lanka,Shahid Afridi,Younis Khan,T Thushara,1,0,,,,,,,,,
403370,2009,2009-07-30,Rangiri Dambulla International Stadium,2,13.3,Pakistan,Sri Lanka,Younis Khan,Shahid Afridi,T Thushara,0,0,,,,,,,,,
403370,2009,2009-07-30,Rangiri Dambulla International Stadium,2,13.4,Pakistan,Sri Lanka,Younis Khan,Shahid Afridi,T Thushara,2,0,,,,,,,,,
403370,2009,2009-07-30,Rangiri Dambulla International Stadium,2,13.5,Pakistan,Sri Lanka,Younis Khan,Shahid Afridi,T Thushara,0,0,,,,,,,,,
403370,2009,2009-07-30,Rangiri Dambulla International Stadium,2,13.6,Pakistan,Sri Lanka,Younis Khan,Shahid Afridi,T Thushara,4,0,,,,,,,,,
403370,2009,2009-07-30,Rangiri Dambulla International Stadium,2,14.1,Pakistan,Sri Lanka,Shahid Afridi,Younis Khan,SL Malinga,6,0,,,,,,,,,
403370,2009,2009-07-30,Rangiri Dambulla International Stadium,2,14.2,Pakistan,Sri Lanka,Shahid Afridi,Younis Khan,SL Malinga,0,0,,,,,,,,,
403370,2009,2009-07-30,Rangiri Dambulla International Stadium,2,14.3,Pakistan,Sri Lanka,Shahid Afridi,Younis Khan,SL Malinga,1,0,,,,,,,,,
403370,2009,2009-07-30,Rangiri Dambulla International Stadium,2,14.4,Pakistan,Sri Lanka,Younis Khan,Shahid Afridi,SL Malinga,0,0,,,,,,,,,
403370,2009,2009-07-30,Rangiri Dambulla International Stadium,2,14.5,Pakistan,Sri Lanka,Younis Khan,Shahid Afridi,SL Malinga,0,0,,,,,,,,,
403370,2009,2009-07-30,Rangiri Dambulla International Stadium,2,14.6,Pakistan,Sri Lanka,Younis Khan,Shahid Afridi,SL Malinga,0,0,,,,,,,,,
403370,2009,2009-07-30,Rangiri Dambulla International Stadium,2,15.1,Pakistan,Sri Lanka,Shahid Afridi,Younis Khan,M Muralitharan,1,0,,,,,,,,,
403370,2009,2009-07-30,Rangiri Dambulla International Stadium,2,15.2,Pakistan,Sri Lanka,Younis Khan,Shahid Afridi,M Muralitharan,1,0,,,,,,,,,
403370,2009,2009-07-30,Rangiri Dambulla International Stadium,2,15.3,Pakistan,Sri Lanka,Shahid Afridi,Younis Khan,M Muralitharan,0,0,,,,,,,,,
403370,2009,2009-07-30,Rangiri Dambulla International Stadium,2,15.4,Pakistan,Sri Lanka,Shahid Afridi,Younis Khan,M Muralitharan,0,0,,,,,,,,,
403370,2009,2009-07-30,Rangiri Dambulla International Stadium,2,15.5,Pakistan,Sri Lanka,Shahid Afridi,Younis Khan,M Muralitharan,1,0,,,,,,,,,
403370,2009,2009-07-30,Rangiri Dambulla International Stadium,2,15.6,Pakistan,Sri Lanka,Younis Khan,Shahid Afridi,M Muralitharan,1,0,,,,,,,,,
403370,2009,2009-07-30,Rangiri Dambulla International Stadium,2,16.1,Pakistan,Sri Lanka,Younis Khan,Shahid Afridi,T Thushara,0,0,,,,,,,,,
403370,2009,2009-07-30,Rangiri Dambulla International Stadium,2,16.2,Pakistan,Sri Lanka,Younis Khan,Shahid Afridi,T Thushara,1,0,,,,,,,,,
403370,2009,2009-07-30,Rangiri Dambulla International Stadium,2,16.3,Pakistan,Sri Lanka,Shahid Afridi,Younis Khan,T Thushara,0,0,,,,,,caught,Shahid Afridi,,
403370,2009,2009-07-30,Rangiri Dambulla International Stadium,2,16.4,Pakistan,Sri Lanka,Misbah-ul-Haq,Younis Khan,T Thushara,1,0,,,,,,,,,
403370,2009,2009-07-30,Rangiri Dambulla International Stadium,2,16.5,Pakistan,Sri Lanka,Younis Khan,Misbah-ul-Haq,T Thushara,1,0,,,,,,,,,
403370,2009,2009-07-30,Rangiri Dambulla International Stadium,2,16.6,Pakistan,Sri Lanka,Misbah-ul-Haq,Younis Khan,T Thushara,0,0,,,,,,,,,
403370,2009,2009-07-30,Rangiri Dambulla International Stadium,2,17.1,Pakistan,Sri Lanka,Younis Khan,Misbah-ul-Haq,M Muralitharan,0,0,,,,,,,,,
403370,2009,2009-07-30,Rangiri Dambulla International Stadium,2,17.2,Pakistan,Sri Lanka,Younis Khan,Misbah-ul-Haq,M Muralitharan,1,0,,,,,,,,,
403370,2009,2009-07-30,Rangiri Dambulla International Stadium,2,17.3,Pakistan,Sri Lanka,Misbah-ul-Haq,Younis Khan,M Muralitharan,0,0,,,,,,,,,
403370,2009,2009-07-30,Rangiri Dambulla International Stadium,2,17.4,Pakistan,Sri Lanka,Misbah-ul-Haq,Younis Khan,M Muralitharan,1,0,,,,,,,,,
403370,2009,2009-07-30,Rangiri Dambulla International Stadium,2,17.5,Pakistan,Sri Lanka,Younis Khan,Misbah-ul-Haq,M Muralitharan,0,0,,,,,,,,,
403370,2009,2009-07-30,Rangiri Dambulla International Stadium,2,17.6,Pakistan,Sri Lanka,Younis Khan,Misbah-ul-Haq,M Muralitharan,0,0,,,,,,,,,
403370,2009,2009-07-30,Rangiri Dambulla International Stadium,2,18.1,Pakistan,Sri Lanka,Misbah-ul-Haq,Younis Khan,T Thushara,1,0,,,,,,,,,
403370,2009,2009-07-30,Rangiri Dambulla International Stadium,2,18.2,Pakistan,Sri Lanka,Younis Khan,Misbah-ul-Haq,T Thushara,0,0,,,,,,,,,
403370,2009,2009-07-30,Rangiri Dambulla International Stadium,2,18.3,Pakistan,Sri Lanka,Younis Khan,Misbah-ul-Haq,T Thushara,0,0,,,,,,caught,Younis Khan,,
403370,2009,2009-07-30,Rangiri Dambulla International Stadium,2,18.4,Pakistan,Sri Lanka,Misbah-ul-Haq,Fawad Alam,T Thushara,0,0,,,,,,,,,
403370,2009,2009-07-30,Rangiri Dambulla International Stadium,2,18.5,Pakistan,Sri Lanka,Misbah-ul-Haq,Fawad Alam,T Thushara,0,0,,,,,,,,,
403370,2009,2009-07-30,Rangiri Dambulla International Stadium,2,18.6,Pakistan,Sri Lanka,Misbah-ul-Haq,Fawad Alam,T Thushara,0,0,,,,,,,,,
403370,2009,2009-07-30,Rangiri Dambulla International Stadium,2,19.1,Pakistan,Sri Lanka,Fawad Alam,Misbah-ul-Haq,M Muralitharan,0,0,,,,,,,,,
403370,2009,2009-07-30,Rangiri Dambulla International Stadium,2,19.2,Pakistan,Sri Lanka,Fawad Alam,Misbah-ul-Haq,M Muralitharan,0,0,,,,,,,,,
403370,2009,2009-07-30,Rangiri Dambulla International Stadium,2,19.3,Pakistan,Sri Lanka,Fawad Alam,Misbah-ul-Haq,M Muralitharan,0,0,,,,,,,,,
403370,2009,2009-07-30,Rangiri Dambulla International Stadium,2,19.4,Pakistan,Sri Lanka,Fawad Alam,Misbah-ul-Haq,M Muralitharan,0,0,,,,,,,,,
403370,2009,2009-07-30,Rangiri Dambulla International Stadium,2,19.5,Pakistan,Sri Lanka,Fawad Alam,Misbah-ul-Haq,M Muralitharan,0,0,,,,,,,,,
403370,2009,2009-07-30,Rangiri Dambulla International Stadium,2,19.6,Pakistan,Sri Lanka,Fawad Alam,Misbah-ul-Haq,M Muralitharan,1,0,,,,,,,,,
403370,2009,2009-07-30,Rangiri Dambulla International Stadium,2,20.1,Pakistan,Sri Lanka,Fawad Alam,Misbah-ul-Haq,T Thushara,0,0,,,,,,,,,
403370,2009,2009-07-30,Rangiri Dambulla International Stadium,2,20.2,Pakistan,Sri Lanka,Fawad Alam,Misbah-ul-Haq,T Thushara,0,0,,,,,,,,,
403370,2009,2009-07-30,Rangiri Dambulla International Stadium,2,20.3,Pakistan,Sri Lanka,Fawad Alam,Misbah-ul-Haq,T Thushara,1,0,,,,,,,,,
403370,2009,2009-07-30,Rangiri Dambulla International Stadium,2,20.4,Pakistan,Sri Lanka,Misbah-ul-Haq,Fawad Alam,T Thushara,1,0,,,,,,,,,
403370,2009,2009-07-30,Rangiri Dambulla International Stadium,2,20.5,Pakistan,Sri Lanka,Fawad Alam,Misbah-ul-Haq,T Thushara,0,0,,,,,,,,,
403370,2009,2009-07-30,Rangiri Dambulla International Stadium,2,20.6,Pakistan,Sri Lanka,Fawad Alam,Misbah-ul-Haq,T Thushara,0,0,,,,,,,,,
403370,2009,2009-07-30,Rangiri Dambulla International Stadium,2,21.1,Pakistan,Sri Lanka,Misbah-ul-Haq,Fawad Alam,M Muralitharan,0,0,,,,,,,,,
403370,2009,2009-07-30,Rangiri Dambulla International Stadium,2,21.2,Pakistan,Sri Lanka,Misbah-ul-Haq,Fawad Alam,M Muralitharan,0,0,,,,,,,,,
403370,2009,2009-07-30,Rangiri Dambulla International Stadium,2,21.3,Pakistan,Sri Lanka,Misbah-ul-Haq,Fawad Alam,M Muralitharan,0,0,,,,,,,,,
403370,2009,2009-07-30,Rangiri Dambulla International Stadium,2,21.4,Pakistan,Sri Lanka,Misbah-ul-Haq,Fawad Alam,M Muralitharan,1,0,,,,,,,,,
403370,2009,2009-07-30,Rangiri Dambulla International Stadium,2,21.5,Pakistan,Sri Lanka,Fawad Alam,Misbah-ul-Haq,M Muralitharan,0,0,,,,,,,,,
403370,2009,2009-07-30,Rangiri Dambulla International Stadium,2,21.6,Pakistan,Sri Lanka,Fawad Alam,Misbah-ul-Haq,M Muralitharan,1,0,,,,,,,,,
403370,2009,2009-07-30,Rangiri Dambulla International Stadium,2,22.1,Pakistan,Sri Lanka,Fawad Alam,Misbah-ul-Haq,T Thushara,0,0,,,,,,,,,
403370,2009,2009-07-30,Rangiri Dambulla International Stadium,2,22.2,Pakistan,Sri Lanka,Fawad Alam,Misbah-ul-Haq,T Thushara,0,0,,,,,,,,,
403370,2009,2009-07-30,Rangiri Dambulla International Stadium,2,22.3,Pakistan,Sri Lanka,Fawad Alam,Misbah-ul-Haq,T Thushara,1,0,,,,,,,,,
403370,2009,2009-07-30,Rangiri Dambulla International Stadium,2,22.4,Pakistan,Sri Lanka,Misbah-ul-Haq,Fawad Alam,T Thushara,0,0,,,,,,,,,
403370,2009,2009-07-30,Rangiri Dambulla International Stadium,2,22.5,Pakistan,Sri Lanka,Misbah-ul-Haq,Fawad Alam,T Thushara,0,0,,,,,,,,,
403370,2009,2009-07-30,Rangiri Dambulla International Stadium,2,22.6,Pakistan,Sri Lanka,Misbah-ul-Haq,Fawad Alam,T Thushara,0,0,,,,,,,,,
403370,2009,2009-07-30,Rangiri Dambulla International Stadium,2,23.1,Pakistan,Sri Lanka,Fawad Alam,Misbah-ul-Haq,M Muralitharan,1,0,,,,,,,,,
403370,2009,2009-07-30,Rangiri Dambulla International Stadium,2,23.2,Pakistan,Sri Lanka,Misbah-ul-Haq,Fawad Alam,M Muralitharan,1,0,,,,,,,,,
403370,2009,2009-07-30,Rangiri Dambulla International Stadium,2,23.3,Pakistan,Sri Lanka,Fawad Alam,Misbah-ul-Haq,M Muralitharan,1,0,,,,,,,,,
403370,2009,2009-07-30,Rangiri Dambulla International Stadium,2,23.4,Pakistan,Sri Lanka,Misbah-ul-Haq,Fawad Alam,M Muralitharan,1,0,,,,,,,,,
403370,2009,2009-07-30,Rangiri Dambulla International Stadium,2,23.5,Pakistan,Sri Lanka,Fawad Alam,Misbah-ul-Haq,M Muralitharan,0,0,,,,,,,,,
403370,2009,2009-07-30,Rangiri Dambulla International Stadium,2,23.6,Pakistan,Sri Lanka,Fawad Alam,Misbah-ul-Haq,M Muralitharan,1,0,,,,,,,,,
403370,2009,2009-07-30,Rangiri Dambulla International Stadium,2,24.1,Pakistan,Sri Lanka,Fawad Alam,Misbah-ul-Haq,AD Mathews,0,0,,,,,,,,,
403370,2009,2009-07-30,Rangiri Dambulla International Stadium,2,24.2,Pakistan,Sri Lanka,Fawad Alam,Misbah-ul-Haq,AD Mathews,2,0,,,,,,,,,
403370,2009,2009-07-30,Rangiri Dambulla International Stadium,2,24.3,Pakistan,Sri Lanka,Fawad Alam,Misbah-ul-Haq,AD Mathews,1,0,,,,,,,,,
403370,2009,2009-07-30,Rangiri Dambulla International Stadium,2,24.4,Pakistan,Sri Lanka,Misbah-ul-Haq,Fawad Alam,AD Mathews,0,0,,,,,,,,,
403370,2009,2009-07-30,Rangiri Dambulla International Stadium,2,24.5,Pakistan,Sri Lanka,Misbah-ul-Haq,Fawad Alam,AD Mathews,1,0,,,,,,,,,
403370,2009,2009-07-30,Rangiri Dambulla International Stadium,2,24.6,Pakistan,Sri Lanka,Fawad Alam,Misbah-ul-Haq,AD Mathews,0,0,,,,,,,,,
403370,2009,2009-07-30,Rangiri Dambulla International Stadium,2,25.1,Pakistan,Sri Lanka,Misbah-ul-Haq,Fawad Alam,M Muralitharan,0,0,,,,,,,,,
403370,2009,2009-07-30,Rangiri Dambulla International Stadium,2,25.2,Pakistan,Sri Lanka,Misbah-ul-Haq,Fawad Alam,M Muralitharan,1,0,,,,,,,,,
403370,2009,2009-07-30,Rangiri Dambulla International Stadium,2,25.3,Pakistan,Sri Lanka,Fawad Alam,Misbah-ul-Haq,M Muralitharan,0,0,,,,,,,,,
403370,2009,2009-07-30,Rangiri Dambulla International Stadium,2,25.4,Pakistan,Sri Lanka,Fawad Alam,Misbah-ul-Haq,M Muralitharan,1,0,,,,,,,,,
403370,2009,2009-07-30,Rangiri Dambulla International Stadium,2,25.5,Pakistan,Sri Lanka,Misbah-ul-Haq,Fawad Alam,M Muralitharan,0,0,,,,,,caught and bowled,Misbah-ul-Haq,,
403370,2009,2009-07-30,Rangiri Dambulla International Stadium,2,25.6,Pakistan,Sri Lanka,Abdul Razzaq,Fawad Alam,M Muralitharan,0,0,,,,,,,,,
403370,2009,2009-07-30,Rangiri Dambulla International Stadium,2,26.1,Pakistan,Sri Lanka,Fawad Alam,Abdul Razzaq,ST Jayasuriya,1,0,,,,,,,,,
403370,2009,2009-07-30,Rangiri Dambulla International Stadium,2,26.2,Pakistan,Sri Lanka,Abdul Razzaq,Fawad Alam,ST Jayasuriya,1,0,,,,,,,,,
403370,2009,2009-07-30,Rangiri Dambulla International Stadium,2,26.3,Pakistan,Sri Lanka,Fawad Alam,Abdul Razzaq,ST Jayasuriya,1,0,,,,,,,,,
403370,2009,2009-07-30,Rangiri Dambulla International Stadium,2,26.4,Pakistan,Sri Lanka,Abdul Razzaq,Fawad Alam,ST Jayasuriya,0,0,,,,,,,,,
403370,2009,2009-07-30,Rangiri Dambulla International Stadium,2,26.5,Pakistan,Sri Lanka,Abdul Razzaq,Fawad Alam,ST Jayasuriya,1,0,,,,,,,,,
403370,2009,2009-07-30,Rangiri Dambulla International Stadium,2,26.6,Pakistan,Sri Lanka,Fawad Alam,Abdul Razzaq,ST Jayasuriya,1,0,,,,,,,,,
403370,2009,2009-07-30,Rangiri Dambulla International Stadium,2,27.1,Pakistan,Sri Lanka,Fawad Alam,Abdul Razzaq,M Muralitharan,0,0,,,,,,,,,
403370,2009,2009-07-30,Rangiri Dambulla International Stadium,2,27.2,Pakistan,Sri Lanka,Fawad Alam,Abdul Razzaq,M Muralitharan,1,0,,,,,,,,,
403370,2009,2009-07-30,Rangiri Dambulla International Stadium,2,27.3,Pakistan,Sri Lanka,Abdul Razzaq,Fawad Alam,M Muralitharan,1,0,,,,,,,,,
403370,2009,2009-07-30,Rangiri Dambulla International Stadium,2,27.4,Pakistan,Sri Lanka,Fawad Alam,Abdul Razzaq,M Muralitharan,1,0,,,,,,,,,
403370,2009,2009-07-30,Rangiri Dambulla International Stadium,2,27.5,Pakistan,Sri Lanka,Abdul Razzaq,Fawad Alam,M Muralitharan,2,0,,,,,,,,,
403370,2009,2009-07-30,Rangiri Dambulla International Stadium,2,27.6,Pakistan,Sri Lanka,Abdul Razzaq,Fawad Alam,M Muralitharan,1,0,,,,,,,,,
403370,2009,2009-07-30,Rangiri Dambulla International Stadium,2,28.1,Pakistan,Sri Lanka,Abdul Razzaq,Fawad Alam,ST Jayasuriya,0,0,,,,,,,,,
403370,2009,2009-07-30,Rangiri Dambulla International Stadium,2,28.2,Pakistan,Sri Lanka,Abdul Razzaq,Fawad Alam,ST Jayasuriya,1,0,,,,,,,,,
403370,2009,2009-07-30,Rangiri Dambulla International Stadium,2,28.3,Pakistan,Sri Lanka,Fawad Alam,Abdul Razzaq,ST Jayasuriya,1,0,,,,,,,,,
403370,2009,2009-07-30,Rangiri Dambulla International Stadium,2,28.4,Pakistan,Sri Lanka,Abdul Razzaq,Fawad Alam,ST Jayasuriya,0,0,,,,,,,,,
403370,2009,2009-07-30,Rangiri Dambulla International Stadium,2,28.5,Pakistan,Sri Lanka,Abdul Razzaq,Fawad Alam,ST Jayasuriya,0,0,,,,,,,,,
403370,2009,2009-07-30,Rangiri Dambulla International Stadium,2,28.6,Pakistan,Sri Lanka,Abdul Razzaq,Fawad Alam,ST Jayasuriya,0,0,,,,,,,,,
403370,2009,2009-07-30,Rangiri Dambulla International Stadium,2,29.1,Pakistan,Sri Lanka,Fawad Alam,Abdul Razzaq,AD Mathews,0,0,,,,,,,,,
403370,2009,2009-07-30,Rangiri Dambulla International Stadium,2,29.2,Pakistan,Sri Lanka,Fawad Alam,Abdul Razzaq,AD Mathews,0,1,1,,,,,,,,
403370,2009,2009-07-30,Rangiri Dambulla International Stadium,2,29.3,Pakistan,Sri Lanka,Fawad Alam,Abdul Razzaq,AD Mathews,1,0,,,,,,,,,
403370,2009,2009-07-30,Rangiri Dambulla International Stadium,2,29.4,Pakistan,Sri Lanka,Abdul Razzaq,Fawad Alam,AD Mathews,1,0,,,,,,,,,
403370,2009,2009-07-30,Rangiri Dambulla International Stadium,2,29.5,Pakistan,Sri Lanka,Fawad Alam,Abdul Razzaq,AD Mathews,1,0,,,,,,,,,
403370,2009,2009-07-30,Rangiri Dambulla International Stadium,2,29.6,Pakistan,Sri Lanka,Abdul Razzaq,Fawad Alam,AD Mathews,0,0,,,,,,,,,
403370,2009,2009-07-30,Rangiri Dambulla International Stadium,2,29.7,Pakistan,Sri Lanka,Abdul Razzaq,Fawad Alam,AD Mathews,0,0,,,,,,,,,
403370,2009,2009-07-30,Rangiri Dambulla International Stadium,2,30.1,Pakistan,Sri Lanka,Fawad Alam,Abdul Razzaq,ST Jayasuriya,0,0,,,,,,,,,
403370,2009,2009-07-30,Rangiri Dambulla International Stadium,2,30.2,Pakistan,Sri Lanka,Fawad Alam,Abdul Razzaq,ST Jayasuriya,1,0,,,,,,,,,
403370,2009,2009-07-30,Rangiri Dambulla International Stadium,2,30.3,Pakistan,Sri Lanka,Abdul Razzaq,Fawad Alam,ST Jayasuriya,0,1,,,,1,,,,,
403370,2009,2009-07-30,Rangiri Dambulla International Stadium,2,30.4,Pakistan,Sri Lanka,Fawad Alam,Abdul Razzaq,ST Jayasuriya,0,0,,,,,,,,,
403370,2009,2009-07-30,Rangiri Dambulla International Stadium,2,30.5,Pakistan,Sri Lanka,Fawad Alam,Abdul Razzaq,ST Jayasuriya,0,0,,,,,,,,,
403370,2009,2009-07-30,Rangiri Dambulla International Stadium,2,30.6,Pakistan,Sri Lanka,Fawad Alam,Abdul Razzaq,ST Jayasuriya,0,0,,,,,,,,,
403370,2009,2009-07-30,Rangiri Dambulla International Stadium,2,31.1,Pakistan,Sri Lanka,Abdul Razzaq,Fawad Alam,AD Mathews,4,0,,,,,,,,,
403370,2009,2009-07-30,Rangiri Dambulla International Stadium,2,31.2,Pakistan,Sri Lanka,Abdul Razzaq,Fawad Alam,AD Mathews,0,0,,,,,,,,,
403370,2009,2009-07-30,Rangiri Dambulla International Stadium,2,31.3,Pakistan,Sri Lanka,Abdul Razzaq,Fawad Alam,AD Mathews,0,0,,,,,,,,,
403370,2009,2009-07-30,Rangiri Dambulla International Stadium,2,31.4,Pakistan,Sri Lanka,Abdul Razzaq,Fawad Alam,AD Mathews,0,0,,,,,,,,,
403370,2009,2009-07-30,Rangiri Dambulla International Stadium,2,31.5,Pakistan,Sri Lanka,Abdul Razzaq,Fawad Alam,AD Mathews,1,0,,,,,,,,,
403370,2009,2009-07-30,Rangiri Dambulla International Stadium,2,31.6,Pakistan,Sri Lanka,Fawad Alam,Abdul Razzaq,AD Mathews,0,0,,,,,,,,,
403370,2009,2009-07-30,Rangiri Dambulla International Stadium,2,32.1,Pakistan,Sri Lanka,Abdul Razzaq,Fawad Alam,ST Jayasuriya,0,0,,,,,,,,,
403370,2009,2009-07-30,Rangiri Dambulla International Stadium,2,32.2,Pakistan,Sri Lanka,Abdul Razzaq,Fawad Alam,ST Jayasuriya,0,0,,,,,,,,,
403370,2009,2009-07-30,Rangiri Dambulla International Stadium,2,32.3,Pakistan,Sri Lanka,Abdul Razzaq,Fawad Alam,ST Jayasuriya,1,0,,,,,,,,,
403370,2009,2009-07-30,Rangiri Dambulla International Stadium,2,32.4,Pakistan,Sri Lanka,Fawad Alam,Abdul Razzaq,ST Jayasuriya,0,0,,,,,,,,,
403370,2009,2009-07-30,Rangiri Dambulla International Stadium,2,32.5,Pakistan,Sri Lanka,Fawad Alam,Abdul Razzaq,ST Jayasuriya,0,0,,,,,,,,,
403370,2009,2009-07-30,Rangiri Dambulla International Stadium,2,32.6,Pakistan,Sri Lanka,Fawad Alam,Abdul Razzaq,ST Jayasuriya,0,0,,,,,,,,,
403370,2009,2009-07-30,Rangiri Dambulla International Stadium,2,33.1,Pakistan,Sri Lanka,Abdul Razzaq,Fawad Alam,AD Mathews,0,0,,,,,,,,,
403370,2009,2009-07-30,Rangiri Dambulla International Stadium,2,33.2,Pakistan,Sri Lanka,Abdul Razzaq,Fawad Alam,AD Mathews,1,0,,,,,,,,,
403370,2009,2009-07-30,Rangiri Dambulla International Stadium,2,33.3,Pakistan,Sri Lanka,Fawad Alam,Abdul Razzaq,AD Mathews,0,0,,,,,,,,,
403370,2009,2009-07-30,Rangiri Dambulla International Stadium,2,33.4,Pakistan,Sri Lanka,Fawad Alam,Abdul Razzaq,AD Mathews,0,0,,,,,,,,,
403370,2009,2009-07-30,Rangiri Dambulla International Stadium,2,33.5,Pakistan,Sri Lanka,Fawad Alam,Abdul Razzaq,AD Mathews,0,0,,,,,,,,,
403370,2009,2009-07-30,Rangiri Dambulla International Stadium,2,33.6,Pakistan,Sri Lanka,Fawad Alam,Abdul Razzaq,AD Mathews,0,0,,,,,,,,,
403370,2009,2009-07-30,Rangiri Dambulla International Stadium,2,34.1,Pakistan,Sri Lanka,Abdul Razzaq,Fawad Alam,ST Jayasuriya,1,0,,,,,,,,,
403370,2009,2009-07-30,Rangiri Dambulla International Stadium,2,34.2,Pakistan,Sri Lanka,Fawad Alam,Abdul Razzaq,ST Jayasuriya,1,0,,,,,,,,,
403370,2009,2009-07-30,Rangiri Dambulla International Stadium,2,34.3,Pakistan,Sri Lanka,Abdul Razzaq,Fawad Alam,ST Jayasuriya,0,0,,,,,,,,,
403370,2009,2009-07-30,Rangiri Dambulla International Stadium,2,34.4,Pakistan,Sri Lanka,Abdul Razzaq,Fawad Alam,ST Jayasuriya,0,0,,,,,,,,,
403370,2009,2009-07-30,Rangiri Dambulla International Stadium,2,34.5,Pakistan,Sri Lanka,Abdul Razzaq,Fawad Alam,ST Jayasuriya,0,0,,,,,,,,,
403370,2009,2009-07-30,Rangiri Dambulla International Stadium,2,34.6,Pakistan,Sri Lanka,Abdul Razzaq,Fawad Alam,ST Jayasuriya,0,0,,,,,,,,,
403370,2009,2009-07-30,Rangiri Dambulla International Stadium,2,35.1,Pakistan,Sri Lanka,Fawad Alam,Abdul Razzaq,AD Mathews,0,0,,,,,,,,,
403370,2009,2009-07-30,Rangiri Dambulla International Stadium,2,35.2,Pakistan,Sri Lanka,Fawad Alam,Abdul Razzaq,AD Mathews,0,0,,,,,,,,,
403370,2009,2009-07-30,Rangiri Dambulla International Stadium,2,35.3,Pakistan,Sri Lanka,Fawad Alam,Abdul Razzaq,AD Mathews,4,0,,,,,,,,,
403370,2009,2009-07-30,Rangiri Dambulla International Stadium,2,35.4,Pakistan,Sri Lanka,Fawad Alam,Abdul Razzaq,AD Mathews,4,0,,,,,,,,,
403370,2009,2009-07-30,Rangiri Dambulla International Stadium,2,35.5,Pakistan,Sri Lanka,Fawad Alam,Abdul Razzaq,AD Mathews,0,0,,,,,,,,,
403370,2009,2009-07-30,Rangiri Dambulla International Stadium,2,35.6,Pakistan,Sri Lanka,Fawad Alam,Abdul Razzaq,AD Mathews,0,0,,,,,,,,,
403370,2009,2009-07-30,Rangiri Dambulla International Stadium,2,36.1,Pakistan,Sri Lanka,Abdul Razzaq,Fawad Alam,ST Jayasuriya,0,0,,,,,,,,,
403370,2009,2009-07-30,Rangiri Dambulla International Stadium,2,36.2,Pakistan,Sri Lanka,Abdul Razzaq,Fawad Alam,ST Jayasuriya,1,0,,,,,,,,,
403370,2009,2009-07-30,Rangiri Dambulla International Stadium,2,36.3,Pakistan,Sri Lanka,Fawad Alam,Abdul Razzaq,ST Jayasuriya,2,0,,,,,,,,,
403370,2009,2009-07-30,Rangiri Dambulla International Stadium,2,36.4,Pakistan,Sri Lanka,Fawad Alam,Abdul Razzaq,ST Jayasuriya,0,0,,,,,,caught,Fawad Alam,,
403370,2009,2009-07-30,Rangiri Dambulla International Stadium,2,36.5,Pakistan,Sri Lanka,Umar Gul,Abdul Razzaq,ST Jayasuriya,0,0,,,,,,,,,
403370,2009,2009-07-30,Rangiri Dambulla International Stadium,2,36.6,Pakistan,Sri Lanka,Umar Gul,Abdul Razzaq,ST Jayasuriya,0,0,,,,,,,,,
403370,2009,2009-07-30,Rangiri Dambulla International Stadium,2,37.1,Pakistan,Sri Lanka,Abdul Razzaq,Umar Gul,M Muralitharan,0,0,,,,,,,,,
403370,2009,2009-07-30,Rangiri Dambulla International Stadium,2,37.2,Pakistan,Sri Lanka,Abdul Razzaq,Umar Gul,M Muralitharan,0,0,,,,,,lbw,Abdul Razzaq,,
403370,2009,2009-07-30,Rangiri Dambulla International Stadium,2,37.3,Pakistan,Sri Lanka,Mohammad Amir,Umar Gul,M Muralitharan,0,0,,,,,,,,,
403370,2009,2009-07-30,Rangiri Dambulla International Stadium,2,37.4,Pakistan,Sri Lanka,Mohammad Amir,Umar Gul,M Muralitharan,0,0,,,,,,,,,
403370,2009,2009-07-30,Rangiri Dambulla International Stadium,2,37.5,Pakistan,Sri Lanka,Mohammad Amir,Umar Gul,M Muralitharan,2,0,,,,,,,,,
403370,2009,2009-07-30,Rangiri Dambulla International Stadium,2,37.6,Pakistan,Sri Lanka,Mohammad Amir,Umar Gul,M Muralitharan,2,0,,,,,,,,,
403370,2009,2009-07-30,Rangiri Dambulla International Stadium,2,38.1,Pakistan,Sri Lanka,Umar Gul,Mohammad Amir,SL Malinga,1,0,,,,,,,,,
403370,2009,2009-07-30,Rangiri Dambulla International Stadium,2,38.2,Pakistan,Sri Lanka,Mohammad Amir,Umar Gul,SL Malinga,0,0,,,,,,,,,
403370,2009,2009-07-30,Rangiri Dambulla International Stadium,2,38.3,Pakistan,Sri Lanka,Mohammad Amir,Umar Gul,SL Malinga,0,0,,,,,,,,,
403370,2009,2009-07-30,Rangiri Dambulla International Stadium,2,38.4,Pakistan,Sri Lanka,Mohammad Amir,Umar Gul,SL Malinga,0,0,,,,,,,,,
403370,2009,2009-07-30,Rangiri Dambulla International Stadium,2,38.5,Pakistan,Sri Lanka,Mohammad Amir,Umar Gul,SL Malinga,0,0,,,,,,,,,
403370,2009,2009-07-30,Rangiri Dambulla International Stadium,2,38.6,Pakistan,Sri Lanka,Mohammad Amir,Umar Gul,SL Malinga,0,1,1,,,,,,,,
403370,2009,2009-07-30,Rangiri Dambulla International Stadium,2,38.7,Pakistan,Sri Lanka,Mohammad Amir,Umar Gul,SL Malinga,0,0,,,,,,,,,
403370,2009,2009-07-30,Rangiri Dambulla International Stadium,2,39.1,Pakistan,Sri Lanka,Umar Gul,Mohammad Amir,M Muralitharan,3,0,,,,,,,,,
403370,2009,2009-07-30,Rangiri Dambulla International Stadium,2,39.2,Pakistan,Sri Lanka,Mohammad Amir,Umar Gul,M Muralitharan,2,0,,,,,,,,,
403370,2009,2009-07-30,Rangiri Dambulla International Stadium,2,39.3,Pakistan,Sri Lanka,Mohammad Amir,Umar Gul,M Muralitharan,0,0,,,,,,,,,
403370,2009,2009-07-30,Rangiri Dambulla International Stadium,2,39.4,Pakistan,Sri Lanka,Mohammad Amir,Umar Gul,M Muralitharan,1,0,,,,,,,,,
403370,2009,2009-07-30,Rangiri Dambulla International Stadium,2,39.5,Pakistan,Sri Lanka,Umar Gul,Mohammad Amir,M Muralitharan,0,0,,,,,,,,,
403370,2009,2009-07-30,Rangiri Dambulla International Stadium,2,39.6,Pakistan,Sri Lanka,Umar Gul,Mohammad Amir,M Muralitharan,4,0,,,,,,,,,
403370,2009,2009-07-30,Rangiri Dambulla International Stadium,2,40.1,Pakistan,Sri Lanka,Mohammad Amir,Umar Gul,SL Malinga,1,0,,,,,,,,,
403370,2009,2009-07-30,Rangiri Dambulla International Stadium,2,40.2,Pakistan,Sri Lanka,Umar Gul,Mohammad Amir,SL Malinga,1,0,,,,,,,,,
403370,2009,2009-07-30,Rangiri Dambulla International Stadium,2,40.3,Pakistan,Sri Lanka,Mohammad Amir,Umar Gul,SL Malinga,1,0,,,,,,,,,
403370,2009,2009-07-30,Rangiri Dambulla International Stadium,2,40.4,Pakistan,Sri Lanka,Umar Gul,Mohammad Amir,SL Malinga,0,0,,,,,,,,,
403370,2009,2009-07-30,Rangiri Dambulla International Stadium,2,40.5,Pakistan,Sri Lanka,Umar Gul,Mohammad Amir,SL Malinga,0,0,,,,,,,,,
403370,2009,2009-07-30,Rangiri Dambulla International Stadium,2,40.6,Pakistan,Sri Lanka,Umar Gul,Mohammad Amir,SL Malinga,4,0,,,,,,,,,
403370,2009,2009-07-30,Rangiri Dambulla International Stadium,2,41.1,Pakistan,Sri Lanka,Mohammad Amir,Umar Gul,M Muralitharan,1,0,,,,,,,,,
403370,2009,2009-07-30,Rangiri Dambulla International Stadium,2,41.2,Pakistan,Sri Lanka,Umar Gul,Mohammad Amir,M Muralitharan,1,0,,,,,,,,,
403370,2009,2009-07-30,Rangiri Dambulla International Stadium,2,41.3,Pakistan,Sri Lanka,Mohammad Amir,Umar Gul,M Muralitharan,1,0,,,,,,,,,
403370,2009,2009-07-30,Rangiri Dambulla International Stadium,2,41.4,Pakistan,Sri Lanka,Umar Gul,Mohammad Amir,M Muralitharan,1,0,,,,,,,,,
403370,2009,2009-07-30,Rangiri Dambulla International Stadium,2,41.5,Pakistan,Sri Lanka,Mohammad Amir,Umar Gul,M Muralitharan,4,0,,,,,,,,,
403370,2009,2009-07-30,Rangiri Dambulla International Stadium,2,41.6,Pakistan,Sri Lanka,Mohammad Amir,Umar Gul,M Muralitharan,2,0,,,,,,,,,
403370,2009,2009-07-30,Rangiri Dambulla International Stadium,2,42.1,Pakistan,Sri Lanka,Umar Gul,Mohammad Amir,SL Malinga,4,0,,,,,,,,,
403370,2009,2009-07-30,Rangiri Dambulla International Stadium,2,42.2,Pakistan,Sri Lanka,Umar Gul,Mohammad Amir,SL Malinga,4,0,,,,,,,,,
403370,2009,2009-07-30,Rangiri Dambulla International Stadium,2,42.3,Pakistan,Sri Lanka,Umar Gul,Mohammad Amir,SL Malinga,0,0,,,,,,,,,
403370,2009,2009-07-30,Rangiri Dambulla International Stadium,2,42.4,Pakistan,Sri Lanka,Umar Gul,Mohammad Amir,SL Malinga,4,1,,1,,,,,,,
403370,2009,2009-07-30,Rangiri Dambulla International Stadium,2,42.5,Pakistan,Sri Lanka,Umar Gul,Mohammad Amir,SL Malinga,4,0,,,,,,,,,
403370,2009,2009-07-30,Rangiri Dambulla International Stadium,2,42.6,Pakistan,Sri Lanka,Umar Gul,Mohammad Amir,SL Malinga,0,1,1,,,,,,,,
403370,2009,2009-07-30,Rangiri Dambulla International Stadium,2,42.7,Pakistan,Sri Lanka,Umar Gul,Mohammad Amir,SL Malinga,0,1,,,,1,,,,,
403370,2009,2009-07-30,Rangiri Dambulla International Stadium,2,42.8,Pakistan,Sri Lanka,Mohammad Amir,Umar Gul,SL Malinga,1,0,,,,,,,,,
403370,2009,2009-07-30,Rangiri Dambulla International Stadium,2,43.1,Pakistan,Sri Lanka,Mohammad Amir,Umar Gul,T Thushara,1,0,,,,,,,,,
403370,2009,2009-07-30,Rangiri Dambulla International Stadium,2,43.2,Pakistan,Sri Lanka,Umar Gul,Mohammad Amir,T Thushara,1,0,,,,,,,,,
403370,2009,2009-07-30,Rangiri Dambulla International Stadium,2,43.3,Pakistan,Sri Lanka,Mohammad Amir,Umar Gul,T Thushara,0,0,,,,,,,,,
403370,2009,2009-07-30,Rangiri Dambulla International Stadium,2,43.4,Pakistan,Sri Lanka,Mohammad Amir,Umar Gul,T Thushara,4,0,,,,,,,,,
403370,2009,2009-07-30,Rangiri Dambulla International Stadium,2,43.5,Pakistan,Sri Lanka,Mohammad Amir,Umar Gul,T Thushara,0,0,,,,,,,,,
403370,2009,2009-07-30,Rangiri Dambulla International Stadium,2,43.6,Pakistan,Sri Lanka,Mohammad Amir,Umar Gul,T Thushara,0,1,1,,,,,,,,
403370,2009,2009-07-30,Rangiri Dambulla International Stadium,2,43.7,Pakistan,Sri Lanka,Mohammad Amir,Umar Gul,T Thushara,0,1,1,,,,,,,,
403370,2009,2009-07-30,Rangiri Dambulla International Stadium,2,43.8,Pakistan,Sri Lanka,Mohammad Amir,Umar Gul,T Thushara,0,0,,,,,,,,,
403370,2009,2009-07-30,Rangiri Dambulla International Stadium,2,44.1,Pakistan,Sri Lanka,Umar Gul,Mohammad Amir,SL Malinga,1,0,,,,,,,,,
403370,2009,2009-07-30,Rangiri Dambulla International Stadium,2,44.2,Pakistan,Sri Lanka,Mohammad Amir,Umar Gul,SL Malinga,0,0,,,,,,,,,
403370,2009,2009-07-30,Rangiri Dambulla International Stadium,2,44.3,Pakistan,Sri Lanka,Mohammad Amir,Umar Gul,SL Malinga,0,0,,,,,,run out,Mohammad Amir,,
403370,2009,2009-07-30,Rangiri Dambulla International Stadium,2,44.4,Pakistan,Sri Lanka,Umar Gul,Saeed Ajmal,SL Malinga,0,0,,,,,,bowled,Umar Gul,,
