match_id,season,start_date,venue,innings,ball,batting_team,bowling_team,striker,non_striker,bowler,runs_off_bat,extras,wides,noballs,byes,legbyes,penalty,wicket_type,player_dismissed,other_wicket_type,other_player_dismissed
406203,2009/10,2010-01-24,Sydney Cricket Ground,1,0.1,Australia,Pakistan,SR Watson,SE Marsh,Mohammad Amir,4,0,,,,,,,,,
406203,2009/10,2010-01-24,Sydney Cricket Ground,1,0.2,Australia,Pakistan,SR Watson,SE Marsh,Mohammad Amir,0,1,1,,,,,,,,
406203,2009/10,2010-01-24,Sydney Cricket Ground,1,0.3,Australia,Pakistan,SR Watson,SE Marsh,Mohammad Amir,0,0,,,,,,,,,
406203,2009/10,2010-01-24,Sydney Cricket Ground,1,0.4,Australia,Pakistan,SR Watson,SE Marsh,Mohammad Amir,0,0,,,,,,,,,
406203,2009/10,2010-01-24,Sydney Cricket Ground,1,0.5,Australia,Pakistan,SR Watson,SE Marsh,Mohammad Amir,4,0,,,,,,,,,
406203,2009/10,2010-01-24,Sydney Cricket Ground,1,0.6,Australia,Pakistan,SR Watson,SE Marsh,Mohammad Amir,0,0,,,,,,,,,
406203,2009/10,2010-01-24,Sydney Cricket Ground,1,0.7,Australia,Pakistan,SR Watson,SE Marsh,Mohammad Amir,0,0,,,,,,,,,
406203,2009/10,2010-01-24,Sydney Cricket Ground,1,1.1,Australia,Pakistan,SE Marsh,SR Watson,Umar Gul,1,0,,,,,,,,,
406203,2009/10,2010-01-24,Sydney Cricket Ground,1,1.2,Australia,Pakistan,SR Watson,SE Marsh,Umar Gul,0,0,,,,,,,,,
406203,2009/10,2010-01-24,Sydney Cricket Ground,1,1.3,Australia,Pakistan,SR Watson,SE Marsh,Umar Gul,4,0,,,,,,,,,
406203,2009/10,2010-01-24,Sydney Cricket Ground,1,1.4,Australia,Pakistan,SR Watson,SE Marsh,Umar Gul,0,0,,,,,,,,,
406203,2009/10,2010-01-24,Sydney Cricket Ground,1,1.5,Australia,Pakistan,SR Watson,SE Marsh,Umar Gul,2,0,,,,,,,,,
406203,2009/10,2010-01-24,Sydney Cricket Ground,1,1.6,Australia,Pakistan,SR Watson,SE Marsh,Umar Gul,0,0,,,,,,,,,
406203,2009/10,2010-01-24,Sydney Cricket Ground,1,2.1,Australia,Pakistan,SE Marsh,SR Watson,Mohammad Amir,0,0,,,,,,,,,
406203,2009/10,2010-01-24,Sydney Cricket Ground,1,2.2,Australia,Pakistan,SE Marsh,SR Watson,Mohammad Amir,0,0,,,,,,,,,
406203,2009/10,2010-01-24,Sydney Cricket Ground,1,2.3,Australia,Pakistan,SE Marsh,SR Watson,Mohammad Amir,0,0,,,,,,,,,
406203,2009/10,2010-01-24,Sydney Cricket Ground,1,2.4,Australia,Pakistan,SE Marsh,SR Watson,Mohammad Amir,0,0,,,,,,,,,
406203,2009/10,2010-01-24,Sydney Cricket Ground,1,2.5,Australia,Pakistan,SE Marsh,SR Watson,Mohammad Amir,4,0,,,,,,,,,
406203,2009/10,2010-01-24,Sydney Cricket Ground,1,2.6,Australia,Pakistan,SE Marsh,SR Watson,Mohammad Amir,0,0,,,,,,,,,
406203,2009/10,2010-01-24,Sydney Cricket Ground,1,3.1,Australia,Pakistan,SR Watson,SE Marsh,Umar Gul,4,0,,,,,,,,,
406203,2009/10,2010-01-24,Sydney Cricket Ground,1,3.2,Australia,Pakistan,SR Watson,SE Marsh,Umar Gul,0,0,,,,,,,,,
406203,2009/10,2010-01-24,Sydney Cricket Ground,1,3.3,Australia,Pakistan,SR Watson,SE Marsh,Umar Gul,4,0,,,,,,,,,
406203,2009/10,2010-01-24,Sydney Cricket Ground,1,3.4,Australia,Pakistan,SR Watson,SE Marsh,Umar Gul,0,0,,,,,,,,,
406203,2009/10,2010-01-24,Sydney Cricket Ground,1,3.5,Australia,Pakistan,SR Watson,SE Marsh,Umar Gul,1,0,,,,,,,,,
406203,2009/10,2010-01-24,Sydney Cricket Ground,1,3.6,Australia,Pakistan,SE Marsh,SR Watson,Umar Gul,0,0,,,,,,,,,
406203,2009/10,2010-01-24,Sydney Cricket Ground,1,4.1,Australia,Pakistan,SR Watson,SE Marsh,Mohammad Amir,4,0,,,,,,,,,
406203,2009/10,2010-01-24,Sydney Cricket Ground,1,4.2,Australia,Pakistan,SR Watson,SE Marsh,Mohammad Amir,0,0,,,,,,,,,
406203,2009/10,2010-01-24,Sydney Cricket Ground,1,4.3,Australia,Pakistan,SR Watson,SE Marsh,Mohammad Amir,2,0,,,,,,,,,
406203,2009/10,2010-01-24,Sydney Cricket Ground,1,4.4,Australia,Pakistan,SR Watson,SE Marsh,Mohammad Amir,2,0,,,,,,,,,
406203,2009/10,2010-01-24,Sydney Cricket Ground,1,4.5,Australia,Pakistan,SR Watson,SE Marsh,Mohammad Amir,0,0,,,,,,,,,
406203,2009/10,2010-01-24,Sydney Cricket Ground,1,4.6,Australia,Pakistan,SR Watson,SE Marsh,Mohammad Amir,3,0,,,,,,,,,
406203,2009/10,2010-01-24,Sydney Cricket Ground,1,5.1,Australia,Pakistan,SR Watson,SE Marsh,Umar Gul,0,0,,,,,,,,,
406203,2009/10,2010-01-24,Sydney Cricket Ground,1,5.2,Australia,Pakistan,SR Watson,SE Marsh,Umar Gul,0,0,,,,,,,,,
406203,2009/10,2010-01-24,Sydney Cricket Ground,1,5.3,Australia,Pakistan,SR Watson,SE Marsh,Umar Gul,1,0,,,,,,,,,
406203,2009/10,2010-01-24,Sydney Cricket Ground,1,5.4,Australia,Pakistan,SE Marsh,SR Watson,Umar Gul,1,0,,,,,,,,,
406203,2009/10,2010-01-24,Sydney Cricket Ground,1,5.5,Australia,Pakistan,SR Watson,SE Marsh,Umar Gul,0,0,,,,,,,,,
406203,2009/10,2010-01-24,Sydney Cricket Ground,1,5.6,Australia,Pakistan,SR Watson,SE Marsh,Umar Gul,0,0,,,,,,,,,
406203,2009/10,2010-01-24,Sydney Cricket Ground,1,6.1,Australia,Pakistan,SE Marsh,SR Watson,Mohammad Amir,1,0,,,,,,,,,
406203,2009/10,2010-01-24,Sydney Cricket Ground,1,6.2,Australia,Pakistan,SR Watson,SE Marsh,Mohammad Amir,0,0,,,,,,,,,
406203,2009/10,2010-01-24,Sydney Cricket Ground,1,6.3,Australia,Pakistan,SR Watson,SE Marsh,Mohammad Amir,0,0,,,,,,,,,
406203,2009/10,2010-01-24,Sydney Cricket Ground,1,6.4,Australia,Pakistan,SR Watson,SE Marsh,Mohammad Amir,0,0,,,,,,,,,
406203,2009/10,2010-01-24,Sydney Cricket Ground,1,6.5,Australia,Pakistan,SR Watson,SE Marsh,Mohammad Amir,0,1,,,1,,,,,,
406203,2009/10,2010-01-24,Sydney Cricket Ground,1,6.6,Australia,Pakistan,SE Marsh,SR Watson,Mohammad Amir,0,0,,,,,,,,,
406203,2009/10,2010-01-24,Sydney Cricket Ground,1,7.1,Australia,Pakistan,SR Watson,SE Marsh,Umar Gul,0,0,,,,,,,,,
406203,2009/10,2010-01-24,Sydney Cricket Ground,1,7.2,Australia,Pakistan,SR Watson,SE Marsh,Umar Gul,1,0,,,,,,,,,
406203,2009/10,2010-01-24,Sydney Cricket Ground,1,7.3,Australia,Pakistan,SE Marsh,SR Watson,Umar Gul,0,0,,,,,,,,,
406203,2009/10,2010-01-24,Sydney Cricket Ground,1,7.4,Australia,Pakistan,SE Marsh,SR Watson,Umar Gul,0,0,,,,,,,,,
406203,2009/10,2010-01-24,Sydney Cricket Ground,1,7.5,Australia,Pakistan,SE Marsh,SR Watson,Umar Gul,0,0,,,,,,,,,
406203,2009/10,2010-01-24,Sydney Cricket Ground,1,7.6,Australia,Pakistan,SE Marsh,SR Watson,Umar Gul,2,0,,,,,,,,,
406203,2009/10,2010-01-24,Sydney Cricket Ground,1,8.1,Australia,Pakistan,SR Watson,SE Marsh,Naved-ul-Hasan,0,0,,,,,,,,,
406203,2009/10,2010-01-24,Sydney Cricket Ground,1,8.2,Australia,Pakistan,SR Watson,SE Marsh,Naved-ul-Hasan,0,0,,,,,,,,,
406203,2009/10,2010-01-24,Sydney Cricket Ground,1,8.3,Australia,Pakistan,SR Watson,SE Marsh,Naved-ul-Hasan,1,0,,,,,,,,,
406203,2009/10,2010-01-24,Sydney Cricket Ground,1,8.4,Australia,Pakistan,SE Marsh,SR Watson,Naved-ul-Hasan,0,0,,,,,,,,,
406203,2009/10,2010-01-24,Sydney Cricket Ground,1,8.5,Australia,Pakistan,SE Marsh,SR Watson,Naved-ul-Hasan,1,0,,,,,,,,,
406203,2009/10,2010-01-24,Sydney Cricket Ground,1,8.6,Australia,Pakistan,SR Watson,SE Marsh,Naved-ul-Hasan,6,0,,,,,,,,,
406203,2009/10,2010-01-24,Sydney Cricket Ground,1,9.1,Australia,Pakistan,SE Marsh,SR Watson,Umar Gul,1,0,,,,,,,,,
406203,2009/10,2010-01-24,Sydney Cricket Ground,1,9.2,Australia,Pakistan,SR Watson,SE Marsh,Umar Gul,4,0,,,,,,,,,
406203,2009/10,2010-01-24,Sydney Cricket Ground,1,9.3,Australia,Pakistan,SR Watson,SE Marsh,Umar Gul,0,0,,,,,,,,,
406203,2009/10,2010-01-24,Sydney Cricket Ground,1,9.4,Australia,Pakistan,SR Watson,SE Marsh,Umar Gul,1,0,,,,,,,,,
406203,2009/10,2010-01-24,Sydney Cricket Ground,1,9.5,Australia,Pakistan,SE Marsh,SR Watson,Umar Gul,0,0,,,,,,,,,
406203,2009/10,2010-01-24,Sydney Cricket Ground,1,9.6,Australia,Pakistan,SE Marsh,SR Watson,Umar Gul,4,0,,,,,,,,,
406203,2009/10,2010-01-24,Sydney Cricket Ground,1,10.1,Australia,Pakistan,SR Watson,SE Marsh,Naved-ul-Hasan,0,0,,,,,,,,,
406203,2009/10,2010-01-24,Sydney Cricket Ground,1,10.2,Australia,Pakistan,SR Watson,SE Marsh,Naved-ul-Hasan,2,0,,,,,,,,,
406203,2009/10,2010-01-24,Sydney Cricket Ground,1,10.3,Australia,Pakistan,SR Watson,SE Marsh,Naved-ul-Hasan,0,0,,,,,,,,,
406203,2009/10,2010-01-24,Sydney Cricket Ground,1,10.4,Australia,Pakistan,SR Watson,SE Marsh,Naved-ul-Hasan,1,0,,,,,,,,,
406203,2009/10,2010-01-24,Sydney Cricket Ground,1,10.5,Australia,Pakistan,SE Marsh,SR Watson,Naved-ul-Hasan,0,0,,,,,,,,,
406203,2009/10,2010-01-24,Sydney Cricket Ground,1,10.6,Australia,Pakistan,SE Marsh,SR Watson,Naved-ul-Hasan,1,0,,,,,,,,,
406203,2009/10,2010-01-24,Sydney Cricket Ground,1,11.1,Australia,Pakistan,SE Marsh,SR Watson,Shahid Afridi,0,0,,,,,,,,,
406203,2009/10,2010-01-24,Sydney Cricket Ground,1,11.2,Australia,Pakistan,SE Marsh,SR Watson,Shahid Afridi,1,0,,,,,,,,,
406203,2009/10,2010-01-24,Sydney Cricket Ground,1,11.3,Australia,Pakistan,SR Watson,SE Marsh,Shahid Afridi,0,0,,,,,,,,,
406203,2009/10,2010-01-24,Sydney Cricket Ground,1,11.4,Australia,Pakistan,SR Watson,SE Marsh,Shahid Afridi,0,0,,,,,,,,,
406203,2009/10,2010-01-24,Sydney Cricket Ground,1,11.5,Australia,Pakistan,SR Watson,SE Marsh,Shahid Afridi,0,0,,,,,,,,,
406203,2009/10,2010-01-24,Sydney Cricket Ground,1,11.6,Australia,Pakistan,SR Watson,SE Marsh,Shahid Afridi,3,0,,,,,,,,,
406203,2009/10,2010-01-24,Sydney Cricket Ground,1,12.1,Australia,Pakistan,SR Watson,SE Marsh,Naved-ul-Hasan,0,0,,,,,,,,,
406203,2009/10,2010-01-24,Sydney Cricket Ground,1,12.2,Australia,Pakistan,SR Watson,SE Marsh,Naved-ul-Hasan,4,0,,,,,,,,,
406203,2009/10,2010-01-24,Sydney Cricket Ground,1,12.3,Australia,Pakistan,SR Watson,SE Marsh,Naved-ul-Hasan,2,0,,,,,,,,,
406203,2009/10,2010-01-24,Sydney Cricket Ground,1,12.4,Australia,Pakistan,SR Watson,SE Marsh,Naved-ul-Hasan,1,0,,,,,,,,,
406203,2009/10,2010-01-24,Sydney Cricket Ground,1,12.5,Australia,Pakistan,SE Marsh,SR Watson,Naved-ul-Hasan,0,0,,,,,,,,,
406203,2009/10,2010-01-24,Sydney Cricket Ground,1,12.6,Australia,Pakistan,SE Marsh,SR Watson,Naved-ul-Hasan,0,0,,,,,,,,,
406203,2009/10,2010-01-24,Sydney Cricket Ground,1,13.1,Australia,Pakistan,SR Watson,SE Marsh,Shahid Afridi,0,0,,,,,,,,,
406203,2009/10,2010-01-24,Sydney Cricket Ground,1,13.2,Australia,Pakistan,SR Watson,SE Marsh,Shahid Afridi,1,0,,,,,,,,,
406203,2009/10,2010-01-24,Sydney Cricket Ground,1,13.3,Australia,Pakistan,SE Marsh,SR Watson,Shahid Afridi,0,0,,,,,,,,,
406203,2009/10,2010-01-24,Sydney Cricket Ground,1,13.4,Australia,Pakistan,SE Marsh,SR Watson,Shahid Afridi,1,0,,,,,,,,,
406203,2009/10,2010-01-24,Sydney Cricket Ground,1,13.5,Australia,Pakistan,SR Watson,SE Marsh,Shahid Afridi,0,0,,,,,,,,,
406203,2009/10,2010-01-24,Sydney Cricket Ground,1,13.6,Australia,Pakistan,SR Watson,SE Marsh,Shahid Afridi,0,0,,,,,,,,,
406203,2009/10,2010-01-24,Sydney Cricket Ground,1,14.1,Australia,Pakistan,SE Marsh,SR Watson,Saeed Ajmal,3,0,,,,,,,,,
406203,2009/10,2010-01-24,Sydney Cricket Ground,1,14.2,Australia,Pakistan,SR Watson,SE Marsh,Saeed Ajmal,0,0,,,,,,,,,
406203,2009/10,2010-01-24,Sydney Cricket Ground,1,14.3,Australia,Pakistan,SR Watson,SE Marsh,Saeed Ajmal,4,0,,,,,,,,,
406203,2009/10,2010-01-24,Sydney Cricket Ground,1,14.4,Australia,Pakistan,SR Watson,SE Marsh,Saeed Ajmal,1,0,,,,,,,,,
406203,2009/10,2010-01-24,Sydney Cricket Ground,1,14.5,Australia,Pakistan,SE Marsh,SR Watson,Saeed Ajmal,1,0,,,,,,,,,
406203,2009/10,2010-01-24,Sydney Cricket Ground,1,14.6,Australia,Pakistan,SR Watson,SE Marsh,Saeed Ajmal,0,0,,,,,,,,,
406203,2009/10,2010-01-24,Sydney Cricket Ground,1,15.1,Australia,Pakistan,SE Marsh,SR Watson,Shahid Afridi,0,0,,,,,,,,,
406203,2009/10,2010-01-24,Sydney Cricket Ground,1,15.2,Australia,Pakistan,SE Marsh,SR Watson,Shahid Afridi,0,0,,,,,,,,,
406203,2009/10,2010-01-24,Sydney Cricket Ground,1,15.3,Australia,Pakistan,SE Marsh,SR Watson,Shahid Afridi,2,0,,,,,,,,,
406203,2009/10,2010-01-24,Sydney Cricket Ground,1,15.4,Australia,Pakistan,SE Marsh,SR Watson,Shahid Afridi,0,0,,,,,,,,,
406203,2009/10,2010-01-24,Sydney Cricket Ground,1,15.5,Australia,Pakistan,SE Marsh,SR Watson,Shahid Afridi,1,0,,,,,,,,,
406203,2009/10,2010-01-24,Sydney Cricket Ground,1,15.6,Australia,Pakistan,SR Watson,SE Marsh,Shahid Afridi,0,0,,,,,,,,,
406203,2009/10,2010-01-24,Sydney Cricket Ground,1,16.1,Australia,Pakistan,SE Marsh,SR Watson,Saeed Ajmal,0,0,,,,,,,,,
406203,2009/10,2010-01-24,Sydney Cricket Ground,1,16.2,Australia,Pakistan,SE Marsh,SR Watson,Saeed Ajmal,0,0,,,,,,,,,
406203,2009/10,2010-01-24,Sydney Cricket Ground,1,16.3,Australia,Pakistan,SE Marsh,SR Watson,Saeed Ajmal,0,0,,,,,,,,,
406203,2009/10,2010-01-24,Sydney Cricket Ground,1,16.4,Australia,Pakistan,SE Marsh,SR Watson,Saeed Ajmal,0,0,,,,,,,,,
406203,2009/10,2010-01-24,Sydney Cricket Ground,1,16.5,Australia,Pakistan,SE Marsh,SR Watson,Saeed Ajmal,0,0,,,,,,,,,
406203,2009/10,2010-01-24,Sydney Cricket Ground,1,16.6,Australia,Pakistan,SE Marsh,SR Watson,Saeed Ajmal,0,0,,,,,,,,,
406203,2009/10,2010-01-24,Sydney Cricket Ground,1,17.1,Australia,Pakistan,SR Watson,SE Marsh,Shahid Afridi,0,0,,,,,,,,,
406203,2009/10,2010-01-24,Sydney Cricket Ground,1,17.2,Australia,Pakistan,SR Watson,SE Marsh,Shahid Afridi,0,0,,,,,,,,,
406203,2009/10,2010-01-24,Sydney Cricket Ground,1,17.3,Australia,Pakistan,SR Watson,SE Marsh,Shahid Afridi,0,0,,,,,,,,,
406203,2009/10,2010-01-24,Sydney Cricket Ground,1,17.4,Australia,Pakistan,SR Watson,SE Marsh,Shahid Afridi,0,0,,,,,,,,,
406203,2009/10,2010-01-24,Sydney Cricket Ground,1,17.5,Australia,Pakistan,SR Watson,SE Marsh,Shahid Afridi,1,0,,,,,,,,,
406203,2009/10,2010-01-24,Sydney Cricket Ground,1,17.6,Australia,Pakistan,SE Marsh,SR Watson,Shahid Afridi,1,0,,,,,,,,,
406203,2009/10,2010-01-24,Sydney Cricket Ground,1,18.1,Australia,Pakistan,SE Marsh,SR Watson,Saeed Ajmal,1,0,,,,,,,,,
406203,2009/10,2010-01-24,Sydney Cricket Ground,1,18.2,Australia,Pakistan,SR Watson,SE Marsh,Saeed Ajmal,0,0,,,,,,,,,
406203,2009/10,2010-01-24,Sydney Cricket Ground,1,18.3,Australia,Pakistan,SR Watson,SE Marsh,Saeed Ajmal,1,0,,,,,,,,,
406203,2009/10,2010-01-24,Sydney Cricket Ground,1,18.4,Australia,Pakistan,SE Marsh,SR Watson,Saeed Ajmal,0,0,,,,,,,,,
406203,2009/10,2010-01-24,Sydney Cricket Ground,1,18.5,Australia,Pakistan,SE Marsh,SR Watson,Saeed Ajmal,0,0,,,,,,,,,
406203,2009/10,2010-01-24,Sydney Cricket Ground,1,18.6,Australia,Pakistan,SE Marsh,SR Watson,Saeed Ajmal,1,0,,,,,,,,,
406203,2009/10,2010-01-24,Sydney Cricket Ground,1,19.1,Australia,Pakistan,SE Marsh,SR Watson,Shahid Afridi,0,0,,,,,,,,,
406203,2009/10,2010-01-24,Sydney Cricket Ground,1,19.2,Australia,Pakistan,SE Marsh,SR Watson,Shahid Afridi,1,0,,,,,,,,,
406203,2009/10,2010-01-24,Sydney Cricket Ground,1,19.3,Australia,Pakistan,SR Watson,SE Marsh,Shahid Afridi,0,0,,,,,,,,,
406203,2009/10,2010-01-24,Sydney Cricket Ground,1,19.4,Australia,Pakistan,SR Watson,SE Marsh,Shahid Afridi,0,0,,,,,,,,,
406203,2009/10,2010-01-24,Sydney Cricket Ground,1,19.5,Australia,Pakistan,SR Watson,SE Marsh,Shahid Afridi,0,0,,,,,,caught,SR Watson,,
406203,2009/10,2010-01-24,Sydney Cricket Ground,1,19.6,Australia,Pakistan,SE Marsh,RT Ponting,Shahid Afridi,1,0,,,,,,,,,
406203,2009/10,2010-01-24,Sydney Cricket Ground,1,20.1,Australia,Pakistan,SE Marsh,RT Ponting,Saeed Ajmal,0,0,,,,,,,,,
406203,2009/10,2010-01-24,Sydney Cricket Ground,1,20.2,Australia,Pakistan,SE Marsh,RT Ponting,Saeed Ajmal,0,0,,,,,,,,,
406203,2009/10,2010-01-24,Sydney Cricket Ground,1,20.3,Australia,Pakistan,SE Marsh,RT Ponting,Saeed Ajmal,4,0,,,,,,,,,
406203,2009/10,2010-01-24,Sydney Cricket Ground,1,20.4,Australia,Pakistan,SE Marsh,RT Ponting,Saeed Ajmal,1,0,,,,,,,,,
406203,2009/10,2010-01-24,Sydney Cricket Ground,1,20.5,Australia,Pakistan,RT Ponting,SE Marsh,Saeed Ajmal,0,0,,,,,,,,,
406203,2009/10,2010-01-24,Sydney Cricket Ground,1,20.6,Australia,Pakistan,RT Ponting,SE Marsh,Saeed Ajmal,0,0,,,,,,,,,
406203,2009/10,2010-01-24,Sydney Cricket Ground,1,21.1,Australia,Pakistan,SE Marsh,RT Ponting,Shahid Afridi,0,0,,,,,,,,,
406203,2009/10,2010-01-24,Sydney Cricket Ground,1,21.2,Australia,Pakistan,SE Marsh,RT Ponting,Shahid Afridi,4,0,,,,,,,,,
406203,2009/10,2010-01-24,Sydney Cricket Ground,1,21.3,Australia,Pakistan,SE Marsh,RT Ponting,Shahid Afridi,1,0,,,,,,,,,
406203,2009/10,2010-01-24,Sydney Cricket Ground,1,21.4,Australia,Pakistan,RT Ponting,SE Marsh,Shahid Afridi,0,0,,,,,,,,,
406203,2009/10,2010-01-24,Sydney Cricket Ground,1,21.5,Australia,Pakistan,RT Ponting,SE Marsh,Shahid Afridi,0,0,,,,,,,,,
406203,2009/10,2010-01-24,Sydney Cricket Ground,1,21.6,Australia,Pakistan,RT Ponting,SE Marsh,Shahid Afridi,0,0,,,,,,,,,
406203,2009/10,2010-01-24,Sydney Cricket Ground,1,22.1,Australia,Pakistan,SE Marsh,RT Ponting,Saeed Ajmal,1,0,,,,,,,,,
406203,2009/10,2010-01-24,Sydney Cricket Ground,1,22.2,Australia,Pakistan,RT Ponting,SE Marsh,Saeed Ajmal,0,0,,,,,,,,,
406203,2009/10,2010-01-24,Sydney Cricket Ground,1,22.3,Australia,Pakistan,RT Ponting,SE Marsh,Saeed Ajmal,0,0,,,,,,,,,
406203,2009/10,2010-01-24,Sydney Cricket Ground,1,22.4,Australia,Pakistan,RT Ponting,SE Marsh,Saeed Ajmal,0,0,,,,,,,,,
406203,2009/10,2010-01-24,Sydney Cricket Ground,1,22.5,Australia,Pakistan,RT Ponting,SE Marsh,Saeed Ajmal,1,0,,,,,,,,,
406203,2009/10,2010-01-24,Sydney Cricket Ground,1,22.6,Australia,Pakistan,SE Marsh,RT Ponting,Saeed Ajmal,0,0,,,,,,,,,
406203,2009/10,2010-01-24,Sydney Cricket Ground,1,23.1,Australia,Pakistan,RT Ponting,SE Marsh,Shahid Afridi,1,0,,,,,,,,,
406203,2009/10,2010-01-24,Sydney Cricket Ground,1,23.2,Australia,Pakistan,SE Marsh,RT Ponting,Shahid Afridi,0,0,,,,,,,,,
406203,2009/10,2010-01-24,Sydney Cricket Ground,1,23.3,Australia,Pakistan,SE Marsh,RT Ponting,Shahid Afridi,0,0,,,,,,caught,SE Marsh,,
406203,2009/10,2010-01-24,Sydney Cricket Ground,1,23.4,Australia,Pakistan,RT Ponting,MJ Clarke,Shahid Afridi,1,0,,,,,,,,,
406203,2009/10,2010-01-24,Sydney Cricket Ground,1,23.5,Australia,Pakistan,MJ Clarke,RT Ponting,Shahid Afridi,0,0,,,,,,,,,
406203,2009/10,2010-01-24,Sydney Cricket Ground,1,23.6,Australia,Pakistan,MJ Clarke,RT Ponting,Shahid Afridi,0,0,,,,,,,,,
406203,2009/10,2010-01-24,Sydney Cricket Ground,1,24.1,Australia,Pakistan,RT Ponting,MJ Clarke,Saeed Ajmal,0,0,,,,,,,,,
406203,2009/10,2010-01-24,Sydney Cricket Ground,1,24.2,Australia,Pakistan,RT Ponting,MJ Clarke,Saeed Ajmal,1,0,,,,,,,,,
406203,2009/10,2010-01-24,Sydney Cricket Ground,1,24.3,Australia,Pakistan,MJ Clarke,RT Ponting,Saeed Ajmal,2,0,,,,,,,,,
406203,2009/10,2010-01-24,Sydney Cricket Ground,1,24.4,Australia,Pakistan,MJ Clarke,RT Ponting,Saeed Ajmal,0,0,,,,,,,,,
406203,2009/10,2010-01-24,Sydney Cricket Ground,1,24.5,Australia,Pakistan,MJ Clarke,RT Ponting,Saeed Ajmal,0,0,,,,,,,,,
406203,2009/10,2010-01-24,Sydney Cricket Ground,1,24.6,Australia,Pakistan,MJ Clarke,RT Ponting,Saeed Ajmal,1,0,,,,,,,,,
406203,2009/10,2010-01-24,Sydney Cricket Ground,1,25.1,Australia,Pakistan,MJ Clarke,RT Ponting,Shahid Afridi,1,0,,,,,,,,,
406203,2009/10,2010-01-24,Sydney Cricket Ground,1,25.2,Australia,Pakistan,RT Ponting,MJ Clarke,Shahid Afridi,0,0,,,,,,,,,
406203,2009/10,2010-01-24,Sydney Cricket Ground,1,25.3,Australia,Pakistan,RT Ponting,MJ Clarke,Shahid Afridi,1,0,,,,,,,,,
406203,2009/10,2010-01-24,Sydney Cricket Ground,1,25.4,Australia,Pakistan,MJ Clarke,RT Ponting,Shahid Afridi,2,0,,,,,,,,,
406203,2009/10,2010-01-24,Sydney Cricket Ground,1,25.5,Australia,Pakistan,MJ Clarke,RT Ponting,Shahid Afridi,0,0,,,,,,,,,
406203,2009/10,2010-01-24,Sydney Cricket Ground,1,25.6,Australia,Pakistan,MJ Clarke,RT Ponting,Shahid Afridi,1,0,,,,,,,,,
406203,2009/10,2010-01-24,Sydney Cricket Ground,1,26.1,Australia,Pakistan,MJ Clarke,RT Ponting,Saeed Ajmal,1,0,,,,,,,,,
406203,2009/10,2010-01-24,Sydney Cricket Ground,1,26.2,Australia,Pakistan,RT Ponting,MJ Clarke,Saeed Ajmal,1,0,,,,,,,,,
406203,2009/10,2010-01-24,Sydney Cricket Ground,1,26.3,Australia,Pakistan,MJ Clarke,RT Ponting,Saeed Ajmal,0,0,,,,,,,,,
406203,2009/10,2010-01-24,Sydney Cricket Ground,1,26.4,Australia,Pakistan,MJ Clarke,RT Ponting,Saeed Ajmal,1,0,,,,,,,,,
406203,2009/10,2010-01-24,Sydney Cricket Ground,1,26.5,Australia,Pakistan,RT Ponting,MJ Clarke,Saeed Ajmal,1,0,,,,,,,,,
406203,2009/10,2010-01-24,Sydney Cricket Ground,1,26.6,Australia,Pakistan,MJ Clarke,RT Ponting,Saeed Ajmal,0,0,,,,,,,,,
406203,2009/10,2010-01-24,Sydney Cricket Ground,1,27.1,Australia,Pakistan,RT Ponting,MJ Clarke,Mohammad Amir,1,0,,,,,,,,,
406203,2009/10,2010-01-24,Sydney Cricket Ground,1,27.2,Australia,Pakistan,MJ Clarke,RT Ponting,Mohammad Amir,0,2,,,,2,,,,,
406203,2009/10,2010-01-24,Sydney Cricket Ground,1,27.3,Australia,Pakistan,MJ Clarke,RT Ponting,Mohammad Amir,1,0,,,,,,,,,
406203,2009/10,2010-01-24,Sydney Cricket Ground,1,27.4,Australia,Pakistan,RT Ponting,MJ Clarke,Mohammad Amir,0,0,,,,,,,,,
406203,2009/10,2010-01-24,Sydney Cricket Ground,1,27.5,Australia,Pakistan,RT Ponting,MJ Clarke,Mohammad Amir,0,0,,,,,,,,,
406203,2009/10,2010-01-24,Sydney Cricket Ground,1,27.6,Australia,Pakistan,RT Ponting,MJ Clarke,Mohammad Amir,1,0,,,,,,,,,
406203,2009/10,2010-01-24,Sydney Cricket Ground,1,28.1,Australia,Pakistan,RT Ponting,MJ Clarke,Shoaib Malik,1,0,,,,,,,,,
406203,2009/10,2010-01-24,Sydney Cricket Ground,1,28.2,Australia,Pakistan,MJ Clarke,RT Ponting,Shoaib Malik,0,0,,,,,,,,,
406203,2009/10,2010-01-24,Sydney Cricket Ground,1,28.3,Australia,Pakistan,MJ Clarke,RT Ponting,Shoaib Malik,1,0,,,,,,,,,
406203,2009/10,2010-01-24,Sydney Cricket Ground,1,28.4,Australia,Pakistan,RT Ponting,MJ Clarke,Shoaib Malik,0,0,,,,,,,,,
406203,2009/10,2010-01-24,Sydney Cricket Ground,1,28.5,Australia,Pakistan,RT Ponting,MJ Clarke,Shoaib Malik,1,0,,,,,,,,,
406203,2009/10,2010-01-24,Sydney Cricket Ground,1,28.6,Australia,Pakistan,MJ Clarke,RT Ponting,Shoaib Malik,0,0,,,,,,,,,
406203,2009/10,2010-01-24,Sydney Cricket Ground,1,29.1,Australia,Pakistan,RT Ponting,MJ Clarke,Mohammad Amir,0,0,,,,,,,,,
406203,2009/10,2010-01-24,Sydney Cricket Ground,1,29.2,Australia,Pakistan,RT Ponting,MJ Clarke,Mohammad Amir,0,0,,,,,,,,,
406203,2009/10,2010-01-24,Sydney Cricket Ground,1,29.3,Australia,Pakistan,RT Ponting,MJ Clarke,Mohammad Amir,2,0,,,,,,,,,
406203,2009/10,2010-01-24,Sydney Cricket Ground,1,29.4,Australia,Pakistan,RT Ponting,MJ Clarke,Mohammad Amir,0,0,,,,,,caught,RT Ponting,,
406203,2009/10,2010-01-24,Sydney Cricket Ground,1,29.5,Australia,Pakistan,CL White,MJ Clarke,Mohammad Amir,0,0,,,,,,,,,
406203,2009/10,2010-01-24,Sydney Cricket Ground,1,29.6,Australia,Pakistan,CL White,MJ Clarke,Mohammad Amir,0,0,,,,,,,,,
406203,2009/10,2010-01-24,Sydney Cricket Ground,1,30.1,Australia,Pakistan,MJ Clarke,CL White,Shoaib Malik,0,0,,,,,,,,,
406203,2009/10,2010-01-24,Sydney Cricket Ground,1,30.2,Australia,Pakistan,MJ Clarke,CL White,Shoaib Malik,1,0,,,,,,,,,
406203,2009/10,2010-01-24,Sydney Cricket Ground,1,30.3,Australia,Pakistan,CL White,MJ Clarke,Shoaib Malik,0,0,,,,,,,,,
406203,2009/10,2010-01-24,Sydney Cricket Ground,1,30.4,Australia,Pakistan,CL White,MJ Clarke,Shoaib Malik,0,0,,,,,,,,,
406203,2009/10,2010-01-24,Sydney Cricket Ground,1,30.5,Australia,Pakistan,CL White,MJ Clarke,Shoaib Malik,1,0,,,,,,,,,
406203,2009/10,2010-01-24,Sydney Cricket Ground,1,30.6,Australia,Pakistan,MJ Clarke,CL White,Shoaib Malik,0,0,,,,,,,,,
406203,2009/10,2010-01-24,Sydney Cricket Ground,1,31.1,Australia,Pakistan,CL White,MJ Clarke,Naved-ul-Hasan,0,0,,,,,,,,,
406203,2009/10,2010-01-24,Sydney Cricket Ground,1,31.2,Australia,Pakistan,CL White,MJ Clarke,Naved-ul-Hasan,1,0,,,,,,,,,
406203,2009/10,2010-01-24,Sydney Cricket Ground,1,31.3,Australia,Pakistan,MJ Clarke,CL White,Naved-ul-Hasan,0,0,,,,,,,,,
406203,2009/10,2010-01-24,Sydney Cricket Ground,1,31.4,Australia,Pakistan,MJ Clarke,CL White,Naved-ul-Hasan,0,1,,,,1,,,,,
406203,2009/10,2010-01-24,Sydney Cricket Ground,1,31.5,Australia,Pakistan,CL White,MJ Clarke,Naved-ul-Hasan,0,0,,,,,,,,,
406203,2009/10,2010-01-24,Sydney Cricket Ground,1,31.6,Australia,Pakistan,CL White,MJ Clarke,Naved-ul-Hasan,0,0,,,,,,,,,
406203,2009/10,2010-01-24,Sydney Cricket Ground,1,32.1,Australia,Pakistan,MJ Clarke,CL White,Shoaib Malik,0,0,,,,,,,,,
406203,2009/10,2010-01-24,Sydney Cricket Ground,1,32.2,Australia,Pakistan,MJ Clarke,CL White,Shoaib Malik,1,0,,,,,,,,,
406203,2009/10,2010-01-24,Sydney Cricket Ground,1,32.3,Australia,Pakistan,CL White,MJ Clarke,Shoaib Malik,1,0,,,,,,,,,
406203,2009/10,2010-01-24,Sydney Cricket Ground,1,32.4,Australia,Pakistan,MJ Clarke,CL White,Shoaib Malik,0,0,,,,,,,,,
406203,2009/10,2010-01-24,Sydney Cricket Ground,1,32.5,Australia,Pakistan,MJ Clarke,CL White,Shoaib Malik,1,0,,,,,,,,,
406203,2009/10,2010-01-24,Sydney Cricket Ground,1,32.6,Australia,Pakistan,CL White,MJ Clarke,Shoaib Malik,1,0,,,,,,,,,
406203,2009/10,2010-01-24,Sydney Cricket Ground,1,33.1,Australia,Pakistan,CL White,MJ Clarke,Naved-ul-Hasan,0,0,,,,,,,,,
406203,2009/10,2010-01-24,Sydney Cricket Ground,1,33.2,Australia,Pakistan,CL White,MJ Clarke,Naved-ul-Hasan,4,0,,,,,,,,,
406203,2009/10,2010-01-24,Sydney Cricket Ground,1,33.3,Australia,Pakistan,CL White,MJ Clarke,Naved-ul-Hasan,0,0,,,,,,,,,
406203,2009/10,2010-01-24,Sydney Cricket Ground,1,33.4,Australia,Pakistan,CL White,MJ Clarke,Naved-ul-Hasan,0,0,,,,,,,,,
406203,2009/10,2010-01-24,Sydney Cricket Ground,1,33.5,Australia,Pakistan,CL White,MJ Clarke,Naved-ul-Hasan,1,1,,1,,,,,,,
406203,2009/10,2010-01-24,Sydney Cricket Ground,1,33.6,Australia,Pakistan,MJ Clarke,CL White,Naved-ul-Hasan,4,0,,,,,,,,,
406203,2009/10,2010-01-24,Sydney Cricket Ground,1,33.7,Australia,Pakistan,MJ Clarke,CL White,Naved-ul-Hasan,1,0,,,,,,,,,
406203,2009/10,2010-01-24,Sydney Cricket Ground,1,34.1,Australia,Pakistan,MJ Clarke,CL White,Shoaib Malik,1,0,,,,,,,,,
406203,2009/10,2010-01-24,Sydney Cricket Ground,1,34.2,Australia,Pakistan,CL White,MJ Clarke,Shoaib Malik,1,0,,,,,,,,,
406203,2009/10,2010-01-24,Sydney Cricket Ground,1,34.3,Australia,Pakistan,MJ Clarke,CL White,Shoaib Malik,0,0,,,,,,,,,
406203,2009/10,2010-01-24,Sydney Cricket Ground,1,34.4,Australia,Pakistan,MJ Clarke,CL White,Shoaib Malik,1,0,,,,,,,,,
406203,2009/10,2010-01-24,Sydney Cricket Ground,1,34.5,Australia,Pakistan,CL White,MJ Clarke,Shoaib Malik,1,0,,,,,,,,,
406203,2009/10,2010-01-24,Sydney Cricket Ground,1,34.6,Australia,Pakistan,MJ Clarke,CL White,Shoaib Malik,4,0,,,,,,,,,
406203,2009/10,2010-01-24,Sydney Cricket Ground,1,35.1,Australia,Pakistan,CL White,MJ Clarke,Umar Gul,0,0,,,,,,,,,
406203,2009/10,2010-01-24,Sydney Cricket Ground,1,35.2,Australia,Pakistan,CL White,MJ Clarke,Umar Gul,0,0,,,,,,,,,
406203,2009/10,2010-01-24,Sydney Cricket Ground,1,35.3,Australia,Pakistan,CL White,MJ Clarke,Umar Gul,1,0,,,,,,,,,
406203,2009/10,2010-01-24,Sydney Cricket Ground,1,35.4,Australia,Pakistan,MJ Clarke,CL White,Umar Gul,0,0,,,,,,caught,MJ Clarke,,
406203,2009/10,2010-01-24,Sydney Cricket Ground,1,35.5,Australia,Pakistan,MEK Hussey,CL White,Umar Gul,0,0,,,,,,,,,
406203,2009/10,2010-01-24,Sydney Cricket Ground,1,35.6,Australia,Pakistan,MEK Hussey,CL White,Umar Gul,1,0,,,,,,,,,
406203,2009/10,2010-01-24,Sydney Cricket Ground,1,36.1,Australia,Pakistan,MEK Hussey,CL White,Shahid Afridi,1,0,,,,,,,,,
406203,2009/10,2010-01-24,Sydney Cricket Ground,1,36.2,Australia,Pakistan,CL White,MEK Hussey,Shahid Afridi,0,0,,,,,,,,,
406203,2009/10,2010-01-24,Sydney Cricket Ground,1,36.3,Australia,Pakistan,CL White,MEK Hussey,Shahid Afridi,1,0,,,,,,,,,
406203,2009/10,2010-01-24,Sydney Cricket Ground,1,36.4,Australia,Pakistan,MEK Hussey,CL White,Shahid Afridi,1,0,,,,,,,,,
406203,2009/10,2010-01-24,Sydney Cricket Ground,1,36.5,Australia,Pakistan,CL White,MEK Hussey,Shahid Afridi,2,0,,,,,,,,,
406203,2009/10,2010-01-24,Sydney Cricket Ground,1,36.6,Australia,Pakistan,CL White,MEK Hussey,Shahid Afridi,0,0,,,,,,,,,
406203,2009/10,2010-01-24,Sydney Cricket Ground,1,37.1,Australia,Pakistan,MEK Hussey,CL White,Umar Gul,0,1,1,,,,,,,,
406203,2009/10,2010-01-24,Sydney Cricket Ground,1,37.2,Australia,Pakistan,MEK Hussey,CL White,Umar Gul,1,0,,,,,,,,,
406203,2009/10,2010-01-24,Sydney Cricket Ground,1,37.3,Australia,Pakistan,CL White,MEK Hussey,Umar Gul,3,0,,,,,,,,,
406203,2009/10,2010-01-24,Sydney Cricket Ground,1,37.4,Australia,Pakistan,MEK Hussey,CL White,Umar Gul,1,0,,,,,,,,,
406203,2009/10,2010-01-24,Sydney Cricket Ground,1,37.5,Australia,Pakistan,CL White,MEK Hussey,Umar Gul,1,0,,,,,,,,,
406203,2009/10,2010-01-24,Sydney Cricket Ground,1,37.6,Australia,Pakistan,MEK Hussey,CL White,Umar Gul,0,0,,,,,,,,,
406203,2009/10,2010-01-24,Sydney Cricket Ground,1,37.7,Australia,Pakistan,MEK Hussey,CL White,Umar Gul,1,0,,,,,,,,,
406203,2009/10,2010-01-24,Sydney Cricket Ground,1,38.1,Australia,Pakistan,MEK Hussey,CL White,Shahid Afridi,1,0,,,,,,,,,
406203,2009/10,2010-01-24,Sydney Cricket Ground,1,38.2,Australia,Pakistan,CL White,MEK Hussey,Shahid Afridi,0,0,,,,,,,,,
406203,2009/10,2010-01-24,Sydney Cricket Ground,1,38.3,Australia,Pakistan,CL White,MEK Hussey,Shahid Afridi,1,0,,,,,,,,,
406203,2009/10,2010-01-24,Sydney Cricket Ground,1,38.4,Australia,Pakistan,MEK Hussey,CL White,Shahid Afridi,2,0,,,,,,,,,
406203,2009/10,2010-01-24,Sydney Cricket Ground,1,38.5,Australia,Pakistan,MEK Hussey,CL White,Shahid Afridi,0,0,,,,,,,,,
406203,2009/10,2010-01-24,Sydney Cricket Ground,1,38.6,Australia,Pakistan,MEK Hussey,CL White,Shahid Afridi,1,0,,,,,,,,,
406203,2009/10,2010-01-24,Sydney Cricket Ground,1,39.1,Australia,Pakistan,MEK Hussey,CL White,Umar Gul,2,0,,,,,,,,,
406203,2009/10,2010-01-24,Sydney Cricket Ground,1,39.2,Australia,Pakistan,MEK Hussey,CL White,Umar Gul,1,0,,,,,,,,,
406203,2009/10,2010-01-24,Sydney Cricket Ground,1,39.3,Australia,Pakistan,CL White,MEK Hussey,Umar Gul,1,0,,,,,,,,,
406203,2009/10,2010-01-24,Sydney Cricket Ground,1,39.4,Australia,Pakistan,MEK Hussey,CL White,Umar Gul,0,0,,,,,,,,,
406203,2009/10,2010-01-24,Sydney Cricket Ground,1,39.5,Australia,Pakistan,MEK Hussey,CL White,Umar Gul,1,0,,,,,,,,,
406203,2009/10,2010-01-24,Sydney Cricket Ground,1,39.6,Australia,Pakistan,CL White,MEK Hussey,Umar Gul,0,0,,,,,,,,,
406203,2009/10,2010-01-24,Sydney Cricket Ground,1,40.1,Australia,Pakistan,MEK Hussey,CL White,Saeed Ajmal,0,0,,,,,,,,,
406203,2009/10,2010-01-24,Sydney Cricket Ground,1,40.2,Australia,Pakistan,MEK Hussey,CL White,Saeed Ajmal,0,0,,,,,,,,,
406203,2009/10,2010-01-24,Sydney Cricket Ground,1,40.3,Australia,Pakistan,MEK Hussey,CL White,Saeed Ajmal,1,0,,,,,,,,,
406203,2009/10,2010-01-24,Sydney Cricket Ground,1,40.4,Australia,Pakistan,CL White,MEK Hussey,Saeed Ajmal,0,0,,,,,,,,,
406203,2009/10,2010-01-24,Sydney Cricket Ground,1,40.5,Australia,Pakistan,CL White,MEK Hussey,Saeed Ajmal,0,0,,,,,,,,,
406203,2009/10,2010-01-24,Sydney Cricket Ground,1,40.6,Australia,Pakistan,CL White,MEK Hussey,Saeed Ajmal,0,0,,,,,,,,,
406203,2009/10,2010-01-24,Sydney Cricket Ground,1,41.1,Australia,Pakistan,MEK Hussey,CL White,Naved-ul-Hasan,0,0,,,,,,,,,
406203,2009/10,2010-01-24,Sydney Cricket Ground,1,41.2,Australia,Pakistan,MEK Hussey,CL White,Naved-ul-Hasan,1,0,,,,,,,,,
406203,2009/10,2010-01-24,Sydney Cricket Ground,1,41.3,Australia,Pakistan,CL White,MEK Hussey,Naved-ul-Hasan,1,0,,,,,,,,,
406203,2009/10,2010-01-24,Sydney Cricket Ground,1,41.4,Australia,Pakistan,MEK Hussey,CL White,Naved-ul-Hasan,0,0,,,,,,,,,
406203,2009/10,2010-01-24,Sydney Cricket Ground,1,41.5,Australia,Pakistan,MEK Hussey,CL White,Naved-ul-Hasan,0,0,,,,,,,,,
406203,2009/10,2010-01-24,Sydney Cricket Ground,1,41.6,Australia,Pakistan,MEK Hussey,CL White,Naved-ul-Hasan,1,0,,,,,,,,,
406203,2009/10,2010-01-24,Sydney Cricket Ground,1,42.1,Australia,Pakistan,MEK Hussey,CL White,Saeed Ajmal,0,0,,,,,,,,,
406203,2009/10,2010-01-24,Sydney Cricket Ground,1,42.2,Australia,Pakistan,MEK Hussey,CL White,Saeed Ajmal,4,0,,,,,,,,,
406203,2009/10,2010-01-24,Sydney Cricket Ground,1,42.3,Australia,Pakistan,MEK Hussey,CL White,Saeed Ajmal,1,0,,,,,,,,,
406203,2009/10,2010-01-24,Sydney Cricket Ground,1,42.4,Australia,Pakistan,CL White,MEK Hussey,Saeed Ajmal,1,0,,,,,,,,,
406203,2009/10,2010-01-24,Sydney Cricket Ground,1,42.5,Australia,Pakistan,MEK Hussey,CL White,Saeed Ajmal,1,0,,,,,,,,,
406203,2009/10,2010-01-24,Sydney Cricket Ground,1,42.6,Australia,Pakistan,CL White,MEK Hussey,Saeed Ajmal,0,0,,,,,,,,,
406203,2009/10,2010-01-24,Sydney Cricket Ground,1,43.1,Australia,Pakistan,MEK Hussey,CL White,Naved-ul-Hasan,1,0,,,,,,,,,
406203,2009/10,2010-01-24,Sydney Cricket Ground,1,43.2,Australia,Pakistan,CL White,MEK Hussey,Naved-ul-Hasan,1,0,,,,,,,,,
406203,2009/10,2010-01-24,Sydney Cricket Ground,1,43.3,Australia,Pakistan,MEK Hussey,CL White,Naved-ul-Hasan,1,0,,,,,,,,,
406203,2009/10,2010-01-24,Sydney Cricket Ground,1,43.4,Australia,Pakistan,CL White,MEK Hussey,Naved-ul-Hasan,6,0,,,,,,,,,
406203,2009/10,2010-01-24,Sydney Cricket Ground,1,43.5,Australia,Pakistan,CL White,MEK Hussey,Naved-ul-Hasan,0,0,,,,,,,,,
406203,2009/10,2010-01-24,Sydney Cricket Ground,1,43.6,Australia,Pakistan,CL White,MEK Hussey,Naved-ul-Hasan,4,0,,,,,,,,,
406203,2009/10,2010-01-24,Sydney Cricket Ground,1,44.1,Australia,Pakistan,MEK Hussey,CL White,Saeed Ajmal,3,0,,,,,,,,,
406203,2009/10,2010-01-24,Sydney Cricket Ground,1,44.2,Australia,Pakistan,CL White,MEK Hussey,Saeed Ajmal,0,0,,,,,,,,,
406203,2009/10,2010-01-24,Sydney Cricket Ground,1,44.3,Australia,Pakistan,CL White,MEK Hussey,Saeed Ajmal,1,0,,,,,,,,,
406203,2009/10,2010-01-24,Sydney Cricket Ground,1,44.4,Australia,Pakistan,MEK Hussey,CL White,Saeed Ajmal,0,0,,,,,,,,,
406203,2009/10,2010-01-24,Sydney Cricket Ground,1,44.5,Australia,Pakistan,MEK Hussey,CL White,Saeed Ajmal,1,0,,,,,,,,,
406203,2009/10,2010-01-24,Sydney Cricket Ground,1,44.6,Australia,Pakistan,CL White,MEK Hussey,Saeed Ajmal,1,0,,,,,,,,,
406203,2009/10,2010-01-24,Sydney Cricket Ground,1,45.1,Australia,Pakistan,CL White,MEK Hussey,Mohammad Amir,1,0,,,,,,,,,
406203,2009/10,2010-01-24,Sydney Cricket Ground,1,45.2,Australia,Pakistan,MEK Hussey,CL White,Mohammad Amir,0,0,,,,,,caught,MEK Hussey,,
406203,2009/10,2010-01-24,Sydney Cricket Ground,1,45.3,Australia,Pakistan,CL White,BJ Haddin,Mohammad Amir,1,0,,,,,,,,,
406203,2009/10,2010-01-24,Sydney Cricket Ground,1,45.4,Australia,Pakistan,BJ Haddin,CL White,Mohammad Amir,1,0,,,,,,,,,
406203,2009/10,2010-01-24,Sydney Cricket Ground,1,45.5,Australia,Pakistan,CL White,BJ Haddin,Mohammad Amir,1,0,,,,,,,,,
406203,2009/10,2010-01-24,Sydney Cricket Ground,1,45.6,Australia,Pakistan,BJ Haddin,CL White,Mohammad Amir,1,0,,,,,,,,,
406203,2009/10,2010-01-24,Sydney Cricket Ground,1,46.1,Australia,Pakistan,BJ Haddin,CL White,Umar Gul,2,0,,,,,,,,,
406203,2009/10,2010-01-24,Sydney Cricket Ground,1,46.2,Australia,Pakistan,BJ Haddin,CL White,Umar Gul,1,0,,,,,,,,,
406203,2009/10,2010-01-24,Sydney Cricket Ground,1,46.3,Australia,Pakistan,CL White,BJ Haddin,Umar Gul,1,0,,,,,,,,,
406203,2009/10,2010-01-24,Sydney Cricket Ground,1,46.4,Australia,Pakistan,BJ Haddin,CL White,Umar Gul,1,0,,,,,,,,,
406203,2009/10,2010-01-24,Sydney Cricket Ground,1,46.5,Australia,Pakistan,CL White,BJ Haddin,Umar Gul,1,0,,,,,,,,,
406203,2009/10,2010-01-24,Sydney Cricket Ground,1,46.6,Australia,Pakistan,BJ Haddin,CL White,Umar Gul,2,0,,,,,,,,,
406203,2009/10,2010-01-24,Sydney Cricket Ground,1,47.1,Australia,Pakistan,CL White,BJ Haddin,Mohammad Amir,0,0,,,,,,,,,
406203,2009/10,2010-01-24,Sydney Cricket Ground,1,47.2,Australia,Pakistan,CL White,BJ Haddin,Mohammad Amir,0,0,,,,,,,,,
406203,2009/10,2010-01-24,Sydney Cricket Ground,1,47.3,Australia,Pakistan,CL White,BJ Haddin,Mohammad Amir,1,0,,,,,,,,,
406203,2009/10,2010-01-24,Sydney Cricket Ground,1,47.4,Australia,Pakistan,BJ Haddin,CL White,Mohammad Amir,4,0,,,,,,,,,
406203,2009/10,2010-01-24,Sydney Cricket Ground,1,47.5,Australia,Pakistan,BJ Haddin,CL White,Mohammad Amir,1,0,,,,,,,,,
406203,2009/10,2010-01-24,Sydney Cricket Ground,1,47.6,Australia,Pakistan,CL White,BJ Haddin,Mohammad Amir,4,0,,,,,,,,,
406203,2009/10,2010-01-24,Sydney Cricket Ground,1,48.1,Australia,Pakistan,BJ Haddin,CL White,Umar Gul,2,0,,,,,,,,,
406203,2009/10,2010-01-24,Sydney Cricket Ground,1,48.2,Australia,Pakistan,BJ Haddin,CL White,Umar Gul,2,0,,,,,,,,,
406203,2009/10,2010-01-24,Sydney Cricket Ground,1,48.3,Australia,Pakistan,BJ Haddin,CL White,Umar Gul,4,0,,,,,,,,,
406203,2009/10,2010-01-24,Sydney Cricket Ground,1,48.4,Australia,Pakistan,BJ Haddin,CL White,Umar Gul,1,0,,,,,,,,,
406203,2009/10,2010-01-24,Sydney Cricket Ground,1,48.5,Australia,Pakistan,CL White,BJ Haddin,Umar Gul,4,0,,,,,,,,,
406203,2009/10,2010-01-24,Sydney Cricket Ground,1,48.6,Australia,Pakistan,CL White,BJ Haddin,Umar Gul,3,0,,,,,,,,,
406203,2009/10,2010-01-24,Sydney Cricket Ground,1,49.1,Australia,Pakistan,CL White,BJ Haddin,Mohammad Amir,0,0,,,,,,,,,
406203,2009/10,2010-01-24,Sydney Cricket Ground,1,49.2,Australia,Pakistan,CL White,BJ Haddin,Mohammad Amir,2,0,,,,,,,,,
406203,2009/10,2010-01-24,Sydney Cricket Ground,1,49.3,Australia,Pakistan,CL White,BJ Haddin,Mohammad Amir,0,0,,,,,,caught,CL White,,
406203,2009/10,2010-01-24,Sydney Cricket Ground,1,49.4,Australia,Pakistan,BJ Haddin,NM Hauritz,Mohammad Amir,1,0,,,,,,,,,
406203,2009/10,2010-01-24,Sydney Cricket Ground,1,49.5,Australia,Pakistan,NM Hauritz,BJ Haddin,Mohammad Amir,1,0,,,,,,,,,
406203,2009/10,2010-01-24,Sydney Cricket Ground,1,49.6,Australia,Pakistan,BJ Haddin,NM Hauritz,Mohammad Amir,4,0,,,,,,,,,
406203,2009/10,2010-01-24,Sydney Cricket Ground,2,0.1,Pakistan,Australia,Salman Butt,Kamran Akmal,DE Bollinger,0,0,,,,,,,,,
406203,2009/10,2010-01-24,Sydney Cricket Ground,2,0.2,Pakistan,Australia,Salman Butt,Kamran Akmal,DE Bollinger,0,0,,,,,,,,,
406203,2009/10,2010-01-24,Sydney Cricket Ground,2,0.3,Pakistan,Australia,Salman Butt,Kamran Akmal,DE Bollinger,1,0,,,,,,,,,
406203,2009/10,2010-01-24,Sydney Cricket Ground,2,0.4,Pakistan,Australia,Kamran Akmal,Salman Butt,DE Bollinger,0,0,,,,,,,,,
406203,2009/10,2010-01-24,Sydney Cricket Ground,2,0.5,Pakistan,Australia,Kamran Akmal,Salman Butt,DE Bollinger,0,0,,,,,,,,,
406203,2009/10,2010-01-24,Sydney Cricket Ground,2,0.6,Pakistan,Australia,Kamran Akmal,Salman Butt,DE Bollinger,0,0,,,,,,,,,
406203,2009/10,2010-01-24,Sydney Cricket Ground,2,1.1,Pakistan,Australia,Salman Butt,Kamran Akmal,PM Siddle,0,0,,,,,,,,,
406203,2009/10,2010-01-24,Sydney Cricket Ground,2,1.2,Pakistan,Australia,Salman Butt,Kamran Akmal,PM Siddle,0,0,,,,,,,,,
406203,2009/10,2010-01-24,Sydney Cricket Ground,2,1.3,Pakistan,Australia,Salman Butt,Kamran Akmal,PM Siddle,0,0,,,,,,,,,
406203,2009/10,2010-01-24,Sydney Cricket Ground,2,1.4,Pakistan,Australia,Salman Butt,Kamran Akmal,PM Siddle,1,0,,,,,,,,,
406203,2009/10,2010-01-24,Sydney Cricket Ground,2,1.5,Pakistan,Australia,Kamran Akmal,Salman Butt,PM Siddle,0,1,1,,,,,,,,
406203,2009/10,2010-01-24,Sydney Cricket Ground,2,1.6,Pakistan,Australia,Kamran Akmal,Salman Butt,PM Siddle,0,0,,,,,,,,,
406203,2009/10,2010-01-24,Sydney Cricket Ground,2,1.7,Pakistan,Australia,Kamran Akmal,Salman Butt,PM Siddle,0,0,,,,,,,,,
406203,2009/10,2010-01-24,Sydney Cricket Ground,2,2.1,Pakistan,Australia,Salman Butt,Kamran Akmal,DE Bollinger,0,0,,,,,,,,,
406203,2009/10,2010-01-24,Sydney Cricket Ground,2,2.2,Pakistan,Australia,Salman Butt,Kamran Akmal,DE Bollinger,0,0,,,,,,,,,
406203,2009/10,2010-01-24,Sydney Cricket Ground,2,2.3,Pakistan,Australia,Salman Butt,Kamran Akmal,DE Bollinger,0,0,,,,,,,,,
406203,2009/10,2010-01-24,Sydney Cricket Ground,2,2.4,Pakistan,Australia,Salman Butt,Kamran Akmal,DE Bollinger,0,0,,,,,,,,,
406203,2009/10,2010-01-24,Sydney Cricket Ground,2,2.5,Pakistan,Australia,Salman Butt,Kamran Akmal,DE Bollinger,0,0,,,,,,,,,
406203,2009/10,2010-01-24,Sydney Cricket Ground,2,2.6,Pakistan,Australia,Salman Butt,Kamran Akmal,DE Bollinger,0,0,,,,,,,,,
406203,2009/10,2010-01-24,Sydney Cricket Ground,2,3.1,Pakistan,Australia,Kamran Akmal,Salman Butt,PM Siddle,0,0,,,,,,,,,
406203,2009/10,2010-01-24,Sydney Cricket Ground,2,3.2,Pakistan,Australia,Kamran Akmal,Salman Butt,PM Siddle,0,0,,,,,,,,,
406203,2009/10,2010-01-24,Sydney Cricket Ground,2,3.3,Pakistan,Australia,Kamran Akmal,Salman Butt,PM Siddle,0,0,,,,,,,,,
406203,2009/10,2010-01-24,Sydney Cricket Ground,2,3.4,Pakistan,Australia,Kamran Akmal,Salman Butt,PM Siddle,0,0,,,,,,,,,
406203,2009/10,2010-01-24,Sydney Cricket Ground,2,3.5,Pakistan,Australia,Kamran Akmal,Salman Butt,PM Siddle,3,0,,,,,,,,,
406203,2009/10,2010-01-24,Sydney Cricket Ground,2,3.6,Pakistan,Australia,Salman Butt,Kamran Akmal,PM Siddle,0,0,,,,,,,,,
406203,2009/10,2010-01-24,Sydney Cricket Ground,2,4.1,Pakistan,Australia,Kamran Akmal,Salman Butt,DE Bollinger,0,0,,,,,,,,,
406203,2009/10,2010-01-24,Sydney Cricket Ground,2,4.2,Pakistan,Australia,Kamran Akmal,Salman Butt,DE Bollinger,1,0,,,,,,,,,
406203,2009/10,2010-01-24,Sydney Cricket Ground,2,4.3,Pakistan,Australia,Salman Butt,Kamran Akmal,DE Bollinger,0,0,,,,,,caught,Salman Butt,,
406203,2009/10,2010-01-24,Sydney Cricket Ground,2,4.4,Pakistan,Australia,Younis Khan,Kamran Akmal,DE Bollinger,0,0,,,,,,,,,
406203,2009/10,2010-01-24,Sydney Cricket Ground,2,4.5,Pakistan,Australia,Younis Khan,Kamran Akmal,DE Bollinger,0,0,,,,,,,,,
406203,2009/10,2010-01-24,Sydney Cricket Ground,2,4.6,Pakistan,Australia,Younis Khan,Kamran Akmal,DE Bollinger,0,0,,,,,,caught,Younis Khan,,
406203,2009/10,2010-01-24,Sydney Cricket Ground,2,5.1,Pakistan,Australia,Kamran Akmal,Mohammad Yousuf,PM Siddle,0,0,,,,,,,,,
406203,2009/10,2010-01-24,Sydney Cricket Ground,2,5.2,Pakistan,Australia,Kamran Akmal,Mohammad Yousuf,PM Siddle,0,0,,,,,,,,,
406203,2009/10,2010-01-24,Sydney Cricket Ground,2,5.3,Pakistan,Australia,Kamran Akmal,Mohammad Yousuf,PM Siddle,0,0,,,,,,,,,
406203,2009/10,2010-01-24,Sydney Cricket Ground,2,5.4,Pakistan,Australia,Kamran Akmal,Mohammad Yousuf,PM Siddle,0,0,,,,,,,,,
406203,2009/10,2010-01-24,Sydney Cricket Ground,2,5.5,Pakistan,Australia,Kamran Akmal,Mohammad Yousuf,PM Siddle,0,0,,,,,,,,,
406203,2009/10,2010-01-24,Sydney Cricket Ground,2,5.6,Pakistan,Australia,Kamran Akmal,Mohammad Yousuf,PM Siddle,0,0,,,,,,,,,
406203,2009/10,2010-01-24,Sydney Cricket Ground,2,6.1,Pakistan,Australia,Mohammad Yousuf,Kamran Akmal,DE Bollinger,0,0,,,,,,,,,
406203,2009/10,2010-01-24,Sydney Cricket Ground,2,6.2,Pakistan,Australia,Mohammad Yousuf,Kamran Akmal,DE Bollinger,0,0,,,,,,,,,
406203,2009/10,2010-01-24,Sydney Cricket Ground,2,6.3,Pakistan,Australia,Mohammad Yousuf,Kamran Akmal,DE Bollinger,0,0,,,,,,,,,
406203,2009/10,2010-01-24,Sydney Cricket Ground,2,6.4,Pakistan,Australia,Mohammad Yousuf,Kamran Akmal,DE Bollinger,0,1,1,,,,,,,,
406203,2009/10,2010-01-24,Sydney Cricket Ground,2,6.5,Pakistan,Australia,Mohammad Yousuf,Kamran Akmal,DE Bollinger,2,0,,,,,,,,,
406203,2009/10,2010-01-24,Sydney Cricket Ground,2,6.6,Pakistan,Australia,Mohammad Yousuf,Kamran Akmal,DE Bollinger,0,0,,,,,,,,,
406203,2009/10,2010-01-24,Sydney Cricket Ground,2,6.7,Pakistan,Australia,Mohammad Yousuf,Kamran Akmal,DE Bollinger,4,0,,,,,,,,,
406203,2009/10,2010-01-24,Sydney Cricket Ground,2,7.1,Pakistan,Australia,Kamran Akmal,Mohammad Yousuf,PM Siddle,6,0,,,,,,,,,
406203,2009/10,2010-01-24,Sydney Cricket Ground,2,7.2,Pakistan,Australia,Kamran Akmal,Mohammad Yousuf,PM Siddle,1,0,,,,,,,,,
406203,2009/10,2010-01-24,Sydney Cricket Ground,2,7.3,Pakistan,Australia,Mohammad Yousuf,Kamran Akmal,PM Siddle,0,0,,,,,,,,,
406203,2009/10,2010-01-24,Sydney Cricket Ground,2,7.4,Pakistan,Australia,Mohammad Yousuf,Kamran Akmal,PM Siddle,0,0,,,,,,,,,
406203,2009/10,2010-01-24,Sydney Cricket Ground,2,7.5,Pakistan,Australia,Mohammad Yousuf,Kamran Akmal,PM Siddle,1,0,,,,,,,,,
406203,2009/10,2010-01-24,Sydney Cricket Ground,2,7.6,Pakistan,Australia,Kamran Akmal,Mohammad Yousuf,PM Siddle,0,0,,,,,,,,,
406203,2009/10,2010-01-24,Sydney Cricket Ground,2,8.1,Pakistan,Australia,Mohammad Yousuf,Kamran Akmal,CJ McKay,1,0,,,,,,,,,
406203,2009/10,2010-01-24,Sydney Cricket Ground,2,8.2,Pakistan,Australia,Kamran Akmal,Mohammad Yousuf,CJ McKay,0,0,,,,,,,,,
406203,2009/10,2010-01-24,Sydney Cricket Ground,2,8.3,Pakistan,Australia,Kamran Akmal,Mohammad Yousuf,CJ McKay,0,0,,,,,,,,,
406203,2009/10,2010-01-24,Sydney Cricket Ground,2,8.4,Pakistan,Australia,Kamran Akmal,Mohammad Yousuf,CJ McKay,4,0,,,,,,,,,
406203,2009/10,2010-01-24,Sydney Cricket Ground,2,8.5,Pakistan,Australia,Kamran Akmal,Mohammad Yousuf,CJ McKay,0,0,,,,,,,,,
406203,2009/10,2010-01-24,Sydney Cricket Ground,2,8.6,Pakistan,Australia,Kamran Akmal,Mohammad Yousuf,CJ McKay,0,0,,,,,,,,,
406203,2009/10,2010-01-24,Sydney Cricket Ground,2,9.1,Pakistan,Australia,Mohammad Yousuf,Kamran Akmal,PM Siddle,0,0,,,,,,,,,
406203,2009/10,2010-01-24,Sydney Cricket Ground,2,9.2,Pakistan,Australia,Mohammad Yousuf,Kamran Akmal,PM Siddle,1,0,,,,,,,,,
406203,2009/10,2010-01-24,Sydney Cricket Ground,2,9.3,Pakistan,Australia,Kamran Akmal,Mohammad Yousuf,PM Siddle,0,1,,,,1,,,,,
406203,2009/10,2010-01-24,Sydney Cricket Ground,2,9.4,Pakistan,Australia,Mohammad Yousuf,Kamran Akmal,PM Siddle,0,0,,,,,,,,,
406203,2009/10,2010-01-24,Sydney Cricket Ground,2,9.5,Pakistan,Australia,Mohammad Yousuf,Kamran Akmal,PM Siddle,2,0,,,,,,,,,
406203,2009/10,2010-01-24,Sydney Cricket Ground,2,9.6,Pakistan,Australia,Mohammad Yousuf,Kamran Akmal,PM Siddle,0,0,,,,,,,,,
406203,2009/10,2010-01-24,Sydney Cricket Ground,2,10.1,Pakistan,Australia,Kamran Akmal,Mohammad Yousuf,CJ McKay,0,0,,,,,,,,,
406203,2009/10,2010-01-24,Sydney Cricket Ground,2,10.2,Pakistan,Australia,Kamran Akmal,Mohammad Yousuf,CJ McKay,0,0,,,,,,,,,
406203,2009/10,2010-01-24,Sydney Cricket Ground,2,10.3,Pakistan,Australia,Kamran Akmal,Mohammad Yousuf,CJ McKay,0,0,,,,,,,,,
406203,2009/10,2010-01-24,Sydney Cricket Ground,2,10.4,Pakistan,Australia,Kamran Akmal,Mohammad Yousuf,CJ McKay,1,0,,,,,,,,,
406203,2009/10,2010-01-24,Sydney Cricket Ground,2,10.5,Pakistan,Australia,Mohammad Yousuf,Kamran Akmal,CJ McKay,0,0,,,,,,,,,
406203,2009/10,2010-01-24,Sydney Cricket Ground,2,10.6,Pakistan,Australia,Mohammad Yousuf,Kamran Akmal,CJ McKay,0,0,,,,,,run out,Kamran Akmal,,
406203,2009/10,2010-01-24,Sydney Cricket Ground,2,11.1,Pakistan,Australia,Umar Akmal,Mohammad Yousuf,PM Siddle,0,0,,,,,,,,,
406203,2009/10,2010-01-24,Sydney Cricket Ground,2,11.2,Pakistan,Australia,Umar Akmal,Mohammad Yousuf,PM Siddle,0,0,,,,,,bowled,Umar Akmal,,
406203,2009/10,2010-01-24,Sydney Cricket Ground,2,11.3,Pakistan,Australia,Shoaib Malik,Mohammad Yousuf,PM Siddle,0,0,,,,,,,,,
406203,2009/10,2010-01-24,Sydney Cricket Ground,2,11.4,Pakistan,Australia,Shoaib Malik,Mohammad Yousuf,PM Siddle,0,0,,,,,,,,,
406203,2009/10,2010-01-24,Sydney Cricket Ground,2,11.5,Pakistan,Australia,Shoaib Malik,Mohammad Yousuf,PM Siddle,1,0,,,,,,,,,
406203,2009/10,2010-01-24,Sydney Cricket Ground,2,11.6,Pakistan,Australia,Mohammad Yousuf,Shoaib Malik,PM Siddle,0,0,,,,,,,,,
406203,2009/10,2010-01-24,Sydney Cricket Ground,2,12.1,Pakistan,Australia,Shoaib Malik,Mohammad Yousuf,CJ McKay,0,0,,,,,,,,,
406203,2009/10,2010-01-24,Sydney Cricket Ground,2,12.2,Pakistan,Australia,Shoaib Malik,Mohammad Yousuf,CJ McKay,0,0,,,,,,,,,
406203,2009/10,2010-01-24,Sydney Cricket Ground,2,12.3,Pakistan,Australia,Shoaib Malik,Mohammad Yousuf,CJ McKay,0,0,,,,,,,,,
406203,2009/10,2010-01-24,Sydney Cricket Ground,2,12.4,Pakistan,Australia,Shoaib Malik,Mohammad Yousuf,CJ McKay,0,0,,,,,,,,,
406203,2009/10,2010-01-24,Sydney Cricket Ground,2,12.5,Pakistan,Australia,Shoaib Malik,Mohammad Yousuf,CJ McKay,0,0,,,,,,,,,
406203,2009/10,2010-01-24,Sydney Cricket Ground,2,12.6,Pakistan,Australia,Shoaib Malik,Mohammad Yousuf,CJ McKay,0,1,1,,,,,,,,
406203,2009/10,2010-01-24,Sydney Cricket Ground,2,12.7,Pakistan,Australia,Shoaib Malik,Mohammad Yousuf,CJ McKay,0,0,,,,,,,,,
406203,2009/10,2010-01-24,Sydney Cricket Ground,2,13.1,Pakistan,Australia,Mohammad Yousuf,Shoaib Malik,DE Bollinger,2,0,,,,,,,,,
406203,2009/10,2010-01-24,Sydney Cricket Ground,2,13.2,Pakistan,Australia,Mohammad Yousuf,Shoaib Malik,DE Bollinger,0,0,,,,,,,,,
406203,2009/10,2010-01-24,Sydney Cricket Ground,2,13.3,Pakistan,Australia,Mohammad Yousuf,Shoaib Malik,DE Bollinger,0,0,,,,,,,,,
406203,2009/10,2010-01-24,Sydney Cricket Ground,2,13.4,Pakistan,Australia,Mohammad Yousuf,Shoaib Malik,DE Bollinger,1,0,,,,,,,,,
406203,2009/10,2010-01-24,Sydney Cricket Ground,2,13.5,Pakistan,Australia,Shoaib Malik,Mohammad Yousuf,DE Bollinger,0,0,,,,,,,,,
406203,2009/10,2010-01-24,Sydney Cricket Ground,2,13.6,Pakistan,Australia,Shoaib Malik,Mohammad Yousuf,DE Bollinger,0,0,,,,,,,,,
406203,2009/10,2010-01-24,Sydney Cricket Ground,2,14.1,Pakistan,Australia,Mohammad Yousuf,Shoaib Malik,CJ McKay,1,0,,,,,,,,,
406203,2009/10,2010-01-24,Sydney Cricket Ground,2,14.2,Pakistan,Australia,Shoaib Malik,Mohammad Yousuf,CJ McKay,0,0,,,,,,,,,
406203,2009/10,2010-01-24,Sydney Cricket Ground,2,14.3,Pakistan,Australia,Shoaib Malik,Mohammad Yousuf,CJ McKay,0,0,,,,,,,,,
406203,2009/10,2010-01-24,Sydney Cricket Ground,2,14.4,Pakistan,Australia,Shoaib Malik,Mohammad Yousuf,CJ McKay,0,0,,,,,,,,,
406203,2009/10,2010-01-24,Sydney Cricket Ground,2,14.5,Pakistan,Australia,Shoaib Malik,Mohammad Yousuf,CJ McKay,0,0,,,,,,,,,
406203,2009/10,2010-01-24,Sydney Cricket Ground,2,14.6,Pakistan,Australia,Shoaib Malik,Mohammad Yousuf,CJ McKay,0,0,,,,,,,,,
406203,2009/10,2010-01-24,Sydney Cricket Ground,2,15.1,Pakistan,Australia,Mohammad Yousuf,Shoaib Malik,DE Bollinger,0,0,,,,,,,,,
406203,2009/10,2010-01-24,Sydney Cricket Ground,2,15.2,Pakistan,Australia,Mohammad Yousuf,Shoaib Malik,DE Bollinger,1,0,,,,,,,,,
406203,2009/10,2010-01-24,Sydney Cricket Ground,2,15.3,Pakistan,Australia,Shoaib Malik,Mohammad Yousuf,DE Bollinger,0,0,,,,,,,,,
406203,2009/10,2010-01-24,Sydney Cricket Ground,2,15.4,Pakistan,Australia,Shoaib Malik,Mohammad Yousuf,DE Bollinger,0,0,,,,,,,,,
406203,2009/10,2010-01-24,Sydney Cricket Ground,2,15.5,Pakistan,Australia,Shoaib Malik,Mohammad Yousuf,DE Bollinger,0,0,,,,,,,,,
406203,2009/10,2010-01-24,Sydney Cricket Ground,2,15.6,Pakistan,Australia,Shoaib Malik,Mohammad Yousuf,DE Bollinger,0,0,,,,,,,,,
406203,2009/10,2010-01-24,Sydney Cricket Ground,2,16.1,Pakistan,Australia,Mohammad Yousuf,Shoaib Malik,CJ McKay,1,0,,,,,,,,,
406203,2009/10,2010-01-24,Sydney Cricket Ground,2,16.2,Pakistan,Australia,Shoaib Malik,Mohammad Yousuf,CJ McKay,1,0,,,,,,,,,
406203,2009/10,2010-01-24,Sydney Cricket Ground,2,16.3,Pakistan,Australia,Mohammad Yousuf,Shoaib Malik,CJ McKay,1,0,,,,,,,,,
406203,2009/10,2010-01-24,Sydney Cricket Ground,2,16.4,Pakistan,Australia,Shoaib Malik,Mohammad Yousuf,CJ McKay,0,0,,,,,,,,,
406203,2009/10,2010-01-24,Sydney Cricket Ground,2,16.5,Pakistan,Australia,Shoaib Malik,Mohammad Yousuf,CJ McKay,0,0,,,,,,,,,
406203,2009/10,2010-01-24,Sydney Cricket Ground,2,16.6,Pakistan,Australia,Shoaib Malik,Mohammad Yousuf,CJ McKay,0,0,,,,,,caught,Shoaib Malik,,
406203,2009/10,2010-01-24,Sydney Cricket Ground,2,17.1,Pakistan,Australia,Mohammad Yousuf,Shahid Afridi,DE Bollinger,0,0,,,,,,,,,
406203,2009/10,2010-01-24,Sydney Cricket Ground,2,17.2,Pakistan,Australia,Mohammad Yousuf,Shahid Afridi,DE Bollinger,1,0,,,,,,,,,
406203,2009/10,2010-01-24,Sydney Cricket Ground,2,17.3,Pakistan,Australia,Shahid Afridi,Mohammad Yousuf,DE Bollinger,1,0,,,,,,,,,
406203,2009/10,2010-01-24,Sydney Cricket Ground,2,17.4,Pakistan,Australia,Mohammad Yousuf,Shahid Afridi,DE Bollinger,0,0,,,,,,,,,
406203,2009/10,2010-01-24,Sydney Cricket Ground,2,17.5,Pakistan,Australia,Mohammad Yousuf,Shahid Afridi,DE Bollinger,1,0,,,,,,,,,
406203,2009/10,2010-01-24,Sydney Cricket Ground,2,17.6,Pakistan,Australia,Shahid Afridi,Mohammad Yousuf,DE Bollinger,0,0,,,,,,,,,
406203,2009/10,2010-01-24,Sydney Cricket Ground,2,18.1,Pakistan,Australia,Mohammad Yousuf,Shahid Afridi,CJ McKay,0,0,,,,,,,,,
406203,2009/10,2010-01-24,Sydney Cricket Ground,2,18.2,Pakistan,Australia,Mohammad Yousuf,Shahid Afridi,CJ McKay,0,0,,,,,,,,,
406203,2009/10,2010-01-24,Sydney Cricket Ground,2,18.3,Pakistan,Australia,Mohammad Yousuf,Shahid Afridi,CJ McKay,0,0,,,,,,,,,
406203,2009/10,2010-01-24,Sydney Cricket Ground,2,18.4,Pakistan,Australia,Mohammad Yousuf,Shahid Afridi,CJ McKay,0,0,,,,,,,,,
406203,2009/10,2010-01-24,Sydney Cricket Ground,2,18.5,Pakistan,Australia,Mohammad Yousuf,Shahid Afridi,CJ McKay,0,1,1,,,,,,,,
406203,2009/10,2010-01-24,Sydney Cricket Ground,2,18.6,Pakistan,Australia,Mohammad Yousuf,Shahid Afridi,CJ McKay,0,0,,,,,,,,,
406203,2009/10,2010-01-24,Sydney Cricket Ground,2,18.7,Pakistan,Australia,Mohammad Yousuf,Shahid Afridi,CJ McKay,1,0,,,,,,,,,
406203,2009/10,2010-01-24,Sydney Cricket Ground,2,19.1,Pakistan,Australia,Mohammad Yousuf,Shahid Afridi,SR Watson,0,0,,,,,,,,,
406203,2009/10,2010-01-24,Sydney Cricket Ground,2,19.2,Pakistan,Australia,Mohammad Yousuf,Shahid Afridi,SR Watson,0,0,,,,,,,,,
406203,2009/10,2010-01-24,Sydney Cricket Ground,2,19.3,Pakistan,Australia,Mohammad Yousuf,Shahid Afridi,SR Watson,1,0,,,,,,,,,
406203,2009/10,2010-01-24,Sydney Cricket Ground,2,19.4,Pakistan,Australia,Shahid Afridi,Mohammad Yousuf,SR Watson,0,0,,,,,,,,,
406203,2009/10,2010-01-24,Sydney Cricket Ground,2,19.5,Pakistan,Australia,Shahid Afridi,Mohammad Yousuf,SR Watson,1,0,,,,,,,,,
406203,2009/10,2010-01-24,Sydney Cricket Ground,2,19.6,Pakistan,Australia,Mohammad Yousuf,Shahid Afridi,SR Watson,0,0,,,,,,,,,
406203,2009/10,2010-01-24,Sydney Cricket Ground,2,20.1,Pakistan,Australia,Shahid Afridi,Mohammad Yousuf,NM Hauritz,6,0,,,,,,,,,
406203,2009/10,2010-01-24,Sydney Cricket Ground,2,20.2,Pakistan,Australia,Shahid Afridi,Mohammad Yousuf,NM Hauritz,1,0,,,,,,,,,
406203,2009/10,2010-01-24,Sydney Cricket Ground,2,20.3,Pakistan,Australia,Mohammad Yousuf,Shahid Afridi,NM Hauritz,0,0,,,,,,,,,
406203,2009/10,2010-01-24,Sydney Cricket Ground,2,20.4,Pakistan,Australia,Mohammad Yousuf,Shahid Afridi,NM Hauritz,0,0,,,,,,,,,
406203,2009/10,2010-01-24,Sydney Cricket Ground,2,20.5,Pakistan,Australia,Mohammad Yousuf,Shahid Afridi,NM Hauritz,0,0,,,,,,,,,
406203,2009/10,2010-01-24,Sydney Cricket Ground,2,20.6,Pakistan,Australia,Mohammad Yousuf,Shahid Afridi,NM Hauritz,1,0,,,,,,,,,
406203,2009/10,2010-01-24,Sydney Cricket Ground,2,21.1,Pakistan,Australia,Mohammad Yousuf,Shahid Afridi,SR Watson,0,0,,,,,,,,,
406203,2009/10,2010-01-24,Sydney Cricket Ground,2,21.2,Pakistan,Australia,Mohammad Yousuf,Shahid Afridi,SR Watson,0,0,,,,,,,,,
406203,2009/10,2010-01-24,Sydney Cricket Ground,2,21.3,Pakistan,Australia,Mohammad Yousuf,Shahid Afridi,SR Watson,1,0,,,,,,,,,
406203,2009/10,2010-01-24,Sydney Cricket Ground,2,21.4,Pakistan,Australia,Shahid Afridi,Mohammad Yousuf,SR Watson,0,0,,,,,,caught and bowled,Shahid Afridi,,
406203,2009/10,2010-01-24,Sydney Cricket Ground,2,21.5,Pakistan,Australia,Mohammad Amir,Mohammad Yousuf,SR Watson,0,0,,,,,,,,,
406203,2009/10,2010-01-24,Sydney Cricket Ground,2,21.6,Pakistan,Australia,Mohammad Amir,Mohammad Yousuf,SR Watson,0,0,,,,,,,,,
406203,2009/10,2010-01-24,Sydney Cricket Ground,2,22.1,Pakistan,Australia,Mohammad Yousuf,Mohammad Amir,NM Hauritz,0,0,,,,,,,,,
406203,2009/10,2010-01-24,Sydney Cricket Ground,2,22.2,Pakistan,Australia,Mohammad Yousuf,Mohammad Amir,NM Hauritz,0,0,,,,,,,,,
406203,2009/10,2010-01-24,Sydney Cricket Ground,2,22.3,Pakistan,Australia,Mohammad Yousuf,Mohammad Amir,NM Hauritz,0,0,,,,,,,,,
406203,2009/10,2010-01-24,Sydney Cricket Ground,2,22.4,Pakistan,Australia,Mohammad Yousuf,Mohammad Amir,NM Hauritz,1,0,,,,,,,,,
406203,2009/10,2010-01-24,Sydney Cricket Ground,2,22.5,Pakistan,Australia,Mohammad Amir,Mohammad Yousuf,NM Hauritz,0,0,,,,,,,,,
406203,2009/10,2010-01-24,Sydney Cricket Ground,2,22.6,Pakistan,Australia,Mohammad Amir,Mohammad Yousuf,NM Hauritz,0,0,,,,,,,,,
406203,2009/10,2010-01-24,Sydney Cricket Ground,2,23.1,Pakistan,Australia,Mohammad Yousuf,Mohammad Amir,SR Watson,6,0,,,,,,,,,
406203,2009/10,2010-01-24,Sydney Cricket Ground,2,23.2,Pakistan,Australia,Mohammad Yousuf,Mohammad Amir,SR Watson,0,0,,,,,,,,,
406203,2009/10,2010-01-24,Sydney Cricket Ground,2,23.3,Pakistan,Australia,Mohammad Yousuf,Mohammad Amir,SR Watson,0,0,,,,,,,,,
406203,2009/10,2010-01-24,Sydney Cricket Ground,2,23.4,Pakistan,Australia,Mohammad Yousuf,Mohammad Amir,SR Watson,0,0,,,,,,,,,
406203,2009/10,2010-01-24,Sydney Cricket Ground,2,23.5,Pakistan,Australia,Mohammad Yousuf,Mohammad Amir,SR Watson,1,0,,,,,,,,,
406203,2009/10,2010-01-24,Sydney Cricket Ground,2,23.6,Pakistan,Australia,Mohammad Amir,Mohammad Yousuf,SR Watson,0,0,,,,,,,,,
406203,2009/10,2010-01-24,Sydney Cricket Ground,2,24.1,Pakistan,Australia,Mohammad Yousuf,Mohammad Amir,NM Hauritz,0,0,,,,,,,,,
406203,2009/10,2010-01-24,Sydney Cricket Ground,2,24.2,Pakistan,Australia,Mohammad Yousuf,Mohammad Amir,NM Hauritz,1,0,,,,,,,,,
406203,2009/10,2010-01-24,Sydney Cricket Ground,2,24.3,Pakistan,Australia,Mohammad Amir,Mohammad Yousuf,NM Hauritz,2,0,,,,,,,,,
406203,2009/10,2010-01-24,Sydney Cricket Ground,2,24.4,Pakistan,Australia,Mohammad Amir,Mohammad Yousuf,NM Hauritz,2,0,,,,,,,,,
406203,2009/10,2010-01-24,Sydney Cricket Ground,2,24.5,Pakistan,Australia,Mohammad Amir,Mohammad Yousuf,NM Hauritz,0,0,,,,,,,,,
406203,2009/10,2010-01-24,Sydney Cricket Ground,2,24.6,Pakistan,Australia,Mohammad Amir,Mohammad Yousuf,NM Hauritz,0,0,,,,,,caught and bowled,Mohammad Amir,,
406203,2009/10,2010-01-24,Sydney Cricket Ground,2,25.1,Pakistan,Australia,Mohammad Yousuf,Naved-ul-Hasan,PM Siddle,0,0,,,,,,,,,
406203,2009/10,2010-01-24,Sydney Cricket Ground,2,25.2,Pakistan,Australia,Mohammad Yousuf,Naved-ul-Hasan,PM Siddle,0,0,,,,,,,,,
406203,2009/10,2010-01-24,Sydney Cricket Ground,2,25.3,Pakistan,Australia,Mohammad Yousuf,Naved-ul-Hasan,PM Siddle,0,0,,,,,,,,,
406203,2009/10,2010-01-24,Sydney Cricket Ground,2,25.4,Pakistan,Australia,Mohammad Yousuf,Naved-ul-Hasan,PM Siddle,0,0,,,,,,,,,
406203,2009/10,2010-01-24,Sydney Cricket Ground,2,25.5,Pakistan,Australia,Mohammad Yousuf,Naved-ul-Hasan,PM Siddle,1,0,,,,,,,,,
406203,2009/10,2010-01-24,Sydney Cricket Ground,2,25.6,Pakistan,Australia,Naved-ul-Hasan,Mohammad Yousuf,PM Siddle,0,0,,,,,,,,,
406203,2009/10,2010-01-24,Sydney Cricket Ground,2,26.1,Pakistan,Australia,Mohammad Yousuf,Naved-ul-Hasan,NM Hauritz,0,0,,,,,,,,,
406203,2009/10,2010-01-24,Sydney Cricket Ground,2,26.2,Pakistan,Australia,Mohammad Yousuf,Naved-ul-Hasan,NM Hauritz,1,0,,,,,,,,,
406203,2009/10,2010-01-24,Sydney Cricket Ground,2,26.3,Pakistan,Australia,Naved-ul-Hasan,Mohammad Yousuf,NM Hauritz,0,0,,,,,,,,,
406203,2009/10,2010-01-24,Sydney Cricket Ground,2,26.4,Pakistan,Australia,Naved-ul-Hasan,Mohammad Yousuf,NM Hauritz,6,0,,,,,,,,,
406203,2009/10,2010-01-24,Sydney Cricket Ground,2,26.5,Pakistan,Australia,Naved-ul-Hasan,Mohammad Yousuf,NM Hauritz,2,0,,,,,,,,,
406203,2009/10,2010-01-24,Sydney Cricket Ground,2,26.6,Pakistan,Australia,Naved-ul-Hasan,Mohammad Yousuf,NM Hauritz,1,0,,,,,,,,,
406203,2009/10,2010-01-24,Sydney Cricket Ground,2,27.1,Pakistan,Australia,Naved-ul-Hasan,Mohammad Yousuf,PM Siddle,0,0,,,,,,,,,
406203,2009/10,2010-01-24,Sydney Cricket Ground,2,27.2,Pakistan,Australia,Naved-ul-Hasan,Mohammad Yousuf,PM Siddle,0,0,,,,,,,,,
406203,2009/10,2010-01-24,Sydney Cricket Ground,2,27.3,Pakistan,Australia,Naved-ul-Hasan,Mohammad Yousuf,PM Siddle,0,0,,,,,,,,,
406203,2009/10,2010-01-24,Sydney Cricket Ground,2,27.4,Pakistan,Australia,Naved-ul-Hasan,Mohammad Yousuf,PM Siddle,1,0,,,,,,,,,
406203,2009/10,2010-01-24,Sydney Cricket Ground,2,27.5,Pakistan,Australia,Mohammad Yousuf,Naved-ul-Hasan,PM Siddle,0,0,,,,,,,,,
406203,2009/10,2010-01-24,Sydney Cricket Ground,2,27.6,Pakistan,Australia,Mohammad Yousuf,Naved-ul-Hasan,PM Siddle,4,0,,,,,,,,,
406203,2009/10,2010-01-24,Sydney Cricket Ground,2,28.1,Pakistan,Australia,Naved-ul-Hasan,Mohammad Yousuf,NM Hauritz,1,0,,,,,,,,,
406203,2009/10,2010-01-24,Sydney Cricket Ground,2,28.2,Pakistan,Australia,Mohammad Yousuf,Naved-ul-Hasan,NM Hauritz,2,0,,,,,,,,,
406203,2009/10,2010-01-24,Sydney Cricket Ground,2,28.3,Pakistan,Australia,Mohammad Yousuf,Naved-ul-Hasan,NM Hauritz,0,0,,,,,,,,,
406203,2009/10,2010-01-24,Sydney Cricket Ground,2,28.4,Pakistan,Australia,Mohammad Yousuf,Naved-ul-Hasan,NM Hauritz,0,0,,,,,,,,,
406203,2009/10,2010-01-24,Sydney Cricket Ground,2,28.5,Pakistan,Australia,Mohammad Yousuf,Naved-ul-Hasan,NM Hauritz,0,0,,,,,,,,,
406203,2009/10,2010-01-24,Sydney Cricket Ground,2,28.6,Pakistan,Australia,Mohammad Yousuf,Naved-ul-Hasan,NM Hauritz,0,0,,,,,,,,,
406203,2009/10,2010-01-24,Sydney Cricket Ground,2,29.1,Pakistan,Australia,Naved-ul-Hasan,Mohammad Yousuf,MJ Clarke,1,0,,,,,,,,,
406203,2009/10,2010-01-24,Sydney Cricket Ground,2,29.2,Pakistan,Australia,Mohammad Yousuf,Naved-ul-Hasan,MJ Clarke,2,0,,,,,,,,,
406203,2009/10,2010-01-24,Sydney Cricket Ground,2,29.3,Pakistan,Australia,Mohammad Yousuf,Naved-ul-Hasan,MJ Clarke,0,0,,,,,,,,,
406203,2009/10,2010-01-24,Sydney Cricket Ground,2,29.4,Pakistan,Australia,Mohammad Yousuf,Naved-ul-Hasan,MJ Clarke,0,0,,,,,,,,,
406203,2009/10,2010-01-24,Sydney Cricket Ground,2,29.5,Pakistan,Australia,Mohammad Yousuf,Naved-ul-Hasan,MJ Clarke,1,0,,,,,,,,,
406203,2009/10,2010-01-24,Sydney Cricket Ground,2,29.6,Pakistan,Australia,Naved-ul-Hasan,Mohammad Yousuf,MJ Clarke,0,0,,,,,,,,,
406203,2009/10,2010-01-24,Sydney Cricket Ground,2,30.1,Pakistan,Australia,Mohammad Yousuf,Naved-ul-Hasan,NM Hauritz,1,0,,,,,,,,,
406203,2009/10,2010-01-24,Sydney Cricket Ground,2,30.2,Pakistan,Australia,Naved-ul-Hasan,Mohammad Yousuf,NM Hauritz,1,0,,,,,,,,,
406203,2009/10,2010-01-24,Sydney Cricket Ground,2,30.3,Pakistan,Australia,Mohammad Yousuf,Naved-ul-Hasan,NM Hauritz,0,0,,,,,,,,,
406203,2009/10,2010-01-24,Sydney Cricket Ground,2,30.4,Pakistan,Australia,Mohammad Yousuf,Naved-ul-Hasan,NM Hauritz,1,0,,,,,,,,,
406203,2009/10,2010-01-24,Sydney Cricket Ground,2,30.5,Pakistan,Australia,Naved-ul-Hasan,Mohammad Yousuf,NM Hauritz,2,0,,,,,,,,,
406203,2009/10,2010-01-24,Sydney Cricket Ground,2,30.6,Pakistan,Australia,Naved-ul-Hasan,Mohammad Yousuf,NM Hauritz,0,0,,,,,,,,,
406203,2009/10,2010-01-24,Sydney Cricket Ground,2,31.1,Pakistan,Australia,Mohammad Yousuf,Naved-ul-Hasan,MJ Clarke,1,0,,,,,,,,,
406203,2009/10,2010-01-24,Sydney Cricket Ground,2,31.2,Pakistan,Australia,Naved-ul-Hasan,Mohammad Yousuf,MJ Clarke,1,0,,,,,,,,,
406203,2009/10,2010-01-24,Sydney Cricket Ground,2,31.3,Pakistan,Australia,Mohammad Yousuf,Naved-ul-Hasan,MJ Clarke,1,0,,,,,,,,,
406203,2009/10,2010-01-24,Sydney Cricket Ground,2,31.4,Pakistan,Australia,Naved-ul-Hasan,Mohammad Yousuf,MJ Clarke,1,0,,,,,,,,,
406203,2009/10,2010-01-24,Sydney Cricket Ground,2,31.5,Pakistan,Australia,Mohammad Yousuf,Naved-ul-Hasan,MJ Clarke,1,0,,,,,,,,,
406203,2009/10,2010-01-24,Sydney Cricket Ground,2,31.6,Pakistan,Australia,Naved-ul-Hasan,Mohammad Yousuf,MJ Clarke,0,0,,,,,,,,,
406203,2009/10,2010-01-24,Sydney Cricket Ground,2,32.1,Pakistan,Australia,Mohammad Yousuf,Naved-ul-Hasan,NM Hauritz,2,0,,,,,,,,,
406203,2009/10,2010-01-24,Sydney Cricket Ground,2,32.2,Pakistan,Australia,Mohammad Yousuf,Naved-ul-Hasan,NM Hauritz,1,0,,,,,,,,,
406203,2009/10,2010-01-24,Sydney Cricket Ground,2,32.3,Pakistan,Australia,Naved-ul-Hasan,Mohammad Yousuf,NM Hauritz,6,0,,,,,,,,,
406203,2009/10,2010-01-24,Sydney Cricket Ground,2,32.4,Pakistan,Australia,Naved-ul-Hasan,Mohammad Yousuf,NM Hauritz,4,0,,,,,,,,,
406203,2009/10,2010-01-24,Sydney Cricket Ground,2,32.5,Pakistan,Australia,Naved-ul-Hasan,Mohammad Yousuf,NM Hauritz,0,0,,,,,,,,,
406203,2009/10,2010-01-24,Sydney Cricket Ground,2,32.6,Pakistan,Australia,Naved-ul-Hasan,Mohammad Yousuf,NM Hauritz,0,0,,,,,,stumped,Naved-ul-Hasan,,
406203,2009/10,2010-01-24,Sydney Cricket Ground,2,33.1,Pakistan,Australia,Mohammad Yousuf,Umar Gul,MJ Clarke,4,0,,,,,,,,,
406203,2009/10,2010-01-24,Sydney Cricket Ground,2,33.2,Pakistan,Australia,Mohammad Yousuf,Umar Gul,MJ Clarke,0,0,,,,,,,,,
406203,2009/10,2010-01-24,Sydney Cricket Ground,2,33.3,Pakistan,Australia,Mohammad Yousuf,Umar Gul,MJ Clarke,1,0,,,,,,,,,
406203,2009/10,2010-01-24,Sydney Cricket Ground,2,33.4,Pakistan,Australia,Umar Gul,Mohammad Yousuf,MJ Clarke,0,0,,,,,,,,,
406203,2009/10,2010-01-24,Sydney Cricket Ground,2,33.5,Pakistan,Australia,Umar Gul,Mohammad Yousuf,MJ Clarke,0,0,,,,,,,,,
406203,2009/10,2010-01-24,Sydney Cricket Ground,2,33.6,Pakistan,Australia,Umar Gul,Mohammad Yousuf,MJ Clarke,0,0,,,,,,,,,
406203,2009/10,2010-01-24,Sydney Cricket Ground,2,34.1,Pakistan,Australia,Mohammad Yousuf,Umar Gul,DE Bollinger,0,0,,,,,,,,,
406203,2009/10,2010-01-24,Sydney Cricket Ground,2,34.2,Pakistan,Australia,Mohammad Yousuf,Umar Gul,DE Bollinger,0,0,,,,,,,,,
406203,2009/10,2010-01-24,Sydney Cricket Ground,2,34.3,Pakistan,Australia,Mohammad Yousuf,Umar Gul,DE Bollinger,0,0,,,,,,,,,
406203,2009/10,2010-01-24,Sydney Cricket Ground,2,34.4,Pakistan,Australia,Mohammad Yousuf,Umar Gul,DE Bollinger,1,0,,,,,,,,,
406203,2009/10,2010-01-24,Sydney Cricket Ground,2,34.5,Pakistan,Australia,Umar Gul,Mohammad Yousuf,DE Bollinger,0,0,,,,,,,,,
406203,2009/10,2010-01-24,Sydney Cricket Ground,2,34.6,Pakistan,Australia,Umar Gul,Mohammad Yousuf,DE Bollinger,0,0,,,,,,,,,
406203,2009/10,2010-01-24,Sydney Cricket Ground,2,35.1,Pakistan,Australia,Mohammad Yousuf,Umar Gul,CJ McKay,0,0,,,,,,,,,
406203,2009/10,2010-01-24,Sydney Cricket Ground,2,35.2,Pakistan,Australia,Mohammad Yousuf,Umar Gul,CJ McKay,0,0,,,,,,caught,Mohammad Yousuf,,
406203,2009/10,2010-01-24,Sydney Cricket Ground,2,35.3,Pakistan,Australia,Saeed Ajmal,Umar Gul,CJ McKay,0,0,,,,,,,,,
406203,2009/10,2010-01-24,Sydney Cricket Ground,2,35.4,Pakistan,Australia,Saeed Ajmal,Umar Gul,CJ McKay,0,0,,,,,,,,,
406203,2009/10,2010-01-24,Sydney Cricket Ground,2,35.5,Pakistan,Australia,Saeed Ajmal,Umar Gul,CJ McKay,0,0,,,,,,,,,
406203,2009/10,2010-01-24,Sydney Cricket Ground,2,35.6,Pakistan,Australia,Saeed Ajmal,Umar Gul,CJ McKay,1,0,,,,,,,,,
406203,2009/10,2010-01-24,Sydney Cricket Ground,2,36.1,Pakistan,Australia,Saeed Ajmal,Umar Gul,DE Bollinger,0,0,,,,,,,,,
406203,2009/10,2010-01-24,Sydney Cricket Ground,2,36.2,Pakistan,Australia,Saeed Ajmal,Umar Gul,DE Bollinger,0,0,,,,,,,,,
406203,2009/10,2010-01-24,Sydney Cricket Ground,2,36.3,Pakistan,Australia,Saeed Ajmal,Umar Gul,DE Bollinger,0,0,,,,,,,,,
406203,2009/10,2010-01-24,Sydney Cricket Ground,2,36.4,Pakistan,Australia,Saeed Ajmal,Umar Gul,DE Bollinger,0,0,,,,,,,,,
406203,2009/10,2010-01-24,Sydney Cricket Ground,2,36.5,Pakistan,Australia,Saeed Ajmal,Umar Gul,DE Bollinger,0,0,,,,,,,,,
406203,2009/10,2010-01-24,Sydney Cricket Ground,2,36.6,Pakistan,Australia,Saeed Ajmal,Umar Gul,DE Bollinger,2,0,,,,,,,,,
406203,2009/10,2010-01-24,Sydney Cricket Ground,2,37.1,Pakistan,Australia,Umar Gul,Saeed Ajmal,CJ McKay,0,0,,,,,,,,,
406203,2009/10,2010-01-24,Sydney Cricket Ground,2,37.2,Pakistan,Australia,Umar Gul,Saeed Ajmal,CJ McKay,1,0,,,,,,,,,
406203,2009/10,2010-01-24,Sydney Cricket Ground,2,37.3,Pakistan,Australia,Saeed Ajmal,Umar Gul,CJ McKay,0,0,,,,,,caught,Saeed Ajmal,,
