match_id,season,start_date,venue,innings,ball,batting_team,bowling_team,striker,non_striker,bowler,runs_off_bat,extras,wides,noballs,byes,legbyes,penalty,wicket_type,player_dismissed,other_wicket_type,other_player_dismissed
415273,2009/10,2009-09-22,SuperSport Park,1,0.1,Sri Lanka,South Africa,TM Dilshan,ST Jayasuriya,DW Steyn,0,0,,,,,,,,,
415273,2009/10,2009-09-22,SuperSport Park,1,0.2,Sri Lanka,South Africa,TM Dilshan,ST Jayasuriya,DW Steyn,0,0,,,,,,,,,
415273,2009/10,2009-09-22,SuperSport Park,1,0.3,Sri Lanka,South Africa,TM Dilshan,ST Jayasuriya,DW Steyn,4,0,,,,,,,,,
415273,2009/10,2009-09-22,SuperSport Park,1,0.4,Sri Lanka,South Africa,TM Dilshan,ST Jayasuriya,DW Steyn,0,1,,,,1,,,,,
415273,2009/10,2009-09-22,SuperSport Park,1,0.5,Sri Lanka,South Africa,ST Jayasuriya,TM Dilshan,DW Steyn,0,0,,,,,,,,,
415273,2009/10,2009-09-22,SuperSport Park,1,0.6,Sri Lanka,South Africa,ST Jayasuriya,TM Dilshan,DW Steyn,1,0,,,,,,,,,
415273,2009/10,2009-09-22,SuperSport Park,1,1.1,Sri Lanka,South Africa,ST Jayasuriya,TM Dilshan,WD Parnell,0,0,,,,,,,,,
415273,2009/10,2009-09-22,SuperSport Park,1,1.2,Sri Lanka,South Africa,ST Jayasuriya,TM Dilshan,WD Parnell,0,0,,,,,,,,,
415273,2009/10,2009-09-22,SuperSport Park,1,1.3,Sri Lanka,South Africa,ST Jayasuriya,TM Dilshan,WD Parnell,4,0,,,,,,,,,
415273,2009/10,2009-09-22,SuperSport Park,1,1.4,Sri Lanka,South Africa,ST Jayasuriya,TM Dilshan,WD Parnell,4,0,,,,,,,,,
415273,2009/10,2009-09-22,SuperSport Park,1,1.5,Sri Lanka,South Africa,ST Jayasuriya,TM Dilshan,WD Parnell,0,1,1,,,,,,,,
415273,2009/10,2009-09-22,SuperSport Park,1,1.6,Sri Lanka,South Africa,ST Jayasuriya,TM Dilshan,WD Parnell,1,0,,,,,,,,,
415273,2009/10,2009-09-22,SuperSport Park,1,1.7,Sri Lanka,South Africa,TM Dilshan,ST Jayasuriya,WD Parnell,0,0,,,,,,,,,
415273,2009/10,2009-09-22,SuperSport Park,1,2.1,Sri Lanka,South Africa,ST Jayasuriya,TM Dilshan,DW Steyn,0,0,,,,,,,,,
415273,2009/10,2009-09-22,SuperSport Park,1,2.2,Sri Lanka,South Africa,ST Jayasuriya,TM Dilshan,DW Steyn,0,0,,,,,,lbw,ST Jayasuriya,,
415273,2009/10,2009-09-22,SuperSport Park,1,2.3,Sri Lanka,South Africa,KC Sangakkara,TM Dilshan,DW Steyn,0,0,,,,,,,,,
415273,2009/10,2009-09-22,SuperSport Park,1,2.4,Sri Lanka,South Africa,KC Sangakkara,TM Dilshan,DW Steyn,1,0,,,,,,,,,
415273,2009/10,2009-09-22,SuperSport Park,1,2.5,Sri Lanka,South Africa,TM Dilshan,KC Sangakkara,DW Steyn,0,0,,,,,,,,,
415273,2009/10,2009-09-22,SuperSport Park,1,2.6,Sri Lanka,South Africa,TM Dilshan,KC Sangakkara,DW Steyn,4,0,,,,,,,,,
415273,2009/10,2009-09-22,SuperSport Park,1,3.1,Sri Lanka,South Africa,KC Sangakkara,TM Dilshan,WD Parnell,0,0,,,,,,,,,
415273,2009/10,2009-09-22,SuperSport Park,1,3.2,Sri Lanka,South Africa,KC Sangakkara,TM Dilshan,WD Parnell,0,0,,,,,,,,,
415273,2009/10,2009-09-22,SuperSport Park,1,3.3,Sri Lanka,South Africa,KC Sangakkara,TM Dilshan,WD Parnell,0,0,,,,,,,,,
415273,2009/10,2009-09-22,SuperSport Park,1,3.4,Sri Lanka,South Africa,KC Sangakkara,TM Dilshan,WD Parnell,1,0,,,,,,,,,
415273,2009/10,2009-09-22,SuperSport Park,1,3.5,Sri Lanka,South Africa,TM Dilshan,KC Sangakkara,WD Parnell,0,0,,,,,,,,,
415273,2009/10,2009-09-22,SuperSport Park,1,3.6,Sri Lanka,South Africa,TM Dilshan,KC Sangakkara,WD Parnell,0,1,1,,,,,,,,
415273,2009/10,2009-09-22,SuperSport Park,1,3.7,Sri Lanka,South Africa,TM Dilshan,KC Sangakkara,WD Parnell,0,0,,,,,,,,,
415273,2009/10,2009-09-22,SuperSport Park,1,4.1,Sri Lanka,South Africa,KC Sangakkara,TM Dilshan,DW Steyn,0,0,,,,,,,,,
415273,2009/10,2009-09-22,SuperSport Park,1,4.2,Sri Lanka,South Africa,KC Sangakkara,TM Dilshan,DW Steyn,0,0,,,,,,,,,
415273,2009/10,2009-09-22,SuperSport Park,1,4.3,Sri Lanka,South Africa,KC Sangakkara,TM Dilshan,DW Steyn,0,0,,,,,,,,,
415273,2009/10,2009-09-22,SuperSport Park,1,4.4,Sri Lanka,South Africa,KC Sangakkara,TM Dilshan,DW Steyn,0,0,,,,,,,,,
415273,2009/10,2009-09-22,SuperSport Park,1,4.5,Sri Lanka,South Africa,KC Sangakkara,TM Dilshan,DW Steyn,0,0,,,,,,,,,
415273,2009/10,2009-09-22,SuperSport Park,1,4.6,Sri Lanka,South Africa,KC Sangakkara,TM Dilshan,DW Steyn,0,0,,,,,,,,,
415273,2009/10,2009-09-22,SuperSport Park,1,5.1,Sri Lanka,South Africa,TM Dilshan,KC Sangakkara,WD Parnell,4,0,,,,,,,,,
415273,2009/10,2009-09-22,SuperSport Park,1,5.2,Sri Lanka,South Africa,TM Dilshan,KC Sangakkara,WD Parnell,0,0,,,,,,,,,
415273,2009/10,2009-09-22,SuperSport Park,1,5.3,Sri Lanka,South Africa,TM Dilshan,KC Sangakkara,WD Parnell,0,0,,,,,,,,,
415273,2009/10,2009-09-22,SuperSport Park,1,5.4,Sri Lanka,South Africa,TM Dilshan,KC Sangakkara,WD Parnell,0,0,,,,,,,,,
415273,2009/10,2009-09-22,SuperSport Park,1,5.5,Sri Lanka,South Africa,TM Dilshan,KC Sangakkara,WD Parnell,0,0,,,,,,,,,
415273,2009/10,2009-09-22,SuperSport Park,1,5.6,Sri Lanka,South Africa,TM Dilshan,KC Sangakkara,WD Parnell,1,0,,,,,,,,,
415273,2009/10,2009-09-22,SuperSport Park,1,6.1,Sri Lanka,South Africa,TM Dilshan,KC Sangakkara,DW Steyn,4,0,,,,,,,,,
415273,2009/10,2009-09-22,SuperSport Park,1,6.2,Sri Lanka,South Africa,TM Dilshan,KC Sangakkara,DW Steyn,4,0,,,,,,,,,
415273,2009/10,2009-09-22,SuperSport Park,1,6.3,Sri Lanka,South Africa,TM Dilshan,KC Sangakkara,DW Steyn,1,0,,,,,,,,,
415273,2009/10,2009-09-22,SuperSport Park,1,6.4,Sri Lanka,South Africa,KC Sangakkara,TM Dilshan,DW Steyn,0,0,,,,,,,,,
415273,2009/10,2009-09-22,SuperSport Park,1,6.5,Sri Lanka,South Africa,KC Sangakkara,TM Dilshan,DW Steyn,0,0,,,,,,,,,
415273,2009/10,2009-09-22,SuperSport Park,1,6.6,Sri Lanka,South Africa,KC Sangakkara,TM Dilshan,DW Steyn,0,0,,,,,,,,,
415273,2009/10,2009-09-22,SuperSport Park,1,7.1,Sri Lanka,South Africa,TM Dilshan,KC Sangakkara,WD Parnell,4,0,,,,,,,,,
415273,2009/10,2009-09-22,SuperSport Park,1,7.2,Sri Lanka,South Africa,TM Dilshan,KC Sangakkara,WD Parnell,0,0,,,,,,,,,
415273,2009/10,2009-09-22,SuperSport Park,1,7.3,Sri Lanka,South Africa,TM Dilshan,KC Sangakkara,WD Parnell,4,0,,,,,,,,,
415273,2009/10,2009-09-22,SuperSport Park,1,7.4,Sri Lanka,South Africa,TM Dilshan,KC Sangakkara,WD Parnell,1,0,,,,,,,,,
415273,2009/10,2009-09-22,SuperSport Park,1,7.5,Sri Lanka,South Africa,KC Sangakkara,TM Dilshan,WD Parnell,4,0,,,,,,,,,
415273,2009/10,2009-09-22,SuperSport Park,1,7.6,Sri Lanka,South Africa,KC Sangakkara,TM Dilshan,WD Parnell,0,1,1,,,,,,,,
415273,2009/10,2009-09-22,SuperSport Park,1,7.7,Sri Lanka,South Africa,KC Sangakkara,TM Dilshan,WD Parnell,0,0,,,,,,,,,
415273,2009/10,2009-09-22,SuperSport Park,1,8.1,Sri Lanka,South Africa,TM Dilshan,KC Sangakkara,JH Kallis,1,0,,,,,,,,,
415273,2009/10,2009-09-22,SuperSport Park,1,8.2,Sri Lanka,South Africa,KC Sangakkara,TM Dilshan,JH Kallis,0,0,,,,,,,,,
415273,2009/10,2009-09-22,SuperSport Park,1,8.3,Sri Lanka,South Africa,KC Sangakkara,TM Dilshan,JH Kallis,2,0,,,,,,,,,
415273,2009/10,2009-09-22,SuperSport Park,1,8.4,Sri Lanka,South Africa,KC Sangakkara,TM Dilshan,JH Kallis,4,0,,,,,,,,,
415273,2009/10,2009-09-22,SuperSport Park,1,8.5,Sri Lanka,South Africa,KC Sangakkara,TM Dilshan,JH Kallis,0,0,,,,,,,,,
415273,2009/10,2009-09-22,SuperSport Park,1,8.6,Sri Lanka,South Africa,KC Sangakkara,TM Dilshan,JH Kallis,4,0,,,,,,,,,
415273,2009/10,2009-09-22,SuperSport Park,1,9.1,Sri Lanka,South Africa,TM Dilshan,KC Sangakkara,WD Parnell,0,0,,,,,,,,,
415273,2009/10,2009-09-22,SuperSport Park,1,9.2,Sri Lanka,South Africa,TM Dilshan,KC Sangakkara,WD Parnell,1,0,,,,,,,,,
415273,2009/10,2009-09-22,SuperSport Park,1,9.3,Sri Lanka,South Africa,KC Sangakkara,TM Dilshan,WD Parnell,2,0,,,,,,,,,
415273,2009/10,2009-09-22,SuperSport Park,1,9.4,Sri Lanka,South Africa,KC Sangakkara,TM Dilshan,WD Parnell,4,0,,,,,,,,,
415273,2009/10,2009-09-22,SuperSport Park,1,9.5,Sri Lanka,South Africa,KC Sangakkara,TM Dilshan,WD Parnell,1,0,,,,,,,,,
415273,2009/10,2009-09-22,SuperSport Park,1,9.6,Sri Lanka,South Africa,TM Dilshan,KC Sangakkara,WD Parnell,0,0,,,,,,,,,
415273,2009/10,2009-09-22,SuperSport Park,1,10.1,Sri Lanka,South Africa,KC Sangakkara,TM Dilshan,JH Kallis,0,0,,,,,,,,,
415273,2009/10,2009-09-22,SuperSport Park,1,10.2,Sri Lanka,South Africa,KC Sangakkara,TM Dilshan,JH Kallis,0,0,,,,,,,,,
415273,2009/10,2009-09-22,SuperSport Park,1,10.3,Sri Lanka,South Africa,KC Sangakkara,TM Dilshan,JH Kallis,1,0,,,,,,,,,
415273,2009/10,2009-09-22,SuperSport Park,1,10.4,Sri Lanka,South Africa,TM Dilshan,KC Sangakkara,JH Kallis,0,0,,,,,,,,,
415273,2009/10,2009-09-22,SuperSport Park,1,10.5,Sri Lanka,South Africa,TM Dilshan,KC Sangakkara,JH Kallis,1,0,,,,,,,,,
415273,2009/10,2009-09-22,SuperSport Park,1,10.6,Sri Lanka,South Africa,KC Sangakkara,TM Dilshan,JH Kallis,0,0,,,,,,,,,
415273,2009/10,2009-09-22,SuperSport Park,1,11.1,Sri Lanka,South Africa,TM Dilshan,KC Sangakkara,JA Morkel,4,0,,,,,,,,,
415273,2009/10,2009-09-22,SuperSport Park,1,11.2,Sri Lanka,South Africa,TM Dilshan,KC Sangakkara,JA Morkel,1,0,,,,,,,,,
415273,2009/10,2009-09-22,SuperSport Park,1,11.3,Sri Lanka,South Africa,KC Sangakkara,TM Dilshan,JA Morkel,1,0,,,,,,,,,
415273,2009/10,2009-09-22,SuperSport Park,1,11.4,Sri Lanka,South Africa,TM Dilshan,KC Sangakkara,JA Morkel,1,0,,,,,,,,,
415273,2009/10,2009-09-22,SuperSport Park,1,11.5,Sri Lanka,South Africa,KC Sangakkara,TM Dilshan,JA Morkel,0,0,,,,,,,,,
415273,2009/10,2009-09-22,SuperSport Park,1,11.6,Sri Lanka,South Africa,KC Sangakkara,TM Dilshan,JA Morkel,0,0,,,,,,,,,
415273,2009/10,2009-09-22,SuperSport Park,1,12.1,Sri Lanka,South Africa,TM Dilshan,KC Sangakkara,JH Kallis,0,0,,,,,,,,,
415273,2009/10,2009-09-22,SuperSport Park,1,12.2,Sri Lanka,South Africa,TM Dilshan,KC Sangakkara,JH Kallis,4,0,,,,,,,,,
415273,2009/10,2009-09-22,SuperSport Park,1,12.3,Sri Lanka,South Africa,TM Dilshan,KC Sangakkara,JH Kallis,0,0,,,,,,,,,
415273,2009/10,2009-09-22,SuperSport Park,1,12.4,Sri Lanka,South Africa,TM Dilshan,KC Sangakkara,JH Kallis,4,0,,,,,,,,,
415273,2009/10,2009-09-22,SuperSport Park,1,12.5,Sri Lanka,South Africa,TM Dilshan,KC Sangakkara,JH Kallis,0,0,,,,,,,,,
415273,2009/10,2009-09-22,SuperSport Park,1,12.6,Sri Lanka,South Africa,TM Dilshan,KC Sangakkara,JH Kallis,0,0,,,,,,,,,
415273,2009/10,2009-09-22,SuperSport Park,1,13.1,Sri Lanka,South Africa,KC Sangakkara,TM Dilshan,JA Morkel,0,1,,,,1,,,,,
415273,2009/10,2009-09-22,SuperSport Park,1,13.2,Sri Lanka,South Africa,TM Dilshan,KC Sangakkara,JA Morkel,4,0,,,,,,,,,
415273,2009/10,2009-09-22,SuperSport Park,1,13.3,Sri Lanka,South Africa,TM Dilshan,KC Sangakkara,JA Morkel,0,0,,,,,,,,,
415273,2009/10,2009-09-22,SuperSport Park,1,13.4,Sri Lanka,South Africa,TM Dilshan,KC Sangakkara,JA Morkel,0,0,,,,,,,,,
415273,2009/10,2009-09-22,SuperSport Park,1,13.5,Sri Lanka,South Africa,TM Dilshan,KC Sangakkara,JA Morkel,0,0,,,,,,,,,
415273,2009/10,2009-09-22,SuperSport Park,1,13.6,Sri Lanka,South Africa,TM Dilshan,KC Sangakkara,JA Morkel,4,1,,1,,,,,,,
415273,2009/10,2009-09-22,SuperSport Park,1,13.7,Sri Lanka,South Africa,TM Dilshan,KC Sangakkara,JA Morkel,6,0,,,,,,,,,
415273,2009/10,2009-09-22,SuperSport Park,1,14.1,Sri Lanka,South Africa,KC Sangakkara,TM Dilshan,JH Kallis,0,0,,,,,,,,,
415273,2009/10,2009-09-22,SuperSport Park,1,14.2,Sri Lanka,South Africa,KC Sangakkara,TM Dilshan,JH Kallis,1,0,,,,,,,,,
415273,2009/10,2009-09-22,SuperSport Park,1,14.3,Sri Lanka,South Africa,TM Dilshan,KC Sangakkara,JH Kallis,0,0,,,,,,,,,
415273,2009/10,2009-09-22,SuperSport Park,1,14.4,Sri Lanka,South Africa,TM Dilshan,KC Sangakkara,JH Kallis,0,0,,,,,,,,,
415273,2009/10,2009-09-22,SuperSport Park,1,14.5,Sri Lanka,South Africa,TM Dilshan,KC Sangakkara,JH Kallis,0,0,,,,,,,,,
415273,2009/10,2009-09-22,SuperSport Park,1,14.6,Sri Lanka,South Africa,TM Dilshan,KC Sangakkara,JH Kallis,1,0,,,,,,,,,
415273,2009/10,2009-09-22,SuperSport Park,1,15.1,Sri Lanka,South Africa,TM Dilshan,KC Sangakkara,J Botha,0,0,,,,,,,,,
415273,2009/10,2009-09-22,SuperSport Park,1,15.2,Sri Lanka,South Africa,TM Dilshan,KC Sangakkara,J Botha,0,0,,,,,,,,,
415273,2009/10,2009-09-22,SuperSport Park,1,15.3,Sri Lanka,South Africa,TM Dilshan,KC Sangakkara,J Botha,3,0,,,,,,,,,
415273,2009/10,2009-09-22,SuperSport Park,1,15.4,Sri Lanka,South Africa,KC Sangakkara,TM Dilshan,J Botha,0,1,1,,,,,,,,
415273,2009/10,2009-09-22,SuperSport Park,1,15.5,Sri Lanka,South Africa,KC Sangakkara,TM Dilshan,J Botha,0,0,,,,,,,,,
415273,2009/10,2009-09-22,SuperSport Park,1,15.6,Sri Lanka,South Africa,KC Sangakkara,TM Dilshan,J Botha,0,1,,1,,,,,,,
415273,2009/10,2009-09-22,SuperSport Park,1,15.7,Sri Lanka,South Africa,KC Sangakkara,TM Dilshan,J Botha,1,0,,,,,,,,,
415273,2009/10,2009-09-22,SuperSport Park,1,15.8,Sri Lanka,South Africa,TM Dilshan,KC Sangakkara,J Botha,1,0,,,,,,,,,
415273,2009/10,2009-09-22,SuperSport Park,1,16.1,Sri Lanka,South Africa,TM Dilshan,KC Sangakkara,RE van der Merwe,1,0,,,,,,,,,
415273,2009/10,2009-09-22,SuperSport Park,1,16.2,Sri Lanka,South Africa,KC Sangakkara,TM Dilshan,RE van der Merwe,0,0,,,,,,,,,
415273,2009/10,2009-09-22,SuperSport Park,1,16.3,Sri Lanka,South Africa,KC Sangakkara,TM Dilshan,RE van der Merwe,0,0,,,,,,,,,
415273,2009/10,2009-09-22,SuperSport Park,1,16.4,Sri Lanka,South Africa,KC Sangakkara,TM Dilshan,RE van der Merwe,1,0,,,,,,,,,
415273,2009/10,2009-09-22,SuperSport Park,1,16.5,Sri Lanka,South Africa,TM Dilshan,KC Sangakkara,RE van der Merwe,1,0,,,,,,,,,
415273,2009/10,2009-09-22,SuperSport Park,1,16.6,Sri Lanka,South Africa,KC Sangakkara,TM Dilshan,RE van der Merwe,1,0,,,,,,,,,
415273,2009/10,2009-09-22,SuperSport Park,1,17.1,Sri Lanka,South Africa,KC Sangakkara,TM Dilshan,J Botha,1,0,,,,,,,,,
415273,2009/10,2009-09-22,SuperSport Park,1,17.2,Sri Lanka,South Africa,TM Dilshan,KC Sangakkara,J Botha,0,0,,,,,,,,,
415273,2009/10,2009-09-22,SuperSport Park,1,17.3,Sri Lanka,South Africa,TM Dilshan,KC Sangakkara,J Botha,1,0,,,,,,,,,
415273,2009/10,2009-09-22,SuperSport Park,1,17.4,Sri Lanka,South Africa,KC Sangakkara,TM Dilshan,J Botha,0,0,,,,,,,,,
415273,2009/10,2009-09-22,SuperSport Park,1,17.5,Sri Lanka,South Africa,KC Sangakkara,TM Dilshan,J Botha,1,0,,,,,,,,,
415273,2009/10,2009-09-22,SuperSport Park,1,17.6,Sri Lanka,South Africa,TM Dilshan,KC Sangakkara,J Botha,1,0,,,,,,,,,
415273,2009/10,2009-09-22,SuperSport Park,1,18.1,Sri Lanka,South Africa,TM Dilshan,KC Sangakkara,RE van der Merwe,1,0,,,,,,,,,
415273,2009/10,2009-09-22,SuperSport Park,1,18.2,Sri Lanka,South Africa,KC Sangakkara,TM Dilshan,RE van der Merwe,1,0,,,,,,,,,
415273,2009/10,2009-09-22,SuperSport Park,1,18.3,Sri Lanka,South Africa,TM Dilshan,KC Sangakkara,RE van der Merwe,0,0,,,,,,,,,
415273,2009/10,2009-09-22,SuperSport Park,1,18.4,Sri Lanka,South Africa,TM Dilshan,KC Sangakkara,RE van der Merwe,0,0,,,,,,,,,
415273,2009/10,2009-09-22,SuperSport Park,1,18.5,Sri Lanka,South Africa,TM Dilshan,KC Sangakkara,RE van der Merwe,0,0,,,,,,,,,
415273,2009/10,2009-09-22,SuperSport Park,1,18.6,Sri Lanka,South Africa,TM Dilshan,KC Sangakkara,RE van der Merwe,0,0,,,,,,,,,
415273,2009/10,2009-09-22,SuperSport Park,1,19.1,Sri Lanka,South Africa,KC Sangakkara,TM Dilshan,J Botha,0,0,,,,,,,,,
415273,2009/10,2009-09-22,SuperSport Park,1,19.2,Sri Lanka,South Africa,KC Sangakkara,TM Dilshan,J Botha,4,0,,,,,,,,,
415273,2009/10,2009-09-22,SuperSport Park,1,19.3,Sri Lanka,South Africa,KC Sangakkara,TM Dilshan,J Botha,1,0,,,,,,,,,
415273,2009/10,2009-09-22,SuperSport Park,1,19.4,Sri Lanka,South Africa,TM Dilshan,KC Sangakkara,J Botha,1,0,,,,,,,,,
415273,2009/10,2009-09-22,SuperSport Park,1,19.5,Sri Lanka,South Africa,KC Sangakkara,TM Dilshan,J Botha,1,0,,,,,,,,,
415273,2009/10,2009-09-22,SuperSport Park,1,19.6,Sri Lanka,South Africa,TM Dilshan,KC Sangakkara,J Botha,0,0,,,,,,,,,
415273,2009/10,2009-09-22,SuperSport Park,1,20.1,Sri Lanka,South Africa,KC Sangakkara,TM Dilshan,RE van der Merwe,1,0,,,,,,,,,
415273,2009/10,2009-09-22,SuperSport Park,1,20.2,Sri Lanka,South Africa,TM Dilshan,KC Sangakkara,RE van der Merwe,0,0,,,,,,,,,
415273,2009/10,2009-09-22,SuperSport Park,1,20.3,Sri Lanka,South Africa,TM Dilshan,KC Sangakkara,RE van der Merwe,0,2,,,,2,,,,,
415273,2009/10,2009-09-22,SuperSport Park,1,20.4,Sri Lanka,South Africa,TM Dilshan,KC Sangakkara,RE van der Merwe,1,0,,,,,,,,,
415273,2009/10,2009-09-22,SuperSport Park,1,20.5,Sri Lanka,South Africa,KC Sangakkara,TM Dilshan,RE van der Merwe,0,0,,,,,,,,,
415273,2009/10,2009-09-22,SuperSport Park,1,20.6,Sri Lanka,South Africa,KC Sangakkara,TM Dilshan,RE van der Merwe,1,0,,,,,,,,,
415273,2009/10,2009-09-22,SuperSport Park,1,21.1,Sri Lanka,South Africa,KC Sangakkara,TM Dilshan,J Botha,1,0,,,,,,,,,
415273,2009/10,2009-09-22,SuperSport Park,1,21.2,Sri Lanka,South Africa,TM Dilshan,KC Sangakkara,J Botha,1,0,,,,,,,,,
415273,2009/10,2009-09-22,SuperSport Park,1,21.3,Sri Lanka,South Africa,KC Sangakkara,TM Dilshan,J Botha,0,0,,,,,,,,,
415273,2009/10,2009-09-22,SuperSport Park,1,21.4,Sri Lanka,South Africa,KC Sangakkara,TM Dilshan,J Botha,1,0,,,,,,,,,
415273,2009/10,2009-09-22,SuperSport Park,1,21.5,Sri Lanka,South Africa,TM Dilshan,KC Sangakkara,J Botha,1,0,,,,,,,,,
415273,2009/10,2009-09-22,SuperSport Park,1,21.6,Sri Lanka,South Africa,KC Sangakkara,TM Dilshan,J Botha,1,0,,,,,,,,,
415273,2009/10,2009-09-22,SuperSport Park,1,22.1,Sri Lanka,South Africa,KC Sangakkara,TM Dilshan,RE van der Merwe,0,0,,,,,,,,,
415273,2009/10,2009-09-22,SuperSport Park,1,22.2,Sri Lanka,South Africa,KC Sangakkara,TM Dilshan,RE van der Merwe,1,0,,,,,,,,,
415273,2009/10,2009-09-22,SuperSport Park,1,22.3,Sri Lanka,South Africa,TM Dilshan,KC Sangakkara,RE van der Merwe,0,0,,,,,,,,,
415273,2009/10,2009-09-22,SuperSport Park,1,22.4,Sri Lanka,South Africa,TM Dilshan,KC Sangakkara,RE van der Merwe,1,0,,,,,,,,,
415273,2009/10,2009-09-22,SuperSport Park,1,22.5,Sri Lanka,South Africa,KC Sangakkara,TM Dilshan,RE van der Merwe,0,0,,,,,,,,,
415273,2009/10,2009-09-22,SuperSport Park,1,22.6,Sri Lanka,South Africa,KC Sangakkara,TM Dilshan,RE van der Merwe,1,0,,,,,,,,,
415273,2009/10,2009-09-22,SuperSport Park,1,23.1,Sri Lanka,South Africa,KC Sangakkara,TM Dilshan,J Botha,0,0,,,,,,,,,
415273,2009/10,2009-09-22,SuperSport Park,1,23.2,Sri Lanka,South Africa,KC Sangakkara,TM Dilshan,J Botha,1,0,,,,,,,,,
415273,2009/10,2009-09-22,SuperSport Park,1,23.3,Sri Lanka,South Africa,TM Dilshan,KC Sangakkara,J Botha,1,0,,,,,,,,,
415273,2009/10,2009-09-22,SuperSport Park,1,23.4,Sri Lanka,South Africa,KC Sangakkara,TM Dilshan,J Botha,1,0,,,,,,,,,
415273,2009/10,2009-09-22,SuperSport Park,1,23.5,Sri Lanka,South Africa,TM Dilshan,KC Sangakkara,J Botha,1,0,,,,,,,,,
415273,2009/10,2009-09-22,SuperSport Park,1,23.6,Sri Lanka,South Africa,KC Sangakkara,TM Dilshan,J Botha,0,0,,,,,,,,,
415273,2009/10,2009-09-22,SuperSport Park,1,24.1,Sri Lanka,South Africa,TM Dilshan,KC Sangakkara,RE van der Merwe,0,0,,,,,,,,,
415273,2009/10,2009-09-22,SuperSport Park,1,24.2,Sri Lanka,South Africa,TM Dilshan,KC Sangakkara,RE van der Merwe,1,0,,,,,,,,,
415273,2009/10,2009-09-22,SuperSport Park,1,24.3,Sri Lanka,South Africa,KC Sangakkara,TM Dilshan,RE van der Merwe,0,0,,,,,,,,,
415273,2009/10,2009-09-22,SuperSport Park,1,24.4,Sri Lanka,South Africa,KC Sangakkara,TM Dilshan,RE van der Merwe,1,0,,,,,,,,,
415273,2009/10,2009-09-22,SuperSport Park,1,24.5,Sri Lanka,South Africa,TM Dilshan,KC Sangakkara,RE van der Merwe,1,0,,,,,,,,,
415273,2009/10,2009-09-22,SuperSport Park,1,24.6,Sri Lanka,South Africa,KC Sangakkara,TM Dilshan,RE van der Merwe,1,0,,,,,,,,,
415273,2009/10,2009-09-22,SuperSport Park,1,25.1,Sri Lanka,South Africa,KC Sangakkara,TM Dilshan,J Botha,1,0,,,,,,,,,
415273,2009/10,2009-09-22,SuperSport Park,1,25.2,Sri Lanka,South Africa,TM Dilshan,KC Sangakkara,J Botha,1,0,,,,,,,,,
415273,2009/10,2009-09-22,SuperSport Park,1,25.3,Sri Lanka,South Africa,KC Sangakkara,TM Dilshan,J Botha,1,0,,,,,,,,,
415273,2009/10,2009-09-22,SuperSport Park,1,25.4,Sri Lanka,South Africa,TM Dilshan,KC Sangakkara,J Botha,0,0,,,,,,,,,
415273,2009/10,2009-09-22,SuperSport Park,1,25.5,Sri Lanka,South Africa,TM Dilshan,KC Sangakkara,J Botha,1,0,,,,,,,,,
415273,2009/10,2009-09-22,SuperSport Park,1,25.6,Sri Lanka,South Africa,KC Sangakkara,TM Dilshan,J Botha,1,0,,,,,,,,,
415273,2009/10,2009-09-22,SuperSport Park,1,26.1,Sri Lanka,South Africa,KC Sangakkara,TM Dilshan,RE van der Merwe,1,0,,,,,,,,,
415273,2009/10,2009-09-22,SuperSport Park,1,26.2,Sri Lanka,South Africa,TM Dilshan,KC Sangakkara,RE van der Merwe,1,0,,,,,,,,,
415273,2009/10,2009-09-22,SuperSport Park,1,26.3,Sri Lanka,South Africa,KC Sangakkara,TM Dilshan,RE van der Merwe,1,0,,,,,,,,,
415273,2009/10,2009-09-22,SuperSport Park,1,26.4,Sri Lanka,South Africa,TM Dilshan,KC Sangakkara,RE van der Merwe,4,0,,,,,,,,,
415273,2009/10,2009-09-22,SuperSport Park,1,26.5,Sri Lanka,South Africa,TM Dilshan,KC Sangakkara,RE van der Merwe,0,0,,,,,,,,,
415273,2009/10,2009-09-22,SuperSport Park,1,26.6,Sri Lanka,South Africa,TM Dilshan,KC Sangakkara,RE van der Merwe,1,0,,,,,,,,,
415273,2009/10,2009-09-22,SuperSport Park,1,27.1,Sri Lanka,South Africa,TM Dilshan,KC Sangakkara,JP Duminy,4,0,,,,,,,,,
415273,2009/10,2009-09-22,SuperSport Park,1,27.2,Sri Lanka,South Africa,TM Dilshan,KC Sangakkara,JP Duminy,0,0,,,,,,,,,
415273,2009/10,2009-09-22,SuperSport Park,1,27.3,Sri Lanka,South Africa,TM Dilshan,KC Sangakkara,JP Duminy,2,0,,,,,,,,,
415273,2009/10,2009-09-22,SuperSport Park,1,27.4,Sri Lanka,South Africa,TM Dilshan,KC Sangakkara,JP Duminy,4,0,,,,,,,,,
415273,2009/10,2009-09-22,SuperSport Park,1,27.5,Sri Lanka,South Africa,TM Dilshan,KC Sangakkara,JP Duminy,1,0,,,,,,,,,
415273,2009/10,2009-09-22,SuperSport Park,1,27.6,Sri Lanka,South Africa,KC Sangakkara,TM Dilshan,JP Duminy,0,0,,,,,,caught and bowled,KC Sangakkara,,
415273,2009/10,2009-09-22,SuperSport Park,1,28.1,Sri Lanka,South Africa,TM Dilshan,DPMD Jayawardene,RE van der Merwe,0,0,,,,,,,,,
415273,2009/10,2009-09-22,SuperSport Park,1,28.2,Sri Lanka,South Africa,TM Dilshan,DPMD Jayawardene,RE van der Merwe,1,0,,,,,,,,,
415273,2009/10,2009-09-22,SuperSport Park,1,28.3,Sri Lanka,South Africa,DPMD Jayawardene,TM Dilshan,RE van der Merwe,0,0,,,,,,,,,
415273,2009/10,2009-09-22,SuperSport Park,1,28.4,Sri Lanka,South Africa,DPMD Jayawardene,TM Dilshan,RE van der Merwe,1,0,,,,,,,,,
415273,2009/10,2009-09-22,SuperSport Park,1,28.5,Sri Lanka,South Africa,TM Dilshan,DPMD Jayawardene,RE van der Merwe,4,0,,,,,,,,,
415273,2009/10,2009-09-22,SuperSport Park,1,28.6,Sri Lanka,South Africa,TM Dilshan,DPMD Jayawardene,RE van der Merwe,1,0,,,,,,,,,
415273,2009/10,2009-09-22,SuperSport Park,1,29.1,Sri Lanka,South Africa,TM Dilshan,DPMD Jayawardene,DW Steyn,0,0,,,,,,caught,TM Dilshan,,
415273,2009/10,2009-09-22,SuperSport Park,1,29.2,Sri Lanka,South Africa,TT Samaraweera,DPMD Jayawardene,DW Steyn,0,0,,,,,,,,,
415273,2009/10,2009-09-22,SuperSport Park,1,29.3,Sri Lanka,South Africa,TT Samaraweera,DPMD Jayawardene,DW Steyn,0,0,,,,,,,,,
415273,2009/10,2009-09-22,SuperSport Park,1,29.4,Sri Lanka,South Africa,TT Samaraweera,DPMD Jayawardene,DW Steyn,0,0,,,,,,,,,
415273,2009/10,2009-09-22,SuperSport Park,1,29.5,Sri Lanka,South Africa,TT Samaraweera,DPMD Jayawardene,DW Steyn,0,0,,,,,,,,,
415273,2009/10,2009-09-22,SuperSport Park,1,29.6,Sri Lanka,South Africa,TT Samaraweera,DPMD Jayawardene,DW Steyn,0,0,,,,,,,,,
415273,2009/10,2009-09-22,SuperSport Park,1,30.1,Sri Lanka,South Africa,DPMD Jayawardene,TT Samaraweera,RE van der Merwe,1,0,,,,,,,,,
415273,2009/10,2009-09-22,SuperSport Park,1,30.2,Sri Lanka,South Africa,TT Samaraweera,DPMD Jayawardene,RE van der Merwe,0,0,,,,,,,,,
415273,2009/10,2009-09-22,SuperSport Park,1,30.3,Sri Lanka,South Africa,TT Samaraweera,DPMD Jayawardene,RE van der Merwe,0,0,,,,,,,,,
415273,2009/10,2009-09-22,SuperSport Park,1,30.4,Sri Lanka,South Africa,TT Samaraweera,DPMD Jayawardene,RE van der Merwe,0,0,,,,,,,,,
415273,2009/10,2009-09-22,SuperSport Park,1,30.5,Sri Lanka,South Africa,TT Samaraweera,DPMD Jayawardene,RE van der Merwe,1,0,,,,,,,,,
415273,2009/10,2009-09-22,SuperSport Park,1,30.6,Sri Lanka,South Africa,DPMD Jayawardene,TT Samaraweera,RE van der Merwe,0,0,,,,,,,,,
415273,2009/10,2009-09-22,SuperSport Park,1,31.1,Sri Lanka,South Africa,TT Samaraweera,DPMD Jayawardene,DW Steyn,1,0,,,,,,,,,
415273,2009/10,2009-09-22,SuperSport Park,1,31.2,Sri Lanka,South Africa,DPMD Jayawardene,TT Samaraweera,DW Steyn,0,0,,,,,,,,,
415273,2009/10,2009-09-22,SuperSport Park,1,31.3,Sri Lanka,South Africa,DPMD Jayawardene,TT Samaraweera,DW Steyn,0,0,,,,,,,,,
415273,2009/10,2009-09-22,SuperSport Park,1,31.4,Sri Lanka,South Africa,DPMD Jayawardene,TT Samaraweera,DW Steyn,1,0,,,,,,,,,
415273,2009/10,2009-09-22,SuperSport Park,1,31.5,Sri Lanka,South Africa,TT Samaraweera,DPMD Jayawardene,DW Steyn,0,1,1,,,,,,,,
415273,2009/10,2009-09-22,SuperSport Park,1,31.6,Sri Lanka,South Africa,TT Samaraweera,DPMD Jayawardene,DW Steyn,0,0,,,,,,,,,
415273,2009/10,2009-09-22,SuperSport Park,1,31.7,Sri Lanka,South Africa,TT Samaraweera,DPMD Jayawardene,DW Steyn,1,0,,,,,,,,,
415273,2009/10,2009-09-22,SuperSport Park,1,32.1,Sri Lanka,South Africa,TT Samaraweera,DPMD Jayawardene,RE van der Merwe,1,0,,,,,,,,,
415273,2009/10,2009-09-22,SuperSport Park,1,32.2,Sri Lanka,South Africa,DPMD Jayawardene,TT Samaraweera,RE van der Merwe,1,0,,,,,,,,,
415273,2009/10,2009-09-22,SuperSport Park,1,32.3,Sri Lanka,South Africa,TT Samaraweera,DPMD Jayawardene,RE van der Merwe,1,0,,,,,,,,,
415273,2009/10,2009-09-22,SuperSport Park,1,32.4,Sri Lanka,South Africa,DPMD Jayawardene,TT Samaraweera,RE van der Merwe,1,0,,,,,,,,,
415273,2009/10,2009-09-22,SuperSport Park,1,32.5,Sri Lanka,South Africa,TT Samaraweera,DPMD Jayawardene,RE van der Merwe,1,0,,,,,,,,,
415273,2009/10,2009-09-22,SuperSport Park,1,32.6,Sri Lanka,South Africa,DPMD Jayawardene,TT Samaraweera,RE van der Merwe,0,0,,,,,,,,,
415273,2009/10,2009-09-22,SuperSport Park,1,33.1,Sri Lanka,South Africa,TT Samaraweera,DPMD Jayawardene,J Botha,0,0,,,,,,,,,
415273,2009/10,2009-09-22,SuperSport Park,1,33.2,Sri Lanka,South Africa,TT Samaraweera,DPMD Jayawardene,J Botha,1,0,,,,,,,,,
415273,2009/10,2009-09-22,SuperSport Park,1,33.3,Sri Lanka,South Africa,DPMD Jayawardene,TT Samaraweera,J Botha,1,0,,,,,,,,,
415273,2009/10,2009-09-22,SuperSport Park,1,33.4,Sri Lanka,South Africa,TT Samaraweera,DPMD Jayawardene,J Botha,1,0,,,,,,,,,
415273,2009/10,2009-09-22,SuperSport Park,1,33.5,Sri Lanka,South Africa,DPMD Jayawardene,TT Samaraweera,J Botha,4,0,,,,,,,,,
415273,2009/10,2009-09-22,SuperSport Park,1,33.6,Sri Lanka,South Africa,DPMD Jayawardene,TT Samaraweera,J Botha,1,0,,,,,,,,,
415273,2009/10,2009-09-22,SuperSport Park,1,34.1,Sri Lanka,South Africa,DPMD Jayawardene,TT Samaraweera,RE van der Merwe,0,0,,,,,,,,,
415273,2009/10,2009-09-22,SuperSport Park,1,34.2,Sri Lanka,South Africa,DPMD Jayawardene,TT Samaraweera,RE van der Merwe,0,0,,,,,,,,,
415273,2009/10,2009-09-22,SuperSport Park,1,34.3,Sri Lanka,South Africa,DPMD Jayawardene,TT Samaraweera,RE van der Merwe,1,0,,,,,,,,,
415273,2009/10,2009-09-22,SuperSport Park,1,34.4,Sri Lanka,South Africa,TT Samaraweera,DPMD Jayawardene,RE van der Merwe,1,0,,,,,,,,,
415273,2009/10,2009-09-22,SuperSport Park,1,34.5,Sri Lanka,South Africa,DPMD Jayawardene,TT Samaraweera,RE van der Merwe,1,0,,,,,,,,,
415273,2009/10,2009-09-22,SuperSport Park,1,34.6,Sri Lanka,South Africa,TT Samaraweera,DPMD Jayawardene,RE van der Merwe,1,0,,,,,,,,,
415273,2009/10,2009-09-22,SuperSport Park,1,35.1,Sri Lanka,South Africa,TT Samaraweera,DPMD Jayawardene,JH Kallis,1,0,,,,,,,,,
415273,2009/10,2009-09-22,SuperSport Park,1,35.2,Sri Lanka,South Africa,DPMD Jayawardene,TT Samaraweera,JH Kallis,0,0,,,,,,,,,
415273,2009/10,2009-09-22,SuperSport Park,1,35.3,Sri Lanka,South Africa,DPMD Jayawardene,TT Samaraweera,JH Kallis,0,0,,,,,,,,,
415273,2009/10,2009-09-22,SuperSport Park,1,35.4,Sri Lanka,South Africa,DPMD Jayawardene,TT Samaraweera,JH Kallis,1,0,,,,,,,,,
415273,2009/10,2009-09-22,SuperSport Park,1,35.5,Sri Lanka,South Africa,TT Samaraweera,DPMD Jayawardene,JH Kallis,0,0,,,,,,,,,
415273,2009/10,2009-09-22,SuperSport Park,1,35.6,Sri Lanka,South Africa,TT Samaraweera,DPMD Jayawardene,JH Kallis,0,0,,,,,,,,,
415273,2009/10,2009-09-22,SuperSport Park,1,36.1,Sri Lanka,South Africa,DPMD Jayawardene,TT Samaraweera,WD Parnell,1,0,,,,,,,,,
415273,2009/10,2009-09-22,SuperSport Park,1,36.2,Sri Lanka,South Africa,TT Samaraweera,DPMD Jayawardene,WD Parnell,1,0,,,,,,,,,
415273,2009/10,2009-09-22,SuperSport Park,1,36.3,Sri Lanka,South Africa,DPMD Jayawardene,TT Samaraweera,WD Parnell,0,0,,,,,,,,,
415273,2009/10,2009-09-22,SuperSport Park,1,36.4,Sri Lanka,South Africa,DPMD Jayawardene,TT Samaraweera,WD Parnell,1,0,,,,,,,,,
415273,2009/10,2009-09-22,SuperSport Park,1,36.5,Sri Lanka,South Africa,TT Samaraweera,DPMD Jayawardene,WD Parnell,1,0,,,,,,,,,
415273,2009/10,2009-09-22,SuperSport Park,1,36.6,Sri Lanka,South Africa,DPMD Jayawardene,TT Samaraweera,WD Parnell,0,0,,,,,,,,,
415273,2009/10,2009-09-22,SuperSport Park,1,37.1,Sri Lanka,South Africa,TT Samaraweera,DPMD Jayawardene,JH Kallis,1,0,,,,,,,,,
415273,2009/10,2009-09-22,SuperSport Park,1,37.2,Sri Lanka,South Africa,DPMD Jayawardene,TT Samaraweera,JH Kallis,4,0,,,,,,,,,
415273,2009/10,2009-09-22,SuperSport Park,1,37.3,Sri Lanka,South Africa,DPMD Jayawardene,TT Samaraweera,JH Kallis,0,0,,,,,,,,,
415273,2009/10,2009-09-22,SuperSport Park,1,37.4,Sri Lanka,South Africa,DPMD Jayawardene,TT Samaraweera,JH Kallis,1,0,,,,,,,,,
415273,2009/10,2009-09-22,SuperSport Park,1,37.5,Sri Lanka,South Africa,TT Samaraweera,DPMD Jayawardene,JH Kallis,1,0,,,,,,,,,
415273,2009/10,2009-09-22,SuperSport Park,1,37.6,Sri Lanka,South Africa,DPMD Jayawardene,TT Samaraweera,JH Kallis,1,0,,,,,,,,,
415273,2009/10,2009-09-22,SuperSport Park,1,38.1,Sri Lanka,South Africa,DPMD Jayawardene,TT Samaraweera,WD Parnell,4,0,,,,,,,,,
415273,2009/10,2009-09-22,SuperSport Park,1,38.2,Sri Lanka,South Africa,DPMD Jayawardene,TT Samaraweera,WD Parnell,2,0,,,,,,,,,
415273,2009/10,2009-09-22,SuperSport Park,1,38.3,Sri Lanka,South Africa,DPMD Jayawardene,TT Samaraweera,WD Parnell,0,0,,,,,,,,,
415273,2009/10,2009-09-22,SuperSport Park,1,38.4,Sri Lanka,South Africa,DPMD Jayawardene,TT Samaraweera,WD Parnell,1,0,,,,,,,,,
415273,2009/10,2009-09-22,SuperSport Park,1,38.5,Sri Lanka,South Africa,TT Samaraweera,DPMD Jayawardene,WD Parnell,1,0,,,,,,,,,
415273,2009/10,2009-09-22,SuperSport Park,1,38.6,Sri Lanka,South Africa,DPMD Jayawardene,TT Samaraweera,WD Parnell,1,0,,,,,,,,,
415273,2009/10,2009-09-22,SuperSport Park,1,39.1,Sri Lanka,South Africa,DPMD Jayawardene,TT Samaraweera,J Botha,1,0,,,,,,,,,
415273,2009/10,2009-09-22,SuperSport Park,1,39.2,Sri Lanka,South Africa,TT Samaraweera,DPMD Jayawardene,J Botha,1,0,,,,,,,,,
415273,2009/10,2009-09-22,SuperSport Park,1,39.3,Sri Lanka,South Africa,DPMD Jayawardene,TT Samaraweera,J Botha,1,0,,,,,,,,,
415273,2009/10,2009-09-22,SuperSport Park,1,39.4,Sri Lanka,South Africa,TT Samaraweera,DPMD Jayawardene,J Botha,1,0,,,,,,,,,
415273,2009/10,2009-09-22,SuperSport Park,1,39.5,Sri Lanka,South Africa,DPMD Jayawardene,TT Samaraweera,J Botha,2,0,,,,,,,,,
415273,2009/10,2009-09-22,SuperSport Park,1,39.6,Sri Lanka,South Africa,DPMD Jayawardene,TT Samaraweera,J Botha,1,0,,,,,,,,,
415273,2009/10,2009-09-22,SuperSport Park,1,40.1,Sri Lanka,South Africa,DPMD Jayawardene,TT Samaraweera,JA Morkel,4,0,,,,,,,,,
415273,2009/10,2009-09-22,SuperSport Park,1,40.2,Sri Lanka,South Africa,DPMD Jayawardene,TT Samaraweera,JA Morkel,1,0,,,,,,,,,
415273,2009/10,2009-09-22,SuperSport Park,1,40.3,Sri Lanka,South Africa,TT Samaraweera,DPMD Jayawardene,JA Morkel,2,0,,,,,,,,,
415273,2009/10,2009-09-22,SuperSport Park,1,40.4,Sri Lanka,South Africa,TT Samaraweera,DPMD Jayawardene,JA Morkel,1,0,,,,,,,,,
415273,2009/10,2009-09-22,SuperSport Park,1,40.5,Sri Lanka,South Africa,DPMD Jayawardene,TT Samaraweera,JA Morkel,1,0,,,,,,,,,
415273,2009/10,2009-09-22,SuperSport Park,1,40.6,Sri Lanka,South Africa,TT Samaraweera,DPMD Jayawardene,JA Morkel,1,0,,,,,,,,,
415273,2009/10,2009-09-22,SuperSport Park,1,41.1,Sri Lanka,South Africa,TT Samaraweera,DPMD Jayawardene,J Botha,1,0,,,,,,,,,
415273,2009/10,2009-09-22,SuperSport Park,1,41.2,Sri Lanka,South Africa,DPMD Jayawardene,TT Samaraweera,J Botha,2,0,,,,,,,,,
415273,2009/10,2009-09-22,SuperSport Park,1,41.3,Sri Lanka,South Africa,DPMD Jayawardene,TT Samaraweera,J Botha,1,0,,,,,,,,,
415273,2009/10,2009-09-22,SuperSport Park,1,41.4,Sri Lanka,South Africa,TT Samaraweera,DPMD Jayawardene,J Botha,1,0,,,,,,,,,
415273,2009/10,2009-09-22,SuperSport Park,1,41.5,Sri Lanka,South Africa,DPMD Jayawardene,TT Samaraweera,J Botha,1,0,,,,,,,,,
415273,2009/10,2009-09-22,SuperSport Park,1,41.6,Sri Lanka,South Africa,TT Samaraweera,DPMD Jayawardene,J Botha,0,0,,,,,,,,,
415273,2009/10,2009-09-22,SuperSport Park,1,42.1,Sri Lanka,South Africa,DPMD Jayawardene,TT Samaraweera,JA Morkel,1,0,,,,,,,,,
415273,2009/10,2009-09-22,SuperSport Park,1,42.2,Sri Lanka,South Africa,TT Samaraweera,DPMD Jayawardene,JA Morkel,0,0,,,,,,,,,
415273,2009/10,2009-09-22,SuperSport Park,1,42.3,Sri Lanka,South Africa,TT Samaraweera,DPMD Jayawardene,JA Morkel,4,0,,,,,,,,,
415273,2009/10,2009-09-22,SuperSport Park,1,42.4,Sri Lanka,South Africa,TT Samaraweera,DPMD Jayawardene,JA Morkel,1,0,,,,,,,,,
415273,2009/10,2009-09-22,SuperSport Park,1,42.5,Sri Lanka,South Africa,DPMD Jayawardene,TT Samaraweera,JA Morkel,0,0,,,,,,,,,
415273,2009/10,2009-09-22,SuperSport Park,1,42.6,Sri Lanka,South Africa,DPMD Jayawardene,TT Samaraweera,JA Morkel,1,0,,,,,,,,,
415273,2009/10,2009-09-22,SuperSport Park,1,43.1,Sri Lanka,South Africa,DPMD Jayawardene,TT Samaraweera,JH Kallis,0,1,,,,1,,,,,
415273,2009/10,2009-09-22,SuperSport Park,1,43.2,Sri Lanka,South Africa,TT Samaraweera,DPMD Jayawardene,JH Kallis,1,0,,,,,,,,,
415273,2009/10,2009-09-22,SuperSport Park,1,43.3,Sri Lanka,South Africa,DPMD Jayawardene,TT Samaraweera,JH Kallis,0,0,,,,,,,,,
415273,2009/10,2009-09-22,SuperSport Park,1,43.4,Sri Lanka,South Africa,DPMD Jayawardene,TT Samaraweera,JH Kallis,6,0,,,,,,,,,
415273,2009/10,2009-09-22,SuperSport Park,1,43.5,Sri Lanka,South Africa,DPMD Jayawardene,TT Samaraweera,JH Kallis,1,0,,,,,,,,,
415273,2009/10,2009-09-22,SuperSport Park,1,43.6,Sri Lanka,South Africa,TT Samaraweera,DPMD Jayawardene,JH Kallis,2,0,,,,,,,,,
415273,2009/10,2009-09-22,SuperSport Park,1,44.1,Sri Lanka,South Africa,DPMD Jayawardene,TT Samaraweera,WD Parnell,2,0,,,,,,,,,
415273,2009/10,2009-09-22,SuperSport Park,1,44.2,Sri Lanka,South Africa,DPMD Jayawardene,TT Samaraweera,WD Parnell,1,0,,,,,,,,,
415273,2009/10,2009-09-22,SuperSport Park,1,44.3,Sri Lanka,South Africa,TT Samaraweera,DPMD Jayawardene,WD Parnell,1,1,,1,,,,,,,
415273,2009/10,2009-09-22,SuperSport Park,1,44.4,Sri Lanka,South Africa,DPMD Jayawardene,TT Samaraweera,WD Parnell,1,0,,,,,,,,,
415273,2009/10,2009-09-22,SuperSport Park,1,44.5,Sri Lanka,South Africa,TT Samaraweera,DPMD Jayawardene,WD Parnell,1,0,,,,,,,,,
415273,2009/10,2009-09-22,SuperSport Park,1,44.6,Sri Lanka,South Africa,DPMD Jayawardene,TT Samaraweera,WD Parnell,4,0,,,,,,,,,
415273,2009/10,2009-09-22,SuperSport Park,1,44.7,Sri Lanka,South Africa,DPMD Jayawardene,TT Samaraweera,WD Parnell,4,0,,,,,,,,,
415273,2009/10,2009-09-22,SuperSport Park,1,45.1,Sri Lanka,South Africa,TT Samaraweera,DPMD Jayawardene,DW Steyn,1,0,,,,,,,,,
415273,2009/10,2009-09-22,SuperSport Park,1,45.2,Sri Lanka,South Africa,DPMD Jayawardene,TT Samaraweera,DW Steyn,4,0,,,,,,,,,
415273,2009/10,2009-09-22,SuperSport Park,1,45.3,Sri Lanka,South Africa,DPMD Jayawardene,TT Samaraweera,DW Steyn,1,0,,,,,,,,,
415273,2009/10,2009-09-22,SuperSport Park,1,45.4,Sri Lanka,South Africa,TT Samaraweera,DPMD Jayawardene,DW Steyn,1,0,,,,,,,,,
415273,2009/10,2009-09-22,SuperSport Park,1,45.5,Sri Lanka,South Africa,DPMD Jayawardene,TT Samaraweera,DW Steyn,4,0,,,,,,,,,
415273,2009/10,2009-09-22,SuperSport Park,1,45.6,Sri Lanka,South Africa,DPMD Jayawardene,TT Samaraweera,DW Steyn,1,0,,,,,,,,,
415273,2009/10,2009-09-22,SuperSport Park,1,46.1,Sri Lanka,South Africa,DPMD Jayawardene,TT Samaraweera,WD Parnell,1,0,,,,,,,,,
415273,2009/10,2009-09-22,SuperSport Park,1,46.2,Sri Lanka,South Africa,TT Samaraweera,DPMD Jayawardene,WD Parnell,1,0,,,,,,,,,
415273,2009/10,2009-09-22,SuperSport Park,1,46.3,Sri Lanka,South Africa,DPMD Jayawardene,TT Samaraweera,WD Parnell,0,0,,,,,,caught,DPMD Jayawardene,,
415273,2009/10,2009-09-22,SuperSport Park,1,46.4,Sri Lanka,South Africa,TT Samaraweera,AD Mathews,WD Parnell,0,0,,,,,,caught,TT Samaraweera,,
415273,2009/10,2009-09-22,SuperSport Park,1,46.5,Sri Lanka,South Africa,AD Mathews,SHT Kandamby,WD Parnell,2,0,,,,,,,,,
415273,2009/10,2009-09-22,SuperSport Park,1,46.6,Sri Lanka,South Africa,AD Mathews,SHT Kandamby,WD Parnell,1,0,,,,,,,,,
415273,2009/10,2009-09-22,SuperSport Park,1,47.1,Sri Lanka,South Africa,AD Mathews,SHT Kandamby,DW Steyn,0,0,,,,,,,,,
415273,2009/10,2009-09-22,SuperSport Park,1,47.2,Sri Lanka,South Africa,AD Mathews,SHT Kandamby,DW Steyn,0,0,,,,,,,,,
415273,2009/10,2009-09-22,SuperSport Park,1,47.3,Sri Lanka,South Africa,AD Mathews,SHT Kandamby,DW Steyn,2,0,,,,,,,,,
415273,2009/10,2009-09-22,SuperSport Park,1,47.4,Sri Lanka,South Africa,AD Mathews,SHT Kandamby,DW Steyn,3,0,,,,,,,,,
415273,2009/10,2009-09-22,SuperSport Park,1,47.5,Sri Lanka,South Africa,SHT Kandamby,AD Mathews,DW Steyn,1,0,,,,,,,,,
415273,2009/10,2009-09-22,SuperSport Park,1,47.6,Sri Lanka,South Africa,AD Mathews,SHT Kandamby,DW Steyn,1,0,,,,,,,,,
415273,2009/10,2009-09-22,SuperSport Park,1,48.1,Sri Lanka,South Africa,AD Mathews,SHT Kandamby,WD Parnell,1,0,,,,,,,,,
415273,2009/10,2009-09-22,SuperSport Park,1,48.2,Sri Lanka,South Africa,SHT Kandamby,AD Mathews,WD Parnell,1,0,,,,,,,,,
415273,2009/10,2009-09-22,SuperSport Park,1,48.3,Sri Lanka,South Africa,AD Mathews,SHT Kandamby,WD Parnell,1,0,,,,,,,,,
415273,2009/10,2009-09-22,SuperSport Park,1,48.4,Sri Lanka,South Africa,SHT Kandamby,AD Mathews,WD Parnell,4,0,,,,,,,,,
415273,2009/10,2009-09-22,SuperSport Park,1,48.5,Sri Lanka,South Africa,SHT Kandamby,AD Mathews,WD Parnell,0,0,,,,,,,,,
415273,2009/10,2009-09-22,SuperSport Park,1,48.6,Sri Lanka,South Africa,SHT Kandamby,AD Mathews,WD Parnell,0,0,,,,,,caught,SHT Kandamby,,
415273,2009/10,2009-09-22,SuperSport Park,1,49.1,Sri Lanka,South Africa,AD Mathews,KMDN Kulasekara,DW Steyn,0,0,,,,,,,,,
415273,2009/10,2009-09-22,SuperSport Park,1,49.2,Sri Lanka,South Africa,AD Mathews,KMDN Kulasekara,DW Steyn,1,0,,,,,,,,,
415273,2009/10,2009-09-22,SuperSport Park,1,49.3,Sri Lanka,South Africa,KMDN Kulasekara,AD Mathews,DW Steyn,1,0,,,,,,,,,
415273,2009/10,2009-09-22,SuperSport Park,1,49.4,Sri Lanka,South Africa,AD Mathews,KMDN Kulasekara,DW Steyn,1,0,,,,,,run out,KMDN Kulasekara,,
415273,2009/10,2009-09-22,SuperSport Park,1,49.5,Sri Lanka,South Africa,AD Mathews,M Muralitharan,DW Steyn,2,0,,,,,,,,,
415273,2009/10,2009-09-22,SuperSport Park,1,49.6,Sri Lanka,South Africa,AD Mathews,M Muralitharan,DW Steyn,0,0,,,,,,bowled,AD Mathews,,
415273,2009/10,2009-09-22,SuperSport Park,2,0.1,South Africa,Sri Lanka,GC Smith,HM Amla,SL Malinga,0,0,,,,,,,,,
415273,2009/10,2009-09-22,SuperSport Park,2,0.2,South Africa,Sri Lanka,GC Smith,HM Amla,SL Malinga,0,0,,,,,,,,,
415273,2009/10,2009-09-22,SuperSport Park,2,0.3,South Africa,Sri Lanka,GC Smith,HM Amla,SL Malinga,2,0,,,,,,,,,
415273,2009/10,2009-09-22,SuperSport Park,2,0.4,South Africa,Sri Lanka,GC Smith,HM Amla,SL Malinga,0,0,,,,,,,,,
415273,2009/10,2009-09-22,SuperSport Park,2,0.5,South Africa,Sri Lanka,GC Smith,HM Amla,SL Malinga,4,0,,,,,,,,,
415273,2009/10,2009-09-22,SuperSport Park,2,0.6,South Africa,Sri Lanka,GC Smith,HM Amla,SL Malinga,0,0,,,,,,,,,
415273,2009/10,2009-09-22,SuperSport Park,2,1.1,South Africa,Sri Lanka,HM Amla,GC Smith,KMDN Kulasekara,1,0,,,,,,,,,
415273,2009/10,2009-09-22,SuperSport Park,2,1.2,South Africa,Sri Lanka,GC Smith,HM Amla,KMDN Kulasekara,1,0,,,,,,,,,
415273,2009/10,2009-09-22,SuperSport Park,2,1.3,South Africa,Sri Lanka,HM Amla,GC Smith,KMDN Kulasekara,0,0,,,,,,,,,
415273,2009/10,2009-09-22,SuperSport Park,2,1.4,South Africa,Sri Lanka,HM Amla,GC Smith,KMDN Kulasekara,0,0,,,,,,,,,
415273,2009/10,2009-09-22,SuperSport Park,2,1.5,South Africa,Sri Lanka,HM Amla,GC Smith,KMDN Kulasekara,1,0,,,,,,,,,
415273,2009/10,2009-09-22,SuperSport Park,2,1.6,South Africa,Sri Lanka,GC Smith,HM Amla,KMDN Kulasekara,0,0,,,,,,,,,
415273,2009/10,2009-09-22,SuperSport Park,2,2.1,South Africa,Sri Lanka,HM Amla,GC Smith,AD Mathews,0,0,,,,,,,,,
415273,2009/10,2009-09-22,SuperSport Park,2,2.2,South Africa,Sri Lanka,HM Amla,GC Smith,AD Mathews,0,0,,,,,,,,,
415273,2009/10,2009-09-22,SuperSport Park,2,2.3,South Africa,Sri Lanka,HM Amla,GC Smith,AD Mathews,0,0,,,,,,,,,
415273,2009/10,2009-09-22,SuperSport Park,2,2.4,South Africa,Sri Lanka,HM Amla,GC Smith,AD Mathews,0,0,,,,,,,,,
415273,2009/10,2009-09-22,SuperSport Park,2,2.5,South Africa,Sri Lanka,HM Amla,GC Smith,AD Mathews,0,0,,,,,,,,,
415273,2009/10,2009-09-22,SuperSport Park,2,2.6,South Africa,Sri Lanka,HM Amla,GC Smith,AD Mathews,0,0,,,,,,bowled,HM Amla,,
415273,2009/10,2009-09-22,SuperSport Park,2,3.1,South Africa,Sri Lanka,GC Smith,JH Kallis,KMDN Kulasekara,0,0,,,,,,,,,
415273,2009/10,2009-09-22,SuperSport Park,2,3.2,South Africa,Sri Lanka,GC Smith,JH Kallis,KMDN Kulasekara,0,0,,,,,,,,,
415273,2009/10,2009-09-22,SuperSport Park,2,3.3,South Africa,Sri Lanka,GC Smith,JH Kallis,KMDN Kulasekara,0,0,,,,,,,,,
415273,2009/10,2009-09-22,SuperSport Park,2,3.4,South Africa,Sri Lanka,GC Smith,JH Kallis,KMDN Kulasekara,2,0,,,,,,,,,
415273,2009/10,2009-09-22,SuperSport Park,2,3.5,South Africa,Sri Lanka,GC Smith,JH Kallis,KMDN Kulasekara,0,0,,,,,,,,,
415273,2009/10,2009-09-22,SuperSport Park,2,3.6,South Africa,Sri Lanka,GC Smith,JH Kallis,KMDN Kulasekara,4,0,,,,,,,,,
415273,2009/10,2009-09-22,SuperSport Park,2,4.1,South Africa,Sri Lanka,JH Kallis,GC Smith,AD Mathews,0,0,,,,,,,,,
415273,2009/10,2009-09-22,SuperSport Park,2,4.2,South Africa,Sri Lanka,JH Kallis,GC Smith,AD Mathews,1,0,,,,,,,,,
415273,2009/10,2009-09-22,SuperSport Park,2,4.3,South Africa,Sri Lanka,GC Smith,JH Kallis,AD Mathews,0,0,,,,,,,,,
415273,2009/10,2009-09-22,SuperSport Park,2,4.4,South Africa,Sri Lanka,GC Smith,JH Kallis,AD Mathews,1,0,,,,,,,,,
415273,2009/10,2009-09-22,SuperSport Park,2,4.5,South Africa,Sri Lanka,JH Kallis,GC Smith,AD Mathews,1,0,,,,,,,,,
415273,2009/10,2009-09-22,SuperSport Park,2,4.6,South Africa,Sri Lanka,GC Smith,JH Kallis,AD Mathews,0,0,,,,,,,,,
415273,2009/10,2009-09-22,SuperSport Park,2,5.1,South Africa,Sri Lanka,JH Kallis,GC Smith,KMDN Kulasekara,4,0,,,,,,,,,
415273,2009/10,2009-09-22,SuperSport Park,2,5.2,South Africa,Sri Lanka,JH Kallis,GC Smith,KMDN Kulasekara,1,0,,,,,,,,,
415273,2009/10,2009-09-22,SuperSport Park,2,5.3,South Africa,Sri Lanka,GC Smith,JH Kallis,KMDN Kulasekara,1,0,,,,,,,,,
415273,2009/10,2009-09-22,SuperSport Park,2,5.4,South Africa,Sri Lanka,JH Kallis,GC Smith,KMDN Kulasekara,0,0,,,,,,,,,
415273,2009/10,2009-09-22,SuperSport Park,2,5.5,South Africa,Sri Lanka,JH Kallis,GC Smith,KMDN Kulasekara,4,0,,,,,,,,,
415273,2009/10,2009-09-22,SuperSport Park,2,5.6,South Africa,Sri Lanka,JH Kallis,GC Smith,KMDN Kulasekara,0,0,,,,,,,,,
415273,2009/10,2009-09-22,SuperSport Park,2,6.1,South Africa,Sri Lanka,GC Smith,JH Kallis,AD Mathews,1,0,,,,,,,,,
415273,2009/10,2009-09-22,SuperSport Park,2,6.2,South Africa,Sri Lanka,JH Kallis,GC Smith,AD Mathews,0,0,,,,,,,,,
415273,2009/10,2009-09-22,SuperSport Park,2,6.3,South Africa,Sri Lanka,JH Kallis,GC Smith,AD Mathews,4,0,,,,,,,,,
415273,2009/10,2009-09-22,SuperSport Park,2,6.4,South Africa,Sri Lanka,JH Kallis,GC Smith,AD Mathews,0,0,,,,,,,,,
415273,2009/10,2009-09-22,SuperSport Park,2,6.5,South Africa,Sri Lanka,JH Kallis,GC Smith,AD Mathews,0,0,,,,,,,,,
415273,2009/10,2009-09-22,SuperSport Park,2,6.6,South Africa,Sri Lanka,JH Kallis,GC Smith,AD Mathews,0,0,,,,,,,,,
415273,2009/10,2009-09-22,SuperSport Park,2,7.1,South Africa,Sri Lanka,GC Smith,JH Kallis,KMDN Kulasekara,0,0,,,,,,,,,
415273,2009/10,2009-09-22,SuperSport Park,2,7.2,South Africa,Sri Lanka,GC Smith,JH Kallis,KMDN Kulasekara,1,0,,,,,,,,,
415273,2009/10,2009-09-22,SuperSport Park,2,7.3,South Africa,Sri Lanka,JH Kallis,GC Smith,KMDN Kulasekara,0,0,,,,,,,,,
415273,2009/10,2009-09-22,SuperSport Park,2,7.4,South Africa,Sri Lanka,JH Kallis,GC Smith,KMDN Kulasekara,0,0,,,,,,,,,
415273,2009/10,2009-09-22,SuperSport Park,2,7.5,South Africa,Sri Lanka,JH Kallis,GC Smith,KMDN Kulasekara,0,0,,,,,,,,,
415273,2009/10,2009-09-22,SuperSport Park,2,7.6,South Africa,Sri Lanka,JH Kallis,GC Smith,KMDN Kulasekara,4,0,,,,,,,,,
415273,2009/10,2009-09-22,SuperSport Park,2,8.1,South Africa,Sri Lanka,GC Smith,JH Kallis,AD Mathews,0,0,,,,,,,,,
415273,2009/10,2009-09-22,SuperSport Park,2,8.2,South Africa,Sri Lanka,GC Smith,JH Kallis,AD Mathews,4,0,,,,,,,,,
415273,2009/10,2009-09-22,SuperSport Park,2,8.3,South Africa,Sri Lanka,GC Smith,JH Kallis,AD Mathews,4,0,,,,,,,,,
415273,2009/10,2009-09-22,SuperSport Park,2,8.4,South Africa,Sri Lanka,GC Smith,JH Kallis,AD Mathews,0,0,,,,,,,,,
415273,2009/10,2009-09-22,SuperSport Park,2,8.5,South Africa,Sri Lanka,GC Smith,JH Kallis,AD Mathews,0,0,,,,,,,,,
415273,2009/10,2009-09-22,SuperSport Park,2,8.6,South Africa,Sri Lanka,GC Smith,JH Kallis,AD Mathews,1,0,,,,,,,,,
415273,2009/10,2009-09-22,SuperSport Park,2,9.1,South Africa,Sri Lanka,GC Smith,JH Kallis,KMDN Kulasekara,4,0,,,,,,,,,
415273,2009/10,2009-09-22,SuperSport Park,2,9.2,South Africa,Sri Lanka,GC Smith,JH Kallis,KMDN Kulasekara,0,0,,,,,,,,,
415273,2009/10,2009-09-22,SuperSport Park,2,9.3,South Africa,Sri Lanka,GC Smith,JH Kallis,KMDN Kulasekara,6,0,,,,,,,,,
415273,2009/10,2009-09-22,SuperSport Park,2,9.4,South Africa,Sri Lanka,GC Smith,JH Kallis,KMDN Kulasekara,4,0,,,,,,,,,
415273,2009/10,2009-09-22,SuperSport Park,2,9.5,South Africa,Sri Lanka,GC Smith,JH Kallis,KMDN Kulasekara,0,0,,,,,,,,,
415273,2009/10,2009-09-22,SuperSport Park,2,9.6,South Africa,Sri Lanka,GC Smith,JH Kallis,KMDN Kulasekara,0,0,,,,,,,,,
415273,2009/10,2009-09-22,SuperSport Park,2,10.1,South Africa,Sri Lanka,JH Kallis,GC Smith,AD Mathews,0,0,,,,,,,,,
415273,2009/10,2009-09-22,SuperSport Park,2,10.2,South Africa,Sri Lanka,JH Kallis,GC Smith,AD Mathews,1,0,,,,,,,,,
415273,2009/10,2009-09-22,SuperSport Park,2,10.3,South Africa,Sri Lanka,GC Smith,JH Kallis,AD Mathews,1,0,,,,,,,,,
415273,2009/10,2009-09-22,SuperSport Park,2,10.4,South Africa,Sri Lanka,JH Kallis,GC Smith,AD Mathews,0,0,,,,,,,,,
415273,2009/10,2009-09-22,SuperSport Park,2,10.5,South Africa,Sri Lanka,JH Kallis,GC Smith,AD Mathews,0,0,,,,,,,,,
415273,2009/10,2009-09-22,SuperSport Park,2,10.6,South Africa,Sri Lanka,JH Kallis,GC Smith,AD Mathews,1,0,,,,,,,,,
415273,2009/10,2009-09-22,SuperSport Park,2,11.1,South Africa,Sri Lanka,JH Kallis,GC Smith,KMDN Kulasekara,1,0,,,,,,,,,
415273,2009/10,2009-09-22,SuperSport Park,2,11.2,South Africa,Sri Lanka,GC Smith,JH Kallis,KMDN Kulasekara,1,0,,,,,,,,,
415273,2009/10,2009-09-22,SuperSport Park,2,11.3,South Africa,Sri Lanka,JH Kallis,GC Smith,KMDN Kulasekara,0,0,,,,,,,,,
415273,2009/10,2009-09-22,SuperSport Park,2,11.4,South Africa,Sri Lanka,JH Kallis,GC Smith,KMDN Kulasekara,1,0,,,,,,,,,
415273,2009/10,2009-09-22,SuperSport Park,2,11.5,South Africa,Sri Lanka,GC Smith,JH Kallis,KMDN Kulasekara,0,0,,,,,,,,,
415273,2009/10,2009-09-22,SuperSport Park,2,11.6,South Africa,Sri Lanka,GC Smith,JH Kallis,KMDN Kulasekara,0,0,,,,,,,,,
415273,2009/10,2009-09-22,SuperSport Park,2,12.1,South Africa,Sri Lanka,JH Kallis,GC Smith,AD Mathews,0,0,,,,,,,,,
415273,2009/10,2009-09-22,SuperSport Park,2,12.2,South Africa,Sri Lanka,JH Kallis,GC Smith,AD Mathews,0,0,,,,,,,,,
415273,2009/10,2009-09-22,SuperSport Park,2,12.3,South Africa,Sri Lanka,JH Kallis,GC Smith,AD Mathews,2,0,,,,,,,,,
415273,2009/10,2009-09-22,SuperSport Park,2,12.4,South Africa,Sri Lanka,JH Kallis,GC Smith,AD Mathews,3,0,,,,,,,,,
415273,2009/10,2009-09-22,SuperSport Park,2,12.5,South Africa,Sri Lanka,GC Smith,JH Kallis,AD Mathews,4,0,,,,,,,,,
415273,2009/10,2009-09-22,SuperSport Park,2,12.6,South Africa,Sri Lanka,GC Smith,JH Kallis,AD Mathews,2,0,,,,,,,,,
415273,2009/10,2009-09-22,SuperSport Park,2,13.1,South Africa,Sri Lanka,JH Kallis,GC Smith,M Muralitharan,1,0,,,,,,,,,
415273,2009/10,2009-09-22,SuperSport Park,2,13.2,South Africa,Sri Lanka,GC Smith,JH Kallis,M Muralitharan,4,0,,,,,,,,,
415273,2009/10,2009-09-22,SuperSport Park,2,13.3,South Africa,Sri Lanka,GC Smith,JH Kallis,M Muralitharan,4,0,,,,,,,,,
415273,2009/10,2009-09-22,SuperSport Park,2,13.4,South Africa,Sri Lanka,GC Smith,JH Kallis,M Muralitharan,1,0,,,,,,,,,
415273,2009/10,2009-09-22,SuperSport Park,2,13.5,South Africa,Sri Lanka,JH Kallis,GC Smith,M Muralitharan,1,0,,,,,,,,,
415273,2009/10,2009-09-22,SuperSport Park,2,13.6,South Africa,Sri Lanka,GC Smith,JH Kallis,M Muralitharan,1,0,,,,,,,,,
415273,2009/10,2009-09-22,SuperSport Park,2,14.1,South Africa,Sri Lanka,GC Smith,JH Kallis,BAW Mendis,0,0,,,,,,bowled,GC Smith,,
415273,2009/10,2009-09-22,SuperSport Park,2,14.2,South Africa,Sri Lanka,AB de Villiers,JH Kallis,BAW Mendis,0,0,,,,,,,,,
415273,2009/10,2009-09-22,SuperSport Park,2,14.3,South Africa,Sri Lanka,AB de Villiers,JH Kallis,BAW Mendis,1,0,,,,,,,,,
415273,2009/10,2009-09-22,SuperSport Park,2,14.4,South Africa,Sri Lanka,JH Kallis,AB de Villiers,BAW Mendis,1,0,,,,,,,,,
415273,2009/10,2009-09-22,SuperSport Park,2,14.5,South Africa,Sri Lanka,AB de Villiers,JH Kallis,BAW Mendis,0,0,,,,,,,,,
415273,2009/10,2009-09-22,SuperSport Park,2,14.6,South Africa,Sri Lanka,AB de Villiers,JH Kallis,BAW Mendis,0,0,,,,,,,,,
415273,2009/10,2009-09-22,SuperSport Park,2,15.1,South Africa,Sri Lanka,JH Kallis,AB de Villiers,M Muralitharan,1,0,,,,,,,,,
415273,2009/10,2009-09-22,SuperSport Park,2,15.2,South Africa,Sri Lanka,AB de Villiers,JH Kallis,M Muralitharan,0,0,,,,,,,,,
415273,2009/10,2009-09-22,SuperSport Park,2,15.3,South Africa,Sri Lanka,AB de Villiers,JH Kallis,M Muralitharan,1,0,,,,,,,,,
415273,2009/10,2009-09-22,SuperSport Park,2,15.4,South Africa,Sri Lanka,JH Kallis,AB de Villiers,M Muralitharan,1,0,,,,,,,,,
415273,2009/10,2009-09-22,SuperSport Park,2,15.5,South Africa,Sri Lanka,AB de Villiers,JH Kallis,M Muralitharan,0,0,,,,,,,,,
415273,2009/10,2009-09-22,SuperSport Park,2,15.6,South Africa,Sri Lanka,AB de Villiers,JH Kallis,M Muralitharan,0,0,,,,,,,,,
415273,2009/10,2009-09-22,SuperSport Park,2,16.1,South Africa,Sri Lanka,JH Kallis,AB de Villiers,BAW Mendis,0,0,,,,,,,,,
415273,2009/10,2009-09-22,SuperSport Park,2,16.2,South Africa,Sri Lanka,JH Kallis,AB de Villiers,BAW Mendis,1,0,,,,,,,,,
415273,2009/10,2009-09-22,SuperSport Park,2,16.3,South Africa,Sri Lanka,AB de Villiers,JH Kallis,BAW Mendis,0,0,,,,,,,,,
415273,2009/10,2009-09-22,SuperSport Park,2,16.4,South Africa,Sri Lanka,AB de Villiers,JH Kallis,BAW Mendis,1,0,,,,,,,,,
415273,2009/10,2009-09-22,SuperSport Park,2,16.5,South Africa,Sri Lanka,JH Kallis,AB de Villiers,BAW Mendis,1,0,,,,,,,,,
415273,2009/10,2009-09-22,SuperSport Park,2,16.6,South Africa,Sri Lanka,AB de Villiers,JH Kallis,BAW Mendis,1,0,,,,,,,,,
415273,2009/10,2009-09-22,SuperSport Park,2,17.1,South Africa,Sri Lanka,AB de Villiers,JH Kallis,M Muralitharan,2,0,,,,,,,,,
415273,2009/10,2009-09-22,SuperSport Park,2,17.2,South Africa,Sri Lanka,AB de Villiers,JH Kallis,M Muralitharan,1,0,,,,,,,,,
415273,2009/10,2009-09-22,SuperSport Park,2,17.3,South Africa,Sri Lanka,JH Kallis,AB de Villiers,M Muralitharan,0,0,,,,,,,,,
415273,2009/10,2009-09-22,SuperSport Park,2,17.4,South Africa,Sri Lanka,JH Kallis,AB de Villiers,M Muralitharan,1,0,,,,,,,,,
415273,2009/10,2009-09-22,SuperSport Park,2,17.5,South Africa,Sri Lanka,AB de Villiers,JH Kallis,M Muralitharan,0,0,,,,,,,,,
415273,2009/10,2009-09-22,SuperSport Park,2,17.6,South Africa,Sri Lanka,AB de Villiers,JH Kallis,M Muralitharan,1,0,,,,,,,,,
415273,2009/10,2009-09-22,SuperSport Park,2,18.1,South Africa,Sri Lanka,AB de Villiers,JH Kallis,BAW Mendis,1,0,,,,,,,,,
415273,2009/10,2009-09-22,SuperSport Park,2,18.2,South Africa,Sri Lanka,JH Kallis,AB de Villiers,BAW Mendis,0,0,,,,,,,,,
415273,2009/10,2009-09-22,SuperSport Park,2,18.3,South Africa,Sri Lanka,JH Kallis,AB de Villiers,BAW Mendis,1,0,,,,,,,,,
415273,2009/10,2009-09-22,SuperSport Park,2,18.4,South Africa,Sri Lanka,AB de Villiers,JH Kallis,BAW Mendis,0,0,,,,,,,,,
415273,2009/10,2009-09-22,SuperSport Park,2,18.5,South Africa,Sri Lanka,AB de Villiers,JH Kallis,BAW Mendis,1,0,,,,,,,,,
415273,2009/10,2009-09-22,SuperSport Park,2,18.6,South Africa,Sri Lanka,JH Kallis,AB de Villiers,BAW Mendis,1,0,,,,,,,,,
415273,2009/10,2009-09-22,SuperSport Park,2,19.1,South Africa,Sri Lanka,JH Kallis,AB de Villiers,M Muralitharan,1,0,,,,,,,,,
415273,2009/10,2009-09-22,SuperSport Park,2,19.2,South Africa,Sri Lanka,AB de Villiers,JH Kallis,M Muralitharan,1,0,,,,,,,,,
415273,2009/10,2009-09-22,SuperSport Park,2,19.3,South Africa,Sri Lanka,JH Kallis,AB de Villiers,M Muralitharan,1,0,,,,,,,,,
415273,2009/10,2009-09-22,SuperSport Park,2,19.4,South Africa,Sri Lanka,AB de Villiers,JH Kallis,M Muralitharan,1,0,,,,,,,,,
415273,2009/10,2009-09-22,SuperSport Park,2,19.5,South Africa,Sri Lanka,JH Kallis,AB de Villiers,M Muralitharan,1,0,,,,,,,,,
415273,2009/10,2009-09-22,SuperSport Park,2,19.6,South Africa,Sri Lanka,AB de Villiers,JH Kallis,M Muralitharan,0,0,,,,,,,,,
415273,2009/10,2009-09-22,SuperSport Park,2,20.1,South Africa,Sri Lanka,JH Kallis,AB de Villiers,BAW Mendis,0,0,,,,,,,,,
415273,2009/10,2009-09-22,SuperSport Park,2,20.2,South Africa,Sri Lanka,JH Kallis,AB de Villiers,BAW Mendis,0,0,,,,,,,,,
415273,2009/10,2009-09-22,SuperSport Park,2,20.3,South Africa,Sri Lanka,JH Kallis,AB de Villiers,BAW Mendis,0,0,,,,,,caught,JH Kallis,,
415273,2009/10,2009-09-22,SuperSport Park,2,20.4,South Africa,Sri Lanka,JP Duminy,AB de Villiers,BAW Mendis,0,0,,,,,,bowled,JP Duminy,,
415273,2009/10,2009-09-22,SuperSport Park,2,20.5,South Africa,Sri Lanka,MV Boucher,AB de Villiers,BAW Mendis,2,0,,,,,,,,,
415273,2009/10,2009-09-22,SuperSport Park,2,20.6,South Africa,Sri Lanka,MV Boucher,AB de Villiers,BAW Mendis,0,0,,,,,,,,,
415273,2009/10,2009-09-22,SuperSport Park,2,21.1,South Africa,Sri Lanka,AB de Villiers,MV Boucher,M Muralitharan,0,0,,,,,,,,,
415273,2009/10,2009-09-22,SuperSport Park,2,21.2,South Africa,Sri Lanka,AB de Villiers,MV Boucher,M Muralitharan,2,0,,,,,,,,,
415273,2009/10,2009-09-22,SuperSport Park,2,21.3,South Africa,Sri Lanka,AB de Villiers,MV Boucher,M Muralitharan,2,0,,,,,,,,,
415273,2009/10,2009-09-22,SuperSport Park,2,21.4,South Africa,Sri Lanka,AB de Villiers,MV Boucher,M Muralitharan,0,0,,,,,,,,,
415273,2009/10,2009-09-22,SuperSport Park,2,21.5,South Africa,Sri Lanka,AB de Villiers,MV Boucher,M Muralitharan,1,0,,,,,,,,,
415273,2009/10,2009-09-22,SuperSport Park,2,21.6,South Africa,Sri Lanka,MV Boucher,AB de Villiers,M Muralitharan,1,0,,,,,,,,,
415273,2009/10,2009-09-22,SuperSport Park,2,22.1,South Africa,Sri Lanka,MV Boucher,AB de Villiers,BAW Mendis,4,0,,,,,,,,,
415273,2009/10,2009-09-22,SuperSport Park,2,22.2,South Africa,Sri Lanka,MV Boucher,AB de Villiers,BAW Mendis,0,0,,,,,,,,,
415273,2009/10,2009-09-22,SuperSport Park,2,22.3,South Africa,Sri Lanka,MV Boucher,AB de Villiers,BAW Mendis,0,0,,,,,,,,,
415273,2009/10,2009-09-22,SuperSport Park,2,22.4,South Africa,Sri Lanka,MV Boucher,AB de Villiers,BAW Mendis,0,0,,,,,,,,,
415273,2009/10,2009-09-22,SuperSport Park,2,22.5,South Africa,Sri Lanka,MV Boucher,AB de Villiers,BAW Mendis,1,0,,,,,,,,,
415273,2009/10,2009-09-22,SuperSport Park,2,22.6,South Africa,Sri Lanka,AB de Villiers,MV Boucher,BAW Mendis,1,0,,,,,,,,,
415273,2009/10,2009-09-22,SuperSport Park,2,23.1,South Africa,Sri Lanka,AB de Villiers,MV Boucher,M Muralitharan,1,0,,,,,,,,,
415273,2009/10,2009-09-22,SuperSport Park,2,23.2,South Africa,Sri Lanka,MV Boucher,AB de Villiers,M Muralitharan,1,0,,,,,,,,,
415273,2009/10,2009-09-22,SuperSport Park,2,23.3,South Africa,Sri Lanka,AB de Villiers,MV Boucher,M Muralitharan,1,0,,,,,,,,,
415273,2009/10,2009-09-22,SuperSport Park,2,23.4,South Africa,Sri Lanka,MV Boucher,AB de Villiers,M Muralitharan,1,0,,,,,,,,,
415273,2009/10,2009-09-22,SuperSport Park,2,23.5,South Africa,Sri Lanka,AB de Villiers,MV Boucher,M Muralitharan,1,0,,,,,,,,,
415273,2009/10,2009-09-22,SuperSport Park,2,23.6,South Africa,Sri Lanka,MV Boucher,AB de Villiers,M Muralitharan,2,0,,,,,,,,,
415273,2009/10,2009-09-22,SuperSport Park,2,24.1,South Africa,Sri Lanka,AB de Villiers,MV Boucher,SL Malinga,0,0,,,,,,,,,
415273,2009/10,2009-09-22,SuperSport Park,2,24.2,South Africa,Sri Lanka,AB de Villiers,MV Boucher,SL Malinga,0,0,,,,,,,,,
415273,2009/10,2009-09-22,SuperSport Park,2,24.3,South Africa,Sri Lanka,AB de Villiers,MV Boucher,SL Malinga,1,0,,,,,,,,,
415273,2009/10,2009-09-22,SuperSport Park,2,24.4,South Africa,Sri Lanka,MV Boucher,AB de Villiers,SL Malinga,1,0,,,,,,,,,
415273,2009/10,2009-09-22,SuperSport Park,2,24.5,South Africa,Sri Lanka,AB de Villiers,MV Boucher,SL Malinga,0,0,,,,,,,,,
415273,2009/10,2009-09-22,SuperSport Park,2,24.6,South Africa,Sri Lanka,AB de Villiers,MV Boucher,SL Malinga,0,0,,,,,,,,,
415273,2009/10,2009-09-22,SuperSport Park,2,25.1,South Africa,Sri Lanka,MV Boucher,AB de Villiers,M Muralitharan,1,0,,,,,,,,,
415273,2009/10,2009-09-22,SuperSport Park,2,25.2,South Africa,Sri Lanka,AB de Villiers,MV Boucher,M Muralitharan,1,0,,,,,,,,,
415273,2009/10,2009-09-22,SuperSport Park,2,25.3,South Africa,Sri Lanka,MV Boucher,AB de Villiers,M Muralitharan,0,0,,,,,,,,,
415273,2009/10,2009-09-22,SuperSport Park,2,25.4,South Africa,Sri Lanka,MV Boucher,AB de Villiers,M Muralitharan,1,0,,,,,,,,,
415273,2009/10,2009-09-22,SuperSport Park,2,25.5,South Africa,Sri Lanka,AB de Villiers,MV Boucher,M Muralitharan,1,0,,,,,,,,,
415273,2009/10,2009-09-22,SuperSport Park,2,25.6,South Africa,Sri Lanka,MV Boucher,AB de Villiers,M Muralitharan,1,0,,,,,,,,,
415273,2009/10,2009-09-22,SuperSport Park,2,26.1,South Africa,Sri Lanka,MV Boucher,AB de Villiers,SL Malinga,1,0,,,,,,,,,
415273,2009/10,2009-09-22,SuperSport Park,2,26.2,South Africa,Sri Lanka,AB de Villiers,MV Boucher,SL Malinga,0,0,,,,,,caught,AB de Villiers,,
415273,2009/10,2009-09-22,SuperSport Park,2,26.3,South Africa,Sri Lanka,MV Boucher,JA Morkel,SL Malinga,0,0,,,,,,,,,
415273,2009/10,2009-09-22,SuperSport Park,2,26.4,South Africa,Sri Lanka,MV Boucher,JA Morkel,SL Malinga,0,0,,,,,,,,,
415273,2009/10,2009-09-22,SuperSport Park,2,26.5,South Africa,Sri Lanka,MV Boucher,JA Morkel,SL Malinga,0,0,,,,,,,,,
415273,2009/10,2009-09-22,SuperSport Park,2,26.6,South Africa,Sri Lanka,MV Boucher,JA Morkel,SL Malinga,0,0,,,,,,,,,
415273,2009/10,2009-09-22,SuperSport Park,2,27.1,South Africa,Sri Lanka,JA Morkel,MV Boucher,M Muralitharan,0,0,,,,,,,,,
415273,2009/10,2009-09-22,SuperSport Park,2,27.2,South Africa,Sri Lanka,JA Morkel,MV Boucher,M Muralitharan,1,0,,,,,,,,,
415273,2009/10,2009-09-22,SuperSport Park,2,27.3,South Africa,Sri Lanka,MV Boucher,JA Morkel,M Muralitharan,1,0,,,,,,,,,
415273,2009/10,2009-09-22,SuperSport Park,2,27.4,South Africa,Sri Lanka,JA Morkel,MV Boucher,M Muralitharan,0,0,,,,,,,,,
415273,2009/10,2009-09-22,SuperSport Park,2,27.5,South Africa,Sri Lanka,JA Morkel,MV Boucher,M Muralitharan,0,0,,,,,,,,,
415273,2009/10,2009-09-22,SuperSport Park,2,27.6,South Africa,Sri Lanka,JA Morkel,MV Boucher,M Muralitharan,1,0,,,,,,,,,
415273,2009/10,2009-09-22,SuperSport Park,2,28.1,South Africa,Sri Lanka,JA Morkel,MV Boucher,SL Malinga,1,0,,,,,,,,,
415273,2009/10,2009-09-22,SuperSport Park,2,28.2,South Africa,Sri Lanka,MV Boucher,JA Morkel,SL Malinga,4,0,,,,,,,,,
415273,2009/10,2009-09-22,SuperSport Park,2,28.3,South Africa,Sri Lanka,MV Boucher,JA Morkel,SL Malinga,1,0,,,,,,,,,
415273,2009/10,2009-09-22,SuperSport Park,2,28.4,South Africa,Sri Lanka,JA Morkel,MV Boucher,SL Malinga,1,0,,,,,,,,,
415273,2009/10,2009-09-22,SuperSport Park,2,28.5,South Africa,Sri Lanka,MV Boucher,JA Morkel,SL Malinga,1,0,,,,,,,,,
415273,2009/10,2009-09-22,SuperSport Park,2,28.6,South Africa,Sri Lanka,JA Morkel,MV Boucher,SL Malinga,1,0,,,,,,,,,
415273,2009/10,2009-09-22,SuperSport Park,2,29.1,South Africa,Sri Lanka,JA Morkel,MV Boucher,AD Mathews,0,0,,,,,,,,,
415273,2009/10,2009-09-22,SuperSport Park,2,29.2,South Africa,Sri Lanka,JA Morkel,MV Boucher,AD Mathews,4,0,,,,,,,,,
415273,2009/10,2009-09-22,SuperSport Park,2,29.3,South Africa,Sri Lanka,JA Morkel,MV Boucher,AD Mathews,0,0,,,,,,,,,
415273,2009/10,2009-09-22,SuperSport Park,2,29.4,South Africa,Sri Lanka,JA Morkel,MV Boucher,AD Mathews,1,0,,,,,,,,,
415273,2009/10,2009-09-22,SuperSport Park,2,29.5,South Africa,Sri Lanka,MV Boucher,JA Morkel,AD Mathews,1,0,,,,,,,,,
415273,2009/10,2009-09-22,SuperSport Park,2,29.6,South Africa,Sri Lanka,JA Morkel,MV Boucher,AD Mathews,0,0,,,,,,,,,
415273,2009/10,2009-09-22,SuperSport Park,2,30.1,South Africa,Sri Lanka,MV Boucher,JA Morkel,SL Malinga,1,0,,,,,,,,,
415273,2009/10,2009-09-22,SuperSport Park,2,30.2,South Africa,Sri Lanka,JA Morkel,MV Boucher,SL Malinga,0,0,,,,,,,,,
415273,2009/10,2009-09-22,SuperSport Park,2,30.3,South Africa,Sri Lanka,JA Morkel,MV Boucher,SL Malinga,0,0,,,,,,,,,
415273,2009/10,2009-09-22,SuperSport Park,2,30.4,South Africa,Sri Lanka,JA Morkel,MV Boucher,SL Malinga,0,0,,,,,,,,,
415273,2009/10,2009-09-22,SuperSport Park,2,30.5,South Africa,Sri Lanka,JA Morkel,MV Boucher,SL Malinga,1,0,,,,,,,,,
415273,2009/10,2009-09-22,SuperSport Park,2,30.6,South Africa,Sri Lanka,MV Boucher,JA Morkel,SL Malinga,0,0,,,,,,,,,
415273,2009/10,2009-09-22,SuperSport Park,2,31.1,South Africa,Sri Lanka,JA Morkel,MV Boucher,AD Mathews,1,0,,,,,,,,,
415273,2009/10,2009-09-22,SuperSport Park,2,31.2,South Africa,Sri Lanka,MV Boucher,JA Morkel,AD Mathews,0,0,,,,,,lbw,MV Boucher,,
415273,2009/10,2009-09-22,SuperSport Park,2,31.3,South Africa,Sri Lanka,J Botha,JA Morkel,AD Mathews,4,0,,,,,,,,,
415273,2009/10,2009-09-22,SuperSport Park,2,31.4,South Africa,Sri Lanka,J Botha,JA Morkel,AD Mathews,0,0,,,,,,,,,
415273,2009/10,2009-09-22,SuperSport Park,2,31.5,South Africa,Sri Lanka,J Botha,JA Morkel,AD Mathews,0,0,,,,,,,,,
415273,2009/10,2009-09-22,SuperSport Park,2,31.6,South Africa,Sri Lanka,J Botha,JA Morkel,AD Mathews,1,0,,,,,,,,,
415273,2009/10,2009-09-22,SuperSport Park,2,32.1,South Africa,Sri Lanka,J Botha,JA Morkel,KMDN Kulasekara,0,0,,,,,,,,,
415273,2009/10,2009-09-22,SuperSport Park,2,32.2,South Africa,Sri Lanka,J Botha,JA Morkel,KMDN Kulasekara,1,0,,,,,,,,,
415273,2009/10,2009-09-22,SuperSport Park,2,32.3,South Africa,Sri Lanka,JA Morkel,J Botha,KMDN Kulasekara,1,0,,,,,,,,,
415273,2009/10,2009-09-22,SuperSport Park,2,32.4,South Africa,Sri Lanka,J Botha,JA Morkel,KMDN Kulasekara,1,0,,,,,,,,,
415273,2009/10,2009-09-22,SuperSport Park,2,32.5,South Africa,Sri Lanka,JA Morkel,J Botha,KMDN Kulasekara,0,0,,,,,,,,,
415273,2009/10,2009-09-22,SuperSport Park,2,32.6,South Africa,Sri Lanka,JA Morkel,J Botha,KMDN Kulasekara,0,0,,,,,,,,,
415273,2009/10,2009-09-22,SuperSport Park,2,33.1,South Africa,Sri Lanka,J Botha,JA Morkel,SL Malinga,0,0,,,,,,,,,
415273,2009/10,2009-09-22,SuperSport Park,2,33.2,South Africa,Sri Lanka,J Botha,JA Morkel,SL Malinga,0,0,,,,,,,,,
415273,2009/10,2009-09-22,SuperSport Park,2,33.3,South Africa,Sri Lanka,J Botha,JA Morkel,SL Malinga,4,0,,,,,,,,,
415273,2009/10,2009-09-22,SuperSport Park,2,33.4,South Africa,Sri Lanka,J Botha,JA Morkel,SL Malinga,0,0,,,,,,,,,
415273,2009/10,2009-09-22,SuperSport Park,2,33.5,South Africa,Sri Lanka,J Botha,JA Morkel,SL Malinga,0,0,,,,,,,,,
415273,2009/10,2009-09-22,SuperSport Park,2,33.6,South Africa,Sri Lanka,J Botha,JA Morkel,SL Malinga,1,0,,,,,,,,,
415273,2009/10,2009-09-22,SuperSport Park,2,34.1,South Africa,Sri Lanka,J Botha,JA Morkel,BAW Mendis,0,0,,,,,,,,,
415273,2009/10,2009-09-22,SuperSport Park,2,34.2,South Africa,Sri Lanka,J Botha,JA Morkel,BAW Mendis,1,0,,,,,,,,,
415273,2009/10,2009-09-22,SuperSport Park,2,34.3,South Africa,Sri Lanka,JA Morkel,J Botha,BAW Mendis,0,0,,,,,,,,,
415273,2009/10,2009-09-22,SuperSport Park,2,34.4,South Africa,Sri Lanka,JA Morkel,J Botha,BAW Mendis,4,0,,,,,,,,,
415273,2009/10,2009-09-22,SuperSport Park,2,34.5,South Africa,Sri Lanka,JA Morkel,J Botha,BAW Mendis,3,0,,,,,,,,,
415273,2009/10,2009-09-22,SuperSport Park,2,34.6,South Africa,Sri Lanka,J Botha,JA Morkel,BAW Mendis,0,0,,,,,,,,,
415273,2009/10,2009-09-22,SuperSport Park,2,35.1,South Africa,Sri Lanka,JA Morkel,J Botha,SL Malinga,4,0,,,,,,,,,
415273,2009/10,2009-09-22,SuperSport Park,2,35.2,South Africa,Sri Lanka,JA Morkel,J Botha,SL Malinga,1,0,,,,,,,,,
415273,2009/10,2009-09-22,SuperSport Park,2,35.3,South Africa,Sri Lanka,J Botha,JA Morkel,SL Malinga,4,0,,,,,,,,,
415273,2009/10,2009-09-22,SuperSport Park,2,35.4,South Africa,Sri Lanka,J Botha,JA Morkel,SL Malinga,0,1,1,,,,,,,,
415273,2009/10,2009-09-22,SuperSport Park,2,35.5,South Africa,Sri Lanka,J Botha,JA Morkel,SL Malinga,0,0,,,,,,,,,
415273,2009/10,2009-09-22,SuperSport Park,2,35.6,South Africa,Sri Lanka,J Botha,JA Morkel,SL Malinga,4,0,,,,,,,,,
415273,2009/10,2009-09-22,SuperSport Park,2,35.7,South Africa,Sri Lanka,J Botha,JA Morkel,SL Malinga,0,0,,,,,,caught,J Botha,,
415273,2009/10,2009-09-22,SuperSport Park,2,36.1,South Africa,Sri Lanka,JA Morkel,RE van der Merwe,BAW Mendis,0,0,,,,,,,,,
415273,2009/10,2009-09-22,SuperSport Park,2,36.2,South Africa,Sri Lanka,JA Morkel,RE van der Merwe,BAW Mendis,0,0,,,,,,,,,
415273,2009/10,2009-09-22,SuperSport Park,2,36.3,South Africa,Sri Lanka,JA Morkel,RE van der Merwe,BAW Mendis,0,1,1,,,,,,,,
415273,2009/10,2009-09-22,SuperSport Park,2,36.4,South Africa,Sri Lanka,JA Morkel,RE van der Merwe,BAW Mendis,1,0,,,,,,,,,
415273,2009/10,2009-09-22,SuperSport Park,2,36.5,South Africa,Sri Lanka,RE van der Merwe,JA Morkel,BAW Mendis,0,0,,,,,,,,,
415273,2009/10,2009-09-22,SuperSport Park,2,36.6,South Africa,Sri Lanka,RE van der Merwe,JA Morkel,BAW Mendis,2,0,,,,,,,,,
415273,2009/10,2009-09-22,SuperSport Park,2,36.7,South Africa,Sri Lanka,RE van der Merwe,JA Morkel,BAW Mendis,0,0,,,,,,,,,
415273,2009/10,2009-09-22,SuperSport Park,2,37.1,South Africa,Sri Lanka,JA Morkel,RE van der Merwe,SL Malinga,1,0,,,,,,,,,
415273,2009/10,2009-09-22,SuperSport Park,2,37.2,South Africa,Sri Lanka,RE van der Merwe,JA Morkel,SL Malinga,1,0,,,,,,,,,
415273,2009/10,2009-09-22,SuperSport Park,2,37.3,South Africa,Sri Lanka,JA Morkel,RE van der Merwe,SL Malinga,2,0,,,,,,,,,
415273,2009/10,2009-09-22,SuperSport Park,2,37.4,South Africa,Sri Lanka,JA Morkel,RE van der Merwe,SL Malinga,0,0,,,,,,,,,
