match_id,season,start_date,venue,innings,ball,batting_team,bowling_team,striker,non_striker,bowler,runs_off_bat,extras,wides,noballs,byes,legbyes,penalty,wicket_type,player_dismissed,other_wicket_type,other_player_dismissed
416237,2009/10,2009-10-28,"Vidarbha Cricket Association Stadium, Jamtha",1,0.1,India,Australia,V Sehwag,SR Tendulkar,BW Hilfenhaus,0,0,,,,,,,,,
416237,2009/10,2009-10-28,"Vidarbha Cricket Association Stadium, Jamtha",1,0.2,India,Australia,V Sehwag,SR Tendulkar,BW Hilfenhaus,4,0,,,,,,,,,
416237,2009/10,2009-10-28,"Vidarbha Cricket Association Stadium, Jamtha",1,0.3,India,Australia,V Sehwag,SR Tendulkar,BW Hilfenhaus,0,0,,,,,,,,,
416237,2009/10,2009-10-28,"Vidarbha Cricket Association Stadium, Jamtha",1,0.4,India,Australia,V Sehwag,SR Tendulkar,BW Hilfenhaus,0,0,,,,,,,,,
416237,2009/10,2009-10-28,"Vidarbha Cricket Association Stadium, Jamtha",1,0.5,India,Australia,V Sehwag,SR Tendulkar,BW Hilfenhaus,0,0,,,,,,,,,
416237,2009/10,2009-10-28,"Vidarbha Cricket Association Stadium, Jamtha",1,0.6,India,Australia,V Sehwag,SR Tendulkar,BW Hilfenhaus,4,0,,,,,,,,,
416237,2009/10,2009-10-28,"Vidarbha Cricket Association Stadium, Jamtha",1,1.1,India,Australia,SR Tendulkar,V Sehwag,PM Siddle,0,1,1,,,,,,,,
416237,2009/10,2009-10-28,"Vidarbha Cricket Association Stadium, Jamtha",1,1.2,India,Australia,SR Tendulkar,V Sehwag,PM Siddle,0,0,,,,,,,,,
416237,2009/10,2009-10-28,"Vidarbha Cricket Association Stadium, Jamtha",1,1.3,India,Australia,SR Tendulkar,V Sehwag,PM Siddle,0,0,,,,,,,,,
416237,2009/10,2009-10-28,"Vidarbha Cricket Association Stadium, Jamtha",1,1.4,India,Australia,SR Tendulkar,V Sehwag,PM Siddle,0,0,,,,,,,,,
416237,2009/10,2009-10-28,"Vidarbha Cricket Association Stadium, Jamtha",1,1.5,India,Australia,SR Tendulkar,V Sehwag,PM Siddle,0,0,,,,,,,,,
416237,2009/10,2009-10-28,"Vidarbha Cricket Association Stadium, Jamtha",1,1.6,India,Australia,SR Tendulkar,V Sehwag,PM Siddle,4,0,,,,,,,,,
416237,2009/10,2009-10-28,"Vidarbha Cricket Association Stadium, Jamtha",1,1.7,India,Australia,SR Tendulkar,V Sehwag,PM Siddle,0,0,,,,,,,,,
416237,2009/10,2009-10-28,"Vidarbha Cricket Association Stadium, Jamtha",1,2.1,India,Australia,V Sehwag,SR Tendulkar,BW Hilfenhaus,4,0,,,,,,,,,
416237,2009/10,2009-10-28,"Vidarbha Cricket Association Stadium, Jamtha",1,2.2,India,Australia,V Sehwag,SR Tendulkar,BW Hilfenhaus,0,0,,,,,,,,,
416237,2009/10,2009-10-28,"Vidarbha Cricket Association Stadium, Jamtha",1,2.3,India,Australia,V Sehwag,SR Tendulkar,BW Hilfenhaus,0,0,,,,,,,,,
416237,2009/10,2009-10-28,"Vidarbha Cricket Association Stadium, Jamtha",1,2.4,India,Australia,V Sehwag,SR Tendulkar,BW Hilfenhaus,0,0,,,,,,,,,
416237,2009/10,2009-10-28,"Vidarbha Cricket Association Stadium, Jamtha",1,2.5,India,Australia,V Sehwag,SR Tendulkar,BW Hilfenhaus,0,1,1,,,,,,,,
416237,2009/10,2009-10-28,"Vidarbha Cricket Association Stadium, Jamtha",1,2.6,India,Australia,V Sehwag,SR Tendulkar,BW Hilfenhaus,0,0,,,,,,,,,
416237,2009/10,2009-10-28,"Vidarbha Cricket Association Stadium, Jamtha",1,2.7,India,Australia,V Sehwag,SR Tendulkar,BW Hilfenhaus,0,1,1,,,,,,,,
416237,2009/10,2009-10-28,"Vidarbha Cricket Association Stadium, Jamtha",1,2.8,India,Australia,V Sehwag,SR Tendulkar,BW Hilfenhaus,1,0,,,,,,,,,
416237,2009/10,2009-10-28,"Vidarbha Cricket Association Stadium, Jamtha",1,3.1,India,Australia,V Sehwag,SR Tendulkar,PM Siddle,1,0,,,,,,,,,
416237,2009/10,2009-10-28,"Vidarbha Cricket Association Stadium, Jamtha",1,3.2,India,Australia,SR Tendulkar,V Sehwag,PM Siddle,0,0,,,,,,,,,
416237,2009/10,2009-10-28,"Vidarbha Cricket Association Stadium, Jamtha",1,3.3,India,Australia,SR Tendulkar,V Sehwag,PM Siddle,0,0,,,,,,caught,SR Tendulkar,,
416237,2009/10,2009-10-28,"Vidarbha Cricket Association Stadium, Jamtha",1,3.4,India,Australia,G Gambhir,V Sehwag,PM Siddle,0,0,,,,,,,,,
416237,2009/10,2009-10-28,"Vidarbha Cricket Association Stadium, Jamtha",1,3.5,India,Australia,G Gambhir,V Sehwag,PM Siddle,0,0,,,,,,,,,
416237,2009/10,2009-10-28,"Vidarbha Cricket Association Stadium, Jamtha",1,3.6,India,Australia,G Gambhir,V Sehwag,PM Siddle,0,0,,,,,,,,,
416237,2009/10,2009-10-28,"Vidarbha Cricket Association Stadium, Jamtha",1,4.1,India,Australia,V Sehwag,G Gambhir,BW Hilfenhaus,4,0,,,,,,,,,
416237,2009/10,2009-10-28,"Vidarbha Cricket Association Stadium, Jamtha",1,4.2,India,Australia,V Sehwag,G Gambhir,BW Hilfenhaus,1,0,,,,,,,,,
416237,2009/10,2009-10-28,"Vidarbha Cricket Association Stadium, Jamtha",1,4.3,India,Australia,G Gambhir,V Sehwag,BW Hilfenhaus,0,0,,,,,,,,,
416237,2009/10,2009-10-28,"Vidarbha Cricket Association Stadium, Jamtha",1,4.4,India,Australia,G Gambhir,V Sehwag,BW Hilfenhaus,1,0,,,,,,,,,
416237,2009/10,2009-10-28,"Vidarbha Cricket Association Stadium, Jamtha",1,4.5,India,Australia,V Sehwag,G Gambhir,BW Hilfenhaus,0,1,1,,,,,,,,
416237,2009/10,2009-10-28,"Vidarbha Cricket Association Stadium, Jamtha",1,4.6,India,Australia,V Sehwag,G Gambhir,BW Hilfenhaus,4,0,,,,,,,,,
416237,2009/10,2009-10-28,"Vidarbha Cricket Association Stadium, Jamtha",1,4.7,India,Australia,V Sehwag,G Gambhir,BW Hilfenhaus,0,0,,,,,,,,,
416237,2009/10,2009-10-28,"Vidarbha Cricket Association Stadium, Jamtha",1,5.1,India,Australia,G Gambhir,V Sehwag,PM Siddle,0,0,,,,,,,,,
416237,2009/10,2009-10-28,"Vidarbha Cricket Association Stadium, Jamtha",1,5.2,India,Australia,G Gambhir,V Sehwag,PM Siddle,0,0,,,,,,,,,
416237,2009/10,2009-10-28,"Vidarbha Cricket Association Stadium, Jamtha",1,5.3,India,Australia,G Gambhir,V Sehwag,PM Siddle,4,0,,,,,,,,,
416237,2009/10,2009-10-28,"Vidarbha Cricket Association Stadium, Jamtha",1,5.4,India,Australia,G Gambhir,V Sehwag,PM Siddle,1,0,,,,,,,,,
416237,2009/10,2009-10-28,"Vidarbha Cricket Association Stadium, Jamtha",1,5.5,India,Australia,V Sehwag,G Gambhir,PM Siddle,0,0,,,,,,,,,
416237,2009/10,2009-10-28,"Vidarbha Cricket Association Stadium, Jamtha",1,5.6,India,Australia,V Sehwag,G Gambhir,PM Siddle,0,0,,,,,,,,,
416237,2009/10,2009-10-28,"Vidarbha Cricket Association Stadium, Jamtha",1,6.1,India,Australia,G Gambhir,V Sehwag,MG Johnson,1,0,,,,,,,,,
416237,2009/10,2009-10-28,"Vidarbha Cricket Association Stadium, Jamtha",1,6.2,India,Australia,V Sehwag,G Gambhir,MG Johnson,1,0,,,,,,,,,
416237,2009/10,2009-10-28,"Vidarbha Cricket Association Stadium, Jamtha",1,6.3,India,Australia,G Gambhir,V Sehwag,MG Johnson,0,0,,,,,,,,,
416237,2009/10,2009-10-28,"Vidarbha Cricket Association Stadium, Jamtha",1,6.4,India,Australia,G Gambhir,V Sehwag,MG Johnson,4,0,,,,,,,,,
416237,2009/10,2009-10-28,"Vidarbha Cricket Association Stadium, Jamtha",1,6.5,India,Australia,G Gambhir,V Sehwag,MG Johnson,0,0,,,,,,,,,
416237,2009/10,2009-10-28,"Vidarbha Cricket Association Stadium, Jamtha",1,6.6,India,Australia,G Gambhir,V Sehwag,MG Johnson,0,0,,,,,,,,,
416237,2009/10,2009-10-28,"Vidarbha Cricket Association Stadium, Jamtha",1,7.1,India,Australia,V Sehwag,G Gambhir,PM Siddle,0,0,,,,,,,,,
416237,2009/10,2009-10-28,"Vidarbha Cricket Association Stadium, Jamtha",1,7.2,India,Australia,V Sehwag,G Gambhir,PM Siddle,3,0,,,,,,,,,
416237,2009/10,2009-10-28,"Vidarbha Cricket Association Stadium, Jamtha",1,7.3,India,Australia,G Gambhir,V Sehwag,PM Siddle,0,1,,,1,,,,,,
416237,2009/10,2009-10-28,"Vidarbha Cricket Association Stadium, Jamtha",1,7.4,India,Australia,V Sehwag,G Gambhir,PM Siddle,0,1,1,,,,,,,,
416237,2009/10,2009-10-28,"Vidarbha Cricket Association Stadium, Jamtha",1,7.5,India,Australia,V Sehwag,G Gambhir,PM Siddle,1,0,,,,,,,,,
416237,2009/10,2009-10-28,"Vidarbha Cricket Association Stadium, Jamtha",1,7.6,India,Australia,G Gambhir,V Sehwag,PM Siddle,0,0,,,,,,,,,
416237,2009/10,2009-10-28,"Vidarbha Cricket Association Stadium, Jamtha",1,7.7,India,Australia,G Gambhir,V Sehwag,PM Siddle,0,0,,,,,,,,,
416237,2009/10,2009-10-28,"Vidarbha Cricket Association Stadium, Jamtha",1,8.1,India,Australia,V Sehwag,G Gambhir,MG Johnson,1,0,,,,,,,,,
416237,2009/10,2009-10-28,"Vidarbha Cricket Association Stadium, Jamtha",1,8.2,India,Australia,G Gambhir,V Sehwag,MG Johnson,1,0,,,,,,,,,
416237,2009/10,2009-10-28,"Vidarbha Cricket Association Stadium, Jamtha",1,8.3,India,Australia,V Sehwag,G Gambhir,MG Johnson,0,0,,,,,,,,,
416237,2009/10,2009-10-28,"Vidarbha Cricket Association Stadium, Jamtha",1,8.4,India,Australia,V Sehwag,G Gambhir,MG Johnson,6,0,,,,,,,,,
416237,2009/10,2009-10-28,"Vidarbha Cricket Association Stadium, Jamtha",1,8.5,India,Australia,V Sehwag,G Gambhir,MG Johnson,0,0,,,,,,,,,
416237,2009/10,2009-10-28,"Vidarbha Cricket Association Stadium, Jamtha",1,8.6,India,Australia,V Sehwag,G Gambhir,MG Johnson,0,0,,,,,,,,,
416237,2009/10,2009-10-28,"Vidarbha Cricket Association Stadium, Jamtha",1,9.1,India,Australia,G Gambhir,V Sehwag,PM Siddle,1,0,,,,,,,,,
416237,2009/10,2009-10-28,"Vidarbha Cricket Association Stadium, Jamtha",1,9.2,India,Australia,V Sehwag,G Gambhir,PM Siddle,4,0,,,,,,,,,
416237,2009/10,2009-10-28,"Vidarbha Cricket Association Stadium, Jamtha",1,9.3,India,Australia,V Sehwag,G Gambhir,PM Siddle,1,0,,,,,,,,,
416237,2009/10,2009-10-28,"Vidarbha Cricket Association Stadium, Jamtha",1,9.4,India,Australia,G Gambhir,V Sehwag,PM Siddle,0,0,,,,,,,,,
416237,2009/10,2009-10-28,"Vidarbha Cricket Association Stadium, Jamtha",1,9.5,India,Australia,G Gambhir,V Sehwag,PM Siddle,4,0,,,,,,,,,
416237,2009/10,2009-10-28,"Vidarbha Cricket Association Stadium, Jamtha",1,9.6,India,Australia,G Gambhir,V Sehwag,PM Siddle,0,0,,,,,,,,,
416237,2009/10,2009-10-28,"Vidarbha Cricket Association Stadium, Jamtha",1,10.1,India,Australia,V Sehwag,G Gambhir,MG Johnson,0,0,,,,,,caught,V Sehwag,,
416237,2009/10,2009-10-28,"Vidarbha Cricket Association Stadium, Jamtha",1,10.2,India,Australia,Yuvraj Singh,G Gambhir,MG Johnson,0,0,,,,,,,,,
416237,2009/10,2009-10-28,"Vidarbha Cricket Association Stadium, Jamtha",1,10.3,India,Australia,Yuvraj Singh,G Gambhir,MG Johnson,0,0,,,,,,,,,
416237,2009/10,2009-10-28,"Vidarbha Cricket Association Stadium, Jamtha",1,10.4,India,Australia,Yuvraj Singh,G Gambhir,MG Johnson,0,0,,,,,,,,,
416237,2009/10,2009-10-28,"Vidarbha Cricket Association Stadium, Jamtha",1,10.5,India,Australia,Yuvraj Singh,G Gambhir,MG Johnson,0,0,,,,,,,,,
416237,2009/10,2009-10-28,"Vidarbha Cricket Association Stadium, Jamtha",1,10.6,India,Australia,Yuvraj Singh,G Gambhir,MG Johnson,1,0,,,,,,,,,
416237,2009/10,2009-10-28,"Vidarbha Cricket Association Stadium, Jamtha",1,11.1,India,Australia,Yuvraj Singh,G Gambhir,BW Hilfenhaus,0,0,,,,,,,,,
416237,2009/10,2009-10-28,"Vidarbha Cricket Association Stadium, Jamtha",1,11.2,India,Australia,Yuvraj Singh,G Gambhir,BW Hilfenhaus,2,0,,,,,,,,,
416237,2009/10,2009-10-28,"Vidarbha Cricket Association Stadium, Jamtha",1,11.3,India,Australia,Yuvraj Singh,G Gambhir,BW Hilfenhaus,0,0,,,,,,,,,
416237,2009/10,2009-10-28,"Vidarbha Cricket Association Stadium, Jamtha",1,11.4,India,Australia,Yuvraj Singh,G Gambhir,BW Hilfenhaus,4,0,,,,,,,,,
416237,2009/10,2009-10-28,"Vidarbha Cricket Association Stadium, Jamtha",1,11.5,India,Australia,Yuvraj Singh,G Gambhir,BW Hilfenhaus,1,0,,,,,,,,,
416237,2009/10,2009-10-28,"Vidarbha Cricket Association Stadium, Jamtha",1,11.6,India,Australia,G Gambhir,Yuvraj Singh,BW Hilfenhaus,0,0,,,,,,,,,
416237,2009/10,2009-10-28,"Vidarbha Cricket Association Stadium, Jamtha",1,12.1,India,Australia,Yuvraj Singh,G Gambhir,MG Johnson,4,0,,,,,,,,,
416237,2009/10,2009-10-28,"Vidarbha Cricket Association Stadium, Jamtha",1,12.2,India,Australia,Yuvraj Singh,G Gambhir,MG Johnson,1,0,,,,,,,,,
416237,2009/10,2009-10-28,"Vidarbha Cricket Association Stadium, Jamtha",1,12.3,India,Australia,G Gambhir,Yuvraj Singh,MG Johnson,1,0,,,,,,,,,
416237,2009/10,2009-10-28,"Vidarbha Cricket Association Stadium, Jamtha",1,12.4,India,Australia,Yuvraj Singh,G Gambhir,MG Johnson,0,1,1,,,,,,,,
416237,2009/10,2009-10-28,"Vidarbha Cricket Association Stadium, Jamtha",1,12.5,India,Australia,Yuvraj Singh,G Gambhir,MG Johnson,0,0,,,,,,,,,
416237,2009/10,2009-10-28,"Vidarbha Cricket Association Stadium, Jamtha",1,12.6,India,Australia,Yuvraj Singh,G Gambhir,MG Johnson,0,0,,,,,,,,,
416237,2009/10,2009-10-28,"Vidarbha Cricket Association Stadium, Jamtha",1,12.7,India,Australia,Yuvraj Singh,G Gambhir,MG Johnson,0,0,,,,,,,,,
416237,2009/10,2009-10-28,"Vidarbha Cricket Association Stadium, Jamtha",1,13.1,India,Australia,G Gambhir,Yuvraj Singh,BW Hilfenhaus,2,0,,,,,,,,,
416237,2009/10,2009-10-28,"Vidarbha Cricket Association Stadium, Jamtha",1,13.2,India,Australia,G Gambhir,Yuvraj Singh,BW Hilfenhaus,2,0,,,,,,,,,
416237,2009/10,2009-10-28,"Vidarbha Cricket Association Stadium, Jamtha",1,13.3,India,Australia,G Gambhir,Yuvraj Singh,BW Hilfenhaus,1,0,,,,,,,,,
416237,2009/10,2009-10-28,"Vidarbha Cricket Association Stadium, Jamtha",1,13.4,India,Australia,Yuvraj Singh,G Gambhir,BW Hilfenhaus,0,0,,,,,,,,,
416237,2009/10,2009-10-28,"Vidarbha Cricket Association Stadium, Jamtha",1,13.5,India,Australia,Yuvraj Singh,G Gambhir,BW Hilfenhaus,1,0,,,,,,,,,
416237,2009/10,2009-10-28,"Vidarbha Cricket Association Stadium, Jamtha",1,13.6,India,Australia,G Gambhir,Yuvraj Singh,BW Hilfenhaus,0,0,,,,,,,,,
416237,2009/10,2009-10-28,"Vidarbha Cricket Association Stadium, Jamtha",1,14.1,India,Australia,Yuvraj Singh,G Gambhir,NM Hauritz,0,0,,,,,,,,,
416237,2009/10,2009-10-28,"Vidarbha Cricket Association Stadium, Jamtha",1,14.2,India,Australia,Yuvraj Singh,G Gambhir,NM Hauritz,0,0,,,,,,,,,
416237,2009/10,2009-10-28,"Vidarbha Cricket Association Stadium, Jamtha",1,14.3,India,Australia,Yuvraj Singh,G Gambhir,NM Hauritz,2,0,,,,,,,,,
416237,2009/10,2009-10-28,"Vidarbha Cricket Association Stadium, Jamtha",1,14.4,India,Australia,Yuvraj Singh,G Gambhir,NM Hauritz,0,0,,,,,,,,,
416237,2009/10,2009-10-28,"Vidarbha Cricket Association Stadium, Jamtha",1,14.5,India,Australia,Yuvraj Singh,G Gambhir,NM Hauritz,6,0,,,,,,,,,
416237,2009/10,2009-10-28,"Vidarbha Cricket Association Stadium, Jamtha",1,14.6,India,Australia,Yuvraj Singh,G Gambhir,NM Hauritz,1,0,,,,,,,,,
416237,2009/10,2009-10-28,"Vidarbha Cricket Association Stadium, Jamtha",1,15.1,India,Australia,Yuvraj Singh,G Gambhir,BW Hilfenhaus,0,0,,,,,,caught and bowled,Yuvraj Singh,,
416237,2009/10,2009-10-28,"Vidarbha Cricket Association Stadium, Jamtha",1,15.2,India,Australia,MS Dhoni,G Gambhir,BW Hilfenhaus,0,1,,,,1,,,,,
416237,2009/10,2009-10-28,"Vidarbha Cricket Association Stadium, Jamtha",1,15.3,India,Australia,G Gambhir,MS Dhoni,BW Hilfenhaus,0,1,,1,,,,,,,
416237,2009/10,2009-10-28,"Vidarbha Cricket Association Stadium, Jamtha",1,15.4,India,Australia,G Gambhir,MS Dhoni,BW Hilfenhaus,1,0,,,,,,,,,
416237,2009/10,2009-10-28,"Vidarbha Cricket Association Stadium, Jamtha",1,15.5,India,Australia,MS Dhoni,G Gambhir,BW Hilfenhaus,1,0,,,,,,,,,
416237,2009/10,2009-10-28,"Vidarbha Cricket Association Stadium, Jamtha",1,15.6,India,Australia,G Gambhir,MS Dhoni,BW Hilfenhaus,1,0,,,,,,,,,
416237,2009/10,2009-10-28,"Vidarbha Cricket Association Stadium, Jamtha",1,15.7,India,Australia,MS Dhoni,G Gambhir,BW Hilfenhaus,1,0,,,,,,,,,
416237,2009/10,2009-10-28,"Vidarbha Cricket Association Stadium, Jamtha",1,16.1,India,Australia,MS Dhoni,G Gambhir,NM Hauritz,0,0,,,,,,,,,
416237,2009/10,2009-10-28,"Vidarbha Cricket Association Stadium, Jamtha",1,16.2,India,Australia,MS Dhoni,G Gambhir,NM Hauritz,2,0,,,,,,,,,
416237,2009/10,2009-10-28,"Vidarbha Cricket Association Stadium, Jamtha",1,16.3,India,Australia,MS Dhoni,G Gambhir,NM Hauritz,0,0,,,,,,,,,
416237,2009/10,2009-10-28,"Vidarbha Cricket Association Stadium, Jamtha",1,16.4,India,Australia,MS Dhoni,G Gambhir,NM Hauritz,0,0,,,,,,,,,
416237,2009/10,2009-10-28,"Vidarbha Cricket Association Stadium, Jamtha",1,16.5,India,Australia,MS Dhoni,G Gambhir,NM Hauritz,0,0,,,,,,,,,
416237,2009/10,2009-10-28,"Vidarbha Cricket Association Stadium, Jamtha",1,16.6,India,Australia,MS Dhoni,G Gambhir,NM Hauritz,4,0,,,,,,,,,
416237,2009/10,2009-10-28,"Vidarbha Cricket Association Stadium, Jamtha",1,17.1,India,Australia,G Gambhir,MS Dhoni,AC Voges,0,1,1,,,,,,,,
416237,2009/10,2009-10-28,"Vidarbha Cricket Association Stadium, Jamtha",1,17.2,India,Australia,G Gambhir,MS Dhoni,AC Voges,1,0,,,,,,,,,
416237,2009/10,2009-10-28,"Vidarbha Cricket Association Stadium, Jamtha",1,17.3,India,Australia,MS Dhoni,G Gambhir,AC Voges,2,0,,,,,,,,,
416237,2009/10,2009-10-28,"Vidarbha Cricket Association Stadium, Jamtha",1,17.4,India,Australia,MS Dhoni,G Gambhir,AC Voges,1,0,,,,,,,,,
416237,2009/10,2009-10-28,"Vidarbha Cricket Association Stadium, Jamtha",1,17.5,India,Australia,G Gambhir,MS Dhoni,AC Voges,1,0,,,,,,,,,
416237,2009/10,2009-10-28,"Vidarbha Cricket Association Stadium, Jamtha",1,17.6,India,Australia,MS Dhoni,G Gambhir,AC Voges,1,0,,,,,,,,,
416237,2009/10,2009-10-28,"Vidarbha Cricket Association Stadium, Jamtha",1,17.7,India,Australia,G Gambhir,MS Dhoni,AC Voges,1,0,,,,,,,,,
416237,2009/10,2009-10-28,"Vidarbha Cricket Association Stadium, Jamtha",1,18.1,India,Australia,G Gambhir,MS Dhoni,NM Hauritz,1,0,,,,,,,,,
416237,2009/10,2009-10-28,"Vidarbha Cricket Association Stadium, Jamtha",1,18.2,India,Australia,MS Dhoni,G Gambhir,NM Hauritz,0,0,,,,,,,,,
416237,2009/10,2009-10-28,"Vidarbha Cricket Association Stadium, Jamtha",1,18.3,India,Australia,MS Dhoni,G Gambhir,NM Hauritz,1,0,,,,,,,,,
416237,2009/10,2009-10-28,"Vidarbha Cricket Association Stadium, Jamtha",1,18.4,India,Australia,G Gambhir,MS Dhoni,NM Hauritz,1,0,,,,,,,,,
416237,2009/10,2009-10-28,"Vidarbha Cricket Association Stadium, Jamtha",1,18.5,India,Australia,MS Dhoni,G Gambhir,NM Hauritz,1,0,,,,,,,,,
416237,2009/10,2009-10-28,"Vidarbha Cricket Association Stadium, Jamtha",1,18.6,India,Australia,G Gambhir,MS Dhoni,NM Hauritz,0,0,,,,,,,,,
416237,2009/10,2009-10-28,"Vidarbha Cricket Association Stadium, Jamtha",1,19.1,India,Australia,MS Dhoni,G Gambhir,AC Voges,1,0,,,,,,,,,
416237,2009/10,2009-10-28,"Vidarbha Cricket Association Stadium, Jamtha",1,19.2,India,Australia,G Gambhir,MS Dhoni,AC Voges,1,0,,,,,,,,,
416237,2009/10,2009-10-28,"Vidarbha Cricket Association Stadium, Jamtha",1,19.3,India,Australia,MS Dhoni,G Gambhir,AC Voges,0,0,,,,,,,,,
416237,2009/10,2009-10-28,"Vidarbha Cricket Association Stadium, Jamtha",1,19.4,India,Australia,MS Dhoni,G Gambhir,AC Voges,0,0,,,,,,,,,
416237,2009/10,2009-10-28,"Vidarbha Cricket Association Stadium, Jamtha",1,19.5,India,Australia,MS Dhoni,G Gambhir,AC Voges,2,0,,,,,,,,,
416237,2009/10,2009-10-28,"Vidarbha Cricket Association Stadium, Jamtha",1,19.6,India,Australia,MS Dhoni,G Gambhir,AC Voges,0,0,,,,,,,,,
416237,2009/10,2009-10-28,"Vidarbha Cricket Association Stadium, Jamtha",1,20.1,India,Australia,G Gambhir,MS Dhoni,NM Hauritz,1,0,,,,,,,,,
416237,2009/10,2009-10-28,"Vidarbha Cricket Association Stadium, Jamtha",1,20.2,India,Australia,MS Dhoni,G Gambhir,NM Hauritz,0,0,,,,,,,,,
416237,2009/10,2009-10-28,"Vidarbha Cricket Association Stadium, Jamtha",1,20.3,India,Australia,MS Dhoni,G Gambhir,NM Hauritz,1,0,,,,,,,,,
416237,2009/10,2009-10-28,"Vidarbha Cricket Association Stadium, Jamtha",1,20.4,India,Australia,G Gambhir,MS Dhoni,NM Hauritz,1,0,,,,,,,,,
416237,2009/10,2009-10-28,"Vidarbha Cricket Association Stadium, Jamtha",1,20.5,India,Australia,MS Dhoni,G Gambhir,NM Hauritz,1,0,,,,,,,,,
416237,2009/10,2009-10-28,"Vidarbha Cricket Association Stadium, Jamtha",1,20.6,India,Australia,G Gambhir,MS Dhoni,NM Hauritz,0,0,,,,,,,,,
416237,2009/10,2009-10-28,"Vidarbha Cricket Association Stadium, Jamtha",1,21.1,India,Australia,MS Dhoni,G Gambhir,AC Voges,1,0,,,,,,,,,
416237,2009/10,2009-10-28,"Vidarbha Cricket Association Stadium, Jamtha",1,21.2,India,Australia,G Gambhir,MS Dhoni,AC Voges,2,0,,,,,,,,,
416237,2009/10,2009-10-28,"Vidarbha Cricket Association Stadium, Jamtha",1,21.3,India,Australia,G Gambhir,MS Dhoni,AC Voges,0,0,,,,,,,,,
416237,2009/10,2009-10-28,"Vidarbha Cricket Association Stadium, Jamtha",1,21.4,India,Australia,G Gambhir,MS Dhoni,AC Voges,1,0,,,,,,,,,
416237,2009/10,2009-10-28,"Vidarbha Cricket Association Stadium, Jamtha",1,21.5,India,Australia,MS Dhoni,G Gambhir,AC Voges,1,0,,,,,,,,,
416237,2009/10,2009-10-28,"Vidarbha Cricket Association Stadium, Jamtha",1,21.6,India,Australia,G Gambhir,MS Dhoni,AC Voges,0,0,,,,,,,,,
416237,2009/10,2009-10-28,"Vidarbha Cricket Association Stadium, Jamtha",1,22.1,India,Australia,MS Dhoni,G Gambhir,NM Hauritz,1,0,,,,,,,,,
416237,2009/10,2009-10-28,"Vidarbha Cricket Association Stadium, Jamtha",1,22.2,India,Australia,G Gambhir,MS Dhoni,NM Hauritz,1,0,,,,,,,,,
416237,2009/10,2009-10-28,"Vidarbha Cricket Association Stadium, Jamtha",1,22.3,India,Australia,MS Dhoni,G Gambhir,NM Hauritz,0,0,,,,,,,,,
416237,2009/10,2009-10-28,"Vidarbha Cricket Association Stadium, Jamtha",1,22.4,India,Australia,MS Dhoni,G Gambhir,NM Hauritz,0,0,,,,,,,,,
416237,2009/10,2009-10-28,"Vidarbha Cricket Association Stadium, Jamtha",1,22.5,India,Australia,MS Dhoni,G Gambhir,NM Hauritz,4,0,,,,,,,,,
416237,2009/10,2009-10-28,"Vidarbha Cricket Association Stadium, Jamtha",1,22.6,India,Australia,MS Dhoni,G Gambhir,NM Hauritz,1,0,,,,,,,,,
416237,2009/10,2009-10-28,"Vidarbha Cricket Association Stadium, Jamtha",1,23.1,India,Australia,MS Dhoni,G Gambhir,AC Voges,1,0,,,,,,,,,
416237,2009/10,2009-10-28,"Vidarbha Cricket Association Stadium, Jamtha",1,23.2,India,Australia,G Gambhir,MS Dhoni,AC Voges,4,0,,,,,,,,,
416237,2009/10,2009-10-28,"Vidarbha Cricket Association Stadium, Jamtha",1,23.3,India,Australia,G Gambhir,MS Dhoni,AC Voges,1,0,,,,,,,,,
416237,2009/10,2009-10-28,"Vidarbha Cricket Association Stadium, Jamtha",1,23.4,India,Australia,MS Dhoni,G Gambhir,AC Voges,1,0,,,,,,,,,
416237,2009/10,2009-10-28,"Vidarbha Cricket Association Stadium, Jamtha",1,23.5,India,Australia,G Gambhir,MS Dhoni,AC Voges,1,0,,,,,,,,,
416237,2009/10,2009-10-28,"Vidarbha Cricket Association Stadium, Jamtha",1,23.6,India,Australia,MS Dhoni,G Gambhir,AC Voges,1,0,,,,,,,,,
416237,2009/10,2009-10-28,"Vidarbha Cricket Association Stadium, Jamtha",1,24.1,India,Australia,MS Dhoni,G Gambhir,NM Hauritz,1,0,,,,,,,,,
416237,2009/10,2009-10-28,"Vidarbha Cricket Association Stadium, Jamtha",1,24.2,India,Australia,G Gambhir,MS Dhoni,NM Hauritz,0,0,,,,,,,,,
416237,2009/10,2009-10-28,"Vidarbha Cricket Association Stadium, Jamtha",1,24.3,India,Australia,G Gambhir,MS Dhoni,NM Hauritz,4,0,,,,,,,,,
416237,2009/10,2009-10-28,"Vidarbha Cricket Association Stadium, Jamtha",1,24.4,India,Australia,G Gambhir,MS Dhoni,NM Hauritz,1,0,,,,,,,,,
416237,2009/10,2009-10-28,"Vidarbha Cricket Association Stadium, Jamtha",1,24.5,India,Australia,MS Dhoni,G Gambhir,NM Hauritz,0,0,,,,,,,,,
416237,2009/10,2009-10-28,"Vidarbha Cricket Association Stadium, Jamtha",1,24.6,India,Australia,MS Dhoni,G Gambhir,NM Hauritz,0,1,,,,1,,,,,
416237,2009/10,2009-10-28,"Vidarbha Cricket Association Stadium, Jamtha",1,25.1,India,Australia,MS Dhoni,G Gambhir,MG Johnson,0,1,1,,,,,,,,
416237,2009/10,2009-10-28,"Vidarbha Cricket Association Stadium, Jamtha",1,25.2,India,Australia,MS Dhoni,G Gambhir,MG Johnson,1,0,,,,,,,,,
416237,2009/10,2009-10-28,"Vidarbha Cricket Association Stadium, Jamtha",1,25.3,India,Australia,G Gambhir,MS Dhoni,MG Johnson,0,2,,,,2,,,,,
416237,2009/10,2009-10-28,"Vidarbha Cricket Association Stadium, Jamtha",1,25.4,India,Australia,G Gambhir,MS Dhoni,MG Johnson,1,0,,,,,,,,,
416237,2009/10,2009-10-28,"Vidarbha Cricket Association Stadium, Jamtha",1,25.5,India,Australia,MS Dhoni,G Gambhir,MG Johnson,1,0,,,,,,,,,
416237,2009/10,2009-10-28,"Vidarbha Cricket Association Stadium, Jamtha",1,25.6,India,Australia,G Gambhir,MS Dhoni,MG Johnson,0,1,1,,,,,,,,
416237,2009/10,2009-10-28,"Vidarbha Cricket Association Stadium, Jamtha",1,25.7,India,Australia,G Gambhir,MS Dhoni,MG Johnson,1,0,,,,,,,,,
416237,2009/10,2009-10-28,"Vidarbha Cricket Association Stadium, Jamtha",1,25.8,India,Australia,MS Dhoni,G Gambhir,MG Johnson,1,0,,,,,,,,,
416237,2009/10,2009-10-28,"Vidarbha Cricket Association Stadium, Jamtha",1,26.1,India,Australia,MS Dhoni,G Gambhir,NM Hauritz,0,1,,,,1,,,,,
416237,2009/10,2009-10-28,"Vidarbha Cricket Association Stadium, Jamtha",1,26.2,India,Australia,G Gambhir,MS Dhoni,NM Hauritz,1,0,,,,,,,,,
416237,2009/10,2009-10-28,"Vidarbha Cricket Association Stadium, Jamtha",1,26.3,India,Australia,MS Dhoni,G Gambhir,NM Hauritz,1,0,,,,,,,,,
416237,2009/10,2009-10-28,"Vidarbha Cricket Association Stadium, Jamtha",1,26.4,India,Australia,G Gambhir,MS Dhoni,NM Hauritz,2,0,,,,,,,,,
416237,2009/10,2009-10-28,"Vidarbha Cricket Association Stadium, Jamtha",1,26.5,India,Australia,G Gambhir,MS Dhoni,NM Hauritz,0,0,,,,,,,,,
416237,2009/10,2009-10-28,"Vidarbha Cricket Association Stadium, Jamtha",1,26.6,India,Australia,G Gambhir,MS Dhoni,NM Hauritz,1,0,,,,,,,,,
416237,2009/10,2009-10-28,"Vidarbha Cricket Association Stadium, Jamtha",1,27.1,India,Australia,G Gambhir,MS Dhoni,MG Johnson,1,0,,,,,,,,,
416237,2009/10,2009-10-28,"Vidarbha Cricket Association Stadium, Jamtha",1,27.2,India,Australia,MS Dhoni,G Gambhir,MG Johnson,1,0,,,,,,,,,
416237,2009/10,2009-10-28,"Vidarbha Cricket Association Stadium, Jamtha",1,27.3,India,Australia,G Gambhir,MS Dhoni,MG Johnson,1,0,,,,,,,,,
416237,2009/10,2009-10-28,"Vidarbha Cricket Association Stadium, Jamtha",1,27.4,India,Australia,MS Dhoni,G Gambhir,MG Johnson,1,0,,,,,,,,,
416237,2009/10,2009-10-28,"Vidarbha Cricket Association Stadium, Jamtha",1,27.5,India,Australia,G Gambhir,MS Dhoni,MG Johnson,1,0,,,,,,,,,
416237,2009/10,2009-10-28,"Vidarbha Cricket Association Stadium, Jamtha",1,27.6,India,Australia,MS Dhoni,G Gambhir,MG Johnson,1,0,,,,,,,,,
416237,2009/10,2009-10-28,"Vidarbha Cricket Association Stadium, Jamtha",1,28.1,India,Australia,MS Dhoni,G Gambhir,SR Watson,2,0,,,,,,,,,
416237,2009/10,2009-10-28,"Vidarbha Cricket Association Stadium, Jamtha",1,28.2,India,Australia,MS Dhoni,G Gambhir,SR Watson,1,0,,,,,,,,,
416237,2009/10,2009-10-28,"Vidarbha Cricket Association Stadium, Jamtha",1,28.3,India,Australia,G Gambhir,MS Dhoni,SR Watson,1,0,,,,,,,,,
416237,2009/10,2009-10-28,"Vidarbha Cricket Association Stadium, Jamtha",1,28.4,India,Australia,MS Dhoni,G Gambhir,SR Watson,1,0,,,,,,,,,
416237,2009/10,2009-10-28,"Vidarbha Cricket Association Stadium, Jamtha",1,28.5,India,Australia,G Gambhir,MS Dhoni,SR Watson,1,0,,,,,,,,,
416237,2009/10,2009-10-28,"Vidarbha Cricket Association Stadium, Jamtha",1,28.6,India,Australia,MS Dhoni,G Gambhir,SR Watson,4,0,,,,,,,,,
416237,2009/10,2009-10-28,"Vidarbha Cricket Association Stadium, Jamtha",1,29.1,India,Australia,G Gambhir,MS Dhoni,BW Hilfenhaus,4,0,,,,,,,,,
416237,2009/10,2009-10-28,"Vidarbha Cricket Association Stadium, Jamtha",1,29.2,India,Australia,G Gambhir,MS Dhoni,BW Hilfenhaus,2,0,,,,,,,,,
416237,2009/10,2009-10-28,"Vidarbha Cricket Association Stadium, Jamtha",1,29.3,India,Australia,G Gambhir,MS Dhoni,BW Hilfenhaus,0,0,,,,,,,,,
416237,2009/10,2009-10-28,"Vidarbha Cricket Association Stadium, Jamtha",1,29.4,India,Australia,G Gambhir,MS Dhoni,BW Hilfenhaus,0,0,,,,,,,,,
416237,2009/10,2009-10-28,"Vidarbha Cricket Association Stadium, Jamtha",1,29.5,India,Australia,G Gambhir,MS Dhoni,BW Hilfenhaus,1,0,,,,,,,,,
416237,2009/10,2009-10-28,"Vidarbha Cricket Association Stadium, Jamtha",1,29.6,India,Australia,MS Dhoni,G Gambhir,BW Hilfenhaus,0,0,,,,,,,,,
416237,2009/10,2009-10-28,"Vidarbha Cricket Association Stadium, Jamtha",1,30.1,India,Australia,G Gambhir,MS Dhoni,SR Watson,2,0,,,,,,,,,
416237,2009/10,2009-10-28,"Vidarbha Cricket Association Stadium, Jamtha",1,30.2,India,Australia,G Gambhir,MS Dhoni,SR Watson,2,0,,,,,,,,,
416237,2009/10,2009-10-28,"Vidarbha Cricket Association Stadium, Jamtha",1,30.3,India,Australia,G Gambhir,MS Dhoni,SR Watson,1,0,,,,,,,,,
416237,2009/10,2009-10-28,"Vidarbha Cricket Association Stadium, Jamtha",1,30.4,India,Australia,MS Dhoni,G Gambhir,SR Watson,0,0,,,,,,,,,
416237,2009/10,2009-10-28,"Vidarbha Cricket Association Stadium, Jamtha",1,30.5,India,Australia,MS Dhoni,G Gambhir,SR Watson,1,0,,,,,,,,,
416237,2009/10,2009-10-28,"Vidarbha Cricket Association Stadium, Jamtha",1,30.6,India,Australia,G Gambhir,MS Dhoni,SR Watson,0,0,,,,,,,,,
416237,2009/10,2009-10-28,"Vidarbha Cricket Association Stadium, Jamtha",1,31.1,India,Australia,MS Dhoni,G Gambhir,BW Hilfenhaus,1,0,,,,,,,,,
416237,2009/10,2009-10-28,"Vidarbha Cricket Association Stadium, Jamtha",1,31.2,India,Australia,G Gambhir,MS Dhoni,BW Hilfenhaus,1,0,,,,,,,,,
416237,2009/10,2009-10-28,"Vidarbha Cricket Association Stadium, Jamtha",1,31.3,India,Australia,MS Dhoni,G Gambhir,BW Hilfenhaus,1,0,,,,,,,,,
416237,2009/10,2009-10-28,"Vidarbha Cricket Association Stadium, Jamtha",1,31.4,India,Australia,G Gambhir,MS Dhoni,BW Hilfenhaus,0,0,,,,,,,,,
416237,2009/10,2009-10-28,"Vidarbha Cricket Association Stadium, Jamtha",1,31.5,India,Australia,G Gambhir,MS Dhoni,BW Hilfenhaus,1,0,,,,,,,,,
416237,2009/10,2009-10-28,"Vidarbha Cricket Association Stadium, Jamtha",1,31.6,India,Australia,MS Dhoni,G Gambhir,BW Hilfenhaus,0,1,1,,,,,,,,
416237,2009/10,2009-10-28,"Vidarbha Cricket Association Stadium, Jamtha",1,31.7,India,Australia,MS Dhoni,G Gambhir,BW Hilfenhaus,0,0,,,,,,,,,
416237,2009/10,2009-10-28,"Vidarbha Cricket Association Stadium, Jamtha",1,32.1,India,Australia,G Gambhir,MS Dhoni,SR Watson,1,0,,,,,,,,,
416237,2009/10,2009-10-28,"Vidarbha Cricket Association Stadium, Jamtha",1,32.2,India,Australia,MS Dhoni,G Gambhir,SR Watson,2,0,,,,,,,,,
416237,2009/10,2009-10-28,"Vidarbha Cricket Association Stadium, Jamtha",1,32.3,India,Australia,MS Dhoni,G Gambhir,SR Watson,1,0,,,,,,,,,
416237,2009/10,2009-10-28,"Vidarbha Cricket Association Stadium, Jamtha",1,32.4,India,Australia,G Gambhir,MS Dhoni,SR Watson,0,1,,,,1,,,,,
416237,2009/10,2009-10-28,"Vidarbha Cricket Association Stadium, Jamtha",1,32.5,India,Australia,MS Dhoni,G Gambhir,SR Watson,0,0,,,,,,,,,
416237,2009/10,2009-10-28,"Vidarbha Cricket Association Stadium, Jamtha",1,32.6,India,Australia,MS Dhoni,G Gambhir,SR Watson,0,0,,,,,,,,,
416237,2009/10,2009-10-28,"Vidarbha Cricket Association Stadium, Jamtha",1,33.1,India,Australia,G Gambhir,MS Dhoni,PM Siddle,1,0,,,,,,,,,
416237,2009/10,2009-10-28,"Vidarbha Cricket Association Stadium, Jamtha",1,33.2,India,Australia,MS Dhoni,G Gambhir,PM Siddle,2,0,,,,,,,,,
416237,2009/10,2009-10-28,"Vidarbha Cricket Association Stadium, Jamtha",1,33.3,India,Australia,MS Dhoni,G Gambhir,PM Siddle,1,0,,,,,,,,,
416237,2009/10,2009-10-28,"Vidarbha Cricket Association Stadium, Jamtha",1,33.4,India,Australia,G Gambhir,MS Dhoni,PM Siddle,1,0,,,,,,,,,
416237,2009/10,2009-10-28,"Vidarbha Cricket Association Stadium, Jamtha",1,33.5,India,Australia,MS Dhoni,G Gambhir,PM Siddle,0,0,,,,,,,,,
416237,2009/10,2009-10-28,"Vidarbha Cricket Association Stadium, Jamtha",1,33.6,India,Australia,MS Dhoni,G Gambhir,PM Siddle,0,0,,,,,,run out,G Gambhir,,
416237,2009/10,2009-10-28,"Vidarbha Cricket Association Stadium, Jamtha",1,34.1,India,Australia,SK Raina,MS Dhoni,NM Hauritz,1,0,,,,,,,,,
416237,2009/10,2009-10-28,"Vidarbha Cricket Association Stadium, Jamtha",1,34.2,India,Australia,MS Dhoni,SK Raina,NM Hauritz,4,0,,,,,,,,,
416237,2009/10,2009-10-28,"Vidarbha Cricket Association Stadium, Jamtha",1,34.3,India,Australia,MS Dhoni,SK Raina,NM Hauritz,1,0,,,,,,,,,
416237,2009/10,2009-10-28,"Vidarbha Cricket Association Stadium, Jamtha",1,34.4,India,Australia,SK Raina,MS Dhoni,NM Hauritz,0,0,,,,,,,,,
416237,2009/10,2009-10-28,"Vidarbha Cricket Association Stadium, Jamtha",1,34.5,India,Australia,SK Raina,MS Dhoni,NM Hauritz,1,0,,,,,,,,,
416237,2009/10,2009-10-28,"Vidarbha Cricket Association Stadium, Jamtha",1,34.6,India,Australia,MS Dhoni,SK Raina,NM Hauritz,1,0,,,,,,,,,
416237,2009/10,2009-10-28,"Vidarbha Cricket Association Stadium, Jamtha",1,35.1,India,Australia,MS Dhoni,SK Raina,PM Siddle,0,0,,,,,,,,,
416237,2009/10,2009-10-28,"Vidarbha Cricket Association Stadium, Jamtha",1,35.2,India,Australia,MS Dhoni,SK Raina,PM Siddle,1,0,,,,,,,,,
416237,2009/10,2009-10-28,"Vidarbha Cricket Association Stadium, Jamtha",1,35.3,India,Australia,SK Raina,MS Dhoni,PM Siddle,0,1,1,,,,,,,,
416237,2009/10,2009-10-28,"Vidarbha Cricket Association Stadium, Jamtha",1,35.4,India,Australia,SK Raina,MS Dhoni,PM Siddle,0,0,,,,,,,,,
416237,2009/10,2009-10-28,"Vidarbha Cricket Association Stadium, Jamtha",1,35.5,India,Australia,SK Raina,MS Dhoni,PM Siddle,0,0,,,,,,,,,
416237,2009/10,2009-10-28,"Vidarbha Cricket Association Stadium, Jamtha",1,35.6,India,Australia,SK Raina,MS Dhoni,PM Siddle,0,0,,,,,,,,,
416237,2009/10,2009-10-28,"Vidarbha Cricket Association Stadium, Jamtha",1,35.7,India,Australia,SK Raina,MS Dhoni,PM Siddle,0,0,,,,,,,,,
416237,2009/10,2009-10-28,"Vidarbha Cricket Association Stadium, Jamtha",1,36.1,India,Australia,MS Dhoni,SK Raina,NM Hauritz,1,0,,,,,,,,,
416237,2009/10,2009-10-28,"Vidarbha Cricket Association Stadium, Jamtha",1,36.2,India,Australia,SK Raina,MS Dhoni,NM Hauritz,1,0,,,,,,,,,
416237,2009/10,2009-10-28,"Vidarbha Cricket Association Stadium, Jamtha",1,36.3,India,Australia,MS Dhoni,SK Raina,NM Hauritz,1,0,,,,,,,,,
416237,2009/10,2009-10-28,"Vidarbha Cricket Association Stadium, Jamtha",1,36.4,India,Australia,SK Raina,MS Dhoni,NM Hauritz,0,0,,,,,,,,,
416237,2009/10,2009-10-28,"Vidarbha Cricket Association Stadium, Jamtha",1,36.5,India,Australia,SK Raina,MS Dhoni,NM Hauritz,0,0,,,,,,,,,
416237,2009/10,2009-10-28,"Vidarbha Cricket Association Stadium, Jamtha",1,36.6,India,Australia,SK Raina,MS Dhoni,NM Hauritz,0,0,,,,,,,,,
416237,2009/10,2009-10-28,"Vidarbha Cricket Association Stadium, Jamtha",1,37.1,India,Australia,MS Dhoni,SK Raina,AC Voges,1,0,,,,,,,,,
416237,2009/10,2009-10-28,"Vidarbha Cricket Association Stadium, Jamtha",1,37.2,India,Australia,SK Raina,MS Dhoni,AC Voges,1,0,,,,,,,,,
416237,2009/10,2009-10-28,"Vidarbha Cricket Association Stadium, Jamtha",1,37.3,India,Australia,MS Dhoni,SK Raina,AC Voges,1,0,,,,,,,,,
416237,2009/10,2009-10-28,"Vidarbha Cricket Association Stadium, Jamtha",1,37.4,India,Australia,SK Raina,MS Dhoni,AC Voges,2,0,,,,,,,,,
416237,2009/10,2009-10-28,"Vidarbha Cricket Association Stadium, Jamtha",1,37.5,India,Australia,SK Raina,MS Dhoni,AC Voges,1,0,,,,,,,,,
416237,2009/10,2009-10-28,"Vidarbha Cricket Association Stadium, Jamtha",1,37.6,India,Australia,MS Dhoni,SK Raina,AC Voges,1,0,,,,,,,,,
416237,2009/10,2009-10-28,"Vidarbha Cricket Association Stadium, Jamtha",1,38.1,India,Australia,MS Dhoni,SK Raina,NM Hauritz,0,0,,,,,,,,,
416237,2009/10,2009-10-28,"Vidarbha Cricket Association Stadium, Jamtha",1,38.2,India,Australia,MS Dhoni,SK Raina,NM Hauritz,1,0,,,,,,,,,
416237,2009/10,2009-10-28,"Vidarbha Cricket Association Stadium, Jamtha",1,38.3,India,Australia,SK Raina,MS Dhoni,NM Hauritz,0,0,,,,,,,,,
416237,2009/10,2009-10-28,"Vidarbha Cricket Association Stadium, Jamtha",1,38.4,India,Australia,SK Raina,MS Dhoni,NM Hauritz,1,0,,,,,,,,,
416237,2009/10,2009-10-28,"Vidarbha Cricket Association Stadium, Jamtha",1,38.5,India,Australia,MS Dhoni,SK Raina,NM Hauritz,0,0,,,,,,,,,
416237,2009/10,2009-10-28,"Vidarbha Cricket Association Stadium, Jamtha",1,38.6,India,Australia,MS Dhoni,SK Raina,NM Hauritz,0,0,,,,,,,,,
416237,2009/10,2009-10-28,"Vidarbha Cricket Association Stadium, Jamtha",1,39.1,India,Australia,SK Raina,MS Dhoni,MG Johnson,0,2,2,,,,,,,,
416237,2009/10,2009-10-28,"Vidarbha Cricket Association Stadium, Jamtha",1,39.2,India,Australia,MS Dhoni,SK Raina,MG Johnson,1,0,,,,,,,,,
416237,2009/10,2009-10-28,"Vidarbha Cricket Association Stadium, Jamtha",1,39.3,India,Australia,SK Raina,MS Dhoni,MG Johnson,1,0,,,,,,,,,
416237,2009/10,2009-10-28,"Vidarbha Cricket Association Stadium, Jamtha",1,39.4,India,Australia,MS Dhoni,SK Raina,MG Johnson,0,0,,,,,,,,,
416237,2009/10,2009-10-28,"Vidarbha Cricket Association Stadium, Jamtha",1,39.5,India,Australia,MS Dhoni,SK Raina,MG Johnson,0,0,,,,,,,,,
416237,2009/10,2009-10-28,"Vidarbha Cricket Association Stadium, Jamtha",1,39.6,India,Australia,MS Dhoni,SK Raina,MG Johnson,1,0,,,,,,,,,
416237,2009/10,2009-10-28,"Vidarbha Cricket Association Stadium, Jamtha",1,39.7,India,Australia,SK Raina,MS Dhoni,MG Johnson,3,0,,,,,,,,,
416237,2009/10,2009-10-28,"Vidarbha Cricket Association Stadium, Jamtha",1,40.1,India,Australia,SK Raina,MS Dhoni,PM Siddle,0,0,,,,,,,,,
416237,2009/10,2009-10-28,"Vidarbha Cricket Association Stadium, Jamtha",1,40.2,India,Australia,SK Raina,MS Dhoni,PM Siddle,0,0,,,,,,,,,
416237,2009/10,2009-10-28,"Vidarbha Cricket Association Stadium, Jamtha",1,40.3,India,Australia,SK Raina,MS Dhoni,PM Siddle,0,0,,,,,,,,,
416237,2009/10,2009-10-28,"Vidarbha Cricket Association Stadium, Jamtha",1,40.4,India,Australia,SK Raina,MS Dhoni,PM Siddle,1,0,,,,,,,,,
416237,2009/10,2009-10-28,"Vidarbha Cricket Association Stadium, Jamtha",1,40.5,India,Australia,MS Dhoni,SK Raina,PM Siddle,0,0,,,,,,,,,
416237,2009/10,2009-10-28,"Vidarbha Cricket Association Stadium, Jamtha",1,40.6,India,Australia,MS Dhoni,SK Raina,PM Siddle,4,0,,,,,,,,,
416237,2009/10,2009-10-28,"Vidarbha Cricket Association Stadium, Jamtha",1,41.1,India,Australia,SK Raina,MS Dhoni,MG Johnson,4,0,,,,,,,,,
416237,2009/10,2009-10-28,"Vidarbha Cricket Association Stadium, Jamtha",1,41.2,India,Australia,SK Raina,MS Dhoni,MG Johnson,0,0,,,,,,,,,
416237,2009/10,2009-10-28,"Vidarbha Cricket Association Stadium, Jamtha",1,41.3,India,Australia,SK Raina,MS Dhoni,MG Johnson,4,0,,,,,,,,,
416237,2009/10,2009-10-28,"Vidarbha Cricket Association Stadium, Jamtha",1,41.4,India,Australia,SK Raina,MS Dhoni,MG Johnson,1,0,,,,,,,,,
416237,2009/10,2009-10-28,"Vidarbha Cricket Association Stadium, Jamtha",1,41.5,India,Australia,MS Dhoni,SK Raina,MG Johnson,0,0,,,,,,,,,
416237,2009/10,2009-10-28,"Vidarbha Cricket Association Stadium, Jamtha",1,41.6,India,Australia,MS Dhoni,SK Raina,MG Johnson,0,0,,,,,,,,,
416237,2009/10,2009-10-28,"Vidarbha Cricket Association Stadium, Jamtha",1,42.1,India,Australia,SK Raina,MS Dhoni,PM Siddle,1,0,,,,,,,,,
416237,2009/10,2009-10-28,"Vidarbha Cricket Association Stadium, Jamtha",1,42.2,India,Australia,MS Dhoni,SK Raina,PM Siddle,1,0,,,,,,,,,
416237,2009/10,2009-10-28,"Vidarbha Cricket Association Stadium, Jamtha",1,42.3,India,Australia,SK Raina,MS Dhoni,PM Siddle,1,0,,,,,,,,,
416237,2009/10,2009-10-28,"Vidarbha Cricket Association Stadium, Jamtha",1,42.4,India,Australia,MS Dhoni,SK Raina,PM Siddle,1,0,,,,,,,,,
416237,2009/10,2009-10-28,"Vidarbha Cricket Association Stadium, Jamtha",1,42.5,India,Australia,SK Raina,MS Dhoni,PM Siddle,1,0,,,,,,,,,
416237,2009/10,2009-10-28,"Vidarbha Cricket Association Stadium, Jamtha",1,42.6,India,Australia,MS Dhoni,SK Raina,PM Siddle,2,0,,,,,,,,,
416237,2009/10,2009-10-28,"Vidarbha Cricket Association Stadium, Jamtha",1,43.1,India,Australia,SK Raina,MS Dhoni,MG Johnson,4,0,,,,,,,,,
416237,2009/10,2009-10-28,"Vidarbha Cricket Association Stadium, Jamtha",1,43.2,India,Australia,SK Raina,MS Dhoni,MG Johnson,1,0,,,,,,,,,
416237,2009/10,2009-10-28,"Vidarbha Cricket Association Stadium, Jamtha",1,43.3,India,Australia,MS Dhoni,SK Raina,MG Johnson,4,1,,1,,,,,,,
416237,2009/10,2009-10-28,"Vidarbha Cricket Association Stadium, Jamtha",1,43.4,India,Australia,MS Dhoni,SK Raina,MG Johnson,4,0,,,,,,,,,
416237,2009/10,2009-10-28,"Vidarbha Cricket Association Stadium, Jamtha",1,43.5,India,Australia,MS Dhoni,SK Raina,MG Johnson,3,0,,,,,,,,,
416237,2009/10,2009-10-28,"Vidarbha Cricket Association Stadium, Jamtha",1,43.6,India,Australia,SK Raina,MS Dhoni,MG Johnson,0,0,,,,,,,,,
416237,2009/10,2009-10-28,"Vidarbha Cricket Association Stadium, Jamtha",1,43.7,India,Australia,SK Raina,MS Dhoni,MG Johnson,1,0,,,,,,,,,
416237,2009/10,2009-10-28,"Vidarbha Cricket Association Stadium, Jamtha",1,44.1,India,Australia,SK Raina,MS Dhoni,BW Hilfenhaus,1,0,,,,,,,,,
416237,2009/10,2009-10-28,"Vidarbha Cricket Association Stadium, Jamtha",1,44.2,India,Australia,MS Dhoni,SK Raina,BW Hilfenhaus,1,0,,,,,,,,,
416237,2009/10,2009-10-28,"Vidarbha Cricket Association Stadium, Jamtha",1,44.3,India,Australia,SK Raina,MS Dhoni,BW Hilfenhaus,0,0,,,,,,,,,
416237,2009/10,2009-10-28,"Vidarbha Cricket Association Stadium, Jamtha",1,44.4,India,Australia,SK Raina,MS Dhoni,BW Hilfenhaus,1,0,,,,,,,,,
416237,2009/10,2009-10-28,"Vidarbha Cricket Association Stadium, Jamtha",1,44.5,India,Australia,MS Dhoni,SK Raina,BW Hilfenhaus,6,0,,,,,,,,,
416237,2009/10,2009-10-28,"Vidarbha Cricket Association Stadium, Jamtha",1,44.6,India,Australia,MS Dhoni,SK Raina,BW Hilfenhaus,0,0,,,,,,,,,
416237,2009/10,2009-10-28,"Vidarbha Cricket Association Stadium, Jamtha",1,45.1,India,Australia,SK Raina,MS Dhoni,SR Watson,1,0,,,,,,,,,
416237,2009/10,2009-10-28,"Vidarbha Cricket Association Stadium, Jamtha",1,45.2,India,Australia,MS Dhoni,SK Raina,SR Watson,6,0,,,,,,,,,
416237,2009/10,2009-10-28,"Vidarbha Cricket Association Stadium, Jamtha",1,45.3,India,Australia,MS Dhoni,SK Raina,SR Watson,6,0,,,,,,,,,
416237,2009/10,2009-10-28,"Vidarbha Cricket Association Stadium, Jamtha",1,45.4,India,Australia,MS Dhoni,SK Raina,SR Watson,2,0,,,,,,,,,
416237,2009/10,2009-10-28,"Vidarbha Cricket Association Stadium, Jamtha",1,45.5,India,Australia,MS Dhoni,SK Raina,SR Watson,1,0,,,,,,,,,
416237,2009/10,2009-10-28,"Vidarbha Cricket Association Stadium, Jamtha",1,45.6,India,Australia,SK Raina,MS Dhoni,SR Watson,1,0,,,,,,,,,
416237,2009/10,2009-10-28,"Vidarbha Cricket Association Stadium, Jamtha",1,46.1,India,Australia,SK Raina,MS Dhoni,BW Hilfenhaus,4,0,,,,,,,,,
416237,2009/10,2009-10-28,"Vidarbha Cricket Association Stadium, Jamtha",1,46.2,India,Australia,SK Raina,MS Dhoni,BW Hilfenhaus,6,0,,,,,,,,,
416237,2009/10,2009-10-28,"Vidarbha Cricket Association Stadium, Jamtha",1,46.3,India,Australia,SK Raina,MS Dhoni,BW Hilfenhaus,2,0,,,,,,,,,
416237,2009/10,2009-10-28,"Vidarbha Cricket Association Stadium, Jamtha",1,46.4,India,Australia,SK Raina,MS Dhoni,BW Hilfenhaus,4,0,,,,,,,,,
416237,2009/10,2009-10-28,"Vidarbha Cricket Association Stadium, Jamtha",1,46.5,India,Australia,SK Raina,MS Dhoni,BW Hilfenhaus,1,0,,,,,,,,,
416237,2009/10,2009-10-28,"Vidarbha Cricket Association Stadium, Jamtha",1,46.6,India,Australia,MS Dhoni,SK Raina,BW Hilfenhaus,1,0,,,,,,,,,
416237,2009/10,2009-10-28,"Vidarbha Cricket Association Stadium, Jamtha",1,47.1,India,Australia,MS Dhoni,SK Raina,SR Watson,1,0,,,,,,,,,
416237,2009/10,2009-10-28,"Vidarbha Cricket Association Stadium, Jamtha",1,47.2,India,Australia,SK Raina,MS Dhoni,SR Watson,1,0,,,,,,,,,
416237,2009/10,2009-10-28,"Vidarbha Cricket Association Stadium, Jamtha",1,47.3,India,Australia,MS Dhoni,SK Raina,SR Watson,4,0,,,,,,,,,
416237,2009/10,2009-10-28,"Vidarbha Cricket Association Stadium, Jamtha",1,47.4,India,Australia,MS Dhoni,SK Raina,SR Watson,1,0,,,,,,,,,
416237,2009/10,2009-10-28,"Vidarbha Cricket Association Stadium, Jamtha",1,47.5,India,Australia,SK Raina,MS Dhoni,SR Watson,2,0,,,,,,,,,
416237,2009/10,2009-10-28,"Vidarbha Cricket Association Stadium, Jamtha",1,47.6,India,Australia,SK Raina,MS Dhoni,SR Watson,1,0,,,,,,,,,
416237,2009/10,2009-10-28,"Vidarbha Cricket Association Stadium, Jamtha",1,48.1,India,Australia,SK Raina,MS Dhoni,PM Siddle,1,0,,,,,,,,,
416237,2009/10,2009-10-28,"Vidarbha Cricket Association Stadium, Jamtha",1,48.2,India,Australia,MS Dhoni,SK Raina,PM Siddle,4,0,,,,,,,,,
416237,2009/10,2009-10-28,"Vidarbha Cricket Association Stadium, Jamtha",1,48.3,India,Australia,MS Dhoni,SK Raina,PM Siddle,0,0,,,,,,,,,
416237,2009/10,2009-10-28,"Vidarbha Cricket Association Stadium, Jamtha",1,48.4,India,Australia,MS Dhoni,SK Raina,PM Siddle,0,0,,,,,,,,,
416237,2009/10,2009-10-28,"Vidarbha Cricket Association Stadium, Jamtha",1,48.5,India,Australia,MS Dhoni,SK Raina,PM Siddle,1,0,,,,,,,,,
416237,2009/10,2009-10-28,"Vidarbha Cricket Association Stadium, Jamtha",1,48.6,India,Australia,SK Raina,MS Dhoni,PM Siddle,4,0,,,,,,,,,
416237,2009/10,2009-10-28,"Vidarbha Cricket Association Stadium, Jamtha",1,49.1,India,Australia,MS Dhoni,SK Raina,MG Johnson,0,1,1,,,,,,,,
416237,2009/10,2009-10-28,"Vidarbha Cricket Association Stadium, Jamtha",1,49.2,India,Australia,MS Dhoni,SK Raina,MG Johnson,1,0,,,,,,,,,
416237,2009/10,2009-10-28,"Vidarbha Cricket Association Stadium, Jamtha",1,49.3,India,Australia,SK Raina,MS Dhoni,MG Johnson,1,0,,,,,,,,,
416237,2009/10,2009-10-28,"Vidarbha Cricket Association Stadium, Jamtha",1,49.4,India,Australia,MS Dhoni,SK Raina,MG Johnson,0,0,,,,,,caught,MS Dhoni,,
416237,2009/10,2009-10-28,"Vidarbha Cricket Association Stadium, Jamtha",1,49.5,India,Australia,Harbhajan Singh,SK Raina,MG Johnson,1,0,,,,,,,,,
416237,2009/10,2009-10-28,"Vidarbha Cricket Association Stadium, Jamtha",1,49.6,India,Australia,SK Raina,Harbhajan Singh,MG Johnson,0,0,,,,,,caught,SK Raina,,
416237,2009/10,2009-10-28,"Vidarbha Cricket Association Stadium, Jamtha",1,49.7,India,Australia,P Kumar,Harbhajan Singh,MG Johnson,1,0,,,,,,run out,P Kumar,,
416237,2009/10,2009-10-28,"Vidarbha Cricket Association Stadium, Jamtha",2,0.1,Australia,India,SR Watson,TD Paine,P Kumar,0,0,,,,,,,,,
416237,2009/10,2009-10-28,"Vidarbha Cricket Association Stadium, Jamtha",2,0.2,Australia,India,SR Watson,TD Paine,P Kumar,0,0,,,,,,,,,
416237,2009/10,2009-10-28,"Vidarbha Cricket Association Stadium, Jamtha",2,0.3,Australia,India,SR Watson,TD Paine,P Kumar,0,0,,,,,,,,,
416237,2009/10,2009-10-28,"Vidarbha Cricket Association Stadium, Jamtha",2,0.4,Australia,India,SR Watson,TD Paine,P Kumar,0,0,,,,,,,,,
416237,2009/10,2009-10-28,"Vidarbha Cricket Association Stadium, Jamtha",2,0.5,Australia,India,SR Watson,TD Paine,P Kumar,4,0,,,,,,,,,
416237,2009/10,2009-10-28,"Vidarbha Cricket Association Stadium, Jamtha",2,0.6,Australia,India,SR Watson,TD Paine,P Kumar,1,0,,,,,,,,,
416237,2009/10,2009-10-28,"Vidarbha Cricket Association Stadium, Jamtha",2,1.1,Australia,India,SR Watson,TD Paine,A Nehra,0,0,,,,,,,,,
416237,2009/10,2009-10-28,"Vidarbha Cricket Association Stadium, Jamtha",2,1.2,Australia,India,SR Watson,TD Paine,A Nehra,0,0,,,,,,,,,
416237,2009/10,2009-10-28,"Vidarbha Cricket Association Stadium, Jamtha",2,1.3,Australia,India,SR Watson,TD Paine,A Nehra,0,0,,,,,,,,,
416237,2009/10,2009-10-28,"Vidarbha Cricket Association Stadium, Jamtha",2,1.4,Australia,India,SR Watson,TD Paine,A Nehra,1,0,,,,,,,,,
416237,2009/10,2009-10-28,"Vidarbha Cricket Association Stadium, Jamtha",2,1.5,Australia,India,TD Paine,SR Watson,A Nehra,1,0,,,,,,,,,
416237,2009/10,2009-10-28,"Vidarbha Cricket Association Stadium, Jamtha",2,1.6,Australia,India,SR Watson,TD Paine,A Nehra,0,0,,,,,,,,,
416237,2009/10,2009-10-28,"Vidarbha Cricket Association Stadium, Jamtha",2,2.1,Australia,India,TD Paine,SR Watson,P Kumar,0,0,,,,,,,,,
416237,2009/10,2009-10-28,"Vidarbha Cricket Association Stadium, Jamtha",2,2.2,Australia,India,TD Paine,SR Watson,P Kumar,0,0,,,,,,,,,
416237,2009/10,2009-10-28,"Vidarbha Cricket Association Stadium, Jamtha",2,2.3,Australia,India,TD Paine,SR Watson,P Kumar,0,0,,,,,,,,,
416237,2009/10,2009-10-28,"Vidarbha Cricket Association Stadium, Jamtha",2,2.4,Australia,India,TD Paine,SR Watson,P Kumar,0,0,,,,,,,,,
416237,2009/10,2009-10-28,"Vidarbha Cricket Association Stadium, Jamtha",2,2.5,Australia,India,TD Paine,SR Watson,P Kumar,1,0,,,,,,,,,
416237,2009/10,2009-10-28,"Vidarbha Cricket Association Stadium, Jamtha",2,2.6,Australia,India,SR Watson,TD Paine,P Kumar,4,0,,,,,,,,,
416237,2009/10,2009-10-28,"Vidarbha Cricket Association Stadium, Jamtha",2,3.1,Australia,India,TD Paine,SR Watson,A Nehra,0,0,,,,,,,,,
416237,2009/10,2009-10-28,"Vidarbha Cricket Association Stadium, Jamtha",2,3.2,Australia,India,TD Paine,SR Watson,A Nehra,0,0,,,,,,,,,
416237,2009/10,2009-10-28,"Vidarbha Cricket Association Stadium, Jamtha",2,3.3,Australia,India,TD Paine,SR Watson,A Nehra,1,0,,,,,,,,,
416237,2009/10,2009-10-28,"Vidarbha Cricket Association Stadium, Jamtha",2,3.4,Australia,India,SR Watson,TD Paine,A Nehra,0,0,,,,,,,,,
416237,2009/10,2009-10-28,"Vidarbha Cricket Association Stadium, Jamtha",2,3.5,Australia,India,SR Watson,TD Paine,A Nehra,0,1,1,,,,,,,,
416237,2009/10,2009-10-28,"Vidarbha Cricket Association Stadium, Jamtha",2,3.6,Australia,India,SR Watson,TD Paine,A Nehra,0,0,,,,,,,,,
416237,2009/10,2009-10-28,"Vidarbha Cricket Association Stadium, Jamtha",2,3.7,Australia,India,SR Watson,TD Paine,A Nehra,0,0,,,,,,,,,
416237,2009/10,2009-10-28,"Vidarbha Cricket Association Stadium, Jamtha",2,4.1,Australia,India,TD Paine,SR Watson,P Kumar,1,0,,,,,,,,,
416237,2009/10,2009-10-28,"Vidarbha Cricket Association Stadium, Jamtha",2,4.2,Australia,India,SR Watson,TD Paine,P Kumar,1,0,,,,,,,,,
416237,2009/10,2009-10-28,"Vidarbha Cricket Association Stadium, Jamtha",2,4.3,Australia,India,TD Paine,SR Watson,P Kumar,0,0,,,,,,,,,
416237,2009/10,2009-10-28,"Vidarbha Cricket Association Stadium, Jamtha",2,4.4,Australia,India,TD Paine,SR Watson,P Kumar,0,0,,,,,,,,,
416237,2009/10,2009-10-28,"Vidarbha Cricket Association Stadium, Jamtha",2,4.5,Australia,India,TD Paine,SR Watson,P Kumar,4,0,,,,,,,,,
416237,2009/10,2009-10-28,"Vidarbha Cricket Association Stadium, Jamtha",2,4.6,Australia,India,TD Paine,SR Watson,P Kumar,0,0,,,,,,bowled,TD Paine,,
416237,2009/10,2009-10-28,"Vidarbha Cricket Association Stadium, Jamtha",2,5.1,Australia,India,SR Watson,RT Ponting,A Nehra,1,0,,,,,,,,,
416237,2009/10,2009-10-28,"Vidarbha Cricket Association Stadium, Jamtha",2,5.2,Australia,India,RT Ponting,SR Watson,A Nehra,0,0,,,,,,,,,
416237,2009/10,2009-10-28,"Vidarbha Cricket Association Stadium, Jamtha",2,5.3,Australia,India,RT Ponting,SR Watson,A Nehra,1,0,,,,,,,,,
416237,2009/10,2009-10-28,"Vidarbha Cricket Association Stadium, Jamtha",2,5.4,Australia,India,SR Watson,RT Ponting,A Nehra,0,0,,,,,,,,,
416237,2009/10,2009-10-28,"Vidarbha Cricket Association Stadium, Jamtha",2,5.5,Australia,India,SR Watson,RT Ponting,A Nehra,4,0,,,,,,,,,
416237,2009/10,2009-10-28,"Vidarbha Cricket Association Stadium, Jamtha",2,5.6,Australia,India,SR Watson,RT Ponting,A Nehra,0,0,,,,,,,,,
416237,2009/10,2009-10-28,"Vidarbha Cricket Association Stadium, Jamtha",2,6.1,Australia,India,RT Ponting,SR Watson,P Kumar,2,0,,,,,,,,,
416237,2009/10,2009-10-28,"Vidarbha Cricket Association Stadium, Jamtha",2,6.2,Australia,India,RT Ponting,SR Watson,P Kumar,1,0,,,,,,,,,
416237,2009/10,2009-10-28,"Vidarbha Cricket Association Stadium, Jamtha",2,6.3,Australia,India,SR Watson,RT Ponting,P Kumar,1,0,,,,,,,,,
416237,2009/10,2009-10-28,"Vidarbha Cricket Association Stadium, Jamtha",2,6.4,Australia,India,RT Ponting,SR Watson,P Kumar,0,0,,,,,,,,,
416237,2009/10,2009-10-28,"Vidarbha Cricket Association Stadium, Jamtha",2,6.5,Australia,India,RT Ponting,SR Watson,P Kumar,0,0,,,,,,,,,
416237,2009/10,2009-10-28,"Vidarbha Cricket Association Stadium, Jamtha",2,6.6,Australia,India,RT Ponting,SR Watson,P Kumar,0,0,,,,,,,,,
416237,2009/10,2009-10-28,"Vidarbha Cricket Association Stadium, Jamtha",2,7.1,Australia,India,SR Watson,RT Ponting,A Nehra,0,0,,,,,,,,,
416237,2009/10,2009-10-28,"Vidarbha Cricket Association Stadium, Jamtha",2,7.2,Australia,India,SR Watson,RT Ponting,A Nehra,0,0,,,,,,,,,
416237,2009/10,2009-10-28,"Vidarbha Cricket Association Stadium, Jamtha",2,7.3,Australia,India,SR Watson,RT Ponting,A Nehra,1,0,,,,,,,,,
416237,2009/10,2009-10-28,"Vidarbha Cricket Association Stadium, Jamtha",2,7.4,Australia,India,RT Ponting,SR Watson,A Nehra,4,0,,,,,,,,,
416237,2009/10,2009-10-28,"Vidarbha Cricket Association Stadium, Jamtha",2,7.5,Australia,India,RT Ponting,SR Watson,A Nehra,0,0,,,,,,,,,
416237,2009/10,2009-10-28,"Vidarbha Cricket Association Stadium, Jamtha",2,7.6,Australia,India,RT Ponting,SR Watson,A Nehra,4,0,,,,,,,,,
416237,2009/10,2009-10-28,"Vidarbha Cricket Association Stadium, Jamtha",2,8.1,Australia,India,SR Watson,RT Ponting,P Kumar,1,0,,,,,,,,,
416237,2009/10,2009-10-28,"Vidarbha Cricket Association Stadium, Jamtha",2,8.2,Australia,India,RT Ponting,SR Watson,P Kumar,0,0,,,,,,,,,
416237,2009/10,2009-10-28,"Vidarbha Cricket Association Stadium, Jamtha",2,8.3,Australia,India,RT Ponting,SR Watson,P Kumar,0,0,,,,,,,,,
416237,2009/10,2009-10-28,"Vidarbha Cricket Association Stadium, Jamtha",2,8.4,Australia,India,RT Ponting,SR Watson,P Kumar,0,0,,,,,,,,,
416237,2009/10,2009-10-28,"Vidarbha Cricket Association Stadium, Jamtha",2,8.5,Australia,India,RT Ponting,SR Watson,P Kumar,0,1,1,,,,,,,,
416237,2009/10,2009-10-28,"Vidarbha Cricket Association Stadium, Jamtha",2,8.6,Australia,India,RT Ponting,SR Watson,P Kumar,0,0,,,,,,,,,
416237,2009/10,2009-10-28,"Vidarbha Cricket Association Stadium, Jamtha",2,8.7,Australia,India,RT Ponting,SR Watson,P Kumar,0,0,,,,,,,,,
416237,2009/10,2009-10-28,"Vidarbha Cricket Association Stadium, Jamtha",2,9.1,Australia,India,SR Watson,RT Ponting,I Sharma,0,0,,,,,,caught,SR Watson,,
416237,2009/10,2009-10-28,"Vidarbha Cricket Association Stadium, Jamtha",2,9.2,Australia,India,CL White,RT Ponting,I Sharma,0,0,,,,,,,,,
416237,2009/10,2009-10-28,"Vidarbha Cricket Association Stadium, Jamtha",2,9.3,Australia,India,CL White,RT Ponting,I Sharma,4,0,,,,,,,,,
416237,2009/10,2009-10-28,"Vidarbha Cricket Association Stadium, Jamtha",2,9.4,Australia,India,CL White,RT Ponting,I Sharma,0,0,,,,,,,,,
416237,2009/10,2009-10-28,"Vidarbha Cricket Association Stadium, Jamtha",2,9.5,Australia,India,CL White,RT Ponting,I Sharma,0,0,,,,,,,,,
416237,2009/10,2009-10-28,"Vidarbha Cricket Association Stadium, Jamtha",2,9.6,Australia,India,CL White,RT Ponting,I Sharma,0,0,,,,,,,,,
416237,2009/10,2009-10-28,"Vidarbha Cricket Association Stadium, Jamtha",2,10.1,Australia,India,RT Ponting,CL White,P Kumar,0,0,,,,,,lbw,RT Ponting,,
416237,2009/10,2009-10-28,"Vidarbha Cricket Association Stadium, Jamtha",2,10.2,Australia,India,MEK Hussey,CL White,P Kumar,0,0,,,,,,,,,
416237,2009/10,2009-10-28,"Vidarbha Cricket Association Stadium, Jamtha",2,10.3,Australia,India,MEK Hussey,CL White,P Kumar,0,0,,,,,,,,,
416237,2009/10,2009-10-28,"Vidarbha Cricket Association Stadium, Jamtha",2,10.4,Australia,India,MEK Hussey,CL White,P Kumar,0,0,,,,,,,,,
416237,2009/10,2009-10-28,"Vidarbha Cricket Association Stadium, Jamtha",2,10.5,Australia,India,MEK Hussey,CL White,P Kumar,0,0,,,,,,,,,
416237,2009/10,2009-10-28,"Vidarbha Cricket Association Stadium, Jamtha",2,10.6,Australia,India,MEK Hussey,CL White,P Kumar,0,0,,,,,,,,,
416237,2009/10,2009-10-28,"Vidarbha Cricket Association Stadium, Jamtha",2,11.1,Australia,India,CL White,MEK Hussey,I Sharma,0,0,,,,,,,,,
416237,2009/10,2009-10-28,"Vidarbha Cricket Association Stadium, Jamtha",2,11.2,Australia,India,CL White,MEK Hussey,I Sharma,0,0,,,,,,,,,
416237,2009/10,2009-10-28,"Vidarbha Cricket Association Stadium, Jamtha",2,11.3,Australia,India,CL White,MEK Hussey,I Sharma,0,0,,,,,,,,,
416237,2009/10,2009-10-28,"Vidarbha Cricket Association Stadium, Jamtha",2,11.4,Australia,India,CL White,MEK Hussey,I Sharma,0,0,,,,,,,,,
416237,2009/10,2009-10-28,"Vidarbha Cricket Association Stadium, Jamtha",2,11.5,Australia,India,CL White,MEK Hussey,I Sharma,0,0,,,,,,,,,
416237,2009/10,2009-10-28,"Vidarbha Cricket Association Stadium, Jamtha",2,11.6,Australia,India,CL White,MEK Hussey,I Sharma,1,0,,,,,,,,,
416237,2009/10,2009-10-28,"Vidarbha Cricket Association Stadium, Jamtha",2,12.1,Australia,India,CL White,MEK Hussey,P Kumar,0,0,,,,,,,,,
416237,2009/10,2009-10-28,"Vidarbha Cricket Association Stadium, Jamtha",2,12.2,Australia,India,CL White,MEK Hussey,P Kumar,0,0,,,,,,,,,
416237,2009/10,2009-10-28,"Vidarbha Cricket Association Stadium, Jamtha",2,12.3,Australia,India,CL White,MEK Hussey,P Kumar,1,0,,,,,,,,,
416237,2009/10,2009-10-28,"Vidarbha Cricket Association Stadium, Jamtha",2,12.4,Australia,India,MEK Hussey,CL White,P Kumar,1,0,,,,,,,,,
416237,2009/10,2009-10-28,"Vidarbha Cricket Association Stadium, Jamtha",2,12.5,Australia,India,CL White,MEK Hussey,P Kumar,0,0,,,,,,,,,
416237,2009/10,2009-10-28,"Vidarbha Cricket Association Stadium, Jamtha",2,12.6,Australia,India,CL White,MEK Hussey,P Kumar,4,0,,,,,,,,,
416237,2009/10,2009-10-28,"Vidarbha Cricket Association Stadium, Jamtha",2,13.1,Australia,India,MEK Hussey,CL White,I Sharma,1,0,,,,,,,,,
416237,2009/10,2009-10-28,"Vidarbha Cricket Association Stadium, Jamtha",2,13.2,Australia,India,CL White,MEK Hussey,I Sharma,1,0,,,,,,,,,
416237,2009/10,2009-10-28,"Vidarbha Cricket Association Stadium, Jamtha",2,13.3,Australia,India,MEK Hussey,CL White,I Sharma,0,0,,,,,,,,,
416237,2009/10,2009-10-28,"Vidarbha Cricket Association Stadium, Jamtha",2,13.4,Australia,India,MEK Hussey,CL White,I Sharma,0,0,,,,,,,,,
416237,2009/10,2009-10-28,"Vidarbha Cricket Association Stadium, Jamtha",2,13.5,Australia,India,MEK Hussey,CL White,I Sharma,1,0,,,,,,,,,
416237,2009/10,2009-10-28,"Vidarbha Cricket Association Stadium, Jamtha",2,13.6,Australia,India,CL White,MEK Hussey,I Sharma,0,0,,,,,,,,,
416237,2009/10,2009-10-28,"Vidarbha Cricket Association Stadium, Jamtha",2,14.1,Australia,India,MEK Hussey,CL White,Harbhajan Singh,4,0,,,,,,,,,
416237,2009/10,2009-10-28,"Vidarbha Cricket Association Stadium, Jamtha",2,14.2,Australia,India,MEK Hussey,CL White,Harbhajan Singh,4,0,,,,,,,,,
416237,2009/10,2009-10-28,"Vidarbha Cricket Association Stadium, Jamtha",2,14.3,Australia,India,MEK Hussey,CL White,Harbhajan Singh,4,0,,,,,,,,,
416237,2009/10,2009-10-28,"Vidarbha Cricket Association Stadium, Jamtha",2,14.4,Australia,India,MEK Hussey,CL White,Harbhajan Singh,0,1,1,,,,,,,,
416237,2009/10,2009-10-28,"Vidarbha Cricket Association Stadium, Jamtha",2,14.5,Australia,India,MEK Hussey,CL White,Harbhajan Singh,0,0,,,,,,,,,
416237,2009/10,2009-10-28,"Vidarbha Cricket Association Stadium, Jamtha",2,14.6,Australia,India,MEK Hussey,CL White,Harbhajan Singh,0,0,,,,,,,,,
416237,2009/10,2009-10-28,"Vidarbha Cricket Association Stadium, Jamtha",2,14.7,Australia,India,MEK Hussey,CL White,Harbhajan Singh,0,0,,,,,,,,,
416237,2009/10,2009-10-28,"Vidarbha Cricket Association Stadium, Jamtha",2,15.1,Australia,India,CL White,MEK Hussey,I Sharma,4,0,,,,,,,,,
416237,2009/10,2009-10-28,"Vidarbha Cricket Association Stadium, Jamtha",2,15.2,Australia,India,CL White,MEK Hussey,I Sharma,0,0,,,,,,,,,
416237,2009/10,2009-10-28,"Vidarbha Cricket Association Stadium, Jamtha",2,15.3,Australia,India,CL White,MEK Hussey,I Sharma,0,0,,,,,,,,,
416237,2009/10,2009-10-28,"Vidarbha Cricket Association Stadium, Jamtha",2,15.4,Australia,India,CL White,MEK Hussey,I Sharma,0,0,,,,,,,,,
416237,2009/10,2009-10-28,"Vidarbha Cricket Association Stadium, Jamtha",2,15.5,Australia,India,CL White,MEK Hussey,I Sharma,1,0,,,,,,,,,
416237,2009/10,2009-10-28,"Vidarbha Cricket Association Stadium, Jamtha",2,15.6,Australia,India,MEK Hussey,CL White,I Sharma,4,0,,,,,,,,,
416237,2009/10,2009-10-28,"Vidarbha Cricket Association Stadium, Jamtha",2,16.1,Australia,India,CL White,MEK Hussey,Harbhajan Singh,1,0,,,,,,,,,
416237,2009/10,2009-10-28,"Vidarbha Cricket Association Stadium, Jamtha",2,16.2,Australia,India,MEK Hussey,CL White,Harbhajan Singh,1,0,,,,,,,,,
416237,2009/10,2009-10-28,"Vidarbha Cricket Association Stadium, Jamtha",2,16.3,Australia,India,CL White,MEK Hussey,Harbhajan Singh,0,0,,,,,,,,,
416237,2009/10,2009-10-28,"Vidarbha Cricket Association Stadium, Jamtha",2,16.4,Australia,India,CL White,MEK Hussey,Harbhajan Singh,0,0,,,,,,,,,
416237,2009/10,2009-10-28,"Vidarbha Cricket Association Stadium, Jamtha",2,16.5,Australia,India,CL White,MEK Hussey,Harbhajan Singh,1,0,,,,,,,,,
416237,2009/10,2009-10-28,"Vidarbha Cricket Association Stadium, Jamtha",2,16.6,Australia,India,MEK Hussey,CL White,Harbhajan Singh,1,0,,,,,,,,,
416237,2009/10,2009-10-28,"Vidarbha Cricket Association Stadium, Jamtha",2,17.1,Australia,India,MEK Hussey,CL White,I Sharma,0,0,,,,,,,,,
416237,2009/10,2009-10-28,"Vidarbha Cricket Association Stadium, Jamtha",2,17.2,Australia,India,MEK Hussey,CL White,I Sharma,1,0,,,,,,,,,
416237,2009/10,2009-10-28,"Vidarbha Cricket Association Stadium, Jamtha",2,17.3,Australia,India,CL White,MEK Hussey,I Sharma,1,0,,,,,,,,,
416237,2009/10,2009-10-28,"Vidarbha Cricket Association Stadium, Jamtha",2,17.4,Australia,India,MEK Hussey,CL White,I Sharma,0,0,,,,,,,,,
416237,2009/10,2009-10-28,"Vidarbha Cricket Association Stadium, Jamtha",2,17.5,Australia,India,MEK Hussey,CL White,I Sharma,1,0,,,,,,,,,
416237,2009/10,2009-10-28,"Vidarbha Cricket Association Stadium, Jamtha",2,17.6,Australia,India,CL White,MEK Hussey,I Sharma,0,0,,,,,,,,,
416237,2009/10,2009-10-28,"Vidarbha Cricket Association Stadium, Jamtha",2,18.1,Australia,India,MEK Hussey,CL White,Harbhajan Singh,1,0,,,,,,,,,
416237,2009/10,2009-10-28,"Vidarbha Cricket Association Stadium, Jamtha",2,18.2,Australia,India,CL White,MEK Hussey,Harbhajan Singh,1,0,,,,,,,,,
416237,2009/10,2009-10-28,"Vidarbha Cricket Association Stadium, Jamtha",2,18.3,Australia,India,MEK Hussey,CL White,Harbhajan Singh,1,0,,,,,,,,,
416237,2009/10,2009-10-28,"Vidarbha Cricket Association Stadium, Jamtha",2,18.4,Australia,India,CL White,MEK Hussey,Harbhajan Singh,0,0,,,,,,,,,
416237,2009/10,2009-10-28,"Vidarbha Cricket Association Stadium, Jamtha",2,18.5,Australia,India,CL White,MEK Hussey,Harbhajan Singh,0,0,,,,,,,,,
416237,2009/10,2009-10-28,"Vidarbha Cricket Association Stadium, Jamtha",2,18.6,Australia,India,CL White,MEK Hussey,Harbhajan Singh,1,0,,,,,,,,,
416237,2009/10,2009-10-28,"Vidarbha Cricket Association Stadium, Jamtha",2,19.1,Australia,India,CL White,MEK Hussey,Yuvraj Singh,0,0,,,,,,,,,
416237,2009/10,2009-10-28,"Vidarbha Cricket Association Stadium, Jamtha",2,19.2,Australia,India,CL White,MEK Hussey,Yuvraj Singh,1,0,,,,,,,,,
416237,2009/10,2009-10-28,"Vidarbha Cricket Association Stadium, Jamtha",2,19.3,Australia,India,MEK Hussey,CL White,Yuvraj Singh,0,1,,,,1,,,,,
416237,2009/10,2009-10-28,"Vidarbha Cricket Association Stadium, Jamtha",2,19.4,Australia,India,CL White,MEK Hussey,Yuvraj Singh,0,0,,,,,,,,,
416237,2009/10,2009-10-28,"Vidarbha Cricket Association Stadium, Jamtha",2,19.5,Australia,India,CL White,MEK Hussey,Yuvraj Singh,0,0,,,,,,,,,
416237,2009/10,2009-10-28,"Vidarbha Cricket Association Stadium, Jamtha",2,19.6,Australia,India,CL White,MEK Hussey,Yuvraj Singh,0,0,,,,,,,,,
416237,2009/10,2009-10-28,"Vidarbha Cricket Association Stadium, Jamtha",2,20.1,Australia,India,MEK Hussey,CL White,Harbhajan Singh,1,0,,,,,,,,,
416237,2009/10,2009-10-28,"Vidarbha Cricket Association Stadium, Jamtha",2,20.2,Australia,India,CL White,MEK Hussey,Harbhajan Singh,0,0,,,,,,,,,
416237,2009/10,2009-10-28,"Vidarbha Cricket Association Stadium, Jamtha",2,20.3,Australia,India,CL White,MEK Hussey,Harbhajan Singh,0,0,,,,,,,,,
416237,2009/10,2009-10-28,"Vidarbha Cricket Association Stadium, Jamtha",2,20.4,Australia,India,CL White,MEK Hussey,Harbhajan Singh,1,0,,,,,,,,,
416237,2009/10,2009-10-28,"Vidarbha Cricket Association Stadium, Jamtha",2,20.5,Australia,India,MEK Hussey,CL White,Harbhajan Singh,1,0,,,,,,,,,
416237,2009/10,2009-10-28,"Vidarbha Cricket Association Stadium, Jamtha",2,20.6,Australia,India,CL White,MEK Hussey,Harbhajan Singh,0,0,,,,,,caught,CL White,,
416237,2009/10,2009-10-28,"Vidarbha Cricket Association Stadium, Jamtha",2,21.1,Australia,India,MEK Hussey,AC Voges,Yuvraj Singh,1,0,,,,,,,,,
416237,2009/10,2009-10-28,"Vidarbha Cricket Association Stadium, Jamtha",2,21.2,Australia,India,AC Voges,MEK Hussey,Yuvraj Singh,3,0,,,,,,,,,
416237,2009/10,2009-10-28,"Vidarbha Cricket Association Stadium, Jamtha",2,21.3,Australia,India,MEK Hussey,AC Voges,Yuvraj Singh,2,0,,,,,,,,,
416237,2009/10,2009-10-28,"Vidarbha Cricket Association Stadium, Jamtha",2,21.4,Australia,India,MEK Hussey,AC Voges,Yuvraj Singh,1,0,,,,,,,,,
416237,2009/10,2009-10-28,"Vidarbha Cricket Association Stadium, Jamtha",2,21.5,Australia,India,AC Voges,MEK Hussey,Yuvraj Singh,0,0,,,,,,,,,
416237,2009/10,2009-10-28,"Vidarbha Cricket Association Stadium, Jamtha",2,21.6,Australia,India,AC Voges,MEK Hussey,Yuvraj Singh,0,0,,,,,,,,,
416237,2009/10,2009-10-28,"Vidarbha Cricket Association Stadium, Jamtha",2,22.1,Australia,India,MEK Hussey,AC Voges,Harbhajan Singh,1,0,,,,,,,,,
416237,2009/10,2009-10-28,"Vidarbha Cricket Association Stadium, Jamtha",2,22.2,Australia,India,AC Voges,MEK Hussey,Harbhajan Singh,0,0,,,,,,,,,
416237,2009/10,2009-10-28,"Vidarbha Cricket Association Stadium, Jamtha",2,22.3,Australia,India,AC Voges,MEK Hussey,Harbhajan Singh,1,0,,,,,,,,,
416237,2009/10,2009-10-28,"Vidarbha Cricket Association Stadium, Jamtha",2,22.4,Australia,India,MEK Hussey,AC Voges,Harbhajan Singh,0,1,1,,,,,,,,
416237,2009/10,2009-10-28,"Vidarbha Cricket Association Stadium, Jamtha",2,22.5,Australia,India,MEK Hussey,AC Voges,Harbhajan Singh,0,0,,,,,,,,,
416237,2009/10,2009-10-28,"Vidarbha Cricket Association Stadium, Jamtha",2,22.6,Australia,India,MEK Hussey,AC Voges,Harbhajan Singh,1,0,,,,,,,,,
416237,2009/10,2009-10-28,"Vidarbha Cricket Association Stadium, Jamtha",2,22.7,Australia,India,AC Voges,MEK Hussey,Harbhajan Singh,2,0,,,,,,,,,
416237,2009/10,2009-10-28,"Vidarbha Cricket Association Stadium, Jamtha",2,23.1,Australia,India,MEK Hussey,AC Voges,Yuvraj Singh,2,0,,,,,,,,,
416237,2009/10,2009-10-28,"Vidarbha Cricket Association Stadium, Jamtha",2,23.2,Australia,India,MEK Hussey,AC Voges,Yuvraj Singh,0,0,,,,,,,,,
416237,2009/10,2009-10-28,"Vidarbha Cricket Association Stadium, Jamtha",2,23.3,Australia,India,MEK Hussey,AC Voges,Yuvraj Singh,1,0,,,,,,,,,
416237,2009/10,2009-10-28,"Vidarbha Cricket Association Stadium, Jamtha",2,23.4,Australia,India,AC Voges,MEK Hussey,Yuvraj Singh,1,0,,,,,,,,,
416237,2009/10,2009-10-28,"Vidarbha Cricket Association Stadium, Jamtha",2,23.5,Australia,India,MEK Hussey,AC Voges,Yuvraj Singh,1,0,,,,,,,,,
416237,2009/10,2009-10-28,"Vidarbha Cricket Association Stadium, Jamtha",2,23.6,Australia,India,AC Voges,MEK Hussey,Yuvraj Singh,1,0,,,,,,,,,
416237,2009/10,2009-10-28,"Vidarbha Cricket Association Stadium, Jamtha",2,24.1,Australia,India,AC Voges,MEK Hussey,Harbhajan Singh,0,0,,,,,,,,,
416237,2009/10,2009-10-28,"Vidarbha Cricket Association Stadium, Jamtha",2,24.2,Australia,India,AC Voges,MEK Hussey,Harbhajan Singh,0,0,,,,,,,,,
416237,2009/10,2009-10-28,"Vidarbha Cricket Association Stadium, Jamtha",2,24.3,Australia,India,AC Voges,MEK Hussey,Harbhajan Singh,2,0,,,,,,,,,
416237,2009/10,2009-10-28,"Vidarbha Cricket Association Stadium, Jamtha",2,24.4,Australia,India,AC Voges,MEK Hussey,Harbhajan Singh,0,0,,,,,,,,,
416237,2009/10,2009-10-28,"Vidarbha Cricket Association Stadium, Jamtha",2,24.5,Australia,India,AC Voges,MEK Hussey,Harbhajan Singh,0,1,1,,,,,,,,
416237,2009/10,2009-10-28,"Vidarbha Cricket Association Stadium, Jamtha",2,24.6,Australia,India,AC Voges,MEK Hussey,Harbhajan Singh,0,0,,,,,,,,,
416237,2009/10,2009-10-28,"Vidarbha Cricket Association Stadium, Jamtha",2,24.7,Australia,India,AC Voges,MEK Hussey,Harbhajan Singh,0,0,,,,,,,,,
416237,2009/10,2009-10-28,"Vidarbha Cricket Association Stadium, Jamtha",2,25.1,Australia,India,MEK Hussey,AC Voges,Yuvraj Singh,0,0,,,,,,,,,
416237,2009/10,2009-10-28,"Vidarbha Cricket Association Stadium, Jamtha",2,25.2,Australia,India,MEK Hussey,AC Voges,Yuvraj Singh,0,0,,,,,,,,,
416237,2009/10,2009-10-28,"Vidarbha Cricket Association Stadium, Jamtha",2,25.3,Australia,India,MEK Hussey,AC Voges,Yuvraj Singh,0,0,,,,,,,,,
416237,2009/10,2009-10-28,"Vidarbha Cricket Association Stadium, Jamtha",2,25.4,Australia,India,MEK Hussey,AC Voges,Yuvraj Singh,1,0,,,,,,,,,
416237,2009/10,2009-10-28,"Vidarbha Cricket Association Stadium, Jamtha",2,25.5,Australia,India,AC Voges,MEK Hussey,Yuvraj Singh,1,0,,,,,,,,,
416237,2009/10,2009-10-28,"Vidarbha Cricket Association Stadium, Jamtha",2,25.6,Australia,India,MEK Hussey,AC Voges,Yuvraj Singh,0,0,,,,,,,,,
416237,2009/10,2009-10-28,"Vidarbha Cricket Association Stadium, Jamtha",2,26.1,Australia,India,AC Voges,MEK Hussey,Harbhajan Singh,1,0,,,,,,,,,
416237,2009/10,2009-10-28,"Vidarbha Cricket Association Stadium, Jamtha",2,26.2,Australia,India,MEK Hussey,AC Voges,Harbhajan Singh,0,0,,,,,,,,,
416237,2009/10,2009-10-28,"Vidarbha Cricket Association Stadium, Jamtha",2,26.3,Australia,India,MEK Hussey,AC Voges,Harbhajan Singh,1,0,,,,,,,,,
416237,2009/10,2009-10-28,"Vidarbha Cricket Association Stadium, Jamtha",2,26.4,Australia,India,AC Voges,MEK Hussey,Harbhajan Singh,0,0,,,,,,,,,
416237,2009/10,2009-10-28,"Vidarbha Cricket Association Stadium, Jamtha",2,26.5,Australia,India,AC Voges,MEK Hussey,Harbhajan Singh,0,0,,,,,,,,,
416237,2009/10,2009-10-28,"Vidarbha Cricket Association Stadium, Jamtha",2,26.6,Australia,India,AC Voges,MEK Hussey,Harbhajan Singh,2,0,,,,,,,,,
416237,2009/10,2009-10-28,"Vidarbha Cricket Association Stadium, Jamtha",2,27.1,Australia,India,MEK Hussey,AC Voges,Yuvraj Singh,0,0,,,,,,,,,
416237,2009/10,2009-10-28,"Vidarbha Cricket Association Stadium, Jamtha",2,27.2,Australia,India,MEK Hussey,AC Voges,Yuvraj Singh,0,0,,,,,,,,,
416237,2009/10,2009-10-28,"Vidarbha Cricket Association Stadium, Jamtha",2,27.3,Australia,India,MEK Hussey,AC Voges,Yuvraj Singh,0,0,,,,,,,,,
416237,2009/10,2009-10-28,"Vidarbha Cricket Association Stadium, Jamtha",2,27.4,Australia,India,MEK Hussey,AC Voges,Yuvraj Singh,1,0,,,,,,,,,
416237,2009/10,2009-10-28,"Vidarbha Cricket Association Stadium, Jamtha",2,27.5,Australia,India,AC Voges,MEK Hussey,Yuvraj Singh,1,0,,,,,,,,,
416237,2009/10,2009-10-28,"Vidarbha Cricket Association Stadium, Jamtha",2,27.6,Australia,India,MEK Hussey,AC Voges,Yuvraj Singh,2,0,,,,,,,,,
416237,2009/10,2009-10-28,"Vidarbha Cricket Association Stadium, Jamtha",2,28.1,Australia,India,AC Voges,MEK Hussey,Harbhajan Singh,0,0,,,,,,,,,
416237,2009/10,2009-10-28,"Vidarbha Cricket Association Stadium, Jamtha",2,28.2,Australia,India,AC Voges,MEK Hussey,Harbhajan Singh,1,0,,,,,,,,,
416237,2009/10,2009-10-28,"Vidarbha Cricket Association Stadium, Jamtha",2,28.3,Australia,India,MEK Hussey,AC Voges,Harbhajan Singh,1,0,,,,,,,,,
416237,2009/10,2009-10-28,"Vidarbha Cricket Association Stadium, Jamtha",2,28.4,Australia,India,AC Voges,MEK Hussey,Harbhajan Singh,1,0,,,,,,,,,
416237,2009/10,2009-10-28,"Vidarbha Cricket Association Stadium, Jamtha",2,28.5,Australia,India,MEK Hussey,AC Voges,Harbhajan Singh,4,0,,,,,,,,,
416237,2009/10,2009-10-28,"Vidarbha Cricket Association Stadium, Jamtha",2,28.6,Australia,India,MEK Hussey,AC Voges,Harbhajan Singh,0,0,,,,,,,,,
416237,2009/10,2009-10-28,"Vidarbha Cricket Association Stadium, Jamtha",2,29.1,Australia,India,AC Voges,MEK Hussey,Yuvraj Singh,1,0,,,,,,,,,
416237,2009/10,2009-10-28,"Vidarbha Cricket Association Stadium, Jamtha",2,29.2,Australia,India,MEK Hussey,AC Voges,Yuvraj Singh,4,0,,,,,,,,,
416237,2009/10,2009-10-28,"Vidarbha Cricket Association Stadium, Jamtha",2,29.3,Australia,India,MEK Hussey,AC Voges,Yuvraj Singh,1,0,,,,,,,,,
416237,2009/10,2009-10-28,"Vidarbha Cricket Association Stadium, Jamtha",2,29.4,Australia,India,AC Voges,MEK Hussey,Yuvraj Singh,1,0,,,,,,,,,
416237,2009/10,2009-10-28,"Vidarbha Cricket Association Stadium, Jamtha",2,29.5,Australia,India,MEK Hussey,AC Voges,Yuvraj Singh,0,0,,,,,,,,,
416237,2009/10,2009-10-28,"Vidarbha Cricket Association Stadium, Jamtha",2,29.6,Australia,India,MEK Hussey,AC Voges,Yuvraj Singh,1,0,,,,,,,,,
416237,2009/10,2009-10-28,"Vidarbha Cricket Association Stadium, Jamtha",2,30.1,Australia,India,MEK Hussey,AC Voges,RA Jadeja,0,0,,,,,,,,,
416237,2009/10,2009-10-28,"Vidarbha Cricket Association Stadium, Jamtha",2,30.2,Australia,India,MEK Hussey,AC Voges,RA Jadeja,0,0,,,,,,,,,
416237,2009/10,2009-10-28,"Vidarbha Cricket Association Stadium, Jamtha",2,30.3,Australia,India,MEK Hussey,AC Voges,RA Jadeja,0,0,,,,,,bowled,MEK Hussey,,
416237,2009/10,2009-10-28,"Vidarbha Cricket Association Stadium, Jamtha",2,30.4,Australia,India,SE Marsh,AC Voges,RA Jadeja,0,0,,,,,,,,,
416237,2009/10,2009-10-28,"Vidarbha Cricket Association Stadium, Jamtha",2,30.5,Australia,India,SE Marsh,AC Voges,RA Jadeja,1,0,,,,,,,,,
416237,2009/10,2009-10-28,"Vidarbha Cricket Association Stadium, Jamtha",2,30.6,Australia,India,AC Voges,SE Marsh,RA Jadeja,0,0,,,,,,,,,
416237,2009/10,2009-10-28,"Vidarbha Cricket Association Stadium, Jamtha",2,31.1,Australia,India,SE Marsh,AC Voges,Yuvraj Singh,1,0,,,,,,,,,
416237,2009/10,2009-10-28,"Vidarbha Cricket Association Stadium, Jamtha",2,31.2,Australia,India,AC Voges,SE Marsh,Yuvraj Singh,1,0,,,,,,,,,
416237,2009/10,2009-10-28,"Vidarbha Cricket Association Stadium, Jamtha",2,31.3,Australia,India,SE Marsh,AC Voges,Yuvraj Singh,1,0,,,,,,,,,
416237,2009/10,2009-10-28,"Vidarbha Cricket Association Stadium, Jamtha",2,31.4,Australia,India,AC Voges,SE Marsh,Yuvraj Singh,1,0,,,,,,,,,
416237,2009/10,2009-10-28,"Vidarbha Cricket Association Stadium, Jamtha",2,31.5,Australia,India,SE Marsh,AC Voges,Yuvraj Singh,1,0,,,,,,,,,
416237,2009/10,2009-10-28,"Vidarbha Cricket Association Stadium, Jamtha",2,31.6,Australia,India,AC Voges,SE Marsh,Yuvraj Singh,2,0,,,,,,,,,
416237,2009/10,2009-10-28,"Vidarbha Cricket Association Stadium, Jamtha",2,32.1,Australia,India,SE Marsh,AC Voges,RA Jadeja,2,0,,,,,,,,,
416237,2009/10,2009-10-28,"Vidarbha Cricket Association Stadium, Jamtha",2,32.2,Australia,India,SE Marsh,AC Voges,RA Jadeja,1,0,,,,,,,,,
416237,2009/10,2009-10-28,"Vidarbha Cricket Association Stadium, Jamtha",2,32.3,Australia,India,AC Voges,SE Marsh,RA Jadeja,0,0,,,,,,,,,
416237,2009/10,2009-10-28,"Vidarbha Cricket Association Stadium, Jamtha",2,32.4,Australia,India,AC Voges,SE Marsh,RA Jadeja,0,0,,,,,,,,,
416237,2009/10,2009-10-28,"Vidarbha Cricket Association Stadium, Jamtha",2,32.5,Australia,India,AC Voges,SE Marsh,RA Jadeja,1,0,,,,,,,,,
416237,2009/10,2009-10-28,"Vidarbha Cricket Association Stadium, Jamtha",2,32.6,Australia,India,SE Marsh,AC Voges,RA Jadeja,0,0,,,,,,,,,
416237,2009/10,2009-10-28,"Vidarbha Cricket Association Stadium, Jamtha",2,33.1,Australia,India,AC Voges,SE Marsh,Yuvraj Singh,1,0,,,,,,,,,
416237,2009/10,2009-10-28,"Vidarbha Cricket Association Stadium, Jamtha",2,33.2,Australia,India,SE Marsh,AC Voges,Yuvraj Singh,0,0,,,,,,,,,
416237,2009/10,2009-10-28,"Vidarbha Cricket Association Stadium, Jamtha",2,33.3,Australia,India,SE Marsh,AC Voges,Yuvraj Singh,1,0,,,,,,,,,
416237,2009/10,2009-10-28,"Vidarbha Cricket Association Stadium, Jamtha",2,33.4,Australia,India,AC Voges,SE Marsh,Yuvraj Singh,1,0,,,,,,,,,
416237,2009/10,2009-10-28,"Vidarbha Cricket Association Stadium, Jamtha",2,33.5,Australia,India,SE Marsh,AC Voges,Yuvraj Singh,0,0,,,,,,,,,
416237,2009/10,2009-10-28,"Vidarbha Cricket Association Stadium, Jamtha",2,33.6,Australia,India,SE Marsh,AC Voges,Yuvraj Singh,1,0,,,,,,,,,
416237,2009/10,2009-10-28,"Vidarbha Cricket Association Stadium, Jamtha",2,34.1,Australia,India,SE Marsh,AC Voges,RA Jadeja,0,1,,,,1,,,,,
416237,2009/10,2009-10-28,"Vidarbha Cricket Association Stadium, Jamtha",2,34.2,Australia,India,AC Voges,SE Marsh,RA Jadeja,1,0,,,,,,,,,
416237,2009/10,2009-10-28,"Vidarbha Cricket Association Stadium, Jamtha",2,34.3,Australia,India,SE Marsh,AC Voges,RA Jadeja,0,1,,,,1,,,,,
416237,2009/10,2009-10-28,"Vidarbha Cricket Association Stadium, Jamtha",2,34.4,Australia,India,AC Voges,SE Marsh,RA Jadeja,1,0,,,,,,,,,
416237,2009/10,2009-10-28,"Vidarbha Cricket Association Stadium, Jamtha",2,34.5,Australia,India,SE Marsh,AC Voges,RA Jadeja,0,0,,,,,,,,,
416237,2009/10,2009-10-28,"Vidarbha Cricket Association Stadium, Jamtha",2,34.6,Australia,India,SE Marsh,AC Voges,RA Jadeja,6,0,,,,,,,,,
416237,2009/10,2009-10-28,"Vidarbha Cricket Association Stadium, Jamtha",2,35.1,Australia,India,AC Voges,SE Marsh,Harbhajan Singh,4,0,,,,,,,,,
416237,2009/10,2009-10-28,"Vidarbha Cricket Association Stadium, Jamtha",2,35.2,Australia,India,AC Voges,SE Marsh,Harbhajan Singh,0,0,,,,,,,,,
416237,2009/10,2009-10-28,"Vidarbha Cricket Association Stadium, Jamtha",2,35.3,Australia,India,AC Voges,SE Marsh,Harbhajan Singh,1,0,,,,,,,,,
416237,2009/10,2009-10-28,"Vidarbha Cricket Association Stadium, Jamtha",2,35.4,Australia,India,SE Marsh,AC Voges,Harbhajan Singh,0,1,,,,1,,,,,
416237,2009/10,2009-10-28,"Vidarbha Cricket Association Stadium, Jamtha",2,35.5,Australia,India,AC Voges,SE Marsh,Harbhajan Singh,1,0,,,,,,,,,
416237,2009/10,2009-10-28,"Vidarbha Cricket Association Stadium, Jamtha",2,35.6,Australia,India,SE Marsh,AC Voges,Harbhajan Singh,1,0,,,,,,,,,
416237,2009/10,2009-10-28,"Vidarbha Cricket Association Stadium, Jamtha",2,36.1,Australia,India,SE Marsh,AC Voges,RA Jadeja,1,0,,,,,,,,,
416237,2009/10,2009-10-28,"Vidarbha Cricket Association Stadium, Jamtha",2,36.2,Australia,India,AC Voges,SE Marsh,RA Jadeja,0,0,,,,,,,,,
416237,2009/10,2009-10-28,"Vidarbha Cricket Association Stadium, Jamtha",2,36.3,Australia,India,AC Voges,SE Marsh,RA Jadeja,1,0,,,,,,,,,
416237,2009/10,2009-10-28,"Vidarbha Cricket Association Stadium, Jamtha",2,36.4,Australia,India,SE Marsh,AC Voges,RA Jadeja,4,0,,,,,,,,,
416237,2009/10,2009-10-28,"Vidarbha Cricket Association Stadium, Jamtha",2,36.5,Australia,India,SE Marsh,AC Voges,RA Jadeja,0,0,,,,,,stumped,SE Marsh,,
416237,2009/10,2009-10-28,"Vidarbha Cricket Association Stadium, Jamtha",2,36.6,Australia,India,MG Johnson,AC Voges,RA Jadeja,1,0,,,,,,,,,
416237,2009/10,2009-10-28,"Vidarbha Cricket Association Stadium, Jamtha",2,37.1,Australia,India,MG Johnson,AC Voges,Harbhajan Singh,0,0,,,,,,,,,
416237,2009/10,2009-10-28,"Vidarbha Cricket Association Stadium, Jamtha",2,37.2,Australia,India,MG Johnson,AC Voges,Harbhajan Singh,0,0,,,,,,,,,
416237,2009/10,2009-10-28,"Vidarbha Cricket Association Stadium, Jamtha",2,37.3,Australia,India,MG Johnson,AC Voges,Harbhajan Singh,0,1,1,,,,,,,,
416237,2009/10,2009-10-28,"Vidarbha Cricket Association Stadium, Jamtha",2,37.4,Australia,India,MG Johnson,AC Voges,Harbhajan Singh,4,0,,,,,,,,,
416237,2009/10,2009-10-28,"Vidarbha Cricket Association Stadium, Jamtha",2,37.5,Australia,India,MG Johnson,AC Voges,Harbhajan Singh,0,0,,,,,,,,,
416237,2009/10,2009-10-28,"Vidarbha Cricket Association Stadium, Jamtha",2,37.6,Australia,India,MG Johnson,AC Voges,Harbhajan Singh,0,0,,,,,,,,,
416237,2009/10,2009-10-28,"Vidarbha Cricket Association Stadium, Jamtha",2,37.7,Australia,India,MG Johnson,AC Voges,Harbhajan Singh,6,0,,,,,,,,,
416237,2009/10,2009-10-28,"Vidarbha Cricket Association Stadium, Jamtha",2,38.1,Australia,India,AC Voges,MG Johnson,RA Jadeja,1,0,,,,,,,,,
416237,2009/10,2009-10-28,"Vidarbha Cricket Association Stadium, Jamtha",2,38.2,Australia,India,MG Johnson,AC Voges,RA Jadeja,1,0,,,,,,,,,
416237,2009/10,2009-10-28,"Vidarbha Cricket Association Stadium, Jamtha",2,38.3,Australia,India,AC Voges,MG Johnson,RA Jadeja,0,0,,,,,,bowled,AC Voges,,
416237,2009/10,2009-10-28,"Vidarbha Cricket Association Stadium, Jamtha",2,38.4,Australia,India,NM Hauritz,MG Johnson,RA Jadeja,1,0,,,,,,,,,
416237,2009/10,2009-10-28,"Vidarbha Cricket Association Stadium, Jamtha",2,38.5,Australia,India,MG Johnson,NM Hauritz,RA Jadeja,1,0,,,,,,,,,
416237,2009/10,2009-10-28,"Vidarbha Cricket Association Stadium, Jamtha",2,38.6,Australia,India,NM Hauritz,MG Johnson,RA Jadeja,1,0,,,,,,,,,
416237,2009/10,2009-10-28,"Vidarbha Cricket Association Stadium, Jamtha",2,39.1,Australia,India,NM Hauritz,MG Johnson,SK Raina,0,0,,,,,,,,,
416237,2009/10,2009-10-28,"Vidarbha Cricket Association Stadium, Jamtha",2,39.2,Australia,India,NM Hauritz,MG Johnson,SK Raina,0,0,,,,,,,,,
416237,2009/10,2009-10-28,"Vidarbha Cricket Association Stadium, Jamtha",2,39.3,Australia,India,NM Hauritz,MG Johnson,SK Raina,0,0,,,,,,,,,
416237,2009/10,2009-10-28,"Vidarbha Cricket Association Stadium, Jamtha",2,39.4,Australia,India,NM Hauritz,MG Johnson,SK Raina,1,0,,,,,,,,,
416237,2009/10,2009-10-28,"Vidarbha Cricket Association Stadium, Jamtha",2,39.5,Australia,India,MG Johnson,NM Hauritz,SK Raina,1,0,,,,,,,,,
416237,2009/10,2009-10-28,"Vidarbha Cricket Association Stadium, Jamtha",2,39.6,Australia,India,NM Hauritz,MG Johnson,SK Raina,1,0,,,,,,,,,
416237,2009/10,2009-10-28,"Vidarbha Cricket Association Stadium, Jamtha",2,40.1,Australia,India,NM Hauritz,MG Johnson,RA Jadeja,1,0,,,,,,,,,
416237,2009/10,2009-10-28,"Vidarbha Cricket Association Stadium, Jamtha",2,40.2,Australia,India,MG Johnson,NM Hauritz,RA Jadeja,4,0,,,,,,,,,
416237,2009/10,2009-10-28,"Vidarbha Cricket Association Stadium, Jamtha",2,40.3,Australia,India,MG Johnson,NM Hauritz,RA Jadeja,1,0,,,,,,,,,
416237,2009/10,2009-10-28,"Vidarbha Cricket Association Stadium, Jamtha",2,40.4,Australia,India,NM Hauritz,MG Johnson,RA Jadeja,0,0,,,,,,,,,
416237,2009/10,2009-10-28,"Vidarbha Cricket Association Stadium, Jamtha",2,40.5,Australia,India,NM Hauritz,MG Johnson,RA Jadeja,0,0,,,,,,,,,
416237,2009/10,2009-10-28,"Vidarbha Cricket Association Stadium, Jamtha",2,40.6,Australia,India,NM Hauritz,MG Johnson,RA Jadeja,4,0,,,,,,,,,
416237,2009/10,2009-10-28,"Vidarbha Cricket Association Stadium, Jamtha",2,41.1,Australia,India,MG Johnson,NM Hauritz,A Nehra,1,0,,,,,,,,,
416237,2009/10,2009-10-28,"Vidarbha Cricket Association Stadium, Jamtha",2,41.2,Australia,India,NM Hauritz,MG Johnson,A Nehra,4,0,,,,,,,,,
416237,2009/10,2009-10-28,"Vidarbha Cricket Association Stadium, Jamtha",2,41.3,Australia,India,NM Hauritz,MG Johnson,A Nehra,0,1,1,,,,,,,,
416237,2009/10,2009-10-28,"Vidarbha Cricket Association Stadium, Jamtha",2,41.4,Australia,India,NM Hauritz,MG Johnson,A Nehra,1,0,,,,,,,,,
416237,2009/10,2009-10-28,"Vidarbha Cricket Association Stadium, Jamtha",2,41.5,Australia,India,MG Johnson,NM Hauritz,A Nehra,0,0,,,,,,,,,
416237,2009/10,2009-10-28,"Vidarbha Cricket Association Stadium, Jamtha",2,41.6,Australia,India,MG Johnson,NM Hauritz,A Nehra,0,0,,,,,,,,,
416237,2009/10,2009-10-28,"Vidarbha Cricket Association Stadium, Jamtha",2,41.7,Australia,India,MG Johnson,NM Hauritz,A Nehra,0,0,,,,,,,,,
416237,2009/10,2009-10-28,"Vidarbha Cricket Association Stadium, Jamtha",2,42.1,Australia,India,NM Hauritz,MG Johnson,I Sharma,0,0,,,,,,,,,
416237,2009/10,2009-10-28,"Vidarbha Cricket Association Stadium, Jamtha",2,42.2,Australia,India,NM Hauritz,MG Johnson,I Sharma,1,0,,,,,,,,,
416237,2009/10,2009-10-28,"Vidarbha Cricket Association Stadium, Jamtha",2,42.3,Australia,India,MG Johnson,NM Hauritz,I Sharma,0,1,,,,1,,,,,
416237,2009/10,2009-10-28,"Vidarbha Cricket Association Stadium, Jamtha",2,42.4,Australia,India,NM Hauritz,MG Johnson,I Sharma,1,0,,,,,,,,,
416237,2009/10,2009-10-28,"Vidarbha Cricket Association Stadium, Jamtha",2,42.5,Australia,India,MG Johnson,NM Hauritz,I Sharma,1,0,,,,,,,,,
416237,2009/10,2009-10-28,"Vidarbha Cricket Association Stadium, Jamtha",2,42.6,Australia,India,NM Hauritz,MG Johnson,I Sharma,1,0,,,,,,,,,
416237,2009/10,2009-10-28,"Vidarbha Cricket Association Stadium, Jamtha",2,43.1,Australia,India,NM Hauritz,MG Johnson,A Nehra,0,0,,,,,,,,,
416237,2009/10,2009-10-28,"Vidarbha Cricket Association Stadium, Jamtha",2,43.2,Australia,India,NM Hauritz,MG Johnson,A Nehra,1,0,,,,,,,,,
416237,2009/10,2009-10-28,"Vidarbha Cricket Association Stadium, Jamtha",2,43.3,Australia,India,MG Johnson,NM Hauritz,A Nehra,0,0,,,,,,bowled,MG Johnson,,
416237,2009/10,2009-10-28,"Vidarbha Cricket Association Stadium, Jamtha",2,43.4,Australia,India,PM Siddle,NM Hauritz,A Nehra,1,0,,,,,,,,,
416237,2009/10,2009-10-28,"Vidarbha Cricket Association Stadium, Jamtha",2,43.5,Australia,India,NM Hauritz,PM Siddle,A Nehra,0,0,,,,,,,,,
416237,2009/10,2009-10-28,"Vidarbha Cricket Association Stadium, Jamtha",2,43.6,Australia,India,NM Hauritz,PM Siddle,A Nehra,4,0,,,,,,,,,
416237,2009/10,2009-10-28,"Vidarbha Cricket Association Stadium, Jamtha",2,44.1,Australia,India,PM Siddle,NM Hauritz,I Sharma,0,0,,,,,,,,,
416237,2009/10,2009-10-28,"Vidarbha Cricket Association Stadium, Jamtha",2,44.2,Australia,India,PM Siddle,NM Hauritz,I Sharma,0,0,,,,,,,,,
416237,2009/10,2009-10-28,"Vidarbha Cricket Association Stadium, Jamtha",2,44.3,Australia,India,PM Siddle,NM Hauritz,I Sharma,2,0,,,,,,,,,
416237,2009/10,2009-10-28,"Vidarbha Cricket Association Stadium, Jamtha",2,44.4,Australia,India,PM Siddle,NM Hauritz,I Sharma,0,0,,,,,,caught,PM Siddle,,
416237,2009/10,2009-10-28,"Vidarbha Cricket Association Stadium, Jamtha",2,44.5,Australia,India,BW Hilfenhaus,NM Hauritz,I Sharma,1,0,,,,,,,,,
416237,2009/10,2009-10-28,"Vidarbha Cricket Association Stadium, Jamtha",2,44.6,Australia,India,NM Hauritz,BW Hilfenhaus,I Sharma,2,0,,,,,,,,,
416237,2009/10,2009-10-28,"Vidarbha Cricket Association Stadium, Jamtha",2,45.1,Australia,India,BW Hilfenhaus,NM Hauritz,A Nehra,1,0,,,,,,,,,
416237,2009/10,2009-10-28,"Vidarbha Cricket Association Stadium, Jamtha",2,45.2,Australia,India,NM Hauritz,BW Hilfenhaus,A Nehra,1,0,,,,,,,,,
416237,2009/10,2009-10-28,"Vidarbha Cricket Association Stadium, Jamtha",2,45.3,Australia,India,BW Hilfenhaus,NM Hauritz,A Nehra,4,0,,,,,,,,,
416237,2009/10,2009-10-28,"Vidarbha Cricket Association Stadium, Jamtha",2,45.4,Australia,India,BW Hilfenhaus,NM Hauritz,A Nehra,1,0,,,,,,,,,
416237,2009/10,2009-10-28,"Vidarbha Cricket Association Stadium, Jamtha",2,45.5,Australia,India,NM Hauritz,BW Hilfenhaus,A Nehra,0,0,,,,,,,,,
416237,2009/10,2009-10-28,"Vidarbha Cricket Association Stadium, Jamtha",2,45.6,Australia,India,NM Hauritz,BW Hilfenhaus,A Nehra,1,0,,,,,,,,,
416237,2009/10,2009-10-28,"Vidarbha Cricket Association Stadium, Jamtha",2,46.1,Australia,India,NM Hauritz,BW Hilfenhaus,I Sharma,0,0,,,,,,,,,
416237,2009/10,2009-10-28,"Vidarbha Cricket Association Stadium, Jamtha",2,46.2,Australia,India,NM Hauritz,BW Hilfenhaus,I Sharma,1,0,,,,,,,,,
416237,2009/10,2009-10-28,"Vidarbha Cricket Association Stadium, Jamtha",2,46.3,Australia,India,BW Hilfenhaus,NM Hauritz,I Sharma,1,0,,,,,,,,,
416237,2009/10,2009-10-28,"Vidarbha Cricket Association Stadium, Jamtha",2,46.4,Australia,India,NM Hauritz,BW Hilfenhaus,I Sharma,2,0,,,,,,,,,
416237,2009/10,2009-10-28,"Vidarbha Cricket Association Stadium, Jamtha",2,46.5,Australia,India,NM Hauritz,BW Hilfenhaus,I Sharma,0,0,,,,,,,,,
416237,2009/10,2009-10-28,"Vidarbha Cricket Association Stadium, Jamtha",2,46.6,Australia,India,NM Hauritz,BW Hilfenhaus,I Sharma,0,1,1,,,,,,,,
416237,2009/10,2009-10-28,"Vidarbha Cricket Association Stadium, Jamtha",2,46.7,Australia,India,NM Hauritz,BW Hilfenhaus,I Sharma,0,0,,,,,,,,,
416237,2009/10,2009-10-28,"Vidarbha Cricket Association Stadium, Jamtha",2,47.1,Australia,India,BW Hilfenhaus,NM Hauritz,P Kumar,1,0,,,,,,,,,
416237,2009/10,2009-10-28,"Vidarbha Cricket Association Stadium, Jamtha",2,47.2,Australia,India,NM Hauritz,BW Hilfenhaus,P Kumar,0,0,,,,,,,,,
416237,2009/10,2009-10-28,"Vidarbha Cricket Association Stadium, Jamtha",2,47.3,Australia,India,NM Hauritz,BW Hilfenhaus,P Kumar,1,0,,,,,,,,,
416237,2009/10,2009-10-28,"Vidarbha Cricket Association Stadium, Jamtha",2,47.4,Australia,India,BW Hilfenhaus,NM Hauritz,P Kumar,4,0,,,,,,,,,
416237,2009/10,2009-10-28,"Vidarbha Cricket Association Stadium, Jamtha",2,47.5,Australia,India,BW Hilfenhaus,NM Hauritz,P Kumar,2,0,,,,,,,,,
416237,2009/10,2009-10-28,"Vidarbha Cricket Association Stadium, Jamtha",2,47.6,Australia,India,BW Hilfenhaus,NM Hauritz,P Kumar,1,0,,,,,,,,,
416237,2009/10,2009-10-28,"Vidarbha Cricket Association Stadium, Jamtha",2,48.1,Australia,India,BW Hilfenhaus,NM Hauritz,RA Jadeja,0,0,,,,,,,,,
416237,2009/10,2009-10-28,"Vidarbha Cricket Association Stadium, Jamtha",2,48.2,Australia,India,BW Hilfenhaus,NM Hauritz,RA Jadeja,0,0,,,,,,,,,
416237,2009/10,2009-10-28,"Vidarbha Cricket Association Stadium, Jamtha",2,48.3,Australia,India,BW Hilfenhaus,NM Hauritz,RA Jadeja,0,0,,,,,,run out,BW Hilfenhaus,,
