match_id,season,start_date,venue,innings,ball,batting_team,bowling_team,striker,non_striker,bowler,runs_off_bat,extras,wides,noballs,byes,legbyes,penalty,wicket_type,player_dismissed,other_wicket_type,other_player_dismissed
422627,2009/10,2009-10-29,Shere Bangla National Stadium,1,0.1,Zimbabwe,Bangladesh,H Masakadza,CJ Chibhabha,Nazmul Hossain,0,0,,,,,,,,,
422627,2009/10,2009-10-29,Shere Bangla National Stadium,1,0.2,Zimbabwe,Bangladesh,H Masakadza,CJ Chibhabha,Nazmul Hossain,0,0,,,,,,,,,
422627,2009/10,2009-10-29,Shere Bangla National Stadium,1,0.3,Zimbabwe,Bangladesh,H Masakadza,CJ Chibhabha,Nazmul Hossain,2,0,,,,,,,,,
422627,2009/10,2009-10-29,Shere Bangla National Stadium,1,0.4,Zimbabwe,Bangladesh,H Masakadza,CJ Chibhabha,Nazmul Hossain,0,0,,,,,,,,,
422627,2009/10,2009-10-29,Shere Bangla National Stadium,1,0.5,Zimbabwe,Bangladesh,H Masakadza,CJ Chibhabha,Nazmul Hossain,1,0,,,,,,,,,
422627,2009/10,2009-10-29,Shere Bangla National Stadium,1,0.6,Zimbabwe,Bangladesh,CJ Chibhabha,H Masakadza,Nazmul Hossain,0,0,,,,,,,,,
422627,2009/10,2009-10-29,Shere Bangla National Stadium,1,1.1,Zimbabwe,Bangladesh,H Masakadza,CJ Chibhabha,Dolar Mahmud,0,0,,,,,,,,,
422627,2009/10,2009-10-29,Shere Bangla National Stadium,1,1.2,Zimbabwe,Bangladesh,H Masakadza,CJ Chibhabha,Dolar Mahmud,0,0,,,,,,,,,
422627,2009/10,2009-10-29,Shere Bangla National Stadium,1,1.3,Zimbabwe,Bangladesh,H Masakadza,CJ Chibhabha,Dolar Mahmud,0,0,,,,,,,,,
422627,2009/10,2009-10-29,Shere Bangla National Stadium,1,1.4,Zimbabwe,Bangladesh,H Masakadza,CJ Chibhabha,Dolar Mahmud,0,0,,,,,,,,,
422627,2009/10,2009-10-29,Shere Bangla National Stadium,1,1.5,Zimbabwe,Bangladesh,H Masakadza,CJ Chibhabha,Dolar Mahmud,0,0,,,,,,,,,
422627,2009/10,2009-10-29,Shere Bangla National Stadium,1,1.6,Zimbabwe,Bangladesh,H Masakadza,CJ Chibhabha,Dolar Mahmud,4,0,,,,,,,,,
422627,2009/10,2009-10-29,Shere Bangla National Stadium,1,2.1,Zimbabwe,Bangladesh,CJ Chibhabha,H Masakadza,Nazmul Hossain,1,0,,,,,,,,,
422627,2009/10,2009-10-29,Shere Bangla National Stadium,1,2.2,Zimbabwe,Bangladesh,H Masakadza,CJ Chibhabha,Nazmul Hossain,0,0,,,,,,,,,
422627,2009/10,2009-10-29,Shere Bangla National Stadium,1,2.3,Zimbabwe,Bangladesh,H Masakadza,CJ Chibhabha,Nazmul Hossain,4,0,,,,,,,,,
422627,2009/10,2009-10-29,Shere Bangla National Stadium,1,2.4,Zimbabwe,Bangladesh,H Masakadza,CJ Chibhabha,Nazmul Hossain,0,0,,,,,,,,,
422627,2009/10,2009-10-29,Shere Bangla National Stadium,1,2.5,Zimbabwe,Bangladesh,H Masakadza,CJ Chibhabha,Nazmul Hossain,0,0,,,,,,,,,
422627,2009/10,2009-10-29,Shere Bangla National Stadium,1,2.6,Zimbabwe,Bangladesh,H Masakadza,CJ Chibhabha,Nazmul Hossain,4,0,,,,,,,,,
422627,2009/10,2009-10-29,Shere Bangla National Stadium,1,3.1,Zimbabwe,Bangladesh,CJ Chibhabha,H Masakadza,Dolar Mahmud,4,0,,,,,,,,,
422627,2009/10,2009-10-29,Shere Bangla National Stadium,1,3.2,Zimbabwe,Bangladesh,CJ Chibhabha,H Masakadza,Dolar Mahmud,0,0,,,,,,,,,
422627,2009/10,2009-10-29,Shere Bangla National Stadium,1,3.3,Zimbabwe,Bangladesh,CJ Chibhabha,H Masakadza,Dolar Mahmud,1,0,,,,,,,,,
422627,2009/10,2009-10-29,Shere Bangla National Stadium,1,3.4,Zimbabwe,Bangladesh,H Masakadza,CJ Chibhabha,Dolar Mahmud,4,0,,,,,,,,,
422627,2009/10,2009-10-29,Shere Bangla National Stadium,1,3.5,Zimbabwe,Bangladesh,H Masakadza,CJ Chibhabha,Dolar Mahmud,4,0,,,,,,,,,
422627,2009/10,2009-10-29,Shere Bangla National Stadium,1,3.6,Zimbabwe,Bangladesh,H Masakadza,CJ Chibhabha,Dolar Mahmud,0,0,,,,,,,,,
422627,2009/10,2009-10-29,Shere Bangla National Stadium,1,4.1,Zimbabwe,Bangladesh,CJ Chibhabha,H Masakadza,Shakib Al Hasan,0,0,,,,,,,,,
422627,2009/10,2009-10-29,Shere Bangla National Stadium,1,4.2,Zimbabwe,Bangladesh,CJ Chibhabha,H Masakadza,Shakib Al Hasan,0,0,,,,,,,,,
422627,2009/10,2009-10-29,Shere Bangla National Stadium,1,4.3,Zimbabwe,Bangladesh,CJ Chibhabha,H Masakadza,Shakib Al Hasan,0,0,,,,,,,,,
422627,2009/10,2009-10-29,Shere Bangla National Stadium,1,4.4,Zimbabwe,Bangladesh,CJ Chibhabha,H Masakadza,Shakib Al Hasan,0,0,,,,,,,,,
422627,2009/10,2009-10-29,Shere Bangla National Stadium,1,4.5,Zimbabwe,Bangladesh,CJ Chibhabha,H Masakadza,Shakib Al Hasan,0,0,,,,,,,,,
422627,2009/10,2009-10-29,Shere Bangla National Stadium,1,4.6,Zimbabwe,Bangladesh,CJ Chibhabha,H Masakadza,Shakib Al Hasan,1,0,,,,,,,,,
422627,2009/10,2009-10-29,Shere Bangla National Stadium,1,5.1,Zimbabwe,Bangladesh,CJ Chibhabha,H Masakadza,Nazmul Hossain,0,0,,,,,,,,,
422627,2009/10,2009-10-29,Shere Bangla National Stadium,1,5.2,Zimbabwe,Bangladesh,CJ Chibhabha,H Masakadza,Nazmul Hossain,4,0,,,,,,,,,
422627,2009/10,2009-10-29,Shere Bangla National Stadium,1,5.3,Zimbabwe,Bangladesh,CJ Chibhabha,H Masakadza,Nazmul Hossain,0,0,,,,,,,,,
422627,2009/10,2009-10-29,Shere Bangla National Stadium,1,5.4,Zimbabwe,Bangladesh,CJ Chibhabha,H Masakadza,Nazmul Hossain,1,0,,,,,,,,,
422627,2009/10,2009-10-29,Shere Bangla National Stadium,1,5.5,Zimbabwe,Bangladesh,H Masakadza,CJ Chibhabha,Nazmul Hossain,0,0,,,,,,,,,
422627,2009/10,2009-10-29,Shere Bangla National Stadium,1,5.6,Zimbabwe,Bangladesh,H Masakadza,CJ Chibhabha,Nazmul Hossain,0,0,,,,,,,,,
422627,2009/10,2009-10-29,Shere Bangla National Stadium,1,6.1,Zimbabwe,Bangladesh,CJ Chibhabha,H Masakadza,Naeem Islam,0,0,,,,,,,,,
422627,2009/10,2009-10-29,Shere Bangla National Stadium,1,6.2,Zimbabwe,Bangladesh,CJ Chibhabha,H Masakadza,Naeem Islam,0,0,,,,,,,,,
422627,2009/10,2009-10-29,Shere Bangla National Stadium,1,6.3,Zimbabwe,Bangladesh,CJ Chibhabha,H Masakadza,Naeem Islam,1,1,,1,,,,,,,
422627,2009/10,2009-10-29,Shere Bangla National Stadium,1,6.4,Zimbabwe,Bangladesh,H Masakadza,CJ Chibhabha,Naeem Islam,1,0,,,,,,,,,
422627,2009/10,2009-10-29,Shere Bangla National Stadium,1,6.5,Zimbabwe,Bangladesh,CJ Chibhabha,H Masakadza,Naeem Islam,0,0,,,,,,,,,
422627,2009/10,2009-10-29,Shere Bangla National Stadium,1,6.6,Zimbabwe,Bangladesh,CJ Chibhabha,H Masakadza,Naeem Islam,0,0,,,,,,,,,
422627,2009/10,2009-10-29,Shere Bangla National Stadium,1,6.7,Zimbabwe,Bangladesh,CJ Chibhabha,H Masakadza,Naeem Islam,1,0,,,,,,,,,
422627,2009/10,2009-10-29,Shere Bangla National Stadium,1,7.1,Zimbabwe,Bangladesh,CJ Chibhabha,H Masakadza,Abdur Razzak,0,0,,,,,,,,,
422627,2009/10,2009-10-29,Shere Bangla National Stadium,1,7.2,Zimbabwe,Bangladesh,CJ Chibhabha,H Masakadza,Abdur Razzak,0,0,,,,,,,,,
422627,2009/10,2009-10-29,Shere Bangla National Stadium,1,7.3,Zimbabwe,Bangladesh,CJ Chibhabha,H Masakadza,Abdur Razzak,0,0,,,,,,,,,
422627,2009/10,2009-10-29,Shere Bangla National Stadium,1,7.4,Zimbabwe,Bangladesh,CJ Chibhabha,H Masakadza,Abdur Razzak,1,0,,,,,,,,,
422627,2009/10,2009-10-29,Shere Bangla National Stadium,1,7.5,Zimbabwe,Bangladesh,H Masakadza,CJ Chibhabha,Abdur Razzak,6,0,,,,,,,,,
422627,2009/10,2009-10-29,Shere Bangla National Stadium,1,7.6,Zimbabwe,Bangladesh,H Masakadza,CJ Chibhabha,Abdur Razzak,1,0,,,,,,,,,
422627,2009/10,2009-10-29,Shere Bangla National Stadium,1,8.1,Zimbabwe,Bangladesh,H Masakadza,CJ Chibhabha,Shakib Al Hasan,0,0,,,,,,,,,
422627,2009/10,2009-10-29,Shere Bangla National Stadium,1,8.2,Zimbabwe,Bangladesh,H Masakadza,CJ Chibhabha,Shakib Al Hasan,1,0,,,,,,,,,
422627,2009/10,2009-10-29,Shere Bangla National Stadium,1,8.3,Zimbabwe,Bangladesh,CJ Chibhabha,H Masakadza,Shakib Al Hasan,0,0,,,,,,,,,
422627,2009/10,2009-10-29,Shere Bangla National Stadium,1,8.4,Zimbabwe,Bangladesh,CJ Chibhabha,H Masakadza,Shakib Al Hasan,0,0,,,,,,,,,
422627,2009/10,2009-10-29,Shere Bangla National Stadium,1,8.5,Zimbabwe,Bangladesh,CJ Chibhabha,H Masakadza,Shakib Al Hasan,0,0,,,,,,,,,
422627,2009/10,2009-10-29,Shere Bangla National Stadium,1,8.6,Zimbabwe,Bangladesh,CJ Chibhabha,H Masakadza,Shakib Al Hasan,0,0,,,,,,,,,
422627,2009/10,2009-10-29,Shere Bangla National Stadium,1,9.1,Zimbabwe,Bangladesh,H Masakadza,CJ Chibhabha,Abdur Razzak,0,0,,,,,,,,,
422627,2009/10,2009-10-29,Shere Bangla National Stadium,1,9.2,Zimbabwe,Bangladesh,H Masakadza,CJ Chibhabha,Abdur Razzak,0,0,,,,,,,,,
422627,2009/10,2009-10-29,Shere Bangla National Stadium,1,9.3,Zimbabwe,Bangladesh,H Masakadza,CJ Chibhabha,Abdur Razzak,1,0,,,,,,,,,
422627,2009/10,2009-10-29,Shere Bangla National Stadium,1,9.4,Zimbabwe,Bangladesh,CJ Chibhabha,H Masakadza,Abdur Razzak,4,0,,,,,,,,,
422627,2009/10,2009-10-29,Shere Bangla National Stadium,1,9.5,Zimbabwe,Bangladesh,CJ Chibhabha,H Masakadza,Abdur Razzak,0,0,,,,,,,,,
422627,2009/10,2009-10-29,Shere Bangla National Stadium,1,9.6,Zimbabwe,Bangladesh,CJ Chibhabha,H Masakadza,Abdur Razzak,0,0,,,,,,,,,
422627,2009/10,2009-10-29,Shere Bangla National Stadium,1,10.1,Zimbabwe,Bangladesh,H Masakadza,CJ Chibhabha,Naeem Islam,1,0,,,,,,,,,
422627,2009/10,2009-10-29,Shere Bangla National Stadium,1,10.2,Zimbabwe,Bangladesh,CJ Chibhabha,H Masakadza,Naeem Islam,0,0,,,,,,,,,
422627,2009/10,2009-10-29,Shere Bangla National Stadium,1,10.3,Zimbabwe,Bangladesh,CJ Chibhabha,H Masakadza,Naeem Islam,0,0,,,,,,,,,
422627,2009/10,2009-10-29,Shere Bangla National Stadium,1,10.4,Zimbabwe,Bangladesh,CJ Chibhabha,H Masakadza,Naeem Islam,4,0,,,,,,,,,
422627,2009/10,2009-10-29,Shere Bangla National Stadium,1,10.5,Zimbabwe,Bangladesh,CJ Chibhabha,H Masakadza,Naeem Islam,1,0,,,,,,,,,
422627,2009/10,2009-10-29,Shere Bangla National Stadium,1,10.6,Zimbabwe,Bangladesh,H Masakadza,CJ Chibhabha,Naeem Islam,0,0,,,,,,lbw,H Masakadza,,
422627,2009/10,2009-10-29,Shere Bangla National Stadium,1,11.1,Zimbabwe,Bangladesh,CJ Chibhabha,BRM Taylor,Abdur Razzak,0,0,,,,,,,,,
422627,2009/10,2009-10-29,Shere Bangla National Stadium,1,11.2,Zimbabwe,Bangladesh,CJ Chibhabha,BRM Taylor,Abdur Razzak,0,0,,,,,,,,,
422627,2009/10,2009-10-29,Shere Bangla National Stadium,1,11.3,Zimbabwe,Bangladesh,CJ Chibhabha,BRM Taylor,Abdur Razzak,0,0,,,,,,,,,
422627,2009/10,2009-10-29,Shere Bangla National Stadium,1,11.4,Zimbabwe,Bangladesh,CJ Chibhabha,BRM Taylor,Abdur Razzak,4,0,,,,,,,,,
422627,2009/10,2009-10-29,Shere Bangla National Stadium,1,11.5,Zimbabwe,Bangladesh,CJ Chibhabha,BRM Taylor,Abdur Razzak,0,0,,,,,,,,,
422627,2009/10,2009-10-29,Shere Bangla National Stadium,1,11.6,Zimbabwe,Bangladesh,CJ Chibhabha,BRM Taylor,Abdur Razzak,0,0,,,,,,,,,
422627,2009/10,2009-10-29,Shere Bangla National Stadium,1,12.1,Zimbabwe,Bangladesh,BRM Taylor,CJ Chibhabha,Naeem Islam,1,0,,,,,,,,,
422627,2009/10,2009-10-29,Shere Bangla National Stadium,1,12.2,Zimbabwe,Bangladesh,CJ Chibhabha,BRM Taylor,Naeem Islam,0,1,,,,1,,,,,
422627,2009/10,2009-10-29,Shere Bangla National Stadium,1,12.3,Zimbabwe,Bangladesh,BRM Taylor,CJ Chibhabha,Naeem Islam,1,0,,,,,,,,,
422627,2009/10,2009-10-29,Shere Bangla National Stadium,1,12.4,Zimbabwe,Bangladesh,CJ Chibhabha,BRM Taylor,Naeem Islam,1,0,,,,,,,,,
422627,2009/10,2009-10-29,Shere Bangla National Stadium,1,12.5,Zimbabwe,Bangladesh,BRM Taylor,CJ Chibhabha,Naeem Islam,0,0,,,,,,,,,
422627,2009/10,2009-10-29,Shere Bangla National Stadium,1,12.6,Zimbabwe,Bangladesh,BRM Taylor,CJ Chibhabha,Naeem Islam,1,0,,,,,,,,,
422627,2009/10,2009-10-29,Shere Bangla National Stadium,1,13.1,Zimbabwe,Bangladesh,BRM Taylor,CJ Chibhabha,Shakib Al Hasan,0,0,,,,,,,,,
422627,2009/10,2009-10-29,Shere Bangla National Stadium,1,13.2,Zimbabwe,Bangladesh,BRM Taylor,CJ Chibhabha,Shakib Al Hasan,0,0,,,,,,,,,
422627,2009/10,2009-10-29,Shere Bangla National Stadium,1,13.3,Zimbabwe,Bangladesh,BRM Taylor,CJ Chibhabha,Shakib Al Hasan,0,0,,,,,,,,,
422627,2009/10,2009-10-29,Shere Bangla National Stadium,1,13.4,Zimbabwe,Bangladesh,BRM Taylor,CJ Chibhabha,Shakib Al Hasan,0,0,,,,,,,,,
422627,2009/10,2009-10-29,Shere Bangla National Stadium,1,13.5,Zimbabwe,Bangladesh,BRM Taylor,CJ Chibhabha,Shakib Al Hasan,0,0,,,,,,,,,
422627,2009/10,2009-10-29,Shere Bangla National Stadium,1,13.6,Zimbabwe,Bangladesh,BRM Taylor,CJ Chibhabha,Shakib Al Hasan,0,0,,,,,,,,,
422627,2009/10,2009-10-29,Shere Bangla National Stadium,1,14.1,Zimbabwe,Bangladesh,CJ Chibhabha,BRM Taylor,Naeem Islam,1,0,,,,,,,,,
422627,2009/10,2009-10-29,Shere Bangla National Stadium,1,14.2,Zimbabwe,Bangladesh,BRM Taylor,CJ Chibhabha,Naeem Islam,1,0,,,,,,,,,
422627,2009/10,2009-10-29,Shere Bangla National Stadium,1,14.3,Zimbabwe,Bangladesh,CJ Chibhabha,BRM Taylor,Naeem Islam,1,0,,,,,,,,,
422627,2009/10,2009-10-29,Shere Bangla National Stadium,1,14.4,Zimbabwe,Bangladesh,BRM Taylor,CJ Chibhabha,Naeem Islam,0,0,,,,,,,,,
422627,2009/10,2009-10-29,Shere Bangla National Stadium,1,14.5,Zimbabwe,Bangladesh,BRM Taylor,CJ Chibhabha,Naeem Islam,4,0,,,,,,,,,
422627,2009/10,2009-10-29,Shere Bangla National Stadium,1,14.6,Zimbabwe,Bangladesh,BRM Taylor,CJ Chibhabha,Naeem Islam,1,0,,,,,,,,,
422627,2009/10,2009-10-29,Shere Bangla National Stadium,1,15.1,Zimbabwe,Bangladesh,BRM Taylor,CJ Chibhabha,Shakib Al Hasan,1,0,,,,,,,,,
422627,2009/10,2009-10-29,Shere Bangla National Stadium,1,15.2,Zimbabwe,Bangladesh,CJ Chibhabha,BRM Taylor,Shakib Al Hasan,0,0,,,,,,,,,
422627,2009/10,2009-10-29,Shere Bangla National Stadium,1,15.3,Zimbabwe,Bangladesh,CJ Chibhabha,BRM Taylor,Shakib Al Hasan,0,0,,,,,,,,,
422627,2009/10,2009-10-29,Shere Bangla National Stadium,1,15.4,Zimbabwe,Bangladesh,CJ Chibhabha,BRM Taylor,Shakib Al Hasan,0,0,,,,,,,,,
422627,2009/10,2009-10-29,Shere Bangla National Stadium,1,15.5,Zimbabwe,Bangladesh,CJ Chibhabha,BRM Taylor,Shakib Al Hasan,1,0,,,,,,,,,
422627,2009/10,2009-10-29,Shere Bangla National Stadium,1,15.6,Zimbabwe,Bangladesh,BRM Taylor,CJ Chibhabha,Shakib Al Hasan,1,0,,,,,,,,,
422627,2009/10,2009-10-29,Shere Bangla National Stadium,1,16.1,Zimbabwe,Bangladesh,BRM Taylor,CJ Chibhabha,Naeem Islam,1,0,,,,,,,,,
422627,2009/10,2009-10-29,Shere Bangla National Stadium,1,16.2,Zimbabwe,Bangladesh,CJ Chibhabha,BRM Taylor,Naeem Islam,1,0,,,,,,,,,
422627,2009/10,2009-10-29,Shere Bangla National Stadium,1,16.3,Zimbabwe,Bangladesh,BRM Taylor,CJ Chibhabha,Naeem Islam,1,0,,,,,,,,,
422627,2009/10,2009-10-29,Shere Bangla National Stadium,1,16.4,Zimbabwe,Bangladesh,CJ Chibhabha,BRM Taylor,Naeem Islam,0,0,,,,,,,,,
422627,2009/10,2009-10-29,Shere Bangla National Stadium,1,16.5,Zimbabwe,Bangladesh,CJ Chibhabha,BRM Taylor,Naeem Islam,0,0,,,,,,,,,
422627,2009/10,2009-10-29,Shere Bangla National Stadium,1,16.6,Zimbabwe,Bangladesh,CJ Chibhabha,BRM Taylor,Naeem Islam,1,0,,,,,,,,,
422627,2009/10,2009-10-29,Shere Bangla National Stadium,1,17.1,Zimbabwe,Bangladesh,CJ Chibhabha,BRM Taylor,Shakib Al Hasan,1,0,,,,,,,,,
422627,2009/10,2009-10-29,Shere Bangla National Stadium,1,17.2,Zimbabwe,Bangladesh,BRM Taylor,CJ Chibhabha,Shakib Al Hasan,4,0,,,,,,,,,
422627,2009/10,2009-10-29,Shere Bangla National Stadium,1,17.3,Zimbabwe,Bangladesh,BRM Taylor,CJ Chibhabha,Shakib Al Hasan,0,0,,,,,,,,,
422627,2009/10,2009-10-29,Shere Bangla National Stadium,1,17.4,Zimbabwe,Bangladesh,BRM Taylor,CJ Chibhabha,Shakib Al Hasan,0,0,,,,,,,,,
422627,2009/10,2009-10-29,Shere Bangla National Stadium,1,17.5,Zimbabwe,Bangladesh,BRM Taylor,CJ Chibhabha,Shakib Al Hasan,0,0,,,,,,,,,
422627,2009/10,2009-10-29,Shere Bangla National Stadium,1,17.6,Zimbabwe,Bangladesh,BRM Taylor,CJ Chibhabha,Shakib Al Hasan,1,0,,,,,,,,,
422627,2009/10,2009-10-29,Shere Bangla National Stadium,1,18.1,Zimbabwe,Bangladesh,BRM Taylor,CJ Chibhabha,Mahmudullah,1,0,,,,,,,,,
422627,2009/10,2009-10-29,Shere Bangla National Stadium,1,18.2,Zimbabwe,Bangladesh,CJ Chibhabha,BRM Taylor,Mahmudullah,0,0,,,,,,,,,
422627,2009/10,2009-10-29,Shere Bangla National Stadium,1,18.3,Zimbabwe,Bangladesh,CJ Chibhabha,BRM Taylor,Mahmudullah,0,0,,,,,,,,,
422627,2009/10,2009-10-29,Shere Bangla National Stadium,1,18.4,Zimbabwe,Bangladesh,CJ Chibhabha,BRM Taylor,Mahmudullah,1,0,,,,,,,,,
422627,2009/10,2009-10-29,Shere Bangla National Stadium,1,18.5,Zimbabwe,Bangladesh,BRM Taylor,CJ Chibhabha,Mahmudullah,0,0,,,,,,,,,
422627,2009/10,2009-10-29,Shere Bangla National Stadium,1,18.6,Zimbabwe,Bangladesh,BRM Taylor,CJ Chibhabha,Mahmudullah,0,0,,,,,,,,,
422627,2009/10,2009-10-29,Shere Bangla National Stadium,1,19.1,Zimbabwe,Bangladesh,CJ Chibhabha,BRM Taylor,Shakib Al Hasan,0,0,,,,,,,,,
422627,2009/10,2009-10-29,Shere Bangla National Stadium,1,19.2,Zimbabwe,Bangladesh,CJ Chibhabha,BRM Taylor,Shakib Al Hasan,0,0,,,,,,,,,
422627,2009/10,2009-10-29,Shere Bangla National Stadium,1,19.3,Zimbabwe,Bangladesh,CJ Chibhabha,BRM Taylor,Shakib Al Hasan,0,0,,,,,,,,,
422627,2009/10,2009-10-29,Shere Bangla National Stadium,1,19.4,Zimbabwe,Bangladesh,CJ Chibhabha,BRM Taylor,Shakib Al Hasan,0,0,,,,,,,,,
422627,2009/10,2009-10-29,Shere Bangla National Stadium,1,19.5,Zimbabwe,Bangladesh,CJ Chibhabha,BRM Taylor,Shakib Al Hasan,0,0,,,,,,,,,
422627,2009/10,2009-10-29,Shere Bangla National Stadium,1,19.6,Zimbabwe,Bangladesh,CJ Chibhabha,BRM Taylor,Shakib Al Hasan,1,0,,,,,,,,,
422627,2009/10,2009-10-29,Shere Bangla National Stadium,1,20.1,Zimbabwe,Bangladesh,CJ Chibhabha,BRM Taylor,Mohammad Ashraful,1,0,,,,,,,,,
422627,2009/10,2009-10-29,Shere Bangla National Stadium,1,20.2,Zimbabwe,Bangladesh,BRM Taylor,CJ Chibhabha,Mohammad Ashraful,1,0,,,,,,,,,
422627,2009/10,2009-10-29,Shere Bangla National Stadium,1,20.3,Zimbabwe,Bangladesh,CJ Chibhabha,BRM Taylor,Mohammad Ashraful,1,0,,,,,,,,,
422627,2009/10,2009-10-29,Shere Bangla National Stadium,1,20.4,Zimbabwe,Bangladesh,BRM Taylor,CJ Chibhabha,Mohammad Ashraful,1,0,,,,,,,,,
422627,2009/10,2009-10-29,Shere Bangla National Stadium,1,20.5,Zimbabwe,Bangladesh,CJ Chibhabha,BRM Taylor,Mohammad Ashraful,0,0,,,,,,stumped,CJ Chibhabha,,
422627,2009/10,2009-10-29,Shere Bangla National Stadium,1,20.6,Zimbabwe,Bangladesh,T Taibu,BRM Taylor,Mohammad Ashraful,0,0,,,,,,,,,
422627,2009/10,2009-10-29,Shere Bangla National Stadium,1,21.1,Zimbabwe,Bangladesh,BRM Taylor,T Taibu,Abdur Razzak,0,0,,,,,,bowled,BRM Taylor,,
422627,2009/10,2009-10-29,Shere Bangla National Stadium,1,21.2,Zimbabwe,Bangladesh,CK Coventry,T Taibu,Abdur Razzak,0,0,,,,,,,,,
422627,2009/10,2009-10-29,Shere Bangla National Stadium,1,21.3,Zimbabwe,Bangladesh,CK Coventry,T Taibu,Abdur Razzak,0,0,,,,,,,,,
422627,2009/10,2009-10-29,Shere Bangla National Stadium,1,21.4,Zimbabwe,Bangladesh,CK Coventry,T Taibu,Abdur Razzak,0,0,,,,,,,,,
422627,2009/10,2009-10-29,Shere Bangla National Stadium,1,21.5,Zimbabwe,Bangladesh,CK Coventry,T Taibu,Abdur Razzak,0,0,,,,,,caught,CK Coventry,,
422627,2009/10,2009-10-29,Shere Bangla National Stadium,1,21.6,Zimbabwe,Bangladesh,S Matsikenyeri,T Taibu,Abdur Razzak,1,0,,,,,,,,,
422627,2009/10,2009-10-29,Shere Bangla National Stadium,1,22.1,Zimbabwe,Bangladesh,S Matsikenyeri,T Taibu,Mahmudullah,1,0,,,,,,,,,
422627,2009/10,2009-10-29,Shere Bangla National Stadium,1,22.2,Zimbabwe,Bangladesh,T Taibu,S Matsikenyeri,Mahmudullah,0,0,,,,,,,,,
422627,2009/10,2009-10-29,Shere Bangla National Stadium,1,22.3,Zimbabwe,Bangladesh,T Taibu,S Matsikenyeri,Mahmudullah,0,0,,,,,,,,,
422627,2009/10,2009-10-29,Shere Bangla National Stadium,1,22.4,Zimbabwe,Bangladesh,T Taibu,S Matsikenyeri,Mahmudullah,4,0,,,,,,,,,
422627,2009/10,2009-10-29,Shere Bangla National Stadium,1,22.5,Zimbabwe,Bangladesh,T Taibu,S Matsikenyeri,Mahmudullah,0,0,,,,,,,,,
422627,2009/10,2009-10-29,Shere Bangla National Stadium,1,22.6,Zimbabwe,Bangladesh,T Taibu,S Matsikenyeri,Mahmudullah,0,0,,,,,,,,,
422627,2009/10,2009-10-29,Shere Bangla National Stadium,1,23.1,Zimbabwe,Bangladesh,S Matsikenyeri,T Taibu,Abdur Razzak,0,0,,,,,,,,,
422627,2009/10,2009-10-29,Shere Bangla National Stadium,1,23.2,Zimbabwe,Bangladesh,S Matsikenyeri,T Taibu,Abdur Razzak,0,0,,,,,,,,,
422627,2009/10,2009-10-29,Shere Bangla National Stadium,1,23.3,Zimbabwe,Bangladesh,S Matsikenyeri,T Taibu,Abdur Razzak,0,0,,,,,,,,,
422627,2009/10,2009-10-29,Shere Bangla National Stadium,1,23.4,Zimbabwe,Bangladesh,S Matsikenyeri,T Taibu,Abdur Razzak,1,0,,,,,,,,,
422627,2009/10,2009-10-29,Shere Bangla National Stadium,1,23.5,Zimbabwe,Bangladesh,T Taibu,S Matsikenyeri,Abdur Razzak,1,0,,,,,,,,,
422627,2009/10,2009-10-29,Shere Bangla National Stadium,1,23.6,Zimbabwe,Bangladesh,S Matsikenyeri,T Taibu,Abdur Razzak,0,0,,,,,,,,,
422627,2009/10,2009-10-29,Shere Bangla National Stadium,1,24.1,Zimbabwe,Bangladesh,T Taibu,S Matsikenyeri,Mahmudullah,6,0,,,,,,,,,
422627,2009/10,2009-10-29,Shere Bangla National Stadium,1,24.2,Zimbabwe,Bangladesh,T Taibu,S Matsikenyeri,Mahmudullah,0,0,,,,,,,,,
422627,2009/10,2009-10-29,Shere Bangla National Stadium,1,24.3,Zimbabwe,Bangladesh,T Taibu,S Matsikenyeri,Mahmudullah,1,0,,,,,,,,,
422627,2009/10,2009-10-29,Shere Bangla National Stadium,1,24.4,Zimbabwe,Bangladesh,S Matsikenyeri,T Taibu,Mahmudullah,1,0,,,,,,,,,
422627,2009/10,2009-10-29,Shere Bangla National Stadium,1,24.5,Zimbabwe,Bangladesh,T Taibu,S Matsikenyeri,Mahmudullah,1,0,,,,,,,,,
422627,2009/10,2009-10-29,Shere Bangla National Stadium,1,24.6,Zimbabwe,Bangladesh,S Matsikenyeri,T Taibu,Mahmudullah,1,0,,,,,,,,,
422627,2009/10,2009-10-29,Shere Bangla National Stadium,1,25.1,Zimbabwe,Bangladesh,S Matsikenyeri,T Taibu,Abdur Razzak,0,0,,,,,,,,,
422627,2009/10,2009-10-29,Shere Bangla National Stadium,1,25.2,Zimbabwe,Bangladesh,S Matsikenyeri,T Taibu,Abdur Razzak,0,0,,,,,,,,,
422627,2009/10,2009-10-29,Shere Bangla National Stadium,1,25.3,Zimbabwe,Bangladesh,S Matsikenyeri,T Taibu,Abdur Razzak,0,0,,,,,,,,,
422627,2009/10,2009-10-29,Shere Bangla National Stadium,1,25.4,Zimbabwe,Bangladesh,S Matsikenyeri,T Taibu,Abdur Razzak,1,0,,,,,,,,,
422627,2009/10,2009-10-29,Shere Bangla National Stadium,1,25.5,Zimbabwe,Bangladesh,T Taibu,S Matsikenyeri,Abdur Razzak,0,0,,,,,,,,,
422627,2009/10,2009-10-29,Shere Bangla National Stadium,1,25.6,Zimbabwe,Bangladesh,T Taibu,S Matsikenyeri,Abdur Razzak,0,0,,,,,,,,,
422627,2009/10,2009-10-29,Shere Bangla National Stadium,1,26.1,Zimbabwe,Bangladesh,S Matsikenyeri,T Taibu,Mohammad Ashraful,0,2,2,,,,,,,,
422627,2009/10,2009-10-29,Shere Bangla National Stadium,1,26.2,Zimbabwe,Bangladesh,T Taibu,S Matsikenyeri,Mohammad Ashraful,1,0,,,,,,,,,
422627,2009/10,2009-10-29,Shere Bangla National Stadium,1,26.3,Zimbabwe,Bangladesh,S Matsikenyeri,T Taibu,Mohammad Ashraful,1,0,,,,,,,,,
422627,2009/10,2009-10-29,Shere Bangla National Stadium,1,26.4,Zimbabwe,Bangladesh,T Taibu,S Matsikenyeri,Mohammad Ashraful,2,0,,,,,,,,,
422627,2009/10,2009-10-29,Shere Bangla National Stadium,1,26.5,Zimbabwe,Bangladesh,T Taibu,S Matsikenyeri,Mohammad Ashraful,0,0,,,,,,,,,
422627,2009/10,2009-10-29,Shere Bangla National Stadium,1,26.6,Zimbabwe,Bangladesh,T Taibu,S Matsikenyeri,Mohammad Ashraful,0,0,,,,,,,,,
422627,2009/10,2009-10-29,Shere Bangla National Stadium,1,26.7,Zimbabwe,Bangladesh,T Taibu,S Matsikenyeri,Mohammad Ashraful,0,0,,,,,,,,,
422627,2009/10,2009-10-29,Shere Bangla National Stadium,1,27.1,Zimbabwe,Bangladesh,S Matsikenyeri,T Taibu,Abdur Razzak,0,0,,,,,,,,,
422627,2009/10,2009-10-29,Shere Bangla National Stadium,1,27.2,Zimbabwe,Bangladesh,S Matsikenyeri,T Taibu,Abdur Razzak,0,0,,,,,,,,,
422627,2009/10,2009-10-29,Shere Bangla National Stadium,1,27.3,Zimbabwe,Bangladesh,S Matsikenyeri,T Taibu,Abdur Razzak,0,0,,,,,,,,,
422627,2009/10,2009-10-29,Shere Bangla National Stadium,1,27.4,Zimbabwe,Bangladesh,S Matsikenyeri,T Taibu,Abdur Razzak,4,0,,,,,,,,,
422627,2009/10,2009-10-29,Shere Bangla National Stadium,1,27.5,Zimbabwe,Bangladesh,S Matsikenyeri,T Taibu,Abdur Razzak,0,0,,,,,,,,,
422627,2009/10,2009-10-29,Shere Bangla National Stadium,1,27.6,Zimbabwe,Bangladesh,S Matsikenyeri,T Taibu,Abdur Razzak,1,0,,,,,,,,,
422627,2009/10,2009-10-29,Shere Bangla National Stadium,1,28.1,Zimbabwe,Bangladesh,S Matsikenyeri,T Taibu,Mohammad Ashraful,1,0,,,,,,,,,
422627,2009/10,2009-10-29,Shere Bangla National Stadium,1,28.2,Zimbabwe,Bangladesh,T Taibu,S Matsikenyeri,Mohammad Ashraful,0,0,,,,,,,,,
422627,2009/10,2009-10-29,Shere Bangla National Stadium,1,28.3,Zimbabwe,Bangladesh,T Taibu,S Matsikenyeri,Mohammad Ashraful,0,0,,,,,,,,,
422627,2009/10,2009-10-29,Shere Bangla National Stadium,1,28.4,Zimbabwe,Bangladesh,T Taibu,S Matsikenyeri,Mohammad Ashraful,0,0,,,,,,,,,
422627,2009/10,2009-10-29,Shere Bangla National Stadium,1,28.5,Zimbabwe,Bangladesh,T Taibu,S Matsikenyeri,Mohammad Ashraful,1,0,,,,,,,,,
422627,2009/10,2009-10-29,Shere Bangla National Stadium,1,28.6,Zimbabwe,Bangladesh,S Matsikenyeri,T Taibu,Mohammad Ashraful,0,0,,,,,,,,,
422627,2009/10,2009-10-29,Shere Bangla National Stadium,1,29.1,Zimbabwe,Bangladesh,T Taibu,S Matsikenyeri,Nazmul Hossain,0,0,,,,,,,,,
422627,2009/10,2009-10-29,Shere Bangla National Stadium,1,29.2,Zimbabwe,Bangladesh,T Taibu,S Matsikenyeri,Nazmul Hossain,1,0,,,,,,,,,
422627,2009/10,2009-10-29,Shere Bangla National Stadium,1,29.3,Zimbabwe,Bangladesh,S Matsikenyeri,T Taibu,Nazmul Hossain,1,0,,,,,,,,,
422627,2009/10,2009-10-29,Shere Bangla National Stadium,1,29.4,Zimbabwe,Bangladesh,T Taibu,S Matsikenyeri,Nazmul Hossain,0,0,,,,,,,,,
422627,2009/10,2009-10-29,Shere Bangla National Stadium,1,29.5,Zimbabwe,Bangladesh,T Taibu,S Matsikenyeri,Nazmul Hossain,0,0,,,,,,,,,
422627,2009/10,2009-10-29,Shere Bangla National Stadium,1,29.6,Zimbabwe,Bangladesh,T Taibu,S Matsikenyeri,Nazmul Hossain,0,0,,,,,,,,,
422627,2009/10,2009-10-29,Shere Bangla National Stadium,1,30.1,Zimbabwe,Bangladesh,S Matsikenyeri,T Taibu,Mohammad Ashraful,0,0,,,,,,,,,
422627,2009/10,2009-10-29,Shere Bangla National Stadium,1,30.2,Zimbabwe,Bangladesh,S Matsikenyeri,T Taibu,Mohammad Ashraful,0,0,,,,,,,,,
422627,2009/10,2009-10-29,Shere Bangla National Stadium,1,30.3,Zimbabwe,Bangladesh,S Matsikenyeri,T Taibu,Mohammad Ashraful,0,0,,,,,,,,,
422627,2009/10,2009-10-29,Shere Bangla National Stadium,1,30.4,Zimbabwe,Bangladesh,S Matsikenyeri,T Taibu,Mohammad Ashraful,0,0,,,,,,,,,
422627,2009/10,2009-10-29,Shere Bangla National Stadium,1,30.5,Zimbabwe,Bangladesh,S Matsikenyeri,T Taibu,Mohammad Ashraful,0,0,,,,,,,,,
422627,2009/10,2009-10-29,Shere Bangla National Stadium,1,30.6,Zimbabwe,Bangladesh,S Matsikenyeri,T Taibu,Mohammad Ashraful,0,0,,,,,,caught,S Matsikenyeri,,
422627,2009/10,2009-10-29,Shere Bangla National Stadium,1,31.1,Zimbabwe,Bangladesh,T Taibu,MN Waller,Nazmul Hossain,0,0,,,,,,,,,
422627,2009/10,2009-10-29,Shere Bangla National Stadium,1,31.2,Zimbabwe,Bangladesh,T Taibu,MN Waller,Nazmul Hossain,0,0,,,,,,,,,
422627,2009/10,2009-10-29,Shere Bangla National Stadium,1,31.3,Zimbabwe,Bangladesh,T Taibu,MN Waller,Nazmul Hossain,1,0,,,,,,,,,
422627,2009/10,2009-10-29,Shere Bangla National Stadium,1,31.4,Zimbabwe,Bangladesh,MN Waller,T Taibu,Nazmul Hossain,0,0,,,,,,,,,
422627,2009/10,2009-10-29,Shere Bangla National Stadium,1,31.5,Zimbabwe,Bangladesh,MN Waller,T Taibu,Nazmul Hossain,0,0,,,,,,,,,
422627,2009/10,2009-10-29,Shere Bangla National Stadium,1,31.6,Zimbabwe,Bangladesh,MN Waller,T Taibu,Nazmul Hossain,0,0,,,,,,,,,
422627,2009/10,2009-10-29,Shere Bangla National Stadium,1,32.1,Zimbabwe,Bangladesh,T Taibu,MN Waller,Mohammad Ashraful,1,0,,,,,,,,,
422627,2009/10,2009-10-29,Shere Bangla National Stadium,1,32.2,Zimbabwe,Bangladesh,MN Waller,T Taibu,Mohammad Ashraful,0,0,,,,,,,,,
422627,2009/10,2009-10-29,Shere Bangla National Stadium,1,32.3,Zimbabwe,Bangladesh,MN Waller,T Taibu,Mohammad Ashraful,1,0,,,,,,,,,
422627,2009/10,2009-10-29,Shere Bangla National Stadium,1,32.4,Zimbabwe,Bangladesh,T Taibu,MN Waller,Mohammad Ashraful,0,1,1,,,,,,,,
422627,2009/10,2009-10-29,Shere Bangla National Stadium,1,32.5,Zimbabwe,Bangladesh,T Taibu,MN Waller,Mohammad Ashraful,1,0,,,,,,,,,
422627,2009/10,2009-10-29,Shere Bangla National Stadium,1,32.6,Zimbabwe,Bangladesh,MN Waller,T Taibu,Mohammad Ashraful,0,0,,,,,,,,,
422627,2009/10,2009-10-29,Shere Bangla National Stadium,1,32.7,Zimbabwe,Bangladesh,MN Waller,T Taibu,Mohammad Ashraful,1,0,,,,,,,,,
422627,2009/10,2009-10-29,Shere Bangla National Stadium,1,33.1,Zimbabwe,Bangladesh,MN Waller,T Taibu,Nazmul Hossain,0,0,,,,,,,,,
422627,2009/10,2009-10-29,Shere Bangla National Stadium,1,33.2,Zimbabwe,Bangladesh,MN Waller,T Taibu,Nazmul Hossain,1,0,,,,,,,,,
422627,2009/10,2009-10-29,Shere Bangla National Stadium,1,33.3,Zimbabwe,Bangladesh,T Taibu,MN Waller,Nazmul Hossain,0,1,1,,,,,,,,
422627,2009/10,2009-10-29,Shere Bangla National Stadium,1,33.4,Zimbabwe,Bangladesh,T Taibu,MN Waller,Nazmul Hossain,0,0,,,,,,,,,
422627,2009/10,2009-10-29,Shere Bangla National Stadium,1,33.5,Zimbabwe,Bangladesh,T Taibu,MN Waller,Nazmul Hossain,0,0,,,,,,,,,
422627,2009/10,2009-10-29,Shere Bangla National Stadium,1,33.6,Zimbabwe,Bangladesh,T Taibu,MN Waller,Nazmul Hossain,0,0,,,,,,,,,
422627,2009/10,2009-10-29,Shere Bangla National Stadium,1,33.7,Zimbabwe,Bangladesh,T Taibu,MN Waller,Nazmul Hossain,0,0,,,,,,,,,
422627,2009/10,2009-10-29,Shere Bangla National Stadium,1,34.1,Zimbabwe,Bangladesh,MN Waller,T Taibu,Shakib Al Hasan,0,0,,,,,,,,,
422627,2009/10,2009-10-29,Shere Bangla National Stadium,1,34.2,Zimbabwe,Bangladesh,MN Waller,T Taibu,Shakib Al Hasan,2,0,,,,,,,,,
422627,2009/10,2009-10-29,Shere Bangla National Stadium,1,34.3,Zimbabwe,Bangladesh,MN Waller,T Taibu,Shakib Al Hasan,1,0,,,,,,,,,
422627,2009/10,2009-10-29,Shere Bangla National Stadium,1,34.4,Zimbabwe,Bangladesh,T Taibu,MN Waller,Shakib Al Hasan,2,0,,,,,,,,,
422627,2009/10,2009-10-29,Shere Bangla National Stadium,1,34.5,Zimbabwe,Bangladesh,T Taibu,MN Waller,Shakib Al Hasan,1,0,,,,,,,,,
422627,2009/10,2009-10-29,Shere Bangla National Stadium,1,34.6,Zimbabwe,Bangladesh,MN Waller,T Taibu,Shakib Al Hasan,0,0,,,,,,,,,
422627,2009/10,2009-10-29,Shere Bangla National Stadium,1,35.1,Zimbabwe,Bangladesh,T Taibu,MN Waller,Nazmul Hossain,2,0,,,,,,,,,
422627,2009/10,2009-10-29,Shere Bangla National Stadium,1,35.2,Zimbabwe,Bangladesh,T Taibu,MN Waller,Nazmul Hossain,0,0,,,,,,,,,
422627,2009/10,2009-10-29,Shere Bangla National Stadium,1,35.3,Zimbabwe,Bangladesh,T Taibu,MN Waller,Nazmul Hossain,1,0,,,,,,,,,
422627,2009/10,2009-10-29,Shere Bangla National Stadium,1,35.4,Zimbabwe,Bangladesh,MN Waller,T Taibu,Nazmul Hossain,0,0,,,,,,,,,
422627,2009/10,2009-10-29,Shere Bangla National Stadium,1,35.5,Zimbabwe,Bangladesh,MN Waller,T Taibu,Nazmul Hossain,4,0,,,,,,,,,
422627,2009/10,2009-10-29,Shere Bangla National Stadium,1,35.6,Zimbabwe,Bangladesh,MN Waller,T Taibu,Nazmul Hossain,4,0,,,,,,,,,
422627,2009/10,2009-10-29,Shere Bangla National Stadium,1,36.1,Zimbabwe,Bangladesh,T Taibu,MN Waller,Mohammad Ashraful,1,0,,,,,,,,,
422627,2009/10,2009-10-29,Shere Bangla National Stadium,1,36.2,Zimbabwe,Bangladesh,MN Waller,T Taibu,Mohammad Ashraful,6,0,,,,,,,,,
422627,2009/10,2009-10-29,Shere Bangla National Stadium,1,36.3,Zimbabwe,Bangladesh,MN Waller,T Taibu,Mohammad Ashraful,1,0,,,,,,,,,
422627,2009/10,2009-10-29,Shere Bangla National Stadium,1,36.4,Zimbabwe,Bangladesh,T Taibu,MN Waller,Mohammad Ashraful,1,0,,,,,,,,,
422627,2009/10,2009-10-29,Shere Bangla National Stadium,1,36.5,Zimbabwe,Bangladesh,MN Waller,T Taibu,Mohammad Ashraful,1,0,,,,,,,,,
422627,2009/10,2009-10-29,Shere Bangla National Stadium,1,36.6,Zimbabwe,Bangladesh,T Taibu,MN Waller,Mohammad Ashraful,1,0,,,,,,,,,
422627,2009/10,2009-10-29,Shere Bangla National Stadium,1,37.1,Zimbabwe,Bangladesh,T Taibu,MN Waller,Dolar Mahmud,2,0,,,,,,,,,
422627,2009/10,2009-10-29,Shere Bangla National Stadium,1,37.2,Zimbabwe,Bangladesh,T Taibu,MN Waller,Dolar Mahmud,0,0,,,,,,,,,
422627,2009/10,2009-10-29,Shere Bangla National Stadium,1,37.3,Zimbabwe,Bangladesh,T Taibu,MN Waller,Dolar Mahmud,0,0,,,,,,,,,
422627,2009/10,2009-10-29,Shere Bangla National Stadium,1,37.4,Zimbabwe,Bangladesh,T Taibu,MN Waller,Dolar Mahmud,1,0,,,,,,,,,
422627,2009/10,2009-10-29,Shere Bangla National Stadium,1,37.5,Zimbabwe,Bangladesh,MN Waller,T Taibu,Dolar Mahmud,1,0,,,,,,,,,
422627,2009/10,2009-10-29,Shere Bangla National Stadium,1,37.6,Zimbabwe,Bangladesh,T Taibu,MN Waller,Dolar Mahmud,0,0,,,,,,,,,
422627,2009/10,2009-10-29,Shere Bangla National Stadium,1,38.1,Zimbabwe,Bangladesh,MN Waller,T Taibu,Naeem Islam,0,1,,,,1,,,,,
422627,2009/10,2009-10-29,Shere Bangla National Stadium,1,38.2,Zimbabwe,Bangladesh,T Taibu,MN Waller,Naeem Islam,1,0,,,,,,,,,
422627,2009/10,2009-10-29,Shere Bangla National Stadium,1,38.3,Zimbabwe,Bangladesh,MN Waller,T Taibu,Naeem Islam,1,0,,,,,,,,,
422627,2009/10,2009-10-29,Shere Bangla National Stadium,1,38.4,Zimbabwe,Bangladesh,T Taibu,MN Waller,Naeem Islam,1,0,,,,,,,,,
422627,2009/10,2009-10-29,Shere Bangla National Stadium,1,38.5,Zimbabwe,Bangladesh,MN Waller,T Taibu,Naeem Islam,0,1,1,,,,,,,,
422627,2009/10,2009-10-29,Shere Bangla National Stadium,1,38.6,Zimbabwe,Bangladesh,MN Waller,T Taibu,Naeem Islam,0,0,,,,,,,,,
422627,2009/10,2009-10-29,Shere Bangla National Stadium,1,38.7,Zimbabwe,Bangladesh,MN Waller,T Taibu,Naeem Islam,4,0,,,,,,,,,
422627,2009/10,2009-10-29,Shere Bangla National Stadium,1,39.1,Zimbabwe,Bangladesh,T Taibu,MN Waller,Dolar Mahmud,1,0,,,,,,,,,
422627,2009/10,2009-10-29,Shere Bangla National Stadium,1,39.2,Zimbabwe,Bangladesh,MN Waller,T Taibu,Dolar Mahmud,0,0,,,,,,,,,
422627,2009/10,2009-10-29,Shere Bangla National Stadium,1,39.3,Zimbabwe,Bangladesh,MN Waller,T Taibu,Dolar Mahmud,1,0,,,,,,,,,
422627,2009/10,2009-10-29,Shere Bangla National Stadium,1,39.4,Zimbabwe,Bangladesh,T Taibu,MN Waller,Dolar Mahmud,1,0,,,,,,,,,
422627,2009/10,2009-10-29,Shere Bangla National Stadium,1,39.5,Zimbabwe,Bangladesh,MN Waller,T Taibu,Dolar Mahmud,1,0,,,,,,,,,
422627,2009/10,2009-10-29,Shere Bangla National Stadium,1,39.6,Zimbabwe,Bangladesh,T Taibu,MN Waller,Dolar Mahmud,1,0,,,,,,,,,
422627,2009/10,2009-10-29,Shere Bangla National Stadium,1,40.1,Zimbabwe,Bangladesh,T Taibu,MN Waller,Naeem Islam,0,0,,,,,,,,,
422627,2009/10,2009-10-29,Shere Bangla National Stadium,1,40.2,Zimbabwe,Bangladesh,T Taibu,MN Waller,Naeem Islam,0,0,,,,,,caught,T Taibu,,
422627,2009/10,2009-10-29,Shere Bangla National Stadium,1,40.3,Zimbabwe,Bangladesh,MN Waller,E Chigumbura,Naeem Islam,1,0,,,,,,,,,
422627,2009/10,2009-10-29,Shere Bangla National Stadium,1,40.4,Zimbabwe,Bangladesh,E Chigumbura,MN Waller,Naeem Islam,1,0,,,,,,,,,
422627,2009/10,2009-10-29,Shere Bangla National Stadium,1,40.5,Zimbabwe,Bangladesh,MN Waller,E Chigumbura,Naeem Islam,1,0,,,,,,,,,
422627,2009/10,2009-10-29,Shere Bangla National Stadium,1,40.6,Zimbabwe,Bangladesh,E Chigumbura,MN Waller,Naeem Islam,1,0,,,,,,,,,
422627,2009/10,2009-10-29,Shere Bangla National Stadium,1,41.1,Zimbabwe,Bangladesh,E Chigumbura,MN Waller,Dolar Mahmud,1,0,,,,,,,,,
422627,2009/10,2009-10-29,Shere Bangla National Stadium,1,41.2,Zimbabwe,Bangladesh,MN Waller,E Chigumbura,Dolar Mahmud,0,0,,,,,,,,,
422627,2009/10,2009-10-29,Shere Bangla National Stadium,1,41.3,Zimbabwe,Bangladesh,MN Waller,E Chigumbura,Dolar Mahmud,4,0,,,,,,,,,
422627,2009/10,2009-10-29,Shere Bangla National Stadium,1,41.4,Zimbabwe,Bangladesh,MN Waller,E Chigumbura,Dolar Mahmud,0,5,,5,,,,,,,
422627,2009/10,2009-10-29,Shere Bangla National Stadium,1,41.5,Zimbabwe,Bangladesh,MN Waller,E Chigumbura,Dolar Mahmud,1,0,,,,,,,,,
422627,2009/10,2009-10-29,Shere Bangla National Stadium,1,41.6,Zimbabwe,Bangladesh,E Chigumbura,MN Waller,Dolar Mahmud,0,0,,,,,,,,,
422627,2009/10,2009-10-29,Shere Bangla National Stadium,1,41.7,Zimbabwe,Bangladesh,E Chigumbura,MN Waller,Dolar Mahmud,0,2,,2,,,,,,,
422627,2009/10,2009-10-29,Shere Bangla National Stadium,1,41.8,Zimbabwe,Bangladesh,MN Waller,E Chigumbura,Mahmudullah,0,0,,,,,,,,,
422627,2009/10,2009-10-29,Shere Bangla National Stadium,1,42.1,Zimbabwe,Bangladesh,E Chigumbura,MN Waller,Naeem Islam,1,0,,,,,,,,,
422627,2009/10,2009-10-29,Shere Bangla National Stadium,1,42.2,Zimbabwe,Bangladesh,MN Waller,E Chigumbura,Naeem Islam,2,0,,,,,,,,,
422627,2009/10,2009-10-29,Shere Bangla National Stadium,1,42.3,Zimbabwe,Bangladesh,MN Waller,E Chigumbura,Naeem Islam,0,0,,,,,,,,,
422627,2009/10,2009-10-29,Shere Bangla National Stadium,1,42.4,Zimbabwe,Bangladesh,MN Waller,E Chigumbura,Naeem Islam,0,0,,,,,,,,,
422627,2009/10,2009-10-29,Shere Bangla National Stadium,1,42.5,Zimbabwe,Bangladesh,MN Waller,E Chigumbura,Naeem Islam,1,0,,,,,,,,,
422627,2009/10,2009-10-29,Shere Bangla National Stadium,1,42.6,Zimbabwe,Bangladesh,E Chigumbura,MN Waller,Naeem Islam,1,0,,,,,,,,,
422627,2009/10,2009-10-29,Shere Bangla National Stadium,1,43.1,Zimbabwe,Bangladesh,E Chigumbura,MN Waller,Abdur Razzak,1,0,,,,,,,,,
422627,2009/10,2009-10-29,Shere Bangla National Stadium,1,43.2,Zimbabwe,Bangladesh,MN Waller,E Chigumbura,Abdur Razzak,0,0,,,,,,bowled,MN Waller,,
422627,2009/10,2009-10-29,Shere Bangla National Stadium,1,43.3,Zimbabwe,Bangladesh,AG Cremer,E Chigumbura,Abdur Razzak,0,0,,,,,,,,,
422627,2009/10,2009-10-29,Shere Bangla National Stadium,1,43.4,Zimbabwe,Bangladesh,AG Cremer,E Chigumbura,Abdur Razzak,0,0,,,,,,,,,
422627,2009/10,2009-10-29,Shere Bangla National Stadium,1,43.5,Zimbabwe,Bangladesh,AG Cremer,E Chigumbura,Abdur Razzak,0,0,,,,,,,,,
422627,2009/10,2009-10-29,Shere Bangla National Stadium,1,43.6,Zimbabwe,Bangladesh,AG Cremer,E Chigumbura,Abdur Razzak,0,0,,,,,,,,,
422627,2009/10,2009-10-29,Shere Bangla National Stadium,1,44.1,Zimbabwe,Bangladesh,E Chigumbura,AG Cremer,Shakib Al Hasan,1,0,,,,,,,,,
422627,2009/10,2009-10-29,Shere Bangla National Stadium,1,44.2,Zimbabwe,Bangladesh,AG Cremer,E Chigumbura,Shakib Al Hasan,1,0,,,,,,,,,
422627,2009/10,2009-10-29,Shere Bangla National Stadium,1,44.3,Zimbabwe,Bangladesh,E Chigumbura,AG Cremer,Shakib Al Hasan,0,4,,,4,,,,,,
422627,2009/10,2009-10-29,Shere Bangla National Stadium,1,44.4,Zimbabwe,Bangladesh,E Chigumbura,AG Cremer,Shakib Al Hasan,1,0,,,,,,,,,
422627,2009/10,2009-10-29,Shere Bangla National Stadium,1,44.5,Zimbabwe,Bangladesh,AG Cremer,E Chigumbura,Shakib Al Hasan,1,0,,,,,,,,,
422627,2009/10,2009-10-29,Shere Bangla National Stadium,1,44.6,Zimbabwe,Bangladesh,E Chigumbura,AG Cremer,Shakib Al Hasan,0,0,,,,,,,,,
422627,2009/10,2009-10-29,Shere Bangla National Stadium,1,45.1,Zimbabwe,Bangladesh,AG Cremer,E Chigumbura,Abdur Razzak,0,0,,,,,,,,,
422627,2009/10,2009-10-29,Shere Bangla National Stadium,1,45.2,Zimbabwe,Bangladesh,AG Cremer,E Chigumbura,Abdur Razzak,0,0,,,,,,,,,
422627,2009/10,2009-10-29,Shere Bangla National Stadium,1,45.3,Zimbabwe,Bangladesh,AG Cremer,E Chigumbura,Abdur Razzak,0,0,,,,,,bowled,AG Cremer,,
422627,2009/10,2009-10-29,Shere Bangla National Stadium,1,45.4,Zimbabwe,Bangladesh,RW Price,E Chigumbura,Abdur Razzak,0,0,,,,,,,,,
422627,2009/10,2009-10-29,Shere Bangla National Stadium,1,45.5,Zimbabwe,Bangladesh,RW Price,E Chigumbura,Abdur Razzak,1,0,,,,,,,,,
422627,2009/10,2009-10-29,Shere Bangla National Stadium,1,45.6,Zimbabwe,Bangladesh,E Chigumbura,RW Price,Abdur Razzak,0,0,,,,,,,,,
422627,2009/10,2009-10-29,Shere Bangla National Stadium,1,46.1,Zimbabwe,Bangladesh,RW Price,E Chigumbura,Shakib Al Hasan,0,0,,,,,,,,,
422627,2009/10,2009-10-29,Shere Bangla National Stadium,1,46.2,Zimbabwe,Bangladesh,RW Price,E Chigumbura,Shakib Al Hasan,0,0,,,,,,,,,
422627,2009/10,2009-10-29,Shere Bangla National Stadium,1,46.3,Zimbabwe,Bangladesh,RW Price,E Chigumbura,Shakib Al Hasan,1,0,,,,,,,,,
422627,2009/10,2009-10-29,Shere Bangla National Stadium,1,46.4,Zimbabwe,Bangladesh,E Chigumbura,RW Price,Shakib Al Hasan,0,0,,,,,,caught,E Chigumbura,,
422627,2009/10,2009-10-29,Shere Bangla National Stadium,1,46.5,Zimbabwe,Bangladesh,RW Price,KM Jarvis,Shakib Al Hasan,1,0,,,,,,,,,
422627,2009/10,2009-10-29,Shere Bangla National Stadium,1,46.6,Zimbabwe,Bangladesh,KM Jarvis,RW Price,Shakib Al Hasan,0,0,,,,,,,,,
422627,2009/10,2009-10-29,Shere Bangla National Stadium,1,47.1,Zimbabwe,Bangladesh,RW Price,KM Jarvis,Abdur Razzak,1,0,,,,,,,,,
422627,2009/10,2009-10-29,Shere Bangla National Stadium,1,47.2,Zimbabwe,Bangladesh,KM Jarvis,RW Price,Abdur Razzak,0,0,,,,,,lbw,KM Jarvis,,
422627,2009/10,2009-10-29,Shere Bangla National Stadium,2,0.1,Bangladesh,Zimbabwe,Tamim Iqbal,Junaid Siddique,KM Jarvis,2,0,,,,,,,,,
422627,2009/10,2009-10-29,Shere Bangla National Stadium,2,0.2,Bangladesh,Zimbabwe,Tamim Iqbal,Junaid Siddique,KM Jarvis,0,0,,,,,,,,,
422627,2009/10,2009-10-29,Shere Bangla National Stadium,2,0.3,Bangladesh,Zimbabwe,Tamim Iqbal,Junaid Siddique,KM Jarvis,4,0,,,,,,,,,
422627,2009/10,2009-10-29,Shere Bangla National Stadium,2,0.4,Bangladesh,Zimbabwe,Tamim Iqbal,Junaid Siddique,KM Jarvis,0,0,,,,,,,,,
422627,2009/10,2009-10-29,Shere Bangla National Stadium,2,0.5,Bangladesh,Zimbabwe,Tamim Iqbal,Junaid Siddique,KM Jarvis,0,0,,,,,,,,,
422627,2009/10,2009-10-29,Shere Bangla National Stadium,2,0.6,Bangladesh,Zimbabwe,Tamim Iqbal,Junaid Siddique,KM Jarvis,4,0,,,,,,,,,
422627,2009/10,2009-10-29,Shere Bangla National Stadium,2,1.1,Bangladesh,Zimbabwe,Junaid Siddique,Tamim Iqbal,E Chigumbura,6,0,,,,,,,,,
422627,2009/10,2009-10-29,Shere Bangla National Stadium,2,1.2,Bangladesh,Zimbabwe,Junaid Siddique,Tamim Iqbal,E Chigumbura,1,0,,,,,,,,,
422627,2009/10,2009-10-29,Shere Bangla National Stadium,2,1.3,Bangladesh,Zimbabwe,Tamim Iqbal,Junaid Siddique,E Chigumbura,2,0,,,,,,,,,
422627,2009/10,2009-10-29,Shere Bangla National Stadium,2,1.4,Bangladesh,Zimbabwe,Tamim Iqbal,Junaid Siddique,E Chigumbura,0,0,,,,,,,,,
422627,2009/10,2009-10-29,Shere Bangla National Stadium,2,1.5,Bangladesh,Zimbabwe,Tamim Iqbal,Junaid Siddique,E Chigumbura,6,0,,,,,,,,,
422627,2009/10,2009-10-29,Shere Bangla National Stadium,2,1.6,Bangladesh,Zimbabwe,Tamim Iqbal,Junaid Siddique,E Chigumbura,2,0,,,,,,,,,
422627,2009/10,2009-10-29,Shere Bangla National Stadium,2,2.1,Bangladesh,Zimbabwe,Junaid Siddique,Tamim Iqbal,KM Jarvis,4,0,,,,,,,,,
422627,2009/10,2009-10-29,Shere Bangla National Stadium,2,2.2,Bangladesh,Zimbabwe,Junaid Siddique,Tamim Iqbal,KM Jarvis,0,0,,,,,,,,,
422627,2009/10,2009-10-29,Shere Bangla National Stadium,2,2.3,Bangladesh,Zimbabwe,Junaid Siddique,Tamim Iqbal,KM Jarvis,0,0,,,,,,,,,
422627,2009/10,2009-10-29,Shere Bangla National Stadium,2,2.4,Bangladesh,Zimbabwe,Junaid Siddique,Tamim Iqbal,KM Jarvis,4,0,,,,,,,,,
422627,2009/10,2009-10-29,Shere Bangla National Stadium,2,2.5,Bangladesh,Zimbabwe,Junaid Siddique,Tamim Iqbal,KM Jarvis,4,0,,,,,,,,,
422627,2009/10,2009-10-29,Shere Bangla National Stadium,2,2.6,Bangladesh,Zimbabwe,Junaid Siddique,Tamim Iqbal,KM Jarvis,4,0,,,,,,,,,
422627,2009/10,2009-10-29,Shere Bangla National Stadium,2,3.1,Bangladesh,Zimbabwe,Tamim Iqbal,Junaid Siddique,E Chigumbura,1,0,,,,,,,,,
422627,2009/10,2009-10-29,Shere Bangla National Stadium,2,3.2,Bangladesh,Zimbabwe,Junaid Siddique,Tamim Iqbal,E Chigumbura,0,0,,,,,,,,,
422627,2009/10,2009-10-29,Shere Bangla National Stadium,2,3.3,Bangladesh,Zimbabwe,Junaid Siddique,Tamim Iqbal,E Chigumbura,0,0,,,,,,,,,
422627,2009/10,2009-10-29,Shere Bangla National Stadium,2,3.4,Bangladesh,Zimbabwe,Junaid Siddique,Tamim Iqbal,E Chigumbura,0,0,,,,,,,,,
422627,2009/10,2009-10-29,Shere Bangla National Stadium,2,3.5,Bangladesh,Zimbabwe,Junaid Siddique,Tamim Iqbal,E Chigumbura,0,0,,,,,,caught and bowled,Junaid Siddique,,
422627,2009/10,2009-10-29,Shere Bangla National Stadium,2,3.6,Bangladesh,Zimbabwe,Mohammad Ashraful,Tamim Iqbal,E Chigumbura,1,0,,,,,,,,,
422627,2009/10,2009-10-29,Shere Bangla National Stadium,2,4.1,Bangladesh,Zimbabwe,Mohammad Ashraful,Tamim Iqbal,CJ Chibhabha,1,0,,,,,,,,,
422627,2009/10,2009-10-29,Shere Bangla National Stadium,2,4.2,Bangladesh,Zimbabwe,Tamim Iqbal,Mohammad Ashraful,CJ Chibhabha,0,0,,,,,,,,,
422627,2009/10,2009-10-29,Shere Bangla National Stadium,2,4.3,Bangladesh,Zimbabwe,Tamim Iqbal,Mohammad Ashraful,CJ Chibhabha,0,0,,,,,,,,,
422627,2009/10,2009-10-29,Shere Bangla National Stadium,2,4.4,Bangladesh,Zimbabwe,Tamim Iqbal,Mohammad Ashraful,CJ Chibhabha,2,0,,,,,,,,,
422627,2009/10,2009-10-29,Shere Bangla National Stadium,2,4.5,Bangladesh,Zimbabwe,Tamim Iqbal,Mohammad Ashraful,CJ Chibhabha,0,0,,,,,,,,,
422627,2009/10,2009-10-29,Shere Bangla National Stadium,2,4.6,Bangladesh,Zimbabwe,Tamim Iqbal,Mohammad Ashraful,CJ Chibhabha,1,0,,,,,,,,,
422627,2009/10,2009-10-29,Shere Bangla National Stadium,2,5.1,Bangladesh,Zimbabwe,Tamim Iqbal,Mohammad Ashraful,E Chigumbura,0,3,3,,,,,,,,
422627,2009/10,2009-10-29,Shere Bangla National Stadium,2,5.2,Bangladesh,Zimbabwe,Tamim Iqbal,Mohammad Ashraful,E Chigumbura,0,1,1,,,,,,,,
422627,2009/10,2009-10-29,Shere Bangla National Stadium,2,5.3,Bangladesh,Zimbabwe,Tamim Iqbal,Mohammad Ashraful,E Chigumbura,1,0,,,,,,,,,
422627,2009/10,2009-10-29,Shere Bangla National Stadium,2,5.4,Bangladesh,Zimbabwe,Mohammad Ashraful,Tamim Iqbal,E Chigumbura,0,0,,,,,,,,,
422627,2009/10,2009-10-29,Shere Bangla National Stadium,2,5.5,Bangladesh,Zimbabwe,Mohammad Ashraful,Tamim Iqbal,E Chigumbura,0,0,,,,,,,,,
422627,2009/10,2009-10-29,Shere Bangla National Stadium,2,5.6,Bangladesh,Zimbabwe,Mohammad Ashraful,Tamim Iqbal,E Chigumbura,1,0,,,,,,,,,
422627,2009/10,2009-10-29,Shere Bangla National Stadium,2,5.7,Bangladesh,Zimbabwe,Tamim Iqbal,Mohammad Ashraful,E Chigumbura,1,0,,,,,,,,,
422627,2009/10,2009-10-29,Shere Bangla National Stadium,2,5.8,Bangladesh,Zimbabwe,Mohammad Ashraful,Tamim Iqbal,E Chigumbura,0,0,,,,,,caught,Mohammad Ashraful,,
422627,2009/10,2009-10-29,Shere Bangla National Stadium,2,6.1,Bangladesh,Zimbabwe,Tamim Iqbal,Raqibul Hasan,CJ Chibhabha,0,0,,,,,,caught,Tamim Iqbal,,
422627,2009/10,2009-10-29,Shere Bangla National Stadium,2,6.2,Bangladesh,Zimbabwe,Raqibul Hasan,Shakib Al Hasan,CJ Chibhabha,0,0,,,,,,,,,
422627,2009/10,2009-10-29,Shere Bangla National Stadium,2,6.3,Bangladesh,Zimbabwe,Raqibul Hasan,Shakib Al Hasan,CJ Chibhabha,0,0,,,,,,,,,
422627,2009/10,2009-10-29,Shere Bangla National Stadium,2,6.4,Bangladesh,Zimbabwe,Raqibul Hasan,Shakib Al Hasan,CJ Chibhabha,0,0,,,,,,,,,
422627,2009/10,2009-10-29,Shere Bangla National Stadium,2,6.5,Bangladesh,Zimbabwe,Raqibul Hasan,Shakib Al Hasan,CJ Chibhabha,0,0,,,,,,,,,
422627,2009/10,2009-10-29,Shere Bangla National Stadium,2,6.6,Bangladesh,Zimbabwe,Raqibul Hasan,Shakib Al Hasan,CJ Chibhabha,1,0,,,,,,,,,
422627,2009/10,2009-10-29,Shere Bangla National Stadium,2,7.1,Bangladesh,Zimbabwe,Raqibul Hasan,Shakib Al Hasan,E Chigumbura,0,0,,,,,,,,,
422627,2009/10,2009-10-29,Shere Bangla National Stadium,2,7.2,Bangladesh,Zimbabwe,Raqibul Hasan,Shakib Al Hasan,E Chigumbura,0,0,,,,,,,,,
422627,2009/10,2009-10-29,Shere Bangla National Stadium,2,7.3,Bangladesh,Zimbabwe,Raqibul Hasan,Shakib Al Hasan,E Chigumbura,0,0,,,,,,,,,
422627,2009/10,2009-10-29,Shere Bangla National Stadium,2,7.4,Bangladesh,Zimbabwe,Raqibul Hasan,Shakib Al Hasan,E Chigumbura,0,0,,,,,,,,,
422627,2009/10,2009-10-29,Shere Bangla National Stadium,2,7.5,Bangladesh,Zimbabwe,Raqibul Hasan,Shakib Al Hasan,E Chigumbura,0,0,,,,,,,,,
422627,2009/10,2009-10-29,Shere Bangla National Stadium,2,7.6,Bangladesh,Zimbabwe,Raqibul Hasan,Shakib Al Hasan,E Chigumbura,0,0,,,,,,,,,
422627,2009/10,2009-10-29,Shere Bangla National Stadium,2,8.1,Bangladesh,Zimbabwe,Shakib Al Hasan,Raqibul Hasan,KM Jarvis,0,0,,,,,,,,,
422627,2009/10,2009-10-29,Shere Bangla National Stadium,2,8.2,Bangladesh,Zimbabwe,Shakib Al Hasan,Raqibul Hasan,KM Jarvis,0,1,1,,,,,,,,
422627,2009/10,2009-10-29,Shere Bangla National Stadium,2,8.3,Bangladesh,Zimbabwe,Shakib Al Hasan,Raqibul Hasan,KM Jarvis,0,0,,,,,,,,,
422627,2009/10,2009-10-29,Shere Bangla National Stadium,2,8.4,Bangladesh,Zimbabwe,Shakib Al Hasan,Raqibul Hasan,KM Jarvis,0,0,,,,,,,,,
422627,2009/10,2009-10-29,Shere Bangla National Stadium,2,8.5,Bangladesh,Zimbabwe,Shakib Al Hasan,Raqibul Hasan,KM Jarvis,4,0,,,,,,,,,
422627,2009/10,2009-10-29,Shere Bangla National Stadium,2,8.6,Bangladesh,Zimbabwe,Shakib Al Hasan,Raqibul Hasan,KM Jarvis,0,0,,,,,,,,,
422627,2009/10,2009-10-29,Shere Bangla National Stadium,2,8.7,Bangladesh,Zimbabwe,Shakib Al Hasan,Raqibul Hasan,KM Jarvis,1,0,,,,,,,,,
422627,2009/10,2009-10-29,Shere Bangla National Stadium,2,9.1,Bangladesh,Zimbabwe,Shakib Al Hasan,Raqibul Hasan,E Chigumbura,1,0,,,,,,,,,
422627,2009/10,2009-10-29,Shere Bangla National Stadium,2,9.2,Bangladesh,Zimbabwe,Raqibul Hasan,Shakib Al Hasan,E Chigumbura,0,0,,,,,,,,,
422627,2009/10,2009-10-29,Shere Bangla National Stadium,2,9.3,Bangladesh,Zimbabwe,Raqibul Hasan,Shakib Al Hasan,E Chigumbura,0,0,,,,,,,,,
422627,2009/10,2009-10-29,Shere Bangla National Stadium,2,9.4,Bangladesh,Zimbabwe,Raqibul Hasan,Shakib Al Hasan,E Chigumbura,4,0,,,,,,,,,
422627,2009/10,2009-10-29,Shere Bangla National Stadium,2,9.5,Bangladesh,Zimbabwe,Raqibul Hasan,Shakib Al Hasan,E Chigumbura,0,0,,,,,,,,,
422627,2009/10,2009-10-29,Shere Bangla National Stadium,2,9.6,Bangladesh,Zimbabwe,Raqibul Hasan,Shakib Al Hasan,E Chigumbura,0,0,,,,,,,,,
422627,2009/10,2009-10-29,Shere Bangla National Stadium,2,10.1,Bangladesh,Zimbabwe,Shakib Al Hasan,Raqibul Hasan,KM Jarvis,4,0,,,,,,,,,
422627,2009/10,2009-10-29,Shere Bangla National Stadium,2,10.2,Bangladesh,Zimbabwe,Shakib Al Hasan,Raqibul Hasan,KM Jarvis,6,0,,,,,,,,,
422627,2009/10,2009-10-29,Shere Bangla National Stadium,2,10.3,Bangladesh,Zimbabwe,Shakib Al Hasan,Raqibul Hasan,KM Jarvis,0,4,,,4,,,,,,
422627,2009/10,2009-10-29,Shere Bangla National Stadium,2,10.4,Bangladesh,Zimbabwe,Shakib Al Hasan,Raqibul Hasan,KM Jarvis,0,0,,,,,,,,,
422627,2009/10,2009-10-29,Shere Bangla National Stadium,2,10.5,Bangladesh,Zimbabwe,Shakib Al Hasan,Raqibul Hasan,KM Jarvis,0,0,,,,,,,,,
422627,2009/10,2009-10-29,Shere Bangla National Stadium,2,10.6,Bangladesh,Zimbabwe,Shakib Al Hasan,Raqibul Hasan,KM Jarvis,0,0,,,,,,,,,
422627,2009/10,2009-10-29,Shere Bangla National Stadium,2,11.1,Bangladesh,Zimbabwe,Raqibul Hasan,Shakib Al Hasan,E Chigumbura,1,0,,,,,,,,,
422627,2009/10,2009-10-29,Shere Bangla National Stadium,2,11.2,Bangladesh,Zimbabwe,Shakib Al Hasan,Raqibul Hasan,E Chigumbura,1,0,,,,,,,,,
422627,2009/10,2009-10-29,Shere Bangla National Stadium,2,11.3,Bangladesh,Zimbabwe,Raqibul Hasan,Shakib Al Hasan,E Chigumbura,0,0,,,,,,,,,
422627,2009/10,2009-10-29,Shere Bangla National Stadium,2,11.4,Bangladesh,Zimbabwe,Raqibul Hasan,Shakib Al Hasan,E Chigumbura,0,0,,,,,,,,,
422627,2009/10,2009-10-29,Shere Bangla National Stadium,2,11.5,Bangladesh,Zimbabwe,Raqibul Hasan,Shakib Al Hasan,E Chigumbura,4,0,,,,,,,,,
422627,2009/10,2009-10-29,Shere Bangla National Stadium,2,11.6,Bangladesh,Zimbabwe,Raqibul Hasan,Shakib Al Hasan,E Chigumbura,1,0,,,,,,,,,
422627,2009/10,2009-10-29,Shere Bangla National Stadium,2,12.1,Bangladesh,Zimbabwe,Raqibul Hasan,Shakib Al Hasan,KM Jarvis,1,0,,,,,,,,,
422627,2009/10,2009-10-29,Shere Bangla National Stadium,2,12.2,Bangladesh,Zimbabwe,Shakib Al Hasan,Raqibul Hasan,KM Jarvis,0,0,,,,,,,,,
422627,2009/10,2009-10-29,Shere Bangla National Stadium,2,12.3,Bangladesh,Zimbabwe,Shakib Al Hasan,Raqibul Hasan,KM Jarvis,0,1,,1,,,,,,,
422627,2009/10,2009-10-29,Shere Bangla National Stadium,2,12.4,Bangladesh,Zimbabwe,Shakib Al Hasan,Raqibul Hasan,KM Jarvis,0,0,,,,,,,,,
422627,2009/10,2009-10-29,Shere Bangla National Stadium,2,12.5,Bangladesh,Zimbabwe,Shakib Al Hasan,Raqibul Hasan,KM Jarvis,4,0,,,,,,,,,
422627,2009/10,2009-10-29,Shere Bangla National Stadium,2,12.6,Bangladesh,Zimbabwe,Shakib Al Hasan,Raqibul Hasan,KM Jarvis,0,0,,,,,,,,,
422627,2009/10,2009-10-29,Shere Bangla National Stadium,2,12.7,Bangladesh,Zimbabwe,Shakib Al Hasan,Raqibul Hasan,KM Jarvis,0,0,,,,,,,,,
422627,2009/10,2009-10-29,Shere Bangla National Stadium,2,13.1,Bangladesh,Zimbabwe,Raqibul Hasan,Shakib Al Hasan,CJ Chibhabha,1,0,,,,,,,,,
422627,2009/10,2009-10-29,Shere Bangla National Stadium,2,13.2,Bangladesh,Zimbabwe,Shakib Al Hasan,Raqibul Hasan,CJ Chibhabha,0,0,,,,,,,,,
422627,2009/10,2009-10-29,Shere Bangla National Stadium,2,13.3,Bangladesh,Zimbabwe,Shakib Al Hasan,Raqibul Hasan,CJ Chibhabha,0,0,,,,,,,,,
422627,2009/10,2009-10-29,Shere Bangla National Stadium,2,13.4,Bangladesh,Zimbabwe,Shakib Al Hasan,Raqibul Hasan,CJ Chibhabha,1,0,,,,,,,,,
422627,2009/10,2009-10-29,Shere Bangla National Stadium,2,13.5,Bangladesh,Zimbabwe,Raqibul Hasan,Shakib Al Hasan,CJ Chibhabha,0,0,,,,,,,,,
422627,2009/10,2009-10-29,Shere Bangla National Stadium,2,13.6,Bangladesh,Zimbabwe,Raqibul Hasan,Shakib Al Hasan,CJ Chibhabha,4,0,,,,,,,,,
422627,2009/10,2009-10-29,Shere Bangla National Stadium,2,14.1,Bangladesh,Zimbabwe,Shakib Al Hasan,Raqibul Hasan,RW Price,1,0,,,,,,,,,
422627,2009/10,2009-10-29,Shere Bangla National Stadium,2,14.2,Bangladesh,Zimbabwe,Raqibul Hasan,Shakib Al Hasan,RW Price,0,0,,,,,,,,,
422627,2009/10,2009-10-29,Shere Bangla National Stadium,2,14.3,Bangladesh,Zimbabwe,Raqibul Hasan,Shakib Al Hasan,RW Price,1,0,,,,,,,,,
422627,2009/10,2009-10-29,Shere Bangla National Stadium,2,14.4,Bangladesh,Zimbabwe,Shakib Al Hasan,Raqibul Hasan,RW Price,0,0,,,,,,,,,
422627,2009/10,2009-10-29,Shere Bangla National Stadium,2,14.5,Bangladesh,Zimbabwe,Shakib Al Hasan,Raqibul Hasan,RW Price,1,0,,,,,,,,,
422627,2009/10,2009-10-29,Shere Bangla National Stadium,2,14.6,Bangladesh,Zimbabwe,Raqibul Hasan,Shakib Al Hasan,RW Price,0,0,,,,,,,,,
422627,2009/10,2009-10-29,Shere Bangla National Stadium,2,15.1,Bangladesh,Zimbabwe,Shakib Al Hasan,Raqibul Hasan,CJ Chibhabha,4,0,,,,,,,,,
422627,2009/10,2009-10-29,Shere Bangla National Stadium,2,15.2,Bangladesh,Zimbabwe,Shakib Al Hasan,Raqibul Hasan,CJ Chibhabha,0,0,,,,,,,,,
422627,2009/10,2009-10-29,Shere Bangla National Stadium,2,15.3,Bangladesh,Zimbabwe,Shakib Al Hasan,Raqibul Hasan,CJ Chibhabha,1,0,,,,,,,,,
422627,2009/10,2009-10-29,Shere Bangla National Stadium,2,15.4,Bangladesh,Zimbabwe,Raqibul Hasan,Shakib Al Hasan,CJ Chibhabha,2,0,,,,,,,,,
422627,2009/10,2009-10-29,Shere Bangla National Stadium,2,15.5,Bangladesh,Zimbabwe,Raqibul Hasan,Shakib Al Hasan,CJ Chibhabha,0,0,,,,,,,,,
422627,2009/10,2009-10-29,Shere Bangla National Stadium,2,15.6,Bangladesh,Zimbabwe,Raqibul Hasan,Shakib Al Hasan,CJ Chibhabha,1,0,,,,,,,,,
422627,2009/10,2009-10-29,Shere Bangla National Stadium,2,16.1,Bangladesh,Zimbabwe,Raqibul Hasan,Shakib Al Hasan,RW Price,0,0,,,,,,,,,
422627,2009/10,2009-10-29,Shere Bangla National Stadium,2,16.2,Bangladesh,Zimbabwe,Raqibul Hasan,Shakib Al Hasan,RW Price,4,0,,,,,,,,,
422627,2009/10,2009-10-29,Shere Bangla National Stadium,2,16.3,Bangladesh,Zimbabwe,Raqibul Hasan,Shakib Al Hasan,RW Price,0,1,1,,,,,,,,
422627,2009/10,2009-10-29,Shere Bangla National Stadium,2,16.4,Bangladesh,Zimbabwe,Raqibul Hasan,Shakib Al Hasan,RW Price,1,0,,,,,,,,,
422627,2009/10,2009-10-29,Shere Bangla National Stadium,2,16.5,Bangladesh,Zimbabwe,Shakib Al Hasan,Raqibul Hasan,RW Price,0,0,,,,,,,,,
422627,2009/10,2009-10-29,Shere Bangla National Stadium,2,16.6,Bangladesh,Zimbabwe,Shakib Al Hasan,Raqibul Hasan,RW Price,0,0,,,,,,,,,
422627,2009/10,2009-10-29,Shere Bangla National Stadium,2,16.7,Bangladesh,Zimbabwe,Shakib Al Hasan,Raqibul Hasan,RW Price,1,0,,,,,,,,,
422627,2009/10,2009-10-29,Shere Bangla National Stadium,2,17.1,Bangladesh,Zimbabwe,Shakib Al Hasan,Raqibul Hasan,CJ Chibhabha,0,0,,,,,,,,,
422627,2009/10,2009-10-29,Shere Bangla National Stadium,2,17.2,Bangladesh,Zimbabwe,Shakib Al Hasan,Raqibul Hasan,CJ Chibhabha,2,0,,,,,,,,,
422627,2009/10,2009-10-29,Shere Bangla National Stadium,2,17.3,Bangladesh,Zimbabwe,Shakib Al Hasan,Raqibul Hasan,CJ Chibhabha,1,0,,,,,,,,,
422627,2009/10,2009-10-29,Shere Bangla National Stadium,2,17.4,Bangladesh,Zimbabwe,Raqibul Hasan,Shakib Al Hasan,CJ Chibhabha,0,0,,,,,,,,,
422627,2009/10,2009-10-29,Shere Bangla National Stadium,2,17.5,Bangladesh,Zimbabwe,Raqibul Hasan,Shakib Al Hasan,CJ Chibhabha,0,0,,,,,,,,,
422627,2009/10,2009-10-29,Shere Bangla National Stadium,2,17.6,Bangladesh,Zimbabwe,Raqibul Hasan,Shakib Al Hasan,CJ Chibhabha,0,0,,,,,,,,,
422627,2009/10,2009-10-29,Shere Bangla National Stadium,2,18.1,Bangladesh,Zimbabwe,Shakib Al Hasan,Raqibul Hasan,AG Cremer,4,0,,,,,,,,,
422627,2009/10,2009-10-29,Shere Bangla National Stadium,2,18.2,Bangladesh,Zimbabwe,Shakib Al Hasan,Raqibul Hasan,AG Cremer,1,0,,,,,,,,,
422627,2009/10,2009-10-29,Shere Bangla National Stadium,2,18.3,Bangladesh,Zimbabwe,Raqibul Hasan,Shakib Al Hasan,AG Cremer,0,0,,,,,,,,,
422627,2009/10,2009-10-29,Shere Bangla National Stadium,2,18.4,Bangladesh,Zimbabwe,Raqibul Hasan,Shakib Al Hasan,AG Cremer,0,0,,,,,,,,,
422627,2009/10,2009-10-29,Shere Bangla National Stadium,2,18.5,Bangladesh,Zimbabwe,Raqibul Hasan,Shakib Al Hasan,AG Cremer,1,0,,,,,,,,,
422627,2009/10,2009-10-29,Shere Bangla National Stadium,2,18.6,Bangladesh,Zimbabwe,Shakib Al Hasan,Raqibul Hasan,AG Cremer,0,0,,,,,,,,,
422627,2009/10,2009-10-29,Shere Bangla National Stadium,2,19.1,Bangladesh,Zimbabwe,Raqibul Hasan,Shakib Al Hasan,CJ Chibhabha,0,0,,,,,,,,,
422627,2009/10,2009-10-29,Shere Bangla National Stadium,2,19.2,Bangladesh,Zimbabwe,Raqibul Hasan,Shakib Al Hasan,CJ Chibhabha,0,0,,,,,,,,,
422627,2009/10,2009-10-29,Shere Bangla National Stadium,2,19.3,Bangladesh,Zimbabwe,Raqibul Hasan,Shakib Al Hasan,CJ Chibhabha,0,0,,,,,,,,,
422627,2009/10,2009-10-29,Shere Bangla National Stadium,2,19.4,Bangladesh,Zimbabwe,Raqibul Hasan,Shakib Al Hasan,CJ Chibhabha,1,0,,,,,,,,,
422627,2009/10,2009-10-29,Shere Bangla National Stadium,2,19.5,Bangladesh,Zimbabwe,Shakib Al Hasan,Raqibul Hasan,CJ Chibhabha,1,0,,,,,,,,,
422627,2009/10,2009-10-29,Shere Bangla National Stadium,2,19.6,Bangladesh,Zimbabwe,Raqibul Hasan,Shakib Al Hasan,CJ Chibhabha,0,0,,,,,,,,,
422627,2009/10,2009-10-29,Shere Bangla National Stadium,2,20.1,Bangladesh,Zimbabwe,Shakib Al Hasan,Raqibul Hasan,AG Cremer,1,0,,,,,,,,,
422627,2009/10,2009-10-29,Shere Bangla National Stadium,2,20.2,Bangladesh,Zimbabwe,Raqibul Hasan,Shakib Al Hasan,AG Cremer,2,0,,,,,,,,,
422627,2009/10,2009-10-29,Shere Bangla National Stadium,2,20.3,Bangladesh,Zimbabwe,Raqibul Hasan,Shakib Al Hasan,AG Cremer,0,0,,,,,,,,,
422627,2009/10,2009-10-29,Shere Bangla National Stadium,2,20.4,Bangladesh,Zimbabwe,Raqibul Hasan,Shakib Al Hasan,AG Cremer,0,0,,,,,,,,,
422627,2009/10,2009-10-29,Shere Bangla National Stadium,2,20.5,Bangladesh,Zimbabwe,Raqibul Hasan,Shakib Al Hasan,AG Cremer,0,0,,,,,,,,,
422627,2009/10,2009-10-29,Shere Bangla National Stadium,2,20.6,Bangladesh,Zimbabwe,Raqibul Hasan,Shakib Al Hasan,AG Cremer,0,0,,,,,,,,,
422627,2009/10,2009-10-29,Shere Bangla National Stadium,2,21.1,Bangladesh,Zimbabwe,Shakib Al Hasan,Raqibul Hasan,RW Price,1,0,,,,,,,,,
422627,2009/10,2009-10-29,Shere Bangla National Stadium,2,21.2,Bangladesh,Zimbabwe,Raqibul Hasan,Shakib Al Hasan,RW Price,0,0,,,,,,,,,
422627,2009/10,2009-10-29,Shere Bangla National Stadium,2,21.3,Bangladesh,Zimbabwe,Raqibul Hasan,Shakib Al Hasan,RW Price,0,0,,,,,,,,,
422627,2009/10,2009-10-29,Shere Bangla National Stadium,2,21.4,Bangladesh,Zimbabwe,Raqibul Hasan,Shakib Al Hasan,RW Price,0,1,1,,,,,,,,
422627,2009/10,2009-10-29,Shere Bangla National Stadium,2,21.5,Bangladesh,Zimbabwe,Raqibul Hasan,Shakib Al Hasan,RW Price,1,0,,,,,,,,,
422627,2009/10,2009-10-29,Shere Bangla National Stadium,2,21.6,Bangladesh,Zimbabwe,Shakib Al Hasan,Raqibul Hasan,RW Price,1,0,,,,,,,,,
422627,2009/10,2009-10-29,Shere Bangla National Stadium,2,21.7,Bangladesh,Zimbabwe,Raqibul Hasan,Shakib Al Hasan,RW Price,0,5,5,,,,,,,,
422627,2009/10,2009-10-29,Shere Bangla National Stadium,2,21.8,Bangladesh,Zimbabwe,Raqibul Hasan,Shakib Al Hasan,RW Price,0,0,,,,,,,,,
422627,2009/10,2009-10-29,Shere Bangla National Stadium,2,22.1,Bangladesh,Zimbabwe,Shakib Al Hasan,Raqibul Hasan,AG Cremer,4,0,,,,,,,,,
422627,2009/10,2009-10-29,Shere Bangla National Stadium,2,22.2,Bangladesh,Zimbabwe,Shakib Al Hasan,Raqibul Hasan,AG Cremer,4,1,,1,,,,,,,
422627,2009/10,2009-10-29,Shere Bangla National Stadium,2,22.3,Bangladesh,Zimbabwe,Shakib Al Hasan,Raqibul Hasan,AG Cremer,4,0,,,,,,,,,
422627,2009/10,2009-10-29,Shere Bangla National Stadium,2,22.4,Bangladesh,Zimbabwe,Shakib Al Hasan,Raqibul Hasan,AG Cremer,1,0,,,,,,,,,
422627,2009/10,2009-10-29,Shere Bangla National Stadium,2,22.5,Bangladesh,Zimbabwe,Raqibul Hasan,Shakib Al Hasan,AG Cremer,0,0,,,,,,,,,
422627,2009/10,2009-10-29,Shere Bangla National Stadium,2,22.6,Bangladesh,Zimbabwe,Raqibul Hasan,Shakib Al Hasan,AG Cremer,0,1,1,,,,,,,,
422627,2009/10,2009-10-29,Shere Bangla National Stadium,2,22.7,Bangladesh,Zimbabwe,Raqibul Hasan,Shakib Al Hasan,AG Cremer,1,0,,,,,,,,,
422627,2009/10,2009-10-29,Shere Bangla National Stadium,2,22.8,Bangladesh,Zimbabwe,Shakib Al Hasan,Raqibul Hasan,AG Cremer,1,0,,,,,,,,,
422627,2009/10,2009-10-29,Shere Bangla National Stadium,2,23.1,Bangladesh,Zimbabwe,Shakib Al Hasan,Raqibul Hasan,RW Price,1,0,,,,,,,,,
422627,2009/10,2009-10-29,Shere Bangla National Stadium,2,23.2,Bangladesh,Zimbabwe,Raqibul Hasan,Shakib Al Hasan,RW Price,0,0,,,,,,,,,
422627,2009/10,2009-10-29,Shere Bangla National Stadium,2,23.3,Bangladesh,Zimbabwe,Raqibul Hasan,Shakib Al Hasan,RW Price,1,0,,,,,,,,,
422627,2009/10,2009-10-29,Shere Bangla National Stadium,2,23.4,Bangladesh,Zimbabwe,Shakib Al Hasan,Raqibul Hasan,RW Price,4,0,,,,,,,,,
422627,2009/10,2009-10-29,Shere Bangla National Stadium,2,23.5,Bangladesh,Zimbabwe,Shakib Al Hasan,Raqibul Hasan,RW Price,6,0,,,,,,,,,
422627,2009/10,2009-10-29,Shere Bangla National Stadium,2,23.6,Bangladesh,Zimbabwe,Shakib Al Hasan,Raqibul Hasan,RW Price,4,0,,,,,,,,,
422627,2009/10,2009-10-29,Shere Bangla National Stadium,2,24.1,Bangladesh,Zimbabwe,Raqibul Hasan,Shakib Al Hasan,E Chigumbura,0,0,,,,,,,,,
422627,2009/10,2009-10-29,Shere Bangla National Stadium,2,24.2,Bangladesh,Zimbabwe,Raqibul Hasan,Shakib Al Hasan,E Chigumbura,0,0,,,,,,,,,
422627,2009/10,2009-10-29,Shere Bangla National Stadium,2,24.3,Bangladesh,Zimbabwe,Raqibul Hasan,Shakib Al Hasan,E Chigumbura,0,0,,,,,,,,,
422627,2009/10,2009-10-29,Shere Bangla National Stadium,2,24.4,Bangladesh,Zimbabwe,Raqibul Hasan,Shakib Al Hasan,E Chigumbura,0,0,,,,,,,,,
422627,2009/10,2009-10-29,Shere Bangla National Stadium,2,24.5,Bangladesh,Zimbabwe,Raqibul Hasan,Shakib Al Hasan,E Chigumbura,0,1,1,,,,,,,,
422627,2009/10,2009-10-29,Shere Bangla National Stadium,2,24.6,Bangladesh,Zimbabwe,Raqibul Hasan,Shakib Al Hasan,E Chigumbura,0,0,,,,,,,,,
422627,2009/10,2009-10-29,Shere Bangla National Stadium,2,24.7,Bangladesh,Zimbabwe,Raqibul Hasan,Shakib Al Hasan,E Chigumbura,0,0,,,,,,,,,
422627,2009/10,2009-10-29,Shere Bangla National Stadium,2,25.1,Bangladesh,Zimbabwe,Shakib Al Hasan,Raqibul Hasan,KM Jarvis,0,2,,,,2,,,,,
422627,2009/10,2009-10-29,Shere Bangla National Stadium,2,25.2,Bangladesh,Zimbabwe,Shakib Al Hasan,Raqibul Hasan,KM Jarvis,1,0,,,,,,,,,
422627,2009/10,2009-10-29,Shere Bangla National Stadium,2,25.3,Bangladesh,Zimbabwe,Raqibul Hasan,Shakib Al Hasan,KM Jarvis,1,0,,,,,,,,,
422627,2009/10,2009-10-29,Shere Bangla National Stadium,2,25.4,Bangladesh,Zimbabwe,Shakib Al Hasan,Raqibul Hasan,KM Jarvis,4,1,,1,,,,,,,
422627,2009/10,2009-10-29,Shere Bangla National Stadium,2,25.5,Bangladesh,Zimbabwe,Shakib Al Hasan,Raqibul Hasan,KM Jarvis,1,0,,,,,,,,,
422627,2009/10,2009-10-29,Shere Bangla National Stadium,2,25.6,Bangladesh,Zimbabwe,Raqibul Hasan,Shakib Al Hasan,KM Jarvis,1,0,,,,,,,,,
422627,2009/10,2009-10-29,Shere Bangla National Stadium,2,25.7,Bangladesh,Zimbabwe,Shakib Al Hasan,Raqibul Hasan,KM Jarvis,2,0,,,,,,,,,
422627,2009/10,2009-10-29,Shere Bangla National Stadium,2,26.1,Bangladesh,Zimbabwe,Raqibul Hasan,Shakib Al Hasan,E Chigumbura,1,0,,,,,,,,,
422627,2009/10,2009-10-29,Shere Bangla National Stadium,2,26.2,Bangladesh,Zimbabwe,Shakib Al Hasan,Raqibul Hasan,E Chigumbura,1,0,,,,,,,,,
422627,2009/10,2009-10-29,Shere Bangla National Stadium,2,26.3,Bangladesh,Zimbabwe,Raqibul Hasan,Shakib Al Hasan,E Chigumbura,0,0,,,,,,,,,
422627,2009/10,2009-10-29,Shere Bangla National Stadium,2,26.4,Bangladesh,Zimbabwe,Raqibul Hasan,Shakib Al Hasan,E Chigumbura,0,0,,,,,,,,,
422627,2009/10,2009-10-29,Shere Bangla National Stadium,2,26.5,Bangladesh,Zimbabwe,Raqibul Hasan,Shakib Al Hasan,E Chigumbura,0,0,,,,,,,,,
422627,2009/10,2009-10-29,Shere Bangla National Stadium,2,26.6,Bangladesh,Zimbabwe,Raqibul Hasan,Shakib Al Hasan,E Chigumbura,1,0,,,,,,,,,
422627,2009/10,2009-10-29,Shere Bangla National Stadium,2,27.1,Bangladesh,Zimbabwe,Raqibul Hasan,Shakib Al Hasan,CJ Chibhabha,0,0,,,,,,,,,
422627,2009/10,2009-10-29,Shere Bangla National Stadium,2,27.2,Bangladesh,Zimbabwe,Raqibul Hasan,Shakib Al Hasan,CJ Chibhabha,1,0,,,,,,,,,
422627,2009/10,2009-10-29,Shere Bangla National Stadium,2,27.3,Bangladesh,Zimbabwe,Shakib Al Hasan,Raqibul Hasan,CJ Chibhabha,6,0,,,,,,,,,
422627,2009/10,2009-10-29,Shere Bangla National Stadium,2,27.4,Bangladesh,Zimbabwe,Shakib Al Hasan,Raqibul Hasan,CJ Chibhabha,4,0,,,,,,,,,
422627,2009/10,2009-10-29,Shere Bangla National Stadium,2,27.5,Bangladesh,Zimbabwe,Shakib Al Hasan,Raqibul Hasan,CJ Chibhabha,4,1,,1,,,,,,,
422627,2009/10,2009-10-29,Shere Bangla National Stadium,2,27.6,Bangladesh,Zimbabwe,Shakib Al Hasan,Raqibul Hasan,CJ Chibhabha,0,0,,,,,,,,,
422627,2009/10,2009-10-29,Shere Bangla National Stadium,2,27.7,Bangladesh,Zimbabwe,Shakib Al Hasan,Raqibul Hasan,CJ Chibhabha,0,0,,,,,,,,,
422627,2009/10,2009-10-29,Shere Bangla National Stadium,2,28.1,Bangladesh,Zimbabwe,Raqibul Hasan,Shakib Al Hasan,E Chigumbura,0,1,1,,,,,,,,
422627,2009/10,2009-10-29,Shere Bangla National Stadium,2,28.2,Bangladesh,Zimbabwe,Raqibul Hasan,Shakib Al Hasan,E Chigumbura,1,0,,,,,,,,,
422627,2009/10,2009-10-29,Shere Bangla National Stadium,2,28.3,Bangladesh,Zimbabwe,Shakib Al Hasan,Raqibul Hasan,E Chigumbura,0,0,,,,,,,,,
422627,2009/10,2009-10-29,Shere Bangla National Stadium,2,28.4,Bangladesh,Zimbabwe,Shakib Al Hasan,Raqibul Hasan,E Chigumbura,0,0,,,,,,,,,
422627,2009/10,2009-10-29,Shere Bangla National Stadium,2,28.5,Bangladesh,Zimbabwe,Shakib Al Hasan,Raqibul Hasan,E Chigumbura,2,0,,,,,,,,,
422627,2009/10,2009-10-29,Shere Bangla National Stadium,2,28.6,Bangladesh,Zimbabwe,Shakib Al Hasan,Raqibul Hasan,E Chigumbura,1,0,,,,,,,,,
422627,2009/10,2009-10-29,Shere Bangla National Stadium,2,28.7,Bangladesh,Zimbabwe,Raqibul Hasan,Shakib Al Hasan,E Chigumbura,0,0,,,,,,,,,
422627,2009/10,2009-10-29,Shere Bangla National Stadium,2,29.1,Bangladesh,Zimbabwe,Shakib Al Hasan,Raqibul Hasan,CJ Chibhabha,0,0,,,,,,,,,
422627,2009/10,2009-10-29,Shere Bangla National Stadium,2,29.2,Bangladesh,Zimbabwe,Shakib Al Hasan,Raqibul Hasan,CJ Chibhabha,4,0,,,,,,,,,
422627,2009/10,2009-10-29,Shere Bangla National Stadium,2,29.3,Bangladesh,Zimbabwe,Shakib Al Hasan,Raqibul Hasan,CJ Chibhabha,4,0,,,,,,,,,
