version,2.1.0
info,balls_per_over,6
info,team,Bangladesh
info,team,Zimbabwe
info,gender,male
info,season,2009/10
info,date,2009/11/03
info,event,Zimbabwe in Bangladesh ODI Series
info,match_number,4
info,venue,Zohur Ahmed Chowdhury Stadium
info,city,Chittagong
info,toss_winner,Zimbabwe
info,toss_decision,bat
info,player_of_match,Nazmul Hossain
info,umpire,Aleem Dar
info,umpire,Nadir Shah
info,reserve_umpire,Tanvir Ahmed
info,tv_umpire,Sharfuddoula
info,match_referee,RS Madugalle
info,winner,Bangladesh
info,winner_wickets,6
info,player,Bangladesh,Tamim Iqbal
info,player,Bangladesh,Junaid Siddique
info,player,Bangladesh,Mohammad Ashraful
info,player,Bangladesh,Raqibul Hasan
info,player,Bangladesh,Naeem Islam
info,player,Bangladesh,Mushfiqur Rahim
info,player,Bangladesh,Shakib Al Hasan
info,player,Bangladesh,Mahmudullah
info,player,Bangladesh,Enamul Haque jnr
info,player,Bangladesh,Abdur Razzak
info,player,Bangladesh,Nazmul Hossain
info,player,Zimbabwe,H Masakadza
info,player,Zimbabwe,MA Vermeulen
info,player,Zimbabwe,BRM Taylor
info,player,Zimbabwe,CK Coventry
info,player,Zimbabwe,MN Waller
info,player,Zimbabwe,S Matsikenyeri
info,player,Zimbabwe,CJ Chibhabha
info,player,Zimbabwe,E Chigumbura
info,player,Zimbabwe,AG Cremer
info,player,Zimbabwe,RW Price
info,player,Zimbabwe,KM Jarvis
info,registry,people,AG Cremer,9f0270e0
info,registry,people,Abdur Razzak,888e32bf
info,registry,people,Aleem Dar,f02778d1
info,registry,people,BRM Taylor,53597be1
info,registry,people,CJ Chibhabha,f32dbc84
info,registry,people,CK Coventry,a21ea40c
info,registry,people,E Chigumbura,d2babdd5
info,registry,people,Enamul Haque jnr,0480aba6
info,registry,people,H Masakadza,31fbf891
info,registry,people,Junaid Siddique,62e203d4
info,registry,people,KM Jarvis,59792462
info,registry,people,MA Vermeulen,611c06dd
info,registry,people,MN Waller,ec4dada1
info,registry,people,Mahmudullah,bf1d7d3e
info,registry,people,Mohammad Ashraful,2bb09eb2
info,registry,people,Mushfiqur Rahim,a94e08ea
info,registry,people,Nadir Shah,3515389d
info,registry,people,Naeem Islam,02e83ac5
info,registry,people,Nazmul Hossain,5e5eab39
info,registry,people,RS Madugalle,766b5798
info,registry,people,RW Price,67af6f81
info,registry,people,Raqibul Hasan,17efdeb8
info,registry,people,S Matsikenyeri,e7ba1233
info,registry,people,Shakib Al Hasan,7dc35884
info,registry,people,Sharfuddoula,63896abb
info,registry,people,Tamim Iqbal,3b041a12
info,registry,people,Tanvir Ahmed,ea2df1f1
