version,2.1.0
info,balls_per_over,6
info,team,New Zealand
info,team,Bangladesh
info,gender,male
info,season,2009/10
info,date,2010/02/05
info,event,Bangladesh in New Zealand ODI Series
info,match_number,1
info,venue,McLean Park
info,city,Napier
info,toss_winner,New Zealand
info,toss_decision,bat
info,player_of_match,JDP Oram
info,umpire,RA Kettleborough
info,umpire,EA Watkin
info,reserve_umpire,CB Gaffaney
info,tv_umpire,GAV Baxter
info,match_referee,AG Hurst
info,winner,New Zealand
info,winner_runs,146
info,player,Bangladesh,Tamim Iqbal
info,player,Bangladesh,Imrul Kayes
info,player,Bangladesh,Mohammad Ashraful
info,player,Bangladesh,Raqibul Hasan
info,player,Bangladesh,Shakib Al Hasan
info,player,Bangladesh,Mushfiqur Rahim
info,player,Bangladesh,Mahmudullah
info,player,Bangladesh,Naeem Islam
info,player,Bangladesh,Shahadat Hossain
info,player,Bangladesh,Shafiul Islam
info,player,Bangladesh,Nazmul Hossain
info,player,New Zealand,BB McCullum
info,player,New Zealand,PJ Ingram
info,player,New Zealand,MJ Guptill
info,player,New Zealand,LRPL Taylor
info,player,New Zealand,JEC Franklin
info,player,New Zealand,NT Broom
info,player,New Zealand,DL Vettori
info,player,New Zealand,JDP Oram
info,player,New Zealand,TG Southee
info,player,New Zealand,DR Tuffey
info,player,New Zealand,AJ McKay
info,registry,people,AG Hurst,ad7945c6
info,registry,people,AJ McKay,de3acffe
info,registry,people,BB McCullum,b8a55852
info,registry,people,CB Gaffaney,d5ac41d8
info,registry,people,DL Vettori,d7c6af50
info,registry,people,DR Tuffey,43936951
info,registry,people,EA Watkin,147afe9d
info,registry,people,GAV Baxter,cb4b3ab0
info,registry,people,Imrul Kayes,5fbe14fc
info,registry,people,JDP Oram,3eac9d95
info,registry,people,JEC Franklin,cf73ad76
info,registry,people,LRPL Taylor,b61a3e1a
info,registry,people,MJ Guptill,2be41edb
info,registry,people,Mahmudullah,bf1d7d3e
info,registry,people,Mohammad Ashraful,2bb09eb2
info,registry,people,Mushfiqur Rahim,a94e08ea
info,registry,people,NT Broom,a354c917
info,registry,people,Naeem Islam,02e83ac5
info,registry,people,Nazmul Hossain,5e5eab39
info,registry,people,PJ Ingram,5bd3bb5d
info,registry,people,RA Kettleborough,4017868f
info,registry,people,Raqibul Hasan,17efdeb8
info,registry,people,Shafiul Islam,1a8eebbe
info,registry,people,Shahadat Hossain,090f9211
info,registry,people,Shakib Al Hasan,7dc35884
info,registry,people,TG Southee,13c35c9e
info,registry,people,Tamim Iqbal,3b041a12
