version,2.1.0
info,balls_per_over,6
info,team,New Zealand
info,team,Australia
info,gender,male
info,season,2009/10
info,date,2010/03/09
info,event,Chappell-Hadlee Trophy
info,match_number,3
info,venue,Seddon Park
info,city,Hamilton
info,toss_winner,Australia
info,toss_decision,field
info,player_of_match,BJ Haddin
info,umpire,Asad Rauf
info,umpire,BF Bowden
info,reserve_umpire,CB Gaffaney
info,tv_umpire,EA Watkin
info,match_referee,RS Madugalle
info,winner,Australia
info,winner_wickets,6
info,player,Australia,SR Watson
info,player,Australia,BJ Haddin
info,player,Australia,RT Ponting
info,player,Australia,MEK Hussey
info,player,Australia,CL White
info,player,Australia,AC Voges
info,player,Australia,RJ Harris
info,player,Australia,NM Hauritz
info,player,Australia,JR Hopes
info,player,Australia,MG Johnson
info,player,Australia,DE Bollinger
info,player,New Zealand,BB McCullum
info,player,New Zealand,PJ Ingram
info,player,New Zealand,MJ Guptill
info,player,New Zealand,LRPL Taylor
info,player,New Zealand,NT Broom
info,player,New Zealand,SB Styris
info,player,New Zealand,GJ Hopkins
info,player,New Zealand,DL Vettori
info,player,New Zealand,SE Bond
info,player,New Zealand,TG Southee
info,player,New Zealand,MJ Mason
info,registry,people,AC Voges,864c199e
info,registry,people,Asad Rauf,861606b7
info,registry,people,BB McCullum,b8a55852
info,registry,people,BF Bowden,efc0a862
info,registry,people,BJ Haddin,b0c772ee
info,registry,people,CB Gaffaney,d5ac41d8
info,registry,people,CL White,d0513f63
info,registry,people,DE Bollinger,45c2196c
info,registry,people,DL Vettori,d7c6af50
info,registry,people,EA Watkin,147afe9d
info,registry,people,GJ Hopkins,4d3097d8
info,registry,people,JR Hopes,2498e163
info,registry,people,LRPL Taylor,b61a3e1a
info,registry,people,MEK Hussey,48fd7349
info,registry,people,MG Johnson,f5180fe6
info,registry,people,MJ Guptill,2be41edb
info,registry,people,MJ Mason,aab3e7be
info,registry,people,NM Hauritz,8ea6e670
info,registry,people,NT Broom,a354c917
info,registry,people,PJ Ingram,5bd3bb5d
info,registry,people,RJ Harris,12eddf28
info,registry,people,RS Madugalle,766b5798
info,registry,people,RT Ponting,7d415ea5
info,registry,people,SB Styris,57efa3be
info,registry,people,SE Bond,4f629497
info,registry,people,SR Watson,4329fbb5
info,registry,people,TG Southee,13c35c9e
