version,2.1.0
info,balls_per_over,6
info,team,New Zealand
info,team,Bangladesh
info,gender,male
info,season,2009/10
info,date,2010/02/08
info,event,Bangladesh in New Zealand ODI Series
info,match_number,2
info,venue,University Oval
info,city,Dunedin
info,toss_winner,New Zealand
info,toss_decision,field
info,player_of_match,LRPL Taylor
info,umpire,AL Hill
info,umpire,RA Kettleborough
info,reserve_umpire,EA Watkin
info,tv_umpire,CB Gaffaney
info,match_referee,AG Hurst
info,winner,New Zealand
info,winner_wickets,5
info,player,Bangladesh,Tamim Iqbal
info,player,Bangladesh,Imrul Kayes
info,player,Bangladesh,Mohammad Ashraful
info,player,Bangladesh,Aftab Ahmed
info,player,Bangladesh,Shakib Al Hasan
info,player,Bangladesh,Mushfiqur Rahim
info,player,Bangladesh,Mahmudullah
info,player,Bangladesh,Naeem Islam
info,player,Bangladesh,Shahadat Hossain
info,player,Bangladesh,Shafiul Islam
info,player,Bangladesh,Rubel Hossain
info,player,New Zealand,BB McCullum
info,player,New Zealand,PJ Ingram
info,player,New Zealand,MJ Guptill
info,player,New Zealand,LRPL Taylor
info,player,New Zealand,JEC Franklin
info,player,New Zealand,NT Broom
info,player,New Zealand,DL Vettori
info,player,New Zealand,JDP Oram
info,player,New Zealand,IG Butler
info,player,New Zealand,DR Tuffey
info,player,New Zealand,AJ McKay
info,registry,people,AG Hurst,ad7945c6
info,registry,people,AJ McKay,de3acffe
info,registry,people,AL Hill,4165ced0
info,registry,people,Aftab Ahmed,53bc7b84
info,registry,people,BB McCullum,b8a55852
info,registry,people,CB Gaffaney,d5ac41d8
info,registry,people,DL Vettori,d7c6af50
info,registry,people,DR Tuffey,43936951
info,registry,people,EA Watkin,147afe9d
info,registry,people,IG Butler,b68a30f0
info,registry,people,Imrul Kayes,5fbe14fc
info,registry,people,JDP Oram,3eac9d95
info,registry,people,JEC Franklin,cf73ad76
info,registry,people,LRPL Taylor,b61a3e1a
info,registry,people,MJ Guptill,2be41edb
info,registry,people,Mahmudullah,bf1d7d3e
info,registry,people,Mohammad Ashraful,2bb09eb2
info,registry,people,Mushfiqur Rahim,a94e08ea
info,registry,people,NT Broom,a354c917
info,registry,people,Naeem Islam,02e83ac5
info,registry,people,PJ Ingram,5bd3bb5d
info,registry,people,RA Kettleborough,4017868f
info,registry,people,Rubel Hossain,f56cd097
info,registry,people,Shafiul Islam,1a8eebbe
info,registry,people,Shahadat Hossain,090f9211
info,registry,people,Shakib Al Hasan,7dc35884
info,registry,people,Tamim Iqbal,3b041a12
