match_id,season,start_date,venue,innings,ball,batting_team,bowling_team,striker,non_striker,bowler,runs_off_bat,extras,wides,noballs,byes,legbyes,penalty,wicket_type,player_dismissed,other_wicket_type,other_player_dismissed
426389,2010,2010-06-27,Old Trafford,1,0.1,Australia,England,SR Watson,TD Paine,JM Anderson,0,0,,,,,,,,,
426389,2010,2010-06-27,Old Trafford,1,0.2,Australia,England,SR Watson,TD Paine,JM Anderson,0,0,,,,,,,,,
426389,2010,2010-06-27,Old Trafford,1,0.3,Australia,England,SR Watson,TD Paine,JM Anderson,4,0,,,,,,,,,
426389,2010,2010-06-27,Old Trafford,1,0.4,Australia,England,SR Watson,TD Paine,JM Anderson,0,0,,,,,,,,,
426389,2010,2010-06-27,Old Trafford,1,0.5,Australia,England,SR Watson,TD Paine,JM Anderson,0,0,,,,,,,,,
426389,2010,2010-06-27,Old Trafford,1,0.6,Australia,England,SR Watson,TD Paine,JM Anderson,0,0,,,,,,,,,
426389,2010,2010-06-27,Old Trafford,1,1.1,Australia,England,TD Paine,SR Watson,TT Bresnan,0,0,,,,,,,,,
426389,2010,2010-06-27,Old Trafford,1,1.2,Australia,England,TD Paine,SR Watson,TT Bresnan,0,1,1,,,,,,,,
426389,2010,2010-06-27,Old Trafford,1,1.3,Australia,England,TD Paine,SR Watson,TT Bresnan,0,0,,,,,,,,,
426389,2010,2010-06-27,Old Trafford,1,1.4,Australia,England,TD Paine,SR Watson,TT Bresnan,4,0,,,,,,,,,
426389,2010,2010-06-27,Old Trafford,1,1.5,Australia,England,TD Paine,SR Watson,TT Bresnan,0,0,,,,,,,,,
426389,2010,2010-06-27,Old Trafford,1,1.6,Australia,England,TD Paine,SR Watson,TT Bresnan,0,0,,,,,,,,,
426389,2010,2010-06-27,Old Trafford,1,1.7,Australia,England,TD Paine,SR Watson,TT Bresnan,0,0,,,,,,,,,
426389,2010,2010-06-27,Old Trafford,1,2.1,Australia,England,SR Watson,TD Paine,JM Anderson,0,0,,,,,,,,,
426389,2010,2010-06-27,Old Trafford,1,2.2,Australia,England,SR Watson,TD Paine,JM Anderson,0,0,,,,,,,,,
426389,2010,2010-06-27,Old Trafford,1,2.3,Australia,England,SR Watson,TD Paine,JM Anderson,1,0,,,,,,,,,
426389,2010,2010-06-27,Old Trafford,1,2.4,Australia,England,TD Paine,SR Watson,JM Anderson,0,0,,,,,,,,,
426389,2010,2010-06-27,Old Trafford,1,2.5,Australia,England,TD Paine,SR Watson,JM Anderson,1,0,,,,,,,,,
426389,2010,2010-06-27,Old Trafford,1,2.6,Australia,England,SR Watson,TD Paine,JM Anderson,1,0,,,,,,,,,
426389,2010,2010-06-27,Old Trafford,1,3.1,Australia,England,SR Watson,TD Paine,TT Bresnan,0,0,,,,,,,,,
426389,2010,2010-06-27,Old Trafford,1,3.2,Australia,England,SR Watson,TD Paine,TT Bresnan,0,0,,,,,,,,,
426389,2010,2010-06-27,Old Trafford,1,3.3,Australia,England,SR Watson,TD Paine,TT Bresnan,0,0,,,,,,,,,
426389,2010,2010-06-27,Old Trafford,1,3.4,Australia,England,SR Watson,TD Paine,TT Bresnan,0,0,,,,,,,,,
426389,2010,2010-06-27,Old Trafford,1,3.5,Australia,England,SR Watson,TD Paine,TT Bresnan,0,0,,,,,,,,,
426389,2010,2010-06-27,Old Trafford,1,3.6,Australia,England,SR Watson,TD Paine,TT Bresnan,4,0,,,,,,,,,
426389,2010,2010-06-27,Old Trafford,1,4.1,Australia,England,TD Paine,SR Watson,JM Anderson,0,0,,,,,,,,,
426389,2010,2010-06-27,Old Trafford,1,4.2,Australia,England,TD Paine,SR Watson,JM Anderson,0,0,,,,,,,,,
426389,2010,2010-06-27,Old Trafford,1,4.3,Australia,England,TD Paine,SR Watson,JM Anderson,0,0,,,,,,,,,
426389,2010,2010-06-27,Old Trafford,1,4.4,Australia,England,TD Paine,SR Watson,JM Anderson,0,0,,,,,,,,,
426389,2010,2010-06-27,Old Trafford,1,4.5,Australia,England,TD Paine,SR Watson,JM Anderson,0,0,,,,,,,,,
426389,2010,2010-06-27,Old Trafford,1,4.6,Australia,England,TD Paine,SR Watson,JM Anderson,0,0,,,,,,,,,
426389,2010,2010-06-27,Old Trafford,1,5.1,Australia,England,SR Watson,TD Paine,TT Bresnan,1,0,,,,,,,,,
426389,2010,2010-06-27,Old Trafford,1,5.2,Australia,England,TD Paine,SR Watson,TT Bresnan,0,1,1,,,,,,,,
426389,2010,2010-06-27,Old Trafford,1,5.3,Australia,England,TD Paine,SR Watson,TT Bresnan,0,0,,,,,,,,,
426389,2010,2010-06-27,Old Trafford,1,5.4,Australia,England,TD Paine,SR Watson,TT Bresnan,0,0,,,,,,,,,
426389,2010,2010-06-27,Old Trafford,1,5.5,Australia,England,TD Paine,SR Watson,TT Bresnan,0,0,,,,,,,,,
426389,2010,2010-06-27,Old Trafford,1,5.6,Australia,England,TD Paine,SR Watson,TT Bresnan,4,0,,,,,,,,,
426389,2010,2010-06-27,Old Trafford,1,5.7,Australia,England,TD Paine,SR Watson,TT Bresnan,1,0,,,,,,,,,
426389,2010,2010-06-27,Old Trafford,1,6.1,Australia,England,TD Paine,SR Watson,JM Anderson,0,0,,,,,,,,,
426389,2010,2010-06-27,Old Trafford,1,6.2,Australia,England,TD Paine,SR Watson,JM Anderson,0,0,,,,,,,,,
426389,2010,2010-06-27,Old Trafford,1,6.3,Australia,England,TD Paine,SR Watson,JM Anderson,1,0,,,,,,,,,
426389,2010,2010-06-27,Old Trafford,1,6.4,Australia,England,SR Watson,TD Paine,JM Anderson,1,0,,,,,,,,,
426389,2010,2010-06-27,Old Trafford,1,6.5,Australia,England,TD Paine,SR Watson,JM Anderson,1,0,,,,,,,,,
426389,2010,2010-06-27,Old Trafford,1,6.6,Australia,England,SR Watson,TD Paine,JM Anderson,0,0,,,,,,,,,
426389,2010,2010-06-27,Old Trafford,1,7.1,Australia,England,TD Paine,SR Watson,TT Bresnan,4,0,,,,,,,,,
426389,2010,2010-06-27,Old Trafford,1,7.2,Australia,England,TD Paine,SR Watson,TT Bresnan,2,0,,,,,,,,,
426389,2010,2010-06-27,Old Trafford,1,7.3,Australia,England,TD Paine,SR Watson,TT Bresnan,4,0,,,,,,,,,
426389,2010,2010-06-27,Old Trafford,1,7.4,Australia,England,TD Paine,SR Watson,TT Bresnan,0,0,,,,,,,,,
426389,2010,2010-06-27,Old Trafford,1,7.5,Australia,England,TD Paine,SR Watson,TT Bresnan,4,0,,,,,,,,,
426389,2010,2010-06-27,Old Trafford,1,7.6,Australia,England,TD Paine,SR Watson,TT Bresnan,4,0,,,,,,,,,
426389,2010,2010-06-27,Old Trafford,1,8.1,Australia,England,SR Watson,TD Paine,JM Anderson,0,0,,,,,,,,,
426389,2010,2010-06-27,Old Trafford,1,8.2,Australia,England,SR Watson,TD Paine,JM Anderson,0,0,,,,,,,,,
426389,2010,2010-06-27,Old Trafford,1,8.3,Australia,England,SR Watson,TD Paine,JM Anderson,0,0,,,,,,,,,
426389,2010,2010-06-27,Old Trafford,1,8.4,Australia,England,SR Watson,TD Paine,JM Anderson,0,0,,,,,,,,,
426389,2010,2010-06-27,Old Trafford,1,8.5,Australia,England,SR Watson,TD Paine,JM Anderson,1,0,,,,,,,,,
426389,2010,2010-06-27,Old Trafford,1,8.6,Australia,England,TD Paine,SR Watson,JM Anderson,0,0,,,,,,,,,
426389,2010,2010-06-27,Old Trafford,1,9.1,Australia,England,SR Watson,TD Paine,SCJ Broad,0,0,,,,,,,,,
426389,2010,2010-06-27,Old Trafford,1,9.2,Australia,England,SR Watson,TD Paine,SCJ Broad,1,0,,,,,,,,,
426389,2010,2010-06-27,Old Trafford,1,9.3,Australia,England,TD Paine,SR Watson,SCJ Broad,4,0,,,,,,,,,
426389,2010,2010-06-27,Old Trafford,1,9.4,Australia,England,TD Paine,SR Watson,SCJ Broad,4,0,,,,,,,,,
426389,2010,2010-06-27,Old Trafford,1,9.5,Australia,England,TD Paine,SR Watson,SCJ Broad,0,0,,,,,,,,,
426389,2010,2010-06-27,Old Trafford,1,9.6,Australia,England,TD Paine,SR Watson,SCJ Broad,0,0,,,,,,,,,
426389,2010,2010-06-27,Old Trafford,1,10.1,Australia,England,SR Watson,TD Paine,JM Anderson,1,0,,,,,,,,,
426389,2010,2010-06-27,Old Trafford,1,10.2,Australia,England,TD Paine,SR Watson,JM Anderson,0,0,,,,,,,,,
426389,2010,2010-06-27,Old Trafford,1,10.3,Australia,England,TD Paine,SR Watson,JM Anderson,0,0,,,,,,,,,
426389,2010,2010-06-27,Old Trafford,1,10.4,Australia,England,TD Paine,SR Watson,JM Anderson,0,0,,,,,,,,,
426389,2010,2010-06-27,Old Trafford,1,10.5,Australia,England,TD Paine,SR Watson,JM Anderson,0,0,,,,,,,,,
426389,2010,2010-06-27,Old Trafford,1,10.6,Australia,England,TD Paine,SR Watson,JM Anderson,0,0,,,,,,,,,
426389,2010,2010-06-27,Old Trafford,1,11.1,Australia,England,SR Watson,TD Paine,LJ Wright,1,0,,,,,,,,,
426389,2010,2010-06-27,Old Trafford,1,11.2,Australia,England,TD Paine,SR Watson,LJ Wright,1,0,,,,,,,,,
426389,2010,2010-06-27,Old Trafford,1,11.3,Australia,England,SR Watson,TD Paine,LJ Wright,2,0,,,,,,,,,
426389,2010,2010-06-27,Old Trafford,1,11.4,Australia,England,SR Watson,TD Paine,LJ Wright,0,0,,,,,,,,,
426389,2010,2010-06-27,Old Trafford,1,11.5,Australia,England,SR Watson,TD Paine,LJ Wright,6,0,,,,,,,,,
426389,2010,2010-06-27,Old Trafford,1,11.6,Australia,England,SR Watson,TD Paine,LJ Wright,4,0,,,,,,,,,
426389,2010,2010-06-27,Old Trafford,1,12.1,Australia,England,TD Paine,SR Watson,SCJ Broad,0,0,,,,,,,,,
426389,2010,2010-06-27,Old Trafford,1,12.2,Australia,England,TD Paine,SR Watson,SCJ Broad,4,0,,,,,,,,,
426389,2010,2010-06-27,Old Trafford,1,12.3,Australia,England,TD Paine,SR Watson,SCJ Broad,0,0,,,,,,,,,
426389,2010,2010-06-27,Old Trafford,1,12.4,Australia,England,TD Paine,SR Watson,SCJ Broad,0,1,1,,,,,,,,
426389,2010,2010-06-27,Old Trafford,1,12.5,Australia,England,TD Paine,SR Watson,SCJ Broad,0,0,,,,,,,,,
426389,2010,2010-06-27,Old Trafford,1,12.6,Australia,England,TD Paine,SR Watson,SCJ Broad,1,0,,,,,,,,,
426389,2010,2010-06-27,Old Trafford,1,12.7,Australia,England,SR Watson,TD Paine,SCJ Broad,0,0,,,,,,,,,
426389,2010,2010-06-27,Old Trafford,1,13.1,Australia,England,TD Paine,SR Watson,MH Yardy,0,0,,,,,,,,,
426389,2010,2010-06-27,Old Trafford,1,13.2,Australia,England,TD Paine,SR Watson,MH Yardy,0,0,,,,,,,,,
426389,2010,2010-06-27,Old Trafford,1,13.3,Australia,England,TD Paine,SR Watson,MH Yardy,0,0,,,,,,lbw,TD Paine,,
426389,2010,2010-06-27,Old Trafford,1,13.4,Australia,England,RT Ponting,SR Watson,MH Yardy,0,0,,,,,,,,,
426389,2010,2010-06-27,Old Trafford,1,13.5,Australia,England,RT Ponting,SR Watson,MH Yardy,0,0,,,,,,,,,
426389,2010,2010-06-27,Old Trafford,1,13.6,Australia,England,RT Ponting,SR Watson,MH Yardy,1,0,,,,,,,,,
426389,2010,2010-06-27,Old Trafford,1,14.1,Australia,England,RT Ponting,SR Watson,SCJ Broad,0,0,,,,,,,,,
426389,2010,2010-06-27,Old Trafford,1,14.2,Australia,England,RT Ponting,SR Watson,SCJ Broad,0,0,,,,,,,,,
426389,2010,2010-06-27,Old Trafford,1,14.3,Australia,England,RT Ponting,SR Watson,SCJ Broad,0,0,,,,,,,,,
426389,2010,2010-06-27,Old Trafford,1,14.4,Australia,England,RT Ponting,SR Watson,SCJ Broad,0,0,,,,,,,,,
426389,2010,2010-06-27,Old Trafford,1,14.5,Australia,England,RT Ponting,SR Watson,SCJ Broad,0,0,,,,,,,,,
426389,2010,2010-06-27,Old Trafford,1,14.6,Australia,England,RT Ponting,SR Watson,SCJ Broad,0,0,,,,,,,,,
426389,2010,2010-06-27,Old Trafford,1,15.1,Australia,England,SR Watson,RT Ponting,MH Yardy,0,0,,,,,,,,,
426389,2010,2010-06-27,Old Trafford,1,15.2,Australia,England,SR Watson,RT Ponting,MH Yardy,0,0,,,,,,,,,
426389,2010,2010-06-27,Old Trafford,1,15.3,Australia,England,SR Watson,RT Ponting,MH Yardy,0,0,,,,,,,,,
426389,2010,2010-06-27,Old Trafford,1,15.4,Australia,England,SR Watson,RT Ponting,MH Yardy,0,0,,,,,,,,,
426389,2010,2010-06-27,Old Trafford,1,15.5,Australia,England,SR Watson,RT Ponting,MH Yardy,1,0,,,,,,,,,
426389,2010,2010-06-27,Old Trafford,1,15.6,Australia,England,RT Ponting,SR Watson,MH Yardy,0,0,,,,,,,,,
426389,2010,2010-06-27,Old Trafford,1,16.1,Australia,England,SR Watson,RT Ponting,GP Swann,2,0,,,,,,,,,
426389,2010,2010-06-27,Old Trafford,1,16.2,Australia,England,SR Watson,RT Ponting,GP Swann,4,0,,,,,,,,,
426389,2010,2010-06-27,Old Trafford,1,16.3,Australia,England,SR Watson,RT Ponting,GP Swann,1,0,,,,,,,,,
426389,2010,2010-06-27,Old Trafford,1,16.4,Australia,England,RT Ponting,SR Watson,GP Swann,0,0,,,,,,,,,
426389,2010,2010-06-27,Old Trafford,1,16.5,Australia,England,RT Ponting,SR Watson,GP Swann,1,0,,,,,,,,,
426389,2010,2010-06-27,Old Trafford,1,16.6,Australia,England,SR Watson,RT Ponting,GP Swann,0,0,,,,,,,,,
426389,2010,2010-06-27,Old Trafford,1,17.1,Australia,England,RT Ponting,SR Watson,MH Yardy,0,0,,,,,,,,,
426389,2010,2010-06-27,Old Trafford,1,17.2,Australia,England,RT Ponting,SR Watson,MH Yardy,0,0,,,,,,,,,
426389,2010,2010-06-27,Old Trafford,1,17.3,Australia,England,RT Ponting,SR Watson,MH Yardy,1,0,,,,,,,,,
426389,2010,2010-06-27,Old Trafford,1,17.4,Australia,England,SR Watson,RT Ponting,MH Yardy,0,0,,,,,,,,,
426389,2010,2010-06-27,Old Trafford,1,17.5,Australia,England,SR Watson,RT Ponting,MH Yardy,0,0,,,,,,,,,
426389,2010,2010-06-27,Old Trafford,1,17.6,Australia,England,SR Watson,RT Ponting,MH Yardy,6,0,,,,,,,,,
426389,2010,2010-06-27,Old Trafford,1,18.1,Australia,England,RT Ponting,SR Watson,GP Swann,0,0,,,,,,,,,
426389,2010,2010-06-27,Old Trafford,1,18.2,Australia,England,RT Ponting,SR Watson,GP Swann,0,1,1,,,,,stumped,RT Ponting,,
426389,2010,2010-06-27,Old Trafford,1,18.3,Australia,England,MJ Clarke,SR Watson,GP Swann,0,0,,,,,,,,,
426389,2010,2010-06-27,Old Trafford,1,18.4,Australia,England,MJ Clarke,SR Watson,GP Swann,3,0,,,,,,,,,
426389,2010,2010-06-27,Old Trafford,1,18.5,Australia,England,SR Watson,MJ Clarke,GP Swann,0,0,,,,,,,,,
426389,2010,2010-06-27,Old Trafford,1,18.6,Australia,England,SR Watson,MJ Clarke,GP Swann,0,0,,,,,,,,,
426389,2010,2010-06-27,Old Trafford,1,18.7,Australia,England,SR Watson,MJ Clarke,GP Swann,1,0,,,,,,,,,
426389,2010,2010-06-27,Old Trafford,1,19.1,Australia,England,SR Watson,MJ Clarke,MH Yardy,0,0,,,,,,,,,
426389,2010,2010-06-27,Old Trafford,1,19.2,Australia,England,SR Watson,MJ Clarke,MH Yardy,1,0,,,,,,,,,
426389,2010,2010-06-27,Old Trafford,1,19.3,Australia,England,MJ Clarke,SR Watson,MH Yardy,1,0,,,,,,,,,
426389,2010,2010-06-27,Old Trafford,1,19.4,Australia,England,SR Watson,MJ Clarke,MH Yardy,0,0,,,,,,,,,
426389,2010,2010-06-27,Old Trafford,1,19.5,Australia,England,SR Watson,MJ Clarke,MH Yardy,1,0,,,,,,,,,
426389,2010,2010-06-27,Old Trafford,1,19.6,Australia,England,MJ Clarke,SR Watson,MH Yardy,1,0,,,,,,,,,
426389,2010,2010-06-27,Old Trafford,1,20.1,Australia,England,MJ Clarke,SR Watson,SCJ Broad,1,0,,,,,,,,,
426389,2010,2010-06-27,Old Trafford,1,20.2,Australia,England,SR Watson,MJ Clarke,SCJ Broad,4,0,,,,,,,,,
426389,2010,2010-06-27,Old Trafford,1,20.3,Australia,England,SR Watson,MJ Clarke,SCJ Broad,1,0,,,,,,,,,
426389,2010,2010-06-27,Old Trafford,1,20.4,Australia,England,MJ Clarke,SR Watson,SCJ Broad,0,1,1,,,,,,,,
426389,2010,2010-06-27,Old Trafford,1,20.5,Australia,England,MJ Clarke,SR Watson,SCJ Broad,0,0,,,,,,,,,
426389,2010,2010-06-27,Old Trafford,1,20.6,Australia,England,MJ Clarke,SR Watson,SCJ Broad,0,0,,,,,,,,,
426389,2010,2010-06-27,Old Trafford,1,20.7,Australia,England,MJ Clarke,SR Watson,SCJ Broad,0,0,,,,,,,,,
426389,2010,2010-06-27,Old Trafford,1,21.1,Australia,England,SR Watson,MJ Clarke,MH Yardy,0,1,1,,,,,,,,
426389,2010,2010-06-27,Old Trafford,1,21.2,Australia,England,SR Watson,MJ Clarke,MH Yardy,0,0,,,,,,,,,
426389,2010,2010-06-27,Old Trafford,1,21.3,Australia,England,SR Watson,MJ Clarke,MH Yardy,0,0,,,,,,,,,
426389,2010,2010-06-27,Old Trafford,1,21.4,Australia,England,SR Watson,MJ Clarke,MH Yardy,0,0,,,,,,,,,
426389,2010,2010-06-27,Old Trafford,1,21.5,Australia,England,SR Watson,MJ Clarke,MH Yardy,1,0,,,,,,,,,
426389,2010,2010-06-27,Old Trafford,1,21.6,Australia,England,MJ Clarke,SR Watson,MH Yardy,2,0,,,,,,,,,
426389,2010,2010-06-27,Old Trafford,1,21.7,Australia,England,MJ Clarke,SR Watson,MH Yardy,0,0,,,,,,,,,
426389,2010,2010-06-27,Old Trafford,1,22.1,Australia,England,SR Watson,MJ Clarke,SCJ Broad,1,0,,,,,,,,,
426389,2010,2010-06-27,Old Trafford,1,22.2,Australia,England,MJ Clarke,SR Watson,SCJ Broad,1,0,,,,,,,,,
426389,2010,2010-06-27,Old Trafford,1,22.3,Australia,England,SR Watson,MJ Clarke,SCJ Broad,0,0,,,,,,,,,
426389,2010,2010-06-27,Old Trafford,1,22.4,Australia,England,SR Watson,MJ Clarke,SCJ Broad,0,0,,,,,,,,,
426389,2010,2010-06-27,Old Trafford,1,22.5,Australia,England,SR Watson,MJ Clarke,SCJ Broad,1,0,,,,,,,,,
426389,2010,2010-06-27,Old Trafford,1,22.6,Australia,England,MJ Clarke,SR Watson,SCJ Broad,0,0,,,,,,,,,
426389,2010,2010-06-27,Old Trafford,1,23.1,Australia,England,SR Watson,MJ Clarke,MH Yardy,0,0,,,,,,,,,
426389,2010,2010-06-27,Old Trafford,1,23.2,Australia,England,SR Watson,MJ Clarke,MH Yardy,0,0,,,,,,,,,
426389,2010,2010-06-27,Old Trafford,1,23.3,Australia,England,SR Watson,MJ Clarke,MH Yardy,0,0,,,,,,,,,
426389,2010,2010-06-27,Old Trafford,1,23.4,Australia,England,SR Watson,MJ Clarke,MH Yardy,0,0,,,,,,,,,
426389,2010,2010-06-27,Old Trafford,1,23.5,Australia,England,SR Watson,MJ Clarke,MH Yardy,1,0,,,,,,,,,
426389,2010,2010-06-27,Old Trafford,1,23.6,Australia,England,MJ Clarke,SR Watson,MH Yardy,0,0,,,,,,,,,
426389,2010,2010-06-27,Old Trafford,1,24.1,Australia,England,SR Watson,MJ Clarke,GP Swann,1,0,,,,,,,,,
426389,2010,2010-06-27,Old Trafford,1,24.2,Australia,England,MJ Clarke,SR Watson,GP Swann,1,0,,,,,,,,,
426389,2010,2010-06-27,Old Trafford,1,24.3,Australia,England,SR Watson,MJ Clarke,GP Swann,1,0,,,,,,,,,
426389,2010,2010-06-27,Old Trafford,1,24.4,Australia,England,MJ Clarke,SR Watson,GP Swann,0,0,,,,,,,,,
426389,2010,2010-06-27,Old Trafford,1,24.5,Australia,England,MJ Clarke,SR Watson,GP Swann,0,0,,,,,,,,,
426389,2010,2010-06-27,Old Trafford,1,24.6,Australia,England,MJ Clarke,SR Watson,GP Swann,1,0,,,,,,,,,
426389,2010,2010-06-27,Old Trafford,1,25.1,Australia,England,MJ Clarke,SR Watson,MH Yardy,2,0,,,,,,,,,
426389,2010,2010-06-27,Old Trafford,1,25.2,Australia,England,MJ Clarke,SR Watson,MH Yardy,1,0,,,,,,,,,
426389,2010,2010-06-27,Old Trafford,1,25.3,Australia,England,SR Watson,MJ Clarke,MH Yardy,1,0,,,,,,,,,
426389,2010,2010-06-27,Old Trafford,1,25.4,Australia,England,MJ Clarke,SR Watson,MH Yardy,0,0,,,,,,,,,
426389,2010,2010-06-27,Old Trafford,1,25.5,Australia,England,MJ Clarke,SR Watson,MH Yardy,1,0,,,,,,,,,
426389,2010,2010-06-27,Old Trafford,1,25.6,Australia,England,SR Watson,MJ Clarke,MH Yardy,1,0,,,,,,,,,
426389,2010,2010-06-27,Old Trafford,1,26.1,Australia,England,SR Watson,MJ Clarke,GP Swann,0,0,,,,,,,,,
426389,2010,2010-06-27,Old Trafford,1,26.2,Australia,England,SR Watson,MJ Clarke,GP Swann,1,0,,,,,,,,,
426389,2010,2010-06-27,Old Trafford,1,26.3,Australia,England,MJ Clarke,SR Watson,GP Swann,1,0,,,,,,,,,
426389,2010,2010-06-27,Old Trafford,1,26.4,Australia,England,SR Watson,MJ Clarke,GP Swann,0,0,,,,,,,,,
426389,2010,2010-06-27,Old Trafford,1,26.5,Australia,England,SR Watson,MJ Clarke,GP Swann,2,0,,,,,,,,,
426389,2010,2010-06-27,Old Trafford,1,26.6,Australia,England,SR Watson,MJ Clarke,GP Swann,0,0,,,,,,caught,SR Watson,,
426389,2010,2010-06-27,Old Trafford,1,27.1,Australia,England,MJ Clarke,CL White,MH Yardy,0,0,,,,,,,,,
426389,2010,2010-06-27,Old Trafford,1,27.2,Australia,England,MJ Clarke,CL White,MH Yardy,1,0,,,,,,,,,
426389,2010,2010-06-27,Old Trafford,1,27.3,Australia,England,CL White,MJ Clarke,MH Yardy,0,0,,,,,,,,,
426389,2010,2010-06-27,Old Trafford,1,27.4,Australia,England,CL White,MJ Clarke,MH Yardy,0,0,,,,,,,,,
426389,2010,2010-06-27,Old Trafford,1,27.5,Australia,England,CL White,MJ Clarke,MH Yardy,4,0,,,,,,,,,
426389,2010,2010-06-27,Old Trafford,1,27.6,Australia,England,CL White,MJ Clarke,MH Yardy,0,0,,,,,,,,,
426389,2010,2010-06-27,Old Trafford,1,28.1,Australia,England,MJ Clarke,CL White,GP Swann,1,0,,,,,,,,,
426389,2010,2010-06-27,Old Trafford,1,28.2,Australia,England,CL White,MJ Clarke,GP Swann,0,0,,,,,,,,,
426389,2010,2010-06-27,Old Trafford,1,28.3,Australia,England,CL White,MJ Clarke,GP Swann,0,0,,,,,,,,,
426389,2010,2010-06-27,Old Trafford,1,28.4,Australia,England,CL White,MJ Clarke,GP Swann,1,0,,,,,,,,,
426389,2010,2010-06-27,Old Trafford,1,28.5,Australia,England,MJ Clarke,CL White,GP Swann,0,0,,,,,,,,,
426389,2010,2010-06-27,Old Trafford,1,28.6,Australia,England,MJ Clarke,CL White,GP Swann,0,0,,,,,,,,,
426389,2010,2010-06-27,Old Trafford,1,29.1,Australia,England,CL White,MJ Clarke,TT Bresnan,4,0,,,,,,,,,
426389,2010,2010-06-27,Old Trafford,1,29.2,Australia,England,CL White,MJ Clarke,TT Bresnan,0,0,,,,,,,,,
426389,2010,2010-06-27,Old Trafford,1,29.3,Australia,England,CL White,MJ Clarke,TT Bresnan,0,0,,,,,,,,,
426389,2010,2010-06-27,Old Trafford,1,29.4,Australia,England,CL White,MJ Clarke,TT Bresnan,0,0,,,,,,,,,
426389,2010,2010-06-27,Old Trafford,1,29.5,Australia,England,CL White,MJ Clarke,TT Bresnan,0,0,,,,,,,,,
426389,2010,2010-06-27,Old Trafford,1,29.6,Australia,England,CL White,MJ Clarke,TT Bresnan,0,0,,,,,,,,,
426389,2010,2010-06-27,Old Trafford,1,30.1,Australia,England,MJ Clarke,CL White,GP Swann,0,0,,,,,,,,,
426389,2010,2010-06-27,Old Trafford,1,30.2,Australia,England,MJ Clarke,CL White,GP Swann,1,0,,,,,,,,,
426389,2010,2010-06-27,Old Trafford,1,30.3,Australia,England,CL White,MJ Clarke,GP Swann,0,0,,,,,,,,,
426389,2010,2010-06-27,Old Trafford,1,30.4,Australia,England,CL White,MJ Clarke,GP Swann,1,0,,,,,,,,,
426389,2010,2010-06-27,Old Trafford,1,30.5,Australia,England,MJ Clarke,CL White,GP Swann,0,0,,,,,,,,,
426389,2010,2010-06-27,Old Trafford,1,30.6,Australia,England,MJ Clarke,CL White,GP Swann,1,0,,,,,,,,,
426389,2010,2010-06-27,Old Trafford,1,31.1,Australia,England,MJ Clarke,CL White,TT Bresnan,0,0,,,,,,,,,
426389,2010,2010-06-27,Old Trafford,1,31.2,Australia,England,MJ Clarke,CL White,TT Bresnan,2,0,,,,,,,,,
426389,2010,2010-06-27,Old Trafford,1,31.3,Australia,England,MJ Clarke,CL White,TT Bresnan,2,0,,,,,,,,,
426389,2010,2010-06-27,Old Trafford,1,31.4,Australia,England,MJ Clarke,CL White,TT Bresnan,1,0,,,,,,,,,
426389,2010,2010-06-27,Old Trafford,1,31.5,Australia,England,CL White,MJ Clarke,TT Bresnan,0,0,,,,,,,,,
426389,2010,2010-06-27,Old Trafford,1,31.6,Australia,England,CL White,MJ Clarke,TT Bresnan,0,0,,,,,,,,,
426389,2010,2010-06-27,Old Trafford,1,32.1,Australia,England,MJ Clarke,CL White,GP Swann,1,0,,,,,,,,,
426389,2010,2010-06-27,Old Trafford,1,32.2,Australia,England,CL White,MJ Clarke,GP Swann,1,0,,,,,,,,,
426389,2010,2010-06-27,Old Trafford,1,32.3,Australia,England,MJ Clarke,CL White,GP Swann,0,0,,,,,,,,,
426389,2010,2010-06-27,Old Trafford,1,32.4,Australia,England,MJ Clarke,CL White,GP Swann,1,0,,,,,,,,,
426389,2010,2010-06-27,Old Trafford,1,32.5,Australia,England,CL White,MJ Clarke,GP Swann,0,0,,,,,,,,,
426389,2010,2010-06-27,Old Trafford,1,32.6,Australia,England,CL White,MJ Clarke,GP Swann,0,0,,,,,,,,,
426389,2010,2010-06-27,Old Trafford,1,33.1,Australia,England,MJ Clarke,CL White,PD Collingwood,0,0,,,,,,,,,
426389,2010,2010-06-27,Old Trafford,1,33.2,Australia,England,MJ Clarke,CL White,PD Collingwood,0,0,,,,,,,,,
426389,2010,2010-06-27,Old Trafford,1,33.3,Australia,England,MJ Clarke,CL White,PD Collingwood,0,0,,,,,,,,,
426389,2010,2010-06-27,Old Trafford,1,33.4,Australia,England,MJ Clarke,CL White,PD Collingwood,1,0,,,,,,,,,
426389,2010,2010-06-27,Old Trafford,1,33.5,Australia,England,CL White,MJ Clarke,PD Collingwood,0,0,,,,,,,,,
426389,2010,2010-06-27,Old Trafford,1,33.6,Australia,England,CL White,MJ Clarke,PD Collingwood,1,0,,,,,,,,,
426389,2010,2010-06-27,Old Trafford,1,34.1,Australia,England,CL White,MJ Clarke,GP Swann,0,0,,,,,,caught,CL White,,
426389,2010,2010-06-27,Old Trafford,1,34.2,Australia,England,MEK Hussey,MJ Clarke,GP Swann,0,0,,,,,,,,,
426389,2010,2010-06-27,Old Trafford,1,34.3,Australia,England,MEK Hussey,MJ Clarke,GP Swann,0,0,,,,,,,,,
426389,2010,2010-06-27,Old Trafford,1,34.4,Australia,England,MEK Hussey,MJ Clarke,GP Swann,0,0,,,,,,,,,
426389,2010,2010-06-27,Old Trafford,1,34.5,Australia,England,MEK Hussey,MJ Clarke,GP Swann,0,0,,,,,,,,,
426389,2010,2010-06-27,Old Trafford,1,34.6,Australia,England,MEK Hussey,MJ Clarke,GP Swann,0,0,,,,,,,,,
426389,2010,2010-06-27,Old Trafford,1,35.1,Australia,England,MJ Clarke,MEK Hussey,PD Collingwood,1,0,,,,,,,,,
426389,2010,2010-06-27,Old Trafford,1,35.2,Australia,England,MEK Hussey,MJ Clarke,PD Collingwood,1,0,,,,,,,,,
426389,2010,2010-06-27,Old Trafford,1,35.3,Australia,England,MJ Clarke,MEK Hussey,PD Collingwood,0,0,,,,,,,,,
426389,2010,2010-06-27,Old Trafford,1,35.4,Australia,England,MJ Clarke,MEK Hussey,PD Collingwood,1,0,,,,,,,,,
426389,2010,2010-06-27,Old Trafford,1,35.5,Australia,England,MEK Hussey,MJ Clarke,PD Collingwood,1,0,,,,,,,,,
426389,2010,2010-06-27,Old Trafford,1,35.6,Australia,England,MJ Clarke,MEK Hussey,PD Collingwood,0,0,,,,,,,,,
426389,2010,2010-06-27,Old Trafford,1,36.1,Australia,England,MEK Hussey,MJ Clarke,GP Swann,0,0,,,,,,,,,
426389,2010,2010-06-27,Old Trafford,1,36.2,Australia,England,MEK Hussey,MJ Clarke,GP Swann,0,0,,,,,,,,,
426389,2010,2010-06-27,Old Trafford,1,36.3,Australia,England,MEK Hussey,MJ Clarke,GP Swann,4,0,,,,,,,,,
426389,2010,2010-06-27,Old Trafford,1,36.4,Australia,England,MEK Hussey,MJ Clarke,GP Swann,1,0,,,,,,,,,
426389,2010,2010-06-27,Old Trafford,1,36.5,Australia,England,MJ Clarke,MEK Hussey,GP Swann,0,0,,,,,,,,,
426389,2010,2010-06-27,Old Trafford,1,36.6,Australia,England,MJ Clarke,MEK Hussey,GP Swann,0,0,,,,,,,,,
426389,2010,2010-06-27,Old Trafford,1,37.1,Australia,England,MEK Hussey,MJ Clarke,PD Collingwood,1,0,,,,,,,,,
426389,2010,2010-06-27,Old Trafford,1,37.2,Australia,England,MJ Clarke,MEK Hussey,PD Collingwood,0,0,,,,,,,,,
426389,2010,2010-06-27,Old Trafford,1,37.3,Australia,England,MJ Clarke,MEK Hussey,PD Collingwood,1,0,,,,,,,,,
426389,2010,2010-06-27,Old Trafford,1,37.4,Australia,England,MEK Hussey,MJ Clarke,PD Collingwood,1,0,,,,,,,,,
426389,2010,2010-06-27,Old Trafford,1,37.5,Australia,England,MJ Clarke,MEK Hussey,PD Collingwood,1,0,,,,,,,,,
426389,2010,2010-06-27,Old Trafford,1,37.6,Australia,England,MEK Hussey,MJ Clarke,PD Collingwood,0,0,,,,,,,,,
426389,2010,2010-06-27,Old Trafford,1,38.1,Australia,England,MJ Clarke,MEK Hussey,GP Swann,1,0,,,,,,,,,
426389,2010,2010-06-27,Old Trafford,1,38.2,Australia,England,MEK Hussey,MJ Clarke,GP Swann,1,0,,,,,,,,,
426389,2010,2010-06-27,Old Trafford,1,38.3,Australia,England,MJ Clarke,MEK Hussey,GP Swann,0,0,,,,,,,,,
426389,2010,2010-06-27,Old Trafford,1,38.4,Australia,England,MJ Clarke,MEK Hussey,GP Swann,0,0,,,,,,caught,MJ Clarke,,
426389,2010,2010-06-27,Old Trafford,1,38.5,Australia,England,MEK Hussey,SPD Smith,GP Swann,1,0,,,,,,,,,
426389,2010,2010-06-27,Old Trafford,1,38.6,Australia,England,SPD Smith,MEK Hussey,GP Swann,0,0,,,,,,,,,
426389,2010,2010-06-27,Old Trafford,1,39.1,Australia,England,MEK Hussey,SPD Smith,MH Yardy,1,0,,,,,,,,,
426389,2010,2010-06-27,Old Trafford,1,39.2,Australia,England,SPD Smith,MEK Hussey,MH Yardy,1,0,,,,,,,,,
426389,2010,2010-06-27,Old Trafford,1,39.3,Australia,England,MEK Hussey,SPD Smith,MH Yardy,1,0,,,,,,,,,
426389,2010,2010-06-27,Old Trafford,1,39.4,Australia,England,SPD Smith,MEK Hussey,MH Yardy,1,0,,,,,,,,,
426389,2010,2010-06-27,Old Trafford,1,39.5,Australia,England,MEK Hussey,SPD Smith,MH Yardy,4,0,,,,,,,,,
426389,2010,2010-06-27,Old Trafford,1,39.6,Australia,England,MEK Hussey,SPD Smith,MH Yardy,4,0,,,,,,,,,
426389,2010,2010-06-27,Old Trafford,1,40.1,Australia,England,SPD Smith,MEK Hussey,PD Collingwood,1,0,,,,,,,,,
426389,2010,2010-06-27,Old Trafford,1,40.2,Australia,England,MEK Hussey,SPD Smith,PD Collingwood,0,0,,,,,,bowled,MEK Hussey,,
426389,2010,2010-06-27,Old Trafford,1,40.3,Australia,England,JR Hopes,SPD Smith,PD Collingwood,1,0,,,,,,,,,
426389,2010,2010-06-27,Old Trafford,1,40.4,Australia,England,SPD Smith,JR Hopes,PD Collingwood,2,0,,,,,,,,,
426389,2010,2010-06-27,Old Trafford,1,40.5,Australia,England,SPD Smith,JR Hopes,PD Collingwood,0,0,,,,,,,,,
426389,2010,2010-06-27,Old Trafford,1,40.6,Australia,England,SPD Smith,JR Hopes,PD Collingwood,0,0,,,,,,,,,
426389,2010,2010-06-27,Old Trafford,1,41.1,Australia,England,JR Hopes,SPD Smith,MH Yardy,0,0,,,,,,,,,
426389,2010,2010-06-27,Old Trafford,1,41.2,Australia,England,JR Hopes,SPD Smith,MH Yardy,1,0,,,,,,,,,
426389,2010,2010-06-27,Old Trafford,1,41.3,Australia,England,SPD Smith,JR Hopes,MH Yardy,1,0,,,,,,,,,
426389,2010,2010-06-27,Old Trafford,1,41.4,Australia,England,JR Hopes,SPD Smith,MH Yardy,1,0,,,,,,,,,
426389,2010,2010-06-27,Old Trafford,1,41.5,Australia,England,SPD Smith,JR Hopes,MH Yardy,1,0,,,,,,,,,
426389,2010,2010-06-27,Old Trafford,1,41.6,Australia,England,JR Hopes,SPD Smith,MH Yardy,0,0,,,,,,,,,
426389,2010,2010-06-27,Old Trafford,1,42.1,Australia,England,SPD Smith,JR Hopes,PD Collingwood,4,0,,,,,,,,,
426389,2010,2010-06-27,Old Trafford,1,42.2,Australia,England,SPD Smith,JR Hopes,PD Collingwood,1,0,,,,,,,,,
426389,2010,2010-06-27,Old Trafford,1,42.3,Australia,England,JR Hopes,SPD Smith,PD Collingwood,1,0,,,,,,,,,
426389,2010,2010-06-27,Old Trafford,1,42.4,Australia,England,SPD Smith,JR Hopes,PD Collingwood,0,0,,,,,,,,,
426389,2010,2010-06-27,Old Trafford,1,42.5,Australia,England,SPD Smith,JR Hopes,PD Collingwood,1,0,,,,,,,,,
426389,2010,2010-06-27,Old Trafford,1,42.6,Australia,England,JR Hopes,SPD Smith,PD Collingwood,0,0,,,,,,,,,
426389,2010,2010-06-27,Old Trafford,1,43.1,Australia,England,SPD Smith,JR Hopes,JM Anderson,1,0,,,,,,,,,
426389,2010,2010-06-27,Old Trafford,1,43.2,Australia,England,JR Hopes,SPD Smith,JM Anderson,2,0,,,,,,,,,
426389,2010,2010-06-27,Old Trafford,1,43.3,Australia,England,JR Hopes,SPD Smith,JM Anderson,0,0,,,,,,,,,
426389,2010,2010-06-27,Old Trafford,1,43.4,Australia,England,JR Hopes,SPD Smith,JM Anderson,1,0,,,,,,,,,
426389,2010,2010-06-27,Old Trafford,1,43.5,Australia,England,SPD Smith,JR Hopes,JM Anderson,1,0,,,,,,,,,
426389,2010,2010-06-27,Old Trafford,1,43.6,Australia,England,JR Hopes,SPD Smith,JM Anderson,0,0,,,,,,bowled,JR Hopes,,
426389,2010,2010-06-27,Old Trafford,1,44.1,Australia,England,SPD Smith,RJ Harris,SCJ Broad,2,0,,,,,,,,,
426389,2010,2010-06-27,Old Trafford,1,44.2,Australia,England,SPD Smith,RJ Harris,SCJ Broad,1,0,,,,,,,,,
426389,2010,2010-06-27,Old Trafford,1,44.3,Australia,England,RJ Harris,SPD Smith,SCJ Broad,1,0,,,,,,,,,
426389,2010,2010-06-27,Old Trafford,1,44.4,Australia,England,SPD Smith,RJ Harris,SCJ Broad,1,0,,,,,,,,,
426389,2010,2010-06-27,Old Trafford,1,44.5,Australia,England,RJ Harris,SPD Smith,SCJ Broad,0,0,,,,,,caught,RJ Harris,,
426389,2010,2010-06-27,Old Trafford,1,44.6,Australia,England,DE Bollinger,SPD Smith,SCJ Broad,0,0,,,,,,,,,
426389,2010,2010-06-27,Old Trafford,1,45.1,Australia,England,SPD Smith,DE Bollinger,JM Anderson,1,0,,,,,,,,,
426389,2010,2010-06-27,Old Trafford,1,45.2,Australia,England,DE Bollinger,SPD Smith,JM Anderson,3,0,,,,,,,,,
426389,2010,2010-06-27,Old Trafford,1,45.3,Australia,England,SPD Smith,DE Bollinger,JM Anderson,0,0,,,,,,,,,
426389,2010,2010-06-27,Old Trafford,1,45.4,Australia,England,SPD Smith,DE Bollinger,JM Anderson,0,0,,,,,,lbw,SPD Smith,,
426389,2010,2010-06-27,Old Trafford,1,45.5,Australia,England,SW Tait,DE Bollinger,JM Anderson,1,0,,,,,,,,,
426389,2010,2010-06-27,Old Trafford,1,45.6,Australia,England,DE Bollinger,SW Tait,JM Anderson,0,0,,,,,,bowled,DE Bollinger,,
426389,2010,2010-06-27,Old Trafford,2,0.1,England,Australia,AJ Strauss,C Kieswetter,SW Tait,0,0,,,,,,,,,
426389,2010,2010-06-27,Old Trafford,2,0.2,England,Australia,AJ Strauss,C Kieswetter,SW Tait,0,0,,,,,,,,,
426389,2010,2010-06-27,Old Trafford,2,0.3,England,Australia,AJ Strauss,C Kieswetter,SW Tait,1,0,,,,,,,,,
426389,2010,2010-06-27,Old Trafford,2,0.4,England,Australia,C Kieswetter,AJ Strauss,SW Tait,0,0,,,,,,bowled,C Kieswetter,,
426389,2010,2010-06-27,Old Trafford,2,0.5,England,Australia,KP Pietersen,AJ Strauss,SW Tait,0,0,,,,,,,,,
426389,2010,2010-06-27,Old Trafford,2,0.6,England,Australia,KP Pietersen,AJ Strauss,SW Tait,0,0,,,,,,,,,
426389,2010,2010-06-27,Old Trafford,2,1.1,England,Australia,AJ Strauss,KP Pietersen,DE Bollinger,0,0,,,,,,,,,
426389,2010,2010-06-27,Old Trafford,2,1.2,England,Australia,AJ Strauss,KP Pietersen,DE Bollinger,0,0,,,,,,,,,
426389,2010,2010-06-27,Old Trafford,2,1.3,England,Australia,AJ Strauss,KP Pietersen,DE Bollinger,0,0,,,,,,,,,
426389,2010,2010-06-27,Old Trafford,2,1.4,England,Australia,AJ Strauss,KP Pietersen,DE Bollinger,3,0,,,,,,,,,
426389,2010,2010-06-27,Old Trafford,2,1.5,England,Australia,KP Pietersen,AJ Strauss,DE Bollinger,0,0,,,,,,,,,
426389,2010,2010-06-27,Old Trafford,2,1.6,England,Australia,KP Pietersen,AJ Strauss,DE Bollinger,0,0,,,,,,,,,
426389,2010,2010-06-27,Old Trafford,2,2.1,England,Australia,AJ Strauss,KP Pietersen,SW Tait,1,0,,,,,,,,,
426389,2010,2010-06-27,Old Trafford,2,2.2,England,Australia,KP Pietersen,AJ Strauss,SW Tait,0,0,,,,,,,,,
426389,2010,2010-06-27,Old Trafford,2,2.3,England,Australia,KP Pietersen,AJ Strauss,SW Tait,0,0,,,,,,,,,
426389,2010,2010-06-27,Old Trafford,2,2.4,England,Australia,KP Pietersen,AJ Strauss,SW Tait,1,0,,,,,,,,,
426389,2010,2010-06-27,Old Trafford,2,2.5,England,Australia,AJ Strauss,KP Pietersen,SW Tait,0,1,1,,,,,,,,
426389,2010,2010-06-27,Old Trafford,2,2.6,England,Australia,AJ Strauss,KP Pietersen,SW Tait,0,0,,,,,,,,,
426389,2010,2010-06-27,Old Trafford,2,2.7,England,Australia,AJ Strauss,KP Pietersen,SW Tait,0,0,,,,,,,,,
426389,2010,2010-06-27,Old Trafford,2,3.1,England,Australia,KP Pietersen,AJ Strauss,DE Bollinger,0,0,,,,,,,,,
426389,2010,2010-06-27,Old Trafford,2,3.2,England,Australia,KP Pietersen,AJ Strauss,DE Bollinger,0,0,,,,,,,,,
426389,2010,2010-06-27,Old Trafford,2,3.3,England,Australia,KP Pietersen,AJ Strauss,DE Bollinger,0,0,,,,,,,,,
426389,2010,2010-06-27,Old Trafford,2,3.4,England,Australia,KP Pietersen,AJ Strauss,DE Bollinger,0,0,,,,,,,,,
426389,2010,2010-06-27,Old Trafford,2,3.5,England,Australia,KP Pietersen,AJ Strauss,DE Bollinger,0,0,,,,,,,,,
426389,2010,2010-06-27,Old Trafford,2,3.6,England,Australia,KP Pietersen,AJ Strauss,DE Bollinger,0,0,,,,,,,,,
426389,2010,2010-06-27,Old Trafford,2,4.1,England,Australia,AJ Strauss,KP Pietersen,RJ Harris,0,0,,,,,,,,,
426389,2010,2010-06-27,Old Trafford,2,4.2,England,Australia,AJ Strauss,KP Pietersen,RJ Harris,4,0,,,,,,,,,
426389,2010,2010-06-27,Old Trafford,2,4.3,England,Australia,AJ Strauss,KP Pietersen,RJ Harris,0,0,,,,,,,,,
426389,2010,2010-06-27,Old Trafford,2,4.4,England,Australia,AJ Strauss,KP Pietersen,RJ Harris,0,0,,,,,,,,,
426389,2010,2010-06-27,Old Trafford,2,4.5,England,Australia,AJ Strauss,KP Pietersen,RJ Harris,0,0,,,,,,,,,
426389,2010,2010-06-27,Old Trafford,2,4.6,England,Australia,AJ Strauss,KP Pietersen,RJ Harris,1,0,,,,,,,,,
426389,2010,2010-06-27,Old Trafford,2,5.1,England,Australia,AJ Strauss,KP Pietersen,DE Bollinger,0,0,,,,,,,,,
426389,2010,2010-06-27,Old Trafford,2,5.2,England,Australia,AJ Strauss,KP Pietersen,DE Bollinger,0,0,,,,,,,,,
426389,2010,2010-06-27,Old Trafford,2,5.3,England,Australia,AJ Strauss,KP Pietersen,DE Bollinger,0,0,,,,,,,,,
426389,2010,2010-06-27,Old Trafford,2,5.4,England,Australia,AJ Strauss,KP Pietersen,DE Bollinger,0,0,,,,,,,,,
426389,2010,2010-06-27,Old Trafford,2,5.5,England,Australia,AJ Strauss,KP Pietersen,DE Bollinger,0,0,,,,,,,,,
426389,2010,2010-06-27,Old Trafford,2,5.6,England,Australia,AJ Strauss,KP Pietersen,DE Bollinger,0,0,,,,,,,,,
426389,2010,2010-06-27,Old Trafford,2,6.1,England,Australia,KP Pietersen,AJ Strauss,RJ Harris,1,0,,,,,,,,,
426389,2010,2010-06-27,Old Trafford,2,6.2,England,Australia,AJ Strauss,KP Pietersen,RJ Harris,4,0,,,,,,,,,
426389,2010,2010-06-27,Old Trafford,2,6.3,England,Australia,AJ Strauss,KP Pietersen,RJ Harris,0,0,,,,,,,,,
426389,2010,2010-06-27,Old Trafford,2,6.4,England,Australia,AJ Strauss,KP Pietersen,RJ Harris,0,0,,,,,,,,,
426389,2010,2010-06-27,Old Trafford,2,6.5,England,Australia,AJ Strauss,KP Pietersen,RJ Harris,1,0,,,,,,,,,
426389,2010,2010-06-27,Old Trafford,2,6.6,England,Australia,KP Pietersen,AJ Strauss,RJ Harris,4,0,,,,,,,,,
426389,2010,2010-06-27,Old Trafford,2,7.1,England,Australia,AJ Strauss,KP Pietersen,DE Bollinger,1,0,,,,,,,,,
426389,2010,2010-06-27,Old Trafford,2,7.2,England,Australia,KP Pietersen,AJ Strauss,DE Bollinger,0,0,,,,,,,,,
426389,2010,2010-06-27,Old Trafford,2,7.3,England,Australia,KP Pietersen,AJ Strauss,DE Bollinger,0,0,,,,,,,,,
426389,2010,2010-06-27,Old Trafford,2,7.4,England,Australia,KP Pietersen,AJ Strauss,DE Bollinger,0,0,,,,,,,,,
426389,2010,2010-06-27,Old Trafford,2,7.5,England,Australia,KP Pietersen,AJ Strauss,DE Bollinger,1,0,,,,,,,,,
426389,2010,2010-06-27,Old Trafford,2,7.6,England,Australia,AJ Strauss,KP Pietersen,DE Bollinger,0,0,,,,,,,,,
426389,2010,2010-06-27,Old Trafford,2,8.1,England,Australia,KP Pietersen,AJ Strauss,RJ Harris,4,0,,,,,,,,,
426389,2010,2010-06-27,Old Trafford,2,8.2,England,Australia,KP Pietersen,AJ Strauss,RJ Harris,4,0,,,,,,,,,
426389,2010,2010-06-27,Old Trafford,2,8.3,England,Australia,KP Pietersen,AJ Strauss,RJ Harris,0,0,,,,,,,,,
426389,2010,2010-06-27,Old Trafford,2,8.4,England,Australia,KP Pietersen,AJ Strauss,RJ Harris,0,0,,,,,,,,,
426389,2010,2010-06-27,Old Trafford,2,8.5,England,Australia,KP Pietersen,AJ Strauss,RJ Harris,0,0,,,,,,,,,
426389,2010,2010-06-27,Old Trafford,2,8.6,England,Australia,KP Pietersen,AJ Strauss,RJ Harris,4,0,,,,,,,,,
426389,2010,2010-06-27,Old Trafford,2,9.1,England,Australia,AJ Strauss,KP Pietersen,DE Bollinger,0,0,,,,,,,,,
426389,2010,2010-06-27,Old Trafford,2,9.2,England,Australia,AJ Strauss,KP Pietersen,DE Bollinger,1,0,,,,,,,,,
426389,2010,2010-06-27,Old Trafford,2,9.3,England,Australia,KP Pietersen,AJ Strauss,DE Bollinger,0,0,,,,,,,,,
426389,2010,2010-06-27,Old Trafford,2,9.4,England,Australia,KP Pietersen,AJ Strauss,DE Bollinger,0,0,,,,,,,,,
426389,2010,2010-06-27,Old Trafford,2,9.5,England,Australia,KP Pietersen,AJ Strauss,DE Bollinger,0,0,,,,,,,,,
426389,2010,2010-06-27,Old Trafford,2,9.6,England,Australia,KP Pietersen,AJ Strauss,DE Bollinger,0,0,,,,,,,,,
426389,2010,2010-06-27,Old Trafford,2,10.1,England,Australia,AJ Strauss,KP Pietersen,JR Hopes,0,0,,,,,,,,,
426389,2010,2010-06-27,Old Trafford,2,10.2,England,Australia,AJ Strauss,KP Pietersen,JR Hopes,4,0,,,,,,,,,
426389,2010,2010-06-27,Old Trafford,2,10.3,England,Australia,AJ Strauss,KP Pietersen,JR Hopes,1,0,,,,,,,,,
426389,2010,2010-06-27,Old Trafford,2,10.4,England,Australia,KP Pietersen,AJ Strauss,JR Hopes,1,0,,,,,,,,,
426389,2010,2010-06-27,Old Trafford,2,10.5,England,Australia,AJ Strauss,KP Pietersen,JR Hopes,1,0,,,,,,,,,
426389,2010,2010-06-27,Old Trafford,2,10.6,England,Australia,KP Pietersen,AJ Strauss,JR Hopes,4,0,,,,,,,,,
426389,2010,2010-06-27,Old Trafford,2,11.1,England,Australia,AJ Strauss,KP Pietersen,MJ Clarke,0,0,,,,,,,,,
426389,2010,2010-06-27,Old Trafford,2,11.2,England,Australia,AJ Strauss,KP Pietersen,MJ Clarke,1,0,,,,,,,,,
426389,2010,2010-06-27,Old Trafford,2,11.3,England,Australia,KP Pietersen,AJ Strauss,MJ Clarke,0,0,,,,,,,,,
426389,2010,2010-06-27,Old Trafford,2,11.4,England,Australia,KP Pietersen,AJ Strauss,MJ Clarke,1,0,,,,,,,,,
426389,2010,2010-06-27,Old Trafford,2,11.5,England,Australia,AJ Strauss,KP Pietersen,MJ Clarke,1,0,,,,,,,,,
426389,2010,2010-06-27,Old Trafford,2,11.6,England,Australia,KP Pietersen,AJ Strauss,MJ Clarke,0,0,,,,,,,,,
426389,2010,2010-06-27,Old Trafford,2,12.1,England,Australia,AJ Strauss,KP Pietersen,SW Tait,0,0,,,,,,,,,
426389,2010,2010-06-27,Old Trafford,2,12.2,England,Australia,AJ Strauss,KP Pietersen,SW Tait,0,0,,,,,,,,,
426389,2010,2010-06-27,Old Trafford,2,12.3,England,Australia,AJ Strauss,KP Pietersen,SW Tait,1,0,,,,,,,,,
426389,2010,2010-06-27,Old Trafford,2,12.4,England,Australia,KP Pietersen,AJ Strauss,SW Tait,0,0,,,,,,,,,
426389,2010,2010-06-27,Old Trafford,2,12.5,England,Australia,KP Pietersen,AJ Strauss,SW Tait,0,0,,,,,,caught and bowled,KP Pietersen,,
426389,2010,2010-06-27,Old Trafford,2,12.6,England,Australia,PD Collingwood,AJ Strauss,SW Tait,0,1,1,,,,,,,,
426389,2010,2010-06-27,Old Trafford,2,12.7,England,Australia,PD Collingwood,AJ Strauss,SW Tait,1,0,,,,,,,,,
426389,2010,2010-06-27,Old Trafford,2,13.1,England,Australia,PD Collingwood,AJ Strauss,MJ Clarke,0,0,,,,,,,,,
426389,2010,2010-06-27,Old Trafford,2,13.2,England,Australia,PD Collingwood,AJ Strauss,MJ Clarke,0,0,,,,,,,,,
426389,2010,2010-06-27,Old Trafford,2,13.3,England,Australia,PD Collingwood,AJ Strauss,MJ Clarke,6,0,,,,,,,,,
426389,2010,2010-06-27,Old Trafford,2,13.4,England,Australia,PD Collingwood,AJ Strauss,MJ Clarke,1,0,,,,,,,,,
426389,2010,2010-06-27,Old Trafford,2,13.5,England,Australia,AJ Strauss,PD Collingwood,MJ Clarke,2,0,,,,,,,,,
426389,2010,2010-06-27,Old Trafford,2,13.6,England,Australia,AJ Strauss,PD Collingwood,MJ Clarke,4,0,,,,,,,,,
426389,2010,2010-06-27,Old Trafford,2,14.1,England,Australia,PD Collingwood,AJ Strauss,SW Tait,0,0,,,,,,,,,
426389,2010,2010-06-27,Old Trafford,2,14.2,England,Australia,PD Collingwood,AJ Strauss,SW Tait,0,1,1,,,,,,,,
426389,2010,2010-06-27,Old Trafford,2,14.3,England,Australia,PD Collingwood,AJ Strauss,SW Tait,0,0,,,,,,,,,
426389,2010,2010-06-27,Old Trafford,2,14.4,England,Australia,PD Collingwood,AJ Strauss,SW Tait,0,0,,,,,,,,,
426389,2010,2010-06-27,Old Trafford,2,14.5,England,Australia,PD Collingwood,AJ Strauss,SW Tait,0,0,,,,,,,,,
426389,2010,2010-06-27,Old Trafford,2,14.6,England,Australia,PD Collingwood,AJ Strauss,SW Tait,0,1,1,,,,,,,,
426389,2010,2010-06-27,Old Trafford,2,14.7,England,Australia,PD Collingwood,AJ Strauss,SW Tait,0,0,,,,,,,,,
426389,2010,2010-06-27,Old Trafford,2,14.8,England,Australia,PD Collingwood,AJ Strauss,SW Tait,0,0,,,,,,,,,
426389,2010,2010-06-27,Old Trafford,2,15.1,England,Australia,AJ Strauss,PD Collingwood,JR Hopes,0,0,,,,,,,,,
426389,2010,2010-06-27,Old Trafford,2,15.2,England,Australia,AJ Strauss,PD Collingwood,JR Hopes,1,0,,,,,,,,,
426389,2010,2010-06-27,Old Trafford,2,15.3,England,Australia,PD Collingwood,AJ Strauss,JR Hopes,0,0,,,,,,,,,
426389,2010,2010-06-27,Old Trafford,2,15.4,England,Australia,PD Collingwood,AJ Strauss,JR Hopes,0,0,,,,,,,,,
426389,2010,2010-06-27,Old Trafford,2,15.5,England,Australia,PD Collingwood,AJ Strauss,JR Hopes,1,0,,,,,,,,,
426389,2010,2010-06-27,Old Trafford,2,15.6,England,Australia,AJ Strauss,PD Collingwood,JR Hopes,1,0,,,,,,,,,
426389,2010,2010-06-27,Old Trafford,2,16.1,England,Australia,AJ Strauss,PD Collingwood,RJ Harris,0,0,,,,,,,,,
426389,2010,2010-06-27,Old Trafford,2,16.2,England,Australia,AJ Strauss,PD Collingwood,RJ Harris,1,0,,,,,,,,,
426389,2010,2010-06-27,Old Trafford,2,16.3,England,Australia,PD Collingwood,AJ Strauss,RJ Harris,0,0,,,,,,,,,
426389,2010,2010-06-27,Old Trafford,2,16.4,England,Australia,PD Collingwood,AJ Strauss,RJ Harris,0,0,,,,,,,,,
426389,2010,2010-06-27,Old Trafford,2,16.5,England,Australia,PD Collingwood,AJ Strauss,RJ Harris,0,0,,,,,,,,,
426389,2010,2010-06-27,Old Trafford,2,16.6,England,Australia,PD Collingwood,AJ Strauss,RJ Harris,1,0,,,,,,,,,
426389,2010,2010-06-27,Old Trafford,2,17.1,England,Australia,PD Collingwood,AJ Strauss,JR Hopes,2,0,,,,,,,,,
426389,2010,2010-06-27,Old Trafford,2,17.2,England,Australia,PD Collingwood,AJ Strauss,JR Hopes,0,0,,,,,,,,,
426389,2010,2010-06-27,Old Trafford,2,17.3,England,Australia,PD Collingwood,AJ Strauss,JR Hopes,0,0,,,,,,,,,
426389,2010,2010-06-27,Old Trafford,2,17.4,England,Australia,PD Collingwood,AJ Strauss,JR Hopes,1,0,,,,,,,,,
426389,2010,2010-06-27,Old Trafford,2,17.5,England,Australia,AJ Strauss,PD Collingwood,JR Hopes,0,0,,,,,,,,,
426389,2010,2010-06-27,Old Trafford,2,17.6,England,Australia,AJ Strauss,PD Collingwood,JR Hopes,1,0,,,,,,,,,
426389,2010,2010-06-27,Old Trafford,2,18.1,England,Australia,AJ Strauss,PD Collingwood,RJ Harris,1,0,,,,,,,,,
426389,2010,2010-06-27,Old Trafford,2,18.2,England,Australia,PD Collingwood,AJ Strauss,RJ Harris,0,0,,,,,,,,,
426389,2010,2010-06-27,Old Trafford,2,18.3,England,Australia,PD Collingwood,AJ Strauss,RJ Harris,0,0,,,,,,,,,
426389,2010,2010-06-27,Old Trafford,2,18.4,England,Australia,PD Collingwood,AJ Strauss,RJ Harris,2,0,,,,,,,,,
426389,2010,2010-06-27,Old Trafford,2,18.5,England,Australia,PD Collingwood,AJ Strauss,RJ Harris,1,0,,,,,,,,,
426389,2010,2010-06-27,Old Trafford,2,18.6,England,Australia,AJ Strauss,PD Collingwood,RJ Harris,0,0,,,,,,,,,
426389,2010,2010-06-27,Old Trafford,2,19.1,England,Australia,PD Collingwood,AJ Strauss,SPD Smith,0,0,,,,,,,,,
426389,2010,2010-06-27,Old Trafford,2,19.2,England,Australia,PD Collingwood,AJ Strauss,SPD Smith,0,0,,,,,,,,,
426389,2010,2010-06-27,Old Trafford,2,19.3,England,Australia,PD Collingwood,AJ Strauss,SPD Smith,1,0,,,,,,,,,
426389,2010,2010-06-27,Old Trafford,2,19.4,England,Australia,AJ Strauss,PD Collingwood,SPD Smith,0,0,,,,,,,,,
426389,2010,2010-06-27,Old Trafford,2,19.5,England,Australia,AJ Strauss,PD Collingwood,SPD Smith,1,0,,,,,,,,,
426389,2010,2010-06-27,Old Trafford,2,19.6,England,Australia,PD Collingwood,AJ Strauss,SPD Smith,1,0,,,,,,,,,
426389,2010,2010-06-27,Old Trafford,2,20.1,England,Australia,PD Collingwood,AJ Strauss,JR Hopes,0,0,,,,,,,,,
426389,2010,2010-06-27,Old Trafford,2,20.2,England,Australia,PD Collingwood,AJ Strauss,JR Hopes,0,0,,,,,,,,,
426389,2010,2010-06-27,Old Trafford,2,20.3,England,Australia,PD Collingwood,AJ Strauss,JR Hopes,4,0,,,,,,,,,
426389,2010,2010-06-27,Old Trafford,2,20.4,England,Australia,PD Collingwood,AJ Strauss,JR Hopes,1,0,,,,,,,,,
426389,2010,2010-06-27,Old Trafford,2,20.5,England,Australia,AJ Strauss,PD Collingwood,JR Hopes,0,0,,,,,,,,,
426389,2010,2010-06-27,Old Trafford,2,20.6,England,Australia,AJ Strauss,PD Collingwood,JR Hopes,2,0,,,,,,,,,
426389,2010,2010-06-27,Old Trafford,2,21.1,England,Australia,PD Collingwood,AJ Strauss,SPD Smith,1,0,,,,,,,,,
426389,2010,2010-06-27,Old Trafford,2,21.2,England,Australia,AJ Strauss,PD Collingwood,SPD Smith,0,0,,,,,,,,,
426389,2010,2010-06-27,Old Trafford,2,21.3,England,Australia,AJ Strauss,PD Collingwood,SPD Smith,4,0,,,,,,,,,
426389,2010,2010-06-27,Old Trafford,2,21.4,England,Australia,AJ Strauss,PD Collingwood,SPD Smith,1,0,,,,,,,,,
426389,2010,2010-06-27,Old Trafford,2,21.5,England,Australia,PD Collingwood,AJ Strauss,SPD Smith,1,0,,,,,,,,,
426389,2010,2010-06-27,Old Trafford,2,21.6,England,Australia,AJ Strauss,PD Collingwood,SPD Smith,0,0,,,,,,,,,
426389,2010,2010-06-27,Old Trafford,2,22.1,England,Australia,PD Collingwood,AJ Strauss,MJ Clarke,1,0,,,,,,,,,
426389,2010,2010-06-27,Old Trafford,2,22.2,England,Australia,AJ Strauss,PD Collingwood,MJ Clarke,0,0,,,,,,,,,
426389,2010,2010-06-27,Old Trafford,2,22.3,England,Australia,AJ Strauss,PD Collingwood,MJ Clarke,1,0,,,,,,,,,
426389,2010,2010-06-27,Old Trafford,2,22.4,England,Australia,PD Collingwood,AJ Strauss,MJ Clarke,1,0,,,,,,,,,
426389,2010,2010-06-27,Old Trafford,2,22.5,England,Australia,AJ Strauss,PD Collingwood,MJ Clarke,1,0,,,,,,,,,
426389,2010,2010-06-27,Old Trafford,2,22.6,England,Australia,PD Collingwood,AJ Strauss,MJ Clarke,0,0,,,,,,,,,
426389,2010,2010-06-27,Old Trafford,2,23.1,England,Australia,AJ Strauss,PD Collingwood,SPD Smith,0,0,,,,,,,,,
426389,2010,2010-06-27,Old Trafford,2,23.2,England,Australia,AJ Strauss,PD Collingwood,SPD Smith,1,0,,,,,,,,,
426389,2010,2010-06-27,Old Trafford,2,23.3,England,Australia,PD Collingwood,AJ Strauss,SPD Smith,0,0,,,,,,,,,
426389,2010,2010-06-27,Old Trafford,2,23.4,England,Australia,PD Collingwood,AJ Strauss,SPD Smith,1,0,,,,,,,,,
426389,2010,2010-06-27,Old Trafford,2,23.5,England,Australia,AJ Strauss,PD Collingwood,SPD Smith,0,0,,,,,,,,,
426389,2010,2010-06-27,Old Trafford,2,23.6,England,Australia,AJ Strauss,PD Collingwood,SPD Smith,0,0,,,,,,,,,
426389,2010,2010-06-27,Old Trafford,2,24.1,England,Australia,PD Collingwood,AJ Strauss,MJ Clarke,1,0,,,,,,,,,
426389,2010,2010-06-27,Old Trafford,2,24.2,England,Australia,AJ Strauss,PD Collingwood,MJ Clarke,1,0,,,,,,,,,
426389,2010,2010-06-27,Old Trafford,2,24.3,England,Australia,PD Collingwood,AJ Strauss,MJ Clarke,1,0,,,,,,,,,
426389,2010,2010-06-27,Old Trafford,2,24.4,England,Australia,AJ Strauss,PD Collingwood,MJ Clarke,1,0,,,,,,,,,
426389,2010,2010-06-27,Old Trafford,2,24.5,England,Australia,PD Collingwood,AJ Strauss,MJ Clarke,0,0,,,,,,,,,
426389,2010,2010-06-27,Old Trafford,2,24.6,England,Australia,PD Collingwood,AJ Strauss,MJ Clarke,1,0,,,,,,,,,
426389,2010,2010-06-27,Old Trafford,2,25.1,England,Australia,PD Collingwood,AJ Strauss,SPD Smith,0,0,,,,,,,,,
426389,2010,2010-06-27,Old Trafford,2,25.2,England,Australia,PD Collingwood,AJ Strauss,SPD Smith,0,0,,,,,,,,,
426389,2010,2010-06-27,Old Trafford,2,25.3,England,Australia,PD Collingwood,AJ Strauss,SPD Smith,0,0,,,,,,,,,
426389,2010,2010-06-27,Old Trafford,2,25.4,England,Australia,PD Collingwood,AJ Strauss,SPD Smith,1,0,,,,,,,,,
426389,2010,2010-06-27,Old Trafford,2,25.5,England,Australia,AJ Strauss,PD Collingwood,SPD Smith,0,0,,,,,,,,,
426389,2010,2010-06-27,Old Trafford,2,25.6,England,Australia,AJ Strauss,PD Collingwood,SPD Smith,1,0,,,,,,,,,
426389,2010,2010-06-27,Old Trafford,2,26.1,England,Australia,AJ Strauss,PD Collingwood,SW Tait,1,0,,,,,,,,,
426389,2010,2010-06-27,Old Trafford,2,26.2,England,Australia,PD Collingwood,AJ Strauss,SW Tait,1,0,,,,,,,,,
426389,2010,2010-06-27,Old Trafford,2,26.3,England,Australia,AJ Strauss,PD Collingwood,SW Tait,0,0,,,,,,,,,
426389,2010,2010-06-27,Old Trafford,2,26.4,England,Australia,AJ Strauss,PD Collingwood,SW Tait,4,0,,,,,,,,,
426389,2010,2010-06-27,Old Trafford,2,26.5,England,Australia,AJ Strauss,PD Collingwood,SW Tait,0,0,,,,,,,,,
426389,2010,2010-06-27,Old Trafford,2,26.6,England,Australia,AJ Strauss,PD Collingwood,SW Tait,0,0,,,,,,,,,
426389,2010,2010-06-27,Old Trafford,2,27.1,England,Australia,PD Collingwood,AJ Strauss,SPD Smith,1,0,,,,,,,,,
426389,2010,2010-06-27,Old Trafford,2,27.2,England,Australia,AJ Strauss,PD Collingwood,SPD Smith,1,0,,,,,,,,,
426389,2010,2010-06-27,Old Trafford,2,27.3,England,Australia,PD Collingwood,AJ Strauss,SPD Smith,1,0,,,,,,,,,
426389,2010,2010-06-27,Old Trafford,2,27.4,England,Australia,AJ Strauss,PD Collingwood,SPD Smith,1,0,,,,,,,,,
426389,2010,2010-06-27,Old Trafford,2,27.5,England,Australia,PD Collingwood,AJ Strauss,SPD Smith,0,0,,,,,,,,,
426389,2010,2010-06-27,Old Trafford,2,27.6,England,Australia,PD Collingwood,AJ Strauss,SPD Smith,0,0,,,,,,,,,
426389,2010,2010-06-27,Old Trafford,2,28.1,England,Australia,AJ Strauss,PD Collingwood,SW Tait,0,1,1,,,,,,,,
426389,2010,2010-06-27,Old Trafford,2,28.2,England,Australia,AJ Strauss,PD Collingwood,SW Tait,0,0,,,,,,,,,
426389,2010,2010-06-27,Old Trafford,2,28.3,England,Australia,AJ Strauss,PD Collingwood,SW Tait,0,0,,,,,,,,,
426389,2010,2010-06-27,Old Trafford,2,28.4,England,Australia,AJ Strauss,PD Collingwood,SW Tait,0,0,,,,,,,,,
426389,2010,2010-06-27,Old Trafford,2,28.5,England,Australia,AJ Strauss,PD Collingwood,SW Tait,0,0,,,,,,,,,
426389,2010,2010-06-27,Old Trafford,2,28.6,England,Australia,AJ Strauss,PD Collingwood,SW Tait,0,0,,,,,,,,,
426389,2010,2010-06-27,Old Trafford,2,28.7,England,Australia,AJ Strauss,PD Collingwood,SW Tait,0,0,,,,,,,,,
426389,2010,2010-06-27,Old Trafford,2,29.1,England,Australia,PD Collingwood,AJ Strauss,SPD Smith,0,0,,,,,,,,,
426389,2010,2010-06-27,Old Trafford,2,29.2,England,Australia,PD Collingwood,AJ Strauss,SPD Smith,0,0,,,,,,,,,
426389,2010,2010-06-27,Old Trafford,2,29.3,England,Australia,PD Collingwood,AJ Strauss,SPD Smith,2,0,,,,,,,,,
426389,2010,2010-06-27,Old Trafford,2,29.4,England,Australia,PD Collingwood,AJ Strauss,SPD Smith,2,0,,,,,,,,,
426389,2010,2010-06-27,Old Trafford,2,29.5,England,Australia,PD Collingwood,AJ Strauss,SPD Smith,0,0,,,,,,,,,
426389,2010,2010-06-27,Old Trafford,2,29.6,England,Australia,PD Collingwood,AJ Strauss,SPD Smith,1,0,,,,,,,,,
426389,2010,2010-06-27,Old Trafford,2,30.1,England,Australia,PD Collingwood,AJ Strauss,DE Bollinger,0,0,,,,,,bowled,PD Collingwood,,
426389,2010,2010-06-27,Old Trafford,2,30.2,England,Australia,EJG Morgan,AJ Strauss,DE Bollinger,1,0,,,,,,,,,
426389,2010,2010-06-27,Old Trafford,2,30.3,England,Australia,AJ Strauss,EJG Morgan,DE Bollinger,1,0,,,,,,,,,
426389,2010,2010-06-27,Old Trafford,2,30.4,England,Australia,EJG Morgan,AJ Strauss,DE Bollinger,0,0,,,,,,,,,
426389,2010,2010-06-27,Old Trafford,2,30.5,England,Australia,EJG Morgan,AJ Strauss,DE Bollinger,0,0,,,,,,,,,
426389,2010,2010-06-27,Old Trafford,2,30.6,England,Australia,EJG Morgan,AJ Strauss,DE Bollinger,0,0,,,,,,,,,
426389,2010,2010-06-27,Old Trafford,2,31.1,England,Australia,AJ Strauss,EJG Morgan,RJ Harris,0,0,,,,,,,,,
426389,2010,2010-06-27,Old Trafford,2,31.2,England,Australia,AJ Strauss,EJG Morgan,RJ Harris,2,0,,,,,,,,,
426389,2010,2010-06-27,Old Trafford,2,31.3,England,Australia,AJ Strauss,EJG Morgan,RJ Harris,1,0,,,,,,,,,
426389,2010,2010-06-27,Old Trafford,2,31.4,England,Australia,EJG Morgan,AJ Strauss,RJ Harris,0,0,,,,,,,,,
426389,2010,2010-06-27,Old Trafford,2,31.5,England,Australia,EJG Morgan,AJ Strauss,RJ Harris,1,0,,,,,,,,,
426389,2010,2010-06-27,Old Trafford,2,31.6,England,Australia,AJ Strauss,EJG Morgan,RJ Harris,0,0,,,,,,,,,
426389,2010,2010-06-27,Old Trafford,2,32.1,England,Australia,EJG Morgan,AJ Strauss,DE Bollinger,1,0,,,,,,,,,
426389,2010,2010-06-27,Old Trafford,2,32.2,England,Australia,AJ Strauss,EJG Morgan,DE Bollinger,0,0,,,,,,,,,
426389,2010,2010-06-27,Old Trafford,2,32.3,England,Australia,AJ Strauss,EJG Morgan,DE Bollinger,2,0,,,,,,,,,
426389,2010,2010-06-27,Old Trafford,2,32.4,England,Australia,AJ Strauss,EJG Morgan,DE Bollinger,0,0,,,,,,,,,
426389,2010,2010-06-27,Old Trafford,2,32.5,England,Australia,AJ Strauss,EJG Morgan,DE Bollinger,0,0,,,,,,,,,
426389,2010,2010-06-27,Old Trafford,2,32.6,England,Australia,AJ Strauss,EJG Morgan,DE Bollinger,0,0,,,,,,,,,
426389,2010,2010-06-27,Old Trafford,2,33.1,England,Australia,EJG Morgan,AJ Strauss,RJ Harris,1,0,,,,,,,,,
426389,2010,2010-06-27,Old Trafford,2,33.2,England,Australia,AJ Strauss,EJG Morgan,RJ Harris,0,0,,,,,,,,,
426389,2010,2010-06-27,Old Trafford,2,33.3,England,Australia,AJ Strauss,EJG Morgan,RJ Harris,4,0,,,,,,,,,
426389,2010,2010-06-27,Old Trafford,2,33.4,England,Australia,AJ Strauss,EJG Morgan,RJ Harris,0,0,,,,,,,,,
426389,2010,2010-06-27,Old Trafford,2,33.5,England,Australia,AJ Strauss,EJG Morgan,RJ Harris,1,0,,,,,,,,,
426389,2010,2010-06-27,Old Trafford,2,33.6,England,Australia,EJG Morgan,AJ Strauss,RJ Harris,0,0,,,,,,,,,
426389,2010,2010-06-27,Old Trafford,2,34.1,England,Australia,AJ Strauss,EJG Morgan,DE Bollinger,0,0,,,,,,,,,
426389,2010,2010-06-27,Old Trafford,2,34.2,England,Australia,AJ Strauss,EJG Morgan,DE Bollinger,4,0,,,,,,,,,
426389,2010,2010-06-27,Old Trafford,2,34.3,England,Australia,AJ Strauss,EJG Morgan,DE Bollinger,0,0,,,,,,,,,
426389,2010,2010-06-27,Old Trafford,2,34.4,England,Australia,AJ Strauss,EJG Morgan,DE Bollinger,0,0,,,,,,,,,
426389,2010,2010-06-27,Old Trafford,2,34.5,England,Australia,AJ Strauss,EJG Morgan,DE Bollinger,1,0,,,,,,,,,
426389,2010,2010-06-27,Old Trafford,2,34.6,England,Australia,EJG Morgan,AJ Strauss,DE Bollinger,1,0,,,,,,,,,
426389,2010,2010-06-27,Old Trafford,2,35.1,England,Australia,EJG Morgan,AJ Strauss,JR Hopes,0,0,,,,,,,,,
426389,2010,2010-06-27,Old Trafford,2,35.2,England,Australia,EJG Morgan,AJ Strauss,JR Hopes,6,0,,,,,,,,,
426389,2010,2010-06-27,Old Trafford,2,35.3,England,Australia,EJG Morgan,AJ Strauss,JR Hopes,1,0,,,,,,,,,
426389,2010,2010-06-27,Old Trafford,2,35.4,England,Australia,AJ Strauss,EJG Morgan,JR Hopes,2,0,,,,,,,,,
426389,2010,2010-06-27,Old Trafford,2,35.5,England,Australia,AJ Strauss,EJG Morgan,JR Hopes,1,0,,,,,,,,,
426389,2010,2010-06-27,Old Trafford,2,35.6,England,Australia,EJG Morgan,AJ Strauss,JR Hopes,0,0,,,,,,,,,
426389,2010,2010-06-27,Old Trafford,2,36.1,England,Australia,AJ Strauss,EJG Morgan,SW Tait,1,0,,,,,,,,,
426389,2010,2010-06-27,Old Trafford,2,36.2,England,Australia,EJG Morgan,AJ Strauss,SW Tait,2,0,,,,,,,,,
426389,2010,2010-06-27,Old Trafford,2,36.3,England,Australia,EJG Morgan,AJ Strauss,SW Tait,0,0,,,,,,,,,
426389,2010,2010-06-27,Old Trafford,2,36.4,England,Australia,EJG Morgan,AJ Strauss,SW Tait,1,0,,,,,,,,,
426389,2010,2010-06-27,Old Trafford,2,36.5,England,Australia,AJ Strauss,EJG Morgan,SW Tait,1,0,,,,,,,,,
426389,2010,2010-06-27,Old Trafford,2,36.6,England,Australia,EJG Morgan,AJ Strauss,SW Tait,0,0,,,,,,,,,
426389,2010,2010-06-27,Old Trafford,2,37.1,England,Australia,AJ Strauss,EJG Morgan,JR Hopes,0,0,,,,,,,,,
426389,2010,2010-06-27,Old Trafford,2,37.2,England,Australia,AJ Strauss,EJG Morgan,JR Hopes,0,0,,,,,,,,,
426389,2010,2010-06-27,Old Trafford,2,37.3,England,Australia,AJ Strauss,EJG Morgan,JR Hopes,1,0,,,,,,,,,
426389,2010,2010-06-27,Old Trafford,2,37.4,England,Australia,EJG Morgan,AJ Strauss,JR Hopes,0,0,,,,,,,,,
426389,2010,2010-06-27,Old Trafford,2,37.5,England,Australia,EJG Morgan,AJ Strauss,JR Hopes,0,0,,,,,,,,,
426389,2010,2010-06-27,Old Trafford,2,37.6,England,Australia,EJG Morgan,AJ Strauss,JR Hopes,4,0,,,,,,,,,
426389,2010,2010-06-27,Old Trafford,2,38.1,England,Australia,AJ Strauss,EJG Morgan,SW Tait,0,1,,1,,,,,,,
426389,2010,2010-06-27,Old Trafford,2,38.2,England,Australia,AJ Strauss,EJG Morgan,SW Tait,1,0,,,,,,,,,
426389,2010,2010-06-27,Old Trafford,2,38.3,England,Australia,EJG Morgan,AJ Strauss,SW Tait,0,0,,,,,,,,,
426389,2010,2010-06-27,Old Trafford,2,38.4,England,Australia,EJG Morgan,AJ Strauss,SW Tait,0,0,,,,,,,,,
426389,2010,2010-06-27,Old Trafford,2,38.5,England,Australia,EJG Morgan,AJ Strauss,SW Tait,0,0,,,,,,,,,
426389,2010,2010-06-27,Old Trafford,2,38.6,England,Australia,EJG Morgan,AJ Strauss,SW Tait,0,0,,,,,,,,,
426389,2010,2010-06-27,Old Trafford,2,38.7,England,Australia,EJG Morgan,AJ Strauss,SW Tait,0,1,1,,,,,,,,
426389,2010,2010-06-27,Old Trafford,2,38.8,England,Australia,EJG Morgan,AJ Strauss,SW Tait,1,0,,,,,,,,,
426389,2010,2010-06-27,Old Trafford,2,39.1,England,Australia,EJG Morgan,AJ Strauss,SPD Smith,0,0,,,,,,,,,
426389,2010,2010-06-27,Old Trafford,2,39.2,England,Australia,EJG Morgan,AJ Strauss,SPD Smith,1,0,,,,,,,,,
426389,2010,2010-06-27,Old Trafford,2,39.3,England,Australia,AJ Strauss,EJG Morgan,SPD Smith,1,0,,,,,,,,,
426389,2010,2010-06-27,Old Trafford,2,39.4,England,Australia,EJG Morgan,AJ Strauss,SPD Smith,0,0,,,,,,,,,
426389,2010,2010-06-27,Old Trafford,2,39.5,England,Australia,EJG Morgan,AJ Strauss,SPD Smith,1,0,,,,,,,,,
426389,2010,2010-06-27,Old Trafford,2,39.6,England,Australia,AJ Strauss,EJG Morgan,SPD Smith,1,0,,,,,,,,,
426389,2010,2010-06-27,Old Trafford,2,40.1,England,Australia,AJ Strauss,EJG Morgan,RJ Harris,1,0,,,,,,,,,
426389,2010,2010-06-27,Old Trafford,2,40.2,England,Australia,EJG Morgan,AJ Strauss,RJ Harris,1,0,,,,,,,,,
426389,2010,2010-06-27,Old Trafford,2,40.3,England,Australia,AJ Strauss,EJG Morgan,RJ Harris,1,0,,,,,,,,,
426389,2010,2010-06-27,Old Trafford,2,40.4,England,Australia,EJG Morgan,AJ Strauss,RJ Harris,0,0,,,,,,,,,
426389,2010,2010-06-27,Old Trafford,2,40.5,England,Australia,EJG Morgan,AJ Strauss,RJ Harris,0,0,,,,,,,,,
426389,2010,2010-06-27,Old Trafford,2,40.6,England,Australia,EJG Morgan,AJ Strauss,RJ Harris,4,0,,,,,,,,,
426389,2010,2010-06-27,Old Trafford,2,41.1,England,Australia,AJ Strauss,EJG Morgan,SPD Smith,0,0,,,,,,,,,
426389,2010,2010-06-27,Old Trafford,2,41.2,England,Australia,AJ Strauss,EJG Morgan,SPD Smith,0,0,,,,,,,,,
426389,2010,2010-06-27,Old Trafford,2,41.3,England,Australia,AJ Strauss,EJG Morgan,SPD Smith,0,1,,,,1,,,,,
426389,2010,2010-06-27,Old Trafford,2,41.4,England,Australia,EJG Morgan,AJ Strauss,SPD Smith,0,0,,,,,,caught,EJG Morgan,,
426389,2010,2010-06-27,Old Trafford,2,41.5,England,Australia,MH Yardy,AJ Strauss,SPD Smith,1,0,,,,,,,,,
426389,2010,2010-06-27,Old Trafford,2,41.6,England,Australia,AJ Strauss,MH Yardy,SPD Smith,1,0,,,,,,,,,
426389,2010,2010-06-27,Old Trafford,2,42.1,England,Australia,AJ Strauss,MH Yardy,RJ Harris,1,0,,,,,,,,,
426389,2010,2010-06-27,Old Trafford,2,42.2,England,Australia,MH Yardy,AJ Strauss,RJ Harris,0,0,,,,,,,,,
426389,2010,2010-06-27,Old Trafford,2,42.3,England,Australia,MH Yardy,AJ Strauss,RJ Harris,0,0,,,,,,,,,
426389,2010,2010-06-27,Old Trafford,2,42.4,England,Australia,MH Yardy,AJ Strauss,RJ Harris,1,0,,,,,,,,,
426389,2010,2010-06-27,Old Trafford,2,42.5,England,Australia,AJ Strauss,MH Yardy,RJ Harris,0,0,,,,,,caught,AJ Strauss,,
426389,2010,2010-06-27,Old Trafford,2,42.6,England,Australia,LJ Wright,MH Yardy,RJ Harris,0,0,,,,,,,,,
426389,2010,2010-06-27,Old Trafford,2,43.1,England,Australia,MH Yardy,LJ Wright,SPD Smith,1,0,,,,,,,,,
426389,2010,2010-06-27,Old Trafford,2,43.2,England,Australia,LJ Wright,MH Yardy,SPD Smith,0,0,,,,,,,,,
426389,2010,2010-06-27,Old Trafford,2,43.3,England,Australia,LJ Wright,MH Yardy,SPD Smith,0,0,,,,,,caught,LJ Wright,,
426389,2010,2010-06-27,Old Trafford,2,43.4,England,Australia,MH Yardy,TT Bresnan,SPD Smith,4,0,,,,,,,,,
426389,2010,2010-06-27,Old Trafford,2,43.5,England,Australia,MH Yardy,TT Bresnan,SPD Smith,0,0,,,,,,,,,
426389,2010,2010-06-27,Old Trafford,2,43.6,England,Australia,MH Yardy,TT Bresnan,SPD Smith,0,0,,,,,,,,,
426389,2010,2010-06-27,Old Trafford,2,44.1,England,Australia,TT Bresnan,MH Yardy,SW Tait,1,0,,,,,,,,,
426389,2010,2010-06-27,Old Trafford,2,44.2,England,Australia,MH Yardy,TT Bresnan,SW Tait,1,0,,,,,,,,,
426389,2010,2010-06-27,Old Trafford,2,44.3,England,Australia,TT Bresnan,MH Yardy,SW Tait,0,0,,,,,,,,,
426389,2010,2010-06-27,Old Trafford,2,44.4,England,Australia,TT Bresnan,MH Yardy,SW Tait,1,0,,,,,,,,,
426389,2010,2010-06-27,Old Trafford,2,44.5,England,Australia,MH Yardy,TT Bresnan,SW Tait,0,0,,,,,,caught,MH Yardy,,
426389,2010,2010-06-27,Old Trafford,2,44.6,England,Australia,GP Swann,TT Bresnan,SW Tait,0,1,,,1,,,,,,
426389,2010,2010-06-27,Old Trafford,2,45.1,England,Australia,GP Swann,TT Bresnan,DE Bollinger,1,1,,1,,,,,,,
426389,2010,2010-06-27,Old Trafford,2,45.2,England,Australia,TT Bresnan,GP Swann,DE Bollinger,0,0,,,,,,,,,
426389,2010,2010-06-27,Old Trafford,2,45.3,England,Australia,TT Bresnan,GP Swann,DE Bollinger,0,0,,,,,,,,,
426389,2010,2010-06-27,Old Trafford,2,45.4,England,Australia,TT Bresnan,GP Swann,DE Bollinger,0,0,,,,,,,,,
426389,2010,2010-06-27,Old Trafford,2,45.5,England,Australia,TT Bresnan,GP Swann,DE Bollinger,1,0,,,,,,,,,
426389,2010,2010-06-27,Old Trafford,2,45.6,England,Australia,GP Swann,TT Bresnan,DE Bollinger,0,1,,,,1,,,,,
426389,2010,2010-06-27,Old Trafford,2,45.7,England,Australia,TT Bresnan,GP Swann,DE Bollinger,0,0,,,,,,,,,
426389,2010,2010-06-27,Old Trafford,2,46.1,England,Australia,GP Swann,TT Bresnan,SW Tait,0,0,,,,,,,,,
426389,2010,2010-06-27,Old Trafford,2,46.2,England,Australia,GP Swann,TT Bresnan,SW Tait,0,0,,,,,,,,,
426389,2010,2010-06-27,Old Trafford,2,46.3,England,Australia,GP Swann,TT Bresnan,SW Tait,0,0,,,,,,,,,
426389,2010,2010-06-27,Old Trafford,2,46.4,England,Australia,GP Swann,TT Bresnan,SW Tait,0,0,,,,,,,,,
426389,2010,2010-06-27,Old Trafford,2,46.5,England,Australia,GP Swann,TT Bresnan,SW Tait,0,0,,,,,,,,,
426389,2010,2010-06-27,Old Trafford,2,46.6,England,Australia,GP Swann,TT Bresnan,SW Tait,0,1,,,,1,,,,,
426389,2010,2010-06-27,Old Trafford,2,47.1,England,Australia,GP Swann,TT Bresnan,DE Bollinger,0,0,,,,,,bowled,GP Swann,,
426389,2010,2010-06-27,Old Trafford,2,47.2,England,Australia,SCJ Broad,TT Bresnan,DE Bollinger,0,0,,,,,,,,,
426389,2010,2010-06-27,Old Trafford,2,47.3,England,Australia,SCJ Broad,TT Bresnan,DE Bollinger,0,0,,,,,,,,,
426389,2010,2010-06-27,Old Trafford,2,47.4,England,Australia,SCJ Broad,TT Bresnan,DE Bollinger,0,0,,,,,,,,,
426389,2010,2010-06-27,Old Trafford,2,47.5,England,Australia,SCJ Broad,TT Bresnan,DE Bollinger,0,0,,,,,,,,,
426389,2010,2010-06-27,Old Trafford,2,47.6,England,Australia,SCJ Broad,TT Bresnan,DE Bollinger,0,0,,,,,,bowled,SCJ Broad,,
426389,2010,2010-06-27,Old Trafford,2,48.1,England,Australia,TT Bresnan,JM Anderson,RJ Harris,2,0,,,,,,,,,
426389,2010,2010-06-27,Old Trafford,2,48.2,England,Australia,TT Bresnan,JM Anderson,RJ Harris,0,0,,,,,,,,,
426389,2010,2010-06-27,Old Trafford,2,48.3,England,Australia,TT Bresnan,JM Anderson,RJ Harris,0,0,,,,,,,,,
426389,2010,2010-06-27,Old Trafford,2,48.4,England,Australia,TT Bresnan,JM Anderson,RJ Harris,0,0,,,,,,,,,
426389,2010,2010-06-27,Old Trafford,2,48.5,England,Australia,TT Bresnan,JM Anderson,RJ Harris,4,0,,,,,,,,,
426389,2010,2010-06-27,Old Trafford,2,48.6,England,Australia,TT Bresnan,JM Anderson,RJ Harris,1,0,,,,,,,,,
426389,2010,2010-06-27,Old Trafford,2,49.1,England,Australia,TT Bresnan,JM Anderson,JR Hopes,4,0,,,,,,,,,
