match_id,season,start_date,venue,innings,ball,batting_team,bowling_team,striker,non_striker,bowler,runs_off_bat,extras,wides,noballs,byes,legbyes,penalty,wicket_type,player_dismissed,other_wicket_type,other_player_dismissed
430509,2009/10,2009-11-10,SuperSport Park,1,0.1,South Africa,Zimbabwe,GC Smith,JH Kallis,CB Mpofu,0,0,,,,,,,,,
430509,2009/10,2009-11-10,SuperSport Park,1,0.2,South Africa,Zimbabwe,GC Smith,JH Kallis,CB Mpofu,1,0,,,,,,,,,
430509,2009/10,2009-11-10,SuperSport Park,1,0.3,South Africa,Zimbabwe,JH Kallis,GC Smith,CB Mpofu,0,0,,,,,,,,,
430509,2009/10,2009-11-10,SuperSport Park,1,0.4,South Africa,Zimbabwe,JH Kallis,GC Smith,CB Mpofu,0,0,,,,,,,,,
430509,2009/10,2009-11-10,SuperSport Park,1,0.5,South Africa,Zimbabwe,JH Kallis,GC Smith,CB Mpofu,0,0,,,,,,,,,
430509,2009/10,2009-11-10,SuperSport Park,1,0.6,South Africa,Zimbabwe,JH Kallis,GC Smith,CB Mpofu,0,0,,,,,,,,,
430509,2009/10,2009-11-10,SuperSport Park,1,1.1,South Africa,Zimbabwe,GC Smith,JH Kallis,KM Jarvis,1,0,,,,,,,,,
430509,2009/10,2009-11-10,SuperSport Park,1,1.2,South Africa,Zimbabwe,JH Kallis,GC Smith,KM Jarvis,6,0,,,,,,,,,
430509,2009/10,2009-11-10,SuperSport Park,1,1.3,South Africa,Zimbabwe,JH Kallis,GC Smith,KM Jarvis,0,0,,,,,,,,,
430509,2009/10,2009-11-10,SuperSport Park,1,1.4,South Africa,Zimbabwe,JH Kallis,GC Smith,KM Jarvis,0,0,,,,,,,,,
430509,2009/10,2009-11-10,SuperSport Park,1,1.5,South Africa,Zimbabwe,JH Kallis,GC Smith,KM Jarvis,0,0,,,,,,,,,
430509,2009/10,2009-11-10,SuperSport Park,1,1.6,South Africa,Zimbabwe,JH Kallis,GC Smith,KM Jarvis,0,0,,,,,,,,,
430509,2009/10,2009-11-10,SuperSport Park,1,2.1,South Africa,Zimbabwe,GC Smith,JH Kallis,CB Mpofu,1,0,,,,,,,,,
430509,2009/10,2009-11-10,SuperSport Park,1,2.2,South Africa,Zimbabwe,JH Kallis,GC Smith,CB Mpofu,0,0,,,,,,,,,
430509,2009/10,2009-11-10,SuperSport Park,1,2.3,South Africa,Zimbabwe,JH Kallis,GC Smith,CB Mpofu,0,0,,,,,,,,,
430509,2009/10,2009-11-10,SuperSport Park,1,2.4,South Africa,Zimbabwe,JH Kallis,GC Smith,CB Mpofu,0,0,,,,,,,,,
430509,2009/10,2009-11-10,SuperSport Park,1,2.5,South Africa,Zimbabwe,JH Kallis,GC Smith,CB Mpofu,0,1,1,,,,,,,,
430509,2009/10,2009-11-10,SuperSport Park,1,2.6,South Africa,Zimbabwe,JH Kallis,GC Smith,CB Mpofu,4,0,,,,,,,,,
430509,2009/10,2009-11-10,SuperSport Park,1,2.7,South Africa,Zimbabwe,JH Kallis,GC Smith,CB Mpofu,4,0,,,,,,,,,
430509,2009/10,2009-11-10,SuperSport Park,1,3.1,South Africa,Zimbabwe,GC Smith,JH Kallis,KM Jarvis,1,0,,,,,,,,,
430509,2009/10,2009-11-10,SuperSport Park,1,3.2,South Africa,Zimbabwe,JH Kallis,GC Smith,KM Jarvis,0,0,,,,,,,,,
430509,2009/10,2009-11-10,SuperSport Park,1,3.3,South Africa,Zimbabwe,JH Kallis,GC Smith,KM Jarvis,0,0,,,,,,,,,
430509,2009/10,2009-11-10,SuperSport Park,1,3.4,South Africa,Zimbabwe,JH Kallis,GC Smith,KM Jarvis,0,1,1,,,,,,,,
430509,2009/10,2009-11-10,SuperSport Park,1,3.5,South Africa,Zimbabwe,JH Kallis,GC Smith,KM Jarvis,0,0,,,,,,,,,
430509,2009/10,2009-11-10,SuperSport Park,1,3.6,South Africa,Zimbabwe,JH Kallis,GC Smith,KM Jarvis,1,0,,,,,,,,,
430509,2009/10,2009-11-10,SuperSport Park,1,3.7,South Africa,Zimbabwe,GC Smith,JH Kallis,KM Jarvis,0,0,,,,,,,,,
430509,2009/10,2009-11-10,SuperSport Park,1,4.1,South Africa,Zimbabwe,JH Kallis,GC Smith,CB Mpofu,1,0,,,,,,,,,
430509,2009/10,2009-11-10,SuperSport Park,1,4.2,South Africa,Zimbabwe,GC Smith,JH Kallis,CB Mpofu,0,0,,,,,,,,,
430509,2009/10,2009-11-10,SuperSport Park,1,4.3,South Africa,Zimbabwe,GC Smith,JH Kallis,CB Mpofu,0,0,,,,,,,,,
430509,2009/10,2009-11-10,SuperSport Park,1,4.4,South Africa,Zimbabwe,GC Smith,JH Kallis,CB Mpofu,0,0,,,,,,,,,
430509,2009/10,2009-11-10,SuperSport Park,1,4.5,South Africa,Zimbabwe,GC Smith,JH Kallis,CB Mpofu,1,0,,,,,,,,,
430509,2009/10,2009-11-10,SuperSport Park,1,4.6,South Africa,Zimbabwe,JH Kallis,GC Smith,CB Mpofu,1,0,,,,,,,,,
430509,2009/10,2009-11-10,SuperSport Park,1,5.1,South Africa,Zimbabwe,JH Kallis,GC Smith,KM Jarvis,0,0,,,,,,,,,
430509,2009/10,2009-11-10,SuperSport Park,1,5.2,South Africa,Zimbabwe,JH Kallis,GC Smith,KM Jarvis,0,0,,,,,,,,,
430509,2009/10,2009-11-10,SuperSport Park,1,5.3,South Africa,Zimbabwe,JH Kallis,GC Smith,KM Jarvis,0,0,,,,,,,,,
430509,2009/10,2009-11-10,SuperSport Park,1,5.4,South Africa,Zimbabwe,JH Kallis,GC Smith,KM Jarvis,4,0,,,,,,,,,
430509,2009/10,2009-11-10,SuperSport Park,1,5.5,South Africa,Zimbabwe,JH Kallis,GC Smith,KM Jarvis,0,0,,,,,,,,,
430509,2009/10,2009-11-10,SuperSport Park,1,5.6,South Africa,Zimbabwe,JH Kallis,GC Smith,KM Jarvis,0,1,1,,,,,,,,
430509,2009/10,2009-11-10,SuperSport Park,1,5.7,South Africa,Zimbabwe,JH Kallis,GC Smith,KM Jarvis,0,0,,,,,,,,,
430509,2009/10,2009-11-10,SuperSport Park,1,6.1,South Africa,Zimbabwe,GC Smith,JH Kallis,CB Mpofu,0,0,,,,,,,,,
430509,2009/10,2009-11-10,SuperSport Park,1,6.2,South Africa,Zimbabwe,GC Smith,JH Kallis,CB Mpofu,4,0,,,,,,,,,
430509,2009/10,2009-11-10,SuperSport Park,1,6.3,South Africa,Zimbabwe,GC Smith,JH Kallis,CB Mpofu,2,0,,,,,,,,,
430509,2009/10,2009-11-10,SuperSport Park,1,6.4,South Africa,Zimbabwe,GC Smith,JH Kallis,CB Mpofu,0,0,,,,,,,,,
430509,2009/10,2009-11-10,SuperSport Park,1,6.5,South Africa,Zimbabwe,GC Smith,JH Kallis,CB Mpofu,1,0,,,,,,,,,
430509,2009/10,2009-11-10,SuperSport Park,1,6.6,South Africa,Zimbabwe,JH Kallis,GC Smith,CB Mpofu,0,0,,,,,,,,,
430509,2009/10,2009-11-10,SuperSport Park,1,7.1,South Africa,Zimbabwe,GC Smith,JH Kallis,KM Jarvis,0,3,3,,,,,,,,
430509,2009/10,2009-11-10,SuperSport Park,1,7.2,South Africa,Zimbabwe,GC Smith,JH Kallis,KM Jarvis,0,0,,,,,,,,,
430509,2009/10,2009-11-10,SuperSport Park,1,7.3,South Africa,Zimbabwe,GC Smith,JH Kallis,KM Jarvis,4,0,,,,,,,,,
430509,2009/10,2009-11-10,SuperSport Park,1,7.4,South Africa,Zimbabwe,GC Smith,JH Kallis,KM Jarvis,0,0,,,,,,,,,
430509,2009/10,2009-11-10,SuperSport Park,1,7.5,South Africa,Zimbabwe,GC Smith,JH Kallis,KM Jarvis,0,0,,,,,,,,,
430509,2009/10,2009-11-10,SuperSport Park,1,7.6,South Africa,Zimbabwe,GC Smith,JH Kallis,KM Jarvis,4,0,,,,,,,,,
430509,2009/10,2009-11-10,SuperSport Park,1,7.7,South Africa,Zimbabwe,GC Smith,JH Kallis,KM Jarvis,4,0,,,,,,,,,
430509,2009/10,2009-11-10,SuperSport Park,1,8.1,South Africa,Zimbabwe,JH Kallis,GC Smith,CB Mpofu,1,0,,,,,,,,,
430509,2009/10,2009-11-10,SuperSport Park,1,8.2,South Africa,Zimbabwe,GC Smith,JH Kallis,CB Mpofu,1,0,,,,,,,,,
430509,2009/10,2009-11-10,SuperSport Park,1,8.3,South Africa,Zimbabwe,JH Kallis,GC Smith,CB Mpofu,4,0,,,,,,,,,
430509,2009/10,2009-11-10,SuperSport Park,1,8.4,South Africa,Zimbabwe,JH Kallis,GC Smith,CB Mpofu,1,0,,,,,,,,,
430509,2009/10,2009-11-10,SuperSport Park,1,8.5,South Africa,Zimbabwe,GC Smith,JH Kallis,CB Mpofu,0,0,,,,,,,,,
430509,2009/10,2009-11-10,SuperSport Park,1,8.6,South Africa,Zimbabwe,GC Smith,JH Kallis,CB Mpofu,0,1,1,,,,,,,,
430509,2009/10,2009-11-10,SuperSport Park,1,8.7,South Africa,Zimbabwe,GC Smith,JH Kallis,CB Mpofu,1,0,,,,,,,,,
430509,2009/10,2009-11-10,SuperSport Park,1,9.1,South Africa,Zimbabwe,GC Smith,JH Kallis,KM Jarvis,0,0,,,,,,,,,
430509,2009/10,2009-11-10,SuperSport Park,1,9.2,South Africa,Zimbabwe,GC Smith,JH Kallis,KM Jarvis,1,0,,,,,,,,,
430509,2009/10,2009-11-10,SuperSport Park,1,9.3,South Africa,Zimbabwe,JH Kallis,GC Smith,KM Jarvis,1,0,,,,,,,,,
430509,2009/10,2009-11-10,SuperSport Park,1,9.4,South Africa,Zimbabwe,GC Smith,JH Kallis,KM Jarvis,0,0,,,,,,,,,
430509,2009/10,2009-11-10,SuperSport Park,1,9.5,South Africa,Zimbabwe,GC Smith,JH Kallis,KM Jarvis,0,0,,,,,,,,,
430509,2009/10,2009-11-10,SuperSport Park,1,9.6,South Africa,Zimbabwe,GC Smith,JH Kallis,KM Jarvis,4,0,,,,,,,,,
430509,2009/10,2009-11-10,SuperSport Park,1,10.1,South Africa,Zimbabwe,JH Kallis,GC Smith,CB Mpofu,0,0,,,,,,,,,
430509,2009/10,2009-11-10,SuperSport Park,1,10.2,South Africa,Zimbabwe,JH Kallis,GC Smith,CB Mpofu,0,0,,,,,,,,,
430509,2009/10,2009-11-10,SuperSport Park,1,10.3,South Africa,Zimbabwe,JH Kallis,GC Smith,CB Mpofu,0,0,,,,,,,,,
430509,2009/10,2009-11-10,SuperSport Park,1,10.4,South Africa,Zimbabwe,JH Kallis,GC Smith,CB Mpofu,0,0,,,,,,,,,
430509,2009/10,2009-11-10,SuperSport Park,1,10.5,South Africa,Zimbabwe,JH Kallis,GC Smith,CB Mpofu,0,0,,,,,,,,,
430509,2009/10,2009-11-10,SuperSport Park,1,10.6,South Africa,Zimbabwe,JH Kallis,GC Smith,CB Mpofu,1,0,,,,,,,,,
430509,2009/10,2009-11-10,SuperSport Park,1,11.1,South Africa,Zimbabwe,JH Kallis,GC Smith,P Utseya,0,0,,,,,,,,,
430509,2009/10,2009-11-10,SuperSport Park,1,11.2,South Africa,Zimbabwe,JH Kallis,GC Smith,P Utseya,0,0,,,,,,,,,
430509,2009/10,2009-11-10,SuperSport Park,1,11.3,South Africa,Zimbabwe,JH Kallis,GC Smith,P Utseya,0,0,,,,,,,,,
430509,2009/10,2009-11-10,SuperSport Park,1,11.4,South Africa,Zimbabwe,JH Kallis,GC Smith,P Utseya,1,0,,,,,,,,,
430509,2009/10,2009-11-10,SuperSport Park,1,11.5,South Africa,Zimbabwe,GC Smith,JH Kallis,P Utseya,0,1,,,,1,,,,,
430509,2009/10,2009-11-10,SuperSport Park,1,11.6,South Africa,Zimbabwe,JH Kallis,GC Smith,P Utseya,0,0,,,,,,,,,
430509,2009/10,2009-11-10,SuperSport Park,1,12.1,South Africa,Zimbabwe,GC Smith,JH Kallis,KM Jarvis,2,0,,,,,,,,,
430509,2009/10,2009-11-10,SuperSport Park,1,12.2,South Africa,Zimbabwe,GC Smith,JH Kallis,KM Jarvis,0,0,,,,,,,,,
430509,2009/10,2009-11-10,SuperSport Park,1,12.3,South Africa,Zimbabwe,GC Smith,JH Kallis,KM Jarvis,1,0,,,,,,,,,
430509,2009/10,2009-11-10,SuperSport Park,1,12.4,South Africa,Zimbabwe,JH Kallis,GC Smith,KM Jarvis,0,0,,,,,,,,,
430509,2009/10,2009-11-10,SuperSport Park,1,12.5,South Africa,Zimbabwe,JH Kallis,GC Smith,KM Jarvis,1,0,,,,,,,,,
430509,2009/10,2009-11-10,SuperSport Park,1,12.6,South Africa,Zimbabwe,GC Smith,JH Kallis,KM Jarvis,4,0,,,,,,,,,
430509,2009/10,2009-11-10,SuperSport Park,1,13.1,South Africa,Zimbabwe,JH Kallis,GC Smith,P Utseya,0,0,,,,,,,,,
430509,2009/10,2009-11-10,SuperSport Park,1,13.2,South Africa,Zimbabwe,JH Kallis,GC Smith,P Utseya,1,0,,,,,,,,,
430509,2009/10,2009-11-10,SuperSport Park,1,13.3,South Africa,Zimbabwe,GC Smith,JH Kallis,P Utseya,6,0,,,,,,,,,
430509,2009/10,2009-11-10,SuperSport Park,1,13.4,South Africa,Zimbabwe,GC Smith,JH Kallis,P Utseya,0,0,,,,,,,,,
430509,2009/10,2009-11-10,SuperSport Park,1,13.5,South Africa,Zimbabwe,GC Smith,JH Kallis,P Utseya,1,0,,,,,,,,,
430509,2009/10,2009-11-10,SuperSport Park,1,13.6,South Africa,Zimbabwe,JH Kallis,GC Smith,P Utseya,1,0,,,,,,,,,
430509,2009/10,2009-11-10,SuperSport Park,1,14.1,South Africa,Zimbabwe,JH Kallis,GC Smith,RW Price,0,0,,,,,,,,,
430509,2009/10,2009-11-10,SuperSport Park,1,14.2,South Africa,Zimbabwe,JH Kallis,GC Smith,RW Price,0,0,,,,,,,,,
430509,2009/10,2009-11-10,SuperSport Park,1,14.3,South Africa,Zimbabwe,JH Kallis,GC Smith,RW Price,0,0,,,,,,,,,
430509,2009/10,2009-11-10,SuperSport Park,1,14.4,South Africa,Zimbabwe,JH Kallis,GC Smith,RW Price,1,0,,,,,,,,,
430509,2009/10,2009-11-10,SuperSport Park,1,14.5,South Africa,Zimbabwe,GC Smith,JH Kallis,RW Price,4,0,,,,,,,,,
430509,2009/10,2009-11-10,SuperSport Park,1,14.6,South Africa,Zimbabwe,GC Smith,JH Kallis,RW Price,1,0,,,,,,,,,
430509,2009/10,2009-11-10,SuperSport Park,1,15.1,South Africa,Zimbabwe,GC Smith,JH Kallis,P Utseya,0,1,,,,1,,,,,
430509,2009/10,2009-11-10,SuperSport Park,1,15.2,South Africa,Zimbabwe,JH Kallis,GC Smith,P Utseya,4,0,,,,,,,,,
430509,2009/10,2009-11-10,SuperSport Park,1,15.3,South Africa,Zimbabwe,JH Kallis,GC Smith,P Utseya,1,0,,,,,,,,,
430509,2009/10,2009-11-10,SuperSport Park,1,15.4,South Africa,Zimbabwe,GC Smith,JH Kallis,P Utseya,1,0,,,,,,,,,
430509,2009/10,2009-11-10,SuperSport Park,1,15.5,South Africa,Zimbabwe,JH Kallis,GC Smith,P Utseya,1,0,,,,,,,,,
430509,2009/10,2009-11-10,SuperSport Park,1,15.6,South Africa,Zimbabwe,GC Smith,JH Kallis,P Utseya,1,0,,,,,,,,,
430509,2009/10,2009-11-10,SuperSport Park,1,16.1,South Africa,Zimbabwe,GC Smith,JH Kallis,RW Price,0,0,,,,,,,,,
430509,2009/10,2009-11-10,SuperSport Park,1,16.2,South Africa,Zimbabwe,GC Smith,JH Kallis,RW Price,1,0,,,,,,,,,
430509,2009/10,2009-11-10,SuperSport Park,1,16.3,South Africa,Zimbabwe,JH Kallis,GC Smith,RW Price,0,0,,,,,,,,,
430509,2009/10,2009-11-10,SuperSport Park,1,16.4,South Africa,Zimbabwe,JH Kallis,GC Smith,RW Price,6,0,,,,,,,,,
430509,2009/10,2009-11-10,SuperSport Park,1,16.5,South Africa,Zimbabwe,JH Kallis,GC Smith,RW Price,0,0,,,,,,,,,
430509,2009/10,2009-11-10,SuperSport Park,1,16.6,South Africa,Zimbabwe,JH Kallis,GC Smith,RW Price,0,0,,,,,,,,,
430509,2009/10,2009-11-10,SuperSport Park,1,17.1,South Africa,Zimbabwe,GC Smith,JH Kallis,P Utseya,0,0,,,,,,,,,
430509,2009/10,2009-11-10,SuperSport Park,1,17.2,South Africa,Zimbabwe,GC Smith,JH Kallis,P Utseya,0,0,,,,,,stumped,GC Smith,,
430509,2009/10,2009-11-10,SuperSport Park,1,17.3,South Africa,Zimbabwe,AB de Villiers,JH Kallis,P Utseya,1,0,,,,,,,,,
430509,2009/10,2009-11-10,SuperSport Park,1,17.4,South Africa,Zimbabwe,JH Kallis,AB de Villiers,P Utseya,1,0,,,,,,,,,
430509,2009/10,2009-11-10,SuperSport Park,1,17.5,South Africa,Zimbabwe,AB de Villiers,JH Kallis,P Utseya,0,0,,,,,,,,,
430509,2009/10,2009-11-10,SuperSport Park,1,17.6,South Africa,Zimbabwe,AB de Villiers,JH Kallis,P Utseya,1,0,,,,,,,,,
430509,2009/10,2009-11-10,SuperSport Park,1,18.1,South Africa,Zimbabwe,AB de Villiers,JH Kallis,RW Price,1,0,,,,,,,,,
430509,2009/10,2009-11-10,SuperSport Park,1,18.2,South Africa,Zimbabwe,JH Kallis,AB de Villiers,RW Price,0,0,,,,,,,,,
430509,2009/10,2009-11-10,SuperSport Park,1,18.3,South Africa,Zimbabwe,JH Kallis,AB de Villiers,RW Price,0,0,,,,,,,,,
430509,2009/10,2009-11-10,SuperSport Park,1,18.4,South Africa,Zimbabwe,JH Kallis,AB de Villiers,RW Price,4,0,,,,,,,,,
430509,2009/10,2009-11-10,SuperSport Park,1,18.5,South Africa,Zimbabwe,JH Kallis,AB de Villiers,RW Price,1,0,,,,,,,,,
430509,2009/10,2009-11-10,SuperSport Park,1,18.6,South Africa,Zimbabwe,AB de Villiers,JH Kallis,RW Price,1,0,,,,,,,,,
430509,2009/10,2009-11-10,SuperSport Park,1,19.1,South Africa,Zimbabwe,AB de Villiers,JH Kallis,P Utseya,0,0,,,,,,,,,
430509,2009/10,2009-11-10,SuperSport Park,1,19.2,South Africa,Zimbabwe,AB de Villiers,JH Kallis,P Utseya,0,0,,,,,,,,,
430509,2009/10,2009-11-10,SuperSport Park,1,19.3,South Africa,Zimbabwe,AB de Villiers,JH Kallis,P Utseya,1,0,,,,,,,,,
430509,2009/10,2009-11-10,SuperSport Park,1,19.4,South Africa,Zimbabwe,JH Kallis,AB de Villiers,P Utseya,1,0,,,,,,,,,
430509,2009/10,2009-11-10,SuperSport Park,1,19.5,South Africa,Zimbabwe,AB de Villiers,JH Kallis,P Utseya,0,0,,,,,,,,,
430509,2009/10,2009-11-10,SuperSport Park,1,19.6,South Africa,Zimbabwe,AB de Villiers,JH Kallis,P Utseya,0,0,,,,,,,,,
430509,2009/10,2009-11-10,SuperSport Park,1,20.1,South Africa,Zimbabwe,JH Kallis,AB de Villiers,RW Price,1,0,,,,,,,,,
430509,2009/10,2009-11-10,SuperSport Park,1,20.2,South Africa,Zimbabwe,AB de Villiers,JH Kallis,RW Price,0,0,,,,,,bowled,AB de Villiers,,
430509,2009/10,2009-11-10,SuperSport Park,1,20.3,South Africa,Zimbabwe,JP Duminy,JH Kallis,RW Price,0,0,,,,,,,,,
430509,2009/10,2009-11-10,SuperSport Park,1,20.4,South Africa,Zimbabwe,JP Duminy,JH Kallis,RW Price,0,0,,,,,,,,,
430509,2009/10,2009-11-10,SuperSport Park,1,20.5,South Africa,Zimbabwe,JP Duminy,JH Kallis,RW Price,0,0,,,,,,,,,
430509,2009/10,2009-11-10,SuperSport Park,1,20.6,South Africa,Zimbabwe,JP Duminy,JH Kallis,RW Price,0,0,,,,,,,,,
430509,2009/10,2009-11-10,SuperSport Park,1,21.1,South Africa,Zimbabwe,JH Kallis,JP Duminy,P Utseya,1,0,,,,,,,,,
430509,2009/10,2009-11-10,SuperSport Park,1,21.2,South Africa,Zimbabwe,JP Duminy,JH Kallis,P Utseya,0,0,,,,,,,,,
430509,2009/10,2009-11-10,SuperSport Park,1,21.3,South Africa,Zimbabwe,JP Duminy,JH Kallis,P Utseya,0,0,,,,,,,,,
430509,2009/10,2009-11-10,SuperSport Park,1,21.4,South Africa,Zimbabwe,JP Duminy,JH Kallis,P Utseya,2,0,,,,,,,,,
430509,2009/10,2009-11-10,SuperSport Park,1,21.5,South Africa,Zimbabwe,JP Duminy,JH Kallis,P Utseya,0,0,,,,,,,,,
430509,2009/10,2009-11-10,SuperSport Park,1,21.6,South Africa,Zimbabwe,JP Duminy,JH Kallis,P Utseya,0,0,,,,,,,,,
430509,2009/10,2009-11-10,SuperSport Park,1,22.1,South Africa,Zimbabwe,JH Kallis,JP Duminy,RW Price,0,0,,,,,,,,,
430509,2009/10,2009-11-10,SuperSport Park,1,22.2,South Africa,Zimbabwe,JH Kallis,JP Duminy,RW Price,0,0,,,,,,,,,
430509,2009/10,2009-11-10,SuperSport Park,1,22.3,South Africa,Zimbabwe,JH Kallis,JP Duminy,RW Price,0,0,,,,,,,,,
430509,2009/10,2009-11-10,SuperSport Park,1,22.4,South Africa,Zimbabwe,JH Kallis,JP Duminy,RW Price,1,0,,,,,,,,,
430509,2009/10,2009-11-10,SuperSport Park,1,22.5,South Africa,Zimbabwe,JP Duminy,JH Kallis,RW Price,1,0,,,,,,,,,
430509,2009/10,2009-11-10,SuperSport Park,1,22.6,South Africa,Zimbabwe,JH Kallis,JP Duminy,RW Price,1,0,,,,,,,,,
430509,2009/10,2009-11-10,SuperSport Park,1,23.1,South Africa,Zimbabwe,JH Kallis,JP Duminy,AG Cremer,0,0,,,,,,,,,
430509,2009/10,2009-11-10,SuperSport Park,1,23.2,South Africa,Zimbabwe,JH Kallis,JP Duminy,AG Cremer,0,0,,,,,,,,,
430509,2009/10,2009-11-10,SuperSport Park,1,23.3,South Africa,Zimbabwe,JH Kallis,JP Duminy,AG Cremer,0,0,,,,,,,,,
430509,2009/10,2009-11-10,SuperSport Park,1,23.4,South Africa,Zimbabwe,JH Kallis,JP Duminy,AG Cremer,4,0,,,,,,,,,
430509,2009/10,2009-11-10,SuperSport Park,1,23.5,South Africa,Zimbabwe,JH Kallis,JP Duminy,AG Cremer,0,0,,,,,,,,,
430509,2009/10,2009-11-10,SuperSport Park,1,23.6,South Africa,Zimbabwe,JH Kallis,JP Duminy,AG Cremer,0,0,,,,,,,,,
430509,2009/10,2009-11-10,SuperSport Park,1,24.1,South Africa,Zimbabwe,JP Duminy,JH Kallis,RW Price,1,0,,,,,,,,,
430509,2009/10,2009-11-10,SuperSport Park,1,24.2,South Africa,Zimbabwe,JH Kallis,JP Duminy,RW Price,1,0,,,,,,,,,
430509,2009/10,2009-11-10,SuperSport Park,1,24.3,South Africa,Zimbabwe,JP Duminy,JH Kallis,RW Price,0,0,,,,,,,,,
430509,2009/10,2009-11-10,SuperSport Park,1,24.4,South Africa,Zimbabwe,JP Duminy,JH Kallis,RW Price,1,0,,,,,,,,,
430509,2009/10,2009-11-10,SuperSport Park,1,24.5,South Africa,Zimbabwe,JH Kallis,JP Duminy,RW Price,1,0,,,,,,,,,
430509,2009/10,2009-11-10,SuperSport Park,1,24.6,South Africa,Zimbabwe,JP Duminy,JH Kallis,RW Price,0,0,,,,,,,,,
430509,2009/10,2009-11-10,SuperSport Park,1,25.1,South Africa,Zimbabwe,JH Kallis,JP Duminy,AG Cremer,1,0,,,,,,,,,
430509,2009/10,2009-11-10,SuperSport Park,1,25.2,South Africa,Zimbabwe,JP Duminy,JH Kallis,AG Cremer,2,0,,,,,,,,,
430509,2009/10,2009-11-10,SuperSport Park,1,25.3,South Africa,Zimbabwe,JP Duminy,JH Kallis,AG Cremer,1,0,,,,,,,,,
430509,2009/10,2009-11-10,SuperSport Park,1,25.4,South Africa,Zimbabwe,JH Kallis,JP Duminy,AG Cremer,1,0,,,,,,,,,
430509,2009/10,2009-11-10,SuperSport Park,1,25.5,South Africa,Zimbabwe,JP Duminy,JH Kallis,AG Cremer,0,0,,,,,,,,,
430509,2009/10,2009-11-10,SuperSport Park,1,25.6,South Africa,Zimbabwe,JP Duminy,JH Kallis,AG Cremer,0,0,,,,,,,,,
430509,2009/10,2009-11-10,SuperSport Park,1,26.1,South Africa,Zimbabwe,JH Kallis,JP Duminy,RW Price,1,0,,,,,,,,,
430509,2009/10,2009-11-10,SuperSport Park,1,26.2,South Africa,Zimbabwe,JP Duminy,JH Kallis,RW Price,1,0,,,,,,,,,
430509,2009/10,2009-11-10,SuperSport Park,1,26.3,South Africa,Zimbabwe,JH Kallis,JP Duminy,RW Price,1,0,,,,,,,,,
430509,2009/10,2009-11-10,SuperSport Park,1,26.4,South Africa,Zimbabwe,JP Duminy,JH Kallis,RW Price,1,0,,,,,,,,,
430509,2009/10,2009-11-10,SuperSport Park,1,26.5,South Africa,Zimbabwe,JH Kallis,JP Duminy,RW Price,1,0,,,,,,,,,
430509,2009/10,2009-11-10,SuperSport Park,1,26.6,South Africa,Zimbabwe,JP Duminy,JH Kallis,RW Price,2,0,,,,,,,,,
430509,2009/10,2009-11-10,SuperSport Park,1,27.1,South Africa,Zimbabwe,JH Kallis,JP Duminy,AG Cremer,1,0,,,,,,,,,
430509,2009/10,2009-11-10,SuperSport Park,1,27.2,South Africa,Zimbabwe,JP Duminy,JH Kallis,AG Cremer,4,0,,,,,,,,,
430509,2009/10,2009-11-10,SuperSport Park,1,27.3,South Africa,Zimbabwe,JP Duminy,JH Kallis,AG Cremer,6,0,,,,,,,,,
430509,2009/10,2009-11-10,SuperSport Park,1,27.4,South Africa,Zimbabwe,JP Duminy,JH Kallis,AG Cremer,1,0,,,,,,,,,
430509,2009/10,2009-11-10,SuperSport Park,1,27.5,South Africa,Zimbabwe,JH Kallis,JP Duminy,AG Cremer,0,0,,,,,,,,,
430509,2009/10,2009-11-10,SuperSport Park,1,27.6,South Africa,Zimbabwe,JH Kallis,JP Duminy,AG Cremer,0,0,,,,,,,,,
430509,2009/10,2009-11-10,SuperSport Park,1,28.1,South Africa,Zimbabwe,JP Duminy,JH Kallis,KM Jarvis,0,1,,,,1,,,,,
430509,2009/10,2009-11-10,SuperSport Park,1,28.2,South Africa,Zimbabwe,JH Kallis,JP Duminy,KM Jarvis,0,0,,,,,,,,,
430509,2009/10,2009-11-10,SuperSport Park,1,28.3,South Africa,Zimbabwe,JH Kallis,JP Duminy,KM Jarvis,0,0,,,,,,,,,
430509,2009/10,2009-11-10,SuperSport Park,1,28.4,South Africa,Zimbabwe,JH Kallis,JP Duminy,KM Jarvis,0,0,,,,,,,,,
430509,2009/10,2009-11-10,SuperSport Park,1,28.5,South Africa,Zimbabwe,JH Kallis,JP Duminy,KM Jarvis,2,0,,,,,,,,,
430509,2009/10,2009-11-10,SuperSport Park,1,28.6,South Africa,Zimbabwe,JH Kallis,JP Duminy,KM Jarvis,4,0,,,,,,,,,
430509,2009/10,2009-11-10,SuperSport Park,1,29.1,South Africa,Zimbabwe,JP Duminy,JH Kallis,E Chigumbura,1,0,,,,,,,,,
430509,2009/10,2009-11-10,SuperSport Park,1,29.2,South Africa,Zimbabwe,JH Kallis,JP Duminy,E Chigumbura,1,0,,,,,,,,,
430509,2009/10,2009-11-10,SuperSport Park,1,29.3,South Africa,Zimbabwe,JP Duminy,JH Kallis,E Chigumbura,1,0,,,,,,,,,
430509,2009/10,2009-11-10,SuperSport Park,1,29.4,South Africa,Zimbabwe,JH Kallis,JP Duminy,E Chigumbura,1,0,,,,,,,,,
430509,2009/10,2009-11-10,SuperSport Park,1,29.5,South Africa,Zimbabwe,JP Duminy,JH Kallis,E Chigumbura,2,0,,,,,,,,,
430509,2009/10,2009-11-10,SuperSport Park,1,29.6,South Africa,Zimbabwe,JP Duminy,JH Kallis,E Chigumbura,1,0,,,,,,,,,
430509,2009/10,2009-11-10,SuperSport Park,1,30.1,South Africa,Zimbabwe,JP Duminy,JH Kallis,AG Cremer,4,0,,,,,,,,,
430509,2009/10,2009-11-10,SuperSport Park,1,30.2,South Africa,Zimbabwe,JP Duminy,JH Kallis,AG Cremer,1,0,,,,,,,,,
430509,2009/10,2009-11-10,SuperSport Park,1,30.3,South Africa,Zimbabwe,JH Kallis,JP Duminy,AG Cremer,1,0,,,,,,,,,
430509,2009/10,2009-11-10,SuperSport Park,1,30.4,South Africa,Zimbabwe,JP Duminy,JH Kallis,AG Cremer,0,4,4,,,,,,,,
430509,2009/10,2009-11-10,SuperSport Park,1,30.5,South Africa,Zimbabwe,JH Kallis,JP Duminy,AG Cremer,0,0,,,,,,,,,
430509,2009/10,2009-11-10,SuperSport Park,1,30.6,South Africa,Zimbabwe,JH Kallis,JP Duminy,AG Cremer,0,0,,,,,,,,,
430509,2009/10,2009-11-10,SuperSport Park,1,30.7,South Africa,Zimbabwe,JH Kallis,JP Duminy,AG Cremer,0,0,,,,,,,,,
430509,2009/10,2009-11-10,SuperSport Park,1,31.1,South Africa,Zimbabwe,JP Duminy,JH Kallis,P Utseya,0,0,,,,,,,,,
430509,2009/10,2009-11-10,SuperSport Park,1,31.2,South Africa,Zimbabwe,JP Duminy,JH Kallis,P Utseya,1,0,,,,,,,,,
430509,2009/10,2009-11-10,SuperSport Park,1,31.3,South Africa,Zimbabwe,JH Kallis,JP Duminy,P Utseya,1,0,,,,,,,,,
430509,2009/10,2009-11-10,SuperSport Park,1,31.4,South Africa,Zimbabwe,JP Duminy,JH Kallis,P Utseya,1,0,,,,,,,,,
430509,2009/10,2009-11-10,SuperSport Park,1,31.5,South Africa,Zimbabwe,JH Kallis,JP Duminy,P Utseya,1,0,,,,,,,,,
430509,2009/10,2009-11-10,SuperSport Park,1,31.6,South Africa,Zimbabwe,JP Duminy,JH Kallis,P Utseya,1,0,,,,,,,,,
430509,2009/10,2009-11-10,SuperSport Park,1,32.1,South Africa,Zimbabwe,JP Duminy,JH Kallis,E Chigumbura,1,0,,,,,,,,,
430509,2009/10,2009-11-10,SuperSport Park,1,32.2,South Africa,Zimbabwe,JH Kallis,JP Duminy,E Chigumbura,0,1,,,,1,,,,,
430509,2009/10,2009-11-10,SuperSport Park,1,32.3,South Africa,Zimbabwe,JP Duminy,JH Kallis,E Chigumbura,1,0,,,,,,,,,
430509,2009/10,2009-11-10,SuperSport Park,1,32.4,South Africa,Zimbabwe,JH Kallis,JP Duminy,E Chigumbura,0,0,,,,,,,,,
430509,2009/10,2009-11-10,SuperSport Park,1,32.5,South Africa,Zimbabwe,JH Kallis,JP Duminy,E Chigumbura,1,0,,,,,,,,,
430509,2009/10,2009-11-10,SuperSport Park,1,32.6,South Africa,Zimbabwe,JP Duminy,JH Kallis,E Chigumbura,0,1,1,,,,,,,,
430509,2009/10,2009-11-10,SuperSport Park,1,32.7,South Africa,Zimbabwe,JP Duminy,JH Kallis,E Chigumbura,1,0,,,,,,,,,
430509,2009/10,2009-11-10,SuperSport Park,1,33.1,South Africa,Zimbabwe,JP Duminy,JH Kallis,P Utseya,4,0,,,,,,,,,
430509,2009/10,2009-11-10,SuperSport Park,1,33.2,South Africa,Zimbabwe,JP Duminy,JH Kallis,P Utseya,1,0,,,,,,,,,
430509,2009/10,2009-11-10,SuperSport Park,1,33.3,South Africa,Zimbabwe,JH Kallis,JP Duminy,P Utseya,0,0,,,,,,,,,
430509,2009/10,2009-11-10,SuperSport Park,1,33.4,South Africa,Zimbabwe,JH Kallis,JP Duminy,P Utseya,0,0,,,,,,caught,JH Kallis,,
430509,2009/10,2009-11-10,SuperSport Park,1,33.5,South Africa,Zimbabwe,AN Petersen,JP Duminy,P Utseya,0,0,,,,,,,,,
430509,2009/10,2009-11-10,SuperSport Park,1,33.6,South Africa,Zimbabwe,AN Petersen,JP Duminy,P Utseya,0,0,,,,,,,,,
430509,2009/10,2009-11-10,SuperSport Park,1,34.1,South Africa,Zimbabwe,JP Duminy,AN Petersen,AG Cremer,0,0,,,,,,,,,
430509,2009/10,2009-11-10,SuperSport Park,1,34.2,South Africa,Zimbabwe,JP Duminy,AN Petersen,AG Cremer,1,0,,,,,,,,,
430509,2009/10,2009-11-10,SuperSport Park,1,34.3,South Africa,Zimbabwe,AN Petersen,JP Duminy,AG Cremer,1,0,,,,,,,,,
430509,2009/10,2009-11-10,SuperSport Park,1,34.4,South Africa,Zimbabwe,JP Duminy,AN Petersen,AG Cremer,0,0,,,,,,,,,
430509,2009/10,2009-11-10,SuperSport Park,1,34.5,South Africa,Zimbabwe,JP Duminy,AN Petersen,AG Cremer,0,0,,,,,,,,,
430509,2009/10,2009-11-10,SuperSport Park,1,34.6,South Africa,Zimbabwe,JP Duminy,AN Petersen,AG Cremer,1,0,,,,,,,,,
430509,2009/10,2009-11-10,SuperSport Park,1,35.1,South Africa,Zimbabwe,JP Duminy,AN Petersen,E Chigumbura,1,0,,,,,,,,,
430509,2009/10,2009-11-10,SuperSport Park,1,35.2,South Africa,Zimbabwe,AN Petersen,JP Duminy,E Chigumbura,0,1,1,,,,,,,,
430509,2009/10,2009-11-10,SuperSport Park,1,35.3,South Africa,Zimbabwe,AN Petersen,JP Duminy,E Chigumbura,1,0,,,,,,,,,
430509,2009/10,2009-11-10,SuperSport Park,1,35.4,South Africa,Zimbabwe,JP Duminy,AN Petersen,E Chigumbura,1,0,,,,,,,,,
430509,2009/10,2009-11-10,SuperSport Park,1,35.5,South Africa,Zimbabwe,AN Petersen,JP Duminy,E Chigumbura,0,0,,,,,,,,,
430509,2009/10,2009-11-10,SuperSport Park,1,35.6,South Africa,Zimbabwe,AN Petersen,JP Duminy,E Chigumbura,1,0,,,,,,,,,
430509,2009/10,2009-11-10,SuperSport Park,1,35.7,South Africa,Zimbabwe,JP Duminy,AN Petersen,E Chigumbura,1,0,,,,,,,,,
430509,2009/10,2009-11-10,SuperSport Park,1,36.1,South Africa,Zimbabwe,JP Duminy,AN Petersen,AG Cremer,4,0,,,,,,,,,
430509,2009/10,2009-11-10,SuperSport Park,1,36.2,South Africa,Zimbabwe,JP Duminy,AN Petersen,AG Cremer,1,0,,,,,,,,,
430509,2009/10,2009-11-10,SuperSport Park,1,36.3,South Africa,Zimbabwe,AN Petersen,JP Duminy,AG Cremer,1,0,,,,,,,,,
430509,2009/10,2009-11-10,SuperSport Park,1,36.4,South Africa,Zimbabwe,JP Duminy,AN Petersen,AG Cremer,1,0,,,,,,,,,
430509,2009/10,2009-11-10,SuperSport Park,1,36.5,South Africa,Zimbabwe,AN Petersen,JP Duminy,AG Cremer,0,0,,,,,,,,,
430509,2009/10,2009-11-10,SuperSport Park,1,36.6,South Africa,Zimbabwe,AN Petersen,JP Duminy,AG Cremer,0,0,,,,,,,,,
430509,2009/10,2009-11-10,SuperSport Park,1,37.1,South Africa,Zimbabwe,JP Duminy,AN Petersen,E Chigumbura,1,0,,,,,,,,,
430509,2009/10,2009-11-10,SuperSport Park,1,37.2,South Africa,Zimbabwe,AN Petersen,JP Duminy,E Chigumbura,1,0,,,,,,,,,
430509,2009/10,2009-11-10,SuperSport Park,1,37.3,South Africa,Zimbabwe,JP Duminy,AN Petersen,E Chigumbura,4,0,,,,,,,,,
430509,2009/10,2009-11-10,SuperSport Park,1,37.4,South Africa,Zimbabwe,JP Duminy,AN Petersen,E Chigumbura,1,0,,,,,,,,,
430509,2009/10,2009-11-10,SuperSport Park,1,37.5,South Africa,Zimbabwe,AN Petersen,JP Duminy,E Chigumbura,1,0,,,,,,,,,
430509,2009/10,2009-11-10,SuperSport Park,1,37.6,South Africa,Zimbabwe,JP Duminy,AN Petersen,E Chigumbura,1,0,,,,,,,,,
430509,2009/10,2009-11-10,SuperSport Park,1,38.1,South Africa,Zimbabwe,JP Duminy,AN Petersen,CB Mpofu,0,5,5,,,,,,,,
430509,2009/10,2009-11-10,SuperSport Park,1,38.2,South Africa,Zimbabwe,JP Duminy,AN Petersen,CB Mpofu,1,0,,,,,,,,,
430509,2009/10,2009-11-10,SuperSport Park,1,38.3,South Africa,Zimbabwe,AN Petersen,JP Duminy,CB Mpofu,0,0,,,,,,,,,
430509,2009/10,2009-11-10,SuperSport Park,1,38.4,South Africa,Zimbabwe,AN Petersen,JP Duminy,CB Mpofu,4,0,,,,,,,,,
430509,2009/10,2009-11-10,SuperSport Park,1,38.5,South Africa,Zimbabwe,AN Petersen,JP Duminy,CB Mpofu,0,0,,,,,,,,,
430509,2009/10,2009-11-10,SuperSport Park,1,38.6,South Africa,Zimbabwe,AN Petersen,JP Duminy,CB Mpofu,1,0,,,,,,,,,
430509,2009/10,2009-11-10,SuperSport Park,1,38.7,South Africa,Zimbabwe,JP Duminy,AN Petersen,CB Mpofu,1,0,,,,,,,,,
430509,2009/10,2009-11-10,SuperSport Park,1,39.1,South Africa,Zimbabwe,JP Duminy,AN Petersen,KM Jarvis,1,0,,,,,,,,,
430509,2009/10,2009-11-10,SuperSport Park,1,39.2,South Africa,Zimbabwe,AN Petersen,JP Duminy,KM Jarvis,1,0,,,,,,,,,
430509,2009/10,2009-11-10,SuperSport Park,1,39.3,South Africa,Zimbabwe,JP Duminy,AN Petersen,KM Jarvis,0,0,,,,,,,,,
430509,2009/10,2009-11-10,SuperSport Park,1,39.4,South Africa,Zimbabwe,JP Duminy,AN Petersen,KM Jarvis,1,0,,,,,,,,,
430509,2009/10,2009-11-10,SuperSport Park,1,39.5,South Africa,Zimbabwe,AN Petersen,JP Duminy,KM Jarvis,1,0,,,,,,,,,
430509,2009/10,2009-11-10,SuperSport Park,1,39.6,South Africa,Zimbabwe,JP Duminy,AN Petersen,KM Jarvis,0,0,,,,,,,,,
430509,2009/10,2009-11-10,SuperSport Park,1,40.1,South Africa,Zimbabwe,AN Petersen,JP Duminy,RW Price,0,0,,,,,,lbw,AN Petersen,,
430509,2009/10,2009-11-10,SuperSport Park,1,40.2,South Africa,Zimbabwe,JA Morkel,JP Duminy,RW Price,0,0,,,,,,,,,
430509,2009/10,2009-11-10,SuperSport Park,1,40.3,South Africa,Zimbabwe,JA Morkel,JP Duminy,RW Price,0,0,,,,,,,,,
430509,2009/10,2009-11-10,SuperSport Park,1,40.4,South Africa,Zimbabwe,JA Morkel,JP Duminy,RW Price,1,0,,,,,,,,,
430509,2009/10,2009-11-10,SuperSport Park,1,40.5,South Africa,Zimbabwe,JP Duminy,JA Morkel,RW Price,1,0,,,,,,,,,
430509,2009/10,2009-11-10,SuperSport Park,1,40.6,South Africa,Zimbabwe,JA Morkel,JP Duminy,RW Price,0,0,,,,,,,,,
430509,2009/10,2009-11-10,SuperSport Park,1,41.1,South Africa,Zimbabwe,JP Duminy,JA Morkel,KM Jarvis,1,0,,,,,,,,,
430509,2009/10,2009-11-10,SuperSport Park,1,41.2,South Africa,Zimbabwe,JA Morkel,JP Duminy,KM Jarvis,1,0,,,,,,,,,
430509,2009/10,2009-11-10,SuperSport Park,1,41.3,South Africa,Zimbabwe,JP Duminy,JA Morkel,KM Jarvis,0,0,,,,,,,,,
430509,2009/10,2009-11-10,SuperSport Park,1,41.4,South Africa,Zimbabwe,JP Duminy,JA Morkel,KM Jarvis,1,0,,,,,,,,,
430509,2009/10,2009-11-10,SuperSport Park,1,41.5,South Africa,Zimbabwe,JA Morkel,JP Duminy,KM Jarvis,0,1,1,,,,,,,,
430509,2009/10,2009-11-10,SuperSport Park,1,41.6,South Africa,Zimbabwe,JA Morkel,JP Duminy,KM Jarvis,1,0,,,,,,,,,
430509,2009/10,2009-11-10,SuperSport Park,1,41.7,South Africa,Zimbabwe,JP Duminy,JA Morkel,KM Jarvis,1,0,,,,,,,,,
430509,2009/10,2009-11-10,SuperSport Park,1,42.1,South Africa,Zimbabwe,JP Duminy,JA Morkel,P Utseya,6,0,,,,,,,,,
430509,2009/10,2009-11-10,SuperSport Park,1,42.2,South Africa,Zimbabwe,JP Duminy,JA Morkel,P Utseya,0,0,,,,,,,,,
430509,2009/10,2009-11-10,SuperSport Park,1,42.3,South Africa,Zimbabwe,JP Duminy,JA Morkel,P Utseya,1,0,,,,,,,,,
430509,2009/10,2009-11-10,SuperSport Park,1,42.4,South Africa,Zimbabwe,JA Morkel,JP Duminy,P Utseya,0,0,,,,,,,,,
430509,2009/10,2009-11-10,SuperSport Park,1,42.5,South Africa,Zimbabwe,JA Morkel,JP Duminy,P Utseya,1,0,,,,,,,,,
430509,2009/10,2009-11-10,SuperSport Park,1,42.6,South Africa,Zimbabwe,JP Duminy,JA Morkel,P Utseya,4,0,,,,,,,,,
430509,2009/10,2009-11-10,SuperSport Park,1,43.1,South Africa,Zimbabwe,JA Morkel,JP Duminy,CB Mpofu,3,0,,,,,,,,,
430509,2009/10,2009-11-10,SuperSport Park,1,43.2,South Africa,Zimbabwe,JP Duminy,JA Morkel,CB Mpofu,1,0,,,,,,,,,
430509,2009/10,2009-11-10,SuperSport Park,1,43.3,South Africa,Zimbabwe,JA Morkel,JP Duminy,CB Mpofu,1,0,,,,,,,,,
430509,2009/10,2009-11-10,SuperSport Park,1,43.4,South Africa,Zimbabwe,JP Duminy,JA Morkel,CB Mpofu,1,0,,,,,,,,,
430509,2009/10,2009-11-10,SuperSport Park,1,43.5,South Africa,Zimbabwe,JA Morkel,JP Duminy,CB Mpofu,4,0,,,,,,,,,
430509,2009/10,2009-11-10,SuperSport Park,1,43.6,South Africa,Zimbabwe,JA Morkel,JP Duminy,CB Mpofu,1,0,,,,,,,,,
430509,2009/10,2009-11-10,SuperSport Park,1,44.1,South Africa,Zimbabwe,JA Morkel,JP Duminy,RW Price,1,0,,,,,,,,,
430509,2009/10,2009-11-10,SuperSport Park,1,44.2,South Africa,Zimbabwe,JP Duminy,JA Morkel,RW Price,1,0,,,,,,,,,
430509,2009/10,2009-11-10,SuperSport Park,1,44.3,South Africa,Zimbabwe,JA Morkel,JP Duminy,RW Price,0,0,,,,,,caught,JA Morkel,,
430509,2009/10,2009-11-10,SuperSport Park,1,44.4,South Africa,Zimbabwe,JP Duminy,MV Boucher,RW Price,1,0,,,,,,,,,
430509,2009/10,2009-11-10,SuperSport Park,1,44.5,South Africa,Zimbabwe,MV Boucher,JP Duminy,RW Price,4,0,,,,,,,,,
430509,2009/10,2009-11-10,SuperSport Park,1,44.6,South Africa,Zimbabwe,MV Boucher,JP Duminy,RW Price,1,0,,,,,,,,,
430509,2009/10,2009-11-10,SuperSport Park,1,45.1,South Africa,Zimbabwe,MV Boucher,JP Duminy,P Utseya,0,0,,,,,,,,,
430509,2009/10,2009-11-10,SuperSport Park,1,45.2,South Africa,Zimbabwe,MV Boucher,JP Duminy,P Utseya,0,0,,,,,,,,,
430509,2009/10,2009-11-10,SuperSport Park,1,45.3,South Africa,Zimbabwe,MV Boucher,JP Duminy,P Utseya,1,0,,,,,,,,,
430509,2009/10,2009-11-10,SuperSport Park,1,45.4,South Africa,Zimbabwe,JP Duminy,MV Boucher,P Utseya,2,0,,,,,,,,,
430509,2009/10,2009-11-10,SuperSport Park,1,45.5,South Africa,Zimbabwe,JP Duminy,MV Boucher,P Utseya,1,0,,,,,,,,,
430509,2009/10,2009-11-10,SuperSport Park,1,45.6,South Africa,Zimbabwe,MV Boucher,JP Duminy,P Utseya,1,0,,,,,,,,,
430509,2009/10,2009-11-10,SuperSport Park,1,46.1,South Africa,Zimbabwe,MV Boucher,JP Duminy,RW Price,0,0,,,,,,,,,
430509,2009/10,2009-11-10,SuperSport Park,1,46.2,South Africa,Zimbabwe,MV Boucher,JP Duminy,RW Price,6,0,,,,,,,,,
430509,2009/10,2009-11-10,SuperSport Park,1,46.3,South Africa,Zimbabwe,MV Boucher,JP Duminy,RW Price,2,0,,,,,,,,,
430509,2009/10,2009-11-10,SuperSport Park,1,46.4,South Africa,Zimbabwe,MV Boucher,JP Duminy,RW Price,1,0,,,,,,,,,
430509,2009/10,2009-11-10,SuperSport Park,1,46.5,South Africa,Zimbabwe,JP Duminy,MV Boucher,RW Price,1,0,,,,,,,,,
430509,2009/10,2009-11-10,SuperSport Park,1,46.6,South Africa,Zimbabwe,MV Boucher,JP Duminy,RW Price,0,0,,,,,,,,,
430509,2009/10,2009-11-10,SuperSport Park,1,47.1,South Africa,Zimbabwe,JP Duminy,MV Boucher,CB Mpofu,4,0,,,,,,,,,
430509,2009/10,2009-11-10,SuperSport Park,1,47.2,South Africa,Zimbabwe,JP Duminy,MV Boucher,CB Mpofu,1,0,,,,,,,,,
430509,2009/10,2009-11-10,SuperSport Park,1,47.3,South Africa,Zimbabwe,MV Boucher,JP Duminy,CB Mpofu,1,0,,,,,,,,,
430509,2009/10,2009-11-10,SuperSport Park,1,47.4,South Africa,Zimbabwe,JP Duminy,MV Boucher,CB Mpofu,4,0,,,,,,,,,
430509,2009/10,2009-11-10,SuperSport Park,1,47.5,South Africa,Zimbabwe,JP Duminy,MV Boucher,CB Mpofu,1,0,,,,,,,,,
430509,2009/10,2009-11-10,SuperSport Park,1,47.6,South Africa,Zimbabwe,MV Boucher,JP Duminy,CB Mpofu,0,0,,,,,,,,,
430509,2009/10,2009-11-10,SuperSport Park,1,48.1,South Africa,Zimbabwe,JP Duminy,MV Boucher,KM Jarvis,2,0,,,,,,,,,
430509,2009/10,2009-11-10,SuperSport Park,1,48.2,South Africa,Zimbabwe,JP Duminy,MV Boucher,KM Jarvis,4,0,,,,,,,,,
430509,2009/10,2009-11-10,SuperSport Park,1,48.3,South Africa,Zimbabwe,JP Duminy,MV Boucher,KM Jarvis,1,0,,,,,,,,,
430509,2009/10,2009-11-10,SuperSport Park,1,48.4,South Africa,Zimbabwe,MV Boucher,JP Duminy,KM Jarvis,6,0,,,,,,,,,
430509,2009/10,2009-11-10,SuperSport Park,1,48.5,South Africa,Zimbabwe,MV Boucher,JP Duminy,KM Jarvis,2,0,,,,,,,,,
430509,2009/10,2009-11-10,SuperSport Park,1,48.6,South Africa,Zimbabwe,MV Boucher,JP Duminy,KM Jarvis,1,0,,,,,,,,,
430509,2009/10,2009-11-10,SuperSport Park,1,49.1,South Africa,Zimbabwe,MV Boucher,JP Duminy,CB Mpofu,4,0,,,,,,,,,
430509,2009/10,2009-11-10,SuperSport Park,1,49.2,South Africa,Zimbabwe,MV Boucher,JP Duminy,CB Mpofu,1,0,,,,,,,,,
430509,2009/10,2009-11-10,SuperSport Park,1,49.3,South Africa,Zimbabwe,JP Duminy,MV Boucher,CB Mpofu,2,0,,,,,,,,,
430509,2009/10,2009-11-10,SuperSport Park,1,49.4,South Africa,Zimbabwe,JP Duminy,MV Boucher,CB Mpofu,2,0,,,,,,,,,
430509,2009/10,2009-11-10,SuperSport Park,1,49.5,South Africa,Zimbabwe,JP Duminy,MV Boucher,CB Mpofu,1,0,,,,,,,,,
430509,2009/10,2009-11-10,SuperSport Park,1,49.6,South Africa,Zimbabwe,MV Boucher,JP Duminy,CB Mpofu,0,0,,,,,,,,,
430509,2009/10,2009-11-10,SuperSport Park,2,0.1,Zimbabwe,South Africa,H Masakadza,BRM Taylor,CK Langeveldt,0,0,,,,,,,,,
430509,2009/10,2009-11-10,SuperSport Park,2,0.2,Zimbabwe,South Africa,H Masakadza,BRM Taylor,CK Langeveldt,0,0,,,,,,,,,
430509,2009/10,2009-11-10,SuperSport Park,2,0.3,Zimbabwe,South Africa,H Masakadza,BRM Taylor,CK Langeveldt,0,0,,,,,,,,,
430509,2009/10,2009-11-10,SuperSport Park,2,0.4,Zimbabwe,South Africa,H Masakadza,BRM Taylor,CK Langeveldt,0,0,,,,,,,,,
430509,2009/10,2009-11-10,SuperSport Park,2,0.5,Zimbabwe,South Africa,H Masakadza,BRM Taylor,CK Langeveldt,0,0,,,,,,,,,
430509,2009/10,2009-11-10,SuperSport Park,2,0.6,Zimbabwe,South Africa,H Masakadza,BRM Taylor,CK Langeveldt,0,0,,,,,,,,,
430509,2009/10,2009-11-10,SuperSport Park,2,1.1,Zimbabwe,South Africa,BRM Taylor,H Masakadza,LL Tsotsobe,0,0,,,,,,,,,
430509,2009/10,2009-11-10,SuperSport Park,2,1.2,Zimbabwe,South Africa,BRM Taylor,H Masakadza,LL Tsotsobe,0,0,,,,,,,,,
430509,2009/10,2009-11-10,SuperSport Park,2,1.3,Zimbabwe,South Africa,BRM Taylor,H Masakadza,LL Tsotsobe,0,0,,,,,,,,,
430509,2009/10,2009-11-10,SuperSport Park,2,1.4,Zimbabwe,South Africa,BRM Taylor,H Masakadza,LL Tsotsobe,0,0,,,,,,,,,
430509,2009/10,2009-11-10,SuperSport Park,2,1.5,Zimbabwe,South Africa,BRM Taylor,H Masakadza,LL Tsotsobe,0,0,,,,,,,,,
430509,2009/10,2009-11-10,SuperSport Park,2,1.6,Zimbabwe,South Africa,BRM Taylor,H Masakadza,LL Tsotsobe,0,0,,,,,,,,,
430509,2009/10,2009-11-10,SuperSport Park,2,2.1,Zimbabwe,South Africa,H Masakadza,BRM Taylor,CK Langeveldt,0,0,,,,,,caught,H Masakadza,,
430509,2009/10,2009-11-10,SuperSport Park,2,2.2,Zimbabwe,South Africa,T Taibu,BRM Taylor,CK Langeveldt,4,0,,,,,,,,,
430509,2009/10,2009-11-10,SuperSport Park,2,2.3,Zimbabwe,South Africa,T Taibu,BRM Taylor,CK Langeveldt,4,0,,,,,,,,,
430509,2009/10,2009-11-10,SuperSport Park,2,2.4,Zimbabwe,South Africa,T Taibu,BRM Taylor,CK Langeveldt,0,0,,,,,,,,,
430509,2009/10,2009-11-10,SuperSport Park,2,2.5,Zimbabwe,South Africa,T Taibu,BRM Taylor,CK Langeveldt,0,0,,,,,,,,,
430509,2009/10,2009-11-10,SuperSport Park,2,2.6,Zimbabwe,South Africa,T Taibu,BRM Taylor,CK Langeveldt,0,0,,,,,,,,,
430509,2009/10,2009-11-10,SuperSport Park,2,3.1,Zimbabwe,South Africa,BRM Taylor,T Taibu,LL Tsotsobe,0,0,,,,,,,,,
430509,2009/10,2009-11-10,SuperSport Park,2,3.2,Zimbabwe,South Africa,BRM Taylor,T Taibu,LL Tsotsobe,0,0,,,,,,,,,
430509,2009/10,2009-11-10,SuperSport Park,2,3.3,Zimbabwe,South Africa,BRM Taylor,T Taibu,LL Tsotsobe,0,0,,,,,,caught,BRM Taylor,,
430509,2009/10,2009-11-10,SuperSport Park,2,3.4,Zimbabwe,South Africa,S Matsikenyeri,T Taibu,LL Tsotsobe,0,0,,,,,,,,,
430509,2009/10,2009-11-10,SuperSport Park,2,3.5,Zimbabwe,South Africa,S Matsikenyeri,T Taibu,LL Tsotsobe,0,0,,,,,,,,,
430509,2009/10,2009-11-10,SuperSport Park,2,3.6,Zimbabwe,South Africa,S Matsikenyeri,T Taibu,LL Tsotsobe,0,0,,,,,,,,,
430509,2009/10,2009-11-10,SuperSport Park,2,4.1,Zimbabwe,South Africa,T Taibu,S Matsikenyeri,CK Langeveldt,1,0,,,,,,,,,
430509,2009/10,2009-11-10,SuperSport Park,2,4.2,Zimbabwe,South Africa,S Matsikenyeri,T Taibu,CK Langeveldt,0,1,,,,1,,,,,
430509,2009/10,2009-11-10,SuperSport Park,2,4.3,Zimbabwe,South Africa,T Taibu,S Matsikenyeri,CK Langeveldt,0,0,,,,,,,,,
430509,2009/10,2009-11-10,SuperSport Park,2,4.4,Zimbabwe,South Africa,T Taibu,S Matsikenyeri,CK Langeveldt,0,0,,,,,,,,,
430509,2009/10,2009-11-10,SuperSport Park,2,4.5,Zimbabwe,South Africa,T Taibu,S Matsikenyeri,CK Langeveldt,0,0,,,,,,,,,
430509,2009/10,2009-11-10,SuperSport Park,2,4.6,Zimbabwe,South Africa,T Taibu,S Matsikenyeri,CK Langeveldt,2,0,,,,,,,,,
430509,2009/10,2009-11-10,SuperSport Park,2,5.1,Zimbabwe,South Africa,S Matsikenyeri,T Taibu,LL Tsotsobe,1,0,,,,,,,,,
430509,2009/10,2009-11-10,SuperSport Park,2,5.2,Zimbabwe,South Africa,T Taibu,S Matsikenyeri,LL Tsotsobe,0,0,,,,,,,,,
430509,2009/10,2009-11-10,SuperSport Park,2,5.3,Zimbabwe,South Africa,T Taibu,S Matsikenyeri,LL Tsotsobe,0,1,1,,,,,,,,
430509,2009/10,2009-11-10,SuperSport Park,2,5.4,Zimbabwe,South Africa,T Taibu,S Matsikenyeri,LL Tsotsobe,0,0,,,,,,,,,
430509,2009/10,2009-11-10,SuperSport Park,2,5.5,Zimbabwe,South Africa,T Taibu,S Matsikenyeri,LL Tsotsobe,3,0,,,,,,,,,
430509,2009/10,2009-11-10,SuperSport Park,2,5.6,Zimbabwe,South Africa,S Matsikenyeri,T Taibu,LL Tsotsobe,0,0,,,,,,,,,
430509,2009/10,2009-11-10,SuperSport Park,2,5.7,Zimbabwe,South Africa,S Matsikenyeri,T Taibu,LL Tsotsobe,1,0,,,,,,,,,
430509,2009/10,2009-11-10,SuperSport Park,2,6.1,Zimbabwe,South Africa,S Matsikenyeri,T Taibu,CK Langeveldt,4,0,,,,,,,,,
430509,2009/10,2009-11-10,SuperSport Park,2,6.2,Zimbabwe,South Africa,S Matsikenyeri,T Taibu,CK Langeveldt,0,0,,,,,,,,,
430509,2009/10,2009-11-10,SuperSport Park,2,6.3,Zimbabwe,South Africa,S Matsikenyeri,T Taibu,CK Langeveldt,0,1,1,,,,,,,,
430509,2009/10,2009-11-10,SuperSport Park,2,6.4,Zimbabwe,South Africa,S Matsikenyeri,T Taibu,CK Langeveldt,0,0,,,,,,,,,
430509,2009/10,2009-11-10,SuperSport Park,2,6.5,Zimbabwe,South Africa,S Matsikenyeri,T Taibu,CK Langeveldt,2,0,,,,,,,,,
430509,2009/10,2009-11-10,SuperSport Park,2,6.6,Zimbabwe,South Africa,S Matsikenyeri,T Taibu,CK Langeveldt,0,0,,,,,,,,,
430509,2009/10,2009-11-10,SuperSport Park,2,6.7,Zimbabwe,South Africa,S Matsikenyeri,T Taibu,CK Langeveldt,4,0,,,,,,,,,
430509,2009/10,2009-11-10,SuperSport Park,2,7.1,Zimbabwe,South Africa,T Taibu,S Matsikenyeri,LL Tsotsobe,2,0,,,,,,,,,
430509,2009/10,2009-11-10,SuperSport Park,2,7.2,Zimbabwe,South Africa,T Taibu,S Matsikenyeri,LL Tsotsobe,0,0,,,,,,,,,
430509,2009/10,2009-11-10,SuperSport Park,2,7.3,Zimbabwe,South Africa,T Taibu,S Matsikenyeri,LL Tsotsobe,0,0,,,,,,,,,
430509,2009/10,2009-11-10,SuperSport Park,2,7.4,Zimbabwe,South Africa,T Taibu,S Matsikenyeri,LL Tsotsobe,0,0,,,,,,,,,
430509,2009/10,2009-11-10,SuperSport Park,2,7.5,Zimbabwe,South Africa,T Taibu,S Matsikenyeri,LL Tsotsobe,0,0,,,,,,,,,
430509,2009/10,2009-11-10,SuperSport Park,2,7.6,Zimbabwe,South Africa,T Taibu,S Matsikenyeri,LL Tsotsobe,2,0,,,,,,,,,
430509,2009/10,2009-11-10,SuperSport Park,2,8.1,Zimbabwe,South Africa,S Matsikenyeri,T Taibu,R McLaren,1,0,,,,,,,,,
430509,2009/10,2009-11-10,SuperSport Park,2,8.2,Zimbabwe,South Africa,T Taibu,S Matsikenyeri,R McLaren,1,0,,,,,,,,,
430509,2009/10,2009-11-10,SuperSport Park,2,8.3,Zimbabwe,South Africa,S Matsikenyeri,T Taibu,R McLaren,0,0,,,,,,,,,
430509,2009/10,2009-11-10,SuperSport Park,2,8.4,Zimbabwe,South Africa,S Matsikenyeri,T Taibu,R McLaren,0,0,,,,,,,,,
430509,2009/10,2009-11-10,SuperSport Park,2,8.5,Zimbabwe,South Africa,S Matsikenyeri,T Taibu,R McLaren,0,0,,,,,,,,,
430509,2009/10,2009-11-10,SuperSport Park,2,8.6,Zimbabwe,South Africa,S Matsikenyeri,T Taibu,R McLaren,0,0,,,,,,,,,
430509,2009/10,2009-11-10,SuperSport Park,2,9.1,Zimbabwe,South Africa,T Taibu,S Matsikenyeri,LL Tsotsobe,0,0,,,,,,,,,
430509,2009/10,2009-11-10,SuperSport Park,2,9.2,Zimbabwe,South Africa,T Taibu,S Matsikenyeri,LL Tsotsobe,0,0,,,,,,,,,
430509,2009/10,2009-11-10,SuperSport Park,2,9.3,Zimbabwe,South Africa,T Taibu,S Matsikenyeri,LL Tsotsobe,4,0,,,,,,,,,
430509,2009/10,2009-11-10,SuperSport Park,2,9.4,Zimbabwe,South Africa,T Taibu,S Matsikenyeri,LL Tsotsobe,0,0,,,,,,,,,
430509,2009/10,2009-11-10,SuperSport Park,2,9.5,Zimbabwe,South Africa,T Taibu,S Matsikenyeri,LL Tsotsobe,0,0,,,,,,,,,
430509,2009/10,2009-11-10,SuperSport Park,2,9.6,Zimbabwe,South Africa,T Taibu,S Matsikenyeri,LL Tsotsobe,1,0,,,,,,,,,
430509,2009/10,2009-11-10,SuperSport Park,2,10.1,Zimbabwe,South Africa,T Taibu,S Matsikenyeri,R McLaren,0,0,,,,,,,,,
430509,2009/10,2009-11-10,SuperSport Park,2,10.2,Zimbabwe,South Africa,T Taibu,S Matsikenyeri,R McLaren,0,0,,,,,,,,,
430509,2009/10,2009-11-10,SuperSport Park,2,10.3,Zimbabwe,South Africa,T Taibu,S Matsikenyeri,R McLaren,0,0,,,,,,,,,
430509,2009/10,2009-11-10,SuperSport Park,2,10.4,Zimbabwe,South Africa,T Taibu,S Matsikenyeri,R McLaren,0,0,,,,,,,,,
430509,2009/10,2009-11-10,SuperSport Park,2,10.5,Zimbabwe,South Africa,T Taibu,S Matsikenyeri,R McLaren,0,0,,,,,,,,,
430509,2009/10,2009-11-10,SuperSport Park,2,10.6,Zimbabwe,South Africa,T Taibu,S Matsikenyeri,R McLaren,0,0,,,,,,,,,
430509,2009/10,2009-11-10,SuperSport Park,2,11.1,Zimbabwe,South Africa,S Matsikenyeri,T Taibu,JA Morkel,0,0,,,,,,,,,
430509,2009/10,2009-11-10,SuperSport Park,2,11.2,Zimbabwe,South Africa,S Matsikenyeri,T Taibu,JA Morkel,0,0,,,,,,caught,S Matsikenyeri,,
430509,2009/10,2009-11-10,SuperSport Park,2,11.3,Zimbabwe,South Africa,E Chigumbura,T Taibu,JA Morkel,4,0,,,,,,,,,
430509,2009/10,2009-11-10,SuperSport Park,2,11.4,Zimbabwe,South Africa,E Chigumbura,T Taibu,JA Morkel,0,0,,,,,,caught,E Chigumbura,,
430509,2009/10,2009-11-10,SuperSport Park,2,11.5,Zimbabwe,South Africa,CK Coventry,T Taibu,JA Morkel,1,0,,,,,,,,,
430509,2009/10,2009-11-10,SuperSport Park,2,11.6,Zimbabwe,South Africa,T Taibu,CK Coventry,JA Morkel,0,0,,,,,,,,,
430509,2009/10,2009-11-10,SuperSport Park,2,12.1,Zimbabwe,South Africa,CK Coventry,T Taibu,R McLaren,0,0,,,,,,,,,
430509,2009/10,2009-11-10,SuperSport Park,2,12.2,Zimbabwe,South Africa,CK Coventry,T Taibu,R McLaren,0,0,,,,,,,,,
430509,2009/10,2009-11-10,SuperSport Park,2,12.3,Zimbabwe,South Africa,CK Coventry,T Taibu,R McLaren,0,0,,,,,,,,,
430509,2009/10,2009-11-10,SuperSport Park,2,12.4,Zimbabwe,South Africa,CK Coventry,T Taibu,R McLaren,0,0,,,,,,,,,
430509,2009/10,2009-11-10,SuperSport Park,2,12.5,Zimbabwe,South Africa,CK Coventry,T Taibu,R McLaren,0,0,,,,,,,,,
430509,2009/10,2009-11-10,SuperSport Park,2,12.6,Zimbabwe,South Africa,CK Coventry,T Taibu,R McLaren,0,0,,,,,,,,,
430509,2009/10,2009-11-10,SuperSport Park,2,13.1,Zimbabwe,South Africa,T Taibu,CK Coventry,JA Morkel,0,0,,,,,,,,,
430509,2009/10,2009-11-10,SuperSport Park,2,13.2,Zimbabwe,South Africa,T Taibu,CK Coventry,JA Morkel,0,0,,,,,,,,,
430509,2009/10,2009-11-10,SuperSport Park,2,13.3,Zimbabwe,South Africa,T Taibu,CK Coventry,JA Morkel,0,0,,,,,,,,,
430509,2009/10,2009-11-10,SuperSport Park,2,13.4,Zimbabwe,South Africa,T Taibu,CK Coventry,JA Morkel,0,0,,,,,,,,,
430509,2009/10,2009-11-10,SuperSport Park,2,13.5,Zimbabwe,South Africa,T Taibu,CK Coventry,JA Morkel,0,0,,,,,,,,,
430509,2009/10,2009-11-10,SuperSport Park,2,13.6,Zimbabwe,South Africa,T Taibu,CK Coventry,JA Morkel,0,0,,,,,,,,,
430509,2009/10,2009-11-10,SuperSport Park,2,14.1,Zimbabwe,South Africa,CK Coventry,T Taibu,R McLaren,0,0,,,,,,,,,
430509,2009/10,2009-11-10,SuperSport Park,2,14.2,Zimbabwe,South Africa,CK Coventry,T Taibu,R McLaren,0,0,,,,,,,,,
430509,2009/10,2009-11-10,SuperSport Park,2,14.3,Zimbabwe,South Africa,CK Coventry,T Taibu,R McLaren,0,0,,,,,,,,,
430509,2009/10,2009-11-10,SuperSport Park,2,14.4,Zimbabwe,South Africa,CK Coventry,T Taibu,R McLaren,0,0,,,,,,,,,
430509,2009/10,2009-11-10,SuperSport Park,2,14.5,Zimbabwe,South Africa,CK Coventry,T Taibu,R McLaren,0,0,,,,,,,,,
430509,2009/10,2009-11-10,SuperSport Park,2,14.6,Zimbabwe,South Africa,CK Coventry,T Taibu,R McLaren,4,0,,,,,,,,,
430509,2009/10,2009-11-10,SuperSport Park,2,15.1,Zimbabwe,South Africa,T Taibu,CK Coventry,JA Morkel,0,0,,,,,,,,,
430509,2009/10,2009-11-10,SuperSport Park,2,15.2,Zimbabwe,South Africa,T Taibu,CK Coventry,JA Morkel,1,0,,,,,,,,,
430509,2009/10,2009-11-10,SuperSport Park,2,15.3,Zimbabwe,South Africa,CK Coventry,T Taibu,JA Morkel,2,0,,,,,,,,,
430509,2009/10,2009-11-10,SuperSport Park,2,15.4,Zimbabwe,South Africa,CK Coventry,T Taibu,JA Morkel,0,0,,,,,,,,,
430509,2009/10,2009-11-10,SuperSport Park,2,15.5,Zimbabwe,South Africa,CK Coventry,T Taibu,JA Morkel,0,0,,,,,,,,,
430509,2009/10,2009-11-10,SuperSport Park,2,15.6,Zimbabwe,South Africa,CK Coventry,T Taibu,JA Morkel,0,0,,,,,,,,,
430509,2009/10,2009-11-10,SuperSport Park,2,16.1,Zimbabwe,South Africa,T Taibu,CK Coventry,R McLaren,0,0,,,,,,,,,
430509,2009/10,2009-11-10,SuperSport Park,2,16.2,Zimbabwe,South Africa,T Taibu,CK Coventry,R McLaren,0,0,,,,,,,,,
430509,2009/10,2009-11-10,SuperSport Park,2,16.3,Zimbabwe,South Africa,T Taibu,CK Coventry,R McLaren,0,0,,,,,,,,,
430509,2009/10,2009-11-10,SuperSport Park,2,16.4,Zimbabwe,South Africa,T Taibu,CK Coventry,R McLaren,4,0,,,,,,,,,
430509,2009/10,2009-11-10,SuperSport Park,2,16.5,Zimbabwe,South Africa,T Taibu,CK Coventry,R McLaren,0,0,,,,,,,,,
430509,2009/10,2009-11-10,SuperSport Park,2,16.6,Zimbabwe,South Africa,T Taibu,CK Coventry,R McLaren,0,0,,,,,,,,,
430509,2009/10,2009-11-10,SuperSport Park,2,17.1,Zimbabwe,South Africa,CK Coventry,T Taibu,JA Morkel,1,0,,,,,,,,,
430509,2009/10,2009-11-10,SuperSport Park,2,17.2,Zimbabwe,South Africa,T Taibu,CK Coventry,JA Morkel,1,0,,,,,,,,,
430509,2009/10,2009-11-10,SuperSport Park,2,17.3,Zimbabwe,South Africa,CK Coventry,T Taibu,JA Morkel,1,0,,,,,,,,,
430509,2009/10,2009-11-10,SuperSport Park,2,17.4,Zimbabwe,South Africa,T Taibu,CK Coventry,JA Morkel,0,0,,,,,,,,,
430509,2009/10,2009-11-10,SuperSport Park,2,17.5,Zimbabwe,South Africa,T Taibu,CK Coventry,JA Morkel,1,0,,,,,,,,,
430509,2009/10,2009-11-10,SuperSport Park,2,17.6,Zimbabwe,South Africa,CK Coventry,T Taibu,JA Morkel,0,0,,,,,,,,,
430509,2009/10,2009-11-10,SuperSport Park,2,18.1,Zimbabwe,South Africa,T Taibu,CK Coventry,RE van der Merwe,1,0,,,,,,,,,
430509,2009/10,2009-11-10,SuperSport Park,2,18.2,Zimbabwe,South Africa,CK Coventry,T Taibu,RE van der Merwe,0,0,,,,,,,,,
430509,2009/10,2009-11-10,SuperSport Park,2,18.3,Zimbabwe,South Africa,CK Coventry,T Taibu,RE van der Merwe,0,0,,,,,,,,,
430509,2009/10,2009-11-10,SuperSport Park,2,18.4,Zimbabwe,South Africa,CK Coventry,T Taibu,RE van der Merwe,0,0,,,,,,,,,
430509,2009/10,2009-11-10,SuperSport Park,2,18.5,Zimbabwe,South Africa,CK Coventry,T Taibu,RE van der Merwe,0,0,,,,,,,,,
430509,2009/10,2009-11-10,SuperSport Park,2,18.6,Zimbabwe,South Africa,CK Coventry,T Taibu,RE van der Merwe,1,0,,,,,,,,,
430509,2009/10,2009-11-10,SuperSport Park,2,19.1,Zimbabwe,South Africa,CK Coventry,T Taibu,JA Morkel,0,0,,,,,,caught,CK Coventry,,
430509,2009/10,2009-11-10,SuperSport Park,2,19.2,Zimbabwe,South Africa,P Utseya,T Taibu,JA Morkel,0,0,,,,,,,,,
430509,2009/10,2009-11-10,SuperSport Park,2,19.3,Zimbabwe,South Africa,P Utseya,T Taibu,JA Morkel,0,0,,,,,,,,,
430509,2009/10,2009-11-10,SuperSport Park,2,19.4,Zimbabwe,South Africa,P Utseya,T Taibu,JA Morkel,0,0,,,,,,,,,
430509,2009/10,2009-11-10,SuperSport Park,2,19.5,Zimbabwe,South Africa,P Utseya,T Taibu,JA Morkel,0,0,,,,,,,,,
430509,2009/10,2009-11-10,SuperSport Park,2,19.6,Zimbabwe,South Africa,P Utseya,T Taibu,JA Morkel,0,0,,,,,,,,,
430509,2009/10,2009-11-10,SuperSport Park,2,20.1,Zimbabwe,South Africa,T Taibu,P Utseya,RE van der Merwe,0,0,,,,,,,,,
430509,2009/10,2009-11-10,SuperSport Park,2,20.2,Zimbabwe,South Africa,T Taibu,P Utseya,RE van der Merwe,1,0,,,,,,,,,
430509,2009/10,2009-11-10,SuperSport Park,2,20.3,Zimbabwe,South Africa,P Utseya,T Taibu,RE van der Merwe,0,0,,,,,,,,,
430509,2009/10,2009-11-10,SuperSport Park,2,20.4,Zimbabwe,South Africa,P Utseya,T Taibu,RE van der Merwe,0,0,,,,,,,,,
430509,2009/10,2009-11-10,SuperSport Park,2,20.5,Zimbabwe,South Africa,P Utseya,T Taibu,RE van der Merwe,1,0,,,,,,,,,
430509,2009/10,2009-11-10,SuperSport Park,2,20.6,Zimbabwe,South Africa,T Taibu,P Utseya,RE van der Merwe,0,0,,,,,,,,,
430509,2009/10,2009-11-10,SuperSport Park,2,21.1,Zimbabwe,South Africa,P Utseya,T Taibu,JA Morkel,0,0,,,,,,,,,
430509,2009/10,2009-11-10,SuperSport Park,2,21.2,Zimbabwe,South Africa,P Utseya,T Taibu,JA Morkel,0,1,,,,1,,,,,
430509,2009/10,2009-11-10,SuperSport Park,2,21.3,Zimbabwe,South Africa,T Taibu,P Utseya,JA Morkel,0,0,,,,,,,,,
430509,2009/10,2009-11-10,SuperSport Park,2,21.4,Zimbabwe,South Africa,T Taibu,P Utseya,JA Morkel,4,0,,,,,,,,,
430509,2009/10,2009-11-10,SuperSport Park,2,21.5,Zimbabwe,South Africa,T Taibu,P Utseya,JA Morkel,0,0,,,,,,,,,
430509,2009/10,2009-11-10,SuperSport Park,2,21.6,Zimbabwe,South Africa,T Taibu,P Utseya,JA Morkel,4,0,,,,,,,,,
430509,2009/10,2009-11-10,SuperSport Park,2,22.1,Zimbabwe,South Africa,P Utseya,T Taibu,RE van der Merwe,0,0,,,,,,,,,
430509,2009/10,2009-11-10,SuperSport Park,2,22.2,Zimbabwe,South Africa,P Utseya,T Taibu,RE van der Merwe,0,0,,,,,,,,,
430509,2009/10,2009-11-10,SuperSport Park,2,22.3,Zimbabwe,South Africa,P Utseya,T Taibu,RE van der Merwe,0,0,,,,,,,,,
430509,2009/10,2009-11-10,SuperSport Park,2,22.4,Zimbabwe,South Africa,P Utseya,T Taibu,RE van der Merwe,0,0,,,,,,lbw,P Utseya,,
430509,2009/10,2009-11-10,SuperSport Park,2,22.5,Zimbabwe,South Africa,AG Cremer,T Taibu,RE van der Merwe,1,0,,,,,,,,,
430509,2009/10,2009-11-10,SuperSport Park,2,22.6,Zimbabwe,South Africa,T Taibu,AG Cremer,RE van der Merwe,1,0,,,,,,,,,
430509,2009/10,2009-11-10,SuperSport Park,2,23.1,Zimbabwe,South Africa,T Taibu,AG Cremer,CK Langeveldt,1,0,,,,,,,,,
430509,2009/10,2009-11-10,SuperSport Park,2,23.2,Zimbabwe,South Africa,AG Cremer,T Taibu,CK Langeveldt,0,0,,,,,,,,,
430509,2009/10,2009-11-10,SuperSport Park,2,23.3,Zimbabwe,South Africa,AG Cremer,T Taibu,CK Langeveldt,1,0,,,,,,,,,
430509,2009/10,2009-11-10,SuperSport Park,2,23.4,Zimbabwe,South Africa,T Taibu,AG Cremer,CK Langeveldt,1,0,,,,,,,,,
430509,2009/10,2009-11-10,SuperSport Park,2,23.5,Zimbabwe,South Africa,AG Cremer,T Taibu,CK Langeveldt,0,0,,,,,,,,,
430509,2009/10,2009-11-10,SuperSport Park,2,23.6,Zimbabwe,South Africa,AG Cremer,T Taibu,CK Langeveldt,0,0,,,,,,,,,
430509,2009/10,2009-11-10,SuperSport Park,2,24.1,Zimbabwe,South Africa,T Taibu,AG Cremer,RE van der Merwe,1,0,,,,,,,,,
430509,2009/10,2009-11-10,SuperSport Park,2,24.2,Zimbabwe,South Africa,AG Cremer,T Taibu,RE van der Merwe,1,0,,,,,,,,,
430509,2009/10,2009-11-10,SuperSport Park,2,24.3,Zimbabwe,South Africa,T Taibu,AG Cremer,RE van der Merwe,1,0,,,,,,,,,
430509,2009/10,2009-11-10,SuperSport Park,2,24.4,Zimbabwe,South Africa,AG Cremer,T Taibu,RE van der Merwe,0,0,,,,,,,,,
430509,2009/10,2009-11-10,SuperSport Park,2,24.5,Zimbabwe,South Africa,AG Cremer,T Taibu,RE van der Merwe,4,0,,,,,,,,,
430509,2009/10,2009-11-10,SuperSport Park,2,24.6,Zimbabwe,South Africa,AG Cremer,T Taibu,RE van der Merwe,1,0,,,,,,,,,
430509,2009/10,2009-11-10,SuperSport Park,2,25.1,Zimbabwe,South Africa,AG Cremer,T Taibu,CK Langeveldt,0,0,,,,,,,,,
430509,2009/10,2009-11-10,SuperSport Park,2,25.2,Zimbabwe,South Africa,AG Cremer,T Taibu,CK Langeveldt,3,0,,,,,,,,,
430509,2009/10,2009-11-10,SuperSport Park,2,25.3,Zimbabwe,South Africa,T Taibu,AG Cremer,CK Langeveldt,1,0,,,,,,,,,
430509,2009/10,2009-11-10,SuperSport Park,2,25.4,Zimbabwe,South Africa,AG Cremer,T Taibu,CK Langeveldt,0,0,,,,,,,,,
430509,2009/10,2009-11-10,SuperSport Park,2,25.5,Zimbabwe,South Africa,AG Cremer,T Taibu,CK Langeveldt,0,0,,,,,,,,,
430509,2009/10,2009-11-10,SuperSport Park,2,25.6,Zimbabwe,South Africa,AG Cremer,T Taibu,CK Langeveldt,0,0,,,,,,caught and bowled,AG Cremer,,
430509,2009/10,2009-11-10,SuperSport Park,2,26.1,Zimbabwe,South Africa,T Taibu,RW Price,RE van der Merwe,0,0,,,,,,,,,
430509,2009/10,2009-11-10,SuperSport Park,2,26.2,Zimbabwe,South Africa,T Taibu,RW Price,RE van der Merwe,0,0,,,,,,,,,
430509,2009/10,2009-11-10,SuperSport Park,2,26.3,Zimbabwe,South Africa,T Taibu,RW Price,RE van der Merwe,0,0,,,,,,,,,
430509,2009/10,2009-11-10,SuperSport Park,2,26.4,Zimbabwe,South Africa,T Taibu,RW Price,RE van der Merwe,4,0,,,,,,,,,
430509,2009/10,2009-11-10,SuperSport Park,2,26.5,Zimbabwe,South Africa,T Taibu,RW Price,RE van der Merwe,1,0,,,,,,,,,
430509,2009/10,2009-11-10,SuperSport Park,2,26.6,Zimbabwe,South Africa,RW Price,T Taibu,RE van der Merwe,0,0,,,,,,,,,
430509,2009/10,2009-11-10,SuperSport Park,2,27.1,Zimbabwe,South Africa,T Taibu,RW Price,CK Langeveldt,0,0,,,,,,,,,
430509,2009/10,2009-11-10,SuperSport Park,2,27.2,Zimbabwe,South Africa,T Taibu,RW Price,CK Langeveldt,0,0,,,,,,caught,T Taibu,,
430509,2009/10,2009-11-10,SuperSport Park,2,27.3,Zimbabwe,South Africa,KM Jarvis,RW Price,CK Langeveldt,0,0,,,,,,,,,
430509,2009/10,2009-11-10,SuperSport Park,2,27.4,Zimbabwe,South Africa,KM Jarvis,RW Price,CK Langeveldt,0,0,,,,,,,,,
430509,2009/10,2009-11-10,SuperSport Park,2,27.5,Zimbabwe,South Africa,KM Jarvis,RW Price,CK Langeveldt,0,0,,,,,,,,,
430509,2009/10,2009-11-10,SuperSport Park,2,27.6,Zimbabwe,South Africa,KM Jarvis,RW Price,CK Langeveldt,0,0,,,,,,,,,
430509,2009/10,2009-11-10,SuperSport Park,2,28.1,Zimbabwe,South Africa,RW Price,KM Jarvis,RE van der Merwe,0,0,,,,,,,,,
430509,2009/10,2009-11-10,SuperSport Park,2,28.2,Zimbabwe,South Africa,RW Price,KM Jarvis,RE van der Merwe,0,0,,,,,,,,,
430509,2009/10,2009-11-10,SuperSport Park,2,28.3,Zimbabwe,South Africa,RW Price,KM Jarvis,RE van der Merwe,0,0,,,,,,,,,
430509,2009/10,2009-11-10,SuperSport Park,2,28.4,Zimbabwe,South Africa,RW Price,KM Jarvis,RE van der Merwe,0,0,,,,,,,,,
430509,2009/10,2009-11-10,SuperSport Park,2,28.5,Zimbabwe,South Africa,RW Price,KM Jarvis,RE van der Merwe,0,0,,,,,,,,,
430509,2009/10,2009-11-10,SuperSport Park,2,28.6,Zimbabwe,South Africa,RW Price,KM Jarvis,RE van der Merwe,1,0,,,,,,,,,
430509,2009/10,2009-11-10,SuperSport Park,2,29.1,Zimbabwe,South Africa,RW Price,KM Jarvis,CK Langeveldt,0,0,,,,,,,,,
430509,2009/10,2009-11-10,SuperSport Park,2,29.2,Zimbabwe,South Africa,RW Price,KM Jarvis,CK Langeveldt,6,0,,,,,,,,,
430509,2009/10,2009-11-10,SuperSport Park,2,29.3,Zimbabwe,South Africa,RW Price,KM Jarvis,CK Langeveldt,1,0,,,,,,,,,
430509,2009/10,2009-11-10,SuperSport Park,2,29.4,Zimbabwe,South Africa,RW Price,KM Jarvis,CK Langeveldt,0,0,,,,,,,,,
430509,2009/10,2009-11-10,SuperSport Park,2,29.5,Zimbabwe,South Africa,RW Price,KM Jarvis,CK Langeveldt,0,0,,,,,,,,,
430509,2009/10,2009-11-10,SuperSport Park,2,29.6,Zimbabwe,South Africa,RW Price,KM Jarvis,CK Langeveldt,0,0,,,,,,,,,
430509,2009/10,2009-11-10,SuperSport Park,2,30.1,Zimbabwe,South Africa,KM Jarvis,RW Price,RE van der Merwe,0,0,,,,,,,,,
430509,2009/10,2009-11-10,SuperSport Park,2,30.2,Zimbabwe,South Africa,KM Jarvis,RW Price,RE van der Merwe,4,0,,,,,,,,,
430509,2009/10,2009-11-10,SuperSport Park,2,30.3,Zimbabwe,South Africa,KM Jarvis,RW Price,RE van der Merwe,0,0,,,,,,,,,
430509,2009/10,2009-11-10,SuperSport Park,2,30.4,Zimbabwe,South Africa,KM Jarvis,RW Price,RE van der Merwe,0,0,,,,,,,,,
430509,2009/10,2009-11-10,SuperSport Park,2,30.5,Zimbabwe,South Africa,KM Jarvis,RW Price,RE van der Merwe,0,0,,,,,,,,,
430509,2009/10,2009-11-10,SuperSport Park,2,30.6,Zimbabwe,South Africa,KM Jarvis,RW Price,RE van der Merwe,0,1,,,,1,,,,,
430509,2009/10,2009-11-10,SuperSport Park,2,31.1,Zimbabwe,South Africa,KM Jarvis,RW Price,LL Tsotsobe,0,0,,,,,,,,,
430509,2009/10,2009-11-10,SuperSport Park,2,31.2,Zimbabwe,South Africa,KM Jarvis,RW Price,LL Tsotsobe,0,0,,,,,,,,,
430509,2009/10,2009-11-10,SuperSport Park,2,31.3,Zimbabwe,South Africa,KM Jarvis,RW Price,LL Tsotsobe,0,0,,,,,,,,,
430509,2009/10,2009-11-10,SuperSport Park,2,31.4,Zimbabwe,South Africa,KM Jarvis,RW Price,LL Tsotsobe,1,0,,,,,,,,,
430509,2009/10,2009-11-10,SuperSport Park,2,31.5,Zimbabwe,South Africa,RW Price,KM Jarvis,LL Tsotsobe,1,0,,,,,,,,,
430509,2009/10,2009-11-10,SuperSport Park,2,31.6,Zimbabwe,South Africa,KM Jarvis,RW Price,LL Tsotsobe,1,0,,,,,,,,,
430509,2009/10,2009-11-10,SuperSport Park,2,32.1,Zimbabwe,South Africa,KM Jarvis,RW Price,RE van der Merwe,0,0,,,,,,,,,
430509,2009/10,2009-11-10,SuperSport Park,2,32.2,Zimbabwe,South Africa,KM Jarvis,RW Price,RE van der Merwe,1,0,,,,,,,,,
430509,2009/10,2009-11-10,SuperSport Park,2,32.3,Zimbabwe,South Africa,RW Price,KM Jarvis,RE van der Merwe,0,0,,,,,,,,,
430509,2009/10,2009-11-10,SuperSport Park,2,32.4,Zimbabwe,South Africa,RW Price,KM Jarvis,RE van der Merwe,0,0,,,,,,bowled,RW Price,,
430509,2009/10,2009-11-10,SuperSport Park,2,32.5,Zimbabwe,South Africa,CB Mpofu,KM Jarvis,RE van der Merwe,0,0,,,,,,,,,
430509,2009/10,2009-11-10,SuperSport Park,2,32.6,Zimbabwe,South Africa,CB Mpofu,KM Jarvis,RE van der Merwe,0,0,,,,,,,,,
430509,2009/10,2009-11-10,SuperSport Park,2,33.1,Zimbabwe,South Africa,KM Jarvis,CB Mpofu,LL Tsotsobe,0,0,,,,,,,,,
430509,2009/10,2009-11-10,SuperSport Park,2,33.2,Zimbabwe,South Africa,KM Jarvis,CB Mpofu,LL Tsotsobe,4,0,,,,,,,,,
430509,2009/10,2009-11-10,SuperSport Park,2,33.3,Zimbabwe,South Africa,KM Jarvis,CB Mpofu,LL Tsotsobe,0,0,,,,,,,,,
430509,2009/10,2009-11-10,SuperSport Park,2,33.4,Zimbabwe,South Africa,KM Jarvis,CB Mpofu,LL Tsotsobe,0,0,,,,,,,,,
430509,2009/10,2009-11-10,SuperSport Park,2,33.5,Zimbabwe,South Africa,KM Jarvis,CB Mpofu,LL Tsotsobe,0,0,,,,,,,,,
430509,2009/10,2009-11-10,SuperSport Park,2,33.6,Zimbabwe,South Africa,KM Jarvis,CB Mpofu,LL Tsotsobe,1,0,,,,,,,,,
430509,2009/10,2009-11-10,SuperSport Park,2,34.1,Zimbabwe,South Africa,KM Jarvis,CB Mpofu,RE van der Merwe,1,0,,,,,,,,,
430509,2009/10,2009-11-10,SuperSport Park,2,34.2,Zimbabwe,South Africa,CB Mpofu,KM Jarvis,RE van der Merwe,1,0,,,,,,,,,
430509,2009/10,2009-11-10,SuperSport Park,2,34.3,Zimbabwe,South Africa,KM Jarvis,CB Mpofu,RE van der Merwe,0,0,,,,,,caught,KM Jarvis,,
