match_id,season,start_date,venue,innings,ball,batting_team,bowling_team,striker,non_striker,bowler,runs_off_bat,extras,wides,noballs,byes,legbyes,penalty,wicket_type,player_dismissed,other_wicket_type,other_player_dismissed
441829,2009/10,2010-02-27,"Sardar Patel Stadium, Motera",1,0.1,South Africa,India,LE Bosman,HM Amla,S Sreesanth,1,0,,,,,,,,,
441829,2009/10,2010-02-27,"Sardar Patel Stadium, Motera",1,0.2,South Africa,India,HM Amla,LE Bosman,S Sreesanth,0,0,,,,,,,,,
441829,2009/10,2010-02-27,"Sardar Patel Stadium, Motera",1,0.3,South Africa,India,HM Amla,LE Bosman,S Sreesanth,0,0,,,,,,,,,
441829,2009/10,2010-02-27,"Sardar Patel Stadium, Motera",1,0.4,South Africa,India,HM Amla,LE Bosman,S Sreesanth,0,0,,,,,,,,,
441829,2009/10,2010-02-27,"Sardar Patel Stadium, Motera",1,0.5,South Africa,India,HM Amla,LE Bosman,S Sreesanth,1,0,,,,,,,,,
441829,2009/10,2010-02-27,"Sardar Patel Stadium, Motera",1,0.6,South Africa,India,LE Bosman,HM Amla,S Sreesanth,0,0,,,,,,,,,
441829,2009/10,2010-02-27,"Sardar Patel Stadium, Motera",1,1.1,South Africa,India,HM Amla,LE Bosman,S Tyagi,2,0,,,,,,,,,
441829,2009/10,2010-02-27,"Sardar Patel Stadium, Motera",1,1.2,South Africa,India,HM Amla,LE Bosman,S Tyagi,0,0,,,,,,,,,
441829,2009/10,2010-02-27,"Sardar Patel Stadium, Motera",1,1.3,South Africa,India,HM Amla,LE Bosman,S Tyagi,4,0,,,,,,,,,
441829,2009/10,2010-02-27,"Sardar Patel Stadium, Motera",1,1.4,South Africa,India,HM Amla,LE Bosman,S Tyagi,0,0,,,,,,,,,
441829,2009/10,2010-02-27,"Sardar Patel Stadium, Motera",1,1.5,South Africa,India,HM Amla,LE Bosman,S Tyagi,0,0,,,,,,,,,
441829,2009/10,2010-02-27,"Sardar Patel Stadium, Motera",1,1.6,South Africa,India,HM Amla,LE Bosman,S Tyagi,0,1,,1,,,,,,,
441829,2009/10,2010-02-27,"Sardar Patel Stadium, Motera",1,1.7,South Africa,India,HM Amla,LE Bosman,S Tyagi,1,0,,,,,,,,,
441829,2009/10,2010-02-27,"Sardar Patel Stadium, Motera",1,2.1,South Africa,India,HM Amla,LE Bosman,S Sreesanth,2,0,,,,,,,,,
441829,2009/10,2010-02-27,"Sardar Patel Stadium, Motera",1,2.2,South Africa,India,HM Amla,LE Bosman,S Sreesanth,0,0,,,,,,,,,
441829,2009/10,2010-02-27,"Sardar Patel Stadium, Motera",1,2.3,South Africa,India,HM Amla,LE Bosman,S Sreesanth,0,0,,,,,,,,,
441829,2009/10,2010-02-27,"Sardar Patel Stadium, Motera",1,2.4,South Africa,India,HM Amla,LE Bosman,S Sreesanth,0,0,,,,,,,,,
441829,2009/10,2010-02-27,"Sardar Patel Stadium, Motera",1,2.5,South Africa,India,HM Amla,LE Bosman,S Sreesanth,1,0,,,,,,,,,
441829,2009/10,2010-02-27,"Sardar Patel Stadium, Motera",1,2.6,South Africa,India,LE Bosman,HM Amla,S Sreesanth,0,0,,,,,,,,,
441829,2009/10,2010-02-27,"Sardar Patel Stadium, Motera",1,3.1,South Africa,India,HM Amla,LE Bosman,S Tyagi,0,0,,,,,,,,,
441829,2009/10,2010-02-27,"Sardar Patel Stadium, Motera",1,3.2,South Africa,India,HM Amla,LE Bosman,S Tyagi,0,0,,,,,,,,,
441829,2009/10,2010-02-27,"Sardar Patel Stadium, Motera",1,3.3,South Africa,India,HM Amla,LE Bosman,S Tyagi,0,0,,,,,,,,,
441829,2009/10,2010-02-27,"Sardar Patel Stadium, Motera",1,3.4,South Africa,India,HM Amla,LE Bosman,S Tyagi,0,0,,,,,,,,,
441829,2009/10,2010-02-27,"Sardar Patel Stadium, Motera",1,3.5,South Africa,India,HM Amla,LE Bosman,S Tyagi,4,0,,,,,,,,,
441829,2009/10,2010-02-27,"Sardar Patel Stadium, Motera",1,3.6,South Africa,India,HM Amla,LE Bosman,S Tyagi,0,0,,,,,,,,,
441829,2009/10,2010-02-27,"Sardar Patel Stadium, Motera",1,4.1,South Africa,India,LE Bosman,HM Amla,S Sreesanth,4,0,,,,,,,,,
441829,2009/10,2010-02-27,"Sardar Patel Stadium, Motera",1,4.2,South Africa,India,LE Bosman,HM Amla,S Sreesanth,0,0,,,,,,,,,
441829,2009/10,2010-02-27,"Sardar Patel Stadium, Motera",1,4.3,South Africa,India,LE Bosman,HM Amla,S Sreesanth,1,0,,,,,,,,,
441829,2009/10,2010-02-27,"Sardar Patel Stadium, Motera",1,4.4,South Africa,India,HM Amla,LE Bosman,S Sreesanth,0,0,,,,,,,,,
441829,2009/10,2010-02-27,"Sardar Patel Stadium, Motera",1,4.5,South Africa,India,HM Amla,LE Bosman,S Sreesanth,0,0,,,,,,,,,
441829,2009/10,2010-02-27,"Sardar Patel Stadium, Motera",1,4.6,South Africa,India,HM Amla,LE Bosman,S Sreesanth,0,0,,,,,,,,,
441829,2009/10,2010-02-27,"Sardar Patel Stadium, Motera",1,5.1,South Africa,India,LE Bosman,HM Amla,S Tyagi,0,0,,,,,,,,,
441829,2009/10,2010-02-27,"Sardar Patel Stadium, Motera",1,5.2,South Africa,India,LE Bosman,HM Amla,S Tyagi,4,0,,,,,,,,,
441829,2009/10,2010-02-27,"Sardar Patel Stadium, Motera",1,5.3,South Africa,India,LE Bosman,HM Amla,S Tyagi,0,0,,,,,,,,,
441829,2009/10,2010-02-27,"Sardar Patel Stadium, Motera",1,5.4,South Africa,India,LE Bosman,HM Amla,S Tyagi,0,0,,,,,,,,,
441829,2009/10,2010-02-27,"Sardar Patel Stadium, Motera",1,5.5,South Africa,India,LE Bosman,HM Amla,S Tyagi,4,0,,,,,,,,,
441829,2009/10,2010-02-27,"Sardar Patel Stadium, Motera",1,5.6,South Africa,India,LE Bosman,HM Amla,S Tyagi,4,0,,,,,,,,,
441829,2009/10,2010-02-27,"Sardar Patel Stadium, Motera",1,6.1,South Africa,India,HM Amla,LE Bosman,S Sreesanth,4,0,,,,,,,,,
441829,2009/10,2010-02-27,"Sardar Patel Stadium, Motera",1,6.2,South Africa,India,HM Amla,LE Bosman,S Sreesanth,0,0,,,,,,,,,
441829,2009/10,2010-02-27,"Sardar Patel Stadium, Motera",1,6.3,South Africa,India,HM Amla,LE Bosman,S Sreesanth,0,0,,,,,,,,,
441829,2009/10,2010-02-27,"Sardar Patel Stadium, Motera",1,6.4,South Africa,India,HM Amla,LE Bosman,S Sreesanth,1,0,,,,,,,,,
441829,2009/10,2010-02-27,"Sardar Patel Stadium, Motera",1,6.5,South Africa,India,LE Bosman,HM Amla,S Sreesanth,0,1,,1,,,,,,,
441829,2009/10,2010-02-27,"Sardar Patel Stadium, Motera",1,6.6,South Africa,India,LE Bosman,HM Amla,S Sreesanth,0,0,,,,,,,,,
441829,2009/10,2010-02-27,"Sardar Patel Stadium, Motera",1,6.7,South Africa,India,LE Bosman,HM Amla,S Sreesanth,4,0,,,,,,,,,
441829,2009/10,2010-02-27,"Sardar Patel Stadium, Motera",1,7.1,South Africa,India,HM Amla,LE Bosman,A Mithun,0,0,,,,,,,,,
441829,2009/10,2010-02-27,"Sardar Patel Stadium, Motera",1,7.2,South Africa,India,HM Amla,LE Bosman,A Mithun,0,0,,,,,,,,,
441829,2009/10,2010-02-27,"Sardar Patel Stadium, Motera",1,7.3,South Africa,India,HM Amla,LE Bosman,A Mithun,0,0,,,,,,,,,
441829,2009/10,2010-02-27,"Sardar Patel Stadium, Motera",1,7.4,South Africa,India,HM Amla,LE Bosman,A Mithun,0,0,,,,,,,,,
441829,2009/10,2010-02-27,"Sardar Patel Stadium, Motera",1,7.5,South Africa,India,HM Amla,LE Bosman,A Mithun,4,0,,,,,,,,,
441829,2009/10,2010-02-27,"Sardar Patel Stadium, Motera",1,7.6,South Africa,India,HM Amla,LE Bosman,A Mithun,4,0,,,,,,,,,
441829,2009/10,2010-02-27,"Sardar Patel Stadium, Motera",1,8.1,South Africa,India,LE Bosman,HM Amla,S Sreesanth,6,0,,,,,,,,,
441829,2009/10,2010-02-27,"Sardar Patel Stadium, Motera",1,8.2,South Africa,India,LE Bosman,HM Amla,S Sreesanth,0,0,,,,,,,,,
441829,2009/10,2010-02-27,"Sardar Patel Stadium, Motera",1,8.3,South Africa,India,LE Bosman,HM Amla,S Sreesanth,0,0,,,,,,,,,
441829,2009/10,2010-02-27,"Sardar Patel Stadium, Motera",1,8.4,South Africa,India,LE Bosman,HM Amla,S Sreesanth,4,0,,,,,,,,,
441829,2009/10,2010-02-27,"Sardar Patel Stadium, Motera",1,8.5,South Africa,India,LE Bosman,HM Amla,S Sreesanth,1,0,,,,,,,,,
441829,2009/10,2010-02-27,"Sardar Patel Stadium, Motera",1,8.6,South Africa,India,HM Amla,LE Bosman,S Sreesanth,1,0,,,,,,,,,
441829,2009/10,2010-02-27,"Sardar Patel Stadium, Motera",1,9.1,South Africa,India,HM Amla,LE Bosman,A Mithun,1,0,,,,,,,,,
441829,2009/10,2010-02-27,"Sardar Patel Stadium, Motera",1,9.2,South Africa,India,LE Bosman,HM Amla,A Mithun,0,0,,,,,,,,,
441829,2009/10,2010-02-27,"Sardar Patel Stadium, Motera",1,9.3,South Africa,India,LE Bosman,HM Amla,A Mithun,0,0,,,,,,,,,
441829,2009/10,2010-02-27,"Sardar Patel Stadium, Motera",1,9.4,South Africa,India,LE Bosman,HM Amla,A Mithun,1,0,,,,,,,,,
441829,2009/10,2010-02-27,"Sardar Patel Stadium, Motera",1,9.5,South Africa,India,HM Amla,LE Bosman,A Mithun,0,0,,,,,,,,,
441829,2009/10,2010-02-27,"Sardar Patel Stadium, Motera",1,9.6,South Africa,India,HM Amla,LE Bosman,A Mithun,4,0,,,,,,,,,
441829,2009/10,2010-02-27,"Sardar Patel Stadium, Motera",1,10.1,South Africa,India,LE Bosman,HM Amla,S Tyagi,0,0,,,,,,,,,
441829,2009/10,2010-02-27,"Sardar Patel Stadium, Motera",1,10.2,South Africa,India,LE Bosman,HM Amla,S Tyagi,1,0,,,,,,,,,
441829,2009/10,2010-02-27,"Sardar Patel Stadium, Motera",1,10.3,South Africa,India,HM Amla,LE Bosman,S Tyagi,1,0,,,,,,,,,
441829,2009/10,2010-02-27,"Sardar Patel Stadium, Motera",1,10.4,South Africa,India,LE Bosman,HM Amla,S Tyagi,1,0,,,,,,,,,
441829,2009/10,2010-02-27,"Sardar Patel Stadium, Motera",1,10.5,South Africa,India,HM Amla,LE Bosman,S Tyagi,1,0,,,,,,,,,
441829,2009/10,2010-02-27,"Sardar Patel Stadium, Motera",1,10.6,South Africa,India,LE Bosman,HM Amla,S Tyagi,2,0,,,,,,,,,
441829,2009/10,2010-02-27,"Sardar Patel Stadium, Motera",1,11.1,South Africa,India,HM Amla,LE Bosman,A Mithun,1,0,,,,,,,,,
441829,2009/10,2010-02-27,"Sardar Patel Stadium, Motera",1,11.2,South Africa,India,LE Bosman,HM Amla,A Mithun,0,0,,,,,,,,,
441829,2009/10,2010-02-27,"Sardar Patel Stadium, Motera",1,11.3,South Africa,India,LE Bosman,HM Amla,A Mithun,4,0,,,,,,,,,
441829,2009/10,2010-02-27,"Sardar Patel Stadium, Motera",1,11.4,South Africa,India,LE Bosman,HM Amla,A Mithun,1,0,,,,,,,,,
441829,2009/10,2010-02-27,"Sardar Patel Stadium, Motera",1,11.5,South Africa,India,HM Amla,LE Bosman,A Mithun,0,0,,,,,,,,,
441829,2009/10,2010-02-27,"Sardar Patel Stadium, Motera",1,11.6,South Africa,India,HM Amla,LE Bosman,A Mithun,0,0,,,,,,,,,
441829,2009/10,2010-02-27,"Sardar Patel Stadium, Motera",1,12.1,South Africa,India,LE Bosman,HM Amla,RA Jadeja,0,0,,,,,,,,,
441829,2009/10,2010-02-27,"Sardar Patel Stadium, Motera",1,12.2,South Africa,India,LE Bosman,HM Amla,RA Jadeja,0,0,,,,,,,,,
441829,2009/10,2010-02-27,"Sardar Patel Stadium, Motera",1,12.3,South Africa,India,LE Bosman,HM Amla,RA Jadeja,0,0,,,,,,,,,
441829,2009/10,2010-02-27,"Sardar Patel Stadium, Motera",1,12.4,South Africa,India,LE Bosman,HM Amla,RA Jadeja,1,0,,,,,,,,,
441829,2009/10,2010-02-27,"Sardar Patel Stadium, Motera",1,12.5,South Africa,India,HM Amla,LE Bosman,RA Jadeja,1,0,,,,,,,,,
441829,2009/10,2010-02-27,"Sardar Patel Stadium, Motera",1,12.6,South Africa,India,LE Bosman,HM Amla,RA Jadeja,1,0,,,,,,,,,
441829,2009/10,2010-02-27,"Sardar Patel Stadium, Motera",1,13.1,South Africa,India,LE Bosman,HM Amla,YK Pathan,6,0,,,,,,,,,
441829,2009/10,2010-02-27,"Sardar Patel Stadium, Motera",1,13.2,South Africa,India,LE Bosman,HM Amla,YK Pathan,0,0,,,,,,,,,
441829,2009/10,2010-02-27,"Sardar Patel Stadium, Motera",1,13.3,South Africa,India,LE Bosman,HM Amla,YK Pathan,1,0,,,,,,,,,
441829,2009/10,2010-02-27,"Sardar Patel Stadium, Motera",1,13.4,South Africa,India,HM Amla,LE Bosman,YK Pathan,1,0,,,,,,,,,
441829,2009/10,2010-02-27,"Sardar Patel Stadium, Motera",1,13.5,South Africa,India,LE Bosman,HM Amla,YK Pathan,0,0,,,,,,,,,
441829,2009/10,2010-02-27,"Sardar Patel Stadium, Motera",1,13.6,South Africa,India,LE Bosman,HM Amla,YK Pathan,1,0,,,,,,,,,
441829,2009/10,2010-02-27,"Sardar Patel Stadium, Motera",1,14.1,South Africa,India,LE Bosman,HM Amla,RA Jadeja,6,0,,,,,,,,,
441829,2009/10,2010-02-27,"Sardar Patel Stadium, Motera",1,14.2,South Africa,India,LE Bosman,HM Amla,RA Jadeja,1,0,,,,,,,,,
441829,2009/10,2010-02-27,"Sardar Patel Stadium, Motera",1,14.3,South Africa,India,HM Amla,LE Bosman,RA Jadeja,0,0,,,,,,,,,
441829,2009/10,2010-02-27,"Sardar Patel Stadium, Motera",1,14.4,South Africa,India,HM Amla,LE Bosman,RA Jadeja,2,0,,,,,,,,,
441829,2009/10,2010-02-27,"Sardar Patel Stadium, Motera",1,14.5,South Africa,India,HM Amla,LE Bosman,RA Jadeja,1,0,,,,,,,,,
441829,2009/10,2010-02-27,"Sardar Patel Stadium, Motera",1,14.6,South Africa,India,LE Bosman,HM Amla,RA Jadeja,1,0,,,,,,,,,
441829,2009/10,2010-02-27,"Sardar Patel Stadium, Motera",1,15.1,South Africa,India,LE Bosman,HM Amla,YK Pathan,6,0,,,,,,,,,
441829,2009/10,2010-02-27,"Sardar Patel Stadium, Motera",1,15.2,South Africa,India,LE Bosman,HM Amla,YK Pathan,1,0,,,,,,,,,
441829,2009/10,2010-02-27,"Sardar Patel Stadium, Motera",1,15.3,South Africa,India,HM Amla,LE Bosman,YK Pathan,1,0,,,,,,,,,
441829,2009/10,2010-02-27,"Sardar Patel Stadium, Motera",1,15.4,South Africa,India,LE Bosman,HM Amla,YK Pathan,0,0,,,,,,caught,LE Bosman,,
441829,2009/10,2010-02-27,"Sardar Patel Stadium, Motera",1,15.5,South Africa,India,HM Amla,JH Kallis,YK Pathan,0,0,,,,,,,,,
441829,2009/10,2010-02-27,"Sardar Patel Stadium, Motera",1,15.6,South Africa,India,HM Amla,JH Kallis,YK Pathan,1,0,,,,,,,,,
441829,2009/10,2010-02-27,"Sardar Patel Stadium, Motera",1,16.1,South Africa,India,HM Amla,JH Kallis,RA Jadeja,1,0,,,,,,,,,
441829,2009/10,2010-02-27,"Sardar Patel Stadium, Motera",1,16.2,South Africa,India,JH Kallis,HM Amla,RA Jadeja,0,0,,,,,,,,,
441829,2009/10,2010-02-27,"Sardar Patel Stadium, Motera",1,16.3,South Africa,India,JH Kallis,HM Amla,RA Jadeja,0,0,,,,,,,,,
441829,2009/10,2010-02-27,"Sardar Patel Stadium, Motera",1,16.4,South Africa,India,JH Kallis,HM Amla,RA Jadeja,0,0,,,,,,,,,
441829,2009/10,2010-02-27,"Sardar Patel Stadium, Motera",1,16.5,South Africa,India,JH Kallis,HM Amla,RA Jadeja,0,0,,,,,,,,,
441829,2009/10,2010-02-27,"Sardar Patel Stadium, Motera",1,16.6,South Africa,India,JH Kallis,HM Amla,RA Jadeja,0,0,,,,,,,,,
441829,2009/10,2010-02-27,"Sardar Patel Stadium, Motera",1,17.1,South Africa,India,HM Amla,JH Kallis,YK Pathan,1,0,,,,,,,,,
441829,2009/10,2010-02-27,"Sardar Patel Stadium, Motera",1,17.2,South Africa,India,JH Kallis,HM Amla,YK Pathan,1,0,,,,,,,,,
441829,2009/10,2010-02-27,"Sardar Patel Stadium, Motera",1,17.3,South Africa,India,HM Amla,JH Kallis,YK Pathan,1,0,,,,,,,,,
441829,2009/10,2010-02-27,"Sardar Patel Stadium, Motera",1,17.4,South Africa,India,JH Kallis,HM Amla,YK Pathan,0,0,,,,,,,,,
441829,2009/10,2010-02-27,"Sardar Patel Stadium, Motera",1,17.5,South Africa,India,JH Kallis,HM Amla,YK Pathan,1,0,,,,,,,,,
441829,2009/10,2010-02-27,"Sardar Patel Stadium, Motera",1,17.6,South Africa,India,HM Amla,JH Kallis,YK Pathan,0,0,,,,,,,,,
441829,2009/10,2010-02-27,"Sardar Patel Stadium, Motera",1,18.1,South Africa,India,JH Kallis,HM Amla,RA Jadeja,1,0,,,,,,,,,
441829,2009/10,2010-02-27,"Sardar Patel Stadium, Motera",1,18.2,South Africa,India,HM Amla,JH Kallis,RA Jadeja,2,0,,,,,,,,,
441829,2009/10,2010-02-27,"Sardar Patel Stadium, Motera",1,18.3,South Africa,India,HM Amla,JH Kallis,RA Jadeja,1,0,,,,,,,,,
441829,2009/10,2010-02-27,"Sardar Patel Stadium, Motera",1,18.4,South Africa,India,JH Kallis,HM Amla,RA Jadeja,0,0,,,,,,,,,
441829,2009/10,2010-02-27,"Sardar Patel Stadium, Motera",1,18.5,South Africa,India,JH Kallis,HM Amla,RA Jadeja,0,0,,,,,,,,,
441829,2009/10,2010-02-27,"Sardar Patel Stadium, Motera",1,18.6,South Africa,India,JH Kallis,HM Amla,RA Jadeja,1,0,,,,,,,,,
441829,2009/10,2010-02-27,"Sardar Patel Stadium, Motera",1,19.1,South Africa,India,JH Kallis,HM Amla,YK Pathan,1,0,,,,,,,,,
441829,2009/10,2010-02-27,"Sardar Patel Stadium, Motera",1,19.2,South Africa,India,HM Amla,JH Kallis,YK Pathan,1,0,,,,,,,,,
441829,2009/10,2010-02-27,"Sardar Patel Stadium, Motera",1,19.3,South Africa,India,JH Kallis,HM Amla,YK Pathan,0,0,,,,,,,,,
441829,2009/10,2010-02-27,"Sardar Patel Stadium, Motera",1,19.4,South Africa,India,JH Kallis,HM Amla,YK Pathan,0,0,,,,,,,,,
441829,2009/10,2010-02-27,"Sardar Patel Stadium, Motera",1,19.5,South Africa,India,JH Kallis,HM Amla,YK Pathan,1,0,,,,,,,,,
441829,2009/10,2010-02-27,"Sardar Patel Stadium, Motera",1,19.6,South Africa,India,HM Amla,JH Kallis,YK Pathan,1,0,,,,,,,,,
441829,2009/10,2010-02-27,"Sardar Patel Stadium, Motera",1,20.1,South Africa,India,HM Amla,JH Kallis,RA Jadeja,1,0,,,,,,,,,
441829,2009/10,2010-02-27,"Sardar Patel Stadium, Motera",1,20.2,South Africa,India,JH Kallis,HM Amla,RA Jadeja,0,1,,,,1,,,,,
441829,2009/10,2010-02-27,"Sardar Patel Stadium, Motera",1,20.3,South Africa,India,HM Amla,JH Kallis,RA Jadeja,2,0,,,,,,,,,
441829,2009/10,2010-02-27,"Sardar Patel Stadium, Motera",1,20.4,South Africa,India,HM Amla,JH Kallis,RA Jadeja,0,0,,,,,,,,,
441829,2009/10,2010-02-27,"Sardar Patel Stadium, Motera",1,20.5,South Africa,India,HM Amla,JH Kallis,RA Jadeja,1,0,,,,,,,,,
441829,2009/10,2010-02-27,"Sardar Patel Stadium, Motera",1,20.6,South Africa,India,JH Kallis,HM Amla,RA Jadeja,1,0,,,,,,,,,
441829,2009/10,2010-02-27,"Sardar Patel Stadium, Motera",1,21.1,South Africa,India,JH Kallis,HM Amla,YK Pathan,0,0,,,,,,,,,
441829,2009/10,2010-02-27,"Sardar Patel Stadium, Motera",1,21.2,South Africa,India,JH Kallis,HM Amla,YK Pathan,1,0,,,,,,,,,
441829,2009/10,2010-02-27,"Sardar Patel Stadium, Motera",1,21.3,South Africa,India,HM Amla,JH Kallis,YK Pathan,1,0,,,,,,,,,
441829,2009/10,2010-02-27,"Sardar Patel Stadium, Motera",1,21.4,South Africa,India,JH Kallis,HM Amla,YK Pathan,0,0,,,,,,,,,
441829,2009/10,2010-02-27,"Sardar Patel Stadium, Motera",1,21.5,South Africa,India,JH Kallis,HM Amla,YK Pathan,1,0,,,,,,,,,
441829,2009/10,2010-02-27,"Sardar Patel Stadium, Motera",1,21.6,South Africa,India,HM Amla,JH Kallis,YK Pathan,0,0,,,,,,,,,
441829,2009/10,2010-02-27,"Sardar Patel Stadium, Motera",1,22.1,South Africa,India,JH Kallis,HM Amla,V Kohli,1,0,,,,,,,,,
441829,2009/10,2010-02-27,"Sardar Patel Stadium, Motera",1,22.2,South Africa,India,HM Amla,JH Kallis,V Kohli,1,0,,,,,,,,,
441829,2009/10,2010-02-27,"Sardar Patel Stadium, Motera",1,22.3,South Africa,India,JH Kallis,HM Amla,V Kohli,1,0,,,,,,,,,
441829,2009/10,2010-02-27,"Sardar Patel Stadium, Motera",1,22.4,South Africa,India,HM Amla,JH Kallis,V Kohli,1,0,,,,,,,,,
441829,2009/10,2010-02-27,"Sardar Patel Stadium, Motera",1,22.5,South Africa,India,JH Kallis,HM Amla,V Kohli,1,0,,,,,,,,,
441829,2009/10,2010-02-27,"Sardar Patel Stadium, Motera",1,22.6,South Africa,India,HM Amla,JH Kallis,V Kohli,0,0,,,,,,,,,
441829,2009/10,2010-02-27,"Sardar Patel Stadium, Motera",1,23.1,South Africa,India,JH Kallis,HM Amla,YK Pathan,0,0,,,,,,,,,
441829,2009/10,2010-02-27,"Sardar Patel Stadium, Motera",1,23.2,South Africa,India,JH Kallis,HM Amla,YK Pathan,0,0,,,,,,,,,
441829,2009/10,2010-02-27,"Sardar Patel Stadium, Motera",1,23.3,South Africa,India,JH Kallis,HM Amla,YK Pathan,0,0,,,,,,,,,
441829,2009/10,2010-02-27,"Sardar Patel Stadium, Motera",1,23.4,South Africa,India,JH Kallis,HM Amla,YK Pathan,1,0,,,,,,,,,
441829,2009/10,2010-02-27,"Sardar Patel Stadium, Motera",1,23.5,South Africa,India,HM Amla,JH Kallis,YK Pathan,4,0,,,,,,,,,
441829,2009/10,2010-02-27,"Sardar Patel Stadium, Motera",1,23.6,South Africa,India,HM Amla,JH Kallis,YK Pathan,0,0,,,,,,,,,
441829,2009/10,2010-02-27,"Sardar Patel Stadium, Motera",1,24.1,South Africa,India,JH Kallis,HM Amla,V Kohli,1,0,,,,,,,,,
441829,2009/10,2010-02-27,"Sardar Patel Stadium, Motera",1,24.2,South Africa,India,HM Amla,JH Kallis,V Kohli,0,0,,,,,,,,,
441829,2009/10,2010-02-27,"Sardar Patel Stadium, Motera",1,24.3,South Africa,India,HM Amla,JH Kallis,V Kohli,1,0,,,,,,,,,
441829,2009/10,2010-02-27,"Sardar Patel Stadium, Motera",1,24.4,South Africa,India,JH Kallis,HM Amla,V Kohli,1,0,,,,,,,,,
441829,2009/10,2010-02-27,"Sardar Patel Stadium, Motera",1,24.5,South Africa,India,HM Amla,JH Kallis,V Kohli,2,0,,,,,,,,,
441829,2009/10,2010-02-27,"Sardar Patel Stadium, Motera",1,24.6,South Africa,India,HM Amla,JH Kallis,V Kohli,1,0,,,,,,,,,
441829,2009/10,2010-02-27,"Sardar Patel Stadium, Motera",1,25.1,South Africa,India,HM Amla,JH Kallis,YK Pathan,1,0,,,,,,,,,
441829,2009/10,2010-02-27,"Sardar Patel Stadium, Motera",1,25.2,South Africa,India,JH Kallis,HM Amla,YK Pathan,1,0,,,,,,,,,
441829,2009/10,2010-02-27,"Sardar Patel Stadium, Motera",1,25.3,South Africa,India,HM Amla,JH Kallis,YK Pathan,0,0,,,,,,,,,
441829,2009/10,2010-02-27,"Sardar Patel Stadium, Motera",1,25.4,South Africa,India,HM Amla,JH Kallis,YK Pathan,0,0,,,,,,,,,
441829,2009/10,2010-02-27,"Sardar Patel Stadium, Motera",1,25.5,South Africa,India,HM Amla,JH Kallis,YK Pathan,4,0,,,,,,,,,
441829,2009/10,2010-02-27,"Sardar Patel Stadium, Motera",1,25.6,South Africa,India,HM Amla,JH Kallis,YK Pathan,1,0,,,,,,,,,
441829,2009/10,2010-02-27,"Sardar Patel Stadium, Motera",1,26.1,South Africa,India,HM Amla,JH Kallis,A Mithun,0,0,,,,,,,,,
441829,2009/10,2010-02-27,"Sardar Patel Stadium, Motera",1,26.2,South Africa,India,HM Amla,JH Kallis,A Mithun,0,0,,,,,,,,,
441829,2009/10,2010-02-27,"Sardar Patel Stadium, Motera",1,26.3,South Africa,India,HM Amla,JH Kallis,A Mithun,1,0,,,,,,,,,
441829,2009/10,2010-02-27,"Sardar Patel Stadium, Motera",1,26.4,South Africa,India,JH Kallis,HM Amla,A Mithun,1,0,,,,,,,,,
441829,2009/10,2010-02-27,"Sardar Patel Stadium, Motera",1,26.5,South Africa,India,HM Amla,JH Kallis,A Mithun,0,0,,,,,,,,,
441829,2009/10,2010-02-27,"Sardar Patel Stadium, Motera",1,26.6,South Africa,India,HM Amla,JH Kallis,A Mithun,0,0,,,,,,,,,
441829,2009/10,2010-02-27,"Sardar Patel Stadium, Motera",1,27.1,South Africa,India,JH Kallis,HM Amla,RG Sharma,0,0,,,,,,,,,
441829,2009/10,2010-02-27,"Sardar Patel Stadium, Motera",1,27.2,South Africa,India,JH Kallis,HM Amla,RG Sharma,0,0,,,,,,,,,
441829,2009/10,2010-02-27,"Sardar Patel Stadium, Motera",1,27.3,South Africa,India,JH Kallis,HM Amla,RG Sharma,1,0,,,,,,,,,
441829,2009/10,2010-02-27,"Sardar Patel Stadium, Motera",1,27.4,South Africa,India,HM Amla,JH Kallis,RG Sharma,2,0,,,,,,,,,
441829,2009/10,2010-02-27,"Sardar Patel Stadium, Motera",1,27.5,South Africa,India,HM Amla,JH Kallis,RG Sharma,1,0,,,,,,,,,
441829,2009/10,2010-02-27,"Sardar Patel Stadium, Motera",1,27.6,South Africa,India,JH Kallis,HM Amla,RG Sharma,2,0,,,,,,,,,
441829,2009/10,2010-02-27,"Sardar Patel Stadium, Motera",1,28.1,South Africa,India,HM Amla,JH Kallis,A Mithun,1,0,,,,,,,,,
441829,2009/10,2010-02-27,"Sardar Patel Stadium, Motera",1,28.2,South Africa,India,JH Kallis,HM Amla,A Mithun,1,0,,,,,,,,,
441829,2009/10,2010-02-27,"Sardar Patel Stadium, Motera",1,28.3,South Africa,India,HM Amla,JH Kallis,A Mithun,1,0,,,,,,,,,
441829,2009/10,2010-02-27,"Sardar Patel Stadium, Motera",1,28.4,South Africa,India,JH Kallis,HM Amla,A Mithun,1,0,,,,,,,,,
441829,2009/10,2010-02-27,"Sardar Patel Stadium, Motera",1,28.5,South Africa,India,HM Amla,JH Kallis,A Mithun,1,0,,,,,,,,,
441829,2009/10,2010-02-27,"Sardar Patel Stadium, Motera",1,28.6,South Africa,India,JH Kallis,HM Amla,A Mithun,2,0,,,,,,,,,
441829,2009/10,2010-02-27,"Sardar Patel Stadium, Motera",1,29.1,South Africa,India,HM Amla,JH Kallis,S Tyagi,1,0,,,,,,,,,
441829,2009/10,2010-02-27,"Sardar Patel Stadium, Motera",1,29.2,South Africa,India,JH Kallis,HM Amla,S Tyagi,1,0,,,,,,,,,
441829,2009/10,2010-02-27,"Sardar Patel Stadium, Motera",1,29.3,South Africa,India,HM Amla,JH Kallis,S Tyagi,1,0,,,,,,,,,
441829,2009/10,2010-02-27,"Sardar Patel Stadium, Motera",1,29.4,South Africa,India,JH Kallis,HM Amla,S Tyagi,0,0,,,,,,,,,
441829,2009/10,2010-02-27,"Sardar Patel Stadium, Motera",1,29.5,South Africa,India,JH Kallis,HM Amla,S Tyagi,0,0,,,,,,,,,
441829,2009/10,2010-02-27,"Sardar Patel Stadium, Motera",1,29.6,South Africa,India,JH Kallis,HM Amla,S Tyagi,0,0,,,,,,,,,
441829,2009/10,2010-02-27,"Sardar Patel Stadium, Motera",1,30.1,South Africa,India,HM Amla,JH Kallis,RG Sharma,2,0,,,,,,,,,
441829,2009/10,2010-02-27,"Sardar Patel Stadium, Motera",1,30.2,South Africa,India,HM Amla,JH Kallis,RG Sharma,1,0,,,,,,,,,
441829,2009/10,2010-02-27,"Sardar Patel Stadium, Motera",1,30.3,South Africa,India,JH Kallis,HM Amla,RG Sharma,1,0,,,,,,,,,
441829,2009/10,2010-02-27,"Sardar Patel Stadium, Motera",1,30.4,South Africa,India,HM Amla,JH Kallis,RG Sharma,0,0,,,,,,,,,
441829,2009/10,2010-02-27,"Sardar Patel Stadium, Motera",1,30.5,South Africa,India,HM Amla,JH Kallis,RG Sharma,1,0,,,,,,,,,
441829,2009/10,2010-02-27,"Sardar Patel Stadium, Motera",1,30.6,South Africa,India,JH Kallis,HM Amla,RG Sharma,4,0,,,,,,,,,
441829,2009/10,2010-02-27,"Sardar Patel Stadium, Motera",1,31.1,South Africa,India,HM Amla,JH Kallis,S Tyagi,1,0,,,,,,,,,
441829,2009/10,2010-02-27,"Sardar Patel Stadium, Motera",1,31.2,South Africa,India,JH Kallis,HM Amla,S Tyagi,2,0,,,,,,,,,
441829,2009/10,2010-02-27,"Sardar Patel Stadium, Motera",1,31.3,South Africa,India,JH Kallis,HM Amla,S Tyagi,1,0,,,,,,,,,
441829,2009/10,2010-02-27,"Sardar Patel Stadium, Motera",1,31.4,South Africa,India,HM Amla,JH Kallis,S Tyagi,0,0,,,,,,,,,
441829,2009/10,2010-02-27,"Sardar Patel Stadium, Motera",1,31.5,South Africa,India,HM Amla,JH Kallis,S Tyagi,0,0,,,,,,,,,
441829,2009/10,2010-02-27,"Sardar Patel Stadium, Motera",1,31.6,South Africa,India,HM Amla,JH Kallis,S Tyagi,0,0,,,,,,,,,
441829,2009/10,2010-02-27,"Sardar Patel Stadium, Motera",1,32.1,South Africa,India,JH Kallis,HM Amla,RA Jadeja,0,0,,,,,,,,,
441829,2009/10,2010-02-27,"Sardar Patel Stadium, Motera",1,32.2,South Africa,India,JH Kallis,HM Amla,RA Jadeja,1,0,,,,,,,,,
441829,2009/10,2010-02-27,"Sardar Patel Stadium, Motera",1,32.3,South Africa,India,HM Amla,JH Kallis,RA Jadeja,0,0,,,,,,,,,
441829,2009/10,2010-02-27,"Sardar Patel Stadium, Motera",1,32.4,South Africa,India,HM Amla,JH Kallis,RA Jadeja,0,0,,,,,,,,,
441829,2009/10,2010-02-27,"Sardar Patel Stadium, Motera",1,32.5,South Africa,India,HM Amla,JH Kallis,RA Jadeja,0,0,,,,,,caught,HM Amla,,
441829,2009/10,2010-02-27,"Sardar Patel Stadium, Motera",1,32.6,South Africa,India,JH Kallis,AB de Villiers,RA Jadeja,1,0,,,,,,,,,
441829,2009/10,2010-02-27,"Sardar Patel Stadium, Motera",1,33.1,South Africa,India,JH Kallis,AB de Villiers,S Tyagi,1,0,,,,,,,,,
441829,2009/10,2010-02-27,"Sardar Patel Stadium, Motera",1,33.2,South Africa,India,AB de Villiers,JH Kallis,S Tyagi,1,0,,,,,,,,,
441829,2009/10,2010-02-27,"Sardar Patel Stadium, Motera",1,33.3,South Africa,India,JH Kallis,AB de Villiers,S Tyagi,1,0,,,,,,,,,
441829,2009/10,2010-02-27,"Sardar Patel Stadium, Motera",1,33.4,South Africa,India,AB de Villiers,JH Kallis,S Tyagi,0,0,,,,,,,,,
441829,2009/10,2010-02-27,"Sardar Patel Stadium, Motera",1,33.5,South Africa,India,AB de Villiers,JH Kallis,S Tyagi,0,0,,,,,,,,,
441829,2009/10,2010-02-27,"Sardar Patel Stadium, Motera",1,33.6,South Africa,India,AB de Villiers,JH Kallis,S Tyagi,0,0,,,,,,,,,
441829,2009/10,2010-02-27,"Sardar Patel Stadium, Motera",1,34.1,South Africa,India,JH Kallis,AB de Villiers,RA Jadeja,1,0,,,,,,,,,
441829,2009/10,2010-02-27,"Sardar Patel Stadium, Motera",1,34.2,South Africa,India,AB de Villiers,JH Kallis,RA Jadeja,1,0,,,,,,,,,
441829,2009/10,2010-02-27,"Sardar Patel Stadium, Motera",1,34.3,South Africa,India,JH Kallis,AB de Villiers,RA Jadeja,1,0,,,,,,,,,
441829,2009/10,2010-02-27,"Sardar Patel Stadium, Motera",1,34.4,South Africa,India,AB de Villiers,JH Kallis,RA Jadeja,0,0,,,,,,,,,
441829,2009/10,2010-02-27,"Sardar Patel Stadium, Motera",1,34.5,South Africa,India,AB de Villiers,JH Kallis,RA Jadeja,0,0,,,,,,,,,
441829,2009/10,2010-02-27,"Sardar Patel Stadium, Motera",1,34.6,South Africa,India,AB de Villiers,JH Kallis,RA Jadeja,1,0,,,,,,,,,
441829,2009/10,2010-02-27,"Sardar Patel Stadium, Motera",1,35.1,South Africa,India,AB de Villiers,JH Kallis,A Mithun,2,0,,,,,,,,,
441829,2009/10,2010-02-27,"Sardar Patel Stadium, Motera",1,35.2,South Africa,India,AB de Villiers,JH Kallis,A Mithun,0,0,,,,,,,,,
441829,2009/10,2010-02-27,"Sardar Patel Stadium, Motera",1,35.3,South Africa,India,AB de Villiers,JH Kallis,A Mithun,2,0,,,,,,,,,
441829,2009/10,2010-02-27,"Sardar Patel Stadium, Motera",1,35.4,South Africa,India,AB de Villiers,JH Kallis,A Mithun,1,0,,,,,,,,,
441829,2009/10,2010-02-27,"Sardar Patel Stadium, Motera",1,35.5,South Africa,India,JH Kallis,AB de Villiers,A Mithun,1,0,,,,,,,,,
441829,2009/10,2010-02-27,"Sardar Patel Stadium, Motera",1,35.6,South Africa,India,AB de Villiers,JH Kallis,A Mithun,0,0,,,,,,,,,
441829,2009/10,2010-02-27,"Sardar Patel Stadium, Motera",1,36.1,South Africa,India,JH Kallis,AB de Villiers,RA Jadeja,0,0,,,,,,,,,
441829,2009/10,2010-02-27,"Sardar Patel Stadium, Motera",1,36.2,South Africa,India,JH Kallis,AB de Villiers,RA Jadeja,1,0,,,,,,,,,
441829,2009/10,2010-02-27,"Sardar Patel Stadium, Motera",1,36.3,South Africa,India,AB de Villiers,JH Kallis,RA Jadeja,1,0,,,,,,,,,
441829,2009/10,2010-02-27,"Sardar Patel Stadium, Motera",1,36.4,South Africa,India,JH Kallis,AB de Villiers,RA Jadeja,0,0,,,,,,,,,
441829,2009/10,2010-02-27,"Sardar Patel Stadium, Motera",1,36.5,South Africa,India,JH Kallis,AB de Villiers,RA Jadeja,1,0,,,,,,,,,
441829,2009/10,2010-02-27,"Sardar Patel Stadium, Motera",1,36.6,South Africa,India,AB de Villiers,JH Kallis,RA Jadeja,4,0,,,,,,,,,
441829,2009/10,2010-02-27,"Sardar Patel Stadium, Motera",1,37.1,South Africa,India,JH Kallis,AB de Villiers,A Mithun,1,0,,,,,,,,,
441829,2009/10,2010-02-27,"Sardar Patel Stadium, Motera",1,37.2,South Africa,India,AB de Villiers,JH Kallis,A Mithun,4,0,,,,,,,,,
441829,2009/10,2010-02-27,"Sardar Patel Stadium, Motera",1,37.3,South Africa,India,AB de Villiers,JH Kallis,A Mithun,1,0,,,,,,,,,
441829,2009/10,2010-02-27,"Sardar Patel Stadium, Motera",1,37.4,South Africa,India,JH Kallis,AB de Villiers,A Mithun,1,0,,,,,,,,,
441829,2009/10,2010-02-27,"Sardar Patel Stadium, Motera",1,37.5,South Africa,India,AB de Villiers,JH Kallis,A Mithun,1,0,,,,,,,,,
441829,2009/10,2010-02-27,"Sardar Patel Stadium, Motera",1,37.6,South Africa,India,JH Kallis,AB de Villiers,A Mithun,1,0,,,,,,,,,
441829,2009/10,2010-02-27,"Sardar Patel Stadium, Motera",1,38.1,South Africa,India,JH Kallis,AB de Villiers,YK Pathan,0,0,,,,,,,,,
441829,2009/10,2010-02-27,"Sardar Patel Stadium, Motera",1,38.2,South Africa,India,JH Kallis,AB de Villiers,YK Pathan,1,0,,,,,,,,,
441829,2009/10,2010-02-27,"Sardar Patel Stadium, Motera",1,38.3,South Africa,India,AB de Villiers,JH Kallis,YK Pathan,1,0,,,,,,,,,
441829,2009/10,2010-02-27,"Sardar Patel Stadium, Motera",1,38.4,South Africa,India,JH Kallis,AB de Villiers,YK Pathan,2,0,,,,,,,,,
441829,2009/10,2010-02-27,"Sardar Patel Stadium, Motera",1,38.5,South Africa,India,JH Kallis,AB de Villiers,YK Pathan,1,0,,,,,,,,,
441829,2009/10,2010-02-27,"Sardar Patel Stadium, Motera",1,38.6,South Africa,India,AB de Villiers,JH Kallis,YK Pathan,2,0,,,,,,,,,
441829,2009/10,2010-02-27,"Sardar Patel Stadium, Motera",1,39.1,South Africa,India,JH Kallis,AB de Villiers,S Sreesanth,1,0,,,,,,,,,
441829,2009/10,2010-02-27,"Sardar Patel Stadium, Motera",1,39.2,South Africa,India,AB de Villiers,JH Kallis,S Sreesanth,0,0,,,,,,,,,
441829,2009/10,2010-02-27,"Sardar Patel Stadium, Motera",1,39.3,South Africa,India,AB de Villiers,JH Kallis,S Sreesanth,4,0,,,,,,,,,
441829,2009/10,2010-02-27,"Sardar Patel Stadium, Motera",1,39.4,South Africa,India,AB de Villiers,JH Kallis,S Sreesanth,4,0,,,,,,,,,
441829,2009/10,2010-02-27,"Sardar Patel Stadium, Motera",1,39.5,South Africa,India,AB de Villiers,JH Kallis,S Sreesanth,1,0,,,,,,,,,
441829,2009/10,2010-02-27,"Sardar Patel Stadium, Motera",1,39.6,South Africa,India,JH Kallis,AB de Villiers,S Sreesanth,4,0,,,,,,,,,
441829,2009/10,2010-02-27,"Sardar Patel Stadium, Motera",1,40.1,South Africa,India,AB de Villiers,JH Kallis,RA Jadeja,0,1,,,,1,,,,,
441829,2009/10,2010-02-27,"Sardar Patel Stadium, Motera",1,40.2,South Africa,India,JH Kallis,AB de Villiers,RA Jadeja,1,0,,,,,,,,,
441829,2009/10,2010-02-27,"Sardar Patel Stadium, Motera",1,40.3,South Africa,India,AB de Villiers,JH Kallis,RA Jadeja,1,0,,,,,,,,,
441829,2009/10,2010-02-27,"Sardar Patel Stadium, Motera",1,40.4,South Africa,India,JH Kallis,AB de Villiers,RA Jadeja,1,0,,,,,,,,,
441829,2009/10,2010-02-27,"Sardar Patel Stadium, Motera",1,40.5,South Africa,India,AB de Villiers,JH Kallis,RA Jadeja,2,0,,,,,,,,,
441829,2009/10,2010-02-27,"Sardar Patel Stadium, Motera",1,40.6,South Africa,India,AB de Villiers,JH Kallis,RA Jadeja,1,0,,,,,,,,,
441829,2009/10,2010-02-27,"Sardar Patel Stadium, Motera",1,41.1,South Africa,India,AB de Villiers,JH Kallis,YK Pathan,1,0,,,,,,,,,
441829,2009/10,2010-02-27,"Sardar Patel Stadium, Motera",1,41.2,South Africa,India,JH Kallis,AB de Villiers,YK Pathan,1,0,,,,,,,,,
441829,2009/10,2010-02-27,"Sardar Patel Stadium, Motera",1,41.3,South Africa,India,AB de Villiers,JH Kallis,YK Pathan,1,0,,,,,,,,,
441829,2009/10,2010-02-27,"Sardar Patel Stadium, Motera",1,41.4,South Africa,India,JH Kallis,AB de Villiers,YK Pathan,1,0,,,,,,,,,
441829,2009/10,2010-02-27,"Sardar Patel Stadium, Motera",1,41.5,South Africa,India,AB de Villiers,JH Kallis,YK Pathan,1,0,,,,,,,,,
441829,2009/10,2010-02-27,"Sardar Patel Stadium, Motera",1,41.6,South Africa,India,JH Kallis,AB de Villiers,YK Pathan,1,0,,,,,,,,,
441829,2009/10,2010-02-27,"Sardar Patel Stadium, Motera",1,42.1,South Africa,India,JH Kallis,AB de Villiers,RA Jadeja,1,0,,,,,,,,,
441829,2009/10,2010-02-27,"Sardar Patel Stadium, Motera",1,42.2,South Africa,India,AB de Villiers,JH Kallis,RA Jadeja,2,0,,,,,,,,,
441829,2009/10,2010-02-27,"Sardar Patel Stadium, Motera",1,42.3,South Africa,India,AB de Villiers,JH Kallis,RA Jadeja,4,0,,,,,,,,,
441829,2009/10,2010-02-27,"Sardar Patel Stadium, Motera",1,42.4,South Africa,India,AB de Villiers,JH Kallis,RA Jadeja,1,0,,,,,,,,,
441829,2009/10,2010-02-27,"Sardar Patel Stadium, Motera",1,42.5,South Africa,India,JH Kallis,AB de Villiers,RA Jadeja,1,0,,,,,,,,,
441829,2009/10,2010-02-27,"Sardar Patel Stadium, Motera",1,42.6,South Africa,India,AB de Villiers,JH Kallis,RA Jadeja,0,0,,,,,,,,,
441829,2009/10,2010-02-27,"Sardar Patel Stadium, Motera",1,43.1,South Africa,India,JH Kallis,AB de Villiers,YK Pathan,1,0,,,,,,,,,
441829,2009/10,2010-02-27,"Sardar Patel Stadium, Motera",1,43.2,South Africa,India,AB de Villiers,JH Kallis,YK Pathan,1,0,,,,,,,,,
441829,2009/10,2010-02-27,"Sardar Patel Stadium, Motera",1,43.3,South Africa,India,JH Kallis,AB de Villiers,YK Pathan,4,0,,,,,,,,,
441829,2009/10,2010-02-27,"Sardar Patel Stadium, Motera",1,43.4,South Africa,India,JH Kallis,AB de Villiers,YK Pathan,1,0,,,,,,,,,
441829,2009/10,2010-02-27,"Sardar Patel Stadium, Motera",1,43.5,South Africa,India,AB de Villiers,JH Kallis,YK Pathan,4,0,,,,,,,,,
441829,2009/10,2010-02-27,"Sardar Patel Stadium, Motera",1,43.6,South Africa,India,AB de Villiers,JH Kallis,YK Pathan,1,0,,,,,,,,,
441829,2009/10,2010-02-27,"Sardar Patel Stadium, Motera",1,44.1,South Africa,India,AB de Villiers,JH Kallis,S Sreesanth,0,0,,,,,,,,,
441829,2009/10,2010-02-27,"Sardar Patel Stadium, Motera",1,44.2,South Africa,India,AB de Villiers,JH Kallis,S Sreesanth,1,0,,,,,,,,,
441829,2009/10,2010-02-27,"Sardar Patel Stadium, Motera",1,44.3,South Africa,India,JH Kallis,AB de Villiers,S Sreesanth,1,0,,,,,,,,,
441829,2009/10,2010-02-27,"Sardar Patel Stadium, Motera",1,44.4,South Africa,India,AB de Villiers,JH Kallis,S Sreesanth,1,0,,,,,,,,,
441829,2009/10,2010-02-27,"Sardar Patel Stadium, Motera",1,44.5,South Africa,India,JH Kallis,AB de Villiers,S Sreesanth,1,0,,,,,,,,,
441829,2009/10,2010-02-27,"Sardar Patel Stadium, Motera",1,44.6,South Africa,India,AB de Villiers,JH Kallis,S Sreesanth,6,0,,,,,,,,,
441829,2009/10,2010-02-27,"Sardar Patel Stadium, Motera",1,45.1,South Africa,India,JH Kallis,AB de Villiers,S Tyagi,6,0,,,,,,,,,
441829,2009/10,2010-02-27,"Sardar Patel Stadium, Motera",1,45.2,South Africa,India,JH Kallis,AB de Villiers,S Tyagi,1,0,,,,,,,,,
441829,2009/10,2010-02-27,"Sardar Patel Stadium, Motera",1,45.3,South Africa,India,AB de Villiers,JH Kallis,S Tyagi,4,0,,,,,,,,,
441829,2009/10,2010-02-27,"Sardar Patel Stadium, Motera",1,45.4,South Africa,India,AB de Villiers,JH Kallis,S Tyagi,6,0,,,,,,,,,
441829,2009/10,2010-02-27,"Sardar Patel Stadium, Motera",1,45.5,South Africa,India,AB de Villiers,JH Kallis,S Tyagi,0,0,,,,,,,,,
441829,2009/10,2010-02-27,"Sardar Patel Stadium, Motera",1,45.6,South Africa,India,AB de Villiers,JH Kallis,S Tyagi,2,0,,,,,,,,,
441829,2009/10,2010-02-27,"Sardar Patel Stadium, Motera",1,46.1,South Africa,India,JH Kallis,AB de Villiers,S Sreesanth,1,0,,,,,,,,,
441829,2009/10,2010-02-27,"Sardar Patel Stadium, Motera",1,46.2,South Africa,India,AB de Villiers,JH Kallis,S Sreesanth,4,0,,,,,,,,,
441829,2009/10,2010-02-27,"Sardar Patel Stadium, Motera",1,46.3,South Africa,India,AB de Villiers,JH Kallis,S Sreesanth,1,0,,,,,,,,,
441829,2009/10,2010-02-27,"Sardar Patel Stadium, Motera",1,46.4,South Africa,India,JH Kallis,AB de Villiers,S Sreesanth,1,0,,,,,,,,,
441829,2009/10,2010-02-27,"Sardar Patel Stadium, Motera",1,46.5,South Africa,India,AB de Villiers,JH Kallis,S Sreesanth,1,0,,,,,,,,,
441829,2009/10,2010-02-27,"Sardar Patel Stadium, Motera",1,46.6,South Africa,India,JH Kallis,AB de Villiers,S Sreesanth,2,0,,,,,,,,,
441829,2009/10,2010-02-27,"Sardar Patel Stadium, Motera",1,47.1,South Africa,India,AB de Villiers,JH Kallis,A Mithun,4,0,,,,,,,,,
441829,2009/10,2010-02-27,"Sardar Patel Stadium, Motera",1,47.2,South Africa,India,AB de Villiers,JH Kallis,A Mithun,4,0,,,,,,,,,
441829,2009/10,2010-02-27,"Sardar Patel Stadium, Motera",1,47.3,South Africa,India,AB de Villiers,JH Kallis,A Mithun,2,0,,,,,,,,,
441829,2009/10,2010-02-27,"Sardar Patel Stadium, Motera",1,47.4,South Africa,India,AB de Villiers,JH Kallis,A Mithun,1,0,,,,,,,,,
441829,2009/10,2010-02-27,"Sardar Patel Stadium, Motera",1,47.5,South Africa,India,JH Kallis,AB de Villiers,A Mithun,4,0,,,,,,,,,
441829,2009/10,2010-02-27,"Sardar Patel Stadium, Motera",1,47.6,South Africa,India,JH Kallis,AB de Villiers,A Mithun,4,0,,,,,,,,,
441829,2009/10,2010-02-27,"Sardar Patel Stadium, Motera",1,48.1,South Africa,India,AB de Villiers,JH Kallis,S Sreesanth,1,0,,,,,,,,,
441829,2009/10,2010-02-27,"Sardar Patel Stadium, Motera",1,48.2,South Africa,India,JH Kallis,AB de Villiers,S Sreesanth,1,0,,,,,,,,,
441829,2009/10,2010-02-27,"Sardar Patel Stadium, Motera",1,48.3,South Africa,India,AB de Villiers,JH Kallis,S Sreesanth,1,0,,,,,,,,,
441829,2009/10,2010-02-27,"Sardar Patel Stadium, Motera",1,48.4,South Africa,India,JH Kallis,AB de Villiers,S Sreesanth,2,0,,,,,,,,,
441829,2009/10,2010-02-27,"Sardar Patel Stadium, Motera",1,48.5,South Africa,India,JH Kallis,AB de Villiers,S Sreesanth,6,0,,,,,,,,,
441829,2009/10,2010-02-27,"Sardar Patel Stadium, Motera",1,48.6,South Africa,India,JH Kallis,AB de Villiers,S Sreesanth,6,0,,,,,,,,,
441829,2009/10,2010-02-27,"Sardar Patel Stadium, Motera",1,49.1,South Africa,India,AB de Villiers,JH Kallis,RG Sharma,1,0,,,,,,,,,
441829,2009/10,2010-02-27,"Sardar Patel Stadium, Motera",1,49.2,South Africa,India,JH Kallis,AB de Villiers,RG Sharma,1,0,,,,,,,,,
441829,2009/10,2010-02-27,"Sardar Patel Stadium, Motera",1,49.3,South Africa,India,AB de Villiers,JH Kallis,RG Sharma,6,0,,,,,,,,,
441829,2009/10,2010-02-27,"Sardar Patel Stadium, Motera",1,49.4,South Africa,India,AB de Villiers,JH Kallis,RG Sharma,4,0,,,,,,,,,
441829,2009/10,2010-02-27,"Sardar Patel Stadium, Motera",1,49.5,South Africa,India,AB de Villiers,JH Kallis,RG Sharma,1,0,,,,,,,,,
441829,2009/10,2010-02-27,"Sardar Patel Stadium, Motera",1,49.6,South Africa,India,JH Kallis,AB de Villiers,RG Sharma,0,0,,,,,,,,,
441829,2009/10,2010-02-27,"Sardar Patel Stadium, Motera",2,0.1,India,South Africa,KD Karthik,M Vijay,DW Steyn,0,0,,,,,,,,,
441829,2009/10,2010-02-27,"Sardar Patel Stadium, Motera",2,0.2,India,South Africa,KD Karthik,M Vijay,DW Steyn,4,0,,,,,,,,,
441829,2009/10,2010-02-27,"Sardar Patel Stadium, Motera",2,0.3,India,South Africa,KD Karthik,M Vijay,DW Steyn,0,2,,,,2,,,,,
441829,2009/10,2010-02-27,"Sardar Patel Stadium, Motera",2,0.4,India,South Africa,KD Karthik,M Vijay,DW Steyn,0,0,,,,,,,,,
441829,2009/10,2010-02-27,"Sardar Patel Stadium, Motera",2,0.5,India,South Africa,KD Karthik,M Vijay,DW Steyn,0,0,,,,,,,,,
441829,2009/10,2010-02-27,"Sardar Patel Stadium, Motera",2,0.6,India,South Africa,KD Karthik,M Vijay,DW Steyn,0,0,,,,,,,,,
441829,2009/10,2010-02-27,"Sardar Patel Stadium, Motera",2,1.1,India,South Africa,M Vijay,KD Karthik,LL Tsotsobe,0,0,,,,,,,,,
441829,2009/10,2010-02-27,"Sardar Patel Stadium, Motera",2,1.2,India,South Africa,M Vijay,KD Karthik,LL Tsotsobe,0,0,,,,,,,,,
441829,2009/10,2010-02-27,"Sardar Patel Stadium, Motera",2,1.3,India,South Africa,M Vijay,KD Karthik,LL Tsotsobe,4,0,,,,,,,,,
441829,2009/10,2010-02-27,"Sardar Patel Stadium, Motera",2,1.4,India,South Africa,M Vijay,KD Karthik,LL Tsotsobe,4,0,,,,,,,,,
441829,2009/10,2010-02-27,"Sardar Patel Stadium, Motera",2,1.5,India,South Africa,M Vijay,KD Karthik,LL Tsotsobe,0,0,,,,,,,,,
441829,2009/10,2010-02-27,"Sardar Patel Stadium, Motera",2,1.6,India,South Africa,M Vijay,KD Karthik,LL Tsotsobe,0,0,,,,,,,,,
441829,2009/10,2010-02-27,"Sardar Patel Stadium, Motera",2,2.1,India,South Africa,KD Karthik,M Vijay,DW Steyn,0,0,,,,,,,,,
441829,2009/10,2010-02-27,"Sardar Patel Stadium, Motera",2,2.2,India,South Africa,KD Karthik,M Vijay,DW Steyn,3,0,,,,,,,,,
441829,2009/10,2010-02-27,"Sardar Patel Stadium, Motera",2,2.3,India,South Africa,M Vijay,KD Karthik,DW Steyn,0,1,,,,1,,,,,
441829,2009/10,2010-02-27,"Sardar Patel Stadium, Motera",2,2.4,India,South Africa,KD Karthik,M Vijay,DW Steyn,4,0,,,,,,,,,
441829,2009/10,2010-02-27,"Sardar Patel Stadium, Motera",2,2.5,India,South Africa,KD Karthik,M Vijay,DW Steyn,0,0,,,,,,,,,
441829,2009/10,2010-02-27,"Sardar Patel Stadium, Motera",2,2.6,India,South Africa,KD Karthik,M Vijay,DW Steyn,0,0,,,,,,caught,KD Karthik,,
441829,2009/10,2010-02-27,"Sardar Patel Stadium, Motera",2,3.1,India,South Africa,M Vijay,V Kohli,LL Tsotsobe,4,0,,,,,,,,,
441829,2009/10,2010-02-27,"Sardar Patel Stadium, Motera",2,3.2,India,South Africa,M Vijay,V Kohli,LL Tsotsobe,0,0,,,,,,,,,
441829,2009/10,2010-02-27,"Sardar Patel Stadium, Motera",2,3.3,India,South Africa,M Vijay,V Kohli,LL Tsotsobe,2,0,,,,,,,,,
441829,2009/10,2010-02-27,"Sardar Patel Stadium, Motera",2,3.4,India,South Africa,M Vijay,V Kohli,LL Tsotsobe,1,0,,,,,,,,,
441829,2009/10,2010-02-27,"Sardar Patel Stadium, Motera",2,3.5,India,South Africa,V Kohli,M Vijay,LL Tsotsobe,0,0,,,,,,,,,
441829,2009/10,2010-02-27,"Sardar Patel Stadium, Motera",2,3.6,India,South Africa,V Kohli,M Vijay,LL Tsotsobe,0,0,,,,,,,,,
441829,2009/10,2010-02-27,"Sardar Patel Stadium, Motera",2,4.1,India,South Africa,M Vijay,V Kohli,DW Steyn,1,0,,,,,,,,,
441829,2009/10,2010-02-27,"Sardar Patel Stadium, Motera",2,4.2,India,South Africa,V Kohli,M Vijay,DW Steyn,0,0,,,,,,,,,
441829,2009/10,2010-02-27,"Sardar Patel Stadium, Motera",2,4.3,India,South Africa,V Kohli,M Vijay,DW Steyn,0,0,,,,,,,,,
441829,2009/10,2010-02-27,"Sardar Patel Stadium, Motera",2,4.4,India,South Africa,V Kohli,M Vijay,DW Steyn,1,0,,,,,,,,,
441829,2009/10,2010-02-27,"Sardar Patel Stadium, Motera",2,4.5,India,South Africa,M Vijay,V Kohli,DW Steyn,4,0,,,,,,,,,
441829,2009/10,2010-02-27,"Sardar Patel Stadium, Motera",2,4.6,India,South Africa,M Vijay,V Kohli,DW Steyn,1,0,,,,,,,,,
441829,2009/10,2010-02-27,"Sardar Patel Stadium, Motera",2,5.1,India,South Africa,M Vijay,V Kohli,LL Tsotsobe,4,0,,,,,,,,,
441829,2009/10,2010-02-27,"Sardar Patel Stadium, Motera",2,5.2,India,South Africa,M Vijay,V Kohli,LL Tsotsobe,0,0,,,,,,caught,M Vijay,,
441829,2009/10,2010-02-27,"Sardar Patel Stadium, Motera",2,5.3,India,South Africa,RG Sharma,V Kohli,LL Tsotsobe,0,0,,,,,,,,,
441829,2009/10,2010-02-27,"Sardar Patel Stadium, Motera",2,5.4,India,South Africa,RG Sharma,V Kohli,LL Tsotsobe,1,0,,,,,,,,,
441829,2009/10,2010-02-27,"Sardar Patel Stadium, Motera",2,5.5,India,South Africa,V Kohli,RG Sharma,LL Tsotsobe,0,0,,,,,,,,,
441829,2009/10,2010-02-27,"Sardar Patel Stadium, Motera",2,5.6,India,South Africa,V Kohli,RG Sharma,LL Tsotsobe,0,0,,,,,,,,,
441829,2009/10,2010-02-27,"Sardar Patel Stadium, Motera",2,6.1,India,South Africa,RG Sharma,V Kohli,DW Steyn,0,0,,,,,,,,,
441829,2009/10,2010-02-27,"Sardar Patel Stadium, Motera",2,6.2,India,South Africa,RG Sharma,V Kohli,DW Steyn,0,0,,,,,,,,,
441829,2009/10,2010-02-27,"Sardar Patel Stadium, Motera",2,6.3,India,South Africa,RG Sharma,V Kohli,DW Steyn,0,0,,,,,,,,,
441829,2009/10,2010-02-27,"Sardar Patel Stadium, Motera",2,6.4,India,South Africa,RG Sharma,V Kohli,DW Steyn,0,1,,,,1,,,,,
441829,2009/10,2010-02-27,"Sardar Patel Stadium, Motera",2,6.5,India,South Africa,V Kohli,RG Sharma,DW Steyn,0,0,,,,,,,,,
441829,2009/10,2010-02-27,"Sardar Patel Stadium, Motera",2,6.6,India,South Africa,V Kohli,RG Sharma,DW Steyn,0,0,,,,,,,,,
441829,2009/10,2010-02-27,"Sardar Patel Stadium, Motera",2,7.1,India,South Africa,RG Sharma,V Kohli,LL Tsotsobe,0,0,,,,,,,,,
441829,2009/10,2010-02-27,"Sardar Patel Stadium, Motera",2,7.2,India,South Africa,RG Sharma,V Kohli,LL Tsotsobe,0,0,,,,,,,,,
441829,2009/10,2010-02-27,"Sardar Patel Stadium, Motera",2,7.3,India,South Africa,RG Sharma,V Kohli,LL Tsotsobe,1,0,,,,,,,,,
441829,2009/10,2010-02-27,"Sardar Patel Stadium, Motera",2,7.4,India,South Africa,V Kohli,RG Sharma,LL Tsotsobe,0,0,,,,,,,,,
441829,2009/10,2010-02-27,"Sardar Patel Stadium, Motera",2,7.5,India,South Africa,V Kohli,RG Sharma,LL Tsotsobe,0,0,,,,,,,,,
441829,2009/10,2010-02-27,"Sardar Patel Stadium, Motera",2,7.6,India,South Africa,V Kohli,RG Sharma,LL Tsotsobe,4,0,,,,,,,,,
441829,2009/10,2010-02-27,"Sardar Patel Stadium, Motera",2,8.1,India,South Africa,RG Sharma,V Kohli,M Morkel,4,0,,,,,,,,,
441829,2009/10,2010-02-27,"Sardar Patel Stadium, Motera",2,8.2,India,South Africa,RG Sharma,V Kohli,M Morkel,0,0,,,,,,,,,
441829,2009/10,2010-02-27,"Sardar Patel Stadium, Motera",2,8.3,India,South Africa,RG Sharma,V Kohli,M Morkel,1,0,,,,,,,,,
441829,2009/10,2010-02-27,"Sardar Patel Stadium, Motera",2,8.4,India,South Africa,V Kohli,RG Sharma,M Morkel,1,0,,,,,,,,,
441829,2009/10,2010-02-27,"Sardar Patel Stadium, Motera",2,8.5,India,South Africa,RG Sharma,V Kohli,M Morkel,0,0,,,,,,,,,
441829,2009/10,2010-02-27,"Sardar Patel Stadium, Motera",2,8.6,India,South Africa,RG Sharma,V Kohli,M Morkel,0,0,,,,,,,,,
441829,2009/10,2010-02-27,"Sardar Patel Stadium, Motera",2,9.1,India,South Africa,V Kohli,RG Sharma,LL Tsotsobe,1,0,,,,,,,,,
441829,2009/10,2010-02-27,"Sardar Patel Stadium, Motera",2,9.2,India,South Africa,RG Sharma,V Kohli,LL Tsotsobe,4,0,,,,,,,,,
441829,2009/10,2010-02-27,"Sardar Patel Stadium, Motera",2,9.3,India,South Africa,RG Sharma,V Kohli,LL Tsotsobe,0,0,,,,,,,,,
441829,2009/10,2010-02-27,"Sardar Patel Stadium, Motera",2,9.4,India,South Africa,RG Sharma,V Kohli,LL Tsotsobe,1,0,,,,,,,,,
441829,2009/10,2010-02-27,"Sardar Patel Stadium, Motera",2,9.5,India,South Africa,V Kohli,RG Sharma,LL Tsotsobe,1,0,,,,,,,,,
441829,2009/10,2010-02-27,"Sardar Patel Stadium, Motera",2,9.6,India,South Africa,RG Sharma,V Kohli,LL Tsotsobe,0,0,,,,,,,,,
441829,2009/10,2010-02-27,"Sardar Patel Stadium, Motera",2,10.1,India,South Africa,V Kohli,RG Sharma,M Morkel,1,0,,,,,,,,,
441829,2009/10,2010-02-27,"Sardar Patel Stadium, Motera",2,10.2,India,South Africa,RG Sharma,V Kohli,M Morkel,0,0,,,,,,,,,
441829,2009/10,2010-02-27,"Sardar Patel Stadium, Motera",2,10.3,India,South Africa,RG Sharma,V Kohli,M Morkel,0,0,,,,,,,,,
441829,2009/10,2010-02-27,"Sardar Patel Stadium, Motera",2,10.4,India,South Africa,RG Sharma,V Kohli,M Morkel,0,0,,,,,,,,,
441829,2009/10,2010-02-27,"Sardar Patel Stadium, Motera",2,10.5,India,South Africa,RG Sharma,V Kohli,M Morkel,0,0,,,,,,,,,
441829,2009/10,2010-02-27,"Sardar Patel Stadium, Motera",2,10.6,India,South Africa,RG Sharma,V Kohli,M Morkel,0,0,,,,,,,,,
441829,2009/10,2010-02-27,"Sardar Patel Stadium, Motera",2,11.1,India,South Africa,V Kohli,RG Sharma,LL Tsotsobe,1,0,,,,,,,,,
441829,2009/10,2010-02-27,"Sardar Patel Stadium, Motera",2,11.2,India,South Africa,RG Sharma,V Kohli,LL Tsotsobe,1,0,,,,,,,,,
441829,2009/10,2010-02-27,"Sardar Patel Stadium, Motera",2,11.3,India,South Africa,V Kohli,RG Sharma,LL Tsotsobe,1,0,,,,,,,,,
441829,2009/10,2010-02-27,"Sardar Patel Stadium, Motera",2,11.4,India,South Africa,RG Sharma,V Kohli,LL Tsotsobe,1,0,,,,,,,,,
441829,2009/10,2010-02-27,"Sardar Patel Stadium, Motera",2,11.5,India,South Africa,V Kohli,RG Sharma,LL Tsotsobe,2,0,,,,,,,,,
441829,2009/10,2010-02-27,"Sardar Patel Stadium, Motera",2,11.6,India,South Africa,V Kohli,RG Sharma,LL Tsotsobe,0,0,,,,,,,,,
441829,2009/10,2010-02-27,"Sardar Patel Stadium, Motera",2,12.1,India,South Africa,RG Sharma,V Kohli,M Morkel,0,0,,,,,,,,,
441829,2009/10,2010-02-27,"Sardar Patel Stadium, Motera",2,12.2,India,South Africa,RG Sharma,V Kohli,M Morkel,0,0,,,,,,,,,
441829,2009/10,2010-02-27,"Sardar Patel Stadium, Motera",2,12.3,India,South Africa,RG Sharma,V Kohli,M Morkel,1,0,,,,,,,,,
441829,2009/10,2010-02-27,"Sardar Patel Stadium, Motera",2,12.4,India,South Africa,V Kohli,RG Sharma,M Morkel,0,0,,,,,,,,,
441829,2009/10,2010-02-27,"Sardar Patel Stadium, Motera",2,12.5,India,South Africa,V Kohli,RG Sharma,M Morkel,0,0,,,,,,,,,
441829,2009/10,2010-02-27,"Sardar Patel Stadium, Motera",2,12.6,India,South Africa,V Kohli,RG Sharma,M Morkel,1,0,,,,,,,,,
441829,2009/10,2010-02-27,"Sardar Patel Stadium, Motera",2,13.1,India,South Africa,V Kohli,RG Sharma,RE van der Merwe,0,0,,,,,,,,,
441829,2009/10,2010-02-27,"Sardar Patel Stadium, Motera",2,13.2,India,South Africa,V Kohli,RG Sharma,RE van der Merwe,0,0,,,,,,,,,
441829,2009/10,2010-02-27,"Sardar Patel Stadium, Motera",2,13.3,India,South Africa,V Kohli,RG Sharma,RE van der Merwe,0,0,,,,,,,,,
441829,2009/10,2010-02-27,"Sardar Patel Stadium, Motera",2,13.4,India,South Africa,V Kohli,RG Sharma,RE van der Merwe,1,0,,,,,,,,,
441829,2009/10,2010-02-27,"Sardar Patel Stadium, Motera",2,13.5,India,South Africa,RG Sharma,V Kohli,RE van der Merwe,0,0,,,,,,,,,
441829,2009/10,2010-02-27,"Sardar Patel Stadium, Motera",2,13.6,India,South Africa,RG Sharma,V Kohli,RE van der Merwe,1,0,,,,,,,,,
441829,2009/10,2010-02-27,"Sardar Patel Stadium, Motera",2,14.1,India,South Africa,RG Sharma,V Kohli,M Morkel,0,0,,,,,,,,,
441829,2009/10,2010-02-27,"Sardar Patel Stadium, Motera",2,14.2,India,South Africa,RG Sharma,V Kohli,M Morkel,4,0,,,,,,,,,
441829,2009/10,2010-02-27,"Sardar Patel Stadium, Motera",2,14.3,India,South Africa,RG Sharma,V Kohli,M Morkel,1,0,,,,,,,,,
441829,2009/10,2010-02-27,"Sardar Patel Stadium, Motera",2,14.4,India,South Africa,V Kohli,RG Sharma,M Morkel,4,0,,,,,,,,,
441829,2009/10,2010-02-27,"Sardar Patel Stadium, Motera",2,14.5,India,South Africa,V Kohli,RG Sharma,M Morkel,0,0,,,,,,,,,
441829,2009/10,2010-02-27,"Sardar Patel Stadium, Motera",2,14.6,India,South Africa,V Kohli,RG Sharma,M Morkel,0,0,,,,,,,,,
441829,2009/10,2010-02-27,"Sardar Patel Stadium, Motera",2,15.1,India,South Africa,RG Sharma,V Kohli,RE van der Merwe,1,0,,,,,,,,,
441829,2009/10,2010-02-27,"Sardar Patel Stadium, Motera",2,15.2,India,South Africa,V Kohli,RG Sharma,RE van der Merwe,1,0,,,,,,,,,
441829,2009/10,2010-02-27,"Sardar Patel Stadium, Motera",2,15.3,India,South Africa,RG Sharma,V Kohli,RE van der Merwe,1,0,,,,,,,,,
441829,2009/10,2010-02-27,"Sardar Patel Stadium, Motera",2,15.4,India,South Africa,V Kohli,RG Sharma,RE van der Merwe,0,0,,,,,,,,,
441829,2009/10,2010-02-27,"Sardar Patel Stadium, Motera",2,15.5,India,South Africa,V Kohli,RG Sharma,RE van der Merwe,0,0,,,,,,,,,
441829,2009/10,2010-02-27,"Sardar Patel Stadium, Motera",2,15.6,India,South Africa,V Kohli,RG Sharma,RE van der Merwe,2,0,,,,,,,,,
441829,2009/10,2010-02-27,"Sardar Patel Stadium, Motera",2,16.1,India,South Africa,RG Sharma,V Kohli,M Morkel,1,0,,,,,,,,,
441829,2009/10,2010-02-27,"Sardar Patel Stadium, Motera",2,16.2,India,South Africa,V Kohli,RG Sharma,M Morkel,0,0,,,,,,,,,
441829,2009/10,2010-02-27,"Sardar Patel Stadium, Motera",2,16.3,India,South Africa,V Kohli,RG Sharma,M Morkel,1,0,,,,,,,,,
441829,2009/10,2010-02-27,"Sardar Patel Stadium, Motera",2,16.4,India,South Africa,RG Sharma,V Kohli,M Morkel,1,0,,,,,,,,,
441829,2009/10,2010-02-27,"Sardar Patel Stadium, Motera",2,16.5,India,South Africa,V Kohli,RG Sharma,M Morkel,1,0,,,,,,,,,
441829,2009/10,2010-02-27,"Sardar Patel Stadium, Motera",2,16.6,India,South Africa,RG Sharma,V Kohli,M Morkel,1,0,,,,,,,,,
441829,2009/10,2010-02-27,"Sardar Patel Stadium, Motera",2,17.1,India,South Africa,RG Sharma,V Kohli,RE van der Merwe,0,1,1,,,,,,,,
441829,2009/10,2010-02-27,"Sardar Patel Stadium, Motera",2,17.2,India,South Africa,RG Sharma,V Kohli,RE van der Merwe,1,0,,,,,,,,,
441829,2009/10,2010-02-27,"Sardar Patel Stadium, Motera",2,17.3,India,South Africa,V Kohli,RG Sharma,RE van der Merwe,1,0,,,,,,,,,
441829,2009/10,2010-02-27,"Sardar Patel Stadium, Motera",2,17.4,India,South Africa,RG Sharma,V Kohli,RE van der Merwe,1,0,,,,,,,,,
441829,2009/10,2010-02-27,"Sardar Patel Stadium, Motera",2,17.5,India,South Africa,V Kohli,RG Sharma,RE van der Merwe,0,0,,,,,,,,,
441829,2009/10,2010-02-27,"Sardar Patel Stadium, Motera",2,17.6,India,South Africa,V Kohli,RG Sharma,RE van der Merwe,1,0,,,,,,,,,
441829,2009/10,2010-02-27,"Sardar Patel Stadium, Motera",2,17.7,India,South Africa,RG Sharma,V Kohli,RE van der Merwe,0,0,,,,,,,,,
441829,2009/10,2010-02-27,"Sardar Patel Stadium, Motera",2,18.1,India,South Africa,V Kohli,RG Sharma,J Botha,0,0,,,,,,,,,
441829,2009/10,2010-02-27,"Sardar Patel Stadium, Motera",2,18.2,India,South Africa,V Kohli,RG Sharma,J Botha,1,0,,,,,,,,,
441829,2009/10,2010-02-27,"Sardar Patel Stadium, Motera",2,18.3,India,South Africa,RG Sharma,V Kohli,J Botha,1,0,,,,,,,,,
441829,2009/10,2010-02-27,"Sardar Patel Stadium, Motera",2,18.4,India,South Africa,V Kohli,RG Sharma,J Botha,1,0,,,,,,,,,
441829,2009/10,2010-02-27,"Sardar Patel Stadium, Motera",2,18.5,India,South Africa,RG Sharma,V Kohli,J Botha,1,0,,,,,,,,,
441829,2009/10,2010-02-27,"Sardar Patel Stadium, Motera",2,18.6,India,South Africa,V Kohli,RG Sharma,J Botha,0,0,,,,,,,,,
441829,2009/10,2010-02-27,"Sardar Patel Stadium, Motera",2,19.1,India,South Africa,RG Sharma,V Kohli,RE van der Merwe,0,0,,,,,,,,,
441829,2009/10,2010-02-27,"Sardar Patel Stadium, Motera",2,19.2,India,South Africa,RG Sharma,V Kohli,RE van der Merwe,2,0,,,,,,,,,
441829,2009/10,2010-02-27,"Sardar Patel Stadium, Motera",2,19.3,India,South Africa,RG Sharma,V Kohli,RE van der Merwe,0,0,,,,,,,,,
441829,2009/10,2010-02-27,"Sardar Patel Stadium, Motera",2,19.4,India,South Africa,RG Sharma,V Kohli,RE van der Merwe,1,0,,,,,,,,,
441829,2009/10,2010-02-27,"Sardar Patel Stadium, Motera",2,19.5,India,South Africa,V Kohli,RG Sharma,RE van der Merwe,2,0,,,,,,,,,
441829,2009/10,2010-02-27,"Sardar Patel Stadium, Motera",2,19.6,India,South Africa,V Kohli,RG Sharma,RE van der Merwe,1,0,,,,,,,,,
441829,2009/10,2010-02-27,"Sardar Patel Stadium, Motera",2,20.1,India,South Africa,V Kohli,RG Sharma,J Botha,0,0,,,,,,,,,
441829,2009/10,2010-02-27,"Sardar Patel Stadium, Motera",2,20.2,India,South Africa,V Kohli,RG Sharma,J Botha,1,0,,,,,,,,,
441829,2009/10,2010-02-27,"Sardar Patel Stadium, Motera",2,20.3,India,South Africa,RG Sharma,V Kohli,J Botha,1,0,,,,,,,,,
441829,2009/10,2010-02-27,"Sardar Patel Stadium, Motera",2,20.4,India,South Africa,V Kohli,RG Sharma,J Botha,1,0,,,,,,,,,
441829,2009/10,2010-02-27,"Sardar Patel Stadium, Motera",2,20.5,India,South Africa,RG Sharma,V Kohli,J Botha,1,0,,,,,,,,,
441829,2009/10,2010-02-27,"Sardar Patel Stadium, Motera",2,20.6,India,South Africa,V Kohli,RG Sharma,J Botha,1,0,,,,,,,,,
441829,2009/10,2010-02-27,"Sardar Patel Stadium, Motera",2,21.1,India,South Africa,V Kohli,RG Sharma,RE van der Merwe,0,0,,,,,,,,,
441829,2009/10,2010-02-27,"Sardar Patel Stadium, Motera",2,21.2,India,South Africa,V Kohli,RG Sharma,RE van der Merwe,1,0,,,,,,,,,
441829,2009/10,2010-02-27,"Sardar Patel Stadium, Motera",2,21.3,India,South Africa,RG Sharma,V Kohli,RE van der Merwe,2,0,,,,,,,,,
441829,2009/10,2010-02-27,"Sardar Patel Stadium, Motera",2,21.4,India,South Africa,RG Sharma,V Kohli,RE van der Merwe,1,0,,,,,,,,,
441829,2009/10,2010-02-27,"Sardar Patel Stadium, Motera",2,21.5,India,South Africa,V Kohli,RG Sharma,RE van der Merwe,0,0,,,,,,,,,
441829,2009/10,2010-02-27,"Sardar Patel Stadium, Motera",2,21.6,India,South Africa,V Kohli,RG Sharma,RE van der Merwe,1,0,,,,,,,,,
441829,2009/10,2010-02-27,"Sardar Patel Stadium, Motera",2,22.1,India,South Africa,V Kohli,RG Sharma,J Botha,1,0,,,,,,,,,
441829,2009/10,2010-02-27,"Sardar Patel Stadium, Motera",2,22.2,India,South Africa,RG Sharma,V Kohli,J Botha,1,0,,,,,,,,,
441829,2009/10,2010-02-27,"Sardar Patel Stadium, Motera",2,22.3,India,South Africa,V Kohli,RG Sharma,J Botha,4,0,,,,,,,,,
441829,2009/10,2010-02-27,"Sardar Patel Stadium, Motera",2,22.4,India,South Africa,V Kohli,RG Sharma,J Botha,1,0,,,,,,,,,
441829,2009/10,2010-02-27,"Sardar Patel Stadium, Motera",2,22.5,India,South Africa,RG Sharma,V Kohli,J Botha,0,0,,,,,,,,,
441829,2009/10,2010-02-27,"Sardar Patel Stadium, Motera",2,22.6,India,South Africa,RG Sharma,V Kohli,J Botha,1,0,,,,,,,,,
441829,2009/10,2010-02-27,"Sardar Patel Stadium, Motera",2,23.1,India,South Africa,RG Sharma,V Kohli,RE van der Merwe,2,0,,,,,,,,,
441829,2009/10,2010-02-27,"Sardar Patel Stadium, Motera",2,23.2,India,South Africa,RG Sharma,V Kohli,RE van der Merwe,0,1,1,,,,,,,,
441829,2009/10,2010-02-27,"Sardar Patel Stadium, Motera",2,23.3,India,South Africa,RG Sharma,V Kohli,RE van der Merwe,1,0,,,,,,,,,
441829,2009/10,2010-02-27,"Sardar Patel Stadium, Motera",2,23.4,India,South Africa,V Kohli,RG Sharma,RE van der Merwe,0,0,,,,,,,,,
441829,2009/10,2010-02-27,"Sardar Patel Stadium, Motera",2,23.5,India,South Africa,V Kohli,RG Sharma,RE van der Merwe,0,0,,,,,,,,,
441829,2009/10,2010-02-27,"Sardar Patel Stadium, Motera",2,23.6,India,South Africa,V Kohli,RG Sharma,RE van der Merwe,1,0,,,,,,,,,
441829,2009/10,2010-02-27,"Sardar Patel Stadium, Motera",2,23.7,India,South Africa,RG Sharma,V Kohli,RE van der Merwe,2,0,,,,,,,,,
441829,2009/10,2010-02-27,"Sardar Patel Stadium, Motera",2,24.1,India,South Africa,V Kohli,RG Sharma,J Botha,1,0,,,,,,,,,
441829,2009/10,2010-02-27,"Sardar Patel Stadium, Motera",2,24.2,India,South Africa,RG Sharma,V Kohli,J Botha,2,0,,,,,,,,,
441829,2009/10,2010-02-27,"Sardar Patel Stadium, Motera",2,24.3,India,South Africa,RG Sharma,V Kohli,J Botha,1,0,,,,,,,,,
441829,2009/10,2010-02-27,"Sardar Patel Stadium, Motera",2,24.4,India,South Africa,V Kohli,RG Sharma,J Botha,1,0,,,,,,,,,
441829,2009/10,2010-02-27,"Sardar Patel Stadium, Motera",2,24.5,India,South Africa,RG Sharma,V Kohli,J Botha,0,0,,,,,,,,,
441829,2009/10,2010-02-27,"Sardar Patel Stadium, Motera",2,24.6,India,South Africa,RG Sharma,V Kohli,J Botha,0,0,,,,,,caught,RG Sharma,,
441829,2009/10,2010-02-27,"Sardar Patel Stadium, Motera",2,25.1,India,South Africa,V Kohli,MS Dhoni,DW Steyn,0,0,,,,,,,,,
441829,2009/10,2010-02-27,"Sardar Patel Stadium, Motera",2,25.2,India,South Africa,V Kohli,MS Dhoni,DW Steyn,1,0,,,,,,,,,
441829,2009/10,2010-02-27,"Sardar Patel Stadium, Motera",2,25.3,India,South Africa,MS Dhoni,V Kohli,DW Steyn,0,0,,,,,,,,,
441829,2009/10,2010-02-27,"Sardar Patel Stadium, Motera",2,25.4,India,South Africa,MS Dhoni,V Kohli,DW Steyn,1,0,,,,,,,,,
441829,2009/10,2010-02-27,"Sardar Patel Stadium, Motera",2,25.5,India,South Africa,V Kohli,MS Dhoni,DW Steyn,4,0,,,,,,,,,
441829,2009/10,2010-02-27,"Sardar Patel Stadium, Motera",2,25.6,India,South Africa,V Kohli,MS Dhoni,DW Steyn,0,0,,,,,,,,,
441829,2009/10,2010-02-27,"Sardar Patel Stadium, Motera",2,26.1,India,South Africa,MS Dhoni,V Kohli,J Botha,6,0,,,,,,,,,
441829,2009/10,2010-02-27,"Sardar Patel Stadium, Motera",2,26.2,India,South Africa,MS Dhoni,V Kohli,J Botha,1,0,,,,,,,,,
441829,2009/10,2010-02-27,"Sardar Patel Stadium, Motera",2,26.3,India,South Africa,V Kohli,MS Dhoni,J Botha,6,0,,,,,,,,,
441829,2009/10,2010-02-27,"Sardar Patel Stadium, Motera",2,26.4,India,South Africa,V Kohli,MS Dhoni,J Botha,1,0,,,,,,,,,
441829,2009/10,2010-02-27,"Sardar Patel Stadium, Motera",2,26.5,India,South Africa,MS Dhoni,V Kohli,J Botha,1,0,,,,,,,,,
441829,2009/10,2010-02-27,"Sardar Patel Stadium, Motera",2,26.6,India,South Africa,V Kohli,MS Dhoni,J Botha,0,0,,,,,,,,,
441829,2009/10,2010-02-27,"Sardar Patel Stadium, Motera",2,27.1,India,South Africa,MS Dhoni,V Kohli,DW Steyn,0,0,,,,,,,,,
441829,2009/10,2010-02-27,"Sardar Patel Stadium, Motera",2,27.2,India,South Africa,MS Dhoni,V Kohli,DW Steyn,0,0,,,,,,caught,MS Dhoni,,
441829,2009/10,2010-02-27,"Sardar Patel Stadium, Motera",2,27.3,India,South Africa,SK Raina,V Kohli,DW Steyn,0,0,,,,,,,,,
441829,2009/10,2010-02-27,"Sardar Patel Stadium, Motera",2,27.4,India,South Africa,SK Raina,V Kohli,DW Steyn,1,0,,,,,,,,,
441829,2009/10,2010-02-27,"Sardar Patel Stadium, Motera",2,27.5,India,South Africa,V Kohli,SK Raina,DW Steyn,0,0,,,,,,,,,
441829,2009/10,2010-02-27,"Sardar Patel Stadium, Motera",2,27.6,India,South Africa,V Kohli,SK Raina,DW Steyn,0,0,,,,,,caught,V Kohli,,
441829,2009/10,2010-02-27,"Sardar Patel Stadium, Motera",2,28.1,India,South Africa,SK Raina,YK Pathan,J Botha,4,0,,,,,,,,,
441829,2009/10,2010-02-27,"Sardar Patel Stadium, Motera",2,28.2,India,South Africa,SK Raina,YK Pathan,J Botha,1,0,,,,,,,,,
441829,2009/10,2010-02-27,"Sardar Patel Stadium, Motera",2,28.3,India,South Africa,YK Pathan,SK Raina,J Botha,1,0,,,,,,,,,
441829,2009/10,2010-02-27,"Sardar Patel Stadium, Motera",2,28.4,India,South Africa,SK Raina,YK Pathan,J Botha,2,0,,,,,,,,,
441829,2009/10,2010-02-27,"Sardar Patel Stadium, Motera",2,28.5,India,South Africa,SK Raina,YK Pathan,J Botha,0,0,,,,,,,,,
441829,2009/10,2010-02-27,"Sardar Patel Stadium, Motera",2,28.6,India,South Africa,SK Raina,YK Pathan,J Botha,0,0,,,,,,,,,
441829,2009/10,2010-02-27,"Sardar Patel Stadium, Motera",2,29.1,India,South Africa,YK Pathan,SK Raina,DW Steyn,1,0,,,,,,,,,
441829,2009/10,2010-02-27,"Sardar Patel Stadium, Motera",2,29.2,India,South Africa,SK Raina,YK Pathan,DW Steyn,1,0,,,,,,,,,
441829,2009/10,2010-02-27,"Sardar Patel Stadium, Motera",2,29.3,India,South Africa,YK Pathan,SK Raina,DW Steyn,0,0,,,,,,,,,
441829,2009/10,2010-02-27,"Sardar Patel Stadium, Motera",2,29.4,India,South Africa,YK Pathan,SK Raina,DW Steyn,1,0,,,,,,,,,
441829,2009/10,2010-02-27,"Sardar Patel Stadium, Motera",2,29.5,India,South Africa,SK Raina,YK Pathan,DW Steyn,0,0,,,,,,,,,
441829,2009/10,2010-02-27,"Sardar Patel Stadium, Motera",2,29.6,India,South Africa,SK Raina,YK Pathan,DW Steyn,0,0,,,,,,,,,
441829,2009/10,2010-02-27,"Sardar Patel Stadium, Motera",2,30.1,India,South Africa,YK Pathan,SK Raina,J Botha,1,0,,,,,,,,,
441829,2009/10,2010-02-27,"Sardar Patel Stadium, Motera",2,30.2,India,South Africa,SK Raina,YK Pathan,J Botha,2,0,,,,,,,,,
441829,2009/10,2010-02-27,"Sardar Patel Stadium, Motera",2,30.3,India,South Africa,SK Raina,YK Pathan,J Botha,1,0,,,,,,,,,
441829,2009/10,2010-02-27,"Sardar Patel Stadium, Motera",2,30.4,India,South Africa,YK Pathan,SK Raina,J Botha,1,0,,,,,,,,,
441829,2009/10,2010-02-27,"Sardar Patel Stadium, Motera",2,30.5,India,South Africa,SK Raina,YK Pathan,J Botha,6,0,,,,,,,,,
441829,2009/10,2010-02-27,"Sardar Patel Stadium, Motera",2,30.6,India,South Africa,SK Raina,YK Pathan,J Botha,0,0,,,,,,,,,
441829,2009/10,2010-02-27,"Sardar Patel Stadium, Motera",2,31.1,India,South Africa,YK Pathan,SK Raina,LL Tsotsobe,0,0,,,,,,,,,
441829,2009/10,2010-02-27,"Sardar Patel Stadium, Motera",2,31.2,India,South Africa,YK Pathan,SK Raina,LL Tsotsobe,0,0,,,,,,caught,YK Pathan,,
441829,2009/10,2010-02-27,"Sardar Patel Stadium, Motera",2,31.3,India,South Africa,RA Jadeja,SK Raina,LL Tsotsobe,0,0,,,,,,,,,
441829,2009/10,2010-02-27,"Sardar Patel Stadium, Motera",2,31.4,India,South Africa,RA Jadeja,SK Raina,LL Tsotsobe,0,0,,,,,,,,,
441829,2009/10,2010-02-27,"Sardar Patel Stadium, Motera",2,31.5,India,South Africa,RA Jadeja,SK Raina,LL Tsotsobe,1,0,,,,,,,,,
441829,2009/10,2010-02-27,"Sardar Patel Stadium, Motera",2,31.6,India,South Africa,SK Raina,RA Jadeja,LL Tsotsobe,1,0,,,,,,,,,
441829,2009/10,2010-02-27,"Sardar Patel Stadium, Motera",2,32.1,India,South Africa,SK Raina,RA Jadeja,M Morkel,0,1,1,,,,,,,,
441829,2009/10,2010-02-27,"Sardar Patel Stadium, Motera",2,32.2,India,South Africa,SK Raina,RA Jadeja,M Morkel,2,0,,,,,,,,,
441829,2009/10,2010-02-27,"Sardar Patel Stadium, Motera",2,32.3,India,South Africa,SK Raina,RA Jadeja,M Morkel,1,0,,,,,,,,,
441829,2009/10,2010-02-27,"Sardar Patel Stadium, Motera",2,32.4,India,South Africa,RA Jadeja,SK Raina,M Morkel,0,0,,,,,,,,,
441829,2009/10,2010-02-27,"Sardar Patel Stadium, Motera",2,32.5,India,South Africa,RA Jadeja,SK Raina,M Morkel,4,0,,,,,,,,,
441829,2009/10,2010-02-27,"Sardar Patel Stadium, Motera",2,32.6,India,South Africa,RA Jadeja,SK Raina,M Morkel,0,0,,,,,,,,,
441829,2009/10,2010-02-27,"Sardar Patel Stadium, Motera",2,32.7,India,South Africa,RA Jadeja,SK Raina,M Morkel,1,0,,,,,,,,,
441829,2009/10,2010-02-27,"Sardar Patel Stadium, Motera",2,33.1,India,South Africa,RA Jadeja,SK Raina,LL Tsotsobe,0,1,,,,1,,,,,
441829,2009/10,2010-02-27,"Sardar Patel Stadium, Motera",2,33.2,India,South Africa,SK Raina,RA Jadeja,LL Tsotsobe,4,0,,,,,,,,,
441829,2009/10,2010-02-27,"Sardar Patel Stadium, Motera",2,33.3,India,South Africa,SK Raina,RA Jadeja,LL Tsotsobe,1,0,,,,,,,,,
441829,2009/10,2010-02-27,"Sardar Patel Stadium, Motera",2,33.4,India,South Africa,RA Jadeja,SK Raina,LL Tsotsobe,6,0,,,,,,,,,
441829,2009/10,2010-02-27,"Sardar Patel Stadium, Motera",2,33.5,India,South Africa,RA Jadeja,SK Raina,LL Tsotsobe,1,0,,,,,,,,,
441829,2009/10,2010-02-27,"Sardar Patel Stadium, Motera",2,33.6,India,South Africa,SK Raina,RA Jadeja,LL Tsotsobe,1,0,,,,,,,,,
441829,2009/10,2010-02-27,"Sardar Patel Stadium, Motera",2,34.1,India,South Africa,SK Raina,RA Jadeja,M Morkel,2,0,,,,,,,,,
441829,2009/10,2010-02-27,"Sardar Patel Stadium, Motera",2,34.2,India,South Africa,SK Raina,RA Jadeja,M Morkel,4,0,,,,,,,,,
441829,2009/10,2010-02-27,"Sardar Patel Stadium, Motera",2,34.3,India,South Africa,SK Raina,RA Jadeja,M Morkel,2,0,,,,,,,,,
441829,2009/10,2010-02-27,"Sardar Patel Stadium, Motera",2,34.4,India,South Africa,SK Raina,RA Jadeja,M Morkel,1,0,,,,,,,,,
441829,2009/10,2010-02-27,"Sardar Patel Stadium, Motera",2,34.5,India,South Africa,RA Jadeja,SK Raina,M Morkel,2,0,,,,,,,,,
441829,2009/10,2010-02-27,"Sardar Patel Stadium, Motera",2,34.6,India,South Africa,RA Jadeja,SK Raina,M Morkel,0,1,1,,,,,,,,
441829,2009/10,2010-02-27,"Sardar Patel Stadium, Motera",2,34.7,India,South Africa,RA Jadeja,SK Raina,M Morkel,4,0,,,,,,,,,
441829,2009/10,2010-02-27,"Sardar Patel Stadium, Motera",2,35.1,India,South Africa,SK Raina,RA Jadeja,DW Steyn,4,0,,,,,,,,,
441829,2009/10,2010-02-27,"Sardar Patel Stadium, Motera",2,35.2,India,South Africa,SK Raina,RA Jadeja,DW Steyn,0,0,,,,,,,,,
441829,2009/10,2010-02-27,"Sardar Patel Stadium, Motera",2,35.3,India,South Africa,SK Raina,RA Jadeja,DW Steyn,3,0,,,,,,,,,
441829,2009/10,2010-02-27,"Sardar Patel Stadium, Motera",2,35.4,India,South Africa,RA Jadeja,SK Raina,DW Steyn,1,0,,,,,,,,,
441829,2009/10,2010-02-27,"Sardar Patel Stadium, Motera",2,35.5,India,South Africa,SK Raina,RA Jadeja,DW Steyn,1,0,,,,,,,,,
441829,2009/10,2010-02-27,"Sardar Patel Stadium, Motera",2,35.6,India,South Africa,RA Jadeja,SK Raina,DW Steyn,0,0,,,,,,,,,
441829,2009/10,2010-02-27,"Sardar Patel Stadium, Motera",2,36.1,India,South Africa,SK Raina,RA Jadeja,J Botha,4,0,,,,,,,,,
441829,2009/10,2010-02-27,"Sardar Patel Stadium, Motera",2,36.2,India,South Africa,SK Raina,RA Jadeja,J Botha,0,0,,,,,,caught,SK Raina,,
441829,2009/10,2010-02-27,"Sardar Patel Stadium, Motera",2,36.3,India,South Africa,RA Jadeja,S Sreesanth,J Botha,1,0,,,,,,,,,
441829,2009/10,2010-02-27,"Sardar Patel Stadium, Motera",2,36.4,India,South Africa,S Sreesanth,RA Jadeja,J Botha,0,0,,,,,,,,,
441829,2009/10,2010-02-27,"Sardar Patel Stadium, Motera",2,36.5,India,South Africa,S Sreesanth,RA Jadeja,J Botha,1,0,,,,,,,,,
441829,2009/10,2010-02-27,"Sardar Patel Stadium, Motera",2,36.6,India,South Africa,RA Jadeja,S Sreesanth,J Botha,1,0,,,,,,,,,
441829,2009/10,2010-02-27,"Sardar Patel Stadium, Motera",2,37.1,India,South Africa,RA Jadeja,S Sreesanth,RE van der Merwe,1,0,,,,,,,,,
441829,2009/10,2010-02-27,"Sardar Patel Stadium, Motera",2,37.2,India,South Africa,S Sreesanth,RA Jadeja,RE van der Merwe,0,0,,,,,,lbw,S Sreesanth,,
441829,2009/10,2010-02-27,"Sardar Patel Stadium, Motera",2,37.3,India,South Africa,A Mithun,RA Jadeja,RE van der Merwe,0,0,,,,,,,,,
441829,2009/10,2010-02-27,"Sardar Patel Stadium, Motera",2,37.4,India,South Africa,A Mithun,RA Jadeja,RE van der Merwe,0,0,,,,,,,,,
441829,2009/10,2010-02-27,"Sardar Patel Stadium, Motera",2,37.5,India,South Africa,A Mithun,RA Jadeja,RE van der Merwe,1,0,,,,,,,,,
441829,2009/10,2010-02-27,"Sardar Patel Stadium, Motera",2,37.6,India,South Africa,RA Jadeja,A Mithun,RE van der Merwe,1,0,,,,,,,,,
441829,2009/10,2010-02-27,"Sardar Patel Stadium, Motera",2,38.1,India,South Africa,RA Jadeja,A Mithun,J Botha,0,0,,,,,,,,,
441829,2009/10,2010-02-27,"Sardar Patel Stadium, Motera",2,38.2,India,South Africa,RA Jadeja,A Mithun,J Botha,1,0,,,,,,,,,
441829,2009/10,2010-02-27,"Sardar Patel Stadium, Motera",2,38.3,India,South Africa,A Mithun,RA Jadeja,J Botha,0,0,,,,,,,,,
441829,2009/10,2010-02-27,"Sardar Patel Stadium, Motera",2,38.4,India,South Africa,A Mithun,RA Jadeja,J Botha,0,0,,,,,,,,,
441829,2009/10,2010-02-27,"Sardar Patel Stadium, Motera",2,38.5,India,South Africa,A Mithun,RA Jadeja,J Botha,1,0,,,,,,,,,
441829,2009/10,2010-02-27,"Sardar Patel Stadium, Motera",2,38.6,India,South Africa,RA Jadeja,A Mithun,J Botha,1,0,,,,,,,,,
441829,2009/10,2010-02-27,"Sardar Patel Stadium, Motera",2,39.1,India,South Africa,RA Jadeja,A Mithun,RE van der Merwe,1,0,,,,,,,,,
441829,2009/10,2010-02-27,"Sardar Patel Stadium, Motera",2,39.2,India,South Africa,A Mithun,RA Jadeja,RE van der Merwe,1,0,,,,,,,,,
441829,2009/10,2010-02-27,"Sardar Patel Stadium, Motera",2,39.3,India,South Africa,RA Jadeja,A Mithun,RE van der Merwe,1,0,,,,,,,,,
441829,2009/10,2010-02-27,"Sardar Patel Stadium, Motera",2,39.4,India,South Africa,A Mithun,RA Jadeja,RE van der Merwe,1,0,,,,,,,,,
441829,2009/10,2010-02-27,"Sardar Patel Stadium, Motera",2,39.5,India,South Africa,RA Jadeja,A Mithun,RE van der Merwe,1,0,,,,,,,,,
441829,2009/10,2010-02-27,"Sardar Patel Stadium, Motera",2,39.6,India,South Africa,A Mithun,RA Jadeja,RE van der Merwe,1,0,,,,,,,,,
441829,2009/10,2010-02-27,"Sardar Patel Stadium, Motera",2,40.1,India,South Africa,A Mithun,RA Jadeja,J Botha,0,0,,,,,,,,,
441829,2009/10,2010-02-27,"Sardar Patel Stadium, Motera",2,40.2,India,South Africa,A Mithun,RA Jadeja,J Botha,6,0,,,,,,,,,
441829,2009/10,2010-02-27,"Sardar Patel Stadium, Motera",2,40.3,India,South Africa,A Mithun,RA Jadeja,J Botha,6,0,,,,,,,,,
441829,2009/10,2010-02-27,"Sardar Patel Stadium, Motera",2,40.4,India,South Africa,A Mithun,RA Jadeja,J Botha,0,0,,,,,,,,,
441829,2009/10,2010-02-27,"Sardar Patel Stadium, Motera",2,40.5,India,South Africa,A Mithun,RA Jadeja,J Botha,1,0,,,,,,,,,
441829,2009/10,2010-02-27,"Sardar Patel Stadium, Motera",2,40.6,India,South Africa,RA Jadeja,A Mithun,J Botha,1,0,,,,,,,,,
441829,2009/10,2010-02-27,"Sardar Patel Stadium, Motera",2,41.1,India,South Africa,RA Jadeja,A Mithun,RE van der Merwe,1,0,,,,,,,,,
441829,2009/10,2010-02-27,"Sardar Patel Stadium, Motera",2,41.2,India,South Africa,A Mithun,RA Jadeja,RE van der Merwe,2,0,,,,,,,,,
441829,2009/10,2010-02-27,"Sardar Patel Stadium, Motera",2,41.3,India,South Africa,A Mithun,RA Jadeja,RE van der Merwe,1,0,,,,,,,,,
441829,2009/10,2010-02-27,"Sardar Patel Stadium, Motera",2,41.4,India,South Africa,RA Jadeja,A Mithun,RE van der Merwe,1,0,,,,,,,,,
441829,2009/10,2010-02-27,"Sardar Patel Stadium, Motera",2,41.5,India,South Africa,A Mithun,RA Jadeja,RE van der Merwe,0,0,,,,,,,,,
441829,2009/10,2010-02-27,"Sardar Patel Stadium, Motera",2,41.6,India,South Africa,A Mithun,RA Jadeja,RE van der Merwe,0,0,,,,,,,,,
441829,2009/10,2010-02-27,"Sardar Patel Stadium, Motera",2,42.1,India,South Africa,RA Jadeja,A Mithun,LL Tsotsobe,0,0,,,,,,,,,
441829,2009/10,2010-02-27,"Sardar Patel Stadium, Motera",2,42.2,India,South Africa,RA Jadeja,A Mithun,LL Tsotsobe,1,0,,,,,,,,,
441829,2009/10,2010-02-27,"Sardar Patel Stadium, Motera",2,42.3,India,South Africa,A Mithun,RA Jadeja,LL Tsotsobe,1,0,,,,,,,,,
441829,2009/10,2010-02-27,"Sardar Patel Stadium, Motera",2,42.4,India,South Africa,RA Jadeja,A Mithun,LL Tsotsobe,1,0,,,,,,,,,
441829,2009/10,2010-02-27,"Sardar Patel Stadium, Motera",2,42.5,India,South Africa,A Mithun,RA Jadeja,LL Tsotsobe,0,0,,,,,,,,,
441829,2009/10,2010-02-27,"Sardar Patel Stadium, Motera",2,42.6,India,South Africa,A Mithun,RA Jadeja,LL Tsotsobe,2,0,,,,,,,,,
441829,2009/10,2010-02-27,"Sardar Patel Stadium, Motera",2,43.1,India,South Africa,RA Jadeja,A Mithun,RE van der Merwe,1,0,,,,,,,,,
441829,2009/10,2010-02-27,"Sardar Patel Stadium, Motera",2,43.2,India,South Africa,A Mithun,RA Jadeja,RE van der Merwe,0,0,,,,,,,,,
441829,2009/10,2010-02-27,"Sardar Patel Stadium, Motera",2,43.3,India,South Africa,A Mithun,RA Jadeja,RE van der Merwe,0,0,,,,,,stumped,A Mithun,,
441829,2009/10,2010-02-27,"Sardar Patel Stadium, Motera",2,43.4,India,South Africa,S Tyagi,RA Jadeja,RE van der Merwe,0,0,,,,,,,,,
441829,2009/10,2010-02-27,"Sardar Patel Stadium, Motera",2,43.5,India,South Africa,S Tyagi,RA Jadeja,RE van der Merwe,1,0,,,,,,,,,
441829,2009/10,2010-02-27,"Sardar Patel Stadium, Motera",2,43.6,India,South Africa,RA Jadeja,S Tyagi,RE van der Merwe,1,0,,,,,,,,,
441829,2009/10,2010-02-27,"Sardar Patel Stadium, Motera",2,44.1,India,South Africa,RA Jadeja,S Tyagi,LL Tsotsobe,0,0,,,,,,,,,
441829,2009/10,2010-02-27,"Sardar Patel Stadium, Motera",2,44.2,India,South Africa,RA Jadeja,S Tyagi,LL Tsotsobe,0,0,,,,,,,,,
441829,2009/10,2010-02-27,"Sardar Patel Stadium, Motera",2,44.3,India,South Africa,RA Jadeja,S Tyagi,LL Tsotsobe,0,0,,,,,,caught,RA Jadeja,,
