match_id,season,start_date,venue,innings,ball,batting_team,bowling_team,striker,non_striker,bowler,runs_off_bat,extras,wides,noballs,byes,legbyes,penalty,wicket_type,player_dismissed,other_wicket_type,other_player_dismissed
450498,2010,2010-08-16,Cambusdoon New Ground,1,0.1,Scotland,Afghanistan,DF Watts,PL Mommsen,Shapoor Zadran,0,0,,,,,,,,,
450498,2010,2010-08-16,Cambusdoon New Ground,1,0.2,Scotland,Afghanistan,DF Watts,PL Mommsen,Shapoor Zadran,0,0,,,,,,,,,
450498,2010,2010-08-16,Cambusdoon New Ground,1,0.3,Scotland,Afghanistan,DF Watts,PL Mommsen,Shapoor Zadran,1,0,,,,,,,,,
450498,2010,2010-08-16,Cambusdoon New Ground,1,0.4,Scotland,Afghanistan,PL Mommsen,DF Watts,Shapoor Zadran,0,0,,,,,,,,,
450498,2010,2010-08-16,Cambusdoon New Ground,1,0.5,Scotland,Afghanistan,PL Mommsen,DF Watts,Shapoor Zadran,0,0,,,,,,,,,
450498,2010,2010-08-16,Cambusdoon New Ground,1,0.6,Scotland,Afghanistan,PL Mommsen,DF Watts,Shapoor Zadran,4,0,,,,,,,,,
450498,2010,2010-08-16,Cambusdoon New Ground,1,1.1,Scotland,Afghanistan,DF Watts,PL Mommsen,Mirwais Ashraf,0,0,,,,,,,,,
450498,2010,2010-08-16,Cambusdoon New Ground,1,1.2,Scotland,Afghanistan,DF Watts,PL Mommsen,Mirwais Ashraf,2,0,,,,,,,,,
450498,2010,2010-08-16,Cambusdoon New Ground,1,1.3,Scotland,Afghanistan,DF Watts,PL Mommsen,Mirwais Ashraf,1,0,,,,,,,,,
450498,2010,2010-08-16,Cambusdoon New Ground,1,1.4,Scotland,Afghanistan,PL Mommsen,DF Watts,Mirwais Ashraf,0,0,,,,,,,,,
450498,2010,2010-08-16,Cambusdoon New Ground,1,1.5,Scotland,Afghanistan,PL Mommsen,DF Watts,Mirwais Ashraf,0,0,,,,,,,,,
450498,2010,2010-08-16,Cambusdoon New Ground,1,1.6,Scotland,Afghanistan,PL Mommsen,DF Watts,Mirwais Ashraf,1,0,,,,,,,,,
450498,2010,2010-08-16,Cambusdoon New Ground,1,2.1,Scotland,Afghanistan,PL Mommsen,DF Watts,Shapoor Zadran,0,0,,,,,,,,,
450498,2010,2010-08-16,Cambusdoon New Ground,1,2.2,Scotland,Afghanistan,PL Mommsen,DF Watts,Shapoor Zadran,0,0,,,,,,caught,PL Mommsen,,
450498,2010,2010-08-16,Cambusdoon New Ground,1,2.3,Scotland,Afghanistan,JH Davey,DF Watts,Shapoor Zadran,0,0,,,,,,,,,
450498,2010,2010-08-16,Cambusdoon New Ground,1,2.4,Scotland,Afghanistan,JH Davey,DF Watts,Shapoor Zadran,0,1,,1,,,,,,,
450498,2010,2010-08-16,Cambusdoon New Ground,1,2.5,Scotland,Afghanistan,JH Davey,DF Watts,Shapoor Zadran,4,0,,,,,,,,,
450498,2010,2010-08-16,Cambusdoon New Ground,1,2.6,Scotland,Afghanistan,JH Davey,DF Watts,Shapoor Zadran,3,0,,,,,,,,,
450498,2010,2010-08-16,Cambusdoon New Ground,1,2.7,Scotland,Afghanistan,DF Watts,JH Davey,Shapoor Zadran,0,0,,,,,,,,,
450498,2010,2010-08-16,Cambusdoon New Ground,1,3.1,Scotland,Afghanistan,JH Davey,DF Watts,Mirwais Ashraf,0,0,,,,,,lbw,JH Davey,,
450498,2010,2010-08-16,Cambusdoon New Ground,1,3.2,Scotland,Afghanistan,RD Berrington,DF Watts,Mirwais Ashraf,0,0,,,,,,,,,
450498,2010,2010-08-16,Cambusdoon New Ground,1,3.3,Scotland,Afghanistan,RD Berrington,DF Watts,Mirwais Ashraf,0,0,,,,,,,,,
450498,2010,2010-08-16,Cambusdoon New Ground,1,3.4,Scotland,Afghanistan,RD Berrington,DF Watts,Mirwais Ashraf,0,0,,,,,,,,,
450498,2010,2010-08-16,Cambusdoon New Ground,1,3.5,Scotland,Afghanistan,RD Berrington,DF Watts,Mirwais Ashraf,4,0,,,,,,,,,
450498,2010,2010-08-16,Cambusdoon New Ground,1,3.6,Scotland,Afghanistan,RD Berrington,DF Watts,Mirwais Ashraf,0,0,,,,,,,,,
450498,2010,2010-08-16,Cambusdoon New Ground,1,4.1,Scotland,Afghanistan,DF Watts,RD Berrington,Shapoor Zadran,2,0,,,,,,,,,
450498,2010,2010-08-16,Cambusdoon New Ground,1,4.2,Scotland,Afghanistan,DF Watts,RD Berrington,Shapoor Zadran,1,0,,,,,,,,,
450498,2010,2010-08-16,Cambusdoon New Ground,1,4.3,Scotland,Afghanistan,RD Berrington,DF Watts,Shapoor Zadran,0,0,,,,,,caught,RD Berrington,,
450498,2010,2010-08-16,Cambusdoon New Ground,1,4.4,Scotland,Afghanistan,GM Hamilton,DF Watts,Shapoor Zadran,0,0,,,,,,,,,
450498,2010,2010-08-16,Cambusdoon New Ground,1,4.5,Scotland,Afghanistan,GM Hamilton,DF Watts,Shapoor Zadran,1,0,,,,,,,,,
450498,2010,2010-08-16,Cambusdoon New Ground,1,4.6,Scotland,Afghanistan,DF Watts,GM Hamilton,Shapoor Zadran,0,0,,,,,,,,,
450498,2010,2010-08-16,Cambusdoon New Ground,1,5.1,Scotland,Afghanistan,GM Hamilton,DF Watts,Mirwais Ashraf,0,0,,,,,,,,,
450498,2010,2010-08-16,Cambusdoon New Ground,1,5.2,Scotland,Afghanistan,GM Hamilton,DF Watts,Mirwais Ashraf,0,0,,,,,,,,,
450498,2010,2010-08-16,Cambusdoon New Ground,1,5.3,Scotland,Afghanistan,GM Hamilton,DF Watts,Mirwais Ashraf,0,0,,,,,,,,,
450498,2010,2010-08-16,Cambusdoon New Ground,1,5.4,Scotland,Afghanistan,GM Hamilton,DF Watts,Mirwais Ashraf,0,0,,,,,,,,,
450498,2010,2010-08-16,Cambusdoon New Ground,1,5.5,Scotland,Afghanistan,GM Hamilton,DF Watts,Mirwais Ashraf,1,0,,,,,,,,,
450498,2010,2010-08-16,Cambusdoon New Ground,1,5.6,Scotland,Afghanistan,DF Watts,GM Hamilton,Mirwais Ashraf,1,0,,,,,,,,,
450498,2010,2010-08-16,Cambusdoon New Ground,1,6.1,Scotland,Afghanistan,DF Watts,GM Hamilton,Shapoor Zadran,0,0,,,,,,,,,
450498,2010,2010-08-16,Cambusdoon New Ground,1,6.2,Scotland,Afghanistan,DF Watts,GM Hamilton,Shapoor Zadran,0,0,,,,,,,,,
450498,2010,2010-08-16,Cambusdoon New Ground,1,6.3,Scotland,Afghanistan,DF Watts,GM Hamilton,Shapoor Zadran,0,0,,,,,,,,,
450498,2010,2010-08-16,Cambusdoon New Ground,1,6.4,Scotland,Afghanistan,DF Watts,GM Hamilton,Shapoor Zadran,0,1,,1,,,,,,,
450498,2010,2010-08-16,Cambusdoon New Ground,1,6.5,Scotland,Afghanistan,DF Watts,GM Hamilton,Shapoor Zadran,6,0,,,,,,,,,
450498,2010,2010-08-16,Cambusdoon New Ground,1,6.6,Scotland,Afghanistan,DF Watts,GM Hamilton,Shapoor Zadran,0,0,,,,,,,,,
450498,2010,2010-08-16,Cambusdoon New Ground,1,6.7,Scotland,Afghanistan,DF Watts,GM Hamilton,Shapoor Zadran,2,0,,,,,,,,,
450498,2010,2010-08-16,Cambusdoon New Ground,1,7.1,Scotland,Afghanistan,GM Hamilton,DF Watts,Mirwais Ashraf,0,0,,,,,,,,,
450498,2010,2010-08-16,Cambusdoon New Ground,1,7.2,Scotland,Afghanistan,GM Hamilton,DF Watts,Mirwais Ashraf,0,0,,,,,,,,,
450498,2010,2010-08-16,Cambusdoon New Ground,1,7.3,Scotland,Afghanistan,GM Hamilton,DF Watts,Mirwais Ashraf,0,0,,,,,,,,,
450498,2010,2010-08-16,Cambusdoon New Ground,1,7.4,Scotland,Afghanistan,GM Hamilton,DF Watts,Mirwais Ashraf,1,0,,,,,,,,,
450498,2010,2010-08-16,Cambusdoon New Ground,1,7.5,Scotland,Afghanistan,DF Watts,GM Hamilton,Mirwais Ashraf,0,0,,,,,,,,,
450498,2010,2010-08-16,Cambusdoon New Ground,1,7.6,Scotland,Afghanistan,DF Watts,GM Hamilton,Mirwais Ashraf,1,0,,,,,,,,,
450498,2010,2010-08-16,Cambusdoon New Ground,1,8.1,Scotland,Afghanistan,DF Watts,GM Hamilton,Shapoor Zadran,0,0,,,,,,,,,
450498,2010,2010-08-16,Cambusdoon New Ground,1,8.2,Scotland,Afghanistan,DF Watts,GM Hamilton,Shapoor Zadran,0,0,,,,,,,,,
450498,2010,2010-08-16,Cambusdoon New Ground,1,8.3,Scotland,Afghanistan,DF Watts,GM Hamilton,Shapoor Zadran,0,0,,,,,,,,,
450498,2010,2010-08-16,Cambusdoon New Ground,1,8.4,Scotland,Afghanistan,DF Watts,GM Hamilton,Shapoor Zadran,0,0,,,,,,,,,
450498,2010,2010-08-16,Cambusdoon New Ground,1,8.5,Scotland,Afghanistan,DF Watts,GM Hamilton,Shapoor Zadran,0,0,,,,,,,,,
450498,2010,2010-08-16,Cambusdoon New Ground,1,8.6,Scotland,Afghanistan,DF Watts,GM Hamilton,Shapoor Zadran,0,0,,,,,,,,,
450498,2010,2010-08-16,Cambusdoon New Ground,1,9.1,Scotland,Afghanistan,GM Hamilton,DF Watts,Mirwais Ashraf,3,0,,,,,,,,,
450498,2010,2010-08-16,Cambusdoon New Ground,1,9.2,Scotland,Afghanistan,DF Watts,GM Hamilton,Mirwais Ashraf,0,0,,,,,,,,,
450498,2010,2010-08-16,Cambusdoon New Ground,1,9.3,Scotland,Afghanistan,DF Watts,GM Hamilton,Mirwais Ashraf,0,0,,,,,,,,,
450498,2010,2010-08-16,Cambusdoon New Ground,1,9.4,Scotland,Afghanistan,DF Watts,GM Hamilton,Mirwais Ashraf,0,0,,,,,,,,,
450498,2010,2010-08-16,Cambusdoon New Ground,1,9.5,Scotland,Afghanistan,DF Watts,GM Hamilton,Mirwais Ashraf,0,0,,,,,,,,,
450498,2010,2010-08-16,Cambusdoon New Ground,1,9.6,Scotland,Afghanistan,DF Watts,GM Hamilton,Mirwais Ashraf,0,0,,,,,,,,,
450498,2010,2010-08-16,Cambusdoon New Ground,1,10.1,Scotland,Afghanistan,GM Hamilton,DF Watts,Shapoor Zadran,0,0,,,,,,,,,
450498,2010,2010-08-16,Cambusdoon New Ground,1,10.2,Scotland,Afghanistan,GM Hamilton,DF Watts,Shapoor Zadran,1,0,,,,,,,,,
450498,2010,2010-08-16,Cambusdoon New Ground,1,10.3,Scotland,Afghanistan,DF Watts,GM Hamilton,Shapoor Zadran,0,0,,,,,,,,,
450498,2010,2010-08-16,Cambusdoon New Ground,1,10.4,Scotland,Afghanistan,DF Watts,GM Hamilton,Shapoor Zadran,0,0,,,,,,,,,
450498,2010,2010-08-16,Cambusdoon New Ground,1,10.5,Scotland,Afghanistan,DF Watts,GM Hamilton,Shapoor Zadran,0,0,,,,,,,,,
450498,2010,2010-08-16,Cambusdoon New Ground,1,10.6,Scotland,Afghanistan,DF Watts,GM Hamilton,Shapoor Zadran,0,0,,,,,,,,,
450498,2010,2010-08-16,Cambusdoon New Ground,1,11.1,Scotland,Afghanistan,GM Hamilton,DF Watts,Mirwais Ashraf,0,0,,,,,,,,,
450498,2010,2010-08-16,Cambusdoon New Ground,1,11.2,Scotland,Afghanistan,GM Hamilton,DF Watts,Mirwais Ashraf,0,0,,,,,,,,,
450498,2010,2010-08-16,Cambusdoon New Ground,1,11.3,Scotland,Afghanistan,GM Hamilton,DF Watts,Mirwais Ashraf,0,0,,,,,,,,,
450498,2010,2010-08-16,Cambusdoon New Ground,1,11.4,Scotland,Afghanistan,GM Hamilton,DF Watts,Mirwais Ashraf,0,0,,,,,,,,,
450498,2010,2010-08-16,Cambusdoon New Ground,1,11.5,Scotland,Afghanistan,GM Hamilton,DF Watts,Mirwais Ashraf,0,0,,,,,,,,,
450498,2010,2010-08-16,Cambusdoon New Ground,1,11.6,Scotland,Afghanistan,GM Hamilton,DF Watts,Mirwais Ashraf,0,0,,,,,,,,,
450498,2010,2010-08-16,Cambusdoon New Ground,1,12.1,Scotland,Afghanistan,DF Watts,GM Hamilton,Asghar Stanikzai,0,0,,,,,,,,,
450498,2010,2010-08-16,Cambusdoon New Ground,1,12.2,Scotland,Afghanistan,DF Watts,GM Hamilton,Asghar Stanikzai,0,0,,,,,,,,,
450498,2010,2010-08-16,Cambusdoon New Ground,1,12.3,Scotland,Afghanistan,DF Watts,GM Hamilton,Asghar Stanikzai,4,0,,,,,,,,,
450498,2010,2010-08-16,Cambusdoon New Ground,1,12.4,Scotland,Afghanistan,DF Watts,GM Hamilton,Asghar Stanikzai,0,0,,,,,,,,,
450498,2010,2010-08-16,Cambusdoon New Ground,1,12.5,Scotland,Afghanistan,DF Watts,GM Hamilton,Asghar Stanikzai,0,0,,,,,,,,,
450498,2010,2010-08-16,Cambusdoon New Ground,1,12.6,Scotland,Afghanistan,DF Watts,GM Hamilton,Asghar Stanikzai,4,0,,,,,,,,,
450498,2010,2010-08-16,Cambusdoon New Ground,1,13.1,Scotland,Afghanistan,GM Hamilton,DF Watts,Mirwais Ashraf,0,0,,,,,,,,,
450498,2010,2010-08-16,Cambusdoon New Ground,1,13.2,Scotland,Afghanistan,GM Hamilton,DF Watts,Mirwais Ashraf,0,0,,,,,,,,,
450498,2010,2010-08-16,Cambusdoon New Ground,1,13.3,Scotland,Afghanistan,GM Hamilton,DF Watts,Mirwais Ashraf,0,0,,,,,,,,,
450498,2010,2010-08-16,Cambusdoon New Ground,1,13.4,Scotland,Afghanistan,GM Hamilton,DF Watts,Mirwais Ashraf,0,0,,,,,,,,,
450498,2010,2010-08-16,Cambusdoon New Ground,1,13.5,Scotland,Afghanistan,GM Hamilton,DF Watts,Mirwais Ashraf,0,0,,,,,,,,,
450498,2010,2010-08-16,Cambusdoon New Ground,1,13.6,Scotland,Afghanistan,GM Hamilton,DF Watts,Mirwais Ashraf,1,0,,,,,,,,,
450498,2010,2010-08-16,Cambusdoon New Ground,1,14.1,Scotland,Afghanistan,GM Hamilton,DF Watts,Asghar Stanikzai,0,0,,,,,,,,,
450498,2010,2010-08-16,Cambusdoon New Ground,1,14.2,Scotland,Afghanistan,GM Hamilton,DF Watts,Asghar Stanikzai,4,0,,,,,,,,,
450498,2010,2010-08-16,Cambusdoon New Ground,1,14.3,Scotland,Afghanistan,GM Hamilton,DF Watts,Asghar Stanikzai,0,0,,,,,,,,,
450498,2010,2010-08-16,Cambusdoon New Ground,1,14.4,Scotland,Afghanistan,GM Hamilton,DF Watts,Asghar Stanikzai,4,0,,,,,,,,,
450498,2010,2010-08-16,Cambusdoon New Ground,1,14.5,Scotland,Afghanistan,GM Hamilton,DF Watts,Asghar Stanikzai,0,1,1,,,,,,,,
450498,2010,2010-08-16,Cambusdoon New Ground,1,14.6,Scotland,Afghanistan,GM Hamilton,DF Watts,Asghar Stanikzai,0,0,,,,,,,,,
450498,2010,2010-08-16,Cambusdoon New Ground,1,14.7,Scotland,Afghanistan,GM Hamilton,DF Watts,Asghar Stanikzai,0,0,,,,,,,,,
450498,2010,2010-08-16,Cambusdoon New Ground,1,15.1,Scotland,Afghanistan,DF Watts,GM Hamilton,Mohammad Nabi,1,0,,,,,,,,,
450498,2010,2010-08-16,Cambusdoon New Ground,1,15.2,Scotland,Afghanistan,GM Hamilton,DF Watts,Mohammad Nabi,0,0,,,,,,,,,
450498,2010,2010-08-16,Cambusdoon New Ground,1,15.3,Scotland,Afghanistan,GM Hamilton,DF Watts,Mohammad Nabi,0,0,,,,,,,,,
450498,2010,2010-08-16,Cambusdoon New Ground,1,15.4,Scotland,Afghanistan,GM Hamilton,DF Watts,Mohammad Nabi,0,0,,,,,,,,,
450498,2010,2010-08-16,Cambusdoon New Ground,1,15.5,Scotland,Afghanistan,GM Hamilton,DF Watts,Mohammad Nabi,0,0,,,,,,,,,
450498,2010,2010-08-16,Cambusdoon New Ground,1,15.6,Scotland,Afghanistan,GM Hamilton,DF Watts,Mohammad Nabi,1,0,,,,,,,,,
450498,2010,2010-08-16,Cambusdoon New Ground,1,16.1,Scotland,Afghanistan,GM Hamilton,DF Watts,Hamid Hassan,0,0,,,,,,,,,
450498,2010,2010-08-16,Cambusdoon New Ground,1,16.2,Scotland,Afghanistan,GM Hamilton,DF Watts,Hamid Hassan,0,0,,,,,,,,,
450498,2010,2010-08-16,Cambusdoon New Ground,1,16.3,Scotland,Afghanistan,GM Hamilton,DF Watts,Hamid Hassan,1,0,,,,,,,,,
450498,2010,2010-08-16,Cambusdoon New Ground,1,16.4,Scotland,Afghanistan,DF Watts,GM Hamilton,Hamid Hassan,1,0,,,,,,,,,
450498,2010,2010-08-16,Cambusdoon New Ground,1,16.5,Scotland,Afghanistan,GM Hamilton,DF Watts,Hamid Hassan,0,0,,,,,,,,,
450498,2010,2010-08-16,Cambusdoon New Ground,1,16.6,Scotland,Afghanistan,GM Hamilton,DF Watts,Hamid Hassan,0,0,,,,,,,,,
450498,2010,2010-08-16,Cambusdoon New Ground,1,17.1,Scotland,Afghanistan,DF Watts,GM Hamilton,Mohammad Nabi,1,0,,,,,,,,,
450498,2010,2010-08-16,Cambusdoon New Ground,1,17.2,Scotland,Afghanistan,GM Hamilton,DF Watts,Mohammad Nabi,3,0,,,,,,,,,
450498,2010,2010-08-16,Cambusdoon New Ground,1,17.3,Scotland,Afghanistan,DF Watts,GM Hamilton,Mohammad Nabi,0,1,1,,,,,,,,
450498,2010,2010-08-16,Cambusdoon New Ground,1,17.4,Scotland,Afghanistan,DF Watts,GM Hamilton,Mohammad Nabi,0,0,,,,,,,,,
450498,2010,2010-08-16,Cambusdoon New Ground,1,17.5,Scotland,Afghanistan,DF Watts,GM Hamilton,Mohammad Nabi,1,0,,,,,,,,,
450498,2010,2010-08-16,Cambusdoon New Ground,1,17.6,Scotland,Afghanistan,GM Hamilton,DF Watts,Mohammad Nabi,0,1,,,,1,,,,,
450498,2010,2010-08-16,Cambusdoon New Ground,1,17.7,Scotland,Afghanistan,DF Watts,GM Hamilton,Mohammad Nabi,1,0,,,,,,,,,
450498,2010,2010-08-16,Cambusdoon New Ground,1,18.1,Scotland,Afghanistan,DF Watts,GM Hamilton,Hamid Hassan,0,0,,,,,,,,,
450498,2010,2010-08-16,Cambusdoon New Ground,1,18.2,Scotland,Afghanistan,DF Watts,GM Hamilton,Hamid Hassan,0,1,1,,,,,,,,
450498,2010,2010-08-16,Cambusdoon New Ground,1,18.3,Scotland,Afghanistan,DF Watts,GM Hamilton,Hamid Hassan,0,0,,,,,,,,,
450498,2010,2010-08-16,Cambusdoon New Ground,1,18.4,Scotland,Afghanistan,DF Watts,GM Hamilton,Hamid Hassan,1,0,,,,,,,,,
450498,2010,2010-08-16,Cambusdoon New Ground,1,18.5,Scotland,Afghanistan,GM Hamilton,DF Watts,Hamid Hassan,0,0,,,,,,,,,
450498,2010,2010-08-16,Cambusdoon New Ground,1,18.6,Scotland,Afghanistan,GM Hamilton,DF Watts,Hamid Hassan,1,0,,,,,,,,,
450498,2010,2010-08-16,Cambusdoon New Ground,1,18.7,Scotland,Afghanistan,DF Watts,GM Hamilton,Hamid Hassan,0,0,,,,,,,,,
450498,2010,2010-08-16,Cambusdoon New Ground,1,19.1,Scotland,Afghanistan,GM Hamilton,DF Watts,Mohammad Nabi,0,0,,,,,,,,,
450498,2010,2010-08-16,Cambusdoon New Ground,1,19.2,Scotland,Afghanistan,GM Hamilton,DF Watts,Mohammad Nabi,0,0,,,,,,,,,
450498,2010,2010-08-16,Cambusdoon New Ground,1,19.3,Scotland,Afghanistan,GM Hamilton,DF Watts,Mohammad Nabi,0,0,,,,,,,,,
450498,2010,2010-08-16,Cambusdoon New Ground,1,19.4,Scotland,Afghanistan,GM Hamilton,DF Watts,Mohammad Nabi,1,0,,,,,,,,,
450498,2010,2010-08-16,Cambusdoon New Ground,1,19.5,Scotland,Afghanistan,DF Watts,GM Hamilton,Mohammad Nabi,1,0,,,,,,,,,
450498,2010,2010-08-16,Cambusdoon New Ground,1,19.6,Scotland,Afghanistan,GM Hamilton,DF Watts,Mohammad Nabi,0,0,,,,,,,,,
450498,2010,2010-08-16,Cambusdoon New Ground,1,20.1,Scotland,Afghanistan,DF Watts,GM Hamilton,Hamid Hassan,1,0,,,,,,,,,
450498,2010,2010-08-16,Cambusdoon New Ground,1,20.2,Scotland,Afghanistan,GM Hamilton,DF Watts,Hamid Hassan,0,0,,,,,,,,,
450498,2010,2010-08-16,Cambusdoon New Ground,1,20.3,Scotland,Afghanistan,GM Hamilton,DF Watts,Hamid Hassan,0,0,,,,,,,,,
450498,2010,2010-08-16,Cambusdoon New Ground,1,20.4,Scotland,Afghanistan,GM Hamilton,DF Watts,Hamid Hassan,1,0,,,,,,,,,
450498,2010,2010-08-16,Cambusdoon New Ground,1,20.5,Scotland,Afghanistan,DF Watts,GM Hamilton,Hamid Hassan,1,0,,,,,,,,,
450498,2010,2010-08-16,Cambusdoon New Ground,1,20.6,Scotland,Afghanistan,GM Hamilton,DF Watts,Hamid Hassan,1,0,,,,,,,,,
450498,2010,2010-08-16,Cambusdoon New Ground,1,21.1,Scotland,Afghanistan,GM Hamilton,DF Watts,Mohammad Nabi,1,0,,,,,,,,,
450498,2010,2010-08-16,Cambusdoon New Ground,1,21.2,Scotland,Afghanistan,DF Watts,GM Hamilton,Mohammad Nabi,1,0,,,,,,,,,
450498,2010,2010-08-16,Cambusdoon New Ground,1,21.3,Scotland,Afghanistan,GM Hamilton,DF Watts,Mohammad Nabi,0,0,,,,,,,,,
450498,2010,2010-08-16,Cambusdoon New Ground,1,21.4,Scotland,Afghanistan,GM Hamilton,DF Watts,Mohammad Nabi,0,0,,,,,,,,,
450498,2010,2010-08-16,Cambusdoon New Ground,1,21.5,Scotland,Afghanistan,GM Hamilton,DF Watts,Mohammad Nabi,1,0,,,,,,,,,
450498,2010,2010-08-16,Cambusdoon New Ground,1,21.6,Scotland,Afghanistan,DF Watts,GM Hamilton,Mohammad Nabi,4,0,,,,,,,,,
450498,2010,2010-08-16,Cambusdoon New Ground,1,22.1,Scotland,Afghanistan,GM Hamilton,DF Watts,Hamid Hassan,0,0,,,,,,,,,
450498,2010,2010-08-16,Cambusdoon New Ground,1,22.2,Scotland,Afghanistan,GM Hamilton,DF Watts,Hamid Hassan,0,0,,,,,,,,,
450498,2010,2010-08-16,Cambusdoon New Ground,1,22.3,Scotland,Afghanistan,GM Hamilton,DF Watts,Hamid Hassan,0,0,,,,,,,,,
450498,2010,2010-08-16,Cambusdoon New Ground,1,22.4,Scotland,Afghanistan,GM Hamilton,DF Watts,Hamid Hassan,4,0,,,,,,,,,
450498,2010,2010-08-16,Cambusdoon New Ground,1,22.5,Scotland,Afghanistan,GM Hamilton,DF Watts,Hamid Hassan,0,0,,,,,,,,,
450498,2010,2010-08-16,Cambusdoon New Ground,1,22.6,Scotland,Afghanistan,GM Hamilton,DF Watts,Hamid Hassan,0,0,,,,,,bowled,GM Hamilton,,
450498,2010,2010-08-16,Cambusdoon New Ground,1,23.1,Scotland,Afghanistan,DF Watts,MM Iqbal,Mohammad Nabi,0,1,1,,,,,,,,
450498,2010,2010-08-16,Cambusdoon New Ground,1,23.2,Scotland,Afghanistan,DF Watts,MM Iqbal,Mohammad Nabi,0,0,,,,,,,,,
450498,2010,2010-08-16,Cambusdoon New Ground,1,23.3,Scotland,Afghanistan,DF Watts,MM Iqbal,Mohammad Nabi,0,0,,,,,,,,,
450498,2010,2010-08-16,Cambusdoon New Ground,1,23.4,Scotland,Afghanistan,DF Watts,MM Iqbal,Mohammad Nabi,1,0,,,,,,,,,
450498,2010,2010-08-16,Cambusdoon New Ground,1,23.5,Scotland,Afghanistan,MM Iqbal,DF Watts,Mohammad Nabi,0,0,,,,,,,,,
450498,2010,2010-08-16,Cambusdoon New Ground,1,23.6,Scotland,Afghanistan,MM Iqbal,DF Watts,Mohammad Nabi,0,0,,,,,,,,,
450498,2010,2010-08-16,Cambusdoon New Ground,1,23.7,Scotland,Afghanistan,MM Iqbal,DF Watts,Mohammad Nabi,0,0,,,,,,,,,
450498,2010,2010-08-16,Cambusdoon New Ground,1,24.1,Scotland,Afghanistan,DF Watts,MM Iqbal,Hamid Hassan,1,0,,,,,,,,,
450498,2010,2010-08-16,Cambusdoon New Ground,1,24.2,Scotland,Afghanistan,MM Iqbal,DF Watts,Hamid Hassan,0,0,,,,,,,,,
450498,2010,2010-08-16,Cambusdoon New Ground,1,24.3,Scotland,Afghanistan,MM Iqbal,DF Watts,Hamid Hassan,0,0,,,,,,,,,
450498,2010,2010-08-16,Cambusdoon New Ground,1,24.4,Scotland,Afghanistan,MM Iqbal,DF Watts,Hamid Hassan,0,0,,,,,,,,,
450498,2010,2010-08-16,Cambusdoon New Ground,1,24.5,Scotland,Afghanistan,MM Iqbal,DF Watts,Hamid Hassan,0,0,,,,,,,,,
450498,2010,2010-08-16,Cambusdoon New Ground,1,24.6,Scotland,Afghanistan,MM Iqbal,DF Watts,Hamid Hassan,0,0,,,,,,,,,
450498,2010,2010-08-16,Cambusdoon New Ground,1,25.1,Scotland,Afghanistan,DF Watts,MM Iqbal,Mohammad Nabi,1,0,,,,,,,,,
450498,2010,2010-08-16,Cambusdoon New Ground,1,25.2,Scotland,Afghanistan,MM Iqbal,DF Watts,Mohammad Nabi,1,0,,,,,,,,,
450498,2010,2010-08-16,Cambusdoon New Ground,1,25.3,Scotland,Afghanistan,DF Watts,MM Iqbal,Mohammad Nabi,1,0,,,,,,,,,
450498,2010,2010-08-16,Cambusdoon New Ground,1,25.4,Scotland,Afghanistan,MM Iqbal,DF Watts,Mohammad Nabi,0,0,,,,,,,,,
450498,2010,2010-08-16,Cambusdoon New Ground,1,25.5,Scotland,Afghanistan,MM Iqbal,DF Watts,Mohammad Nabi,0,0,,,,,,,,,
450498,2010,2010-08-16,Cambusdoon New Ground,1,25.6,Scotland,Afghanistan,MM Iqbal,DF Watts,Mohammad Nabi,0,0,,,,,,,,,
450498,2010,2010-08-16,Cambusdoon New Ground,1,26.1,Scotland,Afghanistan,DF Watts,MM Iqbal,Asghar Stanikzai,0,0,,,,,,,,,
450498,2010,2010-08-16,Cambusdoon New Ground,1,26.2,Scotland,Afghanistan,DF Watts,MM Iqbal,Asghar Stanikzai,0,0,,,,,,,,,
450498,2010,2010-08-16,Cambusdoon New Ground,1,26.3,Scotland,Afghanistan,DF Watts,MM Iqbal,Asghar Stanikzai,1,0,,,,,,,,,
450498,2010,2010-08-16,Cambusdoon New Ground,1,26.4,Scotland,Afghanistan,MM Iqbal,DF Watts,Asghar Stanikzai,0,0,,,,,,,,,
450498,2010,2010-08-16,Cambusdoon New Ground,1,26.5,Scotland,Afghanistan,MM Iqbal,DF Watts,Asghar Stanikzai,1,0,,,,,,,,,
450498,2010,2010-08-16,Cambusdoon New Ground,1,26.6,Scotland,Afghanistan,DF Watts,MM Iqbal,Asghar Stanikzai,1,0,,,,,,,,,
450498,2010,2010-08-16,Cambusdoon New Ground,1,27.1,Scotland,Afghanistan,DF Watts,MM Iqbal,Samiullah Shenwari,1,0,,,,,,,,,
450498,2010,2010-08-16,Cambusdoon New Ground,1,27.2,Scotland,Afghanistan,MM Iqbal,DF Watts,Samiullah Shenwari,1,0,,,,,,,,,
450498,2010,2010-08-16,Cambusdoon New Ground,1,27.3,Scotland,Afghanistan,DF Watts,MM Iqbal,Samiullah Shenwari,1,0,,,,,,,,,
450498,2010,2010-08-16,Cambusdoon New Ground,1,27.4,Scotland,Afghanistan,MM Iqbal,DF Watts,Samiullah Shenwari,0,0,,,,,,,,,
450498,2010,2010-08-16,Cambusdoon New Ground,1,27.5,Scotland,Afghanistan,MM Iqbal,DF Watts,Samiullah Shenwari,1,0,,,,,,,,,
450498,2010,2010-08-16,Cambusdoon New Ground,1,27.6,Scotland,Afghanistan,DF Watts,MM Iqbal,Samiullah Shenwari,0,0,,,,,,,,,
450498,2010,2010-08-16,Cambusdoon New Ground,1,28.1,Scotland,Afghanistan,MM Iqbal,DF Watts,Asghar Stanikzai,0,0,,,,,,,,,
450498,2010,2010-08-16,Cambusdoon New Ground,1,28.2,Scotland,Afghanistan,MM Iqbal,DF Watts,Asghar Stanikzai,1,0,,,,,,,,,
450498,2010,2010-08-16,Cambusdoon New Ground,1,28.3,Scotland,Afghanistan,DF Watts,MM Iqbal,Asghar Stanikzai,1,0,,,,,,,,,
450498,2010,2010-08-16,Cambusdoon New Ground,1,28.4,Scotland,Afghanistan,MM Iqbal,DF Watts,Asghar Stanikzai,0,1,1,,,,,stumped,MM Iqbal,,
450498,2010,2010-08-16,Cambusdoon New Ground,1,28.5,Scotland,Afghanistan,DR Lockhart,DF Watts,Asghar Stanikzai,0,0,,,,,,,,,
450498,2010,2010-08-16,Cambusdoon New Ground,1,28.6,Scotland,Afghanistan,DR Lockhart,DF Watts,Asghar Stanikzai,0,0,,,,,,,,,
450498,2010,2010-08-16,Cambusdoon New Ground,1,28.7,Scotland,Afghanistan,DR Lockhart,DF Watts,Asghar Stanikzai,0,0,,,,,,,,,
450498,2010,2010-08-16,Cambusdoon New Ground,1,29.1,Scotland,Afghanistan,DF Watts,DR Lockhart,Samiullah Shenwari,1,0,,,,,,,,,
450498,2010,2010-08-16,Cambusdoon New Ground,1,29.2,Scotland,Afghanistan,DR Lockhart,DF Watts,Samiullah Shenwari,1,0,,,,,,,,,
450498,2010,2010-08-16,Cambusdoon New Ground,1,29.3,Scotland,Afghanistan,DF Watts,DR Lockhart,Samiullah Shenwari,0,0,,,,,,,,,
450498,2010,2010-08-16,Cambusdoon New Ground,1,29.4,Scotland,Afghanistan,DF Watts,DR Lockhart,Samiullah Shenwari,0,0,,,,,,,,,
450498,2010,2010-08-16,Cambusdoon New Ground,1,29.5,Scotland,Afghanistan,DF Watts,DR Lockhart,Samiullah Shenwari,0,0,,,,,,,,,
450498,2010,2010-08-16,Cambusdoon New Ground,1,29.6,Scotland,Afghanistan,DF Watts,DR Lockhart,Samiullah Shenwari,1,0,,,,,,,,,
450498,2010,2010-08-16,Cambusdoon New Ground,1,30.1,Scotland,Afghanistan,DF Watts,DR Lockhart,Asghar Stanikzai,4,0,,,,,,,,,
450498,2010,2010-08-16,Cambusdoon New Ground,1,30.2,Scotland,Afghanistan,DF Watts,DR Lockhart,Asghar Stanikzai,0,0,,,,,,,,,
450498,2010,2010-08-16,Cambusdoon New Ground,1,30.3,Scotland,Afghanistan,DF Watts,DR Lockhart,Asghar Stanikzai,0,1,,,,1,,,,,
450498,2010,2010-08-16,Cambusdoon New Ground,1,30.4,Scotland,Afghanistan,DR Lockhart,DF Watts,Asghar Stanikzai,0,0,,,,,,,,,
450498,2010,2010-08-16,Cambusdoon New Ground,1,30.5,Scotland,Afghanistan,DR Lockhart,DF Watts,Asghar Stanikzai,1,0,,,,,,,,,
450498,2010,2010-08-16,Cambusdoon New Ground,1,30.6,Scotland,Afghanistan,DF Watts,DR Lockhart,Asghar Stanikzai,1,0,,,,,,,,,
450498,2010,2010-08-16,Cambusdoon New Ground,1,31.1,Scotland,Afghanistan,DF Watts,DR Lockhart,Samiullah Shenwari,0,0,,,,,,bowled,DF Watts,,
450498,2010,2010-08-16,Cambusdoon New Ground,1,31.2,Scotland,Afghanistan,RM Haq,DR Lockhart,Samiullah Shenwari,0,1,1,,,,,,,,
450498,2010,2010-08-16,Cambusdoon New Ground,1,31.3,Scotland,Afghanistan,RM Haq,DR Lockhart,Samiullah Shenwari,1,0,,,,,,,,,
450498,2010,2010-08-16,Cambusdoon New Ground,1,31.4,Scotland,Afghanistan,DR Lockhart,RM Haq,Samiullah Shenwari,1,0,,,,,,,,,
450498,2010,2010-08-16,Cambusdoon New Ground,1,31.5,Scotland,Afghanistan,RM Haq,DR Lockhart,Samiullah Shenwari,0,0,,,,,,,,,
450498,2010,2010-08-16,Cambusdoon New Ground,1,31.6,Scotland,Afghanistan,RM Haq,DR Lockhart,Samiullah Shenwari,4,0,,,,,,,,,
450498,2010,2010-08-16,Cambusdoon New Ground,1,31.7,Scotland,Afghanistan,RM Haq,DR Lockhart,Samiullah Shenwari,1,0,,,,,,,,,
450498,2010,2010-08-16,Cambusdoon New Ground,1,32.1,Scotland,Afghanistan,RM Haq,DR Lockhart,Asghar Stanikzai,1,0,,,,,,,,,
450498,2010,2010-08-16,Cambusdoon New Ground,1,32.2,Scotland,Afghanistan,DR Lockhart,RM Haq,Asghar Stanikzai,1,0,,,,,,,,,
450498,2010,2010-08-16,Cambusdoon New Ground,1,32.3,Scotland,Afghanistan,RM Haq,DR Lockhart,Asghar Stanikzai,0,0,,,,,,,,,
450498,2010,2010-08-16,Cambusdoon New Ground,1,32.4,Scotland,Afghanistan,RM Haq,DR Lockhart,Asghar Stanikzai,1,0,,,,,,,,,
450498,2010,2010-08-16,Cambusdoon New Ground,1,32.5,Scotland,Afghanistan,DR Lockhart,RM Haq,Asghar Stanikzai,0,0,,,,,,,,,
450498,2010,2010-08-16,Cambusdoon New Ground,1,32.6,Scotland,Afghanistan,DR Lockhart,RM Haq,Asghar Stanikzai,1,0,,,,,,,,,
450498,2010,2010-08-16,Cambusdoon New Ground,1,33.1,Scotland,Afghanistan,DR Lockhart,RM Haq,Samiullah Shenwari,0,0,,,,,,,,,
450498,2010,2010-08-16,Cambusdoon New Ground,1,33.2,Scotland,Afghanistan,DR Lockhart,RM Haq,Samiullah Shenwari,0,0,,,,,,,,,
450498,2010,2010-08-16,Cambusdoon New Ground,1,33.3,Scotland,Afghanistan,DR Lockhart,RM Haq,Samiullah Shenwari,0,0,,,,,,,,,
450498,2010,2010-08-16,Cambusdoon New Ground,1,33.4,Scotland,Afghanistan,DR Lockhart,RM Haq,Samiullah Shenwari,0,0,,,,,,,,,
450498,2010,2010-08-16,Cambusdoon New Ground,1,33.5,Scotland,Afghanistan,DR Lockhart,RM Haq,Samiullah Shenwari,0,0,,,,,,,,,
450498,2010,2010-08-16,Cambusdoon New Ground,1,33.6,Scotland,Afghanistan,DR Lockhart,RM Haq,Samiullah Shenwari,0,0,,,,,,,,,
450498,2010,2010-08-16,Cambusdoon New Ground,1,34.1,Scotland,Afghanistan,RM Haq,DR Lockhart,Mirwais Ashraf,0,0,,,,,,,,,
450498,2010,2010-08-16,Cambusdoon New Ground,1,34.2,Scotland,Afghanistan,RM Haq,DR Lockhart,Mirwais Ashraf,1,0,,,,,,,,,
450498,2010,2010-08-16,Cambusdoon New Ground,1,34.3,Scotland,Afghanistan,DR Lockhart,RM Haq,Mirwais Ashraf,0,0,,,,,,,,,
450498,2010,2010-08-16,Cambusdoon New Ground,1,34.4,Scotland,Afghanistan,DR Lockhart,RM Haq,Mirwais Ashraf,1,0,,,,,,,,,
450498,2010,2010-08-16,Cambusdoon New Ground,1,34.5,Scotland,Afghanistan,RM Haq,DR Lockhart,Mirwais Ashraf,0,0,,,,,,,,,
450498,2010,2010-08-16,Cambusdoon New Ground,1,34.6,Scotland,Afghanistan,RM Haq,DR Lockhart,Mirwais Ashraf,0,0,,,,,,,,,
450498,2010,2010-08-16,Cambusdoon New Ground,1,35.1,Scotland,Afghanistan,DR Lockhart,RM Haq,Samiullah Shenwari,1,0,,,,,,,,,
450498,2010,2010-08-16,Cambusdoon New Ground,1,35.2,Scotland,Afghanistan,RM Haq,DR Lockhart,Samiullah Shenwari,0,0,,,,,,,,,
450498,2010,2010-08-16,Cambusdoon New Ground,1,35.3,Scotland,Afghanistan,RM Haq,DR Lockhart,Samiullah Shenwari,1,0,,,,,,,,,
450498,2010,2010-08-16,Cambusdoon New Ground,1,35.4,Scotland,Afghanistan,DR Lockhart,RM Haq,Samiullah Shenwari,0,0,,,,,,,,,
450498,2010,2010-08-16,Cambusdoon New Ground,1,35.5,Scotland,Afghanistan,DR Lockhart,RM Haq,Samiullah Shenwari,1,0,,,,,,,,,
450498,2010,2010-08-16,Cambusdoon New Ground,1,35.6,Scotland,Afghanistan,RM Haq,DR Lockhart,Samiullah Shenwari,1,0,,,,,,,,,
450498,2010,2010-08-16,Cambusdoon New Ground,1,36.1,Scotland,Afghanistan,RM Haq,DR Lockhart,Mirwais Ashraf,0,0,,,,,,,,,
450498,2010,2010-08-16,Cambusdoon New Ground,1,36.2,Scotland,Afghanistan,RM Haq,DR Lockhart,Mirwais Ashraf,0,0,,,,,,,,,
450498,2010,2010-08-16,Cambusdoon New Ground,1,36.3,Scotland,Afghanistan,RM Haq,DR Lockhart,Mirwais Ashraf,1,0,,,,,,,,,
450498,2010,2010-08-16,Cambusdoon New Ground,1,36.4,Scotland,Afghanistan,DR Lockhart,RM Haq,Mirwais Ashraf,0,0,,,,,,,,,
450498,2010,2010-08-16,Cambusdoon New Ground,1,36.5,Scotland,Afghanistan,DR Lockhart,RM Haq,Mirwais Ashraf,4,0,,,,,,,,,
450498,2010,2010-08-16,Cambusdoon New Ground,1,36.6,Scotland,Afghanistan,DR Lockhart,RM Haq,Mirwais Ashraf,0,0,,,,,,,,,
450498,2010,2010-08-16,Cambusdoon New Ground,1,37.1,Scotland,Afghanistan,RM Haq,DR Lockhart,Samiullah Shenwari,0,0,,,,,,,,,
450498,2010,2010-08-16,Cambusdoon New Ground,1,37.2,Scotland,Afghanistan,RM Haq,DR Lockhart,Samiullah Shenwari,0,0,,,,,,caught,RM Haq,,
450498,2010,2010-08-16,Cambusdoon New Ground,1,37.3,Scotland,Afghanistan,MA Parker,DR Lockhart,Samiullah Shenwari,1,0,,,,,,,,,
450498,2010,2010-08-16,Cambusdoon New Ground,1,37.4,Scotland,Afghanistan,DR Lockhart,MA Parker,Samiullah Shenwari,1,0,,,,,,,,,
450498,2010,2010-08-16,Cambusdoon New Ground,1,37.5,Scotland,Afghanistan,MA Parker,DR Lockhart,Samiullah Shenwari,1,0,,,,,,,,,
450498,2010,2010-08-16,Cambusdoon New Ground,1,37.6,Scotland,Afghanistan,DR Lockhart,MA Parker,Samiullah Shenwari,0,0,,,,,,,,,
450498,2010,2010-08-16,Cambusdoon New Ground,1,38.1,Scotland,Afghanistan,MA Parker,DR Lockhart,Mirwais Ashraf,0,0,,,,,,,,,
450498,2010,2010-08-16,Cambusdoon New Ground,1,38.2,Scotland,Afghanistan,MA Parker,DR Lockhart,Mirwais Ashraf,2,0,,,,,,,,,
450498,2010,2010-08-16,Cambusdoon New Ground,1,38.3,Scotland,Afghanistan,MA Parker,DR Lockhart,Mirwais Ashraf,0,0,,,,,,,,,
450498,2010,2010-08-16,Cambusdoon New Ground,1,38.4,Scotland,Afghanistan,MA Parker,DR Lockhart,Mirwais Ashraf,0,0,,,,,,,,,
450498,2010,2010-08-16,Cambusdoon New Ground,1,38.5,Scotland,Afghanistan,MA Parker,DR Lockhart,Mirwais Ashraf,0,1,1,,,,,,,,
450498,2010,2010-08-16,Cambusdoon New Ground,1,38.6,Scotland,Afghanistan,MA Parker,DR Lockhart,Mirwais Ashraf,0,0,,,,,,,,,
450498,2010,2010-08-16,Cambusdoon New Ground,1,38.7,Scotland,Afghanistan,MA Parker,DR Lockhart,Mirwais Ashraf,1,0,,,,,,,,,
450498,2010,2010-08-16,Cambusdoon New Ground,1,39.1,Scotland,Afghanistan,MA Parker,DR Lockhart,Samiullah Shenwari,1,0,,,,,,,,,
450498,2010,2010-08-16,Cambusdoon New Ground,1,39.2,Scotland,Afghanistan,DR Lockhart,MA Parker,Samiullah Shenwari,0,0,,,,,,,,,
450498,2010,2010-08-16,Cambusdoon New Ground,1,39.3,Scotland,Afghanistan,DR Lockhart,MA Parker,Samiullah Shenwari,0,0,,,,,,,,,
450498,2010,2010-08-16,Cambusdoon New Ground,1,39.4,Scotland,Afghanistan,DR Lockhart,MA Parker,Samiullah Shenwari,0,0,,,,,,,,,
450498,2010,2010-08-16,Cambusdoon New Ground,1,39.5,Scotland,Afghanistan,DR Lockhart,MA Parker,Samiullah Shenwari,1,0,,,,,,,,,
450498,2010,2010-08-16,Cambusdoon New Ground,1,39.6,Scotland,Afghanistan,MA Parker,DR Lockhart,Samiullah Shenwari,1,0,,,,,,,,,
450498,2010,2010-08-16,Cambusdoon New Ground,1,40.1,Scotland,Afghanistan,MA Parker,DR Lockhart,Hamid Hassan,1,0,,,,,,,,,
450498,2010,2010-08-16,Cambusdoon New Ground,1,40.2,Scotland,Afghanistan,DR Lockhart,MA Parker,Hamid Hassan,0,0,,,,,,,,,
450498,2010,2010-08-16,Cambusdoon New Ground,1,40.3,Scotland,Afghanistan,DR Lockhart,MA Parker,Hamid Hassan,4,0,,,,,,,,,
450498,2010,2010-08-16,Cambusdoon New Ground,1,40.4,Scotland,Afghanistan,DR Lockhart,MA Parker,Hamid Hassan,1,0,,,,,,,,,
450498,2010,2010-08-16,Cambusdoon New Ground,1,40.5,Scotland,Afghanistan,MA Parker,DR Lockhart,Hamid Hassan,0,0,,,,,,,,,
450498,2010,2010-08-16,Cambusdoon New Ground,1,40.6,Scotland,Afghanistan,MA Parker,DR Lockhart,Hamid Hassan,2,0,,,,,,,,,
450498,2010,2010-08-16,Cambusdoon New Ground,1,41.1,Scotland,Afghanistan,DR Lockhart,MA Parker,Samiullah Shenwari,1,0,,,,,,,,,
450498,2010,2010-08-16,Cambusdoon New Ground,1,41.2,Scotland,Afghanistan,MA Parker,DR Lockhart,Samiullah Shenwari,0,0,,,,,,,,,
450498,2010,2010-08-16,Cambusdoon New Ground,1,41.3,Scotland,Afghanistan,MA Parker,DR Lockhart,Samiullah Shenwari,1,0,,,,,,,,,
450498,2010,2010-08-16,Cambusdoon New Ground,1,41.4,Scotland,Afghanistan,DR Lockhart,MA Parker,Samiullah Shenwari,0,0,,,,,,,,,
450498,2010,2010-08-16,Cambusdoon New Ground,1,41.5,Scotland,Afghanistan,DR Lockhart,MA Parker,Samiullah Shenwari,1,0,,,,,,,,,
450498,2010,2010-08-16,Cambusdoon New Ground,1,41.6,Scotland,Afghanistan,MA Parker,DR Lockhart,Samiullah Shenwari,1,0,,,,,,,,,
450498,2010,2010-08-16,Cambusdoon New Ground,1,42.1,Scotland,Afghanistan,MA Parker,DR Lockhart,Hamid Hassan,0,0,,,,,,,,,
450498,2010,2010-08-16,Cambusdoon New Ground,1,42.2,Scotland,Afghanistan,MA Parker,DR Lockhart,Hamid Hassan,1,0,,,,,,,,,
450498,2010,2010-08-16,Cambusdoon New Ground,1,42.3,Scotland,Afghanistan,DR Lockhart,MA Parker,Hamid Hassan,0,0,,,,,,,,,
450498,2010,2010-08-16,Cambusdoon New Ground,1,42.4,Scotland,Afghanistan,DR Lockhart,MA Parker,Hamid Hassan,0,0,,,,,,,,,
450498,2010,2010-08-16,Cambusdoon New Ground,1,42.5,Scotland,Afghanistan,DR Lockhart,MA Parker,Hamid Hassan,2,0,,,,,,,,,
450498,2010,2010-08-16,Cambusdoon New Ground,1,42.6,Scotland,Afghanistan,DR Lockhart,MA Parker,Hamid Hassan,1,0,,,,,,,,,
450498,2010,2010-08-16,Cambusdoon New Ground,1,43.1,Scotland,Afghanistan,DR Lockhart,MA Parker,Shapoor Zadran,1,0,,,,,,,,,
450498,2010,2010-08-16,Cambusdoon New Ground,1,43.2,Scotland,Afghanistan,MA Parker,DR Lockhart,Shapoor Zadran,0,0,,,,,,,,,
450498,2010,2010-08-16,Cambusdoon New Ground,1,43.3,Scotland,Afghanistan,MA Parker,DR Lockhart,Shapoor Zadran,4,0,,,,,,,,,
450498,2010,2010-08-16,Cambusdoon New Ground,1,43.4,Scotland,Afghanistan,MA Parker,DR Lockhart,Shapoor Zadran,0,0,,,,,,caught,MA Parker,,
450498,2010,2010-08-16,Cambusdoon New Ground,1,43.5,Scotland,Afghanistan,GD Drummond,DR Lockhart,Shapoor Zadran,5,0,,,,,,,,,
450498,2010,2010-08-16,Cambusdoon New Ground,1,43.6,Scotland,Afghanistan,DR Lockhart,GD Drummond,Shapoor Zadran,0,0,,,,,,,,,
450498,2010,2010-08-16,Cambusdoon New Ground,1,44.1,Scotland,Afghanistan,GD Drummond,DR Lockhart,Hamid Hassan,1,0,,,,,,,,,
450498,2010,2010-08-16,Cambusdoon New Ground,1,44.2,Scotland,Afghanistan,DR Lockhart,GD Drummond,Hamid Hassan,0,0,,,,,,,,,
450498,2010,2010-08-16,Cambusdoon New Ground,1,44.3,Scotland,Afghanistan,DR Lockhart,GD Drummond,Hamid Hassan,1,0,,,,,,,,,
450498,2010,2010-08-16,Cambusdoon New Ground,1,44.4,Scotland,Afghanistan,GD Drummond,DR Lockhart,Hamid Hassan,1,0,,,,,,run out,DR Lockhart,,
450498,2010,2010-08-16,Cambusdoon New Ground,1,44.5,Scotland,Afghanistan,GD Drummond,JD Nel,Hamid Hassan,1,0,,,,,,,,,
450498,2010,2010-08-16,Cambusdoon New Ground,1,44.6,Scotland,Afghanistan,JD Nel,GD Drummond,Hamid Hassan,0,0,,,,,,,,,
450498,2010,2010-08-16,Cambusdoon New Ground,1,45.1,Scotland,Afghanistan,GD Drummond,JD Nel,Shapoor Zadran,0,0,,,,,,,,,
450498,2010,2010-08-16,Cambusdoon New Ground,1,45.2,Scotland,Afghanistan,GD Drummond,JD Nel,Shapoor Zadran,0,0,,,,,,,,,
450498,2010,2010-08-16,Cambusdoon New Ground,1,45.3,Scotland,Afghanistan,GD Drummond,JD Nel,Shapoor Zadran,0,0,,,,,,,,,
450498,2010,2010-08-16,Cambusdoon New Ground,1,45.4,Scotland,Afghanistan,GD Drummond,JD Nel,Shapoor Zadran,4,0,,,,,,,,,
450498,2010,2010-08-16,Cambusdoon New Ground,1,45.5,Scotland,Afghanistan,GD Drummond,JD Nel,Shapoor Zadran,4,0,,,,,,,,,
450498,2010,2010-08-16,Cambusdoon New Ground,1,45.6,Scotland,Afghanistan,GD Drummond,JD Nel,Shapoor Zadran,0,0,,,,,,,,,
450498,2010,2010-08-16,Cambusdoon New Ground,1,46.1,Scotland,Afghanistan,JD Nel,GD Drummond,Hamid Hassan,1,0,,,,,,,,,
450498,2010,2010-08-16,Cambusdoon New Ground,1,46.2,Scotland,Afghanistan,GD Drummond,JD Nel,Hamid Hassan,1,0,,,,,,,,,
450498,2010,2010-08-16,Cambusdoon New Ground,1,46.3,Scotland,Afghanistan,JD Nel,GD Drummond,Hamid Hassan,0,0,,,,,,,,,
450498,2010,2010-08-16,Cambusdoon New Ground,1,46.4,Scotland,Afghanistan,JD Nel,GD Drummond,Hamid Hassan,2,0,,,,,,,,,
450498,2010,2010-08-16,Cambusdoon New Ground,1,46.5,Scotland,Afghanistan,JD Nel,GD Drummond,Hamid Hassan,0,0,,,,,,,,,
450498,2010,2010-08-16,Cambusdoon New Ground,1,46.6,Scotland,Afghanistan,JD Nel,GD Drummond,Hamid Hassan,1,0,,,,,,,,,
450498,2010,2010-08-16,Cambusdoon New Ground,1,47.1,Scotland,Afghanistan,JD Nel,GD Drummond,Shapoor Zadran,0,0,,,,,,,,,
450498,2010,2010-08-16,Cambusdoon New Ground,1,47.2,Scotland,Afghanistan,JD Nel,GD Drummond,Shapoor Zadran,0,0,,,,,,,,,
450498,2010,2010-08-16,Cambusdoon New Ground,1,47.3,Scotland,Afghanistan,JD Nel,GD Drummond,Shapoor Zadran,0,2,,,,2,,,,,
450498,2010,2010-08-16,Cambusdoon New Ground,1,47.4,Scotland,Afghanistan,JD Nel,GD Drummond,Shapoor Zadran,0,0,,,,,,,,,
450498,2010,2010-08-16,Cambusdoon New Ground,1,47.5,Scotland,Afghanistan,JD Nel,GD Drummond,Shapoor Zadran,4,0,,,,,,,,,
450498,2010,2010-08-16,Cambusdoon New Ground,1,47.6,Scotland,Afghanistan,JD Nel,GD Drummond,Shapoor Zadran,0,0,,,,,,,,,
450498,2010,2010-08-16,Cambusdoon New Ground,1,48.1,Scotland,Afghanistan,GD Drummond,JD Nel,Hamid Hassan,1,0,,,,,,,,,
450498,2010,2010-08-16,Cambusdoon New Ground,1,48.2,Scotland,Afghanistan,JD Nel,GD Drummond,Hamid Hassan,1,0,,,,,,,,,
450498,2010,2010-08-16,Cambusdoon New Ground,1,48.3,Scotland,Afghanistan,GD Drummond,JD Nel,Hamid Hassan,1,0,,,,,,,,,
450498,2010,2010-08-16,Cambusdoon New Ground,1,48.4,Scotland,Afghanistan,JD Nel,GD Drummond,Hamid Hassan,0,0,,,,,,,,,
450498,2010,2010-08-16,Cambusdoon New Ground,1,48.5,Scotland,Afghanistan,JD Nel,GD Drummond,Hamid Hassan,0,0,,,,,,,,,
450498,2010,2010-08-16,Cambusdoon New Ground,1,48.6,Scotland,Afghanistan,JD Nel,GD Drummond,Hamid Hassan,0,0,,,,,,,,,
450498,2010,2010-08-16,Cambusdoon New Ground,1,49.1,Scotland,Afghanistan,GD Drummond,JD Nel,Shapoor Zadran,6,0,,,,,,,,,
450498,2010,2010-08-16,Cambusdoon New Ground,1,49.2,Scotland,Afghanistan,GD Drummond,JD Nel,Shapoor Zadran,1,0,,,,,,,,,
450498,2010,2010-08-16,Cambusdoon New Ground,1,49.3,Scotland,Afghanistan,JD Nel,GD Drummond,Shapoor Zadran,1,0,,,,,,,,,
450498,2010,2010-08-16,Cambusdoon New Ground,1,49.4,Scotland,Afghanistan,GD Drummond,JD Nel,Shapoor Zadran,2,0,,,,,,,,,
450498,2010,2010-08-16,Cambusdoon New Ground,1,49.5,Scotland,Afghanistan,GD Drummond,JD Nel,Shapoor Zadran,6,0,,,,,,,,,
450498,2010,2010-08-16,Cambusdoon New Ground,1,49.6,Scotland,Afghanistan,GD Drummond,JD Nel,Shapoor Zadran,1,1,,1,,,,,,,
450498,2010,2010-08-16,Cambusdoon New Ground,1,49.7,Scotland,Afghanistan,JD Nel,GD Drummond,Shapoor Zadran,1,1,,1,,,,,,,
450498,2010,2010-08-16,Cambusdoon New Ground,1,49.8,Scotland,Afghanistan,GD Drummond,JD Nel,Shapoor Zadran,0,1,,,1,,,,,,
450498,2010,2010-08-16,Cambusdoon New Ground,2,0.1,Afghanistan,Scotland,Noor Ali Zadran,Karim Sadiq,JD Nel,0,0,,,,,,,,,
450498,2010,2010-08-16,Cambusdoon New Ground,2,0.2,Afghanistan,Scotland,Noor Ali Zadran,Karim Sadiq,JD Nel,3,0,,,,,,,,,
450498,2010,2010-08-16,Cambusdoon New Ground,2,0.3,Afghanistan,Scotland,Karim Sadiq,Noor Ali Zadran,JD Nel,1,0,,,,,,,,,
450498,2010,2010-08-16,Cambusdoon New Ground,2,0.4,Afghanistan,Scotland,Noor Ali Zadran,Karim Sadiq,JD Nel,0,0,,,,,,,,,
450498,2010,2010-08-16,Cambusdoon New Ground,2,0.5,Afghanistan,Scotland,Noor Ali Zadran,Karim Sadiq,JD Nel,3,0,,,,,,,,,
450498,2010,2010-08-16,Cambusdoon New Ground,2,0.6,Afghanistan,Scotland,Karim Sadiq,Noor Ali Zadran,JD Nel,0,0,,,,,,,,,
450498,2010,2010-08-16,Cambusdoon New Ground,2,1.1,Afghanistan,Scotland,Noor Ali Zadran,Karim Sadiq,MA Parker,0,0,,,,,,,,,
450498,2010,2010-08-16,Cambusdoon New Ground,2,1.2,Afghanistan,Scotland,Noor Ali Zadran,Karim Sadiq,MA Parker,0,0,,,,,,lbw,Noor Ali Zadran,,
450498,2010,2010-08-16,Cambusdoon New Ground,2,1.3,Afghanistan,Scotland,Mohammad Shahzad,Karim Sadiq,MA Parker,1,0,,,,,,,,,
450498,2010,2010-08-16,Cambusdoon New Ground,2,1.4,Afghanistan,Scotland,Karim Sadiq,Mohammad Shahzad,MA Parker,4,0,,,,,,,,,
450498,2010,2010-08-16,Cambusdoon New Ground,2,1.5,Afghanistan,Scotland,Karim Sadiq,Mohammad Shahzad,MA Parker,0,1,,,,1,,,,,
450498,2010,2010-08-16,Cambusdoon New Ground,2,1.6,Afghanistan,Scotland,Mohammad Shahzad,Karim Sadiq,MA Parker,0,0,,,,,,,,,
450498,2010,2010-08-16,Cambusdoon New Ground,2,2.1,Afghanistan,Scotland,Karim Sadiq,Mohammad Shahzad,JD Nel,1,0,,,,,,,,,
450498,2010,2010-08-16,Cambusdoon New Ground,2,2.2,Afghanistan,Scotland,Mohammad Shahzad,Karim Sadiq,JD Nel,0,0,,,,,,,,,
450498,2010,2010-08-16,Cambusdoon New Ground,2,2.3,Afghanistan,Scotland,Mohammad Shahzad,Karim Sadiq,JD Nel,0,0,,,,,,,,,
450498,2010,2010-08-16,Cambusdoon New Ground,2,2.4,Afghanistan,Scotland,Mohammad Shahzad,Karim Sadiq,JD Nel,0,0,,,,,,,,,
450498,2010,2010-08-16,Cambusdoon New Ground,2,2.5,Afghanistan,Scotland,Mohammad Shahzad,Karim Sadiq,JD Nel,4,0,,,,,,,,,
450498,2010,2010-08-16,Cambusdoon New Ground,2,2.6,Afghanistan,Scotland,Mohammad Shahzad,Karim Sadiq,JD Nel,0,0,,,,,,,,,
450498,2010,2010-08-16,Cambusdoon New Ground,2,3.1,Afghanistan,Scotland,Karim Sadiq,Mohammad Shahzad,MA Parker,4,0,,,,,,,,,
450498,2010,2010-08-16,Cambusdoon New Ground,2,3.2,Afghanistan,Scotland,Karim Sadiq,Mohammad Shahzad,MA Parker,4,0,,,,,,,,,
450498,2010,2010-08-16,Cambusdoon New Ground,2,3.3,Afghanistan,Scotland,Karim Sadiq,Mohammad Shahzad,MA Parker,2,0,,,,,,,,,
450498,2010,2010-08-16,Cambusdoon New Ground,2,3.4,Afghanistan,Scotland,Karim Sadiq,Mohammad Shahzad,MA Parker,0,0,,,,,,,,,
450498,2010,2010-08-16,Cambusdoon New Ground,2,3.5,Afghanistan,Scotland,Karim Sadiq,Mohammad Shahzad,MA Parker,0,1,,,,1,,,,,
450498,2010,2010-08-16,Cambusdoon New Ground,2,3.6,Afghanistan,Scotland,Mohammad Shahzad,Karim Sadiq,MA Parker,0,0,,,,,,,,,
450498,2010,2010-08-16,Cambusdoon New Ground,2,4.1,Afghanistan,Scotland,Karim Sadiq,Mohammad Shahzad,JD Nel,4,0,,,,,,,,,
450498,2010,2010-08-16,Cambusdoon New Ground,2,4.2,Afghanistan,Scotland,Karim Sadiq,Mohammad Shahzad,JD Nel,2,0,,,,,,,,,
450498,2010,2010-08-16,Cambusdoon New Ground,2,4.3,Afghanistan,Scotland,Karim Sadiq,Mohammad Shahzad,JD Nel,0,0,,,,,,,,,
450498,2010,2010-08-16,Cambusdoon New Ground,2,4.4,Afghanistan,Scotland,Karim Sadiq,Mohammad Shahzad,JD Nel,1,0,,,,,,,,,
450498,2010,2010-08-16,Cambusdoon New Ground,2,4.5,Afghanistan,Scotland,Mohammad Shahzad,Karim Sadiq,JD Nel,4,0,,,,,,,,,
450498,2010,2010-08-16,Cambusdoon New Ground,2,4.6,Afghanistan,Scotland,Mohammad Shahzad,Karim Sadiq,JD Nel,4,0,,,,,,,,,
450498,2010,2010-08-16,Cambusdoon New Ground,2,5.1,Afghanistan,Scotland,Karim Sadiq,Mohammad Shahzad,MA Parker,1,0,,,,,,,,,
450498,2010,2010-08-16,Cambusdoon New Ground,2,5.2,Afghanistan,Scotland,Mohammad Shahzad,Karim Sadiq,MA Parker,4,0,,,,,,,,,
450498,2010,2010-08-16,Cambusdoon New Ground,2,5.3,Afghanistan,Scotland,Mohammad Shahzad,Karim Sadiq,MA Parker,4,0,,,,,,,,,
450498,2010,2010-08-16,Cambusdoon New Ground,2,5.4,Afghanistan,Scotland,Mohammad Shahzad,Karim Sadiq,MA Parker,0,0,,,,,,,,,
450498,2010,2010-08-16,Cambusdoon New Ground,2,5.5,Afghanistan,Scotland,Mohammad Shahzad,Karim Sadiq,MA Parker,2,0,,,,,,,,,
450498,2010,2010-08-16,Cambusdoon New Ground,2,5.6,Afghanistan,Scotland,Mohammad Shahzad,Karim Sadiq,MA Parker,2,0,,,,,,,,,
450498,2010,2010-08-16,Cambusdoon New Ground,2,6.1,Afghanistan,Scotland,Karim Sadiq,Mohammad Shahzad,RD Berrington,0,0,,,,,,,,,
450498,2010,2010-08-16,Cambusdoon New Ground,2,6.2,Afghanistan,Scotland,Karim Sadiq,Mohammad Shahzad,RD Berrington,0,0,,,,,,,,,
450498,2010,2010-08-16,Cambusdoon New Ground,2,6.3,Afghanistan,Scotland,Karim Sadiq,Mohammad Shahzad,RD Berrington,4,0,,,,,,,,,
450498,2010,2010-08-16,Cambusdoon New Ground,2,6.4,Afghanistan,Scotland,Karim Sadiq,Mohammad Shahzad,RD Berrington,4,0,,,,,,,,,
450498,2010,2010-08-16,Cambusdoon New Ground,2,6.5,Afghanistan,Scotland,Karim Sadiq,Mohammad Shahzad,RD Berrington,0,0,,,,,,,,,
450498,2010,2010-08-16,Cambusdoon New Ground,2,6.6,Afghanistan,Scotland,Karim Sadiq,Mohammad Shahzad,RD Berrington,0,0,,,,,,,,,
450498,2010,2010-08-16,Cambusdoon New Ground,2,7.1,Afghanistan,Scotland,Mohammad Shahzad,Karim Sadiq,GD Drummond,0,0,,,,,,,,,
450498,2010,2010-08-16,Cambusdoon New Ground,2,7.2,Afghanistan,Scotland,Mohammad Shahzad,Karim Sadiq,GD Drummond,0,0,,,,,,,,,
450498,2010,2010-08-16,Cambusdoon New Ground,2,7.3,Afghanistan,Scotland,Mohammad Shahzad,Karim Sadiq,GD Drummond,0,0,,,,,,,,,
450498,2010,2010-08-16,Cambusdoon New Ground,2,7.4,Afghanistan,Scotland,Mohammad Shahzad,Karim Sadiq,GD Drummond,0,0,,,,,,,,,
450498,2010,2010-08-16,Cambusdoon New Ground,2,7.5,Afghanistan,Scotland,Mohammad Shahzad,Karim Sadiq,GD Drummond,1,0,,,,,,,,,
450498,2010,2010-08-16,Cambusdoon New Ground,2,7.6,Afghanistan,Scotland,Karim Sadiq,Mohammad Shahzad,GD Drummond,0,0,,,,,,,,,
450498,2010,2010-08-16,Cambusdoon New Ground,2,8.1,Afghanistan,Scotland,Mohammad Shahzad,Karim Sadiq,RD Berrington,0,0,,,,,,,,,
450498,2010,2010-08-16,Cambusdoon New Ground,2,8.2,Afghanistan,Scotland,Mohammad Shahzad,Karim Sadiq,RD Berrington,4,0,,,,,,,,,
450498,2010,2010-08-16,Cambusdoon New Ground,2,8.3,Afghanistan,Scotland,Mohammad Shahzad,Karim Sadiq,RD Berrington,1,0,,,,,,,,,
450498,2010,2010-08-16,Cambusdoon New Ground,2,8.4,Afghanistan,Scotland,Karim Sadiq,Mohammad Shahzad,RD Berrington,0,0,,,,,,,,,
450498,2010,2010-08-16,Cambusdoon New Ground,2,8.5,Afghanistan,Scotland,Karim Sadiq,Mohammad Shahzad,RD Berrington,0,0,,,,,,,,,
450498,2010,2010-08-16,Cambusdoon New Ground,2,8.6,Afghanistan,Scotland,Karim Sadiq,Mohammad Shahzad,RD Berrington,4,0,,,,,,,,,
450498,2010,2010-08-16,Cambusdoon New Ground,2,9.1,Afghanistan,Scotland,Mohammad Shahzad,Karim Sadiq,GD Drummond,0,0,,,,,,,,,
450498,2010,2010-08-16,Cambusdoon New Ground,2,9.2,Afghanistan,Scotland,Mohammad Shahzad,Karim Sadiq,GD Drummond,4,0,,,,,,,,,
450498,2010,2010-08-16,Cambusdoon New Ground,2,9.3,Afghanistan,Scotland,Mohammad Shahzad,Karim Sadiq,GD Drummond,2,0,,,,,,,,,
450498,2010,2010-08-16,Cambusdoon New Ground,2,9.4,Afghanistan,Scotland,Mohammad Shahzad,Karim Sadiq,GD Drummond,1,0,,,,,,,,,
450498,2010,2010-08-16,Cambusdoon New Ground,2,9.5,Afghanistan,Scotland,Karim Sadiq,Mohammad Shahzad,GD Drummond,0,1,,,,1,,,,,
450498,2010,2010-08-16,Cambusdoon New Ground,2,9.6,Afghanistan,Scotland,Mohammad Shahzad,Karim Sadiq,GD Drummond,0,0,,,,,,,,,
450498,2010,2010-08-16,Cambusdoon New Ground,2,10.1,Afghanistan,Scotland,Karim Sadiq,Mohammad Shahzad,RM Haq,1,0,,,,,,,,,
450498,2010,2010-08-16,Cambusdoon New Ground,2,10.2,Afghanistan,Scotland,Mohammad Shahzad,Karim Sadiq,RM Haq,1,0,,,,,,,,,
450498,2010,2010-08-16,Cambusdoon New Ground,2,10.3,Afghanistan,Scotland,Karim Sadiq,Mohammad Shahzad,RM Haq,0,0,,,,,,,,,
450498,2010,2010-08-16,Cambusdoon New Ground,2,10.4,Afghanistan,Scotland,Karim Sadiq,Mohammad Shahzad,RM Haq,1,0,,,,,,,,,
450498,2010,2010-08-16,Cambusdoon New Ground,2,10.5,Afghanistan,Scotland,Mohammad Shahzad,Karim Sadiq,RM Haq,1,0,,,,,,,,,
450498,2010,2010-08-16,Cambusdoon New Ground,2,10.6,Afghanistan,Scotland,Karim Sadiq,Mohammad Shahzad,RM Haq,1,0,,,,,,,,,
450498,2010,2010-08-16,Cambusdoon New Ground,2,11.1,Afghanistan,Scotland,Karim Sadiq,Mohammad Shahzad,GD Drummond,0,0,,,,,,,,,
450498,2010,2010-08-16,Cambusdoon New Ground,2,11.2,Afghanistan,Scotland,Karim Sadiq,Mohammad Shahzad,GD Drummond,0,1,1,,,,,,,,
450498,2010,2010-08-16,Cambusdoon New Ground,2,11.3,Afghanistan,Scotland,Karim Sadiq,Mohammad Shahzad,GD Drummond,0,0,,,,,,,,,
450498,2010,2010-08-16,Cambusdoon New Ground,2,11.4,Afghanistan,Scotland,Karim Sadiq,Mohammad Shahzad,GD Drummond,1,0,,,,,,,,,
450498,2010,2010-08-16,Cambusdoon New Ground,2,11.5,Afghanistan,Scotland,Mohammad Shahzad,Karim Sadiq,GD Drummond,0,0,,,,,,,,,
450498,2010,2010-08-16,Cambusdoon New Ground,2,11.6,Afghanistan,Scotland,Mohammad Shahzad,Karim Sadiq,GD Drummond,0,0,,,,,,,,,
450498,2010,2010-08-16,Cambusdoon New Ground,2,11.7,Afghanistan,Scotland,Mohammad Shahzad,Karim Sadiq,GD Drummond,4,0,,,,,,,,,
450498,2010,2010-08-16,Cambusdoon New Ground,2,12.1,Afghanistan,Scotland,Karim Sadiq,Mohammad Shahzad,RM Haq,0,0,,,,,,,,,
450498,2010,2010-08-16,Cambusdoon New Ground,2,12.2,Afghanistan,Scotland,Karim Sadiq,Mohammad Shahzad,RM Haq,1,0,,,,,,,,,
450498,2010,2010-08-16,Cambusdoon New Ground,2,12.3,Afghanistan,Scotland,Mohammad Shahzad,Karim Sadiq,RM Haq,1,0,,,,,,,,,
450498,2010,2010-08-16,Cambusdoon New Ground,2,12.4,Afghanistan,Scotland,Karim Sadiq,Mohammad Shahzad,RM Haq,0,0,,,,,,,,,
450498,2010,2010-08-16,Cambusdoon New Ground,2,12.5,Afghanistan,Scotland,Karim Sadiq,Mohammad Shahzad,RM Haq,2,0,,,,,,,,,
450498,2010,2010-08-16,Cambusdoon New Ground,2,12.6,Afghanistan,Scotland,Karim Sadiq,Mohammad Shahzad,RM Haq,0,0,,,,,,,,,
450498,2010,2010-08-16,Cambusdoon New Ground,2,13.1,Afghanistan,Scotland,Mohammad Shahzad,Karim Sadiq,GD Drummond,1,0,,,,,,,,,
450498,2010,2010-08-16,Cambusdoon New Ground,2,13.2,Afghanistan,Scotland,Karim Sadiq,Mohammad Shahzad,GD Drummond,0,0,,,,,,,,,
450498,2010,2010-08-16,Cambusdoon New Ground,2,13.3,Afghanistan,Scotland,Karim Sadiq,Mohammad Shahzad,GD Drummond,1,0,,,,,,,,,
450498,2010,2010-08-16,Cambusdoon New Ground,2,13.4,Afghanistan,Scotland,Mohammad Shahzad,Karim Sadiq,GD Drummond,1,0,,,,,,,,,
450498,2010,2010-08-16,Cambusdoon New Ground,2,13.5,Afghanistan,Scotland,Karim Sadiq,Mohammad Shahzad,GD Drummond,1,0,,,,,,,,,
450498,2010,2010-08-16,Cambusdoon New Ground,2,13.6,Afghanistan,Scotland,Mohammad Shahzad,Karim Sadiq,GD Drummond,0,0,,,,,,,,,
450498,2010,2010-08-16,Cambusdoon New Ground,2,14.1,Afghanistan,Scotland,Karim Sadiq,Mohammad Shahzad,RM Haq,0,0,,,,,,,,,
450498,2010,2010-08-16,Cambusdoon New Ground,2,14.2,Afghanistan,Scotland,Karim Sadiq,Mohammad Shahzad,RM Haq,0,0,,,,,,,,,
450498,2010,2010-08-16,Cambusdoon New Ground,2,14.3,Afghanistan,Scotland,Karim Sadiq,Mohammad Shahzad,RM Haq,0,0,,,,,,,,,
450498,2010,2010-08-16,Cambusdoon New Ground,2,14.4,Afghanistan,Scotland,Karim Sadiq,Mohammad Shahzad,RM Haq,0,0,,,,,,,,,
450498,2010,2010-08-16,Cambusdoon New Ground,2,14.5,Afghanistan,Scotland,Karim Sadiq,Mohammad Shahzad,RM Haq,0,0,,,,,,,,,
450498,2010,2010-08-16,Cambusdoon New Ground,2,14.6,Afghanistan,Scotland,Karim Sadiq,Mohammad Shahzad,RM Haq,1,0,,,,,,,,,
450498,2010,2010-08-16,Cambusdoon New Ground,2,15.1,Afghanistan,Scotland,Karim Sadiq,Mohammad Shahzad,GD Drummond,1,0,,,,,,,,,
450498,2010,2010-08-16,Cambusdoon New Ground,2,15.2,Afghanistan,Scotland,Mohammad Shahzad,Karim Sadiq,GD Drummond,2,0,,,,,,,,,
450498,2010,2010-08-16,Cambusdoon New Ground,2,15.3,Afghanistan,Scotland,Mohammad Shahzad,Karim Sadiq,GD Drummond,1,0,,,,,,,,,
450498,2010,2010-08-16,Cambusdoon New Ground,2,15.4,Afghanistan,Scotland,Karim Sadiq,Mohammad Shahzad,GD Drummond,2,0,,,,,,,,,
450498,2010,2010-08-16,Cambusdoon New Ground,2,15.5,Afghanistan,Scotland,Karim Sadiq,Mohammad Shahzad,GD Drummond,0,0,,,,,,,,,
450498,2010,2010-08-16,Cambusdoon New Ground,2,15.6,Afghanistan,Scotland,Karim Sadiq,Mohammad Shahzad,GD Drummond,0,0,,,,,,,,,
450498,2010,2010-08-16,Cambusdoon New Ground,2,16.1,Afghanistan,Scotland,Mohammad Shahzad,Karim Sadiq,RM Haq,1,0,,,,,,,,,
450498,2010,2010-08-16,Cambusdoon New Ground,2,16.2,Afghanistan,Scotland,Karim Sadiq,Mohammad Shahzad,RM Haq,0,0,,,,,,,,,
450498,2010,2010-08-16,Cambusdoon New Ground,2,16.3,Afghanistan,Scotland,Karim Sadiq,Mohammad Shahzad,RM Haq,0,0,,,,,,,,,
450498,2010,2010-08-16,Cambusdoon New Ground,2,16.4,Afghanistan,Scotland,Karim Sadiq,Mohammad Shahzad,RM Haq,0,0,,,,,,,,,
450498,2010,2010-08-16,Cambusdoon New Ground,2,16.5,Afghanistan,Scotland,Karim Sadiq,Mohammad Shahzad,RM Haq,0,0,,,,,,,,,
450498,2010,2010-08-16,Cambusdoon New Ground,2,16.6,Afghanistan,Scotland,Karim Sadiq,Mohammad Shahzad,RM Haq,0,0,,,,,,,,,
450498,2010,2010-08-16,Cambusdoon New Ground,2,17.1,Afghanistan,Scotland,Mohammad Shahzad,Karim Sadiq,GD Drummond,2,0,,,,,,,,,
450498,2010,2010-08-16,Cambusdoon New Ground,2,17.2,Afghanistan,Scotland,Mohammad Shahzad,Karim Sadiq,GD Drummond,1,0,,,,,,,,,
450498,2010,2010-08-16,Cambusdoon New Ground,2,17.3,Afghanistan,Scotland,Karim Sadiq,Mohammad Shahzad,GD Drummond,1,0,,,,,,,,,
450498,2010,2010-08-16,Cambusdoon New Ground,2,17.4,Afghanistan,Scotland,Mohammad Shahzad,Karim Sadiq,GD Drummond,0,0,,,,,,,,,
450498,2010,2010-08-16,Cambusdoon New Ground,2,17.5,Afghanistan,Scotland,Mohammad Shahzad,Karim Sadiq,GD Drummond,1,0,,,,,,,,,
450498,2010,2010-08-16,Cambusdoon New Ground,2,17.6,Afghanistan,Scotland,Karim Sadiq,Mohammad Shahzad,GD Drummond,1,0,,,,,,,,,
450498,2010,2010-08-16,Cambusdoon New Ground,2,18.1,Afghanistan,Scotland,Karim Sadiq,Mohammad Shahzad,RM Haq,0,0,,,,,,,,,
450498,2010,2010-08-16,Cambusdoon New Ground,2,18.2,Afghanistan,Scotland,Karim Sadiq,Mohammad Shahzad,RM Haq,0,0,,,,,,,,,
450498,2010,2010-08-16,Cambusdoon New Ground,2,18.3,Afghanistan,Scotland,Karim Sadiq,Mohammad Shahzad,RM Haq,0,0,,,,,,,,,
450498,2010,2010-08-16,Cambusdoon New Ground,2,18.4,Afghanistan,Scotland,Karim Sadiq,Mohammad Shahzad,RM Haq,1,0,,,,,,,,,
450498,2010,2010-08-16,Cambusdoon New Ground,2,18.5,Afghanistan,Scotland,Mohammad Shahzad,Karim Sadiq,RM Haq,1,0,,,,,,,,,
450498,2010,2010-08-16,Cambusdoon New Ground,2,18.6,Afghanistan,Scotland,Karim Sadiq,Mohammad Shahzad,RM Haq,1,0,,,,,,,,,
450498,2010,2010-08-16,Cambusdoon New Ground,2,19.1,Afghanistan,Scotland,Karim Sadiq,Mohammad Shahzad,MM Iqbal,0,0,,,,,,,,,
450498,2010,2010-08-16,Cambusdoon New Ground,2,19.2,Afghanistan,Scotland,Karim Sadiq,Mohammad Shahzad,MM Iqbal,2,0,,,,,,,,,
450498,2010,2010-08-16,Cambusdoon New Ground,2,19.3,Afghanistan,Scotland,Karim Sadiq,Mohammad Shahzad,MM Iqbal,1,0,,,,,,,,,
450498,2010,2010-08-16,Cambusdoon New Ground,2,19.4,Afghanistan,Scotland,Mohammad Shahzad,Karim Sadiq,MM Iqbal,0,0,,,,,,,,,
450498,2010,2010-08-16,Cambusdoon New Ground,2,19.5,Afghanistan,Scotland,Mohammad Shahzad,Karim Sadiq,MM Iqbal,1,0,,,,,,,,,
450498,2010,2010-08-16,Cambusdoon New Ground,2,19.6,Afghanistan,Scotland,Karim Sadiq,Mohammad Shahzad,MM Iqbal,0,0,,,,,,,,,
450498,2010,2010-08-16,Cambusdoon New Ground,2,20.1,Afghanistan,Scotland,Mohammad Shahzad,Karim Sadiq,RM Haq,0,0,,,,,,,,,
450498,2010,2010-08-16,Cambusdoon New Ground,2,20.2,Afghanistan,Scotland,Mohammad Shahzad,Karim Sadiq,RM Haq,4,0,,,,,,,,,
450498,2010,2010-08-16,Cambusdoon New Ground,2,20.3,Afghanistan,Scotland,Mohammad Shahzad,Karim Sadiq,RM Haq,1,0,,,,,,,,,
450498,2010,2010-08-16,Cambusdoon New Ground,2,20.4,Afghanistan,Scotland,Karim Sadiq,Mohammad Shahzad,RM Haq,0,0,,,,,,,,,
450498,2010,2010-08-16,Cambusdoon New Ground,2,20.5,Afghanistan,Scotland,Karim Sadiq,Mohammad Shahzad,RM Haq,6,0,,,,,,,,,
450498,2010,2010-08-16,Cambusdoon New Ground,2,20.6,Afghanistan,Scotland,Karim Sadiq,Mohammad Shahzad,RM Haq,1,0,,,,,,,,,
450498,2010,2010-08-16,Cambusdoon New Ground,2,21.1,Afghanistan,Scotland,Karim Sadiq,Mohammad Shahzad,MM Iqbal,1,0,,,,,,,,,
450498,2010,2010-08-16,Cambusdoon New Ground,2,21.2,Afghanistan,Scotland,Mohammad Shahzad,Karim Sadiq,MM Iqbal,1,0,,,,,,,,,
450498,2010,2010-08-16,Cambusdoon New Ground,2,21.3,Afghanistan,Scotland,Karim Sadiq,Mohammad Shahzad,MM Iqbal,0,0,,,,,,,,,
450498,2010,2010-08-16,Cambusdoon New Ground,2,21.4,Afghanistan,Scotland,Karim Sadiq,Mohammad Shahzad,MM Iqbal,1,0,,,,,,,,,
450498,2010,2010-08-16,Cambusdoon New Ground,2,21.5,Afghanistan,Scotland,Mohammad Shahzad,Karim Sadiq,MM Iqbal,1,0,,,,,,,,,
450498,2010,2010-08-16,Cambusdoon New Ground,2,21.6,Afghanistan,Scotland,Karim Sadiq,Mohammad Shahzad,MM Iqbal,1,0,,,,,,,,,
450498,2010,2010-08-16,Cambusdoon New Ground,2,22.1,Afghanistan,Scotland,Karim Sadiq,Mohammad Shahzad,RM Haq,0,0,,,,,,,,,
450498,2010,2010-08-16,Cambusdoon New Ground,2,22.2,Afghanistan,Scotland,Karim Sadiq,Mohammad Shahzad,RM Haq,1,0,,,,,,,,,
450498,2010,2010-08-16,Cambusdoon New Ground,2,22.3,Afghanistan,Scotland,Mohammad Shahzad,Karim Sadiq,RM Haq,4,0,,,,,,,,,
450498,2010,2010-08-16,Cambusdoon New Ground,2,22.4,Afghanistan,Scotland,Mohammad Shahzad,Karim Sadiq,RM Haq,4,0,,,,,,,,,
450498,2010,2010-08-16,Cambusdoon New Ground,2,22.5,Afghanistan,Scotland,Mohammad Shahzad,Karim Sadiq,RM Haq,2,0,,,,,,,,,
450498,2010,2010-08-16,Cambusdoon New Ground,2,22.6,Afghanistan,Scotland,Mohammad Shahzad,Karim Sadiq,RM Haq,1,0,,,,,,,,,
450498,2010,2010-08-16,Cambusdoon New Ground,2,23.1,Afghanistan,Scotland,Mohammad Shahzad,Karim Sadiq,MM Iqbal,4,0,,,,,,,,,
450498,2010,2010-08-16,Cambusdoon New Ground,2,23.2,Afghanistan,Scotland,Mohammad Shahzad,Karim Sadiq,MM Iqbal,1,0,,,,,,,,,
450498,2010,2010-08-16,Cambusdoon New Ground,2,23.3,Afghanistan,Scotland,Karim Sadiq,Mohammad Shahzad,MM Iqbal,1,0,,,,,,,,,
450498,2010,2010-08-16,Cambusdoon New Ground,2,23.4,Afghanistan,Scotland,Mohammad Shahzad,Karim Sadiq,MM Iqbal,4,0,,,,,,,,,
450498,2010,2010-08-16,Cambusdoon New Ground,2,23.5,Afghanistan,Scotland,Mohammad Shahzad,Karim Sadiq,MM Iqbal,1,0,,,,,,,,,
450498,2010,2010-08-16,Cambusdoon New Ground,2,23.6,Afghanistan,Scotland,Karim Sadiq,Mohammad Shahzad,MM Iqbal,2,0,,,,,,,,,
450498,2010,2010-08-16,Cambusdoon New Ground,2,24.1,Afghanistan,Scotland,Mohammad Shahzad,Karim Sadiq,JH Davey,0,0,,,,,,,,,
450498,2010,2010-08-16,Cambusdoon New Ground,2,24.2,Afghanistan,Scotland,Mohammad Shahzad,Karim Sadiq,JH Davey,1,0,,,,,,,,,
450498,2010,2010-08-16,Cambusdoon New Ground,2,24.3,Afghanistan,Scotland,Karim Sadiq,Mohammad Shahzad,JH Davey,2,0,,,,,,,,,
450498,2010,2010-08-16,Cambusdoon New Ground,2,24.4,Afghanistan,Scotland,Karim Sadiq,Mohammad Shahzad,JH Davey,1,0,,,,,,,,,
450498,2010,2010-08-16,Cambusdoon New Ground,2,24.5,Afghanistan,Scotland,Mohammad Shahzad,Karim Sadiq,JH Davey,1,0,,,,,,,,,
450498,2010,2010-08-16,Cambusdoon New Ground,2,24.6,Afghanistan,Scotland,Karim Sadiq,Mohammad Shahzad,JH Davey,1,0,,,,,,,,,
450498,2010,2010-08-16,Cambusdoon New Ground,2,25.1,Afghanistan,Scotland,Karim Sadiq,Mohammad Shahzad,MM Iqbal,0,0,,,,,,,,,
450498,2010,2010-08-16,Cambusdoon New Ground,2,25.2,Afghanistan,Scotland,Karim Sadiq,Mohammad Shahzad,MM Iqbal,1,0,,,,,,,,,
450498,2010,2010-08-16,Cambusdoon New Ground,2,25.3,Afghanistan,Scotland,Mohammad Shahzad,Karim Sadiq,MM Iqbal,1,0,,,,,,,,,
450498,2010,2010-08-16,Cambusdoon New Ground,2,25.4,Afghanistan,Scotland,Karim Sadiq,Mohammad Shahzad,MM Iqbal,1,0,,,,,,,,,
450498,2010,2010-08-16,Cambusdoon New Ground,2,25.5,Afghanistan,Scotland,Mohammad Shahzad,Karim Sadiq,MM Iqbal,0,0,,,,,,,,,
450498,2010,2010-08-16,Cambusdoon New Ground,2,25.6,Afghanistan,Scotland,Mohammad Shahzad,Karim Sadiq,MM Iqbal,0,0,,,,,,,,,
450498,2010,2010-08-16,Cambusdoon New Ground,2,26.1,Afghanistan,Scotland,Karim Sadiq,Mohammad Shahzad,JH Davey,0,0,,,,,,,,,
450498,2010,2010-08-16,Cambusdoon New Ground,2,26.2,Afghanistan,Scotland,Karim Sadiq,Mohammad Shahzad,JH Davey,2,0,,,,,,,,,
450498,2010,2010-08-16,Cambusdoon New Ground,2,26.3,Afghanistan,Scotland,Karim Sadiq,Mohammad Shahzad,JH Davey,1,0,,,,,,,,,
450498,2010,2010-08-16,Cambusdoon New Ground,2,26.4,Afghanistan,Scotland,Mohammad Shahzad,Karim Sadiq,JH Davey,0,1,1,,,,,,,,
450498,2010,2010-08-16,Cambusdoon New Ground,2,26.5,Afghanistan,Scotland,Mohammad Shahzad,Karim Sadiq,JH Davey,1,0,,,,,,,,,
450498,2010,2010-08-16,Cambusdoon New Ground,2,26.6,Afghanistan,Scotland,Karim Sadiq,Mohammad Shahzad,JH Davey,0,0,,,,,,,,,
450498,2010,2010-08-16,Cambusdoon New Ground,2,26.7,Afghanistan,Scotland,Karim Sadiq,Mohammad Shahzad,JH Davey,0,0,,,,,,,,,
450498,2010,2010-08-16,Cambusdoon New Ground,2,27.1,Afghanistan,Scotland,Mohammad Shahzad,Karim Sadiq,MM Iqbal,4,0,,,,,,,,,
450498,2010,2010-08-16,Cambusdoon New Ground,2,27.2,Afghanistan,Scotland,Mohammad Shahzad,Karim Sadiq,MM Iqbal,1,0,,,,,,,,,
450498,2010,2010-08-16,Cambusdoon New Ground,2,27.3,Afghanistan,Scotland,Karim Sadiq,Mohammad Shahzad,MM Iqbal,6,0,,,,,,,,,
450498,2010,2010-08-16,Cambusdoon New Ground,2,27.4,Afghanistan,Scotland,Karim Sadiq,Mohammad Shahzad,MM Iqbal,2,0,,,,,,,,,
450498,2010,2010-08-16,Cambusdoon New Ground,2,27.5,Afghanistan,Scotland,Karim Sadiq,Mohammad Shahzad,MM Iqbal,0,0,,,,,,,,,
450498,2010,2010-08-16,Cambusdoon New Ground,2,27.6,Afghanistan,Scotland,Karim Sadiq,Mohammad Shahzad,MM Iqbal,0,0,,,,,,,,,
450498,2010,2010-08-16,Cambusdoon New Ground,2,28.1,Afghanistan,Scotland,Mohammad Shahzad,Karim Sadiq,JH Davey,1,0,,,,,,,,,
450498,2010,2010-08-16,Cambusdoon New Ground,2,28.2,Afghanistan,Scotland,Karim Sadiq,Mohammad Shahzad,JH Davey,1,0,,,,,,,,,
450498,2010,2010-08-16,Cambusdoon New Ground,2,28.3,Afghanistan,Scotland,Mohammad Shahzad,Karim Sadiq,JH Davey,4,0,,,,,,,,,
450498,2010,2010-08-16,Cambusdoon New Ground,2,28.4,Afghanistan,Scotland,Mohammad Shahzad,Karim Sadiq,JH Davey,1,0,,,,,,,,,
450498,2010,2010-08-16,Cambusdoon New Ground,2,28.5,Afghanistan,Scotland,Karim Sadiq,Mohammad Shahzad,JH Davey,0,0,,,,,,,,,
450498,2010,2010-08-16,Cambusdoon New Ground,2,28.6,Afghanistan,Scotland,Karim Sadiq,Mohammad Shahzad,JH Davey,1,0,,,,,,,,,
450498,2010,2010-08-16,Cambusdoon New Ground,2,29.1,Afghanistan,Scotland,Karim Sadiq,Mohammad Shahzad,MM Iqbal,0,0,,,,,,,,,
450498,2010,2010-08-16,Cambusdoon New Ground,2,29.2,Afghanistan,Scotland,Karim Sadiq,Mohammad Shahzad,MM Iqbal,0,0,,,,,,,,,
450498,2010,2010-08-16,Cambusdoon New Ground,2,29.3,Afghanistan,Scotland,Karim Sadiq,Mohammad Shahzad,MM Iqbal,0,0,,,,,,,,,
450498,2010,2010-08-16,Cambusdoon New Ground,2,29.4,Afghanistan,Scotland,Karim Sadiq,Mohammad Shahzad,MM Iqbal,4,0,,,,,,,,,
450498,2010,2010-08-16,Cambusdoon New Ground,2,29.5,Afghanistan,Scotland,Karim Sadiq,Mohammad Shahzad,MM Iqbal,4,0,,,,,,,,,
450498,2010,2010-08-16,Cambusdoon New Ground,2,29.6,Afghanistan,Scotland,Karim Sadiq,Mohammad Shahzad,MM Iqbal,3,0,,,,,,,,,
450498,2010,2010-08-16,Cambusdoon New Ground,2,30.1,Afghanistan,Scotland,Karim Sadiq,Mohammad Shahzad,JH Davey,6,0,,,,,,,,,
450498,2010,2010-08-16,Cambusdoon New Ground,2,30.2,Afghanistan,Scotland,Karim Sadiq,Mohammad Shahzad,JH Davey,4,0,,,,,,,,,
450498,2010,2010-08-16,Cambusdoon New Ground,2,30.3,Afghanistan,Scotland,Karim Sadiq,Mohammad Shahzad,JH Davey,0,0,,,,,,,,,
450498,2010,2010-08-16,Cambusdoon New Ground,2,30.4,Afghanistan,Scotland,Karim Sadiq,Mohammad Shahzad,JH Davey,0,0,,,,,,,,,
450498,2010,2010-08-16,Cambusdoon New Ground,2,30.5,Afghanistan,Scotland,Karim Sadiq,Mohammad Shahzad,JH Davey,0,0,,,,,,,,,
450498,2010,2010-08-16,Cambusdoon New Ground,2,30.6,Afghanistan,Scotland,Karim Sadiq,Mohammad Shahzad,JH Davey,4,0,,,,,,,,,
