match_id,season,start_date,venue,innings,ball,batting_team,bowling_team,striker,non_striker,bowler,runs_off_bat,extras,wides,noballs,byes,legbyes,penalty,wicket_type,player_dismissed,other_wicket_type,other_player_dismissed
452149,2010,2010-06-03,Harare Sports Club,1,0.1,India,Zimbabwe,KD Karthik,M Vijay,AM Blignaut,0,0,,,,,,,,,
452149,2010,2010-06-03,Harare Sports Club,1,0.2,India,Zimbabwe,KD Karthik,M Vijay,AM Blignaut,0,0,,,,,,,,,
452149,2010,2010-06-03,Harare Sports Club,1,0.3,India,Zimbabwe,KD Karthik,M Vijay,AM Blignaut,1,0,,,,,,,,,
452149,2010,2010-06-03,Harare Sports Club,1,0.4,India,Zimbabwe,M Vijay,KD Karthik,AM Blignaut,0,0,,,,,,,,,
452149,2010,2010-06-03,Harare Sports Club,1,0.5,India,Zimbabwe,M Vijay,KD Karthik,AM Blignaut,0,0,,,,,,,,,
452149,2010,2010-06-03,Harare Sports Club,1,0.6,India,Zimbabwe,M Vijay,KD Karthik,AM Blignaut,0,0,,,,,,,,,
452149,2010,2010-06-03,Harare Sports Club,1,1.1,India,Zimbabwe,KD Karthik,M Vijay,RW Price,0,1,1,,,,,,,,
452149,2010,2010-06-03,Harare Sports Club,1,1.2,India,Zimbabwe,KD Karthik,M Vijay,RW Price,0,0,,,,,,,,,
452149,2010,2010-06-03,Harare Sports Club,1,1.3,India,Zimbabwe,KD Karthik,M Vijay,RW Price,0,0,,,,,,,,,
452149,2010,2010-06-03,Harare Sports Club,1,1.4,India,Zimbabwe,KD Karthik,M Vijay,RW Price,0,0,,,,,,,,,
452149,2010,2010-06-03,Harare Sports Club,1,1.5,India,Zimbabwe,KD Karthik,M Vijay,RW Price,0,0,,,,,,,,,
452149,2010,2010-06-03,Harare Sports Club,1,1.6,India,Zimbabwe,KD Karthik,M Vijay,RW Price,4,0,,,,,,,,,
452149,2010,2010-06-03,Harare Sports Club,1,1.7,India,Zimbabwe,KD Karthik,M Vijay,RW Price,0,0,,,,,,,,,
452149,2010,2010-06-03,Harare Sports Club,1,2.1,India,Zimbabwe,M Vijay,KD Karthik,AM Blignaut,0,0,,,,,,,,,
452149,2010,2010-06-03,Harare Sports Club,1,2.2,India,Zimbabwe,M Vijay,KD Karthik,AM Blignaut,0,0,,,,,,,,,
452149,2010,2010-06-03,Harare Sports Club,1,2.3,India,Zimbabwe,M Vijay,KD Karthik,AM Blignaut,0,0,,,,,,,,,
452149,2010,2010-06-03,Harare Sports Club,1,2.4,India,Zimbabwe,M Vijay,KD Karthik,AM Blignaut,0,0,,,,,,,,,
452149,2010,2010-06-03,Harare Sports Club,1,2.5,India,Zimbabwe,M Vijay,KD Karthik,AM Blignaut,0,1,1,,,,,,,,
452149,2010,2010-06-03,Harare Sports Club,1,2.6,India,Zimbabwe,M Vijay,KD Karthik,AM Blignaut,0,0,,,,,,,,,
452149,2010,2010-06-03,Harare Sports Club,1,2.7,India,Zimbabwe,M Vijay,KD Karthik,AM Blignaut,0,0,,,,,,,,,
452149,2010,2010-06-03,Harare Sports Club,1,3.1,India,Zimbabwe,KD Karthik,M Vijay,RW Price,0,0,,,,,,,,,
452149,2010,2010-06-03,Harare Sports Club,1,3.2,India,Zimbabwe,KD Karthik,M Vijay,RW Price,0,0,,,,,,,,,
452149,2010,2010-06-03,Harare Sports Club,1,3.3,India,Zimbabwe,KD Karthik,M Vijay,RW Price,0,0,,,,,,,,,
452149,2010,2010-06-03,Harare Sports Club,1,3.4,India,Zimbabwe,KD Karthik,M Vijay,RW Price,0,1,1,,,,,,,,
452149,2010,2010-06-03,Harare Sports Club,1,3.5,India,Zimbabwe,KD Karthik,M Vijay,RW Price,0,0,,,,,,,,,
452149,2010,2010-06-03,Harare Sports Club,1,3.6,India,Zimbabwe,KD Karthik,M Vijay,RW Price,0,1,1,,,,,,,,
452149,2010,2010-06-03,Harare Sports Club,1,3.7,India,Zimbabwe,KD Karthik,M Vijay,RW Price,0,0,,,,,,,,,
452149,2010,2010-06-03,Harare Sports Club,1,3.8,India,Zimbabwe,KD Karthik,M Vijay,RW Price,0,0,,,,,,,,,
452149,2010,2010-06-03,Harare Sports Club,1,4.1,India,Zimbabwe,M Vijay,KD Karthik,AM Blignaut,0,0,,,,,,,,,
452149,2010,2010-06-03,Harare Sports Club,1,4.2,India,Zimbabwe,M Vijay,KD Karthik,AM Blignaut,1,0,,,,,,,,,
452149,2010,2010-06-03,Harare Sports Club,1,4.3,India,Zimbabwe,KD Karthik,M Vijay,AM Blignaut,1,0,,,,,,,,,
452149,2010,2010-06-03,Harare Sports Club,1,4.4,India,Zimbabwe,M Vijay,KD Karthik,AM Blignaut,0,0,,,,,,,,,
452149,2010,2010-06-03,Harare Sports Club,1,4.5,India,Zimbabwe,M Vijay,KD Karthik,AM Blignaut,0,0,,,,,,,,,
452149,2010,2010-06-03,Harare Sports Club,1,4.6,India,Zimbabwe,M Vijay,KD Karthik,AM Blignaut,2,0,,,,,,,,,
452149,2010,2010-06-03,Harare Sports Club,1,5.1,India,Zimbabwe,KD Karthik,M Vijay,RW Price,1,0,,,,,,,,,
452149,2010,2010-06-03,Harare Sports Club,1,5.2,India,Zimbabwe,M Vijay,KD Karthik,RW Price,0,0,,,,,,,,,
452149,2010,2010-06-03,Harare Sports Club,1,5.3,India,Zimbabwe,M Vijay,KD Karthik,RW Price,1,0,,,,,,,,,
452149,2010,2010-06-03,Harare Sports Club,1,5.4,India,Zimbabwe,KD Karthik,M Vijay,RW Price,0,1,1,,,,,,,,
452149,2010,2010-06-03,Harare Sports Club,1,5.5,India,Zimbabwe,KD Karthik,M Vijay,RW Price,1,0,,,,,,,,,
452149,2010,2010-06-03,Harare Sports Club,1,5.6,India,Zimbabwe,M Vijay,KD Karthik,RW Price,0,0,,,,,,,,,
452149,2010,2010-06-03,Harare Sports Club,1,5.7,India,Zimbabwe,M Vijay,KD Karthik,RW Price,0,0,,,,,,,,,
452149,2010,2010-06-03,Harare Sports Club,1,6.1,India,Zimbabwe,KD Karthik,M Vijay,AM Blignaut,0,0,,,,,,,,,
452149,2010,2010-06-03,Harare Sports Club,1,6.2,India,Zimbabwe,KD Karthik,M Vijay,AM Blignaut,0,0,,,,,,,,,
452149,2010,2010-06-03,Harare Sports Club,1,6.3,India,Zimbabwe,KD Karthik,M Vijay,AM Blignaut,0,0,,,,,,,,,
452149,2010,2010-06-03,Harare Sports Club,1,6.4,India,Zimbabwe,KD Karthik,M Vijay,AM Blignaut,1,0,,,,,,,,,
452149,2010,2010-06-03,Harare Sports Club,1,6.5,India,Zimbabwe,M Vijay,KD Karthik,AM Blignaut,0,0,,,,,,,,,
452149,2010,2010-06-03,Harare Sports Club,1,6.6,India,Zimbabwe,M Vijay,KD Karthik,AM Blignaut,0,0,,,,,,,,,
452149,2010,2010-06-03,Harare Sports Club,1,7.1,India,Zimbabwe,KD Karthik,M Vijay,RW Price,1,0,,,,,,,,,
452149,2010,2010-06-03,Harare Sports Club,1,7.2,India,Zimbabwe,M Vijay,KD Karthik,RW Price,0,0,,,,,,,,,
452149,2010,2010-06-03,Harare Sports Club,1,7.3,India,Zimbabwe,M Vijay,KD Karthik,RW Price,0,0,,,,,,,,,
452149,2010,2010-06-03,Harare Sports Club,1,7.4,India,Zimbabwe,M Vijay,KD Karthik,RW Price,0,0,,,,,,,,,
452149,2010,2010-06-03,Harare Sports Club,1,7.5,India,Zimbabwe,M Vijay,KD Karthik,RW Price,1,0,,,,,,,,,
452149,2010,2010-06-03,Harare Sports Club,1,7.6,India,Zimbabwe,KD Karthik,M Vijay,RW Price,1,0,,,,,,,,,
452149,2010,2010-06-03,Harare Sports Club,1,8.1,India,Zimbabwe,KD Karthik,M Vijay,AM Blignaut,0,0,,,,,,,,,
452149,2010,2010-06-03,Harare Sports Club,1,8.2,India,Zimbabwe,KD Karthik,M Vijay,AM Blignaut,1,0,,,,,,,,,
452149,2010,2010-06-03,Harare Sports Club,1,8.3,India,Zimbabwe,M Vijay,KD Karthik,AM Blignaut,0,0,,,,,,,,,
452149,2010,2010-06-03,Harare Sports Club,1,8.4,India,Zimbabwe,M Vijay,KD Karthik,AM Blignaut,0,0,,,,,,,,,
452149,2010,2010-06-03,Harare Sports Club,1,8.5,India,Zimbabwe,M Vijay,KD Karthik,AM Blignaut,0,0,,,,,,,,,
452149,2010,2010-06-03,Harare Sports Club,1,8.6,India,Zimbabwe,M Vijay,KD Karthik,AM Blignaut,1,0,,,,,,,,,
452149,2010,2010-06-03,Harare Sports Club,1,9.1,India,Zimbabwe,M Vijay,KD Karthik,RW Price,1,0,,,,,,,,,
452149,2010,2010-06-03,Harare Sports Club,1,9.2,India,Zimbabwe,KD Karthik,M Vijay,RW Price,0,0,,,,,,,,,
452149,2010,2010-06-03,Harare Sports Club,1,9.3,India,Zimbabwe,KD Karthik,M Vijay,RW Price,1,0,,,,,,,,,
452149,2010,2010-06-03,Harare Sports Club,1,9.4,India,Zimbabwe,M Vijay,KD Karthik,RW Price,0,0,,,,,,,,,
452149,2010,2010-06-03,Harare Sports Club,1,9.5,India,Zimbabwe,M Vijay,KD Karthik,RW Price,0,0,,,,,,,,,
452149,2010,2010-06-03,Harare Sports Club,1,9.6,India,Zimbabwe,M Vijay,KD Karthik,RW Price,1,0,,,,,,,,,
452149,2010,2010-06-03,Harare Sports Club,1,10.1,India,Zimbabwe,M Vijay,KD Karthik,GA Lamb,1,0,,,,,,,,,
452149,2010,2010-06-03,Harare Sports Club,1,10.2,India,Zimbabwe,KD Karthik,M Vijay,GA Lamb,0,0,,,,,,,,,
452149,2010,2010-06-03,Harare Sports Club,1,10.3,India,Zimbabwe,KD Karthik,M Vijay,GA Lamb,0,0,,,,,,,,,
452149,2010,2010-06-03,Harare Sports Club,1,10.4,India,Zimbabwe,KD Karthik,M Vijay,GA Lamb,1,0,,,,,,,,,
452149,2010,2010-06-03,Harare Sports Club,1,10.5,India,Zimbabwe,M Vijay,KD Karthik,GA Lamb,0,0,,,,,,,,,
452149,2010,2010-06-03,Harare Sports Club,1,10.6,India,Zimbabwe,M Vijay,KD Karthik,GA Lamb,1,0,,,,,,,,,
452149,2010,2010-06-03,Harare Sports Club,1,11.1,India,Zimbabwe,M Vijay,KD Karthik,P Utseya,1,0,,,,,,,,,
452149,2010,2010-06-03,Harare Sports Club,1,11.2,India,Zimbabwe,KD Karthik,M Vijay,P Utseya,0,0,,,,,,,,,
452149,2010,2010-06-03,Harare Sports Club,1,11.3,India,Zimbabwe,KD Karthik,M Vijay,P Utseya,4,0,,,,,,,,,
452149,2010,2010-06-03,Harare Sports Club,1,11.4,India,Zimbabwe,KD Karthik,M Vijay,P Utseya,0,0,,,,,,,,,
452149,2010,2010-06-03,Harare Sports Club,1,11.5,India,Zimbabwe,KD Karthik,M Vijay,P Utseya,4,0,,,,,,,,,
452149,2010,2010-06-03,Harare Sports Club,1,11.6,India,Zimbabwe,KD Karthik,M Vijay,P Utseya,0,0,,,,,,,,,
452149,2010,2010-06-03,Harare Sports Club,1,12.1,India,Zimbabwe,M Vijay,KD Karthik,GA Lamb,1,0,,,,,,,,,
452149,2010,2010-06-03,Harare Sports Club,1,12.2,India,Zimbabwe,KD Karthik,M Vijay,GA Lamb,0,0,,,,,,,,,
452149,2010,2010-06-03,Harare Sports Club,1,12.3,India,Zimbabwe,KD Karthik,M Vijay,GA Lamb,0,1,1,,,,,,,,
452149,2010,2010-06-03,Harare Sports Club,1,12.4,India,Zimbabwe,KD Karthik,M Vijay,GA Lamb,1,0,,,,,,,,,
452149,2010,2010-06-03,Harare Sports Club,1,12.5,India,Zimbabwe,M Vijay,KD Karthik,GA Lamb,0,0,,,,,,,,,
452149,2010,2010-06-03,Harare Sports Club,1,12.6,India,Zimbabwe,M Vijay,KD Karthik,GA Lamb,0,0,,,,,,,,,
452149,2010,2010-06-03,Harare Sports Club,1,12.7,India,Zimbabwe,M Vijay,KD Karthik,GA Lamb,1,0,,,,,,,,,
452149,2010,2010-06-03,Harare Sports Club,1,13.1,India,Zimbabwe,M Vijay,KD Karthik,P Utseya,0,0,,,,,,,,,
452149,2010,2010-06-03,Harare Sports Club,1,13.2,India,Zimbabwe,M Vijay,KD Karthik,P Utseya,0,0,,,,,,,,,
452149,2010,2010-06-03,Harare Sports Club,1,13.3,India,Zimbabwe,M Vijay,KD Karthik,P Utseya,1,0,,,,,,,,,
452149,2010,2010-06-03,Harare Sports Club,1,13.4,India,Zimbabwe,KD Karthik,M Vijay,P Utseya,1,0,,,,,,,,,
452149,2010,2010-06-03,Harare Sports Club,1,13.5,India,Zimbabwe,M Vijay,KD Karthik,P Utseya,1,0,,,,,,,,,
452149,2010,2010-06-03,Harare Sports Club,1,13.6,India,Zimbabwe,KD Karthik,M Vijay,P Utseya,1,0,,,,,,,,,
452149,2010,2010-06-03,Harare Sports Club,1,14.1,India,Zimbabwe,KD Karthik,M Vijay,GA Lamb,4,0,,,,,,,,,
452149,2010,2010-06-03,Harare Sports Club,1,14.2,India,Zimbabwe,KD Karthik,M Vijay,GA Lamb,1,0,,,,,,,,,
452149,2010,2010-06-03,Harare Sports Club,1,14.3,India,Zimbabwe,M Vijay,KD Karthik,GA Lamb,0,0,,,,,,,,,
452149,2010,2010-06-03,Harare Sports Club,1,14.4,India,Zimbabwe,M Vijay,KD Karthik,GA Lamb,1,0,,,,,,,,,
452149,2010,2010-06-03,Harare Sports Club,1,14.5,India,Zimbabwe,KD Karthik,M Vijay,GA Lamb,0,0,,,,,,,,,
452149,2010,2010-06-03,Harare Sports Club,1,14.6,India,Zimbabwe,KD Karthik,M Vijay,GA Lamb,1,0,,,,,,,,,
452149,2010,2010-06-03,Harare Sports Club,1,15.1,India,Zimbabwe,KD Karthik,M Vijay,P Utseya,1,0,,,,,,,,,
452149,2010,2010-06-03,Harare Sports Club,1,15.2,India,Zimbabwe,M Vijay,KD Karthik,P Utseya,1,0,,,,,,,,,
452149,2010,2010-06-03,Harare Sports Club,1,15.3,India,Zimbabwe,KD Karthik,M Vijay,P Utseya,1,0,,,,,,,,,
452149,2010,2010-06-03,Harare Sports Club,1,15.4,India,Zimbabwe,M Vijay,KD Karthik,P Utseya,2,0,,,,,,,,,
452149,2010,2010-06-03,Harare Sports Club,1,15.5,India,Zimbabwe,M Vijay,KD Karthik,P Utseya,0,0,,,,,,,,,
452149,2010,2010-06-03,Harare Sports Club,1,15.6,India,Zimbabwe,M Vijay,KD Karthik,P Utseya,0,0,,,,,,,,,
452149,2010,2010-06-03,Harare Sports Club,1,16.1,India,Zimbabwe,KD Karthik,M Vijay,GA Lamb,0,0,,,,,,caught,KD Karthik,,
452149,2010,2010-06-03,Harare Sports Club,1,16.2,India,Zimbabwe,V Kohli,M Vijay,GA Lamb,0,0,,,,,,,,,
452149,2010,2010-06-03,Harare Sports Club,1,16.3,India,Zimbabwe,V Kohli,M Vijay,GA Lamb,0,0,,,,,,,,,
452149,2010,2010-06-03,Harare Sports Club,1,16.4,India,Zimbabwe,V Kohli,M Vijay,GA Lamb,1,0,,,,,,,,,
452149,2010,2010-06-03,Harare Sports Club,1,16.5,India,Zimbabwe,M Vijay,V Kohli,GA Lamb,0,0,,,,,,,,,
452149,2010,2010-06-03,Harare Sports Club,1,16.6,India,Zimbabwe,M Vijay,V Kohli,GA Lamb,0,0,,,,,,,,,
452149,2010,2010-06-03,Harare Sports Club,1,17.1,India,Zimbabwe,V Kohli,M Vijay,P Utseya,0,0,,,,,,,,,
452149,2010,2010-06-03,Harare Sports Club,1,17.2,India,Zimbabwe,V Kohli,M Vijay,P Utseya,0,0,,,,,,,,,
452149,2010,2010-06-03,Harare Sports Club,1,17.3,India,Zimbabwe,V Kohli,M Vijay,P Utseya,0,0,,,,,,,,,
452149,2010,2010-06-03,Harare Sports Club,1,17.4,India,Zimbabwe,V Kohli,M Vijay,P Utseya,1,0,,,,,,,,,
452149,2010,2010-06-03,Harare Sports Club,1,17.5,India,Zimbabwe,M Vijay,V Kohli,P Utseya,0,0,,,,,,,,,
452149,2010,2010-06-03,Harare Sports Club,1,17.6,India,Zimbabwe,M Vijay,V Kohli,P Utseya,1,0,,,,,,,,,
452149,2010,2010-06-03,Harare Sports Club,1,18.1,India,Zimbabwe,M Vijay,V Kohli,GA Lamb,1,0,,,,,,,,,
452149,2010,2010-06-03,Harare Sports Club,1,18.2,India,Zimbabwe,V Kohli,M Vijay,GA Lamb,0,0,,,,,,,,,
452149,2010,2010-06-03,Harare Sports Club,1,18.3,India,Zimbabwe,V Kohli,M Vijay,GA Lamb,1,0,,,,,,,,,
452149,2010,2010-06-03,Harare Sports Club,1,18.4,India,Zimbabwe,M Vijay,V Kohli,GA Lamb,0,0,,,,,,stumped,M Vijay,,
452149,2010,2010-06-03,Harare Sports Club,1,18.5,India,Zimbabwe,RG Sharma,V Kohli,GA Lamb,0,0,,,,,,,,,
452149,2010,2010-06-03,Harare Sports Club,1,18.6,India,Zimbabwe,RG Sharma,V Kohli,GA Lamb,0,0,,,,,,,,,
452149,2010,2010-06-03,Harare Sports Club,1,19.1,India,Zimbabwe,V Kohli,RG Sharma,AG Cremer,1,0,,,,,,,,,
452149,2010,2010-06-03,Harare Sports Club,1,19.2,India,Zimbabwe,RG Sharma,V Kohli,AG Cremer,0,0,,,,,,,,,
452149,2010,2010-06-03,Harare Sports Club,1,19.3,India,Zimbabwe,RG Sharma,V Kohli,AG Cremer,0,0,,,,,,,,,
452149,2010,2010-06-03,Harare Sports Club,1,19.4,India,Zimbabwe,RG Sharma,V Kohli,AG Cremer,0,0,,,,,,,,,
452149,2010,2010-06-03,Harare Sports Club,1,19.5,India,Zimbabwe,RG Sharma,V Kohli,AG Cremer,1,0,,,,,,,,,
452149,2010,2010-06-03,Harare Sports Club,1,19.6,India,Zimbabwe,V Kohli,RG Sharma,AG Cremer,0,0,,,,,,,,,
452149,2010,2010-06-03,Harare Sports Club,1,20.1,India,Zimbabwe,RG Sharma,V Kohli,GA Lamb,2,0,,,,,,,,,
452149,2010,2010-06-03,Harare Sports Club,1,20.2,India,Zimbabwe,RG Sharma,V Kohli,GA Lamb,0,0,,,,,,,,,
452149,2010,2010-06-03,Harare Sports Club,1,20.3,India,Zimbabwe,RG Sharma,V Kohli,GA Lamb,1,0,,,,,,,,,
452149,2010,2010-06-03,Harare Sports Club,1,20.4,India,Zimbabwe,V Kohli,RG Sharma,GA Lamb,4,0,,,,,,,,,
452149,2010,2010-06-03,Harare Sports Club,1,20.5,India,Zimbabwe,V Kohli,RG Sharma,GA Lamb,0,0,,,,,,,,,
452149,2010,2010-06-03,Harare Sports Club,1,20.6,India,Zimbabwe,V Kohli,RG Sharma,GA Lamb,1,0,,,,,,,,,
452149,2010,2010-06-03,Harare Sports Club,1,21.1,India,Zimbabwe,V Kohli,RG Sharma,AG Cremer,0,0,,,,,,,,,
452149,2010,2010-06-03,Harare Sports Club,1,21.2,India,Zimbabwe,V Kohli,RG Sharma,AG Cremer,0,0,,,,,,,,,
452149,2010,2010-06-03,Harare Sports Club,1,21.3,India,Zimbabwe,V Kohli,RG Sharma,AG Cremer,0,0,,,,,,,,,
452149,2010,2010-06-03,Harare Sports Club,1,21.4,India,Zimbabwe,V Kohli,RG Sharma,AG Cremer,0,0,,,,,,,,,
452149,2010,2010-06-03,Harare Sports Club,1,21.5,India,Zimbabwe,V Kohli,RG Sharma,AG Cremer,1,0,,,,,,,,,
452149,2010,2010-06-03,Harare Sports Club,1,21.6,India,Zimbabwe,RG Sharma,V Kohli,AG Cremer,0,0,,,,,,,,,
452149,2010,2010-06-03,Harare Sports Club,1,22.1,India,Zimbabwe,V Kohli,RG Sharma,GA Lamb,1,0,,,,,,,,,
452149,2010,2010-06-03,Harare Sports Club,1,22.2,India,Zimbabwe,RG Sharma,V Kohli,GA Lamb,0,0,,,,,,,,,
452149,2010,2010-06-03,Harare Sports Club,1,22.3,India,Zimbabwe,RG Sharma,V Kohli,GA Lamb,1,0,,,,,,,,,
452149,2010,2010-06-03,Harare Sports Club,1,22.4,India,Zimbabwe,V Kohli,RG Sharma,GA Lamb,0,0,,,,,,,,,
452149,2010,2010-06-03,Harare Sports Club,1,22.5,India,Zimbabwe,V Kohli,RG Sharma,GA Lamb,1,0,,,,,,,,,
452149,2010,2010-06-03,Harare Sports Club,1,22.6,India,Zimbabwe,RG Sharma,V Kohli,GA Lamb,0,0,,,,,,,,,
452149,2010,2010-06-03,Harare Sports Club,1,23.1,India,Zimbabwe,V Kohli,RG Sharma,AG Cremer,0,0,,,,,,,,,
452149,2010,2010-06-03,Harare Sports Club,1,23.2,India,Zimbabwe,V Kohli,RG Sharma,AG Cremer,2,0,,,,,,,,,
452149,2010,2010-06-03,Harare Sports Club,1,23.3,India,Zimbabwe,V Kohli,RG Sharma,AG Cremer,0,0,,,,,,,,,
452149,2010,2010-06-03,Harare Sports Club,1,23.4,India,Zimbabwe,V Kohli,RG Sharma,AG Cremer,1,0,,,,,,,,,
452149,2010,2010-06-03,Harare Sports Club,1,23.5,India,Zimbabwe,RG Sharma,V Kohli,AG Cremer,0,0,,,,,,,,,
452149,2010,2010-06-03,Harare Sports Club,1,23.6,India,Zimbabwe,RG Sharma,V Kohli,AG Cremer,1,0,,,,,,,,,
452149,2010,2010-06-03,Harare Sports Club,1,24.1,India,Zimbabwe,RG Sharma,V Kohli,P Utseya,0,0,,,,,,,,,
452149,2010,2010-06-03,Harare Sports Club,1,24.2,India,Zimbabwe,RG Sharma,V Kohli,P Utseya,1,0,,,,,,,,,
452149,2010,2010-06-03,Harare Sports Club,1,24.3,India,Zimbabwe,V Kohli,RG Sharma,P Utseya,2,0,,,,,,,,,
452149,2010,2010-06-03,Harare Sports Club,1,24.4,India,Zimbabwe,V Kohli,RG Sharma,P Utseya,1,0,,,,,,,,,
452149,2010,2010-06-03,Harare Sports Club,1,24.5,India,Zimbabwe,RG Sharma,V Kohli,P Utseya,1,0,,,,,,,,,
452149,2010,2010-06-03,Harare Sports Club,1,24.6,India,Zimbabwe,V Kohli,RG Sharma,P Utseya,0,0,,,,,,caught,V Kohli,,
452149,2010,2010-06-03,Harare Sports Club,1,25.1,India,Zimbabwe,RG Sharma,SK Raina,AG Cremer,1,0,,,,,,,,,
452149,2010,2010-06-03,Harare Sports Club,1,25.2,India,Zimbabwe,SK Raina,RG Sharma,AG Cremer,1,0,,,,,,,,,
452149,2010,2010-06-03,Harare Sports Club,1,25.3,India,Zimbabwe,RG Sharma,SK Raina,AG Cremer,0,0,,,,,,,,,
452149,2010,2010-06-03,Harare Sports Club,1,25.4,India,Zimbabwe,RG Sharma,SK Raina,AG Cremer,1,0,,,,,,,,,
452149,2010,2010-06-03,Harare Sports Club,1,25.5,India,Zimbabwe,SK Raina,RG Sharma,AG Cremer,1,0,,,,,,,,,
452149,2010,2010-06-03,Harare Sports Club,1,25.6,India,Zimbabwe,RG Sharma,SK Raina,AG Cremer,0,0,,,,,,,,,
452149,2010,2010-06-03,Harare Sports Club,1,26.1,India,Zimbabwe,SK Raina,RG Sharma,P Utseya,1,0,,,,,,,,,
452149,2010,2010-06-03,Harare Sports Club,1,26.2,India,Zimbabwe,RG Sharma,SK Raina,P Utseya,1,0,,,,,,,,,
452149,2010,2010-06-03,Harare Sports Club,1,26.3,India,Zimbabwe,SK Raina,RG Sharma,P Utseya,0,0,,,,,,,,,
452149,2010,2010-06-03,Harare Sports Club,1,26.4,India,Zimbabwe,SK Raina,RG Sharma,P Utseya,0,0,,,,,,run out,SK Raina,,
452149,2010,2010-06-03,Harare Sports Club,1,26.5,India,Zimbabwe,RA Jadeja,RG Sharma,P Utseya,0,1,,,,1,,,,,
452149,2010,2010-06-03,Harare Sports Club,1,26.6,India,Zimbabwe,RG Sharma,RA Jadeja,P Utseya,1,0,,,,,,,,,
452149,2010,2010-06-03,Harare Sports Club,1,27.1,India,Zimbabwe,RG Sharma,RA Jadeja,AG Cremer,1,0,,,,,,,,,
452149,2010,2010-06-03,Harare Sports Club,1,27.2,India,Zimbabwe,RA Jadeja,RG Sharma,AG Cremer,0,0,,,,,,,,,
452149,2010,2010-06-03,Harare Sports Club,1,27.3,India,Zimbabwe,RA Jadeja,RG Sharma,AG Cremer,0,0,,,,,,,,,
452149,2010,2010-06-03,Harare Sports Club,1,27.4,India,Zimbabwe,RA Jadeja,RG Sharma,AG Cremer,0,0,,,,,,,,,
452149,2010,2010-06-03,Harare Sports Club,1,27.5,India,Zimbabwe,RA Jadeja,RG Sharma,AG Cremer,0,0,,,,,,run out,RG Sharma,,
452149,2010,2010-06-03,Harare Sports Club,1,27.6,India,Zimbabwe,RA Jadeja,YK Pathan,AG Cremer,1,0,,,,,,,,,
452149,2010,2010-06-03,Harare Sports Club,1,28.1,India,Zimbabwe,RA Jadeja,YK Pathan,P Utseya,0,0,,,,,,,,,
452149,2010,2010-06-03,Harare Sports Club,1,28.2,India,Zimbabwe,RA Jadeja,YK Pathan,P Utseya,0,0,,,,,,,,,
452149,2010,2010-06-03,Harare Sports Club,1,28.3,India,Zimbabwe,RA Jadeja,YK Pathan,P Utseya,0,0,,,,,,,,,
452149,2010,2010-06-03,Harare Sports Club,1,28.4,India,Zimbabwe,RA Jadeja,YK Pathan,P Utseya,1,0,,,,,,,,,
452149,2010,2010-06-03,Harare Sports Club,1,28.5,India,Zimbabwe,YK Pathan,RA Jadeja,P Utseya,0,0,,,,,,,,,
452149,2010,2010-06-03,Harare Sports Club,1,28.6,India,Zimbabwe,YK Pathan,RA Jadeja,P Utseya,0,0,,,,,,,,,
452149,2010,2010-06-03,Harare Sports Club,1,29.1,India,Zimbabwe,RA Jadeja,YK Pathan,AG Cremer,0,0,,,,,,,,,
452149,2010,2010-06-03,Harare Sports Club,1,29.2,India,Zimbabwe,RA Jadeja,YK Pathan,AG Cremer,1,0,,,,,,,,,
452149,2010,2010-06-03,Harare Sports Club,1,29.3,India,Zimbabwe,YK Pathan,RA Jadeja,AG Cremer,1,0,,,,,,,,,
452149,2010,2010-06-03,Harare Sports Club,1,29.4,India,Zimbabwe,RA Jadeja,YK Pathan,AG Cremer,1,0,,,,,,,,,
452149,2010,2010-06-03,Harare Sports Club,1,29.5,India,Zimbabwe,YK Pathan,RA Jadeja,AG Cremer,0,0,,,,,,,,,
452149,2010,2010-06-03,Harare Sports Club,1,29.6,India,Zimbabwe,YK Pathan,RA Jadeja,AG Cremer,1,0,,,,,,,,,
452149,2010,2010-06-03,Harare Sports Club,1,30.1,India,Zimbabwe,YK Pathan,RA Jadeja,P Utseya,0,0,,,,,,,,,
452149,2010,2010-06-03,Harare Sports Club,1,30.2,India,Zimbabwe,YK Pathan,RA Jadeja,P Utseya,1,0,,,,,,,,,
452149,2010,2010-06-03,Harare Sports Club,1,30.3,India,Zimbabwe,RA Jadeja,YK Pathan,P Utseya,0,0,,,,,,,,,
452149,2010,2010-06-03,Harare Sports Club,1,30.4,India,Zimbabwe,RA Jadeja,YK Pathan,P Utseya,1,0,,,,,,,,,
452149,2010,2010-06-03,Harare Sports Club,1,30.5,India,Zimbabwe,YK Pathan,RA Jadeja,P Utseya,0,0,,,,,,,,,
452149,2010,2010-06-03,Harare Sports Club,1,30.6,India,Zimbabwe,YK Pathan,RA Jadeja,P Utseya,1,0,,,,,,,,,
452149,2010,2010-06-03,Harare Sports Club,1,31.1,India,Zimbabwe,YK Pathan,RA Jadeja,AG Cremer,1,0,,,,,,,,,
452149,2010,2010-06-03,Harare Sports Club,1,31.2,India,Zimbabwe,RA Jadeja,YK Pathan,AG Cremer,0,0,,,,,,,,,
452149,2010,2010-06-03,Harare Sports Club,1,31.3,India,Zimbabwe,RA Jadeja,YK Pathan,AG Cremer,0,0,,,,,,,,,
452149,2010,2010-06-03,Harare Sports Club,1,31.4,India,Zimbabwe,RA Jadeja,YK Pathan,AG Cremer,0,0,,,,,,,,,
452149,2010,2010-06-03,Harare Sports Club,1,31.5,India,Zimbabwe,RA Jadeja,YK Pathan,AG Cremer,2,0,,,,,,,,,
452149,2010,2010-06-03,Harare Sports Club,1,31.6,India,Zimbabwe,RA Jadeja,YK Pathan,AG Cremer,4,0,,,,,,,,,
452149,2010,2010-06-03,Harare Sports Club,1,32.1,India,Zimbabwe,YK Pathan,RA Jadeja,AM Blignaut,0,0,,,,,,,,,
452149,2010,2010-06-03,Harare Sports Club,1,32.2,India,Zimbabwe,YK Pathan,RA Jadeja,AM Blignaut,0,0,,,,,,,,,
452149,2010,2010-06-03,Harare Sports Club,1,32.3,India,Zimbabwe,YK Pathan,RA Jadeja,AM Blignaut,0,0,,,,,,,,,
452149,2010,2010-06-03,Harare Sports Club,1,32.4,India,Zimbabwe,YK Pathan,RA Jadeja,AM Blignaut,0,0,,,,,,,,,
452149,2010,2010-06-03,Harare Sports Club,1,32.5,India,Zimbabwe,YK Pathan,RA Jadeja,AM Blignaut,0,0,,,,,,,,,
452149,2010,2010-06-03,Harare Sports Club,1,32.6,India,Zimbabwe,YK Pathan,RA Jadeja,AM Blignaut,0,0,,,,,,,,,
452149,2010,2010-06-03,Harare Sports Club,1,33.1,India,Zimbabwe,RA Jadeja,YK Pathan,AG Cremer,0,0,,,,,,,,,
452149,2010,2010-06-03,Harare Sports Club,1,33.2,India,Zimbabwe,RA Jadeja,YK Pathan,AG Cremer,0,0,,,,,,,,,
452149,2010,2010-06-03,Harare Sports Club,1,33.3,India,Zimbabwe,RA Jadeja,YK Pathan,AG Cremer,0,0,,,,,,,,,
452149,2010,2010-06-03,Harare Sports Club,1,33.4,India,Zimbabwe,RA Jadeja,YK Pathan,AG Cremer,2,0,,,,,,,,,
452149,2010,2010-06-03,Harare Sports Club,1,33.5,India,Zimbabwe,RA Jadeja,YK Pathan,AG Cremer,1,0,,,,,,,,,
452149,2010,2010-06-03,Harare Sports Club,1,33.6,India,Zimbabwe,YK Pathan,RA Jadeja,AG Cremer,1,0,,,,,,,,,
452149,2010,2010-06-03,Harare Sports Club,1,34.1,India,Zimbabwe,YK Pathan,RA Jadeja,AM Blignaut,1,0,,,,,,,,,
452149,2010,2010-06-03,Harare Sports Club,1,34.2,India,Zimbabwe,RA Jadeja,YK Pathan,AM Blignaut,0,0,,,,,,,,,
452149,2010,2010-06-03,Harare Sports Club,1,34.3,India,Zimbabwe,RA Jadeja,YK Pathan,AM Blignaut,1,0,,,,,,,,,
452149,2010,2010-06-03,Harare Sports Club,1,34.4,India,Zimbabwe,YK Pathan,RA Jadeja,AM Blignaut,0,0,,,,,,,,,
452149,2010,2010-06-03,Harare Sports Club,1,34.5,India,Zimbabwe,YK Pathan,RA Jadeja,AM Blignaut,1,0,,,,,,,,,
452149,2010,2010-06-03,Harare Sports Club,1,34.6,India,Zimbabwe,RA Jadeja,YK Pathan,AM Blignaut,0,0,,,,,,,,,
452149,2010,2010-06-03,Harare Sports Club,1,35.1,India,Zimbabwe,YK Pathan,RA Jadeja,AG Cremer,0,0,,,,,,,,,
452149,2010,2010-06-03,Harare Sports Club,1,35.2,India,Zimbabwe,YK Pathan,RA Jadeja,AG Cremer,1,0,,,,,,,,,
452149,2010,2010-06-03,Harare Sports Club,1,35.3,India,Zimbabwe,RA Jadeja,YK Pathan,AG Cremer,0,0,,,,,,,,,
452149,2010,2010-06-03,Harare Sports Club,1,35.4,India,Zimbabwe,RA Jadeja,YK Pathan,AG Cremer,1,0,,,,,,,,,
452149,2010,2010-06-03,Harare Sports Club,1,35.5,India,Zimbabwe,YK Pathan,RA Jadeja,AG Cremer,0,0,,,,,,,,,
452149,2010,2010-06-03,Harare Sports Club,1,35.6,India,Zimbabwe,YK Pathan,RA Jadeja,AG Cremer,6,0,,,,,,,,,
452149,2010,2010-06-03,Harare Sports Club,1,36.1,India,Zimbabwe,RA Jadeja,YK Pathan,RW Price,0,0,,,,,,,,,
452149,2010,2010-06-03,Harare Sports Club,1,36.2,India,Zimbabwe,RA Jadeja,YK Pathan,RW Price,0,0,,,,,,,,,
452149,2010,2010-06-03,Harare Sports Club,1,36.3,India,Zimbabwe,RA Jadeja,YK Pathan,RW Price,1,0,,,,,,,,,
452149,2010,2010-06-03,Harare Sports Club,1,36.4,India,Zimbabwe,YK Pathan,RA Jadeja,RW Price,0,0,,,,,,lbw,YK Pathan,,
452149,2010,2010-06-03,Harare Sports Club,1,36.5,India,Zimbabwe,A Mishra,RA Jadeja,RW Price,0,0,,,,,,,,,
452149,2010,2010-06-03,Harare Sports Club,1,36.6,India,Zimbabwe,A Mishra,RA Jadeja,RW Price,0,0,,,,,,,,,
452149,2010,2010-06-03,Harare Sports Club,1,37.1,India,Zimbabwe,RA Jadeja,A Mishra,AG Cremer,0,0,,,,,,,,,
452149,2010,2010-06-03,Harare Sports Club,1,37.2,India,Zimbabwe,RA Jadeja,A Mishra,AG Cremer,1,0,,,,,,,,,
452149,2010,2010-06-03,Harare Sports Club,1,37.3,India,Zimbabwe,A Mishra,RA Jadeja,AG Cremer,0,0,,,,,,caught,A Mishra,,
452149,2010,2010-06-03,Harare Sports Club,1,37.4,India,Zimbabwe,RA Jadeja,AB Dinda,AG Cremer,0,0,,,,,,,,,
452149,2010,2010-06-03,Harare Sports Club,1,37.5,India,Zimbabwe,RA Jadeja,AB Dinda,AG Cremer,4,0,,,,,,,,,
452149,2010,2010-06-03,Harare Sports Club,1,37.6,India,Zimbabwe,RA Jadeja,AB Dinda,AG Cremer,1,0,,,,,,,,,
452149,2010,2010-06-03,Harare Sports Club,1,38.1,India,Zimbabwe,RA Jadeja,AB Dinda,RW Price,0,0,,,,,,,,,
452149,2010,2010-06-03,Harare Sports Club,1,38.2,India,Zimbabwe,RA Jadeja,AB Dinda,RW Price,0,0,,,,,,,,,
452149,2010,2010-06-03,Harare Sports Club,1,38.3,India,Zimbabwe,RA Jadeja,AB Dinda,RW Price,0,0,,,,,,,,,
452149,2010,2010-06-03,Harare Sports Club,1,38.4,India,Zimbabwe,RA Jadeja,AB Dinda,RW Price,0,0,,,,,,,,,
452149,2010,2010-06-03,Harare Sports Club,1,38.5,India,Zimbabwe,RA Jadeja,AB Dinda,RW Price,1,0,,,,,,,,,
452149,2010,2010-06-03,Harare Sports Club,1,38.6,India,Zimbabwe,AB Dinda,RA Jadeja,RW Price,0,0,,,,,,,,,
452149,2010,2010-06-03,Harare Sports Club,1,39.1,India,Zimbabwe,RA Jadeja,AB Dinda,P Utseya,0,0,,,,,,,,,
452149,2010,2010-06-03,Harare Sports Club,1,39.2,India,Zimbabwe,RA Jadeja,AB Dinda,P Utseya,6,0,,,,,,,,,
452149,2010,2010-06-03,Harare Sports Club,1,39.3,India,Zimbabwe,RA Jadeja,AB Dinda,P Utseya,0,0,,,,,,,,,
452149,2010,2010-06-03,Harare Sports Club,1,39.4,India,Zimbabwe,RA Jadeja,AB Dinda,P Utseya,0,0,,,,,,,,,
452149,2010,2010-06-03,Harare Sports Club,1,39.5,India,Zimbabwe,RA Jadeja,AB Dinda,P Utseya,0,0,,,,,,,,,
452149,2010,2010-06-03,Harare Sports Club,1,39.6,India,Zimbabwe,RA Jadeja,AB Dinda,P Utseya,1,0,,,,,,,,,
452149,2010,2010-06-03,Harare Sports Club,1,40.1,India,Zimbabwe,RA Jadeja,AB Dinda,GA Lamb,0,0,,,,,,,,,
452149,2010,2010-06-03,Harare Sports Club,1,40.2,India,Zimbabwe,RA Jadeja,AB Dinda,GA Lamb,0,1,,,,1,,,,,
452149,2010,2010-06-03,Harare Sports Club,1,40.3,India,Zimbabwe,AB Dinda,RA Jadeja,GA Lamb,0,0,,,,,,,,,
452149,2010,2010-06-03,Harare Sports Club,1,40.4,India,Zimbabwe,AB Dinda,RA Jadeja,GA Lamb,1,0,,,,,,,,,
452149,2010,2010-06-03,Harare Sports Club,1,40.5,India,Zimbabwe,RA Jadeja,AB Dinda,GA Lamb,6,0,,,,,,,,,
452149,2010,2010-06-03,Harare Sports Club,1,40.6,India,Zimbabwe,RA Jadeja,AB Dinda,GA Lamb,0,1,,,,1,,,,,
452149,2010,2010-06-03,Harare Sports Club,1,41.1,India,Zimbabwe,RA Jadeja,AB Dinda,RW Price,0,0,,,,,,,,,
452149,2010,2010-06-03,Harare Sports Club,1,41.2,India,Zimbabwe,RA Jadeja,AB Dinda,RW Price,0,0,,,,,,,,,
452149,2010,2010-06-03,Harare Sports Club,1,41.3,India,Zimbabwe,RA Jadeja,AB Dinda,RW Price,1,0,,,,,,,,,
452149,2010,2010-06-03,Harare Sports Club,1,41.4,India,Zimbabwe,AB Dinda,RA Jadeja,RW Price,0,0,,,,,,,,,
452149,2010,2010-06-03,Harare Sports Club,1,41.5,India,Zimbabwe,AB Dinda,RA Jadeja,RW Price,2,0,,,,,,,,,
452149,2010,2010-06-03,Harare Sports Club,1,41.6,India,Zimbabwe,AB Dinda,RA Jadeja,RW Price,1,0,,,,,,,,,
452149,2010,2010-06-03,Harare Sports Club,1,42.1,India,Zimbabwe,AB Dinda,RA Jadeja,GA Lamb,0,0,,,,,,,,,
452149,2010,2010-06-03,Harare Sports Club,1,42.2,India,Zimbabwe,AB Dinda,RA Jadeja,GA Lamb,1,0,,,,,,,,,
452149,2010,2010-06-03,Harare Sports Club,1,42.3,India,Zimbabwe,RA Jadeja,AB Dinda,GA Lamb,2,0,,,,,,,,,
452149,2010,2010-06-03,Harare Sports Club,1,42.4,India,Zimbabwe,RA Jadeja,AB Dinda,GA Lamb,1,0,,,,,,,,,
452149,2010,2010-06-03,Harare Sports Club,1,42.5,India,Zimbabwe,AB Dinda,RA Jadeja,GA Lamb,0,0,,,,,,,,,
452149,2010,2010-06-03,Harare Sports Club,1,42.6,India,Zimbabwe,AB Dinda,RA Jadeja,GA Lamb,1,0,,,,,,,,,
452149,2010,2010-06-03,Harare Sports Club,1,43.1,India,Zimbabwe,AB Dinda,RA Jadeja,RW Price,2,0,,,,,,,,,
452149,2010,2010-06-03,Harare Sports Club,1,43.2,India,Zimbabwe,AB Dinda,RA Jadeja,RW Price,2,0,,,,,,,,,
452149,2010,2010-06-03,Harare Sports Club,1,43.3,India,Zimbabwe,AB Dinda,RA Jadeja,RW Price,0,0,,,,,,,,,
452149,2010,2010-06-03,Harare Sports Club,1,43.4,India,Zimbabwe,AB Dinda,RA Jadeja,RW Price,4,0,,,,,,,,,
452149,2010,2010-06-03,Harare Sports Club,1,43.5,India,Zimbabwe,AB Dinda,RA Jadeja,RW Price,1,0,,,,,,,,,
452149,2010,2010-06-03,Harare Sports Club,1,43.6,India,Zimbabwe,RA Jadeja,AB Dinda,RW Price,1,0,,,,,,,,,
452149,2010,2010-06-03,Harare Sports Club,1,44.1,India,Zimbabwe,RA Jadeja,AB Dinda,GA Lamb,4,0,,,,,,,,,
452149,2010,2010-06-03,Harare Sports Club,1,44.2,India,Zimbabwe,RA Jadeja,AB Dinda,GA Lamb,0,1,,,,1,,,,,
452149,2010,2010-06-03,Harare Sports Club,1,44.3,India,Zimbabwe,AB Dinda,RA Jadeja,GA Lamb,1,0,,,,,,,,,
452149,2010,2010-06-03,Harare Sports Club,1,44.4,India,Zimbabwe,RA Jadeja,AB Dinda,GA Lamb,0,1,,,,1,,,,,
452149,2010,2010-06-03,Harare Sports Club,1,44.5,India,Zimbabwe,AB Dinda,RA Jadeja,GA Lamb,0,0,,,,,,caught,AB Dinda,,
452149,2010,2010-06-03,Harare Sports Club,1,44.6,India,Zimbabwe,RA Jadeja,PP Ojha,GA Lamb,0,0,,,,,,,,,
452149,2010,2010-06-03,Harare Sports Club,1,45.1,India,Zimbabwe,PP Ojha,RA Jadeja,AM Blignaut,0,0,,,,,,,,,
452149,2010,2010-06-03,Harare Sports Club,1,45.2,India,Zimbabwe,PP Ojha,RA Jadeja,AM Blignaut,0,1,1,,,,,,,,
452149,2010,2010-06-03,Harare Sports Club,1,45.3,India,Zimbabwe,PP Ojha,RA Jadeja,AM Blignaut,0,0,,,,,,,,,
452149,2010,2010-06-03,Harare Sports Club,1,45.4,India,Zimbabwe,PP Ojha,RA Jadeja,AM Blignaut,0,0,,,,,,,,,
452149,2010,2010-06-03,Harare Sports Club,1,45.5,India,Zimbabwe,PP Ojha,RA Jadeja,AM Blignaut,0,0,,,,,,,,,
452149,2010,2010-06-03,Harare Sports Club,1,45.6,India,Zimbabwe,PP Ojha,RA Jadeja,AM Blignaut,0,0,,,,,,,,,
452149,2010,2010-06-03,Harare Sports Club,1,45.7,India,Zimbabwe,PP Ojha,RA Jadeja,AM Blignaut,1,0,,,,,,,,,
452149,2010,2010-06-03,Harare Sports Club,1,46.1,India,Zimbabwe,PP Ojha,RA Jadeja,P Utseya,0,0,,,,,,,,,
452149,2010,2010-06-03,Harare Sports Club,1,46.2,India,Zimbabwe,PP Ojha,RA Jadeja,P Utseya,0,0,,,,,,,,,
452149,2010,2010-06-03,Harare Sports Club,1,46.3,India,Zimbabwe,PP Ojha,RA Jadeja,P Utseya,0,0,,,,,,,,,
452149,2010,2010-06-03,Harare Sports Club,1,46.4,India,Zimbabwe,PP Ojha,RA Jadeja,P Utseya,1,0,,,,,,,,,
452149,2010,2010-06-03,Harare Sports Club,1,46.5,India,Zimbabwe,RA Jadeja,PP Ojha,P Utseya,0,0,,,,,,,,,
452149,2010,2010-06-03,Harare Sports Club,1,46.6,India,Zimbabwe,RA Jadeja,PP Ojha,P Utseya,1,0,,,,,,,,,
452149,2010,2010-06-03,Harare Sports Club,1,47.1,India,Zimbabwe,RA Jadeja,PP Ojha,AM Blignaut,0,0,,,,,,,,,
452149,2010,2010-06-03,Harare Sports Club,1,47.2,India,Zimbabwe,RA Jadeja,PP Ojha,AM Blignaut,1,0,,,,,,,,,
452149,2010,2010-06-03,Harare Sports Club,1,47.3,India,Zimbabwe,PP Ojha,RA Jadeja,AM Blignaut,0,0,,,,,,,,,
452149,2010,2010-06-03,Harare Sports Club,1,47.4,India,Zimbabwe,PP Ojha,RA Jadeja,AM Blignaut,1,0,,,,,,,,,
452149,2010,2010-06-03,Harare Sports Club,1,47.5,India,Zimbabwe,RA Jadeja,PP Ojha,AM Blignaut,1,0,,,,,,,,,
452149,2010,2010-06-03,Harare Sports Club,1,47.6,India,Zimbabwe,PP Ojha,RA Jadeja,AM Blignaut,0,0,,,,,,,,,
452149,2010,2010-06-03,Harare Sports Club,1,48.1,India,Zimbabwe,RA Jadeja,PP Ojha,RW Price,1,0,,,,,,,,,
452149,2010,2010-06-03,Harare Sports Club,1,48.2,India,Zimbabwe,PP Ojha,RA Jadeja,RW Price,0,0,,,,,,,,,
452149,2010,2010-06-03,Harare Sports Club,1,48.3,India,Zimbabwe,PP Ojha,RA Jadeja,RW Price,1,0,,,,,,,,,
452149,2010,2010-06-03,Harare Sports Club,1,48.4,India,Zimbabwe,RA Jadeja,PP Ojha,RW Price,0,2,,,,2,,,,,
452149,2010,2010-06-03,Harare Sports Club,1,48.5,India,Zimbabwe,RA Jadeja,PP Ojha,RW Price,1,0,,,,,,,,,
452149,2010,2010-06-03,Harare Sports Club,1,48.6,India,Zimbabwe,PP Ojha,RA Jadeja,RW Price,1,0,,,,,,,,,
452149,2010,2010-06-03,Harare Sports Club,1,49.1,India,Zimbabwe,PP Ojha,RA Jadeja,AM Blignaut,1,0,,,,,,,,,
452149,2010,2010-06-03,Harare Sports Club,1,49.2,India,Zimbabwe,RA Jadeja,PP Ojha,AM Blignaut,0,0,,,,,,caught,RA Jadeja,,
452149,2010,2010-06-03,Harare Sports Club,1,49.3,India,Zimbabwe,PP Ojha,UT Yadav,AM Blignaut,1,0,,,,,,,,,
452149,2010,2010-06-03,Harare Sports Club,1,49.4,India,Zimbabwe,UT Yadav,PP Ojha,AM Blignaut,0,0,,,,,,,,,
452149,2010,2010-06-03,Harare Sports Club,1,49.5,India,Zimbabwe,UT Yadav,PP Ojha,AM Blignaut,2,0,,,,,,,,,
452149,2010,2010-06-03,Harare Sports Club,1,49.6,India,Zimbabwe,UT Yadav,PP Ojha,AM Blignaut,1,0,,,,,,,,,
452149,2010,2010-06-03,Harare Sports Club,2,0.1,Zimbabwe,India,H Masakadza,BRM Taylor,AB Dinda,0,0,,,,,,,,,
452149,2010,2010-06-03,Harare Sports Club,2,0.2,Zimbabwe,India,H Masakadza,BRM Taylor,AB Dinda,0,0,,,,,,,,,
452149,2010,2010-06-03,Harare Sports Club,2,0.3,Zimbabwe,India,H Masakadza,BRM Taylor,AB Dinda,1,0,,,,,,,,,
452149,2010,2010-06-03,Harare Sports Club,2,0.4,Zimbabwe,India,BRM Taylor,H Masakadza,AB Dinda,0,0,,,,,,,,,
452149,2010,2010-06-03,Harare Sports Club,2,0.5,Zimbabwe,India,BRM Taylor,H Masakadza,AB Dinda,0,0,,,,,,,,,
452149,2010,2010-06-03,Harare Sports Club,2,0.6,Zimbabwe,India,BRM Taylor,H Masakadza,AB Dinda,0,0,,,,,,,,,
452149,2010,2010-06-03,Harare Sports Club,2,1.1,Zimbabwe,India,H Masakadza,BRM Taylor,PP Ojha,0,0,,,,,,,,,
452149,2010,2010-06-03,Harare Sports Club,2,1.2,Zimbabwe,India,H Masakadza,BRM Taylor,PP Ojha,0,0,,,,,,,,,
452149,2010,2010-06-03,Harare Sports Club,2,1.3,Zimbabwe,India,H Masakadza,BRM Taylor,PP Ojha,0,0,,,,,,,,,
452149,2010,2010-06-03,Harare Sports Club,2,1.4,Zimbabwe,India,H Masakadza,BRM Taylor,PP Ojha,0,0,,,,,,,,,
452149,2010,2010-06-03,Harare Sports Club,2,1.5,Zimbabwe,India,H Masakadza,BRM Taylor,PP Ojha,2,0,,,,,,,,,
452149,2010,2010-06-03,Harare Sports Club,2,1.6,Zimbabwe,India,H Masakadza,BRM Taylor,PP Ojha,0,0,,,,,,,,,
452149,2010,2010-06-03,Harare Sports Club,2,2.1,Zimbabwe,India,BRM Taylor,H Masakadza,AB Dinda,0,1,1,,,,,,,,
452149,2010,2010-06-03,Harare Sports Club,2,2.2,Zimbabwe,India,BRM Taylor,H Masakadza,AB Dinda,1,0,,,,,,,,,
452149,2010,2010-06-03,Harare Sports Club,2,2.3,Zimbabwe,India,H Masakadza,BRM Taylor,AB Dinda,0,0,,,,,,,,,
452149,2010,2010-06-03,Harare Sports Club,2,2.4,Zimbabwe,India,H Masakadza,BRM Taylor,AB Dinda,0,0,,,,,,,,,
452149,2010,2010-06-03,Harare Sports Club,2,2.5,Zimbabwe,India,H Masakadza,BRM Taylor,AB Dinda,0,0,,,,,,,,,
452149,2010,2010-06-03,Harare Sports Club,2,2.6,Zimbabwe,India,H Masakadza,BRM Taylor,AB Dinda,0,0,,,,,,,,,
452149,2010,2010-06-03,Harare Sports Club,2,2.7,Zimbabwe,India,H Masakadza,BRM Taylor,AB Dinda,0,0,,,,,,,,,
452149,2010,2010-06-03,Harare Sports Club,2,3.1,Zimbabwe,India,BRM Taylor,H Masakadza,PP Ojha,0,0,,,,,,,,,
452149,2010,2010-06-03,Harare Sports Club,2,3.2,Zimbabwe,India,BRM Taylor,H Masakadza,PP Ojha,0,0,,,,,,,,,
452149,2010,2010-06-03,Harare Sports Club,2,3.3,Zimbabwe,India,BRM Taylor,H Masakadza,PP Ojha,0,0,,,,,,,,,
452149,2010,2010-06-03,Harare Sports Club,2,3.4,Zimbabwe,India,BRM Taylor,H Masakadza,PP Ojha,0,0,,,,,,,,,
452149,2010,2010-06-03,Harare Sports Club,2,3.5,Zimbabwe,India,BRM Taylor,H Masakadza,PP Ojha,0,0,,,,,,,,,
452149,2010,2010-06-03,Harare Sports Club,2,3.6,Zimbabwe,India,BRM Taylor,H Masakadza,PP Ojha,1,0,,,,,,,,,
452149,2010,2010-06-03,Harare Sports Club,2,4.1,Zimbabwe,India,BRM Taylor,H Masakadza,AB Dinda,4,0,,,,,,,,,
452149,2010,2010-06-03,Harare Sports Club,2,4.2,Zimbabwe,India,BRM Taylor,H Masakadza,AB Dinda,0,0,,,,,,,,,
452149,2010,2010-06-03,Harare Sports Club,2,4.3,Zimbabwe,India,BRM Taylor,H Masakadza,AB Dinda,0,0,,,,,,,,,
452149,2010,2010-06-03,Harare Sports Club,2,4.4,Zimbabwe,India,BRM Taylor,H Masakadza,AB Dinda,1,0,,,,,,,,,
452149,2010,2010-06-03,Harare Sports Club,2,4.5,Zimbabwe,India,H Masakadza,BRM Taylor,AB Dinda,0,0,,,,,,,,,
452149,2010,2010-06-03,Harare Sports Club,2,4.6,Zimbabwe,India,H Masakadza,BRM Taylor,AB Dinda,0,0,,,,,,,,,
452149,2010,2010-06-03,Harare Sports Club,2,5.1,Zimbabwe,India,BRM Taylor,H Masakadza,PP Ojha,0,0,,,,,,,,,
452149,2010,2010-06-03,Harare Sports Club,2,5.2,Zimbabwe,India,BRM Taylor,H Masakadza,PP Ojha,2,0,,,,,,,,,
452149,2010,2010-06-03,Harare Sports Club,2,5.3,Zimbabwe,India,BRM Taylor,H Masakadza,PP Ojha,0,0,,,,,,,,,
452149,2010,2010-06-03,Harare Sports Club,2,5.4,Zimbabwe,India,BRM Taylor,H Masakadza,PP Ojha,3,0,,,,,,,,,
452149,2010,2010-06-03,Harare Sports Club,2,5.5,Zimbabwe,India,H Masakadza,BRM Taylor,PP Ojha,0,0,,,,,,,,,
452149,2010,2010-06-03,Harare Sports Club,2,5.6,Zimbabwe,India,H Masakadza,BRM Taylor,PP Ojha,4,0,,,,,,,,,
452149,2010,2010-06-03,Harare Sports Club,2,6.1,Zimbabwe,India,BRM Taylor,H Masakadza,AB Dinda,4,0,,,,,,,,,
452149,2010,2010-06-03,Harare Sports Club,2,6.2,Zimbabwe,India,BRM Taylor,H Masakadza,AB Dinda,0,0,,,,,,,,,
452149,2010,2010-06-03,Harare Sports Club,2,6.3,Zimbabwe,India,BRM Taylor,H Masakadza,AB Dinda,2,0,,,,,,,,,
452149,2010,2010-06-03,Harare Sports Club,2,6.4,Zimbabwe,India,BRM Taylor,H Masakadza,AB Dinda,0,0,,,,,,,,,
452149,2010,2010-06-03,Harare Sports Club,2,6.5,Zimbabwe,India,BRM Taylor,H Masakadza,AB Dinda,3,0,,,,,,,,,
452149,2010,2010-06-03,Harare Sports Club,2,6.6,Zimbabwe,India,H Masakadza,BRM Taylor,AB Dinda,0,0,,,,,,,,,
452149,2010,2010-06-03,Harare Sports Club,2,7.1,Zimbabwe,India,BRM Taylor,H Masakadza,UT Yadav,0,0,,,,,,,,,
452149,2010,2010-06-03,Harare Sports Club,2,7.2,Zimbabwe,India,BRM Taylor,H Masakadza,UT Yadav,2,0,,,,,,,,,
452149,2010,2010-06-03,Harare Sports Club,2,7.3,Zimbabwe,India,BRM Taylor,H Masakadza,UT Yadav,0,0,,,,,,,,,
452149,2010,2010-06-03,Harare Sports Club,2,7.4,Zimbabwe,India,BRM Taylor,H Masakadza,UT Yadav,0,0,,,,,,,,,
452149,2010,2010-06-03,Harare Sports Club,2,7.5,Zimbabwe,India,BRM Taylor,H Masakadza,UT Yadav,0,0,,,,,,,,,
452149,2010,2010-06-03,Harare Sports Club,2,7.6,Zimbabwe,India,BRM Taylor,H Masakadza,UT Yadav,6,0,,,,,,,,,
452149,2010,2010-06-03,Harare Sports Club,2,8.1,Zimbabwe,India,H Masakadza,BRM Taylor,AB Dinda,0,0,,,,,,,,,
452149,2010,2010-06-03,Harare Sports Club,2,8.2,Zimbabwe,India,H Masakadza,BRM Taylor,AB Dinda,0,0,,,,,,,,,
452149,2010,2010-06-03,Harare Sports Club,2,8.3,Zimbabwe,India,H Masakadza,BRM Taylor,AB Dinda,1,0,,,,,,,,,
452149,2010,2010-06-03,Harare Sports Club,2,8.4,Zimbabwe,India,BRM Taylor,H Masakadza,AB Dinda,0,1,1,,,,,,,,
452149,2010,2010-06-03,Harare Sports Club,2,8.5,Zimbabwe,India,BRM Taylor,H Masakadza,AB Dinda,2,0,,,,,,,,,
452149,2010,2010-06-03,Harare Sports Club,2,8.6,Zimbabwe,India,BRM Taylor,H Masakadza,AB Dinda,4,0,,,,,,,,,
452149,2010,2010-06-03,Harare Sports Club,2,8.7,Zimbabwe,India,BRM Taylor,H Masakadza,AB Dinda,0,0,,,,,,,,,
452149,2010,2010-06-03,Harare Sports Club,2,9.1,Zimbabwe,India,H Masakadza,BRM Taylor,A Mishra,0,0,,,,,,,,,
452149,2010,2010-06-03,Harare Sports Club,2,9.2,Zimbabwe,India,H Masakadza,BRM Taylor,A Mishra,4,0,,,,,,,,,
452149,2010,2010-06-03,Harare Sports Club,2,9.3,Zimbabwe,India,H Masakadza,BRM Taylor,A Mishra,4,0,,,,,,,,,
452149,2010,2010-06-03,Harare Sports Club,2,9.4,Zimbabwe,India,H Masakadza,BRM Taylor,A Mishra,0,0,,,,,,,,,
452149,2010,2010-06-03,Harare Sports Club,2,9.5,Zimbabwe,India,H Masakadza,BRM Taylor,A Mishra,1,0,,,,,,,,,
452149,2010,2010-06-03,Harare Sports Club,2,9.6,Zimbabwe,India,BRM Taylor,H Masakadza,A Mishra,0,0,,,,,,,,,
452149,2010,2010-06-03,Harare Sports Club,2,10.1,Zimbabwe,India,H Masakadza,BRM Taylor,PP Ojha,3,0,,,,,,,,,
452149,2010,2010-06-03,Harare Sports Club,2,10.2,Zimbabwe,India,BRM Taylor,H Masakadza,PP Ojha,1,0,,,,,,,,,
452149,2010,2010-06-03,Harare Sports Club,2,10.3,Zimbabwe,India,H Masakadza,BRM Taylor,PP Ojha,0,0,,,,,,,,,
452149,2010,2010-06-03,Harare Sports Club,2,10.4,Zimbabwe,India,H Masakadza,BRM Taylor,PP Ojha,1,0,,,,,,,,,
452149,2010,2010-06-03,Harare Sports Club,2,10.5,Zimbabwe,India,BRM Taylor,H Masakadza,PP Ojha,0,0,,,,,,,,,
452149,2010,2010-06-03,Harare Sports Club,2,10.6,Zimbabwe,India,BRM Taylor,H Masakadza,PP Ojha,1,0,,,,,,,,,
452149,2010,2010-06-03,Harare Sports Club,2,11.1,Zimbabwe,India,BRM Taylor,H Masakadza,A Mishra,0,0,,,,,,,,,
452149,2010,2010-06-03,Harare Sports Club,2,11.2,Zimbabwe,India,BRM Taylor,H Masakadza,A Mishra,0,0,,,,,,,,,
452149,2010,2010-06-03,Harare Sports Club,2,11.3,Zimbabwe,India,BRM Taylor,H Masakadza,A Mishra,1,0,,,,,,,,,
452149,2010,2010-06-03,Harare Sports Club,2,11.4,Zimbabwe,India,H Masakadza,BRM Taylor,A Mishra,1,0,,,,,,,,,
452149,2010,2010-06-03,Harare Sports Club,2,11.5,Zimbabwe,India,BRM Taylor,H Masakadza,A Mishra,0,0,,,,,,,,,
452149,2010,2010-06-03,Harare Sports Club,2,11.6,Zimbabwe,India,BRM Taylor,H Masakadza,A Mishra,4,0,,,,,,,,,
452149,2010,2010-06-03,Harare Sports Club,2,12.1,Zimbabwe,India,H Masakadza,BRM Taylor,PP Ojha,1,0,,,,,,,,,
452149,2010,2010-06-03,Harare Sports Club,2,12.2,Zimbabwe,India,BRM Taylor,H Masakadza,PP Ojha,0,0,,,,,,,,,
452149,2010,2010-06-03,Harare Sports Club,2,12.3,Zimbabwe,India,BRM Taylor,H Masakadza,PP Ojha,0,0,,,,,,,,,
452149,2010,2010-06-03,Harare Sports Club,2,12.4,Zimbabwe,India,BRM Taylor,H Masakadza,PP Ojha,0,0,,,,,,,,,
452149,2010,2010-06-03,Harare Sports Club,2,12.5,Zimbabwe,India,BRM Taylor,H Masakadza,PP Ojha,0,0,,,,,,,,,
452149,2010,2010-06-03,Harare Sports Club,2,12.6,Zimbabwe,India,BRM Taylor,H Masakadza,PP Ojha,1,0,,,,,,,,,
452149,2010,2010-06-03,Harare Sports Club,2,13.1,Zimbabwe,India,BRM Taylor,H Masakadza,A Mishra,1,0,,,,,,,,,
452149,2010,2010-06-03,Harare Sports Club,2,13.2,Zimbabwe,India,H Masakadza,BRM Taylor,A Mishra,1,0,,,,,,,,,
452149,2010,2010-06-03,Harare Sports Club,2,13.3,Zimbabwe,India,BRM Taylor,H Masakadza,A Mishra,1,0,,,,,,,,,
452149,2010,2010-06-03,Harare Sports Club,2,13.4,Zimbabwe,India,H Masakadza,BRM Taylor,A Mishra,3,0,,,,,,,,,
452149,2010,2010-06-03,Harare Sports Club,2,13.5,Zimbabwe,India,BRM Taylor,H Masakadza,A Mishra,0,0,,,,,,,,,
452149,2010,2010-06-03,Harare Sports Club,2,13.6,Zimbabwe,India,BRM Taylor,H Masakadza,A Mishra,1,0,,,,,,,,,
452149,2010,2010-06-03,Harare Sports Club,2,14.1,Zimbabwe,India,BRM Taylor,H Masakadza,PP Ojha,0,0,,,,,,,,,
452149,2010,2010-06-03,Harare Sports Club,2,14.2,Zimbabwe,India,BRM Taylor,H Masakadza,PP Ojha,0,0,,,,,,,,,
452149,2010,2010-06-03,Harare Sports Club,2,14.3,Zimbabwe,India,BRM Taylor,H Masakadza,PP Ojha,0,0,,,,,,,,,
452149,2010,2010-06-03,Harare Sports Club,2,14.4,Zimbabwe,India,BRM Taylor,H Masakadza,PP Ojha,0,0,,,,,,,,,
452149,2010,2010-06-03,Harare Sports Club,2,14.5,Zimbabwe,India,BRM Taylor,H Masakadza,PP Ojha,1,0,,,,,,,,,
452149,2010,2010-06-03,Harare Sports Club,2,14.6,Zimbabwe,India,H Masakadza,BRM Taylor,PP Ojha,0,0,,,,,,,,,
452149,2010,2010-06-03,Harare Sports Club,2,15.1,Zimbabwe,India,BRM Taylor,H Masakadza,A Mishra,1,0,,,,,,,,,
452149,2010,2010-06-03,Harare Sports Club,2,15.2,Zimbabwe,India,H Masakadza,BRM Taylor,A Mishra,1,0,,,,,,,,,
452149,2010,2010-06-03,Harare Sports Club,2,15.3,Zimbabwe,India,BRM Taylor,H Masakadza,A Mishra,0,0,,,,,,,,,
452149,2010,2010-06-03,Harare Sports Club,2,15.4,Zimbabwe,India,BRM Taylor,H Masakadza,A Mishra,1,0,,,,,,,,,
452149,2010,2010-06-03,Harare Sports Club,2,15.5,Zimbabwe,India,H Masakadza,BRM Taylor,A Mishra,0,0,,,,,,,,,
452149,2010,2010-06-03,Harare Sports Club,2,15.6,Zimbabwe,India,H Masakadza,BRM Taylor,A Mishra,0,0,,,,,,,,,
452149,2010,2010-06-03,Harare Sports Club,2,16.1,Zimbabwe,India,BRM Taylor,H Masakadza,RA Jadeja,0,0,,,,,,,,,
452149,2010,2010-06-03,Harare Sports Club,2,16.2,Zimbabwe,India,BRM Taylor,H Masakadza,RA Jadeja,1,1,,1,,,,,,,
452149,2010,2010-06-03,Harare Sports Club,2,16.3,Zimbabwe,India,H Masakadza,BRM Taylor,RA Jadeja,1,0,,,,,,,,,
452149,2010,2010-06-03,Harare Sports Club,2,16.4,Zimbabwe,India,BRM Taylor,H Masakadza,RA Jadeja,1,0,,,,,,,,,
452149,2010,2010-06-03,Harare Sports Club,2,16.5,Zimbabwe,India,H Masakadza,BRM Taylor,RA Jadeja,0,0,,,,,,,,,
452149,2010,2010-06-03,Harare Sports Club,2,16.6,Zimbabwe,India,H Masakadza,BRM Taylor,RA Jadeja,1,0,,,,,,,,,
452149,2010,2010-06-03,Harare Sports Club,2,16.7,Zimbabwe,India,BRM Taylor,H Masakadza,RA Jadeja,1,0,,,,,,,,,
452149,2010,2010-06-03,Harare Sports Club,2,17.1,Zimbabwe,India,BRM Taylor,H Masakadza,A Mishra,0,0,,,,,,,,,
452149,2010,2010-06-03,Harare Sports Club,2,17.2,Zimbabwe,India,BRM Taylor,H Masakadza,A Mishra,1,0,,,,,,,,,
452149,2010,2010-06-03,Harare Sports Club,2,17.3,Zimbabwe,India,H Masakadza,BRM Taylor,A Mishra,0,0,,,,,,,,,
452149,2010,2010-06-03,Harare Sports Club,2,17.4,Zimbabwe,India,H Masakadza,BRM Taylor,A Mishra,1,0,,,,,,,,,
452149,2010,2010-06-03,Harare Sports Club,2,17.5,Zimbabwe,India,BRM Taylor,H Masakadza,A Mishra,1,0,,,,,,,,,
452149,2010,2010-06-03,Harare Sports Club,2,17.6,Zimbabwe,India,H Masakadza,BRM Taylor,A Mishra,2,0,,,,,,,,,
452149,2010,2010-06-03,Harare Sports Club,2,18.1,Zimbabwe,India,BRM Taylor,H Masakadza,RA Jadeja,0,0,,,,,,,,,
452149,2010,2010-06-03,Harare Sports Club,2,18.2,Zimbabwe,India,BRM Taylor,H Masakadza,RA Jadeja,4,0,,,,,,,,,
452149,2010,2010-06-03,Harare Sports Club,2,18.3,Zimbabwe,India,BRM Taylor,H Masakadza,RA Jadeja,1,0,,,,,,,,,
452149,2010,2010-06-03,Harare Sports Club,2,18.4,Zimbabwe,India,H Masakadza,BRM Taylor,RA Jadeja,1,0,,,,,,,,,
452149,2010,2010-06-03,Harare Sports Club,2,18.5,Zimbabwe,India,BRM Taylor,H Masakadza,RA Jadeja,0,0,,,,,,,,,
452149,2010,2010-06-03,Harare Sports Club,2,18.6,Zimbabwe,India,BRM Taylor,H Masakadza,RA Jadeja,1,0,,,,,,,,,
452149,2010,2010-06-03,Harare Sports Club,2,19.1,Zimbabwe,India,BRM Taylor,H Masakadza,UT Yadav,0,0,,,,,,,,,
452149,2010,2010-06-03,Harare Sports Club,2,19.2,Zimbabwe,India,BRM Taylor,H Masakadza,UT Yadav,0,4,,,,4,,,,,
452149,2010,2010-06-03,Harare Sports Club,2,19.3,Zimbabwe,India,BRM Taylor,H Masakadza,UT Yadav,1,0,,,,,,,,,
452149,2010,2010-06-03,Harare Sports Club,2,19.4,Zimbabwe,India,H Masakadza,BRM Taylor,UT Yadav,0,0,,,,,,,,,
452149,2010,2010-06-03,Harare Sports Club,2,19.5,Zimbabwe,India,H Masakadza,BRM Taylor,UT Yadav,0,0,,,,,,,,,
452149,2010,2010-06-03,Harare Sports Club,2,19.6,Zimbabwe,India,H Masakadza,BRM Taylor,UT Yadav,1,0,,,,,,,,,
452149,2010,2010-06-03,Harare Sports Club,2,20.1,Zimbabwe,India,H Masakadza,BRM Taylor,PP Ojha,1,0,,,,,,,,,
452149,2010,2010-06-03,Harare Sports Club,2,20.2,Zimbabwe,India,BRM Taylor,H Masakadza,PP Ojha,0,0,,,,,,,,,
452149,2010,2010-06-03,Harare Sports Club,2,20.3,Zimbabwe,India,BRM Taylor,H Masakadza,PP Ojha,0,0,,,,,,,,,
452149,2010,2010-06-03,Harare Sports Club,2,20.4,Zimbabwe,India,BRM Taylor,H Masakadza,PP Ojha,0,0,,,,,,,,,
452149,2010,2010-06-03,Harare Sports Club,2,20.5,Zimbabwe,India,BRM Taylor,H Masakadza,PP Ojha,0,0,,,,,,,,,
452149,2010,2010-06-03,Harare Sports Club,2,20.6,Zimbabwe,India,BRM Taylor,H Masakadza,PP Ojha,1,0,,,,,,,,,
452149,2010,2010-06-03,Harare Sports Club,2,21.1,Zimbabwe,India,BRM Taylor,H Masakadza,UT Yadav,1,0,,,,,,,,,
452149,2010,2010-06-03,Harare Sports Club,2,21.2,Zimbabwe,India,H Masakadza,BRM Taylor,UT Yadav,1,0,,,,,,,,,
452149,2010,2010-06-03,Harare Sports Club,2,21.3,Zimbabwe,India,BRM Taylor,H Masakadza,UT Yadav,1,0,,,,,,,,,
452149,2010,2010-06-03,Harare Sports Club,2,21.4,Zimbabwe,India,H Masakadza,BRM Taylor,UT Yadav,0,0,,,,,,,,,
452149,2010,2010-06-03,Harare Sports Club,2,21.5,Zimbabwe,India,H Masakadza,BRM Taylor,UT Yadav,0,0,,,,,,,,,
452149,2010,2010-06-03,Harare Sports Club,2,21.6,Zimbabwe,India,H Masakadza,BRM Taylor,UT Yadav,1,0,,,,,,,,,
452149,2010,2010-06-03,Harare Sports Club,2,22.1,Zimbabwe,India,H Masakadza,BRM Taylor,PP Ojha,0,0,,,,,,,,,
452149,2010,2010-06-03,Harare Sports Club,2,22.2,Zimbabwe,India,H Masakadza,BRM Taylor,PP Ojha,0,0,,,,,,,,,
452149,2010,2010-06-03,Harare Sports Club,2,22.3,Zimbabwe,India,H Masakadza,BRM Taylor,PP Ojha,1,0,,,,,,,,,
452149,2010,2010-06-03,Harare Sports Club,2,22.4,Zimbabwe,India,BRM Taylor,H Masakadza,PP Ojha,2,0,,,,,,,,,
452149,2010,2010-06-03,Harare Sports Club,2,22.5,Zimbabwe,India,BRM Taylor,H Masakadza,PP Ojha,1,0,,,,,,,,,
452149,2010,2010-06-03,Harare Sports Club,2,22.6,Zimbabwe,India,H Masakadza,BRM Taylor,PP Ojha,0,0,,,,,,,,,
452149,2010,2010-06-03,Harare Sports Club,2,23.1,Zimbabwe,India,BRM Taylor,H Masakadza,UT Yadav,1,0,,,,,,,,,
452149,2010,2010-06-03,Harare Sports Club,2,23.2,Zimbabwe,India,H Masakadza,BRM Taylor,UT Yadav,0,0,,,,,,,,,
452149,2010,2010-06-03,Harare Sports Club,2,23.3,Zimbabwe,India,H Masakadza,BRM Taylor,UT Yadav,0,0,,,,,,,,,
452149,2010,2010-06-03,Harare Sports Club,2,23.4,Zimbabwe,India,H Masakadza,BRM Taylor,UT Yadav,4,0,,,,,,,,,
452149,2010,2010-06-03,Harare Sports Club,2,23.5,Zimbabwe,India,H Masakadza,BRM Taylor,UT Yadav,1,0,,,,,,,,,
452149,2010,2010-06-03,Harare Sports Club,2,23.6,Zimbabwe,India,BRM Taylor,H Masakadza,UT Yadav,0,0,,,,,,,,,
452149,2010,2010-06-03,Harare Sports Club,2,24.1,Zimbabwe,India,H Masakadza,BRM Taylor,PP Ojha,0,0,,,,,,,,,
452149,2010,2010-06-03,Harare Sports Club,2,24.2,Zimbabwe,India,H Masakadza,BRM Taylor,PP Ojha,0,0,,,,,,,,,
452149,2010,2010-06-03,Harare Sports Club,2,24.3,Zimbabwe,India,H Masakadza,BRM Taylor,PP Ojha,0,0,,,,,,,,,
452149,2010,2010-06-03,Harare Sports Club,2,24.4,Zimbabwe,India,H Masakadza,BRM Taylor,PP Ojha,2,0,,,,,,,,,
452149,2010,2010-06-03,Harare Sports Club,2,24.5,Zimbabwe,India,H Masakadza,BRM Taylor,PP Ojha,0,0,,,,,,,,,
452149,2010,2010-06-03,Harare Sports Club,2,24.6,Zimbabwe,India,H Masakadza,BRM Taylor,PP Ojha,0,0,,,,,,,,,
452149,2010,2010-06-03,Harare Sports Club,2,25.1,Zimbabwe,India,BRM Taylor,H Masakadza,A Mishra,1,0,,,,,,,,,
452149,2010,2010-06-03,Harare Sports Club,2,25.2,Zimbabwe,India,H Masakadza,BRM Taylor,A Mishra,1,0,,,,,,,,,
452149,2010,2010-06-03,Harare Sports Club,2,25.3,Zimbabwe,India,BRM Taylor,H Masakadza,A Mishra,0,0,,,,,,,,,
452149,2010,2010-06-03,Harare Sports Club,2,25.4,Zimbabwe,India,BRM Taylor,H Masakadza,A Mishra,1,0,,,,,,,,,
452149,2010,2010-06-03,Harare Sports Club,2,25.5,Zimbabwe,India,H Masakadza,BRM Taylor,A Mishra,0,0,,,,,,,,,
452149,2010,2010-06-03,Harare Sports Club,2,25.6,Zimbabwe,India,H Masakadza,BRM Taylor,A Mishra,0,0,,,,,,,,,
452149,2010,2010-06-03,Harare Sports Club,2,26.1,Zimbabwe,India,BRM Taylor,H Masakadza,PP Ojha,0,0,,,,,,,,,
452149,2010,2010-06-03,Harare Sports Club,2,26.2,Zimbabwe,India,BRM Taylor,H Masakadza,PP Ojha,4,0,,,,,,,,,
452149,2010,2010-06-03,Harare Sports Club,2,26.3,Zimbabwe,India,BRM Taylor,H Masakadza,PP Ojha,0,0,,,,,,caught,BRM Taylor,,
452149,2010,2010-06-03,Harare Sports Club,2,26.4,Zimbabwe,India,H Masakadza,CK Coventry,PP Ojha,0,0,,,,,,,,,
452149,2010,2010-06-03,Harare Sports Club,2,26.5,Zimbabwe,India,H Masakadza,CK Coventry,PP Ojha,1,0,,,,,,,,,
452149,2010,2010-06-03,Harare Sports Club,2,26.6,Zimbabwe,India,CK Coventry,H Masakadza,PP Ojha,1,0,,,,,,,,,
452149,2010,2010-06-03,Harare Sports Club,2,27.1,Zimbabwe,India,CK Coventry,H Masakadza,A Mishra,1,0,,,,,,,,,
452149,2010,2010-06-03,Harare Sports Club,2,27.2,Zimbabwe,India,H Masakadza,CK Coventry,A Mishra,1,0,,,,,,,,,
452149,2010,2010-06-03,Harare Sports Club,2,27.3,Zimbabwe,India,CK Coventry,H Masakadza,A Mishra,1,0,,,,,,,,,
452149,2010,2010-06-03,Harare Sports Club,2,27.4,Zimbabwe,India,H Masakadza,CK Coventry,A Mishra,0,0,,,,,,,,,
452149,2010,2010-06-03,Harare Sports Club,2,27.5,Zimbabwe,India,H Masakadza,CK Coventry,A Mishra,1,0,,,,,,,,,
452149,2010,2010-06-03,Harare Sports Club,2,27.6,Zimbabwe,India,CK Coventry,H Masakadza,A Mishra,1,0,,,,,,,,,
452149,2010,2010-06-03,Harare Sports Club,2,28.1,Zimbabwe,India,CK Coventry,H Masakadza,RA Jadeja,0,0,,,,,,,,,
452149,2010,2010-06-03,Harare Sports Club,2,28.2,Zimbabwe,India,CK Coventry,H Masakadza,RA Jadeja,0,0,,,,,,,,,
452149,2010,2010-06-03,Harare Sports Club,2,28.3,Zimbabwe,India,CK Coventry,H Masakadza,RA Jadeja,1,0,,,,,,,,,
452149,2010,2010-06-03,Harare Sports Club,2,28.4,Zimbabwe,India,H Masakadza,CK Coventry,RA Jadeja,1,0,,,,,,,,,
452149,2010,2010-06-03,Harare Sports Club,2,28.5,Zimbabwe,India,CK Coventry,H Masakadza,RA Jadeja,0,0,,,,,,,,,
452149,2010,2010-06-03,Harare Sports Club,2,28.6,Zimbabwe,India,CK Coventry,H Masakadza,RA Jadeja,0,0,,,,,,,,,
452149,2010,2010-06-03,Harare Sports Club,2,29.1,Zimbabwe,India,H Masakadza,CK Coventry,A Mishra,6,0,,,,,,,,,
452149,2010,2010-06-03,Harare Sports Club,2,29.2,Zimbabwe,India,H Masakadza,CK Coventry,A Mishra,6,0,,,,,,,,,
452149,2010,2010-06-03,Harare Sports Club,2,29.3,Zimbabwe,India,H Masakadza,CK Coventry,A Mishra,0,0,,,,,,,,,
452149,2010,2010-06-03,Harare Sports Club,2,29.4,Zimbabwe,India,H Masakadza,CK Coventry,A Mishra,0,0,,,,,,,,,
452149,2010,2010-06-03,Harare Sports Club,2,29.5,Zimbabwe,India,H Masakadza,CK Coventry,A Mishra,1,0,,,,,,,,,
452149,2010,2010-06-03,Harare Sports Club,2,29.6,Zimbabwe,India,CK Coventry,H Masakadza,A Mishra,0,0,,,,,,,,,
452149,2010,2010-06-03,Harare Sports Club,2,30.1,Zimbabwe,India,H Masakadza,CK Coventry,AB Dinda,0,0,,,,,,,,,
452149,2010,2010-06-03,Harare Sports Club,2,30.2,Zimbabwe,India,H Masakadza,CK Coventry,AB Dinda,0,0,,,,,,,,,
452149,2010,2010-06-03,Harare Sports Club,2,30.3,Zimbabwe,India,H Masakadza,CK Coventry,AB Dinda,1,0,,,,,,,,,
452149,2010,2010-06-03,Harare Sports Club,2,30.4,Zimbabwe,India,CK Coventry,H Masakadza,AB Dinda,0,0,,,,,,,,,
452149,2010,2010-06-03,Harare Sports Club,2,30.5,Zimbabwe,India,CK Coventry,H Masakadza,AB Dinda,4,0,,,,,,,,,
452149,2010,2010-06-03,Harare Sports Club,2,30.6,Zimbabwe,India,CK Coventry,H Masakadza,AB Dinda,4,0,,,,,,,,,
452149,2010,2010-06-03,Harare Sports Club,2,31.1,Zimbabwe,India,H Masakadza,CK Coventry,RA Jadeja,1,0,,,,,,,,,
452149,2010,2010-06-03,Harare Sports Club,2,31.2,Zimbabwe,India,CK Coventry,H Masakadza,RA Jadeja,0,0,,,,,,,,,
452149,2010,2010-06-03,Harare Sports Club,2,31.3,Zimbabwe,India,CK Coventry,H Masakadza,RA Jadeja,1,0,,,,,,,,,
452149,2010,2010-06-03,Harare Sports Club,2,31.4,Zimbabwe,India,H Masakadza,CK Coventry,RA Jadeja,0,0,,,,,,caught,H Masakadza,,
452149,2010,2010-06-03,Harare Sports Club,2,31.5,Zimbabwe,India,E Chigumbura,CK Coventry,RA Jadeja,1,0,,,,,,,,,
452149,2010,2010-06-03,Harare Sports Club,2,31.6,Zimbabwe,India,CK Coventry,E Chigumbura,RA Jadeja,0,1,,,,1,,,,,
452149,2010,2010-06-03,Harare Sports Club,2,32.1,Zimbabwe,India,CK Coventry,E Chigumbura,AB Dinda,0,0,,,,,,,,,
452149,2010,2010-06-03,Harare Sports Club,2,32.2,Zimbabwe,India,CK Coventry,E Chigumbura,AB Dinda,0,0,,,,,,,,,
452149,2010,2010-06-03,Harare Sports Club,2,32.3,Zimbabwe,India,CK Coventry,E Chigumbura,AB Dinda,1,0,,,,,,,,,
452149,2010,2010-06-03,Harare Sports Club,2,32.4,Zimbabwe,India,E Chigumbura,CK Coventry,AB Dinda,1,0,,,,,,,,,
452149,2010,2010-06-03,Harare Sports Club,2,32.5,Zimbabwe,India,CK Coventry,E Chigumbura,AB Dinda,2,0,,,,,,,,,
452149,2010,2010-06-03,Harare Sports Club,2,32.6,Zimbabwe,India,CK Coventry,E Chigumbura,AB Dinda,1,0,,,,,,,,,
452149,2010,2010-06-03,Harare Sports Club,2,33.1,Zimbabwe,India,CK Coventry,E Chigumbura,RA Jadeja,2,0,,,,,,,,,
452149,2010,2010-06-03,Harare Sports Club,2,33.2,Zimbabwe,India,CK Coventry,E Chigumbura,RA Jadeja,0,0,,,,,,caught,CK Coventry,,
452149,2010,2010-06-03,Harare Sports Club,2,33.3,Zimbabwe,India,T Taibu,E Chigumbura,RA Jadeja,0,0,,,,,,,,,
452149,2010,2010-06-03,Harare Sports Club,2,33.4,Zimbabwe,India,T Taibu,E Chigumbura,RA Jadeja,0,0,,,,,,,,,
452149,2010,2010-06-03,Harare Sports Club,2,33.5,Zimbabwe,India,T Taibu,E Chigumbura,RA Jadeja,0,0,,,,,,,,,
452149,2010,2010-06-03,Harare Sports Club,2,33.6,Zimbabwe,India,T Taibu,E Chigumbura,RA Jadeja,0,0,,,,,,,,,
452149,2010,2010-06-03,Harare Sports Club,2,34.1,Zimbabwe,India,E Chigumbura,T Taibu,AB Dinda,3,0,,,,,,,,,
452149,2010,2010-06-03,Harare Sports Club,2,34.2,Zimbabwe,India,T Taibu,E Chigumbura,AB Dinda,1,0,,,,,,,,,
452149,2010,2010-06-03,Harare Sports Club,2,34.3,Zimbabwe,India,E Chigumbura,T Taibu,AB Dinda,1,0,,,,,,,,,
452149,2010,2010-06-03,Harare Sports Club,2,34.4,Zimbabwe,India,T Taibu,E Chigumbura,AB Dinda,1,0,,,,,,,,,
452149,2010,2010-06-03,Harare Sports Club,2,34.5,Zimbabwe,India,E Chigumbura,T Taibu,AB Dinda,4,0,,,,,,,,,
452149,2010,2010-06-03,Harare Sports Club,2,34.6,Zimbabwe,India,E Chigumbura,T Taibu,AB Dinda,1,0,,,,,,,,,
452149,2010,2010-06-03,Harare Sports Club,2,35.1,Zimbabwe,India,E Chigumbura,T Taibu,RA Jadeja,2,0,,,,,,,,,
452149,2010,2010-06-03,Harare Sports Club,2,35.2,Zimbabwe,India,E Chigumbura,T Taibu,RA Jadeja,0,0,,,,,,,,,
452149,2010,2010-06-03,Harare Sports Club,2,35.3,Zimbabwe,India,E Chigumbura,T Taibu,RA Jadeja,2,0,,,,,,,,,
452149,2010,2010-06-03,Harare Sports Club,2,35.4,Zimbabwe,India,E Chigumbura,T Taibu,RA Jadeja,0,0,,,,,,,,,
452149,2010,2010-06-03,Harare Sports Club,2,35.5,Zimbabwe,India,E Chigumbura,T Taibu,RA Jadeja,0,0,,,,,,,,,
452149,2010,2010-06-03,Harare Sports Club,2,35.6,Zimbabwe,India,E Chigumbura,T Taibu,RA Jadeja,0,0,,,,,,,,,
452149,2010,2010-06-03,Harare Sports Club,2,36.1,Zimbabwe,India,T Taibu,E Chigumbura,A Mishra,1,0,,,,,,,,,
452149,2010,2010-06-03,Harare Sports Club,2,36.2,Zimbabwe,India,E Chigumbura,T Taibu,A Mishra,0,0,,,,,,,,,
452149,2010,2010-06-03,Harare Sports Club,2,36.3,Zimbabwe,India,E Chigumbura,T Taibu,A Mishra,1,0,,,,,,,,,
452149,2010,2010-06-03,Harare Sports Club,2,36.4,Zimbabwe,India,T Taibu,E Chigumbura,A Mishra,0,0,,,,,,,,,
452149,2010,2010-06-03,Harare Sports Club,2,36.5,Zimbabwe,India,T Taibu,E Chigumbura,A Mishra,3,0,,,,,,,,,
452149,2010,2010-06-03,Harare Sports Club,2,36.6,Zimbabwe,India,E Chigumbura,T Taibu,A Mishra,0,0,,,,,,,,,
452149,2010,2010-06-03,Harare Sports Club,2,37.1,Zimbabwe,India,T Taibu,E Chigumbura,RA Jadeja,0,0,,,,,,,,,
452149,2010,2010-06-03,Harare Sports Club,2,37.2,Zimbabwe,India,T Taibu,E Chigumbura,RA Jadeja,0,0,,,,,,,,,
452149,2010,2010-06-03,Harare Sports Club,2,37.3,Zimbabwe,India,T Taibu,E Chigumbura,RA Jadeja,0,0,,,,,,,,,
452149,2010,2010-06-03,Harare Sports Club,2,37.4,Zimbabwe,India,T Taibu,E Chigumbura,RA Jadeja,0,0,,,,,,,,,
452149,2010,2010-06-03,Harare Sports Club,2,37.5,Zimbabwe,India,T Taibu,E Chigumbura,RA Jadeja,2,0,,,,,,,,,
452149,2010,2010-06-03,Harare Sports Club,2,37.6,Zimbabwe,India,T Taibu,E Chigumbura,RA Jadeja,1,0,,,,,,,,,
452149,2010,2010-06-03,Harare Sports Club,2,38.1,Zimbabwe,India,T Taibu,E Chigumbura,AB Dinda,0,0,,,,,,,,,
452149,2010,2010-06-03,Harare Sports Club,2,38.2,Zimbabwe,India,T Taibu,E Chigumbura,AB Dinda,4,0,,,,,,,,,
