match_id,season,start_date,venue,innings,ball,batting_team,bowling_team,striker,non_striker,bowler,runs_off_bat,extras,wides,noballs,byes,legbyes,penalty,wicket_type,player_dismissed,other_wicket_type,other_player_dismissed
455235,2010,2010-06-21,Rangiri Dambulla International Stadium,1,0.1,Pakistan,Bangladesh,Imran Farhat,Shahzaib Hasan,Mashrafe Mortaza,0,1,,,,1,,,,,
455235,2010,2010-06-21,Rangiri Dambulla International Stadium,1,0.2,Pakistan,Bangladesh,Shahzaib Hasan,Imran Farhat,Mashrafe Mortaza,0,0,,,,,,,,,
455235,2010,2010-06-21,Rangiri Dambulla International Stadium,1,0.3,Pakistan,Bangladesh,Shahzaib Hasan,Imran Farhat,Mashrafe Mortaza,6,0,,,,,,,,,
455235,2010,2010-06-21,Rangiri Dambulla International Stadium,1,0.4,Pakistan,Bangladesh,Shahzaib Hasan,Imran Farhat,Mashrafe Mortaza,0,0,,,,,,,,,
455235,2010,2010-06-21,Rangiri Dambulla International Stadium,1,0.5,Pakistan,Bangladesh,Shahzaib Hasan,Imran Farhat,Mashrafe Mortaza,0,0,,,,,,,,,
455235,2010,2010-06-21,Rangiri Dambulla International Stadium,1,0.6,Pakistan,Bangladesh,Shahzaib Hasan,Imran Farhat,Mashrafe Mortaza,4,0,,,,,,,,,
455235,2010,2010-06-21,Rangiri Dambulla International Stadium,1,1.1,Pakistan,Bangladesh,Imran Farhat,Shahzaib Hasan,Shafiul Islam,0,0,,,,,,,,,
455235,2010,2010-06-21,Rangiri Dambulla International Stadium,1,1.2,Pakistan,Bangladesh,Imran Farhat,Shahzaib Hasan,Shafiul Islam,0,0,,,,,,,,,
455235,2010,2010-06-21,Rangiri Dambulla International Stadium,1,1.3,Pakistan,Bangladesh,Imran Farhat,Shahzaib Hasan,Shafiul Islam,4,0,,,,,,,,,
455235,2010,2010-06-21,Rangiri Dambulla International Stadium,1,1.4,Pakistan,Bangladesh,Imran Farhat,Shahzaib Hasan,Shafiul Islam,2,0,,,,,,,,,
455235,2010,2010-06-21,Rangiri Dambulla International Stadium,1,1.5,Pakistan,Bangladesh,Imran Farhat,Shahzaib Hasan,Shafiul Islam,0,0,,,,,,,,,
455235,2010,2010-06-21,Rangiri Dambulla International Stadium,1,1.6,Pakistan,Bangladesh,Imran Farhat,Shahzaib Hasan,Shafiul Islam,0,0,,,,,,,,,
455235,2010,2010-06-21,Rangiri Dambulla International Stadium,1,2.1,Pakistan,Bangladesh,Shahzaib Hasan,Imran Farhat,Mashrafe Mortaza,4,0,,,,,,,,,
455235,2010,2010-06-21,Rangiri Dambulla International Stadium,1,2.2,Pakistan,Bangladesh,Shahzaib Hasan,Imran Farhat,Mashrafe Mortaza,1,0,,,,,,,,,
455235,2010,2010-06-21,Rangiri Dambulla International Stadium,1,2.3,Pakistan,Bangladesh,Imran Farhat,Shahzaib Hasan,Mashrafe Mortaza,0,1,,,,1,,,,,
455235,2010,2010-06-21,Rangiri Dambulla International Stadium,1,2.4,Pakistan,Bangladesh,Shahzaib Hasan,Imran Farhat,Mashrafe Mortaza,0,0,,,,,,,,,
455235,2010,2010-06-21,Rangiri Dambulla International Stadium,1,2.5,Pakistan,Bangladesh,Shahzaib Hasan,Imran Farhat,Mashrafe Mortaza,0,0,,,,,,,,,
455235,2010,2010-06-21,Rangiri Dambulla International Stadium,1,2.6,Pakistan,Bangladesh,Shahzaib Hasan,Imran Farhat,Mashrafe Mortaza,0,0,,,,,,,,,
455235,2010,2010-06-21,Rangiri Dambulla International Stadium,1,3.1,Pakistan,Bangladesh,Imran Farhat,Shahzaib Hasan,Shafiul Islam,0,0,,,,,,,,,
455235,2010,2010-06-21,Rangiri Dambulla International Stadium,1,3.2,Pakistan,Bangladesh,Imran Farhat,Shahzaib Hasan,Shafiul Islam,0,0,,,,,,,,,
455235,2010,2010-06-21,Rangiri Dambulla International Stadium,1,3.3,Pakistan,Bangladesh,Imran Farhat,Shahzaib Hasan,Shafiul Islam,0,0,,,,,,,,,
455235,2010,2010-06-21,Rangiri Dambulla International Stadium,1,3.4,Pakistan,Bangladesh,Imran Farhat,Shahzaib Hasan,Shafiul Islam,1,0,,,,,,,,,
455235,2010,2010-06-21,Rangiri Dambulla International Stadium,1,3.5,Pakistan,Bangladesh,Shahzaib Hasan,Imran Farhat,Shafiul Islam,0,1,1,,,,,,,,
455235,2010,2010-06-21,Rangiri Dambulla International Stadium,1,3.6,Pakistan,Bangladesh,Shahzaib Hasan,Imran Farhat,Shafiul Islam,0,1,1,,,,,,,,
455235,2010,2010-06-21,Rangiri Dambulla International Stadium,1,3.7,Pakistan,Bangladesh,Shahzaib Hasan,Imran Farhat,Shafiul Islam,1,0,,,,,,,,,
455235,2010,2010-06-21,Rangiri Dambulla International Stadium,1,3.8,Pakistan,Bangladesh,Imran Farhat,Shahzaib Hasan,Shafiul Islam,1,0,,,,,,,,,
455235,2010,2010-06-21,Rangiri Dambulla International Stadium,1,4.1,Pakistan,Bangladesh,Imran Farhat,Shahzaib Hasan,Mashrafe Mortaza,1,0,,,,,,,,,
455235,2010,2010-06-21,Rangiri Dambulla International Stadium,1,4.2,Pakistan,Bangladesh,Shahzaib Hasan,Imran Farhat,Mashrafe Mortaza,6,0,,,,,,,,,
455235,2010,2010-06-21,Rangiri Dambulla International Stadium,1,4.3,Pakistan,Bangladesh,Shahzaib Hasan,Imran Farhat,Mashrafe Mortaza,0,0,,,,,,,,,
455235,2010,2010-06-21,Rangiri Dambulla International Stadium,1,4.4,Pakistan,Bangladesh,Shahzaib Hasan,Imran Farhat,Mashrafe Mortaza,0,0,,,,,,,,,
455235,2010,2010-06-21,Rangiri Dambulla International Stadium,1,4.5,Pakistan,Bangladesh,Shahzaib Hasan,Imran Farhat,Mashrafe Mortaza,0,0,,,,,,,,,
455235,2010,2010-06-21,Rangiri Dambulla International Stadium,1,4.6,Pakistan,Bangladesh,Shahzaib Hasan,Imran Farhat,Mashrafe Mortaza,4,0,,,,,,,,,
455235,2010,2010-06-21,Rangiri Dambulla International Stadium,1,5.1,Pakistan,Bangladesh,Imran Farhat,Shahzaib Hasan,Shafiul Islam,1,0,,,,,,,,,
455235,2010,2010-06-21,Rangiri Dambulla International Stadium,1,5.2,Pakistan,Bangladesh,Shahzaib Hasan,Imran Farhat,Shafiul Islam,0,0,,,,,,,,,
455235,2010,2010-06-21,Rangiri Dambulla International Stadium,1,5.3,Pakistan,Bangladesh,Shahzaib Hasan,Imran Farhat,Shafiul Islam,0,1,,,,1,,,,,
455235,2010,2010-06-21,Rangiri Dambulla International Stadium,1,5.4,Pakistan,Bangladesh,Imran Farhat,Shahzaib Hasan,Shafiul Islam,0,0,,,,,,,,,
455235,2010,2010-06-21,Rangiri Dambulla International Stadium,1,5.5,Pakistan,Bangladesh,Imran Farhat,Shahzaib Hasan,Shafiul Islam,0,1,,,,1,,,,,
455235,2010,2010-06-21,Rangiri Dambulla International Stadium,1,5.6,Pakistan,Bangladesh,Shahzaib Hasan,Imran Farhat,Shafiul Islam,1,0,,,,,,,,,
455235,2010,2010-06-21,Rangiri Dambulla International Stadium,1,6.1,Pakistan,Bangladesh,Shahzaib Hasan,Imran Farhat,Abdur Razzak,0,0,,,,,,,,,
455235,2010,2010-06-21,Rangiri Dambulla International Stadium,1,6.2,Pakistan,Bangladesh,Shahzaib Hasan,Imran Farhat,Abdur Razzak,1,0,,,,,,,,,
455235,2010,2010-06-21,Rangiri Dambulla International Stadium,1,6.3,Pakistan,Bangladesh,Imran Farhat,Shahzaib Hasan,Abdur Razzak,0,0,,,,,,,,,
455235,2010,2010-06-21,Rangiri Dambulla International Stadium,1,6.4,Pakistan,Bangladesh,Imran Farhat,Shahzaib Hasan,Abdur Razzak,0,0,,,,,,,,,
455235,2010,2010-06-21,Rangiri Dambulla International Stadium,1,6.5,Pakistan,Bangladesh,Imran Farhat,Shahzaib Hasan,Abdur Razzak,1,0,,,,,,,,,
455235,2010,2010-06-21,Rangiri Dambulla International Stadium,1,6.6,Pakistan,Bangladesh,Shahzaib Hasan,Imran Farhat,Abdur Razzak,1,0,,,,,,,,,
455235,2010,2010-06-21,Rangiri Dambulla International Stadium,1,7.1,Pakistan,Bangladesh,Shahzaib Hasan,Imran Farhat,Shafiul Islam,0,0,,,,,,,,,
455235,2010,2010-06-21,Rangiri Dambulla International Stadium,1,7.2,Pakistan,Bangladesh,Shahzaib Hasan,Imran Farhat,Shafiul Islam,1,0,,,,,,,,,
455235,2010,2010-06-21,Rangiri Dambulla International Stadium,1,7.3,Pakistan,Bangladesh,Imran Farhat,Shahzaib Hasan,Shafiul Islam,4,0,,,,,,,,,
455235,2010,2010-06-21,Rangiri Dambulla International Stadium,1,7.4,Pakistan,Bangladesh,Imran Farhat,Shahzaib Hasan,Shafiul Islam,1,0,,,,,,,,,
455235,2010,2010-06-21,Rangiri Dambulla International Stadium,1,7.5,Pakistan,Bangladesh,Shahzaib Hasan,Imran Farhat,Shafiul Islam,4,0,,,,,,,,,
455235,2010,2010-06-21,Rangiri Dambulla International Stadium,1,7.6,Pakistan,Bangladesh,Shahzaib Hasan,Imran Farhat,Shafiul Islam,4,0,,,,,,,,,
455235,2010,2010-06-21,Rangiri Dambulla International Stadium,1,8.1,Pakistan,Bangladesh,Imran Farhat,Shahzaib Hasan,Abdur Razzak,0,0,,,,,,,,,
455235,2010,2010-06-21,Rangiri Dambulla International Stadium,1,8.2,Pakistan,Bangladesh,Imran Farhat,Shahzaib Hasan,Abdur Razzak,0,0,,,,,,,,,
455235,2010,2010-06-21,Rangiri Dambulla International Stadium,1,8.3,Pakistan,Bangladesh,Imran Farhat,Shahzaib Hasan,Abdur Razzak,0,0,,,,,,,,,
455235,2010,2010-06-21,Rangiri Dambulla International Stadium,1,8.4,Pakistan,Bangladesh,Imran Farhat,Shahzaib Hasan,Abdur Razzak,0,0,,,,,,,,,
455235,2010,2010-06-21,Rangiri Dambulla International Stadium,1,8.5,Pakistan,Bangladesh,Imran Farhat,Shahzaib Hasan,Abdur Razzak,1,0,,,,,,,,,
455235,2010,2010-06-21,Rangiri Dambulla International Stadium,1,8.6,Pakistan,Bangladesh,Shahzaib Hasan,Imran Farhat,Abdur Razzak,0,0,,,,,,,,,
455235,2010,2010-06-21,Rangiri Dambulla International Stadium,1,9.1,Pakistan,Bangladesh,Imran Farhat,Shahzaib Hasan,Suhrawadi Shuvo,1,0,,,,,,,,,
455235,2010,2010-06-21,Rangiri Dambulla International Stadium,1,9.2,Pakistan,Bangladesh,Shahzaib Hasan,Imran Farhat,Suhrawadi Shuvo,1,0,,,,,,,,,
455235,2010,2010-06-21,Rangiri Dambulla International Stadium,1,9.3,Pakistan,Bangladesh,Imran Farhat,Shahzaib Hasan,Suhrawadi Shuvo,0,0,,,,,,,,,
455235,2010,2010-06-21,Rangiri Dambulla International Stadium,1,9.4,Pakistan,Bangladesh,Imran Farhat,Shahzaib Hasan,Suhrawadi Shuvo,3,0,,,,,,,,,
455235,2010,2010-06-21,Rangiri Dambulla International Stadium,1,9.5,Pakistan,Bangladesh,Shahzaib Hasan,Imran Farhat,Suhrawadi Shuvo,4,0,,,,,,,,,
455235,2010,2010-06-21,Rangiri Dambulla International Stadium,1,9.6,Pakistan,Bangladesh,Shahzaib Hasan,Imran Farhat,Suhrawadi Shuvo,0,0,,,,,,,,,
455235,2010,2010-06-21,Rangiri Dambulla International Stadium,1,10.1,Pakistan,Bangladesh,Imran Farhat,Shahzaib Hasan,Abdur Razzak,0,0,,,,,,,,,
455235,2010,2010-06-21,Rangiri Dambulla International Stadium,1,10.2,Pakistan,Bangladesh,Imran Farhat,Shahzaib Hasan,Abdur Razzak,1,0,,,,,,,,,
455235,2010,2010-06-21,Rangiri Dambulla International Stadium,1,10.3,Pakistan,Bangladesh,Shahzaib Hasan,Imran Farhat,Abdur Razzak,0,0,,,,,,,,,
455235,2010,2010-06-21,Rangiri Dambulla International Stadium,1,10.4,Pakistan,Bangladesh,Shahzaib Hasan,Imran Farhat,Abdur Razzak,1,0,,,,,,,,,
455235,2010,2010-06-21,Rangiri Dambulla International Stadium,1,10.5,Pakistan,Bangladesh,Imran Farhat,Shahzaib Hasan,Abdur Razzak,0,0,,,,,,,,,
455235,2010,2010-06-21,Rangiri Dambulla International Stadium,1,10.6,Pakistan,Bangladesh,Imran Farhat,Shahzaib Hasan,Abdur Razzak,0,0,,,,,,,,,
455235,2010,2010-06-21,Rangiri Dambulla International Stadium,1,11.1,Pakistan,Bangladesh,Shahzaib Hasan,Imran Farhat,Suhrawadi Shuvo,1,0,,,,,,,,,
455235,2010,2010-06-21,Rangiri Dambulla International Stadium,1,11.2,Pakistan,Bangladesh,Imran Farhat,Shahzaib Hasan,Suhrawadi Shuvo,1,0,,,,,,,,,
455235,2010,2010-06-21,Rangiri Dambulla International Stadium,1,11.3,Pakistan,Bangladesh,Shahzaib Hasan,Imran Farhat,Suhrawadi Shuvo,2,0,,,,,,,,,
455235,2010,2010-06-21,Rangiri Dambulla International Stadium,1,11.4,Pakistan,Bangladesh,Shahzaib Hasan,Imran Farhat,Suhrawadi Shuvo,2,0,,,,,,,,,
455235,2010,2010-06-21,Rangiri Dambulla International Stadium,1,11.5,Pakistan,Bangladesh,Shahzaib Hasan,Imran Farhat,Suhrawadi Shuvo,1,0,,,,,,,,,
455235,2010,2010-06-21,Rangiri Dambulla International Stadium,1,11.6,Pakistan,Bangladesh,Imran Farhat,Shahzaib Hasan,Suhrawadi Shuvo,1,0,,,,,,,,,
455235,2010,2010-06-21,Rangiri Dambulla International Stadium,1,12.1,Pakistan,Bangladesh,Imran Farhat,Shahzaib Hasan,Abdur Razzak,1,0,,,,,,,,,
455235,2010,2010-06-21,Rangiri Dambulla International Stadium,1,12.2,Pakistan,Bangladesh,Shahzaib Hasan,Imran Farhat,Abdur Razzak,0,0,,,,,,,,,
455235,2010,2010-06-21,Rangiri Dambulla International Stadium,1,12.3,Pakistan,Bangladesh,Shahzaib Hasan,Imran Farhat,Abdur Razzak,0,0,,,,,,lbw,Shahzaib Hasan,,
455235,2010,2010-06-21,Rangiri Dambulla International Stadium,1,12.4,Pakistan,Bangladesh,Umar Amin,Imran Farhat,Abdur Razzak,0,0,,,,,,,,,
455235,2010,2010-06-21,Rangiri Dambulla International Stadium,1,12.5,Pakistan,Bangladesh,Umar Amin,Imran Farhat,Abdur Razzak,0,0,,,,,,,,,
455235,2010,2010-06-21,Rangiri Dambulla International Stadium,1,12.6,Pakistan,Bangladesh,Umar Amin,Imran Farhat,Abdur Razzak,0,0,,,,,,,,,
455235,2010,2010-06-21,Rangiri Dambulla International Stadium,1,13.1,Pakistan,Bangladesh,Imran Farhat,Umar Amin,Mahmudullah,0,0,,,,,,,,,
455235,2010,2010-06-21,Rangiri Dambulla International Stadium,1,13.2,Pakistan,Bangladesh,Imran Farhat,Umar Amin,Mahmudullah,0,0,,,,,,,,,
455235,2010,2010-06-21,Rangiri Dambulla International Stadium,1,13.3,Pakistan,Bangladesh,Imran Farhat,Umar Amin,Mahmudullah,4,0,,,,,,,,,
455235,2010,2010-06-21,Rangiri Dambulla International Stadium,1,13.4,Pakistan,Bangladesh,Imran Farhat,Umar Amin,Mahmudullah,0,0,,,,,,,,,
455235,2010,2010-06-21,Rangiri Dambulla International Stadium,1,13.5,Pakistan,Bangladesh,Imran Farhat,Umar Amin,Mahmudullah,0,0,,,,,,,,,
455235,2010,2010-06-21,Rangiri Dambulla International Stadium,1,13.6,Pakistan,Bangladesh,Imran Farhat,Umar Amin,Mahmudullah,0,0,,,,,,,,,
455235,2010,2010-06-21,Rangiri Dambulla International Stadium,1,14.1,Pakistan,Bangladesh,Umar Amin,Imran Farhat,Abdur Razzak,0,0,,,,,,,,,
455235,2010,2010-06-21,Rangiri Dambulla International Stadium,1,14.2,Pakistan,Bangladesh,Umar Amin,Imran Farhat,Abdur Razzak,1,0,,,,,,,,,
455235,2010,2010-06-21,Rangiri Dambulla International Stadium,1,14.3,Pakistan,Bangladesh,Imran Farhat,Umar Amin,Abdur Razzak,0,0,,,,,,,,,
455235,2010,2010-06-21,Rangiri Dambulla International Stadium,1,14.4,Pakistan,Bangladesh,Imran Farhat,Umar Amin,Abdur Razzak,0,0,,,,,,,,,
455235,2010,2010-06-21,Rangiri Dambulla International Stadium,1,14.5,Pakistan,Bangladesh,Imran Farhat,Umar Amin,Abdur Razzak,0,0,,,,,,,,,
455235,2010,2010-06-21,Rangiri Dambulla International Stadium,1,14.6,Pakistan,Bangladesh,Imran Farhat,Umar Amin,Abdur Razzak,0,0,,,,,,,,,
455235,2010,2010-06-21,Rangiri Dambulla International Stadium,1,15.1,Pakistan,Bangladesh,Umar Amin,Imran Farhat,Mahmudullah,0,0,,,,,,,,,
455235,2010,2010-06-21,Rangiri Dambulla International Stadium,1,15.2,Pakistan,Bangladesh,Umar Amin,Imran Farhat,Mahmudullah,1,0,,,,,,,,,
455235,2010,2010-06-21,Rangiri Dambulla International Stadium,1,15.3,Pakistan,Bangladesh,Imran Farhat,Umar Amin,Mahmudullah,0,0,,,,,,,,,
455235,2010,2010-06-21,Rangiri Dambulla International Stadium,1,15.4,Pakistan,Bangladesh,Imran Farhat,Umar Amin,Mahmudullah,1,0,,,,,,,,,
455235,2010,2010-06-21,Rangiri Dambulla International Stadium,1,15.5,Pakistan,Bangladesh,Umar Amin,Imran Farhat,Mahmudullah,1,0,,,,,,,,,
455235,2010,2010-06-21,Rangiri Dambulla International Stadium,1,15.6,Pakistan,Bangladesh,Imran Farhat,Umar Amin,Mahmudullah,4,0,,,,,,,,,
455235,2010,2010-06-21,Rangiri Dambulla International Stadium,1,16.1,Pakistan,Bangladesh,Umar Amin,Imran Farhat,Shakib Al Hasan,4,0,,,,,,,,,
455235,2010,2010-06-21,Rangiri Dambulla International Stadium,1,16.2,Pakistan,Bangladesh,Umar Amin,Imran Farhat,Shakib Al Hasan,1,0,,,,,,,,,
455235,2010,2010-06-21,Rangiri Dambulla International Stadium,1,16.3,Pakistan,Bangladesh,Imran Farhat,Umar Amin,Shakib Al Hasan,0,0,,,,,,,,,
455235,2010,2010-06-21,Rangiri Dambulla International Stadium,1,16.4,Pakistan,Bangladesh,Imran Farhat,Umar Amin,Shakib Al Hasan,1,0,,,,,,,,,
455235,2010,2010-06-21,Rangiri Dambulla International Stadium,1,16.5,Pakistan,Bangladesh,Umar Amin,Imran Farhat,Shakib Al Hasan,1,0,,,,,,,,,
455235,2010,2010-06-21,Rangiri Dambulla International Stadium,1,16.6,Pakistan,Bangladesh,Imran Farhat,Umar Amin,Shakib Al Hasan,0,0,,,,,,,,,
455235,2010,2010-06-21,Rangiri Dambulla International Stadium,1,17.1,Pakistan,Bangladesh,Umar Amin,Imran Farhat,Mahmudullah,0,0,,,,,,,,,
455235,2010,2010-06-21,Rangiri Dambulla International Stadium,1,17.2,Pakistan,Bangladesh,Umar Amin,Imran Farhat,Mahmudullah,0,0,,,,,,,,,
455235,2010,2010-06-21,Rangiri Dambulla International Stadium,1,17.3,Pakistan,Bangladesh,Umar Amin,Imran Farhat,Mahmudullah,1,0,,,,,,,,,
455235,2010,2010-06-21,Rangiri Dambulla International Stadium,1,17.4,Pakistan,Bangladesh,Imran Farhat,Umar Amin,Mahmudullah,1,0,,,,,,,,,
455235,2010,2010-06-21,Rangiri Dambulla International Stadium,1,17.5,Pakistan,Bangladesh,Umar Amin,Imran Farhat,Mahmudullah,1,0,,,,,,,,,
455235,2010,2010-06-21,Rangiri Dambulla International Stadium,1,17.6,Pakistan,Bangladesh,Imran Farhat,Umar Amin,Mahmudullah,1,0,,,,,,,,,
455235,2010,2010-06-21,Rangiri Dambulla International Stadium,1,18.1,Pakistan,Bangladesh,Imran Farhat,Umar Amin,Shakib Al Hasan,1,0,,,,,,,,,
455235,2010,2010-06-21,Rangiri Dambulla International Stadium,1,18.2,Pakistan,Bangladesh,Umar Amin,Imran Farhat,Shakib Al Hasan,0,0,,,,,,,,,
455235,2010,2010-06-21,Rangiri Dambulla International Stadium,1,18.3,Pakistan,Bangladesh,Umar Amin,Imran Farhat,Shakib Al Hasan,4,0,,,,,,,,,
455235,2010,2010-06-21,Rangiri Dambulla International Stadium,1,18.4,Pakistan,Bangladesh,Umar Amin,Imran Farhat,Shakib Al Hasan,0,0,,,,,,,,,
455235,2010,2010-06-21,Rangiri Dambulla International Stadium,1,18.5,Pakistan,Bangladesh,Umar Amin,Imran Farhat,Shakib Al Hasan,1,0,,,,,,,,,
455235,2010,2010-06-21,Rangiri Dambulla International Stadium,1,18.6,Pakistan,Bangladesh,Imran Farhat,Umar Amin,Shakib Al Hasan,1,0,,,,,,,,,
455235,2010,2010-06-21,Rangiri Dambulla International Stadium,1,19.1,Pakistan,Bangladesh,Imran Farhat,Umar Amin,Mahmudullah,0,0,,,,,,,,,
455235,2010,2010-06-21,Rangiri Dambulla International Stadium,1,19.2,Pakistan,Bangladesh,Imran Farhat,Umar Amin,Mahmudullah,0,0,,,,,,,,,
455235,2010,2010-06-21,Rangiri Dambulla International Stadium,1,19.3,Pakistan,Bangladesh,Imran Farhat,Umar Amin,Mahmudullah,6,0,,,,,,,,,
455235,2010,2010-06-21,Rangiri Dambulla International Stadium,1,19.4,Pakistan,Bangladesh,Imran Farhat,Umar Amin,Mahmudullah,0,0,,,,,,,,,
455235,2010,2010-06-21,Rangiri Dambulla International Stadium,1,19.5,Pakistan,Bangladesh,Imran Farhat,Umar Amin,Mahmudullah,0,0,,,,,,,,,
455235,2010,2010-06-21,Rangiri Dambulla International Stadium,1,19.6,Pakistan,Bangladesh,Imran Farhat,Umar Amin,Mahmudullah,0,0,,,,,,,,,
455235,2010,2010-06-21,Rangiri Dambulla International Stadium,1,20.1,Pakistan,Bangladesh,Umar Amin,Imran Farhat,Shakib Al Hasan,1,0,,,,,,,,,
455235,2010,2010-06-21,Rangiri Dambulla International Stadium,1,20.2,Pakistan,Bangladesh,Imran Farhat,Umar Amin,Shakib Al Hasan,0,0,,,,,,,,,
455235,2010,2010-06-21,Rangiri Dambulla International Stadium,1,20.3,Pakistan,Bangladesh,Imran Farhat,Umar Amin,Shakib Al Hasan,4,0,,,,,,,,,
455235,2010,2010-06-21,Rangiri Dambulla International Stadium,1,20.4,Pakistan,Bangladesh,Imran Farhat,Umar Amin,Shakib Al Hasan,1,0,,,,,,,,,
455235,2010,2010-06-21,Rangiri Dambulla International Stadium,1,20.5,Pakistan,Bangladesh,Umar Amin,Imran Farhat,Shakib Al Hasan,4,0,,,,,,,,,
455235,2010,2010-06-21,Rangiri Dambulla International Stadium,1,20.6,Pakistan,Bangladesh,Umar Amin,Imran Farhat,Shakib Al Hasan,0,0,,,,,,,,,
455235,2010,2010-06-21,Rangiri Dambulla International Stadium,1,21.1,Pakistan,Bangladesh,Imran Farhat,Umar Amin,Mahmudullah,0,0,,,,,,,,,
455235,2010,2010-06-21,Rangiri Dambulla International Stadium,1,21.2,Pakistan,Bangladesh,Imran Farhat,Umar Amin,Mahmudullah,6,0,,,,,,,,,
455235,2010,2010-06-21,Rangiri Dambulla International Stadium,1,21.3,Pakistan,Bangladesh,Imran Farhat,Umar Amin,Mahmudullah,1,0,,,,,,,,,
455235,2010,2010-06-21,Rangiri Dambulla International Stadium,1,21.4,Pakistan,Bangladesh,Umar Amin,Imran Farhat,Mahmudullah,0,0,,,,,,,,,
455235,2010,2010-06-21,Rangiri Dambulla International Stadium,1,21.5,Pakistan,Bangladesh,Umar Amin,Imran Farhat,Mahmudullah,1,0,,,,,,run out,Umar Amin,,
455235,2010,2010-06-21,Rangiri Dambulla International Stadium,1,21.6,Pakistan,Bangladesh,Imran Farhat,Asad Shafiq,Mahmudullah,1,0,,,,,,,,,
455235,2010,2010-06-21,Rangiri Dambulla International Stadium,1,22.1,Pakistan,Bangladesh,Imran Farhat,Asad Shafiq,Suhrawadi Shuvo,1,0,,,,,,,,,
455235,2010,2010-06-21,Rangiri Dambulla International Stadium,1,22.2,Pakistan,Bangladesh,Asad Shafiq,Imran Farhat,Suhrawadi Shuvo,1,0,,,,,,,,,
455235,2010,2010-06-21,Rangiri Dambulla International Stadium,1,22.3,Pakistan,Bangladesh,Imran Farhat,Asad Shafiq,Suhrawadi Shuvo,1,0,,,,,,,,,
455235,2010,2010-06-21,Rangiri Dambulla International Stadium,1,22.4,Pakistan,Bangladesh,Asad Shafiq,Imran Farhat,Suhrawadi Shuvo,4,0,,,,,,,,,
455235,2010,2010-06-21,Rangiri Dambulla International Stadium,1,22.5,Pakistan,Bangladesh,Asad Shafiq,Imran Farhat,Suhrawadi Shuvo,0,0,,,,,,,,,
455235,2010,2010-06-21,Rangiri Dambulla International Stadium,1,22.6,Pakistan,Bangladesh,Asad Shafiq,Imran Farhat,Suhrawadi Shuvo,0,1,,1,,,,,,,
455235,2010,2010-06-21,Rangiri Dambulla International Stadium,1,22.7,Pakistan,Bangladesh,Asad Shafiq,Imran Farhat,Suhrawadi Shuvo,4,0,,,,,,,,,
455235,2010,2010-06-21,Rangiri Dambulla International Stadium,1,23.1,Pakistan,Bangladesh,Imran Farhat,Asad Shafiq,Mahmudullah,0,0,,,,,,,,,
455235,2010,2010-06-21,Rangiri Dambulla International Stadium,1,23.2,Pakistan,Bangladesh,Imran Farhat,Asad Shafiq,Mahmudullah,1,0,,,,,,,,,
455235,2010,2010-06-21,Rangiri Dambulla International Stadium,1,23.3,Pakistan,Bangladesh,Asad Shafiq,Imran Farhat,Mahmudullah,0,0,,,,,,,,,
455235,2010,2010-06-21,Rangiri Dambulla International Stadium,1,23.4,Pakistan,Bangladesh,Asad Shafiq,Imran Farhat,Mahmudullah,1,0,,,,,,,,,
455235,2010,2010-06-21,Rangiri Dambulla International Stadium,1,23.5,Pakistan,Bangladesh,Imran Farhat,Asad Shafiq,Mahmudullah,4,0,,,,,,,,,
455235,2010,2010-06-21,Rangiri Dambulla International Stadium,1,23.6,Pakistan,Bangladesh,Imran Farhat,Asad Shafiq,Mahmudullah,1,0,,,,,,,,,
455235,2010,2010-06-21,Rangiri Dambulla International Stadium,1,24.1,Pakistan,Bangladesh,Imran Farhat,Asad Shafiq,Shakib Al Hasan,0,0,,,,,,bowled,Imran Farhat,,
455235,2010,2010-06-21,Rangiri Dambulla International Stadium,1,24.2,Pakistan,Bangladesh,Umar Akmal,Asad Shafiq,Shakib Al Hasan,0,0,,,,,,,,,
455235,2010,2010-06-21,Rangiri Dambulla International Stadium,1,24.3,Pakistan,Bangladesh,Umar Akmal,Asad Shafiq,Shakib Al Hasan,0,0,,,,,,,,,
455235,2010,2010-06-21,Rangiri Dambulla International Stadium,1,24.4,Pakistan,Bangladesh,Umar Akmal,Asad Shafiq,Shakib Al Hasan,0,0,,,,,,,,,
455235,2010,2010-06-21,Rangiri Dambulla International Stadium,1,24.5,Pakistan,Bangladesh,Umar Akmal,Asad Shafiq,Shakib Al Hasan,4,0,,,,,,,,,
455235,2010,2010-06-21,Rangiri Dambulla International Stadium,1,24.6,Pakistan,Bangladesh,Umar Akmal,Asad Shafiq,Shakib Al Hasan,0,0,,,,,,,,,
455235,2010,2010-06-21,Rangiri Dambulla International Stadium,1,25.1,Pakistan,Bangladesh,Asad Shafiq,Umar Akmal,Suhrawadi Shuvo,1,0,,,,,,,,,
455235,2010,2010-06-21,Rangiri Dambulla International Stadium,1,25.2,Pakistan,Bangladesh,Umar Akmal,Asad Shafiq,Suhrawadi Shuvo,0,0,,,,,,,,,
455235,2010,2010-06-21,Rangiri Dambulla International Stadium,1,25.3,Pakistan,Bangladesh,Umar Akmal,Asad Shafiq,Suhrawadi Shuvo,0,0,,,,,,,,,
455235,2010,2010-06-21,Rangiri Dambulla International Stadium,1,25.4,Pakistan,Bangladesh,Umar Akmal,Asad Shafiq,Suhrawadi Shuvo,1,0,,,,,,,,,
455235,2010,2010-06-21,Rangiri Dambulla International Stadium,1,25.5,Pakistan,Bangladesh,Asad Shafiq,Umar Akmal,Suhrawadi Shuvo,0,0,,,,,,,,,
455235,2010,2010-06-21,Rangiri Dambulla International Stadium,1,25.6,Pakistan,Bangladesh,Asad Shafiq,Umar Akmal,Suhrawadi Shuvo,1,0,,,,,,,,,
455235,2010,2010-06-21,Rangiri Dambulla International Stadium,1,26.1,Pakistan,Bangladesh,Asad Shafiq,Umar Akmal,Shakib Al Hasan,1,0,,,,,,,,,
455235,2010,2010-06-21,Rangiri Dambulla International Stadium,1,26.2,Pakistan,Bangladesh,Umar Akmal,Asad Shafiq,Shakib Al Hasan,1,0,,,,,,,,,
455235,2010,2010-06-21,Rangiri Dambulla International Stadium,1,26.3,Pakistan,Bangladesh,Asad Shafiq,Umar Akmal,Shakib Al Hasan,1,0,,,,,,,,,
455235,2010,2010-06-21,Rangiri Dambulla International Stadium,1,26.4,Pakistan,Bangladesh,Umar Akmal,Asad Shafiq,Shakib Al Hasan,1,0,,,,,,,,,
455235,2010,2010-06-21,Rangiri Dambulla International Stadium,1,26.5,Pakistan,Bangladesh,Asad Shafiq,Umar Akmal,Shakib Al Hasan,1,0,,,,,,,,,
455235,2010,2010-06-21,Rangiri Dambulla International Stadium,1,26.6,Pakistan,Bangladesh,Umar Akmal,Asad Shafiq,Shakib Al Hasan,0,0,,,,,,,,,
455235,2010,2010-06-21,Rangiri Dambulla International Stadium,1,27.1,Pakistan,Bangladesh,Asad Shafiq,Umar Akmal,Suhrawadi Shuvo,0,0,,,,,,,,,
455235,2010,2010-06-21,Rangiri Dambulla International Stadium,1,27.2,Pakistan,Bangladesh,Asad Shafiq,Umar Akmal,Suhrawadi Shuvo,1,0,,,,,,,,,
455235,2010,2010-06-21,Rangiri Dambulla International Stadium,1,27.3,Pakistan,Bangladesh,Umar Akmal,Asad Shafiq,Suhrawadi Shuvo,1,0,,,,,,,,,
455235,2010,2010-06-21,Rangiri Dambulla International Stadium,1,27.4,Pakistan,Bangladesh,Asad Shafiq,Umar Akmal,Suhrawadi Shuvo,0,0,,,,,,,,,
455235,2010,2010-06-21,Rangiri Dambulla International Stadium,1,27.5,Pakistan,Bangladesh,Asad Shafiq,Umar Akmal,Suhrawadi Shuvo,1,0,,,,,,,,,
455235,2010,2010-06-21,Rangiri Dambulla International Stadium,1,27.6,Pakistan,Bangladesh,Umar Akmal,Asad Shafiq,Suhrawadi Shuvo,1,0,,,,,,,,,
455235,2010,2010-06-21,Rangiri Dambulla International Stadium,1,28.1,Pakistan,Bangladesh,Umar Akmal,Asad Shafiq,Shakib Al Hasan,4,0,,,,,,,,,
455235,2010,2010-06-21,Rangiri Dambulla International Stadium,1,28.2,Pakistan,Bangladesh,Umar Akmal,Asad Shafiq,Shakib Al Hasan,1,0,,,,,,,,,
455235,2010,2010-06-21,Rangiri Dambulla International Stadium,1,28.3,Pakistan,Bangladesh,Asad Shafiq,Umar Akmal,Shakib Al Hasan,0,0,,,,,,,,,
455235,2010,2010-06-21,Rangiri Dambulla International Stadium,1,28.4,Pakistan,Bangladesh,Asad Shafiq,Umar Akmal,Shakib Al Hasan,0,0,,,,,,stumped,Asad Shafiq,,
455235,2010,2010-06-21,Rangiri Dambulla International Stadium,1,28.5,Pakistan,Bangladesh,Shahid Afridi,Umar Akmal,Shakib Al Hasan,1,0,,,,,,,,,
455235,2010,2010-06-21,Rangiri Dambulla International Stadium,1,28.6,Pakistan,Bangladesh,Umar Akmal,Shahid Afridi,Shakib Al Hasan,0,0,,,,,,,,,
455235,2010,2010-06-21,Rangiri Dambulla International Stadium,1,29.1,Pakistan,Bangladesh,Shahid Afridi,Umar Akmal,Suhrawadi Shuvo,0,0,,,,,,,,,
455235,2010,2010-06-21,Rangiri Dambulla International Stadium,1,29.2,Pakistan,Bangladesh,Shahid Afridi,Umar Akmal,Suhrawadi Shuvo,2,0,,,,,,,,,
455235,2010,2010-06-21,Rangiri Dambulla International Stadium,1,29.3,Pakistan,Bangladesh,Shahid Afridi,Umar Akmal,Suhrawadi Shuvo,2,0,,,,,,,,,
455235,2010,2010-06-21,Rangiri Dambulla International Stadium,1,29.4,Pakistan,Bangladesh,Shahid Afridi,Umar Akmal,Suhrawadi Shuvo,1,0,,,,,,,,,
455235,2010,2010-06-21,Rangiri Dambulla International Stadium,1,29.5,Pakistan,Bangladesh,Umar Akmal,Shahid Afridi,Suhrawadi Shuvo,1,0,,,,,,,,,
455235,2010,2010-06-21,Rangiri Dambulla International Stadium,1,29.6,Pakistan,Bangladesh,Shahid Afridi,Umar Akmal,Suhrawadi Shuvo,0,0,,,,,,,,,
455235,2010,2010-06-21,Rangiri Dambulla International Stadium,1,30.1,Pakistan,Bangladesh,Umar Akmal,Shahid Afridi,Shakib Al Hasan,1,0,,,,,,,,,
455235,2010,2010-06-21,Rangiri Dambulla International Stadium,1,30.2,Pakistan,Bangladesh,Shahid Afridi,Umar Akmal,Shakib Al Hasan,1,0,,,,,,,,,
455235,2010,2010-06-21,Rangiri Dambulla International Stadium,1,30.3,Pakistan,Bangladesh,Umar Akmal,Shahid Afridi,Shakib Al Hasan,2,0,,,,,,,,,
455235,2010,2010-06-21,Rangiri Dambulla International Stadium,1,30.4,Pakistan,Bangladesh,Umar Akmal,Shahid Afridi,Shakib Al Hasan,1,0,,,,,,,,,
455235,2010,2010-06-21,Rangiri Dambulla International Stadium,1,30.5,Pakistan,Bangladesh,Shahid Afridi,Umar Akmal,Shakib Al Hasan,0,0,,,,,,,,,
455235,2010,2010-06-21,Rangiri Dambulla International Stadium,1,30.6,Pakistan,Bangladesh,Shahid Afridi,Umar Akmal,Shakib Al Hasan,0,0,,,,,,,,,
455235,2010,2010-06-21,Rangiri Dambulla International Stadium,1,31.1,Pakistan,Bangladesh,Umar Akmal,Shahid Afridi,Suhrawadi Shuvo,1,0,,,,,,,,,
455235,2010,2010-06-21,Rangiri Dambulla International Stadium,1,31.2,Pakistan,Bangladesh,Shahid Afridi,Umar Akmal,Suhrawadi Shuvo,6,0,,,,,,,,,
455235,2010,2010-06-21,Rangiri Dambulla International Stadium,1,31.3,Pakistan,Bangladesh,Shahid Afridi,Umar Akmal,Suhrawadi Shuvo,4,0,,,,,,,,,
455235,2010,2010-06-21,Rangiri Dambulla International Stadium,1,31.4,Pakistan,Bangladesh,Shahid Afridi,Umar Akmal,Suhrawadi Shuvo,0,0,,,,,,,,,
455235,2010,2010-06-21,Rangiri Dambulla International Stadium,1,31.5,Pakistan,Bangladesh,Shahid Afridi,Umar Akmal,Suhrawadi Shuvo,2,0,,,,,,,,,
455235,2010,2010-06-21,Rangiri Dambulla International Stadium,1,31.6,Pakistan,Bangladesh,Shahid Afridi,Umar Akmal,Suhrawadi Shuvo,1,0,,,,,,,,,
455235,2010,2010-06-21,Rangiri Dambulla International Stadium,1,32.1,Pakistan,Bangladesh,Shahid Afridi,Umar Akmal,Shakib Al Hasan,1,0,,,,,,,,,
455235,2010,2010-06-21,Rangiri Dambulla International Stadium,1,32.2,Pakistan,Bangladesh,Umar Akmal,Shahid Afridi,Shakib Al Hasan,1,0,,,,,,,,,
455235,2010,2010-06-21,Rangiri Dambulla International Stadium,1,32.3,Pakistan,Bangladesh,Shahid Afridi,Umar Akmal,Shakib Al Hasan,0,0,,,,,,,,,
455235,2010,2010-06-21,Rangiri Dambulla International Stadium,1,32.4,Pakistan,Bangladesh,Shahid Afridi,Umar Akmal,Shakib Al Hasan,1,0,,,,,,,,,
455235,2010,2010-06-21,Rangiri Dambulla International Stadium,1,32.5,Pakistan,Bangladesh,Umar Akmal,Shahid Afridi,Shakib Al Hasan,1,0,,,,,,,,,
455235,2010,2010-06-21,Rangiri Dambulla International Stadium,1,32.6,Pakistan,Bangladesh,Shahid Afridi,Umar Akmal,Shakib Al Hasan,2,0,,,,,,,,,
455235,2010,2010-06-21,Rangiri Dambulla International Stadium,1,33.1,Pakistan,Bangladesh,Umar Akmal,Shahid Afridi,Shafiul Islam,1,0,,,,,,,,,
455235,2010,2010-06-21,Rangiri Dambulla International Stadium,1,33.2,Pakistan,Bangladesh,Shahid Afridi,Umar Akmal,Shafiul Islam,0,0,,,,,,,,,
455235,2010,2010-06-21,Rangiri Dambulla International Stadium,1,33.3,Pakistan,Bangladesh,Shahid Afridi,Umar Akmal,Shafiul Islam,1,0,,,,,,,,,
455235,2010,2010-06-21,Rangiri Dambulla International Stadium,1,33.4,Pakistan,Bangladesh,Umar Akmal,Shahid Afridi,Shafiul Islam,1,0,,,,,,,,,
455235,2010,2010-06-21,Rangiri Dambulla International Stadium,1,33.5,Pakistan,Bangladesh,Shahid Afridi,Umar Akmal,Shafiul Islam,1,0,,,,,,,,,
455235,2010,2010-06-21,Rangiri Dambulla International Stadium,1,33.6,Pakistan,Bangladesh,Umar Akmal,Shahid Afridi,Shafiul Islam,0,0,,,,,,,,,
455235,2010,2010-06-21,Rangiri Dambulla International Stadium,1,34.1,Pakistan,Bangladesh,Shahid Afridi,Umar Akmal,Abdur Razzak,1,0,,,,,,,,,
455235,2010,2010-06-21,Rangiri Dambulla International Stadium,1,34.2,Pakistan,Bangladesh,Umar Akmal,Shahid Afridi,Abdur Razzak,0,0,,,,,,,,,
455235,2010,2010-06-21,Rangiri Dambulla International Stadium,1,34.3,Pakistan,Bangladesh,Umar Akmal,Shahid Afridi,Abdur Razzak,2,0,,,,,,,,,
455235,2010,2010-06-21,Rangiri Dambulla International Stadium,1,34.4,Pakistan,Bangladesh,Umar Akmal,Shahid Afridi,Abdur Razzak,2,0,,,,,,,,,
455235,2010,2010-06-21,Rangiri Dambulla International Stadium,1,34.5,Pakistan,Bangladesh,Umar Akmal,Shahid Afridi,Abdur Razzak,0,0,,,,,,,,,
455235,2010,2010-06-21,Rangiri Dambulla International Stadium,1,34.6,Pakistan,Bangladesh,Umar Akmal,Shahid Afridi,Abdur Razzak,0,0,,,,,,,,,
455235,2010,2010-06-21,Rangiri Dambulla International Stadium,1,35.1,Pakistan,Bangladesh,Shahid Afridi,Umar Akmal,Shafiul Islam,0,0,,,,,,,,,
455235,2010,2010-06-21,Rangiri Dambulla International Stadium,1,35.2,Pakistan,Bangladesh,Shahid Afridi,Umar Akmal,Shafiul Islam,4,0,,,,,,,,,
455235,2010,2010-06-21,Rangiri Dambulla International Stadium,1,35.3,Pakistan,Bangladesh,Shahid Afridi,Umar Akmal,Shafiul Islam,0,0,,,,,,,,,
455235,2010,2010-06-21,Rangiri Dambulla International Stadium,1,35.4,Pakistan,Bangladesh,Shahid Afridi,Umar Akmal,Shafiul Islam,1,0,,,,,,,,,
455235,2010,2010-06-21,Rangiri Dambulla International Stadium,1,35.5,Pakistan,Bangladesh,Umar Akmal,Shahid Afridi,Shafiul Islam,0,0,,,,,,,,,
455235,2010,2010-06-21,Rangiri Dambulla International Stadium,1,35.6,Pakistan,Bangladesh,Umar Akmal,Shahid Afridi,Shafiul Islam,4,0,,,,,,,,,
455235,2010,2010-06-21,Rangiri Dambulla International Stadium,1,36.1,Pakistan,Bangladesh,Shahid Afridi,Umar Akmal,Abdur Razzak,2,0,,,,,,,,,
455235,2010,2010-06-21,Rangiri Dambulla International Stadium,1,36.2,Pakistan,Bangladesh,Shahid Afridi,Umar Akmal,Abdur Razzak,1,0,,,,,,,,,
455235,2010,2010-06-21,Rangiri Dambulla International Stadium,1,36.3,Pakistan,Bangladesh,Umar Akmal,Shahid Afridi,Abdur Razzak,0,0,,,,,,,,,
455235,2010,2010-06-21,Rangiri Dambulla International Stadium,1,36.4,Pakistan,Bangladesh,Umar Akmal,Shahid Afridi,Abdur Razzak,0,0,,,,,,,,,
455235,2010,2010-06-21,Rangiri Dambulla International Stadium,1,36.5,Pakistan,Bangladesh,Umar Akmal,Shahid Afridi,Abdur Razzak,0,0,,,,,,,,,
455235,2010,2010-06-21,Rangiri Dambulla International Stadium,1,36.6,Pakistan,Bangladesh,Umar Akmal,Shahid Afridi,Abdur Razzak,0,0,,,,,,,,,
455235,2010,2010-06-21,Rangiri Dambulla International Stadium,1,37.1,Pakistan,Bangladesh,Shahid Afridi,Umar Akmal,Mashrafe Mortaza,4,0,,,,,,,,,
455235,2010,2010-06-21,Rangiri Dambulla International Stadium,1,37.2,Pakistan,Bangladesh,Shahid Afridi,Umar Akmal,Mashrafe Mortaza,1,0,,,,,,,,,
455235,2010,2010-06-21,Rangiri Dambulla International Stadium,1,37.3,Pakistan,Bangladesh,Umar Akmal,Shahid Afridi,Mashrafe Mortaza,0,0,,,,,,,,,
455235,2010,2010-06-21,Rangiri Dambulla International Stadium,1,37.4,Pakistan,Bangladesh,Umar Akmal,Shahid Afridi,Mashrafe Mortaza,0,0,,,,,,,,,
455235,2010,2010-06-21,Rangiri Dambulla International Stadium,1,37.5,Pakistan,Bangladesh,Umar Akmal,Shahid Afridi,Mashrafe Mortaza,4,0,,,,,,,,,
455235,2010,2010-06-21,Rangiri Dambulla International Stadium,1,37.6,Pakistan,Bangladesh,Umar Akmal,Shahid Afridi,Mashrafe Mortaza,0,0,,,,,,,,,
455235,2010,2010-06-21,Rangiri Dambulla International Stadium,1,38.1,Pakistan,Bangladesh,Shahid Afridi,Umar Akmal,Abdur Razzak,1,0,,,,,,,,,
455235,2010,2010-06-21,Rangiri Dambulla International Stadium,1,38.2,Pakistan,Bangladesh,Umar Akmal,Shahid Afridi,Abdur Razzak,2,0,,,,,,,,,
455235,2010,2010-06-21,Rangiri Dambulla International Stadium,1,38.3,Pakistan,Bangladesh,Umar Akmal,Shahid Afridi,Abdur Razzak,1,0,,,,,,,,,
455235,2010,2010-06-21,Rangiri Dambulla International Stadium,1,38.4,Pakistan,Bangladesh,Shahid Afridi,Umar Akmal,Abdur Razzak,0,0,,,,,,,,,
455235,2010,2010-06-21,Rangiri Dambulla International Stadium,1,38.5,Pakistan,Bangladesh,Shahid Afridi,Umar Akmal,Abdur Razzak,1,0,,,,,,,,,
455235,2010,2010-06-21,Rangiri Dambulla International Stadium,1,38.6,Pakistan,Bangladesh,Umar Akmal,Shahid Afridi,Abdur Razzak,1,0,,,,,,,,,
455235,2010,2010-06-21,Rangiri Dambulla International Stadium,1,39.1,Pakistan,Bangladesh,Umar Akmal,Shahid Afridi,Mashrafe Mortaza,0,0,,,,,,,,,
455235,2010,2010-06-21,Rangiri Dambulla International Stadium,1,39.2,Pakistan,Bangladesh,Umar Akmal,Shahid Afridi,Mashrafe Mortaza,1,0,,,,,,,,,
455235,2010,2010-06-21,Rangiri Dambulla International Stadium,1,39.3,Pakistan,Bangladesh,Shahid Afridi,Umar Akmal,Mashrafe Mortaza,4,0,,,,,,,,,
455235,2010,2010-06-21,Rangiri Dambulla International Stadium,1,39.4,Pakistan,Bangladesh,Shahid Afridi,Umar Akmal,Mashrafe Mortaza,4,0,,,,,,,,,
455235,2010,2010-06-21,Rangiri Dambulla International Stadium,1,39.5,Pakistan,Bangladesh,Shahid Afridi,Umar Akmal,Mashrafe Mortaza,1,0,,,,,,,,,
455235,2010,2010-06-21,Rangiri Dambulla International Stadium,1,39.6,Pakistan,Bangladesh,Umar Akmal,Shahid Afridi,Mashrafe Mortaza,2,0,,,,,,,,,
455235,2010,2010-06-21,Rangiri Dambulla International Stadium,1,40.1,Pakistan,Bangladesh,Shahid Afridi,Umar Akmal,Suhrawadi Shuvo,1,0,,,,,,,,,
455235,2010,2010-06-21,Rangiri Dambulla International Stadium,1,40.2,Pakistan,Bangladesh,Umar Akmal,Shahid Afridi,Suhrawadi Shuvo,0,1,1,,,,,,,,
455235,2010,2010-06-21,Rangiri Dambulla International Stadium,1,40.3,Pakistan,Bangladesh,Umar Akmal,Shahid Afridi,Suhrawadi Shuvo,1,0,,,,,,,,,
455235,2010,2010-06-21,Rangiri Dambulla International Stadium,1,40.4,Pakistan,Bangladesh,Shahid Afridi,Umar Akmal,Suhrawadi Shuvo,4,0,,,,,,,,,
455235,2010,2010-06-21,Rangiri Dambulla International Stadium,1,40.5,Pakistan,Bangladesh,Shahid Afridi,Umar Akmal,Suhrawadi Shuvo,1,0,,,,,,,,,
455235,2010,2010-06-21,Rangiri Dambulla International Stadium,1,40.6,Pakistan,Bangladesh,Umar Akmal,Shahid Afridi,Suhrawadi Shuvo,0,0,,,,,,,,,
455235,2010,2010-06-21,Rangiri Dambulla International Stadium,1,40.7,Pakistan,Bangladesh,Umar Akmal,Shahid Afridi,Suhrawadi Shuvo,1,0,,,,,,,,,
455235,2010,2010-06-21,Rangiri Dambulla International Stadium,1,41.1,Pakistan,Bangladesh,Umar Akmal,Shahid Afridi,Mahmudullah,1,0,,,,,,,,,
455235,2010,2010-06-21,Rangiri Dambulla International Stadium,1,41.2,Pakistan,Bangladesh,Shahid Afridi,Umar Akmal,Mahmudullah,4,0,,,,,,,,,
455235,2010,2010-06-21,Rangiri Dambulla International Stadium,1,41.3,Pakistan,Bangladesh,Shahid Afridi,Umar Akmal,Mahmudullah,1,0,,,,,,,,,
455235,2010,2010-06-21,Rangiri Dambulla International Stadium,1,41.4,Pakistan,Bangladesh,Umar Akmal,Shahid Afridi,Mahmudullah,1,0,,,,,,,,,
455235,2010,2010-06-21,Rangiri Dambulla International Stadium,1,41.5,Pakistan,Bangladesh,Shahid Afridi,Umar Akmal,Mahmudullah,4,0,,,,,,,,,
455235,2010,2010-06-21,Rangiri Dambulla International Stadium,1,41.6,Pakistan,Bangladesh,Shahid Afridi,Umar Akmal,Mahmudullah,4,0,,,,,,,,,
455235,2010,2010-06-21,Rangiri Dambulla International Stadium,1,42.1,Pakistan,Bangladesh,Umar Akmal,Shahid Afridi,Shafiul Islam,0,0,,,,,,,,,
455235,2010,2010-06-21,Rangiri Dambulla International Stadium,1,42.2,Pakistan,Bangladesh,Umar Akmal,Shahid Afridi,Shafiul Islam,1,0,,,,,,,,,
455235,2010,2010-06-21,Rangiri Dambulla International Stadium,1,42.3,Pakistan,Bangladesh,Shahid Afridi,Umar Akmal,Shafiul Islam,6,0,,,,,,,,,
455235,2010,2010-06-21,Rangiri Dambulla International Stadium,1,42.4,Pakistan,Bangladesh,Shahid Afridi,Umar Akmal,Shafiul Islam,4,0,,,,,,,,,
455235,2010,2010-06-21,Rangiri Dambulla International Stadium,1,42.5,Pakistan,Bangladesh,Shahid Afridi,Umar Akmal,Shafiul Islam,4,0,,,,,,,,,
455235,2010,2010-06-21,Rangiri Dambulla International Stadium,1,42.6,Pakistan,Bangladesh,Shahid Afridi,Umar Akmal,Shafiul Islam,4,0,,,,,,,,,
455235,2010,2010-06-21,Rangiri Dambulla International Stadium,1,43.1,Pakistan,Bangladesh,Umar Akmal,Shahid Afridi,Shakib Al Hasan,1,0,,,,,,,,,
455235,2010,2010-06-21,Rangiri Dambulla International Stadium,1,43.2,Pakistan,Bangladesh,Shahid Afridi,Umar Akmal,Shakib Al Hasan,0,1,1,,,,,,,,
455235,2010,2010-06-21,Rangiri Dambulla International Stadium,1,43.3,Pakistan,Bangladesh,Shahid Afridi,Umar Akmal,Shakib Al Hasan,4,0,,,,,,,,,
455235,2010,2010-06-21,Rangiri Dambulla International Stadium,1,43.4,Pakistan,Bangladesh,Shahid Afridi,Umar Akmal,Shakib Al Hasan,4,0,,,,,,,,,
455235,2010,2010-06-21,Rangiri Dambulla International Stadium,1,43.5,Pakistan,Bangladesh,Shahid Afridi,Umar Akmal,Shakib Al Hasan,1,0,,,,,,,,,
455235,2010,2010-06-21,Rangiri Dambulla International Stadium,1,43.6,Pakistan,Bangladesh,Umar Akmal,Shahid Afridi,Shakib Al Hasan,1,0,,,,,,,,,
455235,2010,2010-06-21,Rangiri Dambulla International Stadium,1,43.7,Pakistan,Bangladesh,Shahid Afridi,Umar Akmal,Shakib Al Hasan,1,0,,,,,,,,,
455235,2010,2010-06-21,Rangiri Dambulla International Stadium,1,44.1,Pakistan,Bangladesh,Shahid Afridi,Umar Akmal,Shafiul Islam,1,0,,,,,,,,,
455235,2010,2010-06-21,Rangiri Dambulla International Stadium,1,44.2,Pakistan,Bangladesh,Umar Akmal,Shahid Afridi,Shafiul Islam,0,0,,,,,,bowled,Umar Akmal,,
455235,2010,2010-06-21,Rangiri Dambulla International Stadium,1,44.3,Pakistan,Bangladesh,Kamran Akmal,Shahid Afridi,Shafiul Islam,2,0,,,,,,,,,
455235,2010,2010-06-21,Rangiri Dambulla International Stadium,1,44.4,Pakistan,Bangladesh,Kamran Akmal,Shahid Afridi,Shafiul Islam,0,0,,,,,,,,,
455235,2010,2010-06-21,Rangiri Dambulla International Stadium,1,44.5,Pakistan,Bangladesh,Kamran Akmal,Shahid Afridi,Shafiul Islam,0,1,1,,,,,,,,
455235,2010,2010-06-21,Rangiri Dambulla International Stadium,1,44.6,Pakistan,Bangladesh,Kamran Akmal,Shahid Afridi,Shafiul Islam,2,0,,,,,,,,,
455235,2010,2010-06-21,Rangiri Dambulla International Stadium,1,44.7,Pakistan,Bangladesh,Kamran Akmal,Shahid Afridi,Shafiul Islam,1,0,,,,,,,,,
455235,2010,2010-06-21,Rangiri Dambulla International Stadium,1,45.1,Pakistan,Bangladesh,Kamran Akmal,Shahid Afridi,Abdur Razzak,0,0,,,,,,,,,
455235,2010,2010-06-21,Rangiri Dambulla International Stadium,1,45.2,Pakistan,Bangladesh,Kamran Akmal,Shahid Afridi,Abdur Razzak,1,0,,,,,,,,,
455235,2010,2010-06-21,Rangiri Dambulla International Stadium,1,45.3,Pakistan,Bangladesh,Shahid Afridi,Kamran Akmal,Abdur Razzak,4,0,,,,,,,,,
455235,2010,2010-06-21,Rangiri Dambulla International Stadium,1,45.4,Pakistan,Bangladesh,Shahid Afridi,Kamran Akmal,Abdur Razzak,0,0,,,,,,,,,
455235,2010,2010-06-21,Rangiri Dambulla International Stadium,1,45.5,Pakistan,Bangladesh,Shahid Afridi,Kamran Akmal,Abdur Razzak,4,0,,,,,,,,,
455235,2010,2010-06-21,Rangiri Dambulla International Stadium,1,45.6,Pakistan,Bangladesh,Shahid Afridi,Kamran Akmal,Abdur Razzak,6,0,,,,,,,,,
455235,2010,2010-06-21,Rangiri Dambulla International Stadium,1,46.1,Pakistan,Bangladesh,Kamran Akmal,Shahid Afridi,Shafiul Islam,1,0,,,,,,,,,
455235,2010,2010-06-21,Rangiri Dambulla International Stadium,1,46.2,Pakistan,Bangladesh,Shahid Afridi,Kamran Akmal,Shafiul Islam,6,0,,,,,,,,,
455235,2010,2010-06-21,Rangiri Dambulla International Stadium,1,46.3,Pakistan,Bangladesh,Shahid Afridi,Kamran Akmal,Shafiul Islam,4,0,,,,,,,,,
455235,2010,2010-06-21,Rangiri Dambulla International Stadium,1,46.4,Pakistan,Bangladesh,Shahid Afridi,Kamran Akmal,Shafiul Islam,1,0,,,,,,,,,
455235,2010,2010-06-21,Rangiri Dambulla International Stadium,1,46.5,Pakistan,Bangladesh,Kamran Akmal,Shahid Afridi,Shafiul Islam,0,1,,,1,,,,,,
455235,2010,2010-06-21,Rangiri Dambulla International Stadium,1,46.6,Pakistan,Bangladesh,Shahid Afridi,Kamran Akmal,Shafiul Islam,0,0,,,,,,caught,Shahid Afridi,,
455235,2010,2010-06-21,Rangiri Dambulla International Stadium,1,47.1,Pakistan,Bangladesh,Kamran Akmal,Abdul Razzaq,Abdur Razzak,1,0,,,,,,,,,
455235,2010,2010-06-21,Rangiri Dambulla International Stadium,1,47.2,Pakistan,Bangladesh,Abdul Razzaq,Kamran Akmal,Abdur Razzak,1,0,,,,,,,,,
455235,2010,2010-06-21,Rangiri Dambulla International Stadium,1,47.3,Pakistan,Bangladesh,Kamran Akmal,Abdul Razzaq,Abdur Razzak,4,0,,,,,,,,,
455235,2010,2010-06-21,Rangiri Dambulla International Stadium,1,47.4,Pakistan,Bangladesh,Kamran Akmal,Abdul Razzaq,Abdur Razzak,0,0,,,,,,,,,
455235,2010,2010-06-21,Rangiri Dambulla International Stadium,1,47.5,Pakistan,Bangladesh,Kamran Akmal,Abdul Razzaq,Abdur Razzak,2,0,,,,,,,,,
455235,2010,2010-06-21,Rangiri Dambulla International Stadium,1,47.6,Pakistan,Bangladesh,Kamran Akmal,Abdul Razzaq,Abdur Razzak,3,0,,,,,,,,,
455235,2010,2010-06-21,Rangiri Dambulla International Stadium,1,48.1,Pakistan,Bangladesh,Kamran Akmal,Abdul Razzaq,Shafiul Islam,2,0,,,,,,,,,
455235,2010,2010-06-21,Rangiri Dambulla International Stadium,1,48.2,Pakistan,Bangladesh,Kamran Akmal,Abdul Razzaq,Shafiul Islam,4,0,,,,,,,,,
455235,2010,2010-06-21,Rangiri Dambulla International Stadium,1,48.3,Pakistan,Bangladesh,Kamran Akmal,Abdul Razzaq,Shafiul Islam,0,0,,,,,,caught,Kamran Akmal,,
455235,2010,2010-06-21,Rangiri Dambulla International Stadium,1,48.4,Pakistan,Bangladesh,Abdul Razzaq,Abdur Rehman,Shafiul Islam,4,0,,,,,,,,,
455235,2010,2010-06-21,Rangiri Dambulla International Stadium,1,48.5,Pakistan,Bangladesh,Abdul Razzaq,Abdur Rehman,Shafiul Islam,6,0,,,,,,,,,
455235,2010,2010-06-21,Rangiri Dambulla International Stadium,1,48.6,Pakistan,Bangladesh,Abdul Razzaq,Abdur Rehman,Shafiul Islam,1,0,,,,,,,,,
455235,2010,2010-06-21,Rangiri Dambulla International Stadium,1,49.1,Pakistan,Bangladesh,Abdul Razzaq,Abdur Rehman,Shakib Al Hasan,2,0,,,,,,,,,
455235,2010,2010-06-21,Rangiri Dambulla International Stadium,1,49.2,Pakistan,Bangladesh,Abdul Razzaq,Abdur Rehman,Shakib Al Hasan,0,0,,,,,,,,,
455235,2010,2010-06-21,Rangiri Dambulla International Stadium,1,49.3,Pakistan,Bangladesh,Abdul Razzaq,Abdur Rehman,Shakib Al Hasan,0,0,,,,,,,,,
455235,2010,2010-06-21,Rangiri Dambulla International Stadium,1,49.4,Pakistan,Bangladesh,Abdul Razzaq,Abdur Rehman,Shakib Al Hasan,1,0,,,,,,,,,
455235,2010,2010-06-21,Rangiri Dambulla International Stadium,1,49.5,Pakistan,Bangladesh,Abdur Rehman,Abdul Razzaq,Shakib Al Hasan,1,0,,,,,,,,,
455235,2010,2010-06-21,Rangiri Dambulla International Stadium,1,49.6,Pakistan,Bangladesh,Abdul Razzaq,Abdur Rehman,Shakib Al Hasan,6,0,,,,,,,,,
455235,2010,2010-06-21,Rangiri Dambulla International Stadium,2,0.1,Bangladesh,Pakistan,Tamim Iqbal,Imrul Kayes,Shoaib Akhtar,0,0,,,,,,,,,
455235,2010,2010-06-21,Rangiri Dambulla International Stadium,2,0.2,Bangladesh,Pakistan,Tamim Iqbal,Imrul Kayes,Shoaib Akhtar,0,0,,,,,,,,,
455235,2010,2010-06-21,Rangiri Dambulla International Stadium,2,0.3,Bangladesh,Pakistan,Tamim Iqbal,Imrul Kayes,Shoaib Akhtar,0,0,,,,,,,,,
455235,2010,2010-06-21,Rangiri Dambulla International Stadium,2,0.4,Bangladesh,Pakistan,Tamim Iqbal,Imrul Kayes,Shoaib Akhtar,0,0,,,,,,,,,
455235,2010,2010-06-21,Rangiri Dambulla International Stadium,2,0.5,Bangladesh,Pakistan,Tamim Iqbal,Imrul Kayes,Shoaib Akhtar,0,0,,,,,,,,,
455235,2010,2010-06-21,Rangiri Dambulla International Stadium,2,0.6,Bangladesh,Pakistan,Tamim Iqbal,Imrul Kayes,Shoaib Akhtar,1,0,,,,,,,,,
455235,2010,2010-06-21,Rangiri Dambulla International Stadium,2,1.1,Bangladesh,Pakistan,Tamim Iqbal,Imrul Kayes,Mohammad Asif,0,0,,,,,,,,,
455235,2010,2010-06-21,Rangiri Dambulla International Stadium,2,1.2,Bangladesh,Pakistan,Tamim Iqbal,Imrul Kayes,Mohammad Asif,1,0,,,,,,,,,
455235,2010,2010-06-21,Rangiri Dambulla International Stadium,2,1.3,Bangladesh,Pakistan,Imrul Kayes,Tamim Iqbal,Mohammad Asif,0,0,,,,,,,,,
455235,2010,2010-06-21,Rangiri Dambulla International Stadium,2,1.4,Bangladesh,Pakistan,Imrul Kayes,Tamim Iqbal,Mohammad Asif,0,0,,,,,,,,,
455235,2010,2010-06-21,Rangiri Dambulla International Stadium,2,1.5,Bangladesh,Pakistan,Imrul Kayes,Tamim Iqbal,Mohammad Asif,0,1,,,,1,,,,,
455235,2010,2010-06-21,Rangiri Dambulla International Stadium,2,1.6,Bangladesh,Pakistan,Tamim Iqbal,Imrul Kayes,Mohammad Asif,4,0,,,,,,,,,
455235,2010,2010-06-21,Rangiri Dambulla International Stadium,2,2.1,Bangladesh,Pakistan,Imrul Kayes,Tamim Iqbal,Shoaib Akhtar,0,0,,,,,,,,,
455235,2010,2010-06-21,Rangiri Dambulla International Stadium,2,2.2,Bangladesh,Pakistan,Imrul Kayes,Tamim Iqbal,Shoaib Akhtar,0,0,,,,,,,,,
455235,2010,2010-06-21,Rangiri Dambulla International Stadium,2,2.3,Bangladesh,Pakistan,Imrul Kayes,Tamim Iqbal,Shoaib Akhtar,0,0,,,,,,,,,
455235,2010,2010-06-21,Rangiri Dambulla International Stadium,2,2.4,Bangladesh,Pakistan,Imrul Kayes,Tamim Iqbal,Shoaib Akhtar,0,0,,,,,,,,,
455235,2010,2010-06-21,Rangiri Dambulla International Stadium,2,2.5,Bangladesh,Pakistan,Imrul Kayes,Tamim Iqbal,Shoaib Akhtar,0,0,,,,,,,,,
455235,2010,2010-06-21,Rangiri Dambulla International Stadium,2,2.6,Bangladesh,Pakistan,Imrul Kayes,Tamim Iqbal,Shoaib Akhtar,0,0,,,,,,,,,
455235,2010,2010-06-21,Rangiri Dambulla International Stadium,2,3.1,Bangladesh,Pakistan,Tamim Iqbal,Imrul Kayes,Mohammad Asif,2,0,,,,,,,,,
455235,2010,2010-06-21,Rangiri Dambulla International Stadium,2,3.2,Bangladesh,Pakistan,Tamim Iqbal,Imrul Kayes,Mohammad Asif,4,0,,,,,,,,,
455235,2010,2010-06-21,Rangiri Dambulla International Stadium,2,3.3,Bangladesh,Pakistan,Tamim Iqbal,Imrul Kayes,Mohammad Asif,0,0,,,,,,,,,
455235,2010,2010-06-21,Rangiri Dambulla International Stadium,2,3.4,Bangladesh,Pakistan,Tamim Iqbal,Imrul Kayes,Mohammad Asif,4,0,,,,,,,,,
455235,2010,2010-06-21,Rangiri Dambulla International Stadium,2,3.5,Bangladesh,Pakistan,Tamim Iqbal,Imrul Kayes,Mohammad Asif,0,0,,,,,,,,,
455235,2010,2010-06-21,Rangiri Dambulla International Stadium,2,3.6,Bangladesh,Pakistan,Tamim Iqbal,Imrul Kayes,Mohammad Asif,0,0,,,,,,,,,
455235,2010,2010-06-21,Rangiri Dambulla International Stadium,2,4.1,Bangladesh,Pakistan,Imrul Kayes,Tamim Iqbal,Shoaib Akhtar,0,0,,,,,,,,,
455235,2010,2010-06-21,Rangiri Dambulla International Stadium,2,4.2,Bangladesh,Pakistan,Imrul Kayes,Tamim Iqbal,Shoaib Akhtar,0,0,,,,,,,,,
455235,2010,2010-06-21,Rangiri Dambulla International Stadium,2,4.3,Bangladesh,Pakistan,Imrul Kayes,Tamim Iqbal,Shoaib Akhtar,0,0,,,,,,,,,
455235,2010,2010-06-21,Rangiri Dambulla International Stadium,2,4.4,Bangladesh,Pakistan,Imrul Kayes,Tamim Iqbal,Shoaib Akhtar,0,0,,,,,,,,,
455235,2010,2010-06-21,Rangiri Dambulla International Stadium,2,4.5,Bangladesh,Pakistan,Imrul Kayes,Tamim Iqbal,Shoaib Akhtar,0,0,,,,,,,,,
455235,2010,2010-06-21,Rangiri Dambulla International Stadium,2,4.6,Bangladesh,Pakistan,Imrul Kayes,Tamim Iqbal,Shoaib Akhtar,0,0,,,,,,,,,
455235,2010,2010-06-21,Rangiri Dambulla International Stadium,2,5.1,Bangladesh,Pakistan,Tamim Iqbal,Imrul Kayes,Mohammad Asif,4,0,,,,,,,,,
455235,2010,2010-06-21,Rangiri Dambulla International Stadium,2,5.2,Bangladesh,Pakistan,Tamim Iqbal,Imrul Kayes,Mohammad Asif,2,0,,,,,,,,,
455235,2010,2010-06-21,Rangiri Dambulla International Stadium,2,5.3,Bangladesh,Pakistan,Tamim Iqbal,Imrul Kayes,Mohammad Asif,0,4,,,,4,,,,,
455235,2010,2010-06-21,Rangiri Dambulla International Stadium,2,5.4,Bangladesh,Pakistan,Tamim Iqbal,Imrul Kayes,Mohammad Asif,0,0,,,,,,,,,
455235,2010,2010-06-21,Rangiri Dambulla International Stadium,2,5.5,Bangladesh,Pakistan,Tamim Iqbal,Imrul Kayes,Mohammad Asif,1,0,,,,,,,,,
455235,2010,2010-06-21,Rangiri Dambulla International Stadium,2,5.6,Bangladesh,Pakistan,Imrul Kayes,Tamim Iqbal,Mohammad Asif,0,0,,,,,,,,,
455235,2010,2010-06-21,Rangiri Dambulla International Stadium,2,6.1,Bangladesh,Pakistan,Tamim Iqbal,Imrul Kayes,Shoaib Akhtar,0,0,,,,,,,,,
455235,2010,2010-06-21,Rangiri Dambulla International Stadium,2,6.2,Bangladesh,Pakistan,Tamim Iqbal,Imrul Kayes,Shoaib Akhtar,1,0,,,,,,,,,
455235,2010,2010-06-21,Rangiri Dambulla International Stadium,2,6.3,Bangladesh,Pakistan,Imrul Kayes,Tamim Iqbal,Shoaib Akhtar,0,0,,,,,,,,,
455235,2010,2010-06-21,Rangiri Dambulla International Stadium,2,6.4,Bangladesh,Pakistan,Imrul Kayes,Tamim Iqbal,Shoaib Akhtar,0,0,,,,,,,,,
455235,2010,2010-06-21,Rangiri Dambulla International Stadium,2,6.5,Bangladesh,Pakistan,Imrul Kayes,Tamim Iqbal,Shoaib Akhtar,0,0,,,,,,,,,
455235,2010,2010-06-21,Rangiri Dambulla International Stadium,2,6.6,Bangladesh,Pakistan,Imrul Kayes,Tamim Iqbal,Shoaib Akhtar,0,0,,,,,,,,,
455235,2010,2010-06-21,Rangiri Dambulla International Stadium,2,7.1,Bangladesh,Pakistan,Tamim Iqbal,Imrul Kayes,Mohammad Asif,2,0,,,,,,,,,
455235,2010,2010-06-21,Rangiri Dambulla International Stadium,2,7.2,Bangladesh,Pakistan,Tamim Iqbal,Imrul Kayes,Mohammad Asif,0,0,,,,,,,,,
455235,2010,2010-06-21,Rangiri Dambulla International Stadium,2,7.3,Bangladesh,Pakistan,Tamim Iqbal,Imrul Kayes,Mohammad Asif,4,0,,,,,,,,,
455235,2010,2010-06-21,Rangiri Dambulla International Stadium,2,7.4,Bangladesh,Pakistan,Tamim Iqbal,Imrul Kayes,Mohammad Asif,4,0,,,,,,,,,
455235,2010,2010-06-21,Rangiri Dambulla International Stadium,2,7.5,Bangladesh,Pakistan,Tamim Iqbal,Imrul Kayes,Mohammad Asif,0,0,,,,,,caught,Tamim Iqbal,,
455235,2010,2010-06-21,Rangiri Dambulla International Stadium,2,7.6,Bangladesh,Pakistan,Junaid Siddique,Imrul Kayes,Mohammad Asif,0,0,,,,,,,,,
455235,2010,2010-06-21,Rangiri Dambulla International Stadium,2,8.1,Bangladesh,Pakistan,Imrul Kayes,Junaid Siddique,Shoaib Akhtar,0,0,,,,,,,,,
455235,2010,2010-06-21,Rangiri Dambulla International Stadium,2,8.2,Bangladesh,Pakistan,Imrul Kayes,Junaid Siddique,Shoaib Akhtar,0,0,,,,,,,,,
455235,2010,2010-06-21,Rangiri Dambulla International Stadium,2,8.3,Bangladesh,Pakistan,Imrul Kayes,Junaid Siddique,Shoaib Akhtar,0,0,,,,,,,,,
455235,2010,2010-06-21,Rangiri Dambulla International Stadium,2,8.4,Bangladesh,Pakistan,Imrul Kayes,Junaid Siddique,Shoaib Akhtar,1,0,,,,,,,,,
455235,2010,2010-06-21,Rangiri Dambulla International Stadium,2,8.5,Bangladesh,Pakistan,Junaid Siddique,Imrul Kayes,Shoaib Akhtar,1,0,,,,,,,,,
455235,2010,2010-06-21,Rangiri Dambulla International Stadium,2,8.6,Bangladesh,Pakistan,Imrul Kayes,Junaid Siddique,Shoaib Akhtar,0,0,,,,,,,,,
455235,2010,2010-06-21,Rangiri Dambulla International Stadium,2,9.1,Bangladesh,Pakistan,Junaid Siddique,Imrul Kayes,Mohammad Asif,0,0,,,,,,,,,
455235,2010,2010-06-21,Rangiri Dambulla International Stadium,2,9.2,Bangladesh,Pakistan,Junaid Siddique,Imrul Kayes,Mohammad Asif,0,0,,,,,,,,,
455235,2010,2010-06-21,Rangiri Dambulla International Stadium,2,9.3,Bangladesh,Pakistan,Junaid Siddique,Imrul Kayes,Mohammad Asif,0,0,,,,,,,,,
455235,2010,2010-06-21,Rangiri Dambulla International Stadium,2,9.4,Bangladesh,Pakistan,Junaid Siddique,Imrul Kayes,Mohammad Asif,0,0,,,,,,,,,
455235,2010,2010-06-21,Rangiri Dambulla International Stadium,2,9.5,Bangladesh,Pakistan,Junaid Siddique,Imrul Kayes,Mohammad Asif,0,0,,,,,,,,,
455235,2010,2010-06-21,Rangiri Dambulla International Stadium,2,9.6,Bangladesh,Pakistan,Junaid Siddique,Imrul Kayes,Mohammad Asif,1,0,,,,,,,,,
455235,2010,2010-06-21,Rangiri Dambulla International Stadium,2,10.1,Bangladesh,Pakistan,Junaid Siddique,Imrul Kayes,Abdul Razzaq,0,0,,,,,,,,,
455235,2010,2010-06-21,Rangiri Dambulla International Stadium,2,10.2,Bangladesh,Pakistan,Junaid Siddique,Imrul Kayes,Abdul Razzaq,4,0,,,,,,,,,
455235,2010,2010-06-21,Rangiri Dambulla International Stadium,2,10.3,Bangladesh,Pakistan,Junaid Siddique,Imrul Kayes,Abdul Razzaq,0,0,,,,,,,,,
455235,2010,2010-06-21,Rangiri Dambulla International Stadium,2,10.4,Bangladesh,Pakistan,Junaid Siddique,Imrul Kayes,Abdul Razzaq,4,0,,,,,,,,,
455235,2010,2010-06-21,Rangiri Dambulla International Stadium,2,10.5,Bangladesh,Pakistan,Junaid Siddique,Imrul Kayes,Abdul Razzaq,0,0,,,,,,,,,
455235,2010,2010-06-21,Rangiri Dambulla International Stadium,2,10.6,Bangladesh,Pakistan,Junaid Siddique,Imrul Kayes,Abdul Razzaq,4,0,,,,,,,,,
455235,2010,2010-06-21,Rangiri Dambulla International Stadium,2,11.1,Bangladesh,Pakistan,Imrul Kayes,Junaid Siddique,Mohammad Asif,0,0,,,,,,,,,
455235,2010,2010-06-21,Rangiri Dambulla International Stadium,2,11.2,Bangladesh,Pakistan,Imrul Kayes,Junaid Siddique,Mohammad Asif,2,0,,,,,,,,,
455235,2010,2010-06-21,Rangiri Dambulla International Stadium,2,11.3,Bangladesh,Pakistan,Imrul Kayes,Junaid Siddique,Mohammad Asif,1,0,,,,,,,,,
455235,2010,2010-06-21,Rangiri Dambulla International Stadium,2,11.4,Bangladesh,Pakistan,Junaid Siddique,Imrul Kayes,Mohammad Asif,0,0,,,,,,,,,
455235,2010,2010-06-21,Rangiri Dambulla International Stadium,2,11.5,Bangladesh,Pakistan,Junaid Siddique,Imrul Kayes,Mohammad Asif,2,0,,,,,,,,,
455235,2010,2010-06-21,Rangiri Dambulla International Stadium,2,11.6,Bangladesh,Pakistan,Junaid Siddique,Imrul Kayes,Mohammad Asif,1,0,,,,,,,,,
455235,2010,2010-06-21,Rangiri Dambulla International Stadium,2,12.1,Bangladesh,Pakistan,Junaid Siddique,Imrul Kayes,Abdul Razzaq,0,0,,,,,,,,,
455235,2010,2010-06-21,Rangiri Dambulla International Stadium,2,12.2,Bangladesh,Pakistan,Junaid Siddique,Imrul Kayes,Abdul Razzaq,1,0,,,,,,,,,
455235,2010,2010-06-21,Rangiri Dambulla International Stadium,2,12.3,Bangladesh,Pakistan,Imrul Kayes,Junaid Siddique,Abdul Razzaq,4,0,,,,,,,,,
455235,2010,2010-06-21,Rangiri Dambulla International Stadium,2,12.4,Bangladesh,Pakistan,Imrul Kayes,Junaid Siddique,Abdul Razzaq,1,0,,,,,,,,,
455235,2010,2010-06-21,Rangiri Dambulla International Stadium,2,12.5,Bangladesh,Pakistan,Junaid Siddique,Imrul Kayes,Abdul Razzaq,0,0,,,,,,,,,
455235,2010,2010-06-21,Rangiri Dambulla International Stadium,2,12.6,Bangladesh,Pakistan,Junaid Siddique,Imrul Kayes,Abdul Razzaq,1,0,,,,,,,,,
455235,2010,2010-06-21,Rangiri Dambulla International Stadium,2,13.1,Bangladesh,Pakistan,Junaid Siddique,Imrul Kayes,Mohammad Asif,0,0,,,,,,,,,
455235,2010,2010-06-21,Rangiri Dambulla International Stadium,2,13.2,Bangladesh,Pakistan,Junaid Siddique,Imrul Kayes,Mohammad Asif,0,0,,,,,,,,,
455235,2010,2010-06-21,Rangiri Dambulla International Stadium,2,13.3,Bangladesh,Pakistan,Junaid Siddique,Imrul Kayes,Mohammad Asif,0,0,,,,,,,,,
455235,2010,2010-06-21,Rangiri Dambulla International Stadium,2,13.4,Bangladesh,Pakistan,Junaid Siddique,Imrul Kayes,Mohammad Asif,0,0,,,,,,,,,
455235,2010,2010-06-21,Rangiri Dambulla International Stadium,2,13.5,Bangladesh,Pakistan,Junaid Siddique,Imrul Kayes,Mohammad Asif,4,0,,,,,,,,,
455235,2010,2010-06-21,Rangiri Dambulla International Stadium,2,13.6,Bangladesh,Pakistan,Junaid Siddique,Imrul Kayes,Mohammad Asif,0,0,,,,,,,,,
455235,2010,2010-06-21,Rangiri Dambulla International Stadium,2,14.1,Bangladesh,Pakistan,Imrul Kayes,Junaid Siddique,Abdul Razzaq,0,0,,,,,,,,,
455235,2010,2010-06-21,Rangiri Dambulla International Stadium,2,14.2,Bangladesh,Pakistan,Imrul Kayes,Junaid Siddique,Abdul Razzaq,0,0,,,,,,,,,
455235,2010,2010-06-21,Rangiri Dambulla International Stadium,2,14.3,Bangladesh,Pakistan,Imrul Kayes,Junaid Siddique,Abdul Razzaq,1,0,,,,,,,,,
455235,2010,2010-06-21,Rangiri Dambulla International Stadium,2,14.4,Bangladesh,Pakistan,Junaid Siddique,Imrul Kayes,Abdul Razzaq,0,0,,,,,,,,,
455235,2010,2010-06-21,Rangiri Dambulla International Stadium,2,14.5,Bangladesh,Pakistan,Junaid Siddique,Imrul Kayes,Abdul Razzaq,1,0,,,,,,,,,
455235,2010,2010-06-21,Rangiri Dambulla International Stadium,2,14.6,Bangladesh,Pakistan,Imrul Kayes,Junaid Siddique,Abdul Razzaq,0,0,,,,,,,,,
455235,2010,2010-06-21,Rangiri Dambulla International Stadium,2,15.1,Bangladesh,Pakistan,Junaid Siddique,Imrul Kayes,Abdur Rehman,0,0,,,,,,,,,
455235,2010,2010-06-21,Rangiri Dambulla International Stadium,2,15.2,Bangladesh,Pakistan,Junaid Siddique,Imrul Kayes,Abdur Rehman,1,0,,,,,,,,,
455235,2010,2010-06-21,Rangiri Dambulla International Stadium,2,15.3,Bangladesh,Pakistan,Imrul Kayes,Junaid Siddique,Abdur Rehman,0,0,,,,,,,,,
455235,2010,2010-06-21,Rangiri Dambulla International Stadium,2,15.4,Bangladesh,Pakistan,Imrul Kayes,Junaid Siddique,Abdur Rehman,1,0,,,,,,,,,
455235,2010,2010-06-21,Rangiri Dambulla International Stadium,2,15.5,Bangladesh,Pakistan,Junaid Siddique,Imrul Kayes,Abdur Rehman,1,0,,,,,,,,,
455235,2010,2010-06-21,Rangiri Dambulla International Stadium,2,15.6,Bangladesh,Pakistan,Imrul Kayes,Junaid Siddique,Abdur Rehman,1,0,,,,,,,,,
455235,2010,2010-06-21,Rangiri Dambulla International Stadium,2,16.1,Bangladesh,Pakistan,Imrul Kayes,Junaid Siddique,Abdul Razzaq,1,0,,,,,,,,,
455235,2010,2010-06-21,Rangiri Dambulla International Stadium,2,16.2,Bangladesh,Pakistan,Junaid Siddique,Imrul Kayes,Abdul Razzaq,1,0,,,,,,,,,
455235,2010,2010-06-21,Rangiri Dambulla International Stadium,2,16.3,Bangladesh,Pakistan,Imrul Kayes,Junaid Siddique,Abdul Razzaq,0,0,,,,,,,,,
455235,2010,2010-06-21,Rangiri Dambulla International Stadium,2,16.4,Bangladesh,Pakistan,Imrul Kayes,Junaid Siddique,Abdul Razzaq,1,0,,,,,,,,,
455235,2010,2010-06-21,Rangiri Dambulla International Stadium,2,16.5,Bangladesh,Pakistan,Junaid Siddique,Imrul Kayes,Abdul Razzaq,1,0,,,,,,,,,
455235,2010,2010-06-21,Rangiri Dambulla International Stadium,2,16.6,Bangladesh,Pakistan,Imrul Kayes,Junaid Siddique,Abdul Razzaq,1,0,,,,,,,,,
455235,2010,2010-06-21,Rangiri Dambulla International Stadium,2,17.1,Bangladesh,Pakistan,Imrul Kayes,Junaid Siddique,Abdur Rehman,1,0,,,,,,,,,
455235,2010,2010-06-21,Rangiri Dambulla International Stadium,2,17.2,Bangladesh,Pakistan,Junaid Siddique,Imrul Kayes,Abdur Rehman,1,0,,,,,,,,,
455235,2010,2010-06-21,Rangiri Dambulla International Stadium,2,17.3,Bangladesh,Pakistan,Imrul Kayes,Junaid Siddique,Abdur Rehman,1,0,,,,,,,,,
455235,2010,2010-06-21,Rangiri Dambulla International Stadium,2,17.4,Bangladesh,Pakistan,Junaid Siddique,Imrul Kayes,Abdur Rehman,0,0,,,,,,,,,
455235,2010,2010-06-21,Rangiri Dambulla International Stadium,2,17.5,Bangladesh,Pakistan,Junaid Siddique,Imrul Kayes,Abdur Rehman,1,0,,,,,,,,,
455235,2010,2010-06-21,Rangiri Dambulla International Stadium,2,17.6,Bangladesh,Pakistan,Imrul Kayes,Junaid Siddique,Abdur Rehman,0,0,,,,,,,,,
455235,2010,2010-06-21,Rangiri Dambulla International Stadium,2,18.1,Bangladesh,Pakistan,Junaid Siddique,Imrul Kayes,Abdul Razzaq,0,0,,,,,,,,,
455235,2010,2010-06-21,Rangiri Dambulla International Stadium,2,18.2,Bangladesh,Pakistan,Junaid Siddique,Imrul Kayes,Abdul Razzaq,0,0,,,,,,,,,
455235,2010,2010-06-21,Rangiri Dambulla International Stadium,2,18.3,Bangladesh,Pakistan,Junaid Siddique,Imrul Kayes,Abdul Razzaq,0,0,,,,,,,,,
455235,2010,2010-06-21,Rangiri Dambulla International Stadium,2,18.4,Bangladesh,Pakistan,Junaid Siddique,Imrul Kayes,Abdul Razzaq,1,0,,,,,,,,,
455235,2010,2010-06-21,Rangiri Dambulla International Stadium,2,18.5,Bangladesh,Pakistan,Imrul Kayes,Junaid Siddique,Abdul Razzaq,0,0,,,,,,,,,
455235,2010,2010-06-21,Rangiri Dambulla International Stadium,2,18.6,Bangladesh,Pakistan,Imrul Kayes,Junaid Siddique,Abdul Razzaq,0,0,,,,,,,,,
455235,2010,2010-06-21,Rangiri Dambulla International Stadium,2,19.1,Bangladesh,Pakistan,Junaid Siddique,Imrul Kayes,Abdur Rehman,0,0,,,,,,,,,
455235,2010,2010-06-21,Rangiri Dambulla International Stadium,2,19.2,Bangladesh,Pakistan,Junaid Siddique,Imrul Kayes,Abdur Rehman,1,0,,,,,,,,,
455235,2010,2010-06-21,Rangiri Dambulla International Stadium,2,19.3,Bangladesh,Pakistan,Imrul Kayes,Junaid Siddique,Abdur Rehman,0,0,,,,,,,,,
455235,2010,2010-06-21,Rangiri Dambulla International Stadium,2,19.4,Bangladesh,Pakistan,Imrul Kayes,Junaid Siddique,Abdur Rehman,1,0,,,,,,,,,
455235,2010,2010-06-21,Rangiri Dambulla International Stadium,2,19.5,Bangladesh,Pakistan,Junaid Siddique,Imrul Kayes,Abdur Rehman,0,0,,,,,,,,,
455235,2010,2010-06-21,Rangiri Dambulla International Stadium,2,19.6,Bangladesh,Pakistan,Junaid Siddique,Imrul Kayes,Abdur Rehman,0,0,,,,,,,,,
455235,2010,2010-06-21,Rangiri Dambulla International Stadium,2,20.1,Bangladesh,Pakistan,Imrul Kayes,Junaid Siddique,Shahid Afridi,0,0,,,,,,,,,
455235,2010,2010-06-21,Rangiri Dambulla International Stadium,2,20.2,Bangladesh,Pakistan,Imrul Kayes,Junaid Siddique,Shahid Afridi,1,0,,,,,,,,,
455235,2010,2010-06-21,Rangiri Dambulla International Stadium,2,20.3,Bangladesh,Pakistan,Junaid Siddique,Imrul Kayes,Shahid Afridi,0,0,,,,,,,,,
455235,2010,2010-06-21,Rangiri Dambulla International Stadium,2,20.4,Bangladesh,Pakistan,Junaid Siddique,Imrul Kayes,Shahid Afridi,0,0,,,,,,,,,
455235,2010,2010-06-21,Rangiri Dambulla International Stadium,2,20.5,Bangladesh,Pakistan,Junaid Siddique,Imrul Kayes,Shahid Afridi,0,0,,,,,,,,,
455235,2010,2010-06-21,Rangiri Dambulla International Stadium,2,20.6,Bangladesh,Pakistan,Junaid Siddique,Imrul Kayes,Shahid Afridi,2,0,,,,,,,,,
455235,2010,2010-06-21,Rangiri Dambulla International Stadium,2,21.1,Bangladesh,Pakistan,Imrul Kayes,Junaid Siddique,Abdur Rehman,2,0,,,,,,,,,
455235,2010,2010-06-21,Rangiri Dambulla International Stadium,2,21.2,Bangladesh,Pakistan,Imrul Kayes,Junaid Siddique,Abdur Rehman,0,0,,,,,,,,,
455235,2010,2010-06-21,Rangiri Dambulla International Stadium,2,21.3,Bangladesh,Pakistan,Imrul Kayes,Junaid Siddique,Abdur Rehman,0,0,,,,,,,,,
455235,2010,2010-06-21,Rangiri Dambulla International Stadium,2,21.4,Bangladesh,Pakistan,Imrul Kayes,Junaid Siddique,Abdur Rehman,0,0,,,,,,,,,
455235,2010,2010-06-21,Rangiri Dambulla International Stadium,2,21.5,Bangladesh,Pakistan,Imrul Kayes,Junaid Siddique,Abdur Rehman,1,0,,,,,,,,,
455235,2010,2010-06-21,Rangiri Dambulla International Stadium,2,21.6,Bangladesh,Pakistan,Junaid Siddique,Imrul Kayes,Abdur Rehman,1,0,,,,,,,,,
455235,2010,2010-06-21,Rangiri Dambulla International Stadium,2,22.1,Bangladesh,Pakistan,Junaid Siddique,Imrul Kayes,Shahid Afridi,0,1,1,,,,,,,,
455235,2010,2010-06-21,Rangiri Dambulla International Stadium,2,22.2,Bangladesh,Pakistan,Junaid Siddique,Imrul Kayes,Shahid Afridi,1,0,,,,,,,,,
455235,2010,2010-06-21,Rangiri Dambulla International Stadium,2,22.3,Bangladesh,Pakistan,Imrul Kayes,Junaid Siddique,Shahid Afridi,0,0,,,,,,,,,
455235,2010,2010-06-21,Rangiri Dambulla International Stadium,2,22.4,Bangladesh,Pakistan,Imrul Kayes,Junaid Siddique,Shahid Afridi,0,0,,,,,,,,,
455235,2010,2010-06-21,Rangiri Dambulla International Stadium,2,22.5,Bangladesh,Pakistan,Imrul Kayes,Junaid Siddique,Shahid Afridi,1,0,,,,,,,,,
455235,2010,2010-06-21,Rangiri Dambulla International Stadium,2,22.6,Bangladesh,Pakistan,Junaid Siddique,Imrul Kayes,Shahid Afridi,1,0,,,,,,,,,
455235,2010,2010-06-21,Rangiri Dambulla International Stadium,2,22.7,Bangladesh,Pakistan,Imrul Kayes,Junaid Siddique,Shahid Afridi,1,0,,,,,,,,,
455235,2010,2010-06-21,Rangiri Dambulla International Stadium,2,23.1,Bangladesh,Pakistan,Imrul Kayes,Junaid Siddique,Abdur Rehman,0,0,,,,,,,,,
455235,2010,2010-06-21,Rangiri Dambulla International Stadium,2,23.2,Bangladesh,Pakistan,Imrul Kayes,Junaid Siddique,Abdur Rehman,0,0,,,,,,,,,
455235,2010,2010-06-21,Rangiri Dambulla International Stadium,2,23.3,Bangladesh,Pakistan,Imrul Kayes,Junaid Siddique,Abdur Rehman,0,0,,,,,,,,,
455235,2010,2010-06-21,Rangiri Dambulla International Stadium,2,23.4,Bangladesh,Pakistan,Imrul Kayes,Junaid Siddique,Abdur Rehman,0,0,,,,,,,,,
455235,2010,2010-06-21,Rangiri Dambulla International Stadium,2,23.5,Bangladesh,Pakistan,Imrul Kayes,Junaid Siddique,Abdur Rehman,1,0,,,,,,,,,
455235,2010,2010-06-21,Rangiri Dambulla International Stadium,2,23.6,Bangladesh,Pakistan,Junaid Siddique,Imrul Kayes,Abdur Rehman,0,0,,,,,,,,,
455235,2010,2010-06-21,Rangiri Dambulla International Stadium,2,24.1,Bangladesh,Pakistan,Imrul Kayes,Junaid Siddique,Shahid Afridi,0,0,,,,,,,,,
455235,2010,2010-06-21,Rangiri Dambulla International Stadium,2,24.2,Bangladesh,Pakistan,Imrul Kayes,Junaid Siddique,Shahid Afridi,0,0,,,,,,,,,
455235,2010,2010-06-21,Rangiri Dambulla International Stadium,2,24.3,Bangladesh,Pakistan,Imrul Kayes,Junaid Siddique,Shahid Afridi,1,0,,,,,,,,,
455235,2010,2010-06-21,Rangiri Dambulla International Stadium,2,24.4,Bangladesh,Pakistan,Junaid Siddique,Imrul Kayes,Shahid Afridi,1,0,,,,,,,,,
455235,2010,2010-06-21,Rangiri Dambulla International Stadium,2,24.5,Bangladesh,Pakistan,Imrul Kayes,Junaid Siddique,Shahid Afridi,0,0,,,,,,,,,
455235,2010,2010-06-21,Rangiri Dambulla International Stadium,2,24.6,Bangladesh,Pakistan,Imrul Kayes,Junaid Siddique,Shahid Afridi,0,0,,,,,,,,,
455235,2010,2010-06-21,Rangiri Dambulla International Stadium,2,25.1,Bangladesh,Pakistan,Junaid Siddique,Imrul Kayes,Abdur Rehman,0,0,,,,,,,,,
455235,2010,2010-06-21,Rangiri Dambulla International Stadium,2,25.2,Bangladesh,Pakistan,Junaid Siddique,Imrul Kayes,Abdur Rehman,1,0,,,,,,,,,
455235,2010,2010-06-21,Rangiri Dambulla International Stadium,2,25.3,Bangladesh,Pakistan,Imrul Kayes,Junaid Siddique,Abdur Rehman,1,0,,,,,,,,,
455235,2010,2010-06-21,Rangiri Dambulla International Stadium,2,25.4,Bangladesh,Pakistan,Junaid Siddique,Imrul Kayes,Abdur Rehman,0,0,,,,,,,,,
455235,2010,2010-06-21,Rangiri Dambulla International Stadium,2,25.5,Bangladesh,Pakistan,Junaid Siddique,Imrul Kayes,Abdur Rehman,1,0,,,,,,,,,
455235,2010,2010-06-21,Rangiri Dambulla International Stadium,2,25.6,Bangladesh,Pakistan,Imrul Kayes,Junaid Siddique,Abdur Rehman,1,0,,,,,,,,,
455235,2010,2010-06-21,Rangiri Dambulla International Stadium,2,26.1,Bangladesh,Pakistan,Imrul Kayes,Junaid Siddique,Shahid Afridi,0,0,,,,,,,,,
455235,2010,2010-06-21,Rangiri Dambulla International Stadium,2,26.2,Bangladesh,Pakistan,Imrul Kayes,Junaid Siddique,Shahid Afridi,1,0,,,,,,,,,
455235,2010,2010-06-21,Rangiri Dambulla International Stadium,2,26.3,Bangladesh,Pakistan,Junaid Siddique,Imrul Kayes,Shahid Afridi,1,0,,,,,,,,,
455235,2010,2010-06-21,Rangiri Dambulla International Stadium,2,26.4,Bangladesh,Pakistan,Imrul Kayes,Junaid Siddique,Shahid Afridi,1,0,,,,,,,,,
455235,2010,2010-06-21,Rangiri Dambulla International Stadium,2,26.5,Bangladesh,Pakistan,Junaid Siddique,Imrul Kayes,Shahid Afridi,0,0,,,,,,,,,
455235,2010,2010-06-21,Rangiri Dambulla International Stadium,2,26.6,Bangladesh,Pakistan,Junaid Siddique,Imrul Kayes,Shahid Afridi,1,0,,,,,,,,,
455235,2010,2010-06-21,Rangiri Dambulla International Stadium,2,27.1,Bangladesh,Pakistan,Junaid Siddique,Imrul Kayes,Abdur Rehman,0,0,,,,,,,,,
455235,2010,2010-06-21,Rangiri Dambulla International Stadium,2,27.2,Bangladesh,Pakistan,Junaid Siddique,Imrul Kayes,Abdur Rehman,1,0,,,,,,,,,
455235,2010,2010-06-21,Rangiri Dambulla International Stadium,2,27.3,Bangladesh,Pakistan,Imrul Kayes,Junaid Siddique,Abdur Rehman,1,0,,,,,,,,,
455235,2010,2010-06-21,Rangiri Dambulla International Stadium,2,27.4,Bangladesh,Pakistan,Junaid Siddique,Imrul Kayes,Abdur Rehman,0,0,,,,,,,,,
455235,2010,2010-06-21,Rangiri Dambulla International Stadium,2,27.5,Bangladesh,Pakistan,Junaid Siddique,Imrul Kayes,Abdur Rehman,1,0,,,,,,,,,
455235,2010,2010-06-21,Rangiri Dambulla International Stadium,2,27.6,Bangladesh,Pakistan,Imrul Kayes,Junaid Siddique,Abdur Rehman,1,0,,,,,,,,,
455235,2010,2010-06-21,Rangiri Dambulla International Stadium,2,28.1,Bangladesh,Pakistan,Imrul Kayes,Junaid Siddique,Shahid Afridi,1,0,,,,,,,,,
455235,2010,2010-06-21,Rangiri Dambulla International Stadium,2,28.2,Bangladesh,Pakistan,Junaid Siddique,Imrul Kayes,Shahid Afridi,0,0,,,,,,,,,
455235,2010,2010-06-21,Rangiri Dambulla International Stadium,2,28.3,Bangladesh,Pakistan,Junaid Siddique,Imrul Kayes,Shahid Afridi,1,0,,,,,,,,,
455235,2010,2010-06-21,Rangiri Dambulla International Stadium,2,28.4,Bangladesh,Pakistan,Imrul Kayes,Junaid Siddique,Shahid Afridi,1,0,,,,,,,,,
455235,2010,2010-06-21,Rangiri Dambulla International Stadium,2,28.5,Bangladesh,Pakistan,Junaid Siddique,Imrul Kayes,Shahid Afridi,0,0,,,,,,,,,
455235,2010,2010-06-21,Rangiri Dambulla International Stadium,2,28.6,Bangladesh,Pakistan,Junaid Siddique,Imrul Kayes,Shahid Afridi,0,0,,,,,,,,,
455235,2010,2010-06-21,Rangiri Dambulla International Stadium,2,29.1,Bangladesh,Pakistan,Imrul Kayes,Junaid Siddique,Imran Farhat,0,0,,,,,,,,,
455235,2010,2010-06-21,Rangiri Dambulla International Stadium,2,29.2,Bangladesh,Pakistan,Imrul Kayes,Junaid Siddique,Imran Farhat,1,0,,,,,,,,,
455235,2010,2010-06-21,Rangiri Dambulla International Stadium,2,29.3,Bangladesh,Pakistan,Junaid Siddique,Imrul Kayes,Imran Farhat,1,0,,,,,,,,,
455235,2010,2010-06-21,Rangiri Dambulla International Stadium,2,29.4,Bangladesh,Pakistan,Imrul Kayes,Junaid Siddique,Imran Farhat,1,0,,,,,,,,,
455235,2010,2010-06-21,Rangiri Dambulla International Stadium,2,29.5,Bangladesh,Pakistan,Junaid Siddique,Imrul Kayes,Imran Farhat,0,0,,,,,,,,,
455235,2010,2010-06-21,Rangiri Dambulla International Stadium,2,29.6,Bangladesh,Pakistan,Junaid Siddique,Imrul Kayes,Imran Farhat,1,0,,,,,,,,,
455235,2010,2010-06-21,Rangiri Dambulla International Stadium,2,30.1,Bangladesh,Pakistan,Junaid Siddique,Imrul Kayes,Shoaib Akhtar,1,0,,,,,,,,,
455235,2010,2010-06-21,Rangiri Dambulla International Stadium,2,30.2,Bangladesh,Pakistan,Imrul Kayes,Junaid Siddique,Shoaib Akhtar,1,0,,,,,,,,,
455235,2010,2010-06-21,Rangiri Dambulla International Stadium,2,30.3,Bangladesh,Pakistan,Junaid Siddique,Imrul Kayes,Shoaib Akhtar,0,0,,,,,,,,,
455235,2010,2010-06-21,Rangiri Dambulla International Stadium,2,30.4,Bangladesh,Pakistan,Junaid Siddique,Imrul Kayes,Shoaib Akhtar,1,0,,,,,,,,,
455235,2010,2010-06-21,Rangiri Dambulla International Stadium,2,30.5,Bangladesh,Pakistan,Imrul Kayes,Junaid Siddique,Shoaib Akhtar,0,1,1,,,,,,,,
455235,2010,2010-06-21,Rangiri Dambulla International Stadium,2,30.6,Bangladesh,Pakistan,Imrul Kayes,Junaid Siddique,Shoaib Akhtar,1,0,,,,,,,,,
455235,2010,2010-06-21,Rangiri Dambulla International Stadium,2,30.7,Bangladesh,Pakistan,Junaid Siddique,Imrul Kayes,Shoaib Akhtar,1,0,,,,,,,,,
455235,2010,2010-06-21,Rangiri Dambulla International Stadium,2,31.1,Bangladesh,Pakistan,Junaid Siddique,Imrul Kayes,Imran Farhat,0,0,,,,,,,,,
455235,2010,2010-06-21,Rangiri Dambulla International Stadium,2,31.2,Bangladesh,Pakistan,Junaid Siddique,Imrul Kayes,Imran Farhat,0,0,,,,,,,,,
455235,2010,2010-06-21,Rangiri Dambulla International Stadium,2,31.3,Bangladesh,Pakistan,Junaid Siddique,Imrul Kayes,Imran Farhat,2,0,,,,,,,,,
455235,2010,2010-06-21,Rangiri Dambulla International Stadium,2,31.4,Bangladesh,Pakistan,Junaid Siddique,Imrul Kayes,Imran Farhat,1,0,,,,,,,,,
455235,2010,2010-06-21,Rangiri Dambulla International Stadium,2,31.5,Bangladesh,Pakistan,Imrul Kayes,Junaid Siddique,Imran Farhat,2,0,,,,,,,,,
455235,2010,2010-06-21,Rangiri Dambulla International Stadium,2,31.6,Bangladesh,Pakistan,Imrul Kayes,Junaid Siddique,Imran Farhat,1,0,,,,,,,,,
455235,2010,2010-06-21,Rangiri Dambulla International Stadium,2,32.1,Bangladesh,Pakistan,Imrul Kayes,Junaid Siddique,Shahid Afridi,1,0,,,,,,,,,
455235,2010,2010-06-21,Rangiri Dambulla International Stadium,2,32.2,Bangladesh,Pakistan,Junaid Siddique,Imrul Kayes,Shahid Afridi,1,0,,,,,,,,,
455235,2010,2010-06-21,Rangiri Dambulla International Stadium,2,32.3,Bangladesh,Pakistan,Imrul Kayes,Junaid Siddique,Shahid Afridi,0,0,,,,,,,,,
455235,2010,2010-06-21,Rangiri Dambulla International Stadium,2,32.4,Bangladesh,Pakistan,Imrul Kayes,Junaid Siddique,Shahid Afridi,1,0,,,,,,,,,
455235,2010,2010-06-21,Rangiri Dambulla International Stadium,2,32.5,Bangladesh,Pakistan,Junaid Siddique,Imrul Kayes,Shahid Afridi,0,0,,,,,,,,,
455235,2010,2010-06-21,Rangiri Dambulla International Stadium,2,32.6,Bangladesh,Pakistan,Junaid Siddique,Imrul Kayes,Shahid Afridi,1,0,,,,,,,,,
455235,2010,2010-06-21,Rangiri Dambulla International Stadium,2,33.1,Bangladesh,Pakistan,Junaid Siddique,Imrul Kayes,Imran Farhat,1,0,,,,,,,,,
455235,2010,2010-06-21,Rangiri Dambulla International Stadium,2,33.2,Bangladesh,Pakistan,Imrul Kayes,Junaid Siddique,Imran Farhat,1,0,,,,,,,,,
455235,2010,2010-06-21,Rangiri Dambulla International Stadium,2,33.3,Bangladesh,Pakistan,Junaid Siddique,Imrul Kayes,Imran Farhat,1,0,,,,,,,,,
455235,2010,2010-06-21,Rangiri Dambulla International Stadium,2,33.4,Bangladesh,Pakistan,Imrul Kayes,Junaid Siddique,Imran Farhat,0,0,,,,,,,,,
455235,2010,2010-06-21,Rangiri Dambulla International Stadium,2,33.5,Bangladesh,Pakistan,Imrul Kayes,Junaid Siddique,Imran Farhat,1,0,,,,,,,,,
455235,2010,2010-06-21,Rangiri Dambulla International Stadium,2,33.6,Bangladesh,Pakistan,Junaid Siddique,Imrul Kayes,Imran Farhat,0,0,,,,,,,,,
455235,2010,2010-06-21,Rangiri Dambulla International Stadium,2,34.1,Bangladesh,Pakistan,Imrul Kayes,Junaid Siddique,Shahid Afridi,0,0,,,,,,,,,
455235,2010,2010-06-21,Rangiri Dambulla International Stadium,2,34.2,Bangladesh,Pakistan,Imrul Kayes,Junaid Siddique,Shahid Afridi,2,0,,,,,,,,,
455235,2010,2010-06-21,Rangiri Dambulla International Stadium,2,34.3,Bangladesh,Pakistan,Imrul Kayes,Junaid Siddique,Shahid Afridi,4,0,,,,,,,,,
455235,2010,2010-06-21,Rangiri Dambulla International Stadium,2,34.4,Bangladesh,Pakistan,Imrul Kayes,Junaid Siddique,Shahid Afridi,1,0,,,,,,,,,
455235,2010,2010-06-21,Rangiri Dambulla International Stadium,2,34.5,Bangladesh,Pakistan,Junaid Siddique,Imrul Kayes,Shahid Afridi,0,0,,,,,,,,,
455235,2010,2010-06-21,Rangiri Dambulla International Stadium,2,34.6,Bangladesh,Pakistan,Junaid Siddique,Imrul Kayes,Shahid Afridi,2,0,,,,,,,,,
455235,2010,2010-06-21,Rangiri Dambulla International Stadium,2,35.1,Bangladesh,Pakistan,Imrul Kayes,Junaid Siddique,Abdul Razzaq,0,0,,,,,,,,,
455235,2010,2010-06-21,Rangiri Dambulla International Stadium,2,35.2,Bangladesh,Pakistan,Imrul Kayes,Junaid Siddique,Abdul Razzaq,1,0,,,,,,,,,
455235,2010,2010-06-21,Rangiri Dambulla International Stadium,2,35.3,Bangladesh,Pakistan,Junaid Siddique,Imrul Kayes,Abdul Razzaq,1,0,,,,,,,,,
455235,2010,2010-06-21,Rangiri Dambulla International Stadium,2,35.4,Bangladesh,Pakistan,Imrul Kayes,Junaid Siddique,Abdul Razzaq,1,0,,,,,,,,,
455235,2010,2010-06-21,Rangiri Dambulla International Stadium,2,35.5,Bangladesh,Pakistan,Junaid Siddique,Imrul Kayes,Abdul Razzaq,0,0,,,,,,,,,
455235,2010,2010-06-21,Rangiri Dambulla International Stadium,2,35.6,Bangladesh,Pakistan,Junaid Siddique,Imrul Kayes,Abdul Razzaq,2,0,,,,,,,,,
455235,2010,2010-06-21,Rangiri Dambulla International Stadium,2,36.1,Bangladesh,Pakistan,Imrul Kayes,Junaid Siddique,Shahid Afridi,1,0,,,,,,,,,
455235,2010,2010-06-21,Rangiri Dambulla International Stadium,2,36.2,Bangladesh,Pakistan,Junaid Siddique,Imrul Kayes,Shahid Afridi,1,0,,,,,,,,,
455235,2010,2010-06-21,Rangiri Dambulla International Stadium,2,36.3,Bangladesh,Pakistan,Imrul Kayes,Junaid Siddique,Shahid Afridi,0,0,,,,,,,,,
455235,2010,2010-06-21,Rangiri Dambulla International Stadium,2,36.4,Bangladesh,Pakistan,Imrul Kayes,Junaid Siddique,Shahid Afridi,4,0,,,,,,,,,
455235,2010,2010-06-21,Rangiri Dambulla International Stadium,2,36.5,Bangladesh,Pakistan,Imrul Kayes,Junaid Siddique,Shahid Afridi,1,0,,,,,,,,,
455235,2010,2010-06-21,Rangiri Dambulla International Stadium,2,36.6,Bangladesh,Pakistan,Junaid Siddique,Imrul Kayes,Shahid Afridi,1,0,,,,,,,,,
455235,2010,2010-06-21,Rangiri Dambulla International Stadium,2,37.1,Bangladesh,Pakistan,Junaid Siddique,Imrul Kayes,Abdul Razzaq,6,0,,,,,,,,,
455235,2010,2010-06-21,Rangiri Dambulla International Stadium,2,37.2,Bangladesh,Pakistan,Junaid Siddique,Imrul Kayes,Abdul Razzaq,2,0,,,,,,,,,
455235,2010,2010-06-21,Rangiri Dambulla International Stadium,2,37.3,Bangladesh,Pakistan,Junaid Siddique,Imrul Kayes,Abdul Razzaq,6,0,,,,,,,,,
455235,2010,2010-06-21,Rangiri Dambulla International Stadium,2,37.4,Bangladesh,Pakistan,Junaid Siddique,Imrul Kayes,Abdul Razzaq,1,0,,,,,,,,,
455235,2010,2010-06-21,Rangiri Dambulla International Stadium,2,37.5,Bangladesh,Pakistan,Imrul Kayes,Junaid Siddique,Abdul Razzaq,0,0,,,,,,,,,
455235,2010,2010-06-21,Rangiri Dambulla International Stadium,2,37.6,Bangladesh,Pakistan,Imrul Kayes,Junaid Siddique,Abdul Razzaq,0,0,,,,,,,,,
455235,2010,2010-06-21,Rangiri Dambulla International Stadium,2,38.1,Bangladesh,Pakistan,Junaid Siddique,Imrul Kayes,Shahid Afridi,4,0,,,,,,,,,
455235,2010,2010-06-21,Rangiri Dambulla International Stadium,2,38.2,Bangladesh,Pakistan,Junaid Siddique,Imrul Kayes,Shahid Afridi,1,0,,,,,,,,,
455235,2010,2010-06-21,Rangiri Dambulla International Stadium,2,38.3,Bangladesh,Pakistan,Imrul Kayes,Junaid Siddique,Shahid Afridi,1,0,,,,,,,,,
455235,2010,2010-06-21,Rangiri Dambulla International Stadium,2,38.4,Bangladesh,Pakistan,Junaid Siddique,Imrul Kayes,Shahid Afridi,1,0,,,,,,,,,
455235,2010,2010-06-21,Rangiri Dambulla International Stadium,2,38.5,Bangladesh,Pakistan,Imrul Kayes,Junaid Siddique,Shahid Afridi,1,0,,,,,,,,,
455235,2010,2010-06-21,Rangiri Dambulla International Stadium,2,38.6,Bangladesh,Pakistan,Junaid Siddique,Imrul Kayes,Shahid Afridi,1,0,,,,,,,,,
455235,2010,2010-06-21,Rangiri Dambulla International Stadium,2,39.1,Bangladesh,Pakistan,Junaid Siddique,Imrul Kayes,Abdur Rehman,1,0,,,,,,,,,
455235,2010,2010-06-21,Rangiri Dambulla International Stadium,2,39.2,Bangladesh,Pakistan,Imrul Kayes,Junaid Siddique,Abdur Rehman,2,0,,,,,,,,,
455235,2010,2010-06-21,Rangiri Dambulla International Stadium,2,39.3,Bangladesh,Pakistan,Imrul Kayes,Junaid Siddique,Abdur Rehman,1,0,,,,,,,,,
455235,2010,2010-06-21,Rangiri Dambulla International Stadium,2,39.4,Bangladesh,Pakistan,Junaid Siddique,Imrul Kayes,Abdur Rehman,0,0,,,,,,,,,
455235,2010,2010-06-21,Rangiri Dambulla International Stadium,2,39.5,Bangladesh,Pakistan,Junaid Siddique,Imrul Kayes,Abdur Rehman,0,0,,,,,,,,,
455235,2010,2010-06-21,Rangiri Dambulla International Stadium,2,39.6,Bangladesh,Pakistan,Junaid Siddique,Imrul Kayes,Abdur Rehman,0,0,,,,,,,,,
455235,2010,2010-06-21,Rangiri Dambulla International Stadium,2,40.1,Bangladesh,Pakistan,Imrul Kayes,Junaid Siddique,Shahid Afridi,1,0,,,,,,,,,
455235,2010,2010-06-21,Rangiri Dambulla International Stadium,2,40.2,Bangladesh,Pakistan,Junaid Siddique,Imrul Kayes,Shahid Afridi,4,0,,,,,,,,,
455235,2010,2010-06-21,Rangiri Dambulla International Stadium,2,40.3,Bangladesh,Pakistan,Junaid Siddique,Imrul Kayes,Shahid Afridi,1,0,,,,,,,,,
455235,2010,2010-06-21,Rangiri Dambulla International Stadium,2,40.4,Bangladesh,Pakistan,Imrul Kayes,Junaid Siddique,Shahid Afridi,0,0,,,,,,caught,Imrul Kayes,,
455235,2010,2010-06-21,Rangiri Dambulla International Stadium,2,40.5,Bangladesh,Pakistan,Mushfiqur Rahim,Junaid Siddique,Shahid Afridi,0,1,1,,,,,,,,
455235,2010,2010-06-21,Rangiri Dambulla International Stadium,2,40.6,Bangladesh,Pakistan,Mushfiqur Rahim,Junaid Siddique,Shahid Afridi,0,0,,,,,,,,,
455235,2010,2010-06-21,Rangiri Dambulla International Stadium,2,40.7,Bangladesh,Pakistan,Mushfiqur Rahim,Junaid Siddique,Shahid Afridi,0,0,,,,,,,,,
455235,2010,2010-06-21,Rangiri Dambulla International Stadium,2,41.1,Bangladesh,Pakistan,Junaid Siddique,Mushfiqur Rahim,Abdur Rehman,1,0,,,,,,,,,
455235,2010,2010-06-21,Rangiri Dambulla International Stadium,2,41.2,Bangladesh,Pakistan,Mushfiqur Rahim,Junaid Siddique,Abdur Rehman,0,0,,,,,,,,,
455235,2010,2010-06-21,Rangiri Dambulla International Stadium,2,41.3,Bangladesh,Pakistan,Mushfiqur Rahim,Junaid Siddique,Abdur Rehman,1,0,,,,,,,,,
455235,2010,2010-06-21,Rangiri Dambulla International Stadium,2,41.4,Bangladesh,Pakistan,Junaid Siddique,Mushfiqur Rahim,Abdur Rehman,0,1,1,,,,,,,,
455235,2010,2010-06-21,Rangiri Dambulla International Stadium,2,41.5,Bangladesh,Pakistan,Junaid Siddique,Mushfiqur Rahim,Abdur Rehman,0,0,,,,,,run out,Mushfiqur Rahim,,
455235,2010,2010-06-21,Rangiri Dambulla International Stadium,2,41.6,Bangladesh,Pakistan,Shakib Al Hasan,Junaid Siddique,Abdur Rehman,1,0,,,,,,,,,
455235,2010,2010-06-21,Rangiri Dambulla International Stadium,2,41.7,Bangladesh,Pakistan,Junaid Siddique,Shakib Al Hasan,Abdur Rehman,1,0,,,,,,,,,
455235,2010,2010-06-21,Rangiri Dambulla International Stadium,2,42.1,Bangladesh,Pakistan,Junaid Siddique,Shakib Al Hasan,Shoaib Akhtar,0,1,1,,,,,,,,
455235,2010,2010-06-21,Rangiri Dambulla International Stadium,2,42.2,Bangladesh,Pakistan,Junaid Siddique,Shakib Al Hasan,Shoaib Akhtar,1,0,,,,,,,,,
455235,2010,2010-06-21,Rangiri Dambulla International Stadium,2,42.3,Bangladesh,Pakistan,Shakib Al Hasan,Junaid Siddique,Shoaib Akhtar,1,0,,,,,,,,,
455235,2010,2010-06-21,Rangiri Dambulla International Stadium,2,42.4,Bangladesh,Pakistan,Junaid Siddique,Shakib Al Hasan,Shoaib Akhtar,0,0,,,,,,,,,
455235,2010,2010-06-21,Rangiri Dambulla International Stadium,2,42.5,Bangladesh,Pakistan,Junaid Siddique,Shakib Al Hasan,Shoaib Akhtar,2,0,,,,,,,,,
455235,2010,2010-06-21,Rangiri Dambulla International Stadium,2,42.6,Bangladesh,Pakistan,Junaid Siddique,Shakib Al Hasan,Shoaib Akhtar,0,0,,,,,,caught and bowled,Junaid Siddique,,
455235,2010,2010-06-21,Rangiri Dambulla International Stadium,2,42.7,Bangladesh,Pakistan,Jahurul Islam,Shakib Al Hasan,Shoaib Akhtar,0,0,,,,,,,,,
455235,2010,2010-06-21,Rangiri Dambulla International Stadium,2,43.1,Bangladesh,Pakistan,Shakib Al Hasan,Jahurul Islam,Abdur Rehman,0,0,,,,,,,,,
455235,2010,2010-06-21,Rangiri Dambulla International Stadium,2,43.2,Bangladesh,Pakistan,Shakib Al Hasan,Jahurul Islam,Abdur Rehman,3,0,,,,,,,,,
455235,2010,2010-06-21,Rangiri Dambulla International Stadium,2,43.3,Bangladesh,Pakistan,Jahurul Islam,Shakib Al Hasan,Abdur Rehman,0,0,,,,,,,,,
455235,2010,2010-06-21,Rangiri Dambulla International Stadium,2,43.4,Bangladesh,Pakistan,Jahurul Islam,Shakib Al Hasan,Abdur Rehman,1,0,,,,,,,,,
455235,2010,2010-06-21,Rangiri Dambulla International Stadium,2,43.5,Bangladesh,Pakistan,Shakib Al Hasan,Jahurul Islam,Abdur Rehman,1,0,,,,,,,,,
455235,2010,2010-06-21,Rangiri Dambulla International Stadium,2,43.6,Bangladesh,Pakistan,Jahurul Islam,Shakib Al Hasan,Abdur Rehman,0,0,,,,,,,,,
455235,2010,2010-06-21,Rangiri Dambulla International Stadium,2,44.1,Bangladesh,Pakistan,Shakib Al Hasan,Jahurul Islam,Shoaib Akhtar,0,0,,,,,,,,,
455235,2010,2010-06-21,Rangiri Dambulla International Stadium,2,44.2,Bangladesh,Pakistan,Shakib Al Hasan,Jahurul Islam,Shoaib Akhtar,0,0,,,,,,,,,
455235,2010,2010-06-21,Rangiri Dambulla International Stadium,2,44.3,Bangladesh,Pakistan,Shakib Al Hasan,Jahurul Islam,Shoaib Akhtar,1,0,,,,,,,,,
455235,2010,2010-06-21,Rangiri Dambulla International Stadium,2,44.4,Bangladesh,Pakistan,Jahurul Islam,Shakib Al Hasan,Shoaib Akhtar,0,1,1,,,,,,,,
455235,2010,2010-06-21,Rangiri Dambulla International Stadium,2,44.5,Bangladesh,Pakistan,Jahurul Islam,Shakib Al Hasan,Shoaib Akhtar,0,0,,,,,,,,,
455235,2010,2010-06-21,Rangiri Dambulla International Stadium,2,44.6,Bangladesh,Pakistan,Jahurul Islam,Shakib Al Hasan,Shoaib Akhtar,1,0,,,,,,,,,
455235,2010,2010-06-21,Rangiri Dambulla International Stadium,2,44.7,Bangladesh,Pakistan,Shakib Al Hasan,Jahurul Islam,Shoaib Akhtar,4,0,,,,,,,,,
455235,2010,2010-06-21,Rangiri Dambulla International Stadium,2,45.1,Bangladesh,Pakistan,Jahurul Islam,Shakib Al Hasan,Mohammad Asif,4,0,,,,,,,,,
455235,2010,2010-06-21,Rangiri Dambulla International Stadium,2,45.2,Bangladesh,Pakistan,Jahurul Islam,Shakib Al Hasan,Mohammad Asif,1,0,,,,,,,,,
455235,2010,2010-06-21,Rangiri Dambulla International Stadium,2,45.3,Bangladesh,Pakistan,Shakib Al Hasan,Jahurul Islam,Mohammad Asif,0,0,,,,,,,,,
455235,2010,2010-06-21,Rangiri Dambulla International Stadium,2,45.4,Bangladesh,Pakistan,Shakib Al Hasan,Jahurul Islam,Mohammad Asif,0,0,,,,,,,,,
455235,2010,2010-06-21,Rangiri Dambulla International Stadium,2,45.5,Bangladesh,Pakistan,Shakib Al Hasan,Jahurul Islam,Mohammad Asif,2,0,,,,,,,,,
455235,2010,2010-06-21,Rangiri Dambulla International Stadium,2,45.6,Bangladesh,Pakistan,Shakib Al Hasan,Jahurul Islam,Mohammad Asif,1,0,,,,,,,,,
455235,2010,2010-06-21,Rangiri Dambulla International Stadium,2,46.1,Bangladesh,Pakistan,Shakib Al Hasan,Jahurul Islam,Imran Farhat,4,0,,,,,,,,,
455235,2010,2010-06-21,Rangiri Dambulla International Stadium,2,46.2,Bangladesh,Pakistan,Shakib Al Hasan,Jahurul Islam,Imran Farhat,0,0,,,,,,,,,
455235,2010,2010-06-21,Rangiri Dambulla International Stadium,2,46.3,Bangladesh,Pakistan,Shakib Al Hasan,Jahurul Islam,Imran Farhat,0,0,,,,,,,,,
455235,2010,2010-06-21,Rangiri Dambulla International Stadium,2,46.4,Bangladesh,Pakistan,Shakib Al Hasan,Jahurul Islam,Imran Farhat,1,0,,,,,,,,,
455235,2010,2010-06-21,Rangiri Dambulla International Stadium,2,46.5,Bangladesh,Pakistan,Jahurul Islam,Shakib Al Hasan,Imran Farhat,1,0,,,,,,,,,
455235,2010,2010-06-21,Rangiri Dambulla International Stadium,2,46.6,Bangladesh,Pakistan,Shakib Al Hasan,Jahurul Islam,Imran Farhat,0,0,,,,,,,,,
455235,2010,2010-06-21,Rangiri Dambulla International Stadium,2,47.1,Bangladesh,Pakistan,Jahurul Islam,Shakib Al Hasan,Mohammad Asif,0,0,,,,,,,,,
455235,2010,2010-06-21,Rangiri Dambulla International Stadium,2,47.2,Bangladesh,Pakistan,Jahurul Islam,Shakib Al Hasan,Mohammad Asif,0,1,,1,,,,,,,
455235,2010,2010-06-21,Rangiri Dambulla International Stadium,2,47.3,Bangladesh,Pakistan,Jahurul Islam,Shakib Al Hasan,Mohammad Asif,0,0,,,,,,,,,
455235,2010,2010-06-21,Rangiri Dambulla International Stadium,2,47.4,Bangladesh,Pakistan,Jahurul Islam,Shakib Al Hasan,Mohammad Asif,1,0,,,,,,,,,
455235,2010,2010-06-21,Rangiri Dambulla International Stadium,2,47.5,Bangladesh,Pakistan,Shakib Al Hasan,Jahurul Islam,Mohammad Asif,0,0,,,,,,,,,
455235,2010,2010-06-21,Rangiri Dambulla International Stadium,2,47.6,Bangladesh,Pakistan,Shakib Al Hasan,Jahurul Islam,Mohammad Asif,4,0,,,,,,,,,
455235,2010,2010-06-21,Rangiri Dambulla International Stadium,2,47.7,Bangladesh,Pakistan,Shakib Al Hasan,Jahurul Islam,Mohammad Asif,2,0,,,,,,,,,
455235,2010,2010-06-21,Rangiri Dambulla International Stadium,2,48.1,Bangladesh,Pakistan,Jahurul Islam,Shakib Al Hasan,Imran Farhat,1,0,,,,,,,,,
455235,2010,2010-06-21,Rangiri Dambulla International Stadium,2,48.2,Bangladesh,Pakistan,Shakib Al Hasan,Jahurul Islam,Imran Farhat,0,0,,,,,,,,,
455235,2010,2010-06-21,Rangiri Dambulla International Stadium,2,48.3,Bangladesh,Pakistan,Shakib Al Hasan,Jahurul Islam,Imran Farhat,0,0,,,,,,,,,
455235,2010,2010-06-21,Rangiri Dambulla International Stadium,2,48.4,Bangladesh,Pakistan,Shakib Al Hasan,Jahurul Islam,Imran Farhat,0,0,,,,,,bowled,Shakib Al Hasan,,
455235,2010,2010-06-21,Rangiri Dambulla International Stadium,2,48.5,Bangladesh,Pakistan,Mahmudullah,Jahurul Islam,Imran Farhat,0,0,,,,,,,,,
455235,2010,2010-06-21,Rangiri Dambulla International Stadium,2,48.6,Bangladesh,Pakistan,Mahmudullah,Jahurul Islam,Imran Farhat,0,0,,,,,,,,,
455235,2010,2010-06-21,Rangiri Dambulla International Stadium,2,49.1,Bangladesh,Pakistan,Jahurul Islam,Mahmudullah,Mohammad Asif,1,0,,,,,,,,,
455235,2010,2010-06-21,Rangiri Dambulla International Stadium,2,49.2,Bangladesh,Pakistan,Mahmudullah,Jahurul Islam,Mohammad Asif,0,0,,,,,,,,,
455235,2010,2010-06-21,Rangiri Dambulla International Stadium,2,49.3,Bangladesh,Pakistan,Mahmudullah,Jahurul Islam,Mohammad Asif,0,0,,,,,,,,,
455235,2010,2010-06-21,Rangiri Dambulla International Stadium,2,49.4,Bangladesh,Pakistan,Mahmudullah,Jahurul Islam,Mohammad Asif,0,0,,,,,,,,,
455235,2010,2010-06-21,Rangiri Dambulla International Stadium,2,49.5,Bangladesh,Pakistan,Mahmudullah,Jahurul Islam,Mohammad Asif,0,0,,,,,,,,,
455235,2010,2010-06-21,Rangiri Dambulla International Stadium,2,49.6,Bangladesh,Pakistan,Mahmudullah,Jahurul Islam,Mohammad Asif,0,0,,,,,,,,,
