match_id,season,start_date,venue,innings,ball,batting_team,bowling_team,striker,non_striker,bowler,runs_off_bat,extras,wides,noballs,byes,legbyes,penalty,wicket_type,player_dismissed,other_wicket_type,other_player_dismissed
456664,2010,2010-08-13,Rangiri Dambulla International Stadium,1,0.1,New Zealand,Sri Lanka,BJ Watling,MJ Guptill,SL Malinga,0,1,,1,,,,,,,
456664,2010,2010-08-13,Rangiri Dambulla International Stadium,1,0.2,New Zealand,Sri Lanka,BJ Watling,MJ Guptill,SL Malinga,1,0,,,,,,,,,
456664,2010,2010-08-13,Rangiri Dambulla International Stadium,1,0.3,New Zealand,Sri Lanka,MJ Guptill,BJ Watling,SL Malinga,0,0,,,,,,caught,MJ Guptill,,
456664,2010,2010-08-13,Rangiri Dambulla International Stadium,1,0.4,New Zealand,Sri Lanka,LRPL Taylor,BJ Watling,SL Malinga,2,0,,,,,,,,,
456664,2010,2010-08-13,Rangiri Dambulla International Stadium,1,0.5,New Zealand,Sri Lanka,LRPL Taylor,BJ Watling,SL Malinga,1,0,,,,,,,,,
456664,2010,2010-08-13,Rangiri Dambulla International Stadium,1,0.6,New Zealand,Sri Lanka,BJ Watling,LRPL Taylor,SL Malinga,0,0,,,,,,,,,
456664,2010,2010-08-13,Rangiri Dambulla International Stadium,1,0.7,New Zealand,Sri Lanka,BJ Watling,LRPL Taylor,SL Malinga,0,0,,,,,,,,,
456664,2010,2010-08-13,Rangiri Dambulla International Stadium,1,1.1,New Zealand,Sri Lanka,LRPL Taylor,BJ Watling,KMDN Kulasekara,0,0,,,,,,,,,
456664,2010,2010-08-13,Rangiri Dambulla International Stadium,1,1.2,New Zealand,Sri Lanka,LRPL Taylor,BJ Watling,KMDN Kulasekara,0,0,,,,,,,,,
456664,2010,2010-08-13,Rangiri Dambulla International Stadium,1,1.3,New Zealand,Sri Lanka,LRPL Taylor,BJ Watling,KMDN Kulasekara,0,0,,,,,,,,,
456664,2010,2010-08-13,Rangiri Dambulla International Stadium,1,1.4,New Zealand,Sri Lanka,LRPL Taylor,BJ Watling,KMDN Kulasekara,0,0,,,,,,,,,
456664,2010,2010-08-13,Rangiri Dambulla International Stadium,1,1.5,New Zealand,Sri Lanka,LRPL Taylor,BJ Watling,KMDN Kulasekara,0,0,,,,,,,,,
456664,2010,2010-08-13,Rangiri Dambulla International Stadium,1,1.6,New Zealand,Sri Lanka,LRPL Taylor,BJ Watling,KMDN Kulasekara,0,0,,,,,,,,,
456664,2010,2010-08-13,Rangiri Dambulla International Stadium,1,2.1,New Zealand,Sri Lanka,BJ Watling,LRPL Taylor,SL Malinga,0,1,1,,,,,,,,
456664,2010,2010-08-13,Rangiri Dambulla International Stadium,1,2.2,New Zealand,Sri Lanka,BJ Watling,LRPL Taylor,SL Malinga,3,0,,,,,,,,,
456664,2010,2010-08-13,Rangiri Dambulla International Stadium,1,2.3,New Zealand,Sri Lanka,LRPL Taylor,BJ Watling,SL Malinga,0,0,,,,,,,,,
456664,2010,2010-08-13,Rangiri Dambulla International Stadium,1,2.4,New Zealand,Sri Lanka,LRPL Taylor,BJ Watling,SL Malinga,0,0,,,,,,,,,
456664,2010,2010-08-13,Rangiri Dambulla International Stadium,1,2.5,New Zealand,Sri Lanka,LRPL Taylor,BJ Watling,SL Malinga,0,0,,,,,,,,,
456664,2010,2010-08-13,Rangiri Dambulla International Stadium,1,2.6,New Zealand,Sri Lanka,LRPL Taylor,BJ Watling,SL Malinga,0,0,,,,,,,,,
456664,2010,2010-08-13,Rangiri Dambulla International Stadium,1,2.7,New Zealand,Sri Lanka,LRPL Taylor,BJ Watling,SL Malinga,0,0,,,,,,,,,
456664,2010,2010-08-13,Rangiri Dambulla International Stadium,1,3.1,New Zealand,Sri Lanka,BJ Watling,LRPL Taylor,KMDN Kulasekara,4,0,,,,,,,,,
456664,2010,2010-08-13,Rangiri Dambulla International Stadium,1,3.2,New Zealand,Sri Lanka,BJ Watling,LRPL Taylor,KMDN Kulasekara,0,1,,,,1,,,,,
456664,2010,2010-08-13,Rangiri Dambulla International Stadium,1,3.3,New Zealand,Sri Lanka,LRPL Taylor,BJ Watling,KMDN Kulasekara,0,0,,,,,,,,,
456664,2010,2010-08-13,Rangiri Dambulla International Stadium,1,3.4,New Zealand,Sri Lanka,LRPL Taylor,BJ Watling,KMDN Kulasekara,0,0,,,,,,,,,
456664,2010,2010-08-13,Rangiri Dambulla International Stadium,1,3.5,New Zealand,Sri Lanka,LRPL Taylor,BJ Watling,KMDN Kulasekara,1,0,,,,,,,,,
456664,2010,2010-08-13,Rangiri Dambulla International Stadium,1,3.6,New Zealand,Sri Lanka,BJ Watling,LRPL Taylor,KMDN Kulasekara,0,0,,,,,,,,,
456664,2010,2010-08-13,Rangiri Dambulla International Stadium,1,4.1,New Zealand,Sri Lanka,LRPL Taylor,BJ Watling,SL Malinga,0,0,,,,,,,,,
456664,2010,2010-08-13,Rangiri Dambulla International Stadium,1,4.2,New Zealand,Sri Lanka,LRPL Taylor,BJ Watling,SL Malinga,0,0,,,,,,,,,
456664,2010,2010-08-13,Rangiri Dambulla International Stadium,1,4.3,New Zealand,Sri Lanka,LRPL Taylor,BJ Watling,SL Malinga,0,0,,,,,,,,,
456664,2010,2010-08-13,Rangiri Dambulla International Stadium,1,4.4,New Zealand,Sri Lanka,LRPL Taylor,BJ Watling,SL Malinga,0,0,,,,,,,,,
456664,2010,2010-08-13,Rangiri Dambulla International Stadium,1,4.5,New Zealand,Sri Lanka,LRPL Taylor,BJ Watling,SL Malinga,0,0,,,,,,,,,
456664,2010,2010-08-13,Rangiri Dambulla International Stadium,1,4.6,New Zealand,Sri Lanka,LRPL Taylor,BJ Watling,SL Malinga,0,0,,,,,,,,,
456664,2010,2010-08-13,Rangiri Dambulla International Stadium,1,5.1,New Zealand,Sri Lanka,BJ Watling,LRPL Taylor,KMDN Kulasekara,1,0,,,,,,,,,
456664,2010,2010-08-13,Rangiri Dambulla International Stadium,1,5.2,New Zealand,Sri Lanka,LRPL Taylor,BJ Watling,KMDN Kulasekara,4,0,,,,,,,,,
456664,2010,2010-08-13,Rangiri Dambulla International Stadium,1,5.3,New Zealand,Sri Lanka,LRPL Taylor,BJ Watling,KMDN Kulasekara,0,0,,,,,,,,,
456664,2010,2010-08-13,Rangiri Dambulla International Stadium,1,5.4,New Zealand,Sri Lanka,LRPL Taylor,BJ Watling,KMDN Kulasekara,0,0,,,,,,,,,
456664,2010,2010-08-13,Rangiri Dambulla International Stadium,1,5.5,New Zealand,Sri Lanka,LRPL Taylor,BJ Watling,KMDN Kulasekara,1,0,,,,,,,,,
456664,2010,2010-08-13,Rangiri Dambulla International Stadium,1,5.6,New Zealand,Sri Lanka,BJ Watling,LRPL Taylor,KMDN Kulasekara,0,0,,,,,,,,,
456664,2010,2010-08-13,Rangiri Dambulla International Stadium,1,6.1,New Zealand,Sri Lanka,LRPL Taylor,BJ Watling,AD Mathews,0,0,,,,,,,,,
456664,2010,2010-08-13,Rangiri Dambulla International Stadium,1,6.2,New Zealand,Sri Lanka,LRPL Taylor,BJ Watling,AD Mathews,0,0,,,,,,,,,
456664,2010,2010-08-13,Rangiri Dambulla International Stadium,1,6.3,New Zealand,Sri Lanka,LRPL Taylor,BJ Watling,AD Mathews,0,0,,,,,,,,,
456664,2010,2010-08-13,Rangiri Dambulla International Stadium,1,6.4,New Zealand,Sri Lanka,LRPL Taylor,BJ Watling,AD Mathews,0,0,,,,,,,,,
456664,2010,2010-08-13,Rangiri Dambulla International Stadium,1,6.5,New Zealand,Sri Lanka,LRPL Taylor,BJ Watling,AD Mathews,2,0,,,,,,,,,
456664,2010,2010-08-13,Rangiri Dambulla International Stadium,1,6.6,New Zealand,Sri Lanka,LRPL Taylor,BJ Watling,AD Mathews,4,0,,,,,,,,,
456664,2010,2010-08-13,Rangiri Dambulla International Stadium,1,7.1,New Zealand,Sri Lanka,BJ Watling,LRPL Taylor,KMDN Kulasekara,0,0,,,,,,,,,
456664,2010,2010-08-13,Rangiri Dambulla International Stadium,1,7.2,New Zealand,Sri Lanka,BJ Watling,LRPL Taylor,KMDN Kulasekara,2,0,,,,,,,,,
456664,2010,2010-08-13,Rangiri Dambulla International Stadium,1,7.3,New Zealand,Sri Lanka,BJ Watling,LRPL Taylor,KMDN Kulasekara,0,0,,,,,,,,,
456664,2010,2010-08-13,Rangiri Dambulla International Stadium,1,7.4,New Zealand,Sri Lanka,BJ Watling,LRPL Taylor,KMDN Kulasekara,0,0,,,,,,,,,
456664,2010,2010-08-13,Rangiri Dambulla International Stadium,1,7.5,New Zealand,Sri Lanka,BJ Watling,LRPL Taylor,KMDN Kulasekara,0,0,,,,,,,,,
456664,2010,2010-08-13,Rangiri Dambulla International Stadium,1,7.6,New Zealand,Sri Lanka,BJ Watling,LRPL Taylor,KMDN Kulasekara,1,0,,,,,,,,,
456664,2010,2010-08-13,Rangiri Dambulla International Stadium,1,8.1,New Zealand,Sri Lanka,BJ Watling,LRPL Taylor,AD Mathews,4,0,,,,,,,,,
456664,2010,2010-08-13,Rangiri Dambulla International Stadium,1,8.2,New Zealand,Sri Lanka,BJ Watling,LRPL Taylor,AD Mathews,4,0,,,,,,,,,
456664,2010,2010-08-13,Rangiri Dambulla International Stadium,1,8.3,New Zealand,Sri Lanka,BJ Watling,LRPL Taylor,AD Mathews,0,0,,,,,,,,,
456664,2010,2010-08-13,Rangiri Dambulla International Stadium,1,8.4,New Zealand,Sri Lanka,BJ Watling,LRPL Taylor,AD Mathews,0,0,,,,,,,,,
456664,2010,2010-08-13,Rangiri Dambulla International Stadium,1,8.5,New Zealand,Sri Lanka,BJ Watling,LRPL Taylor,AD Mathews,0,0,,,,,,,,,
456664,2010,2010-08-13,Rangiri Dambulla International Stadium,1,8.6,New Zealand,Sri Lanka,BJ Watling,LRPL Taylor,AD Mathews,0,0,,,,,,,,,
456664,2010,2010-08-13,Rangiri Dambulla International Stadium,1,9.1,New Zealand,Sri Lanka,LRPL Taylor,BJ Watling,KMDN Kulasekara,1,0,,,,,,,,,
456664,2010,2010-08-13,Rangiri Dambulla International Stadium,1,9.2,New Zealand,Sri Lanka,BJ Watling,LRPL Taylor,KMDN Kulasekara,0,0,,,,,,,,,
456664,2010,2010-08-13,Rangiri Dambulla International Stadium,1,9.3,New Zealand,Sri Lanka,BJ Watling,LRPL Taylor,KMDN Kulasekara,0,0,,,,,,,,,
456664,2010,2010-08-13,Rangiri Dambulla International Stadium,1,9.4,New Zealand,Sri Lanka,BJ Watling,LRPL Taylor,KMDN Kulasekara,4,0,,,,,,,,,
456664,2010,2010-08-13,Rangiri Dambulla International Stadium,1,9.5,New Zealand,Sri Lanka,BJ Watling,LRPL Taylor,KMDN Kulasekara,0,0,,,,,,,,,
456664,2010,2010-08-13,Rangiri Dambulla International Stadium,1,9.6,New Zealand,Sri Lanka,BJ Watling,LRPL Taylor,KMDN Kulasekara,4,0,,,,,,,,,
456664,2010,2010-08-13,Rangiri Dambulla International Stadium,1,10.1,New Zealand,Sri Lanka,LRPL Taylor,BJ Watling,AD Mathews,0,0,,,,,,lbw,LRPL Taylor,,
456664,2010,2010-08-13,Rangiri Dambulla International Stadium,1,10.2,New Zealand,Sri Lanka,KS Williamson,BJ Watling,AD Mathews,0,0,,,,,,,,,
456664,2010,2010-08-13,Rangiri Dambulla International Stadium,1,10.3,New Zealand,Sri Lanka,KS Williamson,BJ Watling,AD Mathews,0,0,,,,,,caught,KS Williamson,,
456664,2010,2010-08-13,Rangiri Dambulla International Stadium,1,10.4,New Zealand,Sri Lanka,SB Styris,BJ Watling,AD Mathews,0,0,,,,,,,,,
456664,2010,2010-08-13,Rangiri Dambulla International Stadium,1,10.5,New Zealand,Sri Lanka,SB Styris,BJ Watling,AD Mathews,0,0,,,,,,,,,
456664,2010,2010-08-13,Rangiri Dambulla International Stadium,1,10.6,New Zealand,Sri Lanka,SB Styris,BJ Watling,AD Mathews,0,0,,,,,,,,,
456664,2010,2010-08-13,Rangiri Dambulla International Stadium,1,11.1,New Zealand,Sri Lanka,BJ Watling,SB Styris,KMDN Kulasekara,0,1,1,,,,,,,,
456664,2010,2010-08-13,Rangiri Dambulla International Stadium,1,11.2,New Zealand,Sri Lanka,BJ Watling,SB Styris,KMDN Kulasekara,0,0,,,,,,,,,
456664,2010,2010-08-13,Rangiri Dambulla International Stadium,1,11.3,New Zealand,Sri Lanka,BJ Watling,SB Styris,KMDN Kulasekara,0,0,,,,,,,,,
456664,2010,2010-08-13,Rangiri Dambulla International Stadium,1,11.4,New Zealand,Sri Lanka,BJ Watling,SB Styris,KMDN Kulasekara,0,0,,,,,,,,,
456664,2010,2010-08-13,Rangiri Dambulla International Stadium,1,11.5,New Zealand,Sri Lanka,BJ Watling,SB Styris,KMDN Kulasekara,1,0,,,,,,,,,
456664,2010,2010-08-13,Rangiri Dambulla International Stadium,1,11.6,New Zealand,Sri Lanka,SB Styris,BJ Watling,KMDN Kulasekara,0,0,,,,,,,,,
456664,2010,2010-08-13,Rangiri Dambulla International Stadium,1,11.7,New Zealand,Sri Lanka,SB Styris,BJ Watling,KMDN Kulasekara,4,0,,,,,,,,,
456664,2010,2010-08-13,Rangiri Dambulla International Stadium,1,12.1,New Zealand,Sri Lanka,BJ Watling,SB Styris,AD Mathews,0,0,,,,,,,,,
456664,2010,2010-08-13,Rangiri Dambulla International Stadium,1,12.2,New Zealand,Sri Lanka,BJ Watling,SB Styris,AD Mathews,0,0,,,,,,,,,
456664,2010,2010-08-13,Rangiri Dambulla International Stadium,1,12.3,New Zealand,Sri Lanka,BJ Watling,SB Styris,AD Mathews,4,0,,,,,,,,,
456664,2010,2010-08-13,Rangiri Dambulla International Stadium,1,12.4,New Zealand,Sri Lanka,BJ Watling,SB Styris,AD Mathews,0,0,,,,,,,,,
456664,2010,2010-08-13,Rangiri Dambulla International Stadium,1,12.5,New Zealand,Sri Lanka,BJ Watling,SB Styris,AD Mathews,0,0,,,,,,,,,
456664,2010,2010-08-13,Rangiri Dambulla International Stadium,1,12.6,New Zealand,Sri Lanka,BJ Watling,SB Styris,AD Mathews,0,0,,,,,,,,,
456664,2010,2010-08-13,Rangiri Dambulla International Stadium,1,13.1,New Zealand,Sri Lanka,SB Styris,BJ Watling,BAW Mendis,2,0,,,,,,,,,
456664,2010,2010-08-13,Rangiri Dambulla International Stadium,1,13.2,New Zealand,Sri Lanka,SB Styris,BJ Watling,BAW Mendis,0,0,,,,,,,,,
456664,2010,2010-08-13,Rangiri Dambulla International Stadium,1,13.3,New Zealand,Sri Lanka,SB Styris,BJ Watling,BAW Mendis,1,0,,,,,,,,,
456664,2010,2010-08-13,Rangiri Dambulla International Stadium,1,13.4,New Zealand,Sri Lanka,BJ Watling,SB Styris,BAW Mendis,0,0,,,,,,,,,
456664,2010,2010-08-13,Rangiri Dambulla International Stadium,1,13.5,New Zealand,Sri Lanka,BJ Watling,SB Styris,BAW Mendis,1,0,,,,,,,,,
456664,2010,2010-08-13,Rangiri Dambulla International Stadium,1,13.6,New Zealand,Sri Lanka,SB Styris,BJ Watling,BAW Mendis,0,0,,,,,,,,,
456664,2010,2010-08-13,Rangiri Dambulla International Stadium,1,14.1,New Zealand,Sri Lanka,BJ Watling,SB Styris,AD Mathews,0,0,,,,,,,,,
456664,2010,2010-08-13,Rangiri Dambulla International Stadium,1,14.2,New Zealand,Sri Lanka,BJ Watling,SB Styris,AD Mathews,0,0,,,,,,,,,
456664,2010,2010-08-13,Rangiri Dambulla International Stadium,1,14.3,New Zealand,Sri Lanka,BJ Watling,SB Styris,AD Mathews,0,0,,,,,,,,,
456664,2010,2010-08-13,Rangiri Dambulla International Stadium,1,14.4,New Zealand,Sri Lanka,BJ Watling,SB Styris,AD Mathews,2,0,,,,,,,,,
456664,2010,2010-08-13,Rangiri Dambulla International Stadium,1,14.5,New Zealand,Sri Lanka,BJ Watling,SB Styris,AD Mathews,0,0,,,,,,,,,
456664,2010,2010-08-13,Rangiri Dambulla International Stadium,1,14.6,New Zealand,Sri Lanka,BJ Watling,SB Styris,AD Mathews,0,0,,,,,,,,,
456664,2010,2010-08-13,Rangiri Dambulla International Stadium,1,15.1,New Zealand,Sri Lanka,SB Styris,BJ Watling,BAW Mendis,1,0,,,,,,,,,
456664,2010,2010-08-13,Rangiri Dambulla International Stadium,1,15.2,New Zealand,Sri Lanka,BJ Watling,SB Styris,BAW Mendis,1,0,,,,,,,,,
456664,2010,2010-08-13,Rangiri Dambulla International Stadium,1,15.3,New Zealand,Sri Lanka,SB Styris,BJ Watling,BAW Mendis,1,0,,,,,,,,,
456664,2010,2010-08-13,Rangiri Dambulla International Stadium,1,15.4,New Zealand,Sri Lanka,BJ Watling,SB Styris,BAW Mendis,0,0,,,,,,,,,
456664,2010,2010-08-13,Rangiri Dambulla International Stadium,1,15.5,New Zealand,Sri Lanka,BJ Watling,SB Styris,BAW Mendis,1,0,,,,,,,,,
456664,2010,2010-08-13,Rangiri Dambulla International Stadium,1,15.6,New Zealand,Sri Lanka,SB Styris,BJ Watling,BAW Mendis,0,0,,,,,,,,,
456664,2010,2010-08-13,Rangiri Dambulla International Stadium,1,16.1,New Zealand,Sri Lanka,BJ Watling,SB Styris,SL Malinga,1,0,,,,,,,,,
456664,2010,2010-08-13,Rangiri Dambulla International Stadium,1,16.2,New Zealand,Sri Lanka,SB Styris,BJ Watling,SL Malinga,0,1,1,,,,,,,,
456664,2010,2010-08-13,Rangiri Dambulla International Stadium,1,16.3,New Zealand,Sri Lanka,SB Styris,BJ Watling,SL Malinga,0,0,,,,,,,,,
456664,2010,2010-08-13,Rangiri Dambulla International Stadium,1,16.4,New Zealand,Sri Lanka,SB Styris,BJ Watling,SL Malinga,0,0,,,,,,,,,
456664,2010,2010-08-13,Rangiri Dambulla International Stadium,1,16.5,New Zealand,Sri Lanka,SB Styris,BJ Watling,SL Malinga,2,0,,,,,,,,,
456664,2010,2010-08-13,Rangiri Dambulla International Stadium,1,16.6,New Zealand,Sri Lanka,SB Styris,BJ Watling,SL Malinga,0,0,,,,,,,,,
456664,2010,2010-08-13,Rangiri Dambulla International Stadium,1,16.7,New Zealand,Sri Lanka,SB Styris,BJ Watling,SL Malinga,1,0,,,,,,,,,
456664,2010,2010-08-13,Rangiri Dambulla International Stadium,1,17.1,New Zealand,Sri Lanka,SB Styris,BJ Watling,BAW Mendis,1,0,,,,,,,,,
456664,2010,2010-08-13,Rangiri Dambulla International Stadium,1,17.2,New Zealand,Sri Lanka,BJ Watling,SB Styris,BAW Mendis,1,0,,,,,,,,,
456664,2010,2010-08-13,Rangiri Dambulla International Stadium,1,17.3,New Zealand,Sri Lanka,SB Styris,BJ Watling,BAW Mendis,0,0,,,,,,,,,
456664,2010,2010-08-13,Rangiri Dambulla International Stadium,1,17.4,New Zealand,Sri Lanka,SB Styris,BJ Watling,BAW Mendis,0,0,,,,,,,,,
456664,2010,2010-08-13,Rangiri Dambulla International Stadium,1,17.5,New Zealand,Sri Lanka,SB Styris,BJ Watling,BAW Mendis,0,0,,,,,,,,,
456664,2010,2010-08-13,Rangiri Dambulla International Stadium,1,17.6,New Zealand,Sri Lanka,SB Styris,BJ Watling,BAW Mendis,1,0,,,,,,,,,
456664,2010,2010-08-13,Rangiri Dambulla International Stadium,1,18.1,New Zealand,Sri Lanka,SB Styris,BJ Watling,HMRKB Herath,1,0,,,,,,,,,
456664,2010,2010-08-13,Rangiri Dambulla International Stadium,1,18.2,New Zealand,Sri Lanka,BJ Watling,SB Styris,HMRKB Herath,0,0,,,,,,,,,
456664,2010,2010-08-13,Rangiri Dambulla International Stadium,1,18.3,New Zealand,Sri Lanka,BJ Watling,SB Styris,HMRKB Herath,0,0,,,,,,,,,
456664,2010,2010-08-13,Rangiri Dambulla International Stadium,1,18.4,New Zealand,Sri Lanka,BJ Watling,SB Styris,HMRKB Herath,1,0,,,,,,,,,
456664,2010,2010-08-13,Rangiri Dambulla International Stadium,1,18.5,New Zealand,Sri Lanka,SB Styris,BJ Watling,HMRKB Herath,1,0,,,,,,,,,
456664,2010,2010-08-13,Rangiri Dambulla International Stadium,1,18.6,New Zealand,Sri Lanka,BJ Watling,SB Styris,HMRKB Herath,0,0,,,,,,,,,
456664,2010,2010-08-13,Rangiri Dambulla International Stadium,1,19.1,New Zealand,Sri Lanka,SB Styris,BJ Watling,BAW Mendis,2,0,,,,,,,,,
456664,2010,2010-08-13,Rangiri Dambulla International Stadium,1,19.2,New Zealand,Sri Lanka,SB Styris,BJ Watling,BAW Mendis,1,0,,,,,,,,,
456664,2010,2010-08-13,Rangiri Dambulla International Stadium,1,19.3,New Zealand,Sri Lanka,BJ Watling,SB Styris,BAW Mendis,4,0,,,,,,,,,
456664,2010,2010-08-13,Rangiri Dambulla International Stadium,1,19.4,New Zealand,Sri Lanka,BJ Watling,SB Styris,BAW Mendis,2,0,,,,,,,,,
456664,2010,2010-08-13,Rangiri Dambulla International Stadium,1,19.5,New Zealand,Sri Lanka,BJ Watling,SB Styris,BAW Mendis,0,0,,,,,,,,,
456664,2010,2010-08-13,Rangiri Dambulla International Stadium,1,19.6,New Zealand,Sri Lanka,BJ Watling,SB Styris,BAW Mendis,0,0,,,,,,,,,
456664,2010,2010-08-13,Rangiri Dambulla International Stadium,1,20.1,New Zealand,Sri Lanka,SB Styris,BJ Watling,HMRKB Herath,1,0,,,,,,,,,
456664,2010,2010-08-13,Rangiri Dambulla International Stadium,1,20.2,New Zealand,Sri Lanka,BJ Watling,SB Styris,HMRKB Herath,1,0,,,,,,,,,
456664,2010,2010-08-13,Rangiri Dambulla International Stadium,1,20.3,New Zealand,Sri Lanka,SB Styris,BJ Watling,HMRKB Herath,1,0,,,,,,,,,
456664,2010,2010-08-13,Rangiri Dambulla International Stadium,1,20.4,New Zealand,Sri Lanka,BJ Watling,SB Styris,HMRKB Herath,0,0,,,,,,,,,
456664,2010,2010-08-13,Rangiri Dambulla International Stadium,1,20.5,New Zealand,Sri Lanka,BJ Watling,SB Styris,HMRKB Herath,4,0,,,,,,,,,
456664,2010,2010-08-13,Rangiri Dambulla International Stadium,1,20.6,New Zealand,Sri Lanka,BJ Watling,SB Styris,HMRKB Herath,0,0,,,,,,,,,
456664,2010,2010-08-13,Rangiri Dambulla International Stadium,1,21.1,New Zealand,Sri Lanka,SB Styris,BJ Watling,BAW Mendis,0,0,,,,,,,,,
456664,2010,2010-08-13,Rangiri Dambulla International Stadium,1,21.2,New Zealand,Sri Lanka,SB Styris,BJ Watling,BAW Mendis,1,0,,,,,,,,,
456664,2010,2010-08-13,Rangiri Dambulla International Stadium,1,21.3,New Zealand,Sri Lanka,BJ Watling,SB Styris,BAW Mendis,0,0,,,,,,,,,
456664,2010,2010-08-13,Rangiri Dambulla International Stadium,1,21.4,New Zealand,Sri Lanka,BJ Watling,SB Styris,BAW Mendis,0,0,,,,,,,,,
456664,2010,2010-08-13,Rangiri Dambulla International Stadium,1,21.5,New Zealand,Sri Lanka,BJ Watling,SB Styris,BAW Mendis,1,0,,,,,,,,,
456664,2010,2010-08-13,Rangiri Dambulla International Stadium,1,21.6,New Zealand,Sri Lanka,SB Styris,BJ Watling,BAW Mendis,1,0,,,,,,,,,
456664,2010,2010-08-13,Rangiri Dambulla International Stadium,1,22.1,New Zealand,Sri Lanka,SB Styris,BJ Watling,HMRKB Herath,1,0,,,,,,,,,
456664,2010,2010-08-13,Rangiri Dambulla International Stadium,1,22.2,New Zealand,Sri Lanka,BJ Watling,SB Styris,HMRKB Herath,1,0,,,,,,,,,
456664,2010,2010-08-13,Rangiri Dambulla International Stadium,1,22.3,New Zealand,Sri Lanka,SB Styris,BJ Watling,HMRKB Herath,0,0,,,,,,caught,SB Styris,,
456664,2010,2010-08-13,Rangiri Dambulla International Stadium,1,22.4,New Zealand,Sri Lanka,GJ Hopkins,BJ Watling,HMRKB Herath,1,0,,,,,,,,,
456664,2010,2010-08-13,Rangiri Dambulla International Stadium,1,22.5,New Zealand,Sri Lanka,BJ Watling,GJ Hopkins,HMRKB Herath,1,0,,,,,,,,,
456664,2010,2010-08-13,Rangiri Dambulla International Stadium,1,22.6,New Zealand,Sri Lanka,GJ Hopkins,BJ Watling,HMRKB Herath,0,0,,,,,,,,,
456664,2010,2010-08-13,Rangiri Dambulla International Stadium,1,23.1,New Zealand,Sri Lanka,BJ Watling,GJ Hopkins,AD Mathews,0,0,,,,,,caught,BJ Watling,,
456664,2010,2010-08-13,Rangiri Dambulla International Stadium,1,23.2,New Zealand,Sri Lanka,GJ Hopkins,NL McCullum,AD Mathews,0,0,,,,,,,,,
456664,2010,2010-08-13,Rangiri Dambulla International Stadium,1,23.3,New Zealand,Sri Lanka,GJ Hopkins,NL McCullum,AD Mathews,2,0,,,,,,,,,
456664,2010,2010-08-13,Rangiri Dambulla International Stadium,1,23.4,New Zealand,Sri Lanka,GJ Hopkins,NL McCullum,AD Mathews,1,0,,,,,,,,,
456664,2010,2010-08-13,Rangiri Dambulla International Stadium,1,23.5,New Zealand,Sri Lanka,NL McCullum,GJ Hopkins,AD Mathews,0,0,,,,,,,,,
456664,2010,2010-08-13,Rangiri Dambulla International Stadium,1,23.6,New Zealand,Sri Lanka,NL McCullum,GJ Hopkins,AD Mathews,0,0,,,,,,,,,
456664,2010,2010-08-13,Rangiri Dambulla International Stadium,1,24.1,New Zealand,Sri Lanka,GJ Hopkins,NL McCullum,HMRKB Herath,1,0,,,,,,,,,
456664,2010,2010-08-13,Rangiri Dambulla International Stadium,1,24.2,New Zealand,Sri Lanka,NL McCullum,GJ Hopkins,HMRKB Herath,0,0,,,,,,,,,
456664,2010,2010-08-13,Rangiri Dambulla International Stadium,1,24.3,New Zealand,Sri Lanka,NL McCullum,GJ Hopkins,HMRKB Herath,0,0,,,,,,,,,
456664,2010,2010-08-13,Rangiri Dambulla International Stadium,1,24.4,New Zealand,Sri Lanka,NL McCullum,GJ Hopkins,HMRKB Herath,2,0,,,,,,,,,
456664,2010,2010-08-13,Rangiri Dambulla International Stadium,1,24.5,New Zealand,Sri Lanka,NL McCullum,GJ Hopkins,HMRKB Herath,1,0,,,,,,,,,
456664,2010,2010-08-13,Rangiri Dambulla International Stadium,1,24.6,New Zealand,Sri Lanka,GJ Hopkins,NL McCullum,HMRKB Herath,0,0,,,,,,,,,
456664,2010,2010-08-13,Rangiri Dambulla International Stadium,1,25.1,New Zealand,Sri Lanka,NL McCullum,GJ Hopkins,AD Mathews,0,0,,,,,,,,,
456664,2010,2010-08-13,Rangiri Dambulla International Stadium,1,25.2,New Zealand,Sri Lanka,NL McCullum,GJ Hopkins,AD Mathews,0,1,1,,,,,,,,
456664,2010,2010-08-13,Rangiri Dambulla International Stadium,1,25.3,New Zealand,Sri Lanka,NL McCullum,GJ Hopkins,AD Mathews,0,0,,,,,,,,,
456664,2010,2010-08-13,Rangiri Dambulla International Stadium,1,25.4,New Zealand,Sri Lanka,NL McCullum,GJ Hopkins,AD Mathews,1,0,,,,,,,,,
456664,2010,2010-08-13,Rangiri Dambulla International Stadium,1,25.5,New Zealand,Sri Lanka,GJ Hopkins,NL McCullum,AD Mathews,0,0,,,,,,,,,
456664,2010,2010-08-13,Rangiri Dambulla International Stadium,1,25.6,New Zealand,Sri Lanka,GJ Hopkins,NL McCullum,AD Mathews,1,0,,,,,,,,,
456664,2010,2010-08-13,Rangiri Dambulla International Stadium,1,25.7,New Zealand,Sri Lanka,NL McCullum,GJ Hopkins,AD Mathews,0,0,,,,,,,,,
456664,2010,2010-08-13,Rangiri Dambulla International Stadium,1,26.1,New Zealand,Sri Lanka,GJ Hopkins,NL McCullum,HMRKB Herath,0,0,,,,,,,,,
456664,2010,2010-08-13,Rangiri Dambulla International Stadium,1,26.2,New Zealand,Sri Lanka,GJ Hopkins,NL McCullum,HMRKB Herath,1,0,,,,,,,,,
456664,2010,2010-08-13,Rangiri Dambulla International Stadium,1,26.3,New Zealand,Sri Lanka,NL McCullum,GJ Hopkins,HMRKB Herath,0,0,,,,,,,,,
456664,2010,2010-08-13,Rangiri Dambulla International Stadium,1,26.4,New Zealand,Sri Lanka,NL McCullum,GJ Hopkins,HMRKB Herath,1,0,,,,,,,,,
456664,2010,2010-08-13,Rangiri Dambulla International Stadium,1,26.5,New Zealand,Sri Lanka,GJ Hopkins,NL McCullum,HMRKB Herath,1,0,,,,,,,,,
456664,2010,2010-08-13,Rangiri Dambulla International Stadium,1,26.6,New Zealand,Sri Lanka,NL McCullum,GJ Hopkins,HMRKB Herath,0,0,,,,,,,,,
456664,2010,2010-08-13,Rangiri Dambulla International Stadium,1,27.1,New Zealand,Sri Lanka,GJ Hopkins,NL McCullum,AD Mathews,0,0,,,,,,,,,
456664,2010,2010-08-13,Rangiri Dambulla International Stadium,1,27.2,New Zealand,Sri Lanka,GJ Hopkins,NL McCullum,AD Mathews,0,0,,,,,,,,,
456664,2010,2010-08-13,Rangiri Dambulla International Stadium,1,27.3,New Zealand,Sri Lanka,GJ Hopkins,NL McCullum,AD Mathews,0,0,,,,,,,,,
456664,2010,2010-08-13,Rangiri Dambulla International Stadium,1,27.4,New Zealand,Sri Lanka,GJ Hopkins,NL McCullum,AD Mathews,0,0,,,,,,,,,
456664,2010,2010-08-13,Rangiri Dambulla International Stadium,1,27.5,New Zealand,Sri Lanka,GJ Hopkins,NL McCullum,AD Mathews,1,0,,,,,,,,,
456664,2010,2010-08-13,Rangiri Dambulla International Stadium,1,27.6,New Zealand,Sri Lanka,NL McCullum,GJ Hopkins,AD Mathews,0,0,,,,,,,,,
456664,2010,2010-08-13,Rangiri Dambulla International Stadium,1,28.1,New Zealand,Sri Lanka,GJ Hopkins,NL McCullum,HMRKB Herath,0,0,,,,,,,,,
456664,2010,2010-08-13,Rangiri Dambulla International Stadium,1,28.2,New Zealand,Sri Lanka,GJ Hopkins,NL McCullum,HMRKB Herath,1,0,,,,,,,,,
456664,2010,2010-08-13,Rangiri Dambulla International Stadium,1,28.3,New Zealand,Sri Lanka,NL McCullum,GJ Hopkins,HMRKB Herath,2,0,,,,,,,,,
456664,2010,2010-08-13,Rangiri Dambulla International Stadium,1,28.4,New Zealand,Sri Lanka,NL McCullum,GJ Hopkins,HMRKB Herath,0,0,,,,,,,,,
456664,2010,2010-08-13,Rangiri Dambulla International Stadium,1,28.5,New Zealand,Sri Lanka,NL McCullum,GJ Hopkins,HMRKB Herath,1,0,,,,,,,,,
456664,2010,2010-08-13,Rangiri Dambulla International Stadium,1,28.6,New Zealand,Sri Lanka,GJ Hopkins,NL McCullum,HMRKB Herath,0,0,,,,,,,,,
456664,2010,2010-08-13,Rangiri Dambulla International Stadium,1,29.1,New Zealand,Sri Lanka,NL McCullum,GJ Hopkins,SL Malinga,1,0,,,,,,,,,
456664,2010,2010-08-13,Rangiri Dambulla International Stadium,1,29.2,New Zealand,Sri Lanka,GJ Hopkins,NL McCullum,SL Malinga,1,0,,,,,,,,,
456664,2010,2010-08-13,Rangiri Dambulla International Stadium,1,29.3,New Zealand,Sri Lanka,NL McCullum,GJ Hopkins,SL Malinga,0,0,,,,,,,,,
456664,2010,2010-08-13,Rangiri Dambulla International Stadium,1,29.4,New Zealand,Sri Lanka,NL McCullum,GJ Hopkins,SL Malinga,1,0,,,,,,,,,
456664,2010,2010-08-13,Rangiri Dambulla International Stadium,1,29.5,New Zealand,Sri Lanka,GJ Hopkins,NL McCullum,SL Malinga,0,1,1,,,,,,,,
456664,2010,2010-08-13,Rangiri Dambulla International Stadium,1,29.6,New Zealand,Sri Lanka,GJ Hopkins,NL McCullum,SL Malinga,0,0,,,,,,caught,GJ Hopkins,,
456664,2010,2010-08-13,Rangiri Dambulla International Stadium,1,29.7,New Zealand,Sri Lanka,DR Tuffey,NL McCullum,SL Malinga,0,0,,,,,,bowled,DR Tuffey,,
456664,2010,2010-08-13,Rangiri Dambulla International Stadium,1,30.1,New Zealand,Sri Lanka,NL McCullum,KD Mills,HMRKB Herath,0,0,,,,,,,,,
456664,2010,2010-08-13,Rangiri Dambulla International Stadium,1,30.2,New Zealand,Sri Lanka,NL McCullum,KD Mills,HMRKB Herath,0,0,,,,,,,,,
456664,2010,2010-08-13,Rangiri Dambulla International Stadium,1,30.3,New Zealand,Sri Lanka,NL McCullum,KD Mills,HMRKB Herath,1,0,,,,,,,,,
456664,2010,2010-08-13,Rangiri Dambulla International Stadium,1,30.4,New Zealand,Sri Lanka,KD Mills,NL McCullum,HMRKB Herath,0,0,,,,,,,,,
456664,2010,2010-08-13,Rangiri Dambulla International Stadium,1,30.5,New Zealand,Sri Lanka,KD Mills,NL McCullum,HMRKB Herath,0,0,,,,,,,,,
456664,2010,2010-08-13,Rangiri Dambulla International Stadium,1,30.6,New Zealand,Sri Lanka,KD Mills,NL McCullum,HMRKB Herath,0,0,,,,,,,,,
456664,2010,2010-08-13,Rangiri Dambulla International Stadium,1,31.1,New Zealand,Sri Lanka,NL McCullum,KD Mills,SL Malinga,0,0,,,,,,,,,
456664,2010,2010-08-13,Rangiri Dambulla International Stadium,1,31.2,New Zealand,Sri Lanka,NL McCullum,KD Mills,SL Malinga,0,0,,,,,,,,,
456664,2010,2010-08-13,Rangiri Dambulla International Stadium,1,31.3,New Zealand,Sri Lanka,NL McCullum,KD Mills,SL Malinga,0,0,,,,,,,,,
456664,2010,2010-08-13,Rangiri Dambulla International Stadium,1,31.4,New Zealand,Sri Lanka,NL McCullum,KD Mills,SL Malinga,0,0,,,,,,,,,
456664,2010,2010-08-13,Rangiri Dambulla International Stadium,1,31.5,New Zealand,Sri Lanka,NL McCullum,KD Mills,SL Malinga,1,0,,,,,,,,,
456664,2010,2010-08-13,Rangiri Dambulla International Stadium,1,31.6,New Zealand,Sri Lanka,KD Mills,NL McCullum,SL Malinga,0,0,,,,,,,,,
456664,2010,2010-08-13,Rangiri Dambulla International Stadium,1,32.1,New Zealand,Sri Lanka,NL McCullum,KD Mills,HMRKB Herath,1,0,,,,,,,,,
456664,2010,2010-08-13,Rangiri Dambulla International Stadium,1,32.2,New Zealand,Sri Lanka,KD Mills,NL McCullum,HMRKB Herath,1,0,,,,,,,,,
456664,2010,2010-08-13,Rangiri Dambulla International Stadium,1,32.3,New Zealand,Sri Lanka,NL McCullum,KD Mills,HMRKB Herath,1,0,,,,,,,,,
456664,2010,2010-08-13,Rangiri Dambulla International Stadium,1,32.4,New Zealand,Sri Lanka,KD Mills,NL McCullum,HMRKB Herath,1,0,,,,,,,,,
456664,2010,2010-08-13,Rangiri Dambulla International Stadium,1,32.5,New Zealand,Sri Lanka,NL McCullum,KD Mills,HMRKB Herath,0,0,,,,,,,,,
456664,2010,2010-08-13,Rangiri Dambulla International Stadium,1,32.6,New Zealand,Sri Lanka,NL McCullum,KD Mills,HMRKB Herath,0,0,,,,,,,,,
456664,2010,2010-08-13,Rangiri Dambulla International Stadium,1,33.1,New Zealand,Sri Lanka,KD Mills,NL McCullum,SL Malinga,0,0,,,,,,,,,
456664,2010,2010-08-13,Rangiri Dambulla International Stadium,1,33.2,New Zealand,Sri Lanka,KD Mills,NL McCullum,SL Malinga,0,0,,,,,,,,,
456664,2010,2010-08-13,Rangiri Dambulla International Stadium,1,33.3,New Zealand,Sri Lanka,KD Mills,NL McCullum,SL Malinga,4,0,,,,,,,,,
456664,2010,2010-08-13,Rangiri Dambulla International Stadium,1,33.4,New Zealand,Sri Lanka,KD Mills,NL McCullum,SL Malinga,0,0,,,,,,,,,
456664,2010,2010-08-13,Rangiri Dambulla International Stadium,1,33.5,New Zealand,Sri Lanka,KD Mills,NL McCullum,SL Malinga,1,1,,1,,,,,,,
456664,2010,2010-08-13,Rangiri Dambulla International Stadium,1,33.6,New Zealand,Sri Lanka,NL McCullum,KD Mills,SL Malinga,0,0,,,,,,,,,
456664,2010,2010-08-13,Rangiri Dambulla International Stadium,1,33.7,New Zealand,Sri Lanka,NL McCullum,KD Mills,SL Malinga,0,0,,,,,,,,,
456664,2010,2010-08-13,Rangiri Dambulla International Stadium,1,34.1,New Zealand,Sri Lanka,KD Mills,NL McCullum,HMRKB Herath,0,0,,,,,,,,,
456664,2010,2010-08-13,Rangiri Dambulla International Stadium,1,34.2,New Zealand,Sri Lanka,KD Mills,NL McCullum,HMRKB Herath,0,0,,,,,,,,,
456664,2010,2010-08-13,Rangiri Dambulla International Stadium,1,34.3,New Zealand,Sri Lanka,KD Mills,NL McCullum,HMRKB Herath,0,0,,,,,,,,,
456664,2010,2010-08-13,Rangiri Dambulla International Stadium,1,34.4,New Zealand,Sri Lanka,KD Mills,NL McCullum,HMRKB Herath,0,0,,,,,,,,,
456664,2010,2010-08-13,Rangiri Dambulla International Stadium,1,34.5,New Zealand,Sri Lanka,KD Mills,NL McCullum,HMRKB Herath,2,0,,,,,,,,,
456664,2010,2010-08-13,Rangiri Dambulla International Stadium,1,34.6,New Zealand,Sri Lanka,KD Mills,NL McCullum,HMRKB Herath,2,0,,,,,,,,,
456664,2010,2010-08-13,Rangiri Dambulla International Stadium,1,35.1,New Zealand,Sri Lanka,NL McCullum,KD Mills,BAW Mendis,1,0,,,,,,,,,
456664,2010,2010-08-13,Rangiri Dambulla International Stadium,1,35.2,New Zealand,Sri Lanka,KD Mills,NL McCullum,BAW Mendis,0,1,,,,1,,,,,
456664,2010,2010-08-13,Rangiri Dambulla International Stadium,1,35.3,New Zealand,Sri Lanka,NL McCullum,KD Mills,BAW Mendis,0,0,,,,,,,,,
456664,2010,2010-08-13,Rangiri Dambulla International Stadium,1,35.4,New Zealand,Sri Lanka,NL McCullum,KD Mills,BAW Mendis,1,0,,,,,,,,,
456664,2010,2010-08-13,Rangiri Dambulla International Stadium,1,35.5,New Zealand,Sri Lanka,KD Mills,NL McCullum,BAW Mendis,0,0,,,,,,,,,
456664,2010,2010-08-13,Rangiri Dambulla International Stadium,1,35.6,New Zealand,Sri Lanka,KD Mills,NL McCullum,BAW Mendis,0,0,,,,,,,,,
456664,2010,2010-08-13,Rangiri Dambulla International Stadium,1,36.1,New Zealand,Sri Lanka,NL McCullum,KD Mills,HMRKB Herath,1,0,,,,,,,,,
456664,2010,2010-08-13,Rangiri Dambulla International Stadium,1,36.2,New Zealand,Sri Lanka,KD Mills,NL McCullum,HMRKB Herath,0,0,,,,,,,,,
456664,2010,2010-08-13,Rangiri Dambulla International Stadium,1,36.3,New Zealand,Sri Lanka,KD Mills,NL McCullum,HMRKB Herath,0,0,,,,,,,,,
456664,2010,2010-08-13,Rangiri Dambulla International Stadium,1,36.4,New Zealand,Sri Lanka,KD Mills,NL McCullum,HMRKB Herath,0,0,,,,,,,,,
456664,2010,2010-08-13,Rangiri Dambulla International Stadium,1,36.5,New Zealand,Sri Lanka,KD Mills,NL McCullum,HMRKB Herath,0,0,,,,,,,,,
456664,2010,2010-08-13,Rangiri Dambulla International Stadium,1,36.6,New Zealand,Sri Lanka,KD Mills,NL McCullum,HMRKB Herath,0,0,,,,,,caught,KD Mills,,
456664,2010,2010-08-13,Rangiri Dambulla International Stadium,1,37.1,New Zealand,Sri Lanka,TG Southee,NL McCullum,SL Malinga,1,0,,,,,,,,,
456664,2010,2010-08-13,Rangiri Dambulla International Stadium,1,37.2,New Zealand,Sri Lanka,NL McCullum,TG Southee,SL Malinga,0,0,,,,,,,,,
456664,2010,2010-08-13,Rangiri Dambulla International Stadium,1,37.3,New Zealand,Sri Lanka,NL McCullum,TG Southee,SL Malinga,0,0,,,,,,,,,
456664,2010,2010-08-13,Rangiri Dambulla International Stadium,1,37.4,New Zealand,Sri Lanka,NL McCullum,TG Southee,SL Malinga,0,1,1,,,,,,,,
456664,2010,2010-08-13,Rangiri Dambulla International Stadium,1,37.5,New Zealand,Sri Lanka,NL McCullum,TG Southee,SL Malinga,0,1,,1,,,,,,,
456664,2010,2010-08-13,Rangiri Dambulla International Stadium,1,37.6,New Zealand,Sri Lanka,NL McCullum,TG Southee,SL Malinga,1,0,,,,,,,,,
456664,2010,2010-08-13,Rangiri Dambulla International Stadium,1,37.7,New Zealand,Sri Lanka,TG Southee,NL McCullum,SL Malinga,1,0,,,,,,,,,
456664,2010,2010-08-13,Rangiri Dambulla International Stadium,1,37.8,New Zealand,Sri Lanka,NL McCullum,TG Southee,SL Malinga,1,0,,,,,,,,,
456664,2010,2010-08-13,Rangiri Dambulla International Stadium,1,38.1,New Zealand,Sri Lanka,NL McCullum,TG Southee,BAW Mendis,0,0,,,,,,,,,
456664,2010,2010-08-13,Rangiri Dambulla International Stadium,1,38.2,New Zealand,Sri Lanka,NL McCullum,TG Southee,BAW Mendis,6,0,,,,,,,,,
456664,2010,2010-08-13,Rangiri Dambulla International Stadium,1,38.3,New Zealand,Sri Lanka,NL McCullum,TG Southee,BAW Mendis,0,4,4,,,,,,,,
456664,2010,2010-08-13,Rangiri Dambulla International Stadium,1,38.4,New Zealand,Sri Lanka,TG Southee,NL McCullum,BAW Mendis,0,0,,,,,,,,,
456664,2010,2010-08-13,Rangiri Dambulla International Stadium,1,38.5,New Zealand,Sri Lanka,TG Southee,NL McCullum,BAW Mendis,0,0,,,,,,,,,
456664,2010,2010-08-13,Rangiri Dambulla International Stadium,1,38.6,New Zealand,Sri Lanka,TG Southee,NL McCullum,BAW Mendis,0,0,,,,,,,,,
456664,2010,2010-08-13,Rangiri Dambulla International Stadium,1,38.7,New Zealand,Sri Lanka,TG Southee,NL McCullum,BAW Mendis,1,0,,,,,,,,,
456664,2010,2010-08-13,Rangiri Dambulla International Stadium,1,39.1,New Zealand,Sri Lanka,TG Southee,NL McCullum,KMDN Kulasekara,0,0,,,,,,,,,
456664,2010,2010-08-13,Rangiri Dambulla International Stadium,1,39.2,New Zealand,Sri Lanka,TG Southee,NL McCullum,KMDN Kulasekara,0,0,,,,,,,,,
456664,2010,2010-08-13,Rangiri Dambulla International Stadium,1,39.3,New Zealand,Sri Lanka,TG Southee,NL McCullum,KMDN Kulasekara,0,0,,,,,,,,,
456664,2010,2010-08-13,Rangiri Dambulla International Stadium,1,39.4,New Zealand,Sri Lanka,TG Southee,NL McCullum,KMDN Kulasekara,1,0,,,,,,,,,
456664,2010,2010-08-13,Rangiri Dambulla International Stadium,1,39.5,New Zealand,Sri Lanka,NL McCullum,TG Southee,KMDN Kulasekara,1,0,,,,,,,,,
456664,2010,2010-08-13,Rangiri Dambulla International Stadium,1,39.6,New Zealand,Sri Lanka,TG Southee,NL McCullum,KMDN Kulasekara,0,0,,,,,,,,,
456664,2010,2010-08-13,Rangiri Dambulla International Stadium,1,40.1,New Zealand,Sri Lanka,NL McCullum,TG Southee,BAW Mendis,0,0,,,,,,,,,
456664,2010,2010-08-13,Rangiri Dambulla International Stadium,1,40.2,New Zealand,Sri Lanka,NL McCullum,TG Southee,BAW Mendis,1,0,,,,,,,,,
456664,2010,2010-08-13,Rangiri Dambulla International Stadium,1,40.3,New Zealand,Sri Lanka,TG Southee,NL McCullum,BAW Mendis,0,0,,,,,,,,,
456664,2010,2010-08-13,Rangiri Dambulla International Stadium,1,40.4,New Zealand,Sri Lanka,TG Southee,NL McCullum,BAW Mendis,0,0,,,,,,,,,
456664,2010,2010-08-13,Rangiri Dambulla International Stadium,1,40.5,New Zealand,Sri Lanka,TG Southee,NL McCullum,BAW Mendis,0,0,,,,,,,,,
456664,2010,2010-08-13,Rangiri Dambulla International Stadium,1,40.6,New Zealand,Sri Lanka,TG Southee,NL McCullum,BAW Mendis,1,0,,,,,,,,,
456664,2010,2010-08-13,Rangiri Dambulla International Stadium,1,41.1,New Zealand,Sri Lanka,TG Southee,NL McCullum,AD Mathews,0,1,,,,1,,,,,
456664,2010,2010-08-13,Rangiri Dambulla International Stadium,1,41.2,New Zealand,Sri Lanka,NL McCullum,TG Southee,AD Mathews,0,0,,,,,,,,,
456664,2010,2010-08-13,Rangiri Dambulla International Stadium,1,41.3,New Zealand,Sri Lanka,NL McCullum,TG Southee,AD Mathews,2,0,,,,,,,,,
456664,2010,2010-08-13,Rangiri Dambulla International Stadium,1,41.4,New Zealand,Sri Lanka,NL McCullum,TG Southee,AD Mathews,2,0,,,,,,,,,
456664,2010,2010-08-13,Rangiri Dambulla International Stadium,1,41.5,New Zealand,Sri Lanka,NL McCullum,TG Southee,AD Mathews,1,0,,,,,,,,,
456664,2010,2010-08-13,Rangiri Dambulla International Stadium,1,41.6,New Zealand,Sri Lanka,TG Southee,NL McCullum,AD Mathews,0,1,,,,1,,,,,
456664,2010,2010-08-13,Rangiri Dambulla International Stadium,1,42.1,New Zealand,Sri Lanka,TG Southee,NL McCullum,BAW Mendis,0,0,,,,,,,,,
456664,2010,2010-08-13,Rangiri Dambulla International Stadium,1,42.2,New Zealand,Sri Lanka,TG Southee,NL McCullum,BAW Mendis,1,0,,,,,,,,,
456664,2010,2010-08-13,Rangiri Dambulla International Stadium,1,42.3,New Zealand,Sri Lanka,NL McCullum,TG Southee,BAW Mendis,0,0,,,,,,,,,
456664,2010,2010-08-13,Rangiri Dambulla International Stadium,1,42.4,New Zealand,Sri Lanka,NL McCullum,TG Southee,BAW Mendis,0,0,,,,,,,,,
456664,2010,2010-08-13,Rangiri Dambulla International Stadium,1,42.5,New Zealand,Sri Lanka,NL McCullum,TG Southee,BAW Mendis,0,0,,,,,,,,,
456664,2010,2010-08-13,Rangiri Dambulla International Stadium,1,42.6,New Zealand,Sri Lanka,NL McCullum,TG Southee,BAW Mendis,1,0,,,,,,,,,
456664,2010,2010-08-13,Rangiri Dambulla International Stadium,1,43.1,New Zealand,Sri Lanka,NL McCullum,TG Southee,AD Mathews,2,0,,,,,,,,,
456664,2010,2010-08-13,Rangiri Dambulla International Stadium,1,43.2,New Zealand,Sri Lanka,NL McCullum,TG Southee,AD Mathews,0,0,,,,,,,,,
456664,2010,2010-08-13,Rangiri Dambulla International Stadium,1,43.3,New Zealand,Sri Lanka,NL McCullum,TG Southee,AD Mathews,0,0,,,,,,,,,
456664,2010,2010-08-13,Rangiri Dambulla International Stadium,1,43.4,New Zealand,Sri Lanka,NL McCullum,TG Southee,AD Mathews,0,0,,,,,,,,,
456664,2010,2010-08-13,Rangiri Dambulla International Stadium,1,43.5,New Zealand,Sri Lanka,NL McCullum,TG Southee,AD Mathews,1,0,,,,,,,,,
456664,2010,2010-08-13,Rangiri Dambulla International Stadium,1,43.6,New Zealand,Sri Lanka,TG Southee,NL McCullum,AD Mathews,1,0,,,,,,,,,
456664,2010,2010-08-13,Rangiri Dambulla International Stadium,1,44.1,New Zealand,Sri Lanka,TG Southee,NL McCullum,BAW Mendis,1,0,,,,,,,,,
456664,2010,2010-08-13,Rangiri Dambulla International Stadium,1,44.2,New Zealand,Sri Lanka,NL McCullum,TG Southee,BAW Mendis,0,0,,,,,,,,,
456664,2010,2010-08-13,Rangiri Dambulla International Stadium,1,44.3,New Zealand,Sri Lanka,NL McCullum,TG Southee,BAW Mendis,0,0,,,,,,,,,
456664,2010,2010-08-13,Rangiri Dambulla International Stadium,1,44.4,New Zealand,Sri Lanka,NL McCullum,TG Southee,BAW Mendis,0,0,,,,,,caught,NL McCullum,,
456664,2010,2010-08-13,Rangiri Dambulla International Stadium,1,44.5,New Zealand,Sri Lanka,TG Southee,AJ McKay,BAW Mendis,1,0,,,,,,,,,
456664,2010,2010-08-13,Rangiri Dambulla International Stadium,1,44.6,New Zealand,Sri Lanka,AJ McKay,TG Southee,BAW Mendis,0,0,,,,,,,,,
456664,2010,2010-08-13,Rangiri Dambulla International Stadium,1,45.1,New Zealand,Sri Lanka,TG Southee,AJ McKay,SL Malinga,0,1,,,1,,,,,,
456664,2010,2010-08-13,Rangiri Dambulla International Stadium,1,45.2,New Zealand,Sri Lanka,AJ McKay,TG Southee,SL Malinga,1,0,,,,,,,,,
456664,2010,2010-08-13,Rangiri Dambulla International Stadium,1,45.3,New Zealand,Sri Lanka,TG Southee,AJ McKay,SL Malinga,1,0,,,,,,,,,
456664,2010,2010-08-13,Rangiri Dambulla International Stadium,1,45.4,New Zealand,Sri Lanka,AJ McKay,TG Southee,SL Malinga,0,0,,,,,,,,,
456664,2010,2010-08-13,Rangiri Dambulla International Stadium,1,45.5,New Zealand,Sri Lanka,AJ McKay,TG Southee,SL Malinga,0,4,,,4,,,,,,
456664,2010,2010-08-13,Rangiri Dambulla International Stadium,1,45.6,New Zealand,Sri Lanka,AJ McKay,TG Southee,SL Malinga,0,0,,,,,,,,,
456664,2010,2010-08-13,Rangiri Dambulla International Stadium,1,46.1,New Zealand,Sri Lanka,TG Southee,AJ McKay,KMDN Kulasekara,0,0,,,,,,,,,
456664,2010,2010-08-13,Rangiri Dambulla International Stadium,1,46.2,New Zealand,Sri Lanka,TG Southee,AJ McKay,KMDN Kulasekara,1,0,,,,,,,,,
456664,2010,2010-08-13,Rangiri Dambulla International Stadium,1,46.3,New Zealand,Sri Lanka,AJ McKay,TG Southee,KMDN Kulasekara,0,0,,,,,,,,,
456664,2010,2010-08-13,Rangiri Dambulla International Stadium,1,46.4,New Zealand,Sri Lanka,AJ McKay,TG Southee,KMDN Kulasekara,1,0,,,,,,,,,
456664,2010,2010-08-13,Rangiri Dambulla International Stadium,1,46.5,New Zealand,Sri Lanka,TG Southee,AJ McKay,KMDN Kulasekara,1,0,,,,,,,,,
456664,2010,2010-08-13,Rangiri Dambulla International Stadium,1,46.6,New Zealand,Sri Lanka,AJ McKay,TG Southee,KMDN Kulasekara,1,0,,,,,,,,,
456664,2010,2010-08-13,Rangiri Dambulla International Stadium,1,47.1,New Zealand,Sri Lanka,AJ McKay,TG Southee,SL Malinga,0,0,,,,,,,,,
456664,2010,2010-08-13,Rangiri Dambulla International Stadium,1,47.2,New Zealand,Sri Lanka,AJ McKay,TG Southee,SL Malinga,0,0,,,,,,,,,
456664,2010,2010-08-13,Rangiri Dambulla International Stadium,1,47.3,New Zealand,Sri Lanka,AJ McKay,TG Southee,SL Malinga,1,0,,,,,,,,,
456664,2010,2010-08-13,Rangiri Dambulla International Stadium,1,47.4,New Zealand,Sri Lanka,TG Southee,AJ McKay,SL Malinga,0,0,,,,,,,,,
456664,2010,2010-08-13,Rangiri Dambulla International Stadium,1,47.5,New Zealand,Sri Lanka,TG Southee,AJ McKay,SL Malinga,1,0,,,,,,,,,
456664,2010,2010-08-13,Rangiri Dambulla International Stadium,1,47.6,New Zealand,Sri Lanka,AJ McKay,TG Southee,SL Malinga,0,0,,,,,,,,,
456664,2010,2010-08-13,Rangiri Dambulla International Stadium,1,48.1,New Zealand,Sri Lanka,TG Southee,AJ McKay,KMDN Kulasekara,0,0,,,,,,caught,TG Southee,,
456664,2010,2010-08-13,Rangiri Dambulla International Stadium,2,0.1,Sri Lanka,New Zealand,WU Tharanga,TM Dilshan,KD Mills,1,0,,,,,,,,,
456664,2010,2010-08-13,Rangiri Dambulla International Stadium,2,0.2,Sri Lanka,New Zealand,TM Dilshan,WU Tharanga,KD Mills,4,0,,,,,,,,,
456664,2010,2010-08-13,Rangiri Dambulla International Stadium,2,0.3,Sri Lanka,New Zealand,TM Dilshan,WU Tharanga,KD Mills,0,0,,,,,,,,,
456664,2010,2010-08-13,Rangiri Dambulla International Stadium,2,0.4,Sri Lanka,New Zealand,TM Dilshan,WU Tharanga,KD Mills,0,0,,,,,,,,,
456664,2010,2010-08-13,Rangiri Dambulla International Stadium,2,0.5,Sri Lanka,New Zealand,TM Dilshan,WU Tharanga,KD Mills,0,0,,,,,,,,,
456664,2010,2010-08-13,Rangiri Dambulla International Stadium,2,0.6,Sri Lanka,New Zealand,TM Dilshan,WU Tharanga,KD Mills,0,0,,,,,,,,,
456664,2010,2010-08-13,Rangiri Dambulla International Stadium,2,1.1,Sri Lanka,New Zealand,WU Tharanga,TM Dilshan,DR Tuffey,4,0,,,,,,,,,
456664,2010,2010-08-13,Rangiri Dambulla International Stadium,2,1.2,Sri Lanka,New Zealand,WU Tharanga,TM Dilshan,DR Tuffey,0,0,,,,,,,,,
456664,2010,2010-08-13,Rangiri Dambulla International Stadium,2,1.3,Sri Lanka,New Zealand,WU Tharanga,TM Dilshan,DR Tuffey,1,0,,,,,,,,,
456664,2010,2010-08-13,Rangiri Dambulla International Stadium,2,1.4,Sri Lanka,New Zealand,TM Dilshan,WU Tharanga,DR Tuffey,0,0,,,,,,,,,
456664,2010,2010-08-13,Rangiri Dambulla International Stadium,2,1.5,Sri Lanka,New Zealand,TM Dilshan,WU Tharanga,DR Tuffey,0,0,,,,,,,,,
456664,2010,2010-08-13,Rangiri Dambulla International Stadium,2,1.6,Sri Lanka,New Zealand,TM Dilshan,WU Tharanga,DR Tuffey,1,0,,,,,,,,,
456664,2010,2010-08-13,Rangiri Dambulla International Stadium,2,2.1,Sri Lanka,New Zealand,TM Dilshan,WU Tharanga,KD Mills,0,0,,,,,,caught and bowled,TM Dilshan,,
456664,2010,2010-08-13,Rangiri Dambulla International Stadium,2,2.2,Sri Lanka,New Zealand,WU Tharanga,KC Sangakkara,KD Mills,0,0,,,,,,,,,
456664,2010,2010-08-13,Rangiri Dambulla International Stadium,2,2.3,Sri Lanka,New Zealand,WU Tharanga,KC Sangakkara,KD Mills,0,0,,,,,,,,,
456664,2010,2010-08-13,Rangiri Dambulla International Stadium,2,2.4,Sri Lanka,New Zealand,WU Tharanga,KC Sangakkara,KD Mills,0,0,,,,,,,,,
456664,2010,2010-08-13,Rangiri Dambulla International Stadium,2,2.5,Sri Lanka,New Zealand,WU Tharanga,KC Sangakkara,KD Mills,0,0,,,,,,,,,
456664,2010,2010-08-13,Rangiri Dambulla International Stadium,2,2.6,Sri Lanka,New Zealand,WU Tharanga,KC Sangakkara,KD Mills,0,0,,,,,,,,,
456664,2010,2010-08-13,Rangiri Dambulla International Stadium,2,3.1,Sri Lanka,New Zealand,KC Sangakkara,WU Tharanga,DR Tuffey,0,0,,,,,,,,,
456664,2010,2010-08-13,Rangiri Dambulla International Stadium,2,3.2,Sri Lanka,New Zealand,KC Sangakkara,WU Tharanga,DR Tuffey,1,0,,,,,,,,,
456664,2010,2010-08-13,Rangiri Dambulla International Stadium,2,3.3,Sri Lanka,New Zealand,WU Tharanga,KC Sangakkara,DR Tuffey,4,0,,,,,,,,,
456664,2010,2010-08-13,Rangiri Dambulla International Stadium,2,3.4,Sri Lanka,New Zealand,WU Tharanga,KC Sangakkara,DR Tuffey,0,0,,,,,,,,,
456664,2010,2010-08-13,Rangiri Dambulla International Stadium,2,3.5,Sri Lanka,New Zealand,WU Tharanga,KC Sangakkara,DR Tuffey,0,0,,,,,,,,,
456664,2010,2010-08-13,Rangiri Dambulla International Stadium,2,3.6,Sri Lanka,New Zealand,WU Tharanga,KC Sangakkara,DR Tuffey,1,0,,,,,,,,,
456664,2010,2010-08-13,Rangiri Dambulla International Stadium,2,4.1,Sri Lanka,New Zealand,WU Tharanga,KC Sangakkara,KD Mills,0,0,,,,,,,,,
456664,2010,2010-08-13,Rangiri Dambulla International Stadium,2,4.2,Sri Lanka,New Zealand,WU Tharanga,KC Sangakkara,KD Mills,0,1,1,,,,,,,,
456664,2010,2010-08-13,Rangiri Dambulla International Stadium,2,4.3,Sri Lanka,New Zealand,WU Tharanga,KC Sangakkara,KD Mills,0,0,,,,,,,,,
456664,2010,2010-08-13,Rangiri Dambulla International Stadium,2,4.4,Sri Lanka,New Zealand,WU Tharanga,KC Sangakkara,KD Mills,1,0,,,,,,,,,
456664,2010,2010-08-13,Rangiri Dambulla International Stadium,2,4.5,Sri Lanka,New Zealand,KC Sangakkara,WU Tharanga,KD Mills,0,0,,,,,,,,,
456664,2010,2010-08-13,Rangiri Dambulla International Stadium,2,4.6,Sri Lanka,New Zealand,KC Sangakkara,WU Tharanga,KD Mills,1,0,,,,,,,,,
456664,2010,2010-08-13,Rangiri Dambulla International Stadium,2,4.7,Sri Lanka,New Zealand,WU Tharanga,KC Sangakkara,KD Mills,0,0,,,,,,,,,
456664,2010,2010-08-13,Rangiri Dambulla International Stadium,2,5.1,Sri Lanka,New Zealand,KC Sangakkara,WU Tharanga,DR Tuffey,0,0,,,,,,,,,
456664,2010,2010-08-13,Rangiri Dambulla International Stadium,2,5.2,Sri Lanka,New Zealand,KC Sangakkara,WU Tharanga,DR Tuffey,1,0,,,,,,,,,
456664,2010,2010-08-13,Rangiri Dambulla International Stadium,2,5.3,Sri Lanka,New Zealand,WU Tharanga,KC Sangakkara,DR Tuffey,0,0,,,,,,,,,
456664,2010,2010-08-13,Rangiri Dambulla International Stadium,2,5.4,Sri Lanka,New Zealand,WU Tharanga,KC Sangakkara,DR Tuffey,0,0,,,,,,,,,
456664,2010,2010-08-13,Rangiri Dambulla International Stadium,2,5.5,Sri Lanka,New Zealand,WU Tharanga,KC Sangakkara,DR Tuffey,4,0,,,,,,,,,
456664,2010,2010-08-13,Rangiri Dambulla International Stadium,2,5.6,Sri Lanka,New Zealand,WU Tharanga,KC Sangakkara,DR Tuffey,0,0,,,,,,,,,
456664,2010,2010-08-13,Rangiri Dambulla International Stadium,2,6.1,Sri Lanka,New Zealand,KC Sangakkara,WU Tharanga,KD Mills,0,0,,,,,,,,,
456664,2010,2010-08-13,Rangiri Dambulla International Stadium,2,6.2,Sri Lanka,New Zealand,KC Sangakkara,WU Tharanga,KD Mills,0,0,,,,,,,,,
456664,2010,2010-08-13,Rangiri Dambulla International Stadium,2,6.3,Sri Lanka,New Zealand,KC Sangakkara,WU Tharanga,KD Mills,1,0,,,,,,,,,
456664,2010,2010-08-13,Rangiri Dambulla International Stadium,2,6.4,Sri Lanka,New Zealand,WU Tharanga,KC Sangakkara,KD Mills,0,0,,,,,,,,,
456664,2010,2010-08-13,Rangiri Dambulla International Stadium,2,6.5,Sri Lanka,New Zealand,WU Tharanga,KC Sangakkara,KD Mills,0,0,,,,,,,,,
456664,2010,2010-08-13,Rangiri Dambulla International Stadium,2,6.6,Sri Lanka,New Zealand,WU Tharanga,KC Sangakkara,KD Mills,0,0,,,,,,,,,
456664,2010,2010-08-13,Rangiri Dambulla International Stadium,2,7.1,Sri Lanka,New Zealand,KC Sangakkara,WU Tharanga,DR Tuffey,0,0,,,,,,,,,
456664,2010,2010-08-13,Rangiri Dambulla International Stadium,2,7.2,Sri Lanka,New Zealand,KC Sangakkara,WU Tharanga,DR Tuffey,3,0,,,,,,,,,
456664,2010,2010-08-13,Rangiri Dambulla International Stadium,2,7.3,Sri Lanka,New Zealand,WU Tharanga,KC Sangakkara,DR Tuffey,0,0,,,,,,,,,
456664,2010,2010-08-13,Rangiri Dambulla International Stadium,2,7.4,Sri Lanka,New Zealand,WU Tharanga,KC Sangakkara,DR Tuffey,0,0,,,,,,,,,
456664,2010,2010-08-13,Rangiri Dambulla International Stadium,2,7.5,Sri Lanka,New Zealand,WU Tharanga,KC Sangakkara,DR Tuffey,0,0,,,,,,,,,
456664,2010,2010-08-13,Rangiri Dambulla International Stadium,2,7.6,Sri Lanka,New Zealand,WU Tharanga,KC Sangakkara,DR Tuffey,0,0,,,,,,,,,
456664,2010,2010-08-13,Rangiri Dambulla International Stadium,2,8.1,Sri Lanka,New Zealand,KC Sangakkara,WU Tharanga,KD Mills,0,0,,,,,,,,,
456664,2010,2010-08-13,Rangiri Dambulla International Stadium,2,8.2,Sri Lanka,New Zealand,KC Sangakkara,WU Tharanga,KD Mills,0,0,,,,,,,,,
456664,2010,2010-08-13,Rangiri Dambulla International Stadium,2,8.3,Sri Lanka,New Zealand,KC Sangakkara,WU Tharanga,KD Mills,0,0,,,,,,,,,
456664,2010,2010-08-13,Rangiri Dambulla International Stadium,2,8.4,Sri Lanka,New Zealand,KC Sangakkara,WU Tharanga,KD Mills,0,0,,,,,,,,,
456664,2010,2010-08-13,Rangiri Dambulla International Stadium,2,8.5,Sri Lanka,New Zealand,KC Sangakkara,WU Tharanga,KD Mills,2,0,,,,,,,,,
456664,2010,2010-08-13,Rangiri Dambulla International Stadium,2,8.6,Sri Lanka,New Zealand,KC Sangakkara,WU Tharanga,KD Mills,2,0,,,,,,,,,
456664,2010,2010-08-13,Rangiri Dambulla International Stadium,2,9.1,Sri Lanka,New Zealand,WU Tharanga,KC Sangakkara,DR Tuffey,1,0,,,,,,,,,
456664,2010,2010-08-13,Rangiri Dambulla International Stadium,2,9.2,Sri Lanka,New Zealand,KC Sangakkara,WU Tharanga,DR Tuffey,0,1,1,,,,,,,,
456664,2010,2010-08-13,Rangiri Dambulla International Stadium,2,9.3,Sri Lanka,New Zealand,KC Sangakkara,WU Tharanga,DR Tuffey,0,0,,,,,,,,,
456664,2010,2010-08-13,Rangiri Dambulla International Stadium,2,9.4,Sri Lanka,New Zealand,KC Sangakkara,WU Tharanga,DR Tuffey,1,0,,,,,,,,,
456664,2010,2010-08-13,Rangiri Dambulla International Stadium,2,9.5,Sri Lanka,New Zealand,WU Tharanga,KC Sangakkara,DR Tuffey,4,0,,,,,,,,,
456664,2010,2010-08-13,Rangiri Dambulla International Stadium,2,9.6,Sri Lanka,New Zealand,WU Tharanga,KC Sangakkara,DR Tuffey,4,0,,,,,,,,,
456664,2010,2010-08-13,Rangiri Dambulla International Stadium,2,9.7,Sri Lanka,New Zealand,WU Tharanga,KC Sangakkara,DR Tuffey,0,0,,,,,,,,,
456664,2010,2010-08-13,Rangiri Dambulla International Stadium,2,10.1,Sri Lanka,New Zealand,KC Sangakkara,WU Tharanga,KD Mills,0,0,,,,,,,,,
456664,2010,2010-08-13,Rangiri Dambulla International Stadium,2,10.2,Sri Lanka,New Zealand,KC Sangakkara,WU Tharanga,KD Mills,0,0,,,,,,,,,
456664,2010,2010-08-13,Rangiri Dambulla International Stadium,2,10.3,Sri Lanka,New Zealand,KC Sangakkara,WU Tharanga,KD Mills,0,0,,,,,,,,,
456664,2010,2010-08-13,Rangiri Dambulla International Stadium,2,10.4,Sri Lanka,New Zealand,KC Sangakkara,WU Tharanga,KD Mills,0,0,,,,,,,,,
456664,2010,2010-08-13,Rangiri Dambulla International Stadium,2,10.5,Sri Lanka,New Zealand,KC Sangakkara,WU Tharanga,KD Mills,1,0,,,,,,,,,
456664,2010,2010-08-13,Rangiri Dambulla International Stadium,2,10.6,Sri Lanka,New Zealand,WU Tharanga,KC Sangakkara,KD Mills,0,0,,,,,,,,,
456664,2010,2010-08-13,Rangiri Dambulla International Stadium,2,11.1,Sri Lanka,New Zealand,KC Sangakkara,WU Tharanga,TG Southee,4,0,,,,,,,,,
456664,2010,2010-08-13,Rangiri Dambulla International Stadium,2,11.2,Sri Lanka,New Zealand,KC Sangakkara,WU Tharanga,TG Southee,0,0,,,,,,,,,
456664,2010,2010-08-13,Rangiri Dambulla International Stadium,2,11.3,Sri Lanka,New Zealand,KC Sangakkara,WU Tharanga,TG Southee,0,0,,,,,,,,,
456664,2010,2010-08-13,Rangiri Dambulla International Stadium,2,11.4,Sri Lanka,New Zealand,KC Sangakkara,WU Tharanga,TG Southee,0,0,,,,,,,,,
456664,2010,2010-08-13,Rangiri Dambulla International Stadium,2,11.5,Sri Lanka,New Zealand,KC Sangakkara,WU Tharanga,TG Southee,0,0,,,,,,,,,
456664,2010,2010-08-13,Rangiri Dambulla International Stadium,2,11.6,Sri Lanka,New Zealand,KC Sangakkara,WU Tharanga,TG Southee,1,0,,,,,,,,,
456664,2010,2010-08-13,Rangiri Dambulla International Stadium,2,12.1,Sri Lanka,New Zealand,KC Sangakkara,WU Tharanga,AJ McKay,4,0,,,,,,,,,
456664,2010,2010-08-13,Rangiri Dambulla International Stadium,2,12.2,Sri Lanka,New Zealand,KC Sangakkara,WU Tharanga,AJ McKay,4,0,,,,,,,,,
456664,2010,2010-08-13,Rangiri Dambulla International Stadium,2,12.3,Sri Lanka,New Zealand,KC Sangakkara,WU Tharanga,AJ McKay,0,0,,,,,,,,,
456664,2010,2010-08-13,Rangiri Dambulla International Stadium,2,12.4,Sri Lanka,New Zealand,KC Sangakkara,WU Tharanga,AJ McKay,1,0,,,,,,,,,
456664,2010,2010-08-13,Rangiri Dambulla International Stadium,2,12.5,Sri Lanka,New Zealand,WU Tharanga,KC Sangakkara,AJ McKay,0,0,,,,,,,,,
456664,2010,2010-08-13,Rangiri Dambulla International Stadium,2,12.6,Sri Lanka,New Zealand,WU Tharanga,KC Sangakkara,AJ McKay,0,0,,,,,,,,,
456664,2010,2010-08-13,Rangiri Dambulla International Stadium,2,13.1,Sri Lanka,New Zealand,KC Sangakkara,WU Tharanga,TG Southee,1,0,,,,,,,,,
456664,2010,2010-08-13,Rangiri Dambulla International Stadium,2,13.2,Sri Lanka,New Zealand,WU Tharanga,KC Sangakkara,TG Southee,0,0,,,,,,,,,
456664,2010,2010-08-13,Rangiri Dambulla International Stadium,2,13.3,Sri Lanka,New Zealand,WU Tharanga,KC Sangakkara,TG Southee,1,0,,,,,,,,,
456664,2010,2010-08-13,Rangiri Dambulla International Stadium,2,13.4,Sri Lanka,New Zealand,KC Sangakkara,WU Tharanga,TG Southee,0,0,,,,,,,,,
456664,2010,2010-08-13,Rangiri Dambulla International Stadium,2,13.5,Sri Lanka,New Zealand,KC Sangakkara,WU Tharanga,TG Southee,0,1,1,,,,,,,,
456664,2010,2010-08-13,Rangiri Dambulla International Stadium,2,13.6,Sri Lanka,New Zealand,KC Sangakkara,WU Tharanga,TG Southee,1,0,,,,,,,,,
456664,2010,2010-08-13,Rangiri Dambulla International Stadium,2,13.7,Sri Lanka,New Zealand,WU Tharanga,KC Sangakkara,TG Southee,0,0,,,,,,,,,
456664,2010,2010-08-13,Rangiri Dambulla International Stadium,2,14.1,Sri Lanka,New Zealand,KC Sangakkara,WU Tharanga,AJ McKay,0,0,,,,,,,,,
456664,2010,2010-08-13,Rangiri Dambulla International Stadium,2,14.2,Sri Lanka,New Zealand,KC Sangakkara,WU Tharanga,AJ McKay,4,0,,,,,,,,,
456664,2010,2010-08-13,Rangiri Dambulla International Stadium,2,14.3,Sri Lanka,New Zealand,KC Sangakkara,WU Tharanga,AJ McKay,1,0,,,,,,,,,
456664,2010,2010-08-13,Rangiri Dambulla International Stadium,2,14.4,Sri Lanka,New Zealand,WU Tharanga,KC Sangakkara,AJ McKay,4,0,,,,,,,,,
456664,2010,2010-08-13,Rangiri Dambulla International Stadium,2,14.5,Sri Lanka,New Zealand,WU Tharanga,KC Sangakkara,AJ McKay,1,0,,,,,,,,,
456664,2010,2010-08-13,Rangiri Dambulla International Stadium,2,14.6,Sri Lanka,New Zealand,KC Sangakkara,WU Tharanga,AJ McKay,1,0,,,,,,,,,
456664,2010,2010-08-13,Rangiri Dambulla International Stadium,2,15.1,Sri Lanka,New Zealand,KC Sangakkara,WU Tharanga,TG Southee,0,0,,,,,,,,,
456664,2010,2010-08-13,Rangiri Dambulla International Stadium,2,15.2,Sri Lanka,New Zealand,KC Sangakkara,WU Tharanga,TG Southee,1,0,,,,,,,,,
456664,2010,2010-08-13,Rangiri Dambulla International Stadium,2,15.3,Sri Lanka,New Zealand,WU Tharanga,KC Sangakkara,TG Southee,0,0,,,,,,,,,
456664,2010,2010-08-13,Rangiri Dambulla International Stadium,2,15.4,Sri Lanka,New Zealand,WU Tharanga,KC Sangakkara,TG Southee,1,0,,,,,,,,,
456664,2010,2010-08-13,Rangiri Dambulla International Stadium,2,15.5,Sri Lanka,New Zealand,KC Sangakkara,WU Tharanga,TG Southee,4,0,,,,,,,,,
456664,2010,2010-08-13,Rangiri Dambulla International Stadium,2,15.6,Sri Lanka,New Zealand,KC Sangakkara,WU Tharanga,TG Southee,1,0,,,,,,,,,
456664,2010,2010-08-13,Rangiri Dambulla International Stadium,2,16.1,Sri Lanka,New Zealand,KC Sangakkara,WU Tharanga,NL McCullum,0,0,,,,,,,,,
456664,2010,2010-08-13,Rangiri Dambulla International Stadium,2,16.2,Sri Lanka,New Zealand,KC Sangakkara,WU Tharanga,NL McCullum,0,0,,,,,,,,,
456664,2010,2010-08-13,Rangiri Dambulla International Stadium,2,16.3,Sri Lanka,New Zealand,KC Sangakkara,WU Tharanga,NL McCullum,0,0,,,,,,,,,
456664,2010,2010-08-13,Rangiri Dambulla International Stadium,2,16.4,Sri Lanka,New Zealand,KC Sangakkara,WU Tharanga,NL McCullum,0,0,,,,,,,,,
456664,2010,2010-08-13,Rangiri Dambulla International Stadium,2,16.5,Sri Lanka,New Zealand,KC Sangakkara,WU Tharanga,NL McCullum,1,0,,,,,,,,,
456664,2010,2010-08-13,Rangiri Dambulla International Stadium,2,16.6,Sri Lanka,New Zealand,WU Tharanga,KC Sangakkara,NL McCullum,0,0,,,,,,,,,
456664,2010,2010-08-13,Rangiri Dambulla International Stadium,2,17.1,Sri Lanka,New Zealand,KC Sangakkara,WU Tharanga,KS Williamson,0,1,1,,,,,,,,
456664,2010,2010-08-13,Rangiri Dambulla International Stadium,2,17.2,Sri Lanka,New Zealand,KC Sangakkara,WU Tharanga,KS Williamson,0,1,1,,,,,,,,
456664,2010,2010-08-13,Rangiri Dambulla International Stadium,2,17.3,Sri Lanka,New Zealand,KC Sangakkara,WU Tharanga,KS Williamson,0,0,,,,,,,,,
456664,2010,2010-08-13,Rangiri Dambulla International Stadium,2,17.4,Sri Lanka,New Zealand,KC Sangakkara,WU Tharanga,KS Williamson,2,0,,,,,,,,,
456664,2010,2010-08-13,Rangiri Dambulla International Stadium,2,17.5,Sri Lanka,New Zealand,KC Sangakkara,WU Tharanga,KS Williamson,2,0,,,,,,,,,
456664,2010,2010-08-13,Rangiri Dambulla International Stadium,2,17.6,Sri Lanka,New Zealand,KC Sangakkara,WU Tharanga,KS Williamson,0,0,,,,,,,,,
456664,2010,2010-08-13,Rangiri Dambulla International Stadium,2,17.7,Sri Lanka,New Zealand,KC Sangakkara,WU Tharanga,KS Williamson,0,4,,,4,,,,,,
456664,2010,2010-08-13,Rangiri Dambulla International Stadium,2,17.8,Sri Lanka,New Zealand,KC Sangakkara,WU Tharanga,KS Williamson,0,0,,,,,,,,,
456664,2010,2010-08-13,Rangiri Dambulla International Stadium,2,18.1,Sri Lanka,New Zealand,WU Tharanga,KC Sangakkara,NL McCullum,0,0,,,,,,,,,
456664,2010,2010-08-13,Rangiri Dambulla International Stadium,2,18.2,Sri Lanka,New Zealand,WU Tharanga,KC Sangakkara,NL McCullum,0,0,,,,,,,,,
456664,2010,2010-08-13,Rangiri Dambulla International Stadium,2,18.3,Sri Lanka,New Zealand,WU Tharanga,KC Sangakkara,NL McCullum,0,0,,,,,,,,,
456664,2010,2010-08-13,Rangiri Dambulla International Stadium,2,18.4,Sri Lanka,New Zealand,WU Tharanga,KC Sangakkara,NL McCullum,0,0,,,,,,,,,
456664,2010,2010-08-13,Rangiri Dambulla International Stadium,2,18.5,Sri Lanka,New Zealand,WU Tharanga,KC Sangakkara,NL McCullum,1,0,,,,,,,,,
456664,2010,2010-08-13,Rangiri Dambulla International Stadium,2,18.6,Sri Lanka,New Zealand,KC Sangakkara,WU Tharanga,NL McCullum,0,0,,,,,,,,,
456664,2010,2010-08-13,Rangiri Dambulla International Stadium,2,19.1,Sri Lanka,New Zealand,WU Tharanga,KC Sangakkara,SB Styris,1,0,,,,,,,,,
456664,2010,2010-08-13,Rangiri Dambulla International Stadium,2,19.2,Sri Lanka,New Zealand,KC Sangakkara,WU Tharanga,SB Styris,0,0,,,,,,,,,
456664,2010,2010-08-13,Rangiri Dambulla International Stadium,2,19.3,Sri Lanka,New Zealand,KC Sangakkara,WU Tharanga,SB Styris,0,0,,,,,,,,,
456664,2010,2010-08-13,Rangiri Dambulla International Stadium,2,19.4,Sri Lanka,New Zealand,KC Sangakkara,WU Tharanga,SB Styris,0,0,,,,,,,,,
456664,2010,2010-08-13,Rangiri Dambulla International Stadium,2,19.5,Sri Lanka,New Zealand,KC Sangakkara,WU Tharanga,SB Styris,2,0,,,,,,,,,
456664,2010,2010-08-13,Rangiri Dambulla International Stadium,2,19.6,Sri Lanka,New Zealand,KC Sangakkara,WU Tharanga,SB Styris,0,0,,,,,,caught,KC Sangakkara,,
456664,2010,2010-08-13,Rangiri Dambulla International Stadium,2,20.1,Sri Lanka,New Zealand,WU Tharanga,DPMD Jayawardene,NL McCullum,0,0,,,,,,,,,
456664,2010,2010-08-13,Rangiri Dambulla International Stadium,2,20.2,Sri Lanka,New Zealand,WU Tharanga,DPMD Jayawardene,NL McCullum,4,0,,,,,,,,,
456664,2010,2010-08-13,Rangiri Dambulla International Stadium,2,20.3,Sri Lanka,New Zealand,WU Tharanga,DPMD Jayawardene,NL McCullum,1,0,,,,,,,,,
456664,2010,2010-08-13,Rangiri Dambulla International Stadium,2,20.4,Sri Lanka,New Zealand,DPMD Jayawardene,WU Tharanga,NL McCullum,1,0,,,,,,,,,
456664,2010,2010-08-13,Rangiri Dambulla International Stadium,2,20.5,Sri Lanka,New Zealand,WU Tharanga,DPMD Jayawardene,NL McCullum,0,0,,,,,,,,,
456664,2010,2010-08-13,Rangiri Dambulla International Stadium,2,20.6,Sri Lanka,New Zealand,WU Tharanga,DPMD Jayawardene,NL McCullum,4,0,,,,,,,,,
456664,2010,2010-08-13,Rangiri Dambulla International Stadium,2,21.1,Sri Lanka,New Zealand,DPMD Jayawardene,WU Tharanga,SB Styris,1,0,,,,,,,,,
456664,2010,2010-08-13,Rangiri Dambulla International Stadium,2,21.2,Sri Lanka,New Zealand,WU Tharanga,DPMD Jayawardene,SB Styris,0,0,,,,,,,,,
456664,2010,2010-08-13,Rangiri Dambulla International Stadium,2,21.3,Sri Lanka,New Zealand,WU Tharanga,DPMD Jayawardene,SB Styris,0,0,,,,,,,,,
456664,2010,2010-08-13,Rangiri Dambulla International Stadium,2,21.4,Sri Lanka,New Zealand,WU Tharanga,DPMD Jayawardene,SB Styris,0,0,,,,,,,,,
456664,2010,2010-08-13,Rangiri Dambulla International Stadium,2,21.5,Sri Lanka,New Zealand,WU Tharanga,DPMD Jayawardene,SB Styris,1,0,,,,,,,,,
456664,2010,2010-08-13,Rangiri Dambulla International Stadium,2,21.6,Sri Lanka,New Zealand,DPMD Jayawardene,WU Tharanga,SB Styris,0,0,,,,,,,,,
456664,2010,2010-08-13,Rangiri Dambulla International Stadium,2,22.1,Sri Lanka,New Zealand,WU Tharanga,DPMD Jayawardene,NL McCullum,0,0,,,,,,,,,
456664,2010,2010-08-13,Rangiri Dambulla International Stadium,2,22.2,Sri Lanka,New Zealand,WU Tharanga,DPMD Jayawardene,NL McCullum,0,0,,,,,,,,,
456664,2010,2010-08-13,Rangiri Dambulla International Stadium,2,22.3,Sri Lanka,New Zealand,WU Tharanga,DPMD Jayawardene,NL McCullum,0,0,,,,,,,,,
456664,2010,2010-08-13,Rangiri Dambulla International Stadium,2,22.4,Sri Lanka,New Zealand,WU Tharanga,DPMD Jayawardene,NL McCullum,0,0,,,,,,,,,
456664,2010,2010-08-13,Rangiri Dambulla International Stadium,2,22.5,Sri Lanka,New Zealand,WU Tharanga,DPMD Jayawardene,NL McCullum,1,0,,,,,,,,,
456664,2010,2010-08-13,Rangiri Dambulla International Stadium,2,22.6,Sri Lanka,New Zealand,DPMD Jayawardene,WU Tharanga,NL McCullum,0,0,,,,,,,,,
456664,2010,2010-08-13,Rangiri Dambulla International Stadium,2,23.1,Sri Lanka,New Zealand,WU Tharanga,DPMD Jayawardene,SB Styris,0,0,,,,,,,,,
456664,2010,2010-08-13,Rangiri Dambulla International Stadium,2,23.2,Sri Lanka,New Zealand,WU Tharanga,DPMD Jayawardene,SB Styris,0,0,,,,,,,,,
456664,2010,2010-08-13,Rangiri Dambulla International Stadium,2,23.3,Sri Lanka,New Zealand,WU Tharanga,DPMD Jayawardene,SB Styris,0,0,,,,,,,,,
456664,2010,2010-08-13,Rangiri Dambulla International Stadium,2,23.4,Sri Lanka,New Zealand,WU Tharanga,DPMD Jayawardene,SB Styris,1,0,,,,,,,,,
456664,2010,2010-08-13,Rangiri Dambulla International Stadium,2,23.5,Sri Lanka,New Zealand,DPMD Jayawardene,WU Tharanga,SB Styris,0,0,,,,,,,,,
456664,2010,2010-08-13,Rangiri Dambulla International Stadium,2,23.6,Sri Lanka,New Zealand,DPMD Jayawardene,WU Tharanga,SB Styris,0,0,,,,,,,,,
456664,2010,2010-08-13,Rangiri Dambulla International Stadium,2,24.1,Sri Lanka,New Zealand,WU Tharanga,DPMD Jayawardene,NL McCullum,0,0,,,,,,,,,
456664,2010,2010-08-13,Rangiri Dambulla International Stadium,2,24.2,Sri Lanka,New Zealand,WU Tharanga,DPMD Jayawardene,NL McCullum,1,0,,,,,,,,,
456664,2010,2010-08-13,Rangiri Dambulla International Stadium,2,24.3,Sri Lanka,New Zealand,DPMD Jayawardene,WU Tharanga,NL McCullum,1,0,,,,,,,,,
456664,2010,2010-08-13,Rangiri Dambulla International Stadium,2,24.4,Sri Lanka,New Zealand,WU Tharanga,DPMD Jayawardene,NL McCullum,0,0,,,,,,,,,
456664,2010,2010-08-13,Rangiri Dambulla International Stadium,2,24.5,Sri Lanka,New Zealand,WU Tharanga,DPMD Jayawardene,NL McCullum,1,0,,,,,,,,,
456664,2010,2010-08-13,Rangiri Dambulla International Stadium,2,24.6,Sri Lanka,New Zealand,DPMD Jayawardene,WU Tharanga,NL McCullum,0,0,,,,,,,,,
456664,2010,2010-08-13,Rangiri Dambulla International Stadium,2,25.1,Sri Lanka,New Zealand,WU Tharanga,DPMD Jayawardene,SB Styris,1,0,,,,,,,,,
456664,2010,2010-08-13,Rangiri Dambulla International Stadium,2,25.2,Sri Lanka,New Zealand,DPMD Jayawardene,WU Tharanga,SB Styris,1,0,,,,,,,,,
456664,2010,2010-08-13,Rangiri Dambulla International Stadium,2,25.3,Sri Lanka,New Zealand,WU Tharanga,DPMD Jayawardene,SB Styris,0,0,,,,,,,,,
456664,2010,2010-08-13,Rangiri Dambulla International Stadium,2,25.4,Sri Lanka,New Zealand,WU Tharanga,DPMD Jayawardene,SB Styris,0,0,,,,,,,,,
456664,2010,2010-08-13,Rangiri Dambulla International Stadium,2,25.5,Sri Lanka,New Zealand,WU Tharanga,DPMD Jayawardene,SB Styris,0,0,,,,,,,,,
456664,2010,2010-08-13,Rangiri Dambulla International Stadium,2,25.6,Sri Lanka,New Zealand,WU Tharanga,DPMD Jayawardene,SB Styris,1,0,,,,,,,,,
456664,2010,2010-08-13,Rangiri Dambulla International Stadium,2,26.1,Sri Lanka,New Zealand,WU Tharanga,DPMD Jayawardene,NL McCullum,0,0,,,,,,,,,
456664,2010,2010-08-13,Rangiri Dambulla International Stadium,2,26.2,Sri Lanka,New Zealand,WU Tharanga,DPMD Jayawardene,NL McCullum,1,0,,,,,,,,,
456664,2010,2010-08-13,Rangiri Dambulla International Stadium,2,26.3,Sri Lanka,New Zealand,DPMD Jayawardene,WU Tharanga,NL McCullum,1,0,,,,,,,,,
456664,2010,2010-08-13,Rangiri Dambulla International Stadium,2,26.4,Sri Lanka,New Zealand,WU Tharanga,DPMD Jayawardene,NL McCullum,1,0,,,,,,,,,
456664,2010,2010-08-13,Rangiri Dambulla International Stadium,2,26.5,Sri Lanka,New Zealand,DPMD Jayawardene,WU Tharanga,NL McCullum,0,0,,,,,,caught,DPMD Jayawardene,,
456664,2010,2010-08-13,Rangiri Dambulla International Stadium,2,26.6,Sri Lanka,New Zealand,TT Samaraweera,WU Tharanga,NL McCullum,0,0,,,,,,,,,
456664,2010,2010-08-13,Rangiri Dambulla International Stadium,2,27.1,Sri Lanka,New Zealand,WU Tharanga,TT Samaraweera,SB Styris,4,0,,,,,,,,,
456664,2010,2010-08-13,Rangiri Dambulla International Stadium,2,27.2,Sri Lanka,New Zealand,WU Tharanga,TT Samaraweera,SB Styris,0,0,,,,,,,,,
456664,2010,2010-08-13,Rangiri Dambulla International Stadium,2,27.3,Sri Lanka,New Zealand,WU Tharanga,TT Samaraweera,SB Styris,0,0,,,,,,,,,
456664,2010,2010-08-13,Rangiri Dambulla International Stadium,2,27.4,Sri Lanka,New Zealand,WU Tharanga,TT Samaraweera,SB Styris,1,0,,,,,,,,,
456664,2010,2010-08-13,Rangiri Dambulla International Stadium,2,27.5,Sri Lanka,New Zealand,TT Samaraweera,WU Tharanga,SB Styris,0,0,,,,,,,,,
456664,2010,2010-08-13,Rangiri Dambulla International Stadium,2,27.6,Sri Lanka,New Zealand,TT Samaraweera,WU Tharanga,SB Styris,0,0,,,,,,,,,
456664,2010,2010-08-13,Rangiri Dambulla International Stadium,2,28.1,Sri Lanka,New Zealand,WU Tharanga,TT Samaraweera,NL McCullum,0,0,,,,,,,,,
456664,2010,2010-08-13,Rangiri Dambulla International Stadium,2,28.2,Sri Lanka,New Zealand,WU Tharanga,TT Samaraweera,NL McCullum,1,0,,,,,,,,,
456664,2010,2010-08-13,Rangiri Dambulla International Stadium,2,28.3,Sri Lanka,New Zealand,TT Samaraweera,WU Tharanga,NL McCullum,1,0,,,,,,,,,
456664,2010,2010-08-13,Rangiri Dambulla International Stadium,2,28.4,Sri Lanka,New Zealand,WU Tharanga,TT Samaraweera,NL McCullum,1,0,,,,,,,,,
456664,2010,2010-08-13,Rangiri Dambulla International Stadium,2,28.5,Sri Lanka,New Zealand,TT Samaraweera,WU Tharanga,NL McCullum,1,0,,,,,,,,,
456664,2010,2010-08-13,Rangiri Dambulla International Stadium,2,28.6,Sri Lanka,New Zealand,WU Tharanga,TT Samaraweera,NL McCullum,0,0,,,,,,,,,
456664,2010,2010-08-13,Rangiri Dambulla International Stadium,2,29.1,Sri Lanka,New Zealand,TT Samaraweera,WU Tharanga,SB Styris,0,0,,,,,,,,,
456664,2010,2010-08-13,Rangiri Dambulla International Stadium,2,29.2,Sri Lanka,New Zealand,TT Samaraweera,WU Tharanga,SB Styris,1,0,,,,,,,,,
456664,2010,2010-08-13,Rangiri Dambulla International Stadium,2,29.3,Sri Lanka,New Zealand,WU Tharanga,TT Samaraweera,SB Styris,0,0,,,,,,,,,
456664,2010,2010-08-13,Rangiri Dambulla International Stadium,2,29.4,Sri Lanka,New Zealand,WU Tharanga,TT Samaraweera,SB Styris,0,0,,,,,,,,,
456664,2010,2010-08-13,Rangiri Dambulla International Stadium,2,29.5,Sri Lanka,New Zealand,WU Tharanga,TT Samaraweera,SB Styris,0,0,,,,,,,,,
456664,2010,2010-08-13,Rangiri Dambulla International Stadium,2,29.6,Sri Lanka,New Zealand,WU Tharanga,TT Samaraweera,SB Styris,0,0,,,,,,,,,
456664,2010,2010-08-13,Rangiri Dambulla International Stadium,2,30.1,Sri Lanka,New Zealand,TT Samaraweera,WU Tharanga,AJ McKay,0,0,,,,,,,,,
456664,2010,2010-08-13,Rangiri Dambulla International Stadium,2,30.2,Sri Lanka,New Zealand,TT Samaraweera,WU Tharanga,AJ McKay,1,0,,,,,,,,,
456664,2010,2010-08-13,Rangiri Dambulla International Stadium,2,30.3,Sri Lanka,New Zealand,WU Tharanga,TT Samaraweera,AJ McKay,0,0,,,,,,,,,
456664,2010,2010-08-13,Rangiri Dambulla International Stadium,2,30.4,Sri Lanka,New Zealand,WU Tharanga,TT Samaraweera,AJ McKay,2,0,,,,,,,,,
456664,2010,2010-08-13,Rangiri Dambulla International Stadium,2,30.5,Sri Lanka,New Zealand,WU Tharanga,TT Samaraweera,AJ McKay,0,0,,,,,,,,,
456664,2010,2010-08-13,Rangiri Dambulla International Stadium,2,30.6,Sri Lanka,New Zealand,WU Tharanga,TT Samaraweera,AJ McKay,0,0,,,,,,,,,
456664,2010,2010-08-13,Rangiri Dambulla International Stadium,2,31.1,Sri Lanka,New Zealand,TT Samaraweera,WU Tharanga,SB Styris,0,0,,,,,,,,,
456664,2010,2010-08-13,Rangiri Dambulla International Stadium,2,31.2,Sri Lanka,New Zealand,TT Samaraweera,WU Tharanga,SB Styris,1,0,,,,,,,,,
456664,2010,2010-08-13,Rangiri Dambulla International Stadium,2,31.3,Sri Lanka,New Zealand,WU Tharanga,TT Samaraweera,SB Styris,2,0,,,,,,,,,
456664,2010,2010-08-13,Rangiri Dambulla International Stadium,2,31.4,Sri Lanka,New Zealand,WU Tharanga,TT Samaraweera,SB Styris,0,0,,,,,,,,,
456664,2010,2010-08-13,Rangiri Dambulla International Stadium,2,31.5,Sri Lanka,New Zealand,WU Tharanga,TT Samaraweera,SB Styris,2,0,,,,,,,,,
456664,2010,2010-08-13,Rangiri Dambulla International Stadium,2,31.6,Sri Lanka,New Zealand,WU Tharanga,TT Samaraweera,SB Styris,0,0,,,,,,,,,
456664,2010,2010-08-13,Rangiri Dambulla International Stadium,2,32.1,Sri Lanka,New Zealand,TT Samaraweera,WU Tharanga,AJ McKay,1,0,,,,,,,,,
456664,2010,2010-08-13,Rangiri Dambulla International Stadium,2,32.2,Sri Lanka,New Zealand,WU Tharanga,TT Samaraweera,AJ McKay,1,0,,,,,,,,,
456664,2010,2010-08-13,Rangiri Dambulla International Stadium,2,32.3,Sri Lanka,New Zealand,TT Samaraweera,WU Tharanga,AJ McKay,0,1,,,,1,,,,,
456664,2010,2010-08-13,Rangiri Dambulla International Stadium,2,32.4,Sri Lanka,New Zealand,WU Tharanga,TT Samaraweera,AJ McKay,1,0,,,,,,,,,
456664,2010,2010-08-13,Rangiri Dambulla International Stadium,2,32.5,Sri Lanka,New Zealand,TT Samaraweera,WU Tharanga,AJ McKay,0,0,,,,,,,,,
456664,2010,2010-08-13,Rangiri Dambulla International Stadium,2,32.6,Sri Lanka,New Zealand,TT Samaraweera,WU Tharanga,AJ McKay,0,0,,,,,,,,,
456664,2010,2010-08-13,Rangiri Dambulla International Stadium,2,33.1,Sri Lanka,New Zealand,WU Tharanga,TT Samaraweera,SB Styris,0,0,,,,,,,,,
456664,2010,2010-08-13,Rangiri Dambulla International Stadium,2,33.2,Sri Lanka,New Zealand,WU Tharanga,TT Samaraweera,SB Styris,0,0,,,,,,,,,
456664,2010,2010-08-13,Rangiri Dambulla International Stadium,2,33.3,Sri Lanka,New Zealand,WU Tharanga,TT Samaraweera,SB Styris,1,0,,,,,,,,,
456664,2010,2010-08-13,Rangiri Dambulla International Stadium,2,33.4,Sri Lanka,New Zealand,TT Samaraweera,WU Tharanga,SB Styris,0,0,,,,,,,,,
456664,2010,2010-08-13,Rangiri Dambulla International Stadium,2,33.5,Sri Lanka,New Zealand,TT Samaraweera,WU Tharanga,SB Styris,1,0,,,,,,,,,
456664,2010,2010-08-13,Rangiri Dambulla International Stadium,2,33.6,Sri Lanka,New Zealand,WU Tharanga,TT Samaraweera,SB Styris,0,0,,,,,,,,,
456664,2010,2010-08-13,Rangiri Dambulla International Stadium,2,34.1,Sri Lanka,New Zealand,TT Samaraweera,WU Tharanga,KD Mills,4,0,,,,,,,,,
456664,2010,2010-08-13,Rangiri Dambulla International Stadium,2,34.2,Sri Lanka,New Zealand,TT Samaraweera,WU Tharanga,KD Mills,0,0,,,,,,,,,
456664,2010,2010-08-13,Rangiri Dambulla International Stadium,2,34.3,Sri Lanka,New Zealand,TT Samaraweera,WU Tharanga,KD Mills,0,0,,,,,,,,,
456664,2010,2010-08-13,Rangiri Dambulla International Stadium,2,34.4,Sri Lanka,New Zealand,TT Samaraweera,WU Tharanga,KD Mills,4,0,,,,,,,,,
456664,2010,2010-08-13,Rangiri Dambulla International Stadium,2,34.5,Sri Lanka,New Zealand,TT Samaraweera,WU Tharanga,KD Mills,1,0,,,,,,,,,
456664,2010,2010-08-13,Rangiri Dambulla International Stadium,2,34.6,Sri Lanka,New Zealand,WU Tharanga,TT Samaraweera,KD Mills,0,0,,,,,,,,,
456664,2010,2010-08-13,Rangiri Dambulla International Stadium,2,35.1,Sri Lanka,New Zealand,TT Samaraweera,WU Tharanga,TG Southee,1,0,,,,,,,,,
456664,2010,2010-08-13,Rangiri Dambulla International Stadium,2,35.2,Sri Lanka,New Zealand,WU Tharanga,TT Samaraweera,TG Southee,1,0,,,,,,,,,
456664,2010,2010-08-13,Rangiri Dambulla International Stadium,2,35.3,Sri Lanka,New Zealand,TT Samaraweera,WU Tharanga,TG Southee,0,1,1,,,,,,,,
456664,2010,2010-08-13,Rangiri Dambulla International Stadium,2,35.4,Sri Lanka,New Zealand,TT Samaraweera,WU Tharanga,TG Southee,0,1,1,,,,,,,,
456664,2010,2010-08-13,Rangiri Dambulla International Stadium,2,35.5,Sri Lanka,New Zealand,TT Samaraweera,WU Tharanga,TG Southee,1,0,,,,,,,,,
456664,2010,2010-08-13,Rangiri Dambulla International Stadium,2,35.6,Sri Lanka,New Zealand,WU Tharanga,TT Samaraweera,TG Southee,1,0,,,,,,,,,
456664,2010,2010-08-13,Rangiri Dambulla International Stadium,2,35.7,Sri Lanka,New Zealand,TT Samaraweera,WU Tharanga,TG Southee,0,0,,,,,,,,,
456664,2010,2010-08-13,Rangiri Dambulla International Stadium,2,35.8,Sri Lanka,New Zealand,TT Samaraweera,WU Tharanga,TG Southee,4,0,,,,,,,,,
456664,2010,2010-08-13,Rangiri Dambulla International Stadium,2,36.1,Sri Lanka,New Zealand,WU Tharanga,TT Samaraweera,KD Mills,0,0,,,,,,caught,WU Tharanga,,
456664,2010,2010-08-13,Rangiri Dambulla International Stadium,2,36.2,Sri Lanka,New Zealand,TT Samaraweera,AD Mathews,KD Mills,0,1,1,,,,,,,,
456664,2010,2010-08-13,Rangiri Dambulla International Stadium,2,36.3,Sri Lanka,New Zealand,TT Samaraweera,AD Mathews,KD Mills,0,0,,,,,,,,,
456664,2010,2010-08-13,Rangiri Dambulla International Stadium,2,36.4,Sri Lanka,New Zealand,TT Samaraweera,AD Mathews,KD Mills,1,0,,,,,,,,,
456664,2010,2010-08-13,Rangiri Dambulla International Stadium,2,36.5,Sri Lanka,New Zealand,AD Mathews,TT Samaraweera,KD Mills,0,0,,,,,,caught,AD Mathews,,
456664,2010,2010-08-13,Rangiri Dambulla International Stadium,2,36.6,Sri Lanka,New Zealand,KMDN Kulasekara,TT Samaraweera,KD Mills,1,0,,,,,,,,,
456664,2010,2010-08-13,Rangiri Dambulla International Stadium,2,36.7,Sri Lanka,New Zealand,TT Samaraweera,KMDN Kulasekara,KD Mills,1,0,,,,,,,,,
456664,2010,2010-08-13,Rangiri Dambulla International Stadium,2,37.1,Sri Lanka,New Zealand,TT Samaraweera,KMDN Kulasekara,TG Southee,2,0,,,,,,,,,
456664,2010,2010-08-13,Rangiri Dambulla International Stadium,2,37.2,Sri Lanka,New Zealand,TT Samaraweera,KMDN Kulasekara,TG Southee,2,0,,,,,,,,,
456664,2010,2010-08-13,Rangiri Dambulla International Stadium,2,37.3,Sri Lanka,New Zealand,TT Samaraweera,KMDN Kulasekara,TG Southee,1,0,,,,,,,,,
456664,2010,2010-08-13,Rangiri Dambulla International Stadium,2,37.4,Sri Lanka,New Zealand,KMDN Kulasekara,TT Samaraweera,TG Southee,6,0,,,,,,,,,
456664,2010,2010-08-13,Rangiri Dambulla International Stadium,2,37.5,Sri Lanka,New Zealand,KMDN Kulasekara,TT Samaraweera,TG Southee,0,0,,,,,,caught,KMDN Kulasekara,,
456664,2010,2010-08-13,Rangiri Dambulla International Stadium,2,37.6,Sri Lanka,New Zealand,HMRKB Herath,TT Samaraweera,TG Southee,1,0,,,,,,,,,
456664,2010,2010-08-13,Rangiri Dambulla International Stadium,2,38.1,Sri Lanka,New Zealand,HMRKB Herath,TT Samaraweera,KD Mills,1,0,,,,,,,,,
456664,2010,2010-08-13,Rangiri Dambulla International Stadium,2,38.2,Sri Lanka,New Zealand,TT Samaraweera,HMRKB Herath,KD Mills,1,0,,,,,,,,,
456664,2010,2010-08-13,Rangiri Dambulla International Stadium,2,38.3,Sri Lanka,New Zealand,HMRKB Herath,TT Samaraweera,KD Mills,0,0,,,,,,caught,HMRKB Herath,,
456664,2010,2010-08-13,Rangiri Dambulla International Stadium,2,38.4,Sri Lanka,New Zealand,CK Kapugedera,TT Samaraweera,KD Mills,0,0,,,,,,,,,
456664,2010,2010-08-13,Rangiri Dambulla International Stadium,2,38.5,Sri Lanka,New Zealand,CK Kapugedera,TT Samaraweera,KD Mills,4,0,,,,,,,,,
456664,2010,2010-08-13,Rangiri Dambulla International Stadium,2,38.6,Sri Lanka,New Zealand,CK Kapugedera,TT Samaraweera,KD Mills,1,0,,,,,,,,,
456664,2010,2010-08-13,Rangiri Dambulla International Stadium,2,39.1,Sri Lanka,New Zealand,CK Kapugedera,TT Samaraweera,TG Southee,0,0,,,,,,,,,
456664,2010,2010-08-13,Rangiri Dambulla International Stadium,2,39.2,Sri Lanka,New Zealand,CK Kapugedera,TT Samaraweera,TG Southee,0,0,,,,,,,,,
456664,2010,2010-08-13,Rangiri Dambulla International Stadium,2,39.3,Sri Lanka,New Zealand,CK Kapugedera,TT Samaraweera,TG Southee,1,0,,,,,,,,,
456664,2010,2010-08-13,Rangiri Dambulla International Stadium,2,39.4,Sri Lanka,New Zealand,TT Samaraweera,CK Kapugedera,TG Southee,1,0,,,,,,,,,
456664,2010,2010-08-13,Rangiri Dambulla International Stadium,2,39.5,Sri Lanka,New Zealand,CK Kapugedera,TT Samaraweera,TG Southee,1,0,,,,,,,,,
456664,2010,2010-08-13,Rangiri Dambulla International Stadium,2,39.6,Sri Lanka,New Zealand,TT Samaraweera,CK Kapugedera,TG Southee,0,0,,,,,,,,,
456664,2010,2010-08-13,Rangiri Dambulla International Stadium,2,40.1,Sri Lanka,New Zealand,CK Kapugedera,TT Samaraweera,KD Mills,1,0,,,,,,,,,
456664,2010,2010-08-13,Rangiri Dambulla International Stadium,2,40.2,Sri Lanka,New Zealand,TT Samaraweera,CK Kapugedera,KD Mills,1,0,,,,,,,,,
456664,2010,2010-08-13,Rangiri Dambulla International Stadium,2,40.3,Sri Lanka,New Zealand,CK Kapugedera,TT Samaraweera,KD Mills,1,0,,,,,,,,,
456664,2010,2010-08-13,Rangiri Dambulla International Stadium,2,40.4,Sri Lanka,New Zealand,TT Samaraweera,CK Kapugedera,KD Mills,0,0,,,,,,,,,
456664,2010,2010-08-13,Rangiri Dambulla International Stadium,2,40.5,Sri Lanka,New Zealand,TT Samaraweera,CK Kapugedera,KD Mills,4,0,,,,,,,,,
