match_id,season,start_date,venue,innings,ball,batting_team,bowling_team,striker,non_striker,bowler,runs_off_bat,extras,wides,noballs,byes,legbyes,penalty,wicket_type,player_dismissed,other_wicket_type,other_player_dismissed
461566,2010/11,2010-10-29,Sheikh Zayed Stadium,1,0.1,Pakistan,South Africa,Asad Shafiq,Mohammad Hafeez,CK Langeveldt,4,0,,,,,,,,,
461566,2010/11,2010-10-29,Sheikh Zayed Stadium,1,0.2,Pakistan,South Africa,Asad Shafiq,Mohammad Hafeez,CK Langeveldt,0,0,,,,,,,,,
461566,2010/11,2010-10-29,Sheikh Zayed Stadium,1,0.3,Pakistan,South Africa,Asad Shafiq,Mohammad Hafeez,CK Langeveldt,0,1,1,,,,,,,,
461566,2010/11,2010-10-29,Sheikh Zayed Stadium,1,0.4,Pakistan,South Africa,Asad Shafiq,Mohammad Hafeez,CK Langeveldt,0,0,,,,,,,,,
461566,2010/11,2010-10-29,Sheikh Zayed Stadium,1,0.5,Pakistan,South Africa,Asad Shafiq,Mohammad Hafeez,CK Langeveldt,0,1,1,,,,,,,,
461566,2010/11,2010-10-29,Sheikh Zayed Stadium,1,0.6,Pakistan,South Africa,Asad Shafiq,Mohammad Hafeez,CK Langeveldt,0,0,,,,,,,,,
461566,2010/11,2010-10-29,Sheikh Zayed Stadium,1,0.7,Pakistan,South Africa,Asad Shafiq,Mohammad Hafeez,CK Langeveldt,1,0,,,,,,,,,
461566,2010/11,2010-10-29,Sheikh Zayed Stadium,1,0.8,Pakistan,South Africa,Mohammad Hafeez,Asad Shafiq,CK Langeveldt,0,0,,,,,,,,,
461566,2010/11,2010-10-29,Sheikh Zayed Stadium,1,1.1,Pakistan,South Africa,Asad Shafiq,Mohammad Hafeez,LL Tsotsobe,0,0,,,,,,,,,
461566,2010/11,2010-10-29,Sheikh Zayed Stadium,1,1.2,Pakistan,South Africa,Asad Shafiq,Mohammad Hafeez,LL Tsotsobe,4,0,,,,,,,,,
461566,2010/11,2010-10-29,Sheikh Zayed Stadium,1,1.3,Pakistan,South Africa,Asad Shafiq,Mohammad Hafeez,LL Tsotsobe,0,0,,,,,,,,,
461566,2010/11,2010-10-29,Sheikh Zayed Stadium,1,1.4,Pakistan,South Africa,Asad Shafiq,Mohammad Hafeez,LL Tsotsobe,0,0,,,,,,,,,
461566,2010/11,2010-10-29,Sheikh Zayed Stadium,1,1.5,Pakistan,South Africa,Asad Shafiq,Mohammad Hafeez,LL Tsotsobe,0,1,1,,,,,,,,
461566,2010/11,2010-10-29,Sheikh Zayed Stadium,1,1.6,Pakistan,South Africa,Asad Shafiq,Mohammad Hafeez,LL Tsotsobe,1,0,,,,,,,,,
461566,2010/11,2010-10-29,Sheikh Zayed Stadium,1,1.7,Pakistan,South Africa,Mohammad Hafeez,Asad Shafiq,LL Tsotsobe,0,0,,,,,,,,,
461566,2010/11,2010-10-29,Sheikh Zayed Stadium,1,2.1,Pakistan,South Africa,Asad Shafiq,Mohammad Hafeez,CK Langeveldt,0,0,,,,,,,,,
461566,2010/11,2010-10-29,Sheikh Zayed Stadium,1,2.2,Pakistan,South Africa,Asad Shafiq,Mohammad Hafeez,CK Langeveldt,0,0,,,,,,,,,
461566,2010/11,2010-10-29,Sheikh Zayed Stadium,1,2.3,Pakistan,South Africa,Asad Shafiq,Mohammad Hafeez,CK Langeveldt,0,0,,,,,,,,,
461566,2010/11,2010-10-29,Sheikh Zayed Stadium,1,2.4,Pakistan,South Africa,Asad Shafiq,Mohammad Hafeez,CK Langeveldt,0,0,,,,,,,,,
461566,2010/11,2010-10-29,Sheikh Zayed Stadium,1,2.5,Pakistan,South Africa,Asad Shafiq,Mohammad Hafeez,CK Langeveldt,0,0,,,,,,,,,
461566,2010/11,2010-10-29,Sheikh Zayed Stadium,1,2.6,Pakistan,South Africa,Asad Shafiq,Mohammad Hafeez,CK Langeveldt,0,0,,,,,,,,,
461566,2010/11,2010-10-29,Sheikh Zayed Stadium,1,3.1,Pakistan,South Africa,Mohammad Hafeez,Asad Shafiq,LL Tsotsobe,0,0,,,,,,,,,
461566,2010/11,2010-10-29,Sheikh Zayed Stadium,1,3.2,Pakistan,South Africa,Mohammad Hafeez,Asad Shafiq,LL Tsotsobe,0,0,,,,,,,,,
461566,2010/11,2010-10-29,Sheikh Zayed Stadium,1,3.3,Pakistan,South Africa,Mohammad Hafeez,Asad Shafiq,LL Tsotsobe,0,0,,,,,,,,,
461566,2010/11,2010-10-29,Sheikh Zayed Stadium,1,3.4,Pakistan,South Africa,Mohammad Hafeez,Asad Shafiq,LL Tsotsobe,0,0,,,,,,,,,
461566,2010/11,2010-10-29,Sheikh Zayed Stadium,1,3.5,Pakistan,South Africa,Mohammad Hafeez,Asad Shafiq,LL Tsotsobe,0,0,,,,,,,,,
461566,2010/11,2010-10-29,Sheikh Zayed Stadium,1,3.6,Pakistan,South Africa,Mohammad Hafeez,Asad Shafiq,LL Tsotsobe,0,0,,,,,,,,,
461566,2010/11,2010-10-29,Sheikh Zayed Stadium,1,4.1,Pakistan,South Africa,Asad Shafiq,Mohammad Hafeez,CK Langeveldt,4,0,,,,,,,,,
461566,2010/11,2010-10-29,Sheikh Zayed Stadium,1,4.2,Pakistan,South Africa,Asad Shafiq,Mohammad Hafeez,CK Langeveldt,0,0,,,,,,,,,
461566,2010/11,2010-10-29,Sheikh Zayed Stadium,1,4.3,Pakistan,South Africa,Asad Shafiq,Mohammad Hafeez,CK Langeveldt,0,0,,,,,,,,,
461566,2010/11,2010-10-29,Sheikh Zayed Stadium,1,4.4,Pakistan,South Africa,Asad Shafiq,Mohammad Hafeez,CK Langeveldt,2,0,,,,,,,,,
461566,2010/11,2010-10-29,Sheikh Zayed Stadium,1,4.5,Pakistan,South Africa,Asad Shafiq,Mohammad Hafeez,CK Langeveldt,0,0,,,,,,,,,
461566,2010/11,2010-10-29,Sheikh Zayed Stadium,1,4.6,Pakistan,South Africa,Asad Shafiq,Mohammad Hafeez,CK Langeveldt,1,0,,,,,,,,,
461566,2010/11,2010-10-29,Sheikh Zayed Stadium,1,5.1,Pakistan,South Africa,Asad Shafiq,Mohammad Hafeez,LL Tsotsobe,0,0,,,,,,,,,
461566,2010/11,2010-10-29,Sheikh Zayed Stadium,1,5.2,Pakistan,South Africa,Asad Shafiq,Mohammad Hafeez,LL Tsotsobe,0,0,,,,,,,,,
461566,2010/11,2010-10-29,Sheikh Zayed Stadium,1,5.3,Pakistan,South Africa,Asad Shafiq,Mohammad Hafeez,LL Tsotsobe,0,0,,,,,,,,,
461566,2010/11,2010-10-29,Sheikh Zayed Stadium,1,5.4,Pakistan,South Africa,Asad Shafiq,Mohammad Hafeez,LL Tsotsobe,0,0,,,,,,,,,
461566,2010/11,2010-10-29,Sheikh Zayed Stadium,1,5.5,Pakistan,South Africa,Asad Shafiq,Mohammad Hafeez,LL Tsotsobe,0,0,,,,,,,,,
461566,2010/11,2010-10-29,Sheikh Zayed Stadium,1,5.6,Pakistan,South Africa,Asad Shafiq,Mohammad Hafeez,LL Tsotsobe,1,0,,,,,,,,,
461566,2010/11,2010-10-29,Sheikh Zayed Stadium,1,6.1,Pakistan,South Africa,Asad Shafiq,Mohammad Hafeez,M Morkel,0,0,,,,,,,,,
461566,2010/11,2010-10-29,Sheikh Zayed Stadium,1,6.2,Pakistan,South Africa,Asad Shafiq,Mohammad Hafeez,M Morkel,0,0,,,,,,,,,
461566,2010/11,2010-10-29,Sheikh Zayed Stadium,1,6.3,Pakistan,South Africa,Asad Shafiq,Mohammad Hafeez,M Morkel,0,0,,,,,,,,,
461566,2010/11,2010-10-29,Sheikh Zayed Stadium,1,6.4,Pakistan,South Africa,Asad Shafiq,Mohammad Hafeez,M Morkel,0,0,,,,,,,,,
461566,2010/11,2010-10-29,Sheikh Zayed Stadium,1,6.5,Pakistan,South Africa,Asad Shafiq,Mohammad Hafeez,M Morkel,1,0,,,,,,,,,
461566,2010/11,2010-10-29,Sheikh Zayed Stadium,1,6.6,Pakistan,South Africa,Mohammad Hafeez,Asad Shafiq,M Morkel,4,0,,,,,,,,,
461566,2010/11,2010-10-29,Sheikh Zayed Stadium,1,7.1,Pakistan,South Africa,Asad Shafiq,Mohammad Hafeez,LL Tsotsobe,0,0,,,,,,,,,
461566,2010/11,2010-10-29,Sheikh Zayed Stadium,1,7.2,Pakistan,South Africa,Asad Shafiq,Mohammad Hafeez,LL Tsotsobe,0,0,,,,,,,,,
461566,2010/11,2010-10-29,Sheikh Zayed Stadium,1,7.3,Pakistan,South Africa,Asad Shafiq,Mohammad Hafeez,LL Tsotsobe,0,0,,,,,,caught,Asad Shafiq,,
461566,2010/11,2010-10-29,Sheikh Zayed Stadium,1,7.4,Pakistan,South Africa,Younis Khan,Mohammad Hafeez,LL Tsotsobe,0,0,,,,,,,,,
461566,2010/11,2010-10-29,Sheikh Zayed Stadium,1,7.5,Pakistan,South Africa,Younis Khan,Mohammad Hafeez,LL Tsotsobe,0,0,,,,,,,,,
461566,2010/11,2010-10-29,Sheikh Zayed Stadium,1,7.6,Pakistan,South Africa,Younis Khan,Mohammad Hafeez,LL Tsotsobe,0,0,,,,,,,,,
461566,2010/11,2010-10-29,Sheikh Zayed Stadium,1,8.1,Pakistan,South Africa,Mohammad Hafeez,Younis Khan,M Morkel,0,0,,,,,,,,,
461566,2010/11,2010-10-29,Sheikh Zayed Stadium,1,8.2,Pakistan,South Africa,Mohammad Hafeez,Younis Khan,M Morkel,0,0,,,,,,,,,
461566,2010/11,2010-10-29,Sheikh Zayed Stadium,1,8.3,Pakistan,South Africa,Mohammad Hafeez,Younis Khan,M Morkel,1,0,,,,,,,,,
461566,2010/11,2010-10-29,Sheikh Zayed Stadium,1,8.4,Pakistan,South Africa,Younis Khan,Mohammad Hafeez,M Morkel,0,0,,,,,,,,,
461566,2010/11,2010-10-29,Sheikh Zayed Stadium,1,8.5,Pakistan,South Africa,Younis Khan,Mohammad Hafeez,M Morkel,0,0,,,,,,,,,
461566,2010/11,2010-10-29,Sheikh Zayed Stadium,1,8.6,Pakistan,South Africa,Younis Khan,Mohammad Hafeez,M Morkel,0,0,,,,,,,,,
461566,2010/11,2010-10-29,Sheikh Zayed Stadium,1,9.1,Pakistan,South Africa,Mohammad Hafeez,Younis Khan,LL Tsotsobe,0,0,,,,,,,,,
461566,2010/11,2010-10-29,Sheikh Zayed Stadium,1,9.2,Pakistan,South Africa,Mohammad Hafeez,Younis Khan,LL Tsotsobe,0,0,,,,,,,,,
461566,2010/11,2010-10-29,Sheikh Zayed Stadium,1,9.3,Pakistan,South Africa,Mohammad Hafeez,Younis Khan,LL Tsotsobe,0,0,,,,,,,,,
461566,2010/11,2010-10-29,Sheikh Zayed Stadium,1,9.4,Pakistan,South Africa,Mohammad Hafeez,Younis Khan,LL Tsotsobe,1,0,,,,,,,,,
461566,2010/11,2010-10-29,Sheikh Zayed Stadium,1,9.5,Pakistan,South Africa,Younis Khan,Mohammad Hafeez,LL Tsotsobe,4,0,,,,,,,,,
461566,2010/11,2010-10-29,Sheikh Zayed Stadium,1,9.6,Pakistan,South Africa,Younis Khan,Mohammad Hafeez,LL Tsotsobe,0,0,,,,,,,,,
461566,2010/11,2010-10-29,Sheikh Zayed Stadium,1,10.1,Pakistan,South Africa,Mohammad Hafeez,Younis Khan,M Morkel,4,0,,,,,,,,,
461566,2010/11,2010-10-29,Sheikh Zayed Stadium,1,10.2,Pakistan,South Africa,Mohammad Hafeez,Younis Khan,M Morkel,4,0,,,,,,,,,
461566,2010/11,2010-10-29,Sheikh Zayed Stadium,1,10.3,Pakistan,South Africa,Mohammad Hafeez,Younis Khan,M Morkel,2,0,,,,,,,,,
461566,2010/11,2010-10-29,Sheikh Zayed Stadium,1,10.4,Pakistan,South Africa,Mohammad Hafeez,Younis Khan,M Morkel,0,0,,,,,,,,,
461566,2010/11,2010-10-29,Sheikh Zayed Stadium,1,10.5,Pakistan,South Africa,Mohammad Hafeez,Younis Khan,M Morkel,0,0,,,,,,,,,
461566,2010/11,2010-10-29,Sheikh Zayed Stadium,1,10.6,Pakistan,South Africa,Mohammad Hafeez,Younis Khan,M Morkel,0,0,,,,,,,,,
461566,2010/11,2010-10-29,Sheikh Zayed Stadium,1,11.1,Pakistan,South Africa,Younis Khan,Mohammad Hafeez,LL Tsotsobe,0,0,,,,,,,,,
461566,2010/11,2010-10-29,Sheikh Zayed Stadium,1,11.2,Pakistan,South Africa,Younis Khan,Mohammad Hafeez,LL Tsotsobe,0,0,,,,,,,,,
461566,2010/11,2010-10-29,Sheikh Zayed Stadium,1,11.3,Pakistan,South Africa,Younis Khan,Mohammad Hafeez,LL Tsotsobe,1,0,,,,,,,,,
461566,2010/11,2010-10-29,Sheikh Zayed Stadium,1,11.4,Pakistan,South Africa,Mohammad Hafeez,Younis Khan,LL Tsotsobe,0,0,,,,,,,,,
461566,2010/11,2010-10-29,Sheikh Zayed Stadium,1,11.5,Pakistan,South Africa,Mohammad Hafeez,Younis Khan,LL Tsotsobe,4,0,,,,,,,,,
461566,2010/11,2010-10-29,Sheikh Zayed Stadium,1,11.6,Pakistan,South Africa,Mohammad Hafeez,Younis Khan,LL Tsotsobe,1,0,,,,,,,,,
461566,2010/11,2010-10-29,Sheikh Zayed Stadium,1,12.1,Pakistan,South Africa,Mohammad Hafeez,Younis Khan,JH Kallis,0,0,,,,,,,,,
461566,2010/11,2010-10-29,Sheikh Zayed Stadium,1,12.2,Pakistan,South Africa,Mohammad Hafeez,Younis Khan,JH Kallis,0,0,,,,,,,,,
461566,2010/11,2010-10-29,Sheikh Zayed Stadium,1,12.3,Pakistan,South Africa,Mohammad Hafeez,Younis Khan,JH Kallis,1,0,,,,,,,,,
461566,2010/11,2010-10-29,Sheikh Zayed Stadium,1,12.4,Pakistan,South Africa,Younis Khan,Mohammad Hafeez,JH Kallis,0,0,,,,,,,,,
461566,2010/11,2010-10-29,Sheikh Zayed Stadium,1,12.5,Pakistan,South Africa,Younis Khan,Mohammad Hafeez,JH Kallis,0,0,,,,,,,,,
461566,2010/11,2010-10-29,Sheikh Zayed Stadium,1,12.6,Pakistan,South Africa,Younis Khan,Mohammad Hafeez,JH Kallis,0,0,,,,,,,,,
461566,2010/11,2010-10-29,Sheikh Zayed Stadium,1,13.1,Pakistan,South Africa,Mohammad Hafeez,Younis Khan,CK Langeveldt,1,0,,,,,,,,,
461566,2010/11,2010-10-29,Sheikh Zayed Stadium,1,13.2,Pakistan,South Africa,Younis Khan,Mohammad Hafeez,CK Langeveldt,1,0,,,,,,,,,
461566,2010/11,2010-10-29,Sheikh Zayed Stadium,1,13.3,Pakistan,South Africa,Mohammad Hafeez,Younis Khan,CK Langeveldt,1,0,,,,,,,,,
461566,2010/11,2010-10-29,Sheikh Zayed Stadium,1,13.4,Pakistan,South Africa,Younis Khan,Mohammad Hafeez,CK Langeveldt,4,0,,,,,,,,,
461566,2010/11,2010-10-29,Sheikh Zayed Stadium,1,13.5,Pakistan,South Africa,Younis Khan,Mohammad Hafeez,CK Langeveldt,0,0,,,,,,,,,
461566,2010/11,2010-10-29,Sheikh Zayed Stadium,1,13.6,Pakistan,South Africa,Younis Khan,Mohammad Hafeez,CK Langeveldt,2,0,,,,,,,,,
461566,2010/11,2010-10-29,Sheikh Zayed Stadium,1,14.1,Pakistan,South Africa,Mohammad Hafeez,Younis Khan,JH Kallis,1,0,,,,,,,,,
461566,2010/11,2010-10-29,Sheikh Zayed Stadium,1,14.2,Pakistan,South Africa,Younis Khan,Mohammad Hafeez,JH Kallis,1,0,,,,,,,,,
461566,2010/11,2010-10-29,Sheikh Zayed Stadium,1,14.3,Pakistan,South Africa,Mohammad Hafeez,Younis Khan,JH Kallis,4,0,,,,,,,,,
461566,2010/11,2010-10-29,Sheikh Zayed Stadium,1,14.4,Pakistan,South Africa,Mohammad Hafeez,Younis Khan,JH Kallis,1,0,,,,,,,,,
461566,2010/11,2010-10-29,Sheikh Zayed Stadium,1,14.5,Pakistan,South Africa,Younis Khan,Mohammad Hafeez,JH Kallis,0,0,,,,,,,,,
461566,2010/11,2010-10-29,Sheikh Zayed Stadium,1,14.6,Pakistan,South Africa,Younis Khan,Mohammad Hafeez,JH Kallis,1,0,,,,,,,,,
461566,2010/11,2010-10-29,Sheikh Zayed Stadium,1,15.1,Pakistan,South Africa,Younis Khan,Mohammad Hafeez,J Botha,1,0,,,,,,,,,
461566,2010/11,2010-10-29,Sheikh Zayed Stadium,1,15.2,Pakistan,South Africa,Mohammad Hafeez,Younis Khan,J Botha,0,0,,,,,,,,,
461566,2010/11,2010-10-29,Sheikh Zayed Stadium,1,15.3,Pakistan,South Africa,Mohammad Hafeez,Younis Khan,J Botha,1,0,,,,,,,,,
461566,2010/11,2010-10-29,Sheikh Zayed Stadium,1,15.4,Pakistan,South Africa,Younis Khan,Mohammad Hafeez,J Botha,0,0,,,,,,,,,
461566,2010/11,2010-10-29,Sheikh Zayed Stadium,1,15.5,Pakistan,South Africa,Younis Khan,Mohammad Hafeez,J Botha,1,0,,,,,,,,,
461566,2010/11,2010-10-29,Sheikh Zayed Stadium,1,15.6,Pakistan,South Africa,Mohammad Hafeez,Younis Khan,J Botha,0,0,,,,,,,,,
461566,2010/11,2010-10-29,Sheikh Zayed Stadium,1,16.1,Pakistan,South Africa,Younis Khan,Mohammad Hafeez,JH Kallis,0,0,,,,,,,,,
461566,2010/11,2010-10-29,Sheikh Zayed Stadium,1,16.2,Pakistan,South Africa,Younis Khan,Mohammad Hafeez,JH Kallis,0,0,,,,,,,,,
461566,2010/11,2010-10-29,Sheikh Zayed Stadium,1,16.3,Pakistan,South Africa,Younis Khan,Mohammad Hafeez,JH Kallis,1,0,,,,,,,,,
461566,2010/11,2010-10-29,Sheikh Zayed Stadium,1,16.4,Pakistan,South Africa,Mohammad Hafeez,Younis Khan,JH Kallis,0,0,,,,,,,,,
461566,2010/11,2010-10-29,Sheikh Zayed Stadium,1,16.5,Pakistan,South Africa,Mohammad Hafeez,Younis Khan,JH Kallis,1,0,,,,,,,,,
461566,2010/11,2010-10-29,Sheikh Zayed Stadium,1,16.6,Pakistan,South Africa,Younis Khan,Mohammad Hafeez,JH Kallis,1,0,,,,,,,,,
461566,2010/11,2010-10-29,Sheikh Zayed Stadium,1,17.1,Pakistan,South Africa,Younis Khan,Mohammad Hafeez,J Botha,1,0,,,,,,,,,
461566,2010/11,2010-10-29,Sheikh Zayed Stadium,1,17.2,Pakistan,South Africa,Mohammad Hafeez,Younis Khan,J Botha,0,0,,,,,,,,,
461566,2010/11,2010-10-29,Sheikh Zayed Stadium,1,17.3,Pakistan,South Africa,Mohammad Hafeez,Younis Khan,J Botha,1,0,,,,,,,,,
461566,2010/11,2010-10-29,Sheikh Zayed Stadium,1,17.4,Pakistan,South Africa,Younis Khan,Mohammad Hafeez,J Botha,1,0,,,,,,,,,
461566,2010/11,2010-10-29,Sheikh Zayed Stadium,1,17.5,Pakistan,South Africa,Mohammad Hafeez,Younis Khan,J Botha,0,0,,,,,,,,,
461566,2010/11,2010-10-29,Sheikh Zayed Stadium,1,17.6,Pakistan,South Africa,Mohammad Hafeez,Younis Khan,J Botha,1,0,,,,,,,,,
461566,2010/11,2010-10-29,Sheikh Zayed Stadium,1,18.1,Pakistan,South Africa,Mohammad Hafeez,Younis Khan,CK Langeveldt,0,0,,,,,,,,,
461566,2010/11,2010-10-29,Sheikh Zayed Stadium,1,18.2,Pakistan,South Africa,Mohammad Hafeez,Younis Khan,CK Langeveldt,0,0,,,,,,,,,
461566,2010/11,2010-10-29,Sheikh Zayed Stadium,1,18.3,Pakistan,South Africa,Mohammad Hafeez,Younis Khan,CK Langeveldt,0,0,,,,,,,,,
461566,2010/11,2010-10-29,Sheikh Zayed Stadium,1,18.4,Pakistan,South Africa,Mohammad Hafeez,Younis Khan,CK Langeveldt,1,0,,,,,,,,,
461566,2010/11,2010-10-29,Sheikh Zayed Stadium,1,18.5,Pakistan,South Africa,Younis Khan,Mohammad Hafeez,CK Langeveldt,0,0,,,,,,,,,
461566,2010/11,2010-10-29,Sheikh Zayed Stadium,1,18.6,Pakistan,South Africa,Younis Khan,Mohammad Hafeez,CK Langeveldt,1,0,,,,,,,,,
461566,2010/11,2010-10-29,Sheikh Zayed Stadium,1,19.1,Pakistan,South Africa,Younis Khan,Mohammad Hafeez,J Botha,1,0,,,,,,,,,
461566,2010/11,2010-10-29,Sheikh Zayed Stadium,1,19.2,Pakistan,South Africa,Mohammad Hafeez,Younis Khan,J Botha,0,0,,,,,,,,,
461566,2010/11,2010-10-29,Sheikh Zayed Stadium,1,19.3,Pakistan,South Africa,Mohammad Hafeez,Younis Khan,J Botha,1,0,,,,,,,,,
461566,2010/11,2010-10-29,Sheikh Zayed Stadium,1,19.4,Pakistan,South Africa,Younis Khan,Mohammad Hafeez,J Botha,1,0,,,,,,,,,
461566,2010/11,2010-10-29,Sheikh Zayed Stadium,1,19.5,Pakistan,South Africa,Mohammad Hafeez,Younis Khan,J Botha,1,0,,,,,,,,,
461566,2010/11,2010-10-29,Sheikh Zayed Stadium,1,19.6,Pakistan,South Africa,Younis Khan,Mohammad Hafeez,J Botha,2,0,,,,,,,,,
461566,2010/11,2010-10-29,Sheikh Zayed Stadium,1,20.1,Pakistan,South Africa,Mohammad Hafeez,Younis Khan,CK Langeveldt,0,0,,,,,,,,,
461566,2010/11,2010-10-29,Sheikh Zayed Stadium,1,20.2,Pakistan,South Africa,Mohammad Hafeez,Younis Khan,CK Langeveldt,4,0,,,,,,,,,
461566,2010/11,2010-10-29,Sheikh Zayed Stadium,1,20.3,Pakistan,South Africa,Mohammad Hafeez,Younis Khan,CK Langeveldt,0,0,,,,,,,,,
461566,2010/11,2010-10-29,Sheikh Zayed Stadium,1,20.4,Pakistan,South Africa,Mohammad Hafeez,Younis Khan,CK Langeveldt,1,0,,,,,,,,,
461566,2010/11,2010-10-29,Sheikh Zayed Stadium,1,20.5,Pakistan,South Africa,Younis Khan,Mohammad Hafeez,CK Langeveldt,0,0,,,,,,,,,
461566,2010/11,2010-10-29,Sheikh Zayed Stadium,1,20.6,Pakistan,South Africa,Younis Khan,Mohammad Hafeez,CK Langeveldt,1,0,,,,,,,,,
461566,2010/11,2010-10-29,Sheikh Zayed Stadium,1,21.1,Pakistan,South Africa,Younis Khan,Mohammad Hafeez,J Botha,1,0,,,,,,,,,
461566,2010/11,2010-10-29,Sheikh Zayed Stadium,1,21.2,Pakistan,South Africa,Mohammad Hafeez,Younis Khan,J Botha,1,0,,,,,,,,,
461566,2010/11,2010-10-29,Sheikh Zayed Stadium,1,21.3,Pakistan,South Africa,Younis Khan,Mohammad Hafeez,J Botha,2,0,,,,,,,,,
461566,2010/11,2010-10-29,Sheikh Zayed Stadium,1,21.4,Pakistan,South Africa,Younis Khan,Mohammad Hafeez,J Botha,0,0,,,,,,,,,
461566,2010/11,2010-10-29,Sheikh Zayed Stadium,1,21.5,Pakistan,South Africa,Younis Khan,Mohammad Hafeez,J Botha,1,0,,,,,,,,,
461566,2010/11,2010-10-29,Sheikh Zayed Stadium,1,21.6,Pakistan,South Africa,Mohammad Hafeez,Younis Khan,J Botha,0,0,,,,,,,,,
461566,2010/11,2010-10-29,Sheikh Zayed Stadium,1,22.1,Pakistan,South Africa,Younis Khan,Mohammad Hafeez,JP Duminy,0,1,1,,,,,,,,
461566,2010/11,2010-10-29,Sheikh Zayed Stadium,1,22.2,Pakistan,South Africa,Younis Khan,Mohammad Hafeez,JP Duminy,3,0,,,,,,,,,
461566,2010/11,2010-10-29,Sheikh Zayed Stadium,1,22.3,Pakistan,South Africa,Mohammad Hafeez,Younis Khan,JP Duminy,1,0,,,,,,,,,
461566,2010/11,2010-10-29,Sheikh Zayed Stadium,1,22.4,Pakistan,South Africa,Younis Khan,Mohammad Hafeez,JP Duminy,1,0,,,,,,,,,
461566,2010/11,2010-10-29,Sheikh Zayed Stadium,1,22.5,Pakistan,South Africa,Mohammad Hafeez,Younis Khan,JP Duminy,1,0,,,,,,,,,
461566,2010/11,2010-10-29,Sheikh Zayed Stadium,1,22.6,Pakistan,South Africa,Younis Khan,Mohammad Hafeez,JP Duminy,0,0,,,,,,,,,
461566,2010/11,2010-10-29,Sheikh Zayed Stadium,1,22.7,Pakistan,South Africa,Younis Khan,Mohammad Hafeez,JP Duminy,0,0,,,,,,,,,
461566,2010/11,2010-10-29,Sheikh Zayed Stadium,1,23.1,Pakistan,South Africa,Mohammad Hafeez,Younis Khan,J Botha,0,0,,,,,,,,,
461566,2010/11,2010-10-29,Sheikh Zayed Stadium,1,23.2,Pakistan,South Africa,Mohammad Hafeez,Younis Khan,J Botha,0,0,,,,,,,,,
461566,2010/11,2010-10-29,Sheikh Zayed Stadium,1,23.3,Pakistan,South Africa,Mohammad Hafeez,Younis Khan,J Botha,2,0,,,,,,,,,
461566,2010/11,2010-10-29,Sheikh Zayed Stadium,1,23.4,Pakistan,South Africa,Mohammad Hafeez,Younis Khan,J Botha,1,0,,,,,,,,,
461566,2010/11,2010-10-29,Sheikh Zayed Stadium,1,23.5,Pakistan,South Africa,Younis Khan,Mohammad Hafeez,J Botha,1,0,,,,,,,,,
461566,2010/11,2010-10-29,Sheikh Zayed Stadium,1,23.6,Pakistan,South Africa,Mohammad Hafeez,Younis Khan,J Botha,1,0,,,,,,,,,
461566,2010/11,2010-10-29,Sheikh Zayed Stadium,1,24.1,Pakistan,South Africa,Mohammad Hafeez,Younis Khan,M Morkel,1,0,,,,,,,,,
461566,2010/11,2010-10-29,Sheikh Zayed Stadium,1,24.2,Pakistan,South Africa,Younis Khan,Mohammad Hafeez,M Morkel,1,0,,,,,,,,,
461566,2010/11,2010-10-29,Sheikh Zayed Stadium,1,24.3,Pakistan,South Africa,Mohammad Hafeez,Younis Khan,M Morkel,1,0,,,,,,,,,
461566,2010/11,2010-10-29,Sheikh Zayed Stadium,1,24.4,Pakistan,South Africa,Younis Khan,Mohammad Hafeez,M Morkel,0,0,,,,,,,,,
461566,2010/11,2010-10-29,Sheikh Zayed Stadium,1,24.5,Pakistan,South Africa,Younis Khan,Mohammad Hafeez,M Morkel,0,1,1,,,,,,,,
461566,2010/11,2010-10-29,Sheikh Zayed Stadium,1,24.6,Pakistan,South Africa,Younis Khan,Mohammad Hafeez,M Morkel,0,0,,,,,,,,,
461566,2010/11,2010-10-29,Sheikh Zayed Stadium,1,24.7,Pakistan,South Africa,Younis Khan,Mohammad Hafeez,M Morkel,0,1,1,,,,,,,,
461566,2010/11,2010-10-29,Sheikh Zayed Stadium,1,24.8,Pakistan,South Africa,Younis Khan,Mohammad Hafeez,M Morkel,1,0,,,,,,,,,
461566,2010/11,2010-10-29,Sheikh Zayed Stadium,1,25.1,Pakistan,South Africa,Younis Khan,Mohammad Hafeez,JP Duminy,1,0,,,,,,,,,
461566,2010/11,2010-10-29,Sheikh Zayed Stadium,1,25.2,Pakistan,South Africa,Mohammad Hafeez,Younis Khan,JP Duminy,0,0,,,,,,,,,
461566,2010/11,2010-10-29,Sheikh Zayed Stadium,1,25.3,Pakistan,South Africa,Mohammad Hafeez,Younis Khan,JP Duminy,0,0,,,,,,,,,
461566,2010/11,2010-10-29,Sheikh Zayed Stadium,1,25.4,Pakistan,South Africa,Mohammad Hafeez,Younis Khan,JP Duminy,0,0,,,,,,,,,
461566,2010/11,2010-10-29,Sheikh Zayed Stadium,1,25.5,Pakistan,South Africa,Mohammad Hafeez,Younis Khan,JP Duminy,0,0,,,,,,,,,
461566,2010/11,2010-10-29,Sheikh Zayed Stadium,1,25.6,Pakistan,South Africa,Mohammad Hafeez,Younis Khan,JP Duminy,4,0,,,,,,,,,
461566,2010/11,2010-10-29,Sheikh Zayed Stadium,1,26.1,Pakistan,South Africa,Younis Khan,Mohammad Hafeez,J Botha,1,0,,,,,,,,,
461566,2010/11,2010-10-29,Sheikh Zayed Stadium,1,26.2,Pakistan,South Africa,Mohammad Hafeez,Younis Khan,J Botha,0,0,,,,,,,,,
461566,2010/11,2010-10-29,Sheikh Zayed Stadium,1,26.3,Pakistan,South Africa,Mohammad Hafeez,Younis Khan,J Botha,2,0,,,,,,,,,
461566,2010/11,2010-10-29,Sheikh Zayed Stadium,1,26.4,Pakistan,South Africa,Mohammad Hafeez,Younis Khan,J Botha,1,0,,,,,,,,,
461566,2010/11,2010-10-29,Sheikh Zayed Stadium,1,26.5,Pakistan,South Africa,Younis Khan,Mohammad Hafeez,J Botha,0,0,,,,,,,,,
461566,2010/11,2010-10-29,Sheikh Zayed Stadium,1,26.6,Pakistan,South Africa,Younis Khan,Mohammad Hafeez,J Botha,1,0,,,,,,,,,
461566,2010/11,2010-10-29,Sheikh Zayed Stadium,1,27.1,Pakistan,South Africa,Younis Khan,Mohammad Hafeez,JP Duminy,0,0,,,,,,,,,
461566,2010/11,2010-10-29,Sheikh Zayed Stadium,1,27.2,Pakistan,South Africa,Younis Khan,Mohammad Hafeez,JP Duminy,1,0,,,,,,,,,
461566,2010/11,2010-10-29,Sheikh Zayed Stadium,1,27.3,Pakistan,South Africa,Mohammad Hafeez,Younis Khan,JP Duminy,1,0,,,,,,,,,
461566,2010/11,2010-10-29,Sheikh Zayed Stadium,1,27.4,Pakistan,South Africa,Younis Khan,Mohammad Hafeez,JP Duminy,1,0,,,,,,,,,
461566,2010/11,2010-10-29,Sheikh Zayed Stadium,1,27.5,Pakistan,South Africa,Mohammad Hafeez,Younis Khan,JP Duminy,1,0,,,,,,,,,
461566,2010/11,2010-10-29,Sheikh Zayed Stadium,1,27.6,Pakistan,South Africa,Younis Khan,Mohammad Hafeez,JP Duminy,1,0,,,,,,,,,
461566,2010/11,2010-10-29,Sheikh Zayed Stadium,1,28.1,Pakistan,South Africa,Younis Khan,Mohammad Hafeez,J Botha,0,1,1,,,,,,,,
461566,2010/11,2010-10-29,Sheikh Zayed Stadium,1,28.2,Pakistan,South Africa,Younis Khan,Mohammad Hafeez,J Botha,0,0,,,,,,,,,
461566,2010/11,2010-10-29,Sheikh Zayed Stadium,1,28.3,Pakistan,South Africa,Younis Khan,Mohammad Hafeez,J Botha,1,0,,,,,,,,,
461566,2010/11,2010-10-29,Sheikh Zayed Stadium,1,28.4,Pakistan,South Africa,Mohammad Hafeez,Younis Khan,J Botha,0,0,,,,,,,,,
461566,2010/11,2010-10-29,Sheikh Zayed Stadium,1,28.5,Pakistan,South Africa,Mohammad Hafeez,Younis Khan,J Botha,1,0,,,,,,,,,
461566,2010/11,2010-10-29,Sheikh Zayed Stadium,1,28.6,Pakistan,South Africa,Younis Khan,Mohammad Hafeez,J Botha,1,0,,,,,,,,,
461566,2010/11,2010-10-29,Sheikh Zayed Stadium,1,28.7,Pakistan,South Africa,Mohammad Hafeez,Younis Khan,J Botha,1,0,,,,,,,,,
461566,2010/11,2010-10-29,Sheikh Zayed Stadium,1,29.1,Pakistan,South Africa,Mohammad Hafeez,Younis Khan,JP Duminy,2,0,,,,,,,,,
461566,2010/11,2010-10-29,Sheikh Zayed Stadium,1,29.2,Pakistan,South Africa,Mohammad Hafeez,Younis Khan,JP Duminy,1,0,,,,,,,,,
461566,2010/11,2010-10-29,Sheikh Zayed Stadium,1,29.3,Pakistan,South Africa,Younis Khan,Mohammad Hafeez,JP Duminy,1,0,,,,,,,,,
461566,2010/11,2010-10-29,Sheikh Zayed Stadium,1,29.4,Pakistan,South Africa,Mohammad Hafeez,Younis Khan,JP Duminy,2,0,,,,,,,,,
461566,2010/11,2010-10-29,Sheikh Zayed Stadium,1,29.5,Pakistan,South Africa,Mohammad Hafeez,Younis Khan,JP Duminy,0,0,,,,,,,,,
461566,2010/11,2010-10-29,Sheikh Zayed Stadium,1,29.6,Pakistan,South Africa,Mohammad Hafeez,Younis Khan,JP Duminy,1,0,,,,,,,,,
461566,2010/11,2010-10-29,Sheikh Zayed Stadium,1,30.1,Pakistan,South Africa,Mohammad Hafeez,Younis Khan,J Botha,0,0,,,,,,,,,
461566,2010/11,2010-10-29,Sheikh Zayed Stadium,1,30.2,Pakistan,South Africa,Mohammad Hafeez,Younis Khan,J Botha,0,0,,,,,,caught,Mohammad Hafeez,,
461566,2010/11,2010-10-29,Sheikh Zayed Stadium,1,30.3,Pakistan,South Africa,Misbah-ul-Haq,Younis Khan,J Botha,1,0,,,,,,,,,
461566,2010/11,2010-10-29,Sheikh Zayed Stadium,1,30.4,Pakistan,South Africa,Younis Khan,Misbah-ul-Haq,J Botha,0,0,,,,,,,,,
461566,2010/11,2010-10-29,Sheikh Zayed Stadium,1,30.5,Pakistan,South Africa,Younis Khan,Misbah-ul-Haq,J Botha,1,0,,,,,,,,,
461566,2010/11,2010-10-29,Sheikh Zayed Stadium,1,30.6,Pakistan,South Africa,Misbah-ul-Haq,Younis Khan,J Botha,1,0,,,,,,,,,
461566,2010/11,2010-10-29,Sheikh Zayed Stadium,1,31.1,Pakistan,South Africa,Misbah-ul-Haq,Younis Khan,JP Duminy,1,0,,,,,,,,,
461566,2010/11,2010-10-29,Sheikh Zayed Stadium,1,31.2,Pakistan,South Africa,Younis Khan,Misbah-ul-Haq,JP Duminy,0,0,,,,,,,,,
461566,2010/11,2010-10-29,Sheikh Zayed Stadium,1,31.3,Pakistan,South Africa,Younis Khan,Misbah-ul-Haq,JP Duminy,1,0,,,,,,,,,
461566,2010/11,2010-10-29,Sheikh Zayed Stadium,1,31.4,Pakistan,South Africa,Misbah-ul-Haq,Younis Khan,JP Duminy,1,0,,,,,,,,,
461566,2010/11,2010-10-29,Sheikh Zayed Stadium,1,31.5,Pakistan,South Africa,Younis Khan,Misbah-ul-Haq,JP Duminy,2,0,,,,,,,,,
461566,2010/11,2010-10-29,Sheikh Zayed Stadium,1,31.6,Pakistan,South Africa,Younis Khan,Misbah-ul-Haq,JP Duminy,2,0,,,,,,,,,
461566,2010/11,2010-10-29,Sheikh Zayed Stadium,1,32.1,Pakistan,South Africa,Misbah-ul-Haq,Younis Khan,J Botha,1,0,,,,,,,,,
461566,2010/11,2010-10-29,Sheikh Zayed Stadium,1,32.2,Pakistan,South Africa,Younis Khan,Misbah-ul-Haq,J Botha,1,0,,,,,,,,,
461566,2010/11,2010-10-29,Sheikh Zayed Stadium,1,32.3,Pakistan,South Africa,Misbah-ul-Haq,Younis Khan,J Botha,0,0,,,,,,,,,
461566,2010/11,2010-10-29,Sheikh Zayed Stadium,1,32.4,Pakistan,South Africa,Misbah-ul-Haq,Younis Khan,J Botha,1,0,,,,,,,,,
461566,2010/11,2010-10-29,Sheikh Zayed Stadium,1,32.5,Pakistan,South Africa,Younis Khan,Misbah-ul-Haq,J Botha,0,0,,,,,,,,,
461566,2010/11,2010-10-29,Sheikh Zayed Stadium,1,32.6,Pakistan,South Africa,Younis Khan,Misbah-ul-Haq,J Botha,0,0,,,,,,,,,
461566,2010/11,2010-10-29,Sheikh Zayed Stadium,1,33.1,Pakistan,South Africa,Misbah-ul-Haq,Younis Khan,M Morkel,1,0,,,,,,,,,
461566,2010/11,2010-10-29,Sheikh Zayed Stadium,1,33.2,Pakistan,South Africa,Younis Khan,Misbah-ul-Haq,M Morkel,0,0,,,,,,,,,
461566,2010/11,2010-10-29,Sheikh Zayed Stadium,1,33.3,Pakistan,South Africa,Younis Khan,Misbah-ul-Haq,M Morkel,1,0,,,,,,,,,
461566,2010/11,2010-10-29,Sheikh Zayed Stadium,1,33.4,Pakistan,South Africa,Misbah-ul-Haq,Younis Khan,M Morkel,0,0,,,,,,,,,
461566,2010/11,2010-10-29,Sheikh Zayed Stadium,1,33.5,Pakistan,South Africa,Misbah-ul-Haq,Younis Khan,M Morkel,0,0,,,,,,,,,
461566,2010/11,2010-10-29,Sheikh Zayed Stadium,1,33.6,Pakistan,South Africa,Misbah-ul-Haq,Younis Khan,M Morkel,1,0,,,,,,,,,
461566,2010/11,2010-10-29,Sheikh Zayed Stadium,1,34.1,Pakistan,South Africa,Misbah-ul-Haq,Younis Khan,J Botha,0,0,,,,,,,,,
461566,2010/11,2010-10-29,Sheikh Zayed Stadium,1,34.2,Pakistan,South Africa,Misbah-ul-Haq,Younis Khan,J Botha,0,0,,,,,,,,,
461566,2010/11,2010-10-29,Sheikh Zayed Stadium,1,34.3,Pakistan,South Africa,Misbah-ul-Haq,Younis Khan,J Botha,1,0,,,,,,,,,
461566,2010/11,2010-10-29,Sheikh Zayed Stadium,1,34.4,Pakistan,South Africa,Younis Khan,Misbah-ul-Haq,J Botha,0,0,,,,,,,,,
461566,2010/11,2010-10-29,Sheikh Zayed Stadium,1,34.5,Pakistan,South Africa,Younis Khan,Misbah-ul-Haq,J Botha,0,0,,,,,,lbw,Younis Khan,,
461566,2010/11,2010-10-29,Sheikh Zayed Stadium,1,34.6,Pakistan,South Africa,Fawad Alam,Misbah-ul-Haq,J Botha,0,0,,,,,,,,,
461566,2010/11,2010-10-29,Sheikh Zayed Stadium,1,35.1,Pakistan,South Africa,Misbah-ul-Haq,Fawad Alam,M Morkel,1,0,,,,,,,,,
461566,2010/11,2010-10-29,Sheikh Zayed Stadium,1,35.2,Pakistan,South Africa,Fawad Alam,Misbah-ul-Haq,M Morkel,1,0,,,,,,,,,
461566,2010/11,2010-10-29,Sheikh Zayed Stadium,1,35.3,Pakistan,South Africa,Misbah-ul-Haq,Fawad Alam,M Morkel,0,0,,,,,,,,,
461566,2010/11,2010-10-29,Sheikh Zayed Stadium,1,35.4,Pakistan,South Africa,Misbah-ul-Haq,Fawad Alam,M Morkel,0,0,,,,,,,,,
461566,2010/11,2010-10-29,Sheikh Zayed Stadium,1,35.5,Pakistan,South Africa,Misbah-ul-Haq,Fawad Alam,M Morkel,0,0,,,,,,,,,
461566,2010/11,2010-10-29,Sheikh Zayed Stadium,1,35.6,Pakistan,South Africa,Misbah-ul-Haq,Fawad Alam,M Morkel,2,0,,,,,,,,,
461566,2010/11,2010-10-29,Sheikh Zayed Stadium,1,36.1,Pakistan,South Africa,Fawad Alam,Misbah-ul-Haq,JH Kallis,1,0,,,,,,,,,
461566,2010/11,2010-10-29,Sheikh Zayed Stadium,1,36.2,Pakistan,South Africa,Misbah-ul-Haq,Fawad Alam,JH Kallis,0,0,,,,,,,,,
461566,2010/11,2010-10-29,Sheikh Zayed Stadium,1,36.3,Pakistan,South Africa,Misbah-ul-Haq,Fawad Alam,JH Kallis,1,0,,,,,,,,,
461566,2010/11,2010-10-29,Sheikh Zayed Stadium,1,36.4,Pakistan,South Africa,Fawad Alam,Misbah-ul-Haq,JH Kallis,1,0,,,,,,,,,
461566,2010/11,2010-10-29,Sheikh Zayed Stadium,1,36.5,Pakistan,South Africa,Misbah-ul-Haq,Fawad Alam,JH Kallis,0,0,,,,,,,,,
461566,2010/11,2010-10-29,Sheikh Zayed Stadium,1,36.6,Pakistan,South Africa,Misbah-ul-Haq,Fawad Alam,JH Kallis,1,0,,,,,,,,,
461566,2010/11,2010-10-29,Sheikh Zayed Stadium,1,37.1,Pakistan,South Africa,Misbah-ul-Haq,Fawad Alam,LL Tsotsobe,0,0,,,,,,,,,
461566,2010/11,2010-10-29,Sheikh Zayed Stadium,1,37.2,Pakistan,South Africa,Misbah-ul-Haq,Fawad Alam,LL Tsotsobe,0,0,,,,,,caught,Misbah-ul-Haq,,
461566,2010/11,2010-10-29,Sheikh Zayed Stadium,1,37.3,Pakistan,South Africa,Shahid Afridi,Fawad Alam,LL Tsotsobe,1,0,,,,,,,,,
461566,2010/11,2010-10-29,Sheikh Zayed Stadium,1,37.4,Pakistan,South Africa,Fawad Alam,Shahid Afridi,LL Tsotsobe,1,0,,,,,,,,,
461566,2010/11,2010-10-29,Sheikh Zayed Stadium,1,37.5,Pakistan,South Africa,Shahid Afridi,Fawad Alam,LL Tsotsobe,0,0,,,,,,caught,Shahid Afridi,,
461566,2010/11,2010-10-29,Sheikh Zayed Stadium,1,37.6,Pakistan,South Africa,Abdul Razzaq,Fawad Alam,LL Tsotsobe,0,0,,,,,,,,,
461566,2010/11,2010-10-29,Sheikh Zayed Stadium,1,38.1,Pakistan,South Africa,Fawad Alam,Abdul Razzaq,JH Kallis,1,0,,,,,,,,,
461566,2010/11,2010-10-29,Sheikh Zayed Stadium,1,38.2,Pakistan,South Africa,Abdul Razzaq,Fawad Alam,JH Kallis,0,0,,,,,,,,,
461566,2010/11,2010-10-29,Sheikh Zayed Stadium,1,38.3,Pakistan,South Africa,Abdul Razzaq,Fawad Alam,JH Kallis,0,0,,,,,,,,,
461566,2010/11,2010-10-29,Sheikh Zayed Stadium,1,38.4,Pakistan,South Africa,Abdul Razzaq,Fawad Alam,JH Kallis,1,0,,,,,,,,,
461566,2010/11,2010-10-29,Sheikh Zayed Stadium,1,38.5,Pakistan,South Africa,Fawad Alam,Abdul Razzaq,JH Kallis,0,0,,,,,,,,,
461566,2010/11,2010-10-29,Sheikh Zayed Stadium,1,38.6,Pakistan,South Africa,Fawad Alam,Abdul Razzaq,JH Kallis,1,0,,,,,,,,,
461566,2010/11,2010-10-29,Sheikh Zayed Stadium,1,39.1,Pakistan,South Africa,Fawad Alam,Abdul Razzaq,LL Tsotsobe,1,0,,,,,,,,,
461566,2010/11,2010-10-29,Sheikh Zayed Stadium,1,39.2,Pakistan,South Africa,Abdul Razzaq,Fawad Alam,LL Tsotsobe,1,0,,,,,,,,,
461566,2010/11,2010-10-29,Sheikh Zayed Stadium,1,39.3,Pakistan,South Africa,Fawad Alam,Abdul Razzaq,LL Tsotsobe,1,0,,,,,,,,,
461566,2010/11,2010-10-29,Sheikh Zayed Stadium,1,39.4,Pakistan,South Africa,Abdul Razzaq,Fawad Alam,LL Tsotsobe,0,0,,,,,,caught,Abdul Razzaq,,
461566,2010/11,2010-10-29,Sheikh Zayed Stadium,1,39.5,Pakistan,South Africa,Zulqarnain Haider,Fawad Alam,LL Tsotsobe,1,0,,,,,,,,,
461566,2010/11,2010-10-29,Sheikh Zayed Stadium,1,39.6,Pakistan,South Africa,Fawad Alam,Zulqarnain Haider,LL Tsotsobe,0,0,,,,,,,,,
461566,2010/11,2010-10-29,Sheikh Zayed Stadium,1,40.1,Pakistan,South Africa,Zulqarnain Haider,Fawad Alam,CK Langeveldt,0,0,,,,,,,,,
461566,2010/11,2010-10-29,Sheikh Zayed Stadium,1,40.2,Pakistan,South Africa,Zulqarnain Haider,Fawad Alam,CK Langeveldt,1,0,,,,,,,,,
461566,2010/11,2010-10-29,Sheikh Zayed Stadium,1,40.3,Pakistan,South Africa,Fawad Alam,Zulqarnain Haider,CK Langeveldt,1,0,,,,,,,,,
461566,2010/11,2010-10-29,Sheikh Zayed Stadium,1,40.4,Pakistan,South Africa,Zulqarnain Haider,Fawad Alam,CK Langeveldt,1,0,,,,,,,,,
461566,2010/11,2010-10-29,Sheikh Zayed Stadium,1,40.5,Pakistan,South Africa,Fawad Alam,Zulqarnain Haider,CK Langeveldt,0,0,,,,,,bowled,Fawad Alam,,
461566,2010/11,2010-10-29,Sheikh Zayed Stadium,1,40.6,Pakistan,South Africa,Umar Gul,Zulqarnain Haider,CK Langeveldt,0,0,,,,,,,,,
461566,2010/11,2010-10-29,Sheikh Zayed Stadium,1,41.1,Pakistan,South Africa,Zulqarnain Haider,Umar Gul,LL Tsotsobe,0,0,,,,,,,,,
461566,2010/11,2010-10-29,Sheikh Zayed Stadium,1,41.2,Pakistan,South Africa,Zulqarnain Haider,Umar Gul,LL Tsotsobe,0,0,,,,,,,,,
461566,2010/11,2010-10-29,Sheikh Zayed Stadium,1,41.3,Pakistan,South Africa,Zulqarnain Haider,Umar Gul,LL Tsotsobe,0,0,,,,,,,,,
461566,2010/11,2010-10-29,Sheikh Zayed Stadium,1,41.4,Pakistan,South Africa,Zulqarnain Haider,Umar Gul,LL Tsotsobe,0,0,,,,,,,,,
461566,2010/11,2010-10-29,Sheikh Zayed Stadium,1,41.5,Pakistan,South Africa,Zulqarnain Haider,Umar Gul,LL Tsotsobe,0,0,,,,,,,,,
461566,2010/11,2010-10-29,Sheikh Zayed Stadium,1,41.6,Pakistan,South Africa,Zulqarnain Haider,Umar Gul,LL Tsotsobe,0,0,,,,,,,,,
461566,2010/11,2010-10-29,Sheikh Zayed Stadium,1,42.1,Pakistan,South Africa,Umar Gul,Zulqarnain Haider,CK Langeveldt,0,0,,,,,,,,,
461566,2010/11,2010-10-29,Sheikh Zayed Stadium,1,42.2,Pakistan,South Africa,Umar Gul,Zulqarnain Haider,CK Langeveldt,1,0,,,,,,,,,
461566,2010/11,2010-10-29,Sheikh Zayed Stadium,1,42.3,Pakistan,South Africa,Zulqarnain Haider,Umar Gul,CK Langeveldt,1,0,,,,,,,,,
461566,2010/11,2010-10-29,Sheikh Zayed Stadium,1,42.4,Pakistan,South Africa,Umar Gul,Zulqarnain Haider,CK Langeveldt,1,0,,,,,,,,,
461566,2010/11,2010-10-29,Sheikh Zayed Stadium,1,42.5,Pakistan,South Africa,Zulqarnain Haider,Umar Gul,CK Langeveldt,0,0,,,,,,,,,
461566,2010/11,2010-10-29,Sheikh Zayed Stadium,1,42.6,Pakistan,South Africa,Zulqarnain Haider,Umar Gul,CK Langeveldt,0,1,1,,,,,,,,
461566,2010/11,2010-10-29,Sheikh Zayed Stadium,1,42.7,Pakistan,South Africa,Zulqarnain Haider,Umar Gul,CK Langeveldt,0,0,,,,,,,,,
461566,2010/11,2010-10-29,Sheikh Zayed Stadium,1,43.1,Pakistan,South Africa,Umar Gul,Zulqarnain Haider,M Morkel,1,0,,,,,,,,,
461566,2010/11,2010-10-29,Sheikh Zayed Stadium,1,43.2,Pakistan,South Africa,Zulqarnain Haider,Umar Gul,M Morkel,1,0,,,,,,,,,
461566,2010/11,2010-10-29,Sheikh Zayed Stadium,1,43.3,Pakistan,South Africa,Umar Gul,Zulqarnain Haider,M Morkel,0,0,,,,,,,,,
461566,2010/11,2010-10-29,Sheikh Zayed Stadium,1,43.4,Pakistan,South Africa,Umar Gul,Zulqarnain Haider,M Morkel,0,0,,,,,,,,,
461566,2010/11,2010-10-29,Sheikh Zayed Stadium,1,43.5,Pakistan,South Africa,Umar Gul,Zulqarnain Haider,M Morkel,0,0,,,,,,caught,Umar Gul,,
461566,2010/11,2010-10-29,Sheikh Zayed Stadium,1,43.6,Pakistan,South Africa,Saeed Ajmal,Zulqarnain Haider,M Morkel,0,4,,,,4,,,,,
461566,2010/11,2010-10-29,Sheikh Zayed Stadium,1,44.1,Pakistan,South Africa,Zulqarnain Haider,Saeed Ajmal,JH Kallis,0,0,,,,,,,,,
461566,2010/11,2010-10-29,Sheikh Zayed Stadium,1,44.2,Pakistan,South Africa,Zulqarnain Haider,Saeed Ajmal,JH Kallis,0,0,,,,,,,,,
461566,2010/11,2010-10-29,Sheikh Zayed Stadium,1,44.3,Pakistan,South Africa,Zulqarnain Haider,Saeed Ajmal,JH Kallis,1,0,,,,,,,,,
461566,2010/11,2010-10-29,Sheikh Zayed Stadium,1,44.4,Pakistan,South Africa,Saeed Ajmal,Zulqarnain Haider,JH Kallis,1,0,,,,,,,,,
461566,2010/11,2010-10-29,Sheikh Zayed Stadium,1,44.5,Pakistan,South Africa,Zulqarnain Haider,Saeed Ajmal,JH Kallis,1,0,,,,,,,,,
461566,2010/11,2010-10-29,Sheikh Zayed Stadium,1,44.6,Pakistan,South Africa,Saeed Ajmal,Zulqarnain Haider,JH Kallis,0,0,,,,,,,,,
461566,2010/11,2010-10-29,Sheikh Zayed Stadium,1,45.1,Pakistan,South Africa,Zulqarnain Haider,Saeed Ajmal,LL Tsotsobe,0,0,,,,,,,,,
461566,2010/11,2010-10-29,Sheikh Zayed Stadium,1,45.2,Pakistan,South Africa,Zulqarnain Haider,Saeed Ajmal,LL Tsotsobe,0,0,,,,,,,,,
461566,2010/11,2010-10-29,Sheikh Zayed Stadium,1,45.3,Pakistan,South Africa,Zulqarnain Haider,Saeed Ajmal,LL Tsotsobe,2,0,,,,,,,,,
461566,2010/11,2010-10-29,Sheikh Zayed Stadium,1,45.4,Pakistan,South Africa,Zulqarnain Haider,Saeed Ajmal,LL Tsotsobe,1,0,,,,,,,,,
461566,2010/11,2010-10-29,Sheikh Zayed Stadium,1,45.5,Pakistan,South Africa,Saeed Ajmal,Zulqarnain Haider,LL Tsotsobe,0,0,,,,,,,,,
461566,2010/11,2010-10-29,Sheikh Zayed Stadium,1,45.6,Pakistan,South Africa,Saeed Ajmal,Zulqarnain Haider,LL Tsotsobe,0,0,,,,,,,,,
461566,2010/11,2010-10-29,Sheikh Zayed Stadium,1,46.1,Pakistan,South Africa,Zulqarnain Haider,Saeed Ajmal,CK Langeveldt,0,0,,,,,,,,,
461566,2010/11,2010-10-29,Sheikh Zayed Stadium,1,46.2,Pakistan,South Africa,Zulqarnain Haider,Saeed Ajmal,CK Langeveldt,0,0,,,,,,,,,
461566,2010/11,2010-10-29,Sheikh Zayed Stadium,1,46.3,Pakistan,South Africa,Zulqarnain Haider,Saeed Ajmal,CK Langeveldt,0,0,,,,,,,,,
461566,2010/11,2010-10-29,Sheikh Zayed Stadium,1,46.4,Pakistan,South Africa,Zulqarnain Haider,Saeed Ajmal,CK Langeveldt,0,0,,,,,,,,,
461566,2010/11,2010-10-29,Sheikh Zayed Stadium,1,46.5,Pakistan,South Africa,Zulqarnain Haider,Saeed Ajmal,CK Langeveldt,1,0,,,,,,,,,
461566,2010/11,2010-10-29,Sheikh Zayed Stadium,1,46.6,Pakistan,South Africa,Saeed Ajmal,Zulqarnain Haider,CK Langeveldt,1,0,,,,,,,,,
461566,2010/11,2010-10-29,Sheikh Zayed Stadium,1,47.1,Pakistan,South Africa,Saeed Ajmal,Zulqarnain Haider,M Morkel,1,0,,,,,,run out,Saeed Ajmal,,
461566,2010/11,2010-10-29,Sheikh Zayed Stadium,1,47.2,Pakistan,South Africa,Shoaib Akhtar,Zulqarnain Haider,M Morkel,0,0,,,,,,,,,
461566,2010/11,2010-10-29,Sheikh Zayed Stadium,1,47.3,Pakistan,South Africa,Shoaib Akhtar,Zulqarnain Haider,M Morkel,0,0,,,,,,,,,
461566,2010/11,2010-10-29,Sheikh Zayed Stadium,1,47.4,Pakistan,South Africa,Shoaib Akhtar,Zulqarnain Haider,M Morkel,0,0,,,,,,,,,
461566,2010/11,2010-10-29,Sheikh Zayed Stadium,1,47.5,Pakistan,South Africa,Shoaib Akhtar,Zulqarnain Haider,M Morkel,0,0,,,,,,,,,
461566,2010/11,2010-10-29,Sheikh Zayed Stadium,1,47.6,Pakistan,South Africa,Shoaib Akhtar,Zulqarnain Haider,M Morkel,0,0,,,,,,,,,
461566,2010/11,2010-10-29,Sheikh Zayed Stadium,1,48.1,Pakistan,South Africa,Zulqarnain Haider,Shoaib Akhtar,CK Langeveldt,0,0,,,,,,,,,
461566,2010/11,2010-10-29,Sheikh Zayed Stadium,1,48.2,Pakistan,South Africa,Zulqarnain Haider,Shoaib Akhtar,CK Langeveldt,1,0,,,,,,,,,
461566,2010/11,2010-10-29,Sheikh Zayed Stadium,1,48.3,Pakistan,South Africa,Shoaib Akhtar,Zulqarnain Haider,CK Langeveldt,6,0,,,,,,,,,
461566,2010/11,2010-10-29,Sheikh Zayed Stadium,1,48.4,Pakistan,South Africa,Shoaib Akhtar,Zulqarnain Haider,CK Langeveldt,0,0,,,,,,,,,
461566,2010/11,2010-10-29,Sheikh Zayed Stadium,1,48.5,Pakistan,South Africa,Shoaib Akhtar,Zulqarnain Haider,CK Langeveldt,0,0,,,,,,,,,
461566,2010/11,2010-10-29,Sheikh Zayed Stadium,1,48.6,Pakistan,South Africa,Shoaib Akhtar,Zulqarnain Haider,CK Langeveldt,0,0,,,,,,caught,Shoaib Akhtar,,
461566,2010/11,2010-10-29,Sheikh Zayed Stadium,2,0.1,South Africa,Pakistan,GC Smith,HM Amla,Shoaib Akhtar,0,0,,,,,,,,,
461566,2010/11,2010-10-29,Sheikh Zayed Stadium,2,0.2,South Africa,Pakistan,GC Smith,HM Amla,Shoaib Akhtar,2,0,,,,,,,,,
461566,2010/11,2010-10-29,Sheikh Zayed Stadium,2,0.3,South Africa,Pakistan,GC Smith,HM Amla,Shoaib Akhtar,1,0,,,,,,,,,
461566,2010/11,2010-10-29,Sheikh Zayed Stadium,2,0.4,South Africa,Pakistan,HM Amla,GC Smith,Shoaib Akhtar,0,0,,,,,,,,,
461566,2010/11,2010-10-29,Sheikh Zayed Stadium,2,0.5,South Africa,Pakistan,HM Amla,GC Smith,Shoaib Akhtar,1,0,,,,,,,,,
461566,2010/11,2010-10-29,Sheikh Zayed Stadium,2,0.6,South Africa,Pakistan,GC Smith,HM Amla,Shoaib Akhtar,1,0,,,,,,,,,
461566,2010/11,2010-10-29,Sheikh Zayed Stadium,2,1.1,South Africa,Pakistan,GC Smith,HM Amla,Umar Gul,2,0,,,,,,,,,
461566,2010/11,2010-10-29,Sheikh Zayed Stadium,2,1.2,South Africa,Pakistan,GC Smith,HM Amla,Umar Gul,0,0,,,,,,,,,
461566,2010/11,2010-10-29,Sheikh Zayed Stadium,2,1.3,South Africa,Pakistan,GC Smith,HM Amla,Umar Gul,0,0,,,,,,,,,
461566,2010/11,2010-10-29,Sheikh Zayed Stadium,2,1.4,South Africa,Pakistan,GC Smith,HM Amla,Umar Gul,0,0,,,,,,,,,
461566,2010/11,2010-10-29,Sheikh Zayed Stadium,2,1.5,South Africa,Pakistan,GC Smith,HM Amla,Umar Gul,0,0,,,,,,,,,
461566,2010/11,2010-10-29,Sheikh Zayed Stadium,2,1.6,South Africa,Pakistan,GC Smith,HM Amla,Umar Gul,0,0,,,,,,,,,
461566,2010/11,2010-10-29,Sheikh Zayed Stadium,2,2.1,South Africa,Pakistan,HM Amla,GC Smith,Shoaib Akhtar,1,0,,,,,,,,,
461566,2010/11,2010-10-29,Sheikh Zayed Stadium,2,2.2,South Africa,Pakistan,GC Smith,HM Amla,Shoaib Akhtar,0,0,,,,,,,,,
461566,2010/11,2010-10-29,Sheikh Zayed Stadium,2,2.3,South Africa,Pakistan,GC Smith,HM Amla,Shoaib Akhtar,3,0,,,,,,,,,
461566,2010/11,2010-10-29,Sheikh Zayed Stadium,2,2.4,South Africa,Pakistan,HM Amla,GC Smith,Shoaib Akhtar,4,0,,,,,,,,,
461566,2010/11,2010-10-29,Sheikh Zayed Stadium,2,2.5,South Africa,Pakistan,HM Amla,GC Smith,Shoaib Akhtar,1,0,,,,,,,,,
461566,2010/11,2010-10-29,Sheikh Zayed Stadium,2,2.6,South Africa,Pakistan,GC Smith,HM Amla,Shoaib Akhtar,0,0,,,,,,,,,
461566,2010/11,2010-10-29,Sheikh Zayed Stadium,2,3.1,South Africa,Pakistan,HM Amla,GC Smith,Umar Gul,3,0,,,,,,,,,
461566,2010/11,2010-10-29,Sheikh Zayed Stadium,2,3.2,South Africa,Pakistan,GC Smith,HM Amla,Umar Gul,0,0,,,,,,,,,
461566,2010/11,2010-10-29,Sheikh Zayed Stadium,2,3.3,South Africa,Pakistan,GC Smith,HM Amla,Umar Gul,0,0,,,,,,,,,
461566,2010/11,2010-10-29,Sheikh Zayed Stadium,2,3.4,South Africa,Pakistan,GC Smith,HM Amla,Umar Gul,0,0,,,,,,,,,
461566,2010/11,2010-10-29,Sheikh Zayed Stadium,2,3.5,South Africa,Pakistan,GC Smith,HM Amla,Umar Gul,0,0,,,,,,,,,
461566,2010/11,2010-10-29,Sheikh Zayed Stadium,2,3.6,South Africa,Pakistan,GC Smith,HM Amla,Umar Gul,0,0,,,,,,,,,
461566,2010/11,2010-10-29,Sheikh Zayed Stadium,2,4.1,South Africa,Pakistan,HM Amla,GC Smith,Shoaib Akhtar,1,0,,,,,,,,,
461566,2010/11,2010-10-29,Sheikh Zayed Stadium,2,4.2,South Africa,Pakistan,GC Smith,HM Amla,Shoaib Akhtar,4,0,,,,,,,,,
461566,2010/11,2010-10-29,Sheikh Zayed Stadium,2,4.3,South Africa,Pakistan,GC Smith,HM Amla,Shoaib Akhtar,0,0,,,,,,,,,
461566,2010/11,2010-10-29,Sheikh Zayed Stadium,2,4.4,South Africa,Pakistan,GC Smith,HM Amla,Shoaib Akhtar,0,0,,,,,,,,,
461566,2010/11,2010-10-29,Sheikh Zayed Stadium,2,4.5,South Africa,Pakistan,GC Smith,HM Amla,Shoaib Akhtar,1,0,,,,,,,,,
461566,2010/11,2010-10-29,Sheikh Zayed Stadium,2,4.6,South Africa,Pakistan,HM Amla,GC Smith,Shoaib Akhtar,0,0,,,,,,,,,
461566,2010/11,2010-10-29,Sheikh Zayed Stadium,2,5.1,South Africa,Pakistan,GC Smith,HM Amla,Mohammad Hafeez,4,0,,,,,,retired hurt,GC Smith,,
461566,2010/11,2010-10-29,Sheikh Zayed Stadium,2,5.2,South Africa,Pakistan,JH Kallis,HM Amla,Mohammad Hafeez,2,0,,,,,,,,,
461566,2010/11,2010-10-29,Sheikh Zayed Stadium,2,5.3,South Africa,Pakistan,JH Kallis,HM Amla,Mohammad Hafeez,1,0,,,,,,,,,
461566,2010/11,2010-10-29,Sheikh Zayed Stadium,2,5.4,South Africa,Pakistan,HM Amla,JH Kallis,Mohammad Hafeez,2,0,,,,,,,,,
461566,2010/11,2010-10-29,Sheikh Zayed Stadium,2,5.5,South Africa,Pakistan,HM Amla,JH Kallis,Mohammad Hafeez,4,0,,,,,,,,,
461566,2010/11,2010-10-29,Sheikh Zayed Stadium,2,5.6,South Africa,Pakistan,HM Amla,JH Kallis,Mohammad Hafeez,1,0,,,,,,,,,
461566,2010/11,2010-10-29,Sheikh Zayed Stadium,2,6.1,South Africa,Pakistan,HM Amla,JH Kallis,Shoaib Akhtar,0,0,,,,,,,,,
461566,2010/11,2010-10-29,Sheikh Zayed Stadium,2,6.2,South Africa,Pakistan,HM Amla,JH Kallis,Shoaib Akhtar,0,0,,,,,,,,,
461566,2010/11,2010-10-29,Sheikh Zayed Stadium,2,6.3,South Africa,Pakistan,HM Amla,JH Kallis,Shoaib Akhtar,0,0,,,,,,,,,
461566,2010/11,2010-10-29,Sheikh Zayed Stadium,2,6.4,South Africa,Pakistan,HM Amla,JH Kallis,Shoaib Akhtar,0,0,,,,,,,,,
461566,2010/11,2010-10-29,Sheikh Zayed Stadium,2,6.5,South Africa,Pakistan,HM Amla,JH Kallis,Shoaib Akhtar,0,0,,,,,,,,,
461566,2010/11,2010-10-29,Sheikh Zayed Stadium,2,6.6,South Africa,Pakistan,HM Amla,JH Kallis,Shoaib Akhtar,0,1,,1,,,,,,,
461566,2010/11,2010-10-29,Sheikh Zayed Stadium,2,6.7,South Africa,Pakistan,HM Amla,JH Kallis,Shoaib Akhtar,2,1,,1,,,,,,,
461566,2010/11,2010-10-29,Sheikh Zayed Stadium,2,6.8,South Africa,Pakistan,HM Amla,JH Kallis,Shoaib Akhtar,6,0,,,,,,,,,
461566,2010/11,2010-10-29,Sheikh Zayed Stadium,2,7.1,South Africa,Pakistan,JH Kallis,HM Amla,Shahid Afridi,0,1,1,,,,,,,,
461566,2010/11,2010-10-29,Sheikh Zayed Stadium,2,7.2,South Africa,Pakistan,JH Kallis,HM Amla,Shahid Afridi,0,0,,,,,,,,,
461566,2010/11,2010-10-29,Sheikh Zayed Stadium,2,7.3,South Africa,Pakistan,JH Kallis,HM Amla,Shahid Afridi,0,0,,,,,,,,,
461566,2010/11,2010-10-29,Sheikh Zayed Stadium,2,7.4,South Africa,Pakistan,JH Kallis,HM Amla,Shahid Afridi,0,0,,,,,,,,,
461566,2010/11,2010-10-29,Sheikh Zayed Stadium,2,7.5,South Africa,Pakistan,JH Kallis,HM Amla,Shahid Afridi,0,0,,,,,,,,,
461566,2010/11,2010-10-29,Sheikh Zayed Stadium,2,7.6,South Africa,Pakistan,JH Kallis,HM Amla,Shahid Afridi,1,0,,,,,,,,,
461566,2010/11,2010-10-29,Sheikh Zayed Stadium,2,7.7,South Africa,Pakistan,HM Amla,JH Kallis,Shahid Afridi,1,0,,,,,,,,,
461566,2010/11,2010-10-29,Sheikh Zayed Stadium,2,8.1,South Africa,Pakistan,HM Amla,JH Kallis,Saeed Ajmal,1,0,,,,,,,,,
461566,2010/11,2010-10-29,Sheikh Zayed Stadium,2,8.2,South Africa,Pakistan,JH Kallis,HM Amla,Saeed Ajmal,0,0,,,,,,,,,
461566,2010/11,2010-10-29,Sheikh Zayed Stadium,2,8.3,South Africa,Pakistan,JH Kallis,HM Amla,Saeed Ajmal,0,0,,,,,,,,,
461566,2010/11,2010-10-29,Sheikh Zayed Stadium,2,8.4,South Africa,Pakistan,JH Kallis,HM Amla,Saeed Ajmal,0,0,,,,,,,,,
461566,2010/11,2010-10-29,Sheikh Zayed Stadium,2,8.5,South Africa,Pakistan,JH Kallis,HM Amla,Saeed Ajmal,1,0,,,,,,,,,
461566,2010/11,2010-10-29,Sheikh Zayed Stadium,2,8.6,South Africa,Pakistan,HM Amla,JH Kallis,Saeed Ajmal,0,0,,,,,,,,,
461566,2010/11,2010-10-29,Sheikh Zayed Stadium,2,9.1,South Africa,Pakistan,JH Kallis,HM Amla,Shahid Afridi,0,0,,,,,,,,,
461566,2010/11,2010-10-29,Sheikh Zayed Stadium,2,9.2,South Africa,Pakistan,JH Kallis,HM Amla,Shahid Afridi,0,0,,,,,,,,,
461566,2010/11,2010-10-29,Sheikh Zayed Stadium,2,9.3,South Africa,Pakistan,JH Kallis,HM Amla,Shahid Afridi,0,0,,,,,,,,,
461566,2010/11,2010-10-29,Sheikh Zayed Stadium,2,9.4,South Africa,Pakistan,JH Kallis,HM Amla,Shahid Afridi,0,0,,,,,,,,,
461566,2010/11,2010-10-29,Sheikh Zayed Stadium,2,9.5,South Africa,Pakistan,JH Kallis,HM Amla,Shahid Afridi,1,0,,,,,,,,,
461566,2010/11,2010-10-29,Sheikh Zayed Stadium,2,9.6,South Africa,Pakistan,HM Amla,JH Kallis,Shahid Afridi,0,0,,,,,,,,,
461566,2010/11,2010-10-29,Sheikh Zayed Stadium,2,10.1,South Africa,Pakistan,JH Kallis,HM Amla,Saeed Ajmal,0,0,,,,,,,,,
461566,2010/11,2010-10-29,Sheikh Zayed Stadium,2,10.2,South Africa,Pakistan,JH Kallis,HM Amla,Saeed Ajmal,0,0,,,,,,,,,
461566,2010/11,2010-10-29,Sheikh Zayed Stadium,2,10.3,South Africa,Pakistan,JH Kallis,HM Amla,Saeed Ajmal,0,0,,,,,,,,,
461566,2010/11,2010-10-29,Sheikh Zayed Stadium,2,10.4,South Africa,Pakistan,JH Kallis,HM Amla,Saeed Ajmal,0,0,,,,,,,,,
461566,2010/11,2010-10-29,Sheikh Zayed Stadium,2,10.5,South Africa,Pakistan,JH Kallis,HM Amla,Saeed Ajmal,4,0,,,,,,,,,
461566,2010/11,2010-10-29,Sheikh Zayed Stadium,2,10.6,South Africa,Pakistan,JH Kallis,HM Amla,Saeed Ajmal,0,0,,,,,,,,,
461566,2010/11,2010-10-29,Sheikh Zayed Stadium,2,11.1,South Africa,Pakistan,HM Amla,JH Kallis,Shahid Afridi,1,0,,,,,,,,,
461566,2010/11,2010-10-29,Sheikh Zayed Stadium,2,11.2,South Africa,Pakistan,JH Kallis,HM Amla,Shahid Afridi,1,0,,,,,,,,,
461566,2010/11,2010-10-29,Sheikh Zayed Stadium,2,11.3,South Africa,Pakistan,HM Amla,JH Kallis,Shahid Afridi,4,0,,,,,,,,,
461566,2010/11,2010-10-29,Sheikh Zayed Stadium,2,11.4,South Africa,Pakistan,HM Amla,JH Kallis,Shahid Afridi,0,1,,,,1,,,,,
461566,2010/11,2010-10-29,Sheikh Zayed Stadium,2,11.5,South Africa,Pakistan,JH Kallis,HM Amla,Shahid Afridi,0,1,,,,1,,,,,
461566,2010/11,2010-10-29,Sheikh Zayed Stadium,2,11.6,South Africa,Pakistan,HM Amla,JH Kallis,Shahid Afridi,1,0,,,,,,,,,
461566,2010/11,2010-10-29,Sheikh Zayed Stadium,2,12.1,South Africa,Pakistan,HM Amla,JH Kallis,Saeed Ajmal,1,0,,,,,,,,,
461566,2010/11,2010-10-29,Sheikh Zayed Stadium,2,12.2,South Africa,Pakistan,JH Kallis,HM Amla,Saeed Ajmal,0,0,,,,,,,,,
461566,2010/11,2010-10-29,Sheikh Zayed Stadium,2,12.3,South Africa,Pakistan,JH Kallis,HM Amla,Saeed Ajmal,1,0,,,,,,,,,
461566,2010/11,2010-10-29,Sheikh Zayed Stadium,2,12.4,South Africa,Pakistan,HM Amla,JH Kallis,Saeed Ajmal,0,0,,,,,,lbw,HM Amla,,
461566,2010/11,2010-10-29,Sheikh Zayed Stadium,2,12.5,South Africa,Pakistan,AB de Villiers,JH Kallis,Saeed Ajmal,4,0,,,,,,,,,
461566,2010/11,2010-10-29,Sheikh Zayed Stadium,2,12.6,South Africa,Pakistan,AB de Villiers,JH Kallis,Saeed Ajmal,0,1,,,,1,,,,,
461566,2010/11,2010-10-29,Sheikh Zayed Stadium,2,13.1,South Africa,Pakistan,AB de Villiers,JH Kallis,Shahid Afridi,1,0,,,,,,,,,
461566,2010/11,2010-10-29,Sheikh Zayed Stadium,2,13.2,South Africa,Pakistan,JH Kallis,AB de Villiers,Shahid Afridi,0,0,,,,,,,,,
461566,2010/11,2010-10-29,Sheikh Zayed Stadium,2,13.3,South Africa,Pakistan,JH Kallis,AB de Villiers,Shahid Afridi,1,0,,,,,,,,,
461566,2010/11,2010-10-29,Sheikh Zayed Stadium,2,13.4,South Africa,Pakistan,AB de Villiers,JH Kallis,Shahid Afridi,0,0,,,,,,,,,
461566,2010/11,2010-10-29,Sheikh Zayed Stadium,2,13.5,South Africa,Pakistan,AB de Villiers,JH Kallis,Shahid Afridi,1,0,,,,,,,,,
461566,2010/11,2010-10-29,Sheikh Zayed Stadium,2,13.6,South Africa,Pakistan,JH Kallis,AB de Villiers,Shahid Afridi,1,0,,,,,,,,,
461566,2010/11,2010-10-29,Sheikh Zayed Stadium,2,14.1,South Africa,Pakistan,JH Kallis,AB de Villiers,Umar Gul,0,0,,,,,,,,,
461566,2010/11,2010-10-29,Sheikh Zayed Stadium,2,14.2,South Africa,Pakistan,JH Kallis,AB de Villiers,Umar Gul,1,0,,,,,,,,,
461566,2010/11,2010-10-29,Sheikh Zayed Stadium,2,14.3,South Africa,Pakistan,AB de Villiers,JH Kallis,Umar Gul,1,0,,,,,,,,,
461566,2010/11,2010-10-29,Sheikh Zayed Stadium,2,14.4,South Africa,Pakistan,JH Kallis,AB de Villiers,Umar Gul,0,0,,,,,,,,,
461566,2010/11,2010-10-29,Sheikh Zayed Stadium,2,14.5,South Africa,Pakistan,JH Kallis,AB de Villiers,Umar Gul,1,0,,,,,,,,,
461566,2010/11,2010-10-29,Sheikh Zayed Stadium,2,14.6,South Africa,Pakistan,AB de Villiers,JH Kallis,Umar Gul,0,0,,,,,,,,,
461566,2010/11,2010-10-29,Sheikh Zayed Stadium,2,15.1,South Africa,Pakistan,JH Kallis,AB de Villiers,Shahid Afridi,0,0,,,,,,,,,
461566,2010/11,2010-10-29,Sheikh Zayed Stadium,2,15.2,South Africa,Pakistan,JH Kallis,AB de Villiers,Shahid Afridi,0,0,,,,,,,,,
461566,2010/11,2010-10-29,Sheikh Zayed Stadium,2,15.3,South Africa,Pakistan,JH Kallis,AB de Villiers,Shahid Afridi,1,0,,,,,,,,,
461566,2010/11,2010-10-29,Sheikh Zayed Stadium,2,15.4,South Africa,Pakistan,AB de Villiers,JH Kallis,Shahid Afridi,1,0,,,,,,,,,
461566,2010/11,2010-10-29,Sheikh Zayed Stadium,2,15.5,South Africa,Pakistan,JH Kallis,AB de Villiers,Shahid Afridi,0,0,,,,,,,,,
461566,2010/11,2010-10-29,Sheikh Zayed Stadium,2,15.6,South Africa,Pakistan,JH Kallis,AB de Villiers,Shahid Afridi,0,0,,,,,,,,,
461566,2010/11,2010-10-29,Sheikh Zayed Stadium,2,16.1,South Africa,Pakistan,AB de Villiers,JH Kallis,Umar Gul,4,0,,,,,,,,,
461566,2010/11,2010-10-29,Sheikh Zayed Stadium,2,16.2,South Africa,Pakistan,AB de Villiers,JH Kallis,Umar Gul,4,0,,,,,,,,,
461566,2010/11,2010-10-29,Sheikh Zayed Stadium,2,16.3,South Africa,Pakistan,AB de Villiers,JH Kallis,Umar Gul,1,0,,,,,,,,,
461566,2010/11,2010-10-29,Sheikh Zayed Stadium,2,16.4,South Africa,Pakistan,JH Kallis,AB de Villiers,Umar Gul,0,0,,,,,,,,,
461566,2010/11,2010-10-29,Sheikh Zayed Stadium,2,16.5,South Africa,Pakistan,JH Kallis,AB de Villiers,Umar Gul,0,0,,,,,,,,,
461566,2010/11,2010-10-29,Sheikh Zayed Stadium,2,16.6,South Africa,Pakistan,JH Kallis,AB de Villiers,Umar Gul,0,0,,,,,,,,,
461566,2010/11,2010-10-29,Sheikh Zayed Stadium,2,17.1,South Africa,Pakistan,AB de Villiers,JH Kallis,Shahid Afridi,0,0,,,,,,,,,
461566,2010/11,2010-10-29,Sheikh Zayed Stadium,2,17.2,South Africa,Pakistan,AB de Villiers,JH Kallis,Shahid Afridi,1,0,,,,,,,,,
461566,2010/11,2010-10-29,Sheikh Zayed Stadium,2,17.3,South Africa,Pakistan,JH Kallis,AB de Villiers,Shahid Afridi,0,0,,,,,,,,,
461566,2010/11,2010-10-29,Sheikh Zayed Stadium,2,17.4,South Africa,Pakistan,JH Kallis,AB de Villiers,Shahid Afridi,0,0,,,,,,,,,
461566,2010/11,2010-10-29,Sheikh Zayed Stadium,2,17.5,South Africa,Pakistan,JH Kallis,AB de Villiers,Shahid Afridi,0,0,,,,,,,,,
461566,2010/11,2010-10-29,Sheikh Zayed Stadium,2,17.6,South Africa,Pakistan,JH Kallis,AB de Villiers,Shahid Afridi,0,0,,,,,,,,,
461566,2010/11,2010-10-29,Sheikh Zayed Stadium,2,18.1,South Africa,Pakistan,AB de Villiers,JH Kallis,Saeed Ajmal,0,0,,,,,,,,,
461566,2010/11,2010-10-29,Sheikh Zayed Stadium,2,18.2,South Africa,Pakistan,AB de Villiers,JH Kallis,Saeed Ajmal,0,0,,,,,,,,,
461566,2010/11,2010-10-29,Sheikh Zayed Stadium,2,18.3,South Africa,Pakistan,AB de Villiers,JH Kallis,Saeed Ajmal,0,0,,,,,,,,,
461566,2010/11,2010-10-29,Sheikh Zayed Stadium,2,18.4,South Africa,Pakistan,AB de Villiers,JH Kallis,Saeed Ajmal,1,0,,,,,,,,,
461566,2010/11,2010-10-29,Sheikh Zayed Stadium,2,18.5,South Africa,Pakistan,JH Kallis,AB de Villiers,Saeed Ajmal,1,0,,,,,,,,,
461566,2010/11,2010-10-29,Sheikh Zayed Stadium,2,18.6,South Africa,Pakistan,AB de Villiers,JH Kallis,Saeed Ajmal,1,0,,,,,,,,,
461566,2010/11,2010-10-29,Sheikh Zayed Stadium,2,19.1,South Africa,Pakistan,AB de Villiers,JH Kallis,Shahid Afridi,0,0,,,,,,,,,
461566,2010/11,2010-10-29,Sheikh Zayed Stadium,2,19.2,South Africa,Pakistan,AB de Villiers,JH Kallis,Shahid Afridi,0,0,,,,,,,,,
461566,2010/11,2010-10-29,Sheikh Zayed Stadium,2,19.3,South Africa,Pakistan,AB de Villiers,JH Kallis,Shahid Afridi,4,0,,,,,,,,,
461566,2010/11,2010-10-29,Sheikh Zayed Stadium,2,19.4,South Africa,Pakistan,AB de Villiers,JH Kallis,Shahid Afridi,0,0,,,,,,,,,
461566,2010/11,2010-10-29,Sheikh Zayed Stadium,2,19.5,South Africa,Pakistan,AB de Villiers,JH Kallis,Shahid Afridi,4,0,,,,,,,,,
461566,2010/11,2010-10-29,Sheikh Zayed Stadium,2,19.6,South Africa,Pakistan,AB de Villiers,JH Kallis,Shahid Afridi,0,0,,,,,,,,,
461566,2010/11,2010-10-29,Sheikh Zayed Stadium,2,20.1,South Africa,Pakistan,JH Kallis,AB de Villiers,Saeed Ajmal,1,0,,,,,,,,,
461566,2010/11,2010-10-29,Sheikh Zayed Stadium,2,20.2,South Africa,Pakistan,AB de Villiers,JH Kallis,Saeed Ajmal,1,0,,,,,,,,,
461566,2010/11,2010-10-29,Sheikh Zayed Stadium,2,20.3,South Africa,Pakistan,JH Kallis,AB de Villiers,Saeed Ajmal,1,0,,,,,,,,,
461566,2010/11,2010-10-29,Sheikh Zayed Stadium,2,20.4,South Africa,Pakistan,AB de Villiers,JH Kallis,Saeed Ajmal,0,0,,,,,,,,,
461566,2010/11,2010-10-29,Sheikh Zayed Stadium,2,20.5,South Africa,Pakistan,AB de Villiers,JH Kallis,Saeed Ajmal,1,0,,,,,,,,,
461566,2010/11,2010-10-29,Sheikh Zayed Stadium,2,20.6,South Africa,Pakistan,JH Kallis,AB de Villiers,Saeed Ajmal,0,0,,,,,,,,,
461566,2010/11,2010-10-29,Sheikh Zayed Stadium,2,21.1,South Africa,Pakistan,AB de Villiers,JH Kallis,Shahid Afridi,1,0,,,,,,,,,
461566,2010/11,2010-10-29,Sheikh Zayed Stadium,2,21.2,South Africa,Pakistan,JH Kallis,AB de Villiers,Shahid Afridi,0,0,,,,,,,,,
461566,2010/11,2010-10-29,Sheikh Zayed Stadium,2,21.3,South Africa,Pakistan,JH Kallis,AB de Villiers,Shahid Afridi,0,0,,,,,,,,,
461566,2010/11,2010-10-29,Sheikh Zayed Stadium,2,21.4,South Africa,Pakistan,JH Kallis,AB de Villiers,Shahid Afridi,1,0,,,,,,,,,
461566,2010/11,2010-10-29,Sheikh Zayed Stadium,2,21.5,South Africa,Pakistan,AB de Villiers,JH Kallis,Shahid Afridi,0,0,,,,,,,,,
461566,2010/11,2010-10-29,Sheikh Zayed Stadium,2,21.6,South Africa,Pakistan,AB de Villiers,JH Kallis,Shahid Afridi,0,1,1,,,,,,,,
461566,2010/11,2010-10-29,Sheikh Zayed Stadium,2,21.7,South Africa,Pakistan,AB de Villiers,JH Kallis,Shahid Afridi,0,0,,,,,,,,,
461566,2010/11,2010-10-29,Sheikh Zayed Stadium,2,22.1,South Africa,Pakistan,JH Kallis,AB de Villiers,Saeed Ajmal,0,0,,,,,,,,,
461566,2010/11,2010-10-29,Sheikh Zayed Stadium,2,22.2,South Africa,Pakistan,JH Kallis,AB de Villiers,Saeed Ajmal,0,0,,,,,,,,,
461566,2010/11,2010-10-29,Sheikh Zayed Stadium,2,22.3,South Africa,Pakistan,JH Kallis,AB de Villiers,Saeed Ajmal,1,0,,,,,,,,,
461566,2010/11,2010-10-29,Sheikh Zayed Stadium,2,22.4,South Africa,Pakistan,AB de Villiers,JH Kallis,Saeed Ajmal,1,0,,,,,,,,,
461566,2010/11,2010-10-29,Sheikh Zayed Stadium,2,22.5,South Africa,Pakistan,JH Kallis,AB de Villiers,Saeed Ajmal,2,0,,,,,,,,,
461566,2010/11,2010-10-29,Sheikh Zayed Stadium,2,22.6,South Africa,Pakistan,JH Kallis,AB de Villiers,Saeed Ajmal,2,0,,,,,,,,,
461566,2010/11,2010-10-29,Sheikh Zayed Stadium,2,23.1,South Africa,Pakistan,AB de Villiers,JH Kallis,Shahid Afridi,1,0,,,,,,,,,
461566,2010/11,2010-10-29,Sheikh Zayed Stadium,2,23.2,South Africa,Pakistan,JH Kallis,AB de Villiers,Shahid Afridi,0,0,,,,,,,,,
461566,2010/11,2010-10-29,Sheikh Zayed Stadium,2,23.3,South Africa,Pakistan,JH Kallis,AB de Villiers,Shahid Afridi,0,0,,,,,,,,,
461566,2010/11,2010-10-29,Sheikh Zayed Stadium,2,23.4,South Africa,Pakistan,JH Kallis,AB de Villiers,Shahid Afridi,0,0,,,,,,,,,
461566,2010/11,2010-10-29,Sheikh Zayed Stadium,2,23.5,South Africa,Pakistan,JH Kallis,AB de Villiers,Shahid Afridi,1,0,,,,,,,,,
461566,2010/11,2010-10-29,Sheikh Zayed Stadium,2,23.6,South Africa,Pakistan,AB de Villiers,JH Kallis,Shahid Afridi,1,0,,,,,,,,,
461566,2010/11,2010-10-29,Sheikh Zayed Stadium,2,24.1,South Africa,Pakistan,AB de Villiers,JH Kallis,Shoaib Akhtar,0,0,,,,,,,,,
461566,2010/11,2010-10-29,Sheikh Zayed Stadium,2,24.2,South Africa,Pakistan,AB de Villiers,JH Kallis,Shoaib Akhtar,1,0,,,,,,,,,
461566,2010/11,2010-10-29,Sheikh Zayed Stadium,2,24.3,South Africa,Pakistan,JH Kallis,AB de Villiers,Shoaib Akhtar,0,1,1,,,,,,,,
461566,2010/11,2010-10-29,Sheikh Zayed Stadium,2,24.4,South Africa,Pakistan,JH Kallis,AB de Villiers,Shoaib Akhtar,1,0,,,,,,,,,
461566,2010/11,2010-10-29,Sheikh Zayed Stadium,2,24.5,South Africa,Pakistan,AB de Villiers,JH Kallis,Shoaib Akhtar,2,0,,,,,,,,,
461566,2010/11,2010-10-29,Sheikh Zayed Stadium,2,24.6,South Africa,Pakistan,AB de Villiers,JH Kallis,Shoaib Akhtar,0,0,,,,,,,,,
461566,2010/11,2010-10-29,Sheikh Zayed Stadium,2,24.7,South Africa,Pakistan,AB de Villiers,JH Kallis,Shoaib Akhtar,1,0,,,,,,,,,
461566,2010/11,2010-10-29,Sheikh Zayed Stadium,2,25.1,South Africa,Pakistan,AB de Villiers,JH Kallis,Shahid Afridi,1,0,,,,,,,,,
461566,2010/11,2010-10-29,Sheikh Zayed Stadium,2,25.2,South Africa,Pakistan,JH Kallis,AB de Villiers,Shahid Afridi,1,0,,,,,,,,,
461566,2010/11,2010-10-29,Sheikh Zayed Stadium,2,25.3,South Africa,Pakistan,AB de Villiers,JH Kallis,Shahid Afridi,0,0,,,,,,,,,
461566,2010/11,2010-10-29,Sheikh Zayed Stadium,2,25.4,South Africa,Pakistan,AB de Villiers,JH Kallis,Shahid Afridi,0,0,,,,,,,,,
461566,2010/11,2010-10-29,Sheikh Zayed Stadium,2,25.5,South Africa,Pakistan,AB de Villiers,JH Kallis,Shahid Afridi,1,0,,,,,,,,,
461566,2010/11,2010-10-29,Sheikh Zayed Stadium,2,25.6,South Africa,Pakistan,JH Kallis,AB de Villiers,Shahid Afridi,1,0,,,,,,,,,
461566,2010/11,2010-10-29,Sheikh Zayed Stadium,2,26.1,South Africa,Pakistan,JH Kallis,AB de Villiers,Shoaib Akhtar,1,0,,,,,,,,,
461566,2010/11,2010-10-29,Sheikh Zayed Stadium,2,26.2,South Africa,Pakistan,AB de Villiers,JH Kallis,Shoaib Akhtar,2,0,,,,,,,,,
461566,2010/11,2010-10-29,Sheikh Zayed Stadium,2,26.3,South Africa,Pakistan,AB de Villiers,JH Kallis,Shoaib Akhtar,1,0,,,,,,,,,
461566,2010/11,2010-10-29,Sheikh Zayed Stadium,2,26.4,South Africa,Pakistan,JH Kallis,AB de Villiers,Shoaib Akhtar,1,0,,,,,,,,,
461566,2010/11,2010-10-29,Sheikh Zayed Stadium,2,26.5,South Africa,Pakistan,AB de Villiers,JH Kallis,Shoaib Akhtar,0,0,,,,,,,,,
461566,2010/11,2010-10-29,Sheikh Zayed Stadium,2,26.6,South Africa,Pakistan,AB de Villiers,JH Kallis,Shoaib Akhtar,1,0,,,,,,,,,
461566,2010/11,2010-10-29,Sheikh Zayed Stadium,2,27.1,South Africa,Pakistan,AB de Villiers,JH Kallis,Abdul Razzaq,1,0,,,,,,,,,
461566,2010/11,2010-10-29,Sheikh Zayed Stadium,2,27.2,South Africa,Pakistan,JH Kallis,AB de Villiers,Abdul Razzaq,1,0,,,,,,,,,
461566,2010/11,2010-10-29,Sheikh Zayed Stadium,2,27.3,South Africa,Pakistan,AB de Villiers,JH Kallis,Abdul Razzaq,0,0,,,,,,,,,
461566,2010/11,2010-10-29,Sheikh Zayed Stadium,2,27.4,South Africa,Pakistan,AB de Villiers,JH Kallis,Abdul Razzaq,2,0,,,,,,,,,
461566,2010/11,2010-10-29,Sheikh Zayed Stadium,2,27.5,South Africa,Pakistan,AB de Villiers,JH Kallis,Abdul Razzaq,0,0,,,,,,,,,
461566,2010/11,2010-10-29,Sheikh Zayed Stadium,2,27.6,South Africa,Pakistan,AB de Villiers,JH Kallis,Abdul Razzaq,0,0,,,,,,,,,
461566,2010/11,2010-10-29,Sheikh Zayed Stadium,2,28.1,South Africa,Pakistan,JH Kallis,AB de Villiers,Saeed Ajmal,1,0,,,,,,,,,
461566,2010/11,2010-10-29,Sheikh Zayed Stadium,2,28.2,South Africa,Pakistan,AB de Villiers,JH Kallis,Saeed Ajmal,4,0,,,,,,,,,
461566,2010/11,2010-10-29,Sheikh Zayed Stadium,2,28.3,South Africa,Pakistan,AB de Villiers,JH Kallis,Saeed Ajmal,0,1,1,,,,,,,,
461566,2010/11,2010-10-29,Sheikh Zayed Stadium,2,28.4,South Africa,Pakistan,AB de Villiers,JH Kallis,Saeed Ajmal,0,0,,,,,,caught and bowled,AB de Villiers,,
461566,2010/11,2010-10-29,Sheikh Zayed Stadium,2,28.5,South Africa,Pakistan,JP Duminy,JH Kallis,Saeed Ajmal,0,0,,,,,,,,,
461566,2010/11,2010-10-29,Sheikh Zayed Stadium,2,28.6,South Africa,Pakistan,JP Duminy,JH Kallis,Saeed Ajmal,1,0,,,,,,,,,
461566,2010/11,2010-10-29,Sheikh Zayed Stadium,2,28.7,South Africa,Pakistan,JH Kallis,JP Duminy,Saeed Ajmal,1,0,,,,,,,,,
461566,2010/11,2010-10-29,Sheikh Zayed Stadium,2,29.1,South Africa,Pakistan,JH Kallis,JP Duminy,Abdul Razzaq,1,0,,,,,,,,,
461566,2010/11,2010-10-29,Sheikh Zayed Stadium,2,29.2,South Africa,Pakistan,JP Duminy,JH Kallis,Abdul Razzaq,0,0,,,,,,,,,
461566,2010/11,2010-10-29,Sheikh Zayed Stadium,2,29.3,South Africa,Pakistan,JP Duminy,JH Kallis,Abdul Razzaq,0,0,,,,,,,,,
461566,2010/11,2010-10-29,Sheikh Zayed Stadium,2,29.4,South Africa,Pakistan,JP Duminy,JH Kallis,Abdul Razzaq,1,0,,,,,,,,,
461566,2010/11,2010-10-29,Sheikh Zayed Stadium,2,29.5,South Africa,Pakistan,JH Kallis,JP Duminy,Abdul Razzaq,4,0,,,,,,,,,
461566,2010/11,2010-10-29,Sheikh Zayed Stadium,2,29.6,South Africa,Pakistan,JH Kallis,JP Duminy,Abdul Razzaq,1,0,,,,,,,,,
461566,2010/11,2010-10-29,Sheikh Zayed Stadium,2,30.1,South Africa,Pakistan,JH Kallis,JP Duminy,Saeed Ajmal,4,0,,,,,,,,,
461566,2010/11,2010-10-29,Sheikh Zayed Stadium,2,30.2,South Africa,Pakistan,JH Kallis,JP Duminy,Saeed Ajmal,0,0,,,,,,,,,
461566,2010/11,2010-10-29,Sheikh Zayed Stadium,2,30.3,South Africa,Pakistan,JH Kallis,JP Duminy,Saeed Ajmal,0,0,,,,,,,,,
461566,2010/11,2010-10-29,Sheikh Zayed Stadium,2,30.4,South Africa,Pakistan,JH Kallis,JP Duminy,Saeed Ajmal,1,0,,,,,,,,,
461566,2010/11,2010-10-29,Sheikh Zayed Stadium,2,30.5,South Africa,Pakistan,JP Duminy,JH Kallis,Saeed Ajmal,0,0,,,,,,,,,
461566,2010/11,2010-10-29,Sheikh Zayed Stadium,2,30.6,South Africa,Pakistan,JP Duminy,JH Kallis,Saeed Ajmal,1,0,,,,,,,,,
461566,2010/11,2010-10-29,Sheikh Zayed Stadium,2,31.1,South Africa,Pakistan,JP Duminy,JH Kallis,Abdul Razzaq,0,0,,,,,,,,,
461566,2010/11,2010-10-29,Sheikh Zayed Stadium,2,31.2,South Africa,Pakistan,JP Duminy,JH Kallis,Abdul Razzaq,1,0,,,,,,,,,
461566,2010/11,2010-10-29,Sheikh Zayed Stadium,2,31.3,South Africa,Pakistan,JH Kallis,JP Duminy,Abdul Razzaq,1,0,,,,,,,,,
461566,2010/11,2010-10-29,Sheikh Zayed Stadium,2,31.4,South Africa,Pakistan,JP Duminy,JH Kallis,Abdul Razzaq,1,0,,,,,,,,,
461566,2010/11,2010-10-29,Sheikh Zayed Stadium,2,31.5,South Africa,Pakistan,JH Kallis,JP Duminy,Abdul Razzaq,1,0,,,,,,,,,
461566,2010/11,2010-10-29,Sheikh Zayed Stadium,2,31.6,South Africa,Pakistan,JP Duminy,JH Kallis,Abdul Razzaq,0,0,,,,,,,,,
461566,2010/11,2010-10-29,Sheikh Zayed Stadium,2,32.1,South Africa,Pakistan,JH Kallis,JP Duminy,Saeed Ajmal,0,0,,,,,,,,,
461566,2010/11,2010-10-29,Sheikh Zayed Stadium,2,32.2,South Africa,Pakistan,JH Kallis,JP Duminy,Saeed Ajmal,1,0,,,,,,,,,
461566,2010/11,2010-10-29,Sheikh Zayed Stadium,2,32.3,South Africa,Pakistan,JP Duminy,JH Kallis,Saeed Ajmal,1,0,,,,,,,,,
461566,2010/11,2010-10-29,Sheikh Zayed Stadium,2,32.4,South Africa,Pakistan,JH Kallis,JP Duminy,Saeed Ajmal,0,0,,,,,,,,,
461566,2010/11,2010-10-29,Sheikh Zayed Stadium,2,32.5,South Africa,Pakistan,JH Kallis,JP Duminy,Saeed Ajmal,1,0,,,,,,,,,
461566,2010/11,2010-10-29,Sheikh Zayed Stadium,2,32.6,South Africa,Pakistan,JP Duminy,JH Kallis,Saeed Ajmal,0,0,,,,,,,,,
461566,2010/11,2010-10-29,Sheikh Zayed Stadium,2,33.1,South Africa,Pakistan,JH Kallis,JP Duminy,Abdul Razzaq,0,0,,,,,,,,,
461566,2010/11,2010-10-29,Sheikh Zayed Stadium,2,33.2,South Africa,Pakistan,JH Kallis,JP Duminy,Abdul Razzaq,0,1,1,,,,,,,,
461566,2010/11,2010-10-29,Sheikh Zayed Stadium,2,33.3,South Africa,Pakistan,JH Kallis,JP Duminy,Abdul Razzaq,6,0,,,,,,,,,
461566,2010/11,2010-10-29,Sheikh Zayed Stadium,2,33.4,South Africa,Pakistan,JH Kallis,JP Duminy,Abdul Razzaq,4,0,,,,,,,,,
461566,2010/11,2010-10-29,Sheikh Zayed Stadium,2,33.5,South Africa,Pakistan,JH Kallis,JP Duminy,Abdul Razzaq,1,0,,,,,,,,,
461566,2010/11,2010-10-29,Sheikh Zayed Stadium,2,33.6,South Africa,Pakistan,JP Duminy,JH Kallis,Abdul Razzaq,0,0,,,,,,,,,
461566,2010/11,2010-10-29,Sheikh Zayed Stadium,2,33.7,South Africa,Pakistan,JP Duminy,JH Kallis,Abdul Razzaq,1,0,,,,,,,,,
461566,2010/11,2010-10-29,Sheikh Zayed Stadium,2,34.1,South Africa,Pakistan,JP Duminy,JH Kallis,Saeed Ajmal,0,0,,,,,,,,,
461566,2010/11,2010-10-29,Sheikh Zayed Stadium,2,34.2,South Africa,Pakistan,JP Duminy,JH Kallis,Saeed Ajmal,0,0,,,,,,,,,
461566,2010/11,2010-10-29,Sheikh Zayed Stadium,2,34.3,South Africa,Pakistan,JP Duminy,JH Kallis,Saeed Ajmal,0,0,,,,,,,,,
461566,2010/11,2010-10-29,Sheikh Zayed Stadium,2,34.4,South Africa,Pakistan,JP Duminy,JH Kallis,Saeed Ajmal,0,0,,,,,,,,,
461566,2010/11,2010-10-29,Sheikh Zayed Stadium,2,34.5,South Africa,Pakistan,JP Duminy,JH Kallis,Saeed Ajmal,0,0,,,,,,,,,
461566,2010/11,2010-10-29,Sheikh Zayed Stadium,2,34.6,South Africa,Pakistan,JP Duminy,JH Kallis,Saeed Ajmal,0,0,,,,,,,,,
461566,2010/11,2010-10-29,Sheikh Zayed Stadium,2,35.1,South Africa,Pakistan,JH Kallis,JP Duminy,Umar Gul,1,0,,,,,,,,,
461566,2010/11,2010-10-29,Sheikh Zayed Stadium,2,35.2,South Africa,Pakistan,JP Duminy,JH Kallis,Umar Gul,1,0,,,,,,,,,
461566,2010/11,2010-10-29,Sheikh Zayed Stadium,2,35.3,South Africa,Pakistan,JH Kallis,JP Duminy,Umar Gul,4,0,,,,,,retired hurt,JH Kallis,,
461566,2010/11,2010-10-29,Sheikh Zayed Stadium,2,35.4,South Africa,Pakistan,CA Ingram,JP Duminy,Umar Gul,0,0,,,,,,,,,
461566,2010/11,2010-10-29,Sheikh Zayed Stadium,2,35.5,South Africa,Pakistan,CA Ingram,JP Duminy,Umar Gul,1,0,,,,,,,,,
461566,2010/11,2010-10-29,Sheikh Zayed Stadium,2,35.6,South Africa,Pakistan,JP Duminy,CA Ingram,Umar Gul,0,0,,,,,,,,,
461566,2010/11,2010-10-29,Sheikh Zayed Stadium,2,36.1,South Africa,Pakistan,CA Ingram,JP Duminy,Shoaib Akhtar,0,0,,,,,,,,,
461566,2010/11,2010-10-29,Sheikh Zayed Stadium,2,36.2,South Africa,Pakistan,CA Ingram,JP Duminy,Shoaib Akhtar,1,0,,,,,,,,,
461566,2010/11,2010-10-29,Sheikh Zayed Stadium,2,36.3,South Africa,Pakistan,JP Duminy,CA Ingram,Shoaib Akhtar,0,0,,,,,,,,,
461566,2010/11,2010-10-29,Sheikh Zayed Stadium,2,36.4,South Africa,Pakistan,JP Duminy,CA Ingram,Shoaib Akhtar,0,0,,,,,,,,,
461566,2010/11,2010-10-29,Sheikh Zayed Stadium,2,36.5,South Africa,Pakistan,JP Duminy,CA Ingram,Shoaib Akhtar,1,0,,,,,,,,,
461566,2010/11,2010-10-29,Sheikh Zayed Stadium,2,36.6,South Africa,Pakistan,CA Ingram,JP Duminy,Shoaib Akhtar,0,0,,,,,,,,,
461566,2010/11,2010-10-29,Sheikh Zayed Stadium,2,37.1,South Africa,Pakistan,JP Duminy,CA Ingram,Umar Gul,1,0,,,,,,,,,
461566,2010/11,2010-10-29,Sheikh Zayed Stadium,2,37.2,South Africa,Pakistan,CA Ingram,JP Duminy,Umar Gul,0,0,,,,,,,,,
461566,2010/11,2010-10-29,Sheikh Zayed Stadium,2,37.3,South Africa,Pakistan,CA Ingram,JP Duminy,Umar Gul,4,0,,,,,,,,,
461566,2010/11,2010-10-29,Sheikh Zayed Stadium,2,37.4,South Africa,Pakistan,CA Ingram,JP Duminy,Umar Gul,1,0,,,,,,,,,
461566,2010/11,2010-10-29,Sheikh Zayed Stadium,2,37.5,South Africa,Pakistan,JP Duminy,CA Ingram,Umar Gul,0,0,,,,,,,,,
461566,2010/11,2010-10-29,Sheikh Zayed Stadium,2,37.6,South Africa,Pakistan,JP Duminy,CA Ingram,Umar Gul,0,0,,,,,,,,,
461566,2010/11,2010-10-29,Sheikh Zayed Stadium,2,38.1,South Africa,Pakistan,CA Ingram,JP Duminy,Shoaib Akhtar,0,4,,,,4,,,,,
461566,2010/11,2010-10-29,Sheikh Zayed Stadium,2,38.2,South Africa,Pakistan,CA Ingram,JP Duminy,Shoaib Akhtar,0,0,,,,,,,,,
461566,2010/11,2010-10-29,Sheikh Zayed Stadium,2,38.3,South Africa,Pakistan,CA Ingram,JP Duminy,Shoaib Akhtar,0,1,1,,,,,,,,
461566,2010/11,2010-10-29,Sheikh Zayed Stadium,2,38.4,South Africa,Pakistan,CA Ingram,JP Duminy,Shoaib Akhtar,0,0,,,,,,,,,
461566,2010/11,2010-10-29,Sheikh Zayed Stadium,2,38.5,South Africa,Pakistan,CA Ingram,JP Duminy,Shoaib Akhtar,0,0,,,,,,,,,
461566,2010/11,2010-10-29,Sheikh Zayed Stadium,2,38.6,South Africa,Pakistan,CA Ingram,JP Duminy,Shoaib Akhtar,0,0,,,,,,,,,
461566,2010/11,2010-10-29,Sheikh Zayed Stadium,2,38.7,South Africa,Pakistan,CA Ingram,JP Duminy,Shoaib Akhtar,1,0,,,,,,,,,
461566,2010/11,2010-10-29,Sheikh Zayed Stadium,2,39.1,South Africa,Pakistan,CA Ingram,JP Duminy,Umar Gul,0,0,,,,,,,,,
461566,2010/11,2010-10-29,Sheikh Zayed Stadium,2,39.2,South Africa,Pakistan,CA Ingram,JP Duminy,Umar Gul,0,0,,,,,,,,,
461566,2010/11,2010-10-29,Sheikh Zayed Stadium,2,39.3,South Africa,Pakistan,CA Ingram,JP Duminy,Umar Gul,4,0,,,,,,,,,
