match_id,season,start_date,venue,innings,ball,batting_team,bowling_team,striker,non_striker,bowler,runs_off_bat,extras,wides,noballs,byes,legbyes,penalty,wicket_type,player_dismissed,other_wicket_type,other_player_dismissed
463143,2010/11,2010-10-15,OUTsurance Oval,1,0.1,South Africa,Zimbabwe,HM Amla,GC Smith,CB Mpofu,0,1,1,,,,,,,,
463143,2010/11,2010-10-15,OUTsurance Oval,1,0.2,South Africa,Zimbabwe,HM Amla,GC Smith,CB Mpofu,0,0,,,,,,,,,
463143,2010/11,2010-10-15,OUTsurance Oval,1,0.3,South Africa,Zimbabwe,HM Amla,GC Smith,CB Mpofu,0,0,,,,,,,,,
463143,2010/11,2010-10-15,OUTsurance Oval,1,0.4,South Africa,Zimbabwe,HM Amla,GC Smith,CB Mpofu,0,0,,,,,,,,,
463143,2010/11,2010-10-15,OUTsurance Oval,1,0.5,South Africa,Zimbabwe,HM Amla,GC Smith,CB Mpofu,4,0,,,,,,,,,
463143,2010/11,2010-10-15,OUTsurance Oval,1,0.6,South Africa,Zimbabwe,HM Amla,GC Smith,CB Mpofu,4,0,,,,,,,,,
463143,2010/11,2010-10-15,OUTsurance Oval,1,0.7,South Africa,Zimbabwe,HM Amla,GC Smith,CB Mpofu,0,0,,,,,,,,,
463143,2010/11,2010-10-15,OUTsurance Oval,1,1.1,South Africa,Zimbabwe,GC Smith,HM Amla,SW Masakadza,0,0,,,,,,,,,
463143,2010/11,2010-10-15,OUTsurance Oval,1,1.2,South Africa,Zimbabwe,GC Smith,HM Amla,SW Masakadza,0,0,,,,,,,,,
463143,2010/11,2010-10-15,OUTsurance Oval,1,1.3,South Africa,Zimbabwe,GC Smith,HM Amla,SW Masakadza,1,0,,,,,,,,,
463143,2010/11,2010-10-15,OUTsurance Oval,1,1.4,South Africa,Zimbabwe,HM Amla,GC Smith,SW Masakadza,2,0,,,,,,,,,
463143,2010/11,2010-10-15,OUTsurance Oval,1,1.5,South Africa,Zimbabwe,HM Amla,GC Smith,SW Masakadza,4,0,,,,,,,,,
463143,2010/11,2010-10-15,OUTsurance Oval,1,1.6,South Africa,Zimbabwe,HM Amla,GC Smith,SW Masakadza,0,0,,,,,,,,,
463143,2010/11,2010-10-15,OUTsurance Oval,1,2.1,South Africa,Zimbabwe,GC Smith,HM Amla,CB Mpofu,4,0,,,,,,,,,
463143,2010/11,2010-10-15,OUTsurance Oval,1,2.2,South Africa,Zimbabwe,GC Smith,HM Amla,CB Mpofu,0,0,,,,,,,,,
463143,2010/11,2010-10-15,OUTsurance Oval,1,2.3,South Africa,Zimbabwe,GC Smith,HM Amla,CB Mpofu,0,0,,,,,,,,,
463143,2010/11,2010-10-15,OUTsurance Oval,1,2.4,South Africa,Zimbabwe,GC Smith,HM Amla,CB Mpofu,0,1,1,,,,,,,,
463143,2010/11,2010-10-15,OUTsurance Oval,1,2.5,South Africa,Zimbabwe,GC Smith,HM Amla,CB Mpofu,0,0,,,,,,,,,
463143,2010/11,2010-10-15,OUTsurance Oval,1,2.6,South Africa,Zimbabwe,GC Smith,HM Amla,CB Mpofu,0,0,,,,,,,,,
463143,2010/11,2010-10-15,OUTsurance Oval,1,2.7,South Africa,Zimbabwe,GC Smith,HM Amla,CB Mpofu,4,0,,,,,,,,,
463143,2010/11,2010-10-15,OUTsurance Oval,1,3.1,South Africa,Zimbabwe,HM Amla,GC Smith,SW Masakadza,0,0,,,,,,,,,
463143,2010/11,2010-10-15,OUTsurance Oval,1,3.2,South Africa,Zimbabwe,HM Amla,GC Smith,SW Masakadza,4,0,,,,,,,,,
463143,2010/11,2010-10-15,OUTsurance Oval,1,3.3,South Africa,Zimbabwe,HM Amla,GC Smith,SW Masakadza,0,0,,,,,,,,,
463143,2010/11,2010-10-15,OUTsurance Oval,1,3.4,South Africa,Zimbabwe,HM Amla,GC Smith,SW Masakadza,2,0,,,,,,,,,
463143,2010/11,2010-10-15,OUTsurance Oval,1,3.5,South Africa,Zimbabwe,HM Amla,GC Smith,SW Masakadza,4,0,,,,,,,,,
463143,2010/11,2010-10-15,OUTsurance Oval,1,3.6,South Africa,Zimbabwe,HM Amla,GC Smith,SW Masakadza,1,0,,,,,,,,,
463143,2010/11,2010-10-15,OUTsurance Oval,1,4.1,South Africa,Zimbabwe,HM Amla,GC Smith,CB Mpofu,0,1,1,,,,,,,,
463143,2010/11,2010-10-15,OUTsurance Oval,1,4.2,South Africa,Zimbabwe,HM Amla,GC Smith,CB Mpofu,1,0,,,,,,,,,
463143,2010/11,2010-10-15,OUTsurance Oval,1,4.3,South Africa,Zimbabwe,GC Smith,HM Amla,CB Mpofu,0,0,,,,,,,,,
463143,2010/11,2010-10-15,OUTsurance Oval,1,4.4,South Africa,Zimbabwe,GC Smith,HM Amla,CB Mpofu,1,0,,,,,,,,,
463143,2010/11,2010-10-15,OUTsurance Oval,1,4.5,South Africa,Zimbabwe,HM Amla,GC Smith,CB Mpofu,0,0,,,,,,,,,
463143,2010/11,2010-10-15,OUTsurance Oval,1,4.6,South Africa,Zimbabwe,HM Amla,GC Smith,CB Mpofu,0,0,,,,,,,,,
463143,2010/11,2010-10-15,OUTsurance Oval,1,4.7,South Africa,Zimbabwe,HM Amla,GC Smith,CB Mpofu,4,0,,,,,,,,,
463143,2010/11,2010-10-15,OUTsurance Oval,1,5.1,South Africa,Zimbabwe,GC Smith,HM Amla,SW Masakadza,0,0,,,,,,,,,
463143,2010/11,2010-10-15,OUTsurance Oval,1,5.2,South Africa,Zimbabwe,GC Smith,HM Amla,SW Masakadza,0,0,,,,,,,,,
463143,2010/11,2010-10-15,OUTsurance Oval,1,5.3,South Africa,Zimbabwe,GC Smith,HM Amla,SW Masakadza,1,0,,,,,,,,,
463143,2010/11,2010-10-15,OUTsurance Oval,1,5.4,South Africa,Zimbabwe,HM Amla,GC Smith,SW Masakadza,0,0,,,,,,,,,
463143,2010/11,2010-10-15,OUTsurance Oval,1,5.5,South Africa,Zimbabwe,HM Amla,GC Smith,SW Masakadza,0,0,,,,,,,,,
463143,2010/11,2010-10-15,OUTsurance Oval,1,5.6,South Africa,Zimbabwe,HM Amla,GC Smith,SW Masakadza,0,0,,,,,,,,,
463143,2010/11,2010-10-15,OUTsurance Oval,1,6.1,South Africa,Zimbabwe,GC Smith,HM Amla,CB Mpofu,0,0,,,,,,,,,
463143,2010/11,2010-10-15,OUTsurance Oval,1,6.2,South Africa,Zimbabwe,GC Smith,HM Amla,CB Mpofu,1,0,,,,,,,,,
463143,2010/11,2010-10-15,OUTsurance Oval,1,6.3,South Africa,Zimbabwe,HM Amla,GC Smith,CB Mpofu,0,0,,,,,,,,,
463143,2010/11,2010-10-15,OUTsurance Oval,1,6.4,South Africa,Zimbabwe,HM Amla,GC Smith,CB Mpofu,1,0,,,,,,,,,
463143,2010/11,2010-10-15,OUTsurance Oval,1,6.5,South Africa,Zimbabwe,GC Smith,HM Amla,CB Mpofu,3,0,,,,,,,,,
463143,2010/11,2010-10-15,OUTsurance Oval,1,6.6,South Africa,Zimbabwe,HM Amla,GC Smith,CB Mpofu,0,1,1,,,,,,,,
463143,2010/11,2010-10-15,OUTsurance Oval,1,6.7,South Africa,Zimbabwe,HM Amla,GC Smith,CB Mpofu,4,0,,,,,,,,,
463143,2010/11,2010-10-15,OUTsurance Oval,1,7.1,South Africa,Zimbabwe,GC Smith,HM Amla,SW Masakadza,4,0,,,,,,,,,
463143,2010/11,2010-10-15,OUTsurance Oval,1,7.2,South Africa,Zimbabwe,GC Smith,HM Amla,SW Masakadza,0,1,,,,1,,,,,
463143,2010/11,2010-10-15,OUTsurance Oval,1,7.3,South Africa,Zimbabwe,HM Amla,GC Smith,SW Masakadza,4,0,,,,,,,,,
463143,2010/11,2010-10-15,OUTsurance Oval,1,7.4,South Africa,Zimbabwe,HM Amla,GC Smith,SW Masakadza,1,0,,,,,,,,,
463143,2010/11,2010-10-15,OUTsurance Oval,1,7.5,South Africa,Zimbabwe,GC Smith,HM Amla,SW Masakadza,0,0,,,,,,caught,GC Smith,,
463143,2010/11,2010-10-15,OUTsurance Oval,1,7.6,South Africa,Zimbabwe,CA Ingram,HM Amla,SW Masakadza,0,0,,,,,,,,,
463143,2010/11,2010-10-15,OUTsurance Oval,1,8.1,South Africa,Zimbabwe,HM Amla,CA Ingram,E Chigumbura,4,0,,,,,,,,,
463143,2010/11,2010-10-15,OUTsurance Oval,1,8.2,South Africa,Zimbabwe,HM Amla,CA Ingram,E Chigumbura,1,0,,,,,,,,,
463143,2010/11,2010-10-15,OUTsurance Oval,1,8.3,South Africa,Zimbabwe,CA Ingram,HM Amla,E Chigumbura,0,0,,,,,,,,,
463143,2010/11,2010-10-15,OUTsurance Oval,1,8.4,South Africa,Zimbabwe,CA Ingram,HM Amla,E Chigumbura,0,0,,,,,,,,,
463143,2010/11,2010-10-15,OUTsurance Oval,1,8.5,South Africa,Zimbabwe,CA Ingram,HM Amla,E Chigumbura,0,0,,,,,,,,,
463143,2010/11,2010-10-15,OUTsurance Oval,1,8.6,South Africa,Zimbabwe,CA Ingram,HM Amla,E Chigumbura,1,0,,,,,,,,,
463143,2010/11,2010-10-15,OUTsurance Oval,1,9.1,South Africa,Zimbabwe,CA Ingram,HM Amla,SW Masakadza,0,0,,,,,,,,,
463143,2010/11,2010-10-15,OUTsurance Oval,1,9.2,South Africa,Zimbabwe,CA Ingram,HM Amla,SW Masakadza,1,0,,,,,,,,,
463143,2010/11,2010-10-15,OUTsurance Oval,1,9.3,South Africa,Zimbabwe,HM Amla,CA Ingram,SW Masakadza,1,0,,,,,,,,,
463143,2010/11,2010-10-15,OUTsurance Oval,1,9.4,South Africa,Zimbabwe,CA Ingram,HM Amla,SW Masakadza,4,0,,,,,,,,,
463143,2010/11,2010-10-15,OUTsurance Oval,1,9.5,South Africa,Zimbabwe,CA Ingram,HM Amla,SW Masakadza,0,0,,,,,,,,,
463143,2010/11,2010-10-15,OUTsurance Oval,1,9.6,South Africa,Zimbabwe,CA Ingram,HM Amla,SW Masakadza,1,0,,,,,,,,,
463143,2010/11,2010-10-15,OUTsurance Oval,1,10.1,South Africa,Zimbabwe,CA Ingram,HM Amla,E Chigumbura,0,1,1,,,,,,,,
463143,2010/11,2010-10-15,OUTsurance Oval,1,10.2,South Africa,Zimbabwe,CA Ingram,HM Amla,E Chigumbura,0,0,,,,,,,,,
463143,2010/11,2010-10-15,OUTsurance Oval,1,10.3,South Africa,Zimbabwe,CA Ingram,HM Amla,E Chigumbura,2,0,,,,,,,,,
463143,2010/11,2010-10-15,OUTsurance Oval,1,10.4,South Africa,Zimbabwe,CA Ingram,HM Amla,E Chigumbura,1,0,,,,,,,,,
463143,2010/11,2010-10-15,OUTsurance Oval,1,10.5,South Africa,Zimbabwe,HM Amla,CA Ingram,E Chigumbura,2,0,,,,,,,,,
463143,2010/11,2010-10-15,OUTsurance Oval,1,10.6,South Africa,Zimbabwe,HM Amla,CA Ingram,E Chigumbura,4,0,,,,,,,,,
463143,2010/11,2010-10-15,OUTsurance Oval,1,10.7,South Africa,Zimbabwe,HM Amla,CA Ingram,E Chigumbura,0,0,,,,,,,,,
463143,2010/11,2010-10-15,OUTsurance Oval,1,11.1,South Africa,Zimbabwe,CA Ingram,HM Amla,SW Masakadza,0,0,,,,,,,,,
463143,2010/11,2010-10-15,OUTsurance Oval,1,11.2,South Africa,Zimbabwe,CA Ingram,HM Amla,SW Masakadza,1,0,,,,,,,,,
463143,2010/11,2010-10-15,OUTsurance Oval,1,11.3,South Africa,Zimbabwe,HM Amla,CA Ingram,SW Masakadza,1,0,,,,,,,,,
463143,2010/11,2010-10-15,OUTsurance Oval,1,11.4,South Africa,Zimbabwe,CA Ingram,HM Amla,SW Masakadza,0,0,,,,,,,,,
463143,2010/11,2010-10-15,OUTsurance Oval,1,11.5,South Africa,Zimbabwe,CA Ingram,HM Amla,SW Masakadza,0,0,,,,,,,,,
463143,2010/11,2010-10-15,OUTsurance Oval,1,11.6,South Africa,Zimbabwe,CA Ingram,HM Amla,SW Masakadza,0,0,,,,,,,,,
463143,2010/11,2010-10-15,OUTsurance Oval,1,12.1,South Africa,Zimbabwe,HM Amla,CA Ingram,E Chigumbura,0,0,,,,,,,,,
463143,2010/11,2010-10-15,OUTsurance Oval,1,12.2,South Africa,Zimbabwe,HM Amla,CA Ingram,E Chigumbura,4,0,,,,,,,,,
463143,2010/11,2010-10-15,OUTsurance Oval,1,12.3,South Africa,Zimbabwe,HM Amla,CA Ingram,E Chigumbura,1,0,,,,,,,,,
463143,2010/11,2010-10-15,OUTsurance Oval,1,12.4,South Africa,Zimbabwe,CA Ingram,HM Amla,E Chigumbura,0,0,,,,,,,,,
463143,2010/11,2010-10-15,OUTsurance Oval,1,12.5,South Africa,Zimbabwe,CA Ingram,HM Amla,E Chigumbura,1,0,,,,,,,,,
463143,2010/11,2010-10-15,OUTsurance Oval,1,12.6,South Africa,Zimbabwe,HM Amla,CA Ingram,E Chigumbura,1,0,,,,,,,,,
463143,2010/11,2010-10-15,OUTsurance Oval,1,13.1,South Africa,Zimbabwe,HM Amla,CA Ingram,P Utseya,1,0,,,,,,,,,
463143,2010/11,2010-10-15,OUTsurance Oval,1,13.2,South Africa,Zimbabwe,CA Ingram,HM Amla,P Utseya,0,0,,,,,,,,,
463143,2010/11,2010-10-15,OUTsurance Oval,1,13.3,South Africa,Zimbabwe,CA Ingram,HM Amla,P Utseya,1,0,,,,,,,,,
463143,2010/11,2010-10-15,OUTsurance Oval,1,13.4,South Africa,Zimbabwe,HM Amla,CA Ingram,P Utseya,1,0,,,,,,,,,
463143,2010/11,2010-10-15,OUTsurance Oval,1,13.5,South Africa,Zimbabwe,CA Ingram,HM Amla,P Utseya,0,0,,,,,,,,,
463143,2010/11,2010-10-15,OUTsurance Oval,1,13.6,South Africa,Zimbabwe,CA Ingram,HM Amla,P Utseya,1,0,,,,,,,,,
463143,2010/11,2010-10-15,OUTsurance Oval,1,14.1,South Africa,Zimbabwe,CA Ingram,HM Amla,E Chigumbura,0,1,1,,,,,,,,
463143,2010/11,2010-10-15,OUTsurance Oval,1,14.2,South Africa,Zimbabwe,CA Ingram,HM Amla,E Chigumbura,1,0,,,,,,,,,
463143,2010/11,2010-10-15,OUTsurance Oval,1,14.3,South Africa,Zimbabwe,HM Amla,CA Ingram,E Chigumbura,1,0,,,,,,,,,
463143,2010/11,2010-10-15,OUTsurance Oval,1,14.4,South Africa,Zimbabwe,CA Ingram,HM Amla,E Chigumbura,0,1,1,,,,,,,,
463143,2010/11,2010-10-15,OUTsurance Oval,1,14.5,South Africa,Zimbabwe,CA Ingram,HM Amla,E Chigumbura,0,0,,,,,,,,,
463143,2010/11,2010-10-15,OUTsurance Oval,1,14.6,South Africa,Zimbabwe,CA Ingram,HM Amla,E Chigumbura,0,0,,,,,,,,,
463143,2010/11,2010-10-15,OUTsurance Oval,1,14.7,South Africa,Zimbabwe,CA Ingram,HM Amla,E Chigumbura,1,0,,,,,,,,,
463143,2010/11,2010-10-15,OUTsurance Oval,1,14.8,South Africa,Zimbabwe,HM Amla,CA Ingram,E Chigumbura,1,0,,,,,,,,,
463143,2010/11,2010-10-15,OUTsurance Oval,1,15.1,South Africa,Zimbabwe,HM Amla,CA Ingram,P Utseya,0,0,,,,,,,,,
463143,2010/11,2010-10-15,OUTsurance Oval,1,15.2,South Africa,Zimbabwe,HM Amla,CA Ingram,P Utseya,1,0,,,,,,,,,
463143,2010/11,2010-10-15,OUTsurance Oval,1,15.3,South Africa,Zimbabwe,CA Ingram,HM Amla,P Utseya,4,0,,,,,,,,,
463143,2010/11,2010-10-15,OUTsurance Oval,1,15.4,South Africa,Zimbabwe,CA Ingram,HM Amla,P Utseya,0,0,,,,,,,,,
463143,2010/11,2010-10-15,OUTsurance Oval,1,15.5,South Africa,Zimbabwe,CA Ingram,HM Amla,P Utseya,0,1,,,,1,,,,,
463143,2010/11,2010-10-15,OUTsurance Oval,1,15.6,South Africa,Zimbabwe,HM Amla,CA Ingram,P Utseya,1,0,,,,,,,,,
463143,2010/11,2010-10-15,OUTsurance Oval,1,16.1,South Africa,Zimbabwe,HM Amla,CA Ingram,AG Cremer,0,0,,,,,,,,,
463143,2010/11,2010-10-15,OUTsurance Oval,1,16.2,South Africa,Zimbabwe,HM Amla,CA Ingram,AG Cremer,0,0,,,,,,,,,
463143,2010/11,2010-10-15,OUTsurance Oval,1,16.3,South Africa,Zimbabwe,HM Amla,CA Ingram,AG Cremer,0,0,,,,,,,,,
463143,2010/11,2010-10-15,OUTsurance Oval,1,16.4,South Africa,Zimbabwe,HM Amla,CA Ingram,AG Cremer,1,0,,,,,,,,,
463143,2010/11,2010-10-15,OUTsurance Oval,1,16.5,South Africa,Zimbabwe,CA Ingram,HM Amla,AG Cremer,1,0,,,,,,,,,
463143,2010/11,2010-10-15,OUTsurance Oval,1,16.6,South Africa,Zimbabwe,HM Amla,CA Ingram,AG Cremer,1,0,,,,,,,,,
463143,2010/11,2010-10-15,OUTsurance Oval,1,17.1,South Africa,Zimbabwe,HM Amla,CA Ingram,P Utseya,0,0,,,,,,,,,
463143,2010/11,2010-10-15,OUTsurance Oval,1,17.2,South Africa,Zimbabwe,HM Amla,CA Ingram,P Utseya,1,0,,,,,,,,,
463143,2010/11,2010-10-15,OUTsurance Oval,1,17.3,South Africa,Zimbabwe,CA Ingram,HM Amla,P Utseya,1,0,,,,,,,,,
463143,2010/11,2010-10-15,OUTsurance Oval,1,17.4,South Africa,Zimbabwe,HM Amla,CA Ingram,P Utseya,1,0,,,,,,,,,
463143,2010/11,2010-10-15,OUTsurance Oval,1,17.5,South Africa,Zimbabwe,CA Ingram,HM Amla,P Utseya,1,0,,,,,,,,,
463143,2010/11,2010-10-15,OUTsurance Oval,1,17.6,South Africa,Zimbabwe,HM Amla,CA Ingram,P Utseya,1,0,,,,,,,,,
463143,2010/11,2010-10-15,OUTsurance Oval,1,18.1,South Africa,Zimbabwe,HM Amla,CA Ingram,AG Cremer,0,0,,,,,,,,,
463143,2010/11,2010-10-15,OUTsurance Oval,1,18.2,South Africa,Zimbabwe,HM Amla,CA Ingram,AG Cremer,1,0,,,,,,,,,
463143,2010/11,2010-10-15,OUTsurance Oval,1,18.3,South Africa,Zimbabwe,CA Ingram,HM Amla,AG Cremer,1,0,,,,,,,,,
463143,2010/11,2010-10-15,OUTsurance Oval,1,18.4,South Africa,Zimbabwe,HM Amla,CA Ingram,AG Cremer,2,0,,,,,,,,,
463143,2010/11,2010-10-15,OUTsurance Oval,1,18.5,South Africa,Zimbabwe,HM Amla,CA Ingram,AG Cremer,1,0,,,,,,,,,
463143,2010/11,2010-10-15,OUTsurance Oval,1,18.6,South Africa,Zimbabwe,CA Ingram,HM Amla,AG Cremer,1,0,,,,,,,,,
463143,2010/11,2010-10-15,OUTsurance Oval,1,19.1,South Africa,Zimbabwe,CA Ingram,HM Amla,P Utseya,2,0,,,,,,,,,
463143,2010/11,2010-10-15,OUTsurance Oval,1,19.2,South Africa,Zimbabwe,CA Ingram,HM Amla,P Utseya,0,0,,,,,,,,,
463143,2010/11,2010-10-15,OUTsurance Oval,1,19.3,South Africa,Zimbabwe,CA Ingram,HM Amla,P Utseya,0,1,1,,,,,,,,
463143,2010/11,2010-10-15,OUTsurance Oval,1,19.4,South Africa,Zimbabwe,CA Ingram,HM Amla,P Utseya,1,0,,,,,,,,,
463143,2010/11,2010-10-15,OUTsurance Oval,1,19.5,South Africa,Zimbabwe,HM Amla,CA Ingram,P Utseya,1,0,,,,,,,,,
463143,2010/11,2010-10-15,OUTsurance Oval,1,19.6,South Africa,Zimbabwe,CA Ingram,HM Amla,P Utseya,0,0,,,,,,,,,
463143,2010/11,2010-10-15,OUTsurance Oval,1,19.7,South Africa,Zimbabwe,CA Ingram,HM Amla,P Utseya,1,0,,,,,,,,,
463143,2010/11,2010-10-15,OUTsurance Oval,1,20.1,South Africa,Zimbabwe,CA Ingram,HM Amla,AG Cremer,2,0,,,,,,,,,
463143,2010/11,2010-10-15,OUTsurance Oval,1,20.2,South Africa,Zimbabwe,CA Ingram,HM Amla,AG Cremer,0,0,,,,,,,,,
463143,2010/11,2010-10-15,OUTsurance Oval,1,20.3,South Africa,Zimbabwe,CA Ingram,HM Amla,AG Cremer,1,0,,,,,,,,,
463143,2010/11,2010-10-15,OUTsurance Oval,1,20.4,South Africa,Zimbabwe,HM Amla,CA Ingram,AG Cremer,0,0,,,,,,,,,
463143,2010/11,2010-10-15,OUTsurance Oval,1,20.5,South Africa,Zimbabwe,HM Amla,CA Ingram,AG Cremer,0,0,,,,,,,,,
463143,2010/11,2010-10-15,OUTsurance Oval,1,20.6,South Africa,Zimbabwe,HM Amla,CA Ingram,AG Cremer,4,0,,,,,,,,,
463143,2010/11,2010-10-15,OUTsurance Oval,1,21.1,South Africa,Zimbabwe,CA Ingram,HM Amla,P Utseya,1,0,,,,,,,,,
463143,2010/11,2010-10-15,OUTsurance Oval,1,21.2,South Africa,Zimbabwe,HM Amla,CA Ingram,P Utseya,4,0,,,,,,,,,
463143,2010/11,2010-10-15,OUTsurance Oval,1,21.3,South Africa,Zimbabwe,HM Amla,CA Ingram,P Utseya,1,0,,,,,,,,,
463143,2010/11,2010-10-15,OUTsurance Oval,1,21.4,South Africa,Zimbabwe,CA Ingram,HM Amla,P Utseya,1,0,,,,,,,,,
463143,2010/11,2010-10-15,OUTsurance Oval,1,21.5,South Africa,Zimbabwe,HM Amla,CA Ingram,P Utseya,1,0,,,,,,,,,
463143,2010/11,2010-10-15,OUTsurance Oval,1,21.6,South Africa,Zimbabwe,CA Ingram,HM Amla,P Utseya,0,0,,,,,,,,,
463143,2010/11,2010-10-15,OUTsurance Oval,1,22.1,South Africa,Zimbabwe,HM Amla,CA Ingram,AG Cremer,1,0,,,,,,,,,
463143,2010/11,2010-10-15,OUTsurance Oval,1,22.2,South Africa,Zimbabwe,CA Ingram,HM Amla,AG Cremer,2,0,,,,,,,,,
463143,2010/11,2010-10-15,OUTsurance Oval,1,22.3,South Africa,Zimbabwe,CA Ingram,HM Amla,AG Cremer,0,1,,,,1,,,,,
463143,2010/11,2010-10-15,OUTsurance Oval,1,22.4,South Africa,Zimbabwe,HM Amla,CA Ingram,AG Cremer,0,0,,,,,,,,,
463143,2010/11,2010-10-15,OUTsurance Oval,1,22.5,South Africa,Zimbabwe,HM Amla,CA Ingram,AG Cremer,1,0,,,,,,,,,
463143,2010/11,2010-10-15,OUTsurance Oval,1,22.6,South Africa,Zimbabwe,CA Ingram,HM Amla,AG Cremer,0,0,,,,,,,,,
463143,2010/11,2010-10-15,OUTsurance Oval,1,23.1,South Africa,Zimbabwe,HM Amla,CA Ingram,GW Flower,2,0,,,,,,,,,
463143,2010/11,2010-10-15,OUTsurance Oval,1,23.2,South Africa,Zimbabwe,HM Amla,CA Ingram,GW Flower,0,0,,,,,,,,,
463143,2010/11,2010-10-15,OUTsurance Oval,1,23.3,South Africa,Zimbabwe,HM Amla,CA Ingram,GW Flower,1,0,,,,,,,,,
463143,2010/11,2010-10-15,OUTsurance Oval,1,23.4,South Africa,Zimbabwe,CA Ingram,HM Amla,GW Flower,1,0,,,,,,,,,
463143,2010/11,2010-10-15,OUTsurance Oval,1,23.5,South Africa,Zimbabwe,HM Amla,CA Ingram,GW Flower,1,0,,,,,,,,,
463143,2010/11,2010-10-15,OUTsurance Oval,1,23.6,South Africa,Zimbabwe,CA Ingram,HM Amla,GW Flower,0,0,,,,,,,,,
463143,2010/11,2010-10-15,OUTsurance Oval,1,24.1,South Africa,Zimbabwe,HM Amla,CA Ingram,AG Cremer,1,0,,,,,,,,,
463143,2010/11,2010-10-15,OUTsurance Oval,1,24.2,South Africa,Zimbabwe,CA Ingram,HM Amla,AG Cremer,3,0,,,,,,,,,
463143,2010/11,2010-10-15,OUTsurance Oval,1,24.3,South Africa,Zimbabwe,HM Amla,CA Ingram,AG Cremer,0,0,,,,,,,,,
463143,2010/11,2010-10-15,OUTsurance Oval,1,24.4,South Africa,Zimbabwe,HM Amla,CA Ingram,AG Cremer,0,0,,,,,,,,,
463143,2010/11,2010-10-15,OUTsurance Oval,1,24.5,South Africa,Zimbabwe,HM Amla,CA Ingram,AG Cremer,1,0,,,,,,,,,
463143,2010/11,2010-10-15,OUTsurance Oval,1,24.6,South Africa,Zimbabwe,CA Ingram,HM Amla,AG Cremer,1,0,,,,,,,,,
463143,2010/11,2010-10-15,OUTsurance Oval,1,25.1,South Africa,Zimbabwe,CA Ingram,HM Amla,GW Flower,1,0,,,,,,,,,
463143,2010/11,2010-10-15,OUTsurance Oval,1,25.2,South Africa,Zimbabwe,HM Amla,CA Ingram,GW Flower,1,0,,,,,,,,,
463143,2010/11,2010-10-15,OUTsurance Oval,1,25.3,South Africa,Zimbabwe,CA Ingram,HM Amla,GW Flower,1,0,,,,,,,,,
463143,2010/11,2010-10-15,OUTsurance Oval,1,25.4,South Africa,Zimbabwe,HM Amla,CA Ingram,GW Flower,0,0,,,,,,,,,
463143,2010/11,2010-10-15,OUTsurance Oval,1,25.5,South Africa,Zimbabwe,HM Amla,CA Ingram,GW Flower,1,0,,,,,,,,,
463143,2010/11,2010-10-15,OUTsurance Oval,1,25.6,South Africa,Zimbabwe,CA Ingram,HM Amla,GW Flower,1,0,,,,,,,,,
463143,2010/11,2010-10-15,OUTsurance Oval,1,26.1,South Africa,Zimbabwe,CA Ingram,HM Amla,AG Cremer,0,0,,,,,,,,,
463143,2010/11,2010-10-15,OUTsurance Oval,1,26.2,South Africa,Zimbabwe,CA Ingram,HM Amla,AG Cremer,1,0,,,,,,,,,
463143,2010/11,2010-10-15,OUTsurance Oval,1,26.3,South Africa,Zimbabwe,HM Amla,CA Ingram,AG Cremer,1,0,,,,,,,,,
463143,2010/11,2010-10-15,OUTsurance Oval,1,26.4,South Africa,Zimbabwe,CA Ingram,HM Amla,AG Cremer,1,0,,,,,,,,,
463143,2010/11,2010-10-15,OUTsurance Oval,1,26.5,South Africa,Zimbabwe,HM Amla,CA Ingram,AG Cremer,0,0,,,,,,,,,
463143,2010/11,2010-10-15,OUTsurance Oval,1,26.6,South Africa,Zimbabwe,HM Amla,CA Ingram,AG Cremer,0,0,,,,,,,,,
463143,2010/11,2010-10-15,OUTsurance Oval,1,27.1,South Africa,Zimbabwe,CA Ingram,HM Amla,GW Flower,1,0,,,,,,,,,
463143,2010/11,2010-10-15,OUTsurance Oval,1,27.2,South Africa,Zimbabwe,HM Amla,CA Ingram,GW Flower,2,0,,,,,,,,,
463143,2010/11,2010-10-15,OUTsurance Oval,1,27.3,South Africa,Zimbabwe,HM Amla,CA Ingram,GW Flower,1,0,,,,,,,,,
463143,2010/11,2010-10-15,OUTsurance Oval,1,27.4,South Africa,Zimbabwe,CA Ingram,HM Amla,GW Flower,1,0,,,,,,,,,
463143,2010/11,2010-10-15,OUTsurance Oval,1,27.5,South Africa,Zimbabwe,HM Amla,CA Ingram,GW Flower,0,0,,,,,,,,,
463143,2010/11,2010-10-15,OUTsurance Oval,1,27.6,South Africa,Zimbabwe,HM Amla,CA Ingram,GW Flower,0,0,,,,,,,,,
463143,2010/11,2010-10-15,OUTsurance Oval,1,28.1,South Africa,Zimbabwe,CA Ingram,HM Amla,AG Cremer,0,0,,,,,,,,,
463143,2010/11,2010-10-15,OUTsurance Oval,1,28.2,South Africa,Zimbabwe,CA Ingram,HM Amla,AG Cremer,1,0,,,,,,,,,
463143,2010/11,2010-10-15,OUTsurance Oval,1,28.3,South Africa,Zimbabwe,HM Amla,CA Ingram,AG Cremer,4,0,,,,,,,,,
463143,2010/11,2010-10-15,OUTsurance Oval,1,28.4,South Africa,Zimbabwe,HM Amla,CA Ingram,AG Cremer,1,0,,,,,,,,,
463143,2010/11,2010-10-15,OUTsurance Oval,1,28.5,South Africa,Zimbabwe,CA Ingram,HM Amla,AG Cremer,1,0,,,,,,,,,
463143,2010/11,2010-10-15,OUTsurance Oval,1,28.6,South Africa,Zimbabwe,HM Amla,CA Ingram,AG Cremer,1,0,,,,,,,,,
463143,2010/11,2010-10-15,OUTsurance Oval,1,29.1,South Africa,Zimbabwe,HM Amla,CA Ingram,GW Flower,1,0,,,,,,,,,
463143,2010/11,2010-10-15,OUTsurance Oval,1,29.2,South Africa,Zimbabwe,CA Ingram,HM Amla,GW Flower,1,0,,,,,,,,,
463143,2010/11,2010-10-15,OUTsurance Oval,1,29.3,South Africa,Zimbabwe,HM Amla,CA Ingram,GW Flower,0,0,,,,,,,,,
463143,2010/11,2010-10-15,OUTsurance Oval,1,29.4,South Africa,Zimbabwe,HM Amla,CA Ingram,GW Flower,1,0,,,,,,,,,
463143,2010/11,2010-10-15,OUTsurance Oval,1,29.5,South Africa,Zimbabwe,CA Ingram,HM Amla,GW Flower,4,0,,,,,,,,,
463143,2010/11,2010-10-15,OUTsurance Oval,1,29.6,South Africa,Zimbabwe,CA Ingram,HM Amla,GW Flower,1,0,,,,,,,,,
463143,2010/11,2010-10-15,OUTsurance Oval,1,30.1,South Africa,Zimbabwe,CA Ingram,HM Amla,CB Mpofu,1,0,,,,,,,,,
463143,2010/11,2010-10-15,OUTsurance Oval,1,30.2,South Africa,Zimbabwe,HM Amla,CA Ingram,CB Mpofu,0,0,,,,,,,,,
463143,2010/11,2010-10-15,OUTsurance Oval,1,30.3,South Africa,Zimbabwe,HM Amla,CA Ingram,CB Mpofu,1,0,,,,,,,,,
463143,2010/11,2010-10-15,OUTsurance Oval,1,30.4,South Africa,Zimbabwe,CA Ingram,HM Amla,CB Mpofu,0,0,,,,,,,,,
463143,2010/11,2010-10-15,OUTsurance Oval,1,30.5,South Africa,Zimbabwe,CA Ingram,HM Amla,CB Mpofu,0,0,,,,,,,,,
463143,2010/11,2010-10-15,OUTsurance Oval,1,30.6,South Africa,Zimbabwe,CA Ingram,HM Amla,CB Mpofu,1,0,,,,,,,,,
463143,2010/11,2010-10-15,OUTsurance Oval,1,31.1,South Africa,Zimbabwe,CA Ingram,HM Amla,SC Williams,1,0,,,,,,,,,
463143,2010/11,2010-10-15,OUTsurance Oval,1,31.2,South Africa,Zimbabwe,HM Amla,CA Ingram,SC Williams,2,0,,,,,,,,,
463143,2010/11,2010-10-15,OUTsurance Oval,1,31.3,South Africa,Zimbabwe,HM Amla,CA Ingram,SC Williams,0,1,1,,,,,,,,
463143,2010/11,2010-10-15,OUTsurance Oval,1,31.4,South Africa,Zimbabwe,HM Amla,CA Ingram,SC Williams,0,0,,,,,,run out,HM Amla,,
463143,2010/11,2010-10-15,OUTsurance Oval,1,31.5,South Africa,Zimbabwe,CA Ingram,AB de Villiers,SC Williams,0,0,,,,,,,,,
463143,2010/11,2010-10-15,OUTsurance Oval,1,31.6,South Africa,Zimbabwe,CA Ingram,AB de Villiers,SC Williams,0,0,,,,,,,,,
463143,2010/11,2010-10-15,OUTsurance Oval,1,31.7,South Africa,Zimbabwe,CA Ingram,AB de Villiers,SC Williams,1,0,,,,,,,,,
463143,2010/11,2010-10-15,OUTsurance Oval,1,32.1,South Africa,Zimbabwe,CA Ingram,AB de Villiers,CB Mpofu,4,0,,,,,,,,,
463143,2010/11,2010-10-15,OUTsurance Oval,1,32.2,South Africa,Zimbabwe,CA Ingram,AB de Villiers,CB Mpofu,1,0,,,,,,,,,
463143,2010/11,2010-10-15,OUTsurance Oval,1,32.3,South Africa,Zimbabwe,AB de Villiers,CA Ingram,CB Mpofu,1,0,,,,,,,,,
463143,2010/11,2010-10-15,OUTsurance Oval,1,32.4,South Africa,Zimbabwe,CA Ingram,AB de Villiers,CB Mpofu,0,0,,,,,,,,,
463143,2010/11,2010-10-15,OUTsurance Oval,1,32.5,South Africa,Zimbabwe,CA Ingram,AB de Villiers,CB Mpofu,0,0,,,,,,,,,
463143,2010/11,2010-10-15,OUTsurance Oval,1,32.6,South Africa,Zimbabwe,CA Ingram,AB de Villiers,CB Mpofu,1,0,,,,,,,,,
463143,2010/11,2010-10-15,OUTsurance Oval,1,33.1,South Africa,Zimbabwe,CA Ingram,AB de Villiers,SC Williams,2,0,,,,,,,,,
463143,2010/11,2010-10-15,OUTsurance Oval,1,33.2,South Africa,Zimbabwe,CA Ingram,AB de Villiers,SC Williams,1,0,,,,,,,,,
463143,2010/11,2010-10-15,OUTsurance Oval,1,33.3,South Africa,Zimbabwe,AB de Villiers,CA Ingram,SC Williams,1,0,,,,,,,,,
463143,2010/11,2010-10-15,OUTsurance Oval,1,33.4,South Africa,Zimbabwe,CA Ingram,AB de Villiers,SC Williams,0,0,,,,,,,,,
463143,2010/11,2010-10-15,OUTsurance Oval,1,33.5,South Africa,Zimbabwe,CA Ingram,AB de Villiers,SC Williams,1,0,,,,,,,,,
463143,2010/11,2010-10-15,OUTsurance Oval,1,33.6,South Africa,Zimbabwe,AB de Villiers,CA Ingram,SC Williams,4,0,,,,,,,,,
463143,2010/11,2010-10-15,OUTsurance Oval,1,34.1,South Africa,Zimbabwe,CA Ingram,AB de Villiers,P Utseya,1,0,,,,,,,,,
463143,2010/11,2010-10-15,OUTsurance Oval,1,34.2,South Africa,Zimbabwe,AB de Villiers,CA Ingram,P Utseya,0,0,,,,,,,,,
463143,2010/11,2010-10-15,OUTsurance Oval,1,34.3,South Africa,Zimbabwe,AB de Villiers,CA Ingram,P Utseya,1,0,,,,,,,,,
463143,2010/11,2010-10-15,OUTsurance Oval,1,34.4,South Africa,Zimbabwe,CA Ingram,AB de Villiers,P Utseya,0,0,,,,,,,,,
463143,2010/11,2010-10-15,OUTsurance Oval,1,34.5,South Africa,Zimbabwe,CA Ingram,AB de Villiers,P Utseya,1,0,,,,,,,,,
463143,2010/11,2010-10-15,OUTsurance Oval,1,34.6,South Africa,Zimbabwe,AB de Villiers,CA Ingram,P Utseya,1,0,,,,,,,,,
463143,2010/11,2010-10-15,OUTsurance Oval,1,35.1,South Africa,Zimbabwe,AB de Villiers,CA Ingram,AG Cremer,1,0,,,,,,,,,
463143,2010/11,2010-10-15,OUTsurance Oval,1,35.2,South Africa,Zimbabwe,CA Ingram,AB de Villiers,AG Cremer,1,0,,,,,,,,,
463143,2010/11,2010-10-15,OUTsurance Oval,1,35.3,South Africa,Zimbabwe,AB de Villiers,CA Ingram,AG Cremer,0,0,,,,,,,,,
463143,2010/11,2010-10-15,OUTsurance Oval,1,35.4,South Africa,Zimbabwe,AB de Villiers,CA Ingram,AG Cremer,2,0,,,,,,,,,
463143,2010/11,2010-10-15,OUTsurance Oval,1,35.5,South Africa,Zimbabwe,AB de Villiers,CA Ingram,AG Cremer,3,0,,,,,,,,,
463143,2010/11,2010-10-15,OUTsurance Oval,1,35.6,South Africa,Zimbabwe,CA Ingram,AB de Villiers,AG Cremer,1,0,,,,,,,,,
463143,2010/11,2010-10-15,OUTsurance Oval,1,36.1,South Africa,Zimbabwe,CA Ingram,AB de Villiers,P Utseya,0,0,,,,,,,,,
463143,2010/11,2010-10-15,OUTsurance Oval,1,36.2,South Africa,Zimbabwe,CA Ingram,AB de Villiers,P Utseya,1,0,,,,,,,,,
463143,2010/11,2010-10-15,OUTsurance Oval,1,36.3,South Africa,Zimbabwe,AB de Villiers,CA Ingram,P Utseya,4,0,,,,,,,,,
463143,2010/11,2010-10-15,OUTsurance Oval,1,36.4,South Africa,Zimbabwe,AB de Villiers,CA Ingram,P Utseya,0,0,,,,,,,,,
463143,2010/11,2010-10-15,OUTsurance Oval,1,36.5,South Africa,Zimbabwe,AB de Villiers,CA Ingram,P Utseya,1,0,,,,,,,,,
463143,2010/11,2010-10-15,OUTsurance Oval,1,36.6,South Africa,Zimbabwe,CA Ingram,AB de Villiers,P Utseya,0,0,,,,,,,,,
463143,2010/11,2010-10-15,OUTsurance Oval,1,37.1,South Africa,Zimbabwe,AB de Villiers,CA Ingram,AG Cremer,1,0,,,,,,,,,
463143,2010/11,2010-10-15,OUTsurance Oval,1,37.2,South Africa,Zimbabwe,CA Ingram,AB de Villiers,AG Cremer,0,0,,,,,,,,,
463143,2010/11,2010-10-15,OUTsurance Oval,1,37.3,South Africa,Zimbabwe,CA Ingram,AB de Villiers,AG Cremer,1,0,,,,,,,,,
463143,2010/11,2010-10-15,OUTsurance Oval,1,37.4,South Africa,Zimbabwe,AB de Villiers,CA Ingram,AG Cremer,0,1,1,,,,,,,,
463143,2010/11,2010-10-15,OUTsurance Oval,1,37.5,South Africa,Zimbabwe,AB de Villiers,CA Ingram,AG Cremer,0,0,,,,,,,,,
463143,2010/11,2010-10-15,OUTsurance Oval,1,37.6,South Africa,Zimbabwe,AB de Villiers,CA Ingram,AG Cremer,1,0,,,,,,,,,
463143,2010/11,2010-10-15,OUTsurance Oval,1,37.7,South Africa,Zimbabwe,CA Ingram,AB de Villiers,AG Cremer,1,0,,,,,,,,,
463143,2010/11,2010-10-15,OUTsurance Oval,1,38.1,South Africa,Zimbabwe,CA Ingram,AB de Villiers,P Utseya,0,0,,,,,,,,,
463143,2010/11,2010-10-15,OUTsurance Oval,1,38.2,South Africa,Zimbabwe,CA Ingram,AB de Villiers,P Utseya,0,0,,,,,,run out,AB de Villiers,,
463143,2010/11,2010-10-15,OUTsurance Oval,1,38.3,South Africa,Zimbabwe,JA Morkel,CA Ingram,P Utseya,0,0,,,,,,,,,
463143,2010/11,2010-10-15,OUTsurance Oval,1,38.4,South Africa,Zimbabwe,JA Morkel,CA Ingram,P Utseya,1,0,,,,,,,,,
463143,2010/11,2010-10-15,OUTsurance Oval,1,38.5,South Africa,Zimbabwe,CA Ingram,JA Morkel,P Utseya,1,0,,,,,,,,,
463143,2010/11,2010-10-15,OUTsurance Oval,1,38.6,South Africa,Zimbabwe,JA Morkel,CA Ingram,P Utseya,0,0,,,,,,,,,
463143,2010/11,2010-10-15,OUTsurance Oval,1,39.1,South Africa,Zimbabwe,CA Ingram,JA Morkel,SW Masakadza,4,0,,,,,,,,,
463143,2010/11,2010-10-15,OUTsurance Oval,1,39.2,South Africa,Zimbabwe,CA Ingram,JA Morkel,SW Masakadza,0,0,,,,,,,,,
463143,2010/11,2010-10-15,OUTsurance Oval,1,39.3,South Africa,Zimbabwe,CA Ingram,JA Morkel,SW Masakadza,2,0,,,,,,,,,
463143,2010/11,2010-10-15,OUTsurance Oval,1,39.4,South Africa,Zimbabwe,CA Ingram,JA Morkel,SW Masakadza,6,0,,,,,,,,,
463143,2010/11,2010-10-15,OUTsurance Oval,1,39.5,South Africa,Zimbabwe,CA Ingram,JA Morkel,SW Masakadza,1,0,,,,,,,,,
463143,2010/11,2010-10-15,OUTsurance Oval,1,39.6,South Africa,Zimbabwe,JA Morkel,CA Ingram,SW Masakadza,0,0,,,,,,caught,JA Morkel,,
463143,2010/11,2010-10-15,OUTsurance Oval,1,40.1,South Africa,Zimbabwe,CA Ingram,DA Miller,P Utseya,0,0,,,,,,,,,
463143,2010/11,2010-10-15,OUTsurance Oval,1,40.2,South Africa,Zimbabwe,CA Ingram,DA Miller,P Utseya,1,0,,,,,,,,,
463143,2010/11,2010-10-15,OUTsurance Oval,1,40.3,South Africa,Zimbabwe,DA Miller,CA Ingram,P Utseya,0,0,,,,,,,,,
463143,2010/11,2010-10-15,OUTsurance Oval,1,40.4,South Africa,Zimbabwe,DA Miller,CA Ingram,P Utseya,0,0,,,,,,,,,
463143,2010/11,2010-10-15,OUTsurance Oval,1,40.5,South Africa,Zimbabwe,DA Miller,CA Ingram,P Utseya,1,0,,,,,,,,,
463143,2010/11,2010-10-15,OUTsurance Oval,1,40.6,South Africa,Zimbabwe,CA Ingram,DA Miller,P Utseya,4,0,,,,,,,,,
463143,2010/11,2010-10-15,OUTsurance Oval,1,41.1,South Africa,Zimbabwe,DA Miller,CA Ingram,SW Masakadza,4,0,,,,,,,,,
463143,2010/11,2010-10-15,OUTsurance Oval,1,41.2,South Africa,Zimbabwe,DA Miller,CA Ingram,SW Masakadza,4,0,,,,,,,,,
463143,2010/11,2010-10-15,OUTsurance Oval,1,41.3,South Africa,Zimbabwe,DA Miller,CA Ingram,SW Masakadza,0,0,,,,,,,,,
463143,2010/11,2010-10-15,OUTsurance Oval,1,41.4,South Africa,Zimbabwe,DA Miller,CA Ingram,SW Masakadza,1,0,,,,,,,,,
463143,2010/11,2010-10-15,OUTsurance Oval,1,41.5,South Africa,Zimbabwe,CA Ingram,DA Miller,SW Masakadza,3,0,,,,,,,,,
463143,2010/11,2010-10-15,OUTsurance Oval,1,41.6,South Africa,Zimbabwe,DA Miller,CA Ingram,SW Masakadza,1,0,,,,,,,,,
463143,2010/11,2010-10-15,OUTsurance Oval,1,42.1,South Africa,Zimbabwe,DA Miller,CA Ingram,CB Mpofu,0,0,,,,,,,,,
463143,2010/11,2010-10-15,OUTsurance Oval,1,42.2,South Africa,Zimbabwe,DA Miller,CA Ingram,CB Mpofu,1,0,,,,,,,,,
463143,2010/11,2010-10-15,OUTsurance Oval,1,42.3,South Africa,Zimbabwe,CA Ingram,DA Miller,CB Mpofu,0,0,,,,,,,,,
463143,2010/11,2010-10-15,OUTsurance Oval,1,42.4,South Africa,Zimbabwe,CA Ingram,DA Miller,CB Mpofu,1,0,,,,,,,,,
463143,2010/11,2010-10-15,OUTsurance Oval,1,42.5,South Africa,Zimbabwe,DA Miller,CA Ingram,CB Mpofu,1,0,,,,,,,,,
463143,2010/11,2010-10-15,OUTsurance Oval,1,42.6,South Africa,Zimbabwe,CA Ingram,DA Miller,CB Mpofu,2,0,,,,,,,,,
463143,2010/11,2010-10-15,OUTsurance Oval,1,43.1,South Africa,Zimbabwe,DA Miller,CA Ingram,P Utseya,0,0,,,,,,,,,
463143,2010/11,2010-10-15,OUTsurance Oval,1,43.2,South Africa,Zimbabwe,DA Miller,CA Ingram,P Utseya,0,0,,,,,,,,,
463143,2010/11,2010-10-15,OUTsurance Oval,1,43.3,South Africa,Zimbabwe,DA Miller,CA Ingram,P Utseya,1,0,,,,,,,,,
463143,2010/11,2010-10-15,OUTsurance Oval,1,43.4,South Africa,Zimbabwe,CA Ingram,DA Miller,P Utseya,0,0,,,,,,,,,
463143,2010/11,2010-10-15,OUTsurance Oval,1,43.5,South Africa,Zimbabwe,CA Ingram,DA Miller,P Utseya,0,0,,,,,,,,,
463143,2010/11,2010-10-15,OUTsurance Oval,1,43.6,South Africa,Zimbabwe,CA Ingram,DA Miller,P Utseya,0,1,,,,1,,,,,
463143,2010/11,2010-10-15,OUTsurance Oval,1,44.1,South Africa,Zimbabwe,CA Ingram,DA Miller,BRM Taylor,2,0,,,,,,,,,
463143,2010/11,2010-10-15,OUTsurance Oval,1,44.2,South Africa,Zimbabwe,CA Ingram,DA Miller,BRM Taylor,0,0,,,,,,,,,
463143,2010/11,2010-10-15,OUTsurance Oval,1,44.3,South Africa,Zimbabwe,CA Ingram,DA Miller,BRM Taylor,2,0,,,,,,,,,
463143,2010/11,2010-10-15,OUTsurance Oval,1,44.4,South Africa,Zimbabwe,CA Ingram,DA Miller,BRM Taylor,0,1,,,,1,,,,,
463143,2010/11,2010-10-15,OUTsurance Oval,1,44.5,South Africa,Zimbabwe,DA Miller,CA Ingram,BRM Taylor,1,0,,,,,,,,,
463143,2010/11,2010-10-15,OUTsurance Oval,1,44.6,South Africa,Zimbabwe,CA Ingram,DA Miller,BRM Taylor,4,0,,,,,,,,,
463143,2010/11,2010-10-15,OUTsurance Oval,1,45.1,South Africa,Zimbabwe,DA Miller,CA Ingram,AG Cremer,6,0,,,,,,,,,
463143,2010/11,2010-10-15,OUTsurance Oval,1,45.2,South Africa,Zimbabwe,DA Miller,CA Ingram,AG Cremer,0,0,,,,,,,,,
463143,2010/11,2010-10-15,OUTsurance Oval,1,45.3,South Africa,Zimbabwe,DA Miller,CA Ingram,AG Cremer,6,0,,,,,,,,,
463143,2010/11,2010-10-15,OUTsurance Oval,1,45.4,South Africa,Zimbabwe,DA Miller,CA Ingram,AG Cremer,1,0,,,,,,,,,
463143,2010/11,2010-10-15,OUTsurance Oval,1,45.5,South Africa,Zimbabwe,CA Ingram,DA Miller,AG Cremer,1,0,,,,,,,,,
463143,2010/11,2010-10-15,OUTsurance Oval,1,45.6,South Africa,Zimbabwe,DA Miller,CA Ingram,AG Cremer,0,0,,,,,,,,,
463143,2010/11,2010-10-15,OUTsurance Oval,1,46.1,South Africa,Zimbabwe,CA Ingram,DA Miller,E Chigumbura,0,0,,,,,,,,,
463143,2010/11,2010-10-15,OUTsurance Oval,1,46.2,South Africa,Zimbabwe,CA Ingram,DA Miller,E Chigumbura,1,0,,,,,,,,,
463143,2010/11,2010-10-15,OUTsurance Oval,1,46.3,South Africa,Zimbabwe,DA Miller,CA Ingram,E Chigumbura,0,1,1,,,,,,,,
463143,2010/11,2010-10-15,OUTsurance Oval,1,46.4,South Africa,Zimbabwe,DA Miller,CA Ingram,E Chigumbura,2,0,,,,,,,,,
463143,2010/11,2010-10-15,OUTsurance Oval,1,46.5,South Africa,Zimbabwe,DA Miller,CA Ingram,E Chigumbura,2,0,,,,,,,,,
463143,2010/11,2010-10-15,OUTsurance Oval,1,46.6,South Africa,Zimbabwe,DA Miller,CA Ingram,E Chigumbura,4,0,,,,,,,,,
463143,2010/11,2010-10-15,OUTsurance Oval,1,46.7,South Africa,Zimbabwe,DA Miller,CA Ingram,E Chigumbura,4,0,,,,,,,,,
463143,2010/11,2010-10-15,OUTsurance Oval,1,47.1,South Africa,Zimbabwe,CA Ingram,DA Miller,SW Masakadza,4,0,,,,,,,,,
463143,2010/11,2010-10-15,OUTsurance Oval,1,47.2,South Africa,Zimbabwe,CA Ingram,DA Miller,SW Masakadza,6,0,,,,,,,,,
463143,2010/11,2010-10-15,OUTsurance Oval,1,47.3,South Africa,Zimbabwe,CA Ingram,DA Miller,SW Masakadza,2,0,,,,,,,,,
463143,2010/11,2010-10-15,OUTsurance Oval,1,47.4,South Africa,Zimbabwe,CA Ingram,DA Miller,SW Masakadza,0,0,,,,,,bowled,CA Ingram,,
463143,2010/11,2010-10-15,OUTsurance Oval,1,47.5,South Africa,Zimbabwe,JP Duminy,DA Miller,SW Masakadza,1,0,,,,,,,,,
463143,2010/11,2010-10-15,OUTsurance Oval,1,47.6,South Africa,Zimbabwe,DA Miller,JP Duminy,SW Masakadza,1,0,,,,,,,,,
463143,2010/11,2010-10-15,OUTsurance Oval,1,48.1,South Africa,Zimbabwe,DA Miller,JP Duminy,CB Mpofu,2,0,,,,,,,,,
463143,2010/11,2010-10-15,OUTsurance Oval,1,48.2,South Africa,Zimbabwe,DA Miller,JP Duminy,CB Mpofu,2,0,,,,,,,,,
463143,2010/11,2010-10-15,OUTsurance Oval,1,48.3,South Africa,Zimbabwe,DA Miller,JP Duminy,CB Mpofu,1,0,,,,,,,,,
463143,2010/11,2010-10-15,OUTsurance Oval,1,48.4,South Africa,Zimbabwe,JP Duminy,DA Miller,CB Mpofu,1,0,,,,,,,,,
463143,2010/11,2010-10-15,OUTsurance Oval,1,48.5,South Africa,Zimbabwe,DA Miller,JP Duminy,CB Mpofu,1,0,,,,,,,,,
463143,2010/11,2010-10-15,OUTsurance Oval,1,48.6,South Africa,Zimbabwe,JP Duminy,DA Miller,CB Mpofu,2,0,,,,,,,,,
463143,2010/11,2010-10-15,OUTsurance Oval,1,49.1,South Africa,Zimbabwe,DA Miller,JP Duminy,SW Masakadza,4,0,,,,,,,,,
463143,2010/11,2010-10-15,OUTsurance Oval,1,49.2,South Africa,Zimbabwe,DA Miller,JP Duminy,SW Masakadza,0,0,,,,,,bowled,DA Miller,,
463143,2010/11,2010-10-15,OUTsurance Oval,1,49.3,South Africa,Zimbabwe,J Botha,JP Duminy,SW Masakadza,0,0,,,,,,,,,
463143,2010/11,2010-10-15,OUTsurance Oval,1,49.4,South Africa,Zimbabwe,J Botha,JP Duminy,SW Masakadza,2,0,,,,,,,,,
463143,2010/11,2010-10-15,OUTsurance Oval,1,49.5,South Africa,Zimbabwe,J Botha,JP Duminy,SW Masakadza,1,0,,,,,,,,,
463143,2010/11,2010-10-15,OUTsurance Oval,1,49.6,South Africa,Zimbabwe,JP Duminy,J Botha,SW Masakadza,2,0,,,,,,,,,
463143,2010/11,2010-10-15,OUTsurance Oval,2,0.1,Zimbabwe,South Africa,H Masakadza,BRM Taylor,JA Morkel,0,0,,,,,,,,,
463143,2010/11,2010-10-15,OUTsurance Oval,2,0.2,Zimbabwe,South Africa,H Masakadza,BRM Taylor,JA Morkel,0,0,,,,,,,,,
463143,2010/11,2010-10-15,OUTsurance Oval,2,0.3,Zimbabwe,South Africa,H Masakadza,BRM Taylor,JA Morkel,0,0,,,,,,,,,
463143,2010/11,2010-10-15,OUTsurance Oval,2,0.4,Zimbabwe,South Africa,H Masakadza,BRM Taylor,JA Morkel,0,0,,,,,,,,,
463143,2010/11,2010-10-15,OUTsurance Oval,2,0.5,Zimbabwe,South Africa,H Masakadza,BRM Taylor,JA Morkel,0,0,,,,,,,,,
463143,2010/11,2010-10-15,OUTsurance Oval,2,0.6,Zimbabwe,South Africa,H Masakadza,BRM Taylor,JA Morkel,0,0,,,,,,,,,
463143,2010/11,2010-10-15,OUTsurance Oval,2,1.1,Zimbabwe,South Africa,BRM Taylor,H Masakadza,WD Parnell,4,0,,,,,,,,,
463143,2010/11,2010-10-15,OUTsurance Oval,2,1.2,Zimbabwe,South Africa,BRM Taylor,H Masakadza,WD Parnell,0,0,,,,,,,,,
463143,2010/11,2010-10-15,OUTsurance Oval,2,1.3,Zimbabwe,South Africa,BRM Taylor,H Masakadza,WD Parnell,0,0,,,,,,,,,
463143,2010/11,2010-10-15,OUTsurance Oval,2,1.4,Zimbabwe,South Africa,BRM Taylor,H Masakadza,WD Parnell,0,0,,,,,,,,,
463143,2010/11,2010-10-15,OUTsurance Oval,2,1.5,Zimbabwe,South Africa,BRM Taylor,H Masakadza,WD Parnell,0,1,,,,1,,,,,
463143,2010/11,2010-10-15,OUTsurance Oval,2,1.6,Zimbabwe,South Africa,H Masakadza,BRM Taylor,WD Parnell,0,0,,,,,,,,,
463143,2010/11,2010-10-15,OUTsurance Oval,2,2.1,Zimbabwe,South Africa,BRM Taylor,H Masakadza,JA Morkel,0,0,,,,,,,,,
463143,2010/11,2010-10-15,OUTsurance Oval,2,2.2,Zimbabwe,South Africa,BRM Taylor,H Masakadza,JA Morkel,1,0,,,,,,,,,
463143,2010/11,2010-10-15,OUTsurance Oval,2,2.3,Zimbabwe,South Africa,H Masakadza,BRM Taylor,JA Morkel,1,0,,,,,,,,,
463143,2010/11,2010-10-15,OUTsurance Oval,2,2.4,Zimbabwe,South Africa,BRM Taylor,H Masakadza,JA Morkel,0,0,,,,,,,,,
463143,2010/11,2010-10-15,OUTsurance Oval,2,2.5,Zimbabwe,South Africa,BRM Taylor,H Masakadza,JA Morkel,1,0,,,,,,,,,
463143,2010/11,2010-10-15,OUTsurance Oval,2,2.6,Zimbabwe,South Africa,H Masakadza,BRM Taylor,JA Morkel,4,0,,,,,,,,,
463143,2010/11,2010-10-15,OUTsurance Oval,2,3.1,Zimbabwe,South Africa,BRM Taylor,H Masakadza,WD Parnell,0,0,,,,,,,,,
463143,2010/11,2010-10-15,OUTsurance Oval,2,3.2,Zimbabwe,South Africa,BRM Taylor,H Masakadza,WD Parnell,4,0,,,,,,,,,
463143,2010/11,2010-10-15,OUTsurance Oval,2,3.3,Zimbabwe,South Africa,BRM Taylor,H Masakadza,WD Parnell,1,0,,,,,,,,,
463143,2010/11,2010-10-15,OUTsurance Oval,2,3.4,Zimbabwe,South Africa,H Masakadza,BRM Taylor,WD Parnell,4,0,,,,,,,,,
463143,2010/11,2010-10-15,OUTsurance Oval,2,3.5,Zimbabwe,South Africa,H Masakadza,BRM Taylor,WD Parnell,0,0,,,,,,,,,
463143,2010/11,2010-10-15,OUTsurance Oval,2,3.6,Zimbabwe,South Africa,H Masakadza,BRM Taylor,WD Parnell,0,0,,,,,,,,,
463143,2010/11,2010-10-15,OUTsurance Oval,2,4.1,Zimbabwe,South Africa,BRM Taylor,H Masakadza,JA Morkel,1,0,,,,,,,,,
463143,2010/11,2010-10-15,OUTsurance Oval,2,4.2,Zimbabwe,South Africa,H Masakadza,BRM Taylor,JA Morkel,0,1,,,,1,,,,,
463143,2010/11,2010-10-15,OUTsurance Oval,2,4.3,Zimbabwe,South Africa,BRM Taylor,H Masakadza,JA Morkel,1,0,,,,,,,,,
463143,2010/11,2010-10-15,OUTsurance Oval,2,4.4,Zimbabwe,South Africa,H Masakadza,BRM Taylor,JA Morkel,0,0,,,,,,,,,
463143,2010/11,2010-10-15,OUTsurance Oval,2,4.5,Zimbabwe,South Africa,H Masakadza,BRM Taylor,JA Morkel,4,0,,,,,,,,,
463143,2010/11,2010-10-15,OUTsurance Oval,2,4.6,Zimbabwe,South Africa,H Masakadza,BRM Taylor,JA Morkel,4,0,,,,,,,,,
463143,2010/11,2010-10-15,OUTsurance Oval,2,5.1,Zimbabwe,South Africa,BRM Taylor,H Masakadza,CK Langeveldt,0,0,,,,,,,,,
463143,2010/11,2010-10-15,OUTsurance Oval,2,5.2,Zimbabwe,South Africa,BRM Taylor,H Masakadza,CK Langeveldt,0,0,,,,,,,,,
463143,2010/11,2010-10-15,OUTsurance Oval,2,5.3,Zimbabwe,South Africa,BRM Taylor,H Masakadza,CK Langeveldt,4,0,,,,,,,,,
463143,2010/11,2010-10-15,OUTsurance Oval,2,5.4,Zimbabwe,South Africa,BRM Taylor,H Masakadza,CK Langeveldt,1,0,,,,,,,,,
463143,2010/11,2010-10-15,OUTsurance Oval,2,5.5,Zimbabwe,South Africa,H Masakadza,BRM Taylor,CK Langeveldt,0,0,,,,,,,,,
463143,2010/11,2010-10-15,OUTsurance Oval,2,5.6,Zimbabwe,South Africa,H Masakadza,BRM Taylor,CK Langeveldt,1,0,,,,,,,,,
463143,2010/11,2010-10-15,OUTsurance Oval,2,6.1,Zimbabwe,South Africa,H Masakadza,BRM Taylor,JA Morkel,0,0,,,,,,,,,
463143,2010/11,2010-10-15,OUTsurance Oval,2,6.2,Zimbabwe,South Africa,H Masakadza,BRM Taylor,JA Morkel,1,0,,,,,,,,,
463143,2010/11,2010-10-15,OUTsurance Oval,2,6.3,Zimbabwe,South Africa,BRM Taylor,H Masakadza,JA Morkel,1,0,,,,,,,,,
463143,2010/11,2010-10-15,OUTsurance Oval,2,6.4,Zimbabwe,South Africa,H Masakadza,BRM Taylor,JA Morkel,0,0,,,,,,,,,
463143,2010/11,2010-10-15,OUTsurance Oval,2,6.5,Zimbabwe,South Africa,H Masakadza,BRM Taylor,JA Morkel,0,0,,,,,,,,,
463143,2010/11,2010-10-15,OUTsurance Oval,2,6.6,Zimbabwe,South Africa,H Masakadza,BRM Taylor,JA Morkel,0,0,,,,,,,,,
463143,2010/11,2010-10-15,OUTsurance Oval,2,7.1,Zimbabwe,South Africa,BRM Taylor,H Masakadza,CK Langeveldt,0,0,,,,,,,,,
463143,2010/11,2010-10-15,OUTsurance Oval,2,7.2,Zimbabwe,South Africa,BRM Taylor,H Masakadza,CK Langeveldt,4,0,,,,,,,,,
463143,2010/11,2010-10-15,OUTsurance Oval,2,7.3,Zimbabwe,South Africa,BRM Taylor,H Masakadza,CK Langeveldt,2,0,,,,,,,,,
463143,2010/11,2010-10-15,OUTsurance Oval,2,7.4,Zimbabwe,South Africa,BRM Taylor,H Masakadza,CK Langeveldt,1,0,,,,,,,,,
463143,2010/11,2010-10-15,OUTsurance Oval,2,7.5,Zimbabwe,South Africa,H Masakadza,BRM Taylor,CK Langeveldt,4,0,,,,,,,,,
463143,2010/11,2010-10-15,OUTsurance Oval,2,7.6,Zimbabwe,South Africa,H Masakadza,BRM Taylor,CK Langeveldt,1,0,,,,,,,,,
463143,2010/11,2010-10-15,OUTsurance Oval,2,8.1,Zimbabwe,South Africa,H Masakadza,BRM Taylor,J Theron,0,0,,,,,,,,,
463143,2010/11,2010-10-15,OUTsurance Oval,2,8.2,Zimbabwe,South Africa,H Masakadza,BRM Taylor,J Theron,0,0,,,,,,,,,
463143,2010/11,2010-10-15,OUTsurance Oval,2,8.3,Zimbabwe,South Africa,H Masakadza,BRM Taylor,J Theron,1,0,,,,,,,,,
463143,2010/11,2010-10-15,OUTsurance Oval,2,8.4,Zimbabwe,South Africa,BRM Taylor,H Masakadza,J Theron,1,0,,,,,,,,,
463143,2010/11,2010-10-15,OUTsurance Oval,2,8.5,Zimbabwe,South Africa,H Masakadza,BRM Taylor,J Theron,0,0,,,,,,,,,
463143,2010/11,2010-10-15,OUTsurance Oval,2,8.6,Zimbabwe,South Africa,H Masakadza,BRM Taylor,J Theron,0,0,,,,,,,,,
463143,2010/11,2010-10-15,OUTsurance Oval,2,9.1,Zimbabwe,South Africa,BRM Taylor,H Masakadza,CK Langeveldt,0,0,,,,,,,,,
463143,2010/11,2010-10-15,OUTsurance Oval,2,9.2,Zimbabwe,South Africa,BRM Taylor,H Masakadza,CK Langeveldt,0,0,,,,,,,,,
463143,2010/11,2010-10-15,OUTsurance Oval,2,9.3,Zimbabwe,South Africa,BRM Taylor,H Masakadza,CK Langeveldt,1,0,,,,,,,,,
463143,2010/11,2010-10-15,OUTsurance Oval,2,9.4,Zimbabwe,South Africa,H Masakadza,BRM Taylor,CK Langeveldt,1,0,,,,,,,,,
463143,2010/11,2010-10-15,OUTsurance Oval,2,9.5,Zimbabwe,South Africa,BRM Taylor,H Masakadza,CK Langeveldt,1,0,,,,,,,,,
463143,2010/11,2010-10-15,OUTsurance Oval,2,9.6,Zimbabwe,South Africa,H Masakadza,BRM Taylor,CK Langeveldt,0,1,,,,1,,,,,
463143,2010/11,2010-10-15,OUTsurance Oval,2,10.1,Zimbabwe,South Africa,H Masakadza,BRM Taylor,J Theron,1,0,,,,,,,,,
463143,2010/11,2010-10-15,OUTsurance Oval,2,10.2,Zimbabwe,South Africa,BRM Taylor,H Masakadza,J Theron,4,0,,,,,,,,,
463143,2010/11,2010-10-15,OUTsurance Oval,2,10.3,Zimbabwe,South Africa,BRM Taylor,H Masakadza,J Theron,1,0,,,,,,,,,
463143,2010/11,2010-10-15,OUTsurance Oval,2,10.4,Zimbabwe,South Africa,H Masakadza,BRM Taylor,J Theron,0,0,,,,,,,,,
463143,2010/11,2010-10-15,OUTsurance Oval,2,10.5,Zimbabwe,South Africa,H Masakadza,BRM Taylor,J Theron,0,0,,,,,,,,,
463143,2010/11,2010-10-15,OUTsurance Oval,2,10.6,Zimbabwe,South Africa,H Masakadza,BRM Taylor,J Theron,1,0,,,,,,,,,
463143,2010/11,2010-10-15,OUTsurance Oval,2,11.1,Zimbabwe,South Africa,H Masakadza,BRM Taylor,CK Langeveldt,0,0,,,,,,,,,
463143,2010/11,2010-10-15,OUTsurance Oval,2,11.2,Zimbabwe,South Africa,H Masakadza,BRM Taylor,CK Langeveldt,2,0,,,,,,,,,
463143,2010/11,2010-10-15,OUTsurance Oval,2,11.3,Zimbabwe,South Africa,H Masakadza,BRM Taylor,CK Langeveldt,0,0,,,,,,,,,
463143,2010/11,2010-10-15,OUTsurance Oval,2,11.4,Zimbabwe,South Africa,H Masakadza,BRM Taylor,CK Langeveldt,0,1,,,,1,,,,,
463143,2010/11,2010-10-15,OUTsurance Oval,2,11.5,Zimbabwe,South Africa,BRM Taylor,H Masakadza,CK Langeveldt,0,0,,,,,,,,,
463143,2010/11,2010-10-15,OUTsurance Oval,2,11.6,Zimbabwe,South Africa,BRM Taylor,H Masakadza,CK Langeveldt,1,0,,,,,,,,,
463143,2010/11,2010-10-15,OUTsurance Oval,2,12.1,Zimbabwe,South Africa,BRM Taylor,H Masakadza,J Theron,1,0,,,,,,,,,
463143,2010/11,2010-10-15,OUTsurance Oval,2,12.2,Zimbabwe,South Africa,H Masakadza,BRM Taylor,J Theron,0,0,,,,,,caught,H Masakadza,,
463143,2010/11,2010-10-15,OUTsurance Oval,2,12.3,Zimbabwe,South Africa,BRM Taylor,CJ Chibhabha,J Theron,1,0,,,,,,,,,
463143,2010/11,2010-10-15,OUTsurance Oval,2,12.4,Zimbabwe,South Africa,CJ Chibhabha,BRM Taylor,J Theron,0,0,,,,,,,,,
463143,2010/11,2010-10-15,OUTsurance Oval,2,12.5,Zimbabwe,South Africa,CJ Chibhabha,BRM Taylor,J Theron,1,0,,,,,,,,,
463143,2010/11,2010-10-15,OUTsurance Oval,2,12.6,Zimbabwe,South Africa,BRM Taylor,CJ Chibhabha,J Theron,1,0,,,,,,,,,
463143,2010/11,2010-10-15,OUTsurance Oval,2,13.1,Zimbabwe,South Africa,BRM Taylor,CJ Chibhabha,CK Langeveldt,1,0,,,,,,,,,
463143,2010/11,2010-10-15,OUTsurance Oval,2,13.2,Zimbabwe,South Africa,CJ Chibhabha,BRM Taylor,CK Langeveldt,1,0,,,,,,,,,
463143,2010/11,2010-10-15,OUTsurance Oval,2,13.3,Zimbabwe,South Africa,BRM Taylor,CJ Chibhabha,CK Langeveldt,0,0,,,,,,,,,
463143,2010/11,2010-10-15,OUTsurance Oval,2,13.4,Zimbabwe,South Africa,BRM Taylor,CJ Chibhabha,CK Langeveldt,2,0,,,,,,,,,
463143,2010/11,2010-10-15,OUTsurance Oval,2,13.5,Zimbabwe,South Africa,BRM Taylor,CJ Chibhabha,CK Langeveldt,0,0,,,,,,,,,
463143,2010/11,2010-10-15,OUTsurance Oval,2,13.6,Zimbabwe,South Africa,BRM Taylor,CJ Chibhabha,CK Langeveldt,2,0,,,,,,,,,
463143,2010/11,2010-10-15,OUTsurance Oval,2,14.1,Zimbabwe,South Africa,CJ Chibhabha,BRM Taylor,J Theron,4,0,,,,,,,,,
463143,2010/11,2010-10-15,OUTsurance Oval,2,14.2,Zimbabwe,South Africa,CJ Chibhabha,BRM Taylor,J Theron,0,0,,,,,,,,,
463143,2010/11,2010-10-15,OUTsurance Oval,2,14.3,Zimbabwe,South Africa,CJ Chibhabha,BRM Taylor,J Theron,0,0,,,,,,,,,
463143,2010/11,2010-10-15,OUTsurance Oval,2,14.4,Zimbabwe,South Africa,CJ Chibhabha,BRM Taylor,J Theron,1,0,,,,,,,,,
463143,2010/11,2010-10-15,OUTsurance Oval,2,14.5,Zimbabwe,South Africa,BRM Taylor,CJ Chibhabha,J Theron,1,0,,,,,,,,,
463143,2010/11,2010-10-15,OUTsurance Oval,2,14.6,Zimbabwe,South Africa,CJ Chibhabha,BRM Taylor,J Theron,2,0,,,,,,,,,
463143,2010/11,2010-10-15,OUTsurance Oval,2,15.1,Zimbabwe,South Africa,BRM Taylor,CJ Chibhabha,WD Parnell,1,0,,,,,,,,,
463143,2010/11,2010-10-15,OUTsurance Oval,2,15.2,Zimbabwe,South Africa,CJ Chibhabha,BRM Taylor,WD Parnell,1,0,,,,,,,,,
463143,2010/11,2010-10-15,OUTsurance Oval,2,15.3,Zimbabwe,South Africa,BRM Taylor,CJ Chibhabha,WD Parnell,1,0,,,,,,,,,
463143,2010/11,2010-10-15,OUTsurance Oval,2,15.4,Zimbabwe,South Africa,CJ Chibhabha,BRM Taylor,WD Parnell,0,0,,,,,,caught,CJ Chibhabha,,
463143,2010/11,2010-10-15,OUTsurance Oval,2,15.5,Zimbabwe,South Africa,SC Williams,BRM Taylor,WD Parnell,2,0,,,,,,,,,
463143,2010/11,2010-10-15,OUTsurance Oval,2,15.6,Zimbabwe,South Africa,SC Williams,BRM Taylor,WD Parnell,0,0,,,,,,,,,
463143,2010/11,2010-10-15,OUTsurance Oval,2,16.1,Zimbabwe,South Africa,BRM Taylor,SC Williams,J Botha,2,0,,,,,,,,,
463143,2010/11,2010-10-15,OUTsurance Oval,2,16.2,Zimbabwe,South Africa,BRM Taylor,SC Williams,J Botha,0,0,,,,,,,,,
463143,2010/11,2010-10-15,OUTsurance Oval,2,16.3,Zimbabwe,South Africa,BRM Taylor,SC Williams,J Botha,0,0,,,,,,,,,
463143,2010/11,2010-10-15,OUTsurance Oval,2,16.4,Zimbabwe,South Africa,BRM Taylor,SC Williams,J Botha,2,0,,,,,,,,,
463143,2010/11,2010-10-15,OUTsurance Oval,2,16.5,Zimbabwe,South Africa,BRM Taylor,SC Williams,J Botha,1,0,,,,,,,,,
463143,2010/11,2010-10-15,OUTsurance Oval,2,16.6,Zimbabwe,South Africa,SC Williams,BRM Taylor,J Botha,0,0,,,,,,,,,
463143,2010/11,2010-10-15,OUTsurance Oval,2,17.1,Zimbabwe,South Africa,BRM Taylor,SC Williams,WD Parnell,2,0,,,,,,,,,
463143,2010/11,2010-10-15,OUTsurance Oval,2,17.2,Zimbabwe,South Africa,BRM Taylor,SC Williams,WD Parnell,4,0,,,,,,,,,
463143,2010/11,2010-10-15,OUTsurance Oval,2,17.3,Zimbabwe,South Africa,BRM Taylor,SC Williams,WD Parnell,1,0,,,,,,,,,
463143,2010/11,2010-10-15,OUTsurance Oval,2,17.4,Zimbabwe,South Africa,SC Williams,BRM Taylor,WD Parnell,0,0,,,,,,,,,
463143,2010/11,2010-10-15,OUTsurance Oval,2,17.5,Zimbabwe,South Africa,SC Williams,BRM Taylor,WD Parnell,0,0,,,,,,,,,
463143,2010/11,2010-10-15,OUTsurance Oval,2,17.6,Zimbabwe,South Africa,SC Williams,BRM Taylor,WD Parnell,0,0,,,,,,,,,
463143,2010/11,2010-10-15,OUTsurance Oval,2,18.1,Zimbabwe,South Africa,BRM Taylor,SC Williams,J Botha,0,0,,,,,,,,,
463143,2010/11,2010-10-15,OUTsurance Oval,2,18.2,Zimbabwe,South Africa,BRM Taylor,SC Williams,J Botha,1,0,,,,,,,,,
463143,2010/11,2010-10-15,OUTsurance Oval,2,18.3,Zimbabwe,South Africa,SC Williams,BRM Taylor,J Botha,0,0,,,,,,,,,
463143,2010/11,2010-10-15,OUTsurance Oval,2,18.4,Zimbabwe,South Africa,SC Williams,BRM Taylor,J Botha,0,0,,,,,,,,,
463143,2010/11,2010-10-15,OUTsurance Oval,2,18.5,Zimbabwe,South Africa,SC Williams,BRM Taylor,J Botha,1,0,,,,,,,,,
463143,2010/11,2010-10-15,OUTsurance Oval,2,18.6,Zimbabwe,South Africa,BRM Taylor,SC Williams,J Botha,0,1,1,,,,,,,,
463143,2010/11,2010-10-15,OUTsurance Oval,2,18.7,Zimbabwe,South Africa,BRM Taylor,SC Williams,J Botha,1,0,,,,,,,,,
463143,2010/11,2010-10-15,OUTsurance Oval,2,19.1,Zimbabwe,South Africa,BRM Taylor,SC Williams,WD Parnell,1,0,,,,,,,,,
463143,2010/11,2010-10-15,OUTsurance Oval,2,19.2,Zimbabwe,South Africa,SC Williams,BRM Taylor,WD Parnell,0,0,,,,,,,,,
463143,2010/11,2010-10-15,OUTsurance Oval,2,19.3,Zimbabwe,South Africa,SC Williams,BRM Taylor,WD Parnell,0,0,,,,,,,,,
463143,2010/11,2010-10-15,OUTsurance Oval,2,19.4,Zimbabwe,South Africa,SC Williams,BRM Taylor,WD Parnell,1,0,,,,,,,,,
463143,2010/11,2010-10-15,OUTsurance Oval,2,19.5,Zimbabwe,South Africa,BRM Taylor,SC Williams,WD Parnell,1,0,,,,,,,,,
463143,2010/11,2010-10-15,OUTsurance Oval,2,19.6,Zimbabwe,South Africa,SC Williams,BRM Taylor,WD Parnell,0,0,,,,,,,,,
463143,2010/11,2010-10-15,OUTsurance Oval,2,20.1,Zimbabwe,South Africa,BRM Taylor,SC Williams,J Botha,1,0,,,,,,,,,
463143,2010/11,2010-10-15,OUTsurance Oval,2,20.2,Zimbabwe,South Africa,SC Williams,BRM Taylor,J Botha,0,1,,,,1,,,,,
463143,2010/11,2010-10-15,OUTsurance Oval,2,20.3,Zimbabwe,South Africa,BRM Taylor,SC Williams,J Botha,1,0,,,,,,,,,
463143,2010/11,2010-10-15,OUTsurance Oval,2,20.4,Zimbabwe,South Africa,SC Williams,BRM Taylor,J Botha,1,0,,,,,,,,,
463143,2010/11,2010-10-15,OUTsurance Oval,2,20.5,Zimbabwe,South Africa,BRM Taylor,SC Williams,J Botha,1,0,,,,,,,,,
463143,2010/11,2010-10-15,OUTsurance Oval,2,20.6,Zimbabwe,South Africa,SC Williams,BRM Taylor,J Botha,1,0,,,,,,,,,
463143,2010/11,2010-10-15,OUTsurance Oval,2,21.1,Zimbabwe,South Africa,SC Williams,BRM Taylor,JA Morkel,1,0,,,,,,,,,
463143,2010/11,2010-10-15,OUTsurance Oval,2,21.2,Zimbabwe,South Africa,BRM Taylor,SC Williams,JA Morkel,0,1,,,,1,,,,,
463143,2010/11,2010-10-15,OUTsurance Oval,2,21.3,Zimbabwe,South Africa,SC Williams,BRM Taylor,JA Morkel,2,0,,,,,,,,,
463143,2010/11,2010-10-15,OUTsurance Oval,2,21.4,Zimbabwe,South Africa,SC Williams,BRM Taylor,JA Morkel,0,0,,,,,,,,,
463143,2010/11,2010-10-15,OUTsurance Oval,2,21.5,Zimbabwe,South Africa,SC Williams,BRM Taylor,JA Morkel,0,0,,,,,,,,,
463143,2010/11,2010-10-15,OUTsurance Oval,2,21.6,Zimbabwe,South Africa,SC Williams,BRM Taylor,JA Morkel,1,0,,,,,,,,,
463143,2010/11,2010-10-15,OUTsurance Oval,2,22.1,Zimbabwe,South Africa,SC Williams,BRM Taylor,J Botha,0,0,,,,,,,,,
463143,2010/11,2010-10-15,OUTsurance Oval,2,22.2,Zimbabwe,South Africa,SC Williams,BRM Taylor,J Botha,0,0,,,,,,,,,
463143,2010/11,2010-10-15,OUTsurance Oval,2,22.3,Zimbabwe,South Africa,SC Williams,BRM Taylor,J Botha,0,0,,,,,,,,,
463143,2010/11,2010-10-15,OUTsurance Oval,2,22.4,Zimbabwe,South Africa,SC Williams,BRM Taylor,J Botha,0,0,,,,,,caught,SC Williams,,
463143,2010/11,2010-10-15,OUTsurance Oval,2,22.5,Zimbabwe,South Africa,BRM Taylor,GW Flower,J Botha,1,0,,,,,,,,,
463143,2010/11,2010-10-15,OUTsurance Oval,2,22.6,Zimbabwe,South Africa,GW Flower,BRM Taylor,J Botha,0,0,,,,,,,,,
463143,2010/11,2010-10-15,OUTsurance Oval,2,23.1,Zimbabwe,South Africa,BRM Taylor,GW Flower,JA Morkel,0,0,,,,,,,,,
463143,2010/11,2010-10-15,OUTsurance Oval,2,23.2,Zimbabwe,South Africa,BRM Taylor,GW Flower,JA Morkel,1,0,,,,,,,,,
463143,2010/11,2010-10-15,OUTsurance Oval,2,23.3,Zimbabwe,South Africa,GW Flower,BRM Taylor,JA Morkel,0,0,,,,,,,,,
463143,2010/11,2010-10-15,OUTsurance Oval,2,23.4,Zimbabwe,South Africa,GW Flower,BRM Taylor,JA Morkel,0,2,,,,2,,,,,
463143,2010/11,2010-10-15,OUTsurance Oval,2,23.5,Zimbabwe,South Africa,GW Flower,BRM Taylor,JA Morkel,0,0,,,,,,,,,
463143,2010/11,2010-10-15,OUTsurance Oval,2,23.6,Zimbabwe,South Africa,GW Flower,BRM Taylor,JA Morkel,1,0,,,,,,,,,
463143,2010/11,2010-10-15,OUTsurance Oval,2,24.1,Zimbabwe,South Africa,GW Flower,BRM Taylor,J Botha,0,0,,,,,,,,,
463143,2010/11,2010-10-15,OUTsurance Oval,2,24.2,Zimbabwe,South Africa,GW Flower,BRM Taylor,J Botha,0,0,,,,,,,,,
463143,2010/11,2010-10-15,OUTsurance Oval,2,24.3,Zimbabwe,South Africa,GW Flower,BRM Taylor,J Botha,0,0,,,,,,,,,
463143,2010/11,2010-10-15,OUTsurance Oval,2,24.4,Zimbabwe,South Africa,GW Flower,BRM Taylor,J Botha,0,0,,,,,,,,,
463143,2010/11,2010-10-15,OUTsurance Oval,2,24.5,Zimbabwe,South Africa,GW Flower,BRM Taylor,J Botha,1,0,,,,,,,,,
463143,2010/11,2010-10-15,OUTsurance Oval,2,24.6,Zimbabwe,South Africa,BRM Taylor,GW Flower,J Botha,0,0,,,,,,,,,
463143,2010/11,2010-10-15,OUTsurance Oval,2,25.1,Zimbabwe,South Africa,GW Flower,BRM Taylor,JA Morkel,1,0,,,,,,,,,
463143,2010/11,2010-10-15,OUTsurance Oval,2,25.2,Zimbabwe,South Africa,BRM Taylor,GW Flower,JA Morkel,0,0,,,,,,,,,
463143,2010/11,2010-10-15,OUTsurance Oval,2,25.3,Zimbabwe,South Africa,BRM Taylor,GW Flower,JA Morkel,1,0,,,,,,,,,
463143,2010/11,2010-10-15,OUTsurance Oval,2,25.4,Zimbabwe,South Africa,GW Flower,BRM Taylor,JA Morkel,0,0,,,,,,,,,
463143,2010/11,2010-10-15,OUTsurance Oval,2,25.5,Zimbabwe,South Africa,GW Flower,BRM Taylor,JA Morkel,1,0,,,,,,,,,
463143,2010/11,2010-10-15,OUTsurance Oval,2,25.6,Zimbabwe,South Africa,BRM Taylor,GW Flower,JA Morkel,1,0,,,,,,,,,
463143,2010/11,2010-10-15,OUTsurance Oval,2,26.1,Zimbabwe,South Africa,BRM Taylor,GW Flower,J Botha,1,0,,,,,,,,,
463143,2010/11,2010-10-15,OUTsurance Oval,2,26.2,Zimbabwe,South Africa,GW Flower,BRM Taylor,J Botha,2,0,,,,,,,,,
463143,2010/11,2010-10-15,OUTsurance Oval,2,26.3,Zimbabwe,South Africa,GW Flower,BRM Taylor,J Botha,1,0,,,,,,,,,
463143,2010/11,2010-10-15,OUTsurance Oval,2,26.4,Zimbabwe,South Africa,BRM Taylor,GW Flower,J Botha,1,0,,,,,,,,,
463143,2010/11,2010-10-15,OUTsurance Oval,2,26.5,Zimbabwe,South Africa,GW Flower,BRM Taylor,J Botha,1,0,,,,,,,,,
463143,2010/11,2010-10-15,OUTsurance Oval,2,26.6,Zimbabwe,South Africa,BRM Taylor,GW Flower,J Botha,1,0,,,,,,,,,
463143,2010/11,2010-10-15,OUTsurance Oval,2,27.1,Zimbabwe,South Africa,BRM Taylor,GW Flower,J Theron,1,0,,,,,,,,,
463143,2010/11,2010-10-15,OUTsurance Oval,2,27.2,Zimbabwe,South Africa,GW Flower,BRM Taylor,J Theron,0,1,,,,1,,,,,
463143,2010/11,2010-10-15,OUTsurance Oval,2,27.3,Zimbabwe,South Africa,BRM Taylor,GW Flower,J Theron,0,0,,,,,,,,,
463143,2010/11,2010-10-15,OUTsurance Oval,2,27.4,Zimbabwe,South Africa,BRM Taylor,GW Flower,J Theron,1,0,,,,,,,,,
463143,2010/11,2010-10-15,OUTsurance Oval,2,27.5,Zimbabwe,South Africa,GW Flower,BRM Taylor,J Theron,1,0,,,,,,,,,
463143,2010/11,2010-10-15,OUTsurance Oval,2,27.6,Zimbabwe,South Africa,BRM Taylor,GW Flower,J Theron,4,0,,,,,,,,,
463143,2010/11,2010-10-15,OUTsurance Oval,2,28.1,Zimbabwe,South Africa,GW Flower,BRM Taylor,J Botha,1,0,,,,,,,,,
463143,2010/11,2010-10-15,OUTsurance Oval,2,28.2,Zimbabwe,South Africa,BRM Taylor,GW Flower,J Botha,1,0,,,,,,,,,
463143,2010/11,2010-10-15,OUTsurance Oval,2,28.3,Zimbabwe,South Africa,GW Flower,BRM Taylor,J Botha,1,0,,,,,,,,,
463143,2010/11,2010-10-15,OUTsurance Oval,2,28.4,Zimbabwe,South Africa,BRM Taylor,GW Flower,J Botha,0,0,,,,,,,,,
463143,2010/11,2010-10-15,OUTsurance Oval,2,28.5,Zimbabwe,South Africa,BRM Taylor,GW Flower,J Botha,1,0,,,,,,,,,
463143,2010/11,2010-10-15,OUTsurance Oval,2,28.6,Zimbabwe,South Africa,GW Flower,BRM Taylor,J Botha,2,0,,,,,,,,,
463143,2010/11,2010-10-15,OUTsurance Oval,2,29.1,Zimbabwe,South Africa,BRM Taylor,GW Flower,J Theron,1,0,,,,,,,,,
463143,2010/11,2010-10-15,OUTsurance Oval,2,29.2,Zimbabwe,South Africa,GW Flower,BRM Taylor,J Theron,0,0,,,,,,,,,
463143,2010/11,2010-10-15,OUTsurance Oval,2,29.3,Zimbabwe,South Africa,GW Flower,BRM Taylor,J Theron,0,3,,,,3,,,,,
463143,2010/11,2010-10-15,OUTsurance Oval,2,29.4,Zimbabwe,South Africa,BRM Taylor,GW Flower,J Theron,1,0,,,,,,,,,
463143,2010/11,2010-10-15,OUTsurance Oval,2,29.5,Zimbabwe,South Africa,GW Flower,BRM Taylor,J Theron,0,0,,,,,,caught,GW Flower,,
463143,2010/11,2010-10-15,OUTsurance Oval,2,29.6,Zimbabwe,South Africa,T Taibu,BRM Taylor,J Theron,1,0,,,,,,,,,
463143,2010/11,2010-10-15,OUTsurance Oval,2,30.1,Zimbabwe,South Africa,T Taibu,BRM Taylor,J Botha,1,0,,,,,,,,,
463143,2010/11,2010-10-15,OUTsurance Oval,2,30.2,Zimbabwe,South Africa,BRM Taylor,T Taibu,J Botha,1,0,,,,,,,,,
463143,2010/11,2010-10-15,OUTsurance Oval,2,30.3,Zimbabwe,South Africa,T Taibu,BRM Taylor,J Botha,0,0,,,,,,,,,
463143,2010/11,2010-10-15,OUTsurance Oval,2,30.4,Zimbabwe,South Africa,T Taibu,BRM Taylor,J Botha,4,0,,,,,,,,,
463143,2010/11,2010-10-15,OUTsurance Oval,2,30.5,Zimbabwe,South Africa,T Taibu,BRM Taylor,J Botha,0,0,,,,,,,,,
463143,2010/11,2010-10-15,OUTsurance Oval,2,30.6,Zimbabwe,South Africa,T Taibu,BRM Taylor,J Botha,0,0,,,,,,,,,
463143,2010/11,2010-10-15,OUTsurance Oval,2,31.1,Zimbabwe,South Africa,BRM Taylor,T Taibu,WD Parnell,0,1,,,,1,,,,,
463143,2010/11,2010-10-15,OUTsurance Oval,2,31.2,Zimbabwe,South Africa,T Taibu,BRM Taylor,WD Parnell,0,0,,,,,,,,,
463143,2010/11,2010-10-15,OUTsurance Oval,2,31.3,Zimbabwe,South Africa,T Taibu,BRM Taylor,WD Parnell,1,0,,,,,,,,,
463143,2010/11,2010-10-15,OUTsurance Oval,2,31.4,Zimbabwe,South Africa,BRM Taylor,T Taibu,WD Parnell,0,1,1,,,,,,,,
463143,2010/11,2010-10-15,OUTsurance Oval,2,31.5,Zimbabwe,South Africa,BRM Taylor,T Taibu,WD Parnell,0,0,,,,,,,,,
463143,2010/11,2010-10-15,OUTsurance Oval,2,31.6,Zimbabwe,South Africa,BRM Taylor,T Taibu,WD Parnell,0,1,1,,,,,,,,
463143,2010/11,2010-10-15,OUTsurance Oval,2,31.7,Zimbabwe,South Africa,BRM Taylor,T Taibu,WD Parnell,1,0,,,,,,,,,
463143,2010/11,2010-10-15,OUTsurance Oval,2,31.8,Zimbabwe,South Africa,T Taibu,BRM Taylor,WD Parnell,1,0,,,,,,,,,
463143,2010/11,2010-10-15,OUTsurance Oval,2,32.1,Zimbabwe,South Africa,T Taibu,BRM Taylor,J Botha,0,1,,,,1,,,,,
463143,2010/11,2010-10-15,OUTsurance Oval,2,32.2,Zimbabwe,South Africa,BRM Taylor,T Taibu,J Botha,0,0,,,,,,,,,
463143,2010/11,2010-10-15,OUTsurance Oval,2,32.3,Zimbabwe,South Africa,BRM Taylor,T Taibu,J Botha,1,0,,,,,,,,,
463143,2010/11,2010-10-15,OUTsurance Oval,2,32.4,Zimbabwe,South Africa,T Taibu,BRM Taylor,J Botha,0,0,,,,,,,,,
463143,2010/11,2010-10-15,OUTsurance Oval,2,32.5,Zimbabwe,South Africa,T Taibu,BRM Taylor,J Botha,1,0,,,,,,,,,
463143,2010/11,2010-10-15,OUTsurance Oval,2,32.6,Zimbabwe,South Africa,BRM Taylor,T Taibu,J Botha,0,0,,,,,,,,,
463143,2010/11,2010-10-15,OUTsurance Oval,2,33.1,Zimbabwe,South Africa,T Taibu,BRM Taylor,WD Parnell,1,0,,,,,,,,,
463143,2010/11,2010-10-15,OUTsurance Oval,2,33.2,Zimbabwe,South Africa,BRM Taylor,T Taibu,WD Parnell,1,0,,,,,,,,,
463143,2010/11,2010-10-15,OUTsurance Oval,2,33.3,Zimbabwe,South Africa,T Taibu,BRM Taylor,WD Parnell,0,0,,,,,,,,,
463143,2010/11,2010-10-15,OUTsurance Oval,2,33.4,Zimbabwe,South Africa,T Taibu,BRM Taylor,WD Parnell,1,0,,,,,,,,,
463143,2010/11,2010-10-15,OUTsurance Oval,2,33.5,Zimbabwe,South Africa,BRM Taylor,T Taibu,WD Parnell,0,0,,,,,,,,,
463143,2010/11,2010-10-15,OUTsurance Oval,2,33.6,Zimbabwe,South Africa,BRM Taylor,T Taibu,WD Parnell,0,0,,,,,,,,,
463143,2010/11,2010-10-15,OUTsurance Oval,2,34.1,Zimbabwe,South Africa,T Taibu,BRM Taylor,J Botha,0,0,,,,,,,,,
463143,2010/11,2010-10-15,OUTsurance Oval,2,34.2,Zimbabwe,South Africa,T Taibu,BRM Taylor,J Botha,2,0,,,,,,,,,
463143,2010/11,2010-10-15,OUTsurance Oval,2,34.3,Zimbabwe,South Africa,T Taibu,BRM Taylor,J Botha,0,0,,,,,,caught,T Taibu,,
463143,2010/11,2010-10-15,OUTsurance Oval,2,34.4,Zimbabwe,South Africa,BRM Taylor,E Chigumbura,J Botha,1,0,,,,,,,,,
463143,2010/11,2010-10-15,OUTsurance Oval,2,34.5,Zimbabwe,South Africa,E Chigumbura,BRM Taylor,J Botha,0,0,,,,,,,,,
463143,2010/11,2010-10-15,OUTsurance Oval,2,34.6,Zimbabwe,South Africa,E Chigumbura,BRM Taylor,J Botha,1,0,,,,,,,,,
463143,2010/11,2010-10-15,OUTsurance Oval,2,35.1,Zimbabwe,South Africa,E Chigumbura,BRM Taylor,WD Parnell,1,0,,,,,,,,,
463143,2010/11,2010-10-15,OUTsurance Oval,2,35.2,Zimbabwe,South Africa,BRM Taylor,E Chigumbura,WD Parnell,0,0,,,,,,,,,
463143,2010/11,2010-10-15,OUTsurance Oval,2,35.3,Zimbabwe,South Africa,BRM Taylor,E Chigumbura,WD Parnell,1,0,,,,,,,,,
463143,2010/11,2010-10-15,OUTsurance Oval,2,35.4,Zimbabwe,South Africa,E Chigumbura,BRM Taylor,WD Parnell,0,0,,,,,,,,,
463143,2010/11,2010-10-15,OUTsurance Oval,2,35.5,Zimbabwe,South Africa,E Chigumbura,BRM Taylor,WD Parnell,1,0,,,,,,,,,
463143,2010/11,2010-10-15,OUTsurance Oval,2,35.6,Zimbabwe,South Africa,BRM Taylor,E Chigumbura,WD Parnell,0,0,,,,,,,,,
463143,2010/11,2010-10-15,OUTsurance Oval,2,36.1,Zimbabwe,South Africa,E Chigumbura,BRM Taylor,JA Morkel,0,0,,,,,,,,,
463143,2010/11,2010-10-15,OUTsurance Oval,2,36.2,Zimbabwe,South Africa,E Chigumbura,BRM Taylor,JA Morkel,0,0,,,,,,,,,
463143,2010/11,2010-10-15,OUTsurance Oval,2,36.3,Zimbabwe,South Africa,E Chigumbura,BRM Taylor,JA Morkel,1,0,,,,,,,,,
463143,2010/11,2010-10-15,OUTsurance Oval,2,36.4,Zimbabwe,South Africa,BRM Taylor,E Chigumbura,JA Morkel,1,0,,,,,,,,,
463143,2010/11,2010-10-15,OUTsurance Oval,2,36.5,Zimbabwe,South Africa,E Chigumbura,BRM Taylor,JA Morkel,0,0,,,,,,,,,
463143,2010/11,2010-10-15,OUTsurance Oval,2,36.6,Zimbabwe,South Africa,E Chigumbura,BRM Taylor,JA Morkel,4,0,,,,,,,,,
463143,2010/11,2010-10-15,OUTsurance Oval,2,37.1,Zimbabwe,South Africa,BRM Taylor,E Chigumbura,CK Langeveldt,2,0,,,,,,,,,
463143,2010/11,2010-10-15,OUTsurance Oval,2,37.2,Zimbabwe,South Africa,BRM Taylor,E Chigumbura,CK Langeveldt,1,0,,,,,,,,,
463143,2010/11,2010-10-15,OUTsurance Oval,2,37.3,Zimbabwe,South Africa,E Chigumbura,BRM Taylor,CK Langeveldt,0,0,,,,,,,,,
463143,2010/11,2010-10-15,OUTsurance Oval,2,37.4,Zimbabwe,South Africa,E Chigumbura,BRM Taylor,CK Langeveldt,1,0,,,,,,,,,
463143,2010/11,2010-10-15,OUTsurance Oval,2,37.5,Zimbabwe,South Africa,BRM Taylor,E Chigumbura,CK Langeveldt,1,0,,,,,,,,,
463143,2010/11,2010-10-15,OUTsurance Oval,2,37.6,Zimbabwe,South Africa,E Chigumbura,BRM Taylor,CK Langeveldt,0,0,,,,,,,,,
463143,2010/11,2010-10-15,OUTsurance Oval,2,38.1,Zimbabwe,South Africa,BRM Taylor,E Chigumbura,JA Morkel,2,0,,,,,,,,,
463143,2010/11,2010-10-15,OUTsurance Oval,2,38.2,Zimbabwe,South Africa,BRM Taylor,E Chigumbura,JA Morkel,1,0,,,,,,,,,
463143,2010/11,2010-10-15,OUTsurance Oval,2,38.3,Zimbabwe,South Africa,E Chigumbura,BRM Taylor,JA Morkel,1,0,,,,,,,,,
463143,2010/11,2010-10-15,OUTsurance Oval,2,38.4,Zimbabwe,South Africa,BRM Taylor,E Chigumbura,JA Morkel,0,0,,,,,,,,,
463143,2010/11,2010-10-15,OUTsurance Oval,2,38.5,Zimbabwe,South Africa,BRM Taylor,E Chigumbura,JA Morkel,2,0,,,,,,,,,
463143,2010/11,2010-10-15,OUTsurance Oval,2,38.6,Zimbabwe,South Africa,BRM Taylor,E Chigumbura,JA Morkel,1,0,,,,,,,,,
463143,2010/11,2010-10-15,OUTsurance Oval,2,39.1,Zimbabwe,South Africa,BRM Taylor,E Chigumbura,CK Langeveldt,0,1,,,,1,,,,,
463143,2010/11,2010-10-15,OUTsurance Oval,2,39.2,Zimbabwe,South Africa,E Chigumbura,BRM Taylor,CK Langeveldt,0,1,1,,,,,,,,
463143,2010/11,2010-10-15,OUTsurance Oval,2,39.3,Zimbabwe,South Africa,E Chigumbura,BRM Taylor,CK Langeveldt,0,0,,,,,,,,,
463143,2010/11,2010-10-15,OUTsurance Oval,2,39.4,Zimbabwe,South Africa,E Chigumbura,BRM Taylor,CK Langeveldt,1,0,,,,,,,,,
463143,2010/11,2010-10-15,OUTsurance Oval,2,39.5,Zimbabwe,South Africa,BRM Taylor,E Chigumbura,CK Langeveldt,0,0,,,,,,,,,
463143,2010/11,2010-10-15,OUTsurance Oval,2,39.6,Zimbabwe,South Africa,BRM Taylor,E Chigumbura,CK Langeveldt,0,1,1,,,,,,,,
463143,2010/11,2010-10-15,OUTsurance Oval,2,39.7,Zimbabwe,South Africa,BRM Taylor,E Chigumbura,CK Langeveldt,0,1,1,,,,,,,,
463143,2010/11,2010-10-15,OUTsurance Oval,2,39.8,Zimbabwe,South Africa,BRM Taylor,E Chigumbura,CK Langeveldt,1,0,,,,,,,,,
463143,2010/11,2010-10-15,OUTsurance Oval,2,39.9,Zimbabwe,South Africa,E Chigumbura,BRM Taylor,CK Langeveldt,0,0,,,,,,,,,
463143,2010/11,2010-10-15,OUTsurance Oval,2,40.1,Zimbabwe,South Africa,BRM Taylor,E Chigumbura,J Theron,0,0,,,,,,,,,
463143,2010/11,2010-10-15,OUTsurance Oval,2,40.2,Zimbabwe,South Africa,BRM Taylor,E Chigumbura,J Theron,1,0,,,,,,,,,
463143,2010/11,2010-10-15,OUTsurance Oval,2,40.3,Zimbabwe,South Africa,BRM Taylor,E Chigumbura,J Theron,4,0,,,,,,,,,
463143,2010/11,2010-10-15,OUTsurance Oval,2,40.4,Zimbabwe,South Africa,BRM Taylor,E Chigumbura,J Theron,0,0,,,,,,,,,
463143,2010/11,2010-10-15,OUTsurance Oval,2,40.5,Zimbabwe,South Africa,BRM Taylor,E Chigumbura,J Theron,1,0,,,,,,,,,
463143,2010/11,2010-10-15,OUTsurance Oval,2,40.6,Zimbabwe,South Africa,E Chigumbura,BRM Taylor,J Theron,0,0,,,,,,,,,
463143,2010/11,2010-10-15,OUTsurance Oval,2,41.1,Zimbabwe,South Africa,BRM Taylor,E Chigumbura,CK Langeveldt,4,0,,,,,,,,,
463143,2010/11,2010-10-15,OUTsurance Oval,2,41.2,Zimbabwe,South Africa,BRM Taylor,E Chigumbura,CK Langeveldt,1,0,,,,,,,,,
463143,2010/11,2010-10-15,OUTsurance Oval,2,41.3,Zimbabwe,South Africa,E Chigumbura,BRM Taylor,CK Langeveldt,0,0,,,,,,,,,
463143,2010/11,2010-10-15,OUTsurance Oval,2,41.4,Zimbabwe,South Africa,E Chigumbura,BRM Taylor,CK Langeveldt,1,0,,,,,,,,,
463143,2010/11,2010-10-15,OUTsurance Oval,2,41.5,Zimbabwe,South Africa,BRM Taylor,E Chigumbura,CK Langeveldt,2,0,,,,,,,,,
463143,2010/11,2010-10-15,OUTsurance Oval,2,41.6,Zimbabwe,South Africa,BRM Taylor,E Chigumbura,CK Langeveldt,2,0,,,,,,,,,
463143,2010/11,2010-10-15,OUTsurance Oval,2,42.1,Zimbabwe,South Africa,E Chigumbura,BRM Taylor,J Theron,1,0,,,,,,,,,
463143,2010/11,2010-10-15,OUTsurance Oval,2,42.2,Zimbabwe,South Africa,BRM Taylor,E Chigumbura,J Theron,2,0,,,,,,,,,
463143,2010/11,2010-10-15,OUTsurance Oval,2,42.3,Zimbabwe,South Africa,BRM Taylor,E Chigumbura,J Theron,1,0,,,,,,,,,
463143,2010/11,2010-10-15,OUTsurance Oval,2,42.4,Zimbabwe,South Africa,E Chigumbura,BRM Taylor,J Theron,1,0,,,,,,,,,
463143,2010/11,2010-10-15,OUTsurance Oval,2,42.5,Zimbabwe,South Africa,BRM Taylor,E Chigumbura,J Theron,4,0,,,,,,,,,
463143,2010/11,2010-10-15,OUTsurance Oval,2,42.6,Zimbabwe,South Africa,BRM Taylor,E Chigumbura,J Theron,1,0,,,,,,,,,
463143,2010/11,2010-10-15,OUTsurance Oval,2,43.1,Zimbabwe,South Africa,BRM Taylor,E Chigumbura,WD Parnell,0,0,,,,,,,,,
463143,2010/11,2010-10-15,OUTsurance Oval,2,43.2,Zimbabwe,South Africa,BRM Taylor,E Chigumbura,WD Parnell,2,0,,,,,,,,,
463143,2010/11,2010-10-15,OUTsurance Oval,2,43.3,Zimbabwe,South Africa,BRM Taylor,E Chigumbura,WD Parnell,0,0,,,,,,,,,
463143,2010/11,2010-10-15,OUTsurance Oval,2,43.4,Zimbabwe,South Africa,BRM Taylor,E Chigumbura,WD Parnell,1,0,,,,,,,,,
463143,2010/11,2010-10-15,OUTsurance Oval,2,43.5,Zimbabwe,South Africa,E Chigumbura,BRM Taylor,WD Parnell,4,0,,,,,,,,,
463143,2010/11,2010-10-15,OUTsurance Oval,2,43.6,Zimbabwe,South Africa,E Chigumbura,BRM Taylor,WD Parnell,1,0,,,,,,,,,
463143,2010/11,2010-10-15,OUTsurance Oval,2,44.1,Zimbabwe,South Africa,E Chigumbura,BRM Taylor,J Theron,4,0,,,,,,,,,
463143,2010/11,2010-10-15,OUTsurance Oval,2,44.2,Zimbabwe,South Africa,E Chigumbura,BRM Taylor,J Theron,0,0,,,,,,caught,E Chigumbura,,
463143,2010/11,2010-10-15,OUTsurance Oval,2,44.3,Zimbabwe,South Africa,P Utseya,BRM Taylor,J Theron,1,0,,,,,,,,,
463143,2010/11,2010-10-15,OUTsurance Oval,2,44.4,Zimbabwe,South Africa,BRM Taylor,P Utseya,J Theron,1,0,,,,,,,,,
463143,2010/11,2010-10-15,OUTsurance Oval,2,44.5,Zimbabwe,South Africa,P Utseya,BRM Taylor,J Theron,0,0,,,,,,,,,
463143,2010/11,2010-10-15,OUTsurance Oval,2,44.6,Zimbabwe,South Africa,P Utseya,BRM Taylor,J Theron,0,0,,,,,,,,,
463143,2010/11,2010-10-15,OUTsurance Oval,2,45.1,Zimbabwe,South Africa,BRM Taylor,P Utseya,WD Parnell,1,0,,,,,,,,,
463143,2010/11,2010-10-15,OUTsurance Oval,2,45.2,Zimbabwe,South Africa,P Utseya,BRM Taylor,WD Parnell,1,0,,,,,,,,,
463143,2010/11,2010-10-15,OUTsurance Oval,2,45.3,Zimbabwe,South Africa,BRM Taylor,P Utseya,WD Parnell,4,0,,,,,,,,,
463143,2010/11,2010-10-15,OUTsurance Oval,2,45.4,Zimbabwe,South Africa,BRM Taylor,P Utseya,WD Parnell,1,0,,,,,,,,,
463143,2010/11,2010-10-15,OUTsurance Oval,2,45.5,Zimbabwe,South Africa,P Utseya,BRM Taylor,WD Parnell,1,0,,,,,,,,,
463143,2010/11,2010-10-15,OUTsurance Oval,2,45.6,Zimbabwe,South Africa,BRM Taylor,P Utseya,WD Parnell,4,0,,,,,,,,,
463143,2010/11,2010-10-15,OUTsurance Oval,2,46.1,Zimbabwe,South Africa,P Utseya,BRM Taylor,J Theron,1,0,,,,,,,,,
463143,2010/11,2010-10-15,OUTsurance Oval,2,46.2,Zimbabwe,South Africa,BRM Taylor,P Utseya,J Theron,2,0,,,,,,,,,
463143,2010/11,2010-10-15,OUTsurance Oval,2,46.3,Zimbabwe,South Africa,BRM Taylor,P Utseya,J Theron,1,0,,,,,,,,,
463143,2010/11,2010-10-15,OUTsurance Oval,2,46.4,Zimbabwe,South Africa,P Utseya,BRM Taylor,J Theron,0,0,,,,,,,,,
463143,2010/11,2010-10-15,OUTsurance Oval,2,46.5,Zimbabwe,South Africa,P Utseya,BRM Taylor,J Theron,4,0,,,,,,,,,
463143,2010/11,2010-10-15,OUTsurance Oval,2,46.6,Zimbabwe,South Africa,P Utseya,BRM Taylor,J Theron,1,0,,,,,,,,,
463143,2010/11,2010-10-15,OUTsurance Oval,2,47.1,Zimbabwe,South Africa,P Utseya,BRM Taylor,CK Langeveldt,4,0,,,,,,,,,
463143,2010/11,2010-10-15,OUTsurance Oval,2,47.2,Zimbabwe,South Africa,P Utseya,BRM Taylor,CK Langeveldt,0,0,,,,,,,,,
463143,2010/11,2010-10-15,OUTsurance Oval,2,47.3,Zimbabwe,South Africa,P Utseya,BRM Taylor,CK Langeveldt,0,0,,,,,,,,,
463143,2010/11,2010-10-15,OUTsurance Oval,2,47.4,Zimbabwe,South Africa,P Utseya,BRM Taylor,CK Langeveldt,4,0,,,,,,,,,
463143,2010/11,2010-10-15,OUTsurance Oval,2,47.5,Zimbabwe,South Africa,P Utseya,BRM Taylor,CK Langeveldt,0,0,,,,,,,,,
463143,2010/11,2010-10-15,OUTsurance Oval,2,47.6,Zimbabwe,South Africa,P Utseya,BRM Taylor,CK Langeveldt,1,0,,,,,,,,,
463143,2010/11,2010-10-15,OUTsurance Oval,2,48.1,Zimbabwe,South Africa,P Utseya,BRM Taylor,JA Morkel,1,0,,,,,,,,,
463143,2010/11,2010-10-15,OUTsurance Oval,2,48.2,Zimbabwe,South Africa,BRM Taylor,P Utseya,JA Morkel,0,0,,,,,,,,,
463143,2010/11,2010-10-15,OUTsurance Oval,2,48.3,Zimbabwe,South Africa,BRM Taylor,P Utseya,JA Morkel,2,0,,,,,,,,,
463143,2010/11,2010-10-15,OUTsurance Oval,2,48.4,Zimbabwe,South Africa,BRM Taylor,P Utseya,JA Morkel,0,0,,,,,,,,,
463143,2010/11,2010-10-15,OUTsurance Oval,2,48.5,Zimbabwe,South Africa,BRM Taylor,P Utseya,JA Morkel,1,0,,,,,,,,,
463143,2010/11,2010-10-15,OUTsurance Oval,2,48.6,Zimbabwe,South Africa,P Utseya,BRM Taylor,JA Morkel,1,0,,,,,,,,,
463143,2010/11,2010-10-15,OUTsurance Oval,2,49.1,Zimbabwe,South Africa,P Utseya,BRM Taylor,CK Langeveldt,0,0,,,,,,,,,
463143,2010/11,2010-10-15,OUTsurance Oval,2,49.2,Zimbabwe,South Africa,P Utseya,BRM Taylor,CK Langeveldt,1,0,,,,,,,,,
463143,2010/11,2010-10-15,OUTsurance Oval,2,49.3,Zimbabwe,South Africa,BRM Taylor,P Utseya,CK Langeveldt,1,0,,,,,,,,,
463143,2010/11,2010-10-15,OUTsurance Oval,2,49.4,Zimbabwe,South Africa,P Utseya,BRM Taylor,CK Langeveldt,1,0,,,,,,,,,
463143,2010/11,2010-10-15,OUTsurance Oval,2,49.5,Zimbabwe,South Africa,BRM Taylor,P Utseya,CK Langeveldt,0,0,,,,,,,,,
463143,2010/11,2010-10-15,OUTsurance Oval,2,49.6,Zimbabwe,South Africa,BRM Taylor,P Utseya,CK Langeveldt,1,0,,,,,,,,,
