match_id,season,start_date,venue,innings,ball,batting_team,bowling_team,striker,non_striker,bowler,runs_off_bat,extras,wides,noballs,byes,legbyes,penalty,wicket_type,player_dismissed,other_wicket_type,other_player_dismissed
464991,2010/11,2011-02-03,Sinhalese Sports Club Ground,1,0.1,West Indies,Sri Lanka,CH Gayle,AB Barath,SL Malinga,0,0,,,,,,,,,
464991,2010/11,2011-02-03,Sinhalese Sports Club Ground,1,0.2,West Indies,Sri Lanka,CH Gayle,AB Barath,SL Malinga,2,0,,,,,,,,,
464991,2010/11,2011-02-03,Sinhalese Sports Club Ground,1,0.3,West Indies,Sri Lanka,CH Gayle,AB Barath,SL Malinga,0,0,,,,,,,,,
464991,2010/11,2011-02-03,Sinhalese Sports Club Ground,1,0.4,West Indies,Sri Lanka,CH Gayle,AB Barath,SL Malinga,0,0,,,,,,,,,
464991,2010/11,2011-02-03,Sinhalese Sports Club Ground,1,0.5,West Indies,Sri Lanka,CH Gayle,AB Barath,SL Malinga,0,0,,,,,,,,,
464991,2010/11,2011-02-03,Sinhalese Sports Club Ground,1,0.6,West Indies,Sri Lanka,CH Gayle,AB Barath,SL Malinga,0,0,,,,,,,,,
464991,2010/11,2011-02-03,Sinhalese Sports Club Ground,1,1.1,West Indies,Sri Lanka,AB Barath,CH Gayle,KMDN Kulasekara,0,0,,,,,,,,,
464991,2010/11,2011-02-03,Sinhalese Sports Club Ground,1,1.2,West Indies,Sri Lanka,AB Barath,CH Gayle,KMDN Kulasekara,4,0,,,,,,,,,
464991,2010/11,2011-02-03,Sinhalese Sports Club Ground,1,1.3,West Indies,Sri Lanka,AB Barath,CH Gayle,KMDN Kulasekara,0,0,,,,,,,,,
464991,2010/11,2011-02-03,Sinhalese Sports Club Ground,1,1.4,West Indies,Sri Lanka,AB Barath,CH Gayle,KMDN Kulasekara,0,0,,,,,,,,,
464991,2010/11,2011-02-03,Sinhalese Sports Club Ground,1,1.5,West Indies,Sri Lanka,AB Barath,CH Gayle,KMDN Kulasekara,0,0,,,,,,,,,
464991,2010/11,2011-02-03,Sinhalese Sports Club Ground,1,1.6,West Indies,Sri Lanka,AB Barath,CH Gayle,KMDN Kulasekara,0,0,,,,,,,,,
464991,2010/11,2011-02-03,Sinhalese Sports Club Ground,1,2.1,West Indies,Sri Lanka,CH Gayle,AB Barath,SL Malinga,2,0,,,,,,,,,
464991,2010/11,2011-02-03,Sinhalese Sports Club Ground,1,2.2,West Indies,Sri Lanka,CH Gayle,AB Barath,SL Malinga,0,0,,,,,,,,,
464991,2010/11,2011-02-03,Sinhalese Sports Club Ground,1,2.3,West Indies,Sri Lanka,CH Gayle,AB Barath,SL Malinga,0,0,,,,,,,,,
464991,2010/11,2011-02-03,Sinhalese Sports Club Ground,1,2.4,West Indies,Sri Lanka,CH Gayle,AB Barath,SL Malinga,0,0,,,,,,,,,
464991,2010/11,2011-02-03,Sinhalese Sports Club Ground,1,2.5,West Indies,Sri Lanka,CH Gayle,AB Barath,SL Malinga,0,0,,,,,,,,,
464991,2010/11,2011-02-03,Sinhalese Sports Club Ground,1,2.6,West Indies,Sri Lanka,CH Gayle,AB Barath,SL Malinga,0,0,,,,,,,,,
464991,2010/11,2011-02-03,Sinhalese Sports Club Ground,1,3.1,West Indies,Sri Lanka,AB Barath,CH Gayle,KMDN Kulasekara,0,0,,,,,,,,,
464991,2010/11,2011-02-03,Sinhalese Sports Club Ground,1,3.2,West Indies,Sri Lanka,AB Barath,CH Gayle,KMDN Kulasekara,0,0,,,,,,,,,
464991,2010/11,2011-02-03,Sinhalese Sports Club Ground,1,3.3,West Indies,Sri Lanka,AB Barath,CH Gayle,KMDN Kulasekara,0,4,,,,4,,,,,
464991,2010/11,2011-02-03,Sinhalese Sports Club Ground,1,3.4,West Indies,Sri Lanka,AB Barath,CH Gayle,KMDN Kulasekara,0,0,,,,,,,,,
464991,2010/11,2011-02-03,Sinhalese Sports Club Ground,1,3.5,West Indies,Sri Lanka,AB Barath,CH Gayle,KMDN Kulasekara,0,0,,,,,,,,,
464991,2010/11,2011-02-03,Sinhalese Sports Club Ground,1,3.6,West Indies,Sri Lanka,AB Barath,CH Gayle,KMDN Kulasekara,0,0,,,,,,,,,
464991,2010/11,2011-02-03,Sinhalese Sports Club Ground,1,4.1,West Indies,Sri Lanka,CH Gayle,AB Barath,SL Malinga,0,1,1,,,,,,,,
464991,2010/11,2011-02-03,Sinhalese Sports Club Ground,1,4.2,West Indies,Sri Lanka,CH Gayle,AB Barath,SL Malinga,0,0,,,,,,,,,
464991,2010/11,2011-02-03,Sinhalese Sports Club Ground,1,4.3,West Indies,Sri Lanka,CH Gayle,AB Barath,SL Malinga,1,0,,,,,,,,,
464991,2010/11,2011-02-03,Sinhalese Sports Club Ground,1,4.4,West Indies,Sri Lanka,AB Barath,CH Gayle,SL Malinga,0,0,,,,,,,,,
464991,2010/11,2011-02-03,Sinhalese Sports Club Ground,1,4.5,West Indies,Sri Lanka,AB Barath,CH Gayle,SL Malinga,1,0,,,,,,,,,
464991,2010/11,2011-02-03,Sinhalese Sports Club Ground,1,4.6,West Indies,Sri Lanka,CH Gayle,AB Barath,SL Malinga,0,0,,,,,,,,,
464991,2010/11,2011-02-03,Sinhalese Sports Club Ground,1,4.7,West Indies,Sri Lanka,CH Gayle,AB Barath,SL Malinga,0,0,,,,,,,,,
464991,2010/11,2011-02-03,Sinhalese Sports Club Ground,1,5.1,West Indies,Sri Lanka,AB Barath,CH Gayle,KMDN Kulasekara,0,0,,,,,,,,,
464991,2010/11,2011-02-03,Sinhalese Sports Club Ground,1,5.2,West Indies,Sri Lanka,AB Barath,CH Gayle,KMDN Kulasekara,1,0,,,,,,,,,
464991,2010/11,2011-02-03,Sinhalese Sports Club Ground,1,5.3,West Indies,Sri Lanka,CH Gayle,AB Barath,KMDN Kulasekara,0,0,,,,,,,,,
464991,2010/11,2011-02-03,Sinhalese Sports Club Ground,1,5.4,West Indies,Sri Lanka,CH Gayle,AB Barath,KMDN Kulasekara,0,0,,,,,,,,,
464991,2010/11,2011-02-03,Sinhalese Sports Club Ground,1,5.5,West Indies,Sri Lanka,CH Gayle,AB Barath,KMDN Kulasekara,0,0,,,,,,,,,
464991,2010/11,2011-02-03,Sinhalese Sports Club Ground,1,5.6,West Indies,Sri Lanka,CH Gayle,AB Barath,KMDN Kulasekara,0,0,,,,,,,,,
464991,2010/11,2011-02-03,Sinhalese Sports Club Ground,1,6.1,West Indies,Sri Lanka,AB Barath,CH Gayle,AD Mathews,1,0,,,,,,,,,
464991,2010/11,2011-02-03,Sinhalese Sports Club Ground,1,6.2,West Indies,Sri Lanka,CH Gayle,AB Barath,AD Mathews,4,0,,,,,,,,,
464991,2010/11,2011-02-03,Sinhalese Sports Club Ground,1,6.3,West Indies,Sri Lanka,CH Gayle,AB Barath,AD Mathews,0,0,,,,,,,,,
464991,2010/11,2011-02-03,Sinhalese Sports Club Ground,1,6.4,West Indies,Sri Lanka,CH Gayle,AB Barath,AD Mathews,4,0,,,,,,,,,
464991,2010/11,2011-02-03,Sinhalese Sports Club Ground,1,6.5,West Indies,Sri Lanka,CH Gayle,AB Barath,AD Mathews,0,0,,,,,,,,,
464991,2010/11,2011-02-03,Sinhalese Sports Club Ground,1,6.6,West Indies,Sri Lanka,CH Gayle,AB Barath,AD Mathews,4,0,,,,,,,,,
464991,2010/11,2011-02-03,Sinhalese Sports Club Ground,1,7.1,West Indies,Sri Lanka,AB Barath,CH Gayle,KMDN Kulasekara,0,0,,,,,,,,,
464991,2010/11,2011-02-03,Sinhalese Sports Club Ground,1,7.2,West Indies,Sri Lanka,AB Barath,CH Gayle,KMDN Kulasekara,0,0,,,,,,,,,
464991,2010/11,2011-02-03,Sinhalese Sports Club Ground,1,7.3,West Indies,Sri Lanka,AB Barath,CH Gayle,KMDN Kulasekara,1,0,,,,,,,,,
464991,2010/11,2011-02-03,Sinhalese Sports Club Ground,1,7.4,West Indies,Sri Lanka,CH Gayle,AB Barath,KMDN Kulasekara,4,0,,,,,,,,,
464991,2010/11,2011-02-03,Sinhalese Sports Club Ground,1,7.5,West Indies,Sri Lanka,CH Gayle,AB Barath,KMDN Kulasekara,6,0,,,,,,,,,
464991,2010/11,2011-02-03,Sinhalese Sports Club Ground,1,7.6,West Indies,Sri Lanka,CH Gayle,AB Barath,KMDN Kulasekara,0,0,,,,,,,,,
464991,2010/11,2011-02-03,Sinhalese Sports Club Ground,1,8.1,West Indies,Sri Lanka,AB Barath,CH Gayle,AD Mathews,0,0,,,,,,,,,
464991,2010/11,2011-02-03,Sinhalese Sports Club Ground,1,8.2,West Indies,Sri Lanka,AB Barath,CH Gayle,AD Mathews,0,0,,,,,,,,,
464991,2010/11,2011-02-03,Sinhalese Sports Club Ground,1,8.3,West Indies,Sri Lanka,AB Barath,CH Gayle,AD Mathews,0,0,,,,,,,,,
464991,2010/11,2011-02-03,Sinhalese Sports Club Ground,1,8.4,West Indies,Sri Lanka,AB Barath,CH Gayle,AD Mathews,0,0,,,,,,,,,
464991,2010/11,2011-02-03,Sinhalese Sports Club Ground,1,8.5,West Indies,Sri Lanka,AB Barath,CH Gayle,AD Mathews,0,0,,,,,,,,,
464991,2010/11,2011-02-03,Sinhalese Sports Club Ground,1,8.6,West Indies,Sri Lanka,AB Barath,CH Gayle,AD Mathews,1,0,,,,,,,,,
464991,2010/11,2011-02-03,Sinhalese Sports Club Ground,1,9.1,West Indies,Sri Lanka,AB Barath,CH Gayle,KMDN Kulasekara,1,0,,,,,,,,,
464991,2010/11,2011-02-03,Sinhalese Sports Club Ground,1,9.2,West Indies,Sri Lanka,CH Gayle,AB Barath,KMDN Kulasekara,1,0,,,,,,,,,
464991,2010/11,2011-02-03,Sinhalese Sports Club Ground,1,9.3,West Indies,Sri Lanka,AB Barath,CH Gayle,KMDN Kulasekara,0,0,,,,,,,,,
464991,2010/11,2011-02-03,Sinhalese Sports Club Ground,1,9.4,West Indies,Sri Lanka,AB Barath,CH Gayle,KMDN Kulasekara,2,0,,,,,,,,,
464991,2010/11,2011-02-03,Sinhalese Sports Club Ground,1,9.5,West Indies,Sri Lanka,AB Barath,CH Gayle,KMDN Kulasekara,0,0,,,,,,lbw,AB Barath,,
464991,2010/11,2011-02-03,Sinhalese Sports Club Ground,1,9.6,West Indies,Sri Lanka,DM Bravo,CH Gayle,KMDN Kulasekara,0,0,,,,,,,,,
464991,2010/11,2011-02-03,Sinhalese Sports Club Ground,1,10.1,West Indies,Sri Lanka,CH Gayle,DM Bravo,M Muralitharan,0,0,,,,,,caught,CH Gayle,,
464991,2010/11,2011-02-03,Sinhalese Sports Club Ground,1,10.2,West Indies,Sri Lanka,RR Sarwan,DM Bravo,M Muralitharan,0,0,,,,,,,,,
464991,2010/11,2011-02-03,Sinhalese Sports Club Ground,1,10.3,West Indies,Sri Lanka,RR Sarwan,DM Bravo,M Muralitharan,0,0,,,,,,,,,
464991,2010/11,2011-02-03,Sinhalese Sports Club Ground,1,10.4,West Indies,Sri Lanka,RR Sarwan,DM Bravo,M Muralitharan,0,0,,,,,,,,,
464991,2010/11,2011-02-03,Sinhalese Sports Club Ground,1,10.5,West Indies,Sri Lanka,RR Sarwan,DM Bravo,M Muralitharan,0,0,,,,,,,,,
464991,2010/11,2011-02-03,Sinhalese Sports Club Ground,1,10.6,West Indies,Sri Lanka,RR Sarwan,DM Bravo,M Muralitharan,0,0,,,,,,,,,
464991,2010/11,2011-02-03,Sinhalese Sports Club Ground,1,11.1,West Indies,Sri Lanka,DM Bravo,RR Sarwan,KMDN Kulasekara,0,0,,,,,,,,,
464991,2010/11,2011-02-03,Sinhalese Sports Club Ground,1,11.2,West Indies,Sri Lanka,DM Bravo,RR Sarwan,KMDN Kulasekara,0,0,,,,,,,,,
464991,2010/11,2011-02-03,Sinhalese Sports Club Ground,1,11.3,West Indies,Sri Lanka,DM Bravo,RR Sarwan,KMDN Kulasekara,0,0,,,,,,,,,
464991,2010/11,2011-02-03,Sinhalese Sports Club Ground,1,11.4,West Indies,Sri Lanka,DM Bravo,RR Sarwan,KMDN Kulasekara,2,0,,,,,,,,,
464991,2010/11,2011-02-03,Sinhalese Sports Club Ground,1,11.5,West Indies,Sri Lanka,DM Bravo,RR Sarwan,KMDN Kulasekara,0,0,,,,,,,,,
464991,2010/11,2011-02-03,Sinhalese Sports Club Ground,1,11.6,West Indies,Sri Lanka,DM Bravo,RR Sarwan,KMDN Kulasekara,1,0,,,,,,,,,
464991,2010/11,2011-02-03,Sinhalese Sports Club Ground,1,12.1,West Indies,Sri Lanka,DM Bravo,RR Sarwan,M Muralitharan,0,0,,,,,,,,,
464991,2010/11,2011-02-03,Sinhalese Sports Club Ground,1,12.2,West Indies,Sri Lanka,DM Bravo,RR Sarwan,M Muralitharan,0,0,,,,,,,,,
464991,2010/11,2011-02-03,Sinhalese Sports Club Ground,1,12.3,West Indies,Sri Lanka,DM Bravo,RR Sarwan,M Muralitharan,0,0,,,,,,,,,
464991,2010/11,2011-02-03,Sinhalese Sports Club Ground,1,12.4,West Indies,Sri Lanka,DM Bravo,RR Sarwan,M Muralitharan,0,0,,,,,,,,,
464991,2010/11,2011-02-03,Sinhalese Sports Club Ground,1,12.5,West Indies,Sri Lanka,DM Bravo,RR Sarwan,M Muralitharan,0,0,,,,,,,,,
464991,2010/11,2011-02-03,Sinhalese Sports Club Ground,1,12.6,West Indies,Sri Lanka,DM Bravo,RR Sarwan,M Muralitharan,0,0,,,,,,,,,
464991,2010/11,2011-02-03,Sinhalese Sports Club Ground,1,13.1,West Indies,Sri Lanka,RR Sarwan,DM Bravo,KMDN Kulasekara,0,0,,,,,,,,,
464991,2010/11,2011-02-03,Sinhalese Sports Club Ground,1,13.2,West Indies,Sri Lanka,RR Sarwan,DM Bravo,KMDN Kulasekara,0,0,,,,,,,,,
464991,2010/11,2011-02-03,Sinhalese Sports Club Ground,1,13.3,West Indies,Sri Lanka,RR Sarwan,DM Bravo,KMDN Kulasekara,0,0,,,,,,,,,
464991,2010/11,2011-02-03,Sinhalese Sports Club Ground,1,13.4,West Indies,Sri Lanka,RR Sarwan,DM Bravo,KMDN Kulasekara,2,0,,,,,,,,,
464991,2010/11,2011-02-03,Sinhalese Sports Club Ground,1,13.5,West Indies,Sri Lanka,RR Sarwan,DM Bravo,KMDN Kulasekara,0,0,,,,,,,,,
464991,2010/11,2011-02-03,Sinhalese Sports Club Ground,1,13.6,West Indies,Sri Lanka,RR Sarwan,DM Bravo,KMDN Kulasekara,0,0,,,,,,,,,
464991,2010/11,2011-02-03,Sinhalese Sports Club Ground,1,14.1,West Indies,Sri Lanka,DM Bravo,RR Sarwan,M Muralitharan,1,0,,,,,,,,,
464991,2010/11,2011-02-03,Sinhalese Sports Club Ground,1,14.2,West Indies,Sri Lanka,RR Sarwan,DM Bravo,M Muralitharan,1,0,,,,,,,,,
464991,2010/11,2011-02-03,Sinhalese Sports Club Ground,1,14.3,West Indies,Sri Lanka,DM Bravo,RR Sarwan,M Muralitharan,0,0,,,,,,,,,
464991,2010/11,2011-02-03,Sinhalese Sports Club Ground,1,14.4,West Indies,Sri Lanka,DM Bravo,RR Sarwan,M Muralitharan,1,0,,,,,,,,,
464991,2010/11,2011-02-03,Sinhalese Sports Club Ground,1,14.5,West Indies,Sri Lanka,RR Sarwan,DM Bravo,M Muralitharan,0,0,,,,,,,,,
464991,2010/11,2011-02-03,Sinhalese Sports Club Ground,1,14.6,West Indies,Sri Lanka,RR Sarwan,DM Bravo,M Muralitharan,0,0,,,,,,,,,
464991,2010/11,2011-02-03,Sinhalese Sports Club Ground,1,15.1,West Indies,Sri Lanka,DM Bravo,RR Sarwan,AD Mathews,0,0,,,,,,,,,
464991,2010/11,2011-02-03,Sinhalese Sports Club Ground,1,15.2,West Indies,Sri Lanka,DM Bravo,RR Sarwan,AD Mathews,0,0,,,,,,,,,
464991,2010/11,2011-02-03,Sinhalese Sports Club Ground,1,15.3,West Indies,Sri Lanka,DM Bravo,RR Sarwan,AD Mathews,1,0,,,,,,,,,
464991,2010/11,2011-02-03,Sinhalese Sports Club Ground,1,15.4,West Indies,Sri Lanka,RR Sarwan,DM Bravo,AD Mathews,0,0,,,,,,,,,
464991,2010/11,2011-02-03,Sinhalese Sports Club Ground,1,15.5,West Indies,Sri Lanka,RR Sarwan,DM Bravo,AD Mathews,0,0,,,,,,,,,
464991,2010/11,2011-02-03,Sinhalese Sports Club Ground,1,15.6,West Indies,Sri Lanka,RR Sarwan,DM Bravo,AD Mathews,0,0,,,,,,,,,
464991,2010/11,2011-02-03,Sinhalese Sports Club Ground,1,16.1,West Indies,Sri Lanka,DM Bravo,RR Sarwan,M Muralitharan,0,0,,,,,,,,,
464991,2010/11,2011-02-03,Sinhalese Sports Club Ground,1,16.2,West Indies,Sri Lanka,DM Bravo,RR Sarwan,M Muralitharan,0,0,,,,,,,,,
464991,2010/11,2011-02-03,Sinhalese Sports Club Ground,1,16.3,West Indies,Sri Lanka,DM Bravo,RR Sarwan,M Muralitharan,0,1,1,,,,,,,,
464991,2010/11,2011-02-03,Sinhalese Sports Club Ground,1,16.4,West Indies,Sri Lanka,DM Bravo,RR Sarwan,M Muralitharan,6,0,,,,,,,,,
464991,2010/11,2011-02-03,Sinhalese Sports Club Ground,1,16.5,West Indies,Sri Lanka,DM Bravo,RR Sarwan,M Muralitharan,0,0,,,,,,,,,
464991,2010/11,2011-02-03,Sinhalese Sports Club Ground,1,16.6,West Indies,Sri Lanka,DM Bravo,RR Sarwan,M Muralitharan,0,0,,,,,,,,,
464991,2010/11,2011-02-03,Sinhalese Sports Club Ground,1,16.7,West Indies,Sri Lanka,DM Bravo,RR Sarwan,M Muralitharan,0,0,,,,,,,,,
464991,2010/11,2011-02-03,Sinhalese Sports Club Ground,1,17.1,West Indies,Sri Lanka,RR Sarwan,DM Bravo,TM Dilshan,0,0,,,,,,,,,
464991,2010/11,2011-02-03,Sinhalese Sports Club Ground,1,17.2,West Indies,Sri Lanka,RR Sarwan,DM Bravo,TM Dilshan,0,0,,,,,,,,,
464991,2010/11,2011-02-03,Sinhalese Sports Club Ground,1,17.3,West Indies,Sri Lanka,RR Sarwan,DM Bravo,TM Dilshan,0,0,,,,,,,,,
464991,2010/11,2011-02-03,Sinhalese Sports Club Ground,1,17.4,West Indies,Sri Lanka,RR Sarwan,DM Bravo,TM Dilshan,0,1,,,,1,,,,,
464991,2010/11,2011-02-03,Sinhalese Sports Club Ground,1,17.5,West Indies,Sri Lanka,DM Bravo,RR Sarwan,TM Dilshan,2,0,,,,,,,,,
464991,2010/11,2011-02-03,Sinhalese Sports Club Ground,1,17.6,West Indies,Sri Lanka,DM Bravo,RR Sarwan,TM Dilshan,1,0,,,,,,,,,
464991,2010/11,2011-02-03,Sinhalese Sports Club Ground,1,18.1,West Indies,Sri Lanka,DM Bravo,RR Sarwan,AD Mathews,0,0,,,,,,,,,
464991,2010/11,2011-02-03,Sinhalese Sports Club Ground,1,18.2,West Indies,Sri Lanka,DM Bravo,RR Sarwan,AD Mathews,0,0,,,,,,,,,
464991,2010/11,2011-02-03,Sinhalese Sports Club Ground,1,18.3,West Indies,Sri Lanka,DM Bravo,RR Sarwan,AD Mathews,1,0,,,,,,,,,
464991,2010/11,2011-02-03,Sinhalese Sports Club Ground,1,18.4,West Indies,Sri Lanka,RR Sarwan,DM Bravo,AD Mathews,0,0,,,,,,,,,
464991,2010/11,2011-02-03,Sinhalese Sports Club Ground,1,18.5,West Indies,Sri Lanka,RR Sarwan,DM Bravo,AD Mathews,4,0,,,,,,,,,
464991,2010/11,2011-02-03,Sinhalese Sports Club Ground,1,18.6,West Indies,Sri Lanka,RR Sarwan,DM Bravo,AD Mathews,0,0,,,,,,,,,
464991,2010/11,2011-02-03,Sinhalese Sports Club Ground,1,19.1,West Indies,Sri Lanka,DM Bravo,RR Sarwan,TM Dilshan,0,1,1,,,,,,,,
464991,2010/11,2011-02-03,Sinhalese Sports Club Ground,1,19.2,West Indies,Sri Lanka,DM Bravo,RR Sarwan,TM Dilshan,0,0,,,,,,,,,
464991,2010/11,2011-02-03,Sinhalese Sports Club Ground,1,19.3,West Indies,Sri Lanka,DM Bravo,RR Sarwan,TM Dilshan,1,0,,,,,,,,,
464991,2010/11,2011-02-03,Sinhalese Sports Club Ground,1,19.4,West Indies,Sri Lanka,RR Sarwan,DM Bravo,TM Dilshan,0,0,,,,,,,,,
464991,2010/11,2011-02-03,Sinhalese Sports Club Ground,1,19.5,West Indies,Sri Lanka,RR Sarwan,DM Bravo,TM Dilshan,0,0,,,,,,,,,
464991,2010/11,2011-02-03,Sinhalese Sports Club Ground,1,19.6,West Indies,Sri Lanka,RR Sarwan,DM Bravo,TM Dilshan,0,0,,,,,,,,,
464991,2010/11,2011-02-03,Sinhalese Sports Club Ground,1,19.7,West Indies,Sri Lanka,RR Sarwan,DM Bravo,TM Dilshan,1,0,,,,,,,,,
464991,2010/11,2011-02-03,Sinhalese Sports Club Ground,1,20.1,West Indies,Sri Lanka,RR Sarwan,DM Bravo,HMRKB Herath,1,0,,,,,,,,,
464991,2010/11,2011-02-03,Sinhalese Sports Club Ground,1,20.2,West Indies,Sri Lanka,DM Bravo,RR Sarwan,HMRKB Herath,2,0,,,,,,,,,
464991,2010/11,2011-02-03,Sinhalese Sports Club Ground,1,20.3,West Indies,Sri Lanka,DM Bravo,RR Sarwan,HMRKB Herath,0,1,,,1,,,,,,
464991,2010/11,2011-02-03,Sinhalese Sports Club Ground,1,20.4,West Indies,Sri Lanka,RR Sarwan,DM Bravo,HMRKB Herath,1,0,,,,,,,,,
464991,2010/11,2011-02-03,Sinhalese Sports Club Ground,1,20.5,West Indies,Sri Lanka,DM Bravo,RR Sarwan,HMRKB Herath,0,0,,,,,,,,,
464991,2010/11,2011-02-03,Sinhalese Sports Club Ground,1,20.6,West Indies,Sri Lanka,DM Bravo,RR Sarwan,HMRKB Herath,0,0,,,,,,,,,
464991,2010/11,2011-02-03,Sinhalese Sports Club Ground,1,21.1,West Indies,Sri Lanka,RR Sarwan,DM Bravo,TM Dilshan,0,0,,,,,,,,,
464991,2010/11,2011-02-03,Sinhalese Sports Club Ground,1,21.2,West Indies,Sri Lanka,RR Sarwan,DM Bravo,TM Dilshan,1,0,,,,,,,,,
464991,2010/11,2011-02-03,Sinhalese Sports Club Ground,1,21.3,West Indies,Sri Lanka,DM Bravo,RR Sarwan,TM Dilshan,1,0,,,,,,,,,
464991,2010/11,2011-02-03,Sinhalese Sports Club Ground,1,21.4,West Indies,Sri Lanka,RR Sarwan,DM Bravo,TM Dilshan,2,0,,,,,,,,,
464991,2010/11,2011-02-03,Sinhalese Sports Club Ground,1,21.5,West Indies,Sri Lanka,RR Sarwan,DM Bravo,TM Dilshan,0,0,,,,,,,,,
464991,2010/11,2011-02-03,Sinhalese Sports Club Ground,1,21.6,West Indies,Sri Lanka,RR Sarwan,DM Bravo,TM Dilshan,0,0,,,,,,,,,
464991,2010/11,2011-02-03,Sinhalese Sports Club Ground,1,22.1,West Indies,Sri Lanka,DM Bravo,RR Sarwan,HMRKB Herath,0,0,,,,,,,,,
464991,2010/11,2011-02-03,Sinhalese Sports Club Ground,1,22.2,West Indies,Sri Lanka,DM Bravo,RR Sarwan,HMRKB Herath,0,0,,,,,,,,,
464991,2010/11,2011-02-03,Sinhalese Sports Club Ground,1,22.3,West Indies,Sri Lanka,DM Bravo,RR Sarwan,HMRKB Herath,0,0,,,,,,,,,
464991,2010/11,2011-02-03,Sinhalese Sports Club Ground,1,22.4,West Indies,Sri Lanka,DM Bravo,RR Sarwan,HMRKB Herath,1,0,,,,,,,,,
464991,2010/11,2011-02-03,Sinhalese Sports Club Ground,1,22.5,West Indies,Sri Lanka,RR Sarwan,DM Bravo,HMRKB Herath,1,0,,,,,,,,,
464991,2010/11,2011-02-03,Sinhalese Sports Club Ground,1,22.6,West Indies,Sri Lanka,DM Bravo,RR Sarwan,HMRKB Herath,0,0,,,,,,,,,
464991,2010/11,2011-02-03,Sinhalese Sports Club Ground,1,23.1,West Indies,Sri Lanka,RR Sarwan,DM Bravo,TM Dilshan,0,0,,,,,,,,,
464991,2010/11,2011-02-03,Sinhalese Sports Club Ground,1,23.2,West Indies,Sri Lanka,RR Sarwan,DM Bravo,TM Dilshan,0,0,,,,,,,,,
464991,2010/11,2011-02-03,Sinhalese Sports Club Ground,1,23.3,West Indies,Sri Lanka,RR Sarwan,DM Bravo,TM Dilshan,0,0,,,,,,,,,
464991,2010/11,2011-02-03,Sinhalese Sports Club Ground,1,23.4,West Indies,Sri Lanka,RR Sarwan,DM Bravo,TM Dilshan,2,0,,,,,,,,,
464991,2010/11,2011-02-03,Sinhalese Sports Club Ground,1,23.5,West Indies,Sri Lanka,RR Sarwan,DM Bravo,TM Dilshan,0,0,,,,,,,,,
464991,2010/11,2011-02-03,Sinhalese Sports Club Ground,1,23.6,West Indies,Sri Lanka,RR Sarwan,DM Bravo,TM Dilshan,2,0,,,,,,,,,
464991,2010/11,2011-02-03,Sinhalese Sports Club Ground,1,24.1,West Indies,Sri Lanka,DM Bravo,RR Sarwan,HMRKB Herath,1,0,,,,,,,,,
464991,2010/11,2011-02-03,Sinhalese Sports Club Ground,1,24.2,West Indies,Sri Lanka,RR Sarwan,DM Bravo,HMRKB Herath,0,0,,,,,,,,,
464991,2010/11,2011-02-03,Sinhalese Sports Club Ground,1,24.3,West Indies,Sri Lanka,RR Sarwan,DM Bravo,HMRKB Herath,0,0,,,,,,,,,
464991,2010/11,2011-02-03,Sinhalese Sports Club Ground,1,24.4,West Indies,Sri Lanka,RR Sarwan,DM Bravo,HMRKB Herath,0,0,,,,,,,,,
464991,2010/11,2011-02-03,Sinhalese Sports Club Ground,1,24.5,West Indies,Sri Lanka,RR Sarwan,DM Bravo,HMRKB Herath,2,0,,,,,,,,,
464991,2010/11,2011-02-03,Sinhalese Sports Club Ground,1,24.6,West Indies,Sri Lanka,RR Sarwan,DM Bravo,HMRKB Herath,0,0,,,,,,,,,
464991,2010/11,2011-02-03,Sinhalese Sports Club Ground,1,25.1,West Indies,Sri Lanka,DM Bravo,RR Sarwan,TM Dilshan,0,0,,,,,,,,,
464991,2010/11,2011-02-03,Sinhalese Sports Club Ground,1,25.2,West Indies,Sri Lanka,DM Bravo,RR Sarwan,TM Dilshan,0,0,,,,,,,,,
464991,2010/11,2011-02-03,Sinhalese Sports Club Ground,1,25.3,West Indies,Sri Lanka,DM Bravo,RR Sarwan,TM Dilshan,0,0,,,,,,,,,
464991,2010/11,2011-02-03,Sinhalese Sports Club Ground,1,25.4,West Indies,Sri Lanka,DM Bravo,RR Sarwan,TM Dilshan,1,0,,,,,,,,,
464991,2010/11,2011-02-03,Sinhalese Sports Club Ground,1,25.5,West Indies,Sri Lanka,RR Sarwan,DM Bravo,TM Dilshan,1,0,,,,,,,,,
464991,2010/11,2011-02-03,Sinhalese Sports Club Ground,1,25.6,West Indies,Sri Lanka,DM Bravo,RR Sarwan,TM Dilshan,1,0,,,,,,,,,
464991,2010/11,2011-02-03,Sinhalese Sports Club Ground,1,26.1,West Indies,Sri Lanka,DM Bravo,RR Sarwan,HMRKB Herath,0,0,,,,,,run out,RR Sarwan,,
464991,2010/11,2011-02-03,Sinhalese Sports Club Ground,1,26.2,West Indies,Sri Lanka,DM Bravo,DJ Bravo,HMRKB Herath,6,0,,,,,,,,,
464991,2010/11,2011-02-03,Sinhalese Sports Club Ground,1,26.3,West Indies,Sri Lanka,DM Bravo,DJ Bravo,HMRKB Herath,1,0,,,,,,,,,
464991,2010/11,2011-02-03,Sinhalese Sports Club Ground,1,26.4,West Indies,Sri Lanka,DJ Bravo,DM Bravo,HMRKB Herath,1,0,,,,,,,,,
464991,2010/11,2011-02-03,Sinhalese Sports Club Ground,1,26.5,West Indies,Sri Lanka,DM Bravo,DJ Bravo,HMRKB Herath,0,0,,,,,,,,,
464991,2010/11,2011-02-03,Sinhalese Sports Club Ground,1,26.6,West Indies,Sri Lanka,DM Bravo,DJ Bravo,HMRKB Herath,0,0,,,,,,,,,
464991,2010/11,2011-02-03,Sinhalese Sports Club Ground,1,27.1,West Indies,Sri Lanka,DJ Bravo,DM Bravo,TM Dilshan,2,0,,,,,,,,,
464991,2010/11,2011-02-03,Sinhalese Sports Club Ground,1,27.2,West Indies,Sri Lanka,DJ Bravo,DM Bravo,TM Dilshan,0,0,,,,,,,,,
464991,2010/11,2011-02-03,Sinhalese Sports Club Ground,1,27.3,West Indies,Sri Lanka,DJ Bravo,DM Bravo,TM Dilshan,0,0,,,,,,,,,
464991,2010/11,2011-02-03,Sinhalese Sports Club Ground,1,27.4,West Indies,Sri Lanka,DJ Bravo,DM Bravo,TM Dilshan,1,0,,,,,,,,,
464991,2010/11,2011-02-03,Sinhalese Sports Club Ground,1,27.5,West Indies,Sri Lanka,DM Bravo,DJ Bravo,TM Dilshan,0,0,,,,,,,,,
464991,2010/11,2011-02-03,Sinhalese Sports Club Ground,1,27.6,West Indies,Sri Lanka,DM Bravo,DJ Bravo,TM Dilshan,0,0,,,,,,,,,
464991,2010/11,2011-02-03,Sinhalese Sports Club Ground,1,28.1,West Indies,Sri Lanka,DJ Bravo,DM Bravo,HMRKB Herath,1,0,,,,,,,,,
464991,2010/11,2011-02-03,Sinhalese Sports Club Ground,1,28.2,West Indies,Sri Lanka,DM Bravo,DJ Bravo,HMRKB Herath,0,0,,,,,,,,,
464991,2010/11,2011-02-03,Sinhalese Sports Club Ground,1,28.3,West Indies,Sri Lanka,DM Bravo,DJ Bravo,HMRKB Herath,1,0,,,,,,,,,
464991,2010/11,2011-02-03,Sinhalese Sports Club Ground,1,28.4,West Indies,Sri Lanka,DJ Bravo,DM Bravo,HMRKB Herath,0,1,1,,,,,,,,
464991,2010/11,2011-02-03,Sinhalese Sports Club Ground,1,28.5,West Indies,Sri Lanka,DJ Bravo,DM Bravo,HMRKB Herath,0,0,,,,,,,,,
464991,2010/11,2011-02-03,Sinhalese Sports Club Ground,1,28.6,West Indies,Sri Lanka,DJ Bravo,DM Bravo,HMRKB Herath,1,0,,,,,,,,,
464991,2010/11,2011-02-03,Sinhalese Sports Club Ground,1,28.7,West Indies,Sri Lanka,DM Bravo,DJ Bravo,HMRKB Herath,0,0,,,,,,,,,
464991,2010/11,2011-02-03,Sinhalese Sports Club Ground,1,29.1,West Indies,Sri Lanka,DJ Bravo,DM Bravo,TM Dilshan,4,0,,,,,,,,,
464991,2010/11,2011-02-03,Sinhalese Sports Club Ground,1,29.2,West Indies,Sri Lanka,DJ Bravo,DM Bravo,TM Dilshan,0,0,,,,,,,,,
464991,2010/11,2011-02-03,Sinhalese Sports Club Ground,1,29.3,West Indies,Sri Lanka,DJ Bravo,DM Bravo,TM Dilshan,0,0,,,,,,,,,
464991,2010/11,2011-02-03,Sinhalese Sports Club Ground,1,29.4,West Indies,Sri Lanka,DJ Bravo,DM Bravo,TM Dilshan,2,0,,,,,,,,,
464991,2010/11,2011-02-03,Sinhalese Sports Club Ground,1,29.5,West Indies,Sri Lanka,DJ Bravo,DM Bravo,TM Dilshan,1,0,,,,,,,,,
464991,2010/11,2011-02-03,Sinhalese Sports Club Ground,1,29.6,West Indies,Sri Lanka,DM Bravo,DJ Bravo,TM Dilshan,0,0,,,,,,,,,
464991,2010/11,2011-02-03,Sinhalese Sports Club Ground,1,30.1,West Indies,Sri Lanka,DJ Bravo,DM Bravo,M Muralitharan,3,0,,,,,,,,,
464991,2010/11,2011-02-03,Sinhalese Sports Club Ground,1,30.2,West Indies,Sri Lanka,DM Bravo,DJ Bravo,M Muralitharan,0,0,,,,,,,,,
464991,2010/11,2011-02-03,Sinhalese Sports Club Ground,1,30.3,West Indies,Sri Lanka,DM Bravo,DJ Bravo,M Muralitharan,6,0,,,,,,,,,
464991,2010/11,2011-02-03,Sinhalese Sports Club Ground,1,30.4,West Indies,Sri Lanka,DM Bravo,DJ Bravo,M Muralitharan,0,0,,,,,,,,,
464991,2010/11,2011-02-03,Sinhalese Sports Club Ground,1,30.5,West Indies,Sri Lanka,DM Bravo,DJ Bravo,M Muralitharan,1,0,,,,,,,,,
464991,2010/11,2011-02-03,Sinhalese Sports Club Ground,1,30.6,West Indies,Sri Lanka,DJ Bravo,DM Bravo,M Muralitharan,1,0,,,,,,,,,
464991,2010/11,2011-02-03,Sinhalese Sports Club Ground,1,31.1,West Indies,Sri Lanka,DJ Bravo,DM Bravo,SL Malinga,4,0,,,,,,,,,
464991,2010/11,2011-02-03,Sinhalese Sports Club Ground,1,31.2,West Indies,Sri Lanka,DJ Bravo,DM Bravo,SL Malinga,0,0,,,,,,,,,
464991,2010/11,2011-02-03,Sinhalese Sports Club Ground,1,31.3,West Indies,Sri Lanka,DJ Bravo,DM Bravo,SL Malinga,0,1,,,,1,,,,,
464991,2010/11,2011-02-03,Sinhalese Sports Club Ground,1,31.4,West Indies,Sri Lanka,DM Bravo,DJ Bravo,SL Malinga,0,0,,,,,,lbw,DM Bravo,,
464991,2010/11,2011-02-03,Sinhalese Sports Club Ground,1,31.5,West Indies,Sri Lanka,KA Pollard,DJ Bravo,SL Malinga,2,0,,,,,,,,,
464991,2010/11,2011-02-03,Sinhalese Sports Club Ground,1,31.6,West Indies,Sri Lanka,KA Pollard,DJ Bravo,SL Malinga,0,0,,,,,,,,,
464991,2010/11,2011-02-03,Sinhalese Sports Club Ground,1,32.1,West Indies,Sri Lanka,DJ Bravo,KA Pollard,M Muralitharan,1,0,,,,,,,,,
464991,2010/11,2011-02-03,Sinhalese Sports Club Ground,1,32.2,West Indies,Sri Lanka,KA Pollard,DJ Bravo,M Muralitharan,0,0,,,,,,,,,
464991,2010/11,2011-02-03,Sinhalese Sports Club Ground,1,32.3,West Indies,Sri Lanka,KA Pollard,DJ Bravo,M Muralitharan,1,0,,,,,,,,,
464991,2010/11,2011-02-03,Sinhalese Sports Club Ground,1,32.4,West Indies,Sri Lanka,DJ Bravo,KA Pollard,M Muralitharan,0,0,,,,,,,,,
464991,2010/11,2011-02-03,Sinhalese Sports Club Ground,1,32.5,West Indies,Sri Lanka,DJ Bravo,KA Pollard,M Muralitharan,0,0,,,,,,,,,
464991,2010/11,2011-02-03,Sinhalese Sports Club Ground,1,32.6,West Indies,Sri Lanka,DJ Bravo,KA Pollard,M Muralitharan,0,0,,,,,,,,,
464991,2010/11,2011-02-03,Sinhalese Sports Club Ground,1,33.1,West Indies,Sri Lanka,KA Pollard,DJ Bravo,SL Malinga,1,0,,,,,,,,,
464991,2010/11,2011-02-03,Sinhalese Sports Club Ground,1,33.2,West Indies,Sri Lanka,DJ Bravo,KA Pollard,SL Malinga,1,0,,,,,,,,,
464991,2010/11,2011-02-03,Sinhalese Sports Club Ground,1,33.3,West Indies,Sri Lanka,KA Pollard,DJ Bravo,SL Malinga,0,0,,,,,,,,,
464991,2010/11,2011-02-03,Sinhalese Sports Club Ground,1,33.4,West Indies,Sri Lanka,KA Pollard,DJ Bravo,SL Malinga,0,0,,,,,,,,,
464991,2010/11,2011-02-03,Sinhalese Sports Club Ground,1,33.5,West Indies,Sri Lanka,KA Pollard,DJ Bravo,SL Malinga,0,0,,,,,,bowled,KA Pollard,,
464991,2010/11,2011-02-03,Sinhalese Sports Club Ground,1,33.6,West Indies,Sri Lanka,CS Baugh,DJ Bravo,SL Malinga,0,0,,,,,,,,,
464991,2010/11,2011-02-03,Sinhalese Sports Club Ground,1,34.1,West Indies,Sri Lanka,DJ Bravo,CS Baugh,M Muralitharan,0,0,,,,,,,,,
464991,2010/11,2011-02-03,Sinhalese Sports Club Ground,1,34.2,West Indies,Sri Lanka,DJ Bravo,CS Baugh,M Muralitharan,1,0,,,,,,,,,
464991,2010/11,2011-02-03,Sinhalese Sports Club Ground,1,34.3,West Indies,Sri Lanka,CS Baugh,DJ Bravo,M Muralitharan,1,0,,,,,,,,,
464991,2010/11,2011-02-03,Sinhalese Sports Club Ground,1,34.4,West Indies,Sri Lanka,DJ Bravo,CS Baugh,M Muralitharan,0,0,,,,,,,,,
464991,2010/11,2011-02-03,Sinhalese Sports Club Ground,1,34.5,West Indies,Sri Lanka,DJ Bravo,CS Baugh,M Muralitharan,1,0,,,,,,,,,
464991,2010/11,2011-02-03,Sinhalese Sports Club Ground,1,34.6,West Indies,Sri Lanka,CS Baugh,DJ Bravo,M Muralitharan,1,0,,,,,,,,,
464991,2010/11,2011-02-03,Sinhalese Sports Club Ground,1,35.1,West Indies,Sri Lanka,CS Baugh,DJ Bravo,SL Malinga,1,0,,,,,,,,,
464991,2010/11,2011-02-03,Sinhalese Sports Club Ground,1,35.2,West Indies,Sri Lanka,DJ Bravo,CS Baugh,SL Malinga,2,0,,,,,,,,,
464991,2010/11,2011-02-03,Sinhalese Sports Club Ground,1,35.3,West Indies,Sri Lanka,DJ Bravo,CS Baugh,SL Malinga,0,0,,,,,,,,,
464991,2010/11,2011-02-03,Sinhalese Sports Club Ground,1,35.4,West Indies,Sri Lanka,DJ Bravo,CS Baugh,SL Malinga,0,0,,,,,,,,,
464991,2010/11,2011-02-03,Sinhalese Sports Club Ground,1,35.5,West Indies,Sri Lanka,DJ Bravo,CS Baugh,SL Malinga,0,1,1,,,,,,,,
464991,2010/11,2011-02-03,Sinhalese Sports Club Ground,1,35.6,West Indies,Sri Lanka,DJ Bravo,CS Baugh,SL Malinga,0,0,,,,,,,,,
464991,2010/11,2011-02-03,Sinhalese Sports Club Ground,1,35.7,West Indies,Sri Lanka,DJ Bravo,CS Baugh,SL Malinga,0,0,,,,,,,,,
464991,2010/11,2011-02-03,Sinhalese Sports Club Ground,1,36.1,West Indies,Sri Lanka,CS Baugh,DJ Bravo,KMDN Kulasekara,1,0,,,,,,,,,
464991,2010/11,2011-02-03,Sinhalese Sports Club Ground,1,36.2,West Indies,Sri Lanka,DJ Bravo,CS Baugh,KMDN Kulasekara,1,0,,,,,,,,,
464991,2010/11,2011-02-03,Sinhalese Sports Club Ground,1,36.3,West Indies,Sri Lanka,CS Baugh,DJ Bravo,KMDN Kulasekara,0,0,,,,,,,,,
464991,2010/11,2011-02-03,Sinhalese Sports Club Ground,1,36.4,West Indies,Sri Lanka,CS Baugh,DJ Bravo,KMDN Kulasekara,0,0,,,,,,,,,
464991,2010/11,2011-02-03,Sinhalese Sports Club Ground,1,36.5,West Indies,Sri Lanka,CS Baugh,DJ Bravo,KMDN Kulasekara,1,0,,,,,,,,,
464991,2010/11,2011-02-03,Sinhalese Sports Club Ground,1,36.6,West Indies,Sri Lanka,DJ Bravo,CS Baugh,KMDN Kulasekara,1,0,,,,,,,,,
464991,2010/11,2011-02-03,Sinhalese Sports Club Ground,1,37.1,West Indies,Sri Lanka,DJ Bravo,CS Baugh,HMRKB Herath,0,0,,,,,,,,,
464991,2010/11,2011-02-03,Sinhalese Sports Club Ground,1,37.2,West Indies,Sri Lanka,DJ Bravo,CS Baugh,HMRKB Herath,0,0,,,,,,,,,
464991,2010/11,2011-02-03,Sinhalese Sports Club Ground,1,37.3,West Indies,Sri Lanka,DJ Bravo,CS Baugh,HMRKB Herath,0,0,,,,,,,,,
464991,2010/11,2011-02-03,Sinhalese Sports Club Ground,1,37.4,West Indies,Sri Lanka,DJ Bravo,CS Baugh,HMRKB Herath,0,0,,,,,,,,,
464991,2010/11,2011-02-03,Sinhalese Sports Club Ground,1,37.5,West Indies,Sri Lanka,DJ Bravo,CS Baugh,HMRKB Herath,0,0,,,,,,,,,
464991,2010/11,2011-02-03,Sinhalese Sports Club Ground,1,37.6,West Indies,Sri Lanka,DJ Bravo,CS Baugh,HMRKB Herath,0,0,,,,,,,,,
464991,2010/11,2011-02-03,Sinhalese Sports Club Ground,1,38.1,West Indies,Sri Lanka,CS Baugh,DJ Bravo,KMDN Kulasekara,1,0,,,,,,,,,
464991,2010/11,2011-02-03,Sinhalese Sports Club Ground,1,38.2,West Indies,Sri Lanka,DJ Bravo,CS Baugh,KMDN Kulasekara,1,0,,,,,,,,,
464991,2010/11,2011-02-03,Sinhalese Sports Club Ground,1,38.3,West Indies,Sri Lanka,CS Baugh,DJ Bravo,KMDN Kulasekara,0,0,,,,,,,,,
464991,2010/11,2011-02-03,Sinhalese Sports Club Ground,1,38.4,West Indies,Sri Lanka,CS Baugh,DJ Bravo,KMDN Kulasekara,1,0,,,,,,,,,
464991,2010/11,2011-02-03,Sinhalese Sports Club Ground,1,38.5,West Indies,Sri Lanka,DJ Bravo,CS Baugh,KMDN Kulasekara,1,0,,,,,,,,,
464991,2010/11,2011-02-03,Sinhalese Sports Club Ground,1,38.6,West Indies,Sri Lanka,CS Baugh,DJ Bravo,KMDN Kulasekara,0,1,1,,,,,,,,
464991,2010/11,2011-02-03,Sinhalese Sports Club Ground,1,38.7,West Indies,Sri Lanka,CS Baugh,DJ Bravo,KMDN Kulasekara,0,0,,,,,,,,,
464991,2010/11,2011-02-03,Sinhalese Sports Club Ground,1,39.1,West Indies,Sri Lanka,DJ Bravo,CS Baugh,HMRKB Herath,0,0,,,,,,,,,
464991,2010/11,2011-02-03,Sinhalese Sports Club Ground,1,39.2,West Indies,Sri Lanka,DJ Bravo,CS Baugh,HMRKB Herath,0,0,,,,,,,,,
464991,2010/11,2011-02-03,Sinhalese Sports Club Ground,1,39.3,West Indies,Sri Lanka,DJ Bravo,CS Baugh,HMRKB Herath,1,0,,,,,,,,,
464991,2010/11,2011-02-03,Sinhalese Sports Club Ground,1,39.4,West Indies,Sri Lanka,CS Baugh,DJ Bravo,HMRKB Herath,0,0,,,,,,,,,
464991,2010/11,2011-02-03,Sinhalese Sports Club Ground,1,39.5,West Indies,Sri Lanka,CS Baugh,DJ Bravo,HMRKB Herath,0,0,,,,,,,,,
464991,2010/11,2011-02-03,Sinhalese Sports Club Ground,1,39.6,West Indies,Sri Lanka,CS Baugh,DJ Bravo,HMRKB Herath,0,0,,,,,,,,,
464991,2010/11,2011-02-03,Sinhalese Sports Club Ground,1,40.1,West Indies,Sri Lanka,DJ Bravo,CS Baugh,M Muralitharan,1,0,,,,,,,,,
464991,2010/11,2011-02-03,Sinhalese Sports Club Ground,1,40.2,West Indies,Sri Lanka,CS Baugh,DJ Bravo,M Muralitharan,1,0,,,,,,,,,
464991,2010/11,2011-02-03,Sinhalese Sports Club Ground,1,40.3,West Indies,Sri Lanka,DJ Bravo,CS Baugh,M Muralitharan,1,0,,,,,,,,,
464991,2010/11,2011-02-03,Sinhalese Sports Club Ground,1,40.4,West Indies,Sri Lanka,CS Baugh,DJ Bravo,M Muralitharan,2,0,,,,,,,,,
464991,2010/11,2011-02-03,Sinhalese Sports Club Ground,1,40.5,West Indies,Sri Lanka,CS Baugh,DJ Bravo,M Muralitharan,1,0,,,,,,,,,
464991,2010/11,2011-02-03,Sinhalese Sports Club Ground,1,40.6,West Indies,Sri Lanka,DJ Bravo,CS Baugh,M Muralitharan,1,0,,,,,,,,,
464991,2010/11,2011-02-03,Sinhalese Sports Club Ground,1,41.1,West Indies,Sri Lanka,DJ Bravo,CS Baugh,HMRKB Herath,1,0,,,,,,,,,
464991,2010/11,2011-02-03,Sinhalese Sports Club Ground,1,41.2,West Indies,Sri Lanka,CS Baugh,DJ Bravo,HMRKB Herath,0,0,,,,,,,,,
464991,2010/11,2011-02-03,Sinhalese Sports Club Ground,1,41.3,West Indies,Sri Lanka,CS Baugh,DJ Bravo,HMRKB Herath,2,0,,,,,,,,,
464991,2010/11,2011-02-03,Sinhalese Sports Club Ground,1,41.4,West Indies,Sri Lanka,CS Baugh,DJ Bravo,HMRKB Herath,0,0,,,,,,,,,
464991,2010/11,2011-02-03,Sinhalese Sports Club Ground,1,41.5,West Indies,Sri Lanka,CS Baugh,DJ Bravo,HMRKB Herath,4,0,,,,,,,,,
464991,2010/11,2011-02-03,Sinhalese Sports Club Ground,1,41.6,West Indies,Sri Lanka,CS Baugh,DJ Bravo,HMRKB Herath,0,0,,,,,,,,,
464991,2010/11,2011-02-03,Sinhalese Sports Club Ground,1,42.1,West Indies,Sri Lanka,DJ Bravo,CS Baugh,SL Malinga,0,0,,,,,,,,,
464991,2010/11,2011-02-03,Sinhalese Sports Club Ground,1,42.2,West Indies,Sri Lanka,DJ Bravo,CS Baugh,SL Malinga,0,0,,,,,,,,,
464991,2010/11,2011-02-03,Sinhalese Sports Club Ground,1,42.3,West Indies,Sri Lanka,DJ Bravo,CS Baugh,SL Malinga,1,0,,,,,,,,,
464991,2010/11,2011-02-03,Sinhalese Sports Club Ground,1,42.4,West Indies,Sri Lanka,CS Baugh,DJ Bravo,SL Malinga,1,0,,,,,,,,,
464991,2010/11,2011-02-03,Sinhalese Sports Club Ground,1,42.5,West Indies,Sri Lanka,DJ Bravo,CS Baugh,SL Malinga,1,0,,,,,,,,,
464991,2010/11,2011-02-03,Sinhalese Sports Club Ground,1,42.6,West Indies,Sri Lanka,CS Baugh,DJ Bravo,SL Malinga,0,0,,,,,,,,,
464991,2010/11,2011-02-03,Sinhalese Sports Club Ground,1,43.1,West Indies,Sri Lanka,DJ Bravo,CS Baugh,HMRKB Herath,1,0,,,,,,,,,
464991,2010/11,2011-02-03,Sinhalese Sports Club Ground,1,43.2,West Indies,Sri Lanka,CS Baugh,DJ Bravo,HMRKB Herath,1,0,,,,,,,,,
464991,2010/11,2011-02-03,Sinhalese Sports Club Ground,1,43.3,West Indies,Sri Lanka,DJ Bravo,CS Baugh,HMRKB Herath,0,0,,,,,,bowled,DJ Bravo,,
464991,2010/11,2011-02-03,Sinhalese Sports Club Ground,1,43.4,West Indies,Sri Lanka,DJG Sammy,CS Baugh,HMRKB Herath,1,0,,,,,,,,,
464991,2010/11,2011-02-03,Sinhalese Sports Club Ground,1,43.5,West Indies,Sri Lanka,CS Baugh,DJG Sammy,HMRKB Herath,0,2,,,,2,,,,,
464991,2010/11,2011-02-03,Sinhalese Sports Club Ground,1,43.6,West Indies,Sri Lanka,CS Baugh,DJG Sammy,HMRKB Herath,1,0,,,,,,,,,
464991,2010/11,2011-02-03,Sinhalese Sports Club Ground,1,44.1,West Indies,Sri Lanka,CS Baugh,DJG Sammy,SL Malinga,1,0,,,,,,,,,
464991,2010/11,2011-02-03,Sinhalese Sports Club Ground,1,44.2,West Indies,Sri Lanka,DJG Sammy,CS Baugh,SL Malinga,0,0,,,,,,,,,
464991,2010/11,2011-02-03,Sinhalese Sports Club Ground,1,44.3,West Indies,Sri Lanka,DJG Sammy,CS Baugh,SL Malinga,0,0,,,,,,,,,
464991,2010/11,2011-02-03,Sinhalese Sports Club Ground,1,44.4,West Indies,Sri Lanka,DJG Sammy,CS Baugh,SL Malinga,2,0,,,,,,,,,
464991,2010/11,2011-02-03,Sinhalese Sports Club Ground,1,44.5,West Indies,Sri Lanka,DJG Sammy,CS Baugh,SL Malinga,0,0,,,,,,,,,
464991,2010/11,2011-02-03,Sinhalese Sports Club Ground,1,44.6,West Indies,Sri Lanka,DJG Sammy,CS Baugh,SL Malinga,1,0,,,,,,,,,
464991,2010/11,2011-02-03,Sinhalese Sports Club Ground,1,45.1,West Indies,Sri Lanka,DJG Sammy,CS Baugh,M Muralitharan,0,2,2,,,,,,,,
464991,2010/11,2011-02-03,Sinhalese Sports Club Ground,1,45.2,West Indies,Sri Lanka,CS Baugh,DJG Sammy,M Muralitharan,1,0,,,,,,,,,
464991,2010/11,2011-02-03,Sinhalese Sports Club Ground,1,45.3,West Indies,Sri Lanka,DJG Sammy,CS Baugh,M Muralitharan,0,0,,,,,,,,,
464991,2010/11,2011-02-03,Sinhalese Sports Club Ground,1,45.4,West Indies,Sri Lanka,DJG Sammy,CS Baugh,M Muralitharan,0,1,1,,,,,,,,
464991,2010/11,2011-02-03,Sinhalese Sports Club Ground,1,45.5,West Indies,Sri Lanka,DJG Sammy,CS Baugh,M Muralitharan,0,0,,,,,,run out,DJG Sammy,,
464991,2010/11,2011-02-03,Sinhalese Sports Club Ground,1,45.6,West Indies,Sri Lanka,NO Miller,CS Baugh,M Muralitharan,0,0,,,,,,caught,NO Miller,,
464991,2010/11,2011-02-03,Sinhalese Sports Club Ground,1,45.7,West Indies,Sri Lanka,R Rampaul,CS Baugh,M Muralitharan,0,0,,,,,,,,,
464991,2010/11,2011-02-03,Sinhalese Sports Club Ground,1,45.8,West Indies,Sri Lanka,R Rampaul,CS Baugh,M Muralitharan,0,0,,,,,,,,,
464991,2010/11,2011-02-03,Sinhalese Sports Club Ground,1,46.1,West Indies,Sri Lanka,CS Baugh,R Rampaul,SL Malinga,1,0,,,,,,,,,
464991,2010/11,2011-02-03,Sinhalese Sports Club Ground,1,46.2,West Indies,Sri Lanka,R Rampaul,CS Baugh,SL Malinga,0,0,,,,,,,,,
464991,2010/11,2011-02-03,Sinhalese Sports Club Ground,1,46.3,West Indies,Sri Lanka,R Rampaul,CS Baugh,SL Malinga,0,0,,,,,,,,,
464991,2010/11,2011-02-03,Sinhalese Sports Club Ground,1,46.4,West Indies,Sri Lanka,R Rampaul,CS Baugh,SL Malinga,0,0,,,,,,,,,
464991,2010/11,2011-02-03,Sinhalese Sports Club Ground,1,46.5,West Indies,Sri Lanka,R Rampaul,CS Baugh,SL Malinga,0,0,,,,,,,,,
464991,2010/11,2011-02-03,Sinhalese Sports Club Ground,1,46.6,West Indies,Sri Lanka,R Rampaul,CS Baugh,SL Malinga,0,0,,,,,,,,,
464991,2010/11,2011-02-03,Sinhalese Sports Club Ground,1,47.1,West Indies,Sri Lanka,CS Baugh,R Rampaul,M Muralitharan,1,0,,,,,,,,,
464991,2010/11,2011-02-03,Sinhalese Sports Club Ground,1,47.2,West Indies,Sri Lanka,R Rampaul,CS Baugh,M Muralitharan,0,0,,,,,,,,,
464991,2010/11,2011-02-03,Sinhalese Sports Club Ground,1,47.3,West Indies,Sri Lanka,R Rampaul,CS Baugh,M Muralitharan,1,0,,,,,,,,,
464991,2010/11,2011-02-03,Sinhalese Sports Club Ground,1,47.4,West Indies,Sri Lanka,CS Baugh,R Rampaul,M Muralitharan,0,0,,,,,,,,,
464991,2010/11,2011-02-03,Sinhalese Sports Club Ground,1,47.5,West Indies,Sri Lanka,CS Baugh,R Rampaul,M Muralitharan,2,0,,,,,,,,,
464991,2010/11,2011-02-03,Sinhalese Sports Club Ground,1,47.6,West Indies,Sri Lanka,CS Baugh,R Rampaul,M Muralitharan,0,0,,,,,,,,,
464991,2010/11,2011-02-03,Sinhalese Sports Club Ground,1,48.1,West Indies,Sri Lanka,R Rampaul,CS Baugh,SL Malinga,0,0,,,,,,bowled,R Rampaul,,
464991,2010/11,2011-02-03,Sinhalese Sports Club Ground,1,48.2,West Indies,Sri Lanka,KAJ Roach,CS Baugh,SL Malinga,0,0,,,,,,,,,
464991,2010/11,2011-02-03,Sinhalese Sports Club Ground,1,48.3,West Indies,Sri Lanka,KAJ Roach,CS Baugh,SL Malinga,1,0,,,,,,,,,
464991,2010/11,2011-02-03,Sinhalese Sports Club Ground,1,48.4,West Indies,Sri Lanka,CS Baugh,KAJ Roach,SL Malinga,0,0,,,,,,,,,
464991,2010/11,2011-02-03,Sinhalese Sports Club Ground,1,48.5,West Indies,Sri Lanka,CS Baugh,KAJ Roach,SL Malinga,1,0,,,,,,,,,
464991,2010/11,2011-02-03,Sinhalese Sports Club Ground,1,48.6,West Indies,Sri Lanka,KAJ Roach,CS Baugh,SL Malinga,1,0,,,,,,,,,
464991,2010/11,2011-02-03,Sinhalese Sports Club Ground,1,49.1,West Indies,Sri Lanka,KAJ Roach,CS Baugh,KMDN Kulasekara,2,0,,,,,,,,,
464991,2010/11,2011-02-03,Sinhalese Sports Club Ground,1,49.2,West Indies,Sri Lanka,KAJ Roach,CS Baugh,KMDN Kulasekara,1,0,,,,,,,,,
464991,2010/11,2011-02-03,Sinhalese Sports Club Ground,1,49.3,West Indies,Sri Lanka,CS Baugh,KAJ Roach,KMDN Kulasekara,1,0,,,,,,,,,
464991,2010/11,2011-02-03,Sinhalese Sports Club Ground,1,49.4,West Indies,Sri Lanka,KAJ Roach,CS Baugh,KMDN Kulasekara,2,0,,,,,,,,,
464991,2010/11,2011-02-03,Sinhalese Sports Club Ground,1,49.5,West Indies,Sri Lanka,KAJ Roach,CS Baugh,KMDN Kulasekara,2,0,,,,,,,,,
464991,2010/11,2011-02-03,Sinhalese Sports Club Ground,1,49.6,West Indies,Sri Lanka,KAJ Roach,CS Baugh,KMDN Kulasekara,0,0,,,,,,bowled,KAJ Roach,,
464991,2010/11,2011-02-03,Sinhalese Sports Club Ground,2,0.1,Sri Lanka,West Indies,WU Tharanga,TM Dilshan,R Rampaul,0,0,,,,,,,,,
464991,2010/11,2011-02-03,Sinhalese Sports Club Ground,2,0.2,Sri Lanka,West Indies,WU Tharanga,TM Dilshan,R Rampaul,0,0,,,,,,,,,
464991,2010/11,2011-02-03,Sinhalese Sports Club Ground,2,0.3,Sri Lanka,West Indies,WU Tharanga,TM Dilshan,R Rampaul,0,0,,,,,,,,,
464991,2010/11,2011-02-03,Sinhalese Sports Club Ground,2,0.4,Sri Lanka,West Indies,WU Tharanga,TM Dilshan,R Rampaul,0,1,1,,,,,,,,
464991,2010/11,2011-02-03,Sinhalese Sports Club Ground,2,0.5,Sri Lanka,West Indies,WU Tharanga,TM Dilshan,R Rampaul,0,0,,,,,,,,,
464991,2010/11,2011-02-03,Sinhalese Sports Club Ground,2,0.6,Sri Lanka,West Indies,WU Tharanga,TM Dilshan,R Rampaul,1,0,,,,,,,,,
464991,2010/11,2011-02-03,Sinhalese Sports Club Ground,2,0.7,Sri Lanka,West Indies,TM Dilshan,WU Tharanga,R Rampaul,0,1,1,,,,,,,,
464991,2010/11,2011-02-03,Sinhalese Sports Club Ground,2,0.8,Sri Lanka,West Indies,TM Dilshan,WU Tharanga,R Rampaul,0,0,,,,,,,,,
464991,2010/11,2011-02-03,Sinhalese Sports Club Ground,2,1.1,Sri Lanka,West Indies,WU Tharanga,TM Dilshan,KAJ Roach,0,5,5,,,,,,,,
464991,2010/11,2011-02-03,Sinhalese Sports Club Ground,2,1.2,Sri Lanka,West Indies,WU Tharanga,TM Dilshan,KAJ Roach,0,0,,,,,,,,,
464991,2010/11,2011-02-03,Sinhalese Sports Club Ground,2,1.3,Sri Lanka,West Indies,WU Tharanga,TM Dilshan,KAJ Roach,2,0,,,,,,,,,
464991,2010/11,2011-02-03,Sinhalese Sports Club Ground,2,1.4,Sri Lanka,West Indies,WU Tharanga,TM Dilshan,KAJ Roach,0,0,,,,,,,,,
464991,2010/11,2011-02-03,Sinhalese Sports Club Ground,2,1.5,Sri Lanka,West Indies,WU Tharanga,TM Dilshan,KAJ Roach,0,0,,,,,,,,,
464991,2010/11,2011-02-03,Sinhalese Sports Club Ground,2,1.6,Sri Lanka,West Indies,WU Tharanga,TM Dilshan,KAJ Roach,2,0,,,,,,,,,
464991,2010/11,2011-02-03,Sinhalese Sports Club Ground,2,1.7,Sri Lanka,West Indies,WU Tharanga,TM Dilshan,KAJ Roach,0,0,,,,,,,,,
464991,2010/11,2011-02-03,Sinhalese Sports Club Ground,2,2.1,Sri Lanka,West Indies,TM Dilshan,WU Tharanga,R Rampaul,0,0,,,,,,,,,
464991,2010/11,2011-02-03,Sinhalese Sports Club Ground,2,2.2,Sri Lanka,West Indies,TM Dilshan,WU Tharanga,R Rampaul,0,0,,,,,,,,,
464991,2010/11,2011-02-03,Sinhalese Sports Club Ground,2,2.3,Sri Lanka,West Indies,TM Dilshan,WU Tharanga,R Rampaul,1,0,,,,,,,,,
464991,2010/11,2011-02-03,Sinhalese Sports Club Ground,2,2.4,Sri Lanka,West Indies,WU Tharanga,TM Dilshan,R Rampaul,1,0,,,,,,,,,
464991,2010/11,2011-02-03,Sinhalese Sports Club Ground,2,2.5,Sri Lanka,West Indies,TM Dilshan,WU Tharanga,R Rampaul,0,0,,,,,,,,,
464991,2010/11,2011-02-03,Sinhalese Sports Club Ground,2,2.6,Sri Lanka,West Indies,TM Dilshan,WU Tharanga,R Rampaul,0,0,,,,,,,,,
464991,2010/11,2011-02-03,Sinhalese Sports Club Ground,2,3.1,Sri Lanka,West Indies,WU Tharanga,TM Dilshan,KAJ Roach,0,0,,,,,,,,,
464991,2010/11,2011-02-03,Sinhalese Sports Club Ground,2,3.2,Sri Lanka,West Indies,WU Tharanga,TM Dilshan,KAJ Roach,0,0,,,,,,,,,
464991,2010/11,2011-02-03,Sinhalese Sports Club Ground,2,3.3,Sri Lanka,West Indies,WU Tharanga,TM Dilshan,KAJ Roach,0,0,,,,,,,,,
464991,2010/11,2011-02-03,Sinhalese Sports Club Ground,2,3.4,Sri Lanka,West Indies,WU Tharanga,TM Dilshan,KAJ Roach,1,0,,,,,,,,,
464991,2010/11,2011-02-03,Sinhalese Sports Club Ground,2,3.5,Sri Lanka,West Indies,TM Dilshan,WU Tharanga,KAJ Roach,1,0,,,,,,,,,
464991,2010/11,2011-02-03,Sinhalese Sports Club Ground,2,3.6,Sri Lanka,West Indies,WU Tharanga,TM Dilshan,KAJ Roach,0,0,,,,,,,,,
464991,2010/11,2011-02-03,Sinhalese Sports Club Ground,2,4.1,Sri Lanka,West Indies,TM Dilshan,WU Tharanga,R Rampaul,4,0,,,,,,,,,
464991,2010/11,2011-02-03,Sinhalese Sports Club Ground,2,4.2,Sri Lanka,West Indies,TM Dilshan,WU Tharanga,R Rampaul,0,0,,,,,,,,,
464991,2010/11,2011-02-03,Sinhalese Sports Club Ground,2,4.3,Sri Lanka,West Indies,TM Dilshan,WU Tharanga,R Rampaul,1,0,,,,,,,,,
464991,2010/11,2011-02-03,Sinhalese Sports Club Ground,2,4.4,Sri Lanka,West Indies,WU Tharanga,TM Dilshan,R Rampaul,1,0,,,,,,,,,
464991,2010/11,2011-02-03,Sinhalese Sports Club Ground,2,4.5,Sri Lanka,West Indies,TM Dilshan,WU Tharanga,R Rampaul,0,0,,,,,,,,,
464991,2010/11,2011-02-03,Sinhalese Sports Club Ground,2,4.6,Sri Lanka,West Indies,TM Dilshan,WU Tharanga,R Rampaul,0,0,,,,,,,,,
464991,2010/11,2011-02-03,Sinhalese Sports Club Ground,2,5.1,Sri Lanka,West Indies,WU Tharanga,TM Dilshan,KAJ Roach,1,0,,,,,,,,,
464991,2010/11,2011-02-03,Sinhalese Sports Club Ground,2,5.2,Sri Lanka,West Indies,TM Dilshan,WU Tharanga,KAJ Roach,1,0,,,,,,,,,
464991,2010/11,2011-02-03,Sinhalese Sports Club Ground,2,5.3,Sri Lanka,West Indies,WU Tharanga,TM Dilshan,KAJ Roach,1,0,,,,,,,,,
464991,2010/11,2011-02-03,Sinhalese Sports Club Ground,2,5.4,Sri Lanka,West Indies,TM Dilshan,WU Tharanga,KAJ Roach,0,0,,,,,,,,,
464991,2010/11,2011-02-03,Sinhalese Sports Club Ground,2,5.5,Sri Lanka,West Indies,TM Dilshan,WU Tharanga,KAJ Roach,2,0,,,,,,,,,
464991,2010/11,2011-02-03,Sinhalese Sports Club Ground,2,5.6,Sri Lanka,West Indies,TM Dilshan,WU Tharanga,KAJ Roach,0,0,,,,,,,,,
464991,2010/11,2011-02-03,Sinhalese Sports Club Ground,2,6.1,Sri Lanka,West Indies,WU Tharanga,TM Dilshan,R Rampaul,0,0,,,,,,,,,
464991,2010/11,2011-02-03,Sinhalese Sports Club Ground,2,6.2,Sri Lanka,West Indies,WU Tharanga,TM Dilshan,R Rampaul,0,0,,,,,,,,,
464991,2010/11,2011-02-03,Sinhalese Sports Club Ground,2,6.3,Sri Lanka,West Indies,WU Tharanga,TM Dilshan,R Rampaul,0,0,,,,,,,,,
464991,2010/11,2011-02-03,Sinhalese Sports Club Ground,2,6.4,Sri Lanka,West Indies,WU Tharanga,TM Dilshan,R Rampaul,0,0,,,,,,,,,
464991,2010/11,2011-02-03,Sinhalese Sports Club Ground,2,6.5,Sri Lanka,West Indies,WU Tharanga,TM Dilshan,R Rampaul,2,0,,,,,,,,,
464991,2010/11,2011-02-03,Sinhalese Sports Club Ground,2,6.6,Sri Lanka,West Indies,WU Tharanga,TM Dilshan,R Rampaul,0,0,,,,,,,,,
464991,2010/11,2011-02-03,Sinhalese Sports Club Ground,2,7.1,Sri Lanka,West Indies,TM Dilshan,WU Tharanga,DJG Sammy,0,0,,,,,,,,,
464991,2010/11,2011-02-03,Sinhalese Sports Club Ground,2,7.2,Sri Lanka,West Indies,TM Dilshan,WU Tharanga,DJG Sammy,0,0,,,,,,,,,
464991,2010/11,2011-02-03,Sinhalese Sports Club Ground,2,7.3,Sri Lanka,West Indies,TM Dilshan,WU Tharanga,DJG Sammy,1,0,,,,,,,,,
464991,2010/11,2011-02-03,Sinhalese Sports Club Ground,2,7.4,Sri Lanka,West Indies,WU Tharanga,TM Dilshan,DJG Sammy,0,0,,,,,,,,,
464991,2010/11,2011-02-03,Sinhalese Sports Club Ground,2,7.5,Sri Lanka,West Indies,WU Tharanga,TM Dilshan,DJG Sammy,1,0,,,,,,,,,
464991,2010/11,2011-02-03,Sinhalese Sports Club Ground,2,7.6,Sri Lanka,West Indies,TM Dilshan,WU Tharanga,DJG Sammy,0,0,,,,,,,,,
464991,2010/11,2011-02-03,Sinhalese Sports Club Ground,2,8.1,Sri Lanka,West Indies,WU Tharanga,TM Dilshan,R Rampaul,0,0,,,,,,,,,
464991,2010/11,2011-02-03,Sinhalese Sports Club Ground,2,8.2,Sri Lanka,West Indies,WU Tharanga,TM Dilshan,R Rampaul,1,0,,,,,,,,,
464991,2010/11,2011-02-03,Sinhalese Sports Club Ground,2,8.3,Sri Lanka,West Indies,TM Dilshan,WU Tharanga,R Rampaul,0,0,,,,,,,,,
464991,2010/11,2011-02-03,Sinhalese Sports Club Ground,2,8.4,Sri Lanka,West Indies,TM Dilshan,WU Tharanga,R Rampaul,0,0,,,,,,,,,
464991,2010/11,2011-02-03,Sinhalese Sports Club Ground,2,8.5,Sri Lanka,West Indies,TM Dilshan,WU Tharanga,R Rampaul,0,0,,,,,,caught,TM Dilshan,,
464991,2010/11,2011-02-03,Sinhalese Sports Club Ground,2,8.6,Sri Lanka,West Indies,KC Sangakkara,WU Tharanga,R Rampaul,0,0,,,,,,,,,
464991,2010/11,2011-02-03,Sinhalese Sports Club Ground,2,9.1,Sri Lanka,West Indies,WU Tharanga,KC Sangakkara,DJG Sammy,0,0,,,,,,,,,
464991,2010/11,2011-02-03,Sinhalese Sports Club Ground,2,9.2,Sri Lanka,West Indies,WU Tharanga,KC Sangakkara,DJG Sammy,1,0,,,,,,,,,
464991,2010/11,2011-02-03,Sinhalese Sports Club Ground,2,9.3,Sri Lanka,West Indies,KC Sangakkara,WU Tharanga,DJG Sammy,0,0,,,,,,,,,
464991,2010/11,2011-02-03,Sinhalese Sports Club Ground,2,9.4,Sri Lanka,West Indies,KC Sangakkara,WU Tharanga,DJG Sammy,0,0,,,,,,,,,
464991,2010/11,2011-02-03,Sinhalese Sports Club Ground,2,9.5,Sri Lanka,West Indies,KC Sangakkara,WU Tharanga,DJG Sammy,0,0,,,,,,,,,
464991,2010/11,2011-02-03,Sinhalese Sports Club Ground,2,9.6,Sri Lanka,West Indies,KC Sangakkara,WU Tharanga,DJG Sammy,0,0,,,,,,,,,
464991,2010/11,2011-02-03,Sinhalese Sports Club Ground,2,10.1,Sri Lanka,West Indies,WU Tharanga,KC Sangakkara,KAJ Roach,0,0,,,,,,,,,
464991,2010/11,2011-02-03,Sinhalese Sports Club Ground,2,10.2,Sri Lanka,West Indies,WU Tharanga,KC Sangakkara,KAJ Roach,0,0,,,,,,,,,
464991,2010/11,2011-02-03,Sinhalese Sports Club Ground,2,10.3,Sri Lanka,West Indies,WU Tharanga,KC Sangakkara,KAJ Roach,1,0,,,,,,,,,
464991,2010/11,2011-02-03,Sinhalese Sports Club Ground,2,10.4,Sri Lanka,West Indies,KC Sangakkara,WU Tharanga,KAJ Roach,0,0,,,,,,,,,
464991,2010/11,2011-02-03,Sinhalese Sports Club Ground,2,10.5,Sri Lanka,West Indies,KC Sangakkara,WU Tharanga,KAJ Roach,0,0,,,,,,,,,
464991,2010/11,2011-02-03,Sinhalese Sports Club Ground,2,10.6,Sri Lanka,West Indies,KC Sangakkara,WU Tharanga,KAJ Roach,1,0,,,,,,,,,
464991,2010/11,2011-02-03,Sinhalese Sports Club Ground,2,11.1,Sri Lanka,West Indies,KC Sangakkara,WU Tharanga,DJG Sammy,1,0,,,,,,,,,
464991,2010/11,2011-02-03,Sinhalese Sports Club Ground,2,11.2,Sri Lanka,West Indies,WU Tharanga,KC Sangakkara,DJG Sammy,0,0,,,,,,,,,
464991,2010/11,2011-02-03,Sinhalese Sports Club Ground,2,11.3,Sri Lanka,West Indies,WU Tharanga,KC Sangakkara,DJG Sammy,0,0,,,,,,,,,
464991,2010/11,2011-02-03,Sinhalese Sports Club Ground,2,11.4,Sri Lanka,West Indies,WU Tharanga,KC Sangakkara,DJG Sammy,0,0,,,,,,,,,
464991,2010/11,2011-02-03,Sinhalese Sports Club Ground,2,11.5,Sri Lanka,West Indies,WU Tharanga,KC Sangakkara,DJG Sammy,4,0,,,,,,,,,
464991,2010/11,2011-02-03,Sinhalese Sports Club Ground,2,11.6,Sri Lanka,West Indies,WU Tharanga,KC Sangakkara,DJG Sammy,1,0,,,,,,,,,
464991,2010/11,2011-02-03,Sinhalese Sports Club Ground,2,12.1,Sri Lanka,West Indies,WU Tharanga,KC Sangakkara,KAJ Roach,1,0,,,,,,,,,
464991,2010/11,2011-02-03,Sinhalese Sports Club Ground,2,12.2,Sri Lanka,West Indies,KC Sangakkara,WU Tharanga,KAJ Roach,0,0,,,,,,,,,
464991,2010/11,2011-02-03,Sinhalese Sports Club Ground,2,12.3,Sri Lanka,West Indies,KC Sangakkara,WU Tharanga,KAJ Roach,0,0,,,,,,,,,
464991,2010/11,2011-02-03,Sinhalese Sports Club Ground,2,12.4,Sri Lanka,West Indies,KC Sangakkara,WU Tharanga,KAJ Roach,0,0,,,,,,,,,
464991,2010/11,2011-02-03,Sinhalese Sports Club Ground,2,12.5,Sri Lanka,West Indies,KC Sangakkara,WU Tharanga,KAJ Roach,0,0,,,,,,,,,
464991,2010/11,2011-02-03,Sinhalese Sports Club Ground,2,12.6,Sri Lanka,West Indies,KC Sangakkara,WU Tharanga,KAJ Roach,0,0,,,,,,,,,
464991,2010/11,2011-02-03,Sinhalese Sports Club Ground,2,13.1,Sri Lanka,West Indies,WU Tharanga,KC Sangakkara,DJG Sammy,0,0,,,,,,,,,
464991,2010/11,2011-02-03,Sinhalese Sports Club Ground,2,13.2,Sri Lanka,West Indies,WU Tharanga,KC Sangakkara,DJG Sammy,1,0,,,,,,,,,
464991,2010/11,2011-02-03,Sinhalese Sports Club Ground,2,13.3,Sri Lanka,West Indies,KC Sangakkara,WU Tharanga,DJG Sammy,0,0,,,,,,,,,
464991,2010/11,2011-02-03,Sinhalese Sports Club Ground,2,13.4,Sri Lanka,West Indies,KC Sangakkara,WU Tharanga,DJG Sammy,0,0,,,,,,,,,
464991,2010/11,2011-02-03,Sinhalese Sports Club Ground,2,13.5,Sri Lanka,West Indies,KC Sangakkara,WU Tharanga,DJG Sammy,0,0,,,,,,,,,
464991,2010/11,2011-02-03,Sinhalese Sports Club Ground,2,13.6,Sri Lanka,West Indies,KC Sangakkara,WU Tharanga,DJG Sammy,1,0,,,,,,,,,
464991,2010/11,2011-02-03,Sinhalese Sports Club Ground,2,14.1,Sri Lanka,West Indies,KC Sangakkara,WU Tharanga,KAJ Roach,1,0,,,,,,,,,
464991,2010/11,2011-02-03,Sinhalese Sports Club Ground,2,14.2,Sri Lanka,West Indies,WU Tharanga,KC Sangakkara,KAJ Roach,0,0,,,,,,,,,
464991,2010/11,2011-02-03,Sinhalese Sports Club Ground,2,14.3,Sri Lanka,West Indies,WU Tharanga,KC Sangakkara,KAJ Roach,0,0,,,,,,,,,
464991,2010/11,2011-02-03,Sinhalese Sports Club Ground,2,14.4,Sri Lanka,West Indies,WU Tharanga,KC Sangakkara,KAJ Roach,0,1,1,,,,,,,,
464991,2010/11,2011-02-03,Sinhalese Sports Club Ground,2,14.5,Sri Lanka,West Indies,WU Tharanga,KC Sangakkara,KAJ Roach,0,0,,,,,,,,,
464991,2010/11,2011-02-03,Sinhalese Sports Club Ground,2,14.6,Sri Lanka,West Indies,WU Tharanga,KC Sangakkara,KAJ Roach,0,0,,,,,,,,,
464991,2010/11,2011-02-03,Sinhalese Sports Club Ground,2,14.7,Sri Lanka,West Indies,WU Tharanga,KC Sangakkara,KAJ Roach,0,0,,,,,,,,,
464991,2010/11,2011-02-03,Sinhalese Sports Club Ground,2,15.1,Sri Lanka,West Indies,KC Sangakkara,WU Tharanga,DJG Sammy,1,0,,,,,,,,,
464991,2010/11,2011-02-03,Sinhalese Sports Club Ground,2,15.2,Sri Lanka,West Indies,WU Tharanga,KC Sangakkara,DJG Sammy,0,0,,,,,,,,,
464991,2010/11,2011-02-03,Sinhalese Sports Club Ground,2,15.3,Sri Lanka,West Indies,WU Tharanga,KC Sangakkara,DJG Sammy,1,0,,,,,,,,,
464991,2010/11,2011-02-03,Sinhalese Sports Club Ground,2,15.4,Sri Lanka,West Indies,KC Sangakkara,WU Tharanga,DJG Sammy,1,0,,,,,,,,,
464991,2010/11,2011-02-03,Sinhalese Sports Club Ground,2,15.5,Sri Lanka,West Indies,WU Tharanga,KC Sangakkara,DJG Sammy,0,0,,,,,,,,,
464991,2010/11,2011-02-03,Sinhalese Sports Club Ground,2,15.6,Sri Lanka,West Indies,WU Tharanga,KC Sangakkara,DJG Sammy,1,0,,,,,,,,,
464991,2010/11,2011-02-03,Sinhalese Sports Club Ground,2,16.1,Sri Lanka,West Indies,WU Tharanga,KC Sangakkara,CH Gayle,1,0,,,,,,,,,
464991,2010/11,2011-02-03,Sinhalese Sports Club Ground,2,16.2,Sri Lanka,West Indies,KC Sangakkara,WU Tharanga,CH Gayle,1,0,,,,,,,,,
464991,2010/11,2011-02-03,Sinhalese Sports Club Ground,2,16.3,Sri Lanka,West Indies,WU Tharanga,KC Sangakkara,CH Gayle,2,0,,,,,,,,,
464991,2010/11,2011-02-03,Sinhalese Sports Club Ground,2,16.4,Sri Lanka,West Indies,WU Tharanga,KC Sangakkara,CH Gayle,0,0,,,,,,,,,
464991,2010/11,2011-02-03,Sinhalese Sports Club Ground,2,16.5,Sri Lanka,West Indies,WU Tharanga,KC Sangakkara,CH Gayle,0,0,,,,,,,,,
464991,2010/11,2011-02-03,Sinhalese Sports Club Ground,2,16.6,Sri Lanka,West Indies,WU Tharanga,KC Sangakkara,CH Gayle,1,0,,,,,,,,,
464991,2010/11,2011-02-03,Sinhalese Sports Club Ground,2,17.1,Sri Lanka,West Indies,WU Tharanga,KC Sangakkara,DJG Sammy,0,0,,,,,,,,,
464991,2010/11,2011-02-03,Sinhalese Sports Club Ground,2,17.2,Sri Lanka,West Indies,WU Tharanga,KC Sangakkara,DJG Sammy,0,0,,,,,,,,,
464991,2010/11,2011-02-03,Sinhalese Sports Club Ground,2,17.3,Sri Lanka,West Indies,WU Tharanga,KC Sangakkara,DJG Sammy,0,0,,,,,,,,,
464991,2010/11,2011-02-03,Sinhalese Sports Club Ground,2,17.4,Sri Lanka,West Indies,WU Tharanga,KC Sangakkara,DJG Sammy,1,0,,,,,,,,,
464991,2010/11,2011-02-03,Sinhalese Sports Club Ground,2,17.5,Sri Lanka,West Indies,KC Sangakkara,WU Tharanga,DJG Sammy,0,0,,,,,,,,,
464991,2010/11,2011-02-03,Sinhalese Sports Club Ground,2,17.6,Sri Lanka,West Indies,KC Sangakkara,WU Tharanga,DJG Sammy,0,0,,,,,,,,,
464991,2010/11,2011-02-03,Sinhalese Sports Club Ground,2,18.1,Sri Lanka,West Indies,WU Tharanga,KC Sangakkara,CH Gayle,1,0,,,,,,,,,
464991,2010/11,2011-02-03,Sinhalese Sports Club Ground,2,18.2,Sri Lanka,West Indies,KC Sangakkara,WU Tharanga,CH Gayle,1,0,,,,,,,,,
464991,2010/11,2011-02-03,Sinhalese Sports Club Ground,2,18.3,Sri Lanka,West Indies,WU Tharanga,KC Sangakkara,CH Gayle,1,0,,,,,,,,,
464991,2010/11,2011-02-03,Sinhalese Sports Club Ground,2,18.4,Sri Lanka,West Indies,KC Sangakkara,WU Tharanga,CH Gayle,0,0,,,,,,,,,
464991,2010/11,2011-02-03,Sinhalese Sports Club Ground,2,18.5,Sri Lanka,West Indies,KC Sangakkara,WU Tharanga,CH Gayle,1,0,,,,,,,,,
464991,2010/11,2011-02-03,Sinhalese Sports Club Ground,2,18.6,Sri Lanka,West Indies,WU Tharanga,KC Sangakkara,CH Gayle,0,1,1,,,,,,,,
464991,2010/11,2011-02-03,Sinhalese Sports Club Ground,2,18.7,Sri Lanka,West Indies,WU Tharanga,KC Sangakkara,CH Gayle,0,0,,,,,,,,,
464991,2010/11,2011-02-03,Sinhalese Sports Club Ground,2,19.1,Sri Lanka,West Indies,KC Sangakkara,WU Tharanga,DJG Sammy,0,2,2,,,,,,,,
464991,2010/11,2011-02-03,Sinhalese Sports Club Ground,2,19.2,Sri Lanka,West Indies,WU Tharanga,KC Sangakkara,DJG Sammy,0,0,,,,,,,,,
464991,2010/11,2011-02-03,Sinhalese Sports Club Ground,2,19.3,Sri Lanka,West Indies,WU Tharanga,KC Sangakkara,DJG Sammy,4,0,,,,,,,,,
464991,2010/11,2011-02-03,Sinhalese Sports Club Ground,2,19.4,Sri Lanka,West Indies,WU Tharanga,KC Sangakkara,DJG Sammy,0,0,,,,,,,,,
464991,2010/11,2011-02-03,Sinhalese Sports Club Ground,2,19.5,Sri Lanka,West Indies,WU Tharanga,KC Sangakkara,DJG Sammy,2,0,,,,,,,,,
464991,2010/11,2011-02-03,Sinhalese Sports Club Ground,2,19.6,Sri Lanka,West Indies,WU Tharanga,KC Sangakkara,DJG Sammy,2,0,,,,,,,,,
464991,2010/11,2011-02-03,Sinhalese Sports Club Ground,2,19.7,Sri Lanka,West Indies,WU Tharanga,KC Sangakkara,DJG Sammy,4,0,,,,,,,,,
464991,2010/11,2011-02-03,Sinhalese Sports Club Ground,2,20.1,Sri Lanka,West Indies,KC Sangakkara,WU Tharanga,CH Gayle,1,0,,,,,,,,,
464991,2010/11,2011-02-03,Sinhalese Sports Club Ground,2,20.2,Sri Lanka,West Indies,WU Tharanga,KC Sangakkara,CH Gayle,0,0,,,,,,,,,
464991,2010/11,2011-02-03,Sinhalese Sports Club Ground,2,20.3,Sri Lanka,West Indies,WU Tharanga,KC Sangakkara,CH Gayle,0,0,,,,,,,,,
464991,2010/11,2011-02-03,Sinhalese Sports Club Ground,2,20.4,Sri Lanka,West Indies,WU Tharanga,KC Sangakkara,CH Gayle,1,0,,,,,,,,,
464991,2010/11,2011-02-03,Sinhalese Sports Club Ground,2,20.5,Sri Lanka,West Indies,KC Sangakkara,WU Tharanga,CH Gayle,0,0,,,,,,,,,
464991,2010/11,2011-02-03,Sinhalese Sports Club Ground,2,20.6,Sri Lanka,West Indies,KC Sangakkara,WU Tharanga,CH Gayle,2,0,,,,,,,,,
464991,2010/11,2011-02-03,Sinhalese Sports Club Ground,2,21.1,Sri Lanka,West Indies,WU Tharanga,KC Sangakkara,DJ Bravo,0,0,,,,,,,,,
464991,2010/11,2011-02-03,Sinhalese Sports Club Ground,2,21.2,Sri Lanka,West Indies,WU Tharanga,KC Sangakkara,DJ Bravo,2,0,,,,,,,,,
464991,2010/11,2011-02-03,Sinhalese Sports Club Ground,2,21.3,Sri Lanka,West Indies,WU Tharanga,KC Sangakkara,DJ Bravo,0,0,,,,,,,,,
464991,2010/11,2011-02-03,Sinhalese Sports Club Ground,2,21.4,Sri Lanka,West Indies,WU Tharanga,KC Sangakkara,DJ Bravo,2,0,,,,,,,,,
464991,2010/11,2011-02-03,Sinhalese Sports Club Ground,2,21.5,Sri Lanka,West Indies,WU Tharanga,KC Sangakkara,DJ Bravo,0,0,,,,,,,,,
464991,2010/11,2011-02-03,Sinhalese Sports Club Ground,2,21.6,Sri Lanka,West Indies,WU Tharanga,KC Sangakkara,DJ Bravo,1,0,,,,,,,,,
464991,2010/11,2011-02-03,Sinhalese Sports Club Ground,2,22.1,Sri Lanka,West Indies,WU Tharanga,KC Sangakkara,CH Gayle,1,0,,,,,,,,,
464991,2010/11,2011-02-03,Sinhalese Sports Club Ground,2,22.2,Sri Lanka,West Indies,KC Sangakkara,WU Tharanga,CH Gayle,0,0,,,,,,,,,
464991,2010/11,2011-02-03,Sinhalese Sports Club Ground,2,22.3,Sri Lanka,West Indies,KC Sangakkara,WU Tharanga,CH Gayle,1,0,,,,,,,,,
464991,2010/11,2011-02-03,Sinhalese Sports Club Ground,2,22.4,Sri Lanka,West Indies,WU Tharanga,KC Sangakkara,CH Gayle,0,0,,,,,,,,,
464991,2010/11,2011-02-03,Sinhalese Sports Club Ground,2,22.5,Sri Lanka,West Indies,WU Tharanga,KC Sangakkara,CH Gayle,0,0,,,,,,,,,
464991,2010/11,2011-02-03,Sinhalese Sports Club Ground,2,22.6,Sri Lanka,West Indies,WU Tharanga,KC Sangakkara,CH Gayle,2,0,,,,,,,,,
464991,2010/11,2011-02-03,Sinhalese Sports Club Ground,2,23.1,Sri Lanka,West Indies,KC Sangakkara,WU Tharanga,DJ Bravo,0,0,,,,,,,,,
464991,2010/11,2011-02-03,Sinhalese Sports Club Ground,2,23.2,Sri Lanka,West Indies,KC Sangakkara,WU Tharanga,DJ Bravo,1,0,,,,,,,,,
464991,2010/11,2011-02-03,Sinhalese Sports Club Ground,2,23.3,Sri Lanka,West Indies,WU Tharanga,KC Sangakkara,DJ Bravo,4,0,,,,,,,,,
464991,2010/11,2011-02-03,Sinhalese Sports Club Ground,2,23.4,Sri Lanka,West Indies,WU Tharanga,KC Sangakkara,DJ Bravo,1,0,,,,,,,,,
464991,2010/11,2011-02-03,Sinhalese Sports Club Ground,2,23.5,Sri Lanka,West Indies,KC Sangakkara,WU Tharanga,DJ Bravo,0,0,,,,,,,,,
464991,2010/11,2011-02-03,Sinhalese Sports Club Ground,2,23.6,Sri Lanka,West Indies,KC Sangakkara,WU Tharanga,DJ Bravo,1,0,,,,,,,,,
464991,2010/11,2011-02-03,Sinhalese Sports Club Ground,2,24.1,Sri Lanka,West Indies,KC Sangakkara,WU Tharanga,NO Miller,0,0,,,,,,,,,
464991,2010/11,2011-02-03,Sinhalese Sports Club Ground,2,24.2,Sri Lanka,West Indies,KC Sangakkara,WU Tharanga,NO Miller,0,0,,,,,,,,,
464991,2010/11,2011-02-03,Sinhalese Sports Club Ground,2,24.3,Sri Lanka,West Indies,KC Sangakkara,WU Tharanga,NO Miller,1,0,,,,,,,,,
464991,2010/11,2011-02-03,Sinhalese Sports Club Ground,2,24.4,Sri Lanka,West Indies,WU Tharanga,KC Sangakkara,NO Miller,0,0,,,,,,,,,
464991,2010/11,2011-02-03,Sinhalese Sports Club Ground,2,24.5,Sri Lanka,West Indies,WU Tharanga,KC Sangakkara,NO Miller,1,0,,,,,,,,,
464991,2010/11,2011-02-03,Sinhalese Sports Club Ground,2,24.6,Sri Lanka,West Indies,KC Sangakkara,WU Tharanga,NO Miller,0,0,,,,,,,,,
464991,2010/11,2011-02-03,Sinhalese Sports Club Ground,2,25.1,Sri Lanka,West Indies,WU Tharanga,KC Sangakkara,DJ Bravo,0,0,,,,,,,,,
464991,2010/11,2011-02-03,Sinhalese Sports Club Ground,2,25.2,Sri Lanka,West Indies,WU Tharanga,KC Sangakkara,DJ Bravo,1,0,,,,,,,,,
464991,2010/11,2011-02-03,Sinhalese Sports Club Ground,2,25.3,Sri Lanka,West Indies,KC Sangakkara,WU Tharanga,DJ Bravo,4,0,,,,,,,,,
464991,2010/11,2011-02-03,Sinhalese Sports Club Ground,2,25.4,Sri Lanka,West Indies,KC Sangakkara,WU Tharanga,DJ Bravo,0,0,,,,,,,,,
464991,2010/11,2011-02-03,Sinhalese Sports Club Ground,2,25.5,Sri Lanka,West Indies,KC Sangakkara,WU Tharanga,DJ Bravo,0,0,,,,,,caught,KC Sangakkara,,
464991,2010/11,2011-02-03,Sinhalese Sports Club Ground,2,25.6,Sri Lanka,West Indies,DPMD Jayawardene,WU Tharanga,DJ Bravo,2,0,,,,,,,,,
464991,2010/11,2011-02-03,Sinhalese Sports Club Ground,2,26.1,Sri Lanka,West Indies,WU Tharanga,DPMD Jayawardene,NO Miller,0,0,,,,,,,,,
464991,2010/11,2011-02-03,Sinhalese Sports Club Ground,2,26.2,Sri Lanka,West Indies,WU Tharanga,DPMD Jayawardene,NO Miller,2,0,,,,,,,,,
464991,2010/11,2011-02-03,Sinhalese Sports Club Ground,2,26.3,Sri Lanka,West Indies,WU Tharanga,DPMD Jayawardene,NO Miller,1,0,,,,,,,,,
464991,2010/11,2011-02-03,Sinhalese Sports Club Ground,2,26.4,Sri Lanka,West Indies,DPMD Jayawardene,WU Tharanga,NO Miller,0,0,,,,,,,,,
464991,2010/11,2011-02-03,Sinhalese Sports Club Ground,2,26.5,Sri Lanka,West Indies,DPMD Jayawardene,WU Tharanga,NO Miller,0,0,,,,,,,,,
464991,2010/11,2011-02-03,Sinhalese Sports Club Ground,2,26.6,Sri Lanka,West Indies,DPMD Jayawardene,WU Tharanga,NO Miller,0,0,,,,,,,,,
464991,2010/11,2011-02-03,Sinhalese Sports Club Ground,2,27.1,Sri Lanka,West Indies,WU Tharanga,DPMD Jayawardene,DJ Bravo,0,0,,,,,,,,,
464991,2010/11,2011-02-03,Sinhalese Sports Club Ground,2,27.2,Sri Lanka,West Indies,WU Tharanga,DPMD Jayawardene,DJ Bravo,0,0,,,,,,,,,
464991,2010/11,2011-02-03,Sinhalese Sports Club Ground,2,27.3,Sri Lanka,West Indies,WU Tharanga,DPMD Jayawardene,DJ Bravo,0,0,,,,,,,,,
464991,2010/11,2011-02-03,Sinhalese Sports Club Ground,2,27.4,Sri Lanka,West Indies,WU Tharanga,DPMD Jayawardene,DJ Bravo,1,0,,,,,,,,,
464991,2010/11,2011-02-03,Sinhalese Sports Club Ground,2,27.5,Sri Lanka,West Indies,DPMD Jayawardene,WU Tharanga,DJ Bravo,1,0,,,,,,,,,
464991,2010/11,2011-02-03,Sinhalese Sports Club Ground,2,27.6,Sri Lanka,West Indies,WU Tharanga,DPMD Jayawardene,DJ Bravo,1,0,,,,,,,,,
464991,2010/11,2011-02-03,Sinhalese Sports Club Ground,2,28.1,Sri Lanka,West Indies,WU Tharanga,DPMD Jayawardene,NO Miller,1,0,,,,,,,,,
464991,2010/11,2011-02-03,Sinhalese Sports Club Ground,2,28.2,Sri Lanka,West Indies,DPMD Jayawardene,WU Tharanga,NO Miller,0,1,1,,,,,,,,
464991,2010/11,2011-02-03,Sinhalese Sports Club Ground,2,28.3,Sri Lanka,West Indies,DPMD Jayawardene,WU Tharanga,NO Miller,1,0,,,,,,,,,
464991,2010/11,2011-02-03,Sinhalese Sports Club Ground,2,28.4,Sri Lanka,West Indies,WU Tharanga,DPMD Jayawardene,NO Miller,0,1,,,,1,,,,,
464991,2010/11,2011-02-03,Sinhalese Sports Club Ground,2,28.5,Sri Lanka,West Indies,DPMD Jayawardene,WU Tharanga,NO Miller,0,0,,,,,,,,,
464991,2010/11,2011-02-03,Sinhalese Sports Club Ground,2,28.6,Sri Lanka,West Indies,DPMD Jayawardene,WU Tharanga,NO Miller,0,0,,,,,,,,,
464991,2010/11,2011-02-03,Sinhalese Sports Club Ground,2,28.7,Sri Lanka,West Indies,DPMD Jayawardene,WU Tharanga,NO Miller,0,0,,,,,,,,,
464991,2010/11,2011-02-03,Sinhalese Sports Club Ground,2,29.1,Sri Lanka,West Indies,WU Tharanga,DPMD Jayawardene,DJ Bravo,1,0,,,,,,,,,
464991,2010/11,2011-02-03,Sinhalese Sports Club Ground,2,29.2,Sri Lanka,West Indies,DPMD Jayawardene,WU Tharanga,DJ Bravo,1,0,,,,,,,,,
464991,2010/11,2011-02-03,Sinhalese Sports Club Ground,2,29.3,Sri Lanka,West Indies,WU Tharanga,DPMD Jayawardene,DJ Bravo,0,0,,,,,,,,,
464991,2010/11,2011-02-03,Sinhalese Sports Club Ground,2,29.4,Sri Lanka,West Indies,WU Tharanga,DPMD Jayawardene,DJ Bravo,1,0,,,,,,,,,
464991,2010/11,2011-02-03,Sinhalese Sports Club Ground,2,29.5,Sri Lanka,West Indies,DPMD Jayawardene,WU Tharanga,DJ Bravo,4,0,,,,,,,,,
464991,2010/11,2011-02-03,Sinhalese Sports Club Ground,2,29.6,Sri Lanka,West Indies,DPMD Jayawardene,WU Tharanga,DJ Bravo,0,0,,,,,,,,,
464991,2010/11,2011-02-03,Sinhalese Sports Club Ground,2,30.1,Sri Lanka,West Indies,WU Tharanga,DPMD Jayawardene,NO Miller,0,0,,,,,,,,,
464991,2010/11,2011-02-03,Sinhalese Sports Club Ground,2,30.2,Sri Lanka,West Indies,WU Tharanga,DPMD Jayawardene,NO Miller,0,0,,,,,,,,,
464991,2010/11,2011-02-03,Sinhalese Sports Club Ground,2,30.3,Sri Lanka,West Indies,WU Tharanga,DPMD Jayawardene,NO Miller,0,0,,,,,,,,,
464991,2010/11,2011-02-03,Sinhalese Sports Club Ground,2,30.4,Sri Lanka,West Indies,WU Tharanga,DPMD Jayawardene,NO Miller,1,0,,,,,,,,,
464991,2010/11,2011-02-03,Sinhalese Sports Club Ground,2,30.5,Sri Lanka,West Indies,DPMD Jayawardene,WU Tharanga,NO Miller,4,0,,,,,,,,,
464991,2010/11,2011-02-03,Sinhalese Sports Club Ground,2,30.6,Sri Lanka,West Indies,DPMD Jayawardene,WU Tharanga,NO Miller,2,0,,,,,,,,,
464991,2010/11,2011-02-03,Sinhalese Sports Club Ground,2,31.1,Sri Lanka,West Indies,WU Tharanga,DPMD Jayawardene,R Rampaul,1,0,,,,,,,,,
464991,2010/11,2011-02-03,Sinhalese Sports Club Ground,2,31.2,Sri Lanka,West Indies,DPMD Jayawardene,WU Tharanga,R Rampaul,1,0,,,,,,,,,
464991,2010/11,2011-02-03,Sinhalese Sports Club Ground,2,31.3,Sri Lanka,West Indies,WU Tharanga,DPMD Jayawardene,R Rampaul,0,0,,,,,,,,,
464991,2010/11,2011-02-03,Sinhalese Sports Club Ground,2,31.4,Sri Lanka,West Indies,WU Tharanga,DPMD Jayawardene,R Rampaul,0,0,,,,,,,,,
464991,2010/11,2011-02-03,Sinhalese Sports Club Ground,2,31.5,Sri Lanka,West Indies,WU Tharanga,DPMD Jayawardene,R Rampaul,0,0,,,,,,,,,
464991,2010/11,2011-02-03,Sinhalese Sports Club Ground,2,31.6,Sri Lanka,West Indies,WU Tharanga,DPMD Jayawardene,R Rampaul,0,0,,,,,,,,,
464991,2010/11,2011-02-03,Sinhalese Sports Club Ground,2,32.1,Sri Lanka,West Indies,DPMD Jayawardene,WU Tharanga,NO Miller,2,0,,,,,,,,,
464991,2010/11,2011-02-03,Sinhalese Sports Club Ground,2,32.2,Sri Lanka,West Indies,DPMD Jayawardene,WU Tharanga,NO Miller,0,2,2,,,,,,,,
464991,2010/11,2011-02-03,Sinhalese Sports Club Ground,2,32.3,Sri Lanka,West Indies,WU Tharanga,DPMD Jayawardene,NO Miller,2,0,,,,,,,,,
464991,2010/11,2011-02-03,Sinhalese Sports Club Ground,2,32.4,Sri Lanka,West Indies,WU Tharanga,DPMD Jayawardene,NO Miller,2,0,,,,,,,,,
464991,2010/11,2011-02-03,Sinhalese Sports Club Ground,2,32.5,Sri Lanka,West Indies,WU Tharanga,DPMD Jayawardene,NO Miller,0,0,,,,,,,,,
464991,2010/11,2011-02-03,Sinhalese Sports Club Ground,2,32.6,Sri Lanka,West Indies,WU Tharanga,DPMD Jayawardene,NO Miller,1,0,,,,,,,,,
464991,2010/11,2011-02-03,Sinhalese Sports Club Ground,2,32.7,Sri Lanka,West Indies,DPMD Jayawardene,WU Tharanga,NO Miller,1,0,,,,,,,,,
464991,2010/11,2011-02-03,Sinhalese Sports Club Ground,2,33.1,Sri Lanka,West Indies,DPMD Jayawardene,WU Tharanga,R Rampaul,1,0,,,,,,,,,
464991,2010/11,2011-02-03,Sinhalese Sports Club Ground,2,33.2,Sri Lanka,West Indies,WU Tharanga,DPMD Jayawardene,R Rampaul,0,0,,,,,,,,,
464991,2010/11,2011-02-03,Sinhalese Sports Club Ground,2,33.3,Sri Lanka,West Indies,WU Tharanga,DPMD Jayawardene,R Rampaul,4,0,,,,,,,,,
464991,2010/11,2011-02-03,Sinhalese Sports Club Ground,2,33.4,Sri Lanka,West Indies,WU Tharanga,DPMD Jayawardene,R Rampaul,4,0,,,,,,,,,
464991,2010/11,2011-02-03,Sinhalese Sports Club Ground,2,33.5,Sri Lanka,West Indies,WU Tharanga,DPMD Jayawardene,R Rampaul,0,0,,,,,,,,,
464991,2010/11,2011-02-03,Sinhalese Sports Club Ground,2,33.6,Sri Lanka,West Indies,WU Tharanga,DPMD Jayawardene,R Rampaul,2,0,,,,,,,,,
464991,2010/11,2011-02-03,Sinhalese Sports Club Ground,2,34.1,Sri Lanka,West Indies,DPMD Jayawardene,WU Tharanga,KA Pollard,0,0,,,,,,,,,
464991,2010/11,2011-02-03,Sinhalese Sports Club Ground,2,34.2,Sri Lanka,West Indies,DPMD Jayawardene,WU Tharanga,KA Pollard,1,0,,,,,,,,,
464991,2010/11,2011-02-03,Sinhalese Sports Club Ground,2,34.3,Sri Lanka,West Indies,WU Tharanga,DPMD Jayawardene,KA Pollard,0,0,,,,,,,,,
464991,2010/11,2011-02-03,Sinhalese Sports Club Ground,2,34.4,Sri Lanka,West Indies,WU Tharanga,DPMD Jayawardene,KA Pollard,0,1,1,,,,,,,,
464991,2010/11,2011-02-03,Sinhalese Sports Club Ground,2,34.5,Sri Lanka,West Indies,WU Tharanga,DPMD Jayawardene,KA Pollard,1,0,,,,,,,,,
464991,2010/11,2011-02-03,Sinhalese Sports Club Ground,2,34.6,Sri Lanka,West Indies,DPMD Jayawardene,WU Tharanga,KA Pollard,2,0,,,,,,,,,
464991,2010/11,2011-02-03,Sinhalese Sports Club Ground,2,34.7,Sri Lanka,West Indies,DPMD Jayawardene,WU Tharanga,KA Pollard,1,0,,,,,,,,,
464991,2010/11,2011-02-03,Sinhalese Sports Club Ground,2,35.1,Sri Lanka,West Indies,DPMD Jayawardene,WU Tharanga,KAJ Roach,0,0,,,,,,,,,
464991,2010/11,2011-02-03,Sinhalese Sports Club Ground,2,35.2,Sri Lanka,West Indies,DPMD Jayawardene,WU Tharanga,KAJ Roach,4,0,,,,,,,,,
464991,2010/11,2011-02-03,Sinhalese Sports Club Ground,2,35.3,Sri Lanka,West Indies,DPMD Jayawardene,WU Tharanga,KAJ Roach,0,0,,,,,,,,,
464991,2010/11,2011-02-03,Sinhalese Sports Club Ground,2,35.4,Sri Lanka,West Indies,DPMD Jayawardene,WU Tharanga,KAJ Roach,0,0,,,,,,,,,
464991,2010/11,2011-02-03,Sinhalese Sports Club Ground,2,35.5,Sri Lanka,West Indies,DPMD Jayawardene,WU Tharanga,KAJ Roach,0,0,,,,,,,,,
464991,2010/11,2011-02-03,Sinhalese Sports Club Ground,2,35.6,Sri Lanka,West Indies,DPMD Jayawardene,WU Tharanga,KAJ Roach,0,0,,,,,,,,,
464991,2010/11,2011-02-03,Sinhalese Sports Club Ground,2,36.1,Sri Lanka,West Indies,WU Tharanga,DPMD Jayawardene,KA Pollard,0,0,,,,,,,,,
464991,2010/11,2011-02-03,Sinhalese Sports Club Ground,2,36.2,Sri Lanka,West Indies,WU Tharanga,DPMD Jayawardene,KA Pollard,0,0,,,,,,,,,
464991,2010/11,2011-02-03,Sinhalese Sports Club Ground,2,36.3,Sri Lanka,West Indies,WU Tharanga,DPMD Jayawardene,KA Pollard,0,0,,,,,,,,,
464991,2010/11,2011-02-03,Sinhalese Sports Club Ground,2,36.4,Sri Lanka,West Indies,WU Tharanga,DPMD Jayawardene,KA Pollard,1,0,,,,,,,,,
464991,2010/11,2011-02-03,Sinhalese Sports Club Ground,2,36.5,Sri Lanka,West Indies,DPMD Jayawardene,WU Tharanga,KA Pollard,0,0,,,,,,,,,
464991,2010/11,2011-02-03,Sinhalese Sports Club Ground,2,36.6,Sri Lanka,West Indies,DPMD Jayawardene,WU Tharanga,KA Pollard,1,0,,,,,,,,,
464991,2010/11,2011-02-03,Sinhalese Sports Club Ground,2,37.1,Sri Lanka,West Indies,DPMD Jayawardene,WU Tharanga,KAJ Roach,1,0,,,,,,,,,
464991,2010/11,2011-02-03,Sinhalese Sports Club Ground,2,37.2,Sri Lanka,West Indies,WU Tharanga,DPMD Jayawardene,KAJ Roach,0,1,,,,1,,,,,
464991,2010/11,2011-02-03,Sinhalese Sports Club Ground,2,37.3,Sri Lanka,West Indies,DPMD Jayawardene,WU Tharanga,KAJ Roach,0,0,,,,,,,,,
464991,2010/11,2011-02-03,Sinhalese Sports Club Ground,2,37.4,Sri Lanka,West Indies,DPMD Jayawardene,WU Tharanga,KAJ Roach,1,0,,,,,,,,,
464991,2010/11,2011-02-03,Sinhalese Sports Club Ground,2,37.5,Sri Lanka,West Indies,WU Tharanga,DPMD Jayawardene,KAJ Roach,0,0,,,,,,,,,
464991,2010/11,2011-02-03,Sinhalese Sports Club Ground,2,37.6,Sri Lanka,West Indies,WU Tharanga,DPMD Jayawardene,KAJ Roach,0,1,1,,,,,,,,
464991,2010/11,2011-02-03,Sinhalese Sports Club Ground,2,37.7,Sri Lanka,West Indies,WU Tharanga,DPMD Jayawardene,KAJ Roach,1,0,,,,,,,,,
464991,2010/11,2011-02-03,Sinhalese Sports Club Ground,2,38.1,Sri Lanka,West Indies,WU Tharanga,DPMD Jayawardene,KA Pollard,1,0,,,,,,,,,
464991,2010/11,2011-02-03,Sinhalese Sports Club Ground,2,38.2,Sri Lanka,West Indies,DPMD Jayawardene,WU Tharanga,KA Pollard,1,0,,,,,,,,,
464991,2010/11,2011-02-03,Sinhalese Sports Club Ground,2,38.3,Sri Lanka,West Indies,WU Tharanga,DPMD Jayawardene,KA Pollard,4,0,,,,,,,,,
464991,2010/11,2011-02-03,Sinhalese Sports Club Ground,2,38.4,Sri Lanka,West Indies,WU Tharanga,DPMD Jayawardene,KA Pollard,3,0,,,,,,,,,
464991,2010/11,2011-02-03,Sinhalese Sports Club Ground,2,38.5,Sri Lanka,West Indies,DPMD Jayawardene,WU Tharanga,KA Pollard,1,0,,,,,,,,,
464991,2010/11,2011-02-03,Sinhalese Sports Club Ground,2,38.6,Sri Lanka,West Indies,WU Tharanga,DPMD Jayawardene,KA Pollard,0,0,,,,,,,,,
464991,2010/11,2011-02-03,Sinhalese Sports Club Ground,2,39.1,Sri Lanka,West Indies,DPMD Jayawardene,WU Tharanga,DJG Sammy,4,0,,,,,,,,,
464991,2010/11,2011-02-03,Sinhalese Sports Club Ground,2,39.2,Sri Lanka,West Indies,DPMD Jayawardene,WU Tharanga,DJG Sammy,3,0,,,,,,,,,
464991,2010/11,2011-02-03,Sinhalese Sports Club Ground,2,39.3,Sri Lanka,West Indies,WU Tharanga,DPMD Jayawardene,DJG Sammy,1,0,,,,,,,,,
464991,2010/11,2011-02-03,Sinhalese Sports Club Ground,2,39.4,Sri Lanka,West Indies,DPMD Jayawardene,WU Tharanga,DJG Sammy,1,0,,,,,,,,,
464991,2010/11,2011-02-03,Sinhalese Sports Club Ground,2,39.5,Sri Lanka,West Indies,WU Tharanga,DPMD Jayawardene,DJG Sammy,0,0,,,,,,,,,
464991,2010/11,2011-02-03,Sinhalese Sports Club Ground,2,39.6,Sri Lanka,West Indies,WU Tharanga,DPMD Jayawardene,DJG Sammy,0,0,,,,,,,,,
464991,2010/11,2011-02-03,Sinhalese Sports Club Ground,2,40.1,Sri Lanka,West Indies,DPMD Jayawardene,WU Tharanga,NO Miller,1,0,,,,,,,,,
464991,2010/11,2011-02-03,Sinhalese Sports Club Ground,2,40.2,Sri Lanka,West Indies,WU Tharanga,DPMD Jayawardene,NO Miller,1,0,,,,,,,,,
464991,2010/11,2011-02-03,Sinhalese Sports Club Ground,2,40.3,Sri Lanka,West Indies,DPMD Jayawardene,WU Tharanga,NO Miller,0,0,,,,,,,,,
464991,2010/11,2011-02-03,Sinhalese Sports Club Ground,2,40.4,Sri Lanka,West Indies,DPMD Jayawardene,WU Tharanga,NO Miller,0,0,,,,,,,,,
464991,2010/11,2011-02-03,Sinhalese Sports Club Ground,2,40.5,Sri Lanka,West Indies,DPMD Jayawardene,WU Tharanga,NO Miller,0,0,,,,,,,,,
464991,2010/11,2011-02-03,Sinhalese Sports Club Ground,2,40.6,Sri Lanka,West Indies,DPMD Jayawardene,WU Tharanga,NO Miller,0,0,,,,,,,,,
464991,2010/11,2011-02-03,Sinhalese Sports Club Ground,2,41.1,Sri Lanka,West Indies,WU Tharanga,DPMD Jayawardene,DJG Sammy,2,0,,,,,,,,,
464991,2010/11,2011-02-03,Sinhalese Sports Club Ground,2,41.2,Sri Lanka,West Indies,WU Tharanga,DPMD Jayawardene,DJG Sammy,0,0,,,,,,,,,
464991,2010/11,2011-02-03,Sinhalese Sports Club Ground,2,41.3,Sri Lanka,West Indies,WU Tharanga,DPMD Jayawardene,DJG Sammy,0,0,,,,,,,,,
464991,2010/11,2011-02-03,Sinhalese Sports Club Ground,2,41.4,Sri Lanka,West Indies,WU Tharanga,DPMD Jayawardene,DJG Sammy,0,1,,,,1,,,,,
464991,2010/11,2011-02-03,Sinhalese Sports Club Ground,2,41.5,Sri Lanka,West Indies,DPMD Jayawardene,WU Tharanga,DJG Sammy,1,0,,,,,,,,,
464991,2010/11,2011-02-03,Sinhalese Sports Club Ground,2,41.6,Sri Lanka,West Indies,WU Tharanga,DPMD Jayawardene,DJG Sammy,0,0,,,,,,,,,
464991,2010/11,2011-02-03,Sinhalese Sports Club Ground,2,42.1,Sri Lanka,West Indies,DPMD Jayawardene,WU Tharanga,NO Miller,1,0,,,,,,,,,
464991,2010/11,2011-02-03,Sinhalese Sports Club Ground,2,42.2,Sri Lanka,West Indies,WU Tharanga,DPMD Jayawardene,NO Miller,1,0,,,,,,,,,
464991,2010/11,2011-02-03,Sinhalese Sports Club Ground,2,42.3,Sri Lanka,West Indies,DPMD Jayawardene,WU Tharanga,NO Miller,4,0,,,,,,,,,
