match_id,season,start_date,venue,innings,ball,batting_team,bowling_team,striker,non_striker,bowler,runs_off_bat,extras,wides,noballs,byes,legbyes,penalty,wicket_type,player_dismissed,other_wicket_type,other_player_dismissed
464990,2010/11,2011-01-31,Sinhalese Sports Club Ground,1,0.1,West Indies,Sri Lanka,CH Gayle,AB Barath,SL Malinga,0,0,,,,,,,,,
464990,2010/11,2011-01-31,Sinhalese Sports Club Ground,1,0.2,West Indies,Sri Lanka,CH Gayle,AB Barath,SL Malinga,1,0,,,,,,,,,
464990,2010/11,2011-01-31,Sinhalese Sports Club Ground,1,0.3,West Indies,Sri Lanka,AB Barath,CH Gayle,SL Malinga,0,0,,,,,,,,,
464990,2010/11,2011-01-31,Sinhalese Sports Club Ground,1,0.4,West Indies,Sri Lanka,AB Barath,CH Gayle,SL Malinga,1,0,,,,,,,,,
464990,2010/11,2011-01-31,Sinhalese Sports Club Ground,1,0.5,West Indies,Sri Lanka,CH Gayle,AB Barath,SL Malinga,0,0,,,,,,,,,
464990,2010/11,2011-01-31,Sinhalese Sports Club Ground,1,0.6,West Indies,Sri Lanka,CH Gayle,AB Barath,SL Malinga,2,0,,,,,,,,,
464990,2010/11,2011-01-31,Sinhalese Sports Club Ground,1,1.1,West Indies,Sri Lanka,AB Barath,CH Gayle,KMDN Kulasekara,0,0,,,,,,,,,
464990,2010/11,2011-01-31,Sinhalese Sports Club Ground,1,1.2,West Indies,Sri Lanka,AB Barath,CH Gayle,KMDN Kulasekara,0,0,,,,,,,,,
464990,2010/11,2011-01-31,Sinhalese Sports Club Ground,1,1.3,West Indies,Sri Lanka,AB Barath,CH Gayle,KMDN Kulasekara,0,0,,,,,,,,,
464990,2010/11,2011-01-31,Sinhalese Sports Club Ground,1,1.4,West Indies,Sri Lanka,AB Barath,CH Gayle,KMDN Kulasekara,0,0,,,,,,,,,
464990,2010/11,2011-01-31,Sinhalese Sports Club Ground,1,1.5,West Indies,Sri Lanka,AB Barath,CH Gayle,KMDN Kulasekara,0,0,,,,,,,,,
464990,2010/11,2011-01-31,Sinhalese Sports Club Ground,1,1.6,West Indies,Sri Lanka,AB Barath,CH Gayle,KMDN Kulasekara,0,0,,,,,,,,,
464990,2010/11,2011-01-31,Sinhalese Sports Club Ground,1,2.1,West Indies,Sri Lanka,CH Gayle,AB Barath,SL Malinga,0,0,,,,,,,,,
464990,2010/11,2011-01-31,Sinhalese Sports Club Ground,1,2.2,West Indies,Sri Lanka,CH Gayle,AB Barath,SL Malinga,0,1,1,,,,,,,,
464990,2010/11,2011-01-31,Sinhalese Sports Club Ground,1,2.3,West Indies,Sri Lanka,CH Gayle,AB Barath,SL Malinga,0,0,,,,,,,,,
464990,2010/11,2011-01-31,Sinhalese Sports Club Ground,1,2.4,West Indies,Sri Lanka,CH Gayle,AB Barath,SL Malinga,0,0,,,,,,,,,
464990,2010/11,2011-01-31,Sinhalese Sports Club Ground,1,2.5,West Indies,Sri Lanka,CH Gayle,AB Barath,SL Malinga,0,0,,,,,,,,,
464990,2010/11,2011-01-31,Sinhalese Sports Club Ground,1,2.6,West Indies,Sri Lanka,CH Gayle,AB Barath,SL Malinga,1,0,,,,,,,,,
464990,2010/11,2011-01-31,Sinhalese Sports Club Ground,1,2.7,West Indies,Sri Lanka,AB Barath,CH Gayle,SL Malinga,0,0,,,,,,,,,
464990,2010/11,2011-01-31,Sinhalese Sports Club Ground,1,3.1,West Indies,Sri Lanka,CH Gayle,AB Barath,KMDN Kulasekara,0,0,,,,,,,,,
464990,2010/11,2011-01-31,Sinhalese Sports Club Ground,1,3.2,West Indies,Sri Lanka,CH Gayle,AB Barath,KMDN Kulasekara,0,0,,,,,,caught,CH Gayle,,
464990,2010/11,2011-01-31,Sinhalese Sports Club Ground,1,3.3,West Indies,Sri Lanka,DM Bravo,AB Barath,KMDN Kulasekara,0,0,,,,,,,,,
464990,2010/11,2011-01-31,Sinhalese Sports Club Ground,1,3.4,West Indies,Sri Lanka,DM Bravo,AB Barath,KMDN Kulasekara,0,0,,,,,,,,,
464990,2010/11,2011-01-31,Sinhalese Sports Club Ground,1,3.5,West Indies,Sri Lanka,DM Bravo,AB Barath,KMDN Kulasekara,0,0,,,,,,,,,
464990,2010/11,2011-01-31,Sinhalese Sports Club Ground,1,3.6,West Indies,Sri Lanka,DM Bravo,AB Barath,KMDN Kulasekara,0,0,,,,,,,,,
464990,2010/11,2011-01-31,Sinhalese Sports Club Ground,1,4.1,West Indies,Sri Lanka,AB Barath,DM Bravo,SL Malinga,1,0,,,,,,,,,
464990,2010/11,2011-01-31,Sinhalese Sports Club Ground,1,4.2,West Indies,Sri Lanka,DM Bravo,AB Barath,SL Malinga,1,0,,,,,,,,,
464990,2010/11,2011-01-31,Sinhalese Sports Club Ground,1,4.3,West Indies,Sri Lanka,AB Barath,DM Bravo,SL Malinga,0,0,,,,,,,,,
464990,2010/11,2011-01-31,Sinhalese Sports Club Ground,1,4.4,West Indies,Sri Lanka,AB Barath,DM Bravo,SL Malinga,0,0,,,,,,,,,
464990,2010/11,2011-01-31,Sinhalese Sports Club Ground,1,4.5,West Indies,Sri Lanka,AB Barath,DM Bravo,SL Malinga,0,0,,,,,,,,,
464990,2010/11,2011-01-31,Sinhalese Sports Club Ground,1,4.6,West Indies,Sri Lanka,AB Barath,DM Bravo,SL Malinga,1,0,,,,,,,,,
464990,2010/11,2011-01-31,Sinhalese Sports Club Ground,1,5.1,West Indies,Sri Lanka,AB Barath,DM Bravo,KMDN Kulasekara,0,0,,,,,,,,,
464990,2010/11,2011-01-31,Sinhalese Sports Club Ground,1,5.2,West Indies,Sri Lanka,AB Barath,DM Bravo,KMDN Kulasekara,3,0,,,,,,,,,
464990,2010/11,2011-01-31,Sinhalese Sports Club Ground,1,5.3,West Indies,Sri Lanka,DM Bravo,AB Barath,KMDN Kulasekara,0,0,,,,,,,,,
464990,2010/11,2011-01-31,Sinhalese Sports Club Ground,1,5.4,West Indies,Sri Lanka,DM Bravo,AB Barath,KMDN Kulasekara,0,0,,,,,,,,,
464990,2010/11,2011-01-31,Sinhalese Sports Club Ground,1,5.5,West Indies,Sri Lanka,DM Bravo,AB Barath,KMDN Kulasekara,0,0,,,,,,,,,
464990,2010/11,2011-01-31,Sinhalese Sports Club Ground,1,5.6,West Indies,Sri Lanka,DM Bravo,AB Barath,KMDN Kulasekara,0,0,,,,,,,,,
464990,2010/11,2011-01-31,Sinhalese Sports Club Ground,1,6.1,West Indies,Sri Lanka,AB Barath,DM Bravo,SL Malinga,0,0,,,,,,,,,
464990,2010/11,2011-01-31,Sinhalese Sports Club Ground,1,6.2,West Indies,Sri Lanka,AB Barath,DM Bravo,SL Malinga,4,0,,,,,,,,,
464990,2010/11,2011-01-31,Sinhalese Sports Club Ground,1,6.3,West Indies,Sri Lanka,AB Barath,DM Bravo,SL Malinga,0,0,,,,,,,,,
464990,2010/11,2011-01-31,Sinhalese Sports Club Ground,1,6.4,West Indies,Sri Lanka,AB Barath,DM Bravo,SL Malinga,3,0,,,,,,,,,
464990,2010/11,2011-01-31,Sinhalese Sports Club Ground,1,6.5,West Indies,Sri Lanka,DM Bravo,AB Barath,SL Malinga,2,0,,,,,,,,,
464990,2010/11,2011-01-31,Sinhalese Sports Club Ground,1,6.6,West Indies,Sri Lanka,DM Bravo,AB Barath,SL Malinga,0,0,,,,,,,,,
464990,2010/11,2011-01-31,Sinhalese Sports Club Ground,1,7.1,West Indies,Sri Lanka,AB Barath,DM Bravo,KMDN Kulasekara,0,0,,,,,,,,,
464990,2010/11,2011-01-31,Sinhalese Sports Club Ground,1,7.2,West Indies,Sri Lanka,AB Barath,DM Bravo,KMDN Kulasekara,0,0,,,,,,,,,
464990,2010/11,2011-01-31,Sinhalese Sports Club Ground,1,7.3,West Indies,Sri Lanka,AB Barath,DM Bravo,KMDN Kulasekara,0,0,,,,,,,,,
464990,2010/11,2011-01-31,Sinhalese Sports Club Ground,1,7.4,West Indies,Sri Lanka,AB Barath,DM Bravo,KMDN Kulasekara,0,0,,,,,,,,,
464990,2010/11,2011-01-31,Sinhalese Sports Club Ground,1,7.5,West Indies,Sri Lanka,AB Barath,DM Bravo,KMDN Kulasekara,2,0,,,,,,,,,
464990,2010/11,2011-01-31,Sinhalese Sports Club Ground,1,7.6,West Indies,Sri Lanka,AB Barath,DM Bravo,KMDN Kulasekara,3,0,,,,,,,,,
464990,2010/11,2011-01-31,Sinhalese Sports Club Ground,1,8.1,West Indies,Sri Lanka,AB Barath,DM Bravo,AD Mathews,0,0,,,,,,,,,
464990,2010/11,2011-01-31,Sinhalese Sports Club Ground,1,8.2,West Indies,Sri Lanka,AB Barath,DM Bravo,AD Mathews,0,0,,,,,,,,,
464990,2010/11,2011-01-31,Sinhalese Sports Club Ground,1,8.3,West Indies,Sri Lanka,AB Barath,DM Bravo,AD Mathews,0,0,,,,,,,,,
464990,2010/11,2011-01-31,Sinhalese Sports Club Ground,1,8.4,West Indies,Sri Lanka,AB Barath,DM Bravo,AD Mathews,0,0,,,,,,,,,
464990,2010/11,2011-01-31,Sinhalese Sports Club Ground,1,8.5,West Indies,Sri Lanka,AB Barath,DM Bravo,AD Mathews,4,0,,,,,,,,,
464990,2010/11,2011-01-31,Sinhalese Sports Club Ground,1,8.6,West Indies,Sri Lanka,AB Barath,DM Bravo,AD Mathews,0,0,,,,,,,,,
464990,2010/11,2011-01-31,Sinhalese Sports Club Ground,1,9.1,West Indies,Sri Lanka,DM Bravo,AB Barath,KMDN Kulasekara,0,0,,,,,,,,,
464990,2010/11,2011-01-31,Sinhalese Sports Club Ground,1,9.2,West Indies,Sri Lanka,DM Bravo,AB Barath,KMDN Kulasekara,1,0,,,,,,,,,
464990,2010/11,2011-01-31,Sinhalese Sports Club Ground,1,9.3,West Indies,Sri Lanka,AB Barath,DM Bravo,KMDN Kulasekara,0,0,,,,,,,,,
464990,2010/11,2011-01-31,Sinhalese Sports Club Ground,1,9.4,West Indies,Sri Lanka,AB Barath,DM Bravo,KMDN Kulasekara,0,0,,,,,,,,,
464990,2010/11,2011-01-31,Sinhalese Sports Club Ground,1,9.5,West Indies,Sri Lanka,AB Barath,DM Bravo,KMDN Kulasekara,1,0,,,,,,,,,
464990,2010/11,2011-01-31,Sinhalese Sports Club Ground,1,9.6,West Indies,Sri Lanka,DM Bravo,AB Barath,KMDN Kulasekara,0,0,,,,,,,,,
464990,2010/11,2011-01-31,Sinhalese Sports Club Ground,1,10.1,West Indies,Sri Lanka,AB Barath,DM Bravo,AD Mathews,0,0,,,,,,,,,
464990,2010/11,2011-01-31,Sinhalese Sports Club Ground,1,10.2,West Indies,Sri Lanka,AB Barath,DM Bravo,AD Mathews,4,0,,,,,,,,,
464990,2010/11,2011-01-31,Sinhalese Sports Club Ground,1,10.3,West Indies,Sri Lanka,AB Barath,DM Bravo,AD Mathews,1,0,,,,,,,,,
464990,2010/11,2011-01-31,Sinhalese Sports Club Ground,1,10.4,West Indies,Sri Lanka,DM Bravo,AB Barath,AD Mathews,0,0,,,,,,,,,
464990,2010/11,2011-01-31,Sinhalese Sports Club Ground,1,10.5,West Indies,Sri Lanka,DM Bravo,AB Barath,AD Mathews,2,0,,,,,,,,,
464990,2010/11,2011-01-31,Sinhalese Sports Club Ground,1,10.6,West Indies,Sri Lanka,DM Bravo,AB Barath,AD Mathews,1,0,,,,,,,,,
464990,2010/11,2011-01-31,Sinhalese Sports Club Ground,1,11.1,West Indies,Sri Lanka,DM Bravo,AB Barath,KMDN Kulasekara,1,0,,,,,,,,,
464990,2010/11,2011-01-31,Sinhalese Sports Club Ground,1,11.2,West Indies,Sri Lanka,AB Barath,DM Bravo,KMDN Kulasekara,1,0,,,,,,,,,
464990,2010/11,2011-01-31,Sinhalese Sports Club Ground,1,11.3,West Indies,Sri Lanka,DM Bravo,AB Barath,KMDN Kulasekara,0,0,,,,,,,,,
464990,2010/11,2011-01-31,Sinhalese Sports Club Ground,1,11.4,West Indies,Sri Lanka,DM Bravo,AB Barath,KMDN Kulasekara,0,0,,,,,,,,,
464990,2010/11,2011-01-31,Sinhalese Sports Club Ground,1,11.5,West Indies,Sri Lanka,DM Bravo,AB Barath,KMDN Kulasekara,0,0,,,,,,,,,
464990,2010/11,2011-01-31,Sinhalese Sports Club Ground,1,11.6,West Indies,Sri Lanka,DM Bravo,AB Barath,KMDN Kulasekara,0,0,,,,,,,,,
464990,2010/11,2011-01-31,Sinhalese Sports Club Ground,1,12.1,West Indies,Sri Lanka,AB Barath,DM Bravo,M Muralitharan,0,0,,,,,,,,,
464990,2010/11,2011-01-31,Sinhalese Sports Club Ground,1,12.2,West Indies,Sri Lanka,AB Barath,DM Bravo,M Muralitharan,0,0,,,,,,,,,
464990,2010/11,2011-01-31,Sinhalese Sports Club Ground,1,12.3,West Indies,Sri Lanka,AB Barath,DM Bravo,M Muralitharan,0,0,,,,,,,,,
464990,2010/11,2011-01-31,Sinhalese Sports Club Ground,1,12.4,West Indies,Sri Lanka,AB Barath,DM Bravo,M Muralitharan,0,0,,,,,,run out,DM Bravo,,
464990,2010/11,2011-01-31,Sinhalese Sports Club Ground,1,12.5,West Indies,Sri Lanka,AB Barath,RR Sarwan,M Muralitharan,3,0,,,,,,,,,
464990,2010/11,2011-01-31,Sinhalese Sports Club Ground,1,12.6,West Indies,Sri Lanka,RR Sarwan,AB Barath,M Muralitharan,0,0,,,,,,,,,
464990,2010/11,2011-01-31,Sinhalese Sports Club Ground,1,13.1,West Indies,Sri Lanka,AB Barath,RR Sarwan,KMDN Kulasekara,0,0,,,,,,,,,
464990,2010/11,2011-01-31,Sinhalese Sports Club Ground,1,13.2,West Indies,Sri Lanka,AB Barath,RR Sarwan,KMDN Kulasekara,0,1,,,,1,,,,,
464990,2010/11,2011-01-31,Sinhalese Sports Club Ground,1,13.3,West Indies,Sri Lanka,RR Sarwan,AB Barath,KMDN Kulasekara,0,0,,,,,,,,,
464990,2010/11,2011-01-31,Sinhalese Sports Club Ground,1,13.4,West Indies,Sri Lanka,RR Sarwan,AB Barath,KMDN Kulasekara,0,0,,,,,,,,,
464990,2010/11,2011-01-31,Sinhalese Sports Club Ground,1,13.5,West Indies,Sri Lanka,RR Sarwan,AB Barath,KMDN Kulasekara,0,0,,,,,,,,,
464990,2010/11,2011-01-31,Sinhalese Sports Club Ground,1,13.6,West Indies,Sri Lanka,RR Sarwan,AB Barath,KMDN Kulasekara,1,0,,,,,,,,,
464990,2010/11,2011-01-31,Sinhalese Sports Club Ground,1,14.1,West Indies,Sri Lanka,RR Sarwan,AB Barath,M Muralitharan,1,0,,,,,,,,,
464990,2010/11,2011-01-31,Sinhalese Sports Club Ground,1,14.2,West Indies,Sri Lanka,AB Barath,RR Sarwan,M Muralitharan,0,0,,,,,,,,,
464990,2010/11,2011-01-31,Sinhalese Sports Club Ground,1,14.3,West Indies,Sri Lanka,AB Barath,RR Sarwan,M Muralitharan,4,0,,,,,,,,,
464990,2010/11,2011-01-31,Sinhalese Sports Club Ground,1,14.4,West Indies,Sri Lanka,AB Barath,RR Sarwan,M Muralitharan,0,0,,,,,,,,,
464990,2010/11,2011-01-31,Sinhalese Sports Club Ground,1,14.5,West Indies,Sri Lanka,AB Barath,RR Sarwan,M Muralitharan,1,0,,,,,,,,,
464990,2010/11,2011-01-31,Sinhalese Sports Club Ground,1,14.6,West Indies,Sri Lanka,RR Sarwan,AB Barath,M Muralitharan,1,0,,,,,,,,,
464990,2010/11,2011-01-31,Sinhalese Sports Club Ground,1,15.1,West Indies,Sri Lanka,RR Sarwan,AB Barath,AD Mathews,1,0,,,,,,,,,
464990,2010/11,2011-01-31,Sinhalese Sports Club Ground,1,15.2,West Indies,Sri Lanka,AB Barath,RR Sarwan,AD Mathews,0,0,,,,,,,,,
464990,2010/11,2011-01-31,Sinhalese Sports Club Ground,1,15.3,West Indies,Sri Lanka,AB Barath,RR Sarwan,AD Mathews,1,0,,,,,,,,,
464990,2010/11,2011-01-31,Sinhalese Sports Club Ground,1,15.4,West Indies,Sri Lanka,RR Sarwan,AB Barath,AD Mathews,0,0,,,,,,,,,
464990,2010/11,2011-01-31,Sinhalese Sports Club Ground,1,15.5,West Indies,Sri Lanka,RR Sarwan,AB Barath,AD Mathews,0,0,,,,,,,,,
464990,2010/11,2011-01-31,Sinhalese Sports Club Ground,1,15.6,West Indies,Sri Lanka,RR Sarwan,AB Barath,AD Mathews,0,0,,,,,,,,,
464990,2010/11,2011-01-31,Sinhalese Sports Club Ground,1,16.1,West Indies,Sri Lanka,AB Barath,RR Sarwan,M Muralitharan,1,0,,,,,,,,,
464990,2010/11,2011-01-31,Sinhalese Sports Club Ground,1,16.2,West Indies,Sri Lanka,RR Sarwan,AB Barath,M Muralitharan,0,0,,,,,,,,,
464990,2010/11,2011-01-31,Sinhalese Sports Club Ground,1,16.3,West Indies,Sri Lanka,RR Sarwan,AB Barath,M Muralitharan,0,0,,,,,,,,,
464990,2010/11,2011-01-31,Sinhalese Sports Club Ground,1,16.4,West Indies,Sri Lanka,RR Sarwan,AB Barath,M Muralitharan,1,0,,,,,,,,,
464990,2010/11,2011-01-31,Sinhalese Sports Club Ground,1,16.5,West Indies,Sri Lanka,AB Barath,RR Sarwan,M Muralitharan,2,0,,,,,,,,,
464990,2010/11,2011-01-31,Sinhalese Sports Club Ground,1,16.6,West Indies,Sri Lanka,AB Barath,RR Sarwan,M Muralitharan,0,0,,,,,,,,,
464990,2010/11,2011-01-31,Sinhalese Sports Club Ground,1,17.1,West Indies,Sri Lanka,RR Sarwan,AB Barath,AD Mathews,1,0,,,,,,,,,
464990,2010/11,2011-01-31,Sinhalese Sports Club Ground,1,17.2,West Indies,Sri Lanka,AB Barath,RR Sarwan,AD Mathews,0,0,,,,,,,,,
464990,2010/11,2011-01-31,Sinhalese Sports Club Ground,1,17.3,West Indies,Sri Lanka,AB Barath,RR Sarwan,AD Mathews,0,0,,,,,,,,,
464990,2010/11,2011-01-31,Sinhalese Sports Club Ground,1,17.4,West Indies,Sri Lanka,AB Barath,RR Sarwan,AD Mathews,0,0,,,,,,,,,
464990,2010/11,2011-01-31,Sinhalese Sports Club Ground,1,17.5,West Indies,Sri Lanka,AB Barath,RR Sarwan,AD Mathews,0,0,,,,,,,,,
464990,2010/11,2011-01-31,Sinhalese Sports Club Ground,1,17.6,West Indies,Sri Lanka,AB Barath,RR Sarwan,AD Mathews,1,0,,,,,,,,,
464990,2010/11,2011-01-31,Sinhalese Sports Club Ground,1,18.1,West Indies,Sri Lanka,AB Barath,RR Sarwan,BAW Mendis,0,0,,,,,,,,,
464990,2010/11,2011-01-31,Sinhalese Sports Club Ground,1,18.2,West Indies,Sri Lanka,AB Barath,RR Sarwan,BAW Mendis,1,0,,,,,,,,,
464990,2010/11,2011-01-31,Sinhalese Sports Club Ground,1,18.3,West Indies,Sri Lanka,RR Sarwan,AB Barath,BAW Mendis,0,0,,,,,,,,,
464990,2010/11,2011-01-31,Sinhalese Sports Club Ground,1,18.4,West Indies,Sri Lanka,RR Sarwan,AB Barath,BAW Mendis,1,0,,,,,,,,,
464990,2010/11,2011-01-31,Sinhalese Sports Club Ground,1,18.5,West Indies,Sri Lanka,AB Barath,RR Sarwan,BAW Mendis,1,0,,,,,,,,,
464990,2010/11,2011-01-31,Sinhalese Sports Club Ground,1,18.6,West Indies,Sri Lanka,RR Sarwan,AB Barath,BAW Mendis,1,0,,,,,,,,,
464990,2010/11,2011-01-31,Sinhalese Sports Club Ground,1,19.1,West Indies,Sri Lanka,RR Sarwan,AB Barath,AD Mathews,3,0,,,,,,,,,
464990,2010/11,2011-01-31,Sinhalese Sports Club Ground,1,19.2,West Indies,Sri Lanka,AB Barath,RR Sarwan,AD Mathews,1,0,,,,,,,,,
464990,2010/11,2011-01-31,Sinhalese Sports Club Ground,1,19.3,West Indies,Sri Lanka,RR Sarwan,AB Barath,AD Mathews,1,0,,,,,,,,,
464990,2010/11,2011-01-31,Sinhalese Sports Club Ground,1,19.4,West Indies,Sri Lanka,AB Barath,RR Sarwan,AD Mathews,1,0,,,,,,,,,
464990,2010/11,2011-01-31,Sinhalese Sports Club Ground,1,19.5,West Indies,Sri Lanka,RR Sarwan,AB Barath,AD Mathews,0,0,,,,,,,,,
464990,2010/11,2011-01-31,Sinhalese Sports Club Ground,1,19.6,West Indies,Sri Lanka,RR Sarwan,AB Barath,AD Mathews,1,0,,,,,,,,,
464990,2010/11,2011-01-31,Sinhalese Sports Club Ground,1,20.1,West Indies,Sri Lanka,RR Sarwan,AB Barath,BAW Mendis,1,0,,,,,,,,,
464990,2010/11,2011-01-31,Sinhalese Sports Club Ground,1,20.2,West Indies,Sri Lanka,AB Barath,RR Sarwan,BAW Mendis,1,0,,,,,,,,,
464990,2010/11,2011-01-31,Sinhalese Sports Club Ground,1,20.3,West Indies,Sri Lanka,RR Sarwan,AB Barath,BAW Mendis,2,0,,,,,,,,,
464990,2010/11,2011-01-31,Sinhalese Sports Club Ground,1,20.4,West Indies,Sri Lanka,RR Sarwan,AB Barath,BAW Mendis,0,0,,,,,,,,,
464990,2010/11,2011-01-31,Sinhalese Sports Club Ground,1,20.5,West Indies,Sri Lanka,RR Sarwan,AB Barath,BAW Mendis,0,0,,,,,,,,,
464990,2010/11,2011-01-31,Sinhalese Sports Club Ground,1,20.6,West Indies,Sri Lanka,RR Sarwan,AB Barath,BAW Mendis,0,0,,,,,,,,,
464990,2010/11,2011-01-31,Sinhalese Sports Club Ground,1,21.1,West Indies,Sri Lanka,AB Barath,RR Sarwan,AD Mathews,1,0,,,,,,,,,
464990,2010/11,2011-01-31,Sinhalese Sports Club Ground,1,21.2,West Indies,Sri Lanka,RR Sarwan,AB Barath,AD Mathews,1,0,,,,,,,,,
464990,2010/11,2011-01-31,Sinhalese Sports Club Ground,1,21.3,West Indies,Sri Lanka,AB Barath,RR Sarwan,AD Mathews,0,0,,,,,,,,,
464990,2010/11,2011-01-31,Sinhalese Sports Club Ground,1,21.4,West Indies,Sri Lanka,AB Barath,RR Sarwan,AD Mathews,1,0,,,,,,,,,
464990,2010/11,2011-01-31,Sinhalese Sports Club Ground,1,21.5,West Indies,Sri Lanka,RR Sarwan,AB Barath,AD Mathews,0,0,,,,,,,,,
464990,2010/11,2011-01-31,Sinhalese Sports Club Ground,1,21.6,West Indies,Sri Lanka,RR Sarwan,AB Barath,AD Mathews,1,0,,,,,,,,,
464990,2010/11,2011-01-31,Sinhalese Sports Club Ground,1,22.1,West Indies,Sri Lanka,RR Sarwan,AB Barath,BAW Mendis,6,0,,,,,,,,,
464990,2010/11,2011-01-31,Sinhalese Sports Club Ground,1,22.2,West Indies,Sri Lanka,RR Sarwan,AB Barath,BAW Mendis,0,0,,,,,,,,,
464990,2010/11,2011-01-31,Sinhalese Sports Club Ground,1,22.3,West Indies,Sri Lanka,RR Sarwan,AB Barath,BAW Mendis,1,0,,,,,,,,,
464990,2010/11,2011-01-31,Sinhalese Sports Club Ground,1,22.4,West Indies,Sri Lanka,AB Barath,RR Sarwan,BAW Mendis,2,0,,,,,,,,,
464990,2010/11,2011-01-31,Sinhalese Sports Club Ground,1,22.5,West Indies,Sri Lanka,AB Barath,RR Sarwan,BAW Mendis,0,0,,,,,,,,,
464990,2010/11,2011-01-31,Sinhalese Sports Club Ground,1,22.6,West Indies,Sri Lanka,AB Barath,RR Sarwan,BAW Mendis,1,0,,,,,,,,,
464990,2010/11,2011-01-31,Sinhalese Sports Club Ground,1,23.1,West Indies,Sri Lanka,AB Barath,RR Sarwan,CK Kapugedera,1,0,,,,,,,,,
464990,2010/11,2011-01-31,Sinhalese Sports Club Ground,1,23.2,West Indies,Sri Lanka,RR Sarwan,AB Barath,CK Kapugedera,1,0,,,,,,,,,
464990,2010/11,2011-01-31,Sinhalese Sports Club Ground,1,23.3,West Indies,Sri Lanka,AB Barath,RR Sarwan,CK Kapugedera,0,0,,,,,,,,,
464990,2010/11,2011-01-31,Sinhalese Sports Club Ground,1,23.4,West Indies,Sri Lanka,AB Barath,RR Sarwan,CK Kapugedera,1,0,,,,,,,,,
464990,2010/11,2011-01-31,Sinhalese Sports Club Ground,1,23.5,West Indies,Sri Lanka,RR Sarwan,AB Barath,CK Kapugedera,1,0,,,,,,,,,
464990,2010/11,2011-01-31,Sinhalese Sports Club Ground,1,23.6,West Indies,Sri Lanka,AB Barath,RR Sarwan,CK Kapugedera,0,0,,,,,,,,,
464990,2010/11,2011-01-31,Sinhalese Sports Club Ground,1,24.1,West Indies,Sri Lanka,RR Sarwan,AB Barath,BAW Mendis,0,0,,,,,,,,,
464990,2010/11,2011-01-31,Sinhalese Sports Club Ground,1,24.2,West Indies,Sri Lanka,RR Sarwan,AB Barath,BAW Mendis,1,0,,,,,,,,,
464990,2010/11,2011-01-31,Sinhalese Sports Club Ground,1,24.3,West Indies,Sri Lanka,AB Barath,RR Sarwan,BAW Mendis,0,0,,,,,,,,,
464990,2010/11,2011-01-31,Sinhalese Sports Club Ground,1,24.4,West Indies,Sri Lanka,AB Barath,RR Sarwan,BAW Mendis,0,0,,,,,,,,,
464990,2010/11,2011-01-31,Sinhalese Sports Club Ground,1,24.5,West Indies,Sri Lanka,AB Barath,RR Sarwan,BAW Mendis,0,0,,,,,,,,,
464990,2010/11,2011-01-31,Sinhalese Sports Club Ground,1,24.6,West Indies,Sri Lanka,AB Barath,RR Sarwan,BAW Mendis,1,0,,,,,,,,,
464990,2010/11,2011-01-31,Sinhalese Sports Club Ground,1,25.1,West Indies,Sri Lanka,AB Barath,RR Sarwan,CK Kapugedera,4,0,,,,,,,,,
464990,2010/11,2011-01-31,Sinhalese Sports Club Ground,1,25.2,West Indies,Sri Lanka,AB Barath,RR Sarwan,CK Kapugedera,1,0,,,,,,,,,
464990,2010/11,2011-01-31,Sinhalese Sports Club Ground,1,25.3,West Indies,Sri Lanka,RR Sarwan,AB Barath,CK Kapugedera,0,0,,,,,,,,,
464990,2010/11,2011-01-31,Sinhalese Sports Club Ground,1,25.4,West Indies,Sri Lanka,RR Sarwan,AB Barath,CK Kapugedera,0,0,,,,,,,,,
464990,2010/11,2011-01-31,Sinhalese Sports Club Ground,1,25.5,West Indies,Sri Lanka,RR Sarwan,AB Barath,CK Kapugedera,1,0,,,,,,,,,
464990,2010/11,2011-01-31,Sinhalese Sports Club Ground,1,25.6,West Indies,Sri Lanka,AB Barath,RR Sarwan,CK Kapugedera,1,0,,,,,,,,,
464990,2010/11,2011-01-31,Sinhalese Sports Club Ground,1,26.1,West Indies,Sri Lanka,AB Barath,RR Sarwan,BAW Mendis,0,0,,,,,,,,,
464990,2010/11,2011-01-31,Sinhalese Sports Club Ground,1,26.2,West Indies,Sri Lanka,AB Barath,RR Sarwan,BAW Mendis,1,0,,,,,,,,,
464990,2010/11,2011-01-31,Sinhalese Sports Club Ground,1,26.3,West Indies,Sri Lanka,RR Sarwan,AB Barath,BAW Mendis,1,0,,,,,,,,,
464990,2010/11,2011-01-31,Sinhalese Sports Club Ground,1,26.4,West Indies,Sri Lanka,AB Barath,RR Sarwan,BAW Mendis,1,0,,,,,,,,,
464990,2010/11,2011-01-31,Sinhalese Sports Club Ground,1,26.5,West Indies,Sri Lanka,RR Sarwan,AB Barath,BAW Mendis,0,0,,,,,,,,,
464990,2010/11,2011-01-31,Sinhalese Sports Club Ground,1,26.6,West Indies,Sri Lanka,RR Sarwan,AB Barath,BAW Mendis,1,0,,,,,,,,,
464990,2010/11,2011-01-31,Sinhalese Sports Club Ground,1,27.1,West Indies,Sri Lanka,RR Sarwan,AB Barath,TM Dilshan,1,0,,,,,,,,,
464990,2010/11,2011-01-31,Sinhalese Sports Club Ground,1,27.2,West Indies,Sri Lanka,AB Barath,RR Sarwan,TM Dilshan,1,0,,,,,,,,,
464990,2010/11,2011-01-31,Sinhalese Sports Club Ground,1,27.3,West Indies,Sri Lanka,RR Sarwan,AB Barath,TM Dilshan,3,0,,,,,,,,,
464990,2010/11,2011-01-31,Sinhalese Sports Club Ground,1,27.4,West Indies,Sri Lanka,AB Barath,RR Sarwan,TM Dilshan,0,0,,,,,,,,,
464990,2010/11,2011-01-31,Sinhalese Sports Club Ground,1,27.5,West Indies,Sri Lanka,AB Barath,RR Sarwan,TM Dilshan,1,0,,,,,,,,,
464990,2010/11,2011-01-31,Sinhalese Sports Club Ground,1,27.6,West Indies,Sri Lanka,RR Sarwan,AB Barath,TM Dilshan,1,0,,,,,,,,,
464990,2010/11,2011-01-31,Sinhalese Sports Club Ground,1,28.1,West Indies,Sri Lanka,RR Sarwan,AB Barath,M Muralitharan,0,0,,,,,,,,,
464990,2010/11,2011-01-31,Sinhalese Sports Club Ground,1,28.2,West Indies,Sri Lanka,RR Sarwan,AB Barath,M Muralitharan,1,0,,,,,,,,,
464990,2010/11,2011-01-31,Sinhalese Sports Club Ground,1,28.3,West Indies,Sri Lanka,AB Barath,RR Sarwan,M Muralitharan,3,0,,,,,,,,,
464990,2010/11,2011-01-31,Sinhalese Sports Club Ground,1,28.4,West Indies,Sri Lanka,RR Sarwan,AB Barath,M Muralitharan,0,0,,,,,,,,,
464990,2010/11,2011-01-31,Sinhalese Sports Club Ground,1,28.5,West Indies,Sri Lanka,RR Sarwan,AB Barath,M Muralitharan,0,0,,,,,,,,,
464990,2010/11,2011-01-31,Sinhalese Sports Club Ground,1,28.6,West Indies,Sri Lanka,RR Sarwan,AB Barath,M Muralitharan,4,0,,,,,,,,,
464990,2010/11,2011-01-31,Sinhalese Sports Club Ground,1,29.1,West Indies,Sri Lanka,AB Barath,RR Sarwan,TM Dilshan,1,0,,,,,,,,,
464990,2010/11,2011-01-31,Sinhalese Sports Club Ground,1,29.2,West Indies,Sri Lanka,RR Sarwan,AB Barath,TM Dilshan,2,0,,,,,,,,,
464990,2010/11,2011-01-31,Sinhalese Sports Club Ground,1,29.3,West Indies,Sri Lanka,RR Sarwan,AB Barath,TM Dilshan,1,0,,,,,,,,,
464990,2010/11,2011-01-31,Sinhalese Sports Club Ground,1,29.4,West Indies,Sri Lanka,AB Barath,RR Sarwan,TM Dilshan,1,0,,,,,,,,,
464990,2010/11,2011-01-31,Sinhalese Sports Club Ground,1,29.5,West Indies,Sri Lanka,RR Sarwan,AB Barath,TM Dilshan,1,0,,,,,,,,,
464990,2010/11,2011-01-31,Sinhalese Sports Club Ground,1,29.6,West Indies,Sri Lanka,AB Barath,RR Sarwan,TM Dilshan,6,0,,,,,,,,,
464990,2010/11,2011-01-31,Sinhalese Sports Club Ground,1,30.1,West Indies,Sri Lanka,RR Sarwan,AB Barath,M Muralitharan,0,0,,,,,,,,,
464990,2010/11,2011-01-31,Sinhalese Sports Club Ground,1,30.2,West Indies,Sri Lanka,RR Sarwan,AB Barath,M Muralitharan,0,0,,,,,,,,,
464990,2010/11,2011-01-31,Sinhalese Sports Club Ground,1,30.3,West Indies,Sri Lanka,RR Sarwan,AB Barath,M Muralitharan,1,0,,,,,,,,,
464990,2010/11,2011-01-31,Sinhalese Sports Club Ground,1,30.4,West Indies,Sri Lanka,AB Barath,RR Sarwan,M Muralitharan,0,0,,,,,,,,,
464990,2010/11,2011-01-31,Sinhalese Sports Club Ground,1,30.5,West Indies,Sri Lanka,AB Barath,RR Sarwan,M Muralitharan,0,0,,,,,,,,,
464990,2010/11,2011-01-31,Sinhalese Sports Club Ground,1,30.6,West Indies,Sri Lanka,AB Barath,RR Sarwan,M Muralitharan,1,0,,,,,,,,,
464990,2010/11,2011-01-31,Sinhalese Sports Club Ground,1,31.1,West Indies,Sri Lanka,AB Barath,RR Sarwan,AD Mathews,1,0,,,,,,,,,
464990,2010/11,2011-01-31,Sinhalese Sports Club Ground,1,31.2,West Indies,Sri Lanka,RR Sarwan,AB Barath,AD Mathews,1,0,,,,,,,,,
464990,2010/11,2011-01-31,Sinhalese Sports Club Ground,1,31.3,West Indies,Sri Lanka,AB Barath,RR Sarwan,AD Mathews,0,0,,,,,,,,,
464990,2010/11,2011-01-31,Sinhalese Sports Club Ground,1,31.4,West Indies,Sri Lanka,AB Barath,RR Sarwan,AD Mathews,0,0,,,,,,,,,
464990,2010/11,2011-01-31,Sinhalese Sports Club Ground,1,31.5,West Indies,Sri Lanka,AB Barath,RR Sarwan,AD Mathews,0,0,,,,,,,,,
464990,2010/11,2011-01-31,Sinhalese Sports Club Ground,1,31.6,West Indies,Sri Lanka,AB Barath,RR Sarwan,AD Mathews,6,0,,,,,,,,,
464990,2010/11,2011-01-31,Sinhalese Sports Club Ground,1,32.1,West Indies,Sri Lanka,RR Sarwan,AB Barath,M Muralitharan,1,0,,,,,,,,,
464990,2010/11,2011-01-31,Sinhalese Sports Club Ground,1,32.2,West Indies,Sri Lanka,AB Barath,RR Sarwan,M Muralitharan,1,0,,,,,,,,,
464990,2010/11,2011-01-31,Sinhalese Sports Club Ground,1,32.3,West Indies,Sri Lanka,RR Sarwan,AB Barath,M Muralitharan,0,0,,,,,,,,,
464990,2010/11,2011-01-31,Sinhalese Sports Club Ground,1,32.4,West Indies,Sri Lanka,RR Sarwan,AB Barath,M Muralitharan,0,0,,,,,,,,,
464990,2010/11,2011-01-31,Sinhalese Sports Club Ground,1,32.5,West Indies,Sri Lanka,RR Sarwan,AB Barath,M Muralitharan,0,0,,,,,,,,,
464990,2010/11,2011-01-31,Sinhalese Sports Club Ground,1,32.6,West Indies,Sri Lanka,RR Sarwan,AB Barath,M Muralitharan,0,0,,,,,,,,,
464990,2010/11,2011-01-31,Sinhalese Sports Club Ground,1,33.1,West Indies,Sri Lanka,AB Barath,RR Sarwan,SL Malinga,1,0,,,,,,,,,
464990,2010/11,2011-01-31,Sinhalese Sports Club Ground,1,33.2,West Indies,Sri Lanka,RR Sarwan,AB Barath,SL Malinga,0,0,,,,,,,,,
464990,2010/11,2011-01-31,Sinhalese Sports Club Ground,1,33.3,West Indies,Sri Lanka,RR Sarwan,AB Barath,SL Malinga,1,0,,,,,,,,,
464990,2010/11,2011-01-31,Sinhalese Sports Club Ground,1,33.4,West Indies,Sri Lanka,AB Barath,RR Sarwan,SL Malinga,2,0,,,,,,,,,
464990,2010/11,2011-01-31,Sinhalese Sports Club Ground,1,33.5,West Indies,Sri Lanka,AB Barath,RR Sarwan,SL Malinga,0,0,,,,,,,,,
464990,2010/11,2011-01-31,Sinhalese Sports Club Ground,1,33.6,West Indies,Sri Lanka,AB Barath,RR Sarwan,SL Malinga,1,0,,,,,,,,,
464990,2010/11,2011-01-31,Sinhalese Sports Club Ground,1,34.1,West Indies,Sri Lanka,AB Barath,RR Sarwan,M Muralitharan,0,0,,,,,,,,,
464990,2010/11,2011-01-31,Sinhalese Sports Club Ground,1,34.2,West Indies,Sri Lanka,AB Barath,RR Sarwan,M Muralitharan,0,0,,,,,,,,,
464990,2010/11,2011-01-31,Sinhalese Sports Club Ground,1,34.3,West Indies,Sri Lanka,AB Barath,RR Sarwan,M Muralitharan,0,0,,,,,,,,,
464990,2010/11,2011-01-31,Sinhalese Sports Club Ground,1,34.4,West Indies,Sri Lanka,AB Barath,RR Sarwan,M Muralitharan,0,1,,,,1,,,,,
464990,2010/11,2011-01-31,Sinhalese Sports Club Ground,1,34.5,West Indies,Sri Lanka,RR Sarwan,AB Barath,M Muralitharan,0,0,,,,,,,,,
464990,2010/11,2011-01-31,Sinhalese Sports Club Ground,1,34.6,West Indies,Sri Lanka,RR Sarwan,AB Barath,M Muralitharan,1,0,,,,,,,,,
464990,2010/11,2011-01-31,Sinhalese Sports Club Ground,1,35.1,West Indies,Sri Lanka,RR Sarwan,AB Barath,BAW Mendis,0,0,,,,,,,,,
464990,2010/11,2011-01-31,Sinhalese Sports Club Ground,1,35.2,West Indies,Sri Lanka,RR Sarwan,AB Barath,BAW Mendis,1,0,,,,,,,,,
464990,2010/11,2011-01-31,Sinhalese Sports Club Ground,1,35.3,West Indies,Sri Lanka,AB Barath,RR Sarwan,BAW Mendis,1,0,,,,,,,,,
464990,2010/11,2011-01-31,Sinhalese Sports Club Ground,1,35.4,West Indies,Sri Lanka,RR Sarwan,AB Barath,BAW Mendis,0,0,,,,,,,,,
464990,2010/11,2011-01-31,Sinhalese Sports Club Ground,1,35.5,West Indies,Sri Lanka,RR Sarwan,AB Barath,BAW Mendis,4,0,,,,,,,,,
464990,2010/11,2011-01-31,Sinhalese Sports Club Ground,1,35.6,West Indies,Sri Lanka,RR Sarwan,AB Barath,BAW Mendis,1,0,,,,,,,,,
464990,2010/11,2011-01-31,Sinhalese Sports Club Ground,1,36.1,West Indies,Sri Lanka,RR Sarwan,AB Barath,M Muralitharan,1,0,,,,,,,,,
464990,2010/11,2011-01-31,Sinhalese Sports Club Ground,1,36.2,West Indies,Sri Lanka,AB Barath,RR Sarwan,M Muralitharan,0,0,,,,,,,,,
464990,2010/11,2011-01-31,Sinhalese Sports Club Ground,1,36.3,West Indies,Sri Lanka,AB Barath,RR Sarwan,M Muralitharan,1,0,,,,,,,,,
464990,2010/11,2011-01-31,Sinhalese Sports Club Ground,1,36.4,West Indies,Sri Lanka,RR Sarwan,AB Barath,M Muralitharan,0,0,,,,,,,,,
464990,2010/11,2011-01-31,Sinhalese Sports Club Ground,1,36.5,West Indies,Sri Lanka,RR Sarwan,AB Barath,M Muralitharan,0,0,,,,,,,,,
464990,2010/11,2011-01-31,Sinhalese Sports Club Ground,1,36.6,West Indies,Sri Lanka,RR Sarwan,AB Barath,M Muralitharan,1,0,,,,,,,,,
464990,2010/11,2011-01-31,Sinhalese Sports Club Ground,1,37.1,West Indies,Sri Lanka,RR Sarwan,AB Barath,BAW Mendis,0,0,,,,,,,,,
464990,2010/11,2011-01-31,Sinhalese Sports Club Ground,1,37.2,West Indies,Sri Lanka,RR Sarwan,AB Barath,BAW Mendis,1,0,,,,,,,,,
464990,2010/11,2011-01-31,Sinhalese Sports Club Ground,1,37.3,West Indies,Sri Lanka,AB Barath,RR Sarwan,BAW Mendis,1,0,,,,,,,,,
464990,2010/11,2011-01-31,Sinhalese Sports Club Ground,1,37.4,West Indies,Sri Lanka,RR Sarwan,AB Barath,BAW Mendis,0,0,,,,,,,,,
464990,2010/11,2011-01-31,Sinhalese Sports Club Ground,1,37.5,West Indies,Sri Lanka,RR Sarwan,AB Barath,BAW Mendis,1,0,,,,,,,,,
464990,2010/11,2011-01-31,Sinhalese Sports Club Ground,1,37.6,West Indies,Sri Lanka,AB Barath,RR Sarwan,BAW Mendis,0,1,1,,,,,,,,
464990,2010/11,2011-01-31,Sinhalese Sports Club Ground,1,37.7,West Indies,Sri Lanka,AB Barath,RR Sarwan,BAW Mendis,0,0,,,,,,,,,
464990,2010/11,2011-01-31,Sinhalese Sports Club Ground,1,38.1,West Indies,Sri Lanka,RR Sarwan,AB Barath,SL Malinga,0,0,,,,,,,,,
464990,2010/11,2011-01-31,Sinhalese Sports Club Ground,1,38.2,West Indies,Sri Lanka,RR Sarwan,AB Barath,SL Malinga,0,0,,,,,,,,,
464990,2010/11,2011-01-31,Sinhalese Sports Club Ground,1,38.3,West Indies,Sri Lanka,RR Sarwan,AB Barath,SL Malinga,4,0,,,,,,,,,
464990,2010/11,2011-01-31,Sinhalese Sports Club Ground,1,38.4,West Indies,Sri Lanka,RR Sarwan,AB Barath,SL Malinga,1,0,,,,,,,,,
464990,2010/11,2011-01-31,Sinhalese Sports Club Ground,1,38.5,West Indies,Sri Lanka,AB Barath,RR Sarwan,SL Malinga,4,0,,,,,,,,,
464990,2010/11,2011-01-31,Sinhalese Sports Club Ground,1,38.6,West Indies,Sri Lanka,AB Barath,RR Sarwan,SL Malinga,2,0,,,,,,,,,
464990,2010/11,2011-01-31,Sinhalese Sports Club Ground,1,39.1,West Indies,Sri Lanka,RR Sarwan,AB Barath,BAW Mendis,1,0,,,,,,,,,
464990,2010/11,2011-01-31,Sinhalese Sports Club Ground,1,39.2,West Indies,Sri Lanka,AB Barath,RR Sarwan,BAW Mendis,0,2,2,,,,,,,,
464990,2010/11,2011-01-31,Sinhalese Sports Club Ground,1,39.3,West Indies,Sri Lanka,RR Sarwan,AB Barath,BAW Mendis,0,0,,,,,,,,,
464990,2010/11,2011-01-31,Sinhalese Sports Club Ground,1,39.4,West Indies,Sri Lanka,RR Sarwan,AB Barath,BAW Mendis,0,0,,,,,,,,,
464990,2010/11,2011-01-31,Sinhalese Sports Club Ground,1,39.5,West Indies,Sri Lanka,RR Sarwan,AB Barath,BAW Mendis,1,0,,,,,,,,,
464990,2010/11,2011-01-31,Sinhalese Sports Club Ground,1,39.6,West Indies,Sri Lanka,AB Barath,RR Sarwan,BAW Mendis,0,0,,,,,,,,,
464990,2010/11,2011-01-31,Sinhalese Sports Club Ground,1,39.7,West Indies,Sri Lanka,AB Barath,RR Sarwan,BAW Mendis,4,0,,,,,,,,,
464990,2010/11,2011-01-31,Sinhalese Sports Club Ground,1,40.1,West Indies,Sri Lanka,RR Sarwan,AB Barath,KMDN Kulasekara,0,0,,,,,,,,,
464990,2010/11,2011-01-31,Sinhalese Sports Club Ground,1,40.2,West Indies,Sri Lanka,RR Sarwan,AB Barath,KMDN Kulasekara,1,0,,,,,,,,,
464990,2010/11,2011-01-31,Sinhalese Sports Club Ground,1,40.3,West Indies,Sri Lanka,AB Barath,RR Sarwan,KMDN Kulasekara,0,0,,,,,,,,,
464990,2010/11,2011-01-31,Sinhalese Sports Club Ground,1,40.4,West Indies,Sri Lanka,AB Barath,RR Sarwan,KMDN Kulasekara,2,0,,,,,,,,,
464990,2010/11,2011-01-31,Sinhalese Sports Club Ground,1,40.5,West Indies,Sri Lanka,AB Barath,RR Sarwan,KMDN Kulasekara,1,0,,,,,,,,,
464990,2010/11,2011-01-31,Sinhalese Sports Club Ground,1,40.6,West Indies,Sri Lanka,RR Sarwan,AB Barath,KMDN Kulasekara,1,0,,,,,,,,,
464990,2010/11,2011-01-31,Sinhalese Sports Club Ground,1,41.1,West Indies,Sri Lanka,RR Sarwan,AB Barath,SL Malinga,0,0,,,,,,,,,
464990,2010/11,2011-01-31,Sinhalese Sports Club Ground,1,41.2,West Indies,Sri Lanka,RR Sarwan,AB Barath,SL Malinga,0,1,1,,,,,,,,
464990,2010/11,2011-01-31,Sinhalese Sports Club Ground,1,41.3,West Indies,Sri Lanka,RR Sarwan,AB Barath,SL Malinga,0,0,,,,,,,,,
464990,2010/11,2011-01-31,Sinhalese Sports Club Ground,1,41.4,West Indies,Sri Lanka,RR Sarwan,AB Barath,SL Malinga,4,0,,,,,,,,,
464990,2010/11,2011-01-31,Sinhalese Sports Club Ground,1,41.5,West Indies,Sri Lanka,RR Sarwan,AB Barath,SL Malinga,1,0,,,,,,,,,
464990,2010/11,2011-01-31,Sinhalese Sports Club Ground,1,41.6,West Indies,Sri Lanka,AB Barath,RR Sarwan,SL Malinga,1,0,,,,,,,,,
464990,2010/11,2011-01-31,Sinhalese Sports Club Ground,1,41.7,West Indies,Sri Lanka,RR Sarwan,AB Barath,SL Malinga,0,0,,,,,,,,,
464990,2010/11,2011-01-31,Sinhalese Sports Club Ground,1,42.1,West Indies,Sri Lanka,AB Barath,RR Sarwan,M Muralitharan,4,0,,,,,,,,,
464990,2010/11,2011-01-31,Sinhalese Sports Club Ground,1,42.2,West Indies,Sri Lanka,AB Barath,RR Sarwan,M Muralitharan,1,0,,,,,,,,,
464990,2010/11,2011-01-31,Sinhalese Sports Club Ground,1,42.3,West Indies,Sri Lanka,RR Sarwan,AB Barath,M Muralitharan,1,0,,,,,,,,,
464990,2010/11,2011-01-31,Sinhalese Sports Club Ground,1,42.4,West Indies,Sri Lanka,AB Barath,RR Sarwan,M Muralitharan,1,0,,,,,,,,,
464990,2010/11,2011-01-31,Sinhalese Sports Club Ground,1,42.5,West Indies,Sri Lanka,RR Sarwan,AB Barath,M Muralitharan,0,0,,,,,,,,,
464990,2010/11,2011-01-31,Sinhalese Sports Club Ground,1,42.6,West Indies,Sri Lanka,RR Sarwan,AB Barath,M Muralitharan,0,0,,,,,,,,,
464990,2010/11,2011-01-31,Sinhalese Sports Club Ground,1,43.1,West Indies,Sri Lanka,AB Barath,RR Sarwan,SL Malinga,1,0,,,,,,,,,
464990,2010/11,2011-01-31,Sinhalese Sports Club Ground,1,43.2,West Indies,Sri Lanka,RR Sarwan,AB Barath,SL Malinga,0,0,,,,,,caught,RR Sarwan,,
464990,2010/11,2011-01-31,Sinhalese Sports Club Ground,1,43.3,West Indies,Sri Lanka,AB Barath,KA Pollard,SL Malinga,0,0,,,,,,,,,
464990,2010/11,2011-01-31,Sinhalese Sports Club Ground,1,43.4,West Indies,Sri Lanka,AB Barath,KA Pollard,SL Malinga,0,0,,,,,,caught,AB Barath,,
464990,2010/11,2011-01-31,Sinhalese Sports Club Ground,1,43.5,West Indies,Sri Lanka,KA Pollard,S Chanderpaul,SL Malinga,1,0,,,,,,,,,
464990,2010/11,2011-01-31,Sinhalese Sports Club Ground,1,43.6,West Indies,Sri Lanka,S Chanderpaul,KA Pollard,SL Malinga,0,0,,,,,,,,,
464990,2010/11,2011-01-31,Sinhalese Sports Club Ground,1,44.1,West Indies,Sri Lanka,KA Pollard,S Chanderpaul,M Muralitharan,1,0,,,,,,,,,
464990,2010/11,2011-01-31,Sinhalese Sports Club Ground,1,44.2,West Indies,Sri Lanka,S Chanderpaul,KA Pollard,M Muralitharan,0,0,,,,,,,,,
464990,2010/11,2011-01-31,Sinhalese Sports Club Ground,1,44.3,West Indies,Sri Lanka,S Chanderpaul,KA Pollard,M Muralitharan,3,0,,,,,,,,,
464990,2010/11,2011-01-31,Sinhalese Sports Club Ground,1,44.4,West Indies,Sri Lanka,KA Pollard,S Chanderpaul,M Muralitharan,1,0,,,,,,,,,
464990,2010/11,2011-01-31,Sinhalese Sports Club Ground,1,44.5,West Indies,Sri Lanka,S Chanderpaul,KA Pollard,M Muralitharan,0,0,,,,,,,,,
464990,2010/11,2011-01-31,Sinhalese Sports Club Ground,1,44.6,West Indies,Sri Lanka,S Chanderpaul,KA Pollard,M Muralitharan,0,0,,,,,,,,,
464990,2010/11,2011-01-31,Sinhalese Sports Club Ground,1,45.1,West Indies,Sri Lanka,KA Pollard,S Chanderpaul,SL Malinga,1,0,,,,,,,,,
464990,2010/11,2011-01-31,Sinhalese Sports Club Ground,1,45.2,West Indies,Sri Lanka,S Chanderpaul,KA Pollard,SL Malinga,1,0,,,,,,,,,
464990,2010/11,2011-01-31,Sinhalese Sports Club Ground,1,45.3,West Indies,Sri Lanka,KA Pollard,S Chanderpaul,SL Malinga,0,0,,,,,,bowled,KA Pollard,,
464990,2010/11,2011-01-31,Sinhalese Sports Club Ground,1,45.4,West Indies,Sri Lanka,DJG Sammy,S Chanderpaul,SL Malinga,0,0,,,,,,,,,
464990,2010/11,2011-01-31,Sinhalese Sports Club Ground,1,45.5,West Indies,Sri Lanka,DJG Sammy,S Chanderpaul,SL Malinga,1,0,,,,,,,,,
464990,2010/11,2011-01-31,Sinhalese Sports Club Ground,1,45.6,West Indies,Sri Lanka,S Chanderpaul,DJG Sammy,SL Malinga,0,0,,,,,,,,,
464990,2010/11,2011-01-31,Sinhalese Sports Club Ground,1,46.1,West Indies,Sri Lanka,DJG Sammy,S Chanderpaul,KMDN Kulasekara,4,0,,,,,,,,,
464990,2010/11,2011-01-31,Sinhalese Sports Club Ground,1,46.2,West Indies,Sri Lanka,DJG Sammy,S Chanderpaul,KMDN Kulasekara,0,0,,,,,,,,,
464990,2010/11,2011-01-31,Sinhalese Sports Club Ground,1,46.3,West Indies,Sri Lanka,DJG Sammy,S Chanderpaul,KMDN Kulasekara,1,0,,,,,,,,,
464990,2010/11,2011-01-31,Sinhalese Sports Club Ground,1,46.4,West Indies,Sri Lanka,S Chanderpaul,DJG Sammy,KMDN Kulasekara,0,0,,,,,,,,,
464990,2010/11,2011-01-31,Sinhalese Sports Club Ground,1,46.5,West Indies,Sri Lanka,S Chanderpaul,DJG Sammy,KMDN Kulasekara,1,0,,,,,,,,,
464990,2010/11,2011-01-31,Sinhalese Sports Club Ground,1,46.6,West Indies,Sri Lanka,DJG Sammy,S Chanderpaul,KMDN Kulasekara,6,0,,,,,,,,,
464990,2010/11,2011-01-31,Sinhalese Sports Club Ground,1,47.1,West Indies,Sri Lanka,S Chanderpaul,DJG Sammy,SL Malinga,1,0,,,,,,,,,
464990,2010/11,2011-01-31,Sinhalese Sports Club Ground,1,47.2,West Indies,Sri Lanka,DJG Sammy,S Chanderpaul,SL Malinga,0,0,,,,,,,,,
464990,2010/11,2011-01-31,Sinhalese Sports Club Ground,1,47.3,West Indies,Sri Lanka,DJG Sammy,S Chanderpaul,SL Malinga,1,0,,,,,,,,,
464990,2010/11,2011-01-31,Sinhalese Sports Club Ground,1,47.4,West Indies,Sri Lanka,S Chanderpaul,DJG Sammy,SL Malinga,1,0,,,,,,,,,
464990,2010/11,2011-01-31,Sinhalese Sports Club Ground,1,47.5,West Indies,Sri Lanka,DJG Sammy,S Chanderpaul,SL Malinga,1,0,,,,,,,,,
464990,2010/11,2011-01-31,Sinhalese Sports Club Ground,1,47.6,West Indies,Sri Lanka,S Chanderpaul,DJG Sammy,SL Malinga,1,0,,,,,,,,,
464990,2010/11,2011-01-31,Sinhalese Sports Club Ground,1,48.1,West Indies,Sri Lanka,S Chanderpaul,DJG Sammy,BAW Mendis,1,0,,,,,,,,,
464990,2010/11,2011-01-31,Sinhalese Sports Club Ground,1,48.2,West Indies,Sri Lanka,DJG Sammy,S Chanderpaul,BAW Mendis,2,0,,,,,,,,,
464990,2010/11,2011-01-31,Sinhalese Sports Club Ground,1,48.3,West Indies,Sri Lanka,DJG Sammy,S Chanderpaul,BAW Mendis,1,0,,,,,,,,,
464990,2010/11,2011-01-31,Sinhalese Sports Club Ground,1,48.4,West Indies,Sri Lanka,S Chanderpaul,DJG Sammy,BAW Mendis,0,0,,,,,,,,,
464990,2010/11,2011-01-31,Sinhalese Sports Club Ground,1,48.5,West Indies,Sri Lanka,S Chanderpaul,DJG Sammy,BAW Mendis,1,0,,,,,,,,,
464990,2010/11,2011-01-31,Sinhalese Sports Club Ground,1,48.6,West Indies,Sri Lanka,DJG Sammy,S Chanderpaul,BAW Mendis,2,0,,,,,,,,,
464990,2010/11,2011-01-31,Sinhalese Sports Club Ground,1,49.1,West Indies,Sri Lanka,S Chanderpaul,DJG Sammy,KMDN Kulasekara,1,0,,,,,,,,,
464990,2010/11,2011-01-31,Sinhalese Sports Club Ground,1,49.2,West Indies,Sri Lanka,DJG Sammy,S Chanderpaul,KMDN Kulasekara,1,0,,,,,,,,,
464990,2010/11,2011-01-31,Sinhalese Sports Club Ground,1,49.3,West Indies,Sri Lanka,S Chanderpaul,DJG Sammy,KMDN Kulasekara,1,0,,,,,,,,,
464990,2010/11,2011-01-31,Sinhalese Sports Club Ground,1,49.4,West Indies,Sri Lanka,DJG Sammy,S Chanderpaul,KMDN Kulasekara,0,0,,,,,,,,,
464990,2010/11,2011-01-31,Sinhalese Sports Club Ground,1,49.5,West Indies,Sri Lanka,DJG Sammy,S Chanderpaul,KMDN Kulasekara,1,0,,,,,,,,,
464990,2010/11,2011-01-31,Sinhalese Sports Club Ground,1,49.6,West Indies,Sri Lanka,S Chanderpaul,DJG Sammy,KMDN Kulasekara,1,0,,,,,,,,,
