match_id,season,start_date,venue,innings,ball,batting_team,bowling_team,striker,non_striker,bowler,runs_off_bat,extras,wides,noballs,byes,legbyes,penalty,wicket_type,player_dismissed,other_wicket_type,other_player_dismissed
1144511,2019,2019-06-22,Old Trafford,1,0.1,New Zealand,West Indies,MJ Guptill,C Munro,SS Cottrell,0,0,,,,,,lbw,MJ Guptill,,
1144511,2019,2019-06-22,Old Trafford,1,0.2,New Zealand,West Indies,KS Williamson,C Munro,SS Cottrell,4,0,,,,,,,,,
1144511,2019,2019-06-22,Old Trafford,1,0.3,New Zealand,West Indies,KS Williamson,C Munro,SS Cottrell,0,0,,,,,,,,,
1144511,2019,2019-06-22,Old Trafford,1,0.4,New Zealand,West Indies,KS Williamson,C Munro,SS Cottrell,3,0,,,,,,,,,
1144511,2019,2019-06-22,Old Trafford,1,0.5,New Zealand,West Indies,C Munro,KS Williamson,SS Cottrell,0,0,,,,,,bowled,C Munro,,
1144511,2019,2019-06-22,Old Trafford,1,0.6,New Zealand,West Indies,LRPL Taylor,KS Williamson,SS Cottrell,3,0,,,,,,,,,
1144511,2019,2019-06-22,Old Trafford,1,1.1,New Zealand,West Indies,LRPL Taylor,KS Williamson,KAJ Roach,0,0,,,,,,,,,
1144511,2019,2019-06-22,Old Trafford,1,1.2,New Zealand,West Indies,LRPL Taylor,KS Williamson,KAJ Roach,4,0,,,,,,,,,
1144511,2019,2019-06-22,Old Trafford,1,1.3,New Zealand,West Indies,LRPL Taylor,KS Williamson,KAJ Roach,0,0,,,,,,,,,
1144511,2019,2019-06-22,Old Trafford,1,1.4,New Zealand,West Indies,LRPL Taylor,KS Williamson,KAJ Roach,0,0,,,,,,,,,
1144511,2019,2019-06-22,Old Trafford,1,1.5,New Zealand,West Indies,LRPL Taylor,KS Williamson,KAJ Roach,0,0,,,,,,,,,
1144511,2019,2019-06-22,Old Trafford,1,1.6,New Zealand,West Indies,LRPL Taylor,KS Williamson,KAJ Roach,0,0,,,,,,,,,
1144511,2019,2019-06-22,Old Trafford,1,2.1,New Zealand,West Indies,KS Williamson,LRPL Taylor,SS Cottrell,0,0,,,,,,,,,
1144511,2019,2019-06-22,Old Trafford,1,2.2,New Zealand,West Indies,KS Williamson,LRPL Taylor,SS Cottrell,0,0,,,,,,,,,
1144511,2019,2019-06-22,Old Trafford,1,2.3,New Zealand,West Indies,KS Williamson,LRPL Taylor,SS Cottrell,0,0,,,,,,,,,
1144511,2019,2019-06-22,Old Trafford,1,2.4,New Zealand,West Indies,KS Williamson,LRPL Taylor,SS Cottrell,0,0,,,,,,,,,
1144511,2019,2019-06-22,Old Trafford,1,2.5,New Zealand,West Indies,KS Williamson,LRPL Taylor,SS Cottrell,0,0,,,,,,,,,
1144511,2019,2019-06-22,Old Trafford,1,2.6,New Zealand,West Indies,KS Williamson,LRPL Taylor,SS Cottrell,0,0,,,,,,,,,
1144511,2019,2019-06-22,Old Trafford,1,3.1,New Zealand,West Indies,LRPL Taylor,KS Williamson,KAJ Roach,1,0,,,,,,,,,
1144511,2019,2019-06-22,Old Trafford,1,3.2,New Zealand,West Indies,KS Williamson,LRPL Taylor,KAJ Roach,0,0,,,,,,,,,
1144511,2019,2019-06-22,Old Trafford,1,3.3,New Zealand,West Indies,KS Williamson,LRPL Taylor,KAJ Roach,4,0,,,,,,,,,
1144511,2019,2019-06-22,Old Trafford,1,3.4,New Zealand,West Indies,KS Williamson,LRPL Taylor,KAJ Roach,1,0,,,,,,,,,
1144511,2019,2019-06-22,Old Trafford,1,3.5,New Zealand,West Indies,LRPL Taylor,KS Williamson,KAJ Roach,1,0,,,,,,,,,
1144511,2019,2019-06-22,Old Trafford,1,3.6,New Zealand,West Indies,KS Williamson,LRPL Taylor,KAJ Roach,0,0,,,,,,,,,
1144511,2019,2019-06-22,Old Trafford,1,4.1,New Zealand,West Indies,LRPL Taylor,KS Williamson,SS Cottrell,0,0,,,,,,,,,
1144511,2019,2019-06-22,Old Trafford,1,4.2,New Zealand,West Indies,LRPL Taylor,KS Williamson,SS Cottrell,1,0,,,,,,,,,
1144511,2019,2019-06-22,Old Trafford,1,4.3,New Zealand,West Indies,KS Williamson,LRPL Taylor,SS Cottrell,0,0,,,,,,,,,
1144511,2019,2019-06-22,Old Trafford,1,4.4,New Zealand,West Indies,KS Williamson,LRPL Taylor,SS Cottrell,0,0,,,,,,,,,
1144511,2019,2019-06-22,Old Trafford,1,4.5,New Zealand,West Indies,KS Williamson,LRPL Taylor,SS Cottrell,0,0,,,,,,,,,
1144511,2019,2019-06-22,Old Trafford,1,4.6,New Zealand,West Indies,KS Williamson,LRPL Taylor,SS Cottrell,0,0,,,,,,,,,
1144511,2019,2019-06-22,Old Trafford,1,5.1,New Zealand,West Indies,LRPL Taylor,KS Williamson,KAJ Roach,0,0,,,,,,,,,
1144511,2019,2019-06-22,Old Trafford,1,5.2,New Zealand,West Indies,LRPL Taylor,KS Williamson,KAJ Roach,0,0,,,,,,,,,
1144511,2019,2019-06-22,Old Trafford,1,5.3,New Zealand,West Indies,LRPL Taylor,KS Williamson,KAJ Roach,0,0,,,,,,,,,
1144511,2019,2019-06-22,Old Trafford,1,5.4,New Zealand,West Indies,LRPL Taylor,KS Williamson,KAJ Roach,0,0,,,,,,,,,
1144511,2019,2019-06-22,Old Trafford,1,5.5,New Zealand,West Indies,LRPL Taylor,KS Williamson,KAJ Roach,0,0,,,,,,,,,
1144511,2019,2019-06-22,Old Trafford,1,5.6,New Zealand,West Indies,LRPL Taylor,KS Williamson,KAJ Roach,0,0,,,,,,,,,
1144511,2019,2019-06-22,Old Trafford,1,6.1,New Zealand,West Indies,KS Williamson,LRPL Taylor,SS Cottrell,0,0,,,,,,,,,
1144511,2019,2019-06-22,Old Trafford,1,6.2,New Zealand,West Indies,KS Williamson,LRPL Taylor,SS Cottrell,1,0,,,,,,,,,
1144511,2019,2019-06-22,Old Trafford,1,6.3,New Zealand,West Indies,LRPL Taylor,KS Williamson,SS Cottrell,1,0,,,,,,,,,
1144511,2019,2019-06-22,Old Trafford,1,6.4,New Zealand,West Indies,KS Williamson,LRPL Taylor,SS Cottrell,0,0,,,,,,,,,
1144511,2019,2019-06-22,Old Trafford,1,6.5,New Zealand,West Indies,KS Williamson,LRPL Taylor,SS Cottrell,0,0,,,,,,,,,
1144511,2019,2019-06-22,Old Trafford,1,6.6,New Zealand,West Indies,KS Williamson,LRPL Taylor,SS Cottrell,1,0,,,,,,,,,
1144511,2019,2019-06-22,Old Trafford,1,7.1,New Zealand,West Indies,KS Williamson,LRPL Taylor,KAJ Roach,0,0,,,,,,,,,
1144511,2019,2019-06-22,Old Trafford,1,7.2,New Zealand,West Indies,KS Williamson,LRPL Taylor,KAJ Roach,0,0,,,,,,,,,
1144511,2019,2019-06-22,Old Trafford,1,7.3,New Zealand,West Indies,KS Williamson,LRPL Taylor,KAJ Roach,0,0,,,,,,,,,
1144511,2019,2019-06-22,Old Trafford,1,7.4,New Zealand,West Indies,KS Williamson,LRPL Taylor,KAJ Roach,0,0,,,,,,,,,
1144511,2019,2019-06-22,Old Trafford,1,7.5,New Zealand,West Indies,KS Williamson,LRPL Taylor,KAJ Roach,0,0,,,,,,,,,
1144511,2019,2019-06-22,Old Trafford,1,7.6,New Zealand,West Indies,KS Williamson,LRPL Taylor,KAJ Roach,0,0,,,,,,,,,
1144511,2019,2019-06-22,Old Trafford,1,8.1,New Zealand,West Indies,LRPL Taylor,KS Williamson,JO Holder,0,0,,,,,,,,,
1144511,2019,2019-06-22,Old Trafford,1,8.2,New Zealand,West Indies,LRPL Taylor,KS Williamson,JO Holder,1,0,,,,,,,,,
1144511,2019,2019-06-22,Old Trafford,1,8.3,New Zealand,West Indies,KS Williamson,LRPL Taylor,JO Holder,1,0,,,,,,,,,
1144511,2019,2019-06-22,Old Trafford,1,8.4,New Zealand,West Indies,LRPL Taylor,KS Williamson,JO Holder,0,0,,,,,,,,,
1144511,2019,2019-06-22,Old Trafford,1,8.5,New Zealand,West Indies,LRPL Taylor,KS Williamson,JO Holder,0,0,,,,,,,,,
1144511,2019,2019-06-22,Old Trafford,1,8.6,New Zealand,West Indies,LRPL Taylor,KS Williamson,JO Holder,1,0,,,,,,,,,
1144511,2019,2019-06-22,Old Trafford,1,9.1,New Zealand,West Indies,LRPL Taylor,KS Williamson,KAJ Roach,0,0,,,,,,,,,
1144511,2019,2019-06-22,Old Trafford,1,9.2,New Zealand,West Indies,LRPL Taylor,KS Williamson,KAJ Roach,0,0,,,,,,,,,
1144511,2019,2019-06-22,Old Trafford,1,9.3,New Zealand,West Indies,LRPL Taylor,KS Williamson,KAJ Roach,2,0,,,,,,,,,
1144511,2019,2019-06-22,Old Trafford,1,9.4,New Zealand,West Indies,LRPL Taylor,KS Williamson,KAJ Roach,0,0,,,,,,,,,
1144511,2019,2019-06-22,Old Trafford,1,9.5,New Zealand,West Indies,LRPL Taylor,KS Williamson,KAJ Roach,0,0,,,,,,,,,
1144511,2019,2019-06-22,Old Trafford,1,9.6,New Zealand,West Indies,LRPL Taylor,KS Williamson,KAJ Roach,0,0,,,,,,,,,
1144511,2019,2019-06-22,Old Trafford,1,10.1,New Zealand,West Indies,KS Williamson,LRPL Taylor,JO Holder,0,0,,,,,,,,,
1144511,2019,2019-06-22,Old Trafford,1,10.2,New Zealand,West Indies,KS Williamson,LRPL Taylor,JO Holder,0,0,,,,,,,,,
1144511,2019,2019-06-22,Old Trafford,1,10.3,New Zealand,West Indies,KS Williamson,LRPL Taylor,JO Holder,1,1,,1,,,,,,,
1144511,2019,2019-06-22,Old Trafford,1,10.4,New Zealand,West Indies,LRPL Taylor,KS Williamson,JO Holder,0,0,,,,,,,,,
1144511,2019,2019-06-22,Old Trafford,1,10.5,New Zealand,West Indies,LRPL Taylor,KS Williamson,JO Holder,0,0,,,,,,,,,
1144511,2019,2019-06-22,Old Trafford,1,10.6,New Zealand,West Indies,LRPL Taylor,KS Williamson,JO Holder,0,0,,,,,,,,,
1144511,2019,2019-06-22,Old Trafford,1,10.7,New Zealand,West Indies,LRPL Taylor,KS Williamson,JO Holder,0,0,,,,,,,,,
1144511,2019,2019-06-22,Old Trafford,1,11.1,New Zealand,West Indies,KS Williamson,LRPL Taylor,KAJ Roach,0,0,,,,,,,,,
1144511,2019,2019-06-22,Old Trafford,1,11.2,New Zealand,West Indies,KS Williamson,LRPL Taylor,KAJ Roach,0,2,,,,2,,,,,
1144511,2019,2019-06-22,Old Trafford,1,11.3,New Zealand,West Indies,KS Williamson,LRPL Taylor,KAJ Roach,0,0,,,,,,,,,
1144511,2019,2019-06-22,Old Trafford,1,11.4,New Zealand,West Indies,KS Williamson,LRPL Taylor,KAJ Roach,2,0,,,,,,,,,
1144511,2019,2019-06-22,Old Trafford,1,11.5,New Zealand,West Indies,KS Williamson,LRPL Taylor,KAJ Roach,0,0,,,,,,,,,
1144511,2019,2019-06-22,Old Trafford,1,11.6,New Zealand,West Indies,KS Williamson,LRPL Taylor,KAJ Roach,0,0,,,,,,,,,
1144511,2019,2019-06-22,Old Trafford,1,12.1,New Zealand,West Indies,LRPL Taylor,KS Williamson,JO Holder,0,0,,,,,,,,,
1144511,2019,2019-06-22,Old Trafford,1,12.2,New Zealand,West Indies,LRPL Taylor,KS Williamson,JO Holder,1,0,,,,,,,,,
1144511,2019,2019-06-22,Old Trafford,1,12.3,New Zealand,West Indies,KS Williamson,LRPL Taylor,JO Holder,1,0,,,,,,,,,
1144511,2019,2019-06-22,Old Trafford,1,12.4,New Zealand,West Indies,LRPL Taylor,KS Williamson,JO Holder,0,0,,,,,,,,,
1144511,2019,2019-06-22,Old Trafford,1,12.5,New Zealand,West Indies,LRPL Taylor,KS Williamson,JO Holder,4,0,,,,,,,,,
1144511,2019,2019-06-22,Old Trafford,1,12.6,New Zealand,West Indies,LRPL Taylor,KS Williamson,JO Holder,1,0,,,,,,,,,
1144511,2019,2019-06-22,Old Trafford,1,13.1,New Zealand,West Indies,LRPL Taylor,KS Williamson,O Thomas,0,0,,,,,,,,,
1144511,2019,2019-06-22,Old Trafford,1,13.2,New Zealand,West Indies,LRPL Taylor,KS Williamson,O Thomas,1,0,,,,,,,,,
1144511,2019,2019-06-22,Old Trafford,1,13.3,New Zealand,West Indies,KS Williamson,LRPL Taylor,O Thomas,0,0,,,,,,,,,
1144511,2019,2019-06-22,Old Trafford,1,13.4,New Zealand,West Indies,KS Williamson,LRPL Taylor,O Thomas,4,0,,,,,,,,,
1144511,2019,2019-06-22,Old Trafford,1,13.5,New Zealand,West Indies,KS Williamson,LRPL Taylor,O Thomas,0,0,,,,,,,,,
1144511,2019,2019-06-22,Old Trafford,1,13.6,New Zealand,West Indies,KS Williamson,LRPL Taylor,O Thomas,0,0,,,,,,,,,
1144511,2019,2019-06-22,Old Trafford,1,14.1,New Zealand,West Indies,LRPL Taylor,KS Williamson,JO Holder,4,0,,,,,,,,,
1144511,2019,2019-06-22,Old Trafford,1,14.2,New Zealand,West Indies,LRPL Taylor,KS Williamson,JO Holder,0,0,,,,,,,,,
1144511,2019,2019-06-22,Old Trafford,1,14.3,New Zealand,West Indies,LRPL Taylor,KS Williamson,JO Holder,1,0,,,,,,,,,
1144511,2019,2019-06-22,Old Trafford,1,14.4,New Zealand,West Indies,KS Williamson,LRPL Taylor,JO Holder,1,0,,,,,,,,,
1144511,2019,2019-06-22,Old Trafford,1,14.5,New Zealand,West Indies,LRPL Taylor,KS Williamson,JO Holder,1,0,,,,,,,,,
1144511,2019,2019-06-22,Old Trafford,1,14.6,New Zealand,West Indies,KS Williamson,LRPL Taylor,JO Holder,1,0,,,,,,,,,
1144511,2019,2019-06-22,Old Trafford,1,15.1,New Zealand,West Indies,KS Williamson,LRPL Taylor,O Thomas,0,0,,,,,,,,,
1144511,2019,2019-06-22,Old Trafford,1,15.2,New Zealand,West Indies,KS Williamson,LRPL Taylor,O Thomas,0,0,,,,,,,,,
1144511,2019,2019-06-22,Old Trafford,1,15.3,New Zealand,West Indies,KS Williamson,LRPL Taylor,O Thomas,0,0,,,,,,,,,
1144511,2019,2019-06-22,Old Trafford,1,15.4,New Zealand,West Indies,KS Williamson,LRPL Taylor,O Thomas,2,0,,,,,,,,,
1144511,2019,2019-06-22,Old Trafford,1,15.5,New Zealand,West Indies,KS Williamson,LRPL Taylor,O Thomas,0,0,,,,,,,,,
1144511,2019,2019-06-22,Old Trafford,1,15.6,New Zealand,West Indies,KS Williamson,LRPL Taylor,O Thomas,1,0,,,,,,,,,
1144511,2019,2019-06-22,Old Trafford,1,16.1,New Zealand,West Indies,KS Williamson,LRPL Taylor,JO Holder,0,0,,,,,,,,,
1144511,2019,2019-06-22,Old Trafford,1,16.2,New Zealand,West Indies,KS Williamson,LRPL Taylor,JO Holder,1,0,,,,,,,,,
1144511,2019,2019-06-22,Old Trafford,1,16.3,New Zealand,West Indies,LRPL Taylor,KS Williamson,JO Holder,1,0,,,,,,,,,
1144511,2019,2019-06-22,Old Trafford,1,16.4,New Zealand,West Indies,KS Williamson,LRPL Taylor,JO Holder,4,0,,,,,,,,,
1144511,2019,2019-06-22,Old Trafford,1,16.5,New Zealand,West Indies,KS Williamson,LRPL Taylor,JO Holder,1,0,,,,,,,,,
1144511,2019,2019-06-22,Old Trafford,1,16.6,New Zealand,West Indies,LRPL Taylor,KS Williamson,JO Holder,1,0,,,,,,,,,
1144511,2019,2019-06-22,Old Trafford,1,17.1,New Zealand,West Indies,LRPL Taylor,KS Williamson,O Thomas,4,0,,,,,,,,,
1144511,2019,2019-06-22,Old Trafford,1,17.2,New Zealand,West Indies,LRPL Taylor,KS Williamson,O Thomas,1,0,,,,,,,,,
1144511,2019,2019-06-22,Old Trafford,1,17.3,New Zealand,West Indies,KS Williamson,LRPL Taylor,O Thomas,1,0,,,,,,,,,
1144511,2019,2019-06-22,Old Trafford,1,17.4,New Zealand,West Indies,LRPL Taylor,KS Williamson,O Thomas,0,0,,,,,,,,,
1144511,2019,2019-06-22,Old Trafford,1,17.5,New Zealand,West Indies,LRPL Taylor,KS Williamson,O Thomas,0,0,,,,,,,,,
1144511,2019,2019-06-22,Old Trafford,1,17.6,New Zealand,West Indies,LRPL Taylor,KS Williamson,O Thomas,0,0,,,,,,,,,
1144511,2019,2019-06-22,Old Trafford,1,18.1,New Zealand,West Indies,KS Williamson,LRPL Taylor,CR Brathwaite,1,0,,,,,,,,,
1144511,2019,2019-06-22,Old Trafford,1,18.2,New Zealand,West Indies,LRPL Taylor,KS Williamson,CR Brathwaite,0,0,,,,,,,,,
1144511,2019,2019-06-22,Old Trafford,1,18.3,New Zealand,West Indies,LRPL Taylor,KS Williamson,CR Brathwaite,0,0,,,,,,,,,
1144511,2019,2019-06-22,Old Trafford,1,18.4,New Zealand,West Indies,LRPL Taylor,KS Williamson,CR Brathwaite,0,0,,,,,,,,,
1144511,2019,2019-06-22,Old Trafford,1,18.5,New Zealand,West Indies,LRPL Taylor,KS Williamson,CR Brathwaite,1,0,,,,,,,,,
1144511,2019,2019-06-22,Old Trafford,1,18.6,New Zealand,West Indies,KS Williamson,LRPL Taylor,CR Brathwaite,1,0,,,,,,,,,
1144511,2019,2019-06-22,Old Trafford,1,19.1,New Zealand,West Indies,KS Williamson,LRPL Taylor,O Thomas,0,0,,,,,,,,,
1144511,2019,2019-06-22,Old Trafford,1,19.2,New Zealand,West Indies,KS Williamson,LRPL Taylor,O Thomas,0,0,,,,,,,,,
1144511,2019,2019-06-22,Old Trafford,1,19.3,New Zealand,West Indies,KS Williamson,LRPL Taylor,O Thomas,1,0,,,,,,,,,
1144511,2019,2019-06-22,Old Trafford,1,19.4,New Zealand,West Indies,LRPL Taylor,KS Williamson,O Thomas,0,0,,,,,,,,,
1144511,2019,2019-06-22,Old Trafford,1,19.5,New Zealand,West Indies,LRPL Taylor,KS Williamson,O Thomas,0,0,,,,,,,,,
1144511,2019,2019-06-22,Old Trafford,1,19.6,New Zealand,West Indies,LRPL Taylor,KS Williamson,O Thomas,4,0,,,,,,,,,
1144511,2019,2019-06-22,Old Trafford,1,20.1,New Zealand,West Indies,KS Williamson,LRPL Taylor,CR Brathwaite,0,0,,,,,,,,,
1144511,2019,2019-06-22,Old Trafford,1,20.2,New Zealand,West Indies,KS Williamson,LRPL Taylor,CR Brathwaite,4,0,,,,,,,,,
1144511,2019,2019-06-22,Old Trafford,1,20.3,New Zealand,West Indies,KS Williamson,LRPL Taylor,CR Brathwaite,2,0,,,,,,,,,
1144511,2019,2019-06-22,Old Trafford,1,20.4,New Zealand,West Indies,KS Williamson,LRPL Taylor,CR Brathwaite,1,0,,,,,,,,,
1144511,2019,2019-06-22,Old Trafford,1,20.5,New Zealand,West Indies,LRPL Taylor,KS Williamson,CR Brathwaite,1,0,,,,,,,,,
1144511,2019,2019-06-22,Old Trafford,1,20.6,New Zealand,West Indies,KS Williamson,LRPL Taylor,CR Brathwaite,1,0,,,,,,,,,
1144511,2019,2019-06-22,Old Trafford,1,21.1,New Zealand,West Indies,KS Williamson,LRPL Taylor,KAJ Roach,0,0,,,,,,,,,
1144511,2019,2019-06-22,Old Trafford,1,21.2,New Zealand,West Indies,KS Williamson,LRPL Taylor,KAJ Roach,0,0,,,,,,,,,
1144511,2019,2019-06-22,Old Trafford,1,21.3,New Zealand,West Indies,KS Williamson,LRPL Taylor,KAJ Roach,0,0,,,,,,,,,
1144511,2019,2019-06-22,Old Trafford,1,21.4,New Zealand,West Indies,KS Williamson,LRPL Taylor,KAJ Roach,1,0,,,,,,,,,
1144511,2019,2019-06-22,Old Trafford,1,21.5,New Zealand,West Indies,LRPL Taylor,KS Williamson,KAJ Roach,0,0,,,,,,,,,
1144511,2019,2019-06-22,Old Trafford,1,21.6,New Zealand,West Indies,LRPL Taylor,KS Williamson,KAJ Roach,4,0,,,,,,,,,
1144511,2019,2019-06-22,Old Trafford,1,22.1,New Zealand,West Indies,KS Williamson,LRPL Taylor,AR Nurse,1,0,,,,,,,,,
1144511,2019,2019-06-22,Old Trafford,1,22.2,New Zealand,West Indies,LRPL Taylor,KS Williamson,AR Nurse,1,0,,,,,,,,,
1144511,2019,2019-06-22,Old Trafford,1,22.3,New Zealand,West Indies,KS Williamson,LRPL Taylor,AR Nurse,0,0,,,,,,,,,
1144511,2019,2019-06-22,Old Trafford,1,22.4,New Zealand,West Indies,KS Williamson,LRPL Taylor,AR Nurse,0,0,,,,,,,,,
1144511,2019,2019-06-22,Old Trafford,1,22.5,New Zealand,West Indies,KS Williamson,LRPL Taylor,AR Nurse,1,0,,,,,,,,,
1144511,2019,2019-06-22,Old Trafford,1,22.6,New Zealand,West Indies,LRPL Taylor,KS Williamson,AR Nurse,1,0,,,,,,,,,
1144511,2019,2019-06-22,Old Trafford,1,23.1,New Zealand,West Indies,LRPL Taylor,KS Williamson,KAJ Roach,0,0,,,,,,,,,
1144511,2019,2019-06-22,Old Trafford,1,23.2,New Zealand,West Indies,LRPL Taylor,KS Williamson,KAJ Roach,0,0,,,,,,,,,
1144511,2019,2019-06-22,Old Trafford,1,23.3,New Zealand,West Indies,LRPL Taylor,KS Williamson,KAJ Roach,0,0,,,,,,,,,
1144511,2019,2019-06-22,Old Trafford,1,23.4,New Zealand,West Indies,LRPL Taylor,KS Williamson,KAJ Roach,1,0,,,,,,,,,
1144511,2019,2019-06-22,Old Trafford,1,23.5,New Zealand,West Indies,KS Williamson,LRPL Taylor,KAJ Roach,1,0,,,,,,,,,
1144511,2019,2019-06-22,Old Trafford,1,23.6,New Zealand,West Indies,LRPL Taylor,KS Williamson,KAJ Roach,4,0,,,,,,,,,
1144511,2019,2019-06-22,Old Trafford,1,24.1,New Zealand,West Indies,KS Williamson,LRPL Taylor,AR Nurse,1,0,,,,,,,,,
1144511,2019,2019-06-22,Old Trafford,1,24.2,New Zealand,West Indies,LRPL Taylor,KS Williamson,AR Nurse,1,0,,,,,,,,,
1144511,2019,2019-06-22,Old Trafford,1,24.3,New Zealand,West Indies,KS Williamson,LRPL Taylor,AR Nurse,1,0,,,,,,,,,
1144511,2019,2019-06-22,Old Trafford,1,24.4,New Zealand,West Indies,LRPL Taylor,KS Williamson,AR Nurse,1,0,,,,,,,,,
1144511,2019,2019-06-22,Old Trafford,1,24.5,New Zealand,West Indies,KS Williamson,LRPL Taylor,AR Nurse,1,0,,,,,,,,,
1144511,2019,2019-06-22,Old Trafford,1,24.6,New Zealand,West Indies,LRPL Taylor,KS Williamson,AR Nurse,0,2,,,,2,,,,,
1144511,2019,2019-06-22,Old Trafford,1,25.1,New Zealand,West Indies,KS Williamson,LRPL Taylor,SS Cottrell,1,0,,,,,,,,,
1144511,2019,2019-06-22,Old Trafford,1,25.2,New Zealand,West Indies,LRPL Taylor,KS Williamson,SS Cottrell,1,0,,,,,,,,,
1144511,2019,2019-06-22,Old Trafford,1,25.3,New Zealand,West Indies,KS Williamson,LRPL Taylor,SS Cottrell,0,0,,,,,,,,,
1144511,2019,2019-06-22,Old Trafford,1,25.4,New Zealand,West Indies,KS Williamson,LRPL Taylor,SS Cottrell,2,0,,,,,,,,,
1144511,2019,2019-06-22,Old Trafford,1,25.5,New Zealand,West Indies,KS Williamson,LRPL Taylor,SS Cottrell,1,0,,,,,,,,,
1144511,2019,2019-06-22,Old Trafford,1,25.6,New Zealand,West Indies,LRPL Taylor,KS Williamson,SS Cottrell,0,0,,,,,,,,,
1144511,2019,2019-06-22,Old Trafford,1,26.1,New Zealand,West Indies,KS Williamson,LRPL Taylor,AR Nurse,0,0,,,,,,,,,
1144511,2019,2019-06-22,Old Trafford,1,26.2,New Zealand,West Indies,KS Williamson,LRPL Taylor,AR Nurse,0,0,,,,,,,,,
1144511,2019,2019-06-22,Old Trafford,1,26.3,New Zealand,West Indies,KS Williamson,LRPL Taylor,AR Nurse,0,0,,,,,,,,,
1144511,2019,2019-06-22,Old Trafford,1,26.4,New Zealand,West Indies,KS Williamson,LRPL Taylor,AR Nurse,2,0,,,,,,,,,
1144511,2019,2019-06-22,Old Trafford,1,26.5,New Zealand,West Indies,KS Williamson,LRPL Taylor,AR Nurse,1,0,,,,,,,,,
1144511,2019,2019-06-22,Old Trafford,1,26.6,New Zealand,West Indies,LRPL Taylor,KS Williamson,AR Nurse,1,0,,,,,,,,,
1144511,2019,2019-06-22,Old Trafford,1,27.1,New Zealand,West Indies,LRPL Taylor,KS Williamson,SS Cottrell,1,0,,,,,,,,,
1144511,2019,2019-06-22,Old Trafford,1,27.2,New Zealand,West Indies,KS Williamson,LRPL Taylor,SS Cottrell,2,0,,,,,,,,,
1144511,2019,2019-06-22,Old Trafford,1,27.3,New Zealand,West Indies,KS Williamson,LRPL Taylor,SS Cottrell,4,0,,,,,,,,,
1144511,2019,2019-06-22,Old Trafford,1,27.4,New Zealand,West Indies,KS Williamson,LRPL Taylor,SS Cottrell,0,0,,,,,,,,,
1144511,2019,2019-06-22,Old Trafford,1,27.5,New Zealand,West Indies,KS Williamson,LRPL Taylor,SS Cottrell,0,0,,,,,,,,,
1144511,2019,2019-06-22,Old Trafford,1,27.6,New Zealand,West Indies,KS Williamson,LRPL Taylor,SS Cottrell,1,0,,,,,,,,,
1144511,2019,2019-06-22,Old Trafford,1,28.1,New Zealand,West Indies,KS Williamson,LRPL Taylor,AR Nurse,2,0,,,,,,,,,
1144511,2019,2019-06-22,Old Trafford,1,28.2,New Zealand,West Indies,KS Williamson,LRPL Taylor,AR Nurse,1,0,,,,,,,,,
1144511,2019,2019-06-22,Old Trafford,1,28.3,New Zealand,West Indies,LRPL Taylor,KS Williamson,AR Nurse,1,0,,,,,,,,,
1144511,2019,2019-06-22,Old Trafford,1,28.4,New Zealand,West Indies,KS Williamson,LRPL Taylor,AR Nurse,2,0,,,,,,,,,
1144511,2019,2019-06-22,Old Trafford,1,28.5,New Zealand,West Indies,KS Williamson,LRPL Taylor,AR Nurse,0,0,,,,,,,,,
1144511,2019,2019-06-22,Old Trafford,1,28.6,New Zealand,West Indies,KS Williamson,LRPL Taylor,AR Nurse,1,0,,,,,,,,,
1144511,2019,2019-06-22,Old Trafford,1,29.1,New Zealand,West Indies,KS Williamson,LRPL Taylor,O Thomas,4,0,,,,,,,,,
1144511,2019,2019-06-22,Old Trafford,1,29.2,New Zealand,West Indies,KS Williamson,LRPL Taylor,O Thomas,1,0,,,,,,,,,
1144511,2019,2019-06-22,Old Trafford,1,29.3,New Zealand,West Indies,LRPL Taylor,KS Williamson,O Thomas,1,0,,,,,,,,,
1144511,2019,2019-06-22,Old Trafford,1,29.4,New Zealand,West Indies,KS Williamson,LRPL Taylor,O Thomas,1,0,,,,,,,,,
1144511,2019,2019-06-22,Old Trafford,1,29.5,New Zealand,West Indies,LRPL Taylor,KS Williamson,O Thomas,1,0,,,,,,,,,
1144511,2019,2019-06-22,Old Trafford,1,29.6,New Zealand,West Indies,KS Williamson,LRPL Taylor,O Thomas,0,0,,,,,,,,,
1144511,2019,2019-06-22,Old Trafford,1,30.1,New Zealand,West Indies,LRPL Taylor,KS Williamson,AR Nurse,1,0,,,,,,,,,
1144511,2019,2019-06-22,Old Trafford,1,30.2,New Zealand,West Indies,KS Williamson,LRPL Taylor,AR Nurse,1,0,,,,,,,,,
1144511,2019,2019-06-22,Old Trafford,1,30.3,New Zealand,West Indies,LRPL Taylor,KS Williamson,AR Nurse,1,0,,,,,,,,,
1144511,2019,2019-06-22,Old Trafford,1,30.4,New Zealand,West Indies,KS Williamson,LRPL Taylor,AR Nurse,1,0,,,,,,,,,
1144511,2019,2019-06-22,Old Trafford,1,30.5,New Zealand,West Indies,LRPL Taylor,KS Williamson,AR Nurse,1,0,,,,,,,,,
1144511,2019,2019-06-22,Old Trafford,1,30.6,New Zealand,West Indies,KS Williamson,LRPL Taylor,AR Nurse,1,0,,,,,,,,,
1144511,2019,2019-06-22,Old Trafford,1,31.1,New Zealand,West Indies,KS Williamson,LRPL Taylor,O Thomas,1,0,,,,,,,,,
1144511,2019,2019-06-22,Old Trafford,1,31.2,New Zealand,West Indies,LRPL Taylor,KS Williamson,O Thomas,0,0,,,,,,,,,
1144511,2019,2019-06-22,Old Trafford,1,31.3,New Zealand,West Indies,LRPL Taylor,KS Williamson,O Thomas,0,0,,,,,,,,,
1144511,2019,2019-06-22,Old Trafford,1,31.4,New Zealand,West Indies,LRPL Taylor,KS Williamson,O Thomas,2,0,,,,,,,,,
1144511,2019,2019-06-22,Old Trafford,1,31.5,New Zealand,West Indies,LRPL Taylor,KS Williamson,O Thomas,0,0,,,,,,,,,
1144511,2019,2019-06-22,Old Trafford,1,31.6,New Zealand,West Indies,LRPL Taylor,KS Williamson,O Thomas,0,0,,,,,,,,,
1144511,2019,2019-06-22,Old Trafford,1,32.1,New Zealand,West Indies,KS Williamson,LRPL Taylor,CH Gayle,1,0,,,,,,,,,
1144511,2019,2019-06-22,Old Trafford,1,32.2,New Zealand,West Indies,LRPL Taylor,KS Williamson,CH Gayle,1,0,,,,,,,,,
1144511,2019,2019-06-22,Old Trafford,1,32.3,New Zealand,West Indies,KS Williamson,LRPL Taylor,CH Gayle,1,0,,,,,,,,,
1144511,2019,2019-06-22,Old Trafford,1,32.4,New Zealand,West Indies,LRPL Taylor,KS Williamson,CH Gayle,1,0,,,,,,,,,
1144511,2019,2019-06-22,Old Trafford,1,32.5,New Zealand,West Indies,KS Williamson,LRPL Taylor,CH Gayle,1,0,,,,,,,,,
1144511,2019,2019-06-22,Old Trafford,1,32.6,New Zealand,West Indies,LRPL Taylor,KS Williamson,CH Gayle,0,0,,,,,,,,,
1144511,2019,2019-06-22,Old Trafford,1,33.1,New Zealand,West Indies,KS Williamson,LRPL Taylor,CR Brathwaite,1,0,,,,,,,,,
1144511,2019,2019-06-22,Old Trafford,1,33.2,New Zealand,West Indies,LRPL Taylor,KS Williamson,CR Brathwaite,0,0,,,,,,,,,
1144511,2019,2019-06-22,Old Trafford,1,33.3,New Zealand,West Indies,LRPL Taylor,KS Williamson,CR Brathwaite,1,0,,,,,,,,,
1144511,2019,2019-06-22,Old Trafford,1,33.4,New Zealand,West Indies,KS Williamson,LRPL Taylor,CR Brathwaite,4,0,,,,,,,,,
1144511,2019,2019-06-22,Old Trafford,1,33.5,New Zealand,West Indies,KS Williamson,LRPL Taylor,CR Brathwaite,1,0,,,,,,,,,
1144511,2019,2019-06-22,Old Trafford,1,33.6,New Zealand,West Indies,LRPL Taylor,KS Williamson,CR Brathwaite,1,0,,,,,,,,,
1144511,2019,2019-06-22,Old Trafford,1,34.1,New Zealand,West Indies,LRPL Taylor,KS Williamson,CH Gayle,0,1,1,,,,,,,,
1144511,2019,2019-06-22,Old Trafford,1,34.2,New Zealand,West Indies,LRPL Taylor,KS Williamson,CH Gayle,0,0,,,,,,,,,
1144511,2019,2019-06-22,Old Trafford,1,34.3,New Zealand,West Indies,LRPL Taylor,KS Williamson,CH Gayle,0,0,,,,,,,,,
1144511,2019,2019-06-22,Old Trafford,1,34.4,New Zealand,West Indies,LRPL Taylor,KS Williamson,CH Gayle,0,0,,,,,,caught,LRPL Taylor,,
1144511,2019,2019-06-22,Old Trafford,1,34.5,New Zealand,West Indies,TWM Latham,KS Williamson,CH Gayle,1,0,,,,,,,,,
1144511,2019,2019-06-22,Old Trafford,1,34.6,New Zealand,West Indies,KS Williamson,TWM Latham,CH Gayle,0,0,,,,,,,,,
1144511,2019,2019-06-22,Old Trafford,1,34.7,New Zealand,West Indies,KS Williamson,TWM Latham,CH Gayle,1,0,,,,,,,,,
1144511,2019,2019-06-22,Old Trafford,1,35.1,New Zealand,West Indies,KS Williamson,TWM Latham,KAJ Roach,2,0,,,,,,,,,
1144511,2019,2019-06-22,Old Trafford,1,35.2,New Zealand,West Indies,KS Williamson,TWM Latham,KAJ Roach,2,0,,,,,,,,,
1144511,2019,2019-06-22,Old Trafford,1,35.3,New Zealand,West Indies,KS Williamson,TWM Latham,KAJ Roach,0,0,,,,,,,,,
1144511,2019,2019-06-22,Old Trafford,1,35.4,New Zealand,West Indies,KS Williamson,TWM Latham,KAJ Roach,1,0,,,,,,,,,
1144511,2019,2019-06-22,Old Trafford,1,35.5,New Zealand,West Indies,TWM Latham,KS Williamson,KAJ Roach,0,0,,,,,,,,,
1144511,2019,2019-06-22,Old Trafford,1,35.6,New Zealand,West Indies,TWM Latham,KS Williamson,KAJ Roach,0,0,,,,,,,,,
1144511,2019,2019-06-22,Old Trafford,1,36.1,New Zealand,West Indies,KS Williamson,TWM Latham,JO Holder,0,0,,,,,,,,,
1144511,2019,2019-06-22,Old Trafford,1,36.2,New Zealand,West Indies,KS Williamson,TWM Latham,JO Holder,1,0,,,,,,,,,
1144511,2019,2019-06-22,Old Trafford,1,36.3,New Zealand,West Indies,TWM Latham,KS Williamson,JO Holder,1,0,,,,,,,,,
1144511,2019,2019-06-22,Old Trafford,1,36.4,New Zealand,West Indies,KS Williamson,TWM Latham,JO Holder,0,0,,,,,,,,,
1144511,2019,2019-06-22,Old Trafford,1,36.5,New Zealand,West Indies,KS Williamson,TWM Latham,JO Holder,0,0,,,,,,,,,
1144511,2019,2019-06-22,Old Trafford,1,36.6,New Zealand,West Indies,KS Williamson,TWM Latham,JO Holder,0,0,,,,,,,,,
1144511,2019,2019-06-22,Old Trafford,1,37.1,New Zealand,West Indies,TWM Latham,KS Williamson,KAJ Roach,1,0,,,,,,,,,
1144511,2019,2019-06-22,Old Trafford,1,37.2,New Zealand,West Indies,KS Williamson,TWM Latham,KAJ Roach,0,0,,,,,,,,,
1144511,2019,2019-06-22,Old Trafford,1,37.3,New Zealand,West Indies,KS Williamson,TWM Latham,KAJ Roach,4,0,,,,,,,,,
1144511,2019,2019-06-22,Old Trafford,1,37.4,New Zealand,West Indies,KS Williamson,TWM Latham,KAJ Roach,0,0,,,,,,,,,
1144511,2019,2019-06-22,Old Trafford,1,37.5,New Zealand,West Indies,KS Williamson,TWM Latham,KAJ Roach,1,0,,,,,,,,,
1144511,2019,2019-06-22,Old Trafford,1,37.6,New Zealand,West Indies,TWM Latham,KS Williamson,KAJ Roach,1,0,,,,,,,,,
1144511,2019,2019-06-22,Old Trafford,1,38.1,New Zealand,West Indies,TWM Latham,KS Williamson,AR Nurse,1,0,,,,,,,,,
1144511,2019,2019-06-22,Old Trafford,1,38.2,New Zealand,West Indies,KS Williamson,TWM Latham,AR Nurse,0,0,,,,,,,,,
1144511,2019,2019-06-22,Old Trafford,1,38.3,New Zealand,West Indies,KS Williamson,TWM Latham,AR Nurse,1,0,,,,,,,,,
1144511,2019,2019-06-22,Old Trafford,1,38.4,New Zealand,West Indies,TWM Latham,KS Williamson,AR Nurse,1,0,,,,,,,,,
1144511,2019,2019-06-22,Old Trafford,1,38.5,New Zealand,West Indies,KS Williamson,TWM Latham,AR Nurse,0,0,,,,,,,,,
1144511,2019,2019-06-22,Old Trafford,1,38.6,New Zealand,West Indies,KS Williamson,TWM Latham,AR Nurse,1,0,,,,,,,,,
1144511,2019,2019-06-22,Old Trafford,1,39.1,New Zealand,West Indies,KS Williamson,TWM Latham,JO Holder,4,0,,,,,,,,,
1144511,2019,2019-06-22,Old Trafford,1,39.2,New Zealand,West Indies,KS Williamson,TWM Latham,JO Holder,4,0,,,,,,,,,
1144511,2019,2019-06-22,Old Trafford,1,39.3,New Zealand,West Indies,KS Williamson,TWM Latham,JO Holder,1,0,,,,,,,,,
1144511,2019,2019-06-22,Old Trafford,1,39.4,New Zealand,West Indies,TWM Latham,KS Williamson,JO Holder,1,0,,,,,,,,,
1144511,2019,2019-06-22,Old Trafford,1,39.5,New Zealand,West Indies,KS Williamson,TWM Latham,JO Holder,1,0,,,,,,,,,
1144511,2019,2019-06-22,Old Trafford,1,39.6,New Zealand,West Indies,TWM Latham,KS Williamson,JO Holder,1,0,,,,,,,,,
1144511,2019,2019-06-22,Old Trafford,1,40.1,New Zealand,West Indies,TWM Latham,KS Williamson,AR Nurse,0,0,,,,,,,,,
1144511,2019,2019-06-22,Old Trafford,1,40.2,New Zealand,West Indies,TWM Latham,KS Williamson,AR Nurse,1,0,,,,,,,,,
1144511,2019,2019-06-22,Old Trafford,1,40.3,New Zealand,West Indies,KS Williamson,TWM Latham,AR Nurse,0,0,,,,,,,,,
1144511,2019,2019-06-22,Old Trafford,1,40.4,New Zealand,West Indies,KS Williamson,TWM Latham,AR Nurse,1,0,,,,,,,,,
1144511,2019,2019-06-22,Old Trafford,1,40.5,New Zealand,West Indies,TWM Latham,KS Williamson,AR Nurse,1,0,,,,,,,,,
1144511,2019,2019-06-22,Old Trafford,1,40.6,New Zealand,West Indies,KS Williamson,TWM Latham,AR Nurse,4,0,,,,,,,,,
1144511,2019,2019-06-22,Old Trafford,1,41.1,New Zealand,West Indies,TWM Latham,KS Williamson,SS Cottrell,1,0,,,,,,,,,
1144511,2019,2019-06-22,Old Trafford,1,41.2,New Zealand,West Indies,KS Williamson,TWM Latham,SS Cottrell,1,0,,,,,,,,,
1144511,2019,2019-06-22,Old Trafford,1,41.3,New Zealand,West Indies,TWM Latham,KS Williamson,SS Cottrell,1,0,,,,,,,,,
1144511,2019,2019-06-22,Old Trafford,1,41.4,New Zealand,West Indies,KS Williamson,TWM Latham,SS Cottrell,1,0,,,,,,,,,
1144511,2019,2019-06-22,Old Trafford,1,41.5,New Zealand,West Indies,TWM Latham,KS Williamson,SS Cottrell,0,0,,,,,,caught and bowled,TWM Latham,,
1144511,2019,2019-06-22,Old Trafford,1,41.6,New Zealand,West Indies,KS Williamson,JDS Neesham,SS Cottrell,0,0,,,,,,,,,
1144511,2019,2019-06-22,Old Trafford,1,42.1,New Zealand,West Indies,JDS Neesham,KS Williamson,AR Nurse,0,0,,,,,,,,,
1144511,2019,2019-06-22,Old Trafford,1,42.2,New Zealand,West Indies,JDS Neesham,KS Williamson,AR Nurse,0,0,,,,,,,,,
1144511,2019,2019-06-22,Old Trafford,1,42.3,New Zealand,West Indies,JDS Neesham,KS Williamson,AR Nurse,1,0,,,,,,,,,
1144511,2019,2019-06-22,Old Trafford,1,42.4,New Zealand,West Indies,KS Williamson,JDS Neesham,AR Nurse,4,0,,,,,,,,,
1144511,2019,2019-06-22,Old Trafford,1,42.5,New Zealand,West Indies,KS Williamson,JDS Neesham,AR Nurse,1,0,,,,,,,,,
1144511,2019,2019-06-22,Old Trafford,1,42.6,New Zealand,West Indies,JDS Neesham,KS Williamson,AR Nurse,1,0,,,,,,,,,
1144511,2019,2019-06-22,Old Trafford,1,43.1,New Zealand,West Indies,JDS Neesham,KS Williamson,SS Cottrell,0,0,,,,,,,,,
1144511,2019,2019-06-22,Old Trafford,1,43.2,New Zealand,West Indies,JDS Neesham,KS Williamson,SS Cottrell,1,0,,,,,,,,,
1144511,2019,2019-06-22,Old Trafford,1,43.3,New Zealand,West Indies,KS Williamson,JDS Neesham,SS Cottrell,0,0,,,,,,,,,
1144511,2019,2019-06-22,Old Trafford,1,43.4,New Zealand,West Indies,KS Williamson,JDS Neesham,SS Cottrell,4,0,,,,,,,,,
1144511,2019,2019-06-22,Old Trafford,1,43.5,New Zealand,West Indies,KS Williamson,JDS Neesham,SS Cottrell,0,0,,,,,,,,,
1144511,2019,2019-06-22,Old Trafford,1,43.6,New Zealand,West Indies,KS Williamson,JDS Neesham,SS Cottrell,6,0,,,,,,,,,
1144511,2019,2019-06-22,Old Trafford,1,44.1,New Zealand,West Indies,JDS Neesham,KS Williamson,AR Nurse,1,0,,,,,,,,,
1144511,2019,2019-06-22,Old Trafford,1,44.2,New Zealand,West Indies,KS Williamson,JDS Neesham,AR Nurse,1,0,,,,,,,,,
1144511,2019,2019-06-22,Old Trafford,1,44.3,New Zealand,West Indies,JDS Neesham,KS Williamson,AR Nurse,1,0,,,,,,,,,
1144511,2019,2019-06-22,Old Trafford,1,44.4,New Zealand,West Indies,KS Williamson,JDS Neesham,AR Nurse,2,0,,,,,,,,,
1144511,2019,2019-06-22,Old Trafford,1,44.5,New Zealand,West Indies,KS Williamson,JDS Neesham,AR Nurse,4,0,,,,,,,,,
1144511,2019,2019-06-22,Old Trafford,1,44.6,New Zealand,West Indies,KS Williamson,JDS Neesham,AR Nurse,2,0,,,,,,,,,
1144511,2019,2019-06-22,Old Trafford,1,45.1,New Zealand,West Indies,JDS Neesham,KS Williamson,CR Brathwaite,1,0,,,,,,,,,
1144511,2019,2019-06-22,Old Trafford,1,45.2,New Zealand,West Indies,KS Williamson,JDS Neesham,CR Brathwaite,0,0,,,,,,,,,
1144511,2019,2019-06-22,Old Trafford,1,45.3,New Zealand,West Indies,KS Williamson,JDS Neesham,CR Brathwaite,1,0,,,,,,,,,
1144511,2019,2019-06-22,Old Trafford,1,45.4,New Zealand,West Indies,JDS Neesham,KS Williamson,CR Brathwaite,6,0,,,,,,,,,
1144511,2019,2019-06-22,Old Trafford,1,45.5,New Zealand,West Indies,JDS Neesham,KS Williamson,CR Brathwaite,2,0,,,,,,,,,
1144511,2019,2019-06-22,Old Trafford,1,45.6,New Zealand,West Indies,JDS Neesham,KS Williamson,CR Brathwaite,1,0,,,,,,,,,
1144511,2019,2019-06-22,Old Trafford,1,46.1,New Zealand,West Indies,JDS Neesham,KS Williamson,SS Cottrell,1,0,,,,,,,,,
1144511,2019,2019-06-22,Old Trafford,1,46.2,New Zealand,West Indies,KS Williamson,JDS Neesham,SS Cottrell,0,0,,,,,,,,,
1144511,2019,2019-06-22,Old Trafford,1,46.3,New Zealand,West Indies,KS Williamson,JDS Neesham,SS Cottrell,0,0,,,,,,caught,KS Williamson,,
1144511,2019,2019-06-22,Old Trafford,1,46.4,New Zealand,West Indies,JDS Neesham,C de Grandhomme,SS Cottrell,1,0,,,,,,,,,
1144511,2019,2019-06-22,Old Trafford,1,46.5,New Zealand,West Indies,C de Grandhomme,JDS Neesham,SS Cottrell,1,0,,,,,,,,,
1144511,2019,2019-06-22,Old Trafford,1,46.6,New Zealand,West Indies,JDS Neesham,C de Grandhomme,SS Cottrell,0,0,,,,,,,,,
1144511,2019,2019-06-22,Old Trafford,1,47.1,New Zealand,West Indies,C de Grandhomme,JDS Neesham,CR Brathwaite,2,0,,,,,,,,,
1144511,2019,2019-06-22,Old Trafford,1,47.2,New Zealand,West Indies,C de Grandhomme,JDS Neesham,CR Brathwaite,0,1,1,,,,,,,,
1144511,2019,2019-06-22,Old Trafford,1,47.3,New Zealand,West Indies,C de Grandhomme,JDS Neesham,CR Brathwaite,4,0,,,,,,,,,
1144511,2019,2019-06-22,Old Trafford,1,47.4,New Zealand,West Indies,C de Grandhomme,JDS Neesham,CR Brathwaite,2,0,,,,,,,,,
1144511,2019,2019-06-22,Old Trafford,1,47.5,New Zealand,West Indies,C de Grandhomme,JDS Neesham,CR Brathwaite,1,0,,,,,,,,,
1144511,2019,2019-06-22,Old Trafford,1,47.6,New Zealand,West Indies,JDS Neesham,C de Grandhomme,CR Brathwaite,1,0,,,,,,,,,
1144511,2019,2019-06-22,Old Trafford,1,47.7,New Zealand,West Indies,C de Grandhomme,JDS Neesham,CR Brathwaite,6,0,,,,,,,,,
1144511,2019,2019-06-22,Old Trafford,1,48.1,New Zealand,West Indies,JDS Neesham,C de Grandhomme,SS Cottrell,0,0,,,,,,run out,C de Grandhomme,,
1144511,2019,2019-06-22,Old Trafford,1,48.2,New Zealand,West Indies,JDS Neesham,MJ Santner,SS Cottrell,2,0,,,,,,,,,
1144511,2019,2019-06-22,Old Trafford,1,48.3,New Zealand,West Indies,JDS Neesham,MJ Santner,SS Cottrell,1,0,,,,,,,,,
1144511,2019,2019-06-22,Old Trafford,1,48.4,New Zealand,West Indies,MJ Santner,JDS Neesham,SS Cottrell,0,1,1,,,,,,,,
1144511,2019,2019-06-22,Old Trafford,1,48.5,New Zealand,West Indies,MJ Santner,JDS Neesham,SS Cottrell,1,0,,,,,,,,,
1144511,2019,2019-06-22,Old Trafford,1,48.6,New Zealand,West Indies,JDS Neesham,MJ Santner,SS Cottrell,2,0,,,,,,,,,
1144511,2019,2019-06-22,Old Trafford,1,48.7,New Zealand,West Indies,JDS Neesham,MJ Santner,SS Cottrell,4,0,,,,,,,,,
1144511,2019,2019-06-22,Old Trafford,1,49.1,New Zealand,West Indies,MJ Santner,JDS Neesham,CR Brathwaite,1,0,,,,,,,,,
1144511,2019,2019-06-22,Old Trafford,1,49.2,New Zealand,West Indies,JDS Neesham,MJ Santner,CR Brathwaite,1,0,,,,,,,,,
1144511,2019,2019-06-22,Old Trafford,1,49.3,New Zealand,West Indies,MJ Santner,JDS Neesham,CR Brathwaite,2,0,,,,,,,,,
1144511,2019,2019-06-22,Old Trafford,1,49.4,New Zealand,West Indies,MJ Santner,JDS Neesham,CR Brathwaite,6,0,,,,,,,,,
1144511,2019,2019-06-22,Old Trafford,1,49.5,New Zealand,West Indies,MJ Santner,JDS Neesham,CR Brathwaite,0,0,,,,,,caught,MJ Santner,,
1144511,2019,2019-06-22,Old Trafford,1,49.6,New Zealand,West Indies,JDS Neesham,MJ Henry,CR Brathwaite,0,0,,,,,,caught,JDS Neesham,,
1144511,2019,2019-06-22,Old Trafford,2,0.1,West Indies,New Zealand,CH Gayle,SD Hope,TA Boult,0,0,,,,,,,,,
1144511,2019,2019-06-22,Old Trafford,2,0.2,West Indies,New Zealand,CH Gayle,SD Hope,TA Boult,0,0,,,,,,,,,
1144511,2019,2019-06-22,Old Trafford,2,0.3,West Indies,New Zealand,CH Gayle,SD Hope,TA Boult,0,0,,,,,,,,,
1144511,2019,2019-06-22,Old Trafford,2,0.4,West Indies,New Zealand,CH Gayle,SD Hope,TA Boult,0,0,,,,,,,,,
1144511,2019,2019-06-22,Old Trafford,2,0.5,West Indies,New Zealand,CH Gayle,SD Hope,TA Boult,0,0,,,,,,,,,
1144511,2019,2019-06-22,Old Trafford,2,0.6,West Indies,New Zealand,CH Gayle,SD Hope,TA Boult,0,0,,,,,,,,,
1144511,2019,2019-06-22,Old Trafford,2,1.1,West Indies,New Zealand,SD Hope,CH Gayle,MJ Henry,1,0,,,,,,,,,
1144511,2019,2019-06-22,Old Trafford,2,1.2,West Indies,New Zealand,CH Gayle,SD Hope,MJ Henry,0,0,,,,,,,,,
1144511,2019,2019-06-22,Old Trafford,2,1.3,West Indies,New Zealand,CH Gayle,SD Hope,MJ Henry,0,0,,,,,,,,,
1144511,2019,2019-06-22,Old Trafford,2,1.4,West Indies,New Zealand,CH Gayle,SD Hope,MJ Henry,0,0,,,,,,,,,
1144511,2019,2019-06-22,Old Trafford,2,1.5,West Indies,New Zealand,CH Gayle,SD Hope,MJ Henry,0,0,,,,,,,,,
1144511,2019,2019-06-22,Old Trafford,2,1.6,West Indies,New Zealand,CH Gayle,SD Hope,MJ Henry,1,0,,,,,,,,,
1144511,2019,2019-06-22,Old Trafford,2,2.1,West Indies,New Zealand,CH Gayle,SD Hope,TA Boult,0,0,,,,,,,,,
1144511,2019,2019-06-22,Old Trafford,2,2.2,West Indies,New Zealand,CH Gayle,SD Hope,TA Boult,1,0,,,,,,,,,
1144511,2019,2019-06-22,Old Trafford,2,2.3,West Indies,New Zealand,SD Hope,CH Gayle,TA Boult,0,0,,,,,,,,,
1144511,2019,2019-06-22,Old Trafford,2,2.4,West Indies,New Zealand,SD Hope,CH Gayle,TA Boult,0,0,,,,,,bowled,SD Hope,,
1144511,2019,2019-06-22,Old Trafford,2,2.5,West Indies,New Zealand,N Pooran,CH Gayle,TA Boult,0,0,,,,,,,,,
1144511,2019,2019-06-22,Old Trafford,2,2.6,West Indies,New Zealand,N Pooran,CH Gayle,TA Boult,0,0,,,,,,,,,
1144511,2019,2019-06-22,Old Trafford,2,3.1,West Indies,New Zealand,CH Gayle,N Pooran,MJ Henry,0,0,,,,,,,,,
1144511,2019,2019-06-22,Old Trafford,2,3.2,West Indies,New Zealand,CH Gayle,N Pooran,MJ Henry,0,0,,,,,,,,,
1144511,2019,2019-06-22,Old Trafford,2,3.3,West Indies,New Zealand,CH Gayle,N Pooran,MJ Henry,0,2,,,,2,,,,,
1144511,2019,2019-06-22,Old Trafford,2,3.4,West Indies,New Zealand,CH Gayle,N Pooran,MJ Henry,0,0,,,,,,,,,
1144511,2019,2019-06-22,Old Trafford,2,3.5,West Indies,New Zealand,CH Gayle,N Pooran,MJ Henry,0,0,,,,,,,,,
1144511,2019,2019-06-22,Old Trafford,2,3.6,West Indies,New Zealand,CH Gayle,N Pooran,MJ Henry,1,0,,,,,,,,,
1144511,2019,2019-06-22,Old Trafford,2,4.1,West Indies,New Zealand,CH Gayle,N Pooran,TA Boult,1,0,,,,,,,,,
1144511,2019,2019-06-22,Old Trafford,2,4.2,West Indies,New Zealand,N Pooran,CH Gayle,TA Boult,0,0,,,,,,,,,
1144511,2019,2019-06-22,Old Trafford,2,4.3,West Indies,New Zealand,N Pooran,CH Gayle,TA Boult,1,0,,,,,,,,,
1144511,2019,2019-06-22,Old Trafford,2,4.4,West Indies,New Zealand,CH Gayle,N Pooran,TA Boult,0,0,,,,,,,,,
1144511,2019,2019-06-22,Old Trafford,2,4.5,West Indies,New Zealand,CH Gayle,N Pooran,TA Boult,1,0,,,,,,,,,
1144511,2019,2019-06-22,Old Trafford,2,4.6,West Indies,New Zealand,N Pooran,CH Gayle,TA Boult,0,0,,,,,,,,,
1144511,2019,2019-06-22,Old Trafford,2,5.1,West Indies,New Zealand,CH Gayle,N Pooran,MJ Henry,0,0,,,,,,,,,
1144511,2019,2019-06-22,Old Trafford,2,5.2,West Indies,New Zealand,CH Gayle,N Pooran,MJ Henry,4,0,,,,,,,,,
1144511,2019,2019-06-22,Old Trafford,2,5.3,West Indies,New Zealand,CH Gayle,N Pooran,MJ Henry,6,0,,,,,,,,,
1144511,2019,2019-06-22,Old Trafford,2,5.4,West Indies,New Zealand,CH Gayle,N Pooran,MJ Henry,0,1,1,,,,,,,,
1144511,2019,2019-06-22,Old Trafford,2,5.5,West Indies,New Zealand,CH Gayle,N Pooran,MJ Henry,0,0,,,,,,,,,
1144511,2019,2019-06-22,Old Trafford,2,5.6,West Indies,New Zealand,CH Gayle,N Pooran,MJ Henry,0,0,,,,,,,,,
1144511,2019,2019-06-22,Old Trafford,2,5.7,West Indies,New Zealand,CH Gayle,N Pooran,MJ Henry,0,0,,,,,,,,,
1144511,2019,2019-06-22,Old Trafford,2,6.1,West Indies,New Zealand,N Pooran,CH Gayle,TA Boult,0,0,,,,,,,,,
1144511,2019,2019-06-22,Old Trafford,2,6.2,West Indies,New Zealand,N Pooran,CH Gayle,TA Boult,0,0,,,,,,caught,N Pooran,,
1144511,2019,2019-06-22,Old Trafford,2,6.3,West Indies,New Zealand,SO Hetmyer,CH Gayle,TA Boult,0,0,,,,,,,,,
1144511,2019,2019-06-22,Old Trafford,2,6.4,West Indies,New Zealand,SO Hetmyer,CH Gayle,TA Boult,4,0,,,,,,,,,
1144511,2019,2019-06-22,Old Trafford,2,6.5,West Indies,New Zealand,SO Hetmyer,CH Gayle,TA Boult,2,0,,,,,,,,,
1144511,2019,2019-06-22,Old Trafford,2,6.6,West Indies,New Zealand,SO Hetmyer,CH Gayle,TA Boult,0,0,,,,,,,,,
1144511,2019,2019-06-22,Old Trafford,2,7.1,West Indies,New Zealand,CH Gayle,SO Hetmyer,MJ Henry,4,0,,,,,,,,,
1144511,2019,2019-06-22,Old Trafford,2,7.2,West Indies,New Zealand,CH Gayle,SO Hetmyer,MJ Henry,6,0,,,,,,,,,
1144511,2019,2019-06-22,Old Trafford,2,7.3,West Indies,New Zealand,CH Gayle,SO Hetmyer,MJ Henry,6,0,,,,,,,,,
1144511,2019,2019-06-22,Old Trafford,2,7.4,West Indies,New Zealand,CH Gayle,SO Hetmyer,MJ Henry,0,0,,,,,,,,,
1144511,2019,2019-06-22,Old Trafford,2,7.5,West Indies,New Zealand,CH Gayle,SO Hetmyer,MJ Henry,0,1,1,,,,,,,,
1144511,2019,2019-06-22,Old Trafford,2,7.6,West Indies,New Zealand,CH Gayle,SO Hetmyer,MJ Henry,1,0,,,,,,,,,
1144511,2019,2019-06-22,Old Trafford,2,7.7,West Indies,New Zealand,SO Hetmyer,CH Gayle,MJ Henry,0,0,,,,,,,,,
1144511,2019,2019-06-22,Old Trafford,2,8.1,West Indies,New Zealand,CH Gayle,SO Hetmyer,TA Boult,4,0,,,,,,,,,
1144511,2019,2019-06-22,Old Trafford,2,8.2,West Indies,New Zealand,CH Gayle,SO Hetmyer,TA Boult,0,0,,,,,,,,,
1144511,2019,2019-06-22,Old Trafford,2,8.3,West Indies,New Zealand,CH Gayle,SO Hetmyer,TA Boult,0,0,,,,,,,,,
1144511,2019,2019-06-22,Old Trafford,2,8.4,West Indies,New Zealand,CH Gayle,SO Hetmyer,TA Boult,1,0,,,,,,,,,
1144511,2019,2019-06-22,Old Trafford,2,8.5,West Indies,New Zealand,SO Hetmyer,CH Gayle,TA Boult,0,0,,,,,,,,,
1144511,2019,2019-06-22,Old Trafford,2,8.6,West Indies,New Zealand,SO Hetmyer,CH Gayle,TA Boult,1,0,,,,,,,,,
1144511,2019,2019-06-22,Old Trafford,2,9.1,West Indies,New Zealand,SO Hetmyer,CH Gayle,LH Ferguson,0,0,,,,,,,,,
1144511,2019,2019-06-22,Old Trafford,2,9.2,West Indies,New Zealand,SO Hetmyer,CH Gayle,LH Ferguson,0,0,,,,,,,,,
1144511,2019,2019-06-22,Old Trafford,2,9.3,West Indies,New Zealand,SO Hetmyer,CH Gayle,LH Ferguson,0,0,,,,,,,,,
1144511,2019,2019-06-22,Old Trafford,2,9.4,West Indies,New Zealand,SO Hetmyer,CH Gayle,LH Ferguson,4,0,,,,,,,,,
1144511,2019,2019-06-22,Old Trafford,2,9.5,West Indies,New Zealand,SO Hetmyer,CH Gayle,LH Ferguson,1,0,,,,,,,,,
1144511,2019,2019-06-22,Old Trafford,2,9.6,West Indies,New Zealand,CH Gayle,SO Hetmyer,LH Ferguson,4,0,,,,,,,,,
1144511,2019,2019-06-22,Old Trafford,2,10.1,West Indies,New Zealand,SO Hetmyer,CH Gayle,JDS Neesham,0,0,,,,,,,,,
1144511,2019,2019-06-22,Old Trafford,2,10.2,West Indies,New Zealand,SO Hetmyer,CH Gayle,JDS Neesham,4,0,,,,,,,,,
1144511,2019,2019-06-22,Old Trafford,2,10.3,West Indies,New Zealand,SO Hetmyer,CH Gayle,JDS Neesham,0,0,,,,,,,,,
1144511,2019,2019-06-22,Old Trafford,2,10.4,West Indies,New Zealand,SO Hetmyer,CH Gayle,JDS Neesham,0,0,,,,,,,,,
1144511,2019,2019-06-22,Old Trafford,2,10.5,West Indies,New Zealand,SO Hetmyer,CH Gayle,JDS Neesham,4,0,,,,,,,,,
1144511,2019,2019-06-22,Old Trafford,2,10.6,West Indies,New Zealand,SO Hetmyer,CH Gayle,JDS Neesham,4,0,,,,,,,,,
1144511,2019,2019-06-22,Old Trafford,2,11.1,West Indies,New Zealand,CH Gayle,SO Hetmyer,LH Ferguson,0,0,,,,,,,,,
1144511,2019,2019-06-22,Old Trafford,2,11.2,West Indies,New Zealand,CH Gayle,SO Hetmyer,LH Ferguson,1,0,,,,,,,,,
1144511,2019,2019-06-22,Old Trafford,2,11.3,West Indies,New Zealand,SO Hetmyer,CH Gayle,LH Ferguson,1,0,,,,,,,,,
1144511,2019,2019-06-22,Old Trafford,2,11.4,West Indies,New Zealand,CH Gayle,SO Hetmyer,LH Ferguson,0,1,1,,,,,,,,
1144511,2019,2019-06-22,Old Trafford,2,11.5,West Indies,New Zealand,CH Gayle,SO Hetmyer,LH Ferguson,1,0,,,,,,,,,
1144511,2019,2019-06-22,Old Trafford,2,11.6,West Indies,New Zealand,SO Hetmyer,CH Gayle,LH Ferguson,0,0,,,,,,,,,
1144511,2019,2019-06-22,Old Trafford,2,11.7,West Indies,New Zealand,SO Hetmyer,CH Gayle,LH Ferguson,0,0,,,,,,,,,
1144511,2019,2019-06-22,Old Trafford,2,12.1,West Indies,New Zealand,CH Gayle,SO Hetmyer,JDS Neesham,0,0,,,,,,,,,
1144511,2019,2019-06-22,Old Trafford,2,12.2,West Indies,New Zealand,CH Gayle,SO Hetmyer,JDS Neesham,1,0,,,,,,,,,
1144511,2019,2019-06-22,Old Trafford,2,12.3,West Indies,New Zealand,SO Hetmyer,CH Gayle,JDS Neesham,1,0,,,,,,,,,
1144511,2019,2019-06-22,Old Trafford,2,12.4,West Indies,New Zealand,CH Gayle,SO Hetmyer,JDS Neesham,1,0,,,,,,,,,
1144511,2019,2019-06-22,Old Trafford,2,12.5,West Indies,New Zealand,SO Hetmyer,CH Gayle,JDS Neesham,0,0,,,,,,,,,
1144511,2019,2019-06-22,Old Trafford,2,12.6,West Indies,New Zealand,SO Hetmyer,CH Gayle,JDS Neesham,0,0,,,,,,,,,
1144511,2019,2019-06-22,Old Trafford,2,13.1,West Indies,New Zealand,CH Gayle,SO Hetmyer,LH Ferguson,0,0,,,,,,,,,
1144511,2019,2019-06-22,Old Trafford,2,13.2,West Indies,New Zealand,CH Gayle,SO Hetmyer,LH Ferguson,0,0,,,,,,,,,
1144511,2019,2019-06-22,Old Trafford,2,13.3,West Indies,New Zealand,CH Gayle,SO Hetmyer,LH Ferguson,0,0,,,,,,,,,
1144511,2019,2019-06-22,Old Trafford,2,13.4,West Indies,New Zealand,CH Gayle,SO Hetmyer,LH Ferguson,1,0,,,,,,,,,
1144511,2019,2019-06-22,Old Trafford,2,13.5,West Indies,New Zealand,SO Hetmyer,CH Gayle,LH Ferguson,4,0,,,,,,,,,
1144511,2019,2019-06-22,Old Trafford,2,13.6,West Indies,New Zealand,SO Hetmyer,CH Gayle,LH Ferguson,1,0,,,,,,,,,
1144511,2019,2019-06-22,Old Trafford,2,14.1,West Indies,New Zealand,SO Hetmyer,CH Gayle,JDS Neesham,0,0,,,,,,,,,
1144511,2019,2019-06-22,Old Trafford,2,14.2,West Indies,New Zealand,SO Hetmyer,CH Gayle,JDS Neesham,1,0,,,,,,,,,
1144511,2019,2019-06-22,Old Trafford,2,14.3,West Indies,New Zealand,CH Gayle,SO Hetmyer,JDS Neesham,0,0,,,,,,,,,
1144511,2019,2019-06-22,Old Trafford,2,14.4,West Indies,New Zealand,CH Gayle,SO Hetmyer,JDS Neesham,0,0,,,,,,,,,
1144511,2019,2019-06-22,Old Trafford,2,14.5,West Indies,New Zealand,CH Gayle,SO Hetmyer,JDS Neesham,4,0,,,,,,,,,
1144511,2019,2019-06-22,Old Trafford,2,14.6,West Indies,New Zealand,CH Gayle,SO Hetmyer,JDS Neesham,0,0,,,,,,,,,
1144511,2019,2019-06-22,Old Trafford,2,15.1,West Indies,New Zealand,SO Hetmyer,CH Gayle,MJ Santner,1,0,,,,,,,,,
1144511,2019,2019-06-22,Old Trafford,2,15.2,West Indies,New Zealand,CH Gayle,SO Hetmyer,MJ Santner,0,0,,,,,,,,,
1144511,2019,2019-06-22,Old Trafford,2,15.3,West Indies,New Zealand,CH Gayle,SO Hetmyer,MJ Santner,0,0,,,,,,,,,
1144511,2019,2019-06-22,Old Trafford,2,15.4,West Indies,New Zealand,CH Gayle,SO Hetmyer,MJ Santner,0,0,,,,,,,,,
1144511,2019,2019-06-22,Old Trafford,2,15.5,West Indies,New Zealand,CH Gayle,SO Hetmyer,MJ Santner,1,0,,,,,,,,,
1144511,2019,2019-06-22,Old Trafford,2,15.6,West Indies,New Zealand,SO Hetmyer,CH Gayle,MJ Santner,1,0,,,,,,,,,
1144511,2019,2019-06-22,Old Trafford,2,16.1,West Indies,New Zealand,SO Hetmyer,CH Gayle,MJ Henry,0,0,,,,,,,,,
1144511,2019,2019-06-22,Old Trafford,2,16.2,West Indies,New Zealand,SO Hetmyer,CH Gayle,MJ Henry,4,0,,,,,,,,,
1144511,2019,2019-06-22,Old Trafford,2,16.3,West Indies,New Zealand,SO Hetmyer,CH Gayle,MJ Henry,4,0,,,,,,,,,
1144511,2019,2019-06-22,Old Trafford,2,16.4,West Indies,New Zealand,SO Hetmyer,CH Gayle,MJ Henry,1,0,,,,,,,,,
1144511,2019,2019-06-22,Old Trafford,2,16.5,West Indies,New Zealand,CH Gayle,SO Hetmyer,MJ Henry,0,0,,,,,,,,,
1144511,2019,2019-06-22,Old Trafford,2,16.6,West Indies,New Zealand,CH Gayle,SO Hetmyer,MJ Henry,1,0,,,,,,,,,
1144511,2019,2019-06-22,Old Trafford,2,17.1,West Indies,New Zealand,CH Gayle,SO Hetmyer,MJ Santner,0,0,,,,,,,,,
1144511,2019,2019-06-22,Old Trafford,2,17.2,West Indies,New Zealand,CH Gayle,SO Hetmyer,MJ Santner,6,0,,,,,,,,,
1144511,2019,2019-06-22,Old Trafford,2,17.3,West Indies,New Zealand,CH Gayle,SO Hetmyer,MJ Santner,1,0,,,,,,,,,
1144511,2019,2019-06-22,Old Trafford,2,17.4,West Indies,New Zealand,SO Hetmyer,CH Gayle,MJ Santner,1,0,,,,,,,,,
1144511,2019,2019-06-22,Old Trafford,2,17.5,West Indies,New Zealand,CH Gayle,SO Hetmyer,MJ Santner,0,0,,,,,,,,,
1144511,2019,2019-06-22,Old Trafford,2,17.6,West Indies,New Zealand,CH Gayle,SO Hetmyer,MJ Santner,4,0,,,,,,,,,
1144511,2019,2019-06-22,Old Trafford,2,18.1,West Indies,New Zealand,SO Hetmyer,CH Gayle,MJ Henry,0,0,,,,,,,,,
1144511,2019,2019-06-22,Old Trafford,2,18.2,West Indies,New Zealand,SO Hetmyer,CH Gayle,MJ Henry,0,0,,,,,,,,,
1144511,2019,2019-06-22,Old Trafford,2,18.3,West Indies,New Zealand,SO Hetmyer,CH Gayle,MJ Henry,1,0,,,,,,,,,
1144511,2019,2019-06-22,Old Trafford,2,18.4,West Indies,New Zealand,CH Gayle,SO Hetmyer,MJ Henry,0,0,,,,,,,,,
1144511,2019,2019-06-22,Old Trafford,2,18.5,West Indies,New Zealand,CH Gayle,SO Hetmyer,MJ Henry,0,0,,,,,,,,,
1144511,2019,2019-06-22,Old Trafford,2,18.6,West Indies,New Zealand,CH Gayle,SO Hetmyer,MJ Henry,0,0,,,,,,,,,
1144511,2019,2019-06-22,Old Trafford,2,19.1,West Indies,New Zealand,SO Hetmyer,CH Gayle,MJ Santner,1,0,,,,,,,,,
1144511,2019,2019-06-22,Old Trafford,2,19.2,West Indies,New Zealand,CH Gayle,SO Hetmyer,MJ Santner,6,0,,,,,,,,,
1144511,2019,2019-06-22,Old Trafford,2,19.3,West Indies,New Zealand,CH Gayle,SO Hetmyer,MJ Santner,6,0,,,,,,,,,
1144511,2019,2019-06-22,Old Trafford,2,19.4,West Indies,New Zealand,CH Gayle,SO Hetmyer,MJ Santner,0,0,,,,,,,,,
1144511,2019,2019-06-22,Old Trafford,2,19.5,West Indies,New Zealand,CH Gayle,SO Hetmyer,MJ Santner,1,0,,,,,,,,,
1144511,2019,2019-06-22,Old Trafford,2,19.6,West Indies,New Zealand,SO Hetmyer,CH Gayle,MJ Santner,1,0,,,,,,,,,
1144511,2019,2019-06-22,Old Trafford,2,20.1,West Indies,New Zealand,SO Hetmyer,CH Gayle,LH Ferguson,0,0,,,,,,,,,
1144511,2019,2019-06-22,Old Trafford,2,20.2,West Indies,New Zealand,SO Hetmyer,CH Gayle,LH Ferguson,6,0,,,,,,,,,
1144511,2019,2019-06-22,Old Trafford,2,20.3,West Indies,New Zealand,SO Hetmyer,CH Gayle,LH Ferguson,1,0,,,,,,,,,
1144511,2019,2019-06-22,Old Trafford,2,20.4,West Indies,New Zealand,CH Gayle,SO Hetmyer,LH Ferguson,0,0,,,,,,,,,
1144511,2019,2019-06-22,Old Trafford,2,20.5,West Indies,New Zealand,CH Gayle,SO Hetmyer,LH Ferguson,1,0,,,,,,,,,
1144511,2019,2019-06-22,Old Trafford,2,20.6,West Indies,New Zealand,SO Hetmyer,CH Gayle,LH Ferguson,0,0,,,,,,,,,
1144511,2019,2019-06-22,Old Trafford,2,21.1,West Indies,New Zealand,CH Gayle,SO Hetmyer,C de Grandhomme,0,0,,,,,,,,,
1144511,2019,2019-06-22,Old Trafford,2,21.2,West Indies,New Zealand,CH Gayle,SO Hetmyer,C de Grandhomme,0,0,,,,,,,,,
1144511,2019,2019-06-22,Old Trafford,2,21.3,West Indies,New Zealand,CH Gayle,SO Hetmyer,C de Grandhomme,0,0,,,,,,,,,
1144511,2019,2019-06-22,Old Trafford,2,21.4,West Indies,New Zealand,CH Gayle,SO Hetmyer,C de Grandhomme,0,0,,,,,,,,,
1144511,2019,2019-06-22,Old Trafford,2,21.5,West Indies,New Zealand,CH Gayle,SO Hetmyer,C de Grandhomme,4,0,,,,,,,,,
1144511,2019,2019-06-22,Old Trafford,2,21.6,West Indies,New Zealand,CH Gayle,SO Hetmyer,C de Grandhomme,0,0,,,,,,,,,
1144511,2019,2019-06-22,Old Trafford,2,22.1,West Indies,New Zealand,SO Hetmyer,CH Gayle,LH Ferguson,0,0,,,,,,bowled,SO Hetmyer,,
1144511,2019,2019-06-22,Old Trafford,2,22.2,West Indies,New Zealand,JO Holder,CH Gayle,LH Ferguson,0,0,,,,,,caught,JO Holder,,
1144511,2019,2019-06-22,Old Trafford,2,22.3,West Indies,New Zealand,CR Brathwaite,CH Gayle,LH Ferguson,0,0,,,,,,,,,
1144511,2019,2019-06-22,Old Trafford,2,22.4,West Indies,New Zealand,CR Brathwaite,CH Gayle,LH Ferguson,4,0,,,,,,,,,
1144511,2019,2019-06-22,Old Trafford,2,22.5,West Indies,New Zealand,CR Brathwaite,CH Gayle,LH Ferguson,0,0,,,,,,,,,
1144511,2019,2019-06-22,Old Trafford,2,22.6,West Indies,New Zealand,CR Brathwaite,CH Gayle,LH Ferguson,0,0,,,,,,,,,
1144511,2019,2019-06-22,Old Trafford,2,23.1,West Indies,New Zealand,CH Gayle,CR Brathwaite,C de Grandhomme,0,0,,,,,,,,,
1144511,2019,2019-06-22,Old Trafford,2,23.2,West Indies,New Zealand,CH Gayle,CR Brathwaite,C de Grandhomme,0,0,,,,,,,,,
1144511,2019,2019-06-22,Old Trafford,2,23.3,West Indies,New Zealand,CH Gayle,CR Brathwaite,C de Grandhomme,4,0,,,,,,,,,
1144511,2019,2019-06-22,Old Trafford,2,23.4,West Indies,New Zealand,CH Gayle,CR Brathwaite,C de Grandhomme,0,0,,,,,,,,,
1144511,2019,2019-06-22,Old Trafford,2,23.5,West Indies,New Zealand,CH Gayle,CR Brathwaite,C de Grandhomme,2,0,,,,,,,,,
1144511,2019,2019-06-22,Old Trafford,2,23.6,West Indies,New Zealand,CH Gayle,CR Brathwaite,C de Grandhomme,0,0,,,,,,caught,CH Gayle,,
1144511,2019,2019-06-22,Old Trafford,2,24.1,West Indies,New Zealand,CR Brathwaite,AR Nurse,LH Ferguson,4,0,,,,,,,,,
1144511,2019,2019-06-22,Old Trafford,2,24.2,West Indies,New Zealand,CR Brathwaite,AR Nurse,LH Ferguson,0,0,,,,,,,,,
1144511,2019,2019-06-22,Old Trafford,2,24.3,West Indies,New Zealand,CR Brathwaite,AR Nurse,LH Ferguson,0,0,,,,,,,,,
1144511,2019,2019-06-22,Old Trafford,2,24.4,West Indies,New Zealand,CR Brathwaite,AR Nurse,LH Ferguson,4,0,,,,,,,,,
1144511,2019,2019-06-22,Old Trafford,2,24.5,West Indies,New Zealand,CR Brathwaite,AR Nurse,LH Ferguson,1,0,,,,,,,,,
1144511,2019,2019-06-22,Old Trafford,2,24.6,West Indies,New Zealand,AR Nurse,CR Brathwaite,LH Ferguson,1,0,,,,,,,,,
1144511,2019,2019-06-22,Old Trafford,2,25.1,West Indies,New Zealand,AR Nurse,CR Brathwaite,MJ Santner,0,0,,,,,,,,,
1144511,2019,2019-06-22,Old Trafford,2,25.2,West Indies,New Zealand,AR Nurse,CR Brathwaite,MJ Santner,0,0,,,,,,,,,
1144511,2019,2019-06-22,Old Trafford,2,25.3,West Indies,New Zealand,AR Nurse,CR Brathwaite,MJ Santner,0,0,,,,,,,,,
1144511,2019,2019-06-22,Old Trafford,2,25.4,West Indies,New Zealand,AR Nurse,CR Brathwaite,MJ Santner,0,0,,,,,,,,,
1144511,2019,2019-06-22,Old Trafford,2,25.5,West Indies,New Zealand,AR Nurse,CR Brathwaite,MJ Santner,0,0,,,,,,,,,
1144511,2019,2019-06-22,Old Trafford,2,25.6,West Indies,New Zealand,AR Nurse,CR Brathwaite,MJ Santner,0,0,,,,,,,,,
1144511,2019,2019-06-22,Old Trafford,2,26.1,West Indies,New Zealand,CR Brathwaite,AR Nurse,TA Boult,1,0,,,,,,,,,
1144511,2019,2019-06-22,Old Trafford,2,26.2,West Indies,New Zealand,AR Nurse,CR Brathwaite,TA Boult,0,0,,,,,,caught,AR Nurse,,
1144511,2019,2019-06-22,Old Trafford,2,26.3,West Indies,New Zealand,E Lewis,CR Brathwaite,TA Boult,0,1,1,,,,,,,,
1144511,2019,2019-06-22,Old Trafford,2,26.4,West Indies,New Zealand,E Lewis,CR Brathwaite,TA Boult,0,0,,,,,,,,,
1144511,2019,2019-06-22,Old Trafford,2,26.5,West Indies,New Zealand,E Lewis,CR Brathwaite,TA Boult,0,0,,,,,,,,,
1144511,2019,2019-06-22,Old Trafford,2,26.6,West Indies,New Zealand,E Lewis,CR Brathwaite,TA Boult,0,0,,,,,,caught,E Lewis,,
1144511,2019,2019-06-22,Old Trafford,2,26.7,West Indies,New Zealand,KAJ Roach,CR Brathwaite,TA Boult,0,0,,,,,,,,,
1144511,2019,2019-06-22,Old Trafford,2,27.1,West Indies,New Zealand,CR Brathwaite,KAJ Roach,MJ Santner,0,0,,,,,,,,,
1144511,2019,2019-06-22,Old Trafford,2,27.2,West Indies,New Zealand,CR Brathwaite,KAJ Roach,MJ Santner,0,0,,,,,,,,,
1144511,2019,2019-06-22,Old Trafford,2,27.3,West Indies,New Zealand,CR Brathwaite,KAJ Roach,MJ Santner,0,0,,,,,,,,,
1144511,2019,2019-06-22,Old Trafford,2,27.4,West Indies,New Zealand,CR Brathwaite,KAJ Roach,MJ Santner,1,0,,,,,,,,,
1144511,2019,2019-06-22,Old Trafford,2,27.5,West Indies,New Zealand,KAJ Roach,CR Brathwaite,MJ Santner,0,0,,,,,,,,,
1144511,2019,2019-06-22,Old Trafford,2,27.6,West Indies,New Zealand,KAJ Roach,CR Brathwaite,MJ Santner,0,0,,,,,,,,,
1144511,2019,2019-06-22,Old Trafford,2,28.1,West Indies,New Zealand,CR Brathwaite,KAJ Roach,TA Boult,0,0,,,,,,,,,
1144511,2019,2019-06-22,Old Trafford,2,28.2,West Indies,New Zealand,CR Brathwaite,KAJ Roach,TA Boult,0,0,,,,,,,,,
1144511,2019,2019-06-22,Old Trafford,2,28.3,West Indies,New Zealand,CR Brathwaite,KAJ Roach,TA Boult,0,0,,,,,,,,,
1144511,2019,2019-06-22,Old Trafford,2,28.4,West Indies,New Zealand,CR Brathwaite,KAJ Roach,TA Boult,0,0,,,,,,,,,
1144511,2019,2019-06-22,Old Trafford,2,28.5,West Indies,New Zealand,CR Brathwaite,KAJ Roach,TA Boult,1,0,,,,,,,,,
1144511,2019,2019-06-22,Old Trafford,2,28.6,West Indies,New Zealand,KAJ Roach,CR Brathwaite,TA Boult,1,0,,,,,,,,,
1144511,2019,2019-06-22,Old Trafford,2,29.1,West Indies,New Zealand,KAJ Roach,CR Brathwaite,MJ Santner,0,0,,,,,,,,,
1144511,2019,2019-06-22,Old Trafford,2,29.2,West Indies,New Zealand,KAJ Roach,CR Brathwaite,MJ Santner,0,0,,,,,,,,,
1144511,2019,2019-06-22,Old Trafford,2,29.3,West Indies,New Zealand,KAJ Roach,CR Brathwaite,MJ Santner,1,0,,,,,,,,,
1144511,2019,2019-06-22,Old Trafford,2,29.4,West Indies,New Zealand,CR Brathwaite,KAJ Roach,MJ Santner,0,0,,,,,,,,,
1144511,2019,2019-06-22,Old Trafford,2,29.5,West Indies,New Zealand,CR Brathwaite,KAJ Roach,MJ Santner,0,0,,,,,,,,,
1144511,2019,2019-06-22,Old Trafford,2,29.6,West Indies,New Zealand,CR Brathwaite,KAJ Roach,MJ Santner,0,0,,,,,,,,,
1144511,2019,2019-06-22,Old Trafford,2,30.1,West Indies,New Zealand,KAJ Roach,CR Brathwaite,TA Boult,1,0,,,,,,,,,
1144511,2019,2019-06-22,Old Trafford,2,30.2,West Indies,New Zealand,CR Brathwaite,KAJ Roach,TA Boult,0,0,,,,,,,,,
1144511,2019,2019-06-22,Old Trafford,2,30.3,West Indies,New Zealand,CR Brathwaite,KAJ Roach,TA Boult,0,0,,,,,,,,,
1144511,2019,2019-06-22,Old Trafford,2,30.4,West Indies,New Zealand,CR Brathwaite,KAJ Roach,TA Boult,0,0,,,,,,,,,
1144511,2019,2019-06-22,Old Trafford,2,30.5,West Indies,New Zealand,CR Brathwaite,KAJ Roach,TA Boult,0,0,,,,,,,,,
1144511,2019,2019-06-22,Old Trafford,2,30.6,West Indies,New Zealand,CR Brathwaite,KAJ Roach,TA Boult,1,0,,,,,,,,,
1144511,2019,2019-06-22,Old Trafford,2,31.1,West Indies,New Zealand,CR Brathwaite,KAJ Roach,MJ Santner,6,0,,,,,,,,,
1144511,2019,2019-06-22,Old Trafford,2,31.2,West Indies,New Zealand,CR Brathwaite,KAJ Roach,MJ Santner,1,0,,,,,,,,,
1144511,2019,2019-06-22,Old Trafford,2,31.3,West Indies,New Zealand,KAJ Roach,CR Brathwaite,MJ Santner,0,0,,,,,,,,,
1144511,2019,2019-06-22,Old Trafford,2,31.4,West Indies,New Zealand,KAJ Roach,CR Brathwaite,MJ Santner,6,0,,,,,,,,,
1144511,2019,2019-06-22,Old Trafford,2,31.5,West Indies,New Zealand,KAJ Roach,CR Brathwaite,MJ Santner,1,0,,,,,,,,,
1144511,2019,2019-06-22,Old Trafford,2,31.6,West Indies,New Zealand,CR Brathwaite,KAJ Roach,MJ Santner,1,0,,,,,,,,,
1144511,2019,2019-06-22,Old Trafford,2,32.1,West Indies,New Zealand,CR Brathwaite,KAJ Roach,C de Grandhomme,1,0,,,,,,,,,
1144511,2019,2019-06-22,Old Trafford,2,32.2,West Indies,New Zealand,KAJ Roach,CR Brathwaite,C de Grandhomme,0,0,,,,,,,,,
1144511,2019,2019-06-22,Old Trafford,2,32.3,West Indies,New Zealand,KAJ Roach,CR Brathwaite,C de Grandhomme,0,1,,,,1,,,,,
1144511,2019,2019-06-22,Old Trafford,2,32.4,West Indies,New Zealand,CR Brathwaite,KAJ Roach,C de Grandhomme,1,0,,,,,,,,,
1144511,2019,2019-06-22,Old Trafford,2,32.5,West Indies,New Zealand,KAJ Roach,CR Brathwaite,C de Grandhomme,0,0,,,,,,,,,
1144511,2019,2019-06-22,Old Trafford,2,32.6,West Indies,New Zealand,KAJ Roach,CR Brathwaite,C de Grandhomme,0,0,,,,,,,,,
1144511,2019,2019-06-22,Old Trafford,2,33.1,West Indies,New Zealand,CR Brathwaite,KAJ Roach,LH Ferguson,0,0,,,,,,,,,
1144511,2019,2019-06-22,Old Trafford,2,33.2,West Indies,New Zealand,CR Brathwaite,KAJ Roach,LH Ferguson,1,0,,,,,,,,,
1144511,2019,2019-06-22,Old Trafford,2,33.3,West Indies,New Zealand,KAJ Roach,CR Brathwaite,LH Ferguson,1,0,,,,,,,,,
1144511,2019,2019-06-22,Old Trafford,2,33.4,West Indies,New Zealand,CR Brathwaite,KAJ Roach,LH Ferguson,0,5,5,,,,,,,,
1144511,2019,2019-06-22,Old Trafford,2,33.5,West Indies,New Zealand,CR Brathwaite,KAJ Roach,LH Ferguson,0,0,,,,,,,,,
1144511,2019,2019-06-22,Old Trafford,2,33.6,West Indies,New Zealand,CR Brathwaite,KAJ Roach,LH Ferguson,0,0,,,,,,,,,
1144511,2019,2019-06-22,Old Trafford,2,33.7,West Indies,New Zealand,CR Brathwaite,KAJ Roach,LH Ferguson,1,0,,,,,,,,,
1144511,2019,2019-06-22,Old Trafford,2,34.1,West Indies,New Zealand,CR Brathwaite,KAJ Roach,C de Grandhomme,4,0,,,,,,,,,
1144511,2019,2019-06-22,Old Trafford,2,34.2,West Indies,New Zealand,CR Brathwaite,KAJ Roach,C de Grandhomme,1,0,,,,,,,,,
1144511,2019,2019-06-22,Old Trafford,2,34.3,West Indies,New Zealand,KAJ Roach,CR Brathwaite,C de Grandhomme,0,0,,,,,,,,,
1144511,2019,2019-06-22,Old Trafford,2,34.4,West Indies,New Zealand,KAJ Roach,CR Brathwaite,C de Grandhomme,1,0,,,,,,,,,
1144511,2019,2019-06-22,Old Trafford,2,34.5,West Indies,New Zealand,CR Brathwaite,KAJ Roach,C de Grandhomme,0,0,,,,,,,,,
1144511,2019,2019-06-22,Old Trafford,2,34.6,West Indies,New Zealand,CR Brathwaite,KAJ Roach,C de Grandhomme,4,0,,,,,,,,,
1144511,2019,2019-06-22,Old Trafford,2,35.1,West Indies,New Zealand,KAJ Roach,CR Brathwaite,LH Ferguson,0,0,,,,,,,,,
1144511,2019,2019-06-22,Old Trafford,2,35.2,West Indies,New Zealand,KAJ Roach,CR Brathwaite,LH Ferguson,1,0,,,,,,,,,
1144511,2019,2019-06-22,Old Trafford,2,35.3,West Indies,New Zealand,CR Brathwaite,KAJ Roach,LH Ferguson,1,0,,,,,,,,,
1144511,2019,2019-06-22,Old Trafford,2,35.4,West Indies,New Zealand,KAJ Roach,CR Brathwaite,LH Ferguson,0,0,,,,,,,,,
1144511,2019,2019-06-22,Old Trafford,2,35.5,West Indies,New Zealand,KAJ Roach,CR Brathwaite,LH Ferguson,0,0,,,,,,,,,
1144511,2019,2019-06-22,Old Trafford,2,35.6,West Indies,New Zealand,KAJ Roach,CR Brathwaite,LH Ferguson,0,0,,,,,,,,,
1144511,2019,2019-06-22,Old Trafford,2,36.1,West Indies,New Zealand,CR Brathwaite,KAJ Roach,MJ Henry,0,0,,,,,,,,,
1144511,2019,2019-06-22,Old Trafford,2,36.2,West Indies,New Zealand,CR Brathwaite,KAJ Roach,MJ Henry,1,0,,,,,,,,,
1144511,2019,2019-06-22,Old Trafford,2,36.3,West Indies,New Zealand,KAJ Roach,CR Brathwaite,MJ Henry,0,0,,,,,,,,,
1144511,2019,2019-06-22,Old Trafford,2,36.4,West Indies,New Zealand,KAJ Roach,CR Brathwaite,MJ Henry,0,0,,,,,,,,,
1144511,2019,2019-06-22,Old Trafford,2,36.5,West Indies,New Zealand,KAJ Roach,CR Brathwaite,MJ Henry,0,0,,,,,,,,,
1144511,2019,2019-06-22,Old Trafford,2,36.6,West Indies,New Zealand,KAJ Roach,CR Brathwaite,MJ Henry,0,0,,,,,,,,,
1144511,2019,2019-06-22,Old Trafford,2,37.1,West Indies,New Zealand,CR Brathwaite,KAJ Roach,MJ Santner,1,0,,,,,,,,,
1144511,2019,2019-06-22,Old Trafford,2,37.2,West Indies,New Zealand,KAJ Roach,CR Brathwaite,MJ Santner,0,0,,,,,,,,,
1144511,2019,2019-06-22,Old Trafford,2,37.3,West Indies,New Zealand,KAJ Roach,CR Brathwaite,MJ Santner,0,0,,,,,,,,,
1144511,2019,2019-06-22,Old Trafford,2,37.4,West Indies,New Zealand,KAJ Roach,CR Brathwaite,MJ Santner,1,0,,,,,,,,,
1144511,2019,2019-06-22,Old Trafford,2,37.5,West Indies,New Zealand,CR Brathwaite,KAJ Roach,MJ Santner,0,0,,,,,,,,,
1144511,2019,2019-06-22,Old Trafford,2,37.6,West Indies,New Zealand,CR Brathwaite,KAJ Roach,MJ Santner,0,0,,,,,,,,,
1144511,2019,2019-06-22,Old Trafford,2,38.1,West Indies,New Zealand,KAJ Roach,CR Brathwaite,MJ Henry,0,0,,,,,,caught,KAJ Roach,,
1144511,2019,2019-06-22,Old Trafford,2,38.2,West Indies,New Zealand,SS Cottrell,CR Brathwaite,MJ Henry,0,0,,,,,,,,,
1144511,2019,2019-06-22,Old Trafford,2,38.3,West Indies,New Zealand,SS Cottrell,CR Brathwaite,MJ Henry,1,0,,,,,,,,,
1144511,2019,2019-06-22,Old Trafford,2,38.4,West Indies,New Zealand,CR Brathwaite,SS Cottrell,MJ Henry,1,0,,,,,,,,,
1144511,2019,2019-06-22,Old Trafford,2,38.5,West Indies,New Zealand,SS Cottrell,CR Brathwaite,MJ Henry,1,0,,,,,,,,,
1144511,2019,2019-06-22,Old Trafford,2,38.6,West Indies,New Zealand,CR Brathwaite,SS Cottrell,MJ Henry,4,0,,,,,,,,,
1144511,2019,2019-06-22,Old Trafford,2,39.1,West Indies,New Zealand,SS Cottrell,CR Brathwaite,MJ Santner,0,0,,,,,,,,,
1144511,2019,2019-06-22,Old Trafford,2,39.2,West Indies,New Zealand,SS Cottrell,CR Brathwaite,MJ Santner,2,0,,,,,,,,,
1144511,2019,2019-06-22,Old Trafford,2,39.3,West Indies,New Zealand,SS Cottrell,CR Brathwaite,MJ Santner,0,0,,,,,,,,,
1144511,2019,2019-06-22,Old Trafford,2,39.4,West Indies,New Zealand,SS Cottrell,CR Brathwaite,MJ Santner,0,0,,,,,,,,,
1144511,2019,2019-06-22,Old Trafford,2,39.5,West Indies,New Zealand,SS Cottrell,CR Brathwaite,MJ Santner,1,0,,,,,,,,,
1144511,2019,2019-06-22,Old Trafford,2,39.6,West Indies,New Zealand,CR Brathwaite,SS Cottrell,MJ Santner,1,0,,,,,,,,,
1144511,2019,2019-06-22,Old Trafford,2,40.1,West Indies,New Zealand,CR Brathwaite,SS Cottrell,JDS Neesham,1,0,,,,,,,,,
1144511,2019,2019-06-22,Old Trafford,2,40.2,West Indies,New Zealand,SS Cottrell,CR Brathwaite,JDS Neesham,0,0,,,,,,,,,
1144511,2019,2019-06-22,Old Trafford,2,40.3,West Indies,New Zealand,SS Cottrell,CR Brathwaite,JDS Neesham,0,0,,,,,,,,,
1144511,2019,2019-06-22,Old Trafford,2,40.4,West Indies,New Zealand,SS Cottrell,CR Brathwaite,JDS Neesham,1,0,,,,,,,,,
1144511,2019,2019-06-22,Old Trafford,2,40.5,West Indies,New Zealand,CR Brathwaite,SS Cottrell,JDS Neesham,2,0,,,,,,,,,
1144511,2019,2019-06-22,Old Trafford,2,40.6,West Indies,New Zealand,CR Brathwaite,SS Cottrell,JDS Neesham,1,0,,,,,,,,,
1144511,2019,2019-06-22,Old Trafford,2,41.1,West Indies,New Zealand,CR Brathwaite,SS Cottrell,MJ Santner,4,0,,,,,,,,,
1144511,2019,2019-06-22,Old Trafford,2,41.2,West Indies,New Zealand,CR Brathwaite,SS Cottrell,MJ Santner,1,0,,,,,,,,,
1144511,2019,2019-06-22,Old Trafford,2,41.3,West Indies,New Zealand,SS Cottrell,CR Brathwaite,MJ Santner,0,0,,,,,,,,,
1144511,2019,2019-06-22,Old Trafford,2,41.4,West Indies,New Zealand,SS Cottrell,CR Brathwaite,MJ Santner,1,0,,,,,,,,,
1144511,2019,2019-06-22,Old Trafford,2,41.5,West Indies,New Zealand,CR Brathwaite,SS Cottrell,MJ Santner,2,0,,,,,,,,,
1144511,2019,2019-06-22,Old Trafford,2,41.6,West Indies,New Zealand,CR Brathwaite,SS Cottrell,MJ Santner,0,0,,,,,,,,,
1144511,2019,2019-06-22,Old Trafford,2,42.1,West Indies,New Zealand,SS Cottrell,CR Brathwaite,JDS Neesham,0,0,,,,,,,,,
1144511,2019,2019-06-22,Old Trafford,2,42.2,West Indies,New Zealand,SS Cottrell,CR Brathwaite,JDS Neesham,0,0,,,,,,,,,
1144511,2019,2019-06-22,Old Trafford,2,42.3,West Indies,New Zealand,SS Cottrell,CR Brathwaite,JDS Neesham,4,0,,,,,,,,,
1144511,2019,2019-06-22,Old Trafford,2,42.4,West Indies,New Zealand,SS Cottrell,CR Brathwaite,JDS Neesham,4,0,,,,,,,,,
1144511,2019,2019-06-22,Old Trafford,2,42.5,West Indies,New Zealand,SS Cottrell,CR Brathwaite,JDS Neesham,0,0,,,,,,,,,
1144511,2019,2019-06-22,Old Trafford,2,42.6,West Indies,New Zealand,SS Cottrell,CR Brathwaite,JDS Neesham,0,0,,,,,,,,,
1144511,2019,2019-06-22,Old Trafford,2,43.1,West Indies,New Zealand,CR Brathwaite,SS Cottrell,TA Boult,1,0,,,,,,,,,
1144511,2019,2019-06-22,Old Trafford,2,43.2,West Indies,New Zealand,SS Cottrell,CR Brathwaite,TA Boult,0,0,,,,,,,,,
1144511,2019,2019-06-22,Old Trafford,2,43.3,West Indies,New Zealand,SS Cottrell,CR Brathwaite,TA Boult,0,0,,,,,,,,,
1144511,2019,2019-06-22,Old Trafford,2,43.4,West Indies,New Zealand,SS Cottrell,CR Brathwaite,TA Boult,0,0,,,,,,,,,
1144511,2019,2019-06-22,Old Trafford,2,43.5,West Indies,New Zealand,SS Cottrell,CR Brathwaite,TA Boult,0,0,,,,,,,,,
1144511,2019,2019-06-22,Old Trafford,2,43.6,West Indies,New Zealand,SS Cottrell,CR Brathwaite,TA Boult,0,0,,,,,,,,,
1144511,2019,2019-06-22,Old Trafford,2,44.1,West Indies,New Zealand,CR Brathwaite,SS Cottrell,LH Ferguson,0,0,,,,,,,,,
1144511,2019,2019-06-22,Old Trafford,2,44.2,West Indies,New Zealand,CR Brathwaite,SS Cottrell,LH Ferguson,0,0,,,,,,,,,
1144511,2019,2019-06-22,Old Trafford,2,44.3,West Indies,New Zealand,CR Brathwaite,SS Cottrell,LH Ferguson,0,0,,,,,,,,,
1144511,2019,2019-06-22,Old Trafford,2,44.4,West Indies,New Zealand,CR Brathwaite,SS Cottrell,LH Ferguson,1,0,,,,,,,,,
1144511,2019,2019-06-22,Old Trafford,2,44.5,West Indies,New Zealand,SS Cottrell,CR Brathwaite,LH Ferguson,0,0,,,,,,,,,
1144511,2019,2019-06-22,Old Trafford,2,44.6,West Indies,New Zealand,SS Cottrell,CR Brathwaite,LH Ferguson,0,0,,,,,,bowled,SS Cottrell,,
1144511,2019,2019-06-22,Old Trafford,2,45.1,West Indies,New Zealand,CR Brathwaite,O Thomas,TA Boult,4,0,,,,,,,,,
1144511,2019,2019-06-22,Old Trafford,2,45.2,West Indies,New Zealand,CR Brathwaite,O Thomas,TA Boult,2,0,,,,,,,,,
1144511,2019,2019-06-22,Old Trafford,2,45.3,West Indies,New Zealand,CR Brathwaite,O Thomas,TA Boult,1,0,,,,,,,,,
1144511,2019,2019-06-22,Old Trafford,2,45.4,West Indies,New Zealand,O Thomas,CR Brathwaite,TA Boult,0,0,,,,,,,,,
1144511,2019,2019-06-22,Old Trafford,2,45.5,West Indies,New Zealand,O Thomas,CR Brathwaite,TA Boult,0,0,,,,,,,,,
1144511,2019,2019-06-22,Old Trafford,2,45.6,West Indies,New Zealand,O Thomas,CR Brathwaite,TA Boult,0,0,,,,,,,,,
1144511,2019,2019-06-22,Old Trafford,2,46.1,West Indies,New Zealand,CR Brathwaite,O Thomas,LH Ferguson,0,0,,,,,,,,,
1144511,2019,2019-06-22,Old Trafford,2,46.2,West Indies,New Zealand,CR Brathwaite,O Thomas,LH Ferguson,0,0,,,,,,,,,
1144511,2019,2019-06-22,Old Trafford,2,46.3,West Indies,New Zealand,CR Brathwaite,O Thomas,LH Ferguson,6,0,,,,,,,,,
1144511,2019,2019-06-22,Old Trafford,2,46.4,West Indies,New Zealand,CR Brathwaite,O Thomas,LH Ferguson,0,0,,,,,,,,,
1144511,2019,2019-06-22,Old Trafford,2,46.5,West Indies,New Zealand,CR Brathwaite,O Thomas,LH Ferguson,1,0,,,,,,,,,
1144511,2019,2019-06-22,Old Trafford,2,46.6,West Indies,New Zealand,O Thomas,CR Brathwaite,LH Ferguson,0,0,,,,,,,,,
1144511,2019,2019-06-22,Old Trafford,2,47.1,West Indies,New Zealand,CR Brathwaite,O Thomas,MJ Henry,2,0,,,,,,,,,
1144511,2019,2019-06-22,Old Trafford,2,47.2,West Indies,New Zealand,CR Brathwaite,O Thomas,MJ Henry,6,0,,,,,,,,,
1144511,2019,2019-06-22,Old Trafford,2,47.3,West Indies,New Zealand,CR Brathwaite,O Thomas,MJ Henry,6,0,,,,,,,,,
1144511,2019,2019-06-22,Old Trafford,2,47.4,West Indies,New Zealand,CR Brathwaite,O Thomas,MJ Henry,6,0,,,,,,,,,
1144511,2019,2019-06-22,Old Trafford,2,47.5,West Indies,New Zealand,CR Brathwaite,O Thomas,MJ Henry,4,0,,,,,,,,,
1144511,2019,2019-06-22,Old Trafford,2,47.6,West Indies,New Zealand,CR Brathwaite,O Thomas,MJ Henry,1,0,,,,,,,,,
1144511,2019,2019-06-22,Old Trafford,2,48.1,West Indies,New Zealand,CR Brathwaite,O Thomas,JDS Neesham,0,0,,,,,,,,,
1144511,2019,2019-06-22,Old Trafford,2,48.2,West Indies,New Zealand,CR Brathwaite,O Thomas,JDS Neesham,0,0,,,,,,,,,
1144511,2019,2019-06-22,Old Trafford,2,48.3,West Indies,New Zealand,CR Brathwaite,O Thomas,JDS Neesham,0,0,,,,,,,,,
1144511,2019,2019-06-22,Old Trafford,2,48.4,West Indies,New Zealand,CR Brathwaite,O Thomas,JDS Neesham,2,0,,,,,,,,,
1144511,2019,2019-06-22,Old Trafford,2,48.5,West Indies,New Zealand,CR Brathwaite,O Thomas,JDS Neesham,0,0,,,,,,,,,
1144511,2019,2019-06-22,Old Trafford,2,48.6,West Indies,New Zealand,CR Brathwaite,O Thomas,JDS Neesham,0,0,,,,,,caught,CR Brathwaite,,
