match_id,season,start_date,venue,innings,ball,batting_team,bowling_team,striker,non_striker,bowler,runs_off_bat,extras,wides,noballs,byes,legbyes,penalty,wicket_type,player_dismissed,other_wicket_type,other_player_dismissed
1144513,2019,2019-06-24,The Rose Bowl,1,0.1,Bangladesh,Afghanistan,Liton Das,Tamim Iqbal,Mujeeb Ur Rahman,1,0,,,,,,,,,
1144513,2019,2019-06-24,The Rose Bowl,1,0.2,Bangladesh,Afghanistan,Tamim Iqbal,Liton Das,Mujeeb Ur Rahman,0,2,2,,,,,,,,
1144513,2019,2019-06-24,The Rose Bowl,1,0.3,Bangladesh,Afghanistan,Liton Das,Tamim Iqbal,Mujeeb Ur Rahman,4,0,,,,,,,,,
1144513,2019,2019-06-24,The Rose Bowl,1,0.4,Bangladesh,Afghanistan,Liton Das,Tamim Iqbal,Mujeeb Ur Rahman,0,0,,,,,,,,,
1144513,2019,2019-06-24,The Rose Bowl,1,0.5,Bangladesh,Afghanistan,Liton Das,Tamim Iqbal,Mujeeb Ur Rahman,1,0,,,,,,,,,
1144513,2019,2019-06-24,The Rose Bowl,1,0.6,Bangladesh,Afghanistan,Tamim Iqbal,Liton Das,Mujeeb Ur Rahman,0,0,,,,,,,,,
1144513,2019,2019-06-24,The Rose Bowl,1,0.7,Bangladesh,Afghanistan,Tamim Iqbal,Liton Das,Mujeeb Ur Rahman,0,0,,,,,,,,,
1144513,2019,2019-06-24,The Rose Bowl,1,1.1,Bangladesh,Afghanistan,Liton Das,Tamim Iqbal,Dawlat Zadran,0,0,,,,,,,,,
1144513,2019,2019-06-24,The Rose Bowl,1,1.2,Bangladesh,Afghanistan,Liton Das,Tamim Iqbal,Dawlat Zadran,0,0,,,,,,,,,
1144513,2019,2019-06-24,The Rose Bowl,1,1.3,Bangladesh,Afghanistan,Liton Das,Tamim Iqbal,Dawlat Zadran,4,0,,,,,,,,,
1144513,2019,2019-06-24,The Rose Bowl,1,1.4,Bangladesh,Afghanistan,Liton Das,Tamim Iqbal,Dawlat Zadran,0,0,,,,,,,,,
1144513,2019,2019-06-24,The Rose Bowl,1,1.5,Bangladesh,Afghanistan,Liton Das,Tamim Iqbal,Dawlat Zadran,0,0,,,,,,,,,
1144513,2019,2019-06-24,The Rose Bowl,1,1.6,Bangladesh,Afghanistan,Liton Das,Tamim Iqbal,Dawlat Zadran,1,0,,,,,,,,,
1144513,2019,2019-06-24,The Rose Bowl,1,2.1,Bangladesh,Afghanistan,Liton Das,Tamim Iqbal,Mujeeb Ur Rahman,0,0,,,,,,,,,
1144513,2019,2019-06-24,The Rose Bowl,1,2.2,Bangladesh,Afghanistan,Liton Das,Tamim Iqbal,Mujeeb Ur Rahman,0,0,,,,,,,,,
1144513,2019,2019-06-24,The Rose Bowl,1,2.3,Bangladesh,Afghanistan,Liton Das,Tamim Iqbal,Mujeeb Ur Rahman,1,0,,,,,,,,,
1144513,2019,2019-06-24,The Rose Bowl,1,2.4,Bangladesh,Afghanistan,Tamim Iqbal,Liton Das,Mujeeb Ur Rahman,0,0,,,,,,,,,
1144513,2019,2019-06-24,The Rose Bowl,1,2.5,Bangladesh,Afghanistan,Tamim Iqbal,Liton Das,Mujeeb Ur Rahman,1,0,,,,,,,,,
1144513,2019,2019-06-24,The Rose Bowl,1,2.6,Bangladesh,Afghanistan,Liton Das,Tamim Iqbal,Mujeeb Ur Rahman,1,0,,,,,,,,,
1144513,2019,2019-06-24,The Rose Bowl,1,3.1,Bangladesh,Afghanistan,Liton Das,Tamim Iqbal,Dawlat Zadran,3,0,,,,,,,,,
1144513,2019,2019-06-24,The Rose Bowl,1,3.2,Bangladesh,Afghanistan,Tamim Iqbal,Liton Das,Dawlat Zadran,0,0,,,,,,,,,
1144513,2019,2019-06-24,The Rose Bowl,1,3.3,Bangladesh,Afghanistan,Tamim Iqbal,Liton Das,Dawlat Zadran,0,0,,,,,,,,,
1144513,2019,2019-06-24,The Rose Bowl,1,3.4,Bangladesh,Afghanistan,Tamim Iqbal,Liton Das,Dawlat Zadran,0,0,,,,,,,,,
1144513,2019,2019-06-24,The Rose Bowl,1,3.5,Bangladesh,Afghanistan,Tamim Iqbal,Liton Das,Dawlat Zadran,4,0,,,,,,,,,
1144513,2019,2019-06-24,The Rose Bowl,1,3.6,Bangladesh,Afghanistan,Tamim Iqbal,Liton Das,Dawlat Zadran,0,0,,,,,,,,,
1144513,2019,2019-06-24,The Rose Bowl,1,4.1,Bangladesh,Afghanistan,Liton Das,Tamim Iqbal,Mujeeb Ur Rahman,0,0,,,,,,,,,
1144513,2019,2019-06-24,The Rose Bowl,1,4.2,Bangladesh,Afghanistan,Liton Das,Tamim Iqbal,Mujeeb Ur Rahman,0,0,,,,,,caught,Liton Das,,
1144513,2019,2019-06-24,The Rose Bowl,1,4.3,Bangladesh,Afghanistan,Shakib Al Hasan,Tamim Iqbal,Mujeeb Ur Rahman,1,0,,,,,,,,,
1144513,2019,2019-06-24,The Rose Bowl,1,4.4,Bangladesh,Afghanistan,Tamim Iqbal,Shakib Al Hasan,Mujeeb Ur Rahman,0,0,,,,,,,,,
1144513,2019,2019-06-24,The Rose Bowl,1,4.5,Bangladesh,Afghanistan,Tamim Iqbal,Shakib Al Hasan,Mujeeb Ur Rahman,0,0,,,,,,,,,
1144513,2019,2019-06-24,The Rose Bowl,1,4.6,Bangladesh,Afghanistan,Tamim Iqbal,Shakib Al Hasan,Mujeeb Ur Rahman,1,0,,,,,,,,,
1144513,2019,2019-06-24,The Rose Bowl,1,5.1,Bangladesh,Afghanistan,Tamim Iqbal,Shakib Al Hasan,Mohammad Nabi,1,0,,,,,,,,,
1144513,2019,2019-06-24,The Rose Bowl,1,5.2,Bangladesh,Afghanistan,Shakib Al Hasan,Tamim Iqbal,Mohammad Nabi,1,0,,,,,,,,,
1144513,2019,2019-06-24,The Rose Bowl,1,5.3,Bangladesh,Afghanistan,Tamim Iqbal,Shakib Al Hasan,Mohammad Nabi,0,0,,,,,,,,,
1144513,2019,2019-06-24,The Rose Bowl,1,5.4,Bangladesh,Afghanistan,Tamim Iqbal,Shakib Al Hasan,Mohammad Nabi,0,0,,,,,,,,,
1144513,2019,2019-06-24,The Rose Bowl,1,5.5,Bangladesh,Afghanistan,Tamim Iqbal,Shakib Al Hasan,Mohammad Nabi,1,0,,,,,,,,,
1144513,2019,2019-06-24,The Rose Bowl,1,5.6,Bangladesh,Afghanistan,Shakib Al Hasan,Tamim Iqbal,Mohammad Nabi,0,0,,,,,,,,,
1144513,2019,2019-06-24,The Rose Bowl,1,6.1,Bangladesh,Afghanistan,Tamim Iqbal,Shakib Al Hasan,Mujeeb Ur Rahman,1,0,,,,,,,,,
1144513,2019,2019-06-24,The Rose Bowl,1,6.2,Bangladesh,Afghanistan,Shakib Al Hasan,Tamim Iqbal,Mujeeb Ur Rahman,0,0,,,,,,,,,
1144513,2019,2019-06-24,The Rose Bowl,1,6.3,Bangladesh,Afghanistan,Shakib Al Hasan,Tamim Iqbal,Mujeeb Ur Rahman,1,0,,,,,,,,,
1144513,2019,2019-06-24,The Rose Bowl,1,6.4,Bangladesh,Afghanistan,Tamim Iqbal,Shakib Al Hasan,Mujeeb Ur Rahman,1,0,,,,,,,,,
1144513,2019,2019-06-24,The Rose Bowl,1,6.5,Bangladesh,Afghanistan,Shakib Al Hasan,Tamim Iqbal,Mujeeb Ur Rahman,0,0,,,,,,,,,
1144513,2019,2019-06-24,The Rose Bowl,1,6.6,Bangladesh,Afghanistan,Shakib Al Hasan,Tamim Iqbal,Mujeeb Ur Rahman,0,0,,,,,,,,,
1144513,2019,2019-06-24,The Rose Bowl,1,7.1,Bangladesh,Afghanistan,Tamim Iqbal,Shakib Al Hasan,Mohammad Nabi,1,0,,,,,,,,,
1144513,2019,2019-06-24,The Rose Bowl,1,7.2,Bangladesh,Afghanistan,Shakib Al Hasan,Tamim Iqbal,Mohammad Nabi,0,0,,,,,,,,,
1144513,2019,2019-06-24,The Rose Bowl,1,7.3,Bangladesh,Afghanistan,Shakib Al Hasan,Tamim Iqbal,Mohammad Nabi,0,0,,,,,,,,,
1144513,2019,2019-06-24,The Rose Bowl,1,7.4,Bangladesh,Afghanistan,Shakib Al Hasan,Tamim Iqbal,Mohammad Nabi,1,0,,,,,,,,,
1144513,2019,2019-06-24,The Rose Bowl,1,7.5,Bangladesh,Afghanistan,Tamim Iqbal,Shakib Al Hasan,Mohammad Nabi,1,0,,,,,,,,,
1144513,2019,2019-06-24,The Rose Bowl,1,7.6,Bangladesh,Afghanistan,Shakib Al Hasan,Tamim Iqbal,Mohammad Nabi,0,0,,,,,,,,,
1144513,2019,2019-06-24,The Rose Bowl,1,8.1,Bangladesh,Afghanistan,Tamim Iqbal,Shakib Al Hasan,Mujeeb Ur Rahman,0,0,,,,,,,,,
1144513,2019,2019-06-24,The Rose Bowl,1,8.2,Bangladesh,Afghanistan,Tamim Iqbal,Shakib Al Hasan,Mujeeb Ur Rahman,0,0,,,,,,,,,
1144513,2019,2019-06-24,The Rose Bowl,1,8.3,Bangladesh,Afghanistan,Tamim Iqbal,Shakib Al Hasan,Mujeeb Ur Rahman,0,0,,,,,,,,,
1144513,2019,2019-06-24,The Rose Bowl,1,8.4,Bangladesh,Afghanistan,Tamim Iqbal,Shakib Al Hasan,Mujeeb Ur Rahman,0,0,,,,,,,,,
1144513,2019,2019-06-24,The Rose Bowl,1,8.5,Bangladesh,Afghanistan,Tamim Iqbal,Shakib Al Hasan,Mujeeb Ur Rahman,0,0,,,,,,,,,
1144513,2019,2019-06-24,The Rose Bowl,1,8.6,Bangladesh,Afghanistan,Tamim Iqbal,Shakib Al Hasan,Mujeeb Ur Rahman,0,1,1,,,,,,,,
1144513,2019,2019-06-24,The Rose Bowl,1,8.7,Bangladesh,Afghanistan,Tamim Iqbal,Shakib Al Hasan,Mujeeb Ur Rahman,0,0,,,,,,,,,
1144513,2019,2019-06-24,The Rose Bowl,1,9.1,Bangladesh,Afghanistan,Shakib Al Hasan,Tamim Iqbal,Mohammad Nabi,1,0,,,,,,,,,
1144513,2019,2019-06-24,The Rose Bowl,1,9.2,Bangladesh,Afghanistan,Tamim Iqbal,Shakib Al Hasan,Mohammad Nabi,0,0,,,,,,,,,
1144513,2019,2019-06-24,The Rose Bowl,1,9.3,Bangladesh,Afghanistan,Tamim Iqbal,Shakib Al Hasan,Mohammad Nabi,1,0,,,,,,,,,
1144513,2019,2019-06-24,The Rose Bowl,1,9.4,Bangladesh,Afghanistan,Shakib Al Hasan,Tamim Iqbal,Mohammad Nabi,4,0,,,,,,,,,
1144513,2019,2019-06-24,The Rose Bowl,1,9.5,Bangladesh,Afghanistan,Shakib Al Hasan,Tamim Iqbal,Mohammad Nabi,1,0,,,,,,,,,
1144513,2019,2019-06-24,The Rose Bowl,1,9.6,Bangladesh,Afghanistan,Tamim Iqbal,Shakib Al Hasan,Mohammad Nabi,2,0,,,,,,,,,
1144513,2019,2019-06-24,The Rose Bowl,1,10.1,Bangladesh,Afghanistan,Shakib Al Hasan,Tamim Iqbal,Mujeeb Ur Rahman,1,0,,,,,,,,,
1144513,2019,2019-06-24,The Rose Bowl,1,10.2,Bangladesh,Afghanistan,Tamim Iqbal,Shakib Al Hasan,Mujeeb Ur Rahman,2,0,,,,,,,,,
1144513,2019,2019-06-24,The Rose Bowl,1,10.3,Bangladesh,Afghanistan,Tamim Iqbal,Shakib Al Hasan,Mujeeb Ur Rahman,0,0,,,,,,,,,
1144513,2019,2019-06-24,The Rose Bowl,1,10.4,Bangladesh,Afghanistan,Tamim Iqbal,Shakib Al Hasan,Mujeeb Ur Rahman,1,0,,,,,,,,,
1144513,2019,2019-06-24,The Rose Bowl,1,10.5,Bangladesh,Afghanistan,Shakib Al Hasan,Tamim Iqbal,Mujeeb Ur Rahman,1,0,,,,,,,,,
1144513,2019,2019-06-24,The Rose Bowl,1,10.6,Bangladesh,Afghanistan,Tamim Iqbal,Shakib Al Hasan,Mujeeb Ur Rahman,0,0,,,,,,,,,
1144513,2019,2019-06-24,The Rose Bowl,1,11.1,Bangladesh,Afghanistan,Shakib Al Hasan,Tamim Iqbal,Gulbadin Naib,2,0,,,,,,,,,
1144513,2019,2019-06-24,The Rose Bowl,1,11.2,Bangladesh,Afghanistan,Shakib Al Hasan,Tamim Iqbal,Gulbadin Naib,1,0,,,,,,,,,
1144513,2019,2019-06-24,The Rose Bowl,1,11.3,Bangladesh,Afghanistan,Tamim Iqbal,Shakib Al Hasan,Gulbadin Naib,1,0,,,,,,,,,
1144513,2019,2019-06-24,The Rose Bowl,1,11.4,Bangladesh,Afghanistan,Shakib Al Hasan,Tamim Iqbal,Gulbadin Naib,2,0,,,,,,,,,
1144513,2019,2019-06-24,The Rose Bowl,1,11.5,Bangladesh,Afghanistan,Shakib Al Hasan,Tamim Iqbal,Gulbadin Naib,1,0,,,,,,,,,
1144513,2019,2019-06-24,The Rose Bowl,1,11.6,Bangladesh,Afghanistan,Tamim Iqbal,Shakib Al Hasan,Gulbadin Naib,0,0,,,,,,,,,
1144513,2019,2019-06-24,The Rose Bowl,1,12.1,Bangladesh,Afghanistan,Shakib Al Hasan,Tamim Iqbal,Mohammad Nabi,0,1,1,,,,,,,,
1144513,2019,2019-06-24,The Rose Bowl,1,12.2,Bangladesh,Afghanistan,Shakib Al Hasan,Tamim Iqbal,Mohammad Nabi,0,0,,,,,,,,,
1144513,2019,2019-06-24,The Rose Bowl,1,12.3,Bangladesh,Afghanistan,Shakib Al Hasan,Tamim Iqbal,Mohammad Nabi,0,0,,,,,,,,,
1144513,2019,2019-06-24,The Rose Bowl,1,12.4,Bangladesh,Afghanistan,Shakib Al Hasan,Tamim Iqbal,Mohammad Nabi,1,0,,,,,,,,,
1144513,2019,2019-06-24,The Rose Bowl,1,12.5,Bangladesh,Afghanistan,Tamim Iqbal,Shakib Al Hasan,Mohammad Nabi,1,0,,,,,,,,,
1144513,2019,2019-06-24,The Rose Bowl,1,12.6,Bangladesh,Afghanistan,Shakib Al Hasan,Tamim Iqbal,Mohammad Nabi,2,0,,,,,,,,,
1144513,2019,2019-06-24,The Rose Bowl,1,12.7,Bangladesh,Afghanistan,Shakib Al Hasan,Tamim Iqbal,Mohammad Nabi,0,0,,,,,,,,,
1144513,2019,2019-06-24,The Rose Bowl,1,13.1,Bangladesh,Afghanistan,Tamim Iqbal,Shakib Al Hasan,Gulbadin Naib,4,0,,,,,,,,,
1144513,2019,2019-06-24,The Rose Bowl,1,13.2,Bangladesh,Afghanistan,Tamim Iqbal,Shakib Al Hasan,Gulbadin Naib,1,0,,,,,,,,,
1144513,2019,2019-06-24,The Rose Bowl,1,13.3,Bangladesh,Afghanistan,Shakib Al Hasan,Tamim Iqbal,Gulbadin Naib,1,0,,,,,,,,,
1144513,2019,2019-06-24,The Rose Bowl,1,13.4,Bangladesh,Afghanistan,Tamim Iqbal,Shakib Al Hasan,Gulbadin Naib,1,0,,,,,,,,,
1144513,2019,2019-06-24,The Rose Bowl,1,13.5,Bangladesh,Afghanistan,Shakib Al Hasan,Tamim Iqbal,Gulbadin Naib,1,0,,,,,,,,,
1144513,2019,2019-06-24,The Rose Bowl,1,13.6,Bangladesh,Afghanistan,Tamim Iqbal,Shakib Al Hasan,Gulbadin Naib,4,0,,,,,,,,,
1144513,2019,2019-06-24,The Rose Bowl,1,14.1,Bangladesh,Afghanistan,Shakib Al Hasan,Tamim Iqbal,Mohammad Nabi,0,0,,,,,,,,,
1144513,2019,2019-06-24,The Rose Bowl,1,14.2,Bangladesh,Afghanistan,Shakib Al Hasan,Tamim Iqbal,Mohammad Nabi,0,0,,,,,,,,,
1144513,2019,2019-06-24,The Rose Bowl,1,14.3,Bangladesh,Afghanistan,Shakib Al Hasan,Tamim Iqbal,Mohammad Nabi,1,0,,,,,,,,,
1144513,2019,2019-06-24,The Rose Bowl,1,14.4,Bangladesh,Afghanistan,Tamim Iqbal,Shakib Al Hasan,Mohammad Nabi,0,0,,,,,,,,,
1144513,2019,2019-06-24,The Rose Bowl,1,14.5,Bangladesh,Afghanistan,Tamim Iqbal,Shakib Al Hasan,Mohammad Nabi,0,0,,,,,,,,,
1144513,2019,2019-06-24,The Rose Bowl,1,14.6,Bangladesh,Afghanistan,Tamim Iqbal,Shakib Al Hasan,Mohammad Nabi,0,0,,,,,,,,,
1144513,2019,2019-06-24,The Rose Bowl,1,15.1,Bangladesh,Afghanistan,Shakib Al Hasan,Tamim Iqbal,Rashid Khan,1,0,,,,,,,,,
1144513,2019,2019-06-24,The Rose Bowl,1,15.2,Bangladesh,Afghanistan,Tamim Iqbal,Shakib Al Hasan,Rashid Khan,0,0,,,,,,,,,
1144513,2019,2019-06-24,The Rose Bowl,1,15.3,Bangladesh,Afghanistan,Tamim Iqbal,Shakib Al Hasan,Rashid Khan,0,0,,,,,,,,,
1144513,2019,2019-06-24,The Rose Bowl,1,15.4,Bangladesh,Afghanistan,Tamim Iqbal,Shakib Al Hasan,Rashid Khan,0,0,,,,,,,,,
1144513,2019,2019-06-24,The Rose Bowl,1,15.5,Bangladesh,Afghanistan,Tamim Iqbal,Shakib Al Hasan,Rashid Khan,0,0,,,,,,,,,
1144513,2019,2019-06-24,The Rose Bowl,1,15.6,Bangladesh,Afghanistan,Tamim Iqbal,Shakib Al Hasan,Rashid Khan,1,0,,,,,,,,,
1144513,2019,2019-06-24,The Rose Bowl,1,16.1,Bangladesh,Afghanistan,Tamim Iqbal,Shakib Al Hasan,Mohammad Nabi,1,0,,,,,,,,,
1144513,2019,2019-06-24,The Rose Bowl,1,16.2,Bangladesh,Afghanistan,Shakib Al Hasan,Tamim Iqbal,Mohammad Nabi,1,0,,,,,,,,,
1144513,2019,2019-06-24,The Rose Bowl,1,16.3,Bangladesh,Afghanistan,Tamim Iqbal,Shakib Al Hasan,Mohammad Nabi,0,0,,,,,,,,,
1144513,2019,2019-06-24,The Rose Bowl,1,16.4,Bangladesh,Afghanistan,Tamim Iqbal,Shakib Al Hasan,Mohammad Nabi,0,0,,,,,,,,,
1144513,2019,2019-06-24,The Rose Bowl,1,16.5,Bangladesh,Afghanistan,Tamim Iqbal,Shakib Al Hasan,Mohammad Nabi,4,0,,,,,,,,,
1144513,2019,2019-06-24,The Rose Bowl,1,16.6,Bangladesh,Afghanistan,Tamim Iqbal,Shakib Al Hasan,Mohammad Nabi,0,0,,,,,,bowled,Tamim Iqbal,,
1144513,2019,2019-06-24,The Rose Bowl,1,17.1,Bangladesh,Afghanistan,Shakib Al Hasan,Mushfiqur Rahim,Rashid Khan,0,0,,,,,,,,,
1144513,2019,2019-06-24,The Rose Bowl,1,17.2,Bangladesh,Afghanistan,Shakib Al Hasan,Mushfiqur Rahim,Rashid Khan,0,1,1,,,,,,,,
1144513,2019,2019-06-24,The Rose Bowl,1,17.3,Bangladesh,Afghanistan,Shakib Al Hasan,Mushfiqur Rahim,Rashid Khan,1,0,,,,,,,,,
1144513,2019,2019-06-24,The Rose Bowl,1,17.4,Bangladesh,Afghanistan,Mushfiqur Rahim,Shakib Al Hasan,Rashid Khan,0,0,,,,,,,,,
1144513,2019,2019-06-24,The Rose Bowl,1,17.5,Bangladesh,Afghanistan,Mushfiqur Rahim,Shakib Al Hasan,Rashid Khan,0,0,,,,,,,,,
1144513,2019,2019-06-24,The Rose Bowl,1,17.6,Bangladesh,Afghanistan,Mushfiqur Rahim,Shakib Al Hasan,Rashid Khan,0,0,,,,,,,,,
1144513,2019,2019-06-24,The Rose Bowl,1,17.7,Bangladesh,Afghanistan,Mushfiqur Rahim,Shakib Al Hasan,Rashid Khan,1,0,,,,,,,,,
1144513,2019,2019-06-24,The Rose Bowl,1,18.1,Bangladesh,Afghanistan,Mushfiqur Rahim,Shakib Al Hasan,Dawlat Zadran,0,0,,,,,,,,,
1144513,2019,2019-06-24,The Rose Bowl,1,18.2,Bangladesh,Afghanistan,Mushfiqur Rahim,Shakib Al Hasan,Dawlat Zadran,1,0,,,,,,,,,
1144513,2019,2019-06-24,The Rose Bowl,1,18.3,Bangladesh,Afghanistan,Shakib Al Hasan,Mushfiqur Rahim,Dawlat Zadran,0,0,,,,,,,,,
1144513,2019,2019-06-24,The Rose Bowl,1,18.4,Bangladesh,Afghanistan,Shakib Al Hasan,Mushfiqur Rahim,Dawlat Zadran,0,0,,,,,,,,,
1144513,2019,2019-06-24,The Rose Bowl,1,18.5,Bangladesh,Afghanistan,Shakib Al Hasan,Mushfiqur Rahim,Dawlat Zadran,0,0,,,,,,,,,
1144513,2019,2019-06-24,The Rose Bowl,1,18.6,Bangladesh,Afghanistan,Shakib Al Hasan,Mushfiqur Rahim,Dawlat Zadran,0,1,1,,,,,,,,
1144513,2019,2019-06-24,The Rose Bowl,1,18.7,Bangladesh,Afghanistan,Shakib Al Hasan,Mushfiqur Rahim,Dawlat Zadran,2,0,,,,,,,,,
1144513,2019,2019-06-24,The Rose Bowl,1,19.1,Bangladesh,Afghanistan,Mushfiqur Rahim,Shakib Al Hasan,Rashid Khan,1,0,,,,,,,,,
1144513,2019,2019-06-24,The Rose Bowl,1,19.2,Bangladesh,Afghanistan,Shakib Al Hasan,Mushfiqur Rahim,Rashid Khan,1,0,,,,,,,,,
1144513,2019,2019-06-24,The Rose Bowl,1,19.3,Bangladesh,Afghanistan,Mushfiqur Rahim,Shakib Al Hasan,Rashid Khan,2,0,,,,,,,,,
1144513,2019,2019-06-24,The Rose Bowl,1,19.4,Bangladesh,Afghanistan,Mushfiqur Rahim,Shakib Al Hasan,Rashid Khan,1,0,,,,,,,,,
1144513,2019,2019-06-24,The Rose Bowl,1,19.5,Bangladesh,Afghanistan,Shakib Al Hasan,Mushfiqur Rahim,Rashid Khan,0,0,,,,,,,,,
1144513,2019,2019-06-24,The Rose Bowl,1,19.6,Bangladesh,Afghanistan,Shakib Al Hasan,Mushfiqur Rahim,Rashid Khan,1,0,,,,,,,,,
1144513,2019,2019-06-24,The Rose Bowl,1,20.1,Bangladesh,Afghanistan,Shakib Al Hasan,Mushfiqur Rahim,Dawlat Zadran,2,0,,,,,,,,,
1144513,2019,2019-06-24,The Rose Bowl,1,20.2,Bangladesh,Afghanistan,Shakib Al Hasan,Mushfiqur Rahim,Dawlat Zadran,1,0,,,,,,,,,
1144513,2019,2019-06-24,The Rose Bowl,1,20.3,Bangladesh,Afghanistan,Mushfiqur Rahim,Shakib Al Hasan,Dawlat Zadran,2,0,,,,,,,,,
1144513,2019,2019-06-24,The Rose Bowl,1,20.4,Bangladesh,Afghanistan,Mushfiqur Rahim,Shakib Al Hasan,Dawlat Zadran,1,0,,,,,,,,,
1144513,2019,2019-06-24,The Rose Bowl,1,20.5,Bangladesh,Afghanistan,Shakib Al Hasan,Mushfiqur Rahim,Dawlat Zadran,0,1,1,,,,,,,,
1144513,2019,2019-06-24,The Rose Bowl,1,20.6,Bangladesh,Afghanistan,Shakib Al Hasan,Mushfiqur Rahim,Dawlat Zadran,0,0,,,,,,,,,
1144513,2019,2019-06-24,The Rose Bowl,1,20.7,Bangladesh,Afghanistan,Shakib Al Hasan,Mushfiqur Rahim,Dawlat Zadran,1,0,,,,,,,,,
1144513,2019,2019-06-24,The Rose Bowl,1,21.1,Bangladesh,Afghanistan,Shakib Al Hasan,Mushfiqur Rahim,Rashid Khan,1,0,,,,,,,,,
1144513,2019,2019-06-24,The Rose Bowl,1,21.2,Bangladesh,Afghanistan,Mushfiqur Rahim,Shakib Al Hasan,Rashid Khan,2,0,,,,,,,,,
1144513,2019,2019-06-24,The Rose Bowl,1,21.3,Bangladesh,Afghanistan,Mushfiqur Rahim,Shakib Al Hasan,Rashid Khan,0,0,,,,,,,,,
1144513,2019,2019-06-24,The Rose Bowl,1,21.4,Bangladesh,Afghanistan,Mushfiqur Rahim,Shakib Al Hasan,Rashid Khan,1,0,,,,,,,,,
1144513,2019,2019-06-24,The Rose Bowl,1,21.5,Bangladesh,Afghanistan,Shakib Al Hasan,Mushfiqur Rahim,Rashid Khan,0,0,,,,,,,,,
1144513,2019,2019-06-24,The Rose Bowl,1,21.6,Bangladesh,Afghanistan,Shakib Al Hasan,Mushfiqur Rahim,Rashid Khan,0,0,,,,,,,,,
1144513,2019,2019-06-24,The Rose Bowl,1,22.1,Bangladesh,Afghanistan,Mushfiqur Rahim,Shakib Al Hasan,Dawlat Zadran,1,0,,,,,,,,,
1144513,2019,2019-06-24,The Rose Bowl,1,22.2,Bangladesh,Afghanistan,Shakib Al Hasan,Mushfiqur Rahim,Dawlat Zadran,2,0,,,,,,,,,
1144513,2019,2019-06-24,The Rose Bowl,1,22.3,Bangladesh,Afghanistan,Shakib Al Hasan,Mushfiqur Rahim,Dawlat Zadran,1,0,,,,,,,,,
1144513,2019,2019-06-24,The Rose Bowl,1,22.4,Bangladesh,Afghanistan,Mushfiqur Rahim,Shakib Al Hasan,Dawlat Zadran,0,0,,,,,,,,,
1144513,2019,2019-06-24,The Rose Bowl,1,22.5,Bangladesh,Afghanistan,Mushfiqur Rahim,Shakib Al Hasan,Dawlat Zadran,4,0,,,,,,,,,
1144513,2019,2019-06-24,The Rose Bowl,1,22.6,Bangladesh,Afghanistan,Mushfiqur Rahim,Shakib Al Hasan,Dawlat Zadran,2,0,,,,,,,,,
1144513,2019,2019-06-24,The Rose Bowl,1,23.1,Bangladesh,Afghanistan,Shakib Al Hasan,Mushfiqur Rahim,Rahmat Shah,1,0,,,,,,,,,
1144513,2019,2019-06-24,The Rose Bowl,1,23.2,Bangladesh,Afghanistan,Mushfiqur Rahim,Shakib Al Hasan,Rahmat Shah,0,0,,,,,,,,,
1144513,2019,2019-06-24,The Rose Bowl,1,23.3,Bangladesh,Afghanistan,Mushfiqur Rahim,Shakib Al Hasan,Rahmat Shah,1,0,,,,,,,,,
1144513,2019,2019-06-24,The Rose Bowl,1,23.4,Bangladesh,Afghanistan,Shakib Al Hasan,Mushfiqur Rahim,Rahmat Shah,1,0,,,,,,,,,
1144513,2019,2019-06-24,The Rose Bowl,1,23.5,Bangladesh,Afghanistan,Mushfiqur Rahim,Shakib Al Hasan,Rahmat Shah,0,0,,,,,,,,,
1144513,2019,2019-06-24,The Rose Bowl,1,23.6,Bangladesh,Afghanistan,Mushfiqur Rahim,Shakib Al Hasan,Rahmat Shah,4,0,,,,,,,,,
1144513,2019,2019-06-24,The Rose Bowl,1,24.1,Bangladesh,Afghanistan,Shakib Al Hasan,Mushfiqur Rahim,Gulbadin Naib,2,0,,,,,,,,,
1144513,2019,2019-06-24,The Rose Bowl,1,24.2,Bangladesh,Afghanistan,Shakib Al Hasan,Mushfiqur Rahim,Gulbadin Naib,0,0,,,,,,,,,
1144513,2019,2019-06-24,The Rose Bowl,1,24.3,Bangladesh,Afghanistan,Shakib Al Hasan,Mushfiqur Rahim,Gulbadin Naib,2,0,,,,,,,,,
1144513,2019,2019-06-24,The Rose Bowl,1,24.4,Bangladesh,Afghanistan,Shakib Al Hasan,Mushfiqur Rahim,Gulbadin Naib,2,0,,,,,,,,,
1144513,2019,2019-06-24,The Rose Bowl,1,24.5,Bangladesh,Afghanistan,Shakib Al Hasan,Mushfiqur Rahim,Gulbadin Naib,1,0,,,,,,,,,
1144513,2019,2019-06-24,The Rose Bowl,1,24.6,Bangladesh,Afghanistan,Mushfiqur Rahim,Shakib Al Hasan,Gulbadin Naib,1,0,,,,,,,,,
1144513,2019,2019-06-24,The Rose Bowl,1,25.1,Bangladesh,Afghanistan,Mushfiqur Rahim,Shakib Al Hasan,Mohammad Nabi,2,0,,,,,,,,,
1144513,2019,2019-06-24,The Rose Bowl,1,25.2,Bangladesh,Afghanistan,Mushfiqur Rahim,Shakib Al Hasan,Mohammad Nabi,1,0,,,,,,,,,
1144513,2019,2019-06-24,The Rose Bowl,1,25.3,Bangladesh,Afghanistan,Shakib Al Hasan,Mushfiqur Rahim,Mohammad Nabi,0,0,,,,,,,,,
1144513,2019,2019-06-24,The Rose Bowl,1,25.4,Bangladesh,Afghanistan,Shakib Al Hasan,Mushfiqur Rahim,Mohammad Nabi,1,0,,,,,,,,,
1144513,2019,2019-06-24,The Rose Bowl,1,25.5,Bangladesh,Afghanistan,Mushfiqur Rahim,Shakib Al Hasan,Mohammad Nabi,0,0,,,,,,,,,
1144513,2019,2019-06-24,The Rose Bowl,1,25.6,Bangladesh,Afghanistan,Mushfiqur Rahim,Shakib Al Hasan,Mohammad Nabi,0,0,,,,,,,,,
1144513,2019,2019-06-24,The Rose Bowl,1,26.1,Bangladesh,Afghanistan,Shakib Al Hasan,Mushfiqur Rahim,Gulbadin Naib,0,0,,,,,,,,,
1144513,2019,2019-06-24,The Rose Bowl,1,26.2,Bangladesh,Afghanistan,Shakib Al Hasan,Mushfiqur Rahim,Gulbadin Naib,0,0,,,,,,,,,
1144513,2019,2019-06-24,The Rose Bowl,1,26.3,Bangladesh,Afghanistan,Shakib Al Hasan,Mushfiqur Rahim,Gulbadin Naib,0,0,,,,,,,,,
1144513,2019,2019-06-24,The Rose Bowl,1,26.4,Bangladesh,Afghanistan,Shakib Al Hasan,Mushfiqur Rahim,Gulbadin Naib,0,0,,,,,,,,,
1144513,2019,2019-06-24,The Rose Bowl,1,26.5,Bangladesh,Afghanistan,Shakib Al Hasan,Mushfiqur Rahim,Gulbadin Naib,0,0,,,,,,,,,
1144513,2019,2019-06-24,The Rose Bowl,1,26.6,Bangladesh,Afghanistan,Shakib Al Hasan,Mushfiqur Rahim,Gulbadin Naib,0,0,,,,,,,,,
1144513,2019,2019-06-24,The Rose Bowl,1,27.1,Bangladesh,Afghanistan,Mushfiqur Rahim,Shakib Al Hasan,Mohammad Nabi,0,0,,,,,,,,,
1144513,2019,2019-06-24,The Rose Bowl,1,27.2,Bangladesh,Afghanistan,Mushfiqur Rahim,Shakib Al Hasan,Mohammad Nabi,0,0,,,,,,,,,
1144513,2019,2019-06-24,The Rose Bowl,1,27.3,Bangladesh,Afghanistan,Mushfiqur Rahim,Shakib Al Hasan,Mohammad Nabi,0,0,,,,,,,,,
1144513,2019,2019-06-24,The Rose Bowl,1,27.4,Bangladesh,Afghanistan,Mushfiqur Rahim,Shakib Al Hasan,Mohammad Nabi,1,0,,,,,,,,,
1144513,2019,2019-06-24,The Rose Bowl,1,27.5,Bangladesh,Afghanistan,Shakib Al Hasan,Mushfiqur Rahim,Mohammad Nabi,1,0,,,,,,,,,
1144513,2019,2019-06-24,The Rose Bowl,1,27.6,Bangladesh,Afghanistan,Mushfiqur Rahim,Shakib Al Hasan,Mohammad Nabi,1,0,,,,,,,,,
1144513,2019,2019-06-24,The Rose Bowl,1,28.1,Bangladesh,Afghanistan,Mushfiqur Rahim,Shakib Al Hasan,Gulbadin Naib,0,0,,,,,,,,,
1144513,2019,2019-06-24,The Rose Bowl,1,28.2,Bangladesh,Afghanistan,Mushfiqur Rahim,Shakib Al Hasan,Gulbadin Naib,1,0,,,,,,,,,
1144513,2019,2019-06-24,The Rose Bowl,1,28.3,Bangladesh,Afghanistan,Shakib Al Hasan,Mushfiqur Rahim,Gulbadin Naib,1,0,,,,,,,,,
1144513,2019,2019-06-24,The Rose Bowl,1,28.4,Bangladesh,Afghanistan,Mushfiqur Rahim,Shakib Al Hasan,Gulbadin Naib,0,0,,,,,,,,,
1144513,2019,2019-06-24,The Rose Bowl,1,28.5,Bangladesh,Afghanistan,Mushfiqur Rahim,Shakib Al Hasan,Gulbadin Naib,1,0,,,,,,,,,
1144513,2019,2019-06-24,The Rose Bowl,1,28.6,Bangladesh,Afghanistan,Shakib Al Hasan,Mushfiqur Rahim,Gulbadin Naib,0,0,,,,,,,,,
1144513,2019,2019-06-24,The Rose Bowl,1,29.1,Bangladesh,Afghanistan,Mushfiqur Rahim,Shakib Al Hasan,Mujeeb Ur Rahman,1,0,,,,,,,,,
1144513,2019,2019-06-24,The Rose Bowl,1,29.2,Bangladesh,Afghanistan,Shakib Al Hasan,Mushfiqur Rahim,Mujeeb Ur Rahman,0,0,,,,,,lbw,Shakib Al Hasan,,
1144513,2019,2019-06-24,The Rose Bowl,1,29.3,Bangladesh,Afghanistan,Soumya Sarkar,Mushfiqur Rahim,Mujeeb Ur Rahman,0,0,,,,,,,,,
1144513,2019,2019-06-24,The Rose Bowl,1,29.4,Bangladesh,Afghanistan,Soumya Sarkar,Mushfiqur Rahim,Mujeeb Ur Rahman,0,0,,,,,,,,,
1144513,2019,2019-06-24,The Rose Bowl,1,29.5,Bangladesh,Afghanistan,Soumya Sarkar,Mushfiqur Rahim,Mujeeb Ur Rahman,0,0,,,,,,,,,
1144513,2019,2019-06-24,The Rose Bowl,1,29.6,Bangladesh,Afghanistan,Soumya Sarkar,Mushfiqur Rahim,Mujeeb Ur Rahman,0,0,,,,,,,,,
1144513,2019,2019-06-24,The Rose Bowl,1,30.1,Bangladesh,Afghanistan,Mushfiqur Rahim,Soumya Sarkar,Gulbadin Naib,1,0,,,,,,,,,
1144513,2019,2019-06-24,The Rose Bowl,1,30.2,Bangladesh,Afghanistan,Soumya Sarkar,Mushfiqur Rahim,Gulbadin Naib,0,0,,,,,,,,,
1144513,2019,2019-06-24,The Rose Bowl,1,30.3,Bangladesh,Afghanistan,Soumya Sarkar,Mushfiqur Rahim,Gulbadin Naib,0,0,,,,,,,,,
1144513,2019,2019-06-24,The Rose Bowl,1,30.4,Bangladesh,Afghanistan,Soumya Sarkar,Mushfiqur Rahim,Gulbadin Naib,1,0,,,,,,,,,
1144513,2019,2019-06-24,The Rose Bowl,1,30.5,Bangladesh,Afghanistan,Mushfiqur Rahim,Soumya Sarkar,Gulbadin Naib,1,0,,,,,,,,,
1144513,2019,2019-06-24,The Rose Bowl,1,30.6,Bangladesh,Afghanistan,Soumya Sarkar,Mushfiqur Rahim,Gulbadin Naib,2,0,,,,,,,,,
1144513,2019,2019-06-24,The Rose Bowl,1,31.1,Bangladesh,Afghanistan,Mushfiqur Rahim,Soumya Sarkar,Mujeeb Ur Rahman,0,0,,,,,,,,,
1144513,2019,2019-06-24,The Rose Bowl,1,31.2,Bangladesh,Afghanistan,Mushfiqur Rahim,Soumya Sarkar,Mujeeb Ur Rahman,0,0,,,,,,,,,
1144513,2019,2019-06-24,The Rose Bowl,1,31.3,Bangladesh,Afghanistan,Mushfiqur Rahim,Soumya Sarkar,Mujeeb Ur Rahman,2,0,,,,,,,,,
1144513,2019,2019-06-24,The Rose Bowl,1,31.4,Bangladesh,Afghanistan,Mushfiqur Rahim,Soumya Sarkar,Mujeeb Ur Rahman,1,0,,,,,,,,,
1144513,2019,2019-06-24,The Rose Bowl,1,31.5,Bangladesh,Afghanistan,Soumya Sarkar,Mushfiqur Rahim,Mujeeb Ur Rahman,0,0,,,,,,,,,
1144513,2019,2019-06-24,The Rose Bowl,1,31.6,Bangladesh,Afghanistan,Soumya Sarkar,Mushfiqur Rahim,Mujeeb Ur Rahman,0,0,,,,,,lbw,Soumya Sarkar,,
1144513,2019,2019-06-24,The Rose Bowl,1,32.1,Bangladesh,Afghanistan,Mushfiqur Rahim,Mahmudullah,Gulbadin Naib,0,0,,,,,,,,,
1144513,2019,2019-06-24,The Rose Bowl,1,32.2,Bangladesh,Afghanistan,Mushfiqur Rahim,Mahmudullah,Gulbadin Naib,1,0,,,,,,,,,
1144513,2019,2019-06-24,The Rose Bowl,1,32.3,Bangladesh,Afghanistan,Mahmudullah,Mushfiqur Rahim,Gulbadin Naib,0,0,,,,,,,,,
1144513,2019,2019-06-24,The Rose Bowl,1,32.4,Bangladesh,Afghanistan,Mahmudullah,Mushfiqur Rahim,Gulbadin Naib,1,0,,,,,,,,,
1144513,2019,2019-06-24,The Rose Bowl,1,32.5,Bangladesh,Afghanistan,Mushfiqur Rahim,Mahmudullah,Gulbadin Naib,0,0,,,,,,,,,
1144513,2019,2019-06-24,The Rose Bowl,1,32.6,Bangladesh,Afghanistan,Mushfiqur Rahim,Mahmudullah,Gulbadin Naib,0,0,,,,,,,,,
1144513,2019,2019-06-24,The Rose Bowl,1,33.1,Bangladesh,Afghanistan,Mahmudullah,Mushfiqur Rahim,Rashid Khan,0,0,,,,,,,,,
1144513,2019,2019-06-24,The Rose Bowl,1,33.2,Bangladesh,Afghanistan,Mahmudullah,Mushfiqur Rahim,Rashid Khan,1,0,,,,,,,,,
1144513,2019,2019-06-24,The Rose Bowl,1,33.3,Bangladesh,Afghanistan,Mushfiqur Rahim,Mahmudullah,Rashid Khan,1,0,,,,,,,,,
1144513,2019,2019-06-24,The Rose Bowl,1,33.4,Bangladesh,Afghanistan,Mahmudullah,Mushfiqur Rahim,Rashid Khan,0,0,,,,,,,,,
1144513,2019,2019-06-24,The Rose Bowl,1,33.5,Bangladesh,Afghanistan,Mahmudullah,Mushfiqur Rahim,Rashid Khan,1,0,,,,,,,,,
1144513,2019,2019-06-24,The Rose Bowl,1,33.6,Bangladesh,Afghanistan,Mushfiqur Rahim,Mahmudullah,Rashid Khan,1,0,,,,,,,,,
1144513,2019,2019-06-24,The Rose Bowl,1,34.1,Bangladesh,Afghanistan,Mushfiqur Rahim,Mahmudullah,Dawlat Zadran,1,0,,,,,,,,,
1144513,2019,2019-06-24,The Rose Bowl,1,34.2,Bangladesh,Afghanistan,Mahmudullah,Mushfiqur Rahim,Dawlat Zadran,1,0,,,,,,,,,
1144513,2019,2019-06-24,The Rose Bowl,1,34.3,Bangladesh,Afghanistan,Mushfiqur Rahim,Mahmudullah,Dawlat Zadran,0,0,,,,,,,,,
1144513,2019,2019-06-24,The Rose Bowl,1,34.4,Bangladesh,Afghanistan,Mushfiqur Rahim,Mahmudullah,Dawlat Zadran,0,0,,,,,,,,,
1144513,2019,2019-06-24,The Rose Bowl,1,34.5,Bangladesh,Afghanistan,Mushfiqur Rahim,Mahmudullah,Dawlat Zadran,1,0,,,,,,,,,
1144513,2019,2019-06-24,The Rose Bowl,1,34.6,Bangladesh,Afghanistan,Mahmudullah,Mushfiqur Rahim,Dawlat Zadran,1,0,,,,,,,,,
1144513,2019,2019-06-24,The Rose Bowl,1,35.1,Bangladesh,Afghanistan,Mahmudullah,Mushfiqur Rahim,Rashid Khan,0,0,,,,,,,,,
1144513,2019,2019-06-24,The Rose Bowl,1,35.2,Bangladesh,Afghanistan,Mahmudullah,Mushfiqur Rahim,Rashid Khan,1,0,,,,,,,,,
1144513,2019,2019-06-24,The Rose Bowl,1,35.3,Bangladesh,Afghanistan,Mushfiqur Rahim,Mahmudullah,Rashid Khan,1,0,,,,,,,,,
1144513,2019,2019-06-24,The Rose Bowl,1,35.4,Bangladesh,Afghanistan,Mahmudullah,Mushfiqur Rahim,Rashid Khan,0,0,,,,,,,,,
1144513,2019,2019-06-24,The Rose Bowl,1,35.5,Bangladesh,Afghanistan,Mahmudullah,Mushfiqur Rahim,Rashid Khan,0,0,,,,,,,,,
1144513,2019,2019-06-24,The Rose Bowl,1,35.6,Bangladesh,Afghanistan,Mahmudullah,Mushfiqur Rahim,Rashid Khan,0,0,,,,,,,,,
1144513,2019,2019-06-24,The Rose Bowl,1,36.1,Bangladesh,Afghanistan,Mushfiqur Rahim,Mahmudullah,Dawlat Zadran,0,0,,,,,,,,,
1144513,2019,2019-06-24,The Rose Bowl,1,36.2,Bangladesh,Afghanistan,Mushfiqur Rahim,Mahmudullah,Dawlat Zadran,6,0,,,,,,,,,
1144513,2019,2019-06-24,The Rose Bowl,1,36.3,Bangladesh,Afghanistan,Mushfiqur Rahim,Mahmudullah,Dawlat Zadran,1,0,,,,,,,,,
1144513,2019,2019-06-24,The Rose Bowl,1,36.4,Bangladesh,Afghanistan,Mahmudullah,Mushfiqur Rahim,Dawlat Zadran,1,0,,,,,,,,,
1144513,2019,2019-06-24,The Rose Bowl,1,36.5,Bangladesh,Afghanistan,Mushfiqur Rahim,Mahmudullah,Dawlat Zadran,0,0,,,,,,,,,
1144513,2019,2019-06-24,The Rose Bowl,1,36.6,Bangladesh,Afghanistan,Mushfiqur Rahim,Mahmudullah,Dawlat Zadran,1,0,,,,,,,,,
1144513,2019,2019-06-24,The Rose Bowl,1,37.1,Bangladesh,Afghanistan,Mushfiqur Rahim,Mahmudullah,Mujeeb Ur Rahman,1,0,,,,,,,,,
1144513,2019,2019-06-24,The Rose Bowl,1,37.2,Bangladesh,Afghanistan,Mahmudullah,Mushfiqur Rahim,Mujeeb Ur Rahman,0,0,,,,,,,,,
1144513,2019,2019-06-24,The Rose Bowl,1,37.3,Bangladesh,Afghanistan,Mahmudullah,Mushfiqur Rahim,Mujeeb Ur Rahman,1,0,,,,,,,,,
1144513,2019,2019-06-24,The Rose Bowl,1,37.4,Bangladesh,Afghanistan,Mushfiqur Rahim,Mahmudullah,Mujeeb Ur Rahman,0,0,,,,,,,,,
1144513,2019,2019-06-24,The Rose Bowl,1,37.5,Bangladesh,Afghanistan,Mushfiqur Rahim,Mahmudullah,Mujeeb Ur Rahman,0,1,1,,,,,,,,
1144513,2019,2019-06-24,The Rose Bowl,1,37.6,Bangladesh,Afghanistan,Mushfiqur Rahim,Mahmudullah,Mujeeb Ur Rahman,1,0,,,,,,,,,
1144513,2019,2019-06-24,The Rose Bowl,1,37.7,Bangladesh,Afghanistan,Mahmudullah,Mushfiqur Rahim,Mujeeb Ur Rahman,1,0,,,,,,,,,
1144513,2019,2019-06-24,The Rose Bowl,1,38.1,Bangladesh,Afghanistan,Mahmudullah,Mushfiqur Rahim,Rashid Khan,1,0,,,,,,,,,
1144513,2019,2019-06-24,The Rose Bowl,1,38.2,Bangladesh,Afghanistan,Mushfiqur Rahim,Mahmudullah,Rashid Khan,3,0,,,,,,,,,
1144513,2019,2019-06-24,The Rose Bowl,1,38.3,Bangladesh,Afghanistan,Mahmudullah,Mushfiqur Rahim,Rashid Khan,0,0,,,,,,,,,
1144513,2019,2019-06-24,The Rose Bowl,1,38.4,Bangladesh,Afghanistan,Mahmudullah,Mushfiqur Rahim,Rashid Khan,1,0,,,,,,,,,
1144513,2019,2019-06-24,The Rose Bowl,1,38.5,Bangladesh,Afghanistan,Mushfiqur Rahim,Mahmudullah,Rashid Khan,0,0,,,,,,,,,
1144513,2019,2019-06-24,The Rose Bowl,1,38.6,Bangladesh,Afghanistan,Mushfiqur Rahim,Mahmudullah,Rashid Khan,4,0,,,,,,,,,
1144513,2019,2019-06-24,The Rose Bowl,1,39.1,Bangladesh,Afghanistan,Mahmudullah,Mushfiqur Rahim,Mohammad Nabi,0,0,,,,,,,,,
1144513,2019,2019-06-24,The Rose Bowl,1,39.2,Bangladesh,Afghanistan,Mahmudullah,Mushfiqur Rahim,Mohammad Nabi,1,0,,,,,,,,,
1144513,2019,2019-06-24,The Rose Bowl,1,39.3,Bangladesh,Afghanistan,Mushfiqur Rahim,Mahmudullah,Mohammad Nabi,1,0,,,,,,,,,
1144513,2019,2019-06-24,The Rose Bowl,1,39.4,Bangladesh,Afghanistan,Mahmudullah,Mushfiqur Rahim,Mohammad Nabi,4,0,,,,,,,,,
1144513,2019,2019-06-24,The Rose Bowl,1,39.5,Bangladesh,Afghanistan,Mahmudullah,Mushfiqur Rahim,Mohammad Nabi,0,0,,,,,,,,,
1144513,2019,2019-06-24,The Rose Bowl,1,39.6,Bangladesh,Afghanistan,Mahmudullah,Mushfiqur Rahim,Mohammad Nabi,1,0,,,,,,,,,
1144513,2019,2019-06-24,The Rose Bowl,1,40.1,Bangladesh,Afghanistan,Mahmudullah,Mushfiqur Rahim,Gulbadin Naib,4,0,,,,,,,,,
1144513,2019,2019-06-24,The Rose Bowl,1,40.2,Bangladesh,Afghanistan,Mahmudullah,Mushfiqur Rahim,Gulbadin Naib,0,0,,,,,,,,,
1144513,2019,2019-06-24,The Rose Bowl,1,40.3,Bangladesh,Afghanistan,Mahmudullah,Mushfiqur Rahim,Gulbadin Naib,0,0,,,,,,,,,
1144513,2019,2019-06-24,The Rose Bowl,1,40.4,Bangladesh,Afghanistan,Mahmudullah,Mushfiqur Rahim,Gulbadin Naib,1,0,,,,,,,,,
1144513,2019,2019-06-24,The Rose Bowl,1,40.5,Bangladesh,Afghanistan,Mushfiqur Rahim,Mahmudullah,Gulbadin Naib,2,0,,,,,,,,,
1144513,2019,2019-06-24,The Rose Bowl,1,40.6,Bangladesh,Afghanistan,Mushfiqur Rahim,Mahmudullah,Gulbadin Naib,0,0,,,,,,,,,
1144513,2019,2019-06-24,The Rose Bowl,1,41.1,Bangladesh,Afghanistan,Mahmudullah,Mushfiqur Rahim,Mohammad Nabi,0,0,,,,,,,,,
1144513,2019,2019-06-24,The Rose Bowl,1,41.2,Bangladesh,Afghanistan,Mahmudullah,Mushfiqur Rahim,Mohammad Nabi,0,0,,,,,,,,,
1144513,2019,2019-06-24,The Rose Bowl,1,41.3,Bangladesh,Afghanistan,Mahmudullah,Mushfiqur Rahim,Mohammad Nabi,0,0,,,,,,,,,
1144513,2019,2019-06-24,The Rose Bowl,1,41.4,Bangladesh,Afghanistan,Mahmudullah,Mushfiqur Rahim,Mohammad Nabi,2,0,,,,,,,,,
1144513,2019,2019-06-24,The Rose Bowl,1,41.5,Bangladesh,Afghanistan,Mahmudullah,Mushfiqur Rahim,Mohammad Nabi,1,0,,,,,,,,,
1144513,2019,2019-06-24,The Rose Bowl,1,41.6,Bangladesh,Afghanistan,Mushfiqur Rahim,Mahmudullah,Mohammad Nabi,0,0,,,,,,,,,
1144513,2019,2019-06-24,The Rose Bowl,1,42.1,Bangladesh,Afghanistan,Mahmudullah,Mushfiqur Rahim,Gulbadin Naib,1,0,,,,,,,,,
1144513,2019,2019-06-24,The Rose Bowl,1,42.2,Bangladesh,Afghanistan,Mushfiqur Rahim,Mahmudullah,Gulbadin Naib,1,0,,,,,,,,,
1144513,2019,2019-06-24,The Rose Bowl,1,42.3,Bangladesh,Afghanistan,Mahmudullah,Mushfiqur Rahim,Gulbadin Naib,1,0,,,,,,,,,
1144513,2019,2019-06-24,The Rose Bowl,1,42.4,Bangladesh,Afghanistan,Mushfiqur Rahim,Mahmudullah,Gulbadin Naib,1,0,,,,,,,,,
1144513,2019,2019-06-24,The Rose Bowl,1,42.5,Bangladesh,Afghanistan,Mahmudullah,Mushfiqur Rahim,Gulbadin Naib,0,0,,,,,,,,,
1144513,2019,2019-06-24,The Rose Bowl,1,42.6,Bangladesh,Afghanistan,Mahmudullah,Mushfiqur Rahim,Gulbadin Naib,0,0,,,,,,caught,Mahmudullah,,
1144513,2019,2019-06-24,The Rose Bowl,1,43.1,Bangladesh,Afghanistan,Mushfiqur Rahim,Mosaddek Hossain,Rashid Khan,1,0,,,,,,,,,
1144513,2019,2019-06-24,The Rose Bowl,1,43.2,Bangladesh,Afghanistan,Mosaddek Hossain,Mushfiqur Rahim,Rashid Khan,3,0,,,,,,,,,
1144513,2019,2019-06-24,The Rose Bowl,1,43.3,Bangladesh,Afghanistan,Mushfiqur Rahim,Mosaddek Hossain,Rashid Khan,0,0,,,,,,,,,
1144513,2019,2019-06-24,The Rose Bowl,1,43.4,Bangladesh,Afghanistan,Mushfiqur Rahim,Mosaddek Hossain,Rashid Khan,1,0,,,,,,,,,
1144513,2019,2019-06-24,The Rose Bowl,1,43.5,Bangladesh,Afghanistan,Mosaddek Hossain,Mushfiqur Rahim,Rashid Khan,0,0,,,,,,,,,
1144513,2019,2019-06-24,The Rose Bowl,1,43.6,Bangladesh,Afghanistan,Mosaddek Hossain,Mushfiqur Rahim,Rashid Khan,0,0,,,,,,,,,
1144513,2019,2019-06-24,The Rose Bowl,1,44.1,Bangladesh,Afghanistan,Mushfiqur Rahim,Mosaddek Hossain,Mujeeb Ur Rahman,0,0,,,,,,,,,
1144513,2019,2019-06-24,The Rose Bowl,1,44.2,Bangladesh,Afghanistan,Mushfiqur Rahim,Mosaddek Hossain,Mujeeb Ur Rahman,2,0,,,,,,,,,
1144513,2019,2019-06-24,The Rose Bowl,1,44.3,Bangladesh,Afghanistan,Mushfiqur Rahim,Mosaddek Hossain,Mujeeb Ur Rahman,2,0,,,,,,,,,
1144513,2019,2019-06-24,The Rose Bowl,1,44.4,Bangladesh,Afghanistan,Mushfiqur Rahim,Mosaddek Hossain,Mujeeb Ur Rahman,2,0,,,,,,,,,
1144513,2019,2019-06-24,The Rose Bowl,1,44.5,Bangladesh,Afghanistan,Mushfiqur Rahim,Mosaddek Hossain,Mujeeb Ur Rahman,1,0,,,,,,,,,
1144513,2019,2019-06-24,The Rose Bowl,1,44.6,Bangladesh,Afghanistan,Mosaddek Hossain,Mushfiqur Rahim,Mujeeb Ur Rahman,1,0,,,,,,,,,
1144513,2019,2019-06-24,The Rose Bowl,1,45.1,Bangladesh,Afghanistan,Mosaddek Hossain,Mushfiqur Rahim,Rashid Khan,2,0,,,,,,,,,
1144513,2019,2019-06-24,The Rose Bowl,1,45.2,Bangladesh,Afghanistan,Mosaddek Hossain,Mushfiqur Rahim,Rashid Khan,2,0,,,,,,,,,
1144513,2019,2019-06-24,The Rose Bowl,1,45.3,Bangladesh,Afghanistan,Mosaddek Hossain,Mushfiqur Rahim,Rashid Khan,0,0,,,,,,,,,
1144513,2019,2019-06-24,The Rose Bowl,1,45.4,Bangladesh,Afghanistan,Mosaddek Hossain,Mushfiqur Rahim,Rashid Khan,1,0,,,,,,,,,
1144513,2019,2019-06-24,The Rose Bowl,1,45.5,Bangladesh,Afghanistan,Mushfiqur Rahim,Mosaddek Hossain,Rashid Khan,0,0,,,,,,,,,
1144513,2019,2019-06-24,The Rose Bowl,1,45.6,Bangladesh,Afghanistan,Mushfiqur Rahim,Mosaddek Hossain,Rashid Khan,2,0,,,,,,,,,
1144513,2019,2019-06-24,The Rose Bowl,1,46.1,Bangladesh,Afghanistan,Mosaddek Hossain,Mushfiqur Rahim,Dawlat Zadran,4,0,,,,,,,,,
1144513,2019,2019-06-24,The Rose Bowl,1,46.2,Bangladesh,Afghanistan,Mosaddek Hossain,Mushfiqur Rahim,Dawlat Zadran,0,0,,,,,,,,,
1144513,2019,2019-06-24,The Rose Bowl,1,46.3,Bangladesh,Afghanistan,Mosaddek Hossain,Mushfiqur Rahim,Dawlat Zadran,0,1,1,,,,,,,,
1144513,2019,2019-06-24,The Rose Bowl,1,46.4,Bangladesh,Afghanistan,Mosaddek Hossain,Mushfiqur Rahim,Dawlat Zadran,3,0,,,,,,,,,
1144513,2019,2019-06-24,The Rose Bowl,1,46.5,Bangladesh,Afghanistan,Mushfiqur Rahim,Mosaddek Hossain,Dawlat Zadran,0,0,,,,,,,,,
1144513,2019,2019-06-24,The Rose Bowl,1,46.6,Bangladesh,Afghanistan,Mushfiqur Rahim,Mosaddek Hossain,Dawlat Zadran,0,0,,,,,,,,,
1144513,2019,2019-06-24,The Rose Bowl,1,46.7,Bangladesh,Afghanistan,Mushfiqur Rahim,Mosaddek Hossain,Dawlat Zadran,1,0,,,,,,,,,
1144513,2019,2019-06-24,The Rose Bowl,1,47.1,Bangladesh,Afghanistan,Mushfiqur Rahim,Mosaddek Hossain,Rashid Khan,4,0,,,,,,,,,
1144513,2019,2019-06-24,The Rose Bowl,1,47.2,Bangladesh,Afghanistan,Mushfiqur Rahim,Mosaddek Hossain,Rashid Khan,1,0,,,,,,,,,
1144513,2019,2019-06-24,The Rose Bowl,1,47.3,Bangladesh,Afghanistan,Mosaddek Hossain,Mushfiqur Rahim,Rashid Khan,4,0,,,,,,,,,
1144513,2019,2019-06-24,The Rose Bowl,1,47.4,Bangladesh,Afghanistan,Mosaddek Hossain,Mushfiqur Rahim,Rashid Khan,0,0,,,,,,,,,
1144513,2019,2019-06-24,The Rose Bowl,1,47.5,Bangladesh,Afghanistan,Mosaddek Hossain,Mushfiqur Rahim,Rashid Khan,0,0,,,,,,,,,
1144513,2019,2019-06-24,The Rose Bowl,1,47.6,Bangladesh,Afghanistan,Mosaddek Hossain,Mushfiqur Rahim,Rashid Khan,1,0,,,,,,,,,
1144513,2019,2019-06-24,The Rose Bowl,1,48.1,Bangladesh,Afghanistan,Mosaddek Hossain,Mushfiqur Rahim,Dawlat Zadran,4,0,,,,,,,,,
1144513,2019,2019-06-24,The Rose Bowl,1,48.2,Bangladesh,Afghanistan,Mosaddek Hossain,Mushfiqur Rahim,Dawlat Zadran,1,0,,,,,,,,,
1144513,2019,2019-06-24,The Rose Bowl,1,48.3,Bangladesh,Afghanistan,Mushfiqur Rahim,Mosaddek Hossain,Dawlat Zadran,0,0,,,,,,caught,Mushfiqur Rahim,,
1144513,2019,2019-06-24,The Rose Bowl,1,48.4,Bangladesh,Afghanistan,Mosaddek Hossain,Mohammad Saifuddin,Dawlat Zadran,2,0,,,,,,,,,
1144513,2019,2019-06-24,The Rose Bowl,1,48.5,Bangladesh,Afghanistan,Mosaddek Hossain,Mohammad Saifuddin,Dawlat Zadran,0,0,,,,,,,,,
1144513,2019,2019-06-24,The Rose Bowl,1,48.6,Bangladesh,Afghanistan,Mosaddek Hossain,Mohammad Saifuddin,Dawlat Zadran,1,0,,,,,,,,,
1144513,2019,2019-06-24,The Rose Bowl,1,49.1,Bangladesh,Afghanistan,Mosaddek Hossain,Mohammad Saifuddin,Gulbadin Naib,1,0,,,,,,,,,
1144513,2019,2019-06-24,The Rose Bowl,1,49.2,Bangladesh,Afghanistan,Mohammad Saifuddin,Mosaddek Hossain,Gulbadin Naib,1,0,,,,,,,,,
1144513,2019,2019-06-24,The Rose Bowl,1,49.3,Bangladesh,Afghanistan,Mosaddek Hossain,Mohammad Saifuddin,Gulbadin Naib,4,0,,,,,,,,,
1144513,2019,2019-06-24,The Rose Bowl,1,49.4,Bangladesh,Afghanistan,Mosaddek Hossain,Mohammad Saifuddin,Gulbadin Naib,1,0,,,,,,,,,
1144513,2019,2019-06-24,The Rose Bowl,1,49.5,Bangladesh,Afghanistan,Mohammad Saifuddin,Mosaddek Hossain,Gulbadin Naib,1,0,,,,,,,,,
1144513,2019,2019-06-24,The Rose Bowl,1,49.6,Bangladesh,Afghanistan,Mosaddek Hossain,Mohammad Saifuddin,Gulbadin Naib,0,0,,,,,,bowled,Mosaddek Hossain,,
1144513,2019,2019-06-24,The Rose Bowl,2,0.1,Afghanistan,Bangladesh,Gulbadin Naib,Rahmat Shah,Mashrafe Mortaza,0,0,,,,,,,,,
1144513,2019,2019-06-24,The Rose Bowl,2,0.2,Afghanistan,Bangladesh,Gulbadin Naib,Rahmat Shah,Mashrafe Mortaza,0,1,,,,1,,,,,
1144513,2019,2019-06-24,The Rose Bowl,2,0.3,Afghanistan,Bangladesh,Rahmat Shah,Gulbadin Naib,Mashrafe Mortaza,0,0,,,,,,,,,
1144513,2019,2019-06-24,The Rose Bowl,2,0.4,Afghanistan,Bangladesh,Rahmat Shah,Gulbadin Naib,Mashrafe Mortaza,2,0,,,,,,,,,
1144513,2019,2019-06-24,The Rose Bowl,2,0.5,Afghanistan,Bangladesh,Rahmat Shah,Gulbadin Naib,Mashrafe Mortaza,0,1,1,,,,,,,,
1144513,2019,2019-06-24,The Rose Bowl,2,0.6,Afghanistan,Bangladesh,Rahmat Shah,Gulbadin Naib,Mashrafe Mortaza,0,0,,,,,,,,,
1144513,2019,2019-06-24,The Rose Bowl,2,0.7,Afghanistan,Bangladesh,Rahmat Shah,Gulbadin Naib,Mashrafe Mortaza,0,0,,,,,,,,,
1144513,2019,2019-06-24,The Rose Bowl,2,1.1,Afghanistan,Bangladesh,Gulbadin Naib,Rahmat Shah,Mustafizur Rahman,0,0,,,,,,,,,
1144513,2019,2019-06-24,The Rose Bowl,2,1.2,Afghanistan,Bangladesh,Gulbadin Naib,Rahmat Shah,Mustafizur Rahman,0,0,,,,,,,,,
1144513,2019,2019-06-24,The Rose Bowl,2,1.3,Afghanistan,Bangladesh,Gulbadin Naib,Rahmat Shah,Mustafizur Rahman,0,0,,,,,,,,,
1144513,2019,2019-06-24,The Rose Bowl,2,1.4,Afghanistan,Bangladesh,Gulbadin Naib,Rahmat Shah,Mustafizur Rahman,0,0,,,,,,,,,
1144513,2019,2019-06-24,The Rose Bowl,2,1.5,Afghanistan,Bangladesh,Gulbadin Naib,Rahmat Shah,Mustafizur Rahman,0,4,,,,4,,,,,
1144513,2019,2019-06-24,The Rose Bowl,2,1.6,Afghanistan,Bangladesh,Gulbadin Naib,Rahmat Shah,Mustafizur Rahman,0,0,,,,,,,,,
1144513,2019,2019-06-24,The Rose Bowl,2,2.1,Afghanistan,Bangladesh,Rahmat Shah,Gulbadin Naib,Mashrafe Mortaza,0,2,2,,,,,,,,
1144513,2019,2019-06-24,The Rose Bowl,2,2.2,Afghanistan,Bangladesh,Gulbadin Naib,Rahmat Shah,Mashrafe Mortaza,1,0,,,,,,,,,
1144513,2019,2019-06-24,The Rose Bowl,2,2.3,Afghanistan,Bangladesh,Rahmat Shah,Gulbadin Naib,Mashrafe Mortaza,1,0,,,,,,,,,
1144513,2019,2019-06-24,The Rose Bowl,2,2.4,Afghanistan,Bangladesh,Gulbadin Naib,Rahmat Shah,Mashrafe Mortaza,0,0,,,,,,,,,
1144513,2019,2019-06-24,The Rose Bowl,2,2.5,Afghanistan,Bangladesh,Gulbadin Naib,Rahmat Shah,Mashrafe Mortaza,1,0,,,,,,,,,
1144513,2019,2019-06-24,The Rose Bowl,2,2.6,Afghanistan,Bangladesh,Rahmat Shah,Gulbadin Naib,Mashrafe Mortaza,0,0,,,,,,,,,
1144513,2019,2019-06-24,The Rose Bowl,2,2.7,Afghanistan,Bangladesh,Rahmat Shah,Gulbadin Naib,Mashrafe Mortaza,2,0,,,,,,,,,
1144513,2019,2019-06-24,The Rose Bowl,2,3.1,Afghanistan,Bangladesh,Gulbadin Naib,Rahmat Shah,Mustafizur Rahman,0,1,,,,1,,,,,
1144513,2019,2019-06-24,The Rose Bowl,2,3.2,Afghanistan,Bangladesh,Rahmat Shah,Gulbadin Naib,Mustafizur Rahman,0,0,,,,,,,,,
1144513,2019,2019-06-24,The Rose Bowl,2,3.3,Afghanistan,Bangladesh,Rahmat Shah,Gulbadin Naib,Mustafizur Rahman,0,0,,,,,,,,,
1144513,2019,2019-06-24,The Rose Bowl,2,3.4,Afghanistan,Bangladesh,Rahmat Shah,Gulbadin Naib,Mustafizur Rahman,0,0,,,,,,,,,
1144513,2019,2019-06-24,The Rose Bowl,2,3.5,Afghanistan,Bangladesh,Rahmat Shah,Gulbadin Naib,Mustafizur Rahman,0,0,,,,,,,,,
1144513,2019,2019-06-24,The Rose Bowl,2,3.6,Afghanistan,Bangladesh,Rahmat Shah,Gulbadin Naib,Mustafizur Rahman,4,0,,,,,,,,,
1144513,2019,2019-06-24,The Rose Bowl,2,4.1,Afghanistan,Bangladesh,Gulbadin Naib,Rahmat Shah,Mashrafe Mortaza,0,0,,,,,,,,,
1144513,2019,2019-06-24,The Rose Bowl,2,4.2,Afghanistan,Bangladesh,Gulbadin Naib,Rahmat Shah,Mashrafe Mortaza,1,0,,,,,,,,,
1144513,2019,2019-06-24,The Rose Bowl,2,4.3,Afghanistan,Bangladesh,Rahmat Shah,Gulbadin Naib,Mashrafe Mortaza,0,0,,,,,,,,,
1144513,2019,2019-06-24,The Rose Bowl,2,4.4,Afghanistan,Bangladesh,Rahmat Shah,Gulbadin Naib,Mashrafe Mortaza,0,0,,,,,,,,,
1144513,2019,2019-06-24,The Rose Bowl,2,4.5,Afghanistan,Bangladesh,Rahmat Shah,Gulbadin Naib,Mashrafe Mortaza,0,0,,,,,,,,,
1144513,2019,2019-06-24,The Rose Bowl,2,4.6,Afghanistan,Bangladesh,Rahmat Shah,Gulbadin Naib,Mashrafe Mortaza,0,0,,,,,,,,,
1144513,2019,2019-06-24,The Rose Bowl,2,5.1,Afghanistan,Bangladesh,Gulbadin Naib,Rahmat Shah,Mustafizur Rahman,0,0,,,,,,,,,
1144513,2019,2019-06-24,The Rose Bowl,2,5.2,Afghanistan,Bangladesh,Gulbadin Naib,Rahmat Shah,Mustafizur Rahman,1,0,,,,,,,,,
1144513,2019,2019-06-24,The Rose Bowl,2,5.3,Afghanistan,Bangladesh,Rahmat Shah,Gulbadin Naib,Mustafizur Rahman,0,0,,,,,,,,,
1144513,2019,2019-06-24,The Rose Bowl,2,5.4,Afghanistan,Bangladesh,Rahmat Shah,Gulbadin Naib,Mustafizur Rahman,1,0,,,,,,,,,
1144513,2019,2019-06-24,The Rose Bowl,2,5.5,Afghanistan,Bangladesh,Gulbadin Naib,Rahmat Shah,Mustafizur Rahman,0,0,,,,,,,,,
1144513,2019,2019-06-24,The Rose Bowl,2,5.6,Afghanistan,Bangladesh,Gulbadin Naib,Rahmat Shah,Mustafizur Rahman,4,0,,,,,,,,,
1144513,2019,2019-06-24,The Rose Bowl,2,6.1,Afghanistan,Bangladesh,Rahmat Shah,Gulbadin Naib,Mashrafe Mortaza,0,0,,,,,,,,,
1144513,2019,2019-06-24,The Rose Bowl,2,6.2,Afghanistan,Bangladesh,Rahmat Shah,Gulbadin Naib,Mashrafe Mortaza,2,0,,,,,,,,,
1144513,2019,2019-06-24,The Rose Bowl,2,6.3,Afghanistan,Bangladesh,Rahmat Shah,Gulbadin Naib,Mashrafe Mortaza,0,0,,,,,,,,,
1144513,2019,2019-06-24,The Rose Bowl,2,6.4,Afghanistan,Bangladesh,Rahmat Shah,Gulbadin Naib,Mashrafe Mortaza,2,0,,,,,,,,,
1144513,2019,2019-06-24,The Rose Bowl,2,6.5,Afghanistan,Bangladesh,Rahmat Shah,Gulbadin Naib,Mashrafe Mortaza,0,0,,,,,,,,,
1144513,2019,2019-06-24,The Rose Bowl,2,6.6,Afghanistan,Bangladesh,Rahmat Shah,Gulbadin Naib,Mashrafe Mortaza,0,0,,,,,,,,,
1144513,2019,2019-06-24,The Rose Bowl,2,7.1,Afghanistan,Bangladesh,Gulbadin Naib,Rahmat Shah,Mohammad Saifuddin,0,0,,,,,,,,,
1144513,2019,2019-06-24,The Rose Bowl,2,7.2,Afghanistan,Bangladesh,Gulbadin Naib,Rahmat Shah,Mohammad Saifuddin,1,0,,,,,,,,,
1144513,2019,2019-06-24,The Rose Bowl,2,7.3,Afghanistan,Bangladesh,Rahmat Shah,Gulbadin Naib,Mohammad Saifuddin,1,0,,,,,,,,,
1144513,2019,2019-06-24,The Rose Bowl,2,7.4,Afghanistan,Bangladesh,Gulbadin Naib,Rahmat Shah,Mohammad Saifuddin,0,0,,,,,,,,,
1144513,2019,2019-06-24,The Rose Bowl,2,7.5,Afghanistan,Bangladesh,Gulbadin Naib,Rahmat Shah,Mohammad Saifuddin,0,0,,,,,,,,,
1144513,2019,2019-06-24,The Rose Bowl,2,7.6,Afghanistan,Bangladesh,Gulbadin Naib,Rahmat Shah,Mohammad Saifuddin,0,0,,,,,,,,,
1144513,2019,2019-06-24,The Rose Bowl,2,8.1,Afghanistan,Bangladesh,Rahmat Shah,Gulbadin Naib,Mashrafe Mortaza,4,0,,,,,,,,,
1144513,2019,2019-06-24,The Rose Bowl,2,8.2,Afghanistan,Bangladesh,Rahmat Shah,Gulbadin Naib,Mashrafe Mortaza,0,0,,,,,,,,,
1144513,2019,2019-06-24,The Rose Bowl,2,8.3,Afghanistan,Bangladesh,Rahmat Shah,Gulbadin Naib,Mashrafe Mortaza,1,0,,,,,,,,,
1144513,2019,2019-06-24,The Rose Bowl,2,8.4,Afghanistan,Bangladesh,Gulbadin Naib,Rahmat Shah,Mashrafe Mortaza,3,0,,,,,,,,,
1144513,2019,2019-06-24,The Rose Bowl,2,8.5,Afghanistan,Bangladesh,Rahmat Shah,Gulbadin Naib,Mashrafe Mortaza,4,0,,,,,,,,,
1144513,2019,2019-06-24,The Rose Bowl,2,8.6,Afghanistan,Bangladesh,Rahmat Shah,Gulbadin Naib,Mashrafe Mortaza,0,0,,,,,,,,,
1144513,2019,2019-06-24,The Rose Bowl,2,9.1,Afghanistan,Bangladesh,Gulbadin Naib,Rahmat Shah,Mohammad Saifuddin,2,0,,,,,,,,,
1144513,2019,2019-06-24,The Rose Bowl,2,9.2,Afghanistan,Bangladesh,Gulbadin Naib,Rahmat Shah,Mohammad Saifuddin,0,0,,,,,,,,,
1144513,2019,2019-06-24,The Rose Bowl,2,9.3,Afghanistan,Bangladesh,Gulbadin Naib,Rahmat Shah,Mohammad Saifuddin,0,0,,,,,,,,,
1144513,2019,2019-06-24,The Rose Bowl,2,9.4,Afghanistan,Bangladesh,Gulbadin Naib,Rahmat Shah,Mohammad Saifuddin,0,0,,,,,,,,,
1144513,2019,2019-06-24,The Rose Bowl,2,9.5,Afghanistan,Bangladesh,Gulbadin Naib,Rahmat Shah,Mohammad Saifuddin,1,0,,,,,,,,,
1144513,2019,2019-06-24,The Rose Bowl,2,9.6,Afghanistan,Bangladesh,Rahmat Shah,Gulbadin Naib,Mohammad Saifuddin,0,0,,,,,,,,,
1144513,2019,2019-06-24,The Rose Bowl,2,10.1,Afghanistan,Bangladesh,Gulbadin Naib,Rahmat Shah,Shakib Al Hasan,1,0,,,,,,,,,
1144513,2019,2019-06-24,The Rose Bowl,2,10.2,Afghanistan,Bangladesh,Rahmat Shah,Gulbadin Naib,Shakib Al Hasan,0,0,,,,,,,,,
1144513,2019,2019-06-24,The Rose Bowl,2,10.3,Afghanistan,Bangladesh,Rahmat Shah,Gulbadin Naib,Shakib Al Hasan,0,0,,,,,,,,,
1144513,2019,2019-06-24,The Rose Bowl,2,10.4,Afghanistan,Bangladesh,Rahmat Shah,Gulbadin Naib,Shakib Al Hasan,0,0,,,,,,,,,
1144513,2019,2019-06-24,The Rose Bowl,2,10.5,Afghanistan,Bangladesh,Rahmat Shah,Gulbadin Naib,Shakib Al Hasan,0,0,,,,,,caught,Rahmat Shah,,
1144513,2019,2019-06-24,The Rose Bowl,2,10.6,Afghanistan,Bangladesh,Hashmatullah Shahidi,Gulbadin Naib,Shakib Al Hasan,0,0,,,,,,,,,
1144513,2019,2019-06-24,The Rose Bowl,2,11.1,Afghanistan,Bangladesh,Gulbadin Naib,Hashmatullah Shahidi,Mehedi Hasan Miraz,0,0,,,,,,,,,
1144513,2019,2019-06-24,The Rose Bowl,2,11.2,Afghanistan,Bangladesh,Gulbadin Naib,Hashmatullah Shahidi,Mehedi Hasan Miraz,0,0,,,,,,,,,
1144513,2019,2019-06-24,The Rose Bowl,2,11.3,Afghanistan,Bangladesh,Gulbadin Naib,Hashmatullah Shahidi,Mehedi Hasan Miraz,1,0,,,,,,,,,
1144513,2019,2019-06-24,The Rose Bowl,2,11.4,Afghanistan,Bangladesh,Hashmatullah Shahidi,Gulbadin Naib,Mehedi Hasan Miraz,0,0,,,,,,,,,
1144513,2019,2019-06-24,The Rose Bowl,2,11.5,Afghanistan,Bangladesh,Hashmatullah Shahidi,Gulbadin Naib,Mehedi Hasan Miraz,0,0,,,,,,,,,
1144513,2019,2019-06-24,The Rose Bowl,2,11.6,Afghanistan,Bangladesh,Hashmatullah Shahidi,Gulbadin Naib,Mehedi Hasan Miraz,0,0,,,,,,,,,
1144513,2019,2019-06-24,The Rose Bowl,2,12.1,Afghanistan,Bangladesh,Gulbadin Naib,Hashmatullah Shahidi,Shakib Al Hasan,0,0,,,,,,,,,
1144513,2019,2019-06-24,The Rose Bowl,2,12.2,Afghanistan,Bangladesh,Gulbadin Naib,Hashmatullah Shahidi,Shakib Al Hasan,1,0,,,,,,,,,
1144513,2019,2019-06-24,The Rose Bowl,2,12.3,Afghanistan,Bangladesh,Hashmatullah Shahidi,Gulbadin Naib,Shakib Al Hasan,0,0,,,,,,,,,
1144513,2019,2019-06-24,The Rose Bowl,2,12.4,Afghanistan,Bangladesh,Hashmatullah Shahidi,Gulbadin Naib,Shakib Al Hasan,0,0,,,,,,,,,
1144513,2019,2019-06-24,The Rose Bowl,2,12.5,Afghanistan,Bangladesh,Hashmatullah Shahidi,Gulbadin Naib,Shakib Al Hasan,0,0,,,,,,,,,
1144513,2019,2019-06-24,The Rose Bowl,2,12.6,Afghanistan,Bangladesh,Hashmatullah Shahidi,Gulbadin Naib,Shakib Al Hasan,0,0,,,,,,,,,
1144513,2019,2019-06-24,The Rose Bowl,2,13.1,Afghanistan,Bangladesh,Gulbadin Naib,Hashmatullah Shahidi,Mehedi Hasan Miraz,0,0,,,,,,,,,
1144513,2019,2019-06-24,The Rose Bowl,2,13.2,Afghanistan,Bangladesh,Gulbadin Naib,Hashmatullah Shahidi,Mehedi Hasan Miraz,1,0,,,,,,,,,
1144513,2019,2019-06-24,The Rose Bowl,2,13.3,Afghanistan,Bangladesh,Hashmatullah Shahidi,Gulbadin Naib,Mehedi Hasan Miraz,1,0,,,,,,,,,
1144513,2019,2019-06-24,The Rose Bowl,2,13.4,Afghanistan,Bangladesh,Gulbadin Naib,Hashmatullah Shahidi,Mehedi Hasan Miraz,0,0,,,,,,,,,
1144513,2019,2019-06-24,The Rose Bowl,2,13.5,Afghanistan,Bangladesh,Gulbadin Naib,Hashmatullah Shahidi,Mehedi Hasan Miraz,1,0,,,,,,,,,
1144513,2019,2019-06-24,The Rose Bowl,2,13.6,Afghanistan,Bangladesh,Hashmatullah Shahidi,Gulbadin Naib,Mehedi Hasan Miraz,0,0,,,,,,,,,
1144513,2019,2019-06-24,The Rose Bowl,2,14.1,Afghanistan,Bangladesh,Gulbadin Naib,Hashmatullah Shahidi,Mosaddek Hossain,0,0,,,,,,,,,
1144513,2019,2019-06-24,The Rose Bowl,2,14.2,Afghanistan,Bangladesh,Gulbadin Naib,Hashmatullah Shahidi,Mosaddek Hossain,0,0,,,,,,,,,
1144513,2019,2019-06-24,The Rose Bowl,2,14.3,Afghanistan,Bangladesh,Gulbadin Naib,Hashmatullah Shahidi,Mosaddek Hossain,0,0,,,,,,,,,
1144513,2019,2019-06-24,The Rose Bowl,2,14.4,Afghanistan,Bangladesh,Gulbadin Naib,Hashmatullah Shahidi,Mosaddek Hossain,0,0,,,,,,,,,
1144513,2019,2019-06-24,The Rose Bowl,2,14.5,Afghanistan,Bangladesh,Gulbadin Naib,Hashmatullah Shahidi,Mosaddek Hossain,0,0,,,,,,,,,
1144513,2019,2019-06-24,The Rose Bowl,2,14.6,Afghanistan,Bangladesh,Gulbadin Naib,Hashmatullah Shahidi,Mosaddek Hossain,4,0,,,,,,,,,
1144513,2019,2019-06-24,The Rose Bowl,2,15.1,Afghanistan,Bangladesh,Hashmatullah Shahidi,Gulbadin Naib,Mehedi Hasan Miraz,0,0,,,,,,,,,
1144513,2019,2019-06-24,The Rose Bowl,2,15.2,Afghanistan,Bangladesh,Hashmatullah Shahidi,Gulbadin Naib,Mehedi Hasan Miraz,0,0,,,,,,,,,
1144513,2019,2019-06-24,The Rose Bowl,2,15.3,Afghanistan,Bangladesh,Hashmatullah Shahidi,Gulbadin Naib,Mehedi Hasan Miraz,0,0,,,,,,,,,
1144513,2019,2019-06-24,The Rose Bowl,2,15.4,Afghanistan,Bangladesh,Hashmatullah Shahidi,Gulbadin Naib,Mehedi Hasan Miraz,1,0,,,,,,,,,
1144513,2019,2019-06-24,The Rose Bowl,2,15.5,Afghanistan,Bangladesh,Gulbadin Naib,Hashmatullah Shahidi,Mehedi Hasan Miraz,0,0,,,,,,,,,
1144513,2019,2019-06-24,The Rose Bowl,2,15.6,Afghanistan,Bangladesh,Gulbadin Naib,Hashmatullah Shahidi,Mehedi Hasan Miraz,1,0,,,,,,,,,
1144513,2019,2019-06-24,The Rose Bowl,2,16.1,Afghanistan,Bangladesh,Gulbadin Naib,Hashmatullah Shahidi,Mosaddek Hossain,1,0,,,,,,,,,
1144513,2019,2019-06-24,The Rose Bowl,2,16.2,Afghanistan,Bangladesh,Hashmatullah Shahidi,Gulbadin Naib,Mosaddek Hossain,0,0,,,,,,,,,
1144513,2019,2019-06-24,The Rose Bowl,2,16.3,Afghanistan,Bangladesh,Hashmatullah Shahidi,Gulbadin Naib,Mosaddek Hossain,0,0,,,,,,,,,
1144513,2019,2019-06-24,The Rose Bowl,2,16.4,Afghanistan,Bangladesh,Hashmatullah Shahidi,Gulbadin Naib,Mosaddek Hossain,1,0,,,,,,,,,
1144513,2019,2019-06-24,The Rose Bowl,2,16.5,Afghanistan,Bangladesh,Gulbadin Naib,Hashmatullah Shahidi,Mosaddek Hossain,1,0,,,,,,,,,
1144513,2019,2019-06-24,The Rose Bowl,2,16.6,Afghanistan,Bangladesh,Hashmatullah Shahidi,Gulbadin Naib,Mosaddek Hossain,2,0,,,,,,,,,
1144513,2019,2019-06-24,The Rose Bowl,2,17.1,Afghanistan,Bangladesh,Gulbadin Naib,Hashmatullah Shahidi,Mehedi Hasan Miraz,1,0,,,,,,,,,
1144513,2019,2019-06-24,The Rose Bowl,2,17.2,Afghanistan,Bangladesh,Hashmatullah Shahidi,Gulbadin Naib,Mehedi Hasan Miraz,0,0,,,,,,,,,
1144513,2019,2019-06-24,The Rose Bowl,2,17.3,Afghanistan,Bangladesh,Hashmatullah Shahidi,Gulbadin Naib,Mehedi Hasan Miraz,3,0,,,,,,,,,
1144513,2019,2019-06-24,The Rose Bowl,2,17.4,Afghanistan,Bangladesh,Gulbadin Naib,Hashmatullah Shahidi,Mehedi Hasan Miraz,0,0,,,,,,,,,
1144513,2019,2019-06-24,The Rose Bowl,2,17.5,Afghanistan,Bangladesh,Gulbadin Naib,Hashmatullah Shahidi,Mehedi Hasan Miraz,2,0,,,,,,,,,
1144513,2019,2019-06-24,The Rose Bowl,2,17.6,Afghanistan,Bangladesh,Gulbadin Naib,Hashmatullah Shahidi,Mehedi Hasan Miraz,1,0,,,,,,,,,
1144513,2019,2019-06-24,The Rose Bowl,2,18.1,Afghanistan,Bangladesh,Gulbadin Naib,Hashmatullah Shahidi,Mosaddek Hossain,1,0,,,,,,,,,
1144513,2019,2019-06-24,The Rose Bowl,2,18.2,Afghanistan,Bangladesh,Hashmatullah Shahidi,Gulbadin Naib,Mosaddek Hossain,0,0,,,,,,,,,
1144513,2019,2019-06-24,The Rose Bowl,2,18.3,Afghanistan,Bangladesh,Hashmatullah Shahidi,Gulbadin Naib,Mosaddek Hossain,0,0,,,,,,,,,
1144513,2019,2019-06-24,The Rose Bowl,2,18.4,Afghanistan,Bangladesh,Hashmatullah Shahidi,Gulbadin Naib,Mosaddek Hossain,0,0,,,,,,,,,
1144513,2019,2019-06-24,The Rose Bowl,2,18.5,Afghanistan,Bangladesh,Hashmatullah Shahidi,Gulbadin Naib,Mosaddek Hossain,0,0,,,,,,,,,
1144513,2019,2019-06-24,The Rose Bowl,2,18.6,Afghanistan,Bangladesh,Hashmatullah Shahidi,Gulbadin Naib,Mosaddek Hossain,0,0,,,,,,,,,
1144513,2019,2019-06-24,The Rose Bowl,2,19.1,Afghanistan,Bangladesh,Gulbadin Naib,Hashmatullah Shahidi,Mehedi Hasan Miraz,1,0,,,,,,,,,
1144513,2019,2019-06-24,The Rose Bowl,2,19.2,Afghanistan,Bangladesh,Hashmatullah Shahidi,Gulbadin Naib,Mehedi Hasan Miraz,1,0,,,,,,,,,
1144513,2019,2019-06-24,The Rose Bowl,2,19.3,Afghanistan,Bangladesh,Gulbadin Naib,Hashmatullah Shahidi,Mehedi Hasan Miraz,1,0,,,,,,,,,
1144513,2019,2019-06-24,The Rose Bowl,2,19.4,Afghanistan,Bangladesh,Hashmatullah Shahidi,Gulbadin Naib,Mehedi Hasan Miraz,1,0,,,,,,,,,
1144513,2019,2019-06-24,The Rose Bowl,2,19.5,Afghanistan,Bangladesh,Gulbadin Naib,Hashmatullah Shahidi,Mehedi Hasan Miraz,0,0,,,,,,,,,
1144513,2019,2019-06-24,The Rose Bowl,2,19.6,Afghanistan,Bangladesh,Gulbadin Naib,Hashmatullah Shahidi,Mehedi Hasan Miraz,0,0,,,,,,,,,
1144513,2019,2019-06-24,The Rose Bowl,2,20.1,Afghanistan,Bangladesh,Hashmatullah Shahidi,Gulbadin Naib,Mosaddek Hossain,0,0,,,,,,,,,
1144513,2019,2019-06-24,The Rose Bowl,2,20.2,Afghanistan,Bangladesh,Hashmatullah Shahidi,Gulbadin Naib,Mosaddek Hossain,0,0,,,,,,,,,
1144513,2019,2019-06-24,The Rose Bowl,2,20.3,Afghanistan,Bangladesh,Hashmatullah Shahidi,Gulbadin Naib,Mosaddek Hossain,1,0,,,,,,,,,
1144513,2019,2019-06-24,The Rose Bowl,2,20.4,Afghanistan,Bangladesh,Gulbadin Naib,Hashmatullah Shahidi,Mosaddek Hossain,1,0,,,,,,,,,
1144513,2019,2019-06-24,The Rose Bowl,2,20.5,Afghanistan,Bangladesh,Hashmatullah Shahidi,Gulbadin Naib,Mosaddek Hossain,0,0,,,,,,stumped,Hashmatullah Shahidi,,
1144513,2019,2019-06-24,The Rose Bowl,2,20.6,Afghanistan,Bangladesh,Asghar Stanikzai,Gulbadin Naib,Mosaddek Hossain,0,0,,,,,,,,,
1144513,2019,2019-06-24,The Rose Bowl,2,21.1,Afghanistan,Bangladesh,Gulbadin Naib,Asghar Stanikzai,Mehedi Hasan Miraz,1,0,,,,,,,,,
1144513,2019,2019-06-24,The Rose Bowl,2,21.2,Afghanistan,Bangladesh,Asghar Stanikzai,Gulbadin Naib,Mehedi Hasan Miraz,0,0,,,,,,,,,
1144513,2019,2019-06-24,The Rose Bowl,2,21.3,Afghanistan,Bangladesh,Asghar Stanikzai,Gulbadin Naib,Mehedi Hasan Miraz,1,0,,,,,,,,,
1144513,2019,2019-06-24,The Rose Bowl,2,21.4,Afghanistan,Bangladesh,Gulbadin Naib,Asghar Stanikzai,Mehedi Hasan Miraz,0,0,,,,,,,,,
1144513,2019,2019-06-24,The Rose Bowl,2,21.5,Afghanistan,Bangladesh,Gulbadin Naib,Asghar Stanikzai,Mehedi Hasan Miraz,0,0,,,,,,,,,
1144513,2019,2019-06-24,The Rose Bowl,2,21.6,Afghanistan,Bangladesh,Gulbadin Naib,Asghar Stanikzai,Mehedi Hasan Miraz,0,0,,,,,,,,,
1144513,2019,2019-06-24,The Rose Bowl,2,22.1,Afghanistan,Bangladesh,Asghar Stanikzai,Gulbadin Naib,Mosaddek Hossain,0,0,,,,,,,,,
1144513,2019,2019-06-24,The Rose Bowl,2,22.2,Afghanistan,Bangladesh,Asghar Stanikzai,Gulbadin Naib,Mosaddek Hossain,1,0,,,,,,,,,
1144513,2019,2019-06-24,The Rose Bowl,2,22.3,Afghanistan,Bangladesh,Gulbadin Naib,Asghar Stanikzai,Mosaddek Hossain,4,0,,,,,,,,,
1144513,2019,2019-06-24,The Rose Bowl,2,22.4,Afghanistan,Bangladesh,Gulbadin Naib,Asghar Stanikzai,Mosaddek Hossain,1,0,,,,,,,,,
1144513,2019,2019-06-24,The Rose Bowl,2,22.5,Afghanistan,Bangladesh,Asghar Stanikzai,Gulbadin Naib,Mosaddek Hossain,0,0,,,,,,,,,
1144513,2019,2019-06-24,The Rose Bowl,2,22.6,Afghanistan,Bangladesh,Asghar Stanikzai,Gulbadin Naib,Mosaddek Hossain,0,0,,,,,,,,,
1144513,2019,2019-06-24,The Rose Bowl,2,23.1,Afghanistan,Bangladesh,Gulbadin Naib,Asghar Stanikzai,Mehedi Hasan Miraz,1,0,,,,,,,,,
1144513,2019,2019-06-24,The Rose Bowl,2,23.2,Afghanistan,Bangladesh,Asghar Stanikzai,Gulbadin Naib,Mehedi Hasan Miraz,2,0,,,,,,,,,
1144513,2019,2019-06-24,The Rose Bowl,2,23.3,Afghanistan,Bangladesh,Asghar Stanikzai,Gulbadin Naib,Mehedi Hasan Miraz,0,0,,,,,,,,,
1144513,2019,2019-06-24,The Rose Bowl,2,23.4,Afghanistan,Bangladesh,Asghar Stanikzai,Gulbadin Naib,Mehedi Hasan Miraz,4,0,,,,,,,,,
1144513,2019,2019-06-24,The Rose Bowl,2,23.5,Afghanistan,Bangladesh,Asghar Stanikzai,Gulbadin Naib,Mehedi Hasan Miraz,1,0,,,,,,,,,
1144513,2019,2019-06-24,The Rose Bowl,2,23.6,Afghanistan,Bangladesh,Gulbadin Naib,Asghar Stanikzai,Mehedi Hasan Miraz,1,0,,,,,,,,,
1144513,2019,2019-06-24,The Rose Bowl,2,24.1,Afghanistan,Bangladesh,Gulbadin Naib,Asghar Stanikzai,Shakib Al Hasan,0,0,,,,,,,,,
1144513,2019,2019-06-24,The Rose Bowl,2,24.2,Afghanistan,Bangladesh,Gulbadin Naib,Asghar Stanikzai,Shakib Al Hasan,0,0,,,,,,,,,
1144513,2019,2019-06-24,The Rose Bowl,2,24.3,Afghanistan,Bangladesh,Gulbadin Naib,Asghar Stanikzai,Shakib Al Hasan,1,0,,,,,,,,,
1144513,2019,2019-06-24,The Rose Bowl,2,24.4,Afghanistan,Bangladesh,Asghar Stanikzai,Gulbadin Naib,Shakib Al Hasan,0,0,,,,,,,,,
1144513,2019,2019-06-24,The Rose Bowl,2,24.5,Afghanistan,Bangladesh,Asghar Stanikzai,Gulbadin Naib,Shakib Al Hasan,0,0,,,,,,,,,
1144513,2019,2019-06-24,The Rose Bowl,2,24.6,Afghanistan,Bangladesh,Asghar Stanikzai,Gulbadin Naib,Shakib Al Hasan,1,0,,,,,,,,,
1144513,2019,2019-06-24,The Rose Bowl,2,25.1,Afghanistan,Bangladesh,Asghar Stanikzai,Gulbadin Naib,Mohammad Saifuddin,1,0,,,,,,,,,
1144513,2019,2019-06-24,The Rose Bowl,2,25.2,Afghanistan,Bangladesh,Gulbadin Naib,Asghar Stanikzai,Mohammad Saifuddin,1,0,,,,,,,,,
1144513,2019,2019-06-24,The Rose Bowl,2,25.3,Afghanistan,Bangladesh,Asghar Stanikzai,Gulbadin Naib,Mohammad Saifuddin,0,0,,,,,,,,,
1144513,2019,2019-06-24,The Rose Bowl,2,25.4,Afghanistan,Bangladesh,Asghar Stanikzai,Gulbadin Naib,Mohammad Saifuddin,0,0,,,,,,,,,
1144513,2019,2019-06-24,The Rose Bowl,2,25.5,Afghanistan,Bangladesh,Asghar Stanikzai,Gulbadin Naib,Mohammad Saifuddin,1,0,,,,,,,,,
1144513,2019,2019-06-24,The Rose Bowl,2,25.6,Afghanistan,Bangladesh,Gulbadin Naib,Asghar Stanikzai,Mohammad Saifuddin,0,0,,,,,,,,,
1144513,2019,2019-06-24,The Rose Bowl,2,26.1,Afghanistan,Bangladesh,Asghar Stanikzai,Gulbadin Naib,Shakib Al Hasan,0,0,,,,,,,,,
1144513,2019,2019-06-24,The Rose Bowl,2,26.2,Afghanistan,Bangladesh,Asghar Stanikzai,Gulbadin Naib,Shakib Al Hasan,0,0,,,,,,,,,
1144513,2019,2019-06-24,The Rose Bowl,2,26.3,Afghanistan,Bangladesh,Asghar Stanikzai,Gulbadin Naib,Shakib Al Hasan,0,0,,,,,,,,,
1144513,2019,2019-06-24,The Rose Bowl,2,26.4,Afghanistan,Bangladesh,Asghar Stanikzai,Gulbadin Naib,Shakib Al Hasan,0,0,,,,,,,,,
1144513,2019,2019-06-24,The Rose Bowl,2,26.5,Afghanistan,Bangladesh,Asghar Stanikzai,Gulbadin Naib,Shakib Al Hasan,0,0,,,,,,,,,
1144513,2019,2019-06-24,The Rose Bowl,2,26.6,Afghanistan,Bangladesh,Asghar Stanikzai,Gulbadin Naib,Shakib Al Hasan,0,0,,,,,,,,,
1144513,2019,2019-06-24,The Rose Bowl,2,27.1,Afghanistan,Bangladesh,Gulbadin Naib,Asghar Stanikzai,Mohammad Saifuddin,1,0,,,,,,,,,
1144513,2019,2019-06-24,The Rose Bowl,2,27.2,Afghanistan,Bangladesh,Asghar Stanikzai,Gulbadin Naib,Mohammad Saifuddin,0,0,,,,,,,,,
1144513,2019,2019-06-24,The Rose Bowl,2,27.3,Afghanistan,Bangladesh,Asghar Stanikzai,Gulbadin Naib,Mohammad Saifuddin,1,0,,,,,,,,,
1144513,2019,2019-06-24,The Rose Bowl,2,27.4,Afghanistan,Bangladesh,Gulbadin Naib,Asghar Stanikzai,Mohammad Saifuddin,1,0,,,,,,,,,
1144513,2019,2019-06-24,The Rose Bowl,2,27.5,Afghanistan,Bangladesh,Asghar Stanikzai,Gulbadin Naib,Mohammad Saifuddin,0,0,,,,,,,,,
1144513,2019,2019-06-24,The Rose Bowl,2,27.6,Afghanistan,Bangladesh,Asghar Stanikzai,Gulbadin Naib,Mohammad Saifuddin,0,0,,,,,,,,,
1144513,2019,2019-06-24,The Rose Bowl,2,28.1,Afghanistan,Bangladesh,Gulbadin Naib,Asghar Stanikzai,Shakib Al Hasan,0,0,,,,,,caught,Gulbadin Naib,,
1144513,2019,2019-06-24,The Rose Bowl,2,28.2,Afghanistan,Bangladesh,Mohammad Nabi,Asghar Stanikzai,Shakib Al Hasan,0,0,,,,,,,,,
1144513,2019,2019-06-24,The Rose Bowl,2,28.3,Afghanistan,Bangladesh,Mohammad Nabi,Asghar Stanikzai,Shakib Al Hasan,0,0,,,,,,bowled,Mohammad Nabi,,
1144513,2019,2019-06-24,The Rose Bowl,2,28.4,Afghanistan,Bangladesh,Samiullah Shenwari,Asghar Stanikzai,Shakib Al Hasan,2,0,,,,,,,,,
1144513,2019,2019-06-24,The Rose Bowl,2,28.5,Afghanistan,Bangladesh,Samiullah Shenwari,Asghar Stanikzai,Shakib Al Hasan,0,0,,,,,,,,,
1144513,2019,2019-06-24,The Rose Bowl,2,28.6,Afghanistan,Bangladesh,Samiullah Shenwari,Asghar Stanikzai,Shakib Al Hasan,0,0,,,,,,,,,
1144513,2019,2019-06-24,The Rose Bowl,2,29.1,Afghanistan,Bangladesh,Asghar Stanikzai,Samiullah Shenwari,Mohammad Saifuddin,2,0,,,,,,,,,
1144513,2019,2019-06-24,The Rose Bowl,2,29.2,Afghanistan,Bangladesh,Asghar Stanikzai,Samiullah Shenwari,Mohammad Saifuddin,0,1,,,1,,,,,,
1144513,2019,2019-06-24,The Rose Bowl,2,29.3,Afghanistan,Bangladesh,Samiullah Shenwari,Asghar Stanikzai,Mohammad Saifuddin,0,0,,,,,,,,,
1144513,2019,2019-06-24,The Rose Bowl,2,29.4,Afghanistan,Bangladesh,Samiullah Shenwari,Asghar Stanikzai,Mohammad Saifuddin,1,0,,,,,,,,,
1144513,2019,2019-06-24,The Rose Bowl,2,29.5,Afghanistan,Bangladesh,Asghar Stanikzai,Samiullah Shenwari,Mohammad Saifuddin,1,0,,,,,,,,,
1144513,2019,2019-06-24,The Rose Bowl,2,29.6,Afghanistan,Bangladesh,Samiullah Shenwari,Asghar Stanikzai,Mohammad Saifuddin,0,0,,,,,,,,,
1144513,2019,2019-06-24,The Rose Bowl,2,30.1,Afghanistan,Bangladesh,Asghar Stanikzai,Samiullah Shenwari,Shakib Al Hasan,1,0,,,,,,,,,
1144513,2019,2019-06-24,The Rose Bowl,2,30.2,Afghanistan,Bangladesh,Samiullah Shenwari,Asghar Stanikzai,Shakib Al Hasan,0,0,,,,,,,,,
1144513,2019,2019-06-24,The Rose Bowl,2,30.3,Afghanistan,Bangladesh,Samiullah Shenwari,Asghar Stanikzai,Shakib Al Hasan,0,0,,,,,,,,,
1144513,2019,2019-06-24,The Rose Bowl,2,30.4,Afghanistan,Bangladesh,Samiullah Shenwari,Asghar Stanikzai,Shakib Al Hasan,0,0,,,,,,,,,
1144513,2019,2019-06-24,The Rose Bowl,2,30.5,Afghanistan,Bangladesh,Samiullah Shenwari,Asghar Stanikzai,Shakib Al Hasan,0,0,,,,,,,,,
1144513,2019,2019-06-24,The Rose Bowl,2,30.6,Afghanistan,Bangladesh,Samiullah Shenwari,Asghar Stanikzai,Shakib Al Hasan,1,0,,,,,,,,,
1144513,2019,2019-06-24,The Rose Bowl,2,31.1,Afghanistan,Bangladesh,Samiullah Shenwari,Asghar Stanikzai,Mashrafe Mortaza,0,0,,,,,,,,,
1144513,2019,2019-06-24,The Rose Bowl,2,31.2,Afghanistan,Bangladesh,Samiullah Shenwari,Asghar Stanikzai,Mashrafe Mortaza,1,0,,,,,,,,,
1144513,2019,2019-06-24,The Rose Bowl,2,31.3,Afghanistan,Bangladesh,Asghar Stanikzai,Samiullah Shenwari,Mashrafe Mortaza,0,0,,,,,,,,,
1144513,2019,2019-06-24,The Rose Bowl,2,31.4,Afghanistan,Bangladesh,Asghar Stanikzai,Samiullah Shenwari,Mashrafe Mortaza,0,0,,,,,,,,,
1144513,2019,2019-06-24,The Rose Bowl,2,31.5,Afghanistan,Bangladesh,Asghar Stanikzai,Samiullah Shenwari,Mashrafe Mortaza,2,0,,,,,,,,,
1144513,2019,2019-06-24,The Rose Bowl,2,31.6,Afghanistan,Bangladesh,Asghar Stanikzai,Samiullah Shenwari,Mashrafe Mortaza,1,0,,,,,,,,,
1144513,2019,2019-06-24,The Rose Bowl,2,32.1,Afghanistan,Bangladesh,Asghar Stanikzai,Samiullah Shenwari,Shakib Al Hasan,0,0,,,,,,,,,
1144513,2019,2019-06-24,The Rose Bowl,2,32.2,Afghanistan,Bangladesh,Asghar Stanikzai,Samiullah Shenwari,Shakib Al Hasan,0,0,,,,,,caught,Asghar Stanikzai,,
1144513,2019,2019-06-24,The Rose Bowl,2,32.3,Afghanistan,Bangladesh,Ikram Alikhil,Samiullah Shenwari,Shakib Al Hasan,0,0,,,,,,,,,
1144513,2019,2019-06-24,The Rose Bowl,2,32.4,Afghanistan,Bangladesh,Ikram Alikhil,Samiullah Shenwari,Shakib Al Hasan,1,0,,,,,,,,,
1144513,2019,2019-06-24,The Rose Bowl,2,32.5,Afghanistan,Bangladesh,Samiullah Shenwari,Ikram Alikhil,Shakib Al Hasan,0,0,,,,,,,,,
1144513,2019,2019-06-24,The Rose Bowl,2,32.6,Afghanistan,Bangladesh,Samiullah Shenwari,Ikram Alikhil,Shakib Al Hasan,1,0,,,,,,,,,
1144513,2019,2019-06-24,The Rose Bowl,2,33.1,Afghanistan,Bangladesh,Samiullah Shenwari,Ikram Alikhil,Mashrafe Mortaza,1,0,,,,,,,,,
1144513,2019,2019-06-24,The Rose Bowl,2,33.2,Afghanistan,Bangladesh,Ikram Alikhil,Samiullah Shenwari,Mashrafe Mortaza,0,0,,,,,,,,,
1144513,2019,2019-06-24,The Rose Bowl,2,33.3,Afghanistan,Bangladesh,Ikram Alikhil,Samiullah Shenwari,Mashrafe Mortaza,2,0,,,,,,,,,
1144513,2019,2019-06-24,The Rose Bowl,2,33.4,Afghanistan,Bangladesh,Ikram Alikhil,Samiullah Shenwari,Mashrafe Mortaza,0,0,,,,,,,,,
1144513,2019,2019-06-24,The Rose Bowl,2,33.5,Afghanistan,Bangladesh,Ikram Alikhil,Samiullah Shenwari,Mashrafe Mortaza,2,0,,,,,,,,,
1144513,2019,2019-06-24,The Rose Bowl,2,33.6,Afghanistan,Bangladesh,Ikram Alikhil,Samiullah Shenwari,Mashrafe Mortaza,1,0,,,,,,,,,
1144513,2019,2019-06-24,The Rose Bowl,2,34.1,Afghanistan,Bangladesh,Ikram Alikhil,Samiullah Shenwari,Mustafizur Rahman,0,0,,,,,,,,,
1144513,2019,2019-06-24,The Rose Bowl,2,34.2,Afghanistan,Bangladesh,Ikram Alikhil,Samiullah Shenwari,Mustafizur Rahman,0,0,,,,,,,,,
1144513,2019,2019-06-24,The Rose Bowl,2,34.3,Afghanistan,Bangladesh,Ikram Alikhil,Samiullah Shenwari,Mustafizur Rahman,0,1,1,,,,,,,,
1144513,2019,2019-06-24,The Rose Bowl,2,34.4,Afghanistan,Bangladesh,Ikram Alikhil,Samiullah Shenwari,Mustafizur Rahman,0,0,,,,,,,,,
1144513,2019,2019-06-24,The Rose Bowl,2,34.5,Afghanistan,Bangladesh,Ikram Alikhil,Samiullah Shenwari,Mustafizur Rahman,1,0,,,,,,,,,
1144513,2019,2019-06-24,The Rose Bowl,2,34.6,Afghanistan,Bangladesh,Samiullah Shenwari,Ikram Alikhil,Mustafizur Rahman,1,0,,,,,,,,,
1144513,2019,2019-06-24,The Rose Bowl,2,34.7,Afghanistan,Bangladesh,Ikram Alikhil,Samiullah Shenwari,Mustafizur Rahman,4,0,,,,,,,,,
1144513,2019,2019-06-24,The Rose Bowl,2,35.1,Afghanistan,Bangladesh,Samiullah Shenwari,Ikram Alikhil,Mehedi Hasan Miraz,0,0,,,,,,run out,Ikram Alikhil,,
1144513,2019,2019-06-24,The Rose Bowl,2,35.2,Afghanistan,Bangladesh,Samiullah Shenwari,Najibullah Zadran,Mehedi Hasan Miraz,0,0,,,,,,,,,
1144513,2019,2019-06-24,The Rose Bowl,2,35.3,Afghanistan,Bangladesh,Samiullah Shenwari,Najibullah Zadran,Mehedi Hasan Miraz,4,0,,,,,,,,,
1144513,2019,2019-06-24,The Rose Bowl,2,35.4,Afghanistan,Bangladesh,Samiullah Shenwari,Najibullah Zadran,Mehedi Hasan Miraz,1,0,,,,,,,,,
1144513,2019,2019-06-24,The Rose Bowl,2,35.5,Afghanistan,Bangladesh,Najibullah Zadran,Samiullah Shenwari,Mehedi Hasan Miraz,4,0,,,,,,,,,
1144513,2019,2019-06-24,The Rose Bowl,2,35.6,Afghanistan,Bangladesh,Najibullah Zadran,Samiullah Shenwari,Mehedi Hasan Miraz,0,0,,,,,,,,,
1144513,2019,2019-06-24,The Rose Bowl,2,36.1,Afghanistan,Bangladesh,Samiullah Shenwari,Najibullah Zadran,Mustafizur Rahman,1,0,,,,,,,,,
1144513,2019,2019-06-24,The Rose Bowl,2,36.2,Afghanistan,Bangladesh,Najibullah Zadran,Samiullah Shenwari,Mustafizur Rahman,0,0,,,,,,,,,
1144513,2019,2019-06-24,The Rose Bowl,2,36.3,Afghanistan,Bangladesh,Najibullah Zadran,Samiullah Shenwari,Mustafizur Rahman,0,1,1,,,,,,,,
1144513,2019,2019-06-24,The Rose Bowl,2,36.4,Afghanistan,Bangladesh,Najibullah Zadran,Samiullah Shenwari,Mustafizur Rahman,0,0,,,,,,,,,
1144513,2019,2019-06-24,The Rose Bowl,2,36.5,Afghanistan,Bangladesh,Najibullah Zadran,Samiullah Shenwari,Mustafizur Rahman,1,0,,,,,,,,,
1144513,2019,2019-06-24,The Rose Bowl,2,36.6,Afghanistan,Bangladesh,Samiullah Shenwari,Najibullah Zadran,Mustafizur Rahman,2,0,,,,,,,,,
1144513,2019,2019-06-24,The Rose Bowl,2,36.7,Afghanistan,Bangladesh,Samiullah Shenwari,Najibullah Zadran,Mustafizur Rahman,1,0,,,,,,,,,
1144513,2019,2019-06-24,The Rose Bowl,2,37.1,Afghanistan,Bangladesh,Samiullah Shenwari,Najibullah Zadran,Mosaddek Hossain,1,0,,,,,,,,,
1144513,2019,2019-06-24,The Rose Bowl,2,37.2,Afghanistan,Bangladesh,Najibullah Zadran,Samiullah Shenwari,Mosaddek Hossain,0,0,,,,,,,,,
1144513,2019,2019-06-24,The Rose Bowl,2,37.3,Afghanistan,Bangladesh,Najibullah Zadran,Samiullah Shenwari,Mosaddek Hossain,4,0,,,,,,,,,
1144513,2019,2019-06-24,The Rose Bowl,2,37.4,Afghanistan,Bangladesh,Najibullah Zadran,Samiullah Shenwari,Mosaddek Hossain,1,0,,,,,,,,,
1144513,2019,2019-06-24,The Rose Bowl,2,37.5,Afghanistan,Bangladesh,Samiullah Shenwari,Najibullah Zadran,Mosaddek Hossain,1,0,,,,,,,,,
1144513,2019,2019-06-24,The Rose Bowl,2,37.6,Afghanistan,Bangladesh,Najibullah Zadran,Samiullah Shenwari,Mosaddek Hossain,0,0,,,,,,,,,
1144513,2019,2019-06-24,The Rose Bowl,2,38.1,Afghanistan,Bangladesh,Samiullah Shenwari,Najibullah Zadran,Mustafizur Rahman,4,0,,,,,,,,,
1144513,2019,2019-06-24,The Rose Bowl,2,38.2,Afghanistan,Bangladesh,Samiullah Shenwari,Najibullah Zadran,Mustafizur Rahman,0,0,,,,,,,,,
1144513,2019,2019-06-24,The Rose Bowl,2,38.3,Afghanistan,Bangladesh,Samiullah Shenwari,Najibullah Zadran,Mustafizur Rahman,0,0,,,,,,,,,
1144513,2019,2019-06-24,The Rose Bowl,2,38.4,Afghanistan,Bangladesh,Samiullah Shenwari,Najibullah Zadran,Mustafizur Rahman,1,0,,,,,,,,,
1144513,2019,2019-06-24,The Rose Bowl,2,38.5,Afghanistan,Bangladesh,Najibullah Zadran,Samiullah Shenwari,Mustafizur Rahman,0,0,,,,,,,,,
1144513,2019,2019-06-24,The Rose Bowl,2,38.6,Afghanistan,Bangladesh,Najibullah Zadran,Samiullah Shenwari,Mustafizur Rahman,1,0,,,,,,,,,
1144513,2019,2019-06-24,The Rose Bowl,2,39.1,Afghanistan,Bangladesh,Najibullah Zadran,Samiullah Shenwari,Mohammad Saifuddin,1,0,,,,,,,,,
1144513,2019,2019-06-24,The Rose Bowl,2,39.2,Afghanistan,Bangladesh,Samiullah Shenwari,Najibullah Zadran,Mohammad Saifuddin,1,0,,,,,,,,,
1144513,2019,2019-06-24,The Rose Bowl,2,39.3,Afghanistan,Bangladesh,Najibullah Zadran,Samiullah Shenwari,Mohammad Saifuddin,0,0,,,,,,,,,
1144513,2019,2019-06-24,The Rose Bowl,2,39.4,Afghanistan,Bangladesh,Najibullah Zadran,Samiullah Shenwari,Mohammad Saifuddin,1,0,,,,,,,,,
1144513,2019,2019-06-24,The Rose Bowl,2,39.5,Afghanistan,Bangladesh,Samiullah Shenwari,Najibullah Zadran,Mohammad Saifuddin,0,1,1,,,,,,,,
1144513,2019,2019-06-24,The Rose Bowl,2,39.6,Afghanistan,Bangladesh,Samiullah Shenwari,Najibullah Zadran,Mohammad Saifuddin,0,0,,,,,,,,,
1144513,2019,2019-06-24,The Rose Bowl,2,39.7,Afghanistan,Bangladesh,Samiullah Shenwari,Najibullah Zadran,Mohammad Saifuddin,2,0,,,,,,,,,
1144513,2019,2019-06-24,The Rose Bowl,2,40.1,Afghanistan,Bangladesh,Najibullah Zadran,Samiullah Shenwari,Shakib Al Hasan,2,0,,,,,,,,,
1144513,2019,2019-06-24,The Rose Bowl,2,40.2,Afghanistan,Bangladesh,Najibullah Zadran,Samiullah Shenwari,Shakib Al Hasan,1,0,,,,,,,,,
1144513,2019,2019-06-24,The Rose Bowl,2,40.3,Afghanistan,Bangladesh,Samiullah Shenwari,Najibullah Zadran,Shakib Al Hasan,1,0,,,,,,,,,
1144513,2019,2019-06-24,The Rose Bowl,2,40.4,Afghanistan,Bangladesh,Najibullah Zadran,Samiullah Shenwari,Shakib Al Hasan,1,0,,,,,,,,,
1144513,2019,2019-06-24,The Rose Bowl,2,40.5,Afghanistan,Bangladesh,Samiullah Shenwari,Najibullah Zadran,Shakib Al Hasan,0,0,,,,,,,,,
1144513,2019,2019-06-24,The Rose Bowl,2,40.6,Afghanistan,Bangladesh,Samiullah Shenwari,Najibullah Zadran,Shakib Al Hasan,6,0,,,,,,,,,
1144513,2019,2019-06-24,The Rose Bowl,2,41.1,Afghanistan,Bangladesh,Najibullah Zadran,Samiullah Shenwari,Mohammad Saifuddin,1,0,,,,,,,,,
1144513,2019,2019-06-24,The Rose Bowl,2,41.2,Afghanistan,Bangladesh,Samiullah Shenwari,Najibullah Zadran,Mohammad Saifuddin,1,0,,,,,,,,,
1144513,2019,2019-06-24,The Rose Bowl,2,41.3,Afghanistan,Bangladesh,Najibullah Zadran,Samiullah Shenwari,Mohammad Saifuddin,2,0,,,,,,,,,
1144513,2019,2019-06-24,The Rose Bowl,2,41.4,Afghanistan,Bangladesh,Najibullah Zadran,Samiullah Shenwari,Mohammad Saifuddin,1,0,,,,,,,,,
1144513,2019,2019-06-24,The Rose Bowl,2,41.5,Afghanistan,Bangladesh,Samiullah Shenwari,Najibullah Zadran,Mohammad Saifuddin,1,0,,,,,,,,,
1144513,2019,2019-06-24,The Rose Bowl,2,41.6,Afghanistan,Bangladesh,Najibullah Zadran,Samiullah Shenwari,Mohammad Saifuddin,1,0,,,,,,,,,
1144513,2019,2019-06-24,The Rose Bowl,2,42.1,Afghanistan,Bangladesh,Najibullah Zadran,Samiullah Shenwari,Shakib Al Hasan,1,0,,,,,,,,,
1144513,2019,2019-06-24,The Rose Bowl,2,42.2,Afghanistan,Bangladesh,Samiullah Shenwari,Najibullah Zadran,Shakib Al Hasan,2,0,,,,,,,,,
1144513,2019,2019-06-24,The Rose Bowl,2,42.3,Afghanistan,Bangladesh,Samiullah Shenwari,Najibullah Zadran,Shakib Al Hasan,1,0,,,,,,,,,
1144513,2019,2019-06-24,The Rose Bowl,2,42.4,Afghanistan,Bangladesh,Najibullah Zadran,Samiullah Shenwari,Shakib Al Hasan,0,0,,,,,,stumped,Najibullah Zadran,,
1144513,2019,2019-06-24,The Rose Bowl,2,42.5,Afghanistan,Bangladesh,Rashid Khan,Samiullah Shenwari,Shakib Al Hasan,1,0,,,,,,,,,
1144513,2019,2019-06-24,The Rose Bowl,2,42.6,Afghanistan,Bangladesh,Samiullah Shenwari,Rashid Khan,Shakib Al Hasan,0,0,,,,,,,,,
1144513,2019,2019-06-24,The Rose Bowl,2,43.1,Afghanistan,Bangladesh,Rashid Khan,Samiullah Shenwari,Mustafizur Rahman,1,0,,,,,,,,,
1144513,2019,2019-06-24,The Rose Bowl,2,43.2,Afghanistan,Bangladesh,Samiullah Shenwari,Rashid Khan,Mustafizur Rahman,1,0,,,,,,,,,
1144513,2019,2019-06-24,The Rose Bowl,2,43.3,Afghanistan,Bangladesh,Rashid Khan,Samiullah Shenwari,Mustafizur Rahman,0,0,,,,,,caught,Rashid Khan,,
1144513,2019,2019-06-24,The Rose Bowl,2,43.4,Afghanistan,Bangladesh,Dawlat Zadran,Samiullah Shenwari,Mustafizur Rahman,0,0,,,,,,,,,
1144513,2019,2019-06-24,The Rose Bowl,2,43.5,Afghanistan,Bangladesh,Dawlat Zadran,Samiullah Shenwari,Mustafizur Rahman,0,0,,,,,,,,,
1144513,2019,2019-06-24,The Rose Bowl,2,43.6,Afghanistan,Bangladesh,Dawlat Zadran,Samiullah Shenwari,Mustafizur Rahman,0,0,,,,,,,,,
1144513,2019,2019-06-24,The Rose Bowl,2,44.1,Afghanistan,Bangladesh,Samiullah Shenwari,Dawlat Zadran,Shakib Al Hasan,2,0,,,,,,,,,
1144513,2019,2019-06-24,The Rose Bowl,2,44.2,Afghanistan,Bangladesh,Samiullah Shenwari,Dawlat Zadran,Shakib Al Hasan,0,0,,,,,,,,,
1144513,2019,2019-06-24,The Rose Bowl,2,44.3,Afghanistan,Bangladesh,Samiullah Shenwari,Dawlat Zadran,Shakib Al Hasan,0,0,,,,,,,,,
1144513,2019,2019-06-24,The Rose Bowl,2,44.4,Afghanistan,Bangladesh,Samiullah Shenwari,Dawlat Zadran,Shakib Al Hasan,1,0,,,,,,,,,
1144513,2019,2019-06-24,The Rose Bowl,2,44.5,Afghanistan,Bangladesh,Dawlat Zadran,Samiullah Shenwari,Shakib Al Hasan,0,0,,,,,,,,,
1144513,2019,2019-06-24,The Rose Bowl,2,44.6,Afghanistan,Bangladesh,Dawlat Zadran,Samiullah Shenwari,Shakib Al Hasan,0,0,,,,,,,,,
1144513,2019,2019-06-24,The Rose Bowl,2,45.1,Afghanistan,Bangladesh,Samiullah Shenwari,Dawlat Zadran,Mustafizur Rahman,1,0,,,,,,,,,
1144513,2019,2019-06-24,The Rose Bowl,2,45.2,Afghanistan,Bangladesh,Dawlat Zadran,Samiullah Shenwari,Mustafizur Rahman,0,0,,,,,,,,,
1144513,2019,2019-06-24,The Rose Bowl,2,45.3,Afghanistan,Bangladesh,Dawlat Zadran,Samiullah Shenwari,Mustafizur Rahman,0,0,,,,,,,,,
1144513,2019,2019-06-24,The Rose Bowl,2,45.4,Afghanistan,Bangladesh,Dawlat Zadran,Samiullah Shenwari,Mustafizur Rahman,0,0,,,,,,caught,Dawlat Zadran,,
1144513,2019,2019-06-24,The Rose Bowl,2,45.5,Afghanistan,Bangladesh,Mujeeb Ur Rahman,Samiullah Shenwari,Mustafizur Rahman,0,0,,,,,,,,,
1144513,2019,2019-06-24,The Rose Bowl,2,45.6,Afghanistan,Bangladesh,Mujeeb Ur Rahman,Samiullah Shenwari,Mustafizur Rahman,0,0,,,,,,,,,
1144513,2019,2019-06-24,The Rose Bowl,2,46.1,Afghanistan,Bangladesh,Samiullah Shenwari,Mujeeb Ur Rahman,Mohammad Saifuddin,0,0,,,,,,,,,
1144513,2019,2019-06-24,The Rose Bowl,2,46.2,Afghanistan,Bangladesh,Samiullah Shenwari,Mujeeb Ur Rahman,Mohammad Saifuddin,0,0,,,,,,,,,
1144513,2019,2019-06-24,The Rose Bowl,2,46.3,Afghanistan,Bangladesh,Samiullah Shenwari,Mujeeb Ur Rahman,Mohammad Saifuddin,4,0,,,,,,,,,
1144513,2019,2019-06-24,The Rose Bowl,2,46.4,Afghanistan,Bangladesh,Samiullah Shenwari,Mujeeb Ur Rahman,Mohammad Saifuddin,1,0,,,,,,,,,
1144513,2019,2019-06-24,The Rose Bowl,2,46.5,Afghanistan,Bangladesh,Mujeeb Ur Rahman,Samiullah Shenwari,Mohammad Saifuddin,0,0,,,,,,,,,
1144513,2019,2019-06-24,The Rose Bowl,2,46.6,Afghanistan,Bangladesh,Mujeeb Ur Rahman,Samiullah Shenwari,Mohammad Saifuddin,0,0,,,,,,bowled,Mujeeb Ur Rahman,,
