version,2.1.0
info,balls_per_over,6
info,team,Australia
info,team,India
info,gender,male
info,season,2019
info,date,2019/06/09
info,event,World Cup
info,match_number,14
info,venue,Kennington Oval
info,city,London
info,toss_winner,India
info,toss_decision,bat
info,player_of_match,S Dhawan
info,umpire,IJ Gould
info,umpire,CB Gaffaney
info,reserve_umpire,RSA Palliyaguruge
info,tv_umpire,NJ Llong
info,match_referee,AJ Pycroft
info,winner,India
info,winner_runs,36
info,player,India,RG Sharma
info,player,India,S Dhawan
info,player,India,V Kohli
info,player,India,HH Pandya
info,player,India,MS Dhoni
info,player,India,KL Rahul
info,player,India,KM Jadhav
info,player,India,B Kumar
info,player,India,Kuldeep Yadav
info,player,India,YS Chahal
info,player,India,JJ Bumrah
info,player,Australia,DA Warner
info,player,Australia,AJ Finch
info,player,Australia,SPD Smith
info,player,Australia,UT Khawaja
info,player,Australia,GJ Maxwell
info,player,Australia,MP Stoinis
info,player,Australia,AT Carey
info,player,Australia,NM Coulter-Nile
info,player,Australia,PJ Cummins
info,player,Australia,MA Starc
info,player,Australia,A Zampa
info,registry,people,A Zampa,14f96089
info,registry,people,AJ Finch,b8d490fd
info,registry,people,AJ Pycroft,685d3f80
info,registry,people,AT Carey,69d03465
info,registry,people,B Kumar,2e81a32d
info,registry,people,CB Gaffaney,d5ac41d8
info,registry,people,DA Warner,dcce6f09
info,registry,people,GJ Maxwell,b681e71e
info,registry,people,HH Pandya,dbe50b21
info,registry,people,IJ Gould,a9dfdf6c
info,registry,people,JJ Bumrah,462411b3
info,registry,people,KL Rahul,b17e2f24
info,registry,people,KM Jadhav,99d63244
info,registry,people,Kuldeep Yadav,8d2c70ad
info,registry,people,MA Starc,3fb19989
info,registry,people,MP Stoinis,d9273ee7
info,registry,people,MS Dhoni,4a8a2e3b
info,registry,people,NJ Llong,573fb985
info,registry,people,NM Coulter-Nile,56ab442f
info,registry,people,NM Lyon,96a6a7ad
info,registry,people,PJ Cummins,ded9240e
info,registry,people,RA Jadeja,fe93fd9d
info,registry,people,RG Sharma,740742ef
info,registry,people,RSA Palliyaguruge,4339c19d
info,registry,people,S Dhawan,0a476045
info,registry,people,SPD Smith,30a45b23
info,registry,people,UT Khawaja,331ea488
info,registry,people,V Kohli,ba607b88
info,registry,people,YS Chahal,57ee1fde
