match_id,season,start_date,venue,innings,ball,batting_team,bowling_team,striker,non_striker,bowler,runs_off_bat,extras,wides,noballs,byes,legbyes,penalty,wicket_type,player_dismissed,other_wicket_type,other_player_dismissed
1144492,2019,2019-06-06,Trent Bridge,1,0.1,Australia,West Indies,DA Warner,AJ Finch,O Thomas,0,5,5,,,,,,,,
1144492,2019,2019-06-06,Trent Bridge,1,0.2,Australia,West Indies,DA Warner,AJ Finch,O Thomas,1,0,,,,,,,,,
1144492,2019,2019-06-06,Trent Bridge,1,0.3,Australia,West Indies,AJ Finch,DA Warner,O Thomas,1,0,,,,,,,,,
1144492,2019,2019-06-06,Trent Bridge,1,0.4,Australia,West Indies,DA Warner,AJ Finch,O Thomas,0,1,,1,,,,,,,
1144492,2019,2019-06-06,Trent Bridge,1,0.5,Australia,West Indies,DA Warner,AJ Finch,O Thomas,1,0,,,,,,,,,
1144492,2019,2019-06-06,Trent Bridge,1,0.6,Australia,West Indies,AJ Finch,DA Warner,O Thomas,0,0,,,,,,,,,
1144492,2019,2019-06-06,Trent Bridge,1,0.7,Australia,West Indies,AJ Finch,DA Warner,O Thomas,0,0,,,,,,,,,
1144492,2019,2019-06-06,Trent Bridge,1,0.8,Australia,West Indies,AJ Finch,DA Warner,O Thomas,1,0,,,,,,,,,
1144492,2019,2019-06-06,Trent Bridge,1,1.1,Australia,West Indies,AJ Finch,DA Warner,SS Cottrell,1,0,,,,,,,,,
1144492,2019,2019-06-06,Trent Bridge,1,1.2,Australia,West Indies,DA Warner,AJ Finch,SS Cottrell,0,0,,,,,,,,,
1144492,2019,2019-06-06,Trent Bridge,1,1.3,Australia,West Indies,DA Warner,AJ Finch,SS Cottrell,0,1,,,,1,,,,,
1144492,2019,2019-06-06,Trent Bridge,1,1.4,Australia,West Indies,AJ Finch,DA Warner,SS Cottrell,2,0,,,,,,,,,
1144492,2019,2019-06-06,Trent Bridge,1,1.5,Australia,West Indies,AJ Finch,DA Warner,SS Cottrell,0,0,,,,,,,,,
1144492,2019,2019-06-06,Trent Bridge,1,1.6,Australia,West Indies,AJ Finch,DA Warner,SS Cottrell,1,0,,,,,,,,,
1144492,2019,2019-06-06,Trent Bridge,1,2.1,Australia,West Indies,AJ Finch,DA Warner,O Thomas,0,0,,,,,,,,,
1144492,2019,2019-06-06,Trent Bridge,1,2.2,Australia,West Indies,AJ Finch,DA Warner,O Thomas,0,0,,,,,,caught,AJ Finch,,
1144492,2019,2019-06-06,Trent Bridge,1,2.3,Australia,West Indies,UT Khawaja,DA Warner,O Thomas,0,1,1,,,,,,,,
1144492,2019,2019-06-06,Trent Bridge,1,2.4,Australia,West Indies,UT Khawaja,DA Warner,O Thomas,0,0,,,,,,,,,
1144492,2019,2019-06-06,Trent Bridge,1,2.5,Australia,West Indies,UT Khawaja,DA Warner,O Thomas,4,0,,,,,,,,,
1144492,2019,2019-06-06,Trent Bridge,1,2.6,Australia,West Indies,UT Khawaja,DA Warner,O Thomas,0,1,1,,,,,,,,
1144492,2019,2019-06-06,Trent Bridge,1,2.7,Australia,West Indies,UT Khawaja,DA Warner,O Thomas,0,0,,,,,,,,,
1144492,2019,2019-06-06,Trent Bridge,1,2.8,Australia,West Indies,UT Khawaja,DA Warner,O Thomas,1,0,,,,,,,,,
1144492,2019,2019-06-06,Trent Bridge,1,3.1,Australia,West Indies,UT Khawaja,DA Warner,SS Cottrell,1,0,,,,,,,,,
1144492,2019,2019-06-06,Trent Bridge,1,3.2,Australia,West Indies,DA Warner,UT Khawaja,SS Cottrell,0,0,,,,,,,,,
1144492,2019,2019-06-06,Trent Bridge,1,3.3,Australia,West Indies,DA Warner,UT Khawaja,SS Cottrell,1,0,,,,,,,,,
1144492,2019,2019-06-06,Trent Bridge,1,3.4,Australia,West Indies,UT Khawaja,DA Warner,SS Cottrell,0,0,,,,,,,,,
1144492,2019,2019-06-06,Trent Bridge,1,3.5,Australia,West Indies,UT Khawaja,DA Warner,SS Cottrell,1,0,,,,,,,,,
1144492,2019,2019-06-06,Trent Bridge,1,3.6,Australia,West Indies,DA Warner,UT Khawaja,SS Cottrell,0,1,1,,,,,,,,
1144492,2019,2019-06-06,Trent Bridge,1,3.7,Australia,West Indies,DA Warner,UT Khawaja,SS Cottrell,0,0,,,,,,caught,DA Warner,,
1144492,2019,2019-06-06,Trent Bridge,1,4.1,Australia,West Indies,UT Khawaja,SPD Smith,O Thomas,0,0,,,,,,,,,
1144492,2019,2019-06-06,Trent Bridge,1,4.2,Australia,West Indies,UT Khawaja,SPD Smith,O Thomas,0,0,,,,,,,,,
1144492,2019,2019-06-06,Trent Bridge,1,4.3,Australia,West Indies,UT Khawaja,SPD Smith,O Thomas,0,1,,,1,,,,,,
1144492,2019,2019-06-06,Trent Bridge,1,4.4,Australia,West Indies,SPD Smith,UT Khawaja,O Thomas,1,0,,,,,,,,,
1144492,2019,2019-06-06,Trent Bridge,1,4.5,Australia,West Indies,UT Khawaja,SPD Smith,O Thomas,0,0,,,,,,,,,
1144492,2019,2019-06-06,Trent Bridge,1,4.6,Australia,West Indies,UT Khawaja,SPD Smith,O Thomas,4,0,,,,,,,,,
1144492,2019,2019-06-06,Trent Bridge,1,5.1,Australia,West Indies,SPD Smith,UT Khawaja,SS Cottrell,0,0,,,,,,,,,
1144492,2019,2019-06-06,Trent Bridge,1,5.2,Australia,West Indies,SPD Smith,UT Khawaja,SS Cottrell,0,0,,,,,,,,,
1144492,2019,2019-06-06,Trent Bridge,1,5.3,Australia,West Indies,SPD Smith,UT Khawaja,SS Cottrell,0,0,,,,,,,,,
1144492,2019,2019-06-06,Trent Bridge,1,5.4,Australia,West Indies,SPD Smith,UT Khawaja,SS Cottrell,1,0,,,,,,,,,
1144492,2019,2019-06-06,Trent Bridge,1,5.5,Australia,West Indies,UT Khawaja,SPD Smith,SS Cottrell,0,0,,,,,,,,,
1144492,2019,2019-06-06,Trent Bridge,1,5.6,Australia,West Indies,UT Khawaja,SPD Smith,SS Cottrell,0,0,,,,,,,,,
1144492,2019,2019-06-06,Trent Bridge,1,6.1,Australia,West Indies,SPD Smith,UT Khawaja,AD Russell,1,0,,,,,,,,,
1144492,2019,2019-06-06,Trent Bridge,1,6.2,Australia,West Indies,UT Khawaja,SPD Smith,AD Russell,0,0,,,,,,,,,
1144492,2019,2019-06-06,Trent Bridge,1,6.3,Australia,West Indies,UT Khawaja,SPD Smith,AD Russell,0,0,,,,,,,,,
1144492,2019,2019-06-06,Trent Bridge,1,6.4,Australia,West Indies,UT Khawaja,SPD Smith,AD Russell,2,0,,,,,,,,,
1144492,2019,2019-06-06,Trent Bridge,1,6.5,Australia,West Indies,UT Khawaja,SPD Smith,AD Russell,0,0,,,,,,,,,
1144492,2019,2019-06-06,Trent Bridge,1,6.6,Australia,West Indies,UT Khawaja,SPD Smith,AD Russell,0,0,,,,,,caught,UT Khawaja,,
1144492,2019,2019-06-06,Trent Bridge,1,7.1,Australia,West Indies,SPD Smith,GJ Maxwell,SS Cottrell,0,0,,,,,,,,,
1144492,2019,2019-06-06,Trent Bridge,1,7.2,Australia,West Indies,SPD Smith,GJ Maxwell,SS Cottrell,0,1,1,,,,,,,,
1144492,2019,2019-06-06,Trent Bridge,1,7.3,Australia,West Indies,SPD Smith,GJ Maxwell,SS Cottrell,1,0,,,,,,,,,
1144492,2019,2019-06-06,Trent Bridge,1,7.4,Australia,West Indies,GJ Maxwell,SPD Smith,SS Cottrell,0,0,,,,,,,,,
1144492,2019,2019-06-06,Trent Bridge,1,7.5,Australia,West Indies,GJ Maxwell,SPD Smith,SS Cottrell,0,0,,,,,,caught,GJ Maxwell,,
1144492,2019,2019-06-06,Trent Bridge,1,7.6,Australia,West Indies,MP Stoinis,SPD Smith,SS Cottrell,0,0,,,,,,,,,
1144492,2019,2019-06-06,Trent Bridge,1,7.7,Australia,West Indies,MP Stoinis,SPD Smith,SS Cottrell,0,0,,,,,,,,,
1144492,2019,2019-06-06,Trent Bridge,1,8.1,Australia,West Indies,SPD Smith,MP Stoinis,AD Russell,0,0,,,,,,,,,
1144492,2019,2019-06-06,Trent Bridge,1,8.2,Australia,West Indies,SPD Smith,MP Stoinis,AD Russell,0,0,,,,,,,,,
1144492,2019,2019-06-06,Trent Bridge,1,8.3,Australia,West Indies,SPD Smith,MP Stoinis,AD Russell,0,0,,,,,,,,,
1144492,2019,2019-06-06,Trent Bridge,1,8.4,Australia,West Indies,SPD Smith,MP Stoinis,AD Russell,0,0,,,,,,,,,
1144492,2019,2019-06-06,Trent Bridge,1,8.5,Australia,West Indies,SPD Smith,MP Stoinis,AD Russell,0,1,1,,,,,,,,
1144492,2019,2019-06-06,Trent Bridge,1,8.6,Australia,West Indies,SPD Smith,MP Stoinis,AD Russell,0,0,,,,,,,,,
1144492,2019,2019-06-06,Trent Bridge,1,8.7,Australia,West Indies,SPD Smith,MP Stoinis,AD Russell,0,1,1,,,,,,,,
1144492,2019,2019-06-06,Trent Bridge,1,8.8,Australia,West Indies,SPD Smith,MP Stoinis,AD Russell,0,0,,,,,,,,,
1144492,2019,2019-06-06,Trent Bridge,1,9.1,Australia,West Indies,MP Stoinis,SPD Smith,CR Brathwaite,0,0,,,,,,,,,
1144492,2019,2019-06-06,Trent Bridge,1,9.2,Australia,West Indies,MP Stoinis,SPD Smith,CR Brathwaite,4,0,,,,,,,,,
1144492,2019,2019-06-06,Trent Bridge,1,9.3,Australia,West Indies,MP Stoinis,SPD Smith,CR Brathwaite,0,0,,,,,,,,,
1144492,2019,2019-06-06,Trent Bridge,1,9.4,Australia,West Indies,MP Stoinis,SPD Smith,CR Brathwaite,0,0,,,,,,,,,
1144492,2019,2019-06-06,Trent Bridge,1,9.5,Australia,West Indies,MP Stoinis,SPD Smith,CR Brathwaite,0,0,,,,,,,,,
1144492,2019,2019-06-06,Trent Bridge,1,9.6,Australia,West Indies,MP Stoinis,SPD Smith,CR Brathwaite,4,0,,,,,,,,,
1144492,2019,2019-06-06,Trent Bridge,1,10.1,Australia,West Indies,SPD Smith,MP Stoinis,AD Russell,4,0,,,,,,,,,
1144492,2019,2019-06-06,Trent Bridge,1,10.2,Australia,West Indies,SPD Smith,MP Stoinis,AD Russell,1,0,,,,,,,,,
1144492,2019,2019-06-06,Trent Bridge,1,10.3,Australia,West Indies,MP Stoinis,SPD Smith,AD Russell,0,1,1,,,,,,,,
1144492,2019,2019-06-06,Trent Bridge,1,10.4,Australia,West Indies,MP Stoinis,SPD Smith,AD Russell,0,0,,,,,,,,,
1144492,2019,2019-06-06,Trent Bridge,1,10.5,Australia,West Indies,MP Stoinis,SPD Smith,AD Russell,0,0,,,,,,,,,
1144492,2019,2019-06-06,Trent Bridge,1,10.6,Australia,West Indies,MP Stoinis,SPD Smith,AD Russell,0,0,,,,,,,,,
1144492,2019,2019-06-06,Trent Bridge,1,10.7,Australia,West Indies,MP Stoinis,SPD Smith,AD Russell,0,0,,,,,,,,,
1144492,2019,2019-06-06,Trent Bridge,1,11.1,Australia,West Indies,SPD Smith,MP Stoinis,CR Brathwaite,0,0,,,,,,,,,
1144492,2019,2019-06-06,Trent Bridge,1,11.2,Australia,West Indies,SPD Smith,MP Stoinis,CR Brathwaite,1,0,,,,,,,,,
1144492,2019,2019-06-06,Trent Bridge,1,11.3,Australia,West Indies,MP Stoinis,SPD Smith,CR Brathwaite,0,0,,,,,,,,,
1144492,2019,2019-06-06,Trent Bridge,1,11.4,Australia,West Indies,MP Stoinis,SPD Smith,CR Brathwaite,1,0,,,,,,,,,
1144492,2019,2019-06-06,Trent Bridge,1,11.5,Australia,West Indies,SPD Smith,MP Stoinis,CR Brathwaite,0,0,,,,,,,,,
1144492,2019,2019-06-06,Trent Bridge,1,11.6,Australia,West Indies,SPD Smith,MP Stoinis,CR Brathwaite,4,0,,,,,,,,,
1144492,2019,2019-06-06,Trent Bridge,1,12.1,Australia,West Indies,MP Stoinis,SPD Smith,JO Holder,0,0,,,,,,,,,
1144492,2019,2019-06-06,Trent Bridge,1,12.2,Australia,West Indies,MP Stoinis,SPD Smith,JO Holder,0,0,,,,,,,,,
1144492,2019,2019-06-06,Trent Bridge,1,12.3,Australia,West Indies,MP Stoinis,SPD Smith,JO Holder,4,0,,,,,,,,,
1144492,2019,2019-06-06,Trent Bridge,1,12.4,Australia,West Indies,MP Stoinis,SPD Smith,JO Holder,4,0,,,,,,,,,
1144492,2019,2019-06-06,Trent Bridge,1,12.5,Australia,West Indies,MP Stoinis,SPD Smith,JO Holder,0,0,,,,,,,,,
1144492,2019,2019-06-06,Trent Bridge,1,12.6,Australia,West Indies,MP Stoinis,SPD Smith,JO Holder,0,0,,,,,,,,,
1144492,2019,2019-06-06,Trent Bridge,1,13.1,Australia,West Indies,SPD Smith,MP Stoinis,CR Brathwaite,0,0,,,,,,,,,
1144492,2019,2019-06-06,Trent Bridge,1,13.2,Australia,West Indies,SPD Smith,MP Stoinis,CR Brathwaite,1,0,,,,,,,,,
1144492,2019,2019-06-06,Trent Bridge,1,13.3,Australia,West Indies,MP Stoinis,SPD Smith,CR Brathwaite,1,0,,,,,,,,,
1144492,2019,2019-06-06,Trent Bridge,1,13.4,Australia,West Indies,SPD Smith,MP Stoinis,CR Brathwaite,0,0,,,,,,,,,
1144492,2019,2019-06-06,Trent Bridge,1,13.5,Australia,West Indies,SPD Smith,MP Stoinis,CR Brathwaite,0,1,1,,,,,,,,
1144492,2019,2019-06-06,Trent Bridge,1,13.6,Australia,West Indies,SPD Smith,MP Stoinis,CR Brathwaite,0,0,,,,,,,,,
1144492,2019,2019-06-06,Trent Bridge,1,13.7,Australia,West Indies,SPD Smith,MP Stoinis,CR Brathwaite,1,0,,,,,,,,,
1144492,2019,2019-06-06,Trent Bridge,1,14.1,Australia,West Indies,SPD Smith,MP Stoinis,JO Holder,0,0,,,,,,,,,
1144492,2019,2019-06-06,Trent Bridge,1,14.2,Australia,West Indies,SPD Smith,MP Stoinis,JO Holder,1,0,,,,,,,,,
1144492,2019,2019-06-06,Trent Bridge,1,14.3,Australia,West Indies,MP Stoinis,SPD Smith,JO Holder,1,0,,,,,,,,,
1144492,2019,2019-06-06,Trent Bridge,1,14.4,Australia,West Indies,SPD Smith,MP Stoinis,JO Holder,0,0,,,,,,,,,
1144492,2019,2019-06-06,Trent Bridge,1,14.5,Australia,West Indies,SPD Smith,MP Stoinis,JO Holder,0,0,,,,,,,,,
1144492,2019,2019-06-06,Trent Bridge,1,14.6,Australia,West Indies,SPD Smith,MP Stoinis,JO Holder,1,0,,,,,,,,,
1144492,2019,2019-06-06,Trent Bridge,1,15.1,Australia,West Indies,SPD Smith,MP Stoinis,CR Brathwaite,0,0,,,,,,,,,
1144492,2019,2019-06-06,Trent Bridge,1,15.2,Australia,West Indies,SPD Smith,MP Stoinis,CR Brathwaite,0,0,,,,,,,,,
1144492,2019,2019-06-06,Trent Bridge,1,15.3,Australia,West Indies,SPD Smith,MP Stoinis,CR Brathwaite,0,0,,,,,,,,,
1144492,2019,2019-06-06,Trent Bridge,1,15.4,Australia,West Indies,SPD Smith,MP Stoinis,CR Brathwaite,0,0,,,,,,,,,
1144492,2019,2019-06-06,Trent Bridge,1,15.5,Australia,West Indies,SPD Smith,MP Stoinis,CR Brathwaite,0,0,,,,,,,,,
1144492,2019,2019-06-06,Trent Bridge,1,15.6,Australia,West Indies,SPD Smith,MP Stoinis,CR Brathwaite,4,0,,,,,,,,,
1144492,2019,2019-06-06,Trent Bridge,1,16.1,Australia,West Indies,MP Stoinis,SPD Smith,JO Holder,0,0,,,,,,caught,MP Stoinis,,
1144492,2019,2019-06-06,Trent Bridge,1,16.2,Australia,West Indies,AT Carey,SPD Smith,JO Holder,0,0,,,,,,,,,
1144492,2019,2019-06-06,Trent Bridge,1,16.3,Australia,West Indies,AT Carey,SPD Smith,JO Holder,0,0,,,,,,,,,
1144492,2019,2019-06-06,Trent Bridge,1,16.4,Australia,West Indies,AT Carey,SPD Smith,JO Holder,0,0,,,,,,,,,
1144492,2019,2019-06-06,Trent Bridge,1,16.5,Australia,West Indies,AT Carey,SPD Smith,JO Holder,0,0,,,,,,,,,
1144492,2019,2019-06-06,Trent Bridge,1,16.6,Australia,West Indies,AT Carey,SPD Smith,JO Holder,0,0,,,,,,,,,
1144492,2019,2019-06-06,Trent Bridge,1,17.1,Australia,West Indies,SPD Smith,AT Carey,CR Brathwaite,1,0,,,,,,,,,
1144492,2019,2019-06-06,Trent Bridge,1,17.2,Australia,West Indies,AT Carey,SPD Smith,CR Brathwaite,0,0,,,,,,,,,
1144492,2019,2019-06-06,Trent Bridge,1,17.3,Australia,West Indies,AT Carey,SPD Smith,CR Brathwaite,0,0,,,,,,,,,
1144492,2019,2019-06-06,Trent Bridge,1,17.4,Australia,West Indies,AT Carey,SPD Smith,CR Brathwaite,0,0,,,,,,,,,
1144492,2019,2019-06-06,Trent Bridge,1,17.5,Australia,West Indies,AT Carey,SPD Smith,CR Brathwaite,0,0,,,,,,,,,
1144492,2019,2019-06-06,Trent Bridge,1,17.6,Australia,West Indies,AT Carey,SPD Smith,CR Brathwaite,0,0,,,,,,,,,
1144492,2019,2019-06-06,Trent Bridge,1,18.1,Australia,West Indies,SPD Smith,AT Carey,O Thomas,0,0,,,,,,,,,
1144492,2019,2019-06-06,Trent Bridge,1,18.2,Australia,West Indies,SPD Smith,AT Carey,O Thomas,0,0,,,,,,,,,
1144492,2019,2019-06-06,Trent Bridge,1,18.3,Australia,West Indies,SPD Smith,AT Carey,O Thomas,0,0,,,,,,,,,
1144492,2019,2019-06-06,Trent Bridge,1,18.4,Australia,West Indies,SPD Smith,AT Carey,O Thomas,0,0,,,,,,,,,
1144492,2019,2019-06-06,Trent Bridge,1,18.5,Australia,West Indies,SPD Smith,AT Carey,O Thomas,0,1,1,,,,,,,,
1144492,2019,2019-06-06,Trent Bridge,1,18.6,Australia,West Indies,SPD Smith,AT Carey,O Thomas,0,0,,,,,,,,,
1144492,2019,2019-06-06,Trent Bridge,1,18.7,Australia,West Indies,SPD Smith,AT Carey,O Thomas,0,1,1,,,,,,,,
1144492,2019,2019-06-06,Trent Bridge,1,18.8,Australia,West Indies,SPD Smith,AT Carey,O Thomas,0,0,,,,,,,,,
1144492,2019,2019-06-06,Trent Bridge,1,19.1,Australia,West Indies,AT Carey,SPD Smith,JO Holder,0,0,,,,,,,,,
1144492,2019,2019-06-06,Trent Bridge,1,19.2,Australia,West Indies,AT Carey,SPD Smith,JO Holder,0,0,,,,,,,,,
1144492,2019,2019-06-06,Trent Bridge,1,19.3,Australia,West Indies,AT Carey,SPD Smith,JO Holder,0,0,,,,,,,,,
1144492,2019,2019-06-06,Trent Bridge,1,19.4,Australia,West Indies,AT Carey,SPD Smith,JO Holder,0,0,,,,,,,,,
1144492,2019,2019-06-06,Trent Bridge,1,19.5,Australia,West Indies,AT Carey,SPD Smith,JO Holder,1,0,,,,,,,,,
1144492,2019,2019-06-06,Trent Bridge,1,19.6,Australia,West Indies,SPD Smith,AT Carey,JO Holder,0,0,,,,,,,,,
1144492,2019,2019-06-06,Trent Bridge,1,20.1,Australia,West Indies,AT Carey,SPD Smith,O Thomas,0,0,,,,,,,,,
1144492,2019,2019-06-06,Trent Bridge,1,20.2,Australia,West Indies,AT Carey,SPD Smith,O Thomas,0,0,,,,,,,,,
1144492,2019,2019-06-06,Trent Bridge,1,20.3,Australia,West Indies,AT Carey,SPD Smith,O Thomas,1,0,,,,,,,,,
1144492,2019,2019-06-06,Trent Bridge,1,20.4,Australia,West Indies,SPD Smith,AT Carey,O Thomas,0,0,,,,,,,,,
1144492,2019,2019-06-06,Trent Bridge,1,20.5,Australia,West Indies,SPD Smith,AT Carey,O Thomas,1,0,,,,,,,,,
1144492,2019,2019-06-06,Trent Bridge,1,20.6,Australia,West Indies,AT Carey,SPD Smith,O Thomas,1,0,,,,,,,,,
1144492,2019,2019-06-06,Trent Bridge,1,21.1,Australia,West Indies,AT Carey,SPD Smith,JO Holder,0,0,,,,,,,,,
1144492,2019,2019-06-06,Trent Bridge,1,21.2,Australia,West Indies,AT Carey,SPD Smith,JO Holder,0,0,,,,,,,,,
1144492,2019,2019-06-06,Trent Bridge,1,21.3,Australia,West Indies,AT Carey,SPD Smith,JO Holder,0,0,,,,,,,,,
1144492,2019,2019-06-06,Trent Bridge,1,21.4,Australia,West Indies,AT Carey,SPD Smith,JO Holder,0,0,,,,,,,,,
1144492,2019,2019-06-06,Trent Bridge,1,21.5,Australia,West Indies,AT Carey,SPD Smith,JO Holder,0,0,,,,,,,,,
1144492,2019,2019-06-06,Trent Bridge,1,21.6,Australia,West Indies,AT Carey,SPD Smith,JO Holder,0,0,,,,,,,,,
1144492,2019,2019-06-06,Trent Bridge,1,22.1,Australia,West Indies,SPD Smith,AT Carey,O Thomas,1,0,,,,,,,,,
1144492,2019,2019-06-06,Trent Bridge,1,22.2,Australia,West Indies,AT Carey,SPD Smith,O Thomas,0,0,,,,,,,,,
1144492,2019,2019-06-06,Trent Bridge,1,22.3,Australia,West Indies,AT Carey,SPD Smith,O Thomas,4,0,,,,,,,,,
1144492,2019,2019-06-06,Trent Bridge,1,22.4,Australia,West Indies,AT Carey,SPD Smith,O Thomas,0,0,,,,,,,,,
1144492,2019,2019-06-06,Trent Bridge,1,22.5,Australia,West Indies,AT Carey,SPD Smith,O Thomas,4,0,,,,,,,,,
1144492,2019,2019-06-06,Trent Bridge,1,22.6,Australia,West Indies,AT Carey,SPD Smith,O Thomas,1,0,,,,,,,,,
1144492,2019,2019-06-06,Trent Bridge,1,23.1,Australia,West Indies,AT Carey,SPD Smith,SS Cottrell,0,0,,,,,,,,,
1144492,2019,2019-06-06,Trent Bridge,1,23.2,Australia,West Indies,AT Carey,SPD Smith,SS Cottrell,4,0,,,,,,,,,
1144492,2019,2019-06-06,Trent Bridge,1,23.3,Australia,West Indies,AT Carey,SPD Smith,SS Cottrell,4,0,,,,,,,,,
1144492,2019,2019-06-06,Trent Bridge,1,23.4,Australia,West Indies,AT Carey,SPD Smith,SS Cottrell,1,0,,,,,,,,,
1144492,2019,2019-06-06,Trent Bridge,1,23.5,Australia,West Indies,SPD Smith,AT Carey,SS Cottrell,1,0,,,,,,,,,
1144492,2019,2019-06-06,Trent Bridge,1,23.6,Australia,West Indies,AT Carey,SPD Smith,SS Cottrell,4,0,,,,,,,,,
1144492,2019,2019-06-06,Trent Bridge,1,24.1,Australia,West Indies,SPD Smith,AT Carey,JO Holder,4,0,,,,,,,,,
1144492,2019,2019-06-06,Trent Bridge,1,24.2,Australia,West Indies,SPD Smith,AT Carey,JO Holder,3,0,,,,,,,,,
1144492,2019,2019-06-06,Trent Bridge,1,24.3,Australia,West Indies,AT Carey,SPD Smith,JO Holder,0,0,,,,,,,,,
1144492,2019,2019-06-06,Trent Bridge,1,24.4,Australia,West Indies,AT Carey,SPD Smith,JO Holder,1,0,,,,,,,,,
1144492,2019,2019-06-06,Trent Bridge,1,24.5,Australia,West Indies,SPD Smith,AT Carey,JO Holder,1,0,,,,,,,,,
1144492,2019,2019-06-06,Trent Bridge,1,24.6,Australia,West Indies,AT Carey,SPD Smith,JO Holder,0,0,,,,,,,,,
1144492,2019,2019-06-06,Trent Bridge,1,25.1,Australia,West Indies,SPD Smith,AT Carey,SS Cottrell,1,0,,,,,,,,,
1144492,2019,2019-06-06,Trent Bridge,1,25.2,Australia,West Indies,AT Carey,SPD Smith,SS Cottrell,0,0,,,,,,,,,
1144492,2019,2019-06-06,Trent Bridge,1,25.3,Australia,West Indies,AT Carey,SPD Smith,SS Cottrell,1,0,,,,,,,,,
1144492,2019,2019-06-06,Trent Bridge,1,25.4,Australia,West Indies,SPD Smith,AT Carey,SS Cottrell,0,0,,,,,,,,,
1144492,2019,2019-06-06,Trent Bridge,1,25.5,Australia,West Indies,SPD Smith,AT Carey,SS Cottrell,1,0,,,,,,,,,
1144492,2019,2019-06-06,Trent Bridge,1,25.6,Australia,West Indies,AT Carey,SPD Smith,SS Cottrell,0,0,,,,,,,,,
1144492,2019,2019-06-06,Trent Bridge,1,26.1,Australia,West Indies,SPD Smith,AT Carey,JO Holder,0,0,,,,,,,,,
1144492,2019,2019-06-06,Trent Bridge,1,26.2,Australia,West Indies,SPD Smith,AT Carey,JO Holder,1,0,,,,,,,,,
1144492,2019,2019-06-06,Trent Bridge,1,26.3,Australia,West Indies,AT Carey,SPD Smith,JO Holder,4,0,,,,,,,,,
1144492,2019,2019-06-06,Trent Bridge,1,26.4,Australia,West Indies,AT Carey,SPD Smith,JO Holder,0,0,,,,,,,,,
1144492,2019,2019-06-06,Trent Bridge,1,26.5,Australia,West Indies,AT Carey,SPD Smith,JO Holder,2,0,,,,,,,,,
1144492,2019,2019-06-06,Trent Bridge,1,26.6,Australia,West Indies,AT Carey,SPD Smith,JO Holder,0,0,,,,,,,,,
1144492,2019,2019-06-06,Trent Bridge,1,27.1,Australia,West Indies,SPD Smith,AT Carey,AR Nurse,1,0,,,,,,,,,
1144492,2019,2019-06-06,Trent Bridge,1,27.2,Australia,West Indies,AT Carey,SPD Smith,AR Nurse,4,0,,,,,,,,,
1144492,2019,2019-06-06,Trent Bridge,1,27.3,Australia,West Indies,AT Carey,SPD Smith,AR Nurse,1,0,,,,,,,,,
1144492,2019,2019-06-06,Trent Bridge,1,27.4,Australia,West Indies,SPD Smith,AT Carey,AR Nurse,0,0,,,,,,,,,
1144492,2019,2019-06-06,Trent Bridge,1,27.5,Australia,West Indies,SPD Smith,AT Carey,AR Nurse,1,0,,,,,,,,,
1144492,2019,2019-06-06,Trent Bridge,1,27.6,Australia,West Indies,AT Carey,SPD Smith,AR Nurse,1,0,,,,,,,,,
1144492,2019,2019-06-06,Trent Bridge,1,28.1,Australia,West Indies,AT Carey,SPD Smith,CR Brathwaite,1,0,,,,,,,,,
1144492,2019,2019-06-06,Trent Bridge,1,28.2,Australia,West Indies,SPD Smith,AT Carey,CR Brathwaite,0,0,,,,,,,,,
1144492,2019,2019-06-06,Trent Bridge,1,28.3,Australia,West Indies,SPD Smith,AT Carey,CR Brathwaite,1,0,,,,,,,,,
1144492,2019,2019-06-06,Trent Bridge,1,28.4,Australia,West Indies,AT Carey,SPD Smith,CR Brathwaite,0,0,,,,,,,,,
1144492,2019,2019-06-06,Trent Bridge,1,28.5,Australia,West Indies,AT Carey,SPD Smith,CR Brathwaite,2,0,,,,,,,,,
1144492,2019,2019-06-06,Trent Bridge,1,28.6,Australia,West Indies,AT Carey,SPD Smith,CR Brathwaite,2,0,,,,,,,,,
1144492,2019,2019-06-06,Trent Bridge,1,29.1,Australia,West Indies,SPD Smith,AT Carey,AR Nurse,0,0,,,,,,,,,
1144492,2019,2019-06-06,Trent Bridge,1,29.2,Australia,West Indies,SPD Smith,AT Carey,AR Nurse,0,0,,,,,,,,,
1144492,2019,2019-06-06,Trent Bridge,1,29.3,Australia,West Indies,SPD Smith,AT Carey,AR Nurse,1,0,,,,,,,,,
1144492,2019,2019-06-06,Trent Bridge,1,29.4,Australia,West Indies,AT Carey,SPD Smith,AR Nurse,0,0,,,,,,,,,
1144492,2019,2019-06-06,Trent Bridge,1,29.5,Australia,West Indies,AT Carey,SPD Smith,AR Nurse,1,0,,,,,,,,,
1144492,2019,2019-06-06,Trent Bridge,1,29.6,Australia,West Indies,SPD Smith,AT Carey,AR Nurse,1,0,,,,,,,,,
1144492,2019,2019-06-06,Trent Bridge,1,30.1,Australia,West Indies,SPD Smith,AT Carey,AD Russell,0,0,,,,,,,,,
1144492,2019,2019-06-06,Trent Bridge,1,30.2,Australia,West Indies,SPD Smith,AT Carey,AD Russell,0,0,,,,,,,,,
1144492,2019,2019-06-06,Trent Bridge,1,30.3,Australia,West Indies,SPD Smith,AT Carey,AD Russell,1,0,,,,,,,,,
1144492,2019,2019-06-06,Trent Bridge,1,30.4,Australia,West Indies,AT Carey,SPD Smith,AD Russell,0,0,,,,,,caught,AT Carey,,
1144492,2019,2019-06-06,Trent Bridge,1,30.5,Australia,West Indies,NM Coulter-Nile,SPD Smith,AD Russell,0,0,,,,,,,,,
1144492,2019,2019-06-06,Trent Bridge,1,30.6,Australia,West Indies,NM Coulter-Nile,SPD Smith,AD Russell,1,0,,,,,,,,,
1144492,2019,2019-06-06,Trent Bridge,1,31.1,Australia,West Indies,NM Coulter-Nile,SPD Smith,O Thomas,0,0,,,,,,,,,
1144492,2019,2019-06-06,Trent Bridge,1,31.2,Australia,West Indies,NM Coulter-Nile,SPD Smith,O Thomas,0,0,,,,,,,,,
1144492,2019,2019-06-06,Trent Bridge,1,31.3,Australia,West Indies,NM Coulter-Nile,SPD Smith,O Thomas,0,0,,,,,,,,,
1144492,2019,2019-06-06,Trent Bridge,1,31.4,Australia,West Indies,NM Coulter-Nile,SPD Smith,O Thomas,0,0,,,,,,,,,
1144492,2019,2019-06-06,Trent Bridge,1,31.5,Australia,West Indies,NM Coulter-Nile,SPD Smith,O Thomas,1,0,,,,,,,,,
1144492,2019,2019-06-06,Trent Bridge,1,31.6,Australia,West Indies,SPD Smith,NM Coulter-Nile,O Thomas,0,0,,,,,,,,,
1144492,2019,2019-06-06,Trent Bridge,1,32.1,Australia,West Indies,NM Coulter-Nile,SPD Smith,AD Russell,0,0,,,,,,,,,
1144492,2019,2019-06-06,Trent Bridge,1,32.2,Australia,West Indies,NM Coulter-Nile,SPD Smith,AD Russell,1,0,,,,,,,,,
1144492,2019,2019-06-06,Trent Bridge,1,32.3,Australia,West Indies,SPD Smith,NM Coulter-Nile,AD Russell,0,0,,,,,,,,,
1144492,2019,2019-06-06,Trent Bridge,1,32.4,Australia,West Indies,SPD Smith,NM Coulter-Nile,AD Russell,0,0,,,,,,,,,
1144492,2019,2019-06-06,Trent Bridge,1,32.5,Australia,West Indies,SPD Smith,NM Coulter-Nile,AD Russell,0,0,,,,,,,,,
1144492,2019,2019-06-06,Trent Bridge,1,32.6,Australia,West Indies,SPD Smith,NM Coulter-Nile,AD Russell,3,0,,,,,,,,,
1144492,2019,2019-06-06,Trent Bridge,1,33.1,Australia,West Indies,SPD Smith,NM Coulter-Nile,O Thomas,1,0,,,,,,,,,
1144492,2019,2019-06-06,Trent Bridge,1,33.2,Australia,West Indies,NM Coulter-Nile,SPD Smith,O Thomas,4,0,,,,,,,,,
1144492,2019,2019-06-06,Trent Bridge,1,33.3,Australia,West Indies,NM Coulter-Nile,SPD Smith,O Thomas,2,0,,,,,,,,,
1144492,2019,2019-06-06,Trent Bridge,1,33.4,Australia,West Indies,NM Coulter-Nile,SPD Smith,O Thomas,0,1,1,,,,,,,,
1144492,2019,2019-06-06,Trent Bridge,1,33.5,Australia,West Indies,NM Coulter-Nile,SPD Smith,O Thomas,0,0,,,,,,,,,
1144492,2019,2019-06-06,Trent Bridge,1,33.6,Australia,West Indies,NM Coulter-Nile,SPD Smith,O Thomas,4,0,,,,,,,,,
1144492,2019,2019-06-06,Trent Bridge,1,33.7,Australia,West Indies,NM Coulter-Nile,SPD Smith,O Thomas,1,0,,,,,,,,,
1144492,2019,2019-06-06,Trent Bridge,1,34.1,Australia,West Indies,NM Coulter-Nile,SPD Smith,AD Russell,0,0,,,,,,,,,
1144492,2019,2019-06-06,Trent Bridge,1,34.2,Australia,West Indies,NM Coulter-Nile,SPD Smith,AD Russell,0,0,,,,,,,,,
1144492,2019,2019-06-06,Trent Bridge,1,34.3,Australia,West Indies,NM Coulter-Nile,SPD Smith,AD Russell,4,0,,,,,,,,,
1144492,2019,2019-06-06,Trent Bridge,1,34.4,Australia,West Indies,NM Coulter-Nile,SPD Smith,AD Russell,0,1,1,,,,,,,,
1144492,2019,2019-06-06,Trent Bridge,1,34.5,Australia,West Indies,NM Coulter-Nile,SPD Smith,AD Russell,0,1,1,,,,,,,,
1144492,2019,2019-06-06,Trent Bridge,1,34.6,Australia,West Indies,NM Coulter-Nile,SPD Smith,AD Russell,2,0,,,,,,,,,
1144492,2019,2019-06-06,Trent Bridge,1,34.7,Australia,West Indies,NM Coulter-Nile,SPD Smith,AD Russell,0,0,,,,,,,,,
1144492,2019,2019-06-06,Trent Bridge,1,34.8,Australia,West Indies,NM Coulter-Nile,SPD Smith,AD Russell,1,0,,,,,,,,,
1144492,2019,2019-06-06,Trent Bridge,1,35.1,Australia,West Indies,NM Coulter-Nile,SPD Smith,SS Cottrell,1,0,,,,,,,,,
1144492,2019,2019-06-06,Trent Bridge,1,35.2,Australia,West Indies,SPD Smith,NM Coulter-Nile,SS Cottrell,0,0,,,,,,,,,
1144492,2019,2019-06-06,Trent Bridge,1,35.3,Australia,West Indies,SPD Smith,NM Coulter-Nile,SS Cottrell,0,0,,,,,,,,,
1144492,2019,2019-06-06,Trent Bridge,1,35.4,Australia,West Indies,SPD Smith,NM Coulter-Nile,SS Cottrell,4,0,,,,,,,,,
1144492,2019,2019-06-06,Trent Bridge,1,35.5,Australia,West Indies,SPD Smith,NM Coulter-Nile,SS Cottrell,0,0,,,,,,,,,
1144492,2019,2019-06-06,Trent Bridge,1,35.6,Australia,West Indies,SPD Smith,NM Coulter-Nile,SS Cottrell,1,0,,,,,,,,,
1144492,2019,2019-06-06,Trent Bridge,1,36.1,Australia,West Indies,SPD Smith,NM Coulter-Nile,AD Russell,0,0,,,,,,,,,
1144492,2019,2019-06-06,Trent Bridge,1,36.2,Australia,West Indies,SPD Smith,NM Coulter-Nile,AD Russell,1,0,,,,,,,,,
1144492,2019,2019-06-06,Trent Bridge,1,36.3,Australia,West Indies,NM Coulter-Nile,SPD Smith,AD Russell,0,0,,,,,,,,,
1144492,2019,2019-06-06,Trent Bridge,1,36.4,Australia,West Indies,NM Coulter-Nile,SPD Smith,AD Russell,4,0,,,,,,,,,
1144492,2019,2019-06-06,Trent Bridge,1,36.5,Australia,West Indies,NM Coulter-Nile,SPD Smith,AD Russell,2,0,,,,,,,,,
1144492,2019,2019-06-06,Trent Bridge,1,36.6,Australia,West Indies,NM Coulter-Nile,SPD Smith,AD Russell,1,0,,,,,,,,,
1144492,2019,2019-06-06,Trent Bridge,1,37.1,Australia,West Indies,NM Coulter-Nile,SPD Smith,SS Cottrell,1,0,,,,,,,,,
1144492,2019,2019-06-06,Trent Bridge,1,37.2,Australia,West Indies,SPD Smith,NM Coulter-Nile,SS Cottrell,0,0,,,,,,,,,
1144492,2019,2019-06-06,Trent Bridge,1,37.3,Australia,West Indies,SPD Smith,NM Coulter-Nile,SS Cottrell,0,0,,,,,,,,,
1144492,2019,2019-06-06,Trent Bridge,1,37.4,Australia,West Indies,SPD Smith,NM Coulter-Nile,SS Cottrell,2,0,,,,,,,,,
1144492,2019,2019-06-06,Trent Bridge,1,37.5,Australia,West Indies,SPD Smith,NM Coulter-Nile,SS Cottrell,1,0,,,,,,,,,
1144492,2019,2019-06-06,Trent Bridge,1,37.6,Australia,West Indies,NM Coulter-Nile,SPD Smith,SS Cottrell,0,1,1,,,,,,,,
1144492,2019,2019-06-06,Trent Bridge,1,37.7,Australia,West Indies,NM Coulter-Nile,SPD Smith,SS Cottrell,1,0,,,,,,,,,
1144492,2019,2019-06-06,Trent Bridge,1,38.1,Australia,West Indies,NM Coulter-Nile,SPD Smith,AD Russell,0,0,,,,,,,,,
1144492,2019,2019-06-06,Trent Bridge,1,38.2,Australia,West Indies,NM Coulter-Nile,SPD Smith,AD Russell,0,0,,,,,,,,,
1144492,2019,2019-06-06,Trent Bridge,1,38.3,Australia,West Indies,NM Coulter-Nile,SPD Smith,AD Russell,0,0,,,,,,,,,
1144492,2019,2019-06-06,Trent Bridge,1,38.4,Australia,West Indies,NM Coulter-Nile,SPD Smith,AD Russell,6,0,,,,,,,,,
1144492,2019,2019-06-06,Trent Bridge,1,38.5,Australia,West Indies,NM Coulter-Nile,SPD Smith,AD Russell,0,0,,,,,,,,,
1144492,2019,2019-06-06,Trent Bridge,1,38.6,Australia,West Indies,NM Coulter-Nile,SPD Smith,AD Russell,1,0,,,,,,,,,
1144492,2019,2019-06-06,Trent Bridge,1,39.1,Australia,West Indies,NM Coulter-Nile,SPD Smith,AR Nurse,1,0,,,,,,,,,
1144492,2019,2019-06-06,Trent Bridge,1,39.2,Australia,West Indies,SPD Smith,NM Coulter-Nile,AR Nurse,1,0,,,,,,,,,
1144492,2019,2019-06-06,Trent Bridge,1,39.3,Australia,West Indies,NM Coulter-Nile,SPD Smith,AR Nurse,1,0,,,,,,,,,
1144492,2019,2019-06-06,Trent Bridge,1,39.4,Australia,West Indies,SPD Smith,NM Coulter-Nile,AR Nurse,0,0,,,,,,,,,
1144492,2019,2019-06-06,Trent Bridge,1,39.5,Australia,West Indies,SPD Smith,NM Coulter-Nile,AR Nurse,0,0,,,,,,,,,
1144492,2019,2019-06-06,Trent Bridge,1,39.6,Australia,West Indies,SPD Smith,NM Coulter-Nile,AR Nurse,1,0,,,,,,,,,
1144492,2019,2019-06-06,Trent Bridge,1,40.1,Australia,West Indies,SPD Smith,NM Coulter-Nile,CR Brathwaite,1,0,,,,,,,,,
1144492,2019,2019-06-06,Trent Bridge,1,40.2,Australia,West Indies,NM Coulter-Nile,SPD Smith,CR Brathwaite,4,0,,,,,,,,,
1144492,2019,2019-06-06,Trent Bridge,1,40.3,Australia,West Indies,NM Coulter-Nile,SPD Smith,CR Brathwaite,1,0,,,,,,,,,
1144492,2019,2019-06-06,Trent Bridge,1,40.4,Australia,West Indies,SPD Smith,NM Coulter-Nile,CR Brathwaite,0,0,,,,,,,,,
1144492,2019,2019-06-06,Trent Bridge,1,40.5,Australia,West Indies,SPD Smith,NM Coulter-Nile,CR Brathwaite,1,0,,,,,,,,,
1144492,2019,2019-06-06,Trent Bridge,1,40.6,Australia,West Indies,NM Coulter-Nile,SPD Smith,CR Brathwaite,1,0,,,,,,,,,
1144492,2019,2019-06-06,Trent Bridge,1,41.1,Australia,West Indies,NM Coulter-Nile,SPD Smith,AR Nurse,1,0,,,,,,,,,
1144492,2019,2019-06-06,Trent Bridge,1,41.2,Australia,West Indies,SPD Smith,NM Coulter-Nile,AR Nurse,1,0,,,,,,,,,
1144492,2019,2019-06-06,Trent Bridge,1,41.3,Australia,West Indies,NM Coulter-Nile,SPD Smith,AR Nurse,1,0,,,,,,,,,
1144492,2019,2019-06-06,Trent Bridge,1,41.4,Australia,West Indies,SPD Smith,NM Coulter-Nile,AR Nurse,0,0,,,,,,,,,
1144492,2019,2019-06-06,Trent Bridge,1,41.5,Australia,West Indies,SPD Smith,NM Coulter-Nile,AR Nurse,0,0,,,,,,,,,
1144492,2019,2019-06-06,Trent Bridge,1,41.6,Australia,West Indies,SPD Smith,NM Coulter-Nile,AR Nurse,1,0,,,,,,,,,
1144492,2019,2019-06-06,Trent Bridge,1,42.1,Australia,West Indies,SPD Smith,NM Coulter-Nile,CR Brathwaite,0,0,,,,,,,,,
1144492,2019,2019-06-06,Trent Bridge,1,42.2,Australia,West Indies,SPD Smith,NM Coulter-Nile,CR Brathwaite,0,1,1,,,,,,,,
1144492,2019,2019-06-06,Trent Bridge,1,42.3,Australia,West Indies,SPD Smith,NM Coulter-Nile,CR Brathwaite,4,0,,,,,,,,,
1144492,2019,2019-06-06,Trent Bridge,1,42.4,Australia,West Indies,SPD Smith,NM Coulter-Nile,CR Brathwaite,1,0,,,,,,,,,
1144492,2019,2019-06-06,Trent Bridge,1,42.5,Australia,West Indies,NM Coulter-Nile,SPD Smith,CR Brathwaite,2,0,,,,,,,,,
1144492,2019,2019-06-06,Trent Bridge,1,42.6,Australia,West Indies,NM Coulter-Nile,SPD Smith,CR Brathwaite,6,0,,,,,,,,,
1144492,2019,2019-06-06,Trent Bridge,1,42.7,Australia,West Indies,NM Coulter-Nile,SPD Smith,CR Brathwaite,1,0,,,,,,,,,
1144492,2019,2019-06-06,Trent Bridge,1,43.1,Australia,West Indies,NM Coulter-Nile,SPD Smith,AR Nurse,4,0,,,,,,,,,
1144492,2019,2019-06-06,Trent Bridge,1,43.2,Australia,West Indies,NM Coulter-Nile,SPD Smith,AR Nurse,0,1,1,,,,,,,,
1144492,2019,2019-06-06,Trent Bridge,1,43.3,Australia,West Indies,NM Coulter-Nile,SPD Smith,AR Nurse,1,0,,,,,,,,,
1144492,2019,2019-06-06,Trent Bridge,1,43.4,Australia,West Indies,SPD Smith,NM Coulter-Nile,AR Nurse,1,0,,,,,,,,,
1144492,2019,2019-06-06,Trent Bridge,1,43.5,Australia,West Indies,NM Coulter-Nile,SPD Smith,AR Nurse,2,0,,,,,,,,,
1144492,2019,2019-06-06,Trent Bridge,1,43.6,Australia,West Indies,NM Coulter-Nile,SPD Smith,AR Nurse,1,0,,,,,,,,,
1144492,2019,2019-06-06,Trent Bridge,1,43.7,Australia,West Indies,SPD Smith,NM Coulter-Nile,AR Nurse,0,1,1,,,,,,,,
1144492,2019,2019-06-06,Trent Bridge,1,43.8,Australia,West Indies,SPD Smith,NM Coulter-Nile,AR Nurse,1,0,,,,,,,,,
1144492,2019,2019-06-06,Trent Bridge,1,44.1,Australia,West Indies,SPD Smith,NM Coulter-Nile,O Thomas,4,0,,,,,,,,,
1144492,2019,2019-06-06,Trent Bridge,1,44.2,Australia,West Indies,SPD Smith,NM Coulter-Nile,O Thomas,0,0,,,,,,caught,SPD Smith,,
1144492,2019,2019-06-06,Trent Bridge,1,44.3,Australia,West Indies,NM Coulter-Nile,PJ Cummins,O Thomas,0,1,1,,,,,,,,
1144492,2019,2019-06-06,Trent Bridge,1,44.4,Australia,West Indies,NM Coulter-Nile,PJ Cummins,O Thomas,0,1,1,,,,,,,,
1144492,2019,2019-06-06,Trent Bridge,1,44.5,Australia,West Indies,NM Coulter-Nile,PJ Cummins,O Thomas,1,0,,,,,,,,,
1144492,2019,2019-06-06,Trent Bridge,1,44.6,Australia,West Indies,PJ Cummins,NM Coulter-Nile,O Thomas,0,0,,,,,,,,,
1144492,2019,2019-06-06,Trent Bridge,1,44.7,Australia,West Indies,PJ Cummins,NM Coulter-Nile,O Thomas,0,0,,,,,,,,,
1144492,2019,2019-06-06,Trent Bridge,1,44.8,Australia,West Indies,PJ Cummins,NM Coulter-Nile,O Thomas,0,0,,,,,,,,,
1144492,2019,2019-06-06,Trent Bridge,1,45.1,Australia,West Indies,NM Coulter-Nile,PJ Cummins,SS Cottrell,1,0,,,,,,,,,
1144492,2019,2019-06-06,Trent Bridge,1,45.2,Australia,West Indies,PJ Cummins,NM Coulter-Nile,SS Cottrell,1,0,,,,,,,,,
1144492,2019,2019-06-06,Trent Bridge,1,45.3,Australia,West Indies,NM Coulter-Nile,PJ Cummins,SS Cottrell,6,0,,,,,,,,,
1144492,2019,2019-06-06,Trent Bridge,1,45.4,Australia,West Indies,NM Coulter-Nile,PJ Cummins,SS Cottrell,6,0,,,,,,,,,
1144492,2019,2019-06-06,Trent Bridge,1,45.5,Australia,West Indies,NM Coulter-Nile,PJ Cummins,SS Cottrell,1,0,,,,,,,,,
1144492,2019,2019-06-06,Trent Bridge,1,45.6,Australia,West Indies,PJ Cummins,NM Coulter-Nile,SS Cottrell,1,0,,,,,,,,,
1144492,2019,2019-06-06,Trent Bridge,1,46.1,Australia,West Indies,PJ Cummins,NM Coulter-Nile,CR Brathwaite,0,0,,,,,,caught,PJ Cummins,,
1144492,2019,2019-06-06,Trent Bridge,1,46.2,Australia,West Indies,NM Coulter-Nile,MA Starc,CR Brathwaite,4,0,,,,,,,,,
1144492,2019,2019-06-06,Trent Bridge,1,46.3,Australia,West Indies,NM Coulter-Nile,MA Starc,CR Brathwaite,4,0,,,,,,,,,
1144492,2019,2019-06-06,Trent Bridge,1,46.4,Australia,West Indies,NM Coulter-Nile,MA Starc,CR Brathwaite,1,0,,,,,,,,,
1144492,2019,2019-06-06,Trent Bridge,1,46.5,Australia,West Indies,MA Starc,NM Coulter-Nile,CR Brathwaite,0,0,,,,,,,,,
1144492,2019,2019-06-06,Trent Bridge,1,46.6,Australia,West Indies,MA Starc,NM Coulter-Nile,CR Brathwaite,0,0,,,,,,,,,
1144492,2019,2019-06-06,Trent Bridge,1,47.1,Australia,West Indies,NM Coulter-Nile,MA Starc,O Thomas,0,0,,,,,,,,,
1144492,2019,2019-06-06,Trent Bridge,1,47.2,Australia,West Indies,NM Coulter-Nile,MA Starc,O Thomas,0,0,,,,,,,,,
1144492,2019,2019-06-06,Trent Bridge,1,47.3,Australia,West Indies,NM Coulter-Nile,MA Starc,O Thomas,1,0,,,,,,,,,
1144492,2019,2019-06-06,Trent Bridge,1,47.4,Australia,West Indies,MA Starc,NM Coulter-Nile,O Thomas,0,0,,,,,,,,,
1144492,2019,2019-06-06,Trent Bridge,1,47.5,Australia,West Indies,MA Starc,NM Coulter-Nile,O Thomas,2,0,,,,,,,,,
1144492,2019,2019-06-06,Trent Bridge,1,47.6,Australia,West Indies,MA Starc,NM Coulter-Nile,O Thomas,2,0,,,,,,,,,
1144492,2019,2019-06-06,Trent Bridge,1,48.1,Australia,West Indies,NM Coulter-Nile,MA Starc,CR Brathwaite,2,0,,,,,,,,,
1144492,2019,2019-06-06,Trent Bridge,1,48.2,Australia,West Indies,NM Coulter-Nile,MA Starc,CR Brathwaite,0,0,,,,,,caught,NM Coulter-Nile,,
1144492,2019,2019-06-06,Trent Bridge,1,48.3,Australia,West Indies,MA Starc,A Zampa,CR Brathwaite,0,0,,,,,,,,,
1144492,2019,2019-06-06,Trent Bridge,1,48.4,Australia,West Indies,MA Starc,A Zampa,CR Brathwaite,4,0,,,,,,,,,
1144492,2019,2019-06-06,Trent Bridge,1,48.5,Australia,West Indies,MA Starc,A Zampa,CR Brathwaite,0,0,,,,,,,,,
1144492,2019,2019-06-06,Trent Bridge,1,48.6,Australia,West Indies,MA Starc,A Zampa,CR Brathwaite,0,0,,,,,,caught,MA Starc,,
1144492,2019,2019-06-06,Trent Bridge,2,0.1,West Indies,Australia,CH Gayle,E Lewis,MA Starc,0,5,5,,,,,,,,
1144492,2019,2019-06-06,Trent Bridge,2,0.2,West Indies,Australia,CH Gayle,E Lewis,MA Starc,1,0,,,,,,,,,
1144492,2019,2019-06-06,Trent Bridge,2,0.3,West Indies,Australia,E Lewis,CH Gayle,MA Starc,1,0,,,,,,,,,
1144492,2019,2019-06-06,Trent Bridge,2,0.4,West Indies,Australia,CH Gayle,E Lewis,MA Starc,0,0,,,,,,,,,
1144492,2019,2019-06-06,Trent Bridge,2,0.5,West Indies,Australia,CH Gayle,E Lewis,MA Starc,0,0,,,,,,,,,
1144492,2019,2019-06-06,Trent Bridge,2,0.6,West Indies,Australia,CH Gayle,E Lewis,MA Starc,0,0,,,,,,,,,
1144492,2019,2019-06-06,Trent Bridge,2,0.7,West Indies,Australia,CH Gayle,E Lewis,MA Starc,0,0,,,,,,,,,
1144492,2019,2019-06-06,Trent Bridge,2,1.1,West Indies,Australia,E Lewis,CH Gayle,PJ Cummins,0,0,,,,,,,,,
1144492,2019,2019-06-06,Trent Bridge,2,1.2,West Indies,Australia,E Lewis,CH Gayle,PJ Cummins,0,0,,,,,,,,,
1144492,2019,2019-06-06,Trent Bridge,2,1.3,West Indies,Australia,E Lewis,CH Gayle,PJ Cummins,0,0,,,,,,,,,
1144492,2019,2019-06-06,Trent Bridge,2,1.4,West Indies,Australia,E Lewis,CH Gayle,PJ Cummins,0,0,,,,,,caught,E Lewis,,
1144492,2019,2019-06-06,Trent Bridge,2,1.5,West Indies,Australia,SD Hope,CH Gayle,PJ Cummins,0,0,,,,,,,,,
1144492,2019,2019-06-06,Trent Bridge,2,1.6,West Indies,Australia,SD Hope,CH Gayle,PJ Cummins,0,0,,,,,,,,,
1144492,2019,2019-06-06,Trent Bridge,2,2.1,West Indies,Australia,CH Gayle,SD Hope,MA Starc,0,0,,,,,,,,,
1144492,2019,2019-06-06,Trent Bridge,2,2.2,West Indies,Australia,CH Gayle,SD Hope,MA Starc,0,0,,,,,,,,,
1144492,2019,2019-06-06,Trent Bridge,2,2.3,West Indies,Australia,CH Gayle,SD Hope,MA Starc,0,0,,,,,,,,,
1144492,2019,2019-06-06,Trent Bridge,2,2.4,West Indies,Australia,CH Gayle,SD Hope,MA Starc,4,0,,,,,,,,,
1144492,2019,2019-06-06,Trent Bridge,2,2.5,West Indies,Australia,CH Gayle,SD Hope,MA Starc,0,0,,,,,,,,,
1144492,2019,2019-06-06,Trent Bridge,2,2.6,West Indies,Australia,CH Gayle,SD Hope,MA Starc,0,1,1,,,,,,,,
1144492,2019,2019-06-06,Trent Bridge,2,2.7,West Indies,Australia,CH Gayle,SD Hope,MA Starc,0,0,,,,,,,,,
1144492,2019,2019-06-06,Trent Bridge,2,3.1,West Indies,Australia,SD Hope,CH Gayle,PJ Cummins,0,0,,,,,,,,,
1144492,2019,2019-06-06,Trent Bridge,2,3.2,West Indies,Australia,SD Hope,CH Gayle,PJ Cummins,1,0,,,,,,,,,
1144492,2019,2019-06-06,Trent Bridge,2,3.3,West Indies,Australia,CH Gayle,SD Hope,PJ Cummins,4,0,,,,,,,,,
1144492,2019,2019-06-06,Trent Bridge,2,3.4,West Indies,Australia,CH Gayle,SD Hope,PJ Cummins,4,0,,,,,,,,,
1144492,2019,2019-06-06,Trent Bridge,2,3.5,West Indies,Australia,CH Gayle,SD Hope,PJ Cummins,2,0,,,,,,,,,
1144492,2019,2019-06-06,Trent Bridge,2,3.6,West Indies,Australia,CH Gayle,SD Hope,PJ Cummins,4,0,,,,,,,,,
1144492,2019,2019-06-06,Trent Bridge,2,4.1,West Indies,Australia,SD Hope,CH Gayle,MA Starc,0,0,,,,,,,,,
1144492,2019,2019-06-06,Trent Bridge,2,4.2,West Indies,Australia,SD Hope,CH Gayle,MA Starc,0,0,,,,,,,,,
1144492,2019,2019-06-06,Trent Bridge,2,4.3,West Indies,Australia,SD Hope,CH Gayle,MA Starc,0,1,1,,,,,,,,
1144492,2019,2019-06-06,Trent Bridge,2,4.4,West Indies,Australia,SD Hope,CH Gayle,MA Starc,1,0,,,,,,,,,
1144492,2019,2019-06-06,Trent Bridge,2,4.5,West Indies,Australia,CH Gayle,SD Hope,MA Starc,2,0,,,,,,,,,
1144492,2019,2019-06-06,Trent Bridge,2,4.6,West Indies,Australia,CH Gayle,SD Hope,MA Starc,0,0,,,,,,lbw,CH Gayle,,
1144492,2019,2019-06-06,Trent Bridge,2,4.7,West Indies,Australia,N Pooran,SD Hope,MA Starc,0,0,,,,,,,,,
1144492,2019,2019-06-06,Trent Bridge,2,5.1,West Indies,Australia,SD Hope,N Pooran,PJ Cummins,0,0,,,,,,,,,
1144492,2019,2019-06-06,Trent Bridge,2,5.2,West Indies,Australia,SD Hope,N Pooran,PJ Cummins,0,0,,,,,,,,,
1144492,2019,2019-06-06,Trent Bridge,2,5.3,West Indies,Australia,SD Hope,N Pooran,PJ Cummins,0,0,,,,,,,,,
1144492,2019,2019-06-06,Trent Bridge,2,5.4,West Indies,Australia,SD Hope,N Pooran,PJ Cummins,0,0,,,,,,,,,
1144492,2019,2019-06-06,Trent Bridge,2,5.5,West Indies,Australia,SD Hope,N Pooran,PJ Cummins,0,0,,,,,,,,,
1144492,2019,2019-06-06,Trent Bridge,2,5.6,West Indies,Australia,SD Hope,N Pooran,PJ Cummins,0,0,,,,,,,,,
1144492,2019,2019-06-06,Trent Bridge,2,6.1,West Indies,Australia,N Pooran,SD Hope,MA Starc,4,0,,,,,,,,,
1144492,2019,2019-06-06,Trent Bridge,2,6.2,West Indies,Australia,N Pooran,SD Hope,MA Starc,2,0,,,,,,,,,
1144492,2019,2019-06-06,Trent Bridge,2,6.3,West Indies,Australia,N Pooran,SD Hope,MA Starc,4,0,,,,,,,,,
1144492,2019,2019-06-06,Trent Bridge,2,6.4,West Indies,Australia,N Pooran,SD Hope,MA Starc,0,0,,,,,,,,,
1144492,2019,2019-06-06,Trent Bridge,2,6.5,West Indies,Australia,N Pooran,SD Hope,MA Starc,0,0,,,,,,,,,
1144492,2019,2019-06-06,Trent Bridge,2,6.6,West Indies,Australia,N Pooran,SD Hope,MA Starc,0,0,,,,,,,,,
1144492,2019,2019-06-06,Trent Bridge,2,7.1,West Indies,Australia,SD Hope,N Pooran,NM Coulter-Nile,0,0,,,,,,,,,
1144492,2019,2019-06-06,Trent Bridge,2,7.2,West Indies,Australia,SD Hope,N Pooran,NM Coulter-Nile,0,0,,,,,,,,,
1144492,2019,2019-06-06,Trent Bridge,2,7.3,West Indies,Australia,SD Hope,N Pooran,NM Coulter-Nile,1,0,,,,,,,,,
1144492,2019,2019-06-06,Trent Bridge,2,7.4,West Indies,Australia,N Pooran,SD Hope,NM Coulter-Nile,0,0,,,,,,,,,
1144492,2019,2019-06-06,Trent Bridge,2,7.5,West Indies,Australia,N Pooran,SD Hope,NM Coulter-Nile,4,0,,,,,,,,,
1144492,2019,2019-06-06,Trent Bridge,2,7.6,West Indies,Australia,N Pooran,SD Hope,NM Coulter-Nile,4,0,,,,,,,,,
1144492,2019,2019-06-06,Trent Bridge,2,8.1,West Indies,Australia,SD Hope,N Pooran,PJ Cummins,0,0,,,,,,,,,
1144492,2019,2019-06-06,Trent Bridge,2,8.2,West Indies,Australia,SD Hope,N Pooran,PJ Cummins,0,0,,,,,,,,,
1144492,2019,2019-06-06,Trent Bridge,2,8.3,West Indies,Australia,SD Hope,N Pooran,PJ Cummins,0,0,,,,,,,,,
1144492,2019,2019-06-06,Trent Bridge,2,8.4,West Indies,Australia,SD Hope,N Pooran,PJ Cummins,0,0,,,,,,,,,
1144492,2019,2019-06-06,Trent Bridge,2,8.5,West Indies,Australia,SD Hope,N Pooran,PJ Cummins,0,0,,,,,,,,,
1144492,2019,2019-06-06,Trent Bridge,2,8.6,West Indies,Australia,SD Hope,N Pooran,PJ Cummins,0,0,,,,,,,,,
1144492,2019,2019-06-06,Trent Bridge,2,9.1,West Indies,Australia,N Pooran,SD Hope,NM Coulter-Nile,0,0,,,,,,,,,
1144492,2019,2019-06-06,Trent Bridge,2,9.2,West Indies,Australia,N Pooran,SD Hope,NM Coulter-Nile,0,0,,,,,,,,,
1144492,2019,2019-06-06,Trent Bridge,2,9.3,West Indies,Australia,N Pooran,SD Hope,NM Coulter-Nile,0,0,,,,,,,,,
1144492,2019,2019-06-06,Trent Bridge,2,9.4,West Indies,Australia,N Pooran,SD Hope,NM Coulter-Nile,1,0,,,,,,,,,
1144492,2019,2019-06-06,Trent Bridge,2,9.5,West Indies,Australia,SD Hope,N Pooran,NM Coulter-Nile,2,0,,,,,,,,,
1144492,2019,2019-06-06,Trent Bridge,2,9.6,West Indies,Australia,SD Hope,N Pooran,NM Coulter-Nile,1,0,,,,,,,,,
1144492,2019,2019-06-06,Trent Bridge,2,10.1,West Indies,Australia,SD Hope,N Pooran,PJ Cummins,0,0,,,,,,,,,
1144492,2019,2019-06-06,Trent Bridge,2,10.2,West Indies,Australia,SD Hope,N Pooran,PJ Cummins,0,0,,,,,,,,,
1144492,2019,2019-06-06,Trent Bridge,2,10.3,West Indies,Australia,SD Hope,N Pooran,PJ Cummins,0,1,1,,,,,,,,
1144492,2019,2019-06-06,Trent Bridge,2,10.4,West Indies,Australia,SD Hope,N Pooran,PJ Cummins,0,1,1,,,,,,,,
1144492,2019,2019-06-06,Trent Bridge,2,10.5,West Indies,Australia,SD Hope,N Pooran,PJ Cummins,0,0,,,,,,,,,
1144492,2019,2019-06-06,Trent Bridge,2,10.6,West Indies,Australia,SD Hope,N Pooran,PJ Cummins,0,0,,,,,,,,,
1144492,2019,2019-06-06,Trent Bridge,2,10.7,West Indies,Australia,SD Hope,N Pooran,PJ Cummins,0,1,1,,,,,,,,
1144492,2019,2019-06-06,Trent Bridge,2,10.8,West Indies,Australia,SD Hope,N Pooran,PJ Cummins,0,0,,,,,,,,,
1144492,2019,2019-06-06,Trent Bridge,2,10.9,West Indies,Australia,SD Hope,N Pooran,PJ Cummins,1,0,,,,,,,,,
1144492,2019,2019-06-06,Trent Bridge,2,11.1,West Indies,Australia,SD Hope,N Pooran,GJ Maxwell,1,0,,,,,,,,,
1144492,2019,2019-06-06,Trent Bridge,2,11.2,West Indies,Australia,N Pooran,SD Hope,GJ Maxwell,4,0,,,,,,,,,
1144492,2019,2019-06-06,Trent Bridge,2,11.3,West Indies,Australia,N Pooran,SD Hope,GJ Maxwell,3,0,,,,,,,,,
1144492,2019,2019-06-06,Trent Bridge,2,11.4,West Indies,Australia,SD Hope,N Pooran,GJ Maxwell,1,0,,,,,,,,,
1144492,2019,2019-06-06,Trent Bridge,2,11.5,West Indies,Australia,N Pooran,SD Hope,GJ Maxwell,1,0,,,,,,,,,
1144492,2019,2019-06-06,Trent Bridge,2,11.6,West Indies,Australia,SD Hope,N Pooran,GJ Maxwell,0,0,,,,,,,,,
1144492,2019,2019-06-06,Trent Bridge,2,12.1,West Indies,Australia,N Pooran,SD Hope,NM Coulter-Nile,1,0,,,,,,,,,
1144492,2019,2019-06-06,Trent Bridge,2,12.2,West Indies,Australia,SD Hope,N Pooran,NM Coulter-Nile,1,0,,,,,,,,,
1144492,2019,2019-06-06,Trent Bridge,2,12.3,West Indies,Australia,N Pooran,SD Hope,NM Coulter-Nile,1,0,,,,,,,,,
1144492,2019,2019-06-06,Trent Bridge,2,12.4,West Indies,Australia,SD Hope,N Pooran,NM Coulter-Nile,0,0,,,,,,,,,
1144492,2019,2019-06-06,Trent Bridge,2,12.5,West Indies,Australia,SD Hope,N Pooran,NM Coulter-Nile,0,0,,,,,,,,,
1144492,2019,2019-06-06,Trent Bridge,2,12.6,West Indies,Australia,SD Hope,N Pooran,NM Coulter-Nile,1,0,,,,,,,,,
1144492,2019,2019-06-06,Trent Bridge,2,13.1,West Indies,Australia,SD Hope,N Pooran,GJ Maxwell,0,0,,,,,,,,,
1144492,2019,2019-06-06,Trent Bridge,2,13.2,West Indies,Australia,SD Hope,N Pooran,GJ Maxwell,0,0,,,,,,,,,
1144492,2019,2019-06-06,Trent Bridge,2,13.3,West Indies,Australia,SD Hope,N Pooran,GJ Maxwell,1,0,,,,,,,,,
1144492,2019,2019-06-06,Trent Bridge,2,13.4,West Indies,Australia,N Pooran,SD Hope,GJ Maxwell,0,0,,,,,,,,,
1144492,2019,2019-06-06,Trent Bridge,2,13.5,West Indies,Australia,N Pooran,SD Hope,GJ Maxwell,1,0,,,,,,,,,
1144492,2019,2019-06-06,Trent Bridge,2,13.6,West Indies,Australia,SD Hope,N Pooran,GJ Maxwell,1,0,,,,,,,,,
1144492,2019,2019-06-06,Trent Bridge,2,14.1,West Indies,Australia,SD Hope,N Pooran,NM Coulter-Nile,1,0,,,,,,,,,
1144492,2019,2019-06-06,Trent Bridge,2,14.2,West Indies,Australia,N Pooran,SD Hope,NM Coulter-Nile,0,0,,,,,,,,,
1144492,2019,2019-06-06,Trent Bridge,2,14.3,West Indies,Australia,N Pooran,SD Hope,NM Coulter-Nile,0,0,,,,,,,,,
1144492,2019,2019-06-06,Trent Bridge,2,14.4,West Indies,Australia,N Pooran,SD Hope,NM Coulter-Nile,0,0,,,,,,,,,
1144492,2019,2019-06-06,Trent Bridge,2,14.5,West Indies,Australia,N Pooran,SD Hope,NM Coulter-Nile,1,0,,,,,,,,,
1144492,2019,2019-06-06,Trent Bridge,2,14.6,West Indies,Australia,SD Hope,N Pooran,NM Coulter-Nile,1,0,,,,,,,,,
1144492,2019,2019-06-06,Trent Bridge,2,15.1,West Indies,Australia,SD Hope,N Pooran,A Zampa,0,1,,,,1,,,,,
1144492,2019,2019-06-06,Trent Bridge,2,15.2,West Indies,Australia,N Pooran,SD Hope,A Zampa,0,0,,,,,,,,,
1144492,2019,2019-06-06,Trent Bridge,2,15.3,West Indies,Australia,N Pooran,SD Hope,A Zampa,0,0,,,,,,,,,
1144492,2019,2019-06-06,Trent Bridge,2,15.4,West Indies,Australia,N Pooran,SD Hope,A Zampa,1,0,,,,,,,,,
1144492,2019,2019-06-06,Trent Bridge,2,15.5,West Indies,Australia,SD Hope,N Pooran,A Zampa,0,0,,,,,,,,,
1144492,2019,2019-06-06,Trent Bridge,2,15.6,West Indies,Australia,SD Hope,N Pooran,A Zampa,0,0,,,,,,,,,
1144492,2019,2019-06-06,Trent Bridge,2,16.1,West Indies,Australia,N Pooran,SD Hope,MP Stoinis,0,0,,,,,,,,,
1144492,2019,2019-06-06,Trent Bridge,2,16.2,West Indies,Australia,N Pooran,SD Hope,MP Stoinis,6,0,,,,,,,,,
1144492,2019,2019-06-06,Trent Bridge,2,16.3,West Indies,Australia,N Pooran,SD Hope,MP Stoinis,0,0,,,,,,,,,
1144492,2019,2019-06-06,Trent Bridge,2,16.4,West Indies,Australia,N Pooran,SD Hope,MP Stoinis,1,0,,,,,,,,,
1144492,2019,2019-06-06,Trent Bridge,2,16.5,West Indies,Australia,SD Hope,N Pooran,MP Stoinis,1,0,,,,,,,,,
1144492,2019,2019-06-06,Trent Bridge,2,16.6,West Indies,Australia,N Pooran,SD Hope,MP Stoinis,0,0,,,,,,,,,
1144492,2019,2019-06-06,Trent Bridge,2,17.1,West Indies,Australia,SD Hope,N Pooran,A Zampa,0,0,,,,,,,,,
1144492,2019,2019-06-06,Trent Bridge,2,17.2,West Indies,Australia,SD Hope,N Pooran,A Zampa,0,0,,,,,,,,,
1144492,2019,2019-06-06,Trent Bridge,2,17.3,West Indies,Australia,SD Hope,N Pooran,A Zampa,0,0,,,,,,,,,
1144492,2019,2019-06-06,Trent Bridge,2,17.4,West Indies,Australia,SD Hope,N Pooran,A Zampa,0,0,,,,,,,,,
1144492,2019,2019-06-06,Trent Bridge,2,17.5,West Indies,Australia,SD Hope,N Pooran,A Zampa,4,0,,,,,,,,,
1144492,2019,2019-06-06,Trent Bridge,2,17.6,West Indies,Australia,SD Hope,N Pooran,A Zampa,1,0,,,,,,,,,
1144492,2019,2019-06-06,Trent Bridge,2,18.1,West Indies,Australia,SD Hope,N Pooran,MP Stoinis,0,0,,,,,,,,,
1144492,2019,2019-06-06,Trent Bridge,2,18.2,West Indies,Australia,SD Hope,N Pooran,MP Stoinis,0,0,,,,,,,,,
1144492,2019,2019-06-06,Trent Bridge,2,18.3,West Indies,Australia,SD Hope,N Pooran,MP Stoinis,1,0,,,,,,,,,
1144492,2019,2019-06-06,Trent Bridge,2,18.4,West Indies,Australia,N Pooran,SD Hope,MP Stoinis,0,0,,,,,,,,,
1144492,2019,2019-06-06,Trent Bridge,2,18.5,West Indies,Australia,N Pooran,SD Hope,MP Stoinis,1,0,,,,,,,,,
1144492,2019,2019-06-06,Trent Bridge,2,18.6,West Indies,Australia,SD Hope,N Pooran,MP Stoinis,4,0,,,,,,,,,
1144492,2019,2019-06-06,Trent Bridge,2,19.1,West Indies,Australia,N Pooran,SD Hope,A Zampa,0,0,,,,,,caught,N Pooran,,
1144492,2019,2019-06-06,Trent Bridge,2,19.2,West Indies,Australia,SO Hetmyer,SD Hope,A Zampa,1,0,,,,,,,,,
1144492,2019,2019-06-06,Trent Bridge,2,19.3,West Indies,Australia,SD Hope,SO Hetmyer,A Zampa,0,0,,,,,,,,,
1144492,2019,2019-06-06,Trent Bridge,2,19.4,West Indies,Australia,SD Hope,SO Hetmyer,A Zampa,1,0,,,,,,,,,
1144492,2019,2019-06-06,Trent Bridge,2,19.5,West Indies,Australia,SO Hetmyer,SD Hope,A Zampa,0,0,,,,,,,,,
1144492,2019,2019-06-06,Trent Bridge,2,19.6,West Indies,Australia,SO Hetmyer,SD Hope,A Zampa,1,0,,,,,,,,,
1144492,2019,2019-06-06,Trent Bridge,2,20.1,West Indies,Australia,SO Hetmyer,SD Hope,MA Starc,0,0,,,,,,,,,
1144492,2019,2019-06-06,Trent Bridge,2,20.2,West Indies,Australia,SO Hetmyer,SD Hope,MA Starc,0,4,,,,4,,,,,
1144492,2019,2019-06-06,Trent Bridge,2,20.3,West Indies,Australia,SO Hetmyer,SD Hope,MA Starc,0,0,,,,,,,,,
1144492,2019,2019-06-06,Trent Bridge,2,20.4,West Indies,Australia,SO Hetmyer,SD Hope,MA Starc,1,0,,,,,,,,,
1144492,2019,2019-06-06,Trent Bridge,2,20.5,West Indies,Australia,SD Hope,SO Hetmyer,MA Starc,0,1,1,,,,,,,,
1144492,2019,2019-06-06,Trent Bridge,2,20.6,West Indies,Australia,SD Hope,SO Hetmyer,MA Starc,0,0,,,,,,,,,
1144492,2019,2019-06-06,Trent Bridge,2,20.7,West Indies,Australia,SD Hope,SO Hetmyer,MA Starc,0,0,,,,,,,,,
1144492,2019,2019-06-06,Trent Bridge,2,21.1,West Indies,Australia,SO Hetmyer,SD Hope,A Zampa,0,0,,,,,,,,,
1144492,2019,2019-06-06,Trent Bridge,2,21.2,West Indies,Australia,SO Hetmyer,SD Hope,A Zampa,0,0,,,,,,,,,
1144492,2019,2019-06-06,Trent Bridge,2,21.3,West Indies,Australia,SO Hetmyer,SD Hope,A Zampa,0,0,,,,,,,,,
1144492,2019,2019-06-06,Trent Bridge,2,21.4,West Indies,Australia,SO Hetmyer,SD Hope,A Zampa,2,0,,,,,,,,,
1144492,2019,2019-06-06,Trent Bridge,2,21.5,West Indies,Australia,SO Hetmyer,SD Hope,A Zampa,0,0,,,,,,,,,
1144492,2019,2019-06-06,Trent Bridge,2,21.6,West Indies,Australia,SO Hetmyer,SD Hope,A Zampa,1,0,,,,,,,,,
1144492,2019,2019-06-06,Trent Bridge,2,22.1,West Indies,Australia,SO Hetmyer,SD Hope,MA Starc,0,0,,,,,,,,,
1144492,2019,2019-06-06,Trent Bridge,2,22.2,West Indies,Australia,SO Hetmyer,SD Hope,MA Starc,0,0,,,,,,,,,
1144492,2019,2019-06-06,Trent Bridge,2,22.3,West Indies,Australia,SO Hetmyer,SD Hope,MA Starc,4,0,,,,,,,,,
1144492,2019,2019-06-06,Trent Bridge,2,22.4,West Indies,Australia,SO Hetmyer,SD Hope,MA Starc,0,0,,,,,,,,,
1144492,2019,2019-06-06,Trent Bridge,2,22.5,West Indies,Australia,SO Hetmyer,SD Hope,MA Starc,0,0,,,,,,,,,
1144492,2019,2019-06-06,Trent Bridge,2,22.6,West Indies,Australia,SO Hetmyer,SD Hope,MA Starc,1,0,,,,,,,,,
1144492,2019,2019-06-06,Trent Bridge,2,23.1,West Indies,Australia,SO Hetmyer,SD Hope,A Zampa,1,0,,,,,,,,,
1144492,2019,2019-06-06,Trent Bridge,2,23.2,West Indies,Australia,SD Hope,SO Hetmyer,A Zampa,4,0,,,,,,,,,
1144492,2019,2019-06-06,Trent Bridge,2,23.3,West Indies,Australia,SD Hope,SO Hetmyer,A Zampa,0,0,,,,,,,,,
1144492,2019,2019-06-06,Trent Bridge,2,23.4,West Indies,Australia,SD Hope,SO Hetmyer,A Zampa,0,0,,,,,,,,,
1144492,2019,2019-06-06,Trent Bridge,2,23.5,West Indies,Australia,SD Hope,SO Hetmyer,A Zampa,4,0,,,,,,,,,
1144492,2019,2019-06-06,Trent Bridge,2,23.6,West Indies,Australia,SD Hope,SO Hetmyer,A Zampa,1,0,,,,,,,,,
1144492,2019,2019-06-06,Trent Bridge,2,24.1,West Indies,Australia,SD Hope,SO Hetmyer,NM Coulter-Nile,1,0,,,,,,,,,
1144492,2019,2019-06-06,Trent Bridge,2,24.2,West Indies,Australia,SO Hetmyer,SD Hope,NM Coulter-Nile,1,0,,,,,,,,,
1144492,2019,2019-06-06,Trent Bridge,2,24.3,West Indies,Australia,SD Hope,SO Hetmyer,NM Coulter-Nile,1,0,,,,,,,,,
1144492,2019,2019-06-06,Trent Bridge,2,24.4,West Indies,Australia,SO Hetmyer,SD Hope,NM Coulter-Nile,0,0,,,,,,,,,
1144492,2019,2019-06-06,Trent Bridge,2,24.5,West Indies,Australia,SO Hetmyer,SD Hope,NM Coulter-Nile,4,0,,,,,,,,,
1144492,2019,2019-06-06,Trent Bridge,2,24.6,West Indies,Australia,SO Hetmyer,SD Hope,NM Coulter-Nile,0,0,,,,,,,,,
1144492,2019,2019-06-06,Trent Bridge,2,25.1,West Indies,Australia,SD Hope,SO Hetmyer,A Zampa,0,0,,,,,,,,,
1144492,2019,2019-06-06,Trent Bridge,2,25.2,West Indies,Australia,SD Hope,SO Hetmyer,A Zampa,1,0,,,,,,,,,
1144492,2019,2019-06-06,Trent Bridge,2,25.3,West Indies,Australia,SO Hetmyer,SD Hope,A Zampa,0,0,,,,,,,,,
1144492,2019,2019-06-06,Trent Bridge,2,25.4,West Indies,Australia,SO Hetmyer,SD Hope,A Zampa,0,0,,,,,,,,,
1144492,2019,2019-06-06,Trent Bridge,2,25.5,West Indies,Australia,SO Hetmyer,SD Hope,A Zampa,0,0,,,,,,,,,
1144492,2019,2019-06-06,Trent Bridge,2,25.6,West Indies,Australia,SO Hetmyer,SD Hope,A Zampa,4,0,,,,,,,,,
1144492,2019,2019-06-06,Trent Bridge,2,26.1,West Indies,Australia,SD Hope,SO Hetmyer,NM Coulter-Nile,0,0,,,,,,,,,
1144492,2019,2019-06-06,Trent Bridge,2,26.2,West Indies,Australia,SD Hope,SO Hetmyer,NM Coulter-Nile,4,0,,,,,,,,,
1144492,2019,2019-06-06,Trent Bridge,2,26.3,West Indies,Australia,SD Hope,SO Hetmyer,NM Coulter-Nile,4,0,,,,,,,,,
1144492,2019,2019-06-06,Trent Bridge,2,26.4,West Indies,Australia,SD Hope,SO Hetmyer,NM Coulter-Nile,0,0,,,,,,,,,
1144492,2019,2019-06-06,Trent Bridge,2,26.5,West Indies,Australia,SD Hope,SO Hetmyer,NM Coulter-Nile,2,0,,,,,,,,,
1144492,2019,2019-06-06,Trent Bridge,2,26.6,West Indies,Australia,SD Hope,SO Hetmyer,NM Coulter-Nile,1,0,,,,,,,,,
1144492,2019,2019-06-06,Trent Bridge,2,27.1,West Indies,Australia,SD Hope,SO Hetmyer,GJ Maxwell,0,0,,,,,,,,,
1144492,2019,2019-06-06,Trent Bridge,2,27.2,West Indies,Australia,SD Hope,SO Hetmyer,GJ Maxwell,0,0,,,,,,run out,SO Hetmyer,,
1144492,2019,2019-06-06,Trent Bridge,2,27.3,West Indies,Australia,SD Hope,JO Holder,GJ Maxwell,0,0,,,,,,,,,
1144492,2019,2019-06-06,Trent Bridge,2,27.4,West Indies,Australia,SD Hope,JO Holder,GJ Maxwell,1,0,,,,,,,,,
1144492,2019,2019-06-06,Trent Bridge,2,27.5,West Indies,Australia,JO Holder,SD Hope,GJ Maxwell,1,0,,,,,,,,,
1144492,2019,2019-06-06,Trent Bridge,2,27.6,West Indies,Australia,SD Hope,JO Holder,GJ Maxwell,0,0,,,,,,,,,
1144492,2019,2019-06-06,Trent Bridge,2,28.1,West Indies,Australia,JO Holder,SD Hope,A Zampa,4,0,,,,,,,,,
1144492,2019,2019-06-06,Trent Bridge,2,28.2,West Indies,Australia,JO Holder,SD Hope,A Zampa,1,0,,,,,,,,,
1144492,2019,2019-06-06,Trent Bridge,2,28.3,West Indies,Australia,SD Hope,JO Holder,A Zampa,0,0,,,,,,,,,
1144492,2019,2019-06-06,Trent Bridge,2,28.4,West Indies,Australia,SD Hope,JO Holder,A Zampa,2,0,,,,,,,,,
1144492,2019,2019-06-06,Trent Bridge,2,28.5,West Indies,Australia,SD Hope,JO Holder,A Zampa,1,0,,,,,,,,,
1144492,2019,2019-06-06,Trent Bridge,2,28.6,West Indies,Australia,JO Holder,SD Hope,A Zampa,1,0,,,,,,,,,
1144492,2019,2019-06-06,Trent Bridge,2,29.1,West Indies,Australia,JO Holder,SD Hope,GJ Maxwell,0,0,,,,,,,,,
1144492,2019,2019-06-06,Trent Bridge,2,29.2,West Indies,Australia,JO Holder,SD Hope,GJ Maxwell,0,0,,,,,,,,,
1144492,2019,2019-06-06,Trent Bridge,2,29.3,West Indies,Australia,JO Holder,SD Hope,GJ Maxwell,0,0,,,,,,,,,
1144492,2019,2019-06-06,Trent Bridge,2,29.4,West Indies,Australia,JO Holder,SD Hope,GJ Maxwell,0,0,,,,,,,,,
1144492,2019,2019-06-06,Trent Bridge,2,29.5,West Indies,Australia,JO Holder,SD Hope,GJ Maxwell,0,0,,,,,,,,,
1144492,2019,2019-06-06,Trent Bridge,2,29.6,West Indies,Australia,JO Holder,SD Hope,GJ Maxwell,0,0,,,,,,,,,
1144492,2019,2019-06-06,Trent Bridge,2,30.1,West Indies,Australia,SD Hope,JO Holder,PJ Cummins,1,0,,,,,,,,,
1144492,2019,2019-06-06,Trent Bridge,2,30.2,West Indies,Australia,JO Holder,SD Hope,PJ Cummins,4,0,,,,,,,,,
1144492,2019,2019-06-06,Trent Bridge,2,30.3,West Indies,Australia,JO Holder,SD Hope,PJ Cummins,1,0,,,,,,,,,
1144492,2019,2019-06-06,Trent Bridge,2,30.4,West Indies,Australia,SD Hope,JO Holder,PJ Cummins,0,0,,,,,,,,,
1144492,2019,2019-06-06,Trent Bridge,2,30.5,West Indies,Australia,SD Hope,JO Holder,PJ Cummins,0,0,,,,,,,,,
1144492,2019,2019-06-06,Trent Bridge,2,30.6,West Indies,Australia,SD Hope,JO Holder,PJ Cummins,1,0,,,,,,,,,
1144492,2019,2019-06-06,Trent Bridge,2,31.1,West Indies,Australia,SD Hope,JO Holder,GJ Maxwell,2,0,,,,,,,,,
1144492,2019,2019-06-06,Trent Bridge,2,31.2,West Indies,Australia,SD Hope,JO Holder,GJ Maxwell,0,0,,,,,,,,,
1144492,2019,2019-06-06,Trent Bridge,2,31.3,West Indies,Australia,SD Hope,JO Holder,GJ Maxwell,0,0,,,,,,,,,
1144492,2019,2019-06-06,Trent Bridge,2,31.4,West Indies,Australia,SD Hope,JO Holder,GJ Maxwell,0,0,,,,,,,,,
1144492,2019,2019-06-06,Trent Bridge,2,31.5,West Indies,Australia,SD Hope,JO Holder,GJ Maxwell,2,0,,,,,,,,,
1144492,2019,2019-06-06,Trent Bridge,2,31.6,West Indies,Australia,SD Hope,JO Holder,GJ Maxwell,2,0,,,,,,,,,
1144492,2019,2019-06-06,Trent Bridge,2,32.1,West Indies,Australia,JO Holder,SD Hope,PJ Cummins,0,0,,,,,,,,,
1144492,2019,2019-06-06,Trent Bridge,2,32.2,West Indies,Australia,JO Holder,SD Hope,PJ Cummins,1,0,,,,,,,,,
1144492,2019,2019-06-06,Trent Bridge,2,32.3,West Indies,Australia,SD Hope,JO Holder,PJ Cummins,0,0,,,,,,,,,
1144492,2019,2019-06-06,Trent Bridge,2,32.4,West Indies,Australia,SD Hope,JO Holder,PJ Cummins,0,0,,,,,,,,,
1144492,2019,2019-06-06,Trent Bridge,2,32.5,West Indies,Australia,SD Hope,JO Holder,PJ Cummins,4,0,,,,,,,,,
1144492,2019,2019-06-06,Trent Bridge,2,32.6,West Indies,Australia,SD Hope,JO Holder,PJ Cummins,0,0,,,,,,,,,
1144492,2019,2019-06-06,Trent Bridge,2,33.1,West Indies,Australia,JO Holder,SD Hope,GJ Maxwell,4,0,,,,,,,,,
1144492,2019,2019-06-06,Trent Bridge,2,33.2,West Indies,Australia,JO Holder,SD Hope,GJ Maxwell,4,0,,,,,,,,,
1144492,2019,2019-06-06,Trent Bridge,2,33.3,West Indies,Australia,JO Holder,SD Hope,GJ Maxwell,1,0,,,,,,,,,
1144492,2019,2019-06-06,Trent Bridge,2,33.4,West Indies,Australia,SD Hope,JO Holder,GJ Maxwell,0,0,,,,,,,,,
1144492,2019,2019-06-06,Trent Bridge,2,33.5,West Indies,Australia,SD Hope,JO Holder,GJ Maxwell,1,0,,,,,,,,,
1144492,2019,2019-06-06,Trent Bridge,2,33.6,West Indies,Australia,JO Holder,SD Hope,GJ Maxwell,0,0,,,,,,,,,
1144492,2019,2019-06-06,Trent Bridge,2,34.1,West Indies,Australia,SD Hope,JO Holder,PJ Cummins,0,0,,,,,,,,,
1144492,2019,2019-06-06,Trent Bridge,2,34.2,West Indies,Australia,SD Hope,JO Holder,PJ Cummins,1,0,,,,,,,,,
1144492,2019,2019-06-06,Trent Bridge,2,34.3,West Indies,Australia,JO Holder,SD Hope,PJ Cummins,1,0,,,,,,,,,
1144492,2019,2019-06-06,Trent Bridge,2,34.4,West Indies,Australia,SD Hope,JO Holder,PJ Cummins,0,0,,,,,,,,,
1144492,2019,2019-06-06,Trent Bridge,2,34.5,West Indies,Australia,SD Hope,JO Holder,PJ Cummins,0,0,,,,,,,,,
1144492,2019,2019-06-06,Trent Bridge,2,34.6,West Indies,Australia,SD Hope,JO Holder,PJ Cummins,0,0,,,,,,caught,SD Hope,,
1144492,2019,2019-06-06,Trent Bridge,2,35.1,West Indies,Australia,JO Holder,AD Russell,A Zampa,0,0,,,,,,,,,
1144492,2019,2019-06-06,Trent Bridge,2,35.2,West Indies,Australia,JO Holder,AD Russell,A Zampa,0,0,,,,,,,,,
1144492,2019,2019-06-06,Trent Bridge,2,35.3,West Indies,Australia,JO Holder,AD Russell,A Zampa,0,0,,,,,,,,,
1144492,2019,2019-06-06,Trent Bridge,2,35.4,West Indies,Australia,JO Holder,AD Russell,A Zampa,0,0,,,,,,,,,
1144492,2019,2019-06-06,Trent Bridge,2,35.5,West Indies,Australia,JO Holder,AD Russell,A Zampa,1,0,,,,,,,,,
1144492,2019,2019-06-06,Trent Bridge,2,35.6,West Indies,Australia,AD Russell,JO Holder,A Zampa,0,0,,,,,,,,,
1144492,2019,2019-06-06,Trent Bridge,2,36.1,West Indies,Australia,JO Holder,AD Russell,MA Starc,0,0,,,,,,,,,
1144492,2019,2019-06-06,Trent Bridge,2,36.2,West Indies,Australia,JO Holder,AD Russell,MA Starc,0,0,,,,,,,,,
1144492,2019,2019-06-06,Trent Bridge,2,36.3,West Indies,Australia,JO Holder,AD Russell,MA Starc,0,0,,,,,,,,,
1144492,2019,2019-06-06,Trent Bridge,2,36.4,West Indies,Australia,JO Holder,AD Russell,MA Starc,6,0,,,,,,,,,
1144492,2019,2019-06-06,Trent Bridge,2,36.5,West Indies,Australia,JO Holder,AD Russell,MA Starc,0,0,,,,,,,,,
1144492,2019,2019-06-06,Trent Bridge,2,36.6,West Indies,Australia,JO Holder,AD Russell,MA Starc,1,0,,,,,,,,,
1144492,2019,2019-06-06,Trent Bridge,2,37.1,West Indies,Australia,JO Holder,AD Russell,A Zampa,1,0,,,,,,,,,
1144492,2019,2019-06-06,Trent Bridge,2,37.2,West Indies,Australia,AD Russell,JO Holder,A Zampa,6,0,,,,,,,,,
1144492,2019,2019-06-06,Trent Bridge,2,37.3,West Indies,Australia,AD Russell,JO Holder,A Zampa,0,0,,,,,,,,,
1144492,2019,2019-06-06,Trent Bridge,2,37.4,West Indies,Australia,AD Russell,JO Holder,A Zampa,4,0,,,,,,,,,
1144492,2019,2019-06-06,Trent Bridge,2,37.5,West Indies,Australia,AD Russell,JO Holder,A Zampa,0,0,,,,,,,,,
1144492,2019,2019-06-06,Trent Bridge,2,37.6,West Indies,Australia,AD Russell,JO Holder,A Zampa,1,0,,,,,,,,,
1144492,2019,2019-06-06,Trent Bridge,2,38.1,West Indies,Australia,AD Russell,JO Holder,MA Starc,0,0,,,,,,,,,
1144492,2019,2019-06-06,Trent Bridge,2,38.2,West Indies,Australia,AD Russell,JO Holder,MA Starc,0,0,,,,,,,,,
1144492,2019,2019-06-06,Trent Bridge,2,38.3,West Indies,Australia,AD Russell,JO Holder,MA Starc,0,2,,,,2,,,,,
1144492,2019,2019-06-06,Trent Bridge,2,38.4,West Indies,Australia,AD Russell,JO Holder,MA Starc,4,0,,,,,,,,,
1144492,2019,2019-06-06,Trent Bridge,2,38.5,West Indies,Australia,AD Russell,JO Holder,MA Starc,0,0,,,,,,caught,AD Russell,,
1144492,2019,2019-06-06,Trent Bridge,2,38.6,West Indies,Australia,JO Holder,CR Brathwaite,MA Starc,1,0,,,,,,,,,
1144492,2019,2019-06-06,Trent Bridge,2,39.1,West Indies,Australia,JO Holder,CR Brathwaite,NM Coulter-Nile,0,0,,,,,,,,,
1144492,2019,2019-06-06,Trent Bridge,2,39.2,West Indies,Australia,JO Holder,CR Brathwaite,NM Coulter-Nile,0,0,,,,,,,,,
1144492,2019,2019-06-06,Trent Bridge,2,39.3,West Indies,Australia,JO Holder,CR Brathwaite,NM Coulter-Nile,0,0,,,,,,,,,
1144492,2019,2019-06-06,Trent Bridge,2,39.4,West Indies,Australia,JO Holder,CR Brathwaite,NM Coulter-Nile,0,0,,,,,,,,,
1144492,2019,2019-06-06,Trent Bridge,2,39.5,West Indies,Australia,JO Holder,CR Brathwaite,NM Coulter-Nile,4,0,,,,,,,,,
1144492,2019,2019-06-06,Trent Bridge,2,39.6,West Indies,Australia,JO Holder,CR Brathwaite,NM Coulter-Nile,0,0,,,,,,,,,
1144492,2019,2019-06-06,Trent Bridge,2,40.1,West Indies,Australia,CR Brathwaite,JO Holder,A Zampa,1,0,,,,,,,,,
1144492,2019,2019-06-06,Trent Bridge,2,40.2,West Indies,Australia,JO Holder,CR Brathwaite,A Zampa,4,0,,,,,,,,,
1144492,2019,2019-06-06,Trent Bridge,2,40.3,West Indies,Australia,JO Holder,CR Brathwaite,A Zampa,0,0,,,,,,,,,
1144492,2019,2019-06-06,Trent Bridge,2,40.4,West Indies,Australia,JO Holder,CR Brathwaite,A Zampa,0,0,,,,,,,,,
1144492,2019,2019-06-06,Trent Bridge,2,40.5,West Indies,Australia,JO Holder,CR Brathwaite,A Zampa,4,0,,,,,,,,,
1144492,2019,2019-06-06,Trent Bridge,2,40.6,West Indies,Australia,JO Holder,CR Brathwaite,A Zampa,0,0,,,,,,,,,
1144492,2019,2019-06-06,Trent Bridge,2,41.1,West Indies,Australia,CR Brathwaite,JO Holder,NM Coulter-Nile,0,0,,,,,,,,,
1144492,2019,2019-06-06,Trent Bridge,2,41.2,West Indies,Australia,CR Brathwaite,JO Holder,NM Coulter-Nile,0,0,,,,,,,,,
1144492,2019,2019-06-06,Trent Bridge,2,41.3,West Indies,Australia,CR Brathwaite,JO Holder,NM Coulter-Nile,1,0,,,,,,,,,
1144492,2019,2019-06-06,Trent Bridge,2,41.4,West Indies,Australia,JO Holder,CR Brathwaite,NM Coulter-Nile,1,0,,,,,,,,,
1144492,2019,2019-06-06,Trent Bridge,2,41.5,West Indies,Australia,CR Brathwaite,JO Holder,NM Coulter-Nile,0,0,,,,,,,,,
1144492,2019,2019-06-06,Trent Bridge,2,41.6,West Indies,Australia,CR Brathwaite,JO Holder,NM Coulter-Nile,0,0,,,,,,,,,
1144492,2019,2019-06-06,Trent Bridge,2,42.1,West Indies,Australia,JO Holder,CR Brathwaite,PJ Cummins,0,0,,,,,,,,,
1144492,2019,2019-06-06,Trent Bridge,2,42.2,West Indies,Australia,JO Holder,CR Brathwaite,PJ Cummins,1,0,,,,,,,,,
1144492,2019,2019-06-06,Trent Bridge,2,42.3,West Indies,Australia,CR Brathwaite,JO Holder,PJ Cummins,0,0,,,,,,,,,
1144492,2019,2019-06-06,Trent Bridge,2,42.4,West Indies,Australia,CR Brathwaite,JO Holder,PJ Cummins,0,0,,,,,,,,,
1144492,2019,2019-06-06,Trent Bridge,2,42.5,West Indies,Australia,CR Brathwaite,JO Holder,PJ Cummins,0,0,,,,,,,,,
1144492,2019,2019-06-06,Trent Bridge,2,42.6,West Indies,Australia,CR Brathwaite,JO Holder,PJ Cummins,0,0,,,,,,,,,
1144492,2019,2019-06-06,Trent Bridge,2,43.1,West Indies,Australia,JO Holder,CR Brathwaite,NM Coulter-Nile,0,0,,,,,,,,,
1144492,2019,2019-06-06,Trent Bridge,2,43.2,West Indies,Australia,JO Holder,CR Brathwaite,NM Coulter-Nile,2,0,,,,,,,,,
1144492,2019,2019-06-06,Trent Bridge,2,43.3,West Indies,Australia,JO Holder,CR Brathwaite,NM Coulter-Nile,0,0,,,,,,,,,
1144492,2019,2019-06-06,Trent Bridge,2,43.4,West Indies,Australia,JO Holder,CR Brathwaite,NM Coulter-Nile,1,0,,,,,,,,,
1144492,2019,2019-06-06,Trent Bridge,2,43.5,West Indies,Australia,CR Brathwaite,JO Holder,NM Coulter-Nile,6,0,,,,,,,,,
1144492,2019,2019-06-06,Trent Bridge,2,43.6,West Indies,Australia,CR Brathwaite,JO Holder,NM Coulter-Nile,1,0,,,,,,,,,
1144492,2019,2019-06-06,Trent Bridge,2,44.1,West Indies,Australia,CR Brathwaite,JO Holder,PJ Cummins,4,0,,,,,,,,,
1144492,2019,2019-06-06,Trent Bridge,2,44.2,West Indies,Australia,CR Brathwaite,JO Holder,PJ Cummins,2,0,,,,,,,,,
1144492,2019,2019-06-06,Trent Bridge,2,44.3,West Indies,Australia,CR Brathwaite,JO Holder,PJ Cummins,1,0,,,,,,,,,
1144492,2019,2019-06-06,Trent Bridge,2,44.4,West Indies,Australia,JO Holder,CR Brathwaite,PJ Cummins,0,0,,,,,,,,,
1144492,2019,2019-06-06,Trent Bridge,2,44.5,West Indies,Australia,JO Holder,CR Brathwaite,PJ Cummins,0,0,,,,,,,,,
1144492,2019,2019-06-06,Trent Bridge,2,44.6,West Indies,Australia,JO Holder,CR Brathwaite,PJ Cummins,0,1,,,,1,,,,,
1144492,2019,2019-06-06,Trent Bridge,2,45.1,West Indies,Australia,JO Holder,CR Brathwaite,MA Starc,1,0,,,,,,,,,
1144492,2019,2019-06-06,Trent Bridge,2,45.2,West Indies,Australia,CR Brathwaite,JO Holder,MA Starc,0,0,,,,,,,,,
1144492,2019,2019-06-06,Trent Bridge,2,45.3,West Indies,Australia,CR Brathwaite,JO Holder,MA Starc,0,0,,,,,,caught,CR Brathwaite,,
1144492,2019,2019-06-06,Trent Bridge,2,45.4,West Indies,Australia,JO Holder,AR Nurse,MA Starc,0,0,,,,,,,,,
1144492,2019,2019-06-06,Trent Bridge,2,45.5,West Indies,Australia,JO Holder,AR Nurse,MA Starc,0,0,,,,,,,,,
1144492,2019,2019-06-06,Trent Bridge,2,45.6,West Indies,Australia,JO Holder,AR Nurse,MA Starc,0,0,,,,,,caught,JO Holder,,
1144492,2019,2019-06-06,Trent Bridge,2,46.1,West Indies,Australia,AR Nurse,SS Cottrell,MP Stoinis,0,0,,,,,,,,,
1144492,2019,2019-06-06,Trent Bridge,2,46.2,West Indies,Australia,AR Nurse,SS Cottrell,MP Stoinis,0,0,,,,,,,,,
1144492,2019,2019-06-06,Trent Bridge,2,46.3,West Indies,Australia,AR Nurse,SS Cottrell,MP Stoinis,0,0,,,,,,,,,
1144492,2019,2019-06-06,Trent Bridge,2,46.4,West Indies,Australia,AR Nurse,SS Cottrell,MP Stoinis,1,0,,,,,,,,,
1144492,2019,2019-06-06,Trent Bridge,2,46.5,West Indies,Australia,SS Cottrell,AR Nurse,MP Stoinis,1,0,,,,,,,,,
1144492,2019,2019-06-06,Trent Bridge,2,46.6,West Indies,Australia,AR Nurse,SS Cottrell,MP Stoinis,1,0,,,,,,,,,
1144492,2019,2019-06-06,Trent Bridge,2,47.1,West Indies,Australia,AR Nurse,SS Cottrell,MA Starc,0,0,,,,,,,,,
1144492,2019,2019-06-06,Trent Bridge,2,47.2,West Indies,Australia,AR Nurse,SS Cottrell,MA Starc,0,1,,,,1,,,,,
1144492,2019,2019-06-06,Trent Bridge,2,47.3,West Indies,Australia,SS Cottrell,AR Nurse,MA Starc,0,0,,,,,,bowled,SS Cottrell,,
1144492,2019,2019-06-06,Trent Bridge,2,47.4,West Indies,Australia,O Thomas,AR Nurse,MA Starc,0,0,,,,,,,,,
1144492,2019,2019-06-06,Trent Bridge,2,47.5,West Indies,Australia,O Thomas,AR Nurse,MA Starc,0,0,,,,,,,,,
1144492,2019,2019-06-06,Trent Bridge,2,47.6,West Indies,Australia,O Thomas,AR Nurse,MA Starc,0,0,,,,,,,,,
1144492,2019,2019-06-06,Trent Bridge,2,48.1,West Indies,Australia,AR Nurse,O Thomas,MP Stoinis,0,0,,,,,,,,,
1144492,2019,2019-06-06,Trent Bridge,2,48.2,West Indies,Australia,AR Nurse,O Thomas,MP Stoinis,0,0,,,,,,,,,
1144492,2019,2019-06-06,Trent Bridge,2,48.3,West Indies,Australia,AR Nurse,O Thomas,MP Stoinis,0,0,,,,,,,,,
1144492,2019,2019-06-06,Trent Bridge,2,48.4,West Indies,Australia,AR Nurse,O Thomas,MP Stoinis,0,0,,,,,,,,,
1144492,2019,2019-06-06,Trent Bridge,2,48.5,West Indies,Australia,AR Nurse,O Thomas,MP Stoinis,1,0,,,,,,,,,
1144492,2019,2019-06-06,Trent Bridge,2,48.6,West Indies,Australia,O Thomas,AR Nurse,MP Stoinis,0,0,,,,,,,,,
1144492,2019,2019-06-06,Trent Bridge,2,49.1,West Indies,Australia,AR Nurse,O Thomas,NM Coulter-Nile,0,0,,,,,,,,,
1144492,2019,2019-06-06,Trent Bridge,2,49.2,West Indies,Australia,AR Nurse,O Thomas,NM Coulter-Nile,0,0,,,,,,,,,
1144492,2019,2019-06-06,Trent Bridge,2,49.3,West Indies,Australia,AR Nurse,O Thomas,NM Coulter-Nile,4,0,,,,,,,,,
1144492,2019,2019-06-06,Trent Bridge,2,49.4,West Indies,Australia,AR Nurse,O Thomas,NM Coulter-Nile,4,0,,,,,,,,,
1144492,2019,2019-06-06,Trent Bridge,2,49.5,West Indies,Australia,AR Nurse,O Thomas,NM Coulter-Nile,4,0,,,,,,,,,
1144492,2019,2019-06-06,Trent Bridge,2,49.6,West Indies,Australia,AR Nurse,O Thomas,NM Coulter-Nile,4,0,,,,,,,,,
