match_id,season,start_date,venue,innings,ball,batting_team,bowling_team,striker,non_striker,bowler,runs_off_bat,extras,wides,noballs,byes,legbyes,penalty,wicket_type,player_dismissed,other_wicket_type,other_player_dismissed
1384405,2023/24,2023-10-16,"Bharat Ratna Shri Atal Bihari Vajpayee Ekana Cricket Stadium, Lucknow",1,0.1,Sri Lanka,Australia,P Nissanka,MDKJ Perera,MA Starc,0,0,,,,,,,,,
1384405,2023/24,2023-10-16,"Bharat Ratna Shri Atal Bihari Vajpayee Ekana Cricket Stadium, Lucknow",1,0.2,Sri Lanka,Australia,P Nissanka,MDKJ Perera,MA Starc,0,0,,,,,,,,,
1384405,2023/24,2023-10-16,"Bharat Ratna Shri Atal Bihari Vajpayee Ekana Cricket Stadium, Lucknow",1,0.3,Sri Lanka,Australia,P Nissanka,MDKJ Perera,MA Starc,0,0,,,,,,,,,
1384405,2023/24,2023-10-16,"Bharat Ratna Shri Atal Bihari Vajpayee Ekana Cricket Stadium, Lucknow",1,0.4,Sri Lanka,Australia,P Nissanka,MDKJ Perera,MA Starc,0,1,1,,,,,,,,
1384405,2023/24,2023-10-16,"Bharat Ratna Shri Atal Bihari Vajpayee Ekana Cricket Stadium, Lucknow",1,0.5,Sri Lanka,Australia,P Nissanka,MDKJ Perera,MA Starc,0,0,,,,,,,,,
1384405,2023/24,2023-10-16,"Bharat Ratna Shri Atal Bihari Vajpayee Ekana Cricket Stadium, Lucknow",1,0.6,Sri Lanka,Australia,P Nissanka,MDKJ Perera,MA Starc,4,0,,,,,,,,,
1384405,2023/24,2023-10-16,"Bharat Ratna Shri Atal Bihari Vajpayee Ekana Cricket Stadium, Lucknow",1,0.7,Sri Lanka,Australia,P Nissanka,MDKJ Perera,MA Starc,4,0,,,,,,,,,
1384405,2023/24,2023-10-16,"Bharat Ratna Shri Atal Bihari Vajpayee Ekana Cricket Stadium, Lucknow",1,1.1,Sri Lanka,Australia,MDKJ Perera,P Nissanka,JR Hazlewood,0,0,,,,,,,,,
1384405,2023/24,2023-10-16,"Bharat Ratna Shri Atal Bihari Vajpayee Ekana Cricket Stadium, Lucknow",1,1.2,Sri Lanka,Australia,MDKJ Perera,P Nissanka,JR Hazlewood,0,0,,,,,,,,,
1384405,2023/24,2023-10-16,"Bharat Ratna Shri Atal Bihari Vajpayee Ekana Cricket Stadium, Lucknow",1,1.3,Sri Lanka,Australia,MDKJ Perera,P Nissanka,JR Hazlewood,0,1,,,,1,,,,,
1384405,2023/24,2023-10-16,"Bharat Ratna Shri Atal Bihari Vajpayee Ekana Cricket Stadium, Lucknow",1,1.4,Sri Lanka,Australia,P Nissanka,MDKJ Perera,JR Hazlewood,0,0,,,,,,,,,
1384405,2023/24,2023-10-16,"Bharat Ratna Shri Atal Bihari Vajpayee Ekana Cricket Stadium, Lucknow",1,1.5,Sri Lanka,Australia,P Nissanka,MDKJ Perera,JR Hazlewood,0,0,,,,,,,,,
1384405,2023/24,2023-10-16,"Bharat Ratna Shri Atal Bihari Vajpayee Ekana Cricket Stadium, Lucknow",1,1.6,Sri Lanka,Australia,P Nissanka,MDKJ Perera,JR Hazlewood,0,0,,,,,,,,,
1384405,2023/24,2023-10-16,"Bharat Ratna Shri Atal Bihari Vajpayee Ekana Cricket Stadium, Lucknow",1,2.1,Sri Lanka,Australia,MDKJ Perera,P Nissanka,MA Starc,0,0,,,,,,,,,
1384405,2023/24,2023-10-16,"Bharat Ratna Shri Atal Bihari Vajpayee Ekana Cricket Stadium, Lucknow",1,2.2,Sri Lanka,Australia,MDKJ Perera,P Nissanka,MA Starc,0,0,,,,,,,,,
1384405,2023/24,2023-10-16,"Bharat Ratna Shri Atal Bihari Vajpayee Ekana Cricket Stadium, Lucknow",1,2.3,Sri Lanka,Australia,MDKJ Perera,P Nissanka,MA Starc,0,0,,,,,,,,,
1384405,2023/24,2023-10-16,"Bharat Ratna Shri Atal Bihari Vajpayee Ekana Cricket Stadium, Lucknow",1,2.4,Sri Lanka,Australia,MDKJ Perera,P Nissanka,MA Starc,0,0,,,,,,,,,
1384405,2023/24,2023-10-16,"Bharat Ratna Shri Atal Bihari Vajpayee Ekana Cricket Stadium, Lucknow",1,2.5,Sri Lanka,Australia,MDKJ Perera,P Nissanka,MA Starc,1,0,,,,,,,,,
1384405,2023/24,2023-10-16,"Bharat Ratna Shri Atal Bihari Vajpayee Ekana Cricket Stadium, Lucknow",1,2.6,Sri Lanka,Australia,P Nissanka,MDKJ Perera,MA Starc,2,0,,,,,,,,,
1384405,2023/24,2023-10-16,"Bharat Ratna Shri Atal Bihari Vajpayee Ekana Cricket Stadium, Lucknow",1,3.1,Sri Lanka,Australia,MDKJ Perera,P Nissanka,JR Hazlewood,0,0,,,,,,,,,
1384405,2023/24,2023-10-16,"Bharat Ratna Shri Atal Bihari Vajpayee Ekana Cricket Stadium, Lucknow",1,3.2,Sri Lanka,Australia,MDKJ Perera,P Nissanka,JR Hazlewood,4,0,,,,,,,,,
1384405,2023/24,2023-10-16,"Bharat Ratna Shri Atal Bihari Vajpayee Ekana Cricket Stadium, Lucknow",1,3.3,Sri Lanka,Australia,MDKJ Perera,P Nissanka,JR Hazlewood,4,0,,,,,,,,,
1384405,2023/24,2023-10-16,"Bharat Ratna Shri Atal Bihari Vajpayee Ekana Cricket Stadium, Lucknow",1,3.4,Sri Lanka,Australia,MDKJ Perera,P Nissanka,JR Hazlewood,0,0,,,,,,,,,
1384405,2023/24,2023-10-16,"Bharat Ratna Shri Atal Bihari Vajpayee Ekana Cricket Stadium, Lucknow",1,3.5,Sri Lanka,Australia,MDKJ Perera,P Nissanka,JR Hazlewood,0,0,,,,,,,,,
1384405,2023/24,2023-10-16,"Bharat Ratna Shri Atal Bihari Vajpayee Ekana Cricket Stadium, Lucknow",1,3.6,Sri Lanka,Australia,MDKJ Perera,P Nissanka,JR Hazlewood,0,0,,,,,,,,,
1384405,2023/24,2023-10-16,"Bharat Ratna Shri Atal Bihari Vajpayee Ekana Cricket Stadium, Lucknow",1,4.1,Sri Lanka,Australia,P Nissanka,MDKJ Perera,MA Starc,0,0,,,,,,,,,
1384405,2023/24,2023-10-16,"Bharat Ratna Shri Atal Bihari Vajpayee Ekana Cricket Stadium, Lucknow",1,4.2,Sri Lanka,Australia,P Nissanka,MDKJ Perera,MA Starc,0,0,,,,,,,,,
1384405,2023/24,2023-10-16,"Bharat Ratna Shri Atal Bihari Vajpayee Ekana Cricket Stadium, Lucknow",1,4.3,Sri Lanka,Australia,P Nissanka,MDKJ Perera,MA Starc,0,0,,,,,,,,,
1384405,2023/24,2023-10-16,"Bharat Ratna Shri Atal Bihari Vajpayee Ekana Cricket Stadium, Lucknow",1,4.4,Sri Lanka,Australia,P Nissanka,MDKJ Perera,MA Starc,4,0,,,,,,,,,
1384405,2023/24,2023-10-16,"Bharat Ratna Shri Atal Bihari Vajpayee Ekana Cricket Stadium, Lucknow",1,4.5,Sri Lanka,Australia,P Nissanka,MDKJ Perera,MA Starc,0,0,,,,,,,,,
1384405,2023/24,2023-10-16,"Bharat Ratna Shri Atal Bihari Vajpayee Ekana Cricket Stadium, Lucknow",1,4.6,Sri Lanka,Australia,P Nissanka,MDKJ Perera,MA Starc,1,0,,,,,,,,,
1384405,2023/24,2023-10-16,"Bharat Ratna Shri Atal Bihari Vajpayee Ekana Cricket Stadium, Lucknow",1,5.1,Sri Lanka,Australia,P Nissanka,MDKJ Perera,JR Hazlewood,0,0,,,,,,,,,
1384405,2023/24,2023-10-16,"Bharat Ratna Shri Atal Bihari Vajpayee Ekana Cricket Stadium, Lucknow",1,5.2,Sri Lanka,Australia,P Nissanka,MDKJ Perera,JR Hazlewood,3,0,,,,,,,,,
1384405,2023/24,2023-10-16,"Bharat Ratna Shri Atal Bihari Vajpayee Ekana Cricket Stadium, Lucknow",1,5.3,Sri Lanka,Australia,MDKJ Perera,P Nissanka,JR Hazlewood,4,0,,,,,,,,,
1384405,2023/24,2023-10-16,"Bharat Ratna Shri Atal Bihari Vajpayee Ekana Cricket Stadium, Lucknow",1,5.4,Sri Lanka,Australia,MDKJ Perera,P Nissanka,JR Hazlewood,1,0,,,,,,,,,
1384405,2023/24,2023-10-16,"Bharat Ratna Shri Atal Bihari Vajpayee Ekana Cricket Stadium, Lucknow",1,5.5,Sri Lanka,Australia,P Nissanka,MDKJ Perera,JR Hazlewood,0,0,,,,,,,,,
1384405,2023/24,2023-10-16,"Bharat Ratna Shri Atal Bihari Vajpayee Ekana Cricket Stadium, Lucknow",1,5.6,Sri Lanka,Australia,P Nissanka,MDKJ Perera,JR Hazlewood,0,0,,,,,,,,,
1384405,2023/24,2023-10-16,"Bharat Ratna Shri Atal Bihari Vajpayee Ekana Cricket Stadium, Lucknow",1,6.1,Sri Lanka,Australia,MDKJ Perera,P Nissanka,PJ Cummins,4,0,,,,,,,,,
1384405,2023/24,2023-10-16,"Bharat Ratna Shri Atal Bihari Vajpayee Ekana Cricket Stadium, Lucknow",1,6.2,Sri Lanka,Australia,MDKJ Perera,P Nissanka,PJ Cummins,0,0,,,,,,,,,
1384405,2023/24,2023-10-16,"Bharat Ratna Shri Atal Bihari Vajpayee Ekana Cricket Stadium, Lucknow",1,6.3,Sri Lanka,Australia,MDKJ Perera,P Nissanka,PJ Cummins,0,1,1,,,,,,,,
1384405,2023/24,2023-10-16,"Bharat Ratna Shri Atal Bihari Vajpayee Ekana Cricket Stadium, Lucknow",1,6.4,Sri Lanka,Australia,MDKJ Perera,P Nissanka,PJ Cummins,0,0,,,,,,,,,
1384405,2023/24,2023-10-16,"Bharat Ratna Shri Atal Bihari Vajpayee Ekana Cricket Stadium, Lucknow",1,6.5,Sri Lanka,Australia,MDKJ Perera,P Nissanka,PJ Cummins,0,0,,,,,,,,,
1384405,2023/24,2023-10-16,"Bharat Ratna Shri Atal Bihari Vajpayee Ekana Cricket Stadium, Lucknow",1,6.6,Sri Lanka,Australia,MDKJ Perera,P Nissanka,PJ Cummins,0,0,,,,,,,,,
1384405,2023/24,2023-10-16,"Bharat Ratna Shri Atal Bihari Vajpayee Ekana Cricket Stadium, Lucknow",1,6.7,Sri Lanka,Australia,MDKJ Perera,P Nissanka,PJ Cummins,0,0,,,,,,,,,
1384405,2023/24,2023-10-16,"Bharat Ratna Shri Atal Bihari Vajpayee Ekana Cricket Stadium, Lucknow",1,7.1,Sri Lanka,Australia,P Nissanka,MDKJ Perera,GJ Maxwell,0,1,1,,,,,,,,
1384405,2023/24,2023-10-16,"Bharat Ratna Shri Atal Bihari Vajpayee Ekana Cricket Stadium, Lucknow",1,7.2,Sri Lanka,Australia,P Nissanka,MDKJ Perera,GJ Maxwell,0,0,,,,,,,,,
1384405,2023/24,2023-10-16,"Bharat Ratna Shri Atal Bihari Vajpayee Ekana Cricket Stadium, Lucknow",1,7.3,Sri Lanka,Australia,P Nissanka,MDKJ Perera,GJ Maxwell,1,0,,,,,,,,,
1384405,2023/24,2023-10-16,"Bharat Ratna Shri Atal Bihari Vajpayee Ekana Cricket Stadium, Lucknow",1,7.4,Sri Lanka,Australia,MDKJ Perera,P Nissanka,GJ Maxwell,0,1,,,,1,,,,,
1384405,2023/24,2023-10-16,"Bharat Ratna Shri Atal Bihari Vajpayee Ekana Cricket Stadium, Lucknow",1,7.5,Sri Lanka,Australia,P Nissanka,MDKJ Perera,GJ Maxwell,0,0,,,,,,,,,
1384405,2023/24,2023-10-16,"Bharat Ratna Shri Atal Bihari Vajpayee Ekana Cricket Stadium, Lucknow",1,7.6,Sri Lanka,Australia,P Nissanka,MDKJ Perera,GJ Maxwell,0,0,,,,,,,,,
1384405,2023/24,2023-10-16,"Bharat Ratna Shri Atal Bihari Vajpayee Ekana Cricket Stadium, Lucknow",1,7.7,Sri Lanka,Australia,P Nissanka,MDKJ Perera,GJ Maxwell,0,0,,,,,,,,,
1384405,2023/24,2023-10-16,"Bharat Ratna Shri Atal Bihari Vajpayee Ekana Cricket Stadium, Lucknow",1,8.1,Sri Lanka,Australia,MDKJ Perera,P Nissanka,PJ Cummins,0,0,,,,,,,,,
1384405,2023/24,2023-10-16,"Bharat Ratna Shri Atal Bihari Vajpayee Ekana Cricket Stadium, Lucknow",1,8.2,Sri Lanka,Australia,MDKJ Perera,P Nissanka,PJ Cummins,1,0,,,,,,,,,
1384405,2023/24,2023-10-16,"Bharat Ratna Shri Atal Bihari Vajpayee Ekana Cricket Stadium, Lucknow",1,8.3,Sri Lanka,Australia,P Nissanka,MDKJ Perera,PJ Cummins,1,0,,,,,,,,,
1384405,2023/24,2023-10-16,"Bharat Ratna Shri Atal Bihari Vajpayee Ekana Cricket Stadium, Lucknow",1,8.4,Sri Lanka,Australia,MDKJ Perera,P Nissanka,PJ Cummins,0,0,,,,,,,,,
1384405,2023/24,2023-10-16,"Bharat Ratna Shri Atal Bihari Vajpayee Ekana Cricket Stadium, Lucknow",1,8.5,Sri Lanka,Australia,MDKJ Perera,P Nissanka,PJ Cummins,1,0,,,,,,,,,
1384405,2023/24,2023-10-16,"Bharat Ratna Shri Atal Bihari Vajpayee Ekana Cricket Stadium, Lucknow",1,8.6,Sri Lanka,Australia,P Nissanka,MDKJ Perera,PJ Cummins,2,0,,,,,,,,,
1384405,2023/24,2023-10-16,"Bharat Ratna Shri Atal Bihari Vajpayee Ekana Cricket Stadium, Lucknow",1,9.1,Sri Lanka,Australia,MDKJ Perera,P Nissanka,GJ Maxwell,4,0,,,,,,,,,
1384405,2023/24,2023-10-16,"Bharat Ratna Shri Atal Bihari Vajpayee Ekana Cricket Stadium, Lucknow",1,9.2,Sri Lanka,Australia,MDKJ Perera,P Nissanka,GJ Maxwell,0,0,,,,,,,,,
1384405,2023/24,2023-10-16,"Bharat Ratna Shri Atal Bihari Vajpayee Ekana Cricket Stadium, Lucknow",1,9.3,Sri Lanka,Australia,MDKJ Perera,P Nissanka,GJ Maxwell,0,0,,,,,,,,,
1384405,2023/24,2023-10-16,"Bharat Ratna Shri Atal Bihari Vajpayee Ekana Cricket Stadium, Lucknow",1,9.4,Sri Lanka,Australia,MDKJ Perera,P Nissanka,GJ Maxwell,0,0,,,,,,,,,
1384405,2023/24,2023-10-16,"Bharat Ratna Shri Atal Bihari Vajpayee Ekana Cricket Stadium, Lucknow",1,9.5,Sri Lanka,Australia,MDKJ Perera,P Nissanka,GJ Maxwell,0,0,,,,,,,,,
1384405,2023/24,2023-10-16,"Bharat Ratna Shri Atal Bihari Vajpayee Ekana Cricket Stadium, Lucknow",1,9.6,Sri Lanka,Australia,MDKJ Perera,P Nissanka,GJ Maxwell,0,0,,,,,,,,,
1384405,2023/24,2023-10-16,"Bharat Ratna Shri Atal Bihari Vajpayee Ekana Cricket Stadium, Lucknow",1,10.1,Sri Lanka,Australia,P Nissanka,MDKJ Perera,PJ Cummins,0,0,,,,,,,,,
1384405,2023/24,2023-10-16,"Bharat Ratna Shri Atal Bihari Vajpayee Ekana Cricket Stadium, Lucknow",1,10.2,Sri Lanka,Australia,P Nissanka,MDKJ Perera,PJ Cummins,0,0,,,,,,,,,
1384405,2023/24,2023-10-16,"Bharat Ratna Shri Atal Bihari Vajpayee Ekana Cricket Stadium, Lucknow",1,10.3,Sri Lanka,Australia,P Nissanka,MDKJ Perera,PJ Cummins,4,0,,,,,,,,,
1384405,2023/24,2023-10-16,"Bharat Ratna Shri Atal Bihari Vajpayee Ekana Cricket Stadium, Lucknow",1,10.4,Sri Lanka,Australia,P Nissanka,MDKJ Perera,PJ Cummins,1,0,,,,,,,,,
1384405,2023/24,2023-10-16,"Bharat Ratna Shri Atal Bihari Vajpayee Ekana Cricket Stadium, Lucknow",1,10.5,Sri Lanka,Australia,MDKJ Perera,P Nissanka,PJ Cummins,1,0,,,,,,,,,
1384405,2023/24,2023-10-16,"Bharat Ratna Shri Atal Bihari Vajpayee Ekana Cricket Stadium, Lucknow",1,10.6,Sri Lanka,Australia,P Nissanka,MDKJ Perera,PJ Cummins,0,0,,,,,,,,,
1384405,2023/24,2023-10-16,"Bharat Ratna Shri Atal Bihari Vajpayee Ekana Cricket Stadium, Lucknow",1,11.1,Sri Lanka,Australia,MDKJ Perera,P Nissanka,GJ Maxwell,2,0,,,,,,,,,
1384405,2023/24,2023-10-16,"Bharat Ratna Shri Atal Bihari Vajpayee Ekana Cricket Stadium, Lucknow",1,11.2,Sri Lanka,Australia,MDKJ Perera,P Nissanka,GJ Maxwell,1,0,,,,,,,,,
1384405,2023/24,2023-10-16,"Bharat Ratna Shri Atal Bihari Vajpayee Ekana Cricket Stadium, Lucknow",1,11.3,Sri Lanka,Australia,P Nissanka,MDKJ Perera,GJ Maxwell,1,0,,,,,,,,,
1384405,2023/24,2023-10-16,"Bharat Ratna Shri Atal Bihari Vajpayee Ekana Cricket Stadium, Lucknow",1,11.4,Sri Lanka,Australia,MDKJ Perera,P Nissanka,GJ Maxwell,0,0,,,,,,,,,
1384405,2023/24,2023-10-16,"Bharat Ratna Shri Atal Bihari Vajpayee Ekana Cricket Stadium, Lucknow",1,11.5,Sri Lanka,Australia,MDKJ Perera,P Nissanka,GJ Maxwell,1,0,,,,,,,,,
1384405,2023/24,2023-10-16,"Bharat Ratna Shri Atal Bihari Vajpayee Ekana Cricket Stadium, Lucknow",1,11.6,Sri Lanka,Australia,P Nissanka,MDKJ Perera,GJ Maxwell,1,0,,,,,,,,,
1384405,2023/24,2023-10-16,"Bharat Ratna Shri Atal Bihari Vajpayee Ekana Cricket Stadium, Lucknow",1,12.1,Sri Lanka,Australia,P Nissanka,MDKJ Perera,MA Starc,1,0,,,,,,,,,
1384405,2023/24,2023-10-16,"Bharat Ratna Shri Atal Bihari Vajpayee Ekana Cricket Stadium, Lucknow",1,12.2,Sri Lanka,Australia,MDKJ Perera,P Nissanka,MA Starc,0,0,,,,,,,,,
1384405,2023/24,2023-10-16,"Bharat Ratna Shri Atal Bihari Vajpayee Ekana Cricket Stadium, Lucknow",1,12.3,Sri Lanka,Australia,MDKJ Perera,P Nissanka,MA Starc,4,0,,,,,,,,,
1384405,2023/24,2023-10-16,"Bharat Ratna Shri Atal Bihari Vajpayee Ekana Cricket Stadium, Lucknow",1,12.4,Sri Lanka,Australia,MDKJ Perera,P Nissanka,MA Starc,1,0,,,,,,,,,
1384405,2023/24,2023-10-16,"Bharat Ratna Shri Atal Bihari Vajpayee Ekana Cricket Stadium, Lucknow",1,12.5,Sri Lanka,Australia,P Nissanka,MDKJ Perera,MA Starc,0,0,,,,,,,,,
1384405,2023/24,2023-10-16,"Bharat Ratna Shri Atal Bihari Vajpayee Ekana Cricket Stadium, Lucknow",1,12.6,Sri Lanka,Australia,P Nissanka,MDKJ Perera,MA Starc,1,0,,,,,,,,,
1384405,2023/24,2023-10-16,"Bharat Ratna Shri Atal Bihari Vajpayee Ekana Cricket Stadium, Lucknow",1,13.1,Sri Lanka,Australia,P Nissanka,MDKJ Perera,A Zampa,4,0,,,,,,,,,
1384405,2023/24,2023-10-16,"Bharat Ratna Shri Atal Bihari Vajpayee Ekana Cricket Stadium, Lucknow",1,13.2,Sri Lanka,Australia,P Nissanka,MDKJ Perera,A Zampa,0,0,,,,,,,,,
1384405,2023/24,2023-10-16,"Bharat Ratna Shri Atal Bihari Vajpayee Ekana Cricket Stadium, Lucknow",1,13.3,Sri Lanka,Australia,P Nissanka,MDKJ Perera,A Zampa,4,0,,,,,,,,,
1384405,2023/24,2023-10-16,"Bharat Ratna Shri Atal Bihari Vajpayee Ekana Cricket Stadium, Lucknow",1,13.4,Sri Lanka,Australia,P Nissanka,MDKJ Perera,A Zampa,0,0,,,,,,,,,
1384405,2023/24,2023-10-16,"Bharat Ratna Shri Atal Bihari Vajpayee Ekana Cricket Stadium, Lucknow",1,13.5,Sri Lanka,Australia,P Nissanka,MDKJ Perera,A Zampa,0,0,,,,,,,,,
1384405,2023/24,2023-10-16,"Bharat Ratna Shri Atal Bihari Vajpayee Ekana Cricket Stadium, Lucknow",1,13.6,Sri Lanka,Australia,P Nissanka,MDKJ Perera,A Zampa,1,0,,,,,,,,,
1384405,2023/24,2023-10-16,"Bharat Ratna Shri Atal Bihari Vajpayee Ekana Cricket Stadium, Lucknow",1,14.1,Sri Lanka,Australia,P Nissanka,MDKJ Perera,MA Starc,1,0,,,,,,,,,
1384405,2023/24,2023-10-16,"Bharat Ratna Shri Atal Bihari Vajpayee Ekana Cricket Stadium, Lucknow",1,14.2,Sri Lanka,Australia,MDKJ Perera,P Nissanka,MA Starc,0,1,1,,,,,,,,
1384405,2023/24,2023-10-16,"Bharat Ratna Shri Atal Bihari Vajpayee Ekana Cricket Stadium, Lucknow",1,14.3,Sri Lanka,Australia,MDKJ Perera,P Nissanka,MA Starc,0,0,,,,,,,,,
1384405,2023/24,2023-10-16,"Bharat Ratna Shri Atal Bihari Vajpayee Ekana Cricket Stadium, Lucknow",1,14.4,Sri Lanka,Australia,MDKJ Perera,P Nissanka,MA Starc,1,0,,,,,,,,,
1384405,2023/24,2023-10-16,"Bharat Ratna Shri Atal Bihari Vajpayee Ekana Cricket Stadium, Lucknow",1,14.5,Sri Lanka,Australia,P Nissanka,MDKJ Perera,MA Starc,0,0,,,,,,,,,
1384405,2023/24,2023-10-16,"Bharat Ratna Shri Atal Bihari Vajpayee Ekana Cricket Stadium, Lucknow",1,14.6,Sri Lanka,Australia,P Nissanka,MDKJ Perera,MA Starc,1,0,,,,,,,,,
1384405,2023/24,2023-10-16,"Bharat Ratna Shri Atal Bihari Vajpayee Ekana Cricket Stadium, Lucknow",1,14.7,Sri Lanka,Australia,MDKJ Perera,P Nissanka,MA Starc,1,0,,,,,,,,,
1384405,2023/24,2023-10-16,"Bharat Ratna Shri Atal Bihari Vajpayee Ekana Cricket Stadium, Lucknow",1,15.1,Sri Lanka,Australia,MDKJ Perera,P Nissanka,A Zampa,0,1,1,,,,,,,,
1384405,2023/24,2023-10-16,"Bharat Ratna Shri Atal Bihari Vajpayee Ekana Cricket Stadium, Lucknow",1,15.2,Sri Lanka,Australia,MDKJ Perera,P Nissanka,A Zampa,2,0,,,,,,,,,
1384405,2023/24,2023-10-16,"Bharat Ratna Shri Atal Bihari Vajpayee Ekana Cricket Stadium, Lucknow",1,15.3,Sri Lanka,Australia,MDKJ Perera,P Nissanka,A Zampa,4,0,,,,,,,,,
1384405,2023/24,2023-10-16,"Bharat Ratna Shri Atal Bihari Vajpayee Ekana Cricket Stadium, Lucknow",1,15.4,Sri Lanka,Australia,MDKJ Perera,P Nissanka,A Zampa,0,0,,,,,,,,,
1384405,2023/24,2023-10-16,"Bharat Ratna Shri Atal Bihari Vajpayee Ekana Cricket Stadium, Lucknow",1,15.5,Sri Lanka,Australia,MDKJ Perera,P Nissanka,A Zampa,0,0,,,,,,,,,
1384405,2023/24,2023-10-16,"Bharat Ratna Shri Atal Bihari Vajpayee Ekana Cricket Stadium, Lucknow",1,15.6,Sri Lanka,Australia,MDKJ Perera,P Nissanka,A Zampa,0,0,,,,,,,,,
1384405,2023/24,2023-10-16,"Bharat Ratna Shri Atal Bihari Vajpayee Ekana Cricket Stadium, Lucknow",1,15.7,Sri Lanka,Australia,MDKJ Perera,P Nissanka,A Zampa,0,0,,,,,,,,,
1384405,2023/24,2023-10-16,"Bharat Ratna Shri Atal Bihari Vajpayee Ekana Cricket Stadium, Lucknow",1,16.1,Sri Lanka,Australia,P Nissanka,MDKJ Perera,MP Stoinis,1,0,,,,,,,,,
1384405,2023/24,2023-10-16,"Bharat Ratna Shri Atal Bihari Vajpayee Ekana Cricket Stadium, Lucknow",1,16.2,Sri Lanka,Australia,MDKJ Perera,P Nissanka,MP Stoinis,1,0,,,,,,,,,
1384405,2023/24,2023-10-16,"Bharat Ratna Shri Atal Bihari Vajpayee Ekana Cricket Stadium, Lucknow",1,16.3,Sri Lanka,Australia,P Nissanka,MDKJ Perera,MP Stoinis,0,0,,,,,,,,,
1384405,2023/24,2023-10-16,"Bharat Ratna Shri Atal Bihari Vajpayee Ekana Cricket Stadium, Lucknow",1,16.4,Sri Lanka,Australia,P Nissanka,MDKJ Perera,MP Stoinis,2,0,,,,,,,,,
1384405,2023/24,2023-10-16,"Bharat Ratna Shri Atal Bihari Vajpayee Ekana Cricket Stadium, Lucknow",1,16.5,Sri Lanka,Australia,P Nissanka,MDKJ Perera,MP Stoinis,1,0,,,,,,,,,
1384405,2023/24,2023-10-16,"Bharat Ratna Shri Atal Bihari Vajpayee Ekana Cricket Stadium, Lucknow",1,16.6,Sri Lanka,Australia,MDKJ Perera,P Nissanka,MP Stoinis,0,0,,,,,,,,,
1384405,2023/24,2023-10-16,"Bharat Ratna Shri Atal Bihari Vajpayee Ekana Cricket Stadium, Lucknow",1,17.1,Sri Lanka,Australia,P Nissanka,MDKJ Perera,A Zampa,0,0,,,,,,,,,
1384405,2023/24,2023-10-16,"Bharat Ratna Shri Atal Bihari Vajpayee Ekana Cricket Stadium, Lucknow",1,17.2,Sri Lanka,Australia,P Nissanka,MDKJ Perera,A Zampa,1,0,,,,,,,,,
1384405,2023/24,2023-10-16,"Bharat Ratna Shri Atal Bihari Vajpayee Ekana Cricket Stadium, Lucknow",1,17.3,Sri Lanka,Australia,MDKJ Perera,P Nissanka,A Zampa,2,0,,,,,,,,,
1384405,2023/24,2023-10-16,"Bharat Ratna Shri Atal Bihari Vajpayee Ekana Cricket Stadium, Lucknow",1,17.4,Sri Lanka,Australia,MDKJ Perera,P Nissanka,A Zampa,0,0,,,,,,,,,
1384405,2023/24,2023-10-16,"Bharat Ratna Shri Atal Bihari Vajpayee Ekana Cricket Stadium, Lucknow",1,17.5,Sri Lanka,Australia,MDKJ Perera,P Nissanka,A Zampa,0,1,1,,,,,,,,
1384405,2023/24,2023-10-16,"Bharat Ratna Shri Atal Bihari Vajpayee Ekana Cricket Stadium, Lucknow",1,17.6,Sri Lanka,Australia,MDKJ Perera,P Nissanka,A Zampa,0,0,,,,,,,,,
1384405,2023/24,2023-10-16,"Bharat Ratna Shri Atal Bihari Vajpayee Ekana Cricket Stadium, Lucknow",1,17.7,Sri Lanka,Australia,MDKJ Perera,P Nissanka,A Zampa,2,0,,,,,,,,,
1384405,2023/24,2023-10-16,"Bharat Ratna Shri Atal Bihari Vajpayee Ekana Cricket Stadium, Lucknow",1,18.1,Sri Lanka,Australia,P Nissanka,MDKJ Perera,MP Stoinis,0,0,,,,,,,,,
1384405,2023/24,2023-10-16,"Bharat Ratna Shri Atal Bihari Vajpayee Ekana Cricket Stadium, Lucknow",1,18.2,Sri Lanka,Australia,P Nissanka,MDKJ Perera,MP Stoinis,1,0,,,,,,,,,
1384405,2023/24,2023-10-16,"Bharat Ratna Shri Atal Bihari Vajpayee Ekana Cricket Stadium, Lucknow",1,18.3,Sri Lanka,Australia,MDKJ Perera,P Nissanka,MP Stoinis,4,0,,,,,,,,,
1384405,2023/24,2023-10-16,"Bharat Ratna Shri Atal Bihari Vajpayee Ekana Cricket Stadium, Lucknow",1,18.4,Sri Lanka,Australia,MDKJ Perera,P Nissanka,MP Stoinis,1,0,,,,,,,,,
1384405,2023/24,2023-10-16,"Bharat Ratna Shri Atal Bihari Vajpayee Ekana Cricket Stadium, Lucknow",1,18.5,Sri Lanka,Australia,P Nissanka,MDKJ Perera,MP Stoinis,0,0,,,,,,,,,
1384405,2023/24,2023-10-16,"Bharat Ratna Shri Atal Bihari Vajpayee Ekana Cricket Stadium, Lucknow",1,18.6,Sri Lanka,Australia,P Nissanka,MDKJ Perera,MP Stoinis,0,2,,,2,,,,,,
1384405,2023/24,2023-10-16,"Bharat Ratna Shri Atal Bihari Vajpayee Ekana Cricket Stadium, Lucknow",1,19.1,Sri Lanka,Australia,MDKJ Perera,P Nissanka,GJ Maxwell,1,0,,,,,,,,,
1384405,2023/24,2023-10-16,"Bharat Ratna Shri Atal Bihari Vajpayee Ekana Cricket Stadium, Lucknow",1,19.2,Sri Lanka,Australia,P Nissanka,MDKJ Perera,GJ Maxwell,1,0,,,,,,,,,
1384405,2023/24,2023-10-16,"Bharat Ratna Shri Atal Bihari Vajpayee Ekana Cricket Stadium, Lucknow",1,19.3,Sri Lanka,Australia,MDKJ Perera,P Nissanka,GJ Maxwell,0,0,,,,,,,,,
1384405,2023/24,2023-10-16,"Bharat Ratna Shri Atal Bihari Vajpayee Ekana Cricket Stadium, Lucknow",1,19.4,Sri Lanka,Australia,MDKJ Perera,P Nissanka,GJ Maxwell,1,0,,,,,,,,,
1384405,2023/24,2023-10-16,"Bharat Ratna Shri Atal Bihari Vajpayee Ekana Cricket Stadium, Lucknow",1,19.5,Sri Lanka,Australia,P Nissanka,MDKJ Perera,GJ Maxwell,1,0,,,,,,,,,
1384405,2023/24,2023-10-16,"Bharat Ratna Shri Atal Bihari Vajpayee Ekana Cricket Stadium, Lucknow",1,19.6,Sri Lanka,Australia,MDKJ Perera,P Nissanka,GJ Maxwell,0,0,,,,,,,,,
1384405,2023/24,2023-10-16,"Bharat Ratna Shri Atal Bihari Vajpayee Ekana Cricket Stadium, Lucknow",1,20.1,Sri Lanka,Australia,P Nissanka,MDKJ Perera,JR Hazlewood,2,0,,,,,,,,,
1384405,2023/24,2023-10-16,"Bharat Ratna Shri Atal Bihari Vajpayee Ekana Cricket Stadium, Lucknow",1,20.2,Sri Lanka,Australia,P Nissanka,MDKJ Perera,JR Hazlewood,4,0,,,,,,,,,
1384405,2023/24,2023-10-16,"Bharat Ratna Shri Atal Bihari Vajpayee Ekana Cricket Stadium, Lucknow",1,20.3,Sri Lanka,Australia,P Nissanka,MDKJ Perera,JR Hazlewood,0,0,,,,,,,,,
1384405,2023/24,2023-10-16,"Bharat Ratna Shri Atal Bihari Vajpayee Ekana Cricket Stadium, Lucknow",1,20.4,Sri Lanka,Australia,P Nissanka,MDKJ Perera,JR Hazlewood,0,0,,,,,,,,,
1384405,2023/24,2023-10-16,"Bharat Ratna Shri Atal Bihari Vajpayee Ekana Cricket Stadium, Lucknow",1,20.5,Sri Lanka,Australia,P Nissanka,MDKJ Perera,JR Hazlewood,1,0,,,,,,,,,
1384405,2023/24,2023-10-16,"Bharat Ratna Shri Atal Bihari Vajpayee Ekana Cricket Stadium, Lucknow",1,20.6,Sri Lanka,Australia,MDKJ Perera,P Nissanka,JR Hazlewood,0,0,,,,,,,,,
1384405,2023/24,2023-10-16,"Bharat Ratna Shri Atal Bihari Vajpayee Ekana Cricket Stadium, Lucknow",1,21.1,Sri Lanka,Australia,P Nissanka,MDKJ Perera,PJ Cummins,0,0,,,,,,,,,
1384405,2023/24,2023-10-16,"Bharat Ratna Shri Atal Bihari Vajpayee Ekana Cricket Stadium, Lucknow",1,21.2,Sri Lanka,Australia,P Nissanka,MDKJ Perera,PJ Cummins,0,0,,,,,,,,,
1384405,2023/24,2023-10-16,"Bharat Ratna Shri Atal Bihari Vajpayee Ekana Cricket Stadium, Lucknow",1,21.3,Sri Lanka,Australia,P Nissanka,MDKJ Perera,PJ Cummins,4,0,,,,,,,,,
1384405,2023/24,2023-10-16,"Bharat Ratna Shri Atal Bihari Vajpayee Ekana Cricket Stadium, Lucknow",1,21.4,Sri Lanka,Australia,P Nissanka,MDKJ Perera,PJ Cummins,0,0,,,,,,caught,P Nissanka,,
1384405,2023/24,2023-10-16,"Bharat Ratna Shri Atal Bihari Vajpayee Ekana Cricket Stadium, Lucknow",1,21.5,Sri Lanka,Australia,BKG Mendis,MDKJ Perera,PJ Cummins,1,0,,,,,,,,,
1384405,2023/24,2023-10-16,"Bharat Ratna Shri Atal Bihari Vajpayee Ekana Cricket Stadium, Lucknow",1,21.6,Sri Lanka,Australia,MDKJ Perera,BKG Mendis,PJ Cummins,1,0,,,,,,,,,
1384405,2023/24,2023-10-16,"Bharat Ratna Shri Atal Bihari Vajpayee Ekana Cricket Stadium, Lucknow",1,22.1,Sri Lanka,Australia,MDKJ Perera,BKG Mendis,JR Hazlewood,4,0,,,,,,,,,
1384405,2023/24,2023-10-16,"Bharat Ratna Shri Atal Bihari Vajpayee Ekana Cricket Stadium, Lucknow",1,22.2,Sri Lanka,Australia,MDKJ Perera,BKG Mendis,JR Hazlewood,4,0,,,,,,,,,
1384405,2023/24,2023-10-16,"Bharat Ratna Shri Atal Bihari Vajpayee Ekana Cricket Stadium, Lucknow",1,22.3,Sri Lanka,Australia,MDKJ Perera,BKG Mendis,JR Hazlewood,0,0,,,,,,,,,
1384405,2023/24,2023-10-16,"Bharat Ratna Shri Atal Bihari Vajpayee Ekana Cricket Stadium, Lucknow",1,22.4,Sri Lanka,Australia,MDKJ Perera,BKG Mendis,JR Hazlewood,1,0,,,,,,,,,
1384405,2023/24,2023-10-16,"Bharat Ratna Shri Atal Bihari Vajpayee Ekana Cricket Stadium, Lucknow",1,22.5,Sri Lanka,Australia,BKG Mendis,MDKJ Perera,JR Hazlewood,0,0,,,,,,,,,
1384405,2023/24,2023-10-16,"Bharat Ratna Shri Atal Bihari Vajpayee Ekana Cricket Stadium, Lucknow",1,22.6,Sri Lanka,Australia,BKG Mendis,MDKJ Perera,JR Hazlewood,1,0,,,,,,,,,
1384405,2023/24,2023-10-16,"Bharat Ratna Shri Atal Bihari Vajpayee Ekana Cricket Stadium, Lucknow",1,23.1,Sri Lanka,Australia,BKG Mendis,MDKJ Perera,GJ Maxwell,1,0,,,,,,,,,
1384405,2023/24,2023-10-16,"Bharat Ratna Shri Atal Bihari Vajpayee Ekana Cricket Stadium, Lucknow",1,23.2,Sri Lanka,Australia,MDKJ Perera,BKG Mendis,GJ Maxwell,1,0,,,,,,,,,
1384405,2023/24,2023-10-16,"Bharat Ratna Shri Atal Bihari Vajpayee Ekana Cricket Stadium, Lucknow",1,23.3,Sri Lanka,Australia,BKG Mendis,MDKJ Perera,GJ Maxwell,1,0,,,,,,,,,
1384405,2023/24,2023-10-16,"Bharat Ratna Shri Atal Bihari Vajpayee Ekana Cricket Stadium, Lucknow",1,23.4,Sri Lanka,Australia,MDKJ Perera,BKG Mendis,GJ Maxwell,0,0,,,,,,,,,
1384405,2023/24,2023-10-16,"Bharat Ratna Shri Atal Bihari Vajpayee Ekana Cricket Stadium, Lucknow",1,23.5,Sri Lanka,Australia,MDKJ Perera,BKG Mendis,GJ Maxwell,4,0,,,,,,,,,
1384405,2023/24,2023-10-16,"Bharat Ratna Shri Atal Bihari Vajpayee Ekana Cricket Stadium, Lucknow",1,23.6,Sri Lanka,Australia,MDKJ Perera,BKG Mendis,GJ Maxwell,1,0,,,,,,,,,
1384405,2023/24,2023-10-16,"Bharat Ratna Shri Atal Bihari Vajpayee Ekana Cricket Stadium, Lucknow",1,24.1,Sri Lanka,Australia,MDKJ Perera,BKG Mendis,PJ Cummins,1,0,,,,,,,,,
1384405,2023/24,2023-10-16,"Bharat Ratna Shri Atal Bihari Vajpayee Ekana Cricket Stadium, Lucknow",1,24.2,Sri Lanka,Australia,BKG Mendis,MDKJ Perera,PJ Cummins,1,0,,,,,,,,,
1384405,2023/24,2023-10-16,"Bharat Ratna Shri Atal Bihari Vajpayee Ekana Cricket Stadium, Lucknow",1,24.3,Sri Lanka,Australia,MDKJ Perera,BKG Mendis,PJ Cummins,4,0,,,,,,,,,
1384405,2023/24,2023-10-16,"Bharat Ratna Shri Atal Bihari Vajpayee Ekana Cricket Stadium, Lucknow",1,24.4,Sri Lanka,Australia,MDKJ Perera,BKG Mendis,PJ Cummins,0,0,,,,,,,,,
1384405,2023/24,2023-10-16,"Bharat Ratna Shri Atal Bihari Vajpayee Ekana Cricket Stadium, Lucknow",1,24.5,Sri Lanka,Australia,MDKJ Perera,BKG Mendis,PJ Cummins,0,0,,,,,,,,,
1384405,2023/24,2023-10-16,"Bharat Ratna Shri Atal Bihari Vajpayee Ekana Cricket Stadium, Lucknow",1,24.6,Sri Lanka,Australia,MDKJ Perera,BKG Mendis,PJ Cummins,1,0,,,,,,,,,
1384405,2023/24,2023-10-16,"Bharat Ratna Shri Atal Bihari Vajpayee Ekana Cricket Stadium, Lucknow",1,25.1,Sri Lanka,Australia,MDKJ Perera,BKG Mendis,GJ Maxwell,0,0,,,,,,,,,
1384405,2023/24,2023-10-16,"Bharat Ratna Shri Atal Bihari Vajpayee Ekana Cricket Stadium, Lucknow",1,25.2,Sri Lanka,Australia,MDKJ Perera,BKG Mendis,GJ Maxwell,0,0,,,,,,,,,
1384405,2023/24,2023-10-16,"Bharat Ratna Shri Atal Bihari Vajpayee Ekana Cricket Stadium, Lucknow",1,25.3,Sri Lanka,Australia,MDKJ Perera,BKG Mendis,GJ Maxwell,1,0,,,,,,,,,
1384405,2023/24,2023-10-16,"Bharat Ratna Shri Atal Bihari Vajpayee Ekana Cricket Stadium, Lucknow",1,25.4,Sri Lanka,Australia,BKG Mendis,MDKJ Perera,GJ Maxwell,1,0,,,,,,,,,
1384405,2023/24,2023-10-16,"Bharat Ratna Shri Atal Bihari Vajpayee Ekana Cricket Stadium, Lucknow",1,25.5,Sri Lanka,Australia,MDKJ Perera,BKG Mendis,GJ Maxwell,1,0,,,,,,,,,
1384405,2023/24,2023-10-16,"Bharat Ratna Shri Atal Bihari Vajpayee Ekana Cricket Stadium, Lucknow",1,25.6,Sri Lanka,Australia,BKG Mendis,MDKJ Perera,GJ Maxwell,1,0,,,,,,,,,
1384405,2023/24,2023-10-16,"Bharat Ratna Shri Atal Bihari Vajpayee Ekana Cricket Stadium, Lucknow",1,26.1,Sri Lanka,Australia,BKG Mendis,MDKJ Perera,PJ Cummins,1,0,,,,,,,,,
1384405,2023/24,2023-10-16,"Bharat Ratna Shri Atal Bihari Vajpayee Ekana Cricket Stadium, Lucknow",1,26.2,Sri Lanka,Australia,MDKJ Perera,BKG Mendis,PJ Cummins,0,0,,,,,,bowled,MDKJ Perera,,
1384405,2023/24,2023-10-16,"Bharat Ratna Shri Atal Bihari Vajpayee Ekana Cricket Stadium, Lucknow",1,26.3,Sri Lanka,Australia,S Samarawickrama,BKG Mendis,PJ Cummins,0,0,,,,,,,,,
1384405,2023/24,2023-10-16,"Bharat Ratna Shri Atal Bihari Vajpayee Ekana Cricket Stadium, Lucknow",1,26.4,Sri Lanka,Australia,S Samarawickrama,BKG Mendis,PJ Cummins,0,0,,,,,,,,,
1384405,2023/24,2023-10-16,"Bharat Ratna Shri Atal Bihari Vajpayee Ekana Cricket Stadium, Lucknow",1,26.5,Sri Lanka,Australia,S Samarawickrama,BKG Mendis,PJ Cummins,1,0,,,,,,,,,
1384405,2023/24,2023-10-16,"Bharat Ratna Shri Atal Bihari Vajpayee Ekana Cricket Stadium, Lucknow",1,26.6,Sri Lanka,Australia,BKG Mendis,S Samarawickrama,PJ Cummins,0,0,,,,,,,,,
1384405,2023/24,2023-10-16,"Bharat Ratna Shri Atal Bihari Vajpayee Ekana Cricket Stadium, Lucknow",1,27.1,Sri Lanka,Australia,S Samarawickrama,BKG Mendis,A Zampa,1,0,,,,,,,,,
1384405,2023/24,2023-10-16,"Bharat Ratna Shri Atal Bihari Vajpayee Ekana Cricket Stadium, Lucknow",1,27.2,Sri Lanka,Australia,BKG Mendis,S Samarawickrama,A Zampa,1,0,,,,,,,,,
1384405,2023/24,2023-10-16,"Bharat Ratna Shri Atal Bihari Vajpayee Ekana Cricket Stadium, Lucknow",1,27.3,Sri Lanka,Australia,S Samarawickrama,BKG Mendis,A Zampa,4,0,,,,,,,,,
1384405,2023/24,2023-10-16,"Bharat Ratna Shri Atal Bihari Vajpayee Ekana Cricket Stadium, Lucknow",1,27.4,Sri Lanka,Australia,S Samarawickrama,BKG Mendis,A Zampa,1,0,,,,,,,,,
1384405,2023/24,2023-10-16,"Bharat Ratna Shri Atal Bihari Vajpayee Ekana Cricket Stadium, Lucknow",1,27.5,Sri Lanka,Australia,BKG Mendis,S Samarawickrama,A Zampa,0,0,,,,,,,,,
1384405,2023/24,2023-10-16,"Bharat Ratna Shri Atal Bihari Vajpayee Ekana Cricket Stadium, Lucknow",1,27.6,Sri Lanka,Australia,BKG Mendis,S Samarawickrama,A Zampa,0,0,,,,,,caught,BKG Mendis,,
1384405,2023/24,2023-10-16,"Bharat Ratna Shri Atal Bihari Vajpayee Ekana Cricket Stadium, Lucknow",1,28.1,Sri Lanka,Australia,S Samarawickrama,KIC Asalanka,PJ Cummins,1,0,,,,,,,,,
1384405,2023/24,2023-10-16,"Bharat Ratna Shri Atal Bihari Vajpayee Ekana Cricket Stadium, Lucknow",1,28.2,Sri Lanka,Australia,KIC Asalanka,S Samarawickrama,PJ Cummins,0,0,,,,,,,,,
1384405,2023/24,2023-10-16,"Bharat Ratna Shri Atal Bihari Vajpayee Ekana Cricket Stadium, Lucknow",1,28.3,Sri Lanka,Australia,KIC Asalanka,S Samarawickrama,PJ Cummins,0,0,,,,,,,,,
1384405,2023/24,2023-10-16,"Bharat Ratna Shri Atal Bihari Vajpayee Ekana Cricket Stadium, Lucknow",1,28.4,Sri Lanka,Australia,KIC Asalanka,S Samarawickrama,PJ Cummins,0,0,,,,,,,,,
1384405,2023/24,2023-10-16,"Bharat Ratna Shri Atal Bihari Vajpayee Ekana Cricket Stadium, Lucknow",1,28.5,Sri Lanka,Australia,KIC Asalanka,S Samarawickrama,PJ Cummins,0,0,,,,,,,,,
1384405,2023/24,2023-10-16,"Bharat Ratna Shri Atal Bihari Vajpayee Ekana Cricket Stadium, Lucknow",1,28.6,Sri Lanka,Australia,KIC Asalanka,S Samarawickrama,PJ Cummins,0,0,,,,,,,,,
1384405,2023/24,2023-10-16,"Bharat Ratna Shri Atal Bihari Vajpayee Ekana Cricket Stadium, Lucknow",1,29.1,Sri Lanka,Australia,S Samarawickrama,KIC Asalanka,A Zampa,0,0,,,,,,lbw,S Samarawickrama,,
1384405,2023/24,2023-10-16,"Bharat Ratna Shri Atal Bihari Vajpayee Ekana Cricket Stadium, Lucknow",1,29.2,Sri Lanka,Australia,DM de Silva,KIC Asalanka,A Zampa,0,0,,,,,,,,,
1384405,2023/24,2023-10-16,"Bharat Ratna Shri Atal Bihari Vajpayee Ekana Cricket Stadium, Lucknow",1,29.3,Sri Lanka,Australia,DM de Silva,KIC Asalanka,A Zampa,0,0,,,,,,,,,
1384405,2023/24,2023-10-16,"Bharat Ratna Shri Atal Bihari Vajpayee Ekana Cricket Stadium, Lucknow",1,29.4,Sri Lanka,Australia,DM de Silva,KIC Asalanka,A Zampa,0,0,,,,,,,,,
1384405,2023/24,2023-10-16,"Bharat Ratna Shri Atal Bihari Vajpayee Ekana Cricket Stadium, Lucknow",1,29.5,Sri Lanka,Australia,DM de Silva,KIC Asalanka,A Zampa,0,0,,,,,,,,,
1384405,2023/24,2023-10-16,"Bharat Ratna Shri Atal Bihari Vajpayee Ekana Cricket Stadium, Lucknow",1,29.6,Sri Lanka,Australia,DM de Silva,KIC Asalanka,A Zampa,0,0,,,,,,,,,
1384405,2023/24,2023-10-16,"Bharat Ratna Shri Atal Bihari Vajpayee Ekana Cricket Stadium, Lucknow",1,30.1,Sri Lanka,Australia,KIC Asalanka,DM de Silva,MA Starc,0,0,,,,,,,,,
1384405,2023/24,2023-10-16,"Bharat Ratna Shri Atal Bihari Vajpayee Ekana Cricket Stadium, Lucknow",1,30.2,Sri Lanka,Australia,KIC Asalanka,DM de Silva,MA Starc,0,1,1,,,,,,,,
1384405,2023/24,2023-10-16,"Bharat Ratna Shri Atal Bihari Vajpayee Ekana Cricket Stadium, Lucknow",1,30.3,Sri Lanka,Australia,KIC Asalanka,DM de Silva,MA Starc,1,0,,,,,,,,,
1384405,2023/24,2023-10-16,"Bharat Ratna Shri Atal Bihari Vajpayee Ekana Cricket Stadium, Lucknow",1,30.4,Sri Lanka,Australia,DM de Silva,KIC Asalanka,MA Starc,0,0,,,,,,,,,
1384405,2023/24,2023-10-16,"Bharat Ratna Shri Atal Bihari Vajpayee Ekana Cricket Stadium, Lucknow",1,30.5,Sri Lanka,Australia,DM de Silva,KIC Asalanka,MA Starc,0,0,,,,,,,,,
1384405,2023/24,2023-10-16,"Bharat Ratna Shri Atal Bihari Vajpayee Ekana Cricket Stadium, Lucknow",1,30.6,Sri Lanka,Australia,DM de Silva,KIC Asalanka,MA Starc,1,0,,,,,,,,,
1384405,2023/24,2023-10-16,"Bharat Ratna Shri Atal Bihari Vajpayee Ekana Cricket Stadium, Lucknow",1,30.7,Sri Lanka,Australia,KIC Asalanka,DM de Silva,MA Starc,0,0,,,,,,,,,
1384405,2023/24,2023-10-16,"Bharat Ratna Shri Atal Bihari Vajpayee Ekana Cricket Stadium, Lucknow",1,31.1,Sri Lanka,Australia,DM de Silva,KIC Asalanka,A Zampa,4,0,,,,,,,,,
1384405,2023/24,2023-10-16,"Bharat Ratna Shri Atal Bihari Vajpayee Ekana Cricket Stadium, Lucknow",1,31.2,Sri Lanka,Australia,DM de Silva,KIC Asalanka,A Zampa,1,0,,,,,,,,,
1384405,2023/24,2023-10-16,"Bharat Ratna Shri Atal Bihari Vajpayee Ekana Cricket Stadium, Lucknow",1,31.3,Sri Lanka,Australia,KIC Asalanka,DM de Silva,A Zampa,1,0,,,,,,,,,
1384405,2023/24,2023-10-16,"Bharat Ratna Shri Atal Bihari Vajpayee Ekana Cricket Stadium, Lucknow",1,31.4,Sri Lanka,Australia,DM de Silva,KIC Asalanka,A Zampa,1,0,,,,,,,,,
1384405,2023/24,2023-10-16,"Bharat Ratna Shri Atal Bihari Vajpayee Ekana Cricket Stadium, Lucknow",1,31.5,Sri Lanka,Australia,KIC Asalanka,DM de Silva,A Zampa,0,0,,,,,,,,,
1384405,2023/24,2023-10-16,"Bharat Ratna Shri Atal Bihari Vajpayee Ekana Cricket Stadium, Lucknow",1,31.6,Sri Lanka,Australia,KIC Asalanka,DM de Silva,A Zampa,1,0,,,,,,,,,
1384405,2023/24,2023-10-16,"Bharat Ratna Shri Atal Bihari Vajpayee Ekana Cricket Stadium, Lucknow",1,32.1,Sri Lanka,Australia,KIC Asalanka,DM de Silva,MA Starc,1,0,,,,,,,,,
1384405,2023/24,2023-10-16,"Bharat Ratna Shri Atal Bihari Vajpayee Ekana Cricket Stadium, Lucknow",1,32.2,Sri Lanka,Australia,DM de Silva,KIC Asalanka,MA Starc,0,0,,,,,,,,,
1384405,2023/24,2023-10-16,"Bharat Ratna Shri Atal Bihari Vajpayee Ekana Cricket Stadium, Lucknow",1,32.3,Sri Lanka,Australia,DM de Silva,KIC Asalanka,MA Starc,0,0,,,,,,bowled,DM de Silva,,
1384405,2023/24,2023-10-16,"Bharat Ratna Shri Atal Bihari Vajpayee Ekana Cricket Stadium, Lucknow",1,32.4,Sri Lanka,Australia,DN Wellalage,KIC Asalanka,MA Starc,1,0,,,,,,,,,
1384405,2023/24,2023-10-16,"Bharat Ratna Shri Atal Bihari Vajpayee Ekana Cricket Stadium, Lucknow",1,32.5,Sri Lanka,Australia,KIC Asalanka,DN Wellalage,MA Starc,1,0,,,,,,,,,
1384405,2023/24,2023-10-16,"Bharat Ratna Shri Atal Bihari Vajpayee Ekana Cricket Stadium, Lucknow",1,32.6,Sri Lanka,Australia,DN Wellalage,KIC Asalanka,MA Starc,0,0,,,,,,,,,
1384405,2023/24,2023-10-16,"Bharat Ratna Shri Atal Bihari Vajpayee Ekana Cricket Stadium, Lucknow",1,33.1,Sri Lanka,Australia,KIC Asalanka,DN Wellalage,GJ Maxwell,1,0,,,,,,,,,
1384405,2023/24,2023-10-16,"Bharat Ratna Shri Atal Bihari Vajpayee Ekana Cricket Stadium, Lucknow",1,33.2,Sri Lanka,Australia,DN Wellalage,KIC Asalanka,GJ Maxwell,0,0,,,,,,,,,
1384405,2023/24,2023-10-16,"Bharat Ratna Shri Atal Bihari Vajpayee Ekana Cricket Stadium, Lucknow",1,33.3,Sri Lanka,Australia,DN Wellalage,KIC Asalanka,GJ Maxwell,0,0,,,,,,,,,
1384405,2023/24,2023-10-16,"Bharat Ratna Shri Atal Bihari Vajpayee Ekana Cricket Stadium, Lucknow",1,33.4,Sri Lanka,Australia,DN Wellalage,KIC Asalanka,GJ Maxwell,1,0,,,,,,,,,
1384405,2023/24,2023-10-16,"Bharat Ratna Shri Atal Bihari Vajpayee Ekana Cricket Stadium, Lucknow",1,33.5,Sri Lanka,Australia,KIC Asalanka,DN Wellalage,GJ Maxwell,0,0,,,,,,,,,
1384405,2023/24,2023-10-16,"Bharat Ratna Shri Atal Bihari Vajpayee Ekana Cricket Stadium, Lucknow",1,33.6,Sri Lanka,Australia,KIC Asalanka,DN Wellalage,GJ Maxwell,1,0,,,,,,,,,
1384405,2023/24,2023-10-16,"Bharat Ratna Shri Atal Bihari Vajpayee Ekana Cricket Stadium, Lucknow",1,34.1,Sri Lanka,Australia,KIC Asalanka,DN Wellalage,MA Starc,1,0,,,,,,,,,
1384405,2023/24,2023-10-16,"Bharat Ratna Shri Atal Bihari Vajpayee Ekana Cricket Stadium, Lucknow",1,34.2,Sri Lanka,Australia,DN Wellalage,KIC Asalanka,MA Starc,0,0,,,,,,,,,
1384405,2023/24,2023-10-16,"Bharat Ratna Shri Atal Bihari Vajpayee Ekana Cricket Stadium, Lucknow",1,34.3,Sri Lanka,Australia,DN Wellalage,KIC Asalanka,MA Starc,0,0,,,,,,,,,
1384405,2023/24,2023-10-16,"Bharat Ratna Shri Atal Bihari Vajpayee Ekana Cricket Stadium, Lucknow",1,34.4,Sri Lanka,Australia,DN Wellalage,KIC Asalanka,MA Starc,0,0,,,,,,,,,
1384405,2023/24,2023-10-16,"Bharat Ratna Shri Atal Bihari Vajpayee Ekana Cricket Stadium, Lucknow",1,34.5,Sri Lanka,Australia,DN Wellalage,KIC Asalanka,MA Starc,0,0,,,,,,run out,DN Wellalage,,
1384405,2023/24,2023-10-16,"Bharat Ratna Shri Atal Bihari Vajpayee Ekana Cricket Stadium, Lucknow",1,34.6,Sri Lanka,Australia,KIC Asalanka,C Karunaratne,MA Starc,0,0,,,,,,,,,
1384405,2023/24,2023-10-16,"Bharat Ratna Shri Atal Bihari Vajpayee Ekana Cricket Stadium, Lucknow",1,35.1,Sri Lanka,Australia,C Karunaratne,KIC Asalanka,GJ Maxwell,1,0,,,,,,,,,
1384405,2023/24,2023-10-16,"Bharat Ratna Shri Atal Bihari Vajpayee Ekana Cricket Stadium, Lucknow",1,35.2,Sri Lanka,Australia,KIC Asalanka,C Karunaratne,GJ Maxwell,0,0,,,,,,,,,
1384405,2023/24,2023-10-16,"Bharat Ratna Shri Atal Bihari Vajpayee Ekana Cricket Stadium, Lucknow",1,35.3,Sri Lanka,Australia,KIC Asalanka,C Karunaratne,GJ Maxwell,1,0,,,,,,,,,
1384405,2023/24,2023-10-16,"Bharat Ratna Shri Atal Bihari Vajpayee Ekana Cricket Stadium, Lucknow",1,35.4,Sri Lanka,Australia,C Karunaratne,KIC Asalanka,GJ Maxwell,0,0,,,,,,,,,
1384405,2023/24,2023-10-16,"Bharat Ratna Shri Atal Bihari Vajpayee Ekana Cricket Stadium, Lucknow",1,35.5,Sri Lanka,Australia,C Karunaratne,KIC Asalanka,GJ Maxwell,0,0,,,,,,,,,
1384405,2023/24,2023-10-16,"Bharat Ratna Shri Atal Bihari Vajpayee Ekana Cricket Stadium, Lucknow",1,35.6,Sri Lanka,Australia,C Karunaratne,KIC Asalanka,GJ Maxwell,0,0,,,,,,,,,
1384405,2023/24,2023-10-16,"Bharat Ratna Shri Atal Bihari Vajpayee Ekana Cricket Stadium, Lucknow",1,36.1,Sri Lanka,Australia,KIC Asalanka,C Karunaratne,JR Hazlewood,0,0,,,,,,,,,
1384405,2023/24,2023-10-16,"Bharat Ratna Shri Atal Bihari Vajpayee Ekana Cricket Stadium, Lucknow",1,36.2,Sri Lanka,Australia,KIC Asalanka,C Karunaratne,JR Hazlewood,1,0,,,,,,,,,
1384405,2023/24,2023-10-16,"Bharat Ratna Shri Atal Bihari Vajpayee Ekana Cricket Stadium, Lucknow",1,36.3,Sri Lanka,Australia,C Karunaratne,KIC Asalanka,JR Hazlewood,0,0,,,,,,,,,
1384405,2023/24,2023-10-16,"Bharat Ratna Shri Atal Bihari Vajpayee Ekana Cricket Stadium, Lucknow",1,36.4,Sri Lanka,Australia,C Karunaratne,KIC Asalanka,JR Hazlewood,0,0,,,,,,,,,
1384405,2023/24,2023-10-16,"Bharat Ratna Shri Atal Bihari Vajpayee Ekana Cricket Stadium, Lucknow",1,36.5,Sri Lanka,Australia,C Karunaratne,KIC Asalanka,JR Hazlewood,0,0,,,,,,,,,
1384405,2023/24,2023-10-16,"Bharat Ratna Shri Atal Bihari Vajpayee Ekana Cricket Stadium, Lucknow",1,36.6,Sri Lanka,Australia,C Karunaratne,KIC Asalanka,JR Hazlewood,0,0,,,,,,,,,
1384405,2023/24,2023-10-16,"Bharat Ratna Shri Atal Bihari Vajpayee Ekana Cricket Stadium, Lucknow",1,37.1,Sri Lanka,Australia,KIC Asalanka,C Karunaratne,A Zampa,6,0,,,,,,,,,
1384405,2023/24,2023-10-16,"Bharat Ratna Shri Atal Bihari Vajpayee Ekana Cricket Stadium, Lucknow",1,37.2,Sri Lanka,Australia,KIC Asalanka,C Karunaratne,A Zampa,1,0,,,,,,,,,
1384405,2023/24,2023-10-16,"Bharat Ratna Shri Atal Bihari Vajpayee Ekana Cricket Stadium, Lucknow",1,37.3,Sri Lanka,Australia,C Karunaratne,KIC Asalanka,A Zampa,0,0,,,,,,,,,
1384405,2023/24,2023-10-16,"Bharat Ratna Shri Atal Bihari Vajpayee Ekana Cricket Stadium, Lucknow",1,37.4,Sri Lanka,Australia,C Karunaratne,KIC Asalanka,A Zampa,1,0,,,,,,,,,
1384405,2023/24,2023-10-16,"Bharat Ratna Shri Atal Bihari Vajpayee Ekana Cricket Stadium, Lucknow",1,37.5,Sri Lanka,Australia,KIC Asalanka,C Karunaratne,A Zampa,1,0,,,,,,,,,
1384405,2023/24,2023-10-16,"Bharat Ratna Shri Atal Bihari Vajpayee Ekana Cricket Stadium, Lucknow",1,37.6,Sri Lanka,Australia,C Karunaratne,KIC Asalanka,A Zampa,0,0,,,,,,lbw,C Karunaratne,,
1384405,2023/24,2023-10-16,"Bharat Ratna Shri Atal Bihari Vajpayee Ekana Cricket Stadium, Lucknow",1,38.1,Sri Lanka,Australia,KIC Asalanka,M Theekshana,JR Hazlewood,0,0,,,,,,,,,
1384405,2023/24,2023-10-16,"Bharat Ratna Shri Atal Bihari Vajpayee Ekana Cricket Stadium, Lucknow",1,38.2,Sri Lanka,Australia,KIC Asalanka,M Theekshana,JR Hazlewood,1,0,,,,,,,,,
1384405,2023/24,2023-10-16,"Bharat Ratna Shri Atal Bihari Vajpayee Ekana Cricket Stadium, Lucknow",1,38.3,Sri Lanka,Australia,M Theekshana,KIC Asalanka,JR Hazlewood,0,0,,,,,,,,,
1384405,2023/24,2023-10-16,"Bharat Ratna Shri Atal Bihari Vajpayee Ekana Cricket Stadium, Lucknow",1,38.4,Sri Lanka,Australia,M Theekshana,KIC Asalanka,JR Hazlewood,0,0,,,,,,,,,
1384405,2023/24,2023-10-16,"Bharat Ratna Shri Atal Bihari Vajpayee Ekana Cricket Stadium, Lucknow",1,38.5,Sri Lanka,Australia,M Theekshana,KIC Asalanka,JR Hazlewood,0,0,,,,,,,,,
1384405,2023/24,2023-10-16,"Bharat Ratna Shri Atal Bihari Vajpayee Ekana Cricket Stadium, Lucknow",1,38.6,Sri Lanka,Australia,M Theekshana,KIC Asalanka,JR Hazlewood,0,1,1,,,,,,,,
1384405,2023/24,2023-10-16,"Bharat Ratna Shri Atal Bihari Vajpayee Ekana Cricket Stadium, Lucknow",1,38.7,Sri Lanka,Australia,M Theekshana,KIC Asalanka,JR Hazlewood,0,0,,,,,,,,,
1384405,2023/24,2023-10-16,"Bharat Ratna Shri Atal Bihari Vajpayee Ekana Cricket Stadium, Lucknow",1,39.1,Sri Lanka,Australia,KIC Asalanka,M Theekshana,A Zampa,1,0,,,,,,,,,
1384405,2023/24,2023-10-16,"Bharat Ratna Shri Atal Bihari Vajpayee Ekana Cricket Stadium, Lucknow",1,39.2,Sri Lanka,Australia,M Theekshana,KIC Asalanka,A Zampa,0,0,,,,,,lbw,M Theekshana,,
1384405,2023/24,2023-10-16,"Bharat Ratna Shri Atal Bihari Vajpayee Ekana Cricket Stadium, Lucknow",1,39.3,Sri Lanka,Australia,CBRLS Kumara,KIC Asalanka,A Zampa,0,0,,,,,,,,,
1384405,2023/24,2023-10-16,"Bharat Ratna Shri Atal Bihari Vajpayee Ekana Cricket Stadium, Lucknow",1,39.4,Sri Lanka,Australia,CBRLS Kumara,KIC Asalanka,A Zampa,0,0,,,,,,,,,
1384405,2023/24,2023-10-16,"Bharat Ratna Shri Atal Bihari Vajpayee Ekana Cricket Stadium, Lucknow",1,39.5,Sri Lanka,Australia,CBRLS Kumara,KIC Asalanka,A Zampa,0,0,,,,,,,,,
1384405,2023/24,2023-10-16,"Bharat Ratna Shri Atal Bihari Vajpayee Ekana Cricket Stadium, Lucknow",1,39.6,Sri Lanka,Australia,CBRLS Kumara,KIC Asalanka,A Zampa,0,0,,,,,,,,,
1384405,2023/24,2023-10-16,"Bharat Ratna Shri Atal Bihari Vajpayee Ekana Cricket Stadium, Lucknow",1,40.1,Sri Lanka,Australia,KIC Asalanka,CBRLS Kumara,MA Starc,1,0,,,,,,,,,
1384405,2023/24,2023-10-16,"Bharat Ratna Shri Atal Bihari Vajpayee Ekana Cricket Stadium, Lucknow",1,40.2,Sri Lanka,Australia,CBRLS Kumara,KIC Asalanka,MA Starc,4,0,,,,,,,,,
1384405,2023/24,2023-10-16,"Bharat Ratna Shri Atal Bihari Vajpayee Ekana Cricket Stadium, Lucknow",1,40.3,Sri Lanka,Australia,CBRLS Kumara,KIC Asalanka,MA Starc,0,0,,,,,,,,,
1384405,2023/24,2023-10-16,"Bharat Ratna Shri Atal Bihari Vajpayee Ekana Cricket Stadium, Lucknow",1,40.4,Sri Lanka,Australia,CBRLS Kumara,KIC Asalanka,MA Starc,0,0,,,,,,,,,
1384405,2023/24,2023-10-16,"Bharat Ratna Shri Atal Bihari Vajpayee Ekana Cricket Stadium, Lucknow",1,40.5,Sri Lanka,Australia,CBRLS Kumara,KIC Asalanka,MA Starc,0,0,,,,,,bowled,CBRLS Kumara,,
1384405,2023/24,2023-10-16,"Bharat Ratna Shri Atal Bihari Vajpayee Ekana Cricket Stadium, Lucknow",1,40.6,Sri Lanka,Australia,D Madushanka,KIC Asalanka,MA Starc,0,0,,,,,,,,,
1384405,2023/24,2023-10-16,"Bharat Ratna Shri Atal Bihari Vajpayee Ekana Cricket Stadium, Lucknow",1,41.1,Sri Lanka,Australia,KIC Asalanka,D Madushanka,GJ Maxwell,0,0,,,,,,,,,
1384405,2023/24,2023-10-16,"Bharat Ratna Shri Atal Bihari Vajpayee Ekana Cricket Stadium, Lucknow",1,41.2,Sri Lanka,Australia,KIC Asalanka,D Madushanka,GJ Maxwell,0,0,,,,,,,,,
1384405,2023/24,2023-10-16,"Bharat Ratna Shri Atal Bihari Vajpayee Ekana Cricket Stadium, Lucknow",1,41.3,Sri Lanka,Australia,KIC Asalanka,D Madushanka,GJ Maxwell,0,0,,,,,,,,,
1384405,2023/24,2023-10-16,"Bharat Ratna Shri Atal Bihari Vajpayee Ekana Cricket Stadium, Lucknow",1,41.4,Sri Lanka,Australia,KIC Asalanka,D Madushanka,GJ Maxwell,0,0,,,,,,,,,
1384405,2023/24,2023-10-16,"Bharat Ratna Shri Atal Bihari Vajpayee Ekana Cricket Stadium, Lucknow",1,41.5,Sri Lanka,Australia,KIC Asalanka,D Madushanka,GJ Maxwell,1,0,,,,,,,,,
1384405,2023/24,2023-10-16,"Bharat Ratna Shri Atal Bihari Vajpayee Ekana Cricket Stadium, Lucknow",1,41.6,Sri Lanka,Australia,D Madushanka,KIC Asalanka,GJ Maxwell,0,0,,,,,,,,,
1384405,2023/24,2023-10-16,"Bharat Ratna Shri Atal Bihari Vajpayee Ekana Cricket Stadium, Lucknow",1,42.1,Sri Lanka,Australia,KIC Asalanka,D Madushanka,MA Starc,0,0,,,,,,,,,
1384405,2023/24,2023-10-16,"Bharat Ratna Shri Atal Bihari Vajpayee Ekana Cricket Stadium, Lucknow",1,42.2,Sri Lanka,Australia,KIC Asalanka,D Madushanka,MA Starc,1,0,,,,,,,,,
1384405,2023/24,2023-10-16,"Bharat Ratna Shri Atal Bihari Vajpayee Ekana Cricket Stadium, Lucknow",1,42.3,Sri Lanka,Australia,D Madushanka,KIC Asalanka,MA Starc,0,0,,,,,,,,,
1384405,2023/24,2023-10-16,"Bharat Ratna Shri Atal Bihari Vajpayee Ekana Cricket Stadium, Lucknow",1,42.4,Sri Lanka,Australia,D Madushanka,KIC Asalanka,MA Starc,0,0,,,,,,,,,
1384405,2023/24,2023-10-16,"Bharat Ratna Shri Atal Bihari Vajpayee Ekana Cricket Stadium, Lucknow",1,42.5,Sri Lanka,Australia,D Madushanka,KIC Asalanka,MA Starc,0,1,1,,,,,,,,
1384405,2023/24,2023-10-16,"Bharat Ratna Shri Atal Bihari Vajpayee Ekana Cricket Stadium, Lucknow",1,42.6,Sri Lanka,Australia,D Madushanka,KIC Asalanka,MA Starc,0,0,,,,,,,,,
1384405,2023/24,2023-10-16,"Bharat Ratna Shri Atal Bihari Vajpayee Ekana Cricket Stadium, Lucknow",1,42.7,Sri Lanka,Australia,D Madushanka,KIC Asalanka,MA Starc,0,0,,,,,,,,,
1384405,2023/24,2023-10-16,"Bharat Ratna Shri Atal Bihari Vajpayee Ekana Cricket Stadium, Lucknow",1,43.1,Sri Lanka,Australia,KIC Asalanka,D Madushanka,GJ Maxwell,0,0,,,,,,,,,
1384405,2023/24,2023-10-16,"Bharat Ratna Shri Atal Bihari Vajpayee Ekana Cricket Stadium, Lucknow",1,43.2,Sri Lanka,Australia,KIC Asalanka,D Madushanka,GJ Maxwell,2,0,,,,,,,,,
1384405,2023/24,2023-10-16,"Bharat Ratna Shri Atal Bihari Vajpayee Ekana Cricket Stadium, Lucknow",1,43.3,Sri Lanka,Australia,KIC Asalanka,D Madushanka,GJ Maxwell,0,0,,,,,,caught,KIC Asalanka,,
1384405,2023/24,2023-10-16,"Bharat Ratna Shri Atal Bihari Vajpayee Ekana Cricket Stadium, Lucknow",2,0.1,Australia,Sri Lanka,MR Marsh,DA Warner,CBRLS Kumara,4,0,,,,,,,,,
1384405,2023/24,2023-10-16,"Bharat Ratna Shri Atal Bihari Vajpayee Ekana Cricket Stadium, Lucknow",2,0.2,Australia,Sri Lanka,MR Marsh,DA Warner,CBRLS Kumara,1,0,,,,,,,,,
1384405,2023/24,2023-10-16,"Bharat Ratna Shri Atal Bihari Vajpayee Ekana Cricket Stadium, Lucknow",2,0.3,Australia,Sri Lanka,DA Warner,MR Marsh,CBRLS Kumara,0,0,,,,,,,,,
1384405,2023/24,2023-10-16,"Bharat Ratna Shri Atal Bihari Vajpayee Ekana Cricket Stadium, Lucknow",2,0.4,Australia,Sri Lanka,DA Warner,MR Marsh,CBRLS Kumara,2,0,,,,,,,,,
1384405,2023/24,2023-10-16,"Bharat Ratna Shri Atal Bihari Vajpayee Ekana Cricket Stadium, Lucknow",2,0.5,Australia,Sri Lanka,DA Warner,MR Marsh,CBRLS Kumara,2,0,,,,,,,,,
1384405,2023/24,2023-10-16,"Bharat Ratna Shri Atal Bihari Vajpayee Ekana Cricket Stadium, Lucknow",2,0.6,Australia,Sri Lanka,DA Warner,MR Marsh,CBRLS Kumara,6,0,,,,,,,,,
1384405,2023/24,2023-10-16,"Bharat Ratna Shri Atal Bihari Vajpayee Ekana Cricket Stadium, Lucknow",2,1.1,Australia,Sri Lanka,MR Marsh,DA Warner,D Madushanka,0,0,,,,,,,,,
1384405,2023/24,2023-10-16,"Bharat Ratna Shri Atal Bihari Vajpayee Ekana Cricket Stadium, Lucknow",2,1.2,Australia,Sri Lanka,MR Marsh,DA Warner,D Madushanka,0,0,,,,,,,,,
1384405,2023/24,2023-10-16,"Bharat Ratna Shri Atal Bihari Vajpayee Ekana Cricket Stadium, Lucknow",2,1.3,Australia,Sri Lanka,MR Marsh,DA Warner,D Madushanka,0,0,,,,,,,,,
1384405,2023/24,2023-10-16,"Bharat Ratna Shri Atal Bihari Vajpayee Ekana Cricket Stadium, Lucknow",2,1.4,Australia,Sri Lanka,MR Marsh,DA Warner,D Madushanka,0,0,,,,,,,,,
1384405,2023/24,2023-10-16,"Bharat Ratna Shri Atal Bihari Vajpayee Ekana Cricket Stadium, Lucknow",2,1.5,Australia,Sri Lanka,MR Marsh,DA Warner,D Madushanka,0,0,,,,,,,,,
1384405,2023/24,2023-10-16,"Bharat Ratna Shri Atal Bihari Vajpayee Ekana Cricket Stadium, Lucknow",2,1.6,Australia,Sri Lanka,MR Marsh,DA Warner,D Madushanka,0,0,,,,,,,,,
1384405,2023/24,2023-10-16,"Bharat Ratna Shri Atal Bihari Vajpayee Ekana Cricket Stadium, Lucknow",2,2.1,Australia,Sri Lanka,DA Warner,MR Marsh,M Theekshana,1,0,,,,,,,,,
1384405,2023/24,2023-10-16,"Bharat Ratna Shri Atal Bihari Vajpayee Ekana Cricket Stadium, Lucknow",2,2.2,Australia,Sri Lanka,MR Marsh,DA Warner,M Theekshana,4,0,,,,,,,,,
1384405,2023/24,2023-10-16,"Bharat Ratna Shri Atal Bihari Vajpayee Ekana Cricket Stadium, Lucknow",2,2.3,Australia,Sri Lanka,MR Marsh,DA Warner,M Theekshana,0,0,,,,,,,,,
1384405,2023/24,2023-10-16,"Bharat Ratna Shri Atal Bihari Vajpayee Ekana Cricket Stadium, Lucknow",2,2.4,Australia,Sri Lanka,MR Marsh,DA Warner,M Theekshana,4,0,,,,,,,,,
1384405,2023/24,2023-10-16,"Bharat Ratna Shri Atal Bihari Vajpayee Ekana Cricket Stadium, Lucknow",2,2.5,Australia,Sri Lanka,MR Marsh,DA Warner,M Theekshana,0,0,,,,,,,,,
1384405,2023/24,2023-10-16,"Bharat Ratna Shri Atal Bihari Vajpayee Ekana Cricket Stadium, Lucknow",2,2.6,Australia,Sri Lanka,MR Marsh,DA Warner,M Theekshana,0,0,,,,,,,,,
1384405,2023/24,2023-10-16,"Bharat Ratna Shri Atal Bihari Vajpayee Ekana Cricket Stadium, Lucknow",2,3.1,Australia,Sri Lanka,DA Warner,MR Marsh,D Madushanka,0,0,,,,,,lbw,DA Warner,,
1384405,2023/24,2023-10-16,"Bharat Ratna Shri Atal Bihari Vajpayee Ekana Cricket Stadium, Lucknow",2,3.2,Australia,Sri Lanka,SPD Smith,MR Marsh,D Madushanka,0,0,,,,,,,,,
1384405,2023/24,2023-10-16,"Bharat Ratna Shri Atal Bihari Vajpayee Ekana Cricket Stadium, Lucknow",2,3.3,Australia,Sri Lanka,SPD Smith,MR Marsh,D Madushanka,0,0,,,,,,,,,
1384405,2023/24,2023-10-16,"Bharat Ratna Shri Atal Bihari Vajpayee Ekana Cricket Stadium, Lucknow",2,3.4,Australia,Sri Lanka,SPD Smith,MR Marsh,D Madushanka,0,0,,,,,,,,,
1384405,2023/24,2023-10-16,"Bharat Ratna Shri Atal Bihari Vajpayee Ekana Cricket Stadium, Lucknow",2,3.5,Australia,Sri Lanka,SPD Smith,MR Marsh,D Madushanka,0,0,,,,,,,,,
1384405,2023/24,2023-10-16,"Bharat Ratna Shri Atal Bihari Vajpayee Ekana Cricket Stadium, Lucknow",2,3.6,Australia,Sri Lanka,SPD Smith,MR Marsh,D Madushanka,0,0,,,,,,lbw,SPD Smith,,
1384405,2023/24,2023-10-16,"Bharat Ratna Shri Atal Bihari Vajpayee Ekana Cricket Stadium, Lucknow",2,4.1,Australia,Sri Lanka,MR Marsh,M Labuschagne,CBRLS Kumara,4,0,,,,,,,,,
1384405,2023/24,2023-10-16,"Bharat Ratna Shri Atal Bihari Vajpayee Ekana Cricket Stadium, Lucknow",2,4.2,Australia,Sri Lanka,MR Marsh,M Labuschagne,CBRLS Kumara,0,0,,,,,,,,,
1384405,2023/24,2023-10-16,"Bharat Ratna Shri Atal Bihari Vajpayee Ekana Cricket Stadium, Lucknow",2,4.3,Australia,Sri Lanka,MR Marsh,M Labuschagne,CBRLS Kumara,2,0,,,,,,,,,
1384405,2023/24,2023-10-16,"Bharat Ratna Shri Atal Bihari Vajpayee Ekana Cricket Stadium, Lucknow",2,4.4,Australia,Sri Lanka,MR Marsh,M Labuschagne,CBRLS Kumara,4,0,,,,,,,,,
1384405,2023/24,2023-10-16,"Bharat Ratna Shri Atal Bihari Vajpayee Ekana Cricket Stadium, Lucknow",2,4.5,Australia,Sri Lanka,MR Marsh,M Labuschagne,CBRLS Kumara,1,0,,,,,,,,,
1384405,2023/24,2023-10-16,"Bharat Ratna Shri Atal Bihari Vajpayee Ekana Cricket Stadium, Lucknow",2,4.6,Australia,Sri Lanka,M Labuschagne,MR Marsh,CBRLS Kumara,0,0,,,,,,,,,
1384405,2023/24,2023-10-16,"Bharat Ratna Shri Atal Bihari Vajpayee Ekana Cricket Stadium, Lucknow",2,5.1,Australia,Sri Lanka,MR Marsh,M Labuschagne,D Madushanka,4,0,,,,,,,,,
1384405,2023/24,2023-10-16,"Bharat Ratna Shri Atal Bihari Vajpayee Ekana Cricket Stadium, Lucknow",2,5.2,Australia,Sri Lanka,MR Marsh,M Labuschagne,D Madushanka,0,0,,,,,,,,,
1384405,2023/24,2023-10-16,"Bharat Ratna Shri Atal Bihari Vajpayee Ekana Cricket Stadium, Lucknow",2,5.3,Australia,Sri Lanka,MR Marsh,M Labuschagne,D Madushanka,0,0,,,,,,,,,
1384405,2023/24,2023-10-16,"Bharat Ratna Shri Atal Bihari Vajpayee Ekana Cricket Stadium, Lucknow",2,5.4,Australia,Sri Lanka,MR Marsh,M Labuschagne,D Madushanka,1,0,,,,,,,,,
1384405,2023/24,2023-10-16,"Bharat Ratna Shri Atal Bihari Vajpayee Ekana Cricket Stadium, Lucknow",2,5.5,Australia,Sri Lanka,M Labuschagne,MR Marsh,D Madushanka,0,0,,,,,,,,,
1384405,2023/24,2023-10-16,"Bharat Ratna Shri Atal Bihari Vajpayee Ekana Cricket Stadium, Lucknow",2,5.6,Australia,Sri Lanka,M Labuschagne,MR Marsh,D Madushanka,2,0,,,,,,,,,
1384405,2023/24,2023-10-16,"Bharat Ratna Shri Atal Bihari Vajpayee Ekana Cricket Stadium, Lucknow",2,6.1,Australia,Sri Lanka,MR Marsh,M Labuschagne,DN Wellalage,1,0,,,,,,,,,
1384405,2023/24,2023-10-16,"Bharat Ratna Shri Atal Bihari Vajpayee Ekana Cricket Stadium, Lucknow",2,6.2,Australia,Sri Lanka,M Labuschagne,MR Marsh,DN Wellalage,0,0,,,,,,,,,
1384405,2023/24,2023-10-16,"Bharat Ratna Shri Atal Bihari Vajpayee Ekana Cricket Stadium, Lucknow",2,6.3,Australia,Sri Lanka,M Labuschagne,MR Marsh,DN Wellalage,0,0,,,,,,,,,
1384405,2023/24,2023-10-16,"Bharat Ratna Shri Atal Bihari Vajpayee Ekana Cricket Stadium, Lucknow",2,6.4,Australia,Sri Lanka,M Labuschagne,MR Marsh,DN Wellalage,0,0,,,,,,,,,
1384405,2023/24,2023-10-16,"Bharat Ratna Shri Atal Bihari Vajpayee Ekana Cricket Stadium, Lucknow",2,6.5,Australia,Sri Lanka,M Labuschagne,MR Marsh,DN Wellalage,1,0,,,,,,,,,
1384405,2023/24,2023-10-16,"Bharat Ratna Shri Atal Bihari Vajpayee Ekana Cricket Stadium, Lucknow",2,6.6,Australia,Sri Lanka,MR Marsh,M Labuschagne,DN Wellalage,1,0,,,,,,,,,
1384405,2023/24,2023-10-16,"Bharat Ratna Shri Atal Bihari Vajpayee Ekana Cricket Stadium, Lucknow",2,7.1,Australia,Sri Lanka,MR Marsh,M Labuschagne,D Madushanka,0,0,,,,,,,,,
1384405,2023/24,2023-10-16,"Bharat Ratna Shri Atal Bihari Vajpayee Ekana Cricket Stadium, Lucknow",2,7.2,Australia,Sri Lanka,MR Marsh,M Labuschagne,D Madushanka,0,0,,,,,,,,,
1384405,2023/24,2023-10-16,"Bharat Ratna Shri Atal Bihari Vajpayee Ekana Cricket Stadium, Lucknow",2,7.3,Australia,Sri Lanka,MR Marsh,M Labuschagne,D Madushanka,0,0,,,,,,,,,
1384405,2023/24,2023-10-16,"Bharat Ratna Shri Atal Bihari Vajpayee Ekana Cricket Stadium, Lucknow",2,7.4,Australia,Sri Lanka,MR Marsh,M Labuschagne,D Madushanka,1,0,,,,,,,,,
1384405,2023/24,2023-10-16,"Bharat Ratna Shri Atal Bihari Vajpayee Ekana Cricket Stadium, Lucknow",2,7.5,Australia,Sri Lanka,M Labuschagne,MR Marsh,D Madushanka,0,0,,,,,,,,,
1384405,2023/24,2023-10-16,"Bharat Ratna Shri Atal Bihari Vajpayee Ekana Cricket Stadium, Lucknow",2,7.6,Australia,Sri Lanka,M Labuschagne,MR Marsh,D Madushanka,4,0,,,,,,,,,
1384405,2023/24,2023-10-16,"Bharat Ratna Shri Atal Bihari Vajpayee Ekana Cricket Stadium, Lucknow",2,8.1,Australia,Sri Lanka,MR Marsh,M Labuschagne,DN Wellalage,0,0,,,,,,,,,
1384405,2023/24,2023-10-16,"Bharat Ratna Shri Atal Bihari Vajpayee Ekana Cricket Stadium, Lucknow",2,8.2,Australia,Sri Lanka,MR Marsh,M Labuschagne,DN Wellalage,0,0,,,,,,,,,
1384405,2023/24,2023-10-16,"Bharat Ratna Shri Atal Bihari Vajpayee Ekana Cricket Stadium, Lucknow",2,8.3,Australia,Sri Lanka,MR Marsh,M Labuschagne,DN Wellalage,4,0,,,,,,,,,
1384405,2023/24,2023-10-16,"Bharat Ratna Shri Atal Bihari Vajpayee Ekana Cricket Stadium, Lucknow",2,8.4,Australia,Sri Lanka,MR Marsh,M Labuschagne,DN Wellalage,0,0,,,,,,,,,
1384405,2023/24,2023-10-16,"Bharat Ratna Shri Atal Bihari Vajpayee Ekana Cricket Stadium, Lucknow",2,8.5,Australia,Sri Lanka,MR Marsh,M Labuschagne,DN Wellalage,4,0,,,,,,,,,
1384405,2023/24,2023-10-16,"Bharat Ratna Shri Atal Bihari Vajpayee Ekana Cricket Stadium, Lucknow",2,8.6,Australia,Sri Lanka,MR Marsh,M Labuschagne,DN Wellalage,4,0,,,,,,,,,
1384405,2023/24,2023-10-16,"Bharat Ratna Shri Atal Bihari Vajpayee Ekana Cricket Stadium, Lucknow",2,9.1,Australia,Sri Lanka,M Labuschagne,MR Marsh,D Madushanka,0,0,,,,,,,,,
1384405,2023/24,2023-10-16,"Bharat Ratna Shri Atal Bihari Vajpayee Ekana Cricket Stadium, Lucknow",2,9.2,Australia,Sri Lanka,M Labuschagne,MR Marsh,D Madushanka,0,0,,,,,,,,,
1384405,2023/24,2023-10-16,"Bharat Ratna Shri Atal Bihari Vajpayee Ekana Cricket Stadium, Lucknow",2,9.3,Australia,Sri Lanka,M Labuschagne,MR Marsh,D Madushanka,0,0,,,,,,,,,
1384405,2023/24,2023-10-16,"Bharat Ratna Shri Atal Bihari Vajpayee Ekana Cricket Stadium, Lucknow",2,9.4,Australia,Sri Lanka,M Labuschagne,MR Marsh,D Madushanka,1,0,,,,,,,,,
1384405,2023/24,2023-10-16,"Bharat Ratna Shri Atal Bihari Vajpayee Ekana Cricket Stadium, Lucknow",2,9.5,Australia,Sri Lanka,MR Marsh,M Labuschagne,D Madushanka,1,0,,,,,,,,,
1384405,2023/24,2023-10-16,"Bharat Ratna Shri Atal Bihari Vajpayee Ekana Cricket Stadium, Lucknow",2,9.6,Australia,Sri Lanka,M Labuschagne,MR Marsh,D Madushanka,0,0,,,,,,,,,
1384405,2023/24,2023-10-16,"Bharat Ratna Shri Atal Bihari Vajpayee Ekana Cricket Stadium, Lucknow",2,10.1,Australia,Sri Lanka,MR Marsh,M Labuschagne,M Theekshana,1,0,,,,,,,,,
1384405,2023/24,2023-10-16,"Bharat Ratna Shri Atal Bihari Vajpayee Ekana Cricket Stadium, Lucknow",2,10.2,Australia,Sri Lanka,M Labuschagne,MR Marsh,M Theekshana,2,0,,,,,,,,,
1384405,2023/24,2023-10-16,"Bharat Ratna Shri Atal Bihari Vajpayee Ekana Cricket Stadium, Lucknow",2,10.3,Australia,Sri Lanka,M Labuschagne,MR Marsh,M Theekshana,1,0,,,,,,,,,
1384405,2023/24,2023-10-16,"Bharat Ratna Shri Atal Bihari Vajpayee Ekana Cricket Stadium, Lucknow",2,10.4,Australia,Sri Lanka,MR Marsh,M Labuschagne,M Theekshana,1,0,,,,,,,,,
1384405,2023/24,2023-10-16,"Bharat Ratna Shri Atal Bihari Vajpayee Ekana Cricket Stadium, Lucknow",2,10.5,Australia,Sri Lanka,M Labuschagne,MR Marsh,M Theekshana,0,0,,,,,,,,,
1384405,2023/24,2023-10-16,"Bharat Ratna Shri Atal Bihari Vajpayee Ekana Cricket Stadium, Lucknow",2,10.6,Australia,Sri Lanka,M Labuschagne,MR Marsh,M Theekshana,1,0,,,,,,,,,
1384405,2023/24,2023-10-16,"Bharat Ratna Shri Atal Bihari Vajpayee Ekana Cricket Stadium, Lucknow",2,11.1,Australia,Sri Lanka,M Labuschagne,MR Marsh,DN Wellalage,1,0,,,,,,,,,
1384405,2023/24,2023-10-16,"Bharat Ratna Shri Atal Bihari Vajpayee Ekana Cricket Stadium, Lucknow",2,11.2,Australia,Sri Lanka,MR Marsh,M Labuschagne,DN Wellalage,2,0,,,,,,,,,
1384405,2023/24,2023-10-16,"Bharat Ratna Shri Atal Bihari Vajpayee Ekana Cricket Stadium, Lucknow",2,11.3,Australia,Sri Lanka,MR Marsh,M Labuschagne,DN Wellalage,1,0,,,,,,,,,
1384405,2023/24,2023-10-16,"Bharat Ratna Shri Atal Bihari Vajpayee Ekana Cricket Stadium, Lucknow",2,11.4,Australia,Sri Lanka,M Labuschagne,MR Marsh,DN Wellalage,1,0,,,,,,,,,
1384405,2023/24,2023-10-16,"Bharat Ratna Shri Atal Bihari Vajpayee Ekana Cricket Stadium, Lucknow",2,11.5,Australia,Sri Lanka,MR Marsh,M Labuschagne,DN Wellalage,0,0,,,,,,,,,
1384405,2023/24,2023-10-16,"Bharat Ratna Shri Atal Bihari Vajpayee Ekana Cricket Stadium, Lucknow",2,11.6,Australia,Sri Lanka,MR Marsh,M Labuschagne,DN Wellalage,0,0,,,,,,,,,
1384405,2023/24,2023-10-16,"Bharat Ratna Shri Atal Bihari Vajpayee Ekana Cricket Stadium, Lucknow",2,12.1,Australia,Sri Lanka,M Labuschagne,MR Marsh,M Theekshana,1,0,,,,,,,,,
1384405,2023/24,2023-10-16,"Bharat Ratna Shri Atal Bihari Vajpayee Ekana Cricket Stadium, Lucknow",2,12.2,Australia,Sri Lanka,MR Marsh,M Labuschagne,M Theekshana,0,0,,,,,,,,,
1384405,2023/24,2023-10-16,"Bharat Ratna Shri Atal Bihari Vajpayee Ekana Cricket Stadium, Lucknow",2,12.3,Australia,Sri Lanka,MR Marsh,M Labuschagne,M Theekshana,0,0,,,,,,,,,
1384405,2023/24,2023-10-16,"Bharat Ratna Shri Atal Bihari Vajpayee Ekana Cricket Stadium, Lucknow",2,12.4,Australia,Sri Lanka,MR Marsh,M Labuschagne,M Theekshana,0,0,,,,,,,,,
1384405,2023/24,2023-10-16,"Bharat Ratna Shri Atal Bihari Vajpayee Ekana Cricket Stadium, Lucknow",2,12.5,Australia,Sri Lanka,MR Marsh,M Labuschagne,M Theekshana,0,0,,,,,,,,,
1384405,2023/24,2023-10-16,"Bharat Ratna Shri Atal Bihari Vajpayee Ekana Cricket Stadium, Lucknow",2,12.6,Australia,Sri Lanka,MR Marsh,M Labuschagne,M Theekshana,0,0,,,,,,,,,
1384405,2023/24,2023-10-16,"Bharat Ratna Shri Atal Bihari Vajpayee Ekana Cricket Stadium, Lucknow",2,13.1,Australia,Sri Lanka,M Labuschagne,MR Marsh,DN Wellalage,1,0,,,,,,,,,
1384405,2023/24,2023-10-16,"Bharat Ratna Shri Atal Bihari Vajpayee Ekana Cricket Stadium, Lucknow",2,13.2,Australia,Sri Lanka,MR Marsh,M Labuschagne,DN Wellalage,1,0,,,,,,,,,
1384405,2023/24,2023-10-16,"Bharat Ratna Shri Atal Bihari Vajpayee Ekana Cricket Stadium, Lucknow",2,13.3,Australia,Sri Lanka,M Labuschagne,MR Marsh,DN Wellalage,0,0,,,,,,,,,
1384405,2023/24,2023-10-16,"Bharat Ratna Shri Atal Bihari Vajpayee Ekana Cricket Stadium, Lucknow",2,13.4,Australia,Sri Lanka,M Labuschagne,MR Marsh,DN Wellalage,1,0,,,,,,,,,
1384405,2023/24,2023-10-16,"Bharat Ratna Shri Atal Bihari Vajpayee Ekana Cricket Stadium, Lucknow",2,13.5,Australia,Sri Lanka,MR Marsh,M Labuschagne,DN Wellalage,0,0,,,,,,,,,
1384405,2023/24,2023-10-16,"Bharat Ratna Shri Atal Bihari Vajpayee Ekana Cricket Stadium, Lucknow",2,13.6,Australia,Sri Lanka,MR Marsh,M Labuschagne,DN Wellalage,0,0,,,,,,,,,
1384405,2023/24,2023-10-16,"Bharat Ratna Shri Atal Bihari Vajpayee Ekana Cricket Stadium, Lucknow",2,14.1,Australia,Sri Lanka,M Labuschagne,MR Marsh,M Theekshana,1,0,,,,,,,,,
1384405,2023/24,2023-10-16,"Bharat Ratna Shri Atal Bihari Vajpayee Ekana Cricket Stadium, Lucknow",2,14.2,Australia,Sri Lanka,MR Marsh,M Labuschagne,M Theekshana,0,0,,,,,,,,,
1384405,2023/24,2023-10-16,"Bharat Ratna Shri Atal Bihari Vajpayee Ekana Cricket Stadium, Lucknow",2,14.3,Australia,Sri Lanka,MR Marsh,M Labuschagne,M Theekshana,1,0,,,,,,run out,MR Marsh,,
1384405,2023/24,2023-10-16,"Bharat Ratna Shri Atal Bihari Vajpayee Ekana Cricket Stadium, Lucknow",2,14.4,Australia,Sri Lanka,JP Inglis,M Labuschagne,M Theekshana,4,0,,,,,,,,,
1384405,2023/24,2023-10-16,"Bharat Ratna Shri Atal Bihari Vajpayee Ekana Cricket Stadium, Lucknow",2,14.5,Australia,Sri Lanka,JP Inglis,M Labuschagne,M Theekshana,4,0,,,,,,,,,
1384405,2023/24,2023-10-16,"Bharat Ratna Shri Atal Bihari Vajpayee Ekana Cricket Stadium, Lucknow",2,14.6,Australia,Sri Lanka,JP Inglis,M Labuschagne,M Theekshana,0,0,,,,,,,,,
1384405,2023/24,2023-10-16,"Bharat Ratna Shri Atal Bihari Vajpayee Ekana Cricket Stadium, Lucknow",2,15.1,Australia,Sri Lanka,M Labuschagne,JP Inglis,DN Wellalage,1,0,,,,,,,,,
1384405,2023/24,2023-10-16,"Bharat Ratna Shri Atal Bihari Vajpayee Ekana Cricket Stadium, Lucknow",2,15.2,Australia,Sri Lanka,JP Inglis,M Labuschagne,DN Wellalage,0,0,,,,,,,,,
1384405,2023/24,2023-10-16,"Bharat Ratna Shri Atal Bihari Vajpayee Ekana Cricket Stadium, Lucknow",2,15.3,Australia,Sri Lanka,JP Inglis,M Labuschagne,DN Wellalage,0,0,,,,,,,,,
1384405,2023/24,2023-10-16,"Bharat Ratna Shri Atal Bihari Vajpayee Ekana Cricket Stadium, Lucknow",2,15.4,Australia,Sri Lanka,JP Inglis,M Labuschagne,DN Wellalage,2,0,,,,,,,,,
1384405,2023/24,2023-10-16,"Bharat Ratna Shri Atal Bihari Vajpayee Ekana Cricket Stadium, Lucknow",2,15.5,Australia,Sri Lanka,JP Inglis,M Labuschagne,DN Wellalage,0,0,,,,,,,,,
1384405,2023/24,2023-10-16,"Bharat Ratna Shri Atal Bihari Vajpayee Ekana Cricket Stadium, Lucknow",2,15.6,Australia,Sri Lanka,JP Inglis,M Labuschagne,DN Wellalage,0,0,,,,,,,,,
1384405,2023/24,2023-10-16,"Bharat Ratna Shri Atal Bihari Vajpayee Ekana Cricket Stadium, Lucknow",2,16.1,Australia,Sri Lanka,M Labuschagne,JP Inglis,M Theekshana,1,0,,,,,,,,,
1384405,2023/24,2023-10-16,"Bharat Ratna Shri Atal Bihari Vajpayee Ekana Cricket Stadium, Lucknow",2,16.2,Australia,Sri Lanka,JP Inglis,M Labuschagne,M Theekshana,0,0,,,,,,,,,
1384405,2023/24,2023-10-16,"Bharat Ratna Shri Atal Bihari Vajpayee Ekana Cricket Stadium, Lucknow",2,16.3,Australia,Sri Lanka,JP Inglis,M Labuschagne,M Theekshana,1,0,,,,,,,,,
1384405,2023/24,2023-10-16,"Bharat Ratna Shri Atal Bihari Vajpayee Ekana Cricket Stadium, Lucknow",2,16.4,Australia,Sri Lanka,M Labuschagne,JP Inglis,M Theekshana,1,0,,,,,,,,,
1384405,2023/24,2023-10-16,"Bharat Ratna Shri Atal Bihari Vajpayee Ekana Cricket Stadium, Lucknow",2,16.5,Australia,Sri Lanka,JP Inglis,M Labuschagne,M Theekshana,1,0,,,,,,,,,
1384405,2023/24,2023-10-16,"Bharat Ratna Shri Atal Bihari Vajpayee Ekana Cricket Stadium, Lucknow",2,16.6,Australia,Sri Lanka,M Labuschagne,JP Inglis,M Theekshana,1,0,,,,,,,,,
1384405,2023/24,2023-10-16,"Bharat Ratna Shri Atal Bihari Vajpayee Ekana Cricket Stadium, Lucknow",2,17.1,Australia,Sri Lanka,M Labuschagne,JP Inglis,DN Wellalage,1,0,,,,,,,,,
1384405,2023/24,2023-10-16,"Bharat Ratna Shri Atal Bihari Vajpayee Ekana Cricket Stadium, Lucknow",2,17.2,Australia,Sri Lanka,JP Inglis,M Labuschagne,DN Wellalage,0,0,,,,,,,,,
1384405,2023/24,2023-10-16,"Bharat Ratna Shri Atal Bihari Vajpayee Ekana Cricket Stadium, Lucknow",2,17.3,Australia,Sri Lanka,JP Inglis,M Labuschagne,DN Wellalage,1,0,,,,,,,,,
1384405,2023/24,2023-10-16,"Bharat Ratna Shri Atal Bihari Vajpayee Ekana Cricket Stadium, Lucknow",2,17.4,Australia,Sri Lanka,M Labuschagne,JP Inglis,DN Wellalage,0,0,,,,,,,,,
1384405,2023/24,2023-10-16,"Bharat Ratna Shri Atal Bihari Vajpayee Ekana Cricket Stadium, Lucknow",2,17.5,Australia,Sri Lanka,M Labuschagne,JP Inglis,DN Wellalage,1,0,,,,,,,,,
1384405,2023/24,2023-10-16,"Bharat Ratna Shri Atal Bihari Vajpayee Ekana Cricket Stadium, Lucknow",2,17.6,Australia,Sri Lanka,JP Inglis,M Labuschagne,DN Wellalage,1,0,,,,,,,,,
1384405,2023/24,2023-10-16,"Bharat Ratna Shri Atal Bihari Vajpayee Ekana Cricket Stadium, Lucknow",2,18.1,Australia,Sri Lanka,JP Inglis,M Labuschagne,C Karunaratne,0,0,,,,,,,,,
1384405,2023/24,2023-10-16,"Bharat Ratna Shri Atal Bihari Vajpayee Ekana Cricket Stadium, Lucknow",2,18.2,Australia,Sri Lanka,JP Inglis,M Labuschagne,C Karunaratne,0,0,,,,,,,,,
1384405,2023/24,2023-10-16,"Bharat Ratna Shri Atal Bihari Vajpayee Ekana Cricket Stadium, Lucknow",2,18.3,Australia,Sri Lanka,JP Inglis,M Labuschagne,C Karunaratne,0,0,,,,,,,,,
1384405,2023/24,2023-10-16,"Bharat Ratna Shri Atal Bihari Vajpayee Ekana Cricket Stadium, Lucknow",2,18.4,Australia,Sri Lanka,JP Inglis,M Labuschagne,C Karunaratne,4,0,,,,,,,,,
1384405,2023/24,2023-10-16,"Bharat Ratna Shri Atal Bihari Vajpayee Ekana Cricket Stadium, Lucknow",2,18.5,Australia,Sri Lanka,JP Inglis,M Labuschagne,C Karunaratne,0,0,,,,,,,,,
1384405,2023/24,2023-10-16,"Bharat Ratna Shri Atal Bihari Vajpayee Ekana Cricket Stadium, Lucknow",2,18.6,Australia,Sri Lanka,JP Inglis,M Labuschagne,C Karunaratne,1,0,,,,,,,,,
1384405,2023/24,2023-10-16,"Bharat Ratna Shri Atal Bihari Vajpayee Ekana Cricket Stadium, Lucknow",2,19.1,Australia,Sri Lanka,JP Inglis,M Labuschagne,DN Wellalage,0,0,,,,,,,,,
1384405,2023/24,2023-10-16,"Bharat Ratna Shri Atal Bihari Vajpayee Ekana Cricket Stadium, Lucknow",2,19.2,Australia,Sri Lanka,JP Inglis,M Labuschagne,DN Wellalage,1,0,,,,,,,,,
1384405,2023/24,2023-10-16,"Bharat Ratna Shri Atal Bihari Vajpayee Ekana Cricket Stadium, Lucknow",2,19.3,Australia,Sri Lanka,M Labuschagne,JP Inglis,DN Wellalage,1,0,,,,,,,,,
1384405,2023/24,2023-10-16,"Bharat Ratna Shri Atal Bihari Vajpayee Ekana Cricket Stadium, Lucknow",2,19.4,Australia,Sri Lanka,JP Inglis,M Labuschagne,DN Wellalage,1,0,,,,,,,,,
1384405,2023/24,2023-10-16,"Bharat Ratna Shri Atal Bihari Vajpayee Ekana Cricket Stadium, Lucknow",2,19.5,Australia,Sri Lanka,M Labuschagne,JP Inglis,DN Wellalage,0,0,,,,,,,,,
1384405,2023/24,2023-10-16,"Bharat Ratna Shri Atal Bihari Vajpayee Ekana Cricket Stadium, Lucknow",2,19.6,Australia,Sri Lanka,M Labuschagne,JP Inglis,DN Wellalage,0,0,,,,,,,,,
1384405,2023/24,2023-10-16,"Bharat Ratna Shri Atal Bihari Vajpayee Ekana Cricket Stadium, Lucknow",2,20.1,Australia,Sri Lanka,JP Inglis,M Labuschagne,C Karunaratne,0,0,,,,,,,,,
1384405,2023/24,2023-10-16,"Bharat Ratna Shri Atal Bihari Vajpayee Ekana Cricket Stadium, Lucknow",2,20.2,Australia,Sri Lanka,JP Inglis,M Labuschagne,C Karunaratne,1,0,,,,,,,,,
1384405,2023/24,2023-10-16,"Bharat Ratna Shri Atal Bihari Vajpayee Ekana Cricket Stadium, Lucknow",2,20.3,Australia,Sri Lanka,M Labuschagne,JP Inglis,C Karunaratne,0,1,1,,,,,,,,
1384405,2023/24,2023-10-16,"Bharat Ratna Shri Atal Bihari Vajpayee Ekana Cricket Stadium, Lucknow",2,20.4,Australia,Sri Lanka,M Labuschagne,JP Inglis,C Karunaratne,0,0,,,,,,,,,
1384405,2023/24,2023-10-16,"Bharat Ratna Shri Atal Bihari Vajpayee Ekana Cricket Stadium, Lucknow",2,20.5,Australia,Sri Lanka,M Labuschagne,JP Inglis,C Karunaratne,0,0,,,,,,,,,
1384405,2023/24,2023-10-16,"Bharat Ratna Shri Atal Bihari Vajpayee Ekana Cricket Stadium, Lucknow",2,20.6,Australia,Sri Lanka,M Labuschagne,JP Inglis,C Karunaratne,1,0,,,,,,,,,
1384405,2023/24,2023-10-16,"Bharat Ratna Shri Atal Bihari Vajpayee Ekana Cricket Stadium, Lucknow",2,20.7,Australia,Sri Lanka,JP Inglis,M Labuschagne,C Karunaratne,0,0,,,,,,,,,
1384405,2023/24,2023-10-16,"Bharat Ratna Shri Atal Bihari Vajpayee Ekana Cricket Stadium, Lucknow",2,21.1,Australia,Sri Lanka,M Labuschagne,JP Inglis,DM de Silva,0,0,,,,,,,,,
1384405,2023/24,2023-10-16,"Bharat Ratna Shri Atal Bihari Vajpayee Ekana Cricket Stadium, Lucknow",2,21.2,Australia,Sri Lanka,M Labuschagne,JP Inglis,DM de Silva,0,0,,,,,,,,,
1384405,2023/24,2023-10-16,"Bharat Ratna Shri Atal Bihari Vajpayee Ekana Cricket Stadium, Lucknow",2,21.3,Australia,Sri Lanka,M Labuschagne,JP Inglis,DM de Silva,1,0,,,,,,,,,
1384405,2023/24,2023-10-16,"Bharat Ratna Shri Atal Bihari Vajpayee Ekana Cricket Stadium, Lucknow",2,21.4,Australia,Sri Lanka,JP Inglis,M Labuschagne,DM de Silva,1,0,,,,,,,,,
1384405,2023/24,2023-10-16,"Bharat Ratna Shri Atal Bihari Vajpayee Ekana Cricket Stadium, Lucknow",2,21.5,Australia,Sri Lanka,M Labuschagne,JP Inglis,DM de Silva,0,0,,,,,,,,,
1384405,2023/24,2023-10-16,"Bharat Ratna Shri Atal Bihari Vajpayee Ekana Cricket Stadium, Lucknow",2,21.6,Australia,Sri Lanka,M Labuschagne,JP Inglis,DM de Silva,1,0,,,,,,,,,
1384405,2023/24,2023-10-16,"Bharat Ratna Shri Atal Bihari Vajpayee Ekana Cricket Stadium, Lucknow",2,22.1,Australia,Sri Lanka,M Labuschagne,JP Inglis,C Karunaratne,1,0,,,,,,,,,
1384405,2023/24,2023-10-16,"Bharat Ratna Shri Atal Bihari Vajpayee Ekana Cricket Stadium, Lucknow",2,22.2,Australia,Sri Lanka,JP Inglis,M Labuschagne,C Karunaratne,0,0,,,,,,,,,
1384405,2023/24,2023-10-16,"Bharat Ratna Shri Atal Bihari Vajpayee Ekana Cricket Stadium, Lucknow",2,22.3,Australia,Sri Lanka,JP Inglis,M Labuschagne,C Karunaratne,2,0,,,,,,,,,
1384405,2023/24,2023-10-16,"Bharat Ratna Shri Atal Bihari Vajpayee Ekana Cricket Stadium, Lucknow",2,22.4,Australia,Sri Lanka,JP Inglis,M Labuschagne,C Karunaratne,1,0,,,,,,,,,
1384405,2023/24,2023-10-16,"Bharat Ratna Shri Atal Bihari Vajpayee Ekana Cricket Stadium, Lucknow",2,22.5,Australia,Sri Lanka,M Labuschagne,JP Inglis,C Karunaratne,1,0,,,,,,,,,
1384405,2023/24,2023-10-16,"Bharat Ratna Shri Atal Bihari Vajpayee Ekana Cricket Stadium, Lucknow",2,22.6,Australia,Sri Lanka,JP Inglis,M Labuschagne,C Karunaratne,0,1,1,,,,,,,,
1384405,2023/24,2023-10-16,"Bharat Ratna Shri Atal Bihari Vajpayee Ekana Cricket Stadium, Lucknow",2,22.7,Australia,Sri Lanka,JP Inglis,M Labuschagne,C Karunaratne,1,0,,,,,,,,,
1384405,2023/24,2023-10-16,"Bharat Ratna Shri Atal Bihari Vajpayee Ekana Cricket Stadium, Lucknow",2,23.1,Australia,Sri Lanka,JP Inglis,M Labuschagne,DM de Silva,0,0,,,,,,,,,
1384405,2023/24,2023-10-16,"Bharat Ratna Shri Atal Bihari Vajpayee Ekana Cricket Stadium, Lucknow",2,23.2,Australia,Sri Lanka,JP Inglis,M Labuschagne,DM de Silva,3,0,,,,,,,,,
1384405,2023/24,2023-10-16,"Bharat Ratna Shri Atal Bihari Vajpayee Ekana Cricket Stadium, Lucknow",2,23.3,Australia,Sri Lanka,M Labuschagne,JP Inglis,DM de Silva,1,0,,,,,,,,,
1384405,2023/24,2023-10-16,"Bharat Ratna Shri Atal Bihari Vajpayee Ekana Cricket Stadium, Lucknow",2,23.4,Australia,Sri Lanka,JP Inglis,M Labuschagne,DM de Silva,0,0,,,,,,,,,
1384405,2023/24,2023-10-16,"Bharat Ratna Shri Atal Bihari Vajpayee Ekana Cricket Stadium, Lucknow",2,23.5,Australia,Sri Lanka,JP Inglis,M Labuschagne,DM de Silva,1,0,,,,,,,,,
1384405,2023/24,2023-10-16,"Bharat Ratna Shri Atal Bihari Vajpayee Ekana Cricket Stadium, Lucknow",2,23.6,Australia,Sri Lanka,M Labuschagne,JP Inglis,DM de Silva,0,0,,,,,,,,,
1384405,2023/24,2023-10-16,"Bharat Ratna Shri Atal Bihari Vajpayee Ekana Cricket Stadium, Lucknow",2,24.1,Australia,Sri Lanka,JP Inglis,M Labuschagne,CBRLS Kumara,0,0,,,,,,,,,
1384405,2023/24,2023-10-16,"Bharat Ratna Shri Atal Bihari Vajpayee Ekana Cricket Stadium, Lucknow",2,24.2,Australia,Sri Lanka,JP Inglis,M Labuschagne,CBRLS Kumara,0,0,,,,,,,,,
1384405,2023/24,2023-10-16,"Bharat Ratna Shri Atal Bihari Vajpayee Ekana Cricket Stadium, Lucknow",2,24.3,Australia,Sri Lanka,JP Inglis,M Labuschagne,CBRLS Kumara,4,0,,,,,,,,,
1384405,2023/24,2023-10-16,"Bharat Ratna Shri Atal Bihari Vajpayee Ekana Cricket Stadium, Lucknow",2,24.4,Australia,Sri Lanka,JP Inglis,M Labuschagne,CBRLS Kumara,2,0,,,,,,,,,
1384405,2023/24,2023-10-16,"Bharat Ratna Shri Atal Bihari Vajpayee Ekana Cricket Stadium, Lucknow",2,24.5,Australia,Sri Lanka,JP Inglis,M Labuschagne,CBRLS Kumara,2,0,,,,,,,,,
1384405,2023/24,2023-10-16,"Bharat Ratna Shri Atal Bihari Vajpayee Ekana Cricket Stadium, Lucknow",2,24.6,Australia,Sri Lanka,JP Inglis,M Labuschagne,CBRLS Kumara,6,0,,,,,,,,,
1384405,2023/24,2023-10-16,"Bharat Ratna Shri Atal Bihari Vajpayee Ekana Cricket Stadium, Lucknow",2,25.1,Australia,Sri Lanka,M Labuschagne,JP Inglis,DM de Silva,2,0,,,,,,,,,
1384405,2023/24,2023-10-16,"Bharat Ratna Shri Atal Bihari Vajpayee Ekana Cricket Stadium, Lucknow",2,25.2,Australia,Sri Lanka,M Labuschagne,JP Inglis,DM de Silva,1,0,,,,,,,,,
1384405,2023/24,2023-10-16,"Bharat Ratna Shri Atal Bihari Vajpayee Ekana Cricket Stadium, Lucknow",2,25.3,Australia,Sri Lanka,JP Inglis,M Labuschagne,DM de Silva,1,0,,,,,,,,,
1384405,2023/24,2023-10-16,"Bharat Ratna Shri Atal Bihari Vajpayee Ekana Cricket Stadium, Lucknow",2,25.4,Australia,Sri Lanka,M Labuschagne,JP Inglis,DM de Silva,0,0,,,,,,,,,
1384405,2023/24,2023-10-16,"Bharat Ratna Shri Atal Bihari Vajpayee Ekana Cricket Stadium, Lucknow",2,25.5,Australia,Sri Lanka,M Labuschagne,JP Inglis,DM de Silva,0,0,,,,,,,,,
1384405,2023/24,2023-10-16,"Bharat Ratna Shri Atal Bihari Vajpayee Ekana Cricket Stadium, Lucknow",2,25.6,Australia,Sri Lanka,M Labuschagne,JP Inglis,DM de Silva,1,0,,,,,,,,,
1384405,2023/24,2023-10-16,"Bharat Ratna Shri Atal Bihari Vajpayee Ekana Cricket Stadium, Lucknow",2,26.1,Australia,Sri Lanka,M Labuschagne,JP Inglis,CBRLS Kumara,1,0,,,,,,,,,
1384405,2023/24,2023-10-16,"Bharat Ratna Shri Atal Bihari Vajpayee Ekana Cricket Stadium, Lucknow",2,26.2,Australia,Sri Lanka,JP Inglis,M Labuschagne,CBRLS Kumara,0,0,,,,,,,,,
1384405,2023/24,2023-10-16,"Bharat Ratna Shri Atal Bihari Vajpayee Ekana Cricket Stadium, Lucknow",2,26.3,Australia,Sri Lanka,JP Inglis,M Labuschagne,CBRLS Kumara,2,0,,,,,,,,,
1384405,2023/24,2023-10-16,"Bharat Ratna Shri Atal Bihari Vajpayee Ekana Cricket Stadium, Lucknow",2,26.4,Australia,Sri Lanka,JP Inglis,M Labuschagne,CBRLS Kumara,0,0,,,,,,,,,
1384405,2023/24,2023-10-16,"Bharat Ratna Shri Atal Bihari Vajpayee Ekana Cricket Stadium, Lucknow",2,26.5,Australia,Sri Lanka,JP Inglis,M Labuschagne,CBRLS Kumara,4,0,,,,,,,,,
1384405,2023/24,2023-10-16,"Bharat Ratna Shri Atal Bihari Vajpayee Ekana Cricket Stadium, Lucknow",2,26.6,Australia,Sri Lanka,JP Inglis,M Labuschagne,CBRLS Kumara,0,0,,,,,,,,,
1384405,2023/24,2023-10-16,"Bharat Ratna Shri Atal Bihari Vajpayee Ekana Cricket Stadium, Lucknow",2,27.1,Australia,Sri Lanka,M Labuschagne,JP Inglis,DN Wellalage,0,0,,,,,,,,,
1384405,2023/24,2023-10-16,"Bharat Ratna Shri Atal Bihari Vajpayee Ekana Cricket Stadium, Lucknow",2,27.2,Australia,Sri Lanka,M Labuschagne,JP Inglis,DN Wellalage,0,0,,,,,,,,,
1384405,2023/24,2023-10-16,"Bharat Ratna Shri Atal Bihari Vajpayee Ekana Cricket Stadium, Lucknow",2,27.3,Australia,Sri Lanka,M Labuschagne,JP Inglis,DN Wellalage,4,0,,,,,,,,,
1384405,2023/24,2023-10-16,"Bharat Ratna Shri Atal Bihari Vajpayee Ekana Cricket Stadium, Lucknow",2,27.4,Australia,Sri Lanka,M Labuschagne,JP Inglis,DN Wellalage,0,0,,,,,,,,,
1384405,2023/24,2023-10-16,"Bharat Ratna Shri Atal Bihari Vajpayee Ekana Cricket Stadium, Lucknow",2,27.5,Australia,Sri Lanka,M Labuschagne,JP Inglis,DN Wellalage,0,0,,,,,,,,,
1384405,2023/24,2023-10-16,"Bharat Ratna Shri Atal Bihari Vajpayee Ekana Cricket Stadium, Lucknow",2,27.6,Australia,Sri Lanka,M Labuschagne,JP Inglis,DN Wellalage,0,0,,,,,,,,,
1384405,2023/24,2023-10-16,"Bharat Ratna Shri Atal Bihari Vajpayee Ekana Cricket Stadium, Lucknow",2,28.1,Australia,Sri Lanka,JP Inglis,M Labuschagne,D Madushanka,0,0,,,,,,,,,
1384405,2023/24,2023-10-16,"Bharat Ratna Shri Atal Bihari Vajpayee Ekana Cricket Stadium, Lucknow",2,28.2,Australia,Sri Lanka,JP Inglis,M Labuschagne,D Madushanka,0,0,,,,,,,,,
1384405,2023/24,2023-10-16,"Bharat Ratna Shri Atal Bihari Vajpayee Ekana Cricket Stadium, Lucknow",2,28.3,Australia,Sri Lanka,JP Inglis,M Labuschagne,D Madushanka,0,0,,,,,,,,,
1384405,2023/24,2023-10-16,"Bharat Ratna Shri Atal Bihari Vajpayee Ekana Cricket Stadium, Lucknow",2,28.4,Australia,Sri Lanka,JP Inglis,M Labuschagne,D Madushanka,1,0,,,,,,,,,
1384405,2023/24,2023-10-16,"Bharat Ratna Shri Atal Bihari Vajpayee Ekana Cricket Stadium, Lucknow",2,28.5,Australia,Sri Lanka,M Labuschagne,JP Inglis,D Madushanka,0,0,,,,,,caught,M Labuschagne,,
1384405,2023/24,2023-10-16,"Bharat Ratna Shri Atal Bihari Vajpayee Ekana Cricket Stadium, Lucknow",2,28.6,Australia,Sri Lanka,GJ Maxwell,JP Inglis,D Madushanka,0,0,,,,,,,,,
1384405,2023/24,2023-10-16,"Bharat Ratna Shri Atal Bihari Vajpayee Ekana Cricket Stadium, Lucknow",2,29.1,Australia,Sri Lanka,JP Inglis,GJ Maxwell,M Theekshana,0,0,,,,,,,,,
1384405,2023/24,2023-10-16,"Bharat Ratna Shri Atal Bihari Vajpayee Ekana Cricket Stadium, Lucknow",2,29.2,Australia,Sri Lanka,JP Inglis,GJ Maxwell,M Theekshana,1,0,,,,,,,,,
1384405,2023/24,2023-10-16,"Bharat Ratna Shri Atal Bihari Vajpayee Ekana Cricket Stadium, Lucknow",2,29.3,Australia,Sri Lanka,GJ Maxwell,JP Inglis,M Theekshana,0,0,,,,,,,,,
1384405,2023/24,2023-10-16,"Bharat Ratna Shri Atal Bihari Vajpayee Ekana Cricket Stadium, Lucknow",2,29.4,Australia,Sri Lanka,GJ Maxwell,JP Inglis,M Theekshana,0,0,,,,,,,,,
1384405,2023/24,2023-10-16,"Bharat Ratna Shri Atal Bihari Vajpayee Ekana Cricket Stadium, Lucknow",2,29.5,Australia,Sri Lanka,GJ Maxwell,JP Inglis,M Theekshana,4,0,,,,,,,,,
1384405,2023/24,2023-10-16,"Bharat Ratna Shri Atal Bihari Vajpayee Ekana Cricket Stadium, Lucknow",2,29.6,Australia,Sri Lanka,GJ Maxwell,JP Inglis,M Theekshana,0,0,,,,,,,,,
1384405,2023/24,2023-10-16,"Bharat Ratna Shri Atal Bihari Vajpayee Ekana Cricket Stadium, Lucknow",2,30.1,Australia,Sri Lanka,JP Inglis,GJ Maxwell,D Madushanka,1,0,,,,,,,,,
1384405,2023/24,2023-10-16,"Bharat Ratna Shri Atal Bihari Vajpayee Ekana Cricket Stadium, Lucknow",2,30.2,Australia,Sri Lanka,GJ Maxwell,JP Inglis,D Madushanka,0,0,,,,,,,,,
1384405,2023/24,2023-10-16,"Bharat Ratna Shri Atal Bihari Vajpayee Ekana Cricket Stadium, Lucknow",2,30.3,Australia,Sri Lanka,GJ Maxwell,JP Inglis,D Madushanka,4,0,,,,,,,,,
1384405,2023/24,2023-10-16,"Bharat Ratna Shri Atal Bihari Vajpayee Ekana Cricket Stadium, Lucknow",2,30.4,Australia,Sri Lanka,GJ Maxwell,JP Inglis,D Madushanka,0,0,,,,,,,,,
1384405,2023/24,2023-10-16,"Bharat Ratna Shri Atal Bihari Vajpayee Ekana Cricket Stadium, Lucknow",2,30.5,Australia,Sri Lanka,GJ Maxwell,JP Inglis,D Madushanka,4,0,,,,,,,,,
1384405,2023/24,2023-10-16,"Bharat Ratna Shri Atal Bihari Vajpayee Ekana Cricket Stadium, Lucknow",2,30.6,Australia,Sri Lanka,GJ Maxwell,JP Inglis,D Madushanka,4,0,,,,,,,,,
1384405,2023/24,2023-10-16,"Bharat Ratna Shri Atal Bihari Vajpayee Ekana Cricket Stadium, Lucknow",2,31.1,Australia,Sri Lanka,JP Inglis,GJ Maxwell,M Theekshana,0,0,,,,,,,,,
1384405,2023/24,2023-10-16,"Bharat Ratna Shri Atal Bihari Vajpayee Ekana Cricket Stadium, Lucknow",2,31.2,Australia,Sri Lanka,JP Inglis,GJ Maxwell,M Theekshana,1,0,,,,,,,,,
1384405,2023/24,2023-10-16,"Bharat Ratna Shri Atal Bihari Vajpayee Ekana Cricket Stadium, Lucknow",2,31.3,Australia,Sri Lanka,GJ Maxwell,JP Inglis,M Theekshana,6,0,,,,,,,,,
1384405,2023/24,2023-10-16,"Bharat Ratna Shri Atal Bihari Vajpayee Ekana Cricket Stadium, Lucknow",2,31.4,Australia,Sri Lanka,GJ Maxwell,JP Inglis,M Theekshana,0,0,,,,,,,,,
1384405,2023/24,2023-10-16,"Bharat Ratna Shri Atal Bihari Vajpayee Ekana Cricket Stadium, Lucknow",2,31.5,Australia,Sri Lanka,GJ Maxwell,JP Inglis,M Theekshana,0,0,,,,,,,,,
1384405,2023/24,2023-10-16,"Bharat Ratna Shri Atal Bihari Vajpayee Ekana Cricket Stadium, Lucknow",2,31.6,Australia,Sri Lanka,GJ Maxwell,JP Inglis,M Theekshana,6,0,,,,,,,,,
1384405,2023/24,2023-10-16,"Bharat Ratna Shri Atal Bihari Vajpayee Ekana Cricket Stadium, Lucknow",2,32.1,Australia,Sri Lanka,JP Inglis,GJ Maxwell,D Madushanka,1,0,,,,,,,,,
1384405,2023/24,2023-10-16,"Bharat Ratna Shri Atal Bihari Vajpayee Ekana Cricket Stadium, Lucknow",2,32.2,Australia,Sri Lanka,GJ Maxwell,JP Inglis,D Madushanka,0,0,,,,,,,,,
1384405,2023/24,2023-10-16,"Bharat Ratna Shri Atal Bihari Vajpayee Ekana Cricket Stadium, Lucknow",2,32.3,Australia,Sri Lanka,GJ Maxwell,JP Inglis,D Madushanka,1,0,,,,,,,,,
1384405,2023/24,2023-10-16,"Bharat Ratna Shri Atal Bihari Vajpayee Ekana Cricket Stadium, Lucknow",2,32.4,Australia,Sri Lanka,JP Inglis,GJ Maxwell,D Madushanka,1,0,,,,,,,,,
1384405,2023/24,2023-10-16,"Bharat Ratna Shri Atal Bihari Vajpayee Ekana Cricket Stadium, Lucknow",2,32.5,Australia,Sri Lanka,GJ Maxwell,JP Inglis,D Madushanka,0,0,,,,,,,,,
1384405,2023/24,2023-10-16,"Bharat Ratna Shri Atal Bihari Vajpayee Ekana Cricket Stadium, Lucknow",2,32.6,Australia,Sri Lanka,GJ Maxwell,JP Inglis,D Madushanka,0,0,,,,,,,,,
1384405,2023/24,2023-10-16,"Bharat Ratna Shri Atal Bihari Vajpayee Ekana Cricket Stadium, Lucknow",2,33.1,Australia,Sri Lanka,JP Inglis,GJ Maxwell,DN Wellalage,0,0,,,,,,caught,JP Inglis,,
1384405,2023/24,2023-10-16,"Bharat Ratna Shri Atal Bihari Vajpayee Ekana Cricket Stadium, Lucknow",2,33.2,Australia,Sri Lanka,MP Stoinis,GJ Maxwell,DN Wellalage,4,0,,,,,,,,,
1384405,2023/24,2023-10-16,"Bharat Ratna Shri Atal Bihari Vajpayee Ekana Cricket Stadium, Lucknow",2,33.3,Australia,Sri Lanka,MP Stoinis,GJ Maxwell,DN Wellalage,2,0,,,,,,,,,
1384405,2023/24,2023-10-16,"Bharat Ratna Shri Atal Bihari Vajpayee Ekana Cricket Stadium, Lucknow",2,33.4,Australia,Sri Lanka,MP Stoinis,GJ Maxwell,DN Wellalage,0,0,,,,,,,,,
1384405,2023/24,2023-10-16,"Bharat Ratna Shri Atal Bihari Vajpayee Ekana Cricket Stadium, Lucknow",2,33.5,Australia,Sri Lanka,MP Stoinis,GJ Maxwell,DN Wellalage,0,0,,,,,,,,,
1384405,2023/24,2023-10-16,"Bharat Ratna Shri Atal Bihari Vajpayee Ekana Cricket Stadium, Lucknow",2,33.6,Australia,Sri Lanka,MP Stoinis,GJ Maxwell,DN Wellalage,4,0,,,,,,,,,
1384405,2023/24,2023-10-16,"Bharat Ratna Shri Atal Bihari Vajpayee Ekana Cricket Stadium, Lucknow",2,34.1,Australia,Sri Lanka,GJ Maxwell,MP Stoinis,D Madushanka,0,0,,,,,,,,,
1384405,2023/24,2023-10-16,"Bharat Ratna Shri Atal Bihari Vajpayee Ekana Cricket Stadium, Lucknow",2,34.2,Australia,Sri Lanka,GJ Maxwell,MP Stoinis,D Madushanka,1,0,,,,,,,,,
1384405,2023/24,2023-10-16,"Bharat Ratna Shri Atal Bihari Vajpayee Ekana Cricket Stadium, Lucknow",2,34.3,Australia,Sri Lanka,MP Stoinis,GJ Maxwell,D Madushanka,2,0,,,,,,,,,
1384405,2023/24,2023-10-16,"Bharat Ratna Shri Atal Bihari Vajpayee Ekana Cricket Stadium, Lucknow",2,34.4,Australia,Sri Lanka,MP Stoinis,GJ Maxwell,D Madushanka,0,1,1,,,,,,,,
1384405,2023/24,2023-10-16,"Bharat Ratna Shri Atal Bihari Vajpayee Ekana Cricket Stadium, Lucknow",2,34.5,Australia,Sri Lanka,MP Stoinis,GJ Maxwell,D Madushanka,1,0,,,,,,,,,
1384405,2023/24,2023-10-16,"Bharat Ratna Shri Atal Bihari Vajpayee Ekana Cricket Stadium, Lucknow",2,34.6,Australia,Sri Lanka,GJ Maxwell,MP Stoinis,D Madushanka,1,0,,,,,,,,,
1384405,2023/24,2023-10-16,"Bharat Ratna Shri Atal Bihari Vajpayee Ekana Cricket Stadium, Lucknow",2,34.7,Australia,Sri Lanka,MP Stoinis,GJ Maxwell,D Madushanka,1,0,,,,,,,,,
1384405,2023/24,2023-10-16,"Bharat Ratna Shri Atal Bihari Vajpayee Ekana Cricket Stadium, Lucknow",2,35.1,Australia,Sri Lanka,MP Stoinis,GJ Maxwell,DN Wellalage,0,0,,,,,,,,,
1384405,2023/24,2023-10-16,"Bharat Ratna Shri Atal Bihari Vajpayee Ekana Cricket Stadium, Lucknow",2,35.2,Australia,Sri Lanka,MP Stoinis,GJ Maxwell,DN Wellalage,6,0,,,,,,,,,
