match_id,season,start_date,venue,innings,ball,batting_team,bowling_team,striker,non_striker,bowler,runs_off_bat,extras,wides,noballs,byes,legbyes,penalty,wicket_type,player_dismissed,other_wicket_type,other_player_dismissed
1384406,2023/24,2023-10-17,"Himachal Pradesh Cricket Association Stadium, Dharamsala",1,0.1,Netherlands,South Africa,Vikramjit Singh,MP O'Dowd,L Ngidi,0,0,,,,,,,,,
1384406,2023/24,2023-10-17,"Himachal Pradesh Cricket Association Stadium, Dharamsala",1,0.2,Netherlands,South Africa,Vikramjit Singh,MP O'Dowd,L Ngidi,0,0,,,,,,,,,
1384406,2023/24,2023-10-17,"Himachal Pradesh Cricket Association Stadium, Dharamsala",1,0.3,Netherlands,South Africa,Vikramjit Singh,MP O'Dowd,L Ngidi,0,0,,,,,,,,,
1384406,2023/24,2023-10-17,"Himachal Pradesh Cricket Association Stadium, Dharamsala",1,0.4,Netherlands,South Africa,Vikramjit Singh,MP O'Dowd,L Ngidi,0,0,,,,,,,,,
1384406,2023/24,2023-10-17,"Himachal Pradesh Cricket Association Stadium, Dharamsala",1,0.5,Netherlands,South Africa,Vikramjit Singh,MP O'Dowd,L Ngidi,0,0,,,,,,,,,
1384406,2023/24,2023-10-17,"Himachal Pradesh Cricket Association Stadium, Dharamsala",1,0.6,Netherlands,South Africa,Vikramjit Singh,MP O'Dowd,L Ngidi,0,0,,,,,,,,,
1384406,2023/24,2023-10-17,"Himachal Pradesh Cricket Association Stadium, Dharamsala",1,1.1,Netherlands,South Africa,MP O'Dowd,Vikramjit Singh,M Jansen,0,1,1,,,,,,,,
1384406,2023/24,2023-10-17,"Himachal Pradesh Cricket Association Stadium, Dharamsala",1,1.2,Netherlands,South Africa,MP O'Dowd,Vikramjit Singh,M Jansen,0,1,1,,,,,,,,
1384406,2023/24,2023-10-17,"Himachal Pradesh Cricket Association Stadium, Dharamsala",1,1.3,Netherlands,South Africa,MP O'Dowd,Vikramjit Singh,M Jansen,0,0,,,,,,,,,
1384406,2023/24,2023-10-17,"Himachal Pradesh Cricket Association Stadium, Dharamsala",1,1.4,Netherlands,South Africa,MP O'Dowd,Vikramjit Singh,M Jansen,0,0,,,,,,,,,
1384406,2023/24,2023-10-17,"Himachal Pradesh Cricket Association Stadium, Dharamsala",1,1.5,Netherlands,South Africa,MP O'Dowd,Vikramjit Singh,M Jansen,4,0,,,,,,,,,
1384406,2023/24,2023-10-17,"Himachal Pradesh Cricket Association Stadium, Dharamsala",1,1.6,Netherlands,South Africa,MP O'Dowd,Vikramjit Singh,M Jansen,0,0,,,,,,,,,
1384406,2023/24,2023-10-17,"Himachal Pradesh Cricket Association Stadium, Dharamsala",1,1.7,Netherlands,South Africa,MP O'Dowd,Vikramjit Singh,M Jansen,0,0,,,,,,,,,
1384406,2023/24,2023-10-17,"Himachal Pradesh Cricket Association Stadium, Dharamsala",1,1.8,Netherlands,South Africa,MP O'Dowd,Vikramjit Singh,M Jansen,0,0,,,,,,,,,
1384406,2023/24,2023-10-17,"Himachal Pradesh Cricket Association Stadium, Dharamsala",1,2.1,Netherlands,South Africa,Vikramjit Singh,MP O'Dowd,L Ngidi,1,0,,,,,,,,,
1384406,2023/24,2023-10-17,"Himachal Pradesh Cricket Association Stadium, Dharamsala",1,2.2,Netherlands,South Africa,MP O'Dowd,Vikramjit Singh,L Ngidi,0,0,,,,,,,,,
1384406,2023/24,2023-10-17,"Himachal Pradesh Cricket Association Stadium, Dharamsala",1,2.3,Netherlands,South Africa,MP O'Dowd,Vikramjit Singh,L Ngidi,0,0,,,,,,,,,
1384406,2023/24,2023-10-17,"Himachal Pradesh Cricket Association Stadium, Dharamsala",1,2.4,Netherlands,South Africa,MP O'Dowd,Vikramjit Singh,L Ngidi,4,0,,,,,,,,,
1384406,2023/24,2023-10-17,"Himachal Pradesh Cricket Association Stadium, Dharamsala",1,2.5,Netherlands,South Africa,MP O'Dowd,Vikramjit Singh,L Ngidi,4,0,,,,,,,,,
1384406,2023/24,2023-10-17,"Himachal Pradesh Cricket Association Stadium, Dharamsala",1,2.6,Netherlands,South Africa,MP O'Dowd,Vikramjit Singh,L Ngidi,1,0,,,,,,,,,
1384406,2023/24,2023-10-17,"Himachal Pradesh Cricket Association Stadium, Dharamsala",1,3.1,Netherlands,South Africa,MP O'Dowd,Vikramjit Singh,M Jansen,0,0,,,,,,,,,
1384406,2023/24,2023-10-17,"Himachal Pradesh Cricket Association Stadium, Dharamsala",1,3.2,Netherlands,South Africa,MP O'Dowd,Vikramjit Singh,M Jansen,0,0,,,,,,,,,
1384406,2023/24,2023-10-17,"Himachal Pradesh Cricket Association Stadium, Dharamsala",1,3.3,Netherlands,South Africa,MP O'Dowd,Vikramjit Singh,M Jansen,0,0,,,,,,,,,
1384406,2023/24,2023-10-17,"Himachal Pradesh Cricket Association Stadium, Dharamsala",1,3.4,Netherlands,South Africa,MP O'Dowd,Vikramjit Singh,M Jansen,0,0,,,,,,,,,
1384406,2023/24,2023-10-17,"Himachal Pradesh Cricket Association Stadium, Dharamsala",1,3.5,Netherlands,South Africa,MP O'Dowd,Vikramjit Singh,M Jansen,0,0,,,,,,,,,
1384406,2023/24,2023-10-17,"Himachal Pradesh Cricket Association Stadium, Dharamsala",1,3.6,Netherlands,South Africa,MP O'Dowd,Vikramjit Singh,M Jansen,0,0,,,,,,,,,
1384406,2023/24,2023-10-17,"Himachal Pradesh Cricket Association Stadium, Dharamsala",1,4.1,Netherlands,South Africa,Vikramjit Singh,MP O'Dowd,L Ngidi,0,0,,,,,,,,,
1384406,2023/24,2023-10-17,"Himachal Pradesh Cricket Association Stadium, Dharamsala",1,4.2,Netherlands,South Africa,Vikramjit Singh,MP O'Dowd,L Ngidi,0,1,,,,1,,,,,
1384406,2023/24,2023-10-17,"Himachal Pradesh Cricket Association Stadium, Dharamsala",1,4.3,Netherlands,South Africa,MP O'Dowd,Vikramjit Singh,L Ngidi,0,0,,,,,,,,,
1384406,2023/24,2023-10-17,"Himachal Pradesh Cricket Association Stadium, Dharamsala",1,4.4,Netherlands,South Africa,MP O'Dowd,Vikramjit Singh,L Ngidi,0,0,,,,,,,,,
1384406,2023/24,2023-10-17,"Himachal Pradesh Cricket Association Stadium, Dharamsala",1,4.5,Netherlands,South Africa,MP O'Dowd,Vikramjit Singh,L Ngidi,4,0,,,,,,,,,
1384406,2023/24,2023-10-17,"Himachal Pradesh Cricket Association Stadium, Dharamsala",1,4.6,Netherlands,South Africa,MP O'Dowd,Vikramjit Singh,L Ngidi,0,0,,,,,,,,,
1384406,2023/24,2023-10-17,"Himachal Pradesh Cricket Association Stadium, Dharamsala",1,5.1,Netherlands,South Africa,Vikramjit Singh,MP O'Dowd,M Jansen,0,0,,,,,,,,,
1384406,2023/24,2023-10-17,"Himachal Pradesh Cricket Association Stadium, Dharamsala",1,5.2,Netherlands,South Africa,Vikramjit Singh,MP O'Dowd,M Jansen,0,0,,,,,,,,,
1384406,2023/24,2023-10-17,"Himachal Pradesh Cricket Association Stadium, Dharamsala",1,5.3,Netherlands,South Africa,Vikramjit Singh,MP O'Dowd,M Jansen,0,0,,,,,,,,,
1384406,2023/24,2023-10-17,"Himachal Pradesh Cricket Association Stadium, Dharamsala",1,5.4,Netherlands,South Africa,Vikramjit Singh,MP O'Dowd,M Jansen,0,0,,,,,,,,,
1384406,2023/24,2023-10-17,"Himachal Pradesh Cricket Association Stadium, Dharamsala",1,5.5,Netherlands,South Africa,Vikramjit Singh,MP O'Dowd,M Jansen,0,0,,,,,,,,,
1384406,2023/24,2023-10-17,"Himachal Pradesh Cricket Association Stadium, Dharamsala",1,5.6,Netherlands,South Africa,Vikramjit Singh,MP O'Dowd,M Jansen,1,0,,,,,,,,,
1384406,2023/24,2023-10-17,"Himachal Pradesh Cricket Association Stadium, Dharamsala",1,6.1,Netherlands,South Africa,Vikramjit Singh,MP O'Dowd,K Rabada,0,0,,,,,,caught,Vikramjit Singh,,
1384406,2023/24,2023-10-17,"Himachal Pradesh Cricket Association Stadium, Dharamsala",1,6.2,Netherlands,South Africa,CN Ackermann,MP O'Dowd,K Rabada,1,0,,,,,,,,,
1384406,2023/24,2023-10-17,"Himachal Pradesh Cricket Association Stadium, Dharamsala",1,6.3,Netherlands,South Africa,MP O'Dowd,CN Ackermann,K Rabada,0,0,,,,,,,,,
1384406,2023/24,2023-10-17,"Himachal Pradesh Cricket Association Stadium, Dharamsala",1,6.4,Netherlands,South Africa,MP O'Dowd,CN Ackermann,K Rabada,0,0,,,,,,,,,
1384406,2023/24,2023-10-17,"Himachal Pradesh Cricket Association Stadium, Dharamsala",1,6.5,Netherlands,South Africa,MP O'Dowd,CN Ackermann,K Rabada,1,0,,,,,,,,,
1384406,2023/24,2023-10-17,"Himachal Pradesh Cricket Association Stadium, Dharamsala",1,6.6,Netherlands,South Africa,CN Ackermann,MP O'Dowd,K Rabada,0,0,,,,,,,,,
1384406,2023/24,2023-10-17,"Himachal Pradesh Cricket Association Stadium, Dharamsala",1,7.1,Netherlands,South Africa,MP O'Dowd,CN Ackermann,M Jansen,0,0,,,,,,caught,MP O'Dowd,,
1384406,2023/24,2023-10-17,"Himachal Pradesh Cricket Association Stadium, Dharamsala",1,7.2,Netherlands,South Africa,BFW de Leede,CN Ackermann,M Jansen,1,0,,,,,,,,,
1384406,2023/24,2023-10-17,"Himachal Pradesh Cricket Association Stadium, Dharamsala",1,7.3,Netherlands,South Africa,CN Ackermann,BFW de Leede,M Jansen,0,0,,,,,,,,,
1384406,2023/24,2023-10-17,"Himachal Pradesh Cricket Association Stadium, Dharamsala",1,7.4,Netherlands,South Africa,CN Ackermann,BFW de Leede,M Jansen,0,0,,,,,,,,,
1384406,2023/24,2023-10-17,"Himachal Pradesh Cricket Association Stadium, Dharamsala",1,7.5,Netherlands,South Africa,CN Ackermann,BFW de Leede,M Jansen,1,0,,,,,,,,,
1384406,2023/24,2023-10-17,"Himachal Pradesh Cricket Association Stadium, Dharamsala",1,7.6,Netherlands,South Africa,BFW de Leede,CN Ackermann,M Jansen,0,1,1,,,,,,,,
1384406,2023/24,2023-10-17,"Himachal Pradesh Cricket Association Stadium, Dharamsala",1,7.7,Netherlands,South Africa,BFW de Leede,CN Ackermann,M Jansen,0,0,,,,,,,,,
1384406,2023/24,2023-10-17,"Himachal Pradesh Cricket Association Stadium, Dharamsala",1,8.1,Netherlands,South Africa,CN Ackermann,BFW de Leede,K Rabada,0,0,,,,,,,,,
1384406,2023/24,2023-10-17,"Himachal Pradesh Cricket Association Stadium, Dharamsala",1,8.2,Netherlands,South Africa,CN Ackermann,BFW de Leede,K Rabada,0,0,,,,,,,,,
1384406,2023/24,2023-10-17,"Himachal Pradesh Cricket Association Stadium, Dharamsala",1,8.3,Netherlands,South Africa,CN Ackermann,BFW de Leede,K Rabada,0,0,,,,,,,,,
1384406,2023/24,2023-10-17,"Himachal Pradesh Cricket Association Stadium, Dharamsala",1,8.4,Netherlands,South Africa,CN Ackermann,BFW de Leede,K Rabada,0,0,,,,,,,,,
1384406,2023/24,2023-10-17,"Himachal Pradesh Cricket Association Stadium, Dharamsala",1,8.5,Netherlands,South Africa,CN Ackermann,BFW de Leede,K Rabada,1,0,,,,,,,,,
1384406,2023/24,2023-10-17,"Himachal Pradesh Cricket Association Stadium, Dharamsala",1,8.6,Netherlands,South Africa,BFW de Leede,CN Ackermann,K Rabada,0,0,,,,,,,,,
1384406,2023/24,2023-10-17,"Himachal Pradesh Cricket Association Stadium, Dharamsala",1,9.1,Netherlands,South Africa,CN Ackermann,BFW de Leede,M Jansen,1,0,,,,,,,,,
1384406,2023/24,2023-10-17,"Himachal Pradesh Cricket Association Stadium, Dharamsala",1,9.2,Netherlands,South Africa,BFW de Leede,CN Ackermann,M Jansen,0,0,,,,,,,,,
1384406,2023/24,2023-10-17,"Himachal Pradesh Cricket Association Stadium, Dharamsala",1,9.3,Netherlands,South Africa,BFW de Leede,CN Ackermann,M Jansen,0,0,,,,,,,,,
1384406,2023/24,2023-10-17,"Himachal Pradesh Cricket Association Stadium, Dharamsala",1,9.4,Netherlands,South Africa,BFW de Leede,CN Ackermann,M Jansen,1,0,,,,,,,,,
1384406,2023/24,2023-10-17,"Himachal Pradesh Cricket Association Stadium, Dharamsala",1,9.5,Netherlands,South Africa,CN Ackermann,BFW de Leede,M Jansen,0,1,1,,,,,,,,
1384406,2023/24,2023-10-17,"Himachal Pradesh Cricket Association Stadium, Dharamsala",1,9.6,Netherlands,South Africa,CN Ackermann,BFW de Leede,M Jansen,0,0,,,,,,,,,
1384406,2023/24,2023-10-17,"Himachal Pradesh Cricket Association Stadium, Dharamsala",1,9.7,Netherlands,South Africa,CN Ackermann,BFW de Leede,M Jansen,0,1,,,,1,,,,,
1384406,2023/24,2023-10-17,"Himachal Pradesh Cricket Association Stadium, Dharamsala",1,10.1,Netherlands,South Africa,CN Ackermann,BFW de Leede,K Rabada,0,1,1,,,,,,,,
1384406,2023/24,2023-10-17,"Himachal Pradesh Cricket Association Stadium, Dharamsala",1,10.2,Netherlands,South Africa,CN Ackermann,BFW de Leede,K Rabada,2,0,,,,,,,,,
1384406,2023/24,2023-10-17,"Himachal Pradesh Cricket Association Stadium, Dharamsala",1,10.3,Netherlands,South Africa,CN Ackermann,BFW de Leede,K Rabada,4,0,,,,,,,,,
1384406,2023/24,2023-10-17,"Himachal Pradesh Cricket Association Stadium, Dharamsala",1,10.4,Netherlands,South Africa,CN Ackermann,BFW de Leede,K Rabada,0,0,,,,,,,,,
1384406,2023/24,2023-10-17,"Himachal Pradesh Cricket Association Stadium, Dharamsala",1,10.5,Netherlands,South Africa,CN Ackermann,BFW de Leede,K Rabada,1,0,,,,,,,,,
1384406,2023/24,2023-10-17,"Himachal Pradesh Cricket Association Stadium, Dharamsala",1,10.6,Netherlands,South Africa,BFW de Leede,CN Ackermann,K Rabada,0,0,,,,,,lbw,BFW de Leede,,
1384406,2023/24,2023-10-17,"Himachal Pradesh Cricket Association Stadium, Dharamsala",1,10.7,Netherlands,South Africa,SA Engelbrecht,CN Ackermann,K Rabada,1,0,,,,,,,,,
1384406,2023/24,2023-10-17,"Himachal Pradesh Cricket Association Stadium, Dharamsala",1,11.1,Netherlands,South Africa,SA Engelbrecht,CN Ackermann,G Coetzee,0,1,1,,,,,,,,
1384406,2023/24,2023-10-17,"Himachal Pradesh Cricket Association Stadium, Dharamsala",1,11.2,Netherlands,South Africa,SA Engelbrecht,CN Ackermann,G Coetzee,0,1,1,,,,,,,,
1384406,2023/24,2023-10-17,"Himachal Pradesh Cricket Association Stadium, Dharamsala",1,11.3,Netherlands,South Africa,SA Engelbrecht,CN Ackermann,G Coetzee,0,0,,,,,,,,,
1384406,2023/24,2023-10-17,"Himachal Pradesh Cricket Association Stadium, Dharamsala",1,11.4,Netherlands,South Africa,SA Engelbrecht,CN Ackermann,G Coetzee,0,0,,,,,,,,,
1384406,2023/24,2023-10-17,"Himachal Pradesh Cricket Association Stadium, Dharamsala",1,11.5,Netherlands,South Africa,SA Engelbrecht,CN Ackermann,G Coetzee,0,0,,,,,,,,,
1384406,2023/24,2023-10-17,"Himachal Pradesh Cricket Association Stadium, Dharamsala",1,11.6,Netherlands,South Africa,SA Engelbrecht,CN Ackermann,G Coetzee,0,0,,,,,,,,,
1384406,2023/24,2023-10-17,"Himachal Pradesh Cricket Association Stadium, Dharamsala",1,11.7,Netherlands,South Africa,SA Engelbrecht,CN Ackermann,G Coetzee,0,0,,,,,,,,,
1384406,2023/24,2023-10-17,"Himachal Pradesh Cricket Association Stadium, Dharamsala",1,11.8,Netherlands,South Africa,SA Engelbrecht,CN Ackermann,G Coetzee,0,0,,,,,,,,,
1384406,2023/24,2023-10-17,"Himachal Pradesh Cricket Association Stadium, Dharamsala",1,12.1,Netherlands,South Africa,CN Ackermann,SA Engelbrecht,K Rabada,0,0,,,,,,,,,
1384406,2023/24,2023-10-17,"Himachal Pradesh Cricket Association Stadium, Dharamsala",1,12.2,Netherlands,South Africa,CN Ackermann,SA Engelbrecht,K Rabada,1,0,,,,,,,,,
1384406,2023/24,2023-10-17,"Himachal Pradesh Cricket Association Stadium, Dharamsala",1,12.3,Netherlands,South Africa,SA Engelbrecht,CN Ackermann,K Rabada,0,0,,,,,,,,,
1384406,2023/24,2023-10-17,"Himachal Pradesh Cricket Association Stadium, Dharamsala",1,12.4,Netherlands,South Africa,SA Engelbrecht,CN Ackermann,K Rabada,0,0,,,,,,,,,
1384406,2023/24,2023-10-17,"Himachal Pradesh Cricket Association Stadium, Dharamsala",1,12.5,Netherlands,South Africa,SA Engelbrecht,CN Ackermann,K Rabada,4,0,,,,,,,,,
1384406,2023/24,2023-10-17,"Himachal Pradesh Cricket Association Stadium, Dharamsala",1,12.6,Netherlands,South Africa,SA Engelbrecht,CN Ackermann,K Rabada,1,0,,,,,,,,,
1384406,2023/24,2023-10-17,"Himachal Pradesh Cricket Association Stadium, Dharamsala",1,13.1,Netherlands,South Africa,SA Engelbrecht,CN Ackermann,G Coetzee,1,0,,,,,,,,,
1384406,2023/24,2023-10-17,"Himachal Pradesh Cricket Association Stadium, Dharamsala",1,13.2,Netherlands,South Africa,CN Ackermann,SA Engelbrecht,G Coetzee,0,0,,,,,,,,,
1384406,2023/24,2023-10-17,"Himachal Pradesh Cricket Association Stadium, Dharamsala",1,13.3,Netherlands,South Africa,CN Ackermann,SA Engelbrecht,G Coetzee,0,0,,,,,,,,,
1384406,2023/24,2023-10-17,"Himachal Pradesh Cricket Association Stadium, Dharamsala",1,13.4,Netherlands,South Africa,CN Ackermann,SA Engelbrecht,G Coetzee,0,0,,,,,,,,,
1384406,2023/24,2023-10-17,"Himachal Pradesh Cricket Association Stadium, Dharamsala",1,13.5,Netherlands,South Africa,CN Ackermann,SA Engelbrecht,G Coetzee,0,0,,,,,,,,,
1384406,2023/24,2023-10-17,"Himachal Pradesh Cricket Association Stadium, Dharamsala",1,13.6,Netherlands,South Africa,CN Ackermann,SA Engelbrecht,G Coetzee,0,0,,,,,,,,,
1384406,2023/24,2023-10-17,"Himachal Pradesh Cricket Association Stadium, Dharamsala",1,14.1,Netherlands,South Africa,SA Engelbrecht,CN Ackermann,K Rabada,0,0,,,,,,,,,
1384406,2023/24,2023-10-17,"Himachal Pradesh Cricket Association Stadium, Dharamsala",1,14.2,Netherlands,South Africa,SA Engelbrecht,CN Ackermann,K Rabada,0,0,,,,,,,,,
1384406,2023/24,2023-10-17,"Himachal Pradesh Cricket Association Stadium, Dharamsala",1,14.3,Netherlands,South Africa,SA Engelbrecht,CN Ackermann,K Rabada,0,0,,,,,,,,,
1384406,2023/24,2023-10-17,"Himachal Pradesh Cricket Association Stadium, Dharamsala",1,14.4,Netherlands,South Africa,SA Engelbrecht,CN Ackermann,K Rabada,0,0,,,,,,,,,
1384406,2023/24,2023-10-17,"Himachal Pradesh Cricket Association Stadium, Dharamsala",1,14.5,Netherlands,South Africa,SA Engelbrecht,CN Ackermann,K Rabada,0,0,,,,,,,,,
1384406,2023/24,2023-10-17,"Himachal Pradesh Cricket Association Stadium, Dharamsala",1,14.6,Netherlands,South Africa,SA Engelbrecht,CN Ackermann,K Rabada,0,0,,,,,,,,,
1384406,2023/24,2023-10-17,"Himachal Pradesh Cricket Association Stadium, Dharamsala",1,15.1,Netherlands,South Africa,CN Ackermann,SA Engelbrecht,G Coetzee,0,0,,,,,,bowled,CN Ackermann,,
1384406,2023/24,2023-10-17,"Himachal Pradesh Cricket Association Stadium, Dharamsala",1,15.2,Netherlands,South Africa,AT Nidamanuru,SA Engelbrecht,G Coetzee,0,0,,,,,,,,,
1384406,2023/24,2023-10-17,"Himachal Pradesh Cricket Association Stadium, Dharamsala",1,15.3,Netherlands,South Africa,AT Nidamanuru,SA Engelbrecht,G Coetzee,0,0,,,,,,,,,
1384406,2023/24,2023-10-17,"Himachal Pradesh Cricket Association Stadium, Dharamsala",1,15.4,Netherlands,South Africa,AT Nidamanuru,SA Engelbrecht,G Coetzee,1,0,,,,,,,,,
1384406,2023/24,2023-10-17,"Himachal Pradesh Cricket Association Stadium, Dharamsala",1,15.5,Netherlands,South Africa,SA Engelbrecht,AT Nidamanuru,G Coetzee,6,0,,,,,,,,,
1384406,2023/24,2023-10-17,"Himachal Pradesh Cricket Association Stadium, Dharamsala",1,15.6,Netherlands,South Africa,SA Engelbrecht,AT Nidamanuru,G Coetzee,1,0,,,,,,,,,
1384406,2023/24,2023-10-17,"Himachal Pradesh Cricket Association Stadium, Dharamsala",1,16.1,Netherlands,South Africa,SA Engelbrecht,AT Nidamanuru,L Ngidi,0,0,,,,,,,,,
1384406,2023/24,2023-10-17,"Himachal Pradesh Cricket Association Stadium, Dharamsala",1,16.2,Netherlands,South Africa,SA Engelbrecht,AT Nidamanuru,L Ngidi,0,0,,,,,,,,,
1384406,2023/24,2023-10-17,"Himachal Pradesh Cricket Association Stadium, Dharamsala",1,16.3,Netherlands,South Africa,SA Engelbrecht,AT Nidamanuru,L Ngidi,0,0,,,,,,,,,
1384406,2023/24,2023-10-17,"Himachal Pradesh Cricket Association Stadium, Dharamsala",1,16.4,Netherlands,South Africa,SA Engelbrecht,AT Nidamanuru,L Ngidi,0,0,,,,,,,,,
1384406,2023/24,2023-10-17,"Himachal Pradesh Cricket Association Stadium, Dharamsala",1,16.5,Netherlands,South Africa,SA Engelbrecht,AT Nidamanuru,L Ngidi,0,5,5,,,,,,,,
1384406,2023/24,2023-10-17,"Himachal Pradesh Cricket Association Stadium, Dharamsala",1,16.6,Netherlands,South Africa,SA Engelbrecht,AT Nidamanuru,L Ngidi,0,4,,,,4,,,,,
1384406,2023/24,2023-10-17,"Himachal Pradesh Cricket Association Stadium, Dharamsala",1,16.7,Netherlands,South Africa,SA Engelbrecht,AT Nidamanuru,L Ngidi,1,0,,,,,,,,,
1384406,2023/24,2023-10-17,"Himachal Pradesh Cricket Association Stadium, Dharamsala",1,17.1,Netherlands,South Africa,SA Engelbrecht,AT Nidamanuru,G Coetzee,0,0,,,,,,,,,
1384406,2023/24,2023-10-17,"Himachal Pradesh Cricket Association Stadium, Dharamsala",1,17.2,Netherlands,South Africa,SA Engelbrecht,AT Nidamanuru,G Coetzee,1,0,,,,,,,,,
1384406,2023/24,2023-10-17,"Himachal Pradesh Cricket Association Stadium, Dharamsala",1,17.3,Netherlands,South Africa,AT Nidamanuru,SA Engelbrecht,G Coetzee,1,0,,,,,,,,,
1384406,2023/24,2023-10-17,"Himachal Pradesh Cricket Association Stadium, Dharamsala",1,17.4,Netherlands,South Africa,SA Engelbrecht,AT Nidamanuru,G Coetzee,0,0,,,,,,,,,
1384406,2023/24,2023-10-17,"Himachal Pradesh Cricket Association Stadium, Dharamsala",1,17.5,Netherlands,South Africa,SA Engelbrecht,AT Nidamanuru,G Coetzee,2,0,,,,,,,,,
1384406,2023/24,2023-10-17,"Himachal Pradesh Cricket Association Stadium, Dharamsala",1,17.6,Netherlands,South Africa,SA Engelbrecht,AT Nidamanuru,G Coetzee,0,0,,,,,,,,,
1384406,2023/24,2023-10-17,"Himachal Pradesh Cricket Association Stadium, Dharamsala",1,18.1,Netherlands,South Africa,AT Nidamanuru,SA Engelbrecht,L Ngidi,0,0,,,,,,,,,
1384406,2023/24,2023-10-17,"Himachal Pradesh Cricket Association Stadium, Dharamsala",1,18.2,Netherlands,South Africa,AT Nidamanuru,SA Engelbrecht,L Ngidi,1,0,,,,,,,,,
1384406,2023/24,2023-10-17,"Himachal Pradesh Cricket Association Stadium, Dharamsala",1,18.3,Netherlands,South Africa,SA Engelbrecht,AT Nidamanuru,L Ngidi,0,1,1,,,,,,,,
1384406,2023/24,2023-10-17,"Himachal Pradesh Cricket Association Stadium, Dharamsala",1,18.4,Netherlands,South Africa,SA Engelbrecht,AT Nidamanuru,L Ngidi,0,0,,,,,,,,,
1384406,2023/24,2023-10-17,"Himachal Pradesh Cricket Association Stadium, Dharamsala",1,18.5,Netherlands,South Africa,SA Engelbrecht,AT Nidamanuru,L Ngidi,0,0,,,,,,,,,
1384406,2023/24,2023-10-17,"Himachal Pradesh Cricket Association Stadium, Dharamsala",1,18.6,Netherlands,South Africa,SA Engelbrecht,AT Nidamanuru,L Ngidi,1,0,,,,,,,,,
1384406,2023/24,2023-10-17,"Himachal Pradesh Cricket Association Stadium, Dharamsala",1,18.7,Netherlands,South Africa,AT Nidamanuru,SA Engelbrecht,L Ngidi,1,0,,,,,,,,,
1384406,2023/24,2023-10-17,"Himachal Pradesh Cricket Association Stadium, Dharamsala",1,19.1,Netherlands,South Africa,AT Nidamanuru,SA Engelbrecht,G Coetzee,0,0,,,,,,,,,
1384406,2023/24,2023-10-17,"Himachal Pradesh Cricket Association Stadium, Dharamsala",1,19.2,Netherlands,South Africa,AT Nidamanuru,SA Engelbrecht,G Coetzee,4,0,,,,,,,,,
1384406,2023/24,2023-10-17,"Himachal Pradesh Cricket Association Stadium, Dharamsala",1,19.3,Netherlands,South Africa,AT Nidamanuru,SA Engelbrecht,G Coetzee,0,0,,,,,,,,,
1384406,2023/24,2023-10-17,"Himachal Pradesh Cricket Association Stadium, Dharamsala",1,19.4,Netherlands,South Africa,AT Nidamanuru,SA Engelbrecht,G Coetzee,1,0,,,,,,,,,
1384406,2023/24,2023-10-17,"Himachal Pradesh Cricket Association Stadium, Dharamsala",1,19.5,Netherlands,South Africa,SA Engelbrecht,AT Nidamanuru,G Coetzee,0,0,,,,,,,,,
1384406,2023/24,2023-10-17,"Himachal Pradesh Cricket Association Stadium, Dharamsala",1,19.6,Netherlands,South Africa,SA Engelbrecht,AT Nidamanuru,G Coetzee,0,0,,,,,,,,,
1384406,2023/24,2023-10-17,"Himachal Pradesh Cricket Association Stadium, Dharamsala",1,20.1,Netherlands,South Africa,AT Nidamanuru,SA Engelbrecht,L Ngidi,1,0,,,,,,,,,
1384406,2023/24,2023-10-17,"Himachal Pradesh Cricket Association Stadium, Dharamsala",1,20.2,Netherlands,South Africa,SA Engelbrecht,AT Nidamanuru,L Ngidi,0,0,,,,,,caught,SA Engelbrecht,,
1384406,2023/24,2023-10-17,"Himachal Pradesh Cricket Association Stadium, Dharamsala",1,20.3,Netherlands,South Africa,SA Edwards,AT Nidamanuru,L Ngidi,0,0,,,,,,,,,
1384406,2023/24,2023-10-17,"Himachal Pradesh Cricket Association Stadium, Dharamsala",1,20.4,Netherlands,South Africa,SA Edwards,AT Nidamanuru,L Ngidi,0,0,,,,,,,,,
1384406,2023/24,2023-10-17,"Himachal Pradesh Cricket Association Stadium, Dharamsala",1,20.5,Netherlands,South Africa,SA Edwards,AT Nidamanuru,L Ngidi,1,0,,,,,,,,,
1384406,2023/24,2023-10-17,"Himachal Pradesh Cricket Association Stadium, Dharamsala",1,20.6,Netherlands,South Africa,AT Nidamanuru,SA Edwards,L Ngidi,0,0,,,,,,,,,
1384406,2023/24,2023-10-17,"Himachal Pradesh Cricket Association Stadium, Dharamsala",1,21.1,Netherlands,South Africa,SA Edwards,AT Nidamanuru,KA Maharaj,4,0,,,,,,,,,
1384406,2023/24,2023-10-17,"Himachal Pradesh Cricket Association Stadium, Dharamsala",1,21.2,Netherlands,South Africa,SA Edwards,AT Nidamanuru,KA Maharaj,0,0,,,,,,,,,
1384406,2023/24,2023-10-17,"Himachal Pradesh Cricket Association Stadium, Dharamsala",1,21.3,Netherlands,South Africa,SA Edwards,AT Nidamanuru,KA Maharaj,0,0,,,,,,,,,
1384406,2023/24,2023-10-17,"Himachal Pradesh Cricket Association Stadium, Dharamsala",1,21.4,Netherlands,South Africa,SA Edwards,AT Nidamanuru,KA Maharaj,0,0,,,,,,,,,
1384406,2023/24,2023-10-17,"Himachal Pradesh Cricket Association Stadium, Dharamsala",1,21.5,Netherlands,South Africa,SA Edwards,AT Nidamanuru,KA Maharaj,0,0,,,,,,,,,
1384406,2023/24,2023-10-17,"Himachal Pradesh Cricket Association Stadium, Dharamsala",1,21.6,Netherlands,South Africa,SA Edwards,AT Nidamanuru,KA Maharaj,1,0,,,,,,,,,
1384406,2023/24,2023-10-17,"Himachal Pradesh Cricket Association Stadium, Dharamsala",1,22.1,Netherlands,South Africa,SA Edwards,AT Nidamanuru,L Ngidi,0,0,,,,,,,,,
1384406,2023/24,2023-10-17,"Himachal Pradesh Cricket Association Stadium, Dharamsala",1,22.2,Netherlands,South Africa,SA Edwards,AT Nidamanuru,L Ngidi,1,0,,,,,,,,,
1384406,2023/24,2023-10-17,"Himachal Pradesh Cricket Association Stadium, Dharamsala",1,22.3,Netherlands,South Africa,AT Nidamanuru,SA Edwards,L Ngidi,0,1,1,,,,,,,,
1384406,2023/24,2023-10-17,"Himachal Pradesh Cricket Association Stadium, Dharamsala",1,22.4,Netherlands,South Africa,AT Nidamanuru,SA Edwards,L Ngidi,4,0,,,,,,,,,
1384406,2023/24,2023-10-17,"Himachal Pradesh Cricket Association Stadium, Dharamsala",1,22.5,Netherlands,South Africa,AT Nidamanuru,SA Edwards,L Ngidi,0,1,1,,,,,,,,
1384406,2023/24,2023-10-17,"Himachal Pradesh Cricket Association Stadium, Dharamsala",1,22.6,Netherlands,South Africa,AT Nidamanuru,SA Edwards,L Ngidi,0,0,,,,,,,,,
1384406,2023/24,2023-10-17,"Himachal Pradesh Cricket Association Stadium, Dharamsala",1,22.7,Netherlands,South Africa,AT Nidamanuru,SA Edwards,L Ngidi,1,0,,,,,,,,,
1384406,2023/24,2023-10-17,"Himachal Pradesh Cricket Association Stadium, Dharamsala",1,22.8,Netherlands,South Africa,SA Edwards,AT Nidamanuru,L Ngidi,1,0,,,,,,,,,
1384406,2023/24,2023-10-17,"Himachal Pradesh Cricket Association Stadium, Dharamsala",1,23.1,Netherlands,South Africa,SA Edwards,AT Nidamanuru,KA Maharaj,0,0,,,,,,,,,
1384406,2023/24,2023-10-17,"Himachal Pradesh Cricket Association Stadium, Dharamsala",1,23.2,Netherlands,South Africa,SA Edwards,AT Nidamanuru,KA Maharaj,0,0,,,,,,,,,
1384406,2023/24,2023-10-17,"Himachal Pradesh Cricket Association Stadium, Dharamsala",1,23.3,Netherlands,South Africa,SA Edwards,AT Nidamanuru,KA Maharaj,0,0,,,,,,,,,
1384406,2023/24,2023-10-17,"Himachal Pradesh Cricket Association Stadium, Dharamsala",1,23.4,Netherlands,South Africa,SA Edwards,AT Nidamanuru,KA Maharaj,4,0,,,,,,,,,
1384406,2023/24,2023-10-17,"Himachal Pradesh Cricket Association Stadium, Dharamsala",1,23.5,Netherlands,South Africa,SA Edwards,AT Nidamanuru,KA Maharaj,1,0,,,,,,,,,
1384406,2023/24,2023-10-17,"Himachal Pradesh Cricket Association Stadium, Dharamsala",1,23.6,Netherlands,South Africa,AT Nidamanuru,SA Edwards,KA Maharaj,0,0,,,,,,,,,
1384406,2023/24,2023-10-17,"Himachal Pradesh Cricket Association Stadium, Dharamsala",1,24.1,Netherlands,South Africa,SA Edwards,AT Nidamanuru,M Jansen,0,0,,,,,,,,,
1384406,2023/24,2023-10-17,"Himachal Pradesh Cricket Association Stadium, Dharamsala",1,24.2,Netherlands,South Africa,SA Edwards,AT Nidamanuru,M Jansen,1,0,,,,,,,,,
1384406,2023/24,2023-10-17,"Himachal Pradesh Cricket Association Stadium, Dharamsala",1,24.3,Netherlands,South Africa,AT Nidamanuru,SA Edwards,M Jansen,0,0,,,,,,,,,
1384406,2023/24,2023-10-17,"Himachal Pradesh Cricket Association Stadium, Dharamsala",1,24.4,Netherlands,South Africa,AT Nidamanuru,SA Edwards,M Jansen,0,0,,,,,,,,,
1384406,2023/24,2023-10-17,"Himachal Pradesh Cricket Association Stadium, Dharamsala",1,24.5,Netherlands,South Africa,AT Nidamanuru,SA Edwards,M Jansen,0,0,,,,,,,,,
1384406,2023/24,2023-10-17,"Himachal Pradesh Cricket Association Stadium, Dharamsala",1,24.6,Netherlands,South Africa,AT Nidamanuru,SA Edwards,M Jansen,0,0,,,,,,,,,
1384406,2023/24,2023-10-17,"Himachal Pradesh Cricket Association Stadium, Dharamsala",1,25.1,Netherlands,South Africa,SA Edwards,AT Nidamanuru,KA Maharaj,0,0,,,,,,,,,
1384406,2023/24,2023-10-17,"Himachal Pradesh Cricket Association Stadium, Dharamsala",1,25.2,Netherlands,South Africa,SA Edwards,AT Nidamanuru,KA Maharaj,0,0,,,,,,,,,
1384406,2023/24,2023-10-17,"Himachal Pradesh Cricket Association Stadium, Dharamsala",1,25.3,Netherlands,South Africa,SA Edwards,AT Nidamanuru,KA Maharaj,0,0,,,,,,,,,
1384406,2023/24,2023-10-17,"Himachal Pradesh Cricket Association Stadium, Dharamsala",1,25.4,Netherlands,South Africa,SA Edwards,AT Nidamanuru,KA Maharaj,0,0,,,,,,,,,
1384406,2023/24,2023-10-17,"Himachal Pradesh Cricket Association Stadium, Dharamsala",1,25.5,Netherlands,South Africa,SA Edwards,AT Nidamanuru,KA Maharaj,0,0,,,,,,,,,
1384406,2023/24,2023-10-17,"Himachal Pradesh Cricket Association Stadium, Dharamsala",1,25.6,Netherlands,South Africa,SA Edwards,AT Nidamanuru,KA Maharaj,2,0,,,,,,,,,
1384406,2023/24,2023-10-17,"Himachal Pradesh Cricket Association Stadium, Dharamsala",1,26.1,Netherlands,South Africa,AT Nidamanuru,SA Edwards,M Jansen,0,0,,,,,,,,,
1384406,2023/24,2023-10-17,"Himachal Pradesh Cricket Association Stadium, Dharamsala",1,26.2,Netherlands,South Africa,AT Nidamanuru,SA Edwards,M Jansen,4,0,,,,,,,,,
1384406,2023/24,2023-10-17,"Himachal Pradesh Cricket Association Stadium, Dharamsala",1,26.3,Netherlands,South Africa,AT Nidamanuru,SA Edwards,M Jansen,1,0,,,,,,,,,
1384406,2023/24,2023-10-17,"Himachal Pradesh Cricket Association Stadium, Dharamsala",1,26.4,Netherlands,South Africa,SA Edwards,AT Nidamanuru,M Jansen,0,0,,,,,,,,,
1384406,2023/24,2023-10-17,"Himachal Pradesh Cricket Association Stadium, Dharamsala",1,26.5,Netherlands,South Africa,SA Edwards,AT Nidamanuru,M Jansen,0,1,1,,,,,,,,
1384406,2023/24,2023-10-17,"Himachal Pradesh Cricket Association Stadium, Dharamsala",1,26.6,Netherlands,South Africa,SA Edwards,AT Nidamanuru,M Jansen,1,0,,,,,,,,,
1384406,2023/24,2023-10-17,"Himachal Pradesh Cricket Association Stadium, Dharamsala",1,26.7,Netherlands,South Africa,AT Nidamanuru,SA Edwards,M Jansen,0,0,,,,,,lbw,AT Nidamanuru,,
1384406,2023/24,2023-10-17,"Himachal Pradesh Cricket Association Stadium, Dharamsala",1,27.1,Netherlands,South Africa,SA Edwards,LV van Beek,KA Maharaj,1,0,,,,,,,,,
1384406,2023/24,2023-10-17,"Himachal Pradesh Cricket Association Stadium, Dharamsala",1,27.2,Netherlands,South Africa,LV van Beek,SA Edwards,KA Maharaj,0,0,,,,,,,,,
1384406,2023/24,2023-10-17,"Himachal Pradesh Cricket Association Stadium, Dharamsala",1,27.3,Netherlands,South Africa,LV van Beek,SA Edwards,KA Maharaj,0,0,,,,,,,,,
1384406,2023/24,2023-10-17,"Himachal Pradesh Cricket Association Stadium, Dharamsala",1,27.4,Netherlands,South Africa,LV van Beek,SA Edwards,KA Maharaj,0,0,,,,,,,,,
1384406,2023/24,2023-10-17,"Himachal Pradesh Cricket Association Stadium, Dharamsala",1,27.5,Netherlands,South Africa,LV van Beek,SA Edwards,KA Maharaj,0,0,,,,,,,,,
1384406,2023/24,2023-10-17,"Himachal Pradesh Cricket Association Stadium, Dharamsala",1,27.6,Netherlands,South Africa,LV van Beek,SA Edwards,KA Maharaj,0,0,,,,,,,,,
1384406,2023/24,2023-10-17,"Himachal Pradesh Cricket Association Stadium, Dharamsala",1,28.1,Netherlands,South Africa,SA Edwards,LV van Beek,M Jansen,0,0,,,,,,,,,
1384406,2023/24,2023-10-17,"Himachal Pradesh Cricket Association Stadium, Dharamsala",1,28.2,Netherlands,South Africa,SA Edwards,LV van Beek,M Jansen,1,0,,,,,,,,,
1384406,2023/24,2023-10-17,"Himachal Pradesh Cricket Association Stadium, Dharamsala",1,28.3,Netherlands,South Africa,LV van Beek,SA Edwards,M Jansen,0,1,1,,,,,,,,
1384406,2023/24,2023-10-17,"Himachal Pradesh Cricket Association Stadium, Dharamsala",1,28.4,Netherlands,South Africa,LV van Beek,SA Edwards,M Jansen,0,0,,,,,,,,,
1384406,2023/24,2023-10-17,"Himachal Pradesh Cricket Association Stadium, Dharamsala",1,28.5,Netherlands,South Africa,LV van Beek,SA Edwards,M Jansen,4,0,,,,,,,,,
1384406,2023/24,2023-10-17,"Himachal Pradesh Cricket Association Stadium, Dharamsala",1,28.6,Netherlands,South Africa,LV van Beek,SA Edwards,M Jansen,0,1,,,,1,,,,,
1384406,2023/24,2023-10-17,"Himachal Pradesh Cricket Association Stadium, Dharamsala",1,28.7,Netherlands,South Africa,SA Edwards,LV van Beek,M Jansen,0,0,,,,,,,,,
1384406,2023/24,2023-10-17,"Himachal Pradesh Cricket Association Stadium, Dharamsala",1,29.1,Netherlands,South Africa,LV van Beek,SA Edwards,KA Maharaj,0,0,,,,,,,,,
1384406,2023/24,2023-10-17,"Himachal Pradesh Cricket Association Stadium, Dharamsala",1,29.2,Netherlands,South Africa,LV van Beek,SA Edwards,KA Maharaj,0,0,,,,,,,,,
1384406,2023/24,2023-10-17,"Himachal Pradesh Cricket Association Stadium, Dharamsala",1,29.3,Netherlands,South Africa,LV van Beek,SA Edwards,KA Maharaj,0,0,,,,,,,,,
1384406,2023/24,2023-10-17,"Himachal Pradesh Cricket Association Stadium, Dharamsala",1,29.4,Netherlands,South Africa,LV van Beek,SA Edwards,KA Maharaj,2,0,,,,,,,,,
1384406,2023/24,2023-10-17,"Himachal Pradesh Cricket Association Stadium, Dharamsala",1,29.5,Netherlands,South Africa,LV van Beek,SA Edwards,KA Maharaj,0,0,,,,,,,,,
1384406,2023/24,2023-10-17,"Himachal Pradesh Cricket Association Stadium, Dharamsala",1,29.6,Netherlands,South Africa,LV van Beek,SA Edwards,KA Maharaj,1,0,,,,,,,,,
1384406,2023/24,2023-10-17,"Himachal Pradesh Cricket Association Stadium, Dharamsala",1,30.1,Netherlands,South Africa,LV van Beek,SA Edwards,K Rabada,0,0,,,,,,,,,
1384406,2023/24,2023-10-17,"Himachal Pradesh Cricket Association Stadium, Dharamsala",1,30.2,Netherlands,South Africa,LV van Beek,SA Edwards,K Rabada,1,0,,,,,,,,,
1384406,2023/24,2023-10-17,"Himachal Pradesh Cricket Association Stadium, Dharamsala",1,30.3,Netherlands,South Africa,SA Edwards,LV van Beek,K Rabada,0,0,,,,,,,,,
1384406,2023/24,2023-10-17,"Himachal Pradesh Cricket Association Stadium, Dharamsala",1,30.4,Netherlands,South Africa,SA Edwards,LV van Beek,K Rabada,2,0,,,,,,,,,
1384406,2023/24,2023-10-17,"Himachal Pradesh Cricket Association Stadium, Dharamsala",1,30.5,Netherlands,South Africa,SA Edwards,LV van Beek,K Rabada,0,0,,,,,,,,,
1384406,2023/24,2023-10-17,"Himachal Pradesh Cricket Association Stadium, Dharamsala",1,30.6,Netherlands,South Africa,SA Edwards,LV van Beek,K Rabada,0,0,,,,,,,,,
1384406,2023/24,2023-10-17,"Himachal Pradesh Cricket Association Stadium, Dharamsala",1,31.1,Netherlands,South Africa,LV van Beek,SA Edwards,KA Maharaj,0,0,,,,,,,,,
1384406,2023/24,2023-10-17,"Himachal Pradesh Cricket Association Stadium, Dharamsala",1,31.2,Netherlands,South Africa,LV van Beek,SA Edwards,KA Maharaj,0,0,,,,,,,,,
1384406,2023/24,2023-10-17,"Himachal Pradesh Cricket Association Stadium, Dharamsala",1,31.3,Netherlands,South Africa,LV van Beek,SA Edwards,KA Maharaj,1,0,,,,,,,,,
1384406,2023/24,2023-10-17,"Himachal Pradesh Cricket Association Stadium, Dharamsala",1,31.4,Netherlands,South Africa,SA Edwards,LV van Beek,KA Maharaj,4,0,,,,,,,,,
1384406,2023/24,2023-10-17,"Himachal Pradesh Cricket Association Stadium, Dharamsala",1,31.5,Netherlands,South Africa,SA Edwards,LV van Beek,KA Maharaj,1,0,,,,,,,,,
1384406,2023/24,2023-10-17,"Himachal Pradesh Cricket Association Stadium, Dharamsala",1,31.6,Netherlands,South Africa,LV van Beek,SA Edwards,KA Maharaj,0,0,,,,,,,,,
1384406,2023/24,2023-10-17,"Himachal Pradesh Cricket Association Stadium, Dharamsala",1,32.1,Netherlands,South Africa,SA Edwards,LV van Beek,K Rabada,0,0,,,,,,,,,
1384406,2023/24,2023-10-17,"Himachal Pradesh Cricket Association Stadium, Dharamsala",1,32.2,Netherlands,South Africa,SA Edwards,LV van Beek,K Rabada,0,0,,,,,,,,,
1384406,2023/24,2023-10-17,"Himachal Pradesh Cricket Association Stadium, Dharamsala",1,32.3,Netherlands,South Africa,SA Edwards,LV van Beek,K Rabada,6,0,,,,,,,,,
1384406,2023/24,2023-10-17,"Himachal Pradesh Cricket Association Stadium, Dharamsala",1,32.4,Netherlands,South Africa,SA Edwards,LV van Beek,K Rabada,1,0,,,,,,,,,
1384406,2023/24,2023-10-17,"Himachal Pradesh Cricket Association Stadium, Dharamsala",1,32.5,Netherlands,South Africa,LV van Beek,SA Edwards,K Rabada,0,0,,,,,,,,,
1384406,2023/24,2023-10-17,"Himachal Pradesh Cricket Association Stadium, Dharamsala",1,32.6,Netherlands,South Africa,LV van Beek,SA Edwards,K Rabada,1,0,,,,,,,,,
1384406,2023/24,2023-10-17,"Himachal Pradesh Cricket Association Stadium, Dharamsala",1,33.1,Netherlands,South Africa,LV van Beek,SA Edwards,KA Maharaj,0,0,,,,,,,,,
1384406,2023/24,2023-10-17,"Himachal Pradesh Cricket Association Stadium, Dharamsala",1,33.2,Netherlands,South Africa,LV van Beek,SA Edwards,KA Maharaj,0,0,,,,,,,,,
1384406,2023/24,2023-10-17,"Himachal Pradesh Cricket Association Stadium, Dharamsala",1,33.3,Netherlands,South Africa,LV van Beek,SA Edwards,KA Maharaj,0,0,,,,,,,,,
1384406,2023/24,2023-10-17,"Himachal Pradesh Cricket Association Stadium, Dharamsala",1,33.4,Netherlands,South Africa,LV van Beek,SA Edwards,KA Maharaj,0,0,,,,,,,,,
1384406,2023/24,2023-10-17,"Himachal Pradesh Cricket Association Stadium, Dharamsala",1,33.5,Netherlands,South Africa,LV van Beek,SA Edwards,KA Maharaj,0,0,,,,,,stumped,LV van Beek,,
1384406,2023/24,2023-10-17,"Himachal Pradesh Cricket Association Stadium, Dharamsala",1,33.6,Netherlands,South Africa,RE van der Merwe,SA Edwards,KA Maharaj,1,0,,,,,,,,,
1384406,2023/24,2023-10-17,"Himachal Pradesh Cricket Association Stadium, Dharamsala",1,34.1,Netherlands,South Africa,RE van der Merwe,SA Edwards,G Coetzee,0,0,,,,,,,,,
1384406,2023/24,2023-10-17,"Himachal Pradesh Cricket Association Stadium, Dharamsala",1,34.2,Netherlands,South Africa,RE van der Merwe,SA Edwards,G Coetzee,4,0,,,,,,,,,
1384406,2023/24,2023-10-17,"Himachal Pradesh Cricket Association Stadium, Dharamsala",1,34.3,Netherlands,South Africa,RE van der Merwe,SA Edwards,G Coetzee,4,0,,,,,,,,,
1384406,2023/24,2023-10-17,"Himachal Pradesh Cricket Association Stadium, Dharamsala",1,34.4,Netherlands,South Africa,RE van der Merwe,SA Edwards,G Coetzee,0,0,,,,,,,,,
1384406,2023/24,2023-10-17,"Himachal Pradesh Cricket Association Stadium, Dharamsala",1,34.5,Netherlands,South Africa,RE van der Merwe,SA Edwards,G Coetzee,6,0,,,,,,,,,
1384406,2023/24,2023-10-17,"Himachal Pradesh Cricket Association Stadium, Dharamsala",1,34.6,Netherlands,South Africa,RE van der Merwe,SA Edwards,G Coetzee,1,0,,,,,,,,,
1384406,2023/24,2023-10-17,"Himachal Pradesh Cricket Association Stadium, Dharamsala",1,35.1,Netherlands,South Africa,RE van der Merwe,SA Edwards,KA Maharaj,0,0,,,,,,,,,
1384406,2023/24,2023-10-17,"Himachal Pradesh Cricket Association Stadium, Dharamsala",1,35.2,Netherlands,South Africa,RE van der Merwe,SA Edwards,KA Maharaj,1,0,,,,,,,,,
1384406,2023/24,2023-10-17,"Himachal Pradesh Cricket Association Stadium, Dharamsala",1,35.3,Netherlands,South Africa,SA Edwards,RE van der Merwe,KA Maharaj,4,0,,,,,,,,,
1384406,2023/24,2023-10-17,"Himachal Pradesh Cricket Association Stadium, Dharamsala",1,35.4,Netherlands,South Africa,SA Edwards,RE van der Merwe,KA Maharaj,1,0,,,,,,,,,
1384406,2023/24,2023-10-17,"Himachal Pradesh Cricket Association Stadium, Dharamsala",1,35.5,Netherlands,South Africa,RE van der Merwe,SA Edwards,KA Maharaj,1,0,,,,,,,,,
1384406,2023/24,2023-10-17,"Himachal Pradesh Cricket Association Stadium, Dharamsala",1,35.6,Netherlands,South Africa,SA Edwards,RE van der Merwe,KA Maharaj,0,0,,,,,,,,,
1384406,2023/24,2023-10-17,"Himachal Pradesh Cricket Association Stadium, Dharamsala",1,36.1,Netherlands,South Africa,RE van der Merwe,SA Edwards,G Coetzee,2,0,,,,,,,,,
1384406,2023/24,2023-10-17,"Himachal Pradesh Cricket Association Stadium, Dharamsala",1,36.2,Netherlands,South Africa,RE van der Merwe,SA Edwards,G Coetzee,1,0,,,,,,,,,
1384406,2023/24,2023-10-17,"Himachal Pradesh Cricket Association Stadium, Dharamsala",1,36.3,Netherlands,South Africa,SA Edwards,RE van der Merwe,G Coetzee,1,0,,,,,,,,,
1384406,2023/24,2023-10-17,"Himachal Pradesh Cricket Association Stadium, Dharamsala",1,36.4,Netherlands,South Africa,RE van der Merwe,SA Edwards,G Coetzee,1,0,,,,,,,,,
1384406,2023/24,2023-10-17,"Himachal Pradesh Cricket Association Stadium, Dharamsala",1,36.5,Netherlands,South Africa,SA Edwards,RE van der Merwe,G Coetzee,1,0,,,,,,,,,
1384406,2023/24,2023-10-17,"Himachal Pradesh Cricket Association Stadium, Dharamsala",1,36.6,Netherlands,South Africa,RE van der Merwe,SA Edwards,G Coetzee,4,0,,,,,,,,,
1384406,2023/24,2023-10-17,"Himachal Pradesh Cricket Association Stadium, Dharamsala",1,37.1,Netherlands,South Africa,SA Edwards,RE van der Merwe,KA Maharaj,1,0,,,,,,,,,
1384406,2023/24,2023-10-17,"Himachal Pradesh Cricket Association Stadium, Dharamsala",1,37.2,Netherlands,South Africa,RE van der Merwe,SA Edwards,KA Maharaj,1,0,,,,,,,,,
1384406,2023/24,2023-10-17,"Himachal Pradesh Cricket Association Stadium, Dharamsala",1,37.3,Netherlands,South Africa,SA Edwards,RE van der Merwe,KA Maharaj,0,0,,,,,,,,,
1384406,2023/24,2023-10-17,"Himachal Pradesh Cricket Association Stadium, Dharamsala",1,37.4,Netherlands,South Africa,SA Edwards,RE van der Merwe,KA Maharaj,2,0,,,,,,,,,
1384406,2023/24,2023-10-17,"Himachal Pradesh Cricket Association Stadium, Dharamsala",1,37.5,Netherlands,South Africa,SA Edwards,RE van der Merwe,KA Maharaj,0,0,,,,,,,,,
1384406,2023/24,2023-10-17,"Himachal Pradesh Cricket Association Stadium, Dharamsala",1,37.6,Netherlands,South Africa,SA Edwards,RE van der Merwe,KA Maharaj,4,0,,,,,,,,,
1384406,2023/24,2023-10-17,"Himachal Pradesh Cricket Association Stadium, Dharamsala",1,38.1,Netherlands,South Africa,RE van der Merwe,SA Edwards,K Rabada,0,0,,,,,,,,,
1384406,2023/24,2023-10-17,"Himachal Pradesh Cricket Association Stadium, Dharamsala",1,38.2,Netherlands,South Africa,RE van der Merwe,SA Edwards,K Rabada,1,0,,,,,,,,,
1384406,2023/24,2023-10-17,"Himachal Pradesh Cricket Association Stadium, Dharamsala",1,38.3,Netherlands,South Africa,SA Edwards,RE van der Merwe,K Rabada,0,1,1,,,,,,,,
1384406,2023/24,2023-10-17,"Himachal Pradesh Cricket Association Stadium, Dharamsala",1,38.4,Netherlands,South Africa,SA Edwards,RE van der Merwe,K Rabada,0,0,,,,,,,,,
1384406,2023/24,2023-10-17,"Himachal Pradesh Cricket Association Stadium, Dharamsala",1,38.5,Netherlands,South Africa,SA Edwards,RE van der Merwe,K Rabada,4,0,,,,,,,,,
1384406,2023/24,2023-10-17,"Himachal Pradesh Cricket Association Stadium, Dharamsala",1,38.6,Netherlands,South Africa,SA Edwards,RE van der Merwe,K Rabada,4,0,,,,,,,,,
1384406,2023/24,2023-10-17,"Himachal Pradesh Cricket Association Stadium, Dharamsala",1,38.7,Netherlands,South Africa,SA Edwards,RE van der Merwe,K Rabada,1,0,,,,,,,,,
1384406,2023/24,2023-10-17,"Himachal Pradesh Cricket Association Stadium, Dharamsala",1,39.1,Netherlands,South Africa,SA Edwards,RE van der Merwe,L Ngidi,1,0,,,,,,,,,
1384406,2023/24,2023-10-17,"Himachal Pradesh Cricket Association Stadium, Dharamsala",1,39.2,Netherlands,South Africa,RE van der Merwe,SA Edwards,L Ngidi,1,0,,,,,,,,,
1384406,2023/24,2023-10-17,"Himachal Pradesh Cricket Association Stadium, Dharamsala",1,39.3,Netherlands,South Africa,SA Edwards,RE van der Merwe,L Ngidi,0,1,1,,,,,,,,
1384406,2023/24,2023-10-17,"Himachal Pradesh Cricket Association Stadium, Dharamsala",1,39.4,Netherlands,South Africa,SA Edwards,RE van der Merwe,L Ngidi,4,1,,1,,,,,,,
1384406,2023/24,2023-10-17,"Himachal Pradesh Cricket Association Stadium, Dharamsala",1,39.5,Netherlands,South Africa,SA Edwards,RE van der Merwe,L Ngidi,0,1,1,,,,,,,,
1384406,2023/24,2023-10-17,"Himachal Pradesh Cricket Association Stadium, Dharamsala",1,39.6,Netherlands,South Africa,SA Edwards,RE van der Merwe,L Ngidi,2,0,,,,,,,,,
1384406,2023/24,2023-10-17,"Himachal Pradesh Cricket Association Stadium, Dharamsala",1,39.7,Netherlands,South Africa,SA Edwards,RE van der Merwe,L Ngidi,1,0,,,,,,,,,
1384406,2023/24,2023-10-17,"Himachal Pradesh Cricket Association Stadium, Dharamsala",1,39.8,Netherlands,South Africa,RE van der Merwe,SA Edwards,L Ngidi,0,0,,,,,,caught,RE van der Merwe,,
1384406,2023/24,2023-10-17,"Himachal Pradesh Cricket Association Stadium, Dharamsala",1,39.9,Netherlands,South Africa,A Dutt,SA Edwards,L Ngidi,0,0,,,,,,,,,
1384406,2023/24,2023-10-17,"Himachal Pradesh Cricket Association Stadium, Dharamsala",1,40.1,Netherlands,South Africa,SA Edwards,A Dutt,K Rabada,4,0,,,,,,,,,
1384406,2023/24,2023-10-17,"Himachal Pradesh Cricket Association Stadium, Dharamsala",1,40.2,Netherlands,South Africa,SA Edwards,A Dutt,K Rabada,2,0,,,,,,,,,
1384406,2023/24,2023-10-17,"Himachal Pradesh Cricket Association Stadium, Dharamsala",1,40.3,Netherlands,South Africa,SA Edwards,A Dutt,K Rabada,0,0,,,,,,,,,
1384406,2023/24,2023-10-17,"Himachal Pradesh Cricket Association Stadium, Dharamsala",1,40.4,Netherlands,South Africa,SA Edwards,A Dutt,K Rabada,1,0,,,,,,,,,
1384406,2023/24,2023-10-17,"Himachal Pradesh Cricket Association Stadium, Dharamsala",1,40.5,Netherlands,South Africa,A Dutt,SA Edwards,K Rabada,0,1,1,,,,,,,,
1384406,2023/24,2023-10-17,"Himachal Pradesh Cricket Association Stadium, Dharamsala",1,40.6,Netherlands,South Africa,A Dutt,SA Edwards,K Rabada,6,0,,,,,,,,,
1384406,2023/24,2023-10-17,"Himachal Pradesh Cricket Association Stadium, Dharamsala",1,40.7,Netherlands,South Africa,A Dutt,SA Edwards,K Rabada,2,0,,,,,,,,,
1384406,2023/24,2023-10-17,"Himachal Pradesh Cricket Association Stadium, Dharamsala",1,41.1,Netherlands,South Africa,SA Edwards,A Dutt,L Ngidi,2,0,,,,,,,,,
1384406,2023/24,2023-10-17,"Himachal Pradesh Cricket Association Stadium, Dharamsala",1,41.2,Netherlands,South Africa,SA Edwards,A Dutt,L Ngidi,1,0,,,,,,,,,
1384406,2023/24,2023-10-17,"Himachal Pradesh Cricket Association Stadium, Dharamsala",1,41.3,Netherlands,South Africa,A Dutt,SA Edwards,L Ngidi,0,0,,,,,,,,,
1384406,2023/24,2023-10-17,"Himachal Pradesh Cricket Association Stadium, Dharamsala",1,41.4,Netherlands,South Africa,A Dutt,SA Edwards,L Ngidi,6,0,,,,,,,,,
1384406,2023/24,2023-10-17,"Himachal Pradesh Cricket Association Stadium, Dharamsala",1,41.5,Netherlands,South Africa,A Dutt,SA Edwards,L Ngidi,1,0,,,,,,,,,
1384406,2023/24,2023-10-17,"Himachal Pradesh Cricket Association Stadium, Dharamsala",1,41.6,Netherlands,South Africa,SA Edwards,A Dutt,L Ngidi,0,0,,,,,,,,,
1384406,2023/24,2023-10-17,"Himachal Pradesh Cricket Association Stadium, Dharamsala",1,42.1,Netherlands,South Africa,A Dutt,SA Edwards,G Coetzee,1,0,,,,,,,,,
1384406,2023/24,2023-10-17,"Himachal Pradesh Cricket Association Stadium, Dharamsala",1,42.2,Netherlands,South Africa,SA Edwards,A Dutt,G Coetzee,4,0,,,,,,,,,
1384406,2023/24,2023-10-17,"Himachal Pradesh Cricket Association Stadium, Dharamsala",1,42.3,Netherlands,South Africa,SA Edwards,A Dutt,G Coetzee,0,1,,,,1,,,,,
1384406,2023/24,2023-10-17,"Himachal Pradesh Cricket Association Stadium, Dharamsala",1,42.4,Netherlands,South Africa,A Dutt,SA Edwards,G Coetzee,6,0,,,,,,,,,
1384406,2023/24,2023-10-17,"Himachal Pradesh Cricket Association Stadium, Dharamsala",1,42.5,Netherlands,South Africa,A Dutt,SA Edwards,G Coetzee,1,0,,,,,,,,,
1384406,2023/24,2023-10-17,"Himachal Pradesh Cricket Association Stadium, Dharamsala",1,42.6,Netherlands,South Africa,SA Edwards,A Dutt,G Coetzee,0,2,,,,2,,,,,
1384406,2023/24,2023-10-17,"Himachal Pradesh Cricket Association Stadium, Dharamsala",2,0.1,South Africa,Netherlands,T Bavuma,Q de Kock,A Dutt,0,0,,,,,,,,,
1384406,2023/24,2023-10-17,"Himachal Pradesh Cricket Association Stadium, Dharamsala",2,0.2,South Africa,Netherlands,T Bavuma,Q de Kock,A Dutt,0,0,,,,,,,,,
1384406,2023/24,2023-10-17,"Himachal Pradesh Cricket Association Stadium, Dharamsala",2,0.3,South Africa,Netherlands,T Bavuma,Q de Kock,A Dutt,0,0,,,,,,,,,
1384406,2023/24,2023-10-17,"Himachal Pradesh Cricket Association Stadium, Dharamsala",2,0.4,South Africa,Netherlands,T Bavuma,Q de Kock,A Dutt,0,0,,,,,,,,,
1384406,2023/24,2023-10-17,"Himachal Pradesh Cricket Association Stadium, Dharamsala",2,0.5,South Africa,Netherlands,T Bavuma,Q de Kock,A Dutt,0,0,,,,,,,,,
1384406,2023/24,2023-10-17,"Himachal Pradesh Cricket Association Stadium, Dharamsala",2,0.6,South Africa,Netherlands,T Bavuma,Q de Kock,A Dutt,0,0,,,,,,,,,
1384406,2023/24,2023-10-17,"Himachal Pradesh Cricket Association Stadium, Dharamsala",2,1.1,South Africa,Netherlands,Q de Kock,T Bavuma,LV van Beek,2,0,,,,,,,,,
1384406,2023/24,2023-10-17,"Himachal Pradesh Cricket Association Stadium, Dharamsala",2,1.2,South Africa,Netherlands,Q de Kock,T Bavuma,LV van Beek,2,0,,,,,,,,,
1384406,2023/24,2023-10-17,"Himachal Pradesh Cricket Association Stadium, Dharamsala",2,1.3,South Africa,Netherlands,Q de Kock,T Bavuma,LV van Beek,0,0,,,,,,,,,
1384406,2023/24,2023-10-17,"Himachal Pradesh Cricket Association Stadium, Dharamsala",2,1.4,South Africa,Netherlands,Q de Kock,T Bavuma,LV van Beek,0,0,,,,,,,,,
1384406,2023/24,2023-10-17,"Himachal Pradesh Cricket Association Stadium, Dharamsala",2,1.5,South Africa,Netherlands,Q de Kock,T Bavuma,LV van Beek,4,0,,,,,,,,,
1384406,2023/24,2023-10-17,"Himachal Pradesh Cricket Association Stadium, Dharamsala",2,1.6,South Africa,Netherlands,Q de Kock,T Bavuma,LV van Beek,0,0,,,,,,,,,
1384406,2023/24,2023-10-17,"Himachal Pradesh Cricket Association Stadium, Dharamsala",2,2.1,South Africa,Netherlands,T Bavuma,Q de Kock,A Dutt,0,0,,,,,,,,,
1384406,2023/24,2023-10-17,"Himachal Pradesh Cricket Association Stadium, Dharamsala",2,2.2,South Africa,Netherlands,T Bavuma,Q de Kock,A Dutt,4,0,,,,,,,,,
1384406,2023/24,2023-10-17,"Himachal Pradesh Cricket Association Stadium, Dharamsala",2,2.3,South Africa,Netherlands,T Bavuma,Q de Kock,A Dutt,2,0,,,,,,,,,
1384406,2023/24,2023-10-17,"Himachal Pradesh Cricket Association Stadium, Dharamsala",2,2.4,South Africa,Netherlands,T Bavuma,Q de Kock,A Dutt,0,0,,,,,,,,,
1384406,2023/24,2023-10-17,"Himachal Pradesh Cricket Association Stadium, Dharamsala",2,2.5,South Africa,Netherlands,T Bavuma,Q de Kock,A Dutt,0,0,,,,,,,,,
1384406,2023/24,2023-10-17,"Himachal Pradesh Cricket Association Stadium, Dharamsala",2,2.6,South Africa,Netherlands,T Bavuma,Q de Kock,A Dutt,0,0,,,,,,,,,
1384406,2023/24,2023-10-17,"Himachal Pradesh Cricket Association Stadium, Dharamsala",2,3.1,South Africa,Netherlands,Q de Kock,T Bavuma,CN Ackermann,0,0,,,,,,,,,
1384406,2023/24,2023-10-17,"Himachal Pradesh Cricket Association Stadium, Dharamsala",2,3.2,South Africa,Netherlands,Q de Kock,T Bavuma,CN Ackermann,1,0,,,,,,,,,
1384406,2023/24,2023-10-17,"Himachal Pradesh Cricket Association Stadium, Dharamsala",2,3.3,South Africa,Netherlands,T Bavuma,Q de Kock,CN Ackermann,0,0,,,,,,,,,
1384406,2023/24,2023-10-17,"Himachal Pradesh Cricket Association Stadium, Dharamsala",2,3.4,South Africa,Netherlands,T Bavuma,Q de Kock,CN Ackermann,0,0,,,,,,,,,
1384406,2023/24,2023-10-17,"Himachal Pradesh Cricket Association Stadium, Dharamsala",2,3.5,South Africa,Netherlands,T Bavuma,Q de Kock,CN Ackermann,0,0,,,,,,,,,
1384406,2023/24,2023-10-17,"Himachal Pradesh Cricket Association Stadium, Dharamsala",2,3.6,South Africa,Netherlands,T Bavuma,Q de Kock,CN Ackermann,0,0,,,,,,,,,
1384406,2023/24,2023-10-17,"Himachal Pradesh Cricket Association Stadium, Dharamsala",2,4.1,South Africa,Netherlands,Q de Kock,T Bavuma,A Dutt,0,0,,,,,,,,,
1384406,2023/24,2023-10-17,"Himachal Pradesh Cricket Association Stadium, Dharamsala",2,4.2,South Africa,Netherlands,Q de Kock,T Bavuma,A Dutt,4,0,,,,,,,,,
1384406,2023/24,2023-10-17,"Himachal Pradesh Cricket Association Stadium, Dharamsala",2,4.3,South Africa,Netherlands,Q de Kock,T Bavuma,A Dutt,0,0,,,,,,,,,
1384406,2023/24,2023-10-17,"Himachal Pradesh Cricket Association Stadium, Dharamsala",2,4.4,South Africa,Netherlands,Q de Kock,T Bavuma,A Dutt,1,0,,,,,,,,,
1384406,2023/24,2023-10-17,"Himachal Pradesh Cricket Association Stadium, Dharamsala",2,4.5,South Africa,Netherlands,T Bavuma,Q de Kock,A Dutt,0,0,,,,,,,,,
1384406,2023/24,2023-10-17,"Himachal Pradesh Cricket Association Stadium, Dharamsala",2,4.6,South Africa,Netherlands,T Bavuma,Q de Kock,A Dutt,0,0,,,,,,,,,
1384406,2023/24,2023-10-17,"Himachal Pradesh Cricket Association Stadium, Dharamsala",2,5.1,South Africa,Netherlands,Q de Kock,T Bavuma,CN Ackermann,1,0,,,,,,,,,
1384406,2023/24,2023-10-17,"Himachal Pradesh Cricket Association Stadium, Dharamsala",2,5.2,South Africa,Netherlands,T Bavuma,Q de Kock,CN Ackermann,6,0,,,,,,,,,
1384406,2023/24,2023-10-17,"Himachal Pradesh Cricket Association Stadium, Dharamsala",2,5.3,South Africa,Netherlands,T Bavuma,Q de Kock,CN Ackermann,0,0,,,,,,,,,
1384406,2023/24,2023-10-17,"Himachal Pradesh Cricket Association Stadium, Dharamsala",2,5.4,South Africa,Netherlands,T Bavuma,Q de Kock,CN Ackermann,0,0,,,,,,,,,
1384406,2023/24,2023-10-17,"Himachal Pradesh Cricket Association Stadium, Dharamsala",2,5.5,South Africa,Netherlands,T Bavuma,Q de Kock,CN Ackermann,0,0,,,,,,,,,
1384406,2023/24,2023-10-17,"Himachal Pradesh Cricket Association Stadium, Dharamsala",2,5.6,South Africa,Netherlands,T Bavuma,Q de Kock,CN Ackermann,4,0,,,,,,,,,
1384406,2023/24,2023-10-17,"Himachal Pradesh Cricket Association Stadium, Dharamsala",2,6.1,South Africa,Netherlands,Q de Kock,T Bavuma,A Dutt,0,0,,,,,,,,,
1384406,2023/24,2023-10-17,"Himachal Pradesh Cricket Association Stadium, Dharamsala",2,6.2,South Africa,Netherlands,Q de Kock,T Bavuma,A Dutt,0,0,,,,,,,,,
1384406,2023/24,2023-10-17,"Himachal Pradesh Cricket Association Stadium, Dharamsala",2,6.3,South Africa,Netherlands,Q de Kock,T Bavuma,A Dutt,1,0,,,,,,,,,
1384406,2023/24,2023-10-17,"Himachal Pradesh Cricket Association Stadium, Dharamsala",2,6.4,South Africa,Netherlands,T Bavuma,Q de Kock,A Dutt,0,0,,,,,,,,,
1384406,2023/24,2023-10-17,"Himachal Pradesh Cricket Association Stadium, Dharamsala",2,6.5,South Africa,Netherlands,T Bavuma,Q de Kock,A Dutt,0,0,,,,,,,,,
1384406,2023/24,2023-10-17,"Himachal Pradesh Cricket Association Stadium, Dharamsala",2,6.6,South Africa,Netherlands,T Bavuma,Q de Kock,A Dutt,0,0,,,,,,,,,
1384406,2023/24,2023-10-17,"Himachal Pradesh Cricket Association Stadium, Dharamsala",2,7.1,South Africa,Netherlands,Q de Kock,T Bavuma,CN Ackermann,0,0,,,,,,,,,
1384406,2023/24,2023-10-17,"Himachal Pradesh Cricket Association Stadium, Dharamsala",2,7.2,South Africa,Netherlands,Q de Kock,T Bavuma,CN Ackermann,4,0,,,,,,,,,
1384406,2023/24,2023-10-17,"Himachal Pradesh Cricket Association Stadium, Dharamsala",2,7.3,South Africa,Netherlands,Q de Kock,T Bavuma,CN Ackermann,0,0,,,,,,,,,
1384406,2023/24,2023-10-17,"Himachal Pradesh Cricket Association Stadium, Dharamsala",2,7.4,South Africa,Netherlands,Q de Kock,T Bavuma,CN Ackermann,0,0,,,,,,,,,
1384406,2023/24,2023-10-17,"Himachal Pradesh Cricket Association Stadium, Dharamsala",2,7.5,South Africa,Netherlands,Q de Kock,T Bavuma,CN Ackermann,0,0,,,,,,,,,
1384406,2023/24,2023-10-17,"Himachal Pradesh Cricket Association Stadium, Dharamsala",2,7.6,South Africa,Netherlands,Q de Kock,T Bavuma,CN Ackermann,0,0,,,,,,caught,Q de Kock,,
1384406,2023/24,2023-10-17,"Himachal Pradesh Cricket Association Stadium, Dharamsala",2,8.1,South Africa,Netherlands,T Bavuma,HE van der Dussen,PA van Meekeren,0,0,,,,,,,,,
1384406,2023/24,2023-10-17,"Himachal Pradesh Cricket Association Stadium, Dharamsala",2,8.2,South Africa,Netherlands,T Bavuma,HE van der Dussen,PA van Meekeren,0,0,,,,,,,,,
1384406,2023/24,2023-10-17,"Himachal Pradesh Cricket Association Stadium, Dharamsala",2,8.3,South Africa,Netherlands,T Bavuma,HE van der Dussen,PA van Meekeren,0,0,,,,,,,,,
1384406,2023/24,2023-10-17,"Himachal Pradesh Cricket Association Stadium, Dharamsala",2,8.4,South Africa,Netherlands,T Bavuma,HE van der Dussen,PA van Meekeren,0,1,,,,1,,,,,
1384406,2023/24,2023-10-17,"Himachal Pradesh Cricket Association Stadium, Dharamsala",2,8.5,South Africa,Netherlands,HE van der Dussen,T Bavuma,PA van Meekeren,0,0,,,,,,,,,
1384406,2023/24,2023-10-17,"Himachal Pradesh Cricket Association Stadium, Dharamsala",2,8.6,South Africa,Netherlands,HE van der Dussen,T Bavuma,PA van Meekeren,2,0,,,,,,,,,
1384406,2023/24,2023-10-17,"Himachal Pradesh Cricket Association Stadium, Dharamsala",2,9.1,South Africa,Netherlands,T Bavuma,HE van der Dussen,RE van der Merwe,0,0,,,,,,bowled,T Bavuma,,
1384406,2023/24,2023-10-17,"Himachal Pradesh Cricket Association Stadium, Dharamsala",2,9.2,South Africa,Netherlands,AK Markram,HE van der Dussen,RE van der Merwe,1,0,,,,,,,,,
1384406,2023/24,2023-10-17,"Himachal Pradesh Cricket Association Stadium, Dharamsala",2,9.3,South Africa,Netherlands,HE van der Dussen,AK Markram,RE van der Merwe,0,0,,,,,,,,,
1384406,2023/24,2023-10-17,"Himachal Pradesh Cricket Association Stadium, Dharamsala",2,9.4,South Africa,Netherlands,HE van der Dussen,AK Markram,RE van der Merwe,0,0,,,,,,,,,
1384406,2023/24,2023-10-17,"Himachal Pradesh Cricket Association Stadium, Dharamsala",2,9.5,South Africa,Netherlands,HE van der Dussen,AK Markram,RE van der Merwe,1,0,,,,,,,,,
1384406,2023/24,2023-10-17,"Himachal Pradesh Cricket Association Stadium, Dharamsala",2,9.6,South Africa,Netherlands,AK Markram,HE van der Dussen,RE van der Merwe,0,0,,,,,,,,,
1384406,2023/24,2023-10-17,"Himachal Pradesh Cricket Association Stadium, Dharamsala",2,10.1,South Africa,Netherlands,HE van der Dussen,AK Markram,PA van Meekeren,1,0,,,,,,,,,
1384406,2023/24,2023-10-17,"Himachal Pradesh Cricket Association Stadium, Dharamsala",2,10.2,South Africa,Netherlands,AK Markram,HE van der Dussen,PA van Meekeren,0,0,,,,,,bowled,AK Markram,,
1384406,2023/24,2023-10-17,"Himachal Pradesh Cricket Association Stadium, Dharamsala",2,10.3,South Africa,Netherlands,H Klaasen,HE van der Dussen,PA van Meekeren,0,0,,,,,,,,,
1384406,2023/24,2023-10-17,"Himachal Pradesh Cricket Association Stadium, Dharamsala",2,10.4,South Africa,Netherlands,H Klaasen,HE van der Dussen,PA van Meekeren,0,0,,,,,,,,,
1384406,2023/24,2023-10-17,"Himachal Pradesh Cricket Association Stadium, Dharamsala",2,10.5,South Africa,Netherlands,H Klaasen,HE van der Dussen,PA van Meekeren,0,0,,,,,,,,,
1384406,2023/24,2023-10-17,"Himachal Pradesh Cricket Association Stadium, Dharamsala",2,10.6,South Africa,Netherlands,H Klaasen,HE van der Dussen,PA van Meekeren,1,0,,,,,,,,,
1384406,2023/24,2023-10-17,"Himachal Pradesh Cricket Association Stadium, Dharamsala",2,11.1,South Africa,Netherlands,H Klaasen,HE van der Dussen,RE van der Merwe,1,0,,,,,,,,,
1384406,2023/24,2023-10-17,"Himachal Pradesh Cricket Association Stadium, Dharamsala",2,11.2,South Africa,Netherlands,HE van der Dussen,H Klaasen,RE van der Merwe,0,0,,,,,,caught,HE van der Dussen,,
1384406,2023/24,2023-10-17,"Himachal Pradesh Cricket Association Stadium, Dharamsala",2,11.3,South Africa,Netherlands,DA Miller,H Klaasen,RE van der Merwe,0,0,,,,,,,,,
1384406,2023/24,2023-10-17,"Himachal Pradesh Cricket Association Stadium, Dharamsala",2,11.4,South Africa,Netherlands,DA Miller,H Klaasen,RE van der Merwe,0,0,,,,,,,,,
1384406,2023/24,2023-10-17,"Himachal Pradesh Cricket Association Stadium, Dharamsala",2,11.5,South Africa,Netherlands,DA Miller,H Klaasen,RE van der Merwe,1,0,,,,,,,,,
1384406,2023/24,2023-10-17,"Himachal Pradesh Cricket Association Stadium, Dharamsala",2,11.6,South Africa,Netherlands,H Klaasen,DA Miller,RE van der Merwe,1,0,,,,,,,,,
1384406,2023/24,2023-10-17,"Himachal Pradesh Cricket Association Stadium, Dharamsala",2,12.1,South Africa,Netherlands,H Klaasen,DA Miller,PA van Meekeren,1,0,,,,,,,,,
1384406,2023/24,2023-10-17,"Himachal Pradesh Cricket Association Stadium, Dharamsala",2,12.2,South Africa,Netherlands,DA Miller,H Klaasen,PA van Meekeren,0,0,,,,,,,,,
1384406,2023/24,2023-10-17,"Himachal Pradesh Cricket Association Stadium, Dharamsala",2,12.3,South Africa,Netherlands,DA Miller,H Klaasen,PA van Meekeren,1,0,,,,,,,,,
1384406,2023/24,2023-10-17,"Himachal Pradesh Cricket Association Stadium, Dharamsala",2,12.4,South Africa,Netherlands,H Klaasen,DA Miller,PA van Meekeren,0,0,,,,,,,,,
1384406,2023/24,2023-10-17,"Himachal Pradesh Cricket Association Stadium, Dharamsala",2,12.5,South Africa,Netherlands,H Klaasen,DA Miller,PA van Meekeren,4,0,,,,,,,,,
1384406,2023/24,2023-10-17,"Himachal Pradesh Cricket Association Stadium, Dharamsala",2,12.6,South Africa,Netherlands,H Klaasen,DA Miller,PA van Meekeren,0,0,,,,,,,,,
1384406,2023/24,2023-10-17,"Himachal Pradesh Cricket Association Stadium, Dharamsala",2,13.1,South Africa,Netherlands,DA Miller,H Klaasen,RE van der Merwe,0,0,,,,,,,,,
1384406,2023/24,2023-10-17,"Himachal Pradesh Cricket Association Stadium, Dharamsala",2,13.2,South Africa,Netherlands,DA Miller,H Klaasen,RE van der Merwe,1,0,,,,,,,,,
1384406,2023/24,2023-10-17,"Himachal Pradesh Cricket Association Stadium, Dharamsala",2,13.3,South Africa,Netherlands,H Klaasen,DA Miller,RE van der Merwe,1,0,,,,,,,,,
1384406,2023/24,2023-10-17,"Himachal Pradesh Cricket Association Stadium, Dharamsala",2,13.4,South Africa,Netherlands,DA Miller,H Klaasen,RE van der Merwe,1,0,,,,,,,,,
1384406,2023/24,2023-10-17,"Himachal Pradesh Cricket Association Stadium, Dharamsala",2,13.5,South Africa,Netherlands,H Klaasen,DA Miller,RE van der Merwe,0,0,,,,,,,,,
1384406,2023/24,2023-10-17,"Himachal Pradesh Cricket Association Stadium, Dharamsala",2,13.6,South Africa,Netherlands,H Klaasen,DA Miller,RE van der Merwe,0,0,,,,,,,,,
1384406,2023/24,2023-10-17,"Himachal Pradesh Cricket Association Stadium, Dharamsala",2,14.1,South Africa,Netherlands,DA Miller,H Klaasen,PA van Meekeren,1,0,,,,,,,,,
1384406,2023/24,2023-10-17,"Himachal Pradesh Cricket Association Stadium, Dharamsala",2,14.2,South Africa,Netherlands,H Klaasen,DA Miller,PA van Meekeren,1,0,,,,,,,,,
1384406,2023/24,2023-10-17,"Himachal Pradesh Cricket Association Stadium, Dharamsala",2,14.3,South Africa,Netherlands,DA Miller,H Klaasen,PA van Meekeren,1,0,,,,,,,,,
1384406,2023/24,2023-10-17,"Himachal Pradesh Cricket Association Stadium, Dharamsala",2,14.4,South Africa,Netherlands,H Klaasen,DA Miller,PA van Meekeren,4,0,,,,,,,,,
1384406,2023/24,2023-10-17,"Himachal Pradesh Cricket Association Stadium, Dharamsala",2,14.5,South Africa,Netherlands,H Klaasen,DA Miller,PA van Meekeren,0,0,,,,,,,,,
1384406,2023/24,2023-10-17,"Himachal Pradesh Cricket Association Stadium, Dharamsala",2,14.6,South Africa,Netherlands,H Klaasen,DA Miller,PA van Meekeren,1,0,,,,,,,,,
1384406,2023/24,2023-10-17,"Himachal Pradesh Cricket Association Stadium, Dharamsala",2,15.1,South Africa,Netherlands,H Klaasen,DA Miller,RE van der Merwe,0,0,,,,,,,,,
1384406,2023/24,2023-10-17,"Himachal Pradesh Cricket Association Stadium, Dharamsala",2,15.2,South Africa,Netherlands,H Klaasen,DA Miller,RE van der Merwe,1,0,,,,,,,,,
1384406,2023/24,2023-10-17,"Himachal Pradesh Cricket Association Stadium, Dharamsala",2,15.3,South Africa,Netherlands,DA Miller,H Klaasen,RE van der Merwe,1,0,,,,,,,,,
1384406,2023/24,2023-10-17,"Himachal Pradesh Cricket Association Stadium, Dharamsala",2,15.4,South Africa,Netherlands,H Klaasen,DA Miller,RE van der Merwe,1,0,,,,,,,,,
1384406,2023/24,2023-10-17,"Himachal Pradesh Cricket Association Stadium, Dharamsala",2,15.5,South Africa,Netherlands,DA Miller,H Klaasen,RE van der Merwe,6,0,,,,,,,,,
1384406,2023/24,2023-10-17,"Himachal Pradesh Cricket Association Stadium, Dharamsala",2,15.6,South Africa,Netherlands,DA Miller,H Klaasen,RE van der Merwe,1,0,,,,,,,,,
1384406,2023/24,2023-10-17,"Himachal Pradesh Cricket Association Stadium, Dharamsala",2,16.1,South Africa,Netherlands,DA Miller,H Klaasen,A Dutt,0,0,,,,,,,,,
1384406,2023/24,2023-10-17,"Himachal Pradesh Cricket Association Stadium, Dharamsala",2,16.2,South Africa,Netherlands,DA Miller,H Klaasen,A Dutt,1,0,,,,,,,,,
1384406,2023/24,2023-10-17,"Himachal Pradesh Cricket Association Stadium, Dharamsala",2,16.3,South Africa,Netherlands,H Klaasen,DA Miller,A Dutt,1,0,,,,,,,,,
1384406,2023/24,2023-10-17,"Himachal Pradesh Cricket Association Stadium, Dharamsala",2,16.4,South Africa,Netherlands,DA Miller,H Klaasen,A Dutt,0,0,,,,,,,,,
1384406,2023/24,2023-10-17,"Himachal Pradesh Cricket Association Stadium, Dharamsala",2,16.5,South Africa,Netherlands,DA Miller,H Klaasen,A Dutt,1,0,,,,,,,,,
1384406,2023/24,2023-10-17,"Himachal Pradesh Cricket Association Stadium, Dharamsala",2,16.6,South Africa,Netherlands,H Klaasen,DA Miller,A Dutt,4,0,,,,,,,,,
1384406,2023/24,2023-10-17,"Himachal Pradesh Cricket Association Stadium, Dharamsala",2,17.1,South Africa,Netherlands,DA Miller,H Klaasen,BFW de Leede,0,0,,,,,,,,,
1384406,2023/24,2023-10-17,"Himachal Pradesh Cricket Association Stadium, Dharamsala",2,17.2,South Africa,Netherlands,DA Miller,H Klaasen,BFW de Leede,0,0,,,,,,,,,
1384406,2023/24,2023-10-17,"Himachal Pradesh Cricket Association Stadium, Dharamsala",2,17.3,South Africa,Netherlands,DA Miller,H Klaasen,BFW de Leede,0,0,,,,,,,,,
1384406,2023/24,2023-10-17,"Himachal Pradesh Cricket Association Stadium, Dharamsala",2,17.4,South Africa,Netherlands,DA Miller,H Klaasen,BFW de Leede,0,1,1,,,,,,,,
1384406,2023/24,2023-10-17,"Himachal Pradesh Cricket Association Stadium, Dharamsala",2,17.5,South Africa,Netherlands,DA Miller,H Klaasen,BFW de Leede,1,0,,,,,,,,,
1384406,2023/24,2023-10-17,"Himachal Pradesh Cricket Association Stadium, Dharamsala",2,17.6,South Africa,Netherlands,H Klaasen,DA Miller,BFW de Leede,0,0,,,,,,,,,
1384406,2023/24,2023-10-17,"Himachal Pradesh Cricket Association Stadium, Dharamsala",2,17.7,South Africa,Netherlands,H Klaasen,DA Miller,BFW de Leede,0,0,,,,,,,,,
1384406,2023/24,2023-10-17,"Himachal Pradesh Cricket Association Stadium, Dharamsala",2,18.1,South Africa,Netherlands,DA Miller,H Klaasen,LV van Beek,1,0,,,,,,,,,
1384406,2023/24,2023-10-17,"Himachal Pradesh Cricket Association Stadium, Dharamsala",2,18.2,South Africa,Netherlands,H Klaasen,DA Miller,LV van Beek,2,0,,,,,,,,,
1384406,2023/24,2023-10-17,"Himachal Pradesh Cricket Association Stadium, Dharamsala",2,18.3,South Africa,Netherlands,H Klaasen,DA Miller,LV van Beek,4,0,,,,,,,,,
1384406,2023/24,2023-10-17,"Himachal Pradesh Cricket Association Stadium, Dharamsala",2,18.4,South Africa,Netherlands,H Klaasen,DA Miller,LV van Beek,0,0,,,,,,,,,
1384406,2023/24,2023-10-17,"Himachal Pradesh Cricket Association Stadium, Dharamsala",2,18.5,South Africa,Netherlands,H Klaasen,DA Miller,LV van Beek,0,0,,,,,,caught,H Klaasen,,
1384406,2023/24,2023-10-17,"Himachal Pradesh Cricket Association Stadium, Dharamsala",2,18.6,South Africa,Netherlands,M Jansen,DA Miller,LV van Beek,0,0,,,,,,,,,
1384406,2023/24,2023-10-17,"Himachal Pradesh Cricket Association Stadium, Dharamsala",2,19.1,South Africa,Netherlands,DA Miller,M Jansen,RE van der Merwe,1,0,,,,,,,,,
1384406,2023/24,2023-10-17,"Himachal Pradesh Cricket Association Stadium, Dharamsala",2,19.2,South Africa,Netherlands,M Jansen,DA Miller,RE van der Merwe,0,0,,,,,,,,,
1384406,2023/24,2023-10-17,"Himachal Pradesh Cricket Association Stadium, Dharamsala",2,19.3,South Africa,Netherlands,M Jansen,DA Miller,RE van der Merwe,1,0,,,,,,,,,
1384406,2023/24,2023-10-17,"Himachal Pradesh Cricket Association Stadium, Dharamsala",2,19.4,South Africa,Netherlands,DA Miller,M Jansen,RE van der Merwe,1,0,,,,,,,,,
1384406,2023/24,2023-10-17,"Himachal Pradesh Cricket Association Stadium, Dharamsala",2,19.5,South Africa,Netherlands,M Jansen,DA Miller,RE van der Merwe,0,0,,,,,,,,,
1384406,2023/24,2023-10-17,"Himachal Pradesh Cricket Association Stadium, Dharamsala",2,19.6,South Africa,Netherlands,M Jansen,DA Miller,RE van der Merwe,1,0,,,,,,,,,
1384406,2023/24,2023-10-17,"Himachal Pradesh Cricket Association Stadium, Dharamsala",2,20.1,South Africa,Netherlands,M Jansen,DA Miller,LV van Beek,0,0,,,,,,,,,
1384406,2023/24,2023-10-17,"Himachal Pradesh Cricket Association Stadium, Dharamsala",2,20.2,South Africa,Netherlands,M Jansen,DA Miller,LV van Beek,0,1,,,,1,,,,,
1384406,2023/24,2023-10-17,"Himachal Pradesh Cricket Association Stadium, Dharamsala",2,20.3,South Africa,Netherlands,DA Miller,M Jansen,LV van Beek,0,0,,,,,,,,,
1384406,2023/24,2023-10-17,"Himachal Pradesh Cricket Association Stadium, Dharamsala",2,20.4,South Africa,Netherlands,DA Miller,M Jansen,LV van Beek,0,0,,,,,,,,,
1384406,2023/24,2023-10-17,"Himachal Pradesh Cricket Association Stadium, Dharamsala",2,20.5,South Africa,Netherlands,DA Miller,M Jansen,LV van Beek,1,0,,,,,,,,,
1384406,2023/24,2023-10-17,"Himachal Pradesh Cricket Association Stadium, Dharamsala",2,20.6,South Africa,Netherlands,M Jansen,DA Miller,LV van Beek,1,0,,,,,,,,,
1384406,2023/24,2023-10-17,"Himachal Pradesh Cricket Association Stadium, Dharamsala",2,21.1,South Africa,Netherlands,M Jansen,DA Miller,RE van der Merwe,0,0,,,,,,,,,
1384406,2023/24,2023-10-17,"Himachal Pradesh Cricket Association Stadium, Dharamsala",2,21.2,South Africa,Netherlands,M Jansen,DA Miller,RE van der Merwe,0,0,,,,,,,,,
1384406,2023/24,2023-10-17,"Himachal Pradesh Cricket Association Stadium, Dharamsala",2,21.3,South Africa,Netherlands,M Jansen,DA Miller,RE van der Merwe,0,0,,,,,,,,,
1384406,2023/24,2023-10-17,"Himachal Pradesh Cricket Association Stadium, Dharamsala",2,21.4,South Africa,Netherlands,M Jansen,DA Miller,RE van der Merwe,1,0,,,,,,,,,
1384406,2023/24,2023-10-17,"Himachal Pradesh Cricket Association Stadium, Dharamsala",2,21.5,South Africa,Netherlands,DA Miller,M Jansen,RE van der Merwe,1,0,,,,,,,,,
1384406,2023/24,2023-10-17,"Himachal Pradesh Cricket Association Stadium, Dharamsala",2,21.6,South Africa,Netherlands,M Jansen,DA Miller,RE van der Merwe,1,0,,,,,,,,,
1384406,2023/24,2023-10-17,"Himachal Pradesh Cricket Association Stadium, Dharamsala",2,22.1,South Africa,Netherlands,M Jansen,DA Miller,PA van Meekeren,0,0,,,,,,,,,
1384406,2023/24,2023-10-17,"Himachal Pradesh Cricket Association Stadium, Dharamsala",2,22.2,South Africa,Netherlands,M Jansen,DA Miller,PA van Meekeren,2,0,,,,,,,,,
1384406,2023/24,2023-10-17,"Himachal Pradesh Cricket Association Stadium, Dharamsala",2,22.3,South Africa,Netherlands,M Jansen,DA Miller,PA van Meekeren,0,0,,,,,,,,,
1384406,2023/24,2023-10-17,"Himachal Pradesh Cricket Association Stadium, Dharamsala",2,22.4,South Africa,Netherlands,M Jansen,DA Miller,PA van Meekeren,0,0,,,,,,,,,
1384406,2023/24,2023-10-17,"Himachal Pradesh Cricket Association Stadium, Dharamsala",2,22.5,South Africa,Netherlands,M Jansen,DA Miller,PA van Meekeren,0,0,,,,,,,,,
1384406,2023/24,2023-10-17,"Himachal Pradesh Cricket Association Stadium, Dharamsala",2,22.6,South Africa,Netherlands,M Jansen,DA Miller,PA van Meekeren,0,0,,,,,,,,,
1384406,2023/24,2023-10-17,"Himachal Pradesh Cricket Association Stadium, Dharamsala",2,23.1,South Africa,Netherlands,DA Miller,M Jansen,RE van der Merwe,1,0,,,,,,,,,
1384406,2023/24,2023-10-17,"Himachal Pradesh Cricket Association Stadium, Dharamsala",2,23.2,South Africa,Netherlands,M Jansen,DA Miller,RE van der Merwe,1,0,,,,,,,,,
1384406,2023/24,2023-10-17,"Himachal Pradesh Cricket Association Stadium, Dharamsala",2,23.3,South Africa,Netherlands,DA Miller,M Jansen,RE van der Merwe,0,0,,,,,,,,,
1384406,2023/24,2023-10-17,"Himachal Pradesh Cricket Association Stadium, Dharamsala",2,23.4,South Africa,Netherlands,DA Miller,M Jansen,RE van der Merwe,4,0,,,,,,,,,
1384406,2023/24,2023-10-17,"Himachal Pradesh Cricket Association Stadium, Dharamsala",2,23.5,South Africa,Netherlands,DA Miller,M Jansen,RE van der Merwe,0,0,,,,,,,,,
1384406,2023/24,2023-10-17,"Himachal Pradesh Cricket Association Stadium, Dharamsala",2,23.6,South Africa,Netherlands,DA Miller,M Jansen,RE van der Merwe,0,0,,,,,,,,,
1384406,2023/24,2023-10-17,"Himachal Pradesh Cricket Association Stadium, Dharamsala",2,24.1,South Africa,Netherlands,M Jansen,DA Miller,PA van Meekeren,0,0,,,,,,,,,
1384406,2023/24,2023-10-17,"Himachal Pradesh Cricket Association Stadium, Dharamsala",2,24.2,South Africa,Netherlands,M Jansen,DA Miller,PA van Meekeren,1,0,,,,,,,,,
1384406,2023/24,2023-10-17,"Himachal Pradesh Cricket Association Stadium, Dharamsala",2,24.3,South Africa,Netherlands,DA Miller,M Jansen,PA van Meekeren,1,0,,,,,,,,,
1384406,2023/24,2023-10-17,"Himachal Pradesh Cricket Association Stadium, Dharamsala",2,24.4,South Africa,Netherlands,M Jansen,DA Miller,PA van Meekeren,0,0,,,,,,,,,
1384406,2023/24,2023-10-17,"Himachal Pradesh Cricket Association Stadium, Dharamsala",2,24.5,South Africa,Netherlands,M Jansen,DA Miller,PA van Meekeren,0,0,,,,,,,,,
1384406,2023/24,2023-10-17,"Himachal Pradesh Cricket Association Stadium, Dharamsala",2,24.6,South Africa,Netherlands,M Jansen,DA Miller,PA van Meekeren,0,0,,,,,,bowled,M Jansen,,
1384406,2023/24,2023-10-17,"Himachal Pradesh Cricket Association Stadium, Dharamsala",2,25.1,South Africa,Netherlands,DA Miller,G Coetzee,BFW de Leede,0,0,,,,,,,,,
1384406,2023/24,2023-10-17,"Himachal Pradesh Cricket Association Stadium, Dharamsala",2,25.2,South Africa,Netherlands,DA Miller,G Coetzee,BFW de Leede,0,1,1,,,,,,,,
1384406,2023/24,2023-10-17,"Himachal Pradesh Cricket Association Stadium, Dharamsala",2,25.3,South Africa,Netherlands,DA Miller,G Coetzee,BFW de Leede,0,0,,,,,,,,,
1384406,2023/24,2023-10-17,"Himachal Pradesh Cricket Association Stadium, Dharamsala",2,25.4,South Africa,Netherlands,DA Miller,G Coetzee,BFW de Leede,0,0,,,,,,,,,
1384406,2023/24,2023-10-17,"Himachal Pradesh Cricket Association Stadium, Dharamsala",2,25.5,South Africa,Netherlands,DA Miller,G Coetzee,BFW de Leede,0,0,,,,,,,,,
1384406,2023/24,2023-10-17,"Himachal Pradesh Cricket Association Stadium, Dharamsala",2,25.6,South Africa,Netherlands,DA Miller,G Coetzee,BFW de Leede,1,0,,,,,,,,,
1384406,2023/24,2023-10-17,"Himachal Pradesh Cricket Association Stadium, Dharamsala",2,25.7,South Africa,Netherlands,G Coetzee,DA Miller,BFW de Leede,1,0,,,,,,,,,
1384406,2023/24,2023-10-17,"Himachal Pradesh Cricket Association Stadium, Dharamsala",2,26.1,South Africa,Netherlands,G Coetzee,DA Miller,PA van Meekeren,0,0,,,,,,,,,
1384406,2023/24,2023-10-17,"Himachal Pradesh Cricket Association Stadium, Dharamsala",2,26.2,South Africa,Netherlands,G Coetzee,DA Miller,PA van Meekeren,4,0,,,,,,,,,
1384406,2023/24,2023-10-17,"Himachal Pradesh Cricket Association Stadium, Dharamsala",2,26.3,South Africa,Netherlands,G Coetzee,DA Miller,PA van Meekeren,0,0,,,,,,,,,
1384406,2023/24,2023-10-17,"Himachal Pradesh Cricket Association Stadium, Dharamsala",2,26.4,South Africa,Netherlands,G Coetzee,DA Miller,PA van Meekeren,6,0,,,,,,,,,
1384406,2023/24,2023-10-17,"Himachal Pradesh Cricket Association Stadium, Dharamsala",2,26.5,South Africa,Netherlands,G Coetzee,DA Miller,PA van Meekeren,1,0,,,,,,,,,
1384406,2023/24,2023-10-17,"Himachal Pradesh Cricket Association Stadium, Dharamsala",2,26.6,South Africa,Netherlands,DA Miller,G Coetzee,PA van Meekeren,0,0,,,,,,,,,
1384406,2023/24,2023-10-17,"Himachal Pradesh Cricket Association Stadium, Dharamsala",2,27.1,South Africa,Netherlands,G Coetzee,DA Miller,BFW de Leede,4,0,,,,,,,,,
1384406,2023/24,2023-10-17,"Himachal Pradesh Cricket Association Stadium, Dharamsala",2,27.2,South Africa,Netherlands,G Coetzee,DA Miller,BFW de Leede,1,0,,,,,,,,,
1384406,2023/24,2023-10-17,"Himachal Pradesh Cricket Association Stadium, Dharamsala",2,27.3,South Africa,Netherlands,DA Miller,G Coetzee,BFW de Leede,1,0,,,,,,,,,
1384406,2023/24,2023-10-17,"Himachal Pradesh Cricket Association Stadium, Dharamsala",2,27.4,South Africa,Netherlands,G Coetzee,DA Miller,BFW de Leede,0,0,,,,,,,,,
1384406,2023/24,2023-10-17,"Himachal Pradesh Cricket Association Stadium, Dharamsala",2,27.5,South Africa,Netherlands,G Coetzee,DA Miller,BFW de Leede,0,0,,,,,,,,,
1384406,2023/24,2023-10-17,"Himachal Pradesh Cricket Association Stadium, Dharamsala",2,27.6,South Africa,Netherlands,G Coetzee,DA Miller,BFW de Leede,0,0,,,,,,,,,
1384406,2023/24,2023-10-17,"Himachal Pradesh Cricket Association Stadium, Dharamsala",2,28.1,South Africa,Netherlands,DA Miller,G Coetzee,LV van Beek,0,0,,,,,,,,,
1384406,2023/24,2023-10-17,"Himachal Pradesh Cricket Association Stadium, Dharamsala",2,28.2,South Africa,Netherlands,DA Miller,G Coetzee,LV van Beek,4,0,,,,,,,,,
1384406,2023/24,2023-10-17,"Himachal Pradesh Cricket Association Stadium, Dharamsala",2,28.3,South Africa,Netherlands,DA Miller,G Coetzee,LV van Beek,1,0,,,,,,,,,
1384406,2023/24,2023-10-17,"Himachal Pradesh Cricket Association Stadium, Dharamsala",2,28.4,South Africa,Netherlands,G Coetzee,DA Miller,LV van Beek,1,0,,,,,,,,,
1384406,2023/24,2023-10-17,"Himachal Pradesh Cricket Association Stadium, Dharamsala",2,28.5,South Africa,Netherlands,DA Miller,G Coetzee,LV van Beek,4,0,,,,,,,,,
1384406,2023/24,2023-10-17,"Himachal Pradesh Cricket Association Stadium, Dharamsala",2,28.6,South Africa,Netherlands,DA Miller,G Coetzee,LV van Beek,0,0,,,,,,,,,
1384406,2023/24,2023-10-17,"Himachal Pradesh Cricket Association Stadium, Dharamsala",2,29.1,South Africa,Netherlands,G Coetzee,DA Miller,RE van der Merwe,0,0,,,,,,,,,
1384406,2023/24,2023-10-17,"Himachal Pradesh Cricket Association Stadium, Dharamsala",2,29.2,South Africa,Netherlands,G Coetzee,DA Miller,RE van der Merwe,0,0,,,,,,,,,
1384406,2023/24,2023-10-17,"Himachal Pradesh Cricket Association Stadium, Dharamsala",2,29.3,South Africa,Netherlands,G Coetzee,DA Miller,RE van der Merwe,0,0,,,,,,,,,
1384406,2023/24,2023-10-17,"Himachal Pradesh Cricket Association Stadium, Dharamsala",2,29.4,South Africa,Netherlands,G Coetzee,DA Miller,RE van der Merwe,2,0,,,,,,,,,
1384406,2023/24,2023-10-17,"Himachal Pradesh Cricket Association Stadium, Dharamsala",2,29.5,South Africa,Netherlands,G Coetzee,DA Miller,RE van der Merwe,0,0,,,,,,,,,
1384406,2023/24,2023-10-17,"Himachal Pradesh Cricket Association Stadium, Dharamsala",2,29.6,South Africa,Netherlands,G Coetzee,DA Miller,RE van der Merwe,0,0,,,,,,,,,
1384406,2023/24,2023-10-17,"Himachal Pradesh Cricket Association Stadium, Dharamsala",2,30.1,South Africa,Netherlands,DA Miller,G Coetzee,LV van Beek,0,0,,,,,,,,,
1384406,2023/24,2023-10-17,"Himachal Pradesh Cricket Association Stadium, Dharamsala",2,30.2,South Africa,Netherlands,DA Miller,G Coetzee,LV van Beek,4,0,,,,,,,,,
1384406,2023/24,2023-10-17,"Himachal Pradesh Cricket Association Stadium, Dharamsala",2,30.3,South Africa,Netherlands,DA Miller,G Coetzee,LV van Beek,0,0,,,,,,,,,
1384406,2023/24,2023-10-17,"Himachal Pradesh Cricket Association Stadium, Dharamsala",2,30.4,South Africa,Netherlands,DA Miller,G Coetzee,LV van Beek,0,0,,,,,,,,,
1384406,2023/24,2023-10-17,"Himachal Pradesh Cricket Association Stadium, Dharamsala",2,30.5,South Africa,Netherlands,DA Miller,G Coetzee,LV van Beek,0,0,,,,,,,,,
1384406,2023/24,2023-10-17,"Himachal Pradesh Cricket Association Stadium, Dharamsala",2,30.6,South Africa,Netherlands,DA Miller,G Coetzee,LV van Beek,0,0,,,,,,bowled,DA Miller,,
1384406,2023/24,2023-10-17,"Himachal Pradesh Cricket Association Stadium, Dharamsala",2,31.1,South Africa,Netherlands,G Coetzee,KA Maharaj,RE van der Merwe,0,0,,,,,,,,,
1384406,2023/24,2023-10-17,"Himachal Pradesh Cricket Association Stadium, Dharamsala",2,31.2,South Africa,Netherlands,G Coetzee,KA Maharaj,RE van der Merwe,0,0,,,,,,,,,
1384406,2023/24,2023-10-17,"Himachal Pradesh Cricket Association Stadium, Dharamsala",2,31.3,South Africa,Netherlands,G Coetzee,KA Maharaj,RE van der Merwe,1,0,,,,,,,,,
1384406,2023/24,2023-10-17,"Himachal Pradesh Cricket Association Stadium, Dharamsala",2,31.4,South Africa,Netherlands,KA Maharaj,G Coetzee,RE van der Merwe,0,0,,,,,,,,,
1384406,2023/24,2023-10-17,"Himachal Pradesh Cricket Association Stadium, Dharamsala",2,31.5,South Africa,Netherlands,KA Maharaj,G Coetzee,RE van der Merwe,0,0,,,,,,,,,
1384406,2023/24,2023-10-17,"Himachal Pradesh Cricket Association Stadium, Dharamsala",2,31.6,South Africa,Netherlands,KA Maharaj,G Coetzee,RE van der Merwe,0,0,,,,,,,,,
1384406,2023/24,2023-10-17,"Himachal Pradesh Cricket Association Stadium, Dharamsala",2,32.1,South Africa,Netherlands,G Coetzee,KA Maharaj,LV van Beek,1,0,,,,,,,,,
1384406,2023/24,2023-10-17,"Himachal Pradesh Cricket Association Stadium, Dharamsala",2,32.2,South Africa,Netherlands,KA Maharaj,G Coetzee,LV van Beek,0,0,,,,,,,,,
1384406,2023/24,2023-10-17,"Himachal Pradesh Cricket Association Stadium, Dharamsala",2,32.3,South Africa,Netherlands,KA Maharaj,G Coetzee,LV van Beek,0,0,,,,,,,,,
1384406,2023/24,2023-10-17,"Himachal Pradesh Cricket Association Stadium, Dharamsala",2,32.4,South Africa,Netherlands,KA Maharaj,G Coetzee,LV van Beek,0,0,,,,,,,,,
1384406,2023/24,2023-10-17,"Himachal Pradesh Cricket Association Stadium, Dharamsala",2,32.5,South Africa,Netherlands,KA Maharaj,G Coetzee,LV van Beek,0,0,,,,,,,,,
1384406,2023/24,2023-10-17,"Himachal Pradesh Cricket Association Stadium, Dharamsala",2,32.6,South Africa,Netherlands,KA Maharaj,G Coetzee,LV van Beek,0,0,,,,,,,,,
1384406,2023/24,2023-10-17,"Himachal Pradesh Cricket Association Stadium, Dharamsala",2,33.1,South Africa,Netherlands,G Coetzee,KA Maharaj,BFW de Leede,0,0,,,,,,caught,G Coetzee,,
1384406,2023/24,2023-10-17,"Himachal Pradesh Cricket Association Stadium, Dharamsala",2,33.2,South Africa,Netherlands,K Rabada,KA Maharaj,BFW de Leede,1,0,,,,,,,,,
1384406,2023/24,2023-10-17,"Himachal Pradesh Cricket Association Stadium, Dharamsala",2,33.3,South Africa,Netherlands,KA Maharaj,K Rabada,BFW de Leede,4,0,,,,,,,,,
1384406,2023/24,2023-10-17,"Himachal Pradesh Cricket Association Stadium, Dharamsala",2,33.4,South Africa,Netherlands,KA Maharaj,K Rabada,BFW de Leede,0,0,,,,,,,,,
1384406,2023/24,2023-10-17,"Himachal Pradesh Cricket Association Stadium, Dharamsala",2,33.5,South Africa,Netherlands,KA Maharaj,K Rabada,BFW de Leede,2,0,,,,,,,,,
1384406,2023/24,2023-10-17,"Himachal Pradesh Cricket Association Stadium, Dharamsala",2,33.6,South Africa,Netherlands,KA Maharaj,K Rabada,BFW de Leede,1,0,,,,,,,,,
1384406,2023/24,2023-10-17,"Himachal Pradesh Cricket Association Stadium, Dharamsala",2,34.1,South Africa,Netherlands,KA Maharaj,K Rabada,LV van Beek,1,0,,,,,,,,,
1384406,2023/24,2023-10-17,"Himachal Pradesh Cricket Association Stadium, Dharamsala",2,34.2,South Africa,Netherlands,K Rabada,KA Maharaj,LV van Beek,1,0,,,,,,,,,
1384406,2023/24,2023-10-17,"Himachal Pradesh Cricket Association Stadium, Dharamsala",2,34.3,South Africa,Netherlands,KA Maharaj,K Rabada,LV van Beek,0,1,1,,,,,,,,
1384406,2023/24,2023-10-17,"Himachal Pradesh Cricket Association Stadium, Dharamsala",2,34.4,South Africa,Netherlands,KA Maharaj,K Rabada,LV van Beek,1,0,,,,,,,,,
1384406,2023/24,2023-10-17,"Himachal Pradesh Cricket Association Stadium, Dharamsala",2,34.5,South Africa,Netherlands,K Rabada,KA Maharaj,LV van Beek,0,0,,,,,,,,,
1384406,2023/24,2023-10-17,"Himachal Pradesh Cricket Association Stadium, Dharamsala",2,34.6,South Africa,Netherlands,K Rabada,KA Maharaj,LV van Beek,6,0,,,,,,,,,
1384406,2023/24,2023-10-17,"Himachal Pradesh Cricket Association Stadium, Dharamsala",2,34.7,South Africa,Netherlands,K Rabada,KA Maharaj,LV van Beek,1,0,,,,,,,,,
1384406,2023/24,2023-10-17,"Himachal Pradesh Cricket Association Stadium, Dharamsala",2,35.1,South Africa,Netherlands,K Rabada,KA Maharaj,BFW de Leede,0,0,,,,,,caught,K Rabada,,
1384406,2023/24,2023-10-17,"Himachal Pradesh Cricket Association Stadium, Dharamsala",2,35.2,South Africa,Netherlands,L Ngidi,KA Maharaj,BFW de Leede,1,0,,,,,,,,,
1384406,2023/24,2023-10-17,"Himachal Pradesh Cricket Association Stadium, Dharamsala",2,35.3,South Africa,Netherlands,KA Maharaj,L Ngidi,BFW de Leede,1,0,,,,,,,,,
1384406,2023/24,2023-10-17,"Himachal Pradesh Cricket Association Stadium, Dharamsala",2,35.4,South Africa,Netherlands,L Ngidi,KA Maharaj,BFW de Leede,0,1,1,,,,,,,,
1384406,2023/24,2023-10-17,"Himachal Pradesh Cricket Association Stadium, Dharamsala",2,35.5,South Africa,Netherlands,L Ngidi,KA Maharaj,BFW de Leede,0,0,,,,,,,,,
1384406,2023/24,2023-10-17,"Himachal Pradesh Cricket Association Stadium, Dharamsala",2,35.6,South Africa,Netherlands,L Ngidi,KA Maharaj,BFW de Leede,0,0,,,,,,,,,
1384406,2023/24,2023-10-17,"Himachal Pradesh Cricket Association Stadium, Dharamsala",2,35.7,South Africa,Netherlands,L Ngidi,KA Maharaj,BFW de Leede,0,0,,,,,,,,,
1384406,2023/24,2023-10-17,"Himachal Pradesh Cricket Association Stadium, Dharamsala",2,36.1,South Africa,Netherlands,KA Maharaj,L Ngidi,PA van Meekeren,4,0,,,,,,,,,
1384406,2023/24,2023-10-17,"Himachal Pradesh Cricket Association Stadium, Dharamsala",2,36.2,South Africa,Netherlands,KA Maharaj,L Ngidi,PA van Meekeren,0,0,,,,,,,,,
1384406,2023/24,2023-10-17,"Himachal Pradesh Cricket Association Stadium, Dharamsala",2,36.3,South Africa,Netherlands,KA Maharaj,L Ngidi,PA van Meekeren,1,0,,,,,,,,,
1384406,2023/24,2023-10-17,"Himachal Pradesh Cricket Association Stadium, Dharamsala",2,36.4,South Africa,Netherlands,L Ngidi,KA Maharaj,PA van Meekeren,0,0,,,,,,,,,
1384406,2023/24,2023-10-17,"Himachal Pradesh Cricket Association Stadium, Dharamsala",2,36.5,South Africa,Netherlands,L Ngidi,KA Maharaj,PA van Meekeren,0,0,,,,,,,,,
1384406,2023/24,2023-10-17,"Himachal Pradesh Cricket Association Stadium, Dharamsala",2,36.6,South Africa,Netherlands,L Ngidi,KA Maharaj,PA van Meekeren,0,0,,,,,,,,,
1384406,2023/24,2023-10-17,"Himachal Pradesh Cricket Association Stadium, Dharamsala",2,37.1,South Africa,Netherlands,KA Maharaj,L Ngidi,BFW de Leede,4,0,,,,,,,,,
1384406,2023/24,2023-10-17,"Himachal Pradesh Cricket Association Stadium, Dharamsala",2,37.2,South Africa,Netherlands,KA Maharaj,L Ngidi,BFW de Leede,0,0,,,,,,,,,
1384406,2023/24,2023-10-17,"Himachal Pradesh Cricket Association Stadium, Dharamsala",2,37.3,South Africa,Netherlands,KA Maharaj,L Ngidi,BFW de Leede,0,1,1,,,,,,,,
1384406,2023/24,2023-10-17,"Himachal Pradesh Cricket Association Stadium, Dharamsala",2,37.4,South Africa,Netherlands,KA Maharaj,L Ngidi,BFW de Leede,1,0,,,,,,,,,
1384406,2023/24,2023-10-17,"Himachal Pradesh Cricket Association Stadium, Dharamsala",2,37.5,South Africa,Netherlands,L Ngidi,KA Maharaj,BFW de Leede,0,0,,,,,,,,,
1384406,2023/24,2023-10-17,"Himachal Pradesh Cricket Association Stadium, Dharamsala",2,37.6,South Africa,Netherlands,L Ngidi,KA Maharaj,BFW de Leede,0,0,,,,,,,,,
1384406,2023/24,2023-10-17,"Himachal Pradesh Cricket Association Stadium, Dharamsala",2,37.7,South Africa,Netherlands,L Ngidi,KA Maharaj,BFW de Leede,0,0,,,,,,,,,
1384406,2023/24,2023-10-17,"Himachal Pradesh Cricket Association Stadium, Dharamsala",2,38.1,South Africa,Netherlands,KA Maharaj,L Ngidi,PA van Meekeren,1,0,,,,,,,,,
1384406,2023/24,2023-10-17,"Himachal Pradesh Cricket Association Stadium, Dharamsala",2,38.2,South Africa,Netherlands,L Ngidi,KA Maharaj,PA van Meekeren,0,0,,,,,,,,,
1384406,2023/24,2023-10-17,"Himachal Pradesh Cricket Association Stadium, Dharamsala",2,38.3,South Africa,Netherlands,L Ngidi,KA Maharaj,PA van Meekeren,0,0,,,,,,,,,
1384406,2023/24,2023-10-17,"Himachal Pradesh Cricket Association Stadium, Dharamsala",2,38.4,South Africa,Netherlands,L Ngidi,KA Maharaj,PA van Meekeren,0,0,,,,,,,,,
1384406,2023/24,2023-10-17,"Himachal Pradesh Cricket Association Stadium, Dharamsala",2,38.5,South Africa,Netherlands,L Ngidi,KA Maharaj,PA van Meekeren,1,0,,,,,,,,,
1384406,2023/24,2023-10-17,"Himachal Pradesh Cricket Association Stadium, Dharamsala",2,38.6,South Africa,Netherlands,KA Maharaj,L Ngidi,PA van Meekeren,0,0,,,,,,,,,
1384406,2023/24,2023-10-17,"Himachal Pradesh Cricket Association Stadium, Dharamsala",2,39.1,South Africa,Netherlands,L Ngidi,KA Maharaj,BFW de Leede,1,0,,,,,,,,,
1384406,2023/24,2023-10-17,"Himachal Pradesh Cricket Association Stadium, Dharamsala",2,39.2,South Africa,Netherlands,KA Maharaj,L Ngidi,BFW de Leede,1,0,,,,,,,,,
1384406,2023/24,2023-10-17,"Himachal Pradesh Cricket Association Stadium, Dharamsala",2,39.3,South Africa,Netherlands,L Ngidi,KA Maharaj,BFW de Leede,0,0,,,,,,,,,
1384406,2023/24,2023-10-17,"Himachal Pradesh Cricket Association Stadium, Dharamsala",2,39.4,South Africa,Netherlands,L Ngidi,KA Maharaj,BFW de Leede,0,0,,,,,,,,,
1384406,2023/24,2023-10-17,"Himachal Pradesh Cricket Association Stadium, Dharamsala",2,39.5,South Africa,Netherlands,L Ngidi,KA Maharaj,BFW de Leede,0,0,,,,,,,,,
1384406,2023/24,2023-10-17,"Himachal Pradesh Cricket Association Stadium, Dharamsala",2,39.6,South Africa,Netherlands,L Ngidi,KA Maharaj,BFW de Leede,0,0,,,,,,,,,
1384406,2023/24,2023-10-17,"Himachal Pradesh Cricket Association Stadium, Dharamsala",2,40.1,South Africa,Netherlands,KA Maharaj,L Ngidi,LV van Beek,0,0,,,,,,,,,
1384406,2023/24,2023-10-17,"Himachal Pradesh Cricket Association Stadium, Dharamsala",2,40.2,South Africa,Netherlands,KA Maharaj,L Ngidi,LV van Beek,0,0,,,,,,,,,
1384406,2023/24,2023-10-17,"Himachal Pradesh Cricket Association Stadium, Dharamsala",2,40.3,South Africa,Netherlands,KA Maharaj,L Ngidi,LV van Beek,1,0,,,,,,,,,
1384406,2023/24,2023-10-17,"Himachal Pradesh Cricket Association Stadium, Dharamsala",2,40.4,South Africa,Netherlands,L Ngidi,KA Maharaj,LV van Beek,0,0,,,,,,,,,
1384406,2023/24,2023-10-17,"Himachal Pradesh Cricket Association Stadium, Dharamsala",2,40.5,South Africa,Netherlands,L Ngidi,KA Maharaj,LV van Beek,1,0,,,,,,,,,
1384406,2023/24,2023-10-17,"Himachal Pradesh Cricket Association Stadium, Dharamsala",2,40.6,South Africa,Netherlands,KA Maharaj,L Ngidi,LV van Beek,4,1,,1,,,,,,,
1384406,2023/24,2023-10-17,"Himachal Pradesh Cricket Association Stadium, Dharamsala",2,40.7,South Africa,Netherlands,KA Maharaj,L Ngidi,LV van Beek,0,0,,,,,,,,,
1384406,2023/24,2023-10-17,"Himachal Pradesh Cricket Association Stadium, Dharamsala",2,41.1,South Africa,Netherlands,L Ngidi,KA Maharaj,BFW de Leede,0,0,,,,,,,,,
1384406,2023/24,2023-10-17,"Himachal Pradesh Cricket Association Stadium, Dharamsala",2,41.2,South Africa,Netherlands,L Ngidi,KA Maharaj,BFW de Leede,1,0,,,,,,,,,
1384406,2023/24,2023-10-17,"Himachal Pradesh Cricket Association Stadium, Dharamsala",2,41.3,South Africa,Netherlands,KA Maharaj,L Ngidi,BFW de Leede,2,0,,,,,,,,,
1384406,2023/24,2023-10-17,"Himachal Pradesh Cricket Association Stadium, Dharamsala",2,41.4,South Africa,Netherlands,KA Maharaj,L Ngidi,BFW de Leede,0,0,,,,,,,,,
1384406,2023/24,2023-10-17,"Himachal Pradesh Cricket Association Stadium, Dharamsala",2,41.5,South Africa,Netherlands,KA Maharaj,L Ngidi,BFW de Leede,1,0,,,,,,,,,
1384406,2023/24,2023-10-17,"Himachal Pradesh Cricket Association Stadium, Dharamsala",2,41.6,South Africa,Netherlands,L Ngidi,KA Maharaj,BFW de Leede,2,0,,,,,,,,,
1384406,2023/24,2023-10-17,"Himachal Pradesh Cricket Association Stadium, Dharamsala",2,42.1,South Africa,Netherlands,KA Maharaj,L Ngidi,LV van Beek,0,0,,,,,,,,,
1384406,2023/24,2023-10-17,"Himachal Pradesh Cricket Association Stadium, Dharamsala",2,42.2,South Africa,Netherlands,KA Maharaj,L Ngidi,LV van Beek,0,0,,,,,,,,,
1384406,2023/24,2023-10-17,"Himachal Pradesh Cricket Association Stadium, Dharamsala",2,42.3,South Africa,Netherlands,KA Maharaj,L Ngidi,LV van Beek,4,0,,,,,,,,,
1384406,2023/24,2023-10-17,"Himachal Pradesh Cricket Association Stadium, Dharamsala",2,42.4,South Africa,Netherlands,KA Maharaj,L Ngidi,LV van Beek,6,0,,,,,,,,,
1384406,2023/24,2023-10-17,"Himachal Pradesh Cricket Association Stadium, Dharamsala",2,42.5,South Africa,Netherlands,KA Maharaj,L Ngidi,LV van Beek,0,0,,,,,,caught,KA Maharaj,,
