match_id,season,start_date,venue,innings,ball,batting_team,bowling_team,striker,non_striker,bowler,runs_off_bat,extras,wides,noballs,byes,legbyes,penalty,wicket_type,player_dismissed,other_wicket_type,other_player_dismissed
1384398,2023/24,2023-10-10,"Himachal Pradesh Cricket Association Stadium, Dharamsala",1,0.1,England,Bangladesh,JM Bairstow,DJ Malan,Mustafizur Rahman,0,0,,,,,,,,,
1384398,2023/24,2023-10-10,"Himachal Pradesh Cricket Association Stadium, Dharamsala",1,0.2,England,Bangladesh,JM Bairstow,DJ Malan,Mustafizur Rahman,1,0,,,,,,,,,
1384398,2023/24,2023-10-10,"Himachal Pradesh Cricket Association Stadium, Dharamsala",1,0.3,England,Bangladesh,DJ Malan,JM Bairstow,Mustafizur Rahman,0,0,,,,,,,,,
1384398,2023/24,2023-10-10,"Himachal Pradesh Cricket Association Stadium, Dharamsala",1,0.4,England,Bangladesh,DJ Malan,JM Bairstow,Mustafizur Rahman,0,0,,,,,,,,,
1384398,2023/24,2023-10-10,"Himachal Pradesh Cricket Association Stadium, Dharamsala",1,0.5,England,Bangladesh,DJ Malan,JM Bairstow,Mustafizur Rahman,0,0,,,,,,,,,
1384398,2023/24,2023-10-10,"Himachal Pradesh Cricket Association Stadium, Dharamsala",1,0.6,England,Bangladesh,DJ Malan,JM Bairstow,Mustafizur Rahman,4,0,,,,,,,,,
1384398,2023/24,2023-10-10,"Himachal Pradesh Cricket Association Stadium, Dharamsala",1,1.1,England,Bangladesh,JM Bairstow,DJ Malan,Taskin Ahmed,4,0,,,,,,,,,
1384398,2023/24,2023-10-10,"Himachal Pradesh Cricket Association Stadium, Dharamsala",1,1.2,England,Bangladesh,JM Bairstow,DJ Malan,Taskin Ahmed,0,0,,,,,,,,,
1384398,2023/24,2023-10-10,"Himachal Pradesh Cricket Association Stadium, Dharamsala",1,1.3,England,Bangladesh,JM Bairstow,DJ Malan,Taskin Ahmed,0,0,,,,,,,,,
1384398,2023/24,2023-10-10,"Himachal Pradesh Cricket Association Stadium, Dharamsala",1,1.4,England,Bangladesh,JM Bairstow,DJ Malan,Taskin Ahmed,1,0,,,,,,,,,
1384398,2023/24,2023-10-10,"Himachal Pradesh Cricket Association Stadium, Dharamsala",1,1.5,England,Bangladesh,DJ Malan,JM Bairstow,Taskin Ahmed,0,0,,,,,,,,,
1384398,2023/24,2023-10-10,"Himachal Pradesh Cricket Association Stadium, Dharamsala",1,1.6,England,Bangladesh,DJ Malan,JM Bairstow,Taskin Ahmed,0,0,,,,,,,,,
1384398,2023/24,2023-10-10,"Himachal Pradesh Cricket Association Stadium, Dharamsala",1,2.1,England,Bangladesh,JM Bairstow,DJ Malan,Mustafizur Rahman,0,0,,,,,,,,,
1384398,2023/24,2023-10-10,"Himachal Pradesh Cricket Association Stadium, Dharamsala",1,2.2,England,Bangladesh,JM Bairstow,DJ Malan,Mustafizur Rahman,0,0,,,,,,,,,
1384398,2023/24,2023-10-10,"Himachal Pradesh Cricket Association Stadium, Dharamsala",1,2.3,England,Bangladesh,JM Bairstow,DJ Malan,Mustafizur Rahman,0,0,,,,,,,,,
1384398,2023/24,2023-10-10,"Himachal Pradesh Cricket Association Stadium, Dharamsala",1,2.4,England,Bangladesh,JM Bairstow,DJ Malan,Mustafizur Rahman,1,0,,,,,,,,,
1384398,2023/24,2023-10-10,"Himachal Pradesh Cricket Association Stadium, Dharamsala",1,2.5,England,Bangladesh,DJ Malan,JM Bairstow,Mustafizur Rahman,0,0,,,,,,,,,
1384398,2023/24,2023-10-10,"Himachal Pradesh Cricket Association Stadium, Dharamsala",1,2.6,England,Bangladesh,DJ Malan,JM Bairstow,Mustafizur Rahman,0,0,,,,,,,,,
1384398,2023/24,2023-10-10,"Himachal Pradesh Cricket Association Stadium, Dharamsala",1,3.1,England,Bangladesh,JM Bairstow,DJ Malan,Taskin Ahmed,0,0,,,,,,,,,
1384398,2023/24,2023-10-10,"Himachal Pradesh Cricket Association Stadium, Dharamsala",1,3.2,England,Bangladesh,JM Bairstow,DJ Malan,Taskin Ahmed,4,0,,,,,,,,,
1384398,2023/24,2023-10-10,"Himachal Pradesh Cricket Association Stadium, Dharamsala",1,3.3,England,Bangladesh,JM Bairstow,DJ Malan,Taskin Ahmed,0,0,,,,,,,,,
1384398,2023/24,2023-10-10,"Himachal Pradesh Cricket Association Stadium, Dharamsala",1,3.4,England,Bangladesh,JM Bairstow,DJ Malan,Taskin Ahmed,0,0,,,,,,,,,
1384398,2023/24,2023-10-10,"Himachal Pradesh Cricket Association Stadium, Dharamsala",1,3.5,England,Bangladesh,JM Bairstow,DJ Malan,Taskin Ahmed,0,0,,,,,,,,,
1384398,2023/24,2023-10-10,"Himachal Pradesh Cricket Association Stadium, Dharamsala",1,3.6,England,Bangladesh,JM Bairstow,DJ Malan,Taskin Ahmed,0,0,,,,,,,,,
1384398,2023/24,2023-10-10,"Himachal Pradesh Cricket Association Stadium, Dharamsala",1,4.1,England,Bangladesh,DJ Malan,JM Bairstow,Mustafizur Rahman,0,0,,,,,,,,,
1384398,2023/24,2023-10-10,"Himachal Pradesh Cricket Association Stadium, Dharamsala",1,4.2,England,Bangladesh,DJ Malan,JM Bairstow,Mustafizur Rahman,0,0,,,,,,,,,
1384398,2023/24,2023-10-10,"Himachal Pradesh Cricket Association Stadium, Dharamsala",1,4.3,England,Bangladesh,DJ Malan,JM Bairstow,Mustafizur Rahman,4,0,,,,,,,,,
1384398,2023/24,2023-10-10,"Himachal Pradesh Cricket Association Stadium, Dharamsala",1,4.4,England,Bangladesh,DJ Malan,JM Bairstow,Mustafizur Rahman,6,0,,,,,,,,,
1384398,2023/24,2023-10-10,"Himachal Pradesh Cricket Association Stadium, Dharamsala",1,4.5,England,Bangladesh,DJ Malan,JM Bairstow,Mustafizur Rahman,0,0,,,,,,,,,
1384398,2023/24,2023-10-10,"Himachal Pradesh Cricket Association Stadium, Dharamsala",1,4.6,England,Bangladesh,DJ Malan,JM Bairstow,Mustafizur Rahman,0,0,,,,,,,,,
1384398,2023/24,2023-10-10,"Himachal Pradesh Cricket Association Stadium, Dharamsala",1,5.1,England,Bangladesh,JM Bairstow,DJ Malan,Shoriful Islam,0,0,,,,,,,,,
1384398,2023/24,2023-10-10,"Himachal Pradesh Cricket Association Stadium, Dharamsala",1,5.2,England,Bangladesh,JM Bairstow,DJ Malan,Shoriful Islam,1,0,,,,,,,,,
1384398,2023/24,2023-10-10,"Himachal Pradesh Cricket Association Stadium, Dharamsala",1,5.3,England,Bangladesh,DJ Malan,JM Bairstow,Shoriful Islam,0,0,,,,,,,,,
1384398,2023/24,2023-10-10,"Himachal Pradesh Cricket Association Stadium, Dharamsala",1,5.4,England,Bangladesh,DJ Malan,JM Bairstow,Shoriful Islam,1,0,,,,,,,,,
1384398,2023/24,2023-10-10,"Himachal Pradesh Cricket Association Stadium, Dharamsala",1,5.5,England,Bangladesh,JM Bairstow,DJ Malan,Shoriful Islam,0,0,,,,,,,,,
1384398,2023/24,2023-10-10,"Himachal Pradesh Cricket Association Stadium, Dharamsala",1,5.6,England,Bangladesh,JM Bairstow,DJ Malan,Shoriful Islam,4,0,,,,,,,,,
1384398,2023/24,2023-10-10,"Himachal Pradesh Cricket Association Stadium, Dharamsala",1,6.1,England,Bangladesh,DJ Malan,JM Bairstow,Mustafizur Rahman,1,0,,,,,,,,,
1384398,2023/24,2023-10-10,"Himachal Pradesh Cricket Association Stadium, Dharamsala",1,6.2,England,Bangladesh,JM Bairstow,DJ Malan,Mustafizur Rahman,1,0,,,,,,,,,
1384398,2023/24,2023-10-10,"Himachal Pradesh Cricket Association Stadium, Dharamsala",1,6.3,England,Bangladesh,DJ Malan,JM Bairstow,Mustafizur Rahman,0,0,,,,,,,,,
1384398,2023/24,2023-10-10,"Himachal Pradesh Cricket Association Stadium, Dharamsala",1,6.4,England,Bangladesh,DJ Malan,JM Bairstow,Mustafizur Rahman,6,0,,,,,,,,,
1384398,2023/24,2023-10-10,"Himachal Pradesh Cricket Association Stadium, Dharamsala",1,6.5,England,Bangladesh,DJ Malan,JM Bairstow,Mustafizur Rahman,4,0,,,,,,,,,
1384398,2023/24,2023-10-10,"Himachal Pradesh Cricket Association Stadium, Dharamsala",1,6.6,England,Bangladesh,DJ Malan,JM Bairstow,Mustafizur Rahman,0,0,,,,,,,,,
1384398,2023/24,2023-10-10,"Himachal Pradesh Cricket Association Stadium, Dharamsala",1,7.1,England,Bangladesh,JM Bairstow,DJ Malan,Shoriful Islam,0,0,,,,,,,,,
1384398,2023/24,2023-10-10,"Himachal Pradesh Cricket Association Stadium, Dharamsala",1,7.2,England,Bangladesh,JM Bairstow,DJ Malan,Shoriful Islam,0,0,,,,,,,,,
1384398,2023/24,2023-10-10,"Himachal Pradesh Cricket Association Stadium, Dharamsala",1,7.3,England,Bangladesh,JM Bairstow,DJ Malan,Shoriful Islam,0,0,,,,,,,,,
1384398,2023/24,2023-10-10,"Himachal Pradesh Cricket Association Stadium, Dharamsala",1,7.4,England,Bangladesh,JM Bairstow,DJ Malan,Shoriful Islam,4,0,,,,,,,,,
1384398,2023/24,2023-10-10,"Himachal Pradesh Cricket Association Stadium, Dharamsala",1,7.5,England,Bangladesh,JM Bairstow,DJ Malan,Shoriful Islam,2,0,,,,,,,,,
1384398,2023/24,2023-10-10,"Himachal Pradesh Cricket Association Stadium, Dharamsala",1,7.6,England,Bangladesh,JM Bairstow,DJ Malan,Shoriful Islam,0,0,,,,,,,,,
1384398,2023/24,2023-10-10,"Himachal Pradesh Cricket Association Stadium, Dharamsala",1,8.1,England,Bangladesh,DJ Malan,JM Bairstow,Mahedi Hasan,1,0,,,,,,,,,
1384398,2023/24,2023-10-10,"Himachal Pradesh Cricket Association Stadium, Dharamsala",1,8.2,England,Bangladesh,JM Bairstow,DJ Malan,Mahedi Hasan,4,0,,,,,,,,,
1384398,2023/24,2023-10-10,"Himachal Pradesh Cricket Association Stadium, Dharamsala",1,8.3,England,Bangladesh,JM Bairstow,DJ Malan,Mahedi Hasan,1,0,,,,,,,,,
1384398,2023/24,2023-10-10,"Himachal Pradesh Cricket Association Stadium, Dharamsala",1,8.4,England,Bangladesh,DJ Malan,JM Bairstow,Mahedi Hasan,4,0,,,,,,,,,
1384398,2023/24,2023-10-10,"Himachal Pradesh Cricket Association Stadium, Dharamsala",1,8.5,England,Bangladesh,DJ Malan,JM Bairstow,Mahedi Hasan,0,0,,,,,,,,,
1384398,2023/24,2023-10-10,"Himachal Pradesh Cricket Association Stadium, Dharamsala",1,8.6,England,Bangladesh,DJ Malan,JM Bairstow,Mahedi Hasan,0,0,,,,,,,,,
1384398,2023/24,2023-10-10,"Himachal Pradesh Cricket Association Stadium, Dharamsala",1,9.1,England,Bangladesh,JM Bairstow,DJ Malan,Shakib Al Hasan,0,0,,,,,,,,,
1384398,2023/24,2023-10-10,"Himachal Pradesh Cricket Association Stadium, Dharamsala",1,9.2,England,Bangladesh,JM Bairstow,DJ Malan,Shakib Al Hasan,0,0,,,,,,,,,
1384398,2023/24,2023-10-10,"Himachal Pradesh Cricket Association Stadium, Dharamsala",1,9.3,England,Bangladesh,JM Bairstow,DJ Malan,Shakib Al Hasan,0,0,,,,,,,,,
1384398,2023/24,2023-10-10,"Himachal Pradesh Cricket Association Stadium, Dharamsala",1,9.4,England,Bangladesh,JM Bairstow,DJ Malan,Shakib Al Hasan,1,0,,,,,,,,,
1384398,2023/24,2023-10-10,"Himachal Pradesh Cricket Association Stadium, Dharamsala",1,9.5,England,Bangladesh,DJ Malan,JM Bairstow,Shakib Al Hasan,1,0,,,,,,,,,
1384398,2023/24,2023-10-10,"Himachal Pradesh Cricket Association Stadium, Dharamsala",1,9.6,England,Bangladesh,JM Bairstow,DJ Malan,Shakib Al Hasan,0,0,,,,,,,,,
1384398,2023/24,2023-10-10,"Himachal Pradesh Cricket Association Stadium, Dharamsala",1,10.1,England,Bangladesh,DJ Malan,JM Bairstow,Mehedi Hasan Miraz,0,0,,,,,,,,,
1384398,2023/24,2023-10-10,"Himachal Pradesh Cricket Association Stadium, Dharamsala",1,10.2,England,Bangladesh,DJ Malan,JM Bairstow,Mehedi Hasan Miraz,4,0,,,,,,,,,
1384398,2023/24,2023-10-10,"Himachal Pradesh Cricket Association Stadium, Dharamsala",1,10.3,England,Bangladesh,DJ Malan,JM Bairstow,Mehedi Hasan Miraz,0,0,,,,,,,,,
1384398,2023/24,2023-10-10,"Himachal Pradesh Cricket Association Stadium, Dharamsala",1,10.4,England,Bangladesh,DJ Malan,JM Bairstow,Mehedi Hasan Miraz,0,0,,,,,,,,,
1384398,2023/24,2023-10-10,"Himachal Pradesh Cricket Association Stadium, Dharamsala",1,10.5,England,Bangladesh,DJ Malan,JM Bairstow,Mehedi Hasan Miraz,0,0,,,,,,,,,
1384398,2023/24,2023-10-10,"Himachal Pradesh Cricket Association Stadium, Dharamsala",1,10.6,England,Bangladesh,DJ Malan,JM Bairstow,Mehedi Hasan Miraz,4,0,,,,,,,,,
1384398,2023/24,2023-10-10,"Himachal Pradesh Cricket Association Stadium, Dharamsala",1,11.1,England,Bangladesh,JM Bairstow,DJ Malan,Shakib Al Hasan,1,0,,,,,,,,,
1384398,2023/24,2023-10-10,"Himachal Pradesh Cricket Association Stadium, Dharamsala",1,11.2,England,Bangladesh,DJ Malan,JM Bairstow,Shakib Al Hasan,4,0,,,,,,,,,
1384398,2023/24,2023-10-10,"Himachal Pradesh Cricket Association Stadium, Dharamsala",1,11.3,England,Bangladesh,DJ Malan,JM Bairstow,Shakib Al Hasan,1,0,,,,,,,,,
1384398,2023/24,2023-10-10,"Himachal Pradesh Cricket Association Stadium, Dharamsala",1,11.4,England,Bangladesh,JM Bairstow,DJ Malan,Shakib Al Hasan,0,0,,,,,,,,,
1384398,2023/24,2023-10-10,"Himachal Pradesh Cricket Association Stadium, Dharamsala",1,11.5,England,Bangladesh,JM Bairstow,DJ Malan,Shakib Al Hasan,1,0,,,,,,,,,
1384398,2023/24,2023-10-10,"Himachal Pradesh Cricket Association Stadium, Dharamsala",1,11.6,England,Bangladesh,DJ Malan,JM Bairstow,Shakib Al Hasan,1,0,,,,,,,,,
1384398,2023/24,2023-10-10,"Himachal Pradesh Cricket Association Stadium, Dharamsala",1,12.1,England,Bangladesh,DJ Malan,JM Bairstow,Mehedi Hasan Miraz,1,0,,,,,,,,,
1384398,2023/24,2023-10-10,"Himachal Pradesh Cricket Association Stadium, Dharamsala",1,12.2,England,Bangladesh,JM Bairstow,DJ Malan,Mehedi Hasan Miraz,4,0,,,,,,,,,
1384398,2023/24,2023-10-10,"Himachal Pradesh Cricket Association Stadium, Dharamsala",1,12.3,England,Bangladesh,JM Bairstow,DJ Malan,Mehedi Hasan Miraz,1,0,,,,,,,,,
1384398,2023/24,2023-10-10,"Himachal Pradesh Cricket Association Stadium, Dharamsala",1,12.4,England,Bangladesh,DJ Malan,JM Bairstow,Mehedi Hasan Miraz,1,0,,,,,,,,,
1384398,2023/24,2023-10-10,"Himachal Pradesh Cricket Association Stadium, Dharamsala",1,12.5,England,Bangladesh,JM Bairstow,DJ Malan,Mehedi Hasan Miraz,0,0,,,,,,,,,
1384398,2023/24,2023-10-10,"Himachal Pradesh Cricket Association Stadium, Dharamsala",1,12.6,England,Bangladesh,JM Bairstow,DJ Malan,Mehedi Hasan Miraz,0,0,,,,,,,,,
1384398,2023/24,2023-10-10,"Himachal Pradesh Cricket Association Stadium, Dharamsala",1,13.1,England,Bangladesh,DJ Malan,JM Bairstow,Shakib Al Hasan,0,1,1,,,,,,,,
1384398,2023/24,2023-10-10,"Himachal Pradesh Cricket Association Stadium, Dharamsala",1,13.2,England,Bangladesh,DJ Malan,JM Bairstow,Shakib Al Hasan,1,0,,,,,,,,,
1384398,2023/24,2023-10-10,"Himachal Pradesh Cricket Association Stadium, Dharamsala",1,13.3,England,Bangladesh,JM Bairstow,DJ Malan,Shakib Al Hasan,1,0,,,,,,,,,
1384398,2023/24,2023-10-10,"Himachal Pradesh Cricket Association Stadium, Dharamsala",1,13.4,England,Bangladesh,DJ Malan,JM Bairstow,Shakib Al Hasan,1,0,,,,,,,,,
1384398,2023/24,2023-10-10,"Himachal Pradesh Cricket Association Stadium, Dharamsala",1,13.5,England,Bangladesh,JM Bairstow,DJ Malan,Shakib Al Hasan,0,0,,,,,,,,,
1384398,2023/24,2023-10-10,"Himachal Pradesh Cricket Association Stadium, Dharamsala",1,13.6,England,Bangladesh,JM Bairstow,DJ Malan,Shakib Al Hasan,0,0,,,,,,,,,
1384398,2023/24,2023-10-10,"Himachal Pradesh Cricket Association Stadium, Dharamsala",1,13.7,England,Bangladesh,JM Bairstow,DJ Malan,Shakib Al Hasan,1,0,,,,,,,,,
1384398,2023/24,2023-10-10,"Himachal Pradesh Cricket Association Stadium, Dharamsala",1,14.1,England,Bangladesh,JM Bairstow,DJ Malan,Mahedi Hasan,4,0,,,,,,,,,
1384398,2023/24,2023-10-10,"Himachal Pradesh Cricket Association Stadium, Dharamsala",1,14.2,England,Bangladesh,JM Bairstow,DJ Malan,Mahedi Hasan,0,0,,,,,,,,,
1384398,2023/24,2023-10-10,"Himachal Pradesh Cricket Association Stadium, Dharamsala",1,14.3,England,Bangladesh,JM Bairstow,DJ Malan,Mahedi Hasan,4,0,,,,,,,,,
1384398,2023/24,2023-10-10,"Himachal Pradesh Cricket Association Stadium, Dharamsala",1,14.4,England,Bangladesh,JM Bairstow,DJ Malan,Mahedi Hasan,1,0,,,,,,,,,
1384398,2023/24,2023-10-10,"Himachal Pradesh Cricket Association Stadium, Dharamsala",1,14.5,England,Bangladesh,DJ Malan,JM Bairstow,Mahedi Hasan,0,0,,,,,,,,,
1384398,2023/24,2023-10-10,"Himachal Pradesh Cricket Association Stadium, Dharamsala",1,14.6,England,Bangladesh,DJ Malan,JM Bairstow,Mahedi Hasan,0,0,,,,,,,,,
1384398,2023/24,2023-10-10,"Himachal Pradesh Cricket Association Stadium, Dharamsala",1,15.1,England,Bangladesh,JM Bairstow,DJ Malan,Shakib Al Hasan,0,0,,,,,,,,,
1384398,2023/24,2023-10-10,"Himachal Pradesh Cricket Association Stadium, Dharamsala",1,15.2,England,Bangladesh,JM Bairstow,DJ Malan,Shakib Al Hasan,1,0,,,,,,,,,
1384398,2023/24,2023-10-10,"Himachal Pradesh Cricket Association Stadium, Dharamsala",1,15.3,England,Bangladesh,DJ Malan,JM Bairstow,Shakib Al Hasan,1,0,,,,,,,,,
1384398,2023/24,2023-10-10,"Himachal Pradesh Cricket Association Stadium, Dharamsala",1,15.4,England,Bangladesh,JM Bairstow,DJ Malan,Shakib Al Hasan,0,0,,,,,,,,,
1384398,2023/24,2023-10-10,"Himachal Pradesh Cricket Association Stadium, Dharamsala",1,15.5,England,Bangladesh,JM Bairstow,DJ Malan,Shakib Al Hasan,0,0,,,,,,,,,
1384398,2023/24,2023-10-10,"Himachal Pradesh Cricket Association Stadium, Dharamsala",1,15.6,England,Bangladesh,JM Bairstow,DJ Malan,Shakib Al Hasan,2,0,,,,,,,,,
1384398,2023/24,2023-10-10,"Himachal Pradesh Cricket Association Stadium, Dharamsala",1,16.1,England,Bangladesh,DJ Malan,JM Bairstow,Shoriful Islam,4,0,,,,,,,,,
1384398,2023/24,2023-10-10,"Himachal Pradesh Cricket Association Stadium, Dharamsala",1,16.2,England,Bangladesh,DJ Malan,JM Bairstow,Shoriful Islam,4,0,,,,,,,,,
1384398,2023/24,2023-10-10,"Himachal Pradesh Cricket Association Stadium, Dharamsala",1,16.3,England,Bangladesh,DJ Malan,JM Bairstow,Shoriful Islam,0,0,,,,,,,,,
1384398,2023/24,2023-10-10,"Himachal Pradesh Cricket Association Stadium, Dharamsala",1,16.4,England,Bangladesh,DJ Malan,JM Bairstow,Shoriful Islam,0,1,1,,,,,,,,
1384398,2023/24,2023-10-10,"Himachal Pradesh Cricket Association Stadium, Dharamsala",1,16.5,England,Bangladesh,DJ Malan,JM Bairstow,Shoriful Islam,1,0,,,,,,,,,
1384398,2023/24,2023-10-10,"Himachal Pradesh Cricket Association Stadium, Dharamsala",1,16.6,England,Bangladesh,JM Bairstow,DJ Malan,Shoriful Islam,1,0,,,,,,,,,
1384398,2023/24,2023-10-10,"Himachal Pradesh Cricket Association Stadium, Dharamsala",1,16.7,England,Bangladesh,DJ Malan,JM Bairstow,Shoriful Islam,0,0,,,,,,,,,
1384398,2023/24,2023-10-10,"Himachal Pradesh Cricket Association Stadium, Dharamsala",1,17.1,England,Bangladesh,JM Bairstow,DJ Malan,Shakib Al Hasan,1,0,,,,,,,,,
1384398,2023/24,2023-10-10,"Himachal Pradesh Cricket Association Stadium, Dharamsala",1,17.2,England,Bangladesh,DJ Malan,JM Bairstow,Shakib Al Hasan,1,0,,,,,,,,,
1384398,2023/24,2023-10-10,"Himachal Pradesh Cricket Association Stadium, Dharamsala",1,17.3,England,Bangladesh,JM Bairstow,DJ Malan,Shakib Al Hasan,0,0,,,,,,,,,
1384398,2023/24,2023-10-10,"Himachal Pradesh Cricket Association Stadium, Dharamsala",1,17.4,England,Bangladesh,JM Bairstow,DJ Malan,Shakib Al Hasan,0,0,,,,,,,,,
1384398,2023/24,2023-10-10,"Himachal Pradesh Cricket Association Stadium, Dharamsala",1,17.5,England,Bangladesh,JM Bairstow,DJ Malan,Shakib Al Hasan,0,0,,,,,,bowled,JM Bairstow,,
1384398,2023/24,2023-10-10,"Himachal Pradesh Cricket Association Stadium, Dharamsala",1,17.6,England,Bangladesh,JE Root,DJ Malan,Shakib Al Hasan,1,0,,,,,,,,,
1384398,2023/24,2023-10-10,"Himachal Pradesh Cricket Association Stadium, Dharamsala",1,18.1,England,Bangladesh,JE Root,DJ Malan,Taskin Ahmed,0,0,,,,,,,,,
1384398,2023/24,2023-10-10,"Himachal Pradesh Cricket Association Stadium, Dharamsala",1,18.2,England,Bangladesh,JE Root,DJ Malan,Taskin Ahmed,0,0,,,,,,,,,
1384398,2023/24,2023-10-10,"Himachal Pradesh Cricket Association Stadium, Dharamsala",1,18.3,England,Bangladesh,JE Root,DJ Malan,Taskin Ahmed,2,0,,,,,,,,,
1384398,2023/24,2023-10-10,"Himachal Pradesh Cricket Association Stadium, Dharamsala",1,18.4,England,Bangladesh,JE Root,DJ Malan,Taskin Ahmed,1,0,,,,,,,,,
1384398,2023/24,2023-10-10,"Himachal Pradesh Cricket Association Stadium, Dharamsala",1,18.5,England,Bangladesh,DJ Malan,JE Root,Taskin Ahmed,4,0,,,,,,,,,
1384398,2023/24,2023-10-10,"Himachal Pradesh Cricket Association Stadium, Dharamsala",1,18.6,England,Bangladesh,DJ Malan,JE Root,Taskin Ahmed,0,0,,,,,,,,,
1384398,2023/24,2023-10-10,"Himachal Pradesh Cricket Association Stadium, Dharamsala",1,19.1,England,Bangladesh,JE Root,DJ Malan,Shakib Al Hasan,0,0,,,,,,,,,
1384398,2023/24,2023-10-10,"Himachal Pradesh Cricket Association Stadium, Dharamsala",1,19.2,England,Bangladesh,JE Root,DJ Malan,Shakib Al Hasan,1,0,,,,,,,,,
1384398,2023/24,2023-10-10,"Himachal Pradesh Cricket Association Stadium, Dharamsala",1,19.3,England,Bangladesh,DJ Malan,JE Root,Shakib Al Hasan,4,0,,,,,,,,,
1384398,2023/24,2023-10-10,"Himachal Pradesh Cricket Association Stadium, Dharamsala",1,19.4,England,Bangladesh,DJ Malan,JE Root,Shakib Al Hasan,0,0,,,,,,,,,
1384398,2023/24,2023-10-10,"Himachal Pradesh Cricket Association Stadium, Dharamsala",1,19.5,England,Bangladesh,DJ Malan,JE Root,Shakib Al Hasan,0,0,,,,,,,,,
1384398,2023/24,2023-10-10,"Himachal Pradesh Cricket Association Stadium, Dharamsala",1,19.6,England,Bangladesh,DJ Malan,JE Root,Shakib Al Hasan,0,0,,,,,,,,,
1384398,2023/24,2023-10-10,"Himachal Pradesh Cricket Association Stadium, Dharamsala",1,20.1,England,Bangladesh,JE Root,DJ Malan,Mehedi Hasan Miraz,1,0,,,,,,,,,
1384398,2023/24,2023-10-10,"Himachal Pradesh Cricket Association Stadium, Dharamsala",1,20.2,England,Bangladesh,DJ Malan,JE Root,Mehedi Hasan Miraz,1,0,,,,,,,,,
1384398,2023/24,2023-10-10,"Himachal Pradesh Cricket Association Stadium, Dharamsala",1,20.3,England,Bangladesh,JE Root,DJ Malan,Mehedi Hasan Miraz,4,0,,,,,,,,,
1384398,2023/24,2023-10-10,"Himachal Pradesh Cricket Association Stadium, Dharamsala",1,20.4,England,Bangladesh,JE Root,DJ Malan,Mehedi Hasan Miraz,0,0,,,,,,,,,
1384398,2023/24,2023-10-10,"Himachal Pradesh Cricket Association Stadium, Dharamsala",1,20.5,England,Bangladesh,JE Root,DJ Malan,Mehedi Hasan Miraz,1,0,,,,,,,,,
1384398,2023/24,2023-10-10,"Himachal Pradesh Cricket Association Stadium, Dharamsala",1,20.6,England,Bangladesh,DJ Malan,JE Root,Mehedi Hasan Miraz,1,0,,,,,,,,,
1384398,2023/24,2023-10-10,"Himachal Pradesh Cricket Association Stadium, Dharamsala",1,21.1,England,Bangladesh,DJ Malan,JE Root,Shakib Al Hasan,0,0,,,,,,,,,
1384398,2023/24,2023-10-10,"Himachal Pradesh Cricket Association Stadium, Dharamsala",1,21.2,England,Bangladesh,DJ Malan,JE Root,Shakib Al Hasan,1,0,,,,,,,,,
1384398,2023/24,2023-10-10,"Himachal Pradesh Cricket Association Stadium, Dharamsala",1,21.3,England,Bangladesh,JE Root,DJ Malan,Shakib Al Hasan,1,0,,,,,,,,,
1384398,2023/24,2023-10-10,"Himachal Pradesh Cricket Association Stadium, Dharamsala",1,21.4,England,Bangladesh,DJ Malan,JE Root,Shakib Al Hasan,2,0,,,,,,,,,
1384398,2023/24,2023-10-10,"Himachal Pradesh Cricket Association Stadium, Dharamsala",1,21.5,England,Bangladesh,DJ Malan,JE Root,Shakib Al Hasan,0,0,,,,,,,,,
1384398,2023/24,2023-10-10,"Himachal Pradesh Cricket Association Stadium, Dharamsala",1,21.6,England,Bangladesh,DJ Malan,JE Root,Shakib Al Hasan,0,0,,,,,,,,,
1384398,2023/24,2023-10-10,"Himachal Pradesh Cricket Association Stadium, Dharamsala",1,22.1,England,Bangladesh,JE Root,DJ Malan,Mustafizur Rahman,0,0,,,,,,,,,
1384398,2023/24,2023-10-10,"Himachal Pradesh Cricket Association Stadium, Dharamsala",1,22.2,England,Bangladesh,JE Root,DJ Malan,Mustafizur Rahman,1,0,,,,,,,,,
1384398,2023/24,2023-10-10,"Himachal Pradesh Cricket Association Stadium, Dharamsala",1,22.3,England,Bangladesh,DJ Malan,JE Root,Mustafizur Rahman,1,0,,,,,,,,,
1384398,2023/24,2023-10-10,"Himachal Pradesh Cricket Association Stadium, Dharamsala",1,22.4,England,Bangladesh,JE Root,DJ Malan,Mustafizur Rahman,0,0,,,,,,,,,
1384398,2023/24,2023-10-10,"Himachal Pradesh Cricket Association Stadium, Dharamsala",1,22.5,England,Bangladesh,JE Root,DJ Malan,Mustafizur Rahman,1,0,,,,,,,,,
1384398,2023/24,2023-10-10,"Himachal Pradesh Cricket Association Stadium, Dharamsala",1,22.6,England,Bangladesh,DJ Malan,JE Root,Mustafizur Rahman,0,0,,,,,,,,,
1384398,2023/24,2023-10-10,"Himachal Pradesh Cricket Association Stadium, Dharamsala",1,23.1,England,Bangladesh,JE Root,DJ Malan,Mehedi Hasan Miraz,1,0,,,,,,,,,
1384398,2023/24,2023-10-10,"Himachal Pradesh Cricket Association Stadium, Dharamsala",1,23.2,England,Bangladesh,DJ Malan,JE Root,Mehedi Hasan Miraz,1,0,,,,,,,,,
1384398,2023/24,2023-10-10,"Himachal Pradesh Cricket Association Stadium, Dharamsala",1,23.3,England,Bangladesh,JE Root,DJ Malan,Mehedi Hasan Miraz,1,0,,,,,,,,,
1384398,2023/24,2023-10-10,"Himachal Pradesh Cricket Association Stadium, Dharamsala",1,23.4,England,Bangladesh,DJ Malan,JE Root,Mehedi Hasan Miraz,0,0,,,,,,,,,
1384398,2023/24,2023-10-10,"Himachal Pradesh Cricket Association Stadium, Dharamsala",1,23.5,England,Bangladesh,DJ Malan,JE Root,Mehedi Hasan Miraz,0,0,,,,,,,,,
1384398,2023/24,2023-10-10,"Himachal Pradesh Cricket Association Stadium, Dharamsala",1,23.6,England,Bangladesh,DJ Malan,JE Root,Mehedi Hasan Miraz,1,0,,,,,,,,,
1384398,2023/24,2023-10-10,"Himachal Pradesh Cricket Association Stadium, Dharamsala",1,24.1,England,Bangladesh,DJ Malan,JE Root,Mustafizur Rahman,0,0,,,,,,,,,
1384398,2023/24,2023-10-10,"Himachal Pradesh Cricket Association Stadium, Dharamsala",1,24.2,England,Bangladesh,DJ Malan,JE Root,Mustafizur Rahman,1,0,,,,,,,,,
1384398,2023/24,2023-10-10,"Himachal Pradesh Cricket Association Stadium, Dharamsala",1,24.3,England,Bangladesh,JE Root,DJ Malan,Mustafizur Rahman,0,0,,,,,,,,,
1384398,2023/24,2023-10-10,"Himachal Pradesh Cricket Association Stadium, Dharamsala",1,24.4,England,Bangladesh,JE Root,DJ Malan,Mustafizur Rahman,0,0,,,,,,,,,
1384398,2023/24,2023-10-10,"Himachal Pradesh Cricket Association Stadium, Dharamsala",1,24.5,England,Bangladesh,JE Root,DJ Malan,Mustafizur Rahman,1,0,,,,,,,,,
1384398,2023/24,2023-10-10,"Himachal Pradesh Cricket Association Stadium, Dharamsala",1,24.6,England,Bangladesh,DJ Malan,JE Root,Mustafizur Rahman,0,0,,,,,,,,,
1384398,2023/24,2023-10-10,"Himachal Pradesh Cricket Association Stadium, Dharamsala",1,25.1,England,Bangladesh,JE Root,DJ Malan,Mehedi Hasan Miraz,0,0,,,,,,,,,
1384398,2023/24,2023-10-10,"Himachal Pradesh Cricket Association Stadium, Dharamsala",1,25.2,England,Bangladesh,JE Root,DJ Malan,Mehedi Hasan Miraz,1,0,,,,,,,,,
1384398,2023/24,2023-10-10,"Himachal Pradesh Cricket Association Stadium, Dharamsala",1,25.3,England,Bangladesh,DJ Malan,JE Root,Mehedi Hasan Miraz,1,0,,,,,,,,,
1384398,2023/24,2023-10-10,"Himachal Pradesh Cricket Association Stadium, Dharamsala",1,25.4,England,Bangladesh,JE Root,DJ Malan,Mehedi Hasan Miraz,1,0,,,,,,,,,
1384398,2023/24,2023-10-10,"Himachal Pradesh Cricket Association Stadium, Dharamsala",1,25.5,England,Bangladesh,DJ Malan,JE Root,Mehedi Hasan Miraz,2,0,,,,,,,,,
1384398,2023/24,2023-10-10,"Himachal Pradesh Cricket Association Stadium, Dharamsala",1,25.6,England,Bangladesh,DJ Malan,JE Root,Mehedi Hasan Miraz,1,0,,,,,,,,,
1384398,2023/24,2023-10-10,"Himachal Pradesh Cricket Association Stadium, Dharamsala",1,26.1,England,Bangladesh,DJ Malan,JE Root,Mustafizur Rahman,1,0,,,,,,,,,
1384398,2023/24,2023-10-10,"Himachal Pradesh Cricket Association Stadium, Dharamsala",1,26.2,England,Bangladesh,JE Root,DJ Malan,Mustafizur Rahman,1,0,,,,,,,,,
1384398,2023/24,2023-10-10,"Himachal Pradesh Cricket Association Stadium, Dharamsala",1,26.3,England,Bangladesh,DJ Malan,JE Root,Mustafizur Rahman,1,0,,,,,,,,,
1384398,2023/24,2023-10-10,"Himachal Pradesh Cricket Association Stadium, Dharamsala",1,26.4,England,Bangladesh,JE Root,DJ Malan,Mustafizur Rahman,6,0,,,,,,,,,
1384398,2023/24,2023-10-10,"Himachal Pradesh Cricket Association Stadium, Dharamsala",1,26.5,England,Bangladesh,JE Root,DJ Malan,Mustafizur Rahman,1,0,,,,,,,,,
1384398,2023/24,2023-10-10,"Himachal Pradesh Cricket Association Stadium, Dharamsala",1,26.6,England,Bangladesh,DJ Malan,JE Root,Mustafizur Rahman,0,0,,,,,,,,,
1384398,2023/24,2023-10-10,"Himachal Pradesh Cricket Association Stadium, Dharamsala",1,27.1,England,Bangladesh,JE Root,DJ Malan,Shakib Al Hasan,4,0,,,,,,,,,
1384398,2023/24,2023-10-10,"Himachal Pradesh Cricket Association Stadium, Dharamsala",1,27.2,England,Bangladesh,JE Root,DJ Malan,Shakib Al Hasan,1,0,,,,,,,,,
1384398,2023/24,2023-10-10,"Himachal Pradesh Cricket Association Stadium, Dharamsala",1,27.3,England,Bangladesh,DJ Malan,JE Root,Shakib Al Hasan,2,0,,,,,,,,,
1384398,2023/24,2023-10-10,"Himachal Pradesh Cricket Association Stadium, Dharamsala",1,27.4,England,Bangladesh,DJ Malan,JE Root,Shakib Al Hasan,1,0,,,,,,,,,
1384398,2023/24,2023-10-10,"Himachal Pradesh Cricket Association Stadium, Dharamsala",1,27.5,England,Bangladesh,JE Root,DJ Malan,Shakib Al Hasan,4,0,,,,,,,,,
1384398,2023/24,2023-10-10,"Himachal Pradesh Cricket Association Stadium, Dharamsala",1,27.6,England,Bangladesh,JE Root,DJ Malan,Shakib Al Hasan,0,0,,,,,,,,,
1384398,2023/24,2023-10-10,"Himachal Pradesh Cricket Association Stadium, Dharamsala",1,28.1,England,Bangladesh,DJ Malan,JE Root,Mahedi Hasan,0,0,,,,,,,,,
1384398,2023/24,2023-10-10,"Himachal Pradesh Cricket Association Stadium, Dharamsala",1,28.2,England,Bangladesh,DJ Malan,JE Root,Mahedi Hasan,1,0,,,,,,,,,
1384398,2023/24,2023-10-10,"Himachal Pradesh Cricket Association Stadium, Dharamsala",1,28.3,England,Bangladesh,JE Root,DJ Malan,Mahedi Hasan,1,0,,,,,,,,,
1384398,2023/24,2023-10-10,"Himachal Pradesh Cricket Association Stadium, Dharamsala",1,28.4,England,Bangladesh,DJ Malan,JE Root,Mahedi Hasan,4,0,,,,,,,,,
1384398,2023/24,2023-10-10,"Himachal Pradesh Cricket Association Stadium, Dharamsala",1,28.5,England,Bangladesh,DJ Malan,JE Root,Mahedi Hasan,0,0,,,,,,,,,
1384398,2023/24,2023-10-10,"Himachal Pradesh Cricket Association Stadium, Dharamsala",1,28.6,England,Bangladesh,DJ Malan,JE Root,Mahedi Hasan,1,0,,,,,,,,,
1384398,2023/24,2023-10-10,"Himachal Pradesh Cricket Association Stadium, Dharamsala",1,29.1,England,Bangladesh,DJ Malan,JE Root,Shakib Al Hasan,0,0,,,,,,,,,
1384398,2023/24,2023-10-10,"Himachal Pradesh Cricket Association Stadium, Dharamsala",1,29.2,England,Bangladesh,DJ Malan,JE Root,Shakib Al Hasan,1,0,,,,,,,,,
1384398,2023/24,2023-10-10,"Himachal Pradesh Cricket Association Stadium, Dharamsala",1,29.3,England,Bangladesh,JE Root,DJ Malan,Shakib Al Hasan,1,0,,,,,,,,,
1384398,2023/24,2023-10-10,"Himachal Pradesh Cricket Association Stadium, Dharamsala",1,29.4,England,Bangladesh,DJ Malan,JE Root,Shakib Al Hasan,1,0,,,,,,,,,
1384398,2023/24,2023-10-10,"Himachal Pradesh Cricket Association Stadium, Dharamsala",1,29.5,England,Bangladesh,JE Root,DJ Malan,Shakib Al Hasan,0,0,,,,,,,,,
1384398,2023/24,2023-10-10,"Himachal Pradesh Cricket Association Stadium, Dharamsala",1,29.6,England,Bangladesh,JE Root,DJ Malan,Shakib Al Hasan,0,0,,,,,,,,,
1384398,2023/24,2023-10-10,"Himachal Pradesh Cricket Association Stadium, Dharamsala",1,30.1,England,Bangladesh,DJ Malan,JE Root,Mahedi Hasan,0,0,,,,,,,,,
1384398,2023/24,2023-10-10,"Himachal Pradesh Cricket Association Stadium, Dharamsala",1,30.2,England,Bangladesh,DJ Malan,JE Root,Mahedi Hasan,1,0,,,,,,,,,
1384398,2023/24,2023-10-10,"Himachal Pradesh Cricket Association Stadium, Dharamsala",1,30.3,England,Bangladesh,JE Root,DJ Malan,Mahedi Hasan,1,0,,,,,,,,,
1384398,2023/24,2023-10-10,"Himachal Pradesh Cricket Association Stadium, Dharamsala",1,30.4,England,Bangladesh,DJ Malan,JE Root,Mahedi Hasan,1,0,,,,,,,,,
1384398,2023/24,2023-10-10,"Himachal Pradesh Cricket Association Stadium, Dharamsala",1,30.5,England,Bangladesh,JE Root,DJ Malan,Mahedi Hasan,1,0,,,,,,,,,
1384398,2023/24,2023-10-10,"Himachal Pradesh Cricket Association Stadium, Dharamsala",1,30.6,England,Bangladesh,DJ Malan,JE Root,Mahedi Hasan,2,0,,,,,,,,,
1384398,2023/24,2023-10-10,"Himachal Pradesh Cricket Association Stadium, Dharamsala",1,31.1,England,Bangladesh,JE Root,DJ Malan,Shakib Al Hasan,1,0,,,,,,,,,
1384398,2023/24,2023-10-10,"Himachal Pradesh Cricket Association Stadium, Dharamsala",1,31.2,England,Bangladesh,DJ Malan,JE Root,Shakib Al Hasan,1,0,,,,,,,,,
1384398,2023/24,2023-10-10,"Himachal Pradesh Cricket Association Stadium, Dharamsala",1,31.3,England,Bangladesh,JE Root,DJ Malan,Shakib Al Hasan,2,0,,,,,,,,,
1384398,2023/24,2023-10-10,"Himachal Pradesh Cricket Association Stadium, Dharamsala",1,31.4,England,Bangladesh,JE Root,DJ Malan,Shakib Al Hasan,1,0,,,,,,,,,
1384398,2023/24,2023-10-10,"Himachal Pradesh Cricket Association Stadium, Dharamsala",1,31.5,England,Bangladesh,DJ Malan,JE Root,Shakib Al Hasan,1,0,,,,,,,,,
1384398,2023/24,2023-10-10,"Himachal Pradesh Cricket Association Stadium, Dharamsala",1,31.6,England,Bangladesh,JE Root,DJ Malan,Shakib Al Hasan,0,0,,,,,,,,,
1384398,2023/24,2023-10-10,"Himachal Pradesh Cricket Association Stadium, Dharamsala",1,32.1,England,Bangladesh,DJ Malan,JE Root,Mehedi Hasan Miraz,1,0,,,,,,,,,
1384398,2023/24,2023-10-10,"Himachal Pradesh Cricket Association Stadium, Dharamsala",1,32.2,England,Bangladesh,JE Root,DJ Malan,Mehedi Hasan Miraz,1,0,,,,,,,,,
1384398,2023/24,2023-10-10,"Himachal Pradesh Cricket Association Stadium, Dharamsala",1,32.3,England,Bangladesh,DJ Malan,JE Root,Mehedi Hasan Miraz,4,0,,,,,,,,,
1384398,2023/24,2023-10-10,"Himachal Pradesh Cricket Association Stadium, Dharamsala",1,32.4,England,Bangladesh,DJ Malan,JE Root,Mehedi Hasan Miraz,6,0,,,,,,,,,
1384398,2023/24,2023-10-10,"Himachal Pradesh Cricket Association Stadium, Dharamsala",1,32.5,England,Bangladesh,DJ Malan,JE Root,Mehedi Hasan Miraz,6,0,,,,,,,,,
1384398,2023/24,2023-10-10,"Himachal Pradesh Cricket Association Stadium, Dharamsala",1,32.6,England,Bangladesh,DJ Malan,JE Root,Mehedi Hasan Miraz,4,0,,,,,,,,,
1384398,2023/24,2023-10-10,"Himachal Pradesh Cricket Association Stadium, Dharamsala",1,33.1,England,Bangladesh,JE Root,DJ Malan,Shoriful Islam,1,0,,,,,,,,,
1384398,2023/24,2023-10-10,"Himachal Pradesh Cricket Association Stadium, Dharamsala",1,33.2,England,Bangladesh,DJ Malan,JE Root,Shoriful Islam,1,0,,,,,,,,,
1384398,2023/24,2023-10-10,"Himachal Pradesh Cricket Association Stadium, Dharamsala",1,33.3,England,Bangladesh,JE Root,DJ Malan,Shoriful Islam,4,0,,,,,,,,,
1384398,2023/24,2023-10-10,"Himachal Pradesh Cricket Association Stadium, Dharamsala",1,33.4,England,Bangladesh,JE Root,DJ Malan,Shoriful Islam,1,0,,,,,,,,,
1384398,2023/24,2023-10-10,"Himachal Pradesh Cricket Association Stadium, Dharamsala",1,33.5,England,Bangladesh,DJ Malan,JE Root,Shoriful Islam,0,0,,,,,,,,,
1384398,2023/24,2023-10-10,"Himachal Pradesh Cricket Association Stadium, Dharamsala",1,33.6,England,Bangladesh,DJ Malan,JE Root,Shoriful Islam,4,0,,,,,,,,,
1384398,2023/24,2023-10-10,"Himachal Pradesh Cricket Association Stadium, Dharamsala",1,34.1,England,Bangladesh,JE Root,DJ Malan,Taskin Ahmed,2,0,,,,,,,,,
1384398,2023/24,2023-10-10,"Himachal Pradesh Cricket Association Stadium, Dharamsala",1,34.2,England,Bangladesh,JE Root,DJ Malan,Taskin Ahmed,0,1,1,,,,,,,,
1384398,2023/24,2023-10-10,"Himachal Pradesh Cricket Association Stadium, Dharamsala",1,34.3,England,Bangladesh,JE Root,DJ Malan,Taskin Ahmed,0,1,1,,,,,,,,
1384398,2023/24,2023-10-10,"Himachal Pradesh Cricket Association Stadium, Dharamsala",1,34.4,England,Bangladesh,JE Root,DJ Malan,Taskin Ahmed,0,0,,,,,,,,,
1384398,2023/24,2023-10-10,"Himachal Pradesh Cricket Association Stadium, Dharamsala",1,34.5,England,Bangladesh,JE Root,DJ Malan,Taskin Ahmed,0,0,,,,,,,,,
1384398,2023/24,2023-10-10,"Himachal Pradesh Cricket Association Stadium, Dharamsala",1,34.6,England,Bangladesh,JE Root,DJ Malan,Taskin Ahmed,1,0,,,,,,,,,
1384398,2023/24,2023-10-10,"Himachal Pradesh Cricket Association Stadium, Dharamsala",1,34.7,England,Bangladesh,DJ Malan,JE Root,Taskin Ahmed,1,0,,,,,,,,,
1384398,2023/24,2023-10-10,"Himachal Pradesh Cricket Association Stadium, Dharamsala",1,34.8,England,Bangladesh,JE Root,DJ Malan,Taskin Ahmed,1,0,,,,,,,,,
1384398,2023/24,2023-10-10,"Himachal Pradesh Cricket Association Stadium, Dharamsala",1,35.1,England,Bangladesh,JE Root,DJ Malan,Shoriful Islam,2,0,,,,,,,,,
1384398,2023/24,2023-10-10,"Himachal Pradesh Cricket Association Stadium, Dharamsala",1,35.2,England,Bangladesh,JE Root,DJ Malan,Shoriful Islam,4,0,,,,,,,,,
1384398,2023/24,2023-10-10,"Himachal Pradesh Cricket Association Stadium, Dharamsala",1,35.3,England,Bangladesh,JE Root,DJ Malan,Shoriful Islam,0,0,,,,,,,,,
1384398,2023/24,2023-10-10,"Himachal Pradesh Cricket Association Stadium, Dharamsala",1,35.4,England,Bangladesh,JE Root,DJ Malan,Shoriful Islam,2,0,,,,,,,,,
1384398,2023/24,2023-10-10,"Himachal Pradesh Cricket Association Stadium, Dharamsala",1,35.5,England,Bangladesh,JE Root,DJ Malan,Shoriful Islam,0,0,,,,,,,,,
1384398,2023/24,2023-10-10,"Himachal Pradesh Cricket Association Stadium, Dharamsala",1,35.6,England,Bangladesh,JE Root,DJ Malan,Shoriful Islam,4,0,,,,,,,,,
1384398,2023/24,2023-10-10,"Himachal Pradesh Cricket Association Stadium, Dharamsala",1,36.1,England,Bangladesh,DJ Malan,JE Root,Taskin Ahmed,6,0,,,,,,,,,
1384398,2023/24,2023-10-10,"Himachal Pradesh Cricket Association Stadium, Dharamsala",1,36.2,England,Bangladesh,DJ Malan,JE Root,Taskin Ahmed,1,0,,,,,,,,,
1384398,2023/24,2023-10-10,"Himachal Pradesh Cricket Association Stadium, Dharamsala",1,36.3,England,Bangladesh,JE Root,DJ Malan,Taskin Ahmed,1,0,,,,,,,,,
1384398,2023/24,2023-10-10,"Himachal Pradesh Cricket Association Stadium, Dharamsala",1,36.4,England,Bangladesh,DJ Malan,JE Root,Taskin Ahmed,1,0,,,,,,,,,
1384398,2023/24,2023-10-10,"Himachal Pradesh Cricket Association Stadium, Dharamsala",1,36.5,England,Bangladesh,JE Root,DJ Malan,Taskin Ahmed,1,0,,,,,,,,,
1384398,2023/24,2023-10-10,"Himachal Pradesh Cricket Association Stadium, Dharamsala",1,36.6,England,Bangladesh,DJ Malan,JE Root,Taskin Ahmed,0,1,,,,1,,,,,
1384398,2023/24,2023-10-10,"Himachal Pradesh Cricket Association Stadium, Dharamsala",1,37.1,England,Bangladesh,DJ Malan,JE Root,Mahedi Hasan,4,0,,,,,,,,,
1384398,2023/24,2023-10-10,"Himachal Pradesh Cricket Association Stadium, Dharamsala",1,37.2,England,Bangladesh,DJ Malan,JE Root,Mahedi Hasan,0,0,,,,,,bowled,DJ Malan,,
1384398,2023/24,2023-10-10,"Himachal Pradesh Cricket Association Stadium, Dharamsala",1,37.3,England,Bangladesh,JC Buttler,JE Root,Mahedi Hasan,2,0,,,,,,,,,
1384398,2023/24,2023-10-10,"Himachal Pradesh Cricket Association Stadium, Dharamsala",1,37.4,England,Bangladesh,JC Buttler,JE Root,Mahedi Hasan,6,0,,,,,,,,,
1384398,2023/24,2023-10-10,"Himachal Pradesh Cricket Association Stadium, Dharamsala",1,37.5,England,Bangladesh,JC Buttler,JE Root,Mahedi Hasan,1,0,,,,,,,,,
1384398,2023/24,2023-10-10,"Himachal Pradesh Cricket Association Stadium, Dharamsala",1,37.6,England,Bangladesh,JE Root,JC Buttler,Mahedi Hasan,4,0,,,,,,,,,
1384398,2023/24,2023-10-10,"Himachal Pradesh Cricket Association Stadium, Dharamsala",1,38.1,England,Bangladesh,JC Buttler,JE Root,Mustafizur Rahman,2,0,,,,,,,,,
1384398,2023/24,2023-10-10,"Himachal Pradesh Cricket Association Stadium, Dharamsala",1,38.2,England,Bangladesh,JC Buttler,JE Root,Mustafizur Rahman,1,0,,,,,,,,,
1384398,2023/24,2023-10-10,"Himachal Pradesh Cricket Association Stadium, Dharamsala",1,38.3,England,Bangladesh,JE Root,JC Buttler,Mustafizur Rahman,1,0,,,,,,,,,
1384398,2023/24,2023-10-10,"Himachal Pradesh Cricket Association Stadium, Dharamsala",1,38.4,England,Bangladesh,JC Buttler,JE Root,Mustafizur Rahman,2,0,,,,,,,,,
1384398,2023/24,2023-10-10,"Himachal Pradesh Cricket Association Stadium, Dharamsala",1,38.5,England,Bangladesh,JC Buttler,JE Root,Mustafizur Rahman,1,0,,,,,,,,,
1384398,2023/24,2023-10-10,"Himachal Pradesh Cricket Association Stadium, Dharamsala",1,38.6,England,Bangladesh,JE Root,JC Buttler,Mustafizur Rahman,4,0,,,,,,,,,
1384398,2023/24,2023-10-10,"Himachal Pradesh Cricket Association Stadium, Dharamsala",1,39.1,England,Bangladesh,JC Buttler,JE Root,Shoriful Islam,4,0,,,,,,,,,
1384398,2023/24,2023-10-10,"Himachal Pradesh Cricket Association Stadium, Dharamsala",1,39.2,England,Bangladesh,JC Buttler,JE Root,Shoriful Islam,1,0,,,,,,,,,
1384398,2023/24,2023-10-10,"Himachal Pradesh Cricket Association Stadium, Dharamsala",1,39.3,England,Bangladesh,JE Root,JC Buttler,Shoriful Islam,1,0,,,,,,,,,
1384398,2023/24,2023-10-10,"Himachal Pradesh Cricket Association Stadium, Dharamsala",1,39.4,England,Bangladesh,JC Buttler,JE Root,Shoriful Islam,0,0,,,,,,bowled,JC Buttler,,
1384398,2023/24,2023-10-10,"Himachal Pradesh Cricket Association Stadium, Dharamsala",1,39.5,England,Bangladesh,HC Brook,JE Root,Shoriful Islam,1,0,,,,,,,,,
1384398,2023/24,2023-10-10,"Himachal Pradesh Cricket Association Stadium, Dharamsala",1,39.6,England,Bangladesh,JE Root,HC Brook,Shoriful Islam,1,0,,,,,,,,,
1384398,2023/24,2023-10-10,"Himachal Pradesh Cricket Association Stadium, Dharamsala",1,40.1,England,Bangladesh,JE Root,HC Brook,Mustafizur Rahman,1,0,,,,,,,,,
1384398,2023/24,2023-10-10,"Himachal Pradesh Cricket Association Stadium, Dharamsala",1,40.2,England,Bangladesh,HC Brook,JE Root,Mustafizur Rahman,2,0,,,,,,,,,
1384398,2023/24,2023-10-10,"Himachal Pradesh Cricket Association Stadium, Dharamsala",1,40.3,England,Bangladesh,HC Brook,JE Root,Mustafizur Rahman,1,0,,,,,,,,,
1384398,2023/24,2023-10-10,"Himachal Pradesh Cricket Association Stadium, Dharamsala",1,40.4,England,Bangladesh,JE Root,HC Brook,Mustafizur Rahman,0,0,,,,,,,,,
1384398,2023/24,2023-10-10,"Himachal Pradesh Cricket Association Stadium, Dharamsala",1,40.5,England,Bangladesh,JE Root,HC Brook,Mustafizur Rahman,1,0,,,,,,,,,
1384398,2023/24,2023-10-10,"Himachal Pradesh Cricket Association Stadium, Dharamsala",1,40.6,England,Bangladesh,HC Brook,JE Root,Mustafizur Rahman,1,0,,,,,,,,,
1384398,2023/24,2023-10-10,"Himachal Pradesh Cricket Association Stadium, Dharamsala",1,41.1,England,Bangladesh,HC Brook,JE Root,Shoriful Islam,1,0,,,,,,,,,
1384398,2023/24,2023-10-10,"Himachal Pradesh Cricket Association Stadium, Dharamsala",1,41.2,England,Bangladesh,JE Root,HC Brook,Shoriful Islam,0,1,,,,1,,,,,
1384398,2023/24,2023-10-10,"Himachal Pradesh Cricket Association Stadium, Dharamsala",1,41.3,England,Bangladesh,HC Brook,JE Root,Shoriful Islam,0,0,,,,,,,,,
1384398,2023/24,2023-10-10,"Himachal Pradesh Cricket Association Stadium, Dharamsala",1,41.4,England,Bangladesh,HC Brook,JE Root,Shoriful Islam,1,0,,,,,,,,,
1384398,2023/24,2023-10-10,"Himachal Pradesh Cricket Association Stadium, Dharamsala",1,41.5,England,Bangladesh,JE Root,HC Brook,Shoriful Islam,0,0,,,,,,caught,JE Root,,
1384398,2023/24,2023-10-10,"Himachal Pradesh Cricket Association Stadium, Dharamsala",1,41.6,England,Bangladesh,LS Livingstone,HC Brook,Shoriful Islam,0,0,,,,,,bowled,LS Livingstone,,
1384398,2023/24,2023-10-10,"Himachal Pradesh Cricket Association Stadium, Dharamsala",1,42.1,England,Bangladesh,HC Brook,SM Curran,Mustafizur Rahman,4,0,,,,,,,,,
1384398,2023/24,2023-10-10,"Himachal Pradesh Cricket Association Stadium, Dharamsala",1,42.2,England,Bangladesh,HC Brook,SM Curran,Mustafizur Rahman,0,0,,,,,,,,,
1384398,2023/24,2023-10-10,"Himachal Pradesh Cricket Association Stadium, Dharamsala",1,42.3,England,Bangladesh,HC Brook,SM Curran,Mustafizur Rahman,1,0,,,,,,,,,
1384398,2023/24,2023-10-10,"Himachal Pradesh Cricket Association Stadium, Dharamsala",1,42.4,England,Bangladesh,SM Curran,HC Brook,Mustafizur Rahman,1,0,,,,,,,,,
1384398,2023/24,2023-10-10,"Himachal Pradesh Cricket Association Stadium, Dharamsala",1,42.5,England,Bangladesh,HC Brook,SM Curran,Mustafizur Rahman,4,0,,,,,,,,,
1384398,2023/24,2023-10-10,"Himachal Pradesh Cricket Association Stadium, Dharamsala",1,42.6,England,Bangladesh,HC Brook,SM Curran,Mustafizur Rahman,0,0,,,,,,,,,
1384398,2023/24,2023-10-10,"Himachal Pradesh Cricket Association Stadium, Dharamsala",1,43.1,England,Bangladesh,SM Curran,HC Brook,Shoriful Islam,2,0,,,,,,,,,
1384398,2023/24,2023-10-10,"Himachal Pradesh Cricket Association Stadium, Dharamsala",1,43.2,England,Bangladesh,SM Curran,HC Brook,Shoriful Islam,0,0,,,,,,,,,
1384398,2023/24,2023-10-10,"Himachal Pradesh Cricket Association Stadium, Dharamsala",1,43.3,England,Bangladesh,SM Curran,HC Brook,Shoriful Islam,0,0,,,,,,,,,
1384398,2023/24,2023-10-10,"Himachal Pradesh Cricket Association Stadium, Dharamsala",1,43.4,England,Bangladesh,SM Curran,HC Brook,Shoriful Islam,0,0,,,,,,,,,
1384398,2023/24,2023-10-10,"Himachal Pradesh Cricket Association Stadium, Dharamsala",1,43.5,England,Bangladesh,SM Curran,HC Brook,Shoriful Islam,4,0,,,,,,,,,
1384398,2023/24,2023-10-10,"Himachal Pradesh Cricket Association Stadium, Dharamsala",1,43.6,England,Bangladesh,SM Curran,HC Brook,Shoriful Islam,0,0,,,,,,,,,
1384398,2023/24,2023-10-10,"Himachal Pradesh Cricket Association Stadium, Dharamsala",1,44.1,England,Bangladesh,HC Brook,SM Curran,Mahedi Hasan,0,0,,,,,,,,,
1384398,2023/24,2023-10-10,"Himachal Pradesh Cricket Association Stadium, Dharamsala",1,44.2,England,Bangladesh,HC Brook,SM Curran,Mahedi Hasan,4,0,,,,,,,,,
1384398,2023/24,2023-10-10,"Himachal Pradesh Cricket Association Stadium, Dharamsala",1,44.3,England,Bangladesh,HC Brook,SM Curran,Mahedi Hasan,0,0,,,,,,caught,HC Brook,,
1384398,2023/24,2023-10-10,"Himachal Pradesh Cricket Association Stadium, Dharamsala",1,44.4,England,Bangladesh,CR Woakes,SM Curran,Mahedi Hasan,1,0,,,,,,,,,
1384398,2023/24,2023-10-10,"Himachal Pradesh Cricket Association Stadium, Dharamsala",1,44.5,England,Bangladesh,SM Curran,CR Woakes,Mahedi Hasan,0,0,,,,,,,,,
1384398,2023/24,2023-10-10,"Himachal Pradesh Cricket Association Stadium, Dharamsala",1,44.6,England,Bangladesh,SM Curran,CR Woakes,Mahedi Hasan,1,0,,,,,,,,,
1384398,2023/24,2023-10-10,"Himachal Pradesh Cricket Association Stadium, Dharamsala",1,45.1,England,Bangladesh,SM Curran,CR Woakes,Shoriful Islam,0,0,,,,,,,,,
1384398,2023/24,2023-10-10,"Himachal Pradesh Cricket Association Stadium, Dharamsala",1,45.2,England,Bangladesh,SM Curran,CR Woakes,Shoriful Islam,1,0,,,,,,,,,
1384398,2023/24,2023-10-10,"Himachal Pradesh Cricket Association Stadium, Dharamsala",1,45.3,England,Bangladesh,CR Woakes,SM Curran,Shoriful Islam,1,0,,,,,,,,,
1384398,2023/24,2023-10-10,"Himachal Pradesh Cricket Association Stadium, Dharamsala",1,45.4,England,Bangladesh,SM Curran,CR Woakes,Shoriful Islam,2,0,,,,,,,,,
1384398,2023/24,2023-10-10,"Himachal Pradesh Cricket Association Stadium, Dharamsala",1,45.5,England,Bangladesh,SM Curran,CR Woakes,Shoriful Islam,0,0,,,,,,,,,
1384398,2023/24,2023-10-10,"Himachal Pradesh Cricket Association Stadium, Dharamsala",1,45.6,England,Bangladesh,SM Curran,CR Woakes,Shoriful Islam,0,0,,,,,,,,,
1384398,2023/24,2023-10-10,"Himachal Pradesh Cricket Association Stadium, Dharamsala",1,46.1,England,Bangladesh,CR Woakes,SM Curran,Mahedi Hasan,0,0,,,,,,,,,
1384398,2023/24,2023-10-10,"Himachal Pradesh Cricket Association Stadium, Dharamsala",1,46.2,England,Bangladesh,CR Woakes,SM Curran,Mahedi Hasan,0,0,,,,,,,,,
1384398,2023/24,2023-10-10,"Himachal Pradesh Cricket Association Stadium, Dharamsala",1,46.3,England,Bangladesh,CR Woakes,SM Curran,Mahedi Hasan,1,0,,,,,,,,,
1384398,2023/24,2023-10-10,"Himachal Pradesh Cricket Association Stadium, Dharamsala",1,46.4,England,Bangladesh,SM Curran,CR Woakes,Mahedi Hasan,0,0,,,,,,caught,SM Curran,,
1384398,2023/24,2023-10-10,"Himachal Pradesh Cricket Association Stadium, Dharamsala",1,46.5,England,Bangladesh,AU Rashid,CR Woakes,Mahedi Hasan,1,0,,,,,,,,,
1384398,2023/24,2023-10-10,"Himachal Pradesh Cricket Association Stadium, Dharamsala",1,46.6,England,Bangladesh,CR Woakes,AU Rashid,Mahedi Hasan,2,0,,,,,,,,,
1384398,2023/24,2023-10-10,"Himachal Pradesh Cricket Association Stadium, Dharamsala",1,47.1,England,Bangladesh,AU Rashid,CR Woakes,Shoriful Islam,1,0,,,,,,,,,
1384398,2023/24,2023-10-10,"Himachal Pradesh Cricket Association Stadium, Dharamsala",1,47.2,England,Bangladesh,CR Woakes,AU Rashid,Shoriful Islam,1,0,,,,,,,,,
1384398,2023/24,2023-10-10,"Himachal Pradesh Cricket Association Stadium, Dharamsala",1,47.3,England,Bangladesh,AU Rashid,CR Woakes,Shoriful Islam,2,0,,,,,,,,,
1384398,2023/24,2023-10-10,"Himachal Pradesh Cricket Association Stadium, Dharamsala",1,47.4,England,Bangladesh,AU Rashid,CR Woakes,Shoriful Islam,1,0,,,,,,,,,
1384398,2023/24,2023-10-10,"Himachal Pradesh Cricket Association Stadium, Dharamsala",1,47.5,England,Bangladesh,CR Woakes,AU Rashid,Shoriful Islam,0,0,,,,,,,,,
1384398,2023/24,2023-10-10,"Himachal Pradesh Cricket Association Stadium, Dharamsala",1,47.6,England,Bangladesh,CR Woakes,AU Rashid,Shoriful Islam,4,0,,,,,,,,,
1384398,2023/24,2023-10-10,"Himachal Pradesh Cricket Association Stadium, Dharamsala",1,48.1,England,Bangladesh,AU Rashid,CR Woakes,Mahedi Hasan,2,0,,,,,,,,,
1384398,2023/24,2023-10-10,"Himachal Pradesh Cricket Association Stadium, Dharamsala",1,48.2,England,Bangladesh,AU Rashid,CR Woakes,Mahedi Hasan,4,0,,,,,,,,,
1384398,2023/24,2023-10-10,"Himachal Pradesh Cricket Association Stadium, Dharamsala",1,48.3,England,Bangladesh,AU Rashid,CR Woakes,Mahedi Hasan,0,0,,,,,,caught,AU Rashid,,
1384398,2023/24,2023-10-10,"Himachal Pradesh Cricket Association Stadium, Dharamsala",1,48.4,England,Bangladesh,MA Wood,CR Woakes,Mahedi Hasan,2,0,,,,,,,,,
1384398,2023/24,2023-10-10,"Himachal Pradesh Cricket Association Stadium, Dharamsala",1,48.5,England,Bangladesh,MA Wood,CR Woakes,Mahedi Hasan,4,0,,,,,,,,,
1384398,2023/24,2023-10-10,"Himachal Pradesh Cricket Association Stadium, Dharamsala",1,48.6,England,Bangladesh,MA Wood,CR Woakes,Mahedi Hasan,0,0,,,,,,,,,
1384398,2023/24,2023-10-10,"Himachal Pradesh Cricket Association Stadium, Dharamsala",1,49.1,England,Bangladesh,CR Woakes,MA Wood,Taskin Ahmed,4,0,,,,,,,,,
1384398,2023/24,2023-10-10,"Himachal Pradesh Cricket Association Stadium, Dharamsala",1,49.2,England,Bangladesh,CR Woakes,MA Wood,Taskin Ahmed,0,0,,,,,,caught,CR Woakes,,
1384398,2023/24,2023-10-10,"Himachal Pradesh Cricket Association Stadium, Dharamsala",1,49.3,England,Bangladesh,RJW Topley,MA Wood,Taskin Ahmed,0,0,,,,,,,,,
1384398,2023/24,2023-10-10,"Himachal Pradesh Cricket Association Stadium, Dharamsala",1,49.4,England,Bangladesh,RJW Topley,MA Wood,Taskin Ahmed,1,0,,,,,,,,,
1384398,2023/24,2023-10-10,"Himachal Pradesh Cricket Association Stadium, Dharamsala",1,49.5,England,Bangladesh,MA Wood,RJW Topley,Taskin Ahmed,0,0,,,,,,,,,
1384398,2023/24,2023-10-10,"Himachal Pradesh Cricket Association Stadium, Dharamsala",1,49.6,England,Bangladesh,MA Wood,RJW Topley,Taskin Ahmed,0,1,,,1,,,,,,
1384398,2023/24,2023-10-10,"Himachal Pradesh Cricket Association Stadium, Dharamsala",2,0.1,Bangladesh,England,Liton Das,Tanzid Hasan,CR Woakes,0,0,,,,,,,,,
1384398,2023/24,2023-10-10,"Himachal Pradesh Cricket Association Stadium, Dharamsala",2,0.2,Bangladesh,England,Liton Das,Tanzid Hasan,CR Woakes,0,0,,,,,,,,,
1384398,2023/24,2023-10-10,"Himachal Pradesh Cricket Association Stadium, Dharamsala",2,0.3,Bangladesh,England,Liton Das,Tanzid Hasan,CR Woakes,4,0,,,,,,,,,
1384398,2023/24,2023-10-10,"Himachal Pradesh Cricket Association Stadium, Dharamsala",2,0.4,Bangladesh,England,Liton Das,Tanzid Hasan,CR Woakes,4,0,,,,,,,,,
1384398,2023/24,2023-10-10,"Himachal Pradesh Cricket Association Stadium, Dharamsala",2,0.5,Bangladesh,England,Liton Das,Tanzid Hasan,CR Woakes,4,0,,,,,,,,,
1384398,2023/24,2023-10-10,"Himachal Pradesh Cricket Association Stadium, Dharamsala",2,0.6,Bangladesh,England,Liton Das,Tanzid Hasan,CR Woakes,0,0,,,,,,,,,
1384398,2023/24,2023-10-10,"Himachal Pradesh Cricket Association Stadium, Dharamsala",2,1.1,Bangladesh,England,Tanzid Hasan,Liton Das,RJW Topley,1,0,,,,,,,,,
1384398,2023/24,2023-10-10,"Himachal Pradesh Cricket Association Stadium, Dharamsala",2,1.2,Bangladesh,England,Liton Das,Tanzid Hasan,RJW Topley,0,0,,,,,,,,,
1384398,2023/24,2023-10-10,"Himachal Pradesh Cricket Association Stadium, Dharamsala",2,1.3,Bangladesh,England,Liton Das,Tanzid Hasan,RJW Topley,0,1,,,,1,,,,,
1384398,2023/24,2023-10-10,"Himachal Pradesh Cricket Association Stadium, Dharamsala",2,1.4,Bangladesh,England,Tanzid Hasan,Liton Das,RJW Topley,0,0,,,,,,caught,Tanzid Hasan,,
1384398,2023/24,2023-10-10,"Himachal Pradesh Cricket Association Stadium, Dharamsala",2,1.5,Bangladesh,England,Nazmul Hossain Shanto,Liton Das,RJW Topley,0,0,,,,,,caught,Nazmul Hossain Shanto,,
1384398,2023/24,2023-10-10,"Himachal Pradesh Cricket Association Stadium, Dharamsala",2,1.6,Bangladesh,England,Shakib Al Hasan,Liton Das,RJW Topley,0,0,,,,,,,,,
1384398,2023/24,2023-10-10,"Himachal Pradesh Cricket Association Stadium, Dharamsala",2,2.1,Bangladesh,England,Liton Das,Shakib Al Hasan,CR Woakes,1,0,,,,,,,,,
1384398,2023/24,2023-10-10,"Himachal Pradesh Cricket Association Stadium, Dharamsala",2,2.2,Bangladesh,England,Shakib Al Hasan,Liton Das,CR Woakes,1,0,,,,,,,,,
1384398,2023/24,2023-10-10,"Himachal Pradesh Cricket Association Stadium, Dharamsala",2,2.3,Bangladesh,England,Liton Das,Shakib Al Hasan,CR Woakes,0,0,,,,,,,,,
1384398,2023/24,2023-10-10,"Himachal Pradesh Cricket Association Stadium, Dharamsala",2,2.4,Bangladesh,England,Liton Das,Shakib Al Hasan,CR Woakes,1,0,,,,,,,,,
1384398,2023/24,2023-10-10,"Himachal Pradesh Cricket Association Stadium, Dharamsala",2,2.5,Bangladesh,England,Shakib Al Hasan,Liton Das,CR Woakes,0,0,,,,,,,,,
1384398,2023/24,2023-10-10,"Himachal Pradesh Cricket Association Stadium, Dharamsala",2,2.6,Bangladesh,England,Shakib Al Hasan,Liton Das,CR Woakes,0,0,,,,,,,,,
1384398,2023/24,2023-10-10,"Himachal Pradesh Cricket Association Stadium, Dharamsala",2,3.1,Bangladesh,England,Liton Das,Shakib Al Hasan,RJW Topley,4,0,,,,,,,,,
1384398,2023/24,2023-10-10,"Himachal Pradesh Cricket Association Stadium, Dharamsala",2,3.2,Bangladesh,England,Liton Das,Shakib Al Hasan,RJW Topley,0,0,,,,,,,,,
1384398,2023/24,2023-10-10,"Himachal Pradesh Cricket Association Stadium, Dharamsala",2,3.3,Bangladesh,England,Liton Das,Shakib Al Hasan,RJW Topley,0,0,,,,,,,,,
1384398,2023/24,2023-10-10,"Himachal Pradesh Cricket Association Stadium, Dharamsala",2,3.4,Bangladesh,England,Liton Das,Shakib Al Hasan,RJW Topley,0,0,,,,,,,,,
1384398,2023/24,2023-10-10,"Himachal Pradesh Cricket Association Stadium, Dharamsala",2,3.5,Bangladesh,England,Liton Das,Shakib Al Hasan,RJW Topley,0,1,,,,1,,,,,
1384398,2023/24,2023-10-10,"Himachal Pradesh Cricket Association Stadium, Dharamsala",2,3.6,Bangladesh,England,Shakib Al Hasan,Liton Das,RJW Topley,0,0,,,,,,,,,
1384398,2023/24,2023-10-10,"Himachal Pradesh Cricket Association Stadium, Dharamsala",2,4.1,Bangladesh,England,Liton Das,Shakib Al Hasan,CR Woakes,0,0,,,,,,,,,
1384398,2023/24,2023-10-10,"Himachal Pradesh Cricket Association Stadium, Dharamsala",2,4.2,Bangladesh,England,Liton Das,Shakib Al Hasan,CR Woakes,0,0,,,,,,,,,
1384398,2023/24,2023-10-10,"Himachal Pradesh Cricket Association Stadium, Dharamsala",2,4.3,Bangladesh,England,Liton Das,Shakib Al Hasan,CR Woakes,0,0,,,,,,,,,
1384398,2023/24,2023-10-10,"Himachal Pradesh Cricket Association Stadium, Dharamsala",2,4.4,Bangladesh,England,Liton Das,Shakib Al Hasan,CR Woakes,4,0,,,,,,,,,
1384398,2023/24,2023-10-10,"Himachal Pradesh Cricket Association Stadium, Dharamsala",2,4.5,Bangladesh,England,Liton Das,Shakib Al Hasan,CR Woakes,0,0,,,,,,,,,
1384398,2023/24,2023-10-10,"Himachal Pradesh Cricket Association Stadium, Dharamsala",2,4.6,Bangladesh,England,Liton Das,Shakib Al Hasan,CR Woakes,0,0,,,,,,,,,
1384398,2023/24,2023-10-10,"Himachal Pradesh Cricket Association Stadium, Dharamsala",2,5.1,Bangladesh,England,Shakib Al Hasan,Liton Das,RJW Topley,0,0,,,,,,,,,
1384398,2023/24,2023-10-10,"Himachal Pradesh Cricket Association Stadium, Dharamsala",2,5.2,Bangladesh,England,Shakib Al Hasan,Liton Das,RJW Topley,0,0,,,,,,,,,
1384398,2023/24,2023-10-10,"Himachal Pradesh Cricket Association Stadium, Dharamsala",2,5.3,Bangladesh,England,Shakib Al Hasan,Liton Das,RJW Topley,0,0,,,,,,,,,
1384398,2023/24,2023-10-10,"Himachal Pradesh Cricket Association Stadium, Dharamsala",2,5.4,Bangladesh,England,Shakib Al Hasan,Liton Das,RJW Topley,0,0,,,,,,bowled,Shakib Al Hasan,,
1384398,2023/24,2023-10-10,"Himachal Pradesh Cricket Association Stadium, Dharamsala",2,5.5,Bangladesh,England,Mehedi Hasan Miraz,Liton Das,RJW Topley,0,0,,,,,,,,,
1384398,2023/24,2023-10-10,"Himachal Pradesh Cricket Association Stadium, Dharamsala",2,5.6,Bangladesh,England,Mehedi Hasan Miraz,Liton Das,RJW Topley,0,0,,,,,,,,,
1384398,2023/24,2023-10-10,"Himachal Pradesh Cricket Association Stadium, Dharamsala",2,6.1,Bangladesh,England,Liton Das,Mehedi Hasan Miraz,CR Woakes,1,0,,,,,,,,,
1384398,2023/24,2023-10-10,"Himachal Pradesh Cricket Association Stadium, Dharamsala",2,6.2,Bangladesh,England,Mehedi Hasan Miraz,Liton Das,CR Woakes,4,0,,,,,,,,,
1384398,2023/24,2023-10-10,"Himachal Pradesh Cricket Association Stadium, Dharamsala",2,6.3,Bangladesh,England,Mehedi Hasan Miraz,Liton Das,CR Woakes,3,0,,,,,,,,,
1384398,2023/24,2023-10-10,"Himachal Pradesh Cricket Association Stadium, Dharamsala",2,6.4,Bangladesh,England,Liton Das,Mehedi Hasan Miraz,CR Woakes,4,0,,,,,,,,,
1384398,2023/24,2023-10-10,"Himachal Pradesh Cricket Association Stadium, Dharamsala",2,6.5,Bangladesh,England,Liton Das,Mehedi Hasan Miraz,CR Woakes,0,0,,,,,,,,,
1384398,2023/24,2023-10-10,"Himachal Pradesh Cricket Association Stadium, Dharamsala",2,6.6,Bangladesh,England,Liton Das,Mehedi Hasan Miraz,CR Woakes,3,0,,,,,,,,,
1384398,2023/24,2023-10-10,"Himachal Pradesh Cricket Association Stadium, Dharamsala",2,7.1,Bangladesh,England,Liton Das,Mehedi Hasan Miraz,RJW Topley,2,0,,,,,,,,,
1384398,2023/24,2023-10-10,"Himachal Pradesh Cricket Association Stadium, Dharamsala",2,7.2,Bangladesh,England,Liton Das,Mehedi Hasan Miraz,RJW Topley,1,0,,,,,,,,,
1384398,2023/24,2023-10-10,"Himachal Pradesh Cricket Association Stadium, Dharamsala",2,7.3,Bangladesh,England,Mehedi Hasan Miraz,Liton Das,RJW Topley,1,0,,,,,,,,,
1384398,2023/24,2023-10-10,"Himachal Pradesh Cricket Association Stadium, Dharamsala",2,7.4,Bangladesh,England,Liton Das,Mehedi Hasan Miraz,RJW Topley,0,0,,,,,,,,,
1384398,2023/24,2023-10-10,"Himachal Pradesh Cricket Association Stadium, Dharamsala",2,7.5,Bangladesh,England,Liton Das,Mehedi Hasan Miraz,RJW Topley,1,0,,,,,,,,,
1384398,2023/24,2023-10-10,"Himachal Pradesh Cricket Association Stadium, Dharamsala",2,7.6,Bangladesh,England,Mehedi Hasan Miraz,Liton Das,RJW Topley,0,0,,,,,,,,,
1384398,2023/24,2023-10-10,"Himachal Pradesh Cricket Association Stadium, Dharamsala",2,8.1,Bangladesh,England,Liton Das,Mehedi Hasan Miraz,CR Woakes,2,0,,,,,,,,,
1384398,2023/24,2023-10-10,"Himachal Pradesh Cricket Association Stadium, Dharamsala",2,8.2,Bangladesh,England,Liton Das,Mehedi Hasan Miraz,CR Woakes,1,0,,,,,,,,,
1384398,2023/24,2023-10-10,"Himachal Pradesh Cricket Association Stadium, Dharamsala",2,8.3,Bangladesh,England,Mehedi Hasan Miraz,Liton Das,CR Woakes,0,0,,,,,,caught,Mehedi Hasan Miraz,,
1384398,2023/24,2023-10-10,"Himachal Pradesh Cricket Association Stadium, Dharamsala",2,8.4,Bangladesh,England,Mushfiqur Rahim,Liton Das,CR Woakes,0,0,,,,,,,,,
1384398,2023/24,2023-10-10,"Himachal Pradesh Cricket Association Stadium, Dharamsala",2,8.5,Bangladesh,England,Mushfiqur Rahim,Liton Das,CR Woakes,0,0,,,,,,,,,
1384398,2023/24,2023-10-10,"Himachal Pradesh Cricket Association Stadium, Dharamsala",2,8.6,Bangladesh,England,Mushfiqur Rahim,Liton Das,CR Woakes,0,0,,,,,,,,,
1384398,2023/24,2023-10-10,"Himachal Pradesh Cricket Association Stadium, Dharamsala",2,9.1,Bangladesh,England,Liton Das,Mushfiqur Rahim,RJW Topley,1,0,,,,,,,,,
1384398,2023/24,2023-10-10,"Himachal Pradesh Cricket Association Stadium, Dharamsala",2,9.2,Bangladesh,England,Mushfiqur Rahim,Liton Das,RJW Topley,0,0,,,,,,,,,
1384398,2023/24,2023-10-10,"Himachal Pradesh Cricket Association Stadium, Dharamsala",2,9.3,Bangladesh,England,Mushfiqur Rahim,Liton Das,RJW Topley,0,0,,,,,,,,,
1384398,2023/24,2023-10-10,"Himachal Pradesh Cricket Association Stadium, Dharamsala",2,9.4,Bangladesh,England,Mushfiqur Rahim,Liton Das,RJW Topley,1,0,,,,,,,,,
1384398,2023/24,2023-10-10,"Himachal Pradesh Cricket Association Stadium, Dharamsala",2,9.5,Bangladesh,England,Liton Das,Mushfiqur Rahim,RJW Topley,0,0,,,,,,,,,
1384398,2023/24,2023-10-10,"Himachal Pradesh Cricket Association Stadium, Dharamsala",2,9.6,Bangladesh,England,Liton Das,Mushfiqur Rahim,RJW Topley,6,0,,,,,,,,,
1384398,2023/24,2023-10-10,"Himachal Pradesh Cricket Association Stadium, Dharamsala",2,10.1,Bangladesh,England,Mushfiqur Rahim,Liton Das,SM Curran,1,0,,,,,,,,,
1384398,2023/24,2023-10-10,"Himachal Pradesh Cricket Association Stadium, Dharamsala",2,10.2,Bangladesh,England,Liton Das,Mushfiqur Rahim,SM Curran,4,0,,,,,,,,,
1384398,2023/24,2023-10-10,"Himachal Pradesh Cricket Association Stadium, Dharamsala",2,10.3,Bangladesh,England,Liton Das,Mushfiqur Rahim,SM Curran,1,0,,,,,,,,,
1384398,2023/24,2023-10-10,"Himachal Pradesh Cricket Association Stadium, Dharamsala",2,10.4,Bangladesh,England,Mushfiqur Rahim,Liton Das,SM Curran,1,0,,,,,,,,,
1384398,2023/24,2023-10-10,"Himachal Pradesh Cricket Association Stadium, Dharamsala",2,10.5,Bangladesh,England,Liton Das,Mushfiqur Rahim,SM Curran,1,0,,,,,,,,,
1384398,2023/24,2023-10-10,"Himachal Pradesh Cricket Association Stadium, Dharamsala",2,10.6,Bangladesh,England,Mushfiqur Rahim,Liton Das,SM Curran,0,0,,,,,,,,,
1384398,2023/24,2023-10-10,"Himachal Pradesh Cricket Association Stadium, Dharamsala",2,11.1,Bangladesh,England,Liton Das,Mushfiqur Rahim,MA Wood,0,0,,,,,,,,,
1384398,2023/24,2023-10-10,"Himachal Pradesh Cricket Association Stadium, Dharamsala",2,11.2,Bangladesh,England,Liton Das,Mushfiqur Rahim,MA Wood,0,0,,,,,,,,,
1384398,2023/24,2023-10-10,"Himachal Pradesh Cricket Association Stadium, Dharamsala",2,11.3,Bangladesh,England,Liton Das,Mushfiqur Rahim,MA Wood,1,0,,,,,,,,,
1384398,2023/24,2023-10-10,"Himachal Pradesh Cricket Association Stadium, Dharamsala",2,11.4,Bangladesh,England,Mushfiqur Rahim,Liton Das,MA Wood,1,0,,,,,,,,,
1384398,2023/24,2023-10-10,"Himachal Pradesh Cricket Association Stadium, Dharamsala",2,11.5,Bangladesh,England,Liton Das,Mushfiqur Rahim,MA Wood,1,0,,,,,,,,,
1384398,2023/24,2023-10-10,"Himachal Pradesh Cricket Association Stadium, Dharamsala",2,11.6,Bangladesh,England,Mushfiqur Rahim,Liton Das,MA Wood,0,0,,,,,,,,,
1384398,2023/24,2023-10-10,"Himachal Pradesh Cricket Association Stadium, Dharamsala",2,12.1,Bangladesh,England,Liton Das,Mushfiqur Rahim,SM Curran,0,0,,,,,,,,,
1384398,2023/24,2023-10-10,"Himachal Pradesh Cricket Association Stadium, Dharamsala",2,12.2,Bangladesh,England,Liton Das,Mushfiqur Rahim,SM Curran,1,0,,,,,,,,,
1384398,2023/24,2023-10-10,"Himachal Pradesh Cricket Association Stadium, Dharamsala",2,12.3,Bangladesh,England,Mushfiqur Rahim,Liton Das,SM Curran,0,0,,,,,,,,,
1384398,2023/24,2023-10-10,"Himachal Pradesh Cricket Association Stadium, Dharamsala",2,12.4,Bangladesh,England,Mushfiqur Rahim,Liton Das,SM Curran,1,0,,,,,,,,,
1384398,2023/24,2023-10-10,"Himachal Pradesh Cricket Association Stadium, Dharamsala",2,12.5,Bangladesh,England,Liton Das,Mushfiqur Rahim,SM Curran,1,0,,,,,,,,,
1384398,2023/24,2023-10-10,"Himachal Pradesh Cricket Association Stadium, Dharamsala",2,12.6,Bangladesh,England,Mushfiqur Rahim,Liton Das,SM Curran,0,0,,,,,,,,,
1384398,2023/24,2023-10-10,"Himachal Pradesh Cricket Association Stadium, Dharamsala",2,13.1,Bangladesh,England,Liton Das,Mushfiqur Rahim,MA Wood,0,0,,,,,,,,,
1384398,2023/24,2023-10-10,"Himachal Pradesh Cricket Association Stadium, Dharamsala",2,13.2,Bangladesh,England,Liton Das,Mushfiqur Rahim,MA Wood,1,0,,,,,,,,,
1384398,2023/24,2023-10-10,"Himachal Pradesh Cricket Association Stadium, Dharamsala",2,13.3,Bangladesh,England,Mushfiqur Rahim,Liton Das,MA Wood,0,0,,,,,,,,,
1384398,2023/24,2023-10-10,"Himachal Pradesh Cricket Association Stadium, Dharamsala",2,13.4,Bangladesh,England,Mushfiqur Rahim,Liton Das,MA Wood,0,0,,,,,,,,,
1384398,2023/24,2023-10-10,"Himachal Pradesh Cricket Association Stadium, Dharamsala",2,13.5,Bangladesh,England,Mushfiqur Rahim,Liton Das,MA Wood,1,0,,,,,,,,,
1384398,2023/24,2023-10-10,"Himachal Pradesh Cricket Association Stadium, Dharamsala",2,13.6,Bangladesh,England,Liton Das,Mushfiqur Rahim,MA Wood,1,0,,,,,,,,,
1384398,2023/24,2023-10-10,"Himachal Pradesh Cricket Association Stadium, Dharamsala",2,14.1,Bangladesh,England,Liton Das,Mushfiqur Rahim,SM Curran,1,0,,,,,,,,,
1384398,2023/24,2023-10-10,"Himachal Pradesh Cricket Association Stadium, Dharamsala",2,14.2,Bangladesh,England,Mushfiqur Rahim,Liton Das,SM Curran,1,0,,,,,,,,,
1384398,2023/24,2023-10-10,"Himachal Pradesh Cricket Association Stadium, Dharamsala",2,14.3,Bangladesh,England,Liton Das,Mushfiqur Rahim,SM Curran,1,0,,,,,,,,,
1384398,2023/24,2023-10-10,"Himachal Pradesh Cricket Association Stadium, Dharamsala",2,14.4,Bangladesh,England,Mushfiqur Rahim,Liton Das,SM Curran,0,1,1,,,,,,,,
1384398,2023/24,2023-10-10,"Himachal Pradesh Cricket Association Stadium, Dharamsala",2,14.5,Bangladesh,England,Mushfiqur Rahim,Liton Das,SM Curran,1,0,,,,,,,,,
1384398,2023/24,2023-10-10,"Himachal Pradesh Cricket Association Stadium, Dharamsala",2,14.6,Bangladesh,England,Liton Das,Mushfiqur Rahim,SM Curran,1,0,,,,,,,,,
1384398,2023/24,2023-10-10,"Himachal Pradesh Cricket Association Stadium, Dharamsala",2,14.7,Bangladesh,England,Mushfiqur Rahim,Liton Das,SM Curran,1,0,,,,,,,,,
1384398,2023/24,2023-10-10,"Himachal Pradesh Cricket Association Stadium, Dharamsala",2,15.1,Bangladesh,England,Mushfiqur Rahim,Liton Das,MA Wood,4,0,,,,,,,,,
1384398,2023/24,2023-10-10,"Himachal Pradesh Cricket Association Stadium, Dharamsala",2,15.2,Bangladesh,England,Mushfiqur Rahim,Liton Das,MA Wood,0,0,,,,,,,,,
1384398,2023/24,2023-10-10,"Himachal Pradesh Cricket Association Stadium, Dharamsala",2,15.3,Bangladesh,England,Mushfiqur Rahim,Liton Das,MA Wood,0,0,,,,,,,,,
1384398,2023/24,2023-10-10,"Himachal Pradesh Cricket Association Stadium, Dharamsala",2,15.4,Bangladesh,England,Mushfiqur Rahim,Liton Das,MA Wood,0,0,,,,,,,,,
1384398,2023/24,2023-10-10,"Himachal Pradesh Cricket Association Stadium, Dharamsala",2,15.5,Bangladesh,England,Mushfiqur Rahim,Liton Das,MA Wood,1,0,,,,,,,,,
1384398,2023/24,2023-10-10,"Himachal Pradesh Cricket Association Stadium, Dharamsala",2,15.6,Bangladesh,England,Liton Das,Mushfiqur Rahim,MA Wood,1,0,,,,,,,,,
1384398,2023/24,2023-10-10,"Himachal Pradesh Cricket Association Stadium, Dharamsala",2,16.1,Bangladesh,England,Liton Das,Mushfiqur Rahim,SM Curran,1,0,,,,,,,,,
1384398,2023/24,2023-10-10,"Himachal Pradesh Cricket Association Stadium, Dharamsala",2,16.2,Bangladesh,England,Mushfiqur Rahim,Liton Das,SM Curran,1,0,,,,,,,,,
1384398,2023/24,2023-10-10,"Himachal Pradesh Cricket Association Stadium, Dharamsala",2,16.3,Bangladesh,England,Liton Das,Mushfiqur Rahim,SM Curran,0,0,,,,,,,,,
1384398,2023/24,2023-10-10,"Himachal Pradesh Cricket Association Stadium, Dharamsala",2,16.4,Bangladesh,England,Liton Das,Mushfiqur Rahim,SM Curran,2,0,,,,,,,,,
1384398,2023/24,2023-10-10,"Himachal Pradesh Cricket Association Stadium, Dharamsala",2,16.5,Bangladesh,England,Liton Das,Mushfiqur Rahim,SM Curran,1,0,,,,,,,,,
1384398,2023/24,2023-10-10,"Himachal Pradesh Cricket Association Stadium, Dharamsala",2,16.6,Bangladesh,England,Mushfiqur Rahim,Liton Das,SM Curran,1,0,,,,,,,,,
1384398,2023/24,2023-10-10,"Himachal Pradesh Cricket Association Stadium, Dharamsala",2,17.1,Bangladesh,England,Mushfiqur Rahim,Liton Das,MA Wood,0,0,,,,,,,,,
1384398,2023/24,2023-10-10,"Himachal Pradesh Cricket Association Stadium, Dharamsala",2,17.2,Bangladesh,England,Mushfiqur Rahim,Liton Das,MA Wood,1,0,,,,,,,,,
1384398,2023/24,2023-10-10,"Himachal Pradesh Cricket Association Stadium, Dharamsala",2,17.3,Bangladesh,England,Liton Das,Mushfiqur Rahim,MA Wood,0,0,,,,,,,,,
1384398,2023/24,2023-10-10,"Himachal Pradesh Cricket Association Stadium, Dharamsala",2,17.4,Bangladesh,England,Liton Das,Mushfiqur Rahim,MA Wood,1,0,,,,,,,,,
1384398,2023/24,2023-10-10,"Himachal Pradesh Cricket Association Stadium, Dharamsala",2,17.5,Bangladesh,England,Mushfiqur Rahim,Liton Das,MA Wood,0,0,,,,,,,,,
1384398,2023/24,2023-10-10,"Himachal Pradesh Cricket Association Stadium, Dharamsala",2,17.6,Bangladesh,England,Mushfiqur Rahim,Liton Das,MA Wood,1,0,,,,,,,,,
1384398,2023/24,2023-10-10,"Himachal Pradesh Cricket Association Stadium, Dharamsala",2,18.1,Bangladesh,England,Mushfiqur Rahim,Liton Das,SM Curran,4,0,,,,,,,,,
1384398,2023/24,2023-10-10,"Himachal Pradesh Cricket Association Stadium, Dharamsala",2,18.2,Bangladesh,England,Mushfiqur Rahim,Liton Das,SM Curran,1,0,,,,,,,,,
1384398,2023/24,2023-10-10,"Himachal Pradesh Cricket Association Stadium, Dharamsala",2,18.3,Bangladesh,England,Liton Das,Mushfiqur Rahim,SM Curran,1,0,,,,,,,,,
1384398,2023/24,2023-10-10,"Himachal Pradesh Cricket Association Stadium, Dharamsala",2,18.4,Bangladesh,England,Mushfiqur Rahim,Liton Das,SM Curran,4,0,,,,,,,,,
1384398,2023/24,2023-10-10,"Himachal Pradesh Cricket Association Stadium, Dharamsala",2,18.5,Bangladesh,England,Mushfiqur Rahim,Liton Das,SM Curran,0,0,,,,,,,,,
1384398,2023/24,2023-10-10,"Himachal Pradesh Cricket Association Stadium, Dharamsala",2,18.6,Bangladesh,England,Mushfiqur Rahim,Liton Das,SM Curran,0,0,,,,,,,,,
1384398,2023/24,2023-10-10,"Himachal Pradesh Cricket Association Stadium, Dharamsala",2,19.1,Bangladesh,England,Liton Das,Mushfiqur Rahim,AU Rashid,0,0,,,,,,,,,
1384398,2023/24,2023-10-10,"Himachal Pradesh Cricket Association Stadium, Dharamsala",2,19.2,Bangladesh,England,Liton Das,Mushfiqur Rahim,AU Rashid,1,0,,,,,,,,,
1384398,2023/24,2023-10-10,"Himachal Pradesh Cricket Association Stadium, Dharamsala",2,19.3,Bangladesh,England,Mushfiqur Rahim,Liton Das,AU Rashid,1,0,,,,,,,,,
1384398,2023/24,2023-10-10,"Himachal Pradesh Cricket Association Stadium, Dharamsala",2,19.4,Bangladesh,England,Liton Das,Mushfiqur Rahim,AU Rashid,1,0,,,,,,,,,
1384398,2023/24,2023-10-10,"Himachal Pradesh Cricket Association Stadium, Dharamsala",2,19.5,Bangladesh,England,Mushfiqur Rahim,Liton Das,AU Rashid,1,0,,,,,,,,,
1384398,2023/24,2023-10-10,"Himachal Pradesh Cricket Association Stadium, Dharamsala",2,19.6,Bangladesh,England,Liton Das,Mushfiqur Rahim,AU Rashid,6,0,,,,,,,,,
1384398,2023/24,2023-10-10,"Himachal Pradesh Cricket Association Stadium, Dharamsala",2,20.1,Bangladesh,England,Mushfiqur Rahim,Liton Das,CR Woakes,1,0,,,,,,,,,
1384398,2023/24,2023-10-10,"Himachal Pradesh Cricket Association Stadium, Dharamsala",2,20.2,Bangladesh,England,Liton Das,Mushfiqur Rahim,CR Woakes,1,0,,,,,,,,,
1384398,2023/24,2023-10-10,"Himachal Pradesh Cricket Association Stadium, Dharamsala",2,20.3,Bangladesh,England,Mushfiqur Rahim,Liton Das,CR Woakes,1,0,,,,,,,,,
1384398,2023/24,2023-10-10,"Himachal Pradesh Cricket Association Stadium, Dharamsala",2,20.4,Bangladesh,England,Liton Das,Mushfiqur Rahim,CR Woakes,1,0,,,,,,,,,
1384398,2023/24,2023-10-10,"Himachal Pradesh Cricket Association Stadium, Dharamsala",2,20.5,Bangladesh,England,Mushfiqur Rahim,Liton Das,CR Woakes,1,0,,,,,,,,,
1384398,2023/24,2023-10-10,"Himachal Pradesh Cricket Association Stadium, Dharamsala",2,20.6,Bangladesh,England,Liton Das,Mushfiqur Rahim,CR Woakes,0,0,,,,,,caught,Liton Das,,
1384398,2023/24,2023-10-10,"Himachal Pradesh Cricket Association Stadium, Dharamsala",2,21.1,Bangladesh,England,Mushfiqur Rahim,Towhid Hridoy,AU Rashid,1,0,,,,,,,,,
1384398,2023/24,2023-10-10,"Himachal Pradesh Cricket Association Stadium, Dharamsala",2,21.2,Bangladesh,England,Towhid Hridoy,Mushfiqur Rahim,AU Rashid,1,0,,,,,,,,,
1384398,2023/24,2023-10-10,"Himachal Pradesh Cricket Association Stadium, Dharamsala",2,21.3,Bangladesh,England,Mushfiqur Rahim,Towhid Hridoy,AU Rashid,1,0,,,,,,,,,
1384398,2023/24,2023-10-10,"Himachal Pradesh Cricket Association Stadium, Dharamsala",2,21.4,Bangladesh,England,Towhid Hridoy,Mushfiqur Rahim,AU Rashid,1,0,,,,,,,,,
1384398,2023/24,2023-10-10,"Himachal Pradesh Cricket Association Stadium, Dharamsala",2,21.5,Bangladesh,England,Mushfiqur Rahim,Towhid Hridoy,AU Rashid,1,0,,,,,,,,,
1384398,2023/24,2023-10-10,"Himachal Pradesh Cricket Association Stadium, Dharamsala",2,21.6,Bangladesh,England,Towhid Hridoy,Mushfiqur Rahim,AU Rashid,0,0,,,,,,,,,
1384398,2023/24,2023-10-10,"Himachal Pradesh Cricket Association Stadium, Dharamsala",2,22.1,Bangladesh,England,Mushfiqur Rahim,Towhid Hridoy,CR Woakes,1,0,,,,,,,,,
1384398,2023/24,2023-10-10,"Himachal Pradesh Cricket Association Stadium, Dharamsala",2,22.2,Bangladesh,England,Towhid Hridoy,Mushfiqur Rahim,CR Woakes,1,0,,,,,,,,,
1384398,2023/24,2023-10-10,"Himachal Pradesh Cricket Association Stadium, Dharamsala",2,22.3,Bangladesh,England,Mushfiqur Rahim,Towhid Hridoy,CR Woakes,1,0,,,,,,,,,
1384398,2023/24,2023-10-10,"Himachal Pradesh Cricket Association Stadium, Dharamsala",2,22.4,Bangladesh,England,Towhid Hridoy,Mushfiqur Rahim,CR Woakes,0,0,,,,,,,,,
1384398,2023/24,2023-10-10,"Himachal Pradesh Cricket Association Stadium, Dharamsala",2,22.5,Bangladesh,England,Towhid Hridoy,Mushfiqur Rahim,CR Woakes,2,0,,,,,,,,,
1384398,2023/24,2023-10-10,"Himachal Pradesh Cricket Association Stadium, Dharamsala",2,22.6,Bangladesh,England,Towhid Hridoy,Mushfiqur Rahim,CR Woakes,0,0,,,,,,,,,
1384398,2023/24,2023-10-10,"Himachal Pradesh Cricket Association Stadium, Dharamsala",2,23.1,Bangladesh,England,Mushfiqur Rahim,Towhid Hridoy,AU Rashid,0,0,,,,,,,,,
1384398,2023/24,2023-10-10,"Himachal Pradesh Cricket Association Stadium, Dharamsala",2,23.2,Bangladesh,England,Mushfiqur Rahim,Towhid Hridoy,AU Rashid,0,0,,,,,,,,,
1384398,2023/24,2023-10-10,"Himachal Pradesh Cricket Association Stadium, Dharamsala",2,23.3,Bangladesh,England,Mushfiqur Rahim,Towhid Hridoy,AU Rashid,1,0,,,,,,,,,
1384398,2023/24,2023-10-10,"Himachal Pradesh Cricket Association Stadium, Dharamsala",2,23.4,Bangladesh,England,Towhid Hridoy,Mushfiqur Rahim,AU Rashid,0,0,,,,,,,,,
1384398,2023/24,2023-10-10,"Himachal Pradesh Cricket Association Stadium, Dharamsala",2,23.5,Bangladesh,England,Towhid Hridoy,Mushfiqur Rahim,AU Rashid,1,0,,,,,,,,,
1384398,2023/24,2023-10-10,"Himachal Pradesh Cricket Association Stadium, Dharamsala",2,23.6,Bangladesh,England,Mushfiqur Rahim,Towhid Hridoy,AU Rashid,0,0,,,,,,,,,
1384398,2023/24,2023-10-10,"Himachal Pradesh Cricket Association Stadium, Dharamsala",2,24.1,Bangladesh,England,Towhid Hridoy,Mushfiqur Rahim,CR Woakes,0,0,,,,,,,,,
1384398,2023/24,2023-10-10,"Himachal Pradesh Cricket Association Stadium, Dharamsala",2,24.2,Bangladesh,England,Towhid Hridoy,Mushfiqur Rahim,CR Woakes,0,0,,,,,,,,,
1384398,2023/24,2023-10-10,"Himachal Pradesh Cricket Association Stadium, Dharamsala",2,24.3,Bangladesh,England,Towhid Hridoy,Mushfiqur Rahim,CR Woakes,0,0,,,,,,,,,
1384398,2023/24,2023-10-10,"Himachal Pradesh Cricket Association Stadium, Dharamsala",2,24.4,Bangladesh,England,Towhid Hridoy,Mushfiqur Rahim,CR Woakes,0,0,,,,,,,,,
1384398,2023/24,2023-10-10,"Himachal Pradesh Cricket Association Stadium, Dharamsala",2,24.5,Bangladesh,England,Towhid Hridoy,Mushfiqur Rahim,CR Woakes,0,0,,,,,,,,,
1384398,2023/24,2023-10-10,"Himachal Pradesh Cricket Association Stadium, Dharamsala",2,24.6,Bangladesh,England,Towhid Hridoy,Mushfiqur Rahim,CR Woakes,2,0,,,,,,,,,
1384398,2023/24,2023-10-10,"Himachal Pradesh Cricket Association Stadium, Dharamsala",2,25.1,Bangladesh,England,Mushfiqur Rahim,Towhid Hridoy,AU Rashid,1,0,,,,,,,,,
1384398,2023/24,2023-10-10,"Himachal Pradesh Cricket Association Stadium, Dharamsala",2,25.2,Bangladesh,England,Towhid Hridoy,Mushfiqur Rahim,AU Rashid,0,0,,,,,,,,,
1384398,2023/24,2023-10-10,"Himachal Pradesh Cricket Association Stadium, Dharamsala",2,25.3,Bangladesh,England,Towhid Hridoy,Mushfiqur Rahim,AU Rashid,0,0,,,,,,,,,
1384398,2023/24,2023-10-10,"Himachal Pradesh Cricket Association Stadium, Dharamsala",2,25.4,Bangladesh,England,Towhid Hridoy,Mushfiqur Rahim,AU Rashid,0,0,,,,,,,,,
1384398,2023/24,2023-10-10,"Himachal Pradesh Cricket Association Stadium, Dharamsala",2,25.5,Bangladesh,England,Towhid Hridoy,Mushfiqur Rahim,AU Rashid,0,0,,,,,,,,,
1384398,2023/24,2023-10-10,"Himachal Pradesh Cricket Association Stadium, Dharamsala",2,25.6,Bangladesh,England,Towhid Hridoy,Mushfiqur Rahim,AU Rashid,1,0,,,,,,,,,
1384398,2023/24,2023-10-10,"Himachal Pradesh Cricket Association Stadium, Dharamsala",2,26.1,Bangladesh,England,Towhid Hridoy,Mushfiqur Rahim,RJW Topley,1,0,,,,,,,,,
1384398,2023/24,2023-10-10,"Himachal Pradesh Cricket Association Stadium, Dharamsala",2,26.2,Bangladesh,England,Mushfiqur Rahim,Towhid Hridoy,RJW Topley,0,0,,,,,,,,,
1384398,2023/24,2023-10-10,"Himachal Pradesh Cricket Association Stadium, Dharamsala",2,26.3,Bangladesh,England,Mushfiqur Rahim,Towhid Hridoy,RJW Topley,0,0,,,,,,,,,
1384398,2023/24,2023-10-10,"Himachal Pradesh Cricket Association Stadium, Dharamsala",2,26.4,Bangladesh,England,Mushfiqur Rahim,Towhid Hridoy,RJW Topley,0,0,,,,,,,,,
1384398,2023/24,2023-10-10,"Himachal Pradesh Cricket Association Stadium, Dharamsala",2,26.5,Bangladesh,England,Mushfiqur Rahim,Towhid Hridoy,RJW Topley,2,0,,,,,,,,,
1384398,2023/24,2023-10-10,"Himachal Pradesh Cricket Association Stadium, Dharamsala",2,26.6,Bangladesh,England,Mushfiqur Rahim,Towhid Hridoy,RJW Topley,4,0,,,,,,,,,
1384398,2023/24,2023-10-10,"Himachal Pradesh Cricket Association Stadium, Dharamsala",2,27.1,Bangladesh,England,Towhid Hridoy,Mushfiqur Rahim,AU Rashid,2,0,,,,,,,,,
1384398,2023/24,2023-10-10,"Himachal Pradesh Cricket Association Stadium, Dharamsala",2,27.2,Bangladesh,England,Towhid Hridoy,Mushfiqur Rahim,AU Rashid,0,0,,,,,,,,,
1384398,2023/24,2023-10-10,"Himachal Pradesh Cricket Association Stadium, Dharamsala",2,27.3,Bangladesh,England,Towhid Hridoy,Mushfiqur Rahim,AU Rashid,0,0,,,,,,,,,
1384398,2023/24,2023-10-10,"Himachal Pradesh Cricket Association Stadium, Dharamsala",2,27.4,Bangladesh,England,Towhid Hridoy,Mushfiqur Rahim,AU Rashid,1,0,,,,,,,,,
1384398,2023/24,2023-10-10,"Himachal Pradesh Cricket Association Stadium, Dharamsala",2,27.5,Bangladesh,England,Mushfiqur Rahim,Towhid Hridoy,AU Rashid,1,0,,,,,,,,,
1384398,2023/24,2023-10-10,"Himachal Pradesh Cricket Association Stadium, Dharamsala",2,27.6,Bangladesh,England,Towhid Hridoy,Mushfiqur Rahim,AU Rashid,0,0,,,,,,,,,
1384398,2023/24,2023-10-10,"Himachal Pradesh Cricket Association Stadium, Dharamsala",2,28.1,Bangladesh,England,Mushfiqur Rahim,Towhid Hridoy,RJW Topley,1,0,,,,,,,,,
1384398,2023/24,2023-10-10,"Himachal Pradesh Cricket Association Stadium, Dharamsala",2,28.2,Bangladesh,England,Towhid Hridoy,Mushfiqur Rahim,RJW Topley,4,0,,,,,,,,,
1384398,2023/24,2023-10-10,"Himachal Pradesh Cricket Association Stadium, Dharamsala",2,28.3,Bangladesh,England,Towhid Hridoy,Mushfiqur Rahim,RJW Topley,0,0,,,,,,,,,
1384398,2023/24,2023-10-10,"Himachal Pradesh Cricket Association Stadium, Dharamsala",2,28.4,Bangladesh,England,Towhid Hridoy,Mushfiqur Rahim,RJW Topley,0,0,,,,,,,,,
1384398,2023/24,2023-10-10,"Himachal Pradesh Cricket Association Stadium, Dharamsala",2,28.5,Bangladesh,England,Towhid Hridoy,Mushfiqur Rahim,RJW Topley,1,0,,,,,,,,,
1384398,2023/24,2023-10-10,"Himachal Pradesh Cricket Association Stadium, Dharamsala",2,28.6,Bangladesh,England,Mushfiqur Rahim,Towhid Hridoy,RJW Topley,1,0,,,,,,,,,
1384398,2023/24,2023-10-10,"Himachal Pradesh Cricket Association Stadium, Dharamsala",2,29.1,Bangladesh,England,Mushfiqur Rahim,Towhid Hridoy,AU Rashid,1,0,,,,,,,,,
1384398,2023/24,2023-10-10,"Himachal Pradesh Cricket Association Stadium, Dharamsala",2,29.2,Bangladesh,England,Towhid Hridoy,Mushfiqur Rahim,AU Rashid,1,0,,,,,,,,,
1384398,2023/24,2023-10-10,"Himachal Pradesh Cricket Association Stadium, Dharamsala",2,29.3,Bangladesh,England,Mushfiqur Rahim,Towhid Hridoy,AU Rashid,1,0,,,,,,,,,
1384398,2023/24,2023-10-10,"Himachal Pradesh Cricket Association Stadium, Dharamsala",2,29.4,Bangladesh,England,Towhid Hridoy,Mushfiqur Rahim,AU Rashid,2,0,,,,,,,,,
1384398,2023/24,2023-10-10,"Himachal Pradesh Cricket Association Stadium, Dharamsala",2,29.5,Bangladesh,England,Towhid Hridoy,Mushfiqur Rahim,AU Rashid,0,0,,,,,,,,,
1384398,2023/24,2023-10-10,"Himachal Pradesh Cricket Association Stadium, Dharamsala",2,29.6,Bangladesh,England,Towhid Hridoy,Mushfiqur Rahim,AU Rashid,0,0,,,,,,,,,
1384398,2023/24,2023-10-10,"Himachal Pradesh Cricket Association Stadium, Dharamsala",2,30.1,Bangladesh,England,Mushfiqur Rahim,Towhid Hridoy,RJW Topley,1,0,,,,,,,,,
1384398,2023/24,2023-10-10,"Himachal Pradesh Cricket Association Stadium, Dharamsala",2,30.2,Bangladesh,England,Towhid Hridoy,Mushfiqur Rahim,RJW Topley,0,0,,,,,,,,,
1384398,2023/24,2023-10-10,"Himachal Pradesh Cricket Association Stadium, Dharamsala",2,30.3,Bangladesh,England,Towhid Hridoy,Mushfiqur Rahim,RJW Topley,2,0,,,,,,,,,
1384398,2023/24,2023-10-10,"Himachal Pradesh Cricket Association Stadium, Dharamsala",2,30.4,Bangladesh,England,Towhid Hridoy,Mushfiqur Rahim,RJW Topley,1,0,,,,,,,,,
1384398,2023/24,2023-10-10,"Himachal Pradesh Cricket Association Stadium, Dharamsala",2,30.5,Bangladesh,England,Mushfiqur Rahim,Towhid Hridoy,RJW Topley,0,0,,,,,,,,,
1384398,2023/24,2023-10-10,"Himachal Pradesh Cricket Association Stadium, Dharamsala",2,30.6,Bangladesh,England,Mushfiqur Rahim,Towhid Hridoy,RJW Topley,0,0,,,,,,caught,Mushfiqur Rahim,,
1384398,2023/24,2023-10-10,"Himachal Pradesh Cricket Association Stadium, Dharamsala",2,31.1,Bangladesh,England,Towhid Hridoy,Mahedi Hasan,MA Wood,1,0,,,,,,,,,
1384398,2023/24,2023-10-10,"Himachal Pradesh Cricket Association Stadium, Dharamsala",2,31.2,Bangladesh,England,Mahedi Hasan,Towhid Hridoy,MA Wood,0,0,,,,,,,,,
1384398,2023/24,2023-10-10,"Himachal Pradesh Cricket Association Stadium, Dharamsala",2,31.3,Bangladesh,England,Mahedi Hasan,Towhid Hridoy,MA Wood,1,0,,,,,,,,,
1384398,2023/24,2023-10-10,"Himachal Pradesh Cricket Association Stadium, Dharamsala",2,31.4,Bangladesh,England,Towhid Hridoy,Mahedi Hasan,MA Wood,0,0,,,,,,,,,
1384398,2023/24,2023-10-10,"Himachal Pradesh Cricket Association Stadium, Dharamsala",2,31.5,Bangladesh,England,Towhid Hridoy,Mahedi Hasan,MA Wood,0,0,,,,,,,,,
1384398,2023/24,2023-10-10,"Himachal Pradesh Cricket Association Stadium, Dharamsala",2,31.6,Bangladesh,England,Towhid Hridoy,Mahedi Hasan,MA Wood,0,0,,,,,,,,,
1384398,2023/24,2023-10-10,"Himachal Pradesh Cricket Association Stadium, Dharamsala",2,32.1,Bangladesh,England,Mahedi Hasan,Towhid Hridoy,RJW Topley,0,0,,,,,,,,,
1384398,2023/24,2023-10-10,"Himachal Pradesh Cricket Association Stadium, Dharamsala",2,32.2,Bangladesh,England,Mahedi Hasan,Towhid Hridoy,RJW Topley,0,0,,,,,,,,,
1384398,2023/24,2023-10-10,"Himachal Pradesh Cricket Association Stadium, Dharamsala",2,32.3,Bangladesh,England,Mahedi Hasan,Towhid Hridoy,RJW Topley,1,0,,,,,,,,,
1384398,2023/24,2023-10-10,"Himachal Pradesh Cricket Association Stadium, Dharamsala",2,32.4,Bangladesh,England,Towhid Hridoy,Mahedi Hasan,RJW Topley,0,0,,,,,,,,,
1384398,2023/24,2023-10-10,"Himachal Pradesh Cricket Association Stadium, Dharamsala",2,32.5,Bangladesh,England,Towhid Hridoy,Mahedi Hasan,RJW Topley,0,0,,,,,,,,,
1384398,2023/24,2023-10-10,"Himachal Pradesh Cricket Association Stadium, Dharamsala",2,32.6,Bangladesh,England,Towhid Hridoy,Mahedi Hasan,RJW Topley,1,0,,,,,,,,,
1384398,2023/24,2023-10-10,"Himachal Pradesh Cricket Association Stadium, Dharamsala",2,33.1,Bangladesh,England,Towhid Hridoy,Mahedi Hasan,MA Wood,1,0,,,,,,,,,
1384398,2023/24,2023-10-10,"Himachal Pradesh Cricket Association Stadium, Dharamsala",2,33.2,Bangladesh,England,Mahedi Hasan,Towhid Hridoy,MA Wood,0,0,,,,,,,,,
1384398,2023/24,2023-10-10,"Himachal Pradesh Cricket Association Stadium, Dharamsala",2,33.3,Bangladesh,England,Mahedi Hasan,Towhid Hridoy,MA Wood,0,0,,,,,,,,,
1384398,2023/24,2023-10-10,"Himachal Pradesh Cricket Association Stadium, Dharamsala",2,33.4,Bangladesh,England,Mahedi Hasan,Towhid Hridoy,MA Wood,0,0,,,,,,,,,
1384398,2023/24,2023-10-10,"Himachal Pradesh Cricket Association Stadium, Dharamsala",2,33.5,Bangladesh,England,Mahedi Hasan,Towhid Hridoy,MA Wood,0,0,,,,,,,,,
1384398,2023/24,2023-10-10,"Himachal Pradesh Cricket Association Stadium, Dharamsala",2,33.6,Bangladesh,England,Mahedi Hasan,Towhid Hridoy,MA Wood,0,0,,,,,,,,,
1384398,2023/24,2023-10-10,"Himachal Pradesh Cricket Association Stadium, Dharamsala",2,34.1,Bangladesh,England,Towhid Hridoy,Mahedi Hasan,RJW Topley,2,0,,,,,,,,,
1384398,2023/24,2023-10-10,"Himachal Pradesh Cricket Association Stadium, Dharamsala",2,34.2,Bangladesh,England,Towhid Hridoy,Mahedi Hasan,RJW Topley,1,0,,,,,,,,,
1384398,2023/24,2023-10-10,"Himachal Pradesh Cricket Association Stadium, Dharamsala",2,34.3,Bangladesh,England,Mahedi Hasan,Towhid Hridoy,RJW Topley,1,0,,,,,,,,,
1384398,2023/24,2023-10-10,"Himachal Pradesh Cricket Association Stadium, Dharamsala",2,34.4,Bangladesh,England,Towhid Hridoy,Mahedi Hasan,RJW Topley,1,0,,,,,,,,,
1384398,2023/24,2023-10-10,"Himachal Pradesh Cricket Association Stadium, Dharamsala",2,34.5,Bangladesh,England,Mahedi Hasan,Towhid Hridoy,RJW Topley,0,0,,,,,,,,,
1384398,2023/24,2023-10-10,"Himachal Pradesh Cricket Association Stadium, Dharamsala",2,34.6,Bangladesh,England,Mahedi Hasan,Towhid Hridoy,RJW Topley,0,0,,,,,,,,,
1384398,2023/24,2023-10-10,"Himachal Pradesh Cricket Association Stadium, Dharamsala",2,35.1,Bangladesh,England,Towhid Hridoy,Mahedi Hasan,MA Wood,1,0,,,,,,,,,
1384398,2023/24,2023-10-10,"Himachal Pradesh Cricket Association Stadium, Dharamsala",2,35.2,Bangladesh,England,Mahedi Hasan,Towhid Hridoy,MA Wood,1,0,,,,,,,,,
1384398,2023/24,2023-10-10,"Himachal Pradesh Cricket Association Stadium, Dharamsala",2,35.3,Bangladesh,England,Towhid Hridoy,Mahedi Hasan,MA Wood,0,0,,,,,,,,,
1384398,2023/24,2023-10-10,"Himachal Pradesh Cricket Association Stadium, Dharamsala",2,35.4,Bangladesh,England,Towhid Hridoy,Mahedi Hasan,MA Wood,0,0,,,,,,,,,
1384398,2023/24,2023-10-10,"Himachal Pradesh Cricket Association Stadium, Dharamsala",2,35.5,Bangladesh,England,Towhid Hridoy,Mahedi Hasan,MA Wood,0,0,,,,,,,,,
1384398,2023/24,2023-10-10,"Himachal Pradesh Cricket Association Stadium, Dharamsala",2,35.6,Bangladesh,England,Towhid Hridoy,Mahedi Hasan,MA Wood,0,0,,,,,,,,,
1384398,2023/24,2023-10-10,"Himachal Pradesh Cricket Association Stadium, Dharamsala",2,36.1,Bangladesh,England,Mahedi Hasan,Towhid Hridoy,AU Rashid,0,0,,,,,,,,,
1384398,2023/24,2023-10-10,"Himachal Pradesh Cricket Association Stadium, Dharamsala",2,36.2,Bangladesh,England,Mahedi Hasan,Towhid Hridoy,AU Rashid,2,0,,,,,,,,,
1384398,2023/24,2023-10-10,"Himachal Pradesh Cricket Association Stadium, Dharamsala",2,36.3,Bangladesh,England,Mahedi Hasan,Towhid Hridoy,AU Rashid,1,0,,,,,,,,,
1384398,2023/24,2023-10-10,"Himachal Pradesh Cricket Association Stadium, Dharamsala",2,36.4,Bangladesh,England,Towhid Hridoy,Mahedi Hasan,AU Rashid,0,0,,,,,,,,,
1384398,2023/24,2023-10-10,"Himachal Pradesh Cricket Association Stadium, Dharamsala",2,36.5,Bangladesh,England,Towhid Hridoy,Mahedi Hasan,AU Rashid,1,0,,,,,,,,,
1384398,2023/24,2023-10-10,"Himachal Pradesh Cricket Association Stadium, Dharamsala",2,36.6,Bangladesh,England,Mahedi Hasan,Towhid Hridoy,AU Rashid,0,0,,,,,,,,,
1384398,2023/24,2023-10-10,"Himachal Pradesh Cricket Association Stadium, Dharamsala",2,37.1,Bangladesh,England,Towhid Hridoy,Mahedi Hasan,MA Wood,0,1,1,,,,,,,,
1384398,2023/24,2023-10-10,"Himachal Pradesh Cricket Association Stadium, Dharamsala",2,37.2,Bangladesh,England,Towhid Hridoy,Mahedi Hasan,MA Wood,0,0,,,,,,,,,
1384398,2023/24,2023-10-10,"Himachal Pradesh Cricket Association Stadium, Dharamsala",2,37.3,Bangladesh,England,Towhid Hridoy,Mahedi Hasan,MA Wood,4,0,,,,,,,,,
1384398,2023/24,2023-10-10,"Himachal Pradesh Cricket Association Stadium, Dharamsala",2,37.4,Bangladesh,England,Towhid Hridoy,Mahedi Hasan,MA Wood,1,0,,,,,,,,,
1384398,2023/24,2023-10-10,"Himachal Pradesh Cricket Association Stadium, Dharamsala",2,37.5,Bangladesh,England,Mahedi Hasan,Towhid Hridoy,MA Wood,0,0,,,,,,,,,
1384398,2023/24,2023-10-10,"Himachal Pradesh Cricket Association Stadium, Dharamsala",2,37.6,Bangladesh,England,Mahedi Hasan,Towhid Hridoy,MA Wood,0,0,,,,,,,,,
1384398,2023/24,2023-10-10,"Himachal Pradesh Cricket Association Stadium, Dharamsala",2,37.7,Bangladesh,England,Mahedi Hasan,Towhid Hridoy,MA Wood,0,0,,,,,,,,,
1384398,2023/24,2023-10-10,"Himachal Pradesh Cricket Association Stadium, Dharamsala",2,38.1,Bangladesh,England,Towhid Hridoy,Mahedi Hasan,AU Rashid,0,0,,,,,,,,,
1384398,2023/24,2023-10-10,"Himachal Pradesh Cricket Association Stadium, Dharamsala",2,38.2,Bangladesh,England,Towhid Hridoy,Mahedi Hasan,AU Rashid,1,0,,,,,,,,,
1384398,2023/24,2023-10-10,"Himachal Pradesh Cricket Association Stadium, Dharamsala",2,38.3,Bangladesh,England,Mahedi Hasan,Towhid Hridoy,AU Rashid,0,0,,,,,,,,,
1384398,2023/24,2023-10-10,"Himachal Pradesh Cricket Association Stadium, Dharamsala",2,38.4,Bangladesh,England,Mahedi Hasan,Towhid Hridoy,AU Rashid,0,0,,,,,,,,,
1384398,2023/24,2023-10-10,"Himachal Pradesh Cricket Association Stadium, Dharamsala",2,38.5,Bangladesh,England,Mahedi Hasan,Towhid Hridoy,AU Rashid,0,0,,,,,,,,,
1384398,2023/24,2023-10-10,"Himachal Pradesh Cricket Association Stadium, Dharamsala",2,38.6,Bangladesh,England,Mahedi Hasan,Towhid Hridoy,AU Rashid,2,0,,,,,,,,,
1384398,2023/24,2023-10-10,"Himachal Pradesh Cricket Association Stadium, Dharamsala",2,39.1,Bangladesh,England,Towhid Hridoy,Mahedi Hasan,LS Livingstone,0,0,,,,,,caught,Towhid Hridoy,,
1384398,2023/24,2023-10-10,"Himachal Pradesh Cricket Association Stadium, Dharamsala",2,39.2,Bangladesh,England,Taskin Ahmed,Mahedi Hasan,LS Livingstone,0,0,,,,,,,,,
1384398,2023/24,2023-10-10,"Himachal Pradesh Cricket Association Stadium, Dharamsala",2,39.3,Bangladesh,England,Taskin Ahmed,Mahedi Hasan,LS Livingstone,0,0,,,,,,,,,
1384398,2023/24,2023-10-10,"Himachal Pradesh Cricket Association Stadium, Dharamsala",2,39.4,Bangladesh,England,Taskin Ahmed,Mahedi Hasan,LS Livingstone,1,0,,,,,,,,,
1384398,2023/24,2023-10-10,"Himachal Pradesh Cricket Association Stadium, Dharamsala",2,39.5,Bangladesh,England,Mahedi Hasan,Taskin Ahmed,LS Livingstone,0,0,,,,,,,,,
1384398,2023/24,2023-10-10,"Himachal Pradesh Cricket Association Stadium, Dharamsala",2,39.6,Bangladesh,England,Mahedi Hasan,Taskin Ahmed,LS Livingstone,1,0,,,,,,,,,
1384398,2023/24,2023-10-10,"Himachal Pradesh Cricket Association Stadium, Dharamsala",2,40.1,Bangladesh,England,Mahedi Hasan,Taskin Ahmed,AU Rashid,0,0,,,,,,,,,
1384398,2023/24,2023-10-10,"Himachal Pradesh Cricket Association Stadium, Dharamsala",2,40.2,Bangladesh,England,Mahedi Hasan,Taskin Ahmed,AU Rashid,4,0,,,,,,,,,
1384398,2023/24,2023-10-10,"Himachal Pradesh Cricket Association Stadium, Dharamsala",2,40.3,Bangladesh,England,Mahedi Hasan,Taskin Ahmed,AU Rashid,0,0,,,,,,,,,
1384398,2023/24,2023-10-10,"Himachal Pradesh Cricket Association Stadium, Dharamsala",2,40.4,Bangladesh,England,Mahedi Hasan,Taskin Ahmed,AU Rashid,0,0,,,,,,,,,
1384398,2023/24,2023-10-10,"Himachal Pradesh Cricket Association Stadium, Dharamsala",2,40.5,Bangladesh,England,Mahedi Hasan,Taskin Ahmed,AU Rashid,0,0,,,,,,bowled,Mahedi Hasan,,
1384398,2023/24,2023-10-10,"Himachal Pradesh Cricket Association Stadium, Dharamsala",2,40.6,Bangladesh,England,Shoriful Islam,Taskin Ahmed,AU Rashid,0,0,,,,,,,,,
1384398,2023/24,2023-10-10,"Himachal Pradesh Cricket Association Stadium, Dharamsala",2,41.1,Bangladesh,England,Taskin Ahmed,Shoriful Islam,LS Livingstone,0,0,,,,,,,,,
1384398,2023/24,2023-10-10,"Himachal Pradesh Cricket Association Stadium, Dharamsala",2,41.2,Bangladesh,England,Taskin Ahmed,Shoriful Islam,LS Livingstone,0,0,,,,,,,,,
1384398,2023/24,2023-10-10,"Himachal Pradesh Cricket Association Stadium, Dharamsala",2,41.3,Bangladesh,England,Taskin Ahmed,Shoriful Islam,LS Livingstone,1,0,,,,,,,,,
1384398,2023/24,2023-10-10,"Himachal Pradesh Cricket Association Stadium, Dharamsala",2,41.4,Bangladesh,England,Shoriful Islam,Taskin Ahmed,LS Livingstone,0,0,,,,,,,,,
1384398,2023/24,2023-10-10,"Himachal Pradesh Cricket Association Stadium, Dharamsala",2,41.5,Bangladesh,England,Shoriful Islam,Taskin Ahmed,LS Livingstone,2,0,,,,,,,,,
1384398,2023/24,2023-10-10,"Himachal Pradesh Cricket Association Stadium, Dharamsala",2,41.6,Bangladesh,England,Shoriful Islam,Taskin Ahmed,LS Livingstone,0,0,,,,,,,,,
1384398,2023/24,2023-10-10,"Himachal Pradesh Cricket Association Stadium, Dharamsala",2,42.1,Bangladesh,England,Taskin Ahmed,Shoriful Islam,AU Rashid,0,0,,,,,,,,,
1384398,2023/24,2023-10-10,"Himachal Pradesh Cricket Association Stadium, Dharamsala",2,42.2,Bangladesh,England,Taskin Ahmed,Shoriful Islam,AU Rashid,0,0,,,,,,,,,
1384398,2023/24,2023-10-10,"Himachal Pradesh Cricket Association Stadium, Dharamsala",2,42.3,Bangladesh,England,Taskin Ahmed,Shoriful Islam,AU Rashid,0,0,,,,,,,,,
1384398,2023/24,2023-10-10,"Himachal Pradesh Cricket Association Stadium, Dharamsala",2,42.4,Bangladesh,England,Taskin Ahmed,Shoriful Islam,AU Rashid,0,0,,,,,,,,,
1384398,2023/24,2023-10-10,"Himachal Pradesh Cricket Association Stadium, Dharamsala",2,42.5,Bangladesh,England,Taskin Ahmed,Shoriful Islam,AU Rashid,2,0,,,,,,,,,
1384398,2023/24,2023-10-10,"Himachal Pradesh Cricket Association Stadium, Dharamsala",2,42.6,Bangladesh,England,Taskin Ahmed,Shoriful Islam,AU Rashid,1,0,,,,,,,,,
1384398,2023/24,2023-10-10,"Himachal Pradesh Cricket Association Stadium, Dharamsala",2,43.1,Bangladesh,England,Taskin Ahmed,Shoriful Islam,LS Livingstone,1,0,,,,,,,,,
1384398,2023/24,2023-10-10,"Himachal Pradesh Cricket Association Stadium, Dharamsala",2,43.2,Bangladesh,England,Shoriful Islam,Taskin Ahmed,LS Livingstone,0,0,,,,,,,,,
1384398,2023/24,2023-10-10,"Himachal Pradesh Cricket Association Stadium, Dharamsala",2,43.3,Bangladesh,England,Shoriful Islam,Taskin Ahmed,LS Livingstone,1,0,,,,,,,,,
1384398,2023/24,2023-10-10,"Himachal Pradesh Cricket Association Stadium, Dharamsala",2,43.4,Bangladesh,England,Taskin Ahmed,Shoriful Islam,LS Livingstone,6,0,,,,,,,,,
1384398,2023/24,2023-10-10,"Himachal Pradesh Cricket Association Stadium, Dharamsala",2,43.5,Bangladesh,England,Taskin Ahmed,Shoriful Islam,LS Livingstone,0,0,,,,,,,,,
1384398,2023/24,2023-10-10,"Himachal Pradesh Cricket Association Stadium, Dharamsala",2,43.6,Bangladesh,England,Taskin Ahmed,Shoriful Islam,LS Livingstone,0,0,,,,,,,,,
1384398,2023/24,2023-10-10,"Himachal Pradesh Cricket Association Stadium, Dharamsala",2,44.1,Bangladesh,England,Shoriful Islam,Taskin Ahmed,SM Curran,0,1,1,,,,,,,,
1384398,2023/24,2023-10-10,"Himachal Pradesh Cricket Association Stadium, Dharamsala",2,44.2,Bangladesh,England,Shoriful Islam,Taskin Ahmed,SM Curran,0,0,,,,,,,,,
1384398,2023/24,2023-10-10,"Himachal Pradesh Cricket Association Stadium, Dharamsala",2,44.3,Bangladesh,England,Shoriful Islam,Taskin Ahmed,SM Curran,0,0,,,,,,,,,
1384398,2023/24,2023-10-10,"Himachal Pradesh Cricket Association Stadium, Dharamsala",2,44.4,Bangladesh,England,Shoriful Islam,Taskin Ahmed,SM Curran,4,0,,,,,,,,,
1384398,2023/24,2023-10-10,"Himachal Pradesh Cricket Association Stadium, Dharamsala",2,44.5,Bangladesh,England,Shoriful Islam,Taskin Ahmed,SM Curran,1,0,,,,,,,,,
1384398,2023/24,2023-10-10,"Himachal Pradesh Cricket Association Stadium, Dharamsala",2,44.6,Bangladesh,England,Taskin Ahmed,Shoriful Islam,SM Curran,0,1,,,,1,,,,,
1384398,2023/24,2023-10-10,"Himachal Pradesh Cricket Association Stadium, Dharamsala",2,44.7,Bangladesh,England,Shoriful Islam,Taskin Ahmed,SM Curran,4,0,,,,,,,,,
1384398,2023/24,2023-10-10,"Himachal Pradesh Cricket Association Stadium, Dharamsala",2,45.1,Bangladesh,England,Taskin Ahmed,Shoriful Islam,MA Wood,1,0,,,,,,,,,
1384398,2023/24,2023-10-10,"Himachal Pradesh Cricket Association Stadium, Dharamsala",2,45.2,Bangladesh,England,Shoriful Islam,Taskin Ahmed,MA Wood,0,0,,,,,,,,,
1384398,2023/24,2023-10-10,"Himachal Pradesh Cricket Association Stadium, Dharamsala",2,45.3,Bangladesh,England,Shoriful Islam,Taskin Ahmed,MA Wood,0,0,,,,,,,,,
1384398,2023/24,2023-10-10,"Himachal Pradesh Cricket Association Stadium, Dharamsala",2,45.4,Bangladesh,England,Shoriful Islam,Taskin Ahmed,MA Wood,0,0,,,,,,bowled,Shoriful Islam,,
1384398,2023/24,2023-10-10,"Himachal Pradesh Cricket Association Stadium, Dharamsala",2,45.5,Bangladesh,England,Mustafizur Rahman,Taskin Ahmed,MA Wood,0,0,,,,,,,,,
1384398,2023/24,2023-10-10,"Himachal Pradesh Cricket Association Stadium, Dharamsala",2,45.6,Bangladesh,England,Mustafizur Rahman,Taskin Ahmed,MA Wood,0,0,,,,,,,,,
1384398,2023/24,2023-10-10,"Himachal Pradesh Cricket Association Stadium, Dharamsala",2,46.1,Bangladesh,England,Taskin Ahmed,Mustafizur Rahman,SM Curran,0,0,,,,,,,,,
1384398,2023/24,2023-10-10,"Himachal Pradesh Cricket Association Stadium, Dharamsala",2,46.2,Bangladesh,England,Taskin Ahmed,Mustafizur Rahman,SM Curran,0,1,,,,1,,,,,
1384398,2023/24,2023-10-10,"Himachal Pradesh Cricket Association Stadium, Dharamsala",2,46.3,Bangladesh,England,Mustafizur Rahman,Taskin Ahmed,SM Curran,1,0,,,,,,,,,
1384398,2023/24,2023-10-10,"Himachal Pradesh Cricket Association Stadium, Dharamsala",2,46.4,Bangladesh,England,Taskin Ahmed,Mustafizur Rahman,SM Curran,1,0,,,,,,,,,
1384398,2023/24,2023-10-10,"Himachal Pradesh Cricket Association Stadium, Dharamsala",2,46.5,Bangladesh,England,Mustafizur Rahman,Taskin Ahmed,SM Curran,0,0,,,,,,,,,
1384398,2023/24,2023-10-10,"Himachal Pradesh Cricket Association Stadium, Dharamsala",2,46.6,Bangladesh,England,Mustafizur Rahman,Taskin Ahmed,SM Curran,1,0,,,,,,,,,
1384398,2023/24,2023-10-10,"Himachal Pradesh Cricket Association Stadium, Dharamsala",2,47.1,Bangladesh,England,Mustafizur Rahman,Taskin Ahmed,MA Wood,0,0,,,,,,,,,
1384398,2023/24,2023-10-10,"Himachal Pradesh Cricket Association Stadium, Dharamsala",2,47.2,Bangladesh,England,Mustafizur Rahman,Taskin Ahmed,MA Wood,1,0,,,,,,,,,
1384398,2023/24,2023-10-10,"Himachal Pradesh Cricket Association Stadium, Dharamsala",2,47.3,Bangladesh,England,Taskin Ahmed,Mustafizur Rahman,MA Wood,0,0,,,,,,,,,
1384398,2023/24,2023-10-10,"Himachal Pradesh Cricket Association Stadium, Dharamsala",2,47.4,Bangladesh,England,Taskin Ahmed,Mustafizur Rahman,MA Wood,1,0,,,,,,,,,
1384398,2023/24,2023-10-10,"Himachal Pradesh Cricket Association Stadium, Dharamsala",2,47.5,Bangladesh,England,Mustafizur Rahman,Taskin Ahmed,MA Wood,0,0,,,,,,,,,
1384398,2023/24,2023-10-10,"Himachal Pradesh Cricket Association Stadium, Dharamsala",2,47.6,Bangladesh,England,Mustafizur Rahman,Taskin Ahmed,MA Wood,0,0,,,,,,,,,
1384398,2023/24,2023-10-10,"Himachal Pradesh Cricket Association Stadium, Dharamsala",2,48.1,Bangladesh,England,Taskin Ahmed,Mustafizur Rahman,SM Curran,0,0,,,,,,,,,
1384398,2023/24,2023-10-10,"Himachal Pradesh Cricket Association Stadium, Dharamsala",2,48.2,Bangladesh,England,Taskin Ahmed,Mustafizur Rahman,SM Curran,0,0,,,,,,bowled,Taskin Ahmed,,
