match_id,season,start_date,venue,innings,ball,batting_team,bowling_team,striker,non_striker,bowler,runs_off_bat,extras,wides,noballs,byes,legbyes,penalty,wicket_type,player_dismissed,other_wicket_type,other_player_dismissed
1384409,2023/24,2023-10-20,"M Chinnaswamy Stadium, Bengaluru",1,0.1,Australia,Pakistan,DA Warner,MR Marsh,Shaheen Shah Afridi,0,0,,,,,,,,,
1384409,2023/24,2023-10-20,"M Chinnaswamy Stadium, Bengaluru",1,0.2,Australia,Pakistan,DA Warner,MR Marsh,Shaheen Shah Afridi,0,0,,,,,,,,,
1384409,2023/24,2023-10-20,"M Chinnaswamy Stadium, Bengaluru",1,0.3,Australia,Pakistan,DA Warner,MR Marsh,Shaheen Shah Afridi,1,0,,,,,,,,,
1384409,2023/24,2023-10-20,"M Chinnaswamy Stadium, Bengaluru",1,0.4,Australia,Pakistan,MR Marsh,DA Warner,Shaheen Shah Afridi,0,0,,,,,,,,,
1384409,2023/24,2023-10-20,"M Chinnaswamy Stadium, Bengaluru",1,0.5,Australia,Pakistan,MR Marsh,DA Warner,Shaheen Shah Afridi,6,0,,,,,,,,,
1384409,2023/24,2023-10-20,"M Chinnaswamy Stadium, Bengaluru",1,0.6,Australia,Pakistan,MR Marsh,DA Warner,Shaheen Shah Afridi,0,0,,,,,,,,,
1384409,2023/24,2023-10-20,"M Chinnaswamy Stadium, Bengaluru",1,1.1,Australia,Pakistan,DA Warner,MR Marsh,Hasan Ali,0,0,,,,,,,,,
1384409,2023/24,2023-10-20,"M Chinnaswamy Stadium, Bengaluru",1,1.2,Australia,Pakistan,DA Warner,MR Marsh,Hasan Ali,1,0,,,,,,,,,
1384409,2023/24,2023-10-20,"M Chinnaswamy Stadium, Bengaluru",1,1.3,Australia,Pakistan,MR Marsh,DA Warner,Hasan Ali,0,0,,,,,,,,,
1384409,2023/24,2023-10-20,"M Chinnaswamy Stadium, Bengaluru",1,1.4,Australia,Pakistan,MR Marsh,DA Warner,Hasan Ali,0,0,,,,,,,,,
1384409,2023/24,2023-10-20,"M Chinnaswamy Stadium, Bengaluru",1,1.5,Australia,Pakistan,MR Marsh,DA Warner,Hasan Ali,0,1,1,,,,,,,,
1384409,2023/24,2023-10-20,"M Chinnaswamy Stadium, Bengaluru",1,1.6,Australia,Pakistan,MR Marsh,DA Warner,Hasan Ali,0,0,,,,,,,,,
1384409,2023/24,2023-10-20,"M Chinnaswamy Stadium, Bengaluru",1,1.7,Australia,Pakistan,MR Marsh,DA Warner,Hasan Ali,0,0,,,,,,,,,
1384409,2023/24,2023-10-20,"M Chinnaswamy Stadium, Bengaluru",1,2.1,Australia,Pakistan,DA Warner,MR Marsh,Shaheen Shah Afridi,0,0,,,,,,,,,
1384409,2023/24,2023-10-20,"M Chinnaswamy Stadium, Bengaluru",1,2.2,Australia,Pakistan,DA Warner,MR Marsh,Shaheen Shah Afridi,0,1,1,,,,,,,,
1384409,2023/24,2023-10-20,"M Chinnaswamy Stadium, Bengaluru",1,2.3,Australia,Pakistan,DA Warner,MR Marsh,Shaheen Shah Afridi,1,0,,,,,,,,,
1384409,2023/24,2023-10-20,"M Chinnaswamy Stadium, Bengaluru",1,2.4,Australia,Pakistan,MR Marsh,DA Warner,Shaheen Shah Afridi,0,0,,,,,,,,,
1384409,2023/24,2023-10-20,"M Chinnaswamy Stadium, Bengaluru",1,2.5,Australia,Pakistan,MR Marsh,DA Warner,Shaheen Shah Afridi,0,0,,,,,,,,,
1384409,2023/24,2023-10-20,"M Chinnaswamy Stadium, Bengaluru",1,2.6,Australia,Pakistan,MR Marsh,DA Warner,Shaheen Shah Afridi,0,0,,,,,,,,,
1384409,2023/24,2023-10-20,"M Chinnaswamy Stadium, Bengaluru",1,2.7,Australia,Pakistan,MR Marsh,DA Warner,Shaheen Shah Afridi,0,0,,,,,,,,,
1384409,2023/24,2023-10-20,"M Chinnaswamy Stadium, Bengaluru",1,3.1,Australia,Pakistan,DA Warner,MR Marsh,Hasan Ali,6,0,,,,,,,,,
1384409,2023/24,2023-10-20,"M Chinnaswamy Stadium, Bengaluru",1,3.2,Australia,Pakistan,DA Warner,MR Marsh,Hasan Ali,0,0,,,,,,,,,
1384409,2023/24,2023-10-20,"M Chinnaswamy Stadium, Bengaluru",1,3.3,Australia,Pakistan,DA Warner,MR Marsh,Hasan Ali,1,0,,,,,,,,,
1384409,2023/24,2023-10-20,"M Chinnaswamy Stadium, Bengaluru",1,3.4,Australia,Pakistan,MR Marsh,DA Warner,Hasan Ali,0,0,,,,,,,,,
1384409,2023/24,2023-10-20,"M Chinnaswamy Stadium, Bengaluru",1,3.5,Australia,Pakistan,MR Marsh,DA Warner,Hasan Ali,0,0,,,,,,,,,
1384409,2023/24,2023-10-20,"M Chinnaswamy Stadium, Bengaluru",1,3.6,Australia,Pakistan,MR Marsh,DA Warner,Hasan Ali,4,0,,,,,,,,,
1384409,2023/24,2023-10-20,"M Chinnaswamy Stadium, Bengaluru",1,4.1,Australia,Pakistan,DA Warner,MR Marsh,Shaheen Shah Afridi,0,0,,,,,,,,,
1384409,2023/24,2023-10-20,"M Chinnaswamy Stadium, Bengaluru",1,4.2,Australia,Pakistan,DA Warner,MR Marsh,Shaheen Shah Afridi,0,0,,,,,,,,,
1384409,2023/24,2023-10-20,"M Chinnaswamy Stadium, Bengaluru",1,4.3,Australia,Pakistan,DA Warner,MR Marsh,Shaheen Shah Afridi,0,0,,,,,,,,,
1384409,2023/24,2023-10-20,"M Chinnaswamy Stadium, Bengaluru",1,4.4,Australia,Pakistan,DA Warner,MR Marsh,Shaheen Shah Afridi,1,0,,,,,,,,,
1384409,2023/24,2023-10-20,"M Chinnaswamy Stadium, Bengaluru",1,4.5,Australia,Pakistan,MR Marsh,DA Warner,Shaheen Shah Afridi,4,0,,,,,,,,,
1384409,2023/24,2023-10-20,"M Chinnaswamy Stadium, Bengaluru",1,4.6,Australia,Pakistan,MR Marsh,DA Warner,Shaheen Shah Afridi,0,0,,,,,,,,,
1384409,2023/24,2023-10-20,"M Chinnaswamy Stadium, Bengaluru",1,5.1,Australia,Pakistan,DA Warner,MR Marsh,Hasan Ali,0,0,,,,,,,,,
1384409,2023/24,2023-10-20,"M Chinnaswamy Stadium, Bengaluru",1,5.2,Australia,Pakistan,DA Warner,MR Marsh,Hasan Ali,0,2,2,,,,,,,,
1384409,2023/24,2023-10-20,"M Chinnaswamy Stadium, Bengaluru",1,5.3,Australia,Pakistan,MR Marsh,DA Warner,Hasan Ali,0,1,1,,,,,,,,
1384409,2023/24,2023-10-20,"M Chinnaswamy Stadium, Bengaluru",1,5.4,Australia,Pakistan,MR Marsh,DA Warner,Hasan Ali,1,0,,,,,,,,,
1384409,2023/24,2023-10-20,"M Chinnaswamy Stadium, Bengaluru",1,5.5,Australia,Pakistan,DA Warner,MR Marsh,Hasan Ali,0,0,,,,,,,,,
1384409,2023/24,2023-10-20,"M Chinnaswamy Stadium, Bengaluru",1,5.6,Australia,Pakistan,DA Warner,MR Marsh,Hasan Ali,0,0,,,,,,,,,
1384409,2023/24,2023-10-20,"M Chinnaswamy Stadium, Bengaluru",1,5.7,Australia,Pakistan,DA Warner,MR Marsh,Hasan Ali,4,0,,,,,,,,,
1384409,2023/24,2023-10-20,"M Chinnaswamy Stadium, Bengaluru",1,5.8,Australia,Pakistan,DA Warner,MR Marsh,Hasan Ali,2,0,,,,,,,,,
1384409,2023/24,2023-10-20,"M Chinnaswamy Stadium, Bengaluru",1,6.1,Australia,Pakistan,MR Marsh,DA Warner,Shaheen Shah Afridi,0,0,,,,,,,,,
1384409,2023/24,2023-10-20,"M Chinnaswamy Stadium, Bengaluru",1,6.2,Australia,Pakistan,MR Marsh,DA Warner,Shaheen Shah Afridi,0,0,,,,,,,,,
1384409,2023/24,2023-10-20,"M Chinnaswamy Stadium, Bengaluru",1,6.3,Australia,Pakistan,MR Marsh,DA Warner,Shaheen Shah Afridi,0,0,,,,,,,,,
1384409,2023/24,2023-10-20,"M Chinnaswamy Stadium, Bengaluru",1,6.4,Australia,Pakistan,MR Marsh,DA Warner,Shaheen Shah Afridi,0,0,,,,,,,,,
1384409,2023/24,2023-10-20,"M Chinnaswamy Stadium, Bengaluru",1,6.5,Australia,Pakistan,MR Marsh,DA Warner,Shaheen Shah Afridi,0,0,,,,,,,,,
1384409,2023/24,2023-10-20,"M Chinnaswamy Stadium, Bengaluru",1,6.6,Australia,Pakistan,MR Marsh,DA Warner,Shaheen Shah Afridi,0,0,,,,,,,,,
1384409,2023/24,2023-10-20,"M Chinnaswamy Stadium, Bengaluru",1,7.1,Australia,Pakistan,DA Warner,MR Marsh,Iftikhar Ahmed,0,0,,,,,,,,,
1384409,2023/24,2023-10-20,"M Chinnaswamy Stadium, Bengaluru",1,7.2,Australia,Pakistan,DA Warner,MR Marsh,Iftikhar Ahmed,0,1,1,,,,,,,,
1384409,2023/24,2023-10-20,"M Chinnaswamy Stadium, Bengaluru",1,7.3,Australia,Pakistan,DA Warner,MR Marsh,Iftikhar Ahmed,0,0,,,,,,,,,
1384409,2023/24,2023-10-20,"M Chinnaswamy Stadium, Bengaluru",1,7.4,Australia,Pakistan,DA Warner,MR Marsh,Iftikhar Ahmed,4,0,,,,,,,,,
1384409,2023/24,2023-10-20,"M Chinnaswamy Stadium, Bengaluru",1,7.5,Australia,Pakistan,DA Warner,MR Marsh,Iftikhar Ahmed,1,0,,,,,,,,,
1384409,2023/24,2023-10-20,"M Chinnaswamy Stadium, Bengaluru",1,7.6,Australia,Pakistan,MR Marsh,DA Warner,Iftikhar Ahmed,0,0,,,,,,,,,
1384409,2023/24,2023-10-20,"M Chinnaswamy Stadium, Bengaluru",1,7.7,Australia,Pakistan,MR Marsh,DA Warner,Iftikhar Ahmed,0,0,,,,,,,,,
1384409,2023/24,2023-10-20,"M Chinnaswamy Stadium, Bengaluru",1,8.1,Australia,Pakistan,DA Warner,MR Marsh,Haris Rauf,4,0,,,,,,,,,
1384409,2023/24,2023-10-20,"M Chinnaswamy Stadium, Bengaluru",1,8.2,Australia,Pakistan,DA Warner,MR Marsh,Haris Rauf,6,0,,,,,,,,,
1384409,2023/24,2023-10-20,"M Chinnaswamy Stadium, Bengaluru",1,8.3,Australia,Pakistan,DA Warner,MR Marsh,Haris Rauf,1,0,,,,,,,,,
1384409,2023/24,2023-10-20,"M Chinnaswamy Stadium, Bengaluru",1,8.4,Australia,Pakistan,MR Marsh,DA Warner,Haris Rauf,0,1,1,,,,,,,,
1384409,2023/24,2023-10-20,"M Chinnaswamy Stadium, Bengaluru",1,8.5,Australia,Pakistan,MR Marsh,DA Warner,Haris Rauf,4,0,,,,,,,,,
1384409,2023/24,2023-10-20,"M Chinnaswamy Stadium, Bengaluru",1,8.6,Australia,Pakistan,MR Marsh,DA Warner,Haris Rauf,4,0,,,,,,,,,
1384409,2023/24,2023-10-20,"M Chinnaswamy Stadium, Bengaluru",1,8.7,Australia,Pakistan,MR Marsh,DA Warner,Haris Rauf,4,0,,,,,,,,,
1384409,2023/24,2023-10-20,"M Chinnaswamy Stadium, Bengaluru",1,9.1,Australia,Pakistan,DA Warner,MR Marsh,Iftikhar Ahmed,6,0,,,,,,,,,
1384409,2023/24,2023-10-20,"M Chinnaswamy Stadium, Bengaluru",1,9.2,Australia,Pakistan,DA Warner,MR Marsh,Iftikhar Ahmed,0,0,,,,,,,,,
1384409,2023/24,2023-10-20,"M Chinnaswamy Stadium, Bengaluru",1,9.3,Australia,Pakistan,DA Warner,MR Marsh,Iftikhar Ahmed,1,0,,,,,,,,,
1384409,2023/24,2023-10-20,"M Chinnaswamy Stadium, Bengaluru",1,9.4,Australia,Pakistan,MR Marsh,DA Warner,Iftikhar Ahmed,4,0,,,,,,,,,
1384409,2023/24,2023-10-20,"M Chinnaswamy Stadium, Bengaluru",1,9.5,Australia,Pakistan,MR Marsh,DA Warner,Iftikhar Ahmed,4,0,,,,,,,,,
1384409,2023/24,2023-10-20,"M Chinnaswamy Stadium, Bengaluru",1,9.6,Australia,Pakistan,MR Marsh,DA Warner,Iftikhar Ahmed,0,0,,,,,,,,,
1384409,2023/24,2023-10-20,"M Chinnaswamy Stadium, Bengaluru",1,10.1,Australia,Pakistan,DA Warner,MR Marsh,Usama Mir,0,0,,,,,,,,,
1384409,2023/24,2023-10-20,"M Chinnaswamy Stadium, Bengaluru",1,10.2,Australia,Pakistan,DA Warner,MR Marsh,Usama Mir,1,0,,,,,,,,,
1384409,2023/24,2023-10-20,"M Chinnaswamy Stadium, Bengaluru",1,10.3,Australia,Pakistan,MR Marsh,DA Warner,Usama Mir,1,0,,,,,,,,,
1384409,2023/24,2023-10-20,"M Chinnaswamy Stadium, Bengaluru",1,10.4,Australia,Pakistan,DA Warner,MR Marsh,Usama Mir,4,0,,,,,,,,,
1384409,2023/24,2023-10-20,"M Chinnaswamy Stadium, Bengaluru",1,10.5,Australia,Pakistan,DA Warner,MR Marsh,Usama Mir,0,0,,,,,,,,,
1384409,2023/24,2023-10-20,"M Chinnaswamy Stadium, Bengaluru",1,10.6,Australia,Pakistan,DA Warner,MR Marsh,Usama Mir,0,0,,,,,,,,,
1384409,2023/24,2023-10-20,"M Chinnaswamy Stadium, Bengaluru",1,11.1,Australia,Pakistan,MR Marsh,DA Warner,Haris Rauf,4,0,,,,,,,,,
1384409,2023/24,2023-10-20,"M Chinnaswamy Stadium, Bengaluru",1,11.2,Australia,Pakistan,MR Marsh,DA Warner,Haris Rauf,1,0,,,,,,,,,
1384409,2023/24,2023-10-20,"M Chinnaswamy Stadium, Bengaluru",1,11.3,Australia,Pakistan,DA Warner,MR Marsh,Haris Rauf,2,0,,,,,,,,,
1384409,2023/24,2023-10-20,"M Chinnaswamy Stadium, Bengaluru",1,11.4,Australia,Pakistan,DA Warner,MR Marsh,Haris Rauf,1,0,,,,,,,,,
1384409,2023/24,2023-10-20,"M Chinnaswamy Stadium, Bengaluru",1,11.5,Australia,Pakistan,MR Marsh,DA Warner,Haris Rauf,0,0,,,,,,,,,
1384409,2023/24,2023-10-20,"M Chinnaswamy Stadium, Bengaluru",1,11.6,Australia,Pakistan,MR Marsh,DA Warner,Haris Rauf,0,0,,,,,,,,,
1384409,2023/24,2023-10-20,"M Chinnaswamy Stadium, Bengaluru",1,12.1,Australia,Pakistan,DA Warner,MR Marsh,Usama Mir,0,0,,,,,,,,,
1384409,2023/24,2023-10-20,"M Chinnaswamy Stadium, Bengaluru",1,12.2,Australia,Pakistan,DA Warner,MR Marsh,Usama Mir,0,0,,,,,,,,,
1384409,2023/24,2023-10-20,"M Chinnaswamy Stadium, Bengaluru",1,12.3,Australia,Pakistan,DA Warner,MR Marsh,Usama Mir,4,0,,,,,,,,,
1384409,2023/24,2023-10-20,"M Chinnaswamy Stadium, Bengaluru",1,12.4,Australia,Pakistan,DA Warner,MR Marsh,Usama Mir,1,0,,,,,,,,,
1384409,2023/24,2023-10-20,"M Chinnaswamy Stadium, Bengaluru",1,12.5,Australia,Pakistan,MR Marsh,DA Warner,Usama Mir,1,0,,,,,,,,,
1384409,2023/24,2023-10-20,"M Chinnaswamy Stadium, Bengaluru",1,12.6,Australia,Pakistan,DA Warner,MR Marsh,Usama Mir,1,0,,,,,,,,,
1384409,2023/24,2023-10-20,"M Chinnaswamy Stadium, Bengaluru",1,13.1,Australia,Pakistan,DA Warner,MR Marsh,Haris Rauf,6,0,,,,,,,,,
1384409,2023/24,2023-10-20,"M Chinnaswamy Stadium, Bengaluru",1,13.2,Australia,Pakistan,DA Warner,MR Marsh,Haris Rauf,0,1,1,,,,,,,,
1384409,2023/24,2023-10-20,"M Chinnaswamy Stadium, Bengaluru",1,13.3,Australia,Pakistan,DA Warner,MR Marsh,Haris Rauf,0,0,,,,,,,,,
1384409,2023/24,2023-10-20,"M Chinnaswamy Stadium, Bengaluru",1,13.4,Australia,Pakistan,DA Warner,MR Marsh,Haris Rauf,0,1,,,,1,,,,,
1384409,2023/24,2023-10-20,"M Chinnaswamy Stadium, Bengaluru",1,13.5,Australia,Pakistan,MR Marsh,DA Warner,Haris Rauf,1,0,,,,,,,,,
1384409,2023/24,2023-10-20,"M Chinnaswamy Stadium, Bengaluru",1,13.6,Australia,Pakistan,DA Warner,MR Marsh,Haris Rauf,1,0,,,,,,,,,
1384409,2023/24,2023-10-20,"M Chinnaswamy Stadium, Bengaluru",1,13.7,Australia,Pakistan,MR Marsh,DA Warner,Haris Rauf,6,0,,,,,,,,,
1384409,2023/24,2023-10-20,"M Chinnaswamy Stadium, Bengaluru",1,14.1,Australia,Pakistan,DA Warner,MR Marsh,Usama Mir,1,0,,,,,,,,,
1384409,2023/24,2023-10-20,"M Chinnaswamy Stadium, Bengaluru",1,14.2,Australia,Pakistan,MR Marsh,DA Warner,Usama Mir,1,0,,,,,,,,,
1384409,2023/24,2023-10-20,"M Chinnaswamy Stadium, Bengaluru",1,14.3,Australia,Pakistan,DA Warner,MR Marsh,Usama Mir,1,0,,,,,,,,,
1384409,2023/24,2023-10-20,"M Chinnaswamy Stadium, Bengaluru",1,14.4,Australia,Pakistan,MR Marsh,DA Warner,Usama Mir,0,0,,,,,,,,,
1384409,2023/24,2023-10-20,"M Chinnaswamy Stadium, Bengaluru",1,14.5,Australia,Pakistan,MR Marsh,DA Warner,Usama Mir,6,0,,,,,,,,,
1384409,2023/24,2023-10-20,"M Chinnaswamy Stadium, Bengaluru",1,14.6,Australia,Pakistan,MR Marsh,DA Warner,Usama Mir,0,0,,,,,,,,,
1384409,2023/24,2023-10-20,"M Chinnaswamy Stadium, Bengaluru",1,15.1,Australia,Pakistan,DA Warner,MR Marsh,Iftikhar Ahmed,0,0,,,,,,,,,
1384409,2023/24,2023-10-20,"M Chinnaswamy Stadium, Bengaluru",1,15.2,Australia,Pakistan,DA Warner,MR Marsh,Iftikhar Ahmed,1,0,,,,,,,,,
1384409,2023/24,2023-10-20,"M Chinnaswamy Stadium, Bengaluru",1,15.3,Australia,Pakistan,MR Marsh,DA Warner,Iftikhar Ahmed,4,0,,,,,,,,,
1384409,2023/24,2023-10-20,"M Chinnaswamy Stadium, Bengaluru",1,15.4,Australia,Pakistan,MR Marsh,DA Warner,Iftikhar Ahmed,0,0,,,,,,,,,
1384409,2023/24,2023-10-20,"M Chinnaswamy Stadium, Bengaluru",1,15.5,Australia,Pakistan,MR Marsh,DA Warner,Iftikhar Ahmed,1,0,,,,,,,,,
1384409,2023/24,2023-10-20,"M Chinnaswamy Stadium, Bengaluru",1,15.6,Australia,Pakistan,DA Warner,MR Marsh,Iftikhar Ahmed,0,0,,,,,,,,,
1384409,2023/24,2023-10-20,"M Chinnaswamy Stadium, Bengaluru",1,16.1,Australia,Pakistan,MR Marsh,DA Warner,Usama Mir,1,0,,,,,,,,,
1384409,2023/24,2023-10-20,"M Chinnaswamy Stadium, Bengaluru",1,16.2,Australia,Pakistan,DA Warner,MR Marsh,Usama Mir,6,0,,,,,,,,,
1384409,2023/24,2023-10-20,"M Chinnaswamy Stadium, Bengaluru",1,16.3,Australia,Pakistan,DA Warner,MR Marsh,Usama Mir,0,0,,,,,,,,,
1384409,2023/24,2023-10-20,"M Chinnaswamy Stadium, Bengaluru",1,16.4,Australia,Pakistan,DA Warner,MR Marsh,Usama Mir,0,0,,,,,,,,,
1384409,2023/24,2023-10-20,"M Chinnaswamy Stadium, Bengaluru",1,16.5,Australia,Pakistan,DA Warner,MR Marsh,Usama Mir,0,1,1,,,,,,,,
1384409,2023/24,2023-10-20,"M Chinnaswamy Stadium, Bengaluru",1,16.6,Australia,Pakistan,DA Warner,MR Marsh,Usama Mir,1,0,,,,,,,,,
1384409,2023/24,2023-10-20,"M Chinnaswamy Stadium, Bengaluru",1,16.7,Australia,Pakistan,MR Marsh,DA Warner,Usama Mir,0,0,,,,,,,,,
1384409,2023/24,2023-10-20,"M Chinnaswamy Stadium, Bengaluru",1,17.1,Australia,Pakistan,DA Warner,MR Marsh,Iftikhar Ahmed,0,0,,,,,,,,,
1384409,2023/24,2023-10-20,"M Chinnaswamy Stadium, Bengaluru",1,17.2,Australia,Pakistan,DA Warner,MR Marsh,Iftikhar Ahmed,0,0,,,,,,,,,
1384409,2023/24,2023-10-20,"M Chinnaswamy Stadium, Bengaluru",1,17.3,Australia,Pakistan,DA Warner,MR Marsh,Iftikhar Ahmed,0,0,,,,,,,,,
1384409,2023/24,2023-10-20,"M Chinnaswamy Stadium, Bengaluru",1,17.4,Australia,Pakistan,DA Warner,MR Marsh,Iftikhar Ahmed,0,0,,,,,,,,,
1384409,2023/24,2023-10-20,"M Chinnaswamy Stadium, Bengaluru",1,17.5,Australia,Pakistan,DA Warner,MR Marsh,Iftikhar Ahmed,0,0,,,,,,,,,
1384409,2023/24,2023-10-20,"M Chinnaswamy Stadium, Bengaluru",1,17.6,Australia,Pakistan,DA Warner,MR Marsh,Iftikhar Ahmed,0,1,1,,,,,,,,
1384409,2023/24,2023-10-20,"M Chinnaswamy Stadium, Bengaluru",1,17.7,Australia,Pakistan,DA Warner,MR Marsh,Iftikhar Ahmed,0,0,,,,,,,,,
1384409,2023/24,2023-10-20,"M Chinnaswamy Stadium, Bengaluru",1,18.1,Australia,Pakistan,MR Marsh,DA Warner,Mohammad Nawaz,0,0,,,,,,,,,
1384409,2023/24,2023-10-20,"M Chinnaswamy Stadium, Bengaluru",1,18.2,Australia,Pakistan,MR Marsh,DA Warner,Mohammad Nawaz,1,0,,,,,,,,,
1384409,2023/24,2023-10-20,"M Chinnaswamy Stadium, Bengaluru",1,18.3,Australia,Pakistan,DA Warner,MR Marsh,Mohammad Nawaz,1,0,,,,,,,,,
1384409,2023/24,2023-10-20,"M Chinnaswamy Stadium, Bengaluru",1,18.4,Australia,Pakistan,MR Marsh,DA Warner,Mohammad Nawaz,0,0,,,,,,,,,
1384409,2023/24,2023-10-20,"M Chinnaswamy Stadium, Bengaluru",1,18.5,Australia,Pakistan,MR Marsh,DA Warner,Mohammad Nawaz,1,0,,,,,,,,,
1384409,2023/24,2023-10-20,"M Chinnaswamy Stadium, Bengaluru",1,18.6,Australia,Pakistan,DA Warner,MR Marsh,Mohammad Nawaz,1,0,,,,,,,,,
1384409,2023/24,2023-10-20,"M Chinnaswamy Stadium, Bengaluru",1,19.1,Australia,Pakistan,DA Warner,MR Marsh,Iftikhar Ahmed,1,0,,,,,,,,,
1384409,2023/24,2023-10-20,"M Chinnaswamy Stadium, Bengaluru",1,19.2,Australia,Pakistan,MR Marsh,DA Warner,Iftikhar Ahmed,0,0,,,,,,,,,
1384409,2023/24,2023-10-20,"M Chinnaswamy Stadium, Bengaluru",1,19.3,Australia,Pakistan,MR Marsh,DA Warner,Iftikhar Ahmed,0,0,,,,,,,,,
1384409,2023/24,2023-10-20,"M Chinnaswamy Stadium, Bengaluru",1,19.4,Australia,Pakistan,MR Marsh,DA Warner,Iftikhar Ahmed,0,0,,,,,,,,,
1384409,2023/24,2023-10-20,"M Chinnaswamy Stadium, Bengaluru",1,19.5,Australia,Pakistan,MR Marsh,DA Warner,Iftikhar Ahmed,0,0,,,,,,,,,
1384409,2023/24,2023-10-20,"M Chinnaswamy Stadium, Bengaluru",1,19.6,Australia,Pakistan,MR Marsh,DA Warner,Iftikhar Ahmed,0,0,,,,,,,,,
1384409,2023/24,2023-10-20,"M Chinnaswamy Stadium, Bengaluru",1,20.1,Australia,Pakistan,DA Warner,MR Marsh,Mohammad Nawaz,0,0,,,,,,,,,
1384409,2023/24,2023-10-20,"M Chinnaswamy Stadium, Bengaluru",1,20.2,Australia,Pakistan,DA Warner,MR Marsh,Mohammad Nawaz,1,0,,,,,,,,,
1384409,2023/24,2023-10-20,"M Chinnaswamy Stadium, Bengaluru",1,20.3,Australia,Pakistan,MR Marsh,DA Warner,Mohammad Nawaz,0,0,,,,,,,,,
1384409,2023/24,2023-10-20,"M Chinnaswamy Stadium, Bengaluru",1,20.4,Australia,Pakistan,MR Marsh,DA Warner,Mohammad Nawaz,2,0,,,,,,,,,
1384409,2023/24,2023-10-20,"M Chinnaswamy Stadium, Bengaluru",1,20.5,Australia,Pakistan,MR Marsh,DA Warner,Mohammad Nawaz,0,0,,,,,,,,,
1384409,2023/24,2023-10-20,"M Chinnaswamy Stadium, Bengaluru",1,20.6,Australia,Pakistan,MR Marsh,DA Warner,Mohammad Nawaz,6,0,,,,,,,,,
1384409,2023/24,2023-10-20,"M Chinnaswamy Stadium, Bengaluru",1,21.1,Australia,Pakistan,DA Warner,MR Marsh,Iftikhar Ahmed,1,0,,,,,,,,,
1384409,2023/24,2023-10-20,"M Chinnaswamy Stadium, Bengaluru",1,21.2,Australia,Pakistan,MR Marsh,DA Warner,Iftikhar Ahmed,0,0,,,,,,,,,
1384409,2023/24,2023-10-20,"M Chinnaswamy Stadium, Bengaluru",1,21.3,Australia,Pakistan,MR Marsh,DA Warner,Iftikhar Ahmed,1,0,,,,,,,,,
1384409,2023/24,2023-10-20,"M Chinnaswamy Stadium, Bengaluru",1,21.4,Australia,Pakistan,DA Warner,MR Marsh,Iftikhar Ahmed,1,0,,,,,,,,,
1384409,2023/24,2023-10-20,"M Chinnaswamy Stadium, Bengaluru",1,21.5,Australia,Pakistan,MR Marsh,DA Warner,Iftikhar Ahmed,1,0,,,,,,,,,
1384409,2023/24,2023-10-20,"M Chinnaswamy Stadium, Bengaluru",1,21.6,Australia,Pakistan,DA Warner,MR Marsh,Iftikhar Ahmed,0,0,,,,,,,,,
1384409,2023/24,2023-10-20,"M Chinnaswamy Stadium, Bengaluru",1,22.1,Australia,Pakistan,MR Marsh,DA Warner,Mohammad Nawaz,0,0,,,,,,,,,
1384409,2023/24,2023-10-20,"M Chinnaswamy Stadium, Bengaluru",1,22.2,Australia,Pakistan,MR Marsh,DA Warner,Mohammad Nawaz,0,0,,,,,,,,,
1384409,2023/24,2023-10-20,"M Chinnaswamy Stadium, Bengaluru",1,22.3,Australia,Pakistan,MR Marsh,DA Warner,Mohammad Nawaz,1,0,,,,,,,,,
1384409,2023/24,2023-10-20,"M Chinnaswamy Stadium, Bengaluru",1,22.4,Australia,Pakistan,DA Warner,MR Marsh,Mohammad Nawaz,0,0,,,,,,,,,
1384409,2023/24,2023-10-20,"M Chinnaswamy Stadium, Bengaluru",1,22.5,Australia,Pakistan,DA Warner,MR Marsh,Mohammad Nawaz,6,0,,,,,,,,,
1384409,2023/24,2023-10-20,"M Chinnaswamy Stadium, Bengaluru",1,22.6,Australia,Pakistan,DA Warner,MR Marsh,Mohammad Nawaz,0,0,,,,,,,,,
1384409,2023/24,2023-10-20,"M Chinnaswamy Stadium, Bengaluru",1,23.1,Australia,Pakistan,MR Marsh,DA Warner,Iftikhar Ahmed,0,0,,,,,,,,,
1384409,2023/24,2023-10-20,"M Chinnaswamy Stadium, Bengaluru",1,23.2,Australia,Pakistan,MR Marsh,DA Warner,Iftikhar Ahmed,0,0,,,,,,,,,
1384409,2023/24,2023-10-20,"M Chinnaswamy Stadium, Bengaluru",1,23.3,Australia,Pakistan,MR Marsh,DA Warner,Iftikhar Ahmed,0,0,,,,,,,,,
1384409,2023/24,2023-10-20,"M Chinnaswamy Stadium, Bengaluru",1,23.4,Australia,Pakistan,MR Marsh,DA Warner,Iftikhar Ahmed,0,0,,,,,,,,,
1384409,2023/24,2023-10-20,"M Chinnaswamy Stadium, Bengaluru",1,23.5,Australia,Pakistan,MR Marsh,DA Warner,Iftikhar Ahmed,1,0,,,,,,,,,
1384409,2023/24,2023-10-20,"M Chinnaswamy Stadium, Bengaluru",1,23.6,Australia,Pakistan,DA Warner,MR Marsh,Iftikhar Ahmed,1,0,,,,,,,,,
1384409,2023/24,2023-10-20,"M Chinnaswamy Stadium, Bengaluru",1,24.1,Australia,Pakistan,DA Warner,MR Marsh,Mohammad Nawaz,1,0,,,,,,,,,
1384409,2023/24,2023-10-20,"M Chinnaswamy Stadium, Bengaluru",1,24.2,Australia,Pakistan,MR Marsh,DA Warner,Mohammad Nawaz,0,0,,,,,,,,,
1384409,2023/24,2023-10-20,"M Chinnaswamy Stadium, Bengaluru",1,24.3,Australia,Pakistan,MR Marsh,DA Warner,Mohammad Nawaz,0,0,,,,,,,,,
1384409,2023/24,2023-10-20,"M Chinnaswamy Stadium, Bengaluru",1,24.4,Australia,Pakistan,MR Marsh,DA Warner,Mohammad Nawaz,0,0,,,,,,,,,
1384409,2023/24,2023-10-20,"M Chinnaswamy Stadium, Bengaluru",1,24.5,Australia,Pakistan,MR Marsh,DA Warner,Mohammad Nawaz,0,0,,,,,,,,,
1384409,2023/24,2023-10-20,"M Chinnaswamy Stadium, Bengaluru",1,24.6,Australia,Pakistan,MR Marsh,DA Warner,Mohammad Nawaz,0,0,,,,,,,,,
1384409,2023/24,2023-10-20,"M Chinnaswamy Stadium, Bengaluru",1,25.1,Australia,Pakistan,DA Warner,MR Marsh,Iftikhar Ahmed,1,0,,,,,,,,,
1384409,2023/24,2023-10-20,"M Chinnaswamy Stadium, Bengaluru",1,25.2,Australia,Pakistan,MR Marsh,DA Warner,Iftikhar Ahmed,0,2,,,,2,,,,,
1384409,2023/24,2023-10-20,"M Chinnaswamy Stadium, Bengaluru",1,25.3,Australia,Pakistan,MR Marsh,DA Warner,Iftikhar Ahmed,0,0,,,,,,,,,
1384409,2023/24,2023-10-20,"M Chinnaswamy Stadium, Bengaluru",1,25.4,Australia,Pakistan,MR Marsh,DA Warner,Iftikhar Ahmed,0,0,,,,,,,,,
1384409,2023/24,2023-10-20,"M Chinnaswamy Stadium, Bengaluru",1,25.5,Australia,Pakistan,MR Marsh,DA Warner,Iftikhar Ahmed,0,0,,,,,,,,,
1384409,2023/24,2023-10-20,"M Chinnaswamy Stadium, Bengaluru",1,25.6,Australia,Pakistan,MR Marsh,DA Warner,Iftikhar Ahmed,1,0,,,,,,,,,
1384409,2023/24,2023-10-20,"M Chinnaswamy Stadium, Bengaluru",1,26.1,Australia,Pakistan,MR Marsh,DA Warner,Mohammad Nawaz,1,0,,,,,,,,,
1384409,2023/24,2023-10-20,"M Chinnaswamy Stadium, Bengaluru",1,26.2,Australia,Pakistan,DA Warner,MR Marsh,Mohammad Nawaz,2,0,,,,,,,,,
1384409,2023/24,2023-10-20,"M Chinnaswamy Stadium, Bengaluru",1,26.3,Australia,Pakistan,DA Warner,MR Marsh,Mohammad Nawaz,4,0,,,,,,,,,
1384409,2023/24,2023-10-20,"M Chinnaswamy Stadium, Bengaluru",1,26.4,Australia,Pakistan,DA Warner,MR Marsh,Mohammad Nawaz,1,0,,,,,,,,,
1384409,2023/24,2023-10-20,"M Chinnaswamy Stadium, Bengaluru",1,26.5,Australia,Pakistan,MR Marsh,DA Warner,Mohammad Nawaz,0,0,,,,,,,,,
1384409,2023/24,2023-10-20,"M Chinnaswamy Stadium, Bengaluru",1,26.6,Australia,Pakistan,MR Marsh,DA Warner,Mohammad Nawaz,1,0,,,,,,,,,
1384409,2023/24,2023-10-20,"M Chinnaswamy Stadium, Bengaluru",1,27.1,Australia,Pakistan,MR Marsh,DA Warner,Hasan Ali,6,0,,,,,,,,,
1384409,2023/24,2023-10-20,"M Chinnaswamy Stadium, Bengaluru",1,27.2,Australia,Pakistan,MR Marsh,DA Warner,Hasan Ali,0,0,,,,,,,,,
1384409,2023/24,2023-10-20,"M Chinnaswamy Stadium, Bengaluru",1,27.3,Australia,Pakistan,MR Marsh,DA Warner,Hasan Ali,0,0,,,,,,,,,
1384409,2023/24,2023-10-20,"M Chinnaswamy Stadium, Bengaluru",1,27.4,Australia,Pakistan,MR Marsh,DA Warner,Hasan Ali,0,0,,,,,,,,,
1384409,2023/24,2023-10-20,"M Chinnaswamy Stadium, Bengaluru",1,27.5,Australia,Pakistan,MR Marsh,DA Warner,Hasan Ali,0,0,,,,,,,,,
1384409,2023/24,2023-10-20,"M Chinnaswamy Stadium, Bengaluru",1,27.6,Australia,Pakistan,MR Marsh,DA Warner,Hasan Ali,1,0,,,,,,,,,
1384409,2023/24,2023-10-20,"M Chinnaswamy Stadium, Bengaluru",1,28.1,Australia,Pakistan,MR Marsh,DA Warner,Mohammad Nawaz,1,0,,,,,,,,,
1384409,2023/24,2023-10-20,"M Chinnaswamy Stadium, Bengaluru",1,28.2,Australia,Pakistan,DA Warner,MR Marsh,Mohammad Nawaz,0,0,,,,,,,,,
1384409,2023/24,2023-10-20,"M Chinnaswamy Stadium, Bengaluru",1,28.3,Australia,Pakistan,DA Warner,MR Marsh,Mohammad Nawaz,4,0,,,,,,,,,
1384409,2023/24,2023-10-20,"M Chinnaswamy Stadium, Bengaluru",1,28.4,Australia,Pakistan,DA Warner,MR Marsh,Mohammad Nawaz,0,0,,,,,,,,,
1384409,2023/24,2023-10-20,"M Chinnaswamy Stadium, Bengaluru",1,28.5,Australia,Pakistan,DA Warner,MR Marsh,Mohammad Nawaz,1,0,,,,,,,,,
1384409,2023/24,2023-10-20,"M Chinnaswamy Stadium, Bengaluru",1,28.6,Australia,Pakistan,MR Marsh,DA Warner,Mohammad Nawaz,1,0,,,,,,,,,
1384409,2023/24,2023-10-20,"M Chinnaswamy Stadium, Bengaluru",1,29.1,Australia,Pakistan,MR Marsh,DA Warner,Hasan Ali,0,0,,,,,,,,,
1384409,2023/24,2023-10-20,"M Chinnaswamy Stadium, Bengaluru",1,29.2,Australia,Pakistan,MR Marsh,DA Warner,Hasan Ali,6,0,,,,,,,,,
1384409,2023/24,2023-10-20,"M Chinnaswamy Stadium, Bengaluru",1,29.3,Australia,Pakistan,MR Marsh,DA Warner,Hasan Ali,0,0,,,,,,,,,
1384409,2023/24,2023-10-20,"M Chinnaswamy Stadium, Bengaluru",1,29.4,Australia,Pakistan,MR Marsh,DA Warner,Hasan Ali,1,0,,,,,,,,,
1384409,2023/24,2023-10-20,"M Chinnaswamy Stadium, Bengaluru",1,29.5,Australia,Pakistan,DA Warner,MR Marsh,Hasan Ali,1,0,,,,,,,,,
1384409,2023/24,2023-10-20,"M Chinnaswamy Stadium, Bengaluru",1,29.6,Australia,Pakistan,MR Marsh,DA Warner,Hasan Ali,1,0,,,,,,,,,
1384409,2023/24,2023-10-20,"M Chinnaswamy Stadium, Bengaluru",1,30.1,Australia,Pakistan,MR Marsh,DA Warner,Mohammad Nawaz,1,0,,,,,,,,,
1384409,2023/24,2023-10-20,"M Chinnaswamy Stadium, Bengaluru",1,30.2,Australia,Pakistan,DA Warner,MR Marsh,Mohammad Nawaz,0,0,,,,,,,,,
1384409,2023/24,2023-10-20,"M Chinnaswamy Stadium, Bengaluru",1,30.3,Australia,Pakistan,DA Warner,MR Marsh,Mohammad Nawaz,0,0,,,,,,,,,
1384409,2023/24,2023-10-20,"M Chinnaswamy Stadium, Bengaluru",1,30.4,Australia,Pakistan,DA Warner,MR Marsh,Mohammad Nawaz,1,0,,,,,,,,,
1384409,2023/24,2023-10-20,"M Chinnaswamy Stadium, Bengaluru",1,30.5,Australia,Pakistan,MR Marsh,DA Warner,Mohammad Nawaz,4,0,,,,,,,,,
1384409,2023/24,2023-10-20,"M Chinnaswamy Stadium, Bengaluru",1,30.6,Australia,Pakistan,MR Marsh,DA Warner,Mohammad Nawaz,0,0,,,,,,,,,
1384409,2023/24,2023-10-20,"M Chinnaswamy Stadium, Bengaluru",1,31.1,Australia,Pakistan,DA Warner,MR Marsh,Haris Rauf,0,0,,,,,,,,,
1384409,2023/24,2023-10-20,"M Chinnaswamy Stadium, Bengaluru",1,31.2,Australia,Pakistan,DA Warner,MR Marsh,Haris Rauf,1,0,,,,,,,,,
1384409,2023/24,2023-10-20,"M Chinnaswamy Stadium, Bengaluru",1,31.3,Australia,Pakistan,MR Marsh,DA Warner,Haris Rauf,6,0,,,,,,,,,
1384409,2023/24,2023-10-20,"M Chinnaswamy Stadium, Bengaluru",1,31.4,Australia,Pakistan,MR Marsh,DA Warner,Haris Rauf,1,0,,,,,,,,,
1384409,2023/24,2023-10-20,"M Chinnaswamy Stadium, Bengaluru",1,31.5,Australia,Pakistan,DA Warner,MR Marsh,Haris Rauf,0,0,,,,,,,,,
1384409,2023/24,2023-10-20,"M Chinnaswamy Stadium, Bengaluru",1,31.6,Australia,Pakistan,DA Warner,MR Marsh,Haris Rauf,4,0,,,,,,,,,
1384409,2023/24,2023-10-20,"M Chinnaswamy Stadium, Bengaluru",1,32.1,Australia,Pakistan,MR Marsh,DA Warner,Usama Mir,1,0,,,,,,,,,
1384409,2023/24,2023-10-20,"M Chinnaswamy Stadium, Bengaluru",1,32.2,Australia,Pakistan,DA Warner,MR Marsh,Usama Mir,4,0,,,,,,,,,
1384409,2023/24,2023-10-20,"M Chinnaswamy Stadium, Bengaluru",1,32.3,Australia,Pakistan,DA Warner,MR Marsh,Usama Mir,6,0,,,,,,,,,
1384409,2023/24,2023-10-20,"M Chinnaswamy Stadium, Bengaluru",1,32.4,Australia,Pakistan,DA Warner,MR Marsh,Usama Mir,4,0,,,,,,,,,
1384409,2023/24,2023-10-20,"M Chinnaswamy Stadium, Bengaluru",1,32.5,Australia,Pakistan,DA Warner,MR Marsh,Usama Mir,4,0,,,,,,,,,
1384409,2023/24,2023-10-20,"M Chinnaswamy Stadium, Bengaluru",1,32.6,Australia,Pakistan,DA Warner,MR Marsh,Usama Mir,0,0,,,,,,,,,
1384409,2023/24,2023-10-20,"M Chinnaswamy Stadium, Bengaluru",1,33.1,Australia,Pakistan,MR Marsh,DA Warner,Shaheen Shah Afridi,6,0,,,,,,,,,
1384409,2023/24,2023-10-20,"M Chinnaswamy Stadium, Bengaluru",1,33.2,Australia,Pakistan,MR Marsh,DA Warner,Shaheen Shah Afridi,0,1,,,,1,,,,,
1384409,2023/24,2023-10-20,"M Chinnaswamy Stadium, Bengaluru",1,33.3,Australia,Pakistan,DA Warner,MR Marsh,Shaheen Shah Afridi,1,0,,,,,,,,,
1384409,2023/24,2023-10-20,"M Chinnaswamy Stadium, Bengaluru",1,33.4,Australia,Pakistan,MR Marsh,DA Warner,Shaheen Shah Afridi,6,0,,,,,,,,,
1384409,2023/24,2023-10-20,"M Chinnaswamy Stadium, Bengaluru",1,33.5,Australia,Pakistan,MR Marsh,DA Warner,Shaheen Shah Afridi,0,0,,,,,,caught,MR Marsh,,
1384409,2023/24,2023-10-20,"M Chinnaswamy Stadium, Bengaluru",1,33.6,Australia,Pakistan,GJ Maxwell,DA Warner,Shaheen Shah Afridi,0,0,,,,,,caught,GJ Maxwell,,
1384409,2023/24,2023-10-20,"M Chinnaswamy Stadium, Bengaluru",1,34.1,Australia,Pakistan,DA Warner,SPD Smith,Usama Mir,0,0,,,,,,,,,
1384409,2023/24,2023-10-20,"M Chinnaswamy Stadium, Bengaluru",1,34.2,Australia,Pakistan,DA Warner,SPD Smith,Usama Mir,1,0,,,,,,,,,
1384409,2023/24,2023-10-20,"M Chinnaswamy Stadium, Bengaluru",1,34.3,Australia,Pakistan,SPD Smith,DA Warner,Usama Mir,1,0,,,,,,,,,
1384409,2023/24,2023-10-20,"M Chinnaswamy Stadium, Bengaluru",1,34.4,Australia,Pakistan,DA Warner,SPD Smith,Usama Mir,1,0,,,,,,,,,
1384409,2023/24,2023-10-20,"M Chinnaswamy Stadium, Bengaluru",1,34.5,Australia,Pakistan,SPD Smith,DA Warner,Usama Mir,0,0,,,,,,,,,
1384409,2023/24,2023-10-20,"M Chinnaswamy Stadium, Bengaluru",1,34.6,Australia,Pakistan,SPD Smith,DA Warner,Usama Mir,2,0,,,,,,,,,
1384409,2023/24,2023-10-20,"M Chinnaswamy Stadium, Bengaluru",1,35.1,Australia,Pakistan,DA Warner,SPD Smith,Shaheen Shah Afridi,1,0,,,,,,,,,
1384409,2023/24,2023-10-20,"M Chinnaswamy Stadium, Bengaluru",1,35.2,Australia,Pakistan,SPD Smith,DA Warner,Shaheen Shah Afridi,0,1,1,,,,,,,,
1384409,2023/24,2023-10-20,"M Chinnaswamy Stadium, Bengaluru",1,35.3,Australia,Pakistan,SPD Smith,DA Warner,Shaheen Shah Afridi,1,0,,,,,,,,,
1384409,2023/24,2023-10-20,"M Chinnaswamy Stadium, Bengaluru",1,35.4,Australia,Pakistan,DA Warner,SPD Smith,Shaheen Shah Afridi,0,0,,,,,,,,,
1384409,2023/24,2023-10-20,"M Chinnaswamy Stadium, Bengaluru",1,35.5,Australia,Pakistan,DA Warner,SPD Smith,Shaheen Shah Afridi,1,0,,,,,,,,,
1384409,2023/24,2023-10-20,"M Chinnaswamy Stadium, Bengaluru",1,35.6,Australia,Pakistan,SPD Smith,DA Warner,Shaheen Shah Afridi,0,1,,,,1,,,,,
1384409,2023/24,2023-10-20,"M Chinnaswamy Stadium, Bengaluru",1,35.7,Australia,Pakistan,DA Warner,SPD Smith,Shaheen Shah Afridi,0,0,,,,,,,,,
1384409,2023/24,2023-10-20,"M Chinnaswamy Stadium, Bengaluru",1,36.1,Australia,Pakistan,SPD Smith,DA Warner,Usama Mir,0,0,,,,,,,,,
1384409,2023/24,2023-10-20,"M Chinnaswamy Stadium, Bengaluru",1,36.2,Australia,Pakistan,SPD Smith,DA Warner,Usama Mir,2,0,,,,,,,,,
1384409,2023/24,2023-10-20,"M Chinnaswamy Stadium, Bengaluru",1,36.3,Australia,Pakistan,SPD Smith,DA Warner,Usama Mir,1,0,,,,,,,,,
1384409,2023/24,2023-10-20,"M Chinnaswamy Stadium, Bengaluru",1,36.4,Australia,Pakistan,DA Warner,SPD Smith,Usama Mir,0,0,,,,,,,,,
1384409,2023/24,2023-10-20,"M Chinnaswamy Stadium, Bengaluru",1,36.5,Australia,Pakistan,DA Warner,SPD Smith,Usama Mir,0,1,1,,,,,,,,
1384409,2023/24,2023-10-20,"M Chinnaswamy Stadium, Bengaluru",1,36.6,Australia,Pakistan,DA Warner,SPD Smith,Usama Mir,0,0,,,,,,,,,
1384409,2023/24,2023-10-20,"M Chinnaswamy Stadium, Bengaluru",1,36.7,Australia,Pakistan,DA Warner,SPD Smith,Usama Mir,1,0,,,,,,,,,
1384409,2023/24,2023-10-20,"M Chinnaswamy Stadium, Bengaluru",1,37.1,Australia,Pakistan,DA Warner,SPD Smith,Shaheen Shah Afridi,0,0,,,,,,,,,
1384409,2023/24,2023-10-20,"M Chinnaswamy Stadium, Bengaluru",1,37.2,Australia,Pakistan,DA Warner,SPD Smith,Shaheen Shah Afridi,2,0,,,,,,,,,
1384409,2023/24,2023-10-20,"M Chinnaswamy Stadium, Bengaluru",1,37.3,Australia,Pakistan,DA Warner,SPD Smith,Shaheen Shah Afridi,4,0,,,,,,,,,
1384409,2023/24,2023-10-20,"M Chinnaswamy Stadium, Bengaluru",1,37.4,Australia,Pakistan,DA Warner,SPD Smith,Shaheen Shah Afridi,0,0,,,,,,,,,
1384409,2023/24,2023-10-20,"M Chinnaswamy Stadium, Bengaluru",1,37.5,Australia,Pakistan,DA Warner,SPD Smith,Shaheen Shah Afridi,4,0,,,,,,,,,
1384409,2023/24,2023-10-20,"M Chinnaswamy Stadium, Bengaluru",1,37.6,Australia,Pakistan,DA Warner,SPD Smith,Shaheen Shah Afridi,0,0,,,,,,,,,
1384409,2023/24,2023-10-20,"M Chinnaswamy Stadium, Bengaluru",1,38.1,Australia,Pakistan,SPD Smith,DA Warner,Usama Mir,0,0,,,,,,caught and bowled,SPD Smith,,
1384409,2023/24,2023-10-20,"M Chinnaswamy Stadium, Bengaluru",1,38.2,Australia,Pakistan,MP Stoinis,DA Warner,Usama Mir,1,0,,,,,,,,,
1384409,2023/24,2023-10-20,"M Chinnaswamy Stadium, Bengaluru",1,38.3,Australia,Pakistan,DA Warner,MP Stoinis,Usama Mir,1,0,,,,,,,,,
1384409,2023/24,2023-10-20,"M Chinnaswamy Stadium, Bengaluru",1,38.4,Australia,Pakistan,MP Stoinis,DA Warner,Usama Mir,1,0,,,,,,,,,
1384409,2023/24,2023-10-20,"M Chinnaswamy Stadium, Bengaluru",1,38.5,Australia,Pakistan,DA Warner,MP Stoinis,Usama Mir,0,0,,,,,,,,,
1384409,2023/24,2023-10-20,"M Chinnaswamy Stadium, Bengaluru",1,38.6,Australia,Pakistan,DA Warner,MP Stoinis,Usama Mir,4,0,,,,,,,,,
1384409,2023/24,2023-10-20,"M Chinnaswamy Stadium, Bengaluru",1,39.1,Australia,Pakistan,MP Stoinis,DA Warner,Hasan Ali,0,2,,,,2,,,,,
1384409,2023/24,2023-10-20,"M Chinnaswamy Stadium, Bengaluru",1,39.2,Australia,Pakistan,MP Stoinis,DA Warner,Hasan Ali,0,0,,,,,,,,,
1384409,2023/24,2023-10-20,"M Chinnaswamy Stadium, Bengaluru",1,39.3,Australia,Pakistan,MP Stoinis,DA Warner,Hasan Ali,2,0,,,,,,,,,
1384409,2023/24,2023-10-20,"M Chinnaswamy Stadium, Bengaluru",1,39.4,Australia,Pakistan,MP Stoinis,DA Warner,Hasan Ali,0,1,,,,1,,,,,
1384409,2023/24,2023-10-20,"M Chinnaswamy Stadium, Bengaluru",1,39.5,Australia,Pakistan,DA Warner,MP Stoinis,Hasan Ali,1,0,,,,,,,,,
1384409,2023/24,2023-10-20,"M Chinnaswamy Stadium, Bengaluru",1,39.6,Australia,Pakistan,MP Stoinis,DA Warner,Hasan Ali,0,0,,,,,,,,,
1384409,2023/24,2023-10-20,"M Chinnaswamy Stadium, Bengaluru",1,40.1,Australia,Pakistan,DA Warner,MP Stoinis,Usama Mir,6,0,,,,,,,,,
1384409,2023/24,2023-10-20,"M Chinnaswamy Stadium, Bengaluru",1,40.2,Australia,Pakistan,DA Warner,MP Stoinis,Usama Mir,1,0,,,,,,,,,
1384409,2023/24,2023-10-20,"M Chinnaswamy Stadium, Bengaluru",1,40.3,Australia,Pakistan,MP Stoinis,DA Warner,Usama Mir,1,0,,,,,,,,,
1384409,2023/24,2023-10-20,"M Chinnaswamy Stadium, Bengaluru",1,40.4,Australia,Pakistan,DA Warner,MP Stoinis,Usama Mir,0,0,,,,,,,,,
1384409,2023/24,2023-10-20,"M Chinnaswamy Stadium, Bengaluru",1,40.5,Australia,Pakistan,DA Warner,MP Stoinis,Usama Mir,1,0,,,,,,,,,
1384409,2023/24,2023-10-20,"M Chinnaswamy Stadium, Bengaluru",1,40.6,Australia,Pakistan,MP Stoinis,DA Warner,Usama Mir,6,0,,,,,,,,,
1384409,2023/24,2023-10-20,"M Chinnaswamy Stadium, Bengaluru",1,41.1,Australia,Pakistan,DA Warner,MP Stoinis,Hasan Ali,1,0,,,,,,,,,
1384409,2023/24,2023-10-20,"M Chinnaswamy Stadium, Bengaluru",1,41.2,Australia,Pakistan,MP Stoinis,DA Warner,Hasan Ali,0,0,,,,,,,,,
1384409,2023/24,2023-10-20,"M Chinnaswamy Stadium, Bengaluru",1,41.3,Australia,Pakistan,MP Stoinis,DA Warner,Hasan Ali,1,0,,,,,,,,,
1384409,2023/24,2023-10-20,"M Chinnaswamy Stadium, Bengaluru",1,41.4,Australia,Pakistan,DA Warner,MP Stoinis,Hasan Ali,2,0,,,,,,,,,
1384409,2023/24,2023-10-20,"M Chinnaswamy Stadium, Bengaluru",1,41.5,Australia,Pakistan,DA Warner,MP Stoinis,Hasan Ali,1,0,,,,,,,,,
1384409,2023/24,2023-10-20,"M Chinnaswamy Stadium, Bengaluru",1,41.6,Australia,Pakistan,MP Stoinis,DA Warner,Hasan Ali,2,0,,,,,,,,,
1384409,2023/24,2023-10-20,"M Chinnaswamy Stadium, Bengaluru",1,42.1,Australia,Pakistan,DA Warner,MP Stoinis,Haris Rauf,6,0,,,,,,,,,
1384409,2023/24,2023-10-20,"M Chinnaswamy Stadium, Bengaluru",1,42.2,Australia,Pakistan,DA Warner,MP Stoinis,Haris Rauf,0,0,,,,,,caught,DA Warner,,
1384409,2023/24,2023-10-20,"M Chinnaswamy Stadium, Bengaluru",1,42.3,Australia,Pakistan,JP Inglis,MP Stoinis,Haris Rauf,4,0,,,,,,,,,
1384409,2023/24,2023-10-20,"M Chinnaswamy Stadium, Bengaluru",1,42.4,Australia,Pakistan,JP Inglis,MP Stoinis,Haris Rauf,1,0,,,,,,,,,
1384409,2023/24,2023-10-20,"M Chinnaswamy Stadium, Bengaluru",1,42.5,Australia,Pakistan,MP Stoinis,JP Inglis,Haris Rauf,0,0,,,,,,,,,
1384409,2023/24,2023-10-20,"M Chinnaswamy Stadium, Bengaluru",1,42.6,Australia,Pakistan,MP Stoinis,JP Inglis,Haris Rauf,0,0,,,,,,,,,
1384409,2023/24,2023-10-20,"M Chinnaswamy Stadium, Bengaluru",1,43.1,Australia,Pakistan,JP Inglis,MP Stoinis,Hasan Ali,0,0,,,,,,,,,
1384409,2023/24,2023-10-20,"M Chinnaswamy Stadium, Bengaluru",1,43.2,Australia,Pakistan,JP Inglis,MP Stoinis,Hasan Ali,0,0,,,,,,,,,
1384409,2023/24,2023-10-20,"M Chinnaswamy Stadium, Bengaluru",1,43.3,Australia,Pakistan,JP Inglis,MP Stoinis,Hasan Ali,4,0,,,,,,,,,
1384409,2023/24,2023-10-20,"M Chinnaswamy Stadium, Bengaluru",1,43.4,Australia,Pakistan,JP Inglis,MP Stoinis,Hasan Ali,0,0,,,,,,,,,
1384409,2023/24,2023-10-20,"M Chinnaswamy Stadium, Bengaluru",1,43.5,Australia,Pakistan,JP Inglis,MP Stoinis,Hasan Ali,4,0,,,,,,,,,
1384409,2023/24,2023-10-20,"M Chinnaswamy Stadium, Bengaluru",1,43.6,Australia,Pakistan,JP Inglis,MP Stoinis,Hasan Ali,0,0,,,,,,,,,
1384409,2023/24,2023-10-20,"M Chinnaswamy Stadium, Bengaluru",1,44.1,Australia,Pakistan,MP Stoinis,JP Inglis,Haris Rauf,1,0,,,,,,,,,
1384409,2023/24,2023-10-20,"M Chinnaswamy Stadium, Bengaluru",1,44.2,Australia,Pakistan,JP Inglis,MP Stoinis,Haris Rauf,0,0,,,,,,caught,JP Inglis,,
1384409,2023/24,2023-10-20,"M Chinnaswamy Stadium, Bengaluru",1,44.3,Australia,Pakistan,M Labuschagne,MP Stoinis,Haris Rauf,1,0,,,,,,,,,
1384409,2023/24,2023-10-20,"M Chinnaswamy Stadium, Bengaluru",1,44.4,Australia,Pakistan,MP Stoinis,M Labuschagne,Haris Rauf,0,0,,,,,,,,,
1384409,2023/24,2023-10-20,"M Chinnaswamy Stadium, Bengaluru",1,44.5,Australia,Pakistan,MP Stoinis,M Labuschagne,Haris Rauf,0,0,,,,,,,,,
1384409,2023/24,2023-10-20,"M Chinnaswamy Stadium, Bengaluru",1,44.6,Australia,Pakistan,MP Stoinis,M Labuschagne,Haris Rauf,0,0,,,,,,,,,
1384409,2023/24,2023-10-20,"M Chinnaswamy Stadium, Bengaluru",1,45.1,Australia,Pakistan,M Labuschagne,MP Stoinis,Shaheen Shah Afridi,0,0,,,,,,,,,
1384409,2023/24,2023-10-20,"M Chinnaswamy Stadium, Bengaluru",1,45.2,Australia,Pakistan,M Labuschagne,MP Stoinis,Shaheen Shah Afridi,0,0,,,,,,,,,
1384409,2023/24,2023-10-20,"M Chinnaswamy Stadium, Bengaluru",1,45.3,Australia,Pakistan,M Labuschagne,MP Stoinis,Shaheen Shah Afridi,1,0,,,,,,,,,
1384409,2023/24,2023-10-20,"M Chinnaswamy Stadium, Bengaluru",1,45.4,Australia,Pakistan,MP Stoinis,M Labuschagne,Shaheen Shah Afridi,4,0,,,,,,,,,
1384409,2023/24,2023-10-20,"M Chinnaswamy Stadium, Bengaluru",1,45.5,Australia,Pakistan,MP Stoinis,M Labuschagne,Shaheen Shah Afridi,1,0,,,,,,,,,
1384409,2023/24,2023-10-20,"M Chinnaswamy Stadium, Bengaluru",1,45.6,Australia,Pakistan,M Labuschagne,MP Stoinis,Shaheen Shah Afridi,1,0,,,,,,,,,
1384409,2023/24,2023-10-20,"M Chinnaswamy Stadium, Bengaluru",1,46.1,Australia,Pakistan,M Labuschagne,MP Stoinis,Haris Rauf,0,0,,,,,,,,,
1384409,2023/24,2023-10-20,"M Chinnaswamy Stadium, Bengaluru",1,46.2,Australia,Pakistan,M Labuschagne,MP Stoinis,Haris Rauf,4,0,,,,,,,,,
1384409,2023/24,2023-10-20,"M Chinnaswamy Stadium, Bengaluru",1,46.3,Australia,Pakistan,M Labuschagne,MP Stoinis,Haris Rauf,1,0,,,,,,,,,
1384409,2023/24,2023-10-20,"M Chinnaswamy Stadium, Bengaluru",1,46.4,Australia,Pakistan,MP Stoinis,M Labuschagne,Haris Rauf,0,1,1,,,,,,,,
1384409,2023/24,2023-10-20,"M Chinnaswamy Stadium, Bengaluru",1,46.5,Australia,Pakistan,MP Stoinis,M Labuschagne,Haris Rauf,0,0,,,,,,,,,
1384409,2023/24,2023-10-20,"M Chinnaswamy Stadium, Bengaluru",1,46.6,Australia,Pakistan,MP Stoinis,M Labuschagne,Haris Rauf,0,0,,,,,,,,,
1384409,2023/24,2023-10-20,"M Chinnaswamy Stadium, Bengaluru",1,46.7,Australia,Pakistan,MP Stoinis,M Labuschagne,Haris Rauf,1,0,,,,,,,,,
1384409,2023/24,2023-10-20,"M Chinnaswamy Stadium, Bengaluru",1,47.1,Australia,Pakistan,MP Stoinis,M Labuschagne,Shaheen Shah Afridi,0,0,,,,,,lbw,MP Stoinis,,
1384409,2023/24,2023-10-20,"M Chinnaswamy Stadium, Bengaluru",1,47.2,Australia,Pakistan,PJ Cummins,M Labuschagne,Shaheen Shah Afridi,0,0,,,,,,,,,
1384409,2023/24,2023-10-20,"M Chinnaswamy Stadium, Bengaluru",1,47.3,Australia,Pakistan,PJ Cummins,M Labuschagne,Shaheen Shah Afridi,0,1,,,,1,,,,,
1384409,2023/24,2023-10-20,"M Chinnaswamy Stadium, Bengaluru",1,47.4,Australia,Pakistan,M Labuschagne,PJ Cummins,Shaheen Shah Afridi,0,0,,,,,,,,,
1384409,2023/24,2023-10-20,"M Chinnaswamy Stadium, Bengaluru",1,47.5,Australia,Pakistan,M Labuschagne,PJ Cummins,Shaheen Shah Afridi,0,1,,,,1,,,,,
1384409,2023/24,2023-10-20,"M Chinnaswamy Stadium, Bengaluru",1,47.6,Australia,Pakistan,PJ Cummins,M Labuschagne,Shaheen Shah Afridi,2,0,,,,,,,,,
1384409,2023/24,2023-10-20,"M Chinnaswamy Stadium, Bengaluru",1,48.1,Australia,Pakistan,M Labuschagne,PJ Cummins,Haris Rauf,0,1,,,1,,,,,,
1384409,2023/24,2023-10-20,"M Chinnaswamy Stadium, Bengaluru",1,48.2,Australia,Pakistan,PJ Cummins,M Labuschagne,Haris Rauf,1,0,,,,,,,,,
1384409,2023/24,2023-10-20,"M Chinnaswamy Stadium, Bengaluru",1,48.3,Australia,Pakistan,M Labuschagne,PJ Cummins,Haris Rauf,0,0,,,,,,caught,M Labuschagne,,
1384409,2023/24,2023-10-20,"M Chinnaswamy Stadium, Bengaluru",1,48.4,Australia,Pakistan,MA Starc,PJ Cummins,Haris Rauf,1,0,,,,,,,,,
1384409,2023/24,2023-10-20,"M Chinnaswamy Stadium, Bengaluru",1,48.5,Australia,Pakistan,PJ Cummins,MA Starc,Haris Rauf,1,0,,,,,,,,,
1384409,2023/24,2023-10-20,"M Chinnaswamy Stadium, Bengaluru",1,48.6,Australia,Pakistan,MA Starc,PJ Cummins,Haris Rauf,1,0,,,,,,,,,
1384409,2023/24,2023-10-20,"M Chinnaswamy Stadium, Bengaluru",1,49.1,Australia,Pakistan,MA Starc,PJ Cummins,Shaheen Shah Afridi,0,0,,,,,,caught,MA Starc,,
1384409,2023/24,2023-10-20,"M Chinnaswamy Stadium, Bengaluru",1,49.2,Australia,Pakistan,JR Hazlewood,PJ Cummins,Shaheen Shah Afridi,0,0,,,,,,caught,JR Hazlewood,,
1384409,2023/24,2023-10-20,"M Chinnaswamy Stadium, Bengaluru",1,49.3,Australia,Pakistan,A Zampa,PJ Cummins,Shaheen Shah Afridi,0,1,1,,,,,,,,
1384409,2023/24,2023-10-20,"M Chinnaswamy Stadium, Bengaluru",1,49.4,Australia,Pakistan,A Zampa,PJ Cummins,Shaheen Shah Afridi,1,0,,,,,,,,,
1384409,2023/24,2023-10-20,"M Chinnaswamy Stadium, Bengaluru",1,49.5,Australia,Pakistan,PJ Cummins,A Zampa,Shaheen Shah Afridi,0,0,,,,,,,,,
1384409,2023/24,2023-10-20,"M Chinnaswamy Stadium, Bengaluru",1,49.6,Australia,Pakistan,PJ Cummins,A Zampa,Shaheen Shah Afridi,0,0,,,,,,,,,
1384409,2023/24,2023-10-20,"M Chinnaswamy Stadium, Bengaluru",1,49.7,Australia,Pakistan,PJ Cummins,A Zampa,Shaheen Shah Afridi,2,0,,,,,,,,,
1384409,2023/24,2023-10-20,"M Chinnaswamy Stadium, Bengaluru",2,0.1,Pakistan,Australia,Abdullah Shafique,Imam-ul-Haq,MA Starc,0,1,1,,,,,,,,
1384409,2023/24,2023-10-20,"M Chinnaswamy Stadium, Bengaluru",2,0.2,Pakistan,Australia,Abdullah Shafique,Imam-ul-Haq,MA Starc,0,1,1,,,,,,,,
1384409,2023/24,2023-10-20,"M Chinnaswamy Stadium, Bengaluru",2,0.3,Pakistan,Australia,Abdullah Shafique,Imam-ul-Haq,MA Starc,0,0,,,,,,,,,
1384409,2023/24,2023-10-20,"M Chinnaswamy Stadium, Bengaluru",2,0.4,Pakistan,Australia,Abdullah Shafique,Imam-ul-Haq,MA Starc,0,1,1,,,,,,,,
1384409,2023/24,2023-10-20,"M Chinnaswamy Stadium, Bengaluru",2,0.5,Pakistan,Australia,Abdullah Shafique,Imam-ul-Haq,MA Starc,0,1,1,,,,,,,,
1384409,2023/24,2023-10-20,"M Chinnaswamy Stadium, Bengaluru",2,0.6,Pakistan,Australia,Abdullah Shafique,Imam-ul-Haq,MA Starc,0,0,,,,,,,,,
1384409,2023/24,2023-10-20,"M Chinnaswamy Stadium, Bengaluru",2,0.7,Pakistan,Australia,Abdullah Shafique,Imam-ul-Haq,MA Starc,0,0,,,,,,,,,
1384409,2023/24,2023-10-20,"M Chinnaswamy Stadium, Bengaluru",2,0.8,Pakistan,Australia,Abdullah Shafique,Imam-ul-Haq,MA Starc,1,0,,,,,,,,,
1384409,2023/24,2023-10-20,"M Chinnaswamy Stadium, Bengaluru",2,0.9,Pakistan,Australia,Imam-ul-Haq,Abdullah Shafique,MA Starc,0,0,,,,,,,,,
1384409,2023/24,2023-10-20,"M Chinnaswamy Stadium, Bengaluru",2,0.10,Pakistan,Australia,Imam-ul-Haq,Abdullah Shafique,MA Starc,3,0,,,,,,,,,
1384409,2023/24,2023-10-20,"M Chinnaswamy Stadium, Bengaluru",2,1.1,Pakistan,Australia,Imam-ul-Haq,Abdullah Shafique,JR Hazlewood,4,0,,,,,,,,,
1384409,2023/24,2023-10-20,"M Chinnaswamy Stadium, Bengaluru",2,1.2,Pakistan,Australia,Imam-ul-Haq,Abdullah Shafique,JR Hazlewood,0,0,,,,,,,,,
1384409,2023/24,2023-10-20,"M Chinnaswamy Stadium, Bengaluru",2,1.3,Pakistan,Australia,Imam-ul-Haq,Abdullah Shafique,JR Hazlewood,0,0,,,,,,,,,
1384409,2023/24,2023-10-20,"M Chinnaswamy Stadium, Bengaluru",2,1.4,Pakistan,Australia,Imam-ul-Haq,Abdullah Shafique,JR Hazlewood,0,0,,,,,,,,,
1384409,2023/24,2023-10-20,"M Chinnaswamy Stadium, Bengaluru",2,1.5,Pakistan,Australia,Imam-ul-Haq,Abdullah Shafique,JR Hazlewood,0,0,,,,,,,,,
1384409,2023/24,2023-10-20,"M Chinnaswamy Stadium, Bengaluru",2,1.6,Pakistan,Australia,Imam-ul-Haq,Abdullah Shafique,JR Hazlewood,0,0,,,,,,,,,
1384409,2023/24,2023-10-20,"M Chinnaswamy Stadium, Bengaluru",2,2.1,Pakistan,Australia,Abdullah Shafique,Imam-ul-Haq,MA Starc,4,0,,,,,,,,,
1384409,2023/24,2023-10-20,"M Chinnaswamy Stadium, Bengaluru",2,2.2,Pakistan,Australia,Abdullah Shafique,Imam-ul-Haq,MA Starc,0,0,,,,,,,,,
1384409,2023/24,2023-10-20,"M Chinnaswamy Stadium, Bengaluru",2,2.3,Pakistan,Australia,Abdullah Shafique,Imam-ul-Haq,MA Starc,0,0,,,,,,,,,
1384409,2023/24,2023-10-20,"M Chinnaswamy Stadium, Bengaluru",2,2.4,Pakistan,Australia,Abdullah Shafique,Imam-ul-Haq,MA Starc,0,0,,,,,,,,,
1384409,2023/24,2023-10-20,"M Chinnaswamy Stadium, Bengaluru",2,2.5,Pakistan,Australia,Abdullah Shafique,Imam-ul-Haq,MA Starc,4,0,,,,,,,,,
1384409,2023/24,2023-10-20,"M Chinnaswamy Stadium, Bengaluru",2,2.6,Pakistan,Australia,Abdullah Shafique,Imam-ul-Haq,MA Starc,0,0,,,,,,,,,
1384409,2023/24,2023-10-20,"M Chinnaswamy Stadium, Bengaluru",2,3.1,Pakistan,Australia,Imam-ul-Haq,Abdullah Shafique,JR Hazlewood,4,0,,,,,,,,,
1384409,2023/24,2023-10-20,"M Chinnaswamy Stadium, Bengaluru",2,3.2,Pakistan,Australia,Imam-ul-Haq,Abdullah Shafique,JR Hazlewood,4,0,,,,,,,,,
1384409,2023/24,2023-10-20,"M Chinnaswamy Stadium, Bengaluru",2,3.3,Pakistan,Australia,Imam-ul-Haq,Abdullah Shafique,JR Hazlewood,0,0,,,,,,,,,
1384409,2023/24,2023-10-20,"M Chinnaswamy Stadium, Bengaluru",2,3.4,Pakistan,Australia,Imam-ul-Haq,Abdullah Shafique,JR Hazlewood,0,0,,,,,,,,,
1384409,2023/24,2023-10-20,"M Chinnaswamy Stadium, Bengaluru",2,3.5,Pakistan,Australia,Imam-ul-Haq,Abdullah Shafique,JR Hazlewood,0,0,,,,,,,,,
1384409,2023/24,2023-10-20,"M Chinnaswamy Stadium, Bengaluru",2,3.6,Pakistan,Australia,Imam-ul-Haq,Abdullah Shafique,JR Hazlewood,0,0,,,,,,,,,
1384409,2023/24,2023-10-20,"M Chinnaswamy Stadium, Bengaluru",2,4.1,Pakistan,Australia,Abdullah Shafique,Imam-ul-Haq,MA Starc,0,1,1,,,,,,,,
1384409,2023/24,2023-10-20,"M Chinnaswamy Stadium, Bengaluru",2,4.2,Pakistan,Australia,Abdullah Shafique,Imam-ul-Haq,MA Starc,1,0,,,,,,,,,
1384409,2023/24,2023-10-20,"M Chinnaswamy Stadium, Bengaluru",2,4.3,Pakistan,Australia,Imam-ul-Haq,Abdullah Shafique,MA Starc,4,0,,,,,,,,,
1384409,2023/24,2023-10-20,"M Chinnaswamy Stadium, Bengaluru",2,4.4,Pakistan,Australia,Imam-ul-Haq,Abdullah Shafique,MA Starc,2,0,,,,,,,,,
1384409,2023/24,2023-10-20,"M Chinnaswamy Stadium, Bengaluru",2,4.5,Pakistan,Australia,Imam-ul-Haq,Abdullah Shafique,MA Starc,4,0,,,,,,,,,
1384409,2023/24,2023-10-20,"M Chinnaswamy Stadium, Bengaluru",2,4.6,Pakistan,Australia,Imam-ul-Haq,Abdullah Shafique,MA Starc,0,0,,,,,,,,,
1384409,2023/24,2023-10-20,"M Chinnaswamy Stadium, Bengaluru",2,4.7,Pakistan,Australia,Imam-ul-Haq,Abdullah Shafique,MA Starc,0,0,,,,,,,,,
1384409,2023/24,2023-10-20,"M Chinnaswamy Stadium, Bengaluru",2,5.1,Pakistan,Australia,Abdullah Shafique,Imam-ul-Haq,JR Hazlewood,0,0,,,,,,,,,
1384409,2023/24,2023-10-20,"M Chinnaswamy Stadium, Bengaluru",2,5.2,Pakistan,Australia,Abdullah Shafique,Imam-ul-Haq,JR Hazlewood,0,0,,,,,,,,,
1384409,2023/24,2023-10-20,"M Chinnaswamy Stadium, Bengaluru",2,5.3,Pakistan,Australia,Abdullah Shafique,Imam-ul-Haq,JR Hazlewood,0,0,,,,,,,,,
1384409,2023/24,2023-10-20,"M Chinnaswamy Stadium, Bengaluru",2,5.4,Pakistan,Australia,Abdullah Shafique,Imam-ul-Haq,JR Hazlewood,0,0,,,,,,,,,
1384409,2023/24,2023-10-20,"M Chinnaswamy Stadium, Bengaluru",2,5.5,Pakistan,Australia,Abdullah Shafique,Imam-ul-Haq,JR Hazlewood,0,0,,,,,,,,,
1384409,2023/24,2023-10-20,"M Chinnaswamy Stadium, Bengaluru",2,5.6,Pakistan,Australia,Abdullah Shafique,Imam-ul-Haq,JR Hazlewood,0,0,,,,,,,,,
1384409,2023/24,2023-10-20,"M Chinnaswamy Stadium, Bengaluru",2,6.1,Pakistan,Australia,Imam-ul-Haq,Abdullah Shafique,PJ Cummins,0,0,,,,,,,,,
1384409,2023/24,2023-10-20,"M Chinnaswamy Stadium, Bengaluru",2,6.2,Pakistan,Australia,Imam-ul-Haq,Abdullah Shafique,PJ Cummins,1,0,,,,,,,,,
1384409,2023/24,2023-10-20,"M Chinnaswamy Stadium, Bengaluru",2,6.3,Pakistan,Australia,Abdullah Shafique,Imam-ul-Haq,PJ Cummins,0,0,,,,,,,,,
1384409,2023/24,2023-10-20,"M Chinnaswamy Stadium, Bengaluru",2,6.4,Pakistan,Australia,Abdullah Shafique,Imam-ul-Haq,PJ Cummins,0,0,,,,,,,,,
1384409,2023/24,2023-10-20,"M Chinnaswamy Stadium, Bengaluru",2,6.5,Pakistan,Australia,Abdullah Shafique,Imam-ul-Haq,PJ Cummins,4,0,,,,,,,,,
1384409,2023/24,2023-10-20,"M Chinnaswamy Stadium, Bengaluru",2,6.6,Pakistan,Australia,Abdullah Shafique,Imam-ul-Haq,PJ Cummins,1,0,,,,,,,,,
1384409,2023/24,2023-10-20,"M Chinnaswamy Stadium, Bengaluru",2,7.1,Pakistan,Australia,Abdullah Shafique,Imam-ul-Haq,JR Hazlewood,0,0,,,,,,,,,
1384409,2023/24,2023-10-20,"M Chinnaswamy Stadium, Bengaluru",2,7.2,Pakistan,Australia,Abdullah Shafique,Imam-ul-Haq,JR Hazlewood,0,0,,,,,,,,,
1384409,2023/24,2023-10-20,"M Chinnaswamy Stadium, Bengaluru",2,7.3,Pakistan,Australia,Abdullah Shafique,Imam-ul-Haq,JR Hazlewood,1,0,,,,,,,,,
1384409,2023/24,2023-10-20,"M Chinnaswamy Stadium, Bengaluru",2,7.4,Pakistan,Australia,Imam-ul-Haq,Abdullah Shafique,JR Hazlewood,1,0,,,,,,,,,
1384409,2023/24,2023-10-20,"M Chinnaswamy Stadium, Bengaluru",2,7.5,Pakistan,Australia,Abdullah Shafique,Imam-ul-Haq,JR Hazlewood,0,0,,,,,,,,,
1384409,2023/24,2023-10-20,"M Chinnaswamy Stadium, Bengaluru",2,7.6,Pakistan,Australia,Abdullah Shafique,Imam-ul-Haq,JR Hazlewood,0,0,,,,,,,,,
1384409,2023/24,2023-10-20,"M Chinnaswamy Stadium, Bengaluru",2,8.1,Pakistan,Australia,Imam-ul-Haq,Abdullah Shafique,PJ Cummins,1,0,,,,,,,,,
1384409,2023/24,2023-10-20,"M Chinnaswamy Stadium, Bengaluru",2,8.2,Pakistan,Australia,Abdullah Shafique,Imam-ul-Haq,PJ Cummins,0,1,,,,1,,,,,
1384409,2023/24,2023-10-20,"M Chinnaswamy Stadium, Bengaluru",2,8.3,Pakistan,Australia,Imam-ul-Haq,Abdullah Shafique,PJ Cummins,0,0,,,,,,,,,
1384409,2023/24,2023-10-20,"M Chinnaswamy Stadium, Bengaluru",2,8.4,Pakistan,Australia,Imam-ul-Haq,Abdullah Shafique,PJ Cummins,1,0,,,,,,,,,
1384409,2023/24,2023-10-20,"M Chinnaswamy Stadium, Bengaluru",2,8.5,Pakistan,Australia,Abdullah Shafique,Imam-ul-Haq,PJ Cummins,4,0,,,,,,,,,
1384409,2023/24,2023-10-20,"M Chinnaswamy Stadium, Bengaluru",2,8.6,Pakistan,Australia,Abdullah Shafique,Imam-ul-Haq,PJ Cummins,0,0,,,,,,,,,
1384409,2023/24,2023-10-20,"M Chinnaswamy Stadium, Bengaluru",2,9.1,Pakistan,Australia,Imam-ul-Haq,Abdullah Shafique,JR Hazlewood,0,0,,,,,,,,,
1384409,2023/24,2023-10-20,"M Chinnaswamy Stadium, Bengaluru",2,9.2,Pakistan,Australia,Imam-ul-Haq,Abdullah Shafique,JR Hazlewood,1,0,,,,,,,,,
1384409,2023/24,2023-10-20,"M Chinnaswamy Stadium, Bengaluru",2,9.3,Pakistan,Australia,Abdullah Shafique,Imam-ul-Haq,JR Hazlewood,1,0,,,,,,,,,
1384409,2023/24,2023-10-20,"M Chinnaswamy Stadium, Bengaluru",2,9.4,Pakistan,Australia,Imam-ul-Haq,Abdullah Shafique,JR Hazlewood,1,0,,,,,,,,,
1384409,2023/24,2023-10-20,"M Chinnaswamy Stadium, Bengaluru",2,9.5,Pakistan,Australia,Abdullah Shafique,Imam-ul-Haq,JR Hazlewood,0,0,,,,,,,,,
1384409,2023/24,2023-10-20,"M Chinnaswamy Stadium, Bengaluru",2,9.6,Pakistan,Australia,Abdullah Shafique,Imam-ul-Haq,JR Hazlewood,1,0,,,,,,,,,
1384409,2023/24,2023-10-20,"M Chinnaswamy Stadium, Bengaluru",2,10.1,Pakistan,Australia,Abdullah Shafique,Imam-ul-Haq,A Zampa,1,0,,,,,,,,,
1384409,2023/24,2023-10-20,"M Chinnaswamy Stadium, Bengaluru",2,10.2,Pakistan,Australia,Imam-ul-Haq,Abdullah Shafique,A Zampa,0,0,,,,,,,,,
1384409,2023/24,2023-10-20,"M Chinnaswamy Stadium, Bengaluru",2,10.3,Pakistan,Australia,Imam-ul-Haq,Abdullah Shafique,A Zampa,0,0,,,,,,,,,
1384409,2023/24,2023-10-20,"M Chinnaswamy Stadium, Bengaluru",2,10.4,Pakistan,Australia,Imam-ul-Haq,Abdullah Shafique,A Zampa,0,0,,,,,,,,,
1384409,2023/24,2023-10-20,"M Chinnaswamy Stadium, Bengaluru",2,10.5,Pakistan,Australia,Imam-ul-Haq,Abdullah Shafique,A Zampa,0,1,,,,1,,,,,
1384409,2023/24,2023-10-20,"M Chinnaswamy Stadium, Bengaluru",2,10.6,Pakistan,Australia,Abdullah Shafique,Imam-ul-Haq,A Zampa,0,0,,,,,,,,,
1384409,2023/24,2023-10-20,"M Chinnaswamy Stadium, Bengaluru",2,11.1,Pakistan,Australia,Imam-ul-Haq,Abdullah Shafique,PJ Cummins,0,0,,,,,,,,,
1384409,2023/24,2023-10-20,"M Chinnaswamy Stadium, Bengaluru",2,11.2,Pakistan,Australia,Imam-ul-Haq,Abdullah Shafique,PJ Cummins,1,0,,,,,,,,,
1384409,2023/24,2023-10-20,"M Chinnaswamy Stadium, Bengaluru",2,11.3,Pakistan,Australia,Abdullah Shafique,Imam-ul-Haq,PJ Cummins,0,0,,,,,,,,,
1384409,2023/24,2023-10-20,"M Chinnaswamy Stadium, Bengaluru",2,11.4,Pakistan,Australia,Abdullah Shafique,Imam-ul-Haq,PJ Cummins,4,0,,,,,,,,,
1384409,2023/24,2023-10-20,"M Chinnaswamy Stadium, Bengaluru",2,11.5,Pakistan,Australia,Abdullah Shafique,Imam-ul-Haq,PJ Cummins,6,0,,,,,,,,,
1384409,2023/24,2023-10-20,"M Chinnaswamy Stadium, Bengaluru",2,11.6,Pakistan,Australia,Abdullah Shafique,Imam-ul-Haq,PJ Cummins,1,0,,,,,,,,,
1384409,2023/24,2023-10-20,"M Chinnaswamy Stadium, Bengaluru",2,12.1,Pakistan,Australia,Abdullah Shafique,Imam-ul-Haq,A Zampa,1,0,,,,,,,,,
1384409,2023/24,2023-10-20,"M Chinnaswamy Stadium, Bengaluru",2,12.2,Pakistan,Australia,Imam-ul-Haq,Abdullah Shafique,A Zampa,4,0,,,,,,,,,
1384409,2023/24,2023-10-20,"M Chinnaswamy Stadium, Bengaluru",2,12.3,Pakistan,Australia,Imam-ul-Haq,Abdullah Shafique,A Zampa,0,0,,,,,,,,,
1384409,2023/24,2023-10-20,"M Chinnaswamy Stadium, Bengaluru",2,12.4,Pakistan,Australia,Imam-ul-Haq,Abdullah Shafique,A Zampa,1,0,,,,,,,,,
1384409,2023/24,2023-10-20,"M Chinnaswamy Stadium, Bengaluru",2,12.5,Pakistan,Australia,Abdullah Shafique,Imam-ul-Haq,A Zampa,1,0,,,,,,,,,
1384409,2023/24,2023-10-20,"M Chinnaswamy Stadium, Bengaluru",2,12.6,Pakistan,Australia,Imam-ul-Haq,Abdullah Shafique,A Zampa,1,0,,,,,,,,,
1384409,2023/24,2023-10-20,"M Chinnaswamy Stadium, Bengaluru",2,13.1,Pakistan,Australia,Imam-ul-Haq,Abdullah Shafique,PJ Cummins,1,0,,,,,,,,,
1384409,2023/24,2023-10-20,"M Chinnaswamy Stadium, Bengaluru",2,13.2,Pakistan,Australia,Abdullah Shafique,Imam-ul-Haq,PJ Cummins,1,0,,,,,,,,,
1384409,2023/24,2023-10-20,"M Chinnaswamy Stadium, Bengaluru",2,13.3,Pakistan,Australia,Imam-ul-Haq,Abdullah Shafique,PJ Cummins,0,0,,,,,,,,,
1384409,2023/24,2023-10-20,"M Chinnaswamy Stadium, Bengaluru",2,13.4,Pakistan,Australia,Imam-ul-Haq,Abdullah Shafique,PJ Cummins,1,0,,,,,,,,,
1384409,2023/24,2023-10-20,"M Chinnaswamy Stadium, Bengaluru",2,13.5,Pakistan,Australia,Abdullah Shafique,Imam-ul-Haq,PJ Cummins,0,0,,,,,,,,,
1384409,2023/24,2023-10-20,"M Chinnaswamy Stadium, Bengaluru",2,13.6,Pakistan,Australia,Abdullah Shafique,Imam-ul-Haq,PJ Cummins,6,0,,,,,,,,,
1384409,2023/24,2023-10-20,"M Chinnaswamy Stadium, Bengaluru",2,14.1,Pakistan,Australia,Imam-ul-Haq,Abdullah Shafique,A Zampa,1,0,,,,,,,,,
1384409,2023/24,2023-10-20,"M Chinnaswamy Stadium, Bengaluru",2,14.2,Pakistan,Australia,Abdullah Shafique,Imam-ul-Haq,A Zampa,1,0,,,,,,,,,
1384409,2023/24,2023-10-20,"M Chinnaswamy Stadium, Bengaluru",2,14.3,Pakistan,Australia,Imam-ul-Haq,Abdullah Shafique,A Zampa,1,0,,,,,,,,,
1384409,2023/24,2023-10-20,"M Chinnaswamy Stadium, Bengaluru",2,14.4,Pakistan,Australia,Abdullah Shafique,Imam-ul-Haq,A Zampa,0,0,,,,,,,,,
1384409,2023/24,2023-10-20,"M Chinnaswamy Stadium, Bengaluru",2,14.5,Pakistan,Australia,Abdullah Shafique,Imam-ul-Haq,A Zampa,1,0,,,,,,,,,
1384409,2023/24,2023-10-20,"M Chinnaswamy Stadium, Bengaluru",2,14.6,Pakistan,Australia,Imam-ul-Haq,Abdullah Shafique,A Zampa,0,0,,,,,,,,,
1384409,2023/24,2023-10-20,"M Chinnaswamy Stadium, Bengaluru",2,15.1,Pakistan,Australia,Abdullah Shafique,Imam-ul-Haq,GJ Maxwell,1,0,,,,,,,,,
1384409,2023/24,2023-10-20,"M Chinnaswamy Stadium, Bengaluru",2,15.2,Pakistan,Australia,Imam-ul-Haq,Abdullah Shafique,GJ Maxwell,0,0,,,,,,,,,
1384409,2023/24,2023-10-20,"M Chinnaswamy Stadium, Bengaluru",2,15.3,Pakistan,Australia,Imam-ul-Haq,Abdullah Shafique,GJ Maxwell,1,0,,,,,,,,,
1384409,2023/24,2023-10-20,"M Chinnaswamy Stadium, Bengaluru",2,15.4,Pakistan,Australia,Abdullah Shafique,Imam-ul-Haq,GJ Maxwell,0,0,,,,,,,,,
1384409,2023/24,2023-10-20,"M Chinnaswamy Stadium, Bengaluru",2,15.5,Pakistan,Australia,Abdullah Shafique,Imam-ul-Haq,GJ Maxwell,1,0,,,,,,,,,
1384409,2023/24,2023-10-20,"M Chinnaswamy Stadium, Bengaluru",2,15.6,Pakistan,Australia,Imam-ul-Haq,Abdullah Shafique,GJ Maxwell,0,0,,,,,,,,,
1384409,2023/24,2023-10-20,"M Chinnaswamy Stadium, Bengaluru",2,16.1,Pakistan,Australia,Abdullah Shafique,Imam-ul-Haq,A Zampa,1,0,,,,,,,,,
1384409,2023/24,2023-10-20,"M Chinnaswamy Stadium, Bengaluru",2,16.2,Pakistan,Australia,Imam-ul-Haq,Abdullah Shafique,A Zampa,0,0,,,,,,,,,
1384409,2023/24,2023-10-20,"M Chinnaswamy Stadium, Bengaluru",2,16.3,Pakistan,Australia,Imam-ul-Haq,Abdullah Shafique,A Zampa,1,0,,,,,,,,,
1384409,2023/24,2023-10-20,"M Chinnaswamy Stadium, Bengaluru",2,16.4,Pakistan,Australia,Abdullah Shafique,Imam-ul-Haq,A Zampa,1,0,,,,,,,,,
1384409,2023/24,2023-10-20,"M Chinnaswamy Stadium, Bengaluru",2,16.5,Pakistan,Australia,Imam-ul-Haq,Abdullah Shafique,A Zampa,0,0,,,,,,,,,
1384409,2023/24,2023-10-20,"M Chinnaswamy Stadium, Bengaluru",2,16.6,Pakistan,Australia,Imam-ul-Haq,Abdullah Shafique,A Zampa,4,0,,,,,,,,,
1384409,2023/24,2023-10-20,"M Chinnaswamy Stadium, Bengaluru",2,17.1,Pakistan,Australia,Abdullah Shafique,Imam-ul-Haq,GJ Maxwell,1,0,,,,,,,,,
1384409,2023/24,2023-10-20,"M Chinnaswamy Stadium, Bengaluru",2,17.2,Pakistan,Australia,Imam-ul-Haq,Abdullah Shafique,GJ Maxwell,1,0,,,,,,,,,
1384409,2023/24,2023-10-20,"M Chinnaswamy Stadium, Bengaluru",2,17.3,Pakistan,Australia,Abdullah Shafique,Imam-ul-Haq,GJ Maxwell,1,0,,,,,,,,,
1384409,2023/24,2023-10-20,"M Chinnaswamy Stadium, Bengaluru",2,17.4,Pakistan,Australia,Imam-ul-Haq,Abdullah Shafique,GJ Maxwell,0,0,,,,,,,,,
1384409,2023/24,2023-10-20,"M Chinnaswamy Stadium, Bengaluru",2,17.5,Pakistan,Australia,Imam-ul-Haq,Abdullah Shafique,GJ Maxwell,4,0,,,,,,,,,
1384409,2023/24,2023-10-20,"M Chinnaswamy Stadium, Bengaluru",2,17.6,Pakistan,Australia,Imam-ul-Haq,Abdullah Shafique,GJ Maxwell,1,0,,,,,,,,,
1384409,2023/24,2023-10-20,"M Chinnaswamy Stadium, Bengaluru",2,18.1,Pakistan,Australia,Imam-ul-Haq,Abdullah Shafique,A Zampa,0,0,,,,,,,,,
1384409,2023/24,2023-10-20,"M Chinnaswamy Stadium, Bengaluru",2,18.2,Pakistan,Australia,Imam-ul-Haq,Abdullah Shafique,A Zampa,0,0,,,,,,,,,
1384409,2023/24,2023-10-20,"M Chinnaswamy Stadium, Bengaluru",2,18.3,Pakistan,Australia,Imam-ul-Haq,Abdullah Shafique,A Zampa,1,0,,,,,,,,,
1384409,2023/24,2023-10-20,"M Chinnaswamy Stadium, Bengaluru",2,18.4,Pakistan,Australia,Abdullah Shafique,Imam-ul-Haq,A Zampa,1,0,,,,,,,,,
1384409,2023/24,2023-10-20,"M Chinnaswamy Stadium, Bengaluru",2,18.5,Pakistan,Australia,Imam-ul-Haq,Abdullah Shafique,A Zampa,1,0,,,,,,,,,
1384409,2023/24,2023-10-20,"M Chinnaswamy Stadium, Bengaluru",2,18.6,Pakistan,Australia,Abdullah Shafique,Imam-ul-Haq,A Zampa,1,0,,,,,,,,,
1384409,2023/24,2023-10-20,"M Chinnaswamy Stadium, Bengaluru",2,19.1,Pakistan,Australia,Abdullah Shafique,Imam-ul-Haq,GJ Maxwell,4,0,,,,,,,,,
1384409,2023/24,2023-10-20,"M Chinnaswamy Stadium, Bengaluru",2,19.2,Pakistan,Australia,Abdullah Shafique,Imam-ul-Haq,GJ Maxwell,4,0,,,,,,,,,
1384409,2023/24,2023-10-20,"M Chinnaswamy Stadium, Bengaluru",2,19.3,Pakistan,Australia,Abdullah Shafique,Imam-ul-Haq,GJ Maxwell,1,0,,,,,,,,,
1384409,2023/24,2023-10-20,"M Chinnaswamy Stadium, Bengaluru",2,19.4,Pakistan,Australia,Imam-ul-Haq,Abdullah Shafique,GJ Maxwell,0,0,,,,,,,,,
1384409,2023/24,2023-10-20,"M Chinnaswamy Stadium, Bengaluru",2,19.5,Pakistan,Australia,Imam-ul-Haq,Abdullah Shafique,GJ Maxwell,4,0,,,,,,,,,
1384409,2023/24,2023-10-20,"M Chinnaswamy Stadium, Bengaluru",2,19.6,Pakistan,Australia,Imam-ul-Haq,Abdullah Shafique,GJ Maxwell,2,0,,,,,,,,,
1384409,2023/24,2023-10-20,"M Chinnaswamy Stadium, Bengaluru",2,20.1,Pakistan,Australia,Abdullah Shafique,Imam-ul-Haq,MA Starc,1,0,,,,,,,,,
1384409,2023/24,2023-10-20,"M Chinnaswamy Stadium, Bengaluru",2,20.2,Pakistan,Australia,Imam-ul-Haq,Abdullah Shafique,MA Starc,0,0,,,,,,,,,
1384409,2023/24,2023-10-20,"M Chinnaswamy Stadium, Bengaluru",2,20.3,Pakistan,Australia,Imam-ul-Haq,Abdullah Shafique,MA Starc,0,0,,,,,,,,,
1384409,2023/24,2023-10-20,"M Chinnaswamy Stadium, Bengaluru",2,20.4,Pakistan,Australia,Imam-ul-Haq,Abdullah Shafique,MA Starc,1,0,,,,,,,,,
1384409,2023/24,2023-10-20,"M Chinnaswamy Stadium, Bengaluru",2,20.5,Pakistan,Australia,Abdullah Shafique,Imam-ul-Haq,MA Starc,1,0,,,,,,,,,
1384409,2023/24,2023-10-20,"M Chinnaswamy Stadium, Bengaluru",2,20.6,Pakistan,Australia,Imam-ul-Haq,Abdullah Shafique,MA Starc,0,0,,,,,,,,,
1384409,2023/24,2023-10-20,"M Chinnaswamy Stadium, Bengaluru",2,21.1,Pakistan,Australia,Abdullah Shafique,Imam-ul-Haq,MP Stoinis,0,0,,,,,,caught,Abdullah Shafique,,
1384409,2023/24,2023-10-20,"M Chinnaswamy Stadium, Bengaluru",2,21.2,Pakistan,Australia,Babar Azam,Imam-ul-Haq,MP Stoinis,0,0,,,,,,,,,
1384409,2023/24,2023-10-20,"M Chinnaswamy Stadium, Bengaluru",2,21.3,Pakistan,Australia,Babar Azam,Imam-ul-Haq,MP Stoinis,0,1,1,,,,,,,,
1384409,2023/24,2023-10-20,"M Chinnaswamy Stadium, Bengaluru",2,21.4,Pakistan,Australia,Babar Azam,Imam-ul-Haq,MP Stoinis,4,0,,,,,,,,,
1384409,2023/24,2023-10-20,"M Chinnaswamy Stadium, Bengaluru",2,21.5,Pakistan,Australia,Babar Azam,Imam-ul-Haq,MP Stoinis,0,0,,,,,,,,,
1384409,2023/24,2023-10-20,"M Chinnaswamy Stadium, Bengaluru",2,21.6,Pakistan,Australia,Babar Azam,Imam-ul-Haq,MP Stoinis,4,0,,,,,,,,,
1384409,2023/24,2023-10-20,"M Chinnaswamy Stadium, Bengaluru",2,21.7,Pakistan,Australia,Babar Azam,Imam-ul-Haq,MP Stoinis,0,0,,,,,,,,,
1384409,2023/24,2023-10-20,"M Chinnaswamy Stadium, Bengaluru",2,22.1,Pakistan,Australia,Imam-ul-Haq,Babar Azam,MA Starc,1,0,,,,,,,,,
1384409,2023/24,2023-10-20,"M Chinnaswamy Stadium, Bengaluru",2,22.2,Pakistan,Australia,Babar Azam,Imam-ul-Haq,MA Starc,1,0,,,,,,,,,
1384409,2023/24,2023-10-20,"M Chinnaswamy Stadium, Bengaluru",2,22.3,Pakistan,Australia,Imam-ul-Haq,Babar Azam,MA Starc,1,0,,,,,,,,,
1384409,2023/24,2023-10-20,"M Chinnaswamy Stadium, Bengaluru",2,22.4,Pakistan,Australia,Babar Azam,Imam-ul-Haq,MA Starc,0,0,,,,,,,,,
1384409,2023/24,2023-10-20,"M Chinnaswamy Stadium, Bengaluru",2,22.5,Pakistan,Australia,Babar Azam,Imam-ul-Haq,MA Starc,1,0,,,,,,,,,
1384409,2023/24,2023-10-20,"M Chinnaswamy Stadium, Bengaluru",2,22.6,Pakistan,Australia,Imam-ul-Haq,Babar Azam,MA Starc,4,0,,,,,,,,,
1384409,2023/24,2023-10-20,"M Chinnaswamy Stadium, Bengaluru",2,23.1,Pakistan,Australia,Babar Azam,Imam-ul-Haq,MP Stoinis,1,0,,,,,,,,,
1384409,2023/24,2023-10-20,"M Chinnaswamy Stadium, Bengaluru",2,23.2,Pakistan,Australia,Imam-ul-Haq,Babar Azam,MP Stoinis,1,0,,,,,,,,,
1384409,2023/24,2023-10-20,"M Chinnaswamy Stadium, Bengaluru",2,23.3,Pakistan,Australia,Babar Azam,Imam-ul-Haq,MP Stoinis,1,0,,,,,,,,,
1384409,2023/24,2023-10-20,"M Chinnaswamy Stadium, Bengaluru",2,23.4,Pakistan,Australia,Imam-ul-Haq,Babar Azam,MP Stoinis,0,0,,,,,,caught,Imam-ul-Haq,,
1384409,2023/24,2023-10-20,"M Chinnaswamy Stadium, Bengaluru",2,23.5,Pakistan,Australia,Mohammad Rizwan,Babar Azam,MP Stoinis,1,0,,,,,,,,,
1384409,2023/24,2023-10-20,"M Chinnaswamy Stadium, Bengaluru",2,23.6,Pakistan,Australia,Babar Azam,Mohammad Rizwan,MP Stoinis,4,0,,,,,,,,,
1384409,2023/24,2023-10-20,"M Chinnaswamy Stadium, Bengaluru",2,24.1,Pakistan,Australia,Mohammad Rizwan,Babar Azam,PJ Cummins,0,0,,,,,,,,,
1384409,2023/24,2023-10-20,"M Chinnaswamy Stadium, Bengaluru",2,24.2,Pakistan,Australia,Mohammad Rizwan,Babar Azam,PJ Cummins,0,0,,,,,,,,,
1384409,2023/24,2023-10-20,"M Chinnaswamy Stadium, Bengaluru",2,24.3,Pakistan,Australia,Mohammad Rizwan,Babar Azam,PJ Cummins,4,0,,,,,,,,,
1384409,2023/24,2023-10-20,"M Chinnaswamy Stadium, Bengaluru",2,24.4,Pakistan,Australia,Mohammad Rizwan,Babar Azam,PJ Cummins,0,0,,,,,,,,,
1384409,2023/24,2023-10-20,"M Chinnaswamy Stadium, Bengaluru",2,24.5,Pakistan,Australia,Mohammad Rizwan,Babar Azam,PJ Cummins,2,0,,,,,,,,,
1384409,2023/24,2023-10-20,"M Chinnaswamy Stadium, Bengaluru",2,24.6,Pakistan,Australia,Mohammad Rizwan,Babar Azam,PJ Cummins,4,0,,,,,,,,,
1384409,2023/24,2023-10-20,"M Chinnaswamy Stadium, Bengaluru",2,25.1,Pakistan,Australia,Babar Azam,Mohammad Rizwan,MP Stoinis,1,0,,,,,,,,,
1384409,2023/24,2023-10-20,"M Chinnaswamy Stadium, Bengaluru",2,25.2,Pakistan,Australia,Mohammad Rizwan,Babar Azam,MP Stoinis,0,0,,,,,,,,,
1384409,2023/24,2023-10-20,"M Chinnaswamy Stadium, Bengaluru",2,25.3,Pakistan,Australia,Mohammad Rizwan,Babar Azam,MP Stoinis,0,1,1,,,,,,,,
1384409,2023/24,2023-10-20,"M Chinnaswamy Stadium, Bengaluru",2,25.4,Pakistan,Australia,Mohammad Rizwan,Babar Azam,MP Stoinis,1,0,,,,,,,,,
1384409,2023/24,2023-10-20,"M Chinnaswamy Stadium, Bengaluru",2,25.5,Pakistan,Australia,Babar Azam,Mohammad Rizwan,MP Stoinis,1,0,,,,,,,,,
1384409,2023/24,2023-10-20,"M Chinnaswamy Stadium, Bengaluru",2,25.6,Pakistan,Australia,Mohammad Rizwan,Babar Azam,MP Stoinis,0,0,,,,,,,,,
1384409,2023/24,2023-10-20,"M Chinnaswamy Stadium, Bengaluru",2,25.7,Pakistan,Australia,Mohammad Rizwan,Babar Azam,MP Stoinis,1,0,,,,,,,,,
1384409,2023/24,2023-10-20,"M Chinnaswamy Stadium, Bengaluru",2,26.1,Pakistan,Australia,Mohammad Rizwan,Babar Azam,A Zampa,1,0,,,,,,,,,
1384409,2023/24,2023-10-20,"M Chinnaswamy Stadium, Bengaluru",2,26.2,Pakistan,Australia,Babar Azam,Mohammad Rizwan,A Zampa,0,0,,,,,,caught,Babar Azam,,
1384409,2023/24,2023-10-20,"M Chinnaswamy Stadium, Bengaluru",2,26.3,Pakistan,Australia,Saud Shakeel,Mohammad Rizwan,A Zampa,1,0,,,,,,,,,
1384409,2023/24,2023-10-20,"M Chinnaswamy Stadium, Bengaluru",2,26.4,Pakistan,Australia,Mohammad Rizwan,Saud Shakeel,A Zampa,1,0,,,,,,,,,
1384409,2023/24,2023-10-20,"M Chinnaswamy Stadium, Bengaluru",2,26.5,Pakistan,Australia,Saud Shakeel,Mohammad Rizwan,A Zampa,0,0,,,,,,,,,
1384409,2023/24,2023-10-20,"M Chinnaswamy Stadium, Bengaluru",2,26.6,Pakistan,Australia,Saud Shakeel,Mohammad Rizwan,A Zampa,0,1,1,,,,,,,,
1384409,2023/24,2023-10-20,"M Chinnaswamy Stadium, Bengaluru",2,26.7,Pakistan,Australia,Saud Shakeel,Mohammad Rizwan,A Zampa,1,0,,,,,,,,,
1384409,2023/24,2023-10-20,"M Chinnaswamy Stadium, Bengaluru",2,27.1,Pakistan,Australia,Saud Shakeel,Mohammad Rizwan,JR Hazlewood,0,0,,,,,,,,,
1384409,2023/24,2023-10-20,"M Chinnaswamy Stadium, Bengaluru",2,27.2,Pakistan,Australia,Saud Shakeel,Mohammad Rizwan,JR Hazlewood,0,0,,,,,,,,,
1384409,2023/24,2023-10-20,"M Chinnaswamy Stadium, Bengaluru",2,27.3,Pakistan,Australia,Saud Shakeel,Mohammad Rizwan,JR Hazlewood,0,0,,,,,,,,,
1384409,2023/24,2023-10-20,"M Chinnaswamy Stadium, Bengaluru",2,27.4,Pakistan,Australia,Saud Shakeel,Mohammad Rizwan,JR Hazlewood,1,0,,,,,,,,,
1384409,2023/24,2023-10-20,"M Chinnaswamy Stadium, Bengaluru",2,27.5,Pakistan,Australia,Mohammad Rizwan,Saud Shakeel,JR Hazlewood,1,0,,,,,,,,,
1384409,2023/24,2023-10-20,"M Chinnaswamy Stadium, Bengaluru",2,27.6,Pakistan,Australia,Saud Shakeel,Mohammad Rizwan,JR Hazlewood,0,0,,,,,,,,,
1384409,2023/24,2023-10-20,"M Chinnaswamy Stadium, Bengaluru",2,28.1,Pakistan,Australia,Mohammad Rizwan,Saud Shakeel,A Zampa,1,0,,,,,,,,,
1384409,2023/24,2023-10-20,"M Chinnaswamy Stadium, Bengaluru",2,28.2,Pakistan,Australia,Saud Shakeel,Mohammad Rizwan,A Zampa,4,0,,,,,,,,,
1384409,2023/24,2023-10-20,"M Chinnaswamy Stadium, Bengaluru",2,28.3,Pakistan,Australia,Saud Shakeel,Mohammad Rizwan,A Zampa,0,0,,,,,,,,,
1384409,2023/24,2023-10-20,"M Chinnaswamy Stadium, Bengaluru",2,28.4,Pakistan,Australia,Saud Shakeel,Mohammad Rizwan,A Zampa,1,0,,,,,,,,,
1384409,2023/24,2023-10-20,"M Chinnaswamy Stadium, Bengaluru",2,28.5,Pakistan,Australia,Mohammad Rizwan,Saud Shakeel,A Zampa,1,0,,,,,,,,,
1384409,2023/24,2023-10-20,"M Chinnaswamy Stadium, Bengaluru",2,28.6,Pakistan,Australia,Saud Shakeel,Mohammad Rizwan,A Zampa,2,0,,,,,,,,,
1384409,2023/24,2023-10-20,"M Chinnaswamy Stadium, Bengaluru",2,29.1,Pakistan,Australia,Mohammad Rizwan,Saud Shakeel,JR Hazlewood,1,0,,,,,,,,,
1384409,2023/24,2023-10-20,"M Chinnaswamy Stadium, Bengaluru",2,29.2,Pakistan,Australia,Saud Shakeel,Mohammad Rizwan,JR Hazlewood,0,1,1,,,,,,,,
1384409,2023/24,2023-10-20,"M Chinnaswamy Stadium, Bengaluru",2,29.3,Pakistan,Australia,Saud Shakeel,Mohammad Rizwan,JR Hazlewood,0,0,,,,,,,,,
1384409,2023/24,2023-10-20,"M Chinnaswamy Stadium, Bengaluru",2,29.4,Pakistan,Australia,Saud Shakeel,Mohammad Rizwan,JR Hazlewood,0,0,,,,,,,,,
1384409,2023/24,2023-10-20,"M Chinnaswamy Stadium, Bengaluru",2,29.5,Pakistan,Australia,Saud Shakeel,Mohammad Rizwan,JR Hazlewood,0,4,,,,4,,,,,
1384409,2023/24,2023-10-20,"M Chinnaswamy Stadium, Bengaluru",2,29.6,Pakistan,Australia,Saud Shakeel,Mohammad Rizwan,JR Hazlewood,0,0,,,,,,,,,
1384409,2023/24,2023-10-20,"M Chinnaswamy Stadium, Bengaluru",2,29.7,Pakistan,Australia,Saud Shakeel,Mohammad Rizwan,JR Hazlewood,4,0,,,,,,,,,
1384409,2023/24,2023-10-20,"M Chinnaswamy Stadium, Bengaluru",2,30.1,Pakistan,Australia,Mohammad Rizwan,Saud Shakeel,MA Starc,1,0,,,,,,,,,
1384409,2023/24,2023-10-20,"M Chinnaswamy Stadium, Bengaluru",2,30.2,Pakistan,Australia,Saud Shakeel,Mohammad Rizwan,MA Starc,1,0,,,,,,,,,
1384409,2023/24,2023-10-20,"M Chinnaswamy Stadium, Bengaluru",2,30.3,Pakistan,Australia,Mohammad Rizwan,Saud Shakeel,MA Starc,1,0,,,,,,,,,
1384409,2023/24,2023-10-20,"M Chinnaswamy Stadium, Bengaluru",2,30.4,Pakistan,Australia,Saud Shakeel,Mohammad Rizwan,MA Starc,1,0,,,,,,,,,
1384409,2023/24,2023-10-20,"M Chinnaswamy Stadium, Bengaluru",2,30.5,Pakistan,Australia,Mohammad Rizwan,Saud Shakeel,MA Starc,0,0,,,,,,,,,
1384409,2023/24,2023-10-20,"M Chinnaswamy Stadium, Bengaluru",2,30.6,Pakistan,Australia,Mohammad Rizwan,Saud Shakeel,MA Starc,4,0,,,,,,,,,
1384409,2023/24,2023-10-20,"M Chinnaswamy Stadium, Bengaluru",2,31.1,Pakistan,Australia,Saud Shakeel,Mohammad Rizwan,GJ Maxwell,0,0,,,,,,,,,
1384409,2023/24,2023-10-20,"M Chinnaswamy Stadium, Bengaluru",2,31.2,Pakistan,Australia,Saud Shakeel,Mohammad Rizwan,GJ Maxwell,0,0,,,,,,,,,
1384409,2023/24,2023-10-20,"M Chinnaswamy Stadium, Bengaluru",2,31.3,Pakistan,Australia,Saud Shakeel,Mohammad Rizwan,GJ Maxwell,1,0,,,,,,,,,
1384409,2023/24,2023-10-20,"M Chinnaswamy Stadium, Bengaluru",2,31.4,Pakistan,Australia,Mohammad Rizwan,Saud Shakeel,GJ Maxwell,0,0,,,,,,,,,
1384409,2023/24,2023-10-20,"M Chinnaswamy Stadium, Bengaluru",2,31.5,Pakistan,Australia,Mohammad Rizwan,Saud Shakeel,GJ Maxwell,0,0,,,,,,,,,
1384409,2023/24,2023-10-20,"M Chinnaswamy Stadium, Bengaluru",2,31.6,Pakistan,Australia,Mohammad Rizwan,Saud Shakeel,GJ Maxwell,4,0,,,,,,,,,
1384409,2023/24,2023-10-20,"M Chinnaswamy Stadium, Bengaluru",2,32.1,Pakistan,Australia,Saud Shakeel,Mohammad Rizwan,MA Starc,0,0,,,,,,,,,
1384409,2023/24,2023-10-20,"M Chinnaswamy Stadium, Bengaluru",2,32.2,Pakistan,Australia,Saud Shakeel,Mohammad Rizwan,MA Starc,0,0,,,,,,,,,
1384409,2023/24,2023-10-20,"M Chinnaswamy Stadium, Bengaluru",2,32.3,Pakistan,Australia,Saud Shakeel,Mohammad Rizwan,MA Starc,0,1,1,,,,,,,,
1384409,2023/24,2023-10-20,"M Chinnaswamy Stadium, Bengaluru",2,32.4,Pakistan,Australia,Saud Shakeel,Mohammad Rizwan,MA Starc,4,0,,,,,,,,,
1384409,2023/24,2023-10-20,"M Chinnaswamy Stadium, Bengaluru",2,32.5,Pakistan,Australia,Saud Shakeel,Mohammad Rizwan,MA Starc,0,0,,,,,,,,,
1384409,2023/24,2023-10-20,"M Chinnaswamy Stadium, Bengaluru",2,32.6,Pakistan,Australia,Saud Shakeel,Mohammad Rizwan,MA Starc,0,0,,,,,,,,,
1384409,2023/24,2023-10-20,"M Chinnaswamy Stadium, Bengaluru",2,32.7,Pakistan,Australia,Saud Shakeel,Mohammad Rizwan,MA Starc,4,0,,,,,,,,,
1384409,2023/24,2023-10-20,"M Chinnaswamy Stadium, Bengaluru",2,33.1,Pakistan,Australia,Mohammad Rizwan,Saud Shakeel,GJ Maxwell,0,0,,,,,,,,,
1384409,2023/24,2023-10-20,"M Chinnaswamy Stadium, Bengaluru",2,33.2,Pakistan,Australia,Mohammad Rizwan,Saud Shakeel,GJ Maxwell,2,0,,,,,,,,,
1384409,2023/24,2023-10-20,"M Chinnaswamy Stadium, Bengaluru",2,33.3,Pakistan,Australia,Mohammad Rizwan,Saud Shakeel,GJ Maxwell,1,0,,,,,,,,,
1384409,2023/24,2023-10-20,"M Chinnaswamy Stadium, Bengaluru",2,33.4,Pakistan,Australia,Saud Shakeel,Mohammad Rizwan,GJ Maxwell,4,0,,,,,,,,,
1384409,2023/24,2023-10-20,"M Chinnaswamy Stadium, Bengaluru",2,33.5,Pakistan,Australia,Saud Shakeel,Mohammad Rizwan,GJ Maxwell,1,0,,,,,,,,,
1384409,2023/24,2023-10-20,"M Chinnaswamy Stadium, Bengaluru",2,33.6,Pakistan,Australia,Mohammad Rizwan,Saud Shakeel,GJ Maxwell,1,0,,,,,,,,,
1384409,2023/24,2023-10-20,"M Chinnaswamy Stadium, Bengaluru",2,34.1,Pakistan,Australia,Mohammad Rizwan,Saud Shakeel,PJ Cummins,1,0,,,,,,,,,
1384409,2023/24,2023-10-20,"M Chinnaswamy Stadium, Bengaluru",2,34.2,Pakistan,Australia,Saud Shakeel,Mohammad Rizwan,PJ Cummins,0,0,,,,,,caught,Saud Shakeel,,
1384409,2023/24,2023-10-20,"M Chinnaswamy Stadium, Bengaluru",2,34.3,Pakistan,Australia,Iftikhar Ahmed,Mohammad Rizwan,PJ Cummins,0,0,,,,,,,,,
1384409,2023/24,2023-10-20,"M Chinnaswamy Stadium, Bengaluru",2,34.4,Pakistan,Australia,Iftikhar Ahmed,Mohammad Rizwan,PJ Cummins,0,0,,,,,,,,,
1384409,2023/24,2023-10-20,"M Chinnaswamy Stadium, Bengaluru",2,34.5,Pakistan,Australia,Iftikhar Ahmed,Mohammad Rizwan,PJ Cummins,0,0,,,,,,,,,
1384409,2023/24,2023-10-20,"M Chinnaswamy Stadium, Bengaluru",2,34.6,Pakistan,Australia,Iftikhar Ahmed,Mohammad Rizwan,PJ Cummins,0,0,,,,,,,,,
1384409,2023/24,2023-10-20,"M Chinnaswamy Stadium, Bengaluru",2,35.1,Pakistan,Australia,Mohammad Rizwan,Iftikhar Ahmed,MP Stoinis,1,0,,,,,,,,,
1384409,2023/24,2023-10-20,"M Chinnaswamy Stadium, Bengaluru",2,35.2,Pakistan,Australia,Iftikhar Ahmed,Mohammad Rizwan,MP Stoinis,1,0,,,,,,,,,
1384409,2023/24,2023-10-20,"M Chinnaswamy Stadium, Bengaluru",2,35.3,Pakistan,Australia,Mohammad Rizwan,Iftikhar Ahmed,MP Stoinis,1,0,,,,,,,,,
1384409,2023/24,2023-10-20,"M Chinnaswamy Stadium, Bengaluru",2,35.4,Pakistan,Australia,Iftikhar Ahmed,Mohammad Rizwan,MP Stoinis,0,0,,,,,,,,,
1384409,2023/24,2023-10-20,"M Chinnaswamy Stadium, Bengaluru",2,35.5,Pakistan,Australia,Iftikhar Ahmed,Mohammad Rizwan,MP Stoinis,1,0,,,,,,,,,
1384409,2023/24,2023-10-20,"M Chinnaswamy Stadium, Bengaluru",2,35.6,Pakistan,Australia,Mohammad Rizwan,Iftikhar Ahmed,MP Stoinis,0,1,1,,,,,,,,
1384409,2023/24,2023-10-20,"M Chinnaswamy Stadium, Bengaluru",2,35.7,Pakistan,Australia,Mohammad Rizwan,Iftikhar Ahmed,MP Stoinis,0,1,,,,1,,,,,
1384409,2023/24,2023-10-20,"M Chinnaswamy Stadium, Bengaluru",2,36.1,Pakistan,Australia,Mohammad Rizwan,Iftikhar Ahmed,PJ Cummins,1,0,,,,,,,,,
1384409,2023/24,2023-10-20,"M Chinnaswamy Stadium, Bengaluru",2,36.2,Pakistan,Australia,Iftikhar Ahmed,Mohammad Rizwan,PJ Cummins,0,0,,,,,,,,,
1384409,2023/24,2023-10-20,"M Chinnaswamy Stadium, Bengaluru",2,36.3,Pakistan,Australia,Iftikhar Ahmed,Mohammad Rizwan,PJ Cummins,6,0,,,,,,,,,
1384409,2023/24,2023-10-20,"M Chinnaswamy Stadium, Bengaluru",2,36.4,Pakistan,Australia,Iftikhar Ahmed,Mohammad Rizwan,PJ Cummins,0,0,,,,,,,,,
1384409,2023/24,2023-10-20,"M Chinnaswamy Stadium, Bengaluru",2,36.5,Pakistan,Australia,Iftikhar Ahmed,Mohammad Rizwan,PJ Cummins,6,0,,,,,,,,,
1384409,2023/24,2023-10-20,"M Chinnaswamy Stadium, Bengaluru",2,36.6,Pakistan,Australia,Iftikhar Ahmed,Mohammad Rizwan,PJ Cummins,1,0,,,,,,,,,
1384409,2023/24,2023-10-20,"M Chinnaswamy Stadium, Bengaluru",2,37.1,Pakistan,Australia,Iftikhar Ahmed,Mohammad Rizwan,MP Stoinis,6,0,,,,,,,,,
1384409,2023/24,2023-10-20,"M Chinnaswamy Stadium, Bengaluru",2,37.2,Pakistan,Australia,Iftikhar Ahmed,Mohammad Rizwan,MP Stoinis,1,0,,,,,,,,,
1384409,2023/24,2023-10-20,"M Chinnaswamy Stadium, Bengaluru",2,37.3,Pakistan,Australia,Mohammad Rizwan,Iftikhar Ahmed,MP Stoinis,4,0,,,,,,,,,
1384409,2023/24,2023-10-20,"M Chinnaswamy Stadium, Bengaluru",2,37.4,Pakistan,Australia,Mohammad Rizwan,Iftikhar Ahmed,MP Stoinis,1,0,,,,,,,,,
1384409,2023/24,2023-10-20,"M Chinnaswamy Stadium, Bengaluru",2,37.5,Pakistan,Australia,Iftikhar Ahmed,Mohammad Rizwan,MP Stoinis,0,0,,,,,,,,,
1384409,2023/24,2023-10-20,"M Chinnaswamy Stadium, Bengaluru",2,37.6,Pakistan,Australia,Iftikhar Ahmed,Mohammad Rizwan,MP Stoinis,1,0,,,,,,,,,
1384409,2023/24,2023-10-20,"M Chinnaswamy Stadium, Bengaluru",2,38.1,Pakistan,Australia,Iftikhar Ahmed,Mohammad Rizwan,A Zampa,0,0,,,,,,,,,
1384409,2023/24,2023-10-20,"M Chinnaswamy Stadium, Bengaluru",2,38.2,Pakistan,Australia,Iftikhar Ahmed,Mohammad Rizwan,A Zampa,1,0,,,,,,,,,
1384409,2023/24,2023-10-20,"M Chinnaswamy Stadium, Bengaluru",2,38.3,Pakistan,Australia,Mohammad Rizwan,Iftikhar Ahmed,A Zampa,1,0,,,,,,,,,
1384409,2023/24,2023-10-20,"M Chinnaswamy Stadium, Bengaluru",2,38.4,Pakistan,Australia,Iftikhar Ahmed,Mohammad Rizwan,A Zampa,2,0,,,,,,,,,
1384409,2023/24,2023-10-20,"M Chinnaswamy Stadium, Bengaluru",2,38.5,Pakistan,Australia,Iftikhar Ahmed,Mohammad Rizwan,A Zampa,0,0,,,,,,lbw,Iftikhar Ahmed,,
1384409,2023/24,2023-10-20,"M Chinnaswamy Stadium, Bengaluru",2,38.6,Pakistan,Australia,Mohammad Nawaz,Mohammad Rizwan,A Zampa,0,0,,,,,,,,,
1384409,2023/24,2023-10-20,"M Chinnaswamy Stadium, Bengaluru",2,39.1,Pakistan,Australia,Mohammad Rizwan,Mohammad Nawaz,JR Hazlewood,1,0,,,,,,,,,
1384409,2023/24,2023-10-20,"M Chinnaswamy Stadium, Bengaluru",2,39.2,Pakistan,Australia,Mohammad Nawaz,Mohammad Rizwan,JR Hazlewood,0,0,,,,,,,,,
1384409,2023/24,2023-10-20,"M Chinnaswamy Stadium, Bengaluru",2,39.3,Pakistan,Australia,Mohammad Nawaz,Mohammad Rizwan,JR Hazlewood,0,0,,,,,,,,,
1384409,2023/24,2023-10-20,"M Chinnaswamy Stadium, Bengaluru",2,39.4,Pakistan,Australia,Mohammad Nawaz,Mohammad Rizwan,JR Hazlewood,1,0,,,,,,,,,
1384409,2023/24,2023-10-20,"M Chinnaswamy Stadium, Bengaluru",2,39.5,Pakistan,Australia,Mohammad Rizwan,Mohammad Nawaz,JR Hazlewood,1,0,,,,,,,,,
1384409,2023/24,2023-10-20,"M Chinnaswamy Stadium, Bengaluru",2,39.6,Pakistan,Australia,Mohammad Nawaz,Mohammad Rizwan,JR Hazlewood,0,0,,,,,,,,,
1384409,2023/24,2023-10-20,"M Chinnaswamy Stadium, Bengaluru",2,40.1,Pakistan,Australia,Mohammad Rizwan,Mohammad Nawaz,A Zampa,1,0,,,,,,,,,
1384409,2023/24,2023-10-20,"M Chinnaswamy Stadium, Bengaluru",2,40.2,Pakistan,Australia,Mohammad Nawaz,Mohammad Rizwan,A Zampa,0,0,,,,,,,,,
1384409,2023/24,2023-10-20,"M Chinnaswamy Stadium, Bengaluru",2,40.3,Pakistan,Australia,Mohammad Nawaz,Mohammad Rizwan,A Zampa,0,0,,,,,,,,,
1384409,2023/24,2023-10-20,"M Chinnaswamy Stadium, Bengaluru",2,40.4,Pakistan,Australia,Mohammad Nawaz,Mohammad Rizwan,A Zampa,1,0,,,,,,,,,
1384409,2023/24,2023-10-20,"M Chinnaswamy Stadium, Bengaluru",2,40.5,Pakistan,Australia,Mohammad Rizwan,Mohammad Nawaz,A Zampa,0,0,,,,,,lbw,Mohammad Rizwan,,
1384409,2023/24,2023-10-20,"M Chinnaswamy Stadium, Bengaluru",2,40.6,Pakistan,Australia,Usama Mir,Mohammad Nawaz,A Zampa,0,0,,,,,,,,,
1384409,2023/24,2023-10-20,"M Chinnaswamy Stadium, Bengaluru",2,41.1,Pakistan,Australia,Mohammad Nawaz,Usama Mir,JR Hazlewood,0,0,,,,,,,,,
1384409,2023/24,2023-10-20,"M Chinnaswamy Stadium, Bengaluru",2,41.2,Pakistan,Australia,Mohammad Nawaz,Usama Mir,JR Hazlewood,2,0,,,,,,,,,
1384409,2023/24,2023-10-20,"M Chinnaswamy Stadium, Bengaluru",2,41.3,Pakistan,Australia,Mohammad Nawaz,Usama Mir,JR Hazlewood,1,0,,,,,,,,,
1384409,2023/24,2023-10-20,"M Chinnaswamy Stadium, Bengaluru",2,41.4,Pakistan,Australia,Usama Mir,Mohammad Nawaz,JR Hazlewood,0,0,,,,,,,,,
1384409,2023/24,2023-10-20,"M Chinnaswamy Stadium, Bengaluru",2,41.5,Pakistan,Australia,Usama Mir,Mohammad Nawaz,JR Hazlewood,0,0,,,,,,caught,Usama Mir,,
1384409,2023/24,2023-10-20,"M Chinnaswamy Stadium, Bengaluru",2,41.6,Pakistan,Australia,Shaheen Shah Afridi,Mohammad Nawaz,JR Hazlewood,0,0,,,,,,,,,
1384409,2023/24,2023-10-20,"M Chinnaswamy Stadium, Bengaluru",2,42.1,Pakistan,Australia,Mohammad Nawaz,Shaheen Shah Afridi,A Zampa,2,0,,,,,,,,,
1384409,2023/24,2023-10-20,"M Chinnaswamy Stadium, Bengaluru",2,42.2,Pakistan,Australia,Mohammad Nawaz,Shaheen Shah Afridi,A Zampa,1,0,,,,,,,,,
1384409,2023/24,2023-10-20,"M Chinnaswamy Stadium, Bengaluru",2,42.3,Pakistan,Australia,Shaheen Shah Afridi,Mohammad Nawaz,A Zampa,0,1,,,1,,,,,,
1384409,2023/24,2023-10-20,"M Chinnaswamy Stadium, Bengaluru",2,42.4,Pakistan,Australia,Mohammad Nawaz,Shaheen Shah Afridi,A Zampa,6,0,,,,,,,,,
1384409,2023/24,2023-10-20,"M Chinnaswamy Stadium, Bengaluru",2,42.5,Pakistan,Australia,Mohammad Nawaz,Shaheen Shah Afridi,A Zampa,0,0,,,,,,,,,
1384409,2023/24,2023-10-20,"M Chinnaswamy Stadium, Bengaluru",2,42.6,Pakistan,Australia,Mohammad Nawaz,Shaheen Shah Afridi,A Zampa,0,0,,,,,,stumped,Mohammad Nawaz,,
1384409,2023/24,2023-10-20,"M Chinnaswamy Stadium, Bengaluru",2,43.1,Pakistan,Australia,Shaheen Shah Afridi,Hasan Ali,JR Hazlewood,1,0,,,,,,,,,
1384409,2023/24,2023-10-20,"M Chinnaswamy Stadium, Bengaluru",2,43.2,Pakistan,Australia,Hasan Ali,Shaheen Shah Afridi,JR Hazlewood,0,0,,,,,,,,,
1384409,2023/24,2023-10-20,"M Chinnaswamy Stadium, Bengaluru",2,43.3,Pakistan,Australia,Hasan Ali,Shaheen Shah Afridi,JR Hazlewood,4,0,,,,,,,,,
1384409,2023/24,2023-10-20,"M Chinnaswamy Stadium, Bengaluru",2,43.4,Pakistan,Australia,Hasan Ali,Shaheen Shah Afridi,JR Hazlewood,0,0,,,,,,,,,
1384409,2023/24,2023-10-20,"M Chinnaswamy Stadium, Bengaluru",2,43.5,Pakistan,Australia,Hasan Ali,Shaheen Shah Afridi,JR Hazlewood,0,0,,,,,,,,,
1384409,2023/24,2023-10-20,"M Chinnaswamy Stadium, Bengaluru",2,43.6,Pakistan,Australia,Hasan Ali,Shaheen Shah Afridi,JR Hazlewood,0,0,,,,,,,,,
1384409,2023/24,2023-10-20,"M Chinnaswamy Stadium, Bengaluru",2,44.1,Pakistan,Australia,Shaheen Shah Afridi,Hasan Ali,MA Starc,4,0,,,,,,,,,
1384409,2023/24,2023-10-20,"M Chinnaswamy Stadium, Bengaluru",2,44.2,Pakistan,Australia,Shaheen Shah Afridi,Hasan Ali,MA Starc,1,0,,,,,,,,,
1384409,2023/24,2023-10-20,"M Chinnaswamy Stadium, Bengaluru",2,44.3,Pakistan,Australia,Hasan Ali,Shaheen Shah Afridi,MA Starc,0,0,,,,,,,,,
1384409,2023/24,2023-10-20,"M Chinnaswamy Stadium, Bengaluru",2,44.4,Pakistan,Australia,Hasan Ali,Shaheen Shah Afridi,MA Starc,4,0,,,,,,,,,
1384409,2023/24,2023-10-20,"M Chinnaswamy Stadium, Bengaluru",2,44.5,Pakistan,Australia,Hasan Ali,Shaheen Shah Afridi,MA Starc,0,0,,,,,,caught,Hasan Ali,,
1384409,2023/24,2023-10-20,"M Chinnaswamy Stadium, Bengaluru",2,44.6,Pakistan,Australia,Haris Rauf,Shaheen Shah Afridi,MA Starc,0,0,,,,,,,,,
1384409,2023/24,2023-10-20,"M Chinnaswamy Stadium, Bengaluru",2,45.1,Pakistan,Australia,Shaheen Shah Afridi,Haris Rauf,PJ Cummins,0,0,,,,,,,,,
1384409,2023/24,2023-10-20,"M Chinnaswamy Stadium, Bengaluru",2,45.2,Pakistan,Australia,Shaheen Shah Afridi,Haris Rauf,PJ Cummins,4,0,,,,,,,,,
1384409,2023/24,2023-10-20,"M Chinnaswamy Stadium, Bengaluru",2,45.3,Pakistan,Australia,Shaheen Shah Afridi,Haris Rauf,PJ Cummins,0,0,,,,,,caught,Shaheen Shah Afridi,,
