match_id,season,start_date,venue,innings,ball,batting_team,bowling_team,striker,non_striker,bowler,runs_off_bat,extras,wides,noballs,byes,legbyes,penalty,wicket_type,player_dismissed,other_wicket_type,other_player_dismissed
1384394,2023/24,2023-10-07,"Himachal Pradesh Cricket Association Stadium, Dharamsala",1,0.1,Afghanistan,Bangladesh,Rahmanullah Gurbaz,Ibrahim Zadran,Taskin Ahmed,0,0,,,,,,,,,
1384394,2023/24,2023-10-07,"Himachal Pradesh Cricket Association Stadium, Dharamsala",1,0.2,Afghanistan,Bangladesh,Rahmanullah Gurbaz,Ibrahim Zadran,Taskin Ahmed,0,0,,,,,,,,,
1384394,2023/24,2023-10-07,"Himachal Pradesh Cricket Association Stadium, Dharamsala",1,0.3,Afghanistan,Bangladesh,Rahmanullah Gurbaz,Ibrahim Zadran,Taskin Ahmed,0,0,,,,,,,,,
1384394,2023/24,2023-10-07,"Himachal Pradesh Cricket Association Stadium, Dharamsala",1,0.4,Afghanistan,Bangladesh,Rahmanullah Gurbaz,Ibrahim Zadran,Taskin Ahmed,3,0,,,,,,,,,
1384394,2023/24,2023-10-07,"Himachal Pradesh Cricket Association Stadium, Dharamsala",1,0.5,Afghanistan,Bangladesh,Ibrahim Zadran,Rahmanullah Gurbaz,Taskin Ahmed,0,0,,,,,,,,,
1384394,2023/24,2023-10-07,"Himachal Pradesh Cricket Association Stadium, Dharamsala",1,0.6,Afghanistan,Bangladesh,Ibrahim Zadran,Rahmanullah Gurbaz,Taskin Ahmed,0,0,,,,,,,,,
1384394,2023/24,2023-10-07,"Himachal Pradesh Cricket Association Stadium, Dharamsala",1,1.1,Afghanistan,Bangladesh,Rahmanullah Gurbaz,Ibrahim Zadran,Shoriful Islam,0,0,,,,,,,,,
1384394,2023/24,2023-10-07,"Himachal Pradesh Cricket Association Stadium, Dharamsala",1,1.2,Afghanistan,Bangladesh,Rahmanullah Gurbaz,Ibrahim Zadran,Shoriful Islam,1,0,,,,,,,,,
1384394,2023/24,2023-10-07,"Himachal Pradesh Cricket Association Stadium, Dharamsala",1,1.3,Afghanistan,Bangladesh,Ibrahim Zadran,Rahmanullah Gurbaz,Shoriful Islam,0,1,1,,,,,,,,
1384394,2023/24,2023-10-07,"Himachal Pradesh Cricket Association Stadium, Dharamsala",1,1.4,Afghanistan,Bangladesh,Ibrahim Zadran,Rahmanullah Gurbaz,Shoriful Islam,1,0,,,,,,,,,
1384394,2023/24,2023-10-07,"Himachal Pradesh Cricket Association Stadium, Dharamsala",1,1.5,Afghanistan,Bangladesh,Rahmanullah Gurbaz,Ibrahim Zadran,Shoriful Islam,4,0,,,,,,,,,
1384394,2023/24,2023-10-07,"Himachal Pradesh Cricket Association Stadium, Dharamsala",1,1.6,Afghanistan,Bangladesh,Rahmanullah Gurbaz,Ibrahim Zadran,Shoriful Islam,0,0,,,,,,,,,
1384394,2023/24,2023-10-07,"Himachal Pradesh Cricket Association Stadium, Dharamsala",1,1.7,Afghanistan,Bangladesh,Rahmanullah Gurbaz,Ibrahim Zadran,Shoriful Islam,0,1,1,,,,,,,,
1384394,2023/24,2023-10-07,"Himachal Pradesh Cricket Association Stadium, Dharamsala",1,1.8,Afghanistan,Bangladesh,Rahmanullah Gurbaz,Ibrahim Zadran,Shoriful Islam,0,0,,,,,,,,,
1384394,2023/24,2023-10-07,"Himachal Pradesh Cricket Association Stadium, Dharamsala",1,2.1,Afghanistan,Bangladesh,Ibrahim Zadran,Rahmanullah Gurbaz,Taskin Ahmed,0,0,,,,,,,,,
1384394,2023/24,2023-10-07,"Himachal Pradesh Cricket Association Stadium, Dharamsala",1,2.2,Afghanistan,Bangladesh,Ibrahim Zadran,Rahmanullah Gurbaz,Taskin Ahmed,0,0,,,,,,,,,
1384394,2023/24,2023-10-07,"Himachal Pradesh Cricket Association Stadium, Dharamsala",1,2.3,Afghanistan,Bangladesh,Ibrahim Zadran,Rahmanullah Gurbaz,Taskin Ahmed,4,0,,,,,,,,,
1384394,2023/24,2023-10-07,"Himachal Pradesh Cricket Association Stadium, Dharamsala",1,2.4,Afghanistan,Bangladesh,Ibrahim Zadran,Rahmanullah Gurbaz,Taskin Ahmed,0,0,,,,,,,,,
1384394,2023/24,2023-10-07,"Himachal Pradesh Cricket Association Stadium, Dharamsala",1,2.5,Afghanistan,Bangladesh,Ibrahim Zadran,Rahmanullah Gurbaz,Taskin Ahmed,1,0,,,,,,,,,
1384394,2023/24,2023-10-07,"Himachal Pradesh Cricket Association Stadium, Dharamsala",1,2.6,Afghanistan,Bangladesh,Rahmanullah Gurbaz,Ibrahim Zadran,Taskin Ahmed,0,0,,,,,,,,,
1384394,2023/24,2023-10-07,"Himachal Pradesh Cricket Association Stadium, Dharamsala",1,3.1,Afghanistan,Bangladesh,Ibrahim Zadran,Rahmanullah Gurbaz,Shoriful Islam,0,0,,,,,,,,,
1384394,2023/24,2023-10-07,"Himachal Pradesh Cricket Association Stadium, Dharamsala",1,3.2,Afghanistan,Bangladesh,Ibrahim Zadran,Rahmanullah Gurbaz,Shoriful Islam,0,0,,,,,,,,,
1384394,2023/24,2023-10-07,"Himachal Pradesh Cricket Association Stadium, Dharamsala",1,3.3,Afghanistan,Bangladesh,Ibrahim Zadran,Rahmanullah Gurbaz,Shoriful Islam,0,0,,,,,,,,,
1384394,2023/24,2023-10-07,"Himachal Pradesh Cricket Association Stadium, Dharamsala",1,3.4,Afghanistan,Bangladesh,Ibrahim Zadran,Rahmanullah Gurbaz,Shoriful Islam,0,0,,,,,,,,,
1384394,2023/24,2023-10-07,"Himachal Pradesh Cricket Association Stadium, Dharamsala",1,3.5,Afghanistan,Bangladesh,Ibrahim Zadran,Rahmanullah Gurbaz,Shoriful Islam,4,0,,,,,,,,,
1384394,2023/24,2023-10-07,"Himachal Pradesh Cricket Association Stadium, Dharamsala",1,3.6,Afghanistan,Bangladesh,Ibrahim Zadran,Rahmanullah Gurbaz,Shoriful Islam,0,0,,,,,,,,,
1384394,2023/24,2023-10-07,"Himachal Pradesh Cricket Association Stadium, Dharamsala",1,4.1,Afghanistan,Bangladesh,Rahmanullah Gurbaz,Ibrahim Zadran,Taskin Ahmed,0,0,,,,,,,,,
1384394,2023/24,2023-10-07,"Himachal Pradesh Cricket Association Stadium, Dharamsala",1,4.2,Afghanistan,Bangladesh,Rahmanullah Gurbaz,Ibrahim Zadran,Taskin Ahmed,0,0,,,,,,,,,
1384394,2023/24,2023-10-07,"Himachal Pradesh Cricket Association Stadium, Dharamsala",1,4.3,Afghanistan,Bangladesh,Rahmanullah Gurbaz,Ibrahim Zadran,Taskin Ahmed,1,0,,,,,,,,,
1384394,2023/24,2023-10-07,"Himachal Pradesh Cricket Association Stadium, Dharamsala",1,4.4,Afghanistan,Bangladesh,Ibrahim Zadran,Rahmanullah Gurbaz,Taskin Ahmed,0,0,,,,,,,,,
1384394,2023/24,2023-10-07,"Himachal Pradesh Cricket Association Stadium, Dharamsala",1,4.5,Afghanistan,Bangladesh,Ibrahim Zadran,Rahmanullah Gurbaz,Taskin Ahmed,6,0,,,,,,,,,
1384394,2023/24,2023-10-07,"Himachal Pradesh Cricket Association Stadium, Dharamsala",1,4.6,Afghanistan,Bangladesh,Ibrahim Zadran,Rahmanullah Gurbaz,Taskin Ahmed,0,0,,,,,,,,,
1384394,2023/24,2023-10-07,"Himachal Pradesh Cricket Association Stadium, Dharamsala",1,5.1,Afghanistan,Bangladesh,Rahmanullah Gurbaz,Ibrahim Zadran,Mustafizur Rahman,0,0,,,,,,,,,
1384394,2023/24,2023-10-07,"Himachal Pradesh Cricket Association Stadium, Dharamsala",1,5.2,Afghanistan,Bangladesh,Rahmanullah Gurbaz,Ibrahim Zadran,Mustafizur Rahman,4,0,,,,,,,,,
1384394,2023/24,2023-10-07,"Himachal Pradesh Cricket Association Stadium, Dharamsala",1,5.3,Afghanistan,Bangladesh,Rahmanullah Gurbaz,Ibrahim Zadran,Mustafizur Rahman,0,0,,,,,,,,,
1384394,2023/24,2023-10-07,"Himachal Pradesh Cricket Association Stadium, Dharamsala",1,5.4,Afghanistan,Bangladesh,Rahmanullah Gurbaz,Ibrahim Zadran,Mustafizur Rahman,1,0,,,,,,,,,
1384394,2023/24,2023-10-07,"Himachal Pradesh Cricket Association Stadium, Dharamsala",1,5.5,Afghanistan,Bangladesh,Ibrahim Zadran,Rahmanullah Gurbaz,Mustafizur Rahman,0,0,,,,,,,,,
1384394,2023/24,2023-10-07,"Himachal Pradesh Cricket Association Stadium, Dharamsala",1,5.6,Afghanistan,Bangladesh,Ibrahim Zadran,Rahmanullah Gurbaz,Mustafizur Rahman,0,0,,,,,,,,,
1384394,2023/24,2023-10-07,"Himachal Pradesh Cricket Association Stadium, Dharamsala",1,6.1,Afghanistan,Bangladesh,Rahmanullah Gurbaz,Ibrahim Zadran,Shakib Al Hasan,0,0,,,,,,,,,
1384394,2023/24,2023-10-07,"Himachal Pradesh Cricket Association Stadium, Dharamsala",1,6.2,Afghanistan,Bangladesh,Rahmanullah Gurbaz,Ibrahim Zadran,Shakib Al Hasan,1,0,,,,,,,,,
1384394,2023/24,2023-10-07,"Himachal Pradesh Cricket Association Stadium, Dharamsala",1,6.3,Afghanistan,Bangladesh,Ibrahim Zadran,Rahmanullah Gurbaz,Shakib Al Hasan,4,0,,,,,,,,,
1384394,2023/24,2023-10-07,"Himachal Pradesh Cricket Association Stadium, Dharamsala",1,6.4,Afghanistan,Bangladesh,Ibrahim Zadran,Rahmanullah Gurbaz,Shakib Al Hasan,1,0,,,,,,,,,
1384394,2023/24,2023-10-07,"Himachal Pradesh Cricket Association Stadium, Dharamsala",1,6.5,Afghanistan,Bangladesh,Rahmanullah Gurbaz,Ibrahim Zadran,Shakib Al Hasan,1,0,,,,,,,,,
1384394,2023/24,2023-10-07,"Himachal Pradesh Cricket Association Stadium, Dharamsala",1,6.6,Afghanistan,Bangladesh,Ibrahim Zadran,Rahmanullah Gurbaz,Shakib Al Hasan,0,0,,,,,,,,,
1384394,2023/24,2023-10-07,"Himachal Pradesh Cricket Association Stadium, Dharamsala",1,7.1,Afghanistan,Bangladesh,Rahmanullah Gurbaz,Ibrahim Zadran,Mustafizur Rahman,6,0,,,,,,,,,
1384394,2023/24,2023-10-07,"Himachal Pradesh Cricket Association Stadium, Dharamsala",1,7.2,Afghanistan,Bangladesh,Rahmanullah Gurbaz,Ibrahim Zadran,Mustafizur Rahman,1,0,,,,,,,,,
1384394,2023/24,2023-10-07,"Himachal Pradesh Cricket Association Stadium, Dharamsala",1,7.3,Afghanistan,Bangladesh,Ibrahim Zadran,Rahmanullah Gurbaz,Mustafizur Rahman,1,0,,,,,,,,,
1384394,2023/24,2023-10-07,"Himachal Pradesh Cricket Association Stadium, Dharamsala",1,7.4,Afghanistan,Bangladesh,Rahmanullah Gurbaz,Ibrahim Zadran,Mustafizur Rahman,0,0,,,,,,,,,
1384394,2023/24,2023-10-07,"Himachal Pradesh Cricket Association Stadium, Dharamsala",1,7.5,Afghanistan,Bangladesh,Rahmanullah Gurbaz,Ibrahim Zadran,Mustafizur Rahman,0,0,,,,,,,,,
1384394,2023/24,2023-10-07,"Himachal Pradesh Cricket Association Stadium, Dharamsala",1,7.6,Afghanistan,Bangladesh,Rahmanullah Gurbaz,Ibrahim Zadran,Mustafizur Rahman,0,0,,,,,,,,,
1384394,2023/24,2023-10-07,"Himachal Pradesh Cricket Association Stadium, Dharamsala",1,8.1,Afghanistan,Bangladesh,Ibrahim Zadran,Rahmanullah Gurbaz,Shakib Al Hasan,0,0,,,,,,,,,
1384394,2023/24,2023-10-07,"Himachal Pradesh Cricket Association Stadium, Dharamsala",1,8.2,Afghanistan,Bangladesh,Ibrahim Zadran,Rahmanullah Gurbaz,Shakib Al Hasan,0,0,,,,,,caught,Ibrahim Zadran,,
1384394,2023/24,2023-10-07,"Himachal Pradesh Cricket Association Stadium, Dharamsala",1,8.3,Afghanistan,Bangladesh,Rahmat Shah,Rahmanullah Gurbaz,Shakib Al Hasan,1,0,,,,,,,,,
1384394,2023/24,2023-10-07,"Himachal Pradesh Cricket Association Stadium, Dharamsala",1,8.4,Afghanistan,Bangladesh,Rahmanullah Gurbaz,Rahmat Shah,Shakib Al Hasan,0,0,,,,,,,,,
1384394,2023/24,2023-10-07,"Himachal Pradesh Cricket Association Stadium, Dharamsala",1,8.5,Afghanistan,Bangladesh,Rahmanullah Gurbaz,Rahmat Shah,Shakib Al Hasan,0,0,,,,,,,,,
1384394,2023/24,2023-10-07,"Himachal Pradesh Cricket Association Stadium, Dharamsala",1,8.6,Afghanistan,Bangladesh,Rahmanullah Gurbaz,Rahmat Shah,Shakib Al Hasan,0,0,,,,,,,,,
1384394,2023/24,2023-10-07,"Himachal Pradesh Cricket Association Stadium, Dharamsala",1,9.1,Afghanistan,Bangladesh,Rahmat Shah,Rahmanullah Gurbaz,Mustafizur Rahman,0,0,,,,,,,,,
1384394,2023/24,2023-10-07,"Himachal Pradesh Cricket Association Stadium, Dharamsala",1,9.2,Afghanistan,Bangladesh,Rahmat Shah,Rahmanullah Gurbaz,Mustafizur Rahman,0,0,,,,,,,,,
1384394,2023/24,2023-10-07,"Himachal Pradesh Cricket Association Stadium, Dharamsala",1,9.3,Afghanistan,Bangladesh,Rahmat Shah,Rahmanullah Gurbaz,Mustafizur Rahman,0,0,,,,,,,,,
1384394,2023/24,2023-10-07,"Himachal Pradesh Cricket Association Stadium, Dharamsala",1,9.4,Afghanistan,Bangladesh,Rahmat Shah,Rahmanullah Gurbaz,Mustafizur Rahman,1,0,,,,,,,,,
1384394,2023/24,2023-10-07,"Himachal Pradesh Cricket Association Stadium, Dharamsala",1,9.5,Afghanistan,Bangladesh,Rahmanullah Gurbaz,Rahmat Shah,Mustafizur Rahman,1,0,,,,,,,,,
1384394,2023/24,2023-10-07,"Himachal Pradesh Cricket Association Stadium, Dharamsala",1,9.6,Afghanistan,Bangladesh,Rahmat Shah,Rahmanullah Gurbaz,Mustafizur Rahman,0,0,,,,,,,,,
1384394,2023/24,2023-10-07,"Himachal Pradesh Cricket Association Stadium, Dharamsala",1,10.1,Afghanistan,Bangladesh,Rahmanullah Gurbaz,Rahmat Shah,Taskin Ahmed,3,0,,,,,,,,,
1384394,2023/24,2023-10-07,"Himachal Pradesh Cricket Association Stadium, Dharamsala",1,10.2,Afghanistan,Bangladesh,Rahmat Shah,Rahmanullah Gurbaz,Taskin Ahmed,0,0,,,,,,,,,
1384394,2023/24,2023-10-07,"Himachal Pradesh Cricket Association Stadium, Dharamsala",1,10.3,Afghanistan,Bangladesh,Rahmat Shah,Rahmanullah Gurbaz,Taskin Ahmed,4,0,,,,,,,,,
1384394,2023/24,2023-10-07,"Himachal Pradesh Cricket Association Stadium, Dharamsala",1,10.4,Afghanistan,Bangladesh,Rahmat Shah,Rahmanullah Gurbaz,Taskin Ahmed,0,0,,,,,,,,,
1384394,2023/24,2023-10-07,"Himachal Pradesh Cricket Association Stadium, Dharamsala",1,10.5,Afghanistan,Bangladesh,Rahmat Shah,Rahmanullah Gurbaz,Taskin Ahmed,1,0,,,,,,,,,
1384394,2023/24,2023-10-07,"Himachal Pradesh Cricket Association Stadium, Dharamsala",1,10.6,Afghanistan,Bangladesh,Rahmanullah Gurbaz,Rahmat Shah,Taskin Ahmed,0,0,,,,,,,,,
1384394,2023/24,2023-10-07,"Himachal Pradesh Cricket Association Stadium, Dharamsala",1,11.1,Afghanistan,Bangladesh,Rahmat Shah,Rahmanullah Gurbaz,Mustafizur Rahman,0,0,,,,,,,,,
1384394,2023/24,2023-10-07,"Himachal Pradesh Cricket Association Stadium, Dharamsala",1,11.2,Afghanistan,Bangladesh,Rahmat Shah,Rahmanullah Gurbaz,Mustafizur Rahman,0,0,,,,,,,,,
1384394,2023/24,2023-10-07,"Himachal Pradesh Cricket Association Stadium, Dharamsala",1,11.3,Afghanistan,Bangladesh,Rahmat Shah,Rahmanullah Gurbaz,Mustafizur Rahman,2,0,,,,,,,,,
1384394,2023/24,2023-10-07,"Himachal Pradesh Cricket Association Stadium, Dharamsala",1,11.4,Afghanistan,Bangladesh,Rahmat Shah,Rahmanullah Gurbaz,Mustafizur Rahman,0,0,,,,,,,,,
1384394,2023/24,2023-10-07,"Himachal Pradesh Cricket Association Stadium, Dharamsala",1,11.5,Afghanistan,Bangladesh,Rahmat Shah,Rahmanullah Gurbaz,Mustafizur Rahman,0,0,,,,,,,,,
1384394,2023/24,2023-10-07,"Himachal Pradesh Cricket Association Stadium, Dharamsala",1,11.6,Afghanistan,Bangladesh,Rahmat Shah,Rahmanullah Gurbaz,Mustafizur Rahman,1,0,,,,,,,,,
1384394,2023/24,2023-10-07,"Himachal Pradesh Cricket Association Stadium, Dharamsala",1,12.1,Afghanistan,Bangladesh,Rahmat Shah,Rahmanullah Gurbaz,Shoriful Islam,1,0,,,,,,,,,
1384394,2023/24,2023-10-07,"Himachal Pradesh Cricket Association Stadium, Dharamsala",1,12.2,Afghanistan,Bangladesh,Rahmanullah Gurbaz,Rahmat Shah,Shoriful Islam,0,0,,,,,,,,,
1384394,2023/24,2023-10-07,"Himachal Pradesh Cricket Association Stadium, Dharamsala",1,12.3,Afghanistan,Bangladesh,Rahmanullah Gurbaz,Rahmat Shah,Shoriful Islam,4,0,,,,,,,,,
1384394,2023/24,2023-10-07,"Himachal Pradesh Cricket Association Stadium, Dharamsala",1,12.4,Afghanistan,Bangladesh,Rahmanullah Gurbaz,Rahmat Shah,Shoriful Islam,1,0,,,,,,,,,
1384394,2023/24,2023-10-07,"Himachal Pradesh Cricket Association Stadium, Dharamsala",1,12.5,Afghanistan,Bangladesh,Rahmat Shah,Rahmanullah Gurbaz,Shoriful Islam,1,0,,,,,,,,,
1384394,2023/24,2023-10-07,"Himachal Pradesh Cricket Association Stadium, Dharamsala",1,12.6,Afghanistan,Bangladesh,Rahmanullah Gurbaz,Rahmat Shah,Shoriful Islam,2,0,,,,,,,,,
1384394,2023/24,2023-10-07,"Himachal Pradesh Cricket Association Stadium, Dharamsala",1,13.1,Afghanistan,Bangladesh,Rahmat Shah,Rahmanullah Gurbaz,Shakib Al Hasan,1,0,,,,,,,,,
1384394,2023/24,2023-10-07,"Himachal Pradesh Cricket Association Stadium, Dharamsala",1,13.2,Afghanistan,Bangladesh,Rahmanullah Gurbaz,Rahmat Shah,Shakib Al Hasan,0,0,,,,,,,,,
1384394,2023/24,2023-10-07,"Himachal Pradesh Cricket Association Stadium, Dharamsala",1,13.3,Afghanistan,Bangladesh,Rahmanullah Gurbaz,Rahmat Shah,Shakib Al Hasan,0,0,,,,,,,,,
1384394,2023/24,2023-10-07,"Himachal Pradesh Cricket Association Stadium, Dharamsala",1,13.4,Afghanistan,Bangladesh,Rahmanullah Gurbaz,Rahmat Shah,Shakib Al Hasan,0,0,,,,,,,,,
1384394,2023/24,2023-10-07,"Himachal Pradesh Cricket Association Stadium, Dharamsala",1,13.5,Afghanistan,Bangladesh,Rahmanullah Gurbaz,Rahmat Shah,Shakib Al Hasan,1,0,,,,,,,,,
1384394,2023/24,2023-10-07,"Himachal Pradesh Cricket Association Stadium, Dharamsala",1,13.6,Afghanistan,Bangladesh,Rahmat Shah,Rahmanullah Gurbaz,Shakib Al Hasan,2,0,,,,,,,,,
1384394,2023/24,2023-10-07,"Himachal Pradesh Cricket Association Stadium, Dharamsala",1,14.1,Afghanistan,Bangladesh,Rahmanullah Gurbaz,Rahmat Shah,Mehedi Hasan Miraz,0,0,,,,,,,,,
1384394,2023/24,2023-10-07,"Himachal Pradesh Cricket Association Stadium, Dharamsala",1,14.2,Afghanistan,Bangladesh,Rahmanullah Gurbaz,Rahmat Shah,Mehedi Hasan Miraz,0,5,5,,,,,,,,
1384394,2023/24,2023-10-07,"Himachal Pradesh Cricket Association Stadium, Dharamsala",1,14.3,Afghanistan,Bangladesh,Rahmanullah Gurbaz,Rahmat Shah,Mehedi Hasan Miraz,1,0,,,,,,,,,
1384394,2023/24,2023-10-07,"Himachal Pradesh Cricket Association Stadium, Dharamsala",1,14.4,Afghanistan,Bangladesh,Rahmat Shah,Rahmanullah Gurbaz,Mehedi Hasan Miraz,0,0,,,,,,,,,
1384394,2023/24,2023-10-07,"Himachal Pradesh Cricket Association Stadium, Dharamsala",1,14.5,Afghanistan,Bangladesh,Rahmat Shah,Rahmanullah Gurbaz,Mehedi Hasan Miraz,0,0,,,,,,,,,
1384394,2023/24,2023-10-07,"Himachal Pradesh Cricket Association Stadium, Dharamsala",1,14.6,Afghanistan,Bangladesh,Rahmat Shah,Rahmanullah Gurbaz,Mehedi Hasan Miraz,2,0,,,,,,,,,
1384394,2023/24,2023-10-07,"Himachal Pradesh Cricket Association Stadium, Dharamsala",1,14.7,Afghanistan,Bangladesh,Rahmat Shah,Rahmanullah Gurbaz,Mehedi Hasan Miraz,1,0,,,,,,,,,
1384394,2023/24,2023-10-07,"Himachal Pradesh Cricket Association Stadium, Dharamsala",1,15.1,Afghanistan,Bangladesh,Rahmat Shah,Rahmanullah Gurbaz,Shakib Al Hasan,0,0,,,,,,caught,Rahmat Shah,,
1384394,2023/24,2023-10-07,"Himachal Pradesh Cricket Association Stadium, Dharamsala",1,15.2,Afghanistan,Bangladesh,Hashmatullah Shahidi,Rahmanullah Gurbaz,Shakib Al Hasan,0,0,,,,,,,,,
1384394,2023/24,2023-10-07,"Himachal Pradesh Cricket Association Stadium, Dharamsala",1,15.3,Afghanistan,Bangladesh,Hashmatullah Shahidi,Rahmanullah Gurbaz,Shakib Al Hasan,0,0,,,,,,,,,
1384394,2023/24,2023-10-07,"Himachal Pradesh Cricket Association Stadium, Dharamsala",1,15.4,Afghanistan,Bangladesh,Hashmatullah Shahidi,Rahmanullah Gurbaz,Shakib Al Hasan,0,0,,,,,,,,,
1384394,2023/24,2023-10-07,"Himachal Pradesh Cricket Association Stadium, Dharamsala",1,15.5,Afghanistan,Bangladesh,Hashmatullah Shahidi,Rahmanullah Gurbaz,Shakib Al Hasan,1,0,,,,,,,,,
1384394,2023/24,2023-10-07,"Himachal Pradesh Cricket Association Stadium, Dharamsala",1,15.6,Afghanistan,Bangladesh,Rahmanullah Gurbaz,Hashmatullah Shahidi,Shakib Al Hasan,0,0,,,,,,,,,
1384394,2023/24,2023-10-07,"Himachal Pradesh Cricket Association Stadium, Dharamsala",1,16.1,Afghanistan,Bangladesh,Hashmatullah Shahidi,Rahmanullah Gurbaz,Mehedi Hasan Miraz,1,0,,,,,,,,,
1384394,2023/24,2023-10-07,"Himachal Pradesh Cricket Association Stadium, Dharamsala",1,16.2,Afghanistan,Bangladesh,Rahmanullah Gurbaz,Hashmatullah Shahidi,Mehedi Hasan Miraz,0,0,,,,,,,,,
1384394,2023/24,2023-10-07,"Himachal Pradesh Cricket Association Stadium, Dharamsala",1,16.3,Afghanistan,Bangladesh,Rahmanullah Gurbaz,Hashmatullah Shahidi,Mehedi Hasan Miraz,1,0,,,,,,,,,
1384394,2023/24,2023-10-07,"Himachal Pradesh Cricket Association Stadium, Dharamsala",1,16.4,Afghanistan,Bangladesh,Hashmatullah Shahidi,Rahmanullah Gurbaz,Mehedi Hasan Miraz,0,0,,,,,,,,,
1384394,2023/24,2023-10-07,"Himachal Pradesh Cricket Association Stadium, Dharamsala",1,16.5,Afghanistan,Bangladesh,Hashmatullah Shahidi,Rahmanullah Gurbaz,Mehedi Hasan Miraz,0,0,,,,,,,,,
1384394,2023/24,2023-10-07,"Himachal Pradesh Cricket Association Stadium, Dharamsala",1,16.6,Afghanistan,Bangladesh,Hashmatullah Shahidi,Rahmanullah Gurbaz,Mehedi Hasan Miraz,0,0,,,,,,,,,
1384394,2023/24,2023-10-07,"Himachal Pradesh Cricket Association Stadium, Dharamsala",1,17.1,Afghanistan,Bangladesh,Rahmanullah Gurbaz,Hashmatullah Shahidi,Shakib Al Hasan,0,0,,,,,,,,,
1384394,2023/24,2023-10-07,"Himachal Pradesh Cricket Association Stadium, Dharamsala",1,17.2,Afghanistan,Bangladesh,Rahmanullah Gurbaz,Hashmatullah Shahidi,Shakib Al Hasan,1,0,,,,,,,,,
1384394,2023/24,2023-10-07,"Himachal Pradesh Cricket Association Stadium, Dharamsala",1,17.3,Afghanistan,Bangladesh,Hashmatullah Shahidi,Rahmanullah Gurbaz,Shakib Al Hasan,1,0,,,,,,,,,
1384394,2023/24,2023-10-07,"Himachal Pradesh Cricket Association Stadium, Dharamsala",1,17.4,Afghanistan,Bangladesh,Rahmanullah Gurbaz,Hashmatullah Shahidi,Shakib Al Hasan,0,0,,,,,,,,,
1384394,2023/24,2023-10-07,"Himachal Pradesh Cricket Association Stadium, Dharamsala",1,17.5,Afghanistan,Bangladesh,Rahmanullah Gurbaz,Hashmatullah Shahidi,Shakib Al Hasan,0,0,,,,,,,,,
1384394,2023/24,2023-10-07,"Himachal Pradesh Cricket Association Stadium, Dharamsala",1,17.6,Afghanistan,Bangladesh,Rahmanullah Gurbaz,Hashmatullah Shahidi,Shakib Al Hasan,0,0,,,,,,,,,
1384394,2023/24,2023-10-07,"Himachal Pradesh Cricket Association Stadium, Dharamsala",1,18.1,Afghanistan,Bangladesh,Hashmatullah Shahidi,Rahmanullah Gurbaz,Mehedi Hasan Miraz,0,0,,,,,,,,,
1384394,2023/24,2023-10-07,"Himachal Pradesh Cricket Association Stadium, Dharamsala",1,18.2,Afghanistan,Bangladesh,Hashmatullah Shahidi,Rahmanullah Gurbaz,Mehedi Hasan Miraz,0,0,,,,,,,,,
1384394,2023/24,2023-10-07,"Himachal Pradesh Cricket Association Stadium, Dharamsala",1,18.3,Afghanistan,Bangladesh,Hashmatullah Shahidi,Rahmanullah Gurbaz,Mehedi Hasan Miraz,0,0,,,,,,,,,
1384394,2023/24,2023-10-07,"Himachal Pradesh Cricket Association Stadium, Dharamsala",1,18.4,Afghanistan,Bangladesh,Hashmatullah Shahidi,Rahmanullah Gurbaz,Mehedi Hasan Miraz,0,0,,,,,,,,,
1384394,2023/24,2023-10-07,"Himachal Pradesh Cricket Association Stadium, Dharamsala",1,18.5,Afghanistan,Bangladesh,Hashmatullah Shahidi,Rahmanullah Gurbaz,Mehedi Hasan Miraz,0,0,,,,,,,,,
1384394,2023/24,2023-10-07,"Himachal Pradesh Cricket Association Stadium, Dharamsala",1,18.6,Afghanistan,Bangladesh,Hashmatullah Shahidi,Rahmanullah Gurbaz,Mehedi Hasan Miraz,0,0,,,,,,,,,
1384394,2023/24,2023-10-07,"Himachal Pradesh Cricket Association Stadium, Dharamsala",1,19.1,Afghanistan,Bangladesh,Rahmanullah Gurbaz,Hashmatullah Shahidi,Shoriful Islam,0,0,,,,,,,,,
1384394,2023/24,2023-10-07,"Himachal Pradesh Cricket Association Stadium, Dharamsala",1,19.2,Afghanistan,Bangladesh,Rahmanullah Gurbaz,Hashmatullah Shahidi,Shoriful Islam,4,0,,,,,,,,,
1384394,2023/24,2023-10-07,"Himachal Pradesh Cricket Association Stadium, Dharamsala",1,19.3,Afghanistan,Bangladesh,Rahmanullah Gurbaz,Hashmatullah Shahidi,Shoriful Islam,1,0,,,,,,,,,
1384394,2023/24,2023-10-07,"Himachal Pradesh Cricket Association Stadium, Dharamsala",1,19.4,Afghanistan,Bangladesh,Hashmatullah Shahidi,Rahmanullah Gurbaz,Shoriful Islam,0,0,,,,,,,,,
1384394,2023/24,2023-10-07,"Himachal Pradesh Cricket Association Stadium, Dharamsala",1,19.5,Afghanistan,Bangladesh,Hashmatullah Shahidi,Rahmanullah Gurbaz,Shoriful Islam,1,0,,,,,,,,,
1384394,2023/24,2023-10-07,"Himachal Pradesh Cricket Association Stadium, Dharamsala",1,19.6,Afghanistan,Bangladesh,Rahmanullah Gurbaz,Hashmatullah Shahidi,Shoriful Islam,2,0,,,,,,,,,
1384394,2023/24,2023-10-07,"Himachal Pradesh Cricket Association Stadium, Dharamsala",1,20.1,Afghanistan,Bangladesh,Hashmatullah Shahidi,Rahmanullah Gurbaz,Mehedi Hasan Miraz,0,0,,,,,,,,,
1384394,2023/24,2023-10-07,"Himachal Pradesh Cricket Association Stadium, Dharamsala",1,20.2,Afghanistan,Bangladesh,Hashmatullah Shahidi,Rahmanullah Gurbaz,Mehedi Hasan Miraz,0,0,,,,,,,,,
1384394,2023/24,2023-10-07,"Himachal Pradesh Cricket Association Stadium, Dharamsala",1,20.3,Afghanistan,Bangladesh,Hashmatullah Shahidi,Rahmanullah Gurbaz,Mehedi Hasan Miraz,0,0,,,,,,,,,
1384394,2023/24,2023-10-07,"Himachal Pradesh Cricket Association Stadium, Dharamsala",1,20.4,Afghanistan,Bangladesh,Hashmatullah Shahidi,Rahmanullah Gurbaz,Mehedi Hasan Miraz,0,0,,,,,,,,,
1384394,2023/24,2023-10-07,"Himachal Pradesh Cricket Association Stadium, Dharamsala",1,20.5,Afghanistan,Bangladesh,Hashmatullah Shahidi,Rahmanullah Gurbaz,Mehedi Hasan Miraz,1,0,,,,,,,,,
1384394,2023/24,2023-10-07,"Himachal Pradesh Cricket Association Stadium, Dharamsala",1,20.6,Afghanistan,Bangladesh,Rahmanullah Gurbaz,Hashmatullah Shahidi,Mehedi Hasan Miraz,0,0,,,,,,,,,
1384394,2023/24,2023-10-07,"Himachal Pradesh Cricket Association Stadium, Dharamsala",1,21.1,Afghanistan,Bangladesh,Hashmatullah Shahidi,Rahmanullah Gurbaz,Mahmudullah,0,0,,,,,,,,,
1384394,2023/24,2023-10-07,"Himachal Pradesh Cricket Association Stadium, Dharamsala",1,21.2,Afghanistan,Bangladesh,Hashmatullah Shahidi,Rahmanullah Gurbaz,Mahmudullah,4,0,,,,,,,,,
1384394,2023/24,2023-10-07,"Himachal Pradesh Cricket Association Stadium, Dharamsala",1,21.3,Afghanistan,Bangladesh,Hashmatullah Shahidi,Rahmanullah Gurbaz,Mahmudullah,2,0,,,,,,,,,
1384394,2023/24,2023-10-07,"Himachal Pradesh Cricket Association Stadium, Dharamsala",1,21.4,Afghanistan,Bangladesh,Hashmatullah Shahidi,Rahmanullah Gurbaz,Mahmudullah,1,0,,,,,,,,,
1384394,2023/24,2023-10-07,"Himachal Pradesh Cricket Association Stadium, Dharamsala",1,21.5,Afghanistan,Bangladesh,Rahmanullah Gurbaz,Hashmatullah Shahidi,Mahmudullah,0,0,,,,,,,,,
1384394,2023/24,2023-10-07,"Himachal Pradesh Cricket Association Stadium, Dharamsala",1,21.6,Afghanistan,Bangladesh,Rahmanullah Gurbaz,Hashmatullah Shahidi,Mahmudullah,0,0,,,,,,,,,
1384394,2023/24,2023-10-07,"Himachal Pradesh Cricket Association Stadium, Dharamsala",1,22.1,Afghanistan,Bangladesh,Hashmatullah Shahidi,Rahmanullah Gurbaz,Mehedi Hasan Miraz,0,0,,,,,,,,,
1384394,2023/24,2023-10-07,"Himachal Pradesh Cricket Association Stadium, Dharamsala",1,22.2,Afghanistan,Bangladesh,Hashmatullah Shahidi,Rahmanullah Gurbaz,Mehedi Hasan Miraz,1,0,,,,,,,,,
1384394,2023/24,2023-10-07,"Himachal Pradesh Cricket Association Stadium, Dharamsala",1,22.3,Afghanistan,Bangladesh,Rahmanullah Gurbaz,Hashmatullah Shahidi,Mehedi Hasan Miraz,0,0,,,,,,,,,
1384394,2023/24,2023-10-07,"Himachal Pradesh Cricket Association Stadium, Dharamsala",1,22.4,Afghanistan,Bangladesh,Rahmanullah Gurbaz,Hashmatullah Shahidi,Mehedi Hasan Miraz,0,0,,,,,,,,,
1384394,2023/24,2023-10-07,"Himachal Pradesh Cricket Association Stadium, Dharamsala",1,22.5,Afghanistan,Bangladesh,Rahmanullah Gurbaz,Hashmatullah Shahidi,Mehedi Hasan Miraz,1,0,,,,,,,,,
1384394,2023/24,2023-10-07,"Himachal Pradesh Cricket Association Stadium, Dharamsala",1,22.6,Afghanistan,Bangladesh,Hashmatullah Shahidi,Rahmanullah Gurbaz,Mehedi Hasan Miraz,0,0,,,,,,,,,
1384394,2023/24,2023-10-07,"Himachal Pradesh Cricket Association Stadium, Dharamsala",1,23.1,Afghanistan,Bangladesh,Rahmanullah Gurbaz,Hashmatullah Shahidi,Mustafizur Rahman,1,0,,,,,,,,,
1384394,2023/24,2023-10-07,"Himachal Pradesh Cricket Association Stadium, Dharamsala",1,23.2,Afghanistan,Bangladesh,Hashmatullah Shahidi,Rahmanullah Gurbaz,Mustafizur Rahman,0,0,,,,,,,,,
1384394,2023/24,2023-10-07,"Himachal Pradesh Cricket Association Stadium, Dharamsala",1,23.3,Afghanistan,Bangladesh,Hashmatullah Shahidi,Rahmanullah Gurbaz,Mustafizur Rahman,4,0,,,,,,,,,
1384394,2023/24,2023-10-07,"Himachal Pradesh Cricket Association Stadium, Dharamsala",1,23.4,Afghanistan,Bangladesh,Hashmatullah Shahidi,Rahmanullah Gurbaz,Mustafizur Rahman,0,0,,,,,,,,,
1384394,2023/24,2023-10-07,"Himachal Pradesh Cricket Association Stadium, Dharamsala",1,23.5,Afghanistan,Bangladesh,Hashmatullah Shahidi,Rahmanullah Gurbaz,Mustafizur Rahman,0,0,,,,,,,,,
1384394,2023/24,2023-10-07,"Himachal Pradesh Cricket Association Stadium, Dharamsala",1,23.6,Afghanistan,Bangladesh,Hashmatullah Shahidi,Rahmanullah Gurbaz,Mustafizur Rahman,1,0,,,,,,,,,
1384394,2023/24,2023-10-07,"Himachal Pradesh Cricket Association Stadium, Dharamsala",1,24.1,Afghanistan,Bangladesh,Hashmatullah Shahidi,Rahmanullah Gurbaz,Mehedi Hasan Miraz,0,0,,,,,,,,,
1384394,2023/24,2023-10-07,"Himachal Pradesh Cricket Association Stadium, Dharamsala",1,24.2,Afghanistan,Bangladesh,Hashmatullah Shahidi,Rahmanullah Gurbaz,Mehedi Hasan Miraz,0,0,,,,,,,,,
1384394,2023/24,2023-10-07,"Himachal Pradesh Cricket Association Stadium, Dharamsala",1,24.3,Afghanistan,Bangladesh,Hashmatullah Shahidi,Rahmanullah Gurbaz,Mehedi Hasan Miraz,0,0,,,,,,,,,
1384394,2023/24,2023-10-07,"Himachal Pradesh Cricket Association Stadium, Dharamsala",1,24.4,Afghanistan,Bangladesh,Hashmatullah Shahidi,Rahmanullah Gurbaz,Mehedi Hasan Miraz,0,0,,,,,,caught,Hashmatullah Shahidi,,
1384394,2023/24,2023-10-07,"Himachal Pradesh Cricket Association Stadium, Dharamsala",1,24.5,Afghanistan,Bangladesh,Najibullah Zadran,Rahmanullah Gurbaz,Mehedi Hasan Miraz,0,0,,,,,,,,,
1384394,2023/24,2023-10-07,"Himachal Pradesh Cricket Association Stadium, Dharamsala",1,24.6,Afghanistan,Bangladesh,Najibullah Zadran,Rahmanullah Gurbaz,Mehedi Hasan Miraz,0,0,,,,,,,,,
1384394,2023/24,2023-10-07,"Himachal Pradesh Cricket Association Stadium, Dharamsala",1,25.1,Afghanistan,Bangladesh,Rahmanullah Gurbaz,Najibullah Zadran,Mustafizur Rahman,0,0,,,,,,,,,
1384394,2023/24,2023-10-07,"Himachal Pradesh Cricket Association Stadium, Dharamsala",1,25.2,Afghanistan,Bangladesh,Rahmanullah Gurbaz,Najibullah Zadran,Mustafizur Rahman,0,0,,,,,,caught,Rahmanullah Gurbaz,,
1384394,2023/24,2023-10-07,"Himachal Pradesh Cricket Association Stadium, Dharamsala",1,25.3,Afghanistan,Bangladesh,Mohammad Nabi,Najibullah Zadran,Mustafizur Rahman,0,0,,,,,,,,,
1384394,2023/24,2023-10-07,"Himachal Pradesh Cricket Association Stadium, Dharamsala",1,25.4,Afghanistan,Bangladesh,Mohammad Nabi,Najibullah Zadran,Mustafizur Rahman,0,0,,,,,,,,,
1384394,2023/24,2023-10-07,"Himachal Pradesh Cricket Association Stadium, Dharamsala",1,25.5,Afghanistan,Bangladesh,Mohammad Nabi,Najibullah Zadran,Mustafizur Rahman,0,0,,,,,,,,,
1384394,2023/24,2023-10-07,"Himachal Pradesh Cricket Association Stadium, Dharamsala",1,25.6,Afghanistan,Bangladesh,Mohammad Nabi,Najibullah Zadran,Mustafizur Rahman,0,0,,,,,,,,,
1384394,2023/24,2023-10-07,"Himachal Pradesh Cricket Association Stadium, Dharamsala",1,26.1,Afghanistan,Bangladesh,Najibullah Zadran,Mohammad Nabi,Mehedi Hasan Miraz,1,0,,,,,,,,,
1384394,2023/24,2023-10-07,"Himachal Pradesh Cricket Association Stadium, Dharamsala",1,26.2,Afghanistan,Bangladesh,Mohammad Nabi,Najibullah Zadran,Mehedi Hasan Miraz,1,0,,,,,,,,,
1384394,2023/24,2023-10-07,"Himachal Pradesh Cricket Association Stadium, Dharamsala",1,26.3,Afghanistan,Bangladesh,Najibullah Zadran,Mohammad Nabi,Mehedi Hasan Miraz,1,0,,,,,,,,,
1384394,2023/24,2023-10-07,"Himachal Pradesh Cricket Association Stadium, Dharamsala",1,26.4,Afghanistan,Bangladesh,Mohammad Nabi,Najibullah Zadran,Mehedi Hasan Miraz,1,0,,,,,,,,,
1384394,2023/24,2023-10-07,"Himachal Pradesh Cricket Association Stadium, Dharamsala",1,26.5,Afghanistan,Bangladesh,Najibullah Zadran,Mohammad Nabi,Mehedi Hasan Miraz,0,0,,,,,,,,,
1384394,2023/24,2023-10-07,"Himachal Pradesh Cricket Association Stadium, Dharamsala",1,26.6,Afghanistan,Bangladesh,Najibullah Zadran,Mohammad Nabi,Mehedi Hasan Miraz,1,0,,,,,,,,,
1384394,2023/24,2023-10-07,"Himachal Pradesh Cricket Association Stadium, Dharamsala",1,27.1,Afghanistan,Bangladesh,Najibullah Zadran,Mohammad Nabi,Mustafizur Rahman,1,0,,,,,,,,,
1384394,2023/24,2023-10-07,"Himachal Pradesh Cricket Association Stadium, Dharamsala",1,27.2,Afghanistan,Bangladesh,Mohammad Nabi,Najibullah Zadran,Mustafizur Rahman,1,0,,,,,,,,,
1384394,2023/24,2023-10-07,"Himachal Pradesh Cricket Association Stadium, Dharamsala",1,27.3,Afghanistan,Bangladesh,Najibullah Zadran,Mohammad Nabi,Mustafizur Rahman,1,0,,,,,,,,,
1384394,2023/24,2023-10-07,"Himachal Pradesh Cricket Association Stadium, Dharamsala",1,27.4,Afghanistan,Bangladesh,Mohammad Nabi,Najibullah Zadran,Mustafizur Rahman,1,0,,,,,,,,,
1384394,2023/24,2023-10-07,"Himachal Pradesh Cricket Association Stadium, Dharamsala",1,27.5,Afghanistan,Bangladesh,Najibullah Zadran,Mohammad Nabi,Mustafizur Rahman,0,0,,,,,,,,,
1384394,2023/24,2023-10-07,"Himachal Pradesh Cricket Association Stadium, Dharamsala",1,27.6,Afghanistan,Bangladesh,Najibullah Zadran,Mohammad Nabi,Mustafizur Rahman,0,0,,,,,,,,,
1384394,2023/24,2023-10-07,"Himachal Pradesh Cricket Association Stadium, Dharamsala",1,28.1,Afghanistan,Bangladesh,Mohammad Nabi,Najibullah Zadran,Shakib Al Hasan,1,0,,,,,,,,,
1384394,2023/24,2023-10-07,"Himachal Pradesh Cricket Association Stadium, Dharamsala",1,28.2,Afghanistan,Bangladesh,Najibullah Zadran,Mohammad Nabi,Shakib Al Hasan,0,0,,,,,,,,,
1384394,2023/24,2023-10-07,"Himachal Pradesh Cricket Association Stadium, Dharamsala",1,28.3,Afghanistan,Bangladesh,Najibullah Zadran,Mohammad Nabi,Shakib Al Hasan,0,0,,,,,,,,,
1384394,2023/24,2023-10-07,"Himachal Pradesh Cricket Association Stadium, Dharamsala",1,28.4,Afghanistan,Bangladesh,Najibullah Zadran,Mohammad Nabi,Shakib Al Hasan,0,0,,,,,,bowled,Najibullah Zadran,,
1384394,2023/24,2023-10-07,"Himachal Pradesh Cricket Association Stadium, Dharamsala",1,28.5,Afghanistan,Bangladesh,Azmatullah Omarzai,Mohammad Nabi,Shakib Al Hasan,0,0,,,,,,,,,
1384394,2023/24,2023-10-07,"Himachal Pradesh Cricket Association Stadium, Dharamsala",1,28.6,Afghanistan,Bangladesh,Azmatullah Omarzai,Mohammad Nabi,Shakib Al Hasan,1,0,,,,,,,,,
1384394,2023/24,2023-10-07,"Himachal Pradesh Cricket Association Stadium, Dharamsala",1,29.1,Afghanistan,Bangladesh,Azmatullah Omarzai,Mohammad Nabi,Taskin Ahmed,1,0,,,,,,,,,
1384394,2023/24,2023-10-07,"Himachal Pradesh Cricket Association Stadium, Dharamsala",1,29.2,Afghanistan,Bangladesh,Mohammad Nabi,Azmatullah Omarzai,Taskin Ahmed,1,0,,,,,,,,,
1384394,2023/24,2023-10-07,"Himachal Pradesh Cricket Association Stadium, Dharamsala",1,29.3,Afghanistan,Bangladesh,Azmatullah Omarzai,Mohammad Nabi,Taskin Ahmed,0,0,,,,,,,,,
1384394,2023/24,2023-10-07,"Himachal Pradesh Cricket Association Stadium, Dharamsala",1,29.4,Afghanistan,Bangladesh,Azmatullah Omarzai,Mohammad Nabi,Taskin Ahmed,1,0,,,,,,,,,
1384394,2023/24,2023-10-07,"Himachal Pradesh Cricket Association Stadium, Dharamsala",1,29.5,Afghanistan,Bangladesh,Mohammad Nabi,Azmatullah Omarzai,Taskin Ahmed,0,0,,,,,,,,,
1384394,2023/24,2023-10-07,"Himachal Pradesh Cricket Association Stadium, Dharamsala",1,29.6,Afghanistan,Bangladesh,Mohammad Nabi,Azmatullah Omarzai,Taskin Ahmed,0,0,,,,,,bowled,Mohammad Nabi,,
1384394,2023/24,2023-10-07,"Himachal Pradesh Cricket Association Stadium, Dharamsala",1,30.1,Afghanistan,Bangladesh,Azmatullah Omarzai,Rashid Khan,Shakib Al Hasan,4,0,,,,,,,,,
1384394,2023/24,2023-10-07,"Himachal Pradesh Cricket Association Stadium, Dharamsala",1,30.2,Afghanistan,Bangladesh,Azmatullah Omarzai,Rashid Khan,Shakib Al Hasan,0,0,,,,,,,,,
1384394,2023/24,2023-10-07,"Himachal Pradesh Cricket Association Stadium, Dharamsala",1,30.3,Afghanistan,Bangladesh,Azmatullah Omarzai,Rashid Khan,Shakib Al Hasan,1,0,,,,,,,,,
1384394,2023/24,2023-10-07,"Himachal Pradesh Cricket Association Stadium, Dharamsala",1,30.4,Afghanistan,Bangladesh,Rashid Khan,Azmatullah Omarzai,Shakib Al Hasan,1,0,,,,,,,,,
1384394,2023/24,2023-10-07,"Himachal Pradesh Cricket Association Stadium, Dharamsala",1,30.5,Afghanistan,Bangladesh,Azmatullah Omarzai,Rashid Khan,Shakib Al Hasan,0,0,,,,,,,,,
1384394,2023/24,2023-10-07,"Himachal Pradesh Cricket Association Stadium, Dharamsala",1,30.6,Afghanistan,Bangladesh,Azmatullah Omarzai,Rashid Khan,Shakib Al Hasan,4,0,,,,,,,,,
1384394,2023/24,2023-10-07,"Himachal Pradesh Cricket Association Stadium, Dharamsala",1,31.1,Afghanistan,Bangladesh,Rashid Khan,Azmatullah Omarzai,Taskin Ahmed,0,0,,,,,,,,,
1384394,2023/24,2023-10-07,"Himachal Pradesh Cricket Association Stadium, Dharamsala",1,31.2,Afghanistan,Bangladesh,Rashid Khan,Azmatullah Omarzai,Taskin Ahmed,0,0,,,,,,,,,
1384394,2023/24,2023-10-07,"Himachal Pradesh Cricket Association Stadium, Dharamsala",1,31.3,Afghanistan,Bangladesh,Rashid Khan,Azmatullah Omarzai,Taskin Ahmed,0,1,1,,,,,,,,
1384394,2023/24,2023-10-07,"Himachal Pradesh Cricket Association Stadium, Dharamsala",1,31.4,Afghanistan,Bangladesh,Rashid Khan,Azmatullah Omarzai,Taskin Ahmed,1,0,,,,,,,,,
1384394,2023/24,2023-10-07,"Himachal Pradesh Cricket Association Stadium, Dharamsala",1,31.5,Afghanistan,Bangladesh,Azmatullah Omarzai,Rashid Khan,Taskin Ahmed,0,0,,,,,,,,,
1384394,2023/24,2023-10-07,"Himachal Pradesh Cricket Association Stadium, Dharamsala",1,31.6,Afghanistan,Bangladesh,Azmatullah Omarzai,Rashid Khan,Taskin Ahmed,4,0,,,,,,,,,
1384394,2023/24,2023-10-07,"Himachal Pradesh Cricket Association Stadium, Dharamsala",1,31.7,Afghanistan,Bangladesh,Azmatullah Omarzai,Rashid Khan,Taskin Ahmed,0,0,,,,,,,,,
1384394,2023/24,2023-10-07,"Himachal Pradesh Cricket Association Stadium, Dharamsala",1,32.1,Afghanistan,Bangladesh,Rashid Khan,Azmatullah Omarzai,Shakib Al Hasan,0,0,,,,,,,,,
1384394,2023/24,2023-10-07,"Himachal Pradesh Cricket Association Stadium, Dharamsala",1,32.2,Afghanistan,Bangladesh,Rashid Khan,Azmatullah Omarzai,Shakib Al Hasan,1,0,,,,,,,,,
1384394,2023/24,2023-10-07,"Himachal Pradesh Cricket Association Stadium, Dharamsala",1,32.3,Afghanistan,Bangladesh,Azmatullah Omarzai,Rashid Khan,Shakib Al Hasan,1,0,,,,,,,,,
1384394,2023/24,2023-10-07,"Himachal Pradesh Cricket Association Stadium, Dharamsala",1,32.4,Afghanistan,Bangladesh,Rashid Khan,Azmatullah Omarzai,Shakib Al Hasan,0,0,,,,,,,,,
1384394,2023/24,2023-10-07,"Himachal Pradesh Cricket Association Stadium, Dharamsala",1,32.5,Afghanistan,Bangladesh,Rashid Khan,Azmatullah Omarzai,Shakib Al Hasan,1,0,,,,,,,,,
1384394,2023/24,2023-10-07,"Himachal Pradesh Cricket Association Stadium, Dharamsala",1,32.6,Afghanistan,Bangladesh,Azmatullah Omarzai,Rashid Khan,Shakib Al Hasan,0,0,,,,,,,,,
1384394,2023/24,2023-10-07,"Himachal Pradesh Cricket Association Stadium, Dharamsala",1,33.1,Afghanistan,Bangladesh,Rashid Khan,Azmatullah Omarzai,Shoriful Islam,0,0,,,,,,,,,
1384394,2023/24,2023-10-07,"Himachal Pradesh Cricket Association Stadium, Dharamsala",1,33.2,Afghanistan,Bangladesh,Rashid Khan,Azmatullah Omarzai,Shoriful Islam,0,0,,,,,,,,,
1384394,2023/24,2023-10-07,"Himachal Pradesh Cricket Association Stadium, Dharamsala",1,33.3,Afghanistan,Bangladesh,Rashid Khan,Azmatullah Omarzai,Shoriful Islam,0,0,,,,,,,,,
1384394,2023/24,2023-10-07,"Himachal Pradesh Cricket Association Stadium, Dharamsala",1,33.4,Afghanistan,Bangladesh,Rashid Khan,Azmatullah Omarzai,Shoriful Islam,4,0,,,,,,,,,
1384394,2023/24,2023-10-07,"Himachal Pradesh Cricket Association Stadium, Dharamsala",1,33.5,Afghanistan,Bangladesh,Rashid Khan,Azmatullah Omarzai,Shoriful Islam,0,0,,,,,,,,,
1384394,2023/24,2023-10-07,"Himachal Pradesh Cricket Association Stadium, Dharamsala",1,33.6,Afghanistan,Bangladesh,Rashid Khan,Azmatullah Omarzai,Shoriful Islam,1,0,,,,,,,,,
1384394,2023/24,2023-10-07,"Himachal Pradesh Cricket Association Stadium, Dharamsala",1,34.1,Afghanistan,Bangladesh,Rashid Khan,Azmatullah Omarzai,Mehedi Hasan Miraz,0,0,,,,,,,,,
1384394,2023/24,2023-10-07,"Himachal Pradesh Cricket Association Stadium, Dharamsala",1,34.2,Afghanistan,Bangladesh,Rashid Khan,Azmatullah Omarzai,Mehedi Hasan Miraz,0,0,,,,,,bowled,Rashid Khan,,
1384394,2023/24,2023-10-07,"Himachal Pradesh Cricket Association Stadium, Dharamsala",1,34.3,Afghanistan,Bangladesh,Mujeeb Ur Rahman,Azmatullah Omarzai,Mehedi Hasan Miraz,1,0,,,,,,,,,
1384394,2023/24,2023-10-07,"Himachal Pradesh Cricket Association Stadium, Dharamsala",1,34.4,Afghanistan,Bangladesh,Azmatullah Omarzai,Mujeeb Ur Rahman,Mehedi Hasan Miraz,0,0,,,,,,,,,
1384394,2023/24,2023-10-07,"Himachal Pradesh Cricket Association Stadium, Dharamsala",1,34.5,Afghanistan,Bangladesh,Azmatullah Omarzai,Mujeeb Ur Rahman,Mehedi Hasan Miraz,4,0,,,,,,,,,
1384394,2023/24,2023-10-07,"Himachal Pradesh Cricket Association Stadium, Dharamsala",1,34.6,Afghanistan,Bangladesh,Azmatullah Omarzai,Mujeeb Ur Rahman,Mehedi Hasan Miraz,1,0,,,,,,,,,
1384394,2023/24,2023-10-07,"Himachal Pradesh Cricket Association Stadium, Dharamsala",1,35.1,Afghanistan,Bangladesh,Azmatullah Omarzai,Mujeeb Ur Rahman,Shoriful Islam,0,0,,,,,,,,,
1384394,2023/24,2023-10-07,"Himachal Pradesh Cricket Association Stadium, Dharamsala",1,35.2,Afghanistan,Bangladesh,Azmatullah Omarzai,Mujeeb Ur Rahman,Shoriful Islam,0,0,,,,,,bowled,Azmatullah Omarzai,,
1384394,2023/24,2023-10-07,"Himachal Pradesh Cricket Association Stadium, Dharamsala",1,35.3,Afghanistan,Bangladesh,Naveen-ul-Haq,Mujeeb Ur Rahman,Shoriful Islam,0,0,,,,,,,,,
1384394,2023/24,2023-10-07,"Himachal Pradesh Cricket Association Stadium, Dharamsala",1,35.4,Afghanistan,Bangladesh,Naveen-ul-Haq,Mujeeb Ur Rahman,Shoriful Islam,0,0,,,,,,,,,
1384394,2023/24,2023-10-07,"Himachal Pradesh Cricket Association Stadium, Dharamsala",1,35.5,Afghanistan,Bangladesh,Naveen-ul-Haq,Mujeeb Ur Rahman,Shoriful Islam,0,0,,,,,,,,,
1384394,2023/24,2023-10-07,"Himachal Pradesh Cricket Association Stadium, Dharamsala",1,35.6,Afghanistan,Bangladesh,Naveen-ul-Haq,Mujeeb Ur Rahman,Shoriful Islam,0,0,,,,,,,,,
1384394,2023/24,2023-10-07,"Himachal Pradesh Cricket Association Stadium, Dharamsala",1,36.1,Afghanistan,Bangladesh,Mujeeb Ur Rahman,Naveen-ul-Haq,Mehedi Hasan Miraz,0,0,,,,,,,,,
1384394,2023/24,2023-10-07,"Himachal Pradesh Cricket Association Stadium, Dharamsala",1,36.2,Afghanistan,Bangladesh,Mujeeb Ur Rahman,Naveen-ul-Haq,Mehedi Hasan Miraz,0,0,,,,,,,,,
1384394,2023/24,2023-10-07,"Himachal Pradesh Cricket Association Stadium, Dharamsala",1,36.3,Afghanistan,Bangladesh,Mujeeb Ur Rahman,Naveen-ul-Haq,Mehedi Hasan Miraz,0,0,,,,,,bowled,Mujeeb Ur Rahman,,
1384394,2023/24,2023-10-07,"Himachal Pradesh Cricket Association Stadium, Dharamsala",1,36.4,Afghanistan,Bangladesh,Fazalhaq Farooqi,Naveen-ul-Haq,Mehedi Hasan Miraz,0,0,,,,,,,,,
1384394,2023/24,2023-10-07,"Himachal Pradesh Cricket Association Stadium, Dharamsala",1,36.5,Afghanistan,Bangladesh,Fazalhaq Farooqi,Naveen-ul-Haq,Mehedi Hasan Miraz,0,0,,,,,,,,,
1384394,2023/24,2023-10-07,"Himachal Pradesh Cricket Association Stadium, Dharamsala",1,36.6,Afghanistan,Bangladesh,Fazalhaq Farooqi,Naveen-ul-Haq,Mehedi Hasan Miraz,0,0,,,,,,,,,
1384394,2023/24,2023-10-07,"Himachal Pradesh Cricket Association Stadium, Dharamsala",1,37.1,Afghanistan,Bangladesh,Naveen-ul-Haq,Fazalhaq Farooqi,Shoriful Islam,0,0,,,,,,,,,
1384394,2023/24,2023-10-07,"Himachal Pradesh Cricket Association Stadium, Dharamsala",1,37.2,Afghanistan,Bangladesh,Naveen-ul-Haq,Fazalhaq Farooqi,Shoriful Islam,0,0,,,,,,caught,Naveen-ul-Haq,,
1384394,2023/24,2023-10-07,"Himachal Pradesh Cricket Association Stadium, Dharamsala",2,0.1,Bangladesh,Afghanistan,Tanzid Hasan,Liton Das,Fazalhaq Farooqi,0,0,,,,,,,,,
1384394,2023/24,2023-10-07,"Himachal Pradesh Cricket Association Stadium, Dharamsala",2,0.2,Bangladesh,Afghanistan,Tanzid Hasan,Liton Das,Fazalhaq Farooqi,0,0,,,,,,,,,
1384394,2023/24,2023-10-07,"Himachal Pradesh Cricket Association Stadium, Dharamsala",2,0.3,Bangladesh,Afghanistan,Tanzid Hasan,Liton Das,Fazalhaq Farooqi,0,0,,,,,,,,,
1384394,2023/24,2023-10-07,"Himachal Pradesh Cricket Association Stadium, Dharamsala",2,0.4,Bangladesh,Afghanistan,Tanzid Hasan,Liton Das,Fazalhaq Farooqi,0,1,1,,,,,,,,
1384394,2023/24,2023-10-07,"Himachal Pradesh Cricket Association Stadium, Dharamsala",2,0.5,Bangladesh,Afghanistan,Tanzid Hasan,Liton Das,Fazalhaq Farooqi,0,0,,,,,,,,,
1384394,2023/24,2023-10-07,"Himachal Pradesh Cricket Association Stadium, Dharamsala",2,0.6,Bangladesh,Afghanistan,Tanzid Hasan,Liton Das,Fazalhaq Farooqi,4,0,,,,,,,,,
1384394,2023/24,2023-10-07,"Himachal Pradesh Cricket Association Stadium, Dharamsala",2,0.7,Bangladesh,Afghanistan,Tanzid Hasan,Liton Das,Fazalhaq Farooqi,0,0,,,,,,,,,
1384394,2023/24,2023-10-07,"Himachal Pradesh Cricket Association Stadium, Dharamsala",2,1.1,Bangladesh,Afghanistan,Liton Das,Tanzid Hasan,Mujeeb Ur Rahman,0,0,,,,,,,,,
1384394,2023/24,2023-10-07,"Himachal Pradesh Cricket Association Stadium, Dharamsala",2,1.2,Bangladesh,Afghanistan,Liton Das,Tanzid Hasan,Mujeeb Ur Rahman,4,0,,,,,,,,,
1384394,2023/24,2023-10-07,"Himachal Pradesh Cricket Association Stadium, Dharamsala",2,1.3,Bangladesh,Afghanistan,Liton Das,Tanzid Hasan,Mujeeb Ur Rahman,1,0,,,,,,,,,
1384394,2023/24,2023-10-07,"Himachal Pradesh Cricket Association Stadium, Dharamsala",2,1.4,Bangladesh,Afghanistan,Tanzid Hasan,Liton Das,Mujeeb Ur Rahman,1,0,,,,,,,,,
1384394,2023/24,2023-10-07,"Himachal Pradesh Cricket Association Stadium, Dharamsala",2,1.5,Bangladesh,Afghanistan,Liton Das,Tanzid Hasan,Mujeeb Ur Rahman,0,0,,,,,,,,,
1384394,2023/24,2023-10-07,"Himachal Pradesh Cricket Association Stadium, Dharamsala",2,1.6,Bangladesh,Afghanistan,Liton Das,Tanzid Hasan,Mujeeb Ur Rahman,4,0,,,,,,,,,
1384394,2023/24,2023-10-07,"Himachal Pradesh Cricket Association Stadium, Dharamsala",2,2.1,Bangladesh,Afghanistan,Tanzid Hasan,Liton Das,Fazalhaq Farooqi,0,1,1,,,,,,,,
1384394,2023/24,2023-10-07,"Himachal Pradesh Cricket Association Stadium, Dharamsala",2,2.2,Bangladesh,Afghanistan,Tanzid Hasan,Liton Das,Fazalhaq Farooqi,0,0,,,,,,,,,
1384394,2023/24,2023-10-07,"Himachal Pradesh Cricket Association Stadium, Dharamsala",2,2.3,Bangladesh,Afghanistan,Tanzid Hasan,Liton Das,Fazalhaq Farooqi,0,1,,,,1,,,,,
1384394,2023/24,2023-10-07,"Himachal Pradesh Cricket Association Stadium, Dharamsala",2,2.4,Bangladesh,Afghanistan,Liton Das,Tanzid Hasan,Fazalhaq Farooqi,0,0,,,,,,,,,
1384394,2023/24,2023-10-07,"Himachal Pradesh Cricket Association Stadium, Dharamsala",2,2.5,Bangladesh,Afghanistan,Liton Das,Tanzid Hasan,Fazalhaq Farooqi,0,0,,,,,,,,,
1384394,2023/24,2023-10-07,"Himachal Pradesh Cricket Association Stadium, Dharamsala",2,2.6,Bangladesh,Afghanistan,Liton Das,Tanzid Hasan,Fazalhaq Farooqi,0,0,,,,,,,,,
1384394,2023/24,2023-10-07,"Himachal Pradesh Cricket Association Stadium, Dharamsala",2,2.7,Bangladesh,Afghanistan,Liton Das,Tanzid Hasan,Fazalhaq Farooqi,0,0,,,,,,,,,
1384394,2023/24,2023-10-07,"Himachal Pradesh Cricket Association Stadium, Dharamsala",2,3.1,Bangladesh,Afghanistan,Tanzid Hasan,Liton Das,Mujeeb Ur Rahman,0,1,,,,1,,,,,
1384394,2023/24,2023-10-07,"Himachal Pradesh Cricket Association Stadium, Dharamsala",2,3.2,Bangladesh,Afghanistan,Liton Das,Tanzid Hasan,Mujeeb Ur Rahman,0,0,,,,,,,,,
1384394,2023/24,2023-10-07,"Himachal Pradesh Cricket Association Stadium, Dharamsala",2,3.3,Bangladesh,Afghanistan,Liton Das,Tanzid Hasan,Mujeeb Ur Rahman,1,0,,,,,,,,,
1384394,2023/24,2023-10-07,"Himachal Pradesh Cricket Association Stadium, Dharamsala",2,3.4,Bangladesh,Afghanistan,Tanzid Hasan,Liton Das,Mujeeb Ur Rahman,0,0,,,,,,,,,
1384394,2023/24,2023-10-07,"Himachal Pradesh Cricket Association Stadium, Dharamsala",2,3.5,Bangladesh,Afghanistan,Tanzid Hasan,Liton Das,Mujeeb Ur Rahman,0,0,,,,,,,,,
1384394,2023/24,2023-10-07,"Himachal Pradesh Cricket Association Stadium, Dharamsala",2,3.6,Bangladesh,Afghanistan,Tanzid Hasan,Liton Das,Mujeeb Ur Rahman,0,0,,,,,,,,,
1384394,2023/24,2023-10-07,"Himachal Pradesh Cricket Association Stadium, Dharamsala",2,4.1,Bangladesh,Afghanistan,Liton Das,Tanzid Hasan,Fazalhaq Farooqi,0,0,,,,,,run out,Tanzid Hasan,,
1384394,2023/24,2023-10-07,"Himachal Pradesh Cricket Association Stadium, Dharamsala",2,4.2,Bangladesh,Afghanistan,Liton Das,Mehedi Hasan Miraz,Fazalhaq Farooqi,1,0,,,,,,,,,
1384394,2023/24,2023-10-07,"Himachal Pradesh Cricket Association Stadium, Dharamsala",2,4.3,Bangladesh,Afghanistan,Mehedi Hasan Miraz,Liton Das,Fazalhaq Farooqi,1,0,,,,,,,,,
1384394,2023/24,2023-10-07,"Himachal Pradesh Cricket Association Stadium, Dharamsala",2,4.4,Bangladesh,Afghanistan,Liton Das,Mehedi Hasan Miraz,Fazalhaq Farooqi,0,0,,,,,,,,,
1384394,2023/24,2023-10-07,"Himachal Pradesh Cricket Association Stadium, Dharamsala",2,4.5,Bangladesh,Afghanistan,Liton Das,Mehedi Hasan Miraz,Fazalhaq Farooqi,1,0,,,,,,,,,
1384394,2023/24,2023-10-07,"Himachal Pradesh Cricket Association Stadium, Dharamsala",2,4.6,Bangladesh,Afghanistan,Mehedi Hasan Miraz,Liton Das,Fazalhaq Farooqi,0,0,,,,,,,,,
1384394,2023/24,2023-10-07,"Himachal Pradesh Cricket Association Stadium, Dharamsala",2,5.1,Bangladesh,Afghanistan,Liton Das,Mehedi Hasan Miraz,Mujeeb Ur Rahman,1,0,,,,,,,,,
1384394,2023/24,2023-10-07,"Himachal Pradesh Cricket Association Stadium, Dharamsala",2,5.2,Bangladesh,Afghanistan,Mehedi Hasan Miraz,Liton Das,Mujeeb Ur Rahman,0,0,,,,,,,,,
1384394,2023/24,2023-10-07,"Himachal Pradesh Cricket Association Stadium, Dharamsala",2,5.3,Bangladesh,Afghanistan,Mehedi Hasan Miraz,Liton Das,Mujeeb Ur Rahman,0,0,,,,,,,,,
1384394,2023/24,2023-10-07,"Himachal Pradesh Cricket Association Stadium, Dharamsala",2,5.4,Bangladesh,Afghanistan,Mehedi Hasan Miraz,Liton Das,Mujeeb Ur Rahman,0,0,,,,,,,,,
1384394,2023/24,2023-10-07,"Himachal Pradesh Cricket Association Stadium, Dharamsala",2,5.5,Bangladesh,Afghanistan,Mehedi Hasan Miraz,Liton Das,Mujeeb Ur Rahman,0,0,,,,,,,,,
1384394,2023/24,2023-10-07,"Himachal Pradesh Cricket Association Stadium, Dharamsala",2,5.6,Bangladesh,Afghanistan,Mehedi Hasan Miraz,Liton Das,Mujeeb Ur Rahman,1,0,,,,,,,,,
1384394,2023/24,2023-10-07,"Himachal Pradesh Cricket Association Stadium, Dharamsala",2,6.1,Bangladesh,Afghanistan,Mehedi Hasan Miraz,Liton Das,Fazalhaq Farooqi,0,0,,,,,,,,,
1384394,2023/24,2023-10-07,"Himachal Pradesh Cricket Association Stadium, Dharamsala",2,6.2,Bangladesh,Afghanistan,Mehedi Hasan Miraz,Liton Das,Fazalhaq Farooqi,3,0,,,,,,,,,
1384394,2023/24,2023-10-07,"Himachal Pradesh Cricket Association Stadium, Dharamsala",2,6.3,Bangladesh,Afghanistan,Liton Das,Mehedi Hasan Miraz,Fazalhaq Farooqi,0,0,,,,,,,,,
1384394,2023/24,2023-10-07,"Himachal Pradesh Cricket Association Stadium, Dharamsala",2,6.4,Bangladesh,Afghanistan,Liton Das,Mehedi Hasan Miraz,Fazalhaq Farooqi,0,0,,,,,,bowled,Liton Das,,
1384394,2023/24,2023-10-07,"Himachal Pradesh Cricket Association Stadium, Dharamsala",2,6.5,Bangladesh,Afghanistan,Nazmul Hossain Shanto,Mehedi Hasan Miraz,Fazalhaq Farooqi,0,0,,,,,,,,,
1384394,2023/24,2023-10-07,"Himachal Pradesh Cricket Association Stadium, Dharamsala",2,6.6,Bangladesh,Afghanistan,Nazmul Hossain Shanto,Mehedi Hasan Miraz,Fazalhaq Farooqi,0,0,,,,,,,,,
1384394,2023/24,2023-10-07,"Himachal Pradesh Cricket Association Stadium, Dharamsala",2,7.1,Bangladesh,Afghanistan,Mehedi Hasan Miraz,Nazmul Hossain Shanto,Mujeeb Ur Rahman,0,0,,,,,,,,,
1384394,2023/24,2023-10-07,"Himachal Pradesh Cricket Association Stadium, Dharamsala",2,7.2,Bangladesh,Afghanistan,Mehedi Hasan Miraz,Nazmul Hossain Shanto,Mujeeb Ur Rahman,4,0,,,,,,,,,
1384394,2023/24,2023-10-07,"Himachal Pradesh Cricket Association Stadium, Dharamsala",2,7.3,Bangladesh,Afghanistan,Mehedi Hasan Miraz,Nazmul Hossain Shanto,Mujeeb Ur Rahman,0,0,,,,,,,,,
1384394,2023/24,2023-10-07,"Himachal Pradesh Cricket Association Stadium, Dharamsala",2,7.4,Bangladesh,Afghanistan,Mehedi Hasan Miraz,Nazmul Hossain Shanto,Mujeeb Ur Rahman,0,0,,,,,,,,,
1384394,2023/24,2023-10-07,"Himachal Pradesh Cricket Association Stadium, Dharamsala",2,7.5,Bangladesh,Afghanistan,Mehedi Hasan Miraz,Nazmul Hossain Shanto,Mujeeb Ur Rahman,1,0,,,,,,,,,
1384394,2023/24,2023-10-07,"Himachal Pradesh Cricket Association Stadium, Dharamsala",2,7.6,Bangladesh,Afghanistan,Nazmul Hossain Shanto,Mehedi Hasan Miraz,Mujeeb Ur Rahman,0,0,,,,,,,,,
1384394,2023/24,2023-10-07,"Himachal Pradesh Cricket Association Stadium, Dharamsala",2,8.1,Bangladesh,Afghanistan,Mehedi Hasan Miraz,Nazmul Hossain Shanto,Fazalhaq Farooqi,4,0,,,,,,,,,
1384394,2023/24,2023-10-07,"Himachal Pradesh Cricket Association Stadium, Dharamsala",2,8.2,Bangladesh,Afghanistan,Mehedi Hasan Miraz,Nazmul Hossain Shanto,Fazalhaq Farooqi,0,0,,,,,,,,,
1384394,2023/24,2023-10-07,"Himachal Pradesh Cricket Association Stadium, Dharamsala",2,8.3,Bangladesh,Afghanistan,Mehedi Hasan Miraz,Nazmul Hossain Shanto,Fazalhaq Farooqi,2,0,,,,,,,,,
1384394,2023/24,2023-10-07,"Himachal Pradesh Cricket Association Stadium, Dharamsala",2,8.4,Bangladesh,Afghanistan,Mehedi Hasan Miraz,Nazmul Hossain Shanto,Fazalhaq Farooqi,1,0,,,,,,,,,
1384394,2023/24,2023-10-07,"Himachal Pradesh Cricket Association Stadium, Dharamsala",2,8.5,Bangladesh,Afghanistan,Nazmul Hossain Shanto,Mehedi Hasan Miraz,Fazalhaq Farooqi,0,0,,,,,,,,,
1384394,2023/24,2023-10-07,"Himachal Pradesh Cricket Association Stadium, Dharamsala",2,8.6,Bangladesh,Afghanistan,Nazmul Hossain Shanto,Mehedi Hasan Miraz,Fazalhaq Farooqi,0,0,,,,,,,,,
1384394,2023/24,2023-10-07,"Himachal Pradesh Cricket Association Stadium, Dharamsala",2,9.1,Bangladesh,Afghanistan,Mehedi Hasan Miraz,Nazmul Hossain Shanto,Naveen-ul-Haq,1,0,,,,,,,,,
1384394,2023/24,2023-10-07,"Himachal Pradesh Cricket Association Stadium, Dharamsala",2,9.2,Bangladesh,Afghanistan,Nazmul Hossain Shanto,Mehedi Hasan Miraz,Naveen-ul-Haq,0,0,,,,,,,,,
1384394,2023/24,2023-10-07,"Himachal Pradesh Cricket Association Stadium, Dharamsala",2,9.3,Bangladesh,Afghanistan,Nazmul Hossain Shanto,Mehedi Hasan Miraz,Naveen-ul-Haq,0,0,,,,,,,,,
1384394,2023/24,2023-10-07,"Himachal Pradesh Cricket Association Stadium, Dharamsala",2,9.4,Bangladesh,Afghanistan,Nazmul Hossain Shanto,Mehedi Hasan Miraz,Naveen-ul-Haq,0,1,1,,,,,,,,
1384394,2023/24,2023-10-07,"Himachal Pradesh Cricket Association Stadium, Dharamsala",2,9.5,Bangladesh,Afghanistan,Nazmul Hossain Shanto,Mehedi Hasan Miraz,Naveen-ul-Haq,2,0,,,,,,,,,
1384394,2023/24,2023-10-07,"Himachal Pradesh Cricket Association Stadium, Dharamsala",2,9.6,Bangladesh,Afghanistan,Nazmul Hossain Shanto,Mehedi Hasan Miraz,Naveen-ul-Haq,1,0,,,,,,,,,
1384394,2023/24,2023-10-07,"Himachal Pradesh Cricket Association Stadium, Dharamsala",2,9.7,Bangladesh,Afghanistan,Mehedi Hasan Miraz,Nazmul Hossain Shanto,Naveen-ul-Haq,0,0,,,,,,,,,
1384394,2023/24,2023-10-07,"Himachal Pradesh Cricket Association Stadium, Dharamsala",2,10.1,Bangladesh,Afghanistan,Nazmul Hossain Shanto,Mehedi Hasan Miraz,Rashid Khan,1,0,,,,,,,,,
1384394,2023/24,2023-10-07,"Himachal Pradesh Cricket Association Stadium, Dharamsala",2,10.2,Bangladesh,Afghanistan,Mehedi Hasan Miraz,Nazmul Hossain Shanto,Rashid Khan,1,0,,,,,,,,,
1384394,2023/24,2023-10-07,"Himachal Pradesh Cricket Association Stadium, Dharamsala",2,10.3,Bangladesh,Afghanistan,Nazmul Hossain Shanto,Mehedi Hasan Miraz,Rashid Khan,0,0,,,,,,,,,
1384394,2023/24,2023-10-07,"Himachal Pradesh Cricket Association Stadium, Dharamsala",2,10.4,Bangladesh,Afghanistan,Nazmul Hossain Shanto,Mehedi Hasan Miraz,Rashid Khan,1,0,,,,,,,,,
1384394,2023/24,2023-10-07,"Himachal Pradesh Cricket Association Stadium, Dharamsala",2,10.5,Bangladesh,Afghanistan,Mehedi Hasan Miraz,Nazmul Hossain Shanto,Rashid Khan,4,0,,,,,,,,,
1384394,2023/24,2023-10-07,"Himachal Pradesh Cricket Association Stadium, Dharamsala",2,10.6,Bangladesh,Afghanistan,Mehedi Hasan Miraz,Nazmul Hossain Shanto,Rashid Khan,0,0,,,,,,,,,
1384394,2023/24,2023-10-07,"Himachal Pradesh Cricket Association Stadium, Dharamsala",2,11.1,Bangladesh,Afghanistan,Nazmul Hossain Shanto,Mehedi Hasan Miraz,Naveen-ul-Haq,1,0,,,,,,,,,
1384394,2023/24,2023-10-07,"Himachal Pradesh Cricket Association Stadium, Dharamsala",2,11.2,Bangladesh,Afghanistan,Mehedi Hasan Miraz,Nazmul Hossain Shanto,Naveen-ul-Haq,1,0,,,,,,,,,
1384394,2023/24,2023-10-07,"Himachal Pradesh Cricket Association Stadium, Dharamsala",2,11.3,Bangladesh,Afghanistan,Nazmul Hossain Shanto,Mehedi Hasan Miraz,Naveen-ul-Haq,2,0,,,,,,,,,
1384394,2023/24,2023-10-07,"Himachal Pradesh Cricket Association Stadium, Dharamsala",2,11.4,Bangladesh,Afghanistan,Nazmul Hossain Shanto,Mehedi Hasan Miraz,Naveen-ul-Haq,1,0,,,,,,,,,
1384394,2023/24,2023-10-07,"Himachal Pradesh Cricket Association Stadium, Dharamsala",2,11.5,Bangladesh,Afghanistan,Mehedi Hasan Miraz,Nazmul Hossain Shanto,Naveen-ul-Haq,1,0,,,,,,,,,
1384394,2023/24,2023-10-07,"Himachal Pradesh Cricket Association Stadium, Dharamsala",2,11.6,Bangladesh,Afghanistan,Nazmul Hossain Shanto,Mehedi Hasan Miraz,Naveen-ul-Haq,1,0,,,,,,,,,
1384394,2023/24,2023-10-07,"Himachal Pradesh Cricket Association Stadium, Dharamsala",2,12.1,Bangladesh,Afghanistan,Nazmul Hossain Shanto,Mehedi Hasan Miraz,Rashid Khan,1,0,,,,,,,,,
1384394,2023/24,2023-10-07,"Himachal Pradesh Cricket Association Stadium, Dharamsala",2,12.2,Bangladesh,Afghanistan,Mehedi Hasan Miraz,Nazmul Hossain Shanto,Rashid Khan,1,0,,,,,,,,,
1384394,2023/24,2023-10-07,"Himachal Pradesh Cricket Association Stadium, Dharamsala",2,12.3,Bangladesh,Afghanistan,Nazmul Hossain Shanto,Mehedi Hasan Miraz,Rashid Khan,0,0,,,,,,,,,
1384394,2023/24,2023-10-07,"Himachal Pradesh Cricket Association Stadium, Dharamsala",2,12.4,Bangladesh,Afghanistan,Nazmul Hossain Shanto,Mehedi Hasan Miraz,Rashid Khan,1,0,,,,,,,,,
1384394,2023/24,2023-10-07,"Himachal Pradesh Cricket Association Stadium, Dharamsala",2,12.5,Bangladesh,Afghanistan,Mehedi Hasan Miraz,Nazmul Hossain Shanto,Rashid Khan,0,0,,,,,,,,,
1384394,2023/24,2023-10-07,"Himachal Pradesh Cricket Association Stadium, Dharamsala",2,12.6,Bangladesh,Afghanistan,Mehedi Hasan Miraz,Nazmul Hossain Shanto,Rashid Khan,4,0,,,,,,,,,
1384394,2023/24,2023-10-07,"Himachal Pradesh Cricket Association Stadium, Dharamsala",2,13.1,Bangladesh,Afghanistan,Nazmul Hossain Shanto,Mehedi Hasan Miraz,Mohammad Nabi,1,0,,,,,,,,,
1384394,2023/24,2023-10-07,"Himachal Pradesh Cricket Association Stadium, Dharamsala",2,13.2,Bangladesh,Afghanistan,Mehedi Hasan Miraz,Nazmul Hossain Shanto,Mohammad Nabi,0,0,,,,,,,,,
1384394,2023/24,2023-10-07,"Himachal Pradesh Cricket Association Stadium, Dharamsala",2,13.3,Bangladesh,Afghanistan,Mehedi Hasan Miraz,Nazmul Hossain Shanto,Mohammad Nabi,1,0,,,,,,,,,
1384394,2023/24,2023-10-07,"Himachal Pradesh Cricket Association Stadium, Dharamsala",2,13.4,Bangladesh,Afghanistan,Nazmul Hossain Shanto,Mehedi Hasan Miraz,Mohammad Nabi,0,0,,,,,,,,,
1384394,2023/24,2023-10-07,"Himachal Pradesh Cricket Association Stadium, Dharamsala",2,13.5,Bangladesh,Afghanistan,Nazmul Hossain Shanto,Mehedi Hasan Miraz,Mohammad Nabi,1,0,,,,,,,,,
1384394,2023/24,2023-10-07,"Himachal Pradesh Cricket Association Stadium, Dharamsala",2,13.6,Bangladesh,Afghanistan,Mehedi Hasan Miraz,Nazmul Hossain Shanto,Mohammad Nabi,1,0,,,,,,,,,
1384394,2023/24,2023-10-07,"Himachal Pradesh Cricket Association Stadium, Dharamsala",2,14.1,Bangladesh,Afghanistan,Mehedi Hasan Miraz,Nazmul Hossain Shanto,Rashid Khan,2,0,,,,,,,,,
1384394,2023/24,2023-10-07,"Himachal Pradesh Cricket Association Stadium, Dharamsala",2,14.2,Bangladesh,Afghanistan,Mehedi Hasan Miraz,Nazmul Hossain Shanto,Rashid Khan,0,0,,,,,,,,,
1384394,2023/24,2023-10-07,"Himachal Pradesh Cricket Association Stadium, Dharamsala",2,14.3,Bangladesh,Afghanistan,Mehedi Hasan Miraz,Nazmul Hossain Shanto,Rashid Khan,0,0,,,,,,,,,
1384394,2023/24,2023-10-07,"Himachal Pradesh Cricket Association Stadium, Dharamsala",2,14.4,Bangladesh,Afghanistan,Mehedi Hasan Miraz,Nazmul Hossain Shanto,Rashid Khan,1,0,,,,,,,,,
1384394,2023/24,2023-10-07,"Himachal Pradesh Cricket Association Stadium, Dharamsala",2,14.5,Bangladesh,Afghanistan,Nazmul Hossain Shanto,Mehedi Hasan Miraz,Rashid Khan,0,0,,,,,,,,,
1384394,2023/24,2023-10-07,"Himachal Pradesh Cricket Association Stadium, Dharamsala",2,14.6,Bangladesh,Afghanistan,Nazmul Hossain Shanto,Mehedi Hasan Miraz,Rashid Khan,2,0,,,,,,,,,
1384394,2023/24,2023-10-07,"Himachal Pradesh Cricket Association Stadium, Dharamsala",2,15.1,Bangladesh,Afghanistan,Mehedi Hasan Miraz,Nazmul Hossain Shanto,Mohammad Nabi,1,0,,,,,,,,,
1384394,2023/24,2023-10-07,"Himachal Pradesh Cricket Association Stadium, Dharamsala",2,15.2,Bangladesh,Afghanistan,Nazmul Hossain Shanto,Mehedi Hasan Miraz,Mohammad Nabi,0,0,,,,,,,,,
1384394,2023/24,2023-10-07,"Himachal Pradesh Cricket Association Stadium, Dharamsala",2,15.3,Bangladesh,Afghanistan,Nazmul Hossain Shanto,Mehedi Hasan Miraz,Mohammad Nabi,1,0,,,,,,,,,
1384394,2023/24,2023-10-07,"Himachal Pradesh Cricket Association Stadium, Dharamsala",2,15.4,Bangladesh,Afghanistan,Mehedi Hasan Miraz,Nazmul Hossain Shanto,Mohammad Nabi,0,0,,,,,,,,,
1384394,2023/24,2023-10-07,"Himachal Pradesh Cricket Association Stadium, Dharamsala",2,15.5,Bangladesh,Afghanistan,Mehedi Hasan Miraz,Nazmul Hossain Shanto,Mohammad Nabi,1,0,,,,,,,,,
1384394,2023/24,2023-10-07,"Himachal Pradesh Cricket Association Stadium, Dharamsala",2,15.6,Bangladesh,Afghanistan,Nazmul Hossain Shanto,Mehedi Hasan Miraz,Mohammad Nabi,1,0,,,,,,,,,
1384394,2023/24,2023-10-07,"Himachal Pradesh Cricket Association Stadium, Dharamsala",2,16.1,Bangladesh,Afghanistan,Nazmul Hossain Shanto,Mehedi Hasan Miraz,Rashid Khan,1,0,,,,,,,,,
1384394,2023/24,2023-10-07,"Himachal Pradesh Cricket Association Stadium, Dharamsala",2,16.2,Bangladesh,Afghanistan,Mehedi Hasan Miraz,Nazmul Hossain Shanto,Rashid Khan,1,0,,,,,,,,,
1384394,2023/24,2023-10-07,"Himachal Pradesh Cricket Association Stadium, Dharamsala",2,16.3,Bangladesh,Afghanistan,Nazmul Hossain Shanto,Mehedi Hasan Miraz,Rashid Khan,0,0,,,,,,,,,
1384394,2023/24,2023-10-07,"Himachal Pradesh Cricket Association Stadium, Dharamsala",2,16.4,Bangladesh,Afghanistan,Nazmul Hossain Shanto,Mehedi Hasan Miraz,Rashid Khan,1,0,,,,,,,,,
1384394,2023/24,2023-10-07,"Himachal Pradesh Cricket Association Stadium, Dharamsala",2,16.5,Bangladesh,Afghanistan,Mehedi Hasan Miraz,Nazmul Hossain Shanto,Rashid Khan,1,0,,,,,,,,,
1384394,2023/24,2023-10-07,"Himachal Pradesh Cricket Association Stadium, Dharamsala",2,16.6,Bangladesh,Afghanistan,Nazmul Hossain Shanto,Mehedi Hasan Miraz,Rashid Khan,1,0,,,,,,,,,
1384394,2023/24,2023-10-07,"Himachal Pradesh Cricket Association Stadium, Dharamsala",2,17.1,Bangladesh,Afghanistan,Nazmul Hossain Shanto,Mehedi Hasan Miraz,Mohammad Nabi,0,0,,,,,,,,,
1384394,2023/24,2023-10-07,"Himachal Pradesh Cricket Association Stadium, Dharamsala",2,17.2,Bangladesh,Afghanistan,Nazmul Hossain Shanto,Mehedi Hasan Miraz,Mohammad Nabi,0,0,,,,,,,,,
1384394,2023/24,2023-10-07,"Himachal Pradesh Cricket Association Stadium, Dharamsala",2,17.3,Bangladesh,Afghanistan,Nazmul Hossain Shanto,Mehedi Hasan Miraz,Mohammad Nabi,0,0,,,,,,,,,
1384394,2023/24,2023-10-07,"Himachal Pradesh Cricket Association Stadium, Dharamsala",2,17.4,Bangladesh,Afghanistan,Nazmul Hossain Shanto,Mehedi Hasan Miraz,Mohammad Nabi,1,0,,,,,,,,,
1384394,2023/24,2023-10-07,"Himachal Pradesh Cricket Association Stadium, Dharamsala",2,17.5,Bangladesh,Afghanistan,Mehedi Hasan Miraz,Nazmul Hossain Shanto,Mohammad Nabi,0,0,,,,,,,,,
1384394,2023/24,2023-10-07,"Himachal Pradesh Cricket Association Stadium, Dharamsala",2,17.6,Bangladesh,Afghanistan,Mehedi Hasan Miraz,Nazmul Hossain Shanto,Mohammad Nabi,0,0,,,,,,,,,
1384394,2023/24,2023-10-07,"Himachal Pradesh Cricket Association Stadium, Dharamsala",2,18.1,Bangladesh,Afghanistan,Nazmul Hossain Shanto,Mehedi Hasan Miraz,Rashid Khan,0,0,,,,,,,,,
1384394,2023/24,2023-10-07,"Himachal Pradesh Cricket Association Stadium, Dharamsala",2,18.2,Bangladesh,Afghanistan,Nazmul Hossain Shanto,Mehedi Hasan Miraz,Rashid Khan,1,0,,,,,,,,,
1384394,2023/24,2023-10-07,"Himachal Pradesh Cricket Association Stadium, Dharamsala",2,18.3,Bangladesh,Afghanistan,Mehedi Hasan Miraz,Nazmul Hossain Shanto,Rashid Khan,0,0,,,,,,,,,
1384394,2023/24,2023-10-07,"Himachal Pradesh Cricket Association Stadium, Dharamsala",2,18.4,Bangladesh,Afghanistan,Mehedi Hasan Miraz,Nazmul Hossain Shanto,Rashid Khan,1,0,,,,,,,,,
1384394,2023/24,2023-10-07,"Himachal Pradesh Cricket Association Stadium, Dharamsala",2,18.5,Bangladesh,Afghanistan,Nazmul Hossain Shanto,Mehedi Hasan Miraz,Rashid Khan,0,0,,,,,,,,,
1384394,2023/24,2023-10-07,"Himachal Pradesh Cricket Association Stadium, Dharamsala",2,18.6,Bangladesh,Afghanistan,Nazmul Hossain Shanto,Mehedi Hasan Miraz,Rashid Khan,0,0,,,,,,,,,
1384394,2023/24,2023-10-07,"Himachal Pradesh Cricket Association Stadium, Dharamsala",2,19.1,Bangladesh,Afghanistan,Mehedi Hasan Miraz,Nazmul Hossain Shanto,Mohammad Nabi,1,0,,,,,,,,,
1384394,2023/24,2023-10-07,"Himachal Pradesh Cricket Association Stadium, Dharamsala",2,19.2,Bangladesh,Afghanistan,Nazmul Hossain Shanto,Mehedi Hasan Miraz,Mohammad Nabi,1,0,,,,,,,,,
1384394,2023/24,2023-10-07,"Himachal Pradesh Cricket Association Stadium, Dharamsala",2,19.3,Bangladesh,Afghanistan,Mehedi Hasan Miraz,Nazmul Hossain Shanto,Mohammad Nabi,0,0,,,,,,,,,
1384394,2023/24,2023-10-07,"Himachal Pradesh Cricket Association Stadium, Dharamsala",2,19.4,Bangladesh,Afghanistan,Mehedi Hasan Miraz,Nazmul Hossain Shanto,Mohammad Nabi,0,0,,,,,,,,,
1384394,2023/24,2023-10-07,"Himachal Pradesh Cricket Association Stadium, Dharamsala",2,19.5,Bangladesh,Afghanistan,Mehedi Hasan Miraz,Nazmul Hossain Shanto,Mohammad Nabi,2,0,,,,,,,,,
1384394,2023/24,2023-10-07,"Himachal Pradesh Cricket Association Stadium, Dharamsala",2,19.6,Bangladesh,Afghanistan,Mehedi Hasan Miraz,Nazmul Hossain Shanto,Mohammad Nabi,1,0,,,,,,,,,
1384394,2023/24,2023-10-07,"Himachal Pradesh Cricket Association Stadium, Dharamsala",2,20.1,Bangladesh,Afghanistan,Mehedi Hasan Miraz,Nazmul Hossain Shanto,Rashid Khan,1,0,,,,,,,,,
1384394,2023/24,2023-10-07,"Himachal Pradesh Cricket Association Stadium, Dharamsala",2,20.2,Bangladesh,Afghanistan,Nazmul Hossain Shanto,Mehedi Hasan Miraz,Rashid Khan,1,0,,,,,,,,,
1384394,2023/24,2023-10-07,"Himachal Pradesh Cricket Association Stadium, Dharamsala",2,20.3,Bangladesh,Afghanistan,Mehedi Hasan Miraz,Nazmul Hossain Shanto,Rashid Khan,0,0,,,,,,,,,
1384394,2023/24,2023-10-07,"Himachal Pradesh Cricket Association Stadium, Dharamsala",2,20.4,Bangladesh,Afghanistan,Mehedi Hasan Miraz,Nazmul Hossain Shanto,Rashid Khan,0,0,,,,,,,,,
1384394,2023/24,2023-10-07,"Himachal Pradesh Cricket Association Stadium, Dharamsala",2,20.5,Bangladesh,Afghanistan,Mehedi Hasan Miraz,Nazmul Hossain Shanto,Rashid Khan,0,0,,,,,,,,,
1384394,2023/24,2023-10-07,"Himachal Pradesh Cricket Association Stadium, Dharamsala",2,20.6,Bangladesh,Afghanistan,Mehedi Hasan Miraz,Nazmul Hossain Shanto,Rashid Khan,2,0,,,,,,,,,
1384394,2023/24,2023-10-07,"Himachal Pradesh Cricket Association Stadium, Dharamsala",2,21.1,Bangladesh,Afghanistan,Nazmul Hossain Shanto,Mehedi Hasan Miraz,Mohammad Nabi,0,0,,,,,,,,,
1384394,2023/24,2023-10-07,"Himachal Pradesh Cricket Association Stadium, Dharamsala",2,21.2,Bangladesh,Afghanistan,Nazmul Hossain Shanto,Mehedi Hasan Miraz,Mohammad Nabi,0,0,,,,,,,,,
1384394,2023/24,2023-10-07,"Himachal Pradesh Cricket Association Stadium, Dharamsala",2,21.3,Bangladesh,Afghanistan,Nazmul Hossain Shanto,Mehedi Hasan Miraz,Mohammad Nabi,0,1,1,,,,,,,,
1384394,2023/24,2023-10-07,"Himachal Pradesh Cricket Association Stadium, Dharamsala",2,21.4,Bangladesh,Afghanistan,Nazmul Hossain Shanto,Mehedi Hasan Miraz,Mohammad Nabi,1,0,,,,,,,,,
1384394,2023/24,2023-10-07,"Himachal Pradesh Cricket Association Stadium, Dharamsala",2,21.5,Bangladesh,Afghanistan,Mehedi Hasan Miraz,Nazmul Hossain Shanto,Mohammad Nabi,1,0,,,,,,,,,
1384394,2023/24,2023-10-07,"Himachal Pradesh Cricket Association Stadium, Dharamsala",2,21.6,Bangladesh,Afghanistan,Nazmul Hossain Shanto,Mehedi Hasan Miraz,Mohammad Nabi,0,0,,,,,,,,,
1384394,2023/24,2023-10-07,"Himachal Pradesh Cricket Association Stadium, Dharamsala",2,21.7,Bangladesh,Afghanistan,Nazmul Hossain Shanto,Mehedi Hasan Miraz,Mohammad Nabi,1,0,,,,,,,,,
1384394,2023/24,2023-10-07,"Himachal Pradesh Cricket Association Stadium, Dharamsala",2,22.1,Bangladesh,Afghanistan,Nazmul Hossain Shanto,Mehedi Hasan Miraz,Mujeeb Ur Rahman,1,0,,,,,,,,,
1384394,2023/24,2023-10-07,"Himachal Pradesh Cricket Association Stadium, Dharamsala",2,22.2,Bangladesh,Afghanistan,Mehedi Hasan Miraz,Nazmul Hossain Shanto,Mujeeb Ur Rahman,1,0,,,,,,,,,
1384394,2023/24,2023-10-07,"Himachal Pradesh Cricket Association Stadium, Dharamsala",2,22.3,Bangladesh,Afghanistan,Nazmul Hossain Shanto,Mehedi Hasan Miraz,Mujeeb Ur Rahman,0,0,,,,,,,,,
1384394,2023/24,2023-10-07,"Himachal Pradesh Cricket Association Stadium, Dharamsala",2,22.4,Bangladesh,Afghanistan,Nazmul Hossain Shanto,Mehedi Hasan Miraz,Mujeeb Ur Rahman,1,0,,,,,,,,,
1384394,2023/24,2023-10-07,"Himachal Pradesh Cricket Association Stadium, Dharamsala",2,22.5,Bangladesh,Afghanistan,Mehedi Hasan Miraz,Nazmul Hossain Shanto,Mujeeb Ur Rahman,0,0,,,,,,,,,
1384394,2023/24,2023-10-07,"Himachal Pradesh Cricket Association Stadium, Dharamsala",2,22.6,Bangladesh,Afghanistan,Mehedi Hasan Miraz,Nazmul Hossain Shanto,Mujeeb Ur Rahman,1,0,,,,,,,,,
1384394,2023/24,2023-10-07,"Himachal Pradesh Cricket Association Stadium, Dharamsala",2,23.1,Bangladesh,Afghanistan,Mehedi Hasan Miraz,Nazmul Hossain Shanto,Mohammad Nabi,0,0,,,,,,,,,
1384394,2023/24,2023-10-07,"Himachal Pradesh Cricket Association Stadium, Dharamsala",2,23.2,Bangladesh,Afghanistan,Mehedi Hasan Miraz,Nazmul Hossain Shanto,Mohammad Nabi,0,0,,,,,,,,,
1384394,2023/24,2023-10-07,"Himachal Pradesh Cricket Association Stadium, Dharamsala",2,23.3,Bangladesh,Afghanistan,Mehedi Hasan Miraz,Nazmul Hossain Shanto,Mohammad Nabi,0,0,,,,,,,,,
1384394,2023/24,2023-10-07,"Himachal Pradesh Cricket Association Stadium, Dharamsala",2,23.4,Bangladesh,Afghanistan,Mehedi Hasan Miraz,Nazmul Hossain Shanto,Mohammad Nabi,0,0,,,,,,,,,
1384394,2023/24,2023-10-07,"Himachal Pradesh Cricket Association Stadium, Dharamsala",2,23.5,Bangladesh,Afghanistan,Mehedi Hasan Miraz,Nazmul Hossain Shanto,Mohammad Nabi,0,0,,,,,,,,,
1384394,2023/24,2023-10-07,"Himachal Pradesh Cricket Association Stadium, Dharamsala",2,23.6,Bangladesh,Afghanistan,Mehedi Hasan Miraz,Nazmul Hossain Shanto,Mohammad Nabi,0,0,,,,,,,,,
1384394,2023/24,2023-10-07,"Himachal Pradesh Cricket Association Stadium, Dharamsala",2,24.1,Bangladesh,Afghanistan,Nazmul Hossain Shanto,Mehedi Hasan Miraz,Mujeeb Ur Rahman,0,1,,,,1,,,,,
1384394,2023/24,2023-10-07,"Himachal Pradesh Cricket Association Stadium, Dharamsala",2,24.2,Bangladesh,Afghanistan,Mehedi Hasan Miraz,Nazmul Hossain Shanto,Mujeeb Ur Rahman,0,0,,,,,,,,,
1384394,2023/24,2023-10-07,"Himachal Pradesh Cricket Association Stadium, Dharamsala",2,24.3,Bangladesh,Afghanistan,Mehedi Hasan Miraz,Nazmul Hossain Shanto,Mujeeb Ur Rahman,0,0,,,,,,,,,
1384394,2023/24,2023-10-07,"Himachal Pradesh Cricket Association Stadium, Dharamsala",2,24.4,Bangladesh,Afghanistan,Mehedi Hasan Miraz,Nazmul Hossain Shanto,Mujeeb Ur Rahman,1,0,,,,,,,,,
1384394,2023/24,2023-10-07,"Himachal Pradesh Cricket Association Stadium, Dharamsala",2,24.5,Bangladesh,Afghanistan,Nazmul Hossain Shanto,Mehedi Hasan Miraz,Mujeeb Ur Rahman,0,0,,,,,,,,,
1384394,2023/24,2023-10-07,"Himachal Pradesh Cricket Association Stadium, Dharamsala",2,24.6,Bangladesh,Afghanistan,Nazmul Hossain Shanto,Mehedi Hasan Miraz,Mujeeb Ur Rahman,1,0,,,,,,,,,
1384394,2023/24,2023-10-07,"Himachal Pradesh Cricket Association Stadium, Dharamsala",2,25.1,Bangladesh,Afghanistan,Nazmul Hossain Shanto,Mehedi Hasan Miraz,Rashid Khan,0,0,,,,,,,,,
1384394,2023/24,2023-10-07,"Himachal Pradesh Cricket Association Stadium, Dharamsala",2,25.2,Bangladesh,Afghanistan,Nazmul Hossain Shanto,Mehedi Hasan Miraz,Rashid Khan,1,0,,,,,,,,,
1384394,2023/24,2023-10-07,"Himachal Pradesh Cricket Association Stadium, Dharamsala",2,25.3,Bangladesh,Afghanistan,Mehedi Hasan Miraz,Nazmul Hossain Shanto,Rashid Khan,1,0,,,,,,,,,
1384394,2023/24,2023-10-07,"Himachal Pradesh Cricket Association Stadium, Dharamsala",2,25.4,Bangladesh,Afghanistan,Nazmul Hossain Shanto,Mehedi Hasan Miraz,Rashid Khan,1,0,,,,,,,,,
1384394,2023/24,2023-10-07,"Himachal Pradesh Cricket Association Stadium, Dharamsala",2,25.5,Bangladesh,Afghanistan,Mehedi Hasan Miraz,Nazmul Hossain Shanto,Rashid Khan,0,0,,,,,,,,,
1384394,2023/24,2023-10-07,"Himachal Pradesh Cricket Association Stadium, Dharamsala",2,25.6,Bangladesh,Afghanistan,Mehedi Hasan Miraz,Nazmul Hossain Shanto,Rashid Khan,0,0,,,,,,,,,
1384394,2023/24,2023-10-07,"Himachal Pradesh Cricket Association Stadium, Dharamsala",2,26.1,Bangladesh,Afghanistan,Nazmul Hossain Shanto,Mehedi Hasan Miraz,Mujeeb Ur Rahman,0,0,,,,,,,,,
1384394,2023/24,2023-10-07,"Himachal Pradesh Cricket Association Stadium, Dharamsala",2,26.2,Bangladesh,Afghanistan,Nazmul Hossain Shanto,Mehedi Hasan Miraz,Mujeeb Ur Rahman,0,0,,,,,,,,,
1384394,2023/24,2023-10-07,"Himachal Pradesh Cricket Association Stadium, Dharamsala",2,26.3,Bangladesh,Afghanistan,Nazmul Hossain Shanto,Mehedi Hasan Miraz,Mujeeb Ur Rahman,0,0,,,,,,,,,
1384394,2023/24,2023-10-07,"Himachal Pradesh Cricket Association Stadium, Dharamsala",2,26.4,Bangladesh,Afghanistan,Nazmul Hossain Shanto,Mehedi Hasan Miraz,Mujeeb Ur Rahman,0,0,,,,,,,,,
1384394,2023/24,2023-10-07,"Himachal Pradesh Cricket Association Stadium, Dharamsala",2,26.5,Bangladesh,Afghanistan,Nazmul Hossain Shanto,Mehedi Hasan Miraz,Mujeeb Ur Rahman,6,0,,,,,,,,,
1384394,2023/24,2023-10-07,"Himachal Pradesh Cricket Association Stadium, Dharamsala",2,26.6,Bangladesh,Afghanistan,Nazmul Hossain Shanto,Mehedi Hasan Miraz,Mujeeb Ur Rahman,0,0,,,,,,,,,
1384394,2023/24,2023-10-07,"Himachal Pradesh Cricket Association Stadium, Dharamsala",2,27.1,Bangladesh,Afghanistan,Mehedi Hasan Miraz,Nazmul Hossain Shanto,Rashid Khan,4,0,,,,,,,,,
1384394,2023/24,2023-10-07,"Himachal Pradesh Cricket Association Stadium, Dharamsala",2,27.2,Bangladesh,Afghanistan,Mehedi Hasan Miraz,Nazmul Hossain Shanto,Rashid Khan,1,0,,,,,,,,,
1384394,2023/24,2023-10-07,"Himachal Pradesh Cricket Association Stadium, Dharamsala",2,27.3,Bangladesh,Afghanistan,Nazmul Hossain Shanto,Mehedi Hasan Miraz,Rashid Khan,0,0,,,,,,,,,
1384394,2023/24,2023-10-07,"Himachal Pradesh Cricket Association Stadium, Dharamsala",2,27.4,Bangladesh,Afghanistan,Nazmul Hossain Shanto,Mehedi Hasan Miraz,Rashid Khan,4,0,,,,,,,,,
1384394,2023/24,2023-10-07,"Himachal Pradesh Cricket Association Stadium, Dharamsala",2,27.5,Bangladesh,Afghanistan,Nazmul Hossain Shanto,Mehedi Hasan Miraz,Rashid Khan,0,0,,,,,,,,,
1384394,2023/24,2023-10-07,"Himachal Pradesh Cricket Association Stadium, Dharamsala",2,27.6,Bangladesh,Afghanistan,Nazmul Hossain Shanto,Mehedi Hasan Miraz,Rashid Khan,0,0,,,,,,,,,
1384394,2023/24,2023-10-07,"Himachal Pradesh Cricket Association Stadium, Dharamsala",2,28.1,Bangladesh,Afghanistan,Mehedi Hasan Miraz,Nazmul Hossain Shanto,Naveen-ul-Haq,0,0,,,,,,caught,Mehedi Hasan Miraz,,
1384394,2023/24,2023-10-07,"Himachal Pradesh Cricket Association Stadium, Dharamsala",2,28.2,Bangladesh,Afghanistan,Shakib Al Hasan,Nazmul Hossain Shanto,Naveen-ul-Haq,1,0,,,,,,,,,
1384394,2023/24,2023-10-07,"Himachal Pradesh Cricket Association Stadium, Dharamsala",2,28.3,Bangladesh,Afghanistan,Nazmul Hossain Shanto,Shakib Al Hasan,Naveen-ul-Haq,1,0,,,,,,,,,
1384394,2023/24,2023-10-07,"Himachal Pradesh Cricket Association Stadium, Dharamsala",2,28.4,Bangladesh,Afghanistan,Shakib Al Hasan,Nazmul Hossain Shanto,Naveen-ul-Haq,0,0,,,,,,,,,
1384394,2023/24,2023-10-07,"Himachal Pradesh Cricket Association Stadium, Dharamsala",2,28.5,Bangladesh,Afghanistan,Shakib Al Hasan,Nazmul Hossain Shanto,Naveen-ul-Haq,0,0,,,,,,,,,
1384394,2023/24,2023-10-07,"Himachal Pradesh Cricket Association Stadium, Dharamsala",2,28.6,Bangladesh,Afghanistan,Shakib Al Hasan,Nazmul Hossain Shanto,Naveen-ul-Haq,0,0,,,,,,,,,
1384394,2023/24,2023-10-07,"Himachal Pradesh Cricket Association Stadium, Dharamsala",2,29.1,Bangladesh,Afghanistan,Nazmul Hossain Shanto,Shakib Al Hasan,Rashid Khan,0,0,,,,,,,,,
1384394,2023/24,2023-10-07,"Himachal Pradesh Cricket Association Stadium, Dharamsala",2,29.2,Bangladesh,Afghanistan,Nazmul Hossain Shanto,Shakib Al Hasan,Rashid Khan,1,0,,,,,,,,,
1384394,2023/24,2023-10-07,"Himachal Pradesh Cricket Association Stadium, Dharamsala",2,29.3,Bangladesh,Afghanistan,Shakib Al Hasan,Nazmul Hossain Shanto,Rashid Khan,4,0,,,,,,,,,
1384394,2023/24,2023-10-07,"Himachal Pradesh Cricket Association Stadium, Dharamsala",2,29.4,Bangladesh,Afghanistan,Shakib Al Hasan,Nazmul Hossain Shanto,Rashid Khan,1,0,,,,,,,,,
1384394,2023/24,2023-10-07,"Himachal Pradesh Cricket Association Stadium, Dharamsala",2,29.5,Bangladesh,Afghanistan,Nazmul Hossain Shanto,Shakib Al Hasan,Rashid Khan,0,0,,,,,,,,,
1384394,2023/24,2023-10-07,"Himachal Pradesh Cricket Association Stadium, Dharamsala",2,29.6,Bangladesh,Afghanistan,Nazmul Hossain Shanto,Shakib Al Hasan,Rashid Khan,0,0,,,,,,,,,
1384394,2023/24,2023-10-07,"Himachal Pradesh Cricket Association Stadium, Dharamsala",2,30.1,Bangladesh,Afghanistan,Shakib Al Hasan,Nazmul Hossain Shanto,Naveen-ul-Haq,0,0,,,,,,,,,
1384394,2023/24,2023-10-07,"Himachal Pradesh Cricket Association Stadium, Dharamsala",2,30.2,Bangladesh,Afghanistan,Shakib Al Hasan,Nazmul Hossain Shanto,Naveen-ul-Haq,0,0,,,,,,,,,
1384394,2023/24,2023-10-07,"Himachal Pradesh Cricket Association Stadium, Dharamsala",2,30.3,Bangladesh,Afghanistan,Shakib Al Hasan,Nazmul Hossain Shanto,Naveen-ul-Haq,1,0,,,,,,,,,
1384394,2023/24,2023-10-07,"Himachal Pradesh Cricket Association Stadium, Dharamsala",2,30.4,Bangladesh,Afghanistan,Nazmul Hossain Shanto,Shakib Al Hasan,Naveen-ul-Haq,2,0,,,,,,,,,
1384394,2023/24,2023-10-07,"Himachal Pradesh Cricket Association Stadium, Dharamsala",2,30.5,Bangladesh,Afghanistan,Nazmul Hossain Shanto,Shakib Al Hasan,Naveen-ul-Haq,0,0,,,,,,,,,
1384394,2023/24,2023-10-07,"Himachal Pradesh Cricket Association Stadium, Dharamsala",2,30.6,Bangladesh,Afghanistan,Nazmul Hossain Shanto,Shakib Al Hasan,Naveen-ul-Haq,0,0,,,,,,,,,
1384394,2023/24,2023-10-07,"Himachal Pradesh Cricket Association Stadium, Dharamsala",2,31.1,Bangladesh,Afghanistan,Shakib Al Hasan,Nazmul Hossain Shanto,Azmatullah Omarzai,2,0,,,,,,,,,
1384394,2023/24,2023-10-07,"Himachal Pradesh Cricket Association Stadium, Dharamsala",2,31.2,Bangladesh,Afghanistan,Shakib Al Hasan,Nazmul Hossain Shanto,Azmatullah Omarzai,0,0,,,,,,,,,
1384394,2023/24,2023-10-07,"Himachal Pradesh Cricket Association Stadium, Dharamsala",2,31.3,Bangladesh,Afghanistan,Shakib Al Hasan,Nazmul Hossain Shanto,Azmatullah Omarzai,0,0,,,,,,,,,
1384394,2023/24,2023-10-07,"Himachal Pradesh Cricket Association Stadium, Dharamsala",2,31.4,Bangladesh,Afghanistan,Shakib Al Hasan,Nazmul Hossain Shanto,Azmatullah Omarzai,0,0,,,,,,,,,
1384394,2023/24,2023-10-07,"Himachal Pradesh Cricket Association Stadium, Dharamsala",2,31.5,Bangladesh,Afghanistan,Shakib Al Hasan,Nazmul Hossain Shanto,Azmatullah Omarzai,0,0,,,,,,,,,
1384394,2023/24,2023-10-07,"Himachal Pradesh Cricket Association Stadium, Dharamsala",2,31.6,Bangladesh,Afghanistan,Shakib Al Hasan,Nazmul Hossain Shanto,Azmatullah Omarzai,0,0,,,,,,,,,
1384394,2023/24,2023-10-07,"Himachal Pradesh Cricket Association Stadium, Dharamsala",2,32.1,Bangladesh,Afghanistan,Nazmul Hossain Shanto,Shakib Al Hasan,Naveen-ul-Haq,1,0,,,,,,,,,
1384394,2023/24,2023-10-07,"Himachal Pradesh Cricket Association Stadium, Dharamsala",2,32.2,Bangladesh,Afghanistan,Shakib Al Hasan,Nazmul Hossain Shanto,Naveen-ul-Haq,1,0,,,,,,,,,
1384394,2023/24,2023-10-07,"Himachal Pradesh Cricket Association Stadium, Dharamsala",2,32.3,Bangladesh,Afghanistan,Nazmul Hossain Shanto,Shakib Al Hasan,Naveen-ul-Haq,0,0,,,,,,,,,
1384394,2023/24,2023-10-07,"Himachal Pradesh Cricket Association Stadium, Dharamsala",2,32.4,Bangladesh,Afghanistan,Nazmul Hossain Shanto,Shakib Al Hasan,Naveen-ul-Haq,0,0,,,,,,,,,
1384394,2023/24,2023-10-07,"Himachal Pradesh Cricket Association Stadium, Dharamsala",2,32.5,Bangladesh,Afghanistan,Nazmul Hossain Shanto,Shakib Al Hasan,Naveen-ul-Haq,0,1,,1,,,,,,,
1384394,2023/24,2023-10-07,"Himachal Pradesh Cricket Association Stadium, Dharamsala",2,32.6,Bangladesh,Afghanistan,Nazmul Hossain Shanto,Shakib Al Hasan,Naveen-ul-Haq,1,0,,,,,,,,,
1384394,2023/24,2023-10-07,"Himachal Pradesh Cricket Association Stadium, Dharamsala",2,32.7,Bangladesh,Afghanistan,Shakib Al Hasan,Nazmul Hossain Shanto,Naveen-ul-Haq,0,0,,,,,,,,,
1384394,2023/24,2023-10-07,"Himachal Pradesh Cricket Association Stadium, Dharamsala",2,33.1,Bangladesh,Afghanistan,Nazmul Hossain Shanto,Shakib Al Hasan,Azmatullah Omarzai,1,0,,,,,,,,,
1384394,2023/24,2023-10-07,"Himachal Pradesh Cricket Association Stadium, Dharamsala",2,33.2,Bangladesh,Afghanistan,Shakib Al Hasan,Nazmul Hossain Shanto,Azmatullah Omarzai,4,0,,,,,,,,,
1384394,2023/24,2023-10-07,"Himachal Pradesh Cricket Association Stadium, Dharamsala",2,33.3,Bangladesh,Afghanistan,Shakib Al Hasan,Nazmul Hossain Shanto,Azmatullah Omarzai,0,0,,,,,,caught,Shakib Al Hasan,,
1384394,2023/24,2023-10-07,"Himachal Pradesh Cricket Association Stadium, Dharamsala",2,33.4,Bangladesh,Afghanistan,Mushfiqur Rahim,Nazmul Hossain Shanto,Azmatullah Omarzai,0,0,,,,,,,,,
1384394,2023/24,2023-10-07,"Himachal Pradesh Cricket Association Stadium, Dharamsala",2,33.5,Bangladesh,Afghanistan,Mushfiqur Rahim,Nazmul Hossain Shanto,Azmatullah Omarzai,1,0,,,,,,,,,
1384394,2023/24,2023-10-07,"Himachal Pradesh Cricket Association Stadium, Dharamsala",2,33.6,Bangladesh,Afghanistan,Nazmul Hossain Shanto,Mushfiqur Rahim,Azmatullah Omarzai,1,0,,,,,,,,,
1384394,2023/24,2023-10-07,"Himachal Pradesh Cricket Association Stadium, Dharamsala",2,34.1,Bangladesh,Afghanistan,Nazmul Hossain Shanto,Mushfiqur Rahim,Naveen-ul-Haq,1,0,,,,,,,,,
1384394,2023/24,2023-10-07,"Himachal Pradesh Cricket Association Stadium, Dharamsala",2,34.2,Bangladesh,Afghanistan,Mushfiqur Rahim,Nazmul Hossain Shanto,Naveen-ul-Haq,1,0,,,,,,,,,
1384394,2023/24,2023-10-07,"Himachal Pradesh Cricket Association Stadium, Dharamsala",2,34.3,Bangladesh,Afghanistan,Nazmul Hossain Shanto,Mushfiqur Rahim,Naveen-ul-Haq,4,0,,,,,,,,,
1384394,2023/24,2023-10-07,"Himachal Pradesh Cricket Association Stadium, Dharamsala",2,34.4,Bangladesh,Afghanistan,Nazmul Hossain Shanto,Mushfiqur Rahim,Naveen-ul-Haq,4,0,,,,,,,,,
