match_id,season,start_date,venue,innings,ball,batting_team,bowling_team,striker,non_striker,bowler,runs_off_bat,extras,wides,noballs,byes,legbyes,penalty,wicket_type,player_dismissed,other_wicket_type,other_player_dismissed
247494,2006/07,2007-04-11,"Kensington Oval, Bridgetown",1,0.1,Bangladesh,England,Tamim Iqbal,Shahriar Nafees,JM Anderson,0,0,,,,,,,,,
247494,2006/07,2007-04-11,"Kensington Oval, Bridgetown",1,0.2,Bangladesh,England,Tamim Iqbal,Shahriar Nafees,JM Anderson,4,0,,,,,,,,,
247494,2006/07,2007-04-11,"Kensington Oval, Bridgetown",1,0.3,Bangladesh,England,Tamim Iqbal,Shahriar Nafees,JM Anderson,0,0,,,,,,,,,
247494,2006/07,2007-04-11,"Kensington Oval, Bridgetown",1,0.4,Bangladesh,England,Tamim Iqbal,Shahriar Nafees,JM Anderson,4,0,,,,,,,,,
247494,2006/07,2007-04-11,"Kensington Oval, Bridgetown",1,0.5,Bangladesh,England,Tamim Iqbal,Shahriar Nafees,JM Anderson,0,0,,,,,,,,,
247494,2006/07,2007-04-11,"Kensington Oval, Bridgetown",1,0.6,Bangladesh,England,Tamim Iqbal,Shahriar Nafees,JM Anderson,0,0,,,,,,,,,
247494,2006/07,2007-04-11,"Kensington Oval, Bridgetown",1,1.1,Bangladesh,England,Shahriar Nafees,Tamim Iqbal,SI Mahmood,0,0,,,,,,,,,
247494,2006/07,2007-04-11,"Kensington Oval, Bridgetown",1,1.2,Bangladesh,England,Shahriar Nafees,Tamim Iqbal,SI Mahmood,1,0,,,,,,,,,
247494,2006/07,2007-04-11,"Kensington Oval, Bridgetown",1,1.3,Bangladesh,England,Tamim Iqbal,Shahriar Nafees,SI Mahmood,0,0,,,,,,caught,Tamim Iqbal,,
247494,2006/07,2007-04-11,"Kensington Oval, Bridgetown",1,1.4,Bangladesh,England,Habibul Bashar,Shahriar Nafees,SI Mahmood,0,0,,,,,,,,,
247494,2006/07,2007-04-11,"Kensington Oval, Bridgetown",1,1.5,Bangladesh,England,Habibul Bashar,Shahriar Nafees,SI Mahmood,0,0,,,,,,,,,
247494,2006/07,2007-04-11,"Kensington Oval, Bridgetown",1,1.6,Bangladesh,England,Habibul Bashar,Shahriar Nafees,SI Mahmood,0,0,,,,,,,,,
247494,2006/07,2007-04-11,"Kensington Oval, Bridgetown",1,2.1,Bangladesh,England,Shahriar Nafees,Habibul Bashar,JM Anderson,1,0,,,,,,,,,
247494,2006/07,2007-04-11,"Kensington Oval, Bridgetown",1,2.2,Bangladesh,England,Habibul Bashar,Shahriar Nafees,JM Anderson,0,0,,,,,,,,,
247494,2006/07,2007-04-11,"Kensington Oval, Bridgetown",1,2.3,Bangladesh,England,Habibul Bashar,Shahriar Nafees,JM Anderson,0,0,,,,,,,,,
247494,2006/07,2007-04-11,"Kensington Oval, Bridgetown",1,2.4,Bangladesh,England,Habibul Bashar,Shahriar Nafees,JM Anderson,0,1,1,,,,,,,,
247494,2006/07,2007-04-11,"Kensington Oval, Bridgetown",1,2.5,Bangladesh,England,Habibul Bashar,Shahriar Nafees,JM Anderson,0,0,,,,,,,,,
247494,2006/07,2007-04-11,"Kensington Oval, Bridgetown",1,2.6,Bangladesh,England,Habibul Bashar,Shahriar Nafees,JM Anderson,0,0,,,,,,,,,
247494,2006/07,2007-04-11,"Kensington Oval, Bridgetown",1,2.7,Bangladesh,England,Habibul Bashar,Shahriar Nafees,JM Anderson,1,0,,,,,,,,,
247494,2006/07,2007-04-11,"Kensington Oval, Bridgetown",1,3.1,Bangladesh,England,Habibul Bashar,Shahriar Nafees,SI Mahmood,0,0,,,,,,,,,
247494,2006/07,2007-04-11,"Kensington Oval, Bridgetown",1,3.2,Bangladesh,England,Habibul Bashar,Shahriar Nafees,SI Mahmood,0,0,,,,,,,,,
247494,2006/07,2007-04-11,"Kensington Oval, Bridgetown",1,3.3,Bangladesh,England,Habibul Bashar,Shahriar Nafees,SI Mahmood,1,0,,,,,,,,,
247494,2006/07,2007-04-11,"Kensington Oval, Bridgetown",1,3.4,Bangladesh,England,Shahriar Nafees,Habibul Bashar,SI Mahmood,0,0,,,,,,,,,
247494,2006/07,2007-04-11,"Kensington Oval, Bridgetown",1,3.5,Bangladesh,England,Shahriar Nafees,Habibul Bashar,SI Mahmood,4,0,,,,,,,,,
247494,2006/07,2007-04-11,"Kensington Oval, Bridgetown",1,3.6,Bangladesh,England,Shahriar Nafees,Habibul Bashar,SI Mahmood,1,0,,,,,,,,,
247494,2006/07,2007-04-11,"Kensington Oval, Bridgetown",1,4.1,Bangladesh,England,Shahriar Nafees,Habibul Bashar,JM Anderson,0,0,,,,,,,,,
247494,2006/07,2007-04-11,"Kensington Oval, Bridgetown",1,4.2,Bangladesh,England,Shahriar Nafees,Habibul Bashar,JM Anderson,1,0,,,,,,,,,
247494,2006/07,2007-04-11,"Kensington Oval, Bridgetown",1,4.3,Bangladesh,England,Habibul Bashar,Shahriar Nafees,JM Anderson,0,1,1,,,,,,,,
247494,2006/07,2007-04-11,"Kensington Oval, Bridgetown",1,4.4,Bangladesh,England,Habibul Bashar,Shahriar Nafees,JM Anderson,0,0,,,,,,,,,
247494,2006/07,2007-04-11,"Kensington Oval, Bridgetown",1,4.5,Bangladesh,England,Habibul Bashar,Shahriar Nafees,JM Anderson,0,0,,,,,,,,,
247494,2006/07,2007-04-11,"Kensington Oval, Bridgetown",1,4.6,Bangladesh,England,Habibul Bashar,Shahriar Nafees,JM Anderson,0,0,,,,,,,,,
247494,2006/07,2007-04-11,"Kensington Oval, Bridgetown",1,4.7,Bangladesh,England,Habibul Bashar,Shahriar Nafees,JM Anderson,0,1,1,,,,,,,,
247494,2006/07,2007-04-11,"Kensington Oval, Bridgetown",1,4.8,Bangladesh,England,Habibul Bashar,Shahriar Nafees,JM Anderson,1,0,,,,,,,,,
247494,2006/07,2007-04-11,"Kensington Oval, Bridgetown",1,5.1,Bangladesh,England,Habibul Bashar,Shahriar Nafees,SI Mahmood,0,0,,,,,,,,,
247494,2006/07,2007-04-11,"Kensington Oval, Bridgetown",1,5.2,Bangladesh,England,Habibul Bashar,Shahriar Nafees,SI Mahmood,0,0,,,,,,,,,
247494,2006/07,2007-04-11,"Kensington Oval, Bridgetown",1,5.3,Bangladesh,England,Habibul Bashar,Shahriar Nafees,SI Mahmood,1,0,,,,,,,,,
247494,2006/07,2007-04-11,"Kensington Oval, Bridgetown",1,5.4,Bangladesh,England,Shahriar Nafees,Habibul Bashar,SI Mahmood,0,0,,,,,,,,,
247494,2006/07,2007-04-11,"Kensington Oval, Bridgetown",1,5.5,Bangladesh,England,Shahriar Nafees,Habibul Bashar,SI Mahmood,0,0,,,,,,run out,Habibul Bashar,,
247494,2006/07,2007-04-11,"Kensington Oval, Bridgetown",1,5.6,Bangladesh,England,Mushfiqur Rahim,Shahriar Nafees,SI Mahmood,1,0,,,,,,,,,
247494,2006/07,2007-04-11,"Kensington Oval, Bridgetown",1,6.1,Bangladesh,England,Mushfiqur Rahim,Shahriar Nafees,JM Anderson,1,0,,,,,,,,,
247494,2006/07,2007-04-11,"Kensington Oval, Bridgetown",1,6.2,Bangladesh,England,Shahriar Nafees,Mushfiqur Rahim,JM Anderson,0,0,,,,,,,,,
247494,2006/07,2007-04-11,"Kensington Oval, Bridgetown",1,6.3,Bangladesh,England,Shahriar Nafees,Mushfiqur Rahim,JM Anderson,0,0,,,,,,,,,
247494,2006/07,2007-04-11,"Kensington Oval, Bridgetown",1,6.4,Bangladesh,England,Shahriar Nafees,Mushfiqur Rahim,JM Anderson,0,0,,,,,,,,,
247494,2006/07,2007-04-11,"Kensington Oval, Bridgetown",1,6.5,Bangladesh,England,Shahriar Nafees,Mushfiqur Rahim,JM Anderson,1,0,,,,,,,,,
247494,2006/07,2007-04-11,"Kensington Oval, Bridgetown",1,6.6,Bangladesh,England,Mushfiqur Rahim,Shahriar Nafees,JM Anderson,0,0,,,,,,,,,
247494,2006/07,2007-04-11,"Kensington Oval, Bridgetown",1,7.1,Bangladesh,England,Shahriar Nafees,Mushfiqur Rahim,SI Mahmood,0,0,,,,,,,,,
247494,2006/07,2007-04-11,"Kensington Oval, Bridgetown",1,7.2,Bangladesh,England,Shahriar Nafees,Mushfiqur Rahim,SI Mahmood,0,0,,,,,,,,,
247494,2006/07,2007-04-11,"Kensington Oval, Bridgetown",1,7.3,Bangladesh,England,Shahriar Nafees,Mushfiqur Rahim,SI Mahmood,0,0,,,,,,,,,
247494,2006/07,2007-04-11,"Kensington Oval, Bridgetown",1,7.4,Bangladesh,England,Shahriar Nafees,Mushfiqur Rahim,SI Mahmood,0,0,,,,,,caught,Shahriar Nafees,,
247494,2006/07,2007-04-11,"Kensington Oval, Bridgetown",1,7.5,Bangladesh,England,Shakib Al Hasan,Mushfiqur Rahim,SI Mahmood,0,0,,,,,,,,,
247494,2006/07,2007-04-11,"Kensington Oval, Bridgetown",1,7.6,Bangladesh,England,Shakib Al Hasan,Mushfiqur Rahim,SI Mahmood,4,0,,,,,,,,,
247494,2006/07,2007-04-11,"Kensington Oval, Bridgetown",1,8.1,Bangladesh,England,Mushfiqur Rahim,Shakib Al Hasan,JM Anderson,1,0,,,,,,,,,
247494,2006/07,2007-04-11,"Kensington Oval, Bridgetown",1,8.2,Bangladesh,England,Shakib Al Hasan,Mushfiqur Rahim,JM Anderson,0,0,,,,,,,,,
247494,2006/07,2007-04-11,"Kensington Oval, Bridgetown",1,8.3,Bangladesh,England,Shakib Al Hasan,Mushfiqur Rahim,JM Anderson,0,0,,,,,,,,,
247494,2006/07,2007-04-11,"Kensington Oval, Bridgetown",1,8.4,Bangladesh,England,Shakib Al Hasan,Mushfiqur Rahim,JM Anderson,0,0,,,,,,,,,
247494,2006/07,2007-04-11,"Kensington Oval, Bridgetown",1,8.5,Bangladesh,England,Shakib Al Hasan,Mushfiqur Rahim,JM Anderson,0,0,,,,,,,,,
247494,2006/07,2007-04-11,"Kensington Oval, Bridgetown",1,8.6,Bangladesh,England,Shakib Al Hasan,Mushfiqur Rahim,JM Anderson,0,0,,,,,,,,,
247494,2006/07,2007-04-11,"Kensington Oval, Bridgetown",1,9.1,Bangladesh,England,Mushfiqur Rahim,Shakib Al Hasan,SI Mahmood,0,0,,,,,,,,,
247494,2006/07,2007-04-11,"Kensington Oval, Bridgetown",1,9.2,Bangladesh,England,Mushfiqur Rahim,Shakib Al Hasan,SI Mahmood,0,0,,,,,,,,,
247494,2006/07,2007-04-11,"Kensington Oval, Bridgetown",1,9.3,Bangladesh,England,Mushfiqur Rahim,Shakib Al Hasan,SI Mahmood,0,0,,,,,,,,,
247494,2006/07,2007-04-11,"Kensington Oval, Bridgetown",1,9.4,Bangladesh,England,Mushfiqur Rahim,Shakib Al Hasan,SI Mahmood,0,0,,,,,,,,,
247494,2006/07,2007-04-11,"Kensington Oval, Bridgetown",1,9.5,Bangladesh,England,Mushfiqur Rahim,Shakib Al Hasan,SI Mahmood,0,0,,,,,,,,,
247494,2006/07,2007-04-11,"Kensington Oval, Bridgetown",1,9.6,Bangladesh,England,Mushfiqur Rahim,Shakib Al Hasan,SI Mahmood,4,0,,,,,,,,,
247494,2006/07,2007-04-11,"Kensington Oval, Bridgetown",1,10.1,Bangladesh,England,Shakib Al Hasan,Mushfiqur Rahim,A Flintoff,4,0,,,,,,,,,
247494,2006/07,2007-04-11,"Kensington Oval, Bridgetown",1,10.2,Bangladesh,England,Shakib Al Hasan,Mushfiqur Rahim,A Flintoff,0,0,,,,,,,,,
247494,2006/07,2007-04-11,"Kensington Oval, Bridgetown",1,10.3,Bangladesh,England,Shakib Al Hasan,Mushfiqur Rahim,A Flintoff,1,0,,,,,,,,,
247494,2006/07,2007-04-11,"Kensington Oval, Bridgetown",1,10.4,Bangladesh,England,Mushfiqur Rahim,Shakib Al Hasan,A Flintoff,0,0,,,,,,bowled,Mushfiqur Rahim,,
247494,2006/07,2007-04-11,"Kensington Oval, Bridgetown",1,10.5,Bangladesh,England,Mohammad Ashraful,Shakib Al Hasan,A Flintoff,0,0,,,,,,,,,
247494,2006/07,2007-04-11,"Kensington Oval, Bridgetown",1,10.6,Bangladesh,England,Mohammad Ashraful,Shakib Al Hasan,A Flintoff,0,0,,,,,,,,,
247494,2006/07,2007-04-11,"Kensington Oval, Bridgetown",1,11.1,Bangladesh,England,Shakib Al Hasan,Mohammad Ashraful,SI Mahmood,0,0,,,,,,,,,
247494,2006/07,2007-04-11,"Kensington Oval, Bridgetown",1,11.2,Bangladesh,England,Shakib Al Hasan,Mohammad Ashraful,SI Mahmood,0,0,,,,,,,,,
247494,2006/07,2007-04-11,"Kensington Oval, Bridgetown",1,11.3,Bangladesh,England,Shakib Al Hasan,Mohammad Ashraful,SI Mahmood,0,0,,,,,,,,,
247494,2006/07,2007-04-11,"Kensington Oval, Bridgetown",1,11.4,Bangladesh,England,Shakib Al Hasan,Mohammad Ashraful,SI Mahmood,1,0,,,,,,,,,
247494,2006/07,2007-04-11,"Kensington Oval, Bridgetown",1,11.5,Bangladesh,England,Mohammad Ashraful,Shakib Al Hasan,SI Mahmood,0,1,1,,,,,,,,
247494,2006/07,2007-04-11,"Kensington Oval, Bridgetown",1,11.6,Bangladesh,England,Mohammad Ashraful,Shakib Al Hasan,SI Mahmood,0,0,,,,,,,,,
247494,2006/07,2007-04-11,"Kensington Oval, Bridgetown",1,11.7,Bangladesh,England,Mohammad Ashraful,Shakib Al Hasan,SI Mahmood,0,0,,,,,,,,,
247494,2006/07,2007-04-11,"Kensington Oval, Bridgetown",1,12.1,Bangladesh,England,Shakib Al Hasan,Mohammad Ashraful,A Flintoff,0,0,,,,,,,,,
247494,2006/07,2007-04-11,"Kensington Oval, Bridgetown",1,12.2,Bangladesh,England,Shakib Al Hasan,Mohammad Ashraful,A Flintoff,0,0,,,,,,,,,
247494,2006/07,2007-04-11,"Kensington Oval, Bridgetown",1,12.3,Bangladesh,England,Shakib Al Hasan,Mohammad Ashraful,A Flintoff,0,1,,1,,,,,,,
247494,2006/07,2007-04-11,"Kensington Oval, Bridgetown",1,12.4,Bangladesh,England,Shakib Al Hasan,Mohammad Ashraful,A Flintoff,0,1,,1,,,,,,,
247494,2006/07,2007-04-11,"Kensington Oval, Bridgetown",1,12.5,Bangladesh,England,Shakib Al Hasan,Mohammad Ashraful,A Flintoff,0,0,,,,,,,,,
247494,2006/07,2007-04-11,"Kensington Oval, Bridgetown",1,12.6,Bangladesh,England,Shakib Al Hasan,Mohammad Ashraful,A Flintoff,1,0,,,,,,,,,
247494,2006/07,2007-04-11,"Kensington Oval, Bridgetown",1,12.7,Bangladesh,England,Mohammad Ashraful,Shakib Al Hasan,A Flintoff,0,1,1,,,,,,,,
247494,2006/07,2007-04-11,"Kensington Oval, Bridgetown",1,12.8,Bangladesh,England,Mohammad Ashraful,Shakib Al Hasan,A Flintoff,1,0,,,,,,,,,
247494,2006/07,2007-04-11,"Kensington Oval, Bridgetown",1,12.9,Bangladesh,England,Shakib Al Hasan,Mohammad Ashraful,A Flintoff,0,0,,,,,,,,,
247494,2006/07,2007-04-11,"Kensington Oval, Bridgetown",1,13.1,Bangladesh,England,Mohammad Ashraful,Shakib Al Hasan,JM Anderson,0,0,,,,,,caught,Mohammad Ashraful,,
247494,2006/07,2007-04-11,"Kensington Oval, Bridgetown",1,13.2,Bangladesh,England,Aftab Ahmed,Shakib Al Hasan,JM Anderson,4,0,,,,,,,,,
247494,2006/07,2007-04-11,"Kensington Oval, Bridgetown",1,13.3,Bangladesh,England,Aftab Ahmed,Shakib Al Hasan,JM Anderson,3,0,,,,,,,,,
247494,2006/07,2007-04-11,"Kensington Oval, Bridgetown",1,13.4,Bangladesh,England,Shakib Al Hasan,Aftab Ahmed,JM Anderson,0,0,,,,,,,,,
247494,2006/07,2007-04-11,"Kensington Oval, Bridgetown",1,13.5,Bangladesh,England,Shakib Al Hasan,Aftab Ahmed,JM Anderson,0,0,,,,,,,,,
247494,2006/07,2007-04-11,"Kensington Oval, Bridgetown",1,13.6,Bangladesh,England,Shakib Al Hasan,Aftab Ahmed,JM Anderson,0,0,,,,,,,,,
247494,2006/07,2007-04-11,"Kensington Oval, Bridgetown",1,14.1,Bangladesh,England,Aftab Ahmed,Shakib Al Hasan,A Flintoff,1,0,,,,,,,,,
247494,2006/07,2007-04-11,"Kensington Oval, Bridgetown",1,14.2,Bangladesh,England,Shakib Al Hasan,Aftab Ahmed,A Flintoff,0,0,,,,,,,,,
247494,2006/07,2007-04-11,"Kensington Oval, Bridgetown",1,14.3,Bangladesh,England,Shakib Al Hasan,Aftab Ahmed,A Flintoff,2,0,,,,,,,,,
247494,2006/07,2007-04-11,"Kensington Oval, Bridgetown",1,14.4,Bangladesh,England,Shakib Al Hasan,Aftab Ahmed,A Flintoff,0,0,,,,,,,,,
247494,2006/07,2007-04-11,"Kensington Oval, Bridgetown",1,14.5,Bangladesh,England,Shakib Al Hasan,Aftab Ahmed,A Flintoff,0,0,,,,,,,,,
247494,2006/07,2007-04-11,"Kensington Oval, Bridgetown",1,14.6,Bangladesh,England,Shakib Al Hasan,Aftab Ahmed,A Flintoff,6,0,,,,,,,,,
247494,2006/07,2007-04-11,"Kensington Oval, Bridgetown",1,15.1,Bangladesh,England,Aftab Ahmed,Shakib Al Hasan,JM Anderson,2,0,,,,,,,,,
247494,2006/07,2007-04-11,"Kensington Oval, Bridgetown",1,15.2,Bangladesh,England,Aftab Ahmed,Shakib Al Hasan,JM Anderson,0,0,,,,,,caught,Aftab Ahmed,,
247494,2006/07,2007-04-11,"Kensington Oval, Bridgetown",1,15.3,Bangladesh,England,Mashrafe Mortaza,Shakib Al Hasan,JM Anderson,0,0,,,,,,,,,
247494,2006/07,2007-04-11,"Kensington Oval, Bridgetown",1,15.4,Bangladesh,England,Mashrafe Mortaza,Shakib Al Hasan,JM Anderson,0,0,,,,,,,,,
247494,2006/07,2007-04-11,"Kensington Oval, Bridgetown",1,15.5,Bangladesh,England,Mashrafe Mortaza,Shakib Al Hasan,JM Anderson,0,0,,,,,,,,,
247494,2006/07,2007-04-11,"Kensington Oval, Bridgetown",1,15.6,Bangladesh,England,Mashrafe Mortaza,Shakib Al Hasan,JM Anderson,0,0,,,,,,,,,
247494,2006/07,2007-04-11,"Kensington Oval, Bridgetown",1,16.1,Bangladesh,England,Shakib Al Hasan,Mashrafe Mortaza,A Flintoff,4,0,,,,,,,,,
247494,2006/07,2007-04-11,"Kensington Oval, Bridgetown",1,16.2,Bangladesh,England,Shakib Al Hasan,Mashrafe Mortaza,A Flintoff,4,0,,,,,,,,,
247494,2006/07,2007-04-11,"Kensington Oval, Bridgetown",1,16.3,Bangladesh,England,Shakib Al Hasan,Mashrafe Mortaza,A Flintoff,0,0,,,,,,,,,
247494,2006/07,2007-04-11,"Kensington Oval, Bridgetown",1,16.4,Bangladesh,England,Shakib Al Hasan,Mashrafe Mortaza,A Flintoff,0,0,,,,,,,,,
247494,2006/07,2007-04-11,"Kensington Oval, Bridgetown",1,16.5,Bangladesh,England,Shakib Al Hasan,Mashrafe Mortaza,A Flintoff,0,1,1,,,,,,,,
247494,2006/07,2007-04-11,"Kensington Oval, Bridgetown",1,16.6,Bangladesh,England,Shakib Al Hasan,Mashrafe Mortaza,A Flintoff,0,0,,,,,,,,,
247494,2006/07,2007-04-11,"Kensington Oval, Bridgetown",1,16.7,Bangladesh,England,Shakib Al Hasan,Mashrafe Mortaza,A Flintoff,0,0,,,,,,,,,
247494,2006/07,2007-04-11,"Kensington Oval, Bridgetown",1,17.1,Bangladesh,England,Mashrafe Mortaza,Shakib Al Hasan,JM Anderson,0,0,,,,,,,,,
247494,2006/07,2007-04-11,"Kensington Oval, Bridgetown",1,17.2,Bangladesh,England,Mashrafe Mortaza,Shakib Al Hasan,JM Anderson,0,1,1,,,,,,,,
247494,2006/07,2007-04-11,"Kensington Oval, Bridgetown",1,17.3,Bangladesh,England,Mashrafe Mortaza,Shakib Al Hasan,JM Anderson,1,0,,,,,,,,,
247494,2006/07,2007-04-11,"Kensington Oval, Bridgetown",1,17.4,Bangladesh,England,Shakib Al Hasan,Mashrafe Mortaza,JM Anderson,1,0,,,,,,,,,
247494,2006/07,2007-04-11,"Kensington Oval, Bridgetown",1,17.5,Bangladesh,England,Mashrafe Mortaza,Shakib Al Hasan,JM Anderson,0,0,,,,,,,,,
247494,2006/07,2007-04-11,"Kensington Oval, Bridgetown",1,17.6,Bangladesh,England,Mashrafe Mortaza,Shakib Al Hasan,JM Anderson,0,0,,,,,,,,,
247494,2006/07,2007-04-11,"Kensington Oval, Bridgetown",1,17.7,Bangladesh,England,Mashrafe Mortaza,Shakib Al Hasan,JM Anderson,0,0,,,,,,,,,
247494,2006/07,2007-04-11,"Kensington Oval, Bridgetown",1,18.1,Bangladesh,England,Shakib Al Hasan,Mashrafe Mortaza,MS Panesar,0,0,,,,,,,,,
247494,2006/07,2007-04-11,"Kensington Oval, Bridgetown",1,18.2,Bangladesh,England,Shakib Al Hasan,Mashrafe Mortaza,MS Panesar,0,0,,,,,,,,,
247494,2006/07,2007-04-11,"Kensington Oval, Bridgetown",1,18.3,Bangladesh,England,Shakib Al Hasan,Mashrafe Mortaza,MS Panesar,0,0,,,,,,,,,
247494,2006/07,2007-04-11,"Kensington Oval, Bridgetown",1,18.4,Bangladesh,England,Shakib Al Hasan,Mashrafe Mortaza,MS Panesar,0,0,,,,,,,,,
247494,2006/07,2007-04-11,"Kensington Oval, Bridgetown",1,18.5,Bangladesh,England,Shakib Al Hasan,Mashrafe Mortaza,MS Panesar,4,0,,,,,,,,,
247494,2006/07,2007-04-11,"Kensington Oval, Bridgetown",1,18.6,Bangladesh,England,Shakib Al Hasan,Mashrafe Mortaza,MS Panesar,1,0,,,,,,,,,
247494,2006/07,2007-04-11,"Kensington Oval, Bridgetown",1,19.1,Bangladesh,England,Shakib Al Hasan,Mashrafe Mortaza,A Flintoff,2,0,,,,,,,,,
247494,2006/07,2007-04-11,"Kensington Oval, Bridgetown",1,19.2,Bangladesh,England,Shakib Al Hasan,Mashrafe Mortaza,A Flintoff,0,0,,,,,,,,,
247494,2006/07,2007-04-11,"Kensington Oval, Bridgetown",1,19.3,Bangladesh,England,Shakib Al Hasan,Mashrafe Mortaza,A Flintoff,0,0,,,,,,,,,
247494,2006/07,2007-04-11,"Kensington Oval, Bridgetown",1,19.4,Bangladesh,England,Shakib Al Hasan,Mashrafe Mortaza,A Flintoff,0,0,,,,,,,,,
247494,2006/07,2007-04-11,"Kensington Oval, Bridgetown",1,19.5,Bangladesh,England,Shakib Al Hasan,Mashrafe Mortaza,A Flintoff,0,1,1,,,,,,,,
247494,2006/07,2007-04-11,"Kensington Oval, Bridgetown",1,19.6,Bangladesh,England,Shakib Al Hasan,Mashrafe Mortaza,A Flintoff,0,0,,,,,,,,,
247494,2006/07,2007-04-11,"Kensington Oval, Bridgetown",1,19.7,Bangladesh,England,Shakib Al Hasan,Mashrafe Mortaza,A Flintoff,0,0,,,,,,,,,
247494,2006/07,2007-04-11,"Kensington Oval, Bridgetown",1,20.1,Bangladesh,England,Mashrafe Mortaza,Shakib Al Hasan,MS Panesar,0,0,,,,,,,,,
247494,2006/07,2007-04-11,"Kensington Oval, Bridgetown",1,20.2,Bangladesh,England,Mashrafe Mortaza,Shakib Al Hasan,MS Panesar,0,0,,,,,,,,,
247494,2006/07,2007-04-11,"Kensington Oval, Bridgetown",1,20.3,Bangladesh,England,Mashrafe Mortaza,Shakib Al Hasan,MS Panesar,0,0,,,,,,,,,
247494,2006/07,2007-04-11,"Kensington Oval, Bridgetown",1,20.4,Bangladesh,England,Mashrafe Mortaza,Shakib Al Hasan,MS Panesar,0,0,,,,,,,,,
247494,2006/07,2007-04-11,"Kensington Oval, Bridgetown",1,20.5,Bangladesh,England,Mashrafe Mortaza,Shakib Al Hasan,MS Panesar,0,1,,,,1,,,,,
247494,2006/07,2007-04-11,"Kensington Oval, Bridgetown",1,20.6,Bangladesh,England,Shakib Al Hasan,Mashrafe Mortaza,MS Panesar,0,0,,,,,,,,,
247494,2006/07,2007-04-11,"Kensington Oval, Bridgetown",1,21.1,Bangladesh,England,Mashrafe Mortaza,Shakib Al Hasan,A Flintoff,0,0,,,,,,,,,
247494,2006/07,2007-04-11,"Kensington Oval, Bridgetown",1,21.2,Bangladesh,England,Mashrafe Mortaza,Shakib Al Hasan,A Flintoff,0,0,,,,,,,,,
247494,2006/07,2007-04-11,"Kensington Oval, Bridgetown",1,21.3,Bangladesh,England,Mashrafe Mortaza,Shakib Al Hasan,A Flintoff,0,0,,,,,,,,,
247494,2006/07,2007-04-11,"Kensington Oval, Bridgetown",1,21.4,Bangladesh,England,Mashrafe Mortaza,Shakib Al Hasan,A Flintoff,0,1,1,,,,,,,,
247494,2006/07,2007-04-11,"Kensington Oval, Bridgetown",1,21.5,Bangladesh,England,Mashrafe Mortaza,Shakib Al Hasan,A Flintoff,2,0,,,,,,,,,
247494,2006/07,2007-04-11,"Kensington Oval, Bridgetown",1,21.6,Bangladesh,England,Mashrafe Mortaza,Shakib Al Hasan,A Flintoff,1,0,,,,,,,,,
247494,2006/07,2007-04-11,"Kensington Oval, Bridgetown",1,21.7,Bangladesh,England,Shakib Al Hasan,Mashrafe Mortaza,A Flintoff,0,0,,,,,,,,,
247494,2006/07,2007-04-11,"Kensington Oval, Bridgetown",1,22.1,Bangladesh,England,Mashrafe Mortaza,Shakib Al Hasan,PD Collingwood,0,0,,,,,,,,,
247494,2006/07,2007-04-11,"Kensington Oval, Bridgetown",1,22.2,Bangladesh,England,Mashrafe Mortaza,Shakib Al Hasan,PD Collingwood,0,0,,,,,,,,,
247494,2006/07,2007-04-11,"Kensington Oval, Bridgetown",1,22.3,Bangladesh,England,Mashrafe Mortaza,Shakib Al Hasan,PD Collingwood,0,0,,,,,,,,,
247494,2006/07,2007-04-11,"Kensington Oval, Bridgetown",1,22.4,Bangladesh,England,Mashrafe Mortaza,Shakib Al Hasan,PD Collingwood,0,0,,,,,,,,,
247494,2006/07,2007-04-11,"Kensington Oval, Bridgetown",1,22.5,Bangladesh,England,Mashrafe Mortaza,Shakib Al Hasan,PD Collingwood,1,0,,,,,,,,,
247494,2006/07,2007-04-11,"Kensington Oval, Bridgetown",1,22.6,Bangladesh,England,Shakib Al Hasan,Mashrafe Mortaza,PD Collingwood,0,0,,,,,,,,,
247494,2006/07,2007-04-11,"Kensington Oval, Bridgetown",1,23.1,Bangladesh,England,Mashrafe Mortaza,Shakib Al Hasan,RS Bopara,0,0,,,,,,,,,
247494,2006/07,2007-04-11,"Kensington Oval, Bridgetown",1,23.2,Bangladesh,England,Mashrafe Mortaza,Shakib Al Hasan,RS Bopara,0,0,,,,,,,,,
247494,2006/07,2007-04-11,"Kensington Oval, Bridgetown",1,23.3,Bangladesh,England,Mashrafe Mortaza,Shakib Al Hasan,RS Bopara,0,0,,,,,,,,,
247494,2006/07,2007-04-11,"Kensington Oval, Bridgetown",1,23.4,Bangladesh,England,Mashrafe Mortaza,Shakib Al Hasan,RS Bopara,1,0,,,,,,,,,
247494,2006/07,2007-04-11,"Kensington Oval, Bridgetown",1,23.5,Bangladesh,England,Shakib Al Hasan,Mashrafe Mortaza,RS Bopara,0,0,,,,,,,,,
247494,2006/07,2007-04-11,"Kensington Oval, Bridgetown",1,23.6,Bangladesh,England,Shakib Al Hasan,Mashrafe Mortaza,RS Bopara,0,1,,,,1,,,,,
247494,2006/07,2007-04-11,"Kensington Oval, Bridgetown",1,24.1,Bangladesh,England,Shakib Al Hasan,Mashrafe Mortaza,PD Collingwood,1,0,,,,,,,,,
247494,2006/07,2007-04-11,"Kensington Oval, Bridgetown",1,24.2,Bangladesh,England,Mashrafe Mortaza,Shakib Al Hasan,PD Collingwood,1,0,,,,,,,,,
247494,2006/07,2007-04-11,"Kensington Oval, Bridgetown",1,24.3,Bangladesh,England,Shakib Al Hasan,Mashrafe Mortaza,PD Collingwood,0,0,,,,,,,,,
247494,2006/07,2007-04-11,"Kensington Oval, Bridgetown",1,24.4,Bangladesh,England,Shakib Al Hasan,Mashrafe Mortaza,PD Collingwood,0,0,,,,,,,,,
247494,2006/07,2007-04-11,"Kensington Oval, Bridgetown",1,24.5,Bangladesh,England,Shakib Al Hasan,Mashrafe Mortaza,PD Collingwood,1,0,,,,,,,,,
247494,2006/07,2007-04-11,"Kensington Oval, Bridgetown",1,24.6,Bangladesh,England,Mashrafe Mortaza,Shakib Al Hasan,PD Collingwood,0,1,,,,1,,,,,
247494,2006/07,2007-04-11,"Kensington Oval, Bridgetown",1,25.1,Bangladesh,England,Mashrafe Mortaza,Shakib Al Hasan,RS Bopara,0,0,,,,,,,,,
247494,2006/07,2007-04-11,"Kensington Oval, Bridgetown",1,25.2,Bangladesh,England,Mashrafe Mortaza,Shakib Al Hasan,RS Bopara,1,0,,,,,,,,,
247494,2006/07,2007-04-11,"Kensington Oval, Bridgetown",1,25.3,Bangladesh,England,Shakib Al Hasan,Mashrafe Mortaza,RS Bopara,0,0,,,,,,,,,
247494,2006/07,2007-04-11,"Kensington Oval, Bridgetown",1,25.4,Bangladesh,England,Shakib Al Hasan,Mashrafe Mortaza,RS Bopara,0,0,,,,,,,,,
247494,2006/07,2007-04-11,"Kensington Oval, Bridgetown",1,25.5,Bangladesh,England,Shakib Al Hasan,Mashrafe Mortaza,RS Bopara,0,0,,,,,,,,,
247494,2006/07,2007-04-11,"Kensington Oval, Bridgetown",1,25.6,Bangladesh,England,Shakib Al Hasan,Mashrafe Mortaza,RS Bopara,4,0,,,,,,,,,
247494,2006/07,2007-04-11,"Kensington Oval, Bridgetown",1,26.1,Bangladesh,England,Mashrafe Mortaza,Shakib Al Hasan,PD Collingwood,0,0,,,,,,,,,
247494,2006/07,2007-04-11,"Kensington Oval, Bridgetown",1,26.2,Bangladesh,England,Mashrafe Mortaza,Shakib Al Hasan,PD Collingwood,0,0,,,,,,,,,
247494,2006/07,2007-04-11,"Kensington Oval, Bridgetown",1,26.3,Bangladesh,England,Mashrafe Mortaza,Shakib Al Hasan,PD Collingwood,1,0,,,,,,,,,
247494,2006/07,2007-04-11,"Kensington Oval, Bridgetown",1,26.4,Bangladesh,England,Shakib Al Hasan,Mashrafe Mortaza,PD Collingwood,2,0,,,,,,,,,
247494,2006/07,2007-04-11,"Kensington Oval, Bridgetown",1,26.5,Bangladesh,England,Shakib Al Hasan,Mashrafe Mortaza,PD Collingwood,1,0,,,,,,,,,
247494,2006/07,2007-04-11,"Kensington Oval, Bridgetown",1,26.6,Bangladesh,England,Mashrafe Mortaza,Shakib Al Hasan,PD Collingwood,1,0,,,,,,,,,
247494,2006/07,2007-04-11,"Kensington Oval, Bridgetown",1,27.1,Bangladesh,England,Mashrafe Mortaza,Shakib Al Hasan,SI Mahmood,0,0,,,,,,,,,
247494,2006/07,2007-04-11,"Kensington Oval, Bridgetown",1,27.2,Bangladesh,England,Mashrafe Mortaza,Shakib Al Hasan,SI Mahmood,1,0,,,,,,,,,
247494,2006/07,2007-04-11,"Kensington Oval, Bridgetown",1,27.3,Bangladesh,England,Shakib Al Hasan,Mashrafe Mortaza,SI Mahmood,1,0,,,,,,,,,
247494,2006/07,2007-04-11,"Kensington Oval, Bridgetown",1,27.4,Bangladesh,England,Mashrafe Mortaza,Shakib Al Hasan,SI Mahmood,0,0,,,,,,,,,
247494,2006/07,2007-04-11,"Kensington Oval, Bridgetown",1,27.5,Bangladesh,England,Mashrafe Mortaza,Shakib Al Hasan,SI Mahmood,0,0,,,,,,,,,
247494,2006/07,2007-04-11,"Kensington Oval, Bridgetown",1,27.6,Bangladesh,England,Mashrafe Mortaza,Shakib Al Hasan,SI Mahmood,1,0,,,,,,,,,
247494,2006/07,2007-04-11,"Kensington Oval, Bridgetown",1,28.1,Bangladesh,England,Mashrafe Mortaza,Shakib Al Hasan,MS Panesar,1,0,,,,,,,,,
247494,2006/07,2007-04-11,"Kensington Oval, Bridgetown",1,28.2,Bangladesh,England,Shakib Al Hasan,Mashrafe Mortaza,MS Panesar,0,0,,,,,,,,,
247494,2006/07,2007-04-11,"Kensington Oval, Bridgetown",1,28.3,Bangladesh,England,Shakib Al Hasan,Mashrafe Mortaza,MS Panesar,0,0,,,,,,,,,
247494,2006/07,2007-04-11,"Kensington Oval, Bridgetown",1,28.4,Bangladesh,England,Shakib Al Hasan,Mashrafe Mortaza,MS Panesar,0,0,,,,,,,,,
247494,2006/07,2007-04-11,"Kensington Oval, Bridgetown",1,28.5,Bangladesh,England,Shakib Al Hasan,Mashrafe Mortaza,MS Panesar,1,0,,,,,,,,,
247494,2006/07,2007-04-11,"Kensington Oval, Bridgetown",1,28.6,Bangladesh,England,Mashrafe Mortaza,Shakib Al Hasan,MS Panesar,0,0,,,,,,bowled,Mashrafe Mortaza,,
247494,2006/07,2007-04-11,"Kensington Oval, Bridgetown",1,29.1,Bangladesh,England,Shakib Al Hasan,Mohammad Rafique,SI Mahmood,0,0,,,,,,,,,
247494,2006/07,2007-04-11,"Kensington Oval, Bridgetown",1,29.2,Bangladesh,England,Shakib Al Hasan,Mohammad Rafique,SI Mahmood,0,0,,,,,,,,,
247494,2006/07,2007-04-11,"Kensington Oval, Bridgetown",1,29.3,Bangladesh,England,Shakib Al Hasan,Mohammad Rafique,SI Mahmood,0,1,1,,,,,,,,
247494,2006/07,2007-04-11,"Kensington Oval, Bridgetown",1,29.4,Bangladesh,England,Shakib Al Hasan,Mohammad Rafique,SI Mahmood,0,0,,,,,,,,,
247494,2006/07,2007-04-11,"Kensington Oval, Bridgetown",1,29.5,Bangladesh,England,Shakib Al Hasan,Mohammad Rafique,SI Mahmood,0,0,,,,,,,,,
247494,2006/07,2007-04-11,"Kensington Oval, Bridgetown",1,29.6,Bangladesh,England,Shakib Al Hasan,Mohammad Rafique,SI Mahmood,0,0,,,,,,,,,
247494,2006/07,2007-04-11,"Kensington Oval, Bridgetown",1,29.7,Bangladesh,England,Shakib Al Hasan,Mohammad Rafique,SI Mahmood,0,0,,,,,,,,,
247494,2006/07,2007-04-11,"Kensington Oval, Bridgetown",1,30.1,Bangladesh,England,Mohammad Rafique,Shakib Al Hasan,MS Panesar,0,0,,,,,,,,,
247494,2006/07,2007-04-11,"Kensington Oval, Bridgetown",1,30.2,Bangladesh,England,Mohammad Rafique,Shakib Al Hasan,MS Panesar,0,0,,,,,,,,,
247494,2006/07,2007-04-11,"Kensington Oval, Bridgetown",1,30.3,Bangladesh,England,Mohammad Rafique,Shakib Al Hasan,MS Panesar,0,0,,,,,,,,,
247494,2006/07,2007-04-11,"Kensington Oval, Bridgetown",1,30.4,Bangladesh,England,Mohammad Rafique,Shakib Al Hasan,MS Panesar,0,0,,,,,,caught,Mohammad Rafique,,
247494,2006/07,2007-04-11,"Kensington Oval, Bridgetown",1,30.5,Bangladesh,England,Abdur Razzak,Shakib Al Hasan,MS Panesar,0,0,,,,,,,,,
247494,2006/07,2007-04-11,"Kensington Oval, Bridgetown",1,30.6,Bangladesh,England,Abdur Razzak,Shakib Al Hasan,MS Panesar,0,0,,,,,,,,,
247494,2006/07,2007-04-11,"Kensington Oval, Bridgetown",1,31.1,Bangladesh,England,Shakib Al Hasan,Abdur Razzak,A Flintoff,0,0,,,,,,,,,
247494,2006/07,2007-04-11,"Kensington Oval, Bridgetown",1,31.2,Bangladesh,England,Shakib Al Hasan,Abdur Razzak,A Flintoff,0,0,,,,,,,,,
247494,2006/07,2007-04-11,"Kensington Oval, Bridgetown",1,31.3,Bangladesh,England,Shakib Al Hasan,Abdur Razzak,A Flintoff,0,0,,,,,,,,,
247494,2006/07,2007-04-11,"Kensington Oval, Bridgetown",1,31.4,Bangladesh,England,Shakib Al Hasan,Abdur Razzak,A Flintoff,1,0,,,,,,,,,
247494,2006/07,2007-04-11,"Kensington Oval, Bridgetown",1,31.5,Bangladesh,England,Abdur Razzak,Shakib Al Hasan,A Flintoff,0,0,,,,,,,,,
247494,2006/07,2007-04-11,"Kensington Oval, Bridgetown",1,31.6,Bangladesh,England,Abdur Razzak,Shakib Al Hasan,A Flintoff,0,0,,,,,,,,,
247494,2006/07,2007-04-11,"Kensington Oval, Bridgetown",1,32.1,Bangladesh,England,Shakib Al Hasan,Abdur Razzak,MS Panesar,2,0,,,,,,,,,
247494,2006/07,2007-04-11,"Kensington Oval, Bridgetown",1,32.2,Bangladesh,England,Shakib Al Hasan,Abdur Razzak,MS Panesar,0,0,,,,,,,,,
247494,2006/07,2007-04-11,"Kensington Oval, Bridgetown",1,32.3,Bangladesh,England,Shakib Al Hasan,Abdur Razzak,MS Panesar,0,0,,,,,,,,,
247494,2006/07,2007-04-11,"Kensington Oval, Bridgetown",1,32.4,Bangladesh,England,Shakib Al Hasan,Abdur Razzak,MS Panesar,1,0,,,,,,,,,
247494,2006/07,2007-04-11,"Kensington Oval, Bridgetown",1,32.5,Bangladesh,England,Abdur Razzak,Shakib Al Hasan,MS Panesar,4,0,,,,,,,,,
247494,2006/07,2007-04-11,"Kensington Oval, Bridgetown",1,32.6,Bangladesh,England,Abdur Razzak,Shakib Al Hasan,MS Panesar,2,0,,,,,,,,,
247494,2006/07,2007-04-11,"Kensington Oval, Bridgetown",1,33.1,Bangladesh,England,Shakib Al Hasan,Abdur Razzak,A Flintoff,0,0,,,,,,,,,
247494,2006/07,2007-04-11,"Kensington Oval, Bridgetown",1,33.2,Bangladesh,England,Shakib Al Hasan,Abdur Razzak,A Flintoff,0,0,,,,,,,,,
247494,2006/07,2007-04-11,"Kensington Oval, Bridgetown",1,33.3,Bangladesh,England,Shakib Al Hasan,Abdur Razzak,A Flintoff,0,0,,,,,,,,,
247494,2006/07,2007-04-11,"Kensington Oval, Bridgetown",1,33.4,Bangladesh,England,Shakib Al Hasan,Abdur Razzak,A Flintoff,0,0,,,,,,,,,
247494,2006/07,2007-04-11,"Kensington Oval, Bridgetown",1,33.5,Bangladesh,England,Shakib Al Hasan,Abdur Razzak,A Flintoff,0,0,,,,,,,,,
247494,2006/07,2007-04-11,"Kensington Oval, Bridgetown",1,33.6,Bangladesh,England,Shakib Al Hasan,Abdur Razzak,A Flintoff,2,0,,,,,,,,,
247494,2006/07,2007-04-11,"Kensington Oval, Bridgetown",1,34.1,Bangladesh,England,Abdur Razzak,Shakib Al Hasan,MS Panesar,4,0,,,,,,,,,
247494,2006/07,2007-04-11,"Kensington Oval, Bridgetown",1,34.2,Bangladesh,England,Abdur Razzak,Shakib Al Hasan,MS Panesar,0,0,,,,,,,,,
247494,2006/07,2007-04-11,"Kensington Oval, Bridgetown",1,34.3,Bangladesh,England,Abdur Razzak,Shakib Al Hasan,MS Panesar,0,0,,,,,,,,,
247494,2006/07,2007-04-11,"Kensington Oval, Bridgetown",1,34.4,Bangladesh,England,Abdur Razzak,Shakib Al Hasan,MS Panesar,1,0,,,,,,,,,
247494,2006/07,2007-04-11,"Kensington Oval, Bridgetown",1,34.5,Bangladesh,England,Shakib Al Hasan,Abdur Razzak,MS Panesar,0,0,,,,,,,,,
247494,2006/07,2007-04-11,"Kensington Oval, Bridgetown",1,34.6,Bangladesh,England,Shakib Al Hasan,Abdur Razzak,MS Panesar,1,0,,,,,,,,,
247494,2006/07,2007-04-11,"Kensington Oval, Bridgetown",1,35.1,Bangladesh,England,Shakib Al Hasan,Abdur Razzak,PD Collingwood,0,0,,,,,,,,,
247494,2006/07,2007-04-11,"Kensington Oval, Bridgetown",1,35.2,Bangladesh,England,Shakib Al Hasan,Abdur Razzak,PD Collingwood,1,0,,,,,,,,,
247494,2006/07,2007-04-11,"Kensington Oval, Bridgetown",1,35.3,Bangladesh,England,Abdur Razzak,Shakib Al Hasan,PD Collingwood,0,0,,,,,,,,,
247494,2006/07,2007-04-11,"Kensington Oval, Bridgetown",1,35.4,Bangladesh,England,Abdur Razzak,Shakib Al Hasan,PD Collingwood,0,0,,,,,,,,,
247494,2006/07,2007-04-11,"Kensington Oval, Bridgetown",1,35.5,Bangladesh,England,Abdur Razzak,Shakib Al Hasan,PD Collingwood,0,0,,,,,,,,,
247494,2006/07,2007-04-11,"Kensington Oval, Bridgetown",1,35.6,Bangladesh,England,Abdur Razzak,Shakib Al Hasan,PD Collingwood,4,0,,,,,,,,,
247494,2006/07,2007-04-11,"Kensington Oval, Bridgetown",1,36.1,Bangladesh,England,Shakib Al Hasan,Abdur Razzak,MS Panesar,1,0,,,,,,,,,
247494,2006/07,2007-04-11,"Kensington Oval, Bridgetown",1,36.2,Bangladesh,England,Abdur Razzak,Shakib Al Hasan,MS Panesar,0,0,,,,,,,,,
247494,2006/07,2007-04-11,"Kensington Oval, Bridgetown",1,36.3,Bangladesh,England,Abdur Razzak,Shakib Al Hasan,MS Panesar,0,0,,,,,,,,,
247494,2006/07,2007-04-11,"Kensington Oval, Bridgetown",1,36.4,Bangladesh,England,Abdur Razzak,Shakib Al Hasan,MS Panesar,0,0,,,,,,caught,Abdur Razzak,,
247494,2006/07,2007-04-11,"Kensington Oval, Bridgetown",1,36.5,Bangladesh,England,Shakib Al Hasan,Syed Rasel,MS Panesar,0,0,,,,,,,,,
247494,2006/07,2007-04-11,"Kensington Oval, Bridgetown",1,36.6,Bangladesh,England,Shakib Al Hasan,Syed Rasel,MS Panesar,2,0,,,,,,,,,
247494,2006/07,2007-04-11,"Kensington Oval, Bridgetown",1,37.1,Bangladesh,England,Syed Rasel,Shakib Al Hasan,SI Mahmood,4,0,,,,,,,,,
247494,2006/07,2007-04-11,"Kensington Oval, Bridgetown",1,37.2,Bangladesh,England,Syed Rasel,Shakib Al Hasan,SI Mahmood,0,0,,,,,,caught,Syed Rasel,,
247494,2006/07,2007-04-11,"Kensington Oval, Bridgetown",2,0.1,England,Bangladesh,IR Bell,MP Vaughan,Mashrafe Mortaza,0,0,,,,,,,,,
247494,2006/07,2007-04-11,"Kensington Oval, Bridgetown",2,0.2,England,Bangladesh,IR Bell,MP Vaughan,Mashrafe Mortaza,0,0,,,,,,,,,
247494,2006/07,2007-04-11,"Kensington Oval, Bridgetown",2,0.3,England,Bangladesh,IR Bell,MP Vaughan,Mashrafe Mortaza,0,0,,,,,,,,,
247494,2006/07,2007-04-11,"Kensington Oval, Bridgetown",2,0.4,England,Bangladesh,IR Bell,MP Vaughan,Mashrafe Mortaza,0,4,,,,4,,,,,
247494,2006/07,2007-04-11,"Kensington Oval, Bridgetown",2,0.5,England,Bangladesh,IR Bell,MP Vaughan,Mashrafe Mortaza,0,0,,,,,,,,,
247494,2006/07,2007-04-11,"Kensington Oval, Bridgetown",2,0.6,England,Bangladesh,IR Bell,MP Vaughan,Mashrafe Mortaza,0,0,,,,,,,,,
247494,2006/07,2007-04-11,"Kensington Oval, Bridgetown",2,1.1,England,Bangladesh,MP Vaughan,IR Bell,Syed Rasel,0,0,,,,,,,,,
247494,2006/07,2007-04-11,"Kensington Oval, Bridgetown",2,1.2,England,Bangladesh,MP Vaughan,IR Bell,Syed Rasel,0,0,,,,,,,,,
247494,2006/07,2007-04-11,"Kensington Oval, Bridgetown",2,1.3,England,Bangladesh,MP Vaughan,IR Bell,Syed Rasel,0,0,,,,,,,,,
247494,2006/07,2007-04-11,"Kensington Oval, Bridgetown",2,1.4,England,Bangladesh,MP Vaughan,IR Bell,Syed Rasel,0,0,,,,,,,,,
247494,2006/07,2007-04-11,"Kensington Oval, Bridgetown",2,1.5,England,Bangladesh,MP Vaughan,IR Bell,Syed Rasel,0,0,,,,,,,,,
247494,2006/07,2007-04-11,"Kensington Oval, Bridgetown",2,1.6,England,Bangladesh,MP Vaughan,IR Bell,Syed Rasel,0,0,,,,,,,,,
247494,2006/07,2007-04-11,"Kensington Oval, Bridgetown",2,2.1,England,Bangladesh,IR Bell,MP Vaughan,Mashrafe Mortaza,0,0,,,,,,,,,
247494,2006/07,2007-04-11,"Kensington Oval, Bridgetown",2,2.2,England,Bangladesh,IR Bell,MP Vaughan,Mashrafe Mortaza,0,2,2,,,,,,,,
247494,2006/07,2007-04-11,"Kensington Oval, Bridgetown",2,2.3,England,Bangladesh,MP Vaughan,IR Bell,Mashrafe Mortaza,0,0,,,,,,,,,
247494,2006/07,2007-04-11,"Kensington Oval, Bridgetown",2,2.4,England,Bangladesh,MP Vaughan,IR Bell,Mashrafe Mortaza,0,0,,,,,,,,,
247494,2006/07,2007-04-11,"Kensington Oval, Bridgetown",2,2.5,England,Bangladesh,MP Vaughan,IR Bell,Mashrafe Mortaza,0,0,,,,,,,,,
247494,2006/07,2007-04-11,"Kensington Oval, Bridgetown",2,2.6,England,Bangladesh,MP Vaughan,IR Bell,Mashrafe Mortaza,0,1,1,,,,,,,,
247494,2006/07,2007-04-11,"Kensington Oval, Bridgetown",2,2.7,England,Bangladesh,MP Vaughan,IR Bell,Mashrafe Mortaza,0,0,,,,,,,,,
247494,2006/07,2007-04-11,"Kensington Oval, Bridgetown",2,2.8,England,Bangladesh,MP Vaughan,IR Bell,Mashrafe Mortaza,0,0,,,,,,,,,
247494,2006/07,2007-04-11,"Kensington Oval, Bridgetown",2,3.1,England,Bangladesh,IR Bell,MP Vaughan,Syed Rasel,0,0,,,,,,,,,
247494,2006/07,2007-04-11,"Kensington Oval, Bridgetown",2,3.2,England,Bangladesh,IR Bell,MP Vaughan,Syed Rasel,0,0,,,,,,,,,
247494,2006/07,2007-04-11,"Kensington Oval, Bridgetown",2,3.3,England,Bangladesh,IR Bell,MP Vaughan,Syed Rasel,0,0,,,,,,caught,IR Bell,,
247494,2006/07,2007-04-11,"Kensington Oval, Bridgetown",2,3.4,England,Bangladesh,AJ Strauss,MP Vaughan,Syed Rasel,0,0,,,,,,,,,
247494,2006/07,2007-04-11,"Kensington Oval, Bridgetown",2,3.5,England,Bangladesh,AJ Strauss,MP Vaughan,Syed Rasel,0,0,,,,,,,,,
247494,2006/07,2007-04-11,"Kensington Oval, Bridgetown",2,3.6,England,Bangladesh,AJ Strauss,MP Vaughan,Syed Rasel,1,0,,,,,,,,,
247494,2006/07,2007-04-11,"Kensington Oval, Bridgetown",2,4.1,England,Bangladesh,AJ Strauss,MP Vaughan,Mashrafe Mortaza,0,0,,,,,,,,,
247494,2006/07,2007-04-11,"Kensington Oval, Bridgetown",2,4.2,England,Bangladesh,AJ Strauss,MP Vaughan,Mashrafe Mortaza,0,0,,,,,,,,,
247494,2006/07,2007-04-11,"Kensington Oval, Bridgetown",2,4.3,England,Bangladesh,AJ Strauss,MP Vaughan,Mashrafe Mortaza,0,1,1,,,,,,,,
247494,2006/07,2007-04-11,"Kensington Oval, Bridgetown",2,4.4,England,Bangladesh,AJ Strauss,MP Vaughan,Mashrafe Mortaza,1,0,,,,,,,,,
247494,2006/07,2007-04-11,"Kensington Oval, Bridgetown",2,4.5,England,Bangladesh,MP Vaughan,AJ Strauss,Mashrafe Mortaza,4,0,,,,,,,,,
247494,2006/07,2007-04-11,"Kensington Oval, Bridgetown",2,4.6,England,Bangladesh,MP Vaughan,AJ Strauss,Mashrafe Mortaza,0,0,,,,,,,,,
247494,2006/07,2007-04-11,"Kensington Oval, Bridgetown",2,4.7,England,Bangladesh,MP Vaughan,AJ Strauss,Mashrafe Mortaza,1,0,,,,,,,,,
247494,2006/07,2007-04-11,"Kensington Oval, Bridgetown",2,5.1,England,Bangladesh,MP Vaughan,AJ Strauss,Syed Rasel,0,0,,,,,,,,,
247494,2006/07,2007-04-11,"Kensington Oval, Bridgetown",2,5.2,England,Bangladesh,MP Vaughan,AJ Strauss,Syed Rasel,0,0,,,,,,,,,
247494,2006/07,2007-04-11,"Kensington Oval, Bridgetown",2,5.3,England,Bangladesh,MP Vaughan,AJ Strauss,Syed Rasel,0,2,,,,2,,,,,
247494,2006/07,2007-04-11,"Kensington Oval, Bridgetown",2,5.4,England,Bangladesh,MP Vaughan,AJ Strauss,Syed Rasel,0,0,,,,,,,,,
247494,2006/07,2007-04-11,"Kensington Oval, Bridgetown",2,5.5,England,Bangladesh,MP Vaughan,AJ Strauss,Syed Rasel,4,0,,,,,,,,,
247494,2006/07,2007-04-11,"Kensington Oval, Bridgetown",2,5.6,England,Bangladesh,MP Vaughan,AJ Strauss,Syed Rasel,0,0,,,,,,,,,
247494,2006/07,2007-04-11,"Kensington Oval, Bridgetown",2,6.1,England,Bangladesh,AJ Strauss,MP Vaughan,Mashrafe Mortaza,0,0,,,,,,,,,
247494,2006/07,2007-04-11,"Kensington Oval, Bridgetown",2,6.2,England,Bangladesh,AJ Strauss,MP Vaughan,Mashrafe Mortaza,0,0,,,,,,,,,
247494,2006/07,2007-04-11,"Kensington Oval, Bridgetown",2,6.3,England,Bangladesh,AJ Strauss,MP Vaughan,Mashrafe Mortaza,0,0,,,,,,,,,
247494,2006/07,2007-04-11,"Kensington Oval, Bridgetown",2,6.4,England,Bangladesh,AJ Strauss,MP Vaughan,Mashrafe Mortaza,0,0,,,,,,,,,
247494,2006/07,2007-04-11,"Kensington Oval, Bridgetown",2,6.5,England,Bangladesh,AJ Strauss,MP Vaughan,Mashrafe Mortaza,1,0,,,,,,,,,
247494,2006/07,2007-04-11,"Kensington Oval, Bridgetown",2,6.6,England,Bangladesh,MP Vaughan,AJ Strauss,Mashrafe Mortaza,0,0,,,,,,,,,
247494,2006/07,2007-04-11,"Kensington Oval, Bridgetown",2,7.1,England,Bangladesh,AJ Strauss,MP Vaughan,Syed Rasel,0,0,,,,,,,,,
247494,2006/07,2007-04-11,"Kensington Oval, Bridgetown",2,7.2,England,Bangladesh,AJ Strauss,MP Vaughan,Syed Rasel,4,0,,,,,,,,,
247494,2006/07,2007-04-11,"Kensington Oval, Bridgetown",2,7.3,England,Bangladesh,AJ Strauss,MP Vaughan,Syed Rasel,0,0,,,,,,,,,
247494,2006/07,2007-04-11,"Kensington Oval, Bridgetown",2,7.4,England,Bangladesh,AJ Strauss,MP Vaughan,Syed Rasel,3,0,,,,,,,,,
247494,2006/07,2007-04-11,"Kensington Oval, Bridgetown",2,7.5,England,Bangladesh,MP Vaughan,AJ Strauss,Syed Rasel,0,0,,,,,,,,,
247494,2006/07,2007-04-11,"Kensington Oval, Bridgetown",2,7.6,England,Bangladesh,MP Vaughan,AJ Strauss,Syed Rasel,0,0,,,,,,,,,
247494,2006/07,2007-04-11,"Kensington Oval, Bridgetown",2,8.1,England,Bangladesh,AJ Strauss,MP Vaughan,Mashrafe Mortaza,0,0,,,,,,,,,
247494,2006/07,2007-04-11,"Kensington Oval, Bridgetown",2,8.2,England,Bangladesh,AJ Strauss,MP Vaughan,Mashrafe Mortaza,0,0,,,,,,,,,
247494,2006/07,2007-04-11,"Kensington Oval, Bridgetown",2,8.3,England,Bangladesh,AJ Strauss,MP Vaughan,Mashrafe Mortaza,0,0,,,,,,,,,
247494,2006/07,2007-04-11,"Kensington Oval, Bridgetown",2,8.4,England,Bangladesh,AJ Strauss,MP Vaughan,Mashrafe Mortaza,0,0,,,,,,,,,
247494,2006/07,2007-04-11,"Kensington Oval, Bridgetown",2,8.5,England,Bangladesh,AJ Strauss,MP Vaughan,Mashrafe Mortaza,1,0,,,,,,,,,
247494,2006/07,2007-04-11,"Kensington Oval, Bridgetown",2,8.6,England,Bangladesh,MP Vaughan,AJ Strauss,Mashrafe Mortaza,0,0,,,,,,,,,
247494,2006/07,2007-04-11,"Kensington Oval, Bridgetown",2,9.1,England,Bangladesh,AJ Strauss,MP Vaughan,Syed Rasel,0,0,,,,,,,,,
247494,2006/07,2007-04-11,"Kensington Oval, Bridgetown",2,9.2,England,Bangladesh,AJ Strauss,MP Vaughan,Syed Rasel,0,0,,,,,,,,,
247494,2006/07,2007-04-11,"Kensington Oval, Bridgetown",2,9.3,England,Bangladesh,AJ Strauss,MP Vaughan,Syed Rasel,0,0,,,,,,,,,
247494,2006/07,2007-04-11,"Kensington Oval, Bridgetown",2,9.4,England,Bangladesh,AJ Strauss,MP Vaughan,Syed Rasel,0,0,,,,,,,,,
247494,2006/07,2007-04-11,"Kensington Oval, Bridgetown",2,9.5,England,Bangladesh,AJ Strauss,MP Vaughan,Syed Rasel,0,0,,,,,,,,,
247494,2006/07,2007-04-11,"Kensington Oval, Bridgetown",2,9.6,England,Bangladesh,AJ Strauss,MP Vaughan,Syed Rasel,0,0,,,,,,,,,
247494,2006/07,2007-04-11,"Kensington Oval, Bridgetown",2,10.1,England,Bangladesh,MP Vaughan,AJ Strauss,Mashrafe Mortaza,0,0,,,,,,,,,
247494,2006/07,2007-04-11,"Kensington Oval, Bridgetown",2,10.2,England,Bangladesh,MP Vaughan,AJ Strauss,Mashrafe Mortaza,1,0,,,,,,,,,
247494,2006/07,2007-04-11,"Kensington Oval, Bridgetown",2,10.3,England,Bangladesh,AJ Strauss,MP Vaughan,Mashrafe Mortaza,6,0,,,,,,,,,
247494,2006/07,2007-04-11,"Kensington Oval, Bridgetown",2,10.4,England,Bangladesh,AJ Strauss,MP Vaughan,Mashrafe Mortaza,0,0,,,,,,,,,
247494,2006/07,2007-04-11,"Kensington Oval, Bridgetown",2,10.5,England,Bangladesh,AJ Strauss,MP Vaughan,Mashrafe Mortaza,0,0,,,,,,,,,
247494,2006/07,2007-04-11,"Kensington Oval, Bridgetown",2,10.6,England,Bangladesh,AJ Strauss,MP Vaughan,Mashrafe Mortaza,4,0,,,,,,,,,
247494,2006/07,2007-04-11,"Kensington Oval, Bridgetown",2,11.1,England,Bangladesh,MP Vaughan,AJ Strauss,Syed Rasel,0,0,,,,,,,,,
247494,2006/07,2007-04-11,"Kensington Oval, Bridgetown",2,11.2,England,Bangladesh,MP Vaughan,AJ Strauss,Syed Rasel,1,0,,,,,,,,,
247494,2006/07,2007-04-11,"Kensington Oval, Bridgetown",2,11.3,England,Bangladesh,AJ Strauss,MP Vaughan,Syed Rasel,0,0,,,,,,,,,
247494,2006/07,2007-04-11,"Kensington Oval, Bridgetown",2,11.4,England,Bangladesh,AJ Strauss,MP Vaughan,Syed Rasel,0,0,,,,,,,,,
247494,2006/07,2007-04-11,"Kensington Oval, Bridgetown",2,11.5,England,Bangladesh,AJ Strauss,MP Vaughan,Syed Rasel,1,0,,,,,,,,,
247494,2006/07,2007-04-11,"Kensington Oval, Bridgetown",2,11.6,England,Bangladesh,MP Vaughan,AJ Strauss,Syed Rasel,0,0,,,,,,,,,
247494,2006/07,2007-04-11,"Kensington Oval, Bridgetown",2,12.1,England,Bangladesh,AJ Strauss,MP Vaughan,Abdur Razzak,1,0,,,,,,,,,
247494,2006/07,2007-04-11,"Kensington Oval, Bridgetown",2,12.2,England,Bangladesh,MP Vaughan,AJ Strauss,Abdur Razzak,0,0,,,,,,,,,
247494,2006/07,2007-04-11,"Kensington Oval, Bridgetown",2,12.3,England,Bangladesh,MP Vaughan,AJ Strauss,Abdur Razzak,4,0,,,,,,,,,
247494,2006/07,2007-04-11,"Kensington Oval, Bridgetown",2,12.4,England,Bangladesh,MP Vaughan,AJ Strauss,Abdur Razzak,0,0,,,,,,,,,
247494,2006/07,2007-04-11,"Kensington Oval, Bridgetown",2,12.5,England,Bangladesh,MP Vaughan,AJ Strauss,Abdur Razzak,0,0,,,,,,,,,
247494,2006/07,2007-04-11,"Kensington Oval, Bridgetown",2,12.6,England,Bangladesh,MP Vaughan,AJ Strauss,Abdur Razzak,0,0,,,,,,,,,
247494,2006/07,2007-04-11,"Kensington Oval, Bridgetown",2,13.1,England,Bangladesh,AJ Strauss,MP Vaughan,Syed Rasel,0,0,,,,,,,,,
247494,2006/07,2007-04-11,"Kensington Oval, Bridgetown",2,13.2,England,Bangladesh,AJ Strauss,MP Vaughan,Syed Rasel,0,0,,,,,,,,,
247494,2006/07,2007-04-11,"Kensington Oval, Bridgetown",2,13.3,England,Bangladesh,AJ Strauss,MP Vaughan,Syed Rasel,0,0,,,,,,lbw,AJ Strauss,,
247494,2006/07,2007-04-11,"Kensington Oval, Bridgetown",2,13.4,England,Bangladesh,KP Pietersen,MP Vaughan,Syed Rasel,0,0,,,,,,,,,
247494,2006/07,2007-04-11,"Kensington Oval, Bridgetown",2,13.5,England,Bangladesh,KP Pietersen,MP Vaughan,Syed Rasel,0,0,,,,,,,,,
247494,2006/07,2007-04-11,"Kensington Oval, Bridgetown",2,13.6,England,Bangladesh,KP Pietersen,MP Vaughan,Syed Rasel,0,0,,,,,,,,,
247494,2006/07,2007-04-11,"Kensington Oval, Bridgetown",2,14.1,England,Bangladesh,MP Vaughan,KP Pietersen,Abdur Razzak,0,0,,,,,,,,,
247494,2006/07,2007-04-11,"Kensington Oval, Bridgetown",2,14.2,England,Bangladesh,MP Vaughan,KP Pietersen,Abdur Razzak,0,0,,,,,,,,,
247494,2006/07,2007-04-11,"Kensington Oval, Bridgetown",2,14.3,England,Bangladesh,MP Vaughan,KP Pietersen,Abdur Razzak,2,0,,,,,,,,,
247494,2006/07,2007-04-11,"Kensington Oval, Bridgetown",2,14.4,England,Bangladesh,MP Vaughan,KP Pietersen,Abdur Razzak,0,0,,,,,,,,,
247494,2006/07,2007-04-11,"Kensington Oval, Bridgetown",2,14.5,England,Bangladesh,MP Vaughan,KP Pietersen,Abdur Razzak,0,0,,,,,,,,,
247494,2006/07,2007-04-11,"Kensington Oval, Bridgetown",2,14.6,England,Bangladesh,MP Vaughan,KP Pietersen,Abdur Razzak,0,0,,,,,,,,,
247494,2006/07,2007-04-11,"Kensington Oval, Bridgetown",2,15.1,England,Bangladesh,KP Pietersen,MP Vaughan,Syed Rasel,0,0,,,,,,,,,
247494,2006/07,2007-04-11,"Kensington Oval, Bridgetown",2,15.2,England,Bangladesh,KP Pietersen,MP Vaughan,Syed Rasel,0,0,,,,,,,,,
247494,2006/07,2007-04-11,"Kensington Oval, Bridgetown",2,15.3,England,Bangladesh,KP Pietersen,MP Vaughan,Syed Rasel,0,0,,,,,,,,,
247494,2006/07,2007-04-11,"Kensington Oval, Bridgetown",2,15.4,England,Bangladesh,KP Pietersen,MP Vaughan,Syed Rasel,0,0,,,,,,,,,
247494,2006/07,2007-04-11,"Kensington Oval, Bridgetown",2,15.5,England,Bangladesh,KP Pietersen,MP Vaughan,Syed Rasel,0,0,,,,,,,,,
247494,2006/07,2007-04-11,"Kensington Oval, Bridgetown",2,15.6,England,Bangladesh,KP Pietersen,MP Vaughan,Syed Rasel,1,0,,,,,,,,,
247494,2006/07,2007-04-11,"Kensington Oval, Bridgetown",2,16.1,England,Bangladesh,KP Pietersen,MP Vaughan,Abdur Razzak,1,0,,,,,,,,,
247494,2006/07,2007-04-11,"Kensington Oval, Bridgetown",2,16.2,England,Bangladesh,MP Vaughan,KP Pietersen,Abdur Razzak,1,0,,,,,,,,,
247494,2006/07,2007-04-11,"Kensington Oval, Bridgetown",2,16.3,England,Bangladesh,KP Pietersen,MP Vaughan,Abdur Razzak,1,0,,,,,,,,,
247494,2006/07,2007-04-11,"Kensington Oval, Bridgetown",2,16.4,England,Bangladesh,MP Vaughan,KP Pietersen,Abdur Razzak,0,0,,,,,,,,,
247494,2006/07,2007-04-11,"Kensington Oval, Bridgetown",2,16.5,England,Bangladesh,MP Vaughan,KP Pietersen,Abdur Razzak,1,0,,,,,,,,,
247494,2006/07,2007-04-11,"Kensington Oval, Bridgetown",2,16.6,England,Bangladesh,KP Pietersen,MP Vaughan,Abdur Razzak,0,0,,,,,,,,,
247494,2006/07,2007-04-11,"Kensington Oval, Bridgetown",2,17.1,England,Bangladesh,MP Vaughan,KP Pietersen,Syed Rasel,2,0,,,,,,,,,
247494,2006/07,2007-04-11,"Kensington Oval, Bridgetown",2,17.2,England,Bangladesh,MP Vaughan,KP Pietersen,Syed Rasel,0,0,,,,,,,,,
247494,2006/07,2007-04-11,"Kensington Oval, Bridgetown",2,17.3,England,Bangladesh,MP Vaughan,KP Pietersen,Syed Rasel,0,0,,,,,,,,,
247494,2006/07,2007-04-11,"Kensington Oval, Bridgetown",2,17.4,England,Bangladesh,MP Vaughan,KP Pietersen,Syed Rasel,0,0,,,,,,,,,
247494,2006/07,2007-04-11,"Kensington Oval, Bridgetown",2,17.5,England,Bangladesh,MP Vaughan,KP Pietersen,Syed Rasel,1,0,,,,,,,,,
247494,2006/07,2007-04-11,"Kensington Oval, Bridgetown",2,17.6,England,Bangladesh,KP Pietersen,MP Vaughan,Syed Rasel,0,0,,,,,,,,,
247494,2006/07,2007-04-11,"Kensington Oval, Bridgetown",2,18.1,England,Bangladesh,MP Vaughan,KP Pietersen,Abdur Razzak,0,0,,,,,,,,,
247494,2006/07,2007-04-11,"Kensington Oval, Bridgetown",2,18.2,England,Bangladesh,MP Vaughan,KP Pietersen,Abdur Razzak,0,0,,,,,,,,,
247494,2006/07,2007-04-11,"Kensington Oval, Bridgetown",2,18.3,England,Bangladesh,MP Vaughan,KP Pietersen,Abdur Razzak,1,0,,,,,,,,,
247494,2006/07,2007-04-11,"Kensington Oval, Bridgetown",2,18.4,England,Bangladesh,KP Pietersen,MP Vaughan,Abdur Razzak,1,0,,,,,,,,,
247494,2006/07,2007-04-11,"Kensington Oval, Bridgetown",2,18.5,England,Bangladesh,MP Vaughan,KP Pietersen,Abdur Razzak,1,0,,,,,,,,,
247494,2006/07,2007-04-11,"Kensington Oval, Bridgetown",2,18.6,England,Bangladesh,KP Pietersen,MP Vaughan,Abdur Razzak,0,0,,,,,,,,,
247494,2006/07,2007-04-11,"Kensington Oval, Bridgetown",2,19.1,England,Bangladesh,MP Vaughan,KP Pietersen,Syed Rasel,3,0,,,,,,,,,
247494,2006/07,2007-04-11,"Kensington Oval, Bridgetown",2,19.2,England,Bangladesh,KP Pietersen,MP Vaughan,Syed Rasel,2,0,,,,,,,,,
247494,2006/07,2007-04-11,"Kensington Oval, Bridgetown",2,19.3,England,Bangladesh,KP Pietersen,MP Vaughan,Syed Rasel,0,0,,,,,,,,,
247494,2006/07,2007-04-11,"Kensington Oval, Bridgetown",2,19.4,England,Bangladesh,KP Pietersen,MP Vaughan,Syed Rasel,0,0,,,,,,,,,
247494,2006/07,2007-04-11,"Kensington Oval, Bridgetown",2,19.5,England,Bangladesh,KP Pietersen,MP Vaughan,Syed Rasel,1,0,,,,,,,,,
247494,2006/07,2007-04-11,"Kensington Oval, Bridgetown",2,19.6,England,Bangladesh,MP Vaughan,KP Pietersen,Syed Rasel,1,0,,,,,,,,,
247494,2006/07,2007-04-11,"Kensington Oval, Bridgetown",2,20.1,England,Bangladesh,MP Vaughan,KP Pietersen,Abdur Razzak,0,0,,,,,,,,,
247494,2006/07,2007-04-11,"Kensington Oval, Bridgetown",2,20.2,England,Bangladesh,MP Vaughan,KP Pietersen,Abdur Razzak,2,0,,,,,,,,,
247494,2006/07,2007-04-11,"Kensington Oval, Bridgetown",2,20.3,England,Bangladesh,MP Vaughan,KP Pietersen,Abdur Razzak,0,0,,,,,,,,,
247494,2006/07,2007-04-11,"Kensington Oval, Bridgetown",2,20.4,England,Bangladesh,MP Vaughan,KP Pietersen,Abdur Razzak,0,0,,,,,,,,,
247494,2006/07,2007-04-11,"Kensington Oval, Bridgetown",2,20.5,England,Bangladesh,MP Vaughan,KP Pietersen,Abdur Razzak,0,0,,,,,,caught,MP Vaughan,,
247494,2006/07,2007-04-11,"Kensington Oval, Bridgetown",2,20.6,England,Bangladesh,PD Collingwood,KP Pietersen,Abdur Razzak,0,0,,,,,,,,,
247494,2006/07,2007-04-11,"Kensington Oval, Bridgetown",2,21.1,England,Bangladesh,KP Pietersen,PD Collingwood,Mohammad Rafique,0,0,,,,,,,,,
247494,2006/07,2007-04-11,"Kensington Oval, Bridgetown",2,21.2,England,Bangladesh,KP Pietersen,PD Collingwood,Mohammad Rafique,0,0,,,,,,,,,
247494,2006/07,2007-04-11,"Kensington Oval, Bridgetown",2,21.3,England,Bangladesh,KP Pietersen,PD Collingwood,Mohammad Rafique,2,0,,,,,,,,,
247494,2006/07,2007-04-11,"Kensington Oval, Bridgetown",2,21.4,England,Bangladesh,KP Pietersen,PD Collingwood,Mohammad Rafique,0,0,,,,,,,,,
247494,2006/07,2007-04-11,"Kensington Oval, Bridgetown",2,21.5,England,Bangladesh,KP Pietersen,PD Collingwood,Mohammad Rafique,1,0,,,,,,,,,
247494,2006/07,2007-04-11,"Kensington Oval, Bridgetown",2,21.6,England,Bangladesh,PD Collingwood,KP Pietersen,Mohammad Rafique,1,0,,,,,,,,,
247494,2006/07,2007-04-11,"Kensington Oval, Bridgetown",2,22.1,England,Bangladesh,PD Collingwood,KP Pietersen,Abdur Razzak,0,0,,,,,,,,,
247494,2006/07,2007-04-11,"Kensington Oval, Bridgetown",2,22.2,England,Bangladesh,PD Collingwood,KP Pietersen,Abdur Razzak,0,0,,,,,,,,,
247494,2006/07,2007-04-11,"Kensington Oval, Bridgetown",2,22.3,England,Bangladesh,PD Collingwood,KP Pietersen,Abdur Razzak,0,0,,,,,,,,,
247494,2006/07,2007-04-11,"Kensington Oval, Bridgetown",2,22.4,England,Bangladesh,PD Collingwood,KP Pietersen,Abdur Razzak,4,0,,,,,,,,,
247494,2006/07,2007-04-11,"Kensington Oval, Bridgetown",2,22.5,England,Bangladesh,PD Collingwood,KP Pietersen,Abdur Razzak,1,0,,,,,,,,,
247494,2006/07,2007-04-11,"Kensington Oval, Bridgetown",2,22.6,England,Bangladesh,KP Pietersen,PD Collingwood,Abdur Razzak,0,0,,,,,,caught,KP Pietersen,,
247494,2006/07,2007-04-11,"Kensington Oval, Bridgetown",2,23.1,England,Bangladesh,PD Collingwood,A Flintoff,Mohammad Rafique,0,0,,,,,,,,,
247494,2006/07,2007-04-11,"Kensington Oval, Bridgetown",2,23.2,England,Bangladesh,PD Collingwood,A Flintoff,Mohammad Rafique,0,0,,,,,,,,,
247494,2006/07,2007-04-11,"Kensington Oval, Bridgetown",2,23.3,England,Bangladesh,PD Collingwood,A Flintoff,Mohammad Rafique,0,0,,,,,,,,,
247494,2006/07,2007-04-11,"Kensington Oval, Bridgetown",2,23.4,England,Bangladesh,PD Collingwood,A Flintoff,Mohammad Rafique,0,0,,,,,,,,,
247494,2006/07,2007-04-11,"Kensington Oval, Bridgetown",2,23.5,England,Bangladesh,PD Collingwood,A Flintoff,Mohammad Rafique,0,0,,,,,,,,,
247494,2006/07,2007-04-11,"Kensington Oval, Bridgetown",2,23.6,England,Bangladesh,PD Collingwood,A Flintoff,Mohammad Rafique,0,0,,,,,,,,,
247494,2006/07,2007-04-11,"Kensington Oval, Bridgetown",2,24.1,England,Bangladesh,A Flintoff,PD Collingwood,Abdur Razzak,0,0,,,,,,,,,
247494,2006/07,2007-04-11,"Kensington Oval, Bridgetown",2,24.2,England,Bangladesh,A Flintoff,PD Collingwood,Abdur Razzak,4,0,,,,,,,,,
247494,2006/07,2007-04-11,"Kensington Oval, Bridgetown",2,24.3,England,Bangladesh,A Flintoff,PD Collingwood,Abdur Razzak,1,0,,,,,,,,,
247494,2006/07,2007-04-11,"Kensington Oval, Bridgetown",2,24.4,England,Bangladesh,PD Collingwood,A Flintoff,Abdur Razzak,1,0,,,,,,,,,
247494,2006/07,2007-04-11,"Kensington Oval, Bridgetown",2,24.5,England,Bangladesh,A Flintoff,PD Collingwood,Abdur Razzak,0,0,,,,,,,,,
247494,2006/07,2007-04-11,"Kensington Oval, Bridgetown",2,24.6,England,Bangladesh,A Flintoff,PD Collingwood,Abdur Razzak,0,0,,,,,,,,,
247494,2006/07,2007-04-11,"Kensington Oval, Bridgetown",2,25.1,England,Bangladesh,PD Collingwood,A Flintoff,Mohammad Rafique,0,0,,,,,,,,,
247494,2006/07,2007-04-11,"Kensington Oval, Bridgetown",2,25.2,England,Bangladesh,PD Collingwood,A Flintoff,Mohammad Rafique,0,0,,,,,,,,,
247494,2006/07,2007-04-11,"Kensington Oval, Bridgetown",2,25.3,England,Bangladesh,PD Collingwood,A Flintoff,Mohammad Rafique,0,0,,,,,,,,,
247494,2006/07,2007-04-11,"Kensington Oval, Bridgetown",2,25.4,England,Bangladesh,PD Collingwood,A Flintoff,Mohammad Rafique,0,0,,,,,,,,,
247494,2006/07,2007-04-11,"Kensington Oval, Bridgetown",2,25.5,England,Bangladesh,PD Collingwood,A Flintoff,Mohammad Rafique,0,0,,,,,,,,,
247494,2006/07,2007-04-11,"Kensington Oval, Bridgetown",2,25.6,England,Bangladesh,PD Collingwood,A Flintoff,Mohammad Rafique,0,0,,,,,,,,,
247494,2006/07,2007-04-11,"Kensington Oval, Bridgetown",2,26.1,England,Bangladesh,A Flintoff,PD Collingwood,Shakib Al Hasan,1,0,,,,,,,,,
247494,2006/07,2007-04-11,"Kensington Oval, Bridgetown",2,26.2,England,Bangladesh,PD Collingwood,A Flintoff,Shakib Al Hasan,0,0,,,,,,,,,
247494,2006/07,2007-04-11,"Kensington Oval, Bridgetown",2,26.3,England,Bangladesh,PD Collingwood,A Flintoff,Shakib Al Hasan,0,0,,,,,,,,,
247494,2006/07,2007-04-11,"Kensington Oval, Bridgetown",2,26.4,England,Bangladesh,PD Collingwood,A Flintoff,Shakib Al Hasan,0,0,,,,,,,,,
247494,2006/07,2007-04-11,"Kensington Oval, Bridgetown",2,26.5,England,Bangladesh,PD Collingwood,A Flintoff,Shakib Al Hasan,0,0,,,,,,,,,
247494,2006/07,2007-04-11,"Kensington Oval, Bridgetown",2,26.6,England,Bangladesh,PD Collingwood,A Flintoff,Shakib Al Hasan,0,0,,,,,,,,,
247494,2006/07,2007-04-11,"Kensington Oval, Bridgetown",2,27.1,England,Bangladesh,A Flintoff,PD Collingwood,Mohammad Rafique,0,0,,,,,,,,,
247494,2006/07,2007-04-11,"Kensington Oval, Bridgetown",2,27.2,England,Bangladesh,A Flintoff,PD Collingwood,Mohammad Rafique,4,0,,,,,,,,,
247494,2006/07,2007-04-11,"Kensington Oval, Bridgetown",2,27.3,England,Bangladesh,A Flintoff,PD Collingwood,Mohammad Rafique,0,0,,,,,,,,,
247494,2006/07,2007-04-11,"Kensington Oval, Bridgetown",2,27.4,England,Bangladesh,A Flintoff,PD Collingwood,Mohammad Rafique,0,0,,,,,,,,,
247494,2006/07,2007-04-11,"Kensington Oval, Bridgetown",2,27.5,England,Bangladesh,A Flintoff,PD Collingwood,Mohammad Rafique,4,0,,,,,,,,,
247494,2006/07,2007-04-11,"Kensington Oval, Bridgetown",2,27.6,England,Bangladesh,A Flintoff,PD Collingwood,Mohammad Rafique,0,0,,,,,,,,,
247494,2006/07,2007-04-11,"Kensington Oval, Bridgetown",2,28.1,England,Bangladesh,PD Collingwood,A Flintoff,Shakib Al Hasan,2,0,,,,,,,,,
247494,2006/07,2007-04-11,"Kensington Oval, Bridgetown",2,28.2,England,Bangladesh,PD Collingwood,A Flintoff,Shakib Al Hasan,0,0,,,,,,,,,
247494,2006/07,2007-04-11,"Kensington Oval, Bridgetown",2,28.3,England,Bangladesh,PD Collingwood,A Flintoff,Shakib Al Hasan,1,0,,,,,,,,,
247494,2006/07,2007-04-11,"Kensington Oval, Bridgetown",2,28.4,England,Bangladesh,A Flintoff,PD Collingwood,Shakib Al Hasan,0,0,,,,,,,,,
247494,2006/07,2007-04-11,"Kensington Oval, Bridgetown",2,28.5,England,Bangladesh,A Flintoff,PD Collingwood,Shakib Al Hasan,1,0,,,,,,,,,
247494,2006/07,2007-04-11,"Kensington Oval, Bridgetown",2,28.6,England,Bangladesh,PD Collingwood,A Flintoff,Shakib Al Hasan,0,0,,,,,,,,,
247494,2006/07,2007-04-11,"Kensington Oval, Bridgetown",2,29.1,England,Bangladesh,A Flintoff,PD Collingwood,Mohammad Rafique,6,0,,,,,,,,,
247494,2006/07,2007-04-11,"Kensington Oval, Bridgetown",2,29.2,England,Bangladesh,A Flintoff,PD Collingwood,Mohammad Rafique,0,0,,,,,,,,,
247494,2006/07,2007-04-11,"Kensington Oval, Bridgetown",2,29.3,England,Bangladesh,A Flintoff,PD Collingwood,Mohammad Rafique,0,0,,,,,,,,,
247494,2006/07,2007-04-11,"Kensington Oval, Bridgetown",2,29.4,England,Bangladesh,A Flintoff,PD Collingwood,Mohammad Rafique,0,1,1,,,,,,,,
247494,2006/07,2007-04-11,"Kensington Oval, Bridgetown",2,29.5,England,Bangladesh,A Flintoff,PD Collingwood,Mohammad Rafique,0,1,1,,,,,,,,
247494,2006/07,2007-04-11,"Kensington Oval, Bridgetown",2,29.6,England,Bangladesh,A Flintoff,PD Collingwood,Mohammad Rafique,1,0,,,,,,,,,
247494,2006/07,2007-04-11,"Kensington Oval, Bridgetown",2,29.7,England,Bangladesh,PD Collingwood,A Flintoff,Mohammad Rafique,0,0,,,,,,,,,
247494,2006/07,2007-04-11,"Kensington Oval, Bridgetown",2,29.8,England,Bangladesh,PD Collingwood,A Flintoff,Mohammad Rafique,0,0,,,,,,,,,
247494,2006/07,2007-04-11,"Kensington Oval, Bridgetown",2,30.1,England,Bangladesh,A Flintoff,PD Collingwood,Shakib Al Hasan,1,0,,,,,,,,,
247494,2006/07,2007-04-11,"Kensington Oval, Bridgetown",2,30.2,England,Bangladesh,PD Collingwood,A Flintoff,Shakib Al Hasan,0,0,,,,,,,,,
247494,2006/07,2007-04-11,"Kensington Oval, Bridgetown",2,30.3,England,Bangladesh,PD Collingwood,A Flintoff,Shakib Al Hasan,0,0,,,,,,,,,
247494,2006/07,2007-04-11,"Kensington Oval, Bridgetown",2,30.4,England,Bangladesh,PD Collingwood,A Flintoff,Shakib Al Hasan,2,0,,,,,,,,,
247494,2006/07,2007-04-11,"Kensington Oval, Bridgetown",2,30.5,England,Bangladesh,PD Collingwood,A Flintoff,Shakib Al Hasan,0,0,,,,,,,,,
247494,2006/07,2007-04-11,"Kensington Oval, Bridgetown",2,30.6,England,Bangladesh,PD Collingwood,A Flintoff,Shakib Al Hasan,0,0,,,,,,,,,
247494,2006/07,2007-04-11,"Kensington Oval, Bridgetown",2,31.1,England,Bangladesh,A Flintoff,PD Collingwood,Mohammad Rafique,0,0,,,,,,,,,
247494,2006/07,2007-04-11,"Kensington Oval, Bridgetown",2,31.2,England,Bangladesh,A Flintoff,PD Collingwood,Mohammad Rafique,0,0,,,,,,bowled,A Flintoff,,
247494,2006/07,2007-04-11,"Kensington Oval, Bridgetown",2,31.3,England,Bangladesh,RS Bopara,PD Collingwood,Mohammad Rafique,0,0,,,,,,,,,
247494,2006/07,2007-04-11,"Kensington Oval, Bridgetown",2,31.4,England,Bangladesh,RS Bopara,PD Collingwood,Mohammad Rafique,0,0,,,,,,,,,
247494,2006/07,2007-04-11,"Kensington Oval, Bridgetown",2,31.5,England,Bangladesh,RS Bopara,PD Collingwood,Mohammad Rafique,0,0,,,,,,,,,
247494,2006/07,2007-04-11,"Kensington Oval, Bridgetown",2,31.6,England,Bangladesh,RS Bopara,PD Collingwood,Mohammad Rafique,0,0,,,,,,bowled,RS Bopara,,
247494,2006/07,2007-04-11,"Kensington Oval, Bridgetown",2,32.1,England,Bangladesh,PD Collingwood,PA Nixon,Shakib Al Hasan,1,0,,,,,,,,,
247494,2006/07,2007-04-11,"Kensington Oval, Bridgetown",2,32.2,England,Bangladesh,PA Nixon,PD Collingwood,Shakib Al Hasan,1,0,,,,,,,,,
247494,2006/07,2007-04-11,"Kensington Oval, Bridgetown",2,32.3,England,Bangladesh,PD Collingwood,PA Nixon,Shakib Al Hasan,1,0,,,,,,,,,
247494,2006/07,2007-04-11,"Kensington Oval, Bridgetown",2,32.4,England,Bangladesh,PA Nixon,PD Collingwood,Shakib Al Hasan,0,0,,,,,,,,,
247494,2006/07,2007-04-11,"Kensington Oval, Bridgetown",2,32.5,England,Bangladesh,PA Nixon,PD Collingwood,Shakib Al Hasan,0,0,,,,,,,,,
247494,2006/07,2007-04-11,"Kensington Oval, Bridgetown",2,32.6,England,Bangladesh,PA Nixon,PD Collingwood,Shakib Al Hasan,0,0,,,,,,,,,
247494,2006/07,2007-04-11,"Kensington Oval, Bridgetown",2,33.1,England,Bangladesh,PD Collingwood,PA Nixon,Mohammad Rafique,0,0,,,,,,,,,
247494,2006/07,2007-04-11,"Kensington Oval, Bridgetown",2,33.2,England,Bangladesh,PD Collingwood,PA Nixon,Mohammad Rafique,0,0,,,,,,,,,
247494,2006/07,2007-04-11,"Kensington Oval, Bridgetown",2,33.3,England,Bangladesh,PD Collingwood,PA Nixon,Mohammad Rafique,0,0,,,,,,,,,
247494,2006/07,2007-04-11,"Kensington Oval, Bridgetown",2,33.4,England,Bangladesh,PD Collingwood,PA Nixon,Mohammad Rafique,0,0,,,,,,,,,
247494,2006/07,2007-04-11,"Kensington Oval, Bridgetown",2,33.5,England,Bangladesh,PD Collingwood,PA Nixon,Mohammad Rafique,0,0,,,,,,,,,
247494,2006/07,2007-04-11,"Kensington Oval, Bridgetown",2,33.6,England,Bangladesh,PD Collingwood,PA Nixon,Mohammad Rafique,1,0,,,,,,,,,
247494,2006/07,2007-04-11,"Kensington Oval, Bridgetown",2,34.1,England,Bangladesh,PD Collingwood,PA Nixon,Shakib Al Hasan,0,0,,,,,,,,,
247494,2006/07,2007-04-11,"Kensington Oval, Bridgetown",2,34.2,England,Bangladesh,PD Collingwood,PA Nixon,Shakib Al Hasan,1,0,,,,,,,,,
247494,2006/07,2007-04-11,"Kensington Oval, Bridgetown",2,34.3,England,Bangladesh,PA Nixon,PD Collingwood,Shakib Al Hasan,0,0,,,,,,,,,
247494,2006/07,2007-04-11,"Kensington Oval, Bridgetown",2,34.4,England,Bangladesh,PA Nixon,PD Collingwood,Shakib Al Hasan,0,0,,,,,,,,,
247494,2006/07,2007-04-11,"Kensington Oval, Bridgetown",2,34.5,England,Bangladesh,PA Nixon,PD Collingwood,Shakib Al Hasan,1,0,,,,,,,,,
247494,2006/07,2007-04-11,"Kensington Oval, Bridgetown",2,34.6,England,Bangladesh,PD Collingwood,PA Nixon,Shakib Al Hasan,1,0,,,,,,,,,
247494,2006/07,2007-04-11,"Kensington Oval, Bridgetown",2,35.1,England,Bangladesh,PD Collingwood,PA Nixon,Mohammad Rafique,1,0,,,,,,,,,
247494,2006/07,2007-04-11,"Kensington Oval, Bridgetown",2,35.2,England,Bangladesh,PA Nixon,PD Collingwood,Mohammad Rafique,0,0,,,,,,,,,
247494,2006/07,2007-04-11,"Kensington Oval, Bridgetown",2,35.3,England,Bangladesh,PA Nixon,PD Collingwood,Mohammad Rafique,0,0,,,,,,,,,
247494,2006/07,2007-04-11,"Kensington Oval, Bridgetown",2,35.4,England,Bangladesh,PA Nixon,PD Collingwood,Mohammad Rafique,0,0,,,,,,,,,
247494,2006/07,2007-04-11,"Kensington Oval, Bridgetown",2,35.5,England,Bangladesh,PA Nixon,PD Collingwood,Mohammad Rafique,0,0,,,,,,,,,
247494,2006/07,2007-04-11,"Kensington Oval, Bridgetown",2,35.6,England,Bangladesh,PA Nixon,PD Collingwood,Mohammad Rafique,0,0,,,,,,,,,
247494,2006/07,2007-04-11,"Kensington Oval, Bridgetown",2,36.1,England,Bangladesh,PD Collingwood,PA Nixon,Shakib Al Hasan,1,0,,,,,,,,,
247494,2006/07,2007-04-11,"Kensington Oval, Bridgetown",2,36.2,England,Bangladesh,PA Nixon,PD Collingwood,Shakib Al Hasan,2,0,,,,,,,,,
247494,2006/07,2007-04-11,"Kensington Oval, Bridgetown",2,36.3,England,Bangladesh,PA Nixon,PD Collingwood,Shakib Al Hasan,0,0,,,,,,,,,
247494,2006/07,2007-04-11,"Kensington Oval, Bridgetown",2,36.4,England,Bangladesh,PA Nixon,PD Collingwood,Shakib Al Hasan,0,0,,,,,,,,,
247494,2006/07,2007-04-11,"Kensington Oval, Bridgetown",2,36.5,England,Bangladesh,PA Nixon,PD Collingwood,Shakib Al Hasan,2,0,,,,,,,,,
247494,2006/07,2007-04-11,"Kensington Oval, Bridgetown",2,36.6,England,Bangladesh,PA Nixon,PD Collingwood,Shakib Al Hasan,0,0,,,,,,,,,
247494,2006/07,2007-04-11,"Kensington Oval, Bridgetown",2,37.1,England,Bangladesh,PD Collingwood,PA Nixon,Mohammad Rafique,1,0,,,,,,,,,
247494,2006/07,2007-04-11,"Kensington Oval, Bridgetown",2,37.2,England,Bangladesh,PA Nixon,PD Collingwood,Mohammad Rafique,1,0,,,,,,,,,
247494,2006/07,2007-04-11,"Kensington Oval, Bridgetown",2,37.3,England,Bangladesh,PD Collingwood,PA Nixon,Mohammad Rafique,0,0,,,,,,,,,
247494,2006/07,2007-04-11,"Kensington Oval, Bridgetown",2,37.4,England,Bangladesh,PD Collingwood,PA Nixon,Mohammad Rafique,0,0,,,,,,,,,
247494,2006/07,2007-04-11,"Kensington Oval, Bridgetown",2,37.5,England,Bangladesh,PD Collingwood,PA Nixon,Mohammad Rafique,0,0,,,,,,,,,
247494,2006/07,2007-04-11,"Kensington Oval, Bridgetown",2,37.6,England,Bangladesh,PD Collingwood,PA Nixon,Mohammad Rafique,0,0,,,,,,,,,
247494,2006/07,2007-04-11,"Kensington Oval, Bridgetown",2,38.1,England,Bangladesh,PA Nixon,PD Collingwood,Abdur Razzak,1,0,,,,,,,,,
247494,2006/07,2007-04-11,"Kensington Oval, Bridgetown",2,38.2,England,Bangladesh,PD Collingwood,PA Nixon,Abdur Razzak,0,0,,,,,,,,,
247494,2006/07,2007-04-11,"Kensington Oval, Bridgetown",2,38.3,England,Bangladesh,PD Collingwood,PA Nixon,Abdur Razzak,0,2,,,,2,,,,,
247494,2006/07,2007-04-11,"Kensington Oval, Bridgetown",2,38.4,England,Bangladesh,PD Collingwood,PA Nixon,Abdur Razzak,0,0,,,,,,,,,
247494,2006/07,2007-04-11,"Kensington Oval, Bridgetown",2,38.5,England,Bangladesh,PD Collingwood,PA Nixon,Abdur Razzak,0,0,,,,,,,,,
247494,2006/07,2007-04-11,"Kensington Oval, Bridgetown",2,38.6,England,Bangladesh,PD Collingwood,PA Nixon,Abdur Razzak,0,0,,,,,,,,,
247494,2006/07,2007-04-11,"Kensington Oval, Bridgetown",2,39.1,England,Bangladesh,PA Nixon,PD Collingwood,Mohammad Rafique,1,0,,,,,,,,,
247494,2006/07,2007-04-11,"Kensington Oval, Bridgetown",2,39.2,England,Bangladesh,PD Collingwood,PA Nixon,Mohammad Rafique,1,0,,,,,,,,,
247494,2006/07,2007-04-11,"Kensington Oval, Bridgetown",2,39.3,England,Bangladesh,PA Nixon,PD Collingwood,Mohammad Rafique,0,0,,,,,,,,,
247494,2006/07,2007-04-11,"Kensington Oval, Bridgetown",2,39.4,England,Bangladesh,PA Nixon,PD Collingwood,Mohammad Rafique,0,0,,,,,,,,,
247494,2006/07,2007-04-11,"Kensington Oval, Bridgetown",2,39.5,England,Bangladesh,PA Nixon,PD Collingwood,Mohammad Rafique,6,0,,,,,,,,,
247494,2006/07,2007-04-11,"Kensington Oval, Bridgetown",2,39.6,England,Bangladesh,PA Nixon,PD Collingwood,Mohammad Rafique,0,0,,,,,,,,,
247494,2006/07,2007-04-11,"Kensington Oval, Bridgetown",2,40.1,England,Bangladesh,PD Collingwood,PA Nixon,Mashrafe Mortaza,0,0,,,,,,,,,
247494,2006/07,2007-04-11,"Kensington Oval, Bridgetown",2,40.2,England,Bangladesh,PD Collingwood,PA Nixon,Mashrafe Mortaza,0,0,,,,,,,,,
247494,2006/07,2007-04-11,"Kensington Oval, Bridgetown",2,40.3,England,Bangladesh,PD Collingwood,PA Nixon,Mashrafe Mortaza,0,0,,,,,,,,,
247494,2006/07,2007-04-11,"Kensington Oval, Bridgetown",2,40.4,England,Bangladesh,PD Collingwood,PA Nixon,Mashrafe Mortaza,0,0,,,,,,,,,
247494,2006/07,2007-04-11,"Kensington Oval, Bridgetown",2,40.5,England,Bangladesh,PD Collingwood,PA Nixon,Mashrafe Mortaza,0,0,,,,,,,,,
247494,2006/07,2007-04-11,"Kensington Oval, Bridgetown",2,40.6,England,Bangladesh,PD Collingwood,PA Nixon,Mashrafe Mortaza,0,0,,,,,,,,,
247494,2006/07,2007-04-11,"Kensington Oval, Bridgetown",2,41.1,England,Bangladesh,PA Nixon,PD Collingwood,Abdur Razzak,0,0,,,,,,,,,
247494,2006/07,2007-04-11,"Kensington Oval, Bridgetown",2,41.2,England,Bangladesh,PA Nixon,PD Collingwood,Abdur Razzak,0,0,,,,,,,,,
247494,2006/07,2007-04-11,"Kensington Oval, Bridgetown",2,41.3,England,Bangladesh,PA Nixon,PD Collingwood,Abdur Razzak,0,0,,,,,,,,,
247494,2006/07,2007-04-11,"Kensington Oval, Bridgetown",2,41.4,England,Bangladesh,PA Nixon,PD Collingwood,Abdur Razzak,0,0,,,,,,,,,
247494,2006/07,2007-04-11,"Kensington Oval, Bridgetown",2,41.5,England,Bangladesh,PA Nixon,PD Collingwood,Abdur Razzak,0,0,,,,,,,,,
247494,2006/07,2007-04-11,"Kensington Oval, Bridgetown",2,41.6,England,Bangladesh,PA Nixon,PD Collingwood,Abdur Razzak,0,0,,,,,,,,,
247494,2006/07,2007-04-11,"Kensington Oval, Bridgetown",2,42.1,England,Bangladesh,PD Collingwood,PA Nixon,Mashrafe Mortaza,0,0,,,,,,,,,
247494,2006/07,2007-04-11,"Kensington Oval, Bridgetown",2,42.2,England,Bangladesh,PD Collingwood,PA Nixon,Mashrafe Mortaza,0,0,,,,,,,,,
247494,2006/07,2007-04-11,"Kensington Oval, Bridgetown",2,42.3,England,Bangladesh,PD Collingwood,PA Nixon,Mashrafe Mortaza,0,0,,,,,,,,,
247494,2006/07,2007-04-11,"Kensington Oval, Bridgetown",2,42.4,England,Bangladesh,PD Collingwood,PA Nixon,Mashrafe Mortaza,0,0,,,,,,,,,
247494,2006/07,2007-04-11,"Kensington Oval, Bridgetown",2,42.5,England,Bangladesh,PD Collingwood,PA Nixon,Mashrafe Mortaza,0,0,,,,,,,,,
247494,2006/07,2007-04-11,"Kensington Oval, Bridgetown",2,42.6,England,Bangladesh,PD Collingwood,PA Nixon,Mashrafe Mortaza,0,0,,,,,,,,,
247494,2006/07,2007-04-11,"Kensington Oval, Bridgetown",2,43.1,England,Bangladesh,PA Nixon,PD Collingwood,Abdur Razzak,0,0,,,,,,,,,
247494,2006/07,2007-04-11,"Kensington Oval, Bridgetown",2,43.2,England,Bangladesh,PA Nixon,PD Collingwood,Abdur Razzak,0,0,,,,,,,,,
247494,2006/07,2007-04-11,"Kensington Oval, Bridgetown",2,43.3,England,Bangladesh,PA Nixon,PD Collingwood,Abdur Razzak,0,0,,,,,,,,,
247494,2006/07,2007-04-11,"Kensington Oval, Bridgetown",2,43.4,England,Bangladesh,PA Nixon,PD Collingwood,Abdur Razzak,1,0,,,,,,,,,
247494,2006/07,2007-04-11,"Kensington Oval, Bridgetown",2,43.5,England,Bangladesh,PD Collingwood,PA Nixon,Abdur Razzak,1,0,,,,,,,,,
247494,2006/07,2007-04-11,"Kensington Oval, Bridgetown",2,43.6,England,Bangladesh,PA Nixon,PD Collingwood,Abdur Razzak,0,0,,,,,,,,,
247494,2006/07,2007-04-11,"Kensington Oval, Bridgetown",2,44.1,England,Bangladesh,PD Collingwood,PA Nixon,Mashrafe Mortaza,1,0,,,,,,,,,
247494,2006/07,2007-04-11,"Kensington Oval, Bridgetown",2,44.2,England,Bangladesh,PA Nixon,PD Collingwood,Mashrafe Mortaza,0,4,,,4,,,,,,
247494,2006/07,2007-04-11,"Kensington Oval, Bridgetown",2,44.3,England,Bangladesh,PA Nixon,PD Collingwood,Mashrafe Mortaza,0,0,,,,,,,,,
247494,2006/07,2007-04-11,"Kensington Oval, Bridgetown",2,44.4,England,Bangladesh,PA Nixon,PD Collingwood,Mashrafe Mortaza,0,0,,,,,,,,,
247494,2006/07,2007-04-11,"Kensington Oval, Bridgetown",2,44.5,England,Bangladesh,PA Nixon,PD Collingwood,Mashrafe Mortaza,4,0,,,,,,,,,
