match_id,season,start_date,venue,innings,ball,batting_team,bowling_team,striker,non_striker,bowler,runs_off_bat,extras,wides,noballs,byes,legbyes,penalty,wicket_type,player_dismissed,other_wicket_type,other_player_dismissed
247477,2006/07,2007-03-23,"Sabina Park, Kingston",1,0.1,Ireland,West Indies,JP Bray,WTS Porterfield,JE Taylor,0,1,1,,,,,,,,
247477,2006/07,2007-03-23,"Sabina Park, Kingston",1,0.2,Ireland,West Indies,JP Bray,WTS Porterfield,JE Taylor,0,0,,,,,,,,,
247477,2006/07,2007-03-23,"Sabina Park, Kingston",1,0.3,Ireland,West Indies,JP Bray,WTS Porterfield,JE Taylor,0,0,,,,,,,,,
247477,2006/07,2007-03-23,"Sabina Park, Kingston",1,0.4,Ireland,West Indies,JP Bray,WTS Porterfield,JE Taylor,0,0,,,,,,,,,
247477,2006/07,2007-03-23,"Sabina Park, Kingston",1,0.5,Ireland,West Indies,JP Bray,WTS Porterfield,JE Taylor,0,0,,,,,,,,,
247477,2006/07,2007-03-23,"Sabina Park, Kingston",1,0.6,Ireland,West Indies,JP Bray,WTS Porterfield,JE Taylor,2,0,,,,,,,,,
247477,2006/07,2007-03-23,"Sabina Park, Kingston",1,0.7,Ireland,West Indies,JP Bray,WTS Porterfield,JE Taylor,0,0,,,,,,,,,
247477,2006/07,2007-03-23,"Sabina Park, Kingston",1,1.1,Ireland,West Indies,WTS Porterfield,JP Bray,DBL Powell,0,0,,,,,,,,,
247477,2006/07,2007-03-23,"Sabina Park, Kingston",1,1.2,Ireland,West Indies,WTS Porterfield,JP Bray,DBL Powell,0,0,,,,,,caught,WTS Porterfield,,
247477,2006/07,2007-03-23,"Sabina Park, Kingston",1,1.3,Ireland,West Indies,EJG Morgan,JP Bray,DBL Powell,0,4,,,,4,,,,,
247477,2006/07,2007-03-23,"Sabina Park, Kingston",1,1.4,Ireland,West Indies,EJG Morgan,JP Bray,DBL Powell,0,0,,,,,,,,,
247477,2006/07,2007-03-23,"Sabina Park, Kingston",1,1.5,Ireland,West Indies,EJG Morgan,JP Bray,DBL Powell,0,0,,,,,,,,,
247477,2006/07,2007-03-23,"Sabina Park, Kingston",1,1.6,Ireland,West Indies,EJG Morgan,JP Bray,DBL Powell,0,0,,,,,,,,,
247477,2006/07,2007-03-23,"Sabina Park, Kingston",1,2.1,Ireland,West Indies,JP Bray,EJG Morgan,JE Taylor,0,0,,,,,,,,,
247477,2006/07,2007-03-23,"Sabina Park, Kingston",1,2.2,Ireland,West Indies,JP Bray,EJG Morgan,JE Taylor,0,4,,,4,,,,,,
247477,2006/07,2007-03-23,"Sabina Park, Kingston",1,2.3,Ireland,West Indies,JP Bray,EJG Morgan,JE Taylor,0,0,,,,,,,,,
247477,2006/07,2007-03-23,"Sabina Park, Kingston",1,2.4,Ireland,West Indies,JP Bray,EJG Morgan,JE Taylor,4,0,,,,,,,,,
247477,2006/07,2007-03-23,"Sabina Park, Kingston",1,2.5,Ireland,West Indies,JP Bray,EJG Morgan,JE Taylor,0,0,,,,,,,,,
247477,2006/07,2007-03-23,"Sabina Park, Kingston",1,2.6,Ireland,West Indies,JP Bray,EJG Morgan,JE Taylor,0,0,,,,,,,,,
247477,2006/07,2007-03-23,"Sabina Park, Kingston",1,3.1,Ireland,West Indies,EJG Morgan,JP Bray,DBL Powell,0,0,,,,,,,,,
247477,2006/07,2007-03-23,"Sabina Park, Kingston",1,3.2,Ireland,West Indies,EJG Morgan,JP Bray,DBL Powell,1,0,,,,,,,,,
247477,2006/07,2007-03-23,"Sabina Park, Kingston",1,3.3,Ireland,West Indies,JP Bray,EJG Morgan,DBL Powell,0,0,,,,,,,,,
247477,2006/07,2007-03-23,"Sabina Park, Kingston",1,3.4,Ireland,West Indies,JP Bray,EJG Morgan,DBL Powell,0,0,,,,,,,,,
247477,2006/07,2007-03-23,"Sabina Park, Kingston",1,3.5,Ireland,West Indies,JP Bray,EJG Morgan,DBL Powell,0,0,,,,,,,,,
247477,2006/07,2007-03-23,"Sabina Park, Kingston",1,3.6,Ireland,West Indies,JP Bray,EJG Morgan,DBL Powell,0,0,,,,,,,,,
247477,2006/07,2007-03-23,"Sabina Park, Kingston",1,4.1,Ireland,West Indies,EJG Morgan,JP Bray,JE Taylor,0,0,,,,,,,,,
247477,2006/07,2007-03-23,"Sabina Park, Kingston",1,4.2,Ireland,West Indies,EJG Morgan,JP Bray,JE Taylor,2,0,,,,,,,,,
247477,2006/07,2007-03-23,"Sabina Park, Kingston",1,4.3,Ireland,West Indies,EJG Morgan,JP Bray,JE Taylor,0,0,,,,,,,,,
247477,2006/07,2007-03-23,"Sabina Park, Kingston",1,4.4,Ireland,West Indies,EJG Morgan,JP Bray,JE Taylor,1,0,,,,,,,,,
247477,2006/07,2007-03-23,"Sabina Park, Kingston",1,4.5,Ireland,West Indies,JP Bray,EJG Morgan,JE Taylor,1,0,,,,,,,,,
247477,2006/07,2007-03-23,"Sabina Park, Kingston",1,4.6,Ireland,West Indies,EJG Morgan,JP Bray,JE Taylor,6,0,,,,,,,,,
247477,2006/07,2007-03-23,"Sabina Park, Kingston",1,5.1,Ireland,West Indies,JP Bray,EJG Morgan,DBL Powell,1,0,,,,,,,,,
247477,2006/07,2007-03-23,"Sabina Park, Kingston",1,5.2,Ireland,West Indies,EJG Morgan,JP Bray,DBL Powell,0,0,,,,,,,,,
247477,2006/07,2007-03-23,"Sabina Park, Kingston",1,5.3,Ireland,West Indies,EJG Morgan,JP Bray,DBL Powell,1,0,,,,,,,,,
247477,2006/07,2007-03-23,"Sabina Park, Kingston",1,5.4,Ireland,West Indies,JP Bray,EJG Morgan,DBL Powell,1,0,,,,,,,,,
247477,2006/07,2007-03-23,"Sabina Park, Kingston",1,5.5,Ireland,West Indies,EJG Morgan,JP Bray,DBL Powell,0,0,,,,,,,,,
247477,2006/07,2007-03-23,"Sabina Park, Kingston",1,5.6,Ireland,West Indies,EJG Morgan,JP Bray,DBL Powell,0,0,,,,,,,,,
247477,2006/07,2007-03-23,"Sabina Park, Kingston",1,6.1,Ireland,West Indies,JP Bray,EJG Morgan,IDR Bradshaw,0,0,,,,,,,,,
247477,2006/07,2007-03-23,"Sabina Park, Kingston",1,6.2,Ireland,West Indies,JP Bray,EJG Morgan,IDR Bradshaw,0,0,,,,,,,,,
247477,2006/07,2007-03-23,"Sabina Park, Kingston",1,6.3,Ireland,West Indies,JP Bray,EJG Morgan,IDR Bradshaw,4,0,,,,,,,,,
247477,2006/07,2007-03-23,"Sabina Park, Kingston",1,6.4,Ireland,West Indies,JP Bray,EJG Morgan,IDR Bradshaw,0,0,,,,,,,,,
247477,2006/07,2007-03-23,"Sabina Park, Kingston",1,6.5,Ireland,West Indies,JP Bray,EJG Morgan,IDR Bradshaw,0,0,,,,,,,,,
247477,2006/07,2007-03-23,"Sabina Park, Kingston",1,6.6,Ireland,West Indies,JP Bray,EJG Morgan,IDR Bradshaw,1,0,,,,,,,,,
247477,2006/07,2007-03-23,"Sabina Park, Kingston",1,7.1,Ireland,West Indies,JP Bray,EJG Morgan,DBL Powell,0,0,,,,,,,,,
247477,2006/07,2007-03-23,"Sabina Park, Kingston",1,7.2,Ireland,West Indies,JP Bray,EJG Morgan,DBL Powell,0,0,,,,,,,,,
247477,2006/07,2007-03-23,"Sabina Park, Kingston",1,7.3,Ireland,West Indies,JP Bray,EJG Morgan,DBL Powell,0,0,,,,,,,,,
247477,2006/07,2007-03-23,"Sabina Park, Kingston",1,7.4,Ireland,West Indies,JP Bray,EJG Morgan,DBL Powell,0,0,,,,,,,,,
247477,2006/07,2007-03-23,"Sabina Park, Kingston",1,7.5,Ireland,West Indies,JP Bray,EJG Morgan,DBL Powell,0,0,,,,,,,,,
247477,2006/07,2007-03-23,"Sabina Park, Kingston",1,7.6,Ireland,West Indies,JP Bray,EJG Morgan,DBL Powell,4,0,,,,,,,,,
247477,2006/07,2007-03-23,"Sabina Park, Kingston",1,8.1,Ireland,West Indies,EJG Morgan,JP Bray,IDR Bradshaw,0,0,,,,,,,,,
247477,2006/07,2007-03-23,"Sabina Park, Kingston",1,8.2,Ireland,West Indies,EJG Morgan,JP Bray,IDR Bradshaw,0,0,,,,,,,,,
247477,2006/07,2007-03-23,"Sabina Park, Kingston",1,8.3,Ireland,West Indies,EJG Morgan,JP Bray,IDR Bradshaw,1,0,,,,,,,,,
247477,2006/07,2007-03-23,"Sabina Park, Kingston",1,8.4,Ireland,West Indies,JP Bray,EJG Morgan,IDR Bradshaw,1,0,,,,,,,,,
247477,2006/07,2007-03-23,"Sabina Park, Kingston",1,8.5,Ireland,West Indies,EJG Morgan,JP Bray,IDR Bradshaw,0,0,,,,,,,,,
247477,2006/07,2007-03-23,"Sabina Park, Kingston",1,8.6,Ireland,West Indies,EJG Morgan,JP Bray,IDR Bradshaw,0,0,,,,,,,,,
247477,2006/07,2007-03-23,"Sabina Park, Kingston",1,9.1,Ireland,West Indies,JP Bray,EJG Morgan,DBL Powell,0,0,,,,,,,,,
247477,2006/07,2007-03-23,"Sabina Park, Kingston",1,9.2,Ireland,West Indies,JP Bray,EJG Morgan,DBL Powell,4,0,,,,,,,,,
247477,2006/07,2007-03-23,"Sabina Park, Kingston",1,9.3,Ireland,West Indies,JP Bray,EJG Morgan,DBL Powell,0,0,,,,,,,,,
247477,2006/07,2007-03-23,"Sabina Park, Kingston",1,9.4,Ireland,West Indies,JP Bray,EJG Morgan,DBL Powell,0,0,,,,,,,,,
247477,2006/07,2007-03-23,"Sabina Park, Kingston",1,9.5,Ireland,West Indies,JP Bray,EJG Morgan,DBL Powell,4,0,,,,,,,,,
247477,2006/07,2007-03-23,"Sabina Park, Kingston",1,9.6,Ireland,West Indies,JP Bray,EJG Morgan,DBL Powell,0,0,,,,,,,,,
247477,2006/07,2007-03-23,"Sabina Park, Kingston",1,10.1,Ireland,West Indies,EJG Morgan,JP Bray,IDR Bradshaw,0,0,,,,,,,,,
247477,2006/07,2007-03-23,"Sabina Park, Kingston",1,10.2,Ireland,West Indies,EJG Morgan,JP Bray,IDR Bradshaw,2,0,,,,,,,,,
247477,2006/07,2007-03-23,"Sabina Park, Kingston",1,10.3,Ireland,West Indies,EJG Morgan,JP Bray,IDR Bradshaw,1,0,,,,,,,,,
247477,2006/07,2007-03-23,"Sabina Park, Kingston",1,10.4,Ireland,West Indies,JP Bray,EJG Morgan,IDR Bradshaw,0,0,,,,,,,,,
247477,2006/07,2007-03-23,"Sabina Park, Kingston",1,10.5,Ireland,West Indies,JP Bray,EJG Morgan,IDR Bradshaw,0,0,,,,,,,,,
247477,2006/07,2007-03-23,"Sabina Park, Kingston",1,10.6,Ireland,West Indies,JP Bray,EJG Morgan,IDR Bradshaw,0,0,,,,,,,,,
247477,2006/07,2007-03-23,"Sabina Park, Kingston",1,11.1,Ireland,West Indies,EJG Morgan,JP Bray,DBL Powell,1,0,,,,,,,,,
247477,2006/07,2007-03-23,"Sabina Park, Kingston",1,11.2,Ireland,West Indies,JP Bray,EJG Morgan,DBL Powell,0,0,,,,,,,,,
247477,2006/07,2007-03-23,"Sabina Park, Kingston",1,11.3,Ireland,West Indies,JP Bray,EJG Morgan,DBL Powell,0,0,,,,,,,,,
247477,2006/07,2007-03-23,"Sabina Park, Kingston",1,11.4,Ireland,West Indies,JP Bray,EJG Morgan,DBL Powell,0,0,,,,,,,,,
247477,2006/07,2007-03-23,"Sabina Park, Kingston",1,11.5,Ireland,West Indies,JP Bray,EJG Morgan,DBL Powell,0,0,,,,,,,,,
247477,2006/07,2007-03-23,"Sabina Park, Kingston",1,11.6,Ireland,West Indies,JP Bray,EJG Morgan,DBL Powell,1,0,,,,,,,,,
247477,2006/07,2007-03-23,"Sabina Park, Kingston",1,12.1,Ireland,West Indies,JP Bray,EJG Morgan,IDR Bradshaw,0,0,,,,,,,,,
247477,2006/07,2007-03-23,"Sabina Park, Kingston",1,12.2,Ireland,West Indies,JP Bray,EJG Morgan,IDR Bradshaw,4,0,,,,,,,,,
247477,2006/07,2007-03-23,"Sabina Park, Kingston",1,12.3,Ireland,West Indies,JP Bray,EJG Morgan,IDR Bradshaw,2,0,,,,,,,,,
247477,2006/07,2007-03-23,"Sabina Park, Kingston",1,12.4,Ireland,West Indies,JP Bray,EJG Morgan,IDR Bradshaw,0,0,,,,,,,,,
247477,2006/07,2007-03-23,"Sabina Park, Kingston",1,12.5,Ireland,West Indies,JP Bray,EJG Morgan,IDR Bradshaw,0,0,,,,,,,,,
247477,2006/07,2007-03-23,"Sabina Park, Kingston",1,12.6,Ireland,West Indies,JP Bray,EJG Morgan,IDR Bradshaw,0,0,,,,,,,,,
247477,2006/07,2007-03-23,"Sabina Park, Kingston",1,13.1,Ireland,West Indies,EJG Morgan,JP Bray,DBL Powell,0,0,,,,,,,,,
247477,2006/07,2007-03-23,"Sabina Park, Kingston",1,13.2,Ireland,West Indies,EJG Morgan,JP Bray,DBL Powell,0,0,,,,,,,,,
247477,2006/07,2007-03-23,"Sabina Park, Kingston",1,13.3,Ireland,West Indies,EJG Morgan,JP Bray,DBL Powell,0,0,,,,,,,,,
247477,2006/07,2007-03-23,"Sabina Park, Kingston",1,13.4,Ireland,West Indies,EJG Morgan,JP Bray,DBL Powell,1,0,,,,,,,,,
247477,2006/07,2007-03-23,"Sabina Park, Kingston",1,13.5,Ireland,West Indies,JP Bray,EJG Morgan,DBL Powell,0,0,,,,,,,,,
247477,2006/07,2007-03-23,"Sabina Park, Kingston",1,13.6,Ireland,West Indies,JP Bray,EJG Morgan,DBL Powell,0,0,,,,,,,,,
247477,2006/07,2007-03-23,"Sabina Park, Kingston",1,14.1,Ireland,West Indies,EJG Morgan,JP Bray,IDR Bradshaw,0,0,,,,,,,,,
247477,2006/07,2007-03-23,"Sabina Park, Kingston",1,14.2,Ireland,West Indies,EJG Morgan,JP Bray,IDR Bradshaw,0,0,,,,,,,,,
247477,2006/07,2007-03-23,"Sabina Park, Kingston",1,14.3,Ireland,West Indies,EJG Morgan,JP Bray,IDR Bradshaw,1,0,,,,,,,,,
247477,2006/07,2007-03-23,"Sabina Park, Kingston",1,14.4,Ireland,West Indies,JP Bray,EJG Morgan,IDR Bradshaw,0,0,,,,,,,,,
247477,2006/07,2007-03-23,"Sabina Park, Kingston",1,14.5,Ireland,West Indies,JP Bray,EJG Morgan,IDR Bradshaw,0,0,,,,,,,,,
247477,2006/07,2007-03-23,"Sabina Park, Kingston",1,14.6,Ireland,West Indies,JP Bray,EJG Morgan,IDR Bradshaw,0,0,,,,,,,,,
247477,2006/07,2007-03-23,"Sabina Park, Kingston",1,15.1,Ireland,West Indies,EJG Morgan,JP Bray,DBL Powell,0,0,,,,,,,,,
247477,2006/07,2007-03-23,"Sabina Park, Kingston",1,15.2,Ireland,West Indies,EJG Morgan,JP Bray,DBL Powell,0,0,,,,,,,,,
247477,2006/07,2007-03-23,"Sabina Park, Kingston",1,15.3,Ireland,West Indies,EJG Morgan,JP Bray,DBL Powell,0,0,,,,,,caught,EJG Morgan,,
247477,2006/07,2007-03-23,"Sabina Park, Kingston",1,15.4,Ireland,West Indies,JP Bray,NJ O'Brien,DBL Powell,0,0,,,,,,,,,
247477,2006/07,2007-03-23,"Sabina Park, Kingston",1,15.5,Ireland,West Indies,JP Bray,NJ O'Brien,DBL Powell,0,0,,,,,,,,,
247477,2006/07,2007-03-23,"Sabina Park, Kingston",1,15.6,Ireland,West Indies,JP Bray,NJ O'Brien,DBL Powell,0,0,,,,,,,,,
247477,2006/07,2007-03-23,"Sabina Park, Kingston",1,16.1,Ireland,West Indies,NJ O'Brien,JP Bray,IDR Bradshaw,0,0,,,,,,,,,
247477,2006/07,2007-03-23,"Sabina Park, Kingston",1,16.2,Ireland,West Indies,NJ O'Brien,JP Bray,IDR Bradshaw,0,0,,,,,,,,,
247477,2006/07,2007-03-23,"Sabina Park, Kingston",1,16.3,Ireland,West Indies,NJ O'Brien,JP Bray,IDR Bradshaw,1,0,,,,,,,,,
247477,2006/07,2007-03-23,"Sabina Park, Kingston",1,16.4,Ireland,West Indies,JP Bray,NJ O'Brien,IDR Bradshaw,0,0,,,,,,,,,
247477,2006/07,2007-03-23,"Sabina Park, Kingston",1,16.5,Ireland,West Indies,JP Bray,NJ O'Brien,IDR Bradshaw,0,0,,,,,,,,,
247477,2006/07,2007-03-23,"Sabina Park, Kingston",1,16.6,Ireland,West Indies,JP Bray,NJ O'Brien,IDR Bradshaw,0,0,,,,,,,,,
247477,2006/07,2007-03-23,"Sabina Park, Kingston",1,17.1,Ireland,West Indies,NJ O'Brien,JP Bray,DBL Powell,0,1,1,,,,,,,,
247477,2006/07,2007-03-23,"Sabina Park, Kingston",1,17.2,Ireland,West Indies,NJ O'Brien,JP Bray,DBL Powell,0,0,,,,,,,,,
247477,2006/07,2007-03-23,"Sabina Park, Kingston",1,17.3,Ireland,West Indies,NJ O'Brien,JP Bray,DBL Powell,0,0,,,,,,,,,
247477,2006/07,2007-03-23,"Sabina Park, Kingston",1,17.4,Ireland,West Indies,NJ O'Brien,JP Bray,DBL Powell,0,0,,,,,,,,,
247477,2006/07,2007-03-23,"Sabina Park, Kingston",1,17.5,Ireland,West Indies,NJ O'Brien,JP Bray,DBL Powell,0,0,,,,,,,,,
247477,2006/07,2007-03-23,"Sabina Park, Kingston",1,17.6,Ireland,West Indies,NJ O'Brien,JP Bray,DBL Powell,0,0,,,,,,,,,
247477,2006/07,2007-03-23,"Sabina Park, Kingston",1,17.7,Ireland,West Indies,NJ O'Brien,JP Bray,DBL Powell,4,0,,,,,,,,,
247477,2006/07,2007-03-23,"Sabina Park, Kingston",1,18.1,Ireland,West Indies,JP Bray,NJ O'Brien,IDR Bradshaw,1,0,,,,,,,,,
247477,2006/07,2007-03-23,"Sabina Park, Kingston",1,18.2,Ireland,West Indies,NJ O'Brien,JP Bray,IDR Bradshaw,0,0,,,,,,,,,
247477,2006/07,2007-03-23,"Sabina Park, Kingston",1,18.3,Ireland,West Indies,NJ O'Brien,JP Bray,IDR Bradshaw,0,0,,,,,,,,,
247477,2006/07,2007-03-23,"Sabina Park, Kingston",1,18.4,Ireland,West Indies,NJ O'Brien,JP Bray,IDR Bradshaw,0,0,,,,,,,,,
247477,2006/07,2007-03-23,"Sabina Park, Kingston",1,18.5,Ireland,West Indies,NJ O'Brien,JP Bray,IDR Bradshaw,0,0,,,,,,,,,
247477,2006/07,2007-03-23,"Sabina Park, Kingston",1,18.6,Ireland,West Indies,NJ O'Brien,JP Bray,IDR Bradshaw,2,0,,,,,,,,,
247477,2006/07,2007-03-23,"Sabina Park, Kingston",1,19.1,Ireland,West Indies,JP Bray,NJ O'Brien,JE Taylor,0,0,,,,,,,,,
247477,2006/07,2007-03-23,"Sabina Park, Kingston",1,19.2,Ireland,West Indies,JP Bray,NJ O'Brien,JE Taylor,1,0,,,,,,,,,
247477,2006/07,2007-03-23,"Sabina Park, Kingston",1,19.3,Ireland,West Indies,NJ O'Brien,JP Bray,JE Taylor,0,0,,,,,,,,,
247477,2006/07,2007-03-23,"Sabina Park, Kingston",1,19.4,Ireland,West Indies,NJ O'Brien,JP Bray,JE Taylor,0,0,,,,,,,,,
247477,2006/07,2007-03-23,"Sabina Park, Kingston",1,19.5,Ireland,West Indies,NJ O'Brien,JP Bray,JE Taylor,4,0,,,,,,,,,
247477,2006/07,2007-03-23,"Sabina Park, Kingston",1,19.6,Ireland,West Indies,NJ O'Brien,JP Bray,JE Taylor,0,0,,,,,,,,,
247477,2006/07,2007-03-23,"Sabina Park, Kingston",1,20.1,Ireland,West Indies,JP Bray,NJ O'Brien,IDR Bradshaw,1,0,,,,,,,,,
247477,2006/07,2007-03-23,"Sabina Park, Kingston",1,20.2,Ireland,West Indies,NJ O'Brien,JP Bray,IDR Bradshaw,0,0,,,,,,caught,NJ O'Brien,,
247477,2006/07,2007-03-23,"Sabina Park, Kingston",1,20.3,Ireland,West Indies,AC Botha,JP Bray,IDR Bradshaw,0,0,,,,,,,,,
247477,2006/07,2007-03-23,"Sabina Park, Kingston",1,20.4,Ireland,West Indies,AC Botha,JP Bray,IDR Bradshaw,1,0,,,,,,,,,
247477,2006/07,2007-03-23,"Sabina Park, Kingston",1,20.5,Ireland,West Indies,JP Bray,AC Botha,IDR Bradshaw,0,0,,,,,,,,,
247477,2006/07,2007-03-23,"Sabina Park, Kingston",1,20.6,Ireland,West Indies,JP Bray,AC Botha,IDR Bradshaw,0,0,,,,,,,,,
247477,2006/07,2007-03-23,"Sabina Park, Kingston",1,21.1,Ireland,West Indies,AC Botha,JP Bray,JE Taylor,0,0,,,,,,,,,
247477,2006/07,2007-03-23,"Sabina Park, Kingston",1,21.2,Ireland,West Indies,AC Botha,JP Bray,JE Taylor,0,0,,,,,,,,,
247477,2006/07,2007-03-23,"Sabina Park, Kingston",1,21.3,Ireland,West Indies,AC Botha,JP Bray,JE Taylor,1,0,,,,,,,,,
247477,2006/07,2007-03-23,"Sabina Park, Kingston",1,21.4,Ireland,West Indies,JP Bray,AC Botha,JE Taylor,4,0,,,,,,,,,
247477,2006/07,2007-03-23,"Sabina Park, Kingston",1,21.5,Ireland,West Indies,JP Bray,AC Botha,JE Taylor,0,0,,,,,,,,,
247477,2006/07,2007-03-23,"Sabina Park, Kingston",1,21.6,Ireland,West Indies,JP Bray,AC Botha,JE Taylor,0,0,,,,,,caught,JP Bray,,
247477,2006/07,2007-03-23,"Sabina Park, Kingston",1,22.1,Ireland,West Indies,AC Botha,KJ O'Brien,IDR Bradshaw,0,0,,,,,,,,,
247477,2006/07,2007-03-23,"Sabina Park, Kingston",1,22.2,Ireland,West Indies,AC Botha,KJ O'Brien,IDR Bradshaw,0,0,,,,,,,,,
247477,2006/07,2007-03-23,"Sabina Park, Kingston",1,22.3,Ireland,West Indies,AC Botha,KJ O'Brien,IDR Bradshaw,0,0,,,,,,,,,
247477,2006/07,2007-03-23,"Sabina Park, Kingston",1,22.4,Ireland,West Indies,AC Botha,KJ O'Brien,IDR Bradshaw,4,0,,,,,,,,,
247477,2006/07,2007-03-23,"Sabina Park, Kingston",1,22.5,Ireland,West Indies,AC Botha,KJ O'Brien,IDR Bradshaw,0,0,,,,,,,,,
247477,2006/07,2007-03-23,"Sabina Park, Kingston",1,22.6,Ireland,West Indies,AC Botha,KJ O'Brien,IDR Bradshaw,0,0,,,,,,,,,
247477,2006/07,2007-03-23,"Sabina Park, Kingston",1,23.1,Ireland,West Indies,KJ O'Brien,AC Botha,JE Taylor,0,1,1,,,,,,,,
247477,2006/07,2007-03-23,"Sabina Park, Kingston",1,23.2,Ireland,West Indies,KJ O'Brien,AC Botha,JE Taylor,0,0,,,,,,,,,
247477,2006/07,2007-03-23,"Sabina Park, Kingston",1,23.3,Ireland,West Indies,KJ O'Brien,AC Botha,JE Taylor,0,0,,,,,,,,,
247477,2006/07,2007-03-23,"Sabina Park, Kingston",1,23.4,Ireland,West Indies,KJ O'Brien,AC Botha,JE Taylor,0,0,,,,,,,,,
247477,2006/07,2007-03-23,"Sabina Park, Kingston",1,23.5,Ireland,West Indies,KJ O'Brien,AC Botha,JE Taylor,0,0,,,,,,,,,
247477,2006/07,2007-03-23,"Sabina Park, Kingston",1,23.6,Ireland,West Indies,KJ O'Brien,AC Botha,JE Taylor,1,0,,,,,,,,,
247477,2006/07,2007-03-23,"Sabina Park, Kingston",1,23.7,Ireland,West Indies,AC Botha,KJ O'Brien,JE Taylor,2,0,,,,,,,,,
247477,2006/07,2007-03-23,"Sabina Park, Kingston",1,24.1,Ireland,West Indies,KJ O'Brien,AC Botha,DJ Bravo,1,1,,1,,,,,,,
247477,2006/07,2007-03-23,"Sabina Park, Kingston",1,24.2,Ireland,West Indies,AC Botha,KJ O'Brien,DJ Bravo,0,0,,,,,,,,,
247477,2006/07,2007-03-23,"Sabina Park, Kingston",1,24.3,Ireland,West Indies,AC Botha,KJ O'Brien,DJ Bravo,2,0,,,,,,,,,
247477,2006/07,2007-03-23,"Sabina Park, Kingston",1,24.4,Ireland,West Indies,AC Botha,KJ O'Brien,DJ Bravo,0,0,,,,,,,,,
247477,2006/07,2007-03-23,"Sabina Park, Kingston",1,24.5,Ireland,West Indies,AC Botha,KJ O'Brien,DJ Bravo,0,0,,,,,,,,,
247477,2006/07,2007-03-23,"Sabina Park, Kingston",1,24.6,Ireland,West Indies,AC Botha,KJ O'Brien,DJ Bravo,0,0,,,,,,,,,
247477,2006/07,2007-03-23,"Sabina Park, Kingston",1,24.7,Ireland,West Indies,AC Botha,KJ O'Brien,DJ Bravo,1,0,,,,,,,,,
247477,2006/07,2007-03-23,"Sabina Park, Kingston",1,25.1,Ireland,West Indies,AC Botha,KJ O'Brien,CH Gayle,0,0,,,,,,,,,
247477,2006/07,2007-03-23,"Sabina Park, Kingston",1,25.2,Ireland,West Indies,AC Botha,KJ O'Brien,CH Gayle,0,0,,,,,,,,,
247477,2006/07,2007-03-23,"Sabina Park, Kingston",1,25.3,Ireland,West Indies,AC Botha,KJ O'Brien,CH Gayle,1,0,,,,,,,,,
247477,2006/07,2007-03-23,"Sabina Park, Kingston",1,25.4,Ireland,West Indies,KJ O'Brien,AC Botha,CH Gayle,0,0,,,,,,,,,
247477,2006/07,2007-03-23,"Sabina Park, Kingston",1,25.5,Ireland,West Indies,KJ O'Brien,AC Botha,CH Gayle,1,0,,,,,,,,,
247477,2006/07,2007-03-23,"Sabina Park, Kingston",1,25.6,Ireland,West Indies,AC Botha,KJ O'Brien,CH Gayle,0,0,,,,,,,,,
247477,2006/07,2007-03-23,"Sabina Park, Kingston",1,26.1,Ireland,West Indies,KJ O'Brien,AC Botha,DJ Bravo,1,0,,,,,,,,,
247477,2006/07,2007-03-23,"Sabina Park, Kingston",1,26.2,Ireland,West Indies,AC Botha,KJ O'Brien,DJ Bravo,0,0,,,,,,,,,
247477,2006/07,2007-03-23,"Sabina Park, Kingston",1,26.3,Ireland,West Indies,AC Botha,KJ O'Brien,DJ Bravo,1,0,,,,,,,,,
247477,2006/07,2007-03-23,"Sabina Park, Kingston",1,26.4,Ireland,West Indies,KJ O'Brien,AC Botha,DJ Bravo,0,0,,,,,,,,,
247477,2006/07,2007-03-23,"Sabina Park, Kingston",1,26.5,Ireland,West Indies,KJ O'Brien,AC Botha,DJ Bravo,0,1,,,,1,,,,,
247477,2006/07,2007-03-23,"Sabina Park, Kingston",1,26.6,Ireland,West Indies,AC Botha,KJ O'Brien,DJ Bravo,0,0,,,,,,,,,
247477,2006/07,2007-03-23,"Sabina Park, Kingston",1,27.1,Ireland,West Indies,KJ O'Brien,AC Botha,CH Gayle,0,0,,,,,,,,,
247477,2006/07,2007-03-23,"Sabina Park, Kingston",1,27.2,Ireland,West Indies,KJ O'Brien,AC Botha,CH Gayle,0,0,,,,,,,,,
247477,2006/07,2007-03-23,"Sabina Park, Kingston",1,27.3,Ireland,West Indies,KJ O'Brien,AC Botha,CH Gayle,0,0,,,,,,,,,
247477,2006/07,2007-03-23,"Sabina Park, Kingston",1,27.4,Ireland,West Indies,KJ O'Brien,AC Botha,CH Gayle,1,0,,,,,,,,,
247477,2006/07,2007-03-23,"Sabina Park, Kingston",1,27.5,Ireland,West Indies,AC Botha,KJ O'Brien,CH Gayle,0,0,,,,,,,,,
247477,2006/07,2007-03-23,"Sabina Park, Kingston",1,27.6,Ireland,West Indies,AC Botha,KJ O'Brien,CH Gayle,0,0,,,,,,,,,
247477,2006/07,2007-03-23,"Sabina Park, Kingston",1,28.1,Ireland,West Indies,KJ O'Brien,AC Botha,DJ Bravo,0,0,,,,,,,,,
247477,2006/07,2007-03-23,"Sabina Park, Kingston",1,28.2,Ireland,West Indies,KJ O'Brien,AC Botha,DJ Bravo,0,0,,,,,,,,,
247477,2006/07,2007-03-23,"Sabina Park, Kingston",1,28.3,Ireland,West Indies,KJ O'Brien,AC Botha,DJ Bravo,0,0,,,,,,,,,
247477,2006/07,2007-03-23,"Sabina Park, Kingston",1,28.4,Ireland,West Indies,KJ O'Brien,AC Botha,DJ Bravo,0,0,,,,,,,,,
247477,2006/07,2007-03-23,"Sabina Park, Kingston",1,28.5,Ireland,West Indies,KJ O'Brien,AC Botha,DJ Bravo,0,0,,,,,,,,,
247477,2006/07,2007-03-23,"Sabina Park, Kingston",1,28.6,Ireland,West Indies,KJ O'Brien,AC Botha,DJ Bravo,0,1,,,,1,,,,,
247477,2006/07,2007-03-23,"Sabina Park, Kingston",1,29.1,Ireland,West Indies,KJ O'Brien,AC Botha,CH Gayle,0,0,,,,,,,,,
247477,2006/07,2007-03-23,"Sabina Park, Kingston",1,29.2,Ireland,West Indies,KJ O'Brien,AC Botha,CH Gayle,0,0,,,,,,,,,
247477,2006/07,2007-03-23,"Sabina Park, Kingston",1,29.3,Ireland,West Indies,KJ O'Brien,AC Botha,CH Gayle,0,0,,,,,,,,,
247477,2006/07,2007-03-23,"Sabina Park, Kingston",1,29.4,Ireland,West Indies,KJ O'Brien,AC Botha,CH Gayle,0,0,,,,,,,,,
247477,2006/07,2007-03-23,"Sabina Park, Kingston",1,29.5,Ireland,West Indies,KJ O'Brien,AC Botha,CH Gayle,1,0,,,,,,,,,
247477,2006/07,2007-03-23,"Sabina Park, Kingston",1,29.6,Ireland,West Indies,AC Botha,KJ O'Brien,CH Gayle,1,0,,,,,,,,,
247477,2006/07,2007-03-23,"Sabina Park, Kingston",1,30.1,Ireland,West Indies,AC Botha,KJ O'Brien,DJ Bravo,0,0,,,,,,,,,
247477,2006/07,2007-03-23,"Sabina Park, Kingston",1,30.2,Ireland,West Indies,AC Botha,KJ O'Brien,DJ Bravo,6,0,,,,,,,,,
247477,2006/07,2007-03-23,"Sabina Park, Kingston",1,30.3,Ireland,West Indies,AC Botha,KJ O'Brien,DJ Bravo,0,1,,,,1,,,,,
247477,2006/07,2007-03-23,"Sabina Park, Kingston",1,30.4,Ireland,West Indies,KJ O'Brien,AC Botha,DJ Bravo,0,0,,,,,,,,,
247477,2006/07,2007-03-23,"Sabina Park, Kingston",1,30.5,Ireland,West Indies,KJ O'Brien,AC Botha,DJ Bravo,0,0,,,,,,,,,
247477,2006/07,2007-03-23,"Sabina Park, Kingston",1,30.6,Ireland,West Indies,KJ O'Brien,AC Botha,DJ Bravo,0,0,,,,,,,,,
247477,2006/07,2007-03-23,"Sabina Park, Kingston",1,31.1,Ireland,West Indies,AC Botha,KJ O'Brien,CH Gayle,1,0,,,,,,,,,
247477,2006/07,2007-03-23,"Sabina Park, Kingston",1,31.2,Ireland,West Indies,KJ O'Brien,AC Botha,CH Gayle,0,0,,,,,,,,,
247477,2006/07,2007-03-23,"Sabina Park, Kingston",1,31.3,Ireland,West Indies,KJ O'Brien,AC Botha,CH Gayle,0,0,,,,,,,,,
247477,2006/07,2007-03-23,"Sabina Park, Kingston",1,31.4,Ireland,West Indies,KJ O'Brien,AC Botha,CH Gayle,1,0,,,,,,,,,
247477,2006/07,2007-03-23,"Sabina Park, Kingston",1,31.5,Ireland,West Indies,AC Botha,KJ O'Brien,CH Gayle,1,0,,,,,,,,,
247477,2006/07,2007-03-23,"Sabina Park, Kingston",1,31.6,Ireland,West Indies,KJ O'Brien,AC Botha,CH Gayle,1,0,,,,,,,,,
247477,2006/07,2007-03-23,"Sabina Park, Kingston",1,32.1,Ireland,West Indies,KJ O'Brien,AC Botha,DJ Bravo,4,0,,,,,,,,,
247477,2006/07,2007-03-23,"Sabina Park, Kingston",1,32.2,Ireland,West Indies,KJ O'Brien,AC Botha,DJ Bravo,0,0,,,,,,,,,
247477,2006/07,2007-03-23,"Sabina Park, Kingston",1,32.3,Ireland,West Indies,KJ O'Brien,AC Botha,DJ Bravo,1,0,,,,,,,,,
247477,2006/07,2007-03-23,"Sabina Park, Kingston",1,32.4,Ireland,West Indies,AC Botha,KJ O'Brien,DJ Bravo,0,0,,,,,,,,,
247477,2006/07,2007-03-23,"Sabina Park, Kingston",1,32.5,Ireland,West Indies,AC Botha,KJ O'Brien,DJ Bravo,0,1,1,,,,,,,,
247477,2006/07,2007-03-23,"Sabina Park, Kingston",1,32.6,Ireland,West Indies,AC Botha,KJ O'Brien,DJ Bravo,0,0,,,,,,,,,
247477,2006/07,2007-03-23,"Sabina Park, Kingston",1,32.7,Ireland,West Indies,AC Botha,KJ O'Brien,DJ Bravo,0,0,,,,,,,,,
247477,2006/07,2007-03-23,"Sabina Park, Kingston",1,33.1,Ireland,West Indies,KJ O'Brien,AC Botha,CH Gayle,0,0,,,,,,,,,
247477,2006/07,2007-03-23,"Sabina Park, Kingston",1,33.2,Ireland,West Indies,KJ O'Brien,AC Botha,CH Gayle,1,0,,,,,,,,,
247477,2006/07,2007-03-23,"Sabina Park, Kingston",1,33.3,Ireland,West Indies,AC Botha,KJ O'Brien,CH Gayle,1,0,,,,,,,,,
247477,2006/07,2007-03-23,"Sabina Park, Kingston",1,33.4,Ireland,West Indies,KJ O'Brien,AC Botha,CH Gayle,0,0,,,,,,,,,
247477,2006/07,2007-03-23,"Sabina Park, Kingston",1,33.5,Ireland,West Indies,KJ O'Brien,AC Botha,CH Gayle,0,0,,,,,,,,,
247477,2006/07,2007-03-23,"Sabina Park, Kingston",1,33.6,Ireland,West Indies,KJ O'Brien,AC Botha,CH Gayle,1,0,,,,,,,,,
247477,2006/07,2007-03-23,"Sabina Park, Kingston",1,34.1,Ireland,West Indies,KJ O'Brien,AC Botha,MN Samuels,0,0,,,,,,,,,
247477,2006/07,2007-03-23,"Sabina Park, Kingston",1,34.2,Ireland,West Indies,KJ O'Brien,AC Botha,MN Samuels,0,0,,,,,,,,,
247477,2006/07,2007-03-23,"Sabina Park, Kingston",1,34.3,Ireland,West Indies,KJ O'Brien,AC Botha,MN Samuels,1,0,,,,,,,,,
247477,2006/07,2007-03-23,"Sabina Park, Kingston",1,34.4,Ireland,West Indies,AC Botha,KJ O'Brien,MN Samuels,1,0,,,,,,,,,
247477,2006/07,2007-03-23,"Sabina Park, Kingston",1,34.5,Ireland,West Indies,KJ O'Brien,AC Botha,MN Samuels,1,0,,,,,,,,,
247477,2006/07,2007-03-23,"Sabina Park, Kingston",1,34.6,Ireland,West Indies,AC Botha,KJ O'Brien,MN Samuels,1,0,,,,,,,,,
247477,2006/07,2007-03-23,"Sabina Park, Kingston",1,35.1,Ireland,West Indies,AC Botha,KJ O'Brien,CH Gayle,0,0,,,,,,,,,
247477,2006/07,2007-03-23,"Sabina Park, Kingston",1,35.2,Ireland,West Indies,AC Botha,KJ O'Brien,CH Gayle,0,0,,,,,,,,,
247477,2006/07,2007-03-23,"Sabina Park, Kingston",1,35.3,Ireland,West Indies,AC Botha,KJ O'Brien,CH Gayle,1,0,,,,,,,,,
247477,2006/07,2007-03-23,"Sabina Park, Kingston",1,35.4,Ireland,West Indies,KJ O'Brien,AC Botha,CH Gayle,0,0,,,,,,caught,KJ O'Brien,,
247477,2006/07,2007-03-23,"Sabina Park, Kingston",1,35.5,Ireland,West Indies,AC Botha,AR White,CH Gayle,0,0,,,,,,,,,
247477,2006/07,2007-03-23,"Sabina Park, Kingston",1,35.6,Ireland,West Indies,AC Botha,AR White,CH Gayle,0,0,,,,,,,,,
247477,2006/07,2007-03-23,"Sabina Park, Kingston",1,36.1,Ireland,West Indies,AR White,AC Botha,JE Taylor,2,0,,,,,,,,,
247477,2006/07,2007-03-23,"Sabina Park, Kingston",1,36.2,Ireland,West Indies,AR White,AC Botha,JE Taylor,0,0,,,,,,,,,
247477,2006/07,2007-03-23,"Sabina Park, Kingston",1,36.3,Ireland,West Indies,AR White,AC Botha,JE Taylor,0,0,,,,,,,,,
247477,2006/07,2007-03-23,"Sabina Park, Kingston",1,36.4,Ireland,West Indies,AR White,AC Botha,JE Taylor,1,0,,,,,,,,,
247477,2006/07,2007-03-23,"Sabina Park, Kingston",1,36.5,Ireland,West Indies,AC Botha,AR White,JE Taylor,0,1,,,,1,,,,,
247477,2006/07,2007-03-23,"Sabina Park, Kingston",1,36.6,Ireland,West Indies,AR White,AC Botha,JE Taylor,0,0,,,,,,,,,
247477,2006/07,2007-03-23,"Sabina Park, Kingston",1,37.1,Ireland,West Indies,AC Botha,AR White,CH Gayle,0,1,1,,,,,,,,
247477,2006/07,2007-03-23,"Sabina Park, Kingston",1,37.2,Ireland,West Indies,AC Botha,AR White,CH Gayle,0,0,,,,,,,,,
247477,2006/07,2007-03-23,"Sabina Park, Kingston",1,37.3,Ireland,West Indies,AC Botha,AR White,CH Gayle,0,0,,,,,,,,,
247477,2006/07,2007-03-23,"Sabina Park, Kingston",1,37.4,Ireland,West Indies,AC Botha,AR White,CH Gayle,1,0,,,,,,,,,
247477,2006/07,2007-03-23,"Sabina Park, Kingston",1,37.5,Ireland,West Indies,AR White,AC Botha,CH Gayle,1,0,,,,,,,,,
247477,2006/07,2007-03-23,"Sabina Park, Kingston",1,37.6,Ireland,West Indies,AC Botha,AR White,CH Gayle,0,0,,,,,,,,,
247477,2006/07,2007-03-23,"Sabina Park, Kingston",1,37.7,Ireland,West Indies,AC Botha,AR White,CH Gayle,0,0,,,,,,,,,
247477,2006/07,2007-03-23,"Sabina Park, Kingston",1,38.1,Ireland,West Indies,AR White,AC Botha,JE Taylor,0,1,1,,,,,,,,
247477,2006/07,2007-03-23,"Sabina Park, Kingston",1,38.2,Ireland,West Indies,AR White,AC Botha,JE Taylor,1,0,,,,,,,,,
247477,2006/07,2007-03-23,"Sabina Park, Kingston",1,38.3,Ireland,West Indies,AC Botha,AR White,JE Taylor,0,0,,,,,,,,,
247477,2006/07,2007-03-23,"Sabina Park, Kingston",1,38.4,Ireland,West Indies,AC Botha,AR White,JE Taylor,0,0,,,,,,,,,
247477,2006/07,2007-03-23,"Sabina Park, Kingston",1,38.5,Ireland,West Indies,AC Botha,AR White,JE Taylor,0,0,,,,,,,,,
247477,2006/07,2007-03-23,"Sabina Park, Kingston",1,38.6,Ireland,West Indies,AC Botha,AR White,JE Taylor,1,0,,,,,,,,,
247477,2006/07,2007-03-23,"Sabina Park, Kingston",1,38.7,Ireland,West Indies,AR White,AC Botha,JE Taylor,0,0,,,,,,,,,
247477,2006/07,2007-03-23,"Sabina Park, Kingston",1,39.1,Ireland,West Indies,AC Botha,AR White,CH Gayle,0,0,,,,,,,,,
247477,2006/07,2007-03-23,"Sabina Park, Kingston",1,39.2,Ireland,West Indies,AC Botha,AR White,CH Gayle,0,0,,,,,,caught,AC Botha,,
247477,2006/07,2007-03-23,"Sabina Park, Kingston",1,39.3,Ireland,West Indies,AR White,WK McCallan,CH Gayle,0,0,,,,,,,,,
247477,2006/07,2007-03-23,"Sabina Park, Kingston",1,39.4,Ireland,West Indies,AR White,WK McCallan,CH Gayle,1,0,,,,,,,,,
247477,2006/07,2007-03-23,"Sabina Park, Kingston",1,39.5,Ireland,West Indies,WK McCallan,AR White,CH Gayle,0,0,,,,,,,,,
247477,2006/07,2007-03-23,"Sabina Park, Kingston",1,39.6,Ireland,West Indies,WK McCallan,AR White,CH Gayle,1,0,,,,,,,,,
247477,2006/07,2007-03-23,"Sabina Park, Kingston",1,40.1,Ireland,West Indies,WK McCallan,AR White,MN Samuels,0,0,,,,,,,,,
247477,2006/07,2007-03-23,"Sabina Park, Kingston",1,40.2,Ireland,West Indies,WK McCallan,AR White,MN Samuels,1,0,,,,,,,,,
247477,2006/07,2007-03-23,"Sabina Park, Kingston",1,40.3,Ireland,West Indies,AR White,WK McCallan,MN Samuels,1,0,,,,,,,,,
247477,2006/07,2007-03-23,"Sabina Park, Kingston",1,40.4,Ireland,West Indies,WK McCallan,AR White,MN Samuels,4,0,,,,,,,,,
247477,2006/07,2007-03-23,"Sabina Park, Kingston",1,40.5,Ireland,West Indies,WK McCallan,AR White,MN Samuels,0,0,,,,,,,,,
247477,2006/07,2007-03-23,"Sabina Park, Kingston",1,40.6,Ireland,West Indies,WK McCallan,AR White,MN Samuels,0,0,,,,,,,,,
247477,2006/07,2007-03-23,"Sabina Park, Kingston",1,41.1,Ireland,West Indies,AR White,WK McCallan,CH Gayle,0,0,,,,,,,,,
247477,2006/07,2007-03-23,"Sabina Park, Kingston",1,41.2,Ireland,West Indies,AR White,WK McCallan,CH Gayle,0,0,,,,,,,,,
247477,2006/07,2007-03-23,"Sabina Park, Kingston",1,41.3,Ireland,West Indies,AR White,WK McCallan,CH Gayle,1,0,,,,,,,,,
247477,2006/07,2007-03-23,"Sabina Park, Kingston",1,41.4,Ireland,West Indies,WK McCallan,AR White,CH Gayle,0,0,,,,,,,,,
247477,2006/07,2007-03-23,"Sabina Park, Kingston",1,41.5,Ireland,West Indies,WK McCallan,AR White,CH Gayle,1,0,,,,,,,,,
247477,2006/07,2007-03-23,"Sabina Park, Kingston",1,41.6,Ireland,West Indies,AR White,WK McCallan,CH Gayle,0,0,,,,,,,,,
247477,2006/07,2007-03-23,"Sabina Park, Kingston",1,42.1,Ireland,West Indies,WK McCallan,AR White,MN Samuels,1,0,,,,,,,,,
247477,2006/07,2007-03-23,"Sabina Park, Kingston",1,42.2,Ireland,West Indies,AR White,WK McCallan,MN Samuels,1,0,,,,,,,,,
247477,2006/07,2007-03-23,"Sabina Park, Kingston",1,42.3,Ireland,West Indies,WK McCallan,AR White,MN Samuels,0,0,,,,,,,,,
247477,2006/07,2007-03-23,"Sabina Park, Kingston",1,42.4,Ireland,West Indies,WK McCallan,AR White,MN Samuels,1,0,,,,,,,,,
247477,2006/07,2007-03-23,"Sabina Park, Kingston",1,42.5,Ireland,West Indies,AR White,WK McCallan,MN Samuels,0,0,,,,,,,,,
247477,2006/07,2007-03-23,"Sabina Park, Kingston",1,42.6,Ireland,West Indies,AR White,WK McCallan,MN Samuels,1,0,,,,,,,,,
247477,2006/07,2007-03-23,"Sabina Park, Kingston",1,43.1,Ireland,West Indies,AR White,WK McCallan,CH Gayle,0,0,,,,,,,,,
247477,2006/07,2007-03-23,"Sabina Park, Kingston",1,43.2,Ireland,West Indies,AR White,WK McCallan,CH Gayle,1,0,,,,,,,,,
247477,2006/07,2007-03-23,"Sabina Park, Kingston",1,43.3,Ireland,West Indies,WK McCallan,AR White,CH Gayle,0,0,,,,,,,,,
247477,2006/07,2007-03-23,"Sabina Park, Kingston",1,43.4,Ireland,West Indies,WK McCallan,AR White,CH Gayle,0,0,,,,,,,,,
247477,2006/07,2007-03-23,"Sabina Park, Kingston",1,43.5,Ireland,West Indies,WK McCallan,AR White,CH Gayle,1,0,,,,,,,,,
247477,2006/07,2007-03-23,"Sabina Park, Kingston",1,43.6,Ireland,West Indies,AR White,WK McCallan,CH Gayle,1,0,,,,,,,,,
247477,2006/07,2007-03-23,"Sabina Park, Kingston",1,44.1,Ireland,West Indies,AR White,WK McCallan,MN Samuels,0,0,,,,,,,,,
247477,2006/07,2007-03-23,"Sabina Park, Kingston",1,44.2,Ireland,West Indies,AR White,WK McCallan,MN Samuels,0,0,,,,,,,,,
247477,2006/07,2007-03-23,"Sabina Park, Kingston",1,44.3,Ireland,West Indies,AR White,WK McCallan,MN Samuels,0,0,,,,,,,,,
247477,2006/07,2007-03-23,"Sabina Park, Kingston",1,44.4,Ireland,West Indies,AR White,WK McCallan,MN Samuels,1,0,,,,,,,,,
247477,2006/07,2007-03-23,"Sabina Park, Kingston",1,44.5,Ireland,West Indies,WK McCallan,AR White,MN Samuels,0,0,,,,,,,,,
247477,2006/07,2007-03-23,"Sabina Park, Kingston",1,44.6,Ireland,West Indies,WK McCallan,AR White,MN Samuels,0,0,,,,,,,,,
247477,2006/07,2007-03-23,"Sabina Park, Kingston",1,45.1,Ireland,West Indies,AR White,WK McCallan,DJ Bravo,2,0,,,,,,,,,
247477,2006/07,2007-03-23,"Sabina Park, Kingston",1,45.2,Ireland,West Indies,AR White,WK McCallan,DJ Bravo,2,0,,,,,,,,,
247477,2006/07,2007-03-23,"Sabina Park, Kingston",1,45.3,Ireland,West Indies,AR White,WK McCallan,DJ Bravo,1,0,,,,,,,,,
247477,2006/07,2007-03-23,"Sabina Park, Kingston",1,45.4,Ireland,West Indies,WK McCallan,AR White,DJ Bravo,1,0,,,,,,,,,
247477,2006/07,2007-03-23,"Sabina Park, Kingston",1,45.5,Ireland,West Indies,AR White,WK McCallan,DJ Bravo,0,0,,,,,,bowled,AR White,,
247477,2006/07,2007-03-23,"Sabina Park, Kingston",1,45.6,Ireland,West Indies,JF Mooney,WK McCallan,DJ Bravo,0,0,,,,,,caught,JF Mooney,,
247477,2006/07,2007-03-23,"Sabina Park, Kingston",1,46.1,Ireland,West Indies,WK McCallan,D Langford-Smith,MN Samuels,1,0,,,,,,,,,
247477,2006/07,2007-03-23,"Sabina Park, Kingston",1,46.2,Ireland,West Indies,D Langford-Smith,WK McCallan,MN Samuels,1,0,,,,,,,,,
247477,2006/07,2007-03-23,"Sabina Park, Kingston",1,46.3,Ireland,West Indies,WK McCallan,D Langford-Smith,MN Samuels,1,0,,,,,,,,,
247477,2006/07,2007-03-23,"Sabina Park, Kingston",1,46.4,Ireland,West Indies,D Langford-Smith,WK McCallan,MN Samuels,0,0,,,,,,,,,
247477,2006/07,2007-03-23,"Sabina Park, Kingston",1,46.5,Ireland,West Indies,D Langford-Smith,WK McCallan,MN Samuels,4,0,,,,,,,,,
247477,2006/07,2007-03-23,"Sabina Park, Kingston",1,46.6,Ireland,West Indies,D Langford-Smith,WK McCallan,MN Samuels,1,0,,,,,,,,,
247477,2006/07,2007-03-23,"Sabina Park, Kingston",1,47.1,Ireland,West Indies,D Langford-Smith,WK McCallan,DJ Bravo,0,1,,,,1,,,,,
247477,2006/07,2007-03-23,"Sabina Park, Kingston",1,47.2,Ireland,West Indies,WK McCallan,D Langford-Smith,DJ Bravo,1,0,,,,,,,,,
247477,2006/07,2007-03-23,"Sabina Park, Kingston",1,47.3,Ireland,West Indies,D Langford-Smith,WK McCallan,DJ Bravo,2,0,,,,,,,,,
247477,2006/07,2007-03-23,"Sabina Park, Kingston",1,47.4,Ireland,West Indies,D Langford-Smith,WK McCallan,DJ Bravo,0,1,,,,1,,,,,
247477,2006/07,2007-03-23,"Sabina Park, Kingston",1,47.5,Ireland,West Indies,WK McCallan,D Langford-Smith,DJ Bravo,0,0,,,,,,,,,
247477,2006/07,2007-03-23,"Sabina Park, Kingston",1,47.6,Ireland,West Indies,WK McCallan,D Langford-Smith,DJ Bravo,4,1,,1,,,,,,,
247477,2006/07,2007-03-23,"Sabina Park, Kingston",1,47.7,Ireland,West Indies,WK McCallan,D Langford-Smith,DJ Bravo,2,0,,,,,,,,,
247477,2006/07,2007-03-23,"Sabina Park, Kingston",2,0.1,West Indies,Ireland,CH Gayle,S Chanderpaul,D Langford-Smith,0,1,1,,,,,,,,
247477,2006/07,2007-03-23,"Sabina Park, Kingston",2,0.2,West Indies,Ireland,CH Gayle,S Chanderpaul,D Langford-Smith,0,0,,,,,,,,,
247477,2006/07,2007-03-23,"Sabina Park, Kingston",2,0.3,West Indies,Ireland,CH Gayle,S Chanderpaul,D Langford-Smith,1,0,,,,,,,,,
247477,2006/07,2007-03-23,"Sabina Park, Kingston",2,0.4,West Indies,Ireland,S Chanderpaul,CH Gayle,D Langford-Smith,0,0,,,,,,,,,
247477,2006/07,2007-03-23,"Sabina Park, Kingston",2,0.5,West Indies,Ireland,S Chanderpaul,CH Gayle,D Langford-Smith,0,0,,,,,,,,,
247477,2006/07,2007-03-23,"Sabina Park, Kingston",2,0.6,West Indies,Ireland,S Chanderpaul,CH Gayle,D Langford-Smith,1,0,,,,,,,,,
247477,2006/07,2007-03-23,"Sabina Park, Kingston",2,0.7,West Indies,Ireland,CH Gayle,S Chanderpaul,D Langford-Smith,0,0,,,,,,,,,
247477,2006/07,2007-03-23,"Sabina Park, Kingston",2,1.1,West Indies,Ireland,S Chanderpaul,CH Gayle,WB Rankin,1,0,,,,,,,,,
247477,2006/07,2007-03-23,"Sabina Park, Kingston",2,1.2,West Indies,Ireland,CH Gayle,S Chanderpaul,WB Rankin,4,0,,,,,,,,,
247477,2006/07,2007-03-23,"Sabina Park, Kingston",2,1.3,West Indies,Ireland,CH Gayle,S Chanderpaul,WB Rankin,1,0,,,,,,,,,
247477,2006/07,2007-03-23,"Sabina Park, Kingston",2,1.4,West Indies,Ireland,S Chanderpaul,CH Gayle,WB Rankin,0,0,,,,,,,,,
247477,2006/07,2007-03-23,"Sabina Park, Kingston",2,1.5,West Indies,Ireland,S Chanderpaul,CH Gayle,WB Rankin,0,0,,,,,,,,,
247477,2006/07,2007-03-23,"Sabina Park, Kingston",2,1.6,West Indies,Ireland,S Chanderpaul,CH Gayle,WB Rankin,0,0,,,,,,,,,
247477,2006/07,2007-03-23,"Sabina Park, Kingston",2,2.1,West Indies,Ireland,CH Gayle,S Chanderpaul,D Langford-Smith,1,0,,,,,,,,,
247477,2006/07,2007-03-23,"Sabina Park, Kingston",2,2.2,West Indies,Ireland,S Chanderpaul,CH Gayle,D Langford-Smith,0,0,,,,,,,,,
247477,2006/07,2007-03-23,"Sabina Park, Kingston",2,2.3,West Indies,Ireland,S Chanderpaul,CH Gayle,D Langford-Smith,0,1,1,,,,,,,,
247477,2006/07,2007-03-23,"Sabina Park, Kingston",2,2.4,West Indies,Ireland,S Chanderpaul,CH Gayle,D Langford-Smith,2,0,,,,,,,,,
247477,2006/07,2007-03-23,"Sabina Park, Kingston",2,2.5,West Indies,Ireland,S Chanderpaul,CH Gayle,D Langford-Smith,0,0,,,,,,,,,
247477,2006/07,2007-03-23,"Sabina Park, Kingston",2,2.6,West Indies,Ireland,S Chanderpaul,CH Gayle,D Langford-Smith,0,0,,,,,,,,,
247477,2006/07,2007-03-23,"Sabina Park, Kingston",2,2.7,West Indies,Ireland,S Chanderpaul,CH Gayle,D Langford-Smith,0,0,,,,,,,,,
247477,2006/07,2007-03-23,"Sabina Park, Kingston",2,3.1,West Indies,Ireland,CH Gayle,S Chanderpaul,WB Rankin,0,0,,,,,,,,,
247477,2006/07,2007-03-23,"Sabina Park, Kingston",2,3.2,West Indies,Ireland,CH Gayle,S Chanderpaul,WB Rankin,0,0,,,,,,,,,
247477,2006/07,2007-03-23,"Sabina Park, Kingston",2,3.3,West Indies,Ireland,CH Gayle,S Chanderpaul,WB Rankin,4,0,,,,,,,,,
247477,2006/07,2007-03-23,"Sabina Park, Kingston",2,3.4,West Indies,Ireland,CH Gayle,S Chanderpaul,WB Rankin,2,0,,,,,,,,,
247477,2006/07,2007-03-23,"Sabina Park, Kingston",2,3.5,West Indies,Ireland,CH Gayle,S Chanderpaul,WB Rankin,1,0,,,,,,,,,
247477,2006/07,2007-03-23,"Sabina Park, Kingston",2,3.6,West Indies,Ireland,S Chanderpaul,CH Gayle,WB Rankin,0,0,,,,,,,,,
247477,2006/07,2007-03-23,"Sabina Park, Kingston",2,4.1,West Indies,Ireland,CH Gayle,S Chanderpaul,D Langford-Smith,0,0,,,,,,,,,
247477,2006/07,2007-03-23,"Sabina Park, Kingston",2,4.2,West Indies,Ireland,CH Gayle,S Chanderpaul,D Langford-Smith,4,0,,,,,,,,,
247477,2006/07,2007-03-23,"Sabina Park, Kingston",2,4.3,West Indies,Ireland,CH Gayle,S Chanderpaul,D Langford-Smith,0,0,,,,,,caught,CH Gayle,,
247477,2006/07,2007-03-23,"Sabina Park, Kingston",2,4.4,West Indies,Ireland,S Chanderpaul,RR Sarwan,D Langford-Smith,0,0,,,,,,,,,
247477,2006/07,2007-03-23,"Sabina Park, Kingston",2,4.5,West Indies,Ireland,S Chanderpaul,RR Sarwan,D Langford-Smith,0,0,,,,,,,,,
247477,2006/07,2007-03-23,"Sabina Park, Kingston",2,4.6,West Indies,Ireland,S Chanderpaul,RR Sarwan,D Langford-Smith,0,0,,,,,,,,,
247477,2006/07,2007-03-23,"Sabina Park, Kingston",2,5.1,West Indies,Ireland,RR Sarwan,S Chanderpaul,WB Rankin,0,1,1,,,,,,,,
247477,2006/07,2007-03-23,"Sabina Park, Kingston",2,5.2,West Indies,Ireland,RR Sarwan,S Chanderpaul,WB Rankin,0,0,,,,,,,,,
247477,2006/07,2007-03-23,"Sabina Park, Kingston",2,5.3,West Indies,Ireland,RR Sarwan,S Chanderpaul,WB Rankin,0,1,1,,,,,,,,
247477,2006/07,2007-03-23,"Sabina Park, Kingston",2,5.4,West Indies,Ireland,RR Sarwan,S Chanderpaul,WB Rankin,1,0,,,,,,,,,
247477,2006/07,2007-03-23,"Sabina Park, Kingston",2,5.5,West Indies,Ireland,S Chanderpaul,RR Sarwan,WB Rankin,1,0,,,,,,,,,
247477,2006/07,2007-03-23,"Sabina Park, Kingston",2,5.6,West Indies,Ireland,RR Sarwan,S Chanderpaul,WB Rankin,1,0,,,,,,,,,
247477,2006/07,2007-03-23,"Sabina Park, Kingston",2,5.7,West Indies,Ireland,S Chanderpaul,RR Sarwan,WB Rankin,0,0,,,,,,,,,
247477,2006/07,2007-03-23,"Sabina Park, Kingston",2,5.8,West Indies,Ireland,S Chanderpaul,RR Sarwan,WB Rankin,0,0,,,,,,,,,
247477,2006/07,2007-03-23,"Sabina Park, Kingston",2,6.1,West Indies,Ireland,RR Sarwan,S Chanderpaul,D Langford-Smith,0,0,,,,,,,,,
247477,2006/07,2007-03-23,"Sabina Park, Kingston",2,6.2,West Indies,Ireland,RR Sarwan,S Chanderpaul,D Langford-Smith,0,0,,,,,,,,,
247477,2006/07,2007-03-23,"Sabina Park, Kingston",2,6.3,West Indies,Ireland,RR Sarwan,S Chanderpaul,D Langford-Smith,0,0,,,,,,,,,
247477,2006/07,2007-03-23,"Sabina Park, Kingston",2,6.4,West Indies,Ireland,RR Sarwan,S Chanderpaul,D Langford-Smith,0,0,,,,,,,,,
247477,2006/07,2007-03-23,"Sabina Park, Kingston",2,6.5,West Indies,Ireland,RR Sarwan,S Chanderpaul,D Langford-Smith,0,0,,,,,,,,,
247477,2006/07,2007-03-23,"Sabina Park, Kingston",2,6.6,West Indies,Ireland,RR Sarwan,S Chanderpaul,D Langford-Smith,0,0,,,,,,,,,
247477,2006/07,2007-03-23,"Sabina Park, Kingston",2,7.1,West Indies,Ireland,S Chanderpaul,RR Sarwan,WB Rankin,0,0,,,,,,,,,
247477,2006/07,2007-03-23,"Sabina Park, Kingston",2,7.2,West Indies,Ireland,S Chanderpaul,RR Sarwan,WB Rankin,1,0,,,,,,,,,
247477,2006/07,2007-03-23,"Sabina Park, Kingston",2,7.3,West Indies,Ireland,RR Sarwan,S Chanderpaul,WB Rankin,0,0,,,,,,,,,
247477,2006/07,2007-03-23,"Sabina Park, Kingston",2,7.4,West Indies,Ireland,RR Sarwan,S Chanderpaul,WB Rankin,1,0,,,,,,,,,
247477,2006/07,2007-03-23,"Sabina Park, Kingston",2,7.5,West Indies,Ireland,S Chanderpaul,RR Sarwan,WB Rankin,1,0,,,,,,,,,
247477,2006/07,2007-03-23,"Sabina Park, Kingston",2,7.6,West Indies,Ireland,RR Sarwan,S Chanderpaul,WB Rankin,0,0,,,,,,,,,
247477,2006/07,2007-03-23,"Sabina Park, Kingston",2,8.1,West Indies,Ireland,S Chanderpaul,RR Sarwan,D Langford-Smith,4,0,,,,,,,,,
247477,2006/07,2007-03-23,"Sabina Park, Kingston",2,8.2,West Indies,Ireland,S Chanderpaul,RR Sarwan,D Langford-Smith,0,0,,,,,,,,,
247477,2006/07,2007-03-23,"Sabina Park, Kingston",2,8.3,West Indies,Ireland,S Chanderpaul,RR Sarwan,D Langford-Smith,0,0,,,,,,,,,
247477,2006/07,2007-03-23,"Sabina Park, Kingston",2,8.4,West Indies,Ireland,S Chanderpaul,RR Sarwan,D Langford-Smith,0,0,,,,,,,,,
247477,2006/07,2007-03-23,"Sabina Park, Kingston",2,8.5,West Indies,Ireland,S Chanderpaul,RR Sarwan,D Langford-Smith,1,0,,,,,,,,,
247477,2006/07,2007-03-23,"Sabina Park, Kingston",2,8.6,West Indies,Ireland,RR Sarwan,S Chanderpaul,D Langford-Smith,0,0,,,,,,,,,
247477,2006/07,2007-03-23,"Sabina Park, Kingston",2,9.1,West Indies,Ireland,S Chanderpaul,RR Sarwan,WB Rankin,0,0,,,,,,,,,
247477,2006/07,2007-03-23,"Sabina Park, Kingston",2,9.2,West Indies,Ireland,S Chanderpaul,RR Sarwan,WB Rankin,4,0,,,,,,,,,
247477,2006/07,2007-03-23,"Sabina Park, Kingston",2,9.3,West Indies,Ireland,S Chanderpaul,RR Sarwan,WB Rankin,4,0,,,,,,,,,
247477,2006/07,2007-03-23,"Sabina Park, Kingston",2,9.4,West Indies,Ireland,S Chanderpaul,RR Sarwan,WB Rankin,4,0,,,,,,,,,
247477,2006/07,2007-03-23,"Sabina Park, Kingston",2,9.5,West Indies,Ireland,S Chanderpaul,RR Sarwan,WB Rankin,4,0,,,,,,,,,
247477,2006/07,2007-03-23,"Sabina Park, Kingston",2,9.6,West Indies,Ireland,S Chanderpaul,RR Sarwan,WB Rankin,1,0,,,,,,,,,
247477,2006/07,2007-03-23,"Sabina Park, Kingston",2,10.1,West Indies,Ireland,S Chanderpaul,RR Sarwan,D Langford-Smith,0,0,,,,,,,,,
247477,2006/07,2007-03-23,"Sabina Park, Kingston",2,10.2,West Indies,Ireland,S Chanderpaul,RR Sarwan,D Langford-Smith,0,0,,,,,,,,,
247477,2006/07,2007-03-23,"Sabina Park, Kingston",2,10.3,West Indies,Ireland,S Chanderpaul,RR Sarwan,D Langford-Smith,2,0,,,,,,,,,
247477,2006/07,2007-03-23,"Sabina Park, Kingston",2,10.4,West Indies,Ireland,S Chanderpaul,RR Sarwan,D Langford-Smith,0,0,,,,,,,,,
247477,2006/07,2007-03-23,"Sabina Park, Kingston",2,10.5,West Indies,Ireland,S Chanderpaul,RR Sarwan,D Langford-Smith,0,0,,,,,,,,,
247477,2006/07,2007-03-23,"Sabina Park, Kingston",2,10.6,West Indies,Ireland,S Chanderpaul,RR Sarwan,D Langford-Smith,0,1,1,,,,,,,,
247477,2006/07,2007-03-23,"Sabina Park, Kingston",2,10.7,West Indies,Ireland,S Chanderpaul,RR Sarwan,D Langford-Smith,1,0,,,,,,,,,
247477,2006/07,2007-03-23,"Sabina Park, Kingston",2,11.1,West Indies,Ireland,S Chanderpaul,RR Sarwan,AC Botha,0,0,,,,,,,,,
247477,2006/07,2007-03-23,"Sabina Park, Kingston",2,11.2,West Indies,Ireland,S Chanderpaul,RR Sarwan,AC Botha,0,0,,,,,,,,,
247477,2006/07,2007-03-23,"Sabina Park, Kingston",2,11.3,West Indies,Ireland,S Chanderpaul,RR Sarwan,AC Botha,0,0,,,,,,,,,
247477,2006/07,2007-03-23,"Sabina Park, Kingston",2,11.4,West Indies,Ireland,S Chanderpaul,RR Sarwan,AC Botha,2,0,,,,,,,,,
247477,2006/07,2007-03-23,"Sabina Park, Kingston",2,11.5,West Indies,Ireland,S Chanderpaul,RR Sarwan,AC Botha,0,0,,,,,,,,,
247477,2006/07,2007-03-23,"Sabina Park, Kingston",2,11.6,West Indies,Ireland,S Chanderpaul,RR Sarwan,AC Botha,0,0,,,,,,,,,
247477,2006/07,2007-03-23,"Sabina Park, Kingston",2,12.1,West Indies,Ireland,RR Sarwan,S Chanderpaul,D Langford-Smith,2,0,,,,,,,,,
247477,2006/07,2007-03-23,"Sabina Park, Kingston",2,12.2,West Indies,Ireland,RR Sarwan,S Chanderpaul,D Langford-Smith,0,0,,,,,,,,,
247477,2006/07,2007-03-23,"Sabina Park, Kingston",2,12.3,West Indies,Ireland,RR Sarwan,S Chanderpaul,D Langford-Smith,0,0,,,,,,,,,
247477,2006/07,2007-03-23,"Sabina Park, Kingston",2,12.4,West Indies,Ireland,RR Sarwan,S Chanderpaul,D Langford-Smith,0,0,,,,,,,,,
247477,2006/07,2007-03-23,"Sabina Park, Kingston",2,12.5,West Indies,Ireland,RR Sarwan,S Chanderpaul,D Langford-Smith,1,0,,,,,,,,,
247477,2006/07,2007-03-23,"Sabina Park, Kingston",2,12.6,West Indies,Ireland,S Chanderpaul,RR Sarwan,D Langford-Smith,0,0,,,,,,,,,
247477,2006/07,2007-03-23,"Sabina Park, Kingston",2,13.1,West Indies,Ireland,RR Sarwan,S Chanderpaul,AC Botha,0,0,,,,,,,,,
247477,2006/07,2007-03-23,"Sabina Park, Kingston",2,13.2,West Indies,Ireland,RR Sarwan,S Chanderpaul,AC Botha,0,0,,,,,,,,,
247477,2006/07,2007-03-23,"Sabina Park, Kingston",2,13.3,West Indies,Ireland,RR Sarwan,S Chanderpaul,AC Botha,0,0,,,,,,,,,
247477,2006/07,2007-03-23,"Sabina Park, Kingston",2,13.4,West Indies,Ireland,RR Sarwan,S Chanderpaul,AC Botha,0,0,,,,,,,,,
247477,2006/07,2007-03-23,"Sabina Park, Kingston",2,13.5,West Indies,Ireland,RR Sarwan,S Chanderpaul,AC Botha,0,0,,,,,,,,,
247477,2006/07,2007-03-23,"Sabina Park, Kingston",2,13.6,West Indies,Ireland,RR Sarwan,S Chanderpaul,AC Botha,1,0,,,,,,,,,
247477,2006/07,2007-03-23,"Sabina Park, Kingston",2,14.1,West Indies,Ireland,RR Sarwan,S Chanderpaul,JF Mooney,0,0,,,,,,,,,
247477,2006/07,2007-03-23,"Sabina Park, Kingston",2,14.2,West Indies,Ireland,RR Sarwan,S Chanderpaul,JF Mooney,0,0,,,,,,,,,
247477,2006/07,2007-03-23,"Sabina Park, Kingston",2,14.3,West Indies,Ireland,RR Sarwan,S Chanderpaul,JF Mooney,0,0,,,,,,,,,
247477,2006/07,2007-03-23,"Sabina Park, Kingston",2,14.4,West Indies,Ireland,RR Sarwan,S Chanderpaul,JF Mooney,0,0,,,,,,,,,
247477,2006/07,2007-03-23,"Sabina Park, Kingston",2,14.5,West Indies,Ireland,RR Sarwan,S Chanderpaul,JF Mooney,0,0,,,,,,,,,
247477,2006/07,2007-03-23,"Sabina Park, Kingston",2,14.6,West Indies,Ireland,RR Sarwan,S Chanderpaul,JF Mooney,0,0,,,,,,,,,
247477,2006/07,2007-03-23,"Sabina Park, Kingston",2,15.1,West Indies,Ireland,S Chanderpaul,RR Sarwan,AC Botha,6,0,,,,,,,,,
247477,2006/07,2007-03-23,"Sabina Park, Kingston",2,15.2,West Indies,Ireland,S Chanderpaul,RR Sarwan,AC Botha,1,0,,,,,,,,,
247477,2006/07,2007-03-23,"Sabina Park, Kingston",2,15.3,West Indies,Ireland,RR Sarwan,S Chanderpaul,AC Botha,0,0,,,,,,,,,
247477,2006/07,2007-03-23,"Sabina Park, Kingston",2,15.4,West Indies,Ireland,RR Sarwan,S Chanderpaul,AC Botha,1,0,,,,,,,,,
247477,2006/07,2007-03-23,"Sabina Park, Kingston",2,15.5,West Indies,Ireland,S Chanderpaul,RR Sarwan,AC Botha,0,0,,,,,,,,,
247477,2006/07,2007-03-23,"Sabina Park, Kingston",2,15.6,West Indies,Ireland,S Chanderpaul,RR Sarwan,AC Botha,1,0,,,,,,,,,
247477,2006/07,2007-03-23,"Sabina Park, Kingston",2,16.1,West Indies,Ireland,S Chanderpaul,RR Sarwan,JF Mooney,4,0,,,,,,,,,
247477,2006/07,2007-03-23,"Sabina Park, Kingston",2,16.2,West Indies,Ireland,S Chanderpaul,RR Sarwan,JF Mooney,4,0,,,,,,,,,
247477,2006/07,2007-03-23,"Sabina Park, Kingston",2,16.3,West Indies,Ireland,S Chanderpaul,RR Sarwan,JF Mooney,0,0,,,,,,,,,
247477,2006/07,2007-03-23,"Sabina Park, Kingston",2,16.4,West Indies,Ireland,S Chanderpaul,RR Sarwan,JF Mooney,1,0,,,,,,,,,
247477,2006/07,2007-03-23,"Sabina Park, Kingston",2,16.5,West Indies,Ireland,RR Sarwan,S Chanderpaul,JF Mooney,0,0,,,,,,,,,
247477,2006/07,2007-03-23,"Sabina Park, Kingston",2,16.6,West Indies,Ireland,RR Sarwan,S Chanderpaul,JF Mooney,1,0,,,,,,,,,
247477,2006/07,2007-03-23,"Sabina Park, Kingston",2,17.1,West Indies,Ireland,RR Sarwan,S Chanderpaul,AC Botha,1,0,,,,,,,,,
247477,2006/07,2007-03-23,"Sabina Park, Kingston",2,17.2,West Indies,Ireland,S Chanderpaul,RR Sarwan,AC Botha,4,0,,,,,,,,,
247477,2006/07,2007-03-23,"Sabina Park, Kingston",2,17.3,West Indies,Ireland,S Chanderpaul,RR Sarwan,AC Botha,4,0,,,,,,,,,
247477,2006/07,2007-03-23,"Sabina Park, Kingston",2,17.4,West Indies,Ireland,S Chanderpaul,RR Sarwan,AC Botha,6,0,,,,,,,,,
247477,2006/07,2007-03-23,"Sabina Park, Kingston",2,17.5,West Indies,Ireland,S Chanderpaul,RR Sarwan,AC Botha,0,0,,,,,,,,,
247477,2006/07,2007-03-23,"Sabina Park, Kingston",2,17.6,West Indies,Ireland,S Chanderpaul,RR Sarwan,AC Botha,0,0,,,,,,,,,
247477,2006/07,2007-03-23,"Sabina Park, Kingston",2,18.1,West Indies,Ireland,RR Sarwan,S Chanderpaul,JF Mooney,1,0,,,,,,,,,
247477,2006/07,2007-03-23,"Sabina Park, Kingston",2,18.2,West Indies,Ireland,S Chanderpaul,RR Sarwan,JF Mooney,0,0,,,,,,,,,
247477,2006/07,2007-03-23,"Sabina Park, Kingston",2,18.3,West Indies,Ireland,S Chanderpaul,RR Sarwan,JF Mooney,6,0,,,,,,,,,
247477,2006/07,2007-03-23,"Sabina Park, Kingston",2,18.4,West Indies,Ireland,S Chanderpaul,RR Sarwan,JF Mooney,1,0,,,,,,,,,
247477,2006/07,2007-03-23,"Sabina Park, Kingston",2,18.5,West Indies,Ireland,RR Sarwan,S Chanderpaul,JF Mooney,0,0,,,,,,,,,
247477,2006/07,2007-03-23,"Sabina Park, Kingston",2,18.6,West Indies,Ireland,RR Sarwan,S Chanderpaul,JF Mooney,1,0,,,,,,,,,
247477,2006/07,2007-03-23,"Sabina Park, Kingston",2,19.1,West Indies,Ireland,RR Sarwan,S Chanderpaul,WK McCallan,4,0,,,,,,,,,
247477,2006/07,2007-03-23,"Sabina Park, Kingston",2,19.2,West Indies,Ireland,RR Sarwan,S Chanderpaul,WK McCallan,0,0,,,,,,,,,
247477,2006/07,2007-03-23,"Sabina Park, Kingston",2,19.3,West Indies,Ireland,RR Sarwan,S Chanderpaul,WK McCallan,0,0,,,,,,,,,
247477,2006/07,2007-03-23,"Sabina Park, Kingston",2,19.4,West Indies,Ireland,RR Sarwan,S Chanderpaul,WK McCallan,0,0,,,,,,,,,
247477,2006/07,2007-03-23,"Sabina Park, Kingston",2,19.5,West Indies,Ireland,RR Sarwan,S Chanderpaul,WK McCallan,0,0,,,,,,,,,
247477,2006/07,2007-03-23,"Sabina Park, Kingston",2,19.6,West Indies,Ireland,RR Sarwan,S Chanderpaul,WK McCallan,1,0,,,,,,,,,
247477,2006/07,2007-03-23,"Sabina Park, Kingston",2,20.1,West Indies,Ireland,RR Sarwan,S Chanderpaul,JF Mooney,0,0,,,,,,,,,
247477,2006/07,2007-03-23,"Sabina Park, Kingston",2,20.2,West Indies,Ireland,RR Sarwan,S Chanderpaul,JF Mooney,1,0,,,,,,,,,
247477,2006/07,2007-03-23,"Sabina Park, Kingston",2,20.3,West Indies,Ireland,S Chanderpaul,RR Sarwan,JF Mooney,1,0,,,,,,,,,
247477,2006/07,2007-03-23,"Sabina Park, Kingston",2,20.4,West Indies,Ireland,RR Sarwan,S Chanderpaul,JF Mooney,0,0,,,,,,,,,
247477,2006/07,2007-03-23,"Sabina Park, Kingston",2,20.5,West Indies,Ireland,RR Sarwan,S Chanderpaul,JF Mooney,0,0,,,,,,,,,
247477,2006/07,2007-03-23,"Sabina Park, Kingston",2,20.6,West Indies,Ireland,RR Sarwan,S Chanderpaul,JF Mooney,1,0,,,,,,,,,
247477,2006/07,2007-03-23,"Sabina Park, Kingston",2,21.1,West Indies,Ireland,RR Sarwan,S Chanderpaul,WK McCallan,0,0,,,,,,,,,
247477,2006/07,2007-03-23,"Sabina Park, Kingston",2,21.2,West Indies,Ireland,RR Sarwan,S Chanderpaul,WK McCallan,0,0,,,,,,,,,
247477,2006/07,2007-03-23,"Sabina Park, Kingston",2,21.3,West Indies,Ireland,RR Sarwan,S Chanderpaul,WK McCallan,0,0,,,,,,,,,
247477,2006/07,2007-03-23,"Sabina Park, Kingston",2,21.4,West Indies,Ireland,RR Sarwan,S Chanderpaul,WK McCallan,1,0,,,,,,,,,
247477,2006/07,2007-03-23,"Sabina Park, Kingston",2,21.5,West Indies,Ireland,S Chanderpaul,RR Sarwan,WK McCallan,0,0,,,,,,,,,
247477,2006/07,2007-03-23,"Sabina Park, Kingston",2,21.6,West Indies,Ireland,S Chanderpaul,RR Sarwan,WK McCallan,0,0,,,,,,,,,
247477,2006/07,2007-03-23,"Sabina Park, Kingston",2,22.1,West Indies,Ireland,RR Sarwan,S Chanderpaul,KJ O'Brien,0,0,,,,,,,,,
247477,2006/07,2007-03-23,"Sabina Park, Kingston",2,22.2,West Indies,Ireland,RR Sarwan,S Chanderpaul,KJ O'Brien,0,0,,,,,,,,,
247477,2006/07,2007-03-23,"Sabina Park, Kingston",2,22.3,West Indies,Ireland,RR Sarwan,S Chanderpaul,KJ O'Brien,0,0,,,,,,,,,
247477,2006/07,2007-03-23,"Sabina Park, Kingston",2,22.4,West Indies,Ireland,RR Sarwan,S Chanderpaul,KJ O'Brien,0,0,,,,,,,,,
247477,2006/07,2007-03-23,"Sabina Park, Kingston",2,22.5,West Indies,Ireland,RR Sarwan,S Chanderpaul,KJ O'Brien,0,0,,,,,,,,,
247477,2006/07,2007-03-23,"Sabina Park, Kingston",2,22.6,West Indies,Ireland,RR Sarwan,S Chanderpaul,KJ O'Brien,4,0,,,,,,,,,
247477,2006/07,2007-03-23,"Sabina Park, Kingston",2,23.1,West Indies,Ireland,S Chanderpaul,RR Sarwan,WK McCallan,0,0,,,,,,,,,
247477,2006/07,2007-03-23,"Sabina Park, Kingston",2,23.2,West Indies,Ireland,S Chanderpaul,RR Sarwan,WK McCallan,0,0,,,,,,,,,
247477,2006/07,2007-03-23,"Sabina Park, Kingston",2,23.3,West Indies,Ireland,S Chanderpaul,RR Sarwan,WK McCallan,0,0,,,,,,,,,
247477,2006/07,2007-03-23,"Sabina Park, Kingston",2,23.4,West Indies,Ireland,S Chanderpaul,RR Sarwan,WK McCallan,0,0,,,,,,,,,
247477,2006/07,2007-03-23,"Sabina Park, Kingston",2,23.5,West Indies,Ireland,S Chanderpaul,RR Sarwan,WK McCallan,0,0,,,,,,,,,
247477,2006/07,2007-03-23,"Sabina Park, Kingston",2,23.6,West Indies,Ireland,S Chanderpaul,RR Sarwan,WK McCallan,1,0,,,,,,,,,
247477,2006/07,2007-03-23,"Sabina Park, Kingston",2,24.1,West Indies,Ireland,S Chanderpaul,RR Sarwan,KJ O'Brien,0,0,,,,,,,,,
247477,2006/07,2007-03-23,"Sabina Park, Kingston",2,24.2,West Indies,Ireland,S Chanderpaul,RR Sarwan,KJ O'Brien,1,0,,,,,,,,,
247477,2006/07,2007-03-23,"Sabina Park, Kingston",2,24.3,West Indies,Ireland,RR Sarwan,S Chanderpaul,KJ O'Brien,1,0,,,,,,,,,
247477,2006/07,2007-03-23,"Sabina Park, Kingston",2,24.4,West Indies,Ireland,S Chanderpaul,RR Sarwan,KJ O'Brien,0,0,,,,,,,,,
247477,2006/07,2007-03-23,"Sabina Park, Kingston",2,24.5,West Indies,Ireland,S Chanderpaul,RR Sarwan,KJ O'Brien,1,0,,,,,,,,,
247477,2006/07,2007-03-23,"Sabina Park, Kingston",2,24.6,West Indies,Ireland,RR Sarwan,S Chanderpaul,KJ O'Brien,2,0,,,,,,,,,
247477,2006/07,2007-03-23,"Sabina Park, Kingston",2,25.1,West Indies,Ireland,S Chanderpaul,RR Sarwan,WK McCallan,6,0,,,,,,,,,
247477,2006/07,2007-03-23,"Sabina Park, Kingston",2,25.2,West Indies,Ireland,S Chanderpaul,RR Sarwan,WK McCallan,1,0,,,,,,,,,
247477,2006/07,2007-03-23,"Sabina Park, Kingston",2,25.3,West Indies,Ireland,RR Sarwan,S Chanderpaul,WK McCallan,0,0,,,,,,,,,
247477,2006/07,2007-03-23,"Sabina Park, Kingston",2,25.4,West Indies,Ireland,RR Sarwan,S Chanderpaul,WK McCallan,0,0,,,,,,,,,
247477,2006/07,2007-03-23,"Sabina Park, Kingston",2,25.5,West Indies,Ireland,RR Sarwan,S Chanderpaul,WK McCallan,0,0,,,,,,,,,
247477,2006/07,2007-03-23,"Sabina Park, Kingston",2,25.6,West Indies,Ireland,RR Sarwan,S Chanderpaul,WK McCallan,0,0,,,,,,,,,
247477,2006/07,2007-03-23,"Sabina Park, Kingston",2,26.1,West Indies,Ireland,S Chanderpaul,RR Sarwan,KJ O'Brien,0,0,,,,,,,,,
247477,2006/07,2007-03-23,"Sabina Park, Kingston",2,26.2,West Indies,Ireland,S Chanderpaul,RR Sarwan,KJ O'Brien,0,0,,,,,,,,,
247477,2006/07,2007-03-23,"Sabina Park, Kingston",2,26.3,West Indies,Ireland,S Chanderpaul,RR Sarwan,KJ O'Brien,1,0,,,,,,,,,
247477,2006/07,2007-03-23,"Sabina Park, Kingston",2,26.4,West Indies,Ireland,RR Sarwan,S Chanderpaul,KJ O'Brien,2,0,,,,,,,,,
247477,2006/07,2007-03-23,"Sabina Park, Kingston",2,26.5,West Indies,Ireland,RR Sarwan,S Chanderpaul,KJ O'Brien,1,0,,,,,,,,,
247477,2006/07,2007-03-23,"Sabina Park, Kingston",2,26.6,West Indies,Ireland,S Chanderpaul,RR Sarwan,KJ O'Brien,0,0,,,,,,,,,
247477,2006/07,2007-03-23,"Sabina Park, Kingston",2,27.1,West Indies,Ireland,RR Sarwan,S Chanderpaul,WK McCallan,6,0,,,,,,,,,
247477,2006/07,2007-03-23,"Sabina Park, Kingston",2,27.2,West Indies,Ireland,RR Sarwan,S Chanderpaul,WK McCallan,0,0,,,,,,,,,
247477,2006/07,2007-03-23,"Sabina Park, Kingston",2,27.3,West Indies,Ireland,RR Sarwan,S Chanderpaul,WK McCallan,0,0,,,,,,,,,
247477,2006/07,2007-03-23,"Sabina Park, Kingston",2,27.4,West Indies,Ireland,RR Sarwan,S Chanderpaul,WK McCallan,0,0,,,,,,caught,RR Sarwan,,
247477,2006/07,2007-03-23,"Sabina Park, Kingston",2,27.5,West Indies,Ireland,S Chanderpaul,MN Samuels,WK McCallan,0,0,,,,,,,,,
247477,2006/07,2007-03-23,"Sabina Park, Kingston",2,27.6,West Indies,Ireland,S Chanderpaul,MN Samuels,WK McCallan,0,0,,,,,,,,,
247477,2006/07,2007-03-23,"Sabina Park, Kingston",2,28.1,West Indies,Ireland,MN Samuels,S Chanderpaul,D Langford-Smith,0,0,,,,,,,,,
247477,2006/07,2007-03-23,"Sabina Park, Kingston",2,28.2,West Indies,Ireland,MN Samuels,S Chanderpaul,D Langford-Smith,0,0,,,,,,,,,
247477,2006/07,2007-03-23,"Sabina Park, Kingston",2,28.3,West Indies,Ireland,MN Samuels,S Chanderpaul,D Langford-Smith,4,0,,,,,,,,,
247477,2006/07,2007-03-23,"Sabina Park, Kingston",2,28.4,West Indies,Ireland,MN Samuels,S Chanderpaul,D Langford-Smith,0,0,,,,,,,,,
247477,2006/07,2007-03-23,"Sabina Park, Kingston",2,28.5,West Indies,Ireland,MN Samuels,S Chanderpaul,D Langford-Smith,0,0,,,,,,,,,
247477,2006/07,2007-03-23,"Sabina Park, Kingston",2,28.6,West Indies,Ireland,MN Samuels,S Chanderpaul,D Langford-Smith,0,0,,,,,,,,,
247477,2006/07,2007-03-23,"Sabina Park, Kingston",2,29.1,West Indies,Ireland,S Chanderpaul,MN Samuels,WK McCallan,0,0,,,,,,,,,
247477,2006/07,2007-03-23,"Sabina Park, Kingston",2,29.2,West Indies,Ireland,S Chanderpaul,MN Samuels,WK McCallan,0,0,,,,,,,,,
247477,2006/07,2007-03-23,"Sabina Park, Kingston",2,29.3,West Indies,Ireland,S Chanderpaul,MN Samuels,WK McCallan,0,0,,,,,,,,,
247477,2006/07,2007-03-23,"Sabina Park, Kingston",2,29.4,West Indies,Ireland,S Chanderpaul,MN Samuels,WK McCallan,1,0,,,,,,,,,
247477,2006/07,2007-03-23,"Sabina Park, Kingston",2,29.5,West Indies,Ireland,MN Samuels,S Chanderpaul,WK McCallan,0,0,,,,,,,,,
247477,2006/07,2007-03-23,"Sabina Park, Kingston",2,29.6,West Indies,Ireland,MN Samuels,S Chanderpaul,WK McCallan,0,0,,,,,,,,,
247477,2006/07,2007-03-23,"Sabina Park, Kingston",2,30.1,West Indies,Ireland,S Chanderpaul,MN Samuels,D Langford-Smith,1,0,,,,,,,,,
247477,2006/07,2007-03-23,"Sabina Park, Kingston",2,30.2,West Indies,Ireland,MN Samuels,S Chanderpaul,D Langford-Smith,1,0,,,,,,,,,
247477,2006/07,2007-03-23,"Sabina Park, Kingston",2,30.3,West Indies,Ireland,S Chanderpaul,MN Samuels,D Langford-Smith,2,0,,,,,,,,,
247477,2006/07,2007-03-23,"Sabina Park, Kingston",2,30.4,West Indies,Ireland,S Chanderpaul,MN Samuels,D Langford-Smith,1,0,,,,,,,,,
247477,2006/07,2007-03-23,"Sabina Park, Kingston",2,30.5,West Indies,Ireland,MN Samuels,S Chanderpaul,D Langford-Smith,0,1,,,,1,,,,,
247477,2006/07,2007-03-23,"Sabina Park, Kingston",2,30.6,West Indies,Ireland,S Chanderpaul,MN Samuels,D Langford-Smith,1,0,,,,,,,,,
247477,2006/07,2007-03-23,"Sabina Park, Kingston",2,31.1,West Indies,Ireland,S Chanderpaul,MN Samuels,WK McCallan,0,0,,,,,,,,,
247477,2006/07,2007-03-23,"Sabina Park, Kingston",2,31.2,West Indies,Ireland,S Chanderpaul,MN Samuels,WK McCallan,0,0,,,,,,,,,
247477,2006/07,2007-03-23,"Sabina Park, Kingston",2,31.3,West Indies,Ireland,S Chanderpaul,MN Samuels,WK McCallan,0,1,1,,,,,,,,
247477,2006/07,2007-03-23,"Sabina Park, Kingston",2,31.4,West Indies,Ireland,S Chanderpaul,MN Samuels,WK McCallan,0,0,,,,,,,,,
247477,2006/07,2007-03-23,"Sabina Park, Kingston",2,31.5,West Indies,Ireland,S Chanderpaul,MN Samuels,WK McCallan,0,0,,,,,,,,,
247477,2006/07,2007-03-23,"Sabina Park, Kingston",2,31.6,West Indies,Ireland,S Chanderpaul,MN Samuels,WK McCallan,0,0,,,,,,,,,
247477,2006/07,2007-03-23,"Sabina Park, Kingston",2,31.7,West Indies,Ireland,S Chanderpaul,MN Samuels,WK McCallan,1,0,,,,,,,,,
247477,2006/07,2007-03-23,"Sabina Park, Kingston",2,32.1,West Indies,Ireland,S Chanderpaul,MN Samuels,AC Botha,1,0,,,,,,,,,
247477,2006/07,2007-03-23,"Sabina Park, Kingston",2,32.2,West Indies,Ireland,MN Samuels,S Chanderpaul,AC Botha,0,0,,,,,,,,,
247477,2006/07,2007-03-23,"Sabina Park, Kingston",2,32.3,West Indies,Ireland,MN Samuels,S Chanderpaul,AC Botha,4,0,,,,,,,,,
247477,2006/07,2007-03-23,"Sabina Park, Kingston",2,32.4,West Indies,Ireland,MN Samuels,S Chanderpaul,AC Botha,0,0,,,,,,,,,
247477,2006/07,2007-03-23,"Sabina Park, Kingston",2,32.5,West Indies,Ireland,MN Samuels,S Chanderpaul,AC Botha,0,0,,,,,,,,,
247477,2006/07,2007-03-23,"Sabina Park, Kingston",2,32.6,West Indies,Ireland,MN Samuels,S Chanderpaul,AC Botha,1,0,,,,,,,,,
247477,2006/07,2007-03-23,"Sabina Park, Kingston",2,33.1,West Indies,Ireland,MN Samuels,S Chanderpaul,WK McCallan,0,0,,,,,,,,,
247477,2006/07,2007-03-23,"Sabina Park, Kingston",2,33.2,West Indies,Ireland,MN Samuels,S Chanderpaul,WK McCallan,1,0,,,,,,,,,
247477,2006/07,2007-03-23,"Sabina Park, Kingston",2,33.3,West Indies,Ireland,S Chanderpaul,MN Samuels,WK McCallan,0,0,,,,,,,,,
247477,2006/07,2007-03-23,"Sabina Park, Kingston",2,33.4,West Indies,Ireland,S Chanderpaul,MN Samuels,WK McCallan,0,0,,,,,,,,,
247477,2006/07,2007-03-23,"Sabina Park, Kingston",2,33.5,West Indies,Ireland,S Chanderpaul,MN Samuels,WK McCallan,1,0,,,,,,,,,
247477,2006/07,2007-03-23,"Sabina Park, Kingston",2,33.6,West Indies,Ireland,MN Samuels,S Chanderpaul,WK McCallan,1,0,,,,,,,,,
247477,2006/07,2007-03-23,"Sabina Park, Kingston",2,34.1,West Indies,Ireland,MN Samuels,S Chanderpaul,AC Botha,1,0,,,,,,,,,
247477,2006/07,2007-03-23,"Sabina Park, Kingston",2,34.2,West Indies,Ireland,S Chanderpaul,MN Samuels,AC Botha,0,0,,,,,,,,,
247477,2006/07,2007-03-23,"Sabina Park, Kingston",2,34.3,West Indies,Ireland,S Chanderpaul,MN Samuels,AC Botha,1,0,,,,,,,,,
247477,2006/07,2007-03-23,"Sabina Park, Kingston",2,34.4,West Indies,Ireland,MN Samuels,S Chanderpaul,AC Botha,0,0,,,,,,,,,
247477,2006/07,2007-03-23,"Sabina Park, Kingston",2,34.5,West Indies,Ireland,MN Samuels,S Chanderpaul,AC Botha,0,0,,,,,,,,,
247477,2006/07,2007-03-23,"Sabina Park, Kingston",2,34.6,West Indies,Ireland,MN Samuels,S Chanderpaul,AC Botha,0,0,,,,,,,,,
247477,2006/07,2007-03-23,"Sabina Park, Kingston",2,35.1,West Indies,Ireland,S Chanderpaul,MN Samuels,WK McCallan,1,0,,,,,,,,,
247477,2006/07,2007-03-23,"Sabina Park, Kingston",2,35.2,West Indies,Ireland,MN Samuels,S Chanderpaul,WK McCallan,0,0,,,,,,,,,
247477,2006/07,2007-03-23,"Sabina Park, Kingston",2,35.3,West Indies,Ireland,MN Samuels,S Chanderpaul,WK McCallan,0,0,,,,,,,,,
247477,2006/07,2007-03-23,"Sabina Park, Kingston",2,35.4,West Indies,Ireland,MN Samuels,S Chanderpaul,WK McCallan,0,0,,,,,,,,,
247477,2006/07,2007-03-23,"Sabina Park, Kingston",2,35.5,West Indies,Ireland,MN Samuels,S Chanderpaul,WK McCallan,0,0,,,,,,,,,
247477,2006/07,2007-03-23,"Sabina Park, Kingston",2,35.6,West Indies,Ireland,MN Samuels,S Chanderpaul,WK McCallan,0,0,,,,,,,,,
247477,2006/07,2007-03-23,"Sabina Park, Kingston",2,36.1,West Indies,Ireland,S Chanderpaul,MN Samuels,AR White,0,0,,,,,,,,,
247477,2006/07,2007-03-23,"Sabina Park, Kingston",2,36.2,West Indies,Ireland,S Chanderpaul,MN Samuels,AR White,0,0,,,,,,,,,
247477,2006/07,2007-03-23,"Sabina Park, Kingston",2,36.3,West Indies,Ireland,S Chanderpaul,MN Samuels,AR White,4,0,,,,,,,,,
247477,2006/07,2007-03-23,"Sabina Park, Kingston",2,36.4,West Indies,Ireland,S Chanderpaul,MN Samuels,AR White,1,0,,,,,,,,,
247477,2006/07,2007-03-23,"Sabina Park, Kingston",2,36.5,West Indies,Ireland,MN Samuels,S Chanderpaul,AR White,1,0,,,,,,,,,
247477,2006/07,2007-03-23,"Sabina Park, Kingston",2,36.6,West Indies,Ireland,S Chanderpaul,MN Samuels,AR White,1,0,,,,,,,,,
247477,2006/07,2007-03-23,"Sabina Park, Kingston",2,37.1,West Indies,Ireland,S Chanderpaul,MN Samuels,WK McCallan,0,0,,,,,,,,,
247477,2006/07,2007-03-23,"Sabina Park, Kingston",2,37.2,West Indies,Ireland,S Chanderpaul,MN Samuels,WK McCallan,1,0,,,,,,,,,
247477,2006/07,2007-03-23,"Sabina Park, Kingston",2,37.3,West Indies,Ireland,MN Samuels,S Chanderpaul,WK McCallan,6,0,,,,,,,,,
247477,2006/07,2007-03-23,"Sabina Park, Kingston",2,37.4,West Indies,Ireland,MN Samuels,S Chanderpaul,WK McCallan,1,0,,,,,,,,,
247477,2006/07,2007-03-23,"Sabina Park, Kingston",2,37.5,West Indies,Ireland,S Chanderpaul,MN Samuels,WK McCallan,0,0,,,,,,,,,
247477,2006/07,2007-03-23,"Sabina Park, Kingston",2,37.6,West Indies,Ireland,S Chanderpaul,MN Samuels,WK McCallan,0,0,,,,,,,,,
247477,2006/07,2007-03-23,"Sabina Park, Kingston",2,38.1,West Indies,Ireland,MN Samuels,S Chanderpaul,AR White,6,0,,,,,,,,,
