match_id,season,start_date,venue,innings,ball,batting_team,bowling_team,striker,non_striker,bowler,runs_off_bat,extras,wides,noballs,byes,legbyes,penalty,wicket_type,player_dismissed,other_wicket_type,other_player_dismissed
247478,2006/07,2007-03-24,"Warner Park, Basseterre",1,0.1,Australia,South Africa,AC Gilchrist,ML Hayden,SM Pollock,0,0,,,,,,,,,
247478,2006/07,2007-03-24,"Warner Park, Basseterre",1,0.2,Australia,South Africa,AC Gilchrist,ML Hayden,SM Pollock,0,0,,,,,,,,,
247478,2006/07,2007-03-24,"Warner Park, Basseterre",1,0.3,Australia,South Africa,AC Gilchrist,ML Hayden,SM Pollock,0,0,,,,,,,,,
247478,2006/07,2007-03-24,"Warner Park, Basseterre",1,0.4,Australia,South Africa,AC Gilchrist,ML Hayden,SM Pollock,0,0,,,,,,,,,
247478,2006/07,2007-03-24,"Warner Park, Basseterre",1,0.5,Australia,South Africa,AC Gilchrist,ML Hayden,SM Pollock,1,0,,,,,,,,,
247478,2006/07,2007-03-24,"Warner Park, Basseterre",1,0.6,Australia,South Africa,ML Hayden,AC Gilchrist,SM Pollock,4,0,,,,,,,,,
247478,2006/07,2007-03-24,"Warner Park, Basseterre",1,1.1,Australia,South Africa,AC Gilchrist,ML Hayden,M Ntini,0,0,,,,,,,,,
247478,2006/07,2007-03-24,"Warner Park, Basseterre",1,1.2,Australia,South Africa,AC Gilchrist,ML Hayden,M Ntini,4,0,,,,,,,,,
247478,2006/07,2007-03-24,"Warner Park, Basseterre",1,1.3,Australia,South Africa,AC Gilchrist,ML Hayden,M Ntini,0,0,,,,,,,,,
247478,2006/07,2007-03-24,"Warner Park, Basseterre",1,1.4,Australia,South Africa,AC Gilchrist,ML Hayden,M Ntini,2,0,,,,,,,,,
247478,2006/07,2007-03-24,"Warner Park, Basseterre",1,1.5,Australia,South Africa,AC Gilchrist,ML Hayden,M Ntini,0,0,,,,,,,,,
247478,2006/07,2007-03-24,"Warner Park, Basseterre",1,1.6,Australia,South Africa,AC Gilchrist,ML Hayden,M Ntini,2,0,,,,,,,,,
247478,2006/07,2007-03-24,"Warner Park, Basseterre",1,2.1,Australia,South Africa,ML Hayden,AC Gilchrist,SM Pollock,0,0,,,,,,,,,
247478,2006/07,2007-03-24,"Warner Park, Basseterre",1,2.2,Australia,South Africa,ML Hayden,AC Gilchrist,SM Pollock,4,0,,,,,,,,,
247478,2006/07,2007-03-24,"Warner Park, Basseterre",1,2.3,Australia,South Africa,ML Hayden,AC Gilchrist,SM Pollock,1,0,,,,,,,,,
247478,2006/07,2007-03-24,"Warner Park, Basseterre",1,2.4,Australia,South Africa,AC Gilchrist,ML Hayden,SM Pollock,2,0,,,,,,,,,
247478,2006/07,2007-03-24,"Warner Park, Basseterre",1,2.5,Australia,South Africa,AC Gilchrist,ML Hayden,SM Pollock,0,0,,,,,,,,,
247478,2006/07,2007-03-24,"Warner Park, Basseterre",1,2.6,Australia,South Africa,AC Gilchrist,ML Hayden,SM Pollock,4,0,,,,,,,,,
247478,2006/07,2007-03-24,"Warner Park, Basseterre",1,3.1,Australia,South Africa,ML Hayden,AC Gilchrist,M Ntini,0,0,,,,,,,,,
247478,2006/07,2007-03-24,"Warner Park, Basseterre",1,3.2,Australia,South Africa,ML Hayden,AC Gilchrist,M Ntini,1,0,,,,,,,,,
247478,2006/07,2007-03-24,"Warner Park, Basseterre",1,3.3,Australia,South Africa,AC Gilchrist,ML Hayden,M Ntini,4,0,,,,,,,,,
247478,2006/07,2007-03-24,"Warner Park, Basseterre",1,3.4,Australia,South Africa,AC Gilchrist,ML Hayden,M Ntini,4,0,,,,,,,,,
247478,2006/07,2007-03-24,"Warner Park, Basseterre",1,3.5,Australia,South Africa,AC Gilchrist,ML Hayden,M Ntini,0,0,,,,,,,,,
247478,2006/07,2007-03-24,"Warner Park, Basseterre",1,3.6,Australia,South Africa,AC Gilchrist,ML Hayden,M Ntini,0,0,,,,,,,,,
247478,2006/07,2007-03-24,"Warner Park, Basseterre",1,4.1,Australia,South Africa,ML Hayden,AC Gilchrist,SM Pollock,4,0,,,,,,,,,
247478,2006/07,2007-03-24,"Warner Park, Basseterre",1,4.2,Australia,South Africa,ML Hayden,AC Gilchrist,SM Pollock,0,0,,,,,,,,,
247478,2006/07,2007-03-24,"Warner Park, Basseterre",1,4.3,Australia,South Africa,ML Hayden,AC Gilchrist,SM Pollock,6,0,,,,,,,,,
247478,2006/07,2007-03-24,"Warner Park, Basseterre",1,4.4,Australia,South Africa,ML Hayden,AC Gilchrist,SM Pollock,6,0,,,,,,,,,
247478,2006/07,2007-03-24,"Warner Park, Basseterre",1,4.5,Australia,South Africa,ML Hayden,AC Gilchrist,SM Pollock,1,0,,,,,,,,,
247478,2006/07,2007-03-24,"Warner Park, Basseterre",1,4.6,Australia,South Africa,AC Gilchrist,ML Hayden,SM Pollock,0,0,,,,,,,,,
247478,2006/07,2007-03-24,"Warner Park, Basseterre",1,5.1,Australia,South Africa,ML Hayden,AC Gilchrist,M Ntini,0,0,,,,,,,,,
247478,2006/07,2007-03-24,"Warner Park, Basseterre",1,5.2,Australia,South Africa,ML Hayden,AC Gilchrist,M Ntini,2,0,,,,,,,,,
247478,2006/07,2007-03-24,"Warner Park, Basseterre",1,5.3,Australia,South Africa,ML Hayden,AC Gilchrist,M Ntini,0,0,,,,,,,,,
247478,2006/07,2007-03-24,"Warner Park, Basseterre",1,5.4,Australia,South Africa,ML Hayden,AC Gilchrist,M Ntini,0,0,,,,,,,,,
247478,2006/07,2007-03-24,"Warner Park, Basseterre",1,5.5,Australia,South Africa,ML Hayden,AC Gilchrist,M Ntini,1,0,,,,,,,,,
247478,2006/07,2007-03-24,"Warner Park, Basseterre",1,5.6,Australia,South Africa,AC Gilchrist,ML Hayden,M Ntini,4,0,,,,,,,,,
247478,2006/07,2007-03-24,"Warner Park, Basseterre",1,6.1,Australia,South Africa,ML Hayden,AC Gilchrist,SM Pollock,0,0,,,,,,,,,
247478,2006/07,2007-03-24,"Warner Park, Basseterre",1,6.2,Australia,South Africa,ML Hayden,AC Gilchrist,SM Pollock,2,0,,,,,,,,,
247478,2006/07,2007-03-24,"Warner Park, Basseterre",1,6.3,Australia,South Africa,ML Hayden,AC Gilchrist,SM Pollock,0,0,,,,,,,,,
247478,2006/07,2007-03-24,"Warner Park, Basseterre",1,6.4,Australia,South Africa,ML Hayden,AC Gilchrist,SM Pollock,4,0,,,,,,,,,
247478,2006/07,2007-03-24,"Warner Park, Basseterre",1,6.5,Australia,South Africa,ML Hayden,AC Gilchrist,SM Pollock,0,0,,,,,,,,,
247478,2006/07,2007-03-24,"Warner Park, Basseterre",1,6.6,Australia,South Africa,ML Hayden,AC Gilchrist,SM Pollock,0,0,,,,,,,,,
247478,2006/07,2007-03-24,"Warner Park, Basseterre",1,7.1,Australia,South Africa,AC Gilchrist,ML Hayden,M Ntini,1,0,,,,,,,,,
247478,2006/07,2007-03-24,"Warner Park, Basseterre",1,7.2,Australia,South Africa,ML Hayden,AC Gilchrist,M Ntini,0,0,,,,,,,,,
247478,2006/07,2007-03-24,"Warner Park, Basseterre",1,7.3,Australia,South Africa,ML Hayden,AC Gilchrist,M Ntini,0,0,,,,,,,,,
247478,2006/07,2007-03-24,"Warner Park, Basseterre",1,7.4,Australia,South Africa,ML Hayden,AC Gilchrist,M Ntini,0,0,,,,,,,,,
247478,2006/07,2007-03-24,"Warner Park, Basseterre",1,7.5,Australia,South Africa,ML Hayden,AC Gilchrist,M Ntini,0,0,,,,,,,,,
247478,2006/07,2007-03-24,"Warner Park, Basseterre",1,7.6,Australia,South Africa,ML Hayden,AC Gilchrist,M Ntini,0,0,,,,,,,,,
247478,2006/07,2007-03-24,"Warner Park, Basseterre",1,8.1,Australia,South Africa,AC Gilchrist,ML Hayden,SM Pollock,0,0,,,,,,,,,
247478,2006/07,2007-03-24,"Warner Park, Basseterre",1,8.2,Australia,South Africa,AC Gilchrist,ML Hayden,SM Pollock,0,0,,,,,,,,,
247478,2006/07,2007-03-24,"Warner Park, Basseterre",1,8.3,Australia,South Africa,AC Gilchrist,ML Hayden,SM Pollock,0,0,,,,,,,,,
247478,2006/07,2007-03-24,"Warner Park, Basseterre",1,8.4,Australia,South Africa,AC Gilchrist,ML Hayden,SM Pollock,1,0,,,,,,,,,
247478,2006/07,2007-03-24,"Warner Park, Basseterre",1,8.5,Australia,South Africa,ML Hayden,AC Gilchrist,SM Pollock,1,0,,,,,,,,,
247478,2006/07,2007-03-24,"Warner Park, Basseterre",1,8.6,Australia,South Africa,AC Gilchrist,ML Hayden,SM Pollock,1,0,,,,,,,,,
247478,2006/07,2007-03-24,"Warner Park, Basseterre",1,9.1,Australia,South Africa,AC Gilchrist,ML Hayden,M Ntini,1,0,,,,,,,,,
247478,2006/07,2007-03-24,"Warner Park, Basseterre",1,9.2,Australia,South Africa,ML Hayden,AC Gilchrist,M Ntini,4,0,,,,,,,,,
247478,2006/07,2007-03-24,"Warner Park, Basseterre",1,9.3,Australia,South Africa,ML Hayden,AC Gilchrist,M Ntini,4,0,,,,,,,,,
247478,2006/07,2007-03-24,"Warner Park, Basseterre",1,9.4,Australia,South Africa,ML Hayden,AC Gilchrist,M Ntini,0,0,,,,,,,,,
247478,2006/07,2007-03-24,"Warner Park, Basseterre",1,9.5,Australia,South Africa,ML Hayden,AC Gilchrist,M Ntini,1,0,,,,,,,,,
247478,2006/07,2007-03-24,"Warner Park, Basseterre",1,9.6,Australia,South Africa,AC Gilchrist,ML Hayden,M Ntini,0,0,,,,,,,,,
247478,2006/07,2007-03-24,"Warner Park, Basseterre",1,10.1,Australia,South Africa,ML Hayden,AC Gilchrist,CK Langeveldt,1,0,,,,,,,,,
247478,2006/07,2007-03-24,"Warner Park, Basseterre",1,10.2,Australia,South Africa,AC Gilchrist,ML Hayden,CK Langeveldt,0,0,,,,,,,,,
247478,2006/07,2007-03-24,"Warner Park, Basseterre",1,10.3,Australia,South Africa,AC Gilchrist,ML Hayden,CK Langeveldt,0,0,,,,,,,,,
247478,2006/07,2007-03-24,"Warner Park, Basseterre",1,10.4,Australia,South Africa,AC Gilchrist,ML Hayden,CK Langeveldt,0,0,,,,,,,,,
247478,2006/07,2007-03-24,"Warner Park, Basseterre",1,10.5,Australia,South Africa,AC Gilchrist,ML Hayden,CK Langeveldt,0,0,,,,,,,,,
247478,2006/07,2007-03-24,"Warner Park, Basseterre",1,10.6,Australia,South Africa,AC Gilchrist,ML Hayden,CK Langeveldt,6,0,,,,,,,,,
247478,2006/07,2007-03-24,"Warner Park, Basseterre",1,11.1,Australia,South Africa,ML Hayden,AC Gilchrist,AJ Hall,0,0,,,,,,,,,
247478,2006/07,2007-03-24,"Warner Park, Basseterre",1,11.2,Australia,South Africa,ML Hayden,AC Gilchrist,AJ Hall,0,0,,,,,,,,,
247478,2006/07,2007-03-24,"Warner Park, Basseterre",1,11.3,Australia,South Africa,ML Hayden,AC Gilchrist,AJ Hall,0,0,,,,,,,,,
247478,2006/07,2007-03-24,"Warner Park, Basseterre",1,11.4,Australia,South Africa,ML Hayden,AC Gilchrist,AJ Hall,4,0,,,,,,,,,
247478,2006/07,2007-03-24,"Warner Park, Basseterre",1,11.5,Australia,South Africa,ML Hayden,AC Gilchrist,AJ Hall,0,0,,,,,,,,,
247478,2006/07,2007-03-24,"Warner Park, Basseterre",1,11.6,Australia,South Africa,ML Hayden,AC Gilchrist,AJ Hall,1,0,,,,,,,,,
247478,2006/07,2007-03-24,"Warner Park, Basseterre",1,12.1,Australia,South Africa,ML Hayden,AC Gilchrist,CK Langeveldt,1,0,,,,,,,,,
247478,2006/07,2007-03-24,"Warner Park, Basseterre",1,12.2,Australia,South Africa,AC Gilchrist,ML Hayden,CK Langeveldt,0,0,,,,,,,,,
247478,2006/07,2007-03-24,"Warner Park, Basseterre",1,12.3,Australia,South Africa,AC Gilchrist,ML Hayden,CK Langeveldt,0,0,,,,,,,,,
247478,2006/07,2007-03-24,"Warner Park, Basseterre",1,12.4,Australia,South Africa,AC Gilchrist,ML Hayden,CK Langeveldt,0,0,,,,,,,,,
247478,2006/07,2007-03-24,"Warner Park, Basseterre",1,12.5,Australia,South Africa,AC Gilchrist,ML Hayden,CK Langeveldt,1,0,,,,,,,,,
247478,2006/07,2007-03-24,"Warner Park, Basseterre",1,12.6,Australia,South Africa,ML Hayden,AC Gilchrist,CK Langeveldt,1,0,,,,,,,,,
247478,2006/07,2007-03-24,"Warner Park, Basseterre",1,13.1,Australia,South Africa,ML Hayden,AC Gilchrist,AJ Hall,0,0,,,,,,,,,
247478,2006/07,2007-03-24,"Warner Park, Basseterre",1,13.2,Australia,South Africa,ML Hayden,AC Gilchrist,AJ Hall,4,0,,,,,,,,,
247478,2006/07,2007-03-24,"Warner Park, Basseterre",1,13.3,Australia,South Africa,ML Hayden,AC Gilchrist,AJ Hall,6,0,,,,,,,,,
247478,2006/07,2007-03-24,"Warner Park, Basseterre",1,13.4,Australia,South Africa,ML Hayden,AC Gilchrist,AJ Hall,0,0,,,,,,,,,
247478,2006/07,2007-03-24,"Warner Park, Basseterre",1,13.5,Australia,South Africa,ML Hayden,AC Gilchrist,AJ Hall,0,0,,,,,,,,,
247478,2006/07,2007-03-24,"Warner Park, Basseterre",1,13.6,Australia,South Africa,ML Hayden,AC Gilchrist,AJ Hall,0,0,,,,,,,,,
247478,2006/07,2007-03-24,"Warner Park, Basseterre",1,14.1,Australia,South Africa,AC Gilchrist,ML Hayden,CK Langeveldt,4,0,,,,,,,,,
247478,2006/07,2007-03-24,"Warner Park, Basseterre",1,14.2,Australia,South Africa,AC Gilchrist,ML Hayden,CK Langeveldt,0,0,,,,,,,,,
247478,2006/07,2007-03-24,"Warner Park, Basseterre",1,14.3,Australia,South Africa,AC Gilchrist,ML Hayden,CK Langeveldt,0,0,,,,,,,,,
247478,2006/07,2007-03-24,"Warner Park, Basseterre",1,14.4,Australia,South Africa,AC Gilchrist,ML Hayden,CK Langeveldt,0,0,,,,,,,,,
247478,2006/07,2007-03-24,"Warner Park, Basseterre",1,14.5,Australia,South Africa,AC Gilchrist,ML Hayden,CK Langeveldt,0,0,,,,,,caught,AC Gilchrist,,
247478,2006/07,2007-03-24,"Warner Park, Basseterre",1,14.6,Australia,South Africa,RT Ponting,ML Hayden,CK Langeveldt,0,0,,,,,,,,,
247478,2006/07,2007-03-24,"Warner Park, Basseterre",1,15.1,Australia,South Africa,ML Hayden,RT Ponting,AJ Hall,4,0,,,,,,,,,
247478,2006/07,2007-03-24,"Warner Park, Basseterre",1,15.2,Australia,South Africa,ML Hayden,RT Ponting,AJ Hall,1,0,,,,,,,,,
247478,2006/07,2007-03-24,"Warner Park, Basseterre",1,15.3,Australia,South Africa,RT Ponting,ML Hayden,AJ Hall,0,0,,,,,,,,,
247478,2006/07,2007-03-24,"Warner Park, Basseterre",1,15.4,Australia,South Africa,RT Ponting,ML Hayden,AJ Hall,0,0,,,,,,,,,
247478,2006/07,2007-03-24,"Warner Park, Basseterre",1,15.5,Australia,South Africa,RT Ponting,ML Hayden,AJ Hall,0,0,,,,,,,,,
247478,2006/07,2007-03-24,"Warner Park, Basseterre",1,15.6,Australia,South Africa,RT Ponting,ML Hayden,AJ Hall,0,0,,,,,,,,,
247478,2006/07,2007-03-24,"Warner Park, Basseterre",1,16.1,Australia,South Africa,ML Hayden,RT Ponting,CK Langeveldt,0,0,,,,,,,,,
247478,2006/07,2007-03-24,"Warner Park, Basseterre",1,16.2,Australia,South Africa,ML Hayden,RT Ponting,CK Langeveldt,4,0,,,,,,,,,
247478,2006/07,2007-03-24,"Warner Park, Basseterre",1,16.3,Australia,South Africa,ML Hayden,RT Ponting,CK Langeveldt,0,0,,,,,,,,,
247478,2006/07,2007-03-24,"Warner Park, Basseterre",1,16.4,Australia,South Africa,ML Hayden,RT Ponting,CK Langeveldt,0,0,,,,,,,,,
247478,2006/07,2007-03-24,"Warner Park, Basseterre",1,16.5,Australia,South Africa,ML Hayden,RT Ponting,CK Langeveldt,4,0,,,,,,,,,
247478,2006/07,2007-03-24,"Warner Park, Basseterre",1,16.6,Australia,South Africa,ML Hayden,RT Ponting,CK Langeveldt,4,0,,,,,,,,,
247478,2006/07,2007-03-24,"Warner Park, Basseterre",1,17.1,Australia,South Africa,RT Ponting,ML Hayden,AJ Hall,0,0,,,,,,,,,
247478,2006/07,2007-03-24,"Warner Park, Basseterre",1,17.2,Australia,South Africa,RT Ponting,ML Hayden,AJ Hall,0,0,,,,,,,,,
247478,2006/07,2007-03-24,"Warner Park, Basseterre",1,17.3,Australia,South Africa,RT Ponting,ML Hayden,AJ Hall,0,0,,,,,,,,,
247478,2006/07,2007-03-24,"Warner Park, Basseterre",1,17.4,Australia,South Africa,RT Ponting,ML Hayden,AJ Hall,1,0,,,,,,,,,
247478,2006/07,2007-03-24,"Warner Park, Basseterre",1,17.5,Australia,South Africa,ML Hayden,RT Ponting,AJ Hall,4,0,,,,,,,,,
247478,2006/07,2007-03-24,"Warner Park, Basseterre",1,17.6,Australia,South Africa,ML Hayden,RT Ponting,AJ Hall,0,0,,,,,,,,,
247478,2006/07,2007-03-24,"Warner Park, Basseterre",1,18.1,Australia,South Africa,RT Ponting,ML Hayden,CK Langeveldt,0,1,,1,,,,,,,
247478,2006/07,2007-03-24,"Warner Park, Basseterre",1,18.2,Australia,South Africa,RT Ponting,ML Hayden,CK Langeveldt,1,0,,,,,,,,,
247478,2006/07,2007-03-24,"Warner Park, Basseterre",1,18.3,Australia,South Africa,ML Hayden,RT Ponting,CK Langeveldt,4,0,,,,,,,,,
247478,2006/07,2007-03-24,"Warner Park, Basseterre",1,18.4,Australia,South Africa,ML Hayden,RT Ponting,CK Langeveldt,1,0,,,,,,,,,
247478,2006/07,2007-03-24,"Warner Park, Basseterre",1,18.5,Australia,South Africa,RT Ponting,ML Hayden,CK Langeveldt,0,1,1,,,,,,,,
247478,2006/07,2007-03-24,"Warner Park, Basseterre",1,18.6,Australia,South Africa,RT Ponting,ML Hayden,CK Langeveldt,0,0,,,,,,,,,
247478,2006/07,2007-03-24,"Warner Park, Basseterre",1,18.7,Australia,South Africa,RT Ponting,ML Hayden,CK Langeveldt,0,0,,,,,,,,,
247478,2006/07,2007-03-24,"Warner Park, Basseterre",1,18.8,Australia,South Africa,RT Ponting,ML Hayden,CK Langeveldt,4,0,,,,,,,,,
247478,2006/07,2007-03-24,"Warner Park, Basseterre",1,19.1,Australia,South Africa,ML Hayden,RT Ponting,AJ Hall,1,0,,,,,,,,,
247478,2006/07,2007-03-24,"Warner Park, Basseterre",1,19.2,Australia,South Africa,RT Ponting,ML Hayden,AJ Hall,0,0,,,,,,,,,
247478,2006/07,2007-03-24,"Warner Park, Basseterre",1,19.3,Australia,South Africa,RT Ponting,ML Hayden,AJ Hall,6,0,,,,,,,,,
247478,2006/07,2007-03-24,"Warner Park, Basseterre",1,19.4,Australia,South Africa,RT Ponting,ML Hayden,AJ Hall,0,0,,,,,,,,,
247478,2006/07,2007-03-24,"Warner Park, Basseterre",1,19.5,Australia,South Africa,RT Ponting,ML Hayden,AJ Hall,4,0,,,,,,,,,
247478,2006/07,2007-03-24,"Warner Park, Basseterre",1,19.6,Australia,South Africa,RT Ponting,ML Hayden,AJ Hall,0,0,,,,,,,,,
247478,2006/07,2007-03-24,"Warner Park, Basseterre",1,20.1,Australia,South Africa,ML Hayden,RT Ponting,CK Langeveldt,0,0,,,,,,,,,
247478,2006/07,2007-03-24,"Warner Park, Basseterre",1,20.2,Australia,South Africa,ML Hayden,RT Ponting,CK Langeveldt,1,0,,,,,,,,,
247478,2006/07,2007-03-24,"Warner Park, Basseterre",1,20.3,Australia,South Africa,RT Ponting,ML Hayden,CK Langeveldt,1,0,,,,,,,,,
247478,2006/07,2007-03-24,"Warner Park, Basseterre",1,20.4,Australia,South Africa,ML Hayden,RT Ponting,CK Langeveldt,0,1,1,,,,,,,,
247478,2006/07,2007-03-24,"Warner Park, Basseterre",1,20.5,Australia,South Africa,ML Hayden,RT Ponting,CK Langeveldt,1,0,,,,,,,,,
247478,2006/07,2007-03-24,"Warner Park, Basseterre",1,20.6,Australia,South Africa,RT Ponting,ML Hayden,CK Langeveldt,0,0,,,,,,,,,
247478,2006/07,2007-03-24,"Warner Park, Basseterre",1,20.7,Australia,South Africa,RT Ponting,ML Hayden,CK Langeveldt,1,0,,,,,,,,,
247478,2006/07,2007-03-24,"Warner Park, Basseterre",1,21.1,Australia,South Africa,RT Ponting,ML Hayden,AJ Hall,0,0,,,,,,,,,
247478,2006/07,2007-03-24,"Warner Park, Basseterre",1,21.2,Australia,South Africa,RT Ponting,ML Hayden,AJ Hall,1,0,,,,,,,,,
247478,2006/07,2007-03-24,"Warner Park, Basseterre",1,21.3,Australia,South Africa,ML Hayden,RT Ponting,AJ Hall,1,0,,,,,,,,,
247478,2006/07,2007-03-24,"Warner Park, Basseterre",1,21.4,Australia,South Africa,RT Ponting,ML Hayden,AJ Hall,0,0,,,,,,,,,
247478,2006/07,2007-03-24,"Warner Park, Basseterre",1,21.5,Australia,South Africa,RT Ponting,ML Hayden,AJ Hall,0,0,,,,,,,,,
247478,2006/07,2007-03-24,"Warner Park, Basseterre",1,21.6,Australia,South Africa,RT Ponting,ML Hayden,AJ Hall,0,0,,,,,,,,,
247478,2006/07,2007-03-24,"Warner Park, Basseterre",1,22.1,Australia,South Africa,ML Hayden,RT Ponting,GC Smith,0,0,,,,,,,,,
247478,2006/07,2007-03-24,"Warner Park, Basseterre",1,22.2,Australia,South Africa,ML Hayden,RT Ponting,GC Smith,6,0,,,,,,,,,
247478,2006/07,2007-03-24,"Warner Park, Basseterre",1,22.3,Australia,South Africa,ML Hayden,RT Ponting,GC Smith,1,0,,,,,,,,,
247478,2006/07,2007-03-24,"Warner Park, Basseterre",1,22.4,Australia,South Africa,RT Ponting,ML Hayden,GC Smith,0,0,,,,,,,,,
247478,2006/07,2007-03-24,"Warner Park, Basseterre",1,22.5,Australia,South Africa,RT Ponting,ML Hayden,GC Smith,0,0,,,,,,,,,
247478,2006/07,2007-03-24,"Warner Park, Basseterre",1,22.6,Australia,South Africa,RT Ponting,ML Hayden,GC Smith,1,0,,,,,,,,,
247478,2006/07,2007-03-24,"Warner Park, Basseterre",1,23.1,Australia,South Africa,RT Ponting,ML Hayden,JH Kallis,0,0,,,,,,,,,
247478,2006/07,2007-03-24,"Warner Park, Basseterre",1,23.2,Australia,South Africa,RT Ponting,ML Hayden,JH Kallis,1,0,,,,,,,,,
247478,2006/07,2007-03-24,"Warner Park, Basseterre",1,23.3,Australia,South Africa,ML Hayden,RT Ponting,JH Kallis,0,0,,,,,,caught,ML Hayden,,
247478,2006/07,2007-03-24,"Warner Park, Basseterre",1,23.4,Australia,South Africa,MJ Clarke,RT Ponting,JH Kallis,0,0,,,,,,,,,
247478,2006/07,2007-03-24,"Warner Park, Basseterre",1,23.5,Australia,South Africa,MJ Clarke,RT Ponting,JH Kallis,0,0,,,,,,,,,
247478,2006/07,2007-03-24,"Warner Park, Basseterre",1,23.6,Australia,South Africa,MJ Clarke,RT Ponting,JH Kallis,1,0,,,,,,,,,
247478,2006/07,2007-03-24,"Warner Park, Basseterre",1,24.1,Australia,South Africa,MJ Clarke,RT Ponting,GC Smith,1,0,,,,,,,,,
247478,2006/07,2007-03-24,"Warner Park, Basseterre",1,24.2,Australia,South Africa,RT Ponting,MJ Clarke,GC Smith,1,0,,,,,,,,,
247478,2006/07,2007-03-24,"Warner Park, Basseterre",1,24.3,Australia,South Africa,MJ Clarke,RT Ponting,GC Smith,1,0,,,,,,,,,
247478,2006/07,2007-03-24,"Warner Park, Basseterre",1,24.4,Australia,South Africa,RT Ponting,MJ Clarke,GC Smith,1,0,,,,,,,,,
247478,2006/07,2007-03-24,"Warner Park, Basseterre",1,24.5,Australia,South Africa,MJ Clarke,RT Ponting,GC Smith,1,0,,,,,,,,,
247478,2006/07,2007-03-24,"Warner Park, Basseterre",1,24.6,Australia,South Africa,RT Ponting,MJ Clarke,GC Smith,1,0,,,,,,,,,
247478,2006/07,2007-03-24,"Warner Park, Basseterre",1,25.1,Australia,South Africa,RT Ponting,MJ Clarke,JH Kallis,1,0,,,,,,,,,
247478,2006/07,2007-03-24,"Warner Park, Basseterre",1,25.2,Australia,South Africa,MJ Clarke,RT Ponting,JH Kallis,1,0,,,,,,,,,
247478,2006/07,2007-03-24,"Warner Park, Basseterre",1,25.3,Australia,South Africa,RT Ponting,MJ Clarke,JH Kallis,0,0,,,,,,,,,
247478,2006/07,2007-03-24,"Warner Park, Basseterre",1,25.4,Australia,South Africa,RT Ponting,MJ Clarke,JH Kallis,1,0,,,,,,,,,
247478,2006/07,2007-03-24,"Warner Park, Basseterre",1,25.5,Australia,South Africa,MJ Clarke,RT Ponting,JH Kallis,0,0,,,,,,,,,
247478,2006/07,2007-03-24,"Warner Park, Basseterre",1,25.6,Australia,South Africa,MJ Clarke,RT Ponting,JH Kallis,0,0,,,,,,,,,
247478,2006/07,2007-03-24,"Warner Park, Basseterre",1,26.1,Australia,South Africa,RT Ponting,MJ Clarke,SM Pollock,0,0,,,,,,,,,
247478,2006/07,2007-03-24,"Warner Park, Basseterre",1,26.2,Australia,South Africa,RT Ponting,MJ Clarke,SM Pollock,1,0,,,,,,,,,
247478,2006/07,2007-03-24,"Warner Park, Basseterre",1,26.3,Australia,South Africa,MJ Clarke,RT Ponting,SM Pollock,0,0,,,,,,,,,
247478,2006/07,2007-03-24,"Warner Park, Basseterre",1,26.4,Australia,South Africa,MJ Clarke,RT Ponting,SM Pollock,0,2,2,,,,,,,,
247478,2006/07,2007-03-24,"Warner Park, Basseterre",1,26.5,Australia,South Africa,RT Ponting,MJ Clarke,SM Pollock,0,0,,,,,,,,,
247478,2006/07,2007-03-24,"Warner Park, Basseterre",1,26.6,Australia,South Africa,RT Ponting,MJ Clarke,SM Pollock,1,0,,,,,,,,,
247478,2006/07,2007-03-24,"Warner Park, Basseterre",1,26.7,Australia,South Africa,MJ Clarke,RT Ponting,SM Pollock,1,0,,,,,,,,,
247478,2006/07,2007-03-24,"Warner Park, Basseterre",1,27.1,Australia,South Africa,MJ Clarke,RT Ponting,JH Kallis,0,0,,,,,,,,,
247478,2006/07,2007-03-24,"Warner Park, Basseterre",1,27.2,Australia,South Africa,MJ Clarke,RT Ponting,JH Kallis,1,0,,,,,,,,,
247478,2006/07,2007-03-24,"Warner Park, Basseterre",1,27.3,Australia,South Africa,RT Ponting,MJ Clarke,JH Kallis,4,0,,,,,,,,,
247478,2006/07,2007-03-24,"Warner Park, Basseterre",1,27.4,Australia,South Africa,RT Ponting,MJ Clarke,JH Kallis,0,0,,,,,,,,,
247478,2006/07,2007-03-24,"Warner Park, Basseterre",1,27.5,Australia,South Africa,RT Ponting,MJ Clarke,JH Kallis,1,0,,,,,,,,,
247478,2006/07,2007-03-24,"Warner Park, Basseterre",1,27.6,Australia,South Africa,MJ Clarke,RT Ponting,JH Kallis,1,0,,,,,,,,,
247478,2006/07,2007-03-24,"Warner Park, Basseterre",1,28.1,Australia,South Africa,MJ Clarke,RT Ponting,SM Pollock,0,0,,,,,,,,,
247478,2006/07,2007-03-24,"Warner Park, Basseterre",1,28.2,Australia,South Africa,MJ Clarke,RT Ponting,SM Pollock,2,0,,,,,,,,,
247478,2006/07,2007-03-24,"Warner Park, Basseterre",1,28.3,Australia,South Africa,MJ Clarke,RT Ponting,SM Pollock,0,0,,,,,,,,,
247478,2006/07,2007-03-24,"Warner Park, Basseterre",1,28.4,Australia,South Africa,MJ Clarke,RT Ponting,SM Pollock,0,0,,,,,,,,,
247478,2006/07,2007-03-24,"Warner Park, Basseterre",1,28.5,Australia,South Africa,MJ Clarke,RT Ponting,SM Pollock,1,0,,,,,,,,,
247478,2006/07,2007-03-24,"Warner Park, Basseterre",1,28.6,Australia,South Africa,RT Ponting,MJ Clarke,SM Pollock,1,0,,,,,,,,,
247478,2006/07,2007-03-24,"Warner Park, Basseterre",1,29.1,Australia,South Africa,RT Ponting,MJ Clarke,JH Kallis,1,0,,,,,,,,,
247478,2006/07,2007-03-24,"Warner Park, Basseterre",1,29.2,Australia,South Africa,MJ Clarke,RT Ponting,JH Kallis,1,0,,,,,,,,,
247478,2006/07,2007-03-24,"Warner Park, Basseterre",1,29.3,Australia,South Africa,RT Ponting,MJ Clarke,JH Kallis,0,4,,,,4,,,,,
247478,2006/07,2007-03-24,"Warner Park, Basseterre",1,29.4,Australia,South Africa,RT Ponting,MJ Clarke,JH Kallis,1,0,,,,,,,,,
247478,2006/07,2007-03-24,"Warner Park, Basseterre",1,29.5,Australia,South Africa,MJ Clarke,RT Ponting,JH Kallis,0,0,,,,,,,,,
247478,2006/07,2007-03-24,"Warner Park, Basseterre",1,29.6,Australia,South Africa,MJ Clarke,RT Ponting,JH Kallis,1,0,,,,,,,,,
247478,2006/07,2007-03-24,"Warner Park, Basseterre",1,30.1,Australia,South Africa,MJ Clarke,RT Ponting,SM Pollock,1,0,,,,,,,,,
247478,2006/07,2007-03-24,"Warner Park, Basseterre",1,30.2,Australia,South Africa,RT Ponting,MJ Clarke,SM Pollock,1,0,,,,,,,,,
247478,2006/07,2007-03-24,"Warner Park, Basseterre",1,30.3,Australia,South Africa,MJ Clarke,RT Ponting,SM Pollock,0,0,,,,,,,,,
247478,2006/07,2007-03-24,"Warner Park, Basseterre",1,30.4,Australia,South Africa,MJ Clarke,RT Ponting,SM Pollock,0,0,,,,,,,,,
247478,2006/07,2007-03-24,"Warner Park, Basseterre",1,30.5,Australia,South Africa,MJ Clarke,RT Ponting,SM Pollock,0,0,,,,,,,,,
247478,2006/07,2007-03-24,"Warner Park, Basseterre",1,30.6,Australia,South Africa,MJ Clarke,RT Ponting,SM Pollock,0,0,,,,,,,,,
247478,2006/07,2007-03-24,"Warner Park, Basseterre",1,31.1,Australia,South Africa,RT Ponting,MJ Clarke,JH Kallis,1,0,,,,,,,,,
247478,2006/07,2007-03-24,"Warner Park, Basseterre",1,31.2,Australia,South Africa,MJ Clarke,RT Ponting,JH Kallis,0,0,,,,,,,,,
247478,2006/07,2007-03-24,"Warner Park, Basseterre",1,31.3,Australia,South Africa,MJ Clarke,RT Ponting,JH Kallis,0,0,,,,,,,,,
247478,2006/07,2007-03-24,"Warner Park, Basseterre",1,31.4,Australia,South Africa,MJ Clarke,RT Ponting,JH Kallis,4,0,,,,,,,,,
247478,2006/07,2007-03-24,"Warner Park, Basseterre",1,31.5,Australia,South Africa,MJ Clarke,RT Ponting,JH Kallis,6,0,,,,,,,,,
247478,2006/07,2007-03-24,"Warner Park, Basseterre",1,31.6,Australia,South Africa,MJ Clarke,RT Ponting,JH Kallis,0,0,,,,,,,,,
247478,2006/07,2007-03-24,"Warner Park, Basseterre",1,32.1,Australia,South Africa,RT Ponting,MJ Clarke,M Ntini,0,0,,,,,,,,,
247478,2006/07,2007-03-24,"Warner Park, Basseterre",1,32.2,Australia,South Africa,RT Ponting,MJ Clarke,M Ntini,0,0,,,,,,,,,
247478,2006/07,2007-03-24,"Warner Park, Basseterre",1,32.3,Australia,South Africa,RT Ponting,MJ Clarke,M Ntini,1,0,,,,,,,,,
247478,2006/07,2007-03-24,"Warner Park, Basseterre",1,32.4,Australia,South Africa,MJ Clarke,RT Ponting,M Ntini,0,0,,,,,,,,,
247478,2006/07,2007-03-24,"Warner Park, Basseterre",1,32.5,Australia,South Africa,MJ Clarke,RT Ponting,M Ntini,0,0,,,,,,,,,
247478,2006/07,2007-03-24,"Warner Park, Basseterre",1,32.6,Australia,South Africa,MJ Clarke,RT Ponting,M Ntini,1,0,,,,,,,,,
247478,2006/07,2007-03-24,"Warner Park, Basseterre",1,33.1,Australia,South Africa,MJ Clarke,RT Ponting,JH Kallis,4,0,,,,,,,,,
247478,2006/07,2007-03-24,"Warner Park, Basseterre",1,33.2,Australia,South Africa,MJ Clarke,RT Ponting,JH Kallis,4,0,,,,,,,,,
247478,2006/07,2007-03-24,"Warner Park, Basseterre",1,33.3,Australia,South Africa,MJ Clarke,RT Ponting,JH Kallis,1,0,,,,,,,,,
247478,2006/07,2007-03-24,"Warner Park, Basseterre",1,33.4,Australia,South Africa,RT Ponting,MJ Clarke,JH Kallis,1,0,,,,,,,,,
247478,2006/07,2007-03-24,"Warner Park, Basseterre",1,33.5,Australia,South Africa,MJ Clarke,RT Ponting,JH Kallis,1,0,,,,,,,,,
247478,2006/07,2007-03-24,"Warner Park, Basseterre",1,33.6,Australia,South Africa,RT Ponting,MJ Clarke,JH Kallis,1,0,,,,,,,,,
247478,2006/07,2007-03-24,"Warner Park, Basseterre",1,34.1,Australia,South Africa,RT Ponting,MJ Clarke,M Ntini,4,0,,,,,,,,,
247478,2006/07,2007-03-24,"Warner Park, Basseterre",1,34.2,Australia,South Africa,RT Ponting,MJ Clarke,M Ntini,2,0,,,,,,,,,
247478,2006/07,2007-03-24,"Warner Park, Basseterre",1,34.3,Australia,South Africa,RT Ponting,MJ Clarke,M Ntini,0,0,,,,,,,,,
247478,2006/07,2007-03-24,"Warner Park, Basseterre",1,34.4,Australia,South Africa,RT Ponting,MJ Clarke,M Ntini,0,0,,,,,,,,,
247478,2006/07,2007-03-24,"Warner Park, Basseterre",1,34.5,Australia,South Africa,RT Ponting,MJ Clarke,M Ntini,4,0,,,,,,,,,
247478,2006/07,2007-03-24,"Warner Park, Basseterre",1,34.6,Australia,South Africa,RT Ponting,MJ Clarke,M Ntini,1,0,,,,,,,,,
247478,2006/07,2007-03-24,"Warner Park, Basseterre",1,35.1,Australia,South Africa,RT Ponting,MJ Clarke,CK Langeveldt,1,0,,,,,,,,,
247478,2006/07,2007-03-24,"Warner Park, Basseterre",1,35.2,Australia,South Africa,MJ Clarke,RT Ponting,CK Langeveldt,0,0,,,,,,,,,
247478,2006/07,2007-03-24,"Warner Park, Basseterre",1,35.3,Australia,South Africa,MJ Clarke,RT Ponting,CK Langeveldt,2,0,,,,,,,,,
247478,2006/07,2007-03-24,"Warner Park, Basseterre",1,35.4,Australia,South Africa,MJ Clarke,RT Ponting,CK Langeveldt,4,0,,,,,,,,,
247478,2006/07,2007-03-24,"Warner Park, Basseterre",1,35.5,Australia,South Africa,MJ Clarke,RT Ponting,CK Langeveldt,4,0,,,,,,,,,
247478,2006/07,2007-03-24,"Warner Park, Basseterre",1,35.6,Australia,South Africa,MJ Clarke,RT Ponting,CK Langeveldt,0,0,,,,,,,,,
247478,2006/07,2007-03-24,"Warner Park, Basseterre",1,36.1,Australia,South Africa,RT Ponting,MJ Clarke,SM Pollock,1,0,,,,,,,,,
247478,2006/07,2007-03-24,"Warner Park, Basseterre",1,36.2,Australia,South Africa,MJ Clarke,RT Ponting,SM Pollock,0,0,,,,,,,,,
247478,2006/07,2007-03-24,"Warner Park, Basseterre",1,36.3,Australia,South Africa,MJ Clarke,RT Ponting,SM Pollock,6,0,,,,,,,,,
247478,2006/07,2007-03-24,"Warner Park, Basseterre",1,36.4,Australia,South Africa,MJ Clarke,RT Ponting,SM Pollock,1,0,,,,,,,,,
247478,2006/07,2007-03-24,"Warner Park, Basseterre",1,36.5,Australia,South Africa,RT Ponting,MJ Clarke,SM Pollock,6,0,,,,,,,,,
247478,2006/07,2007-03-24,"Warner Park, Basseterre",1,36.6,Australia,South Africa,RT Ponting,MJ Clarke,SM Pollock,2,0,,,,,,,,,
247478,2006/07,2007-03-24,"Warner Park, Basseterre",1,37.1,Australia,South Africa,MJ Clarke,RT Ponting,CK Langeveldt,0,0,,,,,,,,,
247478,2006/07,2007-03-24,"Warner Park, Basseterre",1,37.2,Australia,South Africa,MJ Clarke,RT Ponting,CK Langeveldt,0,0,,,,,,,,,
247478,2006/07,2007-03-24,"Warner Park, Basseterre",1,37.3,Australia,South Africa,MJ Clarke,RT Ponting,CK Langeveldt,1,0,,,,,,,,,
247478,2006/07,2007-03-24,"Warner Park, Basseterre",1,37.4,Australia,South Africa,RT Ponting,MJ Clarke,CK Langeveldt,1,0,,,,,,,,,
247478,2006/07,2007-03-24,"Warner Park, Basseterre",1,37.5,Australia,South Africa,MJ Clarke,RT Ponting,CK Langeveldt,1,0,,,,,,,,,
247478,2006/07,2007-03-24,"Warner Park, Basseterre",1,37.6,Australia,South Africa,RT Ponting,MJ Clarke,CK Langeveldt,1,0,,,,,,,,,
247478,2006/07,2007-03-24,"Warner Park, Basseterre",1,38.1,Australia,South Africa,RT Ponting,MJ Clarke,SM Pollock,1,0,,,,,,,,,
247478,2006/07,2007-03-24,"Warner Park, Basseterre",1,38.2,Australia,South Africa,MJ Clarke,RT Ponting,SM Pollock,1,0,,,,,,,,,
247478,2006/07,2007-03-24,"Warner Park, Basseterre",1,38.3,Australia,South Africa,RT Ponting,MJ Clarke,SM Pollock,0,5,5,,,,,,,,
247478,2006/07,2007-03-24,"Warner Park, Basseterre",1,38.4,Australia,South Africa,RT Ponting,MJ Clarke,SM Pollock,1,0,,,,,,,,,
247478,2006/07,2007-03-24,"Warner Park, Basseterre",1,38.5,Australia,South Africa,MJ Clarke,RT Ponting,SM Pollock,1,0,,,,,,,,,
247478,2006/07,2007-03-24,"Warner Park, Basseterre",1,38.6,Australia,South Africa,RT Ponting,MJ Clarke,SM Pollock,4,0,,,,,,,,,
247478,2006/07,2007-03-24,"Warner Park, Basseterre",1,38.7,Australia,South Africa,RT Ponting,MJ Clarke,SM Pollock,1,0,,,,,,,,,
247478,2006/07,2007-03-24,"Warner Park, Basseterre",1,39.1,Australia,South Africa,RT Ponting,MJ Clarke,AJ Hall,0,0,,,,,,,,,
247478,2006/07,2007-03-24,"Warner Park, Basseterre",1,39.2,Australia,South Africa,RT Ponting,MJ Clarke,AJ Hall,1,0,,,,,,,,,
247478,2006/07,2007-03-24,"Warner Park, Basseterre",1,39.3,Australia,South Africa,MJ Clarke,RT Ponting,AJ Hall,0,0,,,,,,,,,
247478,2006/07,2007-03-24,"Warner Park, Basseterre",1,39.4,Australia,South Africa,MJ Clarke,RT Ponting,AJ Hall,1,0,,,,,,,,,
247478,2006/07,2007-03-24,"Warner Park, Basseterre",1,39.5,Australia,South Africa,RT Ponting,MJ Clarke,AJ Hall,1,0,,,,,,,,,
247478,2006/07,2007-03-24,"Warner Park, Basseterre",1,39.6,Australia,South Africa,MJ Clarke,RT Ponting,AJ Hall,1,0,,,,,,,,,
247478,2006/07,2007-03-24,"Warner Park, Basseterre",1,40.1,Australia,South Africa,MJ Clarke,RT Ponting,JH Kallis,1,0,,,,,,,,,
247478,2006/07,2007-03-24,"Warner Park, Basseterre",1,40.2,Australia,South Africa,RT Ponting,MJ Clarke,JH Kallis,1,0,,,,,,,,,
247478,2006/07,2007-03-24,"Warner Park, Basseterre",1,40.3,Australia,South Africa,MJ Clarke,RT Ponting,JH Kallis,1,0,,,,,,,,,
247478,2006/07,2007-03-24,"Warner Park, Basseterre",1,40.4,Australia,South Africa,RT Ponting,MJ Clarke,JH Kallis,1,0,,,,,,,,,
247478,2006/07,2007-03-24,"Warner Park, Basseterre",1,40.5,Australia,South Africa,MJ Clarke,RT Ponting,JH Kallis,1,0,,,,,,,,,
247478,2006/07,2007-03-24,"Warner Park, Basseterre",1,40.6,Australia,South Africa,RT Ponting,MJ Clarke,JH Kallis,4,0,,,,,,,,,
247478,2006/07,2007-03-24,"Warner Park, Basseterre",1,41.1,Australia,South Africa,MJ Clarke,RT Ponting,AJ Hall,1,0,,,,,,,,,
247478,2006/07,2007-03-24,"Warner Park, Basseterre",1,41.2,Australia,South Africa,RT Ponting,MJ Clarke,AJ Hall,1,0,,,,,,,,,
247478,2006/07,2007-03-24,"Warner Park, Basseterre",1,41.3,Australia,South Africa,MJ Clarke,RT Ponting,AJ Hall,1,0,,,,,,,,,
247478,2006/07,2007-03-24,"Warner Park, Basseterre",1,41.4,Australia,South Africa,RT Ponting,MJ Clarke,AJ Hall,1,0,,,,,,,,,
247478,2006/07,2007-03-24,"Warner Park, Basseterre",1,41.5,Australia,South Africa,MJ Clarke,RT Ponting,AJ Hall,1,0,,,,,,,,,
247478,2006/07,2007-03-24,"Warner Park, Basseterre",1,41.6,Australia,South Africa,RT Ponting,MJ Clarke,AJ Hall,1,0,,,,,,,,,
247478,2006/07,2007-03-24,"Warner Park, Basseterre",1,42.1,Australia,South Africa,RT Ponting,MJ Clarke,JH Kallis,0,0,,,,,,,,,
247478,2006/07,2007-03-24,"Warner Park, Basseterre",1,42.2,Australia,South Africa,RT Ponting,MJ Clarke,JH Kallis,1,0,,,,,,,,,
247478,2006/07,2007-03-24,"Warner Park, Basseterre",1,42.3,Australia,South Africa,MJ Clarke,RT Ponting,JH Kallis,4,0,,,,,,,,,
247478,2006/07,2007-03-24,"Warner Park, Basseterre",1,42.4,Australia,South Africa,MJ Clarke,RT Ponting,JH Kallis,1,0,,,,,,,,,
247478,2006/07,2007-03-24,"Warner Park, Basseterre",1,42.5,Australia,South Africa,RT Ponting,MJ Clarke,JH Kallis,1,0,,,,,,,,,
247478,2006/07,2007-03-24,"Warner Park, Basseterre",1,42.6,Australia,South Africa,MJ Clarke,RT Ponting,JH Kallis,1,0,,,,,,,,,
247478,2006/07,2007-03-24,"Warner Park, Basseterre",1,43.1,Australia,South Africa,MJ Clarke,RT Ponting,M Ntini,0,0,,,,,,,,,
247478,2006/07,2007-03-24,"Warner Park, Basseterre",1,43.2,Australia,South Africa,MJ Clarke,RT Ponting,M Ntini,1,0,,,,,,,,,
247478,2006/07,2007-03-24,"Warner Park, Basseterre",1,43.3,Australia,South Africa,RT Ponting,MJ Clarke,M Ntini,1,0,,,,,,,,,
247478,2006/07,2007-03-24,"Warner Park, Basseterre",1,43.4,Australia,South Africa,MJ Clarke,RT Ponting,M Ntini,1,0,,,,,,,,,
247478,2006/07,2007-03-24,"Warner Park, Basseterre",1,43.5,Australia,South Africa,RT Ponting,MJ Clarke,M Ntini,4,0,,,,,,,,,
247478,2006/07,2007-03-24,"Warner Park, Basseterre",1,43.6,Australia,South Africa,RT Ponting,MJ Clarke,M Ntini,0,0,,,,,,,,,
247478,2006/07,2007-03-24,"Warner Park, Basseterre",1,44.1,Australia,South Africa,MJ Clarke,RT Ponting,JH Kallis,1,0,,,,,,,,,
247478,2006/07,2007-03-24,"Warner Park, Basseterre",1,44.2,Australia,South Africa,RT Ponting,MJ Clarke,JH Kallis,1,0,,,,,,,,,
247478,2006/07,2007-03-24,"Warner Park, Basseterre",1,44.3,Australia,South Africa,MJ Clarke,RT Ponting,JH Kallis,1,0,,,,,,,,,
247478,2006/07,2007-03-24,"Warner Park, Basseterre",1,44.4,Australia,South Africa,RT Ponting,MJ Clarke,JH Kallis,0,0,,,,,,,,,
247478,2006/07,2007-03-24,"Warner Park, Basseterre",1,44.5,Australia,South Africa,RT Ponting,MJ Clarke,JH Kallis,1,0,,,,,,,,,
247478,2006/07,2007-03-24,"Warner Park, Basseterre",1,44.6,Australia,South Africa,MJ Clarke,RT Ponting,JH Kallis,6,0,,,,,,,,,
247478,2006/07,2007-03-24,"Warner Park, Basseterre",1,45.1,Australia,South Africa,RT Ponting,MJ Clarke,M Ntini,0,0,,,,,,caught,RT Ponting,,
247478,2006/07,2007-03-24,"Warner Park, Basseterre",1,45.2,Australia,South Africa,A Symonds,MJ Clarke,M Ntini,1,0,,,,,,,,,
247478,2006/07,2007-03-24,"Warner Park, Basseterre",1,45.3,Australia,South Africa,MJ Clarke,A Symonds,M Ntini,4,0,,,,,,,,,
247478,2006/07,2007-03-24,"Warner Park, Basseterre",1,45.4,Australia,South Africa,MJ Clarke,A Symonds,M Ntini,1,0,,,,,,,,,
247478,2006/07,2007-03-24,"Warner Park, Basseterre",1,45.5,Australia,South Africa,A Symonds,MJ Clarke,M Ntini,1,0,,,,,,,,,
247478,2006/07,2007-03-24,"Warner Park, Basseterre",1,45.6,Australia,South Africa,MJ Clarke,A Symonds,M Ntini,6,0,,,,,,,,,
247478,2006/07,2007-03-24,"Warner Park, Basseterre",1,46.1,Australia,South Africa,A Symonds,MJ Clarke,CK Langeveldt,1,0,,,,,,,,,
247478,2006/07,2007-03-24,"Warner Park, Basseterre",1,46.2,Australia,South Africa,MJ Clarke,A Symonds,CK Langeveldt,1,0,,,,,,,,,
247478,2006/07,2007-03-24,"Warner Park, Basseterre",1,46.3,Australia,South Africa,A Symonds,MJ Clarke,CK Langeveldt,4,0,,,,,,,,,
247478,2006/07,2007-03-24,"Warner Park, Basseterre",1,46.4,Australia,South Africa,A Symonds,MJ Clarke,CK Langeveldt,0,0,,,,,,run out,MJ Clarke,,
247478,2006/07,2007-03-24,"Warner Park, Basseterre",1,46.5,Australia,South Africa,A Symonds,MEK Hussey,CK Langeveldt,1,0,,,,,,,,,
247478,2006/07,2007-03-24,"Warner Park, Basseterre",1,46.6,Australia,South Africa,MEK Hussey,A Symonds,CK Langeveldt,1,0,,,,,,,,,
247478,2006/07,2007-03-24,"Warner Park, Basseterre",1,47.1,Australia,South Africa,MEK Hussey,A Symonds,AJ Hall,4,0,,,,,,,,,
247478,2006/07,2007-03-24,"Warner Park, Basseterre",1,47.2,Australia,South Africa,MEK Hussey,A Symonds,AJ Hall,0,0,,,,,,caught,MEK Hussey,,
247478,2006/07,2007-03-24,"Warner Park, Basseterre",1,47.3,Australia,South Africa,A Symonds,SR Watson,AJ Hall,1,0,,,,,,,,,
247478,2006/07,2007-03-24,"Warner Park, Basseterre",1,47.4,Australia,South Africa,SR Watson,A Symonds,AJ Hall,1,0,,,,,,,,,
247478,2006/07,2007-03-24,"Warner Park, Basseterre",1,47.5,Australia,South Africa,A Symonds,SR Watson,AJ Hall,1,0,,,,,,,,,
247478,2006/07,2007-03-24,"Warner Park, Basseterre",1,47.6,Australia,South Africa,SR Watson,A Symonds,AJ Hall,1,0,,,,,,,,,
247478,2006/07,2007-03-24,"Warner Park, Basseterre",1,48.1,Australia,South Africa,SR Watson,A Symonds,CK Langeveldt,1,0,,,,,,,,,
247478,2006/07,2007-03-24,"Warner Park, Basseterre",1,48.2,Australia,South Africa,A Symonds,SR Watson,CK Langeveldt,4,0,,,,,,,,,
247478,2006/07,2007-03-24,"Warner Park, Basseterre",1,48.3,Australia,South Africa,A Symonds,SR Watson,CK Langeveldt,1,0,,,,,,,,,
247478,2006/07,2007-03-24,"Warner Park, Basseterre",1,48.4,Australia,South Africa,SR Watson,A Symonds,CK Langeveldt,4,0,,,,,,,,,
247478,2006/07,2007-03-24,"Warner Park, Basseterre",1,48.5,Australia,South Africa,SR Watson,A Symonds,CK Langeveldt,2,0,,,,,,,,,
247478,2006/07,2007-03-24,"Warner Park, Basseterre",1,48.6,Australia,South Africa,SR Watson,A Symonds,CK Langeveldt,4,0,,,,,,,,,
247478,2006/07,2007-03-24,"Warner Park, Basseterre",1,49.1,Australia,South Africa,A Symonds,SR Watson,AJ Hall,1,0,,,,,,,,,
247478,2006/07,2007-03-24,"Warner Park, Basseterre",1,49.2,Australia,South Africa,SR Watson,A Symonds,AJ Hall,0,0,,,,,,,,,
247478,2006/07,2007-03-24,"Warner Park, Basseterre",1,49.3,Australia,South Africa,SR Watson,A Symonds,AJ Hall,0,0,,,,,,,,,
247478,2006/07,2007-03-24,"Warner Park, Basseterre",1,49.4,Australia,South Africa,SR Watson,A Symonds,AJ Hall,1,0,,,,,,,,,
247478,2006/07,2007-03-24,"Warner Park, Basseterre",1,49.5,Australia,South Africa,A Symonds,SR Watson,AJ Hall,2,0,,,,,,,,,
247478,2006/07,2007-03-24,"Warner Park, Basseterre",1,49.6,Australia,South Africa,A Symonds,SR Watson,AJ Hall,0,0,,,,,,bowled,A Symonds,,
247478,2006/07,2007-03-24,"Warner Park, Basseterre",2,0.1,South Africa,Australia,AB de Villiers,GC Smith,NW Bracken,0,0,,,,,,,,,
247478,2006/07,2007-03-24,"Warner Park, Basseterre",2,0.2,South Africa,Australia,AB de Villiers,GC Smith,NW Bracken,0,0,,,,,,,,,
247478,2006/07,2007-03-24,"Warner Park, Basseterre",2,0.3,South Africa,Australia,AB de Villiers,GC Smith,NW Bracken,0,0,,,,,,,,,
247478,2006/07,2007-03-24,"Warner Park, Basseterre",2,0.4,South Africa,Australia,AB de Villiers,GC Smith,NW Bracken,4,0,,,,,,,,,
247478,2006/07,2007-03-24,"Warner Park, Basseterre",2,0.5,South Africa,Australia,AB de Villiers,GC Smith,NW Bracken,6,0,,,,,,,,,
247478,2006/07,2007-03-24,"Warner Park, Basseterre",2,0.6,South Africa,Australia,AB de Villiers,GC Smith,NW Bracken,0,0,,,,,,,,,
247478,2006/07,2007-03-24,"Warner Park, Basseterre",2,1.1,South Africa,Australia,GC Smith,AB de Villiers,SW Tait,0,0,,,,,,,,,
247478,2006/07,2007-03-24,"Warner Park, Basseterre",2,1.2,South Africa,Australia,GC Smith,AB de Villiers,SW Tait,0,0,,,,,,,,,
247478,2006/07,2007-03-24,"Warner Park, Basseterre",2,1.3,South Africa,Australia,GC Smith,AB de Villiers,SW Tait,1,0,,,,,,,,,
247478,2006/07,2007-03-24,"Warner Park, Basseterre",2,1.4,South Africa,Australia,AB de Villiers,GC Smith,SW Tait,0,1,1,,,,,,,,
247478,2006/07,2007-03-24,"Warner Park, Basseterre",2,1.5,South Africa,Australia,AB de Villiers,GC Smith,SW Tait,4,0,,,,,,,,,
247478,2006/07,2007-03-24,"Warner Park, Basseterre",2,1.6,South Africa,Australia,AB de Villiers,GC Smith,SW Tait,0,0,,,,,,,,,
247478,2006/07,2007-03-24,"Warner Park, Basseterre",2,1.7,South Africa,Australia,AB de Villiers,GC Smith,SW Tait,0,1,1,,,,,,,,
247478,2006/07,2007-03-24,"Warner Park, Basseterre",2,1.8,South Africa,Australia,AB de Villiers,GC Smith,SW Tait,1,0,,,,,,,,,
247478,2006/07,2007-03-24,"Warner Park, Basseterre",2,2.1,South Africa,Australia,AB de Villiers,GC Smith,NW Bracken,0,0,,,,,,,,,
247478,2006/07,2007-03-24,"Warner Park, Basseterre",2,2.2,South Africa,Australia,AB de Villiers,GC Smith,NW Bracken,0,0,,,,,,,,,
247478,2006/07,2007-03-24,"Warner Park, Basseterre",2,2.3,South Africa,Australia,AB de Villiers,GC Smith,NW Bracken,1,0,,,,,,,,,
247478,2006/07,2007-03-24,"Warner Park, Basseterre",2,2.4,South Africa,Australia,GC Smith,AB de Villiers,NW Bracken,0,0,,,,,,,,,
247478,2006/07,2007-03-24,"Warner Park, Basseterre",2,2.5,South Africa,Australia,GC Smith,AB de Villiers,NW Bracken,0,0,,,,,,,,,
247478,2006/07,2007-03-24,"Warner Park, Basseterre",2,2.6,South Africa,Australia,GC Smith,AB de Villiers,NW Bracken,0,0,,,,,,,,,
247478,2006/07,2007-03-24,"Warner Park, Basseterre",2,3.1,South Africa,Australia,AB de Villiers,GC Smith,SW Tait,1,0,,,,,,,,,
247478,2006/07,2007-03-24,"Warner Park, Basseterre",2,3.2,South Africa,Australia,GC Smith,AB de Villiers,SW Tait,0,0,,,,,,,,,
247478,2006/07,2007-03-24,"Warner Park, Basseterre",2,3.3,South Africa,Australia,GC Smith,AB de Villiers,SW Tait,4,0,,,,,,,,,
247478,2006/07,2007-03-24,"Warner Park, Basseterre",2,3.4,South Africa,Australia,GC Smith,AB de Villiers,SW Tait,1,0,,,,,,,,,
247478,2006/07,2007-03-24,"Warner Park, Basseterre",2,3.5,South Africa,Australia,AB de Villiers,GC Smith,SW Tait,4,0,,,,,,,,,
247478,2006/07,2007-03-24,"Warner Park, Basseterre",2,3.6,South Africa,Australia,AB de Villiers,GC Smith,SW Tait,0,1,1,,,,,,,,
247478,2006/07,2007-03-24,"Warner Park, Basseterre",2,3.7,South Africa,Australia,AB de Villiers,GC Smith,SW Tait,0,0,,,,,,,,,
247478,2006/07,2007-03-24,"Warner Park, Basseterre",2,4.1,South Africa,Australia,GC Smith,AB de Villiers,NW Bracken,4,0,,,,,,,,,
247478,2006/07,2007-03-24,"Warner Park, Basseterre",2,4.2,South Africa,Australia,GC Smith,AB de Villiers,NW Bracken,0,0,,,,,,,,,
247478,2006/07,2007-03-24,"Warner Park, Basseterre",2,4.3,South Africa,Australia,GC Smith,AB de Villiers,NW Bracken,0,0,,,,,,,,,
247478,2006/07,2007-03-24,"Warner Park, Basseterre",2,4.4,South Africa,Australia,GC Smith,AB de Villiers,NW Bracken,4,0,,,,,,,,,
247478,2006/07,2007-03-24,"Warner Park, Basseterre",2,4.5,South Africa,Australia,GC Smith,AB de Villiers,NW Bracken,1,0,,,,,,,,,
247478,2006/07,2007-03-24,"Warner Park, Basseterre",2,4.6,South Africa,Australia,AB de Villiers,GC Smith,NW Bracken,1,0,,,,,,,,,
247478,2006/07,2007-03-24,"Warner Park, Basseterre",2,5.1,South Africa,Australia,AB de Villiers,GC Smith,GD McGrath,4,0,,,,,,,,,
247478,2006/07,2007-03-24,"Warner Park, Basseterre",2,5.2,South Africa,Australia,AB de Villiers,GC Smith,GD McGrath,4,0,,,,,,,,,
247478,2006/07,2007-03-24,"Warner Park, Basseterre",2,5.3,South Africa,Australia,AB de Villiers,GC Smith,GD McGrath,4,0,,,,,,,,,
247478,2006/07,2007-03-24,"Warner Park, Basseterre",2,5.4,South Africa,Australia,AB de Villiers,GC Smith,GD McGrath,0,0,,,,,,,,,
247478,2006/07,2007-03-24,"Warner Park, Basseterre",2,5.5,South Africa,Australia,AB de Villiers,GC Smith,GD McGrath,0,0,,,,,,,,,
247478,2006/07,2007-03-24,"Warner Park, Basseterre",2,5.6,South Africa,Australia,AB de Villiers,GC Smith,GD McGrath,0,0,,,,,,,,,
247478,2006/07,2007-03-24,"Warner Park, Basseterre",2,6.1,South Africa,Australia,GC Smith,AB de Villiers,NW Bracken,1,0,,,,,,,,,
247478,2006/07,2007-03-24,"Warner Park, Basseterre",2,6.2,South Africa,Australia,AB de Villiers,GC Smith,NW Bracken,0,0,,,,,,,,,
247478,2006/07,2007-03-24,"Warner Park, Basseterre",2,6.3,South Africa,Australia,AB de Villiers,GC Smith,NW Bracken,0,0,,,,,,,,,
247478,2006/07,2007-03-24,"Warner Park, Basseterre",2,6.4,South Africa,Australia,AB de Villiers,GC Smith,NW Bracken,0,0,,,,,,,,,
247478,2006/07,2007-03-24,"Warner Park, Basseterre",2,6.5,South Africa,Australia,AB de Villiers,GC Smith,NW Bracken,1,0,,,,,,,,,
247478,2006/07,2007-03-24,"Warner Park, Basseterre",2,6.6,South Africa,Australia,GC Smith,AB de Villiers,NW Bracken,0,0,,,,,,,,,
247478,2006/07,2007-03-24,"Warner Park, Basseterre",2,7.1,South Africa,Australia,AB de Villiers,GC Smith,GD McGrath,0,0,,,,,,,,,
247478,2006/07,2007-03-24,"Warner Park, Basseterre",2,7.2,South Africa,Australia,AB de Villiers,GC Smith,GD McGrath,0,0,,,,,,,,,
247478,2006/07,2007-03-24,"Warner Park, Basseterre",2,7.3,South Africa,Australia,AB de Villiers,GC Smith,GD McGrath,0,0,,,,,,,,,
247478,2006/07,2007-03-24,"Warner Park, Basseterre",2,7.4,South Africa,Australia,AB de Villiers,GC Smith,GD McGrath,0,0,,,,,,,,,
247478,2006/07,2007-03-24,"Warner Park, Basseterre",2,7.5,South Africa,Australia,AB de Villiers,GC Smith,GD McGrath,1,0,,,,,,,,,
247478,2006/07,2007-03-24,"Warner Park, Basseterre",2,7.6,South Africa,Australia,GC Smith,AB de Villiers,GD McGrath,0,0,,,,,,,,,
247478,2006/07,2007-03-24,"Warner Park, Basseterre",2,8.1,South Africa,Australia,AB de Villiers,GC Smith,SR Watson,1,0,,,,,,,,,
247478,2006/07,2007-03-24,"Warner Park, Basseterre",2,8.2,South Africa,Australia,GC Smith,AB de Villiers,SR Watson,0,0,,,,,,,,,
247478,2006/07,2007-03-24,"Warner Park, Basseterre",2,8.3,South Africa,Australia,GC Smith,AB de Villiers,SR Watson,0,0,,,,,,,,,
247478,2006/07,2007-03-24,"Warner Park, Basseterre",2,8.4,South Africa,Australia,GC Smith,AB de Villiers,SR Watson,6,0,,,,,,,,,
247478,2006/07,2007-03-24,"Warner Park, Basseterre",2,8.5,South Africa,Australia,GC Smith,AB de Villiers,SR Watson,1,0,,,,,,,,,
247478,2006/07,2007-03-24,"Warner Park, Basseterre",2,8.6,South Africa,Australia,AB de Villiers,GC Smith,SR Watson,0,0,,,,,,,,,
247478,2006/07,2007-03-24,"Warner Park, Basseterre",2,9.1,South Africa,Australia,GC Smith,AB de Villiers,GD McGrath,4,0,,,,,,,,,
247478,2006/07,2007-03-24,"Warner Park, Basseterre",2,9.2,South Africa,Australia,GC Smith,AB de Villiers,GD McGrath,1,0,,,,,,,,,
247478,2006/07,2007-03-24,"Warner Park, Basseterre",2,9.3,South Africa,Australia,AB de Villiers,GC Smith,GD McGrath,0,0,,,,,,,,,
247478,2006/07,2007-03-24,"Warner Park, Basseterre",2,9.4,South Africa,Australia,AB de Villiers,GC Smith,GD McGrath,4,0,,,,,,,,,
247478,2006/07,2007-03-24,"Warner Park, Basseterre",2,9.5,South Africa,Australia,AB de Villiers,GC Smith,GD McGrath,1,0,,,,,,,,,
247478,2006/07,2007-03-24,"Warner Park, Basseterre",2,9.6,South Africa,Australia,GC Smith,AB de Villiers,GD McGrath,0,0,,,,,,,,,
247478,2006/07,2007-03-24,"Warner Park, Basseterre",2,10.1,South Africa,Australia,AB de Villiers,GC Smith,SR Watson,0,0,,,,,,,,,
247478,2006/07,2007-03-24,"Warner Park, Basseterre",2,10.2,South Africa,Australia,AB de Villiers,GC Smith,SR Watson,1,0,,,,,,,,,
247478,2006/07,2007-03-24,"Warner Park, Basseterre",2,10.3,South Africa,Australia,GC Smith,AB de Villiers,SR Watson,1,0,,,,,,,,,
247478,2006/07,2007-03-24,"Warner Park, Basseterre",2,10.4,South Africa,Australia,AB de Villiers,GC Smith,SR Watson,0,0,,,,,,,,,
247478,2006/07,2007-03-24,"Warner Park, Basseterre",2,10.5,South Africa,Australia,AB de Villiers,GC Smith,SR Watson,0,0,,,,,,,,,
247478,2006/07,2007-03-24,"Warner Park, Basseterre",2,10.6,South Africa,Australia,AB de Villiers,GC Smith,SR Watson,4,0,,,,,,,,,
247478,2006/07,2007-03-24,"Warner Park, Basseterre",2,11.1,South Africa,Australia,GC Smith,AB de Villiers,GD McGrath,1,0,,,,,,,,,
247478,2006/07,2007-03-24,"Warner Park, Basseterre",2,11.2,South Africa,Australia,AB de Villiers,GC Smith,GD McGrath,0,0,,,,,,,,,
247478,2006/07,2007-03-24,"Warner Park, Basseterre",2,11.3,South Africa,Australia,AB de Villiers,GC Smith,GD McGrath,0,0,,,,,,,,,
247478,2006/07,2007-03-24,"Warner Park, Basseterre",2,11.4,South Africa,Australia,AB de Villiers,GC Smith,GD McGrath,0,0,,,,,,,,,
247478,2006/07,2007-03-24,"Warner Park, Basseterre",2,11.5,South Africa,Australia,AB de Villiers,GC Smith,GD McGrath,1,0,,,,,,,,,
247478,2006/07,2007-03-24,"Warner Park, Basseterre",2,11.6,South Africa,Australia,GC Smith,AB de Villiers,GD McGrath,0,0,,,,,,,,,
247478,2006/07,2007-03-24,"Warner Park, Basseterre",2,12.1,South Africa,Australia,AB de Villiers,GC Smith,SR Watson,1,0,,,,,,,,,
247478,2006/07,2007-03-24,"Warner Park, Basseterre",2,12.2,South Africa,Australia,GC Smith,AB de Villiers,SR Watson,4,0,,,,,,,,,
247478,2006/07,2007-03-24,"Warner Park, Basseterre",2,12.3,South Africa,Australia,GC Smith,AB de Villiers,SR Watson,0,0,,,,,,,,,
247478,2006/07,2007-03-24,"Warner Park, Basseterre",2,12.4,South Africa,Australia,GC Smith,AB de Villiers,SR Watson,6,0,,,,,,,,,
247478,2006/07,2007-03-24,"Warner Park, Basseterre",2,12.5,South Africa,Australia,GC Smith,AB de Villiers,SR Watson,1,0,,,,,,,,,
247478,2006/07,2007-03-24,"Warner Park, Basseterre",2,12.6,South Africa,Australia,AB de Villiers,GC Smith,SR Watson,3,0,,,,,,,,,
247478,2006/07,2007-03-24,"Warner Park, Basseterre",2,13.1,South Africa,Australia,AB de Villiers,GC Smith,GD McGrath,4,0,,,,,,,,,
247478,2006/07,2007-03-24,"Warner Park, Basseterre",2,13.2,South Africa,Australia,AB de Villiers,GC Smith,GD McGrath,0,0,,,,,,,,,
247478,2006/07,2007-03-24,"Warner Park, Basseterre",2,13.3,South Africa,Australia,AB de Villiers,GC Smith,GD McGrath,1,0,,,,,,,,,
247478,2006/07,2007-03-24,"Warner Park, Basseterre",2,13.4,South Africa,Australia,GC Smith,AB de Villiers,GD McGrath,0,0,,,,,,,,,
247478,2006/07,2007-03-24,"Warner Park, Basseterre",2,13.5,South Africa,Australia,GC Smith,AB de Villiers,GD McGrath,1,0,,,,,,,,,
247478,2006/07,2007-03-24,"Warner Park, Basseterre",2,13.6,South Africa,Australia,AB de Villiers,GC Smith,GD McGrath,4,0,,,,,,,,,
247478,2006/07,2007-03-24,"Warner Park, Basseterre",2,14.1,South Africa,Australia,GC Smith,AB de Villiers,SW Tait,1,0,,,,,,,,,
247478,2006/07,2007-03-24,"Warner Park, Basseterre",2,14.2,South Africa,Australia,AB de Villiers,GC Smith,SW Tait,0,0,,,,,,,,,
247478,2006/07,2007-03-24,"Warner Park, Basseterre",2,14.3,South Africa,Australia,AB de Villiers,GC Smith,SW Tait,1,0,,,,,,,,,
247478,2006/07,2007-03-24,"Warner Park, Basseterre",2,14.4,South Africa,Australia,GC Smith,AB de Villiers,SW Tait,4,0,,,,,,,,,
247478,2006/07,2007-03-24,"Warner Park, Basseterre",2,14.5,South Africa,Australia,GC Smith,AB de Villiers,SW Tait,1,0,,,,,,,,,
247478,2006/07,2007-03-24,"Warner Park, Basseterre",2,14.6,South Africa,Australia,AB de Villiers,GC Smith,SW Tait,0,0,,,,,,,,,
247478,2006/07,2007-03-24,"Warner Park, Basseterre",2,15.1,South Africa,Australia,GC Smith,AB de Villiers,GB Hogg,0,0,,,,,,,,,
247478,2006/07,2007-03-24,"Warner Park, Basseterre",2,15.2,South Africa,Australia,GC Smith,AB de Villiers,GB Hogg,0,0,,,,,,,,,
247478,2006/07,2007-03-24,"Warner Park, Basseterre",2,15.3,South Africa,Australia,GC Smith,AB de Villiers,GB Hogg,0,0,,,,,,,,,
247478,2006/07,2007-03-24,"Warner Park, Basseterre",2,15.4,South Africa,Australia,GC Smith,AB de Villiers,GB Hogg,0,0,,,,,,,,,
247478,2006/07,2007-03-24,"Warner Park, Basseterre",2,15.5,South Africa,Australia,GC Smith,AB de Villiers,GB Hogg,4,0,,,,,,,,,
247478,2006/07,2007-03-24,"Warner Park, Basseterre",2,15.6,South Africa,Australia,GC Smith,AB de Villiers,GB Hogg,1,0,,,,,,,,,
247478,2006/07,2007-03-24,"Warner Park, Basseterre",2,16.1,South Africa,Australia,GC Smith,AB de Villiers,SW Tait,0,0,,,,,,,,,
247478,2006/07,2007-03-24,"Warner Park, Basseterre",2,16.2,South Africa,Australia,GC Smith,AB de Villiers,SW Tait,0,0,,,,,,,,,
247478,2006/07,2007-03-24,"Warner Park, Basseterre",2,16.3,South Africa,Australia,GC Smith,AB de Villiers,SW Tait,1,0,,,,,,,,,
247478,2006/07,2007-03-24,"Warner Park, Basseterre",2,16.4,South Africa,Australia,AB de Villiers,GC Smith,SW Tait,1,0,,,,,,,,,
247478,2006/07,2007-03-24,"Warner Park, Basseterre",2,16.5,South Africa,Australia,GC Smith,AB de Villiers,SW Tait,4,0,,,,,,,,,
247478,2006/07,2007-03-24,"Warner Park, Basseterre",2,16.6,South Africa,Australia,GC Smith,AB de Villiers,SW Tait,1,0,,,,,,,,,
247478,2006/07,2007-03-24,"Warner Park, Basseterre",2,17.1,South Africa,Australia,GC Smith,AB de Villiers,GB Hogg,0,0,,,,,,,,,
247478,2006/07,2007-03-24,"Warner Park, Basseterre",2,17.2,South Africa,Australia,GC Smith,AB de Villiers,GB Hogg,1,0,,,,,,,,,
247478,2006/07,2007-03-24,"Warner Park, Basseterre",2,17.3,South Africa,Australia,AB de Villiers,GC Smith,GB Hogg,2,0,,,,,,,,,
247478,2006/07,2007-03-24,"Warner Park, Basseterre",2,17.4,South Africa,Australia,AB de Villiers,GC Smith,GB Hogg,6,0,,,,,,,,,
247478,2006/07,2007-03-24,"Warner Park, Basseterre",2,17.5,South Africa,Australia,AB de Villiers,GC Smith,GB Hogg,0,0,,,,,,,,,
247478,2006/07,2007-03-24,"Warner Park, Basseterre",2,17.6,South Africa,Australia,AB de Villiers,GC Smith,GB Hogg,0,0,,,,,,,,,
247478,2006/07,2007-03-24,"Warner Park, Basseterre",2,18.1,South Africa,Australia,GC Smith,AB de Villiers,A Symonds,1,0,,,,,,,,,
247478,2006/07,2007-03-24,"Warner Park, Basseterre",2,18.2,South Africa,Australia,AB de Villiers,GC Smith,A Symonds,0,0,,,,,,,,,
247478,2006/07,2007-03-24,"Warner Park, Basseterre",2,18.3,South Africa,Australia,AB de Villiers,GC Smith,A Symonds,0,0,,,,,,,,,
247478,2006/07,2007-03-24,"Warner Park, Basseterre",2,18.4,South Africa,Australia,AB de Villiers,GC Smith,A Symonds,4,0,,,,,,,,,
247478,2006/07,2007-03-24,"Warner Park, Basseterre",2,18.5,South Africa,Australia,AB de Villiers,GC Smith,A Symonds,4,0,,,,,,,,,
247478,2006/07,2007-03-24,"Warner Park, Basseterre",2,18.6,South Africa,Australia,AB de Villiers,GC Smith,A Symonds,4,0,,,,,,,,,
247478,2006/07,2007-03-24,"Warner Park, Basseterre",2,19.1,South Africa,Australia,GC Smith,AB de Villiers,GB Hogg,0,0,,,,,,,,,
247478,2006/07,2007-03-24,"Warner Park, Basseterre",2,19.2,South Africa,Australia,GC Smith,AB de Villiers,GB Hogg,0,0,,,,,,,,,
247478,2006/07,2007-03-24,"Warner Park, Basseterre",2,19.3,South Africa,Australia,GC Smith,AB de Villiers,GB Hogg,1,0,,,,,,,,,
247478,2006/07,2007-03-24,"Warner Park, Basseterre",2,19.4,South Africa,Australia,AB de Villiers,GC Smith,GB Hogg,0,0,,,,,,,,,
247478,2006/07,2007-03-24,"Warner Park, Basseterre",2,19.5,South Africa,Australia,AB de Villiers,GC Smith,GB Hogg,4,0,,,,,,,,,
247478,2006/07,2007-03-24,"Warner Park, Basseterre",2,19.6,South Africa,Australia,AB de Villiers,GC Smith,GB Hogg,2,0,,,,,,,,,
247478,2006/07,2007-03-24,"Warner Park, Basseterre",2,20.1,South Africa,Australia,GC Smith,AB de Villiers,A Symonds,1,0,,,,,,,,,
247478,2006/07,2007-03-24,"Warner Park, Basseterre",2,20.2,South Africa,Australia,AB de Villiers,GC Smith,A Symonds,1,0,,,,,,,,,
247478,2006/07,2007-03-24,"Warner Park, Basseterre",2,20.3,South Africa,Australia,GC Smith,AB de Villiers,A Symonds,1,0,,,,,,,,,
247478,2006/07,2007-03-24,"Warner Park, Basseterre",2,20.4,South Africa,Australia,AB de Villiers,GC Smith,A Symonds,1,0,,,,,,,,,
247478,2006/07,2007-03-24,"Warner Park, Basseterre",2,20.5,South Africa,Australia,GC Smith,AB de Villiers,A Symonds,1,0,,,,,,,,,
247478,2006/07,2007-03-24,"Warner Park, Basseterre",2,20.6,South Africa,Australia,AB de Villiers,GC Smith,A Symonds,1,0,,,,,,run out,AB de Villiers,,
247478,2006/07,2007-03-24,"Warner Park, Basseterre",2,21.1,South Africa,Australia,GC Smith,JH Kallis,GB Hogg,4,0,,,,,,,,,
247478,2006/07,2007-03-24,"Warner Park, Basseterre",2,21.2,South Africa,Australia,GC Smith,JH Kallis,GB Hogg,1,0,,,,,,,,,
247478,2006/07,2007-03-24,"Warner Park, Basseterre",2,21.3,South Africa,Australia,JH Kallis,GC Smith,GB Hogg,0,0,,,,,,,,,
247478,2006/07,2007-03-24,"Warner Park, Basseterre",2,21.4,South Africa,Australia,JH Kallis,GC Smith,GB Hogg,0,0,,,,,,,,,
247478,2006/07,2007-03-24,"Warner Park, Basseterre",2,21.5,South Africa,Australia,JH Kallis,GC Smith,GB Hogg,0,0,,,,,,,,,
247478,2006/07,2007-03-24,"Warner Park, Basseterre",2,21.6,South Africa,Australia,JH Kallis,GC Smith,GB Hogg,1,0,,,,,,,,,
247478,2006/07,2007-03-24,"Warner Park, Basseterre",2,22.1,South Africa,Australia,JH Kallis,GC Smith,SW Tait,0,0,,,,,,,,,
247478,2006/07,2007-03-24,"Warner Park, Basseterre",2,22.2,South Africa,Australia,JH Kallis,GC Smith,SW Tait,0,0,,,,,,,,,
247478,2006/07,2007-03-24,"Warner Park, Basseterre",2,22.3,South Africa,Australia,JH Kallis,GC Smith,SW Tait,0,1,1,,,,,,,,
247478,2006/07,2007-03-24,"Warner Park, Basseterre",2,22.4,South Africa,Australia,JH Kallis,GC Smith,SW Tait,0,0,,,,,,,,,
247478,2006/07,2007-03-24,"Warner Park, Basseterre",2,22.5,South Africa,Australia,JH Kallis,GC Smith,SW Tait,0,0,,,,,,,,,
247478,2006/07,2007-03-24,"Warner Park, Basseterre",2,22.6,South Africa,Australia,JH Kallis,GC Smith,SW Tait,4,0,,,,,,,,,
247478,2006/07,2007-03-24,"Warner Park, Basseterre",2,22.7,South Africa,Australia,JH Kallis,GC Smith,SW Tait,0,0,,,,,,,,,
247478,2006/07,2007-03-24,"Warner Park, Basseterre",2,23.1,South Africa,Australia,GC Smith,JH Kallis,SR Watson,0,0,,,,,,,,,
247478,2006/07,2007-03-24,"Warner Park, Basseterre",2,23.2,South Africa,Australia,GC Smith,JH Kallis,SR Watson,0,5,5,,,,,,,,
247478,2006/07,2007-03-24,"Warner Park, Basseterre",2,23.3,South Africa,Australia,GC Smith,JH Kallis,SR Watson,0,0,,,,,,,,,
247478,2006/07,2007-03-24,"Warner Park, Basseterre",2,23.4,South Africa,Australia,GC Smith,JH Kallis,SR Watson,0,5,,,,,5,,,,
247478,2006/07,2007-03-24,"Warner Park, Basseterre",2,23.5,South Africa,Australia,GC Smith,JH Kallis,SR Watson,0,1,1,,,,,,,,
247478,2006/07,2007-03-24,"Warner Park, Basseterre",2,23.6,South Africa,Australia,GC Smith,JH Kallis,SR Watson,0,0,,,,,,,,,
247478,2006/07,2007-03-24,"Warner Park, Basseterre",2,23.7,South Africa,Australia,GC Smith,JH Kallis,SR Watson,0,0,,,,,,,,,
247478,2006/07,2007-03-24,"Warner Park, Basseterre",2,23.8,South Africa,Australia,GC Smith,JH Kallis,SR Watson,1,0,,,,,,,,,
247478,2006/07,2007-03-24,"Warner Park, Basseterre",2,24.1,South Africa,Australia,GC Smith,JH Kallis,SW Tait,1,0,,,,,,,,,
247478,2006/07,2007-03-24,"Warner Park, Basseterre",2,24.2,South Africa,Australia,JH Kallis,GC Smith,SW Tait,0,0,,,,,,,,,
247478,2006/07,2007-03-24,"Warner Park, Basseterre",2,24.3,South Africa,Australia,JH Kallis,GC Smith,SW Tait,0,0,,,,,,,,,
247478,2006/07,2007-03-24,"Warner Park, Basseterre",2,24.4,South Africa,Australia,JH Kallis,GC Smith,SW Tait,0,0,,,,,,,,,
247478,2006/07,2007-03-24,"Warner Park, Basseterre",2,24.5,South Africa,Australia,JH Kallis,GC Smith,SW Tait,0,0,,,,,,,,,
247478,2006/07,2007-03-24,"Warner Park, Basseterre",2,24.6,South Africa,Australia,JH Kallis,GC Smith,SW Tait,0,0,,,,,,,,,
247478,2006/07,2007-03-24,"Warner Park, Basseterre",2,25.1,South Africa,Australia,GC Smith,JH Kallis,SR Watson,0,0,,,,,,,,,
247478,2006/07,2007-03-24,"Warner Park, Basseterre",2,25.2,South Africa,Australia,HH Gibbs,JH Kallis,SR Watson,0,0,,,,,,,,,
247478,2006/07,2007-03-24,"Warner Park, Basseterre",2,25.3,South Africa,Australia,HH Gibbs,JH Kallis,SR Watson,0,0,,,,,,,,,
247478,2006/07,2007-03-24,"Warner Park, Basseterre",2,25.4,South Africa,Australia,HH Gibbs,JH Kallis,SR Watson,1,0,,,,,,,,,
247478,2006/07,2007-03-24,"Warner Park, Basseterre",2,25.5,South Africa,Australia,JH Kallis,HH Gibbs,SR Watson,1,0,,,,,,,,,
247478,2006/07,2007-03-24,"Warner Park, Basseterre",2,25.6,South Africa,Australia,HH Gibbs,JH Kallis,SR Watson,0,0,,,,,,,,,
247478,2006/07,2007-03-24,"Warner Park, Basseterre",2,26.1,South Africa,Australia,JH Kallis,HH Gibbs,SW Tait,2,0,,,,,,,,,
247478,2006/07,2007-03-24,"Warner Park, Basseterre",2,26.2,South Africa,Australia,JH Kallis,HH Gibbs,SW Tait,1,0,,,,,,,,,
247478,2006/07,2007-03-24,"Warner Park, Basseterre",2,26.3,South Africa,Australia,HH Gibbs,JH Kallis,SW Tait,0,0,,,,,,,,,
247478,2006/07,2007-03-24,"Warner Park, Basseterre",2,26.4,South Africa,Australia,HH Gibbs,JH Kallis,SW Tait,0,0,,,,,,,,,
247478,2006/07,2007-03-24,"Warner Park, Basseterre",2,26.5,South Africa,Australia,HH Gibbs,JH Kallis,SW Tait,0,0,,,,,,,,,
247478,2006/07,2007-03-24,"Warner Park, Basseterre",2,26.6,South Africa,Australia,HH Gibbs,JH Kallis,SW Tait,0,0,,,,,,,,,
247478,2006/07,2007-03-24,"Warner Park, Basseterre",2,27.1,South Africa,Australia,JH Kallis,HH Gibbs,GB Hogg,1,0,,,,,,,,,
247478,2006/07,2007-03-24,"Warner Park, Basseterre",2,27.2,South Africa,Australia,HH Gibbs,JH Kallis,GB Hogg,4,0,,,,,,,,,
247478,2006/07,2007-03-24,"Warner Park, Basseterre",2,27.3,South Africa,Australia,HH Gibbs,JH Kallis,GB Hogg,1,0,,,,,,,,,
247478,2006/07,2007-03-24,"Warner Park, Basseterre",2,27.4,South Africa,Australia,JH Kallis,HH Gibbs,GB Hogg,4,0,,,,,,,,,
247478,2006/07,2007-03-24,"Warner Park, Basseterre",2,27.5,South Africa,Australia,JH Kallis,HH Gibbs,GB Hogg,0,0,,,,,,,,,
247478,2006/07,2007-03-24,"Warner Park, Basseterre",2,27.6,South Africa,Australia,JH Kallis,HH Gibbs,GB Hogg,0,0,,,,,,,,,
247478,2006/07,2007-03-24,"Warner Park, Basseterre",2,28.1,South Africa,Australia,HH Gibbs,JH Kallis,SR Watson,0,0,,,,,,,,,
247478,2006/07,2007-03-24,"Warner Park, Basseterre",2,28.2,South Africa,Australia,HH Gibbs,JH Kallis,SR Watson,1,0,,,,,,,,,
247478,2006/07,2007-03-24,"Warner Park, Basseterre",2,28.3,South Africa,Australia,JH Kallis,HH Gibbs,SR Watson,1,0,,,,,,,,,
247478,2006/07,2007-03-24,"Warner Park, Basseterre",2,28.4,South Africa,Australia,HH Gibbs,JH Kallis,SR Watson,1,0,,,,,,,,,
247478,2006/07,2007-03-24,"Warner Park, Basseterre",2,28.5,South Africa,Australia,JH Kallis,HH Gibbs,SR Watson,0,0,,,,,,,,,
247478,2006/07,2007-03-24,"Warner Park, Basseterre",2,28.6,South Africa,Australia,JH Kallis,HH Gibbs,SR Watson,1,0,,,,,,,,,
247478,2006/07,2007-03-24,"Warner Park, Basseterre",2,29.1,South Africa,Australia,JH Kallis,HH Gibbs,GB Hogg,0,0,,,,,,,,,
247478,2006/07,2007-03-24,"Warner Park, Basseterre",2,29.2,South Africa,Australia,JH Kallis,HH Gibbs,GB Hogg,0,0,,,,,,,,,
247478,2006/07,2007-03-24,"Warner Park, Basseterre",2,29.3,South Africa,Australia,JH Kallis,HH Gibbs,GB Hogg,1,0,,,,,,,,,
247478,2006/07,2007-03-24,"Warner Park, Basseterre",2,29.4,South Africa,Australia,HH Gibbs,JH Kallis,GB Hogg,1,0,,,,,,,,,
247478,2006/07,2007-03-24,"Warner Park, Basseterre",2,29.5,South Africa,Australia,JH Kallis,HH Gibbs,GB Hogg,4,0,,,,,,,,,
247478,2006/07,2007-03-24,"Warner Park, Basseterre",2,29.6,South Africa,Australia,JH Kallis,HH Gibbs,GB Hogg,0,0,,,,,,,,,
247478,2006/07,2007-03-24,"Warner Park, Basseterre",2,30.1,South Africa,Australia,HH Gibbs,JH Kallis,SR Watson,1,0,,,,,,,,,
247478,2006/07,2007-03-24,"Warner Park, Basseterre",2,30.2,South Africa,Australia,JH Kallis,HH Gibbs,SR Watson,1,0,,,,,,,,,
247478,2006/07,2007-03-24,"Warner Park, Basseterre",2,30.3,South Africa,Australia,HH Gibbs,JH Kallis,SR Watson,0,0,,,,,,,,,
247478,2006/07,2007-03-24,"Warner Park, Basseterre",2,30.4,South Africa,Australia,HH Gibbs,JH Kallis,SR Watson,1,0,,,,,,,,,
247478,2006/07,2007-03-24,"Warner Park, Basseterre",2,30.5,South Africa,Australia,JH Kallis,HH Gibbs,SR Watson,0,0,,,,,,,,,
247478,2006/07,2007-03-24,"Warner Park, Basseterre",2,30.6,South Africa,Australia,JH Kallis,HH Gibbs,SR Watson,1,0,,,,,,,,,
247478,2006/07,2007-03-24,"Warner Park, Basseterre",2,31.1,South Africa,Australia,JH Kallis,HH Gibbs,GB Hogg,1,0,,,,,,,,,
247478,2006/07,2007-03-24,"Warner Park, Basseterre",2,31.2,South Africa,Australia,HH Gibbs,JH Kallis,GB Hogg,6,0,,,,,,,,,
247478,2006/07,2007-03-24,"Warner Park, Basseterre",2,31.3,South Africa,Australia,HH Gibbs,JH Kallis,GB Hogg,0,0,,,,,,stumped,HH Gibbs,,
247478,2006/07,2007-03-24,"Warner Park, Basseterre",2,31.4,South Africa,Australia,AG Prince,JH Kallis,GB Hogg,0,0,,,,,,,,,
247478,2006/07,2007-03-24,"Warner Park, Basseterre",2,31.5,South Africa,Australia,AG Prince,JH Kallis,GB Hogg,1,0,,,,,,,,,
247478,2006/07,2007-03-24,"Warner Park, Basseterre",2,31.6,South Africa,Australia,JH Kallis,AG Prince,GB Hogg,1,0,,,,,,,,,
247478,2006/07,2007-03-24,"Warner Park, Basseterre",2,32.1,South Africa,Australia,JH Kallis,AG Prince,GD McGrath,1,0,,,,,,,,,
247478,2006/07,2007-03-24,"Warner Park, Basseterre",2,32.2,South Africa,Australia,AG Prince,JH Kallis,GD McGrath,0,0,,,,,,caught,AG Prince,,
247478,2006/07,2007-03-24,"Warner Park, Basseterre",2,32.3,South Africa,Australia,JH Kallis,MV Boucher,GD McGrath,1,0,,,,,,,,,
247478,2006/07,2007-03-24,"Warner Park, Basseterre",2,32.4,South Africa,Australia,MV Boucher,JH Kallis,GD McGrath,1,0,,,,,,,,,
247478,2006/07,2007-03-24,"Warner Park, Basseterre",2,32.5,South Africa,Australia,JH Kallis,MV Boucher,GD McGrath,1,0,,,,,,,,,
247478,2006/07,2007-03-24,"Warner Park, Basseterre",2,32.6,South Africa,Australia,MV Boucher,JH Kallis,GD McGrath,0,0,,,,,,,,,
247478,2006/07,2007-03-24,"Warner Park, Basseterre",2,33.1,South Africa,Australia,JH Kallis,MV Boucher,GB Hogg,1,0,,,,,,,,,
247478,2006/07,2007-03-24,"Warner Park, Basseterre",2,33.2,South Africa,Australia,MV Boucher,JH Kallis,GB Hogg,0,0,,,,,,,,,
247478,2006/07,2007-03-24,"Warner Park, Basseterre",2,33.3,South Africa,Australia,MV Boucher,JH Kallis,GB Hogg,0,0,,,,,,,,,
247478,2006/07,2007-03-24,"Warner Park, Basseterre",2,33.4,South Africa,Australia,MV Boucher,JH Kallis,GB Hogg,0,0,,,,,,,,,
247478,2006/07,2007-03-24,"Warner Park, Basseterre",2,33.5,South Africa,Australia,MV Boucher,JH Kallis,GB Hogg,1,0,,,,,,,,,
247478,2006/07,2007-03-24,"Warner Park, Basseterre",2,33.6,South Africa,Australia,JH Kallis,MV Boucher,GB Hogg,0,0,,,,,,,,,
247478,2006/07,2007-03-24,"Warner Park, Basseterre",2,34.1,South Africa,Australia,MV Boucher,JH Kallis,GD McGrath,0,0,,,,,,,,,
247478,2006/07,2007-03-24,"Warner Park, Basseterre",2,34.2,South Africa,Australia,MV Boucher,JH Kallis,GD McGrath,0,0,,,,,,,,,
247478,2006/07,2007-03-24,"Warner Park, Basseterre",2,34.3,South Africa,Australia,MV Boucher,JH Kallis,GD McGrath,1,0,,,,,,,,,
247478,2006/07,2007-03-24,"Warner Park, Basseterre",2,34.4,South Africa,Australia,JH Kallis,MV Boucher,GD McGrath,1,0,,,,,,,,,
247478,2006/07,2007-03-24,"Warner Park, Basseterre",2,34.5,South Africa,Australia,MV Boucher,JH Kallis,GD McGrath,0,0,,,,,,,,,
247478,2006/07,2007-03-24,"Warner Park, Basseterre",2,34.6,South Africa,Australia,MV Boucher,JH Kallis,GD McGrath,1,0,,,,,,,,,
247478,2006/07,2007-03-24,"Warner Park, Basseterre",2,35.1,South Africa,Australia,MV Boucher,JH Kallis,NW Bracken,0,0,,,,,,,,,
247478,2006/07,2007-03-24,"Warner Park, Basseterre",2,35.2,South Africa,Australia,MV Boucher,JH Kallis,NW Bracken,1,0,,,,,,,,,
247478,2006/07,2007-03-24,"Warner Park, Basseterre",2,35.3,South Africa,Australia,JH Kallis,MV Boucher,NW Bracken,0,0,,,,,,,,,
247478,2006/07,2007-03-24,"Warner Park, Basseterre",2,35.4,South Africa,Australia,JH Kallis,MV Boucher,NW Bracken,1,0,,,,,,,,,
247478,2006/07,2007-03-24,"Warner Park, Basseterre",2,35.5,South Africa,Australia,MV Boucher,JH Kallis,NW Bracken,1,0,,,,,,,,,
247478,2006/07,2007-03-24,"Warner Park, Basseterre",2,35.6,South Africa,Australia,JH Kallis,MV Boucher,NW Bracken,0,0,,,,,,,,,
247478,2006/07,2007-03-24,"Warner Park, Basseterre",2,36.1,South Africa,Australia,MV Boucher,JH Kallis,GD McGrath,0,0,,,,,,,,,
247478,2006/07,2007-03-24,"Warner Park, Basseterre",2,36.2,South Africa,Australia,MV Boucher,JH Kallis,GD McGrath,2,0,,,,,,,,,
247478,2006/07,2007-03-24,"Warner Park, Basseterre",2,36.3,South Africa,Australia,MV Boucher,JH Kallis,GD McGrath,0,0,,,,,,,,,
247478,2006/07,2007-03-24,"Warner Park, Basseterre",2,36.4,South Africa,Australia,MV Boucher,JH Kallis,GD McGrath,4,0,,,,,,,,,
247478,2006/07,2007-03-24,"Warner Park, Basseterre",2,36.5,South Africa,Australia,MV Boucher,JH Kallis,GD McGrath,6,0,,,,,,,,,
247478,2006/07,2007-03-24,"Warner Park, Basseterre",2,36.6,South Africa,Australia,MV Boucher,JH Kallis,GD McGrath,1,0,,,,,,,,,
247478,2006/07,2007-03-24,"Warner Park, Basseterre",2,37.1,South Africa,Australia,MV Boucher,JH Kallis,NW Bracken,0,0,,,,,,,,,
247478,2006/07,2007-03-24,"Warner Park, Basseterre",2,37.2,South Africa,Australia,MV Boucher,JH Kallis,NW Bracken,0,0,,,,,,,,,
247478,2006/07,2007-03-24,"Warner Park, Basseterre",2,37.3,South Africa,Australia,MV Boucher,JH Kallis,NW Bracken,1,0,,,,,,,,,
247478,2006/07,2007-03-24,"Warner Park, Basseterre",2,37.4,South Africa,Australia,JH Kallis,MV Boucher,NW Bracken,0,0,,,,,,,,,
247478,2006/07,2007-03-24,"Warner Park, Basseterre",2,37.5,South Africa,Australia,JH Kallis,MV Boucher,NW Bracken,1,0,,,,,,,,,
247478,2006/07,2007-03-24,"Warner Park, Basseterre",2,37.6,South Africa,Australia,MV Boucher,JH Kallis,NW Bracken,1,0,,,,,,,,,
247478,2006/07,2007-03-24,"Warner Park, Basseterre",2,38.1,South Africa,Australia,MV Boucher,JH Kallis,SW Tait,1,0,,,,,,,,,
247478,2006/07,2007-03-24,"Warner Park, Basseterre",2,38.2,South Africa,Australia,JH Kallis,MV Boucher,SW Tait,0,0,,,,,,,,,
247478,2006/07,2007-03-24,"Warner Park, Basseterre",2,38.3,South Africa,Australia,JH Kallis,MV Boucher,SW Tait,4,0,,,,,,,,,
247478,2006/07,2007-03-24,"Warner Park, Basseterre",2,38.4,South Africa,Australia,JH Kallis,MV Boucher,SW Tait,1,0,,,,,,,,,
247478,2006/07,2007-03-24,"Warner Park, Basseterre",2,38.5,South Africa,Australia,MV Boucher,JH Kallis,SW Tait,0,0,,,,,,bowled,MV Boucher,,
247478,2006/07,2007-03-24,"Warner Park, Basseterre",2,38.6,South Africa,Australia,JM Kemp,JH Kallis,SW Tait,0,0,,,,,,,,,
247478,2006/07,2007-03-24,"Warner Park, Basseterre",2,39.1,South Africa,Australia,JH Kallis,JM Kemp,NW Bracken,0,0,,,,,,,,,
247478,2006/07,2007-03-24,"Warner Park, Basseterre",2,39.2,South Africa,Australia,JH Kallis,JM Kemp,NW Bracken,1,0,,,,,,,,,
247478,2006/07,2007-03-24,"Warner Park, Basseterre",2,39.3,South Africa,Australia,JM Kemp,JH Kallis,NW Bracken,0,0,,,,,,,,,
247478,2006/07,2007-03-24,"Warner Park, Basseterre",2,39.4,South Africa,Australia,JM Kemp,JH Kallis,NW Bracken,0,0,,,,,,,,,
247478,2006/07,2007-03-24,"Warner Park, Basseterre",2,39.5,South Africa,Australia,JM Kemp,JH Kallis,NW Bracken,1,0,,,,,,,,,
247478,2006/07,2007-03-24,"Warner Park, Basseterre",2,39.6,South Africa,Australia,JH Kallis,JM Kemp,NW Bracken,1,0,,,,,,,,,
247478,2006/07,2007-03-24,"Warner Park, Basseterre",2,40.1,South Africa,Australia,JH Kallis,JM Kemp,SW Tait,4,0,,,,,,,,,
247478,2006/07,2007-03-24,"Warner Park, Basseterre",2,40.2,South Africa,Australia,JH Kallis,JM Kemp,SW Tait,0,0,,,,,,,,,
247478,2006/07,2007-03-24,"Warner Park, Basseterre",2,40.3,South Africa,Australia,JH Kallis,JM Kemp,SW Tait,1,0,,,,,,,,,
247478,2006/07,2007-03-24,"Warner Park, Basseterre",2,40.4,South Africa,Australia,JM Kemp,JH Kallis,SW Tait,0,0,,,,,,,,,
247478,2006/07,2007-03-24,"Warner Park, Basseterre",2,40.5,South Africa,Australia,JM Kemp,JH Kallis,SW Tait,0,0,,,,,,lbw,JM Kemp,,
247478,2006/07,2007-03-24,"Warner Park, Basseterre",2,40.6,South Africa,Australia,GC Smith,JH Kallis,SW Tait,1,0,,,,,,,,,
247478,2006/07,2007-03-24,"Warner Park, Basseterre",2,41.1,South Africa,Australia,GC Smith,JH Kallis,GB Hogg,1,0,,,,,,,,,
247478,2006/07,2007-03-24,"Warner Park, Basseterre",2,41.2,South Africa,Australia,JH Kallis,GC Smith,GB Hogg,1,0,,,,,,,,,
247478,2006/07,2007-03-24,"Warner Park, Basseterre",2,41.3,South Africa,Australia,GC Smith,JH Kallis,GB Hogg,0,0,,,,,,caught,GC Smith,,
247478,2006/07,2007-03-24,"Warner Park, Basseterre",2,41.4,South Africa,Australia,SM Pollock,JH Kallis,GB Hogg,0,0,,,,,,,,,
247478,2006/07,2007-03-24,"Warner Park, Basseterre",2,41.5,South Africa,Australia,SM Pollock,JH Kallis,GB Hogg,1,0,,,,,,,,,
247478,2006/07,2007-03-24,"Warner Park, Basseterre",2,41.6,South Africa,Australia,JH Kallis,SM Pollock,GB Hogg,2,0,,,,,,,,,
247478,2006/07,2007-03-24,"Warner Park, Basseterre",2,42.1,South Africa,Australia,SM Pollock,JH Kallis,SW Tait,1,0,,,,,,,,,
247478,2006/07,2007-03-24,"Warner Park, Basseterre",2,42.2,South Africa,Australia,JH Kallis,SM Pollock,SW Tait,0,0,,,,,,,,,
247478,2006/07,2007-03-24,"Warner Park, Basseterre",2,42.3,South Africa,Australia,JH Kallis,SM Pollock,SW Tait,0,0,,,,,,,,,
247478,2006/07,2007-03-24,"Warner Park, Basseterre",2,42.4,South Africa,Australia,JH Kallis,SM Pollock,SW Tait,0,0,,,,,,,,,
247478,2006/07,2007-03-24,"Warner Park, Basseterre",2,42.5,South Africa,Australia,JH Kallis,SM Pollock,SW Tait,0,1,,1,,,,,,,
247478,2006/07,2007-03-24,"Warner Park, Basseterre",2,42.6,South Africa,Australia,JH Kallis,SM Pollock,SW Tait,1,0,,,,,,,,,
247478,2006/07,2007-03-24,"Warner Park, Basseterre",2,42.7,South Africa,Australia,SM Pollock,JH Kallis,SW Tait,4,0,,,,,,,,,
247478,2006/07,2007-03-24,"Warner Park, Basseterre",2,43.1,South Africa,Australia,JH Kallis,SM Pollock,GB Hogg,0,0,,,,,,caught,JH Kallis,,
247478,2006/07,2007-03-24,"Warner Park, Basseterre",2,43.2,South Africa,Australia,SM Pollock,AJ Hall,GB Hogg,0,0,,,,,,,,,
247478,2006/07,2007-03-24,"Warner Park, Basseterre",2,43.3,South Africa,Australia,SM Pollock,AJ Hall,GB Hogg,0,1,1,,,,,,,,
247478,2006/07,2007-03-24,"Warner Park, Basseterre",2,43.4,South Africa,Australia,SM Pollock,AJ Hall,GB Hogg,1,0,,,,,,,,,
247478,2006/07,2007-03-24,"Warner Park, Basseterre",2,43.5,South Africa,Australia,AJ Hall,SM Pollock,GB Hogg,0,0,,,,,,,,,
247478,2006/07,2007-03-24,"Warner Park, Basseterre",2,43.6,South Africa,Australia,AJ Hall,SM Pollock,GB Hogg,0,0,,,,,,,,,
247478,2006/07,2007-03-24,"Warner Park, Basseterre",2,43.7,South Africa,Australia,AJ Hall,SM Pollock,GB Hogg,0,0,,,,,,,,,
247478,2006/07,2007-03-24,"Warner Park, Basseterre",2,44.1,South Africa,Australia,SM Pollock,AJ Hall,SR Watson,0,0,,,,,,bowled,SM Pollock,,
247478,2006/07,2007-03-24,"Warner Park, Basseterre",2,44.2,South Africa,Australia,CK Langeveldt,AJ Hall,SR Watson,0,0,,,,,,,,,
247478,2006/07,2007-03-24,"Warner Park, Basseterre",2,44.3,South Africa,Australia,CK Langeveldt,AJ Hall,SR Watson,0,0,,,,,,,,,
247478,2006/07,2007-03-24,"Warner Park, Basseterre",2,44.4,South Africa,Australia,CK Langeveldt,AJ Hall,SR Watson,0,0,,,,,,,,,
247478,2006/07,2007-03-24,"Warner Park, Basseterre",2,44.5,South Africa,Australia,CK Langeveldt,AJ Hall,SR Watson,0,0,,,,,,,,,
247478,2006/07,2007-03-24,"Warner Park, Basseterre",2,44.6,South Africa,Australia,CK Langeveldt,AJ Hall,SR Watson,0,0,,,,,,,,,
247478,2006/07,2007-03-24,"Warner Park, Basseterre",2,45.1,South Africa,Australia,AJ Hall,CK Langeveldt,NW Bracken,1,0,,,,,,,,,
247478,2006/07,2007-03-24,"Warner Park, Basseterre",2,45.2,South Africa,Australia,CK Langeveldt,AJ Hall,NW Bracken,0,0,,,,,,bowled,CK Langeveldt,,
247478,2006/07,2007-03-24,"Warner Park, Basseterre",2,45.3,South Africa,Australia,M Ntini,AJ Hall,NW Bracken,0,0,,,,,,,,,
247478,2006/07,2007-03-24,"Warner Park, Basseterre",2,45.4,South Africa,Australia,M Ntini,AJ Hall,NW Bracken,0,0,,,,,,,,,
247478,2006/07,2007-03-24,"Warner Park, Basseterre",2,45.5,South Africa,Australia,M Ntini,AJ Hall,NW Bracken,0,0,,,,,,,,,
247478,2006/07,2007-03-24,"Warner Park, Basseterre",2,45.6,South Africa,Australia,M Ntini,AJ Hall,NW Bracken,4,0,,,,,,,,,
247478,2006/07,2007-03-24,"Warner Park, Basseterre",2,46.1,South Africa,Australia,AJ Hall,M Ntini,GD McGrath,1,0,,,,,,,,,
247478,2006/07,2007-03-24,"Warner Park, Basseterre",2,46.2,South Africa,Australia,M Ntini,AJ Hall,GD McGrath,1,0,,,,,,,,,
247478,2006/07,2007-03-24,"Warner Park, Basseterre",2,46.3,South Africa,Australia,AJ Hall,M Ntini,GD McGrath,2,0,,,,,,,,,
247478,2006/07,2007-03-24,"Warner Park, Basseterre",2,46.4,South Africa,Australia,AJ Hall,M Ntini,GD McGrath,1,0,,,,,,,,,
247478,2006/07,2007-03-24,"Warner Park, Basseterre",2,46.5,South Africa,Australia,M Ntini,AJ Hall,GD McGrath,1,0,,,,,,,,,
247478,2006/07,2007-03-24,"Warner Park, Basseterre",2,46.6,South Africa,Australia,AJ Hall,M Ntini,GD McGrath,1,0,,,,,,,,,
247478,2006/07,2007-03-24,"Warner Park, Basseterre",2,47.1,South Africa,Australia,AJ Hall,M Ntini,NW Bracken,0,0,,,,,,,,,
247478,2006/07,2007-03-24,"Warner Park, Basseterre",2,47.2,South Africa,Australia,AJ Hall,M Ntini,NW Bracken,1,0,,,,,,,,,
247478,2006/07,2007-03-24,"Warner Park, Basseterre",2,47.3,South Africa,Australia,M Ntini,AJ Hall,NW Bracken,1,0,,,,,,,,,
247478,2006/07,2007-03-24,"Warner Park, Basseterre",2,47.4,South Africa,Australia,AJ Hall,M Ntini,NW Bracken,0,0,,,,,,,,,
247478,2006/07,2007-03-24,"Warner Park, Basseterre",2,47.5,South Africa,Australia,AJ Hall,M Ntini,NW Bracken,1,0,,,,,,,,,
247478,2006/07,2007-03-24,"Warner Park, Basseterre",2,47.6,South Africa,Australia,M Ntini,AJ Hall,NW Bracken,0,0,,,,,,bowled,M Ntini,,
