match_id,season,start_date,venue,innings,ball,batting_team,bowling_team,striker,non_striker,bowler,runs_off_bat,extras,wides,noballs,byes,legbyes,penalty,wicket_type,player_dismissed,other_wicket_type,other_player_dismissed
247499,2006/07,2007-04-16,"National Cricket Stadium, St George's",1,0.1,Sri Lanka,Australia,WU Tharanga,ST Jayasuriya,NW Bracken,0,0,,,,,,,,,
247499,2006/07,2007-04-16,"National Cricket Stadium, St George's",1,0.2,Sri Lanka,Australia,WU Tharanga,ST Jayasuriya,NW Bracken,0,0,,,,,,,,,
247499,2006/07,2007-04-16,"National Cricket Stadium, St George's",1,0.3,Sri Lanka,Australia,WU Tharanga,ST Jayasuriya,NW Bracken,1,0,,,,,,,,,
247499,2006/07,2007-04-16,"National Cricket Stadium, St George's",1,0.4,Sri Lanka,Australia,ST Jayasuriya,WU Tharanga,NW Bracken,0,0,,,,,,,,,
247499,2006/07,2007-04-16,"National Cricket Stadium, St George's",1,0.5,Sri Lanka,Australia,ST Jayasuriya,WU Tharanga,NW Bracken,0,0,,,,,,,,,
247499,2006/07,2007-04-16,"National Cricket Stadium, St George's",1,0.6,Sri Lanka,Australia,ST Jayasuriya,WU Tharanga,NW Bracken,4,0,,,,,,,,,
247499,2006/07,2007-04-16,"National Cricket Stadium, St George's",1,1.1,Sri Lanka,Australia,WU Tharanga,ST Jayasuriya,SW Tait,0,0,,,,,,,,,
247499,2006/07,2007-04-16,"National Cricket Stadium, St George's",1,1.2,Sri Lanka,Australia,WU Tharanga,ST Jayasuriya,SW Tait,0,1,,1,,,,,,,
247499,2006/07,2007-04-16,"National Cricket Stadium, St George's",1,1.3,Sri Lanka,Australia,WU Tharanga,ST Jayasuriya,SW Tait,0,5,5,,,,,,,,
247499,2006/07,2007-04-16,"National Cricket Stadium, St George's",1,1.4,Sri Lanka,Australia,WU Tharanga,ST Jayasuriya,SW Tait,1,0,,,,,,,,,
247499,2006/07,2007-04-16,"National Cricket Stadium, St George's",1,1.5,Sri Lanka,Australia,ST Jayasuriya,WU Tharanga,SW Tait,1,0,,,,,,,,,
247499,2006/07,2007-04-16,"National Cricket Stadium, St George's",1,1.6,Sri Lanka,Australia,WU Tharanga,ST Jayasuriya,SW Tait,0,0,,,,,,,,,
247499,2006/07,2007-04-16,"National Cricket Stadium, St George's",1,1.7,Sri Lanka,Australia,WU Tharanga,ST Jayasuriya,SW Tait,1,0,,,,,,,,,
247499,2006/07,2007-04-16,"National Cricket Stadium, St George's",1,1.8,Sri Lanka,Australia,ST Jayasuriya,WU Tharanga,SW Tait,0,0,,,,,,,,,
247499,2006/07,2007-04-16,"National Cricket Stadium, St George's",1,2.1,Sri Lanka,Australia,WU Tharanga,ST Jayasuriya,NW Bracken,0,0,,,,,,,,,
247499,2006/07,2007-04-16,"National Cricket Stadium, St George's",1,2.2,Sri Lanka,Australia,WU Tharanga,ST Jayasuriya,NW Bracken,0,0,,,,,,,,,
247499,2006/07,2007-04-16,"National Cricket Stadium, St George's",1,2.3,Sri Lanka,Australia,WU Tharanga,ST Jayasuriya,NW Bracken,1,0,,,,,,,,,
247499,2006/07,2007-04-16,"National Cricket Stadium, St George's",1,2.4,Sri Lanka,Australia,ST Jayasuriya,WU Tharanga,NW Bracken,0,1,,,,1,,,,,
247499,2006/07,2007-04-16,"National Cricket Stadium, St George's",1,2.5,Sri Lanka,Australia,WU Tharanga,ST Jayasuriya,NW Bracken,0,0,,,,,,,,,
247499,2006/07,2007-04-16,"National Cricket Stadium, St George's",1,2.6,Sri Lanka,Australia,WU Tharanga,ST Jayasuriya,NW Bracken,0,0,,,,,,,,,
247499,2006/07,2007-04-16,"National Cricket Stadium, St George's",1,3.1,Sri Lanka,Australia,ST Jayasuriya,WU Tharanga,SW Tait,4,0,,,,,,,,,
247499,2006/07,2007-04-16,"National Cricket Stadium, St George's",1,3.2,Sri Lanka,Australia,ST Jayasuriya,WU Tharanga,SW Tait,0,0,,,,,,,,,
247499,2006/07,2007-04-16,"National Cricket Stadium, St George's",1,3.3,Sri Lanka,Australia,ST Jayasuriya,WU Tharanga,SW Tait,0,1,1,,,,,,,,
247499,2006/07,2007-04-16,"National Cricket Stadium, St George's",1,3.4,Sri Lanka,Australia,ST Jayasuriya,WU Tharanga,SW Tait,2,0,,,,,,,,,
247499,2006/07,2007-04-16,"National Cricket Stadium, St George's",1,3.5,Sri Lanka,Australia,ST Jayasuriya,WU Tharanga,SW Tait,1,0,,,,,,,,,
247499,2006/07,2007-04-16,"National Cricket Stadium, St George's",1,3.6,Sri Lanka,Australia,WU Tharanga,ST Jayasuriya,SW Tait,0,0,,,,,,,,,
247499,2006/07,2007-04-16,"National Cricket Stadium, St George's",1,3.7,Sri Lanka,Australia,WU Tharanga,ST Jayasuriya,SW Tait,1,0,,,,,,,,,
247499,2006/07,2007-04-16,"National Cricket Stadium, St George's",1,4.1,Sri Lanka,Australia,WU Tharanga,ST Jayasuriya,NW Bracken,0,1,,,,1,,,,,
247499,2006/07,2007-04-16,"National Cricket Stadium, St George's",1,4.2,Sri Lanka,Australia,ST Jayasuriya,WU Tharanga,NW Bracken,0,0,,,,,,,,,
247499,2006/07,2007-04-16,"National Cricket Stadium, St George's",1,4.3,Sri Lanka,Australia,ST Jayasuriya,WU Tharanga,NW Bracken,0,0,,,,,,lbw,ST Jayasuriya,,
247499,2006/07,2007-04-16,"National Cricket Stadium, St George's",1,4.4,Sri Lanka,Australia,KC Sangakkara,WU Tharanga,NW Bracken,0,0,,,,,,,,,
247499,2006/07,2007-04-16,"National Cricket Stadium, St George's",1,4.5,Sri Lanka,Australia,KC Sangakkara,WU Tharanga,NW Bracken,0,0,,,,,,,,,
247499,2006/07,2007-04-16,"National Cricket Stadium, St George's",1,4.6,Sri Lanka,Australia,KC Sangakkara,WU Tharanga,NW Bracken,0,0,,,,,,,,,
247499,2006/07,2007-04-16,"National Cricket Stadium, St George's",1,5.1,Sri Lanka,Australia,WU Tharanga,KC Sangakkara,GD McGrath,0,0,,,,,,,,,
247499,2006/07,2007-04-16,"National Cricket Stadium, St George's",1,5.2,Sri Lanka,Australia,WU Tharanga,KC Sangakkara,GD McGrath,1,0,,,,,,,,,
247499,2006/07,2007-04-16,"National Cricket Stadium, St George's",1,5.3,Sri Lanka,Australia,KC Sangakkara,WU Tharanga,GD McGrath,0,0,,,,,,lbw,KC Sangakkara,,
247499,2006/07,2007-04-16,"National Cricket Stadium, St George's",1,5.4,Sri Lanka,Australia,DPMD Jayawardene,WU Tharanga,GD McGrath,0,0,,,,,,,,,
247499,2006/07,2007-04-16,"National Cricket Stadium, St George's",1,5.5,Sri Lanka,Australia,DPMD Jayawardene,WU Tharanga,GD McGrath,0,0,,,,,,,,,
247499,2006/07,2007-04-16,"National Cricket Stadium, St George's",1,5.6,Sri Lanka,Australia,DPMD Jayawardene,WU Tharanga,GD McGrath,0,0,,,,,,,,,
247499,2006/07,2007-04-16,"National Cricket Stadium, St George's",1,6.1,Sri Lanka,Australia,WU Tharanga,DPMD Jayawardene,NW Bracken,0,0,,,,,,,,,
247499,2006/07,2007-04-16,"National Cricket Stadium, St George's",1,6.2,Sri Lanka,Australia,WU Tharanga,DPMD Jayawardene,NW Bracken,0,0,,,,,,,,,
247499,2006/07,2007-04-16,"National Cricket Stadium, St George's",1,6.3,Sri Lanka,Australia,WU Tharanga,DPMD Jayawardene,NW Bracken,0,0,,,,,,,,,
247499,2006/07,2007-04-16,"National Cricket Stadium, St George's",1,6.4,Sri Lanka,Australia,WU Tharanga,DPMD Jayawardene,NW Bracken,0,0,,,,,,caught,WU Tharanga,,
247499,2006/07,2007-04-16,"National Cricket Stadium, St George's",1,6.5,Sri Lanka,Australia,LPC Silva,DPMD Jayawardene,NW Bracken,0,1,1,,,,,,,,
247499,2006/07,2007-04-16,"National Cricket Stadium, St George's",1,6.6,Sri Lanka,Australia,LPC Silva,DPMD Jayawardene,NW Bracken,0,0,,,,,,,,,
247499,2006/07,2007-04-16,"National Cricket Stadium, St George's",1,6.7,Sri Lanka,Australia,LPC Silva,DPMD Jayawardene,NW Bracken,0,1,,,,1,,,,,
247499,2006/07,2007-04-16,"National Cricket Stadium, St George's",1,7.1,Sri Lanka,Australia,LPC Silva,DPMD Jayawardene,GD McGrath,0,0,,,,,,,,,
247499,2006/07,2007-04-16,"National Cricket Stadium, St George's",1,7.2,Sri Lanka,Australia,LPC Silva,DPMD Jayawardene,GD McGrath,0,0,,,,,,,,,
247499,2006/07,2007-04-16,"National Cricket Stadium, St George's",1,7.3,Sri Lanka,Australia,LPC Silva,DPMD Jayawardene,GD McGrath,0,0,,,,,,,,,
247499,2006/07,2007-04-16,"National Cricket Stadium, St George's",1,7.4,Sri Lanka,Australia,LPC Silva,DPMD Jayawardene,GD McGrath,0,0,,,,,,,,,
247499,2006/07,2007-04-16,"National Cricket Stadium, St George's",1,7.5,Sri Lanka,Australia,LPC Silva,DPMD Jayawardene,GD McGrath,0,0,,,,,,,,,
247499,2006/07,2007-04-16,"National Cricket Stadium, St George's",1,7.6,Sri Lanka,Australia,LPC Silva,DPMD Jayawardene,GD McGrath,0,0,,,,,,,,,
247499,2006/07,2007-04-16,"National Cricket Stadium, St George's",1,8.1,Sri Lanka,Australia,DPMD Jayawardene,LPC Silva,NW Bracken,0,0,,,,,,,,,
247499,2006/07,2007-04-16,"National Cricket Stadium, St George's",1,8.2,Sri Lanka,Australia,DPMD Jayawardene,LPC Silva,NW Bracken,0,0,,,,,,,,,
247499,2006/07,2007-04-16,"National Cricket Stadium, St George's",1,8.3,Sri Lanka,Australia,DPMD Jayawardene,LPC Silva,NW Bracken,0,0,,,,,,,,,
247499,2006/07,2007-04-16,"National Cricket Stadium, St George's",1,8.4,Sri Lanka,Australia,DPMD Jayawardene,LPC Silva,NW Bracken,0,0,,,,,,,,,
247499,2006/07,2007-04-16,"National Cricket Stadium, St George's",1,8.5,Sri Lanka,Australia,DPMD Jayawardene,LPC Silva,NW Bracken,0,0,,,,,,,,,
247499,2006/07,2007-04-16,"National Cricket Stadium, St George's",1,8.6,Sri Lanka,Australia,DPMD Jayawardene,LPC Silva,NW Bracken,0,0,,,,,,,,,
247499,2006/07,2007-04-16,"National Cricket Stadium, St George's",1,9.1,Sri Lanka,Australia,LPC Silva,DPMD Jayawardene,GD McGrath,0,0,,,,,,,,,
247499,2006/07,2007-04-16,"National Cricket Stadium, St George's",1,9.2,Sri Lanka,Australia,LPC Silva,DPMD Jayawardene,GD McGrath,0,0,,,,,,,,,
247499,2006/07,2007-04-16,"National Cricket Stadium, St George's",1,9.3,Sri Lanka,Australia,LPC Silva,DPMD Jayawardene,GD McGrath,0,0,,,,,,,,,
247499,2006/07,2007-04-16,"National Cricket Stadium, St George's",1,9.4,Sri Lanka,Australia,LPC Silva,DPMD Jayawardene,GD McGrath,4,0,,,,,,,,,
247499,2006/07,2007-04-16,"National Cricket Stadium, St George's",1,9.5,Sri Lanka,Australia,LPC Silva,DPMD Jayawardene,GD McGrath,0,0,,,,,,,,,
247499,2006/07,2007-04-16,"National Cricket Stadium, St George's",1,9.6,Sri Lanka,Australia,LPC Silva,DPMD Jayawardene,GD McGrath,0,0,,,,,,,,,
247499,2006/07,2007-04-16,"National Cricket Stadium, St George's",1,10.1,Sri Lanka,Australia,DPMD Jayawardene,LPC Silva,NW Bracken,0,0,,,,,,,,,
247499,2006/07,2007-04-16,"National Cricket Stadium, St George's",1,10.2,Sri Lanka,Australia,DPMD Jayawardene,LPC Silva,NW Bracken,1,0,,,,,,,,,
247499,2006/07,2007-04-16,"National Cricket Stadium, St George's",1,10.3,Sri Lanka,Australia,LPC Silva,DPMD Jayawardene,NW Bracken,0,0,,,,,,,,,
247499,2006/07,2007-04-16,"National Cricket Stadium, St George's",1,10.4,Sri Lanka,Australia,LPC Silva,DPMD Jayawardene,NW Bracken,0,0,,,,,,,,,
247499,2006/07,2007-04-16,"National Cricket Stadium, St George's",1,10.5,Sri Lanka,Australia,LPC Silva,DPMD Jayawardene,NW Bracken,0,0,,,,,,,,,
247499,2006/07,2007-04-16,"National Cricket Stadium, St George's",1,10.6,Sri Lanka,Australia,LPC Silva,DPMD Jayawardene,NW Bracken,0,0,,,,,,,,,
247499,2006/07,2007-04-16,"National Cricket Stadium, St George's",1,11.1,Sri Lanka,Australia,DPMD Jayawardene,LPC Silva,GD McGrath,0,0,,,,,,,,,
247499,2006/07,2007-04-16,"National Cricket Stadium, St George's",1,11.2,Sri Lanka,Australia,DPMD Jayawardene,LPC Silva,GD McGrath,0,0,,,,,,,,,
247499,2006/07,2007-04-16,"National Cricket Stadium, St George's",1,11.3,Sri Lanka,Australia,DPMD Jayawardene,LPC Silva,GD McGrath,4,0,,,,,,,,,
247499,2006/07,2007-04-16,"National Cricket Stadium, St George's",1,11.4,Sri Lanka,Australia,DPMD Jayawardene,LPC Silva,GD McGrath,0,0,,,,,,,,,
247499,2006/07,2007-04-16,"National Cricket Stadium, St George's",1,11.5,Sri Lanka,Australia,DPMD Jayawardene,LPC Silva,GD McGrath,4,0,,,,,,,,,
247499,2006/07,2007-04-16,"National Cricket Stadium, St George's",1,11.6,Sri Lanka,Australia,DPMD Jayawardene,LPC Silva,GD McGrath,0,0,,,,,,,,,
247499,2006/07,2007-04-16,"National Cricket Stadium, St George's",1,12.1,Sri Lanka,Australia,LPC Silva,DPMD Jayawardene,SW Tait,0,0,,,,,,,,,
247499,2006/07,2007-04-16,"National Cricket Stadium, St George's",1,12.2,Sri Lanka,Australia,LPC Silva,DPMD Jayawardene,SW Tait,4,0,,,,,,,,,
247499,2006/07,2007-04-16,"National Cricket Stadium, St George's",1,12.3,Sri Lanka,Australia,LPC Silva,DPMD Jayawardene,SW Tait,0,0,,,,,,,,,
247499,2006/07,2007-04-16,"National Cricket Stadium, St George's",1,12.4,Sri Lanka,Australia,LPC Silva,DPMD Jayawardene,SW Tait,4,0,,,,,,,,,
247499,2006/07,2007-04-16,"National Cricket Stadium, St George's",1,12.5,Sri Lanka,Australia,LPC Silva,DPMD Jayawardene,SW Tait,0,1,1,,,,,,,,
247499,2006/07,2007-04-16,"National Cricket Stadium, St George's",1,12.6,Sri Lanka,Australia,LPC Silva,DPMD Jayawardene,SW Tait,0,0,,,,,,,,,
247499,2006/07,2007-04-16,"National Cricket Stadium, St George's",1,12.7,Sri Lanka,Australia,LPC Silva,DPMD Jayawardene,SW Tait,0,0,,,,,,,,,
247499,2006/07,2007-04-16,"National Cricket Stadium, St George's",1,13.1,Sri Lanka,Australia,DPMD Jayawardene,LPC Silva,GD McGrath,1,0,,,,,,,,,
247499,2006/07,2007-04-16,"National Cricket Stadium, St George's",1,13.2,Sri Lanka,Australia,LPC Silva,DPMD Jayawardene,GD McGrath,0,0,,,,,,,,,
247499,2006/07,2007-04-16,"National Cricket Stadium, St George's",1,13.3,Sri Lanka,Australia,LPC Silva,DPMD Jayawardene,GD McGrath,0,0,,,,,,,,,
247499,2006/07,2007-04-16,"National Cricket Stadium, St George's",1,13.4,Sri Lanka,Australia,LPC Silva,DPMD Jayawardene,GD McGrath,1,0,,,,,,,,,
247499,2006/07,2007-04-16,"National Cricket Stadium, St George's",1,13.5,Sri Lanka,Australia,DPMD Jayawardene,LPC Silva,GD McGrath,0,0,,,,,,,,,
247499,2006/07,2007-04-16,"National Cricket Stadium, St George's",1,13.6,Sri Lanka,Australia,DPMD Jayawardene,LPC Silva,GD McGrath,0,0,,,,,,,,,
247499,2006/07,2007-04-16,"National Cricket Stadium, St George's",1,14.1,Sri Lanka,Australia,LPC Silva,DPMD Jayawardene,SW Tait,0,0,,,,,,,,,
247499,2006/07,2007-04-16,"National Cricket Stadium, St George's",1,14.2,Sri Lanka,Australia,LPC Silva,DPMD Jayawardene,SW Tait,1,0,,,,,,,,,
247499,2006/07,2007-04-16,"National Cricket Stadium, St George's",1,14.3,Sri Lanka,Australia,DPMD Jayawardene,LPC Silva,SW Tait,0,0,,,,,,,,,
247499,2006/07,2007-04-16,"National Cricket Stadium, St George's",1,14.4,Sri Lanka,Australia,DPMD Jayawardene,LPC Silva,SW Tait,0,1,1,,,,,,,,
247499,2006/07,2007-04-16,"National Cricket Stadium, St George's",1,14.5,Sri Lanka,Australia,DPMD Jayawardene,LPC Silva,SW Tait,2,0,,,,,,,,,
247499,2006/07,2007-04-16,"National Cricket Stadium, St George's",1,14.6,Sri Lanka,Australia,DPMD Jayawardene,LPC Silva,SW Tait,1,0,,,,,,,,,
247499,2006/07,2007-04-16,"National Cricket Stadium, St George's",1,14.7,Sri Lanka,Australia,LPC Silva,DPMD Jayawardene,SW Tait,1,0,,,,,,,,,
247499,2006/07,2007-04-16,"National Cricket Stadium, St George's",1,15.1,Sri Lanka,Australia,LPC Silva,DPMD Jayawardene,GB Hogg,1,0,,,,,,,,,
247499,2006/07,2007-04-16,"National Cricket Stadium, St George's",1,15.2,Sri Lanka,Australia,DPMD Jayawardene,LPC Silva,GB Hogg,1,0,,,,,,,,,
247499,2006/07,2007-04-16,"National Cricket Stadium, St George's",1,15.3,Sri Lanka,Australia,LPC Silva,DPMD Jayawardene,GB Hogg,0,0,,,,,,,,,
247499,2006/07,2007-04-16,"National Cricket Stadium, St George's",1,15.4,Sri Lanka,Australia,LPC Silva,DPMD Jayawardene,GB Hogg,0,0,,,,,,,,,
247499,2006/07,2007-04-16,"National Cricket Stadium, St George's",1,15.5,Sri Lanka,Australia,LPC Silva,DPMD Jayawardene,GB Hogg,0,0,,,,,,,,,
247499,2006/07,2007-04-16,"National Cricket Stadium, St George's",1,15.6,Sri Lanka,Australia,LPC Silva,DPMD Jayawardene,GB Hogg,0,0,,,,,,,,,
247499,2006/07,2007-04-16,"National Cricket Stadium, St George's",1,16.1,Sri Lanka,Australia,DPMD Jayawardene,LPC Silva,A Symonds,1,0,,,,,,,,,
247499,2006/07,2007-04-16,"National Cricket Stadium, St George's",1,16.2,Sri Lanka,Australia,LPC Silva,DPMD Jayawardene,A Symonds,1,0,,,,,,,,,
247499,2006/07,2007-04-16,"National Cricket Stadium, St George's",1,16.3,Sri Lanka,Australia,DPMD Jayawardene,LPC Silva,A Symonds,0,0,,,,,,,,,
247499,2006/07,2007-04-16,"National Cricket Stadium, St George's",1,16.4,Sri Lanka,Australia,DPMD Jayawardene,LPC Silva,A Symonds,1,0,,,,,,,,,
247499,2006/07,2007-04-16,"National Cricket Stadium, St George's",1,16.5,Sri Lanka,Australia,LPC Silva,DPMD Jayawardene,A Symonds,2,0,,,,,,,,,
247499,2006/07,2007-04-16,"National Cricket Stadium, St George's",1,16.6,Sri Lanka,Australia,LPC Silva,DPMD Jayawardene,A Symonds,0,0,,,,,,,,,
247499,2006/07,2007-04-16,"National Cricket Stadium, St George's",1,17.1,Sri Lanka,Australia,DPMD Jayawardene,LPC Silva,GB Hogg,1,0,,,,,,,,,
247499,2006/07,2007-04-16,"National Cricket Stadium, St George's",1,17.2,Sri Lanka,Australia,LPC Silva,DPMD Jayawardene,GB Hogg,0,0,,,,,,,,,
247499,2006/07,2007-04-16,"National Cricket Stadium, St George's",1,17.3,Sri Lanka,Australia,LPC Silva,DPMD Jayawardene,GB Hogg,0,0,,,,,,,,,
247499,2006/07,2007-04-16,"National Cricket Stadium, St George's",1,17.4,Sri Lanka,Australia,LPC Silva,DPMD Jayawardene,GB Hogg,0,0,,,,,,,,,
247499,2006/07,2007-04-16,"National Cricket Stadium, St George's",1,17.5,Sri Lanka,Australia,LPC Silva,DPMD Jayawardene,GB Hogg,0,0,,,,,,,,,
247499,2006/07,2007-04-16,"National Cricket Stadium, St George's",1,17.6,Sri Lanka,Australia,LPC Silva,DPMD Jayawardene,GB Hogg,0,0,,,,,,,,,
247499,2006/07,2007-04-16,"National Cricket Stadium, St George's",1,18.1,Sri Lanka,Australia,DPMD Jayawardene,LPC Silva,A Symonds,0,0,,,,,,,,,
247499,2006/07,2007-04-16,"National Cricket Stadium, St George's",1,18.2,Sri Lanka,Australia,DPMD Jayawardene,LPC Silva,A Symonds,1,0,,,,,,,,,
247499,2006/07,2007-04-16,"National Cricket Stadium, St George's",1,18.3,Sri Lanka,Australia,LPC Silva,DPMD Jayawardene,A Symonds,2,0,,,,,,,,,
247499,2006/07,2007-04-16,"National Cricket Stadium, St George's",1,18.4,Sri Lanka,Australia,LPC Silva,DPMD Jayawardene,A Symonds,0,0,,,,,,,,,
247499,2006/07,2007-04-16,"National Cricket Stadium, St George's",1,18.5,Sri Lanka,Australia,LPC Silva,DPMD Jayawardene,A Symonds,0,0,,,,,,,,,
247499,2006/07,2007-04-16,"National Cricket Stadium, St George's",1,18.6,Sri Lanka,Australia,LPC Silva,DPMD Jayawardene,A Symonds,0,0,,,,,,,,,
247499,2006/07,2007-04-16,"National Cricket Stadium, St George's",1,19.1,Sri Lanka,Australia,DPMD Jayawardene,LPC Silva,GB Hogg,0,0,,,,,,,,,
247499,2006/07,2007-04-16,"National Cricket Stadium, St George's",1,19.2,Sri Lanka,Australia,DPMD Jayawardene,LPC Silva,GB Hogg,0,0,,,,,,,,,
247499,2006/07,2007-04-16,"National Cricket Stadium, St George's",1,19.3,Sri Lanka,Australia,DPMD Jayawardene,LPC Silva,GB Hogg,1,0,,,,,,,,,
247499,2006/07,2007-04-16,"National Cricket Stadium, St George's",1,19.4,Sri Lanka,Australia,LPC Silva,DPMD Jayawardene,GB Hogg,0,0,,,,,,,,,
247499,2006/07,2007-04-16,"National Cricket Stadium, St George's",1,19.5,Sri Lanka,Australia,LPC Silva,DPMD Jayawardene,GB Hogg,0,0,,,,,,,,,
247499,2006/07,2007-04-16,"National Cricket Stadium, St George's",1,19.6,Sri Lanka,Australia,LPC Silva,DPMD Jayawardene,GB Hogg,1,0,,,,,,,,,
247499,2006/07,2007-04-16,"National Cricket Stadium, St George's",1,20.1,Sri Lanka,Australia,LPC Silva,DPMD Jayawardene,A Symonds,4,0,,,,,,,,,
247499,2006/07,2007-04-16,"National Cricket Stadium, St George's",1,20.2,Sri Lanka,Australia,LPC Silva,DPMD Jayawardene,A Symonds,1,0,,,,,,,,,
247499,2006/07,2007-04-16,"National Cricket Stadium, St George's",1,20.3,Sri Lanka,Australia,DPMD Jayawardene,LPC Silva,A Symonds,0,0,,,,,,,,,
247499,2006/07,2007-04-16,"National Cricket Stadium, St George's",1,20.4,Sri Lanka,Australia,DPMD Jayawardene,LPC Silva,A Symonds,0,1,,1,,,,,,,
247499,2006/07,2007-04-16,"National Cricket Stadium, St George's",1,20.5,Sri Lanka,Australia,DPMD Jayawardene,LPC Silva,A Symonds,0,0,,,,,,,,,
247499,2006/07,2007-04-16,"National Cricket Stadium, St George's",1,20.6,Sri Lanka,Australia,DPMD Jayawardene,LPC Silva,A Symonds,1,0,,,,,,,,,
247499,2006/07,2007-04-16,"National Cricket Stadium, St George's",1,20.7,Sri Lanka,Australia,LPC Silva,DPMD Jayawardene,A Symonds,0,0,,,,,,,,,
247499,2006/07,2007-04-16,"National Cricket Stadium, St George's",1,21.1,Sri Lanka,Australia,DPMD Jayawardene,LPC Silva,GB Hogg,0,0,,,,,,,,,
247499,2006/07,2007-04-16,"National Cricket Stadium, St George's",1,21.2,Sri Lanka,Australia,DPMD Jayawardene,LPC Silva,GB Hogg,0,0,,,,,,,,,
247499,2006/07,2007-04-16,"National Cricket Stadium, St George's",1,21.3,Sri Lanka,Australia,DPMD Jayawardene,LPC Silva,GB Hogg,0,0,,,,,,,,,
247499,2006/07,2007-04-16,"National Cricket Stadium, St George's",1,21.4,Sri Lanka,Australia,DPMD Jayawardene,LPC Silva,GB Hogg,0,0,,,,,,,,,
247499,2006/07,2007-04-16,"National Cricket Stadium, St George's",1,21.5,Sri Lanka,Australia,DPMD Jayawardene,LPC Silva,GB Hogg,0,0,,,,,,,,,
247499,2006/07,2007-04-16,"National Cricket Stadium, St George's",1,21.6,Sri Lanka,Australia,DPMD Jayawardene,LPC Silva,GB Hogg,2,0,,,,,,,,,
247499,2006/07,2007-04-16,"National Cricket Stadium, St George's",1,22.1,Sri Lanka,Australia,LPC Silva,DPMD Jayawardene,MJ Clarke,2,0,,,,,,,,,
247499,2006/07,2007-04-16,"National Cricket Stadium, St George's",1,22.2,Sri Lanka,Australia,LPC Silva,DPMD Jayawardene,MJ Clarke,2,0,,,,,,,,,
247499,2006/07,2007-04-16,"National Cricket Stadium, St George's",1,22.3,Sri Lanka,Australia,LPC Silva,DPMD Jayawardene,MJ Clarke,0,0,,,,,,,,,
247499,2006/07,2007-04-16,"National Cricket Stadium, St George's",1,22.4,Sri Lanka,Australia,LPC Silva,DPMD Jayawardene,MJ Clarke,0,0,,,,,,,,,
247499,2006/07,2007-04-16,"National Cricket Stadium, St George's",1,22.5,Sri Lanka,Australia,LPC Silva,DPMD Jayawardene,MJ Clarke,0,0,,,,,,,,,
247499,2006/07,2007-04-16,"National Cricket Stadium, St George's",1,22.6,Sri Lanka,Australia,LPC Silva,DPMD Jayawardene,MJ Clarke,0,0,,,,,,,,,
247499,2006/07,2007-04-16,"National Cricket Stadium, St George's",1,23.1,Sri Lanka,Australia,DPMD Jayawardene,LPC Silva,GB Hogg,0,0,,,,,,,,,
247499,2006/07,2007-04-16,"National Cricket Stadium, St George's",1,23.2,Sri Lanka,Australia,DPMD Jayawardene,LPC Silva,GB Hogg,2,0,,,,,,,,,
247499,2006/07,2007-04-16,"National Cricket Stadium, St George's",1,23.3,Sri Lanka,Australia,DPMD Jayawardene,LPC Silva,GB Hogg,1,0,,,,,,,,,
247499,2006/07,2007-04-16,"National Cricket Stadium, St George's",1,23.4,Sri Lanka,Australia,LPC Silva,DPMD Jayawardene,GB Hogg,1,0,,,,,,,,,
247499,2006/07,2007-04-16,"National Cricket Stadium, St George's",1,23.5,Sri Lanka,Australia,DPMD Jayawardene,LPC Silva,GB Hogg,1,0,,,,,,,,,
247499,2006/07,2007-04-16,"National Cricket Stadium, St George's",1,23.6,Sri Lanka,Australia,LPC Silva,DPMD Jayawardene,GB Hogg,0,0,,,,,,,,,
247499,2006/07,2007-04-16,"National Cricket Stadium, St George's",1,24.1,Sri Lanka,Australia,DPMD Jayawardene,LPC Silva,MJ Clarke,0,0,,,,,,,,,
247499,2006/07,2007-04-16,"National Cricket Stadium, St George's",1,24.2,Sri Lanka,Australia,DPMD Jayawardene,LPC Silva,MJ Clarke,1,0,,,,,,,,,
247499,2006/07,2007-04-16,"National Cricket Stadium, St George's",1,24.3,Sri Lanka,Australia,LPC Silva,DPMD Jayawardene,MJ Clarke,0,0,,,,,,,,,
247499,2006/07,2007-04-16,"National Cricket Stadium, St George's",1,24.4,Sri Lanka,Australia,LPC Silva,DPMD Jayawardene,MJ Clarke,0,0,,,,,,,,,
247499,2006/07,2007-04-16,"National Cricket Stadium, St George's",1,24.5,Sri Lanka,Australia,LPC Silva,DPMD Jayawardene,MJ Clarke,0,0,,,,,,,,,
247499,2006/07,2007-04-16,"National Cricket Stadium, St George's",1,24.6,Sri Lanka,Australia,LPC Silva,DPMD Jayawardene,MJ Clarke,0,0,,,,,,,,,
247499,2006/07,2007-04-16,"National Cricket Stadium, St George's",1,25.1,Sri Lanka,Australia,DPMD Jayawardene,LPC Silva,GB Hogg,1,0,,,,,,,,,
247499,2006/07,2007-04-16,"National Cricket Stadium, St George's",1,25.2,Sri Lanka,Australia,LPC Silva,DPMD Jayawardene,GB Hogg,0,0,,,,,,,,,
247499,2006/07,2007-04-16,"National Cricket Stadium, St George's",1,25.3,Sri Lanka,Australia,LPC Silva,DPMD Jayawardene,GB Hogg,0,0,,,,,,,,,
247499,2006/07,2007-04-16,"National Cricket Stadium, St George's",1,25.4,Sri Lanka,Australia,LPC Silva,DPMD Jayawardene,GB Hogg,4,0,,,,,,,,,
247499,2006/07,2007-04-16,"National Cricket Stadium, St George's",1,25.5,Sri Lanka,Australia,LPC Silva,DPMD Jayawardene,GB Hogg,0,0,,,,,,,,,
247499,2006/07,2007-04-16,"National Cricket Stadium, St George's",1,25.6,Sri Lanka,Australia,LPC Silva,DPMD Jayawardene,GB Hogg,1,0,,,,,,,,,
247499,2006/07,2007-04-16,"National Cricket Stadium, St George's",1,26.1,Sri Lanka,Australia,LPC Silva,DPMD Jayawardene,MJ Clarke,0,0,,,,,,,,,
247499,2006/07,2007-04-16,"National Cricket Stadium, St George's",1,26.2,Sri Lanka,Australia,LPC Silva,DPMD Jayawardene,MJ Clarke,1,0,,,,,,,,,
247499,2006/07,2007-04-16,"National Cricket Stadium, St George's",1,26.3,Sri Lanka,Australia,DPMD Jayawardene,LPC Silva,MJ Clarke,1,0,,,,,,,,,
247499,2006/07,2007-04-16,"National Cricket Stadium, St George's",1,26.4,Sri Lanka,Australia,LPC Silva,DPMD Jayawardene,MJ Clarke,2,0,,,,,,,,,
247499,2006/07,2007-04-16,"National Cricket Stadium, St George's",1,26.5,Sri Lanka,Australia,LPC Silva,DPMD Jayawardene,MJ Clarke,1,0,,,,,,,,,
247499,2006/07,2007-04-16,"National Cricket Stadium, St George's",1,26.6,Sri Lanka,Australia,DPMD Jayawardene,LPC Silva,MJ Clarke,0,0,,,,,,,,,
247499,2006/07,2007-04-16,"National Cricket Stadium, St George's",1,27.1,Sri Lanka,Australia,LPC Silva,DPMD Jayawardene,GD McGrath,0,0,,,,,,,,,
247499,2006/07,2007-04-16,"National Cricket Stadium, St George's",1,27.2,Sri Lanka,Australia,LPC Silva,DPMD Jayawardene,GD McGrath,0,0,,,,,,,,,
247499,2006/07,2007-04-16,"National Cricket Stadium, St George's",1,27.3,Sri Lanka,Australia,LPC Silva,DPMD Jayawardene,GD McGrath,1,0,,,,,,,,,
247499,2006/07,2007-04-16,"National Cricket Stadium, St George's",1,27.4,Sri Lanka,Australia,DPMD Jayawardene,LPC Silva,GD McGrath,2,0,,,,,,,,,
247499,2006/07,2007-04-16,"National Cricket Stadium, St George's",1,27.5,Sri Lanka,Australia,DPMD Jayawardene,LPC Silva,GD McGrath,0,0,,,,,,,,,
247499,2006/07,2007-04-16,"National Cricket Stadium, St George's",1,27.6,Sri Lanka,Australia,DPMD Jayawardene,LPC Silva,GD McGrath,4,0,,,,,,,,,
247499,2006/07,2007-04-16,"National Cricket Stadium, St George's",1,28.1,Sri Lanka,Australia,LPC Silva,DPMD Jayawardene,SW Tait,0,0,,,,,,,,,
247499,2006/07,2007-04-16,"National Cricket Stadium, St George's",1,28.2,Sri Lanka,Australia,LPC Silva,DPMD Jayawardene,SW Tait,4,0,,,,,,,,,
247499,2006/07,2007-04-16,"National Cricket Stadium, St George's",1,28.3,Sri Lanka,Australia,LPC Silva,DPMD Jayawardene,SW Tait,0,0,,,,,,,,,
247499,2006/07,2007-04-16,"National Cricket Stadium, St George's",1,28.4,Sri Lanka,Australia,LPC Silva,DPMD Jayawardene,SW Tait,0,0,,,,,,,,,
247499,2006/07,2007-04-16,"National Cricket Stadium, St George's",1,28.5,Sri Lanka,Australia,LPC Silva,DPMD Jayawardene,SW Tait,0,0,,,,,,,,,
247499,2006/07,2007-04-16,"National Cricket Stadium, St George's",1,28.6,Sri Lanka,Australia,LPC Silva,DPMD Jayawardene,SW Tait,0,0,,,,,,,,,
247499,2006/07,2007-04-16,"National Cricket Stadium, St George's",1,29.1,Sri Lanka,Australia,DPMD Jayawardene,LPC Silva,GD McGrath,0,0,,,,,,,,,
247499,2006/07,2007-04-16,"National Cricket Stadium, St George's",1,29.2,Sri Lanka,Australia,DPMD Jayawardene,LPC Silva,GD McGrath,0,0,,,,,,,,,
247499,2006/07,2007-04-16,"National Cricket Stadium, St George's",1,29.3,Sri Lanka,Australia,DPMD Jayawardene,LPC Silva,GD McGrath,1,0,,,,,,,,,
247499,2006/07,2007-04-16,"National Cricket Stadium, St George's",1,29.4,Sri Lanka,Australia,LPC Silva,DPMD Jayawardene,GD McGrath,1,0,,,,,,,,,
247499,2006/07,2007-04-16,"National Cricket Stadium, St George's",1,29.5,Sri Lanka,Australia,DPMD Jayawardene,LPC Silva,GD McGrath,4,0,,,,,,,,,
247499,2006/07,2007-04-16,"National Cricket Stadium, St George's",1,29.6,Sri Lanka,Australia,DPMD Jayawardene,LPC Silva,GD McGrath,0,0,,,,,,,,,
247499,2006/07,2007-04-16,"National Cricket Stadium, St George's",1,30.1,Sri Lanka,Australia,LPC Silva,DPMD Jayawardene,SW Tait,1,0,,,,,,,,,
247499,2006/07,2007-04-16,"National Cricket Stadium, St George's",1,30.2,Sri Lanka,Australia,DPMD Jayawardene,LPC Silva,SW Tait,0,0,,,,,,,,,
247499,2006/07,2007-04-16,"National Cricket Stadium, St George's",1,30.3,Sri Lanka,Australia,DPMD Jayawardene,LPC Silva,SW Tait,4,0,,,,,,,,,
247499,2006/07,2007-04-16,"National Cricket Stadium, St George's",1,30.4,Sri Lanka,Australia,DPMD Jayawardene,LPC Silva,SW Tait,0,1,1,,,,,,,,
247499,2006/07,2007-04-16,"National Cricket Stadium, St George's",1,30.5,Sri Lanka,Australia,DPMD Jayawardene,LPC Silva,SW Tait,0,0,,,,,,,,,
247499,2006/07,2007-04-16,"National Cricket Stadium, St George's",1,30.6,Sri Lanka,Australia,DPMD Jayawardene,LPC Silva,SW Tait,6,0,,,,,,,,,
247499,2006/07,2007-04-16,"National Cricket Stadium, St George's",1,30.7,Sri Lanka,Australia,DPMD Jayawardene,LPC Silva,SW Tait,2,0,,,,,,,,,
247499,2006/07,2007-04-16,"National Cricket Stadium, St George's",1,31.1,Sri Lanka,Australia,LPC Silva,DPMD Jayawardene,NW Bracken,0,0,,,,,,,,,
247499,2006/07,2007-04-16,"National Cricket Stadium, St George's",1,31.2,Sri Lanka,Australia,LPC Silva,DPMD Jayawardene,NW Bracken,0,0,,,,,,,,,
247499,2006/07,2007-04-16,"National Cricket Stadium, St George's",1,31.3,Sri Lanka,Australia,LPC Silva,DPMD Jayawardene,NW Bracken,0,0,,,,,,,,,
247499,2006/07,2007-04-16,"National Cricket Stadium, St George's",1,31.4,Sri Lanka,Australia,LPC Silva,DPMD Jayawardene,NW Bracken,0,0,,,,,,,,,
247499,2006/07,2007-04-16,"National Cricket Stadium, St George's",1,31.5,Sri Lanka,Australia,LPC Silva,DPMD Jayawardene,NW Bracken,1,0,,,,,,,,,
247499,2006/07,2007-04-16,"National Cricket Stadium, St George's",1,31.6,Sri Lanka,Australia,DPMD Jayawardene,LPC Silva,NW Bracken,0,0,,,,,,,,,
247499,2006/07,2007-04-16,"National Cricket Stadium, St George's",1,32.1,Sri Lanka,Australia,LPC Silva,DPMD Jayawardene,SW Tait,1,0,,,,,,,,,
247499,2006/07,2007-04-16,"National Cricket Stadium, St George's",1,32.2,Sri Lanka,Australia,DPMD Jayawardene,LPC Silva,SW Tait,1,0,,,,,,,,,
247499,2006/07,2007-04-16,"National Cricket Stadium, St George's",1,32.3,Sri Lanka,Australia,LPC Silva,DPMD Jayawardene,SW Tait,1,0,,,,,,,,,
247499,2006/07,2007-04-16,"National Cricket Stadium, St George's",1,32.4,Sri Lanka,Australia,DPMD Jayawardene,LPC Silva,SW Tait,0,1,,,,1,,,,,
247499,2006/07,2007-04-16,"National Cricket Stadium, St George's",1,32.5,Sri Lanka,Australia,LPC Silva,DPMD Jayawardene,SW Tait,1,0,,,,,,,,,
247499,2006/07,2007-04-16,"National Cricket Stadium, St George's",1,32.6,Sri Lanka,Australia,DPMD Jayawardene,LPC Silva,SW Tait,2,0,,,,,,,,,
247499,2006/07,2007-04-16,"National Cricket Stadium, St George's",1,33.1,Sri Lanka,Australia,LPC Silva,DPMD Jayawardene,GB Hogg,1,0,,,,,,,,,
247499,2006/07,2007-04-16,"National Cricket Stadium, St George's",1,33.2,Sri Lanka,Australia,DPMD Jayawardene,LPC Silva,GB Hogg,0,0,,,,,,,,,
247499,2006/07,2007-04-16,"National Cricket Stadium, St George's",1,33.3,Sri Lanka,Australia,DPMD Jayawardene,LPC Silva,GB Hogg,1,0,,,,,,,,,
247499,2006/07,2007-04-16,"National Cricket Stadium, St George's",1,33.4,Sri Lanka,Australia,LPC Silva,DPMD Jayawardene,GB Hogg,1,0,,,,,,,,,
247499,2006/07,2007-04-16,"National Cricket Stadium, St George's",1,33.5,Sri Lanka,Australia,DPMD Jayawardene,LPC Silva,GB Hogg,3,0,,,,,,,,,
247499,2006/07,2007-04-16,"National Cricket Stadium, St George's",1,33.6,Sri Lanka,Australia,LPC Silva,DPMD Jayawardene,GB Hogg,1,0,,,,,,,,,
247499,2006/07,2007-04-16,"National Cricket Stadium, St George's",1,34.1,Sri Lanka,Australia,LPC Silva,DPMD Jayawardene,MJ Clarke,0,0,,,,,,,,,
247499,2006/07,2007-04-16,"National Cricket Stadium, St George's",1,34.2,Sri Lanka,Australia,LPC Silva,DPMD Jayawardene,MJ Clarke,3,0,,,,,,,,,
247499,2006/07,2007-04-16,"National Cricket Stadium, St George's",1,34.3,Sri Lanka,Australia,DPMD Jayawardene,LPC Silva,MJ Clarke,1,0,,,,,,,,,
247499,2006/07,2007-04-16,"National Cricket Stadium, St George's",1,34.4,Sri Lanka,Australia,LPC Silva,DPMD Jayawardene,MJ Clarke,1,0,,,,,,,,,
247499,2006/07,2007-04-16,"National Cricket Stadium, St George's",1,34.5,Sri Lanka,Australia,DPMD Jayawardene,LPC Silva,MJ Clarke,1,0,,,,,,,,,
247499,2006/07,2007-04-16,"National Cricket Stadium, St George's",1,34.6,Sri Lanka,Australia,LPC Silva,DPMD Jayawardene,MJ Clarke,2,0,,,,,,,,,
247499,2006/07,2007-04-16,"National Cricket Stadium, St George's",1,35.1,Sri Lanka,Australia,DPMD Jayawardene,LPC Silva,GB Hogg,1,0,,,,,,,,,
247499,2006/07,2007-04-16,"National Cricket Stadium, St George's",1,35.2,Sri Lanka,Australia,LPC Silva,DPMD Jayawardene,GB Hogg,1,0,,,,,,,,,
247499,2006/07,2007-04-16,"National Cricket Stadium, St George's",1,35.3,Sri Lanka,Australia,DPMD Jayawardene,LPC Silva,GB Hogg,1,0,,,,,,,,,
247499,2006/07,2007-04-16,"National Cricket Stadium, St George's",1,35.4,Sri Lanka,Australia,LPC Silva,DPMD Jayawardene,GB Hogg,0,0,,,,,,,,,
247499,2006/07,2007-04-16,"National Cricket Stadium, St George's",1,35.5,Sri Lanka,Australia,LPC Silva,DPMD Jayawardene,GB Hogg,1,0,,,,,,,,,
247499,2006/07,2007-04-16,"National Cricket Stadium, St George's",1,35.6,Sri Lanka,Australia,DPMD Jayawardene,LPC Silva,GB Hogg,3,0,,,,,,,,,
247499,2006/07,2007-04-16,"National Cricket Stadium, St George's",1,36.1,Sri Lanka,Australia,DPMD Jayawardene,LPC Silva,MJ Clarke,1,0,,,,,,,,,
247499,2006/07,2007-04-16,"National Cricket Stadium, St George's",1,36.2,Sri Lanka,Australia,LPC Silva,DPMD Jayawardene,MJ Clarke,0,0,,,,,,,,,
247499,2006/07,2007-04-16,"National Cricket Stadium, St George's",1,36.3,Sri Lanka,Australia,LPC Silva,DPMD Jayawardene,MJ Clarke,1,0,,,,,,,,,
247499,2006/07,2007-04-16,"National Cricket Stadium, St George's",1,36.4,Sri Lanka,Australia,DPMD Jayawardene,LPC Silva,MJ Clarke,2,0,,,,,,,,,
247499,2006/07,2007-04-16,"National Cricket Stadium, St George's",1,36.5,Sri Lanka,Australia,DPMD Jayawardene,LPC Silva,MJ Clarke,0,0,,,,,,,,,
247499,2006/07,2007-04-16,"National Cricket Stadium, St George's",1,36.6,Sri Lanka,Australia,DPMD Jayawardene,LPC Silva,MJ Clarke,0,0,,,,,,,,,
247499,2006/07,2007-04-16,"National Cricket Stadium, St George's",1,37.1,Sri Lanka,Australia,LPC Silva,DPMD Jayawardene,GB Hogg,0,0,,,,,,,,,
247499,2006/07,2007-04-16,"National Cricket Stadium, St George's",1,37.2,Sri Lanka,Australia,LPC Silva,DPMD Jayawardene,GB Hogg,0,0,,,,,,caught,LPC Silva,,
247499,2006/07,2007-04-16,"National Cricket Stadium, St George's",1,37.3,Sri Lanka,Australia,TM Dilshan,DPMD Jayawardene,GB Hogg,1,0,,,,,,,,,
247499,2006/07,2007-04-16,"National Cricket Stadium, St George's",1,37.4,Sri Lanka,Australia,DPMD Jayawardene,TM Dilshan,GB Hogg,0,0,,,,,,,,,
247499,2006/07,2007-04-16,"National Cricket Stadium, St George's",1,37.5,Sri Lanka,Australia,DPMD Jayawardene,TM Dilshan,GB Hogg,0,0,,,,,,,,,
247499,2006/07,2007-04-16,"National Cricket Stadium, St George's",1,37.6,Sri Lanka,Australia,DPMD Jayawardene,TM Dilshan,GB Hogg,1,0,,,,,,,,,
247499,2006/07,2007-04-16,"National Cricket Stadium, St George's",1,38.1,Sri Lanka,Australia,DPMD Jayawardene,TM Dilshan,MJ Clarke,1,0,,,,,,,,,
247499,2006/07,2007-04-16,"National Cricket Stadium, St George's",1,38.2,Sri Lanka,Australia,TM Dilshan,DPMD Jayawardene,MJ Clarke,0,0,,,,,,,,,
247499,2006/07,2007-04-16,"National Cricket Stadium, St George's",1,38.3,Sri Lanka,Australia,TM Dilshan,DPMD Jayawardene,MJ Clarke,1,0,,,,,,,,,
247499,2006/07,2007-04-16,"National Cricket Stadium, St George's",1,38.4,Sri Lanka,Australia,DPMD Jayawardene,TM Dilshan,MJ Clarke,1,0,,,,,,,,,
247499,2006/07,2007-04-16,"National Cricket Stadium, St George's",1,38.5,Sri Lanka,Australia,TM Dilshan,DPMD Jayawardene,MJ Clarke,1,0,,,,,,,,,
247499,2006/07,2007-04-16,"National Cricket Stadium, St George's",1,38.6,Sri Lanka,Australia,DPMD Jayawardene,TM Dilshan,MJ Clarke,0,0,,,,,,,,,
247499,2006/07,2007-04-16,"National Cricket Stadium, St George's",1,39.1,Sri Lanka,Australia,TM Dilshan,DPMD Jayawardene,GB Hogg,0,0,,,,,,,,,
247499,2006/07,2007-04-16,"National Cricket Stadium, St George's",1,39.2,Sri Lanka,Australia,TM Dilshan,DPMD Jayawardene,GB Hogg,0,0,,,,,,,,,
247499,2006/07,2007-04-16,"National Cricket Stadium, St George's",1,39.3,Sri Lanka,Australia,TM Dilshan,DPMD Jayawardene,GB Hogg,1,0,,,,,,,,,
247499,2006/07,2007-04-16,"National Cricket Stadium, St George's",1,39.4,Sri Lanka,Australia,DPMD Jayawardene,TM Dilshan,GB Hogg,0,0,,,,,,stumped,DPMD Jayawardene,,
247499,2006/07,2007-04-16,"National Cricket Stadium, St George's",1,39.5,Sri Lanka,Australia,RP Arnold,TM Dilshan,GB Hogg,0,0,,,,,,,,,
247499,2006/07,2007-04-16,"National Cricket Stadium, St George's",1,39.6,Sri Lanka,Australia,RP Arnold,TM Dilshan,GB Hogg,0,0,,,,,,,,,
247499,2006/07,2007-04-16,"National Cricket Stadium, St George's",1,40.1,Sri Lanka,Australia,TM Dilshan,RP Arnold,SW Tait,0,0,,,,,,,,,
247499,2006/07,2007-04-16,"National Cricket Stadium, St George's",1,40.2,Sri Lanka,Australia,TM Dilshan,RP Arnold,SW Tait,2,0,,,,,,,,,
247499,2006/07,2007-04-16,"National Cricket Stadium, St George's",1,40.3,Sri Lanka,Australia,TM Dilshan,RP Arnold,SW Tait,0,0,,,,,,,,,
247499,2006/07,2007-04-16,"National Cricket Stadium, St George's",1,40.4,Sri Lanka,Australia,TM Dilshan,RP Arnold,SW Tait,1,0,,,,,,,,,
247499,2006/07,2007-04-16,"National Cricket Stadium, St George's",1,40.5,Sri Lanka,Australia,RP Arnold,TM Dilshan,SW Tait,1,0,,,,,,,,,
247499,2006/07,2007-04-16,"National Cricket Stadium, St George's",1,40.6,Sri Lanka,Australia,TM Dilshan,RP Arnold,SW Tait,0,0,,,,,,caught,TM Dilshan,,
247499,2006/07,2007-04-16,"National Cricket Stadium, St George's",1,41.1,Sri Lanka,Australia,MF Maharoof,RP Arnold,MJ Clarke,0,0,,,,,,,,,
247499,2006/07,2007-04-16,"National Cricket Stadium, St George's",1,41.2,Sri Lanka,Australia,MF Maharoof,RP Arnold,MJ Clarke,1,0,,,,,,,,,
247499,2006/07,2007-04-16,"National Cricket Stadium, St George's",1,41.3,Sri Lanka,Australia,RP Arnold,MF Maharoof,MJ Clarke,0,0,,,,,,,,,
247499,2006/07,2007-04-16,"National Cricket Stadium, St George's",1,41.4,Sri Lanka,Australia,RP Arnold,MF Maharoof,MJ Clarke,0,0,,,,,,,,,
247499,2006/07,2007-04-16,"National Cricket Stadium, St George's",1,41.5,Sri Lanka,Australia,RP Arnold,MF Maharoof,MJ Clarke,0,0,,,,,,,,,
247499,2006/07,2007-04-16,"National Cricket Stadium, St George's",1,41.6,Sri Lanka,Australia,RP Arnold,MF Maharoof,MJ Clarke,1,0,,,,,,,,,
247499,2006/07,2007-04-16,"National Cricket Stadium, St George's",1,42.1,Sri Lanka,Australia,RP Arnold,MF Maharoof,SW Tait,0,0,,,,,,,,,
247499,2006/07,2007-04-16,"National Cricket Stadium, St George's",1,42.2,Sri Lanka,Australia,RP Arnold,MF Maharoof,SW Tait,1,0,,,,,,,,,
247499,2006/07,2007-04-16,"National Cricket Stadium, St George's",1,42.3,Sri Lanka,Australia,MF Maharoof,RP Arnold,SW Tait,0,1,1,,,,,,,,
247499,2006/07,2007-04-16,"National Cricket Stadium, St George's",1,42.4,Sri Lanka,Australia,MF Maharoof,RP Arnold,SW Tait,1,0,,,,,,,,,
247499,2006/07,2007-04-16,"National Cricket Stadium, St George's",1,42.5,Sri Lanka,Australia,RP Arnold,MF Maharoof,SW Tait,0,0,,,,,,bowled,RP Arnold,,
247499,2006/07,2007-04-16,"National Cricket Stadium, St George's",1,42.6,Sri Lanka,Australia,KMDN Kulasekara,MF Maharoof,SW Tait,0,0,,,,,,,,,
247499,2006/07,2007-04-16,"National Cricket Stadium, St George's",1,42.7,Sri Lanka,Australia,KMDN Kulasekara,MF Maharoof,SW Tait,1,0,,,,,,,,,
247499,2006/07,2007-04-16,"National Cricket Stadium, St George's",1,43.1,Sri Lanka,Australia,KMDN Kulasekara,MF Maharoof,NW Bracken,0,0,,,,,,,,,
247499,2006/07,2007-04-16,"National Cricket Stadium, St George's",1,43.2,Sri Lanka,Australia,KMDN Kulasekara,MF Maharoof,NW Bracken,0,0,,,,,,,,,
247499,2006/07,2007-04-16,"National Cricket Stadium, St George's",1,43.3,Sri Lanka,Australia,KMDN Kulasekara,MF Maharoof,NW Bracken,0,0,,,,,,caught,KMDN Kulasekara,,
247499,2006/07,2007-04-16,"National Cricket Stadium, St George's",1,43.4,Sri Lanka,Australia,HMCM Bandara,MF Maharoof,NW Bracken,0,0,,,,,,,,,
247499,2006/07,2007-04-16,"National Cricket Stadium, St George's",1,43.5,Sri Lanka,Australia,HMCM Bandara,MF Maharoof,NW Bracken,0,0,,,,,,,,,
247499,2006/07,2007-04-16,"National Cricket Stadium, St George's",1,43.6,Sri Lanka,Australia,HMCM Bandara,MF Maharoof,NW Bracken,0,0,,,,,,,,,
247499,2006/07,2007-04-16,"National Cricket Stadium, St George's",1,44.1,Sri Lanka,Australia,MF Maharoof,HMCM Bandara,SW Tait,0,0,,,,,,,,,
247499,2006/07,2007-04-16,"National Cricket Stadium, St George's",1,44.2,Sri Lanka,Australia,MF Maharoof,HMCM Bandara,SW Tait,1,0,,,,,,,,,
247499,2006/07,2007-04-16,"National Cricket Stadium, St George's",1,44.3,Sri Lanka,Australia,HMCM Bandara,MF Maharoof,SW Tait,0,0,,,,,,,,,
247499,2006/07,2007-04-16,"National Cricket Stadium, St George's",1,44.4,Sri Lanka,Australia,HMCM Bandara,MF Maharoof,SW Tait,2,0,,,,,,,,,
247499,2006/07,2007-04-16,"National Cricket Stadium, St George's",1,44.5,Sri Lanka,Australia,HMCM Bandara,MF Maharoof,SW Tait,0,0,,,,,,,,,
247499,2006/07,2007-04-16,"National Cricket Stadium, St George's",1,44.6,Sri Lanka,Australia,HMCM Bandara,MF Maharoof,SW Tait,0,0,,,,,,,,,
247499,2006/07,2007-04-16,"National Cricket Stadium, St George's",1,45.1,Sri Lanka,Australia,MF Maharoof,HMCM Bandara,NW Bracken,0,0,,,,,,,,,
247499,2006/07,2007-04-16,"National Cricket Stadium, St George's",1,45.2,Sri Lanka,Australia,MF Maharoof,HMCM Bandara,NW Bracken,1,0,,,,,,,,,
247499,2006/07,2007-04-16,"National Cricket Stadium, St George's",1,45.3,Sri Lanka,Australia,HMCM Bandara,MF Maharoof,NW Bracken,0,0,,,,,,,,,
247499,2006/07,2007-04-16,"National Cricket Stadium, St George's",1,45.4,Sri Lanka,Australia,HMCM Bandara,MF Maharoof,NW Bracken,1,0,,,,,,,,,
247499,2006/07,2007-04-16,"National Cricket Stadium, St George's",1,45.5,Sri Lanka,Australia,MF Maharoof,HMCM Bandara,NW Bracken,0,0,,,,,,,,,
247499,2006/07,2007-04-16,"National Cricket Stadium, St George's",1,45.6,Sri Lanka,Australia,MF Maharoof,HMCM Bandara,NW Bracken,0,0,,,,,,,,,
247499,2006/07,2007-04-16,"National Cricket Stadium, St George's",1,46.1,Sri Lanka,Australia,HMCM Bandara,MF Maharoof,GD McGrath,0,0,,,,,,,,,
247499,2006/07,2007-04-16,"National Cricket Stadium, St George's",1,46.2,Sri Lanka,Australia,HMCM Bandara,MF Maharoof,GD McGrath,0,0,,,,,,,,,
247499,2006/07,2007-04-16,"National Cricket Stadium, St George's",1,46.3,Sri Lanka,Australia,HMCM Bandara,MF Maharoof,GD McGrath,6,0,,,,,,,,,
247499,2006/07,2007-04-16,"National Cricket Stadium, St George's",1,46.4,Sri Lanka,Australia,HMCM Bandara,MF Maharoof,GD McGrath,0,0,,,,,,,,,
247499,2006/07,2007-04-16,"National Cricket Stadium, St George's",1,46.5,Sri Lanka,Australia,HMCM Bandara,MF Maharoof,GD McGrath,1,0,,,,,,,,,
247499,2006/07,2007-04-16,"National Cricket Stadium, St George's",1,46.6,Sri Lanka,Australia,MF Maharoof,HMCM Bandara,GD McGrath,1,0,,,,,,,,,
247499,2006/07,2007-04-16,"National Cricket Stadium, St George's",1,47.1,Sri Lanka,Australia,MF Maharoof,HMCM Bandara,MJ Clarke,1,0,,,,,,,,,
247499,2006/07,2007-04-16,"National Cricket Stadium, St George's",1,47.2,Sri Lanka,Australia,HMCM Bandara,MF Maharoof,MJ Clarke,0,0,,,,,,,,,
247499,2006/07,2007-04-16,"National Cricket Stadium, St George's",1,47.3,Sri Lanka,Australia,HMCM Bandara,MF Maharoof,MJ Clarke,6,0,,,,,,,,,
247499,2006/07,2007-04-16,"National Cricket Stadium, St George's",1,47.4,Sri Lanka,Australia,HMCM Bandara,MF Maharoof,MJ Clarke,0,1,,,,1,,,,,
247499,2006/07,2007-04-16,"National Cricket Stadium, St George's",1,47.5,Sri Lanka,Australia,MF Maharoof,HMCM Bandara,MJ Clarke,0,0,,,,,,,,,
247499,2006/07,2007-04-16,"National Cricket Stadium, St George's",1,47.6,Sri Lanka,Australia,MF Maharoof,HMCM Bandara,MJ Clarke,1,0,,,,,,,,,
247499,2006/07,2007-04-16,"National Cricket Stadium, St George's",1,48.1,Sri Lanka,Australia,MF Maharoof,HMCM Bandara,GD McGrath,4,0,,,,,,,,,
247499,2006/07,2007-04-16,"National Cricket Stadium, St George's",1,48.2,Sri Lanka,Australia,MF Maharoof,HMCM Bandara,GD McGrath,0,1,,1,,,,,,,
247499,2006/07,2007-04-16,"National Cricket Stadium, St George's",1,48.3,Sri Lanka,Australia,MF Maharoof,HMCM Bandara,GD McGrath,4,0,,,,,,,,,
247499,2006/07,2007-04-16,"National Cricket Stadium, St George's",1,48.4,Sri Lanka,Australia,MF Maharoof,HMCM Bandara,GD McGrath,1,0,,,,,,,,,
247499,2006/07,2007-04-16,"National Cricket Stadium, St George's",1,48.5,Sri Lanka,Australia,HMCM Bandara,MF Maharoof,GD McGrath,1,0,,,,,,,,,
247499,2006/07,2007-04-16,"National Cricket Stadium, St George's",1,48.6,Sri Lanka,Australia,MF Maharoof,HMCM Bandara,GD McGrath,1,0,,,,,,,,,
247499,2006/07,2007-04-16,"National Cricket Stadium, St George's",1,48.7,Sri Lanka,Australia,HMCM Bandara,MF Maharoof,GD McGrath,0,0,,,,,,caught,HMCM Bandara,,
247499,2006/07,2007-04-16,"National Cricket Stadium, St George's",1,49.1,Sri Lanka,Australia,MF Maharoof,CRD Fernando,NW Bracken,4,0,,,,,,,,,
247499,2006/07,2007-04-16,"National Cricket Stadium, St George's",1,49.2,Sri Lanka,Australia,MF Maharoof,CRD Fernando,NW Bracken,0,0,,,,,,,,,
247499,2006/07,2007-04-16,"National Cricket Stadium, St George's",1,49.3,Sri Lanka,Australia,MF Maharoof,CRD Fernando,NW Bracken,4,0,,,,,,,,,
247499,2006/07,2007-04-16,"National Cricket Stadium, St George's",1,49.4,Sri Lanka,Australia,MF Maharoof,CRD Fernando,NW Bracken,0,0,,,,,,caught,MF Maharoof,,
247499,2006/07,2007-04-16,"National Cricket Stadium, St George's",2,0.1,Australia,Sri Lanka,AC Gilchrist,ML Hayden,CRD Fernando,0,0,,,,,,,,,
247499,2006/07,2007-04-16,"National Cricket Stadium, St George's",2,0.2,Australia,Sri Lanka,AC Gilchrist,ML Hayden,CRD Fernando,0,0,,,,,,,,,
247499,2006/07,2007-04-16,"National Cricket Stadium, St George's",2,0.3,Australia,Sri Lanka,AC Gilchrist,ML Hayden,CRD Fernando,0,0,,,,,,,,,
247499,2006/07,2007-04-16,"National Cricket Stadium, St George's",2,0.4,Australia,Sri Lanka,AC Gilchrist,ML Hayden,CRD Fernando,0,1,1,,,,,,,,
247499,2006/07,2007-04-16,"National Cricket Stadium, St George's",2,0.5,Australia,Sri Lanka,AC Gilchrist,ML Hayden,CRD Fernando,3,1,,1,,,,,,,
247499,2006/07,2007-04-16,"National Cricket Stadium, St George's",2,0.6,Australia,Sri Lanka,ML Hayden,AC Gilchrist,CRD Fernando,4,0,,,,,,,,,
247499,2006/07,2007-04-16,"National Cricket Stadium, St George's",2,0.7,Australia,Sri Lanka,ML Hayden,AC Gilchrist,CRD Fernando,0,1,1,,,,,,,,
247499,2006/07,2007-04-16,"National Cricket Stadium, St George's",2,0.8,Australia,Sri Lanka,ML Hayden,AC Gilchrist,CRD Fernando,0,0,,,,,,,,,
247499,2006/07,2007-04-16,"National Cricket Stadium, St George's",2,0.9,Australia,Sri Lanka,ML Hayden,AC Gilchrist,CRD Fernando,0,1,1,,,,,,,,
247499,2006/07,2007-04-16,"National Cricket Stadium, St George's",2,0.1,Australia,Sri Lanka,ML Hayden,AC Gilchrist,CRD Fernando,0,0,,,,,,,,,
247499,2006/07,2007-04-16,"National Cricket Stadium, St George's",2,1.1,Australia,Sri Lanka,AC Gilchrist,ML Hayden,MF Maharoof,0,0,,,,,,,,,
247499,2006/07,2007-04-16,"National Cricket Stadium, St George's",2,1.2,Australia,Sri Lanka,AC Gilchrist,ML Hayden,MF Maharoof,0,0,,,,,,,,,
247499,2006/07,2007-04-16,"National Cricket Stadium, St George's",2,1.3,Australia,Sri Lanka,AC Gilchrist,ML Hayden,MF Maharoof,0,0,,,,,,,,,
247499,2006/07,2007-04-16,"National Cricket Stadium, St George's",2,1.4,Australia,Sri Lanka,AC Gilchrist,ML Hayden,MF Maharoof,0,0,,,,,,,,,
247499,2006/07,2007-04-16,"National Cricket Stadium, St George's",2,1.5,Australia,Sri Lanka,AC Gilchrist,ML Hayden,MF Maharoof,0,0,,,,,,,,,
247499,2006/07,2007-04-16,"National Cricket Stadium, St George's",2,1.6,Australia,Sri Lanka,AC Gilchrist,ML Hayden,MF Maharoof,4,0,,,,,,,,,
247499,2006/07,2007-04-16,"National Cricket Stadium, St George's",2,2.1,Australia,Sri Lanka,ML Hayden,AC Gilchrist,CRD Fernando,0,0,,,,,,,,,
247499,2006/07,2007-04-16,"National Cricket Stadium, St George's",2,2.2,Australia,Sri Lanka,ML Hayden,AC Gilchrist,CRD Fernando,0,0,,,,,,,,,
247499,2006/07,2007-04-16,"National Cricket Stadium, St George's",2,2.3,Australia,Sri Lanka,ML Hayden,AC Gilchrist,CRD Fernando,0,0,,,,,,,,,
247499,2006/07,2007-04-16,"National Cricket Stadium, St George's",2,2.4,Australia,Sri Lanka,ML Hayden,AC Gilchrist,CRD Fernando,0,0,,,,,,,,,
247499,2006/07,2007-04-16,"National Cricket Stadium, St George's",2,2.5,Australia,Sri Lanka,ML Hayden,AC Gilchrist,CRD Fernando,0,0,,,,,,,,,
247499,2006/07,2007-04-16,"National Cricket Stadium, St George's",2,2.6,Australia,Sri Lanka,ML Hayden,AC Gilchrist,CRD Fernando,0,0,,,,,,,,,
247499,2006/07,2007-04-16,"National Cricket Stadium, St George's",2,3.1,Australia,Sri Lanka,AC Gilchrist,ML Hayden,MF Maharoof,0,0,,,,,,,,,
247499,2006/07,2007-04-16,"National Cricket Stadium, St George's",2,3.2,Australia,Sri Lanka,AC Gilchrist,ML Hayden,MF Maharoof,0,0,,,,,,,,,
247499,2006/07,2007-04-16,"National Cricket Stadium, St George's",2,3.3,Australia,Sri Lanka,AC Gilchrist,ML Hayden,MF Maharoof,0,0,,,,,,,,,
247499,2006/07,2007-04-16,"National Cricket Stadium, St George's",2,3.4,Australia,Sri Lanka,AC Gilchrist,ML Hayden,MF Maharoof,0,0,,,,,,,,,
247499,2006/07,2007-04-16,"National Cricket Stadium, St George's",2,3.5,Australia,Sri Lanka,AC Gilchrist,ML Hayden,MF Maharoof,1,0,,,,,,,,,
247499,2006/07,2007-04-16,"National Cricket Stadium, St George's",2,3.6,Australia,Sri Lanka,ML Hayden,AC Gilchrist,MF Maharoof,0,0,,,,,,,,,
247499,2006/07,2007-04-16,"National Cricket Stadium, St George's",2,4.1,Australia,Sri Lanka,AC Gilchrist,ML Hayden,CRD Fernando,0,0,,,,,,,,,
247499,2006/07,2007-04-16,"National Cricket Stadium, St George's",2,4.2,Australia,Sri Lanka,AC Gilchrist,ML Hayden,CRD Fernando,0,0,,,,,,,,,
247499,2006/07,2007-04-16,"National Cricket Stadium, St George's",2,4.3,Australia,Sri Lanka,AC Gilchrist,ML Hayden,CRD Fernando,0,0,,,,,,,,,
247499,2006/07,2007-04-16,"National Cricket Stadium, St George's",2,4.4,Australia,Sri Lanka,AC Gilchrist,ML Hayden,CRD Fernando,0,1,,1,,,,,,,
247499,2006/07,2007-04-16,"National Cricket Stadium, St George's",2,4.5,Australia,Sri Lanka,AC Gilchrist,ML Hayden,CRD Fernando,0,0,,,,,,,,,
247499,2006/07,2007-04-16,"National Cricket Stadium, St George's",2,4.6,Australia,Sri Lanka,AC Gilchrist,ML Hayden,CRD Fernando,1,0,,,,,,,,,
247499,2006/07,2007-04-16,"National Cricket Stadium, St George's",2,4.7,Australia,Sri Lanka,ML Hayden,AC Gilchrist,CRD Fernando,0,0,,,,,,,,,
247499,2006/07,2007-04-16,"National Cricket Stadium, St George's",2,5.1,Australia,Sri Lanka,AC Gilchrist,ML Hayden,MF Maharoof,0,0,,,,,,,,,
247499,2006/07,2007-04-16,"National Cricket Stadium, St George's",2,5.2,Australia,Sri Lanka,AC Gilchrist,ML Hayden,MF Maharoof,0,0,,,,,,,,,
247499,2006/07,2007-04-16,"National Cricket Stadium, St George's",2,5.3,Australia,Sri Lanka,AC Gilchrist,ML Hayden,MF Maharoof,1,0,,,,,,,,,
247499,2006/07,2007-04-16,"National Cricket Stadium, St George's",2,5.4,Australia,Sri Lanka,ML Hayden,AC Gilchrist,MF Maharoof,2,0,,,,,,,,,
247499,2006/07,2007-04-16,"National Cricket Stadium, St George's",2,5.5,Australia,Sri Lanka,ML Hayden,AC Gilchrist,MF Maharoof,6,0,,,,,,,,,
247499,2006/07,2007-04-16,"National Cricket Stadium, St George's",2,5.6,Australia,Sri Lanka,ML Hayden,AC Gilchrist,MF Maharoof,0,0,,,,,,,,,
247499,2006/07,2007-04-16,"National Cricket Stadium, St George's",2,6.1,Australia,Sri Lanka,AC Gilchrist,ML Hayden,CRD Fernando,0,1,,1,,,,,,,
247499,2006/07,2007-04-16,"National Cricket Stadium, St George's",2,6.2,Australia,Sri Lanka,AC Gilchrist,ML Hayden,CRD Fernando,0,0,,,,,,,,,
247499,2006/07,2007-04-16,"National Cricket Stadium, St George's",2,6.3,Australia,Sri Lanka,AC Gilchrist,ML Hayden,CRD Fernando,4,0,,,,,,,,,
247499,2006/07,2007-04-16,"National Cricket Stadium, St George's",2,6.4,Australia,Sri Lanka,AC Gilchrist,ML Hayden,CRD Fernando,0,0,,,,,,,,,
247499,2006/07,2007-04-16,"National Cricket Stadium, St George's",2,6.5,Australia,Sri Lanka,AC Gilchrist,ML Hayden,CRD Fernando,0,0,,,,,,,,,
247499,2006/07,2007-04-16,"National Cricket Stadium, St George's",2,6.6,Australia,Sri Lanka,AC Gilchrist,ML Hayden,CRD Fernando,2,0,,,,,,,,,
247499,2006/07,2007-04-16,"National Cricket Stadium, St George's",2,6.7,Australia,Sri Lanka,AC Gilchrist,ML Hayden,CRD Fernando,0,0,,,,,,,,,
247499,2006/07,2007-04-16,"National Cricket Stadium, St George's",2,7.1,Australia,Sri Lanka,ML Hayden,AC Gilchrist,MF Maharoof,3,0,,,,,,,,,
247499,2006/07,2007-04-16,"National Cricket Stadium, St George's",2,7.2,Australia,Sri Lanka,AC Gilchrist,ML Hayden,MF Maharoof,0,0,,,,,,,,,
247499,2006/07,2007-04-16,"National Cricket Stadium, St George's",2,7.3,Australia,Sri Lanka,AC Gilchrist,ML Hayden,MF Maharoof,1,0,,,,,,,,,
247499,2006/07,2007-04-16,"National Cricket Stadium, St George's",2,7.4,Australia,Sri Lanka,ML Hayden,AC Gilchrist,MF Maharoof,0,0,,,,,,,,,
247499,2006/07,2007-04-16,"National Cricket Stadium, St George's",2,7.5,Australia,Sri Lanka,ML Hayden,AC Gilchrist,MF Maharoof,2,0,,,,,,,,,
247499,2006/07,2007-04-16,"National Cricket Stadium, St George's",2,7.6,Australia,Sri Lanka,ML Hayden,AC Gilchrist,MF Maharoof,0,0,,,,,,,,,
247499,2006/07,2007-04-16,"National Cricket Stadium, St George's",2,8.1,Australia,Sri Lanka,AC Gilchrist,ML Hayden,CRD Fernando,0,0,,,,,,,,,
247499,2006/07,2007-04-16,"National Cricket Stadium, St George's",2,8.2,Australia,Sri Lanka,AC Gilchrist,ML Hayden,CRD Fernando,0,0,,,,,,,,,
247499,2006/07,2007-04-16,"National Cricket Stadium, St George's",2,8.3,Australia,Sri Lanka,AC Gilchrist,ML Hayden,CRD Fernando,4,0,,,,,,,,,
247499,2006/07,2007-04-16,"National Cricket Stadium, St George's",2,8.4,Australia,Sri Lanka,AC Gilchrist,ML Hayden,CRD Fernando,0,0,,,,,,,,,
247499,2006/07,2007-04-16,"National Cricket Stadium, St George's",2,8.5,Australia,Sri Lanka,AC Gilchrist,ML Hayden,CRD Fernando,4,0,,,,,,,,,
247499,2006/07,2007-04-16,"National Cricket Stadium, St George's",2,8.6,Australia,Sri Lanka,AC Gilchrist,ML Hayden,CRD Fernando,0,0,,,,,,,,,
247499,2006/07,2007-04-16,"National Cricket Stadium, St George's",2,9.1,Australia,Sri Lanka,ML Hayden,AC Gilchrist,MF Maharoof,0,0,,,,,,,,,
247499,2006/07,2007-04-16,"National Cricket Stadium, St George's",2,9.2,Australia,Sri Lanka,ML Hayden,AC Gilchrist,MF Maharoof,4,0,,,,,,,,,
247499,2006/07,2007-04-16,"National Cricket Stadium, St George's",2,9.3,Australia,Sri Lanka,ML Hayden,AC Gilchrist,MF Maharoof,4,0,,,,,,,,,
247499,2006/07,2007-04-16,"National Cricket Stadium, St George's",2,9.4,Australia,Sri Lanka,ML Hayden,AC Gilchrist,MF Maharoof,1,0,,,,,,,,,
247499,2006/07,2007-04-16,"National Cricket Stadium, St George's",2,9.5,Australia,Sri Lanka,AC Gilchrist,ML Hayden,MF Maharoof,2,0,,,,,,,,,
247499,2006/07,2007-04-16,"National Cricket Stadium, St George's",2,9.6,Australia,Sri Lanka,AC Gilchrist,ML Hayden,MF Maharoof,0,0,,,,,,,,,
247499,2006/07,2007-04-16,"National Cricket Stadium, St George's",2,10.1,Australia,Sri Lanka,ML Hayden,AC Gilchrist,KMDN Kulasekara,0,0,,,,,,,,,
247499,2006/07,2007-04-16,"National Cricket Stadium, St George's",2,10.2,Australia,Sri Lanka,ML Hayden,AC Gilchrist,KMDN Kulasekara,0,0,,,,,,,,,
247499,2006/07,2007-04-16,"National Cricket Stadium, St George's",2,10.3,Australia,Sri Lanka,ML Hayden,AC Gilchrist,KMDN Kulasekara,4,0,,,,,,,,,
247499,2006/07,2007-04-16,"National Cricket Stadium, St George's",2,10.4,Australia,Sri Lanka,ML Hayden,AC Gilchrist,KMDN Kulasekara,4,0,,,,,,,,,
247499,2006/07,2007-04-16,"National Cricket Stadium, St George's",2,10.5,Australia,Sri Lanka,ML Hayden,AC Gilchrist,KMDN Kulasekara,1,0,,,,,,,,,
247499,2006/07,2007-04-16,"National Cricket Stadium, St George's",2,10.6,Australia,Sri Lanka,AC Gilchrist,ML Hayden,KMDN Kulasekara,1,0,,,,,,,,,
247499,2006/07,2007-04-16,"National Cricket Stadium, St George's",2,11.1,Australia,Sri Lanka,AC Gilchrist,ML Hayden,RP Arnold,0,0,,,,,,,,,
247499,2006/07,2007-04-16,"National Cricket Stadium, St George's",2,11.2,Australia,Sri Lanka,AC Gilchrist,ML Hayden,RP Arnold,1,0,,,,,,,,,
247499,2006/07,2007-04-16,"National Cricket Stadium, St George's",2,11.3,Australia,Sri Lanka,ML Hayden,AC Gilchrist,RP Arnold,6,0,,,,,,,,,
247499,2006/07,2007-04-16,"National Cricket Stadium, St George's",2,11.4,Australia,Sri Lanka,ML Hayden,AC Gilchrist,RP Arnold,0,0,,,,,,,,,
247499,2006/07,2007-04-16,"National Cricket Stadium, St George's",2,11.5,Australia,Sri Lanka,ML Hayden,AC Gilchrist,RP Arnold,0,0,,,,,,caught,ML Hayden,,
247499,2006/07,2007-04-16,"National Cricket Stadium, St George's",2,11.6,Australia,Sri Lanka,RT Ponting,AC Gilchrist,RP Arnold,0,0,,,,,,,,,
247499,2006/07,2007-04-16,"National Cricket Stadium, St George's",2,12.1,Australia,Sri Lanka,AC Gilchrist,RT Ponting,KMDN Kulasekara,1,0,,,,,,,,,
247499,2006/07,2007-04-16,"National Cricket Stadium, St George's",2,12.2,Australia,Sri Lanka,RT Ponting,AC Gilchrist,KMDN Kulasekara,0,0,,,,,,,,,
247499,2006/07,2007-04-16,"National Cricket Stadium, St George's",2,12.3,Australia,Sri Lanka,RT Ponting,AC Gilchrist,KMDN Kulasekara,1,0,,,,,,,,,
247499,2006/07,2007-04-16,"National Cricket Stadium, St George's",2,12.4,Australia,Sri Lanka,AC Gilchrist,RT Ponting,KMDN Kulasekara,0,0,,,,,,,,,
247499,2006/07,2007-04-16,"National Cricket Stadium, St George's",2,12.5,Australia,Sri Lanka,AC Gilchrist,RT Ponting,KMDN Kulasekara,0,0,,,,,,,,,
247499,2006/07,2007-04-16,"National Cricket Stadium, St George's",2,12.6,Australia,Sri Lanka,AC Gilchrist,RT Ponting,KMDN Kulasekara,0,0,,,,,,,,,
247499,2006/07,2007-04-16,"National Cricket Stadium, St George's",2,13.1,Australia,Sri Lanka,RT Ponting,AC Gilchrist,RP Arnold,0,0,,,,,,,,,
247499,2006/07,2007-04-16,"National Cricket Stadium, St George's",2,13.2,Australia,Sri Lanka,RT Ponting,AC Gilchrist,RP Arnold,1,0,,,,,,,,,
247499,2006/07,2007-04-16,"National Cricket Stadium, St George's",2,13.3,Australia,Sri Lanka,AC Gilchrist,RT Ponting,RP Arnold,0,0,,,,,,lbw,AC Gilchrist,,
247499,2006/07,2007-04-16,"National Cricket Stadium, St George's",2,13.4,Australia,Sri Lanka,MJ Clarke,RT Ponting,RP Arnold,1,0,,,,,,,,,
247499,2006/07,2007-04-16,"National Cricket Stadium, St George's",2,13.5,Australia,Sri Lanka,RT Ponting,MJ Clarke,RP Arnold,0,0,,,,,,,,,
247499,2006/07,2007-04-16,"National Cricket Stadium, St George's",2,13.6,Australia,Sri Lanka,RT Ponting,MJ Clarke,RP Arnold,1,0,,,,,,,,,
247499,2006/07,2007-04-16,"National Cricket Stadium, St George's",2,14.1,Australia,Sri Lanka,RT Ponting,MJ Clarke,KMDN Kulasekara,2,0,,,,,,,,,
247499,2006/07,2007-04-16,"National Cricket Stadium, St George's",2,14.2,Australia,Sri Lanka,RT Ponting,MJ Clarke,KMDN Kulasekara,0,0,,,,,,,,,
247499,2006/07,2007-04-16,"National Cricket Stadium, St George's",2,14.3,Australia,Sri Lanka,RT Ponting,MJ Clarke,KMDN Kulasekara,0,0,,,,,,,,,
247499,2006/07,2007-04-16,"National Cricket Stadium, St George's",2,14.4,Australia,Sri Lanka,RT Ponting,MJ Clarke,KMDN Kulasekara,0,0,,,,,,,,,
247499,2006/07,2007-04-16,"National Cricket Stadium, St George's",2,14.5,Australia,Sri Lanka,RT Ponting,MJ Clarke,KMDN Kulasekara,1,1,,1,,,,,,,
247499,2006/07,2007-04-16,"National Cricket Stadium, St George's",2,14.6,Australia,Sri Lanka,MJ Clarke,RT Ponting,KMDN Kulasekara,0,0,,,,,,,,,
247499,2006/07,2007-04-16,"National Cricket Stadium, St George's",2,14.7,Australia,Sri Lanka,MJ Clarke,RT Ponting,KMDN Kulasekara,0,0,,,,,,,,,
247499,2006/07,2007-04-16,"National Cricket Stadium, St George's",2,15.1,Australia,Sri Lanka,RT Ponting,MJ Clarke,HMCM Bandara,1,0,,,,,,,,,
247499,2006/07,2007-04-16,"National Cricket Stadium, St George's",2,15.2,Australia,Sri Lanka,MJ Clarke,RT Ponting,HMCM Bandara,0,0,,,,,,,,,
247499,2006/07,2007-04-16,"National Cricket Stadium, St George's",2,15.3,Australia,Sri Lanka,MJ Clarke,RT Ponting,HMCM Bandara,1,0,,,,,,,,,
247499,2006/07,2007-04-16,"National Cricket Stadium, St George's",2,15.4,Australia,Sri Lanka,RT Ponting,MJ Clarke,HMCM Bandara,0,0,,,,,,,,,
247499,2006/07,2007-04-16,"National Cricket Stadium, St George's",2,15.5,Australia,Sri Lanka,RT Ponting,MJ Clarke,HMCM Bandara,1,0,,,,,,,,,
247499,2006/07,2007-04-16,"National Cricket Stadium, St George's",2,15.6,Australia,Sri Lanka,MJ Clarke,RT Ponting,HMCM Bandara,1,0,,,,,,,,,
247499,2006/07,2007-04-16,"National Cricket Stadium, St George's",2,16.1,Australia,Sri Lanka,MJ Clarke,RT Ponting,KMDN Kulasekara,0,0,,,,,,,,,
247499,2006/07,2007-04-16,"National Cricket Stadium, St George's",2,16.2,Australia,Sri Lanka,MJ Clarke,RT Ponting,KMDN Kulasekara,0,0,,,,,,,,,
247499,2006/07,2007-04-16,"National Cricket Stadium, St George's",2,16.3,Australia,Sri Lanka,MJ Clarke,RT Ponting,KMDN Kulasekara,0,0,,,,,,,,,
247499,2006/07,2007-04-16,"National Cricket Stadium, St George's",2,16.4,Australia,Sri Lanka,MJ Clarke,RT Ponting,KMDN Kulasekara,0,0,,,,,,,,,
247499,2006/07,2007-04-16,"National Cricket Stadium, St George's",2,16.5,Australia,Sri Lanka,MJ Clarke,RT Ponting,KMDN Kulasekara,4,0,,,,,,,,,
247499,2006/07,2007-04-16,"National Cricket Stadium, St George's",2,16.6,Australia,Sri Lanka,MJ Clarke,RT Ponting,KMDN Kulasekara,0,0,,,,,,,,,
247499,2006/07,2007-04-16,"National Cricket Stadium, St George's",2,17.1,Australia,Sri Lanka,RT Ponting,MJ Clarke,HMCM Bandara,4,0,,,,,,,,,
247499,2006/07,2007-04-16,"National Cricket Stadium, St George's",2,17.2,Australia,Sri Lanka,RT Ponting,MJ Clarke,HMCM Bandara,0,0,,,,,,,,,
247499,2006/07,2007-04-16,"National Cricket Stadium, St George's",2,17.3,Australia,Sri Lanka,RT Ponting,MJ Clarke,HMCM Bandara,0,0,,,,,,,,,
247499,2006/07,2007-04-16,"National Cricket Stadium, St George's",2,17.4,Australia,Sri Lanka,RT Ponting,MJ Clarke,HMCM Bandara,0,0,,,,,,,,,
247499,2006/07,2007-04-16,"National Cricket Stadium, St George's",2,17.5,Australia,Sri Lanka,RT Ponting,MJ Clarke,HMCM Bandara,0,0,,,,,,,,,
247499,2006/07,2007-04-16,"National Cricket Stadium, St George's",2,17.6,Australia,Sri Lanka,RT Ponting,MJ Clarke,HMCM Bandara,0,0,,,,,,,,,
247499,2006/07,2007-04-16,"National Cricket Stadium, St George's",2,18.1,Australia,Sri Lanka,MJ Clarke,RT Ponting,CRD Fernando,0,0,,,,,,,,,
247499,2006/07,2007-04-16,"National Cricket Stadium, St George's",2,18.2,Australia,Sri Lanka,MJ Clarke,RT Ponting,CRD Fernando,0,0,,,,,,,,,
247499,2006/07,2007-04-16,"National Cricket Stadium, St George's",2,18.3,Australia,Sri Lanka,MJ Clarke,RT Ponting,CRD Fernando,0,0,,,,,,,,,
247499,2006/07,2007-04-16,"National Cricket Stadium, St George's",2,18.4,Australia,Sri Lanka,MJ Clarke,RT Ponting,CRD Fernando,4,0,,,,,,,,,
247499,2006/07,2007-04-16,"National Cricket Stadium, St George's",2,18.5,Australia,Sri Lanka,MJ Clarke,RT Ponting,CRD Fernando,4,0,,,,,,,,,
247499,2006/07,2007-04-16,"National Cricket Stadium, St George's",2,18.6,Australia,Sri Lanka,MJ Clarke,RT Ponting,CRD Fernando,0,0,,,,,,,,,
247499,2006/07,2007-04-16,"National Cricket Stadium, St George's",2,19.1,Australia,Sri Lanka,RT Ponting,MJ Clarke,HMCM Bandara,0,0,,,,,,,,,
247499,2006/07,2007-04-16,"National Cricket Stadium, St George's",2,19.2,Australia,Sri Lanka,RT Ponting,MJ Clarke,HMCM Bandara,4,0,,,,,,,,,
247499,2006/07,2007-04-16,"National Cricket Stadium, St George's",2,19.3,Australia,Sri Lanka,RT Ponting,MJ Clarke,HMCM Bandara,0,0,,,,,,,,,
247499,2006/07,2007-04-16,"National Cricket Stadium, St George's",2,19.4,Australia,Sri Lanka,RT Ponting,MJ Clarke,HMCM Bandara,2,0,,,,,,,,,
247499,2006/07,2007-04-16,"National Cricket Stadium, St George's",2,19.5,Australia,Sri Lanka,RT Ponting,MJ Clarke,HMCM Bandara,3,0,,,,,,,,,
247499,2006/07,2007-04-16,"National Cricket Stadium, St George's",2,19.6,Australia,Sri Lanka,MJ Clarke,RT Ponting,HMCM Bandara,0,0,,,,,,,,,
247499,2006/07,2007-04-16,"National Cricket Stadium, St George's",2,20.1,Australia,Sri Lanka,RT Ponting,MJ Clarke,ST Jayasuriya,1,0,,,,,,,,,
247499,2006/07,2007-04-16,"National Cricket Stadium, St George's",2,20.2,Australia,Sri Lanka,MJ Clarke,RT Ponting,ST Jayasuriya,1,0,,,,,,,,,
247499,2006/07,2007-04-16,"National Cricket Stadium, St George's",2,20.3,Australia,Sri Lanka,RT Ponting,MJ Clarke,ST Jayasuriya,1,0,,,,,,,,,
247499,2006/07,2007-04-16,"National Cricket Stadium, St George's",2,20.4,Australia,Sri Lanka,MJ Clarke,RT Ponting,ST Jayasuriya,0,0,,,,,,,,,
247499,2006/07,2007-04-16,"National Cricket Stadium, St George's",2,20.5,Australia,Sri Lanka,MJ Clarke,RT Ponting,ST Jayasuriya,0,0,,,,,,,,,
247499,2006/07,2007-04-16,"National Cricket Stadium, St George's",2,20.6,Australia,Sri Lanka,MJ Clarke,RT Ponting,ST Jayasuriya,1,0,,,,,,,,,
247499,2006/07,2007-04-16,"National Cricket Stadium, St George's",2,21.1,Australia,Sri Lanka,MJ Clarke,RT Ponting,HMCM Bandara,1,0,,,,,,,,,
247499,2006/07,2007-04-16,"National Cricket Stadium, St George's",2,21.2,Australia,Sri Lanka,RT Ponting,MJ Clarke,HMCM Bandara,1,0,,,,,,,,,
247499,2006/07,2007-04-16,"National Cricket Stadium, St George's",2,21.3,Australia,Sri Lanka,MJ Clarke,RT Ponting,HMCM Bandara,4,0,,,,,,,,,
247499,2006/07,2007-04-16,"National Cricket Stadium, St George's",2,21.4,Australia,Sri Lanka,MJ Clarke,RT Ponting,HMCM Bandara,0,0,,,,,,,,,
247499,2006/07,2007-04-16,"National Cricket Stadium, St George's",2,21.5,Australia,Sri Lanka,MJ Clarke,RT Ponting,HMCM Bandara,0,0,,,,,,,,,
247499,2006/07,2007-04-16,"National Cricket Stadium, St George's",2,21.6,Australia,Sri Lanka,MJ Clarke,RT Ponting,HMCM Bandara,0,0,,,,,,,,,
247499,2006/07,2007-04-16,"National Cricket Stadium, St George's",2,22.1,Australia,Sri Lanka,RT Ponting,MJ Clarke,ST Jayasuriya,0,0,,,,,,,,,
247499,2006/07,2007-04-16,"National Cricket Stadium, St George's",2,22.2,Australia,Sri Lanka,RT Ponting,MJ Clarke,ST Jayasuriya,0,0,,,,,,,,,
247499,2006/07,2007-04-16,"National Cricket Stadium, St George's",2,22.3,Australia,Sri Lanka,RT Ponting,MJ Clarke,ST Jayasuriya,0,0,,,,,,,,,
247499,2006/07,2007-04-16,"National Cricket Stadium, St George's",2,22.4,Australia,Sri Lanka,RT Ponting,MJ Clarke,ST Jayasuriya,1,0,,,,,,,,,
247499,2006/07,2007-04-16,"National Cricket Stadium, St George's",2,22.5,Australia,Sri Lanka,MJ Clarke,RT Ponting,ST Jayasuriya,0,0,,,,,,,,,
247499,2006/07,2007-04-16,"National Cricket Stadium, St George's",2,22.6,Australia,Sri Lanka,MJ Clarke,RT Ponting,ST Jayasuriya,1,0,,,,,,,,,
247499,2006/07,2007-04-16,"National Cricket Stadium, St George's",2,23.1,Australia,Sri Lanka,MJ Clarke,RT Ponting,HMCM Bandara,0,0,,,,,,caught,MJ Clarke,,
247499,2006/07,2007-04-16,"National Cricket Stadium, St George's",2,23.2,Australia,Sri Lanka,A Symonds,RT Ponting,HMCM Bandara,0,0,,,,,,,,,
247499,2006/07,2007-04-16,"National Cricket Stadium, St George's",2,23.3,Australia,Sri Lanka,A Symonds,RT Ponting,HMCM Bandara,0,0,,,,,,,,,
247499,2006/07,2007-04-16,"National Cricket Stadium, St George's",2,23.4,Australia,Sri Lanka,A Symonds,RT Ponting,HMCM Bandara,1,0,,,,,,,,,
247499,2006/07,2007-04-16,"National Cricket Stadium, St George's",2,23.5,Australia,Sri Lanka,RT Ponting,A Symonds,HMCM Bandara,1,0,,,,,,,,,
247499,2006/07,2007-04-16,"National Cricket Stadium, St George's",2,23.6,Australia,Sri Lanka,A Symonds,RT Ponting,HMCM Bandara,1,0,,,,,,,,,
247499,2006/07,2007-04-16,"National Cricket Stadium, St George's",2,24.1,Australia,Sri Lanka,A Symonds,RT Ponting,ST Jayasuriya,2,0,,,,,,,,,
247499,2006/07,2007-04-16,"National Cricket Stadium, St George's",2,24.2,Australia,Sri Lanka,A Symonds,RT Ponting,ST Jayasuriya,0,0,,,,,,,,,
247499,2006/07,2007-04-16,"National Cricket Stadium, St George's",2,24.3,Australia,Sri Lanka,A Symonds,RT Ponting,ST Jayasuriya,0,0,,,,,,,,,
247499,2006/07,2007-04-16,"National Cricket Stadium, St George's",2,24.4,Australia,Sri Lanka,A Symonds,RT Ponting,ST Jayasuriya,0,0,,,,,,,,,
247499,2006/07,2007-04-16,"National Cricket Stadium, St George's",2,24.5,Australia,Sri Lanka,A Symonds,RT Ponting,ST Jayasuriya,0,0,,,,,,,,,
247499,2006/07,2007-04-16,"National Cricket Stadium, St George's",2,24.6,Australia,Sri Lanka,A Symonds,RT Ponting,ST Jayasuriya,1,0,,,,,,,,,
247499,2006/07,2007-04-16,"National Cricket Stadium, St George's",2,25.1,Australia,Sri Lanka,A Symonds,RT Ponting,HMCM Bandara,1,0,,,,,,,,,
247499,2006/07,2007-04-16,"National Cricket Stadium, St George's",2,25.2,Australia,Sri Lanka,RT Ponting,A Symonds,HMCM Bandara,4,0,,,,,,,,,
247499,2006/07,2007-04-16,"National Cricket Stadium, St George's",2,25.3,Australia,Sri Lanka,RT Ponting,A Symonds,HMCM Bandara,0,0,,,,,,,,,
247499,2006/07,2007-04-16,"National Cricket Stadium, St George's",2,25.4,Australia,Sri Lanka,RT Ponting,A Symonds,HMCM Bandara,1,0,,,,,,,,,
247499,2006/07,2007-04-16,"National Cricket Stadium, St George's",2,25.5,Australia,Sri Lanka,A Symonds,RT Ponting,HMCM Bandara,0,0,,,,,,,,,
247499,2006/07,2007-04-16,"National Cricket Stadium, St George's",2,25.6,Australia,Sri Lanka,A Symonds,RT Ponting,HMCM Bandara,1,0,,,,,,,,,
247499,2006/07,2007-04-16,"National Cricket Stadium, St George's",2,26.1,Australia,Sri Lanka,A Symonds,RT Ponting,ST Jayasuriya,0,0,,,,,,,,,
247499,2006/07,2007-04-16,"National Cricket Stadium, St George's",2,26.2,Australia,Sri Lanka,A Symonds,RT Ponting,ST Jayasuriya,0,0,,,,,,,,,
247499,2006/07,2007-04-16,"National Cricket Stadium, St George's",2,26.3,Australia,Sri Lanka,A Symonds,RT Ponting,ST Jayasuriya,0,0,,,,,,,,,
247499,2006/07,2007-04-16,"National Cricket Stadium, St George's",2,26.4,Australia,Sri Lanka,A Symonds,RT Ponting,ST Jayasuriya,2,0,,,,,,,,,
247499,2006/07,2007-04-16,"National Cricket Stadium, St George's",2,26.5,Australia,Sri Lanka,A Symonds,RT Ponting,ST Jayasuriya,0,0,,,,,,,,,
247499,2006/07,2007-04-16,"National Cricket Stadium, St George's",2,26.6,Australia,Sri Lanka,A Symonds,RT Ponting,ST Jayasuriya,0,0,,,,,,,,,
247499,2006/07,2007-04-16,"National Cricket Stadium, St George's",2,27.1,Australia,Sri Lanka,RT Ponting,A Symonds,RP Arnold,1,0,,,,,,,,,
247499,2006/07,2007-04-16,"National Cricket Stadium, St George's",2,27.2,Australia,Sri Lanka,A Symonds,RT Ponting,RP Arnold,1,0,,,,,,,,,
247499,2006/07,2007-04-16,"National Cricket Stadium, St George's",2,27.3,Australia,Sri Lanka,RT Ponting,A Symonds,RP Arnold,0,0,,,,,,,,,
247499,2006/07,2007-04-16,"National Cricket Stadium, St George's",2,27.4,Australia,Sri Lanka,RT Ponting,A Symonds,RP Arnold,0,0,,,,,,,,,
247499,2006/07,2007-04-16,"National Cricket Stadium, St George's",2,27.5,Australia,Sri Lanka,RT Ponting,A Symonds,RP Arnold,1,0,,,,,,,,,
247499,2006/07,2007-04-16,"National Cricket Stadium, St George's",2,27.6,Australia,Sri Lanka,A Symonds,RT Ponting,RP Arnold,0,1,1,,,,,,,,
247499,2006/07,2007-04-16,"National Cricket Stadium, St George's",2,27.7,Australia,Sri Lanka,A Symonds,RT Ponting,RP Arnold,0,0,,,,,,,,,
247499,2006/07,2007-04-16,"National Cricket Stadium, St George's",2,28.1,Australia,Sri Lanka,RT Ponting,A Symonds,ST Jayasuriya,1,0,,,,,,,,,
247499,2006/07,2007-04-16,"National Cricket Stadium, St George's",2,28.2,Australia,Sri Lanka,A Symonds,RT Ponting,ST Jayasuriya,6,0,,,,,,,,,
247499,2006/07,2007-04-16,"National Cricket Stadium, St George's",2,28.3,Australia,Sri Lanka,A Symonds,RT Ponting,ST Jayasuriya,0,0,,,,,,,,,
247499,2006/07,2007-04-16,"National Cricket Stadium, St George's",2,28.4,Australia,Sri Lanka,A Symonds,RT Ponting,ST Jayasuriya,1,0,,,,,,,,,
247499,2006/07,2007-04-16,"National Cricket Stadium, St George's",2,28.5,Australia,Sri Lanka,RT Ponting,A Symonds,ST Jayasuriya,0,0,,,,,,,,,
247499,2006/07,2007-04-16,"National Cricket Stadium, St George's",2,28.6,Australia,Sri Lanka,RT Ponting,A Symonds,ST Jayasuriya,1,0,,,,,,,,,
247499,2006/07,2007-04-16,"National Cricket Stadium, St George's",2,29.1,Australia,Sri Lanka,RT Ponting,A Symonds,RP Arnold,0,0,,,,,,,,,
247499,2006/07,2007-04-16,"National Cricket Stadium, St George's",2,29.2,Australia,Sri Lanka,RT Ponting,A Symonds,RP Arnold,2,0,,,,,,,,,
247499,2006/07,2007-04-16,"National Cricket Stadium, St George's",2,29.3,Australia,Sri Lanka,RT Ponting,A Symonds,RP Arnold,1,0,,,,,,,,,
247499,2006/07,2007-04-16,"National Cricket Stadium, St George's",2,29.4,Australia,Sri Lanka,A Symonds,RT Ponting,RP Arnold,1,0,,,,,,,,,
247499,2006/07,2007-04-16,"National Cricket Stadium, St George's",2,29.5,Australia,Sri Lanka,RT Ponting,A Symonds,RP Arnold,2,0,,,,,,,,,
247499,2006/07,2007-04-16,"National Cricket Stadium, St George's",2,29.6,Australia,Sri Lanka,RT Ponting,A Symonds,RP Arnold,0,0,,,,,,,,,
247499,2006/07,2007-04-16,"National Cricket Stadium, St George's",2,30.1,Australia,Sri Lanka,A Symonds,RT Ponting,ST Jayasuriya,6,0,,,,,,,,,
247499,2006/07,2007-04-16,"National Cricket Stadium, St George's",2,30.2,Australia,Sri Lanka,A Symonds,RT Ponting,ST Jayasuriya,1,0,,,,,,,,,
247499,2006/07,2007-04-16,"National Cricket Stadium, St George's",2,30.3,Australia,Sri Lanka,RT Ponting,A Symonds,ST Jayasuriya,1,0,,,,,,,,,
247499,2006/07,2007-04-16,"National Cricket Stadium, St George's",2,30.4,Australia,Sri Lanka,A Symonds,RT Ponting,ST Jayasuriya,0,0,,,,,,,,,
247499,2006/07,2007-04-16,"National Cricket Stadium, St George's",2,30.5,Australia,Sri Lanka,A Symonds,RT Ponting,ST Jayasuriya,4,0,,,,,,,,,
247499,2006/07,2007-04-16,"National Cricket Stadium, St George's",2,30.6,Australia,Sri Lanka,A Symonds,RT Ponting,ST Jayasuriya,0,0,,,,,,,,,
247499,2006/07,2007-04-16,"National Cricket Stadium, St George's",2,31.1,Australia,Sri Lanka,RT Ponting,A Symonds,TM Dilshan,1,0,,,,,,,,,
247499,2006/07,2007-04-16,"National Cricket Stadium, St George's",2,31.2,Australia,Sri Lanka,A Symonds,RT Ponting,TM Dilshan,0,0,,,,,,,,,
247499,2006/07,2007-04-16,"National Cricket Stadium, St George's",2,31.3,Australia,Sri Lanka,A Symonds,RT Ponting,TM Dilshan,0,0,,,,,,,,,
247499,2006/07,2007-04-16,"National Cricket Stadium, St George's",2,31.4,Australia,Sri Lanka,A Symonds,RT Ponting,TM Dilshan,0,0,,,,,,,,,
247499,2006/07,2007-04-16,"National Cricket Stadium, St George's",2,31.5,Australia,Sri Lanka,A Symonds,RT Ponting,TM Dilshan,0,0,,,,,,,,,
247499,2006/07,2007-04-16,"National Cricket Stadium, St George's",2,31.6,Australia,Sri Lanka,A Symonds,RT Ponting,TM Dilshan,1,0,,,,,,,,,
247499,2006/07,2007-04-16,"National Cricket Stadium, St George's",2,32.1,Australia,Sri Lanka,A Symonds,RT Ponting,HMCM Bandara,0,0,,,,,,,,,
247499,2006/07,2007-04-16,"National Cricket Stadium, St George's",2,32.2,Australia,Sri Lanka,A Symonds,RT Ponting,HMCM Bandara,4,0,,,,,,,,,
247499,2006/07,2007-04-16,"National Cricket Stadium, St George's",2,32.3,Australia,Sri Lanka,A Symonds,RT Ponting,HMCM Bandara,4,0,,,,,,,,,
247499,2006/07,2007-04-16,"National Cricket Stadium, St George's",2,32.4,Australia,Sri Lanka,A Symonds,RT Ponting,HMCM Bandara,0,0,,,,,,,,,
247499,2006/07,2007-04-16,"National Cricket Stadium, St George's",2,32.5,Australia,Sri Lanka,A Symonds,RT Ponting,HMCM Bandara,0,0,,,,,,,,,
247499,2006/07,2007-04-16,"National Cricket Stadium, St George's",2,32.6,Australia,Sri Lanka,A Symonds,RT Ponting,HMCM Bandara,0,0,,,,,,,,,
247499,2006/07,2007-04-16,"National Cricket Stadium, St George's",2,33.1,Australia,Sri Lanka,RT Ponting,A Symonds,TM Dilshan,1,0,,,,,,,,,
247499,2006/07,2007-04-16,"National Cricket Stadium, St George's",2,33.2,Australia,Sri Lanka,A Symonds,RT Ponting,TM Dilshan,0,0,,,,,,,,,
247499,2006/07,2007-04-16,"National Cricket Stadium, St George's",2,33.3,Australia,Sri Lanka,A Symonds,RT Ponting,TM Dilshan,2,0,,,,,,,,,
247499,2006/07,2007-04-16,"National Cricket Stadium, St George's",2,33.4,Australia,Sri Lanka,A Symonds,RT Ponting,TM Dilshan,1,0,,,,,,,,,
247499,2006/07,2007-04-16,"National Cricket Stadium, St George's",2,33.5,Australia,Sri Lanka,RT Ponting,A Symonds,TM Dilshan,0,0,,,,,,,,,
247499,2006/07,2007-04-16,"National Cricket Stadium, St George's",2,33.6,Australia,Sri Lanka,RT Ponting,A Symonds,TM Dilshan,1,0,,,,,,,,,
247499,2006/07,2007-04-16,"National Cricket Stadium, St George's",2,34.1,Australia,Sri Lanka,RT Ponting,A Symonds,HMCM Bandara,0,0,,,,,,,,,
247499,2006/07,2007-04-16,"National Cricket Stadium, St George's",2,34.2,Australia,Sri Lanka,RT Ponting,A Symonds,HMCM Bandara,0,0,,,,,,,,,
247499,2006/07,2007-04-16,"National Cricket Stadium, St George's",2,34.3,Australia,Sri Lanka,RT Ponting,A Symonds,HMCM Bandara,0,0,,,,,,,,,
247499,2006/07,2007-04-16,"National Cricket Stadium, St George's",2,34.4,Australia,Sri Lanka,RT Ponting,A Symonds,HMCM Bandara,1,0,,,,,,,,,
247499,2006/07,2007-04-16,"National Cricket Stadium, St George's",2,34.5,Australia,Sri Lanka,A Symonds,RT Ponting,HMCM Bandara,1,0,,,,,,,,,
247499,2006/07,2007-04-16,"National Cricket Stadium, St George's",2,34.6,Australia,Sri Lanka,RT Ponting,A Symonds,HMCM Bandara,1,0,,,,,,,,,
247499,2006/07,2007-04-16,"National Cricket Stadium, St George's",2,35.1,Australia,Sri Lanka,RT Ponting,A Symonds,TM Dilshan,0,0,,,,,,,,,
247499,2006/07,2007-04-16,"National Cricket Stadium, St George's",2,35.2,Australia,Sri Lanka,RT Ponting,A Symonds,TM Dilshan,1,0,,,,,,,,,
247499,2006/07,2007-04-16,"National Cricket Stadium, St George's",2,35.3,Australia,Sri Lanka,A Symonds,RT Ponting,TM Dilshan,0,0,,,,,,,,,
247499,2006/07,2007-04-16,"National Cricket Stadium, St George's",2,35.4,Australia,Sri Lanka,A Symonds,RT Ponting,TM Dilshan,1,0,,,,,,,,,
247499,2006/07,2007-04-16,"National Cricket Stadium, St George's",2,35.5,Australia,Sri Lanka,RT Ponting,A Symonds,TM Dilshan,0,0,,,,,,,,,
247499,2006/07,2007-04-16,"National Cricket Stadium, St George's",2,35.6,Australia,Sri Lanka,RT Ponting,A Symonds,TM Dilshan,0,0,,,,,,,,,
247499,2006/07,2007-04-16,"National Cricket Stadium, St George's",2,36.1,Australia,Sri Lanka,A Symonds,RT Ponting,MF Maharoof,1,0,,,,,,,,,
247499,2006/07,2007-04-16,"National Cricket Stadium, St George's",2,36.2,Australia,Sri Lanka,RT Ponting,A Symonds,MF Maharoof,1,0,,,,,,,,,
247499,2006/07,2007-04-16,"National Cricket Stadium, St George's",2,36.3,Australia,Sri Lanka,A Symonds,RT Ponting,MF Maharoof,1,0,,,,,,,,,
247499,2006/07,2007-04-16,"National Cricket Stadium, St George's",2,36.4,Australia,Sri Lanka,RT Ponting,A Symonds,MF Maharoof,0,0,,,,,,,,,
247499,2006/07,2007-04-16,"National Cricket Stadium, St George's",2,36.5,Australia,Sri Lanka,RT Ponting,A Symonds,MF Maharoof,1,0,,,,,,,,,
247499,2006/07,2007-04-16,"National Cricket Stadium, St George's",2,36.6,Australia,Sri Lanka,A Symonds,RT Ponting,MF Maharoof,1,1,,1,,,,,,,
247499,2006/07,2007-04-16,"National Cricket Stadium, St George's",2,36.7,Australia,Sri Lanka,RT Ponting,A Symonds,MF Maharoof,1,0,,,,,,,,,
247499,2006/07,2007-04-16,"National Cricket Stadium, St George's",2,37.1,Australia,Sri Lanka,RT Ponting,A Symonds,TM Dilshan,1,0,,,,,,,,,
247499,2006/07,2007-04-16,"National Cricket Stadium, St George's",2,37.2,Australia,Sri Lanka,A Symonds,RT Ponting,TM Dilshan,0,0,,,,,,,,,
247499,2006/07,2007-04-16,"National Cricket Stadium, St George's",2,37.3,Australia,Sri Lanka,A Symonds,RT Ponting,TM Dilshan,0,0,,,,,,,,,
247499,2006/07,2007-04-16,"National Cricket Stadium, St George's",2,37.4,Australia,Sri Lanka,A Symonds,RT Ponting,TM Dilshan,0,0,,,,,,,,,
247499,2006/07,2007-04-16,"National Cricket Stadium, St George's",2,37.5,Australia,Sri Lanka,A Symonds,RT Ponting,TM Dilshan,0,0,,,,,,,,,
247499,2006/07,2007-04-16,"National Cricket Stadium, St George's",2,37.6,Australia,Sri Lanka,A Symonds,RT Ponting,TM Dilshan,0,0,,,,,,,,,
247499,2006/07,2007-04-16,"National Cricket Stadium, St George's",2,38.1,Australia,Sri Lanka,RT Ponting,A Symonds,MF Maharoof,2,0,,,,,,,,,
247499,2006/07,2007-04-16,"National Cricket Stadium, St George's",2,38.2,Australia,Sri Lanka,RT Ponting,A Symonds,MF Maharoof,4,0,,,,,,,,,
247499,2006/07,2007-04-16,"National Cricket Stadium, St George's",2,38.3,Australia,Sri Lanka,RT Ponting,A Symonds,MF Maharoof,1,0,,,,,,,,,
247499,2006/07,2007-04-16,"National Cricket Stadium, St George's",2,38.4,Australia,Sri Lanka,A Symonds,RT Ponting,MF Maharoof,4,0,,,,,,,,,
247499,2006/07,2007-04-16,"National Cricket Stadium, St George's",2,38.5,Australia,Sri Lanka,A Symonds,RT Ponting,MF Maharoof,2,0,,,,,,,,,
247499,2006/07,2007-04-16,"National Cricket Stadium, St George's",2,38.6,Australia,Sri Lanka,A Symonds,RT Ponting,MF Maharoof,1,0,,,,,,,,,
247499,2006/07,2007-04-16,"National Cricket Stadium, St George's",2,39.1,Australia,Sri Lanka,A Symonds,RT Ponting,TM Dilshan,0,0,,,,,,,,,
247499,2006/07,2007-04-16,"National Cricket Stadium, St George's",2,39.2,Australia,Sri Lanka,A Symonds,RT Ponting,TM Dilshan,0,0,,,,,,,,,
247499,2006/07,2007-04-16,"National Cricket Stadium, St George's",2,39.3,Australia,Sri Lanka,A Symonds,RT Ponting,TM Dilshan,2,0,,,,,,,,,
247499,2006/07,2007-04-16,"National Cricket Stadium, St George's",2,39.4,Australia,Sri Lanka,A Symonds,RT Ponting,TM Dilshan,1,0,,,,,,,,,
247499,2006/07,2007-04-16,"National Cricket Stadium, St George's",2,39.5,Australia,Sri Lanka,RT Ponting,A Symonds,TM Dilshan,0,0,,,,,,,,,
247499,2006/07,2007-04-16,"National Cricket Stadium, St George's",2,39.6,Australia,Sri Lanka,RT Ponting,A Symonds,TM Dilshan,0,0,,,,,,,,,
247499,2006/07,2007-04-16,"National Cricket Stadium, St George's",2,40.1,Australia,Sri Lanka,A Symonds,RT Ponting,HMCM Bandara,0,0,,,,,,,,,
247499,2006/07,2007-04-16,"National Cricket Stadium, St George's",2,40.2,Australia,Sri Lanka,A Symonds,RT Ponting,HMCM Bandara,0,0,,,,,,,,,
247499,2006/07,2007-04-16,"National Cricket Stadium, St George's",2,40.3,Australia,Sri Lanka,A Symonds,RT Ponting,HMCM Bandara,1,0,,,,,,,,,
247499,2006/07,2007-04-16,"National Cricket Stadium, St George's",2,40.4,Australia,Sri Lanka,RT Ponting,A Symonds,HMCM Bandara,0,0,,,,,,,,,
247499,2006/07,2007-04-16,"National Cricket Stadium, St George's",2,40.5,Australia,Sri Lanka,RT Ponting,A Symonds,HMCM Bandara,1,0,,,,,,,,,
247499,2006/07,2007-04-16,"National Cricket Stadium, St George's",2,40.6,Australia,Sri Lanka,A Symonds,RT Ponting,HMCM Bandara,1,0,,,,,,,,,
247499,2006/07,2007-04-16,"National Cricket Stadium, St George's",2,41.1,Australia,Sri Lanka,A Symonds,RT Ponting,TM Dilshan,1,0,,,,,,,,,
247499,2006/07,2007-04-16,"National Cricket Stadium, St George's",2,41.2,Australia,Sri Lanka,RT Ponting,A Symonds,TM Dilshan,1,0,,,,,,,,,
247499,2006/07,2007-04-16,"National Cricket Stadium, St George's",2,41.3,Australia,Sri Lanka,A Symonds,RT Ponting,TM Dilshan,0,0,,,,,,,,,
247499,2006/07,2007-04-16,"National Cricket Stadium, St George's",2,41.4,Australia,Sri Lanka,A Symonds,RT Ponting,TM Dilshan,4,0,,,,,,,,,
247499,2006/07,2007-04-16,"National Cricket Stadium, St George's",2,41.5,Australia,Sri Lanka,A Symonds,RT Ponting,TM Dilshan,0,0,,,,,,,,,
247499,2006/07,2007-04-16,"National Cricket Stadium, St George's",2,41.6,Australia,Sri Lanka,A Symonds,RT Ponting,TM Dilshan,0,0,,,,,,,,,
247499,2006/07,2007-04-16,"National Cricket Stadium, St George's",2,42.1,Australia,Sri Lanka,RT Ponting,A Symonds,HMCM Bandara,0,0,,,,,,,,,
247499,2006/07,2007-04-16,"National Cricket Stadium, St George's",2,42.2,Australia,Sri Lanka,RT Ponting,A Symonds,HMCM Bandara,0,0,,,,,,,,,
247499,2006/07,2007-04-16,"National Cricket Stadium, St George's",2,42.3,Australia,Sri Lanka,RT Ponting,A Symonds,HMCM Bandara,0,0,,,,,,,,,
247499,2006/07,2007-04-16,"National Cricket Stadium, St George's",2,42.4,Australia,Sri Lanka,RT Ponting,A Symonds,HMCM Bandara,6,0,,,,,,,,,
