match_id,season,start_date,venue,innings,ball,batting_team,bowling_team,striker,non_striker,bowler,runs_off_bat,extras,wides,noballs,byes,legbyes,penalty,wicket_type,player_dismissed,other_wicket_type,other_player_dismissed
247458,2006/07,2007-03-14,"Warner Park, Basseterre",1,0.1,Australia,Scotland,AC Gilchrist,ML Hayden,PJC Hoffmann,0,0,,,,,,,,,
247458,2006/07,2007-03-14,"Warner Park, Basseterre",1,0.2,Australia,Scotland,AC Gilchrist,ML Hayden,PJC Hoffmann,0,0,,,,,,,,,
247458,2006/07,2007-03-14,"Warner Park, Basseterre",1,0.3,Australia,Scotland,AC Gilchrist,ML Hayden,PJC Hoffmann,0,0,,,,,,,,,
247458,2006/07,2007-03-14,"Warner Park, Basseterre",1,0.4,Australia,Scotland,AC Gilchrist,ML Hayden,PJC Hoffmann,0,0,,,,,,,,,
247458,2006/07,2007-03-14,"Warner Park, Basseterre",1,0.5,Australia,Scotland,AC Gilchrist,ML Hayden,PJC Hoffmann,1,0,,,,,,,,,
247458,2006/07,2007-03-14,"Warner Park, Basseterre",1,0.6,Australia,Scotland,ML Hayden,AC Gilchrist,PJC Hoffmann,0,0,,,,,,,,,
247458,2006/07,2007-03-14,"Warner Park, Basseterre",1,1.1,Australia,Scotland,AC Gilchrist,ML Hayden,JAR Blain,0,0,,,,,,,,,
247458,2006/07,2007-03-14,"Warner Park, Basseterre",1,1.2,Australia,Scotland,AC Gilchrist,ML Hayden,JAR Blain,1,0,,,,,,,,,
247458,2006/07,2007-03-14,"Warner Park, Basseterre",1,1.3,Australia,Scotland,ML Hayden,AC Gilchrist,JAR Blain,0,0,,,,,,,,,
247458,2006/07,2007-03-14,"Warner Park, Basseterre",1,1.4,Australia,Scotland,ML Hayden,AC Gilchrist,JAR Blain,0,0,,,,,,,,,
247458,2006/07,2007-03-14,"Warner Park, Basseterre",1,1.5,Australia,Scotland,ML Hayden,AC Gilchrist,JAR Blain,0,0,,,,,,,,,
247458,2006/07,2007-03-14,"Warner Park, Basseterre",1,1.6,Australia,Scotland,ML Hayden,AC Gilchrist,JAR Blain,0,1,1,,,,,,,,
247458,2006/07,2007-03-14,"Warner Park, Basseterre",1,1.7,Australia,Scotland,ML Hayden,AC Gilchrist,JAR Blain,0,0,,,,,,,,,
247458,2006/07,2007-03-14,"Warner Park, Basseterre",1,2.1,Australia,Scotland,AC Gilchrist,ML Hayden,PJC Hoffmann,0,0,,,,,,,,,
247458,2006/07,2007-03-14,"Warner Park, Basseterre",1,2.2,Australia,Scotland,AC Gilchrist,ML Hayden,PJC Hoffmann,1,0,,,,,,,,,
247458,2006/07,2007-03-14,"Warner Park, Basseterre",1,2.3,Australia,Scotland,ML Hayden,AC Gilchrist,PJC Hoffmann,4,0,,,,,,,,,
247458,2006/07,2007-03-14,"Warner Park, Basseterre",1,2.4,Australia,Scotland,ML Hayden,AC Gilchrist,PJC Hoffmann,0,1,,,,1,,,,,
247458,2006/07,2007-03-14,"Warner Park, Basseterre",1,2.5,Australia,Scotland,AC Gilchrist,ML Hayden,PJC Hoffmann,0,0,,,,,,,,,
247458,2006/07,2007-03-14,"Warner Park, Basseterre",1,2.6,Australia,Scotland,AC Gilchrist,ML Hayden,PJC Hoffmann,4,0,,,,,,,,,
247458,2006/07,2007-03-14,"Warner Park, Basseterre",1,3.1,Australia,Scotland,ML Hayden,AC Gilchrist,JAR Blain,4,0,,,,,,,,,
247458,2006/07,2007-03-14,"Warner Park, Basseterre",1,3.2,Australia,Scotland,ML Hayden,AC Gilchrist,JAR Blain,0,0,,,,,,,,,
247458,2006/07,2007-03-14,"Warner Park, Basseterre",1,3.3,Australia,Scotland,ML Hayden,AC Gilchrist,JAR Blain,0,0,,,,,,,,,
247458,2006/07,2007-03-14,"Warner Park, Basseterre",1,3.4,Australia,Scotland,ML Hayden,AC Gilchrist,JAR Blain,1,0,,,,,,,,,
247458,2006/07,2007-03-14,"Warner Park, Basseterre",1,3.5,Australia,Scotland,AC Gilchrist,ML Hayden,JAR Blain,0,0,,,,,,,,,
247458,2006/07,2007-03-14,"Warner Park, Basseterre",1,3.6,Australia,Scotland,AC Gilchrist,ML Hayden,JAR Blain,4,0,,,,,,,,,
247458,2006/07,2007-03-14,"Warner Park, Basseterre",1,4.1,Australia,Scotland,ML Hayden,AC Gilchrist,PJC Hoffmann,0,0,,,,,,,,,
247458,2006/07,2007-03-14,"Warner Park, Basseterre",1,4.2,Australia,Scotland,ML Hayden,AC Gilchrist,PJC Hoffmann,0,0,,,,,,,,,
247458,2006/07,2007-03-14,"Warner Park, Basseterre",1,4.3,Australia,Scotland,ML Hayden,AC Gilchrist,PJC Hoffmann,0,0,,,,,,,,,
247458,2006/07,2007-03-14,"Warner Park, Basseterre",1,4.4,Australia,Scotland,ML Hayden,AC Gilchrist,PJC Hoffmann,0,0,,,,,,,,,
247458,2006/07,2007-03-14,"Warner Park, Basseterre",1,4.5,Australia,Scotland,ML Hayden,AC Gilchrist,PJC Hoffmann,0,0,,,,,,,,,
247458,2006/07,2007-03-14,"Warner Park, Basseterre",1,4.6,Australia,Scotland,ML Hayden,AC Gilchrist,PJC Hoffmann,0,1,1,,,,,,,,
247458,2006/07,2007-03-14,"Warner Park, Basseterre",1,4.7,Australia,Scotland,ML Hayden,AC Gilchrist,PJC Hoffmann,0,0,,,,,,,,,
247458,2006/07,2007-03-14,"Warner Park, Basseterre",1,5.1,Australia,Scotland,AC Gilchrist,ML Hayden,JAR Blain,0,1,,1,,,,,,,
247458,2006/07,2007-03-14,"Warner Park, Basseterre",1,5.2,Australia,Scotland,AC Gilchrist,ML Hayden,JAR Blain,4,0,,,,,,,,,
247458,2006/07,2007-03-14,"Warner Park, Basseterre",1,5.3,Australia,Scotland,AC Gilchrist,ML Hayden,JAR Blain,4,0,,,,,,,,,
247458,2006/07,2007-03-14,"Warner Park, Basseterre",1,5.4,Australia,Scotland,AC Gilchrist,ML Hayden,JAR Blain,0,0,,,,,,,,,
247458,2006/07,2007-03-14,"Warner Park, Basseterre",1,5.5,Australia,Scotland,AC Gilchrist,ML Hayden,JAR Blain,1,0,,,,,,,,,
247458,2006/07,2007-03-14,"Warner Park, Basseterre",1,5.6,Australia,Scotland,ML Hayden,AC Gilchrist,JAR Blain,2,0,,,,,,,,,
247458,2006/07,2007-03-14,"Warner Park, Basseterre",1,5.7,Australia,Scotland,ML Hayden,AC Gilchrist,JAR Blain,0,0,,,,,,,,,
247458,2006/07,2007-03-14,"Warner Park, Basseterre",1,6.1,Australia,Scotland,AC Gilchrist,ML Hayden,PJC Hoffmann,1,0,,,,,,,,,
247458,2006/07,2007-03-14,"Warner Park, Basseterre",1,6.2,Australia,Scotland,ML Hayden,AC Gilchrist,PJC Hoffmann,0,0,,,,,,,,,
247458,2006/07,2007-03-14,"Warner Park, Basseterre",1,6.3,Australia,Scotland,ML Hayden,AC Gilchrist,PJC Hoffmann,6,0,,,,,,,,,
247458,2006/07,2007-03-14,"Warner Park, Basseterre",1,6.4,Australia,Scotland,ML Hayden,AC Gilchrist,PJC Hoffmann,0,0,,,,,,,,,
247458,2006/07,2007-03-14,"Warner Park, Basseterre",1,6.5,Australia,Scotland,ML Hayden,AC Gilchrist,PJC Hoffmann,0,0,,,,,,,,,
247458,2006/07,2007-03-14,"Warner Park, Basseterre",1,6.6,Australia,Scotland,ML Hayden,AC Gilchrist,PJC Hoffmann,4,0,,,,,,,,,
247458,2006/07,2007-03-14,"Warner Park, Basseterre",1,7.1,Australia,Scotland,AC Gilchrist,ML Hayden,JAR Blain,0,0,,,,,,,,,
247458,2006/07,2007-03-14,"Warner Park, Basseterre",1,7.2,Australia,Scotland,AC Gilchrist,ML Hayden,JAR Blain,0,0,,,,,,,,,
247458,2006/07,2007-03-14,"Warner Park, Basseterre",1,7.3,Australia,Scotland,AC Gilchrist,ML Hayden,JAR Blain,4,0,,,,,,,,,
247458,2006/07,2007-03-14,"Warner Park, Basseterre",1,7.4,Australia,Scotland,AC Gilchrist,ML Hayden,JAR Blain,2,0,,,,,,,,,
247458,2006/07,2007-03-14,"Warner Park, Basseterre",1,7.5,Australia,Scotland,AC Gilchrist,ML Hayden,JAR Blain,0,0,,,,,,,,,
247458,2006/07,2007-03-14,"Warner Park, Basseterre",1,7.6,Australia,Scotland,AC Gilchrist,ML Hayden,JAR Blain,0,0,,,,,,,,,
247458,2006/07,2007-03-14,"Warner Park, Basseterre",1,8.1,Australia,Scotland,ML Hayden,AC Gilchrist,PJC Hoffmann,1,0,,,,,,,,,
247458,2006/07,2007-03-14,"Warner Park, Basseterre",1,8.2,Australia,Scotland,AC Gilchrist,ML Hayden,PJC Hoffmann,0,0,,,,,,,,,
247458,2006/07,2007-03-14,"Warner Park, Basseterre",1,8.3,Australia,Scotland,AC Gilchrist,ML Hayden,PJC Hoffmann,0,0,,,,,,,,,
247458,2006/07,2007-03-14,"Warner Park, Basseterre",1,8.4,Australia,Scotland,AC Gilchrist,ML Hayden,PJC Hoffmann,1,0,,,,,,,,,
247458,2006/07,2007-03-14,"Warner Park, Basseterre",1,8.5,Australia,Scotland,ML Hayden,AC Gilchrist,PJC Hoffmann,0,0,,,,,,,,,
247458,2006/07,2007-03-14,"Warner Park, Basseterre",1,8.6,Australia,Scotland,ML Hayden,AC Gilchrist,PJC Hoffmann,0,0,,,,,,,,,
247458,2006/07,2007-03-14,"Warner Park, Basseterre",1,9.1,Australia,Scotland,AC Gilchrist,ML Hayden,CM Wright,0,0,,,,,,,,,
247458,2006/07,2007-03-14,"Warner Park, Basseterre",1,9.2,Australia,Scotland,AC Gilchrist,ML Hayden,CM Wright,1,0,,,,,,,,,
247458,2006/07,2007-03-14,"Warner Park, Basseterre",1,9.3,Australia,Scotland,ML Hayden,AC Gilchrist,CM Wright,1,0,,,,,,,,,
247458,2006/07,2007-03-14,"Warner Park, Basseterre",1,9.4,Australia,Scotland,AC Gilchrist,ML Hayden,CM Wright,0,0,,,,,,,,,
247458,2006/07,2007-03-14,"Warner Park, Basseterre",1,9.5,Australia,Scotland,AC Gilchrist,ML Hayden,CM Wright,1,0,,,,,,,,,
247458,2006/07,2007-03-14,"Warner Park, Basseterre",1,9.6,Australia,Scotland,ML Hayden,AC Gilchrist,CM Wright,5,0,,,,,,,,,
247458,2006/07,2007-03-14,"Warner Park, Basseterre",1,10.1,Australia,Scotland,ML Hayden,AC Gilchrist,PJC Hoffmann,2,0,,,,,,,,,
247458,2006/07,2007-03-14,"Warner Park, Basseterre",1,10.2,Australia,Scotland,ML Hayden,AC Gilchrist,PJC Hoffmann,0,0,,,,,,,,,
247458,2006/07,2007-03-14,"Warner Park, Basseterre",1,10.3,Australia,Scotland,ML Hayden,AC Gilchrist,PJC Hoffmann,1,0,,,,,,,,,
247458,2006/07,2007-03-14,"Warner Park, Basseterre",1,10.4,Australia,Scotland,AC Gilchrist,ML Hayden,PJC Hoffmann,0,0,,,,,,,,,
247458,2006/07,2007-03-14,"Warner Park, Basseterre",1,10.5,Australia,Scotland,AC Gilchrist,ML Hayden,PJC Hoffmann,0,0,,,,,,,,,
247458,2006/07,2007-03-14,"Warner Park, Basseterre",1,10.6,Australia,Scotland,AC Gilchrist,ML Hayden,PJC Hoffmann,1,0,,,,,,,,,
247458,2006/07,2007-03-14,"Warner Park, Basseterre",1,11.1,Australia,Scotland,AC Gilchrist,ML Hayden,CM Wright,2,0,,,,,,,,,
247458,2006/07,2007-03-14,"Warner Park, Basseterre",1,11.2,Australia,Scotland,AC Gilchrist,ML Hayden,CM Wright,0,0,,,,,,,,,
247458,2006/07,2007-03-14,"Warner Park, Basseterre",1,11.3,Australia,Scotland,AC Gilchrist,ML Hayden,CM Wright,4,0,,,,,,,,,
247458,2006/07,2007-03-14,"Warner Park, Basseterre",1,11.4,Australia,Scotland,AC Gilchrist,ML Hayden,CM Wright,1,0,,,,,,,,,
247458,2006/07,2007-03-14,"Warner Park, Basseterre",1,11.5,Australia,Scotland,ML Hayden,AC Gilchrist,CM Wright,0,0,,,,,,,,,
247458,2006/07,2007-03-14,"Warner Park, Basseterre",1,11.6,Australia,Scotland,ML Hayden,AC Gilchrist,CM Wright,0,0,,,,,,,,,
247458,2006/07,2007-03-14,"Warner Park, Basseterre",1,12.1,Australia,Scotland,AC Gilchrist,ML Hayden,PJC Hoffmann,0,0,,,,,,,,,
247458,2006/07,2007-03-14,"Warner Park, Basseterre",1,12.2,Australia,Scotland,AC Gilchrist,ML Hayden,PJC Hoffmann,1,0,,,,,,,,,
247458,2006/07,2007-03-14,"Warner Park, Basseterre",1,12.3,Australia,Scotland,ML Hayden,AC Gilchrist,PJC Hoffmann,1,0,,,,,,,,,
247458,2006/07,2007-03-14,"Warner Park, Basseterre",1,12.4,Australia,Scotland,AC Gilchrist,ML Hayden,PJC Hoffmann,0,0,,,,,,,,,
247458,2006/07,2007-03-14,"Warner Park, Basseterre",1,12.5,Australia,Scotland,AC Gilchrist,ML Hayden,PJC Hoffmann,0,0,,,,,,,,,
247458,2006/07,2007-03-14,"Warner Park, Basseterre",1,12.6,Australia,Scotland,AC Gilchrist,ML Hayden,PJC Hoffmann,0,0,,,,,,,,,
247458,2006/07,2007-03-14,"Warner Park, Basseterre",1,13.1,Australia,Scotland,ML Hayden,AC Gilchrist,CM Wright,0,0,,,,,,,,,
247458,2006/07,2007-03-14,"Warner Park, Basseterre",1,13.2,Australia,Scotland,ML Hayden,AC Gilchrist,CM Wright,0,0,,,,,,,,,
247458,2006/07,2007-03-14,"Warner Park, Basseterre",1,13.3,Australia,Scotland,ML Hayden,AC Gilchrist,CM Wright,1,0,,,,,,,,,
247458,2006/07,2007-03-14,"Warner Park, Basseterre",1,13.4,Australia,Scotland,AC Gilchrist,ML Hayden,CM Wright,0,0,,,,,,,,,
247458,2006/07,2007-03-14,"Warner Park, Basseterre",1,13.5,Australia,Scotland,AC Gilchrist,ML Hayden,CM Wright,1,0,,,,,,,,,
247458,2006/07,2007-03-14,"Warner Park, Basseterre",1,13.6,Australia,Scotland,ML Hayden,AC Gilchrist,CM Wright,1,0,,,,,,,,,
247458,2006/07,2007-03-14,"Warner Park, Basseterre",1,14.1,Australia,Scotland,ML Hayden,AC Gilchrist,PJC Hoffmann,0,0,,,,,,,,,
247458,2006/07,2007-03-14,"Warner Park, Basseterre",1,14.2,Australia,Scotland,ML Hayden,AC Gilchrist,PJC Hoffmann,4,0,,,,,,,,,
247458,2006/07,2007-03-14,"Warner Park, Basseterre",1,14.3,Australia,Scotland,ML Hayden,AC Gilchrist,PJC Hoffmann,0,0,,,,,,,,,
247458,2006/07,2007-03-14,"Warner Park, Basseterre",1,14.4,Australia,Scotland,ML Hayden,AC Gilchrist,PJC Hoffmann,0,0,,,,,,,,,
247458,2006/07,2007-03-14,"Warner Park, Basseterre",1,14.5,Australia,Scotland,ML Hayden,AC Gilchrist,PJC Hoffmann,1,0,,,,,,,,,
247458,2006/07,2007-03-14,"Warner Park, Basseterre",1,14.6,Australia,Scotland,AC Gilchrist,ML Hayden,PJC Hoffmann,0,0,,,,,,,,,
247458,2006/07,2007-03-14,"Warner Park, Basseterre",1,15.1,Australia,Scotland,ML Hayden,AC Gilchrist,CM Wright,0,0,,,,,,,,,
247458,2006/07,2007-03-14,"Warner Park, Basseterre",1,15.2,Australia,Scotland,ML Hayden,AC Gilchrist,CM Wright,1,0,,,,,,,,,
247458,2006/07,2007-03-14,"Warner Park, Basseterre",1,15.3,Australia,Scotland,AC Gilchrist,ML Hayden,CM Wright,1,0,,,,,,,,,
247458,2006/07,2007-03-14,"Warner Park, Basseterre",1,15.4,Australia,Scotland,ML Hayden,AC Gilchrist,CM Wright,0,0,,,,,,,,,
247458,2006/07,2007-03-14,"Warner Park, Basseterre",1,15.5,Australia,Scotland,ML Hayden,AC Gilchrist,CM Wright,1,0,,,,,,,,,
247458,2006/07,2007-03-14,"Warner Park, Basseterre",1,15.6,Australia,Scotland,AC Gilchrist,ML Hayden,CM Wright,1,0,,,,,,,,,
247458,2006/07,2007-03-14,"Warner Park, Basseterre",1,16.1,Australia,Scotland,AC Gilchrist,ML Hayden,DR Brown,0,0,,,,,,,,,
247458,2006/07,2007-03-14,"Warner Park, Basseterre",1,16.2,Australia,Scotland,AC Gilchrist,ML Hayden,DR Brown,0,0,,,,,,,,,
247458,2006/07,2007-03-14,"Warner Park, Basseterre",1,16.3,Australia,Scotland,AC Gilchrist,ML Hayden,DR Brown,4,0,,,,,,,,,
247458,2006/07,2007-03-14,"Warner Park, Basseterre",1,16.4,Australia,Scotland,AC Gilchrist,ML Hayden,DR Brown,0,0,,,,,,,,,
247458,2006/07,2007-03-14,"Warner Park, Basseterre",1,16.5,Australia,Scotland,AC Gilchrist,ML Hayden,DR Brown,0,0,,,,,,,,,
247458,2006/07,2007-03-14,"Warner Park, Basseterre",1,16.6,Australia,Scotland,AC Gilchrist,ML Hayden,DR Brown,0,0,,,,,,lbw,AC Gilchrist,,
247458,2006/07,2007-03-14,"Warner Park, Basseterre",1,17.1,Australia,Scotland,ML Hayden,RT Ponting,CM Wright,1,0,,,,,,,,,
247458,2006/07,2007-03-14,"Warner Park, Basseterre",1,17.2,Australia,Scotland,RT Ponting,ML Hayden,CM Wright,0,0,,,,,,,,,
247458,2006/07,2007-03-14,"Warner Park, Basseterre",1,17.3,Australia,Scotland,RT Ponting,ML Hayden,CM Wright,0,0,,,,,,,,,
247458,2006/07,2007-03-14,"Warner Park, Basseterre",1,17.4,Australia,Scotland,RT Ponting,ML Hayden,CM Wright,0,0,,,,,,,,,
247458,2006/07,2007-03-14,"Warner Park, Basseterre",1,17.5,Australia,Scotland,RT Ponting,ML Hayden,CM Wright,0,0,,,,,,,,,
247458,2006/07,2007-03-14,"Warner Park, Basseterre",1,17.6,Australia,Scotland,RT Ponting,ML Hayden,CM Wright,0,0,,,,,,,,,
247458,2006/07,2007-03-14,"Warner Park, Basseterre",1,18.1,Australia,Scotland,ML Hayden,RT Ponting,DR Brown,1,0,,,,,,,,,
247458,2006/07,2007-03-14,"Warner Park, Basseterre",1,18.2,Australia,Scotland,RT Ponting,ML Hayden,DR Brown,4,0,,,,,,,,,
247458,2006/07,2007-03-14,"Warner Park, Basseterre",1,18.3,Australia,Scotland,RT Ponting,ML Hayden,DR Brown,0,0,,,,,,,,,
247458,2006/07,2007-03-14,"Warner Park, Basseterre",1,18.4,Australia,Scotland,RT Ponting,ML Hayden,DR Brown,0,0,,,,,,,,,
247458,2006/07,2007-03-14,"Warner Park, Basseterre",1,18.5,Australia,Scotland,RT Ponting,ML Hayden,DR Brown,0,0,,,,,,,,,
247458,2006/07,2007-03-14,"Warner Park, Basseterre",1,18.6,Australia,Scotland,RT Ponting,ML Hayden,DR Brown,0,0,,,,,,,,,
247458,2006/07,2007-03-14,"Warner Park, Basseterre",1,19.1,Australia,Scotland,ML Hayden,RT Ponting,CM Wright,4,0,,,,,,,,,
247458,2006/07,2007-03-14,"Warner Park, Basseterre",1,19.2,Australia,Scotland,ML Hayden,RT Ponting,CM Wright,0,0,,,,,,,,,
247458,2006/07,2007-03-14,"Warner Park, Basseterre",1,19.3,Australia,Scotland,ML Hayden,RT Ponting,CM Wright,0,0,,,,,,,,,
247458,2006/07,2007-03-14,"Warner Park, Basseterre",1,19.4,Australia,Scotland,ML Hayden,RT Ponting,CM Wright,0,0,,,,,,,,,
247458,2006/07,2007-03-14,"Warner Park, Basseterre",1,19.5,Australia,Scotland,ML Hayden,RT Ponting,CM Wright,0,0,,,,,,,,,
247458,2006/07,2007-03-14,"Warner Park, Basseterre",1,19.6,Australia,Scotland,ML Hayden,RT Ponting,CM Wright,1,0,,,,,,,,,
247458,2006/07,2007-03-14,"Warner Park, Basseterre",1,20.1,Australia,Scotland,ML Hayden,RT Ponting,DR Brown,1,0,,,,,,,,,
247458,2006/07,2007-03-14,"Warner Park, Basseterre",1,20.2,Australia,Scotland,RT Ponting,ML Hayden,DR Brown,4,0,,,,,,,,,
247458,2006/07,2007-03-14,"Warner Park, Basseterre",1,20.3,Australia,Scotland,RT Ponting,ML Hayden,DR Brown,1,0,,,,,,,,,
247458,2006/07,2007-03-14,"Warner Park, Basseterre",1,20.4,Australia,Scotland,ML Hayden,RT Ponting,DR Brown,1,0,,,,,,,,,
247458,2006/07,2007-03-14,"Warner Park, Basseterre",1,20.5,Australia,Scotland,RT Ponting,ML Hayden,DR Brown,4,0,,,,,,,,,
247458,2006/07,2007-03-14,"Warner Park, Basseterre",1,20.6,Australia,Scotland,RT Ponting,ML Hayden,DR Brown,0,0,,,,,,,,,
247458,2006/07,2007-03-14,"Warner Park, Basseterre",1,21.1,Australia,Scotland,ML Hayden,RT Ponting,GA Rogers,0,0,,,,,,,,,
247458,2006/07,2007-03-14,"Warner Park, Basseterre",1,21.2,Australia,Scotland,ML Hayden,RT Ponting,GA Rogers,0,0,,,,,,,,,
247458,2006/07,2007-03-14,"Warner Park, Basseterre",1,21.3,Australia,Scotland,ML Hayden,RT Ponting,GA Rogers,0,0,,,,,,,,,
247458,2006/07,2007-03-14,"Warner Park, Basseterre",1,21.4,Australia,Scotland,ML Hayden,RT Ponting,GA Rogers,1,0,,,,,,,,,
247458,2006/07,2007-03-14,"Warner Park, Basseterre",1,21.5,Australia,Scotland,RT Ponting,ML Hayden,GA Rogers,0,0,,,,,,,,,
247458,2006/07,2007-03-14,"Warner Park, Basseterre",1,21.6,Australia,Scotland,RT Ponting,ML Hayden,GA Rogers,0,0,,,,,,,,,
247458,2006/07,2007-03-14,"Warner Park, Basseterre",1,22.1,Australia,Scotland,ML Hayden,RT Ponting,DR Brown,1,0,,,,,,,,,
247458,2006/07,2007-03-14,"Warner Park, Basseterre",1,22.2,Australia,Scotland,RT Ponting,ML Hayden,DR Brown,0,0,,,,,,,,,
247458,2006/07,2007-03-14,"Warner Park, Basseterre",1,22.3,Australia,Scotland,RT Ponting,ML Hayden,DR Brown,0,0,,,,,,,,,
247458,2006/07,2007-03-14,"Warner Park, Basseterre",1,22.4,Australia,Scotland,RT Ponting,ML Hayden,DR Brown,4,0,,,,,,,,,
247458,2006/07,2007-03-14,"Warner Park, Basseterre",1,22.5,Australia,Scotland,RT Ponting,ML Hayden,DR Brown,1,0,,,,,,,,,
247458,2006/07,2007-03-14,"Warner Park, Basseterre",1,22.6,Australia,Scotland,ML Hayden,RT Ponting,DR Brown,0,0,,,,,,,,,
247458,2006/07,2007-03-14,"Warner Park, Basseterre",1,23.1,Australia,Scotland,RT Ponting,ML Hayden,GA Rogers,0,0,,,,,,,,,
247458,2006/07,2007-03-14,"Warner Park, Basseterre",1,23.2,Australia,Scotland,RT Ponting,ML Hayden,GA Rogers,4,0,,,,,,,,,
247458,2006/07,2007-03-14,"Warner Park, Basseterre",1,23.3,Australia,Scotland,RT Ponting,ML Hayden,GA Rogers,0,0,,,,,,,,,
247458,2006/07,2007-03-14,"Warner Park, Basseterre",1,23.4,Australia,Scotland,RT Ponting,ML Hayden,GA Rogers,1,0,,,,,,,,,
247458,2006/07,2007-03-14,"Warner Park, Basseterre",1,23.5,Australia,Scotland,ML Hayden,RT Ponting,GA Rogers,0,0,,,,,,,,,
247458,2006/07,2007-03-14,"Warner Park, Basseterre",1,23.6,Australia,Scotland,ML Hayden,RT Ponting,GA Rogers,0,0,,,,,,,,,
247458,2006/07,2007-03-14,"Warner Park, Basseterre",1,24.1,Australia,Scotland,RT Ponting,ML Hayden,DR Brown,0,0,,,,,,,,,
247458,2006/07,2007-03-14,"Warner Park, Basseterre",1,24.2,Australia,Scotland,RT Ponting,ML Hayden,DR Brown,1,0,,,,,,,,,
247458,2006/07,2007-03-14,"Warner Park, Basseterre",1,24.3,Australia,Scotland,ML Hayden,RT Ponting,DR Brown,0,1,1,,,,,,,,
247458,2006/07,2007-03-14,"Warner Park, Basseterre",1,24.4,Australia,Scotland,ML Hayden,RT Ponting,DR Brown,0,0,,,,,,,,,
247458,2006/07,2007-03-14,"Warner Park, Basseterre",1,24.5,Australia,Scotland,ML Hayden,RT Ponting,DR Brown,4,0,,,,,,,,,
247458,2006/07,2007-03-14,"Warner Park, Basseterre",1,24.6,Australia,Scotland,ML Hayden,RT Ponting,DR Brown,1,0,,,,,,,,,
247458,2006/07,2007-03-14,"Warner Park, Basseterre",1,24.7,Australia,Scotland,RT Ponting,ML Hayden,DR Brown,1,0,,,,,,,,,
247458,2006/07,2007-03-14,"Warner Park, Basseterre",1,25.1,Australia,Scotland,RT Ponting,ML Hayden,GA Rogers,0,0,,,,,,,,,
247458,2006/07,2007-03-14,"Warner Park, Basseterre",1,25.2,Australia,Scotland,RT Ponting,ML Hayden,GA Rogers,0,0,,,,,,,,,
247458,2006/07,2007-03-14,"Warner Park, Basseterre",1,25.3,Australia,Scotland,RT Ponting,ML Hayden,GA Rogers,0,0,,,,,,,,,
247458,2006/07,2007-03-14,"Warner Park, Basseterre",1,25.4,Australia,Scotland,RT Ponting,ML Hayden,GA Rogers,1,0,,,,,,,,,
247458,2006/07,2007-03-14,"Warner Park, Basseterre",1,25.5,Australia,Scotland,ML Hayden,RT Ponting,GA Rogers,1,0,,,,,,,,,
247458,2006/07,2007-03-14,"Warner Park, Basseterre",1,25.6,Australia,Scotland,RT Ponting,ML Hayden,GA Rogers,0,0,,,,,,,,,
247458,2006/07,2007-03-14,"Warner Park, Basseterre",1,26.1,Australia,Scotland,ML Hayden,RT Ponting,RM Haq,1,0,,,,,,,,,
247458,2006/07,2007-03-14,"Warner Park, Basseterre",1,26.2,Australia,Scotland,RT Ponting,ML Hayden,RM Haq,1,0,,,,,,,,,
247458,2006/07,2007-03-14,"Warner Park, Basseterre",1,26.3,Australia,Scotland,ML Hayden,RT Ponting,RM Haq,1,0,,,,,,,,,
247458,2006/07,2007-03-14,"Warner Park, Basseterre",1,26.4,Australia,Scotland,RT Ponting,ML Hayden,RM Haq,1,0,,,,,,,,,
247458,2006/07,2007-03-14,"Warner Park, Basseterre",1,26.5,Australia,Scotland,ML Hayden,RT Ponting,RM Haq,0,0,,,,,,lbw,ML Hayden,,
247458,2006/07,2007-03-14,"Warner Park, Basseterre",1,26.6,Australia,Scotland,MJ Clarke,RT Ponting,RM Haq,0,0,,,,,,,,,
247458,2006/07,2007-03-14,"Warner Park, Basseterre",1,27.1,Australia,Scotland,RT Ponting,MJ Clarke,GA Rogers,0,0,,,,,,,,,
247458,2006/07,2007-03-14,"Warner Park, Basseterre",1,27.2,Australia,Scotland,RT Ponting,MJ Clarke,GA Rogers,1,0,,,,,,,,,
247458,2006/07,2007-03-14,"Warner Park, Basseterre",1,27.3,Australia,Scotland,MJ Clarke,RT Ponting,GA Rogers,0,0,,,,,,,,,
247458,2006/07,2007-03-14,"Warner Park, Basseterre",1,27.4,Australia,Scotland,MJ Clarke,RT Ponting,GA Rogers,0,0,,,,,,,,,
247458,2006/07,2007-03-14,"Warner Park, Basseterre",1,27.5,Australia,Scotland,MJ Clarke,RT Ponting,GA Rogers,0,0,,,,,,,,,
247458,2006/07,2007-03-14,"Warner Park, Basseterre",1,27.6,Australia,Scotland,MJ Clarke,RT Ponting,GA Rogers,4,0,,,,,,,,,
247458,2006/07,2007-03-14,"Warner Park, Basseterre",1,28.1,Australia,Scotland,RT Ponting,MJ Clarke,RM Haq,0,0,,,,,,,,,
247458,2006/07,2007-03-14,"Warner Park, Basseterre",1,28.2,Australia,Scotland,RT Ponting,MJ Clarke,RM Haq,6,0,,,,,,,,,
247458,2006/07,2007-03-14,"Warner Park, Basseterre",1,28.3,Australia,Scotland,RT Ponting,MJ Clarke,RM Haq,0,0,,,,,,,,,
247458,2006/07,2007-03-14,"Warner Park, Basseterre",1,28.4,Australia,Scotland,RT Ponting,MJ Clarke,RM Haq,0,0,,,,,,,,,
247458,2006/07,2007-03-14,"Warner Park, Basseterre",1,28.5,Australia,Scotland,RT Ponting,MJ Clarke,RM Haq,4,0,,,,,,,,,
247458,2006/07,2007-03-14,"Warner Park, Basseterre",1,28.6,Australia,Scotland,RT Ponting,MJ Clarke,RM Haq,1,0,,,,,,,,,
247458,2006/07,2007-03-14,"Warner Park, Basseterre",1,29.1,Australia,Scotland,RT Ponting,MJ Clarke,GA Rogers,0,0,,,,,,,,,
247458,2006/07,2007-03-14,"Warner Park, Basseterre",1,29.2,Australia,Scotland,RT Ponting,MJ Clarke,GA Rogers,1,0,,,,,,,,,
247458,2006/07,2007-03-14,"Warner Park, Basseterre",1,29.3,Australia,Scotland,MJ Clarke,RT Ponting,GA Rogers,1,0,,,,,,,,,
247458,2006/07,2007-03-14,"Warner Park, Basseterre",1,29.4,Australia,Scotland,RT Ponting,MJ Clarke,GA Rogers,6,0,,,,,,,,,
247458,2006/07,2007-03-14,"Warner Park, Basseterre",1,29.5,Australia,Scotland,RT Ponting,MJ Clarke,GA Rogers,1,0,,,,,,,,,
247458,2006/07,2007-03-14,"Warner Park, Basseterre",1,29.6,Australia,Scotland,MJ Clarke,RT Ponting,GA Rogers,0,0,,,,,,,,,
247458,2006/07,2007-03-14,"Warner Park, Basseterre",1,30.1,Australia,Scotland,RT Ponting,MJ Clarke,RM Haq,1,0,,,,,,,,,
247458,2006/07,2007-03-14,"Warner Park, Basseterre",1,30.2,Australia,Scotland,MJ Clarke,RT Ponting,RM Haq,1,0,,,,,,,,,
247458,2006/07,2007-03-14,"Warner Park, Basseterre",1,30.3,Australia,Scotland,RT Ponting,MJ Clarke,RM Haq,1,0,,,,,,,,,
247458,2006/07,2007-03-14,"Warner Park, Basseterre",1,30.4,Australia,Scotland,MJ Clarke,RT Ponting,RM Haq,1,0,,,,,,,,,
247458,2006/07,2007-03-14,"Warner Park, Basseterre",1,30.5,Australia,Scotland,RT Ponting,MJ Clarke,RM Haq,0,0,,,,,,,,,
247458,2006/07,2007-03-14,"Warner Park, Basseterre",1,30.6,Australia,Scotland,RT Ponting,MJ Clarke,RM Haq,1,0,,,,,,,,,
247458,2006/07,2007-03-14,"Warner Park, Basseterre",1,31.1,Australia,Scotland,RT Ponting,MJ Clarke,GA Rogers,1,0,,,,,,,,,
247458,2006/07,2007-03-14,"Warner Park, Basseterre",1,31.2,Australia,Scotland,MJ Clarke,RT Ponting,GA Rogers,1,0,,,,,,,,,
247458,2006/07,2007-03-14,"Warner Park, Basseterre",1,31.3,Australia,Scotland,RT Ponting,MJ Clarke,GA Rogers,2,0,,,,,,,,,
247458,2006/07,2007-03-14,"Warner Park, Basseterre",1,31.4,Australia,Scotland,RT Ponting,MJ Clarke,GA Rogers,1,0,,,,,,,,,
247458,2006/07,2007-03-14,"Warner Park, Basseterre",1,31.5,Australia,Scotland,MJ Clarke,RT Ponting,GA Rogers,1,0,,,,,,,,,
247458,2006/07,2007-03-14,"Warner Park, Basseterre",1,31.6,Australia,Scotland,RT Ponting,MJ Clarke,GA Rogers,4,0,,,,,,,,,
247458,2006/07,2007-03-14,"Warner Park, Basseterre",1,32.1,Australia,Scotland,MJ Clarke,RT Ponting,RM Haq,1,0,,,,,,,,,
247458,2006/07,2007-03-14,"Warner Park, Basseterre",1,32.2,Australia,Scotland,RT Ponting,MJ Clarke,RM Haq,0,1,,,,1,,,,,
247458,2006/07,2007-03-14,"Warner Park, Basseterre",1,32.3,Australia,Scotland,MJ Clarke,RT Ponting,RM Haq,1,0,,,,,,,,,
247458,2006/07,2007-03-14,"Warner Park, Basseterre",1,32.4,Australia,Scotland,RT Ponting,MJ Clarke,RM Haq,1,0,,,,,,,,,
247458,2006/07,2007-03-14,"Warner Park, Basseterre",1,32.5,Australia,Scotland,MJ Clarke,RT Ponting,RM Haq,0,0,,,,,,,,,
247458,2006/07,2007-03-14,"Warner Park, Basseterre",1,32.6,Australia,Scotland,MJ Clarke,RT Ponting,RM Haq,0,0,,,,,,,,,
247458,2006/07,2007-03-14,"Warner Park, Basseterre",1,33.1,Australia,Scotland,RT Ponting,MJ Clarke,CM Wright,1,0,,,,,,,,,
247458,2006/07,2007-03-14,"Warner Park, Basseterre",1,33.2,Australia,Scotland,MJ Clarke,RT Ponting,CM Wright,1,0,,,,,,,,,
247458,2006/07,2007-03-14,"Warner Park, Basseterre",1,33.3,Australia,Scotland,RT Ponting,MJ Clarke,CM Wright,1,0,,,,,,,,,
247458,2006/07,2007-03-14,"Warner Park, Basseterre",1,33.4,Australia,Scotland,MJ Clarke,RT Ponting,CM Wright,1,0,,,,,,,,,
247458,2006/07,2007-03-14,"Warner Park, Basseterre",1,33.5,Australia,Scotland,RT Ponting,MJ Clarke,CM Wright,0,0,,,,,,,,,
247458,2006/07,2007-03-14,"Warner Park, Basseterre",1,33.6,Australia,Scotland,RT Ponting,MJ Clarke,CM Wright,4,0,,,,,,,,,
247458,2006/07,2007-03-14,"Warner Park, Basseterre",1,34.1,Australia,Scotland,MJ Clarke,RT Ponting,RM Haq,2,0,,,,,,,,,
247458,2006/07,2007-03-14,"Warner Park, Basseterre",1,34.2,Australia,Scotland,MJ Clarke,RT Ponting,RM Haq,0,0,,,,,,,,,
247458,2006/07,2007-03-14,"Warner Park, Basseterre",1,34.3,Australia,Scotland,MJ Clarke,RT Ponting,RM Haq,0,0,,,,,,bowled,MJ Clarke,,
247458,2006/07,2007-03-14,"Warner Park, Basseterre",1,34.4,Australia,Scotland,BJ Hodge,RT Ponting,RM Haq,4,0,,,,,,,,,
247458,2006/07,2007-03-14,"Warner Park, Basseterre",1,34.5,Australia,Scotland,BJ Hodge,RT Ponting,RM Haq,1,0,,,,,,,,,
247458,2006/07,2007-03-14,"Warner Park, Basseterre",1,34.6,Australia,Scotland,RT Ponting,BJ Hodge,RM Haq,0,0,,,,,,,,,
247458,2006/07,2007-03-14,"Warner Park, Basseterre",1,35.1,Australia,Scotland,BJ Hodge,RT Ponting,CM Wright,4,0,,,,,,,,,
247458,2006/07,2007-03-14,"Warner Park, Basseterre",1,35.2,Australia,Scotland,BJ Hodge,RT Ponting,CM Wright,2,0,,,,,,,,,
247458,2006/07,2007-03-14,"Warner Park, Basseterre",1,35.3,Australia,Scotland,BJ Hodge,RT Ponting,CM Wright,0,0,,,,,,,,,
247458,2006/07,2007-03-14,"Warner Park, Basseterre",1,35.4,Australia,Scotland,BJ Hodge,RT Ponting,CM Wright,0,0,,,,,,,,,
247458,2006/07,2007-03-14,"Warner Park, Basseterre",1,35.5,Australia,Scotland,BJ Hodge,RT Ponting,CM Wright,1,0,,,,,,,,,
247458,2006/07,2007-03-14,"Warner Park, Basseterre",1,35.6,Australia,Scotland,RT Ponting,BJ Hodge,CM Wright,1,0,,,,,,,,,
247458,2006/07,2007-03-14,"Warner Park, Basseterre",1,36.1,Australia,Scotland,RT Ponting,BJ Hodge,RM Haq,2,0,,,,,,,,,
247458,2006/07,2007-03-14,"Warner Park, Basseterre",1,36.2,Australia,Scotland,RT Ponting,BJ Hodge,RM Haq,0,0,,,,,,,,,
247458,2006/07,2007-03-14,"Warner Park, Basseterre",1,36.3,Australia,Scotland,RT Ponting,BJ Hodge,RM Haq,1,0,,,,,,,,,
247458,2006/07,2007-03-14,"Warner Park, Basseterre",1,36.4,Australia,Scotland,BJ Hodge,RT Ponting,RM Haq,0,0,,,,,,,,,
247458,2006/07,2007-03-14,"Warner Park, Basseterre",1,36.5,Australia,Scotland,BJ Hodge,RT Ponting,RM Haq,0,0,,,,,,,,,
247458,2006/07,2007-03-14,"Warner Park, Basseterre",1,36.6,Australia,Scotland,BJ Hodge,RT Ponting,RM Haq,1,0,,,,,,,,,
247458,2006/07,2007-03-14,"Warner Park, Basseterre",1,37.1,Australia,Scotland,BJ Hodge,RT Ponting,GA Rogers,0,0,,,,,,,,,
247458,2006/07,2007-03-14,"Warner Park, Basseterre",1,37.2,Australia,Scotland,BJ Hodge,RT Ponting,GA Rogers,1,0,,,,,,,,,
247458,2006/07,2007-03-14,"Warner Park, Basseterre",1,37.3,Australia,Scotland,RT Ponting,BJ Hodge,GA Rogers,6,0,,,,,,,,,
247458,2006/07,2007-03-14,"Warner Park, Basseterre",1,37.4,Australia,Scotland,RT Ponting,BJ Hodge,GA Rogers,0,0,,,,,,,,,
247458,2006/07,2007-03-14,"Warner Park, Basseterre",1,37.5,Australia,Scotland,RT Ponting,BJ Hodge,GA Rogers,1,0,,,,,,,,,
247458,2006/07,2007-03-14,"Warner Park, Basseterre",1,37.6,Australia,Scotland,BJ Hodge,RT Ponting,GA Rogers,0,0,,,,,,,,,
247458,2006/07,2007-03-14,"Warner Park, Basseterre",1,38.1,Australia,Scotland,RT Ponting,BJ Hodge,RM Haq,2,0,,,,,,,,,
247458,2006/07,2007-03-14,"Warner Park, Basseterre",1,38.2,Australia,Scotland,RT Ponting,BJ Hodge,RM Haq,6,0,,,,,,,,,
247458,2006/07,2007-03-14,"Warner Park, Basseterre",1,38.3,Australia,Scotland,RT Ponting,BJ Hodge,RM Haq,1,0,,,,,,,,,
247458,2006/07,2007-03-14,"Warner Park, Basseterre",1,38.4,Australia,Scotland,BJ Hodge,RT Ponting,RM Haq,4,0,,,,,,,,,
247458,2006/07,2007-03-14,"Warner Park, Basseterre",1,38.5,Australia,Scotland,BJ Hodge,RT Ponting,RM Haq,1,0,,,,,,,,,
247458,2006/07,2007-03-14,"Warner Park, Basseterre",1,38.6,Australia,Scotland,RT Ponting,BJ Hodge,RM Haq,1,0,,,,,,,,,
247458,2006/07,2007-03-14,"Warner Park, Basseterre",1,39.1,Australia,Scotland,RT Ponting,BJ Hodge,GA Rogers,0,0,,,,,,,,,
247458,2006/07,2007-03-14,"Warner Park, Basseterre",1,39.2,Australia,Scotland,RT Ponting,BJ Hodge,GA Rogers,1,0,,,,,,,,,
247458,2006/07,2007-03-14,"Warner Park, Basseterre",1,39.3,Australia,Scotland,BJ Hodge,RT Ponting,GA Rogers,1,0,,,,,,,,,
247458,2006/07,2007-03-14,"Warner Park, Basseterre",1,39.4,Australia,Scotland,RT Ponting,BJ Hodge,GA Rogers,1,0,,,,,,,,,
247458,2006/07,2007-03-14,"Warner Park, Basseterre",1,39.5,Australia,Scotland,BJ Hodge,RT Ponting,GA Rogers,1,0,,,,,,,,,
247458,2006/07,2007-03-14,"Warner Park, Basseterre",1,39.6,Australia,Scotland,RT Ponting,BJ Hodge,GA Rogers,1,0,,,,,,,,,
247458,2006/07,2007-03-14,"Warner Park, Basseterre",1,40.1,Australia,Scotland,RT Ponting,BJ Hodge,DR Brown,1,0,,,,,,,,,
247458,2006/07,2007-03-14,"Warner Park, Basseterre",1,40.2,Australia,Scotland,BJ Hodge,RT Ponting,DR Brown,2,0,,,,,,,,,
247458,2006/07,2007-03-14,"Warner Park, Basseterre",1,40.3,Australia,Scotland,BJ Hodge,RT Ponting,DR Brown,1,0,,,,,,,,,
247458,2006/07,2007-03-14,"Warner Park, Basseterre",1,40.4,Australia,Scotland,RT Ponting,BJ Hodge,DR Brown,1,0,,,,,,,,,
247458,2006/07,2007-03-14,"Warner Park, Basseterre",1,40.5,Australia,Scotland,BJ Hodge,RT Ponting,DR Brown,1,0,,,,,,,,,
247458,2006/07,2007-03-14,"Warner Park, Basseterre",1,40.6,Australia,Scotland,RT Ponting,BJ Hodge,DR Brown,4,0,,,,,,,,,
247458,2006/07,2007-03-14,"Warner Park, Basseterre",1,41.1,Australia,Scotland,BJ Hodge,RT Ponting,GA Rogers,1,0,,,,,,,,,
247458,2006/07,2007-03-14,"Warner Park, Basseterre",1,41.2,Australia,Scotland,RT Ponting,BJ Hodge,GA Rogers,1,0,,,,,,,,,
247458,2006/07,2007-03-14,"Warner Park, Basseterre",1,41.3,Australia,Scotland,BJ Hodge,RT Ponting,GA Rogers,0,0,,,,,,,,,
247458,2006/07,2007-03-14,"Warner Park, Basseterre",1,41.4,Australia,Scotland,BJ Hodge,RT Ponting,GA Rogers,0,0,,,,,,,,,
247458,2006/07,2007-03-14,"Warner Park, Basseterre",1,41.5,Australia,Scotland,BJ Hodge,RT Ponting,GA Rogers,0,0,,,,,,,,,
247458,2006/07,2007-03-14,"Warner Park, Basseterre",1,41.6,Australia,Scotland,BJ Hodge,RT Ponting,GA Rogers,1,0,,,,,,,,,
247458,2006/07,2007-03-14,"Warner Park, Basseterre",1,42.1,Australia,Scotland,BJ Hodge,RT Ponting,DR Brown,1,0,,,,,,,,,
247458,2006/07,2007-03-14,"Warner Park, Basseterre",1,42.2,Australia,Scotland,RT Ponting,BJ Hodge,DR Brown,0,1,,,1,,,,,,
247458,2006/07,2007-03-14,"Warner Park, Basseterre",1,42.3,Australia,Scotland,BJ Hodge,RT Ponting,DR Brown,1,0,,,,,,,,,
247458,2006/07,2007-03-14,"Warner Park, Basseterre",1,42.4,Australia,Scotland,RT Ponting,BJ Hodge,DR Brown,0,0,,,,,,,,,
247458,2006/07,2007-03-14,"Warner Park, Basseterre",1,42.5,Australia,Scotland,RT Ponting,BJ Hodge,DR Brown,2,0,,,,,,,,,
247458,2006/07,2007-03-14,"Warner Park, Basseterre",1,42.6,Australia,Scotland,RT Ponting,BJ Hodge,DR Brown,0,0,,,,,,,,,
247458,2006/07,2007-03-14,"Warner Park, Basseterre",1,43.1,Australia,Scotland,BJ Hodge,RT Ponting,GA Rogers,0,0,,,,,,caught,BJ Hodge,,
247458,2006/07,2007-03-14,"Warner Park, Basseterre",1,43.2,Australia,Scotland,MEK Hussey,RT Ponting,GA Rogers,0,0,,,,,,,,,
247458,2006/07,2007-03-14,"Warner Park, Basseterre",1,43.3,Australia,Scotland,MEK Hussey,RT Ponting,GA Rogers,1,0,,,,,,,,,
247458,2006/07,2007-03-14,"Warner Park, Basseterre",1,43.4,Australia,Scotland,RT Ponting,MEK Hussey,GA Rogers,1,0,,,,,,,,,
247458,2006/07,2007-03-14,"Warner Park, Basseterre",1,43.5,Australia,Scotland,MEK Hussey,RT Ponting,GA Rogers,1,0,,,,,,,,,
247458,2006/07,2007-03-14,"Warner Park, Basseterre",1,43.6,Australia,Scotland,RT Ponting,MEK Hussey,GA Rogers,1,0,,,,,,,,,
247458,2006/07,2007-03-14,"Warner Park, Basseterre",1,44.1,Australia,Scotland,RT Ponting,MEK Hussey,DR Brown,1,0,,,,,,,,,
247458,2006/07,2007-03-14,"Warner Park, Basseterre",1,44.2,Australia,Scotland,MEK Hussey,RT Ponting,DR Brown,0,1,1,,,,,,,,
247458,2006/07,2007-03-14,"Warner Park, Basseterre",1,44.3,Australia,Scotland,MEK Hussey,RT Ponting,DR Brown,1,0,,,,,,,,,
247458,2006/07,2007-03-14,"Warner Park, Basseterre",1,44.4,Australia,Scotland,RT Ponting,MEK Hussey,DR Brown,2,0,,,,,,,,,
247458,2006/07,2007-03-14,"Warner Park, Basseterre",1,44.5,Australia,Scotland,RT Ponting,MEK Hussey,DR Brown,6,0,,,,,,,,,
247458,2006/07,2007-03-14,"Warner Park, Basseterre",1,44.6,Australia,Scotland,RT Ponting,MEK Hussey,DR Brown,2,0,,,,,,,,,
247458,2006/07,2007-03-14,"Warner Park, Basseterre",1,44.7,Australia,Scotland,RT Ponting,MEK Hussey,DR Brown,1,0,,,,,,,,,
247458,2006/07,2007-03-14,"Warner Park, Basseterre",1,45.1,Australia,Scotland,RT Ponting,MEK Hussey,CM Wright,0,0,,,,,,,,,
247458,2006/07,2007-03-14,"Warner Park, Basseterre",1,45.2,Australia,Scotland,RT Ponting,MEK Hussey,CM Wright,0,0,,,,,,bowled,RT Ponting,,
247458,2006/07,2007-03-14,"Warner Park, Basseterre",1,45.3,Australia,Scotland,SR Watson,MEK Hussey,CM Wright,0,0,,,,,,,,,
247458,2006/07,2007-03-14,"Warner Park, Basseterre",1,45.4,Australia,Scotland,SR Watson,MEK Hussey,CM Wright,0,0,,,,,,,,,
247458,2006/07,2007-03-14,"Warner Park, Basseterre",1,45.5,Australia,Scotland,SR Watson,MEK Hussey,CM Wright,1,0,,,,,,,,,
247458,2006/07,2007-03-14,"Warner Park, Basseterre",1,45.6,Australia,Scotland,MEK Hussey,SR Watson,CM Wright,1,0,,,,,,,,,
247458,2006/07,2007-03-14,"Warner Park, Basseterre",1,46.1,Australia,Scotland,MEK Hussey,SR Watson,PJC Hoffmann,0,0,,,,,,stumped,MEK Hussey,,
247458,2006/07,2007-03-14,"Warner Park, Basseterre",1,46.2,Australia,Scotland,GB Hogg,SR Watson,PJC Hoffmann,1,0,,,,,,,,,
247458,2006/07,2007-03-14,"Warner Park, Basseterre",1,46.3,Australia,Scotland,SR Watson,GB Hogg,PJC Hoffmann,2,0,,,,,,,,,
247458,2006/07,2007-03-14,"Warner Park, Basseterre",1,46.4,Australia,Scotland,SR Watson,GB Hogg,PJC Hoffmann,0,0,,,,,,,,,
247458,2006/07,2007-03-14,"Warner Park, Basseterre",1,46.5,Australia,Scotland,SR Watson,GB Hogg,PJC Hoffmann,1,0,,,,,,,,,
247458,2006/07,2007-03-14,"Warner Park, Basseterre",1,46.6,Australia,Scotland,GB Hogg,SR Watson,PJC Hoffmann,0,1,1,,,,,,,,
247458,2006/07,2007-03-14,"Warner Park, Basseterre",1,46.7,Australia,Scotland,GB Hogg,SR Watson,PJC Hoffmann,0,0,,,,,,,,,
247458,2006/07,2007-03-14,"Warner Park, Basseterre",1,47.1,Australia,Scotland,SR Watson,GB Hogg,CM Wright,1,0,,,,,,,,,
247458,2006/07,2007-03-14,"Warner Park, Basseterre",1,47.2,Australia,Scotland,GB Hogg,SR Watson,CM Wright,2,0,,,,,,,,,
247458,2006/07,2007-03-14,"Warner Park, Basseterre",1,47.3,Australia,Scotland,GB Hogg,SR Watson,CM Wright,0,0,,,,,,,,,
247458,2006/07,2007-03-14,"Warner Park, Basseterre",1,47.4,Australia,Scotland,GB Hogg,SR Watson,CM Wright,1,0,,,,,,,,,
247458,2006/07,2007-03-14,"Warner Park, Basseterre",1,47.5,Australia,Scotland,SR Watson,GB Hogg,CM Wright,4,0,,,,,,,,,
247458,2006/07,2007-03-14,"Warner Park, Basseterre",1,47.6,Australia,Scotland,SR Watson,GB Hogg,CM Wright,4,0,,,,,,,,,
247458,2006/07,2007-03-14,"Warner Park, Basseterre",1,48.1,Australia,Scotland,GB Hogg,SR Watson,PJC Hoffmann,4,0,,,,,,,,,
247458,2006/07,2007-03-14,"Warner Park, Basseterre",1,48.2,Australia,Scotland,GB Hogg,SR Watson,PJC Hoffmann,1,0,,,,,,,,,
247458,2006/07,2007-03-14,"Warner Park, Basseterre",1,48.3,Australia,Scotland,SR Watson,GB Hogg,PJC Hoffmann,4,0,,,,,,,,,
247458,2006/07,2007-03-14,"Warner Park, Basseterre",1,48.4,Australia,Scotland,SR Watson,GB Hogg,PJC Hoffmann,1,0,,,,,,,,,
247458,2006/07,2007-03-14,"Warner Park, Basseterre",1,48.5,Australia,Scotland,GB Hogg,SR Watson,PJC Hoffmann,6,0,,,,,,,,,
247458,2006/07,2007-03-14,"Warner Park, Basseterre",1,48.6,Australia,Scotland,GB Hogg,SR Watson,PJC Hoffmann,1,0,,,,,,,,,
247458,2006/07,2007-03-14,"Warner Park, Basseterre",1,49.1,Australia,Scotland,GB Hogg,SR Watson,DR Brown,6,0,,,,,,,,,
247458,2006/07,2007-03-14,"Warner Park, Basseterre",1,49.2,Australia,Scotland,GB Hogg,SR Watson,DR Brown,2,0,,,,,,,,,
247458,2006/07,2007-03-14,"Warner Park, Basseterre",1,49.3,Australia,Scotland,GB Hogg,SR Watson,DR Brown,4,0,,,,,,,,,
247458,2006/07,2007-03-14,"Warner Park, Basseterre",1,49.4,Australia,Scotland,GB Hogg,SR Watson,DR Brown,6,0,,,,,,,,,
247458,2006/07,2007-03-14,"Warner Park, Basseterre",1,49.5,Australia,Scotland,GB Hogg,SR Watson,DR Brown,2,0,,,,,,,,,
247458,2006/07,2007-03-14,"Warner Park, Basseterre",1,49.6,Australia,Scotland,GB Hogg,SR Watson,DR Brown,4,0,,,,,,,,,
247458,2006/07,2007-03-14,"Warner Park, Basseterre",2,0.1,Scotland,Australia,DF Watts,RM Haq,NW Bracken,0,0,,,,,,,,,
247458,2006/07,2007-03-14,"Warner Park, Basseterre",2,0.2,Scotland,Australia,DF Watts,RM Haq,NW Bracken,0,0,,,,,,,,,
247458,2006/07,2007-03-14,"Warner Park, Basseterre",2,0.3,Scotland,Australia,DF Watts,RM Haq,NW Bracken,0,0,,,,,,,,,
247458,2006/07,2007-03-14,"Warner Park, Basseterre",2,0.4,Scotland,Australia,DF Watts,RM Haq,NW Bracken,0,0,,,,,,,,,
247458,2006/07,2007-03-14,"Warner Park, Basseterre",2,0.5,Scotland,Australia,DF Watts,RM Haq,NW Bracken,0,0,,,,,,,,,
247458,2006/07,2007-03-14,"Warner Park, Basseterre",2,0.6,Scotland,Australia,DF Watts,RM Haq,NW Bracken,0,0,,,,,,,,,
247458,2006/07,2007-03-14,"Warner Park, Basseterre",2,1.1,Scotland,Australia,RM Haq,DF Watts,SW Tait,4,0,,,,,,,,,
247458,2006/07,2007-03-14,"Warner Park, Basseterre",2,1.2,Scotland,Australia,RM Haq,DF Watts,SW Tait,0,1,1,,,,,,,,
247458,2006/07,2007-03-14,"Warner Park, Basseterre",2,1.3,Scotland,Australia,RM Haq,DF Watts,SW Tait,0,0,,,,,,,,,
247458,2006/07,2007-03-14,"Warner Park, Basseterre",2,1.4,Scotland,Australia,RM Haq,DF Watts,SW Tait,0,0,,,,,,,,,
247458,2006/07,2007-03-14,"Warner Park, Basseterre",2,1.5,Scotland,Australia,RM Haq,DF Watts,SW Tait,0,0,,,,,,,,,
247458,2006/07,2007-03-14,"Warner Park, Basseterre",2,1.6,Scotland,Australia,RM Haq,DF Watts,SW Tait,0,0,,,,,,,,,
247458,2006/07,2007-03-14,"Warner Park, Basseterre",2,1.7,Scotland,Australia,RM Haq,DF Watts,SW Tait,1,0,,,,,,,,,
247458,2006/07,2007-03-14,"Warner Park, Basseterre",2,2.1,Scotland,Australia,RM Haq,DF Watts,NW Bracken,0,0,,,,,,,,,
247458,2006/07,2007-03-14,"Warner Park, Basseterre",2,2.2,Scotland,Australia,RM Haq,DF Watts,NW Bracken,0,0,,,,,,,,,
247458,2006/07,2007-03-14,"Warner Park, Basseterre",2,2.3,Scotland,Australia,RM Haq,DF Watts,NW Bracken,1,0,,,,,,,,,
247458,2006/07,2007-03-14,"Warner Park, Basseterre",2,2.4,Scotland,Australia,DF Watts,RM Haq,NW Bracken,1,0,,,,,,,,,
247458,2006/07,2007-03-14,"Warner Park, Basseterre",2,2.5,Scotland,Australia,RM Haq,DF Watts,NW Bracken,1,0,,,,,,,,,
247458,2006/07,2007-03-14,"Warner Park, Basseterre",2,2.6,Scotland,Australia,DF Watts,RM Haq,NW Bracken,0,0,,,,,,,,,
247458,2006/07,2007-03-14,"Warner Park, Basseterre",2,3.1,Scotland,Australia,RM Haq,DF Watts,SW Tait,0,0,,,,,,,,,
247458,2006/07,2007-03-14,"Warner Park, Basseterre",2,3.2,Scotland,Australia,RM Haq,DF Watts,SW Tait,0,0,,,,,,,,,
247458,2006/07,2007-03-14,"Warner Park, Basseterre",2,3.3,Scotland,Australia,RM Haq,DF Watts,SW Tait,0,0,,,,,,,,,
247458,2006/07,2007-03-14,"Warner Park, Basseterre",2,3.4,Scotland,Australia,RM Haq,DF Watts,SW Tait,2,0,,,,,,,,,
247458,2006/07,2007-03-14,"Warner Park, Basseterre",2,3.5,Scotland,Australia,RM Haq,DF Watts,SW Tait,0,0,,,,,,,,,
247458,2006/07,2007-03-14,"Warner Park, Basseterre",2,3.6,Scotland,Australia,RM Haq,DF Watts,SW Tait,0,0,,,,,,,,,
247458,2006/07,2007-03-14,"Warner Park, Basseterre",2,4.1,Scotland,Australia,DF Watts,RM Haq,NW Bracken,0,0,,,,,,,,,
247458,2006/07,2007-03-14,"Warner Park, Basseterre",2,4.2,Scotland,Australia,DF Watts,RM Haq,NW Bracken,0,0,,,,,,,,,
247458,2006/07,2007-03-14,"Warner Park, Basseterre",2,4.3,Scotland,Australia,DF Watts,RM Haq,NW Bracken,0,0,,,,,,,,,
247458,2006/07,2007-03-14,"Warner Park, Basseterre",2,4.4,Scotland,Australia,DF Watts,RM Haq,NW Bracken,2,0,,,,,,,,,
247458,2006/07,2007-03-14,"Warner Park, Basseterre",2,4.5,Scotland,Australia,DF Watts,RM Haq,NW Bracken,1,0,,,,,,,,,
247458,2006/07,2007-03-14,"Warner Park, Basseterre",2,4.6,Scotland,Australia,RM Haq,DF Watts,NW Bracken,1,0,,,,,,,,,
247458,2006/07,2007-03-14,"Warner Park, Basseterre",2,5.1,Scotland,Australia,RM Haq,DF Watts,SW Tait,4,0,,,,,,,,,
247458,2006/07,2007-03-14,"Warner Park, Basseterre",2,5.2,Scotland,Australia,RM Haq,DF Watts,SW Tait,0,0,,,,,,,,,
247458,2006/07,2007-03-14,"Warner Park, Basseterre",2,5.3,Scotland,Australia,RM Haq,DF Watts,SW Tait,0,0,,,,,,,,,
247458,2006/07,2007-03-14,"Warner Park, Basseterre",2,5.4,Scotland,Australia,RM Haq,DF Watts,SW Tait,0,0,,,,,,,,,
247458,2006/07,2007-03-14,"Warner Park, Basseterre",2,5.5,Scotland,Australia,RM Haq,DF Watts,SW Tait,2,0,,,,,,run out,RM Haq,,
247458,2006/07,2007-03-14,"Warner Park, Basseterre",2,5.6,Scotland,Australia,DF Watts,NS Poonia,SW Tait,1,0,,,,,,,,,
247458,2006/07,2007-03-14,"Warner Park, Basseterre",2,6.1,Scotland,Australia,DF Watts,NS Poonia,NW Bracken,0,0,,,,,,,,,
247458,2006/07,2007-03-14,"Warner Park, Basseterre",2,6.2,Scotland,Australia,DF Watts,NS Poonia,NW Bracken,0,0,,,,,,,,,
247458,2006/07,2007-03-14,"Warner Park, Basseterre",2,6.3,Scotland,Australia,DF Watts,NS Poonia,NW Bracken,1,0,,,,,,,,,
247458,2006/07,2007-03-14,"Warner Park, Basseterre",2,6.4,Scotland,Australia,NS Poonia,DF Watts,NW Bracken,1,0,,,,,,,,,
247458,2006/07,2007-03-14,"Warner Park, Basseterre",2,6.5,Scotland,Australia,DF Watts,NS Poonia,NW Bracken,0,0,,,,,,,,,
247458,2006/07,2007-03-14,"Warner Park, Basseterre",2,6.6,Scotland,Australia,DF Watts,NS Poonia,NW Bracken,0,0,,,,,,,,,
247458,2006/07,2007-03-14,"Warner Park, Basseterre",2,7.1,Scotland,Australia,NS Poonia,DF Watts,SW Tait,0,0,,,,,,,,,
247458,2006/07,2007-03-14,"Warner Park, Basseterre",2,7.2,Scotland,Australia,NS Poonia,DF Watts,SW Tait,0,1,,,,1,,,,,
247458,2006/07,2007-03-14,"Warner Park, Basseterre",2,7.3,Scotland,Australia,DF Watts,NS Poonia,SW Tait,0,1,1,,,,,,,,
247458,2006/07,2007-03-14,"Warner Park, Basseterre",2,7.4,Scotland,Australia,DF Watts,NS Poonia,SW Tait,1,0,,,,,,,,,
247458,2006/07,2007-03-14,"Warner Park, Basseterre",2,7.5,Scotland,Australia,NS Poonia,DF Watts,SW Tait,0,0,,,,,,bowled,NS Poonia,,
247458,2006/07,2007-03-14,"Warner Park, Basseterre",2,7.6,Scotland,Australia,RR Watson,DF Watts,SW Tait,0,0,,,,,,,,,
247458,2006/07,2007-03-14,"Warner Park, Basseterre",2,7.7,Scotland,Australia,RR Watson,DF Watts,SW Tait,2,0,,,,,,,,,
247458,2006/07,2007-03-14,"Warner Park, Basseterre",2,8.1,Scotland,Australia,DF Watts,RR Watson,NW Bracken,0,0,,,,,,,,,
247458,2006/07,2007-03-14,"Warner Park, Basseterre",2,8.2,Scotland,Australia,DF Watts,RR Watson,NW Bracken,0,0,,,,,,,,,
247458,2006/07,2007-03-14,"Warner Park, Basseterre",2,8.3,Scotland,Australia,DF Watts,RR Watson,NW Bracken,1,0,,,,,,,,,
247458,2006/07,2007-03-14,"Warner Park, Basseterre",2,8.4,Scotland,Australia,RR Watson,DF Watts,NW Bracken,0,0,,,,,,,,,
247458,2006/07,2007-03-14,"Warner Park, Basseterre",2,8.5,Scotland,Australia,RR Watson,DF Watts,NW Bracken,0,0,,,,,,,,,
247458,2006/07,2007-03-14,"Warner Park, Basseterre",2,8.6,Scotland,Australia,RR Watson,DF Watts,NW Bracken,0,0,,,,,,,,,
247458,2006/07,2007-03-14,"Warner Park, Basseterre",2,9.1,Scotland,Australia,DF Watts,RR Watson,GD McGrath,1,0,,,,,,,,,
247458,2006/07,2007-03-14,"Warner Park, Basseterre",2,9.2,Scotland,Australia,RR Watson,DF Watts,GD McGrath,1,0,,,,,,,,,
247458,2006/07,2007-03-14,"Warner Park, Basseterre",2,9.3,Scotland,Australia,DF Watts,RR Watson,GD McGrath,0,0,,,,,,bowled,DF Watts,,
247458,2006/07,2007-03-14,"Warner Park, Basseterre",2,9.4,Scotland,Australia,GM Hamilton,RR Watson,GD McGrath,0,0,,,,,,,,,
247458,2006/07,2007-03-14,"Warner Park, Basseterre",2,9.5,Scotland,Australia,GM Hamilton,RR Watson,GD McGrath,0,0,,,,,,,,,
247458,2006/07,2007-03-14,"Warner Park, Basseterre",2,9.6,Scotland,Australia,GM Hamilton,RR Watson,GD McGrath,0,0,,,,,,,,,
247458,2006/07,2007-03-14,"Warner Park, Basseterre",2,10.1,Scotland,Australia,RR Watson,GM Hamilton,SR Watson,0,0,,,,,,,,,
247458,2006/07,2007-03-14,"Warner Park, Basseterre",2,10.2,Scotland,Australia,RR Watson,GM Hamilton,SR Watson,0,0,,,,,,,,,
247458,2006/07,2007-03-14,"Warner Park, Basseterre",2,10.3,Scotland,Australia,RR Watson,GM Hamilton,SR Watson,0,0,,,,,,,,,
247458,2006/07,2007-03-14,"Warner Park, Basseterre",2,10.4,Scotland,Australia,RR Watson,GM Hamilton,SR Watson,0,0,,,,,,,,,
247458,2006/07,2007-03-14,"Warner Park, Basseterre",2,10.5,Scotland,Australia,RR Watson,GM Hamilton,SR Watson,0,0,,,,,,,,,
247458,2006/07,2007-03-14,"Warner Park, Basseterre",2,10.6,Scotland,Australia,RR Watson,GM Hamilton,SR Watson,0,0,,,,,,,,,
247458,2006/07,2007-03-14,"Warner Park, Basseterre",2,11.1,Scotland,Australia,GM Hamilton,RR Watson,GD McGrath,1,0,,,,,,,,,
247458,2006/07,2007-03-14,"Warner Park, Basseterre",2,11.2,Scotland,Australia,RR Watson,GM Hamilton,GD McGrath,0,0,,,,,,,,,
247458,2006/07,2007-03-14,"Warner Park, Basseterre",2,11.3,Scotland,Australia,RR Watson,GM Hamilton,GD McGrath,1,0,,,,,,,,,
247458,2006/07,2007-03-14,"Warner Park, Basseterre",2,11.4,Scotland,Australia,GM Hamilton,RR Watson,GD McGrath,0,0,,,,,,,,,
247458,2006/07,2007-03-14,"Warner Park, Basseterre",2,11.5,Scotland,Australia,GM Hamilton,RR Watson,GD McGrath,0,0,,,,,,,,,
247458,2006/07,2007-03-14,"Warner Park, Basseterre",2,11.6,Scotland,Australia,GM Hamilton,RR Watson,GD McGrath,0,0,,,,,,,,,
247458,2006/07,2007-03-14,"Warner Park, Basseterre",2,12.1,Scotland,Australia,RR Watson,GM Hamilton,SR Watson,0,0,,,,,,,,,
247458,2006/07,2007-03-14,"Warner Park, Basseterre",2,12.2,Scotland,Australia,RR Watson,GM Hamilton,SR Watson,1,0,,,,,,,,,
247458,2006/07,2007-03-14,"Warner Park, Basseterre",2,12.3,Scotland,Australia,GM Hamilton,RR Watson,SR Watson,0,0,,,,,,,,,
247458,2006/07,2007-03-14,"Warner Park, Basseterre",2,12.4,Scotland,Australia,GM Hamilton,RR Watson,SR Watson,1,0,,,,,,,,,
247458,2006/07,2007-03-14,"Warner Park, Basseterre",2,12.5,Scotland,Australia,RR Watson,GM Hamilton,SR Watson,1,0,,,,,,,,,
247458,2006/07,2007-03-14,"Warner Park, Basseterre",2,12.6,Scotland,Australia,GM Hamilton,RR Watson,SR Watson,0,0,,,,,,,,,
247458,2006/07,2007-03-14,"Warner Park, Basseterre",2,13.1,Scotland,Australia,RR Watson,GM Hamilton,GD McGrath,0,0,,,,,,,,,
247458,2006/07,2007-03-14,"Warner Park, Basseterre",2,13.2,Scotland,Australia,RR Watson,GM Hamilton,GD McGrath,0,0,,,,,,,,,
247458,2006/07,2007-03-14,"Warner Park, Basseterre",2,13.3,Scotland,Australia,RR Watson,GM Hamilton,GD McGrath,0,0,,,,,,caught,RR Watson,,
247458,2006/07,2007-03-14,"Warner Park, Basseterre",2,13.4,Scotland,Australia,DR Brown,GM Hamilton,GD McGrath,0,0,,,,,,,,,
247458,2006/07,2007-03-14,"Warner Park, Basseterre",2,13.5,Scotland,Australia,DR Brown,GM Hamilton,GD McGrath,0,0,,,,,,,,,
247458,2006/07,2007-03-14,"Warner Park, Basseterre",2,13.6,Scotland,Australia,DR Brown,GM Hamilton,GD McGrath,4,0,,,,,,,,,
247458,2006/07,2007-03-14,"Warner Park, Basseterre",2,14.1,Scotland,Australia,GM Hamilton,DR Brown,SR Watson,0,0,,,,,,,,,
247458,2006/07,2007-03-14,"Warner Park, Basseterre",2,14.2,Scotland,Australia,GM Hamilton,DR Brown,SR Watson,0,0,,,,,,,,,
247458,2006/07,2007-03-14,"Warner Park, Basseterre",2,14.3,Scotland,Australia,GM Hamilton,DR Brown,SR Watson,0,0,,,,,,,,,
247458,2006/07,2007-03-14,"Warner Park, Basseterre",2,14.4,Scotland,Australia,GM Hamilton,DR Brown,SR Watson,0,0,,,,,,,,,
247458,2006/07,2007-03-14,"Warner Park, Basseterre",2,14.5,Scotland,Australia,GM Hamilton,DR Brown,SR Watson,1,0,,,,,,,,,
247458,2006/07,2007-03-14,"Warner Park, Basseterre",2,14.6,Scotland,Australia,DR Brown,GM Hamilton,SR Watson,0,0,,,,,,,,,
247458,2006/07,2007-03-14,"Warner Park, Basseterre",2,15.1,Scotland,Australia,GM Hamilton,DR Brown,GD McGrath,0,0,,,,,,,,,
247458,2006/07,2007-03-14,"Warner Park, Basseterre",2,15.2,Scotland,Australia,GM Hamilton,DR Brown,GD McGrath,0,0,,,,,,,,,
247458,2006/07,2007-03-14,"Warner Park, Basseterre",2,15.3,Scotland,Australia,GM Hamilton,DR Brown,GD McGrath,0,0,,,,,,caught,GM Hamilton,,
247458,2006/07,2007-03-14,"Warner Park, Basseterre",2,15.4,Scotland,Australia,CJO Smith,DR Brown,GD McGrath,0,0,,,,,,,,,
247458,2006/07,2007-03-14,"Warner Park, Basseterre",2,15.5,Scotland,Australia,CJO Smith,DR Brown,GD McGrath,0,0,,,,,,,,,
247458,2006/07,2007-03-14,"Warner Park, Basseterre",2,15.6,Scotland,Australia,CJO Smith,DR Brown,GD McGrath,0,0,,,,,,,,,
247458,2006/07,2007-03-14,"Warner Park, Basseterre",2,16.1,Scotland,Australia,DR Brown,CJO Smith,SR Watson,0,0,,,,,,,,,
247458,2006/07,2007-03-14,"Warner Park, Basseterre",2,16.2,Scotland,Australia,DR Brown,CJO Smith,SR Watson,0,0,,,,,,,,,
247458,2006/07,2007-03-14,"Warner Park, Basseterre",2,16.3,Scotland,Australia,DR Brown,CJO Smith,SR Watson,4,0,,,,,,,,,
247458,2006/07,2007-03-14,"Warner Park, Basseterre",2,16.4,Scotland,Australia,DR Brown,CJO Smith,SR Watson,0,0,,,,,,,,,
247458,2006/07,2007-03-14,"Warner Park, Basseterre",2,16.5,Scotland,Australia,DR Brown,CJO Smith,SR Watson,0,0,,,,,,,,,
247458,2006/07,2007-03-14,"Warner Park, Basseterre",2,16.6,Scotland,Australia,DR Brown,CJO Smith,SR Watson,0,0,,,,,,,,,
247458,2006/07,2007-03-14,"Warner Park, Basseterre",2,17.1,Scotland,Australia,CJO Smith,DR Brown,GD McGrath,0,0,,,,,,,,,
247458,2006/07,2007-03-14,"Warner Park, Basseterre",2,17.2,Scotland,Australia,CJO Smith,DR Brown,GD McGrath,0,0,,,,,,,,,
247458,2006/07,2007-03-14,"Warner Park, Basseterre",2,17.3,Scotland,Australia,CJO Smith,DR Brown,GD McGrath,1,0,,,,,,,,,
247458,2006/07,2007-03-14,"Warner Park, Basseterre",2,17.4,Scotland,Australia,DR Brown,CJO Smith,GD McGrath,0,0,,,,,,,,,
247458,2006/07,2007-03-14,"Warner Park, Basseterre",2,17.5,Scotland,Australia,DR Brown,CJO Smith,GD McGrath,0,0,,,,,,,,,
247458,2006/07,2007-03-14,"Warner Park, Basseterre",2,17.6,Scotland,Australia,DR Brown,CJO Smith,GD McGrath,0,0,,,,,,,,,
247458,2006/07,2007-03-14,"Warner Park, Basseterre",2,18.1,Scotland,Australia,CJO Smith,DR Brown,SW Tait,0,0,,,,,,,,,
247458,2006/07,2007-03-14,"Warner Park, Basseterre",2,18.2,Scotland,Australia,CJO Smith,DR Brown,SW Tait,2,0,,,,,,,,,
247458,2006/07,2007-03-14,"Warner Park, Basseterre",2,18.3,Scotland,Australia,CJO Smith,DR Brown,SW Tait,4,0,,,,,,,,,
247458,2006/07,2007-03-14,"Warner Park, Basseterre",2,18.4,Scotland,Australia,CJO Smith,DR Brown,SW Tait,0,0,,,,,,,,,
247458,2006/07,2007-03-14,"Warner Park, Basseterre",2,18.5,Scotland,Australia,CJO Smith,DR Brown,SW Tait,4,0,,,,,,,,,
247458,2006/07,2007-03-14,"Warner Park, Basseterre",2,18.6,Scotland,Australia,CJO Smith,DR Brown,SW Tait,0,0,,,,,,,,,
247458,2006/07,2007-03-14,"Warner Park, Basseterre",2,19.1,Scotland,Australia,DR Brown,CJO Smith,GD McGrath,4,0,,,,,,,,,
247458,2006/07,2007-03-14,"Warner Park, Basseterre",2,19.2,Scotland,Australia,DR Brown,CJO Smith,GD McGrath,0,0,,,,,,,,,
247458,2006/07,2007-03-14,"Warner Park, Basseterre",2,19.3,Scotland,Australia,DR Brown,CJO Smith,GD McGrath,0,1,,1,,,,,,,
247458,2006/07,2007-03-14,"Warner Park, Basseterre",2,19.4,Scotland,Australia,DR Brown,CJO Smith,GD McGrath,0,0,,,,,,,,,
247458,2006/07,2007-03-14,"Warner Park, Basseterre",2,19.5,Scotland,Australia,DR Brown,CJO Smith,GD McGrath,0,0,,,,,,,,,
247458,2006/07,2007-03-14,"Warner Park, Basseterre",2,19.6,Scotland,Australia,DR Brown,CJO Smith,GD McGrath,0,0,,,,,,,,,
247458,2006/07,2007-03-14,"Warner Park, Basseterre",2,19.7,Scotland,Australia,DR Brown,CJO Smith,GD McGrath,0,0,,,,,,,,,
247458,2006/07,2007-03-14,"Warner Park, Basseterre",2,20.1,Scotland,Australia,CJO Smith,DR Brown,GB Hogg,0,0,,,,,,,,,
247458,2006/07,2007-03-14,"Warner Park, Basseterre",2,20.2,Scotland,Australia,CJO Smith,DR Brown,GB Hogg,0,0,,,,,,,,,
247458,2006/07,2007-03-14,"Warner Park, Basseterre",2,20.3,Scotland,Australia,CJO Smith,DR Brown,GB Hogg,0,0,,,,,,,,,
247458,2006/07,2007-03-14,"Warner Park, Basseterre",2,20.4,Scotland,Australia,CJO Smith,DR Brown,GB Hogg,0,0,,,,,,,,,
247458,2006/07,2007-03-14,"Warner Park, Basseterre",2,20.5,Scotland,Australia,CJO Smith,DR Brown,GB Hogg,1,0,,,,,,,,,
247458,2006/07,2007-03-14,"Warner Park, Basseterre",2,20.6,Scotland,Australia,DR Brown,CJO Smith,GB Hogg,0,2,,,,2,,,,,
247458,2006/07,2007-03-14,"Warner Park, Basseterre",2,21.1,Scotland,Australia,CJO Smith,DR Brown,SR Watson,0,0,,,,,,,,,
247458,2006/07,2007-03-14,"Warner Park, Basseterre",2,21.2,Scotland,Australia,CJO Smith,DR Brown,SR Watson,0,0,,,,,,,,,
247458,2006/07,2007-03-14,"Warner Park, Basseterre",2,21.3,Scotland,Australia,CJO Smith,DR Brown,SR Watson,0,0,,,,,,,,,
247458,2006/07,2007-03-14,"Warner Park, Basseterre",2,21.4,Scotland,Australia,CJO Smith,DR Brown,SR Watson,1,0,,,,,,,,,
247458,2006/07,2007-03-14,"Warner Park, Basseterre",2,21.5,Scotland,Australia,DR Brown,CJO Smith,SR Watson,0,0,,,,,,,,,
247458,2006/07,2007-03-14,"Warner Park, Basseterre",2,21.6,Scotland,Australia,DR Brown,CJO Smith,SR Watson,0,0,,,,,,,,,
247458,2006/07,2007-03-14,"Warner Park, Basseterre",2,22.1,Scotland,Australia,CJO Smith,DR Brown,GB Hogg,1,0,,,,,,,,,
247458,2006/07,2007-03-14,"Warner Park, Basseterre",2,22.2,Scotland,Australia,DR Brown,CJO Smith,GB Hogg,1,0,,,,,,,,,
247458,2006/07,2007-03-14,"Warner Park, Basseterre",2,22.3,Scotland,Australia,CJO Smith,DR Brown,GB Hogg,1,0,,,,,,,,,
247458,2006/07,2007-03-14,"Warner Park, Basseterre",2,22.4,Scotland,Australia,DR Brown,CJO Smith,GB Hogg,1,0,,,,,,,,,
247458,2006/07,2007-03-14,"Warner Park, Basseterre",2,22.5,Scotland,Australia,CJO Smith,DR Brown,GB Hogg,0,0,,,,,,,,,
247458,2006/07,2007-03-14,"Warner Park, Basseterre",2,22.6,Scotland,Australia,CJO Smith,DR Brown,GB Hogg,1,0,,,,,,,,,
247458,2006/07,2007-03-14,"Warner Park, Basseterre",2,23.1,Scotland,Australia,CJO Smith,DR Brown,SR Watson,0,0,,,,,,,,,
247458,2006/07,2007-03-14,"Warner Park, Basseterre",2,23.2,Scotland,Australia,CJO Smith,DR Brown,SR Watson,0,0,,,,,,,,,
247458,2006/07,2007-03-14,"Warner Park, Basseterre",2,23.3,Scotland,Australia,CJO Smith,DR Brown,SR Watson,4,0,,,,,,,,,
247458,2006/07,2007-03-14,"Warner Park, Basseterre",2,23.4,Scotland,Australia,CJO Smith,DR Brown,SR Watson,0,0,,,,,,,,,
247458,2006/07,2007-03-14,"Warner Park, Basseterre",2,23.5,Scotland,Australia,CJO Smith,DR Brown,SR Watson,0,1,1,,,,,,,,
247458,2006/07,2007-03-14,"Warner Park, Basseterre",2,23.6,Scotland,Australia,CJO Smith,DR Brown,SR Watson,0,0,,,,,,,,,
247458,2006/07,2007-03-14,"Warner Park, Basseterre",2,23.7,Scotland,Australia,CJO Smith,DR Brown,SR Watson,0,0,,,,,,,,,
247458,2006/07,2007-03-14,"Warner Park, Basseterre",2,24.1,Scotland,Australia,DR Brown,CJO Smith,GB Hogg,1,0,,,,,,,,,
247458,2006/07,2007-03-14,"Warner Park, Basseterre",2,24.2,Scotland,Australia,CJO Smith,DR Brown,GB Hogg,0,0,,,,,,,,,
247458,2006/07,2007-03-14,"Warner Park, Basseterre",2,24.3,Scotland,Australia,CJO Smith,DR Brown,GB Hogg,1,0,,,,,,,,,
247458,2006/07,2007-03-14,"Warner Park, Basseterre",2,24.4,Scotland,Australia,DR Brown,CJO Smith,GB Hogg,0,0,,,,,,,,,
247458,2006/07,2007-03-14,"Warner Park, Basseterre",2,24.5,Scotland,Australia,DR Brown,CJO Smith,GB Hogg,0,0,,,,,,,,,
247458,2006/07,2007-03-14,"Warner Park, Basseterre",2,24.6,Scotland,Australia,DR Brown,CJO Smith,GB Hogg,0,0,,,,,,,,,
247458,2006/07,2007-03-14,"Warner Park, Basseterre",2,25.1,Scotland,Australia,CJO Smith,DR Brown,SR Watson,1,0,,,,,,,,,
247458,2006/07,2007-03-14,"Warner Park, Basseterre",2,25.2,Scotland,Australia,DR Brown,CJO Smith,SR Watson,1,0,,,,,,,,,
247458,2006/07,2007-03-14,"Warner Park, Basseterre",2,25.3,Scotland,Australia,CJO Smith,DR Brown,SR Watson,1,0,,,,,,,,,
247458,2006/07,2007-03-14,"Warner Park, Basseterre",2,25.4,Scotland,Australia,DR Brown,CJO Smith,SR Watson,0,0,,,,,,,,,
247458,2006/07,2007-03-14,"Warner Park, Basseterre",2,25.5,Scotland,Australia,DR Brown,CJO Smith,SR Watson,0,0,,,,,,,,,
247458,2006/07,2007-03-14,"Warner Park, Basseterre",2,25.6,Scotland,Australia,DR Brown,CJO Smith,SR Watson,1,0,,,,,,,,,
247458,2006/07,2007-03-14,"Warner Park, Basseterre",2,26.1,Scotland,Australia,DR Brown,CJO Smith,GB Hogg,1,0,,,,,,,,,
247458,2006/07,2007-03-14,"Warner Park, Basseterre",2,26.2,Scotland,Australia,CJO Smith,DR Brown,GB Hogg,0,0,,,,,,,,,
247458,2006/07,2007-03-14,"Warner Park, Basseterre",2,26.3,Scotland,Australia,CJO Smith,DR Brown,GB Hogg,0,0,,,,,,,,,
247458,2006/07,2007-03-14,"Warner Park, Basseterre",2,26.4,Scotland,Australia,CJO Smith,DR Brown,GB Hogg,0,0,,,,,,,,,
247458,2006/07,2007-03-14,"Warner Park, Basseterre",2,26.5,Scotland,Australia,CJO Smith,DR Brown,GB Hogg,4,0,,,,,,,,,
247458,2006/07,2007-03-14,"Warner Park, Basseterre",2,26.6,Scotland,Australia,CJO Smith,DR Brown,GB Hogg,0,0,,,,,,,,,
247458,2006/07,2007-03-14,"Warner Park, Basseterre",2,27.1,Scotland,Australia,DR Brown,CJO Smith,BJ Hodge,0,0,,,,,,,,,
247458,2006/07,2007-03-14,"Warner Park, Basseterre",2,27.2,Scotland,Australia,DR Brown,CJO Smith,BJ Hodge,1,0,,,,,,,,,
247458,2006/07,2007-03-14,"Warner Park, Basseterre",2,27.3,Scotland,Australia,CJO Smith,DR Brown,BJ Hodge,1,0,,,,,,,,,
247458,2006/07,2007-03-14,"Warner Park, Basseterre",2,27.4,Scotland,Australia,DR Brown,CJO Smith,BJ Hodge,0,0,,,,,,caught,DR Brown,,
247458,2006/07,2007-03-14,"Warner Park, Basseterre",2,27.5,Scotland,Australia,CM Wright,CJO Smith,BJ Hodge,1,0,,,,,,,,,
247458,2006/07,2007-03-14,"Warner Park, Basseterre",2,27.6,Scotland,Australia,CJO Smith,CM Wright,BJ Hodge,0,0,,,,,,,,,
247458,2006/07,2007-03-14,"Warner Park, Basseterre",2,28.1,Scotland,Australia,CM Wright,CJO Smith,GB Hogg,0,0,,,,,,,,,
247458,2006/07,2007-03-14,"Warner Park, Basseterre",2,28.2,Scotland,Australia,CM Wright,CJO Smith,GB Hogg,0,0,,,,,,,,,
247458,2006/07,2007-03-14,"Warner Park, Basseterre",2,28.3,Scotland,Australia,CM Wright,CJO Smith,GB Hogg,0,0,,,,,,,,,
247458,2006/07,2007-03-14,"Warner Park, Basseterre",2,28.4,Scotland,Australia,CM Wright,CJO Smith,GB Hogg,0,0,,,,,,,,,
247458,2006/07,2007-03-14,"Warner Park, Basseterre",2,28.5,Scotland,Australia,CM Wright,CJO Smith,GB Hogg,0,0,,,,,,,,,
247458,2006/07,2007-03-14,"Warner Park, Basseterre",2,28.6,Scotland,Australia,CM Wright,CJO Smith,GB Hogg,1,0,,,,,,,,,
247458,2006/07,2007-03-14,"Warner Park, Basseterre",2,29.1,Scotland,Australia,CM Wright,CJO Smith,BJ Hodge,0,0,,,,,,,,,
247458,2006/07,2007-03-14,"Warner Park, Basseterre",2,29.2,Scotland,Australia,CM Wright,CJO Smith,BJ Hodge,0,0,,,,,,,,,
247458,2006/07,2007-03-14,"Warner Park, Basseterre",2,29.3,Scotland,Australia,CM Wright,CJO Smith,BJ Hodge,1,0,,,,,,,,,
247458,2006/07,2007-03-14,"Warner Park, Basseterre",2,29.4,Scotland,Australia,CJO Smith,CM Wright,BJ Hodge,1,0,,,,,,,,,
247458,2006/07,2007-03-14,"Warner Park, Basseterre",2,29.5,Scotland,Australia,CM Wright,CJO Smith,BJ Hodge,1,0,,,,,,,,,
247458,2006/07,2007-03-14,"Warner Park, Basseterre",2,29.6,Scotland,Australia,CJO Smith,CM Wright,BJ Hodge,4,0,,,,,,,,,
247458,2006/07,2007-03-14,"Warner Park, Basseterre",2,30.1,Scotland,Australia,CM Wright,CJO Smith,GB Hogg,0,0,,,,,,,,,
247458,2006/07,2007-03-14,"Warner Park, Basseterre",2,30.2,Scotland,Australia,CM Wright,CJO Smith,GB Hogg,0,0,,,,,,,,,
247458,2006/07,2007-03-14,"Warner Park, Basseterre",2,30.3,Scotland,Australia,CM Wright,CJO Smith,GB Hogg,0,0,,,,,,,,,
247458,2006/07,2007-03-14,"Warner Park, Basseterre",2,30.4,Scotland,Australia,CM Wright,CJO Smith,GB Hogg,0,0,,,,,,,,,
247458,2006/07,2007-03-14,"Warner Park, Basseterre",2,30.5,Scotland,Australia,CM Wright,CJO Smith,GB Hogg,0,0,,,,,,,,,
247458,2006/07,2007-03-14,"Warner Park, Basseterre",2,30.6,Scotland,Australia,CM Wright,CJO Smith,GB Hogg,0,0,,,,,,,,,
247458,2006/07,2007-03-14,"Warner Park, Basseterre",2,31.1,Scotland,Australia,CJO Smith,CM Wright,BJ Hodge,0,0,,,,,,,,,
247458,2006/07,2007-03-14,"Warner Park, Basseterre",2,31.2,Scotland,Australia,CJO Smith,CM Wright,BJ Hodge,0,0,,,,,,,,,
247458,2006/07,2007-03-14,"Warner Park, Basseterre",2,31.3,Scotland,Australia,CJO Smith,CM Wright,BJ Hodge,0,0,,,,,,,,,
247458,2006/07,2007-03-14,"Warner Park, Basseterre",2,31.4,Scotland,Australia,CJO Smith,CM Wright,BJ Hodge,1,0,,,,,,,,,
247458,2006/07,2007-03-14,"Warner Park, Basseterre",2,31.5,Scotland,Australia,CM Wright,CJO Smith,BJ Hodge,0,0,,,,,,,,,
247458,2006/07,2007-03-14,"Warner Park, Basseterre",2,31.6,Scotland,Australia,CM Wright,CJO Smith,BJ Hodge,0,0,,,,,,,,,
247458,2006/07,2007-03-14,"Warner Park, Basseterre",2,32.1,Scotland,Australia,CJO Smith,CM Wright,SW Tait,0,0,,,,,,,,,
247458,2006/07,2007-03-14,"Warner Park, Basseterre",2,32.2,Scotland,Australia,CJO Smith,CM Wright,SW Tait,0,0,,,,,,,,,
247458,2006/07,2007-03-14,"Warner Park, Basseterre",2,32.3,Scotland,Australia,CJO Smith,CM Wright,SW Tait,1,0,,,,,,,,,
247458,2006/07,2007-03-14,"Warner Park, Basseterre",2,32.4,Scotland,Australia,CM Wright,CJO Smith,SW Tait,0,4,,,,4,,,,,
247458,2006/07,2007-03-14,"Warner Park, Basseterre",2,32.5,Scotland,Australia,CM Wright,CJO Smith,SW Tait,0,0,,,,,,lbw,CM Wright,,
247458,2006/07,2007-03-14,"Warner Park, Basseterre",2,32.6,Scotland,Australia,GA Rogers,CJO Smith,SW Tait,0,0,,,,,,,,,
247458,2006/07,2007-03-14,"Warner Park, Basseterre",2,33.1,Scotland,Australia,CJO Smith,GA Rogers,BJ Hodge,0,0,,,,,,,,,
247458,2006/07,2007-03-14,"Warner Park, Basseterre",2,33.2,Scotland,Australia,CJO Smith,GA Rogers,BJ Hodge,0,0,,,,,,,,,
247458,2006/07,2007-03-14,"Warner Park, Basseterre",2,33.3,Scotland,Australia,CJO Smith,GA Rogers,BJ Hodge,0,0,,,,,,,,,
247458,2006/07,2007-03-14,"Warner Park, Basseterre",2,33.4,Scotland,Australia,CJO Smith,GA Rogers,BJ Hodge,0,0,,,,,,,,,
247458,2006/07,2007-03-14,"Warner Park, Basseterre",2,33.5,Scotland,Australia,CJO Smith,GA Rogers,BJ Hodge,1,0,,,,,,,,,
247458,2006/07,2007-03-14,"Warner Park, Basseterre",2,33.6,Scotland,Australia,GA Rogers,CJO Smith,BJ Hodge,0,0,,,,,,,,,
247458,2006/07,2007-03-14,"Warner Park, Basseterre",2,34.1,Scotland,Australia,CJO Smith,GA Rogers,SW Tait,0,0,,,,,,,,,
247458,2006/07,2007-03-14,"Warner Park, Basseterre",2,34.2,Scotland,Australia,CJO Smith,GA Rogers,SW Tait,4,0,,,,,,,,,
247458,2006/07,2007-03-14,"Warner Park, Basseterre",2,34.3,Scotland,Australia,CJO Smith,GA Rogers,SW Tait,0,0,,,,,,,,,
247458,2006/07,2007-03-14,"Warner Park, Basseterre",2,34.4,Scotland,Australia,CJO Smith,GA Rogers,SW Tait,0,1,,,,1,,,,,
247458,2006/07,2007-03-14,"Warner Park, Basseterre",2,34.5,Scotland,Australia,GA Rogers,CJO Smith,SW Tait,0,3,3,,,,,,,,
247458,2006/07,2007-03-14,"Warner Park, Basseterre",2,34.6,Scotland,Australia,GA Rogers,CJO Smith,SW Tait,0,0,,,,,,,,,
247458,2006/07,2007-03-14,"Warner Park, Basseterre",2,34.7,Scotland,Australia,GA Rogers,CJO Smith,SW Tait,1,0,,,,,,,,,
247458,2006/07,2007-03-14,"Warner Park, Basseterre",2,35.1,Scotland,Australia,GA Rogers,CJO Smith,BJ Hodge,0,0,,,,,,,,,
247458,2006/07,2007-03-14,"Warner Park, Basseterre",2,35.2,Scotland,Australia,GA Rogers,CJO Smith,BJ Hodge,1,0,,,,,,,,,
247458,2006/07,2007-03-14,"Warner Park, Basseterre",2,35.3,Scotland,Australia,CJO Smith,GA Rogers,BJ Hodge,0,0,,,,,,,,,
247458,2006/07,2007-03-14,"Warner Park, Basseterre",2,35.4,Scotland,Australia,CJO Smith,GA Rogers,BJ Hodge,2,0,,,,,,,,,
247458,2006/07,2007-03-14,"Warner Park, Basseterre",2,35.5,Scotland,Australia,CJO Smith,GA Rogers,BJ Hodge,1,0,,,,,,,,,
247458,2006/07,2007-03-14,"Warner Park, Basseterre",2,35.6,Scotland,Australia,GA Rogers,CJO Smith,BJ Hodge,0,0,,,,,,,,,
247458,2006/07,2007-03-14,"Warner Park, Basseterre",2,36.1,Scotland,Australia,CJO Smith,GA Rogers,SW Tait,1,0,,,,,,,,,
247458,2006/07,2007-03-14,"Warner Park, Basseterre",2,36.2,Scotland,Australia,GA Rogers,CJO Smith,SW Tait,0,1,,,,1,,,,,
247458,2006/07,2007-03-14,"Warner Park, Basseterre",2,36.3,Scotland,Australia,CJO Smith,GA Rogers,SW Tait,4,0,,,,,,,,,
247458,2006/07,2007-03-14,"Warner Park, Basseterre",2,36.4,Scotland,Australia,CJO Smith,GA Rogers,SW Tait,1,0,,,,,,,,,
247458,2006/07,2007-03-14,"Warner Park, Basseterre",2,36.5,Scotland,Australia,GA Rogers,CJO Smith,SW Tait,1,0,,,,,,,,,
247458,2006/07,2007-03-14,"Warner Park, Basseterre",2,36.6,Scotland,Australia,CJO Smith,GA Rogers,SW Tait,0,0,,,,,,,,,
247458,2006/07,2007-03-14,"Warner Park, Basseterre",2,37.1,Scotland,Australia,GA Rogers,CJO Smith,BJ Hodge,0,0,,,,,,,,,
247458,2006/07,2007-03-14,"Warner Park, Basseterre",2,37.2,Scotland,Australia,GA Rogers,CJO Smith,BJ Hodge,1,0,,,,,,,,,
247458,2006/07,2007-03-14,"Warner Park, Basseterre",2,37.3,Scotland,Australia,CJO Smith,GA Rogers,BJ Hodge,0,0,,,,,,,,,
247458,2006/07,2007-03-14,"Warner Park, Basseterre",2,37.4,Scotland,Australia,CJO Smith,GA Rogers,BJ Hodge,0,0,,,,,,,,,
247458,2006/07,2007-03-14,"Warner Park, Basseterre",2,37.5,Scotland,Australia,CJO Smith,GA Rogers,BJ Hodge,0,0,,,,,,,,,
247458,2006/07,2007-03-14,"Warner Park, Basseterre",2,37.6,Scotland,Australia,CJO Smith,GA Rogers,BJ Hodge,0,0,,,,,,,,,
247458,2006/07,2007-03-14,"Warner Park, Basseterre",2,38.1,Scotland,Australia,GA Rogers,CJO Smith,GB Hogg,0,0,,,,,,,,,
247458,2006/07,2007-03-14,"Warner Park, Basseterre",2,38.2,Scotland,Australia,GA Rogers,CJO Smith,GB Hogg,0,0,,,,,,,,,
247458,2006/07,2007-03-14,"Warner Park, Basseterre",2,38.3,Scotland,Australia,GA Rogers,CJO Smith,GB Hogg,1,0,,,,,,,,,
247458,2006/07,2007-03-14,"Warner Park, Basseterre",2,38.4,Scotland,Australia,CJO Smith,GA Rogers,GB Hogg,1,0,,,,,,,,,
247458,2006/07,2007-03-14,"Warner Park, Basseterre",2,38.5,Scotland,Australia,GA Rogers,CJO Smith,GB Hogg,0,0,,,,,,,,,
247458,2006/07,2007-03-14,"Warner Park, Basseterre",2,38.6,Scotland,Australia,GA Rogers,CJO Smith,GB Hogg,0,0,,,,,,,,,
247458,2006/07,2007-03-14,"Warner Park, Basseterre",2,39.1,Scotland,Australia,CJO Smith,GA Rogers,NW Bracken,0,0,,,,,,,,,
247458,2006/07,2007-03-14,"Warner Park, Basseterre",2,39.2,Scotland,Australia,CJO Smith,GA Rogers,NW Bracken,1,0,,,,,,,,,
247458,2006/07,2007-03-14,"Warner Park, Basseterre",2,39.3,Scotland,Australia,GA Rogers,CJO Smith,NW Bracken,0,0,,,,,,,,,
247458,2006/07,2007-03-14,"Warner Park, Basseterre",2,39.4,Scotland,Australia,GA Rogers,CJO Smith,NW Bracken,0,0,,,,,,,,,
247458,2006/07,2007-03-14,"Warner Park, Basseterre",2,39.5,Scotland,Australia,GA Rogers,CJO Smith,NW Bracken,1,0,,,,,,,,,
247458,2006/07,2007-03-14,"Warner Park, Basseterre",2,39.6,Scotland,Australia,CJO Smith,GA Rogers,NW Bracken,0,0,,,,,,run out,GA Rogers,,
247458,2006/07,2007-03-14,"Warner Park, Basseterre",2,40.1,Scotland,Australia,CJO Smith,PJC Hoffmann,GB Hogg,0,0,,,,,,bowled,CJO Smith,,
