match_id,season,start_date,venue,innings,ball,batting_team,bowling_team,striker,non_striker,bowler,runs_off_bat,extras,wides,noballs,byes,legbyes,penalty,wicket_type,player_dismissed,other_wicket_type,other_player_dismissed
247465,2006/07,2007-03-17,"Sabina Park, Kingston",1,0.1,Pakistan,Ireland,Imran Nazir,Mohammad Hafeez,D Langford-Smith,1,0,,,,,,,,,
247465,2006/07,2007-03-17,"Sabina Park, Kingston",1,0.2,Pakistan,Ireland,Mohammad Hafeez,Imran Nazir,D Langford-Smith,0,1,1,,,,,,,,
247465,2006/07,2007-03-17,"Sabina Park, Kingston",1,0.3,Pakistan,Ireland,Mohammad Hafeez,Imran Nazir,D Langford-Smith,4,1,,1,,,,,,,
247465,2006/07,2007-03-17,"Sabina Park, Kingston",1,0.4,Pakistan,Ireland,Mohammad Hafeez,Imran Nazir,D Langford-Smith,0,0,,,,,,,,,
247465,2006/07,2007-03-17,"Sabina Park, Kingston",1,0.5,Pakistan,Ireland,Mohammad Hafeez,Imran Nazir,D Langford-Smith,0,0,,,,,,,,,
247465,2006/07,2007-03-17,"Sabina Park, Kingston",1,0.6,Pakistan,Ireland,Mohammad Hafeez,Imran Nazir,D Langford-Smith,0,0,,,,,,,,,
247465,2006/07,2007-03-17,"Sabina Park, Kingston",1,0.7,Pakistan,Ireland,Mohammad Hafeez,Imran Nazir,D Langford-Smith,0,0,,,,,,,,,
247465,2006/07,2007-03-17,"Sabina Park, Kingston",1,0.8,Pakistan,Ireland,Mohammad Hafeez,Imran Nazir,D Langford-Smith,0,0,,,,,,caught,Mohammad Hafeez,,
247465,2006/07,2007-03-17,"Sabina Park, Kingston",1,1.1,Pakistan,Ireland,Imran Nazir,Younis Khan,WB Rankin,0,0,,,,,,,,,
247465,2006/07,2007-03-17,"Sabina Park, Kingston",1,1.2,Pakistan,Ireland,Imran Nazir,Younis Khan,WB Rankin,0,0,,,,,,,,,
247465,2006/07,2007-03-17,"Sabina Park, Kingston",1,1.3,Pakistan,Ireland,Imran Nazir,Younis Khan,WB Rankin,4,0,,,,,,,,,
247465,2006/07,2007-03-17,"Sabina Park, Kingston",1,1.4,Pakistan,Ireland,Imran Nazir,Younis Khan,WB Rankin,0,0,,,,,,,,,
247465,2006/07,2007-03-17,"Sabina Park, Kingston",1,1.5,Pakistan,Ireland,Imran Nazir,Younis Khan,WB Rankin,0,0,,,,,,,,,
247465,2006/07,2007-03-17,"Sabina Park, Kingston",1,1.6,Pakistan,Ireland,Imran Nazir,Younis Khan,WB Rankin,1,0,,,,,,,,,
247465,2006/07,2007-03-17,"Sabina Park, Kingston",1,2.1,Pakistan,Ireland,Imran Nazir,Younis Khan,D Langford-Smith,0,0,,,,,,,,,
247465,2006/07,2007-03-17,"Sabina Park, Kingston",1,2.2,Pakistan,Ireland,Imran Nazir,Younis Khan,D Langford-Smith,0,0,,,,,,,,,
247465,2006/07,2007-03-17,"Sabina Park, Kingston",1,2.3,Pakistan,Ireland,Imran Nazir,Younis Khan,D Langford-Smith,0,0,,,,,,,,,
247465,2006/07,2007-03-17,"Sabina Park, Kingston",1,2.4,Pakistan,Ireland,Imran Nazir,Younis Khan,D Langford-Smith,0,0,,,,,,,,,
247465,2006/07,2007-03-17,"Sabina Park, Kingston",1,2.5,Pakistan,Ireland,Imran Nazir,Younis Khan,D Langford-Smith,0,0,,,,,,,,,
247465,2006/07,2007-03-17,"Sabina Park, Kingston",1,2.6,Pakistan,Ireland,Imran Nazir,Younis Khan,D Langford-Smith,2,0,,,,,,,,,
247465,2006/07,2007-03-17,"Sabina Park, Kingston",1,3.1,Pakistan,Ireland,Younis Khan,Imran Nazir,WB Rankin,0,1,1,,,,,,,,
247465,2006/07,2007-03-17,"Sabina Park, Kingston",1,3.2,Pakistan,Ireland,Younis Khan,Imran Nazir,WB Rankin,0,0,,,,,,,,,
247465,2006/07,2007-03-17,"Sabina Park, Kingston",1,3.3,Pakistan,Ireland,Younis Khan,Imran Nazir,WB Rankin,0,0,,,,,,,,,
247465,2006/07,2007-03-17,"Sabina Park, Kingston",1,3.4,Pakistan,Ireland,Younis Khan,Imran Nazir,WB Rankin,0,0,,,,,,caught,Younis Khan,,
247465,2006/07,2007-03-17,"Sabina Park, Kingston",1,3.5,Pakistan,Ireland,Mohammad Yousuf,Imran Nazir,WB Rankin,0,1,1,,,,,,,,
247465,2006/07,2007-03-17,"Sabina Park, Kingston",1,3.6,Pakistan,Ireland,Mohammad Yousuf,Imran Nazir,WB Rankin,0,0,,,,,,,,,
247465,2006/07,2007-03-17,"Sabina Park, Kingston",1,3.7,Pakistan,Ireland,Mohammad Yousuf,Imran Nazir,WB Rankin,0,0,,,,,,,,,
247465,2006/07,2007-03-17,"Sabina Park, Kingston",1,3.8,Pakistan,Ireland,Mohammad Yousuf,Imran Nazir,WB Rankin,4,0,,,,,,,,,
247465,2006/07,2007-03-17,"Sabina Park, Kingston",1,4.1,Pakistan,Ireland,Imran Nazir,Mohammad Yousuf,D Langford-Smith,2,0,,,,,,,,,
247465,2006/07,2007-03-17,"Sabina Park, Kingston",1,4.2,Pakistan,Ireland,Imran Nazir,Mohammad Yousuf,D Langford-Smith,0,0,,,,,,,,,
247465,2006/07,2007-03-17,"Sabina Park, Kingston",1,4.3,Pakistan,Ireland,Imran Nazir,Mohammad Yousuf,D Langford-Smith,0,1,1,,,,,,,,
247465,2006/07,2007-03-17,"Sabina Park, Kingston",1,4.4,Pakistan,Ireland,Imran Nazir,Mohammad Yousuf,D Langford-Smith,0,0,,,,,,,,,
247465,2006/07,2007-03-17,"Sabina Park, Kingston",1,4.5,Pakistan,Ireland,Imran Nazir,Mohammad Yousuf,D Langford-Smith,0,0,,,,,,,,,
247465,2006/07,2007-03-17,"Sabina Park, Kingston",1,4.6,Pakistan,Ireland,Imran Nazir,Mohammad Yousuf,D Langford-Smith,0,0,,,,,,,,,
247465,2006/07,2007-03-17,"Sabina Park, Kingston",1,4.7,Pakistan,Ireland,Imran Nazir,Mohammad Yousuf,D Langford-Smith,0,1,1,,,,,,,,
247465,2006/07,2007-03-17,"Sabina Park, Kingston",1,4.8,Pakistan,Ireland,Imran Nazir,Mohammad Yousuf,D Langford-Smith,1,0,,,,,,,,,
247465,2006/07,2007-03-17,"Sabina Park, Kingston",1,5.1,Pakistan,Ireland,Imran Nazir,Mohammad Yousuf,WB Rankin,0,1,1,,,,,,,,
247465,2006/07,2007-03-17,"Sabina Park, Kingston",1,5.2,Pakistan,Ireland,Imran Nazir,Mohammad Yousuf,WB Rankin,0,0,,,,,,,,,
247465,2006/07,2007-03-17,"Sabina Park, Kingston",1,5.3,Pakistan,Ireland,Imran Nazir,Mohammad Yousuf,WB Rankin,0,0,,,,,,,,,
247465,2006/07,2007-03-17,"Sabina Park, Kingston",1,5.4,Pakistan,Ireland,Imran Nazir,Mohammad Yousuf,WB Rankin,0,1,1,,,,,,,,
247465,2006/07,2007-03-17,"Sabina Park, Kingston",1,5.5,Pakistan,Ireland,Imran Nazir,Mohammad Yousuf,WB Rankin,1,0,,,,,,,,,
247465,2006/07,2007-03-17,"Sabina Park, Kingston",1,5.6,Pakistan,Ireland,Mohammad Yousuf,Imran Nazir,WB Rankin,0,0,,,,,,,,,
247465,2006/07,2007-03-17,"Sabina Park, Kingston",1,5.7,Pakistan,Ireland,Mohammad Yousuf,Imran Nazir,WB Rankin,0,1,1,,,,,,,,
247465,2006/07,2007-03-17,"Sabina Park, Kingston",1,5.8,Pakistan,Ireland,Mohammad Yousuf,Imran Nazir,WB Rankin,0,0,,,,,,,,,
247465,2006/07,2007-03-17,"Sabina Park, Kingston",1,5.9,Pakistan,Ireland,Mohammad Yousuf,Imran Nazir,WB Rankin,0,0,,,,,,,,,
247465,2006/07,2007-03-17,"Sabina Park, Kingston",1,6.1,Pakistan,Ireland,Imran Nazir,Mohammad Yousuf,D Langford-Smith,0,0,,,,,,,,,
247465,2006/07,2007-03-17,"Sabina Park, Kingston",1,6.2,Pakistan,Ireland,Imran Nazir,Mohammad Yousuf,D Langford-Smith,0,1,1,,,,,,,,
247465,2006/07,2007-03-17,"Sabina Park, Kingston",1,6.3,Pakistan,Ireland,Imran Nazir,Mohammad Yousuf,D Langford-Smith,0,0,,,,,,,,,
247465,2006/07,2007-03-17,"Sabina Park, Kingston",1,6.4,Pakistan,Ireland,Imran Nazir,Mohammad Yousuf,D Langford-Smith,0,0,,,,,,,,,
247465,2006/07,2007-03-17,"Sabina Park, Kingston",1,6.5,Pakistan,Ireland,Imran Nazir,Mohammad Yousuf,D Langford-Smith,0,0,,,,,,,,,
247465,2006/07,2007-03-17,"Sabina Park, Kingston",1,6.6,Pakistan,Ireland,Imran Nazir,Mohammad Yousuf,D Langford-Smith,0,0,,,,,,,,,
247465,2006/07,2007-03-17,"Sabina Park, Kingston",1,6.7,Pakistan,Ireland,Imran Nazir,Mohammad Yousuf,D Langford-Smith,1,0,,,,,,,,,
247465,2006/07,2007-03-17,"Sabina Park, Kingston",1,7.1,Pakistan,Ireland,Imran Nazir,Mohammad Yousuf,WB Rankin,0,0,,,,,,,,,
247465,2006/07,2007-03-17,"Sabina Park, Kingston",1,7.2,Pakistan,Ireland,Imran Nazir,Mohammad Yousuf,WB Rankin,0,0,,,,,,,,,
247465,2006/07,2007-03-17,"Sabina Park, Kingston",1,7.3,Pakistan,Ireland,Imran Nazir,Mohammad Yousuf,WB Rankin,0,0,,,,,,,,,
247465,2006/07,2007-03-17,"Sabina Park, Kingston",1,7.4,Pakistan,Ireland,Imran Nazir,Mohammad Yousuf,WB Rankin,4,0,,,,,,,,,
247465,2006/07,2007-03-17,"Sabina Park, Kingston",1,7.5,Pakistan,Ireland,Imran Nazir,Mohammad Yousuf,WB Rankin,0,1,1,,,,,,,,
247465,2006/07,2007-03-17,"Sabina Park, Kingston",1,7.6,Pakistan,Ireland,Imran Nazir,Mohammad Yousuf,WB Rankin,0,0,,,,,,,,,
247465,2006/07,2007-03-17,"Sabina Park, Kingston",1,7.7,Pakistan,Ireland,Imran Nazir,Mohammad Yousuf,WB Rankin,0,0,,,,,,,,,
247465,2006/07,2007-03-17,"Sabina Park, Kingston",1,8.1,Pakistan,Ireland,Mohammad Yousuf,Imran Nazir,D Langford-Smith,0,0,,,,,,,,,
247465,2006/07,2007-03-17,"Sabina Park, Kingston",1,8.2,Pakistan,Ireland,Mohammad Yousuf,Imran Nazir,D Langford-Smith,2,0,,,,,,,,,
247465,2006/07,2007-03-17,"Sabina Park, Kingston",1,8.3,Pakistan,Ireland,Mohammad Yousuf,Imran Nazir,D Langford-Smith,0,1,1,,,,,,,,
247465,2006/07,2007-03-17,"Sabina Park, Kingston",1,8.4,Pakistan,Ireland,Mohammad Yousuf,Imran Nazir,D Langford-Smith,0,0,,,,,,,,,
247465,2006/07,2007-03-17,"Sabina Park, Kingston",1,8.5,Pakistan,Ireland,Mohammad Yousuf,Imran Nazir,D Langford-Smith,0,0,,,,,,,,,
247465,2006/07,2007-03-17,"Sabina Park, Kingston",1,8.6,Pakistan,Ireland,Mohammad Yousuf,Imran Nazir,D Langford-Smith,0,0,,,,,,,,,
247465,2006/07,2007-03-17,"Sabina Park, Kingston",1,8.7,Pakistan,Ireland,Mohammad Yousuf,Imran Nazir,D Langford-Smith,0,0,,,,,,,,,
247465,2006/07,2007-03-17,"Sabina Park, Kingston",1,9.1,Pakistan,Ireland,Imran Nazir,Mohammad Yousuf,WB Rankin,0,1,1,,,,,,,,
247465,2006/07,2007-03-17,"Sabina Park, Kingston",1,9.2,Pakistan,Ireland,Imran Nazir,Mohammad Yousuf,WB Rankin,0,0,,,,,,,,,
247465,2006/07,2007-03-17,"Sabina Park, Kingston",1,9.3,Pakistan,Ireland,Imran Nazir,Mohammad Yousuf,WB Rankin,0,0,,,,,,,,,
247465,2006/07,2007-03-17,"Sabina Park, Kingston",1,9.4,Pakistan,Ireland,Imran Nazir,Mohammad Yousuf,WB Rankin,1,0,,,,,,,,,
247465,2006/07,2007-03-17,"Sabina Park, Kingston",1,9.5,Pakistan,Ireland,Mohammad Yousuf,Imran Nazir,WB Rankin,0,0,,,,,,,,,
247465,2006/07,2007-03-17,"Sabina Park, Kingston",1,9.6,Pakistan,Ireland,Mohammad Yousuf,Imran Nazir,WB Rankin,0,1,1,,,,,,,,
247465,2006/07,2007-03-17,"Sabina Park, Kingston",1,9.7,Pakistan,Ireland,Mohammad Yousuf,Imran Nazir,WB Rankin,0,0,,,,,,,,,
247465,2006/07,2007-03-17,"Sabina Park, Kingston",1,9.8,Pakistan,Ireland,Mohammad Yousuf,Imran Nazir,WB Rankin,1,0,,,,,,,,,
247465,2006/07,2007-03-17,"Sabina Park, Kingston",1,10.1,Pakistan,Ireland,Mohammad Yousuf,Imran Nazir,D Langford-Smith,0,0,,,,,,,,,
247465,2006/07,2007-03-17,"Sabina Park, Kingston",1,10.2,Pakistan,Ireland,Mohammad Yousuf,Imran Nazir,D Langford-Smith,2,0,,,,,,,,,
247465,2006/07,2007-03-17,"Sabina Park, Kingston",1,10.3,Pakistan,Ireland,Mohammad Yousuf,Imran Nazir,D Langford-Smith,0,0,,,,,,,,,
247465,2006/07,2007-03-17,"Sabina Park, Kingston",1,10.4,Pakistan,Ireland,Mohammad Yousuf,Imran Nazir,D Langford-Smith,0,0,,,,,,,,,
247465,2006/07,2007-03-17,"Sabina Park, Kingston",1,10.5,Pakistan,Ireland,Mohammad Yousuf,Imran Nazir,D Langford-Smith,1,0,,,,,,,,,
247465,2006/07,2007-03-17,"Sabina Park, Kingston",1,10.6,Pakistan,Ireland,Imran Nazir,Mohammad Yousuf,D Langford-Smith,4,0,,,,,,,,,
247465,2006/07,2007-03-17,"Sabina Park, Kingston",1,11.1,Pakistan,Ireland,Mohammad Yousuf,Imran Nazir,AC Botha,0,0,,,,,,,,,
247465,2006/07,2007-03-17,"Sabina Park, Kingston",1,11.2,Pakistan,Ireland,Mohammad Yousuf,Imran Nazir,AC Botha,0,0,,,,,,,,,
247465,2006/07,2007-03-17,"Sabina Park, Kingston",1,11.3,Pakistan,Ireland,Mohammad Yousuf,Imran Nazir,AC Botha,0,0,,,,,,,,,
247465,2006/07,2007-03-17,"Sabina Park, Kingston",1,11.4,Pakistan,Ireland,Mohammad Yousuf,Imran Nazir,AC Botha,0,0,,,,,,,,,
247465,2006/07,2007-03-17,"Sabina Park, Kingston",1,11.5,Pakistan,Ireland,Mohammad Yousuf,Imran Nazir,AC Botha,0,0,,,,,,,,,
247465,2006/07,2007-03-17,"Sabina Park, Kingston",1,11.6,Pakistan,Ireland,Mohammad Yousuf,Imran Nazir,AC Botha,1,0,,,,,,,,,
247465,2006/07,2007-03-17,"Sabina Park, Kingston",1,12.1,Pakistan,Ireland,Mohammad Yousuf,Imran Nazir,DT Johnston,0,1,1,,,,,,,,
247465,2006/07,2007-03-17,"Sabina Park, Kingston",1,12.2,Pakistan,Ireland,Mohammad Yousuf,Imran Nazir,DT Johnston,0,0,,,,,,,,,
247465,2006/07,2007-03-17,"Sabina Park, Kingston",1,12.3,Pakistan,Ireland,Mohammad Yousuf,Imran Nazir,DT Johnston,0,0,,,,,,,,,
247465,2006/07,2007-03-17,"Sabina Park, Kingston",1,12.4,Pakistan,Ireland,Mohammad Yousuf,Imran Nazir,DT Johnston,0,0,,,,,,,,,
247465,2006/07,2007-03-17,"Sabina Park, Kingston",1,12.5,Pakistan,Ireland,Mohammad Yousuf,Imran Nazir,DT Johnston,4,0,,,,,,,,,
247465,2006/07,2007-03-17,"Sabina Park, Kingston",1,12.6,Pakistan,Ireland,Mohammad Yousuf,Imran Nazir,DT Johnston,0,0,,,,,,caught,Mohammad Yousuf,,
247465,2006/07,2007-03-17,"Sabina Park, Kingston",1,12.7,Pakistan,Ireland,Inzamam-ul-Haq,Imran Nazir,DT Johnston,0,1,,1,,,,,,,
247465,2006/07,2007-03-17,"Sabina Park, Kingston",1,12.8,Pakistan,Ireland,Inzamam-ul-Haq,Imran Nazir,DT Johnston,1,0,,,,,,,,,
247465,2006/07,2007-03-17,"Sabina Park, Kingston",1,13.1,Pakistan,Ireland,Inzamam-ul-Haq,Imran Nazir,AC Botha,0,0,,,,,,caught,Inzamam-ul-Haq,,
247465,2006/07,2007-03-17,"Sabina Park, Kingston",1,13.2,Pakistan,Ireland,Shoaib Malik,Imran Nazir,AC Botha,0,0,,,,,,,,,
247465,2006/07,2007-03-17,"Sabina Park, Kingston",1,13.3,Pakistan,Ireland,Shoaib Malik,Imran Nazir,AC Botha,0,0,,,,,,,,,
247465,2006/07,2007-03-17,"Sabina Park, Kingston",1,13.4,Pakistan,Ireland,Shoaib Malik,Imran Nazir,AC Botha,0,0,,,,,,,,,
247465,2006/07,2007-03-17,"Sabina Park, Kingston",1,13.5,Pakistan,Ireland,Shoaib Malik,Imran Nazir,AC Botha,0,0,,,,,,,,,
247465,2006/07,2007-03-17,"Sabina Park, Kingston",1,13.6,Pakistan,Ireland,Shoaib Malik,Imran Nazir,AC Botha,0,0,,,,,,,,,
247465,2006/07,2007-03-17,"Sabina Park, Kingston",1,14.1,Pakistan,Ireland,Imran Nazir,Shoaib Malik,DT Johnston,0,0,,,,,,,,,
247465,2006/07,2007-03-17,"Sabina Park, Kingston",1,14.2,Pakistan,Ireland,Imran Nazir,Shoaib Malik,DT Johnston,1,0,,,,,,,,,
247465,2006/07,2007-03-17,"Sabina Park, Kingston",1,14.3,Pakistan,Ireland,Shoaib Malik,Imran Nazir,DT Johnston,0,0,,,,,,,,,
247465,2006/07,2007-03-17,"Sabina Park, Kingston",1,14.4,Pakistan,Ireland,Shoaib Malik,Imran Nazir,DT Johnston,0,0,,,,,,,,,
247465,2006/07,2007-03-17,"Sabina Park, Kingston",1,14.5,Pakistan,Ireland,Shoaib Malik,Imran Nazir,DT Johnston,1,0,,,,,,,,,
247465,2006/07,2007-03-17,"Sabina Park, Kingston",1,14.6,Pakistan,Ireland,Imran Nazir,Shoaib Malik,DT Johnston,0,0,,,,,,,,,
247465,2006/07,2007-03-17,"Sabina Park, Kingston",1,15.1,Pakistan,Ireland,Shoaib Malik,Imran Nazir,AC Botha,0,0,,,,,,,,,
247465,2006/07,2007-03-17,"Sabina Park, Kingston",1,15.2,Pakistan,Ireland,Shoaib Malik,Imran Nazir,AC Botha,0,0,,,,,,,,,
247465,2006/07,2007-03-17,"Sabina Park, Kingston",1,15.3,Pakistan,Ireland,Shoaib Malik,Imran Nazir,AC Botha,0,0,,,,,,,,,
247465,2006/07,2007-03-17,"Sabina Park, Kingston",1,15.4,Pakistan,Ireland,Shoaib Malik,Imran Nazir,AC Botha,0,0,,,,,,,,,
247465,2006/07,2007-03-17,"Sabina Park, Kingston",1,15.5,Pakistan,Ireland,Shoaib Malik,Imran Nazir,AC Botha,0,0,,,,,,,,,
247465,2006/07,2007-03-17,"Sabina Park, Kingston",1,15.6,Pakistan,Ireland,Shoaib Malik,Imran Nazir,AC Botha,0,0,,,,,,,,,
247465,2006/07,2007-03-17,"Sabina Park, Kingston",1,16.1,Pakistan,Ireland,Imran Nazir,Shoaib Malik,DT Johnston,0,0,,,,,,,,,
247465,2006/07,2007-03-17,"Sabina Park, Kingston",1,16.2,Pakistan,Ireland,Imran Nazir,Shoaib Malik,DT Johnston,0,0,,,,,,,,,
247465,2006/07,2007-03-17,"Sabina Park, Kingston",1,16.3,Pakistan,Ireland,Imran Nazir,Shoaib Malik,DT Johnston,0,0,,,,,,,,,
247465,2006/07,2007-03-17,"Sabina Park, Kingston",1,16.4,Pakistan,Ireland,Imran Nazir,Shoaib Malik,DT Johnston,1,0,,,,,,,,,
247465,2006/07,2007-03-17,"Sabina Park, Kingston",1,16.5,Pakistan,Ireland,Shoaib Malik,Imran Nazir,DT Johnston,0,0,,,,,,,,,
247465,2006/07,2007-03-17,"Sabina Park, Kingston",1,16.6,Pakistan,Ireland,Shoaib Malik,Imran Nazir,DT Johnston,0,1,1,,,,,,,,
247465,2006/07,2007-03-17,"Sabina Park, Kingston",1,16.7,Pakistan,Ireland,Shoaib Malik,Imran Nazir,DT Johnston,4,0,,,,,,,,,
247465,2006/07,2007-03-17,"Sabina Park, Kingston",1,17.1,Pakistan,Ireland,Imran Nazir,Shoaib Malik,AC Botha,0,0,,,,,,,,,
247465,2006/07,2007-03-17,"Sabina Park, Kingston",1,17.2,Pakistan,Ireland,Imran Nazir,Shoaib Malik,AC Botha,0,0,,,,,,,,,
247465,2006/07,2007-03-17,"Sabina Park, Kingston",1,17.3,Pakistan,Ireland,Imran Nazir,Shoaib Malik,AC Botha,0,0,,,,,,,,,
247465,2006/07,2007-03-17,"Sabina Park, Kingston",1,17.4,Pakistan,Ireland,Imran Nazir,Shoaib Malik,AC Botha,0,0,,,,,,,,,
247465,2006/07,2007-03-17,"Sabina Park, Kingston",1,17.5,Pakistan,Ireland,Imran Nazir,Shoaib Malik,AC Botha,0,0,,,,,,,,,
247465,2006/07,2007-03-17,"Sabina Park, Kingston",1,17.6,Pakistan,Ireland,Imran Nazir,Shoaib Malik,AC Botha,0,0,,,,,,caught,Imran Nazir,,
247465,2006/07,2007-03-17,"Sabina Park, Kingston",1,18.1,Pakistan,Ireland,Shoaib Malik,Kamran Akmal,DT Johnston,0,0,,,,,,,,,
247465,2006/07,2007-03-17,"Sabina Park, Kingston",1,18.2,Pakistan,Ireland,Shoaib Malik,Kamran Akmal,DT Johnston,0,0,,,,,,,,,
247465,2006/07,2007-03-17,"Sabina Park, Kingston",1,18.3,Pakistan,Ireland,Shoaib Malik,Kamran Akmal,DT Johnston,0,1,1,,,,,,,,
247465,2006/07,2007-03-17,"Sabina Park, Kingston",1,18.4,Pakistan,Ireland,Shoaib Malik,Kamran Akmal,DT Johnston,0,0,,,,,,,,,
247465,2006/07,2007-03-17,"Sabina Park, Kingston",1,18.5,Pakistan,Ireland,Shoaib Malik,Kamran Akmal,DT Johnston,0,1,1,,,,,,,,
247465,2006/07,2007-03-17,"Sabina Park, Kingston",1,18.6,Pakistan,Ireland,Shoaib Malik,Kamran Akmal,DT Johnston,0,0,,,,,,,,,
247465,2006/07,2007-03-17,"Sabina Park, Kingston",1,18.7,Pakistan,Ireland,Shoaib Malik,Kamran Akmal,DT Johnston,0,0,,,,,,,,,
247465,2006/07,2007-03-17,"Sabina Park, Kingston",1,18.8,Pakistan,Ireland,Shoaib Malik,Kamran Akmal,DT Johnston,0,0,,,,,,,,,
247465,2006/07,2007-03-17,"Sabina Park, Kingston",1,19.1,Pakistan,Ireland,Kamran Akmal,Shoaib Malik,AC Botha,0,0,,,,,,,,,
247465,2006/07,2007-03-17,"Sabina Park, Kingston",1,19.2,Pakistan,Ireland,Kamran Akmal,Shoaib Malik,AC Botha,0,0,,,,,,,,,
247465,2006/07,2007-03-17,"Sabina Park, Kingston",1,19.3,Pakistan,Ireland,Kamran Akmal,Shoaib Malik,AC Botha,0,0,,,,,,,,,
247465,2006/07,2007-03-17,"Sabina Park, Kingston",1,19.4,Pakistan,Ireland,Kamran Akmal,Shoaib Malik,AC Botha,0,0,,,,,,,,,
247465,2006/07,2007-03-17,"Sabina Park, Kingston",1,19.5,Pakistan,Ireland,Kamran Akmal,Shoaib Malik,AC Botha,0,0,,,,,,,,,
247465,2006/07,2007-03-17,"Sabina Park, Kingston",1,19.6,Pakistan,Ireland,Kamran Akmal,Shoaib Malik,AC Botha,0,0,,,,,,,,,
247465,2006/07,2007-03-17,"Sabina Park, Kingston",1,20.1,Pakistan,Ireland,Shoaib Malik,Kamran Akmal,KJ O'Brien,0,0,,,,,,,,,
247465,2006/07,2007-03-17,"Sabina Park, Kingston",1,20.2,Pakistan,Ireland,Shoaib Malik,Kamran Akmal,KJ O'Brien,4,0,,,,,,,,,
247465,2006/07,2007-03-17,"Sabina Park, Kingston",1,20.3,Pakistan,Ireland,Shoaib Malik,Kamran Akmal,KJ O'Brien,0,0,,,,,,caught,Shoaib Malik,,
247465,2006/07,2007-03-17,"Sabina Park, Kingston",1,20.4,Pakistan,Ireland,Azhar Mahmood,Kamran Akmal,KJ O'Brien,0,0,,,,,,,,,
247465,2006/07,2007-03-17,"Sabina Park, Kingston",1,20.5,Pakistan,Ireland,Azhar Mahmood,Kamran Akmal,KJ O'Brien,0,0,,,,,,,,,
247465,2006/07,2007-03-17,"Sabina Park, Kingston",1,20.6,Pakistan,Ireland,Azhar Mahmood,Kamran Akmal,KJ O'Brien,0,0,,,,,,,,,
247465,2006/07,2007-03-17,"Sabina Park, Kingston",1,21.1,Pakistan,Ireland,Kamran Akmal,Azhar Mahmood,AC Botha,0,0,,,,,,,,,
247465,2006/07,2007-03-17,"Sabina Park, Kingston",1,21.2,Pakistan,Ireland,Kamran Akmal,Azhar Mahmood,AC Botha,0,0,,,,,,,,,
247465,2006/07,2007-03-17,"Sabina Park, Kingston",1,21.3,Pakistan,Ireland,Kamran Akmal,Azhar Mahmood,AC Botha,0,0,,,,,,,,,
247465,2006/07,2007-03-17,"Sabina Park, Kingston",1,21.4,Pakistan,Ireland,Kamran Akmal,Azhar Mahmood,AC Botha,0,0,,,,,,,,,
247465,2006/07,2007-03-17,"Sabina Park, Kingston",1,21.5,Pakistan,Ireland,Kamran Akmal,Azhar Mahmood,AC Botha,1,0,,,,,,,,,
247465,2006/07,2007-03-17,"Sabina Park, Kingston",1,21.6,Pakistan,Ireland,Azhar Mahmood,Kamran Akmal,AC Botha,0,0,,,,,,,,,
247465,2006/07,2007-03-17,"Sabina Park, Kingston",1,22.1,Pakistan,Ireland,Kamran Akmal,Azhar Mahmood,KJ O'Brien,0,0,,,,,,,,,
247465,2006/07,2007-03-17,"Sabina Park, Kingston",1,22.2,Pakistan,Ireland,Kamran Akmal,Azhar Mahmood,KJ O'Brien,0,0,,,,,,,,,
247465,2006/07,2007-03-17,"Sabina Park, Kingston",1,22.3,Pakistan,Ireland,Kamran Akmal,Azhar Mahmood,KJ O'Brien,0,0,,,,,,,,,
247465,2006/07,2007-03-17,"Sabina Park, Kingston",1,22.4,Pakistan,Ireland,Kamran Akmal,Azhar Mahmood,KJ O'Brien,0,0,,,,,,,,,
247465,2006/07,2007-03-17,"Sabina Park, Kingston",1,22.5,Pakistan,Ireland,Kamran Akmal,Azhar Mahmood,KJ O'Brien,0,0,,,,,,,,,
247465,2006/07,2007-03-17,"Sabina Park, Kingston",1,22.6,Pakistan,Ireland,Kamran Akmal,Azhar Mahmood,KJ O'Brien,1,0,,,,,,,,,
247465,2006/07,2007-03-17,"Sabina Park, Kingston",1,23.1,Pakistan,Ireland,Kamran Akmal,Azhar Mahmood,AC Botha,0,0,,,,,,,,,
247465,2006/07,2007-03-17,"Sabina Park, Kingston",1,23.2,Pakistan,Ireland,Kamran Akmal,Azhar Mahmood,AC Botha,0,0,,,,,,,,,
247465,2006/07,2007-03-17,"Sabina Park, Kingston",1,23.3,Pakistan,Ireland,Kamran Akmal,Azhar Mahmood,AC Botha,0,0,,,,,,,,,
247465,2006/07,2007-03-17,"Sabina Park, Kingston",1,23.4,Pakistan,Ireland,Kamran Akmal,Azhar Mahmood,AC Botha,1,0,,,,,,,,,
247465,2006/07,2007-03-17,"Sabina Park, Kingston",1,23.5,Pakistan,Ireland,Azhar Mahmood,Kamran Akmal,AC Botha,0,0,,,,,,,,,
247465,2006/07,2007-03-17,"Sabina Park, Kingston",1,23.6,Pakistan,Ireland,Azhar Mahmood,Kamran Akmal,AC Botha,0,0,,,,,,,,,
247465,2006/07,2007-03-17,"Sabina Park, Kingston",1,24.1,Pakistan,Ireland,Kamran Akmal,Azhar Mahmood,KJ O'Brien,0,0,,,,,,,,,
247465,2006/07,2007-03-17,"Sabina Park, Kingston",1,24.2,Pakistan,Ireland,Kamran Akmal,Azhar Mahmood,KJ O'Brien,0,0,,,,,,,,,
247465,2006/07,2007-03-17,"Sabina Park, Kingston",1,24.3,Pakistan,Ireland,Kamran Akmal,Azhar Mahmood,KJ O'Brien,0,0,,,,,,,,,
247465,2006/07,2007-03-17,"Sabina Park, Kingston",1,24.4,Pakistan,Ireland,Kamran Akmal,Azhar Mahmood,KJ O'Brien,0,0,,,,,,,,,
247465,2006/07,2007-03-17,"Sabina Park, Kingston",1,24.5,Pakistan,Ireland,Kamran Akmal,Azhar Mahmood,KJ O'Brien,4,0,,,,,,,,,
247465,2006/07,2007-03-17,"Sabina Park, Kingston",1,24.6,Pakistan,Ireland,Kamran Akmal,Azhar Mahmood,KJ O'Brien,0,0,,,,,,,,,
247465,2006/07,2007-03-17,"Sabina Park, Kingston",1,25.1,Pakistan,Ireland,Azhar Mahmood,Kamran Akmal,AC Botha,0,0,,,,,,,,,
247465,2006/07,2007-03-17,"Sabina Park, Kingston",1,25.2,Pakistan,Ireland,Azhar Mahmood,Kamran Akmal,AC Botha,0,0,,,,,,,,,
247465,2006/07,2007-03-17,"Sabina Park, Kingston",1,25.3,Pakistan,Ireland,Azhar Mahmood,Kamran Akmal,AC Botha,0,0,,,,,,,,,
247465,2006/07,2007-03-17,"Sabina Park, Kingston",1,25.4,Pakistan,Ireland,Azhar Mahmood,Kamran Akmal,AC Botha,0,0,,,,,,,,,
247465,2006/07,2007-03-17,"Sabina Park, Kingston",1,25.5,Pakistan,Ireland,Azhar Mahmood,Kamran Akmal,AC Botha,2,0,,,,,,,,,
247465,2006/07,2007-03-17,"Sabina Park, Kingston",1,25.6,Pakistan,Ireland,Azhar Mahmood,Kamran Akmal,AC Botha,0,0,,,,,,,,,
247465,2006/07,2007-03-17,"Sabina Park, Kingston",1,26.1,Pakistan,Ireland,Kamran Akmal,Azhar Mahmood,KJ O'Brien,0,0,,,,,,,,,
247465,2006/07,2007-03-17,"Sabina Park, Kingston",1,26.2,Pakistan,Ireland,Kamran Akmal,Azhar Mahmood,KJ O'Brien,4,0,,,,,,,,,
247465,2006/07,2007-03-17,"Sabina Park, Kingston",1,26.3,Pakistan,Ireland,Kamran Akmal,Azhar Mahmood,KJ O'Brien,2,0,,,,,,,,,
247465,2006/07,2007-03-17,"Sabina Park, Kingston",1,26.4,Pakistan,Ireland,Kamran Akmal,Azhar Mahmood,KJ O'Brien,0,0,,,,,,,,,
247465,2006/07,2007-03-17,"Sabina Park, Kingston",1,26.5,Pakistan,Ireland,Kamran Akmal,Azhar Mahmood,KJ O'Brien,4,0,,,,,,,,,
247465,2006/07,2007-03-17,"Sabina Park, Kingston",1,26.6,Pakistan,Ireland,Kamran Akmal,Azhar Mahmood,KJ O'Brien,1,0,,,,,,,,,
247465,2006/07,2007-03-17,"Sabina Park, Kingston",1,27.1,Pakistan,Ireland,Kamran Akmal,Azhar Mahmood,WK McCallan,0,0,,,,,,,,,
247465,2006/07,2007-03-17,"Sabina Park, Kingston",1,27.2,Pakistan,Ireland,Kamran Akmal,Azhar Mahmood,WK McCallan,0,0,,,,,,,,,
247465,2006/07,2007-03-17,"Sabina Park, Kingston",1,27.3,Pakistan,Ireland,Kamran Akmal,Azhar Mahmood,WK McCallan,0,0,,,,,,,,,
247465,2006/07,2007-03-17,"Sabina Park, Kingston",1,27.4,Pakistan,Ireland,Kamran Akmal,Azhar Mahmood,WK McCallan,1,0,,,,,,,,,
247465,2006/07,2007-03-17,"Sabina Park, Kingston",1,27.5,Pakistan,Ireland,Azhar Mahmood,Kamran Akmal,WK McCallan,0,0,,,,,,,,,
247465,2006/07,2007-03-17,"Sabina Park, Kingston",1,27.6,Pakistan,Ireland,Azhar Mahmood,Kamran Akmal,WK McCallan,0,0,,,,,,,,,
247465,2006/07,2007-03-17,"Sabina Park, Kingston",1,28.1,Pakistan,Ireland,Kamran Akmal,Azhar Mahmood,WB Rankin,0,1,,,,1,,,,,
247465,2006/07,2007-03-17,"Sabina Park, Kingston",1,28.2,Pakistan,Ireland,Azhar Mahmood,Kamran Akmal,WB Rankin,0,0,,,,,,,,,
247465,2006/07,2007-03-17,"Sabina Park, Kingston",1,28.3,Pakistan,Ireland,Azhar Mahmood,Kamran Akmal,WB Rankin,0,0,,,,,,,,,
247465,2006/07,2007-03-17,"Sabina Park, Kingston",1,28.4,Pakistan,Ireland,Azhar Mahmood,Kamran Akmal,WB Rankin,0,0,,,,,,,,,
247465,2006/07,2007-03-17,"Sabina Park, Kingston",1,28.5,Pakistan,Ireland,Azhar Mahmood,Kamran Akmal,WB Rankin,0,0,,,,,,,,,
247465,2006/07,2007-03-17,"Sabina Park, Kingston",1,28.6,Pakistan,Ireland,Azhar Mahmood,Kamran Akmal,WB Rankin,0,0,,,,,,,,,
247465,2006/07,2007-03-17,"Sabina Park, Kingston",1,29.1,Pakistan,Ireland,Kamran Akmal,Azhar Mahmood,WK McCallan,2,0,,,,,,,,,
247465,2006/07,2007-03-17,"Sabina Park, Kingston",1,29.2,Pakistan,Ireland,Kamran Akmal,Azhar Mahmood,WK McCallan,0,0,,,,,,,,,
247465,2006/07,2007-03-17,"Sabina Park, Kingston",1,29.3,Pakistan,Ireland,Kamran Akmal,Azhar Mahmood,WK McCallan,4,0,,,,,,,,,
247465,2006/07,2007-03-17,"Sabina Park, Kingston",1,29.4,Pakistan,Ireland,Kamran Akmal,Azhar Mahmood,WK McCallan,2,0,,,,,,,,,
247465,2006/07,2007-03-17,"Sabina Park, Kingston",1,29.5,Pakistan,Ireland,Kamran Akmal,Azhar Mahmood,WK McCallan,0,0,,,,,,,,,
247465,2006/07,2007-03-17,"Sabina Park, Kingston",1,29.6,Pakistan,Ireland,Kamran Akmal,Azhar Mahmood,WK McCallan,0,0,,,,,,,,,
247465,2006/07,2007-03-17,"Sabina Park, Kingston",1,30.1,Pakistan,Ireland,Azhar Mahmood,Kamran Akmal,WB Rankin,0,1,1,,,,,,,,
247465,2006/07,2007-03-17,"Sabina Park, Kingston",1,30.2,Pakistan,Ireland,Azhar Mahmood,Kamran Akmal,WB Rankin,0,0,,,,,,,,,
247465,2006/07,2007-03-17,"Sabina Park, Kingston",1,30.3,Pakistan,Ireland,Azhar Mahmood,Kamran Akmal,WB Rankin,0,0,,,,,,caught,Azhar Mahmood,,
247465,2006/07,2007-03-17,"Sabina Park, Kingston",1,30.4,Pakistan,Ireland,Kamran Akmal,Mohammad Sami,WB Rankin,0,1,1,,,,,,,,
247465,2006/07,2007-03-17,"Sabina Park, Kingston",1,30.5,Pakistan,Ireland,Kamran Akmal,Mohammad Sami,WB Rankin,0,1,1,,,,,,,,
247465,2006/07,2007-03-17,"Sabina Park, Kingston",1,30.6,Pakistan,Ireland,Kamran Akmal,Mohammad Sami,WB Rankin,0,0,,,,,,,,,
247465,2006/07,2007-03-17,"Sabina Park, Kingston",1,30.7,Pakistan,Ireland,Kamran Akmal,Mohammad Sami,WB Rankin,0,0,,,,,,,,,
247465,2006/07,2007-03-17,"Sabina Park, Kingston",1,30.8,Pakistan,Ireland,Kamran Akmal,Mohammad Sami,WB Rankin,0,0,,,,,,caught,Kamran Akmal,,
247465,2006/07,2007-03-17,"Sabina Park, Kingston",1,30.9,Pakistan,Ireland,Mohammad Sami,Iftikhar Anjum,WB Rankin,1,0,,,,,,,,,
247465,2006/07,2007-03-17,"Sabina Park, Kingston",1,31.1,Pakistan,Ireland,Mohammad Sami,Iftikhar Anjum,D Langford-Smith,0,0,,,,,,,,,
247465,2006/07,2007-03-17,"Sabina Park, Kingston",1,31.2,Pakistan,Ireland,Mohammad Sami,Iftikhar Anjum,D Langford-Smith,0,0,,,,,,,,,
247465,2006/07,2007-03-17,"Sabina Park, Kingston",1,31.3,Pakistan,Ireland,Mohammad Sami,Iftikhar Anjum,D Langford-Smith,1,0,,,,,,,,,
247465,2006/07,2007-03-17,"Sabina Park, Kingston",1,31.4,Pakistan,Ireland,Iftikhar Anjum,Mohammad Sami,D Langford-Smith,0,0,,,,,,,,,
247465,2006/07,2007-03-17,"Sabina Park, Kingston",1,31.5,Pakistan,Ireland,Iftikhar Anjum,Mohammad Sami,D Langford-Smith,0,1,,,,1,,,,,
247465,2006/07,2007-03-17,"Sabina Park, Kingston",1,31.6,Pakistan,Ireland,Mohammad Sami,Iftikhar Anjum,D Langford-Smith,0,0,,,,,,,,,
247465,2006/07,2007-03-17,"Sabina Park, Kingston",1,32.1,Pakistan,Ireland,Iftikhar Anjum,Mohammad Sami,WB Rankin,1,0,,,,,,,,,
247465,2006/07,2007-03-17,"Sabina Park, Kingston",1,32.2,Pakistan,Ireland,Mohammad Sami,Iftikhar Anjum,WB Rankin,0,0,,,,,,,,,
247465,2006/07,2007-03-17,"Sabina Park, Kingston",1,32.3,Pakistan,Ireland,Mohammad Sami,Iftikhar Anjum,WB Rankin,0,0,,,,,,,,,
247465,2006/07,2007-03-17,"Sabina Park, Kingston",1,32.4,Pakistan,Ireland,Mohammad Sami,Iftikhar Anjum,WB Rankin,0,0,,,,,,,,,
247465,2006/07,2007-03-17,"Sabina Park, Kingston",1,32.5,Pakistan,Ireland,Mohammad Sami,Iftikhar Anjum,WB Rankin,0,0,,,,,,,,,
247465,2006/07,2007-03-17,"Sabina Park, Kingston",1,32.6,Pakistan,Ireland,Mohammad Sami,Iftikhar Anjum,WB Rankin,0,0,,,,,,,,,
247465,2006/07,2007-03-17,"Sabina Park, Kingston",1,33.1,Pakistan,Ireland,Iftikhar Anjum,Mohammad Sami,D Langford-Smith,1,0,,,,,,,,,
247465,2006/07,2007-03-17,"Sabina Park, Kingston",1,33.2,Pakistan,Ireland,Mohammad Sami,Iftikhar Anjum,D Langford-Smith,1,0,,,,,,,,,
247465,2006/07,2007-03-17,"Sabina Park, Kingston",1,33.3,Pakistan,Ireland,Iftikhar Anjum,Mohammad Sami,D Langford-Smith,1,0,,,,,,,,,
247465,2006/07,2007-03-17,"Sabina Park, Kingston",1,33.4,Pakistan,Ireland,Mohammad Sami,Iftikhar Anjum,D Langford-Smith,0,0,,,,,,,,,
247465,2006/07,2007-03-17,"Sabina Park, Kingston",1,33.5,Pakistan,Ireland,Mohammad Sami,Iftikhar Anjum,D Langford-Smith,0,0,,,,,,,,,
247465,2006/07,2007-03-17,"Sabina Park, Kingston",1,33.6,Pakistan,Ireland,Mohammad Sami,Iftikhar Anjum,D Langford-Smith,0,0,,,,,,,,,
247465,2006/07,2007-03-17,"Sabina Park, Kingston",1,34.1,Pakistan,Ireland,Iftikhar Anjum,Mohammad Sami,WB Rankin,0,0,,,,,,,,,
247465,2006/07,2007-03-17,"Sabina Park, Kingston",1,34.2,Pakistan,Ireland,Iftikhar Anjum,Mohammad Sami,WB Rankin,0,1,,1,,,,,,,
247465,2006/07,2007-03-17,"Sabina Park, Kingston",1,34.3,Pakistan,Ireland,Iftikhar Anjum,Mohammad Sami,WB Rankin,0,0,,,,,,,,,
247465,2006/07,2007-03-17,"Sabina Park, Kingston",1,34.4,Pakistan,Ireland,Iftikhar Anjum,Mohammad Sami,WB Rankin,0,0,,,,,,,,,
247465,2006/07,2007-03-17,"Sabina Park, Kingston",1,34.5,Pakistan,Ireland,Iftikhar Anjum,Mohammad Sami,WB Rankin,0,1,1,,,,,,,,
247465,2006/07,2007-03-17,"Sabina Park, Kingston",1,34.6,Pakistan,Ireland,Iftikhar Anjum,Mohammad Sami,WB Rankin,0,0,,,,,,,,,
247465,2006/07,2007-03-17,"Sabina Park, Kingston",1,34.7,Pakistan,Ireland,Iftikhar Anjum,Mohammad Sami,WB Rankin,0,1,1,,,,,,,,
247465,2006/07,2007-03-17,"Sabina Park, Kingston",1,34.8,Pakistan,Ireland,Iftikhar Anjum,Mohammad Sami,WB Rankin,0,0,,,,,,,,,
247465,2006/07,2007-03-17,"Sabina Park, Kingston",1,34.9,Pakistan,Ireland,Iftikhar Anjum,Mohammad Sami,WB Rankin,0,0,,,,,,,,,
247465,2006/07,2007-03-17,"Sabina Park, Kingston",1,35.1,Pakistan,Ireland,Mohammad Sami,Iftikhar Anjum,KJ O'Brien,0,0,,,,,,,,,
247465,2006/07,2007-03-17,"Sabina Park, Kingston",1,35.2,Pakistan,Ireland,Mohammad Sami,Iftikhar Anjum,KJ O'Brien,0,1,1,,,,,,,,
247465,2006/07,2007-03-17,"Sabina Park, Kingston",1,35.3,Pakistan,Ireland,Mohammad Sami,Iftikhar Anjum,KJ O'Brien,0,0,,,,,,,,,
247465,2006/07,2007-03-17,"Sabina Park, Kingston",1,35.4,Pakistan,Ireland,Mohammad Sami,Iftikhar Anjum,KJ O'Brien,0,0,,,,,,,,,
247465,2006/07,2007-03-17,"Sabina Park, Kingston",1,35.5,Pakistan,Ireland,Mohammad Sami,Iftikhar Anjum,KJ O'Brien,0,0,,,,,,,,,
247465,2006/07,2007-03-17,"Sabina Park, Kingston",1,35.6,Pakistan,Ireland,Mohammad Sami,Iftikhar Anjum,KJ O'Brien,4,0,,,,,,,,,
247465,2006/07,2007-03-17,"Sabina Park, Kingston",1,35.7,Pakistan,Ireland,Mohammad Sami,Iftikhar Anjum,KJ O'Brien,0,0,,,,,,,,,
247465,2006/07,2007-03-17,"Sabina Park, Kingston",1,36.1,Pakistan,Ireland,Iftikhar Anjum,Mohammad Sami,D Langford-Smith,0,0,,,,,,,,,
247465,2006/07,2007-03-17,"Sabina Park, Kingston",1,36.2,Pakistan,Ireland,Iftikhar Anjum,Mohammad Sami,D Langford-Smith,0,0,,,,,,,,,
247465,2006/07,2007-03-17,"Sabina Park, Kingston",1,36.3,Pakistan,Ireland,Iftikhar Anjum,Mohammad Sami,D Langford-Smith,0,0,,,,,,,,,
247465,2006/07,2007-03-17,"Sabina Park, Kingston",1,36.4,Pakistan,Ireland,Iftikhar Anjum,Mohammad Sami,D Langford-Smith,0,0,,,,,,,,,
247465,2006/07,2007-03-17,"Sabina Park, Kingston",1,36.5,Pakistan,Ireland,Iftikhar Anjum,Mohammad Sami,D Langford-Smith,0,0,,,,,,,,,
247465,2006/07,2007-03-17,"Sabina Park, Kingston",1,36.6,Pakistan,Ireland,Iftikhar Anjum,Mohammad Sami,D Langford-Smith,0,0,,,,,,,,,
247465,2006/07,2007-03-17,"Sabina Park, Kingston",1,37.1,Pakistan,Ireland,Mohammad Sami,Iftikhar Anjum,KJ O'Brien,0,0,,,,,,,,,
247465,2006/07,2007-03-17,"Sabina Park, Kingston",1,37.2,Pakistan,Ireland,Mohammad Sami,Iftikhar Anjum,KJ O'Brien,1,0,,,,,,,,,
247465,2006/07,2007-03-17,"Sabina Park, Kingston",1,37.3,Pakistan,Ireland,Iftikhar Anjum,Mohammad Sami,KJ O'Brien,0,0,,,,,,,,,
247465,2006/07,2007-03-17,"Sabina Park, Kingston",1,37.4,Pakistan,Ireland,Iftikhar Anjum,Mohammad Sami,KJ O'Brien,2,0,,,,,,,,,
247465,2006/07,2007-03-17,"Sabina Park, Kingston",1,37.5,Pakistan,Ireland,Iftikhar Anjum,Mohammad Sami,KJ O'Brien,0,0,,,,,,,,,
247465,2006/07,2007-03-17,"Sabina Park, Kingston",1,37.6,Pakistan,Ireland,Iftikhar Anjum,Mohammad Sami,KJ O'Brien,1,0,,,,,,,,,
247465,2006/07,2007-03-17,"Sabina Park, Kingston",1,38.1,Pakistan,Ireland,Iftikhar Anjum,Mohammad Sami,D Langford-Smith,0,0,,,,,,,,,
247465,2006/07,2007-03-17,"Sabina Park, Kingston",1,38.2,Pakistan,Ireland,Iftikhar Anjum,Mohammad Sami,D Langford-Smith,0,0,,,,,,,,,
247465,2006/07,2007-03-17,"Sabina Park, Kingston",1,38.3,Pakistan,Ireland,Iftikhar Anjum,Mohammad Sami,D Langford-Smith,0,0,,,,,,,,,
247465,2006/07,2007-03-17,"Sabina Park, Kingston",1,38.4,Pakistan,Ireland,Iftikhar Anjum,Mohammad Sami,D Langford-Smith,1,0,,,,,,,,,
247465,2006/07,2007-03-17,"Sabina Park, Kingston",1,38.5,Pakistan,Ireland,Mohammad Sami,Iftikhar Anjum,D Langford-Smith,0,0,,,,,,,,,
247465,2006/07,2007-03-17,"Sabina Park, Kingston",1,38.6,Pakistan,Ireland,Mohammad Sami,Iftikhar Anjum,D Langford-Smith,0,0,,,,,,,,,
247465,2006/07,2007-03-17,"Sabina Park, Kingston",1,39.1,Pakistan,Ireland,Iftikhar Anjum,Mohammad Sami,WK McCallan,0,0,,,,,,,,,
247465,2006/07,2007-03-17,"Sabina Park, Kingston",1,39.2,Pakistan,Ireland,Iftikhar Anjum,Mohammad Sami,WK McCallan,0,0,,,,,,,,,
247465,2006/07,2007-03-17,"Sabina Park, Kingston",1,39.3,Pakistan,Ireland,Iftikhar Anjum,Mohammad Sami,WK McCallan,0,0,,,,,,,,,
247465,2006/07,2007-03-17,"Sabina Park, Kingston",1,39.4,Pakistan,Ireland,Iftikhar Anjum,Mohammad Sami,WK McCallan,0,0,,,,,,,,,
247465,2006/07,2007-03-17,"Sabina Park, Kingston",1,39.5,Pakistan,Ireland,Iftikhar Anjum,Mohammad Sami,WK McCallan,0,0,,,,,,,,,
247465,2006/07,2007-03-17,"Sabina Park, Kingston",1,39.6,Pakistan,Ireland,Iftikhar Anjum,Mohammad Sami,WK McCallan,0,0,,,,,,,,,
247465,2006/07,2007-03-17,"Sabina Park, Kingston",1,40.1,Pakistan,Ireland,Mohammad Sami,Iftikhar Anjum,DT Johnston,1,0,,,,,,,,,
247465,2006/07,2007-03-17,"Sabina Park, Kingston",1,40.2,Pakistan,Ireland,Iftikhar Anjum,Mohammad Sami,DT Johnston,0,0,,,,,,,,,
247465,2006/07,2007-03-17,"Sabina Park, Kingston",1,40.3,Pakistan,Ireland,Iftikhar Anjum,Mohammad Sami,DT Johnston,0,0,,,,,,,,,
247465,2006/07,2007-03-17,"Sabina Park, Kingston",1,40.4,Pakistan,Ireland,Iftikhar Anjum,Mohammad Sami,DT Johnston,0,0,,,,,,,,,
247465,2006/07,2007-03-17,"Sabina Park, Kingston",1,40.5,Pakistan,Ireland,Iftikhar Anjum,Mohammad Sami,DT Johnston,0,0,,,,,,,,,
247465,2006/07,2007-03-17,"Sabina Park, Kingston",1,40.6,Pakistan,Ireland,Iftikhar Anjum,Mohammad Sami,DT Johnston,0,0,,,,,,,,,
247465,2006/07,2007-03-17,"Sabina Park, Kingston",1,41.1,Pakistan,Ireland,Mohammad Sami,Iftikhar Anjum,WK McCallan,0,0,,,,,,,,,
247465,2006/07,2007-03-17,"Sabina Park, Kingston",1,41.2,Pakistan,Ireland,Mohammad Sami,Iftikhar Anjum,WK McCallan,0,0,,,,,,,,,
247465,2006/07,2007-03-17,"Sabina Park, Kingston",1,41.3,Pakistan,Ireland,Mohammad Sami,Iftikhar Anjum,WK McCallan,1,0,,,,,,,,,
247465,2006/07,2007-03-17,"Sabina Park, Kingston",1,41.4,Pakistan,Ireland,Iftikhar Anjum,Mohammad Sami,WK McCallan,0,0,,,,,,,,,
247465,2006/07,2007-03-17,"Sabina Park, Kingston",1,41.5,Pakistan,Ireland,Iftikhar Anjum,Mohammad Sami,WK McCallan,0,0,,,,,,,,,
247465,2006/07,2007-03-17,"Sabina Park, Kingston",1,41.6,Pakistan,Ireland,Iftikhar Anjum,Mohammad Sami,WK McCallan,0,0,,,,,,,,,
247465,2006/07,2007-03-17,"Sabina Park, Kingston",1,42.1,Pakistan,Ireland,Mohammad Sami,Iftikhar Anjum,DT Johnston,0,0,,,,,,,,,
247465,2006/07,2007-03-17,"Sabina Park, Kingston",1,42.2,Pakistan,Ireland,Mohammad Sami,Iftikhar Anjum,DT Johnston,0,0,,,,,,,,,
247465,2006/07,2007-03-17,"Sabina Park, Kingston",1,42.3,Pakistan,Ireland,Mohammad Sami,Iftikhar Anjum,DT Johnston,1,0,,,,,,,,,
247465,2006/07,2007-03-17,"Sabina Park, Kingston",1,42.4,Pakistan,Ireland,Iftikhar Anjum,Mohammad Sami,DT Johnston,0,1,,,,1,,,,,
247465,2006/07,2007-03-17,"Sabina Park, Kingston",1,42.5,Pakistan,Ireland,Mohammad Sami,Iftikhar Anjum,DT Johnston,0,0,,,,,,,,,
247465,2006/07,2007-03-17,"Sabina Park, Kingston",1,42.6,Pakistan,Ireland,Mohammad Sami,Iftikhar Anjum,DT Johnston,1,0,,,,,,,,,
247465,2006/07,2007-03-17,"Sabina Park, Kingston",1,43.1,Pakistan,Ireland,Mohammad Sami,Iftikhar Anjum,WK McCallan,0,0,,,,,,caught,Mohammad Sami,,
247465,2006/07,2007-03-17,"Sabina Park, Kingston",1,43.2,Pakistan,Ireland,Umar Gul,Iftikhar Anjum,WK McCallan,0,0,,,,,,,,,
247465,2006/07,2007-03-17,"Sabina Park, Kingston",1,43.3,Pakistan,Ireland,Umar Gul,Iftikhar Anjum,WK McCallan,0,0,,,,,,,,,
247465,2006/07,2007-03-17,"Sabina Park, Kingston",1,43.4,Pakistan,Ireland,Umar Gul,Iftikhar Anjum,WK McCallan,0,0,,,,,,,,,
247465,2006/07,2007-03-17,"Sabina Park, Kingston",1,43.5,Pakistan,Ireland,Umar Gul,Iftikhar Anjum,WK McCallan,0,0,,,,,,,,,
247465,2006/07,2007-03-17,"Sabina Park, Kingston",1,43.6,Pakistan,Ireland,Umar Gul,Iftikhar Anjum,WK McCallan,1,0,,,,,,,,,
247465,2006/07,2007-03-17,"Sabina Park, Kingston",1,44.1,Pakistan,Ireland,Umar Gul,Iftikhar Anjum,DT Johnston,0,0,,,,,,,,,
247465,2006/07,2007-03-17,"Sabina Park, Kingston",1,44.2,Pakistan,Ireland,Umar Gul,Iftikhar Anjum,DT Johnston,0,0,,,,,,,,,
247465,2006/07,2007-03-17,"Sabina Park, Kingston",1,44.3,Pakistan,Ireland,Umar Gul,Iftikhar Anjum,DT Johnston,0,0,,,,,,,,,
247465,2006/07,2007-03-17,"Sabina Park, Kingston",1,44.4,Pakistan,Ireland,Umar Gul,Iftikhar Anjum,DT Johnston,0,0,,,,,,,,,
247465,2006/07,2007-03-17,"Sabina Park, Kingston",1,44.5,Pakistan,Ireland,Umar Gul,Iftikhar Anjum,DT Johnston,0,0,,,,,,,,,
247465,2006/07,2007-03-17,"Sabina Park, Kingston",1,44.6,Pakistan,Ireland,Umar Gul,Iftikhar Anjum,DT Johnston,0,0,,,,,,,,,
247465,2006/07,2007-03-17,"Sabina Park, Kingston",1,45.1,Pakistan,Ireland,Iftikhar Anjum,Umar Gul,WK McCallan,0,0,,,,,,,,,
247465,2006/07,2007-03-17,"Sabina Park, Kingston",1,45.2,Pakistan,Ireland,Iftikhar Anjum,Umar Gul,WK McCallan,1,0,,,,,,,,,
247465,2006/07,2007-03-17,"Sabina Park, Kingston",1,45.3,Pakistan,Ireland,Umar Gul,Iftikhar Anjum,WK McCallan,0,0,,,,,,,,,
247465,2006/07,2007-03-17,"Sabina Park, Kingston",1,45.4,Pakistan,Ireland,Umar Gul,Iftikhar Anjum,WK McCallan,0,0,,,,,,caught,Umar Gul,,
247465,2006/07,2007-03-17,"Sabina Park, Kingston",2,0.1,Ireland,Pakistan,JP Bray,WTS Porterfield,Umar Gul,1,0,,,,,,,,,
247465,2006/07,2007-03-17,"Sabina Park, Kingston",2,0.2,Ireland,Pakistan,WTS Porterfield,JP Bray,Umar Gul,0,0,,,,,,,,,
247465,2006/07,2007-03-17,"Sabina Park, Kingston",2,0.3,Ireland,Pakistan,WTS Porterfield,JP Bray,Umar Gul,1,0,,,,,,,,,
247465,2006/07,2007-03-17,"Sabina Park, Kingston",2,0.4,Ireland,Pakistan,JP Bray,WTS Porterfield,Umar Gul,0,0,,,,,,,,,
247465,2006/07,2007-03-17,"Sabina Park, Kingston",2,0.5,Ireland,Pakistan,JP Bray,WTS Porterfield,Umar Gul,0,0,,,,,,,,,
247465,2006/07,2007-03-17,"Sabina Park, Kingston",2,0.6,Ireland,Pakistan,JP Bray,WTS Porterfield,Umar Gul,0,0,,,,,,,,,
247465,2006/07,2007-03-17,"Sabina Park, Kingston",2,1.1,Ireland,Pakistan,WTS Porterfield,JP Bray,Mohammad Sami,0,0,,,,,,,,,
247465,2006/07,2007-03-17,"Sabina Park, Kingston",2,1.2,Ireland,Pakistan,WTS Porterfield,JP Bray,Mohammad Sami,0,1,,,,1,,,,,
247465,2006/07,2007-03-17,"Sabina Park, Kingston",2,1.3,Ireland,Pakistan,JP Bray,WTS Porterfield,Mohammad Sami,0,0,,,,,,,,,
247465,2006/07,2007-03-17,"Sabina Park, Kingston",2,1.4,Ireland,Pakistan,JP Bray,WTS Porterfield,Mohammad Sami,1,0,,,,,,,,,
247465,2006/07,2007-03-17,"Sabina Park, Kingston",2,1.5,Ireland,Pakistan,WTS Porterfield,JP Bray,Mohammad Sami,1,0,,,,,,,,,
247465,2006/07,2007-03-17,"Sabina Park, Kingston",2,1.6,Ireland,Pakistan,JP Bray,WTS Porterfield,Mohammad Sami,0,0,,,,,,,,,
247465,2006/07,2007-03-17,"Sabina Park, Kingston",2,2.1,Ireland,Pakistan,WTS Porterfield,JP Bray,Umar Gul,1,0,,,,,,,,,
247465,2006/07,2007-03-17,"Sabina Park, Kingston",2,2.2,Ireland,Pakistan,JP Bray,WTS Porterfield,Umar Gul,0,0,,,,,,,,,
247465,2006/07,2007-03-17,"Sabina Park, Kingston",2,2.3,Ireland,Pakistan,JP Bray,WTS Porterfield,Umar Gul,0,0,,,,,,,,,
247465,2006/07,2007-03-17,"Sabina Park, Kingston",2,2.4,Ireland,Pakistan,JP Bray,WTS Porterfield,Umar Gul,0,0,,,,,,,,,
247465,2006/07,2007-03-17,"Sabina Park, Kingston",2,2.5,Ireland,Pakistan,JP Bray,WTS Porterfield,Umar Gul,0,0,,,,,,,,,
247465,2006/07,2007-03-17,"Sabina Park, Kingston",2,2.6,Ireland,Pakistan,JP Bray,WTS Porterfield,Umar Gul,1,0,,,,,,,,,
247465,2006/07,2007-03-17,"Sabina Park, Kingston",2,3.1,Ireland,Pakistan,JP Bray,WTS Porterfield,Mohammad Sami,0,0,,,,,,lbw,JP Bray,,
247465,2006/07,2007-03-17,"Sabina Park, Kingston",2,3.2,Ireland,Pakistan,EJG Morgan,WTS Porterfield,Mohammad Sami,1,0,,,,,,,,,
247465,2006/07,2007-03-17,"Sabina Park, Kingston",2,3.3,Ireland,Pakistan,WTS Porterfield,EJG Morgan,Mohammad Sami,2,0,,,,,,,,,
247465,2006/07,2007-03-17,"Sabina Park, Kingston",2,3.4,Ireland,Pakistan,WTS Porterfield,EJG Morgan,Mohammad Sami,4,0,,,,,,,,,
247465,2006/07,2007-03-17,"Sabina Park, Kingston",2,3.5,Ireland,Pakistan,WTS Porterfield,EJG Morgan,Mohammad Sami,0,0,,,,,,,,,
247465,2006/07,2007-03-17,"Sabina Park, Kingston",2,3.6,Ireland,Pakistan,WTS Porterfield,EJG Morgan,Mohammad Sami,0,0,,,,,,,,,
247465,2006/07,2007-03-17,"Sabina Park, Kingston",2,4.1,Ireland,Pakistan,EJG Morgan,WTS Porterfield,Umar Gul,1,0,,,,,,,,,
247465,2006/07,2007-03-17,"Sabina Park, Kingston",2,4.2,Ireland,Pakistan,WTS Porterfield,EJG Morgan,Umar Gul,0,0,,,,,,,,,
247465,2006/07,2007-03-17,"Sabina Park, Kingston",2,4.3,Ireland,Pakistan,WTS Porterfield,EJG Morgan,Umar Gul,0,0,,,,,,,,,
247465,2006/07,2007-03-17,"Sabina Park, Kingston",2,4.4,Ireland,Pakistan,WTS Porterfield,EJG Morgan,Umar Gul,0,0,,,,,,,,,
247465,2006/07,2007-03-17,"Sabina Park, Kingston",2,4.5,Ireland,Pakistan,WTS Porterfield,EJG Morgan,Umar Gul,0,0,,,,,,,,,
247465,2006/07,2007-03-17,"Sabina Park, Kingston",2,4.6,Ireland,Pakistan,WTS Porterfield,EJG Morgan,Umar Gul,0,0,,,,,,,,,
247465,2006/07,2007-03-17,"Sabina Park, Kingston",2,5.1,Ireland,Pakistan,EJG Morgan,WTS Porterfield,Mohammad Sami,0,0,,,,,,,,,
247465,2006/07,2007-03-17,"Sabina Park, Kingston",2,5.2,Ireland,Pakistan,EJG Morgan,WTS Porterfield,Mohammad Sami,0,0,,,,,,,,,
247465,2006/07,2007-03-17,"Sabina Park, Kingston",2,5.3,Ireland,Pakistan,EJG Morgan,WTS Porterfield,Mohammad Sami,0,0,,,,,,lbw,EJG Morgan,,
247465,2006/07,2007-03-17,"Sabina Park, Kingston",2,5.4,Ireland,Pakistan,NJ O'Brien,WTS Porterfield,Mohammad Sami,0,0,,,,,,,,,
247465,2006/07,2007-03-17,"Sabina Park, Kingston",2,5.5,Ireland,Pakistan,NJ O'Brien,WTS Porterfield,Mohammad Sami,1,0,,,,,,,,,
247465,2006/07,2007-03-17,"Sabina Park, Kingston",2,5.6,Ireland,Pakistan,WTS Porterfield,NJ O'Brien,Mohammad Sami,0,0,,,,,,,,,
247465,2006/07,2007-03-17,"Sabina Park, Kingston",2,6.1,Ireland,Pakistan,NJ O'Brien,WTS Porterfield,Umar Gul,0,0,,,,,,,,,
247465,2006/07,2007-03-17,"Sabina Park, Kingston",2,6.2,Ireland,Pakistan,NJ O'Brien,WTS Porterfield,Umar Gul,0,0,,,,,,,,,
247465,2006/07,2007-03-17,"Sabina Park, Kingston",2,6.3,Ireland,Pakistan,NJ O'Brien,WTS Porterfield,Umar Gul,0,0,,,,,,,,,
247465,2006/07,2007-03-17,"Sabina Park, Kingston",2,6.4,Ireland,Pakistan,NJ O'Brien,WTS Porterfield,Umar Gul,0,0,,,,,,,,,
247465,2006/07,2007-03-17,"Sabina Park, Kingston",2,6.5,Ireland,Pakistan,NJ O'Brien,WTS Porterfield,Umar Gul,2,0,,,,,,,,,
247465,2006/07,2007-03-17,"Sabina Park, Kingston",2,6.6,Ireland,Pakistan,NJ O'Brien,WTS Porterfield,Umar Gul,1,0,,,,,,,,,
247465,2006/07,2007-03-17,"Sabina Park, Kingston",2,7.1,Ireland,Pakistan,NJ O'Brien,WTS Porterfield,Mohammad Sami,4,0,,,,,,,,,
247465,2006/07,2007-03-17,"Sabina Park, Kingston",2,7.2,Ireland,Pakistan,NJ O'Brien,WTS Porterfield,Mohammad Sami,0,0,,,,,,,,,
247465,2006/07,2007-03-17,"Sabina Park, Kingston",2,7.3,Ireland,Pakistan,NJ O'Brien,WTS Porterfield,Mohammad Sami,0,0,,,,,,,,,
247465,2006/07,2007-03-17,"Sabina Park, Kingston",2,7.4,Ireland,Pakistan,NJ O'Brien,WTS Porterfield,Mohammad Sami,0,0,,,,,,,,,
247465,2006/07,2007-03-17,"Sabina Park, Kingston",2,7.5,Ireland,Pakistan,NJ O'Brien,WTS Porterfield,Mohammad Sami,0,0,,,,,,,,,
247465,2006/07,2007-03-17,"Sabina Park, Kingston",2,7.6,Ireland,Pakistan,NJ O'Brien,WTS Porterfield,Mohammad Sami,3,0,,,,,,,,,
247465,2006/07,2007-03-17,"Sabina Park, Kingston",2,8.1,Ireland,Pakistan,NJ O'Brien,WTS Porterfield,Umar Gul,0,0,,,,,,,,,
247465,2006/07,2007-03-17,"Sabina Park, Kingston",2,8.2,Ireland,Pakistan,NJ O'Brien,WTS Porterfield,Umar Gul,0,0,,,,,,,,,
247465,2006/07,2007-03-17,"Sabina Park, Kingston",2,8.3,Ireland,Pakistan,NJ O'Brien,WTS Porterfield,Umar Gul,0,0,,,,,,,,,
247465,2006/07,2007-03-17,"Sabina Park, Kingston",2,8.4,Ireland,Pakistan,NJ O'Brien,WTS Porterfield,Umar Gul,4,0,,,,,,,,,
247465,2006/07,2007-03-17,"Sabina Park, Kingston",2,8.5,Ireland,Pakistan,NJ O'Brien,WTS Porterfield,Umar Gul,0,0,,,,,,,,,
247465,2006/07,2007-03-17,"Sabina Park, Kingston",2,8.6,Ireland,Pakistan,NJ O'Brien,WTS Porterfield,Umar Gul,1,0,,,,,,,,,
247465,2006/07,2007-03-17,"Sabina Park, Kingston",2,9.1,Ireland,Pakistan,NJ O'Brien,WTS Porterfield,Mohammad Sami,1,0,,,,,,,,,
247465,2006/07,2007-03-17,"Sabina Park, Kingston",2,9.2,Ireland,Pakistan,WTS Porterfield,NJ O'Brien,Mohammad Sami,0,0,,,,,,,,,
247465,2006/07,2007-03-17,"Sabina Park, Kingston",2,9.3,Ireland,Pakistan,WTS Porterfield,NJ O'Brien,Mohammad Sami,0,0,,,,,,,,,
247465,2006/07,2007-03-17,"Sabina Park, Kingston",2,9.4,Ireland,Pakistan,WTS Porterfield,NJ O'Brien,Mohammad Sami,0,0,,,,,,,,,
247465,2006/07,2007-03-17,"Sabina Park, Kingston",2,9.5,Ireland,Pakistan,WTS Porterfield,NJ O'Brien,Mohammad Sami,0,0,,,,,,,,,
247465,2006/07,2007-03-17,"Sabina Park, Kingston",2,9.6,Ireland,Pakistan,WTS Porterfield,NJ O'Brien,Mohammad Sami,0,0,,,,,,,,,
247465,2006/07,2007-03-17,"Sabina Park, Kingston",2,10.1,Ireland,Pakistan,NJ O'Brien,WTS Porterfield,Iftikhar Anjum,0,1,1,,,,,,,,
247465,2006/07,2007-03-17,"Sabina Park, Kingston",2,10.2,Ireland,Pakistan,NJ O'Brien,WTS Porterfield,Iftikhar Anjum,0,0,,,,,,,,,
247465,2006/07,2007-03-17,"Sabina Park, Kingston",2,10.3,Ireland,Pakistan,NJ O'Brien,WTS Porterfield,Iftikhar Anjum,0,0,,,,,,,,,
247465,2006/07,2007-03-17,"Sabina Park, Kingston",2,10.4,Ireland,Pakistan,NJ O'Brien,WTS Porterfield,Iftikhar Anjum,0,0,,,,,,,,,
247465,2006/07,2007-03-17,"Sabina Park, Kingston",2,10.5,Ireland,Pakistan,NJ O'Brien,WTS Porterfield,Iftikhar Anjum,0,0,,,,,,,,,
247465,2006/07,2007-03-17,"Sabina Park, Kingston",2,10.6,Ireland,Pakistan,NJ O'Brien,WTS Porterfield,Iftikhar Anjum,1,0,,,,,,,,,
247465,2006/07,2007-03-17,"Sabina Park, Kingston",2,10.7,Ireland,Pakistan,WTS Porterfield,NJ O'Brien,Iftikhar Anjum,0,0,,,,,,,,,
247465,2006/07,2007-03-17,"Sabina Park, Kingston",2,11.1,Ireland,Pakistan,NJ O'Brien,WTS Porterfield,Mohammad Sami,0,0,,,,,,,,,
247465,2006/07,2007-03-17,"Sabina Park, Kingston",2,11.2,Ireland,Pakistan,NJ O'Brien,WTS Porterfield,Mohammad Sami,0,1,1,,,,,,,,
247465,2006/07,2007-03-17,"Sabina Park, Kingston",2,11.3,Ireland,Pakistan,NJ O'Brien,WTS Porterfield,Mohammad Sami,1,0,,,,,,,,,
247465,2006/07,2007-03-17,"Sabina Park, Kingston",2,11.4,Ireland,Pakistan,WTS Porterfield,NJ O'Brien,Mohammad Sami,0,0,,,,,,,,,
247465,2006/07,2007-03-17,"Sabina Park, Kingston",2,11.5,Ireland,Pakistan,WTS Porterfield,NJ O'Brien,Mohammad Sami,0,0,,,,,,,,,
247465,2006/07,2007-03-17,"Sabina Park, Kingston",2,11.6,Ireland,Pakistan,WTS Porterfield,NJ O'Brien,Mohammad Sami,1,0,,,,,,,,,
247465,2006/07,2007-03-17,"Sabina Park, Kingston",2,11.7,Ireland,Pakistan,NJ O'Brien,WTS Porterfield,Mohammad Sami,1,0,,,,,,,,,
247465,2006/07,2007-03-17,"Sabina Park, Kingston",2,12.1,Ireland,Pakistan,NJ O'Brien,WTS Porterfield,Iftikhar Anjum,0,0,,,,,,,,,
247465,2006/07,2007-03-17,"Sabina Park, Kingston",2,12.2,Ireland,Pakistan,NJ O'Brien,WTS Porterfield,Iftikhar Anjum,0,0,,,,,,,,,
247465,2006/07,2007-03-17,"Sabina Park, Kingston",2,12.3,Ireland,Pakistan,NJ O'Brien,WTS Porterfield,Iftikhar Anjum,1,0,,,,,,,,,
247465,2006/07,2007-03-17,"Sabina Park, Kingston",2,12.4,Ireland,Pakistan,WTS Porterfield,NJ O'Brien,Iftikhar Anjum,0,1,1,,,,,,,,
247465,2006/07,2007-03-17,"Sabina Park, Kingston",2,12.5,Ireland,Pakistan,WTS Porterfield,NJ O'Brien,Iftikhar Anjum,0,0,,,,,,,,,
247465,2006/07,2007-03-17,"Sabina Park, Kingston",2,12.6,Ireland,Pakistan,WTS Porterfield,NJ O'Brien,Iftikhar Anjum,0,0,,,,,,,,,
247465,2006/07,2007-03-17,"Sabina Park, Kingston",2,12.7,Ireland,Pakistan,WTS Porterfield,NJ O'Brien,Iftikhar Anjum,0,0,,,,,,,,,
247465,2006/07,2007-03-17,"Sabina Park, Kingston",2,13.1,Ireland,Pakistan,NJ O'Brien,WTS Porterfield,Azhar Mahmood,1,0,,,,,,,,,
247465,2006/07,2007-03-17,"Sabina Park, Kingston",2,13.2,Ireland,Pakistan,WTS Porterfield,NJ O'Brien,Azhar Mahmood,0,0,,,,,,,,,
247465,2006/07,2007-03-17,"Sabina Park, Kingston",2,13.3,Ireland,Pakistan,WTS Porterfield,NJ O'Brien,Azhar Mahmood,0,0,,,,,,,,,
247465,2006/07,2007-03-17,"Sabina Park, Kingston",2,13.4,Ireland,Pakistan,WTS Porterfield,NJ O'Brien,Azhar Mahmood,0,0,,,,,,,,,
247465,2006/07,2007-03-17,"Sabina Park, Kingston",2,13.5,Ireland,Pakistan,WTS Porterfield,NJ O'Brien,Azhar Mahmood,0,0,,,,,,,,,
247465,2006/07,2007-03-17,"Sabina Park, Kingston",2,13.6,Ireland,Pakistan,WTS Porterfield,NJ O'Brien,Azhar Mahmood,0,0,,,,,,,,,
247465,2006/07,2007-03-17,"Sabina Park, Kingston",2,14.1,Ireland,Pakistan,NJ O'Brien,WTS Porterfield,Iftikhar Anjum,0,0,,,,,,,,,
247465,2006/07,2007-03-17,"Sabina Park, Kingston",2,14.2,Ireland,Pakistan,NJ O'Brien,WTS Porterfield,Iftikhar Anjum,2,0,,,,,,,,,
247465,2006/07,2007-03-17,"Sabina Park, Kingston",2,14.3,Ireland,Pakistan,NJ O'Brien,WTS Porterfield,Iftikhar Anjum,1,0,,,,,,,,,
247465,2006/07,2007-03-17,"Sabina Park, Kingston",2,14.4,Ireland,Pakistan,WTS Porterfield,NJ O'Brien,Iftikhar Anjum,0,0,,,,,,,,,
247465,2006/07,2007-03-17,"Sabina Park, Kingston",2,14.5,Ireland,Pakistan,WTS Porterfield,NJ O'Brien,Iftikhar Anjum,0,0,,,,,,,,,
247465,2006/07,2007-03-17,"Sabina Park, Kingston",2,14.6,Ireland,Pakistan,WTS Porterfield,NJ O'Brien,Iftikhar Anjum,0,0,,,,,,,,,
247465,2006/07,2007-03-17,"Sabina Park, Kingston",2,15.1,Ireland,Pakistan,NJ O'Brien,WTS Porterfield,Azhar Mahmood,0,0,,,,,,,,,
247465,2006/07,2007-03-17,"Sabina Park, Kingston",2,15.2,Ireland,Pakistan,NJ O'Brien,WTS Porterfield,Azhar Mahmood,0,0,,,,,,,,,
247465,2006/07,2007-03-17,"Sabina Park, Kingston",2,15.3,Ireland,Pakistan,NJ O'Brien,WTS Porterfield,Azhar Mahmood,0,1,,,,1,,,,,
247465,2006/07,2007-03-17,"Sabina Park, Kingston",2,15.4,Ireland,Pakistan,WTS Porterfield,NJ O'Brien,Azhar Mahmood,0,0,,,,,,,,,
247465,2006/07,2007-03-17,"Sabina Park, Kingston",2,15.5,Ireland,Pakistan,WTS Porterfield,NJ O'Brien,Azhar Mahmood,0,0,,,,,,,,,
247465,2006/07,2007-03-17,"Sabina Park, Kingston",2,15.6,Ireland,Pakistan,WTS Porterfield,NJ O'Brien,Azhar Mahmood,0,0,,,,,,,,,
247465,2006/07,2007-03-17,"Sabina Park, Kingston",2,16.1,Ireland,Pakistan,NJ O'Brien,WTS Porterfield,Iftikhar Anjum,0,0,,,,,,,,,
247465,2006/07,2007-03-17,"Sabina Park, Kingston",2,16.2,Ireland,Pakistan,NJ O'Brien,WTS Porterfield,Iftikhar Anjum,1,0,,,,,,,,,
247465,2006/07,2007-03-17,"Sabina Park, Kingston",2,16.3,Ireland,Pakistan,WTS Porterfield,NJ O'Brien,Iftikhar Anjum,0,0,,,,,,,,,
247465,2006/07,2007-03-17,"Sabina Park, Kingston",2,16.4,Ireland,Pakistan,WTS Porterfield,NJ O'Brien,Iftikhar Anjum,1,0,,,,,,,,,
247465,2006/07,2007-03-17,"Sabina Park, Kingston",2,16.5,Ireland,Pakistan,NJ O'Brien,WTS Porterfield,Iftikhar Anjum,0,0,,,,,,,,,
247465,2006/07,2007-03-17,"Sabina Park, Kingston",2,16.6,Ireland,Pakistan,NJ O'Brien,WTS Porterfield,Iftikhar Anjum,0,0,,,,,,,,,
247465,2006/07,2007-03-17,"Sabina Park, Kingston",2,17.1,Ireland,Pakistan,WTS Porterfield,NJ O'Brien,Azhar Mahmood,0,0,,,,,,,,,
247465,2006/07,2007-03-17,"Sabina Park, Kingston",2,17.2,Ireland,Pakistan,WTS Porterfield,NJ O'Brien,Azhar Mahmood,0,0,,,,,,,,,
247465,2006/07,2007-03-17,"Sabina Park, Kingston",2,17.3,Ireland,Pakistan,WTS Porterfield,NJ O'Brien,Azhar Mahmood,0,0,,,,,,,,,
247465,2006/07,2007-03-17,"Sabina Park, Kingston",2,17.4,Ireland,Pakistan,WTS Porterfield,NJ O'Brien,Azhar Mahmood,0,0,,,,,,,,,
247465,2006/07,2007-03-17,"Sabina Park, Kingston",2,17.5,Ireland,Pakistan,WTS Porterfield,NJ O'Brien,Azhar Mahmood,1,0,,,,,,,,,
247465,2006/07,2007-03-17,"Sabina Park, Kingston",2,17.6,Ireland,Pakistan,NJ O'Brien,WTS Porterfield,Azhar Mahmood,1,0,,,,,,,,,
247465,2006/07,2007-03-17,"Sabina Park, Kingston",2,18.1,Ireland,Pakistan,NJ O'Brien,WTS Porterfield,Mohammad Hafeez,2,0,,,,,,,,,
247465,2006/07,2007-03-17,"Sabina Park, Kingston",2,18.2,Ireland,Pakistan,NJ O'Brien,WTS Porterfield,Mohammad Hafeez,0,0,,,,,,,,,
247465,2006/07,2007-03-17,"Sabina Park, Kingston",2,18.3,Ireland,Pakistan,NJ O'Brien,WTS Porterfield,Mohammad Hafeez,4,0,,,,,,,,,
247465,2006/07,2007-03-17,"Sabina Park, Kingston",2,18.4,Ireland,Pakistan,NJ O'Brien,WTS Porterfield,Mohammad Hafeez,0,0,,,,,,,,,
247465,2006/07,2007-03-17,"Sabina Park, Kingston",2,18.5,Ireland,Pakistan,NJ O'Brien,WTS Porterfield,Mohammad Hafeez,0,0,,,,,,,,,
247465,2006/07,2007-03-17,"Sabina Park, Kingston",2,18.6,Ireland,Pakistan,NJ O'Brien,WTS Porterfield,Mohammad Hafeez,0,0,,,,,,,,,
247465,2006/07,2007-03-17,"Sabina Park, Kingston",2,19.1,Ireland,Pakistan,WTS Porterfield,NJ O'Brien,Azhar Mahmood,0,0,,,,,,,,,
247465,2006/07,2007-03-17,"Sabina Park, Kingston",2,19.2,Ireland,Pakistan,WTS Porterfield,NJ O'Brien,Azhar Mahmood,1,0,,,,,,,,,
247465,2006/07,2007-03-17,"Sabina Park, Kingston",2,19.3,Ireland,Pakistan,NJ O'Brien,WTS Porterfield,Azhar Mahmood,0,0,,,,,,,,,
247465,2006/07,2007-03-17,"Sabina Park, Kingston",2,19.4,Ireland,Pakistan,NJ O'Brien,WTS Porterfield,Azhar Mahmood,0,0,,,,,,,,,
247465,2006/07,2007-03-17,"Sabina Park, Kingston",2,19.5,Ireland,Pakistan,NJ O'Brien,WTS Porterfield,Azhar Mahmood,1,0,,,,,,,,,
247465,2006/07,2007-03-17,"Sabina Park, Kingston",2,19.6,Ireland,Pakistan,WTS Porterfield,NJ O'Brien,Azhar Mahmood,0,0,,,,,,,,,
247465,2006/07,2007-03-17,"Sabina Park, Kingston",2,20.1,Ireland,Pakistan,NJ O'Brien,WTS Porterfield,Mohammad Hafeez,4,0,,,,,,,,,
247465,2006/07,2007-03-17,"Sabina Park, Kingston",2,20.2,Ireland,Pakistan,NJ O'Brien,WTS Porterfield,Mohammad Hafeez,0,0,,,,,,,,,
247465,2006/07,2007-03-17,"Sabina Park, Kingston",2,20.3,Ireland,Pakistan,NJ O'Brien,WTS Porterfield,Mohammad Hafeez,0,0,,,,,,,,,
247465,2006/07,2007-03-17,"Sabina Park, Kingston",2,20.4,Ireland,Pakistan,NJ O'Brien,WTS Porterfield,Mohammad Hafeez,0,0,,,,,,,,,
247465,2006/07,2007-03-17,"Sabina Park, Kingston",2,20.5,Ireland,Pakistan,NJ O'Brien,WTS Porterfield,Mohammad Hafeez,1,0,,,,,,,,,
247465,2006/07,2007-03-17,"Sabina Park, Kingston",2,20.6,Ireland,Pakistan,WTS Porterfield,NJ O'Brien,Mohammad Hafeez,0,0,,,,,,bowled,WTS Porterfield,,
247465,2006/07,2007-03-17,"Sabina Park, Kingston",2,21.1,Ireland,Pakistan,NJ O'Brien,AC Botha,Azhar Mahmood,2,0,,,,,,,,,
247465,2006/07,2007-03-17,"Sabina Park, Kingston",2,21.2,Ireland,Pakistan,NJ O'Brien,AC Botha,Azhar Mahmood,0,1,1,,,,,,,,
247465,2006/07,2007-03-17,"Sabina Park, Kingston",2,21.3,Ireland,Pakistan,NJ O'Brien,AC Botha,Azhar Mahmood,0,0,,,,,,,,,
247465,2006/07,2007-03-17,"Sabina Park, Kingston",2,21.4,Ireland,Pakistan,NJ O'Brien,AC Botha,Azhar Mahmood,1,0,,,,,,,,,
247465,2006/07,2007-03-17,"Sabina Park, Kingston",2,21.5,Ireland,Pakistan,AC Botha,NJ O'Brien,Azhar Mahmood,0,0,,,,,,,,,
247465,2006/07,2007-03-17,"Sabina Park, Kingston",2,21.6,Ireland,Pakistan,AC Botha,NJ O'Brien,Azhar Mahmood,0,0,,,,,,,,,
247465,2006/07,2007-03-17,"Sabina Park, Kingston",2,21.7,Ireland,Pakistan,AC Botha,NJ O'Brien,Azhar Mahmood,0,0,,,,,,,,,
247465,2006/07,2007-03-17,"Sabina Park, Kingston",2,22.1,Ireland,Pakistan,NJ O'Brien,AC Botha,Mohammad Hafeez,0,0,,,,,,,,,
247465,2006/07,2007-03-17,"Sabina Park, Kingston",2,22.2,Ireland,Pakistan,NJ O'Brien,AC Botha,Mohammad Hafeez,2,0,,,,,,,,,
247465,2006/07,2007-03-17,"Sabina Park, Kingston",2,22.3,Ireland,Pakistan,NJ O'Brien,AC Botha,Mohammad Hafeez,0,0,,,,,,,,,
247465,2006/07,2007-03-17,"Sabina Park, Kingston",2,22.4,Ireland,Pakistan,NJ O'Brien,AC Botha,Mohammad Hafeez,1,0,,,,,,,,,
247465,2006/07,2007-03-17,"Sabina Park, Kingston",2,22.5,Ireland,Pakistan,AC Botha,NJ O'Brien,Mohammad Hafeez,0,0,,,,,,,,,
247465,2006/07,2007-03-17,"Sabina Park, Kingston",2,22.6,Ireland,Pakistan,AC Botha,NJ O'Brien,Mohammad Hafeez,0,0,,,,,,,,,
247465,2006/07,2007-03-17,"Sabina Park, Kingston",2,23.1,Ireland,Pakistan,NJ O'Brien,AC Botha,Mohammad Sami,0,0,,,,,,,,,
247465,2006/07,2007-03-17,"Sabina Park, Kingston",2,23.2,Ireland,Pakistan,NJ O'Brien,AC Botha,Mohammad Sami,0,0,,,,,,,,,
247465,2006/07,2007-03-17,"Sabina Park, Kingston",2,23.3,Ireland,Pakistan,NJ O'Brien,AC Botha,Mohammad Sami,0,0,,,,,,,,,
247465,2006/07,2007-03-17,"Sabina Park, Kingston",2,23.4,Ireland,Pakistan,NJ O'Brien,AC Botha,Mohammad Sami,0,0,,,,,,,,,
247465,2006/07,2007-03-17,"Sabina Park, Kingston",2,23.5,Ireland,Pakistan,NJ O'Brien,AC Botha,Mohammad Sami,1,0,,,,,,,,,
247465,2006/07,2007-03-17,"Sabina Park, Kingston",2,23.6,Ireland,Pakistan,AC Botha,NJ O'Brien,Mohammad Sami,0,0,,,,,,caught,AC Botha,,
247465,2006/07,2007-03-17,"Sabina Park, Kingston",2,24.1,Ireland,Pakistan,NJ O'Brien,KJ O'Brien,Umar Gul,1,0,,,,,,,,,
247465,2006/07,2007-03-17,"Sabina Park, Kingston",2,24.2,Ireland,Pakistan,KJ O'Brien,NJ O'Brien,Umar Gul,0,0,,,,,,,,,
247465,2006/07,2007-03-17,"Sabina Park, Kingston",2,24.3,Ireland,Pakistan,KJ O'Brien,NJ O'Brien,Umar Gul,0,0,,,,,,,,,
247465,2006/07,2007-03-17,"Sabina Park, Kingston",2,24.4,Ireland,Pakistan,KJ O'Brien,NJ O'Brien,Umar Gul,0,1,1,,,,,,,,
247465,2006/07,2007-03-17,"Sabina Park, Kingston",2,24.5,Ireland,Pakistan,KJ O'Brien,NJ O'Brien,Umar Gul,0,0,,,,,,,,,
247465,2006/07,2007-03-17,"Sabina Park, Kingston",2,24.6,Ireland,Pakistan,KJ O'Brien,NJ O'Brien,Umar Gul,0,0,,,,,,,,,
247465,2006/07,2007-03-17,"Sabina Park, Kingston",2,24.7,Ireland,Pakistan,KJ O'Brien,NJ O'Brien,Umar Gul,0,0,,,,,,,,,
247465,2006/07,2007-03-17,"Sabina Park, Kingston",2,25.1,Ireland,Pakistan,NJ O'Brien,KJ O'Brien,Mohammad Sami,2,0,,,,,,,,,
247465,2006/07,2007-03-17,"Sabina Park, Kingston",2,25.2,Ireland,Pakistan,NJ O'Brien,KJ O'Brien,Mohammad Sami,0,0,,,,,,,,,
247465,2006/07,2007-03-17,"Sabina Park, Kingston",2,25.3,Ireland,Pakistan,NJ O'Brien,KJ O'Brien,Mohammad Sami,1,0,,,,,,,,,
247465,2006/07,2007-03-17,"Sabina Park, Kingston",2,25.4,Ireland,Pakistan,KJ O'Brien,NJ O'Brien,Mohammad Sami,0,0,,,,,,,,,
247465,2006/07,2007-03-17,"Sabina Park, Kingston",2,25.5,Ireland,Pakistan,KJ O'Brien,NJ O'Brien,Mohammad Sami,0,0,,,,,,,,,
247465,2006/07,2007-03-17,"Sabina Park, Kingston",2,25.6,Ireland,Pakistan,KJ O'Brien,NJ O'Brien,Mohammad Sami,0,0,,,,,,,,,
247465,2006/07,2007-03-17,"Sabina Park, Kingston",2,26.1,Ireland,Pakistan,NJ O'Brien,KJ O'Brien,Umar Gul,0,0,,,,,,,,,
247465,2006/07,2007-03-17,"Sabina Park, Kingston",2,26.2,Ireland,Pakistan,NJ O'Brien,KJ O'Brien,Umar Gul,0,0,,,,,,,,,
247465,2006/07,2007-03-17,"Sabina Park, Kingston",2,26.3,Ireland,Pakistan,NJ O'Brien,KJ O'Brien,Umar Gul,0,0,,,,,,,,,
247465,2006/07,2007-03-17,"Sabina Park, Kingston",2,26.4,Ireland,Pakistan,NJ O'Brien,KJ O'Brien,Umar Gul,0,0,,,,,,,,,
247465,2006/07,2007-03-17,"Sabina Park, Kingston",2,26.5,Ireland,Pakistan,NJ O'Brien,KJ O'Brien,Umar Gul,4,0,,,,,,,,,
247465,2006/07,2007-03-17,"Sabina Park, Kingston",2,26.6,Ireland,Pakistan,NJ O'Brien,KJ O'Brien,Umar Gul,0,1,1,,,,,,,,
247465,2006/07,2007-03-17,"Sabina Park, Kingston",2,26.7,Ireland,Pakistan,NJ O'Brien,KJ O'Brien,Umar Gul,0,0,,,,,,,,,
247465,2006/07,2007-03-17,"Sabina Park, Kingston",2,27.1,Ireland,Pakistan,KJ O'Brien,NJ O'Brien,Mohammad Sami,0,1,1,,,,,,,,
247465,2006/07,2007-03-17,"Sabina Park, Kingston",2,27.2,Ireland,Pakistan,KJ O'Brien,NJ O'Brien,Mohammad Sami,0,0,,,,,,,,,
247465,2006/07,2007-03-17,"Sabina Park, Kingston",2,27.3,Ireland,Pakistan,KJ O'Brien,NJ O'Brien,Mohammad Sami,0,0,,,,,,,,,
247465,2006/07,2007-03-17,"Sabina Park, Kingston",2,27.4,Ireland,Pakistan,KJ O'Brien,NJ O'Brien,Mohammad Sami,0,0,,,,,,,,,
247465,2006/07,2007-03-17,"Sabina Park, Kingston",2,27.5,Ireland,Pakistan,KJ O'Brien,NJ O'Brien,Mohammad Sami,0,0,,,,,,,,,
247465,2006/07,2007-03-17,"Sabina Park, Kingston",2,27.6,Ireland,Pakistan,KJ O'Brien,NJ O'Brien,Mohammad Sami,0,0,,,,,,,,,
247465,2006/07,2007-03-17,"Sabina Park, Kingston",2,27.7,Ireland,Pakistan,KJ O'Brien,NJ O'Brien,Mohammad Sami,0,0,,,,,,,,,
247465,2006/07,2007-03-17,"Sabina Park, Kingston",2,28.1,Ireland,Pakistan,NJ O'Brien,KJ O'Brien,Iftikhar Anjum,0,0,,,,,,,,,
247465,2006/07,2007-03-17,"Sabina Park, Kingston",2,28.2,Ireland,Pakistan,NJ O'Brien,KJ O'Brien,Iftikhar Anjum,2,0,,,,,,,,,
247465,2006/07,2007-03-17,"Sabina Park, Kingston",2,28.3,Ireland,Pakistan,NJ O'Brien,KJ O'Brien,Iftikhar Anjum,0,0,,,,,,,,,
247465,2006/07,2007-03-17,"Sabina Park, Kingston",2,28.4,Ireland,Pakistan,NJ O'Brien,KJ O'Brien,Iftikhar Anjum,0,0,,,,,,,,,
247465,2006/07,2007-03-17,"Sabina Park, Kingston",2,28.5,Ireland,Pakistan,NJ O'Brien,KJ O'Brien,Iftikhar Anjum,0,0,,,,,,,,,
247465,2006/07,2007-03-17,"Sabina Park, Kingston",2,28.6,Ireland,Pakistan,NJ O'Brien,KJ O'Brien,Iftikhar Anjum,1,0,,,,,,,,,
247465,2006/07,2007-03-17,"Sabina Park, Kingston",2,29.1,Ireland,Pakistan,NJ O'Brien,KJ O'Brien,Azhar Mahmood,0,0,,,,,,,,,
247465,2006/07,2007-03-17,"Sabina Park, Kingston",2,29.2,Ireland,Pakistan,NJ O'Brien,KJ O'Brien,Azhar Mahmood,1,0,,,,,,,,,
247465,2006/07,2007-03-17,"Sabina Park, Kingston",2,29.3,Ireland,Pakistan,KJ O'Brien,NJ O'Brien,Azhar Mahmood,0,0,,,,,,,,,
247465,2006/07,2007-03-17,"Sabina Park, Kingston",2,29.4,Ireland,Pakistan,KJ O'Brien,NJ O'Brien,Azhar Mahmood,0,0,,,,,,,,,
247465,2006/07,2007-03-17,"Sabina Park, Kingston",2,29.5,Ireland,Pakistan,KJ O'Brien,NJ O'Brien,Azhar Mahmood,1,0,,,,,,,,,
247465,2006/07,2007-03-17,"Sabina Park, Kingston",2,29.6,Ireland,Pakistan,NJ O'Brien,KJ O'Brien,Azhar Mahmood,0,0,,,,,,,,,
247465,2006/07,2007-03-17,"Sabina Park, Kingston",2,30.1,Ireland,Pakistan,KJ O'Brien,NJ O'Brien,Iftikhar Anjum,1,0,,,,,,,,,
247465,2006/07,2007-03-17,"Sabina Park, Kingston",2,30.2,Ireland,Pakistan,NJ O'Brien,KJ O'Brien,Iftikhar Anjum,0,0,,,,,,,,,
247465,2006/07,2007-03-17,"Sabina Park, Kingston",2,30.3,Ireland,Pakistan,NJ O'Brien,KJ O'Brien,Iftikhar Anjum,4,0,,,,,,,,,
247465,2006/07,2007-03-17,"Sabina Park, Kingston",2,30.4,Ireland,Pakistan,NJ O'Brien,KJ O'Brien,Iftikhar Anjum,0,0,,,,,,,,,
247465,2006/07,2007-03-17,"Sabina Park, Kingston",2,30.5,Ireland,Pakistan,NJ O'Brien,KJ O'Brien,Iftikhar Anjum,0,0,,,,,,,,,
247465,2006/07,2007-03-17,"Sabina Park, Kingston",2,30.6,Ireland,Pakistan,NJ O'Brien,KJ O'Brien,Iftikhar Anjum,0,0,,,,,,,,,
247465,2006/07,2007-03-17,"Sabina Park, Kingston",2,31.1,Ireland,Pakistan,KJ O'Brien,NJ O'Brien,Azhar Mahmood,1,0,,,,,,,,,
247465,2006/07,2007-03-17,"Sabina Park, Kingston",2,31.2,Ireland,Pakistan,NJ O'Brien,KJ O'Brien,Azhar Mahmood,0,0,,,,,,,,,
247465,2006/07,2007-03-17,"Sabina Park, Kingston",2,31.3,Ireland,Pakistan,NJ O'Brien,KJ O'Brien,Azhar Mahmood,0,1,1,,,,,,,,
247465,2006/07,2007-03-17,"Sabina Park, Kingston",2,31.4,Ireland,Pakistan,NJ O'Brien,KJ O'Brien,Azhar Mahmood,1,0,,,,,,,,,
247465,2006/07,2007-03-17,"Sabina Park, Kingston",2,31.5,Ireland,Pakistan,KJ O'Brien,NJ O'Brien,Azhar Mahmood,4,0,,,,,,,,,
247465,2006/07,2007-03-17,"Sabina Park, Kingston",2,31.6,Ireland,Pakistan,KJ O'Brien,NJ O'Brien,Azhar Mahmood,0,0,,,,,,,,,
247465,2006/07,2007-03-17,"Sabina Park, Kingston",2,31.7,Ireland,Pakistan,KJ O'Brien,NJ O'Brien,Azhar Mahmood,0,0,,,,,,,,,
247465,2006/07,2007-03-17,"Sabina Park, Kingston",2,32.1,Ireland,Pakistan,NJ O'Brien,KJ O'Brien,Iftikhar Anjum,0,0,,,,,,,,,
247465,2006/07,2007-03-17,"Sabina Park, Kingston",2,32.2,Ireland,Pakistan,NJ O'Brien,KJ O'Brien,Iftikhar Anjum,0,0,,,,,,,,,
247465,2006/07,2007-03-17,"Sabina Park, Kingston",2,32.3,Ireland,Pakistan,NJ O'Brien,KJ O'Brien,Iftikhar Anjum,0,0,,,,,,,,,
247465,2006/07,2007-03-17,"Sabina Park, Kingston",2,32.4,Ireland,Pakistan,NJ O'Brien,KJ O'Brien,Iftikhar Anjum,1,0,,,,,,,,,
247465,2006/07,2007-03-17,"Sabina Park, Kingston",2,32.5,Ireland,Pakistan,KJ O'Brien,NJ O'Brien,Iftikhar Anjum,0,0,,,,,,,,,
247465,2006/07,2007-03-17,"Sabina Park, Kingston",2,32.6,Ireland,Pakistan,KJ O'Brien,NJ O'Brien,Iftikhar Anjum,0,0,,,,,,,,,
247465,2006/07,2007-03-17,"Sabina Park, Kingston",2,33.1,Ireland,Pakistan,NJ O'Brien,KJ O'Brien,Shoaib Malik,0,0,,,,,,,,,
247465,2006/07,2007-03-17,"Sabina Park, Kingston",2,33.2,Ireland,Pakistan,NJ O'Brien,KJ O'Brien,Shoaib Malik,2,0,,,,,,,,,
247465,2006/07,2007-03-17,"Sabina Park, Kingston",2,33.3,Ireland,Pakistan,NJ O'Brien,KJ O'Brien,Shoaib Malik,0,0,,,,,,,,,
247465,2006/07,2007-03-17,"Sabina Park, Kingston",2,33.4,Ireland,Pakistan,NJ O'Brien,KJ O'Brien,Shoaib Malik,0,1,,1,,,,,,,
247465,2006/07,2007-03-17,"Sabina Park, Kingston",2,33.5,Ireland,Pakistan,NJ O'Brien,KJ O'Brien,Shoaib Malik,0,0,,,,,,,,,
247465,2006/07,2007-03-17,"Sabina Park, Kingston",2,33.6,Ireland,Pakistan,NJ O'Brien,KJ O'Brien,Shoaib Malik,6,0,,,,,,,,,
247465,2006/07,2007-03-17,"Sabina Park, Kingston",2,33.7,Ireland,Pakistan,NJ O'Brien,KJ O'Brien,Shoaib Malik,0,0,,,,,,stumped,NJ O'Brien,,
247465,2006/07,2007-03-17,"Sabina Park, Kingston",2,34.1,Ireland,Pakistan,KJ O'Brien,AR White,Iftikhar Anjum,0,0,,,,,,,,,
247465,2006/07,2007-03-17,"Sabina Park, Kingston",2,34.2,Ireland,Pakistan,KJ O'Brien,AR White,Iftikhar Anjum,1,0,,,,,,,,,
247465,2006/07,2007-03-17,"Sabina Park, Kingston",2,34.3,Ireland,Pakistan,AR White,KJ O'Brien,Iftikhar Anjum,4,0,,,,,,,,,
247465,2006/07,2007-03-17,"Sabina Park, Kingston",2,34.4,Ireland,Pakistan,AR White,KJ O'Brien,Iftikhar Anjum,0,0,,,,,,,,,
247465,2006/07,2007-03-17,"Sabina Park, Kingston",2,34.5,Ireland,Pakistan,AR White,KJ O'Brien,Iftikhar Anjum,0,0,,,,,,caught,AR White,,
247465,2006/07,2007-03-17,"Sabina Park, Kingston",2,34.6,Ireland,Pakistan,WK McCallan,KJ O'Brien,Iftikhar Anjum,0,0,,,,,,caught,WK McCallan,,
247465,2006/07,2007-03-17,"Sabina Park, Kingston",2,35.1,Ireland,Pakistan,KJ O'Brien,DT Johnston,Mohammad Sami,0,0,,,,,,,,,
247465,2006/07,2007-03-17,"Sabina Park, Kingston",2,35.2,Ireland,Pakistan,KJ O'Brien,DT Johnston,Mohammad Sami,0,0,,,,,,,,,
247465,2006/07,2007-03-17,"Sabina Park, Kingston",2,35.3,Ireland,Pakistan,KJ O'Brien,DT Johnston,Mohammad Sami,0,1,1,,,,,,,,
247465,2006/07,2007-03-17,"Sabina Park, Kingston",2,35.4,Ireland,Pakistan,KJ O'Brien,DT Johnston,Mohammad Sami,0,0,,,,,,,,,
247465,2006/07,2007-03-17,"Sabina Park, Kingston",2,35.5,Ireland,Pakistan,KJ O'Brien,DT Johnston,Mohammad Sami,0,0,,,,,,,,,
247465,2006/07,2007-03-17,"Sabina Park, Kingston",2,35.6,Ireland,Pakistan,KJ O'Brien,DT Johnston,Mohammad Sami,0,0,,,,,,,,,
247465,2006/07,2007-03-17,"Sabina Park, Kingston",2,35.7,Ireland,Pakistan,KJ O'Brien,DT Johnston,Mohammad Sami,1,0,,,,,,,,,
247465,2006/07,2007-03-17,"Sabina Park, Kingston",2,36.1,Ireland,Pakistan,KJ O'Brien,DT Johnston,Iftikhar Anjum,0,1,1,,,,,,,,
247465,2006/07,2007-03-17,"Sabina Park, Kingston",2,36.2,Ireland,Pakistan,KJ O'Brien,DT Johnston,Iftikhar Anjum,0,0,,,,,,,,,
247465,2006/07,2007-03-17,"Sabina Park, Kingston",2,36.3,Ireland,Pakistan,KJ O'Brien,DT Johnston,Iftikhar Anjum,0,0,,,,,,,,,
247465,2006/07,2007-03-17,"Sabina Park, Kingston",2,36.4,Ireland,Pakistan,KJ O'Brien,DT Johnston,Iftikhar Anjum,0,0,,,,,,,,,
247465,2006/07,2007-03-17,"Sabina Park, Kingston",2,36.5,Ireland,Pakistan,KJ O'Brien,DT Johnston,Iftikhar Anjum,0,0,,,,,,,,,
247465,2006/07,2007-03-17,"Sabina Park, Kingston",2,36.6,Ireland,Pakistan,KJ O'Brien,DT Johnston,Iftikhar Anjum,0,0,,,,,,,,,
247465,2006/07,2007-03-17,"Sabina Park, Kingston",2,36.7,Ireland,Pakistan,KJ O'Brien,DT Johnston,Iftikhar Anjum,0,0,,,,,,,,,
247465,2006/07,2007-03-17,"Sabina Park, Kingston",2,37.1,Ireland,Pakistan,DT Johnston,KJ O'Brien,Umar Gul,0,0,,,,,,,,,
247465,2006/07,2007-03-17,"Sabina Park, Kingston",2,37.2,Ireland,Pakistan,DT Johnston,KJ O'Brien,Umar Gul,0,0,,,,,,,,,
247465,2006/07,2007-03-17,"Sabina Park, Kingston",2,37.3,Ireland,Pakistan,DT Johnston,KJ O'Brien,Umar Gul,0,0,,,,,,,,,
247465,2006/07,2007-03-17,"Sabina Park, Kingston",2,37.4,Ireland,Pakistan,DT Johnston,KJ O'Brien,Umar Gul,1,0,,,,,,,,,
247465,2006/07,2007-03-17,"Sabina Park, Kingston",2,37.5,Ireland,Pakistan,KJ O'Brien,DT Johnston,Umar Gul,0,0,,,,,,,,,
247465,2006/07,2007-03-17,"Sabina Park, Kingston",2,37.6,Ireland,Pakistan,KJ O'Brien,DT Johnston,Umar Gul,0,0,,,,,,,,,
247465,2006/07,2007-03-17,"Sabina Park, Kingston",2,38.1,Ireland,Pakistan,DT Johnston,KJ O'Brien,Iftikhar Anjum,0,0,,,,,,,,,
247465,2006/07,2007-03-17,"Sabina Park, Kingston",2,38.2,Ireland,Pakistan,DT Johnston,KJ O'Brien,Iftikhar Anjum,0,0,,,,,,,,,
247465,2006/07,2007-03-17,"Sabina Park, Kingston",2,38.3,Ireland,Pakistan,DT Johnston,KJ O'Brien,Iftikhar Anjum,0,0,,,,,,,,,
247465,2006/07,2007-03-17,"Sabina Park, Kingston",2,38.4,Ireland,Pakistan,DT Johnston,KJ O'Brien,Iftikhar Anjum,1,0,,,,,,,,,
247465,2006/07,2007-03-17,"Sabina Park, Kingston",2,38.5,Ireland,Pakistan,KJ O'Brien,DT Johnston,Iftikhar Anjum,0,0,,,,,,,,,
247465,2006/07,2007-03-17,"Sabina Park, Kingston",2,38.6,Ireland,Pakistan,KJ O'Brien,DT Johnston,Iftikhar Anjum,4,0,,,,,,,,,
247465,2006/07,2007-03-17,"Sabina Park, Kingston",2,39.1,Ireland,Pakistan,DT Johnston,KJ O'Brien,Umar Gul,0,1,1,,,,,,,,
247465,2006/07,2007-03-17,"Sabina Park, Kingston",2,39.2,Ireland,Pakistan,DT Johnston,KJ O'Brien,Umar Gul,0,0,,,,,,,,,
247465,2006/07,2007-03-17,"Sabina Park, Kingston",2,39.3,Ireland,Pakistan,DT Johnston,KJ O'Brien,Umar Gul,0,0,,,,,,,,,
247465,2006/07,2007-03-17,"Sabina Park, Kingston",2,39.4,Ireland,Pakistan,DT Johnston,KJ O'Brien,Umar Gul,1,0,,,,,,,,,
247465,2006/07,2007-03-17,"Sabina Park, Kingston",2,39.5,Ireland,Pakistan,KJ O'Brien,DT Johnston,Umar Gul,0,0,,,,,,,,,
247465,2006/07,2007-03-17,"Sabina Park, Kingston",2,39.6,Ireland,Pakistan,KJ O'Brien,DT Johnston,Umar Gul,0,0,,,,,,,,,
247465,2006/07,2007-03-17,"Sabina Park, Kingston",2,39.7,Ireland,Pakistan,KJ O'Brien,DT Johnston,Umar Gul,1,0,,,,,,,,,
247465,2006/07,2007-03-17,"Sabina Park, Kingston",2,40.1,Ireland,Pakistan,KJ O'Brien,DT Johnston,Mohammad Hafeez,0,0,,,,,,,,,
247465,2006/07,2007-03-17,"Sabina Park, Kingston",2,40.2,Ireland,Pakistan,KJ O'Brien,DT Johnston,Mohammad Hafeez,0,0,,,,,,,,,
247465,2006/07,2007-03-17,"Sabina Park, Kingston",2,40.3,Ireland,Pakistan,KJ O'Brien,DT Johnston,Mohammad Hafeez,0,0,,,,,,,,,
247465,2006/07,2007-03-17,"Sabina Park, Kingston",2,40.4,Ireland,Pakistan,KJ O'Brien,DT Johnston,Mohammad Hafeez,0,0,,,,,,,,,
247465,2006/07,2007-03-17,"Sabina Park, Kingston",2,40.5,Ireland,Pakistan,KJ O'Brien,DT Johnston,Mohammad Hafeez,1,0,,,,,,,,,
247465,2006/07,2007-03-17,"Sabina Park, Kingston",2,40.6,Ireland,Pakistan,DT Johnston,KJ O'Brien,Mohammad Hafeez,0,0,,,,,,,,,
247465,2006/07,2007-03-17,"Sabina Park, Kingston",2,41.1,Ireland,Pakistan,KJ O'Brien,DT Johnston,Azhar Mahmood,0,0,,,,,,,,,
247465,2006/07,2007-03-17,"Sabina Park, Kingston",2,41.2,Ireland,Pakistan,KJ O'Brien,DT Johnston,Azhar Mahmood,1,0,,,,,,,,,
247465,2006/07,2007-03-17,"Sabina Park, Kingston",2,41.3,Ireland,Pakistan,DT Johnston,KJ O'Brien,Azhar Mahmood,0,0,,,,,,,,,
247465,2006/07,2007-03-17,"Sabina Park, Kingston",2,41.4,Ireland,Pakistan,DT Johnston,KJ O'Brien,Azhar Mahmood,6,0,,,,,,,,,
