match_id,season,start_date,venue,innings,ball,batting_team,bowling_team,striker,non_striker,bowler,runs_off_bat,extras,wides,noballs,byes,legbyes,penalty,wicket_type,player_dismissed,other_wicket_type,other_player_dismissed
247486,2006/07,2007-04-01,Providence Stadium,1,0.1,Sri Lanka,West Indies,WU Tharanga,ST Jayasuriya,JE Taylor,0,0,,,,,,,,,
247486,2006/07,2007-04-01,Providence Stadium,1,0.2,Sri Lanka,West Indies,WU Tharanga,ST Jayasuriya,JE Taylor,1,0,,,,,,,,,
247486,2006/07,2007-04-01,Providence Stadium,1,0.3,Sri Lanka,West Indies,ST Jayasuriya,WU Tharanga,JE Taylor,0,0,,,,,,,,,
247486,2006/07,2007-04-01,Providence Stadium,1,0.4,Sri Lanka,West Indies,ST Jayasuriya,WU Tharanga,JE Taylor,0,1,1,,,,,,,,
247486,2006/07,2007-04-01,Providence Stadium,1,0.5,Sri Lanka,West Indies,ST Jayasuriya,WU Tharanga,JE Taylor,0,1,1,,,,,,,,
247486,2006/07,2007-04-01,Providence Stadium,1,0.6,Sri Lanka,West Indies,ST Jayasuriya,WU Tharanga,JE Taylor,1,0,,,,,,,,,
247486,2006/07,2007-04-01,Providence Stadium,1,0.7,Sri Lanka,West Indies,WU Tharanga,ST Jayasuriya,JE Taylor,0,0,,,,,,,,,
247486,2006/07,2007-04-01,Providence Stadium,1,0.8,Sri Lanka,West Indies,WU Tharanga,ST Jayasuriya,JE Taylor,0,0,,,,,,,,,
247486,2006/07,2007-04-01,Providence Stadium,1,1.1,Sri Lanka,West Indies,ST Jayasuriya,WU Tharanga,DBL Powell,0,1,1,,,,,,,,
247486,2006/07,2007-04-01,Providence Stadium,1,1.2,Sri Lanka,West Indies,ST Jayasuriya,WU Tharanga,DBL Powell,0,0,,,,,,,,,
247486,2006/07,2007-04-01,Providence Stadium,1,1.3,Sri Lanka,West Indies,ST Jayasuriya,WU Tharanga,DBL Powell,1,0,,,,,,,,,
247486,2006/07,2007-04-01,Providence Stadium,1,1.4,Sri Lanka,West Indies,WU Tharanga,ST Jayasuriya,DBL Powell,1,0,,,,,,,,,
247486,2006/07,2007-04-01,Providence Stadium,1,1.5,Sri Lanka,West Indies,ST Jayasuriya,WU Tharanga,DBL Powell,0,0,,,,,,,,,
247486,2006/07,2007-04-01,Providence Stadium,1,1.6,Sri Lanka,West Indies,ST Jayasuriya,WU Tharanga,DBL Powell,0,0,,,,,,,,,
247486,2006/07,2007-04-01,Providence Stadium,1,1.7,Sri Lanka,West Indies,ST Jayasuriya,WU Tharanga,DBL Powell,0,0,,,,,,,,,
247486,2006/07,2007-04-01,Providence Stadium,1,2.1,Sri Lanka,West Indies,WU Tharanga,ST Jayasuriya,JE Taylor,0,0,,,,,,,,,
247486,2006/07,2007-04-01,Providence Stadium,1,2.2,Sri Lanka,West Indies,WU Tharanga,ST Jayasuriya,JE Taylor,1,0,,,,,,,,,
247486,2006/07,2007-04-01,Providence Stadium,1,2.3,Sri Lanka,West Indies,ST Jayasuriya,WU Tharanga,JE Taylor,1,0,,,,,,,,,
247486,2006/07,2007-04-01,Providence Stadium,1,2.4,Sri Lanka,West Indies,WU Tharanga,ST Jayasuriya,JE Taylor,0,0,,,,,,,,,
247486,2006/07,2007-04-01,Providence Stadium,1,2.5,Sri Lanka,West Indies,WU Tharanga,ST Jayasuriya,JE Taylor,0,0,,,,,,,,,
247486,2006/07,2007-04-01,Providence Stadium,1,2.6,Sri Lanka,West Indies,WU Tharanga,ST Jayasuriya,JE Taylor,0,0,,,,,,,,,
247486,2006/07,2007-04-01,Providence Stadium,1,3.1,Sri Lanka,West Indies,ST Jayasuriya,WU Tharanga,DBL Powell,1,0,,,,,,,,,
247486,2006/07,2007-04-01,Providence Stadium,1,3.2,Sri Lanka,West Indies,WU Tharanga,ST Jayasuriya,DBL Powell,0,0,,,,,,,,,
247486,2006/07,2007-04-01,Providence Stadium,1,3.3,Sri Lanka,West Indies,WU Tharanga,ST Jayasuriya,DBL Powell,0,0,,,,,,,,,
247486,2006/07,2007-04-01,Providence Stadium,1,3.4,Sri Lanka,West Indies,WU Tharanga,ST Jayasuriya,DBL Powell,0,1,,1,,,,,,,
247486,2006/07,2007-04-01,Providence Stadium,1,3.5,Sri Lanka,West Indies,WU Tharanga,ST Jayasuriya,DBL Powell,0,0,,,,,,,,,
247486,2006/07,2007-04-01,Providence Stadium,1,3.6,Sri Lanka,West Indies,WU Tharanga,ST Jayasuriya,DBL Powell,0,0,,,,,,,,,
247486,2006/07,2007-04-01,Providence Stadium,1,3.7,Sri Lanka,West Indies,WU Tharanga,ST Jayasuriya,DBL Powell,0,0,,,,,,,,,
247486,2006/07,2007-04-01,Providence Stadium,1,4.1,Sri Lanka,West Indies,ST Jayasuriya,WU Tharanga,JE Taylor,0,0,,,,,,,,,
247486,2006/07,2007-04-01,Providence Stadium,1,4.2,Sri Lanka,West Indies,ST Jayasuriya,WU Tharanga,JE Taylor,1,0,,,,,,,,,
247486,2006/07,2007-04-01,Providence Stadium,1,4.3,Sri Lanka,West Indies,WU Tharanga,ST Jayasuriya,JE Taylor,0,0,,,,,,,,,
247486,2006/07,2007-04-01,Providence Stadium,1,4.4,Sri Lanka,West Indies,WU Tharanga,ST Jayasuriya,JE Taylor,0,1,1,,,,,,,,
247486,2006/07,2007-04-01,Providence Stadium,1,4.5,Sri Lanka,West Indies,WU Tharanga,ST Jayasuriya,JE Taylor,0,0,,,,,,,,,
247486,2006/07,2007-04-01,Providence Stadium,1,4.6,Sri Lanka,West Indies,WU Tharanga,ST Jayasuriya,JE Taylor,1,0,,,,,,,,,
247486,2006/07,2007-04-01,Providence Stadium,1,4.7,Sri Lanka,West Indies,ST Jayasuriya,WU Tharanga,JE Taylor,0,0,,,,,,,,,
247486,2006/07,2007-04-01,Providence Stadium,1,5.1,Sri Lanka,West Indies,WU Tharanga,ST Jayasuriya,DBL Powell,0,0,,,,,,,,,
247486,2006/07,2007-04-01,Providence Stadium,1,5.2,Sri Lanka,West Indies,WU Tharanga,ST Jayasuriya,DBL Powell,0,0,,,,,,,,,
247486,2006/07,2007-04-01,Providence Stadium,1,5.3,Sri Lanka,West Indies,WU Tharanga,ST Jayasuriya,DBL Powell,4,0,,,,,,,,,
247486,2006/07,2007-04-01,Providence Stadium,1,5.4,Sri Lanka,West Indies,WU Tharanga,ST Jayasuriya,DBL Powell,0,0,,,,,,,,,
247486,2006/07,2007-04-01,Providence Stadium,1,5.5,Sri Lanka,West Indies,WU Tharanga,ST Jayasuriya,DBL Powell,0,0,,,,,,bowled,WU Tharanga,,
247486,2006/07,2007-04-01,Providence Stadium,1,5.6,Sri Lanka,West Indies,KC Sangakkara,ST Jayasuriya,DBL Powell,0,0,,,,,,,,,
247486,2006/07,2007-04-01,Providence Stadium,1,6.1,Sri Lanka,West Indies,ST Jayasuriya,KC Sangakkara,JE Taylor,0,0,,,,,,,,,
247486,2006/07,2007-04-01,Providence Stadium,1,6.2,Sri Lanka,West Indies,ST Jayasuriya,KC Sangakkara,JE Taylor,2,0,,,,,,,,,
247486,2006/07,2007-04-01,Providence Stadium,1,6.3,Sri Lanka,West Indies,ST Jayasuriya,KC Sangakkara,JE Taylor,0,0,,,,,,,,,
247486,2006/07,2007-04-01,Providence Stadium,1,6.4,Sri Lanka,West Indies,ST Jayasuriya,KC Sangakkara,JE Taylor,4,0,,,,,,,,,
247486,2006/07,2007-04-01,Providence Stadium,1,6.5,Sri Lanka,West Indies,ST Jayasuriya,KC Sangakkara,JE Taylor,0,1,1,,,,,,,,
247486,2006/07,2007-04-01,Providence Stadium,1,6.6,Sri Lanka,West Indies,ST Jayasuriya,KC Sangakkara,JE Taylor,0,1,,,,1,,,,,
247486,2006/07,2007-04-01,Providence Stadium,1,6.7,Sri Lanka,West Indies,KC Sangakkara,ST Jayasuriya,JE Taylor,0,0,,,,,,,,,
247486,2006/07,2007-04-01,Providence Stadium,1,7.1,Sri Lanka,West Indies,ST Jayasuriya,KC Sangakkara,DBL Powell,0,0,,,,,,,,,
247486,2006/07,2007-04-01,Providence Stadium,1,7.2,Sri Lanka,West Indies,ST Jayasuriya,KC Sangakkara,DBL Powell,1,0,,,,,,,,,
247486,2006/07,2007-04-01,Providence Stadium,1,7.3,Sri Lanka,West Indies,KC Sangakkara,ST Jayasuriya,DBL Powell,0,0,,,,,,,,,
247486,2006/07,2007-04-01,Providence Stadium,1,7.4,Sri Lanka,West Indies,KC Sangakkara,ST Jayasuriya,DBL Powell,0,0,,,,,,,,,
247486,2006/07,2007-04-01,Providence Stadium,1,7.5,Sri Lanka,West Indies,KC Sangakkara,ST Jayasuriya,DBL Powell,0,1,1,,,,,,,,
247486,2006/07,2007-04-01,Providence Stadium,1,7.6,Sri Lanka,West Indies,KC Sangakkara,ST Jayasuriya,DBL Powell,0,0,,,,,,,,,
247486,2006/07,2007-04-01,Providence Stadium,1,7.7,Sri Lanka,West Indies,KC Sangakkara,ST Jayasuriya,DBL Powell,1,0,,,,,,,,,
247486,2006/07,2007-04-01,Providence Stadium,1,8.1,Sri Lanka,West Indies,KC Sangakkara,ST Jayasuriya,IDR Bradshaw,0,0,,,,,,,,,
247486,2006/07,2007-04-01,Providence Stadium,1,8.2,Sri Lanka,West Indies,KC Sangakkara,ST Jayasuriya,IDR Bradshaw,2,0,,,,,,,,,
247486,2006/07,2007-04-01,Providence Stadium,1,8.3,Sri Lanka,West Indies,KC Sangakkara,ST Jayasuriya,IDR Bradshaw,4,0,,,,,,,,,
247486,2006/07,2007-04-01,Providence Stadium,1,8.4,Sri Lanka,West Indies,KC Sangakkara,ST Jayasuriya,IDR Bradshaw,0,0,,,,,,caught,KC Sangakkara,,
247486,2006/07,2007-04-01,Providence Stadium,1,8.5,Sri Lanka,West Indies,DPMD Jayawardene,ST Jayasuriya,IDR Bradshaw,0,1,,1,,,,,,,
247486,2006/07,2007-04-01,Providence Stadium,1,8.6,Sri Lanka,West Indies,DPMD Jayawardene,ST Jayasuriya,IDR Bradshaw,0,0,,,,,,,,,
247486,2006/07,2007-04-01,Providence Stadium,1,8.7,Sri Lanka,West Indies,DPMD Jayawardene,ST Jayasuriya,IDR Bradshaw,1,0,,,,,,,,,
247486,2006/07,2007-04-01,Providence Stadium,1,9.1,Sri Lanka,West Indies,DPMD Jayawardene,ST Jayasuriya,DBL Powell,0,0,,,,,,,,,
247486,2006/07,2007-04-01,Providence Stadium,1,9.2,Sri Lanka,West Indies,DPMD Jayawardene,ST Jayasuriya,DBL Powell,0,0,,,,,,,,,
247486,2006/07,2007-04-01,Providence Stadium,1,9.3,Sri Lanka,West Indies,DPMD Jayawardene,ST Jayasuriya,DBL Powell,0,0,,,,,,,,,
247486,2006/07,2007-04-01,Providence Stadium,1,9.4,Sri Lanka,West Indies,DPMD Jayawardene,ST Jayasuriya,DBL Powell,0,0,,,,,,,,,
247486,2006/07,2007-04-01,Providence Stadium,1,9.5,Sri Lanka,West Indies,DPMD Jayawardene,ST Jayasuriya,DBL Powell,0,0,,,,,,,,,
247486,2006/07,2007-04-01,Providence Stadium,1,9.6,Sri Lanka,West Indies,DPMD Jayawardene,ST Jayasuriya,DBL Powell,0,0,,,,,,,,,
247486,2006/07,2007-04-01,Providence Stadium,1,10.1,Sri Lanka,West Indies,ST Jayasuriya,DPMD Jayawardene,IDR Bradshaw,0,0,,,,,,,,,
247486,2006/07,2007-04-01,Providence Stadium,1,10.2,Sri Lanka,West Indies,ST Jayasuriya,DPMD Jayawardene,IDR Bradshaw,0,0,,,,,,,,,
247486,2006/07,2007-04-01,Providence Stadium,1,10.3,Sri Lanka,West Indies,ST Jayasuriya,DPMD Jayawardene,IDR Bradshaw,0,0,,,,,,,,,
247486,2006/07,2007-04-01,Providence Stadium,1,10.4,Sri Lanka,West Indies,ST Jayasuriya,DPMD Jayawardene,IDR Bradshaw,0,1,1,,,,,,,,
247486,2006/07,2007-04-01,Providence Stadium,1,10.5,Sri Lanka,West Indies,ST Jayasuriya,DPMD Jayawardene,IDR Bradshaw,1,0,,,,,,,,,
247486,2006/07,2007-04-01,Providence Stadium,1,10.6,Sri Lanka,West Indies,DPMD Jayawardene,ST Jayasuriya,IDR Bradshaw,0,0,,,,,,,,,
247486,2006/07,2007-04-01,Providence Stadium,1,10.7,Sri Lanka,West Indies,DPMD Jayawardene,ST Jayasuriya,IDR Bradshaw,1,0,,,,,,,,,
247486,2006/07,2007-04-01,Providence Stadium,1,11.1,Sri Lanka,West Indies,DPMD Jayawardene,ST Jayasuriya,DBL Powell,0,0,,,,,,,,,
247486,2006/07,2007-04-01,Providence Stadium,1,11.2,Sri Lanka,West Indies,DPMD Jayawardene,ST Jayasuriya,DBL Powell,1,0,,,,,,,,,
247486,2006/07,2007-04-01,Providence Stadium,1,11.3,Sri Lanka,West Indies,ST Jayasuriya,DPMD Jayawardene,DBL Powell,0,0,,,,,,,,,
247486,2006/07,2007-04-01,Providence Stadium,1,11.4,Sri Lanka,West Indies,ST Jayasuriya,DPMD Jayawardene,DBL Powell,0,0,,,,,,,,,
247486,2006/07,2007-04-01,Providence Stadium,1,11.5,Sri Lanka,West Indies,ST Jayasuriya,DPMD Jayawardene,DBL Powell,0,0,,,,,,,,,
247486,2006/07,2007-04-01,Providence Stadium,1,11.6,Sri Lanka,West Indies,ST Jayasuriya,DPMD Jayawardene,DBL Powell,0,0,,,,,,,,,
247486,2006/07,2007-04-01,Providence Stadium,1,12.1,Sri Lanka,West Indies,DPMD Jayawardene,ST Jayasuriya,IDR Bradshaw,0,0,,,,,,,,,
247486,2006/07,2007-04-01,Providence Stadium,1,12.2,Sri Lanka,West Indies,DPMD Jayawardene,ST Jayasuriya,IDR Bradshaw,0,0,,,,,,,,,
247486,2006/07,2007-04-01,Providence Stadium,1,12.3,Sri Lanka,West Indies,DPMD Jayawardene,ST Jayasuriya,IDR Bradshaw,0,0,,,,,,,,,
247486,2006/07,2007-04-01,Providence Stadium,1,12.4,Sri Lanka,West Indies,DPMD Jayawardene,ST Jayasuriya,IDR Bradshaw,0,0,,,,,,,,,
247486,2006/07,2007-04-01,Providence Stadium,1,12.5,Sri Lanka,West Indies,DPMD Jayawardene,ST Jayasuriya,IDR Bradshaw,0,0,,,,,,,,,
247486,2006/07,2007-04-01,Providence Stadium,1,12.6,Sri Lanka,West Indies,DPMD Jayawardene,ST Jayasuriya,IDR Bradshaw,1,0,,,,,,,,,
247486,2006/07,2007-04-01,Providence Stadium,1,13.1,Sri Lanka,West Indies,DPMD Jayawardene,ST Jayasuriya,DR Smith,0,0,,,,,,,,,
247486,2006/07,2007-04-01,Providence Stadium,1,13.2,Sri Lanka,West Indies,DPMD Jayawardene,ST Jayasuriya,DR Smith,1,0,,,,,,,,,
247486,2006/07,2007-04-01,Providence Stadium,1,13.3,Sri Lanka,West Indies,ST Jayasuriya,DPMD Jayawardene,DR Smith,1,0,,,,,,,,,
247486,2006/07,2007-04-01,Providence Stadium,1,13.4,Sri Lanka,West Indies,DPMD Jayawardene,ST Jayasuriya,DR Smith,0,1,,,,1,,,,,
247486,2006/07,2007-04-01,Providence Stadium,1,13.5,Sri Lanka,West Indies,ST Jayasuriya,DPMD Jayawardene,DR Smith,0,0,,,,,,,,,
247486,2006/07,2007-04-01,Providence Stadium,1,13.6,Sri Lanka,West Indies,ST Jayasuriya,DPMD Jayawardene,DR Smith,0,0,,,,,,,,,
247486,2006/07,2007-04-01,Providence Stadium,1,14.1,Sri Lanka,West Indies,DPMD Jayawardene,ST Jayasuriya,IDR Bradshaw,0,0,,,,,,,,,
247486,2006/07,2007-04-01,Providence Stadium,1,14.2,Sri Lanka,West Indies,DPMD Jayawardene,ST Jayasuriya,IDR Bradshaw,0,0,,,,,,,,,
247486,2006/07,2007-04-01,Providence Stadium,1,14.3,Sri Lanka,West Indies,DPMD Jayawardene,ST Jayasuriya,IDR Bradshaw,5,0,,,,,,,,,
247486,2006/07,2007-04-01,Providence Stadium,1,14.4,Sri Lanka,West Indies,ST Jayasuriya,DPMD Jayawardene,IDR Bradshaw,0,0,,,,,,,,,
247486,2006/07,2007-04-01,Providence Stadium,1,14.5,Sri Lanka,West Indies,ST Jayasuriya,DPMD Jayawardene,IDR Bradshaw,0,0,,,,,,,,,
247486,2006/07,2007-04-01,Providence Stadium,1,14.6,Sri Lanka,West Indies,ST Jayasuriya,DPMD Jayawardene,IDR Bradshaw,0,0,,,,,,,,,
247486,2006/07,2007-04-01,Providence Stadium,1,15.1,Sri Lanka,West Indies,DPMD Jayawardene,ST Jayasuriya,DR Smith,0,0,,,,,,,,,
247486,2006/07,2007-04-01,Providence Stadium,1,15.2,Sri Lanka,West Indies,DPMD Jayawardene,ST Jayasuriya,DR Smith,0,0,,,,,,,,,
247486,2006/07,2007-04-01,Providence Stadium,1,15.3,Sri Lanka,West Indies,DPMD Jayawardene,ST Jayasuriya,DR Smith,0,0,,,,,,,,,
247486,2006/07,2007-04-01,Providence Stadium,1,15.4,Sri Lanka,West Indies,DPMD Jayawardene,ST Jayasuriya,DR Smith,0,0,,,,,,,,,
247486,2006/07,2007-04-01,Providence Stadium,1,15.5,Sri Lanka,West Indies,DPMD Jayawardene,ST Jayasuriya,DR Smith,0,0,,,,,,,,,
247486,2006/07,2007-04-01,Providence Stadium,1,15.6,Sri Lanka,West Indies,DPMD Jayawardene,ST Jayasuriya,DR Smith,3,0,,,,,,,,,
247486,2006/07,2007-04-01,Providence Stadium,1,16.1,Sri Lanka,West Indies,DPMD Jayawardene,ST Jayasuriya,IDR Bradshaw,0,0,,,,,,,,,
247486,2006/07,2007-04-01,Providence Stadium,1,16.2,Sri Lanka,West Indies,DPMD Jayawardene,ST Jayasuriya,IDR Bradshaw,0,0,,,,,,,,,
247486,2006/07,2007-04-01,Providence Stadium,1,16.3,Sri Lanka,West Indies,DPMD Jayawardene,ST Jayasuriya,IDR Bradshaw,3,0,,,,,,,,,
247486,2006/07,2007-04-01,Providence Stadium,1,16.4,Sri Lanka,West Indies,ST Jayasuriya,DPMD Jayawardene,IDR Bradshaw,4,0,,,,,,,,,
247486,2006/07,2007-04-01,Providence Stadium,1,16.5,Sri Lanka,West Indies,ST Jayasuriya,DPMD Jayawardene,IDR Bradshaw,4,0,,,,,,,,,
247486,2006/07,2007-04-01,Providence Stadium,1,16.6,Sri Lanka,West Indies,ST Jayasuriya,DPMD Jayawardene,IDR Bradshaw,1,0,,,,,,,,,
247486,2006/07,2007-04-01,Providence Stadium,1,17.1,Sri Lanka,West Indies,ST Jayasuriya,DPMD Jayawardene,DR Smith,4,0,,,,,,,,,
247486,2006/07,2007-04-01,Providence Stadium,1,17.2,Sri Lanka,West Indies,ST Jayasuriya,DPMD Jayawardene,DR Smith,0,0,,,,,,,,,
247486,2006/07,2007-04-01,Providence Stadium,1,17.3,Sri Lanka,West Indies,ST Jayasuriya,DPMD Jayawardene,DR Smith,6,0,,,,,,,,,
247486,2006/07,2007-04-01,Providence Stadium,1,17.4,Sri Lanka,West Indies,ST Jayasuriya,DPMD Jayawardene,DR Smith,0,0,,,,,,,,,
247486,2006/07,2007-04-01,Providence Stadium,1,17.5,Sri Lanka,West Indies,ST Jayasuriya,DPMD Jayawardene,DR Smith,4,0,,,,,,,,,
247486,2006/07,2007-04-01,Providence Stadium,1,17.6,Sri Lanka,West Indies,ST Jayasuriya,DPMD Jayawardene,DR Smith,4,0,,,,,,,,,
247486,2006/07,2007-04-01,Providence Stadium,1,18.1,Sri Lanka,West Indies,DPMD Jayawardene,ST Jayasuriya,JE Taylor,0,0,,,,,,,,,
247486,2006/07,2007-04-01,Providence Stadium,1,18.2,Sri Lanka,West Indies,DPMD Jayawardene,ST Jayasuriya,JE Taylor,0,0,,,,,,,,,
247486,2006/07,2007-04-01,Providence Stadium,1,18.3,Sri Lanka,West Indies,DPMD Jayawardene,ST Jayasuriya,JE Taylor,0,0,,,,,,,,,
247486,2006/07,2007-04-01,Providence Stadium,1,18.4,Sri Lanka,West Indies,DPMD Jayawardene,ST Jayasuriya,JE Taylor,0,0,,,,,,,,,
247486,2006/07,2007-04-01,Providence Stadium,1,18.5,Sri Lanka,West Indies,DPMD Jayawardene,ST Jayasuriya,JE Taylor,0,0,,,,,,,,,
247486,2006/07,2007-04-01,Providence Stadium,1,18.6,Sri Lanka,West Indies,DPMD Jayawardene,ST Jayasuriya,JE Taylor,0,0,,,,,,,,,
247486,2006/07,2007-04-01,Providence Stadium,1,19.1,Sri Lanka,West Indies,ST Jayasuriya,DPMD Jayawardene,CH Gayle,0,0,,,,,,,,,
247486,2006/07,2007-04-01,Providence Stadium,1,19.2,Sri Lanka,West Indies,ST Jayasuriya,DPMD Jayawardene,CH Gayle,4,0,,,,,,,,,
247486,2006/07,2007-04-01,Providence Stadium,1,19.3,Sri Lanka,West Indies,ST Jayasuriya,DPMD Jayawardene,CH Gayle,2,0,,,,,,,,,
247486,2006/07,2007-04-01,Providence Stadium,1,19.4,Sri Lanka,West Indies,ST Jayasuriya,DPMD Jayawardene,CH Gayle,2,0,,,,,,,,,
247486,2006/07,2007-04-01,Providence Stadium,1,19.5,Sri Lanka,West Indies,ST Jayasuriya,DPMD Jayawardene,CH Gayle,0,1,1,,,,,,,,
247486,2006/07,2007-04-01,Providence Stadium,1,19.6,Sri Lanka,West Indies,ST Jayasuriya,DPMD Jayawardene,CH Gayle,1,0,,,,,,,,,
247486,2006/07,2007-04-01,Providence Stadium,1,19.7,Sri Lanka,West Indies,DPMD Jayawardene,ST Jayasuriya,CH Gayle,0,0,,,,,,,,,
247486,2006/07,2007-04-01,Providence Stadium,1,20.1,Sri Lanka,West Indies,ST Jayasuriya,DPMD Jayawardene,JE Taylor,1,0,,,,,,,,,
247486,2006/07,2007-04-01,Providence Stadium,1,20.2,Sri Lanka,West Indies,DPMD Jayawardene,ST Jayasuriya,JE Taylor,0,0,,,,,,,,,
247486,2006/07,2007-04-01,Providence Stadium,1,20.3,Sri Lanka,West Indies,DPMD Jayawardene,ST Jayasuriya,JE Taylor,1,0,,,,,,,,,
247486,2006/07,2007-04-01,Providence Stadium,1,20.4,Sri Lanka,West Indies,ST Jayasuriya,DPMD Jayawardene,JE Taylor,0,0,,,,,,,,,
247486,2006/07,2007-04-01,Providence Stadium,1,20.5,Sri Lanka,West Indies,ST Jayasuriya,DPMD Jayawardene,JE Taylor,2,0,,,,,,,,,
247486,2006/07,2007-04-01,Providence Stadium,1,20.6,Sri Lanka,West Indies,ST Jayasuriya,DPMD Jayawardene,JE Taylor,0,0,,,,,,,,,
247486,2006/07,2007-04-01,Providence Stadium,1,21.1,Sri Lanka,West Indies,DPMD Jayawardene,ST Jayasuriya,DJ Bravo,2,0,,,,,,,,,
247486,2006/07,2007-04-01,Providence Stadium,1,21.2,Sri Lanka,West Indies,DPMD Jayawardene,ST Jayasuriya,DJ Bravo,0,0,,,,,,,,,
247486,2006/07,2007-04-01,Providence Stadium,1,21.3,Sri Lanka,West Indies,DPMD Jayawardene,ST Jayasuriya,DJ Bravo,0,0,,,,,,,,,
247486,2006/07,2007-04-01,Providence Stadium,1,21.4,Sri Lanka,West Indies,DPMD Jayawardene,ST Jayasuriya,DJ Bravo,0,1,1,,,,,,,,
247486,2006/07,2007-04-01,Providence Stadium,1,21.5,Sri Lanka,West Indies,DPMD Jayawardene,ST Jayasuriya,DJ Bravo,1,0,,,,,,,,,
247486,2006/07,2007-04-01,Providence Stadium,1,21.6,Sri Lanka,West Indies,ST Jayasuriya,DPMD Jayawardene,DJ Bravo,0,0,,,,,,,,,
247486,2006/07,2007-04-01,Providence Stadium,1,21.7,Sri Lanka,West Indies,ST Jayasuriya,DPMD Jayawardene,DJ Bravo,0,1,1,,,,,,,,
247486,2006/07,2007-04-01,Providence Stadium,1,21.8,Sri Lanka,West Indies,ST Jayasuriya,DPMD Jayawardene,DJ Bravo,0,0,,,,,,,,,
247486,2006/07,2007-04-01,Providence Stadium,1,22.1,Sri Lanka,West Indies,DPMD Jayawardene,ST Jayasuriya,JE Taylor,0,0,,,,,,,,,
247486,2006/07,2007-04-01,Providence Stadium,1,22.2,Sri Lanka,West Indies,DPMD Jayawardene,ST Jayasuriya,JE Taylor,0,0,,,,,,,,,
247486,2006/07,2007-04-01,Providence Stadium,1,22.3,Sri Lanka,West Indies,DPMD Jayawardene,ST Jayasuriya,JE Taylor,2,0,,,,,,,,,
247486,2006/07,2007-04-01,Providence Stadium,1,22.4,Sri Lanka,West Indies,DPMD Jayawardene,ST Jayasuriya,JE Taylor,0,0,,,,,,,,,
247486,2006/07,2007-04-01,Providence Stadium,1,22.5,Sri Lanka,West Indies,DPMD Jayawardene,ST Jayasuriya,JE Taylor,0,0,,,,,,,,,
247486,2006/07,2007-04-01,Providence Stadium,1,22.6,Sri Lanka,West Indies,DPMD Jayawardene,ST Jayasuriya,JE Taylor,1,0,,,,,,,,,
247486,2006/07,2007-04-01,Providence Stadium,1,23.1,Sri Lanka,West Indies,DPMD Jayawardene,ST Jayasuriya,DJ Bravo,0,0,,,,,,,,,
247486,2006/07,2007-04-01,Providence Stadium,1,23.2,Sri Lanka,West Indies,DPMD Jayawardene,ST Jayasuriya,DJ Bravo,1,0,,,,,,,,,
247486,2006/07,2007-04-01,Providence Stadium,1,23.3,Sri Lanka,West Indies,ST Jayasuriya,DPMD Jayawardene,DJ Bravo,1,0,,,,,,,,,
247486,2006/07,2007-04-01,Providence Stadium,1,23.4,Sri Lanka,West Indies,DPMD Jayawardene,ST Jayasuriya,DJ Bravo,1,0,,,,,,,,,
247486,2006/07,2007-04-01,Providence Stadium,1,23.5,Sri Lanka,West Indies,ST Jayasuriya,DPMD Jayawardene,DJ Bravo,1,0,,,,,,,,,
247486,2006/07,2007-04-01,Providence Stadium,1,23.6,Sri Lanka,West Indies,DPMD Jayawardene,ST Jayasuriya,DJ Bravo,3,0,,,,,,,,,
247486,2006/07,2007-04-01,Providence Stadium,1,24.1,Sri Lanka,West Indies,DPMD Jayawardene,ST Jayasuriya,JE Taylor,0,0,,,,,,,,,
247486,2006/07,2007-04-01,Providence Stadium,1,24.2,Sri Lanka,West Indies,DPMD Jayawardene,ST Jayasuriya,JE Taylor,1,0,,,,,,,,,
247486,2006/07,2007-04-01,Providence Stadium,1,24.3,Sri Lanka,West Indies,ST Jayasuriya,DPMD Jayawardene,JE Taylor,6,0,,,,,,,,,
247486,2006/07,2007-04-01,Providence Stadium,1,24.4,Sri Lanka,West Indies,ST Jayasuriya,DPMD Jayawardene,JE Taylor,1,0,,,,,,,,,
247486,2006/07,2007-04-01,Providence Stadium,1,24.5,Sri Lanka,West Indies,DPMD Jayawardene,ST Jayasuriya,JE Taylor,0,0,,,,,,,,,
247486,2006/07,2007-04-01,Providence Stadium,1,24.6,Sri Lanka,West Indies,DPMD Jayawardene,ST Jayasuriya,JE Taylor,1,0,,,,,,,,,
247486,2006/07,2007-04-01,Providence Stadium,1,25.1,Sri Lanka,West Indies,DPMD Jayawardene,ST Jayasuriya,DJ Bravo,1,0,,,,,,,,,
247486,2006/07,2007-04-01,Providence Stadium,1,25.2,Sri Lanka,West Indies,ST Jayasuriya,DPMD Jayawardene,DJ Bravo,0,0,,,,,,,,,
247486,2006/07,2007-04-01,Providence Stadium,1,25.3,Sri Lanka,West Indies,ST Jayasuriya,DPMD Jayawardene,DJ Bravo,0,0,,,,,,,,,
247486,2006/07,2007-04-01,Providence Stadium,1,25.4,Sri Lanka,West Indies,ST Jayasuriya,DPMD Jayawardene,DJ Bravo,1,0,,,,,,,,,
247486,2006/07,2007-04-01,Providence Stadium,1,25.5,Sri Lanka,West Indies,DPMD Jayawardene,ST Jayasuriya,DJ Bravo,1,0,,,,,,,,,
247486,2006/07,2007-04-01,Providence Stadium,1,25.6,Sri Lanka,West Indies,ST Jayasuriya,DPMD Jayawardene,DJ Bravo,4,0,,,,,,,,,
247486,2006/07,2007-04-01,Providence Stadium,1,26.1,Sri Lanka,West Indies,DPMD Jayawardene,ST Jayasuriya,IDR Bradshaw,0,0,,,,,,,,,
247486,2006/07,2007-04-01,Providence Stadium,1,26.2,Sri Lanka,West Indies,DPMD Jayawardene,ST Jayasuriya,IDR Bradshaw,0,0,,,,,,,,,
247486,2006/07,2007-04-01,Providence Stadium,1,26.3,Sri Lanka,West Indies,DPMD Jayawardene,ST Jayasuriya,IDR Bradshaw,0,0,,,,,,,,,
247486,2006/07,2007-04-01,Providence Stadium,1,26.4,Sri Lanka,West Indies,DPMD Jayawardene,ST Jayasuriya,IDR Bradshaw,0,0,,,,,,,,,
247486,2006/07,2007-04-01,Providence Stadium,1,26.5,Sri Lanka,West Indies,DPMD Jayawardene,ST Jayasuriya,IDR Bradshaw,1,0,,,,,,,,,
247486,2006/07,2007-04-01,Providence Stadium,1,26.6,Sri Lanka,West Indies,ST Jayasuriya,DPMD Jayawardene,IDR Bradshaw,0,0,,,,,,,,,
247486,2006/07,2007-04-01,Providence Stadium,1,27.1,Sri Lanka,West Indies,DPMD Jayawardene,ST Jayasuriya,DJ Bravo,6,0,,,,,,,,,
247486,2006/07,2007-04-01,Providence Stadium,1,27.2,Sri Lanka,West Indies,DPMD Jayawardene,ST Jayasuriya,DJ Bravo,0,1,,,,1,,,,,
247486,2006/07,2007-04-01,Providence Stadium,1,27.3,Sri Lanka,West Indies,ST Jayasuriya,DPMD Jayawardene,DJ Bravo,0,0,,,,,,,,,
247486,2006/07,2007-04-01,Providence Stadium,1,27.4,Sri Lanka,West Indies,ST Jayasuriya,DPMD Jayawardene,DJ Bravo,3,0,,,,,,,,,
247486,2006/07,2007-04-01,Providence Stadium,1,27.5,Sri Lanka,West Indies,DPMD Jayawardene,ST Jayasuriya,DJ Bravo,1,0,,,,,,,,,
247486,2006/07,2007-04-01,Providence Stadium,1,27.6,Sri Lanka,West Indies,ST Jayasuriya,DPMD Jayawardene,DJ Bravo,0,0,,,,,,,,,
247486,2006/07,2007-04-01,Providence Stadium,1,28.1,Sri Lanka,West Indies,DPMD Jayawardene,ST Jayasuriya,IDR Bradshaw,1,0,,,,,,,,,
247486,2006/07,2007-04-01,Providence Stadium,1,28.2,Sri Lanka,West Indies,ST Jayasuriya,DPMD Jayawardene,IDR Bradshaw,0,0,,,,,,,,,
247486,2006/07,2007-04-01,Providence Stadium,1,28.3,Sri Lanka,West Indies,ST Jayasuriya,DPMD Jayawardene,IDR Bradshaw,0,0,,,,,,,,,
247486,2006/07,2007-04-01,Providence Stadium,1,28.4,Sri Lanka,West Indies,ST Jayasuriya,DPMD Jayawardene,IDR Bradshaw,4,0,,,,,,,,,
247486,2006/07,2007-04-01,Providence Stadium,1,28.5,Sri Lanka,West Indies,ST Jayasuriya,DPMD Jayawardene,IDR Bradshaw,1,0,,,,,,,,,
247486,2006/07,2007-04-01,Providence Stadium,1,28.6,Sri Lanka,West Indies,DPMD Jayawardene,ST Jayasuriya,IDR Bradshaw,0,0,,,,,,,,,
247486,2006/07,2007-04-01,Providence Stadium,1,29.1,Sri Lanka,West Indies,ST Jayasuriya,DPMD Jayawardene,CH Gayle,0,0,,,,,,,,,
247486,2006/07,2007-04-01,Providence Stadium,1,29.2,Sri Lanka,West Indies,ST Jayasuriya,DPMD Jayawardene,CH Gayle,1,0,,,,,,,,,
247486,2006/07,2007-04-01,Providence Stadium,1,29.3,Sri Lanka,West Indies,DPMD Jayawardene,ST Jayasuriya,CH Gayle,2,0,,,,,,,,,
247486,2006/07,2007-04-01,Providence Stadium,1,29.4,Sri Lanka,West Indies,DPMD Jayawardene,ST Jayasuriya,CH Gayle,1,0,,,,,,,,,
247486,2006/07,2007-04-01,Providence Stadium,1,29.5,Sri Lanka,West Indies,ST Jayasuriya,DPMD Jayawardene,CH Gayle,0,1,1,,,,,,,,
247486,2006/07,2007-04-01,Providence Stadium,1,29.6,Sri Lanka,West Indies,ST Jayasuriya,DPMD Jayawardene,CH Gayle,1,0,,,,,,,,,
247486,2006/07,2007-04-01,Providence Stadium,1,29.7,Sri Lanka,West Indies,DPMD Jayawardene,ST Jayasuriya,CH Gayle,1,0,,,,,,,,,
247486,2006/07,2007-04-01,Providence Stadium,1,30.1,Sri Lanka,West Indies,DPMD Jayawardene,ST Jayasuriya,IDR Bradshaw,0,0,,,,,,,,,
247486,2006/07,2007-04-01,Providence Stadium,1,30.2,Sri Lanka,West Indies,DPMD Jayawardene,ST Jayasuriya,IDR Bradshaw,1,0,,,,,,,,,
247486,2006/07,2007-04-01,Providence Stadium,1,30.3,Sri Lanka,West Indies,ST Jayasuriya,DPMD Jayawardene,IDR Bradshaw,2,0,,,,,,,,,
247486,2006/07,2007-04-01,Providence Stadium,1,30.4,Sri Lanka,West Indies,ST Jayasuriya,DPMD Jayawardene,IDR Bradshaw,6,0,,,,,,,,,
247486,2006/07,2007-04-01,Providence Stadium,1,30.5,Sri Lanka,West Indies,ST Jayasuriya,DPMD Jayawardene,IDR Bradshaw,1,0,,,,,,,,,
247486,2006/07,2007-04-01,Providence Stadium,1,30.6,Sri Lanka,West Indies,DPMD Jayawardene,ST Jayasuriya,IDR Bradshaw,0,0,,,,,,,,,
247486,2006/07,2007-04-01,Providence Stadium,1,31.1,Sri Lanka,West Indies,ST Jayasuriya,DPMD Jayawardene,CH Gayle,0,1,1,,,,,,,,
247486,2006/07,2007-04-01,Providence Stadium,1,31.2,Sri Lanka,West Indies,ST Jayasuriya,DPMD Jayawardene,CH Gayle,1,0,,,,,,,,,
247486,2006/07,2007-04-01,Providence Stadium,1,31.3,Sri Lanka,West Indies,DPMD Jayawardene,ST Jayasuriya,CH Gayle,1,0,,,,,,,,,
247486,2006/07,2007-04-01,Providence Stadium,1,31.4,Sri Lanka,West Indies,ST Jayasuriya,DPMD Jayawardene,CH Gayle,0,0,,,,,,,,,
247486,2006/07,2007-04-01,Providence Stadium,1,31.5,Sri Lanka,West Indies,ST Jayasuriya,DPMD Jayawardene,CH Gayle,1,0,,,,,,,,,
247486,2006/07,2007-04-01,Providence Stadium,1,31.6,Sri Lanka,West Indies,DPMD Jayawardene,ST Jayasuriya,CH Gayle,4,0,,,,,,,,,
247486,2006/07,2007-04-01,Providence Stadium,1,31.7,Sri Lanka,West Indies,DPMD Jayawardene,ST Jayasuriya,CH Gayle,0,0,,,,,,,,,
247486,2006/07,2007-04-01,Providence Stadium,1,32.1,Sri Lanka,West Indies,ST Jayasuriya,DPMD Jayawardene,IDR Bradshaw,6,0,,,,,,,,,
247486,2006/07,2007-04-01,Providence Stadium,1,32.2,Sri Lanka,West Indies,ST Jayasuriya,DPMD Jayawardene,IDR Bradshaw,0,0,,,,,,,,,
247486,2006/07,2007-04-01,Providence Stadium,1,32.3,Sri Lanka,West Indies,ST Jayasuriya,DPMD Jayawardene,IDR Bradshaw,0,0,,,,,,,,,
247486,2006/07,2007-04-01,Providence Stadium,1,32.4,Sri Lanka,West Indies,ST Jayasuriya,DPMD Jayawardene,IDR Bradshaw,2,0,,,,,,,,,
247486,2006/07,2007-04-01,Providence Stadium,1,32.5,Sri Lanka,West Indies,ST Jayasuriya,DPMD Jayawardene,IDR Bradshaw,2,0,,,,,,,,,
247486,2006/07,2007-04-01,Providence Stadium,1,32.6,Sri Lanka,West Indies,ST Jayasuriya,DPMD Jayawardene,IDR Bradshaw,1,0,,,,,,,,,
247486,2006/07,2007-04-01,Providence Stadium,1,33.1,Sri Lanka,West Indies,ST Jayasuriya,DPMD Jayawardene,CH Gayle,0,0,,,,,,,,,
247486,2006/07,2007-04-01,Providence Stadium,1,33.2,Sri Lanka,West Indies,ST Jayasuriya,DPMD Jayawardene,CH Gayle,1,0,,,,,,,,,
247486,2006/07,2007-04-01,Providence Stadium,1,33.3,Sri Lanka,West Indies,DPMD Jayawardene,ST Jayasuriya,CH Gayle,0,0,,,,,,,,,
247486,2006/07,2007-04-01,Providence Stadium,1,33.4,Sri Lanka,West Indies,DPMD Jayawardene,ST Jayasuriya,CH Gayle,1,0,,,,,,,,,
247486,2006/07,2007-04-01,Providence Stadium,1,33.5,Sri Lanka,West Indies,ST Jayasuriya,DPMD Jayawardene,CH Gayle,0,0,,,,,,,,,
247486,2006/07,2007-04-01,Providence Stadium,1,33.6,Sri Lanka,West Indies,ST Jayasuriya,DPMD Jayawardene,CH Gayle,0,0,,,,,,,,,
247486,2006/07,2007-04-01,Providence Stadium,1,34.1,Sri Lanka,West Indies,DPMD Jayawardene,ST Jayasuriya,DBL Powell,2,0,,,,,,,,,
247486,2006/07,2007-04-01,Providence Stadium,1,34.2,Sri Lanka,West Indies,DPMD Jayawardene,ST Jayasuriya,DBL Powell,4,0,,,,,,,,,
247486,2006/07,2007-04-01,Providence Stadium,1,34.3,Sri Lanka,West Indies,DPMD Jayawardene,ST Jayasuriya,DBL Powell,1,0,,,,,,,,,
247486,2006/07,2007-04-01,Providence Stadium,1,34.4,Sri Lanka,West Indies,ST Jayasuriya,DPMD Jayawardene,DBL Powell,1,0,,,,,,,,,
247486,2006/07,2007-04-01,Providence Stadium,1,34.5,Sri Lanka,West Indies,DPMD Jayawardene,ST Jayasuriya,DBL Powell,0,1,,1,,,,,,,
247486,2006/07,2007-04-01,Providence Stadium,1,34.6,Sri Lanka,West Indies,DPMD Jayawardene,ST Jayasuriya,DBL Powell,1,0,,,,,,,,,
247486,2006/07,2007-04-01,Providence Stadium,1,34.7,Sri Lanka,West Indies,ST Jayasuriya,DPMD Jayawardene,DBL Powell,1,0,,,,,,,,,
247486,2006/07,2007-04-01,Providence Stadium,1,35.1,Sri Lanka,West Indies,ST Jayasuriya,DPMD Jayawardene,CH Gayle,1,0,,,,,,,,,
247486,2006/07,2007-04-01,Providence Stadium,1,35.2,Sri Lanka,West Indies,DPMD Jayawardene,ST Jayasuriya,CH Gayle,1,0,,,,,,,,,
247486,2006/07,2007-04-01,Providence Stadium,1,35.3,Sri Lanka,West Indies,ST Jayasuriya,DPMD Jayawardene,CH Gayle,1,0,,,,,,,,,
247486,2006/07,2007-04-01,Providence Stadium,1,35.4,Sri Lanka,West Indies,DPMD Jayawardene,ST Jayasuriya,CH Gayle,0,0,,,,,,,,,
247486,2006/07,2007-04-01,Providence Stadium,1,35.5,Sri Lanka,West Indies,DPMD Jayawardene,ST Jayasuriya,CH Gayle,2,0,,,,,,,,,
247486,2006/07,2007-04-01,Providence Stadium,1,35.6,Sri Lanka,West Indies,DPMD Jayawardene,ST Jayasuriya,CH Gayle,0,0,,,,,,,,,
247486,2006/07,2007-04-01,Providence Stadium,1,36.1,Sri Lanka,West Indies,ST Jayasuriya,DPMD Jayawardene,DBL Powell,1,0,,,,,,,,,
247486,2006/07,2007-04-01,Providence Stadium,1,36.2,Sri Lanka,West Indies,DPMD Jayawardene,ST Jayasuriya,DBL Powell,1,0,,,,,,,,,
247486,2006/07,2007-04-01,Providence Stadium,1,36.3,Sri Lanka,West Indies,ST Jayasuriya,DPMD Jayawardene,DBL Powell,1,0,,,,,,,,,
247486,2006/07,2007-04-01,Providence Stadium,1,36.4,Sri Lanka,West Indies,DPMD Jayawardene,ST Jayasuriya,DBL Powell,0,1,,,,1,,,,,
247486,2006/07,2007-04-01,Providence Stadium,1,36.5,Sri Lanka,West Indies,ST Jayasuriya,DPMD Jayawardene,DBL Powell,1,0,,,,,,,,,
247486,2006/07,2007-04-01,Providence Stadium,1,36.6,Sri Lanka,West Indies,DPMD Jayawardene,ST Jayasuriya,DBL Powell,1,0,,,,,,,,,
247486,2006/07,2007-04-01,Providence Stadium,1,37.1,Sri Lanka,West Indies,DPMD Jayawardene,ST Jayasuriya,CH Gayle,1,0,,,,,,,,,
247486,2006/07,2007-04-01,Providence Stadium,1,37.2,Sri Lanka,West Indies,ST Jayasuriya,DPMD Jayawardene,CH Gayle,2,0,,,,,,,,,
247486,2006/07,2007-04-01,Providence Stadium,1,37.3,Sri Lanka,West Indies,ST Jayasuriya,DPMD Jayawardene,CH Gayle,0,0,,,,,,,,,
247486,2006/07,2007-04-01,Providence Stadium,1,37.4,Sri Lanka,West Indies,ST Jayasuriya,DPMD Jayawardene,CH Gayle,4,0,,,,,,,,,
247486,2006/07,2007-04-01,Providence Stadium,1,37.5,Sri Lanka,West Indies,ST Jayasuriya,DPMD Jayawardene,CH Gayle,1,0,,,,,,,,,
247486,2006/07,2007-04-01,Providence Stadium,1,37.6,Sri Lanka,West Indies,DPMD Jayawardene,ST Jayasuriya,CH Gayle,1,0,,,,,,,,,
247486,2006/07,2007-04-01,Providence Stadium,1,38.1,Sri Lanka,West Indies,DPMD Jayawardene,ST Jayasuriya,DBL Powell,1,0,,,,,,,,,
247486,2006/07,2007-04-01,Providence Stadium,1,38.2,Sri Lanka,West Indies,ST Jayasuriya,DPMD Jayawardene,DBL Powell,1,0,,,,,,,,,
247486,2006/07,2007-04-01,Providence Stadium,1,38.3,Sri Lanka,West Indies,DPMD Jayawardene,ST Jayasuriya,DBL Powell,1,0,,,,,,,,,
247486,2006/07,2007-04-01,Providence Stadium,1,38.4,Sri Lanka,West Indies,ST Jayasuriya,DPMD Jayawardene,DBL Powell,0,0,,,,,,bowled,ST Jayasuriya,,
247486,2006/07,2007-04-01,Providence Stadium,1,38.5,Sri Lanka,West Indies,LPC Silva,DPMD Jayawardene,DBL Powell,0,0,,,,,,,,,
247486,2006/07,2007-04-01,Providence Stadium,1,38.6,Sri Lanka,West Indies,LPC Silva,DPMD Jayawardene,DBL Powell,1,0,,,,,,,,,
247486,2006/07,2007-04-01,Providence Stadium,1,39.1,Sri Lanka,West Indies,LPC Silva,DPMD Jayawardene,CH Gayle,0,0,,,,,,,,,
247486,2006/07,2007-04-01,Providence Stadium,1,39.2,Sri Lanka,West Indies,LPC Silva,DPMD Jayawardene,CH Gayle,0,0,,,,,,,,,
247486,2006/07,2007-04-01,Providence Stadium,1,39.3,Sri Lanka,West Indies,LPC Silva,DPMD Jayawardene,CH Gayle,3,0,,,,,,,,,
247486,2006/07,2007-04-01,Providence Stadium,1,39.4,Sri Lanka,West Indies,DPMD Jayawardene,LPC Silva,CH Gayle,0,0,,,,,,,,,
247486,2006/07,2007-04-01,Providence Stadium,1,39.5,Sri Lanka,West Indies,DPMD Jayawardene,LPC Silva,CH Gayle,1,0,,,,,,,,,
247486,2006/07,2007-04-01,Providence Stadium,1,39.6,Sri Lanka,West Indies,LPC Silva,DPMD Jayawardene,CH Gayle,0,1,,,,1,,,,,
247486,2006/07,2007-04-01,Providence Stadium,1,40.1,Sri Lanka,West Indies,LPC Silva,DPMD Jayawardene,DBL Powell,0,0,,,,,,,,,
247486,2006/07,2007-04-01,Providence Stadium,1,40.2,Sri Lanka,West Indies,LPC Silva,DPMD Jayawardene,DBL Powell,1,0,,,,,,,,,
247486,2006/07,2007-04-01,Providence Stadium,1,40.3,Sri Lanka,West Indies,DPMD Jayawardene,LPC Silva,DBL Powell,1,0,,,,,,,,,
247486,2006/07,2007-04-01,Providence Stadium,1,40.4,Sri Lanka,West Indies,LPC Silva,DPMD Jayawardene,DBL Powell,1,0,,,,,,,,,
247486,2006/07,2007-04-01,Providence Stadium,1,40.5,Sri Lanka,West Indies,DPMD Jayawardene,LPC Silva,DBL Powell,0,0,,,,,,,,,
247486,2006/07,2007-04-01,Providence Stadium,1,40.6,Sri Lanka,West Indies,DPMD Jayawardene,LPC Silva,DBL Powell,2,0,,,,,,,,,
247486,2006/07,2007-04-01,Providence Stadium,1,41.1,Sri Lanka,West Indies,LPC Silva,DPMD Jayawardene,CH Gayle,0,0,,,,,,,,,
247486,2006/07,2007-04-01,Providence Stadium,1,41.2,Sri Lanka,West Indies,LPC Silva,DPMD Jayawardene,CH Gayle,0,0,,,,,,,,,
247486,2006/07,2007-04-01,Providence Stadium,1,41.3,Sri Lanka,West Indies,LPC Silva,DPMD Jayawardene,CH Gayle,0,1,,,,1,,,,,
247486,2006/07,2007-04-01,Providence Stadium,1,41.4,Sri Lanka,West Indies,DPMD Jayawardene,LPC Silva,CH Gayle,1,0,,,,,,,,,
247486,2006/07,2007-04-01,Providence Stadium,1,41.5,Sri Lanka,West Indies,LPC Silva,DPMD Jayawardene,CH Gayle,1,0,,,,,,,,,
247486,2006/07,2007-04-01,Providence Stadium,1,41.6,Sri Lanka,West Indies,DPMD Jayawardene,LPC Silva,CH Gayle,2,0,,,,,,,,,
247486,2006/07,2007-04-01,Providence Stadium,1,42.1,Sri Lanka,West Indies,LPC Silva,DPMD Jayawardene,RR Sarwan,0,0,,,,,,,,,
247486,2006/07,2007-04-01,Providence Stadium,1,42.2,Sri Lanka,West Indies,LPC Silva,DPMD Jayawardene,RR Sarwan,1,0,,,,,,,,,
247486,2006/07,2007-04-01,Providence Stadium,1,42.3,Sri Lanka,West Indies,DPMD Jayawardene,LPC Silva,RR Sarwan,1,0,,,,,,,,,
247486,2006/07,2007-04-01,Providence Stadium,1,42.4,Sri Lanka,West Indies,LPC Silva,DPMD Jayawardene,RR Sarwan,0,0,,,,,,,,,
247486,2006/07,2007-04-01,Providence Stadium,1,42.5,Sri Lanka,West Indies,LPC Silva,DPMD Jayawardene,RR Sarwan,1,0,,,,,,,,,
247486,2006/07,2007-04-01,Providence Stadium,1,42.6,Sri Lanka,West Indies,DPMD Jayawardene,LPC Silva,RR Sarwan,2,0,,,,,,,,,
247486,2006/07,2007-04-01,Providence Stadium,1,43.1,Sri Lanka,West Indies,LPC Silva,DPMD Jayawardene,CH Gayle,1,1,,1,,,,,,,
247486,2006/07,2007-04-01,Providence Stadium,1,43.2,Sri Lanka,West Indies,DPMD Jayawardene,LPC Silva,CH Gayle,0,1,,,,1,,,,,
247486,2006/07,2007-04-01,Providence Stadium,1,43.3,Sri Lanka,West Indies,LPC Silva,DPMD Jayawardene,CH Gayle,2,0,,,,,,,,,
247486,2006/07,2007-04-01,Providence Stadium,1,43.4,Sri Lanka,West Indies,LPC Silva,DPMD Jayawardene,CH Gayle,0,0,,,,,,,,,
247486,2006/07,2007-04-01,Providence Stadium,1,43.5,Sri Lanka,West Indies,LPC Silva,DPMD Jayawardene,CH Gayle,0,0,,,,,,,,,
247486,2006/07,2007-04-01,Providence Stadium,1,43.6,Sri Lanka,West Indies,LPC Silva,DPMD Jayawardene,CH Gayle,3,1,,1,,,,,,,
247486,2006/07,2007-04-01,Providence Stadium,1,43.7,Sri Lanka,West Indies,DPMD Jayawardene,LPC Silva,CH Gayle,2,0,,,,,,,,,
247486,2006/07,2007-04-01,Providence Stadium,1,43.8,Sri Lanka,West Indies,DPMD Jayawardene,LPC Silva,CH Gayle,1,0,,,,,,,,,
247486,2006/07,2007-04-01,Providence Stadium,1,44.1,Sri Lanka,West Indies,DPMD Jayawardene,LPC Silva,DJ Bravo,0,0,,,,,,bowled,DPMD Jayawardene,,
247486,2006/07,2007-04-01,Providence Stadium,1,44.2,Sri Lanka,West Indies,TM Dilshan,LPC Silva,DJ Bravo,0,0,,,,,,,,,
247486,2006/07,2007-04-01,Providence Stadium,1,44.3,Sri Lanka,West Indies,TM Dilshan,LPC Silva,DJ Bravo,3,0,,,,,,,,,
247486,2006/07,2007-04-01,Providence Stadium,1,44.4,Sri Lanka,West Indies,LPC Silva,TM Dilshan,DJ Bravo,1,0,,,,,,,,,
247486,2006/07,2007-04-01,Providence Stadium,1,44.5,Sri Lanka,West Indies,TM Dilshan,LPC Silva,DJ Bravo,1,0,,,,,,,,,
247486,2006/07,2007-04-01,Providence Stadium,1,44.6,Sri Lanka,West Indies,LPC Silva,TM Dilshan,DJ Bravo,2,0,,,,,,,,,
247486,2006/07,2007-04-01,Providence Stadium,1,45.1,Sri Lanka,West Indies,TM Dilshan,LPC Silva,IDR Bradshaw,1,0,,,,,,,,,
247486,2006/07,2007-04-01,Providence Stadium,1,45.2,Sri Lanka,West Indies,LPC Silva,TM Dilshan,IDR Bradshaw,2,0,,,,,,,,,
247486,2006/07,2007-04-01,Providence Stadium,1,45.3,Sri Lanka,West Indies,LPC Silva,TM Dilshan,IDR Bradshaw,2,0,,,,,,,,,
247486,2006/07,2007-04-01,Providence Stadium,1,45.4,Sri Lanka,West Indies,LPC Silva,TM Dilshan,IDR Bradshaw,1,0,,,,,,,,,
247486,2006/07,2007-04-01,Providence Stadium,1,45.5,Sri Lanka,West Indies,TM Dilshan,LPC Silva,IDR Bradshaw,2,0,,,,,,,,,
247486,2006/07,2007-04-01,Providence Stadium,1,45.6,Sri Lanka,West Indies,TM Dilshan,LPC Silva,IDR Bradshaw,2,0,,,,,,,,,
247486,2006/07,2007-04-01,Providence Stadium,1,46.1,Sri Lanka,West Indies,LPC Silva,TM Dilshan,RR Sarwan,0,0,,,,,,,,,
247486,2006/07,2007-04-01,Providence Stadium,1,46.2,Sri Lanka,West Indies,LPC Silva,TM Dilshan,RR Sarwan,0,0,,,,,,,,,
247486,2006/07,2007-04-01,Providence Stadium,1,46.3,Sri Lanka,West Indies,LPC Silva,TM Dilshan,RR Sarwan,0,0,,,,,,,,,
247486,2006/07,2007-04-01,Providence Stadium,1,46.4,Sri Lanka,West Indies,LPC Silva,TM Dilshan,RR Sarwan,0,0,,,,,,caught,LPC Silva,,
247486,2006/07,2007-04-01,Providence Stadium,1,46.5,Sri Lanka,West Indies,RP Arnold,TM Dilshan,RR Sarwan,1,0,,,,,,,,,
247486,2006/07,2007-04-01,Providence Stadium,1,46.6,Sri Lanka,West Indies,TM Dilshan,RP Arnold,RR Sarwan,1,0,,,,,,,,,
247486,2006/07,2007-04-01,Providence Stadium,1,47.1,Sri Lanka,West Indies,TM Dilshan,RP Arnold,DJ Bravo,0,0,,,,,,,,,
247486,2006/07,2007-04-01,Providence Stadium,1,47.2,Sri Lanka,West Indies,TM Dilshan,RP Arnold,DJ Bravo,1,0,,,,,,,,,
247486,2006/07,2007-04-01,Providence Stadium,1,47.3,Sri Lanka,West Indies,RP Arnold,TM Dilshan,DJ Bravo,1,0,,,,,,,,,
247486,2006/07,2007-04-01,Providence Stadium,1,47.4,Sri Lanka,West Indies,TM Dilshan,RP Arnold,DJ Bravo,0,0,,,,,,,,,
247486,2006/07,2007-04-01,Providence Stadium,1,47.5,Sri Lanka,West Indies,TM Dilshan,RP Arnold,DJ Bravo,6,0,,,,,,,,,
247486,2006/07,2007-04-01,Providence Stadium,1,47.6,Sri Lanka,West Indies,TM Dilshan,RP Arnold,DJ Bravo,1,0,,,,,,,,,
247486,2006/07,2007-04-01,Providence Stadium,1,48.1,Sri Lanka,West Indies,TM Dilshan,RP Arnold,RR Sarwan,2,0,,,,,,,,,
247486,2006/07,2007-04-01,Providence Stadium,1,48.2,Sri Lanka,West Indies,TM Dilshan,RP Arnold,RR Sarwan,0,1,1,,,,,,,,
247486,2006/07,2007-04-01,Providence Stadium,1,48.3,Sri Lanka,West Indies,TM Dilshan,RP Arnold,RR Sarwan,0,0,,,,,,,,,
247486,2006/07,2007-04-01,Providence Stadium,1,48.4,Sri Lanka,West Indies,TM Dilshan,RP Arnold,RR Sarwan,1,0,,,,,,,,,
247486,2006/07,2007-04-01,Providence Stadium,1,48.5,Sri Lanka,West Indies,RP Arnold,TM Dilshan,RR Sarwan,1,0,,,,,,,,,
247486,2006/07,2007-04-01,Providence Stadium,1,48.6,Sri Lanka,West Indies,TM Dilshan,RP Arnold,RR Sarwan,4,0,,,,,,,,,
247486,2006/07,2007-04-01,Providence Stadium,1,48.7,Sri Lanka,West Indies,TM Dilshan,RP Arnold,RR Sarwan,1,0,,,,,,,,,
247486,2006/07,2007-04-01,Providence Stadium,1,49.1,Sri Lanka,West Indies,TM Dilshan,RP Arnold,DJ Bravo,1,0,,,,,,,,,
247486,2006/07,2007-04-01,Providence Stadium,1,49.2,Sri Lanka,West Indies,RP Arnold,TM Dilshan,DJ Bravo,1,0,,,,,,,,,
247486,2006/07,2007-04-01,Providence Stadium,1,49.3,Sri Lanka,West Indies,TM Dilshan,RP Arnold,DJ Bravo,2,0,,,,,,,,,
247486,2006/07,2007-04-01,Providence Stadium,1,49.4,Sri Lanka,West Indies,TM Dilshan,RP Arnold,DJ Bravo,0,0,,,,,,,,,
247486,2006/07,2007-04-01,Providence Stadium,1,49.5,Sri Lanka,West Indies,TM Dilshan,RP Arnold,DJ Bravo,4,0,,,,,,,,,
247486,2006/07,2007-04-01,Providence Stadium,1,49.6,Sri Lanka,West Indies,TM Dilshan,RP Arnold,DJ Bravo,6,0,,,,,,,,,
247486,2006/07,2007-04-01,Providence Stadium,2,0.1,West Indies,Sri Lanka,CH Gayle,DJ Bravo,WPUJC Vaas,0,0,,,,,,,,,
247486,2006/07,2007-04-01,Providence Stadium,2,0.2,West Indies,Sri Lanka,CH Gayle,DJ Bravo,WPUJC Vaas,0,0,,,,,,,,,
247486,2006/07,2007-04-01,Providence Stadium,2,0.3,West Indies,Sri Lanka,CH Gayle,DJ Bravo,WPUJC Vaas,0,0,,,,,,,,,
247486,2006/07,2007-04-01,Providence Stadium,2,0.4,West Indies,Sri Lanka,CH Gayle,DJ Bravo,WPUJC Vaas,1,0,,,,,,,,,
247486,2006/07,2007-04-01,Providence Stadium,2,0.5,West Indies,Sri Lanka,DJ Bravo,CH Gayle,WPUJC Vaas,0,0,,,,,,,,,
247486,2006/07,2007-04-01,Providence Stadium,2,0.6,West Indies,Sri Lanka,DJ Bravo,CH Gayle,WPUJC Vaas,0,0,,,,,,,,,
247486,2006/07,2007-04-01,Providence Stadium,2,1.1,West Indies,Sri Lanka,CH Gayle,DJ Bravo,SL Malinga,0,0,,,,,,,,,
247486,2006/07,2007-04-01,Providence Stadium,2,1.2,West Indies,Sri Lanka,CH Gayle,DJ Bravo,SL Malinga,0,0,,,,,,,,,
247486,2006/07,2007-04-01,Providence Stadium,2,1.3,West Indies,Sri Lanka,CH Gayle,DJ Bravo,SL Malinga,4,0,,,,,,,,,
247486,2006/07,2007-04-01,Providence Stadium,2,1.4,West Indies,Sri Lanka,CH Gayle,DJ Bravo,SL Malinga,0,0,,,,,,,,,
247486,2006/07,2007-04-01,Providence Stadium,2,1.5,West Indies,Sri Lanka,CH Gayle,DJ Bravo,SL Malinga,0,0,,,,,,,,,
247486,2006/07,2007-04-01,Providence Stadium,2,1.6,West Indies,Sri Lanka,CH Gayle,DJ Bravo,SL Malinga,0,0,,,,,,,,,
247486,2006/07,2007-04-01,Providence Stadium,2,2.1,West Indies,Sri Lanka,DJ Bravo,CH Gayle,WPUJC Vaas,4,0,,,,,,,,,
247486,2006/07,2007-04-01,Providence Stadium,2,2.2,West Indies,Sri Lanka,DJ Bravo,CH Gayle,WPUJC Vaas,0,0,,,,,,,,,
247486,2006/07,2007-04-01,Providence Stadium,2,2.3,West Indies,Sri Lanka,DJ Bravo,CH Gayle,WPUJC Vaas,2,0,,,,,,,,,
247486,2006/07,2007-04-01,Providence Stadium,2,2.4,West Indies,Sri Lanka,DJ Bravo,CH Gayle,WPUJC Vaas,0,0,,,,,,,,,
247486,2006/07,2007-04-01,Providence Stadium,2,2.5,West Indies,Sri Lanka,DJ Bravo,CH Gayle,WPUJC Vaas,1,0,,,,,,,,,
247486,2006/07,2007-04-01,Providence Stadium,2,2.6,West Indies,Sri Lanka,CH Gayle,DJ Bravo,WPUJC Vaas,0,0,,,,,,,,,
247486,2006/07,2007-04-01,Providence Stadium,2,3.1,West Indies,Sri Lanka,DJ Bravo,CH Gayle,SL Malinga,0,0,,,,,,,,,
247486,2006/07,2007-04-01,Providence Stadium,2,3.2,West Indies,Sri Lanka,DJ Bravo,CH Gayle,SL Malinga,1,0,,,,,,,,,
247486,2006/07,2007-04-01,Providence Stadium,2,3.3,West Indies,Sri Lanka,CH Gayle,DJ Bravo,SL Malinga,0,0,,,,,,,,,
247486,2006/07,2007-04-01,Providence Stadium,2,3.4,West Indies,Sri Lanka,CH Gayle,DJ Bravo,SL Malinga,0,0,,,,,,,,,
247486,2006/07,2007-04-01,Providence Stadium,2,3.5,West Indies,Sri Lanka,CH Gayle,DJ Bravo,SL Malinga,1,0,,,,,,,,,
247486,2006/07,2007-04-01,Providence Stadium,2,3.6,West Indies,Sri Lanka,DJ Bravo,CH Gayle,SL Malinga,0,0,,,,,,,,,
247486,2006/07,2007-04-01,Providence Stadium,2,4.1,West Indies,Sri Lanka,CH Gayle,DJ Bravo,WPUJC Vaas,1,0,,,,,,,,,
247486,2006/07,2007-04-01,Providence Stadium,2,4.2,West Indies,Sri Lanka,DJ Bravo,CH Gayle,WPUJC Vaas,0,0,,,,,,,,,
247486,2006/07,2007-04-01,Providence Stadium,2,4.3,West Indies,Sri Lanka,DJ Bravo,CH Gayle,WPUJC Vaas,1,0,,,,,,,,,
247486,2006/07,2007-04-01,Providence Stadium,2,4.4,West Indies,Sri Lanka,CH Gayle,DJ Bravo,WPUJC Vaas,0,0,,,,,,,,,
247486,2006/07,2007-04-01,Providence Stadium,2,4.5,West Indies,Sri Lanka,CH Gayle,DJ Bravo,WPUJC Vaas,0,1,,1,,,,,,,
247486,2006/07,2007-04-01,Providence Stadium,2,4.6,West Indies,Sri Lanka,CH Gayle,DJ Bravo,WPUJC Vaas,0,0,,,,,,,,,
247486,2006/07,2007-04-01,Providence Stadium,2,4.7,West Indies,Sri Lanka,CH Gayle,DJ Bravo,WPUJC Vaas,1,0,,,,,,,,,
247486,2006/07,2007-04-01,Providence Stadium,2,5.1,West Indies,Sri Lanka,CH Gayle,DJ Bravo,SL Malinga,2,0,,,,,,,,,
247486,2006/07,2007-04-01,Providence Stadium,2,5.2,West Indies,Sri Lanka,CH Gayle,DJ Bravo,SL Malinga,0,0,,,,,,caught,CH Gayle,,
247486,2006/07,2007-04-01,Providence Stadium,2,5.3,West Indies,Sri Lanka,DJ Bravo,S Chanderpaul,SL Malinga,0,0,,,,,,,,,
247486,2006/07,2007-04-01,Providence Stadium,2,5.4,West Indies,Sri Lanka,DJ Bravo,S Chanderpaul,SL Malinga,2,0,,,,,,,,,
247486,2006/07,2007-04-01,Providence Stadium,2,5.5,West Indies,Sri Lanka,DJ Bravo,S Chanderpaul,SL Malinga,0,5,5,,,,,,,,
247486,2006/07,2007-04-01,Providence Stadium,2,5.6,West Indies,Sri Lanka,DJ Bravo,S Chanderpaul,SL Malinga,0,1,1,,,,,,,,
247486,2006/07,2007-04-01,Providence Stadium,2,5.7,West Indies,Sri Lanka,DJ Bravo,S Chanderpaul,SL Malinga,4,0,,,,,,,,,
247486,2006/07,2007-04-01,Providence Stadium,2,5.8,West Indies,Sri Lanka,DJ Bravo,S Chanderpaul,SL Malinga,0,0,,,,,,,,,
247486,2006/07,2007-04-01,Providence Stadium,2,6.1,West Indies,Sri Lanka,S Chanderpaul,DJ Bravo,WPUJC Vaas,0,0,,,,,,,,,
247486,2006/07,2007-04-01,Providence Stadium,2,6.2,West Indies,Sri Lanka,S Chanderpaul,DJ Bravo,WPUJC Vaas,0,0,,,,,,,,,
247486,2006/07,2007-04-01,Providence Stadium,2,6.3,West Indies,Sri Lanka,S Chanderpaul,DJ Bravo,WPUJC Vaas,0,0,,,,,,,,,
247486,2006/07,2007-04-01,Providence Stadium,2,6.4,West Indies,Sri Lanka,S Chanderpaul,DJ Bravo,WPUJC Vaas,0,0,,,,,,,,,
247486,2006/07,2007-04-01,Providence Stadium,2,6.5,West Indies,Sri Lanka,S Chanderpaul,DJ Bravo,WPUJC Vaas,0,0,,,,,,,,,
247486,2006/07,2007-04-01,Providence Stadium,2,6.6,West Indies,Sri Lanka,S Chanderpaul,DJ Bravo,WPUJC Vaas,0,0,,,,,,,,,
247486,2006/07,2007-04-01,Providence Stadium,2,7.1,West Indies,Sri Lanka,DJ Bravo,S Chanderpaul,CRD Fernando,0,1,,1,,,,,,,
247486,2006/07,2007-04-01,Providence Stadium,2,7.2,West Indies,Sri Lanka,DJ Bravo,S Chanderpaul,CRD Fernando,4,0,,,,,,,,,
247486,2006/07,2007-04-01,Providence Stadium,2,7.3,West Indies,Sri Lanka,DJ Bravo,S Chanderpaul,CRD Fernando,0,0,,,,,,,,,
247486,2006/07,2007-04-01,Providence Stadium,2,7.4,West Indies,Sri Lanka,DJ Bravo,S Chanderpaul,CRD Fernando,0,0,,,,,,,,,
247486,2006/07,2007-04-01,Providence Stadium,2,7.5,West Indies,Sri Lanka,DJ Bravo,S Chanderpaul,CRD Fernando,0,0,,,,,,,,,
247486,2006/07,2007-04-01,Providence Stadium,2,7.6,West Indies,Sri Lanka,DJ Bravo,S Chanderpaul,CRD Fernando,0,0,,,,,,,,,
247486,2006/07,2007-04-01,Providence Stadium,2,7.7,West Indies,Sri Lanka,DJ Bravo,S Chanderpaul,CRD Fernando,2,0,,,,,,,,,
247486,2006/07,2007-04-01,Providence Stadium,2,8.1,West Indies,Sri Lanka,S Chanderpaul,DJ Bravo,WPUJC Vaas,0,0,,,,,,,,,
247486,2006/07,2007-04-01,Providence Stadium,2,8.2,West Indies,Sri Lanka,S Chanderpaul,DJ Bravo,WPUJC Vaas,1,0,,,,,,,,,
247486,2006/07,2007-04-01,Providence Stadium,2,8.3,West Indies,Sri Lanka,DJ Bravo,S Chanderpaul,WPUJC Vaas,0,0,,,,,,bowled,DJ Bravo,,
247486,2006/07,2007-04-01,Providence Stadium,2,8.4,West Indies,Sri Lanka,BC Lara,S Chanderpaul,WPUJC Vaas,0,0,,,,,,,,,
247486,2006/07,2007-04-01,Providence Stadium,2,8.5,West Indies,Sri Lanka,BC Lara,S Chanderpaul,WPUJC Vaas,0,0,,,,,,,,,
247486,2006/07,2007-04-01,Providence Stadium,2,8.6,West Indies,Sri Lanka,BC Lara,S Chanderpaul,WPUJC Vaas,2,0,,,,,,,,,
247486,2006/07,2007-04-01,Providence Stadium,2,9.1,West Indies,Sri Lanka,S Chanderpaul,BC Lara,CRD Fernando,0,0,,,,,,,,,
247486,2006/07,2007-04-01,Providence Stadium,2,9.2,West Indies,Sri Lanka,S Chanderpaul,BC Lara,CRD Fernando,0,0,,,,,,,,,
247486,2006/07,2007-04-01,Providence Stadium,2,9.3,West Indies,Sri Lanka,S Chanderpaul,BC Lara,CRD Fernando,0,0,,,,,,,,,
247486,2006/07,2007-04-01,Providence Stadium,2,9.4,West Indies,Sri Lanka,S Chanderpaul,BC Lara,CRD Fernando,0,0,,,,,,,,,
247486,2006/07,2007-04-01,Providence Stadium,2,9.5,West Indies,Sri Lanka,S Chanderpaul,BC Lara,CRD Fernando,0,0,,,,,,,,,
247486,2006/07,2007-04-01,Providence Stadium,2,9.6,West Indies,Sri Lanka,S Chanderpaul,BC Lara,CRD Fernando,0,0,,,,,,,,,
247486,2006/07,2007-04-01,Providence Stadium,2,10.1,West Indies,Sri Lanka,BC Lara,S Chanderpaul,WPUJC Vaas,0,0,,,,,,stumped,BC Lara,,
247486,2006/07,2007-04-01,Providence Stadium,2,10.2,West Indies,Sri Lanka,RR Sarwan,S Chanderpaul,WPUJC Vaas,0,0,,,,,,,,,
247486,2006/07,2007-04-01,Providence Stadium,2,10.3,West Indies,Sri Lanka,RR Sarwan,S Chanderpaul,WPUJC Vaas,0,0,,,,,,,,,
247486,2006/07,2007-04-01,Providence Stadium,2,10.4,West Indies,Sri Lanka,RR Sarwan,S Chanderpaul,WPUJC Vaas,1,0,,,,,,,,,
247486,2006/07,2007-04-01,Providence Stadium,2,10.5,West Indies,Sri Lanka,S Chanderpaul,RR Sarwan,WPUJC Vaas,0,0,,,,,,,,,
247486,2006/07,2007-04-01,Providence Stadium,2,10.6,West Indies,Sri Lanka,S Chanderpaul,RR Sarwan,WPUJC Vaas,0,0,,,,,,,,,
247486,2006/07,2007-04-01,Providence Stadium,2,11.1,West Indies,Sri Lanka,RR Sarwan,S Chanderpaul,CRD Fernando,0,0,,,,,,,,,
247486,2006/07,2007-04-01,Providence Stadium,2,11.2,West Indies,Sri Lanka,RR Sarwan,S Chanderpaul,CRD Fernando,0,0,,,,,,,,,
247486,2006/07,2007-04-01,Providence Stadium,2,11.3,West Indies,Sri Lanka,RR Sarwan,S Chanderpaul,CRD Fernando,0,0,,,,,,,,,
247486,2006/07,2007-04-01,Providence Stadium,2,11.4,West Indies,Sri Lanka,RR Sarwan,S Chanderpaul,CRD Fernando,0,0,,,,,,,,,
247486,2006/07,2007-04-01,Providence Stadium,2,11.5,West Indies,Sri Lanka,RR Sarwan,S Chanderpaul,CRD Fernando,0,0,,,,,,,,,
247486,2006/07,2007-04-01,Providence Stadium,2,11.6,West Indies,Sri Lanka,RR Sarwan,S Chanderpaul,CRD Fernando,0,0,,,,,,,,,
247486,2006/07,2007-04-01,Providence Stadium,2,12.1,West Indies,Sri Lanka,S Chanderpaul,RR Sarwan,WPUJC Vaas,0,0,,,,,,,,,
247486,2006/07,2007-04-01,Providence Stadium,2,12.2,West Indies,Sri Lanka,S Chanderpaul,RR Sarwan,WPUJC Vaas,1,0,,,,,,,,,
247486,2006/07,2007-04-01,Providence Stadium,2,12.3,West Indies,Sri Lanka,RR Sarwan,S Chanderpaul,WPUJC Vaas,0,0,,,,,,,,,
247486,2006/07,2007-04-01,Providence Stadium,2,12.4,West Indies,Sri Lanka,RR Sarwan,S Chanderpaul,WPUJC Vaas,1,0,,,,,,,,,
247486,2006/07,2007-04-01,Providence Stadium,2,12.5,West Indies,Sri Lanka,S Chanderpaul,RR Sarwan,WPUJC Vaas,0,0,,,,,,,,,
247486,2006/07,2007-04-01,Providence Stadium,2,12.6,West Indies,Sri Lanka,S Chanderpaul,RR Sarwan,WPUJC Vaas,0,0,,,,,,,,,
247486,2006/07,2007-04-01,Providence Stadium,2,13.1,West Indies,Sri Lanka,RR Sarwan,S Chanderpaul,CRD Fernando,2,0,,,,,,,,,
247486,2006/07,2007-04-01,Providence Stadium,2,13.2,West Indies,Sri Lanka,RR Sarwan,S Chanderpaul,CRD Fernando,0,0,,,,,,,,,
247486,2006/07,2007-04-01,Providence Stadium,2,13.3,West Indies,Sri Lanka,RR Sarwan,S Chanderpaul,CRD Fernando,1,0,,,,,,,,,
247486,2006/07,2007-04-01,Providence Stadium,2,13.4,West Indies,Sri Lanka,S Chanderpaul,RR Sarwan,CRD Fernando,0,0,,,,,,,,,
247486,2006/07,2007-04-01,Providence Stadium,2,13.5,West Indies,Sri Lanka,S Chanderpaul,RR Sarwan,CRD Fernando,0,0,,,,,,,,,
247486,2006/07,2007-04-01,Providence Stadium,2,13.6,West Indies,Sri Lanka,S Chanderpaul,RR Sarwan,CRD Fernando,1,0,,,,,,,,,
247486,2006/07,2007-04-01,Providence Stadium,2,14.1,West Indies,Sri Lanka,S Chanderpaul,RR Sarwan,WPUJC Vaas,0,0,,,,,,,,,
247486,2006/07,2007-04-01,Providence Stadium,2,14.2,West Indies,Sri Lanka,S Chanderpaul,RR Sarwan,WPUJC Vaas,0,0,,,,,,,,,
247486,2006/07,2007-04-01,Providence Stadium,2,14.3,West Indies,Sri Lanka,S Chanderpaul,RR Sarwan,WPUJC Vaas,0,0,,,,,,,,,
247486,2006/07,2007-04-01,Providence Stadium,2,14.4,West Indies,Sri Lanka,S Chanderpaul,RR Sarwan,WPUJC Vaas,0,0,,,,,,,,,
247486,2006/07,2007-04-01,Providence Stadium,2,14.5,West Indies,Sri Lanka,S Chanderpaul,RR Sarwan,WPUJC Vaas,1,0,,,,,,,,,
247486,2006/07,2007-04-01,Providence Stadium,2,14.6,West Indies,Sri Lanka,RR Sarwan,S Chanderpaul,WPUJC Vaas,0,0,,,,,,,,,
247486,2006/07,2007-04-01,Providence Stadium,2,15.1,West Indies,Sri Lanka,S Chanderpaul,RR Sarwan,TM Dilshan,0,0,,,,,,,,,
247486,2006/07,2007-04-01,Providence Stadium,2,15.2,West Indies,Sri Lanka,S Chanderpaul,RR Sarwan,TM Dilshan,0,0,,,,,,,,,
247486,2006/07,2007-04-01,Providence Stadium,2,15.3,West Indies,Sri Lanka,S Chanderpaul,RR Sarwan,TM Dilshan,1,0,,,,,,,,,
247486,2006/07,2007-04-01,Providence Stadium,2,15.4,West Indies,Sri Lanka,RR Sarwan,S Chanderpaul,TM Dilshan,0,0,,,,,,,,,
247486,2006/07,2007-04-01,Providence Stadium,2,15.5,West Indies,Sri Lanka,RR Sarwan,S Chanderpaul,TM Dilshan,1,0,,,,,,,,,
247486,2006/07,2007-04-01,Providence Stadium,2,15.6,West Indies,Sri Lanka,S Chanderpaul,RR Sarwan,TM Dilshan,1,0,,,,,,,,,
247486,2006/07,2007-04-01,Providence Stadium,2,16.1,West Indies,Sri Lanka,S Chanderpaul,RR Sarwan,RP Arnold,1,0,,,,,,,,,
247486,2006/07,2007-04-01,Providence Stadium,2,16.2,West Indies,Sri Lanka,RR Sarwan,S Chanderpaul,RP Arnold,0,0,,,,,,,,,
247486,2006/07,2007-04-01,Providence Stadium,2,16.3,West Indies,Sri Lanka,RR Sarwan,S Chanderpaul,RP Arnold,1,0,,,,,,,,,
247486,2006/07,2007-04-01,Providence Stadium,2,16.4,West Indies,Sri Lanka,S Chanderpaul,RR Sarwan,RP Arnold,1,0,,,,,,,,,
247486,2006/07,2007-04-01,Providence Stadium,2,16.5,West Indies,Sri Lanka,RR Sarwan,S Chanderpaul,RP Arnold,1,0,,,,,,,,,
247486,2006/07,2007-04-01,Providence Stadium,2,16.6,West Indies,Sri Lanka,S Chanderpaul,RR Sarwan,RP Arnold,0,0,,,,,,,,,
247486,2006/07,2007-04-01,Providence Stadium,2,17.1,West Indies,Sri Lanka,RR Sarwan,S Chanderpaul,TM Dilshan,0,0,,,,,,,,,
247486,2006/07,2007-04-01,Providence Stadium,2,17.2,West Indies,Sri Lanka,RR Sarwan,S Chanderpaul,TM Dilshan,0,0,,,,,,,,,
247486,2006/07,2007-04-01,Providence Stadium,2,17.3,West Indies,Sri Lanka,RR Sarwan,S Chanderpaul,TM Dilshan,1,0,,,,,,,,,
247486,2006/07,2007-04-01,Providence Stadium,2,17.4,West Indies,Sri Lanka,S Chanderpaul,RR Sarwan,TM Dilshan,1,0,,,,,,,,,
247486,2006/07,2007-04-01,Providence Stadium,2,17.5,West Indies,Sri Lanka,RR Sarwan,S Chanderpaul,TM Dilshan,0,0,,,,,,,,,
247486,2006/07,2007-04-01,Providence Stadium,2,17.6,West Indies,Sri Lanka,RR Sarwan,S Chanderpaul,TM Dilshan,1,0,,,,,,,,,
247486,2006/07,2007-04-01,Providence Stadium,2,18.1,West Indies,Sri Lanka,RR Sarwan,S Chanderpaul,RP Arnold,0,0,,,,,,,,,
247486,2006/07,2007-04-01,Providence Stadium,2,18.2,West Indies,Sri Lanka,RR Sarwan,S Chanderpaul,RP Arnold,0,0,,,,,,,,,
247486,2006/07,2007-04-01,Providence Stadium,2,18.3,West Indies,Sri Lanka,RR Sarwan,S Chanderpaul,RP Arnold,1,0,,,,,,,,,
247486,2006/07,2007-04-01,Providence Stadium,2,18.4,West Indies,Sri Lanka,S Chanderpaul,RR Sarwan,RP Arnold,0,0,,,,,,,,,
247486,2006/07,2007-04-01,Providence Stadium,2,18.5,West Indies,Sri Lanka,S Chanderpaul,RR Sarwan,RP Arnold,1,0,,,,,,,,,
247486,2006/07,2007-04-01,Providence Stadium,2,18.6,West Indies,Sri Lanka,RR Sarwan,S Chanderpaul,RP Arnold,0,0,,,,,,,,,
247486,2006/07,2007-04-01,Providence Stadium,2,19.1,West Indies,Sri Lanka,S Chanderpaul,RR Sarwan,TM Dilshan,0,0,,,,,,,,,
247486,2006/07,2007-04-01,Providence Stadium,2,19.2,West Indies,Sri Lanka,S Chanderpaul,RR Sarwan,TM Dilshan,0,0,,,,,,,,,
247486,2006/07,2007-04-01,Providence Stadium,2,19.3,West Indies,Sri Lanka,S Chanderpaul,RR Sarwan,TM Dilshan,0,0,,,,,,,,,
247486,2006/07,2007-04-01,Providence Stadium,2,19.4,West Indies,Sri Lanka,S Chanderpaul,RR Sarwan,TM Dilshan,1,0,,,,,,,,,
247486,2006/07,2007-04-01,Providence Stadium,2,19.5,West Indies,Sri Lanka,RR Sarwan,S Chanderpaul,TM Dilshan,1,0,,,,,,,,,
247486,2006/07,2007-04-01,Providence Stadium,2,19.6,West Indies,Sri Lanka,S Chanderpaul,RR Sarwan,TM Dilshan,1,0,,,,,,,,,
247486,2006/07,2007-04-01,Providence Stadium,2,20.1,West Indies,Sri Lanka,S Chanderpaul,RR Sarwan,RP Arnold,1,0,,,,,,,,,
247486,2006/07,2007-04-01,Providence Stadium,2,20.2,West Indies,Sri Lanka,RR Sarwan,S Chanderpaul,RP Arnold,0,0,,,,,,,,,
247486,2006/07,2007-04-01,Providence Stadium,2,20.3,West Indies,Sri Lanka,RR Sarwan,S Chanderpaul,RP Arnold,0,0,,,,,,,,,
247486,2006/07,2007-04-01,Providence Stadium,2,20.4,West Indies,Sri Lanka,RR Sarwan,S Chanderpaul,RP Arnold,1,0,,,,,,,,,
247486,2006/07,2007-04-01,Providence Stadium,2,20.5,West Indies,Sri Lanka,S Chanderpaul,RR Sarwan,RP Arnold,1,0,,,,,,,,,
247486,2006/07,2007-04-01,Providence Stadium,2,20.6,West Indies,Sri Lanka,RR Sarwan,S Chanderpaul,RP Arnold,0,0,,,,,,,,,
247486,2006/07,2007-04-01,Providence Stadium,2,21.1,West Indies,Sri Lanka,S Chanderpaul,RR Sarwan,TM Dilshan,0,0,,,,,,,,,
247486,2006/07,2007-04-01,Providence Stadium,2,21.2,West Indies,Sri Lanka,S Chanderpaul,RR Sarwan,TM Dilshan,1,0,,,,,,,,,
247486,2006/07,2007-04-01,Providence Stadium,2,21.3,West Indies,Sri Lanka,RR Sarwan,S Chanderpaul,TM Dilshan,0,0,,,,,,,,,
247486,2006/07,2007-04-01,Providence Stadium,2,21.4,West Indies,Sri Lanka,RR Sarwan,S Chanderpaul,TM Dilshan,0,0,,,,,,,,,
247486,2006/07,2007-04-01,Providence Stadium,2,21.5,West Indies,Sri Lanka,RR Sarwan,S Chanderpaul,TM Dilshan,1,0,,,,,,,,,
247486,2006/07,2007-04-01,Providence Stadium,2,21.6,West Indies,Sri Lanka,S Chanderpaul,RR Sarwan,TM Dilshan,0,0,,,,,,,,,
247486,2006/07,2007-04-01,Providence Stadium,2,22.1,West Indies,Sri Lanka,RR Sarwan,S Chanderpaul,CRD Fernando,0,0,,,,,,,,,
247486,2006/07,2007-04-01,Providence Stadium,2,22.2,West Indies,Sri Lanka,RR Sarwan,S Chanderpaul,CRD Fernando,0,0,,,,,,,,,
247486,2006/07,2007-04-01,Providence Stadium,2,22.3,West Indies,Sri Lanka,RR Sarwan,S Chanderpaul,CRD Fernando,0,0,,,,,,,,,
247486,2006/07,2007-04-01,Providence Stadium,2,22.4,West Indies,Sri Lanka,RR Sarwan,S Chanderpaul,CRD Fernando,0,0,,,,,,,,,
247486,2006/07,2007-04-01,Providence Stadium,2,22.5,West Indies,Sri Lanka,RR Sarwan,S Chanderpaul,CRD Fernando,1,0,,,,,,,,,
247486,2006/07,2007-04-01,Providence Stadium,2,22.6,West Indies,Sri Lanka,S Chanderpaul,RR Sarwan,CRD Fernando,0,1,1,,,,,,,,
247486,2006/07,2007-04-01,Providence Stadium,2,22.7,West Indies,Sri Lanka,S Chanderpaul,RR Sarwan,CRD Fernando,0,0,,,,,,,,,
247486,2006/07,2007-04-01,Providence Stadium,2,23.1,West Indies,Sri Lanka,RR Sarwan,S Chanderpaul,M Muralitharan,0,0,,,,,,,,,
247486,2006/07,2007-04-01,Providence Stadium,2,23.2,West Indies,Sri Lanka,RR Sarwan,S Chanderpaul,M Muralitharan,1,0,,,,,,,,,
247486,2006/07,2007-04-01,Providence Stadium,2,23.3,West Indies,Sri Lanka,S Chanderpaul,RR Sarwan,M Muralitharan,0,0,,,,,,,,,
247486,2006/07,2007-04-01,Providence Stadium,2,23.4,West Indies,Sri Lanka,S Chanderpaul,RR Sarwan,M Muralitharan,0,0,,,,,,,,,
247486,2006/07,2007-04-01,Providence Stadium,2,23.5,West Indies,Sri Lanka,S Chanderpaul,RR Sarwan,M Muralitharan,2,0,,,,,,,,,
247486,2006/07,2007-04-01,Providence Stadium,2,23.6,West Indies,Sri Lanka,S Chanderpaul,RR Sarwan,M Muralitharan,0,1,1,,,,,,,,
247486,2006/07,2007-04-01,Providence Stadium,2,23.7,West Indies,Sri Lanka,S Chanderpaul,RR Sarwan,M Muralitharan,0,0,,,,,,,,,
247486,2006/07,2007-04-01,Providence Stadium,2,24.1,West Indies,Sri Lanka,RR Sarwan,S Chanderpaul,CRD Fernando,1,0,,,,,,,,,
247486,2006/07,2007-04-01,Providence Stadium,2,24.2,West Indies,Sri Lanka,S Chanderpaul,RR Sarwan,CRD Fernando,4,0,,,,,,,,,
247486,2006/07,2007-04-01,Providence Stadium,2,24.3,West Indies,Sri Lanka,S Chanderpaul,RR Sarwan,CRD Fernando,0,0,,,,,,,,,
247486,2006/07,2007-04-01,Providence Stadium,2,24.4,West Indies,Sri Lanka,S Chanderpaul,RR Sarwan,CRD Fernando,0,0,,,,,,,,,
247486,2006/07,2007-04-01,Providence Stadium,2,24.5,West Indies,Sri Lanka,S Chanderpaul,RR Sarwan,CRD Fernando,1,0,,,,,,,,,
247486,2006/07,2007-04-01,Providence Stadium,2,24.6,West Indies,Sri Lanka,RR Sarwan,S Chanderpaul,CRD Fernando,0,0,,,,,,,,,
247486,2006/07,2007-04-01,Providence Stadium,2,25.1,West Indies,Sri Lanka,S Chanderpaul,RR Sarwan,M Muralitharan,0,0,,,,,,,,,
247486,2006/07,2007-04-01,Providence Stadium,2,25.2,West Indies,Sri Lanka,S Chanderpaul,RR Sarwan,M Muralitharan,2,0,,,,,,,,,
247486,2006/07,2007-04-01,Providence Stadium,2,25.3,West Indies,Sri Lanka,S Chanderpaul,RR Sarwan,M Muralitharan,0,0,,,,,,,,,
247486,2006/07,2007-04-01,Providence Stadium,2,25.4,West Indies,Sri Lanka,S Chanderpaul,RR Sarwan,M Muralitharan,0,0,,,,,,,,,
247486,2006/07,2007-04-01,Providence Stadium,2,25.5,West Indies,Sri Lanka,S Chanderpaul,RR Sarwan,M Muralitharan,0,0,,,,,,,,,
247486,2006/07,2007-04-01,Providence Stadium,2,25.6,West Indies,Sri Lanka,S Chanderpaul,RR Sarwan,M Muralitharan,1,0,,,,,,,,,
247486,2006/07,2007-04-01,Providence Stadium,2,26.1,West Indies,Sri Lanka,S Chanderpaul,RR Sarwan,CRD Fernando,0,0,,,,,,,,,
247486,2006/07,2007-04-01,Providence Stadium,2,26.2,West Indies,Sri Lanka,S Chanderpaul,RR Sarwan,CRD Fernando,0,0,,,,,,,,,
247486,2006/07,2007-04-01,Providence Stadium,2,26.3,West Indies,Sri Lanka,S Chanderpaul,RR Sarwan,CRD Fernando,0,0,,,,,,,,,
247486,2006/07,2007-04-01,Providence Stadium,2,26.4,West Indies,Sri Lanka,S Chanderpaul,RR Sarwan,CRD Fernando,0,0,,,,,,,,,
247486,2006/07,2007-04-01,Providence Stadium,2,26.5,West Indies,Sri Lanka,S Chanderpaul,RR Sarwan,CRD Fernando,0,0,,,,,,,,,
247486,2006/07,2007-04-01,Providence Stadium,2,26.6,West Indies,Sri Lanka,S Chanderpaul,RR Sarwan,CRD Fernando,0,0,,,,,,,,,
247486,2006/07,2007-04-01,Providence Stadium,2,27.1,West Indies,Sri Lanka,RR Sarwan,S Chanderpaul,M Muralitharan,0,0,,,,,,,,,
247486,2006/07,2007-04-01,Providence Stadium,2,27.2,West Indies,Sri Lanka,RR Sarwan,S Chanderpaul,M Muralitharan,2,0,,,,,,,,,
247486,2006/07,2007-04-01,Providence Stadium,2,27.3,West Indies,Sri Lanka,RR Sarwan,S Chanderpaul,M Muralitharan,1,0,,,,,,,,,
247486,2006/07,2007-04-01,Providence Stadium,2,27.4,West Indies,Sri Lanka,S Chanderpaul,RR Sarwan,M Muralitharan,1,0,,,,,,,,,
247486,2006/07,2007-04-01,Providence Stadium,2,27.5,West Indies,Sri Lanka,RR Sarwan,S Chanderpaul,M Muralitharan,1,0,,,,,,,,,
247486,2006/07,2007-04-01,Providence Stadium,2,27.6,West Indies,Sri Lanka,S Chanderpaul,RR Sarwan,M Muralitharan,6,0,,,,,,,,,
247486,2006/07,2007-04-01,Providence Stadium,2,28.1,West Indies,Sri Lanka,RR Sarwan,S Chanderpaul,ST Jayasuriya,0,0,,,,,,,,,
247486,2006/07,2007-04-01,Providence Stadium,2,28.2,West Indies,Sri Lanka,RR Sarwan,S Chanderpaul,ST Jayasuriya,0,0,,,,,,,,,
247486,2006/07,2007-04-01,Providence Stadium,2,28.3,West Indies,Sri Lanka,RR Sarwan,S Chanderpaul,ST Jayasuriya,1,0,,,,,,,,,
247486,2006/07,2007-04-01,Providence Stadium,2,28.4,West Indies,Sri Lanka,S Chanderpaul,RR Sarwan,ST Jayasuriya,0,0,,,,,,,,,
247486,2006/07,2007-04-01,Providence Stadium,2,28.5,West Indies,Sri Lanka,S Chanderpaul,RR Sarwan,ST Jayasuriya,0,0,,,,,,,,,
247486,2006/07,2007-04-01,Providence Stadium,2,28.6,West Indies,Sri Lanka,S Chanderpaul,RR Sarwan,ST Jayasuriya,1,0,,,,,,,,,
247486,2006/07,2007-04-01,Providence Stadium,2,29.1,West Indies,Sri Lanka,S Chanderpaul,RR Sarwan,M Muralitharan,0,0,,,,,,,,,
247486,2006/07,2007-04-01,Providence Stadium,2,29.2,West Indies,Sri Lanka,S Chanderpaul,RR Sarwan,M Muralitharan,0,0,,,,,,,,,
247486,2006/07,2007-04-01,Providence Stadium,2,29.3,West Indies,Sri Lanka,S Chanderpaul,RR Sarwan,M Muralitharan,0,0,,,,,,,,,
247486,2006/07,2007-04-01,Providence Stadium,2,29.4,West Indies,Sri Lanka,S Chanderpaul,RR Sarwan,M Muralitharan,0,0,,,,,,,,,
247486,2006/07,2007-04-01,Providence Stadium,2,29.5,West Indies,Sri Lanka,S Chanderpaul,RR Sarwan,M Muralitharan,1,0,,,,,,,,,
247486,2006/07,2007-04-01,Providence Stadium,2,29.6,West Indies,Sri Lanka,RR Sarwan,S Chanderpaul,M Muralitharan,1,0,,,,,,,,,
247486,2006/07,2007-04-01,Providence Stadium,2,30.1,West Indies,Sri Lanka,RR Sarwan,S Chanderpaul,ST Jayasuriya,6,0,,,,,,,,,
247486,2006/07,2007-04-01,Providence Stadium,2,30.2,West Indies,Sri Lanka,RR Sarwan,S Chanderpaul,ST Jayasuriya,1,0,,,,,,,,,
247486,2006/07,2007-04-01,Providence Stadium,2,30.3,West Indies,Sri Lanka,S Chanderpaul,RR Sarwan,ST Jayasuriya,0,1,,,,1,,,,,
247486,2006/07,2007-04-01,Providence Stadium,2,30.4,West Indies,Sri Lanka,RR Sarwan,S Chanderpaul,ST Jayasuriya,0,0,,,,,,,,,
247486,2006/07,2007-04-01,Providence Stadium,2,30.5,West Indies,Sri Lanka,RR Sarwan,S Chanderpaul,ST Jayasuriya,1,0,,,,,,,,,
247486,2006/07,2007-04-01,Providence Stadium,2,30.6,West Indies,Sri Lanka,S Chanderpaul,RR Sarwan,ST Jayasuriya,0,0,,,,,,,,,
247486,2006/07,2007-04-01,Providence Stadium,2,31.1,West Indies,Sri Lanka,RR Sarwan,S Chanderpaul,M Muralitharan,1,0,,,,,,,,,
247486,2006/07,2007-04-01,Providence Stadium,2,31.2,West Indies,Sri Lanka,S Chanderpaul,RR Sarwan,M Muralitharan,0,0,,,,,,,,,
247486,2006/07,2007-04-01,Providence Stadium,2,31.3,West Indies,Sri Lanka,S Chanderpaul,RR Sarwan,M Muralitharan,0,0,,,,,,,,,
247486,2006/07,2007-04-01,Providence Stadium,2,31.4,West Indies,Sri Lanka,S Chanderpaul,RR Sarwan,M Muralitharan,0,0,,,,,,,,,
247486,2006/07,2007-04-01,Providence Stadium,2,31.5,West Indies,Sri Lanka,S Chanderpaul,RR Sarwan,M Muralitharan,1,0,,,,,,,,,
247486,2006/07,2007-04-01,Providence Stadium,2,31.6,West Indies,Sri Lanka,RR Sarwan,S Chanderpaul,M Muralitharan,2,0,,,,,,,,,
247486,2006/07,2007-04-01,Providence Stadium,2,32.1,West Indies,Sri Lanka,S Chanderpaul,RR Sarwan,ST Jayasuriya,1,0,,,,,,,,,
247486,2006/07,2007-04-01,Providence Stadium,2,32.2,West Indies,Sri Lanka,RR Sarwan,S Chanderpaul,ST Jayasuriya,1,0,,,,,,,,,
247486,2006/07,2007-04-01,Providence Stadium,2,32.3,West Indies,Sri Lanka,S Chanderpaul,RR Sarwan,ST Jayasuriya,1,0,,,,,,,,,
247486,2006/07,2007-04-01,Providence Stadium,2,32.4,West Indies,Sri Lanka,RR Sarwan,S Chanderpaul,ST Jayasuriya,4,0,,,,,,,,,
247486,2006/07,2007-04-01,Providence Stadium,2,32.5,West Indies,Sri Lanka,RR Sarwan,S Chanderpaul,ST Jayasuriya,2,0,,,,,,,,,
247486,2006/07,2007-04-01,Providence Stadium,2,32.6,West Indies,Sri Lanka,RR Sarwan,S Chanderpaul,ST Jayasuriya,2,0,,,,,,,,,
247486,2006/07,2007-04-01,Providence Stadium,2,33.1,West Indies,Sri Lanka,S Chanderpaul,RR Sarwan,M Muralitharan,1,0,,,,,,,,,
247486,2006/07,2007-04-01,Providence Stadium,2,33.2,West Indies,Sri Lanka,RR Sarwan,S Chanderpaul,M Muralitharan,1,0,,,,,,,,,
247486,2006/07,2007-04-01,Providence Stadium,2,33.3,West Indies,Sri Lanka,S Chanderpaul,RR Sarwan,M Muralitharan,6,0,,,,,,,,,
247486,2006/07,2007-04-01,Providence Stadium,2,33.4,West Indies,Sri Lanka,S Chanderpaul,RR Sarwan,M Muralitharan,1,0,,,,,,,,,
247486,2006/07,2007-04-01,Providence Stadium,2,33.5,West Indies,Sri Lanka,RR Sarwan,S Chanderpaul,M Muralitharan,0,0,,,,,,,,,
247486,2006/07,2007-04-01,Providence Stadium,2,33.6,West Indies,Sri Lanka,RR Sarwan,S Chanderpaul,M Muralitharan,0,0,,,,,,,,,
247486,2006/07,2007-04-01,Providence Stadium,2,34.1,West Indies,Sri Lanka,S Chanderpaul,RR Sarwan,ST Jayasuriya,1,0,,,,,,,,,
247486,2006/07,2007-04-01,Providence Stadium,2,34.2,West Indies,Sri Lanka,RR Sarwan,S Chanderpaul,ST Jayasuriya,0,0,,,,,,stumped,RR Sarwan,,
247486,2006/07,2007-04-01,Providence Stadium,2,34.3,West Indies,Sri Lanka,MN Samuels,S Chanderpaul,ST Jayasuriya,1,0,,,,,,,,,
247486,2006/07,2007-04-01,Providence Stadium,2,34.4,West Indies,Sri Lanka,S Chanderpaul,MN Samuels,ST Jayasuriya,1,0,,,,,,,,,
247486,2006/07,2007-04-01,Providence Stadium,2,34.5,West Indies,Sri Lanka,MN Samuels,S Chanderpaul,ST Jayasuriya,1,0,,,,,,,,,
247486,2006/07,2007-04-01,Providence Stadium,2,34.6,West Indies,Sri Lanka,S Chanderpaul,MN Samuels,ST Jayasuriya,1,0,,,,,,,,,
247486,2006/07,2007-04-01,Providence Stadium,2,35.1,West Indies,Sri Lanka,S Chanderpaul,MN Samuels,M Muralitharan,6,0,,,,,,,,,
247486,2006/07,2007-04-01,Providence Stadium,2,35.2,West Indies,Sri Lanka,S Chanderpaul,MN Samuels,M Muralitharan,1,0,,,,,,,,,
247486,2006/07,2007-04-01,Providence Stadium,2,35.3,West Indies,Sri Lanka,MN Samuels,S Chanderpaul,M Muralitharan,0,0,,,,,,,,,
247486,2006/07,2007-04-01,Providence Stadium,2,35.4,West Indies,Sri Lanka,MN Samuels,S Chanderpaul,M Muralitharan,1,0,,,,,,,,,
247486,2006/07,2007-04-01,Providence Stadium,2,35.5,West Indies,Sri Lanka,S Chanderpaul,MN Samuels,M Muralitharan,1,0,,,,,,,,,
247486,2006/07,2007-04-01,Providence Stadium,2,35.6,West Indies,Sri Lanka,MN Samuels,S Chanderpaul,M Muralitharan,0,0,,,,,,lbw,MN Samuels,,
247486,2006/07,2007-04-01,Providence Stadium,2,36.1,West Indies,Sri Lanka,S Chanderpaul,DR Smith,ST Jayasuriya,0,0,,,,,,,,,
247486,2006/07,2007-04-01,Providence Stadium,2,36.2,West Indies,Sri Lanka,S Chanderpaul,DR Smith,ST Jayasuriya,1,0,,,,,,,,,
247486,2006/07,2007-04-01,Providence Stadium,2,36.3,West Indies,Sri Lanka,DR Smith,S Chanderpaul,ST Jayasuriya,0,0,,,,,,,,,
247486,2006/07,2007-04-01,Providence Stadium,2,36.4,West Indies,Sri Lanka,DR Smith,S Chanderpaul,ST Jayasuriya,0,0,,,,,,run out,DR Smith,,
247486,2006/07,2007-04-01,Providence Stadium,2,36.5,West Indies,Sri Lanka,D Ramdin,S Chanderpaul,ST Jayasuriya,0,0,,,,,,,,,
247486,2006/07,2007-04-01,Providence Stadium,2,36.6,West Indies,Sri Lanka,D Ramdin,S Chanderpaul,ST Jayasuriya,0,0,,,,,,,,,
247486,2006/07,2007-04-01,Providence Stadium,2,37.1,West Indies,Sri Lanka,S Chanderpaul,D Ramdin,M Muralitharan,0,0,,,,,,,,,
247486,2006/07,2007-04-01,Providence Stadium,2,37.2,West Indies,Sri Lanka,S Chanderpaul,D Ramdin,M Muralitharan,1,0,,,,,,,,,
247486,2006/07,2007-04-01,Providence Stadium,2,37.3,West Indies,Sri Lanka,D Ramdin,S Chanderpaul,M Muralitharan,1,0,,,,,,,,,
247486,2006/07,2007-04-01,Providence Stadium,2,37.4,West Indies,Sri Lanka,S Chanderpaul,D Ramdin,M Muralitharan,1,0,,,,,,,,,
247486,2006/07,2007-04-01,Providence Stadium,2,37.5,West Indies,Sri Lanka,D Ramdin,S Chanderpaul,M Muralitharan,1,0,,,,,,,,,
247486,2006/07,2007-04-01,Providence Stadium,2,37.6,West Indies,Sri Lanka,S Chanderpaul,D Ramdin,M Muralitharan,6,0,,,,,,,,,
247486,2006/07,2007-04-01,Providence Stadium,2,38.1,West Indies,Sri Lanka,D Ramdin,S Chanderpaul,ST Jayasuriya,0,0,,,,,,caught,D Ramdin,,
247486,2006/07,2007-04-01,Providence Stadium,2,38.2,West Indies,Sri Lanka,S Chanderpaul,IDR Bradshaw,ST Jayasuriya,1,0,,,,,,,,,
247486,2006/07,2007-04-01,Providence Stadium,2,38.3,West Indies,Sri Lanka,IDR Bradshaw,S Chanderpaul,ST Jayasuriya,0,0,,,,,,,,,
247486,2006/07,2007-04-01,Providence Stadium,2,38.4,West Indies,Sri Lanka,IDR Bradshaw,S Chanderpaul,ST Jayasuriya,0,0,,,,,,,,,
247486,2006/07,2007-04-01,Providence Stadium,2,38.5,West Indies,Sri Lanka,IDR Bradshaw,S Chanderpaul,ST Jayasuriya,1,0,,,,,,,,,
247486,2006/07,2007-04-01,Providence Stadium,2,38.6,West Indies,Sri Lanka,S Chanderpaul,IDR Bradshaw,ST Jayasuriya,1,0,,,,,,,,,
247486,2006/07,2007-04-01,Providence Stadium,2,39.1,West Indies,Sri Lanka,S Chanderpaul,IDR Bradshaw,SL Malinga,0,0,,,,,,,,,
247486,2006/07,2007-04-01,Providence Stadium,2,39.2,West Indies,Sri Lanka,S Chanderpaul,IDR Bradshaw,SL Malinga,1,0,,,,,,,,,
247486,2006/07,2007-04-01,Providence Stadium,2,39.3,West Indies,Sri Lanka,IDR Bradshaw,S Chanderpaul,SL Malinga,0,0,,,,,,,,,
247486,2006/07,2007-04-01,Providence Stadium,2,39.4,West Indies,Sri Lanka,IDR Bradshaw,S Chanderpaul,SL Malinga,0,0,,,,,,,,,
247486,2006/07,2007-04-01,Providence Stadium,2,39.5,West Indies,Sri Lanka,IDR Bradshaw,S Chanderpaul,SL Malinga,0,0,,,,,,,,,
247486,2006/07,2007-04-01,Providence Stadium,2,39.6,West Indies,Sri Lanka,IDR Bradshaw,S Chanderpaul,SL Malinga,1,0,,,,,,,,,
247486,2006/07,2007-04-01,Providence Stadium,2,40.1,West Indies,Sri Lanka,IDR Bradshaw,S Chanderpaul,ST Jayasuriya,0,0,,,,,,,,,
247486,2006/07,2007-04-01,Providence Stadium,2,40.2,West Indies,Sri Lanka,IDR Bradshaw,S Chanderpaul,ST Jayasuriya,0,0,,,,,,,,,
247486,2006/07,2007-04-01,Providence Stadium,2,40.3,West Indies,Sri Lanka,IDR Bradshaw,S Chanderpaul,ST Jayasuriya,1,0,,,,,,,,,
247486,2006/07,2007-04-01,Providence Stadium,2,40.4,West Indies,Sri Lanka,S Chanderpaul,IDR Bradshaw,ST Jayasuriya,1,0,,,,,,,,,
247486,2006/07,2007-04-01,Providence Stadium,2,40.5,West Indies,Sri Lanka,IDR Bradshaw,S Chanderpaul,ST Jayasuriya,1,0,,,,,,,,,
247486,2006/07,2007-04-01,Providence Stadium,2,40.6,West Indies,Sri Lanka,S Chanderpaul,IDR Bradshaw,ST Jayasuriya,1,0,,,,,,,,,
247486,2006/07,2007-04-01,Providence Stadium,2,41.1,West Indies,Sri Lanka,S Chanderpaul,IDR Bradshaw,SL Malinga,6,0,,,,,,,,,
247486,2006/07,2007-04-01,Providence Stadium,2,41.2,West Indies,Sri Lanka,S Chanderpaul,IDR Bradshaw,SL Malinga,0,0,,,,,,bowled,S Chanderpaul,,
247486,2006/07,2007-04-01,Providence Stadium,2,41.3,West Indies,Sri Lanka,JE Taylor,IDR Bradshaw,SL Malinga,0,0,,,,,,,,,
247486,2006/07,2007-04-01,Providence Stadium,2,41.4,West Indies,Sri Lanka,JE Taylor,IDR Bradshaw,SL Malinga,0,0,,,,,,,,,
247486,2006/07,2007-04-01,Providence Stadium,2,41.5,West Indies,Sri Lanka,JE Taylor,IDR Bradshaw,SL Malinga,2,0,,,,,,,,,
247486,2006/07,2007-04-01,Providence Stadium,2,41.6,West Indies,Sri Lanka,JE Taylor,IDR Bradshaw,SL Malinga,4,0,,,,,,,,,
247486,2006/07,2007-04-01,Providence Stadium,2,42.1,West Indies,Sri Lanka,IDR Bradshaw,JE Taylor,ST Jayasuriya,0,0,,,,,,,,,
247486,2006/07,2007-04-01,Providence Stadium,2,42.2,West Indies,Sri Lanka,IDR Bradshaw,JE Taylor,ST Jayasuriya,0,0,,,,,,,,,
247486,2006/07,2007-04-01,Providence Stadium,2,42.3,West Indies,Sri Lanka,IDR Bradshaw,JE Taylor,ST Jayasuriya,1,0,,,,,,,,,
247486,2006/07,2007-04-01,Providence Stadium,2,42.4,West Indies,Sri Lanka,JE Taylor,IDR Bradshaw,ST Jayasuriya,1,0,,,,,,,,,
247486,2006/07,2007-04-01,Providence Stadium,2,42.5,West Indies,Sri Lanka,IDR Bradshaw,JE Taylor,ST Jayasuriya,0,0,,,,,,,,,
247486,2006/07,2007-04-01,Providence Stadium,2,42.6,West Indies,Sri Lanka,IDR Bradshaw,JE Taylor,ST Jayasuriya,0,0,,,,,,,,,
247486,2006/07,2007-04-01,Providence Stadium,2,43.1,West Indies,Sri Lanka,JE Taylor,IDR Bradshaw,M Muralitharan,0,0,,,,,,,,,
247486,2006/07,2007-04-01,Providence Stadium,2,43.2,West Indies,Sri Lanka,JE Taylor,IDR Bradshaw,M Muralitharan,4,0,,,,,,,,,
247486,2006/07,2007-04-01,Providence Stadium,2,43.3,West Indies,Sri Lanka,JE Taylor,IDR Bradshaw,M Muralitharan,2,0,,,,,,,,,
247486,2006/07,2007-04-01,Providence Stadium,2,43.4,West Indies,Sri Lanka,JE Taylor,IDR Bradshaw,M Muralitharan,0,0,,,,,,lbw,JE Taylor,,
247486,2006/07,2007-04-01,Providence Stadium,2,43.5,West Indies,Sri Lanka,DBL Powell,IDR Bradshaw,M Muralitharan,0,0,,,,,,,,,
247486,2006/07,2007-04-01,Providence Stadium,2,43.6,West Indies,Sri Lanka,DBL Powell,IDR Bradshaw,M Muralitharan,1,0,,,,,,,,,
247486,2006/07,2007-04-01,Providence Stadium,2,44.1,West Indies,Sri Lanka,DBL Powell,IDR Bradshaw,ST Jayasuriya,1,0,,,,,,,,,
247486,2006/07,2007-04-01,Providence Stadium,2,44.2,West Indies,Sri Lanka,IDR Bradshaw,DBL Powell,ST Jayasuriya,1,0,,,,,,,,,
247486,2006/07,2007-04-01,Providence Stadium,2,44.3,West Indies,Sri Lanka,DBL Powell,IDR Bradshaw,ST Jayasuriya,0,0,,,,,,bowled,DBL Powell,,
