version,2.1.0
info,balls_per_over,6
info,team,Canada
info,team,New Zealand
info,gender,male
info,season,2006/07
info,date,2007/03/22
info,event,ICC World Cup
info,match_number,18
info,venue,"Beausejour Stadium, Gros Islet"
info,city,St Lucia
info,toss_winner,Canada
info,toss_decision,field
info,player_of_match,L Vincent
info,umpire,Asad Rauf
info,umpire,BR Doctrove
info,reserve_umpire,PD Parker
info,tv_umpire,RE Koertzen
info,match_referee,MJ Procter
info,winner,New Zealand
info,winner_runs,114
info,player,Canada,JM Davison
info,player,Canada,GEF Barnett
info,player,Canada,A Bagai
info,player,Canada,IS Billcliff
info,player,Canada,AM Samad
info,player,Canada,AA Mulla
info,player,Canada,S Dhaniram
info,player,Canada,U Bhatti
info,player,Canada,AC Cummins
info,player,Canada,KT Sandher
info,player,Canada,H Osinde
info,player,New Zealand,L Vincent
info,player,New Zealand,SP Fleming
info,player,New Zealand,PG Fulton
info,player,New Zealand,SB Styris
info,player,New Zealand,CD McMillan
info,player,New Zealand,JDP Oram
info,player,New Zealand,BB McCullum
info,player,New Zealand,DL Vettori
info,player,New Zealand,DR Tuffey
info,player,New Zealand,JS Patel
info,player,New Zealand,MJ Mason
info,registry,people,A Bagai,112959b2
info,registry,people,AA Mulla,82c528b2
info,registry,people,AC Cummins,ad75edc3
info,registry,people,AM Samad,513158ed
info,registry,people,Asad Rauf,861606b7
info,registry,people,BB McCullum,b8a55852
info,registry,people,BR Doctrove,cbebf805
info,registry,people,CD McMillan,f5390243
info,registry,people,DL Vettori,d7c6af50
info,registry,people,DR Tuffey,43936951
info,registry,people,GEF Barnett,b7646e8c
info,registry,people,H Osinde,2b8b75a0
info,registry,people,IS Billcliff,1fb2f362
info,registry,people,JDP Oram,3eac9d95
info,registry,people,JM Davison,5471024e
info,registry,people,JS Patel,f5821615
info,registry,people,KT Sandher,41c8bae3
info,registry,people,L Vincent,2764133a
info,registry,people,MJ Mason,aab3e7be
info,registry,people,MJ Procter,32e65048
info,registry,people,PD Parker,439aa572
info,registry,people,PG Fulton,10a2a1ff
info,registry,people,RE Koertzen,0265fab2
info,registry,people,S Dhaniram,123e663a
info,registry,people,SB Styris,57efa3be
info,registry,people,SP Fleming,eea6b7f1
info,registry,people,U Bhatti,c66d9486
