match_id,season,start_date,venue,innings,ball,batting_team,bowling_team,striker,non_striker,bowler,runs_off_bat,extras,wides,noballs,byes,legbyes,penalty,wicket_type,player_dismissed,other_wicket_type,other_player_dismissed
247483,2006/07,2007-03-29,"Sir Vivian Richards Stadium, North Sound",1,0.1,West Indies,New Zealand,CH Gayle,S Chanderpaul,MJ Mason,1,0,,,,,,,,,
247483,2006/07,2007-03-29,"Sir Vivian Richards Stadium, North Sound",1,0.2,West Indies,New Zealand,S Chanderpaul,CH Gayle,MJ Mason,0,0,,,,,,,,,
247483,2006/07,2007-03-29,"Sir Vivian Richards Stadium, North Sound",1,0.3,West Indies,New Zealand,S Chanderpaul,CH Gayle,MJ Mason,0,0,,,,,,,,,
247483,2006/07,2007-03-29,"Sir Vivian Richards Stadium, North Sound",1,0.4,West Indies,New Zealand,S Chanderpaul,CH Gayle,MJ Mason,0,0,,,,,,,,,
247483,2006/07,2007-03-29,"Sir Vivian Richards Stadium, North Sound",1,0.5,West Indies,New Zealand,S Chanderpaul,CH Gayle,MJ Mason,0,0,,,,,,,,,
247483,2006/07,2007-03-29,"Sir Vivian Richards Stadium, North Sound",1,0.6,West Indies,New Zealand,S Chanderpaul,CH Gayle,MJ Mason,1,0,,,,,,,,,
247483,2006/07,2007-03-29,"Sir Vivian Richards Stadium, North Sound",1,1.1,West Indies,New Zealand,S Chanderpaul,CH Gayle,SE Bond,1,0,,,,,,,,,
247483,2006/07,2007-03-29,"Sir Vivian Richards Stadium, North Sound",1,1.2,West Indies,New Zealand,CH Gayle,S Chanderpaul,SE Bond,0,0,,,,,,,,,
247483,2006/07,2007-03-29,"Sir Vivian Richards Stadium, North Sound",1,1.3,West Indies,New Zealand,CH Gayle,S Chanderpaul,SE Bond,0,1,1,,,,,,,,
247483,2006/07,2007-03-29,"Sir Vivian Richards Stadium, North Sound",1,1.4,West Indies,New Zealand,CH Gayle,S Chanderpaul,SE Bond,0,0,,,,,,,,,
247483,2006/07,2007-03-29,"Sir Vivian Richards Stadium, North Sound",1,1.5,West Indies,New Zealand,CH Gayle,S Chanderpaul,SE Bond,0,1,1,,,,,,,,
247483,2006/07,2007-03-29,"Sir Vivian Richards Stadium, North Sound",1,1.6,West Indies,New Zealand,CH Gayle,S Chanderpaul,SE Bond,0,0,,,,,,,,,
247483,2006/07,2007-03-29,"Sir Vivian Richards Stadium, North Sound",1,1.7,West Indies,New Zealand,CH Gayle,S Chanderpaul,SE Bond,0,0,,,,,,,,,
247483,2006/07,2007-03-29,"Sir Vivian Richards Stadium, North Sound",1,1.8,West Indies,New Zealand,CH Gayle,S Chanderpaul,SE Bond,0,0,,,,,,,,,
247483,2006/07,2007-03-29,"Sir Vivian Richards Stadium, North Sound",1,2.1,West Indies,New Zealand,S Chanderpaul,CH Gayle,MJ Mason,0,0,,,,,,,,,
247483,2006/07,2007-03-29,"Sir Vivian Richards Stadium, North Sound",1,2.2,West Indies,New Zealand,S Chanderpaul,CH Gayle,MJ Mason,0,0,,,,,,,,,
247483,2006/07,2007-03-29,"Sir Vivian Richards Stadium, North Sound",1,2.3,West Indies,New Zealand,S Chanderpaul,CH Gayle,MJ Mason,0,0,,,,,,,,,
247483,2006/07,2007-03-29,"Sir Vivian Richards Stadium, North Sound",1,2.4,West Indies,New Zealand,S Chanderpaul,CH Gayle,MJ Mason,1,0,,,,,,,,,
247483,2006/07,2007-03-29,"Sir Vivian Richards Stadium, North Sound",1,2.5,West Indies,New Zealand,CH Gayle,S Chanderpaul,MJ Mason,0,0,,,,,,,,,
247483,2006/07,2007-03-29,"Sir Vivian Richards Stadium, North Sound",1,2.6,West Indies,New Zealand,CH Gayle,S Chanderpaul,MJ Mason,0,0,,,,,,,,,
247483,2006/07,2007-03-29,"Sir Vivian Richards Stadium, North Sound",1,3.1,West Indies,New Zealand,S Chanderpaul,CH Gayle,SE Bond,0,0,,,,,,,,,
247483,2006/07,2007-03-29,"Sir Vivian Richards Stadium, North Sound",1,3.2,West Indies,New Zealand,S Chanderpaul,CH Gayle,SE Bond,0,0,,,,,,,,,
247483,2006/07,2007-03-29,"Sir Vivian Richards Stadium, North Sound",1,3.3,West Indies,New Zealand,S Chanderpaul,CH Gayle,SE Bond,0,0,,,,,,,,,
247483,2006/07,2007-03-29,"Sir Vivian Richards Stadium, North Sound",1,3.4,West Indies,New Zealand,S Chanderpaul,CH Gayle,SE Bond,1,0,,,,,,,,,
247483,2006/07,2007-03-29,"Sir Vivian Richards Stadium, North Sound",1,3.5,West Indies,New Zealand,CH Gayle,S Chanderpaul,SE Bond,0,0,,,,,,,,,
247483,2006/07,2007-03-29,"Sir Vivian Richards Stadium, North Sound",1,3.6,West Indies,New Zealand,CH Gayle,S Chanderpaul,SE Bond,0,0,,,,,,,,,
247483,2006/07,2007-03-29,"Sir Vivian Richards Stadium, North Sound",1,4.1,West Indies,New Zealand,S Chanderpaul,CH Gayle,MJ Mason,0,0,,,,,,,,,
247483,2006/07,2007-03-29,"Sir Vivian Richards Stadium, North Sound",1,4.2,West Indies,New Zealand,S Chanderpaul,CH Gayle,MJ Mason,0,0,,,,,,,,,
247483,2006/07,2007-03-29,"Sir Vivian Richards Stadium, North Sound",1,4.3,West Indies,New Zealand,S Chanderpaul,CH Gayle,MJ Mason,0,0,,,,,,,,,
247483,2006/07,2007-03-29,"Sir Vivian Richards Stadium, North Sound",1,4.4,West Indies,New Zealand,S Chanderpaul,CH Gayle,MJ Mason,0,0,,,,,,,,,
247483,2006/07,2007-03-29,"Sir Vivian Richards Stadium, North Sound",1,4.5,West Indies,New Zealand,S Chanderpaul,CH Gayle,MJ Mason,0,0,,,,,,,,,
247483,2006/07,2007-03-29,"Sir Vivian Richards Stadium, North Sound",1,4.6,West Indies,New Zealand,S Chanderpaul,CH Gayle,MJ Mason,0,0,,,,,,,,,
247483,2006/07,2007-03-29,"Sir Vivian Richards Stadium, North Sound",1,5.1,West Indies,New Zealand,CH Gayle,S Chanderpaul,SE Bond,0,0,,,,,,,,,
247483,2006/07,2007-03-29,"Sir Vivian Richards Stadium, North Sound",1,5.2,West Indies,New Zealand,CH Gayle,S Chanderpaul,SE Bond,0,0,,,,,,,,,
247483,2006/07,2007-03-29,"Sir Vivian Richards Stadium, North Sound",1,5.3,West Indies,New Zealand,CH Gayle,S Chanderpaul,SE Bond,4,0,,,,,,,,,
247483,2006/07,2007-03-29,"Sir Vivian Richards Stadium, North Sound",1,5.4,West Indies,New Zealand,CH Gayle,S Chanderpaul,SE Bond,0,0,,,,,,,,,
247483,2006/07,2007-03-29,"Sir Vivian Richards Stadium, North Sound",1,5.5,West Indies,New Zealand,CH Gayle,S Chanderpaul,SE Bond,0,0,,,,,,,,,
247483,2006/07,2007-03-29,"Sir Vivian Richards Stadium, North Sound",1,5.6,West Indies,New Zealand,CH Gayle,S Chanderpaul,SE Bond,0,0,,,,,,,,,
247483,2006/07,2007-03-29,"Sir Vivian Richards Stadium, North Sound",1,6.1,West Indies,New Zealand,S Chanderpaul,CH Gayle,MJ Mason,0,0,,,,,,,,,
247483,2006/07,2007-03-29,"Sir Vivian Richards Stadium, North Sound",1,6.2,West Indies,New Zealand,S Chanderpaul,CH Gayle,MJ Mason,0,0,,,,,,,,,
247483,2006/07,2007-03-29,"Sir Vivian Richards Stadium, North Sound",1,6.3,West Indies,New Zealand,S Chanderpaul,CH Gayle,MJ Mason,0,0,,,,,,,,,
247483,2006/07,2007-03-29,"Sir Vivian Richards Stadium, North Sound",1,6.4,West Indies,New Zealand,S Chanderpaul,CH Gayle,MJ Mason,0,0,,,,,,,,,
247483,2006/07,2007-03-29,"Sir Vivian Richards Stadium, North Sound",1,6.5,West Indies,New Zealand,S Chanderpaul,CH Gayle,MJ Mason,0,0,,,,,,,,,
247483,2006/07,2007-03-29,"Sir Vivian Richards Stadium, North Sound",1,6.6,West Indies,New Zealand,S Chanderpaul,CH Gayle,MJ Mason,0,0,,,,,,,,,
247483,2006/07,2007-03-29,"Sir Vivian Richards Stadium, North Sound",1,7.1,West Indies,New Zealand,CH Gayle,S Chanderpaul,SE Bond,2,0,,,,,,,,,
247483,2006/07,2007-03-29,"Sir Vivian Richards Stadium, North Sound",1,7.2,West Indies,New Zealand,CH Gayle,S Chanderpaul,SE Bond,0,0,,,,,,,,,
247483,2006/07,2007-03-29,"Sir Vivian Richards Stadium, North Sound",1,7.3,West Indies,New Zealand,CH Gayle,S Chanderpaul,SE Bond,0,1,,,1,,,,,,
247483,2006/07,2007-03-29,"Sir Vivian Richards Stadium, North Sound",1,7.4,West Indies,New Zealand,S Chanderpaul,CH Gayle,SE Bond,0,0,,,,,,,,,
247483,2006/07,2007-03-29,"Sir Vivian Richards Stadium, North Sound",1,7.5,West Indies,New Zealand,S Chanderpaul,CH Gayle,SE Bond,0,0,,,,,,caught,S Chanderpaul,,
247483,2006/07,2007-03-29,"Sir Vivian Richards Stadium, North Sound",1,7.6,West Indies,New Zealand,RR Sarwan,CH Gayle,SE Bond,2,0,,,,,,,,,
247483,2006/07,2007-03-29,"Sir Vivian Richards Stadium, North Sound",1,8.1,West Indies,New Zealand,CH Gayle,RR Sarwan,MJ Mason,4,0,,,,,,,,,
247483,2006/07,2007-03-29,"Sir Vivian Richards Stadium, North Sound",1,8.2,West Indies,New Zealand,CH Gayle,RR Sarwan,MJ Mason,0,0,,,,,,,,,
247483,2006/07,2007-03-29,"Sir Vivian Richards Stadium, North Sound",1,8.3,West Indies,New Zealand,CH Gayle,RR Sarwan,MJ Mason,0,0,,,,,,,,,
247483,2006/07,2007-03-29,"Sir Vivian Richards Stadium, North Sound",1,8.4,West Indies,New Zealand,CH Gayle,RR Sarwan,MJ Mason,4,0,,,,,,,,,
247483,2006/07,2007-03-29,"Sir Vivian Richards Stadium, North Sound",1,8.5,West Indies,New Zealand,CH Gayle,RR Sarwan,MJ Mason,0,0,,,,,,,,,
247483,2006/07,2007-03-29,"Sir Vivian Richards Stadium, North Sound",1,8.6,West Indies,New Zealand,CH Gayle,RR Sarwan,MJ Mason,2,0,,,,,,,,,
247483,2006/07,2007-03-29,"Sir Vivian Richards Stadium, North Sound",1,9.1,West Indies,New Zealand,RR Sarwan,CH Gayle,SE Bond,0,0,,,,,,,,,
247483,2006/07,2007-03-29,"Sir Vivian Richards Stadium, North Sound",1,9.2,West Indies,New Zealand,RR Sarwan,CH Gayle,SE Bond,0,0,,,,,,,,,
247483,2006/07,2007-03-29,"Sir Vivian Richards Stadium, North Sound",1,9.3,West Indies,New Zealand,RR Sarwan,CH Gayle,SE Bond,0,0,,,,,,,,,
247483,2006/07,2007-03-29,"Sir Vivian Richards Stadium, North Sound",1,9.4,West Indies,New Zealand,RR Sarwan,CH Gayle,SE Bond,1,0,,,,,,,,,
247483,2006/07,2007-03-29,"Sir Vivian Richards Stadium, North Sound",1,9.5,West Indies,New Zealand,CH Gayle,RR Sarwan,SE Bond,0,0,,,,,,,,,
247483,2006/07,2007-03-29,"Sir Vivian Richards Stadium, North Sound",1,9.6,West Indies,New Zealand,CH Gayle,RR Sarwan,SE Bond,0,0,,,,,,,,,
247483,2006/07,2007-03-29,"Sir Vivian Richards Stadium, North Sound",1,10.1,West Indies,New Zealand,RR Sarwan,CH Gayle,MJ Mason,0,0,,,,,,,,,
247483,2006/07,2007-03-29,"Sir Vivian Richards Stadium, North Sound",1,10.2,West Indies,New Zealand,RR Sarwan,CH Gayle,MJ Mason,0,0,,,,,,,,,
247483,2006/07,2007-03-29,"Sir Vivian Richards Stadium, North Sound",1,10.3,West Indies,New Zealand,RR Sarwan,CH Gayle,MJ Mason,0,0,,,,,,,,,
247483,2006/07,2007-03-29,"Sir Vivian Richards Stadium, North Sound",1,10.4,West Indies,New Zealand,RR Sarwan,CH Gayle,MJ Mason,0,0,,,,,,,,,
247483,2006/07,2007-03-29,"Sir Vivian Richards Stadium, North Sound",1,10.5,West Indies,New Zealand,RR Sarwan,CH Gayle,MJ Mason,0,1,1,,,,,,,,
247483,2006/07,2007-03-29,"Sir Vivian Richards Stadium, North Sound",1,10.6,West Indies,New Zealand,RR Sarwan,CH Gayle,MJ Mason,0,0,,,,,,,,,
247483,2006/07,2007-03-29,"Sir Vivian Richards Stadium, North Sound",1,10.7,West Indies,New Zealand,RR Sarwan,CH Gayle,MJ Mason,0,0,,,,,,,,,
247483,2006/07,2007-03-29,"Sir Vivian Richards Stadium, North Sound",1,11.1,West Indies,New Zealand,CH Gayle,RR Sarwan,JEC Franklin,0,0,,,,,,,,,
247483,2006/07,2007-03-29,"Sir Vivian Richards Stadium, North Sound",1,11.2,West Indies,New Zealand,CH Gayle,RR Sarwan,JEC Franklin,0,0,,,,,,,,,
247483,2006/07,2007-03-29,"Sir Vivian Richards Stadium, North Sound",1,11.3,West Indies,New Zealand,CH Gayle,RR Sarwan,JEC Franklin,4,0,,,,,,,,,
247483,2006/07,2007-03-29,"Sir Vivian Richards Stadium, North Sound",1,11.4,West Indies,New Zealand,CH Gayle,RR Sarwan,JEC Franklin,0,0,,,,,,,,,
247483,2006/07,2007-03-29,"Sir Vivian Richards Stadium, North Sound",1,11.5,West Indies,New Zealand,CH Gayle,RR Sarwan,JEC Franklin,0,0,,,,,,,,,
247483,2006/07,2007-03-29,"Sir Vivian Richards Stadium, North Sound",1,11.6,West Indies,New Zealand,CH Gayle,RR Sarwan,JEC Franklin,0,0,,,,,,,,,
247483,2006/07,2007-03-29,"Sir Vivian Richards Stadium, North Sound",1,12.1,West Indies,New Zealand,RR Sarwan,CH Gayle,JDP Oram,0,0,,,,,,,,,
247483,2006/07,2007-03-29,"Sir Vivian Richards Stadium, North Sound",1,12.2,West Indies,New Zealand,RR Sarwan,CH Gayle,JDP Oram,0,0,,,,,,,,,
247483,2006/07,2007-03-29,"Sir Vivian Richards Stadium, North Sound",1,12.3,West Indies,New Zealand,RR Sarwan,CH Gayle,JDP Oram,1,0,,,,,,,,,
247483,2006/07,2007-03-29,"Sir Vivian Richards Stadium, North Sound",1,12.4,West Indies,New Zealand,CH Gayle,RR Sarwan,JDP Oram,1,0,,,,,,,,,
247483,2006/07,2007-03-29,"Sir Vivian Richards Stadium, North Sound",1,12.5,West Indies,New Zealand,RR Sarwan,CH Gayle,JDP Oram,4,0,,,,,,,,,
247483,2006/07,2007-03-29,"Sir Vivian Richards Stadium, North Sound",1,12.6,West Indies,New Zealand,RR Sarwan,CH Gayle,JDP Oram,2,0,,,,,,,,,
247483,2006/07,2007-03-29,"Sir Vivian Richards Stadium, North Sound",1,13.1,West Indies,New Zealand,CH Gayle,RR Sarwan,JEC Franklin,0,0,,,,,,,,,
247483,2006/07,2007-03-29,"Sir Vivian Richards Stadium, North Sound",1,13.2,West Indies,New Zealand,CH Gayle,RR Sarwan,JEC Franklin,0,0,,,,,,,,,
247483,2006/07,2007-03-29,"Sir Vivian Richards Stadium, North Sound",1,13.3,West Indies,New Zealand,CH Gayle,RR Sarwan,JEC Franklin,4,0,,,,,,,,,
247483,2006/07,2007-03-29,"Sir Vivian Richards Stadium, North Sound",1,13.4,West Indies,New Zealand,CH Gayle,RR Sarwan,JEC Franklin,4,0,,,,,,,,,
247483,2006/07,2007-03-29,"Sir Vivian Richards Stadium, North Sound",1,13.5,West Indies,New Zealand,CH Gayle,RR Sarwan,JEC Franklin,4,0,,,,,,,,,
247483,2006/07,2007-03-29,"Sir Vivian Richards Stadium, North Sound",1,13.6,West Indies,New Zealand,CH Gayle,RR Sarwan,JEC Franklin,0,0,,,,,,,,,
247483,2006/07,2007-03-29,"Sir Vivian Richards Stadium, North Sound",1,14.1,West Indies,New Zealand,RR Sarwan,CH Gayle,JDP Oram,0,0,,,,,,,,,
247483,2006/07,2007-03-29,"Sir Vivian Richards Stadium, North Sound",1,14.2,West Indies,New Zealand,RR Sarwan,CH Gayle,JDP Oram,0,0,,,,,,,,,
247483,2006/07,2007-03-29,"Sir Vivian Richards Stadium, North Sound",1,14.3,West Indies,New Zealand,RR Sarwan,CH Gayle,JDP Oram,0,0,,,,,,,,,
247483,2006/07,2007-03-29,"Sir Vivian Richards Stadium, North Sound",1,14.4,West Indies,New Zealand,RR Sarwan,CH Gayle,JDP Oram,0,0,,,,,,,,,
247483,2006/07,2007-03-29,"Sir Vivian Richards Stadium, North Sound",1,14.5,West Indies,New Zealand,RR Sarwan,CH Gayle,JDP Oram,1,0,,,,,,,,,
247483,2006/07,2007-03-29,"Sir Vivian Richards Stadium, North Sound",1,14.6,West Indies,New Zealand,CH Gayle,RR Sarwan,JDP Oram,0,0,,,,,,,,,
247483,2006/07,2007-03-29,"Sir Vivian Richards Stadium, North Sound",1,15.1,West Indies,New Zealand,RR Sarwan,CH Gayle,JEC Franklin,1,0,,,,,,,,,
247483,2006/07,2007-03-29,"Sir Vivian Richards Stadium, North Sound",1,15.2,West Indies,New Zealand,CH Gayle,RR Sarwan,JEC Franklin,4,0,,,,,,,,,
247483,2006/07,2007-03-29,"Sir Vivian Richards Stadium, North Sound",1,15.3,West Indies,New Zealand,CH Gayle,RR Sarwan,JEC Franklin,1,0,,,,,,,,,
247483,2006/07,2007-03-29,"Sir Vivian Richards Stadium, North Sound",1,15.4,West Indies,New Zealand,RR Sarwan,CH Gayle,JEC Franklin,2,0,,,,,,,,,
247483,2006/07,2007-03-29,"Sir Vivian Richards Stadium, North Sound",1,15.5,West Indies,New Zealand,RR Sarwan,CH Gayle,JEC Franklin,4,0,,,,,,,,,
247483,2006/07,2007-03-29,"Sir Vivian Richards Stadium, North Sound",1,15.6,West Indies,New Zealand,RR Sarwan,CH Gayle,JEC Franklin,1,0,,,,,,,,,
247483,2006/07,2007-03-29,"Sir Vivian Richards Stadium, North Sound",1,16.1,West Indies,New Zealand,RR Sarwan,CH Gayle,JDP Oram,0,0,,,,,,,,,
247483,2006/07,2007-03-29,"Sir Vivian Richards Stadium, North Sound",1,16.2,West Indies,New Zealand,RR Sarwan,CH Gayle,JDP Oram,0,0,,,,,,caught,RR Sarwan,,
247483,2006/07,2007-03-29,"Sir Vivian Richards Stadium, North Sound",1,16.3,West Indies,New Zealand,MN Samuels,CH Gayle,JDP Oram,0,0,,,,,,,,,
247483,2006/07,2007-03-29,"Sir Vivian Richards Stadium, North Sound",1,16.4,West Indies,New Zealand,MN Samuels,CH Gayle,JDP Oram,0,0,,,,,,,,,
247483,2006/07,2007-03-29,"Sir Vivian Richards Stadium, North Sound",1,16.5,West Indies,New Zealand,MN Samuels,CH Gayle,JDP Oram,0,0,,,,,,,,,
247483,2006/07,2007-03-29,"Sir Vivian Richards Stadium, North Sound",1,16.6,West Indies,New Zealand,MN Samuels,CH Gayle,JDP Oram,0,0,,,,,,,,,
247483,2006/07,2007-03-29,"Sir Vivian Richards Stadium, North Sound",1,17.1,West Indies,New Zealand,CH Gayle,MN Samuels,SB Styris,0,0,,,,,,,,,
247483,2006/07,2007-03-29,"Sir Vivian Richards Stadium, North Sound",1,17.2,West Indies,New Zealand,CH Gayle,MN Samuels,SB Styris,0,0,,,,,,,,,
247483,2006/07,2007-03-29,"Sir Vivian Richards Stadium, North Sound",1,17.3,West Indies,New Zealand,CH Gayle,MN Samuels,SB Styris,0,0,,,,,,,,,
247483,2006/07,2007-03-29,"Sir Vivian Richards Stadium, North Sound",1,17.4,West Indies,New Zealand,CH Gayle,MN Samuels,SB Styris,1,0,,,,,,,,,
247483,2006/07,2007-03-29,"Sir Vivian Richards Stadium, North Sound",1,17.5,West Indies,New Zealand,MN Samuels,CH Gayle,SB Styris,1,0,,,,,,,,,
247483,2006/07,2007-03-29,"Sir Vivian Richards Stadium, North Sound",1,17.6,West Indies,New Zealand,CH Gayle,MN Samuels,SB Styris,0,0,,,,,,,,,
247483,2006/07,2007-03-29,"Sir Vivian Richards Stadium, North Sound",1,18.1,West Indies,New Zealand,MN Samuels,CH Gayle,JDP Oram,0,0,,,,,,,,,
247483,2006/07,2007-03-29,"Sir Vivian Richards Stadium, North Sound",1,18.2,West Indies,New Zealand,MN Samuels,CH Gayle,JDP Oram,0,0,,,,,,,,,
247483,2006/07,2007-03-29,"Sir Vivian Richards Stadium, North Sound",1,18.3,West Indies,New Zealand,MN Samuels,CH Gayle,JDP Oram,1,0,,,,,,,,,
247483,2006/07,2007-03-29,"Sir Vivian Richards Stadium, North Sound",1,18.4,West Indies,New Zealand,CH Gayle,MN Samuels,JDP Oram,1,0,,,,,,,,,
247483,2006/07,2007-03-29,"Sir Vivian Richards Stadium, North Sound",1,18.5,West Indies,New Zealand,MN Samuels,CH Gayle,JDP Oram,0,0,,,,,,,,,
247483,2006/07,2007-03-29,"Sir Vivian Richards Stadium, North Sound",1,18.6,West Indies,New Zealand,MN Samuels,CH Gayle,JDP Oram,4,0,,,,,,,,,
247483,2006/07,2007-03-29,"Sir Vivian Richards Stadium, North Sound",1,19.1,West Indies,New Zealand,CH Gayle,MN Samuels,SB Styris,1,0,,,,,,,,,
247483,2006/07,2007-03-29,"Sir Vivian Richards Stadium, North Sound",1,19.2,West Indies,New Zealand,MN Samuels,CH Gayle,SB Styris,0,0,,,,,,,,,
247483,2006/07,2007-03-29,"Sir Vivian Richards Stadium, North Sound",1,19.3,West Indies,New Zealand,MN Samuels,CH Gayle,SB Styris,2,0,,,,,,,,,
247483,2006/07,2007-03-29,"Sir Vivian Richards Stadium, North Sound",1,19.4,West Indies,New Zealand,MN Samuels,CH Gayle,SB Styris,0,0,,,,,,,,,
247483,2006/07,2007-03-29,"Sir Vivian Richards Stadium, North Sound",1,19.5,West Indies,New Zealand,MN Samuels,CH Gayle,SB Styris,0,0,,,,,,,,,
247483,2006/07,2007-03-29,"Sir Vivian Richards Stadium, North Sound",1,19.6,West Indies,New Zealand,MN Samuels,CH Gayle,SB Styris,1,0,,,,,,,,,
247483,2006/07,2007-03-29,"Sir Vivian Richards Stadium, North Sound",1,20.1,West Indies,New Zealand,MN Samuels,CH Gayle,JDP Oram,0,0,,,,,,,,,
247483,2006/07,2007-03-29,"Sir Vivian Richards Stadium, North Sound",1,20.2,West Indies,New Zealand,MN Samuels,CH Gayle,JDP Oram,0,0,,,,,,,,,
247483,2006/07,2007-03-29,"Sir Vivian Richards Stadium, North Sound",1,20.3,West Indies,New Zealand,MN Samuels,CH Gayle,JDP Oram,0,0,,,,,,caught,MN Samuels,,
247483,2006/07,2007-03-29,"Sir Vivian Richards Stadium, North Sound",1,20.4,West Indies,New Zealand,BC Lara,CH Gayle,JDP Oram,0,0,,,,,,,,,
247483,2006/07,2007-03-29,"Sir Vivian Richards Stadium, North Sound",1,20.5,West Indies,New Zealand,BC Lara,CH Gayle,JDP Oram,0,0,,,,,,,,,
247483,2006/07,2007-03-29,"Sir Vivian Richards Stadium, North Sound",1,20.6,West Indies,New Zealand,BC Lara,CH Gayle,JDP Oram,0,0,,,,,,,,,
247483,2006/07,2007-03-29,"Sir Vivian Richards Stadium, North Sound",1,21.1,West Indies,New Zealand,CH Gayle,BC Lara,DL Vettori,1,0,,,,,,,,,
247483,2006/07,2007-03-29,"Sir Vivian Richards Stadium, North Sound",1,21.2,West Indies,New Zealand,BC Lara,CH Gayle,DL Vettori,0,0,,,,,,,,,
247483,2006/07,2007-03-29,"Sir Vivian Richards Stadium, North Sound",1,21.3,West Indies,New Zealand,BC Lara,CH Gayle,DL Vettori,1,0,,,,,,,,,
247483,2006/07,2007-03-29,"Sir Vivian Richards Stadium, North Sound",1,21.4,West Indies,New Zealand,CH Gayle,BC Lara,DL Vettori,0,0,,,,,,,,,
247483,2006/07,2007-03-29,"Sir Vivian Richards Stadium, North Sound",1,21.5,West Indies,New Zealand,CH Gayle,BC Lara,DL Vettori,0,0,,,,,,,,,
247483,2006/07,2007-03-29,"Sir Vivian Richards Stadium, North Sound",1,21.6,West Indies,New Zealand,CH Gayle,BC Lara,DL Vettori,1,0,,,,,,,,,
247483,2006/07,2007-03-29,"Sir Vivian Richards Stadium, North Sound",1,22.1,West Indies,New Zealand,CH Gayle,BC Lara,JDP Oram,0,0,,,,,,,,,
247483,2006/07,2007-03-29,"Sir Vivian Richards Stadium, North Sound",1,22.2,West Indies,New Zealand,CH Gayle,BC Lara,JDP Oram,0,0,,,,,,bowled,CH Gayle,,
247483,2006/07,2007-03-29,"Sir Vivian Richards Stadium, North Sound",1,22.3,West Indies,New Zealand,DJ Bravo,BC Lara,JDP Oram,0,0,,,,,,,,,
247483,2006/07,2007-03-29,"Sir Vivian Richards Stadium, North Sound",1,22.4,West Indies,New Zealand,DJ Bravo,BC Lara,JDP Oram,0,0,,,,,,,,,
247483,2006/07,2007-03-29,"Sir Vivian Richards Stadium, North Sound",1,22.5,West Indies,New Zealand,DJ Bravo,BC Lara,JDP Oram,1,0,,,,,,,,,
247483,2006/07,2007-03-29,"Sir Vivian Richards Stadium, North Sound",1,22.6,West Indies,New Zealand,BC Lara,DJ Bravo,JDP Oram,0,0,,,,,,,,,
247483,2006/07,2007-03-29,"Sir Vivian Richards Stadium, North Sound",1,23.1,West Indies,New Zealand,DJ Bravo,BC Lara,DL Vettori,2,0,,,,,,,,,
247483,2006/07,2007-03-29,"Sir Vivian Richards Stadium, North Sound",1,23.2,West Indies,New Zealand,DJ Bravo,BC Lara,DL Vettori,0,0,,,,,,,,,
247483,2006/07,2007-03-29,"Sir Vivian Richards Stadium, North Sound",1,23.3,West Indies,New Zealand,DJ Bravo,BC Lara,DL Vettori,0,0,,,,,,,,,
247483,2006/07,2007-03-29,"Sir Vivian Richards Stadium, North Sound",1,23.4,West Indies,New Zealand,DJ Bravo,BC Lara,DL Vettori,1,0,,,,,,,,,
247483,2006/07,2007-03-29,"Sir Vivian Richards Stadium, North Sound",1,23.5,West Indies,New Zealand,BC Lara,DJ Bravo,DL Vettori,1,0,,,,,,,,,
247483,2006/07,2007-03-29,"Sir Vivian Richards Stadium, North Sound",1,23.6,West Indies,New Zealand,DJ Bravo,BC Lara,DL Vettori,0,0,,,,,,,,,
247483,2006/07,2007-03-29,"Sir Vivian Richards Stadium, North Sound",1,24.1,West Indies,New Zealand,BC Lara,DJ Bravo,JDP Oram,0,0,,,,,,,,,
247483,2006/07,2007-03-29,"Sir Vivian Richards Stadium, North Sound",1,24.2,West Indies,New Zealand,BC Lara,DJ Bravo,JDP Oram,1,0,,,,,,,,,
247483,2006/07,2007-03-29,"Sir Vivian Richards Stadium, North Sound",1,24.3,West Indies,New Zealand,DJ Bravo,BC Lara,JDP Oram,0,0,,,,,,,,,
247483,2006/07,2007-03-29,"Sir Vivian Richards Stadium, North Sound",1,24.4,West Indies,New Zealand,DJ Bravo,BC Lara,JDP Oram,1,0,,,,,,,,,
247483,2006/07,2007-03-29,"Sir Vivian Richards Stadium, North Sound",1,24.5,West Indies,New Zealand,BC Lara,DJ Bravo,JDP Oram,0,0,,,,,,,,,
247483,2006/07,2007-03-29,"Sir Vivian Richards Stadium, North Sound",1,24.6,West Indies,New Zealand,BC Lara,DJ Bravo,JDP Oram,1,0,,,,,,,,,
247483,2006/07,2007-03-29,"Sir Vivian Richards Stadium, North Sound",1,25.1,West Indies,New Zealand,BC Lara,DJ Bravo,DL Vettori,1,0,,,,,,,,,
247483,2006/07,2007-03-29,"Sir Vivian Richards Stadium, North Sound",1,25.2,West Indies,New Zealand,DJ Bravo,BC Lara,DL Vettori,1,0,,,,,,,,,
247483,2006/07,2007-03-29,"Sir Vivian Richards Stadium, North Sound",1,25.3,West Indies,New Zealand,BC Lara,DJ Bravo,DL Vettori,3,0,,,,,,,,,
247483,2006/07,2007-03-29,"Sir Vivian Richards Stadium, North Sound",1,25.4,West Indies,New Zealand,DJ Bravo,BC Lara,DL Vettori,0,0,,,,,,,,,
247483,2006/07,2007-03-29,"Sir Vivian Richards Stadium, North Sound",1,25.5,West Indies,New Zealand,DJ Bravo,BC Lara,DL Vettori,1,0,,,,,,,,,
247483,2006/07,2007-03-29,"Sir Vivian Richards Stadium, North Sound",1,25.6,West Indies,New Zealand,BC Lara,DJ Bravo,DL Vettori,1,0,,,,,,,,,
247483,2006/07,2007-03-29,"Sir Vivian Richards Stadium, North Sound",1,26.1,West Indies,New Zealand,BC Lara,DJ Bravo,JDP Oram,0,0,,,,,,,,,
247483,2006/07,2007-03-29,"Sir Vivian Richards Stadium, North Sound",1,26.2,West Indies,New Zealand,BC Lara,DJ Bravo,JDP Oram,0,0,,,,,,,,,
247483,2006/07,2007-03-29,"Sir Vivian Richards Stadium, North Sound",1,26.3,West Indies,New Zealand,BC Lara,DJ Bravo,JDP Oram,1,0,,,,,,,,,
247483,2006/07,2007-03-29,"Sir Vivian Richards Stadium, North Sound",1,26.4,West Indies,New Zealand,DJ Bravo,BC Lara,JDP Oram,1,0,,,,,,,,,
247483,2006/07,2007-03-29,"Sir Vivian Richards Stadium, North Sound",1,26.5,West Indies,New Zealand,BC Lara,DJ Bravo,JDP Oram,1,0,,,,,,,,,
247483,2006/07,2007-03-29,"Sir Vivian Richards Stadium, North Sound",1,26.6,West Indies,New Zealand,DJ Bravo,BC Lara,JDP Oram,1,0,,,,,,,,,
247483,2006/07,2007-03-29,"Sir Vivian Richards Stadium, North Sound",1,27.1,West Indies,New Zealand,DJ Bravo,BC Lara,DL Vettori,1,0,,,,,,,,,
247483,2006/07,2007-03-29,"Sir Vivian Richards Stadium, North Sound",1,27.2,West Indies,New Zealand,BC Lara,DJ Bravo,DL Vettori,1,0,,,,,,,,,
247483,2006/07,2007-03-29,"Sir Vivian Richards Stadium, North Sound",1,27.3,West Indies,New Zealand,DJ Bravo,BC Lara,DL Vettori,1,0,,,,,,,,,
247483,2006/07,2007-03-29,"Sir Vivian Richards Stadium, North Sound",1,27.4,West Indies,New Zealand,BC Lara,DJ Bravo,DL Vettori,0,0,,,,,,,,,
247483,2006/07,2007-03-29,"Sir Vivian Richards Stadium, North Sound",1,27.5,West Indies,New Zealand,BC Lara,DJ Bravo,DL Vettori,1,0,,,,,,,,,
247483,2006/07,2007-03-29,"Sir Vivian Richards Stadium, North Sound",1,27.6,West Indies,New Zealand,DJ Bravo,BC Lara,DL Vettori,0,0,,,,,,,,,
247483,2006/07,2007-03-29,"Sir Vivian Richards Stadium, North Sound",1,28.1,West Indies,New Zealand,BC Lara,DJ Bravo,SB Styris,1,0,,,,,,,,,
247483,2006/07,2007-03-29,"Sir Vivian Richards Stadium, North Sound",1,28.2,West Indies,New Zealand,DJ Bravo,BC Lara,SB Styris,1,0,,,,,,,,,
247483,2006/07,2007-03-29,"Sir Vivian Richards Stadium, North Sound",1,28.3,West Indies,New Zealand,BC Lara,DJ Bravo,SB Styris,0,0,,,,,,,,,
247483,2006/07,2007-03-29,"Sir Vivian Richards Stadium, North Sound",1,28.4,West Indies,New Zealand,BC Lara,DJ Bravo,SB Styris,1,0,,,,,,,,,
247483,2006/07,2007-03-29,"Sir Vivian Richards Stadium, North Sound",1,28.5,West Indies,New Zealand,DJ Bravo,BC Lara,SB Styris,0,0,,,,,,,,,
247483,2006/07,2007-03-29,"Sir Vivian Richards Stadium, North Sound",1,28.6,West Indies,New Zealand,DJ Bravo,BC Lara,SB Styris,0,0,,,,,,,,,
247483,2006/07,2007-03-29,"Sir Vivian Richards Stadium, North Sound",1,29.1,West Indies,New Zealand,BC Lara,DJ Bravo,DL Vettori,1,0,,,,,,,,,
247483,2006/07,2007-03-29,"Sir Vivian Richards Stadium, North Sound",1,29.2,West Indies,New Zealand,DJ Bravo,BC Lara,DL Vettori,1,0,,,,,,,,,
247483,2006/07,2007-03-29,"Sir Vivian Richards Stadium, North Sound",1,29.3,West Indies,New Zealand,BC Lara,DJ Bravo,DL Vettori,1,0,,,,,,,,,
247483,2006/07,2007-03-29,"Sir Vivian Richards Stadium, North Sound",1,29.4,West Indies,New Zealand,DJ Bravo,BC Lara,DL Vettori,1,0,,,,,,,,,
247483,2006/07,2007-03-29,"Sir Vivian Richards Stadium, North Sound",1,29.5,West Indies,New Zealand,BC Lara,DJ Bravo,DL Vettori,1,0,,,,,,,,,
247483,2006/07,2007-03-29,"Sir Vivian Richards Stadium, North Sound",1,29.6,West Indies,New Zealand,DJ Bravo,BC Lara,DL Vettori,2,0,,,,,,,,,
247483,2006/07,2007-03-29,"Sir Vivian Richards Stadium, North Sound",1,30.1,West Indies,New Zealand,BC Lara,DJ Bravo,SB Styris,1,0,,,,,,,,,
247483,2006/07,2007-03-29,"Sir Vivian Richards Stadium, North Sound",1,30.2,West Indies,New Zealand,DJ Bravo,BC Lara,SB Styris,0,0,,,,,,,,,
247483,2006/07,2007-03-29,"Sir Vivian Richards Stadium, North Sound",1,30.3,West Indies,New Zealand,DJ Bravo,BC Lara,SB Styris,0,0,,,,,,,,,
247483,2006/07,2007-03-29,"Sir Vivian Richards Stadium, North Sound",1,30.4,West Indies,New Zealand,DJ Bravo,BC Lara,SB Styris,1,0,,,,,,,,,
247483,2006/07,2007-03-29,"Sir Vivian Richards Stadium, North Sound",1,30.5,West Indies,New Zealand,BC Lara,DJ Bravo,SB Styris,2,0,,,,,,,,,
247483,2006/07,2007-03-29,"Sir Vivian Richards Stadium, North Sound",1,30.6,West Indies,New Zealand,BC Lara,DJ Bravo,SB Styris,1,0,,,,,,,,,
247483,2006/07,2007-03-29,"Sir Vivian Richards Stadium, North Sound",1,31.1,West Indies,New Zealand,BC Lara,DJ Bravo,DL Vettori,0,0,,,,,,,,,
247483,2006/07,2007-03-29,"Sir Vivian Richards Stadium, North Sound",1,31.2,West Indies,New Zealand,BC Lara,DJ Bravo,DL Vettori,0,0,,,,,,,,,
247483,2006/07,2007-03-29,"Sir Vivian Richards Stadium, North Sound",1,31.3,West Indies,New Zealand,BC Lara,DJ Bravo,DL Vettori,4,0,,,,,,,,,
247483,2006/07,2007-03-29,"Sir Vivian Richards Stadium, North Sound",1,31.4,West Indies,New Zealand,BC Lara,DJ Bravo,DL Vettori,0,0,,,,,,,,,
247483,2006/07,2007-03-29,"Sir Vivian Richards Stadium, North Sound",1,31.5,West Indies,New Zealand,BC Lara,DJ Bravo,DL Vettori,2,0,,,,,,,,,
247483,2006/07,2007-03-29,"Sir Vivian Richards Stadium, North Sound",1,31.6,West Indies,New Zealand,BC Lara,DJ Bravo,DL Vettori,0,0,,,,,,,,,
247483,2006/07,2007-03-29,"Sir Vivian Richards Stadium, North Sound",1,32.1,West Indies,New Zealand,DJ Bravo,BC Lara,SB Styris,0,0,,,,,,,,,
247483,2006/07,2007-03-29,"Sir Vivian Richards Stadium, North Sound",1,32.2,West Indies,New Zealand,DJ Bravo,BC Lara,SB Styris,1,0,,,,,,,,,
247483,2006/07,2007-03-29,"Sir Vivian Richards Stadium, North Sound",1,32.3,West Indies,New Zealand,BC Lara,DJ Bravo,SB Styris,0,0,,,,,,,,,
247483,2006/07,2007-03-29,"Sir Vivian Richards Stadium, North Sound",1,32.4,West Indies,New Zealand,BC Lara,DJ Bravo,SB Styris,2,0,,,,,,,,,
247483,2006/07,2007-03-29,"Sir Vivian Richards Stadium, North Sound",1,32.5,West Indies,New Zealand,BC Lara,DJ Bravo,SB Styris,0,0,,,,,,,,,
247483,2006/07,2007-03-29,"Sir Vivian Richards Stadium, North Sound",1,32.6,West Indies,New Zealand,BC Lara,DJ Bravo,SB Styris,0,0,,,,,,,,,
247483,2006/07,2007-03-29,"Sir Vivian Richards Stadium, North Sound",1,33.1,West Indies,New Zealand,DJ Bravo,BC Lara,SE Bond,0,0,,,,,,caught,DJ Bravo,,
247483,2006/07,2007-03-29,"Sir Vivian Richards Stadium, North Sound",1,33.2,West Indies,New Zealand,D Ramdin,BC Lara,SE Bond,2,0,,,,,,,,,
247483,2006/07,2007-03-29,"Sir Vivian Richards Stadium, North Sound",1,33.3,West Indies,New Zealand,D Ramdin,BC Lara,SE Bond,0,0,,,,,,,,,
247483,2006/07,2007-03-29,"Sir Vivian Richards Stadium, North Sound",1,33.4,West Indies,New Zealand,D Ramdin,BC Lara,SE Bond,4,0,,,,,,,,,
247483,2006/07,2007-03-29,"Sir Vivian Richards Stadium, North Sound",1,33.5,West Indies,New Zealand,D Ramdin,BC Lara,SE Bond,0,0,,,,,,,,,
247483,2006/07,2007-03-29,"Sir Vivian Richards Stadium, North Sound",1,33.6,West Indies,New Zealand,D Ramdin,BC Lara,SE Bond,0,0,,,,,,,,,
247483,2006/07,2007-03-29,"Sir Vivian Richards Stadium, North Sound",1,34.1,West Indies,New Zealand,BC Lara,D Ramdin,SB Styris,0,2,,,,2,,,,,
247483,2006/07,2007-03-29,"Sir Vivian Richards Stadium, North Sound",1,34.2,West Indies,New Zealand,BC Lara,D Ramdin,SB Styris,2,0,,,,,,,,,
247483,2006/07,2007-03-29,"Sir Vivian Richards Stadium, North Sound",1,34.3,West Indies,New Zealand,BC Lara,D Ramdin,SB Styris,1,0,,,,,,,,,
247483,2006/07,2007-03-29,"Sir Vivian Richards Stadium, North Sound",1,34.4,West Indies,New Zealand,D Ramdin,BC Lara,SB Styris,0,0,,,,,,,,,
247483,2006/07,2007-03-29,"Sir Vivian Richards Stadium, North Sound",1,34.5,West Indies,New Zealand,D Ramdin,BC Lara,SB Styris,0,0,,,,,,,,,
247483,2006/07,2007-03-29,"Sir Vivian Richards Stadium, North Sound",1,34.6,West Indies,New Zealand,D Ramdin,BC Lara,SB Styris,0,0,,,,,,,,,
247483,2006/07,2007-03-29,"Sir Vivian Richards Stadium, North Sound",1,35.1,West Indies,New Zealand,BC Lara,D Ramdin,SE Bond,0,0,,,,,,,,,
247483,2006/07,2007-03-29,"Sir Vivian Richards Stadium, North Sound",1,35.2,West Indies,New Zealand,BC Lara,D Ramdin,SE Bond,2,0,,,,,,,,,
247483,2006/07,2007-03-29,"Sir Vivian Richards Stadium, North Sound",1,35.3,West Indies,New Zealand,BC Lara,D Ramdin,SE Bond,0,0,,,,,,,,,
247483,2006/07,2007-03-29,"Sir Vivian Richards Stadium, North Sound",1,35.4,West Indies,New Zealand,BC Lara,D Ramdin,SE Bond,1,0,,,,,,,,,
247483,2006/07,2007-03-29,"Sir Vivian Richards Stadium, North Sound",1,35.5,West Indies,New Zealand,D Ramdin,BC Lara,SE Bond,2,0,,,,,,,,,
247483,2006/07,2007-03-29,"Sir Vivian Richards Stadium, North Sound",1,35.6,West Indies,New Zealand,D Ramdin,BC Lara,SE Bond,4,0,,,,,,,,,
247483,2006/07,2007-03-29,"Sir Vivian Richards Stadium, North Sound",1,36.1,West Indies,New Zealand,BC Lara,D Ramdin,SB Styris,1,0,,,,,,,,,
247483,2006/07,2007-03-29,"Sir Vivian Richards Stadium, North Sound",1,36.2,West Indies,New Zealand,D Ramdin,BC Lara,SB Styris,1,0,,,,,,,,,
247483,2006/07,2007-03-29,"Sir Vivian Richards Stadium, North Sound",1,36.3,West Indies,New Zealand,BC Lara,D Ramdin,SB Styris,0,0,,,,,,caught,BC Lara,,
247483,2006/07,2007-03-29,"Sir Vivian Richards Stadium, North Sound",1,36.4,West Indies,New Zealand,LMP Simmons,D Ramdin,SB Styris,0,0,,,,,,,,,
247483,2006/07,2007-03-29,"Sir Vivian Richards Stadium, North Sound",1,36.5,West Indies,New Zealand,LMP Simmons,D Ramdin,SB Styris,0,0,,,,,,,,,
247483,2006/07,2007-03-29,"Sir Vivian Richards Stadium, North Sound",1,36.6,West Indies,New Zealand,LMP Simmons,D Ramdin,SB Styris,0,0,,,,,,,,,
247483,2006/07,2007-03-29,"Sir Vivian Richards Stadium, North Sound",1,37.1,West Indies,New Zealand,D Ramdin,LMP Simmons,SE Bond,0,0,,,,,,,,,
247483,2006/07,2007-03-29,"Sir Vivian Richards Stadium, North Sound",1,37.2,West Indies,New Zealand,D Ramdin,LMP Simmons,SE Bond,1,0,,,,,,,,,
247483,2006/07,2007-03-29,"Sir Vivian Richards Stadium, North Sound",1,37.3,West Indies,New Zealand,LMP Simmons,D Ramdin,SE Bond,0,0,,,,,,,,,
247483,2006/07,2007-03-29,"Sir Vivian Richards Stadium, North Sound",1,37.4,West Indies,New Zealand,LMP Simmons,D Ramdin,SE Bond,0,0,,,,,,,,,
247483,2006/07,2007-03-29,"Sir Vivian Richards Stadium, North Sound",1,37.5,West Indies,New Zealand,LMP Simmons,D Ramdin,SE Bond,0,0,,,,,,,,,
247483,2006/07,2007-03-29,"Sir Vivian Richards Stadium, North Sound",1,37.6,West Indies,New Zealand,LMP Simmons,D Ramdin,SE Bond,1,0,,,,,,,,,
247483,2006/07,2007-03-29,"Sir Vivian Richards Stadium, North Sound",1,38.1,West Indies,New Zealand,LMP Simmons,D Ramdin,SB Styris,0,0,,,,,,,,,
247483,2006/07,2007-03-29,"Sir Vivian Richards Stadium, North Sound",1,38.2,West Indies,New Zealand,LMP Simmons,D Ramdin,SB Styris,0,0,,,,,,,,,
247483,2006/07,2007-03-29,"Sir Vivian Richards Stadium, North Sound",1,38.3,West Indies,New Zealand,LMP Simmons,D Ramdin,SB Styris,0,0,,,,,,,,,
247483,2006/07,2007-03-29,"Sir Vivian Richards Stadium, North Sound",1,38.4,West Indies,New Zealand,LMP Simmons,D Ramdin,SB Styris,0,0,,,,,,,,,
247483,2006/07,2007-03-29,"Sir Vivian Richards Stadium, North Sound",1,38.5,West Indies,New Zealand,LMP Simmons,D Ramdin,SB Styris,0,0,,,,,,,,,
247483,2006/07,2007-03-29,"Sir Vivian Richards Stadium, North Sound",1,38.6,West Indies,New Zealand,LMP Simmons,D Ramdin,SB Styris,0,0,,,,,,,,,
247483,2006/07,2007-03-29,"Sir Vivian Richards Stadium, North Sound",1,39.1,West Indies,New Zealand,D Ramdin,LMP Simmons,DL Vettori,0,0,,,,,,,,,
247483,2006/07,2007-03-29,"Sir Vivian Richards Stadium, North Sound",1,39.2,West Indies,New Zealand,D Ramdin,LMP Simmons,DL Vettori,0,0,,,,,,,,,
247483,2006/07,2007-03-29,"Sir Vivian Richards Stadium, North Sound",1,39.3,West Indies,New Zealand,D Ramdin,LMP Simmons,DL Vettori,0,0,,,,,,,,,
247483,2006/07,2007-03-29,"Sir Vivian Richards Stadium, North Sound",1,39.4,West Indies,New Zealand,D Ramdin,LMP Simmons,DL Vettori,0,0,,,,,,,,,
247483,2006/07,2007-03-29,"Sir Vivian Richards Stadium, North Sound",1,39.5,West Indies,New Zealand,D Ramdin,LMP Simmons,DL Vettori,0,0,,,,,,,,,
247483,2006/07,2007-03-29,"Sir Vivian Richards Stadium, North Sound",1,39.6,West Indies,New Zealand,D Ramdin,LMP Simmons,DL Vettori,0,0,,,,,,,,,
247483,2006/07,2007-03-29,"Sir Vivian Richards Stadium, North Sound",1,40.1,West Indies,New Zealand,LMP Simmons,D Ramdin,SB Styris,0,2,,,,2,,,,,
247483,2006/07,2007-03-29,"Sir Vivian Richards Stadium, North Sound",1,40.2,West Indies,New Zealand,LMP Simmons,D Ramdin,SB Styris,1,0,,,,,,,,,
247483,2006/07,2007-03-29,"Sir Vivian Richards Stadium, North Sound",1,40.3,West Indies,New Zealand,D Ramdin,LMP Simmons,SB Styris,1,0,,,,,,,,,
247483,2006/07,2007-03-29,"Sir Vivian Richards Stadium, North Sound",1,40.4,West Indies,New Zealand,LMP Simmons,D Ramdin,SB Styris,0,0,,,,,,,,,
247483,2006/07,2007-03-29,"Sir Vivian Richards Stadium, North Sound",1,40.5,West Indies,New Zealand,LMP Simmons,D Ramdin,SB Styris,1,0,,,,,,,,,
247483,2006/07,2007-03-29,"Sir Vivian Richards Stadium, North Sound",1,40.6,West Indies,New Zealand,D Ramdin,LMP Simmons,SB Styris,0,0,,,,,,,,,
247483,2006/07,2007-03-29,"Sir Vivian Richards Stadium, North Sound",1,41.1,West Indies,New Zealand,LMP Simmons,D Ramdin,DL Vettori,0,0,,,,,,,,,
247483,2006/07,2007-03-29,"Sir Vivian Richards Stadium, North Sound",1,41.2,West Indies,New Zealand,LMP Simmons,D Ramdin,DL Vettori,0,1,,,,1,,,,,
247483,2006/07,2007-03-29,"Sir Vivian Richards Stadium, North Sound",1,41.3,West Indies,New Zealand,D Ramdin,LMP Simmons,DL Vettori,0,0,,,,,,caught,D Ramdin,,
247483,2006/07,2007-03-29,"Sir Vivian Richards Stadium, North Sound",1,41.4,West Indies,New Zealand,DR Smith,LMP Simmons,DL Vettori,0,0,,,,,,,,,
247483,2006/07,2007-03-29,"Sir Vivian Richards Stadium, North Sound",1,41.5,West Indies,New Zealand,DR Smith,LMP Simmons,DL Vettori,6,0,,,,,,,,,
247483,2006/07,2007-03-29,"Sir Vivian Richards Stadium, North Sound",1,41.6,West Indies,New Zealand,DR Smith,LMP Simmons,DL Vettori,0,0,,,,,,,,,
247483,2006/07,2007-03-29,"Sir Vivian Richards Stadium, North Sound",1,42.1,West Indies,New Zealand,LMP Simmons,DR Smith,SB Styris,1,0,,,,,,,,,
247483,2006/07,2007-03-29,"Sir Vivian Richards Stadium, North Sound",1,42.2,West Indies,New Zealand,DR Smith,LMP Simmons,SB Styris,1,0,,,,,,,,,
247483,2006/07,2007-03-29,"Sir Vivian Richards Stadium, North Sound",1,42.3,West Indies,New Zealand,LMP Simmons,DR Smith,SB Styris,4,0,,,,,,,,,
247483,2006/07,2007-03-29,"Sir Vivian Richards Stadium, North Sound",1,42.4,West Indies,New Zealand,LMP Simmons,DR Smith,SB Styris,0,0,,,,,,,,,
247483,2006/07,2007-03-29,"Sir Vivian Richards Stadium, North Sound",1,42.5,West Indies,New Zealand,LMP Simmons,DR Smith,SB Styris,4,0,,,,,,,,,
247483,2006/07,2007-03-29,"Sir Vivian Richards Stadium, North Sound",1,42.6,West Indies,New Zealand,LMP Simmons,DR Smith,SB Styris,0,0,,,,,,,,,
247483,2006/07,2007-03-29,"Sir Vivian Richards Stadium, North Sound",1,43.1,West Indies,New Zealand,DR Smith,LMP Simmons,DL Vettori,1,0,,,,,,,,,
247483,2006/07,2007-03-29,"Sir Vivian Richards Stadium, North Sound",1,43.2,West Indies,New Zealand,LMP Simmons,DR Smith,DL Vettori,1,0,,,,,,,,,
247483,2006/07,2007-03-29,"Sir Vivian Richards Stadium, North Sound",1,43.3,West Indies,New Zealand,DR Smith,LMP Simmons,DL Vettori,0,0,,,,,,bowled,DR Smith,,
247483,2006/07,2007-03-29,"Sir Vivian Richards Stadium, North Sound",1,43.4,West Indies,New Zealand,DBL Powell,LMP Simmons,DL Vettori,0,0,,,,,,lbw,DBL Powell,,
247483,2006/07,2007-03-29,"Sir Vivian Richards Stadium, North Sound",1,43.5,West Indies,New Zealand,CD Collymore,LMP Simmons,DL Vettori,0,0,,,,,,,,,
247483,2006/07,2007-03-29,"Sir Vivian Richards Stadium, North Sound",1,43.6,West Indies,New Zealand,CD Collymore,LMP Simmons,DL Vettori,0,0,,,,,,,,,
247483,2006/07,2007-03-29,"Sir Vivian Richards Stadium, North Sound",1,44.1,West Indies,New Zealand,LMP Simmons,CD Collymore,SE Bond,1,0,,,,,,,,,
247483,2006/07,2007-03-29,"Sir Vivian Richards Stadium, North Sound",1,44.2,West Indies,New Zealand,CD Collymore,LMP Simmons,SE Bond,0,0,,,,,,,,,
247483,2006/07,2007-03-29,"Sir Vivian Richards Stadium, North Sound",1,44.3,West Indies,New Zealand,CD Collymore,LMP Simmons,SE Bond,0,0,,,,,,,,,
247483,2006/07,2007-03-29,"Sir Vivian Richards Stadium, North Sound",1,44.4,West Indies,New Zealand,CD Collymore,LMP Simmons,SE Bond,0,0,,,,,,bowled,CD Collymore,,
247483,2006/07,2007-03-29,"Sir Vivian Richards Stadium, North Sound",2,0.1,New Zealand,West Indies,PG Fulton,SP Fleming,DBL Powell,0,0,,,,,,,,,
247483,2006/07,2007-03-29,"Sir Vivian Richards Stadium, North Sound",2,0.2,New Zealand,West Indies,PG Fulton,SP Fleming,DBL Powell,0,0,,,,,,bowled,PG Fulton,,
247483,2006/07,2007-03-29,"Sir Vivian Richards Stadium, North Sound",2,0.3,New Zealand,West Indies,HJH Marshall,SP Fleming,DBL Powell,1,0,,,,,,,,,
247483,2006/07,2007-03-29,"Sir Vivian Richards Stadium, North Sound",2,0.4,New Zealand,West Indies,SP Fleming,HJH Marshall,DBL Powell,0,0,,,,,,,,,
247483,2006/07,2007-03-29,"Sir Vivian Richards Stadium, North Sound",2,0.5,New Zealand,West Indies,SP Fleming,HJH Marshall,DBL Powell,0,0,,,,,,,,,
247483,2006/07,2007-03-29,"Sir Vivian Richards Stadium, North Sound",2,0.6,New Zealand,West Indies,SP Fleming,HJH Marshall,DBL Powell,0,0,,,,,,,,,
247483,2006/07,2007-03-29,"Sir Vivian Richards Stadium, North Sound",2,1.1,New Zealand,West Indies,HJH Marshall,SP Fleming,DR Smith,0,0,,,,,,,,,
247483,2006/07,2007-03-29,"Sir Vivian Richards Stadium, North Sound",2,1.2,New Zealand,West Indies,HJH Marshall,SP Fleming,DR Smith,0,0,,,,,,,,,
247483,2006/07,2007-03-29,"Sir Vivian Richards Stadium, North Sound",2,1.3,New Zealand,West Indies,HJH Marshall,SP Fleming,DR Smith,0,0,,,,,,,,,
247483,2006/07,2007-03-29,"Sir Vivian Richards Stadium, North Sound",2,1.4,New Zealand,West Indies,HJH Marshall,SP Fleming,DR Smith,0,0,,,,,,,,,
247483,2006/07,2007-03-29,"Sir Vivian Richards Stadium, North Sound",2,1.5,New Zealand,West Indies,HJH Marshall,SP Fleming,DR Smith,0,0,,,,,,,,,
247483,2006/07,2007-03-29,"Sir Vivian Richards Stadium, North Sound",2,1.6,New Zealand,West Indies,HJH Marshall,SP Fleming,DR Smith,0,1,1,,,,,,,,
247483,2006/07,2007-03-29,"Sir Vivian Richards Stadium, North Sound",2,1.7,New Zealand,West Indies,HJH Marshall,SP Fleming,DR Smith,2,0,,,,,,,,,
247483,2006/07,2007-03-29,"Sir Vivian Richards Stadium, North Sound",2,2.1,New Zealand,West Indies,SP Fleming,HJH Marshall,DBL Powell,1,0,,,,,,,,,
247483,2006/07,2007-03-29,"Sir Vivian Richards Stadium, North Sound",2,2.2,New Zealand,West Indies,HJH Marshall,SP Fleming,DBL Powell,0,0,,,,,,,,,
247483,2006/07,2007-03-29,"Sir Vivian Richards Stadium, North Sound",2,2.3,New Zealand,West Indies,HJH Marshall,SP Fleming,DBL Powell,0,0,,,,,,,,,
247483,2006/07,2007-03-29,"Sir Vivian Richards Stadium, North Sound",2,2.4,New Zealand,West Indies,HJH Marshall,SP Fleming,DBL Powell,4,0,,,,,,,,,
247483,2006/07,2007-03-29,"Sir Vivian Richards Stadium, North Sound",2,2.5,New Zealand,West Indies,HJH Marshall,SP Fleming,DBL Powell,1,0,,,,,,,,,
247483,2006/07,2007-03-29,"Sir Vivian Richards Stadium, North Sound",2,2.6,New Zealand,West Indies,SP Fleming,HJH Marshall,DBL Powell,0,0,,,,,,,,,
247483,2006/07,2007-03-29,"Sir Vivian Richards Stadium, North Sound",2,3.1,New Zealand,West Indies,HJH Marshall,SP Fleming,DR Smith,0,0,,,,,,,,,
247483,2006/07,2007-03-29,"Sir Vivian Richards Stadium, North Sound",2,3.2,New Zealand,West Indies,HJH Marshall,SP Fleming,DR Smith,0,0,,,,,,,,,
247483,2006/07,2007-03-29,"Sir Vivian Richards Stadium, North Sound",2,3.3,New Zealand,West Indies,HJH Marshall,SP Fleming,DR Smith,1,0,,,,,,,,,
247483,2006/07,2007-03-29,"Sir Vivian Richards Stadium, North Sound",2,3.4,New Zealand,West Indies,SP Fleming,HJH Marshall,DR Smith,1,0,,,,,,,,,
247483,2006/07,2007-03-29,"Sir Vivian Richards Stadium, North Sound",2,3.5,New Zealand,West Indies,HJH Marshall,SP Fleming,DR Smith,0,0,,,,,,,,,
247483,2006/07,2007-03-29,"Sir Vivian Richards Stadium, North Sound",2,3.6,New Zealand,West Indies,HJH Marshall,SP Fleming,DR Smith,0,0,,,,,,,,,
247483,2006/07,2007-03-29,"Sir Vivian Richards Stadium, North Sound",2,4.1,New Zealand,West Indies,SP Fleming,HJH Marshall,DBL Powell,0,0,,,,,,,,,
247483,2006/07,2007-03-29,"Sir Vivian Richards Stadium, North Sound",2,4.2,New Zealand,West Indies,SP Fleming,HJH Marshall,DBL Powell,0,0,,,,,,,,,
247483,2006/07,2007-03-29,"Sir Vivian Richards Stadium, North Sound",2,4.3,New Zealand,West Indies,SP Fleming,HJH Marshall,DBL Powell,0,0,,,,,,,,,
247483,2006/07,2007-03-29,"Sir Vivian Richards Stadium, North Sound",2,4.4,New Zealand,West Indies,SP Fleming,HJH Marshall,DBL Powell,0,0,,,,,,,,,
247483,2006/07,2007-03-29,"Sir Vivian Richards Stadium, North Sound",2,4.5,New Zealand,West Indies,SP Fleming,HJH Marshall,DBL Powell,0,0,,,,,,,,,
247483,2006/07,2007-03-29,"Sir Vivian Richards Stadium, North Sound",2,4.6,New Zealand,West Indies,SP Fleming,HJH Marshall,DBL Powell,4,0,,,,,,,,,
247483,2006/07,2007-03-29,"Sir Vivian Richards Stadium, North Sound",2,5.1,New Zealand,West Indies,HJH Marshall,SP Fleming,DR Smith,0,0,,,,,,,,,
247483,2006/07,2007-03-29,"Sir Vivian Richards Stadium, North Sound",2,5.2,New Zealand,West Indies,HJH Marshall,SP Fleming,DR Smith,0,0,,,,,,,,,
247483,2006/07,2007-03-29,"Sir Vivian Richards Stadium, North Sound",2,5.3,New Zealand,West Indies,HJH Marshall,SP Fleming,DR Smith,0,0,,,,,,,,,
247483,2006/07,2007-03-29,"Sir Vivian Richards Stadium, North Sound",2,5.4,New Zealand,West Indies,HJH Marshall,SP Fleming,DR Smith,1,0,,,,,,,,,
247483,2006/07,2007-03-29,"Sir Vivian Richards Stadium, North Sound",2,5.5,New Zealand,West Indies,SP Fleming,HJH Marshall,DR Smith,0,0,,,,,,,,,
247483,2006/07,2007-03-29,"Sir Vivian Richards Stadium, North Sound",2,5.6,New Zealand,West Indies,SP Fleming,HJH Marshall,DR Smith,1,0,,,,,,,,,
247483,2006/07,2007-03-29,"Sir Vivian Richards Stadium, North Sound",2,6.1,New Zealand,West Indies,SP Fleming,HJH Marshall,DBL Powell,2,0,,,,,,,,,
247483,2006/07,2007-03-29,"Sir Vivian Richards Stadium, North Sound",2,6.2,New Zealand,West Indies,SP Fleming,HJH Marshall,DBL Powell,0,0,,,,,,,,,
247483,2006/07,2007-03-29,"Sir Vivian Richards Stadium, North Sound",2,6.3,New Zealand,West Indies,SP Fleming,HJH Marshall,DBL Powell,0,0,,,,,,,,,
247483,2006/07,2007-03-29,"Sir Vivian Richards Stadium, North Sound",2,6.4,New Zealand,West Indies,SP Fleming,HJH Marshall,DBL Powell,4,0,,,,,,,,,
247483,2006/07,2007-03-29,"Sir Vivian Richards Stadium, North Sound",2,6.5,New Zealand,West Indies,SP Fleming,HJH Marshall,DBL Powell,0,0,,,,,,,,,
247483,2006/07,2007-03-29,"Sir Vivian Richards Stadium, North Sound",2,6.6,New Zealand,West Indies,SP Fleming,HJH Marshall,DBL Powell,1,0,,,,,,,,,
247483,2006/07,2007-03-29,"Sir Vivian Richards Stadium, North Sound",2,7.1,New Zealand,West Indies,SP Fleming,HJH Marshall,DR Smith,0,0,,,,,,,,,
247483,2006/07,2007-03-29,"Sir Vivian Richards Stadium, North Sound",2,7.2,New Zealand,West Indies,SP Fleming,HJH Marshall,DR Smith,0,0,,,,,,,,,
247483,2006/07,2007-03-29,"Sir Vivian Richards Stadium, North Sound",2,7.3,New Zealand,West Indies,SP Fleming,HJH Marshall,DR Smith,0,0,,,,,,,,,
247483,2006/07,2007-03-29,"Sir Vivian Richards Stadium, North Sound",2,7.4,New Zealand,West Indies,SP Fleming,HJH Marshall,DR Smith,0,0,,,,,,,,,
247483,2006/07,2007-03-29,"Sir Vivian Richards Stadium, North Sound",2,7.5,New Zealand,West Indies,SP Fleming,HJH Marshall,DR Smith,4,0,,,,,,,,,
247483,2006/07,2007-03-29,"Sir Vivian Richards Stadium, North Sound",2,7.6,New Zealand,West Indies,SP Fleming,HJH Marshall,DR Smith,0,0,,,,,,,,,
247483,2006/07,2007-03-29,"Sir Vivian Richards Stadium, North Sound",2,8.1,New Zealand,West Indies,HJH Marshall,SP Fleming,DBL Powell,4,0,,,,,,,,,
247483,2006/07,2007-03-29,"Sir Vivian Richards Stadium, North Sound",2,8.2,New Zealand,West Indies,HJH Marshall,SP Fleming,DBL Powell,1,0,,,,,,,,,
247483,2006/07,2007-03-29,"Sir Vivian Richards Stadium, North Sound",2,8.3,New Zealand,West Indies,SP Fleming,HJH Marshall,DBL Powell,1,1,,1,,,,,,,
247483,2006/07,2007-03-29,"Sir Vivian Richards Stadium, North Sound",2,8.4,New Zealand,West Indies,HJH Marshall,SP Fleming,DBL Powell,0,0,,,,,,caught,HJH Marshall,,
247483,2006/07,2007-03-29,"Sir Vivian Richards Stadium, North Sound",2,8.5,New Zealand,West Indies,SB Styris,SP Fleming,DBL Powell,0,0,,,,,,,,,
247483,2006/07,2007-03-29,"Sir Vivian Richards Stadium, North Sound",2,8.6,New Zealand,West Indies,SB Styris,SP Fleming,DBL Powell,0,0,,,,,,,,,
247483,2006/07,2007-03-29,"Sir Vivian Richards Stadium, North Sound",2,8.7,New Zealand,West Indies,SB Styris,SP Fleming,DBL Powell,0,0,,,,,,,,,
247483,2006/07,2007-03-29,"Sir Vivian Richards Stadium, North Sound",2,9.1,New Zealand,West Indies,SP Fleming,SB Styris,CD Collymore,0,0,,,,,,,,,
247483,2006/07,2007-03-29,"Sir Vivian Richards Stadium, North Sound",2,9.2,New Zealand,West Indies,SP Fleming,SB Styris,CD Collymore,0,0,,,,,,,,,
247483,2006/07,2007-03-29,"Sir Vivian Richards Stadium, North Sound",2,9.3,New Zealand,West Indies,SP Fleming,SB Styris,CD Collymore,0,0,,,,,,,,,
247483,2006/07,2007-03-29,"Sir Vivian Richards Stadium, North Sound",2,9.4,New Zealand,West Indies,SP Fleming,SB Styris,CD Collymore,0,0,,,,,,,,,
247483,2006/07,2007-03-29,"Sir Vivian Richards Stadium, North Sound",2,9.5,New Zealand,West Indies,SP Fleming,SB Styris,CD Collymore,1,0,,,,,,,,,
247483,2006/07,2007-03-29,"Sir Vivian Richards Stadium, North Sound",2,9.6,New Zealand,West Indies,SB Styris,SP Fleming,CD Collymore,0,0,,,,,,,,,
247483,2006/07,2007-03-29,"Sir Vivian Richards Stadium, North Sound",2,10.1,New Zealand,West Indies,SP Fleming,SB Styris,DBL Powell,0,0,,,,,,,,,
247483,2006/07,2007-03-29,"Sir Vivian Richards Stadium, North Sound",2,10.2,New Zealand,West Indies,SP Fleming,SB Styris,DBL Powell,0,0,,,,,,,,,
247483,2006/07,2007-03-29,"Sir Vivian Richards Stadium, North Sound",2,10.3,New Zealand,West Indies,SP Fleming,SB Styris,DBL Powell,0,0,,,,,,,,,
247483,2006/07,2007-03-29,"Sir Vivian Richards Stadium, North Sound",2,10.4,New Zealand,West Indies,SP Fleming,SB Styris,DBL Powell,1,0,,,,,,,,,
247483,2006/07,2007-03-29,"Sir Vivian Richards Stadium, North Sound",2,10.5,New Zealand,West Indies,SB Styris,SP Fleming,DBL Powell,0,0,,,,,,,,,
247483,2006/07,2007-03-29,"Sir Vivian Richards Stadium, North Sound",2,10.6,New Zealand,West Indies,SB Styris,SP Fleming,DBL Powell,0,0,,,,,,,,,
247483,2006/07,2007-03-29,"Sir Vivian Richards Stadium, North Sound",2,11.1,New Zealand,West Indies,SP Fleming,SB Styris,CD Collymore,0,0,,,,,,,,,
247483,2006/07,2007-03-29,"Sir Vivian Richards Stadium, North Sound",2,11.2,New Zealand,West Indies,SP Fleming,SB Styris,CD Collymore,0,0,,,,,,,,,
247483,2006/07,2007-03-29,"Sir Vivian Richards Stadium, North Sound",2,11.3,New Zealand,West Indies,SP Fleming,SB Styris,CD Collymore,0,0,,,,,,,,,
247483,2006/07,2007-03-29,"Sir Vivian Richards Stadium, North Sound",2,11.4,New Zealand,West Indies,SP Fleming,SB Styris,CD Collymore,1,0,,,,,,,,,
247483,2006/07,2007-03-29,"Sir Vivian Richards Stadium, North Sound",2,11.5,New Zealand,West Indies,SB Styris,SP Fleming,CD Collymore,0,0,,,,,,,,,
247483,2006/07,2007-03-29,"Sir Vivian Richards Stadium, North Sound",2,11.6,New Zealand,West Indies,SB Styris,SP Fleming,CD Collymore,0,0,,,,,,,,,
247483,2006/07,2007-03-29,"Sir Vivian Richards Stadium, North Sound",2,12.1,New Zealand,West Indies,SP Fleming,SB Styris,DBL Powell,0,1,,1,,,,,,,
247483,2006/07,2007-03-29,"Sir Vivian Richards Stadium, North Sound",2,12.2,New Zealand,West Indies,SP Fleming,SB Styris,DBL Powell,4,0,,,,,,,,,
247483,2006/07,2007-03-29,"Sir Vivian Richards Stadium, North Sound",2,12.3,New Zealand,West Indies,SP Fleming,SB Styris,DBL Powell,0,0,,,,,,,,,
247483,2006/07,2007-03-29,"Sir Vivian Richards Stadium, North Sound",2,12.4,New Zealand,West Indies,SP Fleming,SB Styris,DBL Powell,0,0,,,,,,,,,
247483,2006/07,2007-03-29,"Sir Vivian Richards Stadium, North Sound",2,12.5,New Zealand,West Indies,SP Fleming,SB Styris,DBL Powell,0,0,,,,,,,,,
247483,2006/07,2007-03-29,"Sir Vivian Richards Stadium, North Sound",2,12.6,New Zealand,West Indies,SP Fleming,SB Styris,DBL Powell,0,0,,,,,,,,,
247483,2006/07,2007-03-29,"Sir Vivian Richards Stadium, North Sound",2,12.7,New Zealand,West Indies,SP Fleming,SB Styris,DBL Powell,0,0,,,,,,,,,
247483,2006/07,2007-03-29,"Sir Vivian Richards Stadium, North Sound",2,13.1,New Zealand,West Indies,SB Styris,SP Fleming,CD Collymore,0,0,,,,,,,,,
247483,2006/07,2007-03-29,"Sir Vivian Richards Stadium, North Sound",2,13.2,New Zealand,West Indies,SB Styris,SP Fleming,CD Collymore,0,0,,,,,,,,,
247483,2006/07,2007-03-29,"Sir Vivian Richards Stadium, North Sound",2,13.3,New Zealand,West Indies,SB Styris,SP Fleming,CD Collymore,0,0,,,,,,,,,
247483,2006/07,2007-03-29,"Sir Vivian Richards Stadium, North Sound",2,13.4,New Zealand,West Indies,SB Styris,SP Fleming,CD Collymore,1,0,,,,,,,,,
247483,2006/07,2007-03-29,"Sir Vivian Richards Stadium, North Sound",2,13.5,New Zealand,West Indies,SP Fleming,SB Styris,CD Collymore,4,0,,,,,,,,,
247483,2006/07,2007-03-29,"Sir Vivian Richards Stadium, North Sound",2,13.6,New Zealand,West Indies,SP Fleming,SB Styris,CD Collymore,0,0,,,,,,,,,
247483,2006/07,2007-03-29,"Sir Vivian Richards Stadium, North Sound",2,14.1,New Zealand,West Indies,SB Styris,SP Fleming,DBL Powell,0,0,,,,,,,,,
247483,2006/07,2007-03-29,"Sir Vivian Richards Stadium, North Sound",2,14.2,New Zealand,West Indies,SB Styris,SP Fleming,DBL Powell,0,0,,,,,,,,,
247483,2006/07,2007-03-29,"Sir Vivian Richards Stadium, North Sound",2,14.3,New Zealand,West Indies,SB Styris,SP Fleming,DBL Powell,0,0,,,,,,,,,
247483,2006/07,2007-03-29,"Sir Vivian Richards Stadium, North Sound",2,14.4,New Zealand,West Indies,SB Styris,SP Fleming,DBL Powell,0,0,,,,,,,,,
247483,2006/07,2007-03-29,"Sir Vivian Richards Stadium, North Sound",2,14.5,New Zealand,West Indies,SB Styris,SP Fleming,DBL Powell,0,1,,,,1,,,,,
247483,2006/07,2007-03-29,"Sir Vivian Richards Stadium, North Sound",2,14.6,New Zealand,West Indies,SP Fleming,SB Styris,DBL Powell,0,0,,,,,,,,,
247483,2006/07,2007-03-29,"Sir Vivian Richards Stadium, North Sound",2,15.1,New Zealand,West Indies,SB Styris,SP Fleming,CD Collymore,0,0,,,,,,,,,
247483,2006/07,2007-03-29,"Sir Vivian Richards Stadium, North Sound",2,15.2,New Zealand,West Indies,SB Styris,SP Fleming,CD Collymore,0,0,,,,,,,,,
247483,2006/07,2007-03-29,"Sir Vivian Richards Stadium, North Sound",2,15.3,New Zealand,West Indies,SB Styris,SP Fleming,CD Collymore,0,0,,,,,,,,,
247483,2006/07,2007-03-29,"Sir Vivian Richards Stadium, North Sound",2,15.4,New Zealand,West Indies,SB Styris,SP Fleming,CD Collymore,1,0,,,,,,,,,
247483,2006/07,2007-03-29,"Sir Vivian Richards Stadium, North Sound",2,15.5,New Zealand,West Indies,SP Fleming,SB Styris,CD Collymore,0,0,,,,,,,,,
247483,2006/07,2007-03-29,"Sir Vivian Richards Stadium, North Sound",2,15.6,New Zealand,West Indies,SP Fleming,SB Styris,CD Collymore,0,0,,,,,,,,,
247483,2006/07,2007-03-29,"Sir Vivian Richards Stadium, North Sound",2,16.1,New Zealand,West Indies,SB Styris,SP Fleming,DJ Bravo,1,0,,,,,,,,,
247483,2006/07,2007-03-29,"Sir Vivian Richards Stadium, North Sound",2,16.2,New Zealand,West Indies,SP Fleming,SB Styris,DJ Bravo,4,0,,,,,,,,,
247483,2006/07,2007-03-29,"Sir Vivian Richards Stadium, North Sound",2,16.3,New Zealand,West Indies,SP Fleming,SB Styris,DJ Bravo,0,0,,,,,,,,,
247483,2006/07,2007-03-29,"Sir Vivian Richards Stadium, North Sound",2,16.4,New Zealand,West Indies,SP Fleming,SB Styris,DJ Bravo,0,0,,,,,,,,,
247483,2006/07,2007-03-29,"Sir Vivian Richards Stadium, North Sound",2,16.5,New Zealand,West Indies,SP Fleming,SB Styris,DJ Bravo,1,0,,,,,,,,,
247483,2006/07,2007-03-29,"Sir Vivian Richards Stadium, North Sound",2,16.6,New Zealand,West Indies,SB Styris,SP Fleming,DJ Bravo,1,0,,,,,,,,,
247483,2006/07,2007-03-29,"Sir Vivian Richards Stadium, North Sound",2,17.1,New Zealand,West Indies,SB Styris,SP Fleming,CD Collymore,0,0,,,,,,,,,
247483,2006/07,2007-03-29,"Sir Vivian Richards Stadium, North Sound",2,17.2,New Zealand,West Indies,SB Styris,SP Fleming,CD Collymore,0,0,,,,,,,,,
247483,2006/07,2007-03-29,"Sir Vivian Richards Stadium, North Sound",2,17.3,New Zealand,West Indies,SB Styris,SP Fleming,CD Collymore,2,0,,,,,,,,,
247483,2006/07,2007-03-29,"Sir Vivian Richards Stadium, North Sound",2,17.4,New Zealand,West Indies,SB Styris,SP Fleming,CD Collymore,1,0,,,,,,,,,
247483,2006/07,2007-03-29,"Sir Vivian Richards Stadium, North Sound",2,17.5,New Zealand,West Indies,SP Fleming,SB Styris,CD Collymore,0,0,,,,,,,,,
247483,2006/07,2007-03-29,"Sir Vivian Richards Stadium, North Sound",2,17.6,New Zealand,West Indies,SP Fleming,SB Styris,CD Collymore,6,0,,,,,,,,,
247483,2006/07,2007-03-29,"Sir Vivian Richards Stadium, North Sound",2,18.1,New Zealand,West Indies,SB Styris,SP Fleming,DJ Bravo,0,0,,,,,,,,,
247483,2006/07,2007-03-29,"Sir Vivian Richards Stadium, North Sound",2,18.2,New Zealand,West Indies,SB Styris,SP Fleming,DJ Bravo,1,0,,,,,,,,,
247483,2006/07,2007-03-29,"Sir Vivian Richards Stadium, North Sound",2,18.3,New Zealand,West Indies,SP Fleming,SB Styris,DJ Bravo,1,0,,,,,,,,,
247483,2006/07,2007-03-29,"Sir Vivian Richards Stadium, North Sound",2,18.4,New Zealand,West Indies,SB Styris,SP Fleming,DJ Bravo,1,0,,,,,,,,,
247483,2006/07,2007-03-29,"Sir Vivian Richards Stadium, North Sound",2,18.5,New Zealand,West Indies,SP Fleming,SB Styris,DJ Bravo,0,0,,,,,,,,,
247483,2006/07,2007-03-29,"Sir Vivian Richards Stadium, North Sound",2,18.6,New Zealand,West Indies,SP Fleming,SB Styris,DJ Bravo,1,0,,,,,,,,,
247483,2006/07,2007-03-29,"Sir Vivian Richards Stadium, North Sound",2,19.1,New Zealand,West Indies,SP Fleming,SB Styris,CD Collymore,0,0,,,,,,,,,
247483,2006/07,2007-03-29,"Sir Vivian Richards Stadium, North Sound",2,19.2,New Zealand,West Indies,SP Fleming,SB Styris,CD Collymore,0,0,,,,,,,,,
247483,2006/07,2007-03-29,"Sir Vivian Richards Stadium, North Sound",2,19.3,New Zealand,West Indies,SP Fleming,SB Styris,CD Collymore,0,0,,,,,,,,,
247483,2006/07,2007-03-29,"Sir Vivian Richards Stadium, North Sound",2,19.4,New Zealand,West Indies,SP Fleming,SB Styris,CD Collymore,1,0,,,,,,,,,
247483,2006/07,2007-03-29,"Sir Vivian Richards Stadium, North Sound",2,19.5,New Zealand,West Indies,SB Styris,SP Fleming,CD Collymore,2,0,,,,,,,,,
247483,2006/07,2007-03-29,"Sir Vivian Richards Stadium, North Sound",2,19.6,New Zealand,West Indies,SB Styris,SP Fleming,CD Collymore,1,0,,,,,,,,,
247483,2006/07,2007-03-29,"Sir Vivian Richards Stadium, North Sound",2,20.1,New Zealand,West Indies,SB Styris,SP Fleming,DJ Bravo,1,0,,,,,,,,,
247483,2006/07,2007-03-29,"Sir Vivian Richards Stadium, North Sound",2,20.2,New Zealand,West Indies,SP Fleming,SB Styris,DJ Bravo,1,0,,,,,,,,,
247483,2006/07,2007-03-29,"Sir Vivian Richards Stadium, North Sound",2,20.3,New Zealand,West Indies,SB Styris,SP Fleming,DJ Bravo,0,0,,,,,,,,,
247483,2006/07,2007-03-29,"Sir Vivian Richards Stadium, North Sound",2,20.4,New Zealand,West Indies,SB Styris,SP Fleming,DJ Bravo,0,0,,,,,,,,,
247483,2006/07,2007-03-29,"Sir Vivian Richards Stadium, North Sound",2,20.5,New Zealand,West Indies,SB Styris,SP Fleming,DJ Bravo,0,0,,,,,,,,,
247483,2006/07,2007-03-29,"Sir Vivian Richards Stadium, North Sound",2,20.6,New Zealand,West Indies,SB Styris,SP Fleming,DJ Bravo,0,0,,,,,,run out,SP Fleming,,
247483,2006/07,2007-03-29,"Sir Vivian Richards Stadium, North Sound",2,21.1,New Zealand,West Indies,SB Styris,CD McMillan,CD Collymore,2,0,,,,,,,,,
247483,2006/07,2007-03-29,"Sir Vivian Richards Stadium, North Sound",2,21.2,New Zealand,West Indies,SB Styris,CD McMillan,CD Collymore,0,0,,,,,,,,,
247483,2006/07,2007-03-29,"Sir Vivian Richards Stadium, North Sound",2,21.3,New Zealand,West Indies,SB Styris,CD McMillan,CD Collymore,0,0,,,,,,,,,
247483,2006/07,2007-03-29,"Sir Vivian Richards Stadium, North Sound",2,21.4,New Zealand,West Indies,SB Styris,CD McMillan,CD Collymore,0,0,,,,,,,,,
247483,2006/07,2007-03-29,"Sir Vivian Richards Stadium, North Sound",2,21.5,New Zealand,West Indies,SB Styris,CD McMillan,CD Collymore,1,0,,,,,,,,,
247483,2006/07,2007-03-29,"Sir Vivian Richards Stadium, North Sound",2,21.6,New Zealand,West Indies,CD McMillan,SB Styris,CD Collymore,0,0,,,,,,,,,
247483,2006/07,2007-03-29,"Sir Vivian Richards Stadium, North Sound",2,22.1,New Zealand,West Indies,SB Styris,CD McMillan,DJ Bravo,1,0,,,,,,,,,
247483,2006/07,2007-03-29,"Sir Vivian Richards Stadium, North Sound",2,22.2,New Zealand,West Indies,CD McMillan,SB Styris,DJ Bravo,0,0,,,,,,,,,
247483,2006/07,2007-03-29,"Sir Vivian Richards Stadium, North Sound",2,22.3,New Zealand,West Indies,CD McMillan,SB Styris,DJ Bravo,1,0,,,,,,,,,
247483,2006/07,2007-03-29,"Sir Vivian Richards Stadium, North Sound",2,22.4,New Zealand,West Indies,SB Styris,CD McMillan,DJ Bravo,1,0,,,,,,,,,
247483,2006/07,2007-03-29,"Sir Vivian Richards Stadium, North Sound",2,22.5,New Zealand,West Indies,CD McMillan,SB Styris,DJ Bravo,0,0,,,,,,,,,
247483,2006/07,2007-03-29,"Sir Vivian Richards Stadium, North Sound",2,22.6,New Zealand,West Indies,CD McMillan,SB Styris,DJ Bravo,0,0,,,,,,,,,
247483,2006/07,2007-03-29,"Sir Vivian Richards Stadium, North Sound",2,23.1,New Zealand,West Indies,SB Styris,CD McMillan,CD Collymore,2,0,,,,,,,,,
247483,2006/07,2007-03-29,"Sir Vivian Richards Stadium, North Sound",2,23.2,New Zealand,West Indies,SB Styris,CD McMillan,CD Collymore,1,0,,,,,,,,,
247483,2006/07,2007-03-29,"Sir Vivian Richards Stadium, North Sound",2,23.3,New Zealand,West Indies,CD McMillan,SB Styris,CD Collymore,0,0,,,,,,,,,
247483,2006/07,2007-03-29,"Sir Vivian Richards Stadium, North Sound",2,23.4,New Zealand,West Indies,CD McMillan,SB Styris,CD Collymore,0,0,,,,,,,,,
247483,2006/07,2007-03-29,"Sir Vivian Richards Stadium, North Sound",2,23.5,New Zealand,West Indies,CD McMillan,SB Styris,CD Collymore,0,0,,,,,,,,,
247483,2006/07,2007-03-29,"Sir Vivian Richards Stadium, North Sound",2,23.6,New Zealand,West Indies,CD McMillan,SB Styris,CD Collymore,0,0,,,,,,,,,
247483,2006/07,2007-03-29,"Sir Vivian Richards Stadium, North Sound",2,24.1,New Zealand,West Indies,SB Styris,CD McMillan,DJ Bravo,1,0,,,,,,,,,
247483,2006/07,2007-03-29,"Sir Vivian Richards Stadium, North Sound",2,24.2,New Zealand,West Indies,CD McMillan,SB Styris,DJ Bravo,0,0,,,,,,,,,
247483,2006/07,2007-03-29,"Sir Vivian Richards Stadium, North Sound",2,24.3,New Zealand,West Indies,CD McMillan,SB Styris,DJ Bravo,0,0,,,,,,,,,
247483,2006/07,2007-03-29,"Sir Vivian Richards Stadium, North Sound",2,24.4,New Zealand,West Indies,CD McMillan,SB Styris,DJ Bravo,0,0,,,,,,,,,
247483,2006/07,2007-03-29,"Sir Vivian Richards Stadium, North Sound",2,24.5,New Zealand,West Indies,CD McMillan,SB Styris,DJ Bravo,0,0,,,,,,,,,
247483,2006/07,2007-03-29,"Sir Vivian Richards Stadium, North Sound",2,24.6,New Zealand,West Indies,CD McMillan,SB Styris,DJ Bravo,0,0,,,,,,,,,
247483,2006/07,2007-03-29,"Sir Vivian Richards Stadium, North Sound",2,25.1,New Zealand,West Indies,SB Styris,CD McMillan,DR Smith,0,0,,,,,,,,,
247483,2006/07,2007-03-29,"Sir Vivian Richards Stadium, North Sound",2,25.2,New Zealand,West Indies,SB Styris,CD McMillan,DR Smith,4,0,,,,,,,,,
247483,2006/07,2007-03-29,"Sir Vivian Richards Stadium, North Sound",2,25.3,New Zealand,West Indies,SB Styris,CD McMillan,DR Smith,1,0,,,,,,,,,
247483,2006/07,2007-03-29,"Sir Vivian Richards Stadium, North Sound",2,25.4,New Zealand,West Indies,CD McMillan,SB Styris,DR Smith,0,0,,,,,,,,,
247483,2006/07,2007-03-29,"Sir Vivian Richards Stadium, North Sound",2,25.5,New Zealand,West Indies,CD McMillan,SB Styris,DR Smith,4,0,,,,,,,,,
247483,2006/07,2007-03-29,"Sir Vivian Richards Stadium, North Sound",2,25.6,New Zealand,West Indies,CD McMillan,SB Styris,DR Smith,4,0,,,,,,,,,
247483,2006/07,2007-03-29,"Sir Vivian Richards Stadium, North Sound",2,26.1,New Zealand,West Indies,SB Styris,CD McMillan,DJ Bravo,0,0,,,,,,,,,
247483,2006/07,2007-03-29,"Sir Vivian Richards Stadium, North Sound",2,26.2,New Zealand,West Indies,SB Styris,CD McMillan,DJ Bravo,1,0,,,,,,,,,
247483,2006/07,2007-03-29,"Sir Vivian Richards Stadium, North Sound",2,26.3,New Zealand,West Indies,CD McMillan,SB Styris,DJ Bravo,0,0,,,,,,,,,
247483,2006/07,2007-03-29,"Sir Vivian Richards Stadium, North Sound",2,26.4,New Zealand,West Indies,CD McMillan,SB Styris,DJ Bravo,0,0,,,,,,,,,
247483,2006/07,2007-03-29,"Sir Vivian Richards Stadium, North Sound",2,26.5,New Zealand,West Indies,CD McMillan,SB Styris,DJ Bravo,0,0,,,,,,,,,
247483,2006/07,2007-03-29,"Sir Vivian Richards Stadium, North Sound",2,26.6,New Zealand,West Indies,CD McMillan,SB Styris,DJ Bravo,3,0,,,,,,,,,
247483,2006/07,2007-03-29,"Sir Vivian Richards Stadium, North Sound",2,27.1,New Zealand,West Indies,CD McMillan,SB Styris,CH Gayle,0,0,,,,,,,,,
247483,2006/07,2007-03-29,"Sir Vivian Richards Stadium, North Sound",2,27.2,New Zealand,West Indies,CD McMillan,SB Styris,CH Gayle,0,0,,,,,,,,,
247483,2006/07,2007-03-29,"Sir Vivian Richards Stadium, North Sound",2,27.3,New Zealand,West Indies,CD McMillan,SB Styris,CH Gayle,1,0,,,,,,,,,
247483,2006/07,2007-03-29,"Sir Vivian Richards Stadium, North Sound",2,27.4,New Zealand,West Indies,SB Styris,CD McMillan,CH Gayle,2,0,,,,,,,,,
247483,2006/07,2007-03-29,"Sir Vivian Richards Stadium, North Sound",2,27.5,New Zealand,West Indies,SB Styris,CD McMillan,CH Gayle,2,0,,,,,,,,,
247483,2006/07,2007-03-29,"Sir Vivian Richards Stadium, North Sound",2,27.6,New Zealand,West Indies,SB Styris,CD McMillan,CH Gayle,0,0,,,,,,,,,
247483,2006/07,2007-03-29,"Sir Vivian Richards Stadium, North Sound",2,28.1,New Zealand,West Indies,CD McMillan,SB Styris,DJ Bravo,1,0,,,,,,,,,
247483,2006/07,2007-03-29,"Sir Vivian Richards Stadium, North Sound",2,28.2,New Zealand,West Indies,SB Styris,CD McMillan,DJ Bravo,1,0,,,,,,,,,
247483,2006/07,2007-03-29,"Sir Vivian Richards Stadium, North Sound",2,28.3,New Zealand,West Indies,CD McMillan,SB Styris,DJ Bravo,0,0,,,,,,,,,
247483,2006/07,2007-03-29,"Sir Vivian Richards Stadium, North Sound",2,28.4,New Zealand,West Indies,CD McMillan,SB Styris,DJ Bravo,4,0,,,,,,,,,
247483,2006/07,2007-03-29,"Sir Vivian Richards Stadium, North Sound",2,28.5,New Zealand,West Indies,CD McMillan,SB Styris,DJ Bravo,0,0,,,,,,,,,
247483,2006/07,2007-03-29,"Sir Vivian Richards Stadium, North Sound",2,28.6,New Zealand,West Indies,CD McMillan,SB Styris,DJ Bravo,0,0,,,,,,,,,
247483,2006/07,2007-03-29,"Sir Vivian Richards Stadium, North Sound",2,29.1,New Zealand,West Indies,SB Styris,CD McMillan,CH Gayle,4,0,,,,,,,,,
247483,2006/07,2007-03-29,"Sir Vivian Richards Stadium, North Sound",2,29.2,New Zealand,West Indies,SB Styris,CD McMillan,CH Gayle,0,0,,,,,,,,,
247483,2006/07,2007-03-29,"Sir Vivian Richards Stadium, North Sound",2,29.3,New Zealand,West Indies,SB Styris,CD McMillan,CH Gayle,2,0,,,,,,,,,
247483,2006/07,2007-03-29,"Sir Vivian Richards Stadium, North Sound",2,29.4,New Zealand,West Indies,SB Styris,CD McMillan,CH Gayle,1,0,,,,,,,,,
247483,2006/07,2007-03-29,"Sir Vivian Richards Stadium, North Sound",2,29.5,New Zealand,West Indies,CD McMillan,SB Styris,CH Gayle,0,0,,,,,,,,,
247483,2006/07,2007-03-29,"Sir Vivian Richards Stadium, North Sound",2,29.6,New Zealand,West Indies,CD McMillan,SB Styris,CH Gayle,0,0,,,,,,,,,
247483,2006/07,2007-03-29,"Sir Vivian Richards Stadium, North Sound",2,30.1,New Zealand,West Indies,SB Styris,CD McMillan,DJ Bravo,0,0,,,,,,,,,
247483,2006/07,2007-03-29,"Sir Vivian Richards Stadium, North Sound",2,30.2,New Zealand,West Indies,SB Styris,CD McMillan,DJ Bravo,1,0,,,,,,,,,
247483,2006/07,2007-03-29,"Sir Vivian Richards Stadium, North Sound",2,30.3,New Zealand,West Indies,CD McMillan,SB Styris,DJ Bravo,3,0,,,,,,,,,
247483,2006/07,2007-03-29,"Sir Vivian Richards Stadium, North Sound",2,30.4,New Zealand,West Indies,SB Styris,CD McMillan,DJ Bravo,1,0,,,,,,,,,
247483,2006/07,2007-03-29,"Sir Vivian Richards Stadium, North Sound",2,30.5,New Zealand,West Indies,CD McMillan,SB Styris,DJ Bravo,0,0,,,,,,,,,
247483,2006/07,2007-03-29,"Sir Vivian Richards Stadium, North Sound",2,30.6,New Zealand,West Indies,CD McMillan,SB Styris,DJ Bravo,0,0,,,,,,,,,
247483,2006/07,2007-03-29,"Sir Vivian Richards Stadium, North Sound",2,31.1,New Zealand,West Indies,SB Styris,CD McMillan,CH Gayle,0,0,,,,,,,,,
247483,2006/07,2007-03-29,"Sir Vivian Richards Stadium, North Sound",2,31.2,New Zealand,West Indies,SB Styris,CD McMillan,CH Gayle,1,0,,,,,,,,,
247483,2006/07,2007-03-29,"Sir Vivian Richards Stadium, North Sound",2,31.3,New Zealand,West Indies,CD McMillan,SB Styris,CH Gayle,1,0,,,,,,,,,
247483,2006/07,2007-03-29,"Sir Vivian Richards Stadium, North Sound",2,31.4,New Zealand,West Indies,SB Styris,CD McMillan,CH Gayle,1,0,,,,,,,,,
247483,2006/07,2007-03-29,"Sir Vivian Richards Stadium, North Sound",2,31.5,New Zealand,West Indies,CD McMillan,SB Styris,CH Gayle,0,0,,,,,,,,,
247483,2006/07,2007-03-29,"Sir Vivian Richards Stadium, North Sound",2,31.6,New Zealand,West Indies,CD McMillan,SB Styris,CH Gayle,0,0,,,,,,,,,
247483,2006/07,2007-03-29,"Sir Vivian Richards Stadium, North Sound",2,32.1,New Zealand,West Indies,SB Styris,CD McMillan,DBL Powell,0,1,1,,,,,,,,
247483,2006/07,2007-03-29,"Sir Vivian Richards Stadium, North Sound",2,32.2,New Zealand,West Indies,SB Styris,CD McMillan,DBL Powell,0,0,,,,,,,,,
247483,2006/07,2007-03-29,"Sir Vivian Richards Stadium, North Sound",2,32.3,New Zealand,West Indies,SB Styris,CD McMillan,DBL Powell,0,0,,,,,,,,,
247483,2006/07,2007-03-29,"Sir Vivian Richards Stadium, North Sound",2,32.4,New Zealand,West Indies,SB Styris,CD McMillan,DBL Powell,4,0,,,,,,,,,
247483,2006/07,2007-03-29,"Sir Vivian Richards Stadium, North Sound",2,32.5,New Zealand,West Indies,SB Styris,CD McMillan,DBL Powell,1,0,,,,,,,,,
247483,2006/07,2007-03-29,"Sir Vivian Richards Stadium, North Sound",2,32.6,New Zealand,West Indies,CD McMillan,SB Styris,DBL Powell,0,0,,,,,,,,,
247483,2006/07,2007-03-29,"Sir Vivian Richards Stadium, North Sound",2,32.7,New Zealand,West Indies,CD McMillan,SB Styris,DBL Powell,2,0,,,,,,,,,
247483,2006/07,2007-03-29,"Sir Vivian Richards Stadium, North Sound",2,33.1,New Zealand,West Indies,SB Styris,CD McMillan,CH Gayle,0,0,,,,,,,,,
247483,2006/07,2007-03-29,"Sir Vivian Richards Stadium, North Sound",2,33.2,New Zealand,West Indies,SB Styris,CD McMillan,CH Gayle,1,0,,,,,,,,,
247483,2006/07,2007-03-29,"Sir Vivian Richards Stadium, North Sound",2,33.3,New Zealand,West Indies,CD McMillan,SB Styris,CH Gayle,1,0,,,,,,,,,
247483,2006/07,2007-03-29,"Sir Vivian Richards Stadium, North Sound",2,33.4,New Zealand,West Indies,SB Styris,CD McMillan,CH Gayle,1,0,,,,,,,,,
247483,2006/07,2007-03-29,"Sir Vivian Richards Stadium, North Sound",2,33.5,New Zealand,West Indies,CD McMillan,SB Styris,CH Gayle,0,0,,,,,,,,,
247483,2006/07,2007-03-29,"Sir Vivian Richards Stadium, North Sound",2,33.6,New Zealand,West Indies,CD McMillan,SB Styris,CH Gayle,1,0,,,,,,,,,
247483,2006/07,2007-03-29,"Sir Vivian Richards Stadium, North Sound",2,34.1,New Zealand,West Indies,CD McMillan,SB Styris,DBL Powell,0,0,,,,,,,,,
247483,2006/07,2007-03-29,"Sir Vivian Richards Stadium, North Sound",2,34.2,New Zealand,West Indies,CD McMillan,SB Styris,DBL Powell,0,0,,,,,,,,,
247483,2006/07,2007-03-29,"Sir Vivian Richards Stadium, North Sound",2,34.3,New Zealand,West Indies,CD McMillan,SB Styris,DBL Powell,0,0,,,,,,,,,
247483,2006/07,2007-03-29,"Sir Vivian Richards Stadium, North Sound",2,34.4,New Zealand,West Indies,CD McMillan,SB Styris,DBL Powell,0,0,,,,,,,,,
247483,2006/07,2007-03-29,"Sir Vivian Richards Stadium, North Sound",2,34.5,New Zealand,West Indies,CD McMillan,SB Styris,DBL Powell,0,0,,,,,,,,,
247483,2006/07,2007-03-29,"Sir Vivian Richards Stadium, North Sound",2,34.6,New Zealand,West Indies,CD McMillan,SB Styris,DBL Powell,0,0,,,,,,,,,
247483,2006/07,2007-03-29,"Sir Vivian Richards Stadium, North Sound",2,35.1,New Zealand,West Indies,SB Styris,CD McMillan,CH Gayle,0,0,,,,,,,,,
247483,2006/07,2007-03-29,"Sir Vivian Richards Stadium, North Sound",2,35.2,New Zealand,West Indies,SB Styris,CD McMillan,CH Gayle,1,0,,,,,,,,,
247483,2006/07,2007-03-29,"Sir Vivian Richards Stadium, North Sound",2,35.3,New Zealand,West Indies,CD McMillan,SB Styris,CH Gayle,0,0,,,,,,,,,
247483,2006/07,2007-03-29,"Sir Vivian Richards Stadium, North Sound",2,35.4,New Zealand,West Indies,CD McMillan,SB Styris,CH Gayle,1,0,,,,,,,,,
247483,2006/07,2007-03-29,"Sir Vivian Richards Stadium, North Sound",2,35.5,New Zealand,West Indies,SB Styris,CD McMillan,CH Gayle,2,0,,,,,,,,,
247483,2006/07,2007-03-29,"Sir Vivian Richards Stadium, North Sound",2,35.6,New Zealand,West Indies,SB Styris,CD McMillan,CH Gayle,1,0,,,,,,,,,
247483,2006/07,2007-03-29,"Sir Vivian Richards Stadium, North Sound",2,36.1,New Zealand,West Indies,SB Styris,CD McMillan,CD Collymore,4,0,,,,,,,,,
247483,2006/07,2007-03-29,"Sir Vivian Richards Stadium, North Sound",2,36.2,New Zealand,West Indies,SB Styris,CD McMillan,CD Collymore,2,0,,,,,,,,,
247483,2006/07,2007-03-29,"Sir Vivian Richards Stadium, North Sound",2,36.3,New Zealand,West Indies,SB Styris,CD McMillan,CD Collymore,2,0,,,,,,,,,
247483,2006/07,2007-03-29,"Sir Vivian Richards Stadium, North Sound",2,36.4,New Zealand,West Indies,SB Styris,CD McMillan,CD Collymore,0,0,,,,,,,,,
247483,2006/07,2007-03-29,"Sir Vivian Richards Stadium, North Sound",2,36.5,New Zealand,West Indies,SB Styris,CD McMillan,CD Collymore,4,0,,,,,,,,,
247483,2006/07,2007-03-29,"Sir Vivian Richards Stadium, North Sound",2,36.6,New Zealand,West Indies,SB Styris,CD McMillan,CD Collymore,4,0,,,,,,,,,
247483,2006/07,2007-03-29,"Sir Vivian Richards Stadium, North Sound",2,37.1,New Zealand,West Indies,CD McMillan,SB Styris,CH Gayle,2,0,,,,,,,,,
247483,2006/07,2007-03-29,"Sir Vivian Richards Stadium, North Sound",2,37.2,New Zealand,West Indies,CD McMillan,SB Styris,CH Gayle,0,1,1,,,,,,,,
247483,2006/07,2007-03-29,"Sir Vivian Richards Stadium, North Sound",2,37.3,New Zealand,West Indies,CD McMillan,SB Styris,CH Gayle,1,0,,,,,,,,,
247483,2006/07,2007-03-29,"Sir Vivian Richards Stadium, North Sound",2,37.4,New Zealand,West Indies,SB Styris,CD McMillan,CH Gayle,1,0,,,,,,,,,
247483,2006/07,2007-03-29,"Sir Vivian Richards Stadium, North Sound",2,37.5,New Zealand,West Indies,CD McMillan,SB Styris,CH Gayle,1,0,,,,,,,,,
247483,2006/07,2007-03-29,"Sir Vivian Richards Stadium, North Sound",2,37.6,New Zealand,West Indies,SB Styris,CD McMillan,CH Gayle,1,0,,,,,,,,,
247483,2006/07,2007-03-29,"Sir Vivian Richards Stadium, North Sound",2,37.7,New Zealand,West Indies,CD McMillan,SB Styris,CH Gayle,0,0,,,,,,,,,
247483,2006/07,2007-03-29,"Sir Vivian Richards Stadium, North Sound",2,38.1,New Zealand,West Indies,SB Styris,CD McMillan,RR Sarwan,1,0,,,,,,,,,
247483,2006/07,2007-03-29,"Sir Vivian Richards Stadium, North Sound",2,38.2,New Zealand,West Indies,CD McMillan,SB Styris,RR Sarwan,1,0,,,,,,,,,
247483,2006/07,2007-03-29,"Sir Vivian Richards Stadium, North Sound",2,38.3,New Zealand,West Indies,SB Styris,CD McMillan,RR Sarwan,1,0,,,,,,,,,
247483,2006/07,2007-03-29,"Sir Vivian Richards Stadium, North Sound",2,38.4,New Zealand,West Indies,CD McMillan,SB Styris,RR Sarwan,0,0,,,,,,,,,
247483,2006/07,2007-03-29,"Sir Vivian Richards Stadium, North Sound",2,38.5,New Zealand,West Indies,CD McMillan,SB Styris,RR Sarwan,1,0,,,,,,,,,
247483,2006/07,2007-03-29,"Sir Vivian Richards Stadium, North Sound",2,38.6,New Zealand,West Indies,SB Styris,CD McMillan,RR Sarwan,1,0,,,,,,,,,
247483,2006/07,2007-03-29,"Sir Vivian Richards Stadium, North Sound",2,39.1,New Zealand,West Indies,SB Styris,CD McMillan,CH Gayle,0,0,,,,,,,,,
247483,2006/07,2007-03-29,"Sir Vivian Richards Stadium, North Sound",2,39.2,New Zealand,West Indies,SB Styris,CD McMillan,CH Gayle,4,0,,,,,,,,,
