match_id,season,start_date,venue,innings,ball,batting_team,bowling_team,striker,non_striker,bowler,runs_off_bat,extras,wides,noballs,byes,legbyes,penalty,wicket_type,player_dismissed,other_wicket_type,other_player_dismissed
247504,2006/07,2007-04-21,"Kensington Oval, Bridgetown",1,0.1,West Indies,England,CH Gayle,DS Smith,JM Anderson,0,0,,,,,,,,,
247504,2006/07,2007-04-21,"Kensington Oval, Bridgetown",1,0.2,West Indies,England,CH Gayle,DS Smith,JM Anderson,2,0,,,,,,,,,
247504,2006/07,2007-04-21,"Kensington Oval, Bridgetown",1,0.3,West Indies,England,CH Gayle,DS Smith,JM Anderson,0,1,1,,,,,,,,
247504,2006/07,2007-04-21,"Kensington Oval, Bridgetown",1,0.4,West Indies,England,CH Gayle,DS Smith,JM Anderson,0,0,,,,,,,,,
247504,2006/07,2007-04-21,"Kensington Oval, Bridgetown",1,0.5,West Indies,England,CH Gayle,DS Smith,JM Anderson,0,1,1,,,,,,,,
247504,2006/07,2007-04-21,"Kensington Oval, Bridgetown",1,0.6,West Indies,England,CH Gayle,DS Smith,JM Anderson,1,0,,,,,,,,,
247504,2006/07,2007-04-21,"Kensington Oval, Bridgetown",1,0.7,West Indies,England,DS Smith,CH Gayle,JM Anderson,0,1,1,,,,,,,,
247504,2006/07,2007-04-21,"Kensington Oval, Bridgetown",1,0.8,West Indies,England,DS Smith,CH Gayle,JM Anderson,0,0,,,,,,,,,
247504,2006/07,2007-04-21,"Kensington Oval, Bridgetown",1,0.9,West Indies,England,DS Smith,CH Gayle,JM Anderson,0,0,,,,,,,,,
247504,2006/07,2007-04-21,"Kensington Oval, Bridgetown",1,1.1,West Indies,England,CH Gayle,DS Smith,LE Plunkett,0,0,,,,,,,,,
247504,2006/07,2007-04-21,"Kensington Oval, Bridgetown",1,1.2,West Indies,England,CH Gayle,DS Smith,LE Plunkett,0,1,1,,,,,,,,
247504,2006/07,2007-04-21,"Kensington Oval, Bridgetown",1,1.3,West Indies,England,CH Gayle,DS Smith,LE Plunkett,0,0,,,,,,,,,
247504,2006/07,2007-04-21,"Kensington Oval, Bridgetown",1,1.4,West Indies,England,CH Gayle,DS Smith,LE Plunkett,0,1,1,,,,,,,,
247504,2006/07,2007-04-21,"Kensington Oval, Bridgetown",1,1.5,West Indies,England,CH Gayle,DS Smith,LE Plunkett,1,0,,,,,,,,,
247504,2006/07,2007-04-21,"Kensington Oval, Bridgetown",1,1.6,West Indies,England,DS Smith,CH Gayle,LE Plunkett,0,0,,,,,,,,,
247504,2006/07,2007-04-21,"Kensington Oval, Bridgetown",1,1.7,West Indies,England,DS Smith,CH Gayle,LE Plunkett,0,0,,,,,,,,,
247504,2006/07,2007-04-21,"Kensington Oval, Bridgetown",1,1.8,West Indies,England,DS Smith,CH Gayle,LE Plunkett,4,0,,,,,,,,,
247504,2006/07,2007-04-21,"Kensington Oval, Bridgetown",1,2.1,West Indies,England,CH Gayle,DS Smith,JM Anderson,0,0,,,,,,,,,
247504,2006/07,2007-04-21,"Kensington Oval, Bridgetown",1,2.2,West Indies,England,CH Gayle,DS Smith,JM Anderson,4,0,,,,,,,,,
247504,2006/07,2007-04-21,"Kensington Oval, Bridgetown",1,2.3,West Indies,England,CH Gayle,DS Smith,JM Anderson,1,0,,,,,,,,,
247504,2006/07,2007-04-21,"Kensington Oval, Bridgetown",1,2.4,West Indies,England,DS Smith,CH Gayle,JM Anderson,1,0,,,,,,,,,
247504,2006/07,2007-04-21,"Kensington Oval, Bridgetown",1,2.5,West Indies,England,CH Gayle,DS Smith,JM Anderson,0,0,,,,,,,,,
247504,2006/07,2007-04-21,"Kensington Oval, Bridgetown",1,2.6,West Indies,England,CH Gayle,DS Smith,JM Anderson,0,0,,,,,,,,,
247504,2006/07,2007-04-21,"Kensington Oval, Bridgetown",1,3.1,West Indies,England,DS Smith,CH Gayle,LE Plunkett,0,0,,,,,,,,,
247504,2006/07,2007-04-21,"Kensington Oval, Bridgetown",1,3.2,West Indies,England,DS Smith,CH Gayle,LE Plunkett,0,0,,,,,,,,,
247504,2006/07,2007-04-21,"Kensington Oval, Bridgetown",1,3.3,West Indies,England,DS Smith,CH Gayle,LE Plunkett,0,1,1,,,,,,,,
247504,2006/07,2007-04-21,"Kensington Oval, Bridgetown",1,3.4,West Indies,England,DS Smith,CH Gayle,LE Plunkett,1,0,,,,,,,,,
247504,2006/07,2007-04-21,"Kensington Oval, Bridgetown",1,3.5,West Indies,England,CH Gayle,DS Smith,LE Plunkett,0,0,,,,,,,,,
247504,2006/07,2007-04-21,"Kensington Oval, Bridgetown",1,3.6,West Indies,England,CH Gayle,DS Smith,LE Plunkett,6,0,,,,,,,,,
247504,2006/07,2007-04-21,"Kensington Oval, Bridgetown",1,3.7,West Indies,England,CH Gayle,DS Smith,LE Plunkett,0,0,,,,,,,,,
247504,2006/07,2007-04-21,"Kensington Oval, Bridgetown",1,4.1,West Indies,England,DS Smith,CH Gayle,SCJ Broad,0,0,,,,,,,,,
247504,2006/07,2007-04-21,"Kensington Oval, Bridgetown",1,4.2,West Indies,England,DS Smith,CH Gayle,SCJ Broad,2,0,,,,,,,,,
247504,2006/07,2007-04-21,"Kensington Oval, Bridgetown",1,4.3,West Indies,England,DS Smith,CH Gayle,SCJ Broad,0,0,,,,,,,,,
247504,2006/07,2007-04-21,"Kensington Oval, Bridgetown",1,4.4,West Indies,England,DS Smith,CH Gayle,SCJ Broad,1,0,,,,,,,,,
247504,2006/07,2007-04-21,"Kensington Oval, Bridgetown",1,4.5,West Indies,England,CH Gayle,DS Smith,SCJ Broad,4,0,,,,,,,,,
247504,2006/07,2007-04-21,"Kensington Oval, Bridgetown",1,4.6,West Indies,England,CH Gayle,DS Smith,SCJ Broad,4,0,,,,,,,,,
247504,2006/07,2007-04-21,"Kensington Oval, Bridgetown",1,5.1,West Indies,England,DS Smith,CH Gayle,LE Plunkett,0,0,,,,,,,,,
247504,2006/07,2007-04-21,"Kensington Oval, Bridgetown",1,5.2,West Indies,England,DS Smith,CH Gayle,LE Plunkett,0,0,,,,,,,,,
247504,2006/07,2007-04-21,"Kensington Oval, Bridgetown",1,5.3,West Indies,England,DS Smith,CH Gayle,LE Plunkett,0,0,,,,,,,,,
247504,2006/07,2007-04-21,"Kensington Oval, Bridgetown",1,5.4,West Indies,England,DS Smith,CH Gayle,LE Plunkett,0,1,,1,,,,,,,
247504,2006/07,2007-04-21,"Kensington Oval, Bridgetown",1,5.5,West Indies,England,DS Smith,CH Gayle,LE Plunkett,0,0,,,,,,,,,
247504,2006/07,2007-04-21,"Kensington Oval, Bridgetown",1,5.6,West Indies,England,DS Smith,CH Gayle,LE Plunkett,0,0,,,,,,,,,
247504,2006/07,2007-04-21,"Kensington Oval, Bridgetown",1,5.7,West Indies,England,DS Smith,CH Gayle,LE Plunkett,0,0,,,,,,,,,
247504,2006/07,2007-04-21,"Kensington Oval, Bridgetown",1,6.1,West Indies,England,CH Gayle,DS Smith,SCJ Broad,0,0,,,,,,,,,
247504,2006/07,2007-04-21,"Kensington Oval, Bridgetown",1,6.2,West Indies,England,CH Gayle,DS Smith,SCJ Broad,0,0,,,,,,,,,
247504,2006/07,2007-04-21,"Kensington Oval, Bridgetown",1,6.3,West Indies,England,CH Gayle,DS Smith,SCJ Broad,1,0,,,,,,,,,
247504,2006/07,2007-04-21,"Kensington Oval, Bridgetown",1,6.4,West Indies,England,DS Smith,CH Gayle,SCJ Broad,0,0,,,,,,,,,
247504,2006/07,2007-04-21,"Kensington Oval, Bridgetown",1,6.5,West Indies,England,DS Smith,CH Gayle,SCJ Broad,0,0,,,,,,,,,
247504,2006/07,2007-04-21,"Kensington Oval, Bridgetown",1,6.6,West Indies,England,DS Smith,CH Gayle,SCJ Broad,0,0,,,,,,,,,
247504,2006/07,2007-04-21,"Kensington Oval, Bridgetown",1,7.1,West Indies,England,CH Gayle,DS Smith,LE Plunkett,1,0,,,,,,,,,
247504,2006/07,2007-04-21,"Kensington Oval, Bridgetown",1,7.2,West Indies,England,DS Smith,CH Gayle,LE Plunkett,1,0,,,,,,,,,
247504,2006/07,2007-04-21,"Kensington Oval, Bridgetown",1,7.3,West Indies,England,CH Gayle,DS Smith,LE Plunkett,4,0,,,,,,,,,
247504,2006/07,2007-04-21,"Kensington Oval, Bridgetown",1,7.4,West Indies,England,CH Gayle,DS Smith,LE Plunkett,4,0,,,,,,,,,
247504,2006/07,2007-04-21,"Kensington Oval, Bridgetown",1,7.5,West Indies,England,CH Gayle,DS Smith,LE Plunkett,6,0,,,,,,,,,
247504,2006/07,2007-04-21,"Kensington Oval, Bridgetown",1,7.6,West Indies,England,CH Gayle,DS Smith,LE Plunkett,6,0,,,,,,,,,
247504,2006/07,2007-04-21,"Kensington Oval, Bridgetown",1,8.1,West Indies,England,DS Smith,CH Gayle,SCJ Broad,0,0,,,,,,,,,
247504,2006/07,2007-04-21,"Kensington Oval, Bridgetown",1,8.2,West Indies,England,DS Smith,CH Gayle,SCJ Broad,0,0,,,,,,,,,
247504,2006/07,2007-04-21,"Kensington Oval, Bridgetown",1,8.3,West Indies,England,DS Smith,CH Gayle,SCJ Broad,0,1,1,,,,,,,,
247504,2006/07,2007-04-21,"Kensington Oval, Bridgetown",1,8.4,West Indies,England,DS Smith,CH Gayle,SCJ Broad,0,0,,,,,,,,,
247504,2006/07,2007-04-21,"Kensington Oval, Bridgetown",1,8.5,West Indies,England,DS Smith,CH Gayle,SCJ Broad,1,0,,,,,,,,,
247504,2006/07,2007-04-21,"Kensington Oval, Bridgetown",1,8.6,West Indies,England,CH Gayle,DS Smith,SCJ Broad,1,0,,,,,,,,,
247504,2006/07,2007-04-21,"Kensington Oval, Bridgetown",1,8.7,West Indies,England,DS Smith,CH Gayle,SCJ Broad,0,0,,,,,,,,,
247504,2006/07,2007-04-21,"Kensington Oval, Bridgetown",1,9.1,West Indies,England,CH Gayle,DS Smith,A Flintoff,1,0,,,,,,,,,
247504,2006/07,2007-04-21,"Kensington Oval, Bridgetown",1,9.2,West Indies,England,DS Smith,CH Gayle,A Flintoff,1,0,,,,,,,,,
247504,2006/07,2007-04-21,"Kensington Oval, Bridgetown",1,9.3,West Indies,England,CH Gayle,DS Smith,A Flintoff,1,0,,,,,,,,,
247504,2006/07,2007-04-21,"Kensington Oval, Bridgetown",1,9.4,West Indies,England,DS Smith,CH Gayle,A Flintoff,0,0,,,,,,,,,
247504,2006/07,2007-04-21,"Kensington Oval, Bridgetown",1,9.5,West Indies,England,DS Smith,CH Gayle,A Flintoff,0,0,,,,,,,,,
247504,2006/07,2007-04-21,"Kensington Oval, Bridgetown",1,9.6,West Indies,England,DS Smith,CH Gayle,A Flintoff,0,0,,,,,,,,,
247504,2006/07,2007-04-21,"Kensington Oval, Bridgetown",1,10.1,West Indies,England,CH Gayle,DS Smith,JWM Dalrymple,4,0,,,,,,,,,
247504,2006/07,2007-04-21,"Kensington Oval, Bridgetown",1,10.2,West Indies,England,CH Gayle,DS Smith,JWM Dalrymple,1,0,,,,,,,,,
247504,2006/07,2007-04-21,"Kensington Oval, Bridgetown",1,10.3,West Indies,England,DS Smith,CH Gayle,JWM Dalrymple,4,0,,,,,,,,,
247504,2006/07,2007-04-21,"Kensington Oval, Bridgetown",1,10.4,West Indies,England,DS Smith,CH Gayle,JWM Dalrymple,2,0,,,,,,,,,
247504,2006/07,2007-04-21,"Kensington Oval, Bridgetown",1,10.5,West Indies,England,DS Smith,CH Gayle,JWM Dalrymple,1,0,,,,,,,,,
247504,2006/07,2007-04-21,"Kensington Oval, Bridgetown",1,10.6,West Indies,England,CH Gayle,DS Smith,JWM Dalrymple,0,0,,,,,,,,,
247504,2006/07,2007-04-21,"Kensington Oval, Bridgetown",1,11.1,West Indies,England,DS Smith,CH Gayle,PD Collingwood,2,0,,,,,,,,,
247504,2006/07,2007-04-21,"Kensington Oval, Bridgetown",1,11.2,West Indies,England,DS Smith,CH Gayle,PD Collingwood,1,0,,,,,,,,,
247504,2006/07,2007-04-21,"Kensington Oval, Bridgetown",1,11.3,West Indies,England,CH Gayle,DS Smith,PD Collingwood,4,0,,,,,,,,,
247504,2006/07,2007-04-21,"Kensington Oval, Bridgetown",1,11.4,West Indies,England,CH Gayle,DS Smith,PD Collingwood,1,0,,,,,,,,,
247504,2006/07,2007-04-21,"Kensington Oval, Bridgetown",1,11.5,West Indies,England,DS Smith,CH Gayle,PD Collingwood,0,0,,,,,,,,,
247504,2006/07,2007-04-21,"Kensington Oval, Bridgetown",1,11.6,West Indies,England,DS Smith,CH Gayle,PD Collingwood,0,0,,,,,,,,,
247504,2006/07,2007-04-21,"Kensington Oval, Bridgetown",1,12.1,West Indies,England,CH Gayle,DS Smith,JWM Dalrymple,1,0,,,,,,,,,
247504,2006/07,2007-04-21,"Kensington Oval, Bridgetown",1,12.2,West Indies,England,DS Smith,CH Gayle,JWM Dalrymple,0,0,,,,,,,,,
247504,2006/07,2007-04-21,"Kensington Oval, Bridgetown",1,12.3,West Indies,England,DS Smith,CH Gayle,JWM Dalrymple,0,0,,,,,,,,,
247504,2006/07,2007-04-21,"Kensington Oval, Bridgetown",1,12.4,West Indies,England,DS Smith,CH Gayle,JWM Dalrymple,0,1,1,,,,,,,,
247504,2006/07,2007-04-21,"Kensington Oval, Bridgetown",1,12.5,West Indies,England,DS Smith,CH Gayle,JWM Dalrymple,0,0,,,,,,,,,
247504,2006/07,2007-04-21,"Kensington Oval, Bridgetown",1,12.6,West Indies,England,DS Smith,CH Gayle,JWM Dalrymple,0,0,,,,,,,,,
247504,2006/07,2007-04-21,"Kensington Oval, Bridgetown",1,12.7,West Indies,England,DS Smith,CH Gayle,JWM Dalrymple,0,0,,,,,,,,,
247504,2006/07,2007-04-21,"Kensington Oval, Bridgetown",1,13.1,West Indies,England,CH Gayle,DS Smith,PD Collingwood,4,0,,,,,,,,,
247504,2006/07,2007-04-21,"Kensington Oval, Bridgetown",1,13.2,West Indies,England,CH Gayle,DS Smith,PD Collingwood,0,0,,,,,,,,,
247504,2006/07,2007-04-21,"Kensington Oval, Bridgetown",1,13.3,West Indies,England,CH Gayle,DS Smith,PD Collingwood,0,0,,,,,,,,,
247504,2006/07,2007-04-21,"Kensington Oval, Bridgetown",1,13.4,West Indies,England,CH Gayle,DS Smith,PD Collingwood,1,0,,,,,,,,,
247504,2006/07,2007-04-21,"Kensington Oval, Bridgetown",1,13.5,West Indies,England,DS Smith,CH Gayle,PD Collingwood,1,0,,,,,,,,,
247504,2006/07,2007-04-21,"Kensington Oval, Bridgetown",1,13.6,West Indies,England,CH Gayle,DS Smith,PD Collingwood,0,1,1,,,,,,,,
247504,2006/07,2007-04-21,"Kensington Oval, Bridgetown",1,13.7,West Indies,England,CH Gayle,DS Smith,PD Collingwood,0,0,,,,,,,,,
247504,2006/07,2007-04-21,"Kensington Oval, Bridgetown",1,14.1,West Indies,England,DS Smith,CH Gayle,JWM Dalrymple,0,0,,,,,,,,,
247504,2006/07,2007-04-21,"Kensington Oval, Bridgetown",1,14.2,West Indies,England,DS Smith,CH Gayle,JWM Dalrymple,0,0,,,,,,,,,
247504,2006/07,2007-04-21,"Kensington Oval, Bridgetown",1,14.3,West Indies,England,DS Smith,CH Gayle,JWM Dalrymple,4,0,,,,,,,,,
247504,2006/07,2007-04-21,"Kensington Oval, Bridgetown",1,14.4,West Indies,England,DS Smith,CH Gayle,JWM Dalrymple,0,0,,,,,,,,,
247504,2006/07,2007-04-21,"Kensington Oval, Bridgetown",1,14.5,West Indies,England,DS Smith,CH Gayle,JWM Dalrymple,1,0,,,,,,,,,
247504,2006/07,2007-04-21,"Kensington Oval, Bridgetown",1,14.6,West Indies,England,CH Gayle,DS Smith,JWM Dalrymple,0,0,,,,,,,,,
247504,2006/07,2007-04-21,"Kensington Oval, Bridgetown",1,15.1,West Indies,England,DS Smith,CH Gayle,PD Collingwood,0,0,,,,,,,,,
247504,2006/07,2007-04-21,"Kensington Oval, Bridgetown",1,15.2,West Indies,England,DS Smith,CH Gayle,PD Collingwood,1,0,,,,,,,,,
247504,2006/07,2007-04-21,"Kensington Oval, Bridgetown",1,15.3,West Indies,England,CH Gayle,DS Smith,PD Collingwood,1,0,,,,,,,,,
247504,2006/07,2007-04-21,"Kensington Oval, Bridgetown",1,15.4,West Indies,England,DS Smith,CH Gayle,PD Collingwood,0,0,,,,,,,,,
247504,2006/07,2007-04-21,"Kensington Oval, Bridgetown",1,15.5,West Indies,England,DS Smith,CH Gayle,PD Collingwood,0,0,,,,,,,,,
247504,2006/07,2007-04-21,"Kensington Oval, Bridgetown",1,15.6,West Indies,England,DS Smith,CH Gayle,PD Collingwood,1,0,,,,,,,,,
247504,2006/07,2007-04-21,"Kensington Oval, Bridgetown",1,16.1,West Indies,England,DS Smith,CH Gayle,MP Vaughan,0,0,,,,,,,,,
247504,2006/07,2007-04-21,"Kensington Oval, Bridgetown",1,16.2,West Indies,England,DS Smith,CH Gayle,MP Vaughan,0,0,,,,,,,,,
247504,2006/07,2007-04-21,"Kensington Oval, Bridgetown",1,16.3,West Indies,England,DS Smith,CH Gayle,MP Vaughan,0,0,,,,,,,,,
247504,2006/07,2007-04-21,"Kensington Oval, Bridgetown",1,16.4,West Indies,England,DS Smith,CH Gayle,MP Vaughan,0,0,,,,,,,,,
247504,2006/07,2007-04-21,"Kensington Oval, Bridgetown",1,16.5,West Indies,England,DS Smith,CH Gayle,MP Vaughan,0,0,,,,,,,,,
247504,2006/07,2007-04-21,"Kensington Oval, Bridgetown",1,16.6,West Indies,England,DS Smith,CH Gayle,MP Vaughan,1,0,,,,,,,,,
247504,2006/07,2007-04-21,"Kensington Oval, Bridgetown",1,17.1,West Indies,England,DS Smith,CH Gayle,PD Collingwood,0,0,,,,,,,,,
247504,2006/07,2007-04-21,"Kensington Oval, Bridgetown",1,17.2,West Indies,England,DS Smith,CH Gayle,PD Collingwood,0,0,,,,,,,,,
247504,2006/07,2007-04-21,"Kensington Oval, Bridgetown",1,17.3,West Indies,England,DS Smith,CH Gayle,PD Collingwood,1,0,,,,,,,,,
247504,2006/07,2007-04-21,"Kensington Oval, Bridgetown",1,17.4,West Indies,England,CH Gayle,DS Smith,PD Collingwood,1,0,,,,,,,,,
247504,2006/07,2007-04-21,"Kensington Oval, Bridgetown",1,17.5,West Indies,England,DS Smith,CH Gayle,PD Collingwood,1,0,,,,,,,,,
247504,2006/07,2007-04-21,"Kensington Oval, Bridgetown",1,17.6,West Indies,England,CH Gayle,DS Smith,PD Collingwood,0,0,,,,,,,,,
247504,2006/07,2007-04-21,"Kensington Oval, Bridgetown",1,18.1,West Indies,England,DS Smith,CH Gayle,MP Vaughan,0,0,,,,,,,,,
247504,2006/07,2007-04-21,"Kensington Oval, Bridgetown",1,18.2,West Indies,England,DS Smith,CH Gayle,MP Vaughan,0,0,,,,,,,,,
247504,2006/07,2007-04-21,"Kensington Oval, Bridgetown",1,18.3,West Indies,England,DS Smith,CH Gayle,MP Vaughan,0,0,,,,,,,,,
247504,2006/07,2007-04-21,"Kensington Oval, Bridgetown",1,18.4,West Indies,England,DS Smith,CH Gayle,MP Vaughan,1,0,,,,,,,,,
247504,2006/07,2007-04-21,"Kensington Oval, Bridgetown",1,18.5,West Indies,England,CH Gayle,DS Smith,MP Vaughan,0,0,,,,,,,,,
247504,2006/07,2007-04-21,"Kensington Oval, Bridgetown",1,18.6,West Indies,England,CH Gayle,DS Smith,MP Vaughan,0,0,,,,,,,,,
247504,2006/07,2007-04-21,"Kensington Oval, Bridgetown",1,19.1,West Indies,England,DS Smith,CH Gayle,PD Collingwood,1,0,,,,,,,,,
247504,2006/07,2007-04-21,"Kensington Oval, Bridgetown",1,19.2,West Indies,England,CH Gayle,DS Smith,PD Collingwood,4,0,,,,,,,,,
247504,2006/07,2007-04-21,"Kensington Oval, Bridgetown",1,19.3,West Indies,England,CH Gayle,DS Smith,PD Collingwood,1,0,,,,,,,,,
247504,2006/07,2007-04-21,"Kensington Oval, Bridgetown",1,19.4,West Indies,England,DS Smith,CH Gayle,PD Collingwood,0,0,,,,,,,,,
247504,2006/07,2007-04-21,"Kensington Oval, Bridgetown",1,19.5,West Indies,England,DS Smith,CH Gayle,PD Collingwood,0,0,,,,,,,,,
247504,2006/07,2007-04-21,"Kensington Oval, Bridgetown",1,19.6,West Indies,England,DS Smith,CH Gayle,PD Collingwood,0,0,,,,,,,,,
247504,2006/07,2007-04-21,"Kensington Oval, Bridgetown",1,20.1,West Indies,England,CH Gayle,DS Smith,MP Vaughan,1,0,,,,,,,,,
247504,2006/07,2007-04-21,"Kensington Oval, Bridgetown",1,20.2,West Indies,England,DS Smith,CH Gayle,MP Vaughan,0,0,,,,,,,,,
247504,2006/07,2007-04-21,"Kensington Oval, Bridgetown",1,20.3,West Indies,England,DS Smith,CH Gayle,MP Vaughan,0,0,,,,,,,,,
247504,2006/07,2007-04-21,"Kensington Oval, Bridgetown",1,20.4,West Indies,England,DS Smith,CH Gayle,MP Vaughan,2,0,,,,,,,,,
247504,2006/07,2007-04-21,"Kensington Oval, Bridgetown",1,20.5,West Indies,England,DS Smith,CH Gayle,MP Vaughan,1,0,,,,,,,,,
247504,2006/07,2007-04-21,"Kensington Oval, Bridgetown",1,20.6,West Indies,England,CH Gayle,DS Smith,MP Vaughan,1,0,,,,,,,,,
247504,2006/07,2007-04-21,"Kensington Oval, Bridgetown",1,21.1,West Indies,England,CH Gayle,DS Smith,A Flintoff,1,0,,,,,,,,,
247504,2006/07,2007-04-21,"Kensington Oval, Bridgetown",1,21.2,West Indies,England,DS Smith,CH Gayle,A Flintoff,0,0,,,,,,,,,
247504,2006/07,2007-04-21,"Kensington Oval, Bridgetown",1,21.3,West Indies,England,DS Smith,CH Gayle,A Flintoff,0,0,,,,,,,,,
247504,2006/07,2007-04-21,"Kensington Oval, Bridgetown",1,21.4,West Indies,England,DS Smith,CH Gayle,A Flintoff,0,0,,,,,,,,,
247504,2006/07,2007-04-21,"Kensington Oval, Bridgetown",1,21.5,West Indies,England,DS Smith,CH Gayle,A Flintoff,1,0,,,,,,,,,
247504,2006/07,2007-04-21,"Kensington Oval, Bridgetown",1,21.6,West Indies,England,CH Gayle,DS Smith,A Flintoff,0,0,,,,,,,,,
247504,2006/07,2007-04-21,"Kensington Oval, Bridgetown",1,22.1,West Indies,England,DS Smith,CH Gayle,JM Anderson,0,0,,,,,,,,,
247504,2006/07,2007-04-21,"Kensington Oval, Bridgetown",1,22.2,West Indies,England,DS Smith,CH Gayle,JM Anderson,2,0,,,,,,,,,
247504,2006/07,2007-04-21,"Kensington Oval, Bridgetown",1,22.3,West Indies,England,DS Smith,CH Gayle,JM Anderson,1,0,,,,,,,,,
247504,2006/07,2007-04-21,"Kensington Oval, Bridgetown",1,22.4,West Indies,England,CH Gayle,DS Smith,JM Anderson,0,0,,,,,,,,,
247504,2006/07,2007-04-21,"Kensington Oval, Bridgetown",1,22.5,West Indies,England,CH Gayle,DS Smith,JM Anderson,1,0,,,,,,,,,
247504,2006/07,2007-04-21,"Kensington Oval, Bridgetown",1,22.6,West Indies,England,DS Smith,CH Gayle,JM Anderson,0,0,,,,,,,,,
247504,2006/07,2007-04-21,"Kensington Oval, Bridgetown",1,23.1,West Indies,England,CH Gayle,DS Smith,A Flintoff,0,0,,,,,,,,,
247504,2006/07,2007-04-21,"Kensington Oval, Bridgetown",1,23.2,West Indies,England,CH Gayle,DS Smith,A Flintoff,4,0,,,,,,,,,
247504,2006/07,2007-04-21,"Kensington Oval, Bridgetown",1,23.3,West Indies,England,CH Gayle,DS Smith,A Flintoff,0,0,,,,,,,,,
247504,2006/07,2007-04-21,"Kensington Oval, Bridgetown",1,23.4,West Indies,England,CH Gayle,DS Smith,A Flintoff,0,0,,,,,,,,,
247504,2006/07,2007-04-21,"Kensington Oval, Bridgetown",1,23.5,West Indies,England,CH Gayle,DS Smith,A Flintoff,0,0,,,,,,caught,CH Gayle,,
247504,2006/07,2007-04-21,"Kensington Oval, Bridgetown",1,23.6,West Indies,England,BC Lara,DS Smith,A Flintoff,0,0,,,,,,,,,
247504,2006/07,2007-04-21,"Kensington Oval, Bridgetown",1,24.1,West Indies,England,DS Smith,BC Lara,JM Anderson,4,0,,,,,,,,,
247504,2006/07,2007-04-21,"Kensington Oval, Bridgetown",1,24.2,West Indies,England,DS Smith,BC Lara,JM Anderson,0,1,1,,,,,,,,
247504,2006/07,2007-04-21,"Kensington Oval, Bridgetown",1,24.3,West Indies,England,DS Smith,BC Lara,JM Anderson,0,0,,,,,,,,,
247504,2006/07,2007-04-21,"Kensington Oval, Bridgetown",1,24.4,West Indies,England,DS Smith,BC Lara,JM Anderson,0,0,,,,,,,,,
247504,2006/07,2007-04-21,"Kensington Oval, Bridgetown",1,24.5,West Indies,England,DS Smith,BC Lara,JM Anderson,0,0,,,,,,,,,
247504,2006/07,2007-04-21,"Kensington Oval, Bridgetown",1,24.6,West Indies,England,DS Smith,BC Lara,JM Anderson,2,0,,,,,,,,,
247504,2006/07,2007-04-21,"Kensington Oval, Bridgetown",1,24.7,West Indies,England,DS Smith,BC Lara,JM Anderson,0,1,1,,,,,,,,
247504,2006/07,2007-04-21,"Kensington Oval, Bridgetown",1,24.8,West Indies,England,DS Smith,BC Lara,JM Anderson,0,1,1,,,,,,,,
247504,2006/07,2007-04-21,"Kensington Oval, Bridgetown",1,24.9,West Indies,England,DS Smith,BC Lara,JM Anderson,1,0,,,,,,,,,
247504,2006/07,2007-04-21,"Kensington Oval, Bridgetown",1,25.1,West Indies,England,DS Smith,BC Lara,A Flintoff,0,0,,,,,,,,,
247504,2006/07,2007-04-21,"Kensington Oval, Bridgetown",1,25.2,West Indies,England,DS Smith,BC Lara,A Flintoff,0,0,,,,,,,,,
247504,2006/07,2007-04-21,"Kensington Oval, Bridgetown",1,25.3,West Indies,England,DS Smith,BC Lara,A Flintoff,0,1,,1,,,,,,,
247504,2006/07,2007-04-21,"Kensington Oval, Bridgetown",1,25.4,West Indies,England,DS Smith,BC Lara,A Flintoff,1,0,,,,,,,,,
247504,2006/07,2007-04-21,"Kensington Oval, Bridgetown",1,25.5,West Indies,England,BC Lara,DS Smith,A Flintoff,1,0,,,,,,,,,
247504,2006/07,2007-04-21,"Kensington Oval, Bridgetown",1,25.6,West Indies,England,DS Smith,BC Lara,A Flintoff,0,0,,,,,,,,,
247504,2006/07,2007-04-21,"Kensington Oval, Bridgetown",1,25.7,West Indies,England,DS Smith,BC Lara,A Flintoff,0,0,,,,,,,,,
247504,2006/07,2007-04-21,"Kensington Oval, Bridgetown",1,26.1,West Indies,England,BC Lara,DS Smith,JM Anderson,0,0,,,,,,,,,
247504,2006/07,2007-04-21,"Kensington Oval, Bridgetown",1,26.2,West Indies,England,BC Lara,DS Smith,JM Anderson,0,0,,,,,,,,,
247504,2006/07,2007-04-21,"Kensington Oval, Bridgetown",1,26.3,West Indies,England,BC Lara,DS Smith,JM Anderson,1,0,,,,,,,,,
247504,2006/07,2007-04-21,"Kensington Oval, Bridgetown",1,26.4,West Indies,England,DS Smith,BC Lara,JM Anderson,1,0,,,,,,,,,
247504,2006/07,2007-04-21,"Kensington Oval, Bridgetown",1,26.5,West Indies,England,BC Lara,DS Smith,JM Anderson,1,0,,,,,,,,,
247504,2006/07,2007-04-21,"Kensington Oval, Bridgetown",1,26.6,West Indies,England,DS Smith,BC Lara,JM Anderson,0,0,,,,,,,,,
247504,2006/07,2007-04-21,"Kensington Oval, Bridgetown",1,27.1,West Indies,England,BC Lara,DS Smith,A Flintoff,0,0,,,,,,,,,
247504,2006/07,2007-04-21,"Kensington Oval, Bridgetown",1,27.2,West Indies,England,BC Lara,DS Smith,A Flintoff,4,0,,,,,,,,,
247504,2006/07,2007-04-21,"Kensington Oval, Bridgetown",1,27.3,West Indies,England,BC Lara,DS Smith,A Flintoff,0,0,,,,,,,,,
247504,2006/07,2007-04-21,"Kensington Oval, Bridgetown",1,27.4,West Indies,England,BC Lara,DS Smith,A Flintoff,1,0,,,,,,,,,
247504,2006/07,2007-04-21,"Kensington Oval, Bridgetown",1,27.5,West Indies,England,DS Smith,BC Lara,A Flintoff,4,0,,,,,,,,,
247504,2006/07,2007-04-21,"Kensington Oval, Bridgetown",1,27.6,West Indies,England,DS Smith,BC Lara,A Flintoff,0,0,,,,,,,,,
247504,2006/07,2007-04-21,"Kensington Oval, Bridgetown",1,28.1,West Indies,England,BC Lara,DS Smith,JM Anderson,4,0,,,,,,,,,
247504,2006/07,2007-04-21,"Kensington Oval, Bridgetown",1,28.2,West Indies,England,BC Lara,DS Smith,JM Anderson,1,0,,,,,,,,,
247504,2006/07,2007-04-21,"Kensington Oval, Bridgetown",1,28.3,West Indies,England,DS Smith,BC Lara,JM Anderson,4,0,,,,,,,,,
247504,2006/07,2007-04-21,"Kensington Oval, Bridgetown",1,28.4,West Indies,England,DS Smith,BC Lara,JM Anderson,1,0,,,,,,,,,
247504,2006/07,2007-04-21,"Kensington Oval, Bridgetown",1,28.5,West Indies,England,BC Lara,DS Smith,JM Anderson,0,0,,,,,,,,,
247504,2006/07,2007-04-21,"Kensington Oval, Bridgetown",1,28.6,West Indies,England,BC Lara,DS Smith,JM Anderson,0,0,,,,,,,,,
247504,2006/07,2007-04-21,"Kensington Oval, Bridgetown",1,29.1,West Indies,England,DS Smith,BC Lara,A Flintoff,1,0,,,,,,,,,
247504,2006/07,2007-04-21,"Kensington Oval, Bridgetown",1,29.2,West Indies,England,BC Lara,DS Smith,A Flintoff,1,0,,,,,,,,,
247504,2006/07,2007-04-21,"Kensington Oval, Bridgetown",1,29.3,West Indies,England,DS Smith,BC Lara,A Flintoff,0,0,,,,,,caught,DS Smith,,
247504,2006/07,2007-04-21,"Kensington Oval, Bridgetown",1,29.4,West Indies,England,MN Samuels,BC Lara,A Flintoff,0,1,,,,1,,,,,
247504,2006/07,2007-04-21,"Kensington Oval, Bridgetown",1,29.5,West Indies,England,BC Lara,MN Samuels,A Flintoff,4,0,,,,,,,,,
247504,2006/07,2007-04-21,"Kensington Oval, Bridgetown",1,29.6,West Indies,England,BC Lara,MN Samuels,A Flintoff,0,0,,,,,,,,,
247504,2006/07,2007-04-21,"Kensington Oval, Bridgetown",1,30.1,West Indies,England,MN Samuels,BC Lara,SCJ Broad,0,0,,,,,,,,,
247504,2006/07,2007-04-21,"Kensington Oval, Bridgetown",1,30.2,West Indies,England,MN Samuels,BC Lara,SCJ Broad,0,0,,,,,,,,,
247504,2006/07,2007-04-21,"Kensington Oval, Bridgetown",1,30.3,West Indies,England,MN Samuels,BC Lara,SCJ Broad,0,0,,,,,,,,,
247504,2006/07,2007-04-21,"Kensington Oval, Bridgetown",1,30.4,West Indies,England,MN Samuels,BC Lara,SCJ Broad,0,0,,,,,,,,,
247504,2006/07,2007-04-21,"Kensington Oval, Bridgetown",1,30.5,West Indies,England,MN Samuels,BC Lara,SCJ Broad,0,0,,,,,,run out,BC Lara,,
247504,2006/07,2007-04-21,"Kensington Oval, Bridgetown",1,30.6,West Indies,England,MN Samuels,RR Sarwan,SCJ Broad,0,0,,,,,,,,,
247504,2006/07,2007-04-21,"Kensington Oval, Bridgetown",1,31.1,West Indies,England,RR Sarwan,MN Samuels,LE Plunkett,0,0,,,,,,,,,
247504,2006/07,2007-04-21,"Kensington Oval, Bridgetown",1,31.2,West Indies,England,RR Sarwan,MN Samuels,LE Plunkett,0,0,,,,,,,,,
247504,2006/07,2007-04-21,"Kensington Oval, Bridgetown",1,31.3,West Indies,England,RR Sarwan,MN Samuels,LE Plunkett,0,0,,,,,,,,,
247504,2006/07,2007-04-21,"Kensington Oval, Bridgetown",1,31.4,West Indies,England,RR Sarwan,MN Samuels,LE Plunkett,1,0,,,,,,,,,
247504,2006/07,2007-04-21,"Kensington Oval, Bridgetown",1,31.5,West Indies,England,MN Samuels,RR Sarwan,LE Plunkett,1,0,,,,,,,,,
247504,2006/07,2007-04-21,"Kensington Oval, Bridgetown",1,31.6,West Indies,England,RR Sarwan,MN Samuels,LE Plunkett,1,0,,,,,,,,,
247504,2006/07,2007-04-21,"Kensington Oval, Bridgetown",1,32.1,West Indies,England,RR Sarwan,MN Samuels,SCJ Broad,1,0,,,,,,,,,
247504,2006/07,2007-04-21,"Kensington Oval, Bridgetown",1,32.2,West Indies,England,MN Samuels,RR Sarwan,SCJ Broad,0,0,,,,,,,,,
247504,2006/07,2007-04-21,"Kensington Oval, Bridgetown",1,32.3,West Indies,England,MN Samuels,RR Sarwan,SCJ Broad,0,0,,,,,,,,,
247504,2006/07,2007-04-21,"Kensington Oval, Bridgetown",1,32.4,West Indies,England,MN Samuels,RR Sarwan,SCJ Broad,2,0,,,,,,,,,
247504,2006/07,2007-04-21,"Kensington Oval, Bridgetown",1,32.5,West Indies,England,MN Samuels,RR Sarwan,SCJ Broad,1,0,,,,,,,,,
247504,2006/07,2007-04-21,"Kensington Oval, Bridgetown",1,32.6,West Indies,England,RR Sarwan,MN Samuels,SCJ Broad,0,0,,,,,,,,,
247504,2006/07,2007-04-21,"Kensington Oval, Bridgetown",1,33.1,West Indies,England,MN Samuels,RR Sarwan,LE Plunkett,1,0,,,,,,,,,
247504,2006/07,2007-04-21,"Kensington Oval, Bridgetown",1,33.2,West Indies,England,RR Sarwan,MN Samuels,LE Plunkett,0,0,,,,,,caught,RR Sarwan,,
247504,2006/07,2007-04-21,"Kensington Oval, Bridgetown",1,33.3,West Indies,England,S Chanderpaul,MN Samuels,LE Plunkett,0,1,1,,,,,,,,
247504,2006/07,2007-04-21,"Kensington Oval, Bridgetown",1,33.4,West Indies,England,S Chanderpaul,MN Samuels,LE Plunkett,4,0,,,,,,,,,
247504,2006/07,2007-04-21,"Kensington Oval, Bridgetown",1,33.5,West Indies,England,S Chanderpaul,MN Samuels,LE Plunkett,0,0,,,,,,,,,
247504,2006/07,2007-04-21,"Kensington Oval, Bridgetown",1,33.6,West Indies,England,S Chanderpaul,MN Samuels,LE Plunkett,0,0,,,,,,,,,
247504,2006/07,2007-04-21,"Kensington Oval, Bridgetown",1,33.7,West Indies,England,S Chanderpaul,MN Samuels,LE Plunkett,0,0,,,,,,,,,
247504,2006/07,2007-04-21,"Kensington Oval, Bridgetown",1,34.1,West Indies,England,MN Samuels,S Chanderpaul,SCJ Broad,4,0,,,,,,,,,
247504,2006/07,2007-04-21,"Kensington Oval, Bridgetown",1,34.2,West Indies,England,MN Samuels,S Chanderpaul,SCJ Broad,4,0,,,,,,,,,
247504,2006/07,2007-04-21,"Kensington Oval, Bridgetown",1,34.3,West Indies,England,MN Samuels,S Chanderpaul,SCJ Broad,0,0,,,,,,,,,
247504,2006/07,2007-04-21,"Kensington Oval, Bridgetown",1,34.4,West Indies,England,MN Samuels,S Chanderpaul,SCJ Broad,2,0,,,,,,,,,
247504,2006/07,2007-04-21,"Kensington Oval, Bridgetown",1,34.5,West Indies,England,MN Samuels,S Chanderpaul,SCJ Broad,2,0,,,,,,,,,
247504,2006/07,2007-04-21,"Kensington Oval, Bridgetown",1,34.6,West Indies,England,MN Samuels,S Chanderpaul,SCJ Broad,1,0,,,,,,,,,
247504,2006/07,2007-04-21,"Kensington Oval, Bridgetown",1,35.1,West Indies,England,MN Samuels,S Chanderpaul,LE Plunkett,6,0,,,,,,,,,
247504,2006/07,2007-04-21,"Kensington Oval, Bridgetown",1,35.2,West Indies,England,MN Samuels,S Chanderpaul,LE Plunkett,1,0,,,,,,,,,
247504,2006/07,2007-04-21,"Kensington Oval, Bridgetown",1,35.3,West Indies,England,S Chanderpaul,MN Samuels,LE Plunkett,0,0,,,,,,,,,
247504,2006/07,2007-04-21,"Kensington Oval, Bridgetown",1,35.4,West Indies,England,S Chanderpaul,MN Samuels,LE Plunkett,3,0,,,,,,,,,
247504,2006/07,2007-04-21,"Kensington Oval, Bridgetown",1,35.5,West Indies,England,MN Samuels,S Chanderpaul,LE Plunkett,0,1,1,,,,,,,,
247504,2006/07,2007-04-21,"Kensington Oval, Bridgetown",1,35.6,West Indies,England,MN Samuels,S Chanderpaul,LE Plunkett,4,1,,1,,,,,,,
247504,2006/07,2007-04-21,"Kensington Oval, Bridgetown",1,35.7,West Indies,England,MN Samuels,S Chanderpaul,LE Plunkett,4,0,,,,,,,,,
247504,2006/07,2007-04-21,"Kensington Oval, Bridgetown",1,35.8,West Indies,England,MN Samuels,S Chanderpaul,LE Plunkett,4,0,,,,,,,,,
247504,2006/07,2007-04-21,"Kensington Oval, Bridgetown",1,36.1,West Indies,England,S Chanderpaul,MN Samuels,MP Vaughan,0,0,,,,,,,,,
247504,2006/07,2007-04-21,"Kensington Oval, Bridgetown",1,36.2,West Indies,England,S Chanderpaul,MN Samuels,MP Vaughan,0,0,,,,,,,,,
247504,2006/07,2007-04-21,"Kensington Oval, Bridgetown",1,36.3,West Indies,England,S Chanderpaul,MN Samuels,MP Vaughan,0,0,,,,,,,,,
247504,2006/07,2007-04-21,"Kensington Oval, Bridgetown",1,36.4,West Indies,England,S Chanderpaul,MN Samuels,MP Vaughan,0,0,,,,,,,,,
247504,2006/07,2007-04-21,"Kensington Oval, Bridgetown",1,36.5,West Indies,England,S Chanderpaul,MN Samuels,MP Vaughan,1,0,,,,,,,,,
247504,2006/07,2007-04-21,"Kensington Oval, Bridgetown",1,36.6,West Indies,England,MN Samuels,S Chanderpaul,MP Vaughan,0,0,,,,,,,,,
247504,2006/07,2007-04-21,"Kensington Oval, Bridgetown",1,37.1,West Indies,England,S Chanderpaul,MN Samuels,A Flintoff,4,0,,,,,,,,,
247504,2006/07,2007-04-21,"Kensington Oval, Bridgetown",1,37.2,West Indies,England,S Chanderpaul,MN Samuels,A Flintoff,1,0,,,,,,,,,
247504,2006/07,2007-04-21,"Kensington Oval, Bridgetown",1,37.3,West Indies,England,MN Samuels,S Chanderpaul,A Flintoff,1,0,,,,,,,,,
247504,2006/07,2007-04-21,"Kensington Oval, Bridgetown",1,37.4,West Indies,England,S Chanderpaul,MN Samuels,A Flintoff,2,0,,,,,,,,,
247504,2006/07,2007-04-21,"Kensington Oval, Bridgetown",1,37.5,West Indies,England,S Chanderpaul,MN Samuels,A Flintoff,0,0,,,,,,,,,
247504,2006/07,2007-04-21,"Kensington Oval, Bridgetown",1,37.6,West Indies,England,S Chanderpaul,MN Samuels,A Flintoff,4,0,,,,,,,,,
247504,2006/07,2007-04-21,"Kensington Oval, Bridgetown",1,38.1,West Indies,England,MN Samuels,S Chanderpaul,MP Vaughan,0,0,,,,,,,,,
247504,2006/07,2007-04-21,"Kensington Oval, Bridgetown",1,38.2,West Indies,England,MN Samuels,S Chanderpaul,MP Vaughan,1,0,,,,,,,,,
247504,2006/07,2007-04-21,"Kensington Oval, Bridgetown",1,38.3,West Indies,England,S Chanderpaul,MN Samuels,MP Vaughan,0,0,,,,,,,,,
247504,2006/07,2007-04-21,"Kensington Oval, Bridgetown",1,38.4,West Indies,England,S Chanderpaul,MN Samuels,MP Vaughan,4,0,,,,,,,,,
247504,2006/07,2007-04-21,"Kensington Oval, Bridgetown",1,38.5,West Indies,England,S Chanderpaul,MN Samuels,MP Vaughan,1,0,,,,,,,,,
247504,2006/07,2007-04-21,"Kensington Oval, Bridgetown",1,38.6,West Indies,England,MN Samuels,S Chanderpaul,MP Vaughan,1,0,,,,,,,,,
247504,2006/07,2007-04-21,"Kensington Oval, Bridgetown",1,39.1,West Indies,England,MN Samuels,S Chanderpaul,A Flintoff,4,0,,,,,,,,,
247504,2006/07,2007-04-21,"Kensington Oval, Bridgetown",1,39.2,West Indies,England,MN Samuels,S Chanderpaul,A Flintoff,1,0,,,,,,,,,
247504,2006/07,2007-04-21,"Kensington Oval, Bridgetown",1,39.3,West Indies,England,S Chanderpaul,MN Samuels,A Flintoff,0,0,,,,,,,,,
247504,2006/07,2007-04-21,"Kensington Oval, Bridgetown",1,39.4,West Indies,England,S Chanderpaul,MN Samuels,A Flintoff,0,0,,,,,,,,,
247504,2006/07,2007-04-21,"Kensington Oval, Bridgetown",1,39.5,West Indies,England,S Chanderpaul,MN Samuels,A Flintoff,1,0,,,,,,,,,
247504,2006/07,2007-04-21,"Kensington Oval, Bridgetown",1,39.6,West Indies,England,MN Samuels,S Chanderpaul,A Flintoff,1,0,,,,,,,,,
247504,2006/07,2007-04-21,"Kensington Oval, Bridgetown",1,40.1,West Indies,England,MN Samuels,S Chanderpaul,MP Vaughan,1,0,,,,,,,,,
247504,2006/07,2007-04-21,"Kensington Oval, Bridgetown",1,40.2,West Indies,England,S Chanderpaul,MN Samuels,MP Vaughan,0,0,,,,,,,,,
247504,2006/07,2007-04-21,"Kensington Oval, Bridgetown",1,40.3,West Indies,England,S Chanderpaul,MN Samuels,MP Vaughan,1,0,,,,,,,,,
247504,2006/07,2007-04-21,"Kensington Oval, Bridgetown",1,40.4,West Indies,England,MN Samuels,S Chanderpaul,MP Vaughan,0,0,,,,,,,,,
247504,2006/07,2007-04-21,"Kensington Oval, Bridgetown",1,40.5,West Indies,England,MN Samuels,S Chanderpaul,MP Vaughan,1,0,,,,,,,,,
247504,2006/07,2007-04-21,"Kensington Oval, Bridgetown",1,40.6,West Indies,England,S Chanderpaul,MN Samuels,MP Vaughan,0,0,,,,,,,,,
247504,2006/07,2007-04-21,"Kensington Oval, Bridgetown",1,41.1,West Indies,England,MN Samuels,S Chanderpaul,PD Collingwood,1,0,,,,,,,,,
247504,2006/07,2007-04-21,"Kensington Oval, Bridgetown",1,41.2,West Indies,England,S Chanderpaul,MN Samuels,PD Collingwood,0,0,,,,,,,,,
247504,2006/07,2007-04-21,"Kensington Oval, Bridgetown",1,41.3,West Indies,England,S Chanderpaul,MN Samuels,PD Collingwood,1,0,,,,,,,,,
247504,2006/07,2007-04-21,"Kensington Oval, Bridgetown",1,41.4,West Indies,England,MN Samuels,S Chanderpaul,PD Collingwood,1,0,,,,,,,,,
247504,2006/07,2007-04-21,"Kensington Oval, Bridgetown",1,41.5,West Indies,England,S Chanderpaul,MN Samuels,PD Collingwood,0,0,,,,,,,,,
247504,2006/07,2007-04-21,"Kensington Oval, Bridgetown",1,41.6,West Indies,England,S Chanderpaul,MN Samuels,PD Collingwood,0,0,,,,,,,,,
247504,2006/07,2007-04-21,"Kensington Oval, Bridgetown",1,42.1,West Indies,England,MN Samuels,S Chanderpaul,MP Vaughan,1,0,,,,,,,,,
247504,2006/07,2007-04-21,"Kensington Oval, Bridgetown",1,42.2,West Indies,England,S Chanderpaul,MN Samuels,MP Vaughan,0,0,,,,,,,,,
247504,2006/07,2007-04-21,"Kensington Oval, Bridgetown",1,42.3,West Indies,England,S Chanderpaul,MN Samuels,MP Vaughan,0,0,,,,,,,,,
247504,2006/07,2007-04-21,"Kensington Oval, Bridgetown",1,42.4,West Indies,England,S Chanderpaul,MN Samuels,MP Vaughan,1,0,,,,,,,,,
247504,2006/07,2007-04-21,"Kensington Oval, Bridgetown",1,42.5,West Indies,England,MN Samuels,S Chanderpaul,MP Vaughan,0,0,,,,,,caught,MN Samuels,,
247504,2006/07,2007-04-21,"Kensington Oval, Bridgetown",1,42.6,West Indies,England,DJ Bravo,S Chanderpaul,MP Vaughan,1,0,,,,,,,,,
247504,2006/07,2007-04-21,"Kensington Oval, Bridgetown",1,43.1,West Indies,England,DJ Bravo,S Chanderpaul,PD Collingwood,2,0,,,,,,,,,
247504,2006/07,2007-04-21,"Kensington Oval, Bridgetown",1,43.2,West Indies,England,DJ Bravo,S Chanderpaul,PD Collingwood,1,0,,,,,,,,,
247504,2006/07,2007-04-21,"Kensington Oval, Bridgetown",1,43.3,West Indies,England,S Chanderpaul,DJ Bravo,PD Collingwood,0,0,,,,,,,,,
247504,2006/07,2007-04-21,"Kensington Oval, Bridgetown",1,43.4,West Indies,England,S Chanderpaul,DJ Bravo,PD Collingwood,0,0,,,,,,,,,
247504,2006/07,2007-04-21,"Kensington Oval, Bridgetown",1,43.5,West Indies,England,S Chanderpaul,DJ Bravo,PD Collingwood,4,0,,,,,,,,,
247504,2006/07,2007-04-21,"Kensington Oval, Bridgetown",1,43.6,West Indies,England,S Chanderpaul,DJ Bravo,PD Collingwood,0,0,,,,,,,,,
247504,2006/07,2007-04-21,"Kensington Oval, Bridgetown",1,44.1,West Indies,England,DJ Bravo,S Chanderpaul,MP Vaughan,0,0,,,,,,,,,
247504,2006/07,2007-04-21,"Kensington Oval, Bridgetown",1,44.2,West Indies,England,DJ Bravo,S Chanderpaul,MP Vaughan,4,0,,,,,,,,,
247504,2006/07,2007-04-21,"Kensington Oval, Bridgetown",1,44.3,West Indies,England,DJ Bravo,S Chanderpaul,MP Vaughan,2,0,,,,,,,,,
247504,2006/07,2007-04-21,"Kensington Oval, Bridgetown",1,44.4,West Indies,England,DJ Bravo,S Chanderpaul,MP Vaughan,1,0,,,,,,,,,
247504,2006/07,2007-04-21,"Kensington Oval, Bridgetown",1,44.5,West Indies,England,S Chanderpaul,DJ Bravo,MP Vaughan,1,0,,,,,,,,,
247504,2006/07,2007-04-21,"Kensington Oval, Bridgetown",1,44.6,West Indies,England,DJ Bravo,S Chanderpaul,MP Vaughan,0,0,,,,,,,,,
247504,2006/07,2007-04-21,"Kensington Oval, Bridgetown",1,45.1,West Indies,England,S Chanderpaul,DJ Bravo,PD Collingwood,1,0,,,,,,,,,
247504,2006/07,2007-04-21,"Kensington Oval, Bridgetown",1,45.2,West Indies,England,DJ Bravo,S Chanderpaul,PD Collingwood,1,0,,,,,,,,,
247504,2006/07,2007-04-21,"Kensington Oval, Bridgetown",1,45.3,West Indies,England,S Chanderpaul,DJ Bravo,PD Collingwood,0,0,,,,,,caught,S Chanderpaul,,
247504,2006/07,2007-04-21,"Kensington Oval, Bridgetown",1,45.4,West Indies,England,DJ Bravo,D Ramdin,PD Collingwood,1,0,,,,,,,,,
247504,2006/07,2007-04-21,"Kensington Oval, Bridgetown",1,45.5,West Indies,England,D Ramdin,DJ Bravo,PD Collingwood,0,0,,,,,,,,,
247504,2006/07,2007-04-21,"Kensington Oval, Bridgetown",1,45.6,West Indies,England,D Ramdin,DJ Bravo,PD Collingwood,0,0,,,,,,,,,
247504,2006/07,2007-04-21,"Kensington Oval, Bridgetown",1,46.1,West Indies,England,DJ Bravo,D Ramdin,MP Vaughan,0,0,,,,,,caught,DJ Bravo,,
247504,2006/07,2007-04-21,"Kensington Oval, Bridgetown",1,46.2,West Indies,England,D Ramdin,JE Taylor,MP Vaughan,4,0,,,,,,,,,
247504,2006/07,2007-04-21,"Kensington Oval, Bridgetown",1,46.3,West Indies,England,D Ramdin,JE Taylor,MP Vaughan,0,0,,,,,,,,,
247504,2006/07,2007-04-21,"Kensington Oval, Bridgetown",1,46.4,West Indies,England,D Ramdin,JE Taylor,MP Vaughan,1,0,,,,,,,,,
247504,2006/07,2007-04-21,"Kensington Oval, Bridgetown",1,46.5,West Indies,England,JE Taylor,D Ramdin,MP Vaughan,0,0,,,,,,,,,
247504,2006/07,2007-04-21,"Kensington Oval, Bridgetown",1,46.6,West Indies,England,JE Taylor,D Ramdin,MP Vaughan,1,0,,,,,,,,,
247504,2006/07,2007-04-21,"Kensington Oval, Bridgetown",1,47.1,West Indies,England,JE Taylor,D Ramdin,A Flintoff,2,0,,,,,,,,,
247504,2006/07,2007-04-21,"Kensington Oval, Bridgetown",1,47.2,West Indies,England,JE Taylor,D Ramdin,A Flintoff,2,0,,,,,,,,,
247504,2006/07,2007-04-21,"Kensington Oval, Bridgetown",1,47.3,West Indies,England,JE Taylor,D Ramdin,A Flintoff,4,0,,,,,,,,,
247504,2006/07,2007-04-21,"Kensington Oval, Bridgetown",1,47.4,West Indies,England,JE Taylor,D Ramdin,A Flintoff,0,0,,,,,,,,,
247504,2006/07,2007-04-21,"Kensington Oval, Bridgetown",1,47.5,West Indies,England,JE Taylor,D Ramdin,A Flintoff,2,0,,,,,,,,,
247504,2006/07,2007-04-21,"Kensington Oval, Bridgetown",1,47.6,West Indies,England,JE Taylor,D Ramdin,A Flintoff,0,0,,,,,,,,,
247504,2006/07,2007-04-21,"Kensington Oval, Bridgetown",1,48.1,West Indies,England,D Ramdin,JE Taylor,MP Vaughan,0,0,,,,,,,,,
247504,2006/07,2007-04-21,"Kensington Oval, Bridgetown",1,48.2,West Indies,England,D Ramdin,JE Taylor,MP Vaughan,1,0,,,,,,,,,
247504,2006/07,2007-04-21,"Kensington Oval, Bridgetown",1,48.3,West Indies,England,JE Taylor,D Ramdin,MP Vaughan,1,0,,,,,,,,,
247504,2006/07,2007-04-21,"Kensington Oval, Bridgetown",1,48.4,West Indies,England,D Ramdin,JE Taylor,MP Vaughan,1,0,,,,,,,,,
247504,2006/07,2007-04-21,"Kensington Oval, Bridgetown",1,48.5,West Indies,England,JE Taylor,D Ramdin,MP Vaughan,0,0,,,,,,caught,JE Taylor,,
247504,2006/07,2007-04-21,"Kensington Oval, Bridgetown",1,48.6,West Indies,England,D Ramdin,DBL Powell,MP Vaughan,1,0,,,,,,,,,
247504,2006/07,2007-04-21,"Kensington Oval, Bridgetown",1,49.1,West Indies,England,D Ramdin,DBL Powell,A Flintoff,1,0,,,,,,,,,
247504,2006/07,2007-04-21,"Kensington Oval, Bridgetown",1,49.2,West Indies,England,DBL Powell,D Ramdin,A Flintoff,0,0,,,,,,run out,DBL Powell,,
247504,2006/07,2007-04-21,"Kensington Oval, Bridgetown",1,49.3,West Indies,England,CD Collymore,D Ramdin,A Flintoff,1,0,,,,,,,,,
247504,2006/07,2007-04-21,"Kensington Oval, Bridgetown",1,49.4,West Indies,England,D Ramdin,CD Collymore,A Flintoff,1,0,,,,,,,,,
247504,2006/07,2007-04-21,"Kensington Oval, Bridgetown",1,49.5,West Indies,England,CD Collymore,D Ramdin,A Flintoff,0,0,,,,,,run out,CD Collymore,,
247504,2006/07,2007-04-21,"Kensington Oval, Bridgetown",2,0.1,England,West Indies,AJ Strauss,MP Vaughan,CD Collymore,0,1,1,,,,,,,,
247504,2006/07,2007-04-21,"Kensington Oval, Bridgetown",2,0.2,England,West Indies,AJ Strauss,MP Vaughan,CD Collymore,0,0,,,,,,,,,
247504,2006/07,2007-04-21,"Kensington Oval, Bridgetown",2,0.3,England,West Indies,AJ Strauss,MP Vaughan,CD Collymore,0,0,,,,,,,,,
247504,2006/07,2007-04-21,"Kensington Oval, Bridgetown",2,0.4,England,West Indies,AJ Strauss,MP Vaughan,CD Collymore,0,0,,,,,,,,,
247504,2006/07,2007-04-21,"Kensington Oval, Bridgetown",2,0.5,England,West Indies,AJ Strauss,MP Vaughan,CD Collymore,0,0,,,,,,,,,
247504,2006/07,2007-04-21,"Kensington Oval, Bridgetown",2,0.6,England,West Indies,AJ Strauss,MP Vaughan,CD Collymore,0,0,,,,,,,,,
247504,2006/07,2007-04-21,"Kensington Oval, Bridgetown",2,0.7,England,West Indies,AJ Strauss,MP Vaughan,CD Collymore,0,1,,,,1,,,,,
247504,2006/07,2007-04-21,"Kensington Oval, Bridgetown",2,1.1,England,West Indies,AJ Strauss,MP Vaughan,DBL Powell,1,0,,,,,,,,,
247504,2006/07,2007-04-21,"Kensington Oval, Bridgetown",2,1.2,England,West Indies,MP Vaughan,AJ Strauss,DBL Powell,1,0,,,,,,,,,
247504,2006/07,2007-04-21,"Kensington Oval, Bridgetown",2,1.3,England,West Indies,AJ Strauss,MP Vaughan,DBL Powell,0,0,,,,,,,,,
247504,2006/07,2007-04-21,"Kensington Oval, Bridgetown",2,1.4,England,West Indies,AJ Strauss,MP Vaughan,DBL Powell,0,1,,,,1,,,,,
247504,2006/07,2007-04-21,"Kensington Oval, Bridgetown",2,1.5,England,West Indies,MP Vaughan,AJ Strauss,DBL Powell,0,0,,,,,,,,,
247504,2006/07,2007-04-21,"Kensington Oval, Bridgetown",2,1.6,England,West Indies,MP Vaughan,AJ Strauss,DBL Powell,0,0,,,,,,,,,
247504,2006/07,2007-04-21,"Kensington Oval, Bridgetown",2,2.1,England,West Indies,AJ Strauss,MP Vaughan,CD Collymore,4,0,,,,,,,,,
247504,2006/07,2007-04-21,"Kensington Oval, Bridgetown",2,2.2,England,West Indies,AJ Strauss,MP Vaughan,CD Collymore,2,0,,,,,,,,,
247504,2006/07,2007-04-21,"Kensington Oval, Bridgetown",2,2.3,England,West Indies,AJ Strauss,MP Vaughan,CD Collymore,0,0,,,,,,caught,AJ Strauss,,
247504,2006/07,2007-04-21,"Kensington Oval, Bridgetown",2,2.4,England,West Indies,RS Bopara,MP Vaughan,CD Collymore,0,0,,,,,,,,,
247504,2006/07,2007-04-21,"Kensington Oval, Bridgetown",2,2.5,England,West Indies,RS Bopara,MP Vaughan,CD Collymore,0,0,,,,,,,,,
247504,2006/07,2007-04-21,"Kensington Oval, Bridgetown",2,2.6,England,West Indies,RS Bopara,MP Vaughan,CD Collymore,0,0,,,,,,,,,
247504,2006/07,2007-04-21,"Kensington Oval, Bridgetown",2,3.1,England,West Indies,MP Vaughan,RS Bopara,DBL Powell,0,0,,,,,,,,,
247504,2006/07,2007-04-21,"Kensington Oval, Bridgetown",2,3.2,England,West Indies,MP Vaughan,RS Bopara,DBL Powell,1,0,,,,,,,,,
247504,2006/07,2007-04-21,"Kensington Oval, Bridgetown",2,3.3,England,West Indies,RS Bopara,MP Vaughan,DBL Powell,1,0,,,,,,,,,
247504,2006/07,2007-04-21,"Kensington Oval, Bridgetown",2,3.4,England,West Indies,MP Vaughan,RS Bopara,DBL Powell,0,1,1,,,,,,,,
247504,2006/07,2007-04-21,"Kensington Oval, Bridgetown",2,3.5,England,West Indies,MP Vaughan,RS Bopara,DBL Powell,0,0,,,,,,,,,
247504,2006/07,2007-04-21,"Kensington Oval, Bridgetown",2,3.6,England,West Indies,MP Vaughan,RS Bopara,DBL Powell,4,0,,,,,,,,,
247504,2006/07,2007-04-21,"Kensington Oval, Bridgetown",2,3.7,England,West Indies,MP Vaughan,RS Bopara,DBL Powell,0,1,1,,,,,,,,
247504,2006/07,2007-04-21,"Kensington Oval, Bridgetown",2,3.8,England,West Indies,MP Vaughan,RS Bopara,DBL Powell,2,0,,,,,,,,,
247504,2006/07,2007-04-21,"Kensington Oval, Bridgetown",2,4.1,England,West Indies,RS Bopara,MP Vaughan,CD Collymore,1,0,,,,,,,,,
247504,2006/07,2007-04-21,"Kensington Oval, Bridgetown",2,4.2,England,West Indies,MP Vaughan,RS Bopara,CD Collymore,3,0,,,,,,,,,
247504,2006/07,2007-04-21,"Kensington Oval, Bridgetown",2,4.3,England,West Indies,RS Bopara,MP Vaughan,CD Collymore,0,1,1,,,,,,,,
247504,2006/07,2007-04-21,"Kensington Oval, Bridgetown",2,4.4,England,West Indies,RS Bopara,MP Vaughan,CD Collymore,1,0,,,,,,,,,
247504,2006/07,2007-04-21,"Kensington Oval, Bridgetown",2,4.5,England,West Indies,MP Vaughan,RS Bopara,CD Collymore,4,0,,,,,,,,,
247504,2006/07,2007-04-21,"Kensington Oval, Bridgetown",2,4.6,England,West Indies,MP Vaughan,RS Bopara,CD Collymore,2,0,,,,,,,,,
247504,2006/07,2007-04-21,"Kensington Oval, Bridgetown",2,4.7,England,West Indies,MP Vaughan,RS Bopara,CD Collymore,0,1,,,,1,,,,,
247504,2006/07,2007-04-21,"Kensington Oval, Bridgetown",2,5.1,England,West Indies,MP Vaughan,RS Bopara,DBL Powell,1,0,,,,,,,,,
247504,2006/07,2007-04-21,"Kensington Oval, Bridgetown",2,5.2,England,West Indies,RS Bopara,MP Vaughan,DBL Powell,0,0,,,,,,,,,
247504,2006/07,2007-04-21,"Kensington Oval, Bridgetown",2,5.3,England,West Indies,RS Bopara,MP Vaughan,DBL Powell,0,0,,,,,,,,,
247504,2006/07,2007-04-21,"Kensington Oval, Bridgetown",2,5.4,England,West Indies,RS Bopara,MP Vaughan,DBL Powell,1,0,,,,,,,,,
247504,2006/07,2007-04-21,"Kensington Oval, Bridgetown",2,5.5,England,West Indies,MP Vaughan,RS Bopara,DBL Powell,0,0,,,,,,,,,
247504,2006/07,2007-04-21,"Kensington Oval, Bridgetown",2,5.6,England,West Indies,MP Vaughan,RS Bopara,DBL Powell,0,0,,,,,,,,,
247504,2006/07,2007-04-21,"Kensington Oval, Bridgetown",2,6.1,England,West Indies,RS Bopara,MP Vaughan,CD Collymore,0,0,,,,,,,,,
247504,2006/07,2007-04-21,"Kensington Oval, Bridgetown",2,6.2,England,West Indies,RS Bopara,MP Vaughan,CD Collymore,0,0,,,,,,,,,
247504,2006/07,2007-04-21,"Kensington Oval, Bridgetown",2,6.3,England,West Indies,RS Bopara,MP Vaughan,CD Collymore,0,0,,,,,,,,,
247504,2006/07,2007-04-21,"Kensington Oval, Bridgetown",2,6.4,England,West Indies,RS Bopara,MP Vaughan,CD Collymore,3,0,,,,,,,,,
247504,2006/07,2007-04-21,"Kensington Oval, Bridgetown",2,6.5,England,West Indies,MP Vaughan,RS Bopara,CD Collymore,1,0,,,,,,,,,
247504,2006/07,2007-04-21,"Kensington Oval, Bridgetown",2,6.6,England,West Indies,RS Bopara,MP Vaughan,CD Collymore,0,0,,,,,,,,,
247504,2006/07,2007-04-21,"Kensington Oval, Bridgetown",2,7.1,England,West Indies,MP Vaughan,RS Bopara,JE Taylor,1,0,,,,,,,,,
247504,2006/07,2007-04-21,"Kensington Oval, Bridgetown",2,7.2,England,West Indies,RS Bopara,MP Vaughan,JE Taylor,0,0,,,,,,,,,
247504,2006/07,2007-04-21,"Kensington Oval, Bridgetown",2,7.3,England,West Indies,RS Bopara,MP Vaughan,JE Taylor,0,0,,,,,,,,,
247504,2006/07,2007-04-21,"Kensington Oval, Bridgetown",2,7.4,England,West Indies,RS Bopara,MP Vaughan,JE Taylor,0,0,,,,,,,,,
247504,2006/07,2007-04-21,"Kensington Oval, Bridgetown",2,7.5,England,West Indies,RS Bopara,MP Vaughan,JE Taylor,0,0,,,,,,,,,
247504,2006/07,2007-04-21,"Kensington Oval, Bridgetown",2,7.6,England,West Indies,RS Bopara,MP Vaughan,JE Taylor,2,0,,,,,,,,,
247504,2006/07,2007-04-21,"Kensington Oval, Bridgetown",2,8.1,England,West Indies,MP Vaughan,RS Bopara,CD Collymore,0,0,,,,,,,,,
247504,2006/07,2007-04-21,"Kensington Oval, Bridgetown",2,8.2,England,West Indies,MP Vaughan,RS Bopara,CD Collymore,2,0,,,,,,,,,
247504,2006/07,2007-04-21,"Kensington Oval, Bridgetown",2,8.3,England,West Indies,MP Vaughan,RS Bopara,CD Collymore,1,0,,,,,,,,,
247504,2006/07,2007-04-21,"Kensington Oval, Bridgetown",2,8.4,England,West Indies,RS Bopara,MP Vaughan,CD Collymore,0,0,,,,,,,,,
247504,2006/07,2007-04-21,"Kensington Oval, Bridgetown",2,8.5,England,West Indies,RS Bopara,MP Vaughan,CD Collymore,0,0,,,,,,,,,
247504,2006/07,2007-04-21,"Kensington Oval, Bridgetown",2,8.6,England,West Indies,RS Bopara,MP Vaughan,CD Collymore,0,0,,,,,,,,,
247504,2006/07,2007-04-21,"Kensington Oval, Bridgetown",2,9.1,England,West Indies,MP Vaughan,RS Bopara,JE Taylor,4,0,,,,,,,,,
247504,2006/07,2007-04-21,"Kensington Oval, Bridgetown",2,9.2,England,West Indies,MP Vaughan,RS Bopara,JE Taylor,4,0,,,,,,,,,
247504,2006/07,2007-04-21,"Kensington Oval, Bridgetown",2,9.3,England,West Indies,MP Vaughan,RS Bopara,JE Taylor,1,0,,,,,,,,,
247504,2006/07,2007-04-21,"Kensington Oval, Bridgetown",2,9.4,England,West Indies,RS Bopara,MP Vaughan,JE Taylor,1,0,,,,,,,,,
247504,2006/07,2007-04-21,"Kensington Oval, Bridgetown",2,9.5,England,West Indies,MP Vaughan,RS Bopara,JE Taylor,1,0,,,,,,,,,
247504,2006/07,2007-04-21,"Kensington Oval, Bridgetown",2,9.6,England,West Indies,RS Bopara,MP Vaughan,JE Taylor,1,0,,,,,,,,,
247504,2006/07,2007-04-21,"Kensington Oval, Bridgetown",2,10.1,England,West Indies,RS Bopara,MP Vaughan,DBL Powell,4,0,,,,,,,,,
247504,2006/07,2007-04-21,"Kensington Oval, Bridgetown",2,10.2,England,West Indies,RS Bopara,MP Vaughan,DBL Powell,4,0,,,,,,,,,
247504,2006/07,2007-04-21,"Kensington Oval, Bridgetown",2,10.3,England,West Indies,RS Bopara,MP Vaughan,DBL Powell,0,0,,,,,,,,,
247504,2006/07,2007-04-21,"Kensington Oval, Bridgetown",2,10.4,England,West Indies,RS Bopara,MP Vaughan,DBL Powell,0,0,,,,,,,,,
247504,2006/07,2007-04-21,"Kensington Oval, Bridgetown",2,10.5,England,West Indies,RS Bopara,MP Vaughan,DBL Powell,0,0,,,,,,,,,
247504,2006/07,2007-04-21,"Kensington Oval, Bridgetown",2,10.6,England,West Indies,RS Bopara,MP Vaughan,DBL Powell,1,0,,,,,,,,,
247504,2006/07,2007-04-21,"Kensington Oval, Bridgetown",2,11.1,England,West Indies,RS Bopara,MP Vaughan,JE Taylor,0,5,,,,5,,,,,
247504,2006/07,2007-04-21,"Kensington Oval, Bridgetown",2,11.2,England,West Indies,MP Vaughan,RS Bopara,JE Taylor,1,0,,,,,,,,,
247504,2006/07,2007-04-21,"Kensington Oval, Bridgetown",2,11.3,England,West Indies,RS Bopara,MP Vaughan,JE Taylor,0,0,,,,,,,,,
247504,2006/07,2007-04-21,"Kensington Oval, Bridgetown",2,11.4,England,West Indies,RS Bopara,MP Vaughan,JE Taylor,1,0,,,,,,,,,
247504,2006/07,2007-04-21,"Kensington Oval, Bridgetown",2,11.5,England,West Indies,MP Vaughan,RS Bopara,JE Taylor,0,0,,,,,,,,,
247504,2006/07,2007-04-21,"Kensington Oval, Bridgetown",2,11.6,England,West Indies,MP Vaughan,RS Bopara,JE Taylor,6,0,,,,,,,,,
247504,2006/07,2007-04-21,"Kensington Oval, Bridgetown",2,12.1,England,West Indies,RS Bopara,MP Vaughan,DBL Powell,4,0,,,,,,,,,
247504,2006/07,2007-04-21,"Kensington Oval, Bridgetown",2,12.2,England,West Indies,RS Bopara,MP Vaughan,DBL Powell,0,0,,,,,,,,,
247504,2006/07,2007-04-21,"Kensington Oval, Bridgetown",2,12.3,England,West Indies,RS Bopara,MP Vaughan,DBL Powell,0,0,,,,,,,,,
247504,2006/07,2007-04-21,"Kensington Oval, Bridgetown",2,12.4,England,West Indies,RS Bopara,MP Vaughan,DBL Powell,0,0,,,,,,,,,
247504,2006/07,2007-04-21,"Kensington Oval, Bridgetown",2,12.5,England,West Indies,RS Bopara,MP Vaughan,DBL Powell,0,0,,,,,,,,,
247504,2006/07,2007-04-21,"Kensington Oval, Bridgetown",2,12.6,England,West Indies,RS Bopara,MP Vaughan,DBL Powell,0,0,,,,,,,,,
247504,2006/07,2007-04-21,"Kensington Oval, Bridgetown",2,13.1,England,West Indies,MP Vaughan,RS Bopara,CH Gayle,0,0,,,,,,,,,
247504,2006/07,2007-04-21,"Kensington Oval, Bridgetown",2,13.2,England,West Indies,MP Vaughan,RS Bopara,CH Gayle,6,0,,,,,,,,,
247504,2006/07,2007-04-21,"Kensington Oval, Bridgetown",2,13.3,England,West Indies,MP Vaughan,RS Bopara,CH Gayle,0,0,,,,,,,,,
247504,2006/07,2007-04-21,"Kensington Oval, Bridgetown",2,13.4,England,West Indies,MP Vaughan,RS Bopara,CH Gayle,1,0,,,,,,,,,
247504,2006/07,2007-04-21,"Kensington Oval, Bridgetown",2,13.5,England,West Indies,RS Bopara,MP Vaughan,CH Gayle,1,0,,,,,,,,,
247504,2006/07,2007-04-21,"Kensington Oval, Bridgetown",2,13.6,England,West Indies,MP Vaughan,RS Bopara,CH Gayle,1,0,,,,,,,,,
247504,2006/07,2007-04-21,"Kensington Oval, Bridgetown",2,14.1,England,West Indies,MP Vaughan,RS Bopara,DBL Powell,4,0,,,,,,,,,
247504,2006/07,2007-04-21,"Kensington Oval, Bridgetown",2,14.2,England,West Indies,MP Vaughan,RS Bopara,DBL Powell,2,0,,,,,,,,,
247504,2006/07,2007-04-21,"Kensington Oval, Bridgetown",2,14.3,England,West Indies,MP Vaughan,RS Bopara,DBL Powell,0,0,,,,,,,,,
247504,2006/07,2007-04-21,"Kensington Oval, Bridgetown",2,14.4,England,West Indies,MP Vaughan,RS Bopara,DBL Powell,0,0,,,,,,,,,
247504,2006/07,2007-04-21,"Kensington Oval, Bridgetown",2,14.5,England,West Indies,MP Vaughan,RS Bopara,DBL Powell,1,0,,,,,,,,,
247504,2006/07,2007-04-21,"Kensington Oval, Bridgetown",2,14.6,England,West Indies,RS Bopara,MP Vaughan,DBL Powell,0,0,,,,,,,,,
247504,2006/07,2007-04-21,"Kensington Oval, Bridgetown",2,15.1,England,West Indies,MP Vaughan,RS Bopara,CD Collymore,1,0,,,,,,,,,
247504,2006/07,2007-04-21,"Kensington Oval, Bridgetown",2,15.2,England,West Indies,RS Bopara,MP Vaughan,CD Collymore,0,0,,,,,,,,,
247504,2006/07,2007-04-21,"Kensington Oval, Bridgetown",2,15.3,England,West Indies,RS Bopara,MP Vaughan,CD Collymore,0,0,,,,,,run out,RS Bopara,,
247504,2006/07,2007-04-21,"Kensington Oval, Bridgetown",2,15.4,England,West Indies,MP Vaughan,KP Pietersen,CD Collymore,0,0,,,,,,,,,
247504,2006/07,2007-04-21,"Kensington Oval, Bridgetown",2,15.5,England,West Indies,MP Vaughan,KP Pietersen,CD Collymore,0,0,,,,,,,,,
247504,2006/07,2007-04-21,"Kensington Oval, Bridgetown",2,15.6,England,West Indies,MP Vaughan,KP Pietersen,CD Collymore,0,0,,,,,,,,,
247504,2006/07,2007-04-21,"Kensington Oval, Bridgetown",2,16.1,England,West Indies,KP Pietersen,MP Vaughan,DBL Powell,0,0,,,,,,,,,
247504,2006/07,2007-04-21,"Kensington Oval, Bridgetown",2,16.2,England,West Indies,KP Pietersen,MP Vaughan,DBL Powell,0,0,,,,,,,,,
247504,2006/07,2007-04-21,"Kensington Oval, Bridgetown",2,16.3,England,West Indies,KP Pietersen,MP Vaughan,DBL Powell,4,0,,,,,,,,,
247504,2006/07,2007-04-21,"Kensington Oval, Bridgetown",2,16.4,England,West Indies,KP Pietersen,MP Vaughan,DBL Powell,0,0,,,,,,,,,
247504,2006/07,2007-04-21,"Kensington Oval, Bridgetown",2,16.5,England,West Indies,KP Pietersen,MP Vaughan,DBL Powell,0,0,,,,,,,,,
247504,2006/07,2007-04-21,"Kensington Oval, Bridgetown",2,16.6,England,West Indies,KP Pietersen,MP Vaughan,DBL Powell,0,0,,,,,,,,,
247504,2006/07,2007-04-21,"Kensington Oval, Bridgetown",2,17.1,England,West Indies,MP Vaughan,KP Pietersen,CD Collymore,1,0,,,,,,,,,
247504,2006/07,2007-04-21,"Kensington Oval, Bridgetown",2,17.2,England,West Indies,KP Pietersen,MP Vaughan,CD Collymore,0,0,,,,,,,,,
247504,2006/07,2007-04-21,"Kensington Oval, Bridgetown",2,17.3,England,West Indies,KP Pietersen,MP Vaughan,CD Collymore,1,0,,,,,,,,,
247504,2006/07,2007-04-21,"Kensington Oval, Bridgetown",2,17.4,England,West Indies,MP Vaughan,KP Pietersen,CD Collymore,1,0,,,,,,,,,
247504,2006/07,2007-04-21,"Kensington Oval, Bridgetown",2,17.5,England,West Indies,KP Pietersen,MP Vaughan,CD Collymore,0,0,,,,,,,,,
247504,2006/07,2007-04-21,"Kensington Oval, Bridgetown",2,17.6,England,West Indies,KP Pietersen,MP Vaughan,CD Collymore,1,0,,,,,,,,,
247504,2006/07,2007-04-21,"Kensington Oval, Bridgetown",2,18.1,England,West Indies,KP Pietersen,MP Vaughan,DBL Powell,2,0,,,,,,,,,
247504,2006/07,2007-04-21,"Kensington Oval, Bridgetown",2,18.2,England,West Indies,KP Pietersen,MP Vaughan,DBL Powell,0,0,,,,,,,,,
247504,2006/07,2007-04-21,"Kensington Oval, Bridgetown",2,18.3,England,West Indies,KP Pietersen,MP Vaughan,DBL Powell,1,0,,,,,,,,,
247504,2006/07,2007-04-21,"Kensington Oval, Bridgetown",2,18.4,England,West Indies,MP Vaughan,KP Pietersen,DBL Powell,1,0,,,,,,,,,
247504,2006/07,2007-04-21,"Kensington Oval, Bridgetown",2,18.5,England,West Indies,KP Pietersen,MP Vaughan,DBL Powell,1,0,,,,,,,,,
247504,2006/07,2007-04-21,"Kensington Oval, Bridgetown",2,18.6,England,West Indies,MP Vaughan,KP Pietersen,DBL Powell,0,0,,,,,,,,,
247504,2006/07,2007-04-21,"Kensington Oval, Bridgetown",2,19.1,England,West Indies,KP Pietersen,MP Vaughan,CD Collymore,0,0,,,,,,,,,
247504,2006/07,2007-04-21,"Kensington Oval, Bridgetown",2,19.2,England,West Indies,KP Pietersen,MP Vaughan,CD Collymore,1,0,,,,,,,,,
247504,2006/07,2007-04-21,"Kensington Oval, Bridgetown",2,19.3,England,West Indies,MP Vaughan,KP Pietersen,CD Collymore,0,0,,,,,,,,,
247504,2006/07,2007-04-21,"Kensington Oval, Bridgetown",2,19.4,England,West Indies,MP Vaughan,KP Pietersen,CD Collymore,2,0,,,,,,,,,
247504,2006/07,2007-04-21,"Kensington Oval, Bridgetown",2,19.5,England,West Indies,MP Vaughan,KP Pietersen,CD Collymore,1,0,,,,,,,,,
247504,2006/07,2007-04-21,"Kensington Oval, Bridgetown",2,19.6,England,West Indies,KP Pietersen,MP Vaughan,CD Collymore,4,0,,,,,,,,,
247504,2006/07,2007-04-21,"Kensington Oval, Bridgetown",2,20.1,England,West Indies,MP Vaughan,KP Pietersen,CH Gayle,1,0,,,,,,,,,
247504,2006/07,2007-04-21,"Kensington Oval, Bridgetown",2,20.2,England,West Indies,KP Pietersen,MP Vaughan,CH Gayle,1,0,,,,,,,,,
247504,2006/07,2007-04-21,"Kensington Oval, Bridgetown",2,20.3,England,West Indies,MP Vaughan,KP Pietersen,CH Gayle,1,0,,,,,,,,,
247504,2006/07,2007-04-21,"Kensington Oval, Bridgetown",2,20.4,England,West Indies,KP Pietersen,MP Vaughan,CH Gayle,1,0,,,,,,,,,
247504,2006/07,2007-04-21,"Kensington Oval, Bridgetown",2,20.5,England,West Indies,MP Vaughan,KP Pietersen,CH Gayle,1,0,,,,,,,,,
247504,2006/07,2007-04-21,"Kensington Oval, Bridgetown",2,20.6,England,West Indies,KP Pietersen,MP Vaughan,CH Gayle,1,0,,,,,,,,,
247504,2006/07,2007-04-21,"Kensington Oval, Bridgetown",2,21.1,England,West Indies,KP Pietersen,MP Vaughan,DJ Bravo,0,1,,,,1,,,,,
247504,2006/07,2007-04-21,"Kensington Oval, Bridgetown",2,21.2,England,West Indies,MP Vaughan,KP Pietersen,DJ Bravo,1,0,,,,,,,,,
247504,2006/07,2007-04-21,"Kensington Oval, Bridgetown",2,21.3,England,West Indies,KP Pietersen,MP Vaughan,DJ Bravo,0,0,,,,,,,,,
247504,2006/07,2007-04-21,"Kensington Oval, Bridgetown",2,21.4,England,West Indies,KP Pietersen,MP Vaughan,DJ Bravo,0,0,,,,,,,,,
247504,2006/07,2007-04-21,"Kensington Oval, Bridgetown",2,21.5,England,West Indies,KP Pietersen,MP Vaughan,DJ Bravo,4,0,,,,,,,,,
247504,2006/07,2007-04-21,"Kensington Oval, Bridgetown",2,21.6,England,West Indies,KP Pietersen,MP Vaughan,DJ Bravo,0,0,,,,,,,,,
247504,2006/07,2007-04-21,"Kensington Oval, Bridgetown",2,22.1,England,West Indies,MP Vaughan,KP Pietersen,CH Gayle,0,0,,,,,,,,,
247504,2006/07,2007-04-21,"Kensington Oval, Bridgetown",2,22.2,England,West Indies,MP Vaughan,KP Pietersen,CH Gayle,1,0,,,,,,,,,
247504,2006/07,2007-04-21,"Kensington Oval, Bridgetown",2,22.3,England,West Indies,KP Pietersen,MP Vaughan,CH Gayle,1,0,,,,,,,,,
247504,2006/07,2007-04-21,"Kensington Oval, Bridgetown",2,22.4,England,West Indies,MP Vaughan,KP Pietersen,CH Gayle,1,0,,,,,,,,,
247504,2006/07,2007-04-21,"Kensington Oval, Bridgetown",2,22.5,England,West Indies,KP Pietersen,MP Vaughan,CH Gayle,1,0,,,,,,,,,
247504,2006/07,2007-04-21,"Kensington Oval, Bridgetown",2,22.6,England,West Indies,MP Vaughan,KP Pietersen,CH Gayle,1,0,,,,,,,,,
247504,2006/07,2007-04-21,"Kensington Oval, Bridgetown",2,23.1,England,West Indies,MP Vaughan,KP Pietersen,DJ Bravo,1,0,,,,,,,,,
247504,2006/07,2007-04-21,"Kensington Oval, Bridgetown",2,23.2,England,West Indies,KP Pietersen,MP Vaughan,DJ Bravo,0,0,,,,,,,,,
247504,2006/07,2007-04-21,"Kensington Oval, Bridgetown",2,23.3,England,West Indies,KP Pietersen,MP Vaughan,DJ Bravo,0,0,,,,,,,,,
247504,2006/07,2007-04-21,"Kensington Oval, Bridgetown",2,23.4,England,West Indies,KP Pietersen,MP Vaughan,DJ Bravo,1,0,,,,,,,,,
247504,2006/07,2007-04-21,"Kensington Oval, Bridgetown",2,23.5,England,West Indies,MP Vaughan,KP Pietersen,DJ Bravo,1,0,,,,,,,,,
247504,2006/07,2007-04-21,"Kensington Oval, Bridgetown",2,23.6,England,West Indies,KP Pietersen,MP Vaughan,DJ Bravo,2,0,,,,,,,,,
247504,2006/07,2007-04-21,"Kensington Oval, Bridgetown",2,24.1,England,West Indies,MP Vaughan,KP Pietersen,CH Gayle,4,0,,,,,,,,,
247504,2006/07,2007-04-21,"Kensington Oval, Bridgetown",2,24.2,England,West Indies,MP Vaughan,KP Pietersen,CH Gayle,1,0,,,,,,,,,
247504,2006/07,2007-04-21,"Kensington Oval, Bridgetown",2,24.3,England,West Indies,KP Pietersen,MP Vaughan,CH Gayle,0,0,,,,,,,,,
247504,2006/07,2007-04-21,"Kensington Oval, Bridgetown",2,24.4,England,West Indies,KP Pietersen,MP Vaughan,CH Gayle,1,0,,,,,,,,,
247504,2006/07,2007-04-21,"Kensington Oval, Bridgetown",2,24.5,England,West Indies,MP Vaughan,KP Pietersen,CH Gayle,1,0,,,,,,,,,
247504,2006/07,2007-04-21,"Kensington Oval, Bridgetown",2,24.6,England,West Indies,KP Pietersen,MP Vaughan,CH Gayle,0,0,,,,,,,,,
247504,2006/07,2007-04-21,"Kensington Oval, Bridgetown",2,25.1,England,West Indies,MP Vaughan,KP Pietersen,DJ Bravo,0,0,,,,,,,,,
247504,2006/07,2007-04-21,"Kensington Oval, Bridgetown",2,25.2,England,West Indies,MP Vaughan,KP Pietersen,DJ Bravo,1,0,,,,,,,,,
247504,2006/07,2007-04-21,"Kensington Oval, Bridgetown",2,25.3,England,West Indies,KP Pietersen,MP Vaughan,DJ Bravo,0,0,,,,,,,,,
247504,2006/07,2007-04-21,"Kensington Oval, Bridgetown",2,25.4,England,West Indies,KP Pietersen,MP Vaughan,DJ Bravo,1,0,,,,,,,,,
247504,2006/07,2007-04-21,"Kensington Oval, Bridgetown",2,25.5,England,West Indies,MP Vaughan,KP Pietersen,DJ Bravo,0,0,,,,,,,,,
247504,2006/07,2007-04-21,"Kensington Oval, Bridgetown",2,25.6,England,West Indies,MP Vaughan,KP Pietersen,DJ Bravo,1,0,,,,,,,,,
247504,2006/07,2007-04-21,"Kensington Oval, Bridgetown",2,26.1,England,West Indies,MP Vaughan,KP Pietersen,RR Sarwan,0,0,,,,,,,,,
247504,2006/07,2007-04-21,"Kensington Oval, Bridgetown",2,26.2,England,West Indies,MP Vaughan,KP Pietersen,RR Sarwan,0,0,,,,,,,,,
247504,2006/07,2007-04-21,"Kensington Oval, Bridgetown",2,26.3,England,West Indies,MP Vaughan,KP Pietersen,RR Sarwan,0,0,,,,,,run out,MP Vaughan,,
247504,2006/07,2007-04-21,"Kensington Oval, Bridgetown",2,26.4,England,West Indies,KP Pietersen,PD Collingwood,RR Sarwan,0,0,,,,,,,,,
247504,2006/07,2007-04-21,"Kensington Oval, Bridgetown",2,26.5,England,West Indies,KP Pietersen,PD Collingwood,RR Sarwan,0,0,,,,,,,,,
247504,2006/07,2007-04-21,"Kensington Oval, Bridgetown",2,26.6,England,West Indies,KP Pietersen,PD Collingwood,RR Sarwan,0,0,,,,,,,,,
247504,2006/07,2007-04-21,"Kensington Oval, Bridgetown",2,27.1,England,West Indies,PD Collingwood,KP Pietersen,DJ Bravo,0,0,,,,,,,,,
247504,2006/07,2007-04-21,"Kensington Oval, Bridgetown",2,27.2,England,West Indies,PD Collingwood,KP Pietersen,DJ Bravo,4,0,,,,,,,,,
247504,2006/07,2007-04-21,"Kensington Oval, Bridgetown",2,27.3,England,West Indies,PD Collingwood,KP Pietersen,DJ Bravo,0,0,,,,,,,,,
247504,2006/07,2007-04-21,"Kensington Oval, Bridgetown",2,27.4,England,West Indies,PD Collingwood,KP Pietersen,DJ Bravo,0,0,,,,,,,,,
247504,2006/07,2007-04-21,"Kensington Oval, Bridgetown",2,27.5,England,West Indies,PD Collingwood,KP Pietersen,DJ Bravo,0,0,,,,,,,,,
247504,2006/07,2007-04-21,"Kensington Oval, Bridgetown",2,27.6,England,West Indies,PD Collingwood,KP Pietersen,DJ Bravo,0,0,,,,,,,,,
247504,2006/07,2007-04-21,"Kensington Oval, Bridgetown",2,28.1,England,West Indies,KP Pietersen,PD Collingwood,RR Sarwan,1,0,,,,,,,,,
247504,2006/07,2007-04-21,"Kensington Oval, Bridgetown",2,28.2,England,West Indies,PD Collingwood,KP Pietersen,RR Sarwan,1,0,,,,,,,,,
247504,2006/07,2007-04-21,"Kensington Oval, Bridgetown",2,28.3,England,West Indies,KP Pietersen,PD Collingwood,RR Sarwan,1,0,,,,,,,,,
247504,2006/07,2007-04-21,"Kensington Oval, Bridgetown",2,28.4,England,West Indies,PD Collingwood,KP Pietersen,RR Sarwan,0,0,,,,,,,,,
247504,2006/07,2007-04-21,"Kensington Oval, Bridgetown",2,28.5,England,West Indies,PD Collingwood,KP Pietersen,RR Sarwan,1,0,,,,,,,,,
247504,2006/07,2007-04-21,"Kensington Oval, Bridgetown",2,28.6,England,West Indies,KP Pietersen,PD Collingwood,RR Sarwan,0,0,,,,,,,,,
247504,2006/07,2007-04-21,"Kensington Oval, Bridgetown",2,29.1,England,West Indies,PD Collingwood,KP Pietersen,DJ Bravo,0,0,,,,,,,,,
247504,2006/07,2007-04-21,"Kensington Oval, Bridgetown",2,29.2,England,West Indies,PD Collingwood,KP Pietersen,DJ Bravo,0,0,,,,,,bowled,PD Collingwood,,
247504,2006/07,2007-04-21,"Kensington Oval, Bridgetown",2,29.3,England,West Indies,A Flintoff,KP Pietersen,DJ Bravo,0,0,,,,,,,,,
247504,2006/07,2007-04-21,"Kensington Oval, Bridgetown",2,29.4,England,West Indies,A Flintoff,KP Pietersen,DJ Bravo,1,0,,,,,,,,,
247504,2006/07,2007-04-21,"Kensington Oval, Bridgetown",2,29.5,England,West Indies,KP Pietersen,A Flintoff,DJ Bravo,0,0,,,,,,,,,
247504,2006/07,2007-04-21,"Kensington Oval, Bridgetown",2,29.6,England,West Indies,KP Pietersen,A Flintoff,DJ Bravo,0,0,,,,,,,,,
247504,2006/07,2007-04-21,"Kensington Oval, Bridgetown",2,30.1,England,West Indies,A Flintoff,KP Pietersen,RR Sarwan,4,0,,,,,,,,,
247504,2006/07,2007-04-21,"Kensington Oval, Bridgetown",2,30.2,England,West Indies,A Flintoff,KP Pietersen,RR Sarwan,0,0,,,,,,,,,
247504,2006/07,2007-04-21,"Kensington Oval, Bridgetown",2,30.3,England,West Indies,A Flintoff,KP Pietersen,RR Sarwan,0,0,,,,,,,,,
247504,2006/07,2007-04-21,"Kensington Oval, Bridgetown",2,30.4,England,West Indies,A Flintoff,KP Pietersen,RR Sarwan,0,0,,,,,,,,,
247504,2006/07,2007-04-21,"Kensington Oval, Bridgetown",2,30.5,England,West Indies,A Flintoff,KP Pietersen,RR Sarwan,1,0,,,,,,,,,
247504,2006/07,2007-04-21,"Kensington Oval, Bridgetown",2,30.6,England,West Indies,KP Pietersen,A Flintoff,RR Sarwan,2,0,,,,,,,,,
247504,2006/07,2007-04-21,"Kensington Oval, Bridgetown",2,31.1,England,West Indies,A Flintoff,KP Pietersen,DJ Bravo,0,0,,,,,,,,,
247504,2006/07,2007-04-21,"Kensington Oval, Bridgetown",2,31.2,England,West Indies,A Flintoff,KP Pietersen,DJ Bravo,0,0,,,,,,,,,
247504,2006/07,2007-04-21,"Kensington Oval, Bridgetown",2,31.3,England,West Indies,A Flintoff,KP Pietersen,DJ Bravo,4,0,,,,,,,,,
247504,2006/07,2007-04-21,"Kensington Oval, Bridgetown",2,31.4,England,West Indies,A Flintoff,KP Pietersen,DJ Bravo,1,0,,,,,,,,,
247504,2006/07,2007-04-21,"Kensington Oval, Bridgetown",2,31.5,England,West Indies,KP Pietersen,A Flintoff,DJ Bravo,1,0,,,,,,,,,
247504,2006/07,2007-04-21,"Kensington Oval, Bridgetown",2,31.6,England,West Indies,A Flintoff,KP Pietersen,DJ Bravo,0,0,,,,,,,,,
247504,2006/07,2007-04-21,"Kensington Oval, Bridgetown",2,32.1,England,West Indies,KP Pietersen,A Flintoff,RR Sarwan,0,0,,,,,,,,,
247504,2006/07,2007-04-21,"Kensington Oval, Bridgetown",2,32.2,England,West Indies,KP Pietersen,A Flintoff,RR Sarwan,1,0,,,,,,,,,
247504,2006/07,2007-04-21,"Kensington Oval, Bridgetown",2,32.3,England,West Indies,A Flintoff,KP Pietersen,RR Sarwan,0,0,,,,,,,,,
247504,2006/07,2007-04-21,"Kensington Oval, Bridgetown",2,32.4,England,West Indies,A Flintoff,KP Pietersen,RR Sarwan,1,0,,,,,,,,,
247504,2006/07,2007-04-21,"Kensington Oval, Bridgetown",2,32.5,England,West Indies,KP Pietersen,A Flintoff,RR Sarwan,1,0,,,,,,,,,
247504,2006/07,2007-04-21,"Kensington Oval, Bridgetown",2,32.6,England,West Indies,A Flintoff,KP Pietersen,RR Sarwan,2,0,,,,,,,,,
247504,2006/07,2007-04-21,"Kensington Oval, Bridgetown",2,33.1,England,West Indies,KP Pietersen,A Flintoff,DJ Bravo,1,0,,,,,,,,,
247504,2006/07,2007-04-21,"Kensington Oval, Bridgetown",2,33.2,England,West Indies,A Flintoff,KP Pietersen,DJ Bravo,0,0,,,,,,,,,
247504,2006/07,2007-04-21,"Kensington Oval, Bridgetown",2,33.3,England,West Indies,A Flintoff,KP Pietersen,DJ Bravo,0,0,,,,,,,,,
247504,2006/07,2007-04-21,"Kensington Oval, Bridgetown",2,33.4,England,West Indies,A Flintoff,KP Pietersen,DJ Bravo,0,0,,,,,,,,,
247504,2006/07,2007-04-21,"Kensington Oval, Bridgetown",2,33.5,England,West Indies,A Flintoff,KP Pietersen,DJ Bravo,1,0,,,,,,,,,
247504,2006/07,2007-04-21,"Kensington Oval, Bridgetown",2,33.6,England,West Indies,KP Pietersen,A Flintoff,DJ Bravo,1,0,,,,,,,,,
247504,2006/07,2007-04-21,"Kensington Oval, Bridgetown",2,34.1,England,West Indies,KP Pietersen,A Flintoff,RR Sarwan,1,0,,,,,,,,,
247504,2006/07,2007-04-21,"Kensington Oval, Bridgetown",2,34.2,England,West Indies,A Flintoff,KP Pietersen,RR Sarwan,0,0,,,,,,caught,A Flintoff,,
247504,2006/07,2007-04-21,"Kensington Oval, Bridgetown",2,34.3,England,West Indies,KP Pietersen,JWM Dalrymple,RR Sarwan,2,0,,,,,,,,,
247504,2006/07,2007-04-21,"Kensington Oval, Bridgetown",2,34.4,England,West Indies,KP Pietersen,JWM Dalrymple,RR Sarwan,0,0,,,,,,,,,
247504,2006/07,2007-04-21,"Kensington Oval, Bridgetown",2,34.5,England,West Indies,KP Pietersen,JWM Dalrymple,RR Sarwan,1,0,,,,,,,,,
247504,2006/07,2007-04-21,"Kensington Oval, Bridgetown",2,34.6,England,West Indies,JWM Dalrymple,KP Pietersen,RR Sarwan,1,0,,,,,,,,,
247504,2006/07,2007-04-21,"Kensington Oval, Bridgetown",2,35.1,England,West Indies,JWM Dalrymple,KP Pietersen,JE Taylor,0,0,,,,,,,,,
247504,2006/07,2007-04-21,"Kensington Oval, Bridgetown",2,35.2,England,West Indies,JWM Dalrymple,KP Pietersen,JE Taylor,0,0,,,,,,,,,
247504,2006/07,2007-04-21,"Kensington Oval, Bridgetown",2,35.3,England,West Indies,JWM Dalrymple,KP Pietersen,JE Taylor,0,0,,,,,,,,,
247504,2006/07,2007-04-21,"Kensington Oval, Bridgetown",2,35.4,England,West Indies,JWM Dalrymple,KP Pietersen,JE Taylor,0,0,,,,,,,,,
247504,2006/07,2007-04-21,"Kensington Oval, Bridgetown",2,35.5,England,West Indies,JWM Dalrymple,KP Pietersen,JE Taylor,0,0,,,,,,run out,JWM Dalrymple,,
247504,2006/07,2007-04-21,"Kensington Oval, Bridgetown",2,35.6,England,West Indies,KP Pietersen,PA Nixon,JE Taylor,0,0,,,,,,,,,
247504,2006/07,2007-04-21,"Kensington Oval, Bridgetown",2,36.1,England,West Indies,PA Nixon,KP Pietersen,DBL Powell,1,0,,,,,,,,,
247504,2006/07,2007-04-21,"Kensington Oval, Bridgetown",2,36.2,England,West Indies,KP Pietersen,PA Nixon,DBL Powell,4,0,,,,,,,,,
247504,2006/07,2007-04-21,"Kensington Oval, Bridgetown",2,36.3,England,West Indies,KP Pietersen,PA Nixon,DBL Powell,1,0,,,,,,,,,
247504,2006/07,2007-04-21,"Kensington Oval, Bridgetown",2,36.4,England,West Indies,PA Nixon,KP Pietersen,DBL Powell,0,0,,,,,,,,,
247504,2006/07,2007-04-21,"Kensington Oval, Bridgetown",2,36.5,England,West Indies,PA Nixon,KP Pietersen,DBL Powell,1,0,,,,,,,,,
247504,2006/07,2007-04-21,"Kensington Oval, Bridgetown",2,36.6,England,West Indies,KP Pietersen,PA Nixon,DBL Powell,1,0,,,,,,,,,
247504,2006/07,2007-04-21,"Kensington Oval, Bridgetown",2,37.1,England,West Indies,KP Pietersen,PA Nixon,JE Taylor,2,0,,,,,,,,,
247504,2006/07,2007-04-21,"Kensington Oval, Bridgetown",2,37.2,England,West Indies,KP Pietersen,PA Nixon,JE Taylor,1,0,,,,,,,,,
247504,2006/07,2007-04-21,"Kensington Oval, Bridgetown",2,37.3,England,West Indies,PA Nixon,KP Pietersen,JE Taylor,0,0,,,,,,,,,
247504,2006/07,2007-04-21,"Kensington Oval, Bridgetown",2,37.4,England,West Indies,PA Nixon,KP Pietersen,JE Taylor,0,0,,,,,,,,,
247504,2006/07,2007-04-21,"Kensington Oval, Bridgetown",2,37.5,England,West Indies,PA Nixon,KP Pietersen,JE Taylor,0,0,,,,,,,,,
247504,2006/07,2007-04-21,"Kensington Oval, Bridgetown",2,37.6,England,West Indies,PA Nixon,KP Pietersen,JE Taylor,0,0,,,,,,,,,
247504,2006/07,2007-04-21,"Kensington Oval, Bridgetown",2,38.1,England,West Indies,KP Pietersen,PA Nixon,DBL Powell,4,0,,,,,,,,,
247504,2006/07,2007-04-21,"Kensington Oval, Bridgetown",2,38.2,England,West Indies,KP Pietersen,PA Nixon,DBL Powell,0,0,,,,,,,,,
247504,2006/07,2007-04-21,"Kensington Oval, Bridgetown",2,38.3,England,West Indies,KP Pietersen,PA Nixon,DBL Powell,2,0,,,,,,,,,
247504,2006/07,2007-04-21,"Kensington Oval, Bridgetown",2,38.4,England,West Indies,KP Pietersen,PA Nixon,DBL Powell,0,0,,,,,,,,,
247504,2006/07,2007-04-21,"Kensington Oval, Bridgetown",2,38.5,England,West Indies,KP Pietersen,PA Nixon,DBL Powell,1,0,,,,,,,,,
247504,2006/07,2007-04-21,"Kensington Oval, Bridgetown",2,38.6,England,West Indies,PA Nixon,KP Pietersen,DBL Powell,0,0,,,,,,,,,
247504,2006/07,2007-04-21,"Kensington Oval, Bridgetown",2,39.1,England,West Indies,KP Pietersen,PA Nixon,JE Taylor,2,0,,,,,,,,,
247504,2006/07,2007-04-21,"Kensington Oval, Bridgetown",2,39.2,England,West Indies,KP Pietersen,PA Nixon,JE Taylor,0,0,,,,,,,,,
247504,2006/07,2007-04-21,"Kensington Oval, Bridgetown",2,39.3,England,West Indies,KP Pietersen,PA Nixon,JE Taylor,1,0,,,,,,,,,
247504,2006/07,2007-04-21,"Kensington Oval, Bridgetown",2,39.4,England,West Indies,PA Nixon,KP Pietersen,JE Taylor,1,0,,,,,,,,,
247504,2006/07,2007-04-21,"Kensington Oval, Bridgetown",2,39.5,England,West Indies,KP Pietersen,PA Nixon,JE Taylor,1,0,,,,,,,,,
247504,2006/07,2007-04-21,"Kensington Oval, Bridgetown",2,39.6,England,West Indies,PA Nixon,KP Pietersen,JE Taylor,1,0,,,,,,,,,
247504,2006/07,2007-04-21,"Kensington Oval, Bridgetown",2,40.1,England,West Indies,PA Nixon,KP Pietersen,DJ Bravo,2,0,,,,,,,,,
247504,2006/07,2007-04-21,"Kensington Oval, Bridgetown",2,40.2,England,West Indies,PA Nixon,KP Pietersen,DJ Bravo,0,0,,,,,,,,,
247504,2006/07,2007-04-21,"Kensington Oval, Bridgetown",2,40.3,England,West Indies,PA Nixon,KP Pietersen,DJ Bravo,0,0,,,,,,,,,
247504,2006/07,2007-04-21,"Kensington Oval, Bridgetown",2,40.4,England,West Indies,PA Nixon,KP Pietersen,DJ Bravo,0,0,,,,,,,,,
247504,2006/07,2007-04-21,"Kensington Oval, Bridgetown",2,40.5,England,West Indies,PA Nixon,KP Pietersen,DJ Bravo,1,0,,,,,,,,,
247504,2006/07,2007-04-21,"Kensington Oval, Bridgetown",2,40.6,England,West Indies,KP Pietersen,PA Nixon,DJ Bravo,0,1,1,,,,,,,,
247504,2006/07,2007-04-21,"Kensington Oval, Bridgetown",2,40.7,England,West Indies,KP Pietersen,PA Nixon,DJ Bravo,4,0,,,,,,,,,
247504,2006/07,2007-04-21,"Kensington Oval, Bridgetown",2,41.1,England,West Indies,PA Nixon,KP Pietersen,JE Taylor,1,0,,,,,,,,,
247504,2006/07,2007-04-21,"Kensington Oval, Bridgetown",2,41.2,England,West Indies,KP Pietersen,PA Nixon,JE Taylor,0,0,,,,,,,,,
247504,2006/07,2007-04-21,"Kensington Oval, Bridgetown",2,41.3,England,West Indies,KP Pietersen,PA Nixon,JE Taylor,4,0,,,,,,,,,
247504,2006/07,2007-04-21,"Kensington Oval, Bridgetown",2,41.4,England,West Indies,KP Pietersen,PA Nixon,JE Taylor,4,0,,,,,,,,,
247504,2006/07,2007-04-21,"Kensington Oval, Bridgetown",2,41.5,England,West Indies,KP Pietersen,PA Nixon,JE Taylor,0,1,,,,1,,,,,
247504,2006/07,2007-04-21,"Kensington Oval, Bridgetown",2,41.6,England,West Indies,PA Nixon,KP Pietersen,JE Taylor,0,0,,,,,,,,,
247504,2006/07,2007-04-21,"Kensington Oval, Bridgetown",2,42.1,England,West Indies,KP Pietersen,PA Nixon,DJ Bravo,1,0,,,,,,,,,
247504,2006/07,2007-04-21,"Kensington Oval, Bridgetown",2,42.2,England,West Indies,PA Nixon,KP Pietersen,DJ Bravo,1,0,,,,,,,,,
247504,2006/07,2007-04-21,"Kensington Oval, Bridgetown",2,42.3,England,West Indies,KP Pietersen,PA Nixon,DJ Bravo,4,0,,,,,,,,,
247504,2006/07,2007-04-21,"Kensington Oval, Bridgetown",2,42.4,England,West Indies,KP Pietersen,PA Nixon,DJ Bravo,1,0,,,,,,,,,
247504,2006/07,2007-04-21,"Kensington Oval, Bridgetown",2,42.5,England,West Indies,PA Nixon,KP Pietersen,DJ Bravo,0,0,,,,,,,,,
247504,2006/07,2007-04-21,"Kensington Oval, Bridgetown",2,42.6,England,West Indies,PA Nixon,KP Pietersen,DJ Bravo,2,0,,,,,,,,,
247504,2006/07,2007-04-21,"Kensington Oval, Bridgetown",2,43.1,England,West Indies,KP Pietersen,PA Nixon,JE Taylor,2,0,,,,,,,,,
247504,2006/07,2007-04-21,"Kensington Oval, Bridgetown",2,43.2,England,West Indies,KP Pietersen,PA Nixon,JE Taylor,1,0,,,,,,,,,
247504,2006/07,2007-04-21,"Kensington Oval, Bridgetown",2,43.3,England,West Indies,PA Nixon,KP Pietersen,JE Taylor,1,0,,,,,,,,,
247504,2006/07,2007-04-21,"Kensington Oval, Bridgetown",2,43.4,England,West Indies,KP Pietersen,PA Nixon,JE Taylor,1,0,,,,,,,,,
247504,2006/07,2007-04-21,"Kensington Oval, Bridgetown",2,43.5,England,West Indies,PA Nixon,KP Pietersen,JE Taylor,1,0,,,,,,,,,
247504,2006/07,2007-04-21,"Kensington Oval, Bridgetown",2,43.6,England,West Indies,KP Pietersen,PA Nixon,JE Taylor,1,0,,,,,,,,,
247504,2006/07,2007-04-21,"Kensington Oval, Bridgetown",2,44.1,England,West Indies,KP Pietersen,PA Nixon,CH Gayle,1,0,,,,,,,,,
247504,2006/07,2007-04-21,"Kensington Oval, Bridgetown",2,44.2,England,West Indies,PA Nixon,KP Pietersen,CH Gayle,1,0,,,,,,,,,
247504,2006/07,2007-04-21,"Kensington Oval, Bridgetown",2,44.3,England,West Indies,KP Pietersen,PA Nixon,CH Gayle,0,2,,,2,,,,,,
247504,2006/07,2007-04-21,"Kensington Oval, Bridgetown",2,44.4,England,West Indies,KP Pietersen,PA Nixon,CH Gayle,1,0,,,,,,,,,
247504,2006/07,2007-04-21,"Kensington Oval, Bridgetown",2,44.5,England,West Indies,PA Nixon,KP Pietersen,CH Gayle,1,0,,,,,,,,,
247504,2006/07,2007-04-21,"Kensington Oval, Bridgetown",2,44.6,England,West Indies,KP Pietersen,PA Nixon,CH Gayle,1,0,,,,,,,,,
247504,2006/07,2007-04-21,"Kensington Oval, Bridgetown",2,45.1,England,West Indies,KP Pietersen,PA Nixon,CD Collymore,1,0,,,,,,,,,
247504,2006/07,2007-04-21,"Kensington Oval, Bridgetown",2,45.2,England,West Indies,PA Nixon,KP Pietersen,CD Collymore,2,0,,,,,,,,,
247504,2006/07,2007-04-21,"Kensington Oval, Bridgetown",2,45.3,England,West Indies,PA Nixon,KP Pietersen,CD Collymore,1,0,,,,,,,,,
247504,2006/07,2007-04-21,"Kensington Oval, Bridgetown",2,45.4,England,West Indies,KP Pietersen,PA Nixon,CD Collymore,4,0,,,,,,,,,
247504,2006/07,2007-04-21,"Kensington Oval, Bridgetown",2,45.5,England,West Indies,KP Pietersen,PA Nixon,CD Collymore,1,0,,,,,,,,,
247504,2006/07,2007-04-21,"Kensington Oval, Bridgetown",2,45.6,England,West Indies,PA Nixon,KP Pietersen,CD Collymore,0,0,,,,,,,,,
247504,2006/07,2007-04-21,"Kensington Oval, Bridgetown",2,46.1,England,West Indies,KP Pietersen,PA Nixon,JE Taylor,6,0,,,,,,,,,
247504,2006/07,2007-04-21,"Kensington Oval, Bridgetown",2,46.2,England,West Indies,KP Pietersen,PA Nixon,JE Taylor,0,0,,,,,,bowled,KP Pietersen,,
247504,2006/07,2007-04-21,"Kensington Oval, Bridgetown",2,46.3,England,West Indies,LE Plunkett,PA Nixon,JE Taylor,0,0,,,,,,,,,
247504,2006/07,2007-04-21,"Kensington Oval, Bridgetown",2,46.4,England,West Indies,LE Plunkett,PA Nixon,JE Taylor,2,0,,,,,,,,,
247504,2006/07,2007-04-21,"Kensington Oval, Bridgetown",2,46.5,England,West Indies,LE Plunkett,PA Nixon,JE Taylor,0,0,,,,,,caught,LE Plunkett,,
247504,2006/07,2007-04-21,"Kensington Oval, Bridgetown",2,46.6,England,West Indies,PA Nixon,SCJ Broad,JE Taylor,1,0,,,,,,,,,
247504,2006/07,2007-04-21,"Kensington Oval, Bridgetown",2,47.1,England,West Indies,PA Nixon,SCJ Broad,CD Collymore,4,0,,,,,,,,,
247504,2006/07,2007-04-21,"Kensington Oval, Bridgetown",2,47.2,England,West Indies,PA Nixon,SCJ Broad,CD Collymore,0,0,,,,,,,,,
247504,2006/07,2007-04-21,"Kensington Oval, Bridgetown",2,47.3,England,West Indies,PA Nixon,SCJ Broad,CD Collymore,4,0,,,,,,,,,
247504,2006/07,2007-04-21,"Kensington Oval, Bridgetown",2,47.4,England,West Indies,PA Nixon,SCJ Broad,CD Collymore,4,0,,,,,,,,,
247504,2006/07,2007-04-21,"Kensington Oval, Bridgetown",2,47.5,England,West Indies,PA Nixon,SCJ Broad,CD Collymore,0,4,,,4,,,,,,
247504,2006/07,2007-04-21,"Kensington Oval, Bridgetown",2,47.6,England,West Indies,PA Nixon,SCJ Broad,CD Collymore,1,0,,,,,,,,,
247504,2006/07,2007-04-21,"Kensington Oval, Bridgetown",2,48.1,England,West Indies,PA Nixon,SCJ Broad,JE Taylor,1,0,,,,,,,,,
247504,2006/07,2007-04-21,"Kensington Oval, Bridgetown",2,48.2,England,West Indies,SCJ Broad,PA Nixon,JE Taylor,1,0,,,,,,,,,
247504,2006/07,2007-04-21,"Kensington Oval, Bridgetown",2,48.3,England,West Indies,PA Nixon,SCJ Broad,JE Taylor,4,0,,,,,,,,,
247504,2006/07,2007-04-21,"Kensington Oval, Bridgetown",2,48.4,England,West Indies,PA Nixon,SCJ Broad,JE Taylor,1,0,,,,,,,,,
247504,2006/07,2007-04-21,"Kensington Oval, Bridgetown",2,48.5,England,West Indies,SCJ Broad,PA Nixon,JE Taylor,1,0,,,,,,,,,
247504,2006/07,2007-04-21,"Kensington Oval, Bridgetown",2,48.6,England,West Indies,PA Nixon,SCJ Broad,JE Taylor,0,0,,,,,,,,,
247504,2006/07,2007-04-21,"Kensington Oval, Bridgetown",2,49.1,England,West Indies,SCJ Broad,PA Nixon,DJ Bravo,1,0,,,,,,,,,
247504,2006/07,2007-04-21,"Kensington Oval, Bridgetown",2,49.2,England,West Indies,PA Nixon,SCJ Broad,DJ Bravo,0,0,,,,,,bowled,PA Nixon,,
247504,2006/07,2007-04-21,"Kensington Oval, Bridgetown",2,49.3,England,West Indies,JM Anderson,SCJ Broad,DJ Bravo,0,1,,,,1,,,,,
247504,2006/07,2007-04-21,"Kensington Oval, Bridgetown",2,49.4,England,West Indies,SCJ Broad,JM Anderson,DJ Bravo,0,0,,,,,,,,,
247504,2006/07,2007-04-21,"Kensington Oval, Bridgetown",2,49.5,England,West Indies,SCJ Broad,JM Anderson,DJ Bravo,2,0,,,,,,,,,
