match_id,season,start_date,venue,innings,ball,batting_team,bowling_team,striker,non_striker,bowler,runs_off_bat,extras,wides,noballs,byes,legbyes,penalty,wicket_type,player_dismissed,other_wicket_type,other_player_dismissed
247501,2006/07,2007-04-18,"National Cricket Stadium, St George's",1,0.1,Ireland,Sri Lanka,JP Bray,WTS Porterfield,WPUJC Vaas,0,0,,,,,,,,,
247501,2006/07,2007-04-18,"National Cricket Stadium, St George's",1,0.2,Ireland,Sri Lanka,JP Bray,WTS Porterfield,WPUJC Vaas,0,0,,,,,,,,,
247501,2006/07,2007-04-18,"National Cricket Stadium, St George's",1,0.3,Ireland,Sri Lanka,JP Bray,WTS Porterfield,WPUJC Vaas,0,0,,,,,,,,,
247501,2006/07,2007-04-18,"National Cricket Stadium, St George's",1,0.4,Ireland,Sri Lanka,JP Bray,WTS Porterfield,WPUJC Vaas,0,0,,,,,,,,,
247501,2006/07,2007-04-18,"National Cricket Stadium, St George's",1,0.5,Ireland,Sri Lanka,JP Bray,WTS Porterfield,WPUJC Vaas,0,0,,,,,,,,,
247501,2006/07,2007-04-18,"National Cricket Stadium, St George's",1,0.6,Ireland,Sri Lanka,JP Bray,WTS Porterfield,WPUJC Vaas,0,0,,,,,,,,,
247501,2006/07,2007-04-18,"National Cricket Stadium, St George's",1,1.1,Ireland,Sri Lanka,WTS Porterfield,JP Bray,KMDN Kulasekara,0,0,,,,,,,,,
247501,2006/07,2007-04-18,"National Cricket Stadium, St George's",1,1.2,Ireland,Sri Lanka,WTS Porterfield,JP Bray,KMDN Kulasekara,0,0,,,,,,,,,
247501,2006/07,2007-04-18,"National Cricket Stadium, St George's",1,1.3,Ireland,Sri Lanka,WTS Porterfield,JP Bray,KMDN Kulasekara,0,0,,,,,,,,,
247501,2006/07,2007-04-18,"National Cricket Stadium, St George's",1,1.4,Ireland,Sri Lanka,WTS Porterfield,JP Bray,KMDN Kulasekara,0,0,,,,,,,,,
247501,2006/07,2007-04-18,"National Cricket Stadium, St George's",1,1.5,Ireland,Sri Lanka,WTS Porterfield,JP Bray,KMDN Kulasekara,0,0,,,,,,,,,
247501,2006/07,2007-04-18,"National Cricket Stadium, St George's",1,1.6,Ireland,Sri Lanka,WTS Porterfield,JP Bray,KMDN Kulasekara,0,0,,,,,,,,,
247501,2006/07,2007-04-18,"National Cricket Stadium, St George's",1,2.1,Ireland,Sri Lanka,JP Bray,WTS Porterfield,WPUJC Vaas,0,0,,,,,,,,,
247501,2006/07,2007-04-18,"National Cricket Stadium, St George's",1,2.2,Ireland,Sri Lanka,JP Bray,WTS Porterfield,WPUJC Vaas,0,0,,,,,,,,,
247501,2006/07,2007-04-18,"National Cricket Stadium, St George's",1,2.3,Ireland,Sri Lanka,JP Bray,WTS Porterfield,WPUJC Vaas,1,0,,,,,,,,,
247501,2006/07,2007-04-18,"National Cricket Stadium, St George's",1,2.4,Ireland,Sri Lanka,WTS Porterfield,JP Bray,WPUJC Vaas,0,0,,,,,,,,,
247501,2006/07,2007-04-18,"National Cricket Stadium, St George's",1,2.5,Ireland,Sri Lanka,WTS Porterfield,JP Bray,WPUJC Vaas,3,0,,,,,,,,,
247501,2006/07,2007-04-18,"National Cricket Stadium, St George's",1,2.6,Ireland,Sri Lanka,JP Bray,WTS Porterfield,WPUJC Vaas,0,0,,,,,,,,,
247501,2006/07,2007-04-18,"National Cricket Stadium, St George's",1,3.1,Ireland,Sri Lanka,WTS Porterfield,JP Bray,KMDN Kulasekara,0,0,,,,,,,,,
247501,2006/07,2007-04-18,"National Cricket Stadium, St George's",1,3.2,Ireland,Sri Lanka,WTS Porterfield,JP Bray,KMDN Kulasekara,0,0,,,,,,,,,
247501,2006/07,2007-04-18,"National Cricket Stadium, St George's",1,3.3,Ireland,Sri Lanka,WTS Porterfield,JP Bray,KMDN Kulasekara,0,0,,,,,,,,,
247501,2006/07,2007-04-18,"National Cricket Stadium, St George's",1,3.4,Ireland,Sri Lanka,WTS Porterfield,JP Bray,KMDN Kulasekara,1,0,,,,,,,,,
247501,2006/07,2007-04-18,"National Cricket Stadium, St George's",1,3.5,Ireland,Sri Lanka,JP Bray,WTS Porterfield,KMDN Kulasekara,0,0,,,,,,,,,
247501,2006/07,2007-04-18,"National Cricket Stadium, St George's",1,3.6,Ireland,Sri Lanka,JP Bray,WTS Porterfield,KMDN Kulasekara,0,0,,,,,,,,,
247501,2006/07,2007-04-18,"National Cricket Stadium, St George's",1,4.1,Ireland,Sri Lanka,WTS Porterfield,JP Bray,WPUJC Vaas,1,0,,,,,,,,,
247501,2006/07,2007-04-18,"National Cricket Stadium, St George's",1,4.2,Ireland,Sri Lanka,JP Bray,WTS Porterfield,WPUJC Vaas,4,0,,,,,,,,,
247501,2006/07,2007-04-18,"National Cricket Stadium, St George's",1,4.3,Ireland,Sri Lanka,JP Bray,WTS Porterfield,WPUJC Vaas,0,0,,,,,,,,,
247501,2006/07,2007-04-18,"National Cricket Stadium, St George's",1,4.4,Ireland,Sri Lanka,JP Bray,WTS Porterfield,WPUJC Vaas,0,0,,,,,,,,,
247501,2006/07,2007-04-18,"National Cricket Stadium, St George's",1,4.5,Ireland,Sri Lanka,JP Bray,WTS Porterfield,WPUJC Vaas,0,1,,,,1,,,,,
247501,2006/07,2007-04-18,"National Cricket Stadium, St George's",1,4.6,Ireland,Sri Lanka,WTS Porterfield,JP Bray,WPUJC Vaas,0,0,,,,,,,,,
247501,2006/07,2007-04-18,"National Cricket Stadium, St George's",1,5.1,Ireland,Sri Lanka,JP Bray,WTS Porterfield,KMDN Kulasekara,4,0,,,,,,,,,
247501,2006/07,2007-04-18,"National Cricket Stadium, St George's",1,5.2,Ireland,Sri Lanka,JP Bray,WTS Porterfield,KMDN Kulasekara,0,0,,,,,,,,,
247501,2006/07,2007-04-18,"National Cricket Stadium, St George's",1,5.3,Ireland,Sri Lanka,JP Bray,WTS Porterfield,KMDN Kulasekara,0,0,,,,,,,,,
247501,2006/07,2007-04-18,"National Cricket Stadium, St George's",1,5.4,Ireland,Sri Lanka,JP Bray,WTS Porterfield,KMDN Kulasekara,0,0,,,,,,,,,
247501,2006/07,2007-04-18,"National Cricket Stadium, St George's",1,5.5,Ireland,Sri Lanka,JP Bray,WTS Porterfield,KMDN Kulasekara,0,0,,,,,,,,,
247501,2006/07,2007-04-18,"National Cricket Stadium, St George's",1,5.6,Ireland,Sri Lanka,JP Bray,WTS Porterfield,KMDN Kulasekara,1,0,,,,,,,,,
247501,2006/07,2007-04-18,"National Cricket Stadium, St George's",1,6.1,Ireland,Sri Lanka,JP Bray,WTS Porterfield,WPUJC Vaas,0,0,,,,,,,,,
247501,2006/07,2007-04-18,"National Cricket Stadium, St George's",1,6.2,Ireland,Sri Lanka,JP Bray,WTS Porterfield,WPUJC Vaas,0,0,,,,,,,,,
247501,2006/07,2007-04-18,"National Cricket Stadium, St George's",1,6.3,Ireland,Sri Lanka,JP Bray,WTS Porterfield,WPUJC Vaas,1,1,,1,,,,,,,
247501,2006/07,2007-04-18,"National Cricket Stadium, St George's",1,6.4,Ireland,Sri Lanka,WTS Porterfield,JP Bray,WPUJC Vaas,0,0,,,,,,,,,
247501,2006/07,2007-04-18,"National Cricket Stadium, St George's",1,6.5,Ireland,Sri Lanka,WTS Porterfield,JP Bray,WPUJC Vaas,0,0,,,,,,,,,
247501,2006/07,2007-04-18,"National Cricket Stadium, St George's",1,6.6,Ireland,Sri Lanka,WTS Porterfield,JP Bray,WPUJC Vaas,0,1,,,,1,,,,,
247501,2006/07,2007-04-18,"National Cricket Stadium, St George's",1,6.7,Ireland,Sri Lanka,JP Bray,WTS Porterfield,WPUJC Vaas,1,0,,,,,,,,,
247501,2006/07,2007-04-18,"National Cricket Stadium, St George's",1,7.1,Ireland,Sri Lanka,JP Bray,WTS Porterfield,MF Maharoof,4,0,,,,,,,,,
247501,2006/07,2007-04-18,"National Cricket Stadium, St George's",1,7.2,Ireland,Sri Lanka,JP Bray,WTS Porterfield,MF Maharoof,4,0,,,,,,,,,
247501,2006/07,2007-04-18,"National Cricket Stadium, St George's",1,7.3,Ireland,Sri Lanka,JP Bray,WTS Porterfield,MF Maharoof,0,0,,,,,,caught,JP Bray,,
247501,2006/07,2007-04-18,"National Cricket Stadium, St George's",1,7.4,Ireland,Sri Lanka,AC Botha,WTS Porterfield,MF Maharoof,0,0,,,,,,,,,
247501,2006/07,2007-04-18,"National Cricket Stadium, St George's",1,7.5,Ireland,Sri Lanka,AC Botha,WTS Porterfield,MF Maharoof,0,0,,,,,,caught,AC Botha,,
247501,2006/07,2007-04-18,"National Cricket Stadium, St George's",1,7.6,Ireland,Sri Lanka,EJG Morgan,WTS Porterfield,MF Maharoof,0,0,,,,,,caught,EJG Morgan,,
247501,2006/07,2007-04-18,"National Cricket Stadium, St George's",1,8.1,Ireland,Sri Lanka,WTS Porterfield,NJ O'Brien,WPUJC Vaas,0,0,,,,,,,,,
247501,2006/07,2007-04-18,"National Cricket Stadium, St George's",1,8.2,Ireland,Sri Lanka,WTS Porterfield,NJ O'Brien,WPUJC Vaas,1,0,,,,,,,,,
247501,2006/07,2007-04-18,"National Cricket Stadium, St George's",1,8.3,Ireland,Sri Lanka,NJ O'Brien,WTS Porterfield,WPUJC Vaas,1,0,,,,,,,,,
247501,2006/07,2007-04-18,"National Cricket Stadium, St George's",1,8.4,Ireland,Sri Lanka,WTS Porterfield,NJ O'Brien,WPUJC Vaas,4,0,,,,,,,,,
247501,2006/07,2007-04-18,"National Cricket Stadium, St George's",1,8.5,Ireland,Sri Lanka,WTS Porterfield,NJ O'Brien,WPUJC Vaas,0,0,,,,,,,,,
247501,2006/07,2007-04-18,"National Cricket Stadium, St George's",1,8.6,Ireland,Sri Lanka,WTS Porterfield,NJ O'Brien,WPUJC Vaas,0,0,,,,,,,,,
247501,2006/07,2007-04-18,"National Cricket Stadium, St George's",1,9.1,Ireland,Sri Lanka,NJ O'Brien,WTS Porterfield,MF Maharoof,0,0,,,,,,,,,
247501,2006/07,2007-04-18,"National Cricket Stadium, St George's",1,9.2,Ireland,Sri Lanka,NJ O'Brien,WTS Porterfield,MF Maharoof,0,0,,,,,,,,,
247501,2006/07,2007-04-18,"National Cricket Stadium, St George's",1,9.3,Ireland,Sri Lanka,NJ O'Brien,WTS Porterfield,MF Maharoof,0,0,,,,,,,,,
247501,2006/07,2007-04-18,"National Cricket Stadium, St George's",1,9.4,Ireland,Sri Lanka,NJ O'Brien,WTS Porterfield,MF Maharoof,0,0,,,,,,,,,
247501,2006/07,2007-04-18,"National Cricket Stadium, St George's",1,9.5,Ireland,Sri Lanka,NJ O'Brien,WTS Porterfield,MF Maharoof,0,0,,,,,,,,,
247501,2006/07,2007-04-18,"National Cricket Stadium, St George's",1,9.6,Ireland,Sri Lanka,NJ O'Brien,WTS Porterfield,MF Maharoof,0,0,,,,,,,,,
247501,2006/07,2007-04-18,"National Cricket Stadium, St George's",1,10.1,Ireland,Sri Lanka,WTS Porterfield,NJ O'Brien,KMDN Kulasekara,2,0,,,,,,,,,
247501,2006/07,2007-04-18,"National Cricket Stadium, St George's",1,10.2,Ireland,Sri Lanka,WTS Porterfield,NJ O'Brien,KMDN Kulasekara,0,0,,,,,,,,,
247501,2006/07,2007-04-18,"National Cricket Stadium, St George's",1,10.3,Ireland,Sri Lanka,WTS Porterfield,NJ O'Brien,KMDN Kulasekara,0,0,,,,,,,,,
247501,2006/07,2007-04-18,"National Cricket Stadium, St George's",1,10.4,Ireland,Sri Lanka,WTS Porterfield,NJ O'Brien,KMDN Kulasekara,0,0,,,,,,,,,
247501,2006/07,2007-04-18,"National Cricket Stadium, St George's",1,10.5,Ireland,Sri Lanka,WTS Porterfield,NJ O'Brien,KMDN Kulasekara,0,0,,,,,,,,,
247501,2006/07,2007-04-18,"National Cricket Stadium, St George's",1,10.6,Ireland,Sri Lanka,WTS Porterfield,NJ O'Brien,KMDN Kulasekara,1,0,,,,,,,,,
247501,2006/07,2007-04-18,"National Cricket Stadium, St George's",1,11.1,Ireland,Sri Lanka,WTS Porterfield,NJ O'Brien,MF Maharoof,0,0,,,,,,,,,
247501,2006/07,2007-04-18,"National Cricket Stadium, St George's",1,11.2,Ireland,Sri Lanka,WTS Porterfield,NJ O'Brien,MF Maharoof,1,0,,,,,,,,,
247501,2006/07,2007-04-18,"National Cricket Stadium, St George's",1,11.3,Ireland,Sri Lanka,NJ O'Brien,WTS Porterfield,MF Maharoof,0,0,,,,,,,,,
247501,2006/07,2007-04-18,"National Cricket Stadium, St George's",1,11.4,Ireland,Sri Lanka,NJ O'Brien,WTS Porterfield,MF Maharoof,0,0,,,,,,,,,
247501,2006/07,2007-04-18,"National Cricket Stadium, St George's",1,11.5,Ireland,Sri Lanka,NJ O'Brien,WTS Porterfield,MF Maharoof,0,0,,,,,,,,,
247501,2006/07,2007-04-18,"National Cricket Stadium, St George's",1,11.6,Ireland,Sri Lanka,NJ O'Brien,WTS Porterfield,MF Maharoof,0,0,,,,,,,,,
247501,2006/07,2007-04-18,"National Cricket Stadium, St George's",1,12.1,Ireland,Sri Lanka,WTS Porterfield,NJ O'Brien,KMDN Kulasekara,0,0,,,,,,,,,
247501,2006/07,2007-04-18,"National Cricket Stadium, St George's",1,12.2,Ireland,Sri Lanka,WTS Porterfield,NJ O'Brien,KMDN Kulasekara,1,0,,,,,,,,,
247501,2006/07,2007-04-18,"National Cricket Stadium, St George's",1,12.3,Ireland,Sri Lanka,NJ O'Brien,WTS Porterfield,KMDN Kulasekara,0,0,,,,,,,,,
247501,2006/07,2007-04-18,"National Cricket Stadium, St George's",1,12.4,Ireland,Sri Lanka,NJ O'Brien,WTS Porterfield,KMDN Kulasekara,0,0,,,,,,,,,
247501,2006/07,2007-04-18,"National Cricket Stadium, St George's",1,12.5,Ireland,Sri Lanka,NJ O'Brien,WTS Porterfield,KMDN Kulasekara,0,0,,,,,,,,,
247501,2006/07,2007-04-18,"National Cricket Stadium, St George's",1,12.6,Ireland,Sri Lanka,NJ O'Brien,WTS Porterfield,KMDN Kulasekara,0,0,,,,,,,,,
247501,2006/07,2007-04-18,"National Cricket Stadium, St George's",1,13.1,Ireland,Sri Lanka,WTS Porterfield,NJ O'Brien,MF Maharoof,0,1,,,,1,,,,,
247501,2006/07,2007-04-18,"National Cricket Stadium, St George's",1,13.2,Ireland,Sri Lanka,NJ O'Brien,WTS Porterfield,MF Maharoof,1,0,,,,,,,,,
247501,2006/07,2007-04-18,"National Cricket Stadium, St George's",1,13.3,Ireland,Sri Lanka,WTS Porterfield,NJ O'Brien,MF Maharoof,0,0,,,,,,,,,
247501,2006/07,2007-04-18,"National Cricket Stadium, St George's",1,13.4,Ireland,Sri Lanka,WTS Porterfield,NJ O'Brien,MF Maharoof,0,0,,,,,,,,,
247501,2006/07,2007-04-18,"National Cricket Stadium, St George's",1,13.5,Ireland,Sri Lanka,WTS Porterfield,NJ O'Brien,MF Maharoof,0,0,,,,,,,,,
247501,2006/07,2007-04-18,"National Cricket Stadium, St George's",1,13.6,Ireland,Sri Lanka,WTS Porterfield,NJ O'Brien,MF Maharoof,1,0,,,,,,,,,
247501,2006/07,2007-04-18,"National Cricket Stadium, St George's",1,14.1,Ireland,Sri Lanka,WTS Porterfield,NJ O'Brien,KMDN Kulasekara,0,0,,,,,,,,,
247501,2006/07,2007-04-18,"National Cricket Stadium, St George's",1,14.2,Ireland,Sri Lanka,WTS Porterfield,NJ O'Brien,KMDN Kulasekara,0,0,,,,,,,,,
247501,2006/07,2007-04-18,"National Cricket Stadium, St George's",1,14.3,Ireland,Sri Lanka,WTS Porterfield,NJ O'Brien,KMDN Kulasekara,0,0,,,,,,,,,
247501,2006/07,2007-04-18,"National Cricket Stadium, St George's",1,14.4,Ireland,Sri Lanka,WTS Porterfield,NJ O'Brien,KMDN Kulasekara,0,0,,,,,,,,,
247501,2006/07,2007-04-18,"National Cricket Stadium, St George's",1,14.5,Ireland,Sri Lanka,WTS Porterfield,NJ O'Brien,KMDN Kulasekara,0,0,,,,,,,,,
247501,2006/07,2007-04-18,"National Cricket Stadium, St George's",1,14.6,Ireland,Sri Lanka,WTS Porterfield,NJ O'Brien,KMDN Kulasekara,0,0,,,,,,,,,
247501,2006/07,2007-04-18,"National Cricket Stadium, St George's",1,15.1,Ireland,Sri Lanka,NJ O'Brien,WTS Porterfield,MF Maharoof,0,0,,,,,,,,,
247501,2006/07,2007-04-18,"National Cricket Stadium, St George's",1,15.2,Ireland,Sri Lanka,NJ O'Brien,WTS Porterfield,MF Maharoof,0,1,,1,,,,,,,
247501,2006/07,2007-04-18,"National Cricket Stadium, St George's",1,15.3,Ireland,Sri Lanka,NJ O'Brien,WTS Porterfield,MF Maharoof,0,0,,,,,,,,,
247501,2006/07,2007-04-18,"National Cricket Stadium, St George's",1,15.4,Ireland,Sri Lanka,NJ O'Brien,WTS Porterfield,MF Maharoof,1,0,,,,,,,,,
247501,2006/07,2007-04-18,"National Cricket Stadium, St George's",1,15.5,Ireland,Sri Lanka,WTS Porterfield,NJ O'Brien,MF Maharoof,0,0,,,,,,,,,
247501,2006/07,2007-04-18,"National Cricket Stadium, St George's",1,15.6,Ireland,Sri Lanka,WTS Porterfield,NJ O'Brien,MF Maharoof,0,0,,,,,,,,,
247501,2006/07,2007-04-18,"National Cricket Stadium, St George's",1,15.7,Ireland,Sri Lanka,WTS Porterfield,NJ O'Brien,MF Maharoof,0,0,,,,,,,,,
247501,2006/07,2007-04-18,"National Cricket Stadium, St George's",1,16.1,Ireland,Sri Lanka,NJ O'Brien,WTS Porterfield,KMDN Kulasekara,0,0,,,,,,,,,
247501,2006/07,2007-04-18,"National Cricket Stadium, St George's",1,16.2,Ireland,Sri Lanka,NJ O'Brien,WTS Porterfield,KMDN Kulasekara,0,0,,,,,,,,,
247501,2006/07,2007-04-18,"National Cricket Stadium, St George's",1,16.3,Ireland,Sri Lanka,NJ O'Brien,WTS Porterfield,KMDN Kulasekara,0,0,,,,,,,,,
247501,2006/07,2007-04-18,"National Cricket Stadium, St George's",1,16.4,Ireland,Sri Lanka,NJ O'Brien,WTS Porterfield,KMDN Kulasekara,0,0,,,,,,,,,
247501,2006/07,2007-04-18,"National Cricket Stadium, St George's",1,16.5,Ireland,Sri Lanka,NJ O'Brien,WTS Porterfield,KMDN Kulasekara,0,0,,,,,,,,,
247501,2006/07,2007-04-18,"National Cricket Stadium, St George's",1,16.6,Ireland,Sri Lanka,NJ O'Brien,WTS Porterfield,KMDN Kulasekara,0,0,,,,,,,,,
247501,2006/07,2007-04-18,"National Cricket Stadium, St George's",1,17.1,Ireland,Sri Lanka,WTS Porterfield,NJ O'Brien,MF Maharoof,0,0,,,,,,,,,
247501,2006/07,2007-04-18,"National Cricket Stadium, St George's",1,17.2,Ireland,Sri Lanka,WTS Porterfield,NJ O'Brien,MF Maharoof,1,0,,,,,,,,,
247501,2006/07,2007-04-18,"National Cricket Stadium, St George's",1,17.3,Ireland,Sri Lanka,NJ O'Brien,WTS Porterfield,MF Maharoof,1,0,,,,,,,,,
247501,2006/07,2007-04-18,"National Cricket Stadium, St George's",1,17.4,Ireland,Sri Lanka,WTS Porterfield,NJ O'Brien,MF Maharoof,0,0,,,,,,,,,
247501,2006/07,2007-04-18,"National Cricket Stadium, St George's",1,17.5,Ireland,Sri Lanka,WTS Porterfield,NJ O'Brien,MF Maharoof,0,0,,,,,,,,,
247501,2006/07,2007-04-18,"National Cricket Stadium, St George's",1,17.6,Ireland,Sri Lanka,WTS Porterfield,NJ O'Brien,MF Maharoof,0,0,,,,,,caught,WTS Porterfield,,
247501,2006/07,2007-04-18,"National Cricket Stadium, St George's",1,18.1,Ireland,Sri Lanka,KJ O'Brien,NJ O'Brien,M Muralitharan,0,1,1,,,,,,,,
247501,2006/07,2007-04-18,"National Cricket Stadium, St George's",1,18.2,Ireland,Sri Lanka,KJ O'Brien,NJ O'Brien,M Muralitharan,1,0,,,,,,,,,
247501,2006/07,2007-04-18,"National Cricket Stadium, St George's",1,18.3,Ireland,Sri Lanka,NJ O'Brien,KJ O'Brien,M Muralitharan,0,0,,,,,,caught,NJ O'Brien,,
247501,2006/07,2007-04-18,"National Cricket Stadium, St George's",1,18.4,Ireland,Sri Lanka,KED Carroll,KJ O'Brien,M Muralitharan,0,0,,,,,,,,,
247501,2006/07,2007-04-18,"National Cricket Stadium, St George's",1,18.5,Ireland,Sri Lanka,KED Carroll,KJ O'Brien,M Muralitharan,0,0,,,,,,bowled,KED Carroll,,
247501,2006/07,2007-04-18,"National Cricket Stadium, St George's",1,18.6,Ireland,Sri Lanka,DT Johnston,KJ O'Brien,M Muralitharan,0,0,,,,,,,,,
247501,2006/07,2007-04-18,"National Cricket Stadium, St George's",1,18.7,Ireland,Sri Lanka,DT Johnston,KJ O'Brien,M Muralitharan,0,0,,,,,,,,,
247501,2006/07,2007-04-18,"National Cricket Stadium, St George's",1,19.1,Ireland,Sri Lanka,KJ O'Brien,DT Johnston,MF Maharoof,0,0,,,,,,,,,
247501,2006/07,2007-04-18,"National Cricket Stadium, St George's",1,19.2,Ireland,Sri Lanka,KJ O'Brien,DT Johnston,MF Maharoof,1,0,,,,,,,,,
247501,2006/07,2007-04-18,"National Cricket Stadium, St George's",1,19.3,Ireland,Sri Lanka,DT Johnston,KJ O'Brien,MF Maharoof,0,0,,,,,,,,,
247501,2006/07,2007-04-18,"National Cricket Stadium, St George's",1,19.4,Ireland,Sri Lanka,DT Johnston,KJ O'Brien,MF Maharoof,0,0,,,,,,run out,DT Johnston,,
247501,2006/07,2007-04-18,"National Cricket Stadium, St George's",1,19.5,Ireland,Sri Lanka,WK McCallan,KJ O'Brien,MF Maharoof,0,0,,,,,,,,,
247501,2006/07,2007-04-18,"National Cricket Stadium, St George's",1,19.6,Ireland,Sri Lanka,WK McCallan,KJ O'Brien,MF Maharoof,0,0,,,,,,,,,
247501,2006/07,2007-04-18,"National Cricket Stadium, St George's",1,20.1,Ireland,Sri Lanka,KJ O'Brien,WK McCallan,M Muralitharan,0,0,,,,,,caught,KJ O'Brien,,
247501,2006/07,2007-04-18,"National Cricket Stadium, St George's",1,20.2,Ireland,Sri Lanka,D Langford-Smith,WK McCallan,M Muralitharan,0,0,,,,,,,,,
247501,2006/07,2007-04-18,"National Cricket Stadium, St George's",1,20.3,Ireland,Sri Lanka,D Langford-Smith,WK McCallan,M Muralitharan,0,0,,,,,,,,,
247501,2006/07,2007-04-18,"National Cricket Stadium, St George's",1,20.4,Ireland,Sri Lanka,D Langford-Smith,WK McCallan,M Muralitharan,4,0,,,,,,,,,
247501,2006/07,2007-04-18,"National Cricket Stadium, St George's",1,20.5,Ireland,Sri Lanka,D Langford-Smith,WK McCallan,M Muralitharan,0,0,,,,,,,,,
247501,2006/07,2007-04-18,"National Cricket Stadium, St George's",1,20.6,Ireland,Sri Lanka,D Langford-Smith,WK McCallan,M Muralitharan,0,0,,,,,,,,,
247501,2006/07,2007-04-18,"National Cricket Stadium, St George's",1,21.1,Ireland,Sri Lanka,WK McCallan,D Langford-Smith,MF Maharoof,0,0,,,,,,,,,
247501,2006/07,2007-04-18,"National Cricket Stadium, St George's",1,21.2,Ireland,Sri Lanka,WK McCallan,D Langford-Smith,MF Maharoof,0,0,,,,,,,,,
247501,2006/07,2007-04-18,"National Cricket Stadium, St George's",1,21.3,Ireland,Sri Lanka,WK McCallan,D Langford-Smith,MF Maharoof,0,0,,,,,,,,,
247501,2006/07,2007-04-18,"National Cricket Stadium, St George's",1,21.4,Ireland,Sri Lanka,WK McCallan,D Langford-Smith,MF Maharoof,0,0,,,,,,,,,
247501,2006/07,2007-04-18,"National Cricket Stadium, St George's",1,21.5,Ireland,Sri Lanka,WK McCallan,D Langford-Smith,MF Maharoof,0,0,,,,,,,,,
247501,2006/07,2007-04-18,"National Cricket Stadium, St George's",1,21.6,Ireland,Sri Lanka,WK McCallan,D Langford-Smith,MF Maharoof,0,0,,,,,,,,,
247501,2006/07,2007-04-18,"National Cricket Stadium, St George's",1,22.1,Ireland,Sri Lanka,D Langford-Smith,WK McCallan,M Muralitharan,0,0,,,,,,,,,
247501,2006/07,2007-04-18,"National Cricket Stadium, St George's",1,22.2,Ireland,Sri Lanka,D Langford-Smith,WK McCallan,M Muralitharan,0,0,,,,,,,,,
247501,2006/07,2007-04-18,"National Cricket Stadium, St George's",1,22.3,Ireland,Sri Lanka,D Langford-Smith,WK McCallan,M Muralitharan,1,0,,,,,,,,,
247501,2006/07,2007-04-18,"National Cricket Stadium, St George's",1,22.4,Ireland,Sri Lanka,WK McCallan,D Langford-Smith,M Muralitharan,0,0,,,,,,lbw,WK McCallan,,
247501,2006/07,2007-04-18,"National Cricket Stadium, St George's",1,22.5,Ireland,Sri Lanka,WB Rankin,D Langford-Smith,M Muralitharan,0,0,,,,,,,,,
247501,2006/07,2007-04-18,"National Cricket Stadium, St George's",1,22.6,Ireland,Sri Lanka,WB Rankin,D Langford-Smith,M Muralitharan,0,0,,,,,,,,,
247501,2006/07,2007-04-18,"National Cricket Stadium, St George's",1,23.1,Ireland,Sri Lanka,D Langford-Smith,WB Rankin,MF Maharoof,0,0,,,,,,,,,
247501,2006/07,2007-04-18,"National Cricket Stadium, St George's",1,23.2,Ireland,Sri Lanka,D Langford-Smith,WB Rankin,MF Maharoof,0,0,,,,,,,,,
247501,2006/07,2007-04-18,"National Cricket Stadium, St George's",1,23.3,Ireland,Sri Lanka,D Langford-Smith,WB Rankin,MF Maharoof,6,0,,,,,,,,,
247501,2006/07,2007-04-18,"National Cricket Stadium, St George's",1,23.4,Ireland,Sri Lanka,D Langford-Smith,WB Rankin,MF Maharoof,1,0,,,,,,,,,
247501,2006/07,2007-04-18,"National Cricket Stadium, St George's",1,23.5,Ireland,Sri Lanka,WB Rankin,D Langford-Smith,MF Maharoof,2,0,,,,,,,,,
247501,2006/07,2007-04-18,"National Cricket Stadium, St George's",1,23.6,Ireland,Sri Lanka,WB Rankin,D Langford-Smith,MF Maharoof,0,0,,,,,,,,,
247501,2006/07,2007-04-18,"National Cricket Stadium, St George's",1,24.1,Ireland,Sri Lanka,D Langford-Smith,WB Rankin,M Muralitharan,0,1,1,,,,,,,,
247501,2006/07,2007-04-18,"National Cricket Stadium, St George's",1,24.2,Ireland,Sri Lanka,D Langford-Smith,WB Rankin,M Muralitharan,0,0,,,,,,,,,
247501,2006/07,2007-04-18,"National Cricket Stadium, St George's",1,24.3,Ireland,Sri Lanka,D Langford-Smith,WB Rankin,M Muralitharan,4,0,,,,,,,,,
247501,2006/07,2007-04-18,"National Cricket Stadium, St George's",1,24.4,Ireland,Sri Lanka,D Langford-Smith,WB Rankin,M Muralitharan,0,0,,,,,,,,,
247501,2006/07,2007-04-18,"National Cricket Stadium, St George's",1,24.5,Ireland,Sri Lanka,D Langford-Smith,WB Rankin,M Muralitharan,1,0,,,,,,,,,
247501,2006/07,2007-04-18,"National Cricket Stadium, St George's",1,24.6,Ireland,Sri Lanka,WB Rankin,D Langford-Smith,M Muralitharan,0,0,,,,,,,,,
247501,2006/07,2007-04-18,"National Cricket Stadium, St George's",1,24.7,Ireland,Sri Lanka,WB Rankin,D Langford-Smith,M Muralitharan,0,0,,,,,,,,,
247501,2006/07,2007-04-18,"National Cricket Stadium, St George's",1,25.1,Ireland,Sri Lanka,D Langford-Smith,WB Rankin,MF Maharoof,0,1,,,,1,,,,,
247501,2006/07,2007-04-18,"National Cricket Stadium, St George's",1,25.2,Ireland,Sri Lanka,WB Rankin,D Langford-Smith,MF Maharoof,0,0,,,,,,,,,
247501,2006/07,2007-04-18,"National Cricket Stadium, St George's",1,25.3,Ireland,Sri Lanka,WB Rankin,D Langford-Smith,MF Maharoof,0,0,,,,,,,,,
247501,2006/07,2007-04-18,"National Cricket Stadium, St George's",1,25.4,Ireland,Sri Lanka,WB Rankin,D Langford-Smith,MF Maharoof,0,0,,,,,,,,,
247501,2006/07,2007-04-18,"National Cricket Stadium, St George's",1,25.5,Ireland,Sri Lanka,WB Rankin,D Langford-Smith,MF Maharoof,0,0,,,,,,,,,
247501,2006/07,2007-04-18,"National Cricket Stadium, St George's",1,25.6,Ireland,Sri Lanka,WB Rankin,D Langford-Smith,MF Maharoof,0,0,,,,,,,,,
247501,2006/07,2007-04-18,"National Cricket Stadium, St George's",1,26.1,Ireland,Sri Lanka,D Langford-Smith,WB Rankin,M Muralitharan,0,0,,,,,,,,,
247501,2006/07,2007-04-18,"National Cricket Stadium, St George's",1,26.2,Ireland,Sri Lanka,D Langford-Smith,WB Rankin,M Muralitharan,1,0,,,,,,,,,
247501,2006/07,2007-04-18,"National Cricket Stadium, St George's",1,26.3,Ireland,Sri Lanka,WB Rankin,D Langford-Smith,M Muralitharan,0,0,,,,,,,,,
247501,2006/07,2007-04-18,"National Cricket Stadium, St George's",1,26.4,Ireland,Sri Lanka,WB Rankin,D Langford-Smith,M Muralitharan,4,0,,,,,,,,,
247501,2006/07,2007-04-18,"National Cricket Stadium, St George's",1,26.5,Ireland,Sri Lanka,WB Rankin,D Langford-Smith,M Muralitharan,1,0,,,,,,,,,
247501,2006/07,2007-04-18,"National Cricket Stadium, St George's",1,26.6,Ireland,Sri Lanka,D Langford-Smith,WB Rankin,M Muralitharan,0,0,,,,,,,,,
247501,2006/07,2007-04-18,"National Cricket Stadium, St George's",1,27.1,Ireland,Sri Lanka,WB Rankin,D Langford-Smith,WPUJC Vaas,0,0,,,,,,,,,
247501,2006/07,2007-04-18,"National Cricket Stadium, St George's",1,27.2,Ireland,Sri Lanka,WB Rankin,D Langford-Smith,WPUJC Vaas,0,0,,,,,,,,,
247501,2006/07,2007-04-18,"National Cricket Stadium, St George's",1,27.3,Ireland,Sri Lanka,WB Rankin,D Langford-Smith,WPUJC Vaas,0,1,,,,1,,,,,
247501,2006/07,2007-04-18,"National Cricket Stadium, St George's",1,27.4,Ireland,Sri Lanka,D Langford-Smith,WB Rankin,WPUJC Vaas,0,0,,,,,,lbw,D Langford-Smith,,
247501,2006/07,2007-04-18,"National Cricket Stadium, St George's",2,0.1,Sri Lanka,Ireland,WU Tharanga,ST Jayasuriya,WB Rankin,0,1,,1,,,,,,,
247501,2006/07,2007-04-18,"National Cricket Stadium, St George's",2,0.2,Sri Lanka,Ireland,WU Tharanga,ST Jayasuriya,WB Rankin,0,0,,,,,,,,,
247501,2006/07,2007-04-18,"National Cricket Stadium, St George's",2,0.3,Sri Lanka,Ireland,WU Tharanga,ST Jayasuriya,WB Rankin,0,0,,,,,,,,,
247501,2006/07,2007-04-18,"National Cricket Stadium, St George's",2,0.4,Sri Lanka,Ireland,WU Tharanga,ST Jayasuriya,WB Rankin,0,0,,,,,,,,,
247501,2006/07,2007-04-18,"National Cricket Stadium, St George's",2,0.5,Sri Lanka,Ireland,WU Tharanga,ST Jayasuriya,WB Rankin,0,0,,,,,,,,,
247501,2006/07,2007-04-18,"National Cricket Stadium, St George's",2,0.6,Sri Lanka,Ireland,WU Tharanga,ST Jayasuriya,WB Rankin,0,0,,,,,,,,,
247501,2006/07,2007-04-18,"National Cricket Stadium, St George's",2,0.7,Sri Lanka,Ireland,WU Tharanga,ST Jayasuriya,WB Rankin,0,0,,,,,,caught,WU Tharanga,,
247501,2006/07,2007-04-18,"National Cricket Stadium, St George's",2,1.1,Sri Lanka,Ireland,ST Jayasuriya,KC Sangakkara,D Langford-Smith,1,0,,,,,,,,,
247501,2006/07,2007-04-18,"National Cricket Stadium, St George's",2,1.2,Sri Lanka,Ireland,KC Sangakkara,ST Jayasuriya,D Langford-Smith,4,0,,,,,,,,,
247501,2006/07,2007-04-18,"National Cricket Stadium, St George's",2,1.3,Sri Lanka,Ireland,KC Sangakkara,ST Jayasuriya,D Langford-Smith,0,1,1,,,,,,,,
247501,2006/07,2007-04-18,"National Cricket Stadium, St George's",2,1.4,Sri Lanka,Ireland,KC Sangakkara,ST Jayasuriya,D Langford-Smith,0,0,,,,,,,,,
247501,2006/07,2007-04-18,"National Cricket Stadium, St George's",2,1.5,Sri Lanka,Ireland,KC Sangakkara,ST Jayasuriya,D Langford-Smith,0,0,,,,,,,,,
247501,2006/07,2007-04-18,"National Cricket Stadium, St George's",2,1.6,Sri Lanka,Ireland,KC Sangakkara,ST Jayasuriya,D Langford-Smith,0,1,1,,,,,,,,
247501,2006/07,2007-04-18,"National Cricket Stadium, St George's",2,1.7,Sri Lanka,Ireland,KC Sangakkara,ST Jayasuriya,D Langford-Smith,2,0,,,,,,,,,
247501,2006/07,2007-04-18,"National Cricket Stadium, St George's",2,1.8,Sri Lanka,Ireland,KC Sangakkara,ST Jayasuriya,D Langford-Smith,1,0,,,,,,,,,
247501,2006/07,2007-04-18,"National Cricket Stadium, St George's",2,2.1,Sri Lanka,Ireland,KC Sangakkara,ST Jayasuriya,WB Rankin,1,0,,,,,,,,,
247501,2006/07,2007-04-18,"National Cricket Stadium, St George's",2,2.2,Sri Lanka,Ireland,ST Jayasuriya,KC Sangakkara,WB Rankin,0,0,,,,,,,,,
247501,2006/07,2007-04-18,"National Cricket Stadium, St George's",2,2.3,Sri Lanka,Ireland,ST Jayasuriya,KC Sangakkara,WB Rankin,0,0,,,,,,,,,
247501,2006/07,2007-04-18,"National Cricket Stadium, St George's",2,2.4,Sri Lanka,Ireland,ST Jayasuriya,KC Sangakkara,WB Rankin,0,1,1,,,,,,,,
247501,2006/07,2007-04-18,"National Cricket Stadium, St George's",2,2.5,Sri Lanka,Ireland,ST Jayasuriya,KC Sangakkara,WB Rankin,6,0,,,,,,,,,
247501,2006/07,2007-04-18,"National Cricket Stadium, St George's",2,2.6,Sri Lanka,Ireland,ST Jayasuriya,KC Sangakkara,WB Rankin,0,1,1,,,,,,,,
247501,2006/07,2007-04-18,"National Cricket Stadium, St George's",2,2.7,Sri Lanka,Ireland,ST Jayasuriya,KC Sangakkara,WB Rankin,1,1,,1,,,,,,,
247501,2006/07,2007-04-18,"National Cricket Stadium, St George's",2,2.8,Sri Lanka,Ireland,KC Sangakkara,ST Jayasuriya,WB Rankin,2,0,,,,,,,,,
247501,2006/07,2007-04-18,"National Cricket Stadium, St George's",2,2.9,Sri Lanka,Ireland,KC Sangakkara,ST Jayasuriya,WB Rankin,0,0,,,,,,,,,
247501,2006/07,2007-04-18,"National Cricket Stadium, St George's",2,3.1,Sri Lanka,Ireland,ST Jayasuriya,KC Sangakkara,D Langford-Smith,1,0,,,,,,,,,
247501,2006/07,2007-04-18,"National Cricket Stadium, St George's",2,3.2,Sri Lanka,Ireland,KC Sangakkara,ST Jayasuriya,D Langford-Smith,0,0,,,,,,caught,KC Sangakkara,,
247501,2006/07,2007-04-18,"National Cricket Stadium, St George's",2,3.3,Sri Lanka,Ireland,DPMD Jayawardene,ST Jayasuriya,D Langford-Smith,0,1,1,,,,,,,,
247501,2006/07,2007-04-18,"National Cricket Stadium, St George's",2,3.4,Sri Lanka,Ireland,DPMD Jayawardene,ST Jayasuriya,D Langford-Smith,1,0,,,,,,,,,
247501,2006/07,2007-04-18,"National Cricket Stadium, St George's",2,3.5,Sri Lanka,Ireland,ST Jayasuriya,DPMD Jayawardene,D Langford-Smith,4,0,,,,,,,,,
247501,2006/07,2007-04-18,"National Cricket Stadium, St George's",2,3.6,Sri Lanka,Ireland,ST Jayasuriya,DPMD Jayawardene,D Langford-Smith,0,0,,,,,,,,,
247501,2006/07,2007-04-18,"National Cricket Stadium, St George's",2,3.7,Sri Lanka,Ireland,ST Jayasuriya,DPMD Jayawardene,D Langford-Smith,0,0,,,,,,,,,
247501,2006/07,2007-04-18,"National Cricket Stadium, St George's",2,4.1,Sri Lanka,Ireland,DPMD Jayawardene,ST Jayasuriya,WB Rankin,0,0,,,,,,,,,
247501,2006/07,2007-04-18,"National Cricket Stadium, St George's",2,4.2,Sri Lanka,Ireland,DPMD Jayawardene,ST Jayasuriya,WB Rankin,4,0,,,,,,,,,
247501,2006/07,2007-04-18,"National Cricket Stadium, St George's",2,4.3,Sri Lanka,Ireland,DPMD Jayawardene,ST Jayasuriya,WB Rankin,0,1,,1,,,,,,,
247501,2006/07,2007-04-18,"National Cricket Stadium, St George's",2,4.4,Sri Lanka,Ireland,DPMD Jayawardene,ST Jayasuriya,WB Rankin,1,0,,,,,,,,,
247501,2006/07,2007-04-18,"National Cricket Stadium, St George's",2,4.5,Sri Lanka,Ireland,ST Jayasuriya,DPMD Jayawardene,WB Rankin,4,0,,,,,,,,,
247501,2006/07,2007-04-18,"National Cricket Stadium, St George's",2,4.6,Sri Lanka,Ireland,ST Jayasuriya,DPMD Jayawardene,WB Rankin,0,0,,,,,,,,,
247501,2006/07,2007-04-18,"National Cricket Stadium, St George's",2,4.7,Sri Lanka,Ireland,ST Jayasuriya,DPMD Jayawardene,WB Rankin,0,0,,,,,,,,,
247501,2006/07,2007-04-18,"National Cricket Stadium, St George's",2,5.1,Sri Lanka,Ireland,DPMD Jayawardene,ST Jayasuriya,D Langford-Smith,0,0,,,,,,,,,
247501,2006/07,2007-04-18,"National Cricket Stadium, St George's",2,5.2,Sri Lanka,Ireland,DPMD Jayawardene,ST Jayasuriya,D Langford-Smith,2,0,,,,,,,,,
247501,2006/07,2007-04-18,"National Cricket Stadium, St George's",2,5.3,Sri Lanka,Ireland,DPMD Jayawardene,ST Jayasuriya,D Langford-Smith,4,0,,,,,,,,,
247501,2006/07,2007-04-18,"National Cricket Stadium, St George's",2,5.4,Sri Lanka,Ireland,DPMD Jayawardene,ST Jayasuriya,D Langford-Smith,2,0,,,,,,,,,
247501,2006/07,2007-04-18,"National Cricket Stadium, St George's",2,5.5,Sri Lanka,Ireland,DPMD Jayawardene,ST Jayasuriya,D Langford-Smith,4,0,,,,,,,,,
247501,2006/07,2007-04-18,"National Cricket Stadium, St George's",2,5.6,Sri Lanka,Ireland,DPMD Jayawardene,ST Jayasuriya,D Langford-Smith,0,0,,,,,,,,,
247501,2006/07,2007-04-18,"National Cricket Stadium, St George's",2,6.1,Sri Lanka,Ireland,ST Jayasuriya,DPMD Jayawardene,WB Rankin,2,0,,,,,,,,,
247501,2006/07,2007-04-18,"National Cricket Stadium, St George's",2,6.2,Sri Lanka,Ireland,ST Jayasuriya,DPMD Jayawardene,WB Rankin,1,0,,,,,,,,,
247501,2006/07,2007-04-18,"National Cricket Stadium, St George's",2,6.3,Sri Lanka,Ireland,DPMD Jayawardene,ST Jayasuriya,WB Rankin,6,0,,,,,,,,,
247501,2006/07,2007-04-18,"National Cricket Stadium, St George's",2,6.4,Sri Lanka,Ireland,DPMD Jayawardene,ST Jayasuriya,WB Rankin,2,0,,,,,,,,,
247501,2006/07,2007-04-18,"National Cricket Stadium, St George's",2,6.5,Sri Lanka,Ireland,DPMD Jayawardene,ST Jayasuriya,WB Rankin,0,0,,,,,,,,,
247501,2006/07,2007-04-18,"National Cricket Stadium, St George's",2,6.6,Sri Lanka,Ireland,DPMD Jayawardene,ST Jayasuriya,WB Rankin,1,0,,,,,,,,,
247501,2006/07,2007-04-18,"National Cricket Stadium, St George's",2,7.1,Sri Lanka,Ireland,DPMD Jayawardene,ST Jayasuriya,AC Botha,0,0,,,,,,,,,
247501,2006/07,2007-04-18,"National Cricket Stadium, St George's",2,7.2,Sri Lanka,Ireland,DPMD Jayawardene,ST Jayasuriya,AC Botha,4,0,,,,,,,,,
247501,2006/07,2007-04-18,"National Cricket Stadium, St George's",2,7.3,Sri Lanka,Ireland,DPMD Jayawardene,ST Jayasuriya,AC Botha,0,0,,,,,,,,,
247501,2006/07,2007-04-18,"National Cricket Stadium, St George's",2,7.4,Sri Lanka,Ireland,DPMD Jayawardene,ST Jayasuriya,AC Botha,0,0,,,,,,,,,
247501,2006/07,2007-04-18,"National Cricket Stadium, St George's",2,7.5,Sri Lanka,Ireland,DPMD Jayawardene,ST Jayasuriya,AC Botha,0,0,,,,,,,,,
247501,2006/07,2007-04-18,"National Cricket Stadium, St George's",2,7.6,Sri Lanka,Ireland,DPMD Jayawardene,ST Jayasuriya,AC Botha,0,0,,,,,,,,,
247501,2006/07,2007-04-18,"National Cricket Stadium, St George's",2,8.1,Sri Lanka,Ireland,ST Jayasuriya,DPMD Jayawardene,KJ O'Brien,0,0,,,,,,,,,
247501,2006/07,2007-04-18,"National Cricket Stadium, St George's",2,8.2,Sri Lanka,Ireland,ST Jayasuriya,DPMD Jayawardene,KJ O'Brien,0,0,,,,,,,,,
247501,2006/07,2007-04-18,"National Cricket Stadium, St George's",2,8.3,Sri Lanka,Ireland,ST Jayasuriya,DPMD Jayawardene,KJ O'Brien,0,0,,,,,,,,,
247501,2006/07,2007-04-18,"National Cricket Stadium, St George's",2,8.4,Sri Lanka,Ireland,ST Jayasuriya,DPMD Jayawardene,KJ O'Brien,4,0,,,,,,,,,
247501,2006/07,2007-04-18,"National Cricket Stadium, St George's",2,8.5,Sri Lanka,Ireland,ST Jayasuriya,DPMD Jayawardene,KJ O'Brien,0,0,,,,,,,,,
247501,2006/07,2007-04-18,"National Cricket Stadium, St George's",2,8.6,Sri Lanka,Ireland,ST Jayasuriya,DPMD Jayawardene,KJ O'Brien,0,0,,,,,,,,,
247501,2006/07,2007-04-18,"National Cricket Stadium, St George's",2,9.1,Sri Lanka,Ireland,DPMD Jayawardene,ST Jayasuriya,KED Carroll,0,0,,,,,,,,,
247501,2006/07,2007-04-18,"National Cricket Stadium, St George's",2,9.2,Sri Lanka,Ireland,DPMD Jayawardene,ST Jayasuriya,KED Carroll,4,0,,,,,,,,,
247501,2006/07,2007-04-18,"National Cricket Stadium, St George's",2,9.3,Sri Lanka,Ireland,DPMD Jayawardene,ST Jayasuriya,KED Carroll,0,0,,,,,,,,,
247501,2006/07,2007-04-18,"National Cricket Stadium, St George's",2,9.4,Sri Lanka,Ireland,DPMD Jayawardene,ST Jayasuriya,KED Carroll,0,0,,,,,,,,,
247501,2006/07,2007-04-18,"National Cricket Stadium, St George's",2,9.5,Sri Lanka,Ireland,DPMD Jayawardene,ST Jayasuriya,KED Carroll,0,0,,,,,,,,,
247501,2006/07,2007-04-18,"National Cricket Stadium, St George's",2,9.6,Sri Lanka,Ireland,DPMD Jayawardene,ST Jayasuriya,KED Carroll,4,0,,,,,,,,,
