match_id,season,start_date,venue,innings,ball,batting_team,bowling_team,striker,non_striker,bowler,runs_off_bat,extras,wides,noballs,byes,legbyes,penalty,wicket_type,player_dismissed,other_wicket_type,other_player_dismissed
433599,2010/11,2011-03-20,"MA Chidambaram Stadium, Chepauk",1,0.1,India,West Indies,G Gambhir,SR Tendulkar,R Rampaul,0,5,5,,,,,,,,
433599,2010/11,2011-03-20,"MA Chidambaram Stadium, Chepauk",1,0.2,India,West Indies,G Gambhir,SR Tendulkar,R Rampaul,0,0,,,,,,,,,
433599,2010/11,2011-03-20,"MA Chidambaram Stadium, Chepauk",1,0.3,India,West Indies,G Gambhir,SR Tendulkar,R Rampaul,1,0,,,,,,,,,
433599,2010/11,2011-03-20,"MA Chidambaram Stadium, Chepauk",1,0.4,India,West Indies,SR Tendulkar,G Gambhir,R Rampaul,2,0,,,,,,,,,
433599,2010/11,2011-03-20,"MA Chidambaram Stadium, Chepauk",1,0.5,India,West Indies,SR Tendulkar,G Gambhir,R Rampaul,0,0,,,,,,,,,
433599,2010/11,2011-03-20,"MA Chidambaram Stadium, Chepauk",1,0.6,India,West Indies,SR Tendulkar,G Gambhir,R Rampaul,0,0,,,,,,,,,
433599,2010/11,2011-03-20,"MA Chidambaram Stadium, Chepauk",1,0.7,India,West Indies,SR Tendulkar,G Gambhir,R Rampaul,0,0,,,,,,caught,SR Tendulkar,,
433599,2010/11,2011-03-20,"MA Chidambaram Stadium, Chepauk",1,1.1,India,West Indies,G Gambhir,V Kohli,SJ Benn,1,0,,,,,,,,,
433599,2010/11,2011-03-20,"MA Chidambaram Stadium, Chepauk",1,1.2,India,West Indies,V Kohli,G Gambhir,SJ Benn,0,0,,,,,,,,,
433599,2010/11,2011-03-20,"MA Chidambaram Stadium, Chepauk",1,1.3,India,West Indies,V Kohli,G Gambhir,SJ Benn,0,0,,,,,,,,,
433599,2010/11,2011-03-20,"MA Chidambaram Stadium, Chepauk",1,1.4,India,West Indies,V Kohli,G Gambhir,SJ Benn,1,0,,,,,,,,,
433599,2010/11,2011-03-20,"MA Chidambaram Stadium, Chepauk",1,1.5,India,West Indies,G Gambhir,V Kohli,SJ Benn,0,0,,,,,,,,,
433599,2010/11,2011-03-20,"MA Chidambaram Stadium, Chepauk",1,1.6,India,West Indies,G Gambhir,V Kohli,SJ Benn,4,0,,,,,,,,,
433599,2010/11,2011-03-20,"MA Chidambaram Stadium, Chepauk",1,2.1,India,West Indies,V Kohli,G Gambhir,R Rampaul,0,0,,,,,,,,,
433599,2010/11,2011-03-20,"MA Chidambaram Stadium, Chepauk",1,2.2,India,West Indies,V Kohli,G Gambhir,R Rampaul,1,0,,,,,,,,,
433599,2010/11,2011-03-20,"MA Chidambaram Stadium, Chepauk",1,2.3,India,West Indies,G Gambhir,V Kohli,R Rampaul,1,0,,,,,,,,,
433599,2010/11,2011-03-20,"MA Chidambaram Stadium, Chepauk",1,2.4,India,West Indies,V Kohli,G Gambhir,R Rampaul,0,0,,,,,,,,,
433599,2010/11,2011-03-20,"MA Chidambaram Stadium, Chepauk",1,2.5,India,West Indies,V Kohli,G Gambhir,R Rampaul,1,0,,,,,,,,,
433599,2010/11,2011-03-20,"MA Chidambaram Stadium, Chepauk",1,2.6,India,West Indies,G Gambhir,V Kohli,R Rampaul,0,0,,,,,,,,,
433599,2010/11,2011-03-20,"MA Chidambaram Stadium, Chepauk",1,3.1,India,West Indies,V Kohli,G Gambhir,SJ Benn,0,0,,,,,,,,,
433599,2010/11,2011-03-20,"MA Chidambaram Stadium, Chepauk",1,3.2,India,West Indies,V Kohli,G Gambhir,SJ Benn,1,0,,,,,,,,,
433599,2010/11,2011-03-20,"MA Chidambaram Stadium, Chepauk",1,3.3,India,West Indies,G Gambhir,V Kohli,SJ Benn,0,0,,,,,,,,,
433599,2010/11,2011-03-20,"MA Chidambaram Stadium, Chepauk",1,3.4,India,West Indies,G Gambhir,V Kohli,SJ Benn,0,0,,,,,,,,,
433599,2010/11,2011-03-20,"MA Chidambaram Stadium, Chepauk",1,3.5,India,West Indies,G Gambhir,V Kohli,SJ Benn,4,0,,,,,,,,,
433599,2010/11,2011-03-20,"MA Chidambaram Stadium, Chepauk",1,3.6,India,West Indies,G Gambhir,V Kohli,SJ Benn,0,0,,,,,,,,,
433599,2010/11,2011-03-20,"MA Chidambaram Stadium, Chepauk",1,4.1,India,West Indies,V Kohli,G Gambhir,R Rampaul,1,0,,,,,,,,,
433599,2010/11,2011-03-20,"MA Chidambaram Stadium, Chepauk",1,4.2,India,West Indies,G Gambhir,V Kohli,R Rampaul,0,0,,,,,,,,,
433599,2010/11,2011-03-20,"MA Chidambaram Stadium, Chepauk",1,4.3,India,West Indies,G Gambhir,V Kohli,R Rampaul,0,0,,,,,,,,,
433599,2010/11,2011-03-20,"MA Chidambaram Stadium, Chepauk",1,4.4,India,West Indies,G Gambhir,V Kohli,R Rampaul,0,0,,,,,,,,,
433599,2010/11,2011-03-20,"MA Chidambaram Stadium, Chepauk",1,4.5,India,West Indies,G Gambhir,V Kohli,R Rampaul,4,0,,,,,,,,,
433599,2010/11,2011-03-20,"MA Chidambaram Stadium, Chepauk",1,4.6,India,West Indies,G Gambhir,V Kohli,R Rampaul,1,0,,,,,,,,,
433599,2010/11,2011-03-20,"MA Chidambaram Stadium, Chepauk",1,5.1,India,West Indies,G Gambhir,V Kohli,SJ Benn,1,0,,,,,,,,,
433599,2010/11,2011-03-20,"MA Chidambaram Stadium, Chepauk",1,5.2,India,West Indies,V Kohli,G Gambhir,SJ Benn,0,0,,,,,,,,,
433599,2010/11,2011-03-20,"MA Chidambaram Stadium, Chepauk",1,5.3,India,West Indies,V Kohli,G Gambhir,SJ Benn,0,0,,,,,,,,,
433599,2010/11,2011-03-20,"MA Chidambaram Stadium, Chepauk",1,5.4,India,West Indies,V Kohli,G Gambhir,SJ Benn,4,0,,,,,,,,,
433599,2010/11,2011-03-20,"MA Chidambaram Stadium, Chepauk",1,5.5,India,West Indies,V Kohli,G Gambhir,SJ Benn,4,0,,,,,,,,,
433599,2010/11,2011-03-20,"MA Chidambaram Stadium, Chepauk",1,5.6,India,West Indies,V Kohli,G Gambhir,SJ Benn,1,0,,,,,,,,,
433599,2010/11,2011-03-20,"MA Chidambaram Stadium, Chepauk",1,6.1,India,West Indies,V Kohli,G Gambhir,R Rampaul,0,0,,,,,,,,,
433599,2010/11,2011-03-20,"MA Chidambaram Stadium, Chepauk",1,6.2,India,West Indies,V Kohli,G Gambhir,R Rampaul,1,0,,,,,,,,,
433599,2010/11,2011-03-20,"MA Chidambaram Stadium, Chepauk",1,6.3,India,West Indies,G Gambhir,V Kohli,R Rampaul,0,0,,,,,,,,,
433599,2010/11,2011-03-20,"MA Chidambaram Stadium, Chepauk",1,6.4,India,West Indies,G Gambhir,V Kohli,R Rampaul,0,0,,,,,,,,,
433599,2010/11,2011-03-20,"MA Chidambaram Stadium, Chepauk",1,6.5,India,West Indies,G Gambhir,V Kohli,R Rampaul,4,0,,,,,,,,,
433599,2010/11,2011-03-20,"MA Chidambaram Stadium, Chepauk",1,6.6,India,West Indies,G Gambhir,V Kohli,R Rampaul,0,0,,,,,,,,,
433599,2010/11,2011-03-20,"MA Chidambaram Stadium, Chepauk",1,7.1,India,West Indies,V Kohli,G Gambhir,AD Russell,0,0,,,,,,,,,
433599,2010/11,2011-03-20,"MA Chidambaram Stadium, Chepauk",1,7.2,India,West Indies,V Kohli,G Gambhir,AD Russell,1,0,,,,,,,,,
433599,2010/11,2011-03-20,"MA Chidambaram Stadium, Chepauk",1,7.3,India,West Indies,G Gambhir,V Kohli,AD Russell,1,0,,,,,,,,,
433599,2010/11,2011-03-20,"MA Chidambaram Stadium, Chepauk",1,7.4,India,West Indies,V Kohli,G Gambhir,AD Russell,1,0,,,,,,,,,
433599,2010/11,2011-03-20,"MA Chidambaram Stadium, Chepauk",1,7.5,India,West Indies,G Gambhir,V Kohli,AD Russell,0,0,,,,,,,,,
433599,2010/11,2011-03-20,"MA Chidambaram Stadium, Chepauk",1,7.6,India,West Indies,G Gambhir,V Kohli,AD Russell,0,4,,,4,,,,,,
433599,2010/11,2011-03-20,"MA Chidambaram Stadium, Chepauk",1,8.1,India,West Indies,V Kohli,G Gambhir,R Rampaul,1,0,,,,,,,,,
433599,2010/11,2011-03-20,"MA Chidambaram Stadium, Chepauk",1,8.2,India,West Indies,G Gambhir,V Kohli,R Rampaul,0,0,,,,,,,,,
433599,2010/11,2011-03-20,"MA Chidambaram Stadium, Chepauk",1,8.3,India,West Indies,G Gambhir,V Kohli,R Rampaul,0,0,,,,,,caught,G Gambhir,,
433599,2010/11,2011-03-20,"MA Chidambaram Stadium, Chepauk",1,8.4,India,West Indies,V Kohli,Yuvraj Singh,R Rampaul,0,0,,,,,,,,,
433599,2010/11,2011-03-20,"MA Chidambaram Stadium, Chepauk",1,8.5,India,West Indies,V Kohli,Yuvraj Singh,R Rampaul,2,0,,,,,,,,,
433599,2010/11,2011-03-20,"MA Chidambaram Stadium, Chepauk",1,8.6,India,West Indies,V Kohli,Yuvraj Singh,R Rampaul,0,0,,,,,,,,,
433599,2010/11,2011-03-20,"MA Chidambaram Stadium, Chepauk",1,9.1,India,West Indies,Yuvraj Singh,V Kohli,AD Russell,0,0,,,,,,,,,
433599,2010/11,2011-03-20,"MA Chidambaram Stadium, Chepauk",1,9.2,India,West Indies,Yuvraj Singh,V Kohli,AD Russell,0,0,,,,,,,,,
433599,2010/11,2011-03-20,"MA Chidambaram Stadium, Chepauk",1,9.3,India,West Indies,Yuvraj Singh,V Kohli,AD Russell,0,0,,,,,,,,,
433599,2010/11,2011-03-20,"MA Chidambaram Stadium, Chepauk",1,9.4,India,West Indies,Yuvraj Singh,V Kohli,AD Russell,0,0,,,,,,,,,
433599,2010/11,2011-03-20,"MA Chidambaram Stadium, Chepauk",1,9.5,India,West Indies,Yuvraj Singh,V Kohli,AD Russell,0,0,,,,,,,,,
433599,2010/11,2011-03-20,"MA Chidambaram Stadium, Chepauk",1,9.6,India,West Indies,Yuvraj Singh,V Kohli,AD Russell,0,0,,,,,,,,,
433599,2010/11,2011-03-20,"MA Chidambaram Stadium, Chepauk",1,10.1,India,West Indies,V Kohli,Yuvraj Singh,R Rampaul,1,0,,,,,,,,,
433599,2010/11,2011-03-20,"MA Chidambaram Stadium, Chepauk",1,10.2,India,West Indies,Yuvraj Singh,V Kohli,R Rampaul,0,0,,,,,,,,,
433599,2010/11,2011-03-20,"MA Chidambaram Stadium, Chepauk",1,10.3,India,West Indies,Yuvraj Singh,V Kohli,R Rampaul,4,0,,,,,,,,,
433599,2010/11,2011-03-20,"MA Chidambaram Stadium, Chepauk",1,10.4,India,West Indies,Yuvraj Singh,V Kohli,R Rampaul,0,0,,,,,,,,,
433599,2010/11,2011-03-20,"MA Chidambaram Stadium, Chepauk",1,10.5,India,West Indies,Yuvraj Singh,V Kohli,R Rampaul,0,0,,,,,,,,,
433599,2010/11,2011-03-20,"MA Chidambaram Stadium, Chepauk",1,10.6,India,West Indies,Yuvraj Singh,V Kohli,R Rampaul,0,0,,,,,,,,,
433599,2010/11,2011-03-20,"MA Chidambaram Stadium, Chepauk",1,11.1,India,West Indies,V Kohli,Yuvraj Singh,AD Russell,1,0,,,,,,,,,
433599,2010/11,2011-03-20,"MA Chidambaram Stadium, Chepauk",1,11.2,India,West Indies,Yuvraj Singh,V Kohli,AD Russell,4,0,,,,,,,,,
433599,2010/11,2011-03-20,"MA Chidambaram Stadium, Chepauk",1,11.3,India,West Indies,Yuvraj Singh,V Kohli,AD Russell,1,0,,,,,,,,,
433599,2010/11,2011-03-20,"MA Chidambaram Stadium, Chepauk",1,11.4,India,West Indies,V Kohli,Yuvraj Singh,AD Russell,0,0,,,,,,,,,
433599,2010/11,2011-03-20,"MA Chidambaram Stadium, Chepauk",1,11.5,India,West Indies,V Kohli,Yuvraj Singh,AD Russell,1,0,,,,,,,,,
433599,2010/11,2011-03-20,"MA Chidambaram Stadium, Chepauk",1,11.6,India,West Indies,Yuvraj Singh,V Kohli,AD Russell,2,0,,,,,,,,,
433599,2010/11,2011-03-20,"MA Chidambaram Stadium, Chepauk",1,12.1,India,West Indies,V Kohli,Yuvraj Singh,DJG Sammy,0,0,,,,,,,,,
433599,2010/11,2011-03-20,"MA Chidambaram Stadium, Chepauk",1,12.2,India,West Indies,V Kohli,Yuvraj Singh,DJG Sammy,1,0,,,,,,,,,
433599,2010/11,2011-03-20,"MA Chidambaram Stadium, Chepauk",1,12.3,India,West Indies,Yuvraj Singh,V Kohli,DJG Sammy,2,0,,,,,,,,,
433599,2010/11,2011-03-20,"MA Chidambaram Stadium, Chepauk",1,12.4,India,West Indies,Yuvraj Singh,V Kohli,DJG Sammy,0,0,,,,,,,,,
433599,2010/11,2011-03-20,"MA Chidambaram Stadium, Chepauk",1,12.5,India,West Indies,Yuvraj Singh,V Kohli,DJG Sammy,0,0,,,,,,,,,
433599,2010/11,2011-03-20,"MA Chidambaram Stadium, Chepauk",1,12.6,India,West Indies,Yuvraj Singh,V Kohli,DJG Sammy,0,0,,,,,,,,,
433599,2010/11,2011-03-20,"MA Chidambaram Stadium, Chepauk",1,13.1,India,West Indies,V Kohli,Yuvraj Singh,AD Russell,0,1,,,,1,,,,,
433599,2010/11,2011-03-20,"MA Chidambaram Stadium, Chepauk",1,13.2,India,West Indies,Yuvraj Singh,V Kohli,AD Russell,1,0,,,,,,,,,
433599,2010/11,2011-03-20,"MA Chidambaram Stadium, Chepauk",1,13.3,India,West Indies,V Kohli,Yuvraj Singh,AD Russell,1,0,,,,,,,,,
433599,2010/11,2011-03-20,"MA Chidambaram Stadium, Chepauk",1,13.4,India,West Indies,Yuvraj Singh,V Kohli,AD Russell,0,0,,,,,,,,,
433599,2010/11,2011-03-20,"MA Chidambaram Stadium, Chepauk",1,13.5,India,West Indies,Yuvraj Singh,V Kohli,AD Russell,0,0,,,,,,,,,
433599,2010/11,2011-03-20,"MA Chidambaram Stadium, Chepauk",1,13.6,India,West Indies,Yuvraj Singh,V Kohli,AD Russell,0,0,,,,,,,,,
433599,2010/11,2011-03-20,"MA Chidambaram Stadium, Chepauk",1,14.1,India,West Indies,V Kohli,Yuvraj Singh,DJG Sammy,2,0,,,,,,,,,
433599,2010/11,2011-03-20,"MA Chidambaram Stadium, Chepauk",1,14.2,India,West Indies,V Kohli,Yuvraj Singh,DJG Sammy,0,0,,,,,,,,,
433599,2010/11,2011-03-20,"MA Chidambaram Stadium, Chepauk",1,14.3,India,West Indies,V Kohli,Yuvraj Singh,DJG Sammy,1,0,,,,,,,,,
433599,2010/11,2011-03-20,"MA Chidambaram Stadium, Chepauk",1,14.4,India,West Indies,Yuvraj Singh,V Kohli,DJG Sammy,4,0,,,,,,,,,
433599,2010/11,2011-03-20,"MA Chidambaram Stadium, Chepauk",1,14.5,India,West Indies,Yuvraj Singh,V Kohli,DJG Sammy,0,0,,,,,,,,,
433599,2010/11,2011-03-20,"MA Chidambaram Stadium, Chepauk",1,14.6,India,West Indies,Yuvraj Singh,V Kohli,DJG Sammy,1,0,,,,,,,,,
433599,2010/11,2011-03-20,"MA Chidambaram Stadium, Chepauk",1,15.1,India,West Indies,Yuvraj Singh,V Kohli,D Bishoo,0,0,,,,,,,,,
433599,2010/11,2011-03-20,"MA Chidambaram Stadium, Chepauk",1,15.2,India,West Indies,Yuvraj Singh,V Kohli,D Bishoo,0,0,,,,,,,,,
433599,2010/11,2011-03-20,"MA Chidambaram Stadium, Chepauk",1,15.3,India,West Indies,Yuvraj Singh,V Kohli,D Bishoo,0,0,,,,,,,,,
433599,2010/11,2011-03-20,"MA Chidambaram Stadium, Chepauk",1,15.4,India,West Indies,Yuvraj Singh,V Kohli,D Bishoo,1,0,,,,,,,,,
433599,2010/11,2011-03-20,"MA Chidambaram Stadium, Chepauk",1,15.5,India,West Indies,V Kohli,Yuvraj Singh,D Bishoo,0,0,,,,,,,,,
433599,2010/11,2011-03-20,"MA Chidambaram Stadium, Chepauk",1,15.6,India,West Indies,V Kohli,Yuvraj Singh,D Bishoo,4,0,,,,,,,,,
433599,2010/11,2011-03-20,"MA Chidambaram Stadium, Chepauk",1,16.1,India,West Indies,Yuvraj Singh,V Kohli,DJG Sammy,0,0,,,,,,,,,
433599,2010/11,2011-03-20,"MA Chidambaram Stadium, Chepauk",1,16.2,India,West Indies,Yuvraj Singh,V Kohli,DJG Sammy,1,0,,,,,,,,,
433599,2010/11,2011-03-20,"MA Chidambaram Stadium, Chepauk",1,16.3,India,West Indies,V Kohli,Yuvraj Singh,DJG Sammy,1,0,,,,,,,,,
433599,2010/11,2011-03-20,"MA Chidambaram Stadium, Chepauk",1,16.4,India,West Indies,Yuvraj Singh,V Kohli,DJG Sammy,0,0,,,,,,,,,
433599,2010/11,2011-03-20,"MA Chidambaram Stadium, Chepauk",1,16.5,India,West Indies,Yuvraj Singh,V Kohli,DJG Sammy,0,0,,,,,,,,,
433599,2010/11,2011-03-20,"MA Chidambaram Stadium, Chepauk",1,16.6,India,West Indies,Yuvraj Singh,V Kohli,DJG Sammy,1,0,,,,,,,,,
433599,2010/11,2011-03-20,"MA Chidambaram Stadium, Chepauk",1,17.1,India,West Indies,Yuvraj Singh,V Kohli,D Bishoo,0,0,,,,,,,,,
433599,2010/11,2011-03-20,"MA Chidambaram Stadium, Chepauk",1,17.2,India,West Indies,Yuvraj Singh,V Kohli,D Bishoo,0,0,,,,,,,,,
433599,2010/11,2011-03-20,"MA Chidambaram Stadium, Chepauk",1,17.3,India,West Indies,Yuvraj Singh,V Kohli,D Bishoo,0,0,,,,,,,,,
433599,2010/11,2011-03-20,"MA Chidambaram Stadium, Chepauk",1,17.4,India,West Indies,Yuvraj Singh,V Kohli,D Bishoo,1,0,,,,,,,,,
433599,2010/11,2011-03-20,"MA Chidambaram Stadium, Chepauk",1,17.5,India,West Indies,V Kohli,Yuvraj Singh,D Bishoo,0,0,,,,,,,,,
433599,2010/11,2011-03-20,"MA Chidambaram Stadium, Chepauk",1,17.6,India,West Indies,V Kohli,Yuvraj Singh,D Bishoo,1,0,,,,,,,,,
433599,2010/11,2011-03-20,"MA Chidambaram Stadium, Chepauk",1,18.1,India,West Indies,V Kohli,Yuvraj Singh,DJG Sammy,1,0,,,,,,,,,
433599,2010/11,2011-03-20,"MA Chidambaram Stadium, Chepauk",1,18.2,India,West Indies,Yuvraj Singh,V Kohli,DJG Sammy,1,0,,,,,,,,,
433599,2010/11,2011-03-20,"MA Chidambaram Stadium, Chepauk",1,18.3,India,West Indies,V Kohli,Yuvraj Singh,DJG Sammy,0,0,,,,,,,,,
433599,2010/11,2011-03-20,"MA Chidambaram Stadium, Chepauk",1,18.4,India,West Indies,V Kohli,Yuvraj Singh,DJG Sammy,0,0,,,,,,,,,
433599,2010/11,2011-03-20,"MA Chidambaram Stadium, Chepauk",1,18.5,India,West Indies,V Kohli,Yuvraj Singh,DJG Sammy,1,0,,,,,,,,,
433599,2010/11,2011-03-20,"MA Chidambaram Stadium, Chepauk",1,18.6,India,West Indies,Yuvraj Singh,V Kohli,DJG Sammy,1,0,,,,,,,,,
433599,2010/11,2011-03-20,"MA Chidambaram Stadium, Chepauk",1,19.1,India,West Indies,Yuvraj Singh,V Kohli,D Bishoo,1,0,,,,,,,,,
433599,2010/11,2011-03-20,"MA Chidambaram Stadium, Chepauk",1,19.2,India,West Indies,V Kohli,Yuvraj Singh,D Bishoo,0,0,,,,,,,,,
433599,2010/11,2011-03-20,"MA Chidambaram Stadium, Chepauk",1,19.3,India,West Indies,V Kohli,Yuvraj Singh,D Bishoo,0,0,,,,,,,,,
433599,2010/11,2011-03-20,"MA Chidambaram Stadium, Chepauk",1,19.4,India,West Indies,V Kohli,Yuvraj Singh,D Bishoo,1,0,,,,,,,,,
433599,2010/11,2011-03-20,"MA Chidambaram Stadium, Chepauk",1,19.5,India,West Indies,Yuvraj Singh,V Kohli,D Bishoo,0,0,,,,,,,,,
433599,2010/11,2011-03-20,"MA Chidambaram Stadium, Chepauk",1,19.6,India,West Indies,Yuvraj Singh,V Kohli,D Bishoo,0,0,,,,,,,,,
433599,2010/11,2011-03-20,"MA Chidambaram Stadium, Chepauk",1,20.1,India,West Indies,V Kohli,Yuvraj Singh,DJG Sammy,0,0,,,,,,,,,
433599,2010/11,2011-03-20,"MA Chidambaram Stadium, Chepauk",1,20.2,India,West Indies,V Kohli,Yuvraj Singh,DJG Sammy,0,0,,,,,,,,,
433599,2010/11,2011-03-20,"MA Chidambaram Stadium, Chepauk",1,20.3,India,West Indies,V Kohli,Yuvraj Singh,DJG Sammy,1,0,,,,,,,,,
433599,2010/11,2011-03-20,"MA Chidambaram Stadium, Chepauk",1,20.4,India,West Indies,Yuvraj Singh,V Kohli,DJG Sammy,6,0,,,,,,,,,
433599,2010/11,2011-03-20,"MA Chidambaram Stadium, Chepauk",1,20.5,India,West Indies,Yuvraj Singh,V Kohli,DJG Sammy,0,0,,,,,,,,,
433599,2010/11,2011-03-20,"MA Chidambaram Stadium, Chepauk",1,20.6,India,West Indies,Yuvraj Singh,V Kohli,DJG Sammy,0,0,,,,,,,,,
433599,2010/11,2011-03-20,"MA Chidambaram Stadium, Chepauk",1,21.1,India,West Indies,V Kohli,Yuvraj Singh,D Bishoo,1,0,,,,,,,,,
433599,2010/11,2011-03-20,"MA Chidambaram Stadium, Chepauk",1,21.2,India,West Indies,Yuvraj Singh,V Kohli,D Bishoo,0,0,,,,,,,,,
433599,2010/11,2011-03-20,"MA Chidambaram Stadium, Chepauk",1,21.3,India,West Indies,Yuvraj Singh,V Kohli,D Bishoo,0,0,,,,,,,,,
433599,2010/11,2011-03-20,"MA Chidambaram Stadium, Chepauk",1,21.4,India,West Indies,Yuvraj Singh,V Kohli,D Bishoo,4,0,,,,,,,,,
433599,2010/11,2011-03-20,"MA Chidambaram Stadium, Chepauk",1,21.5,India,West Indies,Yuvraj Singh,V Kohli,D Bishoo,1,0,,,,,,,,,
433599,2010/11,2011-03-20,"MA Chidambaram Stadium, Chepauk",1,21.6,India,West Indies,V Kohli,Yuvraj Singh,D Bishoo,0,0,,,,,,,,,
433599,2010/11,2011-03-20,"MA Chidambaram Stadium, Chepauk",1,22.1,India,West Indies,Yuvraj Singh,V Kohli,KA Pollard,1,0,,,,,,,,,
433599,2010/11,2011-03-20,"MA Chidambaram Stadium, Chepauk",1,22.2,India,West Indies,V Kohli,Yuvraj Singh,KA Pollard,0,0,,,,,,,,,
433599,2010/11,2011-03-20,"MA Chidambaram Stadium, Chepauk",1,22.3,India,West Indies,V Kohli,Yuvraj Singh,KA Pollard,1,0,,,,,,,,,
433599,2010/11,2011-03-20,"MA Chidambaram Stadium, Chepauk",1,22.4,India,West Indies,Yuvraj Singh,V Kohli,KA Pollard,1,0,,,,,,,,,
433599,2010/11,2011-03-20,"MA Chidambaram Stadium, Chepauk",1,22.5,India,West Indies,V Kohli,Yuvraj Singh,KA Pollard,1,0,,,,,,,,,
433599,2010/11,2011-03-20,"MA Chidambaram Stadium, Chepauk",1,22.6,India,West Indies,Yuvraj Singh,V Kohli,KA Pollard,0,0,,,,,,,,,
433599,2010/11,2011-03-20,"MA Chidambaram Stadium, Chepauk",1,23.1,India,West Indies,V Kohli,Yuvraj Singh,D Bishoo,1,0,,,,,,,,,
433599,2010/11,2011-03-20,"MA Chidambaram Stadium, Chepauk",1,23.2,India,West Indies,Yuvraj Singh,V Kohli,D Bishoo,0,0,,,,,,,,,
433599,2010/11,2011-03-20,"MA Chidambaram Stadium, Chepauk",1,23.3,India,West Indies,Yuvraj Singh,V Kohli,D Bishoo,2,0,,,,,,,,,
433599,2010/11,2011-03-20,"MA Chidambaram Stadium, Chepauk",1,23.4,India,West Indies,Yuvraj Singh,V Kohli,D Bishoo,0,0,,,,,,,,,
433599,2010/11,2011-03-20,"MA Chidambaram Stadium, Chepauk",1,23.5,India,West Indies,Yuvraj Singh,V Kohli,D Bishoo,1,0,,,,,,,,,
433599,2010/11,2011-03-20,"MA Chidambaram Stadium, Chepauk",1,23.6,India,West Indies,V Kohli,Yuvraj Singh,D Bishoo,0,0,,,,,,,,,
433599,2010/11,2011-03-20,"MA Chidambaram Stadium, Chepauk",1,24.1,India,West Indies,Yuvraj Singh,V Kohli,KA Pollard,1,0,,,,,,,,,
433599,2010/11,2011-03-20,"MA Chidambaram Stadium, Chepauk",1,24.2,India,West Indies,V Kohli,Yuvraj Singh,KA Pollard,4,0,,,,,,,,,
433599,2010/11,2011-03-20,"MA Chidambaram Stadium, Chepauk",1,24.3,India,West Indies,V Kohli,Yuvraj Singh,KA Pollard,0,0,,,,,,,,,
433599,2010/11,2011-03-20,"MA Chidambaram Stadium, Chepauk",1,24.4,India,West Indies,V Kohli,Yuvraj Singh,KA Pollard,0,0,,,,,,,,,
433599,2010/11,2011-03-20,"MA Chidambaram Stadium, Chepauk",1,24.5,India,West Indies,V Kohli,Yuvraj Singh,KA Pollard,0,0,,,,,,,,,
433599,2010/11,2011-03-20,"MA Chidambaram Stadium, Chepauk",1,24.6,India,West Indies,V Kohli,Yuvraj Singh,KA Pollard,0,0,,,,,,,,,
433599,2010/11,2011-03-20,"MA Chidambaram Stadium, Chepauk",1,25.1,India,West Indies,Yuvraj Singh,V Kohli,D Bishoo,4,0,,,,,,,,,
433599,2010/11,2011-03-20,"MA Chidambaram Stadium, Chepauk",1,25.2,India,West Indies,Yuvraj Singh,V Kohli,D Bishoo,4,0,,,,,,,,,
433599,2010/11,2011-03-20,"MA Chidambaram Stadium, Chepauk",1,25.3,India,West Indies,Yuvraj Singh,V Kohli,D Bishoo,2,0,,,,,,,,,
433599,2010/11,2011-03-20,"MA Chidambaram Stadium, Chepauk",1,25.4,India,West Indies,Yuvraj Singh,V Kohli,D Bishoo,0,0,,,,,,,,,
433599,2010/11,2011-03-20,"MA Chidambaram Stadium, Chepauk",1,25.5,India,West Indies,Yuvraj Singh,V Kohli,D Bishoo,0,0,,,,,,,,,
433599,2010/11,2011-03-20,"MA Chidambaram Stadium, Chepauk",1,25.6,India,West Indies,Yuvraj Singh,V Kohli,D Bishoo,1,0,,,,,,,,,
433599,2010/11,2011-03-20,"MA Chidambaram Stadium, Chepauk",1,26.1,India,West Indies,Yuvraj Singh,V Kohli,KA Pollard,0,0,,,,,,,,,
433599,2010/11,2011-03-20,"MA Chidambaram Stadium, Chepauk",1,26.2,India,West Indies,Yuvraj Singh,V Kohli,KA Pollard,0,0,,,,,,,,,
433599,2010/11,2011-03-20,"MA Chidambaram Stadium, Chepauk",1,26.3,India,West Indies,Yuvraj Singh,V Kohli,KA Pollard,0,0,,,,,,,,,
433599,2010/11,2011-03-20,"MA Chidambaram Stadium, Chepauk",1,26.4,India,West Indies,Yuvraj Singh,V Kohli,KA Pollard,2,0,,,,,,,,,
433599,2010/11,2011-03-20,"MA Chidambaram Stadium, Chepauk",1,26.5,India,West Indies,Yuvraj Singh,V Kohli,KA Pollard,0,0,,,,,,,,,
433599,2010/11,2011-03-20,"MA Chidambaram Stadium, Chepauk",1,26.6,India,West Indies,Yuvraj Singh,V Kohli,KA Pollard,1,0,,,,,,,,,
433599,2010/11,2011-03-20,"MA Chidambaram Stadium, Chepauk",1,27.1,India,West Indies,Yuvraj Singh,V Kohli,SJ Benn,4,0,,,,,,,,,
433599,2010/11,2011-03-20,"MA Chidambaram Stadium, Chepauk",1,27.2,India,West Indies,Yuvraj Singh,V Kohli,SJ Benn,4,0,,,,,,,,,
433599,2010/11,2011-03-20,"MA Chidambaram Stadium, Chepauk",1,27.3,India,West Indies,Yuvraj Singh,V Kohli,SJ Benn,0,0,,,,,,,,,
433599,2010/11,2011-03-20,"MA Chidambaram Stadium, Chepauk",1,27.4,India,West Indies,Yuvraj Singh,V Kohli,SJ Benn,1,0,,,,,,,,,
433599,2010/11,2011-03-20,"MA Chidambaram Stadium, Chepauk",1,27.5,India,West Indies,V Kohli,Yuvraj Singh,SJ Benn,1,0,,,,,,,,,
433599,2010/11,2011-03-20,"MA Chidambaram Stadium, Chepauk",1,27.6,India,West Indies,Yuvraj Singh,V Kohli,SJ Benn,1,0,,,,,,,,,
433599,2010/11,2011-03-20,"MA Chidambaram Stadium, Chepauk",1,28.1,India,West Indies,Yuvraj Singh,V Kohli,KA Pollard,1,0,,,,,,,,,
433599,2010/11,2011-03-20,"MA Chidambaram Stadium, Chepauk",1,28.2,India,West Indies,V Kohli,Yuvraj Singh,KA Pollard,4,0,,,,,,,,,
433599,2010/11,2011-03-20,"MA Chidambaram Stadium, Chepauk",1,28.3,India,West Indies,V Kohli,Yuvraj Singh,KA Pollard,0,0,,,,,,,,,
433599,2010/11,2011-03-20,"MA Chidambaram Stadium, Chepauk",1,28.4,India,West Indies,V Kohli,Yuvraj Singh,KA Pollard,1,0,,,,,,,,,
433599,2010/11,2011-03-20,"MA Chidambaram Stadium, Chepauk",1,28.5,India,West Indies,Yuvraj Singh,V Kohli,KA Pollard,0,0,,,,,,,,,
433599,2010/11,2011-03-20,"MA Chidambaram Stadium, Chepauk",1,28.6,India,West Indies,Yuvraj Singh,V Kohli,KA Pollard,1,0,,,,,,,,,
433599,2010/11,2011-03-20,"MA Chidambaram Stadium, Chepauk",1,29.1,India,West Indies,Yuvraj Singh,V Kohli,AD Russell,1,0,,,,,,,,,
433599,2010/11,2011-03-20,"MA Chidambaram Stadium, Chepauk",1,29.2,India,West Indies,V Kohli,Yuvraj Singh,AD Russell,0,1,1,,,,,,,,
433599,2010/11,2011-03-20,"MA Chidambaram Stadium, Chepauk",1,29.3,India,West Indies,V Kohli,Yuvraj Singh,AD Russell,1,0,,,,,,,,,
433599,2010/11,2011-03-20,"MA Chidambaram Stadium, Chepauk",1,29.4,India,West Indies,Yuvraj Singh,V Kohli,AD Russell,0,0,,,,,,,,,
433599,2010/11,2011-03-20,"MA Chidambaram Stadium, Chepauk",1,29.5,India,West Indies,Yuvraj Singh,V Kohli,AD Russell,1,0,,,,,,,,,
433599,2010/11,2011-03-20,"MA Chidambaram Stadium, Chepauk",1,29.6,India,West Indies,V Kohli,Yuvraj Singh,AD Russell,1,0,,,,,,,,,
433599,2010/11,2011-03-20,"MA Chidambaram Stadium, Chepauk",1,29.7,India,West Indies,Yuvraj Singh,V Kohli,AD Russell,0,0,,,,,,,,,
433599,2010/11,2011-03-20,"MA Chidambaram Stadium, Chepauk",1,30.1,India,West Indies,V Kohli,Yuvraj Singh,R Rampaul,1,0,,,,,,,,,
433599,2010/11,2011-03-20,"MA Chidambaram Stadium, Chepauk",1,30.2,India,West Indies,Yuvraj Singh,V Kohli,R Rampaul,1,0,,,,,,,,,
433599,2010/11,2011-03-20,"MA Chidambaram Stadium, Chepauk",1,30.3,India,West Indies,V Kohli,Yuvraj Singh,R Rampaul,0,0,,,,,,,,,
433599,2010/11,2011-03-20,"MA Chidambaram Stadium, Chepauk",1,30.4,India,West Indies,V Kohli,Yuvraj Singh,R Rampaul,1,0,,,,,,,,,
433599,2010/11,2011-03-20,"MA Chidambaram Stadium, Chepauk",1,30.5,India,West Indies,Yuvraj Singh,V Kohli,R Rampaul,1,0,,,,,,,,,
433599,2010/11,2011-03-20,"MA Chidambaram Stadium, Chepauk",1,30.6,India,West Indies,V Kohli,Yuvraj Singh,R Rampaul,1,0,,,,,,,,,
433599,2010/11,2011-03-20,"MA Chidambaram Stadium, Chepauk",1,31.1,India,West Indies,V Kohli,Yuvraj Singh,AD Russell,0,1,1,,,,,,,,
433599,2010/11,2011-03-20,"MA Chidambaram Stadium, Chepauk",1,31.2,India,West Indies,V Kohli,Yuvraj Singh,AD Russell,1,0,,,,,,,,,
433599,2010/11,2011-03-20,"MA Chidambaram Stadium, Chepauk",1,31.3,India,West Indies,Yuvraj Singh,V Kohli,AD Russell,0,0,,,,,,,,,
433599,2010/11,2011-03-20,"MA Chidambaram Stadium, Chepauk",1,31.4,India,West Indies,Yuvraj Singh,V Kohli,AD Russell,2,0,,,,,,,,,
433599,2010/11,2011-03-20,"MA Chidambaram Stadium, Chepauk",1,31.5,India,West Indies,Yuvraj Singh,V Kohli,AD Russell,1,0,,,,,,,,,
433599,2010/11,2011-03-20,"MA Chidambaram Stadium, Chepauk",1,31.6,India,West Indies,V Kohli,Yuvraj Singh,AD Russell,1,0,,,,,,,,,
433599,2010/11,2011-03-20,"MA Chidambaram Stadium, Chepauk",1,31.7,India,West Indies,Yuvraj Singh,V Kohli,AD Russell,2,0,,,,,,,,,
433599,2010/11,2011-03-20,"MA Chidambaram Stadium, Chepauk",1,32.1,India,West Indies,V Kohli,Yuvraj Singh,R Rampaul,0,0,,,,,,,,,
433599,2010/11,2011-03-20,"MA Chidambaram Stadium, Chepauk",1,32.2,India,West Indies,V Kohli,Yuvraj Singh,R Rampaul,0,0,,,,,,bowled,V Kohli,,
433599,2010/11,2011-03-20,"MA Chidambaram Stadium, Chepauk",1,32.3,India,West Indies,MS Dhoni,Yuvraj Singh,R Rampaul,1,0,,,,,,,,,
433599,2010/11,2011-03-20,"MA Chidambaram Stadium, Chepauk",1,32.4,India,West Indies,Yuvraj Singh,MS Dhoni,R Rampaul,1,0,,,,,,,,,
433599,2010/11,2011-03-20,"MA Chidambaram Stadium, Chepauk",1,32.5,India,West Indies,MS Dhoni,Yuvraj Singh,R Rampaul,0,0,,,,,,,,,
433599,2010/11,2011-03-20,"MA Chidambaram Stadium, Chepauk",1,32.6,India,West Indies,MS Dhoni,Yuvraj Singh,R Rampaul,1,0,,,,,,,,,
433599,2010/11,2011-03-20,"MA Chidambaram Stadium, Chepauk",1,33.1,India,West Indies,MS Dhoni,Yuvraj Singh,AD Russell,1,0,,,,,,,,,
433599,2010/11,2011-03-20,"MA Chidambaram Stadium, Chepauk",1,33.2,India,West Indies,Yuvraj Singh,MS Dhoni,AD Russell,1,0,,,,,,,,,
433599,2010/11,2011-03-20,"MA Chidambaram Stadium, Chepauk",1,33.3,India,West Indies,MS Dhoni,Yuvraj Singh,AD Russell,0,0,,,,,,,,,
433599,2010/11,2011-03-20,"MA Chidambaram Stadium, Chepauk",1,33.4,India,West Indies,MS Dhoni,Yuvraj Singh,AD Russell,1,0,,,,,,,,,
433599,2010/11,2011-03-20,"MA Chidambaram Stadium, Chepauk",1,33.5,India,West Indies,Yuvraj Singh,MS Dhoni,AD Russell,1,0,,,,,,,,,
433599,2010/11,2011-03-20,"MA Chidambaram Stadium, Chepauk",1,33.6,India,West Indies,MS Dhoni,Yuvraj Singh,AD Russell,0,0,,,,,,,,,
433599,2010/11,2011-03-20,"MA Chidambaram Stadium, Chepauk",1,34.1,India,West Indies,Yuvraj Singh,MS Dhoni,KA Pollard,0,0,,,,,,,,,
433599,2010/11,2011-03-20,"MA Chidambaram Stadium, Chepauk",1,34.2,India,West Indies,Yuvraj Singh,MS Dhoni,KA Pollard,4,0,,,,,,,,,
433599,2010/11,2011-03-20,"MA Chidambaram Stadium, Chepauk",1,34.3,India,West Indies,Yuvraj Singh,MS Dhoni,KA Pollard,1,0,,,,,,,,,
433599,2010/11,2011-03-20,"MA Chidambaram Stadium, Chepauk",1,34.4,India,West Indies,MS Dhoni,Yuvraj Singh,KA Pollard,1,0,,,,,,,,,
433599,2010/11,2011-03-20,"MA Chidambaram Stadium, Chepauk",1,34.5,India,West Indies,Yuvraj Singh,MS Dhoni,KA Pollard,1,0,,,,,,,,,
433599,2010/11,2011-03-20,"MA Chidambaram Stadium, Chepauk",1,34.6,India,West Indies,MS Dhoni,Yuvraj Singh,KA Pollard,1,0,,,,,,,,,
433599,2010/11,2011-03-20,"MA Chidambaram Stadium, Chepauk",1,35.1,India,West Indies,MS Dhoni,Yuvraj Singh,D Bishoo,1,0,,,,,,,,,
433599,2010/11,2011-03-20,"MA Chidambaram Stadium, Chepauk",1,35.2,India,West Indies,Yuvraj Singh,MS Dhoni,D Bishoo,0,0,,,,,,,,,
433599,2010/11,2011-03-20,"MA Chidambaram Stadium, Chepauk",1,35.3,India,West Indies,Yuvraj Singh,MS Dhoni,D Bishoo,1,0,,,,,,,,,
433599,2010/11,2011-03-20,"MA Chidambaram Stadium, Chepauk",1,35.4,India,West Indies,MS Dhoni,Yuvraj Singh,D Bishoo,0,0,,,,,,,,,
433599,2010/11,2011-03-20,"MA Chidambaram Stadium, Chepauk",1,35.5,India,West Indies,MS Dhoni,Yuvraj Singh,D Bishoo,1,0,,,,,,,,,
433599,2010/11,2011-03-20,"MA Chidambaram Stadium, Chepauk",1,35.6,India,West Indies,Yuvraj Singh,MS Dhoni,D Bishoo,1,0,,,,,,,,,
433599,2010/11,2011-03-20,"MA Chidambaram Stadium, Chepauk",1,36.1,India,West Indies,Yuvraj Singh,MS Dhoni,KA Pollard,0,0,,,,,,,,,
433599,2010/11,2011-03-20,"MA Chidambaram Stadium, Chepauk",1,36.2,India,West Indies,Yuvraj Singh,MS Dhoni,KA Pollard,1,0,,,,,,,,,
433599,2010/11,2011-03-20,"MA Chidambaram Stadium, Chepauk",1,36.3,India,West Indies,MS Dhoni,Yuvraj Singh,KA Pollard,0,0,,,,,,,,,
433599,2010/11,2011-03-20,"MA Chidambaram Stadium, Chepauk",1,36.4,India,West Indies,MS Dhoni,Yuvraj Singh,KA Pollard,0,0,,,,,,,,,
433599,2010/11,2011-03-20,"MA Chidambaram Stadium, Chepauk",1,36.5,India,West Indies,MS Dhoni,Yuvraj Singh,KA Pollard,0,0,,,,,,,,,
433599,2010/11,2011-03-20,"MA Chidambaram Stadium, Chepauk",1,36.6,India,West Indies,MS Dhoni,Yuvraj Singh,KA Pollard,2,0,,,,,,,,,
433599,2010/11,2011-03-20,"MA Chidambaram Stadium, Chepauk",1,37.1,India,West Indies,Yuvraj Singh,MS Dhoni,D Bishoo,0,0,,,,,,,,,
433599,2010/11,2011-03-20,"MA Chidambaram Stadium, Chepauk",1,37.2,India,West Indies,Yuvraj Singh,MS Dhoni,D Bishoo,1,0,,,,,,,,,
433599,2010/11,2011-03-20,"MA Chidambaram Stadium, Chepauk",1,37.3,India,West Indies,MS Dhoni,Yuvraj Singh,D Bishoo,1,0,,,,,,,,,
433599,2010/11,2011-03-20,"MA Chidambaram Stadium, Chepauk",1,37.4,India,West Indies,Yuvraj Singh,MS Dhoni,D Bishoo,1,0,,,,,,,,,
433599,2010/11,2011-03-20,"MA Chidambaram Stadium, Chepauk",1,37.5,India,West Indies,MS Dhoni,Yuvraj Singh,D Bishoo,1,0,,,,,,,,,
433599,2010/11,2011-03-20,"MA Chidambaram Stadium, Chepauk",1,37.6,India,West Indies,Yuvraj Singh,MS Dhoni,D Bishoo,4,0,,,,,,,,,
433599,2010/11,2011-03-20,"MA Chidambaram Stadium, Chepauk",1,38.1,India,West Indies,MS Dhoni,Yuvraj Singh,KA Pollard,4,0,,,,,,,,,
433599,2010/11,2011-03-20,"MA Chidambaram Stadium, Chepauk",1,38.2,India,West Indies,MS Dhoni,Yuvraj Singh,KA Pollard,1,0,,,,,,,,,
433599,2010/11,2011-03-20,"MA Chidambaram Stadium, Chepauk",1,38.3,India,West Indies,Yuvraj Singh,MS Dhoni,KA Pollard,0,0,,,,,,,,,
433599,2010/11,2011-03-20,"MA Chidambaram Stadium, Chepauk",1,38.4,India,West Indies,Yuvraj Singh,MS Dhoni,KA Pollard,1,0,,,,,,,,,
433599,2010/11,2011-03-20,"MA Chidambaram Stadium, Chepauk",1,38.5,India,West Indies,MS Dhoni,Yuvraj Singh,KA Pollard,0,0,,,,,,,,,
433599,2010/11,2011-03-20,"MA Chidambaram Stadium, Chepauk",1,38.6,India,West Indies,MS Dhoni,Yuvraj Singh,KA Pollard,0,0,,,,,,,,,
433599,2010/11,2011-03-20,"MA Chidambaram Stadium, Chepauk",1,39.1,India,West Indies,Yuvraj Singh,MS Dhoni,D Bishoo,1,0,,,,,,,,,
433599,2010/11,2011-03-20,"MA Chidambaram Stadium, Chepauk",1,39.2,India,West Indies,MS Dhoni,Yuvraj Singh,D Bishoo,0,0,,,,,,,,,
433599,2010/11,2011-03-20,"MA Chidambaram Stadium, Chepauk",1,39.3,India,West Indies,MS Dhoni,Yuvraj Singh,D Bishoo,0,0,,,,,,,,,
433599,2010/11,2011-03-20,"MA Chidambaram Stadium, Chepauk",1,39.4,India,West Indies,MS Dhoni,Yuvraj Singh,D Bishoo,1,0,,,,,,,,,
433599,2010/11,2011-03-20,"MA Chidambaram Stadium, Chepauk",1,39.5,India,West Indies,Yuvraj Singh,MS Dhoni,D Bishoo,0,0,,,,,,,,,
433599,2010/11,2011-03-20,"MA Chidambaram Stadium, Chepauk",1,39.6,India,West Indies,Yuvraj Singh,MS Dhoni,D Bishoo,1,0,,,,,,,,,
433599,2010/11,2011-03-20,"MA Chidambaram Stadium, Chepauk",1,40.1,India,West Indies,Yuvraj Singh,MS Dhoni,KA Pollard,0,0,,,,,,,,,
433599,2010/11,2011-03-20,"MA Chidambaram Stadium, Chepauk",1,40.2,India,West Indies,Yuvraj Singh,MS Dhoni,KA Pollard,0,0,,,,,,,,,
433599,2010/11,2011-03-20,"MA Chidambaram Stadium, Chepauk",1,40.3,India,West Indies,Yuvraj Singh,MS Dhoni,KA Pollard,1,0,,,,,,,,,
433599,2010/11,2011-03-20,"MA Chidambaram Stadium, Chepauk",1,40.4,India,West Indies,MS Dhoni,Yuvraj Singh,KA Pollard,2,0,,,,,,,,,
433599,2010/11,2011-03-20,"MA Chidambaram Stadium, Chepauk",1,40.5,India,West Indies,MS Dhoni,Yuvraj Singh,KA Pollard,1,0,,,,,,,,,
433599,2010/11,2011-03-20,"MA Chidambaram Stadium, Chepauk",1,40.6,India,West Indies,Yuvraj Singh,MS Dhoni,KA Pollard,0,0,,,,,,,,,
433599,2010/11,2011-03-20,"MA Chidambaram Stadium, Chepauk",1,41.1,India,West Indies,MS Dhoni,Yuvraj Singh,D Bishoo,0,0,,,,,,,,,
433599,2010/11,2011-03-20,"MA Chidambaram Stadium, Chepauk",1,41.2,India,West Indies,MS Dhoni,Yuvraj Singh,D Bishoo,1,0,,,,,,,,,
433599,2010/11,2011-03-20,"MA Chidambaram Stadium, Chepauk",1,41.3,India,West Indies,Yuvraj Singh,MS Dhoni,D Bishoo,1,0,,,,,,,,,
433599,2010/11,2011-03-20,"MA Chidambaram Stadium, Chepauk",1,41.4,India,West Indies,MS Dhoni,Yuvraj Singh,D Bishoo,0,0,,,,,,stumped,MS Dhoni,,
433599,2010/11,2011-03-20,"MA Chidambaram Stadium, Chepauk",1,41.5,India,West Indies,SK Raina,Yuvraj Singh,D Bishoo,0,0,,,,,,,,,
433599,2010/11,2011-03-20,"MA Chidambaram Stadium, Chepauk",1,41.6,India,West Indies,SK Raina,Yuvraj Singh,D Bishoo,1,0,,,,,,,,,
433599,2010/11,2011-03-20,"MA Chidambaram Stadium, Chepauk",1,42.1,India,West Indies,SK Raina,Yuvraj Singh,KA Pollard,0,0,,,,,,,,,
433599,2010/11,2011-03-20,"MA Chidambaram Stadium, Chepauk",1,42.2,India,West Indies,SK Raina,Yuvraj Singh,KA Pollard,2,0,,,,,,,,,
433599,2010/11,2011-03-20,"MA Chidambaram Stadium, Chepauk",1,42.3,India,West Indies,SK Raina,Yuvraj Singh,KA Pollard,0,0,,,,,,,,,
433599,2010/11,2011-03-20,"MA Chidambaram Stadium, Chepauk",1,42.4,India,West Indies,SK Raina,Yuvraj Singh,KA Pollard,0,1,,,1,,,,,,
433599,2010/11,2011-03-20,"MA Chidambaram Stadium, Chepauk",1,42.5,India,West Indies,Yuvraj Singh,SK Raina,KA Pollard,0,0,,,,,,,,,
433599,2010/11,2011-03-20,"MA Chidambaram Stadium, Chepauk",1,42.6,India,West Indies,Yuvraj Singh,SK Raina,KA Pollard,0,1,,,,1,,,,,
433599,2010/11,2011-03-20,"MA Chidambaram Stadium, Chepauk",1,43.1,India,West Indies,Yuvraj Singh,SK Raina,DJG Sammy,6,0,,,,,,,,,
433599,2010/11,2011-03-20,"MA Chidambaram Stadium, Chepauk",1,43.2,India,West Indies,Yuvraj Singh,SK Raina,DJG Sammy,1,0,,,,,,,,,
433599,2010/11,2011-03-20,"MA Chidambaram Stadium, Chepauk",1,43.3,India,West Indies,SK Raina,Yuvraj Singh,DJG Sammy,1,0,,,,,,,,,
433599,2010/11,2011-03-20,"MA Chidambaram Stadium, Chepauk",1,43.4,India,West Indies,Yuvraj Singh,SK Raina,DJG Sammy,1,0,,,,,,,,,
433599,2010/11,2011-03-20,"MA Chidambaram Stadium, Chepauk",1,43.5,India,West Indies,SK Raina,Yuvraj Singh,DJG Sammy,0,0,,,,,,caught,SK Raina,,
433599,2010/11,2011-03-20,"MA Chidambaram Stadium, Chepauk",1,43.6,India,West Indies,YK Pathan,Yuvraj Singh,DJG Sammy,0,1,1,,,,,,,,
433599,2010/11,2011-03-20,"MA Chidambaram Stadium, Chepauk",1,43.7,India,West Indies,YK Pathan,Yuvraj Singh,DJG Sammy,0,0,,,,,,,,,
433599,2010/11,2011-03-20,"MA Chidambaram Stadium, Chepauk",1,44.1,India,West Indies,Yuvraj Singh,YK Pathan,KA Pollard,1,0,,,,,,,,,
433599,2010/11,2011-03-20,"MA Chidambaram Stadium, Chepauk",1,44.2,India,West Indies,YK Pathan,Yuvraj Singh,KA Pollard,1,0,,,,,,,,,
433599,2010/11,2011-03-20,"MA Chidambaram Stadium, Chepauk",1,44.3,India,West Indies,Yuvraj Singh,YK Pathan,KA Pollard,0,1,1,,,,,,,,
433599,2010/11,2011-03-20,"MA Chidambaram Stadium, Chepauk",1,44.4,India,West Indies,Yuvraj Singh,YK Pathan,KA Pollard,2,0,,,,,,,,,
433599,2010/11,2011-03-20,"MA Chidambaram Stadium, Chepauk",1,44.5,India,West Indies,Yuvraj Singh,YK Pathan,KA Pollard,1,0,,,,,,,,,
433599,2010/11,2011-03-20,"MA Chidambaram Stadium, Chepauk",1,44.6,India,West Indies,YK Pathan,Yuvraj Singh,KA Pollard,1,0,,,,,,,,,
433599,2010/11,2011-03-20,"MA Chidambaram Stadium, Chepauk",1,44.7,India,West Indies,Yuvraj Singh,YK Pathan,KA Pollard,0,0,,,,,,caught and bowled,Yuvraj Singh,,
433599,2010/11,2011-03-20,"MA Chidambaram Stadium, Chepauk",1,45.1,India,West Indies,YK Pathan,Harbhajan Singh,AD Russell,4,0,,,,,,,,,
433599,2010/11,2011-03-20,"MA Chidambaram Stadium, Chepauk",1,45.2,India,West Indies,YK Pathan,Harbhajan Singh,AD Russell,1,0,,,,,,,,,
433599,2010/11,2011-03-20,"MA Chidambaram Stadium, Chepauk",1,45.3,India,West Indies,Harbhajan Singh,YK Pathan,AD Russell,1,0,,,,,,,,,
433599,2010/11,2011-03-20,"MA Chidambaram Stadium, Chepauk",1,45.4,India,West Indies,YK Pathan,Harbhajan Singh,AD Russell,0,0,,,,,,,,,
433599,2010/11,2011-03-20,"MA Chidambaram Stadium, Chepauk",1,45.5,India,West Indies,YK Pathan,Harbhajan Singh,AD Russell,1,0,,,,,,,,,
433599,2010/11,2011-03-20,"MA Chidambaram Stadium, Chepauk",1,45.6,India,West Indies,Harbhajan Singh,YK Pathan,AD Russell,0,0,,,,,,,,,
433599,2010/11,2011-03-20,"MA Chidambaram Stadium, Chepauk",1,46.1,India,West Indies,YK Pathan,Harbhajan Singh,R Rampaul,1,0,,,,,,,,,
433599,2010/11,2011-03-20,"MA Chidambaram Stadium, Chepauk",1,46.2,India,West Indies,Harbhajan Singh,YK Pathan,R Rampaul,1,0,,,,,,,,,
433599,2010/11,2011-03-20,"MA Chidambaram Stadium, Chepauk",1,46.3,India,West Indies,YK Pathan,Harbhajan Singh,R Rampaul,2,0,,,,,,,,,
433599,2010/11,2011-03-20,"MA Chidambaram Stadium, Chepauk",1,46.4,India,West Indies,YK Pathan,Harbhajan Singh,R Rampaul,0,0,,,,,,bowled,YK Pathan,,
433599,2010/11,2011-03-20,"MA Chidambaram Stadium, Chepauk",1,46.5,India,West Indies,R Ashwin,Harbhajan Singh,R Rampaul,1,0,,,,,,,,,
433599,2010/11,2011-03-20,"MA Chidambaram Stadium, Chepauk",1,46.6,India,West Indies,Harbhajan Singh,R Ashwin,R Rampaul,0,0,,,,,,,,,
433599,2010/11,2011-03-20,"MA Chidambaram Stadium, Chepauk",1,47.1,India,West Indies,R Ashwin,Harbhajan Singh,AD Russell,4,0,,,,,,,,,
433599,2010/11,2011-03-20,"MA Chidambaram Stadium, Chepauk",1,47.2,India,West Indies,R Ashwin,Harbhajan Singh,AD Russell,1,0,,,,,,,,,
433599,2010/11,2011-03-20,"MA Chidambaram Stadium, Chepauk",1,47.3,India,West Indies,Harbhajan Singh,R Ashwin,AD Russell,1,0,,,,,,,,,
433599,2010/11,2011-03-20,"MA Chidambaram Stadium, Chepauk",1,47.4,India,West Indies,R Ashwin,Harbhajan Singh,AD Russell,1,0,,,,,,,,,
433599,2010/11,2011-03-20,"MA Chidambaram Stadium, Chepauk",1,47.5,India,West Indies,Harbhajan Singh,R Ashwin,AD Russell,0,0,,,,,,caught,Harbhajan Singh,,
433599,2010/11,2011-03-20,"MA Chidambaram Stadium, Chepauk",1,47.6,India,West Indies,R Ashwin,Z Khan,AD Russell,1,0,,,,,,,,,
433599,2010/11,2011-03-20,"MA Chidambaram Stadium, Chepauk",1,48.1,India,West Indies,R Ashwin,Z Khan,R Rampaul,1,0,,,,,,,,,
433599,2010/11,2011-03-20,"MA Chidambaram Stadium, Chepauk",1,48.2,India,West Indies,Z Khan,R Ashwin,R Rampaul,1,0,,,,,,,,,
433599,2010/11,2011-03-20,"MA Chidambaram Stadium, Chepauk",1,48.3,India,West Indies,R Ashwin,Z Khan,R Rampaul,1,0,,,,,,,,,
433599,2010/11,2011-03-20,"MA Chidambaram Stadium, Chepauk",1,48.4,India,West Indies,Z Khan,R Ashwin,R Rampaul,4,0,,,,,,,,,
433599,2010/11,2011-03-20,"MA Chidambaram Stadium, Chepauk",1,48.5,India,West Indies,Z Khan,R Ashwin,R Rampaul,0,0,,,,,,bowled,Z Khan,,
433599,2010/11,2011-03-20,"MA Chidambaram Stadium, Chepauk",1,48.6,India,West Indies,MM Patel,R Ashwin,R Rampaul,1,0,,,,,,,,,
433599,2010/11,2011-03-20,"MA Chidambaram Stadium, Chepauk",1,49.1,India,West Indies,MM Patel,R Ashwin,AD Russell,0,0,,,,,,bowled,MM Patel,,
433599,2010/11,2011-03-20,"MA Chidambaram Stadium, Chepauk",2,0.1,West Indies,India,DS Smith,KA Edwards,R Ashwin,0,0,,,,,,,,,
433599,2010/11,2011-03-20,"MA Chidambaram Stadium, Chepauk",2,0.2,West Indies,India,DS Smith,KA Edwards,R Ashwin,0,0,,,,,,,,,
433599,2010/11,2011-03-20,"MA Chidambaram Stadium, Chepauk",2,0.3,West Indies,India,DS Smith,KA Edwards,R Ashwin,0,0,,,,,,,,,
433599,2010/11,2011-03-20,"MA Chidambaram Stadium, Chepauk",2,0.4,West Indies,India,DS Smith,KA Edwards,R Ashwin,1,0,,,,,,,,,
433599,2010/11,2011-03-20,"MA Chidambaram Stadium, Chepauk",2,0.5,West Indies,India,KA Edwards,DS Smith,R Ashwin,0,0,,,,,,,,,
433599,2010/11,2011-03-20,"MA Chidambaram Stadium, Chepauk",2,0.6,West Indies,India,KA Edwards,DS Smith,R Ashwin,0,0,,,,,,,,,
433599,2010/11,2011-03-20,"MA Chidambaram Stadium, Chepauk",2,1.1,West Indies,India,DS Smith,KA Edwards,Z Khan,0,1,1,,,,,,,,
433599,2010/11,2011-03-20,"MA Chidambaram Stadium, Chepauk",2,1.2,West Indies,India,DS Smith,KA Edwards,Z Khan,0,0,,,,,,,,,
433599,2010/11,2011-03-20,"MA Chidambaram Stadium, Chepauk",2,1.3,West Indies,India,DS Smith,KA Edwards,Z Khan,1,0,,,,,,,,,
433599,2010/11,2011-03-20,"MA Chidambaram Stadium, Chepauk",2,1.4,West Indies,India,KA Edwards,DS Smith,Z Khan,1,0,,,,,,,,,
433599,2010/11,2011-03-20,"MA Chidambaram Stadium, Chepauk",2,1.5,West Indies,India,DS Smith,KA Edwards,Z Khan,0,0,,,,,,,,,
433599,2010/11,2011-03-20,"MA Chidambaram Stadium, Chepauk",2,1.6,West Indies,India,DS Smith,KA Edwards,Z Khan,4,0,,,,,,,,,
433599,2010/11,2011-03-20,"MA Chidambaram Stadium, Chepauk",2,1.7,West Indies,India,DS Smith,KA Edwards,Z Khan,0,0,,,,,,,,,
433599,2010/11,2011-03-20,"MA Chidambaram Stadium, Chepauk",2,2.1,West Indies,India,KA Edwards,DS Smith,R Ashwin,0,0,,,,,,,,,
433599,2010/11,2011-03-20,"MA Chidambaram Stadium, Chepauk",2,2.2,West Indies,India,KA Edwards,DS Smith,R Ashwin,0,0,,,,,,,,,
433599,2010/11,2011-03-20,"MA Chidambaram Stadium, Chepauk",2,2.3,West Indies,India,KA Edwards,DS Smith,R Ashwin,4,0,,,,,,,,,
433599,2010/11,2011-03-20,"MA Chidambaram Stadium, Chepauk",2,2.4,West Indies,India,KA Edwards,DS Smith,R Ashwin,1,0,,,,,,,,,
433599,2010/11,2011-03-20,"MA Chidambaram Stadium, Chepauk",2,2.5,West Indies,India,DS Smith,KA Edwards,R Ashwin,0,0,,,,,,,,,
433599,2010/11,2011-03-20,"MA Chidambaram Stadium, Chepauk",2,2.6,West Indies,India,DS Smith,KA Edwards,R Ashwin,0,1,,,,1,,,,,
433599,2010/11,2011-03-20,"MA Chidambaram Stadium, Chepauk",2,3.1,West Indies,India,DS Smith,KA Edwards,Z Khan,1,0,,,,,,,,,
433599,2010/11,2011-03-20,"MA Chidambaram Stadium, Chepauk",2,3.2,West Indies,India,KA Edwards,DS Smith,Z Khan,0,0,,,,,,,,,
433599,2010/11,2011-03-20,"MA Chidambaram Stadium, Chepauk",2,3.3,West Indies,India,KA Edwards,DS Smith,Z Khan,1,0,,,,,,,,,
433599,2010/11,2011-03-20,"MA Chidambaram Stadium, Chepauk",2,3.4,West Indies,India,DS Smith,KA Edwards,Z Khan,4,0,,,,,,,,,
433599,2010/11,2011-03-20,"MA Chidambaram Stadium, Chepauk",2,3.5,West Indies,India,DS Smith,KA Edwards,Z Khan,0,0,,,,,,,,,
433599,2010/11,2011-03-20,"MA Chidambaram Stadium, Chepauk",2,3.6,West Indies,India,DS Smith,KA Edwards,Z Khan,0,0,,,,,,,,,
433599,2010/11,2011-03-20,"MA Chidambaram Stadium, Chepauk",2,4.1,West Indies,India,KA Edwards,DS Smith,R Ashwin,1,0,,,,,,,,,
433599,2010/11,2011-03-20,"MA Chidambaram Stadium, Chepauk",2,4.2,West Indies,India,DS Smith,KA Edwards,R Ashwin,1,0,,,,,,,,,
433599,2010/11,2011-03-20,"MA Chidambaram Stadium, Chepauk",2,4.3,West Indies,India,KA Edwards,DS Smith,R Ashwin,1,0,,,,,,,,,
433599,2010/11,2011-03-20,"MA Chidambaram Stadium, Chepauk",2,4.4,West Indies,India,DS Smith,KA Edwards,R Ashwin,0,0,,,,,,,,,
433599,2010/11,2011-03-20,"MA Chidambaram Stadium, Chepauk",2,4.5,West Indies,India,DS Smith,KA Edwards,R Ashwin,1,0,,,,,,,,,
433599,2010/11,2011-03-20,"MA Chidambaram Stadium, Chepauk",2,4.6,West Indies,India,KA Edwards,DS Smith,R Ashwin,0,0,,,,,,,,,
433599,2010/11,2011-03-20,"MA Chidambaram Stadium, Chepauk",2,5.1,West Indies,India,DS Smith,KA Edwards,Harbhajan Singh,0,0,,,,,,,,,
433599,2010/11,2011-03-20,"MA Chidambaram Stadium, Chepauk",2,5.2,West Indies,India,DS Smith,KA Edwards,Harbhajan Singh,0,1,,,,1,,,,,
433599,2010/11,2011-03-20,"MA Chidambaram Stadium, Chepauk",2,5.3,West Indies,India,KA Edwards,DS Smith,Harbhajan Singh,2,0,,,,,,,,,
433599,2010/11,2011-03-20,"MA Chidambaram Stadium, Chepauk",2,5.4,West Indies,India,KA Edwards,DS Smith,Harbhajan Singh,0,0,,,,,,,,,
433599,2010/11,2011-03-20,"MA Chidambaram Stadium, Chepauk",2,5.5,West Indies,India,KA Edwards,DS Smith,Harbhajan Singh,6,0,,,,,,,,,
433599,2010/11,2011-03-20,"MA Chidambaram Stadium, Chepauk",2,5.6,West Indies,India,KA Edwards,DS Smith,Harbhajan Singh,0,0,,,,,,,,,
433599,2010/11,2011-03-20,"MA Chidambaram Stadium, Chepauk",2,6.1,West Indies,India,DS Smith,KA Edwards,R Ashwin,1,0,,,,,,,,,
433599,2010/11,2011-03-20,"MA Chidambaram Stadium, Chepauk",2,6.2,West Indies,India,KA Edwards,DS Smith,R Ashwin,0,0,,,,,,lbw,KA Edwards,,
433599,2010/11,2011-03-20,"MA Chidambaram Stadium, Chepauk",2,6.3,West Indies,India,DM Bravo,DS Smith,R Ashwin,0,0,,,,,,,,,
433599,2010/11,2011-03-20,"MA Chidambaram Stadium, Chepauk",2,6.4,West Indies,India,DM Bravo,DS Smith,R Ashwin,1,0,,,,,,,,,
433599,2010/11,2011-03-20,"MA Chidambaram Stadium, Chepauk",2,6.5,West Indies,India,DS Smith,DM Bravo,R Ashwin,0,0,,,,,,,,,
433599,2010/11,2011-03-20,"MA Chidambaram Stadium, Chepauk",2,6.6,West Indies,India,DS Smith,DM Bravo,R Ashwin,1,0,,,,,,,,,
433599,2010/11,2011-03-20,"MA Chidambaram Stadium, Chepauk",2,7.1,West Indies,India,DS Smith,DM Bravo,Harbhajan Singh,0,0,,,,,,,,,
433599,2010/11,2011-03-20,"MA Chidambaram Stadium, Chepauk",2,7.2,West Indies,India,DS Smith,DM Bravo,Harbhajan Singh,1,0,,,,,,,,,
433599,2010/11,2011-03-20,"MA Chidambaram Stadium, Chepauk",2,7.3,West Indies,India,DM Bravo,DS Smith,Harbhajan Singh,0,0,,,,,,,,,
433599,2010/11,2011-03-20,"MA Chidambaram Stadium, Chepauk",2,7.4,West Indies,India,DM Bravo,DS Smith,Harbhajan Singh,1,0,,,,,,,,,
433599,2010/11,2011-03-20,"MA Chidambaram Stadium, Chepauk",2,7.5,West Indies,India,DS Smith,DM Bravo,Harbhajan Singh,0,0,,,,,,,,,
433599,2010/11,2011-03-20,"MA Chidambaram Stadium, Chepauk",2,7.6,West Indies,India,DS Smith,DM Bravo,Harbhajan Singh,1,0,,,,,,,,,
433599,2010/11,2011-03-20,"MA Chidambaram Stadium, Chepauk",2,8.1,West Indies,India,DS Smith,DM Bravo,R Ashwin,0,0,,,,,,,,,
433599,2010/11,2011-03-20,"MA Chidambaram Stadium, Chepauk",2,8.2,West Indies,India,DS Smith,DM Bravo,R Ashwin,1,0,,,,,,,,,
433599,2010/11,2011-03-20,"MA Chidambaram Stadium, Chepauk",2,8.3,West Indies,India,DM Bravo,DS Smith,R Ashwin,0,0,,,,,,,,,
433599,2010/11,2011-03-20,"MA Chidambaram Stadium, Chepauk",2,8.4,West Indies,India,DM Bravo,DS Smith,R Ashwin,0,0,,,,,,,,,
433599,2010/11,2011-03-20,"MA Chidambaram Stadium, Chepauk",2,8.5,West Indies,India,DM Bravo,DS Smith,R Ashwin,1,0,,,,,,,,,
433599,2010/11,2011-03-20,"MA Chidambaram Stadium, Chepauk",2,8.6,West Indies,India,DS Smith,DM Bravo,R Ashwin,0,0,,,,,,,,,
433599,2010/11,2011-03-20,"MA Chidambaram Stadium, Chepauk",2,9.1,West Indies,India,DM Bravo,DS Smith,Harbhajan Singh,1,0,,,,,,,,,
433599,2010/11,2011-03-20,"MA Chidambaram Stadium, Chepauk",2,9.2,West Indies,India,DS Smith,DM Bravo,Harbhajan Singh,4,0,,,,,,,,,
433599,2010/11,2011-03-20,"MA Chidambaram Stadium, Chepauk",2,9.3,West Indies,India,DS Smith,DM Bravo,Harbhajan Singh,0,0,,,,,,,,,
433599,2010/11,2011-03-20,"MA Chidambaram Stadium, Chepauk",2,9.4,West Indies,India,DS Smith,DM Bravo,Harbhajan Singh,0,0,,,,,,,,,
433599,2010/11,2011-03-20,"MA Chidambaram Stadium, Chepauk",2,9.5,West Indies,India,DS Smith,DM Bravo,Harbhajan Singh,0,0,,,,,,,,,
433599,2010/11,2011-03-20,"MA Chidambaram Stadium, Chepauk",2,9.6,West Indies,India,DS Smith,DM Bravo,Harbhajan Singh,0,0,,,,,,,,,
433599,2010/11,2011-03-20,"MA Chidambaram Stadium, Chepauk",2,10.1,West Indies,India,DM Bravo,DS Smith,R Ashwin,1,0,,,,,,,,,
433599,2010/11,2011-03-20,"MA Chidambaram Stadium, Chepauk",2,10.2,West Indies,India,DS Smith,DM Bravo,R Ashwin,0,0,,,,,,,,,
433599,2010/11,2011-03-20,"MA Chidambaram Stadium, Chepauk",2,10.3,West Indies,India,DS Smith,DM Bravo,R Ashwin,1,0,,,,,,,,,
433599,2010/11,2011-03-20,"MA Chidambaram Stadium, Chepauk",2,10.4,West Indies,India,DM Bravo,DS Smith,R Ashwin,0,0,,,,,,,,,
433599,2010/11,2011-03-20,"MA Chidambaram Stadium, Chepauk",2,10.5,West Indies,India,DM Bravo,DS Smith,R Ashwin,0,1,,,,1,,,,,
433599,2010/11,2011-03-20,"MA Chidambaram Stadium, Chepauk",2,10.6,West Indies,India,DS Smith,DM Bravo,R Ashwin,1,0,,,,,,,,,
433599,2010/11,2011-03-20,"MA Chidambaram Stadium, Chepauk",2,11.1,West Indies,India,DS Smith,DM Bravo,Harbhajan Singh,2,0,,,,,,,,,
433599,2010/11,2011-03-20,"MA Chidambaram Stadium, Chepauk",2,11.2,West Indies,India,DS Smith,DM Bravo,Harbhajan Singh,0,4,,,,4,,,,,
433599,2010/11,2011-03-20,"MA Chidambaram Stadium, Chepauk",2,11.3,West Indies,India,DS Smith,DM Bravo,Harbhajan Singh,0,0,,,,,,,,,
433599,2010/11,2011-03-20,"MA Chidambaram Stadium, Chepauk",2,11.4,West Indies,India,DS Smith,DM Bravo,Harbhajan Singh,0,0,,,,,,,,,
433599,2010/11,2011-03-20,"MA Chidambaram Stadium, Chepauk",2,11.5,West Indies,India,DS Smith,DM Bravo,Harbhajan Singh,4,0,,,,,,,,,
433599,2010/11,2011-03-20,"MA Chidambaram Stadium, Chepauk",2,11.6,West Indies,India,DS Smith,DM Bravo,Harbhajan Singh,0,1,1,,,,,,,,
433599,2010/11,2011-03-20,"MA Chidambaram Stadium, Chepauk",2,11.7,West Indies,India,DS Smith,DM Bravo,Harbhajan Singh,0,0,,,,,,,,,
433599,2010/11,2011-03-20,"MA Chidambaram Stadium, Chepauk",2,12.1,West Indies,India,DM Bravo,DS Smith,R Ashwin,1,0,,,,,,,,,
433599,2010/11,2011-03-20,"MA Chidambaram Stadium, Chepauk",2,12.2,West Indies,India,DS Smith,DM Bravo,R Ashwin,1,0,,,,,,,,,
433599,2010/11,2011-03-20,"MA Chidambaram Stadium, Chepauk",2,12.3,West Indies,India,DM Bravo,DS Smith,R Ashwin,0,0,,,,,,,,,
433599,2010/11,2011-03-20,"MA Chidambaram Stadium, Chepauk",2,12.4,West Indies,India,DM Bravo,DS Smith,R Ashwin,6,0,,,,,,,,,
433599,2010/11,2011-03-20,"MA Chidambaram Stadium, Chepauk",2,12.5,West Indies,India,DM Bravo,DS Smith,R Ashwin,0,0,,,,,,,,,
433599,2010/11,2011-03-20,"MA Chidambaram Stadium, Chepauk",2,12.6,West Indies,India,DM Bravo,DS Smith,R Ashwin,4,0,,,,,,,,,
433599,2010/11,2011-03-20,"MA Chidambaram Stadium, Chepauk",2,13.1,West Indies,India,DS Smith,DM Bravo,YK Pathan,1,0,,,,,,,,,
433599,2010/11,2011-03-20,"MA Chidambaram Stadium, Chepauk",2,13.2,West Indies,India,DM Bravo,DS Smith,YK Pathan,1,0,,,,,,,,,
433599,2010/11,2011-03-20,"MA Chidambaram Stadium, Chepauk",2,13.3,West Indies,India,DS Smith,DM Bravo,YK Pathan,1,0,,,,,,,,,
433599,2010/11,2011-03-20,"MA Chidambaram Stadium, Chepauk",2,13.4,West Indies,India,DM Bravo,DS Smith,YK Pathan,0,0,,,,,,,,,
433599,2010/11,2011-03-20,"MA Chidambaram Stadium, Chepauk",2,13.5,West Indies,India,DM Bravo,DS Smith,YK Pathan,1,0,,,,,,,,,
433599,2010/11,2011-03-20,"MA Chidambaram Stadium, Chepauk",2,13.6,West Indies,India,DS Smith,DM Bravo,YK Pathan,1,0,,,,,,,,,
433599,2010/11,2011-03-20,"MA Chidambaram Stadium, Chepauk",2,14.1,West Indies,India,DS Smith,DM Bravo,R Ashwin,1,0,,,,,,,,,
433599,2010/11,2011-03-20,"MA Chidambaram Stadium, Chepauk",2,14.2,West Indies,India,DM Bravo,DS Smith,R Ashwin,1,0,,,,,,,,,
433599,2010/11,2011-03-20,"MA Chidambaram Stadium, Chepauk",2,14.3,West Indies,India,DS Smith,DM Bravo,R Ashwin,1,0,,,,,,,,,
433599,2010/11,2011-03-20,"MA Chidambaram Stadium, Chepauk",2,14.4,West Indies,India,DM Bravo,DS Smith,R Ashwin,0,0,,,,,,,,,
433599,2010/11,2011-03-20,"MA Chidambaram Stadium, Chepauk",2,14.5,West Indies,India,DM Bravo,DS Smith,R Ashwin,1,0,,,,,,,,,
433599,2010/11,2011-03-20,"MA Chidambaram Stadium, Chepauk",2,14.6,West Indies,India,DS Smith,DM Bravo,R Ashwin,2,0,,,,,,,,,
433599,2010/11,2011-03-20,"MA Chidambaram Stadium, Chepauk",2,15.1,West Indies,India,DM Bravo,DS Smith,YK Pathan,0,0,,,,,,,,,
433599,2010/11,2011-03-20,"MA Chidambaram Stadium, Chepauk",2,15.2,West Indies,India,DM Bravo,DS Smith,YK Pathan,1,0,,,,,,,,,
433599,2010/11,2011-03-20,"MA Chidambaram Stadium, Chepauk",2,15.3,West Indies,India,DS Smith,DM Bravo,YK Pathan,1,0,,,,,,,,,
433599,2010/11,2011-03-20,"MA Chidambaram Stadium, Chepauk",2,15.4,West Indies,India,DM Bravo,DS Smith,YK Pathan,0,0,,,,,,,,,
433599,2010/11,2011-03-20,"MA Chidambaram Stadium, Chepauk",2,15.5,West Indies,India,DM Bravo,DS Smith,YK Pathan,0,0,,,,,,,,,
433599,2010/11,2011-03-20,"MA Chidambaram Stadium, Chepauk",2,15.6,West Indies,India,DM Bravo,DS Smith,YK Pathan,0,0,,,,,,,,,
433599,2010/11,2011-03-20,"MA Chidambaram Stadium, Chepauk",2,16.1,West Indies,India,DS Smith,DM Bravo,SK Raina,1,0,,,,,,,,,
433599,2010/11,2011-03-20,"MA Chidambaram Stadium, Chepauk",2,16.2,West Indies,India,DM Bravo,DS Smith,SK Raina,1,0,,,,,,,,,
433599,2010/11,2011-03-20,"MA Chidambaram Stadium, Chepauk",2,16.3,West Indies,India,DS Smith,DM Bravo,SK Raina,0,0,,,,,,,,,
433599,2010/11,2011-03-20,"MA Chidambaram Stadium, Chepauk",2,16.4,West Indies,India,DS Smith,DM Bravo,SK Raina,2,0,,,,,,,,,
433599,2010/11,2011-03-20,"MA Chidambaram Stadium, Chepauk",2,16.5,West Indies,India,DS Smith,DM Bravo,SK Raina,1,0,,,,,,,,,
433599,2010/11,2011-03-20,"MA Chidambaram Stadium, Chepauk",2,16.6,West Indies,India,DM Bravo,DS Smith,SK Raina,0,0,,,,,,caught,DM Bravo,,
433599,2010/11,2011-03-20,"MA Chidambaram Stadium, Chepauk",2,17.1,West Indies,India,DS Smith,RR Sarwan,YK Pathan,0,0,,,,,,,,,
433599,2010/11,2011-03-20,"MA Chidambaram Stadium, Chepauk",2,17.2,West Indies,India,DS Smith,RR Sarwan,YK Pathan,0,0,,,,,,,,,
433599,2010/11,2011-03-20,"MA Chidambaram Stadium, Chepauk",2,17.3,West Indies,India,DS Smith,RR Sarwan,YK Pathan,1,0,,,,,,,,,
433599,2010/11,2011-03-20,"MA Chidambaram Stadium, Chepauk",2,17.4,West Indies,India,RR Sarwan,DS Smith,YK Pathan,0,0,,,,,,,,,
433599,2010/11,2011-03-20,"MA Chidambaram Stadium, Chepauk",2,17.5,West Indies,India,RR Sarwan,DS Smith,YK Pathan,1,0,,,,,,,,,
433599,2010/11,2011-03-20,"MA Chidambaram Stadium, Chepauk",2,17.6,West Indies,India,DS Smith,RR Sarwan,YK Pathan,1,0,,,,,,,,,
433599,2010/11,2011-03-20,"MA Chidambaram Stadium, Chepauk",2,18.1,West Indies,India,DS Smith,RR Sarwan,SK Raina,4,0,,,,,,,,,
433599,2010/11,2011-03-20,"MA Chidambaram Stadium, Chepauk",2,18.2,West Indies,India,DS Smith,RR Sarwan,SK Raina,0,0,,,,,,,,,
433599,2010/11,2011-03-20,"MA Chidambaram Stadium, Chepauk",2,18.3,West Indies,India,DS Smith,RR Sarwan,SK Raina,0,0,,,,,,,,,
433599,2010/11,2011-03-20,"MA Chidambaram Stadium, Chepauk",2,18.4,West Indies,India,DS Smith,RR Sarwan,SK Raina,1,0,,,,,,,,,
433599,2010/11,2011-03-20,"MA Chidambaram Stadium, Chepauk",2,18.5,West Indies,India,RR Sarwan,DS Smith,SK Raina,1,0,,,,,,,,,
433599,2010/11,2011-03-20,"MA Chidambaram Stadium, Chepauk",2,18.6,West Indies,India,DS Smith,RR Sarwan,SK Raina,1,0,,,,,,,,,
433599,2010/11,2011-03-20,"MA Chidambaram Stadium, Chepauk",2,19.1,West Indies,India,DS Smith,RR Sarwan,YK Pathan,4,0,,,,,,,,,
433599,2010/11,2011-03-20,"MA Chidambaram Stadium, Chepauk",2,19.2,West Indies,India,DS Smith,RR Sarwan,YK Pathan,1,0,,,,,,,,,
433599,2010/11,2011-03-20,"MA Chidambaram Stadium, Chepauk",2,19.3,West Indies,India,RR Sarwan,DS Smith,YK Pathan,0,0,,,,,,,,,
433599,2010/11,2011-03-20,"MA Chidambaram Stadium, Chepauk",2,19.4,West Indies,India,RR Sarwan,DS Smith,YK Pathan,0,0,,,,,,,,,
433599,2010/11,2011-03-20,"MA Chidambaram Stadium, Chepauk",2,19.5,West Indies,India,RR Sarwan,DS Smith,YK Pathan,1,0,,,,,,,,,
433599,2010/11,2011-03-20,"MA Chidambaram Stadium, Chepauk",2,19.6,West Indies,India,DS Smith,RR Sarwan,YK Pathan,0,0,,,,,,,,,
433599,2010/11,2011-03-20,"MA Chidambaram Stadium, Chepauk",2,20.1,West Indies,India,RR Sarwan,DS Smith,Yuvraj Singh,4,0,,,,,,,,,
433599,2010/11,2011-03-20,"MA Chidambaram Stadium, Chepauk",2,20.2,West Indies,India,RR Sarwan,DS Smith,Yuvraj Singh,1,0,,,,,,,,,
433599,2010/11,2011-03-20,"MA Chidambaram Stadium, Chepauk",2,20.3,West Indies,India,DS Smith,RR Sarwan,Yuvraj Singh,1,0,,,,,,,,,
433599,2010/11,2011-03-20,"MA Chidambaram Stadium, Chepauk",2,20.4,West Indies,India,RR Sarwan,DS Smith,Yuvraj Singh,0,0,,,,,,,,,
433599,2010/11,2011-03-20,"MA Chidambaram Stadium, Chepauk",2,20.5,West Indies,India,RR Sarwan,DS Smith,Yuvraj Singh,2,0,,,,,,,,,
433599,2010/11,2011-03-20,"MA Chidambaram Stadium, Chepauk",2,20.6,West Indies,India,RR Sarwan,DS Smith,Yuvraj Singh,0,0,,,,,,,,,
433599,2010/11,2011-03-20,"MA Chidambaram Stadium, Chepauk",2,21.1,West Indies,India,DS Smith,RR Sarwan,YK Pathan,1,0,,,,,,,,,
433599,2010/11,2011-03-20,"MA Chidambaram Stadium, Chepauk",2,21.2,West Indies,India,RR Sarwan,DS Smith,YK Pathan,0,0,,,,,,,,,
433599,2010/11,2011-03-20,"MA Chidambaram Stadium, Chepauk",2,21.3,West Indies,India,RR Sarwan,DS Smith,YK Pathan,1,0,,,,,,,,,
433599,2010/11,2011-03-20,"MA Chidambaram Stadium, Chepauk",2,21.4,West Indies,India,DS Smith,RR Sarwan,YK Pathan,0,0,,,,,,,,,
433599,2010/11,2011-03-20,"MA Chidambaram Stadium, Chepauk",2,21.5,West Indies,India,DS Smith,RR Sarwan,YK Pathan,1,0,,,,,,,,,
433599,2010/11,2011-03-20,"MA Chidambaram Stadium, Chepauk",2,21.6,West Indies,India,RR Sarwan,DS Smith,YK Pathan,0,0,,,,,,,,,
433599,2010/11,2011-03-20,"MA Chidambaram Stadium, Chepauk",2,22.1,West Indies,India,DS Smith,RR Sarwan,Yuvraj Singh,0,0,,,,,,,,,
433599,2010/11,2011-03-20,"MA Chidambaram Stadium, Chepauk",2,22.2,West Indies,India,DS Smith,RR Sarwan,Yuvraj Singh,6,0,,,,,,,,,
433599,2010/11,2011-03-20,"MA Chidambaram Stadium, Chepauk",2,22.3,West Indies,India,DS Smith,RR Sarwan,Yuvraj Singh,0,0,,,,,,,,,
433599,2010/11,2011-03-20,"MA Chidambaram Stadium, Chepauk",2,22.4,West Indies,India,DS Smith,RR Sarwan,Yuvraj Singh,1,0,,,,,,,,,
433599,2010/11,2011-03-20,"MA Chidambaram Stadium, Chepauk",2,22.5,West Indies,India,RR Sarwan,DS Smith,Yuvraj Singh,0,0,,,,,,,,,
433599,2010/11,2011-03-20,"MA Chidambaram Stadium, Chepauk",2,22.6,West Indies,India,RR Sarwan,DS Smith,Yuvraj Singh,1,0,,,,,,,,,
433599,2010/11,2011-03-20,"MA Chidambaram Stadium, Chepauk",2,23.1,West Indies,India,RR Sarwan,DS Smith,YK Pathan,0,0,,,,,,,,,
433599,2010/11,2011-03-20,"MA Chidambaram Stadium, Chepauk",2,23.2,West Indies,India,RR Sarwan,DS Smith,YK Pathan,0,0,,,,,,,,,
433599,2010/11,2011-03-20,"MA Chidambaram Stadium, Chepauk",2,23.3,West Indies,India,RR Sarwan,DS Smith,YK Pathan,0,0,,,,,,,,,
433599,2010/11,2011-03-20,"MA Chidambaram Stadium, Chepauk",2,23.4,West Indies,India,RR Sarwan,DS Smith,YK Pathan,1,0,,,,,,,,,
433599,2010/11,2011-03-20,"MA Chidambaram Stadium, Chepauk",2,23.5,West Indies,India,DS Smith,RR Sarwan,YK Pathan,0,0,,,,,,,,,
433599,2010/11,2011-03-20,"MA Chidambaram Stadium, Chepauk",2,23.6,West Indies,India,DS Smith,RR Sarwan,YK Pathan,1,0,,,,,,,,,
433599,2010/11,2011-03-20,"MA Chidambaram Stadium, Chepauk",2,24.1,West Indies,India,DS Smith,RR Sarwan,MM Patel,2,0,,,,,,,,,
433599,2010/11,2011-03-20,"MA Chidambaram Stadium, Chepauk",2,24.2,West Indies,India,DS Smith,RR Sarwan,MM Patel,0,0,,,,,,,,,
433599,2010/11,2011-03-20,"MA Chidambaram Stadium, Chepauk",2,24.3,West Indies,India,DS Smith,RR Sarwan,MM Patel,1,0,,,,,,,,,
433599,2010/11,2011-03-20,"MA Chidambaram Stadium, Chepauk",2,24.4,West Indies,India,RR Sarwan,DS Smith,MM Patel,0,0,,,,,,,,,
433599,2010/11,2011-03-20,"MA Chidambaram Stadium, Chepauk",2,24.5,West Indies,India,RR Sarwan,DS Smith,MM Patel,1,0,,,,,,,,,
433599,2010/11,2011-03-20,"MA Chidambaram Stadium, Chepauk",2,24.6,West Indies,India,DS Smith,RR Sarwan,MM Patel,0,0,,,,,,,,,
433599,2010/11,2011-03-20,"MA Chidambaram Stadium, Chepauk",2,25.1,West Indies,India,RR Sarwan,DS Smith,YK Pathan,4,0,,,,,,,,,
433599,2010/11,2011-03-20,"MA Chidambaram Stadium, Chepauk",2,25.2,West Indies,India,RR Sarwan,DS Smith,YK Pathan,0,0,,,,,,,,,
433599,2010/11,2011-03-20,"MA Chidambaram Stadium, Chepauk",2,25.3,West Indies,India,RR Sarwan,DS Smith,YK Pathan,0,0,,,,,,,,,
433599,2010/11,2011-03-20,"MA Chidambaram Stadium, Chepauk",2,25.4,West Indies,India,RR Sarwan,DS Smith,YK Pathan,0,0,,,,,,,,,
433599,2010/11,2011-03-20,"MA Chidambaram Stadium, Chepauk",2,25.5,West Indies,India,RR Sarwan,DS Smith,YK Pathan,2,0,,,,,,,,,
433599,2010/11,2011-03-20,"MA Chidambaram Stadium, Chepauk",2,25.6,West Indies,India,RR Sarwan,DS Smith,YK Pathan,1,0,,,,,,,,,
433599,2010/11,2011-03-20,"MA Chidambaram Stadium, Chepauk",2,26.1,West Indies,India,RR Sarwan,DS Smith,MM Patel,1,0,,,,,,,,,
433599,2010/11,2011-03-20,"MA Chidambaram Stadium, Chepauk",2,26.2,West Indies,India,DS Smith,RR Sarwan,MM Patel,1,0,,,,,,,,,
433599,2010/11,2011-03-20,"MA Chidambaram Stadium, Chepauk",2,26.3,West Indies,India,RR Sarwan,DS Smith,MM Patel,0,0,,,,,,,,,
433599,2010/11,2011-03-20,"MA Chidambaram Stadium, Chepauk",2,26.4,West Indies,India,RR Sarwan,DS Smith,MM Patel,1,0,,,,,,,,,
433599,2010/11,2011-03-20,"MA Chidambaram Stadium, Chepauk",2,26.5,West Indies,India,DS Smith,RR Sarwan,MM Patel,4,0,,,,,,,,,
433599,2010/11,2011-03-20,"MA Chidambaram Stadium, Chepauk",2,26.6,West Indies,India,DS Smith,RR Sarwan,MM Patel,0,0,,,,,,,,,
433599,2010/11,2011-03-20,"MA Chidambaram Stadium, Chepauk",2,27.1,West Indies,India,RR Sarwan,DS Smith,Harbhajan Singh,0,0,,,,,,,,,
433599,2010/11,2011-03-20,"MA Chidambaram Stadium, Chepauk",2,27.2,West Indies,India,RR Sarwan,DS Smith,Harbhajan Singh,0,0,,,,,,,,,
433599,2010/11,2011-03-20,"MA Chidambaram Stadium, Chepauk",2,27.3,West Indies,India,RR Sarwan,DS Smith,Harbhajan Singh,0,0,,,,,,,,,
433599,2010/11,2011-03-20,"MA Chidambaram Stadium, Chepauk",2,27.4,West Indies,India,RR Sarwan,DS Smith,Harbhajan Singh,0,0,,,,,,,,,
433599,2010/11,2011-03-20,"MA Chidambaram Stadium, Chepauk",2,27.5,West Indies,India,RR Sarwan,DS Smith,Harbhajan Singh,0,0,,,,,,,,,
433599,2010/11,2011-03-20,"MA Chidambaram Stadium, Chepauk",2,27.6,West Indies,India,RR Sarwan,DS Smith,Harbhajan Singh,0,0,,,,,,,,,
433599,2010/11,2011-03-20,"MA Chidambaram Stadium, Chepauk",2,28.1,West Indies,India,DS Smith,RR Sarwan,MM Patel,0,0,,,,,,,,,
433599,2010/11,2011-03-20,"MA Chidambaram Stadium, Chepauk",2,28.2,West Indies,India,DS Smith,RR Sarwan,MM Patel,0,0,,,,,,,,,
433599,2010/11,2011-03-20,"MA Chidambaram Stadium, Chepauk",2,28.3,West Indies,India,DS Smith,RR Sarwan,MM Patel,0,0,,,,,,,,,
433599,2010/11,2011-03-20,"MA Chidambaram Stadium, Chepauk",2,28.4,West Indies,India,DS Smith,RR Sarwan,MM Patel,2,0,,,,,,,,,
433599,2010/11,2011-03-20,"MA Chidambaram Stadium, Chepauk",2,28.5,West Indies,India,DS Smith,RR Sarwan,MM Patel,0,0,,,,,,,,,
433599,2010/11,2011-03-20,"MA Chidambaram Stadium, Chepauk",2,28.6,West Indies,India,DS Smith,RR Sarwan,MM Patel,1,0,,,,,,,,,
433599,2010/11,2011-03-20,"MA Chidambaram Stadium, Chepauk",2,29.1,West Indies,India,DS Smith,RR Sarwan,Harbhajan Singh,1,0,,,,,,,,,
433599,2010/11,2011-03-20,"MA Chidambaram Stadium, Chepauk",2,29.2,West Indies,India,RR Sarwan,DS Smith,Harbhajan Singh,0,0,,,,,,,,,
433599,2010/11,2011-03-20,"MA Chidambaram Stadium, Chepauk",2,29.3,West Indies,India,RR Sarwan,DS Smith,Harbhajan Singh,1,0,,,,,,,,,
433599,2010/11,2011-03-20,"MA Chidambaram Stadium, Chepauk",2,29.4,West Indies,India,DS Smith,RR Sarwan,Harbhajan Singh,1,0,,,,,,,,,
433599,2010/11,2011-03-20,"MA Chidambaram Stadium, Chepauk",2,29.5,West Indies,India,RR Sarwan,DS Smith,Harbhajan Singh,1,0,,,,,,,,,
433599,2010/11,2011-03-20,"MA Chidambaram Stadium, Chepauk",2,29.6,West Indies,India,DS Smith,RR Sarwan,Harbhajan Singh,1,0,,,,,,,,,
433599,2010/11,2011-03-20,"MA Chidambaram Stadium, Chepauk",2,30.1,West Indies,India,DS Smith,RR Sarwan,Z Khan,0,0,,,,,,,,,
433599,2010/11,2011-03-20,"MA Chidambaram Stadium, Chepauk",2,30.2,West Indies,India,DS Smith,RR Sarwan,Z Khan,0,0,,,,,,,,,
433599,2010/11,2011-03-20,"MA Chidambaram Stadium, Chepauk",2,30.3,West Indies,India,DS Smith,RR Sarwan,Z Khan,0,0,,,,,,bowled,DS Smith,,
433599,2010/11,2011-03-20,"MA Chidambaram Stadium, Chepauk",2,30.4,West Indies,India,KA Pollard,RR Sarwan,Z Khan,0,0,,,,,,,,,
433599,2010/11,2011-03-20,"MA Chidambaram Stadium, Chepauk",2,30.5,West Indies,India,KA Pollard,RR Sarwan,Z Khan,1,0,,,,,,,,,
433599,2010/11,2011-03-20,"MA Chidambaram Stadium, Chepauk",2,30.6,West Indies,India,RR Sarwan,KA Pollard,Z Khan,1,0,,,,,,,,,
433599,2010/11,2011-03-20,"MA Chidambaram Stadium, Chepauk",2,31.1,West Indies,India,RR Sarwan,KA Pollard,Harbhajan Singh,0,0,,,,,,,,,
433599,2010/11,2011-03-20,"MA Chidambaram Stadium, Chepauk",2,31.2,West Indies,India,RR Sarwan,KA Pollard,Harbhajan Singh,0,0,,,,,,,,,
433599,2010/11,2011-03-20,"MA Chidambaram Stadium, Chepauk",2,31.3,West Indies,India,RR Sarwan,KA Pollard,Harbhajan Singh,0,0,,,,,,,,,
433599,2010/11,2011-03-20,"MA Chidambaram Stadium, Chepauk",2,31.4,West Indies,India,RR Sarwan,KA Pollard,Harbhajan Singh,1,0,,,,,,,,,
433599,2010/11,2011-03-20,"MA Chidambaram Stadium, Chepauk",2,31.5,West Indies,India,KA Pollard,RR Sarwan,Harbhajan Singh,0,0,,,,,,caught,KA Pollard,,
433599,2010/11,2011-03-20,"MA Chidambaram Stadium, Chepauk",2,31.6,West Indies,India,DC Thomas,RR Sarwan,Harbhajan Singh,0,0,,,,,,,,,
433599,2010/11,2011-03-20,"MA Chidambaram Stadium, Chepauk",2,32.1,West Indies,India,RR Sarwan,DC Thomas,Z Khan,0,0,,,,,,,,,
433599,2010/11,2011-03-20,"MA Chidambaram Stadium, Chepauk",2,32.2,West Indies,India,RR Sarwan,DC Thomas,Z Khan,1,0,,,,,,,,,
433599,2010/11,2011-03-20,"MA Chidambaram Stadium, Chepauk",2,32.3,West Indies,India,DC Thomas,RR Sarwan,Z Khan,0,0,,,,,,,,,
433599,2010/11,2011-03-20,"MA Chidambaram Stadium, Chepauk",2,32.4,West Indies,India,DC Thomas,RR Sarwan,Z Khan,0,0,,,,,,,,,
433599,2010/11,2011-03-20,"MA Chidambaram Stadium, Chepauk",2,32.5,West Indies,India,DC Thomas,RR Sarwan,Z Khan,1,0,,,,,,,,,
433599,2010/11,2011-03-20,"MA Chidambaram Stadium, Chepauk",2,32.6,West Indies,India,RR Sarwan,DC Thomas,Z Khan,0,0,,,,,,,,,
433599,2010/11,2011-03-20,"MA Chidambaram Stadium, Chepauk",2,33.1,West Indies,India,DC Thomas,RR Sarwan,Harbhajan Singh,0,0,,,,,,,,,
433599,2010/11,2011-03-20,"MA Chidambaram Stadium, Chepauk",2,33.2,West Indies,India,DC Thomas,RR Sarwan,Harbhajan Singh,1,0,,,,,,,,,
433599,2010/11,2011-03-20,"MA Chidambaram Stadium, Chepauk",2,33.3,West Indies,India,RR Sarwan,DC Thomas,Harbhajan Singh,0,0,,,,,,,,,
433599,2010/11,2011-03-20,"MA Chidambaram Stadium, Chepauk",2,33.4,West Indies,India,RR Sarwan,DC Thomas,Harbhajan Singh,0,0,,,,,,,,,
433599,2010/11,2011-03-20,"MA Chidambaram Stadium, Chepauk",2,33.5,West Indies,India,RR Sarwan,DC Thomas,Harbhajan Singh,0,0,,,,,,,,,
433599,2010/11,2011-03-20,"MA Chidambaram Stadium, Chepauk",2,33.6,West Indies,India,RR Sarwan,DC Thomas,Harbhajan Singh,0,0,,,,,,,,,
433599,2010/11,2011-03-20,"MA Chidambaram Stadium, Chepauk",2,34.1,West Indies,India,DC Thomas,RR Sarwan,Yuvraj Singh,0,0,,,,,,,,,
433599,2010/11,2011-03-20,"MA Chidambaram Stadium, Chepauk",2,34.2,West Indies,India,DC Thomas,RR Sarwan,Yuvraj Singh,0,0,,,,,,stumped,DC Thomas,,
433599,2010/11,2011-03-20,"MA Chidambaram Stadium, Chepauk",2,34.3,West Indies,India,DJG Sammy,RR Sarwan,Yuvraj Singh,0,0,,,,,,,,,
433599,2010/11,2011-03-20,"MA Chidambaram Stadium, Chepauk",2,34.4,West Indies,India,DJG Sammy,RR Sarwan,Yuvraj Singh,0,0,,,,,,,,,
433599,2010/11,2011-03-20,"MA Chidambaram Stadium, Chepauk",2,34.5,West Indies,India,DJG Sammy,RR Sarwan,Yuvraj Singh,1,0,,,,,,,,,
433599,2010/11,2011-03-20,"MA Chidambaram Stadium, Chepauk",2,34.6,West Indies,India,RR Sarwan,DJG Sammy,Yuvraj Singh,0,0,,,,,,,,,
433599,2010/11,2011-03-20,"MA Chidambaram Stadium, Chepauk",2,35.1,West Indies,India,DJG Sammy,RR Sarwan,MM Patel,1,0,,,,,,,,,
433599,2010/11,2011-03-20,"MA Chidambaram Stadium, Chepauk",2,35.2,West Indies,India,RR Sarwan,DJG Sammy,MM Patel,0,0,,,,,,,,,
433599,2010/11,2011-03-20,"MA Chidambaram Stadium, Chepauk",2,35.3,West Indies,India,RR Sarwan,DJG Sammy,MM Patel,0,0,,,,,,run out,DJG Sammy,,
433599,2010/11,2011-03-20,"MA Chidambaram Stadium, Chepauk",2,35.4,West Indies,India,RR Sarwan,AD Russell,MM Patel,0,1,1,,,,,,,,
433599,2010/11,2011-03-20,"MA Chidambaram Stadium, Chepauk",2,35.5,West Indies,India,RR Sarwan,AD Russell,MM Patel,0,0,,,,,,,,,
433599,2010/11,2011-03-20,"MA Chidambaram Stadium, Chepauk",2,35.6,West Indies,India,RR Sarwan,AD Russell,MM Patel,0,0,,,,,,,,,
433599,2010/11,2011-03-20,"MA Chidambaram Stadium, Chepauk",2,35.7,West Indies,India,RR Sarwan,AD Russell,MM Patel,1,0,,,,,,,,,
433599,2010/11,2011-03-20,"MA Chidambaram Stadium, Chepauk",2,36.1,West Indies,India,RR Sarwan,AD Russell,Yuvraj Singh,1,0,,,,,,,,,
433599,2010/11,2011-03-20,"MA Chidambaram Stadium, Chepauk",2,36.2,West Indies,India,AD Russell,RR Sarwan,Yuvraj Singh,0,0,,,,,,,,,
433599,2010/11,2011-03-20,"MA Chidambaram Stadium, Chepauk",2,36.3,West Indies,India,AD Russell,RR Sarwan,Yuvraj Singh,0,0,,,,,,,,,
433599,2010/11,2011-03-20,"MA Chidambaram Stadium, Chepauk",2,36.4,West Indies,India,AD Russell,RR Sarwan,Yuvraj Singh,0,0,,,,,,,,,
433599,2010/11,2011-03-20,"MA Chidambaram Stadium, Chepauk",2,36.5,West Indies,India,AD Russell,RR Sarwan,Yuvraj Singh,0,0,,,,,,,,,
433599,2010/11,2011-03-20,"MA Chidambaram Stadium, Chepauk",2,36.6,West Indies,India,AD Russell,RR Sarwan,Yuvraj Singh,0,0,,,,,,caught,AD Russell,,
433599,2010/11,2011-03-20,"MA Chidambaram Stadium, Chepauk",2,37.1,West Indies,India,RR Sarwan,SJ Benn,MM Patel,1,0,,,,,,,,,
433599,2010/11,2011-03-20,"MA Chidambaram Stadium, Chepauk",2,37.2,West Indies,India,SJ Benn,RR Sarwan,MM Patel,0,0,,,,,,,,,
433599,2010/11,2011-03-20,"MA Chidambaram Stadium, Chepauk",2,37.3,West Indies,India,SJ Benn,RR Sarwan,MM Patel,1,0,,,,,,,,,
433599,2010/11,2011-03-20,"MA Chidambaram Stadium, Chepauk",2,37.4,West Indies,India,RR Sarwan,SJ Benn,MM Patel,0,0,,,,,,,,,
433599,2010/11,2011-03-20,"MA Chidambaram Stadium, Chepauk",2,37.5,West Indies,India,RR Sarwan,SJ Benn,MM Patel,1,0,,,,,,,,,
433599,2010/11,2011-03-20,"MA Chidambaram Stadium, Chepauk",2,37.6,West Indies,India,SJ Benn,RR Sarwan,MM Patel,0,0,,,,,,,,,
433599,2010/11,2011-03-20,"MA Chidambaram Stadium, Chepauk",2,38.1,West Indies,India,RR Sarwan,SJ Benn,Harbhajan Singh,4,0,,,,,,,,,
433599,2010/11,2011-03-20,"MA Chidambaram Stadium, Chepauk",2,38.2,West Indies,India,RR Sarwan,SJ Benn,Harbhajan Singh,1,0,,,,,,,,,
433599,2010/11,2011-03-20,"MA Chidambaram Stadium, Chepauk",2,38.3,West Indies,India,SJ Benn,RR Sarwan,Harbhajan Singh,0,0,,,,,,,,,
433599,2010/11,2011-03-20,"MA Chidambaram Stadium, Chepauk",2,38.4,West Indies,India,SJ Benn,RR Sarwan,Harbhajan Singh,0,0,,,,,,,,,
433599,2010/11,2011-03-20,"MA Chidambaram Stadium, Chepauk",2,38.5,West Indies,India,SJ Benn,RR Sarwan,Harbhajan Singh,0,0,,,,,,,,,
433599,2010/11,2011-03-20,"MA Chidambaram Stadium, Chepauk",2,38.6,West Indies,India,SJ Benn,RR Sarwan,Harbhajan Singh,0,1,,,,1,,,,,
433599,2010/11,2011-03-20,"MA Chidambaram Stadium, Chepauk",2,39.1,West Indies,India,SJ Benn,RR Sarwan,Z Khan,0,0,,,,,,,,,
433599,2010/11,2011-03-20,"MA Chidambaram Stadium, Chepauk",2,39.2,West Indies,India,SJ Benn,RR Sarwan,Z Khan,1,0,,,,,,,,,
433599,2010/11,2011-03-20,"MA Chidambaram Stadium, Chepauk",2,39.3,West Indies,India,RR Sarwan,SJ Benn,Z Khan,0,2,2,,,,,,,,
433599,2010/11,2011-03-20,"MA Chidambaram Stadium, Chepauk",2,39.4,West Indies,India,SJ Benn,RR Sarwan,Z Khan,1,0,,,,,,,,,
433599,2010/11,2011-03-20,"MA Chidambaram Stadium, Chepauk",2,39.5,West Indies,India,RR Sarwan,SJ Benn,Z Khan,1,0,,,,,,,,,
433599,2010/11,2011-03-20,"MA Chidambaram Stadium, Chepauk",2,39.6,West Indies,India,SJ Benn,RR Sarwan,Z Khan,0,0,,,,,,,,,
433599,2010/11,2011-03-20,"MA Chidambaram Stadium, Chepauk",2,39.7,West Indies,India,SJ Benn,RR Sarwan,Z Khan,0,0,,,,,,caught,SJ Benn,,
433599,2010/11,2011-03-20,"MA Chidambaram Stadium, Chepauk",2,40.1,West Indies,India,D Bishoo,RR Sarwan,R Ashwin,0,0,,,,,,,,,
433599,2010/11,2011-03-20,"MA Chidambaram Stadium, Chepauk",2,40.2,West Indies,India,D Bishoo,RR Sarwan,R Ashwin,0,0,,,,,,,,,
433599,2010/11,2011-03-20,"MA Chidambaram Stadium, Chepauk",2,40.3,West Indies,India,D Bishoo,RR Sarwan,R Ashwin,0,0,,,,,,,,,
433599,2010/11,2011-03-20,"MA Chidambaram Stadium, Chepauk",2,40.4,West Indies,India,D Bishoo,RR Sarwan,R Ashwin,1,0,,,,,,,,,
433599,2010/11,2011-03-20,"MA Chidambaram Stadium, Chepauk",2,40.5,West Indies,India,RR Sarwan,D Bishoo,R Ashwin,0,0,,,,,,,,,
433599,2010/11,2011-03-20,"MA Chidambaram Stadium, Chepauk",2,40.6,West Indies,India,RR Sarwan,D Bishoo,R Ashwin,0,1,1,,,,,,,,
433599,2010/11,2011-03-20,"MA Chidambaram Stadium, Chepauk",2,40.7,West Indies,India,RR Sarwan,D Bishoo,R Ashwin,1,0,,,,,,,,,
433599,2010/11,2011-03-20,"MA Chidambaram Stadium, Chepauk",2,41.1,West Indies,India,RR Sarwan,D Bishoo,Z Khan,0,0,,,,,,caught,RR Sarwan,,
433599,2010/11,2011-03-20,"MA Chidambaram Stadium, Chepauk",2,41.2,West Indies,India,D Bishoo,R Rampaul,Z Khan,0,0,,,,,,,,,
433599,2010/11,2011-03-20,"MA Chidambaram Stadium, Chepauk",2,41.3,West Indies,India,D Bishoo,R Rampaul,Z Khan,0,0,,,,,,,,,
433599,2010/11,2011-03-20,"MA Chidambaram Stadium, Chepauk",2,41.4,West Indies,India,D Bishoo,R Rampaul,Z Khan,4,0,,,,,,,,,
433599,2010/11,2011-03-20,"MA Chidambaram Stadium, Chepauk",2,41.5,West Indies,India,D Bishoo,R Rampaul,Z Khan,0,0,,,,,,,,,
433599,2010/11,2011-03-20,"MA Chidambaram Stadium, Chepauk",2,41.6,West Indies,India,D Bishoo,R Rampaul,Z Khan,0,0,,,,,,,,,
433599,2010/11,2011-03-20,"MA Chidambaram Stadium, Chepauk",2,42.1,West Indies,India,R Rampaul,D Bishoo,R Ashwin,0,0,,,,,,,,,
433599,2010/11,2011-03-20,"MA Chidambaram Stadium, Chepauk",2,42.2,West Indies,India,R Rampaul,D Bishoo,R Ashwin,1,0,,,,,,,,,
433599,2010/11,2011-03-20,"MA Chidambaram Stadium, Chepauk",2,42.3,West Indies,India,D Bishoo,R Rampaul,R Ashwin,0,0,,,,,,,,,
433599,2010/11,2011-03-20,"MA Chidambaram Stadium, Chepauk",2,42.4,West Indies,India,D Bishoo,R Rampaul,R Ashwin,1,0,,,,,,,,,
433599,2010/11,2011-03-20,"MA Chidambaram Stadium, Chepauk",2,42.5,West Indies,India,R Rampaul,D Bishoo,R Ashwin,0,0,,,,,,,,,
433599,2010/11,2011-03-20,"MA Chidambaram Stadium, Chepauk",2,42.6,West Indies,India,R Rampaul,D Bishoo,R Ashwin,0,0,,,,,,bowled,R Rampaul,,
