match_id,season,start_date,venue,innings,ball,batting_team,bowling_team,striker,non_striker,bowler,runs_off_bat,extras,wides,noballs,byes,legbyes,penalty,wicket_type,player_dismissed,other_wicket_type,other_player_dismissed
433563,2010/11,2011-02-23,"Mahinda Rajapaksa International Cricket Stadium, Sooriyawewa",1,0.1,Pakistan,Kenya,Mohammad Hafeez,Ahmed Shehzad,TM Odoyo,0,0,,,,,,,,,
433563,2010/11,2011-02-23,"Mahinda Rajapaksa International Cricket Stadium, Sooriyawewa",1,0.2,Pakistan,Kenya,Mohammad Hafeez,Ahmed Shehzad,TM Odoyo,0,0,,,,,,,,,
433563,2010/11,2011-02-23,"Mahinda Rajapaksa International Cricket Stadium, Sooriyawewa",1,0.3,Pakistan,Kenya,Mohammad Hafeez,Ahmed Shehzad,TM Odoyo,0,0,,,,,,,,,
433563,2010/11,2011-02-23,"Mahinda Rajapaksa International Cricket Stadium, Sooriyawewa",1,0.4,Pakistan,Kenya,Mohammad Hafeez,Ahmed Shehzad,TM Odoyo,0,0,,,,,,,,,
433563,2010/11,2011-02-23,"Mahinda Rajapaksa International Cricket Stadium, Sooriyawewa",1,0.5,Pakistan,Kenya,Mohammad Hafeez,Ahmed Shehzad,TM Odoyo,2,0,,,,,,,,,
433563,2010/11,2011-02-23,"Mahinda Rajapaksa International Cricket Stadium, Sooriyawewa",1,0.6,Pakistan,Kenya,Mohammad Hafeez,Ahmed Shehzad,TM Odoyo,2,0,,,,,,,,,
433563,2010/11,2011-02-23,"Mahinda Rajapaksa International Cricket Stadium, Sooriyawewa",1,1.1,Pakistan,Kenya,Ahmed Shehzad,Mohammad Hafeez,E Otieno,0,0,,,,,,,,,
433563,2010/11,2011-02-23,"Mahinda Rajapaksa International Cricket Stadium, Sooriyawewa",1,1.2,Pakistan,Kenya,Ahmed Shehzad,Mohammad Hafeez,E Otieno,0,1,,,,1,,,,,
433563,2010/11,2011-02-23,"Mahinda Rajapaksa International Cricket Stadium, Sooriyawewa",1,1.3,Pakistan,Kenya,Mohammad Hafeez,Ahmed Shehzad,E Otieno,1,0,,,,,,,,,
433563,2010/11,2011-02-23,"Mahinda Rajapaksa International Cricket Stadium, Sooriyawewa",1,1.4,Pakistan,Kenya,Ahmed Shehzad,Mohammad Hafeez,E Otieno,0,0,,,,,,,,,
433563,2010/11,2011-02-23,"Mahinda Rajapaksa International Cricket Stadium, Sooriyawewa",1,1.5,Pakistan,Kenya,Ahmed Shehzad,Mohammad Hafeez,E Otieno,0,0,,,,,,,,,
433563,2010/11,2011-02-23,"Mahinda Rajapaksa International Cricket Stadium, Sooriyawewa",1,1.6,Pakistan,Kenya,Ahmed Shehzad,Mohammad Hafeez,E Otieno,0,0,,,,,,,,,
433563,2010/11,2011-02-23,"Mahinda Rajapaksa International Cricket Stadium, Sooriyawewa",1,2.1,Pakistan,Kenya,Mohammad Hafeez,Ahmed Shehzad,TM Odoyo,0,0,,,,,,,,,
433563,2010/11,2011-02-23,"Mahinda Rajapaksa International Cricket Stadium, Sooriyawewa",1,2.2,Pakistan,Kenya,Mohammad Hafeez,Ahmed Shehzad,TM Odoyo,0,0,,,,,,,,,
433563,2010/11,2011-02-23,"Mahinda Rajapaksa International Cricket Stadium, Sooriyawewa",1,2.3,Pakistan,Kenya,Mohammad Hafeez,Ahmed Shehzad,TM Odoyo,0,0,,,,,,,,,
433563,2010/11,2011-02-23,"Mahinda Rajapaksa International Cricket Stadium, Sooriyawewa",1,2.4,Pakistan,Kenya,Mohammad Hafeez,Ahmed Shehzad,TM Odoyo,0,0,,,,,,,,,
433563,2010/11,2011-02-23,"Mahinda Rajapaksa International Cricket Stadium, Sooriyawewa",1,2.5,Pakistan,Kenya,Mohammad Hafeez,Ahmed Shehzad,TM Odoyo,0,0,,,,,,,,,
433563,2010/11,2011-02-23,"Mahinda Rajapaksa International Cricket Stadium, Sooriyawewa",1,2.6,Pakistan,Kenya,Mohammad Hafeez,Ahmed Shehzad,TM Odoyo,0,0,,,,,,,,,
433563,2010/11,2011-02-23,"Mahinda Rajapaksa International Cricket Stadium, Sooriyawewa",1,3.1,Pakistan,Kenya,Ahmed Shehzad,Mohammad Hafeez,E Otieno,0,0,,,,,,,,,
433563,2010/11,2011-02-23,"Mahinda Rajapaksa International Cricket Stadium, Sooriyawewa",1,3.2,Pakistan,Kenya,Ahmed Shehzad,Mohammad Hafeez,E Otieno,0,0,,,,,,,,,
433563,2010/11,2011-02-23,"Mahinda Rajapaksa International Cricket Stadium, Sooriyawewa",1,3.3,Pakistan,Kenya,Ahmed Shehzad,Mohammad Hafeez,E Otieno,0,0,,,,,,,,,
433563,2010/11,2011-02-23,"Mahinda Rajapaksa International Cricket Stadium, Sooriyawewa",1,3.4,Pakistan,Kenya,Ahmed Shehzad,Mohammad Hafeez,E Otieno,0,0,,,,,,,,,
433563,2010/11,2011-02-23,"Mahinda Rajapaksa International Cricket Stadium, Sooriyawewa",1,3.5,Pakistan,Kenya,Ahmed Shehzad,Mohammad Hafeez,E Otieno,0,0,,,,,,,,,
433563,2010/11,2011-02-23,"Mahinda Rajapaksa International Cricket Stadium, Sooriyawewa",1,3.6,Pakistan,Kenya,Ahmed Shehzad,Mohammad Hafeez,E Otieno,0,0,,,,,,,,,
433563,2010/11,2011-02-23,"Mahinda Rajapaksa International Cricket Stadium, Sooriyawewa",1,4.1,Pakistan,Kenya,Mohammad Hafeez,Ahmed Shehzad,TM Odoyo,0,0,,,,,,,,,
433563,2010/11,2011-02-23,"Mahinda Rajapaksa International Cricket Stadium, Sooriyawewa",1,4.2,Pakistan,Kenya,Mohammad Hafeez,Ahmed Shehzad,TM Odoyo,0,0,,,,,,,,,
433563,2010/11,2011-02-23,"Mahinda Rajapaksa International Cricket Stadium, Sooriyawewa",1,4.3,Pakistan,Kenya,Mohammad Hafeez,Ahmed Shehzad,TM Odoyo,4,0,,,,,,,,,
433563,2010/11,2011-02-23,"Mahinda Rajapaksa International Cricket Stadium, Sooriyawewa",1,4.4,Pakistan,Kenya,Mohammad Hafeez,Ahmed Shehzad,TM Odoyo,0,0,,,,,,,,,
433563,2010/11,2011-02-23,"Mahinda Rajapaksa International Cricket Stadium, Sooriyawewa",1,4.5,Pakistan,Kenya,Mohammad Hafeez,Ahmed Shehzad,TM Odoyo,0,0,,,,,,,,,
433563,2010/11,2011-02-23,"Mahinda Rajapaksa International Cricket Stadium, Sooriyawewa",1,4.6,Pakistan,Kenya,Mohammad Hafeez,Ahmed Shehzad,TM Odoyo,0,0,,,,,,,,,
433563,2010/11,2011-02-23,"Mahinda Rajapaksa International Cricket Stadium, Sooriyawewa",1,5.1,Pakistan,Kenya,Ahmed Shehzad,Mohammad Hafeez,E Otieno,0,0,,,,,,,,,
433563,2010/11,2011-02-23,"Mahinda Rajapaksa International Cricket Stadium, Sooriyawewa",1,5.2,Pakistan,Kenya,Ahmed Shehzad,Mohammad Hafeez,E Otieno,1,0,,,,,,,,,
433563,2010/11,2011-02-23,"Mahinda Rajapaksa International Cricket Stadium, Sooriyawewa",1,5.3,Pakistan,Kenya,Mohammad Hafeez,Ahmed Shehzad,E Otieno,0,0,,,,,,caught,Mohammad Hafeez,,
433563,2010/11,2011-02-23,"Mahinda Rajapaksa International Cricket Stadium, Sooriyawewa",1,5.4,Pakistan,Kenya,Kamran Akmal,Ahmed Shehzad,E Otieno,0,0,,,,,,,,,
433563,2010/11,2011-02-23,"Mahinda Rajapaksa International Cricket Stadium, Sooriyawewa",1,5.5,Pakistan,Kenya,Kamran Akmal,Ahmed Shehzad,E Otieno,0,1,,1,,,,,,,
433563,2010/11,2011-02-23,"Mahinda Rajapaksa International Cricket Stadium, Sooriyawewa",1,5.6,Pakistan,Kenya,Kamran Akmal,Ahmed Shehzad,E Otieno,0,0,,,,,,,,,
433563,2010/11,2011-02-23,"Mahinda Rajapaksa International Cricket Stadium, Sooriyawewa",1,5.7,Pakistan,Kenya,Kamran Akmal,Ahmed Shehzad,E Otieno,0,0,,,,,,,,,
433563,2010/11,2011-02-23,"Mahinda Rajapaksa International Cricket Stadium, Sooriyawewa",1,6.1,Pakistan,Kenya,Ahmed Shehzad,Kamran Akmal,TM Odoyo,0,0,,,,,,,,,
433563,2010/11,2011-02-23,"Mahinda Rajapaksa International Cricket Stadium, Sooriyawewa",1,6.2,Pakistan,Kenya,Ahmed Shehzad,Kamran Akmal,TM Odoyo,0,0,,,,,,,,,
433563,2010/11,2011-02-23,"Mahinda Rajapaksa International Cricket Stadium, Sooriyawewa",1,6.3,Pakistan,Kenya,Ahmed Shehzad,Kamran Akmal,TM Odoyo,0,0,,,,,,,,,
433563,2010/11,2011-02-23,"Mahinda Rajapaksa International Cricket Stadium, Sooriyawewa",1,6.4,Pakistan,Kenya,Ahmed Shehzad,Kamran Akmal,TM Odoyo,0,0,,,,,,,,,
433563,2010/11,2011-02-23,"Mahinda Rajapaksa International Cricket Stadium, Sooriyawewa",1,6.5,Pakistan,Kenya,Ahmed Shehzad,Kamran Akmal,TM Odoyo,0,0,,,,,,caught,Ahmed Shehzad,,
433563,2010/11,2011-02-23,"Mahinda Rajapaksa International Cricket Stadium, Sooriyawewa",1,6.6,Pakistan,Kenya,Younis Khan,Kamran Akmal,TM Odoyo,0,0,,,,,,,,,
433563,2010/11,2011-02-23,"Mahinda Rajapaksa International Cricket Stadium, Sooriyawewa",1,7.1,Pakistan,Kenya,Kamran Akmal,Younis Khan,E Otieno,0,0,,,,,,,,,
433563,2010/11,2011-02-23,"Mahinda Rajapaksa International Cricket Stadium, Sooriyawewa",1,7.2,Pakistan,Kenya,Kamran Akmal,Younis Khan,E Otieno,3,0,,,,,,,,,
433563,2010/11,2011-02-23,"Mahinda Rajapaksa International Cricket Stadium, Sooriyawewa",1,7.3,Pakistan,Kenya,Younis Khan,Kamran Akmal,E Otieno,0,0,,,,,,,,,
433563,2010/11,2011-02-23,"Mahinda Rajapaksa International Cricket Stadium, Sooriyawewa",1,7.4,Pakistan,Kenya,Younis Khan,Kamran Akmal,E Otieno,0,0,,,,,,,,,
433563,2010/11,2011-02-23,"Mahinda Rajapaksa International Cricket Stadium, Sooriyawewa",1,7.5,Pakistan,Kenya,Younis Khan,Kamran Akmal,E Otieno,1,0,,,,,,,,,
433563,2010/11,2011-02-23,"Mahinda Rajapaksa International Cricket Stadium, Sooriyawewa",1,7.6,Pakistan,Kenya,Kamran Akmal,Younis Khan,E Otieno,2,0,,,,,,,,,
433563,2010/11,2011-02-23,"Mahinda Rajapaksa International Cricket Stadium, Sooriyawewa",1,8.1,Pakistan,Kenya,Younis Khan,Kamran Akmal,TM Odoyo,3,0,,,,,,,,,
433563,2010/11,2011-02-23,"Mahinda Rajapaksa International Cricket Stadium, Sooriyawewa",1,8.2,Pakistan,Kenya,Kamran Akmal,Younis Khan,TM Odoyo,0,0,,,,,,,,,
433563,2010/11,2011-02-23,"Mahinda Rajapaksa International Cricket Stadium, Sooriyawewa",1,8.3,Pakistan,Kenya,Kamran Akmal,Younis Khan,TM Odoyo,0,0,,,,,,,,,
433563,2010/11,2011-02-23,"Mahinda Rajapaksa International Cricket Stadium, Sooriyawewa",1,8.4,Pakistan,Kenya,Kamran Akmal,Younis Khan,TM Odoyo,2,0,,,,,,,,,
433563,2010/11,2011-02-23,"Mahinda Rajapaksa International Cricket Stadium, Sooriyawewa",1,8.5,Pakistan,Kenya,Kamran Akmal,Younis Khan,TM Odoyo,0,1,1,,,,,,,,
433563,2010/11,2011-02-23,"Mahinda Rajapaksa International Cricket Stadium, Sooriyawewa",1,8.6,Pakistan,Kenya,Kamran Akmal,Younis Khan,TM Odoyo,0,0,,,,,,,,,
433563,2010/11,2011-02-23,"Mahinda Rajapaksa International Cricket Stadium, Sooriyawewa",1,8.7,Pakistan,Kenya,Kamran Akmal,Younis Khan,TM Odoyo,0,0,,,,,,,,,
433563,2010/11,2011-02-23,"Mahinda Rajapaksa International Cricket Stadium, Sooriyawewa",1,9.1,Pakistan,Kenya,Younis Khan,Kamran Akmal,NN Odhiambo,4,1,,1,,,,,,,
433563,2010/11,2011-02-23,"Mahinda Rajapaksa International Cricket Stadium, Sooriyawewa",1,9.2,Pakistan,Kenya,Younis Khan,Kamran Akmal,NN Odhiambo,0,0,,,,,,,,,
433563,2010/11,2011-02-23,"Mahinda Rajapaksa International Cricket Stadium, Sooriyawewa",1,9.3,Pakistan,Kenya,Younis Khan,Kamran Akmal,NN Odhiambo,1,0,,,,,,,,,
433563,2010/11,2011-02-23,"Mahinda Rajapaksa International Cricket Stadium, Sooriyawewa",1,9.4,Pakistan,Kenya,Kamran Akmal,Younis Khan,NN Odhiambo,0,1,,1,,,,,,,
433563,2010/11,2011-02-23,"Mahinda Rajapaksa International Cricket Stadium, Sooriyawewa",1,9.5,Pakistan,Kenya,Kamran Akmal,Younis Khan,NN Odhiambo,4,1,,1,,,,,,,
433563,2010/11,2011-02-23,"Mahinda Rajapaksa International Cricket Stadium, Sooriyawewa",1,9.6,Pakistan,Kenya,Kamran Akmal,Younis Khan,NN Odhiambo,4,0,,,,,,,,,
433563,2010/11,2011-02-23,"Mahinda Rajapaksa International Cricket Stadium, Sooriyawewa",1,9.7,Pakistan,Kenya,Kamran Akmal,Younis Khan,NN Odhiambo,0,0,,,,,,,,,
433563,2010/11,2011-02-23,"Mahinda Rajapaksa International Cricket Stadium, Sooriyawewa",1,9.8,Pakistan,Kenya,Kamran Akmal,Younis Khan,NN Odhiambo,0,0,,,,,,,,,
433563,2010/11,2011-02-23,"Mahinda Rajapaksa International Cricket Stadium, Sooriyawewa",1,9.9,Pakistan,Kenya,Kamran Akmal,Younis Khan,NN Odhiambo,0,0,,,,,,,,,
433563,2010/11,2011-02-23,"Mahinda Rajapaksa International Cricket Stadium, Sooriyawewa",1,10.1,Pakistan,Kenya,Younis Khan,Kamran Akmal,E Otieno,0,0,,,,,,,,,
433563,2010/11,2011-02-23,"Mahinda Rajapaksa International Cricket Stadium, Sooriyawewa",1,10.2,Pakistan,Kenya,Younis Khan,Kamran Akmal,E Otieno,1,0,,,,,,,,,
433563,2010/11,2011-02-23,"Mahinda Rajapaksa International Cricket Stadium, Sooriyawewa",1,10.3,Pakistan,Kenya,Kamran Akmal,Younis Khan,E Otieno,0,0,,,,,,,,,
433563,2010/11,2011-02-23,"Mahinda Rajapaksa International Cricket Stadium, Sooriyawewa",1,10.4,Pakistan,Kenya,Kamran Akmal,Younis Khan,E Otieno,0,0,,,,,,,,,
433563,2010/11,2011-02-23,"Mahinda Rajapaksa International Cricket Stadium, Sooriyawewa",1,10.5,Pakistan,Kenya,Kamran Akmal,Younis Khan,E Otieno,2,0,,,,,,,,,
433563,2010/11,2011-02-23,"Mahinda Rajapaksa International Cricket Stadium, Sooriyawewa",1,10.6,Pakistan,Kenya,Kamran Akmal,Younis Khan,E Otieno,1,0,,,,,,,,,
433563,2010/11,2011-02-23,"Mahinda Rajapaksa International Cricket Stadium, Sooriyawewa",1,11.1,Pakistan,Kenya,Kamran Akmal,Younis Khan,NN Odhiambo,0,0,,,,,,,,,
433563,2010/11,2011-02-23,"Mahinda Rajapaksa International Cricket Stadium, Sooriyawewa",1,11.2,Pakistan,Kenya,Kamran Akmal,Younis Khan,NN Odhiambo,0,0,,,,,,,,,
433563,2010/11,2011-02-23,"Mahinda Rajapaksa International Cricket Stadium, Sooriyawewa",1,11.3,Pakistan,Kenya,Kamran Akmal,Younis Khan,NN Odhiambo,4,0,,,,,,,,,
433563,2010/11,2011-02-23,"Mahinda Rajapaksa International Cricket Stadium, Sooriyawewa",1,11.4,Pakistan,Kenya,Kamran Akmal,Younis Khan,NN Odhiambo,0,0,,,,,,,,,
433563,2010/11,2011-02-23,"Mahinda Rajapaksa International Cricket Stadium, Sooriyawewa",1,11.5,Pakistan,Kenya,Kamran Akmal,Younis Khan,NN Odhiambo,0,0,,,,,,,,,
433563,2010/11,2011-02-23,"Mahinda Rajapaksa International Cricket Stadium, Sooriyawewa",1,11.6,Pakistan,Kenya,Kamran Akmal,Younis Khan,NN Odhiambo,0,0,,,,,,,,,
433563,2010/11,2011-02-23,"Mahinda Rajapaksa International Cricket Stadium, Sooriyawewa",1,12.1,Pakistan,Kenya,Younis Khan,Kamran Akmal,E Otieno,0,0,,,,,,,,,
433563,2010/11,2011-02-23,"Mahinda Rajapaksa International Cricket Stadium, Sooriyawewa",1,12.2,Pakistan,Kenya,Younis Khan,Kamran Akmal,E Otieno,3,0,,,,,,,,,
433563,2010/11,2011-02-23,"Mahinda Rajapaksa International Cricket Stadium, Sooriyawewa",1,12.3,Pakistan,Kenya,Kamran Akmal,Younis Khan,E Otieno,0,0,,,,,,,,,
433563,2010/11,2011-02-23,"Mahinda Rajapaksa International Cricket Stadium, Sooriyawewa",1,12.4,Pakistan,Kenya,Kamran Akmal,Younis Khan,E Otieno,1,0,,,,,,,,,
433563,2010/11,2011-02-23,"Mahinda Rajapaksa International Cricket Stadium, Sooriyawewa",1,12.5,Pakistan,Kenya,Younis Khan,Kamran Akmal,E Otieno,0,0,,,,,,,,,
433563,2010/11,2011-02-23,"Mahinda Rajapaksa International Cricket Stadium, Sooriyawewa",1,12.6,Pakistan,Kenya,Younis Khan,Kamran Akmal,E Otieno,0,0,,,,,,,,,
433563,2010/11,2011-02-23,"Mahinda Rajapaksa International Cricket Stadium, Sooriyawewa",1,13.1,Pakistan,Kenya,Kamran Akmal,Younis Khan,NN Odhiambo,4,0,,,,,,,,,
433563,2010/11,2011-02-23,"Mahinda Rajapaksa International Cricket Stadium, Sooriyawewa",1,13.2,Pakistan,Kenya,Kamran Akmal,Younis Khan,NN Odhiambo,0,0,,,,,,,,,
433563,2010/11,2011-02-23,"Mahinda Rajapaksa International Cricket Stadium, Sooriyawewa",1,13.3,Pakistan,Kenya,Kamran Akmal,Younis Khan,NN Odhiambo,0,0,,,,,,,,,
433563,2010/11,2011-02-23,"Mahinda Rajapaksa International Cricket Stadium, Sooriyawewa",1,13.4,Pakistan,Kenya,Kamran Akmal,Younis Khan,NN Odhiambo,1,0,,,,,,,,,
433563,2010/11,2011-02-23,"Mahinda Rajapaksa International Cricket Stadium, Sooriyawewa",1,13.5,Pakistan,Kenya,Younis Khan,Kamran Akmal,NN Odhiambo,1,0,,,,,,,,,
433563,2010/11,2011-02-23,"Mahinda Rajapaksa International Cricket Stadium, Sooriyawewa",1,13.6,Pakistan,Kenya,Kamran Akmal,Younis Khan,NN Odhiambo,0,0,,,,,,,,,
433563,2010/11,2011-02-23,"Mahinda Rajapaksa International Cricket Stadium, Sooriyawewa",1,14.1,Pakistan,Kenya,Younis Khan,Kamran Akmal,E Otieno,0,0,,,,,,,,,
433563,2010/11,2011-02-23,"Mahinda Rajapaksa International Cricket Stadium, Sooriyawewa",1,14.2,Pakistan,Kenya,Younis Khan,Kamran Akmal,E Otieno,1,0,,,,,,,,,
433563,2010/11,2011-02-23,"Mahinda Rajapaksa International Cricket Stadium, Sooriyawewa",1,14.3,Pakistan,Kenya,Kamran Akmal,Younis Khan,E Otieno,0,0,,,,,,,,,
433563,2010/11,2011-02-23,"Mahinda Rajapaksa International Cricket Stadium, Sooriyawewa",1,14.4,Pakistan,Kenya,Kamran Akmal,Younis Khan,E Otieno,0,0,,,,,,,,,
433563,2010/11,2011-02-23,"Mahinda Rajapaksa International Cricket Stadium, Sooriyawewa",1,14.5,Pakistan,Kenya,Kamran Akmal,Younis Khan,E Otieno,0,0,,,,,,,,,
433563,2010/11,2011-02-23,"Mahinda Rajapaksa International Cricket Stadium, Sooriyawewa",1,14.6,Pakistan,Kenya,Kamran Akmal,Younis Khan,E Otieno,2,0,,,,,,,,,
433563,2010/11,2011-02-23,"Mahinda Rajapaksa International Cricket Stadium, Sooriyawewa",1,15.1,Pakistan,Kenya,Younis Khan,Kamran Akmal,NN Odhiambo,0,0,,,,,,,,,
433563,2010/11,2011-02-23,"Mahinda Rajapaksa International Cricket Stadium, Sooriyawewa",1,15.2,Pakistan,Kenya,Younis Khan,Kamran Akmal,NN Odhiambo,1,0,,,,,,,,,
433563,2010/11,2011-02-23,"Mahinda Rajapaksa International Cricket Stadium, Sooriyawewa",1,15.3,Pakistan,Kenya,Kamran Akmal,Younis Khan,NN Odhiambo,0,1,1,,,,,,,,
433563,2010/11,2011-02-23,"Mahinda Rajapaksa International Cricket Stadium, Sooriyawewa",1,15.4,Pakistan,Kenya,Kamran Akmal,Younis Khan,NN Odhiambo,0,0,,,,,,,,,
433563,2010/11,2011-02-23,"Mahinda Rajapaksa International Cricket Stadium, Sooriyawewa",1,15.5,Pakistan,Kenya,Kamran Akmal,Younis Khan,NN Odhiambo,0,0,,,,,,,,,
433563,2010/11,2011-02-23,"Mahinda Rajapaksa International Cricket Stadium, Sooriyawewa",1,15.6,Pakistan,Kenya,Kamran Akmal,Younis Khan,NN Odhiambo,1,0,,,,,,,,,
433563,2010/11,2011-02-23,"Mahinda Rajapaksa International Cricket Stadium, Sooriyawewa",1,15.7,Pakistan,Kenya,Younis Khan,Kamran Akmal,NN Odhiambo,1,0,,,,,,,,,
433563,2010/11,2011-02-23,"Mahinda Rajapaksa International Cricket Stadium, Sooriyawewa",1,16.1,Pakistan,Kenya,Younis Khan,Kamran Akmal,SO Ngoche,0,0,,,,,,,,,
433563,2010/11,2011-02-23,"Mahinda Rajapaksa International Cricket Stadium, Sooriyawewa",1,16.2,Pakistan,Kenya,Younis Khan,Kamran Akmal,SO Ngoche,1,0,,,,,,,,,
433563,2010/11,2011-02-23,"Mahinda Rajapaksa International Cricket Stadium, Sooriyawewa",1,16.3,Pakistan,Kenya,Kamran Akmal,Younis Khan,SO Ngoche,0,0,,,,,,,,,
433563,2010/11,2011-02-23,"Mahinda Rajapaksa International Cricket Stadium, Sooriyawewa",1,16.4,Pakistan,Kenya,Kamran Akmal,Younis Khan,SO Ngoche,1,0,,,,,,,,,
433563,2010/11,2011-02-23,"Mahinda Rajapaksa International Cricket Stadium, Sooriyawewa",1,16.5,Pakistan,Kenya,Younis Khan,Kamran Akmal,SO Ngoche,1,0,,,,,,,,,
433563,2010/11,2011-02-23,"Mahinda Rajapaksa International Cricket Stadium, Sooriyawewa",1,16.6,Pakistan,Kenya,Kamran Akmal,Younis Khan,SO Ngoche,1,0,,,,,,,,,
433563,2010/11,2011-02-23,"Mahinda Rajapaksa International Cricket Stadium, Sooriyawewa",1,17.1,Pakistan,Kenya,Kamran Akmal,Younis Khan,JK Kamande,3,0,,,,,,,,,
433563,2010/11,2011-02-23,"Mahinda Rajapaksa International Cricket Stadium, Sooriyawewa",1,17.2,Pakistan,Kenya,Younis Khan,Kamran Akmal,JK Kamande,0,0,,,,,,,,,
433563,2010/11,2011-02-23,"Mahinda Rajapaksa International Cricket Stadium, Sooriyawewa",1,17.3,Pakistan,Kenya,Younis Khan,Kamran Akmal,JK Kamande,1,0,,,,,,,,,
433563,2010/11,2011-02-23,"Mahinda Rajapaksa International Cricket Stadium, Sooriyawewa",1,17.4,Pakistan,Kenya,Kamran Akmal,Younis Khan,JK Kamande,0,0,,,,,,,,,
433563,2010/11,2011-02-23,"Mahinda Rajapaksa International Cricket Stadium, Sooriyawewa",1,17.5,Pakistan,Kenya,Kamran Akmal,Younis Khan,JK Kamande,3,0,,,,,,,,,
433563,2010/11,2011-02-23,"Mahinda Rajapaksa International Cricket Stadium, Sooriyawewa",1,17.6,Pakistan,Kenya,Younis Khan,Kamran Akmal,JK Kamande,1,0,,,,,,,,,
433563,2010/11,2011-02-23,"Mahinda Rajapaksa International Cricket Stadium, Sooriyawewa",1,18.1,Pakistan,Kenya,Younis Khan,Kamran Akmal,SO Ngoche,1,0,,,,,,,,,
433563,2010/11,2011-02-23,"Mahinda Rajapaksa International Cricket Stadium, Sooriyawewa",1,18.2,Pakistan,Kenya,Kamran Akmal,Younis Khan,SO Ngoche,1,0,,,,,,,,,
433563,2010/11,2011-02-23,"Mahinda Rajapaksa International Cricket Stadium, Sooriyawewa",1,18.3,Pakistan,Kenya,Younis Khan,Kamran Akmal,SO Ngoche,0,0,,,,,,,,,
433563,2010/11,2011-02-23,"Mahinda Rajapaksa International Cricket Stadium, Sooriyawewa",1,18.4,Pakistan,Kenya,Younis Khan,Kamran Akmal,SO Ngoche,0,0,,,,,,,,,
433563,2010/11,2011-02-23,"Mahinda Rajapaksa International Cricket Stadium, Sooriyawewa",1,18.5,Pakistan,Kenya,Younis Khan,Kamran Akmal,SO Ngoche,0,0,,,,,,,,,
433563,2010/11,2011-02-23,"Mahinda Rajapaksa International Cricket Stadium, Sooriyawewa",1,18.6,Pakistan,Kenya,Younis Khan,Kamran Akmal,SO Ngoche,1,0,,,,,,,,,
433563,2010/11,2011-02-23,"Mahinda Rajapaksa International Cricket Stadium, Sooriyawewa",1,19.1,Pakistan,Kenya,Younis Khan,Kamran Akmal,JK Kamande,0,1,1,,,,,,,,
433563,2010/11,2011-02-23,"Mahinda Rajapaksa International Cricket Stadium, Sooriyawewa",1,19.2,Pakistan,Kenya,Younis Khan,Kamran Akmal,JK Kamande,0,0,,,,,,,,,
433563,2010/11,2011-02-23,"Mahinda Rajapaksa International Cricket Stadium, Sooriyawewa",1,19.3,Pakistan,Kenya,Younis Khan,Kamran Akmal,JK Kamande,1,0,,,,,,,,,
433563,2010/11,2011-02-23,"Mahinda Rajapaksa International Cricket Stadium, Sooriyawewa",1,19.4,Pakistan,Kenya,Kamran Akmal,Younis Khan,JK Kamande,1,0,,,,,,,,,
433563,2010/11,2011-02-23,"Mahinda Rajapaksa International Cricket Stadium, Sooriyawewa",1,19.5,Pakistan,Kenya,Younis Khan,Kamran Akmal,JK Kamande,4,0,,,,,,,,,
433563,2010/11,2011-02-23,"Mahinda Rajapaksa International Cricket Stadium, Sooriyawewa",1,19.6,Pakistan,Kenya,Younis Khan,Kamran Akmal,JK Kamande,0,0,,,,,,,,,
433563,2010/11,2011-02-23,"Mahinda Rajapaksa International Cricket Stadium, Sooriyawewa",1,19.7,Pakistan,Kenya,Younis Khan,Kamran Akmal,JK Kamande,0,0,,,,,,,,,
433563,2010/11,2011-02-23,"Mahinda Rajapaksa International Cricket Stadium, Sooriyawewa",1,20.1,Pakistan,Kenya,Kamran Akmal,Younis Khan,SO Ngoche,2,0,,,,,,,,,
433563,2010/11,2011-02-23,"Mahinda Rajapaksa International Cricket Stadium, Sooriyawewa",1,20.2,Pakistan,Kenya,Kamran Akmal,Younis Khan,SO Ngoche,0,0,,,,,,,,,
433563,2010/11,2011-02-23,"Mahinda Rajapaksa International Cricket Stadium, Sooriyawewa",1,20.3,Pakistan,Kenya,Kamran Akmal,Younis Khan,SO Ngoche,0,0,,,,,,,,,
433563,2010/11,2011-02-23,"Mahinda Rajapaksa International Cricket Stadium, Sooriyawewa",1,20.4,Pakistan,Kenya,Kamran Akmal,Younis Khan,SO Ngoche,1,0,,,,,,,,,
433563,2010/11,2011-02-23,"Mahinda Rajapaksa International Cricket Stadium, Sooriyawewa",1,20.5,Pakistan,Kenya,Younis Khan,Kamran Akmal,SO Ngoche,0,0,,,,,,,,,
433563,2010/11,2011-02-23,"Mahinda Rajapaksa International Cricket Stadium, Sooriyawewa",1,20.6,Pakistan,Kenya,Younis Khan,Kamran Akmal,SO Ngoche,0,0,,,,,,,,,
433563,2010/11,2011-02-23,"Mahinda Rajapaksa International Cricket Stadium, Sooriyawewa",1,21.1,Pakistan,Kenya,Kamran Akmal,Younis Khan,JK Kamande,2,0,,,,,,,,,
433563,2010/11,2011-02-23,"Mahinda Rajapaksa International Cricket Stadium, Sooriyawewa",1,21.2,Pakistan,Kenya,Kamran Akmal,Younis Khan,JK Kamande,0,0,,,,,,,,,
433563,2010/11,2011-02-23,"Mahinda Rajapaksa International Cricket Stadium, Sooriyawewa",1,21.3,Pakistan,Kenya,Kamran Akmal,Younis Khan,JK Kamande,1,0,,,,,,,,,
433563,2010/11,2011-02-23,"Mahinda Rajapaksa International Cricket Stadium, Sooriyawewa",1,21.4,Pakistan,Kenya,Younis Khan,Kamran Akmal,JK Kamande,1,0,,,,,,,,,
433563,2010/11,2011-02-23,"Mahinda Rajapaksa International Cricket Stadium, Sooriyawewa",1,21.5,Pakistan,Kenya,Kamran Akmal,Younis Khan,JK Kamande,1,0,,,,,,,,,
433563,2010/11,2011-02-23,"Mahinda Rajapaksa International Cricket Stadium, Sooriyawewa",1,21.6,Pakistan,Kenya,Younis Khan,Kamran Akmal,JK Kamande,1,0,,,,,,,,,
433563,2010/11,2011-02-23,"Mahinda Rajapaksa International Cricket Stadium, Sooriyawewa",1,22.1,Pakistan,Kenya,Younis Khan,Kamran Akmal,SO Ngoche,0,0,,,,,,,,,
433563,2010/11,2011-02-23,"Mahinda Rajapaksa International Cricket Stadium, Sooriyawewa",1,22.2,Pakistan,Kenya,Younis Khan,Kamran Akmal,SO Ngoche,2,0,,,,,,,,,
433563,2010/11,2011-02-23,"Mahinda Rajapaksa International Cricket Stadium, Sooriyawewa",1,22.3,Pakistan,Kenya,Younis Khan,Kamran Akmal,SO Ngoche,0,0,,,,,,,,,
433563,2010/11,2011-02-23,"Mahinda Rajapaksa International Cricket Stadium, Sooriyawewa",1,22.4,Pakistan,Kenya,Younis Khan,Kamran Akmal,SO Ngoche,1,0,,,,,,,,,
433563,2010/11,2011-02-23,"Mahinda Rajapaksa International Cricket Stadium, Sooriyawewa",1,22.5,Pakistan,Kenya,Kamran Akmal,Younis Khan,SO Ngoche,0,1,1,,,,,,,,
433563,2010/11,2011-02-23,"Mahinda Rajapaksa International Cricket Stadium, Sooriyawewa",1,22.6,Pakistan,Kenya,Kamran Akmal,Younis Khan,SO Ngoche,0,0,,,,,,,,,
433563,2010/11,2011-02-23,"Mahinda Rajapaksa International Cricket Stadium, Sooriyawewa",1,22.7,Pakistan,Kenya,Kamran Akmal,Younis Khan,SO Ngoche,1,0,,,,,,,,,
433563,2010/11,2011-02-23,"Mahinda Rajapaksa International Cricket Stadium, Sooriyawewa",1,23.1,Pakistan,Kenya,Kamran Akmal,Younis Khan,JK Kamande,0,0,,,,,,,,,
433563,2010/11,2011-02-23,"Mahinda Rajapaksa International Cricket Stadium, Sooriyawewa",1,23.2,Pakistan,Kenya,Kamran Akmal,Younis Khan,JK Kamande,1,0,,,,,,,,,
433563,2010/11,2011-02-23,"Mahinda Rajapaksa International Cricket Stadium, Sooriyawewa",1,23.3,Pakistan,Kenya,Younis Khan,Kamran Akmal,JK Kamande,1,0,,,,,,,,,
433563,2010/11,2011-02-23,"Mahinda Rajapaksa International Cricket Stadium, Sooriyawewa",1,23.4,Pakistan,Kenya,Kamran Akmal,Younis Khan,JK Kamande,0,0,,,,,,,,,
433563,2010/11,2011-02-23,"Mahinda Rajapaksa International Cricket Stadium, Sooriyawewa",1,23.5,Pakistan,Kenya,Kamran Akmal,Younis Khan,JK Kamande,0,0,,,,,,,,,
433563,2010/11,2011-02-23,"Mahinda Rajapaksa International Cricket Stadium, Sooriyawewa",1,23.6,Pakistan,Kenya,Kamran Akmal,Younis Khan,JK Kamande,4,0,,,,,,,,,
433563,2010/11,2011-02-23,"Mahinda Rajapaksa International Cricket Stadium, Sooriyawewa",1,24.1,Pakistan,Kenya,Younis Khan,Kamran Akmal,SO Ngoche,1,0,,,,,,,,,
433563,2010/11,2011-02-23,"Mahinda Rajapaksa International Cricket Stadium, Sooriyawewa",1,24.2,Pakistan,Kenya,Kamran Akmal,Younis Khan,SO Ngoche,1,0,,,,,,,,,
433563,2010/11,2011-02-23,"Mahinda Rajapaksa International Cricket Stadium, Sooriyawewa",1,24.3,Pakistan,Kenya,Younis Khan,Kamran Akmal,SO Ngoche,1,0,,,,,,,,,
433563,2010/11,2011-02-23,"Mahinda Rajapaksa International Cricket Stadium, Sooriyawewa",1,24.4,Pakistan,Kenya,Kamran Akmal,Younis Khan,SO Ngoche,0,0,,,,,,stumped,Kamran Akmal,,
433563,2010/11,2011-02-23,"Mahinda Rajapaksa International Cricket Stadium, Sooriyawewa",1,24.5,Pakistan,Kenya,Misbah-ul-Haq,Younis Khan,SO Ngoche,0,0,,,,,,,,,
433563,2010/11,2011-02-23,"Mahinda Rajapaksa International Cricket Stadium, Sooriyawewa",1,24.6,Pakistan,Kenya,Misbah-ul-Haq,Younis Khan,SO Ngoche,0,0,,,,,,,,,
433563,2010/11,2011-02-23,"Mahinda Rajapaksa International Cricket Stadium, Sooriyawewa",1,25.1,Pakistan,Kenya,Younis Khan,Misbah-ul-Haq,SO Tikolo,1,1,,1,,,,,,,
433563,2010/11,2011-02-23,"Mahinda Rajapaksa International Cricket Stadium, Sooriyawewa",1,25.2,Pakistan,Kenya,Misbah-ul-Haq,Younis Khan,SO Tikolo,6,0,,,,,,,,,
433563,2010/11,2011-02-23,"Mahinda Rajapaksa International Cricket Stadium, Sooriyawewa",1,25.3,Pakistan,Kenya,Misbah-ul-Haq,Younis Khan,SO Tikolo,0,0,,,,,,,,,
433563,2010/11,2011-02-23,"Mahinda Rajapaksa International Cricket Stadium, Sooriyawewa",1,25.4,Pakistan,Kenya,Misbah-ul-Haq,Younis Khan,SO Tikolo,0,0,,,,,,,,,
433563,2010/11,2011-02-23,"Mahinda Rajapaksa International Cricket Stadium, Sooriyawewa",1,25.5,Pakistan,Kenya,Misbah-ul-Haq,Younis Khan,SO Tikolo,0,0,,,,,,,,,
433563,2010/11,2011-02-23,"Mahinda Rajapaksa International Cricket Stadium, Sooriyawewa",1,25.6,Pakistan,Kenya,Misbah-ul-Haq,Younis Khan,SO Tikolo,0,0,,,,,,,,,
433563,2010/11,2011-02-23,"Mahinda Rajapaksa International Cricket Stadium, Sooriyawewa",1,25.7,Pakistan,Kenya,Misbah-ul-Haq,Younis Khan,SO Tikolo,1,0,,,,,,,,,
433563,2010/11,2011-02-23,"Mahinda Rajapaksa International Cricket Stadium, Sooriyawewa",1,26.1,Pakistan,Kenya,Misbah-ul-Haq,Younis Khan,SO Ngoche,2,0,,,,,,,,,
433563,2010/11,2011-02-23,"Mahinda Rajapaksa International Cricket Stadium, Sooriyawewa",1,26.2,Pakistan,Kenya,Misbah-ul-Haq,Younis Khan,SO Ngoche,1,0,,,,,,,,,
433563,2010/11,2011-02-23,"Mahinda Rajapaksa International Cricket Stadium, Sooriyawewa",1,26.3,Pakistan,Kenya,Younis Khan,Misbah-ul-Haq,SO Ngoche,1,0,,,,,,,,,
433563,2010/11,2011-02-23,"Mahinda Rajapaksa International Cricket Stadium, Sooriyawewa",1,26.4,Pakistan,Kenya,Misbah-ul-Haq,Younis Khan,SO Ngoche,1,0,,,,,,,,,
433563,2010/11,2011-02-23,"Mahinda Rajapaksa International Cricket Stadium, Sooriyawewa",1,26.5,Pakistan,Kenya,Younis Khan,Misbah-ul-Haq,SO Ngoche,0,0,,,,,,,,,
433563,2010/11,2011-02-23,"Mahinda Rajapaksa International Cricket Stadium, Sooriyawewa",1,26.6,Pakistan,Kenya,Younis Khan,Misbah-ul-Haq,SO Ngoche,1,0,,,,,,,,,
433563,2010/11,2011-02-23,"Mahinda Rajapaksa International Cricket Stadium, Sooriyawewa",1,27.1,Pakistan,Kenya,Younis Khan,Misbah-ul-Haq,SO Tikolo,1,0,,,,,,,,,
433563,2010/11,2011-02-23,"Mahinda Rajapaksa International Cricket Stadium, Sooriyawewa",1,27.2,Pakistan,Kenya,Misbah-ul-Haq,Younis Khan,SO Tikolo,1,0,,,,,,,,,
433563,2010/11,2011-02-23,"Mahinda Rajapaksa International Cricket Stadium, Sooriyawewa",1,27.3,Pakistan,Kenya,Younis Khan,Misbah-ul-Haq,SO Tikolo,0,0,,,,,,,,,
433563,2010/11,2011-02-23,"Mahinda Rajapaksa International Cricket Stadium, Sooriyawewa",1,27.4,Pakistan,Kenya,Younis Khan,Misbah-ul-Haq,SO Tikolo,1,0,,,,,,,,,
433563,2010/11,2011-02-23,"Mahinda Rajapaksa International Cricket Stadium, Sooriyawewa",1,27.5,Pakistan,Kenya,Misbah-ul-Haq,Younis Khan,SO Tikolo,1,0,,,,,,,,,
433563,2010/11,2011-02-23,"Mahinda Rajapaksa International Cricket Stadium, Sooriyawewa",1,27.6,Pakistan,Kenya,Younis Khan,Misbah-ul-Haq,SO Tikolo,0,0,,,,,,,,,
433563,2010/11,2011-02-23,"Mahinda Rajapaksa International Cricket Stadium, Sooriyawewa",1,28.1,Pakistan,Kenya,Misbah-ul-Haq,Younis Khan,SO Ngoche,0,0,,,,,,,,,
433563,2010/11,2011-02-23,"Mahinda Rajapaksa International Cricket Stadium, Sooriyawewa",1,28.2,Pakistan,Kenya,Misbah-ul-Haq,Younis Khan,SO Ngoche,2,0,,,,,,,,,
433563,2010/11,2011-02-23,"Mahinda Rajapaksa International Cricket Stadium, Sooriyawewa",1,28.3,Pakistan,Kenya,Misbah-ul-Haq,Younis Khan,SO Ngoche,0,0,,,,,,,,,
433563,2010/11,2011-02-23,"Mahinda Rajapaksa International Cricket Stadium, Sooriyawewa",1,28.4,Pakistan,Kenya,Misbah-ul-Haq,Younis Khan,SO Ngoche,2,0,,,,,,,,,
433563,2010/11,2011-02-23,"Mahinda Rajapaksa International Cricket Stadium, Sooriyawewa",1,28.5,Pakistan,Kenya,Misbah-ul-Haq,Younis Khan,SO Ngoche,1,0,,,,,,,,,
433563,2010/11,2011-02-23,"Mahinda Rajapaksa International Cricket Stadium, Sooriyawewa",1,28.6,Pakistan,Kenya,Younis Khan,Misbah-ul-Haq,SO Ngoche,1,0,,,,,,,,,
433563,2010/11,2011-02-23,"Mahinda Rajapaksa International Cricket Stadium, Sooriyawewa",1,29.1,Pakistan,Kenya,Younis Khan,Misbah-ul-Haq,SO Tikolo,1,0,,,,,,,,,
433563,2010/11,2011-02-23,"Mahinda Rajapaksa International Cricket Stadium, Sooriyawewa",1,29.2,Pakistan,Kenya,Misbah-ul-Haq,Younis Khan,SO Tikolo,1,0,,,,,,,,,
433563,2010/11,2011-02-23,"Mahinda Rajapaksa International Cricket Stadium, Sooriyawewa",1,29.3,Pakistan,Kenya,Younis Khan,Misbah-ul-Haq,SO Tikolo,0,0,,,,,,,,,
433563,2010/11,2011-02-23,"Mahinda Rajapaksa International Cricket Stadium, Sooriyawewa",1,29.4,Pakistan,Kenya,Younis Khan,Misbah-ul-Haq,SO Tikolo,2,0,,,,,,,,,
433563,2010/11,2011-02-23,"Mahinda Rajapaksa International Cricket Stadium, Sooriyawewa",1,29.5,Pakistan,Kenya,Younis Khan,Misbah-ul-Haq,SO Tikolo,1,0,,,,,,,,,
433563,2010/11,2011-02-23,"Mahinda Rajapaksa International Cricket Stadium, Sooriyawewa",1,29.6,Pakistan,Kenya,Misbah-ul-Haq,Younis Khan,SO Tikolo,0,0,,,,,,,,,
433563,2010/11,2011-02-23,"Mahinda Rajapaksa International Cricket Stadium, Sooriyawewa",1,30.1,Pakistan,Kenya,Younis Khan,Misbah-ul-Haq,SO Ngoche,1,0,,,,,,,,,
433563,2010/11,2011-02-23,"Mahinda Rajapaksa International Cricket Stadium, Sooriyawewa",1,30.2,Pakistan,Kenya,Misbah-ul-Haq,Younis Khan,SO Ngoche,0,0,,,,,,,,,
433563,2010/11,2011-02-23,"Mahinda Rajapaksa International Cricket Stadium, Sooriyawewa",1,30.3,Pakistan,Kenya,Misbah-ul-Haq,Younis Khan,SO Ngoche,4,0,,,,,,,,,
433563,2010/11,2011-02-23,"Mahinda Rajapaksa International Cricket Stadium, Sooriyawewa",1,30.4,Pakistan,Kenya,Misbah-ul-Haq,Younis Khan,SO Ngoche,2,0,,,,,,,,,
433563,2010/11,2011-02-23,"Mahinda Rajapaksa International Cricket Stadium, Sooriyawewa",1,30.5,Pakistan,Kenya,Misbah-ul-Haq,Younis Khan,SO Ngoche,1,0,,,,,,,,,
433563,2010/11,2011-02-23,"Mahinda Rajapaksa International Cricket Stadium, Sooriyawewa",1,30.6,Pakistan,Kenya,Younis Khan,Misbah-ul-Haq,SO Ngoche,0,0,,,,,,,,,
433563,2010/11,2011-02-23,"Mahinda Rajapaksa International Cricket Stadium, Sooriyawewa",1,31.1,Pakistan,Kenya,Misbah-ul-Haq,Younis Khan,SO Tikolo,0,0,,,,,,,,,
433563,2010/11,2011-02-23,"Mahinda Rajapaksa International Cricket Stadium, Sooriyawewa",1,31.2,Pakistan,Kenya,Misbah-ul-Haq,Younis Khan,SO Tikolo,0,0,,,,,,,,,
433563,2010/11,2011-02-23,"Mahinda Rajapaksa International Cricket Stadium, Sooriyawewa",1,31.3,Pakistan,Kenya,Misbah-ul-Haq,Younis Khan,SO Tikolo,0,0,,,,,,,,,
433563,2010/11,2011-02-23,"Mahinda Rajapaksa International Cricket Stadium, Sooriyawewa",1,31.4,Pakistan,Kenya,Misbah-ul-Haq,Younis Khan,SO Tikolo,0,0,,,,,,,,,
433563,2010/11,2011-02-23,"Mahinda Rajapaksa International Cricket Stadium, Sooriyawewa",1,31.5,Pakistan,Kenya,Misbah-ul-Haq,Younis Khan,SO Tikolo,0,0,,,,,,,,,
433563,2010/11,2011-02-23,"Mahinda Rajapaksa International Cricket Stadium, Sooriyawewa",1,31.6,Pakistan,Kenya,Misbah-ul-Haq,Younis Khan,SO Tikolo,1,0,,,,,,,,,
433563,2010/11,2011-02-23,"Mahinda Rajapaksa International Cricket Stadium, Sooriyawewa",1,32.1,Pakistan,Kenya,Misbah-ul-Haq,Younis Khan,SO Ngoche,1,0,,,,,,,,,
433563,2010/11,2011-02-23,"Mahinda Rajapaksa International Cricket Stadium, Sooriyawewa",1,32.2,Pakistan,Kenya,Younis Khan,Misbah-ul-Haq,SO Ngoche,0,0,,,,,,,,,
433563,2010/11,2011-02-23,"Mahinda Rajapaksa International Cricket Stadium, Sooriyawewa",1,32.3,Pakistan,Kenya,Younis Khan,Misbah-ul-Haq,SO Ngoche,1,0,,,,,,,,,
433563,2010/11,2011-02-23,"Mahinda Rajapaksa International Cricket Stadium, Sooriyawewa",1,32.4,Pakistan,Kenya,Misbah-ul-Haq,Younis Khan,SO Ngoche,0,0,,,,,,,,,
433563,2010/11,2011-02-23,"Mahinda Rajapaksa International Cricket Stadium, Sooriyawewa",1,32.5,Pakistan,Kenya,Misbah-ul-Haq,Younis Khan,SO Ngoche,0,0,,,,,,,,,
433563,2010/11,2011-02-23,"Mahinda Rajapaksa International Cricket Stadium, Sooriyawewa",1,32.6,Pakistan,Kenya,Misbah-ul-Haq,Younis Khan,SO Ngoche,1,0,,,,,,,,,
433563,2010/11,2011-02-23,"Mahinda Rajapaksa International Cricket Stadium, Sooriyawewa",1,33.1,Pakistan,Kenya,Misbah-ul-Haq,Younis Khan,SO Tikolo,1,0,,,,,,,,,
433563,2010/11,2011-02-23,"Mahinda Rajapaksa International Cricket Stadium, Sooriyawewa",1,33.2,Pakistan,Kenya,Younis Khan,Misbah-ul-Haq,SO Tikolo,0,0,,,,,,,,,
433563,2010/11,2011-02-23,"Mahinda Rajapaksa International Cricket Stadium, Sooriyawewa",1,33.3,Pakistan,Kenya,Younis Khan,Misbah-ul-Haq,SO Tikolo,2,0,,,,,,,,,
433563,2010/11,2011-02-23,"Mahinda Rajapaksa International Cricket Stadium, Sooriyawewa",1,33.4,Pakistan,Kenya,Younis Khan,Misbah-ul-Haq,SO Tikolo,0,0,,,,,,lbw,Younis Khan,,
433563,2010/11,2011-02-23,"Mahinda Rajapaksa International Cricket Stadium, Sooriyawewa",1,33.5,Pakistan,Kenya,Umar Akmal,Misbah-ul-Haq,SO Tikolo,0,0,,,,,,,,,
433563,2010/11,2011-02-23,"Mahinda Rajapaksa International Cricket Stadium, Sooriyawewa",1,33.6,Pakistan,Kenya,Umar Akmal,Misbah-ul-Haq,SO Tikolo,2,0,,,,,,,,,
433563,2010/11,2011-02-23,"Mahinda Rajapaksa International Cricket Stadium, Sooriyawewa",1,34.1,Pakistan,Kenya,Misbah-ul-Haq,Umar Akmal,TM Odoyo,0,5,5,,,,,,,,
433563,2010/11,2011-02-23,"Mahinda Rajapaksa International Cricket Stadium, Sooriyawewa",1,34.2,Pakistan,Kenya,Misbah-ul-Haq,Umar Akmal,TM Odoyo,0,0,,,,,,,,,
433563,2010/11,2011-02-23,"Mahinda Rajapaksa International Cricket Stadium, Sooriyawewa",1,34.3,Pakistan,Kenya,Misbah-ul-Haq,Umar Akmal,TM Odoyo,0,5,5,,,,,,,,
433563,2010/11,2011-02-23,"Mahinda Rajapaksa International Cricket Stadium, Sooriyawewa",1,34.4,Pakistan,Kenya,Misbah-ul-Haq,Umar Akmal,TM Odoyo,0,0,,,,,,,,,
433563,2010/11,2011-02-23,"Mahinda Rajapaksa International Cricket Stadium, Sooriyawewa",1,34.5,Pakistan,Kenya,Misbah-ul-Haq,Umar Akmal,TM Odoyo,1,0,,,,,,,,,
433563,2010/11,2011-02-23,"Mahinda Rajapaksa International Cricket Stadium, Sooriyawewa",1,34.6,Pakistan,Kenya,Umar Akmal,Misbah-ul-Haq,TM Odoyo,0,0,,,,,,,,,
433563,2010/11,2011-02-23,"Mahinda Rajapaksa International Cricket Stadium, Sooriyawewa",1,34.7,Pakistan,Kenya,Umar Akmal,Misbah-ul-Haq,TM Odoyo,2,0,,,,,,,,,
433563,2010/11,2011-02-23,"Mahinda Rajapaksa International Cricket Stadium, Sooriyawewa",1,34.8,Pakistan,Kenya,Umar Akmal,Misbah-ul-Haq,TM Odoyo,0,0,,,,,,,,,
433563,2010/11,2011-02-23,"Mahinda Rajapaksa International Cricket Stadium, Sooriyawewa",1,35.1,Pakistan,Kenya,Misbah-ul-Haq,Umar Akmal,SO Tikolo,2,0,,,,,,,,,
433563,2010/11,2011-02-23,"Mahinda Rajapaksa International Cricket Stadium, Sooriyawewa",1,35.2,Pakistan,Kenya,Misbah-ul-Haq,Umar Akmal,SO Tikolo,2,0,,,,,,,,,
433563,2010/11,2011-02-23,"Mahinda Rajapaksa International Cricket Stadium, Sooriyawewa",1,35.3,Pakistan,Kenya,Misbah-ul-Haq,Umar Akmal,SO Tikolo,1,0,,,,,,,,,
433563,2010/11,2011-02-23,"Mahinda Rajapaksa International Cricket Stadium, Sooriyawewa",1,35.4,Pakistan,Kenya,Umar Akmal,Misbah-ul-Haq,SO Tikolo,0,0,,,,,,,,,
433563,2010/11,2011-02-23,"Mahinda Rajapaksa International Cricket Stadium, Sooriyawewa",1,35.5,Pakistan,Kenya,Umar Akmal,Misbah-ul-Haq,SO Tikolo,1,0,,,,,,,,,
433563,2010/11,2011-02-23,"Mahinda Rajapaksa International Cricket Stadium, Sooriyawewa",1,35.6,Pakistan,Kenya,Misbah-ul-Haq,Umar Akmal,SO Tikolo,1,0,,,,,,,,,
433563,2010/11,2011-02-23,"Mahinda Rajapaksa International Cricket Stadium, Sooriyawewa",1,36.1,Pakistan,Kenya,Misbah-ul-Haq,Umar Akmal,JK Kamande,0,4,4,,,,,,,,
433563,2010/11,2011-02-23,"Mahinda Rajapaksa International Cricket Stadium, Sooriyawewa",1,36.2,Pakistan,Kenya,Umar Akmal,Misbah-ul-Haq,JK Kamande,0,0,,,,,,,,,
433563,2010/11,2011-02-23,"Mahinda Rajapaksa International Cricket Stadium, Sooriyawewa",1,36.3,Pakistan,Kenya,Umar Akmal,Misbah-ul-Haq,JK Kamande,1,0,,,,,,,,,
433563,2010/11,2011-02-23,"Mahinda Rajapaksa International Cricket Stadium, Sooriyawewa",1,36.4,Pakistan,Kenya,Misbah-ul-Haq,Umar Akmal,JK Kamande,0,0,,,,,,,,,
433563,2010/11,2011-02-23,"Mahinda Rajapaksa International Cricket Stadium, Sooriyawewa",1,36.5,Pakistan,Kenya,Misbah-ul-Haq,Umar Akmal,JK Kamande,2,0,,,,,,,,,
433563,2010/11,2011-02-23,"Mahinda Rajapaksa International Cricket Stadium, Sooriyawewa",1,36.6,Pakistan,Kenya,Misbah-ul-Haq,Umar Akmal,JK Kamande,1,0,,,,,,,,,
433563,2010/11,2011-02-23,"Mahinda Rajapaksa International Cricket Stadium, Sooriyawewa",1,36.7,Pakistan,Kenya,Umar Akmal,Misbah-ul-Haq,JK Kamande,1,0,,,,,,,,,
433563,2010/11,2011-02-23,"Mahinda Rajapaksa International Cricket Stadium, Sooriyawewa",1,37.1,Pakistan,Kenya,Umar Akmal,Misbah-ul-Haq,SO Tikolo,4,0,,,,,,,,,
433563,2010/11,2011-02-23,"Mahinda Rajapaksa International Cricket Stadium, Sooriyawewa",1,37.2,Pakistan,Kenya,Umar Akmal,Misbah-ul-Haq,SO Tikolo,0,0,,,,,,,,,
433563,2010/11,2011-02-23,"Mahinda Rajapaksa International Cricket Stadium, Sooriyawewa",1,37.3,Pakistan,Kenya,Umar Akmal,Misbah-ul-Haq,SO Tikolo,1,0,,,,,,,,,
433563,2010/11,2011-02-23,"Mahinda Rajapaksa International Cricket Stadium, Sooriyawewa",1,37.4,Pakistan,Kenya,Misbah-ul-Haq,Umar Akmal,SO Tikolo,1,0,,,,,,,,,
433563,2010/11,2011-02-23,"Mahinda Rajapaksa International Cricket Stadium, Sooriyawewa",1,37.5,Pakistan,Kenya,Umar Akmal,Misbah-ul-Haq,SO Tikolo,0,0,,,,,,,,,
433563,2010/11,2011-02-23,"Mahinda Rajapaksa International Cricket Stadium, Sooriyawewa",1,37.6,Pakistan,Kenya,Umar Akmal,Misbah-ul-Haq,SO Tikolo,1,0,,,,,,,,,
433563,2010/11,2011-02-23,"Mahinda Rajapaksa International Cricket Stadium, Sooriyawewa",1,38.1,Pakistan,Kenya,Umar Akmal,Misbah-ul-Haq,JK Kamande,1,0,,,,,,,,,
433563,2010/11,2011-02-23,"Mahinda Rajapaksa International Cricket Stadium, Sooriyawewa",1,38.2,Pakistan,Kenya,Misbah-ul-Haq,Umar Akmal,JK Kamande,1,0,,,,,,,,,
433563,2010/11,2011-02-23,"Mahinda Rajapaksa International Cricket Stadium, Sooriyawewa",1,38.3,Pakistan,Kenya,Umar Akmal,Misbah-ul-Haq,JK Kamande,4,0,,,,,,,,,
433563,2010/11,2011-02-23,"Mahinda Rajapaksa International Cricket Stadium, Sooriyawewa",1,38.4,Pakistan,Kenya,Umar Akmal,Misbah-ul-Haq,JK Kamande,1,0,,,,,,,,,
433563,2010/11,2011-02-23,"Mahinda Rajapaksa International Cricket Stadium, Sooriyawewa",1,38.5,Pakistan,Kenya,Misbah-ul-Haq,Umar Akmal,JK Kamande,1,0,,,,,,,,,
433563,2010/11,2011-02-23,"Mahinda Rajapaksa International Cricket Stadium, Sooriyawewa",1,38.6,Pakistan,Kenya,Umar Akmal,Misbah-ul-Haq,JK Kamande,0,0,,,,,,,,,
433563,2010/11,2011-02-23,"Mahinda Rajapaksa International Cricket Stadium, Sooriyawewa",1,39.1,Pakistan,Kenya,Misbah-ul-Haq,Umar Akmal,SO Tikolo,1,0,,,,,,,,,
433563,2010/11,2011-02-23,"Mahinda Rajapaksa International Cricket Stadium, Sooriyawewa",1,39.2,Pakistan,Kenya,Umar Akmal,Misbah-ul-Haq,SO Tikolo,0,0,,,,,,,,,
433563,2010/11,2011-02-23,"Mahinda Rajapaksa International Cricket Stadium, Sooriyawewa",1,39.3,Pakistan,Kenya,Umar Akmal,Misbah-ul-Haq,SO Tikolo,1,0,,,,,,,,,
433563,2010/11,2011-02-23,"Mahinda Rajapaksa International Cricket Stadium, Sooriyawewa",1,39.4,Pakistan,Kenya,Misbah-ul-Haq,Umar Akmal,SO Tikolo,0,0,,,,,,,,,
433563,2010/11,2011-02-23,"Mahinda Rajapaksa International Cricket Stadium, Sooriyawewa",1,39.5,Pakistan,Kenya,Misbah-ul-Haq,Umar Akmal,SO Tikolo,0,0,,,,,,,,,
433563,2010/11,2011-02-23,"Mahinda Rajapaksa International Cricket Stadium, Sooriyawewa",1,39.6,Pakistan,Kenya,Misbah-ul-Haq,Umar Akmal,SO Tikolo,2,0,,,,,,,,,
433563,2010/11,2011-02-23,"Mahinda Rajapaksa International Cricket Stadium, Sooriyawewa",1,40.1,Pakistan,Kenya,Umar Akmal,Misbah-ul-Haq,SO Ngoche,1,0,,,,,,,,,
433563,2010/11,2011-02-23,"Mahinda Rajapaksa International Cricket Stadium, Sooriyawewa",1,40.2,Pakistan,Kenya,Misbah-ul-Haq,Umar Akmal,SO Ngoche,1,0,,,,,,,,,
433563,2010/11,2011-02-23,"Mahinda Rajapaksa International Cricket Stadium, Sooriyawewa",1,40.3,Pakistan,Kenya,Umar Akmal,Misbah-ul-Haq,SO Ngoche,1,0,,,,,,,,,
433563,2010/11,2011-02-23,"Mahinda Rajapaksa International Cricket Stadium, Sooriyawewa",1,40.4,Pakistan,Kenya,Misbah-ul-Haq,Umar Akmal,SO Ngoche,0,0,,,,,,,,,
433563,2010/11,2011-02-23,"Mahinda Rajapaksa International Cricket Stadium, Sooriyawewa",1,40.5,Pakistan,Kenya,Misbah-ul-Haq,Umar Akmal,SO Ngoche,1,0,,,,,,,,,
433563,2010/11,2011-02-23,"Mahinda Rajapaksa International Cricket Stadium, Sooriyawewa",1,40.6,Pakistan,Kenya,Umar Akmal,Misbah-ul-Haq,SO Ngoche,1,0,,,,,,,,,
433563,2010/11,2011-02-23,"Mahinda Rajapaksa International Cricket Stadium, Sooriyawewa",1,41.1,Pakistan,Kenya,Umar Akmal,Misbah-ul-Haq,SO Tikolo,1,0,,,,,,,,,
433563,2010/11,2011-02-23,"Mahinda Rajapaksa International Cricket Stadium, Sooriyawewa",1,41.2,Pakistan,Kenya,Misbah-ul-Haq,Umar Akmal,SO Tikolo,0,0,,,,,,,,,
433563,2010/11,2011-02-23,"Mahinda Rajapaksa International Cricket Stadium, Sooriyawewa",1,41.3,Pakistan,Kenya,Misbah-ul-Haq,Umar Akmal,SO Tikolo,1,0,,,,,,,,,
433563,2010/11,2011-02-23,"Mahinda Rajapaksa International Cricket Stadium, Sooriyawewa",1,41.4,Pakistan,Kenya,Umar Akmal,Misbah-ul-Haq,SO Tikolo,0,0,,,,,,,,,
433563,2010/11,2011-02-23,"Mahinda Rajapaksa International Cricket Stadium, Sooriyawewa",1,41.5,Pakistan,Kenya,Umar Akmal,Misbah-ul-Haq,SO Tikolo,0,0,,,,,,,,,
433563,2010/11,2011-02-23,"Mahinda Rajapaksa International Cricket Stadium, Sooriyawewa",1,41.6,Pakistan,Kenya,Umar Akmal,Misbah-ul-Haq,SO Tikolo,0,0,,,,,,,,,
433563,2010/11,2011-02-23,"Mahinda Rajapaksa International Cricket Stadium, Sooriyawewa",1,42.1,Pakistan,Kenya,Misbah-ul-Haq,Umar Akmal,CO Obuya,1,0,,,,,,,,,
433563,2010/11,2011-02-23,"Mahinda Rajapaksa International Cricket Stadium, Sooriyawewa",1,42.2,Pakistan,Kenya,Umar Akmal,Misbah-ul-Haq,CO Obuya,0,0,,,,,,,,,
433563,2010/11,2011-02-23,"Mahinda Rajapaksa International Cricket Stadium, Sooriyawewa",1,42.3,Pakistan,Kenya,Umar Akmal,Misbah-ul-Haq,CO Obuya,1,0,,,,,,,,,
433563,2010/11,2011-02-23,"Mahinda Rajapaksa International Cricket Stadium, Sooriyawewa",1,42.4,Pakistan,Kenya,Misbah-ul-Haq,Umar Akmal,CO Obuya,1,0,,,,,,,,,
433563,2010/11,2011-02-23,"Mahinda Rajapaksa International Cricket Stadium, Sooriyawewa",1,42.5,Pakistan,Kenya,Umar Akmal,Misbah-ul-Haq,CO Obuya,0,0,,,,,,,,,
433563,2010/11,2011-02-23,"Mahinda Rajapaksa International Cricket Stadium, Sooriyawewa",1,42.6,Pakistan,Kenya,Umar Akmal,Misbah-ul-Haq,CO Obuya,2,0,,,,,,,,,
433563,2010/11,2011-02-23,"Mahinda Rajapaksa International Cricket Stadium, Sooriyawewa",1,43.1,Pakistan,Kenya,Umar Akmal,Misbah-ul-Haq,NN Odhiambo,1,0,,,,,,,,,
433563,2010/11,2011-02-23,"Mahinda Rajapaksa International Cricket Stadium, Sooriyawewa",1,43.2,Pakistan,Kenya,Misbah-ul-Haq,Umar Akmal,NN Odhiambo,2,0,,,,,,,,,
433563,2010/11,2011-02-23,"Mahinda Rajapaksa International Cricket Stadium, Sooriyawewa",1,43.3,Pakistan,Kenya,Misbah-ul-Haq,Umar Akmal,NN Odhiambo,6,0,,,,,,,,,
433563,2010/11,2011-02-23,"Mahinda Rajapaksa International Cricket Stadium, Sooriyawewa",1,43.4,Pakistan,Kenya,Misbah-ul-Haq,Umar Akmal,NN Odhiambo,0,0,,,,,,,,,
433563,2010/11,2011-02-23,"Mahinda Rajapaksa International Cricket Stadium, Sooriyawewa",1,43.5,Pakistan,Kenya,Misbah-ul-Haq,Umar Akmal,NN Odhiambo,2,0,,,,,,,,,
433563,2010/11,2011-02-23,"Mahinda Rajapaksa International Cricket Stadium, Sooriyawewa",1,43.6,Pakistan,Kenya,Misbah-ul-Haq,Umar Akmal,NN Odhiambo,1,0,,,,,,,,,
433563,2010/11,2011-02-23,"Mahinda Rajapaksa International Cricket Stadium, Sooriyawewa",1,44.1,Pakistan,Kenya,Misbah-ul-Haq,Umar Akmal,E Otieno,1,0,,,,,,,,,
433563,2010/11,2011-02-23,"Mahinda Rajapaksa International Cricket Stadium, Sooriyawewa",1,44.2,Pakistan,Kenya,Umar Akmal,Misbah-ul-Haq,E Otieno,4,0,,,,,,,,,
433563,2010/11,2011-02-23,"Mahinda Rajapaksa International Cricket Stadium, Sooriyawewa",1,44.3,Pakistan,Kenya,Umar Akmal,Misbah-ul-Haq,E Otieno,4,0,,,,,,,,,
433563,2010/11,2011-02-23,"Mahinda Rajapaksa International Cricket Stadium, Sooriyawewa",1,44.4,Pakistan,Kenya,Umar Akmal,Misbah-ul-Haq,E Otieno,4,0,,,,,,,,,
433563,2010/11,2011-02-23,"Mahinda Rajapaksa International Cricket Stadium, Sooriyawewa",1,44.5,Pakistan,Kenya,Umar Akmal,Misbah-ul-Haq,E Otieno,2,0,,,,,,,,,
433563,2010/11,2011-02-23,"Mahinda Rajapaksa International Cricket Stadium, Sooriyawewa",1,44.6,Pakistan,Kenya,Umar Akmal,Misbah-ul-Haq,E Otieno,4,1,,1,,,,,,,
433563,2010/11,2011-02-23,"Mahinda Rajapaksa International Cricket Stadium, Sooriyawewa",1,44.7,Pakistan,Kenya,Umar Akmal,Misbah-ul-Haq,E Otieno,0,0,,,,,,,,,
433563,2010/11,2011-02-23,"Mahinda Rajapaksa International Cricket Stadium, Sooriyawewa",1,45.1,Pakistan,Kenya,Misbah-ul-Haq,Umar Akmal,NN Odhiambo,1,0,,,,,,,,,
433563,2010/11,2011-02-23,"Mahinda Rajapaksa International Cricket Stadium, Sooriyawewa",1,45.2,Pakistan,Kenya,Umar Akmal,Misbah-ul-Haq,NN Odhiambo,4,0,,,,,,,,,
433563,2010/11,2011-02-23,"Mahinda Rajapaksa International Cricket Stadium, Sooriyawewa",1,45.3,Pakistan,Kenya,Umar Akmal,Misbah-ul-Haq,NN Odhiambo,1,0,,,,,,,,,
433563,2010/11,2011-02-23,"Mahinda Rajapaksa International Cricket Stadium, Sooriyawewa",1,45.4,Pakistan,Kenya,Misbah-ul-Haq,Umar Akmal,NN Odhiambo,1,0,,,,,,,,,
433563,2010/11,2011-02-23,"Mahinda Rajapaksa International Cricket Stadium, Sooriyawewa",1,45.5,Pakistan,Kenya,Umar Akmal,Misbah-ul-Haq,NN Odhiambo,0,1,,,,1,,,,,
433563,2010/11,2011-02-23,"Mahinda Rajapaksa International Cricket Stadium, Sooriyawewa",1,45.6,Pakistan,Kenya,Misbah-ul-Haq,Umar Akmal,NN Odhiambo,0,0,,,,,,,,,
433563,2010/11,2011-02-23,"Mahinda Rajapaksa International Cricket Stadium, Sooriyawewa",1,46.1,Pakistan,Kenya,Umar Akmal,Misbah-ul-Haq,JK Kamande,2,0,,,,,,,,,
433563,2010/11,2011-02-23,"Mahinda Rajapaksa International Cricket Stadium, Sooriyawewa",1,46.2,Pakistan,Kenya,Umar Akmal,Misbah-ul-Haq,JK Kamande,4,0,,,,,,,,,
433563,2010/11,2011-02-23,"Mahinda Rajapaksa International Cricket Stadium, Sooriyawewa",1,46.3,Pakistan,Kenya,Umar Akmal,Misbah-ul-Haq,JK Kamande,6,0,,,,,,,,,
433563,2010/11,2011-02-23,"Mahinda Rajapaksa International Cricket Stadium, Sooriyawewa",1,46.4,Pakistan,Kenya,Umar Akmal,Misbah-ul-Haq,JK Kamande,0,1,,,,1,,,,,
433563,2010/11,2011-02-23,"Mahinda Rajapaksa International Cricket Stadium, Sooriyawewa",1,46.5,Pakistan,Kenya,Misbah-ul-Haq,Umar Akmal,JK Kamande,0,3,3,,,,,,,,
433563,2010/11,2011-02-23,"Mahinda Rajapaksa International Cricket Stadium, Sooriyawewa",1,46.6,Pakistan,Kenya,Misbah-ul-Haq,Umar Akmal,JK Kamande,0,0,,,,,,caught,Misbah-ul-Haq,,
433563,2010/11,2011-02-23,"Mahinda Rajapaksa International Cricket Stadium, Sooriyawewa",1,46.7,Pakistan,Kenya,Shahid Afridi,Umar Akmal,JK Kamande,0,1,1,,,,,,,,
433563,2010/11,2011-02-23,"Mahinda Rajapaksa International Cricket Stadium, Sooriyawewa",1,46.8,Pakistan,Kenya,Shahid Afridi,Umar Akmal,JK Kamande,4,0,,,,,,,,,
433563,2010/11,2011-02-23,"Mahinda Rajapaksa International Cricket Stadium, Sooriyawewa",1,47.1,Pakistan,Kenya,Umar Akmal,Shahid Afridi,E Otieno,2,0,,,,,,,,,
433563,2010/11,2011-02-23,"Mahinda Rajapaksa International Cricket Stadium, Sooriyawewa",1,47.2,Pakistan,Kenya,Umar Akmal,Shahid Afridi,E Otieno,1,0,,,,,,,,,
433563,2010/11,2011-02-23,"Mahinda Rajapaksa International Cricket Stadium, Sooriyawewa",1,47.3,Pakistan,Kenya,Shahid Afridi,Umar Akmal,E Otieno,1,0,,,,,,,,,
433563,2010/11,2011-02-23,"Mahinda Rajapaksa International Cricket Stadium, Sooriyawewa",1,47.4,Pakistan,Kenya,Umar Akmal,Shahid Afridi,E Otieno,2,0,,,,,,,,,
433563,2010/11,2011-02-23,"Mahinda Rajapaksa International Cricket Stadium, Sooriyawewa",1,47.5,Pakistan,Kenya,Umar Akmal,Shahid Afridi,E Otieno,1,0,,,,,,,,,
433563,2010/11,2011-02-23,"Mahinda Rajapaksa International Cricket Stadium, Sooriyawewa",1,47.6,Pakistan,Kenya,Shahid Afridi,Umar Akmal,E Otieno,2,0,,,,,,,,,
433563,2010/11,2011-02-23,"Mahinda Rajapaksa International Cricket Stadium, Sooriyawewa",1,48.1,Pakistan,Kenya,Umar Akmal,Shahid Afridi,TM Odoyo,2,0,,,,,,,,,
433563,2010/11,2011-02-23,"Mahinda Rajapaksa International Cricket Stadium, Sooriyawewa",1,48.2,Pakistan,Kenya,Umar Akmal,Shahid Afridi,TM Odoyo,0,0,,,,,,caught,Umar Akmal,,
433563,2010/11,2011-02-23,"Mahinda Rajapaksa International Cricket Stadium, Sooriyawewa",1,48.3,Pakistan,Kenya,Shahid Afridi,Abdul Razzaq,TM Odoyo,0,0,,,,,,lbw,Shahid Afridi,,
433563,2010/11,2011-02-23,"Mahinda Rajapaksa International Cricket Stadium, Sooriyawewa",1,48.4,Pakistan,Kenya,Abdur Rehman,Abdul Razzaq,TM Odoyo,0,5,5,,,,,,,,
433563,2010/11,2011-02-23,"Mahinda Rajapaksa International Cricket Stadium, Sooriyawewa",1,48.5,Pakistan,Kenya,Abdur Rehman,Abdul Razzaq,TM Odoyo,1,0,,,,,,,,,
433563,2010/11,2011-02-23,"Mahinda Rajapaksa International Cricket Stadium, Sooriyawewa",1,48.6,Pakistan,Kenya,Abdul Razzaq,Abdur Rehman,TM Odoyo,1,0,,,,,,,,,
433563,2010/11,2011-02-23,"Mahinda Rajapaksa International Cricket Stadium, Sooriyawewa",1,48.7,Pakistan,Kenya,Abdur Rehman,Abdul Razzaq,TM Odoyo,0,4,4,,,,,,,,
433563,2010/11,2011-02-23,"Mahinda Rajapaksa International Cricket Stadium, Sooriyawewa",1,48.8,Pakistan,Kenya,Abdul Razzaq,Abdur Rehman,TM Odoyo,1,0,,,,,,,,,
433563,2010/11,2011-02-23,"Mahinda Rajapaksa International Cricket Stadium, Sooriyawewa",1,49.1,Pakistan,Kenya,Abdul Razzaq,Abdur Rehman,NN Odhiambo,1,0,,,,,,,,,
433563,2010/11,2011-02-23,"Mahinda Rajapaksa International Cricket Stadium, Sooriyawewa",1,49.2,Pakistan,Kenya,Abdur Rehman,Abdul Razzaq,NN Odhiambo,0,5,5,,,,,,,,
433563,2010/11,2011-02-23,"Mahinda Rajapaksa International Cricket Stadium, Sooriyawewa",1,49.3,Pakistan,Kenya,Abdur Rehman,Abdul Razzaq,NN Odhiambo,1,0,,,,,,,,,
433563,2010/11,2011-02-23,"Mahinda Rajapaksa International Cricket Stadium, Sooriyawewa",1,49.4,Pakistan,Kenya,Abdul Razzaq,Abdur Rehman,NN Odhiambo,1,0,,,,,,,,,
433563,2010/11,2011-02-23,"Mahinda Rajapaksa International Cricket Stadium, Sooriyawewa",1,49.5,Pakistan,Kenya,Abdur Rehman,Abdul Razzaq,NN Odhiambo,3,0,,,,,,,,,
433563,2010/11,2011-02-23,"Mahinda Rajapaksa International Cricket Stadium, Sooriyawewa",1,49.6,Pakistan,Kenya,Abdul Razzaq,Abdur Rehman,NN Odhiambo,4,0,,,,,,,,,
433563,2010/11,2011-02-23,"Mahinda Rajapaksa International Cricket Stadium, Sooriyawewa",1,49.7,Pakistan,Kenya,Abdul Razzaq,Abdur Rehman,NN Odhiambo,0,1,1,,,,,,,,
433563,2010/11,2011-02-23,"Mahinda Rajapaksa International Cricket Stadium, Sooriyawewa",1,49.8,Pakistan,Kenya,Abdul Razzaq,Abdur Rehman,NN Odhiambo,0,0,,,,,,,,,
433563,2010/11,2011-02-23,"Mahinda Rajapaksa International Cricket Stadium, Sooriyawewa",2,0.1,Kenya,Pakistan,MA Ouma,SR Waters,Shoaib Akhtar,0,0,,,,,,,,,
433563,2010/11,2011-02-23,"Mahinda Rajapaksa International Cricket Stadium, Sooriyawewa",2,0.2,Kenya,Pakistan,MA Ouma,SR Waters,Shoaib Akhtar,1,0,,,,,,,,,
433563,2010/11,2011-02-23,"Mahinda Rajapaksa International Cricket Stadium, Sooriyawewa",2,0.3,Kenya,Pakistan,SR Waters,MA Ouma,Shoaib Akhtar,0,0,,,,,,,,,
433563,2010/11,2011-02-23,"Mahinda Rajapaksa International Cricket Stadium, Sooriyawewa",2,0.4,Kenya,Pakistan,SR Waters,MA Ouma,Shoaib Akhtar,0,0,,,,,,,,,
433563,2010/11,2011-02-23,"Mahinda Rajapaksa International Cricket Stadium, Sooriyawewa",2,0.5,Kenya,Pakistan,SR Waters,MA Ouma,Shoaib Akhtar,0,0,,,,,,,,,
433563,2010/11,2011-02-23,"Mahinda Rajapaksa International Cricket Stadium, Sooriyawewa",2,0.6,Kenya,Pakistan,SR Waters,MA Ouma,Shoaib Akhtar,0,0,,,,,,,,,
433563,2010/11,2011-02-23,"Mahinda Rajapaksa International Cricket Stadium, Sooriyawewa",2,1.1,Kenya,Pakistan,MA Ouma,SR Waters,Abdul Razzaq,3,0,,,,,,,,,
433563,2010/11,2011-02-23,"Mahinda Rajapaksa International Cricket Stadium, Sooriyawewa",2,1.2,Kenya,Pakistan,SR Waters,MA Ouma,Abdul Razzaq,4,0,,,,,,,,,
433563,2010/11,2011-02-23,"Mahinda Rajapaksa International Cricket Stadium, Sooriyawewa",2,1.3,Kenya,Pakistan,SR Waters,MA Ouma,Abdul Razzaq,3,0,,,,,,,,,
433563,2010/11,2011-02-23,"Mahinda Rajapaksa International Cricket Stadium, Sooriyawewa",2,1.4,Kenya,Pakistan,MA Ouma,SR Waters,Abdul Razzaq,1,0,,,,,,,,,
433563,2010/11,2011-02-23,"Mahinda Rajapaksa International Cricket Stadium, Sooriyawewa",2,1.5,Kenya,Pakistan,SR Waters,MA Ouma,Abdul Razzaq,0,0,,,,,,,,,
433563,2010/11,2011-02-23,"Mahinda Rajapaksa International Cricket Stadium, Sooriyawewa",2,1.6,Kenya,Pakistan,SR Waters,MA Ouma,Abdul Razzaq,1,0,,,,,,,,,
433563,2010/11,2011-02-23,"Mahinda Rajapaksa International Cricket Stadium, Sooriyawewa",2,2.1,Kenya,Pakistan,SR Waters,MA Ouma,Shoaib Akhtar,0,0,,,,,,,,,
433563,2010/11,2011-02-23,"Mahinda Rajapaksa International Cricket Stadium, Sooriyawewa",2,2.2,Kenya,Pakistan,SR Waters,MA Ouma,Shoaib Akhtar,0,4,,,4,,,,,,
433563,2010/11,2011-02-23,"Mahinda Rajapaksa International Cricket Stadium, Sooriyawewa",2,2.3,Kenya,Pakistan,SR Waters,MA Ouma,Shoaib Akhtar,0,0,,,,,,,,,
433563,2010/11,2011-02-23,"Mahinda Rajapaksa International Cricket Stadium, Sooriyawewa",2,2.4,Kenya,Pakistan,SR Waters,MA Ouma,Shoaib Akhtar,0,0,,,,,,,,,
433563,2010/11,2011-02-23,"Mahinda Rajapaksa International Cricket Stadium, Sooriyawewa",2,2.5,Kenya,Pakistan,SR Waters,MA Ouma,Shoaib Akhtar,0,0,,,,,,,,,
433563,2010/11,2011-02-23,"Mahinda Rajapaksa International Cricket Stadium, Sooriyawewa",2,2.6,Kenya,Pakistan,SR Waters,MA Ouma,Shoaib Akhtar,0,0,,,,,,,,,
433563,2010/11,2011-02-23,"Mahinda Rajapaksa International Cricket Stadium, Sooriyawewa",2,3.1,Kenya,Pakistan,MA Ouma,SR Waters,Abdul Razzaq,0,0,,,,,,,,,
433563,2010/11,2011-02-23,"Mahinda Rajapaksa International Cricket Stadium, Sooriyawewa",2,3.2,Kenya,Pakistan,MA Ouma,SR Waters,Abdul Razzaq,1,0,,,,,,,,,
433563,2010/11,2011-02-23,"Mahinda Rajapaksa International Cricket Stadium, Sooriyawewa",2,3.3,Kenya,Pakistan,SR Waters,MA Ouma,Abdul Razzaq,1,0,,,,,,,,,
433563,2010/11,2011-02-23,"Mahinda Rajapaksa International Cricket Stadium, Sooriyawewa",2,3.4,Kenya,Pakistan,MA Ouma,SR Waters,Abdul Razzaq,1,0,,,,,,,,,
433563,2010/11,2011-02-23,"Mahinda Rajapaksa International Cricket Stadium, Sooriyawewa",2,3.5,Kenya,Pakistan,SR Waters,MA Ouma,Abdul Razzaq,0,0,,,,,,,,,
433563,2010/11,2011-02-23,"Mahinda Rajapaksa International Cricket Stadium, Sooriyawewa",2,3.6,Kenya,Pakistan,SR Waters,MA Ouma,Abdul Razzaq,0,0,,,,,,,,,
433563,2010/11,2011-02-23,"Mahinda Rajapaksa International Cricket Stadium, Sooriyawewa",2,4.1,Kenya,Pakistan,MA Ouma,SR Waters,Shoaib Akhtar,0,1,1,,,,,,,,
433563,2010/11,2011-02-23,"Mahinda Rajapaksa International Cricket Stadium, Sooriyawewa",2,4.2,Kenya,Pakistan,MA Ouma,SR Waters,Shoaib Akhtar,0,0,,,,,,,,,
433563,2010/11,2011-02-23,"Mahinda Rajapaksa International Cricket Stadium, Sooriyawewa",2,4.3,Kenya,Pakistan,MA Ouma,SR Waters,Shoaib Akhtar,0,0,,,,,,,,,
433563,2010/11,2011-02-23,"Mahinda Rajapaksa International Cricket Stadium, Sooriyawewa",2,4.4,Kenya,Pakistan,MA Ouma,SR Waters,Shoaib Akhtar,4,0,,,,,,,,,
433563,2010/11,2011-02-23,"Mahinda Rajapaksa International Cricket Stadium, Sooriyawewa",2,4.5,Kenya,Pakistan,MA Ouma,SR Waters,Shoaib Akhtar,0,0,,,,,,,,,
433563,2010/11,2011-02-23,"Mahinda Rajapaksa International Cricket Stadium, Sooriyawewa",2,4.6,Kenya,Pakistan,MA Ouma,SR Waters,Shoaib Akhtar,0,0,,,,,,,,,
433563,2010/11,2011-02-23,"Mahinda Rajapaksa International Cricket Stadium, Sooriyawewa",2,4.7,Kenya,Pakistan,MA Ouma,SR Waters,Shoaib Akhtar,0,0,,,,,,,,,
433563,2010/11,2011-02-23,"Mahinda Rajapaksa International Cricket Stadium, Sooriyawewa",2,5.1,Kenya,Pakistan,SR Waters,MA Ouma,Abdul Razzaq,0,0,,,,,,,,,
433563,2010/11,2011-02-23,"Mahinda Rajapaksa International Cricket Stadium, Sooriyawewa",2,5.2,Kenya,Pakistan,SR Waters,MA Ouma,Abdul Razzaq,0,0,,,,,,,,,
433563,2010/11,2011-02-23,"Mahinda Rajapaksa International Cricket Stadium, Sooriyawewa",2,5.3,Kenya,Pakistan,SR Waters,MA Ouma,Abdul Razzaq,1,0,,,,,,,,,
433563,2010/11,2011-02-23,"Mahinda Rajapaksa International Cricket Stadium, Sooriyawewa",2,5.4,Kenya,Pakistan,MA Ouma,SR Waters,Abdul Razzaq,0,0,,,,,,,,,
433563,2010/11,2011-02-23,"Mahinda Rajapaksa International Cricket Stadium, Sooriyawewa",2,5.5,Kenya,Pakistan,MA Ouma,SR Waters,Abdul Razzaq,2,0,,,,,,,,,
433563,2010/11,2011-02-23,"Mahinda Rajapaksa International Cricket Stadium, Sooriyawewa",2,5.6,Kenya,Pakistan,MA Ouma,SR Waters,Abdul Razzaq,0,0,,,,,,,,,
433563,2010/11,2011-02-23,"Mahinda Rajapaksa International Cricket Stadium, Sooriyawewa",2,6.1,Kenya,Pakistan,SR Waters,MA Ouma,Shoaib Akhtar,0,0,,,,,,,,,
433563,2010/11,2011-02-23,"Mahinda Rajapaksa International Cricket Stadium, Sooriyawewa",2,6.2,Kenya,Pakistan,SR Waters,MA Ouma,Shoaib Akhtar,0,0,,,,,,,,,
433563,2010/11,2011-02-23,"Mahinda Rajapaksa International Cricket Stadium, Sooriyawewa",2,6.3,Kenya,Pakistan,SR Waters,MA Ouma,Shoaib Akhtar,1,0,,,,,,,,,
433563,2010/11,2011-02-23,"Mahinda Rajapaksa International Cricket Stadium, Sooriyawewa",2,6.4,Kenya,Pakistan,MA Ouma,SR Waters,Shoaib Akhtar,2,0,,,,,,,,,
433563,2010/11,2011-02-23,"Mahinda Rajapaksa International Cricket Stadium, Sooriyawewa",2,6.5,Kenya,Pakistan,MA Ouma,SR Waters,Shoaib Akhtar,0,0,,,,,,,,,
433563,2010/11,2011-02-23,"Mahinda Rajapaksa International Cricket Stadium, Sooriyawewa",2,6.6,Kenya,Pakistan,MA Ouma,SR Waters,Shoaib Akhtar,0,0,,,,,,,,,
433563,2010/11,2011-02-23,"Mahinda Rajapaksa International Cricket Stadium, Sooriyawewa",2,7.1,Kenya,Pakistan,SR Waters,MA Ouma,Abdul Razzaq,0,0,,,,,,,,,
433563,2010/11,2011-02-23,"Mahinda Rajapaksa International Cricket Stadium, Sooriyawewa",2,7.2,Kenya,Pakistan,SR Waters,MA Ouma,Abdul Razzaq,0,0,,,,,,,,,
433563,2010/11,2011-02-23,"Mahinda Rajapaksa International Cricket Stadium, Sooriyawewa",2,7.3,Kenya,Pakistan,SR Waters,MA Ouma,Abdul Razzaq,4,0,,,,,,,,,
433563,2010/11,2011-02-23,"Mahinda Rajapaksa International Cricket Stadium, Sooriyawewa",2,7.4,Kenya,Pakistan,SR Waters,MA Ouma,Abdul Razzaq,0,0,,,,,,,,,
433563,2010/11,2011-02-23,"Mahinda Rajapaksa International Cricket Stadium, Sooriyawewa",2,7.5,Kenya,Pakistan,SR Waters,MA Ouma,Abdul Razzaq,1,0,,,,,,,,,
433563,2010/11,2011-02-23,"Mahinda Rajapaksa International Cricket Stadium, Sooriyawewa",2,7.6,Kenya,Pakistan,MA Ouma,SR Waters,Abdul Razzaq,0,0,,,,,,,,,
433563,2010/11,2011-02-23,"Mahinda Rajapaksa International Cricket Stadium, Sooriyawewa",2,8.1,Kenya,Pakistan,SR Waters,MA Ouma,Shoaib Akhtar,0,0,,,,,,,,,
433563,2010/11,2011-02-23,"Mahinda Rajapaksa International Cricket Stadium, Sooriyawewa",2,8.2,Kenya,Pakistan,SR Waters,MA Ouma,Shoaib Akhtar,1,0,,,,,,,,,
433563,2010/11,2011-02-23,"Mahinda Rajapaksa International Cricket Stadium, Sooriyawewa",2,8.3,Kenya,Pakistan,MA Ouma,SR Waters,Shoaib Akhtar,0,0,,,,,,,,,
433563,2010/11,2011-02-23,"Mahinda Rajapaksa International Cricket Stadium, Sooriyawewa",2,8.4,Kenya,Pakistan,MA Ouma,SR Waters,Shoaib Akhtar,0,0,,,,,,,,,
433563,2010/11,2011-02-23,"Mahinda Rajapaksa International Cricket Stadium, Sooriyawewa",2,8.5,Kenya,Pakistan,MA Ouma,SR Waters,Shoaib Akhtar,0,0,,,,,,,,,
433563,2010/11,2011-02-23,"Mahinda Rajapaksa International Cricket Stadium, Sooriyawewa",2,8.6,Kenya,Pakistan,MA Ouma,SR Waters,Shoaib Akhtar,0,0,,,,,,,,,
433563,2010/11,2011-02-23,"Mahinda Rajapaksa International Cricket Stadium, Sooriyawewa",2,9.1,Kenya,Pakistan,SR Waters,MA Ouma,Abdul Razzaq,0,0,,,,,,run out,SR Waters,,
433563,2010/11,2011-02-23,"Mahinda Rajapaksa International Cricket Stadium, Sooriyawewa",2,9.2,Kenya,Pakistan,MA Ouma,CO Obuya,Abdul Razzaq,0,0,,,,,,,,,
433563,2010/11,2011-02-23,"Mahinda Rajapaksa International Cricket Stadium, Sooriyawewa",2,9.3,Kenya,Pakistan,MA Ouma,CO Obuya,Abdul Razzaq,0,0,,,,,,,,,
433563,2010/11,2011-02-23,"Mahinda Rajapaksa International Cricket Stadium, Sooriyawewa",2,9.4,Kenya,Pakistan,MA Ouma,CO Obuya,Abdul Razzaq,0,0,,,,,,,,,
433563,2010/11,2011-02-23,"Mahinda Rajapaksa International Cricket Stadium, Sooriyawewa",2,9.5,Kenya,Pakistan,MA Ouma,CO Obuya,Abdul Razzaq,0,0,,,,,,,,,
433563,2010/11,2011-02-23,"Mahinda Rajapaksa International Cricket Stadium, Sooriyawewa",2,9.6,Kenya,Pakistan,MA Ouma,CO Obuya,Abdul Razzaq,0,0,,,,,,,,,
433563,2010/11,2011-02-23,"Mahinda Rajapaksa International Cricket Stadium, Sooriyawewa",2,10.1,Kenya,Pakistan,CO Obuya,MA Ouma,Umar Gul,0,0,,,,,,,,,
433563,2010/11,2011-02-23,"Mahinda Rajapaksa International Cricket Stadium, Sooriyawewa",2,10.2,Kenya,Pakistan,CO Obuya,MA Ouma,Umar Gul,0,0,,,,,,,,,
433563,2010/11,2011-02-23,"Mahinda Rajapaksa International Cricket Stadium, Sooriyawewa",2,10.3,Kenya,Pakistan,CO Obuya,MA Ouma,Umar Gul,0,1,,,,1,,,,,
433563,2010/11,2011-02-23,"Mahinda Rajapaksa International Cricket Stadium, Sooriyawewa",2,10.4,Kenya,Pakistan,MA Ouma,CO Obuya,Umar Gul,0,1,1,,,,,,,,
433563,2010/11,2011-02-23,"Mahinda Rajapaksa International Cricket Stadium, Sooriyawewa",2,10.5,Kenya,Pakistan,MA Ouma,CO Obuya,Umar Gul,0,0,,,,,,,,,
433563,2010/11,2011-02-23,"Mahinda Rajapaksa International Cricket Stadium, Sooriyawewa",2,10.6,Kenya,Pakistan,MA Ouma,CO Obuya,Umar Gul,0,0,,,,,,,,,
433563,2010/11,2011-02-23,"Mahinda Rajapaksa International Cricket Stadium, Sooriyawewa",2,10.7,Kenya,Pakistan,MA Ouma,CO Obuya,Umar Gul,0,0,,,,,,,,,
433563,2010/11,2011-02-23,"Mahinda Rajapaksa International Cricket Stadium, Sooriyawewa",2,11.1,Kenya,Pakistan,CO Obuya,MA Ouma,Abdur Rehman,1,0,,,,,,,,,
433563,2010/11,2011-02-23,"Mahinda Rajapaksa International Cricket Stadium, Sooriyawewa",2,11.2,Kenya,Pakistan,MA Ouma,CO Obuya,Abdur Rehman,0,0,,,,,,,,,
433563,2010/11,2011-02-23,"Mahinda Rajapaksa International Cricket Stadium, Sooriyawewa",2,11.3,Kenya,Pakistan,MA Ouma,CO Obuya,Abdur Rehman,0,0,,,,,,,,,
433563,2010/11,2011-02-23,"Mahinda Rajapaksa International Cricket Stadium, Sooriyawewa",2,11.4,Kenya,Pakistan,MA Ouma,CO Obuya,Abdur Rehman,1,0,,,,,,,,,
433563,2010/11,2011-02-23,"Mahinda Rajapaksa International Cricket Stadium, Sooriyawewa",2,11.5,Kenya,Pakistan,CO Obuya,MA Ouma,Abdur Rehman,1,0,,,,,,,,,
433563,2010/11,2011-02-23,"Mahinda Rajapaksa International Cricket Stadium, Sooriyawewa",2,11.6,Kenya,Pakistan,MA Ouma,CO Obuya,Abdur Rehman,0,0,,,,,,,,,
433563,2010/11,2011-02-23,"Mahinda Rajapaksa International Cricket Stadium, Sooriyawewa",2,12.1,Kenya,Pakistan,CO Obuya,MA Ouma,Umar Gul,1,0,,,,,,,,,
433563,2010/11,2011-02-23,"Mahinda Rajapaksa International Cricket Stadium, Sooriyawewa",2,12.2,Kenya,Pakistan,MA Ouma,CO Obuya,Umar Gul,0,0,,,,,,caught,MA Ouma,,
433563,2010/11,2011-02-23,"Mahinda Rajapaksa International Cricket Stadium, Sooriyawewa",2,12.3,Kenya,Pakistan,SO Tikolo,CO Obuya,Umar Gul,4,0,,,,,,,,,
433563,2010/11,2011-02-23,"Mahinda Rajapaksa International Cricket Stadium, Sooriyawewa",2,12.4,Kenya,Pakistan,SO Tikolo,CO Obuya,Umar Gul,0,1,,,,1,,,,,
433563,2010/11,2011-02-23,"Mahinda Rajapaksa International Cricket Stadium, Sooriyawewa",2,12.5,Kenya,Pakistan,CO Obuya,SO Tikolo,Umar Gul,0,0,,,,,,,,,
433563,2010/11,2011-02-23,"Mahinda Rajapaksa International Cricket Stadium, Sooriyawewa",2,12.6,Kenya,Pakistan,CO Obuya,SO Tikolo,Umar Gul,0,0,,,,,,,,,
433563,2010/11,2011-02-23,"Mahinda Rajapaksa International Cricket Stadium, Sooriyawewa",2,13.1,Kenya,Pakistan,SO Tikolo,CO Obuya,Abdur Rehman,0,0,,,,,,,,,
433563,2010/11,2011-02-23,"Mahinda Rajapaksa International Cricket Stadium, Sooriyawewa",2,13.2,Kenya,Pakistan,SO Tikolo,CO Obuya,Abdur Rehman,0,0,,,,,,,,,
433563,2010/11,2011-02-23,"Mahinda Rajapaksa International Cricket Stadium, Sooriyawewa",2,13.3,Kenya,Pakistan,SO Tikolo,CO Obuya,Abdur Rehman,0,0,,,,,,,,,
433563,2010/11,2011-02-23,"Mahinda Rajapaksa International Cricket Stadium, Sooriyawewa",2,13.4,Kenya,Pakistan,SO Tikolo,CO Obuya,Abdur Rehman,0,0,,,,,,,,,
433563,2010/11,2011-02-23,"Mahinda Rajapaksa International Cricket Stadium, Sooriyawewa",2,13.5,Kenya,Pakistan,SO Tikolo,CO Obuya,Abdur Rehman,0,0,,,,,,,,,
433563,2010/11,2011-02-23,"Mahinda Rajapaksa International Cricket Stadium, Sooriyawewa",2,13.6,Kenya,Pakistan,SO Tikolo,CO Obuya,Abdur Rehman,0,0,,,,,,,,,
433563,2010/11,2011-02-23,"Mahinda Rajapaksa International Cricket Stadium, Sooriyawewa",2,14.1,Kenya,Pakistan,CO Obuya,SO Tikolo,Umar Gul,0,0,,,,,,,,,
433563,2010/11,2011-02-23,"Mahinda Rajapaksa International Cricket Stadium, Sooriyawewa",2,14.2,Kenya,Pakistan,CO Obuya,SO Tikolo,Umar Gul,1,0,,,,,,,,,
433563,2010/11,2011-02-23,"Mahinda Rajapaksa International Cricket Stadium, Sooriyawewa",2,14.3,Kenya,Pakistan,SO Tikolo,CO Obuya,Umar Gul,1,0,,,,,,,,,
433563,2010/11,2011-02-23,"Mahinda Rajapaksa International Cricket Stadium, Sooriyawewa",2,14.4,Kenya,Pakistan,CO Obuya,SO Tikolo,Umar Gul,0,0,,,,,,,,,
433563,2010/11,2011-02-23,"Mahinda Rajapaksa International Cricket Stadium, Sooriyawewa",2,14.5,Kenya,Pakistan,CO Obuya,SO Tikolo,Umar Gul,0,1,,,,1,,,,,
433563,2010/11,2011-02-23,"Mahinda Rajapaksa International Cricket Stadium, Sooriyawewa",2,14.6,Kenya,Pakistan,SO Tikolo,CO Obuya,Umar Gul,0,0,,,,,,,,,
433563,2010/11,2011-02-23,"Mahinda Rajapaksa International Cricket Stadium, Sooriyawewa",2,15.1,Kenya,Pakistan,CO Obuya,SO Tikolo,Abdur Rehman,0,0,,,,,,,,,
433563,2010/11,2011-02-23,"Mahinda Rajapaksa International Cricket Stadium, Sooriyawewa",2,15.2,Kenya,Pakistan,CO Obuya,SO Tikolo,Abdur Rehman,1,0,,,,,,,,,
433563,2010/11,2011-02-23,"Mahinda Rajapaksa International Cricket Stadium, Sooriyawewa",2,15.3,Kenya,Pakistan,SO Tikolo,CO Obuya,Abdur Rehman,0,0,,,,,,,,,
433563,2010/11,2011-02-23,"Mahinda Rajapaksa International Cricket Stadium, Sooriyawewa",2,15.4,Kenya,Pakistan,SO Tikolo,CO Obuya,Abdur Rehman,1,0,,,,,,,,,
433563,2010/11,2011-02-23,"Mahinda Rajapaksa International Cricket Stadium, Sooriyawewa",2,15.5,Kenya,Pakistan,CO Obuya,SO Tikolo,Abdur Rehman,1,0,,,,,,,,,
433563,2010/11,2011-02-23,"Mahinda Rajapaksa International Cricket Stadium, Sooriyawewa",2,15.6,Kenya,Pakistan,SO Tikolo,CO Obuya,Abdur Rehman,0,0,,,,,,,,,
433563,2010/11,2011-02-23,"Mahinda Rajapaksa International Cricket Stadium, Sooriyawewa",2,16.1,Kenya,Pakistan,CO Obuya,SO Tikolo,Umar Gul,0,0,,,,,,,,,
433563,2010/11,2011-02-23,"Mahinda Rajapaksa International Cricket Stadium, Sooriyawewa",2,16.2,Kenya,Pakistan,CO Obuya,SO Tikolo,Umar Gul,1,0,,,,,,,,,
433563,2010/11,2011-02-23,"Mahinda Rajapaksa International Cricket Stadium, Sooriyawewa",2,16.3,Kenya,Pakistan,SO Tikolo,CO Obuya,Umar Gul,0,1,,1,,,,,,,
433563,2010/11,2011-02-23,"Mahinda Rajapaksa International Cricket Stadium, Sooriyawewa",2,16.4,Kenya,Pakistan,SO Tikolo,CO Obuya,Umar Gul,0,0,,,,,,,,,
433563,2010/11,2011-02-23,"Mahinda Rajapaksa International Cricket Stadium, Sooriyawewa",2,16.5,Kenya,Pakistan,SO Tikolo,CO Obuya,Umar Gul,2,0,,,,,,,,,
433563,2010/11,2011-02-23,"Mahinda Rajapaksa International Cricket Stadium, Sooriyawewa",2,16.6,Kenya,Pakistan,SO Tikolo,CO Obuya,Umar Gul,0,0,,,,,,,,,
433563,2010/11,2011-02-23,"Mahinda Rajapaksa International Cricket Stadium, Sooriyawewa",2,16.7,Kenya,Pakistan,SO Tikolo,CO Obuya,Umar Gul,0,0,,,,,,,,,
433563,2010/11,2011-02-23,"Mahinda Rajapaksa International Cricket Stadium, Sooriyawewa",2,17.1,Kenya,Pakistan,CO Obuya,SO Tikolo,Abdur Rehman,1,0,,,,,,,,,
433563,2010/11,2011-02-23,"Mahinda Rajapaksa International Cricket Stadium, Sooriyawewa",2,17.2,Kenya,Pakistan,SO Tikolo,CO Obuya,Abdur Rehman,0,0,,,,,,,,,
433563,2010/11,2011-02-23,"Mahinda Rajapaksa International Cricket Stadium, Sooriyawewa",2,17.3,Kenya,Pakistan,SO Tikolo,CO Obuya,Abdur Rehman,0,0,,,,,,,,,
433563,2010/11,2011-02-23,"Mahinda Rajapaksa International Cricket Stadium, Sooriyawewa",2,17.4,Kenya,Pakistan,SO Tikolo,CO Obuya,Abdur Rehman,1,0,,,,,,,,,
433563,2010/11,2011-02-23,"Mahinda Rajapaksa International Cricket Stadium, Sooriyawewa",2,17.5,Kenya,Pakistan,CO Obuya,SO Tikolo,Abdur Rehman,0,0,,,,,,,,,
433563,2010/11,2011-02-23,"Mahinda Rajapaksa International Cricket Stadium, Sooriyawewa",2,17.6,Kenya,Pakistan,CO Obuya,SO Tikolo,Abdur Rehman,0,0,,,,,,,,,
433563,2010/11,2011-02-23,"Mahinda Rajapaksa International Cricket Stadium, Sooriyawewa",2,18.1,Kenya,Pakistan,SO Tikolo,CO Obuya,Shahid Afridi,0,0,,,,,,,,,
433563,2010/11,2011-02-23,"Mahinda Rajapaksa International Cricket Stadium, Sooriyawewa",2,18.2,Kenya,Pakistan,SO Tikolo,CO Obuya,Shahid Afridi,0,0,,,,,,,,,
433563,2010/11,2011-02-23,"Mahinda Rajapaksa International Cricket Stadium, Sooriyawewa",2,18.3,Kenya,Pakistan,SO Tikolo,CO Obuya,Shahid Afridi,0,0,,,,,,,,,
433563,2010/11,2011-02-23,"Mahinda Rajapaksa International Cricket Stadium, Sooriyawewa",2,18.4,Kenya,Pakistan,SO Tikolo,CO Obuya,Shahid Afridi,0,0,,,,,,,,,
433563,2010/11,2011-02-23,"Mahinda Rajapaksa International Cricket Stadium, Sooriyawewa",2,18.5,Kenya,Pakistan,SO Tikolo,CO Obuya,Shahid Afridi,0,0,,,,,,,,,
433563,2010/11,2011-02-23,"Mahinda Rajapaksa International Cricket Stadium, Sooriyawewa",2,18.6,Kenya,Pakistan,SO Tikolo,CO Obuya,Shahid Afridi,0,0,,,,,,,,,
433563,2010/11,2011-02-23,"Mahinda Rajapaksa International Cricket Stadium, Sooriyawewa",2,19.1,Kenya,Pakistan,CO Obuya,SO Tikolo,Abdur Rehman,0,0,,,,,,,,,
433563,2010/11,2011-02-23,"Mahinda Rajapaksa International Cricket Stadium, Sooriyawewa",2,19.2,Kenya,Pakistan,CO Obuya,SO Tikolo,Abdur Rehman,0,0,,,,,,,,,
433563,2010/11,2011-02-23,"Mahinda Rajapaksa International Cricket Stadium, Sooriyawewa",2,19.3,Kenya,Pakistan,CO Obuya,SO Tikolo,Abdur Rehman,0,0,,,,,,,,,
433563,2010/11,2011-02-23,"Mahinda Rajapaksa International Cricket Stadium, Sooriyawewa",2,19.4,Kenya,Pakistan,CO Obuya,SO Tikolo,Abdur Rehman,1,0,,,,,,,,,
433563,2010/11,2011-02-23,"Mahinda Rajapaksa International Cricket Stadium, Sooriyawewa",2,19.5,Kenya,Pakistan,SO Tikolo,CO Obuya,Abdur Rehman,0,0,,,,,,,,,
433563,2010/11,2011-02-23,"Mahinda Rajapaksa International Cricket Stadium, Sooriyawewa",2,19.6,Kenya,Pakistan,SO Tikolo,CO Obuya,Abdur Rehman,1,0,,,,,,,,,
433563,2010/11,2011-02-23,"Mahinda Rajapaksa International Cricket Stadium, Sooriyawewa",2,20.1,Kenya,Pakistan,SO Tikolo,CO Obuya,Shahid Afridi,2,0,,,,,,,,,
433563,2010/11,2011-02-23,"Mahinda Rajapaksa International Cricket Stadium, Sooriyawewa",2,20.2,Kenya,Pakistan,SO Tikolo,CO Obuya,Shahid Afridi,1,0,,,,,,,,,
433563,2010/11,2011-02-23,"Mahinda Rajapaksa International Cricket Stadium, Sooriyawewa",2,20.3,Kenya,Pakistan,CO Obuya,SO Tikolo,Shahid Afridi,0,0,,,,,,,,,
433563,2010/11,2011-02-23,"Mahinda Rajapaksa International Cricket Stadium, Sooriyawewa",2,20.4,Kenya,Pakistan,CO Obuya,SO Tikolo,Shahid Afridi,0,0,,,,,,,,,
433563,2010/11,2011-02-23,"Mahinda Rajapaksa International Cricket Stadium, Sooriyawewa",2,20.5,Kenya,Pakistan,CO Obuya,SO Tikolo,Shahid Afridi,0,0,,,,,,,,,
433563,2010/11,2011-02-23,"Mahinda Rajapaksa International Cricket Stadium, Sooriyawewa",2,20.6,Kenya,Pakistan,CO Obuya,SO Tikolo,Shahid Afridi,1,0,,,,,,,,,
433563,2010/11,2011-02-23,"Mahinda Rajapaksa International Cricket Stadium, Sooriyawewa",2,21.1,Kenya,Pakistan,CO Obuya,SO Tikolo,Abdur Rehman,0,0,,,,,,,,,
433563,2010/11,2011-02-23,"Mahinda Rajapaksa International Cricket Stadium, Sooriyawewa",2,21.2,Kenya,Pakistan,CO Obuya,SO Tikolo,Abdur Rehman,0,0,,,,,,,,,
433563,2010/11,2011-02-23,"Mahinda Rajapaksa International Cricket Stadium, Sooriyawewa",2,21.3,Kenya,Pakistan,CO Obuya,SO Tikolo,Abdur Rehman,0,0,,,,,,,,,
433563,2010/11,2011-02-23,"Mahinda Rajapaksa International Cricket Stadium, Sooriyawewa",2,21.4,Kenya,Pakistan,CO Obuya,SO Tikolo,Abdur Rehman,1,0,,,,,,,,,
433563,2010/11,2011-02-23,"Mahinda Rajapaksa International Cricket Stadium, Sooriyawewa",2,21.5,Kenya,Pakistan,CO Obuya,SO Tikolo,Abdur Rehman,6,0,,,,,,,,,
433563,2010/11,2011-02-23,"Mahinda Rajapaksa International Cricket Stadium, Sooriyawewa",2,21.6,Kenya,Pakistan,CO Obuya,SO Tikolo,Abdur Rehman,0,0,,,,,,,,,
433563,2010/11,2011-02-23,"Mahinda Rajapaksa International Cricket Stadium, Sooriyawewa",2,22.1,Kenya,Pakistan,SO Tikolo,CO Obuya,Shahid Afridi,0,0,,,,,,,,,
433563,2010/11,2011-02-23,"Mahinda Rajapaksa International Cricket Stadium, Sooriyawewa",2,22.2,Kenya,Pakistan,SO Tikolo,CO Obuya,Shahid Afridi,0,0,,,,,,bowled,SO Tikolo,,
433563,2010/11,2011-02-23,"Mahinda Rajapaksa International Cricket Stadium, Sooriyawewa",2,22.3,Kenya,Pakistan,T Mishra,CO Obuya,Shahid Afridi,0,0,,,,,,,,,
433563,2010/11,2011-02-23,"Mahinda Rajapaksa International Cricket Stadium, Sooriyawewa",2,22.4,Kenya,Pakistan,T Mishra,CO Obuya,Shahid Afridi,1,0,,,,,,,,,
433563,2010/11,2011-02-23,"Mahinda Rajapaksa International Cricket Stadium, Sooriyawewa",2,22.5,Kenya,Pakistan,CO Obuya,T Mishra,Shahid Afridi,0,0,,,,,,,,,
433563,2010/11,2011-02-23,"Mahinda Rajapaksa International Cricket Stadium, Sooriyawewa",2,22.6,Kenya,Pakistan,CO Obuya,T Mishra,Shahid Afridi,0,0,,,,,,,,,
433563,2010/11,2011-02-23,"Mahinda Rajapaksa International Cricket Stadium, Sooriyawewa",2,23.1,Kenya,Pakistan,T Mishra,CO Obuya,Abdur Rehman,0,0,,,,,,,,,
433563,2010/11,2011-02-23,"Mahinda Rajapaksa International Cricket Stadium, Sooriyawewa",2,23.2,Kenya,Pakistan,T Mishra,CO Obuya,Abdur Rehman,0,0,,,,,,,,,
433563,2010/11,2011-02-23,"Mahinda Rajapaksa International Cricket Stadium, Sooriyawewa",2,23.3,Kenya,Pakistan,T Mishra,CO Obuya,Abdur Rehman,0,0,,,,,,,,,
433563,2010/11,2011-02-23,"Mahinda Rajapaksa International Cricket Stadium, Sooriyawewa",2,23.4,Kenya,Pakistan,T Mishra,CO Obuya,Abdur Rehman,0,0,,,,,,,,,
433563,2010/11,2011-02-23,"Mahinda Rajapaksa International Cricket Stadium, Sooriyawewa",2,23.5,Kenya,Pakistan,T Mishra,CO Obuya,Abdur Rehman,1,0,,,,,,,,,
433563,2010/11,2011-02-23,"Mahinda Rajapaksa International Cricket Stadium, Sooriyawewa",2,23.6,Kenya,Pakistan,CO Obuya,T Mishra,Abdur Rehman,0,0,,,,,,,,,
433563,2010/11,2011-02-23,"Mahinda Rajapaksa International Cricket Stadium, Sooriyawewa",2,24.1,Kenya,Pakistan,T Mishra,CO Obuya,Shahid Afridi,0,0,,,,,,,,,
433563,2010/11,2011-02-23,"Mahinda Rajapaksa International Cricket Stadium, Sooriyawewa",2,24.2,Kenya,Pakistan,T Mishra,CO Obuya,Shahid Afridi,4,0,,,,,,,,,
433563,2010/11,2011-02-23,"Mahinda Rajapaksa International Cricket Stadium, Sooriyawewa",2,24.3,Kenya,Pakistan,T Mishra,CO Obuya,Shahid Afridi,0,0,,,,,,,,,
433563,2010/11,2011-02-23,"Mahinda Rajapaksa International Cricket Stadium, Sooriyawewa",2,24.4,Kenya,Pakistan,T Mishra,CO Obuya,Shahid Afridi,0,0,,,,,,,,,
433563,2010/11,2011-02-23,"Mahinda Rajapaksa International Cricket Stadium, Sooriyawewa",2,24.5,Kenya,Pakistan,T Mishra,CO Obuya,Shahid Afridi,0,0,,,,,,,,,
433563,2010/11,2011-02-23,"Mahinda Rajapaksa International Cricket Stadium, Sooriyawewa",2,24.6,Kenya,Pakistan,T Mishra,CO Obuya,Shahid Afridi,0,0,,,,,,,,,
433563,2010/11,2011-02-23,"Mahinda Rajapaksa International Cricket Stadium, Sooriyawewa",2,25.1,Kenya,Pakistan,CO Obuya,T Mishra,Mohammad Hafeez,0,0,,,,,,,,,
433563,2010/11,2011-02-23,"Mahinda Rajapaksa International Cricket Stadium, Sooriyawewa",2,25.2,Kenya,Pakistan,CO Obuya,T Mishra,Mohammad Hafeez,0,0,,,,,,,,,
433563,2010/11,2011-02-23,"Mahinda Rajapaksa International Cricket Stadium, Sooriyawewa",2,25.3,Kenya,Pakistan,CO Obuya,T Mishra,Mohammad Hafeez,0,0,,,,,,,,,
433563,2010/11,2011-02-23,"Mahinda Rajapaksa International Cricket Stadium, Sooriyawewa",2,25.4,Kenya,Pakistan,CO Obuya,T Mishra,Mohammad Hafeez,0,0,,,,,,,,,
433563,2010/11,2011-02-23,"Mahinda Rajapaksa International Cricket Stadium, Sooriyawewa",2,25.5,Kenya,Pakistan,CO Obuya,T Mishra,Mohammad Hafeez,0,0,,,,,,,,,
433563,2010/11,2011-02-23,"Mahinda Rajapaksa International Cricket Stadium, Sooriyawewa",2,25.6,Kenya,Pakistan,CO Obuya,T Mishra,Mohammad Hafeez,0,0,,,,,,,,,
433563,2010/11,2011-02-23,"Mahinda Rajapaksa International Cricket Stadium, Sooriyawewa",2,26.1,Kenya,Pakistan,T Mishra,CO Obuya,Shahid Afridi,0,0,,,,,,,,,
433563,2010/11,2011-02-23,"Mahinda Rajapaksa International Cricket Stadium, Sooriyawewa",2,26.2,Kenya,Pakistan,T Mishra,CO Obuya,Shahid Afridi,0,0,,,,,,,,,
433563,2010/11,2011-02-23,"Mahinda Rajapaksa International Cricket Stadium, Sooriyawewa",2,26.3,Kenya,Pakistan,T Mishra,CO Obuya,Shahid Afridi,0,0,,,,,,lbw,T Mishra,,
433563,2010/11,2011-02-23,"Mahinda Rajapaksa International Cricket Stadium, Sooriyawewa",2,26.4,Kenya,Pakistan,RR Patel,CO Obuya,Shahid Afridi,0,0,,,,,,,,,
433563,2010/11,2011-02-23,"Mahinda Rajapaksa International Cricket Stadium, Sooriyawewa",2,26.5,Kenya,Pakistan,RR Patel,CO Obuya,Shahid Afridi,0,0,,,,,,,,,
433563,2010/11,2011-02-23,"Mahinda Rajapaksa International Cricket Stadium, Sooriyawewa",2,26.6,Kenya,Pakistan,RR Patel,CO Obuya,Shahid Afridi,0,0,,,,,,,,,
433563,2010/11,2011-02-23,"Mahinda Rajapaksa International Cricket Stadium, Sooriyawewa",2,27.1,Kenya,Pakistan,CO Obuya,RR Patel,Mohammad Hafeez,4,0,,,,,,,,,
433563,2010/11,2011-02-23,"Mahinda Rajapaksa International Cricket Stadium, Sooriyawewa",2,27.2,Kenya,Pakistan,CO Obuya,RR Patel,Mohammad Hafeez,1,0,,,,,,,,,
433563,2010/11,2011-02-23,"Mahinda Rajapaksa International Cricket Stadium, Sooriyawewa",2,27.3,Kenya,Pakistan,RR Patel,CO Obuya,Mohammad Hafeez,0,0,,,,,,,,,
433563,2010/11,2011-02-23,"Mahinda Rajapaksa International Cricket Stadium, Sooriyawewa",2,27.4,Kenya,Pakistan,RR Patel,CO Obuya,Mohammad Hafeez,0,1,1,,,,,,,,
433563,2010/11,2011-02-23,"Mahinda Rajapaksa International Cricket Stadium, Sooriyawewa",2,27.5,Kenya,Pakistan,RR Patel,CO Obuya,Mohammad Hafeez,0,0,,,,,,,,,
433563,2010/11,2011-02-23,"Mahinda Rajapaksa International Cricket Stadium, Sooriyawewa",2,27.6,Kenya,Pakistan,RR Patel,CO Obuya,Mohammad Hafeez,0,0,,,,,,caught,RR Patel,,
433563,2010/11,2011-02-23,"Mahinda Rajapaksa International Cricket Stadium, Sooriyawewa",2,27.7,Kenya,Pakistan,CO Obuya,JK Kamande,Mohammad Hafeez,0,0,,,,,,,,,
433563,2010/11,2011-02-23,"Mahinda Rajapaksa International Cricket Stadium, Sooriyawewa",2,28.1,Kenya,Pakistan,JK Kamande,CO Obuya,Shahid Afridi,2,0,,,,,,,,,
433563,2010/11,2011-02-23,"Mahinda Rajapaksa International Cricket Stadium, Sooriyawewa",2,28.2,Kenya,Pakistan,JK Kamande,CO Obuya,Shahid Afridi,0,0,,,,,,,,,
433563,2010/11,2011-02-23,"Mahinda Rajapaksa International Cricket Stadium, Sooriyawewa",2,28.3,Kenya,Pakistan,JK Kamande,CO Obuya,Shahid Afridi,0,0,,,,,,lbw,JK Kamande,,
433563,2010/11,2011-02-23,"Mahinda Rajapaksa International Cricket Stadium, Sooriyawewa",2,28.4,Kenya,Pakistan,TM Odoyo,CO Obuya,Shahid Afridi,0,0,,,,,,,,,
433563,2010/11,2011-02-23,"Mahinda Rajapaksa International Cricket Stadium, Sooriyawewa",2,28.5,Kenya,Pakistan,TM Odoyo,CO Obuya,Shahid Afridi,0,0,,,,,,,,,
433563,2010/11,2011-02-23,"Mahinda Rajapaksa International Cricket Stadium, Sooriyawewa",2,28.6,Kenya,Pakistan,TM Odoyo,CO Obuya,Shahid Afridi,0,0,,,,,,,,,
433563,2010/11,2011-02-23,"Mahinda Rajapaksa International Cricket Stadium, Sooriyawewa",2,29.1,Kenya,Pakistan,CO Obuya,TM Odoyo,Mohammad Hafeez,2,0,,,,,,,,,
433563,2010/11,2011-02-23,"Mahinda Rajapaksa International Cricket Stadium, Sooriyawewa",2,29.2,Kenya,Pakistan,CO Obuya,TM Odoyo,Mohammad Hafeez,6,0,,,,,,,,,
433563,2010/11,2011-02-23,"Mahinda Rajapaksa International Cricket Stadium, Sooriyawewa",2,29.3,Kenya,Pakistan,CO Obuya,TM Odoyo,Mohammad Hafeez,0,0,,,,,,,,,
433563,2010/11,2011-02-23,"Mahinda Rajapaksa International Cricket Stadium, Sooriyawewa",2,29.4,Kenya,Pakistan,CO Obuya,TM Odoyo,Mohammad Hafeez,1,0,,,,,,,,,
433563,2010/11,2011-02-23,"Mahinda Rajapaksa International Cricket Stadium, Sooriyawewa",2,29.5,Kenya,Pakistan,TM Odoyo,CO Obuya,Mohammad Hafeez,0,0,,,,,,,,,
433563,2010/11,2011-02-23,"Mahinda Rajapaksa International Cricket Stadium, Sooriyawewa",2,29.6,Kenya,Pakistan,TM Odoyo,CO Obuya,Mohammad Hafeez,0,0,,,,,,,,,
433563,2010/11,2011-02-23,"Mahinda Rajapaksa International Cricket Stadium, Sooriyawewa",2,30.1,Kenya,Pakistan,CO Obuya,TM Odoyo,Shahid Afridi,4,0,,,,,,,,,
433563,2010/11,2011-02-23,"Mahinda Rajapaksa International Cricket Stadium, Sooriyawewa",2,30.2,Kenya,Pakistan,CO Obuya,TM Odoyo,Shahid Afridi,1,0,,,,,,,,,
433563,2010/11,2011-02-23,"Mahinda Rajapaksa International Cricket Stadium, Sooriyawewa",2,30.3,Kenya,Pakistan,TM Odoyo,CO Obuya,Shahid Afridi,0,0,,,,,,,,,
433563,2010/11,2011-02-23,"Mahinda Rajapaksa International Cricket Stadium, Sooriyawewa",2,30.4,Kenya,Pakistan,TM Odoyo,CO Obuya,Shahid Afridi,0,0,,,,,,,,,
433563,2010/11,2011-02-23,"Mahinda Rajapaksa International Cricket Stadium, Sooriyawewa",2,30.5,Kenya,Pakistan,TM Odoyo,CO Obuya,Shahid Afridi,0,0,,,,,,lbw,TM Odoyo,,
433563,2010/11,2011-02-23,"Mahinda Rajapaksa International Cricket Stadium, Sooriyawewa",2,30.6,Kenya,Pakistan,NN Odhiambo,CO Obuya,Shahid Afridi,0,0,,,,,,,,,
433563,2010/11,2011-02-23,"Mahinda Rajapaksa International Cricket Stadium, Sooriyawewa",2,31.1,Kenya,Pakistan,CO Obuya,NN Odhiambo,Mohammad Hafeez,0,0,,,,,,,,,
433563,2010/11,2011-02-23,"Mahinda Rajapaksa International Cricket Stadium, Sooriyawewa",2,31.2,Kenya,Pakistan,CO Obuya,NN Odhiambo,Mohammad Hafeez,0,0,,,,,,,,,
433563,2010/11,2011-02-23,"Mahinda Rajapaksa International Cricket Stadium, Sooriyawewa",2,31.3,Kenya,Pakistan,CO Obuya,NN Odhiambo,Mohammad Hafeez,4,0,,,,,,,,,
433563,2010/11,2011-02-23,"Mahinda Rajapaksa International Cricket Stadium, Sooriyawewa",2,31.4,Kenya,Pakistan,CO Obuya,NN Odhiambo,Mohammad Hafeez,6,0,,,,,,,,,
433563,2010/11,2011-02-23,"Mahinda Rajapaksa International Cricket Stadium, Sooriyawewa",2,31.5,Kenya,Pakistan,CO Obuya,NN Odhiambo,Mohammad Hafeez,1,0,,,,,,,,,
433563,2010/11,2011-02-23,"Mahinda Rajapaksa International Cricket Stadium, Sooriyawewa",2,31.6,Kenya,Pakistan,NN Odhiambo,CO Obuya,Mohammad Hafeez,0,0,,,,,,,,,
433563,2010/11,2011-02-23,"Mahinda Rajapaksa International Cricket Stadium, Sooriyawewa",2,32.1,Kenya,Pakistan,CO Obuya,NN Odhiambo,Shahid Afridi,0,0,,,,,,caught,CO Obuya,,
433563,2010/11,2011-02-23,"Mahinda Rajapaksa International Cricket Stadium, Sooriyawewa",2,32.2,Kenya,Pakistan,NN Odhiambo,SO Ngoche,Shahid Afridi,0,0,,,,,,,,,
433563,2010/11,2011-02-23,"Mahinda Rajapaksa International Cricket Stadium, Sooriyawewa",2,32.3,Kenya,Pakistan,NN Odhiambo,SO Ngoche,Shahid Afridi,0,0,,,,,,,,,
433563,2010/11,2011-02-23,"Mahinda Rajapaksa International Cricket Stadium, Sooriyawewa",2,32.4,Kenya,Pakistan,NN Odhiambo,SO Ngoche,Shahid Afridi,0,0,,,,,,,,,
433563,2010/11,2011-02-23,"Mahinda Rajapaksa International Cricket Stadium, Sooriyawewa",2,32.5,Kenya,Pakistan,NN Odhiambo,SO Ngoche,Shahid Afridi,0,0,,,,,,run out,NN Odhiambo,,
433563,2010/11,2011-02-23,"Mahinda Rajapaksa International Cricket Stadium, Sooriyawewa",2,32.6,Kenya,Pakistan,E Otieno,SO Ngoche,Shahid Afridi,0,0,,,,,,,,,
433563,2010/11,2011-02-23,"Mahinda Rajapaksa International Cricket Stadium, Sooriyawewa",2,33.1,Kenya,Pakistan,SO Ngoche,E Otieno,Umar Gul,0,0,,,,,,bowled,SO Ngoche,,
