match_id,season,start_date,venue,innings,ball,batting_team,bowling_team,striker,non_striker,bowler,runs_off_bat,extras,wides,noballs,byes,legbyes,penalty,wicket_type,player_dismissed,other_wicket_type,other_player_dismissed
433586,2010/11,2011-03-12,"Vidarbha Cricket Association Stadium, Jamtha",1,0.1,India,South Africa,V Sehwag,SR Tendulkar,DW Steyn,4,0,,,,,,,,,
433586,2010/11,2011-03-12,"Vidarbha Cricket Association Stadium, Jamtha",1,0.2,India,South Africa,V Sehwag,SR Tendulkar,DW Steyn,0,0,,,,,,,,,
433586,2010/11,2011-03-12,"Vidarbha Cricket Association Stadium, Jamtha",1,0.3,India,South Africa,V Sehwag,SR Tendulkar,DW Steyn,0,0,,,,,,,,,
433586,2010/11,2011-03-12,"Vidarbha Cricket Association Stadium, Jamtha",1,0.4,India,South Africa,V Sehwag,SR Tendulkar,DW Steyn,0,0,,,,,,,,,
433586,2010/11,2011-03-12,"Vidarbha Cricket Association Stadium, Jamtha",1,0.5,India,South Africa,V Sehwag,SR Tendulkar,DW Steyn,0,0,,,,,,,,,
433586,2010/11,2011-03-12,"Vidarbha Cricket Association Stadium, Jamtha",1,0.6,India,South Africa,V Sehwag,SR Tendulkar,DW Steyn,0,0,,,,,,,,,
433586,2010/11,2011-03-12,"Vidarbha Cricket Association Stadium, Jamtha",1,1.1,India,South Africa,SR Tendulkar,V Sehwag,M Morkel,1,0,,,,,,,,,
433586,2010/11,2011-03-12,"Vidarbha Cricket Association Stadium, Jamtha",1,1.2,India,South Africa,V Sehwag,SR Tendulkar,M Morkel,0,0,,,,,,,,,
433586,2010/11,2011-03-12,"Vidarbha Cricket Association Stadium, Jamtha",1,1.3,India,South Africa,V Sehwag,SR Tendulkar,M Morkel,4,0,,,,,,,,,
433586,2010/11,2011-03-12,"Vidarbha Cricket Association Stadium, Jamtha",1,1.4,India,South Africa,V Sehwag,SR Tendulkar,M Morkel,0,0,,,,,,,,,
433586,2010/11,2011-03-12,"Vidarbha Cricket Association Stadium, Jamtha",1,1.5,India,South Africa,V Sehwag,SR Tendulkar,M Morkel,0,0,,,,,,,,,
433586,2010/11,2011-03-12,"Vidarbha Cricket Association Stadium, Jamtha",1,1.6,India,South Africa,V Sehwag,SR Tendulkar,M Morkel,0,0,,,,,,,,,
433586,2010/11,2011-03-12,"Vidarbha Cricket Association Stadium, Jamtha",1,2.1,India,South Africa,SR Tendulkar,V Sehwag,DW Steyn,0,0,,,,,,,,,
433586,2010/11,2011-03-12,"Vidarbha Cricket Association Stadium, Jamtha",1,2.2,India,South Africa,SR Tendulkar,V Sehwag,DW Steyn,5,0,,,,,,,,,
433586,2010/11,2011-03-12,"Vidarbha Cricket Association Stadium, Jamtha",1,2.3,India,South Africa,V Sehwag,SR Tendulkar,DW Steyn,0,0,,,,,,,,,
433586,2010/11,2011-03-12,"Vidarbha Cricket Association Stadium, Jamtha",1,2.4,India,South Africa,V Sehwag,SR Tendulkar,DW Steyn,4,0,,,,,,,,,
433586,2010/11,2011-03-12,"Vidarbha Cricket Association Stadium, Jamtha",1,2.5,India,South Africa,V Sehwag,SR Tendulkar,DW Steyn,0,5,5,,,,,,,,
433586,2010/11,2011-03-12,"Vidarbha Cricket Association Stadium, Jamtha",1,2.6,India,South Africa,V Sehwag,SR Tendulkar,DW Steyn,0,0,,,,,,,,,
433586,2010/11,2011-03-12,"Vidarbha Cricket Association Stadium, Jamtha",1,2.7,India,South Africa,V Sehwag,SR Tendulkar,DW Steyn,0,0,,,,,,,,,
433586,2010/11,2011-03-12,"Vidarbha Cricket Association Stadium, Jamtha",1,3.1,India,South Africa,SR Tendulkar,V Sehwag,M Morkel,0,0,,,,,,,,,
433586,2010/11,2011-03-12,"Vidarbha Cricket Association Stadium, Jamtha",1,3.2,India,South Africa,SR Tendulkar,V Sehwag,M Morkel,2,1,,1,,,,,,,
433586,2010/11,2011-03-12,"Vidarbha Cricket Association Stadium, Jamtha",1,3.3,India,South Africa,SR Tendulkar,V Sehwag,M Morkel,1,0,,,,,,,,,
433586,2010/11,2011-03-12,"Vidarbha Cricket Association Stadium, Jamtha",1,3.4,India,South Africa,V Sehwag,SR Tendulkar,M Morkel,0,0,,,,,,,,,
433586,2010/11,2011-03-12,"Vidarbha Cricket Association Stadium, Jamtha",1,3.5,India,South Africa,V Sehwag,SR Tendulkar,M Morkel,0,0,,,,,,,,,
433586,2010/11,2011-03-12,"Vidarbha Cricket Association Stadium, Jamtha",1,3.6,India,South Africa,V Sehwag,SR Tendulkar,M Morkel,0,0,,,,,,,,,
433586,2010/11,2011-03-12,"Vidarbha Cricket Association Stadium, Jamtha",1,3.7,India,South Africa,V Sehwag,SR Tendulkar,M Morkel,0,0,,,,,,,,,
433586,2010/11,2011-03-12,"Vidarbha Cricket Association Stadium, Jamtha",1,4.1,India,South Africa,SR Tendulkar,V Sehwag,DW Steyn,1,0,,,,,,,,,
433586,2010/11,2011-03-12,"Vidarbha Cricket Association Stadium, Jamtha",1,4.2,India,South Africa,V Sehwag,SR Tendulkar,DW Steyn,0,0,,,,,,,,,
433586,2010/11,2011-03-12,"Vidarbha Cricket Association Stadium, Jamtha",1,4.3,India,South Africa,V Sehwag,SR Tendulkar,DW Steyn,4,0,,,,,,,,,
433586,2010/11,2011-03-12,"Vidarbha Cricket Association Stadium, Jamtha",1,4.4,India,South Africa,V Sehwag,SR Tendulkar,DW Steyn,0,0,,,,,,,,,
433586,2010/11,2011-03-12,"Vidarbha Cricket Association Stadium, Jamtha",1,4.5,India,South Africa,V Sehwag,SR Tendulkar,DW Steyn,1,0,,,,,,,,,
433586,2010/11,2011-03-12,"Vidarbha Cricket Association Stadium, Jamtha",1,4.6,India,South Africa,SR Tendulkar,V Sehwag,DW Steyn,0,0,,,,,,,,,
433586,2010/11,2011-03-12,"Vidarbha Cricket Association Stadium, Jamtha",1,5.1,India,South Africa,V Sehwag,SR Tendulkar,M Morkel,4,0,,,,,,,,,
433586,2010/11,2011-03-12,"Vidarbha Cricket Association Stadium, Jamtha",1,5.2,India,South Africa,V Sehwag,SR Tendulkar,M Morkel,0,0,,,,,,,,,
433586,2010/11,2011-03-12,"Vidarbha Cricket Association Stadium, Jamtha",1,5.3,India,South Africa,V Sehwag,SR Tendulkar,M Morkel,4,0,,,,,,,,,
433586,2010/11,2011-03-12,"Vidarbha Cricket Association Stadium, Jamtha",1,5.4,India,South Africa,V Sehwag,SR Tendulkar,M Morkel,0,0,,,,,,,,,
433586,2010/11,2011-03-12,"Vidarbha Cricket Association Stadium, Jamtha",1,5.5,India,South Africa,V Sehwag,SR Tendulkar,M Morkel,4,0,,,,,,,,,
433586,2010/11,2011-03-12,"Vidarbha Cricket Association Stadium, Jamtha",1,5.6,India,South Africa,V Sehwag,SR Tendulkar,M Morkel,1,0,,,,,,,,,
433586,2010/11,2011-03-12,"Vidarbha Cricket Association Stadium, Jamtha",1,6.1,India,South Africa,V Sehwag,SR Tendulkar,JH Kallis,0,0,,,,,,,,,
433586,2010/11,2011-03-12,"Vidarbha Cricket Association Stadium, Jamtha",1,6.2,India,South Africa,V Sehwag,SR Tendulkar,JH Kallis,2,0,,,,,,,,,
433586,2010/11,2011-03-12,"Vidarbha Cricket Association Stadium, Jamtha",1,6.3,India,South Africa,V Sehwag,SR Tendulkar,JH Kallis,0,0,,,,,,,,,
433586,2010/11,2011-03-12,"Vidarbha Cricket Association Stadium, Jamtha",1,6.4,India,South Africa,V Sehwag,SR Tendulkar,JH Kallis,4,0,,,,,,,,,
433586,2010/11,2011-03-12,"Vidarbha Cricket Association Stadium, Jamtha",1,6.5,India,South Africa,V Sehwag,SR Tendulkar,JH Kallis,1,0,,,,,,,,,
433586,2010/11,2011-03-12,"Vidarbha Cricket Association Stadium, Jamtha",1,6.6,India,South Africa,SR Tendulkar,V Sehwag,JH Kallis,4,0,,,,,,,,,
433586,2010/11,2011-03-12,"Vidarbha Cricket Association Stadium, Jamtha",1,7.1,India,South Africa,V Sehwag,SR Tendulkar,M Morkel,0,0,,,,,,,,,
433586,2010/11,2011-03-12,"Vidarbha Cricket Association Stadium, Jamtha",1,7.2,India,South Africa,V Sehwag,SR Tendulkar,M Morkel,4,0,,,,,,,,,
433586,2010/11,2011-03-12,"Vidarbha Cricket Association Stadium, Jamtha",1,7.3,India,South Africa,V Sehwag,SR Tendulkar,M Morkel,1,0,,,,,,,,,
433586,2010/11,2011-03-12,"Vidarbha Cricket Association Stadium, Jamtha",1,7.4,India,South Africa,SR Tendulkar,V Sehwag,M Morkel,0,0,,,,,,,,,
433586,2010/11,2011-03-12,"Vidarbha Cricket Association Stadium, Jamtha",1,7.5,India,South Africa,SR Tendulkar,V Sehwag,M Morkel,4,0,,,,,,,,,
433586,2010/11,2011-03-12,"Vidarbha Cricket Association Stadium, Jamtha",1,7.6,India,South Africa,SR Tendulkar,V Sehwag,M Morkel,4,0,,,,,,,,,
433586,2010/11,2011-03-12,"Vidarbha Cricket Association Stadium, Jamtha",1,8.1,India,South Africa,V Sehwag,SR Tendulkar,JH Kallis,1,0,,,,,,,,,
433586,2010/11,2011-03-12,"Vidarbha Cricket Association Stadium, Jamtha",1,8.2,India,South Africa,SR Tendulkar,V Sehwag,JH Kallis,3,0,,,,,,,,,
433586,2010/11,2011-03-12,"Vidarbha Cricket Association Stadium, Jamtha",1,8.3,India,South Africa,V Sehwag,SR Tendulkar,JH Kallis,1,0,,,,,,,,,
433586,2010/11,2011-03-12,"Vidarbha Cricket Association Stadium, Jamtha",1,8.4,India,South Africa,SR Tendulkar,V Sehwag,JH Kallis,0,0,,,,,,,,,
433586,2010/11,2011-03-12,"Vidarbha Cricket Association Stadium, Jamtha",1,8.5,India,South Africa,SR Tendulkar,V Sehwag,JH Kallis,1,0,,,,,,,,,
433586,2010/11,2011-03-12,"Vidarbha Cricket Association Stadium, Jamtha",1,8.6,India,South Africa,V Sehwag,SR Tendulkar,JH Kallis,1,0,,,,,,,,,
433586,2010/11,2011-03-12,"Vidarbha Cricket Association Stadium, Jamtha",1,9.1,India,South Africa,V Sehwag,SR Tendulkar,DW Steyn,1,0,,,,,,,,,
433586,2010/11,2011-03-12,"Vidarbha Cricket Association Stadium, Jamtha",1,9.2,India,South Africa,SR Tendulkar,V Sehwag,DW Steyn,0,0,,,,,,,,,
433586,2010/11,2011-03-12,"Vidarbha Cricket Association Stadium, Jamtha",1,9.3,India,South Africa,SR Tendulkar,V Sehwag,DW Steyn,6,0,,,,,,,,,
433586,2010/11,2011-03-12,"Vidarbha Cricket Association Stadium, Jamtha",1,9.4,India,South Africa,SR Tendulkar,V Sehwag,DW Steyn,0,0,,,,,,,,,
433586,2010/11,2011-03-12,"Vidarbha Cricket Association Stadium, Jamtha",1,9.5,India,South Africa,SR Tendulkar,V Sehwag,DW Steyn,0,0,,,,,,,,,
433586,2010/11,2011-03-12,"Vidarbha Cricket Association Stadium, Jamtha",1,9.6,India,South Africa,SR Tendulkar,V Sehwag,DW Steyn,3,0,,,,,,,,,
433586,2010/11,2011-03-12,"Vidarbha Cricket Association Stadium, Jamtha",1,10.1,India,South Africa,SR Tendulkar,V Sehwag,JH Kallis,0,0,,,,,,,,,
433586,2010/11,2011-03-12,"Vidarbha Cricket Association Stadium, Jamtha",1,10.2,India,South Africa,SR Tendulkar,V Sehwag,JH Kallis,4,0,,,,,,,,,
433586,2010/11,2011-03-12,"Vidarbha Cricket Association Stadium, Jamtha",1,10.3,India,South Africa,SR Tendulkar,V Sehwag,JH Kallis,0,1,1,,,,,,,,
433586,2010/11,2011-03-12,"Vidarbha Cricket Association Stadium, Jamtha",1,10.4,India,South Africa,SR Tendulkar,V Sehwag,JH Kallis,0,0,,,,,,,,,
433586,2010/11,2011-03-12,"Vidarbha Cricket Association Stadium, Jamtha",1,10.5,India,South Africa,SR Tendulkar,V Sehwag,JH Kallis,1,0,,,,,,,,,
433586,2010/11,2011-03-12,"Vidarbha Cricket Association Stadium, Jamtha",1,10.6,India,South Africa,V Sehwag,SR Tendulkar,JH Kallis,0,0,,,,,,,,,
433586,2010/11,2011-03-12,"Vidarbha Cricket Association Stadium, Jamtha",1,10.7,India,South Africa,V Sehwag,SR Tendulkar,JH Kallis,0,0,,,,,,,,,
433586,2010/11,2011-03-12,"Vidarbha Cricket Association Stadium, Jamtha",1,11.1,India,South Africa,SR Tendulkar,V Sehwag,RJ Peterson,1,0,,,,,,,,,
433586,2010/11,2011-03-12,"Vidarbha Cricket Association Stadium, Jamtha",1,11.2,India,South Africa,V Sehwag,SR Tendulkar,RJ Peterson,4,0,,,,,,,,,
433586,2010/11,2011-03-12,"Vidarbha Cricket Association Stadium, Jamtha",1,11.3,India,South Africa,V Sehwag,SR Tendulkar,RJ Peterson,0,1,1,,,,,,,,
433586,2010/11,2011-03-12,"Vidarbha Cricket Association Stadium, Jamtha",1,11.4,India,South Africa,V Sehwag,SR Tendulkar,RJ Peterson,0,0,,,,,,,,,
433586,2010/11,2011-03-12,"Vidarbha Cricket Association Stadium, Jamtha",1,11.5,India,South Africa,V Sehwag,SR Tendulkar,RJ Peterson,1,0,,,,,,,,,
433586,2010/11,2011-03-12,"Vidarbha Cricket Association Stadium, Jamtha",1,11.6,India,South Africa,SR Tendulkar,V Sehwag,RJ Peterson,0,0,,,,,,,,,
433586,2010/11,2011-03-12,"Vidarbha Cricket Association Stadium, Jamtha",1,11.7,India,South Africa,SR Tendulkar,V Sehwag,RJ Peterson,0,1,1,,,,,,,,
433586,2010/11,2011-03-12,"Vidarbha Cricket Association Stadium, Jamtha",1,11.8,India,South Africa,SR Tendulkar,V Sehwag,RJ Peterson,0,0,,,,,,,,,
433586,2010/11,2011-03-12,"Vidarbha Cricket Association Stadium, Jamtha",1,12.1,India,South Africa,V Sehwag,SR Tendulkar,JP Duminy,4,0,,,,,,,,,
433586,2010/11,2011-03-12,"Vidarbha Cricket Association Stadium, Jamtha",1,12.2,India,South Africa,V Sehwag,SR Tendulkar,JP Duminy,2,0,,,,,,,,,
433586,2010/11,2011-03-12,"Vidarbha Cricket Association Stadium, Jamtha",1,12.3,India,South Africa,V Sehwag,SR Tendulkar,JP Duminy,1,0,,,,,,,,,
433586,2010/11,2011-03-12,"Vidarbha Cricket Association Stadium, Jamtha",1,12.4,India,South Africa,SR Tendulkar,V Sehwag,JP Duminy,1,0,,,,,,,,,
433586,2010/11,2011-03-12,"Vidarbha Cricket Association Stadium, Jamtha",1,12.5,India,South Africa,V Sehwag,SR Tendulkar,JP Duminy,1,0,,,,,,,,,
433586,2010/11,2011-03-12,"Vidarbha Cricket Association Stadium, Jamtha",1,12.6,India,South Africa,SR Tendulkar,V Sehwag,JP Duminy,1,0,,,,,,,,,
433586,2010/11,2011-03-12,"Vidarbha Cricket Association Stadium, Jamtha",1,13.1,India,South Africa,SR Tendulkar,V Sehwag,RJ Peterson,4,0,,,,,,,,,
433586,2010/11,2011-03-12,"Vidarbha Cricket Association Stadium, Jamtha",1,13.2,India,South Africa,SR Tendulkar,V Sehwag,RJ Peterson,2,0,,,,,,,,,
433586,2010/11,2011-03-12,"Vidarbha Cricket Association Stadium, Jamtha",1,13.3,India,South Africa,SR Tendulkar,V Sehwag,RJ Peterson,0,0,,,,,,,,,
433586,2010/11,2011-03-12,"Vidarbha Cricket Association Stadium, Jamtha",1,13.4,India,South Africa,SR Tendulkar,V Sehwag,RJ Peterson,1,0,,,,,,,,,
433586,2010/11,2011-03-12,"Vidarbha Cricket Association Stadium, Jamtha",1,13.5,India,South Africa,V Sehwag,SR Tendulkar,RJ Peterson,0,0,,,,,,,,,
433586,2010/11,2011-03-12,"Vidarbha Cricket Association Stadium, Jamtha",1,13.6,India,South Africa,V Sehwag,SR Tendulkar,RJ Peterson,1,0,,,,,,,,,
433586,2010/11,2011-03-12,"Vidarbha Cricket Association Stadium, Jamtha",1,14.1,India,South Africa,V Sehwag,SR Tendulkar,JP Duminy,1,0,,,,,,,,,
433586,2010/11,2011-03-12,"Vidarbha Cricket Association Stadium, Jamtha",1,14.2,India,South Africa,SR Tendulkar,V Sehwag,JP Duminy,1,0,,,,,,,,,
433586,2010/11,2011-03-12,"Vidarbha Cricket Association Stadium, Jamtha",1,14.3,India,South Africa,V Sehwag,SR Tendulkar,JP Duminy,1,0,,,,,,,,,
433586,2010/11,2011-03-12,"Vidarbha Cricket Association Stadium, Jamtha",1,14.4,India,South Africa,SR Tendulkar,V Sehwag,JP Duminy,0,0,,,,,,,,,
433586,2010/11,2011-03-12,"Vidarbha Cricket Association Stadium, Jamtha",1,14.5,India,South Africa,SR Tendulkar,V Sehwag,JP Duminy,6,0,,,,,,,,,
433586,2010/11,2011-03-12,"Vidarbha Cricket Association Stadium, Jamtha",1,14.6,India,South Africa,SR Tendulkar,V Sehwag,JP Duminy,0,0,,,,,,,,,
433586,2010/11,2011-03-12,"Vidarbha Cricket Association Stadium, Jamtha",1,15.1,India,South Africa,V Sehwag,SR Tendulkar,RJ Peterson,2,0,,,,,,,,,
433586,2010/11,2011-03-12,"Vidarbha Cricket Association Stadium, Jamtha",1,15.2,India,South Africa,V Sehwag,SR Tendulkar,RJ Peterson,1,0,,,,,,,,,
433586,2010/11,2011-03-12,"Vidarbha Cricket Association Stadium, Jamtha",1,15.3,India,South Africa,SR Tendulkar,V Sehwag,RJ Peterson,1,0,,,,,,,,,
433586,2010/11,2011-03-12,"Vidarbha Cricket Association Stadium, Jamtha",1,15.4,India,South Africa,V Sehwag,SR Tendulkar,RJ Peterson,4,0,,,,,,,,,
433586,2010/11,2011-03-12,"Vidarbha Cricket Association Stadium, Jamtha",1,15.5,India,South Africa,V Sehwag,SR Tendulkar,RJ Peterson,0,0,,,,,,,,,
433586,2010/11,2011-03-12,"Vidarbha Cricket Association Stadium, Jamtha",1,15.6,India,South Africa,V Sehwag,SR Tendulkar,RJ Peterson,1,0,,,,,,,,,
433586,2010/11,2011-03-12,"Vidarbha Cricket Association Stadium, Jamtha",1,16.1,India,South Africa,V Sehwag,SR Tendulkar,J Botha,0,0,,,,,,,,,
433586,2010/11,2011-03-12,"Vidarbha Cricket Association Stadium, Jamtha",1,16.2,India,South Africa,V Sehwag,SR Tendulkar,J Botha,0,0,,,,,,,,,
433586,2010/11,2011-03-12,"Vidarbha Cricket Association Stadium, Jamtha",1,16.3,India,South Africa,V Sehwag,SR Tendulkar,J Botha,1,0,,,,,,,,,
433586,2010/11,2011-03-12,"Vidarbha Cricket Association Stadium, Jamtha",1,16.4,India,South Africa,SR Tendulkar,V Sehwag,J Botha,0,0,,,,,,,,,
433586,2010/11,2011-03-12,"Vidarbha Cricket Association Stadium, Jamtha",1,16.5,India,South Africa,SR Tendulkar,V Sehwag,J Botha,1,0,,,,,,,,,
433586,2010/11,2011-03-12,"Vidarbha Cricket Association Stadium, Jamtha",1,16.6,India,South Africa,V Sehwag,SR Tendulkar,J Botha,1,0,,,,,,,,,
433586,2010/11,2011-03-12,"Vidarbha Cricket Association Stadium, Jamtha",1,17.1,India,South Africa,V Sehwag,SR Tendulkar,F du Plessis,1,0,,,,,,,,,
433586,2010/11,2011-03-12,"Vidarbha Cricket Association Stadium, Jamtha",1,17.2,India,South Africa,SR Tendulkar,V Sehwag,F du Plessis,1,0,,,,,,,,,
433586,2010/11,2011-03-12,"Vidarbha Cricket Association Stadium, Jamtha",1,17.3,India,South Africa,V Sehwag,SR Tendulkar,F du Plessis,0,0,,,,,,,,,
433586,2010/11,2011-03-12,"Vidarbha Cricket Association Stadium, Jamtha",1,17.4,India,South Africa,V Sehwag,SR Tendulkar,F du Plessis,0,0,,,,,,bowled,V Sehwag,,
433586,2010/11,2011-03-12,"Vidarbha Cricket Association Stadium, Jamtha",1,17.5,India,South Africa,G Gambhir,SR Tendulkar,F du Plessis,1,0,,,,,,,,,
433586,2010/11,2011-03-12,"Vidarbha Cricket Association Stadium, Jamtha",1,17.6,India,South Africa,SR Tendulkar,G Gambhir,F du Plessis,1,0,,,,,,,,,
433586,2010/11,2011-03-12,"Vidarbha Cricket Association Stadium, Jamtha",1,18.1,India,South Africa,SR Tendulkar,G Gambhir,J Botha,0,0,,,,,,,,,
433586,2010/11,2011-03-12,"Vidarbha Cricket Association Stadium, Jamtha",1,18.2,India,South Africa,SR Tendulkar,G Gambhir,J Botha,1,0,,,,,,,,,
433586,2010/11,2011-03-12,"Vidarbha Cricket Association Stadium, Jamtha",1,18.3,India,South Africa,G Gambhir,SR Tendulkar,J Botha,0,0,,,,,,,,,
433586,2010/11,2011-03-12,"Vidarbha Cricket Association Stadium, Jamtha",1,18.4,India,South Africa,G Gambhir,SR Tendulkar,J Botha,0,0,,,,,,,,,
433586,2010/11,2011-03-12,"Vidarbha Cricket Association Stadium, Jamtha",1,18.5,India,South Africa,G Gambhir,SR Tendulkar,J Botha,0,0,,,,,,,,,
433586,2010/11,2011-03-12,"Vidarbha Cricket Association Stadium, Jamtha",1,18.6,India,South Africa,G Gambhir,SR Tendulkar,J Botha,4,0,,,,,,,,,
433586,2010/11,2011-03-12,"Vidarbha Cricket Association Stadium, Jamtha",1,19.1,India,South Africa,SR Tendulkar,G Gambhir,F du Plessis,1,0,,,,,,,,,
433586,2010/11,2011-03-12,"Vidarbha Cricket Association Stadium, Jamtha",1,19.2,India,South Africa,G Gambhir,SR Tendulkar,F du Plessis,1,0,,,,,,,,,
433586,2010/11,2011-03-12,"Vidarbha Cricket Association Stadium, Jamtha",1,19.3,India,South Africa,SR Tendulkar,G Gambhir,F du Plessis,1,0,,,,,,,,,
433586,2010/11,2011-03-12,"Vidarbha Cricket Association Stadium, Jamtha",1,19.4,India,South Africa,G Gambhir,SR Tendulkar,F du Plessis,2,0,,,,,,,,,
433586,2010/11,2011-03-12,"Vidarbha Cricket Association Stadium, Jamtha",1,19.5,India,South Africa,G Gambhir,SR Tendulkar,F du Plessis,0,0,,,,,,,,,
433586,2010/11,2011-03-12,"Vidarbha Cricket Association Stadium, Jamtha",1,19.6,India,South Africa,G Gambhir,SR Tendulkar,F du Plessis,1,0,,,,,,,,,
433586,2010/11,2011-03-12,"Vidarbha Cricket Association Stadium, Jamtha",1,20.1,India,South Africa,G Gambhir,SR Tendulkar,J Botha,1,0,,,,,,,,,
433586,2010/11,2011-03-12,"Vidarbha Cricket Association Stadium, Jamtha",1,20.2,India,South Africa,SR Tendulkar,G Gambhir,J Botha,1,0,,,,,,,,,
433586,2010/11,2011-03-12,"Vidarbha Cricket Association Stadium, Jamtha",1,20.3,India,South Africa,G Gambhir,SR Tendulkar,J Botha,0,1,1,,,,,,,,
433586,2010/11,2011-03-12,"Vidarbha Cricket Association Stadium, Jamtha",1,20.4,India,South Africa,G Gambhir,SR Tendulkar,J Botha,0,0,,,,,,,,,
433586,2010/11,2011-03-12,"Vidarbha Cricket Association Stadium, Jamtha",1,20.5,India,South Africa,G Gambhir,SR Tendulkar,J Botha,1,0,,,,,,,,,
433586,2010/11,2011-03-12,"Vidarbha Cricket Association Stadium, Jamtha",1,20.6,India,South Africa,SR Tendulkar,G Gambhir,J Botha,1,0,,,,,,,,,
433586,2010/11,2011-03-12,"Vidarbha Cricket Association Stadium, Jamtha",1,20.7,India,South Africa,G Gambhir,SR Tendulkar,J Botha,0,0,,,,,,,,,
433586,2010/11,2011-03-12,"Vidarbha Cricket Association Stadium, Jamtha",1,21.1,India,South Africa,SR Tendulkar,G Gambhir,RJ Peterson,1,0,,,,,,,,,
433586,2010/11,2011-03-12,"Vidarbha Cricket Association Stadium, Jamtha",1,21.2,India,South Africa,G Gambhir,SR Tendulkar,RJ Peterson,1,0,,,,,,,,,
433586,2010/11,2011-03-12,"Vidarbha Cricket Association Stadium, Jamtha",1,21.3,India,South Africa,SR Tendulkar,G Gambhir,RJ Peterson,0,0,,,,,,,,,
433586,2010/11,2011-03-12,"Vidarbha Cricket Association Stadium, Jamtha",1,21.4,India,South Africa,SR Tendulkar,G Gambhir,RJ Peterson,0,0,,,,,,,,,
433586,2010/11,2011-03-12,"Vidarbha Cricket Association Stadium, Jamtha",1,21.5,India,South Africa,SR Tendulkar,G Gambhir,RJ Peterson,1,0,,,,,,,,,
433586,2010/11,2011-03-12,"Vidarbha Cricket Association Stadium, Jamtha",1,21.6,India,South Africa,G Gambhir,SR Tendulkar,RJ Peterson,1,0,,,,,,,,,
433586,2010/11,2011-03-12,"Vidarbha Cricket Association Stadium, Jamtha",1,22.1,India,South Africa,G Gambhir,SR Tendulkar,J Botha,0,0,,,,,,,,,
433586,2010/11,2011-03-12,"Vidarbha Cricket Association Stadium, Jamtha",1,22.2,India,South Africa,G Gambhir,SR Tendulkar,J Botha,1,0,,,,,,,,,
433586,2010/11,2011-03-12,"Vidarbha Cricket Association Stadium, Jamtha",1,22.3,India,South Africa,SR Tendulkar,G Gambhir,J Botha,1,0,,,,,,,,,
433586,2010/11,2011-03-12,"Vidarbha Cricket Association Stadium, Jamtha",1,22.4,India,South Africa,G Gambhir,SR Tendulkar,J Botha,1,0,,,,,,,,,
433586,2010/11,2011-03-12,"Vidarbha Cricket Association Stadium, Jamtha",1,22.5,India,South Africa,SR Tendulkar,G Gambhir,J Botha,0,1,1,,,,,,,,
433586,2010/11,2011-03-12,"Vidarbha Cricket Association Stadium, Jamtha",1,22.6,India,South Africa,SR Tendulkar,G Gambhir,J Botha,0,0,,,,,,,,,
433586,2010/11,2011-03-12,"Vidarbha Cricket Association Stadium, Jamtha",1,22.7,India,South Africa,SR Tendulkar,G Gambhir,J Botha,1,0,,,,,,,,,
433586,2010/11,2011-03-12,"Vidarbha Cricket Association Stadium, Jamtha",1,23.1,India,South Africa,SR Tendulkar,G Gambhir,RJ Peterson,1,0,,,,,,,,,
433586,2010/11,2011-03-12,"Vidarbha Cricket Association Stadium, Jamtha",1,23.2,India,South Africa,G Gambhir,SR Tendulkar,RJ Peterson,1,0,,,,,,,,,
433586,2010/11,2011-03-12,"Vidarbha Cricket Association Stadium, Jamtha",1,23.3,India,South Africa,SR Tendulkar,G Gambhir,RJ Peterson,1,0,,,,,,,,,
433586,2010/11,2011-03-12,"Vidarbha Cricket Association Stadium, Jamtha",1,23.4,India,South Africa,G Gambhir,SR Tendulkar,RJ Peterson,0,0,,,,,,,,,
433586,2010/11,2011-03-12,"Vidarbha Cricket Association Stadium, Jamtha",1,23.5,India,South Africa,G Gambhir,SR Tendulkar,RJ Peterson,0,0,,,,,,,,,
433586,2010/11,2011-03-12,"Vidarbha Cricket Association Stadium, Jamtha",1,23.6,India,South Africa,G Gambhir,SR Tendulkar,RJ Peterson,1,0,,,,,,,,,
433586,2010/11,2011-03-12,"Vidarbha Cricket Association Stadium, Jamtha",1,24.1,India,South Africa,G Gambhir,SR Tendulkar,J Botha,0,0,,,,,,,,,
433586,2010/11,2011-03-12,"Vidarbha Cricket Association Stadium, Jamtha",1,24.2,India,South Africa,G Gambhir,SR Tendulkar,J Botha,0,0,,,,,,,,,
433586,2010/11,2011-03-12,"Vidarbha Cricket Association Stadium, Jamtha",1,24.3,India,South Africa,G Gambhir,SR Tendulkar,J Botha,1,0,,,,,,,,,
433586,2010/11,2011-03-12,"Vidarbha Cricket Association Stadium, Jamtha",1,24.4,India,South Africa,SR Tendulkar,G Gambhir,J Botha,0,0,,,,,,,,,
433586,2010/11,2011-03-12,"Vidarbha Cricket Association Stadium, Jamtha",1,24.5,India,South Africa,SR Tendulkar,G Gambhir,J Botha,0,0,,,,,,,,,
433586,2010/11,2011-03-12,"Vidarbha Cricket Association Stadium, Jamtha",1,24.6,India,South Africa,SR Tendulkar,G Gambhir,J Botha,0,0,,,,,,,,,
433586,2010/11,2011-03-12,"Vidarbha Cricket Association Stadium, Jamtha",1,25.1,India,South Africa,G Gambhir,SR Tendulkar,RJ Peterson,0,0,,,,,,,,,
433586,2010/11,2011-03-12,"Vidarbha Cricket Association Stadium, Jamtha",1,25.2,India,South Africa,G Gambhir,SR Tendulkar,RJ Peterson,1,0,,,,,,,,,
433586,2010/11,2011-03-12,"Vidarbha Cricket Association Stadium, Jamtha",1,25.3,India,South Africa,SR Tendulkar,G Gambhir,RJ Peterson,6,0,,,,,,,,,
433586,2010/11,2011-03-12,"Vidarbha Cricket Association Stadium, Jamtha",1,25.4,India,South Africa,SR Tendulkar,G Gambhir,RJ Peterson,1,0,,,,,,,,,
433586,2010/11,2011-03-12,"Vidarbha Cricket Association Stadium, Jamtha",1,25.5,India,South Africa,G Gambhir,SR Tendulkar,RJ Peterson,1,0,,,,,,,,,
433586,2010/11,2011-03-12,"Vidarbha Cricket Association Stadium, Jamtha",1,25.6,India,South Africa,SR Tendulkar,G Gambhir,RJ Peterson,1,0,,,,,,,,,
433586,2010/11,2011-03-12,"Vidarbha Cricket Association Stadium, Jamtha",1,26.1,India,South Africa,SR Tendulkar,G Gambhir,J Botha,0,0,,,,,,,,,
433586,2010/11,2011-03-12,"Vidarbha Cricket Association Stadium, Jamtha",1,26.2,India,South Africa,SR Tendulkar,G Gambhir,J Botha,0,0,,,,,,,,,
433586,2010/11,2011-03-12,"Vidarbha Cricket Association Stadium, Jamtha",1,26.3,India,South Africa,SR Tendulkar,G Gambhir,J Botha,1,0,,,,,,,,,
433586,2010/11,2011-03-12,"Vidarbha Cricket Association Stadium, Jamtha",1,26.4,India,South Africa,G Gambhir,SR Tendulkar,J Botha,0,0,,,,,,,,,
433586,2010/11,2011-03-12,"Vidarbha Cricket Association Stadium, Jamtha",1,26.5,India,South Africa,G Gambhir,SR Tendulkar,J Botha,2,0,,,,,,,,,
433586,2010/11,2011-03-12,"Vidarbha Cricket Association Stadium, Jamtha",1,26.6,India,South Africa,G Gambhir,SR Tendulkar,J Botha,1,0,,,,,,,,,
433586,2010/11,2011-03-12,"Vidarbha Cricket Association Stadium, Jamtha",1,27.1,India,South Africa,G Gambhir,SR Tendulkar,DW Steyn,0,1,1,,,,,,,,
433586,2010/11,2011-03-12,"Vidarbha Cricket Association Stadium, Jamtha",1,27.2,India,South Africa,G Gambhir,SR Tendulkar,DW Steyn,1,0,,,,,,,,,
433586,2010/11,2011-03-12,"Vidarbha Cricket Association Stadium, Jamtha",1,27.3,India,South Africa,SR Tendulkar,G Gambhir,DW Steyn,1,0,,,,,,,,,
433586,2010/11,2011-03-12,"Vidarbha Cricket Association Stadium, Jamtha",1,27.4,India,South Africa,G Gambhir,SR Tendulkar,DW Steyn,0,0,,,,,,,,,
433586,2010/11,2011-03-12,"Vidarbha Cricket Association Stadium, Jamtha",1,27.5,India,South Africa,G Gambhir,SR Tendulkar,DW Steyn,1,0,,,,,,,,,
433586,2010/11,2011-03-12,"Vidarbha Cricket Association Stadium, Jamtha",1,27.6,India,South Africa,SR Tendulkar,G Gambhir,DW Steyn,0,0,,,,,,,,,
433586,2010/11,2011-03-12,"Vidarbha Cricket Association Stadium, Jamtha",1,27.7,India,South Africa,SR Tendulkar,G Gambhir,DW Steyn,0,0,,,,,,,,,
433586,2010/11,2011-03-12,"Vidarbha Cricket Association Stadium, Jamtha",1,28.1,India,South Africa,G Gambhir,SR Tendulkar,J Botha,0,0,,,,,,,,,
433586,2010/11,2011-03-12,"Vidarbha Cricket Association Stadium, Jamtha",1,28.2,India,South Africa,G Gambhir,SR Tendulkar,J Botha,0,0,,,,,,,,,
433586,2010/11,2011-03-12,"Vidarbha Cricket Association Stadium, Jamtha",1,28.3,India,South Africa,G Gambhir,SR Tendulkar,J Botha,0,0,,,,,,,,,
433586,2010/11,2011-03-12,"Vidarbha Cricket Association Stadium, Jamtha",1,28.4,India,South Africa,G Gambhir,SR Tendulkar,J Botha,0,0,,,,,,,,,
433586,2010/11,2011-03-12,"Vidarbha Cricket Association Stadium, Jamtha",1,28.5,India,South Africa,G Gambhir,SR Tendulkar,J Botha,1,0,,,,,,,,,
433586,2010/11,2011-03-12,"Vidarbha Cricket Association Stadium, Jamtha",1,28.6,India,South Africa,SR Tendulkar,G Gambhir,J Botha,0,0,,,,,,,,,
433586,2010/11,2011-03-12,"Vidarbha Cricket Association Stadium, Jamtha",1,29.1,India,South Africa,G Gambhir,SR Tendulkar,DW Steyn,0,0,,,,,,,,,
433586,2010/11,2011-03-12,"Vidarbha Cricket Association Stadium, Jamtha",1,29.2,India,South Africa,G Gambhir,SR Tendulkar,DW Steyn,1,0,,,,,,,,,
433586,2010/11,2011-03-12,"Vidarbha Cricket Association Stadium, Jamtha",1,29.3,India,South Africa,SR Tendulkar,G Gambhir,DW Steyn,0,1,,,,1,,,,,
433586,2010/11,2011-03-12,"Vidarbha Cricket Association Stadium, Jamtha",1,29.4,India,South Africa,G Gambhir,SR Tendulkar,DW Steyn,1,0,,,,,,,,,
433586,2010/11,2011-03-12,"Vidarbha Cricket Association Stadium, Jamtha",1,29.5,India,South Africa,SR Tendulkar,G Gambhir,DW Steyn,0,0,,,,,,,,,
433586,2010/11,2011-03-12,"Vidarbha Cricket Association Stadium, Jamtha",1,29.6,India,South Africa,SR Tendulkar,G Gambhir,DW Steyn,1,0,,,,,,,,,
433586,2010/11,2011-03-12,"Vidarbha Cricket Association Stadium, Jamtha",1,30.1,India,South Africa,SR Tendulkar,G Gambhir,J Botha,0,0,,,,,,,,,
433586,2010/11,2011-03-12,"Vidarbha Cricket Association Stadium, Jamtha",1,30.2,India,South Africa,SR Tendulkar,G Gambhir,J Botha,4,0,,,,,,,,,
433586,2010/11,2011-03-12,"Vidarbha Cricket Association Stadium, Jamtha",1,30.3,India,South Africa,SR Tendulkar,G Gambhir,J Botha,0,0,,,,,,,,,
433586,2010/11,2011-03-12,"Vidarbha Cricket Association Stadium, Jamtha",1,30.4,India,South Africa,SR Tendulkar,G Gambhir,J Botha,0,0,,,,,,,,,
433586,2010/11,2011-03-12,"Vidarbha Cricket Association Stadium, Jamtha",1,30.5,India,South Africa,SR Tendulkar,G Gambhir,J Botha,1,0,,,,,,,,,
433586,2010/11,2011-03-12,"Vidarbha Cricket Association Stadium, Jamtha",1,30.6,India,South Africa,G Gambhir,SR Tendulkar,J Botha,1,0,,,,,,,,,
433586,2010/11,2011-03-12,"Vidarbha Cricket Association Stadium, Jamtha",1,31.1,India,South Africa,G Gambhir,SR Tendulkar,F du Plessis,4,0,,,,,,,,,
433586,2010/11,2011-03-12,"Vidarbha Cricket Association Stadium, Jamtha",1,31.2,India,South Africa,G Gambhir,SR Tendulkar,F du Plessis,0,1,1,,,,,,,,
433586,2010/11,2011-03-12,"Vidarbha Cricket Association Stadium, Jamtha",1,31.3,India,South Africa,G Gambhir,SR Tendulkar,F du Plessis,1,0,,,,,,,,,
433586,2010/11,2011-03-12,"Vidarbha Cricket Association Stadium, Jamtha",1,31.4,India,South Africa,SR Tendulkar,G Gambhir,F du Plessis,1,0,,,,,,,,,
433586,2010/11,2011-03-12,"Vidarbha Cricket Association Stadium, Jamtha",1,31.5,India,South Africa,G Gambhir,SR Tendulkar,F du Plessis,1,0,,,,,,,,,
433586,2010/11,2011-03-12,"Vidarbha Cricket Association Stadium, Jamtha",1,31.6,India,South Africa,SR Tendulkar,G Gambhir,F du Plessis,0,0,,,,,,,,,
433586,2010/11,2011-03-12,"Vidarbha Cricket Association Stadium, Jamtha",1,31.7,India,South Africa,SR Tendulkar,G Gambhir,F du Plessis,4,0,,,,,,,,,
433586,2010/11,2011-03-12,"Vidarbha Cricket Association Stadium, Jamtha",1,32.1,India,South Africa,G Gambhir,SR Tendulkar,JH Kallis,0,0,,,,,,,,,
433586,2010/11,2011-03-12,"Vidarbha Cricket Association Stadium, Jamtha",1,32.2,India,South Africa,G Gambhir,SR Tendulkar,JH Kallis,1,0,,,,,,,,,
433586,2010/11,2011-03-12,"Vidarbha Cricket Association Stadium, Jamtha",1,32.3,India,South Africa,SR Tendulkar,G Gambhir,JH Kallis,1,0,,,,,,,,,
433586,2010/11,2011-03-12,"Vidarbha Cricket Association Stadium, Jamtha",1,32.4,India,South Africa,G Gambhir,SR Tendulkar,JH Kallis,1,0,,,,,,,,,
433586,2010/11,2011-03-12,"Vidarbha Cricket Association Stadium, Jamtha",1,32.5,India,South Africa,SR Tendulkar,G Gambhir,JH Kallis,0,0,,,,,,,,,
433586,2010/11,2011-03-12,"Vidarbha Cricket Association Stadium, Jamtha",1,32.6,India,South Africa,SR Tendulkar,G Gambhir,JH Kallis,2,0,,,,,,,,,
433586,2010/11,2011-03-12,"Vidarbha Cricket Association Stadium, Jamtha",1,33.1,India,South Africa,G Gambhir,SR Tendulkar,JP Duminy,0,0,,,,,,,,,
433586,2010/11,2011-03-12,"Vidarbha Cricket Association Stadium, Jamtha",1,33.2,India,South Africa,G Gambhir,SR Tendulkar,JP Duminy,4,0,,,,,,,,,
433586,2010/11,2011-03-12,"Vidarbha Cricket Association Stadium, Jamtha",1,33.3,India,South Africa,G Gambhir,SR Tendulkar,JP Duminy,4,0,,,,,,,,,
433586,2010/11,2011-03-12,"Vidarbha Cricket Association Stadium, Jamtha",1,33.4,India,South Africa,G Gambhir,SR Tendulkar,JP Duminy,1,0,,,,,,,,,
433586,2010/11,2011-03-12,"Vidarbha Cricket Association Stadium, Jamtha",1,33.5,India,South Africa,SR Tendulkar,G Gambhir,JP Duminy,1,0,,,,,,,,,
433586,2010/11,2011-03-12,"Vidarbha Cricket Association Stadium, Jamtha",1,33.6,India,South Africa,G Gambhir,SR Tendulkar,JP Duminy,0,0,,,,,,,,,
433586,2010/11,2011-03-12,"Vidarbha Cricket Association Stadium, Jamtha",1,34.1,India,South Africa,SR Tendulkar,G Gambhir,JH Kallis,0,0,,,,,,,,,
433586,2010/11,2011-03-12,"Vidarbha Cricket Association Stadium, Jamtha",1,34.2,India,South Africa,SR Tendulkar,G Gambhir,JH Kallis,0,0,,,,,,,,,
433586,2010/11,2011-03-12,"Vidarbha Cricket Association Stadium, Jamtha",1,34.3,India,South Africa,SR Tendulkar,G Gambhir,JH Kallis,0,0,,,,,,,,,
433586,2010/11,2011-03-12,"Vidarbha Cricket Association Stadium, Jamtha",1,34.4,India,South Africa,SR Tendulkar,G Gambhir,JH Kallis,1,0,,,,,,,,,
433586,2010/11,2011-03-12,"Vidarbha Cricket Association Stadium, Jamtha",1,34.5,India,South Africa,G Gambhir,SR Tendulkar,JH Kallis,0,0,,,,,,,,,
433586,2010/11,2011-03-12,"Vidarbha Cricket Association Stadium, Jamtha",1,34.6,India,South Africa,G Gambhir,SR Tendulkar,JH Kallis,1,0,,,,,,,,,
433586,2010/11,2011-03-12,"Vidarbha Cricket Association Stadium, Jamtha",1,35.1,India,South Africa,G Gambhir,SR Tendulkar,M Morkel,1,0,,,,,,,,,
433586,2010/11,2011-03-12,"Vidarbha Cricket Association Stadium, Jamtha",1,35.2,India,South Africa,SR Tendulkar,G Gambhir,M Morkel,1,0,,,,,,,,,
433586,2010/11,2011-03-12,"Vidarbha Cricket Association Stadium, Jamtha",1,35.3,India,South Africa,G Gambhir,SR Tendulkar,M Morkel,1,0,,,,,,,,,
433586,2010/11,2011-03-12,"Vidarbha Cricket Association Stadium, Jamtha",1,35.4,India,South Africa,SR Tendulkar,G Gambhir,M Morkel,0,0,,,,,,,,,
433586,2010/11,2011-03-12,"Vidarbha Cricket Association Stadium, Jamtha",1,35.5,India,South Africa,SR Tendulkar,G Gambhir,M Morkel,1,0,,,,,,,,,
433586,2010/11,2011-03-12,"Vidarbha Cricket Association Stadium, Jamtha",1,35.6,India,South Africa,G Gambhir,SR Tendulkar,M Morkel,1,0,,,,,,,,,
433586,2010/11,2011-03-12,"Vidarbha Cricket Association Stadium, Jamtha",1,36.1,India,South Africa,G Gambhir,SR Tendulkar,JH Kallis,0,0,,,,,,,,,
433586,2010/11,2011-03-12,"Vidarbha Cricket Association Stadium, Jamtha",1,36.2,India,South Africa,G Gambhir,SR Tendulkar,JH Kallis,4,0,,,,,,,,,
433586,2010/11,2011-03-12,"Vidarbha Cricket Association Stadium, Jamtha",1,36.3,India,South Africa,G Gambhir,SR Tendulkar,JH Kallis,0,0,,,,,,,,,
433586,2010/11,2011-03-12,"Vidarbha Cricket Association Stadium, Jamtha",1,36.4,India,South Africa,G Gambhir,SR Tendulkar,JH Kallis,0,0,,,,,,,,,
433586,2010/11,2011-03-12,"Vidarbha Cricket Association Stadium, Jamtha",1,36.5,India,South Africa,G Gambhir,SR Tendulkar,JH Kallis,1,0,,,,,,,,,
433586,2010/11,2011-03-12,"Vidarbha Cricket Association Stadium, Jamtha",1,36.6,India,South Africa,SR Tendulkar,G Gambhir,JH Kallis,1,0,,,,,,,,,
433586,2010/11,2011-03-12,"Vidarbha Cricket Association Stadium, Jamtha",1,37.1,India,South Africa,SR Tendulkar,G Gambhir,M Morkel,2,0,,,,,,,,,
433586,2010/11,2011-03-12,"Vidarbha Cricket Association Stadium, Jamtha",1,37.2,India,South Africa,SR Tendulkar,G Gambhir,M Morkel,0,0,,,,,,,,,
433586,2010/11,2011-03-12,"Vidarbha Cricket Association Stadium, Jamtha",1,37.3,India,South Africa,SR Tendulkar,G Gambhir,M Morkel,4,0,,,,,,,,,
433586,2010/11,2011-03-12,"Vidarbha Cricket Association Stadium, Jamtha",1,37.4,India,South Africa,SR Tendulkar,G Gambhir,M Morkel,2,0,,,,,,,,,
433586,2010/11,2011-03-12,"Vidarbha Cricket Association Stadium, Jamtha",1,37.5,India,South Africa,SR Tendulkar,G Gambhir,M Morkel,1,0,,,,,,,,,
433586,2010/11,2011-03-12,"Vidarbha Cricket Association Stadium, Jamtha",1,37.6,India,South Africa,G Gambhir,SR Tendulkar,M Morkel,1,0,,,,,,,,,
433586,2010/11,2011-03-12,"Vidarbha Cricket Association Stadium, Jamtha",1,38.1,India,South Africa,G Gambhir,SR Tendulkar,DW Steyn,0,0,,,,,,,,,
433586,2010/11,2011-03-12,"Vidarbha Cricket Association Stadium, Jamtha",1,38.2,India,South Africa,G Gambhir,SR Tendulkar,DW Steyn,2,0,,,,,,,,,
433586,2010/11,2011-03-12,"Vidarbha Cricket Association Stadium, Jamtha",1,38.3,India,South Africa,G Gambhir,SR Tendulkar,DW Steyn,1,0,,,,,,,,,
433586,2010/11,2011-03-12,"Vidarbha Cricket Association Stadium, Jamtha",1,38.4,India,South Africa,SR Tendulkar,G Gambhir,DW Steyn,1,0,,,,,,,,,
433586,2010/11,2011-03-12,"Vidarbha Cricket Association Stadium, Jamtha",1,38.5,India,South Africa,G Gambhir,SR Tendulkar,DW Steyn,1,0,,,,,,,,,
433586,2010/11,2011-03-12,"Vidarbha Cricket Association Stadium, Jamtha",1,38.6,India,South Africa,SR Tendulkar,G Gambhir,DW Steyn,0,0,,,,,,,,,
433586,2010/11,2011-03-12,"Vidarbha Cricket Association Stadium, Jamtha",1,39.1,India,South Africa,G Gambhir,SR Tendulkar,M Morkel,4,0,,,,,,,,,
433586,2010/11,2011-03-12,"Vidarbha Cricket Association Stadium, Jamtha",1,39.2,India,South Africa,G Gambhir,SR Tendulkar,M Morkel,4,0,,,,,,,,,
433586,2010/11,2011-03-12,"Vidarbha Cricket Association Stadium, Jamtha",1,39.3,India,South Africa,G Gambhir,SR Tendulkar,M Morkel,0,1,,,,1,,,,,
433586,2010/11,2011-03-12,"Vidarbha Cricket Association Stadium, Jamtha",1,39.4,India,South Africa,SR Tendulkar,G Gambhir,M Morkel,0,0,,,,,,caught,SR Tendulkar,,
433586,2010/11,2011-03-12,"Vidarbha Cricket Association Stadium, Jamtha",1,39.5,India,South Africa,G Gambhir,YK Pathan,M Morkel,0,0,,,,,,,,,
433586,2010/11,2011-03-12,"Vidarbha Cricket Association Stadium, Jamtha",1,39.6,India,South Africa,G Gambhir,YK Pathan,M Morkel,1,0,,,,,,,,,
433586,2010/11,2011-03-12,"Vidarbha Cricket Association Stadium, Jamtha",1,40.1,India,South Africa,G Gambhir,YK Pathan,DW Steyn,0,0,,,,,,caught,G Gambhir,,
433586,2010/11,2011-03-12,"Vidarbha Cricket Association Stadium, Jamtha",1,40.2,India,South Africa,YK Pathan,Yuvraj Singh,DW Steyn,0,0,,,,,,,,,
433586,2010/11,2011-03-12,"Vidarbha Cricket Association Stadium, Jamtha",1,40.3,India,South Africa,YK Pathan,Yuvraj Singh,DW Steyn,0,0,,,,,,caught,YK Pathan,,
433586,2010/11,2011-03-12,"Vidarbha Cricket Association Stadium, Jamtha",1,40.4,India,South Africa,MS Dhoni,Yuvraj Singh,DW Steyn,1,0,,,,,,,,,
433586,2010/11,2011-03-12,"Vidarbha Cricket Association Stadium, Jamtha",1,40.5,India,South Africa,Yuvraj Singh,MS Dhoni,DW Steyn,1,0,,,,,,,,,
433586,2010/11,2011-03-12,"Vidarbha Cricket Association Stadium, Jamtha",1,40.6,India,South Africa,MS Dhoni,Yuvraj Singh,DW Steyn,0,0,,,,,,,,,
433586,2010/11,2011-03-12,"Vidarbha Cricket Association Stadium, Jamtha",1,41.1,India,South Africa,Yuvraj Singh,MS Dhoni,J Botha,6,0,,,,,,,,,
433586,2010/11,2011-03-12,"Vidarbha Cricket Association Stadium, Jamtha",1,41.2,India,South Africa,Yuvraj Singh,MS Dhoni,J Botha,0,0,,,,,,,,,
433586,2010/11,2011-03-12,"Vidarbha Cricket Association Stadium, Jamtha",1,41.3,India,South Africa,Yuvraj Singh,MS Dhoni,J Botha,0,0,,,,,,,,,
433586,2010/11,2011-03-12,"Vidarbha Cricket Association Stadium, Jamtha",1,41.4,India,South Africa,Yuvraj Singh,MS Dhoni,J Botha,2,0,,,,,,,,,
433586,2010/11,2011-03-12,"Vidarbha Cricket Association Stadium, Jamtha",1,41.5,India,South Africa,Yuvraj Singh,MS Dhoni,J Botha,1,0,,,,,,,,,
433586,2010/11,2011-03-12,"Vidarbha Cricket Association Stadium, Jamtha",1,41.6,India,South Africa,MS Dhoni,Yuvraj Singh,J Botha,0,0,,,,,,,,,
433586,2010/11,2011-03-12,"Vidarbha Cricket Association Stadium, Jamtha",1,42.1,India,South Africa,Yuvraj Singh,MS Dhoni,JH Kallis,1,0,,,,,,,,,
433586,2010/11,2011-03-12,"Vidarbha Cricket Association Stadium, Jamtha",1,42.2,India,South Africa,MS Dhoni,Yuvraj Singh,JH Kallis,0,0,,,,,,,,,
433586,2010/11,2011-03-12,"Vidarbha Cricket Association Stadium, Jamtha",1,42.3,India,South Africa,MS Dhoni,Yuvraj Singh,JH Kallis,1,0,,,,,,,,,
433586,2010/11,2011-03-12,"Vidarbha Cricket Association Stadium, Jamtha",1,42.4,India,South Africa,Yuvraj Singh,MS Dhoni,JH Kallis,1,0,,,,,,,,,
433586,2010/11,2011-03-12,"Vidarbha Cricket Association Stadium, Jamtha",1,42.5,India,South Africa,MS Dhoni,Yuvraj Singh,JH Kallis,1,0,,,,,,,,,
433586,2010/11,2011-03-12,"Vidarbha Cricket Association Stadium, Jamtha",1,42.6,India,South Africa,Yuvraj Singh,MS Dhoni,JH Kallis,0,0,,,,,,caught,Yuvraj Singh,,
433586,2010/11,2011-03-12,"Vidarbha Cricket Association Stadium, Jamtha",1,43.1,India,South Africa,MS Dhoni,V Kohli,RJ Peterson,1,0,,,,,,,,,
433586,2010/11,2011-03-12,"Vidarbha Cricket Association Stadium, Jamtha",1,43.2,India,South Africa,V Kohli,MS Dhoni,RJ Peterson,1,0,,,,,,,,,
433586,2010/11,2011-03-12,"Vidarbha Cricket Association Stadium, Jamtha",1,43.3,India,South Africa,MS Dhoni,V Kohli,RJ Peterson,0,0,,,,,,,,,
433586,2010/11,2011-03-12,"Vidarbha Cricket Association Stadium, Jamtha",1,43.4,India,South Africa,MS Dhoni,V Kohli,RJ Peterson,1,0,,,,,,,,,
433586,2010/11,2011-03-12,"Vidarbha Cricket Association Stadium, Jamtha",1,43.5,India,South Africa,V Kohli,MS Dhoni,RJ Peterson,0,0,,,,,,,,,
433586,2010/11,2011-03-12,"Vidarbha Cricket Association Stadium, Jamtha",1,43.6,India,South Africa,V Kohli,MS Dhoni,RJ Peterson,0,0,,,,,,caught and bowled,V Kohli,,
433586,2010/11,2011-03-12,"Vidarbha Cricket Association Stadium, Jamtha",1,44.1,India,South Africa,MS Dhoni,Harbhajan Singh,JH Kallis,0,0,,,,,,,,,
433586,2010/11,2011-03-12,"Vidarbha Cricket Association Stadium, Jamtha",1,44.2,India,South Africa,MS Dhoni,Harbhajan Singh,JH Kallis,1,0,,,,,,,,,
433586,2010/11,2011-03-12,"Vidarbha Cricket Association Stadium, Jamtha",1,44.3,India,South Africa,Harbhajan Singh,MS Dhoni,JH Kallis,0,0,,,,,,,,,
433586,2010/11,2011-03-12,"Vidarbha Cricket Association Stadium, Jamtha",1,44.4,India,South Africa,Harbhajan Singh,MS Dhoni,JH Kallis,0,0,,,,,,,,,
433586,2010/11,2011-03-12,"Vidarbha Cricket Association Stadium, Jamtha",1,44.5,India,South Africa,Harbhajan Singh,MS Dhoni,JH Kallis,0,0,,,,,,,,,
433586,2010/11,2011-03-12,"Vidarbha Cricket Association Stadium, Jamtha",1,44.6,India,South Africa,Harbhajan Singh,MS Dhoni,JH Kallis,1,0,,,,,,,,,
433586,2010/11,2011-03-12,"Vidarbha Cricket Association Stadium, Jamtha",1,45.1,India,South Africa,Harbhajan Singh,MS Dhoni,RJ Peterson,0,0,,,,,,,,,
433586,2010/11,2011-03-12,"Vidarbha Cricket Association Stadium, Jamtha",1,45.2,India,South Africa,Harbhajan Singh,MS Dhoni,RJ Peterson,1,0,,,,,,,,,
433586,2010/11,2011-03-12,"Vidarbha Cricket Association Stadium, Jamtha",1,45.3,India,South Africa,MS Dhoni,Harbhajan Singh,RJ Peterson,0,0,,,,,,,,,
433586,2010/11,2011-03-12,"Vidarbha Cricket Association Stadium, Jamtha",1,45.4,India,South Africa,MS Dhoni,Harbhajan Singh,RJ Peterson,1,0,,,,,,,,,
433586,2010/11,2011-03-12,"Vidarbha Cricket Association Stadium, Jamtha",1,45.5,India,South Africa,Harbhajan Singh,MS Dhoni,RJ Peterson,1,0,,,,,,,,,
433586,2010/11,2011-03-12,"Vidarbha Cricket Association Stadium, Jamtha",1,45.6,India,South Africa,MS Dhoni,Harbhajan Singh,RJ Peterson,1,0,,,,,,,,,
433586,2010/11,2011-03-12,"Vidarbha Cricket Association Stadium, Jamtha",1,46.1,India,South Africa,MS Dhoni,Harbhajan Singh,DW Steyn,0,0,,,,,,,,,
433586,2010/11,2011-03-12,"Vidarbha Cricket Association Stadium, Jamtha",1,46.2,India,South Africa,MS Dhoni,Harbhajan Singh,DW Steyn,0,0,,,,,,,,,
433586,2010/11,2011-03-12,"Vidarbha Cricket Association Stadium, Jamtha",1,46.3,India,South Africa,MS Dhoni,Harbhajan Singh,DW Steyn,1,0,,,,,,,,,
433586,2010/11,2011-03-12,"Vidarbha Cricket Association Stadium, Jamtha",1,46.4,India,South Africa,Harbhajan Singh,MS Dhoni,DW Steyn,0,0,,,,,,,,,
433586,2010/11,2011-03-12,"Vidarbha Cricket Association Stadium, Jamtha",1,46.5,India,South Africa,Harbhajan Singh,MS Dhoni,DW Steyn,0,0,,,,,,bowled,Harbhajan Singh,,
433586,2010/11,2011-03-12,"Vidarbha Cricket Association Stadium, Jamtha",1,46.6,India,South Africa,Z Khan,MS Dhoni,DW Steyn,0,0,,,,,,,,,
433586,2010/11,2011-03-12,"Vidarbha Cricket Association Stadium, Jamtha",1,47.1,India,South Africa,MS Dhoni,Z Khan,RJ Peterson,0,0,,,,,,,,,
433586,2010/11,2011-03-12,"Vidarbha Cricket Association Stadium, Jamtha",1,47.2,India,South Africa,MS Dhoni,Z Khan,RJ Peterson,1,0,,,,,,,,,
433586,2010/11,2011-03-12,"Vidarbha Cricket Association Stadium, Jamtha",1,47.3,India,South Africa,Z Khan,MS Dhoni,RJ Peterson,0,0,,,,,,,,,
433586,2010/11,2011-03-12,"Vidarbha Cricket Association Stadium, Jamtha",1,47.4,India,South Africa,Z Khan,MS Dhoni,RJ Peterson,0,0,,,,,,caught,Z Khan,,
433586,2010/11,2011-03-12,"Vidarbha Cricket Association Stadium, Jamtha",1,47.5,India,South Africa,MS Dhoni,A Nehra,RJ Peterson,1,0,,,,,,,,,
433586,2010/11,2011-03-12,"Vidarbha Cricket Association Stadium, Jamtha",1,47.6,India,South Africa,A Nehra,MS Dhoni,RJ Peterson,0,0,,,,,,,,,
433586,2010/11,2011-03-12,"Vidarbha Cricket Association Stadium, Jamtha",1,48.1,India,South Africa,MS Dhoni,A Nehra,DW Steyn,1,0,,,,,,,,,
433586,2010/11,2011-03-12,"Vidarbha Cricket Association Stadium, Jamtha",1,48.2,India,South Africa,A Nehra,MS Dhoni,DW Steyn,0,0,,,,,,,,,
433586,2010/11,2011-03-12,"Vidarbha Cricket Association Stadium, Jamtha",1,48.3,India,South Africa,A Nehra,MS Dhoni,DW Steyn,0,0,,,,,,caught,A Nehra,,
433586,2010/11,2011-03-12,"Vidarbha Cricket Association Stadium, Jamtha",1,48.4,India,South Africa,MM Patel,MS Dhoni,DW Steyn,0,0,,,,,,bowled,MM Patel,,
433586,2010/11,2011-03-12,"Vidarbha Cricket Association Stadium, Jamtha",2,0.1,South Africa,India,HM Amla,GC Smith,Z Khan,0,0,,,,,,,,,
433586,2010/11,2011-03-12,"Vidarbha Cricket Association Stadium, Jamtha",2,0.2,South Africa,India,HM Amla,GC Smith,Z Khan,4,0,,,,,,,,,
433586,2010/11,2011-03-12,"Vidarbha Cricket Association Stadium, Jamtha",2,0.3,South Africa,India,HM Amla,GC Smith,Z Khan,0,0,,,,,,,,,
433586,2010/11,2011-03-12,"Vidarbha Cricket Association Stadium, Jamtha",2,0.4,South Africa,India,HM Amla,GC Smith,Z Khan,0,0,,,,,,,,,
433586,2010/11,2011-03-12,"Vidarbha Cricket Association Stadium, Jamtha",2,0.5,South Africa,India,HM Amla,GC Smith,Z Khan,0,0,,,,,,,,,
433586,2010/11,2011-03-12,"Vidarbha Cricket Association Stadium, Jamtha",2,0.6,South Africa,India,HM Amla,GC Smith,Z Khan,0,0,,,,,,,,,
433586,2010/11,2011-03-12,"Vidarbha Cricket Association Stadium, Jamtha",2,1.1,South Africa,India,GC Smith,HM Amla,A Nehra,0,0,,,,,,,,,
433586,2010/11,2011-03-12,"Vidarbha Cricket Association Stadium, Jamtha",2,1.2,South Africa,India,GC Smith,HM Amla,A Nehra,0,0,,,,,,,,,
433586,2010/11,2011-03-12,"Vidarbha Cricket Association Stadium, Jamtha",2,1.3,South Africa,India,GC Smith,HM Amla,A Nehra,2,0,,,,,,,,,
433586,2010/11,2011-03-12,"Vidarbha Cricket Association Stadium, Jamtha",2,1.4,South Africa,India,GC Smith,HM Amla,A Nehra,0,0,,,,,,,,,
433586,2010/11,2011-03-12,"Vidarbha Cricket Association Stadium, Jamtha",2,1.5,South Africa,India,GC Smith,HM Amla,A Nehra,4,0,,,,,,,,,
433586,2010/11,2011-03-12,"Vidarbha Cricket Association Stadium, Jamtha",2,1.6,South Africa,India,GC Smith,HM Amla,A Nehra,1,0,,,,,,,,,
433586,2010/11,2011-03-12,"Vidarbha Cricket Association Stadium, Jamtha",2,2.1,South Africa,India,GC Smith,HM Amla,Z Khan,0,0,,,,,,,,,
433586,2010/11,2011-03-12,"Vidarbha Cricket Association Stadium, Jamtha",2,2.2,South Africa,India,GC Smith,HM Amla,Z Khan,0,0,,,,,,,,,
433586,2010/11,2011-03-12,"Vidarbha Cricket Association Stadium, Jamtha",2,2.3,South Africa,India,GC Smith,HM Amla,Z Khan,0,0,,,,,,,,,
433586,2010/11,2011-03-12,"Vidarbha Cricket Association Stadium, Jamtha",2,2.4,South Africa,India,GC Smith,HM Amla,Z Khan,0,0,,,,,,,,,
433586,2010/11,2011-03-12,"Vidarbha Cricket Association Stadium, Jamtha",2,2.5,South Africa,India,GC Smith,HM Amla,Z Khan,0,0,,,,,,,,,
433586,2010/11,2011-03-12,"Vidarbha Cricket Association Stadium, Jamtha",2,2.6,South Africa,India,GC Smith,HM Amla,Z Khan,1,0,,,,,,,,,
433586,2010/11,2011-03-12,"Vidarbha Cricket Association Stadium, Jamtha",2,3.1,South Africa,India,GC Smith,HM Amla,A Nehra,2,0,,,,,,,,,
433586,2010/11,2011-03-12,"Vidarbha Cricket Association Stadium, Jamtha",2,3.2,South Africa,India,GC Smith,HM Amla,A Nehra,0,0,,,,,,,,,
433586,2010/11,2011-03-12,"Vidarbha Cricket Association Stadium, Jamtha",2,3.3,South Africa,India,GC Smith,HM Amla,A Nehra,0,0,,,,,,,,,
433586,2010/11,2011-03-12,"Vidarbha Cricket Association Stadium, Jamtha",2,3.4,South Africa,India,GC Smith,HM Amla,A Nehra,0,0,,,,,,,,,
433586,2010/11,2011-03-12,"Vidarbha Cricket Association Stadium, Jamtha",2,3.5,South Africa,India,GC Smith,HM Amla,A Nehra,1,0,,,,,,,,,
433586,2010/11,2011-03-12,"Vidarbha Cricket Association Stadium, Jamtha",2,3.6,South Africa,India,HM Amla,GC Smith,A Nehra,0,0,,,,,,,,,
433586,2010/11,2011-03-12,"Vidarbha Cricket Association Stadium, Jamtha",2,4.1,South Africa,India,GC Smith,HM Amla,Z Khan,0,0,,,,,,,,,
433586,2010/11,2011-03-12,"Vidarbha Cricket Association Stadium, Jamtha",2,4.2,South Africa,India,GC Smith,HM Amla,Z Khan,1,0,,,,,,,,,
433586,2010/11,2011-03-12,"Vidarbha Cricket Association Stadium, Jamtha",2,4.3,South Africa,India,HM Amla,GC Smith,Z Khan,1,0,,,,,,,,,
433586,2010/11,2011-03-12,"Vidarbha Cricket Association Stadium, Jamtha",2,4.4,South Africa,India,GC Smith,HM Amla,Z Khan,0,0,,,,,,,,,
433586,2010/11,2011-03-12,"Vidarbha Cricket Association Stadium, Jamtha",2,4.5,South Africa,India,GC Smith,HM Amla,Z Khan,0,0,,,,,,,,,
433586,2010/11,2011-03-12,"Vidarbha Cricket Association Stadium, Jamtha",2,4.6,South Africa,India,GC Smith,HM Amla,Z Khan,0,0,,,,,,,,,
433586,2010/11,2011-03-12,"Vidarbha Cricket Association Stadium, Jamtha",2,5.1,South Africa,India,HM Amla,GC Smith,A Nehra,0,0,,,,,,,,,
433586,2010/11,2011-03-12,"Vidarbha Cricket Association Stadium, Jamtha",2,5.2,South Africa,India,HM Amla,GC Smith,A Nehra,0,0,,,,,,,,,
433586,2010/11,2011-03-12,"Vidarbha Cricket Association Stadium, Jamtha",2,5.3,South Africa,India,HM Amla,GC Smith,A Nehra,4,0,,,,,,,,,
433586,2010/11,2011-03-12,"Vidarbha Cricket Association Stadium, Jamtha",2,5.4,South Africa,India,HM Amla,GC Smith,A Nehra,4,0,,,,,,,,,
433586,2010/11,2011-03-12,"Vidarbha Cricket Association Stadium, Jamtha",2,5.5,South Africa,India,HM Amla,GC Smith,A Nehra,0,0,,,,,,,,,
433586,2010/11,2011-03-12,"Vidarbha Cricket Association Stadium, Jamtha",2,5.6,South Africa,India,HM Amla,GC Smith,A Nehra,1,0,,,,,,,,,
433586,2010/11,2011-03-12,"Vidarbha Cricket Association Stadium, Jamtha",2,6.1,South Africa,India,HM Amla,GC Smith,Z Khan,1,0,,,,,,,,,
433586,2010/11,2011-03-12,"Vidarbha Cricket Association Stadium, Jamtha",2,6.2,South Africa,India,GC Smith,HM Amla,Z Khan,0,0,,,,,,,,,
433586,2010/11,2011-03-12,"Vidarbha Cricket Association Stadium, Jamtha",2,6.3,South Africa,India,GC Smith,HM Amla,Z Khan,0,0,,,,,,,,,
433586,2010/11,2011-03-12,"Vidarbha Cricket Association Stadium, Jamtha",2,6.4,South Africa,India,GC Smith,HM Amla,Z Khan,0,1,,,,1,,,,,
433586,2010/11,2011-03-12,"Vidarbha Cricket Association Stadium, Jamtha",2,6.5,South Africa,India,HM Amla,GC Smith,Z Khan,1,0,,,,,,,,,
433586,2010/11,2011-03-12,"Vidarbha Cricket Association Stadium, Jamtha",2,6.6,South Africa,India,GC Smith,HM Amla,Z Khan,0,0,,,,,,,,,
433586,2010/11,2011-03-12,"Vidarbha Cricket Association Stadium, Jamtha",2,7.1,South Africa,India,HM Amla,GC Smith,A Nehra,0,0,,,,,,,,,
433586,2010/11,2011-03-12,"Vidarbha Cricket Association Stadium, Jamtha",2,7.2,South Africa,India,HM Amla,GC Smith,A Nehra,0,0,,,,,,,,,
433586,2010/11,2011-03-12,"Vidarbha Cricket Association Stadium, Jamtha",2,7.3,South Africa,India,HM Amla,GC Smith,A Nehra,0,0,,,,,,,,,
433586,2010/11,2011-03-12,"Vidarbha Cricket Association Stadium, Jamtha",2,7.4,South Africa,India,HM Amla,GC Smith,A Nehra,0,0,,,,,,,,,
433586,2010/11,2011-03-12,"Vidarbha Cricket Association Stadium, Jamtha",2,7.5,South Africa,India,HM Amla,GC Smith,A Nehra,4,0,,,,,,,,,
433586,2010/11,2011-03-12,"Vidarbha Cricket Association Stadium, Jamtha",2,7.6,South Africa,India,HM Amla,GC Smith,A Nehra,4,0,,,,,,,,,
433586,2010/11,2011-03-12,"Vidarbha Cricket Association Stadium, Jamtha",2,8.1,South Africa,India,GC Smith,HM Amla,Z Khan,0,0,,,,,,,,,
433586,2010/11,2011-03-12,"Vidarbha Cricket Association Stadium, Jamtha",2,8.2,South Africa,India,GC Smith,HM Amla,Z Khan,4,0,,,,,,,,,
433586,2010/11,2011-03-12,"Vidarbha Cricket Association Stadium, Jamtha",2,8.3,South Africa,India,GC Smith,HM Amla,Z Khan,0,0,,,,,,caught,GC Smith,,
433586,2010/11,2011-03-12,"Vidarbha Cricket Association Stadium, Jamtha",2,8.4,South Africa,India,JH Kallis,HM Amla,Z Khan,0,0,,,,,,,,,
433586,2010/11,2011-03-12,"Vidarbha Cricket Association Stadium, Jamtha",2,8.5,South Africa,India,JH Kallis,HM Amla,Z Khan,0,0,,,,,,,,,
433586,2010/11,2011-03-12,"Vidarbha Cricket Association Stadium, Jamtha",2,8.6,South Africa,India,JH Kallis,HM Amla,Z Khan,0,0,,,,,,,,,
433586,2010/11,2011-03-12,"Vidarbha Cricket Association Stadium, Jamtha",2,9.1,South Africa,India,HM Amla,JH Kallis,MM Patel,0,0,,,,,,,,,
433586,2010/11,2011-03-12,"Vidarbha Cricket Association Stadium, Jamtha",2,9.2,South Africa,India,HM Amla,JH Kallis,MM Patel,0,0,,,,,,,,,
433586,2010/11,2011-03-12,"Vidarbha Cricket Association Stadium, Jamtha",2,9.3,South Africa,India,HM Amla,JH Kallis,MM Patel,1,0,,,,,,,,,
433586,2010/11,2011-03-12,"Vidarbha Cricket Association Stadium, Jamtha",2,9.4,South Africa,India,JH Kallis,HM Amla,MM Patel,0,0,,,,,,,,,
433586,2010/11,2011-03-12,"Vidarbha Cricket Association Stadium, Jamtha",2,9.5,South Africa,India,JH Kallis,HM Amla,MM Patel,1,0,,,,,,,,,
433586,2010/11,2011-03-12,"Vidarbha Cricket Association Stadium, Jamtha",2,9.6,South Africa,India,HM Amla,JH Kallis,MM Patel,0,0,,,,,,,,,
433586,2010/11,2011-03-12,"Vidarbha Cricket Association Stadium, Jamtha",2,10.1,South Africa,India,JH Kallis,HM Amla,A Nehra,1,0,,,,,,,,,
433586,2010/11,2011-03-12,"Vidarbha Cricket Association Stadium, Jamtha",2,10.2,South Africa,India,HM Amla,JH Kallis,A Nehra,0,0,,,,,,,,,
433586,2010/11,2011-03-12,"Vidarbha Cricket Association Stadium, Jamtha",2,10.3,South Africa,India,HM Amla,JH Kallis,A Nehra,0,0,,,,,,,,,
433586,2010/11,2011-03-12,"Vidarbha Cricket Association Stadium, Jamtha",2,10.4,South Africa,India,HM Amla,JH Kallis,A Nehra,1,0,,,,,,,,,
433586,2010/11,2011-03-12,"Vidarbha Cricket Association Stadium, Jamtha",2,10.5,South Africa,India,JH Kallis,HM Amla,A Nehra,0,0,,,,,,,,,
433586,2010/11,2011-03-12,"Vidarbha Cricket Association Stadium, Jamtha",2,10.6,South Africa,India,JH Kallis,HM Amla,A Nehra,1,0,,,,,,,,,
433586,2010/11,2011-03-12,"Vidarbha Cricket Association Stadium, Jamtha",2,11.1,South Africa,India,JH Kallis,HM Amla,MM Patel,0,0,,,,,,,,,
433586,2010/11,2011-03-12,"Vidarbha Cricket Association Stadium, Jamtha",2,11.2,South Africa,India,JH Kallis,HM Amla,MM Patel,0,0,,,,,,,,,
433586,2010/11,2011-03-12,"Vidarbha Cricket Association Stadium, Jamtha",2,11.3,South Africa,India,JH Kallis,HM Amla,MM Patel,0,0,,,,,,,,,
433586,2010/11,2011-03-12,"Vidarbha Cricket Association Stadium, Jamtha",2,11.4,South Africa,India,JH Kallis,HM Amla,MM Patel,1,0,,,,,,,,,
433586,2010/11,2011-03-12,"Vidarbha Cricket Association Stadium, Jamtha",2,11.5,South Africa,India,HM Amla,JH Kallis,MM Patel,0,0,,,,,,,,,
433586,2010/11,2011-03-12,"Vidarbha Cricket Association Stadium, Jamtha",2,11.6,South Africa,India,HM Amla,JH Kallis,MM Patel,1,0,,,,,,,,,
433586,2010/11,2011-03-12,"Vidarbha Cricket Association Stadium, Jamtha",2,12.1,South Africa,India,HM Amla,JH Kallis,A Nehra,2,0,,,,,,,,,
433586,2010/11,2011-03-12,"Vidarbha Cricket Association Stadium, Jamtha",2,12.2,South Africa,India,HM Amla,JH Kallis,A Nehra,1,0,,,,,,,,,
433586,2010/11,2011-03-12,"Vidarbha Cricket Association Stadium, Jamtha",2,12.3,South Africa,India,JH Kallis,HM Amla,A Nehra,0,0,,,,,,,,,
433586,2010/11,2011-03-12,"Vidarbha Cricket Association Stadium, Jamtha",2,12.4,South Africa,India,JH Kallis,HM Amla,A Nehra,1,0,,,,,,,,,
433586,2010/11,2011-03-12,"Vidarbha Cricket Association Stadium, Jamtha",2,12.5,South Africa,India,HM Amla,JH Kallis,A Nehra,0,0,,,,,,,,,
433586,2010/11,2011-03-12,"Vidarbha Cricket Association Stadium, Jamtha",2,12.6,South Africa,India,HM Amla,JH Kallis,A Nehra,1,0,,,,,,,,,
433586,2010/11,2011-03-12,"Vidarbha Cricket Association Stadium, Jamtha",2,13.1,South Africa,India,HM Amla,JH Kallis,MM Patel,1,0,,,,,,,,,
433586,2010/11,2011-03-12,"Vidarbha Cricket Association Stadium, Jamtha",2,13.2,South Africa,India,JH Kallis,HM Amla,MM Patel,1,0,,,,,,,,,
433586,2010/11,2011-03-12,"Vidarbha Cricket Association Stadium, Jamtha",2,13.3,South Africa,India,HM Amla,JH Kallis,MM Patel,1,0,,,,,,,,,
433586,2010/11,2011-03-12,"Vidarbha Cricket Association Stadium, Jamtha",2,13.4,South Africa,India,JH Kallis,HM Amla,MM Patel,4,0,,,,,,,,,
433586,2010/11,2011-03-12,"Vidarbha Cricket Association Stadium, Jamtha",2,13.5,South Africa,India,JH Kallis,HM Amla,MM Patel,1,0,,,,,,,,,
433586,2010/11,2011-03-12,"Vidarbha Cricket Association Stadium, Jamtha",2,13.6,South Africa,India,HM Amla,JH Kallis,MM Patel,1,0,,,,,,,,,
433586,2010/11,2011-03-12,"Vidarbha Cricket Association Stadium, Jamtha",2,14.1,South Africa,India,HM Amla,JH Kallis,A Nehra,1,0,,,,,,,,,
433586,2010/11,2011-03-12,"Vidarbha Cricket Association Stadium, Jamtha",2,14.2,South Africa,India,JH Kallis,HM Amla,A Nehra,2,0,,,,,,,,,
433586,2010/11,2011-03-12,"Vidarbha Cricket Association Stadium, Jamtha",2,14.3,South Africa,India,JH Kallis,HM Amla,A Nehra,0,0,,,,,,,,,
433586,2010/11,2011-03-12,"Vidarbha Cricket Association Stadium, Jamtha",2,14.4,South Africa,India,JH Kallis,HM Amla,A Nehra,0,0,,,,,,,,,
433586,2010/11,2011-03-12,"Vidarbha Cricket Association Stadium, Jamtha",2,14.5,South Africa,India,JH Kallis,HM Amla,A Nehra,0,0,,,,,,,,,
433586,2010/11,2011-03-12,"Vidarbha Cricket Association Stadium, Jamtha",2,14.6,South Africa,India,JH Kallis,HM Amla,A Nehra,1,0,,,,,,,,,
433586,2010/11,2011-03-12,"Vidarbha Cricket Association Stadium, Jamtha",2,15.1,South Africa,India,JH Kallis,HM Amla,MM Patel,1,0,,,,,,,,,
433586,2010/11,2011-03-12,"Vidarbha Cricket Association Stadium, Jamtha",2,15.2,South Africa,India,HM Amla,JH Kallis,MM Patel,1,0,,,,,,,,,
433586,2010/11,2011-03-12,"Vidarbha Cricket Association Stadium, Jamtha",2,15.3,South Africa,India,JH Kallis,HM Amla,MM Patel,1,0,,,,,,,,,
433586,2010/11,2011-03-12,"Vidarbha Cricket Association Stadium, Jamtha",2,15.4,South Africa,India,HM Amla,JH Kallis,MM Patel,1,0,,,,,,,,,
433586,2010/11,2011-03-12,"Vidarbha Cricket Association Stadium, Jamtha",2,15.5,South Africa,India,JH Kallis,HM Amla,MM Patel,0,0,,,,,,,,,
433586,2010/11,2011-03-12,"Vidarbha Cricket Association Stadium, Jamtha",2,15.6,South Africa,India,JH Kallis,HM Amla,MM Patel,0,0,,,,,,,,,
433586,2010/11,2011-03-12,"Vidarbha Cricket Association Stadium, Jamtha",2,16.1,South Africa,India,HM Amla,JH Kallis,YK Pathan,0,0,,,,,,,,,
433586,2010/11,2011-03-12,"Vidarbha Cricket Association Stadium, Jamtha",2,16.2,South Africa,India,HM Amla,JH Kallis,YK Pathan,1,0,,,,,,,,,
433586,2010/11,2011-03-12,"Vidarbha Cricket Association Stadium, Jamtha",2,16.3,South Africa,India,JH Kallis,HM Amla,YK Pathan,0,0,,,,,,,,,
433586,2010/11,2011-03-12,"Vidarbha Cricket Association Stadium, Jamtha",2,16.4,South Africa,India,JH Kallis,HM Amla,YK Pathan,1,0,,,,,,,,,
433586,2010/11,2011-03-12,"Vidarbha Cricket Association Stadium, Jamtha",2,16.5,South Africa,India,HM Amla,JH Kallis,YK Pathan,1,0,,,,,,,,,
433586,2010/11,2011-03-12,"Vidarbha Cricket Association Stadium, Jamtha",2,16.6,South Africa,India,JH Kallis,HM Amla,YK Pathan,1,0,,,,,,,,,
433586,2010/11,2011-03-12,"Vidarbha Cricket Association Stadium, Jamtha",2,17.1,South Africa,India,JH Kallis,HM Amla,MM Patel,0,0,,,,,,,,,
433586,2010/11,2011-03-12,"Vidarbha Cricket Association Stadium, Jamtha",2,17.2,South Africa,India,JH Kallis,HM Amla,MM Patel,1,0,,,,,,,,,
433586,2010/11,2011-03-12,"Vidarbha Cricket Association Stadium, Jamtha",2,17.3,South Africa,India,HM Amla,JH Kallis,MM Patel,1,0,,,,,,,,,
433586,2010/11,2011-03-12,"Vidarbha Cricket Association Stadium, Jamtha",2,17.4,South Africa,India,JH Kallis,HM Amla,MM Patel,0,0,,,,,,,,,
433586,2010/11,2011-03-12,"Vidarbha Cricket Association Stadium, Jamtha",2,17.5,South Africa,India,JH Kallis,HM Amla,MM Patel,1,0,,,,,,,,,
433586,2010/11,2011-03-12,"Vidarbha Cricket Association Stadium, Jamtha",2,17.6,South Africa,India,HM Amla,JH Kallis,MM Patel,1,0,,,,,,,,,
433586,2010/11,2011-03-12,"Vidarbha Cricket Association Stadium, Jamtha",2,18.1,South Africa,India,HM Amla,JH Kallis,YK Pathan,0,0,,,,,,,,,
433586,2010/11,2011-03-12,"Vidarbha Cricket Association Stadium, Jamtha",2,18.2,South Africa,India,HM Amla,JH Kallis,YK Pathan,2,0,,,,,,,,,
433586,2010/11,2011-03-12,"Vidarbha Cricket Association Stadium, Jamtha",2,18.3,South Africa,India,HM Amla,JH Kallis,YK Pathan,1,0,,,,,,,,,
433586,2010/11,2011-03-12,"Vidarbha Cricket Association Stadium, Jamtha",2,18.4,South Africa,India,JH Kallis,HM Amla,YK Pathan,1,0,,,,,,,,,
433586,2010/11,2011-03-12,"Vidarbha Cricket Association Stadium, Jamtha",2,18.5,South Africa,India,HM Amla,JH Kallis,YK Pathan,1,0,,,,,,,,,
433586,2010/11,2011-03-12,"Vidarbha Cricket Association Stadium, Jamtha",2,18.6,South Africa,India,JH Kallis,HM Amla,YK Pathan,1,0,,,,,,,,,
433586,2010/11,2011-03-12,"Vidarbha Cricket Association Stadium, Jamtha",2,19.1,South Africa,India,JH Kallis,HM Amla,Yuvraj Singh,2,0,,,,,,,,,
433586,2010/11,2011-03-12,"Vidarbha Cricket Association Stadium, Jamtha",2,19.2,South Africa,India,JH Kallis,HM Amla,Yuvraj Singh,0,0,,,,,,,,,
433586,2010/11,2011-03-12,"Vidarbha Cricket Association Stadium, Jamtha",2,19.3,South Africa,India,JH Kallis,HM Amla,Yuvraj Singh,0,0,,,,,,,,,
433586,2010/11,2011-03-12,"Vidarbha Cricket Association Stadium, Jamtha",2,19.4,South Africa,India,JH Kallis,HM Amla,Yuvraj Singh,1,0,,,,,,,,,
433586,2010/11,2011-03-12,"Vidarbha Cricket Association Stadium, Jamtha",2,19.5,South Africa,India,HM Amla,JH Kallis,Yuvraj Singh,1,0,,,,,,,,,
433586,2010/11,2011-03-12,"Vidarbha Cricket Association Stadium, Jamtha",2,19.6,South Africa,India,JH Kallis,HM Amla,Yuvraj Singh,1,0,,,,,,,,,
433586,2010/11,2011-03-12,"Vidarbha Cricket Association Stadium, Jamtha",2,20.1,South Africa,India,JH Kallis,HM Amla,YK Pathan,1,0,,,,,,,,,
433586,2010/11,2011-03-12,"Vidarbha Cricket Association Stadium, Jamtha",2,20.2,South Africa,India,HM Amla,JH Kallis,YK Pathan,0,0,,,,,,,,,
433586,2010/11,2011-03-12,"Vidarbha Cricket Association Stadium, Jamtha",2,20.3,South Africa,India,HM Amla,JH Kallis,YK Pathan,1,0,,,,,,,,,
433586,2010/11,2011-03-12,"Vidarbha Cricket Association Stadium, Jamtha",2,20.4,South Africa,India,JH Kallis,HM Amla,YK Pathan,1,0,,,,,,,,,
433586,2010/11,2011-03-12,"Vidarbha Cricket Association Stadium, Jamtha",2,20.5,South Africa,India,HM Amla,JH Kallis,YK Pathan,1,0,,,,,,,,,
433586,2010/11,2011-03-12,"Vidarbha Cricket Association Stadium, Jamtha",2,20.6,South Africa,India,JH Kallis,HM Amla,YK Pathan,0,0,,,,,,,,,
433586,2010/11,2011-03-12,"Vidarbha Cricket Association Stadium, Jamtha",2,21.1,South Africa,India,HM Amla,JH Kallis,Yuvraj Singh,0,0,,,,,,,,,
433586,2010/11,2011-03-12,"Vidarbha Cricket Association Stadium, Jamtha",2,21.2,South Africa,India,HM Amla,JH Kallis,Yuvraj Singh,0,0,,,,,,,,,
433586,2010/11,2011-03-12,"Vidarbha Cricket Association Stadium, Jamtha",2,21.3,South Africa,India,HM Amla,JH Kallis,Yuvraj Singh,1,0,,,,,,,,,
433586,2010/11,2011-03-12,"Vidarbha Cricket Association Stadium, Jamtha",2,21.4,South Africa,India,JH Kallis,HM Amla,Yuvraj Singh,2,0,,,,,,,,,
433586,2010/11,2011-03-12,"Vidarbha Cricket Association Stadium, Jamtha",2,21.5,South Africa,India,JH Kallis,HM Amla,Yuvraj Singh,1,0,,,,,,,,,
433586,2010/11,2011-03-12,"Vidarbha Cricket Association Stadium, Jamtha",2,21.6,South Africa,India,HM Amla,JH Kallis,Yuvraj Singh,1,0,,,,,,,,,
433586,2010/11,2011-03-12,"Vidarbha Cricket Association Stadium, Jamtha",2,22.1,South Africa,India,HM Amla,JH Kallis,YK Pathan,1,0,,,,,,,,,
433586,2010/11,2011-03-12,"Vidarbha Cricket Association Stadium, Jamtha",2,22.2,South Africa,India,JH Kallis,HM Amla,YK Pathan,2,0,,,,,,,,,
433586,2010/11,2011-03-12,"Vidarbha Cricket Association Stadium, Jamtha",2,22.3,South Africa,India,JH Kallis,HM Amla,YK Pathan,1,0,,,,,,,,,
433586,2010/11,2011-03-12,"Vidarbha Cricket Association Stadium, Jamtha",2,22.4,South Africa,India,HM Amla,JH Kallis,YK Pathan,0,0,,,,,,,,,
433586,2010/11,2011-03-12,"Vidarbha Cricket Association Stadium, Jamtha",2,22.5,South Africa,India,HM Amla,JH Kallis,YK Pathan,1,0,,,,,,,,,
433586,2010/11,2011-03-12,"Vidarbha Cricket Association Stadium, Jamtha",2,22.6,South Africa,India,JH Kallis,HM Amla,YK Pathan,1,0,,,,,,,,,
433586,2010/11,2011-03-12,"Vidarbha Cricket Association Stadium, Jamtha",2,23.1,South Africa,India,JH Kallis,HM Amla,Harbhajan Singh,1,0,,,,,,,,,
433586,2010/11,2011-03-12,"Vidarbha Cricket Association Stadium, Jamtha",2,23.2,South Africa,India,HM Amla,JH Kallis,Harbhajan Singh,0,0,,,,,,,,,
433586,2010/11,2011-03-12,"Vidarbha Cricket Association Stadium, Jamtha",2,23.3,South Africa,India,HM Amla,JH Kallis,Harbhajan Singh,1,0,,,,,,,,,
433586,2010/11,2011-03-12,"Vidarbha Cricket Association Stadium, Jamtha",2,23.4,South Africa,India,JH Kallis,HM Amla,Harbhajan Singh,0,0,,,,,,,,,
433586,2010/11,2011-03-12,"Vidarbha Cricket Association Stadium, Jamtha",2,23.5,South Africa,India,JH Kallis,HM Amla,Harbhajan Singh,1,0,,,,,,,,,
433586,2010/11,2011-03-12,"Vidarbha Cricket Association Stadium, Jamtha",2,23.6,South Africa,India,HM Amla,JH Kallis,Harbhajan Singh,1,0,,,,,,,,,
433586,2010/11,2011-03-12,"Vidarbha Cricket Association Stadium, Jamtha",2,24.1,South Africa,India,HM Amla,JH Kallis,Yuvraj Singh,1,0,,,,,,,,,
433586,2010/11,2011-03-12,"Vidarbha Cricket Association Stadium, Jamtha",2,24.2,South Africa,India,JH Kallis,HM Amla,Yuvraj Singh,1,0,,,,,,,,,
433586,2010/11,2011-03-12,"Vidarbha Cricket Association Stadium, Jamtha",2,24.3,South Africa,India,HM Amla,JH Kallis,Yuvraj Singh,1,0,,,,,,,,,
433586,2010/11,2011-03-12,"Vidarbha Cricket Association Stadium, Jamtha",2,24.4,South Africa,India,JH Kallis,HM Amla,Yuvraj Singh,0,0,,,,,,,,,
433586,2010/11,2011-03-12,"Vidarbha Cricket Association Stadium, Jamtha",2,24.5,South Africa,India,JH Kallis,HM Amla,Yuvraj Singh,4,0,,,,,,,,,
433586,2010/11,2011-03-12,"Vidarbha Cricket Association Stadium, Jamtha",2,24.6,South Africa,India,JH Kallis,HM Amla,Yuvraj Singh,0,0,,,,,,,,,
433586,2010/11,2011-03-12,"Vidarbha Cricket Association Stadium, Jamtha",2,25.1,South Africa,India,HM Amla,JH Kallis,Harbhajan Singh,1,0,,,,,,,,,
433586,2010/11,2011-03-12,"Vidarbha Cricket Association Stadium, Jamtha",2,25.2,South Africa,India,JH Kallis,HM Amla,Harbhajan Singh,1,0,,,,,,,,,
433586,2010/11,2011-03-12,"Vidarbha Cricket Association Stadium, Jamtha",2,25.3,South Africa,India,HM Amla,JH Kallis,Harbhajan Singh,0,0,,,,,,,,,
433586,2010/11,2011-03-12,"Vidarbha Cricket Association Stadium, Jamtha",2,25.4,South Africa,India,HM Amla,JH Kallis,Harbhajan Singh,2,0,,,,,,,,,
433586,2010/11,2011-03-12,"Vidarbha Cricket Association Stadium, Jamtha",2,25.5,South Africa,India,HM Amla,JH Kallis,Harbhajan Singh,1,0,,,,,,,,,
433586,2010/11,2011-03-12,"Vidarbha Cricket Association Stadium, Jamtha",2,25.6,South Africa,India,JH Kallis,HM Amla,Harbhajan Singh,1,0,,,,,,,,,
433586,2010/11,2011-03-12,"Vidarbha Cricket Association Stadium, Jamtha",2,26.1,South Africa,India,JH Kallis,HM Amla,Yuvraj Singh,0,0,,,,,,,,,
433586,2010/11,2011-03-12,"Vidarbha Cricket Association Stadium, Jamtha",2,26.2,South Africa,India,JH Kallis,HM Amla,Yuvraj Singh,1,0,,,,,,,,,
433586,2010/11,2011-03-12,"Vidarbha Cricket Association Stadium, Jamtha",2,26.3,South Africa,India,HM Amla,JH Kallis,Yuvraj Singh,1,0,,,,,,,,,
433586,2010/11,2011-03-12,"Vidarbha Cricket Association Stadium, Jamtha",2,26.4,South Africa,India,JH Kallis,HM Amla,Yuvraj Singh,2,0,,,,,,,,,
433586,2010/11,2011-03-12,"Vidarbha Cricket Association Stadium, Jamtha",2,26.5,South Africa,India,JH Kallis,HM Amla,Yuvraj Singh,0,0,,,,,,,,,
433586,2010/11,2011-03-12,"Vidarbha Cricket Association Stadium, Jamtha",2,26.6,South Africa,India,JH Kallis,HM Amla,Yuvraj Singh,1,0,,,,,,,,,
433586,2010/11,2011-03-12,"Vidarbha Cricket Association Stadium, Jamtha",2,27.1,South Africa,India,JH Kallis,HM Amla,Harbhajan Singh,1,0,,,,,,,,,
433586,2010/11,2011-03-12,"Vidarbha Cricket Association Stadium, Jamtha",2,27.2,South Africa,India,HM Amla,JH Kallis,Harbhajan Singh,0,0,,,,,,caught,HM Amla,,
433586,2010/11,2011-03-12,"Vidarbha Cricket Association Stadium, Jamtha",2,27.3,South Africa,India,AB de Villiers,JH Kallis,Harbhajan Singh,1,0,,,,,,,,,
433586,2010/11,2011-03-12,"Vidarbha Cricket Association Stadium, Jamtha",2,27.4,South Africa,India,JH Kallis,AB de Villiers,Harbhajan Singh,0,0,,,,,,,,,
433586,2010/11,2011-03-12,"Vidarbha Cricket Association Stadium, Jamtha",2,27.5,South Africa,India,JH Kallis,AB de Villiers,Harbhajan Singh,0,0,,,,,,,,,
433586,2010/11,2011-03-12,"Vidarbha Cricket Association Stadium, Jamtha",2,27.6,South Africa,India,JH Kallis,AB de Villiers,Harbhajan Singh,1,0,,,,,,,,,
433586,2010/11,2011-03-12,"Vidarbha Cricket Association Stadium, Jamtha",2,28.1,South Africa,India,JH Kallis,AB de Villiers,MM Patel,0,0,,,,,,,,,
433586,2010/11,2011-03-12,"Vidarbha Cricket Association Stadium, Jamtha",2,28.2,South Africa,India,JH Kallis,AB de Villiers,MM Patel,1,0,,,,,,,,,
433586,2010/11,2011-03-12,"Vidarbha Cricket Association Stadium, Jamtha",2,28.3,South Africa,India,AB de Villiers,JH Kallis,MM Patel,1,0,,,,,,,,,
433586,2010/11,2011-03-12,"Vidarbha Cricket Association Stadium, Jamtha",2,28.4,South Africa,India,JH Kallis,AB de Villiers,MM Patel,0,0,,,,,,,,,
433586,2010/11,2011-03-12,"Vidarbha Cricket Association Stadium, Jamtha",2,28.5,South Africa,India,JH Kallis,AB de Villiers,MM Patel,1,0,,,,,,,,,
433586,2010/11,2011-03-12,"Vidarbha Cricket Association Stadium, Jamtha",2,28.6,South Africa,India,AB de Villiers,JH Kallis,MM Patel,1,0,,,,,,,,,
433586,2010/11,2011-03-12,"Vidarbha Cricket Association Stadium, Jamtha",2,29.1,South Africa,India,AB de Villiers,JH Kallis,Harbhajan Singh,1,0,,,,,,,,,
433586,2010/11,2011-03-12,"Vidarbha Cricket Association Stadium, Jamtha",2,29.2,South Africa,India,JH Kallis,AB de Villiers,Harbhajan Singh,2,0,,,,,,,,,
433586,2010/11,2011-03-12,"Vidarbha Cricket Association Stadium, Jamtha",2,29.3,South Africa,India,JH Kallis,AB de Villiers,Harbhajan Singh,0,0,,,,,,,,,
433586,2010/11,2011-03-12,"Vidarbha Cricket Association Stadium, Jamtha",2,29.4,South Africa,India,JH Kallis,AB de Villiers,Harbhajan Singh,0,0,,,,,,,,,
433586,2010/11,2011-03-12,"Vidarbha Cricket Association Stadium, Jamtha",2,29.5,South Africa,India,JH Kallis,AB de Villiers,Harbhajan Singh,4,0,,,,,,,,,
433586,2010/11,2011-03-12,"Vidarbha Cricket Association Stadium, Jamtha",2,29.6,South Africa,India,JH Kallis,AB de Villiers,Harbhajan Singh,4,0,,,,,,,,,
433586,2010/11,2011-03-12,"Vidarbha Cricket Association Stadium, Jamtha",2,30.1,South Africa,India,AB de Villiers,JH Kallis,Yuvraj Singh,1,0,,,,,,,,,
433586,2010/11,2011-03-12,"Vidarbha Cricket Association Stadium, Jamtha",2,30.2,South Africa,India,JH Kallis,AB de Villiers,Yuvraj Singh,0,0,,,,,,,,,
433586,2010/11,2011-03-12,"Vidarbha Cricket Association Stadium, Jamtha",2,30.3,South Africa,India,JH Kallis,AB de Villiers,Yuvraj Singh,1,0,,,,,,,,,
433586,2010/11,2011-03-12,"Vidarbha Cricket Association Stadium, Jamtha",2,30.4,South Africa,India,AB de Villiers,JH Kallis,Yuvraj Singh,1,0,,,,,,,,,
433586,2010/11,2011-03-12,"Vidarbha Cricket Association Stadium, Jamtha",2,30.5,South Africa,India,JH Kallis,AB de Villiers,Yuvraj Singh,0,0,,,,,,,,,
433586,2010/11,2011-03-12,"Vidarbha Cricket Association Stadium, Jamtha",2,30.6,South Africa,India,JH Kallis,AB de Villiers,Yuvraj Singh,0,0,,,,,,,,,
433586,2010/11,2011-03-12,"Vidarbha Cricket Association Stadium, Jamtha",2,31.1,South Africa,India,AB de Villiers,JH Kallis,Harbhajan Singh,6,0,,,,,,,,,
433586,2010/11,2011-03-12,"Vidarbha Cricket Association Stadium, Jamtha",2,31.2,South Africa,India,AB de Villiers,JH Kallis,Harbhajan Singh,0,0,,,,,,,,,
433586,2010/11,2011-03-12,"Vidarbha Cricket Association Stadium, Jamtha",2,31.3,South Africa,India,AB de Villiers,JH Kallis,Harbhajan Singh,1,0,,,,,,,,,
433586,2010/11,2011-03-12,"Vidarbha Cricket Association Stadium, Jamtha",2,31.4,South Africa,India,JH Kallis,AB de Villiers,Harbhajan Singh,1,0,,,,,,,,,
433586,2010/11,2011-03-12,"Vidarbha Cricket Association Stadium, Jamtha",2,31.5,South Africa,India,AB de Villiers,JH Kallis,Harbhajan Singh,0,0,,,,,,,,,
433586,2010/11,2011-03-12,"Vidarbha Cricket Association Stadium, Jamtha",2,31.6,South Africa,India,AB de Villiers,JH Kallis,Harbhajan Singh,1,0,,,,,,,,,
433586,2010/11,2011-03-12,"Vidarbha Cricket Association Stadium, Jamtha",2,32.1,South Africa,India,AB de Villiers,JH Kallis,Yuvraj Singh,1,0,,,,,,,,,
433586,2010/11,2011-03-12,"Vidarbha Cricket Association Stadium, Jamtha",2,32.2,South Africa,India,JH Kallis,AB de Villiers,Yuvraj Singh,2,0,,,,,,,,,
433586,2010/11,2011-03-12,"Vidarbha Cricket Association Stadium, Jamtha",2,32.3,South Africa,India,JH Kallis,AB de Villiers,Yuvraj Singh,0,1,,,,1,,,,,
433586,2010/11,2011-03-12,"Vidarbha Cricket Association Stadium, Jamtha",2,32.4,South Africa,India,AB de Villiers,JH Kallis,Yuvraj Singh,0,0,,,,,,,,,
433586,2010/11,2011-03-12,"Vidarbha Cricket Association Stadium, Jamtha",2,32.5,South Africa,India,AB de Villiers,JH Kallis,Yuvraj Singh,0,0,,,,,,,,,
433586,2010/11,2011-03-12,"Vidarbha Cricket Association Stadium, Jamtha",2,32.6,South Africa,India,AB de Villiers,JH Kallis,Yuvraj Singh,1,0,,,,,,,,,
433586,2010/11,2011-03-12,"Vidarbha Cricket Association Stadium, Jamtha",2,33.1,South Africa,India,AB de Villiers,JH Kallis,Z Khan,0,0,,,,,,,,,
433586,2010/11,2011-03-12,"Vidarbha Cricket Association Stadium, Jamtha",2,33.2,South Africa,India,AB de Villiers,JH Kallis,Z Khan,0,0,,,,,,,,,
433586,2010/11,2011-03-12,"Vidarbha Cricket Association Stadium, Jamtha",2,33.3,South Africa,India,AB de Villiers,JH Kallis,Z Khan,0,0,,,,,,,,,
433586,2010/11,2011-03-12,"Vidarbha Cricket Association Stadium, Jamtha",2,33.4,South Africa,India,AB de Villiers,JH Kallis,Z Khan,1,0,,,,,,,,,
433586,2010/11,2011-03-12,"Vidarbha Cricket Association Stadium, Jamtha",2,33.5,South Africa,India,JH Kallis,AB de Villiers,Z Khan,0,0,,,,,,,,,
433586,2010/11,2011-03-12,"Vidarbha Cricket Association Stadium, Jamtha",2,33.6,South Africa,India,JH Kallis,AB de Villiers,Z Khan,0,0,,,,,,,,,
433586,2010/11,2011-03-12,"Vidarbha Cricket Association Stadium, Jamtha",2,34.1,South Africa,India,AB de Villiers,JH Kallis,Yuvraj Singh,0,0,,,,,,,,,
433586,2010/11,2011-03-12,"Vidarbha Cricket Association Stadium, Jamtha",2,34.2,South Africa,India,AB de Villiers,JH Kallis,Yuvraj Singh,4,0,,,,,,,,,
433586,2010/11,2011-03-12,"Vidarbha Cricket Association Stadium, Jamtha",2,34.3,South Africa,India,AB de Villiers,JH Kallis,Yuvraj Singh,2,0,,,,,,,,,
433586,2010/11,2011-03-12,"Vidarbha Cricket Association Stadium, Jamtha",2,34.4,South Africa,India,AB de Villiers,JH Kallis,Yuvraj Singh,0,0,,,,,,,,,
433586,2010/11,2011-03-12,"Vidarbha Cricket Association Stadium, Jamtha",2,34.5,South Africa,India,AB de Villiers,JH Kallis,Yuvraj Singh,1,0,,,,,,,,,
433586,2010/11,2011-03-12,"Vidarbha Cricket Association Stadium, Jamtha",2,34.6,South Africa,India,JH Kallis,AB de Villiers,Yuvraj Singh,1,0,,,,,,,,,
433586,2010/11,2011-03-12,"Vidarbha Cricket Association Stadium, Jamtha",2,35.1,South Africa,India,JH Kallis,AB de Villiers,Z Khan,1,0,,,,,,,,,
433586,2010/11,2011-03-12,"Vidarbha Cricket Association Stadium, Jamtha",2,35.2,South Africa,India,AB de Villiers,JH Kallis,Z Khan,1,0,,,,,,,,,
433586,2010/11,2011-03-12,"Vidarbha Cricket Association Stadium, Jamtha",2,35.3,South Africa,India,JH Kallis,AB de Villiers,Z Khan,0,0,,,,,,,,,
433586,2010/11,2011-03-12,"Vidarbha Cricket Association Stadium, Jamtha",2,35.4,South Africa,India,JH Kallis,AB de Villiers,Z Khan,1,0,,,,,,run out,JH Kallis,,
433586,2010/11,2011-03-12,"Vidarbha Cricket Association Stadium, Jamtha",2,35.5,South Africa,India,JP Duminy,AB de Villiers,Z Khan,0,0,,,,,,,,,
433586,2010/11,2011-03-12,"Vidarbha Cricket Association Stadium, Jamtha",2,35.6,South Africa,India,JP Duminy,AB de Villiers,Z Khan,0,0,,,,,,,,,
433586,2010/11,2011-03-12,"Vidarbha Cricket Association Stadium, Jamtha",2,36.1,South Africa,India,AB de Villiers,JP Duminy,A Nehra,1,0,,,,,,,,,
433586,2010/11,2011-03-12,"Vidarbha Cricket Association Stadium, Jamtha",2,36.2,South Africa,India,JP Duminy,AB de Villiers,A Nehra,4,0,,,,,,,,,
433586,2010/11,2011-03-12,"Vidarbha Cricket Association Stadium, Jamtha",2,36.3,South Africa,India,JP Duminy,AB de Villiers,A Nehra,0,0,,,,,,,,,
433586,2010/11,2011-03-12,"Vidarbha Cricket Association Stadium, Jamtha",2,36.4,South Africa,India,JP Duminy,AB de Villiers,A Nehra,1,0,,,,,,,,,
433586,2010/11,2011-03-12,"Vidarbha Cricket Association Stadium, Jamtha",2,36.5,South Africa,India,AB de Villiers,JP Duminy,A Nehra,4,0,,,,,,,,,
433586,2010/11,2011-03-12,"Vidarbha Cricket Association Stadium, Jamtha",2,36.6,South Africa,India,AB de Villiers,JP Duminy,A Nehra,0,0,,,,,,,,,
433586,2010/11,2011-03-12,"Vidarbha Cricket Association Stadium, Jamtha",2,37.1,South Africa,India,JP Duminy,AB de Villiers,Z Khan,0,1,,,,1,,,,,
433586,2010/11,2011-03-12,"Vidarbha Cricket Association Stadium, Jamtha",2,37.2,South Africa,India,AB de Villiers,JP Duminy,Z Khan,1,0,,,,,,,,,
433586,2010/11,2011-03-12,"Vidarbha Cricket Association Stadium, Jamtha",2,37.3,South Africa,India,JP Duminy,AB de Villiers,Z Khan,1,0,,,,,,,,,
433586,2010/11,2011-03-12,"Vidarbha Cricket Association Stadium, Jamtha",2,37.4,South Africa,India,AB de Villiers,JP Duminy,Z Khan,2,0,,,,,,,,,
433586,2010/11,2011-03-12,"Vidarbha Cricket Association Stadium, Jamtha",2,37.5,South Africa,India,AB de Villiers,JP Duminy,Z Khan,1,0,,,,,,,,,
433586,2010/11,2011-03-12,"Vidarbha Cricket Association Stadium, Jamtha",2,37.6,South Africa,India,JP Duminy,AB de Villiers,Z Khan,0,1,,,,1,,,,,
433586,2010/11,2011-03-12,"Vidarbha Cricket Association Stadium, Jamtha",2,38.1,South Africa,India,JP Duminy,AB de Villiers,MM Patel,1,0,,,,,,,,,
433586,2010/11,2011-03-12,"Vidarbha Cricket Association Stadium, Jamtha",2,38.2,South Africa,India,AB de Villiers,JP Duminy,MM Patel,1,0,,,,,,,,,
433586,2010/11,2011-03-12,"Vidarbha Cricket Association Stadium, Jamtha",2,38.3,South Africa,India,JP Duminy,AB de Villiers,MM Patel,4,0,,,,,,,,,
433586,2010/11,2011-03-12,"Vidarbha Cricket Association Stadium, Jamtha",2,38.4,South Africa,India,JP Duminy,AB de Villiers,MM Patel,0,1,,,,1,,,,,
433586,2010/11,2011-03-12,"Vidarbha Cricket Association Stadium, Jamtha",2,38.5,South Africa,India,AB de Villiers,JP Duminy,MM Patel,4,0,,,,,,,,,
433586,2010/11,2011-03-12,"Vidarbha Cricket Association Stadium, Jamtha",2,38.6,South Africa,India,AB de Villiers,JP Duminy,MM Patel,0,0,,,,,,,,,
433586,2010/11,2011-03-12,"Vidarbha Cricket Association Stadium, Jamtha",2,39.1,South Africa,India,JP Duminy,AB de Villiers,Z Khan,1,0,,,,,,,,,
433586,2010/11,2011-03-12,"Vidarbha Cricket Association Stadium, Jamtha",2,39.2,South Africa,India,AB de Villiers,JP Duminy,Z Khan,4,0,,,,,,,,,
433586,2010/11,2011-03-12,"Vidarbha Cricket Association Stadium, Jamtha",2,39.3,South Africa,India,AB de Villiers,JP Duminy,Z Khan,4,0,,,,,,,,,
433586,2010/11,2011-03-12,"Vidarbha Cricket Association Stadium, Jamtha",2,39.4,South Africa,India,AB de Villiers,JP Duminy,Z Khan,1,0,,,,,,,,,
433586,2010/11,2011-03-12,"Vidarbha Cricket Association Stadium, Jamtha",2,39.5,South Africa,India,JP Duminy,AB de Villiers,Z Khan,6,0,,,,,,,,,
433586,2010/11,2011-03-12,"Vidarbha Cricket Association Stadium, Jamtha",2,39.6,South Africa,India,JP Duminy,AB de Villiers,Z Khan,1,0,,,,,,,,,
433586,2010/11,2011-03-12,"Vidarbha Cricket Association Stadium, Jamtha",2,40.1,South Africa,India,JP Duminy,AB de Villiers,Harbhajan Singh,1,0,,,,,,,,,
433586,2010/11,2011-03-12,"Vidarbha Cricket Association Stadium, Jamtha",2,40.2,South Africa,India,AB de Villiers,JP Duminy,Harbhajan Singh,4,0,,,,,,,,,
433586,2010/11,2011-03-12,"Vidarbha Cricket Association Stadium, Jamtha",2,40.3,South Africa,India,AB de Villiers,JP Duminy,Harbhajan Singh,0,0,,,,,,caught,AB de Villiers,,
433586,2010/11,2011-03-12,"Vidarbha Cricket Association Stadium, Jamtha",2,40.4,South Africa,India,JP Duminy,F du Plessis,Harbhajan Singh,0,0,,,,,,,,,
433586,2010/11,2011-03-12,"Vidarbha Cricket Association Stadium, Jamtha",2,40.5,South Africa,India,JP Duminy,F du Plessis,Harbhajan Singh,1,0,,,,,,,,,
433586,2010/11,2011-03-12,"Vidarbha Cricket Association Stadium, Jamtha",2,40.6,South Africa,India,F du Plessis,JP Duminy,Harbhajan Singh,1,0,,,,,,,,,
433586,2010/11,2011-03-12,"Vidarbha Cricket Association Stadium, Jamtha",2,41.1,South Africa,India,F du Plessis,JP Duminy,Yuvraj Singh,0,0,,,,,,,,,
433586,2010/11,2011-03-12,"Vidarbha Cricket Association Stadium, Jamtha",2,41.2,South Africa,India,F du Plessis,JP Duminy,Yuvraj Singh,0,0,,,,,,,,,
433586,2010/11,2011-03-12,"Vidarbha Cricket Association Stadium, Jamtha",2,41.3,South Africa,India,F du Plessis,JP Duminy,Yuvraj Singh,1,0,,,,,,,,,
433586,2010/11,2011-03-12,"Vidarbha Cricket Association Stadium, Jamtha",2,41.4,South Africa,India,JP Duminy,F du Plessis,Yuvraj Singh,1,0,,,,,,,,,
433586,2010/11,2011-03-12,"Vidarbha Cricket Association Stadium, Jamtha",2,41.5,South Africa,India,F du Plessis,JP Duminy,Yuvraj Singh,2,0,,,,,,,,,
433586,2010/11,2011-03-12,"Vidarbha Cricket Association Stadium, Jamtha",2,41.6,South Africa,India,F du Plessis,JP Duminy,Yuvraj Singh,6,0,,,,,,,,,
433586,2010/11,2011-03-12,"Vidarbha Cricket Association Stadium, Jamtha",2,42.1,South Africa,India,JP Duminy,F du Plessis,Harbhajan Singh,1,0,,,,,,,,,
433586,2010/11,2011-03-12,"Vidarbha Cricket Association Stadium, Jamtha",2,42.2,South Africa,India,F du Plessis,JP Duminy,Harbhajan Singh,1,0,,,,,,,,,
433586,2010/11,2011-03-12,"Vidarbha Cricket Association Stadium, Jamtha",2,42.3,South Africa,India,JP Duminy,F du Plessis,Harbhajan Singh,0,0,,,,,,,,,
433586,2010/11,2011-03-12,"Vidarbha Cricket Association Stadium, Jamtha",2,42.4,South Africa,India,JP Duminy,F du Plessis,Harbhajan Singh,0,1,1,,,,,stumped,JP Duminy,,
433586,2010/11,2011-03-12,"Vidarbha Cricket Association Stadium, Jamtha",2,42.5,South Africa,India,MN van Wyk,F du Plessis,Harbhajan Singh,0,0,,,,,,,,,
433586,2010/11,2011-03-12,"Vidarbha Cricket Association Stadium, Jamtha",2,42.6,South Africa,India,MN van Wyk,F du Plessis,Harbhajan Singh,1,0,,,,,,,,,
433586,2010/11,2011-03-12,"Vidarbha Cricket Association Stadium, Jamtha",2,42.7,South Africa,India,F du Plessis,MN van Wyk,Harbhajan Singh,1,0,,,,,,,,,
433586,2010/11,2011-03-12,"Vidarbha Cricket Association Stadium, Jamtha",2,43.1,South Africa,India,F du Plessis,MN van Wyk,MM Patel,0,0,,,,,,,,,
433586,2010/11,2011-03-12,"Vidarbha Cricket Association Stadium, Jamtha",2,43.2,South Africa,India,F du Plessis,MN van Wyk,MM Patel,1,0,,,,,,,,,
433586,2010/11,2011-03-12,"Vidarbha Cricket Association Stadium, Jamtha",2,43.3,South Africa,India,MN van Wyk,F du Plessis,MM Patel,4,0,,,,,,,,,
433586,2010/11,2011-03-12,"Vidarbha Cricket Association Stadium, Jamtha",2,43.4,South Africa,India,MN van Wyk,F du Plessis,MM Patel,0,1,,,,1,,,,,
433586,2010/11,2011-03-12,"Vidarbha Cricket Association Stadium, Jamtha",2,43.5,South Africa,India,F du Plessis,MN van Wyk,MM Patel,1,0,,,,,,,,,
433586,2010/11,2011-03-12,"Vidarbha Cricket Association Stadium, Jamtha",2,43.6,South Africa,India,MN van Wyk,F du Plessis,MM Patel,0,0,,,,,,lbw,MN van Wyk,,
433586,2010/11,2011-03-12,"Vidarbha Cricket Association Stadium, Jamtha",2,44.1,South Africa,India,F du Plessis,J Botha,Harbhajan Singh,1,0,,,,,,,,,
433586,2010/11,2011-03-12,"Vidarbha Cricket Association Stadium, Jamtha",2,44.2,South Africa,India,J Botha,F du Plessis,Harbhajan Singh,0,0,,,,,,,,,
433586,2010/11,2011-03-12,"Vidarbha Cricket Association Stadium, Jamtha",2,44.3,South Africa,India,J Botha,F du Plessis,Harbhajan Singh,1,0,,,,,,,,,
433586,2010/11,2011-03-12,"Vidarbha Cricket Association Stadium, Jamtha",2,44.4,South Africa,India,F du Plessis,J Botha,Harbhajan Singh,0,0,,,,,,,,,
433586,2010/11,2011-03-12,"Vidarbha Cricket Association Stadium, Jamtha",2,44.5,South Africa,India,F du Plessis,J Botha,Harbhajan Singh,1,0,,,,,,,,,
433586,2010/11,2011-03-12,"Vidarbha Cricket Association Stadium, Jamtha",2,44.6,South Africa,India,J Botha,F du Plessis,Harbhajan Singh,0,1,,,,1,,,,,
433586,2010/11,2011-03-12,"Vidarbha Cricket Association Stadium, Jamtha",2,45.1,South Africa,India,J Botha,F du Plessis,MM Patel,0,0,,,,,,,,,
433586,2010/11,2011-03-12,"Vidarbha Cricket Association Stadium, Jamtha",2,45.2,South Africa,India,J Botha,F du Plessis,MM Patel,4,0,,,,,,,,,
433586,2010/11,2011-03-12,"Vidarbha Cricket Association Stadium, Jamtha",2,45.3,South Africa,India,J Botha,F du Plessis,MM Patel,2,0,,,,,,,,,
433586,2010/11,2011-03-12,"Vidarbha Cricket Association Stadium, Jamtha",2,45.4,South Africa,India,J Botha,F du Plessis,MM Patel,1,0,,,,,,,,,
433586,2010/11,2011-03-12,"Vidarbha Cricket Association Stadium, Jamtha",2,45.5,South Africa,India,F du Plessis,J Botha,MM Patel,2,0,,,,,,,,,
433586,2010/11,2011-03-12,"Vidarbha Cricket Association Stadium, Jamtha",2,45.6,South Africa,India,F du Plessis,J Botha,MM Patel,1,0,,,,,,,,,
433586,2010/11,2011-03-12,"Vidarbha Cricket Association Stadium, Jamtha",2,46.1,South Africa,India,F du Plessis,J Botha,Harbhajan Singh,1,0,,,,,,,,,
433586,2010/11,2011-03-12,"Vidarbha Cricket Association Stadium, Jamtha",2,46.2,South Africa,India,J Botha,F du Plessis,Harbhajan Singh,1,0,,,,,,,,,
433586,2010/11,2011-03-12,"Vidarbha Cricket Association Stadium, Jamtha",2,46.3,South Africa,India,F du Plessis,J Botha,Harbhajan Singh,1,0,,,,,,,,,
433586,2010/11,2011-03-12,"Vidarbha Cricket Association Stadium, Jamtha",2,46.4,South Africa,India,J Botha,F du Plessis,Harbhajan Singh,0,0,,,,,,,,,
433586,2010/11,2011-03-12,"Vidarbha Cricket Association Stadium, Jamtha",2,46.5,South Africa,India,J Botha,F du Plessis,Harbhajan Singh,0,0,,,,,,,,,
433586,2010/11,2011-03-12,"Vidarbha Cricket Association Stadium, Jamtha",2,46.6,South Africa,India,J Botha,F du Plessis,Harbhajan Singh,2,0,,,,,,,,,
433586,2010/11,2011-03-12,"Vidarbha Cricket Association Stadium, Jamtha",2,47.1,South Africa,India,F du Plessis,J Botha,MM Patel,1,0,,,,,,,,,
433586,2010/11,2011-03-12,"Vidarbha Cricket Association Stadium, Jamtha",2,47.2,South Africa,India,J Botha,F du Plessis,MM Patel,2,0,,,,,,,,,
433586,2010/11,2011-03-12,"Vidarbha Cricket Association Stadium, Jamtha",2,47.3,South Africa,India,J Botha,F du Plessis,MM Patel,4,0,,,,,,,,,
433586,2010/11,2011-03-12,"Vidarbha Cricket Association Stadium, Jamtha",2,47.4,South Africa,India,J Botha,F du Plessis,MM Patel,6,0,,,,,,,,,
433586,2010/11,2011-03-12,"Vidarbha Cricket Association Stadium, Jamtha",2,47.5,South Africa,India,J Botha,F du Plessis,MM Patel,0,0,,,,,,caught,J Botha,,
433586,2010/11,2011-03-12,"Vidarbha Cricket Association Stadium, Jamtha",2,47.6,South Africa,India,F du Plessis,RJ Peterson,MM Patel,1,0,,,,,,,,,
433586,2010/11,2011-03-12,"Vidarbha Cricket Association Stadium, Jamtha",2,48.1,South Africa,India,F du Plessis,RJ Peterson,Z Khan,1,0,,,,,,,,,
433586,2010/11,2011-03-12,"Vidarbha Cricket Association Stadium, Jamtha",2,48.2,South Africa,India,RJ Peterson,F du Plessis,Z Khan,1,0,,,,,,,,,
433586,2010/11,2011-03-12,"Vidarbha Cricket Association Stadium, Jamtha",2,48.3,South Africa,India,F du Plessis,RJ Peterson,Z Khan,1,0,,,,,,,,,
433586,2010/11,2011-03-12,"Vidarbha Cricket Association Stadium, Jamtha",2,48.4,South Africa,India,RJ Peterson,F du Plessis,Z Khan,0,0,,,,,,,,,
433586,2010/11,2011-03-12,"Vidarbha Cricket Association Stadium, Jamtha",2,48.5,South Africa,India,RJ Peterson,F du Plessis,Z Khan,1,0,,,,,,,,,
433586,2010/11,2011-03-12,"Vidarbha Cricket Association Stadium, Jamtha",2,48.6,South Africa,India,F du Plessis,RJ Peterson,Z Khan,0,0,,,,,,,,,
433586,2010/11,2011-03-12,"Vidarbha Cricket Association Stadium, Jamtha",2,49.1,South Africa,India,RJ Peterson,F du Plessis,A Nehra,4,0,,,,,,,,,
433586,2010/11,2011-03-12,"Vidarbha Cricket Association Stadium, Jamtha",2,49.2,South Africa,India,RJ Peterson,F du Plessis,A Nehra,6,0,,,,,,,,,
433586,2010/11,2011-03-12,"Vidarbha Cricket Association Stadium, Jamtha",2,49.3,South Africa,India,RJ Peterson,F du Plessis,A Nehra,2,0,,,,,,,,,
433586,2010/11,2011-03-12,"Vidarbha Cricket Association Stadium, Jamtha",2,49.4,South Africa,India,RJ Peterson,F du Plessis,A Nehra,4,0,,,,,,,,,
