version,2.1.0
info,balls_per_over,6
info,team,New Zealand
info,team,Pakistan
info,gender,male
info,season,2010/11
info,date,2011/03/08
info,event,ICC Cricket World Cup
info,match_number,24
info,venue,Pallekele International Cricket Stadium
info,city,
info,toss_winner,New Zealand
info,toss_decision,bat
info,player_of_match,LRPL Taylor
info,umpire,DJ Harper
info,umpire,NJ Llong
info,reserve_umpire,SK Tarapore
info,tv_umpire,IJ Gould
info,match_referee,BC Broad
info,winner,New Zealand
info,winner_runs,110
info,player,New Zealand,MJ Guptill
info,player,New Zealand,BB McCullum
info,player,New Zealand,JM How
info,player,New Zealand,LRPL Taylor
info,player,New Zealand,JEC Franklin
info,player,New Zealand,SB Styris
info,player,New Zealand,NL McCullum
info,player,New Zealand,JDP Oram
info,player,New Zealand,KD Mills
info,player,New Zealand,DL Vettori
info,player,New Zealand,TG Southee
info,player,Pakistan,Mohammad Hafeez
info,player,Pakistan,Ahmed Shehzad
info,player,Pakistan,Kamran Akmal
info,player,Pakistan,Younis Khan
info,player,Pakistan,Misbah-ul-Haq
info,player,Pakistan,Umar Akmal
info,player,Pakistan,Shahid Afridi
info,player,Pakistan,Abdul Razzaq
info,player,Pakistan,Abdur Rehman
info,player,Pakistan,Umar Gul
info,player,Pakistan,Shoaib Akhtar
info,registry,people,Abdul Razzaq,390ff45b
info,registry,people,Abdur Rehman,d094e7d1
info,registry,people,Ahmed Shehzad,f8fd6e3f
info,registry,people,BB McCullum,b8a55852
info,registry,people,BC Broad,d6a7dd38
info,registry,people,DJ Harper,0ec08b27
info,registry,people,DL Vettori,d7c6af50
info,registry,people,IJ Gould,a9dfdf6c
info,registry,people,JDP Oram,3eac9d95
info,registry,people,JEC Franklin,cf73ad76
info,registry,people,JM How,fd8f11e9
info,registry,people,KD Mills,7fb32e5b
info,registry,people,Kamran Akmal,ff077124
info,registry,people,LRPL Taylor,b61a3e1a
info,registry,people,MJ Guptill,2be41edb
info,registry,people,Misbah-ul-Haq,7eae4418
info,registry,people,Mohammad Hafeez,9ab63e7b
info,registry,people,NJ Llong,573fb985
info,registry,people,NL McCullum,5673a3fc
info,registry,people,SB Styris,57efa3be
info,registry,people,SK Tarapore,62a824b4
info,registry,people,Shahid Afridi,0dc00542
info,registry,people,Shoaib Akhtar,10a91f35
info,registry,people,TG Southee,13c35c9e
info,registry,people,Umar Akmal,fd2bf2a0
info,registry,people,Umar Gul,16dfcc19
info,registry,people,Younis Khan,33cb3411
