match_id,season,start_date,venue,innings,ball,batting_team,bowling_team,striker,non_striker,bowler,runs_off_bat,extras,wides,noballs,byes,legbyes,penalty,wicket_type,player_dismissed,other_wicket_type,other_player_dismissed
433597,2010/11,2011-03-19,Shere Bangla National Stadium,1,0.1,South Africa,Bangladesh,HM Amla,GC Smith,Shafiul Islam,0,0,,,,,,,,,
433597,2010/11,2011-03-19,Shere Bangla National Stadium,1,0.2,South Africa,Bangladesh,HM Amla,GC Smith,Shafiul Islam,1,0,,,,,,,,,
433597,2010/11,2011-03-19,Shere Bangla National Stadium,1,0.3,South Africa,Bangladesh,GC Smith,HM Amla,Shafiul Islam,0,0,,,,,,,,,
433597,2010/11,2011-03-19,Shere Bangla National Stadium,1,0.4,South Africa,Bangladesh,GC Smith,HM Amla,Shafiul Islam,1,0,,,,,,,,,
433597,2010/11,2011-03-19,Shere Bangla National Stadium,1,0.5,South Africa,Bangladesh,HM Amla,GC Smith,Shafiul Islam,0,0,,,,,,,,,
433597,2010/11,2011-03-19,Shere Bangla National Stadium,1,0.6,South Africa,Bangladesh,HM Amla,GC Smith,Shafiul Islam,4,0,,,,,,,,,
433597,2010/11,2011-03-19,Shere Bangla National Stadium,1,1.1,South Africa,Bangladesh,GC Smith,HM Amla,Rubel Hossain,0,0,,,,,,,,,
433597,2010/11,2011-03-19,Shere Bangla National Stadium,1,1.2,South Africa,Bangladesh,GC Smith,HM Amla,Rubel Hossain,0,2,,,,2,,,,,
433597,2010/11,2011-03-19,Shere Bangla National Stadium,1,1.3,South Africa,Bangladesh,GC Smith,HM Amla,Rubel Hossain,4,0,,,,,,,,,
433597,2010/11,2011-03-19,Shere Bangla National Stadium,1,1.4,South Africa,Bangladesh,GC Smith,HM Amla,Rubel Hossain,0,0,,,,,,,,,
433597,2010/11,2011-03-19,Shere Bangla National Stadium,1,1.5,South Africa,Bangladesh,GC Smith,HM Amla,Rubel Hossain,1,0,,,,,,,,,
433597,2010/11,2011-03-19,Shere Bangla National Stadium,1,1.6,South Africa,Bangladesh,HM Amla,GC Smith,Rubel Hossain,4,0,,,,,,,,,
433597,2010/11,2011-03-19,Shere Bangla National Stadium,1,2.1,South Africa,Bangladesh,GC Smith,HM Amla,Shafiul Islam,0,0,,,,,,,,,
433597,2010/11,2011-03-19,Shere Bangla National Stadium,1,2.2,South Africa,Bangladesh,GC Smith,HM Amla,Shafiul Islam,4,0,,,,,,,,,
433597,2010/11,2011-03-19,Shere Bangla National Stadium,1,2.3,South Africa,Bangladesh,GC Smith,HM Amla,Shafiul Islam,0,0,,,,,,,,,
433597,2010/11,2011-03-19,Shere Bangla National Stadium,1,2.4,South Africa,Bangladesh,GC Smith,HM Amla,Shafiul Islam,1,0,,,,,,,,,
433597,2010/11,2011-03-19,Shere Bangla National Stadium,1,2.5,South Africa,Bangladesh,HM Amla,GC Smith,Shafiul Islam,4,0,,,,,,,,,
433597,2010/11,2011-03-19,Shere Bangla National Stadium,1,2.6,South Africa,Bangladesh,HM Amla,GC Smith,Shafiul Islam,0,1,1,,,,,,,,
433597,2010/11,2011-03-19,Shere Bangla National Stadium,1,2.7,South Africa,Bangladesh,HM Amla,GC Smith,Shafiul Islam,0,0,,,,,,,,,
433597,2010/11,2011-03-19,Shere Bangla National Stadium,1,3.1,South Africa,Bangladesh,GC Smith,HM Amla,Rubel Hossain,0,0,,,,,,,,,
433597,2010/11,2011-03-19,Shere Bangla National Stadium,1,3.2,South Africa,Bangladesh,GC Smith,HM Amla,Rubel Hossain,0,0,,,,,,,,,
433597,2010/11,2011-03-19,Shere Bangla National Stadium,1,3.3,South Africa,Bangladesh,GC Smith,HM Amla,Rubel Hossain,0,0,,,,,,,,,
433597,2010/11,2011-03-19,Shere Bangla National Stadium,1,3.4,South Africa,Bangladesh,GC Smith,HM Amla,Rubel Hossain,3,0,,,,,,,,,
433597,2010/11,2011-03-19,Shere Bangla National Stadium,1,3.5,South Africa,Bangladesh,HM Amla,GC Smith,Rubel Hossain,0,0,,,,,,,,,
433597,2010/11,2011-03-19,Shere Bangla National Stadium,1,3.6,South Africa,Bangladesh,HM Amla,GC Smith,Rubel Hossain,0,0,,,,,,,,,
433597,2010/11,2011-03-19,Shere Bangla National Stadium,1,4.1,South Africa,Bangladesh,GC Smith,HM Amla,Abdur Razzak,1,0,,,,,,,,,
433597,2010/11,2011-03-19,Shere Bangla National Stadium,1,4.2,South Africa,Bangladesh,HM Amla,GC Smith,Abdur Razzak,0,0,,,,,,,,,
433597,2010/11,2011-03-19,Shere Bangla National Stadium,1,4.3,South Africa,Bangladesh,HM Amla,GC Smith,Abdur Razzak,0,0,,,,,,,,,
433597,2010/11,2011-03-19,Shere Bangla National Stadium,1,4.4,South Africa,Bangladesh,HM Amla,GC Smith,Abdur Razzak,0,0,,,,,,,,,
433597,2010/11,2011-03-19,Shere Bangla National Stadium,1,4.5,South Africa,Bangladesh,HM Amla,GC Smith,Abdur Razzak,2,0,,,,,,,,,
433597,2010/11,2011-03-19,Shere Bangla National Stadium,1,4.6,South Africa,Bangladesh,HM Amla,GC Smith,Abdur Razzak,0,0,,,,,,,,,
433597,2010/11,2011-03-19,Shere Bangla National Stadium,1,5.1,South Africa,Bangladesh,GC Smith,HM Amla,Rubel Hossain,0,0,,,,,,,,,
433597,2010/11,2011-03-19,Shere Bangla National Stadium,1,5.2,South Africa,Bangladesh,GC Smith,HM Amla,Rubel Hossain,0,0,,,,,,,,,
433597,2010/11,2011-03-19,Shere Bangla National Stadium,1,5.3,South Africa,Bangladesh,GC Smith,HM Amla,Rubel Hossain,4,0,,,,,,,,,
433597,2010/11,2011-03-19,Shere Bangla National Stadium,1,5.4,South Africa,Bangladesh,GC Smith,HM Amla,Rubel Hossain,2,0,,,,,,,,,
433597,2010/11,2011-03-19,Shere Bangla National Stadium,1,5.5,South Africa,Bangladesh,GC Smith,HM Amla,Rubel Hossain,1,0,,,,,,,,,
433597,2010/11,2011-03-19,Shere Bangla National Stadium,1,5.6,South Africa,Bangladesh,HM Amla,GC Smith,Rubel Hossain,4,0,,,,,,,,,
433597,2010/11,2011-03-19,Shere Bangla National Stadium,1,6.1,South Africa,Bangladesh,GC Smith,HM Amla,Naeem Islam,1,0,,,,,,,,,
433597,2010/11,2011-03-19,Shere Bangla National Stadium,1,6.2,South Africa,Bangladesh,HM Amla,GC Smith,Naeem Islam,0,0,,,,,,,,,
433597,2010/11,2011-03-19,Shere Bangla National Stadium,1,6.3,South Africa,Bangladesh,HM Amla,GC Smith,Naeem Islam,1,0,,,,,,,,,
433597,2010/11,2011-03-19,Shere Bangla National Stadium,1,6.4,South Africa,Bangladesh,GC Smith,HM Amla,Naeem Islam,0,0,,,,,,,,,
433597,2010/11,2011-03-19,Shere Bangla National Stadium,1,6.5,South Africa,Bangladesh,GC Smith,HM Amla,Naeem Islam,0,0,,,,,,,,,
433597,2010/11,2011-03-19,Shere Bangla National Stadium,1,6.6,South Africa,Bangladesh,GC Smith,HM Amla,Naeem Islam,0,0,,,,,,,,,
433597,2010/11,2011-03-19,Shere Bangla National Stadium,1,7.1,South Africa,Bangladesh,HM Amla,GC Smith,Abdur Razzak,0,0,,,,,,,,,
433597,2010/11,2011-03-19,Shere Bangla National Stadium,1,7.2,South Africa,Bangladesh,HM Amla,GC Smith,Abdur Razzak,0,0,,,,,,,,,
433597,2010/11,2011-03-19,Shere Bangla National Stadium,1,7.3,South Africa,Bangladesh,HM Amla,GC Smith,Abdur Razzak,1,0,,,,,,,,,
433597,2010/11,2011-03-19,Shere Bangla National Stadium,1,7.4,South Africa,Bangladesh,GC Smith,HM Amla,Abdur Razzak,0,0,,,,,,,,,
433597,2010/11,2011-03-19,Shere Bangla National Stadium,1,7.5,South Africa,Bangladesh,GC Smith,HM Amla,Abdur Razzak,0,0,,,,,,,,,
433597,2010/11,2011-03-19,Shere Bangla National Stadium,1,7.6,South Africa,Bangladesh,GC Smith,HM Amla,Abdur Razzak,1,0,,,,,,,,,
433597,2010/11,2011-03-19,Shere Bangla National Stadium,1,8.1,South Africa,Bangladesh,GC Smith,HM Amla,Naeem Islam,1,0,,,,,,,,,
433597,2010/11,2011-03-19,Shere Bangla National Stadium,1,8.2,South Africa,Bangladesh,HM Amla,GC Smith,Naeem Islam,0,0,,,,,,,,,
433597,2010/11,2011-03-19,Shere Bangla National Stadium,1,8.3,South Africa,Bangladesh,HM Amla,GC Smith,Naeem Islam,1,0,,,,,,,,,
433597,2010/11,2011-03-19,Shere Bangla National Stadium,1,8.4,South Africa,Bangladesh,GC Smith,HM Amla,Naeem Islam,0,0,,,,,,,,,
433597,2010/11,2011-03-19,Shere Bangla National Stadium,1,8.5,South Africa,Bangladesh,GC Smith,HM Amla,Naeem Islam,1,0,,,,,,,,,
433597,2010/11,2011-03-19,Shere Bangla National Stadium,1,8.6,South Africa,Bangladesh,HM Amla,GC Smith,Naeem Islam,0,0,,,,,,,,,
433597,2010/11,2011-03-19,Shere Bangla National Stadium,1,9.1,South Africa,Bangladesh,GC Smith,HM Amla,Abdur Razzak,0,0,,,,,,,,,
433597,2010/11,2011-03-19,Shere Bangla National Stadium,1,9.2,South Africa,Bangladesh,GC Smith,HM Amla,Abdur Razzak,0,0,,,,,,,,,
433597,2010/11,2011-03-19,Shere Bangla National Stadium,1,9.3,South Africa,Bangladesh,GC Smith,HM Amla,Abdur Razzak,0,0,,,,,,,,,
433597,2010/11,2011-03-19,Shere Bangla National Stadium,1,9.4,South Africa,Bangladesh,GC Smith,HM Amla,Abdur Razzak,0,0,,,,,,,,,
433597,2010/11,2011-03-19,Shere Bangla National Stadium,1,9.5,South Africa,Bangladesh,GC Smith,HM Amla,Abdur Razzak,0,0,,,,,,,,,
433597,2010/11,2011-03-19,Shere Bangla National Stadium,1,9.6,South Africa,Bangladesh,GC Smith,HM Amla,Abdur Razzak,0,0,,,,,,,,,
433597,2010/11,2011-03-19,Shere Bangla National Stadium,1,10.1,South Africa,Bangladesh,HM Amla,GC Smith,Naeem Islam,2,0,,,,,,,,,
433597,2010/11,2011-03-19,Shere Bangla National Stadium,1,10.2,South Africa,Bangladesh,HM Amla,GC Smith,Naeem Islam,1,0,,,,,,,,,
433597,2010/11,2011-03-19,Shere Bangla National Stadium,1,10.3,South Africa,Bangladesh,GC Smith,HM Amla,Naeem Islam,0,0,,,,,,,,,
433597,2010/11,2011-03-19,Shere Bangla National Stadium,1,10.4,South Africa,Bangladesh,GC Smith,HM Amla,Naeem Islam,1,0,,,,,,,,,
433597,2010/11,2011-03-19,Shere Bangla National Stadium,1,10.5,South Africa,Bangladesh,HM Amla,GC Smith,Naeem Islam,0,0,,,,,,,,,
433597,2010/11,2011-03-19,Shere Bangla National Stadium,1,10.6,South Africa,Bangladesh,HM Amla,GC Smith,Naeem Islam,1,0,,,,,,,,,
433597,2010/11,2011-03-19,Shere Bangla National Stadium,1,11.1,South Africa,Bangladesh,HM Amla,GC Smith,Abdur Razzak,1,0,,,,,,,,,
433597,2010/11,2011-03-19,Shere Bangla National Stadium,1,11.2,South Africa,Bangladesh,GC Smith,HM Amla,Abdur Razzak,4,0,,,,,,,,,
433597,2010/11,2011-03-19,Shere Bangla National Stadium,1,11.3,South Africa,Bangladesh,GC Smith,HM Amla,Abdur Razzak,1,0,,,,,,,,,
433597,2010/11,2011-03-19,Shere Bangla National Stadium,1,11.4,South Africa,Bangladesh,HM Amla,GC Smith,Abdur Razzak,1,0,,,,,,,,,
433597,2010/11,2011-03-19,Shere Bangla National Stadium,1,11.5,South Africa,Bangladesh,GC Smith,HM Amla,Abdur Razzak,1,0,,,,,,,,,
433597,2010/11,2011-03-19,Shere Bangla National Stadium,1,11.6,South Africa,Bangladesh,HM Amla,GC Smith,Abdur Razzak,1,0,,,,,,,,,
433597,2010/11,2011-03-19,Shere Bangla National Stadium,1,12.1,South Africa,Bangladesh,HM Amla,GC Smith,Naeem Islam,1,0,,,,,,,,,
433597,2010/11,2011-03-19,Shere Bangla National Stadium,1,12.2,South Africa,Bangladesh,GC Smith,HM Amla,Naeem Islam,1,0,,,,,,,,,
433597,2010/11,2011-03-19,Shere Bangla National Stadium,1,12.3,South Africa,Bangladesh,HM Amla,GC Smith,Naeem Islam,1,0,,,,,,,,,
433597,2010/11,2011-03-19,Shere Bangla National Stadium,1,12.4,South Africa,Bangladesh,GC Smith,HM Amla,Naeem Islam,1,0,,,,,,,,,
433597,2010/11,2011-03-19,Shere Bangla National Stadium,1,12.5,South Africa,Bangladesh,HM Amla,GC Smith,Naeem Islam,4,0,,,,,,,,,
433597,2010/11,2011-03-19,Shere Bangla National Stadium,1,12.6,South Africa,Bangladesh,HM Amla,GC Smith,Naeem Islam,4,0,,,,,,,,,
433597,2010/11,2011-03-19,Shere Bangla National Stadium,1,13.1,South Africa,Bangladesh,GC Smith,HM Amla,Abdur Razzak,0,0,,,,,,,,,
433597,2010/11,2011-03-19,Shere Bangla National Stadium,1,13.2,South Africa,Bangladesh,GC Smith,HM Amla,Abdur Razzak,1,0,,,,,,,,,
433597,2010/11,2011-03-19,Shere Bangla National Stadium,1,13.3,South Africa,Bangladesh,HM Amla,GC Smith,Abdur Razzak,0,0,,,,,,,,,
433597,2010/11,2011-03-19,Shere Bangla National Stadium,1,13.4,South Africa,Bangladesh,HM Amla,GC Smith,Abdur Razzak,1,0,,,,,,,,,
433597,2010/11,2011-03-19,Shere Bangla National Stadium,1,13.5,South Africa,Bangladesh,GC Smith,HM Amla,Abdur Razzak,1,0,,,,,,,,,
433597,2010/11,2011-03-19,Shere Bangla National Stadium,1,13.6,South Africa,Bangladesh,HM Amla,GC Smith,Abdur Razzak,0,0,,,,,,,,,
433597,2010/11,2011-03-19,Shere Bangla National Stadium,1,14.1,South Africa,Bangladesh,GC Smith,HM Amla,Mahmudullah,0,0,,,,,,,,,
433597,2010/11,2011-03-19,Shere Bangla National Stadium,1,14.2,South Africa,Bangladesh,GC Smith,HM Amla,Mahmudullah,0,0,,,,,,,,,
433597,2010/11,2011-03-19,Shere Bangla National Stadium,1,14.3,South Africa,Bangladesh,GC Smith,HM Amla,Mahmudullah,1,0,,,,,,,,,
433597,2010/11,2011-03-19,Shere Bangla National Stadium,1,14.4,South Africa,Bangladesh,HM Amla,GC Smith,Mahmudullah,1,0,,,,,,,,,
433597,2010/11,2011-03-19,Shere Bangla National Stadium,1,14.5,South Africa,Bangladesh,GC Smith,HM Amla,Mahmudullah,1,0,,,,,,,,,
433597,2010/11,2011-03-19,Shere Bangla National Stadium,1,14.6,South Africa,Bangladesh,HM Amla,GC Smith,Mahmudullah,0,0,,,,,,,,,
433597,2010/11,2011-03-19,Shere Bangla National Stadium,1,15.1,South Africa,Bangladesh,GC Smith,HM Amla,Shakib Al Hasan,1,0,,,,,,,,,
433597,2010/11,2011-03-19,Shere Bangla National Stadium,1,15.2,South Africa,Bangladesh,HM Amla,GC Smith,Shakib Al Hasan,1,0,,,,,,,,,
433597,2010/11,2011-03-19,Shere Bangla National Stadium,1,15.3,South Africa,Bangladesh,GC Smith,HM Amla,Shakib Al Hasan,1,0,,,,,,,,,
433597,2010/11,2011-03-19,Shere Bangla National Stadium,1,15.4,South Africa,Bangladesh,HM Amla,GC Smith,Shakib Al Hasan,1,0,,,,,,,,,
433597,2010/11,2011-03-19,Shere Bangla National Stadium,1,15.5,South Africa,Bangladesh,GC Smith,HM Amla,Shakib Al Hasan,0,0,,,,,,,,,
433597,2010/11,2011-03-19,Shere Bangla National Stadium,1,15.6,South Africa,Bangladesh,GC Smith,HM Amla,Shakib Al Hasan,0,0,,,,,,,,,
433597,2010/11,2011-03-19,Shere Bangla National Stadium,1,16.1,South Africa,Bangladesh,HM Amla,GC Smith,Mahmudullah,1,0,,,,,,,,,
433597,2010/11,2011-03-19,Shere Bangla National Stadium,1,16.2,South Africa,Bangladesh,GC Smith,HM Amla,Mahmudullah,0,0,,,,,,,,,
433597,2010/11,2011-03-19,Shere Bangla National Stadium,1,16.3,South Africa,Bangladesh,GC Smith,HM Amla,Mahmudullah,0,0,,,,,,,,,
433597,2010/11,2011-03-19,Shere Bangla National Stadium,1,16.4,South Africa,Bangladesh,GC Smith,HM Amla,Mahmudullah,0,0,,,,,,,,,
433597,2010/11,2011-03-19,Shere Bangla National Stadium,1,16.5,South Africa,Bangladesh,GC Smith,HM Amla,Mahmudullah,1,0,,,,,,,,,
433597,2010/11,2011-03-19,Shere Bangla National Stadium,1,16.6,South Africa,Bangladesh,HM Amla,GC Smith,Mahmudullah,1,0,,,,,,,,,
433597,2010/11,2011-03-19,Shere Bangla National Stadium,1,17.1,South Africa,Bangladesh,HM Amla,GC Smith,Shakib Al Hasan,0,0,,,,,,,,,
433597,2010/11,2011-03-19,Shere Bangla National Stadium,1,17.2,South Africa,Bangladesh,HM Amla,GC Smith,Shakib Al Hasan,0,0,,,,,,,,,
433597,2010/11,2011-03-19,Shere Bangla National Stadium,1,17.3,South Africa,Bangladesh,HM Amla,GC Smith,Shakib Al Hasan,0,0,,,,,,,,,
433597,2010/11,2011-03-19,Shere Bangla National Stadium,1,17.4,South Africa,Bangladesh,HM Amla,GC Smith,Shakib Al Hasan,0,0,,,,,,,,,
433597,2010/11,2011-03-19,Shere Bangla National Stadium,1,17.5,South Africa,Bangladesh,HM Amla,GC Smith,Shakib Al Hasan,0,0,,,,,,,,,
433597,2010/11,2011-03-19,Shere Bangla National Stadium,1,17.6,South Africa,Bangladesh,HM Amla,GC Smith,Shakib Al Hasan,1,0,,,,,,,,,
433597,2010/11,2011-03-19,Shere Bangla National Stadium,1,18.1,South Africa,Bangladesh,HM Amla,GC Smith,Mahmudullah,0,0,,,,,,,,,
433597,2010/11,2011-03-19,Shere Bangla National Stadium,1,18.2,South Africa,Bangladesh,HM Amla,GC Smith,Mahmudullah,0,0,,,,,,,,,
433597,2010/11,2011-03-19,Shere Bangla National Stadium,1,18.3,South Africa,Bangladesh,HM Amla,GC Smith,Mahmudullah,1,0,,,,,,,,,
433597,2010/11,2011-03-19,Shere Bangla National Stadium,1,18.4,South Africa,Bangladesh,GC Smith,HM Amla,Mahmudullah,0,0,,,,,,,,,
433597,2010/11,2011-03-19,Shere Bangla National Stadium,1,18.5,South Africa,Bangladesh,GC Smith,HM Amla,Mahmudullah,0,0,,,,,,,,,
433597,2010/11,2011-03-19,Shere Bangla National Stadium,1,18.6,South Africa,Bangladesh,GC Smith,HM Amla,Mahmudullah,2,0,,,,,,,,,
433597,2010/11,2011-03-19,Shere Bangla National Stadium,1,19.1,South Africa,Bangladesh,HM Amla,GC Smith,Shakib Al Hasan,1,0,,,,,,,,,
433597,2010/11,2011-03-19,Shere Bangla National Stadium,1,19.2,South Africa,Bangladesh,GC Smith,HM Amla,Shakib Al Hasan,0,0,,,,,,,,,
433597,2010/11,2011-03-19,Shere Bangla National Stadium,1,19.3,South Africa,Bangladesh,GC Smith,HM Amla,Shakib Al Hasan,0,0,,,,,,,,,
433597,2010/11,2011-03-19,Shere Bangla National Stadium,1,19.4,South Africa,Bangladesh,GC Smith,HM Amla,Shakib Al Hasan,1,0,,,,,,,,,
433597,2010/11,2011-03-19,Shere Bangla National Stadium,1,19.5,South Africa,Bangladesh,HM Amla,GC Smith,Shakib Al Hasan,0,0,,,,,,,,,
433597,2010/11,2011-03-19,Shere Bangla National Stadium,1,19.6,South Africa,Bangladesh,HM Amla,GC Smith,Shakib Al Hasan,1,0,,,,,,,,,
433597,2010/11,2011-03-19,Shere Bangla National Stadium,1,20.1,South Africa,Bangladesh,HM Amla,GC Smith,Mahmudullah,1,0,,,,,,,,,
433597,2010/11,2011-03-19,Shere Bangla National Stadium,1,20.2,South Africa,Bangladesh,GC Smith,HM Amla,Mahmudullah,0,0,,,,,,,,,
433597,2010/11,2011-03-19,Shere Bangla National Stadium,1,20.3,South Africa,Bangladesh,GC Smith,HM Amla,Mahmudullah,0,0,,,,,,,,,
433597,2010/11,2011-03-19,Shere Bangla National Stadium,1,20.4,South Africa,Bangladesh,GC Smith,HM Amla,Mahmudullah,0,0,,,,,,stumped,GC Smith,,
433597,2010/11,2011-03-19,Shere Bangla National Stadium,1,20.5,South Africa,Bangladesh,JH Kallis,HM Amla,Mahmudullah,0,0,,,,,,,,,
433597,2010/11,2011-03-19,Shere Bangla National Stadium,1,20.6,South Africa,Bangladesh,JH Kallis,HM Amla,Mahmudullah,1,0,,,,,,,,,
433597,2010/11,2011-03-19,Shere Bangla National Stadium,1,21.1,South Africa,Bangladesh,JH Kallis,HM Amla,Shakib Al Hasan,1,0,,,,,,,,,
433597,2010/11,2011-03-19,Shere Bangla National Stadium,1,21.2,South Africa,Bangladesh,HM Amla,JH Kallis,Shakib Al Hasan,0,0,,,,,,,,,
433597,2010/11,2011-03-19,Shere Bangla National Stadium,1,21.3,South Africa,Bangladesh,HM Amla,JH Kallis,Shakib Al Hasan,1,0,,,,,,,,,
433597,2010/11,2011-03-19,Shere Bangla National Stadium,1,21.4,South Africa,Bangladesh,JH Kallis,HM Amla,Shakib Al Hasan,0,0,,,,,,,,,
433597,2010/11,2011-03-19,Shere Bangla National Stadium,1,21.5,South Africa,Bangladesh,JH Kallis,HM Amla,Shakib Al Hasan,4,0,,,,,,,,,
433597,2010/11,2011-03-19,Shere Bangla National Stadium,1,21.6,South Africa,Bangladesh,JH Kallis,HM Amla,Shakib Al Hasan,1,0,,,,,,,,,
433597,2010/11,2011-03-19,Shere Bangla National Stadium,1,22.1,South Africa,Bangladesh,JH Kallis,HM Amla,Abdur Razzak,0,0,,,,,,,,,
433597,2010/11,2011-03-19,Shere Bangla National Stadium,1,22.2,South Africa,Bangladesh,JH Kallis,HM Amla,Abdur Razzak,1,0,,,,,,,,,
433597,2010/11,2011-03-19,Shere Bangla National Stadium,1,22.3,South Africa,Bangladesh,HM Amla,JH Kallis,Abdur Razzak,0,0,,,,,,bowled,HM Amla,,
433597,2010/11,2011-03-19,Shere Bangla National Stadium,1,22.4,South Africa,Bangladesh,JP Duminy,JH Kallis,Abdur Razzak,0,0,,,,,,,,,
433597,2010/11,2011-03-19,Shere Bangla National Stadium,1,22.5,South Africa,Bangladesh,JP Duminy,JH Kallis,Abdur Razzak,0,0,,,,,,,,,
433597,2010/11,2011-03-19,Shere Bangla National Stadium,1,22.6,South Africa,Bangladesh,JP Duminy,JH Kallis,Abdur Razzak,0,0,,,,,,,,,
433597,2010/11,2011-03-19,Shere Bangla National Stadium,1,23.1,South Africa,Bangladesh,JH Kallis,JP Duminy,Shakib Al Hasan,1,0,,,,,,,,,
433597,2010/11,2011-03-19,Shere Bangla National Stadium,1,23.2,South Africa,Bangladesh,JP Duminy,JH Kallis,Shakib Al Hasan,0,0,,,,,,,,,
433597,2010/11,2011-03-19,Shere Bangla National Stadium,1,23.3,South Africa,Bangladesh,JP Duminy,JH Kallis,Shakib Al Hasan,1,0,,,,,,,,,
433597,2010/11,2011-03-19,Shere Bangla National Stadium,1,23.4,South Africa,Bangladesh,JH Kallis,JP Duminy,Shakib Al Hasan,0,0,,,,,,,,,
433597,2010/11,2011-03-19,Shere Bangla National Stadium,1,23.5,South Africa,Bangladesh,JH Kallis,JP Duminy,Shakib Al Hasan,0,0,,,,,,,,,
433597,2010/11,2011-03-19,Shere Bangla National Stadium,1,23.6,South Africa,Bangladesh,JH Kallis,JP Duminy,Shakib Al Hasan,1,0,,,,,,,,,
433597,2010/11,2011-03-19,Shere Bangla National Stadium,1,24.1,South Africa,Bangladesh,JH Kallis,JP Duminy,Abdur Razzak,0,1,1,,,,,,,,
433597,2010/11,2011-03-19,Shere Bangla National Stadium,1,24.2,South Africa,Bangladesh,JH Kallis,JP Duminy,Abdur Razzak,1,0,,,,,,,,,
433597,2010/11,2011-03-19,Shere Bangla National Stadium,1,24.3,South Africa,Bangladesh,JP Duminy,JH Kallis,Abdur Razzak,0,0,,,,,,,,,
433597,2010/11,2011-03-19,Shere Bangla National Stadium,1,24.4,South Africa,Bangladesh,JP Duminy,JH Kallis,Abdur Razzak,1,0,,,,,,,,,
433597,2010/11,2011-03-19,Shere Bangla National Stadium,1,24.5,South Africa,Bangladesh,JH Kallis,JP Duminy,Abdur Razzak,1,0,,,,,,,,,
433597,2010/11,2011-03-19,Shere Bangla National Stadium,1,24.6,South Africa,Bangladesh,JP Duminy,JH Kallis,Abdur Razzak,2,0,,,,,,,,,
433597,2010/11,2011-03-19,Shere Bangla National Stadium,1,24.7,South Africa,Bangladesh,JP Duminy,JH Kallis,Abdur Razzak,1,0,,,,,,,,,
433597,2010/11,2011-03-19,Shere Bangla National Stadium,1,25.1,South Africa,Bangladesh,JP Duminy,JH Kallis,Shakib Al Hasan,1,0,,,,,,,,,
433597,2010/11,2011-03-19,Shere Bangla National Stadium,1,25.2,South Africa,Bangladesh,JH Kallis,JP Duminy,Shakib Al Hasan,0,0,,,,,,,,,
433597,2010/11,2011-03-19,Shere Bangla National Stadium,1,25.3,South Africa,Bangladesh,JH Kallis,JP Duminy,Shakib Al Hasan,0,0,,,,,,,,,
433597,2010/11,2011-03-19,Shere Bangla National Stadium,1,25.4,South Africa,Bangladesh,JH Kallis,JP Duminy,Shakib Al Hasan,1,0,,,,,,,,,
433597,2010/11,2011-03-19,Shere Bangla National Stadium,1,25.5,South Africa,Bangladesh,JP Duminy,JH Kallis,Shakib Al Hasan,1,0,,,,,,,,,
433597,2010/11,2011-03-19,Shere Bangla National Stadium,1,25.6,South Africa,Bangladesh,JH Kallis,JP Duminy,Shakib Al Hasan,1,0,,,,,,,,,
433597,2010/11,2011-03-19,Shere Bangla National Stadium,1,26.1,South Africa,Bangladesh,JH Kallis,JP Duminy,Mahmudullah,1,0,,,,,,,,,
433597,2010/11,2011-03-19,Shere Bangla National Stadium,1,26.2,South Africa,Bangladesh,JP Duminy,JH Kallis,Mahmudullah,1,0,,,,,,,,,
433597,2010/11,2011-03-19,Shere Bangla National Stadium,1,26.3,South Africa,Bangladesh,JH Kallis,JP Duminy,Mahmudullah,0,0,,,,,,,,,
433597,2010/11,2011-03-19,Shere Bangla National Stadium,1,26.4,South Africa,Bangladesh,JH Kallis,JP Duminy,Mahmudullah,0,0,,,,,,,,,
433597,2010/11,2011-03-19,Shere Bangla National Stadium,1,26.5,South Africa,Bangladesh,JH Kallis,JP Duminy,Mahmudullah,0,0,,,,,,,,,
433597,2010/11,2011-03-19,Shere Bangla National Stadium,1,26.6,South Africa,Bangladesh,JH Kallis,JP Duminy,Mahmudullah,1,0,,,,,,,,,
433597,2010/11,2011-03-19,Shere Bangla National Stadium,1,27.1,South Africa,Bangladesh,JH Kallis,JP Duminy,Rubel Hossain,1,0,,,,,,,,,
433597,2010/11,2011-03-19,Shere Bangla National Stadium,1,27.2,South Africa,Bangladesh,JP Duminy,JH Kallis,Rubel Hossain,0,0,,,,,,,,,
433597,2010/11,2011-03-19,Shere Bangla National Stadium,1,27.3,South Africa,Bangladesh,JP Duminy,JH Kallis,Rubel Hossain,2,0,,,,,,,,,
433597,2010/11,2011-03-19,Shere Bangla National Stadium,1,27.4,South Africa,Bangladesh,JP Duminy,JH Kallis,Rubel Hossain,1,0,,,,,,,,,
433597,2010/11,2011-03-19,Shere Bangla National Stadium,1,27.5,South Africa,Bangladesh,JH Kallis,JP Duminy,Rubel Hossain,0,0,,,,,,,,,
433597,2010/11,2011-03-19,Shere Bangla National Stadium,1,27.6,South Africa,Bangladesh,JH Kallis,JP Duminy,Rubel Hossain,1,0,,,,,,,,,
433597,2010/11,2011-03-19,Shere Bangla National Stadium,1,28.1,South Africa,Bangladesh,JH Kallis,JP Duminy,Mahmudullah,1,0,,,,,,,,,
433597,2010/11,2011-03-19,Shere Bangla National Stadium,1,28.2,South Africa,Bangladesh,JP Duminy,JH Kallis,Mahmudullah,0,0,,,,,,,,,
433597,2010/11,2011-03-19,Shere Bangla National Stadium,1,28.3,South Africa,Bangladesh,JP Duminy,JH Kallis,Mahmudullah,0,0,,,,,,,,,
433597,2010/11,2011-03-19,Shere Bangla National Stadium,1,28.4,South Africa,Bangladesh,JP Duminy,JH Kallis,Mahmudullah,4,0,,,,,,,,,
433597,2010/11,2011-03-19,Shere Bangla National Stadium,1,28.5,South Africa,Bangladesh,JP Duminy,JH Kallis,Mahmudullah,0,0,,,,,,,,,
433597,2010/11,2011-03-19,Shere Bangla National Stadium,1,28.6,South Africa,Bangladesh,JP Duminy,JH Kallis,Mahmudullah,1,0,,,,,,,,,
433597,2010/11,2011-03-19,Shere Bangla National Stadium,1,29.1,South Africa,Bangladesh,JP Duminy,JH Kallis,Rubel Hossain,1,0,,,,,,,,,
433597,2010/11,2011-03-19,Shere Bangla National Stadium,1,29.2,South Africa,Bangladesh,JH Kallis,JP Duminy,Rubel Hossain,0,0,,,,,,,,,
433597,2010/11,2011-03-19,Shere Bangla National Stadium,1,29.3,South Africa,Bangladesh,JH Kallis,JP Duminy,Rubel Hossain,0,0,,,,,,,,,
433597,2010/11,2011-03-19,Shere Bangla National Stadium,1,29.4,South Africa,Bangladesh,JH Kallis,JP Duminy,Rubel Hossain,4,0,,,,,,,,,
433597,2010/11,2011-03-19,Shere Bangla National Stadium,1,29.5,South Africa,Bangladesh,JH Kallis,JP Duminy,Rubel Hossain,1,0,,,,,,,,,
433597,2010/11,2011-03-19,Shere Bangla National Stadium,1,29.6,South Africa,Bangladesh,JP Duminy,JH Kallis,Rubel Hossain,0,0,,,,,,caught,JP Duminy,,
433597,2010/11,2011-03-19,Shere Bangla National Stadium,1,30.1,South Africa,Bangladesh,JH Kallis,F du Plessis,Shafiul Islam,3,0,,,,,,,,,
433597,2010/11,2011-03-19,Shere Bangla National Stadium,1,30.2,South Africa,Bangladesh,F du Plessis,JH Kallis,Shafiul Islam,1,0,,,,,,,,,
433597,2010/11,2011-03-19,Shere Bangla National Stadium,1,30.3,South Africa,Bangladesh,JH Kallis,F du Plessis,Shafiul Islam,0,0,,,,,,,,,
433597,2010/11,2011-03-19,Shere Bangla National Stadium,1,30.4,South Africa,Bangladesh,JH Kallis,F du Plessis,Shafiul Islam,0,0,,,,,,,,,
433597,2010/11,2011-03-19,Shere Bangla National Stadium,1,30.5,South Africa,Bangladesh,JH Kallis,F du Plessis,Shafiul Islam,4,0,,,,,,,,,
433597,2010/11,2011-03-19,Shere Bangla National Stadium,1,30.6,South Africa,Bangladesh,JH Kallis,F du Plessis,Shafiul Islam,0,0,,,,,,,,,
433597,2010/11,2011-03-19,Shere Bangla National Stadium,1,31.1,South Africa,Bangladesh,F du Plessis,JH Kallis,Shakib Al Hasan,1,0,,,,,,,,,
433597,2010/11,2011-03-19,Shere Bangla National Stadium,1,31.2,South Africa,Bangladesh,JH Kallis,F du Plessis,Shakib Al Hasan,2,0,,,,,,,,,
433597,2010/11,2011-03-19,Shere Bangla National Stadium,1,31.3,South Africa,Bangladesh,JH Kallis,F du Plessis,Shakib Al Hasan,0,0,,,,,,,,,
433597,2010/11,2011-03-19,Shere Bangla National Stadium,1,31.4,South Africa,Bangladesh,JH Kallis,F du Plessis,Shakib Al Hasan,0,0,,,,,,,,,
433597,2010/11,2011-03-19,Shere Bangla National Stadium,1,31.5,South Africa,Bangladesh,JH Kallis,F du Plessis,Shakib Al Hasan,1,0,,,,,,,,,
433597,2010/11,2011-03-19,Shere Bangla National Stadium,1,31.6,South Africa,Bangladesh,F du Plessis,JH Kallis,Shakib Al Hasan,1,0,,,,,,,,,
433597,2010/11,2011-03-19,Shere Bangla National Stadium,1,32.1,South Africa,Bangladesh,F du Plessis,JH Kallis,Shafiul Islam,0,0,,,,,,,,,
433597,2010/11,2011-03-19,Shere Bangla National Stadium,1,32.2,South Africa,Bangladesh,F du Plessis,JH Kallis,Shafiul Islam,2,0,,,,,,,,,
433597,2010/11,2011-03-19,Shere Bangla National Stadium,1,32.3,South Africa,Bangladesh,F du Plessis,JH Kallis,Shafiul Islam,1,0,,,,,,,,,
433597,2010/11,2011-03-19,Shere Bangla National Stadium,1,32.4,South Africa,Bangladesh,JH Kallis,F du Plessis,Shafiul Islam,0,0,,,,,,,,,
433597,2010/11,2011-03-19,Shere Bangla National Stadium,1,32.5,South Africa,Bangladesh,JH Kallis,F du Plessis,Shafiul Islam,2,0,,,,,,,,,
433597,2010/11,2011-03-19,Shere Bangla National Stadium,1,32.6,South Africa,Bangladesh,JH Kallis,F du Plessis,Shafiul Islam,0,0,,,,,,,,,
433597,2010/11,2011-03-19,Shere Bangla National Stadium,1,33.1,South Africa,Bangladesh,F du Plessis,JH Kallis,Rubel Hossain,0,0,,,,,,,,,
433597,2010/11,2011-03-19,Shere Bangla National Stadium,1,33.2,South Africa,Bangladesh,F du Plessis,JH Kallis,Rubel Hossain,0,0,,,,,,,,,
433597,2010/11,2011-03-19,Shere Bangla National Stadium,1,33.3,South Africa,Bangladesh,F du Plessis,JH Kallis,Rubel Hossain,0,0,,,,,,,,,
433597,2010/11,2011-03-19,Shere Bangla National Stadium,1,33.4,South Africa,Bangladesh,F du Plessis,JH Kallis,Rubel Hossain,1,0,,,,,,,,,
433597,2010/11,2011-03-19,Shere Bangla National Stadium,1,33.5,South Africa,Bangladesh,JH Kallis,F du Plessis,Rubel Hossain,0,0,,,,,,,,,
433597,2010/11,2011-03-19,Shere Bangla National Stadium,1,33.6,South Africa,Bangladesh,JH Kallis,F du Plessis,Rubel Hossain,0,0,,,,,,,,,
433597,2010/11,2011-03-19,Shere Bangla National Stadium,1,34.1,South Africa,Bangladesh,F du Plessis,JH Kallis,Mahmudullah,1,0,,,,,,,,,
433597,2010/11,2011-03-19,Shere Bangla National Stadium,1,34.2,South Africa,Bangladesh,JH Kallis,F du Plessis,Mahmudullah,1,0,,,,,,,,,
433597,2010/11,2011-03-19,Shere Bangla National Stadium,1,34.3,South Africa,Bangladesh,F du Plessis,JH Kallis,Mahmudullah,1,0,,,,,,,,,
433597,2010/11,2011-03-19,Shere Bangla National Stadium,1,34.4,South Africa,Bangladesh,JH Kallis,F du Plessis,Mahmudullah,1,0,,,,,,,,,
433597,2010/11,2011-03-19,Shere Bangla National Stadium,1,34.5,South Africa,Bangladesh,F du Plessis,JH Kallis,Mahmudullah,1,0,,,,,,,,,
433597,2010/11,2011-03-19,Shere Bangla National Stadium,1,34.6,South Africa,Bangladesh,JH Kallis,F du Plessis,Mahmudullah,0,0,,,,,,,,,
433597,2010/11,2011-03-19,Shere Bangla National Stadium,1,35.1,South Africa,Bangladesh,F du Plessis,JH Kallis,Abdur Razzak,0,0,,,,,,,,,
433597,2010/11,2011-03-19,Shere Bangla National Stadium,1,35.2,South Africa,Bangladesh,F du Plessis,JH Kallis,Abdur Razzak,2,0,,,,,,,,,
433597,2010/11,2011-03-19,Shere Bangla National Stadium,1,35.3,South Africa,Bangladesh,F du Plessis,JH Kallis,Abdur Razzak,0,0,,,,,,,,,
433597,2010/11,2011-03-19,Shere Bangla National Stadium,1,35.4,South Africa,Bangladesh,F du Plessis,JH Kallis,Abdur Razzak,1,0,,,,,,,,,
433597,2010/11,2011-03-19,Shere Bangla National Stadium,1,35.5,South Africa,Bangladesh,JH Kallis,F du Plessis,Abdur Razzak,0,0,,,,,,,,,
433597,2010/11,2011-03-19,Shere Bangla National Stadium,1,35.6,South Africa,Bangladesh,JH Kallis,F du Plessis,Abdur Razzak,0,0,,,,,,,,,
433597,2010/11,2011-03-19,Shere Bangla National Stadium,1,36.1,South Africa,Bangladesh,F du Plessis,JH Kallis,Shakib Al Hasan,0,0,,,,,,,,,
433597,2010/11,2011-03-19,Shere Bangla National Stadium,1,36.2,South Africa,Bangladesh,F du Plessis,JH Kallis,Shakib Al Hasan,4,0,,,,,,,,,
433597,2010/11,2011-03-19,Shere Bangla National Stadium,1,36.3,South Africa,Bangladesh,F du Plessis,JH Kallis,Shakib Al Hasan,0,0,,,,,,,,,
433597,2010/11,2011-03-19,Shere Bangla National Stadium,1,36.4,South Africa,Bangladesh,F du Plessis,JH Kallis,Shakib Al Hasan,0,0,,,,,,,,,
433597,2010/11,2011-03-19,Shere Bangla National Stadium,1,36.5,South Africa,Bangladesh,F du Plessis,JH Kallis,Shakib Al Hasan,1,0,,,,,,,,,
433597,2010/11,2011-03-19,Shere Bangla National Stadium,1,36.6,South Africa,Bangladesh,JH Kallis,F du Plessis,Shakib Al Hasan,4,0,,,,,,,,,
433597,2010/11,2011-03-19,Shere Bangla National Stadium,1,37.1,South Africa,Bangladesh,F du Plessis,JH Kallis,Abdur Razzak,0,0,,,,,,,,,
433597,2010/11,2011-03-19,Shere Bangla National Stadium,1,37.2,South Africa,Bangladesh,F du Plessis,JH Kallis,Abdur Razzak,1,0,,,,,,,,,
433597,2010/11,2011-03-19,Shere Bangla National Stadium,1,37.3,South Africa,Bangladesh,JH Kallis,F du Plessis,Abdur Razzak,1,0,,,,,,,,,
433597,2010/11,2011-03-19,Shere Bangla National Stadium,1,37.4,South Africa,Bangladesh,F du Plessis,JH Kallis,Abdur Razzak,0,0,,,,,,,,,
433597,2010/11,2011-03-19,Shere Bangla National Stadium,1,37.5,South Africa,Bangladesh,F du Plessis,JH Kallis,Abdur Razzak,0,0,,,,,,,,,
433597,2010/11,2011-03-19,Shere Bangla National Stadium,1,37.6,South Africa,Bangladesh,F du Plessis,JH Kallis,Abdur Razzak,1,0,,,,,,,,,
433597,2010/11,2011-03-19,Shere Bangla National Stadium,1,38.1,South Africa,Bangladesh,F du Plessis,JH Kallis,Naeem Islam,4,0,,,,,,,,,
433597,2010/11,2011-03-19,Shere Bangla National Stadium,1,38.2,South Africa,Bangladesh,F du Plessis,JH Kallis,Naeem Islam,0,0,,,,,,,,,
433597,2010/11,2011-03-19,Shere Bangla National Stadium,1,38.3,South Africa,Bangladesh,F du Plessis,JH Kallis,Naeem Islam,0,0,,,,,,,,,
433597,2010/11,2011-03-19,Shere Bangla National Stadium,1,38.4,South Africa,Bangladesh,F du Plessis,JH Kallis,Naeem Islam,1,0,,,,,,,,,
433597,2010/11,2011-03-19,Shere Bangla National Stadium,1,38.5,South Africa,Bangladesh,JH Kallis,F du Plessis,Naeem Islam,0,0,,,,,,,,,
433597,2010/11,2011-03-19,Shere Bangla National Stadium,1,38.6,South Africa,Bangladesh,JH Kallis,F du Plessis,Naeem Islam,1,0,,,,,,,,,
433597,2010/11,2011-03-19,Shere Bangla National Stadium,1,39.1,South Africa,Bangladesh,JH Kallis,F du Plessis,Mahmudullah,1,0,,,,,,,,,
433597,2010/11,2011-03-19,Shere Bangla National Stadium,1,39.2,South Africa,Bangladesh,F du Plessis,JH Kallis,Mahmudullah,1,0,,,,,,,,,
433597,2010/11,2011-03-19,Shere Bangla National Stadium,1,39.3,South Africa,Bangladesh,JH Kallis,F du Plessis,Mahmudullah,0,1,1,,,,,,,,
433597,2010/11,2011-03-19,Shere Bangla National Stadium,1,39.4,South Africa,Bangladesh,JH Kallis,F du Plessis,Mahmudullah,1,0,,,,,,,,,
433597,2010/11,2011-03-19,Shere Bangla National Stadium,1,39.5,South Africa,Bangladesh,F du Plessis,JH Kallis,Mahmudullah,1,0,,,,,,,,,
433597,2010/11,2011-03-19,Shere Bangla National Stadium,1,39.6,South Africa,Bangladesh,JH Kallis,F du Plessis,Mahmudullah,0,0,,,,,,,,,
433597,2010/11,2011-03-19,Shere Bangla National Stadium,1,39.7,South Africa,Bangladesh,JH Kallis,F du Plessis,Mahmudullah,1,0,,,,,,,,,
433597,2010/11,2011-03-19,Shere Bangla National Stadium,1,40.1,South Africa,Bangladesh,JH Kallis,F du Plessis,Naeem Islam,0,0,,,,,,,,,
433597,2010/11,2011-03-19,Shere Bangla National Stadium,1,40.2,South Africa,Bangladesh,JH Kallis,F du Plessis,Naeem Islam,0,0,,,,,,,,,
433597,2010/11,2011-03-19,Shere Bangla National Stadium,1,40.3,South Africa,Bangladesh,JH Kallis,F du Plessis,Naeem Islam,1,0,,,,,,,,,
433597,2010/11,2011-03-19,Shere Bangla National Stadium,1,40.4,South Africa,Bangladesh,F du Plessis,JH Kallis,Naeem Islam,1,0,,,,,,,,,
433597,2010/11,2011-03-19,Shere Bangla National Stadium,1,40.5,South Africa,Bangladesh,JH Kallis,F du Plessis,Naeem Islam,0,0,,,,,,,,,
433597,2010/11,2011-03-19,Shere Bangla National Stadium,1,40.6,South Africa,Bangladesh,JH Kallis,F du Plessis,Naeem Islam,0,1,1,,,,,,,,
433597,2010/11,2011-03-19,Shere Bangla National Stadium,1,40.7,South Africa,Bangladesh,JH Kallis,F du Plessis,Naeem Islam,1,0,,,,,,,,,
433597,2010/11,2011-03-19,Shere Bangla National Stadium,1,41.1,South Africa,Bangladesh,JH Kallis,F du Plessis,Mahmudullah,1,0,,,,,,,,,
433597,2010/11,2011-03-19,Shere Bangla National Stadium,1,41.2,South Africa,Bangladesh,F du Plessis,JH Kallis,Mahmudullah,1,0,,,,,,,,,
433597,2010/11,2011-03-19,Shere Bangla National Stadium,1,41.3,South Africa,Bangladesh,JH Kallis,F du Plessis,Mahmudullah,1,0,,,,,,,,,
433597,2010/11,2011-03-19,Shere Bangla National Stadium,1,41.4,South Africa,Bangladesh,F du Plessis,JH Kallis,Mahmudullah,0,0,,,,,,,,,
433597,2010/11,2011-03-19,Shere Bangla National Stadium,1,41.5,South Africa,Bangladesh,F du Plessis,JH Kallis,Mahmudullah,1,0,,,,,,,,,
433597,2010/11,2011-03-19,Shere Bangla National Stadium,1,41.6,South Africa,Bangladesh,JH Kallis,F du Plessis,Mahmudullah,1,0,,,,,,,,,
433597,2010/11,2011-03-19,Shere Bangla National Stadium,1,42.1,South Africa,Bangladesh,JH Kallis,F du Plessis,Naeem Islam,0,0,,,,,,,,,
433597,2010/11,2011-03-19,Shere Bangla National Stadium,1,42.2,South Africa,Bangladesh,JH Kallis,F du Plessis,Naeem Islam,1,0,,,,,,,,,
433597,2010/11,2011-03-19,Shere Bangla National Stadium,1,42.3,South Africa,Bangladesh,F du Plessis,JH Kallis,Naeem Islam,1,0,,,,,,,,,
433597,2010/11,2011-03-19,Shere Bangla National Stadium,1,42.4,South Africa,Bangladesh,JH Kallis,F du Plessis,Naeem Islam,6,0,,,,,,,,,
433597,2010/11,2011-03-19,Shere Bangla National Stadium,1,42.5,South Africa,Bangladesh,JH Kallis,F du Plessis,Naeem Islam,1,0,,,,,,,,,
433597,2010/11,2011-03-19,Shere Bangla National Stadium,1,42.6,South Africa,Bangladesh,F du Plessis,JH Kallis,Naeem Islam,1,0,,,,,,,,,
433597,2010/11,2011-03-19,Shere Bangla National Stadium,1,43.1,South Africa,Bangladesh,F du Plessis,JH Kallis,Mahmudullah,1,0,,,,,,,,,
433597,2010/11,2011-03-19,Shere Bangla National Stadium,1,43.2,South Africa,Bangladesh,JH Kallis,F du Plessis,Mahmudullah,1,0,,,,,,,,,
433597,2010/11,2011-03-19,Shere Bangla National Stadium,1,43.3,South Africa,Bangladesh,F du Plessis,JH Kallis,Mahmudullah,1,0,,,,,,,,,
433597,2010/11,2011-03-19,Shere Bangla National Stadium,1,43.4,South Africa,Bangladesh,JH Kallis,F du Plessis,Mahmudullah,4,0,,,,,,,,,
433597,2010/11,2011-03-19,Shere Bangla National Stadium,1,43.5,South Africa,Bangladesh,JH Kallis,F du Plessis,Mahmudullah,2,0,,,,,,,,,
433597,2010/11,2011-03-19,Shere Bangla National Stadium,1,43.6,South Africa,Bangladesh,JH Kallis,F du Plessis,Mahmudullah,1,0,,,,,,,,,
433597,2010/11,2011-03-19,Shere Bangla National Stadium,1,44.1,South Africa,Bangladesh,JH Kallis,F du Plessis,Shakib Al Hasan,1,0,,,,,,,,,
433597,2010/11,2011-03-19,Shere Bangla National Stadium,1,44.2,South Africa,Bangladesh,F du Plessis,JH Kallis,Shakib Al Hasan,1,0,,,,,,,,,
433597,2010/11,2011-03-19,Shere Bangla National Stadium,1,44.3,South Africa,Bangladesh,JH Kallis,F du Plessis,Shakib Al Hasan,0,0,,,,,,caught and bowled,JH Kallis,,
433597,2010/11,2011-03-19,Shere Bangla National Stadium,1,44.4,South Africa,Bangladesh,MN van Wyk,F du Plessis,Shakib Al Hasan,1,0,,,,,,,,,
433597,2010/11,2011-03-19,Shere Bangla National Stadium,1,44.5,South Africa,Bangladesh,F du Plessis,MN van Wyk,Shakib Al Hasan,0,0,,,,,,,,,
433597,2010/11,2011-03-19,Shere Bangla National Stadium,1,44.6,South Africa,Bangladesh,F du Plessis,MN van Wyk,Shakib Al Hasan,1,0,,,,,,,,,
433597,2010/11,2011-03-19,Shere Bangla National Stadium,1,45.1,South Africa,Bangladesh,F du Plessis,MN van Wyk,Abdur Razzak,0,0,,,,,,,,,
433597,2010/11,2011-03-19,Shere Bangla National Stadium,1,45.2,South Africa,Bangladesh,F du Plessis,MN van Wyk,Abdur Razzak,6,0,,,,,,,,,
433597,2010/11,2011-03-19,Shere Bangla National Stadium,1,45.3,South Africa,Bangladesh,F du Plessis,MN van Wyk,Abdur Razzak,4,0,,,,,,,,,
433597,2010/11,2011-03-19,Shere Bangla National Stadium,1,45.4,South Africa,Bangladesh,F du Plessis,MN van Wyk,Abdur Razzak,4,0,,,,,,,,,
433597,2010/11,2011-03-19,Shere Bangla National Stadium,1,45.5,South Africa,Bangladesh,F du Plessis,MN van Wyk,Abdur Razzak,1,0,,,,,,,,,
433597,2010/11,2011-03-19,Shere Bangla National Stadium,1,45.6,South Africa,Bangladesh,MN van Wyk,F du Plessis,Abdur Razzak,1,0,,,,,,,,,
433597,2010/11,2011-03-19,Shere Bangla National Stadium,1,46.1,South Africa,Bangladesh,MN van Wyk,F du Plessis,Shakib Al Hasan,1,0,,,,,,,,,
433597,2010/11,2011-03-19,Shere Bangla National Stadium,1,46.2,South Africa,Bangladesh,F du Plessis,MN van Wyk,Shakib Al Hasan,1,0,,,,,,,,,
433597,2010/11,2011-03-19,Shere Bangla National Stadium,1,46.3,South Africa,Bangladesh,MN van Wyk,F du Plessis,Shakib Al Hasan,2,0,,,,,,,,,
433597,2010/11,2011-03-19,Shere Bangla National Stadium,1,46.4,South Africa,Bangladesh,MN van Wyk,F du Plessis,Shakib Al Hasan,0,0,,,,,,bowled,MN van Wyk,,
433597,2010/11,2011-03-19,Shere Bangla National Stadium,1,46.5,South Africa,Bangladesh,J Botha,F du Plessis,Shakib Al Hasan,0,0,,,,,,,,,
433597,2010/11,2011-03-19,Shere Bangla National Stadium,1,46.6,South Africa,Bangladesh,J Botha,F du Plessis,Shakib Al Hasan,2,0,,,,,,,,,
433597,2010/11,2011-03-19,Shere Bangla National Stadium,1,47.1,South Africa,Bangladesh,F du Plessis,J Botha,Rubel Hossain,0,1,,,,1,,,,,
433597,2010/11,2011-03-19,Shere Bangla National Stadium,1,47.2,South Africa,Bangladesh,J Botha,F du Plessis,Rubel Hossain,1,0,,,,,,,,,
433597,2010/11,2011-03-19,Shere Bangla National Stadium,1,47.3,South Africa,Bangladesh,F du Plessis,J Botha,Rubel Hossain,0,0,,,,,,caught,F du Plessis,,
433597,2010/11,2011-03-19,Shere Bangla National Stadium,1,47.4,South Africa,Bangladesh,RJ Peterson,J Botha,Rubel Hossain,4,0,,,,,,,,,
433597,2010/11,2011-03-19,Shere Bangla National Stadium,1,47.5,South Africa,Bangladesh,RJ Peterson,J Botha,Rubel Hossain,1,0,,,,,,,,,
433597,2010/11,2011-03-19,Shere Bangla National Stadium,1,47.6,South Africa,Bangladesh,J Botha,RJ Peterson,Rubel Hossain,4,0,,,,,,,,,
433597,2010/11,2011-03-19,Shere Bangla National Stadium,1,48.1,South Africa,Bangladesh,RJ Peterson,J Botha,Shafiul Islam,1,0,,,,,,,,,
433597,2010/11,2011-03-19,Shere Bangla National Stadium,1,48.2,South Africa,Bangladesh,J Botha,RJ Peterson,Shafiul Islam,1,0,,,,,,,,,
433597,2010/11,2011-03-19,Shere Bangla National Stadium,1,48.3,South Africa,Bangladesh,RJ Peterson,J Botha,Shafiul Islam,4,0,,,,,,,,,
433597,2010/11,2011-03-19,Shere Bangla National Stadium,1,48.4,South Africa,Bangladesh,RJ Peterson,J Botha,Shafiul Islam,4,0,,,,,,,,,
433597,2010/11,2011-03-19,Shere Bangla National Stadium,1,48.5,South Africa,Bangladesh,RJ Peterson,J Botha,Shafiul Islam,1,0,,,,,,,,,
433597,2010/11,2011-03-19,Shere Bangla National Stadium,1,48.6,South Africa,Bangladesh,J Botha,RJ Peterson,Shafiul Islam,4,0,,,,,,,,,
433597,2010/11,2011-03-19,Shere Bangla National Stadium,1,49.1,South Africa,Bangladesh,RJ Peterson,J Botha,Rubel Hossain,0,0,,,,,,run out,J Botha,,
433597,2010/11,2011-03-19,Shere Bangla National Stadium,1,49.2,South Africa,Bangladesh,RJ Peterson,WD Parnell,Rubel Hossain,4,0,,,,,,,,,
433597,2010/11,2011-03-19,Shere Bangla National Stadium,1,49.3,South Africa,Bangladesh,RJ Peterson,WD Parnell,Rubel Hossain,3,0,,,,,,,,,
433597,2010/11,2011-03-19,Shere Bangla National Stadium,1,49.4,South Africa,Bangladesh,WD Parnell,RJ Peterson,Rubel Hossain,0,0,,,,,,bowled,WD Parnell,,
433597,2010/11,2011-03-19,Shere Bangla National Stadium,1,49.5,South Africa,Bangladesh,LL Tsotsobe,RJ Peterson,Rubel Hossain,0,0,,,,,,,,,
433597,2010/11,2011-03-19,Shere Bangla National Stadium,1,49.6,South Africa,Bangladesh,LL Tsotsobe,RJ Peterson,Rubel Hossain,4,0,,,,,,,,,
433597,2010/11,2011-03-19,Shere Bangla National Stadium,2,0.1,Bangladesh,South Africa,Tamim Iqbal,Imrul Kayes,J Botha,0,0,,,,,,,,,
433597,2010/11,2011-03-19,Shere Bangla National Stadium,2,0.2,Bangladesh,South Africa,Tamim Iqbal,Imrul Kayes,J Botha,0,0,,,,,,,,,
433597,2010/11,2011-03-19,Shere Bangla National Stadium,2,0.3,Bangladesh,South Africa,Tamim Iqbal,Imrul Kayes,J Botha,4,0,,,,,,,,,
433597,2010/11,2011-03-19,Shere Bangla National Stadium,2,0.4,Bangladesh,South Africa,Tamim Iqbal,Imrul Kayes,J Botha,0,0,,,,,,,,,
433597,2010/11,2011-03-19,Shere Bangla National Stadium,2,0.5,Bangladesh,South Africa,Tamim Iqbal,Imrul Kayes,J Botha,0,0,,,,,,,,,
433597,2010/11,2011-03-19,Shere Bangla National Stadium,2,0.6,Bangladesh,South Africa,Tamim Iqbal,Imrul Kayes,J Botha,0,0,,,,,,,,,
433597,2010/11,2011-03-19,Shere Bangla National Stadium,2,1.1,Bangladesh,South Africa,Imrul Kayes,Tamim Iqbal,LL Tsotsobe,0,4,,,,4,,,,,
433597,2010/11,2011-03-19,Shere Bangla National Stadium,2,1.2,Bangladesh,South Africa,Imrul Kayes,Tamim Iqbal,LL Tsotsobe,0,0,,,,,,,,,
433597,2010/11,2011-03-19,Shere Bangla National Stadium,2,1.3,Bangladesh,South Africa,Imrul Kayes,Tamim Iqbal,LL Tsotsobe,0,0,,,,,,,,,
433597,2010/11,2011-03-19,Shere Bangla National Stadium,2,1.4,Bangladesh,South Africa,Imrul Kayes,Tamim Iqbal,LL Tsotsobe,0,1,1,,,,,,,,
433597,2010/11,2011-03-19,Shere Bangla National Stadium,2,1.5,Bangladesh,South Africa,Imrul Kayes,Tamim Iqbal,LL Tsotsobe,0,0,,,,,,,,,
433597,2010/11,2011-03-19,Shere Bangla National Stadium,2,1.6,Bangladesh,South Africa,Imrul Kayes,Tamim Iqbal,LL Tsotsobe,0,0,,,,,,,,,
433597,2010/11,2011-03-19,Shere Bangla National Stadium,2,1.7,Bangladesh,South Africa,Imrul Kayes,Tamim Iqbal,LL Tsotsobe,4,0,,,,,,,,,
433597,2010/11,2011-03-19,Shere Bangla National Stadium,2,2.1,Bangladesh,South Africa,Tamim Iqbal,Imrul Kayes,J Botha,0,0,,,,,,,,,
433597,2010/11,2011-03-19,Shere Bangla National Stadium,2,2.2,Bangladesh,South Africa,Tamim Iqbal,Imrul Kayes,J Botha,0,0,,,,,,,,,
433597,2010/11,2011-03-19,Shere Bangla National Stadium,2,2.3,Bangladesh,South Africa,Tamim Iqbal,Imrul Kayes,J Botha,0,0,,,,,,,,,
433597,2010/11,2011-03-19,Shere Bangla National Stadium,2,2.4,Bangladesh,South Africa,Tamim Iqbal,Imrul Kayes,J Botha,0,0,,,,,,,,,
433597,2010/11,2011-03-19,Shere Bangla National Stadium,2,2.5,Bangladesh,South Africa,Tamim Iqbal,Imrul Kayes,J Botha,1,0,,,,,,,,,
433597,2010/11,2011-03-19,Shere Bangla National Stadium,2,2.6,Bangladesh,South Africa,Imrul Kayes,Tamim Iqbal,J Botha,0,0,,,,,,,,,
433597,2010/11,2011-03-19,Shere Bangla National Stadium,2,3.1,Bangladesh,South Africa,Tamim Iqbal,Imrul Kayes,LL Tsotsobe,0,0,,,,,,,,,
433597,2010/11,2011-03-19,Shere Bangla National Stadium,2,3.2,Bangladesh,South Africa,Tamim Iqbal,Imrul Kayes,LL Tsotsobe,0,0,,,,,,,,,
433597,2010/11,2011-03-19,Shere Bangla National Stadium,2,3.3,Bangladesh,South Africa,Tamim Iqbal,Imrul Kayes,LL Tsotsobe,0,0,,,,,,caught,Tamim Iqbal,,
433597,2010/11,2011-03-19,Shere Bangla National Stadium,2,3.4,Bangladesh,South Africa,Junaid Siddique,Imrul Kayes,LL Tsotsobe,0,0,,,,,,,,,
433597,2010/11,2011-03-19,Shere Bangla National Stadium,2,3.5,Bangladesh,South Africa,Junaid Siddique,Imrul Kayes,LL Tsotsobe,0,0,,,,,,,,,
433597,2010/11,2011-03-19,Shere Bangla National Stadium,2,3.6,Bangladesh,South Africa,Junaid Siddique,Imrul Kayes,LL Tsotsobe,0,0,,,,,,,,,
433597,2010/11,2011-03-19,Shere Bangla National Stadium,2,4.1,Bangladesh,South Africa,Imrul Kayes,Junaid Siddique,J Botha,0,0,,,,,,,,,
433597,2010/11,2011-03-19,Shere Bangla National Stadium,2,4.2,Bangladesh,South Africa,Imrul Kayes,Junaid Siddique,J Botha,0,0,,,,,,,,,
433597,2010/11,2011-03-19,Shere Bangla National Stadium,2,4.3,Bangladesh,South Africa,Imrul Kayes,Junaid Siddique,J Botha,0,0,,,,,,,,,
433597,2010/11,2011-03-19,Shere Bangla National Stadium,2,4.4,Bangladesh,South Africa,Imrul Kayes,Junaid Siddique,J Botha,0,0,,,,,,,,,
433597,2010/11,2011-03-19,Shere Bangla National Stadium,2,4.5,Bangladesh,South Africa,Imrul Kayes,Junaid Siddique,J Botha,0,0,,,,,,,,,
433597,2010/11,2011-03-19,Shere Bangla National Stadium,2,4.6,Bangladesh,South Africa,Imrul Kayes,Junaid Siddique,J Botha,0,0,,,,,,,,,
433597,2010/11,2011-03-19,Shere Bangla National Stadium,2,5.1,Bangladesh,South Africa,Junaid Siddique,Imrul Kayes,LL Tsotsobe,0,0,,,,,,,,,
433597,2010/11,2011-03-19,Shere Bangla National Stadium,2,5.2,Bangladesh,South Africa,Junaid Siddique,Imrul Kayes,LL Tsotsobe,1,0,,,,,,,,,
433597,2010/11,2011-03-19,Shere Bangla National Stadium,2,5.3,Bangladesh,South Africa,Imrul Kayes,Junaid Siddique,LL Tsotsobe,0,0,,,,,,,,,
433597,2010/11,2011-03-19,Shere Bangla National Stadium,2,5.4,Bangladesh,South Africa,Imrul Kayes,Junaid Siddique,LL Tsotsobe,0,0,,,,,,bowled,Imrul Kayes,,
433597,2010/11,2011-03-19,Shere Bangla National Stadium,2,5.5,Bangladesh,South Africa,Shahriar Nafees,Junaid Siddique,LL Tsotsobe,0,0,,,,,,,,,
433597,2010/11,2011-03-19,Shere Bangla National Stadium,2,5.6,Bangladesh,South Africa,Shahriar Nafees,Junaid Siddique,LL Tsotsobe,0,0,,,,,,,,,
433597,2010/11,2011-03-19,Shere Bangla National Stadium,2,6.1,Bangladesh,South Africa,Junaid Siddique,Shahriar Nafees,J Botha,1,0,,,,,,,,,
433597,2010/11,2011-03-19,Shere Bangla National Stadium,2,6.2,Bangladesh,South Africa,Shahriar Nafees,Junaid Siddique,J Botha,0,0,,,,,,,,,
433597,2010/11,2011-03-19,Shere Bangla National Stadium,2,6.3,Bangladesh,South Africa,Shahriar Nafees,Junaid Siddique,J Botha,4,0,,,,,,,,,
433597,2010/11,2011-03-19,Shere Bangla National Stadium,2,6.4,Bangladesh,South Africa,Shahriar Nafees,Junaid Siddique,J Botha,0,0,,,,,,,,,
433597,2010/11,2011-03-19,Shere Bangla National Stadium,2,6.5,Bangladesh,South Africa,Shahriar Nafees,Junaid Siddique,J Botha,1,0,,,,,,,,,
433597,2010/11,2011-03-19,Shere Bangla National Stadium,2,6.6,Bangladesh,South Africa,Junaid Siddique,Shahriar Nafees,J Botha,0,0,,,,,,lbw,Junaid Siddique,,
433597,2010/11,2011-03-19,Shere Bangla National Stadium,2,7.1,Bangladesh,South Africa,Shahriar Nafees,Mushfiqur Rahim,LL Tsotsobe,0,0,,,,,,,,,
433597,2010/11,2011-03-19,Shere Bangla National Stadium,2,7.2,Bangladesh,South Africa,Shahriar Nafees,Mushfiqur Rahim,LL Tsotsobe,0,0,,,,,,,,,
433597,2010/11,2011-03-19,Shere Bangla National Stadium,2,7.3,Bangladesh,South Africa,Shahriar Nafees,Mushfiqur Rahim,LL Tsotsobe,0,0,,,,,,,,,
433597,2010/11,2011-03-19,Shere Bangla National Stadium,2,7.4,Bangladesh,South Africa,Shahriar Nafees,Mushfiqur Rahim,LL Tsotsobe,0,0,,,,,,,,,
433597,2010/11,2011-03-19,Shere Bangla National Stadium,2,7.5,Bangladesh,South Africa,Shahriar Nafees,Mushfiqur Rahim,LL Tsotsobe,0,0,,,,,,,,,
433597,2010/11,2011-03-19,Shere Bangla National Stadium,2,7.6,Bangladesh,South Africa,Shahriar Nafees,Mushfiqur Rahim,LL Tsotsobe,0,0,,,,,,bowled,Shahriar Nafees,,
433597,2010/11,2011-03-19,Shere Bangla National Stadium,2,8.1,Bangladesh,South Africa,Mushfiqur Rahim,Shakib Al Hasan,WD Parnell,0,0,,,,,,,,,
433597,2010/11,2011-03-19,Shere Bangla National Stadium,2,8.2,Bangladesh,South Africa,Mushfiqur Rahim,Shakib Al Hasan,WD Parnell,0,0,,,,,,,,,
433597,2010/11,2011-03-19,Shere Bangla National Stadium,2,8.3,Bangladesh,South Africa,Mushfiqur Rahim,Shakib Al Hasan,WD Parnell,0,0,,,,,,,,,
433597,2010/11,2011-03-19,Shere Bangla National Stadium,2,8.4,Bangladesh,South Africa,Mushfiqur Rahim,Shakib Al Hasan,WD Parnell,0,0,,,,,,,,,
433597,2010/11,2011-03-19,Shere Bangla National Stadium,2,8.5,Bangladesh,South Africa,Mushfiqur Rahim,Shakib Al Hasan,WD Parnell,0,0,,,,,,,,,
433597,2010/11,2011-03-19,Shere Bangla National Stadium,2,8.6,Bangladesh,South Africa,Mushfiqur Rahim,Shakib Al Hasan,WD Parnell,0,0,,,,,,,,,
433597,2010/11,2011-03-19,Shere Bangla National Stadium,2,9.1,Bangladesh,South Africa,Shakib Al Hasan,Mushfiqur Rahim,LL Tsotsobe,0,0,,,,,,,,,
433597,2010/11,2011-03-19,Shere Bangla National Stadium,2,9.2,Bangladesh,South Africa,Shakib Al Hasan,Mushfiqur Rahim,LL Tsotsobe,4,0,,,,,,,,,
433597,2010/11,2011-03-19,Shere Bangla National Stadium,2,9.3,Bangladesh,South Africa,Shakib Al Hasan,Mushfiqur Rahim,LL Tsotsobe,0,0,,,,,,,,,
433597,2010/11,2011-03-19,Shere Bangla National Stadium,2,9.4,Bangladesh,South Africa,Shakib Al Hasan,Mushfiqur Rahim,LL Tsotsobe,0,0,,,,,,,,,
433597,2010/11,2011-03-19,Shere Bangla National Stadium,2,9.5,Bangladesh,South Africa,Shakib Al Hasan,Mushfiqur Rahim,LL Tsotsobe,4,0,,,,,,,,,
433597,2010/11,2011-03-19,Shere Bangla National Stadium,2,9.6,Bangladesh,South Africa,Shakib Al Hasan,Mushfiqur Rahim,LL Tsotsobe,0,0,,,,,,,,,
433597,2010/11,2011-03-19,Shere Bangla National Stadium,2,10.1,Bangladesh,South Africa,Mushfiqur Rahim,Shakib Al Hasan,WD Parnell,0,0,,,,,,,,,
433597,2010/11,2011-03-19,Shere Bangla National Stadium,2,10.2,Bangladesh,South Africa,Mushfiqur Rahim,Shakib Al Hasan,WD Parnell,0,0,,,,,,,,,
433597,2010/11,2011-03-19,Shere Bangla National Stadium,2,10.3,Bangladesh,South Africa,Mushfiqur Rahim,Shakib Al Hasan,WD Parnell,1,0,,,,,,,,,
433597,2010/11,2011-03-19,Shere Bangla National Stadium,2,10.4,Bangladesh,South Africa,Shakib Al Hasan,Mushfiqur Rahim,WD Parnell,0,0,,,,,,,,,
433597,2010/11,2011-03-19,Shere Bangla National Stadium,2,10.5,Bangladesh,South Africa,Shakib Al Hasan,Mushfiqur Rahim,WD Parnell,0,0,,,,,,,,,
433597,2010/11,2011-03-19,Shere Bangla National Stadium,2,10.6,Bangladesh,South Africa,Shakib Al Hasan,Mushfiqur Rahim,WD Parnell,0,0,,,,,,,,,
433597,2010/11,2011-03-19,Shere Bangla National Stadium,2,11.1,Bangladesh,South Africa,Mushfiqur Rahim,Shakib Al Hasan,RJ Peterson,0,0,,,,,,,,,
433597,2010/11,2011-03-19,Shere Bangla National Stadium,2,11.2,Bangladesh,South Africa,Mushfiqur Rahim,Shakib Al Hasan,RJ Peterson,0,0,,,,,,,,,
433597,2010/11,2011-03-19,Shere Bangla National Stadium,2,11.3,Bangladesh,South Africa,Mushfiqur Rahim,Shakib Al Hasan,RJ Peterson,0,0,,,,,,,,,
433597,2010/11,2011-03-19,Shere Bangla National Stadium,2,11.4,Bangladesh,South Africa,Mushfiqur Rahim,Shakib Al Hasan,RJ Peterson,0,0,,,,,,,,,
433597,2010/11,2011-03-19,Shere Bangla National Stadium,2,11.5,Bangladesh,South Africa,Mushfiqur Rahim,Shakib Al Hasan,RJ Peterson,0,0,,,,,,,,,
433597,2010/11,2011-03-19,Shere Bangla National Stadium,2,11.6,Bangladesh,South Africa,Mushfiqur Rahim,Shakib Al Hasan,RJ Peterson,0,0,,,,,,,,,
433597,2010/11,2011-03-19,Shere Bangla National Stadium,2,12.1,Bangladesh,South Africa,Shakib Al Hasan,Mushfiqur Rahim,WD Parnell,0,0,,,,,,,,,
433597,2010/11,2011-03-19,Shere Bangla National Stadium,2,12.2,Bangladesh,South Africa,Shakib Al Hasan,Mushfiqur Rahim,WD Parnell,1,0,,,,,,,,,
433597,2010/11,2011-03-19,Shere Bangla National Stadium,2,12.3,Bangladesh,South Africa,Mushfiqur Rahim,Shakib Al Hasan,WD Parnell,0,1,,,,1,,,,,
433597,2010/11,2011-03-19,Shere Bangla National Stadium,2,12.4,Bangladesh,South Africa,Shakib Al Hasan,Mushfiqur Rahim,WD Parnell,0,0,,,,,,,,,
433597,2010/11,2011-03-19,Shere Bangla National Stadium,2,12.5,Bangladesh,South Africa,Shakib Al Hasan,Mushfiqur Rahim,WD Parnell,0,0,,,,,,,,,
433597,2010/11,2011-03-19,Shere Bangla National Stadium,2,12.6,Bangladesh,South Africa,Shakib Al Hasan,Mushfiqur Rahim,WD Parnell,0,0,,,,,,,,,
433597,2010/11,2011-03-19,Shere Bangla National Stadium,2,13.1,Bangladesh,South Africa,Mushfiqur Rahim,Shakib Al Hasan,RJ Peterson,0,0,,,,,,,,,
433597,2010/11,2011-03-19,Shere Bangla National Stadium,2,13.2,Bangladesh,South Africa,Mushfiqur Rahim,Shakib Al Hasan,RJ Peterson,0,0,,,,,,,,,
433597,2010/11,2011-03-19,Shere Bangla National Stadium,2,13.3,Bangladesh,South Africa,Mushfiqur Rahim,Shakib Al Hasan,RJ Peterson,1,0,,,,,,,,,
433597,2010/11,2011-03-19,Shere Bangla National Stadium,2,13.4,Bangladesh,South Africa,Shakib Al Hasan,Mushfiqur Rahim,RJ Peterson,0,0,,,,,,,,,
433597,2010/11,2011-03-19,Shere Bangla National Stadium,2,13.5,Bangladesh,South Africa,Shakib Al Hasan,Mushfiqur Rahim,RJ Peterson,0,0,,,,,,,,,
433597,2010/11,2011-03-19,Shere Bangla National Stadium,2,13.6,Bangladesh,South Africa,Shakib Al Hasan,Mushfiqur Rahim,RJ Peterson,1,0,,,,,,,,,
433597,2010/11,2011-03-19,Shere Bangla National Stadium,2,14.1,Bangladesh,South Africa,Shakib Al Hasan,Mushfiqur Rahim,WD Parnell,0,0,,,,,,,,,
433597,2010/11,2011-03-19,Shere Bangla National Stadium,2,14.2,Bangladesh,South Africa,Shakib Al Hasan,Mushfiqur Rahim,WD Parnell,1,0,,,,,,,,,
433597,2010/11,2011-03-19,Shere Bangla National Stadium,2,14.3,Bangladesh,South Africa,Mushfiqur Rahim,Shakib Al Hasan,WD Parnell,1,0,,,,,,,,,
433597,2010/11,2011-03-19,Shere Bangla National Stadium,2,14.4,Bangladesh,South Africa,Shakib Al Hasan,Mushfiqur Rahim,WD Parnell,0,0,,,,,,,,,
433597,2010/11,2011-03-19,Shere Bangla National Stadium,2,14.5,Bangladesh,South Africa,Shakib Al Hasan,Mushfiqur Rahim,WD Parnell,0,0,,,,,,,,,
433597,2010/11,2011-03-19,Shere Bangla National Stadium,2,14.6,Bangladesh,South Africa,Shakib Al Hasan,Mushfiqur Rahim,WD Parnell,0,0,,,,,,,,,
433597,2010/11,2011-03-19,Shere Bangla National Stadium,2,15.1,Bangladesh,South Africa,Mushfiqur Rahim,Shakib Al Hasan,RJ Peterson,0,0,,,,,,caught,Mushfiqur Rahim,,
433597,2010/11,2011-03-19,Shere Bangla National Stadium,2,15.2,Bangladesh,South Africa,Mahmudullah,Shakib Al Hasan,RJ Peterson,0,0,,,,,,,,,
433597,2010/11,2011-03-19,Shere Bangla National Stadium,2,15.3,Bangladesh,South Africa,Mahmudullah,Shakib Al Hasan,RJ Peterson,0,0,,,,,,,,,
433597,2010/11,2011-03-19,Shere Bangla National Stadium,2,15.4,Bangladesh,South Africa,Mahmudullah,Shakib Al Hasan,RJ Peterson,0,0,,,,,,,,,
433597,2010/11,2011-03-19,Shere Bangla National Stadium,2,15.5,Bangladesh,South Africa,Mahmudullah,Shakib Al Hasan,RJ Peterson,0,0,,,,,,,,,
433597,2010/11,2011-03-19,Shere Bangla National Stadium,2,15.6,Bangladesh,South Africa,Mahmudullah,Shakib Al Hasan,RJ Peterson,0,0,,,,,,,,,
433597,2010/11,2011-03-19,Shere Bangla National Stadium,2,16.1,Bangladesh,South Africa,Shakib Al Hasan,Mahmudullah,J Botha,0,0,,,,,,,,,
433597,2010/11,2011-03-19,Shere Bangla National Stadium,2,16.2,Bangladesh,South Africa,Shakib Al Hasan,Mahmudullah,J Botha,2,0,,,,,,,,,
433597,2010/11,2011-03-19,Shere Bangla National Stadium,2,16.3,Bangladesh,South Africa,Shakib Al Hasan,Mahmudullah,J Botha,1,0,,,,,,,,,
433597,2010/11,2011-03-19,Shere Bangla National Stadium,2,16.4,Bangladesh,South Africa,Mahmudullah,Shakib Al Hasan,J Botha,0,0,,,,,,,,,
433597,2010/11,2011-03-19,Shere Bangla National Stadium,2,16.5,Bangladesh,South Africa,Mahmudullah,Shakib Al Hasan,J Botha,1,0,,,,,,,,,
433597,2010/11,2011-03-19,Shere Bangla National Stadium,2,16.6,Bangladesh,South Africa,Shakib Al Hasan,Mahmudullah,J Botha,1,0,,,,,,,,,
433597,2010/11,2011-03-19,Shere Bangla National Stadium,2,17.1,Bangladesh,South Africa,Shakib Al Hasan,Mahmudullah,Imran Tahir,0,0,,,,,,,,,
433597,2010/11,2011-03-19,Shere Bangla National Stadium,2,17.2,Bangladesh,South Africa,Shakib Al Hasan,Mahmudullah,Imran Tahir,0,0,,,,,,,,,
433597,2010/11,2011-03-19,Shere Bangla National Stadium,2,17.3,Bangladesh,South Africa,Shakib Al Hasan,Mahmudullah,Imran Tahir,0,0,,,,,,,,,
433597,2010/11,2011-03-19,Shere Bangla National Stadium,2,17.4,Bangladesh,South Africa,Shakib Al Hasan,Mahmudullah,Imran Tahir,0,0,,,,,,,,,
433597,2010/11,2011-03-19,Shere Bangla National Stadium,2,17.5,Bangladesh,South Africa,Shakib Al Hasan,Mahmudullah,Imran Tahir,1,0,,,,,,,,,
433597,2010/11,2011-03-19,Shere Bangla National Stadium,2,17.6,Bangladesh,South Africa,Mahmudullah,Shakib Al Hasan,Imran Tahir,2,0,,,,,,,,,
433597,2010/11,2011-03-19,Shere Bangla National Stadium,2,18.1,Bangladesh,South Africa,Shakib Al Hasan,Mahmudullah,J Botha,0,0,,,,,,,,,
433597,2010/11,2011-03-19,Shere Bangla National Stadium,2,18.2,Bangladesh,South Africa,Shakib Al Hasan,Mahmudullah,J Botha,1,0,,,,,,,,,
433597,2010/11,2011-03-19,Shere Bangla National Stadium,2,18.3,Bangladesh,South Africa,Mahmudullah,Shakib Al Hasan,J Botha,0,0,,,,,,,,,
433597,2010/11,2011-03-19,Shere Bangla National Stadium,2,18.4,Bangladesh,South Africa,Mahmudullah,Shakib Al Hasan,J Botha,0,0,,,,,,,,,
433597,2010/11,2011-03-19,Shere Bangla National Stadium,2,18.5,Bangladesh,South Africa,Mahmudullah,Shakib Al Hasan,J Botha,0,0,,,,,,,,,
433597,2010/11,2011-03-19,Shere Bangla National Stadium,2,18.6,Bangladesh,South Africa,Mahmudullah,Shakib Al Hasan,J Botha,1,0,,,,,,,,,
433597,2010/11,2011-03-19,Shere Bangla National Stadium,2,19.1,Bangladesh,South Africa,Mahmudullah,Shakib Al Hasan,Imran Tahir,0,1,1,,,,,,,,
433597,2010/11,2011-03-19,Shere Bangla National Stadium,2,19.2,Bangladesh,South Africa,Mahmudullah,Shakib Al Hasan,Imran Tahir,0,0,,,,,,,,,
433597,2010/11,2011-03-19,Shere Bangla National Stadium,2,19.3,Bangladesh,South Africa,Mahmudullah,Shakib Al Hasan,Imran Tahir,1,0,,,,,,,,,
433597,2010/11,2011-03-19,Shere Bangla National Stadium,2,19.4,Bangladesh,South Africa,Shakib Al Hasan,Mahmudullah,Imran Tahir,4,0,,,,,,,,,
433597,2010/11,2011-03-19,Shere Bangla National Stadium,2,19.5,Bangladesh,South Africa,Shakib Al Hasan,Mahmudullah,Imran Tahir,1,0,,,,,,,,,
433597,2010/11,2011-03-19,Shere Bangla National Stadium,2,19.6,Bangladesh,South Africa,Mahmudullah,Shakib Al Hasan,Imran Tahir,0,0,,,,,,,,,
433597,2010/11,2011-03-19,Shere Bangla National Stadium,2,19.7,Bangladesh,South Africa,Mahmudullah,Shakib Al Hasan,Imran Tahir,0,0,,,,,,,,,
433597,2010/11,2011-03-19,Shere Bangla National Stadium,2,20.1,Bangladesh,South Africa,Shakib Al Hasan,Mahmudullah,J Botha,0,0,,,,,,,,,
433597,2010/11,2011-03-19,Shere Bangla National Stadium,2,20.2,Bangladesh,South Africa,Shakib Al Hasan,Mahmudullah,J Botha,4,0,,,,,,,,,
433597,2010/11,2011-03-19,Shere Bangla National Stadium,2,20.3,Bangladesh,South Africa,Shakib Al Hasan,Mahmudullah,J Botha,0,0,,,,,,,,,
433597,2010/11,2011-03-19,Shere Bangla National Stadium,2,20.4,Bangladesh,South Africa,Shakib Al Hasan,Mahmudullah,J Botha,0,0,,,,,,,,,
433597,2010/11,2011-03-19,Shere Bangla National Stadium,2,20.5,Bangladesh,South Africa,Shakib Al Hasan,Mahmudullah,J Botha,1,0,,,,,,,,,
433597,2010/11,2011-03-19,Shere Bangla National Stadium,2,20.6,Bangladesh,South Africa,Mahmudullah,Shakib Al Hasan,J Botha,0,0,,,,,,,,,
433597,2010/11,2011-03-19,Shere Bangla National Stadium,2,21.1,Bangladesh,South Africa,Shakib Al Hasan,Mahmudullah,RJ Peterson,0,0,,,,,,,,,
433597,2010/11,2011-03-19,Shere Bangla National Stadium,2,21.2,Bangladesh,South Africa,Shakib Al Hasan,Mahmudullah,RJ Peterson,0,0,,,,,,,,,
433597,2010/11,2011-03-19,Shere Bangla National Stadium,2,21.3,Bangladesh,South Africa,Shakib Al Hasan,Mahmudullah,RJ Peterson,0,0,,,,,,run out,Mahmudullah,,
433597,2010/11,2011-03-19,Shere Bangla National Stadium,2,21.4,Bangladesh,South Africa,Naeem Islam,Shakib Al Hasan,RJ Peterson,0,0,,,,,,,,,
433597,2010/11,2011-03-19,Shere Bangla National Stadium,2,21.5,Bangladesh,South Africa,Naeem Islam,Shakib Al Hasan,RJ Peterson,0,0,,,,,,,,,
433597,2010/11,2011-03-19,Shere Bangla National Stadium,2,21.6,Bangladesh,South Africa,Naeem Islam,Shakib Al Hasan,RJ Peterson,0,0,,,,,,,,,
433597,2010/11,2011-03-19,Shere Bangla National Stadium,2,22.1,Bangladesh,South Africa,Shakib Al Hasan,Naeem Islam,Imran Tahir,0,0,,,,,,,,,
433597,2010/11,2011-03-19,Shere Bangla National Stadium,2,22.2,Bangladesh,South Africa,Shakib Al Hasan,Naeem Islam,Imran Tahir,1,0,,,,,,,,,
433597,2010/11,2011-03-19,Shere Bangla National Stadium,2,22.3,Bangladesh,South Africa,Naeem Islam,Shakib Al Hasan,Imran Tahir,0,0,,,,,,,,,
433597,2010/11,2011-03-19,Shere Bangla National Stadium,2,22.4,Bangladesh,South Africa,Naeem Islam,Shakib Al Hasan,Imran Tahir,0,0,,,,,,,,,
433597,2010/11,2011-03-19,Shere Bangla National Stadium,2,22.5,Bangladesh,South Africa,Naeem Islam,Shakib Al Hasan,Imran Tahir,0,0,,,,,,,,,
433597,2010/11,2011-03-19,Shere Bangla National Stadium,2,22.6,Bangladesh,South Africa,Naeem Islam,Shakib Al Hasan,Imran Tahir,0,0,,,,,,,,,
433597,2010/11,2011-03-19,Shere Bangla National Stadium,2,23.1,Bangladesh,South Africa,Shakib Al Hasan,Naeem Islam,RJ Peterson,2,0,,,,,,,,,
433597,2010/11,2011-03-19,Shere Bangla National Stadium,2,23.2,Bangladesh,South Africa,Shakib Al Hasan,Naeem Islam,RJ Peterson,0,0,,,,,,,,,
433597,2010/11,2011-03-19,Shere Bangla National Stadium,2,23.3,Bangladesh,South Africa,Shakib Al Hasan,Naeem Islam,RJ Peterson,0,0,,,,,,,,,
433597,2010/11,2011-03-19,Shere Bangla National Stadium,2,23.4,Bangladesh,South Africa,Shakib Al Hasan,Naeem Islam,RJ Peterson,0,0,,,,,,caught,Shakib Al Hasan,,
433597,2010/11,2011-03-19,Shere Bangla National Stadium,2,23.5,Bangladesh,South Africa,Shafiul Islam,Naeem Islam,RJ Peterson,0,0,,,,,,,,,
433597,2010/11,2011-03-19,Shere Bangla National Stadium,2,23.6,Bangladesh,South Africa,Shafiul Islam,Naeem Islam,RJ Peterson,0,0,,,,,,bowled,Shafiul Islam,,
433597,2010/11,2011-03-19,Shere Bangla National Stadium,2,24.1,Bangladesh,South Africa,Naeem Islam,Abdur Razzak,Imran Tahir,0,0,,,,,,,,,
433597,2010/11,2011-03-19,Shere Bangla National Stadium,2,24.2,Bangladesh,South Africa,Naeem Islam,Abdur Razzak,Imran Tahir,0,0,,,,,,,,,
433597,2010/11,2011-03-19,Shere Bangla National Stadium,2,24.3,Bangladesh,South Africa,Naeem Islam,Abdur Razzak,Imran Tahir,0,0,,,,,,,,,
433597,2010/11,2011-03-19,Shere Bangla National Stadium,2,24.4,Bangladesh,South Africa,Naeem Islam,Abdur Razzak,Imran Tahir,1,0,,,,,,,,,
433597,2010/11,2011-03-19,Shere Bangla National Stadium,2,24.5,Bangladesh,South Africa,Abdur Razzak,Naeem Islam,Imran Tahir,0,0,,,,,,,,,
433597,2010/11,2011-03-19,Shere Bangla National Stadium,2,24.6,Bangladesh,South Africa,Abdur Razzak,Naeem Islam,Imran Tahir,0,0,,,,,,caught,Abdur Razzak,,
433597,2010/11,2011-03-19,Shere Bangla National Stadium,2,25.1,Bangladesh,South Africa,Rubel Hossain,Naeem Islam,RJ Peterson,0,0,,,,,,,,,
433597,2010/11,2011-03-19,Shere Bangla National Stadium,2,25.2,Bangladesh,South Africa,Rubel Hossain,Naeem Islam,RJ Peterson,0,0,,,,,,,,,
433597,2010/11,2011-03-19,Shere Bangla National Stadium,2,25.3,Bangladesh,South Africa,Rubel Hossain,Naeem Islam,RJ Peterson,0,0,,,,,,,,,
433597,2010/11,2011-03-19,Shere Bangla National Stadium,2,25.4,Bangladesh,South Africa,Rubel Hossain,Naeem Islam,RJ Peterson,0,0,,,,,,,,,
433597,2010/11,2011-03-19,Shere Bangla National Stadium,2,25.5,Bangladesh,South Africa,Rubel Hossain,Naeem Islam,RJ Peterson,0,0,,,,,,,,,
433597,2010/11,2011-03-19,Shere Bangla National Stadium,2,25.6,Bangladesh,South Africa,Rubel Hossain,Naeem Islam,RJ Peterson,4,0,,,,,,,,,
433597,2010/11,2011-03-19,Shere Bangla National Stadium,2,26.1,Bangladesh,South Africa,Naeem Islam,Rubel Hossain,Imran Tahir,0,0,,,,,,,,,
433597,2010/11,2011-03-19,Shere Bangla National Stadium,2,26.2,Bangladesh,South Africa,Naeem Islam,Rubel Hossain,Imran Tahir,2,0,,,,,,,,,
433597,2010/11,2011-03-19,Shere Bangla National Stadium,2,26.3,Bangladesh,South Africa,Naeem Islam,Rubel Hossain,Imran Tahir,0,1,1,,,,,,,,
433597,2010/11,2011-03-19,Shere Bangla National Stadium,2,26.4,Bangladesh,South Africa,Naeem Islam,Rubel Hossain,Imran Tahir,1,0,,,,,,,,,
433597,2010/11,2011-03-19,Shere Bangla National Stadium,2,26.5,Bangladesh,South Africa,Rubel Hossain,Naeem Islam,Imran Tahir,4,0,,,,,,,,,
433597,2010/11,2011-03-19,Shere Bangla National Stadium,2,26.6,Bangladesh,South Africa,Rubel Hossain,Naeem Islam,Imran Tahir,0,0,,,,,,,,,
433597,2010/11,2011-03-19,Shere Bangla National Stadium,2,26.7,Bangladesh,South Africa,Rubel Hossain,Naeem Islam,Imran Tahir,0,0,,,,,,,,,
433597,2010/11,2011-03-19,Shere Bangla National Stadium,2,27.1,Bangladesh,South Africa,Naeem Islam,Rubel Hossain,RJ Peterson,0,0,,,,,,,,,
433597,2010/11,2011-03-19,Shere Bangla National Stadium,2,27.2,Bangladesh,South Africa,Naeem Islam,Rubel Hossain,RJ Peterson,0,0,,,,,,,,,
433597,2010/11,2011-03-19,Shere Bangla National Stadium,2,27.3,Bangladesh,South Africa,Naeem Islam,Rubel Hossain,RJ Peterson,0,0,,,,,,,,,
433597,2010/11,2011-03-19,Shere Bangla National Stadium,2,27.4,Bangladesh,South Africa,Naeem Islam,Rubel Hossain,RJ Peterson,4,0,,,,,,,,,
433597,2010/11,2011-03-19,Shere Bangla National Stadium,2,27.5,Bangladesh,South Africa,Naeem Islam,Rubel Hossain,RJ Peterson,0,0,,,,,,,,,
433597,2010/11,2011-03-19,Shere Bangla National Stadium,2,27.6,Bangladesh,South Africa,Naeem Islam,Rubel Hossain,RJ Peterson,0,0,,,,,,bowled,Naeem Islam,,
