match_id,season,start_date,venue,innings,ball,batting_team,bowling_team,striker,non_striker,bowler,runs_off_bat,extras,wides,noballs,byes,legbyes,penalty,wicket_type,player_dismissed,other_wicket_type,other_player_dismissed
433564,2010/11,2011-02-24,Feroz Shah Kotla,1,0.1,West Indies,South Africa,CH Gayle,DS Smith,J Botha,0,0,,,,,,,,,
433564,2010/11,2011-02-24,Feroz Shah Kotla,1,0.2,West Indies,South Africa,CH Gayle,DS Smith,J Botha,2,0,,,,,,,,,
433564,2010/11,2011-02-24,Feroz Shah Kotla,1,0.3,West Indies,South Africa,CH Gayle,DS Smith,J Botha,0,0,,,,,,caught,CH Gayle,,
433564,2010/11,2011-02-24,Feroz Shah Kotla,1,0.4,West Indies,South Africa,DM Bravo,DS Smith,J Botha,0,0,,,,,,,,,
433564,2010/11,2011-02-24,Feroz Shah Kotla,1,0.5,West Indies,South Africa,DM Bravo,DS Smith,J Botha,0,1,1,,,,,,,,
433564,2010/11,2011-02-24,Feroz Shah Kotla,1,0.6,West Indies,South Africa,DM Bravo,DS Smith,J Botha,0,0,,,,,,,,,
433564,2010/11,2011-02-24,Feroz Shah Kotla,1,0.7,West Indies,South Africa,DM Bravo,DS Smith,J Botha,0,0,,,,,,,,,
433564,2010/11,2011-02-24,Feroz Shah Kotla,1,1.1,West Indies,South Africa,DS Smith,DM Bravo,DW Steyn,1,0,,,,,,,,,
433564,2010/11,2011-02-24,Feroz Shah Kotla,1,1.2,West Indies,South Africa,DM Bravo,DS Smith,DW Steyn,0,0,,,,,,,,,
433564,2010/11,2011-02-24,Feroz Shah Kotla,1,1.3,West Indies,South Africa,DM Bravo,DS Smith,DW Steyn,0,0,,,,,,,,,
433564,2010/11,2011-02-24,Feroz Shah Kotla,1,1.4,West Indies,South Africa,DM Bravo,DS Smith,DW Steyn,4,0,,,,,,,,,
433564,2010/11,2011-02-24,Feroz Shah Kotla,1,1.5,West Indies,South Africa,DM Bravo,DS Smith,DW Steyn,2,0,,,,,,,,,
433564,2010/11,2011-02-24,Feroz Shah Kotla,1,1.6,West Indies,South Africa,DM Bravo,DS Smith,DW Steyn,4,0,,,,,,,,,
433564,2010/11,2011-02-24,Feroz Shah Kotla,1,2.1,West Indies,South Africa,DS Smith,DM Bravo,J Botha,0,0,,,,,,,,,
433564,2010/11,2011-02-24,Feroz Shah Kotla,1,2.2,West Indies,South Africa,DS Smith,DM Bravo,J Botha,0,0,,,,,,,,,
433564,2010/11,2011-02-24,Feroz Shah Kotla,1,2.3,West Indies,South Africa,DS Smith,DM Bravo,J Botha,0,0,,,,,,,,,
433564,2010/11,2011-02-24,Feroz Shah Kotla,1,2.4,West Indies,South Africa,DS Smith,DM Bravo,J Botha,1,0,,,,,,,,,
433564,2010/11,2011-02-24,Feroz Shah Kotla,1,2.5,West Indies,South Africa,DM Bravo,DS Smith,J Botha,0,0,,,,,,,,,
433564,2010/11,2011-02-24,Feroz Shah Kotla,1,2.6,West Indies,South Africa,DM Bravo,DS Smith,J Botha,1,0,,,,,,,,,
433564,2010/11,2011-02-24,Feroz Shah Kotla,1,3.1,West Indies,South Africa,DM Bravo,DS Smith,DW Steyn,0,0,,,,,,,,,
433564,2010/11,2011-02-24,Feroz Shah Kotla,1,3.2,West Indies,South Africa,DM Bravo,DS Smith,DW Steyn,0,0,,,,,,,,,
433564,2010/11,2011-02-24,Feroz Shah Kotla,1,3.3,West Indies,South Africa,DM Bravo,DS Smith,DW Steyn,0,0,,,,,,,,,
433564,2010/11,2011-02-24,Feroz Shah Kotla,1,3.4,West Indies,South Africa,DM Bravo,DS Smith,DW Steyn,0,0,,,,,,,,,
433564,2010/11,2011-02-24,Feroz Shah Kotla,1,3.5,West Indies,South Africa,DM Bravo,DS Smith,DW Steyn,0,0,,,,,,,,,
433564,2010/11,2011-02-24,Feroz Shah Kotla,1,3.6,West Indies,South Africa,DM Bravo,DS Smith,DW Steyn,0,0,,,,,,,,,
433564,2010/11,2011-02-24,Feroz Shah Kotla,1,4.1,West Indies,South Africa,DS Smith,DM Bravo,J Botha,4,0,,,,,,,,,
433564,2010/11,2011-02-24,Feroz Shah Kotla,1,4.2,West Indies,South Africa,DS Smith,DM Bravo,J Botha,1,0,,,,,,,,,
433564,2010/11,2011-02-24,Feroz Shah Kotla,1,4.3,West Indies,South Africa,DM Bravo,DS Smith,J Botha,0,0,,,,,,,,,
433564,2010/11,2011-02-24,Feroz Shah Kotla,1,4.4,West Indies,South Africa,DM Bravo,DS Smith,J Botha,0,0,,,,,,,,,
433564,2010/11,2011-02-24,Feroz Shah Kotla,1,4.5,West Indies,South Africa,DM Bravo,DS Smith,J Botha,1,0,,,,,,,,,
433564,2010/11,2011-02-24,Feroz Shah Kotla,1,4.6,West Indies,South Africa,DS Smith,DM Bravo,J Botha,0,0,,,,,,,,,
433564,2010/11,2011-02-24,Feroz Shah Kotla,1,5.1,West Indies,South Africa,DM Bravo,DS Smith,DW Steyn,0,0,,,,,,,,,
433564,2010/11,2011-02-24,Feroz Shah Kotla,1,5.2,West Indies,South Africa,DM Bravo,DS Smith,DW Steyn,4,0,,,,,,,,,
433564,2010/11,2011-02-24,Feroz Shah Kotla,1,5.3,West Indies,South Africa,DM Bravo,DS Smith,DW Steyn,0,0,,,,,,,,,
433564,2010/11,2011-02-24,Feroz Shah Kotla,1,5.4,West Indies,South Africa,DM Bravo,DS Smith,DW Steyn,0,1,1,,,,,,,,
433564,2010/11,2011-02-24,Feroz Shah Kotla,1,5.5,West Indies,South Africa,DM Bravo,DS Smith,DW Steyn,0,0,,,,,,,,,
433564,2010/11,2011-02-24,Feroz Shah Kotla,1,5.6,West Indies,South Africa,DM Bravo,DS Smith,DW Steyn,1,0,,,,,,,,,
433564,2010/11,2011-02-24,Feroz Shah Kotla,1,5.7,West Indies,South Africa,DS Smith,DM Bravo,DW Steyn,0,0,,,,,,,,,
433564,2010/11,2011-02-24,Feroz Shah Kotla,1,6.1,West Indies,South Africa,DM Bravo,DS Smith,M Morkel,1,0,,,,,,,,,
433564,2010/11,2011-02-24,Feroz Shah Kotla,1,6.2,West Indies,South Africa,DS Smith,DM Bravo,M Morkel,0,0,,,,,,,,,
433564,2010/11,2011-02-24,Feroz Shah Kotla,1,6.3,West Indies,South Africa,DS Smith,DM Bravo,M Morkel,0,0,,,,,,,,,
433564,2010/11,2011-02-24,Feroz Shah Kotla,1,6.4,West Indies,South Africa,DS Smith,DM Bravo,M Morkel,0,0,,,,,,,,,
433564,2010/11,2011-02-24,Feroz Shah Kotla,1,6.5,West Indies,South Africa,DS Smith,DM Bravo,M Morkel,0,0,,,,,,,,,
433564,2010/11,2011-02-24,Feroz Shah Kotla,1,6.6,West Indies,South Africa,DS Smith,DM Bravo,M Morkel,0,0,,,,,,,,,
433564,2010/11,2011-02-24,Feroz Shah Kotla,1,7.1,West Indies,South Africa,DM Bravo,DS Smith,JH Kallis,4,0,,,,,,,,,
433564,2010/11,2011-02-24,Feroz Shah Kotla,1,7.2,West Indies,South Africa,DM Bravo,DS Smith,JH Kallis,0,0,,,,,,,,,
433564,2010/11,2011-02-24,Feroz Shah Kotla,1,7.3,West Indies,South Africa,DM Bravo,DS Smith,JH Kallis,4,0,,,,,,,,,
433564,2010/11,2011-02-24,Feroz Shah Kotla,1,7.4,West Indies,South Africa,DM Bravo,DS Smith,JH Kallis,2,0,,,,,,,,,
433564,2010/11,2011-02-24,Feroz Shah Kotla,1,7.5,West Indies,South Africa,DM Bravo,DS Smith,JH Kallis,0,0,,,,,,,,,
433564,2010/11,2011-02-24,Feroz Shah Kotla,1,7.6,West Indies,South Africa,DM Bravo,DS Smith,JH Kallis,0,0,,,,,,,,,
433564,2010/11,2011-02-24,Feroz Shah Kotla,1,8.1,West Indies,South Africa,DS Smith,DM Bravo,M Morkel,0,0,,,,,,,,,
433564,2010/11,2011-02-24,Feroz Shah Kotla,1,8.2,West Indies,South Africa,DS Smith,DM Bravo,M Morkel,1,0,,,,,,,,,
433564,2010/11,2011-02-24,Feroz Shah Kotla,1,8.3,West Indies,South Africa,DM Bravo,DS Smith,M Morkel,1,0,,,,,,,,,
433564,2010/11,2011-02-24,Feroz Shah Kotla,1,8.4,West Indies,South Africa,DS Smith,DM Bravo,M Morkel,0,0,,,,,,,,,
433564,2010/11,2011-02-24,Feroz Shah Kotla,1,8.5,West Indies,South Africa,DS Smith,DM Bravo,M Morkel,1,0,,,,,,,,,
433564,2010/11,2011-02-24,Feroz Shah Kotla,1,8.6,West Indies,South Africa,DM Bravo,DS Smith,M Morkel,0,0,,,,,,,,,
433564,2010/11,2011-02-24,Feroz Shah Kotla,1,9.1,West Indies,South Africa,DS Smith,DM Bravo,JH Kallis,0,0,,,,,,,,,
433564,2010/11,2011-02-24,Feroz Shah Kotla,1,9.2,West Indies,South Africa,DS Smith,DM Bravo,JH Kallis,1,0,,,,,,,,,
433564,2010/11,2011-02-24,Feroz Shah Kotla,1,9.3,West Indies,South Africa,DM Bravo,DS Smith,JH Kallis,1,0,,,,,,,,,
433564,2010/11,2011-02-24,Feroz Shah Kotla,1,9.4,West Indies,South Africa,DS Smith,DM Bravo,JH Kallis,0,0,,,,,,,,,
433564,2010/11,2011-02-24,Feroz Shah Kotla,1,9.5,West Indies,South Africa,DS Smith,DM Bravo,JH Kallis,0,0,,,,,,,,,
433564,2010/11,2011-02-24,Feroz Shah Kotla,1,9.6,West Indies,South Africa,DS Smith,DM Bravo,JH Kallis,0,0,,,,,,,,,
433564,2010/11,2011-02-24,Feroz Shah Kotla,1,10.1,West Indies,South Africa,DM Bravo,DS Smith,M Morkel,0,0,,,,,,,,,
433564,2010/11,2011-02-24,Feroz Shah Kotla,1,10.2,West Indies,South Africa,DM Bravo,DS Smith,M Morkel,0,0,,,,,,,,,
433564,2010/11,2011-02-24,Feroz Shah Kotla,1,10.3,West Indies,South Africa,DM Bravo,DS Smith,M Morkel,1,0,,,,,,,,,
433564,2010/11,2011-02-24,Feroz Shah Kotla,1,10.4,West Indies,South Africa,DS Smith,DM Bravo,M Morkel,0,0,,,,,,,,,
433564,2010/11,2011-02-24,Feroz Shah Kotla,1,10.5,West Indies,South Africa,DS Smith,DM Bravo,M Morkel,4,0,,,,,,,,,
433564,2010/11,2011-02-24,Feroz Shah Kotla,1,10.6,West Indies,South Africa,DS Smith,DM Bravo,M Morkel,0,0,,,,,,,,,
433564,2010/11,2011-02-24,Feroz Shah Kotla,1,11.1,West Indies,South Africa,DM Bravo,DS Smith,JH Kallis,1,0,,,,,,,,,
433564,2010/11,2011-02-24,Feroz Shah Kotla,1,11.2,West Indies,South Africa,DS Smith,DM Bravo,JH Kallis,1,0,,,,,,,,,
433564,2010/11,2011-02-24,Feroz Shah Kotla,1,11.3,West Indies,South Africa,DM Bravo,DS Smith,JH Kallis,4,0,,,,,,,,,
433564,2010/11,2011-02-24,Feroz Shah Kotla,1,11.4,West Indies,South Africa,DM Bravo,DS Smith,JH Kallis,1,0,,,,,,,,,
433564,2010/11,2011-02-24,Feroz Shah Kotla,1,11.5,West Indies,South Africa,DS Smith,DM Bravo,JH Kallis,1,0,,,,,,,,,
433564,2010/11,2011-02-24,Feroz Shah Kotla,1,11.6,West Indies,South Africa,DM Bravo,DS Smith,JH Kallis,1,0,,,,,,,,,
433564,2010/11,2011-02-24,Feroz Shah Kotla,1,12.1,West Indies,South Africa,DM Bravo,DS Smith,M Morkel,0,0,,,,,,,,,
433564,2010/11,2011-02-24,Feroz Shah Kotla,1,12.2,West Indies,South Africa,DM Bravo,DS Smith,M Morkel,0,0,,,,,,,,,
433564,2010/11,2011-02-24,Feroz Shah Kotla,1,12.3,West Indies,South Africa,DM Bravo,DS Smith,M Morkel,0,0,,,,,,,,,
433564,2010/11,2011-02-24,Feroz Shah Kotla,1,12.4,West Indies,South Africa,DM Bravo,DS Smith,M Morkel,0,0,,,,,,,,,
433564,2010/11,2011-02-24,Feroz Shah Kotla,1,12.5,West Indies,South Africa,DM Bravo,DS Smith,M Morkel,4,0,,,,,,,,,
433564,2010/11,2011-02-24,Feroz Shah Kotla,1,12.6,West Indies,South Africa,DM Bravo,DS Smith,M Morkel,0,0,,,,,,,,,
433564,2010/11,2011-02-24,Feroz Shah Kotla,1,13.1,West Indies,South Africa,DS Smith,DM Bravo,Imran Tahir,1,0,,,,,,,,,
433564,2010/11,2011-02-24,Feroz Shah Kotla,1,13.2,West Indies,South Africa,DM Bravo,DS Smith,Imran Tahir,0,0,,,,,,,,,
433564,2010/11,2011-02-24,Feroz Shah Kotla,1,13.3,West Indies,South Africa,DM Bravo,DS Smith,Imran Tahir,1,0,,,,,,,,,
433564,2010/11,2011-02-24,Feroz Shah Kotla,1,13.4,West Indies,South Africa,DS Smith,DM Bravo,Imran Tahir,0,0,,,,,,,,,
433564,2010/11,2011-02-24,Feroz Shah Kotla,1,13.5,West Indies,South Africa,DS Smith,DM Bravo,Imran Tahir,0,0,,,,,,,,,
433564,2010/11,2011-02-24,Feroz Shah Kotla,1,13.6,West Indies,South Africa,DS Smith,DM Bravo,Imran Tahir,0,0,,,,,,,,,
433564,2010/11,2011-02-24,Feroz Shah Kotla,1,14.1,West Indies,South Africa,DM Bravo,DS Smith,M Morkel,4,0,,,,,,,,,
433564,2010/11,2011-02-24,Feroz Shah Kotla,1,14.2,West Indies,South Africa,DM Bravo,DS Smith,M Morkel,0,1,1,,,,,,,,
433564,2010/11,2011-02-24,Feroz Shah Kotla,1,14.3,West Indies,South Africa,DM Bravo,DS Smith,M Morkel,0,0,,,,,,,,,
433564,2010/11,2011-02-24,Feroz Shah Kotla,1,14.4,West Indies,South Africa,DM Bravo,DS Smith,M Morkel,0,0,,,,,,,,,
433564,2010/11,2011-02-24,Feroz Shah Kotla,1,14.5,West Indies,South Africa,DM Bravo,DS Smith,M Morkel,1,0,,,,,,,,,
433564,2010/11,2011-02-24,Feroz Shah Kotla,1,14.6,West Indies,South Africa,DS Smith,DM Bravo,M Morkel,1,0,,,,,,,,,
433564,2010/11,2011-02-24,Feroz Shah Kotla,1,14.7,West Indies,South Africa,DM Bravo,DS Smith,M Morkel,1,0,,,,,,,,,
433564,2010/11,2011-02-24,Feroz Shah Kotla,1,15.1,West Indies,South Africa,DM Bravo,DS Smith,Imran Tahir,2,0,,,,,,,,,
433564,2010/11,2011-02-24,Feroz Shah Kotla,1,15.2,West Indies,South Africa,DM Bravo,DS Smith,Imran Tahir,2,0,,,,,,,,,
433564,2010/11,2011-02-24,Feroz Shah Kotla,1,15.3,West Indies,South Africa,DM Bravo,DS Smith,Imran Tahir,6,0,,,,,,,,,
433564,2010/11,2011-02-24,Feroz Shah Kotla,1,15.4,West Indies,South Africa,DM Bravo,DS Smith,Imran Tahir,1,0,,,,,,,,,
433564,2010/11,2011-02-24,Feroz Shah Kotla,1,15.5,West Indies,South Africa,DS Smith,DM Bravo,Imran Tahir,0,0,,,,,,,,,
433564,2010/11,2011-02-24,Feroz Shah Kotla,1,15.6,West Indies,South Africa,DS Smith,DM Bravo,Imran Tahir,0,0,,,,,,,,,
433564,2010/11,2011-02-24,Feroz Shah Kotla,1,16.1,West Indies,South Africa,DM Bravo,DS Smith,RJ Peterson,0,0,,,,,,,,,
433564,2010/11,2011-02-24,Feroz Shah Kotla,1,16.2,West Indies,South Africa,DM Bravo,DS Smith,RJ Peterson,1,0,,,,,,,,,
433564,2010/11,2011-02-24,Feroz Shah Kotla,1,16.3,West Indies,South Africa,DS Smith,DM Bravo,RJ Peterson,1,0,,,,,,,,,
433564,2010/11,2011-02-24,Feroz Shah Kotla,1,16.4,West Indies,South Africa,DM Bravo,DS Smith,RJ Peterson,0,0,,,,,,,,,
433564,2010/11,2011-02-24,Feroz Shah Kotla,1,16.5,West Indies,South Africa,DM Bravo,DS Smith,RJ Peterson,0,0,,,,,,,,,
433564,2010/11,2011-02-24,Feroz Shah Kotla,1,16.6,West Indies,South Africa,DM Bravo,DS Smith,RJ Peterson,1,0,,,,,,,,,
433564,2010/11,2011-02-24,Feroz Shah Kotla,1,17.1,West Indies,South Africa,DM Bravo,DS Smith,J Botha,0,1,1,,,,,,,,
433564,2010/11,2011-02-24,Feroz Shah Kotla,1,17.2,West Indies,South Africa,DM Bravo,DS Smith,J Botha,1,0,,,,,,,,,
433564,2010/11,2011-02-24,Feroz Shah Kotla,1,17.3,West Indies,South Africa,DS Smith,DM Bravo,J Botha,0,0,,,,,,,,,
433564,2010/11,2011-02-24,Feroz Shah Kotla,1,17.4,West Indies,South Africa,DS Smith,DM Bravo,J Botha,0,0,,,,,,,,,
433564,2010/11,2011-02-24,Feroz Shah Kotla,1,17.5,West Indies,South Africa,DS Smith,DM Bravo,J Botha,0,0,,,,,,,,,
433564,2010/11,2011-02-24,Feroz Shah Kotla,1,17.6,West Indies,South Africa,DS Smith,DM Bravo,J Botha,0,0,,,,,,,,,
433564,2010/11,2011-02-24,Feroz Shah Kotla,1,17.7,West Indies,South Africa,DS Smith,DM Bravo,J Botha,1,0,,,,,,,,,
433564,2010/11,2011-02-24,Feroz Shah Kotla,1,18.1,West Indies,South Africa,DS Smith,DM Bravo,RJ Peterson,1,0,,,,,,,,,
433564,2010/11,2011-02-24,Feroz Shah Kotla,1,18.2,West Indies,South Africa,DM Bravo,DS Smith,RJ Peterson,0,0,,,,,,,,,
433564,2010/11,2011-02-24,Feroz Shah Kotla,1,18.3,West Indies,South Africa,DM Bravo,DS Smith,RJ Peterson,1,0,,,,,,,,,
433564,2010/11,2011-02-24,Feroz Shah Kotla,1,18.4,West Indies,South Africa,DS Smith,DM Bravo,RJ Peterson,4,0,,,,,,,,,
433564,2010/11,2011-02-24,Feroz Shah Kotla,1,18.5,West Indies,South Africa,DS Smith,DM Bravo,RJ Peterson,0,0,,,,,,,,,
433564,2010/11,2011-02-24,Feroz Shah Kotla,1,18.6,West Indies,South Africa,DS Smith,DM Bravo,RJ Peterson,2,0,,,,,,,,,
433564,2010/11,2011-02-24,Feroz Shah Kotla,1,19.1,West Indies,South Africa,DM Bravo,DS Smith,J Botha,0,0,,,,,,,,,
433564,2010/11,2011-02-24,Feroz Shah Kotla,1,19.2,West Indies,South Africa,DM Bravo,DS Smith,J Botha,1,0,,,,,,,,,
433564,2010/11,2011-02-24,Feroz Shah Kotla,1,19.3,West Indies,South Africa,DS Smith,DM Bravo,J Botha,1,0,,,,,,,,,
433564,2010/11,2011-02-24,Feroz Shah Kotla,1,19.4,West Indies,South Africa,DM Bravo,DS Smith,J Botha,1,0,,,,,,,,,
433564,2010/11,2011-02-24,Feroz Shah Kotla,1,19.5,West Indies,South Africa,DS Smith,DM Bravo,J Botha,1,0,,,,,,,,,
433564,2010/11,2011-02-24,Feroz Shah Kotla,1,19.6,West Indies,South Africa,DM Bravo,DS Smith,J Botha,1,0,,,,,,,,,
433564,2010/11,2011-02-24,Feroz Shah Kotla,1,20.1,West Indies,South Africa,DM Bravo,DS Smith,RJ Peterson,0,0,,,,,,,,,
433564,2010/11,2011-02-24,Feroz Shah Kotla,1,20.2,West Indies,South Africa,DM Bravo,DS Smith,RJ Peterson,1,0,,,,,,,,,
433564,2010/11,2011-02-24,Feroz Shah Kotla,1,20.3,West Indies,South Africa,DS Smith,DM Bravo,RJ Peterson,1,0,,,,,,,,,
433564,2010/11,2011-02-24,Feroz Shah Kotla,1,20.4,West Indies,South Africa,DM Bravo,DS Smith,RJ Peterson,0,0,,,,,,,,,
433564,2010/11,2011-02-24,Feroz Shah Kotla,1,20.5,West Indies,South Africa,DM Bravo,DS Smith,RJ Peterson,0,0,,,,,,,,,
433564,2010/11,2011-02-24,Feroz Shah Kotla,1,20.6,West Indies,South Africa,DM Bravo,DS Smith,RJ Peterson,0,0,,,,,,,,,
433564,2010/11,2011-02-24,Feroz Shah Kotla,1,21.1,West Indies,South Africa,DS Smith,DM Bravo,J Botha,1,0,,,,,,,,,
433564,2010/11,2011-02-24,Feroz Shah Kotla,1,21.2,West Indies,South Africa,DM Bravo,DS Smith,J Botha,2,0,,,,,,,,,
433564,2010/11,2011-02-24,Feroz Shah Kotla,1,21.3,West Indies,South Africa,DM Bravo,DS Smith,J Botha,0,0,,,,,,,,,
433564,2010/11,2011-02-24,Feroz Shah Kotla,1,21.4,West Indies,South Africa,DM Bravo,DS Smith,J Botha,2,0,,,,,,,,,
433564,2010/11,2011-02-24,Feroz Shah Kotla,1,21.5,West Indies,South Africa,DM Bravo,DS Smith,J Botha,0,0,,,,,,,,,
433564,2010/11,2011-02-24,Feroz Shah Kotla,1,21.6,West Indies,South Africa,DM Bravo,DS Smith,J Botha,0,0,,,,,,,,,
433564,2010/11,2011-02-24,Feroz Shah Kotla,1,22.1,West Indies,South Africa,DS Smith,DM Bravo,RJ Peterson,0,0,,,,,,,,,
433564,2010/11,2011-02-24,Feroz Shah Kotla,1,22.2,West Indies,South Africa,DS Smith,DM Bravo,RJ Peterson,1,0,,,,,,,,,
433564,2010/11,2011-02-24,Feroz Shah Kotla,1,22.3,West Indies,South Africa,DM Bravo,DS Smith,RJ Peterson,1,0,,,,,,,,,
433564,2010/11,2011-02-24,Feroz Shah Kotla,1,22.4,West Indies,South Africa,DS Smith,DM Bravo,RJ Peterson,2,0,,,,,,,,,
433564,2010/11,2011-02-24,Feroz Shah Kotla,1,22.5,West Indies,South Africa,DS Smith,DM Bravo,RJ Peterson,0,0,,,,,,,,,
433564,2010/11,2011-02-24,Feroz Shah Kotla,1,22.6,West Indies,South Africa,DS Smith,DM Bravo,RJ Peterson,0,0,,,,,,,,,
433564,2010/11,2011-02-24,Feroz Shah Kotla,1,23.1,West Indies,South Africa,DM Bravo,DS Smith,J Botha,0,0,,,,,,lbw,DM Bravo,,
433564,2010/11,2011-02-24,Feroz Shah Kotla,1,23.2,West Indies,South Africa,RR Sarwan,DS Smith,J Botha,0,0,,,,,,,,,
433564,2010/11,2011-02-24,Feroz Shah Kotla,1,23.3,West Indies,South Africa,RR Sarwan,DS Smith,J Botha,1,0,,,,,,,,,
433564,2010/11,2011-02-24,Feroz Shah Kotla,1,23.4,West Indies,South Africa,DS Smith,RR Sarwan,J Botha,1,0,,,,,,,,,
433564,2010/11,2011-02-24,Feroz Shah Kotla,1,23.5,West Indies,South Africa,RR Sarwan,DS Smith,J Botha,0,0,,,,,,,,,
433564,2010/11,2011-02-24,Feroz Shah Kotla,1,23.6,West Indies,South Africa,RR Sarwan,DS Smith,J Botha,0,0,,,,,,,,,
433564,2010/11,2011-02-24,Feroz Shah Kotla,1,24.1,West Indies,South Africa,DS Smith,RR Sarwan,Imran Tahir,1,0,,,,,,,,,
433564,2010/11,2011-02-24,Feroz Shah Kotla,1,24.2,West Indies,South Africa,RR Sarwan,DS Smith,Imran Tahir,0,0,,,,,,,,,
433564,2010/11,2011-02-24,Feroz Shah Kotla,1,24.3,West Indies,South Africa,RR Sarwan,DS Smith,Imran Tahir,1,0,,,,,,,,,
433564,2010/11,2011-02-24,Feroz Shah Kotla,1,24.4,West Indies,South Africa,DS Smith,RR Sarwan,Imran Tahir,0,0,,,,,,caught and bowled,DS Smith,,
433564,2010/11,2011-02-24,Feroz Shah Kotla,1,24.5,West Indies,South Africa,S Chanderpaul,RR Sarwan,Imran Tahir,1,0,,,,,,,,,
433564,2010/11,2011-02-24,Feroz Shah Kotla,1,24.6,West Indies,South Africa,RR Sarwan,S Chanderpaul,Imran Tahir,0,0,,,,,,,,,
433564,2010/11,2011-02-24,Feroz Shah Kotla,1,25.1,West Indies,South Africa,S Chanderpaul,RR Sarwan,DW Steyn,0,0,,,,,,,,,
433564,2010/11,2011-02-24,Feroz Shah Kotla,1,25.2,West Indies,South Africa,S Chanderpaul,RR Sarwan,DW Steyn,0,0,,,,,,,,,
433564,2010/11,2011-02-24,Feroz Shah Kotla,1,25.3,West Indies,South Africa,S Chanderpaul,RR Sarwan,DW Steyn,0,0,,,,,,,,,
433564,2010/11,2011-02-24,Feroz Shah Kotla,1,25.4,West Indies,South Africa,S Chanderpaul,RR Sarwan,DW Steyn,1,0,,,,,,,,,
433564,2010/11,2011-02-24,Feroz Shah Kotla,1,25.5,West Indies,South Africa,RR Sarwan,S Chanderpaul,DW Steyn,0,0,,,,,,,,,
433564,2010/11,2011-02-24,Feroz Shah Kotla,1,25.6,West Indies,South Africa,RR Sarwan,S Chanderpaul,DW Steyn,0,1,,,,1,,,,,
433564,2010/11,2011-02-24,Feroz Shah Kotla,1,26.1,West Indies,South Africa,RR Sarwan,S Chanderpaul,Imran Tahir,0,0,,,,,,lbw,RR Sarwan,,
433564,2010/11,2011-02-24,Feroz Shah Kotla,1,26.2,West Indies,South Africa,DJ Bravo,S Chanderpaul,Imran Tahir,1,0,,,,,,,,,
433564,2010/11,2011-02-24,Feroz Shah Kotla,1,26.3,West Indies,South Africa,S Chanderpaul,DJ Bravo,Imran Tahir,1,0,,,,,,,,,
433564,2010/11,2011-02-24,Feroz Shah Kotla,1,26.4,West Indies,South Africa,DJ Bravo,S Chanderpaul,Imran Tahir,0,0,,,,,,,,,
433564,2010/11,2011-02-24,Feroz Shah Kotla,1,26.5,West Indies,South Africa,DJ Bravo,S Chanderpaul,Imran Tahir,0,0,,,,,,,,,
433564,2010/11,2011-02-24,Feroz Shah Kotla,1,26.6,West Indies,South Africa,DJ Bravo,S Chanderpaul,Imran Tahir,0,0,,,,,,,,,
433564,2010/11,2011-02-24,Feroz Shah Kotla,1,27.1,West Indies,South Africa,S Chanderpaul,DJ Bravo,DW Steyn,0,0,,,,,,,,,
433564,2010/11,2011-02-24,Feroz Shah Kotla,1,27.2,West Indies,South Africa,S Chanderpaul,DJ Bravo,DW Steyn,0,0,,,,,,,,,
433564,2010/11,2011-02-24,Feroz Shah Kotla,1,27.3,West Indies,South Africa,S Chanderpaul,DJ Bravo,DW Steyn,0,0,,,,,,,,,
433564,2010/11,2011-02-24,Feroz Shah Kotla,1,27.4,West Indies,South Africa,S Chanderpaul,DJ Bravo,DW Steyn,1,0,,,,,,,,,
433564,2010/11,2011-02-24,Feroz Shah Kotla,1,27.5,West Indies,South Africa,DJ Bravo,S Chanderpaul,DW Steyn,0,0,,,,,,,,,
433564,2010/11,2011-02-24,Feroz Shah Kotla,1,27.6,West Indies,South Africa,DJ Bravo,S Chanderpaul,DW Steyn,0,1,1,,,,,,,,
433564,2010/11,2011-02-24,Feroz Shah Kotla,1,27.7,West Indies,South Africa,DJ Bravo,S Chanderpaul,DW Steyn,0,0,,,,,,,,,
433564,2010/11,2011-02-24,Feroz Shah Kotla,1,28.1,West Indies,South Africa,S Chanderpaul,DJ Bravo,Imran Tahir,0,0,,,,,,,,,
433564,2010/11,2011-02-24,Feroz Shah Kotla,1,28.2,West Indies,South Africa,S Chanderpaul,DJ Bravo,Imran Tahir,0,0,,,,,,,,,
433564,2010/11,2011-02-24,Feroz Shah Kotla,1,28.3,West Indies,South Africa,S Chanderpaul,DJ Bravo,Imran Tahir,0,0,,,,,,,,,
433564,2010/11,2011-02-24,Feroz Shah Kotla,1,28.4,West Indies,South Africa,S Chanderpaul,DJ Bravo,Imran Tahir,1,0,,,,,,,,,
433564,2010/11,2011-02-24,Feroz Shah Kotla,1,28.5,West Indies,South Africa,DJ Bravo,S Chanderpaul,Imran Tahir,0,0,,,,,,,,,
433564,2010/11,2011-02-24,Feroz Shah Kotla,1,28.6,West Indies,South Africa,DJ Bravo,S Chanderpaul,Imran Tahir,1,0,,,,,,,,,
433564,2010/11,2011-02-24,Feroz Shah Kotla,1,29.1,West Indies,South Africa,DJ Bravo,S Chanderpaul,RJ Peterson,1,0,,,,,,,,,
433564,2010/11,2011-02-24,Feroz Shah Kotla,1,29.2,West Indies,South Africa,S Chanderpaul,DJ Bravo,RJ Peterson,0,0,,,,,,,,,
433564,2010/11,2011-02-24,Feroz Shah Kotla,1,29.3,West Indies,South Africa,S Chanderpaul,DJ Bravo,RJ Peterson,1,0,,,,,,,,,
433564,2010/11,2011-02-24,Feroz Shah Kotla,1,29.4,West Indies,South Africa,DJ Bravo,S Chanderpaul,RJ Peterson,0,0,,,,,,,,,
433564,2010/11,2011-02-24,Feroz Shah Kotla,1,29.5,West Indies,South Africa,DJ Bravo,S Chanderpaul,RJ Peterson,0,0,,,,,,,,,
433564,2010/11,2011-02-24,Feroz Shah Kotla,1,29.6,West Indies,South Africa,DJ Bravo,S Chanderpaul,RJ Peterson,0,1,,,,1,,,,,
433564,2010/11,2011-02-24,Feroz Shah Kotla,1,30.1,West Indies,South Africa,DJ Bravo,S Chanderpaul,Imran Tahir,6,0,,,,,,,,,
433564,2010/11,2011-02-24,Feroz Shah Kotla,1,30.2,West Indies,South Africa,DJ Bravo,S Chanderpaul,Imran Tahir,1,0,,,,,,,,,
433564,2010/11,2011-02-24,Feroz Shah Kotla,1,30.3,West Indies,South Africa,S Chanderpaul,DJ Bravo,Imran Tahir,1,0,,,,,,,,,
433564,2010/11,2011-02-24,Feroz Shah Kotla,1,30.4,West Indies,South Africa,DJ Bravo,S Chanderpaul,Imran Tahir,0,1,,,,1,,,,,
433564,2010/11,2011-02-24,Feroz Shah Kotla,1,30.5,West Indies,South Africa,S Chanderpaul,DJ Bravo,Imran Tahir,1,0,,,,,,,,,
433564,2010/11,2011-02-24,Feroz Shah Kotla,1,30.6,West Indies,South Africa,DJ Bravo,S Chanderpaul,Imran Tahir,1,0,,,,,,,,,
433564,2010/11,2011-02-24,Feroz Shah Kotla,1,31.1,West Indies,South Africa,DJ Bravo,S Chanderpaul,RJ Peterson,0,0,,,,,,,,,
433564,2010/11,2011-02-24,Feroz Shah Kotla,1,31.2,West Indies,South Africa,DJ Bravo,S Chanderpaul,RJ Peterson,0,0,,,,,,,,,
433564,2010/11,2011-02-24,Feroz Shah Kotla,1,31.3,West Indies,South Africa,DJ Bravo,S Chanderpaul,RJ Peterson,1,0,,,,,,,,,
433564,2010/11,2011-02-24,Feroz Shah Kotla,1,31.4,West Indies,South Africa,S Chanderpaul,DJ Bravo,RJ Peterson,0,0,,,,,,,,,
433564,2010/11,2011-02-24,Feroz Shah Kotla,1,31.5,West Indies,South Africa,S Chanderpaul,DJ Bravo,RJ Peterson,1,0,,,,,,,,,
433564,2010/11,2011-02-24,Feroz Shah Kotla,1,31.6,West Indies,South Africa,DJ Bravo,S Chanderpaul,RJ Peterson,1,0,,,,,,,,,
433564,2010/11,2011-02-24,Feroz Shah Kotla,1,32.1,West Indies,South Africa,DJ Bravo,S Chanderpaul,J Botha,6,0,,,,,,,,,
433564,2010/11,2011-02-24,Feroz Shah Kotla,1,32.2,West Indies,South Africa,DJ Bravo,S Chanderpaul,J Botha,1,0,,,,,,,,,
433564,2010/11,2011-02-24,Feroz Shah Kotla,1,32.3,West Indies,South Africa,S Chanderpaul,DJ Bravo,J Botha,0,0,,,,,,,,,
433564,2010/11,2011-02-24,Feroz Shah Kotla,1,32.4,West Indies,South Africa,S Chanderpaul,DJ Bravo,J Botha,1,0,,,,,,,,,
433564,2010/11,2011-02-24,Feroz Shah Kotla,1,32.5,West Indies,South Africa,DJ Bravo,S Chanderpaul,J Botha,0,0,,,,,,,,,
433564,2010/11,2011-02-24,Feroz Shah Kotla,1,32.6,West Indies,South Africa,DJ Bravo,S Chanderpaul,J Botha,1,0,,,,,,,,,
433564,2010/11,2011-02-24,Feroz Shah Kotla,1,33.1,West Indies,South Africa,DJ Bravo,S Chanderpaul,RJ Peterson,1,0,,,,,,,,,
433564,2010/11,2011-02-24,Feroz Shah Kotla,1,33.2,West Indies,South Africa,S Chanderpaul,DJ Bravo,RJ Peterson,0,0,,,,,,,,,
433564,2010/11,2011-02-24,Feroz Shah Kotla,1,33.3,West Indies,South Africa,S Chanderpaul,DJ Bravo,RJ Peterson,0,0,,,,,,,,,
433564,2010/11,2011-02-24,Feroz Shah Kotla,1,33.4,West Indies,South Africa,S Chanderpaul,DJ Bravo,RJ Peterson,0,0,,,,,,,,,
433564,2010/11,2011-02-24,Feroz Shah Kotla,1,33.5,West Indies,South Africa,S Chanderpaul,DJ Bravo,RJ Peterson,1,0,,,,,,,,,
433564,2010/11,2011-02-24,Feroz Shah Kotla,1,33.6,West Indies,South Africa,DJ Bravo,S Chanderpaul,RJ Peterson,2,0,,,,,,,,,
433564,2010/11,2011-02-24,Feroz Shah Kotla,1,34.1,West Indies,South Africa,S Chanderpaul,DJ Bravo,M Morkel,0,0,,,,,,,,,
433564,2010/11,2011-02-24,Feroz Shah Kotla,1,34.2,West Indies,South Africa,S Chanderpaul,DJ Bravo,M Morkel,0,0,,,,,,,,,
433564,2010/11,2011-02-24,Feroz Shah Kotla,1,34.3,West Indies,South Africa,S Chanderpaul,DJ Bravo,M Morkel,0,0,,,,,,,,,
433564,2010/11,2011-02-24,Feroz Shah Kotla,1,34.4,West Indies,South Africa,S Chanderpaul,DJ Bravo,M Morkel,1,0,,,,,,,,,
433564,2010/11,2011-02-24,Feroz Shah Kotla,1,34.5,West Indies,South Africa,DJ Bravo,S Chanderpaul,M Morkel,0,0,,,,,,,,,
433564,2010/11,2011-02-24,Feroz Shah Kotla,1,34.6,West Indies,South Africa,DJ Bravo,S Chanderpaul,M Morkel,0,0,,,,,,,,,
433564,2010/11,2011-02-24,Feroz Shah Kotla,1,35.1,West Indies,South Africa,S Chanderpaul,DJ Bravo,RJ Peterson,2,0,,,,,,,,,
433564,2010/11,2011-02-24,Feroz Shah Kotla,1,35.2,West Indies,South Africa,S Chanderpaul,DJ Bravo,RJ Peterson,0,0,,,,,,,,,
433564,2010/11,2011-02-24,Feroz Shah Kotla,1,35.3,West Indies,South Africa,S Chanderpaul,DJ Bravo,RJ Peterson,1,0,,,,,,,,,
433564,2010/11,2011-02-24,Feroz Shah Kotla,1,35.4,West Indies,South Africa,DJ Bravo,S Chanderpaul,RJ Peterson,6,0,,,,,,,,,
433564,2010/11,2011-02-24,Feroz Shah Kotla,1,35.5,West Indies,South Africa,DJ Bravo,S Chanderpaul,RJ Peterson,1,0,,,,,,,,,
433564,2010/11,2011-02-24,Feroz Shah Kotla,1,35.6,West Indies,South Africa,S Chanderpaul,DJ Bravo,RJ Peterson,0,0,,,,,,,,,
433564,2010/11,2011-02-24,Feroz Shah Kotla,1,36.1,West Indies,South Africa,DJ Bravo,S Chanderpaul,M Morkel,4,0,,,,,,,,,
433564,2010/11,2011-02-24,Feroz Shah Kotla,1,36.2,West Indies,South Africa,DJ Bravo,S Chanderpaul,M Morkel,1,0,,,,,,,,,
433564,2010/11,2011-02-24,Feroz Shah Kotla,1,36.3,West Indies,South Africa,S Chanderpaul,DJ Bravo,M Morkel,1,0,,,,,,,,,
433564,2010/11,2011-02-24,Feroz Shah Kotla,1,36.4,West Indies,South Africa,DJ Bravo,S Chanderpaul,M Morkel,0,1,1,,,,,,,,
433564,2010/11,2011-02-24,Feroz Shah Kotla,1,36.5,West Indies,South Africa,DJ Bravo,S Chanderpaul,M Morkel,1,0,,,,,,,,,
433564,2010/11,2011-02-24,Feroz Shah Kotla,1,36.6,West Indies,South Africa,S Chanderpaul,DJ Bravo,M Morkel,0,0,,,,,,,,,
433564,2010/11,2011-02-24,Feroz Shah Kotla,1,36.7,West Indies,South Africa,S Chanderpaul,DJ Bravo,M Morkel,0,0,,,,,,,,,
433564,2010/11,2011-02-24,Feroz Shah Kotla,1,37.1,West Indies,South Africa,DJ Bravo,S Chanderpaul,RJ Peterson,2,0,,,,,,,,,
433564,2010/11,2011-02-24,Feroz Shah Kotla,1,37.2,West Indies,South Africa,DJ Bravo,S Chanderpaul,RJ Peterson,0,0,,,,,,,,,
433564,2010/11,2011-02-24,Feroz Shah Kotla,1,37.3,West Indies,South Africa,DJ Bravo,S Chanderpaul,RJ Peterson,0,0,,,,,,,,,
433564,2010/11,2011-02-24,Feroz Shah Kotla,1,37.4,West Indies,South Africa,DJ Bravo,S Chanderpaul,RJ Peterson,1,0,,,,,,,,,
433564,2010/11,2011-02-24,Feroz Shah Kotla,1,37.5,West Indies,South Africa,S Chanderpaul,DJ Bravo,RJ Peterson,0,0,,,,,,run out,DJ Bravo,,
433564,2010/11,2011-02-24,Feroz Shah Kotla,1,37.6,West Indies,South Africa,DC Thomas,S Chanderpaul,RJ Peterson,1,0,,,,,,,,,
433564,2010/11,2011-02-24,Feroz Shah Kotla,1,38.1,West Indies,South Africa,DC Thomas,S Chanderpaul,Imran Tahir,0,0,,,,,,,,,
433564,2010/11,2011-02-24,Feroz Shah Kotla,1,38.2,West Indies,South Africa,DC Thomas,S Chanderpaul,Imran Tahir,0,0,,,,,,,,,
433564,2010/11,2011-02-24,Feroz Shah Kotla,1,38.3,West Indies,South Africa,DC Thomas,S Chanderpaul,Imran Tahir,0,0,,,,,,,,,
433564,2010/11,2011-02-24,Feroz Shah Kotla,1,38.4,West Indies,South Africa,DC Thomas,S Chanderpaul,Imran Tahir,1,0,,,,,,,,,
433564,2010/11,2011-02-24,Feroz Shah Kotla,1,38.5,West Indies,South Africa,S Chanderpaul,DC Thomas,Imran Tahir,0,0,,,,,,,,,
433564,2010/11,2011-02-24,Feroz Shah Kotla,1,38.6,West Indies,South Africa,S Chanderpaul,DC Thomas,Imran Tahir,1,0,,,,,,,,,
433564,2010/11,2011-02-24,Feroz Shah Kotla,1,39.1,West Indies,South Africa,S Chanderpaul,DC Thomas,RJ Peterson,1,0,,,,,,,,,
433564,2010/11,2011-02-24,Feroz Shah Kotla,1,39.2,West Indies,South Africa,DC Thomas,S Chanderpaul,RJ Peterson,0,0,,,,,,,,,
433564,2010/11,2011-02-24,Feroz Shah Kotla,1,39.3,West Indies,South Africa,DC Thomas,S Chanderpaul,RJ Peterson,1,0,,,,,,,,,
433564,2010/11,2011-02-24,Feroz Shah Kotla,1,39.4,West Indies,South Africa,S Chanderpaul,DC Thomas,RJ Peterson,6,0,,,,,,,,,
433564,2010/11,2011-02-24,Feroz Shah Kotla,1,39.5,West Indies,South Africa,S Chanderpaul,DC Thomas,RJ Peterson,1,0,,,,,,,,,
433564,2010/11,2011-02-24,Feroz Shah Kotla,1,39.6,West Indies,South Africa,DC Thomas,S Chanderpaul,RJ Peterson,0,0,,,,,,,,,
433564,2010/11,2011-02-24,Feroz Shah Kotla,1,40.1,West Indies,South Africa,S Chanderpaul,DC Thomas,Imran Tahir,0,0,,,,,,,,,
433564,2010/11,2011-02-24,Feroz Shah Kotla,1,40.2,West Indies,South Africa,S Chanderpaul,DC Thomas,Imran Tahir,0,0,,,,,,,,,
433564,2010/11,2011-02-24,Feroz Shah Kotla,1,40.3,West Indies,South Africa,S Chanderpaul,DC Thomas,Imran Tahir,1,0,,,,,,,,,
433564,2010/11,2011-02-24,Feroz Shah Kotla,1,40.4,West Indies,South Africa,DC Thomas,S Chanderpaul,Imran Tahir,1,0,,,,,,,,,
433564,2010/11,2011-02-24,Feroz Shah Kotla,1,40.5,West Indies,South Africa,S Chanderpaul,DC Thomas,Imran Tahir,0,0,,,,,,,,,
433564,2010/11,2011-02-24,Feroz Shah Kotla,1,40.6,West Indies,South Africa,S Chanderpaul,DC Thomas,Imran Tahir,0,0,,,,,,,,,
433564,2010/11,2011-02-24,Feroz Shah Kotla,1,41.1,West Indies,South Africa,DC Thomas,S Chanderpaul,J Botha,0,5,5,,,,,,,,
433564,2010/11,2011-02-24,Feroz Shah Kotla,1,41.2,West Indies,South Africa,DC Thomas,S Chanderpaul,J Botha,0,0,,,,,,,,,
433564,2010/11,2011-02-24,Feroz Shah Kotla,1,41.3,West Indies,South Africa,DC Thomas,S Chanderpaul,J Botha,2,0,,,,,,,,,
433564,2010/11,2011-02-24,Feroz Shah Kotla,1,41.4,West Indies,South Africa,DC Thomas,S Chanderpaul,J Botha,1,0,,,,,,,,,
433564,2010/11,2011-02-24,Feroz Shah Kotla,1,41.5,West Indies,South Africa,S Chanderpaul,DC Thomas,J Botha,1,0,,,,,,,,,
433564,2010/11,2011-02-24,Feroz Shah Kotla,1,41.6,West Indies,South Africa,DC Thomas,S Chanderpaul,J Botha,0,0,,,,,,,,,
433564,2010/11,2011-02-24,Feroz Shah Kotla,1,41.7,West Indies,South Africa,DC Thomas,S Chanderpaul,J Botha,4,0,,,,,,,,,
433564,2010/11,2011-02-24,Feroz Shah Kotla,1,42.1,West Indies,South Africa,S Chanderpaul,DC Thomas,Imran Tahir,4,0,,,,,,,,,
433564,2010/11,2011-02-24,Feroz Shah Kotla,1,42.2,West Indies,South Africa,S Chanderpaul,DC Thomas,Imran Tahir,0,0,,,,,,caught,S Chanderpaul,,
433564,2010/11,2011-02-24,Feroz Shah Kotla,1,42.3,West Indies,South Africa,DC Thomas,KA Pollard,Imran Tahir,2,0,,,,,,,,,
433564,2010/11,2011-02-24,Feroz Shah Kotla,1,42.4,West Indies,South Africa,DC Thomas,KA Pollard,Imran Tahir,0,0,,,,,,,,,
433564,2010/11,2011-02-24,Feroz Shah Kotla,1,42.5,West Indies,South Africa,DC Thomas,KA Pollard,Imran Tahir,0,0,,,,,,,,,
433564,2010/11,2011-02-24,Feroz Shah Kotla,1,42.6,West Indies,South Africa,DC Thomas,KA Pollard,Imran Tahir,1,0,,,,,,,,,
433564,2010/11,2011-02-24,Feroz Shah Kotla,1,43.1,West Indies,South Africa,DC Thomas,KA Pollard,DW Steyn,0,0,,,,,,,,,
433564,2010/11,2011-02-24,Feroz Shah Kotla,1,43.2,West Indies,South Africa,DC Thomas,KA Pollard,DW Steyn,1,0,,,,,,,,,
433564,2010/11,2011-02-24,Feroz Shah Kotla,1,43.3,West Indies,South Africa,KA Pollard,DC Thomas,DW Steyn,0,0,,,,,,lbw,KA Pollard,,
433564,2010/11,2011-02-24,Feroz Shah Kotla,1,43.4,West Indies,South Africa,DJG Sammy,DC Thomas,DW Steyn,0,0,,,,,,,,,
433564,2010/11,2011-02-24,Feroz Shah Kotla,1,43.5,West Indies,South Africa,DJG Sammy,DC Thomas,DW Steyn,0,0,,,,,,,,,
433564,2010/11,2011-02-24,Feroz Shah Kotla,1,43.6,West Indies,South Africa,DJG Sammy,DC Thomas,DW Steyn,0,0,,,,,,,,,
433564,2010/11,2011-02-24,Feroz Shah Kotla,1,44.1,West Indies,South Africa,DC Thomas,DJG Sammy,Imran Tahir,0,0,,,,,,,,,
433564,2010/11,2011-02-24,Feroz Shah Kotla,1,44.2,West Indies,South Africa,DC Thomas,DJG Sammy,Imran Tahir,0,0,,,,,,,,,
433564,2010/11,2011-02-24,Feroz Shah Kotla,1,44.3,West Indies,South Africa,DC Thomas,DJG Sammy,Imran Tahir,0,0,,,,,,,,,
433564,2010/11,2011-02-24,Feroz Shah Kotla,1,44.4,West Indies,South Africa,DC Thomas,DJG Sammy,Imran Tahir,0,0,,,,,,,,,
433564,2010/11,2011-02-24,Feroz Shah Kotla,1,44.5,West Indies,South Africa,DC Thomas,DJG Sammy,Imran Tahir,0,0,,,,,,,,,
433564,2010/11,2011-02-24,Feroz Shah Kotla,1,44.6,West Indies,South Africa,DC Thomas,DJG Sammy,Imran Tahir,0,0,,,,,,caught,DC Thomas,,
433564,2010/11,2011-02-24,Feroz Shah Kotla,1,45.1,West Indies,South Africa,DJG Sammy,SJ Benn,DW Steyn,0,0,,,,,,lbw,DJG Sammy,,
433564,2010/11,2011-02-24,Feroz Shah Kotla,1,45.2,West Indies,South Africa,KAJ Roach,SJ Benn,DW Steyn,0,0,,,,,,,,,
433564,2010/11,2011-02-24,Feroz Shah Kotla,1,45.3,West Indies,South Africa,KAJ Roach,SJ Benn,DW Steyn,0,0,,,,,,,,,
433564,2010/11,2011-02-24,Feroz Shah Kotla,1,45.4,West Indies,South Africa,KAJ Roach,SJ Benn,DW Steyn,0,0,,,,,,,,,
433564,2010/11,2011-02-24,Feroz Shah Kotla,1,45.5,West Indies,South Africa,KAJ Roach,SJ Benn,DW Steyn,1,0,,,,,,,,,
433564,2010/11,2011-02-24,Feroz Shah Kotla,1,45.6,West Indies,South Africa,SJ Benn,KAJ Roach,DW Steyn,0,0,,,,,,,,,
433564,2010/11,2011-02-24,Feroz Shah Kotla,1,46.1,West Indies,South Africa,KAJ Roach,SJ Benn,M Morkel,0,1,,,1,,,,,,
433564,2010/11,2011-02-24,Feroz Shah Kotla,1,46.2,West Indies,South Africa,SJ Benn,KAJ Roach,M Morkel,0,0,,,,,,,,,
433564,2010/11,2011-02-24,Feroz Shah Kotla,1,46.3,West Indies,South Africa,SJ Benn,KAJ Roach,M Morkel,4,0,,,,,,,,,
433564,2010/11,2011-02-24,Feroz Shah Kotla,1,46.4,West Indies,South Africa,SJ Benn,KAJ Roach,M Morkel,0,0,,,,,,,,,
433564,2010/11,2011-02-24,Feroz Shah Kotla,1,46.5,West Indies,South Africa,SJ Benn,KAJ Roach,M Morkel,0,0,,,,,,,,,
433564,2010/11,2011-02-24,Feroz Shah Kotla,1,46.6,West Indies,South Africa,SJ Benn,KAJ Roach,M Morkel,1,0,,,,,,,,,
433564,2010/11,2011-02-24,Feroz Shah Kotla,1,47.1,West Indies,South Africa,SJ Benn,KAJ Roach,DW Steyn,1,0,,,,,,,,,
433564,2010/11,2011-02-24,Feroz Shah Kotla,1,47.2,West Indies,South Africa,KAJ Roach,SJ Benn,DW Steyn,1,0,,,,,,,,,
433564,2010/11,2011-02-24,Feroz Shah Kotla,1,47.3,West Indies,South Africa,SJ Benn,KAJ Roach,DW Steyn,0,0,,,,,,caught,SJ Benn,,
433564,2010/11,2011-02-24,Feroz Shah Kotla,2,0.1,South Africa,West Indies,HM Amla,GC Smith,SJ Benn,0,0,,,,,,,,,
433564,2010/11,2011-02-24,Feroz Shah Kotla,2,0.2,South Africa,West Indies,HM Amla,GC Smith,SJ Benn,0,0,,,,,,,,,
433564,2010/11,2011-02-24,Feroz Shah Kotla,2,0.3,South Africa,West Indies,HM Amla,GC Smith,SJ Benn,0,0,,,,,,,,,
433564,2010/11,2011-02-24,Feroz Shah Kotla,2,0.4,South Africa,West Indies,HM Amla,GC Smith,SJ Benn,1,0,,,,,,,,,
433564,2010/11,2011-02-24,Feroz Shah Kotla,2,0.5,South Africa,West Indies,GC Smith,HM Amla,SJ Benn,0,0,,,,,,,,,
433564,2010/11,2011-02-24,Feroz Shah Kotla,2,0.6,South Africa,West Indies,GC Smith,HM Amla,SJ Benn,0,0,,,,,,,,,
433564,2010/11,2011-02-24,Feroz Shah Kotla,2,1.1,South Africa,West Indies,HM Amla,GC Smith,KAJ Roach,0,0,,,,,,,,,
433564,2010/11,2011-02-24,Feroz Shah Kotla,2,1.2,South Africa,West Indies,HM Amla,GC Smith,KAJ Roach,2,0,,,,,,,,,
433564,2010/11,2011-02-24,Feroz Shah Kotla,2,1.3,South Africa,West Indies,HM Amla,GC Smith,KAJ Roach,4,0,,,,,,,,,
433564,2010/11,2011-02-24,Feroz Shah Kotla,2,1.4,South Africa,West Indies,HM Amla,GC Smith,KAJ Roach,0,1,,,,1,,,,,
433564,2010/11,2011-02-24,Feroz Shah Kotla,2,1.5,South Africa,West Indies,GC Smith,HM Amla,KAJ Roach,0,0,,,,,,,,,
433564,2010/11,2011-02-24,Feroz Shah Kotla,2,1.6,South Africa,West Indies,GC Smith,HM Amla,KAJ Roach,0,0,,,,,,,,,
433564,2010/11,2011-02-24,Feroz Shah Kotla,2,2.1,South Africa,West Indies,HM Amla,GC Smith,SJ Benn,4,0,,,,,,,,,
433564,2010/11,2011-02-24,Feroz Shah Kotla,2,2.2,South Africa,West Indies,HM Amla,GC Smith,SJ Benn,2,0,,,,,,,,,
433564,2010/11,2011-02-24,Feroz Shah Kotla,2,2.3,South Africa,West Indies,HM Amla,GC Smith,SJ Benn,0,0,,,,,,,,,
433564,2010/11,2011-02-24,Feroz Shah Kotla,2,2.4,South Africa,West Indies,HM Amla,GC Smith,SJ Benn,1,0,,,,,,,,,
433564,2010/11,2011-02-24,Feroz Shah Kotla,2,2.5,South Africa,West Indies,GC Smith,HM Amla,SJ Benn,0,0,,,,,,,,,
433564,2010/11,2011-02-24,Feroz Shah Kotla,2,2.6,South Africa,West Indies,GC Smith,HM Amla,SJ Benn,0,0,,,,,,,,,
433564,2010/11,2011-02-24,Feroz Shah Kotla,2,3.1,South Africa,West Indies,HM Amla,GC Smith,KAJ Roach,0,0,,,,,,,,,
433564,2010/11,2011-02-24,Feroz Shah Kotla,2,3.2,South Africa,West Indies,HM Amla,GC Smith,KAJ Roach,0,0,,,,,,,,,
433564,2010/11,2011-02-24,Feroz Shah Kotla,2,3.3,South Africa,West Indies,HM Amla,GC Smith,KAJ Roach,0,0,,,,,,caught,HM Amla,,
433564,2010/11,2011-02-24,Feroz Shah Kotla,2,3.4,South Africa,West Indies,JH Kallis,GC Smith,KAJ Roach,0,0,,,,,,,,,
433564,2010/11,2011-02-24,Feroz Shah Kotla,2,3.5,South Africa,West Indies,JH Kallis,GC Smith,KAJ Roach,1,0,,,,,,,,,
433564,2010/11,2011-02-24,Feroz Shah Kotla,2,3.6,South Africa,West Indies,GC Smith,JH Kallis,KAJ Roach,0,0,,,,,,,,,
433564,2010/11,2011-02-24,Feroz Shah Kotla,2,4.1,South Africa,West Indies,JH Kallis,GC Smith,SJ Benn,0,0,,,,,,,,,
433564,2010/11,2011-02-24,Feroz Shah Kotla,2,4.2,South Africa,West Indies,JH Kallis,GC Smith,SJ Benn,2,0,,,,,,,,,
433564,2010/11,2011-02-24,Feroz Shah Kotla,2,4.3,South Africa,West Indies,JH Kallis,GC Smith,SJ Benn,0,0,,,,,,,,,
433564,2010/11,2011-02-24,Feroz Shah Kotla,2,4.4,South Africa,West Indies,JH Kallis,GC Smith,SJ Benn,1,0,,,,,,,,,
433564,2010/11,2011-02-24,Feroz Shah Kotla,2,4.5,South Africa,West Indies,GC Smith,JH Kallis,SJ Benn,1,0,,,,,,,,,
433564,2010/11,2011-02-24,Feroz Shah Kotla,2,4.6,South Africa,West Indies,JH Kallis,GC Smith,SJ Benn,0,0,,,,,,caught,JH Kallis,,
433564,2010/11,2011-02-24,Feroz Shah Kotla,2,5.1,South Africa,West Indies,GC Smith,AB de Villiers,KAJ Roach,0,0,,,,,,,,,
433564,2010/11,2011-02-24,Feroz Shah Kotla,2,5.2,South Africa,West Indies,GC Smith,AB de Villiers,KAJ Roach,4,0,,,,,,,,,
433564,2010/11,2011-02-24,Feroz Shah Kotla,2,5.3,South Africa,West Indies,GC Smith,AB de Villiers,KAJ Roach,0,0,,,,,,,,,
433564,2010/11,2011-02-24,Feroz Shah Kotla,2,5.4,South Africa,West Indies,GC Smith,AB de Villiers,KAJ Roach,0,0,,,,,,,,,
433564,2010/11,2011-02-24,Feroz Shah Kotla,2,5.5,South Africa,West Indies,GC Smith,AB de Villiers,KAJ Roach,0,0,,,,,,,,,
433564,2010/11,2011-02-24,Feroz Shah Kotla,2,5.6,South Africa,West Indies,GC Smith,AB de Villiers,KAJ Roach,1,0,,,,,,,,,
433564,2010/11,2011-02-24,Feroz Shah Kotla,2,6.1,South Africa,West Indies,GC Smith,AB de Villiers,SJ Benn,1,0,,,,,,,,,
433564,2010/11,2011-02-24,Feroz Shah Kotla,2,6.2,South Africa,West Indies,AB de Villiers,GC Smith,SJ Benn,1,0,,,,,,,,,
433564,2010/11,2011-02-24,Feroz Shah Kotla,2,6.3,South Africa,West Indies,GC Smith,AB de Villiers,SJ Benn,0,0,,,,,,,,,
433564,2010/11,2011-02-24,Feroz Shah Kotla,2,6.4,South Africa,West Indies,GC Smith,AB de Villiers,SJ Benn,0,0,,,,,,,,,
433564,2010/11,2011-02-24,Feroz Shah Kotla,2,6.5,South Africa,West Indies,GC Smith,AB de Villiers,SJ Benn,0,0,,,,,,,,,
433564,2010/11,2011-02-24,Feroz Shah Kotla,2,6.6,South Africa,West Indies,GC Smith,AB de Villiers,SJ Benn,0,0,,,,,,,,,
433564,2010/11,2011-02-24,Feroz Shah Kotla,2,7.1,South Africa,West Indies,AB de Villiers,GC Smith,KAJ Roach,4,0,,,,,,,,,
433564,2010/11,2011-02-24,Feroz Shah Kotla,2,7.2,South Africa,West Indies,AB de Villiers,GC Smith,KAJ Roach,0,0,,,,,,,,,
433564,2010/11,2011-02-24,Feroz Shah Kotla,2,7.3,South Africa,West Indies,AB de Villiers,GC Smith,KAJ Roach,4,0,,,,,,,,,
433564,2010/11,2011-02-24,Feroz Shah Kotla,2,7.4,South Africa,West Indies,AB de Villiers,GC Smith,KAJ Roach,0,0,,,,,,,,,
433564,2010/11,2011-02-24,Feroz Shah Kotla,2,7.5,South Africa,West Indies,AB de Villiers,GC Smith,KAJ Roach,4,0,,,,,,,,,
433564,2010/11,2011-02-24,Feroz Shah Kotla,2,7.6,South Africa,West Indies,AB de Villiers,GC Smith,KAJ Roach,1,0,,,,,,,,,
433564,2010/11,2011-02-24,Feroz Shah Kotla,2,8.1,South Africa,West Indies,AB de Villiers,GC Smith,SJ Benn,0,0,,,,,,,,,
433564,2010/11,2011-02-24,Feroz Shah Kotla,2,8.2,South Africa,West Indies,AB de Villiers,GC Smith,SJ Benn,2,0,,,,,,,,,
433564,2010/11,2011-02-24,Feroz Shah Kotla,2,8.3,South Africa,West Indies,AB de Villiers,GC Smith,SJ Benn,1,0,,,,,,,,,
433564,2010/11,2011-02-24,Feroz Shah Kotla,2,8.4,South Africa,West Indies,GC Smith,AB de Villiers,SJ Benn,1,0,,,,,,,,,
433564,2010/11,2011-02-24,Feroz Shah Kotla,2,8.5,South Africa,West Indies,AB de Villiers,GC Smith,SJ Benn,0,0,,,,,,,,,
433564,2010/11,2011-02-24,Feroz Shah Kotla,2,8.6,South Africa,West Indies,AB de Villiers,GC Smith,SJ Benn,1,0,,,,,,,,,
433564,2010/11,2011-02-24,Feroz Shah Kotla,2,9.1,South Africa,West Indies,AB de Villiers,GC Smith,DJ Bravo,0,0,,,,,,,,,
433564,2010/11,2011-02-24,Feroz Shah Kotla,2,9.2,South Africa,West Indies,AB de Villiers,GC Smith,DJ Bravo,0,0,,,,,,,,,
433564,2010/11,2011-02-24,Feroz Shah Kotla,2,9.3,South Africa,West Indies,AB de Villiers,GC Smith,DJ Bravo,4,0,,,,,,,,,
433564,2010/11,2011-02-24,Feroz Shah Kotla,2,9.4,South Africa,West Indies,AB de Villiers,GC Smith,DJ Bravo,0,0,,,,,,,,,
433564,2010/11,2011-02-24,Feroz Shah Kotla,2,9.5,South Africa,West Indies,AB de Villiers,GC Smith,DJ Bravo,0,0,,,,,,,,,
433564,2010/11,2011-02-24,Feroz Shah Kotla,2,9.6,South Africa,West Indies,AB de Villiers,GC Smith,DJ Bravo,0,0,,,,,,,,,
433564,2010/11,2011-02-24,Feroz Shah Kotla,2,10.1,South Africa,West Indies,GC Smith,AB de Villiers,DJG Sammy,1,0,,,,,,,,,
433564,2010/11,2011-02-24,Feroz Shah Kotla,2,10.2,South Africa,West Indies,AB de Villiers,GC Smith,DJG Sammy,1,0,,,,,,,,,
433564,2010/11,2011-02-24,Feroz Shah Kotla,2,10.3,South Africa,West Indies,GC Smith,AB de Villiers,DJG Sammy,0,0,,,,,,,,,
433564,2010/11,2011-02-24,Feroz Shah Kotla,2,10.4,South Africa,West Indies,GC Smith,AB de Villiers,DJG Sammy,1,0,,,,,,,,,
433564,2010/11,2011-02-24,Feroz Shah Kotla,2,10.5,South Africa,West Indies,AB de Villiers,GC Smith,DJG Sammy,1,0,,,,,,,,,
433564,2010/11,2011-02-24,Feroz Shah Kotla,2,10.6,South Africa,West Indies,GC Smith,AB de Villiers,DJG Sammy,1,0,,,,,,,,,
433564,2010/11,2011-02-24,Feroz Shah Kotla,2,11.1,South Africa,West Indies,GC Smith,AB de Villiers,DJ Bravo,1,0,,,,,,,,,
433564,2010/11,2011-02-24,Feroz Shah Kotla,2,11.2,South Africa,West Indies,AB de Villiers,GC Smith,DJ Bravo,0,0,,,,,,,,,
433564,2010/11,2011-02-24,Feroz Shah Kotla,2,11.3,South Africa,West Indies,AB de Villiers,GC Smith,DJ Bravo,1,0,,,,,,,,,
433564,2010/11,2011-02-24,Feroz Shah Kotla,2,11.4,South Africa,West Indies,GC Smith,AB de Villiers,DJ Bravo,4,0,,,,,,,,,
433564,2010/11,2011-02-24,Feroz Shah Kotla,2,11.5,South Africa,West Indies,GC Smith,AB de Villiers,DJ Bravo,1,0,,,,,,,,,
433564,2010/11,2011-02-24,Feroz Shah Kotla,2,11.6,South Africa,West Indies,AB de Villiers,GC Smith,DJ Bravo,1,0,,,,,,,,,
433564,2010/11,2011-02-24,Feroz Shah Kotla,2,12.1,South Africa,West Indies,AB de Villiers,GC Smith,DJG Sammy,0,0,,,,,,,,,
433564,2010/11,2011-02-24,Feroz Shah Kotla,2,12.2,South Africa,West Indies,AB de Villiers,GC Smith,DJG Sammy,2,0,,,,,,,,,
433564,2010/11,2011-02-24,Feroz Shah Kotla,2,12.3,South Africa,West Indies,AB de Villiers,GC Smith,DJG Sammy,0,0,,,,,,,,,
433564,2010/11,2011-02-24,Feroz Shah Kotla,2,12.4,South Africa,West Indies,AB de Villiers,GC Smith,DJG Sammy,2,0,,,,,,,,,
433564,2010/11,2011-02-24,Feroz Shah Kotla,2,12.5,South Africa,West Indies,AB de Villiers,GC Smith,DJG Sammy,0,0,,,,,,,,,
433564,2010/11,2011-02-24,Feroz Shah Kotla,2,12.6,South Africa,West Indies,AB de Villiers,GC Smith,DJG Sammy,0,0,,,,,,,,,
433564,2010/11,2011-02-24,Feroz Shah Kotla,2,13.1,South Africa,West Indies,GC Smith,AB de Villiers,DJ Bravo,0,0,,,,,,,,,
433564,2010/11,2011-02-24,Feroz Shah Kotla,2,13.2,South Africa,West Indies,GC Smith,AB de Villiers,KA Pollard,1,0,,,,,,,,,
433564,2010/11,2011-02-24,Feroz Shah Kotla,2,13.3,South Africa,West Indies,AB de Villiers,GC Smith,KA Pollard,0,0,,,,,,,,,
433564,2010/11,2011-02-24,Feroz Shah Kotla,2,13.4,South Africa,West Indies,AB de Villiers,GC Smith,KA Pollard,1,0,,,,,,,,,
433564,2010/11,2011-02-24,Feroz Shah Kotla,2,13.5,South Africa,West Indies,GC Smith,AB de Villiers,KA Pollard,1,0,,,,,,,,,
433564,2010/11,2011-02-24,Feroz Shah Kotla,2,13.6,South Africa,West Indies,AB de Villiers,GC Smith,KA Pollard,0,0,,,,,,,,,
433564,2010/11,2011-02-24,Feroz Shah Kotla,2,14.1,South Africa,West Indies,GC Smith,AB de Villiers,DJG Sammy,2,0,,,,,,,,,
433564,2010/11,2011-02-24,Feroz Shah Kotla,2,14.2,South Africa,West Indies,GC Smith,AB de Villiers,DJG Sammy,0,0,,,,,,,,,
433564,2010/11,2011-02-24,Feroz Shah Kotla,2,14.3,South Africa,West Indies,GC Smith,AB de Villiers,DJG Sammy,1,0,,,,,,,,,
433564,2010/11,2011-02-24,Feroz Shah Kotla,2,14.4,South Africa,West Indies,AB de Villiers,GC Smith,DJG Sammy,1,0,,,,,,,,,
433564,2010/11,2011-02-24,Feroz Shah Kotla,2,14.5,South Africa,West Indies,GC Smith,AB de Villiers,DJG Sammy,0,0,,,,,,,,,
433564,2010/11,2011-02-24,Feroz Shah Kotla,2,14.6,South Africa,West Indies,GC Smith,AB de Villiers,DJG Sammy,0,0,,,,,,,,,
433564,2010/11,2011-02-24,Feroz Shah Kotla,2,15.1,South Africa,West Indies,AB de Villiers,GC Smith,CH Gayle,1,0,,,,,,,,,
433564,2010/11,2011-02-24,Feroz Shah Kotla,2,15.2,South Africa,West Indies,GC Smith,AB de Villiers,CH Gayle,0,0,,,,,,,,,
433564,2010/11,2011-02-24,Feroz Shah Kotla,2,15.3,South Africa,West Indies,GC Smith,AB de Villiers,CH Gayle,0,0,,,,,,,,,
433564,2010/11,2011-02-24,Feroz Shah Kotla,2,15.4,South Africa,West Indies,GC Smith,AB de Villiers,CH Gayle,0,0,,,,,,,,,
433564,2010/11,2011-02-24,Feroz Shah Kotla,2,15.5,South Africa,West Indies,GC Smith,AB de Villiers,CH Gayle,1,0,,,,,,,,,
433564,2010/11,2011-02-24,Feroz Shah Kotla,2,15.6,South Africa,West Indies,AB de Villiers,GC Smith,CH Gayle,0,0,,,,,,,,,
433564,2010/11,2011-02-24,Feroz Shah Kotla,2,16.1,South Africa,West Indies,GC Smith,AB de Villiers,DJG Sammy,1,0,,,,,,,,,
433564,2010/11,2011-02-24,Feroz Shah Kotla,2,16.2,South Africa,West Indies,AB de Villiers,GC Smith,DJG Sammy,2,0,,,,,,,,,
433564,2010/11,2011-02-24,Feroz Shah Kotla,2,16.3,South Africa,West Indies,AB de Villiers,GC Smith,DJG Sammy,1,0,,,,,,,,,
433564,2010/11,2011-02-24,Feroz Shah Kotla,2,16.4,South Africa,West Indies,GC Smith,AB de Villiers,DJG Sammy,0,0,,,,,,,,,
433564,2010/11,2011-02-24,Feroz Shah Kotla,2,16.5,South Africa,West Indies,GC Smith,AB de Villiers,DJG Sammy,1,0,,,,,,,,,
433564,2010/11,2011-02-24,Feroz Shah Kotla,2,16.6,South Africa,West Indies,AB de Villiers,GC Smith,DJG Sammy,1,0,,,,,,,,,
433564,2010/11,2011-02-24,Feroz Shah Kotla,2,17.1,South Africa,West Indies,AB de Villiers,GC Smith,CH Gayle,0,0,,,,,,,,,
433564,2010/11,2011-02-24,Feroz Shah Kotla,2,17.2,South Africa,West Indies,AB de Villiers,GC Smith,CH Gayle,1,0,,,,,,,,,
433564,2010/11,2011-02-24,Feroz Shah Kotla,2,17.3,South Africa,West Indies,GC Smith,AB de Villiers,CH Gayle,0,0,,,,,,,,,
433564,2010/11,2011-02-24,Feroz Shah Kotla,2,17.4,South Africa,West Indies,GC Smith,AB de Villiers,CH Gayle,1,0,,,,,,,,,
433564,2010/11,2011-02-24,Feroz Shah Kotla,2,17.5,South Africa,West Indies,AB de Villiers,GC Smith,CH Gayle,1,0,,,,,,,,,
433564,2010/11,2011-02-24,Feroz Shah Kotla,2,17.6,South Africa,West Indies,GC Smith,AB de Villiers,CH Gayle,0,0,,,,,,,,,
433564,2010/11,2011-02-24,Feroz Shah Kotla,2,18.1,South Africa,West Indies,AB de Villiers,GC Smith,DJG Sammy,4,0,,,,,,,,,
433564,2010/11,2011-02-24,Feroz Shah Kotla,2,18.2,South Africa,West Indies,AB de Villiers,GC Smith,DJG Sammy,0,0,,,,,,,,,
433564,2010/11,2011-02-24,Feroz Shah Kotla,2,18.3,South Africa,West Indies,AB de Villiers,GC Smith,DJG Sammy,0,0,,,,,,,,,
433564,2010/11,2011-02-24,Feroz Shah Kotla,2,18.4,South Africa,West Indies,AB de Villiers,GC Smith,DJG Sammy,0,0,,,,,,,,,
433564,2010/11,2011-02-24,Feroz Shah Kotla,2,18.5,South Africa,West Indies,AB de Villiers,GC Smith,DJG Sammy,1,0,,,,,,,,,
433564,2010/11,2011-02-24,Feroz Shah Kotla,2,18.6,South Africa,West Indies,GC Smith,AB de Villiers,DJG Sammy,1,0,,,,,,,,,
433564,2010/11,2011-02-24,Feroz Shah Kotla,2,19.1,South Africa,West Indies,GC Smith,AB de Villiers,CH Gayle,1,0,,,,,,,,,
433564,2010/11,2011-02-24,Feroz Shah Kotla,2,19.2,South Africa,West Indies,AB de Villiers,GC Smith,CH Gayle,1,0,,,,,,,,,
433564,2010/11,2011-02-24,Feroz Shah Kotla,2,19.3,South Africa,West Indies,GC Smith,AB de Villiers,CH Gayle,0,0,,,,,,,,,
433564,2010/11,2011-02-24,Feroz Shah Kotla,2,19.4,South Africa,West Indies,GC Smith,AB de Villiers,CH Gayle,1,0,,,,,,,,,
433564,2010/11,2011-02-24,Feroz Shah Kotla,2,19.5,South Africa,West Indies,AB de Villiers,GC Smith,CH Gayle,1,0,,,,,,,,,
433564,2010/11,2011-02-24,Feroz Shah Kotla,2,19.6,South Africa,West Indies,GC Smith,AB de Villiers,CH Gayle,0,0,,,,,,,,,
433564,2010/11,2011-02-24,Feroz Shah Kotla,2,20.1,South Africa,West Indies,AB de Villiers,GC Smith,KA Pollard,1,0,,,,,,,,,
433564,2010/11,2011-02-24,Feroz Shah Kotla,2,20.2,South Africa,West Indies,GC Smith,AB de Villiers,KA Pollard,0,0,,,,,,,,,
433564,2010/11,2011-02-24,Feroz Shah Kotla,2,20.3,South Africa,West Indies,GC Smith,AB de Villiers,KA Pollard,0,0,,,,,,,,,
433564,2010/11,2011-02-24,Feroz Shah Kotla,2,20.4,South Africa,West Indies,GC Smith,AB de Villiers,KA Pollard,0,0,,,,,,,,,
433564,2010/11,2011-02-24,Feroz Shah Kotla,2,20.5,South Africa,West Indies,GC Smith,AB de Villiers,KA Pollard,1,0,,,,,,,,,
433564,2010/11,2011-02-24,Feroz Shah Kotla,2,20.6,South Africa,West Indies,AB de Villiers,GC Smith,KA Pollard,0,0,,,,,,,,,
433564,2010/11,2011-02-24,Feroz Shah Kotla,2,21.1,South Africa,West Indies,GC Smith,AB de Villiers,CH Gayle,1,0,,,,,,,,,
433564,2010/11,2011-02-24,Feroz Shah Kotla,2,21.2,South Africa,West Indies,AB de Villiers,GC Smith,CH Gayle,0,0,,,,,,,,,
433564,2010/11,2011-02-24,Feroz Shah Kotla,2,21.3,South Africa,West Indies,AB de Villiers,GC Smith,CH Gayle,1,0,,,,,,,,,
433564,2010/11,2011-02-24,Feroz Shah Kotla,2,21.4,South Africa,West Indies,GC Smith,AB de Villiers,CH Gayle,1,0,,,,,,,,,
433564,2010/11,2011-02-24,Feroz Shah Kotla,2,21.5,South Africa,West Indies,AB de Villiers,GC Smith,CH Gayle,0,0,,,,,,,,,
433564,2010/11,2011-02-24,Feroz Shah Kotla,2,21.6,South Africa,West Indies,AB de Villiers,GC Smith,CH Gayle,6,0,,,,,,,,,
433564,2010/11,2011-02-24,Feroz Shah Kotla,2,22.1,South Africa,West Indies,GC Smith,AB de Villiers,KA Pollard,0,0,,,,,,,,,
433564,2010/11,2011-02-24,Feroz Shah Kotla,2,22.2,South Africa,West Indies,GC Smith,AB de Villiers,KA Pollard,1,0,,,,,,,,,
433564,2010/11,2011-02-24,Feroz Shah Kotla,2,22.3,South Africa,West Indies,AB de Villiers,GC Smith,KA Pollard,1,0,,,,,,,,,
433564,2010/11,2011-02-24,Feroz Shah Kotla,2,22.4,South Africa,West Indies,GC Smith,AB de Villiers,KA Pollard,2,0,,,,,,,,,
433564,2010/11,2011-02-24,Feroz Shah Kotla,2,22.5,South Africa,West Indies,GC Smith,AB de Villiers,KA Pollard,1,0,,,,,,,,,
433564,2010/11,2011-02-24,Feroz Shah Kotla,2,22.6,South Africa,West Indies,AB de Villiers,GC Smith,KA Pollard,4,0,,,,,,,,,
433564,2010/11,2011-02-24,Feroz Shah Kotla,2,23.1,South Africa,West Indies,GC Smith,AB de Villiers,KAJ Roach,0,0,,,,,,,,,
433564,2010/11,2011-02-24,Feroz Shah Kotla,2,23.2,South Africa,West Indies,GC Smith,AB de Villiers,KAJ Roach,0,0,,,,,,,,,
433564,2010/11,2011-02-24,Feroz Shah Kotla,2,23.3,South Africa,West Indies,GC Smith,AB de Villiers,KAJ Roach,2,0,,,,,,,,,
433564,2010/11,2011-02-24,Feroz Shah Kotla,2,23.4,South Africa,West Indies,GC Smith,AB de Villiers,KAJ Roach,1,0,,,,,,,,,
433564,2010/11,2011-02-24,Feroz Shah Kotla,2,23.5,South Africa,West Indies,AB de Villiers,GC Smith,KAJ Roach,0,0,,,,,,,,,
433564,2010/11,2011-02-24,Feroz Shah Kotla,2,23.6,South Africa,West Indies,AB de Villiers,GC Smith,KAJ Roach,0,0,,,,,,,,,
433564,2010/11,2011-02-24,Feroz Shah Kotla,2,24.1,South Africa,West Indies,GC Smith,AB de Villiers,KA Pollard,1,0,,,,,,,,,
433564,2010/11,2011-02-24,Feroz Shah Kotla,2,24.2,South Africa,West Indies,AB de Villiers,GC Smith,KA Pollard,0,0,,,,,,,,,
433564,2010/11,2011-02-24,Feroz Shah Kotla,2,24.3,South Africa,West Indies,AB de Villiers,GC Smith,KA Pollard,1,0,,,,,,,,,
433564,2010/11,2011-02-24,Feroz Shah Kotla,2,24.4,South Africa,West Indies,GC Smith,AB de Villiers,KA Pollard,1,0,,,,,,,,,
433564,2010/11,2011-02-24,Feroz Shah Kotla,2,24.5,South Africa,West Indies,AB de Villiers,GC Smith,KA Pollard,1,0,,,,,,,,,
433564,2010/11,2011-02-24,Feroz Shah Kotla,2,24.6,South Africa,West Indies,GC Smith,AB de Villiers,KA Pollard,0,0,,,,,,,,,
433564,2010/11,2011-02-24,Feroz Shah Kotla,2,25.1,South Africa,West Indies,AB de Villiers,GC Smith,KAJ Roach,0,0,,,,,,,,,
433564,2010/11,2011-02-24,Feroz Shah Kotla,2,25.2,South Africa,West Indies,AB de Villiers,GC Smith,KAJ Roach,1,0,,,,,,,,,
433564,2010/11,2011-02-24,Feroz Shah Kotla,2,25.3,South Africa,West Indies,GC Smith,AB de Villiers,KAJ Roach,0,0,,,,,,,,,
433564,2010/11,2011-02-24,Feroz Shah Kotla,2,25.4,South Africa,West Indies,GC Smith,AB de Villiers,KAJ Roach,0,0,,,,,,,,,
433564,2010/11,2011-02-24,Feroz Shah Kotla,2,25.5,South Africa,West Indies,GC Smith,AB de Villiers,KAJ Roach,0,0,,,,,,,,,
433564,2010/11,2011-02-24,Feroz Shah Kotla,2,25.6,South Africa,West Indies,GC Smith,AB de Villiers,KAJ Roach,2,0,,,,,,,,,
433564,2010/11,2011-02-24,Feroz Shah Kotla,2,26.1,South Africa,West Indies,AB de Villiers,GC Smith,KA Pollard,0,0,,,,,,,,,
433564,2010/11,2011-02-24,Feroz Shah Kotla,2,26.2,South Africa,West Indies,AB de Villiers,GC Smith,KA Pollard,0,0,,,,,,,,,
433564,2010/11,2011-02-24,Feroz Shah Kotla,2,26.3,South Africa,West Indies,AB de Villiers,GC Smith,KA Pollard,1,0,,,,,,,,,
433564,2010/11,2011-02-24,Feroz Shah Kotla,2,26.4,South Africa,West Indies,GC Smith,AB de Villiers,KA Pollard,0,0,,,,,,,,,
433564,2010/11,2011-02-24,Feroz Shah Kotla,2,26.5,South Africa,West Indies,GC Smith,AB de Villiers,KA Pollard,0,0,,,,,,,,,
433564,2010/11,2011-02-24,Feroz Shah Kotla,2,26.6,South Africa,West Indies,GC Smith,AB de Villiers,KA Pollard,1,0,,,,,,,,,
433564,2010/11,2011-02-24,Feroz Shah Kotla,2,27.1,South Africa,West Indies,GC Smith,AB de Villiers,SJ Benn,1,0,,,,,,,,,
433564,2010/11,2011-02-24,Feroz Shah Kotla,2,27.2,South Africa,West Indies,AB de Villiers,GC Smith,SJ Benn,0,0,,,,,,,,,
433564,2010/11,2011-02-24,Feroz Shah Kotla,2,27.3,South Africa,West Indies,AB de Villiers,GC Smith,SJ Benn,4,0,,,,,,,,,
433564,2010/11,2011-02-24,Feroz Shah Kotla,2,27.4,South Africa,West Indies,AB de Villiers,GC Smith,SJ Benn,6,0,,,,,,,,,
433564,2010/11,2011-02-24,Feroz Shah Kotla,2,27.5,South Africa,West Indies,AB de Villiers,GC Smith,SJ Benn,1,0,,,,,,,,,
433564,2010/11,2011-02-24,Feroz Shah Kotla,2,27.6,South Africa,West Indies,GC Smith,AB de Villiers,SJ Benn,0,0,,,,,,,,,
433564,2010/11,2011-02-24,Feroz Shah Kotla,2,28.1,South Africa,West Indies,AB de Villiers,GC Smith,KA Pollard,1,0,,,,,,,,,
433564,2010/11,2011-02-24,Feroz Shah Kotla,2,28.2,South Africa,West Indies,GC Smith,AB de Villiers,KA Pollard,0,0,,,,,,,,,
433564,2010/11,2011-02-24,Feroz Shah Kotla,2,28.3,South Africa,West Indies,GC Smith,AB de Villiers,KA Pollard,0,0,,,,,,bowled,GC Smith,,
433564,2010/11,2011-02-24,Feroz Shah Kotla,2,28.4,South Africa,West Indies,JP Duminy,AB de Villiers,KA Pollard,0,0,,,,,,,,,
433564,2010/11,2011-02-24,Feroz Shah Kotla,2,28.5,South Africa,West Indies,JP Duminy,AB de Villiers,KA Pollard,1,0,,,,,,,,,
433564,2010/11,2011-02-24,Feroz Shah Kotla,2,28.6,South Africa,West Indies,AB de Villiers,JP Duminy,KA Pollard,0,0,,,,,,,,,
433564,2010/11,2011-02-24,Feroz Shah Kotla,2,29.1,South Africa,West Indies,JP Duminy,AB de Villiers,KAJ Roach,1,0,,,,,,,,,
433564,2010/11,2011-02-24,Feroz Shah Kotla,2,29.2,South Africa,West Indies,AB de Villiers,JP Duminy,KAJ Roach,4,0,,,,,,,,,
433564,2010/11,2011-02-24,Feroz Shah Kotla,2,29.3,South Africa,West Indies,AB de Villiers,JP Duminy,KAJ Roach,1,0,,,,,,,,,
433564,2010/11,2011-02-24,Feroz Shah Kotla,2,29.4,South Africa,West Indies,JP Duminy,AB de Villiers,KAJ Roach,0,0,,,,,,,,,
433564,2010/11,2011-02-24,Feroz Shah Kotla,2,29.5,South Africa,West Indies,JP Duminy,AB de Villiers,KAJ Roach,0,0,,,,,,,,,
433564,2010/11,2011-02-24,Feroz Shah Kotla,2,29.6,South Africa,West Indies,JP Duminy,AB de Villiers,KAJ Roach,1,0,,,,,,,,,
433564,2010/11,2011-02-24,Feroz Shah Kotla,2,30.1,South Africa,West Indies,JP Duminy,AB de Villiers,KA Pollard,4,0,,,,,,,,,
433564,2010/11,2011-02-24,Feroz Shah Kotla,2,30.2,South Africa,West Indies,JP Duminy,AB de Villiers,KA Pollard,0,0,,,,,,,,,
433564,2010/11,2011-02-24,Feroz Shah Kotla,2,30.3,South Africa,West Indies,JP Duminy,AB de Villiers,KA Pollard,2,0,,,,,,,,,
433564,2010/11,2011-02-24,Feroz Shah Kotla,2,30.4,South Africa,West Indies,JP Duminy,AB de Villiers,KA Pollard,1,0,,,,,,,,,
433564,2010/11,2011-02-24,Feroz Shah Kotla,2,30.5,South Africa,West Indies,AB de Villiers,JP Duminy,KA Pollard,0,1,,1,,,,,,,
433564,2010/11,2011-02-24,Feroz Shah Kotla,2,30.6,South Africa,West Indies,AB de Villiers,JP Duminy,KA Pollard,1,0,,,,,,,,,
433564,2010/11,2011-02-24,Feroz Shah Kotla,2,30.7,South Africa,West Indies,JP Duminy,AB de Villiers,KA Pollard,1,0,,,,,,,,,
433564,2010/11,2011-02-24,Feroz Shah Kotla,2,31.1,South Africa,West Indies,JP Duminy,AB de Villiers,KAJ Roach,1,0,,,,,,,,,
433564,2010/11,2011-02-24,Feroz Shah Kotla,2,31.2,South Africa,West Indies,AB de Villiers,JP Duminy,KAJ Roach,1,0,,,,,,,,,
433564,2010/11,2011-02-24,Feroz Shah Kotla,2,31.3,South Africa,West Indies,JP Duminy,AB de Villiers,KAJ Roach,0,4,,,,4,,,,,
433564,2010/11,2011-02-24,Feroz Shah Kotla,2,31.4,South Africa,West Indies,JP Duminy,AB de Villiers,KAJ Roach,1,0,,,,,,,,,
433564,2010/11,2011-02-24,Feroz Shah Kotla,2,31.5,South Africa,West Indies,AB de Villiers,JP Duminy,KAJ Roach,1,0,,,,,,,,,
433564,2010/11,2011-02-24,Feroz Shah Kotla,2,31.6,South Africa,West Indies,JP Duminy,AB de Villiers,KAJ Roach,0,1,,,,1,,,,,
433564,2010/11,2011-02-24,Feroz Shah Kotla,2,32.1,South Africa,West Indies,JP Duminy,AB de Villiers,SJ Benn,2,0,,,,,,,,,
433564,2010/11,2011-02-24,Feroz Shah Kotla,2,32.2,South Africa,West Indies,JP Duminy,AB de Villiers,SJ Benn,1,0,,,,,,,,,
433564,2010/11,2011-02-24,Feroz Shah Kotla,2,32.3,South Africa,West Indies,AB de Villiers,JP Duminy,SJ Benn,1,0,,,,,,,,,
433564,2010/11,2011-02-24,Feroz Shah Kotla,2,32.4,South Africa,West Indies,JP Duminy,AB de Villiers,SJ Benn,2,0,,,,,,,,,
433564,2010/11,2011-02-24,Feroz Shah Kotla,2,32.5,South Africa,West Indies,JP Duminy,AB de Villiers,SJ Benn,1,0,,,,,,,,,
433564,2010/11,2011-02-24,Feroz Shah Kotla,2,32.6,South Africa,West Indies,AB de Villiers,JP Duminy,SJ Benn,0,0,,,,,,,,,
433564,2010/11,2011-02-24,Feroz Shah Kotla,2,33.1,South Africa,West Indies,JP Duminy,AB de Villiers,DJG Sammy,0,0,,,,,,,,,
433564,2010/11,2011-02-24,Feroz Shah Kotla,2,33.2,South Africa,West Indies,JP Duminy,AB de Villiers,DJG Sammy,0,0,,,,,,,,,
433564,2010/11,2011-02-24,Feroz Shah Kotla,2,33.3,South Africa,West Indies,JP Duminy,AB de Villiers,DJG Sammy,1,0,,,,,,,,,
433564,2010/11,2011-02-24,Feroz Shah Kotla,2,33.4,South Africa,West Indies,AB de Villiers,JP Duminy,DJG Sammy,0,4,,,,4,,,,,
433564,2010/11,2011-02-24,Feroz Shah Kotla,2,33.5,South Africa,West Indies,AB de Villiers,JP Duminy,DJG Sammy,2,0,,,,,,,,,
433564,2010/11,2011-02-24,Feroz Shah Kotla,2,33.6,South Africa,West Indies,AB de Villiers,JP Duminy,DJG Sammy,1,0,,,,,,,,,
433564,2010/11,2011-02-24,Feroz Shah Kotla,2,34.1,South Africa,West Indies,AB de Villiers,JP Duminy,SJ Benn,0,0,,,,,,,,,
433564,2010/11,2011-02-24,Feroz Shah Kotla,2,34.2,South Africa,West Indies,AB de Villiers,JP Duminy,SJ Benn,1,0,,,,,,,,,
433564,2010/11,2011-02-24,Feroz Shah Kotla,2,34.3,South Africa,West Indies,JP Duminy,AB de Villiers,SJ Benn,1,0,,,,,,,,,
433564,2010/11,2011-02-24,Feroz Shah Kotla,2,34.4,South Africa,West Indies,AB de Villiers,JP Duminy,SJ Benn,0,0,,,,,,,,,
433564,2010/11,2011-02-24,Feroz Shah Kotla,2,34.5,South Africa,West Indies,AB de Villiers,JP Duminy,SJ Benn,1,0,,,,,,,,,
433564,2010/11,2011-02-24,Feroz Shah Kotla,2,34.6,South Africa,West Indies,JP Duminy,AB de Villiers,SJ Benn,1,0,,,,,,,,,
433564,2010/11,2011-02-24,Feroz Shah Kotla,2,35.1,South Africa,West Indies,JP Duminy,AB de Villiers,DJG Sammy,1,0,,,,,,,,,
433564,2010/11,2011-02-24,Feroz Shah Kotla,2,35.2,South Africa,West Indies,AB de Villiers,JP Duminy,DJG Sammy,2,0,,,,,,,,,
433564,2010/11,2011-02-24,Feroz Shah Kotla,2,35.3,South Africa,West Indies,AB de Villiers,JP Duminy,DJG Sammy,1,0,,,,,,,,,
433564,2010/11,2011-02-24,Feroz Shah Kotla,2,35.4,South Africa,West Indies,JP Duminy,AB de Villiers,DJG Sammy,1,0,,,,,,,,,
433564,2010/11,2011-02-24,Feroz Shah Kotla,2,35.5,South Africa,West Indies,AB de Villiers,JP Duminy,DJG Sammy,1,0,,,,,,,,,
433564,2010/11,2011-02-24,Feroz Shah Kotla,2,35.6,South Africa,West Indies,JP Duminy,AB de Villiers,DJG Sammy,2,0,,,,,,,,,
433564,2010/11,2011-02-24,Feroz Shah Kotla,2,36.1,South Africa,West Indies,AB de Villiers,JP Duminy,SJ Benn,1,0,,,,,,,,,
433564,2010/11,2011-02-24,Feroz Shah Kotla,2,36.2,South Africa,West Indies,JP Duminy,AB de Villiers,SJ Benn,0,0,,,,,,,,,
433564,2010/11,2011-02-24,Feroz Shah Kotla,2,36.3,South Africa,West Indies,JP Duminy,AB de Villiers,SJ Benn,1,0,,,,,,,,,
433564,2010/11,2011-02-24,Feroz Shah Kotla,2,36.4,South Africa,West Indies,AB de Villiers,JP Duminy,SJ Benn,1,0,,,,,,,,,
433564,2010/11,2011-02-24,Feroz Shah Kotla,2,36.5,South Africa,West Indies,JP Duminy,AB de Villiers,SJ Benn,0,0,,,,,,,,,
433564,2010/11,2011-02-24,Feroz Shah Kotla,2,36.6,South Africa,West Indies,JP Duminy,AB de Villiers,SJ Benn,0,0,,,,,,,,,
433564,2010/11,2011-02-24,Feroz Shah Kotla,2,37.1,South Africa,West Indies,AB de Villiers,JP Duminy,DJG Sammy,1,0,,,,,,,,,
433564,2010/11,2011-02-24,Feroz Shah Kotla,2,37.2,South Africa,West Indies,JP Duminy,AB de Villiers,DJG Sammy,0,0,,,,,,,,,
433564,2010/11,2011-02-24,Feroz Shah Kotla,2,37.3,South Africa,West Indies,JP Duminy,AB de Villiers,DJG Sammy,0,0,,,,,,,,,
433564,2010/11,2011-02-24,Feroz Shah Kotla,2,37.4,South Africa,West Indies,JP Duminy,AB de Villiers,DJG Sammy,0,0,,,,,,,,,
433564,2010/11,2011-02-24,Feroz Shah Kotla,2,37.5,South Africa,West Indies,JP Duminy,AB de Villiers,DJG Sammy,1,0,,,,,,,,,
433564,2010/11,2011-02-24,Feroz Shah Kotla,2,37.6,South Africa,West Indies,AB de Villiers,JP Duminy,DJG Sammy,1,0,,,,,,,,,
433564,2010/11,2011-02-24,Feroz Shah Kotla,2,38.1,South Africa,West Indies,AB de Villiers,JP Duminy,SJ Benn,1,0,,,,,,,,,
433564,2010/11,2011-02-24,Feroz Shah Kotla,2,38.2,South Africa,West Indies,JP Duminy,AB de Villiers,SJ Benn,1,0,,,,,,,,,
433564,2010/11,2011-02-24,Feroz Shah Kotla,2,38.3,South Africa,West Indies,AB de Villiers,JP Duminy,SJ Benn,1,0,,,,,,,,,
433564,2010/11,2011-02-24,Feroz Shah Kotla,2,38.4,South Africa,West Indies,JP Duminy,AB de Villiers,SJ Benn,1,0,,,,,,,,,
433564,2010/11,2011-02-24,Feroz Shah Kotla,2,38.5,South Africa,West Indies,AB de Villiers,JP Duminy,SJ Benn,1,0,,,,,,,,,
433564,2010/11,2011-02-24,Feroz Shah Kotla,2,38.6,South Africa,West Indies,JP Duminy,AB de Villiers,SJ Benn,1,0,,,,,,,,,
433564,2010/11,2011-02-24,Feroz Shah Kotla,2,39.1,South Africa,West Indies,JP Duminy,AB de Villiers,CH Gayle,0,0,,,,,,,,,
433564,2010/11,2011-02-24,Feroz Shah Kotla,2,39.2,South Africa,West Indies,JP Duminy,AB de Villiers,CH Gayle,1,0,,,,,,,,,
433564,2010/11,2011-02-24,Feroz Shah Kotla,2,39.3,South Africa,West Indies,AB de Villiers,JP Duminy,CH Gayle,1,0,,,,,,,,,
433564,2010/11,2011-02-24,Feroz Shah Kotla,2,39.4,South Africa,West Indies,JP Duminy,AB de Villiers,CH Gayle,1,0,,,,,,,,,
433564,2010/11,2011-02-24,Feroz Shah Kotla,2,39.5,South Africa,West Indies,AB de Villiers,JP Duminy,CH Gayle,0,0,,,,,,,,,
433564,2010/11,2011-02-24,Feroz Shah Kotla,2,39.6,South Africa,West Indies,AB de Villiers,JP Duminy,CH Gayle,0,0,,,,,,,,,
433564,2010/11,2011-02-24,Feroz Shah Kotla,2,40.1,South Africa,West Indies,JP Duminy,AB de Villiers,KA Pollard,1,0,,,,,,,,,
433564,2010/11,2011-02-24,Feroz Shah Kotla,2,40.2,South Africa,West Indies,AB de Villiers,JP Duminy,KA Pollard,1,0,,,,,,,,,
433564,2010/11,2011-02-24,Feroz Shah Kotla,2,40.3,South Africa,West Indies,JP Duminy,AB de Villiers,KA Pollard,0,0,,,,,,,,,
433564,2010/11,2011-02-24,Feroz Shah Kotla,2,40.4,South Africa,West Indies,JP Duminy,AB de Villiers,KA Pollard,1,0,,,,,,,,,
433564,2010/11,2011-02-24,Feroz Shah Kotla,2,40.5,South Africa,West Indies,AB de Villiers,JP Duminy,KA Pollard,1,0,,,,,,,,,
433564,2010/11,2011-02-24,Feroz Shah Kotla,2,40.6,South Africa,West Indies,JP Duminy,AB de Villiers,KA Pollard,1,0,,,,,,,,,
433564,2010/11,2011-02-24,Feroz Shah Kotla,2,41.1,South Africa,West Indies,JP Duminy,AB de Villiers,CH Gayle,0,0,,,,,,,,,
433564,2010/11,2011-02-24,Feroz Shah Kotla,2,41.2,South Africa,West Indies,JP Duminy,AB de Villiers,CH Gayle,0,0,,,,,,,,,
433564,2010/11,2011-02-24,Feroz Shah Kotla,2,41.3,South Africa,West Indies,JP Duminy,AB de Villiers,CH Gayle,1,0,,,,,,,,,
433564,2010/11,2011-02-24,Feroz Shah Kotla,2,41.4,South Africa,West Indies,AB de Villiers,JP Duminy,CH Gayle,1,0,,,,,,,,,
433564,2010/11,2011-02-24,Feroz Shah Kotla,2,41.5,South Africa,West Indies,JP Duminy,AB de Villiers,CH Gayle,2,0,,,,,,,,,
433564,2010/11,2011-02-24,Feroz Shah Kotla,2,41.6,South Africa,West Indies,JP Duminy,AB de Villiers,CH Gayle,1,0,,,,,,,,,
433564,2010/11,2011-02-24,Feroz Shah Kotla,2,42.1,South Africa,West Indies,JP Duminy,AB de Villiers,DS Smith,1,0,,,,,,,,,
433564,2010/11,2011-02-24,Feroz Shah Kotla,2,42.2,South Africa,West Indies,AB de Villiers,JP Duminy,DS Smith,2,0,,,,,,,,,
433564,2010/11,2011-02-24,Feroz Shah Kotla,2,42.3,South Africa,West Indies,AB de Villiers,JP Duminy,DS Smith,1,0,,,,,,,,,
433564,2010/11,2011-02-24,Feroz Shah Kotla,2,42.4,South Africa,West Indies,JP Duminy,AB de Villiers,DS Smith,0,0,,,,,,,,,
433564,2010/11,2011-02-24,Feroz Shah Kotla,2,42.5,South Africa,West Indies,JP Duminy,AB de Villiers,DS Smith,1,0,,,,,,,,,
