match_id,season,start_date,venue,innings,ball,batting_team,bowling_team,striker,non_striker,bowler,runs_off_bat,extras,wides,noballs,byes,legbyes,penalty,wicket_type,player_dismissed,other_wicket_type,other_player_dismissed
433589,2010/11,2011-03-14,Pallekele International Cricket Stadium,1,0.1,Zimbabwe,Pakistan,BRM Taylor,RW Chakabva,Abdul Razzaq,0,0,,,,,,,,,
433589,2010/11,2011-03-14,Pallekele International Cricket Stadium,1,0.2,Zimbabwe,Pakistan,BRM Taylor,RW Chakabva,Abdul Razzaq,0,1,1,,,,,,,,
433589,2010/11,2011-03-14,Pallekele International Cricket Stadium,1,0.3,Zimbabwe,Pakistan,BRM Taylor,RW Chakabva,Abdul Razzaq,0,0,,,,,,,,,
433589,2010/11,2011-03-14,Pallekele International Cricket Stadium,1,0.4,Zimbabwe,Pakistan,BRM Taylor,RW Chakabva,Abdul Razzaq,4,0,,,,,,,,,
433589,2010/11,2011-03-14,Pallekele International Cricket Stadium,1,0.5,Zimbabwe,Pakistan,BRM Taylor,RW Chakabva,Abdul Razzaq,0,0,,,,,,,,,
433589,2010/11,2011-03-14,Pallekele International Cricket Stadium,1,0.6,Zimbabwe,Pakistan,BRM Taylor,RW Chakabva,Abdul Razzaq,0,0,,,,,,caught,BRM Taylor,,
433589,2010/11,2011-03-14,Pallekele International Cricket Stadium,1,0.7,Zimbabwe,Pakistan,T Taibu,RW Chakabva,Abdul Razzaq,0,0,,,,,,,,,
433589,2010/11,2011-03-14,Pallekele International Cricket Stadium,1,1.1,Zimbabwe,Pakistan,RW Chakabva,T Taibu,Umar Gul,0,0,,,,,,,,,
433589,2010/11,2011-03-14,Pallekele International Cricket Stadium,1,1.2,Zimbabwe,Pakistan,RW Chakabva,T Taibu,Umar Gul,0,0,,,,,,,,,
433589,2010/11,2011-03-14,Pallekele International Cricket Stadium,1,1.3,Zimbabwe,Pakistan,RW Chakabva,T Taibu,Umar Gul,0,0,,,,,,,,,
433589,2010/11,2011-03-14,Pallekele International Cricket Stadium,1,1.4,Zimbabwe,Pakistan,RW Chakabva,T Taibu,Umar Gul,0,0,,,,,,,,,
433589,2010/11,2011-03-14,Pallekele International Cricket Stadium,1,1.5,Zimbabwe,Pakistan,RW Chakabva,T Taibu,Umar Gul,0,0,,,,,,,,,
433589,2010/11,2011-03-14,Pallekele International Cricket Stadium,1,1.6,Zimbabwe,Pakistan,RW Chakabva,T Taibu,Umar Gul,0,0,,,,,,lbw,RW Chakabva,,
433589,2010/11,2011-03-14,Pallekele International Cricket Stadium,1,2.1,Zimbabwe,Pakistan,T Taibu,V Sibanda,Abdul Razzaq,3,0,,,,,,,,,
433589,2010/11,2011-03-14,Pallekele International Cricket Stadium,1,2.2,Zimbabwe,Pakistan,V Sibanda,T Taibu,Abdul Razzaq,0,0,,,,,,,,,
433589,2010/11,2011-03-14,Pallekele International Cricket Stadium,1,2.3,Zimbabwe,Pakistan,V Sibanda,T Taibu,Abdul Razzaq,0,0,,,,,,,,,
433589,2010/11,2011-03-14,Pallekele International Cricket Stadium,1,2.4,Zimbabwe,Pakistan,V Sibanda,T Taibu,Abdul Razzaq,1,0,,,,,,,,,
433589,2010/11,2011-03-14,Pallekele International Cricket Stadium,1,2.5,Zimbabwe,Pakistan,T Taibu,V Sibanda,Abdul Razzaq,0,0,,,,,,,,,
433589,2010/11,2011-03-14,Pallekele International Cricket Stadium,1,2.6,Zimbabwe,Pakistan,T Taibu,V Sibanda,Abdul Razzaq,0,0,,,,,,,,,
433589,2010/11,2011-03-14,Pallekele International Cricket Stadium,1,3.1,Zimbabwe,Pakistan,V Sibanda,T Taibu,Umar Gul,0,0,,,,,,,,,
433589,2010/11,2011-03-14,Pallekele International Cricket Stadium,1,3.2,Zimbabwe,Pakistan,V Sibanda,T Taibu,Umar Gul,0,0,,,,,,,,,
433589,2010/11,2011-03-14,Pallekele International Cricket Stadium,1,3.3,Zimbabwe,Pakistan,V Sibanda,T Taibu,Umar Gul,4,0,,,,,,,,,
433589,2010/11,2011-03-14,Pallekele International Cricket Stadium,1,3.4,Zimbabwe,Pakistan,V Sibanda,T Taibu,Umar Gul,0,0,,,,,,,,,
433589,2010/11,2011-03-14,Pallekele International Cricket Stadium,1,3.5,Zimbabwe,Pakistan,V Sibanda,T Taibu,Umar Gul,0,0,,,,,,,,,
433589,2010/11,2011-03-14,Pallekele International Cricket Stadium,1,3.6,Zimbabwe,Pakistan,V Sibanda,T Taibu,Umar Gul,0,0,,,,,,,,,
433589,2010/11,2011-03-14,Pallekele International Cricket Stadium,1,4.1,Zimbabwe,Pakistan,T Taibu,V Sibanda,Abdul Razzaq,0,0,,,,,,,,,
433589,2010/11,2011-03-14,Pallekele International Cricket Stadium,1,4.2,Zimbabwe,Pakistan,T Taibu,V Sibanda,Abdul Razzaq,0,0,,,,,,,,,
433589,2010/11,2011-03-14,Pallekele International Cricket Stadium,1,4.3,Zimbabwe,Pakistan,T Taibu,V Sibanda,Abdul Razzaq,0,0,,,,,,,,,
433589,2010/11,2011-03-14,Pallekele International Cricket Stadium,1,4.4,Zimbabwe,Pakistan,T Taibu,V Sibanda,Abdul Razzaq,0,0,,,,,,,,,
433589,2010/11,2011-03-14,Pallekele International Cricket Stadium,1,4.5,Zimbabwe,Pakistan,T Taibu,V Sibanda,Abdul Razzaq,0,0,,,,,,,,,
433589,2010/11,2011-03-14,Pallekele International Cricket Stadium,1,4.6,Zimbabwe,Pakistan,T Taibu,V Sibanda,Abdul Razzaq,0,0,,,,,,,,,
433589,2010/11,2011-03-14,Pallekele International Cricket Stadium,1,5.1,Zimbabwe,Pakistan,V Sibanda,T Taibu,Umar Gul,0,0,,,,,,,,,
433589,2010/11,2011-03-14,Pallekele International Cricket Stadium,1,5.2,Zimbabwe,Pakistan,V Sibanda,T Taibu,Umar Gul,0,0,,,,,,caught,V Sibanda,,
433589,2010/11,2011-03-14,Pallekele International Cricket Stadium,1,5.3,Zimbabwe,Pakistan,CR Ervine,T Taibu,Umar Gul,0,0,,,,,,,,,
433589,2010/11,2011-03-14,Pallekele International Cricket Stadium,1,5.4,Zimbabwe,Pakistan,CR Ervine,T Taibu,Umar Gul,4,0,,,,,,,,,
433589,2010/11,2011-03-14,Pallekele International Cricket Stadium,1,5.5,Zimbabwe,Pakistan,CR Ervine,T Taibu,Umar Gul,0,0,,,,,,,,,
433589,2010/11,2011-03-14,Pallekele International Cricket Stadium,1,5.6,Zimbabwe,Pakistan,CR Ervine,T Taibu,Umar Gul,0,0,,,,,,,,,
433589,2010/11,2011-03-14,Pallekele International Cricket Stadium,1,6.1,Zimbabwe,Pakistan,T Taibu,CR Ervine,Abdul Razzaq,1,0,,,,,,,,,
433589,2010/11,2011-03-14,Pallekele International Cricket Stadium,1,6.2,Zimbabwe,Pakistan,CR Ervine,T Taibu,Abdul Razzaq,0,0,,,,,,,,,
433589,2010/11,2011-03-14,Pallekele International Cricket Stadium,1,6.3,Zimbabwe,Pakistan,CR Ervine,T Taibu,Abdul Razzaq,0,0,,,,,,,,,
433589,2010/11,2011-03-14,Pallekele International Cricket Stadium,1,6.4,Zimbabwe,Pakistan,CR Ervine,T Taibu,Abdul Razzaq,1,0,,,,,,,,,
433589,2010/11,2011-03-14,Pallekele International Cricket Stadium,1,6.5,Zimbabwe,Pakistan,T Taibu,CR Ervine,Abdul Razzaq,1,0,,,,,,,,,
433589,2010/11,2011-03-14,Pallekele International Cricket Stadium,1,6.6,Zimbabwe,Pakistan,CR Ervine,T Taibu,Abdul Razzaq,0,0,,,,,,,,,
433589,2010/11,2011-03-14,Pallekele International Cricket Stadium,1,7.1,Zimbabwe,Pakistan,T Taibu,CR Ervine,Umar Gul,0,0,,,,,,,,,
433589,2010/11,2011-03-14,Pallekele International Cricket Stadium,1,7.2,Zimbabwe,Pakistan,T Taibu,CR Ervine,Umar Gul,0,0,,,,,,,,,
433589,2010/11,2011-03-14,Pallekele International Cricket Stadium,1,7.3,Zimbabwe,Pakistan,T Taibu,CR Ervine,Umar Gul,0,0,,,,,,,,,
433589,2010/11,2011-03-14,Pallekele International Cricket Stadium,1,7.4,Zimbabwe,Pakistan,T Taibu,CR Ervine,Umar Gul,4,0,,,,,,,,,
433589,2010/11,2011-03-14,Pallekele International Cricket Stadium,1,7.5,Zimbabwe,Pakistan,T Taibu,CR Ervine,Umar Gul,0,0,,,,,,,,,
433589,2010/11,2011-03-14,Pallekele International Cricket Stadium,1,7.6,Zimbabwe,Pakistan,T Taibu,CR Ervine,Umar Gul,1,0,,,,,,,,,
433589,2010/11,2011-03-14,Pallekele International Cricket Stadium,1,8.1,Zimbabwe,Pakistan,T Taibu,CR Ervine,Wahab Riaz,1,0,,,,,,,,,
433589,2010/11,2011-03-14,Pallekele International Cricket Stadium,1,8.2,Zimbabwe,Pakistan,CR Ervine,T Taibu,Wahab Riaz,0,0,,,,,,,,,
433589,2010/11,2011-03-14,Pallekele International Cricket Stadium,1,8.3,Zimbabwe,Pakistan,CR Ervine,T Taibu,Wahab Riaz,0,0,,,,,,,,,
433589,2010/11,2011-03-14,Pallekele International Cricket Stadium,1,8.4,Zimbabwe,Pakistan,CR Ervine,T Taibu,Wahab Riaz,0,0,,,,,,,,,
433589,2010/11,2011-03-14,Pallekele International Cricket Stadium,1,8.5,Zimbabwe,Pakistan,CR Ervine,T Taibu,Wahab Riaz,0,0,,,,,,,,,
433589,2010/11,2011-03-14,Pallekele International Cricket Stadium,1,8.6,Zimbabwe,Pakistan,CR Ervine,T Taibu,Wahab Riaz,3,0,,,,,,,,,
433589,2010/11,2011-03-14,Pallekele International Cricket Stadium,1,9.1,Zimbabwe,Pakistan,CR Ervine,T Taibu,Abdul Razzaq,1,0,,,,,,,,,
433589,2010/11,2011-03-14,Pallekele International Cricket Stadium,1,9.2,Zimbabwe,Pakistan,T Taibu,CR Ervine,Abdul Razzaq,1,0,,,,,,,,,
433589,2010/11,2011-03-14,Pallekele International Cricket Stadium,1,9.3,Zimbabwe,Pakistan,CR Ervine,T Taibu,Abdul Razzaq,0,0,,,,,,,,,
433589,2010/11,2011-03-14,Pallekele International Cricket Stadium,1,9.4,Zimbabwe,Pakistan,CR Ervine,T Taibu,Abdul Razzaq,0,0,,,,,,,,,
433589,2010/11,2011-03-14,Pallekele International Cricket Stadium,1,9.5,Zimbabwe,Pakistan,CR Ervine,T Taibu,Abdul Razzaq,0,0,,,,,,,,,
433589,2010/11,2011-03-14,Pallekele International Cricket Stadium,1,9.6,Zimbabwe,Pakistan,CR Ervine,T Taibu,Abdul Razzaq,4,0,,,,,,,,,
433589,2010/11,2011-03-14,Pallekele International Cricket Stadium,1,10.1,Zimbabwe,Pakistan,T Taibu,CR Ervine,Wahab Riaz,0,0,,,,,,,,,
433589,2010/11,2011-03-14,Pallekele International Cricket Stadium,1,10.2,Zimbabwe,Pakistan,T Taibu,CR Ervine,Wahab Riaz,0,0,,,,,,,,,
433589,2010/11,2011-03-14,Pallekele International Cricket Stadium,1,10.3,Zimbabwe,Pakistan,T Taibu,CR Ervine,Wahab Riaz,4,0,,,,,,,,,
433589,2010/11,2011-03-14,Pallekele International Cricket Stadium,1,10.4,Zimbabwe,Pakistan,T Taibu,CR Ervine,Wahab Riaz,1,0,,,,,,,,,
433589,2010/11,2011-03-14,Pallekele International Cricket Stadium,1,10.5,Zimbabwe,Pakistan,CR Ervine,T Taibu,Wahab Riaz,0,0,,,,,,,,,
433589,2010/11,2011-03-14,Pallekele International Cricket Stadium,1,10.6,Zimbabwe,Pakistan,CR Ervine,T Taibu,Wahab Riaz,0,0,,,,,,,,,
433589,2010/11,2011-03-14,Pallekele International Cricket Stadium,1,11.1,Zimbabwe,Pakistan,T Taibu,CR Ervine,Abdul Razzaq,0,0,,,,,,,,,
433589,2010/11,2011-03-14,Pallekele International Cricket Stadium,1,11.2,Zimbabwe,Pakistan,T Taibu,CR Ervine,Abdul Razzaq,1,0,,,,,,,,,
433589,2010/11,2011-03-14,Pallekele International Cricket Stadium,1,11.3,Zimbabwe,Pakistan,CR Ervine,T Taibu,Abdul Razzaq,0,0,,,,,,,,,
433589,2010/11,2011-03-14,Pallekele International Cricket Stadium,1,11.4,Zimbabwe,Pakistan,CR Ervine,T Taibu,Abdul Razzaq,0,0,,,,,,,,,
433589,2010/11,2011-03-14,Pallekele International Cricket Stadium,1,11.5,Zimbabwe,Pakistan,CR Ervine,T Taibu,Abdul Razzaq,0,0,,,,,,,,,
433589,2010/11,2011-03-14,Pallekele International Cricket Stadium,1,11.6,Zimbabwe,Pakistan,CR Ervine,T Taibu,Abdul Razzaq,0,0,,,,,,,,,
433589,2010/11,2011-03-14,Pallekele International Cricket Stadium,1,12.1,Zimbabwe,Pakistan,T Taibu,CR Ervine,Wahab Riaz,1,0,,,,,,,,,
433589,2010/11,2011-03-14,Pallekele International Cricket Stadium,1,12.2,Zimbabwe,Pakistan,CR Ervine,T Taibu,Wahab Riaz,1,0,,,,,,,,,
433589,2010/11,2011-03-14,Pallekele International Cricket Stadium,1,12.3,Zimbabwe,Pakistan,T Taibu,CR Ervine,Wahab Riaz,0,0,,,,,,,,,
433589,2010/11,2011-03-14,Pallekele International Cricket Stadium,1,12.4,Zimbabwe,Pakistan,T Taibu,CR Ervine,Wahab Riaz,0,0,,,,,,caught,T Taibu,,
433589,2010/11,2011-03-14,Pallekele International Cricket Stadium,1,12.5,Zimbabwe,Pakistan,GA Lamb,CR Ervine,Wahab Riaz,0,0,,,,,,,,,
433589,2010/11,2011-03-14,Pallekele International Cricket Stadium,1,12.6,Zimbabwe,Pakistan,GA Lamb,CR Ervine,Wahab Riaz,0,0,,,,,,,,,
433589,2010/11,2011-03-14,Pallekele International Cricket Stadium,1,13.1,Zimbabwe,Pakistan,CR Ervine,GA Lamb,Abdul Razzaq,0,0,,,,,,,,,
433589,2010/11,2011-03-14,Pallekele International Cricket Stadium,1,13.2,Zimbabwe,Pakistan,CR Ervine,GA Lamb,Abdul Razzaq,0,0,,,,,,,,,
433589,2010/11,2011-03-14,Pallekele International Cricket Stadium,1,13.3,Zimbabwe,Pakistan,CR Ervine,GA Lamb,Abdul Razzaq,0,0,,,,,,,,,
433589,2010/11,2011-03-14,Pallekele International Cricket Stadium,1,13.4,Zimbabwe,Pakistan,CR Ervine,GA Lamb,Abdul Razzaq,3,0,,,,,,,,,
433589,2010/11,2011-03-14,Pallekele International Cricket Stadium,1,13.5,Zimbabwe,Pakistan,GA Lamb,CR Ervine,Abdul Razzaq,0,0,,,,,,,,,
433589,2010/11,2011-03-14,Pallekele International Cricket Stadium,1,13.6,Zimbabwe,Pakistan,GA Lamb,CR Ervine,Abdul Razzaq,2,0,,,,,,,,,
433589,2010/11,2011-03-14,Pallekele International Cricket Stadium,1,14.1,Zimbabwe,Pakistan,CR Ervine,GA Lamb,Wahab Riaz,0,0,,,,,,,,,
433589,2010/11,2011-03-14,Pallekele International Cricket Stadium,1,14.2,Zimbabwe,Pakistan,CR Ervine,GA Lamb,Wahab Riaz,1,0,,,,,,,,,
433589,2010/11,2011-03-14,Pallekele International Cricket Stadium,1,14.3,Zimbabwe,Pakistan,GA Lamb,CR Ervine,Wahab Riaz,0,0,,,,,,,,,
433589,2010/11,2011-03-14,Pallekele International Cricket Stadium,1,14.4,Zimbabwe,Pakistan,GA Lamb,CR Ervine,Wahab Riaz,0,0,,,,,,,,,
433589,2010/11,2011-03-14,Pallekele International Cricket Stadium,1,14.5,Zimbabwe,Pakistan,GA Lamb,CR Ervine,Wahab Riaz,1,0,,,,,,,,,
433589,2010/11,2011-03-14,Pallekele International Cricket Stadium,1,14.6,Zimbabwe,Pakistan,CR Ervine,GA Lamb,Wahab Riaz,0,0,,,,,,,,,
433589,2010/11,2011-03-14,Pallekele International Cricket Stadium,1,15.1,Zimbabwe,Pakistan,GA Lamb,CR Ervine,Shahid Afridi,4,0,,,,,,,,,
433589,2010/11,2011-03-14,Pallekele International Cricket Stadium,1,15.2,Zimbabwe,Pakistan,GA Lamb,CR Ervine,Shahid Afridi,0,0,,,,,,,,,
433589,2010/11,2011-03-14,Pallekele International Cricket Stadium,1,15.3,Zimbabwe,Pakistan,GA Lamb,CR Ervine,Shahid Afridi,0,0,,,,,,,,,
433589,2010/11,2011-03-14,Pallekele International Cricket Stadium,1,15.4,Zimbabwe,Pakistan,GA Lamb,CR Ervine,Shahid Afridi,1,0,,,,,,,,,
433589,2010/11,2011-03-14,Pallekele International Cricket Stadium,1,15.5,Zimbabwe,Pakistan,CR Ervine,GA Lamb,Shahid Afridi,0,0,,,,,,,,,
433589,2010/11,2011-03-14,Pallekele International Cricket Stadium,1,15.6,Zimbabwe,Pakistan,CR Ervine,GA Lamb,Shahid Afridi,0,0,,,,,,,,,
433589,2010/11,2011-03-14,Pallekele International Cricket Stadium,1,16.1,Zimbabwe,Pakistan,GA Lamb,CR Ervine,Wahab Riaz,2,0,,,,,,,,,
433589,2010/11,2011-03-14,Pallekele International Cricket Stadium,1,16.2,Zimbabwe,Pakistan,GA Lamb,CR Ervine,Wahab Riaz,0,0,,,,,,,,,
433589,2010/11,2011-03-14,Pallekele International Cricket Stadium,1,16.3,Zimbabwe,Pakistan,GA Lamb,CR Ervine,Wahab Riaz,0,0,,,,,,,,,
433589,2010/11,2011-03-14,Pallekele International Cricket Stadium,1,16.4,Zimbabwe,Pakistan,GA Lamb,CR Ervine,Wahab Riaz,0,0,,,,,,,,,
433589,2010/11,2011-03-14,Pallekele International Cricket Stadium,1,16.5,Zimbabwe,Pakistan,GA Lamb,CR Ervine,Wahab Riaz,0,0,,,,,,,,,
433589,2010/11,2011-03-14,Pallekele International Cricket Stadium,1,16.6,Zimbabwe,Pakistan,GA Lamb,CR Ervine,Wahab Riaz,1,0,,,,,,,,,
433589,2010/11,2011-03-14,Pallekele International Cricket Stadium,1,17.1,Zimbabwe,Pakistan,GA Lamb,CR Ervine,Shahid Afridi,1,0,,,,,,,,,
433589,2010/11,2011-03-14,Pallekele International Cricket Stadium,1,17.2,Zimbabwe,Pakistan,CR Ervine,GA Lamb,Shahid Afridi,0,0,,,,,,,,,
433589,2010/11,2011-03-14,Pallekele International Cricket Stadium,1,17.3,Zimbabwe,Pakistan,CR Ervine,GA Lamb,Shahid Afridi,0,0,,,,,,,,,
433589,2010/11,2011-03-14,Pallekele International Cricket Stadium,1,17.4,Zimbabwe,Pakistan,CR Ervine,GA Lamb,Shahid Afridi,2,0,,,,,,,,,
433589,2010/11,2011-03-14,Pallekele International Cricket Stadium,1,17.5,Zimbabwe,Pakistan,CR Ervine,GA Lamb,Shahid Afridi,0,0,,,,,,,,,
433589,2010/11,2011-03-14,Pallekele International Cricket Stadium,1,17.6,Zimbabwe,Pakistan,CR Ervine,GA Lamb,Shahid Afridi,1,0,,,,,,,,,
433589,2010/11,2011-03-14,Pallekele International Cricket Stadium,1,18.1,Zimbabwe,Pakistan,CR Ervine,GA Lamb,Wahab Riaz,0,0,,,,,,,,,
433589,2010/11,2011-03-14,Pallekele International Cricket Stadium,1,18.2,Zimbabwe,Pakistan,CR Ervine,GA Lamb,Wahab Riaz,4,0,,,,,,,,,
433589,2010/11,2011-03-14,Pallekele International Cricket Stadium,1,18.3,Zimbabwe,Pakistan,CR Ervine,GA Lamb,Wahab Riaz,0,0,,,,,,,,,
433589,2010/11,2011-03-14,Pallekele International Cricket Stadium,1,18.4,Zimbabwe,Pakistan,CR Ervine,GA Lamb,Wahab Riaz,0,0,,,,,,,,,
433589,2010/11,2011-03-14,Pallekele International Cricket Stadium,1,18.5,Zimbabwe,Pakistan,CR Ervine,GA Lamb,Wahab Riaz,1,0,,,,,,,,,
433589,2010/11,2011-03-14,Pallekele International Cricket Stadium,1,18.6,Zimbabwe,Pakistan,GA Lamb,CR Ervine,Wahab Riaz,0,0,,,,,,,,,
433589,2010/11,2011-03-14,Pallekele International Cricket Stadium,1,19.1,Zimbabwe,Pakistan,CR Ervine,GA Lamb,Shahid Afridi,0,0,,,,,,,,,
433589,2010/11,2011-03-14,Pallekele International Cricket Stadium,1,19.2,Zimbabwe,Pakistan,CR Ervine,GA Lamb,Shahid Afridi,0,0,,,,,,,,,
433589,2010/11,2011-03-14,Pallekele International Cricket Stadium,1,19.3,Zimbabwe,Pakistan,CR Ervine,GA Lamb,Shahid Afridi,0,0,,,,,,,,,
433589,2010/11,2011-03-14,Pallekele International Cricket Stadium,1,19.4,Zimbabwe,Pakistan,CR Ervine,GA Lamb,Shahid Afridi,4,0,,,,,,,,,
433589,2010/11,2011-03-14,Pallekele International Cricket Stadium,1,19.5,Zimbabwe,Pakistan,CR Ervine,GA Lamb,Shahid Afridi,0,0,,,,,,,,,
433589,2010/11,2011-03-14,Pallekele International Cricket Stadium,1,19.6,Zimbabwe,Pakistan,CR Ervine,GA Lamb,Shahid Afridi,0,0,,,,,,,,,
433589,2010/11,2011-03-14,Pallekele International Cricket Stadium,1,20.1,Zimbabwe,Pakistan,GA Lamb,CR Ervine,Abdur Rehman,1,0,,,,,,,,,
433589,2010/11,2011-03-14,Pallekele International Cricket Stadium,1,20.2,Zimbabwe,Pakistan,CR Ervine,GA Lamb,Abdur Rehman,2,0,,,,,,,,,
433589,2010/11,2011-03-14,Pallekele International Cricket Stadium,1,20.3,Zimbabwe,Pakistan,CR Ervine,GA Lamb,Abdur Rehman,2,0,,,,,,,,,
433589,2010/11,2011-03-14,Pallekele International Cricket Stadium,1,20.4,Zimbabwe,Pakistan,CR Ervine,GA Lamb,Abdur Rehman,1,0,,,,,,,,,
433589,2010/11,2011-03-14,Pallekele International Cricket Stadium,1,20.5,Zimbabwe,Pakistan,GA Lamb,CR Ervine,Abdur Rehman,0,0,,,,,,,,,
433589,2010/11,2011-03-14,Pallekele International Cricket Stadium,1,20.6,Zimbabwe,Pakistan,GA Lamb,CR Ervine,Abdur Rehman,0,0,,,,,,,,,
433589,2010/11,2011-03-14,Pallekele International Cricket Stadium,1,21.1,Zimbabwe,Pakistan,CR Ervine,GA Lamb,Shahid Afridi,0,0,,,,,,,,,
433589,2010/11,2011-03-14,Pallekele International Cricket Stadium,1,21.2,Zimbabwe,Pakistan,CR Ervine,GA Lamb,Shahid Afridi,0,0,,,,,,,,,
433589,2010/11,2011-03-14,Pallekele International Cricket Stadium,1,21.3,Zimbabwe,Pakistan,CR Ervine,GA Lamb,Shahid Afridi,0,0,,,,,,,,,
433589,2010/11,2011-03-14,Pallekele International Cricket Stadium,1,21.4,Zimbabwe,Pakistan,CR Ervine,GA Lamb,Shahid Afridi,1,0,,,,,,,,,
433589,2010/11,2011-03-14,Pallekele International Cricket Stadium,1,21.5,Zimbabwe,Pakistan,GA Lamb,CR Ervine,Shahid Afridi,0,0,,,,,,,,,
433589,2010/11,2011-03-14,Pallekele International Cricket Stadium,1,21.6,Zimbabwe,Pakistan,GA Lamb,CR Ervine,Shahid Afridi,0,0,,,,,,,,,
433589,2010/11,2011-03-14,Pallekele International Cricket Stadium,1,22.1,Zimbabwe,Pakistan,CR Ervine,GA Lamb,Abdur Rehman,0,0,,,,,,,,,
433589,2010/11,2011-03-14,Pallekele International Cricket Stadium,1,22.2,Zimbabwe,Pakistan,CR Ervine,GA Lamb,Abdur Rehman,0,0,,,,,,,,,
433589,2010/11,2011-03-14,Pallekele International Cricket Stadium,1,22.3,Zimbabwe,Pakistan,CR Ervine,GA Lamb,Abdur Rehman,1,0,,,,,,,,,
433589,2010/11,2011-03-14,Pallekele International Cricket Stadium,1,22.4,Zimbabwe,Pakistan,GA Lamb,CR Ervine,Abdur Rehman,1,0,,,,,,,,,
433589,2010/11,2011-03-14,Pallekele International Cricket Stadium,1,22.5,Zimbabwe,Pakistan,CR Ervine,GA Lamb,Abdur Rehman,1,0,,,,,,,,,
433589,2010/11,2011-03-14,Pallekele International Cricket Stadium,1,22.6,Zimbabwe,Pakistan,GA Lamb,CR Ervine,Abdur Rehman,2,0,,,,,,,,,
433589,2010/11,2011-03-14,Pallekele International Cricket Stadium,1,23.1,Zimbabwe,Pakistan,CR Ervine,GA Lamb,Shahid Afridi,0,0,,,,,,,,,
433589,2010/11,2011-03-14,Pallekele International Cricket Stadium,1,23.2,Zimbabwe,Pakistan,CR Ervine,GA Lamb,Shahid Afridi,0,0,,,,,,,,,
433589,2010/11,2011-03-14,Pallekele International Cricket Stadium,1,23.3,Zimbabwe,Pakistan,CR Ervine,GA Lamb,Shahid Afridi,1,0,,,,,,,,,
433589,2010/11,2011-03-14,Pallekele International Cricket Stadium,1,23.4,Zimbabwe,Pakistan,GA Lamb,CR Ervine,Shahid Afridi,0,0,,,,,,,,,
433589,2010/11,2011-03-14,Pallekele International Cricket Stadium,1,23.5,Zimbabwe,Pakistan,GA Lamb,CR Ervine,Shahid Afridi,0,0,,,,,,caught and bowled,GA Lamb,,
433589,2010/11,2011-03-14,Pallekele International Cricket Stadium,1,23.6,Zimbabwe,Pakistan,E Chigumbura,CR Ervine,Shahid Afridi,1,0,,,,,,,,,
433589,2010/11,2011-03-14,Pallekele International Cricket Stadium,1,24.1,Zimbabwe,Pakistan,E Chigumbura,CR Ervine,Abdur Rehman,0,0,,,,,,,,,
433589,2010/11,2011-03-14,Pallekele International Cricket Stadium,1,24.2,Zimbabwe,Pakistan,E Chigumbura,CR Ervine,Abdur Rehman,0,0,,,,,,,,,
433589,2010/11,2011-03-14,Pallekele International Cricket Stadium,1,24.3,Zimbabwe,Pakistan,E Chigumbura,CR Ervine,Abdur Rehman,0,0,,,,,,,,,
433589,2010/11,2011-03-14,Pallekele International Cricket Stadium,1,24.4,Zimbabwe,Pakistan,E Chigumbura,CR Ervine,Abdur Rehman,0,0,,,,,,,,,
433589,2010/11,2011-03-14,Pallekele International Cricket Stadium,1,24.5,Zimbabwe,Pakistan,E Chigumbura,CR Ervine,Abdur Rehman,0,0,,,,,,,,,
433589,2010/11,2011-03-14,Pallekele International Cricket Stadium,1,24.6,Zimbabwe,Pakistan,E Chigumbura,CR Ervine,Abdur Rehman,0,0,,,,,,,,,
433589,2010/11,2011-03-14,Pallekele International Cricket Stadium,1,25.1,Zimbabwe,Pakistan,CR Ervine,E Chigumbura,Shahid Afridi,2,0,,,,,,,,,
433589,2010/11,2011-03-14,Pallekele International Cricket Stadium,1,25.2,Zimbabwe,Pakistan,CR Ervine,E Chigumbura,Shahid Afridi,0,0,,,,,,,,,
433589,2010/11,2011-03-14,Pallekele International Cricket Stadium,1,25.3,Zimbabwe,Pakistan,CR Ervine,E Chigumbura,Shahid Afridi,4,0,,,,,,,,,
433589,2010/11,2011-03-14,Pallekele International Cricket Stadium,1,25.4,Zimbabwe,Pakistan,CR Ervine,E Chigumbura,Shahid Afridi,0,0,,,,,,,,,
433589,2010/11,2011-03-14,Pallekele International Cricket Stadium,1,25.5,Zimbabwe,Pakistan,CR Ervine,E Chigumbura,Shahid Afridi,1,0,,,,,,,,,
433589,2010/11,2011-03-14,Pallekele International Cricket Stadium,1,25.6,Zimbabwe,Pakistan,E Chigumbura,CR Ervine,Shahid Afridi,0,0,,,,,,,,,
433589,2010/11,2011-03-14,Pallekele International Cricket Stadium,1,26.1,Zimbabwe,Pakistan,CR Ervine,E Chigumbura,Abdur Rehman,0,0,,,,,,,,,
433589,2010/11,2011-03-14,Pallekele International Cricket Stadium,1,26.2,Zimbabwe,Pakistan,CR Ervine,E Chigumbura,Abdur Rehman,0,0,,,,,,,,,
433589,2010/11,2011-03-14,Pallekele International Cricket Stadium,1,26.3,Zimbabwe,Pakistan,CR Ervine,E Chigumbura,Abdur Rehman,0,0,,,,,,,,,
433589,2010/11,2011-03-14,Pallekele International Cricket Stadium,1,26.4,Zimbabwe,Pakistan,CR Ervine,E Chigumbura,Abdur Rehman,1,0,,,,,,,,,
433589,2010/11,2011-03-14,Pallekele International Cricket Stadium,1,26.5,Zimbabwe,Pakistan,E Chigumbura,CR Ervine,Abdur Rehman,0,0,,,,,,,,,
433589,2010/11,2011-03-14,Pallekele International Cricket Stadium,1,26.6,Zimbabwe,Pakistan,E Chigumbura,CR Ervine,Abdur Rehman,0,0,,,,,,,,,
433589,2010/11,2011-03-14,Pallekele International Cricket Stadium,1,27.1,Zimbabwe,Pakistan,CR Ervine,E Chigumbura,Umar Gul,1,0,,,,,,,,,
433589,2010/11,2011-03-14,Pallekele International Cricket Stadium,1,27.2,Zimbabwe,Pakistan,E Chigumbura,CR Ervine,Umar Gul,2,0,,,,,,,,,
433589,2010/11,2011-03-14,Pallekele International Cricket Stadium,1,27.3,Zimbabwe,Pakistan,E Chigumbura,CR Ervine,Umar Gul,0,0,,,,,,,,,
433589,2010/11,2011-03-14,Pallekele International Cricket Stadium,1,27.4,Zimbabwe,Pakistan,E Chigumbura,CR Ervine,Umar Gul,0,0,,,,,,,,,
433589,2010/11,2011-03-14,Pallekele International Cricket Stadium,1,27.5,Zimbabwe,Pakistan,E Chigumbura,CR Ervine,Umar Gul,1,0,,,,,,,,,
433589,2010/11,2011-03-14,Pallekele International Cricket Stadium,1,27.6,Zimbabwe,Pakistan,CR Ervine,E Chigumbura,Umar Gul,0,0,,,,,,,,,
433589,2010/11,2011-03-14,Pallekele International Cricket Stadium,1,28.1,Zimbabwe,Pakistan,E Chigumbura,CR Ervine,Abdur Rehman,1,0,,,,,,,,,
433589,2010/11,2011-03-14,Pallekele International Cricket Stadium,1,28.2,Zimbabwe,Pakistan,CR Ervine,E Chigumbura,Abdur Rehman,0,0,,,,,,,,,
433589,2010/11,2011-03-14,Pallekele International Cricket Stadium,1,28.3,Zimbabwe,Pakistan,CR Ervine,E Chigumbura,Abdur Rehman,2,0,,,,,,,,,
433589,2010/11,2011-03-14,Pallekele International Cricket Stadium,1,28.4,Zimbabwe,Pakistan,CR Ervine,E Chigumbura,Abdur Rehman,0,0,,,,,,,,,
433589,2010/11,2011-03-14,Pallekele International Cricket Stadium,1,28.5,Zimbabwe,Pakistan,CR Ervine,E Chigumbura,Abdur Rehman,0,0,,,,,,,,,
433589,2010/11,2011-03-14,Pallekele International Cricket Stadium,1,28.6,Zimbabwe,Pakistan,CR Ervine,E Chigumbura,Abdur Rehman,1,0,,,,,,,,,
433589,2010/11,2011-03-14,Pallekele International Cricket Stadium,1,29.1,Zimbabwe,Pakistan,CR Ervine,E Chigumbura,Mohammad Hafeez,1,0,,,,,,,,,
433589,2010/11,2011-03-14,Pallekele International Cricket Stadium,1,29.2,Zimbabwe,Pakistan,E Chigumbura,CR Ervine,Mohammad Hafeez,1,0,,,,,,,,,
433589,2010/11,2011-03-14,Pallekele International Cricket Stadium,1,29.3,Zimbabwe,Pakistan,CR Ervine,E Chigumbura,Mohammad Hafeez,0,0,,,,,,bowled,CR Ervine,,
433589,2010/11,2011-03-14,Pallekele International Cricket Stadium,1,29.4,Zimbabwe,Pakistan,P Utseya,E Chigumbura,Mohammad Hafeez,0,0,,,,,,,,,
433589,2010/11,2011-03-14,Pallekele International Cricket Stadium,1,29.5,Zimbabwe,Pakistan,P Utseya,E Chigumbura,Mohammad Hafeez,0,0,,,,,,,,,
433589,2010/11,2011-03-14,Pallekele International Cricket Stadium,1,29.6,Zimbabwe,Pakistan,P Utseya,E Chigumbura,Mohammad Hafeez,1,0,,,,,,,,,
433589,2010/11,2011-03-14,Pallekele International Cricket Stadium,1,30.1,Zimbabwe,Pakistan,P Utseya,E Chigumbura,Abdur Rehman,0,0,,,,,,,,,
433589,2010/11,2011-03-14,Pallekele International Cricket Stadium,1,30.2,Zimbabwe,Pakistan,P Utseya,E Chigumbura,Abdur Rehman,0,0,,,,,,,,,
433589,2010/11,2011-03-14,Pallekele International Cricket Stadium,1,30.3,Zimbabwe,Pakistan,P Utseya,E Chigumbura,Abdur Rehman,0,0,,,,,,,,,
433589,2010/11,2011-03-14,Pallekele International Cricket Stadium,1,30.4,Zimbabwe,Pakistan,P Utseya,E Chigumbura,Abdur Rehman,1,0,,,,,,,,,
433589,2010/11,2011-03-14,Pallekele International Cricket Stadium,1,30.5,Zimbabwe,Pakistan,E Chigumbura,P Utseya,Abdur Rehman,1,0,,,,,,,,,
433589,2010/11,2011-03-14,Pallekele International Cricket Stadium,1,30.6,Zimbabwe,Pakistan,P Utseya,E Chigumbura,Abdur Rehman,0,0,,,,,,,,,
433589,2010/11,2011-03-14,Pallekele International Cricket Stadium,1,31.1,Zimbabwe,Pakistan,E Chigumbura,P Utseya,Mohammad Hafeez,0,0,,,,,,,,,
433589,2010/11,2011-03-14,Pallekele International Cricket Stadium,1,31.2,Zimbabwe,Pakistan,E Chigumbura,P Utseya,Mohammad Hafeez,1,0,,,,,,,,,
433589,2010/11,2011-03-14,Pallekele International Cricket Stadium,1,31.3,Zimbabwe,Pakistan,P Utseya,E Chigumbura,Mohammad Hafeez,1,0,,,,,,,,,
433589,2010/11,2011-03-14,Pallekele International Cricket Stadium,1,31.4,Zimbabwe,Pakistan,E Chigumbura,P Utseya,Mohammad Hafeez,1,0,,,,,,,,,
433589,2010/11,2011-03-14,Pallekele International Cricket Stadium,1,31.5,Zimbabwe,Pakistan,P Utseya,E Chigumbura,Mohammad Hafeez,1,0,,,,,,,,,
433589,2010/11,2011-03-14,Pallekele International Cricket Stadium,1,31.6,Zimbabwe,Pakistan,E Chigumbura,P Utseya,Mohammad Hafeez,0,0,,,,,,,,,
433589,2010/11,2011-03-14,Pallekele International Cricket Stadium,1,32.1,Zimbabwe,Pakistan,P Utseya,E Chigumbura,Abdur Rehman,0,0,,,,,,,,,
433589,2010/11,2011-03-14,Pallekele International Cricket Stadium,1,32.2,Zimbabwe,Pakistan,P Utseya,E Chigumbura,Abdur Rehman,1,0,,,,,,,,,
433589,2010/11,2011-03-14,Pallekele International Cricket Stadium,1,32.3,Zimbabwe,Pakistan,E Chigumbura,P Utseya,Abdur Rehman,0,0,,,,,,,,,
433589,2010/11,2011-03-14,Pallekele International Cricket Stadium,1,32.4,Zimbabwe,Pakistan,E Chigumbura,P Utseya,Abdur Rehman,0,0,,,,,,,,,
433589,2010/11,2011-03-14,Pallekele International Cricket Stadium,1,32.5,Zimbabwe,Pakistan,E Chigumbura,P Utseya,Abdur Rehman,0,1,,,,1,,,,,
433589,2010/11,2011-03-14,Pallekele International Cricket Stadium,1,32.6,Zimbabwe,Pakistan,P Utseya,E Chigumbura,Abdur Rehman,1,0,,,,,,,,,
433589,2010/11,2011-03-14,Pallekele International Cricket Stadium,1,33.1,Zimbabwe,Pakistan,P Utseya,E Chigumbura,Mohammad Hafeez,1,0,,,,,,,,,
433589,2010/11,2011-03-14,Pallekele International Cricket Stadium,1,33.2,Zimbabwe,Pakistan,E Chigumbura,P Utseya,Mohammad Hafeez,1,0,,,,,,,,,
433589,2010/11,2011-03-14,Pallekele International Cricket Stadium,1,33.3,Zimbabwe,Pakistan,P Utseya,E Chigumbura,Mohammad Hafeez,1,0,,,,,,,,,
433589,2010/11,2011-03-14,Pallekele International Cricket Stadium,1,33.4,Zimbabwe,Pakistan,E Chigumbura,P Utseya,Mohammad Hafeez,1,0,,,,,,,,,
433589,2010/11,2011-03-14,Pallekele International Cricket Stadium,1,33.5,Zimbabwe,Pakistan,P Utseya,E Chigumbura,Mohammad Hafeez,0,0,,,,,,,,,
433589,2010/11,2011-03-14,Pallekele International Cricket Stadium,1,33.6,Zimbabwe,Pakistan,P Utseya,E Chigumbura,Mohammad Hafeez,0,0,,,,,,,,,
433589,2010/11,2011-03-14,Pallekele International Cricket Stadium,1,34.1,Zimbabwe,Pakistan,E Chigumbura,P Utseya,Abdur Rehman,0,1,1,,,,,,,,
433589,2010/11,2011-03-14,Pallekele International Cricket Stadium,1,34.2,Zimbabwe,Pakistan,E Chigumbura,P Utseya,Abdur Rehman,1,0,,,,,,,,,
433589,2010/11,2011-03-14,Pallekele International Cricket Stadium,1,34.3,Zimbabwe,Pakistan,P Utseya,E Chigumbura,Abdur Rehman,0,0,,,,,,,,,
433589,2010/11,2011-03-14,Pallekele International Cricket Stadium,1,34.4,Zimbabwe,Pakistan,P Utseya,E Chigumbura,Abdur Rehman,0,0,,,,,,,,,
433589,2010/11,2011-03-14,Pallekele International Cricket Stadium,1,34.5,Zimbabwe,Pakistan,P Utseya,E Chigumbura,Abdur Rehman,1,0,,,,,,,,,
433589,2010/11,2011-03-14,Pallekele International Cricket Stadium,1,34.6,Zimbabwe,Pakistan,E Chigumbura,P Utseya,Abdur Rehman,1,0,,,,,,,,,
433589,2010/11,2011-03-14,Pallekele International Cricket Stadium,1,34.7,Zimbabwe,Pakistan,P Utseya,E Chigumbura,Abdur Rehman,0,0,,,,,,,,,
433589,2010/11,2011-03-14,Pallekele International Cricket Stadium,1,35.1,Zimbabwe,Pakistan,E Chigumbura,P Utseya,Umar Gul,4,0,,,,,,,,,
433589,2010/11,2011-03-14,Pallekele International Cricket Stadium,1,35.2,Zimbabwe,Pakistan,E Chigumbura,P Utseya,Umar Gul,1,0,,,,,,,,,
433589,2010/11,2011-03-14,Pallekele International Cricket Stadium,1,35.3,Zimbabwe,Pakistan,P Utseya,E Chigumbura,Umar Gul,1,0,,,,,,,,,
433589,2010/11,2011-03-14,Pallekele International Cricket Stadium,1,35.4,Zimbabwe,Pakistan,E Chigumbura,P Utseya,Umar Gul,1,0,,,,,,,,,
433589,2010/11,2011-03-14,Pallekele International Cricket Stadium,1,35.5,Zimbabwe,Pakistan,P Utseya,E Chigumbura,Umar Gul,1,0,,,,,,,,,
433589,2010/11,2011-03-14,Pallekele International Cricket Stadium,1,35.6,Zimbabwe,Pakistan,E Chigumbura,P Utseya,Umar Gul,1,0,,,,,,,,,
433589,2010/11,2011-03-14,Pallekele International Cricket Stadium,1,36.1,Zimbabwe,Pakistan,E Chigumbura,P Utseya,Shahid Afridi,0,0,,,,,,,,,
433589,2010/11,2011-03-14,Pallekele International Cricket Stadium,1,36.2,Zimbabwe,Pakistan,E Chigumbura,P Utseya,Shahid Afridi,0,0,,,,,,,,,
433589,2010/11,2011-03-14,Pallekele International Cricket Stadium,1,36.3,Zimbabwe,Pakistan,E Chigumbura,P Utseya,Shahid Afridi,0,0,,,,,,,,,
433589,2010/11,2011-03-14,Pallekele International Cricket Stadium,1,36.4,Zimbabwe,Pakistan,E Chigumbura,P Utseya,Shahid Afridi,1,0,,,,,,,,,
433589,2010/11,2011-03-14,Pallekele International Cricket Stadium,1,36.5,Zimbabwe,Pakistan,P Utseya,E Chigumbura,Shahid Afridi,1,0,,,,,,,,,
433589,2010/11,2011-03-14,Pallekele International Cricket Stadium,1,36.6,Zimbabwe,Pakistan,E Chigumbura,P Utseya,Shahid Afridi,1,0,,,,,,,,,
433589,2010/11,2011-03-14,Pallekele International Cricket Stadium,1,37.1,Zimbabwe,Pakistan,E Chigumbura,P Utseya,Umar Gul,1,0,,,,,,,,,
433589,2010/11,2011-03-14,Pallekele International Cricket Stadium,1,37.2,Zimbabwe,Pakistan,P Utseya,E Chigumbura,Umar Gul,1,0,,,,,,,,,
433589,2010/11,2011-03-14,Pallekele International Cricket Stadium,1,37.3,Zimbabwe,Pakistan,E Chigumbura,P Utseya,Umar Gul,1,0,,,,,,,,,
433589,2010/11,2011-03-14,Pallekele International Cricket Stadium,1,37.4,Zimbabwe,Pakistan,P Utseya,E Chigumbura,Umar Gul,1,0,,,,,,,,,
433589,2010/11,2011-03-14,Pallekele International Cricket Stadium,1,37.5,Zimbabwe,Pakistan,E Chigumbura,P Utseya,Umar Gul,1,1,,1,,,,,,,
433589,2010/11,2011-03-14,Pallekele International Cricket Stadium,1,37.6,Zimbabwe,Pakistan,P Utseya,E Chigumbura,Umar Gul,1,0,,,,,,,,,
433589,2010/11,2011-03-14,Pallekele International Cricket Stadium,1,37.7,Zimbabwe,Pakistan,E Chigumbura,P Utseya,Umar Gul,2,0,,,,,,,,,
433589,2010/11,2011-03-14,Pallekele International Cricket Stadium,1,38.1,Zimbabwe,Pakistan,P Utseya,E Chigumbura,Shahid Afridi,1,0,,,,,,,,,
433589,2010/11,2011-03-14,Pallekele International Cricket Stadium,1,38.2,Zimbabwe,Pakistan,E Chigumbura,P Utseya,Shahid Afridi,1,0,,,,,,,,,
433589,2010/11,2011-03-14,Pallekele International Cricket Stadium,1,38.3,Zimbabwe,Pakistan,P Utseya,E Chigumbura,Shahid Afridi,1,0,,,,,,,,,
433589,2010/11,2011-03-14,Pallekele International Cricket Stadium,1,38.4,Zimbabwe,Pakistan,E Chigumbura,P Utseya,Shahid Afridi,0,0,,,,,,,,,
433589,2010/11,2011-03-14,Pallekele International Cricket Stadium,1,38.5,Zimbabwe,Pakistan,E Chigumbura,P Utseya,Shahid Afridi,4,0,,,,,,,,,
433589,2010/11,2011-03-14,Pallekele International Cricket Stadium,1,38.6,Zimbabwe,Pakistan,E Chigumbura,P Utseya,Shahid Afridi,0,0,,,,,,,,,
433589,2010/11,2011-03-14,Pallekele International Cricket Stadium,1,39.1,Zimbabwe,Pakistan,P Utseya,E Chigumbura,Umar Gul,0,0,,,,,,,,,
433589,2010/11,2011-03-14,Pallekele International Cricket Stadium,1,39.2,Zimbabwe,Pakistan,P Utseya,E Chigumbura,Umar Gul,1,0,,,,,,,,,
433589,2010/11,2011-03-14,Pallekele International Cricket Stadium,1,39.3,Zimbabwe,Pakistan,E Chigumbura,P Utseya,Umar Gul,0,1,,,,1,,,,,
433589,2010/11,2011-03-14,Pallekele International Cricket Stadium,1,39.4,Zimbabwe,Pakistan,P Utseya,E Chigumbura,Umar Gul,0,0,,,,,,caught,P Utseya,,
433589,2010/11,2011-03-14,Pallekele International Cricket Stadium,2,0.1,Pakistan,Zimbabwe,Mohammad Hafeez,Ahmed Shehzad,SW Masakadza,0,0,,,,,,,,,
433589,2010/11,2011-03-14,Pallekele International Cricket Stadium,2,0.2,Pakistan,Zimbabwe,Mohammad Hafeez,Ahmed Shehzad,SW Masakadza,0,0,,,,,,,,,
433589,2010/11,2011-03-14,Pallekele International Cricket Stadium,2,0.3,Pakistan,Zimbabwe,Mohammad Hafeez,Ahmed Shehzad,SW Masakadza,0,0,,,,,,,,,
433589,2010/11,2011-03-14,Pallekele International Cricket Stadium,2,0.4,Pakistan,Zimbabwe,Mohammad Hafeez,Ahmed Shehzad,SW Masakadza,0,0,,,,,,,,,
433589,2010/11,2011-03-14,Pallekele International Cricket Stadium,2,0.5,Pakistan,Zimbabwe,Mohammad Hafeez,Ahmed Shehzad,SW Masakadza,0,0,,,,,,,,,
433589,2010/11,2011-03-14,Pallekele International Cricket Stadium,2,0.6,Pakistan,Zimbabwe,Mohammad Hafeez,Ahmed Shehzad,SW Masakadza,0,0,,,,,,,,,
433589,2010/11,2011-03-14,Pallekele International Cricket Stadium,2,1.1,Pakistan,Zimbabwe,Ahmed Shehzad,Mohammad Hafeez,RW Price,0,0,,,,,,,,,
433589,2010/11,2011-03-14,Pallekele International Cricket Stadium,2,1.2,Pakistan,Zimbabwe,Ahmed Shehzad,Mohammad Hafeez,RW Price,0,0,,,,,,,,,
433589,2010/11,2011-03-14,Pallekele International Cricket Stadium,2,1.3,Pakistan,Zimbabwe,Ahmed Shehzad,Mohammad Hafeez,RW Price,0,0,,,,,,,,,
433589,2010/11,2011-03-14,Pallekele International Cricket Stadium,2,1.4,Pakistan,Zimbabwe,Ahmed Shehzad,Mohammad Hafeez,RW Price,0,0,,,,,,,,,
433589,2010/11,2011-03-14,Pallekele International Cricket Stadium,2,1.5,Pakistan,Zimbabwe,Ahmed Shehzad,Mohammad Hafeez,RW Price,0,0,,,,,,,,,
433589,2010/11,2011-03-14,Pallekele International Cricket Stadium,2,1.6,Pakistan,Zimbabwe,Ahmed Shehzad,Mohammad Hafeez,RW Price,4,0,,,,,,,,,
433589,2010/11,2011-03-14,Pallekele International Cricket Stadium,2,2.1,Pakistan,Zimbabwe,Mohammad Hafeez,Ahmed Shehzad,SW Masakadza,4,0,,,,,,,,,
433589,2010/11,2011-03-14,Pallekele International Cricket Stadium,2,2.2,Pakistan,Zimbabwe,Mohammad Hafeez,Ahmed Shehzad,SW Masakadza,0,0,,,,,,,,,
433589,2010/11,2011-03-14,Pallekele International Cricket Stadium,2,2.3,Pakistan,Zimbabwe,Mohammad Hafeez,Ahmed Shehzad,SW Masakadza,1,0,,,,,,,,,
433589,2010/11,2011-03-14,Pallekele International Cricket Stadium,2,2.4,Pakistan,Zimbabwe,Ahmed Shehzad,Mohammad Hafeez,SW Masakadza,0,1,1,,,,,,,,
433589,2010/11,2011-03-14,Pallekele International Cricket Stadium,2,2.5,Pakistan,Zimbabwe,Ahmed Shehzad,Mohammad Hafeez,SW Masakadza,0,1,1,,,,,,,,
433589,2010/11,2011-03-14,Pallekele International Cricket Stadium,2,2.6,Pakistan,Zimbabwe,Ahmed Shehzad,Mohammad Hafeez,SW Masakadza,0,0,,,,,,,,,
433589,2010/11,2011-03-14,Pallekele International Cricket Stadium,2,2.7,Pakistan,Zimbabwe,Ahmed Shehzad,Mohammad Hafeez,SW Masakadza,0,0,,,,,,,,,
433589,2010/11,2011-03-14,Pallekele International Cricket Stadium,2,2.8,Pakistan,Zimbabwe,Ahmed Shehzad,Mohammad Hafeez,SW Masakadza,4,0,,,,,,,,,
433589,2010/11,2011-03-14,Pallekele International Cricket Stadium,2,3.1,Pakistan,Zimbabwe,Mohammad Hafeez,Ahmed Shehzad,RW Price,0,0,,,,,,,,,
433589,2010/11,2011-03-14,Pallekele International Cricket Stadium,2,3.2,Pakistan,Zimbabwe,Mohammad Hafeez,Ahmed Shehzad,RW Price,0,1,1,,,,,,,,
433589,2010/11,2011-03-14,Pallekele International Cricket Stadium,2,3.3,Pakistan,Zimbabwe,Mohammad Hafeez,Ahmed Shehzad,RW Price,1,0,,,,,,,,,
433589,2010/11,2011-03-14,Pallekele International Cricket Stadium,2,3.4,Pakistan,Zimbabwe,Ahmed Shehzad,Mohammad Hafeez,RW Price,0,0,,,,,,,,,
433589,2010/11,2011-03-14,Pallekele International Cricket Stadium,2,3.5,Pakistan,Zimbabwe,Ahmed Shehzad,Mohammad Hafeez,RW Price,0,0,,,,,,stumped,Ahmed Shehzad,,
433589,2010/11,2011-03-14,Pallekele International Cricket Stadium,2,3.6,Pakistan,Zimbabwe,Asad Shafiq,Mohammad Hafeez,RW Price,0,0,,,,,,,,,
433589,2010/11,2011-03-14,Pallekele International Cricket Stadium,2,3.7,Pakistan,Zimbabwe,Asad Shafiq,Mohammad Hafeez,RW Price,0,0,,,,,,,,,
433589,2010/11,2011-03-14,Pallekele International Cricket Stadium,2,4.1,Pakistan,Zimbabwe,Mohammad Hafeez,Asad Shafiq,SW Masakadza,0,0,,,,,,,,,
433589,2010/11,2011-03-14,Pallekele International Cricket Stadium,2,4.2,Pakistan,Zimbabwe,Mohammad Hafeez,Asad Shafiq,SW Masakadza,0,1,1,,,,,,,,
433589,2010/11,2011-03-14,Pallekele International Cricket Stadium,2,4.3,Pakistan,Zimbabwe,Mohammad Hafeez,Asad Shafiq,SW Masakadza,0,0,,,,,,,,,
433589,2010/11,2011-03-14,Pallekele International Cricket Stadium,2,4.4,Pakistan,Zimbabwe,Mohammad Hafeez,Asad Shafiq,SW Masakadza,4,0,,,,,,,,,
433589,2010/11,2011-03-14,Pallekele International Cricket Stadium,2,4.5,Pakistan,Zimbabwe,Mohammad Hafeez,Asad Shafiq,SW Masakadza,4,0,,,,,,,,,
433589,2010/11,2011-03-14,Pallekele International Cricket Stadium,2,4.6,Pakistan,Zimbabwe,Mohammad Hafeez,Asad Shafiq,SW Masakadza,0,0,,,,,,,,,
433589,2010/11,2011-03-14,Pallekele International Cricket Stadium,2,4.7,Pakistan,Zimbabwe,Mohammad Hafeez,Asad Shafiq,SW Masakadza,4,0,,,,,,,,,
433589,2010/11,2011-03-14,Pallekele International Cricket Stadium,2,5.1,Pakistan,Zimbabwe,Asad Shafiq,Mohammad Hafeez,RW Price,0,0,,,,,,,,,
433589,2010/11,2011-03-14,Pallekele International Cricket Stadium,2,5.2,Pakistan,Zimbabwe,Asad Shafiq,Mohammad Hafeez,RW Price,0,0,,,,,,,,,
433589,2010/11,2011-03-14,Pallekele International Cricket Stadium,2,5.3,Pakistan,Zimbabwe,Asad Shafiq,Mohammad Hafeez,RW Price,0,0,,,,,,,,,
433589,2010/11,2011-03-14,Pallekele International Cricket Stadium,2,5.4,Pakistan,Zimbabwe,Asad Shafiq,Mohammad Hafeez,RW Price,0,0,,,,,,,,,
433589,2010/11,2011-03-14,Pallekele International Cricket Stadium,2,5.5,Pakistan,Zimbabwe,Asad Shafiq,Mohammad Hafeez,RW Price,0,0,,,,,,,,,
433589,2010/11,2011-03-14,Pallekele International Cricket Stadium,2,5.6,Pakistan,Zimbabwe,Asad Shafiq,Mohammad Hafeez,RW Price,0,0,,,,,,,,,
433589,2010/11,2011-03-14,Pallekele International Cricket Stadium,2,6.1,Pakistan,Zimbabwe,Mohammad Hafeez,Asad Shafiq,P Utseya,0,0,,,,,,,,,
433589,2010/11,2011-03-14,Pallekele International Cricket Stadium,2,6.2,Pakistan,Zimbabwe,Mohammad Hafeez,Asad Shafiq,P Utseya,0,0,,,,,,,,,
433589,2010/11,2011-03-14,Pallekele International Cricket Stadium,2,6.3,Pakistan,Zimbabwe,Mohammad Hafeez,Asad Shafiq,P Utseya,0,0,,,,,,,,,
433589,2010/11,2011-03-14,Pallekele International Cricket Stadium,2,6.4,Pakistan,Zimbabwe,Mohammad Hafeez,Asad Shafiq,P Utseya,0,0,,,,,,,,,
433589,2010/11,2011-03-14,Pallekele International Cricket Stadium,2,6.5,Pakistan,Zimbabwe,Mohammad Hafeez,Asad Shafiq,P Utseya,0,0,,,,,,,,,
433589,2010/11,2011-03-14,Pallekele International Cricket Stadium,2,6.6,Pakistan,Zimbabwe,Mohammad Hafeez,Asad Shafiq,P Utseya,0,0,,,,,,,,,
433589,2010/11,2011-03-14,Pallekele International Cricket Stadium,2,7.1,Pakistan,Zimbabwe,Asad Shafiq,Mohammad Hafeez,RW Price,0,0,,,,,,,,,
433589,2010/11,2011-03-14,Pallekele International Cricket Stadium,2,7.2,Pakistan,Zimbabwe,Asad Shafiq,Mohammad Hafeez,RW Price,0,0,,,,,,,,,
433589,2010/11,2011-03-14,Pallekele International Cricket Stadium,2,7.3,Pakistan,Zimbabwe,Asad Shafiq,Mohammad Hafeez,RW Price,1,0,,,,,,,,,
433589,2010/11,2011-03-14,Pallekele International Cricket Stadium,2,7.4,Pakistan,Zimbabwe,Mohammad Hafeez,Asad Shafiq,RW Price,1,0,,,,,,,,,
433589,2010/11,2011-03-14,Pallekele International Cricket Stadium,2,7.5,Pakistan,Zimbabwe,Asad Shafiq,Mohammad Hafeez,RW Price,0,0,,,,,,,,,
433589,2010/11,2011-03-14,Pallekele International Cricket Stadium,2,7.6,Pakistan,Zimbabwe,Asad Shafiq,Mohammad Hafeez,RW Price,0,0,,,,,,,,,
433589,2010/11,2011-03-14,Pallekele International Cricket Stadium,2,8.1,Pakistan,Zimbabwe,Mohammad Hafeez,Asad Shafiq,P Utseya,1,0,,,,,,,,,
433589,2010/11,2011-03-14,Pallekele International Cricket Stadium,2,8.2,Pakistan,Zimbabwe,Asad Shafiq,Mohammad Hafeez,P Utseya,0,0,,,,,,,,,
433589,2010/11,2011-03-14,Pallekele International Cricket Stadium,2,8.3,Pakistan,Zimbabwe,Asad Shafiq,Mohammad Hafeez,P Utseya,0,0,,,,,,,,,
433589,2010/11,2011-03-14,Pallekele International Cricket Stadium,2,8.4,Pakistan,Zimbabwe,Asad Shafiq,Mohammad Hafeez,P Utseya,0,0,,,,,,,,,
433589,2010/11,2011-03-14,Pallekele International Cricket Stadium,2,8.5,Pakistan,Zimbabwe,Asad Shafiq,Mohammad Hafeez,P Utseya,0,0,,,,,,,,,
433589,2010/11,2011-03-14,Pallekele International Cricket Stadium,2,8.6,Pakistan,Zimbabwe,Asad Shafiq,Mohammad Hafeez,P Utseya,0,0,,,,,,,,,
433589,2010/11,2011-03-14,Pallekele International Cricket Stadium,2,9.1,Pakistan,Zimbabwe,Mohammad Hafeez,Asad Shafiq,GA Lamb,0,0,,,,,,,,,
433589,2010/11,2011-03-14,Pallekele International Cricket Stadium,2,9.2,Pakistan,Zimbabwe,Mohammad Hafeez,Asad Shafiq,GA Lamb,4,0,,,,,,,,,
433589,2010/11,2011-03-14,Pallekele International Cricket Stadium,2,9.3,Pakistan,Zimbabwe,Mohammad Hafeez,Asad Shafiq,GA Lamb,1,0,,,,,,,,,
433589,2010/11,2011-03-14,Pallekele International Cricket Stadium,2,9.4,Pakistan,Zimbabwe,Asad Shafiq,Mohammad Hafeez,GA Lamb,0,0,,,,,,,,,
433589,2010/11,2011-03-14,Pallekele International Cricket Stadium,2,9.5,Pakistan,Zimbabwe,Asad Shafiq,Mohammad Hafeez,GA Lamb,1,0,,,,,,,,,
433589,2010/11,2011-03-14,Pallekele International Cricket Stadium,2,9.6,Pakistan,Zimbabwe,Mohammad Hafeez,Asad Shafiq,GA Lamb,0,0,,,,,,,,,
433589,2010/11,2011-03-14,Pallekele International Cricket Stadium,2,10.1,Pakistan,Zimbabwe,Asad Shafiq,Mohammad Hafeez,P Utseya,0,0,,,,,,,,,
433589,2010/11,2011-03-14,Pallekele International Cricket Stadium,2,10.2,Pakistan,Zimbabwe,Asad Shafiq,Mohammad Hafeez,P Utseya,0,0,,,,,,,,,
433589,2010/11,2011-03-14,Pallekele International Cricket Stadium,2,10.3,Pakistan,Zimbabwe,Asad Shafiq,Mohammad Hafeez,P Utseya,1,0,,,,,,,,,
433589,2010/11,2011-03-14,Pallekele International Cricket Stadium,2,10.4,Pakistan,Zimbabwe,Mohammad Hafeez,Asad Shafiq,P Utseya,0,0,,,,,,,,,
433589,2010/11,2011-03-14,Pallekele International Cricket Stadium,2,10.5,Pakistan,Zimbabwe,Mohammad Hafeez,Asad Shafiq,P Utseya,0,0,,,,,,,,,
433589,2010/11,2011-03-14,Pallekele International Cricket Stadium,2,10.6,Pakistan,Zimbabwe,Mohammad Hafeez,Asad Shafiq,P Utseya,1,0,,,,,,,,,
433589,2010/11,2011-03-14,Pallekele International Cricket Stadium,2,11.1,Pakistan,Zimbabwe,Mohammad Hafeez,Asad Shafiq,GA Lamb,1,0,,,,,,,,,
433589,2010/11,2011-03-14,Pallekele International Cricket Stadium,2,11.2,Pakistan,Zimbabwe,Asad Shafiq,Mohammad Hafeez,GA Lamb,1,0,,,,,,,,,
433589,2010/11,2011-03-14,Pallekele International Cricket Stadium,2,11.3,Pakistan,Zimbabwe,Mohammad Hafeez,Asad Shafiq,GA Lamb,1,0,,,,,,,,,
433589,2010/11,2011-03-14,Pallekele International Cricket Stadium,2,11.4,Pakistan,Zimbabwe,Asad Shafiq,Mohammad Hafeez,GA Lamb,0,0,,,,,,,,,
433589,2010/11,2011-03-14,Pallekele International Cricket Stadium,2,11.5,Pakistan,Zimbabwe,Asad Shafiq,Mohammad Hafeez,GA Lamb,1,0,,,,,,,,,
433589,2010/11,2011-03-14,Pallekele International Cricket Stadium,2,11.6,Pakistan,Zimbabwe,Mohammad Hafeez,Asad Shafiq,GA Lamb,0,0,,,,,,,,,
433589,2010/11,2011-03-14,Pallekele International Cricket Stadium,2,12.1,Pakistan,Zimbabwe,Asad Shafiq,Mohammad Hafeez,P Utseya,4,0,,,,,,,,,
433589,2010/11,2011-03-14,Pallekele International Cricket Stadium,2,12.2,Pakistan,Zimbabwe,Asad Shafiq,Mohammad Hafeez,P Utseya,1,0,,,,,,,,,
433589,2010/11,2011-03-14,Pallekele International Cricket Stadium,2,12.3,Pakistan,Zimbabwe,Mohammad Hafeez,Asad Shafiq,P Utseya,1,0,,,,,,,,,
433589,2010/11,2011-03-14,Pallekele International Cricket Stadium,2,12.4,Pakistan,Zimbabwe,Asad Shafiq,Mohammad Hafeez,P Utseya,1,0,,,,,,,,,
433589,2010/11,2011-03-14,Pallekele International Cricket Stadium,2,12.5,Pakistan,Zimbabwe,Mohammad Hafeez,Asad Shafiq,P Utseya,0,0,,,,,,,,,
433589,2010/11,2011-03-14,Pallekele International Cricket Stadium,2,12.6,Pakistan,Zimbabwe,Mohammad Hafeez,Asad Shafiq,P Utseya,0,0,,,,,,,,,
433589,2010/11,2011-03-14,Pallekele International Cricket Stadium,2,13.1,Pakistan,Zimbabwe,Asad Shafiq,Mohammad Hafeez,GA Lamb,1,0,,,,,,,,,
433589,2010/11,2011-03-14,Pallekele International Cricket Stadium,2,13.2,Pakistan,Zimbabwe,Mohammad Hafeez,Asad Shafiq,GA Lamb,0,0,,,,,,,,,
433589,2010/11,2011-03-14,Pallekele International Cricket Stadium,2,13.3,Pakistan,Zimbabwe,Mohammad Hafeez,Asad Shafiq,GA Lamb,0,0,,,,,,,,,
433589,2010/11,2011-03-14,Pallekele International Cricket Stadium,2,13.4,Pakistan,Zimbabwe,Mohammad Hafeez,Asad Shafiq,GA Lamb,0,0,,,,,,,,,
433589,2010/11,2011-03-14,Pallekele International Cricket Stadium,2,13.5,Pakistan,Zimbabwe,Mohammad Hafeez,Asad Shafiq,GA Lamb,1,0,,,,,,,,,
433589,2010/11,2011-03-14,Pallekele International Cricket Stadium,2,13.6,Pakistan,Zimbabwe,Asad Shafiq,Mohammad Hafeez,GA Lamb,1,0,,,,,,,,,
433589,2010/11,2011-03-14,Pallekele International Cricket Stadium,2,14.1,Pakistan,Zimbabwe,Asad Shafiq,Mohammad Hafeez,AG Cremer,0,0,,,,,,,,,
433589,2010/11,2011-03-14,Pallekele International Cricket Stadium,2,14.2,Pakistan,Zimbabwe,Asad Shafiq,Mohammad Hafeez,AG Cremer,1,0,,,,,,,,,
433589,2010/11,2011-03-14,Pallekele International Cricket Stadium,2,14.3,Pakistan,Zimbabwe,Mohammad Hafeez,Asad Shafiq,AG Cremer,0,0,,,,,,,,,
433589,2010/11,2011-03-14,Pallekele International Cricket Stadium,2,14.4,Pakistan,Zimbabwe,Mohammad Hafeez,Asad Shafiq,AG Cremer,0,0,,,,,,,,,
433589,2010/11,2011-03-14,Pallekele International Cricket Stadium,2,14.5,Pakistan,Zimbabwe,Mohammad Hafeez,Asad Shafiq,AG Cremer,1,0,,,,,,,,,
433589,2010/11,2011-03-14,Pallekele International Cricket Stadium,2,14.6,Pakistan,Zimbabwe,Asad Shafiq,Mohammad Hafeez,AG Cremer,0,0,,,,,,,,,
433589,2010/11,2011-03-14,Pallekele International Cricket Stadium,2,15.1,Pakistan,Zimbabwe,Mohammad Hafeez,Asad Shafiq,GA Lamb,1,0,,,,,,,,,
433589,2010/11,2011-03-14,Pallekele International Cricket Stadium,2,15.2,Pakistan,Zimbabwe,Asad Shafiq,Mohammad Hafeez,GA Lamb,1,0,,,,,,,,,
433589,2010/11,2011-03-14,Pallekele International Cricket Stadium,2,15.3,Pakistan,Zimbabwe,Mohammad Hafeez,Asad Shafiq,GA Lamb,1,0,,,,,,,,,
433589,2010/11,2011-03-14,Pallekele International Cricket Stadium,2,15.4,Pakistan,Zimbabwe,Asad Shafiq,Mohammad Hafeez,GA Lamb,1,0,,,,,,,,,
433589,2010/11,2011-03-14,Pallekele International Cricket Stadium,2,15.5,Pakistan,Zimbabwe,Mohammad Hafeez,Asad Shafiq,GA Lamb,1,0,,,,,,,,,
433589,2010/11,2011-03-14,Pallekele International Cricket Stadium,2,15.6,Pakistan,Zimbabwe,Asad Shafiq,Mohammad Hafeez,GA Lamb,3,0,,,,,,,,,
433589,2010/11,2011-03-14,Pallekele International Cricket Stadium,2,16.1,Pakistan,Zimbabwe,Asad Shafiq,Mohammad Hafeez,AG Cremer,0,0,,,,,,,,,
433589,2010/11,2011-03-14,Pallekele International Cricket Stadium,2,16.2,Pakistan,Zimbabwe,Asad Shafiq,Mohammad Hafeez,AG Cremer,0,0,,,,,,,,,
433589,2010/11,2011-03-14,Pallekele International Cricket Stadium,2,16.3,Pakistan,Zimbabwe,Asad Shafiq,Mohammad Hafeez,AG Cremer,1,0,,,,,,,,,
433589,2010/11,2011-03-14,Pallekele International Cricket Stadium,2,16.4,Pakistan,Zimbabwe,Mohammad Hafeez,Asad Shafiq,AG Cremer,0,0,,,,,,,,,
433589,2010/11,2011-03-14,Pallekele International Cricket Stadium,2,16.5,Pakistan,Zimbabwe,Mohammad Hafeez,Asad Shafiq,AG Cremer,1,0,,,,,,,,,
433589,2010/11,2011-03-14,Pallekele International Cricket Stadium,2,16.6,Pakistan,Zimbabwe,Asad Shafiq,Mohammad Hafeez,AG Cremer,0,0,,,,,,,,,
433589,2010/11,2011-03-14,Pallekele International Cricket Stadium,2,17.1,Pakistan,Zimbabwe,Mohammad Hafeez,Asad Shafiq,GA Lamb,2,0,,,,,,,,,
433589,2010/11,2011-03-14,Pallekele International Cricket Stadium,2,17.2,Pakistan,Zimbabwe,Mohammad Hafeez,Asad Shafiq,GA Lamb,0,0,,,,,,,,,
433589,2010/11,2011-03-14,Pallekele International Cricket Stadium,2,17.3,Pakistan,Zimbabwe,Mohammad Hafeez,Asad Shafiq,GA Lamb,1,0,,,,,,,,,
433589,2010/11,2011-03-14,Pallekele International Cricket Stadium,2,17.4,Pakistan,Zimbabwe,Asad Shafiq,Mohammad Hafeez,GA Lamb,4,0,,,,,,,,,
433589,2010/11,2011-03-14,Pallekele International Cricket Stadium,2,17.5,Pakistan,Zimbabwe,Asad Shafiq,Mohammad Hafeez,GA Lamb,0,0,,,,,,,,,
433589,2010/11,2011-03-14,Pallekele International Cricket Stadium,2,17.6,Pakistan,Zimbabwe,Asad Shafiq,Mohammad Hafeez,GA Lamb,1,0,,,,,,,,,
433589,2010/11,2011-03-14,Pallekele International Cricket Stadium,2,18.1,Pakistan,Zimbabwe,Asad Shafiq,Mohammad Hafeez,AG Cremer,1,0,,,,,,,,,
433589,2010/11,2011-03-14,Pallekele International Cricket Stadium,2,18.2,Pakistan,Zimbabwe,Mohammad Hafeez,Asad Shafiq,AG Cremer,0,0,,,,,,,,,
433589,2010/11,2011-03-14,Pallekele International Cricket Stadium,2,18.3,Pakistan,Zimbabwe,Mohammad Hafeez,Asad Shafiq,AG Cremer,1,0,,,,,,,,,
433589,2010/11,2011-03-14,Pallekele International Cricket Stadium,2,18.4,Pakistan,Zimbabwe,Asad Shafiq,Mohammad Hafeez,AG Cremer,0,0,,,,,,,,,
433589,2010/11,2011-03-14,Pallekele International Cricket Stadium,2,18.5,Pakistan,Zimbabwe,Asad Shafiq,Mohammad Hafeez,AG Cremer,1,0,,,,,,,,,
433589,2010/11,2011-03-14,Pallekele International Cricket Stadium,2,18.6,Pakistan,Zimbabwe,Mohammad Hafeez,Asad Shafiq,AG Cremer,2,0,,,,,,,,,
433589,2010/11,2011-03-14,Pallekele International Cricket Stadium,2,19.1,Pakistan,Zimbabwe,Asad Shafiq,Mohammad Hafeez,SW Masakadza,0,0,,,,,,,,,
433589,2010/11,2011-03-14,Pallekele International Cricket Stadium,2,19.2,Pakistan,Zimbabwe,Asad Shafiq,Mohammad Hafeez,SW Masakadza,0,0,,,,,,,,,
433589,2010/11,2011-03-14,Pallekele International Cricket Stadium,2,19.3,Pakistan,Zimbabwe,Asad Shafiq,Mohammad Hafeez,SW Masakadza,4,0,,,,,,,,,
433589,2010/11,2011-03-14,Pallekele International Cricket Stadium,2,19.4,Pakistan,Zimbabwe,Asad Shafiq,Mohammad Hafeez,SW Masakadza,0,0,,,,,,,,,
433589,2010/11,2011-03-14,Pallekele International Cricket Stadium,2,19.5,Pakistan,Zimbabwe,Asad Shafiq,Mohammad Hafeez,SW Masakadza,0,0,,,,,,,,,
433589,2010/11,2011-03-14,Pallekele International Cricket Stadium,2,19.6,Pakistan,Zimbabwe,Asad Shafiq,Mohammad Hafeez,SW Masakadza,0,1,1,,,,,,,,
433589,2010/11,2011-03-14,Pallekele International Cricket Stadium,2,19.7,Pakistan,Zimbabwe,Asad Shafiq,Mohammad Hafeez,SW Masakadza,0,0,,,,,,,,,
433589,2010/11,2011-03-14,Pallekele International Cricket Stadium,2,20.1,Pakistan,Zimbabwe,Mohammad Hafeez,Asad Shafiq,AG Cremer,1,0,,,,,,,,,
433589,2010/11,2011-03-14,Pallekele International Cricket Stadium,2,20.2,Pakistan,Zimbabwe,Asad Shafiq,Mohammad Hafeez,AG Cremer,0,1,1,,,,,,,,
433589,2010/11,2011-03-14,Pallekele International Cricket Stadium,2,20.3,Pakistan,Zimbabwe,Asad Shafiq,Mohammad Hafeez,AG Cremer,1,0,,,,,,,,,
433589,2010/11,2011-03-14,Pallekele International Cricket Stadium,2,20.4,Pakistan,Zimbabwe,Mohammad Hafeez,Asad Shafiq,AG Cremer,1,0,,,,,,,,,
433589,2010/11,2011-03-14,Pallekele International Cricket Stadium,2,20.5,Pakistan,Zimbabwe,Asad Shafiq,Mohammad Hafeez,AG Cremer,1,0,,,,,,,,,
433589,2010/11,2011-03-14,Pallekele International Cricket Stadium,2,20.6,Pakistan,Zimbabwe,Mohammad Hafeez,Asad Shafiq,AG Cremer,4,0,,,,,,,,,
433589,2010/11,2011-03-14,Pallekele International Cricket Stadium,2,20.7,Pakistan,Zimbabwe,Mohammad Hafeez,Asad Shafiq,AG Cremer,1,0,,,,,,,,,
433589,2010/11,2011-03-14,Pallekele International Cricket Stadium,2,21.1,Pakistan,Zimbabwe,Mohammad Hafeez,Asad Shafiq,RW Price,0,1,1,,,,,,,,
433589,2010/11,2011-03-14,Pallekele International Cricket Stadium,2,21.2,Pakistan,Zimbabwe,Mohammad Hafeez,Asad Shafiq,RW Price,0,0,,,,,,,,,
433589,2010/11,2011-03-14,Pallekele International Cricket Stadium,2,21.3,Pakistan,Zimbabwe,Mohammad Hafeez,Asad Shafiq,RW Price,1,0,,,,,,,,,
433589,2010/11,2011-03-14,Pallekele International Cricket Stadium,2,21.4,Pakistan,Zimbabwe,Asad Shafiq,Mohammad Hafeez,RW Price,0,0,,,,,,,,,
433589,2010/11,2011-03-14,Pallekele International Cricket Stadium,2,21.5,Pakistan,Zimbabwe,Asad Shafiq,Mohammad Hafeez,RW Price,1,0,,,,,,,,,
433589,2010/11,2011-03-14,Pallekele International Cricket Stadium,2,21.6,Pakistan,Zimbabwe,Mohammad Hafeez,Asad Shafiq,RW Price,0,0,,,,,,,,,
433589,2010/11,2011-03-14,Pallekele International Cricket Stadium,2,21.7,Pakistan,Zimbabwe,Mohammad Hafeez,Asad Shafiq,RW Price,0,0,,,,,,,,,
433589,2010/11,2011-03-14,Pallekele International Cricket Stadium,2,22.1,Pakistan,Zimbabwe,Asad Shafiq,Mohammad Hafeez,P Utseya,1,0,,,,,,,,,
433589,2010/11,2011-03-14,Pallekele International Cricket Stadium,2,22.2,Pakistan,Zimbabwe,Mohammad Hafeez,Asad Shafiq,P Utseya,0,0,,,,,,caught,Mohammad Hafeez,,
433589,2010/11,2011-03-14,Pallekele International Cricket Stadium,2,22.3,Pakistan,Zimbabwe,Shahid Afridi,Asad Shafiq,P Utseya,2,0,,,,,,,,,
433589,2010/11,2011-03-14,Pallekele International Cricket Stadium,2,22.4,Pakistan,Zimbabwe,Shahid Afridi,Asad Shafiq,P Utseya,1,0,,,,,,,,,
433589,2010/11,2011-03-14,Pallekele International Cricket Stadium,2,22.5,Pakistan,Zimbabwe,Asad Shafiq,Shahid Afridi,P Utseya,3,0,,,,,,,,,
433589,2010/11,2011-03-14,Pallekele International Cricket Stadium,2,22.6,Pakistan,Zimbabwe,Shahid Afridi,Asad Shafiq,P Utseya,0,0,,,,,,,,,
433589,2010/11,2011-03-14,Pallekele International Cricket Stadium,2,23.1,Pakistan,Zimbabwe,Asad Shafiq,Shahid Afridi,RW Price,4,0,,,,,,,,,
433589,2010/11,2011-03-14,Pallekele International Cricket Stadium,2,23.2,Pakistan,Zimbabwe,Asad Shafiq,Shahid Afridi,RW Price,1,0,,,,,,,,,
433589,2010/11,2011-03-14,Pallekele International Cricket Stadium,2,23.3,Pakistan,Zimbabwe,Shahid Afridi,Asad Shafiq,RW Price,0,0,,,,,,bowled,Shahid Afridi,,
433589,2010/11,2011-03-14,Pallekele International Cricket Stadium,2,23.4,Pakistan,Zimbabwe,Younis Khan,Asad Shafiq,RW Price,0,0,,,,,,,,,
433589,2010/11,2011-03-14,Pallekele International Cricket Stadium,2,23.5,Pakistan,Zimbabwe,Younis Khan,Asad Shafiq,RW Price,0,1,1,,,,,,,,
433589,2010/11,2011-03-14,Pallekele International Cricket Stadium,2,23.6,Pakistan,Zimbabwe,Younis Khan,Asad Shafiq,RW Price,0,0,,,,,,,,,
433589,2010/11,2011-03-14,Pallekele International Cricket Stadium,2,23.7,Pakistan,Zimbabwe,Younis Khan,Asad Shafiq,RW Price,0,0,,,,,,,,,
433589,2010/11,2011-03-14,Pallekele International Cricket Stadium,2,24.1,Pakistan,Zimbabwe,Asad Shafiq,Younis Khan,P Utseya,0,0,,,,,,,,,
433589,2010/11,2011-03-14,Pallekele International Cricket Stadium,2,24.2,Pakistan,Zimbabwe,Asad Shafiq,Younis Khan,P Utseya,0,0,,,,,,,,,
433589,2010/11,2011-03-14,Pallekele International Cricket Stadium,2,24.3,Pakistan,Zimbabwe,Asad Shafiq,Younis Khan,P Utseya,1,0,,,,,,,,,
433589,2010/11,2011-03-14,Pallekele International Cricket Stadium,2,24.4,Pakistan,Zimbabwe,Younis Khan,Asad Shafiq,P Utseya,0,0,,,,,,,,,
433589,2010/11,2011-03-14,Pallekele International Cricket Stadium,2,24.5,Pakistan,Zimbabwe,Younis Khan,Asad Shafiq,P Utseya,0,0,,,,,,,,,
433589,2010/11,2011-03-14,Pallekele International Cricket Stadium,2,24.6,Pakistan,Zimbabwe,Younis Khan,Asad Shafiq,P Utseya,1,0,,,,,,,,,
433589,2010/11,2011-03-14,Pallekele International Cricket Stadium,2,25.1,Pakistan,Zimbabwe,Younis Khan,Asad Shafiq,RW Price,1,0,,,,,,,,,
433589,2010/11,2011-03-14,Pallekele International Cricket Stadium,2,25.2,Pakistan,Zimbabwe,Asad Shafiq,Younis Khan,RW Price,0,0,,,,,,,,,
433589,2010/11,2011-03-14,Pallekele International Cricket Stadium,2,25.3,Pakistan,Zimbabwe,Asad Shafiq,Younis Khan,RW Price,1,0,,,,,,,,,
433589,2010/11,2011-03-14,Pallekele International Cricket Stadium,2,25.4,Pakistan,Zimbabwe,Younis Khan,Asad Shafiq,RW Price,1,0,,,,,,,,,
433589,2010/11,2011-03-14,Pallekele International Cricket Stadium,2,25.5,Pakistan,Zimbabwe,Asad Shafiq,Younis Khan,RW Price,0,0,,,,,,,,,
433589,2010/11,2011-03-14,Pallekele International Cricket Stadium,2,25.6,Pakistan,Zimbabwe,Asad Shafiq,Younis Khan,RW Price,0,0,,,,,,,,,
433589,2010/11,2011-03-14,Pallekele International Cricket Stadium,2,26.1,Pakistan,Zimbabwe,Younis Khan,Asad Shafiq,P Utseya,1,0,,,,,,,,,
433589,2010/11,2011-03-14,Pallekele International Cricket Stadium,2,26.2,Pakistan,Zimbabwe,Asad Shafiq,Younis Khan,P Utseya,2,0,,,,,,,,,
433589,2010/11,2011-03-14,Pallekele International Cricket Stadium,2,26.3,Pakistan,Zimbabwe,Asad Shafiq,Younis Khan,P Utseya,0,0,,,,,,,,,
433589,2010/11,2011-03-14,Pallekele International Cricket Stadium,2,26.4,Pakistan,Zimbabwe,Asad Shafiq,Younis Khan,P Utseya,1,0,,,,,,,,,
433589,2010/11,2011-03-14,Pallekele International Cricket Stadium,2,26.5,Pakistan,Zimbabwe,Younis Khan,Asad Shafiq,P Utseya,1,0,,,,,,,,,
433589,2010/11,2011-03-14,Pallekele International Cricket Stadium,2,26.6,Pakistan,Zimbabwe,Asad Shafiq,Younis Khan,P Utseya,0,0,,,,,,,,,
433589,2010/11,2011-03-14,Pallekele International Cricket Stadium,2,27.1,Pakistan,Zimbabwe,Younis Khan,Asad Shafiq,GA Lamb,1,0,,,,,,,,,
433589,2010/11,2011-03-14,Pallekele International Cricket Stadium,2,27.2,Pakistan,Zimbabwe,Asad Shafiq,Younis Khan,GA Lamb,0,0,,,,,,,,,
433589,2010/11,2011-03-14,Pallekele International Cricket Stadium,2,27.3,Pakistan,Zimbabwe,Asad Shafiq,Younis Khan,GA Lamb,0,0,,,,,,,,,
433589,2010/11,2011-03-14,Pallekele International Cricket Stadium,2,27.4,Pakistan,Zimbabwe,Asad Shafiq,Younis Khan,GA Lamb,1,0,,,,,,,,,
433589,2010/11,2011-03-14,Pallekele International Cricket Stadium,2,27.5,Pakistan,Zimbabwe,Younis Khan,Asad Shafiq,GA Lamb,1,0,,,,,,,,,
433589,2010/11,2011-03-14,Pallekele International Cricket Stadium,2,27.6,Pakistan,Zimbabwe,Asad Shafiq,Younis Khan,GA Lamb,1,0,,,,,,,,,
433589,2010/11,2011-03-14,Pallekele International Cricket Stadium,2,28.1,Pakistan,Zimbabwe,Asad Shafiq,Younis Khan,AG Cremer,0,0,,,,,,,,,
433589,2010/11,2011-03-14,Pallekele International Cricket Stadium,2,28.2,Pakistan,Zimbabwe,Asad Shafiq,Younis Khan,AG Cremer,1,0,,,,,,,,,
433589,2010/11,2011-03-14,Pallekele International Cricket Stadium,2,28.3,Pakistan,Zimbabwe,Younis Khan,Asad Shafiq,AG Cremer,0,0,,,,,,,,,
433589,2010/11,2011-03-14,Pallekele International Cricket Stadium,2,28.4,Pakistan,Zimbabwe,Younis Khan,Asad Shafiq,AG Cremer,1,0,,,,,,,,,
433589,2010/11,2011-03-14,Pallekele International Cricket Stadium,2,28.5,Pakistan,Zimbabwe,Asad Shafiq,Younis Khan,AG Cremer,0,0,,,,,,,,,
433589,2010/11,2011-03-14,Pallekele International Cricket Stadium,2,28.6,Pakistan,Zimbabwe,Asad Shafiq,Younis Khan,AG Cremer,1,0,,,,,,,,,
433589,2010/11,2011-03-14,Pallekele International Cricket Stadium,2,29.1,Pakistan,Zimbabwe,Asad Shafiq,Younis Khan,GA Lamb,0,0,,,,,,,,,
433589,2010/11,2011-03-14,Pallekele International Cricket Stadium,2,29.2,Pakistan,Zimbabwe,Asad Shafiq,Younis Khan,GA Lamb,1,0,,,,,,,,,
433589,2010/11,2011-03-14,Pallekele International Cricket Stadium,2,29.3,Pakistan,Zimbabwe,Younis Khan,Asad Shafiq,GA Lamb,1,0,,,,,,,,,
433589,2010/11,2011-03-14,Pallekele International Cricket Stadium,2,29.4,Pakistan,Zimbabwe,Asad Shafiq,Younis Khan,GA Lamb,4,0,,,,,,,,,
433589,2010/11,2011-03-14,Pallekele International Cricket Stadium,2,29.5,Pakistan,Zimbabwe,Asad Shafiq,Younis Khan,GA Lamb,4,0,,,,,,,,,
433589,2010/11,2011-03-14,Pallekele International Cricket Stadium,2,29.6,Pakistan,Zimbabwe,Asad Shafiq,Younis Khan,GA Lamb,1,0,,,,,,,,,
433589,2010/11,2011-03-14,Pallekele International Cricket Stadium,2,30.1,Pakistan,Zimbabwe,Asad Shafiq,Younis Khan,AG Cremer,3,0,,,,,,,,,
433589,2010/11,2011-03-14,Pallekele International Cricket Stadium,2,30.2,Pakistan,Zimbabwe,Younis Khan,Asad Shafiq,AG Cremer,2,0,,,,,,,,,
433589,2010/11,2011-03-14,Pallekele International Cricket Stadium,2,30.3,Pakistan,Zimbabwe,Younis Khan,Asad Shafiq,AG Cremer,0,0,,,,,,,,,
433589,2010/11,2011-03-14,Pallekele International Cricket Stadium,2,30.4,Pakistan,Zimbabwe,Younis Khan,Asad Shafiq,AG Cremer,0,0,,,,,,,,,
433589,2010/11,2011-03-14,Pallekele International Cricket Stadium,2,30.5,Pakistan,Zimbabwe,Younis Khan,Asad Shafiq,AG Cremer,0,0,,,,,,,,,
433589,2010/11,2011-03-14,Pallekele International Cricket Stadium,2,30.6,Pakistan,Zimbabwe,Younis Khan,Asad Shafiq,AG Cremer,0,0,,,,,,,,,
433589,2010/11,2011-03-14,Pallekele International Cricket Stadium,2,31.1,Pakistan,Zimbabwe,Asad Shafiq,Younis Khan,SW Masakadza,0,0,,,,,,,,,
433589,2010/11,2011-03-14,Pallekele International Cricket Stadium,2,31.2,Pakistan,Zimbabwe,Asad Shafiq,Younis Khan,SW Masakadza,0,0,,,,,,,,,
433589,2010/11,2011-03-14,Pallekele International Cricket Stadium,2,31.3,Pakistan,Zimbabwe,Asad Shafiq,Younis Khan,SW Masakadza,0,5,5,,,,,,,,
433589,2010/11,2011-03-14,Pallekele International Cricket Stadium,2,31.4,Pakistan,Zimbabwe,Asad Shafiq,Younis Khan,SW Masakadza,2,0,,,,,,,,,
433589,2010/11,2011-03-14,Pallekele International Cricket Stadium,2,31.5,Pakistan,Zimbabwe,Asad Shafiq,Younis Khan,SW Masakadza,2,0,,,,,,,,,
433589,2010/11,2011-03-14,Pallekele International Cricket Stadium,2,31.6,Pakistan,Zimbabwe,Asad Shafiq,Younis Khan,SW Masakadza,1,0,,,,,,,,,
433589,2010/11,2011-03-14,Pallekele International Cricket Stadium,2,31.7,Pakistan,Zimbabwe,Younis Khan,Asad Shafiq,SW Masakadza,0,0,,,,,,,,,
433589,2010/11,2011-03-14,Pallekele International Cricket Stadium,2,32.1,Pakistan,Zimbabwe,Asad Shafiq,Younis Khan,RW Price,1,0,,,,,,,,,
433589,2010/11,2011-03-14,Pallekele International Cricket Stadium,2,32.2,Pakistan,Zimbabwe,Younis Khan,Asad Shafiq,RW Price,0,0,,,,,,,,,
433589,2010/11,2011-03-14,Pallekele International Cricket Stadium,2,32.3,Pakistan,Zimbabwe,Younis Khan,Asad Shafiq,RW Price,0,0,,,,,,,,,
433589,2010/11,2011-03-14,Pallekele International Cricket Stadium,2,32.4,Pakistan,Zimbabwe,Younis Khan,Asad Shafiq,RW Price,0,0,,,,,,,,,
433589,2010/11,2011-03-14,Pallekele International Cricket Stadium,2,32.5,Pakistan,Zimbabwe,Younis Khan,Asad Shafiq,RW Price,0,0,,,,,,,,,
433589,2010/11,2011-03-14,Pallekele International Cricket Stadium,2,32.6,Pakistan,Zimbabwe,Younis Khan,Asad Shafiq,RW Price,0,0,,,,,,,,,
433589,2010/11,2011-03-14,Pallekele International Cricket Stadium,2,33.1,Pakistan,Zimbabwe,Asad Shafiq,Younis Khan,SW Masakadza,1,0,,,,,,,,,
433589,2010/11,2011-03-14,Pallekele International Cricket Stadium,2,33.2,Pakistan,Zimbabwe,Younis Khan,Asad Shafiq,SW Masakadza,1,0,,,,,,,,,
433589,2010/11,2011-03-14,Pallekele International Cricket Stadium,2,33.3,Pakistan,Zimbabwe,Asad Shafiq,Younis Khan,SW Masakadza,0,0,,,,,,,,,
433589,2010/11,2011-03-14,Pallekele International Cricket Stadium,2,33.4,Pakistan,Zimbabwe,Asad Shafiq,Younis Khan,SW Masakadza,1,0,,,,,,,,,
433589,2010/11,2011-03-14,Pallekele International Cricket Stadium,2,33.5,Pakistan,Zimbabwe,Younis Khan,Asad Shafiq,SW Masakadza,1,0,,,,,,,,,
433589,2010/11,2011-03-14,Pallekele International Cricket Stadium,2,33.6,Pakistan,Zimbabwe,Asad Shafiq,Younis Khan,SW Masakadza,1,0,,,,,,,,,
433589,2010/11,2011-03-14,Pallekele International Cricket Stadium,2,34.1,Pakistan,Zimbabwe,Asad Shafiq,Younis Khan,AG Cremer,4,0,,,,,,,,,
