match_id,season,start_date,venue,innings,ball,batting_team,bowling_team,striker,non_striker,bowler,runs_off_bat,extras,wides,noballs,byes,legbyes,penalty,wicket_type,player_dismissed,other_wicket_type,other_player_dismissed
433594,2010/11,2011-03-18,Wankhede Stadium,1,0.1,Sri Lanka,New Zealand,WU Tharanga,TM Dilshan,TG Southee,0,1,1,,,,,,,,
433594,2010/11,2011-03-18,Wankhede Stadium,1,0.2,Sri Lanka,New Zealand,WU Tharanga,TM Dilshan,TG Southee,0,2,,,,2,,,,,
433594,2010/11,2011-03-18,Wankhede Stadium,1,0.3,Sri Lanka,New Zealand,WU Tharanga,TM Dilshan,TG Southee,0,0,,,,,,,,,
433594,2010/11,2011-03-18,Wankhede Stadium,1,0.4,Sri Lanka,New Zealand,WU Tharanga,TM Dilshan,TG Southee,1,0,,,,,,,,,
433594,2010/11,2011-03-18,Wankhede Stadium,1,0.5,Sri Lanka,New Zealand,TM Dilshan,WU Tharanga,TG Southee,0,0,,,,,,,,,
433594,2010/11,2011-03-18,Wankhede Stadium,1,0.6,Sri Lanka,New Zealand,TM Dilshan,WU Tharanga,TG Southee,0,0,,,,,,,,,
433594,2010/11,2011-03-18,Wankhede Stadium,1,0.7,Sri Lanka,New Zealand,TM Dilshan,WU Tharanga,TG Southee,0,0,,,,,,,,,
433594,2010/11,2011-03-18,Wankhede Stadium,1,1.1,Sri Lanka,New Zealand,WU Tharanga,TM Dilshan,JDP Oram,1,0,,,,,,,,,
433594,2010/11,2011-03-18,Wankhede Stadium,1,1.2,Sri Lanka,New Zealand,TM Dilshan,WU Tharanga,JDP Oram,0,0,,,,,,,,,
433594,2010/11,2011-03-18,Wankhede Stadium,1,1.3,Sri Lanka,New Zealand,TM Dilshan,WU Tharanga,JDP Oram,2,0,,,,,,,,,
433594,2010/11,2011-03-18,Wankhede Stadium,1,1.4,Sri Lanka,New Zealand,TM Dilshan,WU Tharanga,JDP Oram,0,0,,,,,,,,,
433594,2010/11,2011-03-18,Wankhede Stadium,1,1.5,Sri Lanka,New Zealand,TM Dilshan,WU Tharanga,JDP Oram,0,0,,,,,,,,,
433594,2010/11,2011-03-18,Wankhede Stadium,1,1.6,Sri Lanka,New Zealand,TM Dilshan,WU Tharanga,JDP Oram,0,0,,,,,,,,,
433594,2010/11,2011-03-18,Wankhede Stadium,1,2.1,Sri Lanka,New Zealand,WU Tharanga,TM Dilshan,TG Southee,0,0,,,,,,,,,
433594,2010/11,2011-03-18,Wankhede Stadium,1,2.2,Sri Lanka,New Zealand,WU Tharanga,TM Dilshan,TG Southee,0,0,,,,,,,,,
433594,2010/11,2011-03-18,Wankhede Stadium,1,2.3,Sri Lanka,New Zealand,WU Tharanga,TM Dilshan,TG Southee,1,0,,,,,,,,,
433594,2010/11,2011-03-18,Wankhede Stadium,1,2.4,Sri Lanka,New Zealand,TM Dilshan,WU Tharanga,TG Southee,0,5,5,,,,,,,,
433594,2010/11,2011-03-18,Wankhede Stadium,1,2.5,Sri Lanka,New Zealand,TM Dilshan,WU Tharanga,TG Southee,0,0,,,,,,,,,
433594,2010/11,2011-03-18,Wankhede Stadium,1,2.6,Sri Lanka,New Zealand,TM Dilshan,WU Tharanga,TG Southee,0,0,,,,,,,,,
433594,2010/11,2011-03-18,Wankhede Stadium,1,2.7,Sri Lanka,New Zealand,TM Dilshan,WU Tharanga,TG Southee,0,0,,,,,,run out,WU Tharanga,,
433594,2010/11,2011-03-18,Wankhede Stadium,1,3.1,Sri Lanka,New Zealand,KC Sangakkara,TM Dilshan,JDP Oram,0,0,,,,,,,,,
433594,2010/11,2011-03-18,Wankhede Stadium,1,3.2,Sri Lanka,New Zealand,KC Sangakkara,TM Dilshan,JDP Oram,1,0,,,,,,,,,
433594,2010/11,2011-03-18,Wankhede Stadium,1,3.3,Sri Lanka,New Zealand,TM Dilshan,KC Sangakkara,JDP Oram,1,0,,,,,,,,,
433594,2010/11,2011-03-18,Wankhede Stadium,1,3.4,Sri Lanka,New Zealand,KC Sangakkara,TM Dilshan,JDP Oram,0,0,,,,,,,,,
433594,2010/11,2011-03-18,Wankhede Stadium,1,3.5,Sri Lanka,New Zealand,KC Sangakkara,TM Dilshan,JDP Oram,4,0,,,,,,,,,
433594,2010/11,2011-03-18,Wankhede Stadium,1,3.6,Sri Lanka,New Zealand,KC Sangakkara,TM Dilshan,JDP Oram,0,0,,,,,,,,,
433594,2010/11,2011-03-18,Wankhede Stadium,1,4.1,Sri Lanka,New Zealand,TM Dilshan,KC Sangakkara,TG Southee,0,0,,,,,,,,,
433594,2010/11,2011-03-18,Wankhede Stadium,1,4.2,Sri Lanka,New Zealand,TM Dilshan,KC Sangakkara,TG Southee,0,0,,,,,,,,,
433594,2010/11,2011-03-18,Wankhede Stadium,1,4.3,Sri Lanka,New Zealand,TM Dilshan,KC Sangakkara,TG Southee,0,0,,,,,,caught,TM Dilshan,,
433594,2010/11,2011-03-18,Wankhede Stadium,1,4.4,Sri Lanka,New Zealand,KC Sangakkara,DPMD Jayawardene,TG Southee,4,0,,,,,,,,,
433594,2010/11,2011-03-18,Wankhede Stadium,1,4.5,Sri Lanka,New Zealand,KC Sangakkara,DPMD Jayawardene,TG Southee,0,0,,,,,,,,,
433594,2010/11,2011-03-18,Wankhede Stadium,1,4.6,Sri Lanka,New Zealand,KC Sangakkara,DPMD Jayawardene,TG Southee,0,0,,,,,,,,,
433594,2010/11,2011-03-18,Wankhede Stadium,1,5.1,Sri Lanka,New Zealand,DPMD Jayawardene,KC Sangakkara,JDP Oram,0,0,,,,,,,,,
433594,2010/11,2011-03-18,Wankhede Stadium,1,5.2,Sri Lanka,New Zealand,DPMD Jayawardene,KC Sangakkara,JDP Oram,4,0,,,,,,,,,
433594,2010/11,2011-03-18,Wankhede Stadium,1,5.3,Sri Lanka,New Zealand,DPMD Jayawardene,KC Sangakkara,JDP Oram,0,0,,,,,,,,,
433594,2010/11,2011-03-18,Wankhede Stadium,1,5.4,Sri Lanka,New Zealand,DPMD Jayawardene,KC Sangakkara,JDP Oram,0,0,,,,,,,,,
433594,2010/11,2011-03-18,Wankhede Stadium,1,5.5,Sri Lanka,New Zealand,DPMD Jayawardene,KC Sangakkara,JDP Oram,0,0,,,,,,,,,
433594,2010/11,2011-03-18,Wankhede Stadium,1,5.6,Sri Lanka,New Zealand,DPMD Jayawardene,KC Sangakkara,JDP Oram,0,0,,,,,,,,,
433594,2010/11,2011-03-18,Wankhede Stadium,1,6.1,Sri Lanka,New Zealand,KC Sangakkara,DPMD Jayawardene,TG Southee,0,0,,,,,,,,,
433594,2010/11,2011-03-18,Wankhede Stadium,1,6.2,Sri Lanka,New Zealand,KC Sangakkara,DPMD Jayawardene,TG Southee,0,0,,,,,,,,,
433594,2010/11,2011-03-18,Wankhede Stadium,1,6.3,Sri Lanka,New Zealand,KC Sangakkara,DPMD Jayawardene,TG Southee,0,0,,,,,,,,,
433594,2010/11,2011-03-18,Wankhede Stadium,1,6.4,Sri Lanka,New Zealand,KC Sangakkara,DPMD Jayawardene,TG Southee,2,0,,,,,,,,,
433594,2010/11,2011-03-18,Wankhede Stadium,1,6.5,Sri Lanka,New Zealand,KC Sangakkara,DPMD Jayawardene,TG Southee,0,0,,,,,,,,,
433594,2010/11,2011-03-18,Wankhede Stadium,1,6.6,Sri Lanka,New Zealand,KC Sangakkara,DPMD Jayawardene,TG Southee,0,0,,,,,,,,,
433594,2010/11,2011-03-18,Wankhede Stadium,1,7.1,Sri Lanka,New Zealand,DPMD Jayawardene,KC Sangakkara,HK Bennett,4,0,,,,,,,,,
433594,2010/11,2011-03-18,Wankhede Stadium,1,7.2,Sri Lanka,New Zealand,DPMD Jayawardene,KC Sangakkara,HK Bennett,0,0,,,,,,,,,
433594,2010/11,2011-03-18,Wankhede Stadium,1,7.3,Sri Lanka,New Zealand,DPMD Jayawardene,KC Sangakkara,HK Bennett,0,0,,,,,,,,,
433594,2010/11,2011-03-18,Wankhede Stadium,1,7.4,Sri Lanka,New Zealand,DPMD Jayawardene,KC Sangakkara,HK Bennett,2,0,,,,,,,,,
433594,2010/11,2011-03-18,Wankhede Stadium,1,7.5,Sri Lanka,New Zealand,DPMD Jayawardene,KC Sangakkara,HK Bennett,0,0,,,,,,,,,
433594,2010/11,2011-03-18,Wankhede Stadium,1,7.6,Sri Lanka,New Zealand,DPMD Jayawardene,KC Sangakkara,HK Bennett,0,0,,,,,,,,,
433594,2010/11,2011-03-18,Wankhede Stadium,1,8.1,Sri Lanka,New Zealand,KC Sangakkara,DPMD Jayawardene,TG Southee,0,0,,,,,,,,,
433594,2010/11,2011-03-18,Wankhede Stadium,1,8.2,Sri Lanka,New Zealand,KC Sangakkara,DPMD Jayawardene,TG Southee,1,0,,,,,,,,,
433594,2010/11,2011-03-18,Wankhede Stadium,1,8.3,Sri Lanka,New Zealand,DPMD Jayawardene,KC Sangakkara,TG Southee,0,0,,,,,,,,,
433594,2010/11,2011-03-18,Wankhede Stadium,1,8.4,Sri Lanka,New Zealand,DPMD Jayawardene,KC Sangakkara,TG Southee,1,0,,,,,,,,,
433594,2010/11,2011-03-18,Wankhede Stadium,1,8.5,Sri Lanka,New Zealand,KC Sangakkara,DPMD Jayawardene,TG Southee,4,0,,,,,,,,,
433594,2010/11,2011-03-18,Wankhede Stadium,1,8.6,Sri Lanka,New Zealand,KC Sangakkara,DPMD Jayawardene,TG Southee,0,0,,,,,,,,,
433594,2010/11,2011-03-18,Wankhede Stadium,1,9.1,Sri Lanka,New Zealand,DPMD Jayawardene,KC Sangakkara,HK Bennett,0,0,,,,,,,,,
433594,2010/11,2011-03-18,Wankhede Stadium,1,9.2,Sri Lanka,New Zealand,DPMD Jayawardene,KC Sangakkara,HK Bennett,0,0,,,,,,,,,
433594,2010/11,2011-03-18,Wankhede Stadium,1,9.3,Sri Lanka,New Zealand,DPMD Jayawardene,KC Sangakkara,HK Bennett,0,0,,,,,,,,,
433594,2010/11,2011-03-18,Wankhede Stadium,1,9.4,Sri Lanka,New Zealand,DPMD Jayawardene,KC Sangakkara,HK Bennett,0,0,,,,,,,,,
433594,2010/11,2011-03-18,Wankhede Stadium,1,9.5,Sri Lanka,New Zealand,DPMD Jayawardene,KC Sangakkara,HK Bennett,1,0,,,,,,,,,
433594,2010/11,2011-03-18,Wankhede Stadium,1,9.6,Sri Lanka,New Zealand,KC Sangakkara,DPMD Jayawardene,HK Bennett,1,0,,,,,,,,,
433594,2010/11,2011-03-18,Wankhede Stadium,1,10.1,Sri Lanka,New Zealand,KC Sangakkara,DPMD Jayawardene,JD Ryder,0,1,1,,,,,,,,
433594,2010/11,2011-03-18,Wankhede Stadium,1,10.2,Sri Lanka,New Zealand,KC Sangakkara,DPMD Jayawardene,JD Ryder,0,0,,,,,,,,,
433594,2010/11,2011-03-18,Wankhede Stadium,1,10.3,Sri Lanka,New Zealand,KC Sangakkara,DPMD Jayawardene,JD Ryder,0,0,,,,,,,,,
433594,2010/11,2011-03-18,Wankhede Stadium,1,10.4,Sri Lanka,New Zealand,KC Sangakkara,DPMD Jayawardene,JD Ryder,0,0,,,,,,,,,
433594,2010/11,2011-03-18,Wankhede Stadium,1,10.5,Sri Lanka,New Zealand,KC Sangakkara,DPMD Jayawardene,JD Ryder,1,0,,,,,,,,,
433594,2010/11,2011-03-18,Wankhede Stadium,1,10.6,Sri Lanka,New Zealand,DPMD Jayawardene,KC Sangakkara,JD Ryder,0,0,,,,,,,,,
433594,2010/11,2011-03-18,Wankhede Stadium,1,10.7,Sri Lanka,New Zealand,DPMD Jayawardene,KC Sangakkara,JD Ryder,0,0,,,,,,,,,
433594,2010/11,2011-03-18,Wankhede Stadium,1,11.1,Sri Lanka,New Zealand,KC Sangakkara,DPMD Jayawardene,HK Bennett,0,0,,,,,,,,,
433594,2010/11,2011-03-18,Wankhede Stadium,1,11.2,Sri Lanka,New Zealand,KC Sangakkara,DPMD Jayawardene,HK Bennett,0,0,,,,,,,,,
433594,2010/11,2011-03-18,Wankhede Stadium,1,11.3,Sri Lanka,New Zealand,KC Sangakkara,DPMD Jayawardene,HK Bennett,0,0,,,,,,,,,
433594,2010/11,2011-03-18,Wankhede Stadium,1,11.4,Sri Lanka,New Zealand,KC Sangakkara,DPMD Jayawardene,HK Bennett,0,0,,,,,,,,,
433594,2010/11,2011-03-18,Wankhede Stadium,1,11.5,Sri Lanka,New Zealand,KC Sangakkara,DPMD Jayawardene,HK Bennett,4,0,,,,,,,,,
433594,2010/11,2011-03-18,Wankhede Stadium,1,11.6,Sri Lanka,New Zealand,KC Sangakkara,DPMD Jayawardene,HK Bennett,0,0,,,,,,,,,
433594,2010/11,2011-03-18,Wankhede Stadium,1,12.1,Sri Lanka,New Zealand,DPMD Jayawardene,KC Sangakkara,JDP Oram,2,0,,,,,,,,,
433594,2010/11,2011-03-18,Wankhede Stadium,1,12.2,Sri Lanka,New Zealand,DPMD Jayawardene,KC Sangakkara,JDP Oram,0,1,,,,1,,,,,
433594,2010/11,2011-03-18,Wankhede Stadium,1,12.3,Sri Lanka,New Zealand,KC Sangakkara,DPMD Jayawardene,JDP Oram,0,0,,,,,,,,,
433594,2010/11,2011-03-18,Wankhede Stadium,1,12.4,Sri Lanka,New Zealand,KC Sangakkara,DPMD Jayawardene,JDP Oram,0,0,,,,,,,,,
433594,2010/11,2011-03-18,Wankhede Stadium,1,12.5,Sri Lanka,New Zealand,KC Sangakkara,DPMD Jayawardene,JDP Oram,0,0,,,,,,,,,
433594,2010/11,2011-03-18,Wankhede Stadium,1,12.6,Sri Lanka,New Zealand,KC Sangakkara,DPMD Jayawardene,JDP Oram,0,0,,,,,,,,,
433594,2010/11,2011-03-18,Wankhede Stadium,1,13.1,Sri Lanka,New Zealand,DPMD Jayawardene,KC Sangakkara,JD Ryder,0,0,,,,,,,,,
433594,2010/11,2011-03-18,Wankhede Stadium,1,13.2,Sri Lanka,New Zealand,DPMD Jayawardene,KC Sangakkara,JD Ryder,1,0,,,,,,,,,
433594,2010/11,2011-03-18,Wankhede Stadium,1,13.3,Sri Lanka,New Zealand,KC Sangakkara,DPMD Jayawardene,JD Ryder,0,1,,1,,,,,,,
433594,2010/11,2011-03-18,Wankhede Stadium,1,13.4,Sri Lanka,New Zealand,KC Sangakkara,DPMD Jayawardene,JD Ryder,4,0,,,,,,,,,
433594,2010/11,2011-03-18,Wankhede Stadium,1,13.5,Sri Lanka,New Zealand,KC Sangakkara,DPMD Jayawardene,JD Ryder,1,0,,,,,,,,,
433594,2010/11,2011-03-18,Wankhede Stadium,1,13.6,Sri Lanka,New Zealand,DPMD Jayawardene,KC Sangakkara,JD Ryder,0,0,,,,,,,,,
433594,2010/11,2011-03-18,Wankhede Stadium,1,13.7,Sri Lanka,New Zealand,DPMD Jayawardene,KC Sangakkara,JD Ryder,0,0,,,,,,,,,
433594,2010/11,2011-03-18,Wankhede Stadium,1,14.1,Sri Lanka,New Zealand,KC Sangakkara,DPMD Jayawardene,JDP Oram,0,0,,,,,,,,,
433594,2010/11,2011-03-18,Wankhede Stadium,1,14.2,Sri Lanka,New Zealand,KC Sangakkara,DPMD Jayawardene,JDP Oram,0,0,,,,,,,,,
433594,2010/11,2011-03-18,Wankhede Stadium,1,14.3,Sri Lanka,New Zealand,KC Sangakkara,DPMD Jayawardene,JDP Oram,1,0,,,,,,,,,
433594,2010/11,2011-03-18,Wankhede Stadium,1,14.4,Sri Lanka,New Zealand,DPMD Jayawardene,KC Sangakkara,JDP Oram,0,0,,,,,,,,,
433594,2010/11,2011-03-18,Wankhede Stadium,1,14.5,Sri Lanka,New Zealand,DPMD Jayawardene,KC Sangakkara,JDP Oram,0,0,,,,,,,,,
433594,2010/11,2011-03-18,Wankhede Stadium,1,14.6,Sri Lanka,New Zealand,DPMD Jayawardene,KC Sangakkara,JDP Oram,0,0,,,,,,,,,
433594,2010/11,2011-03-18,Wankhede Stadium,1,15.1,Sri Lanka,New Zealand,KC Sangakkara,DPMD Jayawardene,JEC Franklin,4,0,,,,,,,,,
433594,2010/11,2011-03-18,Wankhede Stadium,1,15.2,Sri Lanka,New Zealand,KC Sangakkara,DPMD Jayawardene,JEC Franklin,0,0,,,,,,,,,
433594,2010/11,2011-03-18,Wankhede Stadium,1,15.3,Sri Lanka,New Zealand,KC Sangakkara,DPMD Jayawardene,JEC Franklin,0,0,,,,,,,,,
433594,2010/11,2011-03-18,Wankhede Stadium,1,15.4,Sri Lanka,New Zealand,KC Sangakkara,DPMD Jayawardene,JEC Franklin,0,0,,,,,,,,,
433594,2010/11,2011-03-18,Wankhede Stadium,1,15.5,Sri Lanka,New Zealand,KC Sangakkara,DPMD Jayawardene,JEC Franklin,0,0,,,,,,,,,
433594,2010/11,2011-03-18,Wankhede Stadium,1,15.6,Sri Lanka,New Zealand,KC Sangakkara,DPMD Jayawardene,JEC Franklin,0,0,,,,,,,,,
433594,2010/11,2011-03-18,Wankhede Stadium,1,16.1,Sri Lanka,New Zealand,DPMD Jayawardene,KC Sangakkara,JDP Oram,0,0,,,,,,,,,
433594,2010/11,2011-03-18,Wankhede Stadium,1,16.2,Sri Lanka,New Zealand,DPMD Jayawardene,KC Sangakkara,JDP Oram,0,0,,,,,,,,,
433594,2010/11,2011-03-18,Wankhede Stadium,1,16.3,Sri Lanka,New Zealand,DPMD Jayawardene,KC Sangakkara,JDP Oram,0,0,,,,,,,,,
433594,2010/11,2011-03-18,Wankhede Stadium,1,16.4,Sri Lanka,New Zealand,DPMD Jayawardene,KC Sangakkara,JDP Oram,0,0,,,,,,,,,
433594,2010/11,2011-03-18,Wankhede Stadium,1,16.5,Sri Lanka,New Zealand,DPMD Jayawardene,KC Sangakkara,JDP Oram,0,0,,,,,,,,,
433594,2010/11,2011-03-18,Wankhede Stadium,1,16.6,Sri Lanka,New Zealand,DPMD Jayawardene,KC Sangakkara,JDP Oram,0,0,,,,,,,,,
433594,2010/11,2011-03-18,Wankhede Stadium,1,17.1,Sri Lanka,New Zealand,KC Sangakkara,DPMD Jayawardene,JEC Franklin,0,0,,,,,,,,,
433594,2010/11,2011-03-18,Wankhede Stadium,1,17.2,Sri Lanka,New Zealand,KC Sangakkara,DPMD Jayawardene,JEC Franklin,1,0,,,,,,,,,
433594,2010/11,2011-03-18,Wankhede Stadium,1,17.3,Sri Lanka,New Zealand,DPMD Jayawardene,KC Sangakkara,JEC Franklin,1,0,,,,,,,,,
433594,2010/11,2011-03-18,Wankhede Stadium,1,17.4,Sri Lanka,New Zealand,KC Sangakkara,DPMD Jayawardene,JEC Franklin,1,0,,,,,,,,,
433594,2010/11,2011-03-18,Wankhede Stadium,1,17.5,Sri Lanka,New Zealand,DPMD Jayawardene,KC Sangakkara,JEC Franklin,1,0,,,,,,,,,
433594,2010/11,2011-03-18,Wankhede Stadium,1,17.6,Sri Lanka,New Zealand,KC Sangakkara,DPMD Jayawardene,JEC Franklin,0,0,,,,,,,,,
433594,2010/11,2011-03-18,Wankhede Stadium,1,18.1,Sri Lanka,New Zealand,DPMD Jayawardene,KC Sangakkara,SB Styris,1,0,,,,,,,,,
433594,2010/11,2011-03-18,Wankhede Stadium,1,18.2,Sri Lanka,New Zealand,KC Sangakkara,DPMD Jayawardene,SB Styris,0,0,,,,,,,,,
433594,2010/11,2011-03-18,Wankhede Stadium,1,18.3,Sri Lanka,New Zealand,KC Sangakkara,DPMD Jayawardene,SB Styris,0,0,,,,,,,,,
433594,2010/11,2011-03-18,Wankhede Stadium,1,18.4,Sri Lanka,New Zealand,KC Sangakkara,DPMD Jayawardene,SB Styris,1,0,,,,,,,,,
433594,2010/11,2011-03-18,Wankhede Stadium,1,18.5,Sri Lanka,New Zealand,DPMD Jayawardene,KC Sangakkara,SB Styris,1,0,,,,,,,,,
433594,2010/11,2011-03-18,Wankhede Stadium,1,18.6,Sri Lanka,New Zealand,KC Sangakkara,DPMD Jayawardene,SB Styris,1,0,,,,,,,,,
433594,2010/11,2011-03-18,Wankhede Stadium,1,19.1,Sri Lanka,New Zealand,KC Sangakkara,DPMD Jayawardene,NL McCullum,0,0,,,,,,,,,
433594,2010/11,2011-03-18,Wankhede Stadium,1,19.2,Sri Lanka,New Zealand,KC Sangakkara,DPMD Jayawardene,NL McCullum,1,0,,,,,,,,,
433594,2010/11,2011-03-18,Wankhede Stadium,1,19.3,Sri Lanka,New Zealand,DPMD Jayawardene,KC Sangakkara,NL McCullum,0,0,,,,,,,,,
433594,2010/11,2011-03-18,Wankhede Stadium,1,19.4,Sri Lanka,New Zealand,DPMD Jayawardene,KC Sangakkara,NL McCullum,1,0,,,,,,,,,
433594,2010/11,2011-03-18,Wankhede Stadium,1,19.5,Sri Lanka,New Zealand,KC Sangakkara,DPMD Jayawardene,NL McCullum,0,0,,,,,,,,,
433594,2010/11,2011-03-18,Wankhede Stadium,1,19.6,Sri Lanka,New Zealand,KC Sangakkara,DPMD Jayawardene,NL McCullum,1,0,,,,,,,,,
433594,2010/11,2011-03-18,Wankhede Stadium,1,20.1,Sri Lanka,New Zealand,KC Sangakkara,DPMD Jayawardene,SB Styris,0,0,,,,,,,,,
433594,2010/11,2011-03-18,Wankhede Stadium,1,20.2,Sri Lanka,New Zealand,KC Sangakkara,DPMD Jayawardene,SB Styris,1,0,,,,,,,,,
433594,2010/11,2011-03-18,Wankhede Stadium,1,20.3,Sri Lanka,New Zealand,DPMD Jayawardene,KC Sangakkara,SB Styris,0,0,,,,,,,,,
433594,2010/11,2011-03-18,Wankhede Stadium,1,20.4,Sri Lanka,New Zealand,DPMD Jayawardene,KC Sangakkara,SB Styris,0,0,,,,,,,,,
433594,2010/11,2011-03-18,Wankhede Stadium,1,20.5,Sri Lanka,New Zealand,DPMD Jayawardene,KC Sangakkara,SB Styris,1,0,,,,,,,,,
433594,2010/11,2011-03-18,Wankhede Stadium,1,20.6,Sri Lanka,New Zealand,KC Sangakkara,DPMD Jayawardene,SB Styris,1,0,,,,,,,,,
433594,2010/11,2011-03-18,Wankhede Stadium,1,21.1,Sri Lanka,New Zealand,KC Sangakkara,DPMD Jayawardene,NL McCullum,0,0,,,,,,,,,
433594,2010/11,2011-03-18,Wankhede Stadium,1,21.2,Sri Lanka,New Zealand,KC Sangakkara,DPMD Jayawardene,NL McCullum,0,0,,,,,,,,,
433594,2010/11,2011-03-18,Wankhede Stadium,1,21.3,Sri Lanka,New Zealand,KC Sangakkara,DPMD Jayawardene,NL McCullum,1,0,,,,,,,,,
433594,2010/11,2011-03-18,Wankhede Stadium,1,21.4,Sri Lanka,New Zealand,DPMD Jayawardene,KC Sangakkara,NL McCullum,0,0,,,,,,,,,
433594,2010/11,2011-03-18,Wankhede Stadium,1,21.5,Sri Lanka,New Zealand,DPMD Jayawardene,KC Sangakkara,NL McCullum,1,0,,,,,,,,,
433594,2010/11,2011-03-18,Wankhede Stadium,1,21.6,Sri Lanka,New Zealand,KC Sangakkara,DPMD Jayawardene,NL McCullum,1,0,,,,,,,,,
433594,2010/11,2011-03-18,Wankhede Stadium,1,22.1,Sri Lanka,New Zealand,KC Sangakkara,DPMD Jayawardene,SB Styris,1,0,,,,,,,,,
433594,2010/11,2011-03-18,Wankhede Stadium,1,22.2,Sri Lanka,New Zealand,DPMD Jayawardene,KC Sangakkara,SB Styris,1,0,,,,,,,,,
433594,2010/11,2011-03-18,Wankhede Stadium,1,22.3,Sri Lanka,New Zealand,KC Sangakkara,DPMD Jayawardene,SB Styris,0,0,,,,,,,,,
433594,2010/11,2011-03-18,Wankhede Stadium,1,22.4,Sri Lanka,New Zealand,KC Sangakkara,DPMD Jayawardene,SB Styris,0,0,,,,,,,,,
433594,2010/11,2011-03-18,Wankhede Stadium,1,22.5,Sri Lanka,New Zealand,KC Sangakkara,DPMD Jayawardene,SB Styris,1,0,,,,,,,,,
433594,2010/11,2011-03-18,Wankhede Stadium,1,22.6,Sri Lanka,New Zealand,DPMD Jayawardene,KC Sangakkara,SB Styris,1,0,,,,,,,,,
433594,2010/11,2011-03-18,Wankhede Stadium,1,23.1,Sri Lanka,New Zealand,DPMD Jayawardene,KC Sangakkara,NL McCullum,2,0,,,,,,,,,
433594,2010/11,2011-03-18,Wankhede Stadium,1,23.2,Sri Lanka,New Zealand,DPMD Jayawardene,KC Sangakkara,NL McCullum,0,0,,,,,,,,,
433594,2010/11,2011-03-18,Wankhede Stadium,1,23.3,Sri Lanka,New Zealand,DPMD Jayawardene,KC Sangakkara,NL McCullum,1,0,,,,,,,,,
433594,2010/11,2011-03-18,Wankhede Stadium,1,23.4,Sri Lanka,New Zealand,KC Sangakkara,DPMD Jayawardene,NL McCullum,1,0,,,,,,,,,
433594,2010/11,2011-03-18,Wankhede Stadium,1,23.5,Sri Lanka,New Zealand,DPMD Jayawardene,KC Sangakkara,NL McCullum,0,0,,,,,,,,,
433594,2010/11,2011-03-18,Wankhede Stadium,1,23.6,Sri Lanka,New Zealand,DPMD Jayawardene,KC Sangakkara,NL McCullum,4,0,,,,,,,,,
433594,2010/11,2011-03-18,Wankhede Stadium,1,24.1,Sri Lanka,New Zealand,KC Sangakkara,DPMD Jayawardene,SB Styris,1,0,,,,,,,,,
433594,2010/11,2011-03-18,Wankhede Stadium,1,24.2,Sri Lanka,New Zealand,DPMD Jayawardene,KC Sangakkara,SB Styris,1,0,,,,,,,,,
433594,2010/11,2011-03-18,Wankhede Stadium,1,24.3,Sri Lanka,New Zealand,KC Sangakkara,DPMD Jayawardene,SB Styris,0,0,,,,,,,,,
433594,2010/11,2011-03-18,Wankhede Stadium,1,24.4,Sri Lanka,New Zealand,KC Sangakkara,DPMD Jayawardene,SB Styris,0,0,,,,,,,,,
433594,2010/11,2011-03-18,Wankhede Stadium,1,24.5,Sri Lanka,New Zealand,KC Sangakkara,DPMD Jayawardene,SB Styris,1,0,,,,,,,,,
433594,2010/11,2011-03-18,Wankhede Stadium,1,24.6,Sri Lanka,New Zealand,DPMD Jayawardene,KC Sangakkara,SB Styris,4,0,,,,,,,,,
433594,2010/11,2011-03-18,Wankhede Stadium,1,25.1,Sri Lanka,New Zealand,KC Sangakkara,DPMD Jayawardene,NL McCullum,0,0,,,,,,,,,
433594,2010/11,2011-03-18,Wankhede Stadium,1,25.2,Sri Lanka,New Zealand,KC Sangakkara,DPMD Jayawardene,NL McCullum,1,0,,,,,,,,,
433594,2010/11,2011-03-18,Wankhede Stadium,1,25.3,Sri Lanka,New Zealand,DPMD Jayawardene,KC Sangakkara,NL McCullum,0,0,,,,,,,,,
433594,2010/11,2011-03-18,Wankhede Stadium,1,25.4,Sri Lanka,New Zealand,DPMD Jayawardene,KC Sangakkara,NL McCullum,1,0,,,,,,,,,
433594,2010/11,2011-03-18,Wankhede Stadium,1,25.5,Sri Lanka,New Zealand,KC Sangakkara,DPMD Jayawardene,NL McCullum,1,0,,,,,,,,,
433594,2010/11,2011-03-18,Wankhede Stadium,1,25.6,Sri Lanka,New Zealand,DPMD Jayawardene,KC Sangakkara,NL McCullum,1,0,,,,,,,,,
433594,2010/11,2011-03-18,Wankhede Stadium,1,26.1,Sri Lanka,New Zealand,DPMD Jayawardene,KC Sangakkara,SB Styris,0,0,,,,,,,,,
433594,2010/11,2011-03-18,Wankhede Stadium,1,26.2,Sri Lanka,New Zealand,DPMD Jayawardene,KC Sangakkara,SB Styris,2,0,,,,,,,,,
433594,2010/11,2011-03-18,Wankhede Stadium,1,26.3,Sri Lanka,New Zealand,DPMD Jayawardene,KC Sangakkara,SB Styris,1,0,,,,,,,,,
433594,2010/11,2011-03-18,Wankhede Stadium,1,26.4,Sri Lanka,New Zealand,KC Sangakkara,DPMD Jayawardene,SB Styris,1,0,,,,,,,,,
433594,2010/11,2011-03-18,Wankhede Stadium,1,26.5,Sri Lanka,New Zealand,DPMD Jayawardene,KC Sangakkara,SB Styris,0,0,,,,,,,,,
433594,2010/11,2011-03-18,Wankhede Stadium,1,26.6,Sri Lanka,New Zealand,DPMD Jayawardene,KC Sangakkara,SB Styris,1,0,,,,,,,,,
433594,2010/11,2011-03-18,Wankhede Stadium,1,27.1,Sri Lanka,New Zealand,DPMD Jayawardene,KC Sangakkara,NL McCullum,0,0,,,,,,,,,
433594,2010/11,2011-03-18,Wankhede Stadium,1,27.2,Sri Lanka,New Zealand,DPMD Jayawardene,KC Sangakkara,NL McCullum,1,0,,,,,,,,,
433594,2010/11,2011-03-18,Wankhede Stadium,1,27.3,Sri Lanka,New Zealand,KC Sangakkara,DPMD Jayawardene,NL McCullum,2,0,,,,,,,,,
433594,2010/11,2011-03-18,Wankhede Stadium,1,27.4,Sri Lanka,New Zealand,KC Sangakkara,DPMD Jayawardene,NL McCullum,0,0,,,,,,,,,
433594,2010/11,2011-03-18,Wankhede Stadium,1,27.5,Sri Lanka,New Zealand,KC Sangakkara,DPMD Jayawardene,NL McCullum,0,0,,,,,,,,,
433594,2010/11,2011-03-18,Wankhede Stadium,1,27.6,Sri Lanka,New Zealand,KC Sangakkara,DPMD Jayawardene,NL McCullum,0,0,,,,,,,,,
433594,2010/11,2011-03-18,Wankhede Stadium,1,28.1,Sri Lanka,New Zealand,DPMD Jayawardene,KC Sangakkara,HK Bennett,0,1,,1,,,,,,,
433594,2010/11,2011-03-18,Wankhede Stadium,1,28.2,Sri Lanka,New Zealand,DPMD Jayawardene,KC Sangakkara,HK Bennett,1,0,,,,,,,,,
433594,2010/11,2011-03-18,Wankhede Stadium,1,28.3,Sri Lanka,New Zealand,KC Sangakkara,DPMD Jayawardene,HK Bennett,0,0,,,,,,,,,
433594,2010/11,2011-03-18,Wankhede Stadium,1,28.4,Sri Lanka,New Zealand,KC Sangakkara,DPMD Jayawardene,HK Bennett,0,1,1,,,,,,,,
433594,2010/11,2011-03-18,Wankhede Stadium,1,28.5,Sri Lanka,New Zealand,KC Sangakkara,DPMD Jayawardene,HK Bennett,0,0,,,,,,,,,
433594,2010/11,2011-03-18,Wankhede Stadium,1,28.6,Sri Lanka,New Zealand,KC Sangakkara,DPMD Jayawardene,HK Bennett,0,0,,,,,,,,,
433594,2010/11,2011-03-18,Wankhede Stadium,1,28.7,Sri Lanka,New Zealand,KC Sangakkara,DPMD Jayawardene,HK Bennett,0,0,,,,,,,,,
433594,2010/11,2011-03-18,Wankhede Stadium,1,28.8,Sri Lanka,New Zealand,KC Sangakkara,DPMD Jayawardene,HK Bennett,0,0,,,,,,,,,
433594,2010/11,2011-03-18,Wankhede Stadium,1,29.1,Sri Lanka,New Zealand,DPMD Jayawardene,KC Sangakkara,NL McCullum,1,0,,,,,,,,,
433594,2010/11,2011-03-18,Wankhede Stadium,1,29.2,Sri Lanka,New Zealand,KC Sangakkara,DPMD Jayawardene,NL McCullum,1,0,,,,,,,,,
433594,2010/11,2011-03-18,Wankhede Stadium,1,29.3,Sri Lanka,New Zealand,DPMD Jayawardene,KC Sangakkara,NL McCullum,1,0,,,,,,,,,
433594,2010/11,2011-03-18,Wankhede Stadium,1,29.4,Sri Lanka,New Zealand,KC Sangakkara,DPMD Jayawardene,NL McCullum,1,0,,,,,,,,,
433594,2010/11,2011-03-18,Wankhede Stadium,1,29.5,Sri Lanka,New Zealand,DPMD Jayawardene,KC Sangakkara,NL McCullum,1,0,,,,,,,,,
433594,2010/11,2011-03-18,Wankhede Stadium,1,29.6,Sri Lanka,New Zealand,KC Sangakkara,DPMD Jayawardene,NL McCullum,4,0,,,,,,,,,
433594,2010/11,2011-03-18,Wankhede Stadium,1,30.1,Sri Lanka,New Zealand,DPMD Jayawardene,KC Sangakkara,HK Bennett,1,0,,,,,,,,,
433594,2010/11,2011-03-18,Wankhede Stadium,1,30.2,Sri Lanka,New Zealand,KC Sangakkara,DPMD Jayawardene,JD Ryder,0,0,,,,,,,,,
433594,2010/11,2011-03-18,Wankhede Stadium,1,30.3,Sri Lanka,New Zealand,KC Sangakkara,DPMD Jayawardene,JD Ryder,0,0,,,,,,,,,
433594,2010/11,2011-03-18,Wankhede Stadium,1,30.4,Sri Lanka,New Zealand,KC Sangakkara,DPMD Jayawardene,JD Ryder,1,0,,,,,,,,,
433594,2010/11,2011-03-18,Wankhede Stadium,1,30.5,Sri Lanka,New Zealand,DPMD Jayawardene,KC Sangakkara,JD Ryder,1,0,,,,,,,,,
433594,2010/11,2011-03-18,Wankhede Stadium,1,30.6,Sri Lanka,New Zealand,KC Sangakkara,DPMD Jayawardene,JD Ryder,1,0,,,,,,,,,
433594,2010/11,2011-03-18,Wankhede Stadium,1,31.1,Sri Lanka,New Zealand,KC Sangakkara,DPMD Jayawardene,KS Williamson,1,0,,,,,,,,,
433594,2010/11,2011-03-18,Wankhede Stadium,1,31.2,Sri Lanka,New Zealand,DPMD Jayawardene,KC Sangakkara,KS Williamson,1,0,,,,,,,,,
433594,2010/11,2011-03-18,Wankhede Stadium,1,31.3,Sri Lanka,New Zealand,KC Sangakkara,DPMD Jayawardene,KS Williamson,1,0,,,,,,,,,
433594,2010/11,2011-03-18,Wankhede Stadium,1,31.4,Sri Lanka,New Zealand,DPMD Jayawardene,KC Sangakkara,KS Williamson,0,0,,,,,,,,,
433594,2010/11,2011-03-18,Wankhede Stadium,1,31.5,Sri Lanka,New Zealand,DPMD Jayawardene,KC Sangakkara,KS Williamson,1,0,,,,,,,,,
433594,2010/11,2011-03-18,Wankhede Stadium,1,31.6,Sri Lanka,New Zealand,KC Sangakkara,DPMD Jayawardene,KS Williamson,0,0,,,,,,,,,
433594,2010/11,2011-03-18,Wankhede Stadium,1,32.1,Sri Lanka,New Zealand,DPMD Jayawardene,KC Sangakkara,JD Ryder,2,0,,,,,,,,,
433594,2010/11,2011-03-18,Wankhede Stadium,1,32.2,Sri Lanka,New Zealand,DPMD Jayawardene,KC Sangakkara,JD Ryder,0,0,,,,,,,,,
433594,2010/11,2011-03-18,Wankhede Stadium,1,32.3,Sri Lanka,New Zealand,DPMD Jayawardene,KC Sangakkara,JD Ryder,0,0,,,,,,,,,
433594,2010/11,2011-03-18,Wankhede Stadium,1,32.4,Sri Lanka,New Zealand,DPMD Jayawardene,KC Sangakkara,JD Ryder,0,0,,,,,,,,,
433594,2010/11,2011-03-18,Wankhede Stadium,1,32.5,Sri Lanka,New Zealand,DPMD Jayawardene,KC Sangakkara,JD Ryder,0,0,,,,,,,,,
433594,2010/11,2011-03-18,Wankhede Stadium,1,32.6,Sri Lanka,New Zealand,DPMD Jayawardene,KC Sangakkara,JD Ryder,4,0,,,,,,,,,
433594,2010/11,2011-03-18,Wankhede Stadium,1,33.1,Sri Lanka,New Zealand,KC Sangakkara,DPMD Jayawardene,JEC Franklin,1,0,,,,,,,,,
433594,2010/11,2011-03-18,Wankhede Stadium,1,33.2,Sri Lanka,New Zealand,DPMD Jayawardene,KC Sangakkara,JEC Franklin,1,0,,,,,,,,,
433594,2010/11,2011-03-18,Wankhede Stadium,1,33.3,Sri Lanka,New Zealand,KC Sangakkara,DPMD Jayawardene,JEC Franklin,0,0,,,,,,,,,
433594,2010/11,2011-03-18,Wankhede Stadium,1,33.4,Sri Lanka,New Zealand,KC Sangakkara,DPMD Jayawardene,JEC Franklin,0,0,,,,,,,,,
433594,2010/11,2011-03-18,Wankhede Stadium,1,33.5,Sri Lanka,New Zealand,KC Sangakkara,DPMD Jayawardene,JEC Franklin,1,0,,,,,,,,,
433594,2010/11,2011-03-18,Wankhede Stadium,1,33.6,Sri Lanka,New Zealand,DPMD Jayawardene,KC Sangakkara,JEC Franklin,0,0,,,,,,,,,
433594,2010/11,2011-03-18,Wankhede Stadium,1,34.1,Sri Lanka,New Zealand,KC Sangakkara,DPMD Jayawardene,SB Styris,1,0,,,,,,,,,
433594,2010/11,2011-03-18,Wankhede Stadium,1,34.2,Sri Lanka,New Zealand,DPMD Jayawardene,KC Sangakkara,SB Styris,1,0,,,,,,,,,
433594,2010/11,2011-03-18,Wankhede Stadium,1,34.3,Sri Lanka,New Zealand,KC Sangakkara,DPMD Jayawardene,SB Styris,6,0,,,,,,,,,
433594,2010/11,2011-03-18,Wankhede Stadium,1,34.4,Sri Lanka,New Zealand,KC Sangakkara,DPMD Jayawardene,SB Styris,1,0,,,,,,,,,
433594,2010/11,2011-03-18,Wankhede Stadium,1,34.5,Sri Lanka,New Zealand,DPMD Jayawardene,KC Sangakkara,SB Styris,4,0,,,,,,,,,
433594,2010/11,2011-03-18,Wankhede Stadium,1,34.6,Sri Lanka,New Zealand,DPMD Jayawardene,KC Sangakkara,SB Styris,1,0,,,,,,,,,
433594,2010/11,2011-03-18,Wankhede Stadium,1,35.1,Sri Lanka,New Zealand,DPMD Jayawardene,KC Sangakkara,NL McCullum,1,0,,,,,,,,,
433594,2010/11,2011-03-18,Wankhede Stadium,1,35.2,Sri Lanka,New Zealand,KC Sangakkara,DPMD Jayawardene,NL McCullum,0,0,,,,,,,,,
433594,2010/11,2011-03-18,Wankhede Stadium,1,35.3,Sri Lanka,New Zealand,KC Sangakkara,DPMD Jayawardene,NL McCullum,1,0,,,,,,,,,
433594,2010/11,2011-03-18,Wankhede Stadium,1,35.4,Sri Lanka,New Zealand,DPMD Jayawardene,KC Sangakkara,NL McCullum,1,0,,,,,,,,,
433594,2010/11,2011-03-18,Wankhede Stadium,1,35.5,Sri Lanka,New Zealand,KC Sangakkara,DPMD Jayawardene,NL McCullum,4,0,,,,,,,,,
433594,2010/11,2011-03-18,Wankhede Stadium,1,35.6,Sri Lanka,New Zealand,KC Sangakkara,DPMD Jayawardene,NL McCullum,0,0,,,,,,,,,
433594,2010/11,2011-03-18,Wankhede Stadium,1,36.1,Sri Lanka,New Zealand,DPMD Jayawardene,KC Sangakkara,TG Southee,0,1,1,,,,,,,,
433594,2010/11,2011-03-18,Wankhede Stadium,1,36.2,Sri Lanka,New Zealand,DPMD Jayawardene,KC Sangakkara,TG Southee,0,1,1,,,,,,,,
433594,2010/11,2011-03-18,Wankhede Stadium,1,36.3,Sri Lanka,New Zealand,DPMD Jayawardene,KC Sangakkara,TG Southee,0,0,,,,,,lbw,DPMD Jayawardene,,
433594,2010/11,2011-03-18,Wankhede Stadium,1,36.4,Sri Lanka,New Zealand,AD Mathews,KC Sangakkara,TG Southee,0,0,,,,,,,,,
433594,2010/11,2011-03-18,Wankhede Stadium,1,36.5,Sri Lanka,New Zealand,AD Mathews,KC Sangakkara,TG Southee,1,0,,,,,,,,,
433594,2010/11,2011-03-18,Wankhede Stadium,1,36.6,Sri Lanka,New Zealand,KC Sangakkara,AD Mathews,TG Southee,0,0,,,,,,,,,
433594,2010/11,2011-03-18,Wankhede Stadium,1,36.7,Sri Lanka,New Zealand,KC Sangakkara,AD Mathews,TG Southee,0,0,,,,,,,,,
433594,2010/11,2011-03-18,Wankhede Stadium,1,36.8,Sri Lanka,New Zealand,KC Sangakkara,AD Mathews,TG Southee,0,0,,,,,,,,,
433594,2010/11,2011-03-18,Wankhede Stadium,1,37.1,Sri Lanka,New Zealand,AD Mathews,KC Sangakkara,JDP Oram,0,0,,,,,,,,,
433594,2010/11,2011-03-18,Wankhede Stadium,1,37.2,Sri Lanka,New Zealand,AD Mathews,KC Sangakkara,JDP Oram,0,0,,,,,,,,,
433594,2010/11,2011-03-18,Wankhede Stadium,1,37.3,Sri Lanka,New Zealand,AD Mathews,KC Sangakkara,JDP Oram,0,1,1,,,,,,,,
433594,2010/11,2011-03-18,Wankhede Stadium,1,37.4,Sri Lanka,New Zealand,AD Mathews,KC Sangakkara,JDP Oram,1,0,,,,,,,,,
433594,2010/11,2011-03-18,Wankhede Stadium,1,37.5,Sri Lanka,New Zealand,KC Sangakkara,AD Mathews,JDP Oram,1,0,,,,,,,,,
433594,2010/11,2011-03-18,Wankhede Stadium,1,37.6,Sri Lanka,New Zealand,AD Mathews,KC Sangakkara,JDP Oram,1,0,,,,,,,,,
433594,2010/11,2011-03-18,Wankhede Stadium,1,37.7,Sri Lanka,New Zealand,KC Sangakkara,AD Mathews,JDP Oram,1,0,,,,,,,,,
433594,2010/11,2011-03-18,Wankhede Stadium,1,38.1,Sri Lanka,New Zealand,KC Sangakkara,AD Mathews,TG Southee,1,0,,,,,,,,,
433594,2010/11,2011-03-18,Wankhede Stadium,1,38.2,Sri Lanka,New Zealand,AD Mathews,KC Sangakkara,TG Southee,1,0,,,,,,,,,
433594,2010/11,2011-03-18,Wankhede Stadium,1,38.3,Sri Lanka,New Zealand,KC Sangakkara,AD Mathews,TG Southee,4,0,,,,,,,,,
433594,2010/11,2011-03-18,Wankhede Stadium,1,38.4,Sri Lanka,New Zealand,KC Sangakkara,AD Mathews,TG Southee,6,0,,,,,,,,,
433594,2010/11,2011-03-18,Wankhede Stadium,1,38.5,Sri Lanka,New Zealand,KC Sangakkara,AD Mathews,TG Southee,4,0,,,,,,,,,
433594,2010/11,2011-03-18,Wankhede Stadium,1,38.6,Sri Lanka,New Zealand,KC Sangakkara,AD Mathews,TG Southee,1,0,,,,,,,,,
433594,2010/11,2011-03-18,Wankhede Stadium,1,39.1,Sri Lanka,New Zealand,KC Sangakkara,AD Mathews,JDP Oram,4,0,,,,,,,,,
433594,2010/11,2011-03-18,Wankhede Stadium,1,39.2,Sri Lanka,New Zealand,KC Sangakkara,AD Mathews,JDP Oram,1,0,,,,,,,,,
433594,2010/11,2011-03-18,Wankhede Stadium,1,39.3,Sri Lanka,New Zealand,AD Mathews,KC Sangakkara,JDP Oram,1,0,,,,,,,,,
433594,2010/11,2011-03-18,Wankhede Stadium,1,39.4,Sri Lanka,New Zealand,KC Sangakkara,AD Mathews,JDP Oram,1,0,,,,,,,,,
433594,2010/11,2011-03-18,Wankhede Stadium,1,39.5,Sri Lanka,New Zealand,AD Mathews,KC Sangakkara,JDP Oram,1,0,,,,,,,,,
433594,2010/11,2011-03-18,Wankhede Stadium,1,39.6,Sri Lanka,New Zealand,KC Sangakkara,AD Mathews,JDP Oram,4,1,,1,,,,,,,
433594,2010/11,2011-03-18,Wankhede Stadium,1,39.7,Sri Lanka,New Zealand,KC Sangakkara,AD Mathews,JDP Oram,2,0,,,,,,,,,
433594,2010/11,2011-03-18,Wankhede Stadium,1,40.1,Sri Lanka,New Zealand,AD Mathews,KC Sangakkara,TG Southee,1,0,,,,,,,,,
433594,2010/11,2011-03-18,Wankhede Stadium,1,40.2,Sri Lanka,New Zealand,KC Sangakkara,AD Mathews,TG Southee,1,0,,,,,,,,,
433594,2010/11,2011-03-18,Wankhede Stadium,1,40.3,Sri Lanka,New Zealand,AD Mathews,KC Sangakkara,TG Southee,1,0,,,,,,,,,
433594,2010/11,2011-03-18,Wankhede Stadium,1,40.4,Sri Lanka,New Zealand,KC Sangakkara,AD Mathews,TG Southee,2,0,,,,,,,,,
433594,2010/11,2011-03-18,Wankhede Stadium,1,40.5,Sri Lanka,New Zealand,KC Sangakkara,AD Mathews,TG Southee,0,0,,,,,,,,,
433594,2010/11,2011-03-18,Wankhede Stadium,1,40.6,Sri Lanka,New Zealand,KC Sangakkara,AD Mathews,TG Southee,0,0,,,,,,,,,
433594,2010/11,2011-03-18,Wankhede Stadium,1,41.1,Sri Lanka,New Zealand,AD Mathews,KC Sangakkara,NL McCullum,1,0,,,,,,,,,
433594,2010/11,2011-03-18,Wankhede Stadium,1,41.2,Sri Lanka,New Zealand,KC Sangakkara,AD Mathews,NL McCullum,1,0,,,,,,,,,
433594,2010/11,2011-03-18,Wankhede Stadium,1,41.3,Sri Lanka,New Zealand,AD Mathews,KC Sangakkara,NL McCullum,1,0,,,,,,,,,
433594,2010/11,2011-03-18,Wankhede Stadium,1,41.4,Sri Lanka,New Zealand,KC Sangakkara,AD Mathews,NL McCullum,0,0,,,,,,bowled,KC Sangakkara,,
433594,2010/11,2011-03-18,Wankhede Stadium,1,41.5,Sri Lanka,New Zealand,TT Samaraweera,AD Mathews,NL McCullum,0,0,,,,,,,,,
433594,2010/11,2011-03-18,Wankhede Stadium,1,41.6,Sri Lanka,New Zealand,TT Samaraweera,AD Mathews,NL McCullum,0,0,,,,,,,,,
433594,2010/11,2011-03-18,Wankhede Stadium,1,42.1,Sri Lanka,New Zealand,AD Mathews,TT Samaraweera,SB Styris,1,0,,,,,,,,,
433594,2010/11,2011-03-18,Wankhede Stadium,1,42.2,Sri Lanka,New Zealand,TT Samaraweera,AD Mathews,SB Styris,1,0,,,,,,,,,
433594,2010/11,2011-03-18,Wankhede Stadium,1,42.3,Sri Lanka,New Zealand,AD Mathews,TT Samaraweera,SB Styris,0,0,,,,,,,,,
433594,2010/11,2011-03-18,Wankhede Stadium,1,42.4,Sri Lanka,New Zealand,AD Mathews,TT Samaraweera,SB Styris,1,0,,,,,,,,,
433594,2010/11,2011-03-18,Wankhede Stadium,1,42.5,Sri Lanka,New Zealand,TT Samaraweera,AD Mathews,SB Styris,0,0,,,,,,,,,
433594,2010/11,2011-03-18,Wankhede Stadium,1,42.6,Sri Lanka,New Zealand,TT Samaraweera,AD Mathews,SB Styris,1,0,,,,,,,,,
433594,2010/11,2011-03-18,Wankhede Stadium,1,43.1,Sri Lanka,New Zealand,TT Samaraweera,AD Mathews,NL McCullum,2,0,,,,,,,,,
433594,2010/11,2011-03-18,Wankhede Stadium,1,43.2,Sri Lanka,New Zealand,TT Samaraweera,AD Mathews,NL McCullum,1,0,,,,,,,,,
433594,2010/11,2011-03-18,Wankhede Stadium,1,43.3,Sri Lanka,New Zealand,AD Mathews,TT Samaraweera,NL McCullum,0,0,,,,,,,,,
433594,2010/11,2011-03-18,Wankhede Stadium,1,43.4,Sri Lanka,New Zealand,AD Mathews,TT Samaraweera,NL McCullum,2,0,,,,,,,,,
433594,2010/11,2011-03-18,Wankhede Stadium,1,43.5,Sri Lanka,New Zealand,AD Mathews,TT Samaraweera,NL McCullum,0,0,,,,,,,,,
433594,2010/11,2011-03-18,Wankhede Stadium,1,43.6,Sri Lanka,New Zealand,AD Mathews,TT Samaraweera,NL McCullum,0,0,,,,,,,,,
433594,2010/11,2011-03-18,Wankhede Stadium,1,44.1,Sri Lanka,New Zealand,TT Samaraweera,AD Mathews,SB Styris,0,0,,,,,,caught,TT Samaraweera,,
433594,2010/11,2011-03-18,Wankhede Stadium,1,44.2,Sri Lanka,New Zealand,LPC Silva,AD Mathews,SB Styris,1,0,,,,,,,,,
433594,2010/11,2011-03-18,Wankhede Stadium,1,44.3,Sri Lanka,New Zealand,AD Mathews,LPC Silva,SB Styris,0,0,,,,,,,,,
433594,2010/11,2011-03-18,Wankhede Stadium,1,44.4,Sri Lanka,New Zealand,AD Mathews,LPC Silva,SB Styris,0,0,,,,,,,,,
433594,2010/11,2011-03-18,Wankhede Stadium,1,44.5,Sri Lanka,New Zealand,AD Mathews,LPC Silva,SB Styris,1,0,,,,,,,,,
433594,2010/11,2011-03-18,Wankhede Stadium,1,44.6,Sri Lanka,New Zealand,LPC Silva,AD Mathews,SB Styris,1,0,,,,,,,,,
433594,2010/11,2011-03-18,Wankhede Stadium,1,45.1,Sri Lanka,New Zealand,LPC Silva,AD Mathews,NL McCullum,1,0,,,,,,,,,
433594,2010/11,2011-03-18,Wankhede Stadium,1,45.2,Sri Lanka,New Zealand,AD Mathews,LPC Silva,NL McCullum,1,0,,,,,,,,,
433594,2010/11,2011-03-18,Wankhede Stadium,1,45.3,Sri Lanka,New Zealand,LPC Silva,AD Mathews,NL McCullum,0,0,,,,,,,,,
433594,2010/11,2011-03-18,Wankhede Stadium,1,45.4,Sri Lanka,New Zealand,LPC Silva,AD Mathews,NL McCullum,0,0,,,,,,caught and bowled,LPC Silva,,
433594,2010/11,2011-03-18,Wankhede Stadium,1,45.5,Sri Lanka,New Zealand,KMDN Kulasekara,AD Mathews,NL McCullum,0,0,,,,,,,,,
433594,2010/11,2011-03-18,Wankhede Stadium,1,45.6,Sri Lanka,New Zealand,KMDN Kulasekara,AD Mathews,NL McCullum,1,0,,,,,,,,,
433594,2010/11,2011-03-18,Wankhede Stadium,1,46.1,Sri Lanka,New Zealand,KMDN Kulasekara,AD Mathews,TG Southee,0,0,,,,,,,,,
433594,2010/11,2011-03-18,Wankhede Stadium,1,46.2,Sri Lanka,New Zealand,KMDN Kulasekara,AD Mathews,TG Southee,0,1,1,,,,,,,,
433594,2010/11,2011-03-18,Wankhede Stadium,1,46.3,Sri Lanka,New Zealand,KMDN Kulasekara,AD Mathews,TG Southee,0,1,,,,1,,,,,
433594,2010/11,2011-03-18,Wankhede Stadium,1,46.4,Sri Lanka,New Zealand,AD Mathews,KMDN Kulasekara,TG Southee,4,0,,,,,,,,,
433594,2010/11,2011-03-18,Wankhede Stadium,1,46.5,Sri Lanka,New Zealand,AD Mathews,KMDN Kulasekara,TG Southee,1,0,,,,,,,,,
433594,2010/11,2011-03-18,Wankhede Stadium,1,46.6,Sri Lanka,New Zealand,KMDN Kulasekara,AD Mathews,TG Southee,0,0,,,,,,,,,
433594,2010/11,2011-03-18,Wankhede Stadium,1,46.7,Sri Lanka,New Zealand,KMDN Kulasekara,AD Mathews,TG Southee,0,0,,,,,,caught,KMDN Kulasekara,,
433594,2010/11,2011-03-18,Wankhede Stadium,1,47.1,Sri Lanka,New Zealand,AD Mathews,SL Malinga,JDP Oram,1,0,,,,,,,,,
433594,2010/11,2011-03-18,Wankhede Stadium,1,47.2,Sri Lanka,New Zealand,SL Malinga,AD Mathews,JDP Oram,0,0,,,,,,,,,
433594,2010/11,2011-03-18,Wankhede Stadium,1,47.3,Sri Lanka,New Zealand,SL Malinga,AD Mathews,JDP Oram,0,0,,,,,,,,,
433594,2010/11,2011-03-18,Wankhede Stadium,1,47.4,Sri Lanka,New Zealand,SL Malinga,AD Mathews,JDP Oram,6,0,,,,,,,,,
433594,2010/11,2011-03-18,Wankhede Stadium,1,47.5,Sri Lanka,New Zealand,SL Malinga,AD Mathews,JDP Oram,0,0,,,,,,caught,SL Malinga,,
433594,2010/11,2011-03-18,Wankhede Stadium,1,47.6,Sri Lanka,New Zealand,AD Mathews,M Muralitharan,JDP Oram,4,0,,,,,,,,,
433594,2010/11,2011-03-18,Wankhede Stadium,1,48.1,Sri Lanka,New Zealand,M Muralitharan,AD Mathews,TG Southee,1,0,,,,,,,,,
433594,2010/11,2011-03-18,Wankhede Stadium,1,48.2,Sri Lanka,New Zealand,AD Mathews,M Muralitharan,TG Southee,2,0,,,,,,,,,
433594,2010/11,2011-03-18,Wankhede Stadium,1,48.3,Sri Lanka,New Zealand,AD Mathews,M Muralitharan,TG Southee,2,0,,,,,,,,,
433594,2010/11,2011-03-18,Wankhede Stadium,1,48.4,Sri Lanka,New Zealand,AD Mathews,M Muralitharan,TG Southee,1,0,,,,,,,,,
433594,2010/11,2011-03-18,Wankhede Stadium,1,48.5,Sri Lanka,New Zealand,M Muralitharan,AD Mathews,TG Southee,6,0,,,,,,,,,
433594,2010/11,2011-03-18,Wankhede Stadium,1,48.6,Sri Lanka,New Zealand,M Muralitharan,AD Mathews,TG Southee,0,0,,,,,,,,,
433594,2010/11,2011-03-18,Wankhede Stadium,1,49.1,Sri Lanka,New Zealand,AD Mathews,M Muralitharan,JDP Oram,4,0,,,,,,,,,
433594,2010/11,2011-03-18,Wankhede Stadium,1,49.2,Sri Lanka,New Zealand,AD Mathews,M Muralitharan,JDP Oram,1,0,,,,,,run out,M Muralitharan,,
433594,2010/11,2011-03-18,Wankhede Stadium,1,49.3,Sri Lanka,New Zealand,AD Mathews,BAW Mendis,JDP Oram,4,0,,,,,,,,,
433594,2010/11,2011-03-18,Wankhede Stadium,1,49.4,Sri Lanka,New Zealand,AD Mathews,BAW Mendis,JDP Oram,1,0,,,,,,,,,
433594,2010/11,2011-03-18,Wankhede Stadium,1,49.5,Sri Lanka,New Zealand,BAW Mendis,AD Mathews,JDP Oram,0,0,,,,,,,,,
433594,2010/11,2011-03-18,Wankhede Stadium,1,49.6,Sri Lanka,New Zealand,BAW Mendis,AD Mathews,JDP Oram,0,0,,,,,,,,,
433594,2010/11,2011-03-18,Wankhede Stadium,2,0.1,New Zealand,Sri Lanka,MJ Guptill,BB McCullum,SL Malinga,0,1,1,,,,,,,,
433594,2010/11,2011-03-18,Wankhede Stadium,2,0.2,New Zealand,Sri Lanka,MJ Guptill,BB McCullum,SL Malinga,1,0,,,,,,,,,
433594,2010/11,2011-03-18,Wankhede Stadium,2,0.3,New Zealand,Sri Lanka,BB McCullum,MJ Guptill,SL Malinga,1,0,,,,,,,,,
433594,2010/11,2011-03-18,Wankhede Stadium,2,0.4,New Zealand,Sri Lanka,MJ Guptill,BB McCullum,SL Malinga,1,0,,,,,,,,,
433594,2010/11,2011-03-18,Wankhede Stadium,2,0.5,New Zealand,Sri Lanka,BB McCullum,MJ Guptill,SL Malinga,0,0,,,,,,,,,
433594,2010/11,2011-03-18,Wankhede Stadium,2,0.6,New Zealand,Sri Lanka,BB McCullum,MJ Guptill,SL Malinga,0,0,,,,,,,,,
433594,2010/11,2011-03-18,Wankhede Stadium,2,0.7,New Zealand,Sri Lanka,BB McCullum,MJ Guptill,SL Malinga,0,0,,,,,,,,,
433594,2010/11,2011-03-18,Wankhede Stadium,2,1.1,New Zealand,Sri Lanka,MJ Guptill,BB McCullum,KMDN Kulasekara,0,0,,,,,,,,,
433594,2010/11,2011-03-18,Wankhede Stadium,2,1.2,New Zealand,Sri Lanka,MJ Guptill,BB McCullum,KMDN Kulasekara,0,1,1,,,,,,,,
433594,2010/11,2011-03-18,Wankhede Stadium,2,1.3,New Zealand,Sri Lanka,MJ Guptill,BB McCullum,KMDN Kulasekara,0,0,,,,,,,,,
433594,2010/11,2011-03-18,Wankhede Stadium,2,1.4,New Zealand,Sri Lanka,MJ Guptill,BB McCullum,KMDN Kulasekara,0,0,,,,,,,,,
433594,2010/11,2011-03-18,Wankhede Stadium,2,1.5,New Zealand,Sri Lanka,MJ Guptill,BB McCullum,KMDN Kulasekara,0,0,,,,,,,,,
433594,2010/11,2011-03-18,Wankhede Stadium,2,1.6,New Zealand,Sri Lanka,MJ Guptill,BB McCullum,KMDN Kulasekara,0,0,,,,,,,,,
433594,2010/11,2011-03-18,Wankhede Stadium,2,1.7,New Zealand,Sri Lanka,MJ Guptill,BB McCullum,KMDN Kulasekara,0,0,,,,,,,,,
433594,2010/11,2011-03-18,Wankhede Stadium,2,2.1,New Zealand,Sri Lanka,BB McCullum,MJ Guptill,SL Malinga,1,0,,,,,,,,,
433594,2010/11,2011-03-18,Wankhede Stadium,2,2.2,New Zealand,Sri Lanka,MJ Guptill,BB McCullum,SL Malinga,0,0,,,,,,,,,
433594,2010/11,2011-03-18,Wankhede Stadium,2,2.3,New Zealand,Sri Lanka,MJ Guptill,BB McCullum,SL Malinga,1,0,,,,,,,,,
433594,2010/11,2011-03-18,Wankhede Stadium,2,2.4,New Zealand,Sri Lanka,BB McCullum,MJ Guptill,SL Malinga,0,0,,,,,,,,,
433594,2010/11,2011-03-18,Wankhede Stadium,2,2.5,New Zealand,Sri Lanka,BB McCullum,MJ Guptill,SL Malinga,4,0,,,,,,,,,
433594,2010/11,2011-03-18,Wankhede Stadium,2,2.6,New Zealand,Sri Lanka,BB McCullum,MJ Guptill,SL Malinga,1,0,,,,,,,,,
433594,2010/11,2011-03-18,Wankhede Stadium,2,3.1,New Zealand,Sri Lanka,BB McCullum,MJ Guptill,KMDN Kulasekara,4,0,,,,,,,,,
433594,2010/11,2011-03-18,Wankhede Stadium,2,3.2,New Zealand,Sri Lanka,BB McCullum,MJ Guptill,KMDN Kulasekara,1,0,,,,,,,,,
433594,2010/11,2011-03-18,Wankhede Stadium,2,3.3,New Zealand,Sri Lanka,MJ Guptill,BB McCullum,KMDN Kulasekara,0,0,,,,,,,,,
433594,2010/11,2011-03-18,Wankhede Stadium,2,3.4,New Zealand,Sri Lanka,MJ Guptill,BB McCullum,KMDN Kulasekara,0,0,,,,,,,,,
433594,2010/11,2011-03-18,Wankhede Stadium,2,3.5,New Zealand,Sri Lanka,MJ Guptill,BB McCullum,KMDN Kulasekara,4,0,,,,,,,,,
433594,2010/11,2011-03-18,Wankhede Stadium,2,3.6,New Zealand,Sri Lanka,MJ Guptill,BB McCullum,KMDN Kulasekara,1,0,,,,,,,,,
433594,2010/11,2011-03-18,Wankhede Stadium,2,4.1,New Zealand,Sri Lanka,MJ Guptill,BB McCullum,AD Mathews,1,0,,,,,,,,,
433594,2010/11,2011-03-18,Wankhede Stadium,2,4.2,New Zealand,Sri Lanka,BB McCullum,MJ Guptill,AD Mathews,1,0,,,,,,,,,
433594,2010/11,2011-03-18,Wankhede Stadium,2,4.3,New Zealand,Sri Lanka,MJ Guptill,BB McCullum,AD Mathews,0,0,,,,,,,,,
433594,2010/11,2011-03-18,Wankhede Stadium,2,4.4,New Zealand,Sri Lanka,MJ Guptill,BB McCullum,AD Mathews,0,0,,,,,,,,,
433594,2010/11,2011-03-18,Wankhede Stadium,2,4.5,New Zealand,Sri Lanka,MJ Guptill,BB McCullum,AD Mathews,1,0,,,,,,,,,
433594,2010/11,2011-03-18,Wankhede Stadium,2,4.6,New Zealand,Sri Lanka,BB McCullum,MJ Guptill,AD Mathews,0,0,,,,,,,,,
433594,2010/11,2011-03-18,Wankhede Stadium,2,5.1,New Zealand,Sri Lanka,MJ Guptill,BB McCullum,KMDN Kulasekara,1,0,,,,,,,,,
433594,2010/11,2011-03-18,Wankhede Stadium,2,5.2,New Zealand,Sri Lanka,BB McCullum,MJ Guptill,KMDN Kulasekara,0,0,,,,,,,,,
433594,2010/11,2011-03-18,Wankhede Stadium,2,5.3,New Zealand,Sri Lanka,BB McCullum,MJ Guptill,KMDN Kulasekara,1,0,,,,,,,,,
433594,2010/11,2011-03-18,Wankhede Stadium,2,5.4,New Zealand,Sri Lanka,MJ Guptill,BB McCullum,KMDN Kulasekara,0,0,,,,,,,,,
433594,2010/11,2011-03-18,Wankhede Stadium,2,5.5,New Zealand,Sri Lanka,MJ Guptill,BB McCullum,KMDN Kulasekara,1,0,,,,,,,,,
433594,2010/11,2011-03-18,Wankhede Stadium,2,5.6,New Zealand,Sri Lanka,BB McCullum,MJ Guptill,KMDN Kulasekara,0,0,,,,,,,,,
433594,2010/11,2011-03-18,Wankhede Stadium,2,6.1,New Zealand,Sri Lanka,MJ Guptill,BB McCullum,AD Mathews,1,0,,,,,,,,,
433594,2010/11,2011-03-18,Wankhede Stadium,2,6.2,New Zealand,Sri Lanka,BB McCullum,MJ Guptill,AD Mathews,0,0,,,,,,caught,BB McCullum,,
433594,2010/11,2011-03-18,Wankhede Stadium,2,6.3,New Zealand,Sri Lanka,JD Ryder,MJ Guptill,AD Mathews,0,0,,,,,,,,,
433594,2010/11,2011-03-18,Wankhede Stadium,2,6.4,New Zealand,Sri Lanka,JD Ryder,MJ Guptill,AD Mathews,0,0,,,,,,,,,
433594,2010/11,2011-03-18,Wankhede Stadium,2,6.5,New Zealand,Sri Lanka,JD Ryder,MJ Guptill,AD Mathews,4,0,,,,,,,,,
433594,2010/11,2011-03-18,Wankhede Stadium,2,6.6,New Zealand,Sri Lanka,JD Ryder,MJ Guptill,AD Mathews,0,0,,,,,,,,,
433594,2010/11,2011-03-18,Wankhede Stadium,2,7.1,New Zealand,Sri Lanka,MJ Guptill,JD Ryder,KMDN Kulasekara,0,0,,,,,,lbw,MJ Guptill,,
433594,2010/11,2011-03-18,Wankhede Stadium,2,7.2,New Zealand,Sri Lanka,LRPL Taylor,JD Ryder,KMDN Kulasekara,0,0,,,,,,,,,
433594,2010/11,2011-03-18,Wankhede Stadium,2,7.3,New Zealand,Sri Lanka,LRPL Taylor,JD Ryder,KMDN Kulasekara,0,1,1,,,,,,,,
433594,2010/11,2011-03-18,Wankhede Stadium,2,7.4,New Zealand,Sri Lanka,LRPL Taylor,JD Ryder,KMDN Kulasekara,0,0,,,,,,,,,
433594,2010/11,2011-03-18,Wankhede Stadium,2,7.5,New Zealand,Sri Lanka,LRPL Taylor,JD Ryder,KMDN Kulasekara,0,0,,,,,,,,,
433594,2010/11,2011-03-18,Wankhede Stadium,2,7.6,New Zealand,Sri Lanka,LRPL Taylor,JD Ryder,KMDN Kulasekara,0,0,,,,,,,,,
433594,2010/11,2011-03-18,Wankhede Stadium,2,7.7,New Zealand,Sri Lanka,LRPL Taylor,JD Ryder,KMDN Kulasekara,0,0,,,,,,,,,
433594,2010/11,2011-03-18,Wankhede Stadium,2,8.1,New Zealand,Sri Lanka,JD Ryder,LRPL Taylor,SL Malinga,0,1,1,,,,,,,,
433594,2010/11,2011-03-18,Wankhede Stadium,2,8.2,New Zealand,Sri Lanka,JD Ryder,LRPL Taylor,SL Malinga,1,0,,,,,,,,,
433594,2010/11,2011-03-18,Wankhede Stadium,2,8.3,New Zealand,Sri Lanka,LRPL Taylor,JD Ryder,SL Malinga,0,0,,,,,,,,,
433594,2010/11,2011-03-18,Wankhede Stadium,2,8.4,New Zealand,Sri Lanka,LRPL Taylor,JD Ryder,SL Malinga,0,0,,,,,,,,,
433594,2010/11,2011-03-18,Wankhede Stadium,2,8.5,New Zealand,Sri Lanka,LRPL Taylor,JD Ryder,SL Malinga,0,0,,,,,,,,,
433594,2010/11,2011-03-18,Wankhede Stadium,2,8.6,New Zealand,Sri Lanka,LRPL Taylor,JD Ryder,SL Malinga,0,0,,,,,,,,,
433594,2010/11,2011-03-18,Wankhede Stadium,2,8.7,New Zealand,Sri Lanka,LRPL Taylor,JD Ryder,SL Malinga,0,0,,,,,,,,,
433594,2010/11,2011-03-18,Wankhede Stadium,2,9.1,New Zealand,Sri Lanka,JD Ryder,LRPL Taylor,KMDN Kulasekara,0,0,,,,,,,,,
433594,2010/11,2011-03-18,Wankhede Stadium,2,9.2,New Zealand,Sri Lanka,JD Ryder,LRPL Taylor,KMDN Kulasekara,0,0,,,,,,,,,
433594,2010/11,2011-03-18,Wankhede Stadium,2,9.3,New Zealand,Sri Lanka,JD Ryder,LRPL Taylor,KMDN Kulasekara,1,0,,,,,,,,,
433594,2010/11,2011-03-18,Wankhede Stadium,2,9.4,New Zealand,Sri Lanka,LRPL Taylor,JD Ryder,KMDN Kulasekara,0,0,,,,,,,,,
433594,2010/11,2011-03-18,Wankhede Stadium,2,9.5,New Zealand,Sri Lanka,LRPL Taylor,JD Ryder,KMDN Kulasekara,0,0,,,,,,,,,
433594,2010/11,2011-03-18,Wankhede Stadium,2,9.6,New Zealand,Sri Lanka,LRPL Taylor,JD Ryder,KMDN Kulasekara,0,0,,,,,,,,,
433594,2010/11,2011-03-18,Wankhede Stadium,2,10.1,New Zealand,Sri Lanka,JD Ryder,LRPL Taylor,SL Malinga,0,0,,,,,,,,,
433594,2010/11,2011-03-18,Wankhede Stadium,2,10.2,New Zealand,Sri Lanka,JD Ryder,LRPL Taylor,SL Malinga,0,1,1,,,,,,,,
433594,2010/11,2011-03-18,Wankhede Stadium,2,10.3,New Zealand,Sri Lanka,JD Ryder,LRPL Taylor,SL Malinga,4,0,,,,,,,,,
433594,2010/11,2011-03-18,Wankhede Stadium,2,10.4,New Zealand,Sri Lanka,JD Ryder,LRPL Taylor,SL Malinga,1,0,,,,,,,,,
433594,2010/11,2011-03-18,Wankhede Stadium,2,10.5,New Zealand,Sri Lanka,LRPL Taylor,JD Ryder,SL Malinga,4,0,,,,,,,,,
433594,2010/11,2011-03-18,Wankhede Stadium,2,10.6,New Zealand,Sri Lanka,LRPL Taylor,JD Ryder,SL Malinga,6,0,,,,,,,,,
433594,2010/11,2011-03-18,Wankhede Stadium,2,10.7,New Zealand,Sri Lanka,LRPL Taylor,JD Ryder,SL Malinga,0,0,,,,,,,,,
433594,2010/11,2011-03-18,Wankhede Stadium,2,11.1,New Zealand,Sri Lanka,JD Ryder,LRPL Taylor,KMDN Kulasekara,0,0,,,,,,,,,
433594,2010/11,2011-03-18,Wankhede Stadium,2,11.2,New Zealand,Sri Lanka,JD Ryder,LRPL Taylor,KMDN Kulasekara,1,0,,,,,,,,,
433594,2010/11,2011-03-18,Wankhede Stadium,2,11.3,New Zealand,Sri Lanka,LRPL Taylor,JD Ryder,KMDN Kulasekara,0,0,,,,,,,,,
433594,2010/11,2011-03-18,Wankhede Stadium,2,11.4,New Zealand,Sri Lanka,LRPL Taylor,JD Ryder,KMDN Kulasekara,0,0,,,,,,,,,
433594,2010/11,2011-03-18,Wankhede Stadium,2,11.5,New Zealand,Sri Lanka,LRPL Taylor,JD Ryder,KMDN Kulasekara,0,0,,,,,,,,,
433594,2010/11,2011-03-18,Wankhede Stadium,2,11.6,New Zealand,Sri Lanka,LRPL Taylor,JD Ryder,KMDN Kulasekara,0,0,,,,,,,,,
433594,2010/11,2011-03-18,Wankhede Stadium,2,12.1,New Zealand,Sri Lanka,JD Ryder,LRPL Taylor,AD Mathews,1,0,,,,,,,,,
433594,2010/11,2011-03-18,Wankhede Stadium,2,12.2,New Zealand,Sri Lanka,LRPL Taylor,JD Ryder,AD Mathews,0,0,,,,,,,,,
433594,2010/11,2011-03-18,Wankhede Stadium,2,12.3,New Zealand,Sri Lanka,LRPL Taylor,JD Ryder,AD Mathews,2,0,,,,,,,,,
433594,2010/11,2011-03-18,Wankhede Stadium,2,12.4,New Zealand,Sri Lanka,LRPL Taylor,JD Ryder,AD Mathews,2,0,,,,,,,,,
433594,2010/11,2011-03-18,Wankhede Stadium,2,12.5,New Zealand,Sri Lanka,LRPL Taylor,JD Ryder,AD Mathews,2,0,,,,,,,,,
433594,2010/11,2011-03-18,Wankhede Stadium,2,12.6,New Zealand,Sri Lanka,LRPL Taylor,JD Ryder,AD Mathews,4,0,,,,,,,,,
433594,2010/11,2011-03-18,Wankhede Stadium,2,13.1,New Zealand,Sri Lanka,JD Ryder,LRPL Taylor,KMDN Kulasekara,0,0,,,,,,,,,
433594,2010/11,2011-03-18,Wankhede Stadium,2,13.2,New Zealand,Sri Lanka,JD Ryder,LRPL Taylor,KMDN Kulasekara,0,0,,,,,,,,,
433594,2010/11,2011-03-18,Wankhede Stadium,2,13.3,New Zealand,Sri Lanka,JD Ryder,LRPL Taylor,KMDN Kulasekara,1,0,,,,,,,,,
433594,2010/11,2011-03-18,Wankhede Stadium,2,13.4,New Zealand,Sri Lanka,LRPL Taylor,JD Ryder,KMDN Kulasekara,0,0,,,,,,,,,
433594,2010/11,2011-03-18,Wankhede Stadium,2,13.5,New Zealand,Sri Lanka,LRPL Taylor,JD Ryder,KMDN Kulasekara,0,0,,,,,,,,,
433594,2010/11,2011-03-18,Wankhede Stadium,2,13.6,New Zealand,Sri Lanka,LRPL Taylor,JD Ryder,KMDN Kulasekara,1,0,,,,,,,,,
433594,2010/11,2011-03-18,Wankhede Stadium,2,14.1,New Zealand,Sri Lanka,LRPL Taylor,JD Ryder,BAW Mendis,0,0,,,,,,,,,
433594,2010/11,2011-03-18,Wankhede Stadium,2,14.2,New Zealand,Sri Lanka,LRPL Taylor,JD Ryder,BAW Mendis,0,0,,,,,,,,,
433594,2010/11,2011-03-18,Wankhede Stadium,2,14.3,New Zealand,Sri Lanka,LRPL Taylor,JD Ryder,BAW Mendis,4,0,,,,,,,,,
433594,2010/11,2011-03-18,Wankhede Stadium,2,14.4,New Zealand,Sri Lanka,LRPL Taylor,JD Ryder,BAW Mendis,1,0,,,,,,,,,
433594,2010/11,2011-03-18,Wankhede Stadium,2,14.5,New Zealand,Sri Lanka,JD Ryder,LRPL Taylor,BAW Mendis,1,0,,,,,,,,,
433594,2010/11,2011-03-18,Wankhede Stadium,2,14.6,New Zealand,Sri Lanka,LRPL Taylor,JD Ryder,BAW Mendis,0,0,,,,,,,,,
433594,2010/11,2011-03-18,Wankhede Stadium,2,15.1,New Zealand,Sri Lanka,JD Ryder,LRPL Taylor,TM Dilshan,1,0,,,,,,,,,
433594,2010/11,2011-03-18,Wankhede Stadium,2,15.2,New Zealand,Sri Lanka,LRPL Taylor,JD Ryder,TM Dilshan,1,0,,,,,,,,,
433594,2010/11,2011-03-18,Wankhede Stadium,2,15.3,New Zealand,Sri Lanka,JD Ryder,LRPL Taylor,TM Dilshan,1,0,,,,,,,,,
433594,2010/11,2011-03-18,Wankhede Stadium,2,15.4,New Zealand,Sri Lanka,LRPL Taylor,JD Ryder,TM Dilshan,0,0,,,,,,,,,
433594,2010/11,2011-03-18,Wankhede Stadium,2,15.5,New Zealand,Sri Lanka,LRPL Taylor,JD Ryder,TM Dilshan,2,0,,,,,,,,,
433594,2010/11,2011-03-18,Wankhede Stadium,2,15.6,New Zealand,Sri Lanka,LRPL Taylor,JD Ryder,TM Dilshan,1,0,,,,,,,,,
433594,2010/11,2011-03-18,Wankhede Stadium,2,16.1,New Zealand,Sri Lanka,LRPL Taylor,JD Ryder,BAW Mendis,0,0,,,,,,,,,
433594,2010/11,2011-03-18,Wankhede Stadium,2,16.2,New Zealand,Sri Lanka,LRPL Taylor,JD Ryder,BAW Mendis,1,0,,,,,,,,,
433594,2010/11,2011-03-18,Wankhede Stadium,2,16.3,New Zealand,Sri Lanka,JD Ryder,LRPL Taylor,BAW Mendis,0,0,,,,,,,,,
433594,2010/11,2011-03-18,Wankhede Stadium,2,16.4,New Zealand,Sri Lanka,JD Ryder,LRPL Taylor,BAW Mendis,2,0,,,,,,,,,
433594,2010/11,2011-03-18,Wankhede Stadium,2,16.5,New Zealand,Sri Lanka,JD Ryder,LRPL Taylor,BAW Mendis,0,0,,,,,,caught,JD Ryder,,
433594,2010/11,2011-03-18,Wankhede Stadium,2,16.6,New Zealand,Sri Lanka,KS Williamson,LRPL Taylor,BAW Mendis,1,0,,,,,,,,,
433594,2010/11,2011-03-18,Wankhede Stadium,2,17.1,New Zealand,Sri Lanka,KS Williamson,LRPL Taylor,M Muralitharan,0,0,,,,,,,,,
433594,2010/11,2011-03-18,Wankhede Stadium,2,17.2,New Zealand,Sri Lanka,KS Williamson,LRPL Taylor,M Muralitharan,0,0,,,,,,,,,
433594,2010/11,2011-03-18,Wankhede Stadium,2,17.3,New Zealand,Sri Lanka,KS Williamson,LRPL Taylor,M Muralitharan,0,0,,,,,,,,,
433594,2010/11,2011-03-18,Wankhede Stadium,2,17.4,New Zealand,Sri Lanka,KS Williamson,LRPL Taylor,M Muralitharan,3,1,,1,,,,,,,
433594,2010/11,2011-03-18,Wankhede Stadium,2,17.5,New Zealand,Sri Lanka,LRPL Taylor,KS Williamson,M Muralitharan,0,0,,,,,,,,,
433594,2010/11,2011-03-18,Wankhede Stadium,2,17.6,New Zealand,Sri Lanka,LRPL Taylor,KS Williamson,M Muralitharan,0,0,,,,,,,,,
433594,2010/11,2011-03-18,Wankhede Stadium,2,17.7,New Zealand,Sri Lanka,LRPL Taylor,KS Williamson,M Muralitharan,0,0,,,,,,,,,
433594,2010/11,2011-03-18,Wankhede Stadium,2,18.1,New Zealand,Sri Lanka,KS Williamson,LRPL Taylor,BAW Mendis,1,0,,,,,,,,,
433594,2010/11,2011-03-18,Wankhede Stadium,2,18.2,New Zealand,Sri Lanka,LRPL Taylor,KS Williamson,BAW Mendis,0,0,,,,,,,,,
433594,2010/11,2011-03-18,Wankhede Stadium,2,18.3,New Zealand,Sri Lanka,LRPL Taylor,KS Williamson,BAW Mendis,0,0,,,,,,,,,
433594,2010/11,2011-03-18,Wankhede Stadium,2,18.4,New Zealand,Sri Lanka,LRPL Taylor,KS Williamson,BAW Mendis,0,0,,,,,,,,,
433594,2010/11,2011-03-18,Wankhede Stadium,2,18.5,New Zealand,Sri Lanka,LRPL Taylor,KS Williamson,BAW Mendis,0,0,,,,,,,,,
433594,2010/11,2011-03-18,Wankhede Stadium,2,18.6,New Zealand,Sri Lanka,LRPL Taylor,KS Williamson,BAW Mendis,0,0,,,,,,,,,
433594,2010/11,2011-03-18,Wankhede Stadium,2,19.1,New Zealand,Sri Lanka,KS Williamson,LRPL Taylor,M Muralitharan,0,0,,,,,,,,,
433594,2010/11,2011-03-18,Wankhede Stadium,2,19.2,New Zealand,Sri Lanka,KS Williamson,LRPL Taylor,M Muralitharan,0,0,,,,,,stumped,KS Williamson,,
433594,2010/11,2011-03-18,Wankhede Stadium,2,19.3,New Zealand,Sri Lanka,SB Styris,LRPL Taylor,M Muralitharan,1,0,,,,,,,,,
433594,2010/11,2011-03-18,Wankhede Stadium,2,19.4,New Zealand,Sri Lanka,LRPL Taylor,SB Styris,M Muralitharan,0,0,,,,,,,,,
433594,2010/11,2011-03-18,Wankhede Stadium,2,19.5,New Zealand,Sri Lanka,LRPL Taylor,SB Styris,M Muralitharan,0,0,,,,,,,,,
433594,2010/11,2011-03-18,Wankhede Stadium,2,19.6,New Zealand,Sri Lanka,LRPL Taylor,SB Styris,M Muralitharan,0,0,,,,,,,,,
433594,2010/11,2011-03-18,Wankhede Stadium,2,20.1,New Zealand,Sri Lanka,SB Styris,LRPL Taylor,BAW Mendis,1,0,,,,,,,,,
433594,2010/11,2011-03-18,Wankhede Stadium,2,20.2,New Zealand,Sri Lanka,LRPL Taylor,SB Styris,BAW Mendis,0,0,,,,,,,,,
433594,2010/11,2011-03-18,Wankhede Stadium,2,20.3,New Zealand,Sri Lanka,LRPL Taylor,SB Styris,BAW Mendis,0,0,,,,,,,,,
433594,2010/11,2011-03-18,Wankhede Stadium,2,20.4,New Zealand,Sri Lanka,LRPL Taylor,SB Styris,BAW Mendis,1,0,,,,,,,,,
433594,2010/11,2011-03-18,Wankhede Stadium,2,20.5,New Zealand,Sri Lanka,SB Styris,LRPL Taylor,BAW Mendis,1,0,,,,,,,,,
433594,2010/11,2011-03-18,Wankhede Stadium,2,20.6,New Zealand,Sri Lanka,LRPL Taylor,SB Styris,BAW Mendis,1,0,,,,,,,,,
433594,2010/11,2011-03-18,Wankhede Stadium,2,21.1,New Zealand,Sri Lanka,LRPL Taylor,SB Styris,M Muralitharan,0,0,,,,,,lbw,LRPL Taylor,,
433594,2010/11,2011-03-18,Wankhede Stadium,2,21.2,New Zealand,Sri Lanka,JEC Franklin,SB Styris,M Muralitharan,0,0,,,,,,,,,
433594,2010/11,2011-03-18,Wankhede Stadium,2,21.3,New Zealand,Sri Lanka,JEC Franklin,SB Styris,M Muralitharan,1,0,,,,,,,,,
433594,2010/11,2011-03-18,Wankhede Stadium,2,21.4,New Zealand,Sri Lanka,SB Styris,JEC Franklin,M Muralitharan,0,0,,,,,,,,,
433594,2010/11,2011-03-18,Wankhede Stadium,2,21.5,New Zealand,Sri Lanka,SB Styris,JEC Franklin,M Muralitharan,1,0,,,,,,,,,
433594,2010/11,2011-03-18,Wankhede Stadium,2,21.6,New Zealand,Sri Lanka,JEC Franklin,SB Styris,M Muralitharan,0,0,,,,,,,,,
433594,2010/11,2011-03-18,Wankhede Stadium,2,22.1,New Zealand,Sri Lanka,SB Styris,JEC Franklin,BAW Mendis,0,0,,,,,,,,,
433594,2010/11,2011-03-18,Wankhede Stadium,2,22.2,New Zealand,Sri Lanka,SB Styris,JEC Franklin,BAW Mendis,0,0,,,,,,,,,
433594,2010/11,2011-03-18,Wankhede Stadium,2,22.3,New Zealand,Sri Lanka,SB Styris,JEC Franklin,BAW Mendis,1,0,,,,,,,,,
433594,2010/11,2011-03-18,Wankhede Stadium,2,22.4,New Zealand,Sri Lanka,JEC Franklin,SB Styris,BAW Mendis,4,0,,,,,,,,,
433594,2010/11,2011-03-18,Wankhede Stadium,2,22.5,New Zealand,Sri Lanka,JEC Franklin,SB Styris,BAW Mendis,0,0,,,,,,,,,
433594,2010/11,2011-03-18,Wankhede Stadium,2,22.6,New Zealand,Sri Lanka,JEC Franklin,SB Styris,BAW Mendis,0,0,,,,,,,,,
433594,2010/11,2011-03-18,Wankhede Stadium,2,23.1,New Zealand,Sri Lanka,SB Styris,JEC Franklin,M Muralitharan,1,0,,,,,,,,,
433594,2010/11,2011-03-18,Wankhede Stadium,2,23.2,New Zealand,Sri Lanka,JEC Franklin,SB Styris,M Muralitharan,0,0,,,,,,,,,
433594,2010/11,2011-03-18,Wankhede Stadium,2,23.3,New Zealand,Sri Lanka,JEC Franklin,SB Styris,M Muralitharan,0,0,,,,,,,,,
433594,2010/11,2011-03-18,Wankhede Stadium,2,23.4,New Zealand,Sri Lanka,JEC Franklin,SB Styris,M Muralitharan,1,0,,,,,,,,,
433594,2010/11,2011-03-18,Wankhede Stadium,2,23.5,New Zealand,Sri Lanka,SB Styris,JEC Franklin,M Muralitharan,0,0,,,,,,caught and bowled,SB Styris,,
433594,2010/11,2011-03-18,Wankhede Stadium,2,23.6,New Zealand,Sri Lanka,NL McCullum,JEC Franklin,M Muralitharan,1,0,,,,,,,,,
433594,2010/11,2011-03-18,Wankhede Stadium,2,24.1,New Zealand,Sri Lanka,NL McCullum,JEC Franklin,TM Dilshan,1,0,,,,,,,,,
433594,2010/11,2011-03-18,Wankhede Stadium,2,24.2,New Zealand,Sri Lanka,JEC Franklin,NL McCullum,TM Dilshan,0,0,,,,,,,,,
433594,2010/11,2011-03-18,Wankhede Stadium,2,24.3,New Zealand,Sri Lanka,JEC Franklin,NL McCullum,TM Dilshan,1,0,,,,,,,,,
433594,2010/11,2011-03-18,Wankhede Stadium,2,24.4,New Zealand,Sri Lanka,NL McCullum,JEC Franklin,TM Dilshan,0,0,,,,,,,,,
433594,2010/11,2011-03-18,Wankhede Stadium,2,24.5,New Zealand,Sri Lanka,NL McCullum,JEC Franklin,TM Dilshan,1,0,,,,,,,,,
433594,2010/11,2011-03-18,Wankhede Stadium,2,24.6,New Zealand,Sri Lanka,JEC Franklin,NL McCullum,TM Dilshan,0,0,,,,,,,,,
433594,2010/11,2011-03-18,Wankhede Stadium,2,25.1,New Zealand,Sri Lanka,NL McCullum,JEC Franklin,M Muralitharan,0,1,,,,1,,,,,
433594,2010/11,2011-03-18,Wankhede Stadium,2,25.2,New Zealand,Sri Lanka,JEC Franklin,NL McCullum,M Muralitharan,0,0,,,,,,,,,
433594,2010/11,2011-03-18,Wankhede Stadium,2,25.3,New Zealand,Sri Lanka,JEC Franklin,NL McCullum,M Muralitharan,4,0,,,,,,,,,
433594,2010/11,2011-03-18,Wankhede Stadium,2,25.4,New Zealand,Sri Lanka,JEC Franklin,NL McCullum,M Muralitharan,0,0,,,,,,,,,
433594,2010/11,2011-03-18,Wankhede Stadium,2,25.5,New Zealand,Sri Lanka,JEC Franklin,NL McCullum,M Muralitharan,1,0,,,,,,,,,
433594,2010/11,2011-03-18,Wankhede Stadium,2,25.6,New Zealand,Sri Lanka,NL McCullum,JEC Franklin,M Muralitharan,0,0,,,,,,,,,
433594,2010/11,2011-03-18,Wankhede Stadium,2,26.1,New Zealand,Sri Lanka,JEC Franklin,NL McCullum,TM Dilshan,1,0,,,,,,,,,
433594,2010/11,2011-03-18,Wankhede Stadium,2,26.2,New Zealand,Sri Lanka,NL McCullum,JEC Franklin,TM Dilshan,1,0,,,,,,,,,
433594,2010/11,2011-03-18,Wankhede Stadium,2,26.3,New Zealand,Sri Lanka,JEC Franklin,NL McCullum,TM Dilshan,0,0,,,,,,,,,
433594,2010/11,2011-03-18,Wankhede Stadium,2,26.4,New Zealand,Sri Lanka,JEC Franklin,NL McCullum,TM Dilshan,1,0,,,,,,,,,
433594,2010/11,2011-03-18,Wankhede Stadium,2,26.5,New Zealand,Sri Lanka,NL McCullum,JEC Franklin,TM Dilshan,0,0,,,,,,caught,NL McCullum,,
433594,2010/11,2011-03-18,Wankhede Stadium,2,26.6,New Zealand,Sri Lanka,JDP Oram,JEC Franklin,TM Dilshan,0,0,,,,,,,,,
433594,2010/11,2011-03-18,Wankhede Stadium,2,27.1,New Zealand,Sri Lanka,JEC Franklin,JDP Oram,M Muralitharan,0,0,,,,,,,,,
433594,2010/11,2011-03-18,Wankhede Stadium,2,27.2,New Zealand,Sri Lanka,JEC Franklin,JDP Oram,M Muralitharan,1,0,,,,,,,,,
433594,2010/11,2011-03-18,Wankhede Stadium,2,27.3,New Zealand,Sri Lanka,JDP Oram,JEC Franklin,M Muralitharan,1,0,,,,,,,,,
433594,2010/11,2011-03-18,Wankhede Stadium,2,27.4,New Zealand,Sri Lanka,JEC Franklin,JDP Oram,M Muralitharan,0,0,,,,,,,,,
433594,2010/11,2011-03-18,Wankhede Stadium,2,27.5,New Zealand,Sri Lanka,JEC Franklin,JDP Oram,M Muralitharan,1,0,,,,,,,,,
433594,2010/11,2011-03-18,Wankhede Stadium,2,27.6,New Zealand,Sri Lanka,JDP Oram,JEC Franklin,M Muralitharan,0,1,,,,1,,,,,
433594,2010/11,2011-03-18,Wankhede Stadium,2,28.1,New Zealand,Sri Lanka,JDP Oram,JEC Franklin,TM Dilshan,1,0,,,,,,,,,
433594,2010/11,2011-03-18,Wankhede Stadium,2,28.2,New Zealand,Sri Lanka,JEC Franklin,JDP Oram,TM Dilshan,1,0,,,,,,,,,
433594,2010/11,2011-03-18,Wankhede Stadium,2,28.3,New Zealand,Sri Lanka,JDP Oram,JEC Franklin,TM Dilshan,0,0,,,,,,,,,
433594,2010/11,2011-03-18,Wankhede Stadium,2,28.4,New Zealand,Sri Lanka,JDP Oram,JEC Franklin,TM Dilshan,0,0,,,,,,,,,
433594,2010/11,2011-03-18,Wankhede Stadium,2,28.5,New Zealand,Sri Lanka,JDP Oram,JEC Franklin,TM Dilshan,0,0,,,,,,,,,
433594,2010/11,2011-03-18,Wankhede Stadium,2,28.6,New Zealand,Sri Lanka,JDP Oram,JEC Franklin,TM Dilshan,0,0,,,,,,,,,
433594,2010/11,2011-03-18,Wankhede Stadium,2,29.1,New Zealand,Sri Lanka,JEC Franklin,JDP Oram,M Muralitharan,1,0,,,,,,,,,
433594,2010/11,2011-03-18,Wankhede Stadium,2,29.2,New Zealand,Sri Lanka,JDP Oram,JEC Franklin,M Muralitharan,0,0,,,,,,,,,
433594,2010/11,2011-03-18,Wankhede Stadium,2,29.3,New Zealand,Sri Lanka,JDP Oram,JEC Franklin,M Muralitharan,0,0,,,,,,,,,
433594,2010/11,2011-03-18,Wankhede Stadium,2,29.4,New Zealand,Sri Lanka,JDP Oram,JEC Franklin,M Muralitharan,0,0,,,,,,,,,
433594,2010/11,2011-03-18,Wankhede Stadium,2,29.5,New Zealand,Sri Lanka,JDP Oram,JEC Franklin,M Muralitharan,1,0,,,,,,,,,
433594,2010/11,2011-03-18,Wankhede Stadium,2,29.6,New Zealand,Sri Lanka,JEC Franklin,JDP Oram,M Muralitharan,0,0,,,,,,,,,
433594,2010/11,2011-03-18,Wankhede Stadium,2,30.1,New Zealand,Sri Lanka,JDP Oram,JEC Franklin,TM Dilshan,0,0,,,,,,,,,
433594,2010/11,2011-03-18,Wankhede Stadium,2,30.2,New Zealand,Sri Lanka,JDP Oram,JEC Franklin,TM Dilshan,2,0,,,,,,,,,
433594,2010/11,2011-03-18,Wankhede Stadium,2,30.3,New Zealand,Sri Lanka,JDP Oram,JEC Franklin,TM Dilshan,1,0,,,,,,,,,
433594,2010/11,2011-03-18,Wankhede Stadium,2,30.4,New Zealand,Sri Lanka,JEC Franklin,JDP Oram,TM Dilshan,1,0,,,,,,,,,
433594,2010/11,2011-03-18,Wankhede Stadium,2,30.5,New Zealand,Sri Lanka,JDP Oram,JEC Franklin,TM Dilshan,0,0,,,,,,,,,
433594,2010/11,2011-03-18,Wankhede Stadium,2,30.6,New Zealand,Sri Lanka,JDP Oram,JEC Franklin,TM Dilshan,0,0,,,,,,,,,
433594,2010/11,2011-03-18,Wankhede Stadium,2,31.1,New Zealand,Sri Lanka,JEC Franklin,JDP Oram,M Muralitharan,1,0,,,,,,,,,
433594,2010/11,2011-03-18,Wankhede Stadium,2,31.2,New Zealand,Sri Lanka,JDP Oram,JEC Franklin,M Muralitharan,0,1,,,,1,,,,,
433594,2010/11,2011-03-18,Wankhede Stadium,2,31.3,New Zealand,Sri Lanka,JEC Franklin,JDP Oram,M Muralitharan,0,0,,,,,,caught,JEC Franklin,,
433594,2010/11,2011-03-18,Wankhede Stadium,2,31.4,New Zealand,Sri Lanka,TG Southee,JDP Oram,M Muralitharan,0,0,,,,,,,,,
433594,2010/11,2011-03-18,Wankhede Stadium,2,31.5,New Zealand,Sri Lanka,TG Southee,JDP Oram,M Muralitharan,4,0,,,,,,,,,
433594,2010/11,2011-03-18,Wankhede Stadium,2,31.6,New Zealand,Sri Lanka,TG Southee,JDP Oram,M Muralitharan,0,1,,,,1,,,,,
433594,2010/11,2011-03-18,Wankhede Stadium,2,32.1,New Zealand,Sri Lanka,TG Southee,JDP Oram,TM Dilshan,1,0,,,,,,,,,
433594,2010/11,2011-03-18,Wankhede Stadium,2,32.2,New Zealand,Sri Lanka,JDP Oram,TG Southee,TM Dilshan,1,0,,,,,,,,,
433594,2010/11,2011-03-18,Wankhede Stadium,2,32.3,New Zealand,Sri Lanka,TG Southee,JDP Oram,TM Dilshan,1,0,,,,,,,,,
433594,2010/11,2011-03-18,Wankhede Stadium,2,32.4,New Zealand,Sri Lanka,JDP Oram,TG Southee,TM Dilshan,1,0,,,,,,,,,
433594,2010/11,2011-03-18,Wankhede Stadium,2,32.5,New Zealand,Sri Lanka,TG Southee,JDP Oram,TM Dilshan,1,0,,,,,,,,,
433594,2010/11,2011-03-18,Wankhede Stadium,2,32.6,New Zealand,Sri Lanka,JDP Oram,TG Southee,TM Dilshan,1,0,,,,,,,,,
433594,2010/11,2011-03-18,Wankhede Stadium,2,33.1,New Zealand,Sri Lanka,JDP Oram,TG Southee,BAW Mendis,0,1,1,,,,,,,,
433594,2010/11,2011-03-18,Wankhede Stadium,2,33.2,New Zealand,Sri Lanka,JDP Oram,TG Southee,BAW Mendis,1,0,,,,,,,,,
433594,2010/11,2011-03-18,Wankhede Stadium,2,33.3,New Zealand,Sri Lanka,TG Southee,JDP Oram,BAW Mendis,1,0,,,,,,,,,
433594,2010/11,2011-03-18,Wankhede Stadium,2,33.4,New Zealand,Sri Lanka,JDP Oram,TG Southee,BAW Mendis,1,0,,,,,,,,,
433594,2010/11,2011-03-18,Wankhede Stadium,2,33.5,New Zealand,Sri Lanka,TG Southee,JDP Oram,BAW Mendis,0,0,,,,,,lbw,TG Southee,,
433594,2010/11,2011-03-18,Wankhede Stadium,2,33.6,New Zealand,Sri Lanka,HK Bennett,JDP Oram,BAW Mendis,0,0,,,,,,,,,
433594,2010/11,2011-03-18,Wankhede Stadium,2,33.7,New Zealand,Sri Lanka,HK Bennett,JDP Oram,BAW Mendis,0,0,,,,,,,,,
433594,2010/11,2011-03-18,Wankhede Stadium,2,34.1,New Zealand,Sri Lanka,JDP Oram,HK Bennett,SL Malinga,4,0,,,,,,,,,
433594,2010/11,2011-03-18,Wankhede Stadium,2,34.2,New Zealand,Sri Lanka,JDP Oram,HK Bennett,SL Malinga,4,0,,,,,,,,,
433594,2010/11,2011-03-18,Wankhede Stadium,2,34.3,New Zealand,Sri Lanka,JDP Oram,HK Bennett,SL Malinga,0,0,,,,,,,,,
433594,2010/11,2011-03-18,Wankhede Stadium,2,34.4,New Zealand,Sri Lanka,JDP Oram,HK Bennett,SL Malinga,1,0,,,,,,,,,
433594,2010/11,2011-03-18,Wankhede Stadium,2,34.5,New Zealand,Sri Lanka,HK Bennett,JDP Oram,SL Malinga,0,0,,,,,,,,,
433594,2010/11,2011-03-18,Wankhede Stadium,2,34.6,New Zealand,Sri Lanka,HK Bennett,JDP Oram,SL Malinga,0,0,,,,,,bowled,HK Bennett,,
