match_id,season,start_date,venue,innings,ball,batting_team,bowling_team,striker,non_striker,bowler,runs_off_bat,extras,wides,noballs,byes,legbyes,penalty,wicket_type,player_dismissed,other_wicket_type,other_player_dismissed
433605,2010/11,2011-03-30,"Punjab Cricket Association Stadium, Mohali",1,0.1,India,Pakistan,V Sehwag,SR Tendulkar,Umar Gul,0,0,,,,,,,,,
433605,2010/11,2011-03-30,"Punjab Cricket Association Stadium, Mohali",1,0.2,India,Pakistan,V Sehwag,SR Tendulkar,Umar Gul,0,0,,,,,,,,,
433605,2010/11,2011-03-30,"Punjab Cricket Association Stadium, Mohali",1,0.3,India,Pakistan,V Sehwag,SR Tendulkar,Umar Gul,4,0,,,,,,,,,
433605,2010/11,2011-03-30,"Punjab Cricket Association Stadium, Mohali",1,0.4,India,Pakistan,V Sehwag,SR Tendulkar,Umar Gul,0,0,,,,,,,,,
433605,2010/11,2011-03-30,"Punjab Cricket Association Stadium, Mohali",1,0.5,India,Pakistan,V Sehwag,SR Tendulkar,Umar Gul,0,0,,,,,,,,,
433605,2010/11,2011-03-30,"Punjab Cricket Association Stadium, Mohali",1,0.6,India,Pakistan,V Sehwag,SR Tendulkar,Umar Gul,0,0,,,,,,,,,
433605,2010/11,2011-03-30,"Punjab Cricket Association Stadium, Mohali",1,1.1,India,Pakistan,SR Tendulkar,V Sehwag,Abdul Razzaq,0,0,,,,,,,,,
433605,2010/11,2011-03-30,"Punjab Cricket Association Stadium, Mohali",1,1.2,India,Pakistan,SR Tendulkar,V Sehwag,Abdul Razzaq,0,0,,,,,,,,,
433605,2010/11,2011-03-30,"Punjab Cricket Association Stadium, Mohali",1,1.3,India,Pakistan,SR Tendulkar,V Sehwag,Abdul Razzaq,0,0,,,,,,,,,
433605,2010/11,2011-03-30,"Punjab Cricket Association Stadium, Mohali",1,1.4,India,Pakistan,SR Tendulkar,V Sehwag,Abdul Razzaq,1,0,,,,,,,,,
433605,2010/11,2011-03-30,"Punjab Cricket Association Stadium, Mohali",1,1.5,India,Pakistan,V Sehwag,SR Tendulkar,Abdul Razzaq,1,0,,,,,,,,,
433605,2010/11,2011-03-30,"Punjab Cricket Association Stadium, Mohali",1,1.6,India,Pakistan,SR Tendulkar,V Sehwag,Abdul Razzaq,0,0,,,,,,,,,
433605,2010/11,2011-03-30,"Punjab Cricket Association Stadium, Mohali",1,2.1,India,Pakistan,V Sehwag,SR Tendulkar,Umar Gul,4,0,,,,,,,,,
433605,2010/11,2011-03-30,"Punjab Cricket Association Stadium, Mohali",1,2.2,India,Pakistan,V Sehwag,SR Tendulkar,Umar Gul,4,0,,,,,,,,,
433605,2010/11,2011-03-30,"Punjab Cricket Association Stadium, Mohali",1,2.3,India,Pakistan,V Sehwag,SR Tendulkar,Umar Gul,0,0,,,,,,,,,
433605,2010/11,2011-03-30,"Punjab Cricket Association Stadium, Mohali",1,2.4,India,Pakistan,V Sehwag,SR Tendulkar,Umar Gul,4,0,,,,,,,,,
433605,2010/11,2011-03-30,"Punjab Cricket Association Stadium, Mohali",1,2.5,India,Pakistan,V Sehwag,SR Tendulkar,Umar Gul,4,0,,,,,,,,,
433605,2010/11,2011-03-30,"Punjab Cricket Association Stadium, Mohali",1,2.6,India,Pakistan,V Sehwag,SR Tendulkar,Umar Gul,4,1,,1,,,,,,,
433605,2010/11,2011-03-30,"Punjab Cricket Association Stadium, Mohali",1,2.7,India,Pakistan,V Sehwag,SR Tendulkar,Umar Gul,0,0,,,,,,,,,
433605,2010/11,2011-03-30,"Punjab Cricket Association Stadium, Mohali",1,3.1,India,Pakistan,SR Tendulkar,V Sehwag,Abdul Razzaq,3,0,,,,,,,,,
433605,2010/11,2011-03-30,"Punjab Cricket Association Stadium, Mohali",1,3.2,India,Pakistan,V Sehwag,SR Tendulkar,Abdul Razzaq,0,0,,,,,,,,,
433605,2010/11,2011-03-30,"Punjab Cricket Association Stadium, Mohali",1,3.3,India,Pakistan,V Sehwag,SR Tendulkar,Abdul Razzaq,4,0,,,,,,,,,
433605,2010/11,2011-03-30,"Punjab Cricket Association Stadium, Mohali",1,3.4,India,Pakistan,V Sehwag,SR Tendulkar,Abdul Razzaq,1,0,,,,,,,,,
433605,2010/11,2011-03-30,"Punjab Cricket Association Stadium, Mohali",1,3.5,India,Pakistan,SR Tendulkar,V Sehwag,Abdul Razzaq,0,0,,,,,,,,,
433605,2010/11,2011-03-30,"Punjab Cricket Association Stadium, Mohali",1,3.6,India,Pakistan,SR Tendulkar,V Sehwag,Abdul Razzaq,4,0,,,,,,,,,
433605,2010/11,2011-03-30,"Punjab Cricket Association Stadium, Mohali",1,4.1,India,Pakistan,V Sehwag,SR Tendulkar,Umar Gul,0,0,,,,,,,,,
433605,2010/11,2011-03-30,"Punjab Cricket Association Stadium, Mohali",1,4.2,India,Pakistan,V Sehwag,SR Tendulkar,Umar Gul,0,0,,,,,,,,,
433605,2010/11,2011-03-30,"Punjab Cricket Association Stadium, Mohali",1,4.3,India,Pakistan,V Sehwag,SR Tendulkar,Umar Gul,0,0,,,,,,,,,
433605,2010/11,2011-03-30,"Punjab Cricket Association Stadium, Mohali",1,4.4,India,Pakistan,V Sehwag,SR Tendulkar,Umar Gul,4,0,,,,,,,,,
433605,2010/11,2011-03-30,"Punjab Cricket Association Stadium, Mohali",1,4.5,India,Pakistan,V Sehwag,SR Tendulkar,Umar Gul,0,0,,,,,,,,,
433605,2010/11,2011-03-30,"Punjab Cricket Association Stadium, Mohali",1,4.6,India,Pakistan,V Sehwag,SR Tendulkar,Umar Gul,4,0,,,,,,,,,
433605,2010/11,2011-03-30,"Punjab Cricket Association Stadium, Mohali",1,5.1,India,Pakistan,SR Tendulkar,V Sehwag,Wahab Riaz,0,0,,,,,,,,,
433605,2010/11,2011-03-30,"Punjab Cricket Association Stadium, Mohali",1,5.2,India,Pakistan,SR Tendulkar,V Sehwag,Wahab Riaz,0,0,,,,,,,,,
433605,2010/11,2011-03-30,"Punjab Cricket Association Stadium, Mohali",1,5.3,India,Pakistan,SR Tendulkar,V Sehwag,Wahab Riaz,0,1,,,,1,,,,,
433605,2010/11,2011-03-30,"Punjab Cricket Association Stadium, Mohali",1,5.4,India,Pakistan,V Sehwag,SR Tendulkar,Wahab Riaz,0,0,,,,,,,,,
433605,2010/11,2011-03-30,"Punjab Cricket Association Stadium, Mohali",1,5.5,India,Pakistan,V Sehwag,SR Tendulkar,Wahab Riaz,0,0,,,,,,lbw,V Sehwag,,
433605,2010/11,2011-03-30,"Punjab Cricket Association Stadium, Mohali",1,5.6,India,Pakistan,G Gambhir,SR Tendulkar,Wahab Riaz,1,0,,,,,,,,,
433605,2010/11,2011-03-30,"Punjab Cricket Association Stadium, Mohali",1,6.1,India,Pakistan,G Gambhir,SR Tendulkar,Umar Gul,0,0,,,,,,,,,
433605,2010/11,2011-03-30,"Punjab Cricket Association Stadium, Mohali",1,6.2,India,Pakistan,G Gambhir,SR Tendulkar,Umar Gul,1,0,,,,,,,,,
433605,2010/11,2011-03-30,"Punjab Cricket Association Stadium, Mohali",1,6.3,India,Pakistan,SR Tendulkar,G Gambhir,Umar Gul,4,0,,,,,,,,,
433605,2010/11,2011-03-30,"Punjab Cricket Association Stadium, Mohali",1,6.4,India,Pakistan,SR Tendulkar,G Gambhir,Umar Gul,0,0,,,,,,,,,
433605,2010/11,2011-03-30,"Punjab Cricket Association Stadium, Mohali",1,6.5,India,Pakistan,SR Tendulkar,G Gambhir,Umar Gul,0,0,,,,,,,,,
433605,2010/11,2011-03-30,"Punjab Cricket Association Stadium, Mohali",1,6.6,India,Pakistan,SR Tendulkar,G Gambhir,Umar Gul,3,0,,,,,,,,,
433605,2010/11,2011-03-30,"Punjab Cricket Association Stadium, Mohali",1,7.1,India,Pakistan,SR Tendulkar,G Gambhir,Wahab Riaz,4,0,,,,,,,,,
433605,2010/11,2011-03-30,"Punjab Cricket Association Stadium, Mohali",1,7.2,India,Pakistan,SR Tendulkar,G Gambhir,Wahab Riaz,0,0,,,,,,,,,
433605,2010/11,2011-03-30,"Punjab Cricket Association Stadium, Mohali",1,7.3,India,Pakistan,SR Tendulkar,G Gambhir,Wahab Riaz,0,0,,,,,,,,,
433605,2010/11,2011-03-30,"Punjab Cricket Association Stadium, Mohali",1,7.4,India,Pakistan,SR Tendulkar,G Gambhir,Wahab Riaz,0,0,,,,,,,,,
433605,2010/11,2011-03-30,"Punjab Cricket Association Stadium, Mohali",1,7.5,India,Pakistan,SR Tendulkar,G Gambhir,Wahab Riaz,4,0,,,,,,,,,
433605,2010/11,2011-03-30,"Punjab Cricket Association Stadium, Mohali",1,7.6,India,Pakistan,SR Tendulkar,G Gambhir,Wahab Riaz,0,0,,,,,,,,,
433605,2010/11,2011-03-30,"Punjab Cricket Association Stadium, Mohali",1,8.1,India,Pakistan,G Gambhir,SR Tendulkar,Saeed Ajmal,0,0,,,,,,,,,
433605,2010/11,2011-03-30,"Punjab Cricket Association Stadium, Mohali",1,8.2,India,Pakistan,G Gambhir,SR Tendulkar,Saeed Ajmal,0,0,,,,,,,,,
433605,2010/11,2011-03-30,"Punjab Cricket Association Stadium, Mohali",1,8.3,India,Pakistan,G Gambhir,SR Tendulkar,Saeed Ajmal,0,0,,,,,,,,,
433605,2010/11,2011-03-30,"Punjab Cricket Association Stadium, Mohali",1,8.4,India,Pakistan,G Gambhir,SR Tendulkar,Saeed Ajmal,0,0,,,,,,,,,
433605,2010/11,2011-03-30,"Punjab Cricket Association Stadium, Mohali",1,8.5,India,Pakistan,G Gambhir,SR Tendulkar,Saeed Ajmal,2,0,,,,,,,,,
433605,2010/11,2011-03-30,"Punjab Cricket Association Stadium, Mohali",1,8.6,India,Pakistan,G Gambhir,SR Tendulkar,Saeed Ajmal,1,0,,,,,,,,,
433605,2010/11,2011-03-30,"Punjab Cricket Association Stadium, Mohali",1,9.1,India,Pakistan,G Gambhir,SR Tendulkar,Wahab Riaz,0,0,,,,,,,,,
433605,2010/11,2011-03-30,"Punjab Cricket Association Stadium, Mohali",1,9.2,India,Pakistan,G Gambhir,SR Tendulkar,Wahab Riaz,1,0,,,,,,,,,
433605,2010/11,2011-03-30,"Punjab Cricket Association Stadium, Mohali",1,9.3,India,Pakistan,SR Tendulkar,G Gambhir,Wahab Riaz,0,4,,,,4,,,,,
433605,2010/11,2011-03-30,"Punjab Cricket Association Stadium, Mohali",1,9.4,India,Pakistan,SR Tendulkar,G Gambhir,Wahab Riaz,0,0,,,,,,,,,
433605,2010/11,2011-03-30,"Punjab Cricket Association Stadium, Mohali",1,9.5,India,Pakistan,SR Tendulkar,G Gambhir,Wahab Riaz,0,0,,,,,,,,,
433605,2010/11,2011-03-30,"Punjab Cricket Association Stadium, Mohali",1,9.6,India,Pakistan,SR Tendulkar,G Gambhir,Wahab Riaz,0,0,,,,,,,,,
433605,2010/11,2011-03-30,"Punjab Cricket Association Stadium, Mohali",1,10.1,India,Pakistan,G Gambhir,SR Tendulkar,Saeed Ajmal,0,0,,,,,,,,,
433605,2010/11,2011-03-30,"Punjab Cricket Association Stadium, Mohali",1,10.2,India,Pakistan,G Gambhir,SR Tendulkar,Saeed Ajmal,0,1,1,,,,,,,,
433605,2010/11,2011-03-30,"Punjab Cricket Association Stadium, Mohali",1,10.3,India,Pakistan,G Gambhir,SR Tendulkar,Saeed Ajmal,1,0,,,,,,,,,
433605,2010/11,2011-03-30,"Punjab Cricket Association Stadium, Mohali",1,10.4,India,Pakistan,SR Tendulkar,G Gambhir,Saeed Ajmal,0,0,,,,,,,,,
433605,2010/11,2011-03-30,"Punjab Cricket Association Stadium, Mohali",1,10.5,India,Pakistan,SR Tendulkar,G Gambhir,Saeed Ajmal,0,0,,,,,,,,,
433605,2010/11,2011-03-30,"Punjab Cricket Association Stadium, Mohali",1,10.6,India,Pakistan,SR Tendulkar,G Gambhir,Saeed Ajmal,0,0,,,,,,,,,
433605,2010/11,2011-03-30,"Punjab Cricket Association Stadium, Mohali",1,10.7,India,Pakistan,SR Tendulkar,G Gambhir,Saeed Ajmal,1,0,,,,,,,,,
433605,2010/11,2011-03-30,"Punjab Cricket Association Stadium, Mohali",1,11.1,India,Pakistan,SR Tendulkar,G Gambhir,Shahid Afridi,0,0,,,,,,,,,
433605,2010/11,2011-03-30,"Punjab Cricket Association Stadium, Mohali",1,11.2,India,Pakistan,SR Tendulkar,G Gambhir,Shahid Afridi,0,0,,,,,,,,,
433605,2010/11,2011-03-30,"Punjab Cricket Association Stadium, Mohali",1,11.3,India,Pakistan,SR Tendulkar,G Gambhir,Shahid Afridi,0,0,,,,,,,,,
433605,2010/11,2011-03-30,"Punjab Cricket Association Stadium, Mohali",1,11.4,India,Pakistan,SR Tendulkar,G Gambhir,Shahid Afridi,1,0,,,,,,,,,
433605,2010/11,2011-03-30,"Punjab Cricket Association Stadium, Mohali",1,11.5,India,Pakistan,G Gambhir,SR Tendulkar,Shahid Afridi,1,0,,,,,,,,,
433605,2010/11,2011-03-30,"Punjab Cricket Association Stadium, Mohali",1,11.6,India,Pakistan,SR Tendulkar,G Gambhir,Shahid Afridi,1,0,,,,,,,,,
433605,2010/11,2011-03-30,"Punjab Cricket Association Stadium, Mohali",1,12.1,India,Pakistan,SR Tendulkar,G Gambhir,Saeed Ajmal,0,0,,,,,,,,,
433605,2010/11,2011-03-30,"Punjab Cricket Association Stadium, Mohali",1,12.2,India,Pakistan,SR Tendulkar,G Gambhir,Saeed Ajmal,0,0,,,,,,,,,
433605,2010/11,2011-03-30,"Punjab Cricket Association Stadium, Mohali",1,12.3,India,Pakistan,SR Tendulkar,G Gambhir,Saeed Ajmal,0,0,,,,,,,,,
433605,2010/11,2011-03-30,"Punjab Cricket Association Stadium, Mohali",1,12.4,India,Pakistan,SR Tendulkar,G Gambhir,Saeed Ajmal,1,0,,,,,,,,,
433605,2010/11,2011-03-30,"Punjab Cricket Association Stadium, Mohali",1,12.5,India,Pakistan,G Gambhir,SR Tendulkar,Saeed Ajmal,0,0,,,,,,,,,
433605,2010/11,2011-03-30,"Punjab Cricket Association Stadium, Mohali",1,12.6,India,Pakistan,G Gambhir,SR Tendulkar,Saeed Ajmal,4,0,,,,,,,,,
433605,2010/11,2011-03-30,"Punjab Cricket Association Stadium, Mohali",1,13.1,India,Pakistan,SR Tendulkar,G Gambhir,Shahid Afridi,1,0,,,,,,,,,
433605,2010/11,2011-03-30,"Punjab Cricket Association Stadium, Mohali",1,13.2,India,Pakistan,G Gambhir,SR Tendulkar,Shahid Afridi,2,0,,,,,,,,,
433605,2010/11,2011-03-30,"Punjab Cricket Association Stadium, Mohali",1,13.3,India,Pakistan,G Gambhir,SR Tendulkar,Shahid Afridi,1,0,,,,,,,,,
433605,2010/11,2011-03-30,"Punjab Cricket Association Stadium, Mohali",1,13.4,India,Pakistan,SR Tendulkar,G Gambhir,Shahid Afridi,1,0,,,,,,,,,
433605,2010/11,2011-03-30,"Punjab Cricket Association Stadium, Mohali",1,13.5,India,Pakistan,G Gambhir,SR Tendulkar,Shahid Afridi,1,0,,,,,,,,,
433605,2010/11,2011-03-30,"Punjab Cricket Association Stadium, Mohali",1,13.6,India,Pakistan,SR Tendulkar,G Gambhir,Shahid Afridi,0,0,,,,,,,,,
433605,2010/11,2011-03-30,"Punjab Cricket Association Stadium, Mohali",1,14.1,India,Pakistan,G Gambhir,SR Tendulkar,Saeed Ajmal,1,0,,,,,,,,,
433605,2010/11,2011-03-30,"Punjab Cricket Association Stadium, Mohali",1,14.2,India,Pakistan,SR Tendulkar,G Gambhir,Saeed Ajmal,4,0,,,,,,,,,
433605,2010/11,2011-03-30,"Punjab Cricket Association Stadium, Mohali",1,14.3,India,Pakistan,SR Tendulkar,G Gambhir,Saeed Ajmal,0,0,,,,,,,,,
433605,2010/11,2011-03-30,"Punjab Cricket Association Stadium, Mohali",1,14.4,India,Pakistan,SR Tendulkar,G Gambhir,Saeed Ajmal,0,0,,,,,,,,,
433605,2010/11,2011-03-30,"Punjab Cricket Association Stadium, Mohali",1,14.5,India,Pakistan,SR Tendulkar,G Gambhir,Saeed Ajmal,0,0,,,,,,,,,
433605,2010/11,2011-03-30,"Punjab Cricket Association Stadium, Mohali",1,14.6,India,Pakistan,SR Tendulkar,G Gambhir,Saeed Ajmal,4,0,,,,,,,,,
433605,2010/11,2011-03-30,"Punjab Cricket Association Stadium, Mohali",1,15.1,India,Pakistan,G Gambhir,SR Tendulkar,Shahid Afridi,0,0,,,,,,,,,
433605,2010/11,2011-03-30,"Punjab Cricket Association Stadium, Mohali",1,15.2,India,Pakistan,G Gambhir,SR Tendulkar,Shahid Afridi,1,0,,,,,,,,,
433605,2010/11,2011-03-30,"Punjab Cricket Association Stadium, Mohali",1,15.3,India,Pakistan,SR Tendulkar,G Gambhir,Shahid Afridi,1,0,,,,,,,,,
433605,2010/11,2011-03-30,"Punjab Cricket Association Stadium, Mohali",1,15.4,India,Pakistan,G Gambhir,SR Tendulkar,Shahid Afridi,0,0,,,,,,,,,
433605,2010/11,2011-03-30,"Punjab Cricket Association Stadium, Mohali",1,15.5,India,Pakistan,G Gambhir,SR Tendulkar,Shahid Afridi,0,0,,,,,,,,,
433605,2010/11,2011-03-30,"Punjab Cricket Association Stadium, Mohali",1,15.6,India,Pakistan,G Gambhir,SR Tendulkar,Shahid Afridi,1,0,,,,,,,,,
433605,2010/11,2011-03-30,"Punjab Cricket Association Stadium, Mohali",1,16.1,India,Pakistan,G Gambhir,SR Tendulkar,Mohammad Hafeez,1,0,,,,,,,,,
433605,2010/11,2011-03-30,"Punjab Cricket Association Stadium, Mohali",1,16.2,India,Pakistan,SR Tendulkar,G Gambhir,Mohammad Hafeez,0,0,,,,,,,,,
433605,2010/11,2011-03-30,"Punjab Cricket Association Stadium, Mohali",1,16.3,India,Pakistan,SR Tendulkar,G Gambhir,Mohammad Hafeez,1,0,,,,,,,,,
433605,2010/11,2011-03-30,"Punjab Cricket Association Stadium, Mohali",1,16.4,India,Pakistan,G Gambhir,SR Tendulkar,Mohammad Hafeez,4,0,,,,,,,,,
433605,2010/11,2011-03-30,"Punjab Cricket Association Stadium, Mohali",1,16.5,India,Pakistan,G Gambhir,SR Tendulkar,Mohammad Hafeez,2,0,,,,,,,,,
433605,2010/11,2011-03-30,"Punjab Cricket Association Stadium, Mohali",1,16.6,India,Pakistan,G Gambhir,SR Tendulkar,Mohammad Hafeez,0,0,,,,,,,,,
433605,2010/11,2011-03-30,"Punjab Cricket Association Stadium, Mohali",1,17.1,India,Pakistan,SR Tendulkar,G Gambhir,Shahid Afridi,0,0,,,,,,,,,
433605,2010/11,2011-03-30,"Punjab Cricket Association Stadium, Mohali",1,17.2,India,Pakistan,SR Tendulkar,G Gambhir,Shahid Afridi,0,0,,,,,,,,,
433605,2010/11,2011-03-30,"Punjab Cricket Association Stadium, Mohali",1,17.3,India,Pakistan,SR Tendulkar,G Gambhir,Shahid Afridi,0,0,,,,,,,,,
433605,2010/11,2011-03-30,"Punjab Cricket Association Stadium, Mohali",1,17.4,India,Pakistan,SR Tendulkar,G Gambhir,Shahid Afridi,0,0,,,,,,,,,
433605,2010/11,2011-03-30,"Punjab Cricket Association Stadium, Mohali",1,17.5,India,Pakistan,SR Tendulkar,G Gambhir,Shahid Afridi,4,0,,,,,,,,,
433605,2010/11,2011-03-30,"Punjab Cricket Association Stadium, Mohali",1,17.6,India,Pakistan,SR Tendulkar,G Gambhir,Shahid Afridi,0,0,,,,,,,,,
433605,2010/11,2011-03-30,"Punjab Cricket Association Stadium, Mohali",1,18.1,India,Pakistan,G Gambhir,SR Tendulkar,Mohammad Hafeez,1,0,,,,,,,,,
433605,2010/11,2011-03-30,"Punjab Cricket Association Stadium, Mohali",1,18.2,India,Pakistan,SR Tendulkar,G Gambhir,Mohammad Hafeez,0,0,,,,,,,,,
433605,2010/11,2011-03-30,"Punjab Cricket Association Stadium, Mohali",1,18.3,India,Pakistan,SR Tendulkar,G Gambhir,Mohammad Hafeez,1,0,,,,,,,,,
433605,2010/11,2011-03-30,"Punjab Cricket Association Stadium, Mohali",1,18.4,India,Pakistan,G Gambhir,SR Tendulkar,Mohammad Hafeez,0,0,,,,,,,,,
433605,2010/11,2011-03-30,"Punjab Cricket Association Stadium, Mohali",1,18.5,India,Pakistan,G Gambhir,SR Tendulkar,Mohammad Hafeez,0,0,,,,,,stumped,G Gambhir,,
433605,2010/11,2011-03-30,"Punjab Cricket Association Stadium, Mohali",1,18.6,India,Pakistan,V Kohli,SR Tendulkar,Mohammad Hafeez,0,0,,,,,,,,,
433605,2010/11,2011-03-30,"Punjab Cricket Association Stadium, Mohali",1,19.1,India,Pakistan,SR Tendulkar,V Kohli,Shahid Afridi,1,0,,,,,,,,,
433605,2010/11,2011-03-30,"Punjab Cricket Association Stadium, Mohali",1,19.2,India,Pakistan,V Kohli,SR Tendulkar,Shahid Afridi,1,0,,,,,,,,,
433605,2010/11,2011-03-30,"Punjab Cricket Association Stadium, Mohali",1,19.3,India,Pakistan,SR Tendulkar,V Kohli,Shahid Afridi,0,0,,,,,,,,,
433605,2010/11,2011-03-30,"Punjab Cricket Association Stadium, Mohali",1,19.4,India,Pakistan,SR Tendulkar,V Kohli,Shahid Afridi,0,0,,,,,,,,,
433605,2010/11,2011-03-30,"Punjab Cricket Association Stadium, Mohali",1,19.5,India,Pakistan,SR Tendulkar,V Kohli,Shahid Afridi,0,0,,,,,,,,,
433605,2010/11,2011-03-30,"Punjab Cricket Association Stadium, Mohali",1,19.6,India,Pakistan,SR Tendulkar,V Kohli,Shahid Afridi,1,0,,,,,,,,,
433605,2010/11,2011-03-30,"Punjab Cricket Association Stadium, Mohali",1,20.1,India,Pakistan,SR Tendulkar,V Kohli,Mohammad Hafeez,0,0,,,,,,,,,
433605,2010/11,2011-03-30,"Punjab Cricket Association Stadium, Mohali",1,20.2,India,Pakistan,SR Tendulkar,V Kohli,Mohammad Hafeez,0,0,,,,,,,,,
433605,2010/11,2011-03-30,"Punjab Cricket Association Stadium, Mohali",1,20.3,India,Pakistan,SR Tendulkar,V Kohli,Mohammad Hafeez,1,0,,,,,,,,,
433605,2010/11,2011-03-30,"Punjab Cricket Association Stadium, Mohali",1,20.4,India,Pakistan,V Kohli,SR Tendulkar,Mohammad Hafeez,0,0,,,,,,,,,
433605,2010/11,2011-03-30,"Punjab Cricket Association Stadium, Mohali",1,20.5,India,Pakistan,V Kohli,SR Tendulkar,Mohammad Hafeez,0,0,,,,,,,,,
433605,2010/11,2011-03-30,"Punjab Cricket Association Stadium, Mohali",1,20.6,India,Pakistan,V Kohli,SR Tendulkar,Mohammad Hafeez,0,0,,,,,,,,,
433605,2010/11,2011-03-30,"Punjab Cricket Association Stadium, Mohali",1,21.1,India,Pakistan,SR Tendulkar,V Kohli,Shahid Afridi,0,0,,,,,,,,,
433605,2010/11,2011-03-30,"Punjab Cricket Association Stadium, Mohali",1,21.2,India,Pakistan,SR Tendulkar,V Kohli,Shahid Afridi,4,0,,,,,,,,,
433605,2010/11,2011-03-30,"Punjab Cricket Association Stadium, Mohali",1,21.3,India,Pakistan,SR Tendulkar,V Kohli,Shahid Afridi,0,0,,,,,,,,,
433605,2010/11,2011-03-30,"Punjab Cricket Association Stadium, Mohali",1,21.4,India,Pakistan,SR Tendulkar,V Kohli,Shahid Afridi,1,0,,,,,,,,,
433605,2010/11,2011-03-30,"Punjab Cricket Association Stadium, Mohali",1,21.5,India,Pakistan,V Kohli,SR Tendulkar,Shahid Afridi,1,0,,,,,,,,,
433605,2010/11,2011-03-30,"Punjab Cricket Association Stadium, Mohali",1,21.6,India,Pakistan,SR Tendulkar,V Kohli,Shahid Afridi,4,0,,,,,,,,,
433605,2010/11,2011-03-30,"Punjab Cricket Association Stadium, Mohali",1,22.1,India,Pakistan,V Kohli,SR Tendulkar,Mohammad Hafeez,0,0,,,,,,,,,
433605,2010/11,2011-03-30,"Punjab Cricket Association Stadium, Mohali",1,22.2,India,Pakistan,V Kohli,SR Tendulkar,Mohammad Hafeez,1,0,,,,,,,,,
433605,2010/11,2011-03-30,"Punjab Cricket Association Stadium, Mohali",1,22.3,India,Pakistan,SR Tendulkar,V Kohli,Mohammad Hafeez,1,0,,,,,,,,,
433605,2010/11,2011-03-30,"Punjab Cricket Association Stadium, Mohali",1,22.4,India,Pakistan,V Kohli,SR Tendulkar,Mohammad Hafeez,0,0,,,,,,,,,
433605,2010/11,2011-03-30,"Punjab Cricket Association Stadium, Mohali",1,22.5,India,Pakistan,V Kohli,SR Tendulkar,Mohammad Hafeez,0,0,,,,,,,,,
433605,2010/11,2011-03-30,"Punjab Cricket Association Stadium, Mohali",1,22.6,India,Pakistan,V Kohli,SR Tendulkar,Mohammad Hafeez,1,0,,,,,,,,,
433605,2010/11,2011-03-30,"Punjab Cricket Association Stadium, Mohali",1,23.1,India,Pakistan,V Kohli,SR Tendulkar,Wahab Riaz,0,0,,,,,,,,,
433605,2010/11,2011-03-30,"Punjab Cricket Association Stadium, Mohali",1,23.2,India,Pakistan,V Kohli,SR Tendulkar,Wahab Riaz,0,0,,,,,,,,,
433605,2010/11,2011-03-30,"Punjab Cricket Association Stadium, Mohali",1,23.3,India,Pakistan,V Kohli,SR Tendulkar,Wahab Riaz,1,0,,,,,,,,,
433605,2010/11,2011-03-30,"Punjab Cricket Association Stadium, Mohali",1,23.4,India,Pakistan,SR Tendulkar,V Kohli,Wahab Riaz,1,0,,,,,,,,,
433605,2010/11,2011-03-30,"Punjab Cricket Association Stadium, Mohali",1,23.5,India,Pakistan,V Kohli,SR Tendulkar,Wahab Riaz,1,0,,,,,,,,,
433605,2010/11,2011-03-30,"Punjab Cricket Association Stadium, Mohali",1,23.6,India,Pakistan,SR Tendulkar,V Kohli,Wahab Riaz,0,0,,,,,,,,,
433605,2010/11,2011-03-30,"Punjab Cricket Association Stadium, Mohali",1,24.1,India,Pakistan,V Kohli,SR Tendulkar,Mohammad Hafeez,0,0,,,,,,,,,
433605,2010/11,2011-03-30,"Punjab Cricket Association Stadium, Mohali",1,24.2,India,Pakistan,V Kohli,SR Tendulkar,Mohammad Hafeez,1,0,,,,,,,,,
433605,2010/11,2011-03-30,"Punjab Cricket Association Stadium, Mohali",1,24.3,India,Pakistan,SR Tendulkar,V Kohli,Mohammad Hafeez,1,0,,,,,,,,,
433605,2010/11,2011-03-30,"Punjab Cricket Association Stadium, Mohali",1,24.4,India,Pakistan,V Kohli,SR Tendulkar,Mohammad Hafeez,1,0,,,,,,,,,
433605,2010/11,2011-03-30,"Punjab Cricket Association Stadium, Mohali",1,24.5,India,Pakistan,SR Tendulkar,V Kohli,Mohammad Hafeez,1,0,,,,,,,,,
433605,2010/11,2011-03-30,"Punjab Cricket Association Stadium, Mohali",1,24.6,India,Pakistan,V Kohli,SR Tendulkar,Mohammad Hafeez,1,0,,,,,,,,,
433605,2010/11,2011-03-30,"Punjab Cricket Association Stadium, Mohali",1,25.1,India,Pakistan,V Kohli,SR Tendulkar,Wahab Riaz,0,0,,,,,,,,,
433605,2010/11,2011-03-30,"Punjab Cricket Association Stadium, Mohali",1,25.2,India,Pakistan,V Kohli,SR Tendulkar,Wahab Riaz,0,0,,,,,,caught,V Kohli,,
433605,2010/11,2011-03-30,"Punjab Cricket Association Stadium, Mohali",1,25.3,India,Pakistan,Yuvraj Singh,SR Tendulkar,Wahab Riaz,0,0,,,,,,bowled,Yuvraj Singh,,
433605,2010/11,2011-03-30,"Punjab Cricket Association Stadium, Mohali",1,25.4,India,Pakistan,MS Dhoni,SR Tendulkar,Wahab Riaz,0,0,,,,,,,,,
433605,2010/11,2011-03-30,"Punjab Cricket Association Stadium, Mohali",1,25.5,India,Pakistan,MS Dhoni,SR Tendulkar,Wahab Riaz,4,0,,,,,,,,,
433605,2010/11,2011-03-30,"Punjab Cricket Association Stadium, Mohali",1,25.6,India,Pakistan,MS Dhoni,SR Tendulkar,Wahab Riaz,0,0,,,,,,,,,
433605,2010/11,2011-03-30,"Punjab Cricket Association Stadium, Mohali",1,26.1,India,Pakistan,SR Tendulkar,MS Dhoni,Mohammad Hafeez,1,0,,,,,,,,,
433605,2010/11,2011-03-30,"Punjab Cricket Association Stadium, Mohali",1,26.2,India,Pakistan,MS Dhoni,SR Tendulkar,Mohammad Hafeez,4,0,,,,,,,,,
433605,2010/11,2011-03-30,"Punjab Cricket Association Stadium, Mohali",1,26.3,India,Pakistan,MS Dhoni,SR Tendulkar,Mohammad Hafeez,0,0,,,,,,,,,
433605,2010/11,2011-03-30,"Punjab Cricket Association Stadium, Mohali",1,26.4,India,Pakistan,MS Dhoni,SR Tendulkar,Mohammad Hafeez,0,0,,,,,,,,,
433605,2010/11,2011-03-30,"Punjab Cricket Association Stadium, Mohali",1,26.5,India,Pakistan,MS Dhoni,SR Tendulkar,Mohammad Hafeez,0,0,,,,,,,,,
433605,2010/11,2011-03-30,"Punjab Cricket Association Stadium, Mohali",1,26.6,India,Pakistan,MS Dhoni,SR Tendulkar,Mohammad Hafeez,0,0,,,,,,,,,
433605,2010/11,2011-03-30,"Punjab Cricket Association Stadium, Mohali",1,27.1,India,Pakistan,SR Tendulkar,MS Dhoni,Wahab Riaz,1,0,,,,,,,,,
433605,2010/11,2011-03-30,"Punjab Cricket Association Stadium, Mohali",1,27.2,India,Pakistan,MS Dhoni,SR Tendulkar,Wahab Riaz,3,0,,,,,,,,,
433605,2010/11,2011-03-30,"Punjab Cricket Association Stadium, Mohali",1,27.3,India,Pakistan,SR Tendulkar,MS Dhoni,Wahab Riaz,0,0,,,,,,,,,
433605,2010/11,2011-03-30,"Punjab Cricket Association Stadium, Mohali",1,27.4,India,Pakistan,SR Tendulkar,MS Dhoni,Wahab Riaz,0,0,,,,,,,,,
433605,2010/11,2011-03-30,"Punjab Cricket Association Stadium, Mohali",1,27.5,India,Pakistan,SR Tendulkar,MS Dhoni,Wahab Riaz,0,1,1,,,,,,,,
433605,2010/11,2011-03-30,"Punjab Cricket Association Stadium, Mohali",1,27.6,India,Pakistan,SR Tendulkar,MS Dhoni,Wahab Riaz,4,0,,,,,,,,,
433605,2010/11,2011-03-30,"Punjab Cricket Association Stadium, Mohali",1,27.7,India,Pakistan,SR Tendulkar,MS Dhoni,Wahab Riaz,1,0,,,,,,,,,
433605,2010/11,2011-03-30,"Punjab Cricket Association Stadium, Mohali",1,28.1,India,Pakistan,SR Tendulkar,MS Dhoni,Mohammad Hafeez,0,0,,,,,,,,,
433605,2010/11,2011-03-30,"Punjab Cricket Association Stadium, Mohali",1,28.2,India,Pakistan,SR Tendulkar,MS Dhoni,Mohammad Hafeez,1,0,,,,,,,,,
433605,2010/11,2011-03-30,"Punjab Cricket Association Stadium, Mohali",1,28.3,India,Pakistan,MS Dhoni,SR Tendulkar,Mohammad Hafeez,0,0,,,,,,,,,
433605,2010/11,2011-03-30,"Punjab Cricket Association Stadium, Mohali",1,28.4,India,Pakistan,MS Dhoni,SR Tendulkar,Mohammad Hafeez,0,0,,,,,,,,,
433605,2010/11,2011-03-30,"Punjab Cricket Association Stadium, Mohali",1,28.5,India,Pakistan,MS Dhoni,SR Tendulkar,Mohammad Hafeez,0,0,,,,,,,,,
433605,2010/11,2011-03-30,"Punjab Cricket Association Stadium, Mohali",1,28.6,India,Pakistan,MS Dhoni,SR Tendulkar,Mohammad Hafeez,0,0,,,,,,,,,
433605,2010/11,2011-03-30,"Punjab Cricket Association Stadium, Mohali",1,29.1,India,Pakistan,SR Tendulkar,MS Dhoni,Shahid Afridi,0,0,,,,,,,,,
433605,2010/11,2011-03-30,"Punjab Cricket Association Stadium, Mohali",1,29.2,India,Pakistan,SR Tendulkar,MS Dhoni,Shahid Afridi,2,0,,,,,,,,,
433605,2010/11,2011-03-30,"Punjab Cricket Association Stadium, Mohali",1,29.3,India,Pakistan,SR Tendulkar,MS Dhoni,Shahid Afridi,0,0,,,,,,,,,
433605,2010/11,2011-03-30,"Punjab Cricket Association Stadium, Mohali",1,29.4,India,Pakistan,SR Tendulkar,MS Dhoni,Shahid Afridi,0,0,,,,,,,,,
433605,2010/11,2011-03-30,"Punjab Cricket Association Stadium, Mohali",1,29.5,India,Pakistan,SR Tendulkar,MS Dhoni,Shahid Afridi,4,0,,,,,,,,,
433605,2010/11,2011-03-30,"Punjab Cricket Association Stadium, Mohali",1,29.6,India,Pakistan,SR Tendulkar,MS Dhoni,Shahid Afridi,0,1,,,,1,,,,,
433605,2010/11,2011-03-30,"Punjab Cricket Association Stadium, Mohali",1,30.1,India,Pakistan,SR Tendulkar,MS Dhoni,Mohammad Hafeez,1,0,,,,,,,,,
433605,2010/11,2011-03-30,"Punjab Cricket Association Stadium, Mohali",1,30.2,India,Pakistan,MS Dhoni,SR Tendulkar,Mohammad Hafeez,0,0,,,,,,,,,
433605,2010/11,2011-03-30,"Punjab Cricket Association Stadium, Mohali",1,30.3,India,Pakistan,MS Dhoni,SR Tendulkar,Mohammad Hafeez,1,0,,,,,,,,,
433605,2010/11,2011-03-30,"Punjab Cricket Association Stadium, Mohali",1,30.4,India,Pakistan,SR Tendulkar,MS Dhoni,Mohammad Hafeez,0,0,,,,,,,,,
433605,2010/11,2011-03-30,"Punjab Cricket Association Stadium, Mohali",1,30.5,India,Pakistan,SR Tendulkar,MS Dhoni,Mohammad Hafeez,0,0,,,,,,,,,
433605,2010/11,2011-03-30,"Punjab Cricket Association Stadium, Mohali",1,30.6,India,Pakistan,SR Tendulkar,MS Dhoni,Mohammad Hafeez,0,0,,,,,,,,,
433605,2010/11,2011-03-30,"Punjab Cricket Association Stadium, Mohali",1,31.1,India,Pakistan,MS Dhoni,SR Tendulkar,Umar Gul,0,0,,,,,,,,,
433605,2010/11,2011-03-30,"Punjab Cricket Association Stadium, Mohali",1,31.2,India,Pakistan,MS Dhoni,SR Tendulkar,Umar Gul,1,0,,,,,,,,,
433605,2010/11,2011-03-30,"Punjab Cricket Association Stadium, Mohali",1,31.3,India,Pakistan,SR Tendulkar,MS Dhoni,Umar Gul,0,0,,,,,,,,,
433605,2010/11,2011-03-30,"Punjab Cricket Association Stadium, Mohali",1,31.4,India,Pakistan,SR Tendulkar,MS Dhoni,Umar Gul,0,0,,,,,,,,,
433605,2010/11,2011-03-30,"Punjab Cricket Association Stadium, Mohali",1,31.5,India,Pakistan,SR Tendulkar,MS Dhoni,Umar Gul,0,0,,,,,,,,,
433605,2010/11,2011-03-30,"Punjab Cricket Association Stadium, Mohali",1,31.6,India,Pakistan,SR Tendulkar,MS Dhoni,Umar Gul,0,0,,,,,,,,,
433605,2010/11,2011-03-30,"Punjab Cricket Association Stadium, Mohali",1,32.1,India,Pakistan,MS Dhoni,SR Tendulkar,Mohammad Hafeez,1,0,,,,,,,,,
433605,2010/11,2011-03-30,"Punjab Cricket Association Stadium, Mohali",1,32.2,India,Pakistan,SR Tendulkar,MS Dhoni,Mohammad Hafeez,0,0,,,,,,,,,
433605,2010/11,2011-03-30,"Punjab Cricket Association Stadium, Mohali",1,32.3,India,Pakistan,SR Tendulkar,MS Dhoni,Mohammad Hafeez,1,0,,,,,,,,,
433605,2010/11,2011-03-30,"Punjab Cricket Association Stadium, Mohali",1,32.4,India,Pakistan,MS Dhoni,SR Tendulkar,Mohammad Hafeez,0,0,,,,,,,,,
433605,2010/11,2011-03-30,"Punjab Cricket Association Stadium, Mohali",1,32.5,India,Pakistan,MS Dhoni,SR Tendulkar,Mohammad Hafeez,0,0,,,,,,,,,
433605,2010/11,2011-03-30,"Punjab Cricket Association Stadium, Mohali",1,32.6,India,Pakistan,MS Dhoni,SR Tendulkar,Mohammad Hafeez,0,0,,,,,,,,,
433605,2010/11,2011-03-30,"Punjab Cricket Association Stadium, Mohali",1,33.1,India,Pakistan,SR Tendulkar,MS Dhoni,Umar Gul,0,0,,,,,,,,,
433605,2010/11,2011-03-30,"Punjab Cricket Association Stadium, Mohali",1,33.2,India,Pakistan,SR Tendulkar,MS Dhoni,Umar Gul,0,0,,,,,,,,,
433605,2010/11,2011-03-30,"Punjab Cricket Association Stadium, Mohali",1,33.3,India,Pakistan,SR Tendulkar,MS Dhoni,Umar Gul,1,0,,,,,,,,,
433605,2010/11,2011-03-30,"Punjab Cricket Association Stadium, Mohali",1,33.4,India,Pakistan,MS Dhoni,SR Tendulkar,Umar Gul,1,1,,1,,,,,,,
433605,2010/11,2011-03-30,"Punjab Cricket Association Stadium, Mohali",1,33.5,India,Pakistan,SR Tendulkar,MS Dhoni,Umar Gul,0,1,,,,1,,,,,
433605,2010/11,2011-03-30,"Punjab Cricket Association Stadium, Mohali",1,33.6,India,Pakistan,MS Dhoni,SR Tendulkar,Umar Gul,0,0,,,,,,,,,
433605,2010/11,2011-03-30,"Punjab Cricket Association Stadium, Mohali",1,33.7,India,Pakistan,MS Dhoni,SR Tendulkar,Umar Gul,0,0,,,,,,,,,
433605,2010/11,2011-03-30,"Punjab Cricket Association Stadium, Mohali",1,34.1,India,Pakistan,SR Tendulkar,MS Dhoni,Mohammad Hafeez,0,0,,,,,,,,,
433605,2010/11,2011-03-30,"Punjab Cricket Association Stadium, Mohali",1,34.2,India,Pakistan,SR Tendulkar,MS Dhoni,Mohammad Hafeez,0,0,,,,,,,,,
433605,2010/11,2011-03-30,"Punjab Cricket Association Stadium, Mohali",1,34.3,India,Pakistan,SR Tendulkar,MS Dhoni,Mohammad Hafeez,2,0,,,,,,,,,
433605,2010/11,2011-03-30,"Punjab Cricket Association Stadium, Mohali",1,34.4,India,Pakistan,SR Tendulkar,MS Dhoni,Mohammad Hafeez,2,0,,,,,,,,,
433605,2010/11,2011-03-30,"Punjab Cricket Association Stadium, Mohali",1,34.5,India,Pakistan,SR Tendulkar,MS Dhoni,Mohammad Hafeez,0,0,,,,,,,,,
433605,2010/11,2011-03-30,"Punjab Cricket Association Stadium, Mohali",1,34.6,India,Pakistan,SR Tendulkar,MS Dhoni,Mohammad Hafeez,1,0,,,,,,,,,
433605,2010/11,2011-03-30,"Punjab Cricket Association Stadium, Mohali",1,35.1,India,Pakistan,SR Tendulkar,MS Dhoni,Shahid Afridi,1,0,,,,,,,,,
433605,2010/11,2011-03-30,"Punjab Cricket Association Stadium, Mohali",1,35.2,India,Pakistan,MS Dhoni,SR Tendulkar,Shahid Afridi,1,0,,,,,,,,,
433605,2010/11,2011-03-30,"Punjab Cricket Association Stadium, Mohali",1,35.3,India,Pakistan,SR Tendulkar,MS Dhoni,Shahid Afridi,1,0,,,,,,,,,
433605,2010/11,2011-03-30,"Punjab Cricket Association Stadium, Mohali",1,35.4,India,Pakistan,MS Dhoni,SR Tendulkar,Shahid Afridi,0,0,,,,,,,,,
433605,2010/11,2011-03-30,"Punjab Cricket Association Stadium, Mohali",1,35.5,India,Pakistan,MS Dhoni,SR Tendulkar,Shahid Afridi,0,0,,,,,,,,,
433605,2010/11,2011-03-30,"Punjab Cricket Association Stadium, Mohali",1,35.6,India,Pakistan,MS Dhoni,SR Tendulkar,Shahid Afridi,0,0,,,,,,,,,
433605,2010/11,2011-03-30,"Punjab Cricket Association Stadium, Mohali",1,36.1,India,Pakistan,SR Tendulkar,MS Dhoni,Saeed Ajmal,0,0,,,,,,,,,
433605,2010/11,2011-03-30,"Punjab Cricket Association Stadium, Mohali",1,36.2,India,Pakistan,SR Tendulkar,MS Dhoni,Saeed Ajmal,0,0,,,,,,,,,
433605,2010/11,2011-03-30,"Punjab Cricket Association Stadium, Mohali",1,36.3,India,Pakistan,SR Tendulkar,MS Dhoni,Saeed Ajmal,1,0,,,,,,,,,
433605,2010/11,2011-03-30,"Punjab Cricket Association Stadium, Mohali",1,36.4,India,Pakistan,MS Dhoni,SR Tendulkar,Saeed Ajmal,0,0,,,,,,,,,
433605,2010/11,2011-03-30,"Punjab Cricket Association Stadium, Mohali",1,36.5,India,Pakistan,MS Dhoni,SR Tendulkar,Saeed Ajmal,1,0,,,,,,,,,
433605,2010/11,2011-03-30,"Punjab Cricket Association Stadium, Mohali",1,36.6,India,Pakistan,SR Tendulkar,MS Dhoni,Saeed Ajmal,0,0,,,,,,caught,SR Tendulkar,,
433605,2010/11,2011-03-30,"Punjab Cricket Association Stadium, Mohali",1,37.1,India,Pakistan,MS Dhoni,SK Raina,Shahid Afridi,1,0,,,,,,,,,
433605,2010/11,2011-03-30,"Punjab Cricket Association Stadium, Mohali",1,37.2,India,Pakistan,SK Raina,MS Dhoni,Shahid Afridi,0,0,,,,,,,,,
433605,2010/11,2011-03-30,"Punjab Cricket Association Stadium, Mohali",1,37.3,India,Pakistan,SK Raina,MS Dhoni,Shahid Afridi,0,0,,,,,,,,,
433605,2010/11,2011-03-30,"Punjab Cricket Association Stadium, Mohali",1,37.4,India,Pakistan,SK Raina,MS Dhoni,Shahid Afridi,0,0,,,,,,,,,
433605,2010/11,2011-03-30,"Punjab Cricket Association Stadium, Mohali",1,37.5,India,Pakistan,SK Raina,MS Dhoni,Shahid Afridi,1,0,,,,,,,,,
433605,2010/11,2011-03-30,"Punjab Cricket Association Stadium, Mohali",1,37.6,India,Pakistan,MS Dhoni,SK Raina,Shahid Afridi,0,0,,,,,,,,,
433605,2010/11,2011-03-30,"Punjab Cricket Association Stadium, Mohali",1,38.1,India,Pakistan,SK Raina,MS Dhoni,Saeed Ajmal,2,0,,,,,,,,,
433605,2010/11,2011-03-30,"Punjab Cricket Association Stadium, Mohali",1,38.2,India,Pakistan,SK Raina,MS Dhoni,Saeed Ajmal,1,0,,,,,,,,,
433605,2010/11,2011-03-30,"Punjab Cricket Association Stadium, Mohali",1,38.3,India,Pakistan,MS Dhoni,SK Raina,Saeed Ajmal,1,0,,,,,,,,,
433605,2010/11,2011-03-30,"Punjab Cricket Association Stadium, Mohali",1,38.4,India,Pakistan,SK Raina,MS Dhoni,Saeed Ajmal,0,0,,,,,,,,,
433605,2010/11,2011-03-30,"Punjab Cricket Association Stadium, Mohali",1,38.5,India,Pakistan,SK Raina,MS Dhoni,Saeed Ajmal,1,0,,,,,,,,,
433605,2010/11,2011-03-30,"Punjab Cricket Association Stadium, Mohali",1,38.6,India,Pakistan,MS Dhoni,SK Raina,Saeed Ajmal,1,0,,,,,,,,,
433605,2010/11,2011-03-30,"Punjab Cricket Association Stadium, Mohali",1,39.1,India,Pakistan,MS Dhoni,SK Raina,Shahid Afridi,1,0,,,,,,,,,
433605,2010/11,2011-03-30,"Punjab Cricket Association Stadium, Mohali",1,39.2,India,Pakistan,SK Raina,MS Dhoni,Shahid Afridi,2,0,,,,,,,,,
433605,2010/11,2011-03-30,"Punjab Cricket Association Stadium, Mohali",1,39.3,India,Pakistan,SK Raina,MS Dhoni,Shahid Afridi,0,0,,,,,,,,,
433605,2010/11,2011-03-30,"Punjab Cricket Association Stadium, Mohali",1,39.4,India,Pakistan,SK Raina,MS Dhoni,Shahid Afridi,1,0,,,,,,,,,
433605,2010/11,2011-03-30,"Punjab Cricket Association Stadium, Mohali",1,39.5,India,Pakistan,MS Dhoni,SK Raina,Shahid Afridi,0,0,,,,,,,,,
433605,2010/11,2011-03-30,"Punjab Cricket Association Stadium, Mohali",1,39.6,India,Pakistan,MS Dhoni,SK Raina,Shahid Afridi,1,0,,,,,,,,,
433605,2010/11,2011-03-30,"Punjab Cricket Association Stadium, Mohali",1,40.1,India,Pakistan,MS Dhoni,SK Raina,Saeed Ajmal,1,0,,,,,,,,,
433605,2010/11,2011-03-30,"Punjab Cricket Association Stadium, Mohali",1,40.2,India,Pakistan,SK Raina,MS Dhoni,Saeed Ajmal,1,0,,,,,,,,,
433605,2010/11,2011-03-30,"Punjab Cricket Association Stadium, Mohali",1,40.3,India,Pakistan,MS Dhoni,SK Raina,Saeed Ajmal,1,0,,,,,,,,,
433605,2010/11,2011-03-30,"Punjab Cricket Association Stadium, Mohali",1,40.4,India,Pakistan,SK Raina,MS Dhoni,Saeed Ajmal,0,0,,,,,,,,,
433605,2010/11,2011-03-30,"Punjab Cricket Association Stadium, Mohali",1,40.5,India,Pakistan,SK Raina,MS Dhoni,Saeed Ajmal,0,0,,,,,,,,,
433605,2010/11,2011-03-30,"Punjab Cricket Association Stadium, Mohali",1,40.6,India,Pakistan,SK Raina,MS Dhoni,Saeed Ajmal,0,0,,,,,,,,,
433605,2010/11,2011-03-30,"Punjab Cricket Association Stadium, Mohali",1,41.1,India,Pakistan,MS Dhoni,SK Raina,Wahab Riaz,0,0,,,,,,,,,
433605,2010/11,2011-03-30,"Punjab Cricket Association Stadium, Mohali",1,41.2,India,Pakistan,MS Dhoni,SK Raina,Wahab Riaz,1,0,,,,,,,,,
433605,2010/11,2011-03-30,"Punjab Cricket Association Stadium, Mohali",1,41.3,India,Pakistan,SK Raina,MS Dhoni,Wahab Riaz,1,0,,,,,,,,,
433605,2010/11,2011-03-30,"Punjab Cricket Association Stadium, Mohali",1,41.4,India,Pakistan,MS Dhoni,SK Raina,Wahab Riaz,0,0,,,,,,lbw,MS Dhoni,,
433605,2010/11,2011-03-30,"Punjab Cricket Association Stadium, Mohali",1,41.5,India,Pakistan,Harbhajan Singh,SK Raina,Wahab Riaz,0,0,,,,,,,,,
433605,2010/11,2011-03-30,"Punjab Cricket Association Stadium, Mohali",1,41.6,India,Pakistan,Harbhajan Singh,SK Raina,Wahab Riaz,0,0,,,,,,,,,
433605,2010/11,2011-03-30,"Punjab Cricket Association Stadium, Mohali",1,42.1,India,Pakistan,SK Raina,Harbhajan Singh,Saeed Ajmal,0,0,,,,,,,,,
433605,2010/11,2011-03-30,"Punjab Cricket Association Stadium, Mohali",1,42.2,India,Pakistan,SK Raina,Harbhajan Singh,Saeed Ajmal,1,0,,,,,,,,,
433605,2010/11,2011-03-30,"Punjab Cricket Association Stadium, Mohali",1,42.3,India,Pakistan,Harbhajan Singh,SK Raina,Saeed Ajmal,0,0,,,,,,,,,
433605,2010/11,2011-03-30,"Punjab Cricket Association Stadium, Mohali",1,42.4,India,Pakistan,Harbhajan Singh,SK Raina,Saeed Ajmal,1,0,,,,,,,,,
433605,2010/11,2011-03-30,"Punjab Cricket Association Stadium, Mohali",1,42.5,India,Pakistan,SK Raina,Harbhajan Singh,Saeed Ajmal,0,0,,,,,,,,,
433605,2010/11,2011-03-30,"Punjab Cricket Association Stadium, Mohali",1,42.6,India,Pakistan,SK Raina,Harbhajan Singh,Saeed Ajmal,0,0,,,,,,,,,
433605,2010/11,2011-03-30,"Punjab Cricket Association Stadium, Mohali",1,43.1,India,Pakistan,Harbhajan Singh,SK Raina,Wahab Riaz,2,0,,,,,,,,,
433605,2010/11,2011-03-30,"Punjab Cricket Association Stadium, Mohali",1,43.2,India,Pakistan,Harbhajan Singh,SK Raina,Wahab Riaz,0,1,1,,,,,,,,
433605,2010/11,2011-03-30,"Punjab Cricket Association Stadium, Mohali",1,43.3,India,Pakistan,Harbhajan Singh,SK Raina,Wahab Riaz,0,0,,,,,,,,,
433605,2010/11,2011-03-30,"Punjab Cricket Association Stadium, Mohali",1,43.4,India,Pakistan,Harbhajan Singh,SK Raina,Wahab Riaz,0,1,1,,,,,,,,
433605,2010/11,2011-03-30,"Punjab Cricket Association Stadium, Mohali",1,43.5,India,Pakistan,Harbhajan Singh,SK Raina,Wahab Riaz,1,0,,,,,,,,,
433605,2010/11,2011-03-30,"Punjab Cricket Association Stadium, Mohali",1,43.6,India,Pakistan,SK Raina,Harbhajan Singh,Wahab Riaz,0,0,,,,,,,,,
433605,2010/11,2011-03-30,"Punjab Cricket Association Stadium, Mohali",1,43.7,India,Pakistan,SK Raina,Harbhajan Singh,Wahab Riaz,1,0,,,,,,,,,
433605,2010/11,2011-03-30,"Punjab Cricket Association Stadium, Mohali",1,43.8,India,Pakistan,Harbhajan Singh,SK Raina,Wahab Riaz,0,0,,,,,,,,,
433605,2010/11,2011-03-30,"Punjab Cricket Association Stadium, Mohali",1,44.1,India,Pakistan,SK Raina,Harbhajan Singh,Saeed Ajmal,1,0,,,,,,,,,
433605,2010/11,2011-03-30,"Punjab Cricket Association Stadium, Mohali",1,44.2,India,Pakistan,Harbhajan Singh,SK Raina,Saeed Ajmal,0,0,,,,,,,,,
433605,2010/11,2011-03-30,"Punjab Cricket Association Stadium, Mohali",1,44.3,India,Pakistan,Harbhajan Singh,SK Raina,Saeed Ajmal,0,0,,,,,,,,,
433605,2010/11,2011-03-30,"Punjab Cricket Association Stadium, Mohali",1,44.4,India,Pakistan,Harbhajan Singh,SK Raina,Saeed Ajmal,4,0,,,,,,,,,
433605,2010/11,2011-03-30,"Punjab Cricket Association Stadium, Mohali",1,44.5,India,Pakistan,Harbhajan Singh,SK Raina,Saeed Ajmal,0,2,2,,,,,,,,
433605,2010/11,2011-03-30,"Punjab Cricket Association Stadium, Mohali",1,44.6,India,Pakistan,SK Raina,Harbhajan Singh,Saeed Ajmal,0,0,,,,,,,,,
433605,2010/11,2011-03-30,"Punjab Cricket Association Stadium, Mohali",1,44.7,India,Pakistan,SK Raina,Harbhajan Singh,Saeed Ajmal,1,0,,,,,,,,,
433605,2010/11,2011-03-30,"Punjab Cricket Association Stadium, Mohali",1,45.1,India,Pakistan,SK Raina,Harbhajan Singh,Umar Gul,4,0,,,,,,,,,
433605,2010/11,2011-03-30,"Punjab Cricket Association Stadium, Mohali",1,45.2,India,Pakistan,SK Raina,Harbhajan Singh,Umar Gul,0,1,1,,,,,,,,
433605,2010/11,2011-03-30,"Punjab Cricket Association Stadium, Mohali",1,45.3,India,Pakistan,SK Raina,Harbhajan Singh,Umar Gul,0,0,,,,,,,,,
433605,2010/11,2011-03-30,"Punjab Cricket Association Stadium, Mohali",1,45.4,India,Pakistan,SK Raina,Harbhajan Singh,Umar Gul,4,0,,,,,,,,,
433605,2010/11,2011-03-30,"Punjab Cricket Association Stadium, Mohali",1,45.5,India,Pakistan,SK Raina,Harbhajan Singh,Umar Gul,1,0,,,,,,,,,
433605,2010/11,2011-03-30,"Punjab Cricket Association Stadium, Mohali",1,45.6,India,Pakistan,Harbhajan Singh,SK Raina,Umar Gul,4,0,,,,,,,,,
433605,2010/11,2011-03-30,"Punjab Cricket Association Stadium, Mohali",1,45.7,India,Pakistan,Harbhajan Singh,SK Raina,Umar Gul,0,0,,,,,,,,,
433605,2010/11,2011-03-30,"Punjab Cricket Association Stadium, Mohali",1,46.1,India,Pakistan,SK Raina,Harbhajan Singh,Saeed Ajmal,0,0,,,,,,,,,
433605,2010/11,2011-03-30,"Punjab Cricket Association Stadium, Mohali",1,46.2,India,Pakistan,SK Raina,Harbhajan Singh,Saeed Ajmal,1,0,,,,,,,,,
433605,2010/11,2011-03-30,"Punjab Cricket Association Stadium, Mohali",1,46.3,India,Pakistan,Harbhajan Singh,SK Raina,Saeed Ajmal,0,0,,,,,,,,,
433605,2010/11,2011-03-30,"Punjab Cricket Association Stadium, Mohali",1,46.4,India,Pakistan,Harbhajan Singh,SK Raina,Saeed Ajmal,0,0,,,,,,stumped,Harbhajan Singh,,
433605,2010/11,2011-03-30,"Punjab Cricket Association Stadium, Mohali",1,46.5,India,Pakistan,Z Khan,SK Raina,Saeed Ajmal,1,0,,,,,,,,,
433605,2010/11,2011-03-30,"Punjab Cricket Association Stadium, Mohali",1,46.6,India,Pakistan,SK Raina,Z Khan,Saeed Ajmal,1,0,,,,,,,,,
433605,2010/11,2011-03-30,"Punjab Cricket Association Stadium, Mohali",1,47.1,India,Pakistan,SK Raina,Z Khan,Wahab Riaz,0,1,,,,1,,,,,
433605,2010/11,2011-03-30,"Punjab Cricket Association Stadium, Mohali",1,47.2,India,Pakistan,Z Khan,SK Raina,Wahab Riaz,0,0,,,,,,,,,
433605,2010/11,2011-03-30,"Punjab Cricket Association Stadium, Mohali",1,47.3,India,Pakistan,Z Khan,SK Raina,Wahab Riaz,2,0,,,,,,,,,
433605,2010/11,2011-03-30,"Punjab Cricket Association Stadium, Mohali",1,47.4,India,Pakistan,Z Khan,SK Raina,Wahab Riaz,0,1,1,,,,,,,,
433605,2010/11,2011-03-30,"Punjab Cricket Association Stadium, Mohali",1,47.5,India,Pakistan,Z Khan,SK Raina,Wahab Riaz,0,0,,,,,,,,,
433605,2010/11,2011-03-30,"Punjab Cricket Association Stadium, Mohali",1,47.6,India,Pakistan,Z Khan,SK Raina,Wahab Riaz,4,0,,,,,,,,,
433605,2010/11,2011-03-30,"Punjab Cricket Association Stadium, Mohali",1,47.7,India,Pakistan,Z Khan,SK Raina,Wahab Riaz,0,0,,,,,,,,,
433605,2010/11,2011-03-30,"Punjab Cricket Association Stadium, Mohali",1,48.1,India,Pakistan,SK Raina,Z Khan,Umar Gul,1,0,,,,,,,,,
433605,2010/11,2011-03-30,"Punjab Cricket Association Stadium, Mohali",1,48.2,India,Pakistan,Z Khan,SK Raina,Umar Gul,1,0,,,,,,,,,
433605,2010/11,2011-03-30,"Punjab Cricket Association Stadium, Mohali",1,48.3,India,Pakistan,SK Raina,Z Khan,Umar Gul,1,0,,,,,,,,,
433605,2010/11,2011-03-30,"Punjab Cricket Association Stadium, Mohali",1,48.4,India,Pakistan,Z Khan,SK Raina,Umar Gul,1,0,,,,,,,,,
433605,2010/11,2011-03-30,"Punjab Cricket Association Stadium, Mohali",1,48.5,India,Pakistan,SK Raina,Z Khan,Umar Gul,2,0,,,,,,,,,
433605,2010/11,2011-03-30,"Punjab Cricket Association Stadium, Mohali",1,48.6,India,Pakistan,SK Raina,Z Khan,Umar Gul,4,0,,,,,,,,,
433605,2010/11,2011-03-30,"Punjab Cricket Association Stadium, Mohali",1,49.1,India,Pakistan,Z Khan,SK Raina,Wahab Riaz,0,0,,,,,,,,,
433605,2010/11,2011-03-30,"Punjab Cricket Association Stadium, Mohali",1,49.2,India,Pakistan,Z Khan,SK Raina,Wahab Riaz,0,0,,,,,,caught,Z Khan,,
433605,2010/11,2011-03-30,"Punjab Cricket Association Stadium, Mohali",1,49.3,India,Pakistan,A Nehra,SK Raina,Wahab Riaz,1,0,,,,,,,,,
433605,2010/11,2011-03-30,"Punjab Cricket Association Stadium, Mohali",1,49.4,India,Pakistan,SK Raina,A Nehra,Wahab Riaz,1,0,,,,,,,,,
433605,2010/11,2011-03-30,"Punjab Cricket Association Stadium, Mohali",1,49.5,India,Pakistan,A Nehra,SK Raina,Wahab Riaz,0,0,,,,,,run out,A Nehra,,
433605,2010/11,2011-03-30,"Punjab Cricket Association Stadium, Mohali",1,49.6,India,Pakistan,SK Raina,MM Patel,Wahab Riaz,2,0,,,,,,,,,
433605,2010/11,2011-03-30,"Punjab Cricket Association Stadium, Mohali",2,0.1,Pakistan,India,Kamran Akmal,Mohammad Hafeez,Z Khan,4,0,,,,,,,,,
433605,2010/11,2011-03-30,"Punjab Cricket Association Stadium, Mohali",2,0.2,Pakistan,India,Kamran Akmal,Mohammad Hafeez,Z Khan,0,0,,,,,,,,,
433605,2010/11,2011-03-30,"Punjab Cricket Association Stadium, Mohali",2,0.3,Pakistan,India,Kamran Akmal,Mohammad Hafeez,Z Khan,0,0,,,,,,,,,
433605,2010/11,2011-03-30,"Punjab Cricket Association Stadium, Mohali",2,0.4,Pakistan,India,Kamran Akmal,Mohammad Hafeez,Z Khan,0,0,,,,,,,,,
433605,2010/11,2011-03-30,"Punjab Cricket Association Stadium, Mohali",2,0.5,Pakistan,India,Kamran Akmal,Mohammad Hafeez,Z Khan,0,0,,,,,,,,,
433605,2010/11,2011-03-30,"Punjab Cricket Association Stadium, Mohali",2,0.6,Pakistan,India,Kamran Akmal,Mohammad Hafeez,Z Khan,4,0,,,,,,,,,
433605,2010/11,2011-03-30,"Punjab Cricket Association Stadium, Mohali",2,1.1,Pakistan,India,Mohammad Hafeez,Kamran Akmal,A Nehra,0,0,,,,,,,,,
433605,2010/11,2011-03-30,"Punjab Cricket Association Stadium, Mohali",2,1.2,Pakistan,India,Mohammad Hafeez,Kamran Akmal,A Nehra,1,0,,,,,,,,,
433605,2010/11,2011-03-30,"Punjab Cricket Association Stadium, Mohali",2,1.3,Pakistan,India,Kamran Akmal,Mohammad Hafeez,A Nehra,0,0,,,,,,,,,
433605,2010/11,2011-03-30,"Punjab Cricket Association Stadium, Mohali",2,1.4,Pakistan,India,Kamran Akmal,Mohammad Hafeez,A Nehra,1,0,,,,,,,,,
433605,2010/11,2011-03-30,"Punjab Cricket Association Stadium, Mohali",2,1.5,Pakistan,India,Mohammad Hafeez,Kamran Akmal,A Nehra,2,0,,,,,,,,,
433605,2010/11,2011-03-30,"Punjab Cricket Association Stadium, Mohali",2,1.6,Pakistan,India,Mohammad Hafeez,Kamran Akmal,A Nehra,0,0,,,,,,,,,
433605,2010/11,2011-03-30,"Punjab Cricket Association Stadium, Mohali",2,2.1,Pakistan,India,Kamran Akmal,Mohammad Hafeez,Z Khan,3,0,,,,,,,,,
433605,2010/11,2011-03-30,"Punjab Cricket Association Stadium, Mohali",2,2.2,Pakistan,India,Mohammad Hafeez,Kamran Akmal,Z Khan,0,0,,,,,,,,,
433605,2010/11,2011-03-30,"Punjab Cricket Association Stadium, Mohali",2,2.3,Pakistan,India,Mohammad Hafeez,Kamran Akmal,Z Khan,4,0,,,,,,,,,
433605,2010/11,2011-03-30,"Punjab Cricket Association Stadium, Mohali",2,2.4,Pakistan,India,Mohammad Hafeez,Kamran Akmal,Z Khan,1,0,,,,,,,,,
433605,2010/11,2011-03-30,"Punjab Cricket Association Stadium, Mohali",2,2.5,Pakistan,India,Kamran Akmal,Mohammad Hafeez,Z Khan,0,0,,,,,,,,,
433605,2010/11,2011-03-30,"Punjab Cricket Association Stadium, Mohali",2,2.6,Pakistan,India,Kamran Akmal,Mohammad Hafeez,Z Khan,0,0,,,,,,,,,
433605,2010/11,2011-03-30,"Punjab Cricket Association Stadium, Mohali",2,3.1,Pakistan,India,Mohammad Hafeez,Kamran Akmal,A Nehra,4,0,,,,,,,,,
433605,2010/11,2011-03-30,"Punjab Cricket Association Stadium, Mohali",2,3.2,Pakistan,India,Mohammad Hafeez,Kamran Akmal,A Nehra,0,0,,,,,,,,,
433605,2010/11,2011-03-30,"Punjab Cricket Association Stadium, Mohali",2,3.3,Pakistan,India,Mohammad Hafeez,Kamran Akmal,A Nehra,0,0,,,,,,,,,
433605,2010/11,2011-03-30,"Punjab Cricket Association Stadium, Mohali",2,3.4,Pakistan,India,Mohammad Hafeez,Kamran Akmal,A Nehra,1,0,,,,,,,,,
433605,2010/11,2011-03-30,"Punjab Cricket Association Stadium, Mohali",2,3.5,Pakistan,India,Kamran Akmal,Mohammad Hafeez,A Nehra,1,0,,,,,,,,,
433605,2010/11,2011-03-30,"Punjab Cricket Association Stadium, Mohali",2,3.6,Pakistan,India,Mohammad Hafeez,Kamran Akmal,A Nehra,0,0,,,,,,,,,
433605,2010/11,2011-03-30,"Punjab Cricket Association Stadium, Mohali",2,4.1,Pakistan,India,Kamran Akmal,Mohammad Hafeez,MM Patel,0,0,,,,,,,,,
433605,2010/11,2011-03-30,"Punjab Cricket Association Stadium, Mohali",2,4.2,Pakistan,India,Kamran Akmal,Mohammad Hafeez,MM Patel,0,0,,,,,,,,,
433605,2010/11,2011-03-30,"Punjab Cricket Association Stadium, Mohali",2,4.3,Pakistan,India,Kamran Akmal,Mohammad Hafeez,MM Patel,2,0,,,,,,,,,
433605,2010/11,2011-03-30,"Punjab Cricket Association Stadium, Mohali",2,4.4,Pakistan,India,Kamran Akmal,Mohammad Hafeez,MM Patel,0,0,,,,,,,,,
433605,2010/11,2011-03-30,"Punjab Cricket Association Stadium, Mohali",2,4.5,Pakistan,India,Kamran Akmal,Mohammad Hafeez,MM Patel,0,0,,,,,,,,,
433605,2010/11,2011-03-30,"Punjab Cricket Association Stadium, Mohali",2,4.6,Pakistan,India,Kamran Akmal,Mohammad Hafeez,MM Patel,0,0,,,,,,,,,
433605,2010/11,2011-03-30,"Punjab Cricket Association Stadium, Mohali",2,5.1,Pakistan,India,Mohammad Hafeez,Kamran Akmal,A Nehra,0,0,,,,,,,,,
433605,2010/11,2011-03-30,"Punjab Cricket Association Stadium, Mohali",2,5.2,Pakistan,India,Mohammad Hafeez,Kamran Akmal,A Nehra,0,0,,,,,,,,,
433605,2010/11,2011-03-30,"Punjab Cricket Association Stadium, Mohali",2,5.3,Pakistan,India,Mohammad Hafeez,Kamran Akmal,A Nehra,0,0,,,,,,,,,
433605,2010/11,2011-03-30,"Punjab Cricket Association Stadium, Mohali",2,5.4,Pakistan,India,Mohammad Hafeez,Kamran Akmal,A Nehra,0,0,,,,,,,,,
433605,2010/11,2011-03-30,"Punjab Cricket Association Stadium, Mohali",2,5.5,Pakistan,India,Mohammad Hafeez,Kamran Akmal,A Nehra,0,0,,,,,,,,,
433605,2010/11,2011-03-30,"Punjab Cricket Association Stadium, Mohali",2,5.6,Pakistan,India,Mohammad Hafeez,Kamran Akmal,A Nehra,1,0,,,,,,,,,
433605,2010/11,2011-03-30,"Punjab Cricket Association Stadium, Mohali",2,6.1,Pakistan,India,Mohammad Hafeez,Kamran Akmal,MM Patel,0,0,,,,,,,,,
433605,2010/11,2011-03-30,"Punjab Cricket Association Stadium, Mohali",2,6.2,Pakistan,India,Mohammad Hafeez,Kamran Akmal,MM Patel,0,0,,,,,,,,,
433605,2010/11,2011-03-30,"Punjab Cricket Association Stadium, Mohali",2,6.3,Pakistan,India,Mohammad Hafeez,Kamran Akmal,MM Patel,4,0,,,,,,,,,
433605,2010/11,2011-03-30,"Punjab Cricket Association Stadium, Mohali",2,6.4,Pakistan,India,Mohammad Hafeez,Kamran Akmal,MM Patel,0,0,,,,,,,,,
433605,2010/11,2011-03-30,"Punjab Cricket Association Stadium, Mohali",2,6.5,Pakistan,India,Mohammad Hafeez,Kamran Akmal,MM Patel,1,0,,,,,,,,,
433605,2010/11,2011-03-30,"Punjab Cricket Association Stadium, Mohali",2,6.6,Pakistan,India,Kamran Akmal,Mohammad Hafeez,MM Patel,4,0,,,,,,,,,
433605,2010/11,2011-03-30,"Punjab Cricket Association Stadium, Mohali",2,7.1,Pakistan,India,Mohammad Hafeez,Kamran Akmal,A Nehra,0,0,,,,,,,,,
433605,2010/11,2011-03-30,"Punjab Cricket Association Stadium, Mohali",2,7.2,Pakistan,India,Mohammad Hafeez,Kamran Akmal,A Nehra,0,0,,,,,,,,,
433605,2010/11,2011-03-30,"Punjab Cricket Association Stadium, Mohali",2,7.3,Pakistan,India,Mohammad Hafeez,Kamran Akmal,A Nehra,4,0,,,,,,,,,
433605,2010/11,2011-03-30,"Punjab Cricket Association Stadium, Mohali",2,7.4,Pakistan,India,Mohammad Hafeez,Kamran Akmal,A Nehra,0,0,,,,,,,,,
433605,2010/11,2011-03-30,"Punjab Cricket Association Stadium, Mohali",2,7.5,Pakistan,India,Mohammad Hafeez,Kamran Akmal,A Nehra,1,0,,,,,,,,,
433605,2010/11,2011-03-30,"Punjab Cricket Association Stadium, Mohali",2,7.6,Pakistan,India,Kamran Akmal,Mohammad Hafeez,A Nehra,0,0,,,,,,,,,
433605,2010/11,2011-03-30,"Punjab Cricket Association Stadium, Mohali",2,8.1,Pakistan,India,Mohammad Hafeez,Kamran Akmal,Z Khan,0,0,,,,,,,,,
433605,2010/11,2011-03-30,"Punjab Cricket Association Stadium, Mohali",2,8.2,Pakistan,India,Mohammad Hafeez,Kamran Akmal,Z Khan,0,0,,,,,,,,,
433605,2010/11,2011-03-30,"Punjab Cricket Association Stadium, Mohali",2,8.3,Pakistan,India,Mohammad Hafeez,Kamran Akmal,Z Khan,0,0,,,,,,,,,
433605,2010/11,2011-03-30,"Punjab Cricket Association Stadium, Mohali",2,8.4,Pakistan,India,Mohammad Hafeez,Kamran Akmal,Z Khan,0,0,,,,,,,,,
433605,2010/11,2011-03-30,"Punjab Cricket Association Stadium, Mohali",2,8.5,Pakistan,India,Mohammad Hafeez,Kamran Akmal,Z Khan,1,0,,,,,,,,,
433605,2010/11,2011-03-30,"Punjab Cricket Association Stadium, Mohali",2,8.6,Pakistan,India,Kamran Akmal,Mohammad Hafeez,Z Khan,0,0,,,,,,caught,Kamran Akmal,,
433605,2010/11,2011-03-30,"Punjab Cricket Association Stadium, Mohali",2,9.1,Pakistan,India,Mohammad Hafeez,Asad Shafiq,MM Patel,4,0,,,,,,,,,
433605,2010/11,2011-03-30,"Punjab Cricket Association Stadium, Mohali",2,9.2,Pakistan,India,Mohammad Hafeez,Asad Shafiq,MM Patel,0,0,,,,,,,,,
433605,2010/11,2011-03-30,"Punjab Cricket Association Stadium, Mohali",2,9.3,Pakistan,India,Mohammad Hafeez,Asad Shafiq,MM Patel,0,0,,,,,,,,,
433605,2010/11,2011-03-30,"Punjab Cricket Association Stadium, Mohali",2,9.4,Pakistan,India,Mohammad Hafeez,Asad Shafiq,MM Patel,0,0,,,,,,,,,
433605,2010/11,2011-03-30,"Punjab Cricket Association Stadium, Mohali",2,9.5,Pakistan,India,Mohammad Hafeez,Asad Shafiq,MM Patel,0,0,,,,,,,,,
433605,2010/11,2011-03-30,"Punjab Cricket Association Stadium, Mohali",2,9.6,Pakistan,India,Mohammad Hafeez,Asad Shafiq,MM Patel,4,0,,,,,,,,,
433605,2010/11,2011-03-30,"Punjab Cricket Association Stadium, Mohali",2,10.1,Pakistan,India,Asad Shafiq,Mohammad Hafeez,Harbhajan Singh,0,0,,,,,,,,,
433605,2010/11,2011-03-30,"Punjab Cricket Association Stadium, Mohali",2,10.2,Pakistan,India,Asad Shafiq,Mohammad Hafeez,Harbhajan Singh,1,0,,,,,,,,,
433605,2010/11,2011-03-30,"Punjab Cricket Association Stadium, Mohali",2,10.3,Pakistan,India,Mohammad Hafeez,Asad Shafiq,Harbhajan Singh,0,0,,,,,,,,,
433605,2010/11,2011-03-30,"Punjab Cricket Association Stadium, Mohali",2,10.4,Pakistan,India,Mohammad Hafeez,Asad Shafiq,Harbhajan Singh,0,0,,,,,,,,,
433605,2010/11,2011-03-30,"Punjab Cricket Association Stadium, Mohali",2,10.5,Pakistan,India,Mohammad Hafeez,Asad Shafiq,Harbhajan Singh,1,0,,,,,,,,,
433605,2010/11,2011-03-30,"Punjab Cricket Association Stadium, Mohali",2,10.6,Pakistan,India,Asad Shafiq,Mohammad Hafeez,Harbhajan Singh,0,0,,,,,,,,,
433605,2010/11,2011-03-30,"Punjab Cricket Association Stadium, Mohali",2,11.1,Pakistan,India,Mohammad Hafeez,Asad Shafiq,MM Patel,0,0,,,,,,,,,
433605,2010/11,2011-03-30,"Punjab Cricket Association Stadium, Mohali",2,11.2,Pakistan,India,Mohammad Hafeez,Asad Shafiq,MM Patel,4,0,,,,,,,,,
433605,2010/11,2011-03-30,"Punjab Cricket Association Stadium, Mohali",2,11.3,Pakistan,India,Mohammad Hafeez,Asad Shafiq,MM Patel,0,0,,,,,,,,,
433605,2010/11,2011-03-30,"Punjab Cricket Association Stadium, Mohali",2,11.4,Pakistan,India,Mohammad Hafeez,Asad Shafiq,MM Patel,0,0,,,,,,,,,
433605,2010/11,2011-03-30,"Punjab Cricket Association Stadium, Mohali",2,11.5,Pakistan,India,Mohammad Hafeez,Asad Shafiq,MM Patel,0,0,,,,,,,,,
433605,2010/11,2011-03-30,"Punjab Cricket Association Stadium, Mohali",2,11.6,Pakistan,India,Mohammad Hafeez,Asad Shafiq,MM Patel,1,0,,,,,,,,,
433605,2010/11,2011-03-30,"Punjab Cricket Association Stadium, Mohali",2,12.1,Pakistan,India,Mohammad Hafeez,Asad Shafiq,Harbhajan Singh,0,0,,,,,,,,,
433605,2010/11,2011-03-30,"Punjab Cricket Association Stadium, Mohali",2,12.2,Pakistan,India,Mohammad Hafeez,Asad Shafiq,Harbhajan Singh,0,0,,,,,,,,,
433605,2010/11,2011-03-30,"Punjab Cricket Association Stadium, Mohali",2,12.3,Pakistan,India,Mohammad Hafeez,Asad Shafiq,Harbhajan Singh,1,0,,,,,,,,,
433605,2010/11,2011-03-30,"Punjab Cricket Association Stadium, Mohali",2,12.4,Pakistan,India,Asad Shafiq,Mohammad Hafeez,Harbhajan Singh,1,0,,,,,,,,,
433605,2010/11,2011-03-30,"Punjab Cricket Association Stadium, Mohali",2,12.5,Pakistan,India,Mohammad Hafeez,Asad Shafiq,Harbhajan Singh,1,0,,,,,,,,,
433605,2010/11,2011-03-30,"Punjab Cricket Association Stadium, Mohali",2,12.6,Pakistan,India,Asad Shafiq,Mohammad Hafeez,Harbhajan Singh,1,0,,,,,,,,,
433605,2010/11,2011-03-30,"Punjab Cricket Association Stadium, Mohali",2,13.1,Pakistan,India,Asad Shafiq,Mohammad Hafeez,MM Patel,0,0,,,,,,,,,
433605,2010/11,2011-03-30,"Punjab Cricket Association Stadium, Mohali",2,13.2,Pakistan,India,Asad Shafiq,Mohammad Hafeez,MM Patel,0,0,,,,,,,,,
433605,2010/11,2011-03-30,"Punjab Cricket Association Stadium, Mohali",2,13.3,Pakistan,India,Asad Shafiq,Mohammad Hafeez,MM Patel,0,0,,,,,,,,,
433605,2010/11,2011-03-30,"Punjab Cricket Association Stadium, Mohali",2,13.4,Pakistan,India,Asad Shafiq,Mohammad Hafeez,MM Patel,0,0,,,,,,,,,
433605,2010/11,2011-03-30,"Punjab Cricket Association Stadium, Mohali",2,13.5,Pakistan,India,Asad Shafiq,Mohammad Hafeez,MM Patel,0,0,,,,,,,,,
433605,2010/11,2011-03-30,"Punjab Cricket Association Stadium, Mohali",2,13.6,Pakistan,India,Asad Shafiq,Mohammad Hafeez,MM Patel,0,0,,,,,,,,,
433605,2010/11,2011-03-30,"Punjab Cricket Association Stadium, Mohali",2,14.1,Pakistan,India,Mohammad Hafeez,Asad Shafiq,Harbhajan Singh,1,0,,,,,,,,,
433605,2010/11,2011-03-30,"Punjab Cricket Association Stadium, Mohali",2,14.2,Pakistan,India,Asad Shafiq,Mohammad Hafeez,Harbhajan Singh,4,0,,,,,,,,,
433605,2010/11,2011-03-30,"Punjab Cricket Association Stadium, Mohali",2,14.3,Pakistan,India,Asad Shafiq,Mohammad Hafeez,Harbhajan Singh,1,0,,,,,,,,,
433605,2010/11,2011-03-30,"Punjab Cricket Association Stadium, Mohali",2,14.4,Pakistan,India,Mohammad Hafeez,Asad Shafiq,Harbhajan Singh,0,0,,,,,,,,,
433605,2010/11,2011-03-30,"Punjab Cricket Association Stadium, Mohali",2,14.5,Pakistan,India,Mohammad Hafeez,Asad Shafiq,Harbhajan Singh,0,0,,,,,,,,,
433605,2010/11,2011-03-30,"Punjab Cricket Association Stadium, Mohali",2,14.6,Pakistan,India,Mohammad Hafeez,Asad Shafiq,Harbhajan Singh,1,0,,,,,,,,,
433605,2010/11,2011-03-30,"Punjab Cricket Association Stadium, Mohali",2,15.1,Pakistan,India,Mohammad Hafeez,Asad Shafiq,MM Patel,0,0,,,,,,,,,
433605,2010/11,2011-03-30,"Punjab Cricket Association Stadium, Mohali",2,15.2,Pakistan,India,Mohammad Hafeez,Asad Shafiq,MM Patel,0,0,,,,,,,,,
433605,2010/11,2011-03-30,"Punjab Cricket Association Stadium, Mohali",2,15.3,Pakistan,India,Mohammad Hafeez,Asad Shafiq,MM Patel,0,0,,,,,,caught,Mohammad Hafeez,,
433605,2010/11,2011-03-30,"Punjab Cricket Association Stadium, Mohali",2,15.4,Pakistan,India,Younis Khan,Asad Shafiq,MM Patel,0,0,,,,,,,,,
433605,2010/11,2011-03-30,"Punjab Cricket Association Stadium, Mohali",2,15.5,Pakistan,India,Younis Khan,Asad Shafiq,MM Patel,0,0,,,,,,,,,
433605,2010/11,2011-03-30,"Punjab Cricket Association Stadium, Mohali",2,15.6,Pakistan,India,Younis Khan,Asad Shafiq,MM Patel,2,0,,,,,,,,,
433605,2010/11,2011-03-30,"Punjab Cricket Association Stadium, Mohali",2,16.1,Pakistan,India,Asad Shafiq,Younis Khan,Harbhajan Singh,4,0,,,,,,,,,
433605,2010/11,2011-03-30,"Punjab Cricket Association Stadium, Mohali",2,16.2,Pakistan,India,Asad Shafiq,Younis Khan,Harbhajan Singh,0,0,,,,,,,,,
433605,2010/11,2011-03-30,"Punjab Cricket Association Stadium, Mohali",2,16.3,Pakistan,India,Asad Shafiq,Younis Khan,Harbhajan Singh,0,0,,,,,,,,,
433605,2010/11,2011-03-30,"Punjab Cricket Association Stadium, Mohali",2,16.4,Pakistan,India,Asad Shafiq,Younis Khan,Harbhajan Singh,1,0,,,,,,,,,
433605,2010/11,2011-03-30,"Punjab Cricket Association Stadium, Mohali",2,16.5,Pakistan,India,Younis Khan,Asad Shafiq,Harbhajan Singh,0,0,,,,,,,,,
433605,2010/11,2011-03-30,"Punjab Cricket Association Stadium, Mohali",2,16.6,Pakistan,India,Younis Khan,Asad Shafiq,Harbhajan Singh,0,0,,,,,,,,,
433605,2010/11,2011-03-30,"Punjab Cricket Association Stadium, Mohali",2,17.1,Pakistan,India,Asad Shafiq,Younis Khan,A Nehra,0,0,,,,,,,,,
433605,2010/11,2011-03-30,"Punjab Cricket Association Stadium, Mohali",2,17.2,Pakistan,India,Asad Shafiq,Younis Khan,A Nehra,0,0,,,,,,,,,
433605,2010/11,2011-03-30,"Punjab Cricket Association Stadium, Mohali",2,17.3,Pakistan,India,Asad Shafiq,Younis Khan,A Nehra,2,0,,,,,,,,,
433605,2010/11,2011-03-30,"Punjab Cricket Association Stadium, Mohali",2,17.4,Pakistan,India,Asad Shafiq,Younis Khan,A Nehra,1,0,,,,,,,,,
433605,2010/11,2011-03-30,"Punjab Cricket Association Stadium, Mohali",2,17.5,Pakistan,India,Younis Khan,Asad Shafiq,A Nehra,0,0,,,,,,,,,
433605,2010/11,2011-03-30,"Punjab Cricket Association Stadium, Mohali",2,17.6,Pakistan,India,Younis Khan,Asad Shafiq,A Nehra,0,0,,,,,,,,,
433605,2010/11,2011-03-30,"Punjab Cricket Association Stadium, Mohali",2,18.1,Pakistan,India,Asad Shafiq,Younis Khan,Harbhajan Singh,1,0,,,,,,,,,
433605,2010/11,2011-03-30,"Punjab Cricket Association Stadium, Mohali",2,18.2,Pakistan,India,Younis Khan,Asad Shafiq,Harbhajan Singh,1,0,,,,,,,,,
433605,2010/11,2011-03-30,"Punjab Cricket Association Stadium, Mohali",2,18.3,Pakistan,India,Asad Shafiq,Younis Khan,Harbhajan Singh,0,0,,,,,,,,,
433605,2010/11,2011-03-30,"Punjab Cricket Association Stadium, Mohali",2,18.4,Pakistan,India,Asad Shafiq,Younis Khan,Harbhajan Singh,1,0,,,,,,,,,
433605,2010/11,2011-03-30,"Punjab Cricket Association Stadium, Mohali",2,18.5,Pakistan,India,Younis Khan,Asad Shafiq,Harbhajan Singh,1,0,,,,,,,,,
433605,2010/11,2011-03-30,"Punjab Cricket Association Stadium, Mohali",2,18.6,Pakistan,India,Asad Shafiq,Younis Khan,Harbhajan Singh,0,0,,,,,,,,,
433605,2010/11,2011-03-30,"Punjab Cricket Association Stadium, Mohali",2,19.1,Pakistan,India,Younis Khan,Asad Shafiq,Yuvraj Singh,1,0,,,,,,,,,
433605,2010/11,2011-03-30,"Punjab Cricket Association Stadium, Mohali",2,19.2,Pakistan,India,Asad Shafiq,Younis Khan,Yuvraj Singh,1,0,,,,,,,,,
433605,2010/11,2011-03-30,"Punjab Cricket Association Stadium, Mohali",2,19.3,Pakistan,India,Younis Khan,Asad Shafiq,Yuvraj Singh,1,0,,,,,,,,,
433605,2010/11,2011-03-30,"Punjab Cricket Association Stadium, Mohali",2,19.4,Pakistan,India,Asad Shafiq,Younis Khan,Yuvraj Singh,1,0,,,,,,,,,
433605,2010/11,2011-03-30,"Punjab Cricket Association Stadium, Mohali",2,19.5,Pakistan,India,Younis Khan,Asad Shafiq,Yuvraj Singh,0,0,,,,,,,,,
433605,2010/11,2011-03-30,"Punjab Cricket Association Stadium, Mohali",2,19.6,Pakistan,India,Younis Khan,Asad Shafiq,Yuvraj Singh,1,0,,,,,,,,,
433605,2010/11,2011-03-30,"Punjab Cricket Association Stadium, Mohali",2,20.1,Pakistan,India,Younis Khan,Asad Shafiq,Z Khan,0,0,,,,,,,,,
433605,2010/11,2011-03-30,"Punjab Cricket Association Stadium, Mohali",2,20.2,Pakistan,India,Younis Khan,Asad Shafiq,Z Khan,1,0,,,,,,,,,
433605,2010/11,2011-03-30,"Punjab Cricket Association Stadium, Mohali",2,20.3,Pakistan,India,Asad Shafiq,Younis Khan,Z Khan,2,0,,,,,,,,,
433605,2010/11,2011-03-30,"Punjab Cricket Association Stadium, Mohali",2,20.4,Pakistan,India,Asad Shafiq,Younis Khan,Z Khan,0,0,,,,,,,,,
433605,2010/11,2011-03-30,"Punjab Cricket Association Stadium, Mohali",2,20.5,Pakistan,India,Asad Shafiq,Younis Khan,Z Khan,0,0,,,,,,,,,
433605,2010/11,2011-03-30,"Punjab Cricket Association Stadium, Mohali",2,20.6,Pakistan,India,Asad Shafiq,Younis Khan,Z Khan,1,0,,,,,,,,,
433605,2010/11,2011-03-30,"Punjab Cricket Association Stadium, Mohali",2,21.1,Pakistan,India,Asad Shafiq,Younis Khan,Yuvraj Singh,1,0,,,,,,,,,
433605,2010/11,2011-03-30,"Punjab Cricket Association Stadium, Mohali",2,21.2,Pakistan,India,Younis Khan,Asad Shafiq,Yuvraj Singh,0,0,,,,,,,,,
433605,2010/11,2011-03-30,"Punjab Cricket Association Stadium, Mohali",2,21.3,Pakistan,India,Younis Khan,Asad Shafiq,Yuvraj Singh,0,0,,,,,,,,,
433605,2010/11,2011-03-30,"Punjab Cricket Association Stadium, Mohali",2,21.4,Pakistan,India,Younis Khan,Asad Shafiq,Yuvraj Singh,0,0,,,,,,,,,
433605,2010/11,2011-03-30,"Punjab Cricket Association Stadium, Mohali",2,21.5,Pakistan,India,Younis Khan,Asad Shafiq,Yuvraj Singh,0,0,,,,,,,,,
433605,2010/11,2011-03-30,"Punjab Cricket Association Stadium, Mohali",2,21.6,Pakistan,India,Younis Khan,Asad Shafiq,Yuvraj Singh,0,0,,,,,,,,,
433605,2010/11,2011-03-30,"Punjab Cricket Association Stadium, Mohali",2,22.1,Pakistan,India,Asad Shafiq,Younis Khan,Z Khan,1,0,,,,,,,,,
433605,2010/11,2011-03-30,"Punjab Cricket Association Stadium, Mohali",2,22.2,Pakistan,India,Younis Khan,Asad Shafiq,Z Khan,0,0,,,,,,,,,
433605,2010/11,2011-03-30,"Punjab Cricket Association Stadium, Mohali",2,22.3,Pakistan,India,Younis Khan,Asad Shafiq,Z Khan,1,0,,,,,,,,,
433605,2010/11,2011-03-30,"Punjab Cricket Association Stadium, Mohali",2,22.4,Pakistan,India,Asad Shafiq,Younis Khan,Z Khan,2,0,,,,,,,,,
433605,2010/11,2011-03-30,"Punjab Cricket Association Stadium, Mohali",2,22.5,Pakistan,India,Asad Shafiq,Younis Khan,Z Khan,2,0,,,,,,,,,
433605,2010/11,2011-03-30,"Punjab Cricket Association Stadium, Mohali",2,22.6,Pakistan,India,Asad Shafiq,Younis Khan,Z Khan,0,0,,,,,,,,,
433605,2010/11,2011-03-30,"Punjab Cricket Association Stadium, Mohali",2,23.1,Pakistan,India,Younis Khan,Asad Shafiq,Yuvraj Singh,1,0,,,,,,,,,
433605,2010/11,2011-03-30,"Punjab Cricket Association Stadium, Mohali",2,23.2,Pakistan,India,Asad Shafiq,Younis Khan,Yuvraj Singh,0,0,,,,,,,,,
433605,2010/11,2011-03-30,"Punjab Cricket Association Stadium, Mohali",2,23.3,Pakistan,India,Asad Shafiq,Younis Khan,Yuvraj Singh,1,0,,,,,,,,,
433605,2010/11,2011-03-30,"Punjab Cricket Association Stadium, Mohali",2,23.4,Pakistan,India,Younis Khan,Asad Shafiq,Yuvraj Singh,1,0,,,,,,,,,
433605,2010/11,2011-03-30,"Punjab Cricket Association Stadium, Mohali",2,23.5,Pakistan,India,Asad Shafiq,Younis Khan,Yuvraj Singh,0,0,,,,,,bowled,Asad Shafiq,,
433605,2010/11,2011-03-30,"Punjab Cricket Association Stadium, Mohali",2,23.6,Pakistan,India,Misbah-ul-Haq,Younis Khan,Yuvraj Singh,0,0,,,,,,,,,
433605,2010/11,2011-03-30,"Punjab Cricket Association Stadium, Mohali",2,24.1,Pakistan,India,Younis Khan,Misbah-ul-Haq,Harbhajan Singh,0,0,,,,,,,,,
433605,2010/11,2011-03-30,"Punjab Cricket Association Stadium, Mohali",2,24.2,Pakistan,India,Younis Khan,Misbah-ul-Haq,Harbhajan Singh,0,0,,,,,,,,,
433605,2010/11,2011-03-30,"Punjab Cricket Association Stadium, Mohali",2,24.3,Pakistan,India,Younis Khan,Misbah-ul-Haq,Harbhajan Singh,1,0,,,,,,,,,
433605,2010/11,2011-03-30,"Punjab Cricket Association Stadium, Mohali",2,24.4,Pakistan,India,Misbah-ul-Haq,Younis Khan,Harbhajan Singh,0,0,,,,,,,,,
433605,2010/11,2011-03-30,"Punjab Cricket Association Stadium, Mohali",2,24.5,Pakistan,India,Misbah-ul-Haq,Younis Khan,Harbhajan Singh,1,0,,,,,,,,,
433605,2010/11,2011-03-30,"Punjab Cricket Association Stadium, Mohali",2,24.6,Pakistan,India,Younis Khan,Misbah-ul-Haq,Harbhajan Singh,1,0,,,,,,,,,
433605,2010/11,2011-03-30,"Punjab Cricket Association Stadium, Mohali",2,25.1,Pakistan,India,Younis Khan,Misbah-ul-Haq,Yuvraj Singh,0,0,,,,,,,,,
433605,2010/11,2011-03-30,"Punjab Cricket Association Stadium, Mohali",2,25.2,Pakistan,India,Younis Khan,Misbah-ul-Haq,Yuvraj Singh,0,0,,,,,,,,,
433605,2010/11,2011-03-30,"Punjab Cricket Association Stadium, Mohali",2,25.3,Pakistan,India,Younis Khan,Misbah-ul-Haq,Yuvraj Singh,0,0,,,,,,,,,
433605,2010/11,2011-03-30,"Punjab Cricket Association Stadium, Mohali",2,25.4,Pakistan,India,Younis Khan,Misbah-ul-Haq,Yuvraj Singh,0,0,,,,,,caught,Younis Khan,,
433605,2010/11,2011-03-30,"Punjab Cricket Association Stadium, Mohali",2,25.5,Pakistan,India,Umar Akmal,Misbah-ul-Haq,Yuvraj Singh,0,0,,,,,,,,,
433605,2010/11,2011-03-30,"Punjab Cricket Association Stadium, Mohali",2,25.6,Pakistan,India,Umar Akmal,Misbah-ul-Haq,Yuvraj Singh,0,0,,,,,,,,,
433605,2010/11,2011-03-30,"Punjab Cricket Association Stadium, Mohali",2,26.1,Pakistan,India,Misbah-ul-Haq,Umar Akmal,Harbhajan Singh,1,0,,,,,,,,,
433605,2010/11,2011-03-30,"Punjab Cricket Association Stadium, Mohali",2,26.2,Pakistan,India,Umar Akmal,Misbah-ul-Haq,Harbhajan Singh,0,0,,,,,,,,,
433605,2010/11,2011-03-30,"Punjab Cricket Association Stadium, Mohali",2,26.3,Pakistan,India,Umar Akmal,Misbah-ul-Haq,Harbhajan Singh,2,0,,,,,,,,,
433605,2010/11,2011-03-30,"Punjab Cricket Association Stadium, Mohali",2,26.4,Pakistan,India,Umar Akmal,Misbah-ul-Haq,Harbhajan Singh,1,0,,,,,,,,,
433605,2010/11,2011-03-30,"Punjab Cricket Association Stadium, Mohali",2,26.5,Pakistan,India,Misbah-ul-Haq,Umar Akmal,Harbhajan Singh,1,0,,,,,,,,,
433605,2010/11,2011-03-30,"Punjab Cricket Association Stadium, Mohali",2,26.6,Pakistan,India,Umar Akmal,Misbah-ul-Haq,Harbhajan Singh,1,0,,,,,,,,,
433605,2010/11,2011-03-30,"Punjab Cricket Association Stadium, Mohali",2,27.1,Pakistan,India,Umar Akmal,Misbah-ul-Haq,Yuvraj Singh,1,0,,,,,,,,,
433605,2010/11,2011-03-30,"Punjab Cricket Association Stadium, Mohali",2,27.2,Pakistan,India,Misbah-ul-Haq,Umar Akmal,Yuvraj Singh,2,0,,,,,,,,,
433605,2010/11,2011-03-30,"Punjab Cricket Association Stadium, Mohali",2,27.3,Pakistan,India,Misbah-ul-Haq,Umar Akmal,Yuvraj Singh,0,0,,,,,,,,,
433605,2010/11,2011-03-30,"Punjab Cricket Association Stadium, Mohali",2,27.4,Pakistan,India,Misbah-ul-Haq,Umar Akmal,Yuvraj Singh,1,0,,,,,,,,,
433605,2010/11,2011-03-30,"Punjab Cricket Association Stadium, Mohali",2,27.5,Pakistan,India,Umar Akmal,Misbah-ul-Haq,Yuvraj Singh,0,0,,,,,,,,,
433605,2010/11,2011-03-30,"Punjab Cricket Association Stadium, Mohali",2,27.6,Pakistan,India,Umar Akmal,Misbah-ul-Haq,Yuvraj Singh,1,0,,,,,,,,,
433605,2010/11,2011-03-30,"Punjab Cricket Association Stadium, Mohali",2,28.1,Pakistan,India,Umar Akmal,Misbah-ul-Haq,A Nehra,0,0,,,,,,,,,
433605,2010/11,2011-03-30,"Punjab Cricket Association Stadium, Mohali",2,28.2,Pakistan,India,Umar Akmal,Misbah-ul-Haq,A Nehra,0,0,,,,,,,,,
433605,2010/11,2011-03-30,"Punjab Cricket Association Stadium, Mohali",2,28.3,Pakistan,India,Umar Akmal,Misbah-ul-Haq,A Nehra,0,0,,,,,,,,,
433605,2010/11,2011-03-30,"Punjab Cricket Association Stadium, Mohali",2,28.4,Pakistan,India,Umar Akmal,Misbah-ul-Haq,A Nehra,1,0,,,,,,,,,
433605,2010/11,2011-03-30,"Punjab Cricket Association Stadium, Mohali",2,28.5,Pakistan,India,Misbah-ul-Haq,Umar Akmal,A Nehra,0,0,,,,,,,,,
433605,2010/11,2011-03-30,"Punjab Cricket Association Stadium, Mohali",2,28.6,Pakistan,India,Misbah-ul-Haq,Umar Akmal,A Nehra,0,0,,,,,,,,,
433605,2010/11,2011-03-30,"Punjab Cricket Association Stadium, Mohali",2,29.1,Pakistan,India,Umar Akmal,Misbah-ul-Haq,Yuvraj Singh,4,0,,,,,,,,,
433605,2010/11,2011-03-30,"Punjab Cricket Association Stadium, Mohali",2,29.2,Pakistan,India,Umar Akmal,Misbah-ul-Haq,Yuvraj Singh,0,0,,,,,,,,,
433605,2010/11,2011-03-30,"Punjab Cricket Association Stadium, Mohali",2,29.3,Pakistan,India,Umar Akmal,Misbah-ul-Haq,Yuvraj Singh,6,0,,,,,,,,,
433605,2010/11,2011-03-30,"Punjab Cricket Association Stadium, Mohali",2,29.4,Pakistan,India,Umar Akmal,Misbah-ul-Haq,Yuvraj Singh,1,0,,,,,,,,,
433605,2010/11,2011-03-30,"Punjab Cricket Association Stadium, Mohali",2,29.5,Pakistan,India,Misbah-ul-Haq,Umar Akmal,Yuvraj Singh,0,0,,,,,,,,,
433605,2010/11,2011-03-30,"Punjab Cricket Association Stadium, Mohali",2,29.6,Pakistan,India,Misbah-ul-Haq,Umar Akmal,Yuvraj Singh,1,0,,,,,,,,,
433605,2010/11,2011-03-30,"Punjab Cricket Association Stadium, Mohali",2,30.1,Pakistan,India,Misbah-ul-Haq,Umar Akmal,A Nehra,0,0,,,,,,,,,
433605,2010/11,2011-03-30,"Punjab Cricket Association Stadium, Mohali",2,30.2,Pakistan,India,Misbah-ul-Haq,Umar Akmal,A Nehra,1,0,,,,,,,,,
433605,2010/11,2011-03-30,"Punjab Cricket Association Stadium, Mohali",2,30.3,Pakistan,India,Umar Akmal,Misbah-ul-Haq,A Nehra,1,0,,,,,,,,,
433605,2010/11,2011-03-30,"Punjab Cricket Association Stadium, Mohali",2,30.4,Pakistan,India,Misbah-ul-Haq,Umar Akmal,A Nehra,0,0,,,,,,,,,
433605,2010/11,2011-03-30,"Punjab Cricket Association Stadium, Mohali",2,30.5,Pakistan,India,Misbah-ul-Haq,Umar Akmal,A Nehra,0,0,,,,,,,,,
433605,2010/11,2011-03-30,"Punjab Cricket Association Stadium, Mohali",2,30.6,Pakistan,India,Misbah-ul-Haq,Umar Akmal,A Nehra,0,0,,,,,,,,,
433605,2010/11,2011-03-30,"Punjab Cricket Association Stadium, Mohali",2,31.1,Pakistan,India,Umar Akmal,Misbah-ul-Haq,Yuvraj Singh,0,0,,,,,,,,,
433605,2010/11,2011-03-30,"Punjab Cricket Association Stadium, Mohali",2,31.2,Pakistan,India,Umar Akmal,Misbah-ul-Haq,Yuvraj Singh,2,0,,,,,,,,,
433605,2010/11,2011-03-30,"Punjab Cricket Association Stadium, Mohali",2,31.3,Pakistan,India,Umar Akmal,Misbah-ul-Haq,Yuvraj Singh,6,0,,,,,,,,,
433605,2010/11,2011-03-30,"Punjab Cricket Association Stadium, Mohali",2,31.4,Pakistan,India,Umar Akmal,Misbah-ul-Haq,Yuvraj Singh,1,0,,,,,,,,,
433605,2010/11,2011-03-30,"Punjab Cricket Association Stadium, Mohali",2,31.5,Pakistan,India,Misbah-ul-Haq,Umar Akmal,Yuvraj Singh,0,0,,,,,,,,,
433605,2010/11,2011-03-30,"Punjab Cricket Association Stadium, Mohali",2,31.6,Pakistan,India,Misbah-ul-Haq,Umar Akmal,Yuvraj Singh,0,0,,,,,,,,,
433605,2010/11,2011-03-30,"Punjab Cricket Association Stadium, Mohali",2,32.1,Pakistan,India,Umar Akmal,Misbah-ul-Haq,MM Patel,1,0,,,,,,,,,
433605,2010/11,2011-03-30,"Punjab Cricket Association Stadium, Mohali",2,32.2,Pakistan,India,Misbah-ul-Haq,Umar Akmal,MM Patel,0,0,,,,,,,,,
433605,2010/11,2011-03-30,"Punjab Cricket Association Stadium, Mohali",2,32.3,Pakistan,India,Misbah-ul-Haq,Umar Akmal,MM Patel,0,0,,,,,,,,,
433605,2010/11,2011-03-30,"Punjab Cricket Association Stadium, Mohali",2,32.4,Pakistan,India,Misbah-ul-Haq,Umar Akmal,MM Patel,0,0,,,,,,,,,
433605,2010/11,2011-03-30,"Punjab Cricket Association Stadium, Mohali",2,32.5,Pakistan,India,Misbah-ul-Haq,Umar Akmal,MM Patel,0,0,,,,,,,,,
433605,2010/11,2011-03-30,"Punjab Cricket Association Stadium, Mohali",2,32.6,Pakistan,India,Misbah-ul-Haq,Umar Akmal,MM Patel,0,0,,,,,,,,,
433605,2010/11,2011-03-30,"Punjab Cricket Association Stadium, Mohali",2,33.1,Pakistan,India,Umar Akmal,Misbah-ul-Haq,Harbhajan Singh,0,0,,,,,,bowled,Umar Akmal,,
433605,2010/11,2011-03-30,"Punjab Cricket Association Stadium, Mohali",2,33.2,Pakistan,India,Abdul Razzaq,Misbah-ul-Haq,Harbhajan Singh,0,0,,,,,,,,,
433605,2010/11,2011-03-30,"Punjab Cricket Association Stadium, Mohali",2,33.3,Pakistan,India,Abdul Razzaq,Misbah-ul-Haq,Harbhajan Singh,0,0,,,,,,,,,
433605,2010/11,2011-03-30,"Punjab Cricket Association Stadium, Mohali",2,33.4,Pakistan,India,Abdul Razzaq,Misbah-ul-Haq,Harbhajan Singh,1,0,,,,,,,,,
433605,2010/11,2011-03-30,"Punjab Cricket Association Stadium, Mohali",2,33.5,Pakistan,India,Misbah-ul-Haq,Abdul Razzaq,Harbhajan Singh,1,0,,,,,,,,,
433605,2010/11,2011-03-30,"Punjab Cricket Association Stadium, Mohali",2,33.6,Pakistan,India,Abdul Razzaq,Misbah-ul-Haq,Harbhajan Singh,0,0,,,,,,,,,
433605,2010/11,2011-03-30,"Punjab Cricket Association Stadium, Mohali",2,34.1,Pakistan,India,Misbah-ul-Haq,Abdul Razzaq,MM Patel,0,0,,,,,,,,,
433605,2010/11,2011-03-30,"Punjab Cricket Association Stadium, Mohali",2,34.2,Pakistan,India,Misbah-ul-Haq,Abdul Razzaq,MM Patel,0,0,,,,,,,,,
433605,2010/11,2011-03-30,"Punjab Cricket Association Stadium, Mohali",2,34.3,Pakistan,India,Misbah-ul-Haq,Abdul Razzaq,MM Patel,0,0,,,,,,,,,
433605,2010/11,2011-03-30,"Punjab Cricket Association Stadium, Mohali",2,34.4,Pakistan,India,Misbah-ul-Haq,Abdul Razzaq,MM Patel,0,0,,,,,,,,,
433605,2010/11,2011-03-30,"Punjab Cricket Association Stadium, Mohali",2,34.5,Pakistan,India,Misbah-ul-Haq,Abdul Razzaq,MM Patel,1,0,,,,,,,,,
433605,2010/11,2011-03-30,"Punjab Cricket Association Stadium, Mohali",2,34.6,Pakistan,India,Abdul Razzaq,Misbah-ul-Haq,MM Patel,1,0,,,,,,,,,
433605,2010/11,2011-03-30,"Punjab Cricket Association Stadium, Mohali",2,35.1,Pakistan,India,Abdul Razzaq,Misbah-ul-Haq,Yuvraj Singh,0,0,,,,,,,,,
433605,2010/11,2011-03-30,"Punjab Cricket Association Stadium, Mohali",2,35.2,Pakistan,India,Abdul Razzaq,Misbah-ul-Haq,Yuvraj Singh,0,0,,,,,,,,,
433605,2010/11,2011-03-30,"Punjab Cricket Association Stadium, Mohali",2,35.3,Pakistan,India,Abdul Razzaq,Misbah-ul-Haq,Yuvraj Singh,1,0,,,,,,,,,
433605,2010/11,2011-03-30,"Punjab Cricket Association Stadium, Mohali",2,35.4,Pakistan,India,Misbah-ul-Haq,Abdul Razzaq,Yuvraj Singh,0,0,,,,,,,,,
433605,2010/11,2011-03-30,"Punjab Cricket Association Stadium, Mohali",2,35.5,Pakistan,India,Misbah-ul-Haq,Abdul Razzaq,Yuvraj Singh,0,0,,,,,,,,,
433605,2010/11,2011-03-30,"Punjab Cricket Association Stadium, Mohali",2,35.6,Pakistan,India,Misbah-ul-Haq,Abdul Razzaq,Yuvraj Singh,1,0,,,,,,,,,
433605,2010/11,2011-03-30,"Punjab Cricket Association Stadium, Mohali",2,36.1,Pakistan,India,Misbah-ul-Haq,Abdul Razzaq,MM Patel,1,0,,,,,,,,,
433605,2010/11,2011-03-30,"Punjab Cricket Association Stadium, Mohali",2,36.2,Pakistan,India,Abdul Razzaq,Misbah-ul-Haq,MM Patel,0,1,1,,,,,,,,
433605,2010/11,2011-03-30,"Punjab Cricket Association Stadium, Mohali",2,36.3,Pakistan,India,Abdul Razzaq,Misbah-ul-Haq,MM Patel,0,0,,,,,,bowled,Abdul Razzaq,,
433605,2010/11,2011-03-30,"Punjab Cricket Association Stadium, Mohali",2,36.4,Pakistan,India,Shahid Afridi,Misbah-ul-Haq,MM Patel,0,0,,,,,,,,,
433605,2010/11,2011-03-30,"Punjab Cricket Association Stadium, Mohali",2,36.5,Pakistan,India,Shahid Afridi,Misbah-ul-Haq,MM Patel,1,0,,,,,,,,,
433605,2010/11,2011-03-30,"Punjab Cricket Association Stadium, Mohali",2,36.6,Pakistan,India,Misbah-ul-Haq,Shahid Afridi,MM Patel,0,0,,,,,,,,,
433605,2010/11,2011-03-30,"Punjab Cricket Association Stadium, Mohali",2,36.7,Pakistan,India,Misbah-ul-Haq,Shahid Afridi,MM Patel,1,0,,,,,,,,,
433605,2010/11,2011-03-30,"Punjab Cricket Association Stadium, Mohali",2,37.1,Pakistan,India,Misbah-ul-Haq,Shahid Afridi,Yuvraj Singh,2,0,,,,,,,,,
433605,2010/11,2011-03-30,"Punjab Cricket Association Stadium, Mohali",2,37.2,Pakistan,India,Misbah-ul-Haq,Shahid Afridi,Yuvraj Singh,0,0,,,,,,,,,
433605,2010/11,2011-03-30,"Punjab Cricket Association Stadium, Mohali",2,37.3,Pakistan,India,Misbah-ul-Haq,Shahid Afridi,Yuvraj Singh,1,0,,,,,,,,,
433605,2010/11,2011-03-30,"Punjab Cricket Association Stadium, Mohali",2,37.4,Pakistan,India,Shahid Afridi,Misbah-ul-Haq,Yuvraj Singh,4,0,,,,,,,,,
433605,2010/11,2011-03-30,"Punjab Cricket Association Stadium, Mohali",2,37.5,Pakistan,India,Shahid Afridi,Misbah-ul-Haq,Yuvraj Singh,2,0,,,,,,,,,
433605,2010/11,2011-03-30,"Punjab Cricket Association Stadium, Mohali",2,37.6,Pakistan,India,Shahid Afridi,Misbah-ul-Haq,Yuvraj Singh,2,0,,,,,,,,,
433605,2010/11,2011-03-30,"Punjab Cricket Association Stadium, Mohali",2,38.1,Pakistan,India,Misbah-ul-Haq,Shahid Afridi,Z Khan,0,0,,,,,,,,,
433605,2010/11,2011-03-30,"Punjab Cricket Association Stadium, Mohali",2,38.2,Pakistan,India,Misbah-ul-Haq,Shahid Afridi,Z Khan,0,0,,,,,,,,,
433605,2010/11,2011-03-30,"Punjab Cricket Association Stadium, Mohali",2,38.3,Pakistan,India,Misbah-ul-Haq,Shahid Afridi,Z Khan,1,0,,,,,,,,,
433605,2010/11,2011-03-30,"Punjab Cricket Association Stadium, Mohali",2,38.4,Pakistan,India,Shahid Afridi,Misbah-ul-Haq,Z Khan,0,1,1,,,,,,,,
433605,2010/11,2011-03-30,"Punjab Cricket Association Stadium, Mohali",2,38.5,Pakistan,India,Shahid Afridi,Misbah-ul-Haq,Z Khan,2,0,,,,,,,,,
433605,2010/11,2011-03-30,"Punjab Cricket Association Stadium, Mohali",2,38.6,Pakistan,India,Shahid Afridi,Misbah-ul-Haq,Z Khan,0,0,,,,,,,,,
433605,2010/11,2011-03-30,"Punjab Cricket Association Stadium, Mohali",2,38.7,Pakistan,India,Shahid Afridi,Misbah-ul-Haq,Z Khan,1,0,,,,,,,,,
433605,2010/11,2011-03-30,"Punjab Cricket Association Stadium, Mohali",2,39.1,Pakistan,India,Shahid Afridi,Misbah-ul-Haq,Yuvraj Singh,1,0,,,,,,,,,
433605,2010/11,2011-03-30,"Punjab Cricket Association Stadium, Mohali",2,39.2,Pakistan,India,Misbah-ul-Haq,Shahid Afridi,Yuvraj Singh,4,0,,,,,,,,,
433605,2010/11,2011-03-30,"Punjab Cricket Association Stadium, Mohali",2,39.3,Pakistan,India,Misbah-ul-Haq,Shahid Afridi,Yuvraj Singh,1,0,,,,,,,,,
433605,2010/11,2011-03-30,"Punjab Cricket Association Stadium, Mohali",2,39.4,Pakistan,India,Shahid Afridi,Misbah-ul-Haq,Yuvraj Singh,1,0,,,,,,,,,
433605,2010/11,2011-03-30,"Punjab Cricket Association Stadium, Mohali",2,39.5,Pakistan,India,Misbah-ul-Haq,Shahid Afridi,Yuvraj Singh,1,0,,,,,,,,,
433605,2010/11,2011-03-30,"Punjab Cricket Association Stadium, Mohali",2,39.6,Pakistan,India,Shahid Afridi,Misbah-ul-Haq,Yuvraj Singh,1,0,,,,,,,,,
433605,2010/11,2011-03-30,"Punjab Cricket Association Stadium, Mohali",2,40.1,Pakistan,India,Shahid Afridi,Misbah-ul-Haq,Z Khan,1,0,,,,,,,,,
433605,2010/11,2011-03-30,"Punjab Cricket Association Stadium, Mohali",2,40.2,Pakistan,India,Misbah-ul-Haq,Shahid Afridi,Z Khan,1,0,,,,,,,,,
433605,2010/11,2011-03-30,"Punjab Cricket Association Stadium, Mohali",2,40.3,Pakistan,India,Shahid Afridi,Misbah-ul-Haq,Z Khan,0,0,,,,,,,,,
433605,2010/11,2011-03-30,"Punjab Cricket Association Stadium, Mohali",2,40.4,Pakistan,India,Shahid Afridi,Misbah-ul-Haq,Z Khan,1,0,,,,,,,,,
433605,2010/11,2011-03-30,"Punjab Cricket Association Stadium, Mohali",2,40.5,Pakistan,India,Misbah-ul-Haq,Shahid Afridi,Z Khan,0,0,,,,,,,,,
433605,2010/11,2011-03-30,"Punjab Cricket Association Stadium, Mohali",2,40.6,Pakistan,India,Misbah-ul-Haq,Shahid Afridi,Z Khan,1,0,,,,,,,,,
433605,2010/11,2011-03-30,"Punjab Cricket Association Stadium, Mohali",2,41.1,Pakistan,India,Misbah-ul-Haq,Shahid Afridi,Harbhajan Singh,0,0,,,,,,,,,
433605,2010/11,2011-03-30,"Punjab Cricket Association Stadium, Mohali",2,41.2,Pakistan,India,Misbah-ul-Haq,Shahid Afridi,Harbhajan Singh,1,0,,,,,,,,,
433605,2010/11,2011-03-30,"Punjab Cricket Association Stadium, Mohali",2,41.3,Pakistan,India,Shahid Afridi,Misbah-ul-Haq,Harbhajan Singh,2,0,,,,,,,,,
433605,2010/11,2011-03-30,"Punjab Cricket Association Stadium, Mohali",2,41.4,Pakistan,India,Shahid Afridi,Misbah-ul-Haq,Harbhajan Singh,0,0,,,,,,,,,
433605,2010/11,2011-03-30,"Punjab Cricket Association Stadium, Mohali",2,41.5,Pakistan,India,Shahid Afridi,Misbah-ul-Haq,Harbhajan Singh,0,0,,,,,,caught,Shahid Afridi,,
433605,2010/11,2011-03-30,"Punjab Cricket Association Stadium, Mohali",2,41.6,Pakistan,India,Misbah-ul-Haq,Wahab Riaz,Harbhajan Singh,0,0,,,,,,,,,
433605,2010/11,2011-03-30,"Punjab Cricket Association Stadium, Mohali",2,42.1,Pakistan,India,Wahab Riaz,Misbah-ul-Haq,A Nehra,0,0,,,,,,,,,
433605,2010/11,2011-03-30,"Punjab Cricket Association Stadium, Mohali",2,42.2,Pakistan,India,Wahab Riaz,Misbah-ul-Haq,A Nehra,0,0,,,,,,,,,
433605,2010/11,2011-03-30,"Punjab Cricket Association Stadium, Mohali",2,42.3,Pakistan,India,Wahab Riaz,Misbah-ul-Haq,A Nehra,1,0,,,,,,,,,
433605,2010/11,2011-03-30,"Punjab Cricket Association Stadium, Mohali",2,42.4,Pakistan,India,Misbah-ul-Haq,Wahab Riaz,A Nehra,1,0,,,,,,,,,
433605,2010/11,2011-03-30,"Punjab Cricket Association Stadium, Mohali",2,42.5,Pakistan,India,Wahab Riaz,Misbah-ul-Haq,A Nehra,4,0,,,,,,,,,
433605,2010/11,2011-03-30,"Punjab Cricket Association Stadium, Mohali",2,42.6,Pakistan,India,Wahab Riaz,Misbah-ul-Haq,A Nehra,0,1,1,,,,,,,,
433605,2010/11,2011-03-30,"Punjab Cricket Association Stadium, Mohali",2,42.7,Pakistan,India,Wahab Riaz,Misbah-ul-Haq,A Nehra,1,0,,,,,,,,,
433605,2010/11,2011-03-30,"Punjab Cricket Association Stadium, Mohali",2,43.1,Pakistan,India,Wahab Riaz,Misbah-ul-Haq,Harbhajan Singh,1,0,,,,,,,,,
433605,2010/11,2011-03-30,"Punjab Cricket Association Stadium, Mohali",2,43.2,Pakistan,India,Misbah-ul-Haq,Wahab Riaz,Harbhajan Singh,4,0,,,,,,,,,
433605,2010/11,2011-03-30,"Punjab Cricket Association Stadium, Mohali",2,43.3,Pakistan,India,Misbah-ul-Haq,Wahab Riaz,Harbhajan Singh,1,0,,,,,,,,,
433605,2010/11,2011-03-30,"Punjab Cricket Association Stadium, Mohali",2,43.4,Pakistan,India,Wahab Riaz,Misbah-ul-Haq,Harbhajan Singh,0,0,,,,,,,,,
433605,2010/11,2011-03-30,"Punjab Cricket Association Stadium, Mohali",2,43.5,Pakistan,India,Wahab Riaz,Misbah-ul-Haq,Harbhajan Singh,0,0,,,,,,,,,
433605,2010/11,2011-03-30,"Punjab Cricket Association Stadium, Mohali",2,43.6,Pakistan,India,Wahab Riaz,Misbah-ul-Haq,Harbhajan Singh,1,0,,,,,,,,,
433605,2010/11,2011-03-30,"Punjab Cricket Association Stadium, Mohali",2,44.1,Pakistan,India,Wahab Riaz,Misbah-ul-Haq,A Nehra,0,0,,,,,,,,,
433605,2010/11,2011-03-30,"Punjab Cricket Association Stadium, Mohali",2,44.2,Pakistan,India,Wahab Riaz,Misbah-ul-Haq,A Nehra,0,0,,,,,,,,,
433605,2010/11,2011-03-30,"Punjab Cricket Association Stadium, Mohali",2,44.3,Pakistan,India,Wahab Riaz,Misbah-ul-Haq,A Nehra,0,0,,,,,,,,,
433605,2010/11,2011-03-30,"Punjab Cricket Association Stadium, Mohali",2,44.4,Pakistan,India,Wahab Riaz,Misbah-ul-Haq,A Nehra,0,0,,,,,,,,,
433605,2010/11,2011-03-30,"Punjab Cricket Association Stadium, Mohali",2,44.5,Pakistan,India,Wahab Riaz,Misbah-ul-Haq,A Nehra,0,0,,,,,,caught,Wahab Riaz,,
433605,2010/11,2011-03-30,"Punjab Cricket Association Stadium, Mohali",2,44.6,Pakistan,India,Misbah-ul-Haq,Umar Gul,A Nehra,1,0,,,,,,,,,
433605,2010/11,2011-03-30,"Punjab Cricket Association Stadium, Mohali",2,45.1,Pakistan,India,Misbah-ul-Haq,Umar Gul,Z Khan,4,0,,,,,,,,,
433605,2010/11,2011-03-30,"Punjab Cricket Association Stadium, Mohali",2,45.2,Pakistan,India,Misbah-ul-Haq,Umar Gul,Z Khan,1,0,,,,,,,,,
433605,2010/11,2011-03-30,"Punjab Cricket Association Stadium, Mohali",2,45.3,Pakistan,India,Umar Gul,Misbah-ul-Haq,Z Khan,1,0,,,,,,,,,
433605,2010/11,2011-03-30,"Punjab Cricket Association Stadium, Mohali",2,45.4,Pakistan,India,Misbah-ul-Haq,Umar Gul,Z Khan,1,0,,,,,,,,,
433605,2010/11,2011-03-30,"Punjab Cricket Association Stadium, Mohali",2,45.5,Pakistan,India,Umar Gul,Misbah-ul-Haq,Z Khan,1,0,,,,,,,,,
433605,2010/11,2011-03-30,"Punjab Cricket Association Stadium, Mohali",2,45.6,Pakistan,India,Misbah-ul-Haq,Umar Gul,Z Khan,0,0,,,,,,,,,
433605,2010/11,2011-03-30,"Punjab Cricket Association Stadium, Mohali",2,46.1,Pakistan,India,Umar Gul,Misbah-ul-Haq,A Nehra,0,0,,,,,,lbw,Umar Gul,,
433605,2010/11,2011-03-30,"Punjab Cricket Association Stadium, Mohali",2,46.2,Pakistan,India,Saeed Ajmal,Misbah-ul-Haq,A Nehra,0,0,,,,,,,,,
433605,2010/11,2011-03-30,"Punjab Cricket Association Stadium, Mohali",2,46.3,Pakistan,India,Saeed Ajmal,Misbah-ul-Haq,A Nehra,0,0,,,,,,,,,
433605,2010/11,2011-03-30,"Punjab Cricket Association Stadium, Mohali",2,46.4,Pakistan,India,Saeed Ajmal,Misbah-ul-Haq,A Nehra,1,0,,,,,,,,,
433605,2010/11,2011-03-30,"Punjab Cricket Association Stadium, Mohali",2,46.5,Pakistan,India,Misbah-ul-Haq,Saeed Ajmal,A Nehra,1,0,,,,,,,,,
433605,2010/11,2011-03-30,"Punjab Cricket Association Stadium, Mohali",2,46.6,Pakistan,India,Saeed Ajmal,Misbah-ul-Haq,A Nehra,0,0,,,,,,,,,
433605,2010/11,2011-03-30,"Punjab Cricket Association Stadium, Mohali",2,47.1,Pakistan,India,Misbah-ul-Haq,Saeed Ajmal,Z Khan,0,5,5,,,,,,,,
433605,2010/11,2011-03-30,"Punjab Cricket Association Stadium, Mohali",2,47.2,Pakistan,India,Misbah-ul-Haq,Saeed Ajmal,Z Khan,0,0,,,,,,,,,
433605,2010/11,2011-03-30,"Punjab Cricket Association Stadium, Mohali",2,47.3,Pakistan,India,Misbah-ul-Haq,Saeed Ajmal,Z Khan,0,0,,,,,,,,,
433605,2010/11,2011-03-30,"Punjab Cricket Association Stadium, Mohali",2,47.4,Pakistan,India,Misbah-ul-Haq,Saeed Ajmal,Z Khan,4,0,,,,,,,,,
433605,2010/11,2011-03-30,"Punjab Cricket Association Stadium, Mohali",2,47.5,Pakistan,India,Misbah-ul-Haq,Saeed Ajmal,Z Khan,0,0,,,,,,,,,
433605,2010/11,2011-03-30,"Punjab Cricket Association Stadium, Mohali",2,47.6,Pakistan,India,Misbah-ul-Haq,Saeed Ajmal,Z Khan,4,0,,,,,,,,,
433605,2010/11,2011-03-30,"Punjab Cricket Association Stadium, Mohali",2,47.7,Pakistan,India,Misbah-ul-Haq,Saeed Ajmal,Z Khan,1,0,,,,,,,,,
433605,2010/11,2011-03-30,"Punjab Cricket Association Stadium, Mohali",2,48.1,Pakistan,India,Misbah-ul-Haq,Saeed Ajmal,MM Patel,0,0,,,,,,,,,
433605,2010/11,2011-03-30,"Punjab Cricket Association Stadium, Mohali",2,48.2,Pakistan,India,Misbah-ul-Haq,Saeed Ajmal,MM Patel,6,0,,,,,,,,,
433605,2010/11,2011-03-30,"Punjab Cricket Association Stadium, Mohali",2,48.3,Pakistan,India,Misbah-ul-Haq,Saeed Ajmal,MM Patel,0,0,,,,,,,,,
433605,2010/11,2011-03-30,"Punjab Cricket Association Stadium, Mohali",2,48.4,Pakistan,India,Misbah-ul-Haq,Saeed Ajmal,MM Patel,0,0,,,,,,,,,
433605,2010/11,2011-03-30,"Punjab Cricket Association Stadium, Mohali",2,48.5,Pakistan,India,Misbah-ul-Haq,Saeed Ajmal,MM Patel,1,0,,,,,,,,,
433605,2010/11,2011-03-30,"Punjab Cricket Association Stadium, Mohali",2,48.6,Pakistan,India,Saeed Ajmal,Misbah-ul-Haq,MM Patel,0,0,,,,,,,,,
433605,2010/11,2011-03-30,"Punjab Cricket Association Stadium, Mohali",2,49.1,Pakistan,India,Misbah-ul-Haq,Saeed Ajmal,Z Khan,0,0,,,,,,,,,
433605,2010/11,2011-03-30,"Punjab Cricket Association Stadium, Mohali",2,49.2,Pakistan,India,Misbah-ul-Haq,Saeed Ajmal,Z Khan,0,0,,,,,,,,,
433605,2010/11,2011-03-30,"Punjab Cricket Association Stadium, Mohali",2,49.3,Pakistan,India,Misbah-ul-Haq,Saeed Ajmal,Z Khan,0,0,,,,,,,,,
433605,2010/11,2011-03-30,"Punjab Cricket Association Stadium, Mohali",2,49.4,Pakistan,India,Misbah-ul-Haq,Saeed Ajmal,Z Khan,0,0,,,,,,,,,
433605,2010/11,2011-03-30,"Punjab Cricket Association Stadium, Mohali",2,49.5,Pakistan,India,Misbah-ul-Haq,Saeed Ajmal,Z Khan,0,0,,,,,,caught,Misbah-ul-Haq,,
