match_id,season,start_date,venue,innings,ball,batting_team,bowling_team,striker,non_striker,bowler,runs_off_bat,extras,wides,noballs,byes,legbyes,penalty,wicket_type,player_dismissed,other_wicket_type,other_player_dismissed
65249,2002/03,2003-02-18,"Willowmoore Park, Benoni",1,0.1,West Indies,Bangladesh,WW Hinds,CH Gayle,Manjural Islam,0,0,,,,,,,,,
65249,2002/03,2003-02-18,"Willowmoore Park, Benoni",1,0.2,West Indies,Bangladesh,WW Hinds,CH Gayle,Manjural Islam,0,0,,,,,,,,,
65249,2002/03,2003-02-18,"Willowmoore Park, Benoni",1,0.3,West Indies,Bangladesh,WW Hinds,CH Gayle,Manjural Islam,0,0,,,,,,,,,
65249,2002/03,2003-02-18,"Willowmoore Park, Benoni",1,0.4,West Indies,Bangladesh,WW Hinds,CH Gayle,Manjural Islam,0,0,,,,,,,,,
65249,2002/03,2003-02-18,"Willowmoore Park, Benoni",1,0.5,West Indies,Bangladesh,WW Hinds,CH Gayle,Manjural Islam,0,0,,,,,,,,,
65249,2002/03,2003-02-18,"Willowmoore Park, Benoni",1,0.6,West Indies,Bangladesh,WW Hinds,CH Gayle,Manjural Islam,0,1,1,,,,,,,,
65249,2002/03,2003-02-18,"Willowmoore Park, Benoni",1,0.7,West Indies,Bangladesh,WW Hinds,CH Gayle,Manjural Islam,0,3,3,,,,,,,,
65249,2002/03,2003-02-18,"Willowmoore Park, Benoni",1,0.8,West Indies,Bangladesh,WW Hinds,CH Gayle,Manjural Islam,0,0,,,,,,,,,
65249,2002/03,2003-02-18,"Willowmoore Park, Benoni",1,1.1,West Indies,Bangladesh,CH Gayle,WW Hinds,Talha Jubair,0,2,2,,,,,,,,
65249,2002/03,2003-02-18,"Willowmoore Park, Benoni",1,1.2,West Indies,Bangladesh,WW Hinds,CH Gayle,Talha Jubair,0,1,,1,,,,,,,
65249,2002/03,2003-02-18,"Willowmoore Park, Benoni",1,1.3,West Indies,Bangladesh,WW Hinds,CH Gayle,Talha Jubair,0,1,,1,,,,,,,
65249,2002/03,2003-02-18,"Willowmoore Park, Benoni",1,1.4,West Indies,Bangladesh,WW Hinds,CH Gayle,Talha Jubair,0,1,1,,,,,,,,
65249,2002/03,2003-02-18,"Willowmoore Park, Benoni",1,1.5,West Indies,Bangladesh,WW Hinds,CH Gayle,Talha Jubair,0,0,,,,,,,,,
65249,2002/03,2003-02-18,"Willowmoore Park, Benoni",1,1.6,West Indies,Bangladesh,WW Hinds,CH Gayle,Talha Jubair,0,0,,,,,,,,,
65249,2002/03,2003-02-18,"Willowmoore Park, Benoni",1,1.7,West Indies,Bangladesh,WW Hinds,CH Gayle,Talha Jubair,1,0,,,,,,,,,
65249,2002/03,2003-02-18,"Willowmoore Park, Benoni",1,1.8,West Indies,Bangladesh,CH Gayle,WW Hinds,Talha Jubair,0,0,,,,,,,,,
65249,2002/03,2003-02-18,"Willowmoore Park, Benoni",1,1.9,West Indies,Bangladesh,CH Gayle,WW Hinds,Talha Jubair,0,0,,,,,,,,,
65249,2002/03,2003-02-18,"Willowmoore Park, Benoni",1,1.10,West Indies,Bangladesh,CH Gayle,WW Hinds,Talha Jubair,0,0,,,,,,,,,
65249,2002/03,2003-02-18,"Willowmoore Park, Benoni",1,2.1,West Indies,Bangladesh,WW Hinds,CH Gayle,Manjural Islam,0,0,,,,,,,,,
65249,2002/03,2003-02-18,"Willowmoore Park, Benoni",1,2.2,West Indies,Bangladesh,WW Hinds,CH Gayle,Manjural Islam,0,0,,,,,,,,,
65249,2002/03,2003-02-18,"Willowmoore Park, Benoni",1,2.3,West Indies,Bangladesh,WW Hinds,CH Gayle,Manjural Islam,0,0,,,,,,,,,
65249,2002/03,2003-02-18,"Willowmoore Park, Benoni",1,2.4,West Indies,Bangladesh,WW Hinds,CH Gayle,Manjural Islam,0,0,,,,,,,,,
65249,2002/03,2003-02-18,"Willowmoore Park, Benoni",1,2.5,West Indies,Bangladesh,WW Hinds,CH Gayle,Manjural Islam,1,0,,,,,,,,,
65249,2002/03,2003-02-18,"Willowmoore Park, Benoni",1,2.6,West Indies,Bangladesh,CH Gayle,WW Hinds,Manjural Islam,0,0,,,,,,,,,
65249,2002/03,2003-02-18,"Willowmoore Park, Benoni",1,3.1,West Indies,Bangladesh,WW Hinds,CH Gayle,Talha Jubair,0,1,1,,,,,,,,
65249,2002/03,2003-02-18,"Willowmoore Park, Benoni",1,3.2,West Indies,Bangladesh,WW Hinds,CH Gayle,Talha Jubair,0,2,,,,2,,,,,
65249,2002/03,2003-02-18,"Willowmoore Park, Benoni",1,3.3,West Indies,Bangladesh,WW Hinds,CH Gayle,Talha Jubair,0,0,,,,,,,,,
65249,2002/03,2003-02-18,"Willowmoore Park, Benoni",1,3.4,West Indies,Bangladesh,WW Hinds,CH Gayle,Talha Jubair,4,0,,,,,,,,,
65249,2002/03,2003-02-18,"Willowmoore Park, Benoni",1,3.5,West Indies,Bangladesh,WW Hinds,CH Gayle,Talha Jubair,0,1,1,,,,,,,,
65249,2002/03,2003-02-18,"Willowmoore Park, Benoni",1,3.6,West Indies,Bangladesh,WW Hinds,CH Gayle,Talha Jubair,0,0,,,,,,,,,
65249,2002/03,2003-02-18,"Willowmoore Park, Benoni",1,3.7,West Indies,Bangladesh,WW Hinds,CH Gayle,Talha Jubair,0,0,,,,,,,,,
65249,2002/03,2003-02-18,"Willowmoore Park, Benoni",1,3.8,West Indies,Bangladesh,WW Hinds,CH Gayle,Talha Jubair,0,0,,,,,,,,,
65249,2002/03,2003-02-18,"Willowmoore Park, Benoni",1,4.1,West Indies,Bangladesh,CH Gayle,WW Hinds,Manjural Islam,0,0,,,,,,caught,CH Gayle,,
65249,2002/03,2003-02-18,"Willowmoore Park, Benoni",1,4.2,West Indies,Bangladesh,BC Lara,WW Hinds,Manjural Islam,0,0,,,,,,,,,
65249,2002/03,2003-02-18,"Willowmoore Park, Benoni",1,4.3,West Indies,Bangladesh,BC Lara,WW Hinds,Manjural Islam,0,0,,,,,,,,,
65249,2002/03,2003-02-18,"Willowmoore Park, Benoni",1,4.4,West Indies,Bangladesh,BC Lara,WW Hinds,Manjural Islam,0,0,,,,,,,,,
65249,2002/03,2003-02-18,"Willowmoore Park, Benoni",1,4.5,West Indies,Bangladesh,BC Lara,WW Hinds,Manjural Islam,4,0,,,,,,,,,
65249,2002/03,2003-02-18,"Willowmoore Park, Benoni",1,4.6,West Indies,Bangladesh,BC Lara,WW Hinds,Manjural Islam,0,0,,,,,,,,,
65249,2002/03,2003-02-18,"Willowmoore Park, Benoni",1,5.1,West Indies,Bangladesh,WW Hinds,BC Lara,Khaled Mahmud,0,1,,1,,,,,,,
65249,2002/03,2003-02-18,"Willowmoore Park, Benoni",1,5.2,West Indies,Bangladesh,WW Hinds,BC Lara,Khaled Mahmud,0,0,,,,,,,,,
65249,2002/03,2003-02-18,"Willowmoore Park, Benoni",1,5.3,West Indies,Bangladesh,WW Hinds,BC Lara,Khaled Mahmud,4,0,,,,,,,,,
65249,2002/03,2003-02-18,"Willowmoore Park, Benoni",1,5.4,West Indies,Bangladesh,WW Hinds,BC Lara,Khaled Mahmud,0,0,,,,,,,,,
65249,2002/03,2003-02-18,"Willowmoore Park, Benoni",1,5.5,West Indies,Bangladesh,WW Hinds,BC Lara,Khaled Mahmud,1,0,,,,,,,,,
65249,2002/03,2003-02-18,"Willowmoore Park, Benoni",1,5.6,West Indies,Bangladesh,BC Lara,WW Hinds,Khaled Mahmud,0,0,,,,,,,,,
65249,2002/03,2003-02-18,"Willowmoore Park, Benoni",1,5.7,West Indies,Bangladesh,BC Lara,WW Hinds,Khaled Mahmud,0,0,,,,,,,,,
65249,2002/03,2003-02-18,"Willowmoore Park, Benoni",1,6.1,West Indies,Bangladesh,WW Hinds,BC Lara,Manjural Islam,0,0,,,,,,,,,
65249,2002/03,2003-02-18,"Willowmoore Park, Benoni",1,6.2,West Indies,Bangladesh,WW Hinds,BC Lara,Manjural Islam,0,0,,,,,,,,,
65249,2002/03,2003-02-18,"Willowmoore Park, Benoni",1,6.3,West Indies,Bangladesh,WW Hinds,BC Lara,Manjural Islam,0,0,,,,,,,,,
65249,2002/03,2003-02-18,"Willowmoore Park, Benoni",1,6.4,West Indies,Bangladesh,WW Hinds,BC Lara,Manjural Islam,0,0,,,,,,,,,
65249,2002/03,2003-02-18,"Willowmoore Park, Benoni",1,6.5,West Indies,Bangladesh,WW Hinds,BC Lara,Manjural Islam,2,0,,,,,,,,,
65249,2002/03,2003-02-18,"Willowmoore Park, Benoni",1,6.6,West Indies,Bangladesh,WW Hinds,BC Lara,Manjural Islam,0,0,,,,,,,,,
65249,2002/03,2003-02-18,"Willowmoore Park, Benoni",1,7.1,West Indies,Bangladesh,BC Lara,WW Hinds,Khaled Mahmud,0,0,,,,,,,,,
65249,2002/03,2003-02-18,"Willowmoore Park, Benoni",1,7.2,West Indies,Bangladesh,BC Lara,WW Hinds,Khaled Mahmud,0,0,,,,,,,,,
65249,2002/03,2003-02-18,"Willowmoore Park, Benoni",1,7.3,West Indies,Bangladesh,BC Lara,WW Hinds,Khaled Mahmud,0,0,,,,,,,,,
65249,2002/03,2003-02-18,"Willowmoore Park, Benoni",1,7.4,West Indies,Bangladesh,BC Lara,WW Hinds,Khaled Mahmud,0,0,,,,,,,,,
65249,2002/03,2003-02-18,"Willowmoore Park, Benoni",1,7.5,West Indies,Bangladesh,BC Lara,WW Hinds,Khaled Mahmud,0,0,,,,,,,,,
65249,2002/03,2003-02-18,"Willowmoore Park, Benoni",1,7.6,West Indies,Bangladesh,BC Lara,WW Hinds,Khaled Mahmud,0,0,,,,,,,,,
65249,2002/03,2003-02-18,"Willowmoore Park, Benoni",1,8.1,West Indies,Bangladesh,WW Hinds,BC Lara,Manjural Islam,4,0,,,,,,,,,
65249,2002/03,2003-02-18,"Willowmoore Park, Benoni",1,8.2,West Indies,Bangladesh,WW Hinds,BC Lara,Manjural Islam,0,0,,,,,,,,,
65249,2002/03,2003-02-18,"Willowmoore Park, Benoni",1,8.3,West Indies,Bangladesh,WW Hinds,BC Lara,Manjural Islam,1,0,,,,,,,,,
65249,2002/03,2003-02-18,"Willowmoore Park, Benoni",1,8.4,West Indies,Bangladesh,BC Lara,WW Hinds,Manjural Islam,4,0,,,,,,,,,
65249,2002/03,2003-02-18,"Willowmoore Park, Benoni",1,8.5,West Indies,Bangladesh,BC Lara,WW Hinds,Manjural Islam,0,0,,,,,,,,,
65249,2002/03,2003-02-18,"Willowmoore Park, Benoni",1,8.6,West Indies,Bangladesh,BC Lara,WW Hinds,Manjural Islam,0,0,,,,,,,,,
65249,2002/03,2003-02-18,"Willowmoore Park, Benoni",1,9.1,West Indies,Bangladesh,WW Hinds,BC Lara,Khaled Mahmud,0,0,,,,,,,,,
65249,2002/03,2003-02-18,"Willowmoore Park, Benoni",1,9.2,West Indies,Bangladesh,WW Hinds,BC Lara,Khaled Mahmud,0,0,,,,,,,,,
65249,2002/03,2003-02-18,"Willowmoore Park, Benoni",1,9.3,West Indies,Bangladesh,WW Hinds,BC Lara,Khaled Mahmud,0,0,,,,,,caught,WW Hinds,,
65249,2002/03,2003-02-18,"Willowmoore Park, Benoni",1,9.4,West Indies,Bangladesh,S Chanderpaul,BC Lara,Khaled Mahmud,0,0,,,,,,,,,
65249,2002/03,2003-02-18,"Willowmoore Park, Benoni",1,9.5,West Indies,Bangladesh,S Chanderpaul,BC Lara,Khaled Mahmud,0,0,,,,,,,,,
65249,2002/03,2003-02-18,"Willowmoore Park, Benoni",1,9.6,West Indies,Bangladesh,S Chanderpaul,BC Lara,Khaled Mahmud,1,0,,,,,,,,,
65249,2002/03,2003-02-18,"Willowmoore Park, Benoni",1,10.1,West Indies,Bangladesh,S Chanderpaul,BC Lara,Manjural Islam,0,1,1,,,,,,,,
65249,2002/03,2003-02-18,"Willowmoore Park, Benoni",1,10.2,West Indies,Bangladesh,S Chanderpaul,BC Lara,Manjural Islam,0,0,,,,,,,,,
65249,2002/03,2003-02-18,"Willowmoore Park, Benoni",1,10.3,West Indies,Bangladesh,S Chanderpaul,BC Lara,Manjural Islam,0,0,,,,,,,,,
65249,2002/03,2003-02-18,"Willowmoore Park, Benoni",1,10.4,West Indies,Bangladesh,S Chanderpaul,BC Lara,Manjural Islam,0,1,1,,,,,,,,
65249,2002/03,2003-02-18,"Willowmoore Park, Benoni",1,10.5,West Indies,Bangladesh,S Chanderpaul,BC Lara,Manjural Islam,0,0,,,,,,,,,
65249,2002/03,2003-02-18,"Willowmoore Park, Benoni",1,10.6,West Indies,Bangladesh,S Chanderpaul,BC Lara,Manjural Islam,0,0,,,,,,,,,
65249,2002/03,2003-02-18,"Willowmoore Park, Benoni",1,10.7,West Indies,Bangladesh,S Chanderpaul,BC Lara,Manjural Islam,1,0,,,,,,,,,
65249,2002/03,2003-02-18,"Willowmoore Park, Benoni",1,10.8,West Indies,Bangladesh,BC Lara,S Chanderpaul,Manjural Islam,0,0,,,,,,,,,
65249,2002/03,2003-02-18,"Willowmoore Park, Benoni",1,11.1,West Indies,Bangladesh,S Chanderpaul,BC Lara,Khaled Mahmud,4,0,,,,,,,,,
65249,2002/03,2003-02-18,"Willowmoore Park, Benoni",1,11.2,West Indies,Bangladesh,S Chanderpaul,BC Lara,Khaled Mahmud,1,0,,,,,,,,,
65249,2002/03,2003-02-18,"Willowmoore Park, Benoni",1,11.3,West Indies,Bangladesh,BC Lara,S Chanderpaul,Khaled Mahmud,0,0,,,,,,,,,
65249,2002/03,2003-02-18,"Willowmoore Park, Benoni",1,11.4,West Indies,Bangladesh,BC Lara,S Chanderpaul,Khaled Mahmud,0,0,,,,,,,,,
65249,2002/03,2003-02-18,"Willowmoore Park, Benoni",1,11.5,West Indies,Bangladesh,BC Lara,S Chanderpaul,Khaled Mahmud,0,0,,,,,,,,,
65249,2002/03,2003-02-18,"Willowmoore Park, Benoni",1,11.6,West Indies,Bangladesh,BC Lara,S Chanderpaul,Khaled Mahmud,0,0,,,,,,,,,
65249,2002/03,2003-02-18,"Willowmoore Park, Benoni",1,12.1,West Indies,Bangladesh,S Chanderpaul,BC Lara,Manjural Islam,0,0,,,,,,,,,
65249,2002/03,2003-02-18,"Willowmoore Park, Benoni",1,12.2,West Indies,Bangladesh,S Chanderpaul,BC Lara,Manjural Islam,0,0,,,,,,,,,
65249,2002/03,2003-02-18,"Willowmoore Park, Benoni",1,12.3,West Indies,Bangladesh,S Chanderpaul,BC Lara,Manjural Islam,0,0,,,,,,,,,
65249,2002/03,2003-02-18,"Willowmoore Park, Benoni",1,12.4,West Indies,Bangladesh,S Chanderpaul,BC Lara,Manjural Islam,0,0,,,,,,,,,
65249,2002/03,2003-02-18,"Willowmoore Park, Benoni",1,12.5,West Indies,Bangladesh,S Chanderpaul,BC Lara,Manjural Islam,1,0,,,,,,,,,
65249,2002/03,2003-02-18,"Willowmoore Park, Benoni",1,12.6,West Indies,Bangladesh,BC Lara,S Chanderpaul,Manjural Islam,0,0,,,,,,,,,
65249,2002/03,2003-02-18,"Willowmoore Park, Benoni",1,13.1,West Indies,Bangladesh,S Chanderpaul,BC Lara,Khaled Mahmud,4,0,,,,,,,,,
65249,2002/03,2003-02-18,"Willowmoore Park, Benoni",1,13.2,West Indies,Bangladesh,S Chanderpaul,BC Lara,Khaled Mahmud,1,0,,,,,,,,,
65249,2002/03,2003-02-18,"Willowmoore Park, Benoni",1,13.3,West Indies,Bangladesh,BC Lara,S Chanderpaul,Khaled Mahmud,0,0,,,,,,,,,
65249,2002/03,2003-02-18,"Willowmoore Park, Benoni",1,13.4,West Indies,Bangladesh,BC Lara,S Chanderpaul,Khaled Mahmud,1,0,,,,,,,,,
65249,2002/03,2003-02-18,"Willowmoore Park, Benoni",1,13.5,West Indies,Bangladesh,S Chanderpaul,BC Lara,Khaled Mahmud,0,0,,,,,,,,,
65249,2002/03,2003-02-18,"Willowmoore Park, Benoni",1,13.6,West Indies,Bangladesh,S Chanderpaul,BC Lara,Khaled Mahmud,0,0,,,,,,,,,
65249,2002/03,2003-02-18,"Willowmoore Park, Benoni",1,14.1,West Indies,Bangladesh,BC Lara,S Chanderpaul,Talha Jubair,0,0,,,,,,,,,
65249,2002/03,2003-02-18,"Willowmoore Park, Benoni",1,14.2,West Indies,Bangladesh,BC Lara,S Chanderpaul,Talha Jubair,0,0,,,,,,,,,
65249,2002/03,2003-02-18,"Willowmoore Park, Benoni",1,14.3,West Indies,Bangladesh,BC Lara,S Chanderpaul,Talha Jubair,1,0,,,,,,,,,
65249,2002/03,2003-02-18,"Willowmoore Park, Benoni",1,14.4,West Indies,Bangladesh,S Chanderpaul,BC Lara,Talha Jubair,4,0,,,,,,,,,
65249,2002/03,2003-02-18,"Willowmoore Park, Benoni",1,14.5,West Indies,Bangladesh,S Chanderpaul,BC Lara,Talha Jubair,0,0,,,,,,,,,
65249,2002/03,2003-02-18,"Willowmoore Park, Benoni",1,14.6,West Indies,Bangladesh,S Chanderpaul,BC Lara,Talha Jubair,0,0,,,,,,,,,
65249,2002/03,2003-02-18,"Willowmoore Park, Benoni",1,15.1,West Indies,Bangladesh,BC Lara,S Chanderpaul,Khaled Mahmud,1,0,,,,,,,,,
65249,2002/03,2003-02-18,"Willowmoore Park, Benoni",1,15.2,West Indies,Bangladesh,S Chanderpaul,BC Lara,Khaled Mahmud,0,0,,,,,,,,,
65249,2002/03,2003-02-18,"Willowmoore Park, Benoni",1,15.3,West Indies,Bangladesh,S Chanderpaul,BC Lara,Khaled Mahmud,1,0,,,,,,,,,
65249,2002/03,2003-02-18,"Willowmoore Park, Benoni",1,15.4,West Indies,Bangladesh,BC Lara,S Chanderpaul,Khaled Mahmud,4,0,,,,,,,,,
65249,2002/03,2003-02-18,"Willowmoore Park, Benoni",1,15.5,West Indies,Bangladesh,BC Lara,S Chanderpaul,Khaled Mahmud,1,0,,,,,,,,,
65249,2002/03,2003-02-18,"Willowmoore Park, Benoni",1,15.6,West Indies,Bangladesh,S Chanderpaul,BC Lara,Khaled Mahmud,0,0,,,,,,,,,
65249,2002/03,2003-02-18,"Willowmoore Park, Benoni",1,16.1,West Indies,Bangladesh,BC Lara,S Chanderpaul,Talha Jubair,1,0,,,,,,,,,
65249,2002/03,2003-02-18,"Willowmoore Park, Benoni",1,16.2,West Indies,Bangladesh,S Chanderpaul,BC Lara,Talha Jubair,1,0,,,,,,,,,
65249,2002/03,2003-02-18,"Willowmoore Park, Benoni",1,16.3,West Indies,Bangladesh,BC Lara,S Chanderpaul,Talha Jubair,0,0,,,,,,,,,
65249,2002/03,2003-02-18,"Willowmoore Park, Benoni",1,16.4,West Indies,Bangladesh,BC Lara,S Chanderpaul,Talha Jubair,1,0,,,,,,,,,
65249,2002/03,2003-02-18,"Willowmoore Park, Benoni",1,16.5,West Indies,Bangladesh,S Chanderpaul,BC Lara,Talha Jubair,0,0,,,,,,,,,
65249,2002/03,2003-02-18,"Willowmoore Park, Benoni",1,16.6,West Indies,Bangladesh,S Chanderpaul,BC Lara,Talha Jubair,1,0,,,,,,,,,
65249,2002/03,2003-02-18,"Willowmoore Park, Benoni",1,17.1,West Indies,Bangladesh,S Chanderpaul,BC Lara,Ehsanul Haque,1,0,,,,,,,,,
65249,2002/03,2003-02-18,"Willowmoore Park, Benoni",1,17.2,West Indies,Bangladesh,BC Lara,S Chanderpaul,Ehsanul Haque,1,0,,,,,,,,,
65249,2002/03,2003-02-18,"Willowmoore Park, Benoni",1,17.3,West Indies,Bangladesh,S Chanderpaul,BC Lara,Ehsanul Haque,0,0,,,,,,,,,
65249,2002/03,2003-02-18,"Willowmoore Park, Benoni",1,17.4,West Indies,Bangladesh,S Chanderpaul,BC Lara,Ehsanul Haque,1,0,,,,,,,,,
65249,2002/03,2003-02-18,"Willowmoore Park, Benoni",1,17.5,West Indies,Bangladesh,BC Lara,S Chanderpaul,Ehsanul Haque,1,0,,,,,,,,,
65249,2002/03,2003-02-18,"Willowmoore Park, Benoni",1,17.6,West Indies,Bangladesh,S Chanderpaul,BC Lara,Ehsanul Haque,0,0,,,,,,,,,
65249,2002/03,2003-02-18,"Willowmoore Park, Benoni",1,18.1,West Indies,Bangladesh,BC Lara,S Chanderpaul,Talha Jubair,0,0,,,,,,,,,
65249,2002/03,2003-02-18,"Willowmoore Park, Benoni",1,18.2,West Indies,Bangladesh,BC Lara,S Chanderpaul,Talha Jubair,0,0,,,,,,,,,
65249,2002/03,2003-02-18,"Willowmoore Park, Benoni",1,18.3,West Indies,Bangladesh,BC Lara,S Chanderpaul,Talha Jubair,0,0,,,,,,,,,
65249,2002/03,2003-02-18,"Willowmoore Park, Benoni",1,18.4,West Indies,Bangladesh,BC Lara,S Chanderpaul,Talha Jubair,0,0,,,,,,,,,
65249,2002/03,2003-02-18,"Willowmoore Park, Benoni",1,18.5,West Indies,Bangladesh,BC Lara,S Chanderpaul,Talha Jubair,1,0,,,,,,,,,
65249,2002/03,2003-02-18,"Willowmoore Park, Benoni",1,18.6,West Indies,Bangladesh,S Chanderpaul,BC Lara,Talha Jubair,0,0,,,,,,,,,
65249,2002/03,2003-02-18,"Willowmoore Park, Benoni",1,19.1,West Indies,Bangladesh,BC Lara,S Chanderpaul,Ehsanul Haque,0,1,,,,1,,,,,
65249,2002/03,2003-02-18,"Willowmoore Park, Benoni",1,19.2,West Indies,Bangladesh,S Chanderpaul,BC Lara,Ehsanul Haque,1,0,,,,,,,,,
65249,2002/03,2003-02-18,"Willowmoore Park, Benoni",1,19.3,West Indies,Bangladesh,BC Lara,S Chanderpaul,Ehsanul Haque,1,0,,,,,,,,,
65249,2002/03,2003-02-18,"Willowmoore Park, Benoni",1,19.4,West Indies,Bangladesh,S Chanderpaul,BC Lara,Ehsanul Haque,0,0,,,,,,,,,
65249,2002/03,2003-02-18,"Willowmoore Park, Benoni",1,19.5,West Indies,Bangladesh,S Chanderpaul,BC Lara,Ehsanul Haque,1,0,,,,,,,,,
65249,2002/03,2003-02-18,"Willowmoore Park, Benoni",1,19.6,West Indies,Bangladesh,BC Lara,S Chanderpaul,Ehsanul Haque,2,0,,,,,,,,,
65249,2002/03,2003-02-18,"Willowmoore Park, Benoni",1,20.1,West Indies,Bangladesh,S Chanderpaul,BC Lara,Talha Jubair,0,0,,,,,,,,,
65249,2002/03,2003-02-18,"Willowmoore Park, Benoni",1,20.2,West Indies,Bangladesh,S Chanderpaul,BC Lara,Talha Jubair,1,0,,,,,,,,,
65249,2002/03,2003-02-18,"Willowmoore Park, Benoni",1,20.3,West Indies,Bangladesh,BC Lara,S Chanderpaul,Talha Jubair,0,1,1,,,,,,,,
65249,2002/03,2003-02-18,"Willowmoore Park, Benoni",1,20.4,West Indies,Bangladesh,BC Lara,S Chanderpaul,Talha Jubair,1,0,,,,,,,,,
65249,2002/03,2003-02-18,"Willowmoore Park, Benoni",1,20.5,West Indies,Bangladesh,S Chanderpaul,BC Lara,Talha Jubair,0,0,,,,,,,,,
65249,2002/03,2003-02-18,"Willowmoore Park, Benoni",1,20.6,West Indies,Bangladesh,S Chanderpaul,BC Lara,Talha Jubair,1,0,,,,,,,,,
65249,2002/03,2003-02-18,"Willowmoore Park, Benoni",1,20.7,West Indies,Bangladesh,BC Lara,S Chanderpaul,Talha Jubair,0,0,,,,,,,,,
65249,2002/03,2003-02-18,"Willowmoore Park, Benoni",1,21.1,West Indies,Bangladesh,S Chanderpaul,BC Lara,Ehsanul Haque,0,0,,,,,,,,,
65249,2002/03,2003-02-18,"Willowmoore Park, Benoni",1,21.2,West Indies,Bangladesh,S Chanderpaul,BC Lara,Ehsanul Haque,0,0,,,,,,,,,
65249,2002/03,2003-02-18,"Willowmoore Park, Benoni",1,21.3,West Indies,Bangladesh,S Chanderpaul,BC Lara,Ehsanul Haque,1,0,,,,,,,,,
65249,2002/03,2003-02-18,"Willowmoore Park, Benoni",1,21.4,West Indies,Bangladesh,BC Lara,S Chanderpaul,Ehsanul Haque,0,0,,,,,,,,,
65249,2002/03,2003-02-18,"Willowmoore Park, Benoni",1,21.5,West Indies,Bangladesh,BC Lara,S Chanderpaul,Ehsanul Haque,4,0,,,,,,,,,
65249,2002/03,2003-02-18,"Willowmoore Park, Benoni",1,21.6,West Indies,Bangladesh,BC Lara,S Chanderpaul,Ehsanul Haque,0,1,,,,1,,,,,
65249,2002/03,2003-02-18,"Willowmoore Park, Benoni",1,22.1,West Indies,Bangladesh,BC Lara,S Chanderpaul,Talha Jubair,0,0,,,,,,,,,
65249,2002/03,2003-02-18,"Willowmoore Park, Benoni",1,22.2,West Indies,Bangladesh,BC Lara,S Chanderpaul,Talha Jubair,0,1,,1,,,,,,,
65249,2002/03,2003-02-18,"Willowmoore Park, Benoni",1,22.3,West Indies,Bangladesh,BC Lara,S Chanderpaul,Talha Jubair,0,0,,,,,,,,,
65249,2002/03,2003-02-18,"Willowmoore Park, Benoni",1,22.4,West Indies,Bangladesh,BC Lara,S Chanderpaul,Talha Jubair,0,0,,,,,,,,,
65249,2002/03,2003-02-18,"Willowmoore Park, Benoni",1,22.5,West Indies,Bangladesh,BC Lara,S Chanderpaul,Talha Jubair,0,1,,,,1,,,,,
65249,2002/03,2003-02-18,"Willowmoore Park, Benoni",1,22.6,West Indies,Bangladesh,S Chanderpaul,BC Lara,Talha Jubair,0,0,,,,,,,,,
65249,2002/03,2003-02-18,"Willowmoore Park, Benoni",1,22.7,West Indies,Bangladesh,S Chanderpaul,BC Lara,Talha Jubair,0,0,,,,,,,,,
65249,2002/03,2003-02-18,"Willowmoore Park, Benoni",1,23.1,West Indies,Bangladesh,BC Lara,S Chanderpaul,Ehsanul Haque,1,0,,,,,,,,,
65249,2002/03,2003-02-18,"Willowmoore Park, Benoni",1,23.2,West Indies,Bangladesh,S Chanderpaul,BC Lara,Ehsanul Haque,1,0,,,,,,,,,
65249,2002/03,2003-02-18,"Willowmoore Park, Benoni",1,23.3,West Indies,Bangladesh,BC Lara,S Chanderpaul,Ehsanul Haque,2,0,,,,,,,,,
65249,2002/03,2003-02-18,"Willowmoore Park, Benoni",1,23.4,West Indies,Bangladesh,BC Lara,S Chanderpaul,Ehsanul Haque,1,0,,,,,,,,,
65249,2002/03,2003-02-18,"Willowmoore Park, Benoni",1,23.5,West Indies,Bangladesh,S Chanderpaul,BC Lara,Ehsanul Haque,0,0,,,,,,,,,
65249,2002/03,2003-02-18,"Willowmoore Park, Benoni",1,23.6,West Indies,Bangladesh,S Chanderpaul,BC Lara,Ehsanul Haque,0,0,,,,,,,,,
65249,2002/03,2003-02-18,"Willowmoore Park, Benoni",1,24.1,West Indies,Bangladesh,BC Lara,S Chanderpaul,Mohammad Rafique,0,0,,,,,,,,,
65249,2002/03,2003-02-18,"Willowmoore Park, Benoni",1,24.2,West Indies,Bangladesh,BC Lara,S Chanderpaul,Mohammad Rafique,1,0,,,,,,,,,
65249,2002/03,2003-02-18,"Willowmoore Park, Benoni",1,24.3,West Indies,Bangladesh,S Chanderpaul,BC Lara,Mohammad Rafique,1,0,,,,,,,,,
65249,2002/03,2003-02-18,"Willowmoore Park, Benoni",1,24.4,West Indies,Bangladesh,BC Lara,S Chanderpaul,Mohammad Rafique,4,0,,,,,,,,,
65249,2002/03,2003-02-18,"Willowmoore Park, Benoni",1,24.5,West Indies,Bangladesh,BC Lara,S Chanderpaul,Mohammad Rafique,2,0,,,,,,,,,
65249,2002/03,2003-02-18,"Willowmoore Park, Benoni",1,24.6,West Indies,Bangladesh,BC Lara,S Chanderpaul,Mohammad Rafique,0,0,,,,,,,,,
65249,2002/03,2003-02-18,"Willowmoore Park, Benoni",1,25.1,West Indies,Bangladesh,S Chanderpaul,BC Lara,Ehsanul Haque,0,0,,,,,,,,,
65249,2002/03,2003-02-18,"Willowmoore Park, Benoni",1,25.2,West Indies,Bangladesh,S Chanderpaul,BC Lara,Ehsanul Haque,0,0,,,,,,,,,
65249,2002/03,2003-02-18,"Willowmoore Park, Benoni",1,25.3,West Indies,Bangladesh,S Chanderpaul,BC Lara,Ehsanul Haque,0,0,,,,,,,,,
65249,2002/03,2003-02-18,"Willowmoore Park, Benoni",1,25.4,West Indies,Bangladesh,S Chanderpaul,BC Lara,Ehsanul Haque,0,0,,,,,,lbw,S Chanderpaul,,
65249,2002/03,2003-02-18,"Willowmoore Park, Benoni",1,25.5,West Indies,Bangladesh,CL Hooper,BC Lara,Ehsanul Haque,1,0,,,,,,,,,
65249,2002/03,2003-02-18,"Willowmoore Park, Benoni",1,25.6,West Indies,Bangladesh,BC Lara,CL Hooper,Ehsanul Haque,0,0,,,,,,,,,
65249,2002/03,2003-02-18,"Willowmoore Park, Benoni",1,26.1,West Indies,Bangladesh,CL Hooper,BC Lara,Mohammad Rafique,0,0,,,,,,,,,
65249,2002/03,2003-02-18,"Willowmoore Park, Benoni",1,26.2,West Indies,Bangladesh,CL Hooper,BC Lara,Mohammad Rafique,0,0,,,,,,,,,
65249,2002/03,2003-02-18,"Willowmoore Park, Benoni",1,26.3,West Indies,Bangladesh,CL Hooper,BC Lara,Mohammad Rafique,1,0,,,,,,,,,
65249,2002/03,2003-02-18,"Willowmoore Park, Benoni",1,26.4,West Indies,Bangladesh,BC Lara,CL Hooper,Mohammad Rafique,0,0,,,,,,,,,
65249,2002/03,2003-02-18,"Willowmoore Park, Benoni",1,26.5,West Indies,Bangladesh,BC Lara,CL Hooper,Mohammad Rafique,0,0,,,,,,,,,
65249,2002/03,2003-02-18,"Willowmoore Park, Benoni",1,26.6,West Indies,Bangladesh,BC Lara,CL Hooper,Mohammad Rafique,0,0,,,,,,,,,
65249,2002/03,2003-02-18,"Willowmoore Park, Benoni",1,27.1,West Indies,Bangladesh,CL Hooper,BC Lara,Ehsanul Haque,0,0,,,,,,,,,
65249,2002/03,2003-02-18,"Willowmoore Park, Benoni",1,27.2,West Indies,Bangladesh,CL Hooper,BC Lara,Ehsanul Haque,1,0,,,,,,,,,
65249,2002/03,2003-02-18,"Willowmoore Park, Benoni",1,27.3,West Indies,Bangladesh,BC Lara,CL Hooper,Ehsanul Haque,1,0,,,,,,,,,
65249,2002/03,2003-02-18,"Willowmoore Park, Benoni",1,27.4,West Indies,Bangladesh,CL Hooper,BC Lara,Ehsanul Haque,0,0,,,,,,,,,
65249,2002/03,2003-02-18,"Willowmoore Park, Benoni",1,27.5,West Indies,Bangladesh,CL Hooper,BC Lara,Ehsanul Haque,0,0,,,,,,,,,
65249,2002/03,2003-02-18,"Willowmoore Park, Benoni",1,27.6,West Indies,Bangladesh,CL Hooper,BC Lara,Ehsanul Haque,1,0,,,,,,,,,
65249,2002/03,2003-02-18,"Willowmoore Park, Benoni",1,28.1,West Indies,Bangladesh,CL Hooper,BC Lara,Mohammad Rafique,1,0,,,,,,,,,
65249,2002/03,2003-02-18,"Willowmoore Park, Benoni",1,28.2,West Indies,Bangladesh,BC Lara,CL Hooper,Mohammad Rafique,0,0,,,,,,,,,
65249,2002/03,2003-02-18,"Willowmoore Park, Benoni",1,28.3,West Indies,Bangladesh,BC Lara,CL Hooper,Mohammad Rafique,0,0,,,,,,,,,
65249,2002/03,2003-02-18,"Willowmoore Park, Benoni",1,28.4,West Indies,Bangladesh,BC Lara,CL Hooper,Mohammad Rafique,1,0,,,,,,,,,
65249,2002/03,2003-02-18,"Willowmoore Park, Benoni",1,28.5,West Indies,Bangladesh,CL Hooper,BC Lara,Mohammad Rafique,0,0,,,,,,,,,
65249,2002/03,2003-02-18,"Willowmoore Park, Benoni",1,28.6,West Indies,Bangladesh,CL Hooper,BC Lara,Mohammad Rafique,0,0,,,,,,,,,
65249,2002/03,2003-02-18,"Willowmoore Park, Benoni",1,29.1,West Indies,Bangladesh,BC Lara,CL Hooper,Ehsanul Haque,1,0,,,,,,,,,
65249,2002/03,2003-02-18,"Willowmoore Park, Benoni",1,29.2,West Indies,Bangladesh,CL Hooper,BC Lara,Ehsanul Haque,0,0,,,,,,,,,
65249,2002/03,2003-02-18,"Willowmoore Park, Benoni",1,29.3,West Indies,Bangladesh,CL Hooper,BC Lara,Ehsanul Haque,0,0,,,,,,,,,
65249,2002/03,2003-02-18,"Willowmoore Park, Benoni",1,29.4,West Indies,Bangladesh,CL Hooper,BC Lara,Ehsanul Haque,0,0,,,,,,,,,
65249,2002/03,2003-02-18,"Willowmoore Park, Benoni",1,29.5,West Indies,Bangladesh,CL Hooper,BC Lara,Ehsanul Haque,1,0,,,,,,,,,
65249,2002/03,2003-02-18,"Willowmoore Park, Benoni",1,29.6,West Indies,Bangladesh,BC Lara,CL Hooper,Ehsanul Haque,1,0,,,,,,,,,
65249,2002/03,2003-02-18,"Willowmoore Park, Benoni",1,30.1,West Indies,Bangladesh,BC Lara,CL Hooper,Mohammad Rafique,0,0,,,,,,,,,
65249,2002/03,2003-02-18,"Willowmoore Park, Benoni",1,30.2,West Indies,Bangladesh,BC Lara,CL Hooper,Mohammad Rafique,1,0,,,,,,,,,
65249,2002/03,2003-02-18,"Willowmoore Park, Benoni",1,30.3,West Indies,Bangladesh,CL Hooper,BC Lara,Mohammad Rafique,1,0,,,,,,,,,
65249,2002/03,2003-02-18,"Willowmoore Park, Benoni",1,30.4,West Indies,Bangladesh,BC Lara,CL Hooper,Mohammad Rafique,1,0,,,,,,,,,
65249,2002/03,2003-02-18,"Willowmoore Park, Benoni",1,30.5,West Indies,Bangladesh,CL Hooper,BC Lara,Mohammad Rafique,6,0,,,,,,,,,
65249,2002/03,2003-02-18,"Willowmoore Park, Benoni",1,30.6,West Indies,Bangladesh,CL Hooper,BC Lara,Mohammad Rafique,1,0,,,,,,,,,
65249,2002/03,2003-02-18,"Willowmoore Park, Benoni",1,31.1,West Indies,Bangladesh,CL Hooper,BC Lara,Ehsanul Haque,1,0,,,,,,,,,
65249,2002/03,2003-02-18,"Willowmoore Park, Benoni",1,31.2,West Indies,Bangladesh,BC Lara,CL Hooper,Ehsanul Haque,0,0,,,,,,,,,
65249,2002/03,2003-02-18,"Willowmoore Park, Benoni",1,31.3,West Indies,Bangladesh,BC Lara,CL Hooper,Ehsanul Haque,0,1,1,,,,,,,,
65249,2002/03,2003-02-18,"Willowmoore Park, Benoni",1,31.4,West Indies,Bangladesh,BC Lara,CL Hooper,Ehsanul Haque,0,0,,,,,,caught,BC Lara,,
65249,2002/03,2003-02-18,"Willowmoore Park, Benoni",1,31.5,West Indies,Bangladesh,RR Sarwan,CL Hooper,Ehsanul Haque,0,0,,,,,,,,,
65249,2002/03,2003-02-18,"Willowmoore Park, Benoni",1,31.6,West Indies,Bangladesh,RR Sarwan,CL Hooper,Ehsanul Haque,0,0,,,,,,,,,
65249,2002/03,2003-02-18,"Willowmoore Park, Benoni",1,31.7,West Indies,Bangladesh,RR Sarwan,CL Hooper,Ehsanul Haque,1,0,,,,,,,,,
65249,2002/03,2003-02-18,"Willowmoore Park, Benoni",1,32.1,West Indies,Bangladesh,RR Sarwan,CL Hooper,Mohammad Rafique,0,0,,,,,,,,,
65249,2002/03,2003-02-18,"Willowmoore Park, Benoni",1,32.2,West Indies,Bangladesh,RR Sarwan,CL Hooper,Mohammad Rafique,0,0,,,,,,,,,
65249,2002/03,2003-02-18,"Willowmoore Park, Benoni",1,32.3,West Indies,Bangladesh,RR Sarwan,CL Hooper,Mohammad Rafique,0,0,,,,,,,,,
65249,2002/03,2003-02-18,"Willowmoore Park, Benoni",1,32.4,West Indies,Bangladesh,RR Sarwan,CL Hooper,Mohammad Rafique,0,0,,,,,,,,,
65249,2002/03,2003-02-18,"Willowmoore Park, Benoni",1,32.5,West Indies,Bangladesh,RR Sarwan,CL Hooper,Mohammad Rafique,0,0,,,,,,,,,
65249,2002/03,2003-02-18,"Willowmoore Park, Benoni",1,32.6,West Indies,Bangladesh,RR Sarwan,CL Hooper,Mohammad Rafique,1,0,,,,,,,,,
65249,2002/03,2003-02-18,"Willowmoore Park, Benoni",1,33.1,West Indies,Bangladesh,RR Sarwan,CL Hooper,Ehsanul Haque,0,0,,,,,,,,,
65249,2002/03,2003-02-18,"Willowmoore Park, Benoni",1,33.2,West Indies,Bangladesh,RR Sarwan,CL Hooper,Ehsanul Haque,0,0,,,,,,,,,
65249,2002/03,2003-02-18,"Willowmoore Park, Benoni",1,33.3,West Indies,Bangladesh,RR Sarwan,CL Hooper,Ehsanul Haque,1,0,,,,,,,,,
65249,2002/03,2003-02-18,"Willowmoore Park, Benoni",1,33.4,West Indies,Bangladesh,CL Hooper,RR Sarwan,Ehsanul Haque,0,0,,,,,,,,,
65249,2002/03,2003-02-18,"Willowmoore Park, Benoni",1,33.5,West Indies,Bangladesh,CL Hooper,RR Sarwan,Ehsanul Haque,1,0,,,,,,,,,
65249,2002/03,2003-02-18,"Willowmoore Park, Benoni",1,33.6,West Indies,Bangladesh,RR Sarwan,CL Hooper,Ehsanul Haque,1,0,,,,,,,,,
65249,2002/03,2003-02-18,"Willowmoore Park, Benoni",1,34.1,West Indies,Bangladesh,RR Sarwan,CL Hooper,Mohammad Rafique,0,0,,,,,,,,,
65249,2002/03,2003-02-18,"Willowmoore Park, Benoni",1,34.2,West Indies,Bangladesh,RR Sarwan,CL Hooper,Mohammad Rafique,1,0,,,,,,,,,
65249,2002/03,2003-02-18,"Willowmoore Park, Benoni",1,34.3,West Indies,Bangladesh,CL Hooper,RR Sarwan,Mohammad Rafique,1,0,,,,,,,,,
65249,2002/03,2003-02-18,"Willowmoore Park, Benoni",1,34.4,West Indies,Bangladesh,RR Sarwan,CL Hooper,Mohammad Rafique,0,0,,,,,,,,,
65249,2002/03,2003-02-18,"Willowmoore Park, Benoni",1,34.5,West Indies,Bangladesh,RR Sarwan,CL Hooper,Mohammad Rafique,0,0,,,,,,,,,
65249,2002/03,2003-02-18,"Willowmoore Park, Benoni",1,34.6,West Indies,Bangladesh,RR Sarwan,CL Hooper,Mohammad Rafique,0,0,,,,,,,,,
65249,2002/03,2003-02-18,"Willowmoore Park, Benoni",1,35.1,West Indies,Bangladesh,CL Hooper,RR Sarwan,Ehsanul Haque,1,0,,,,,,,,,
65249,2002/03,2003-02-18,"Willowmoore Park, Benoni",1,35.2,West Indies,Bangladesh,RR Sarwan,CL Hooper,Ehsanul Haque,0,1,,,,1,,,,,
65249,2002/03,2003-02-18,"Willowmoore Park, Benoni",1,35.3,West Indies,Bangladesh,CL Hooper,RR Sarwan,Ehsanul Haque,0,0,,,,,,,,,
65249,2002/03,2003-02-18,"Willowmoore Park, Benoni",1,35.4,West Indies,Bangladesh,CL Hooper,RR Sarwan,Ehsanul Haque,0,0,,,,,,,,,
65249,2002/03,2003-02-18,"Willowmoore Park, Benoni",1,35.5,West Indies,Bangladesh,CL Hooper,RR Sarwan,Ehsanul Haque,0,0,,,,,,,,,
65249,2002/03,2003-02-18,"Willowmoore Park, Benoni",1,35.6,West Indies,Bangladesh,CL Hooper,RR Sarwan,Ehsanul Haque,1,0,,,,,,,,,
65249,2002/03,2003-02-18,"Willowmoore Park, Benoni",1,36.1,West Indies,Bangladesh,CL Hooper,RR Sarwan,Mohammad Rafique,1,0,,,,,,,,,
65249,2002/03,2003-02-18,"Willowmoore Park, Benoni",1,36.2,West Indies,Bangladesh,RR Sarwan,CL Hooper,Mohammad Rafique,0,0,,,,,,,,,
65249,2002/03,2003-02-18,"Willowmoore Park, Benoni",1,36.3,West Indies,Bangladesh,RR Sarwan,CL Hooper,Mohammad Rafique,1,0,,,,,,,,,
65249,2002/03,2003-02-18,"Willowmoore Park, Benoni",1,36.4,West Indies,Bangladesh,CL Hooper,RR Sarwan,Mohammad Rafique,1,0,,,,,,,,,
65249,2002/03,2003-02-18,"Willowmoore Park, Benoni",1,36.5,West Indies,Bangladesh,RR Sarwan,CL Hooper,Mohammad Rafique,4,0,,,,,,,,,
65249,2002/03,2003-02-18,"Willowmoore Park, Benoni",1,36.6,West Indies,Bangladesh,RR Sarwan,CL Hooper,Mohammad Rafique,0,0,,,,,,,,,
65249,2002/03,2003-02-18,"Willowmoore Park, Benoni",1,37.1,West Indies,Bangladesh,CL Hooper,RR Sarwan,Khaled Mahmud,2,0,,,,,,,,,
65249,2002/03,2003-02-18,"Willowmoore Park, Benoni",1,37.2,West Indies,Bangladesh,CL Hooper,RR Sarwan,Khaled Mahmud,1,0,,,,,,,,,
65249,2002/03,2003-02-18,"Willowmoore Park, Benoni",1,37.3,West Indies,Bangladesh,RR Sarwan,CL Hooper,Khaled Mahmud,1,0,,,,,,,,,
65249,2002/03,2003-02-18,"Willowmoore Park, Benoni",1,37.4,West Indies,Bangladesh,CL Hooper,RR Sarwan,Khaled Mahmud,1,0,,,,,,,,,
65249,2002/03,2003-02-18,"Willowmoore Park, Benoni",1,37.5,West Indies,Bangladesh,RR Sarwan,CL Hooper,Khaled Mahmud,1,0,,,,,,,,,
65249,2002/03,2003-02-18,"Willowmoore Park, Benoni",1,37.6,West Indies,Bangladesh,CL Hooper,RR Sarwan,Khaled Mahmud,1,0,,,,,,,,,
65249,2002/03,2003-02-18,"Willowmoore Park, Benoni",1,38.1,West Indies,Bangladesh,CL Hooper,RR Sarwan,Mohammad Rafique,1,0,,,,,,,,,
65249,2002/03,2003-02-18,"Willowmoore Park, Benoni",1,38.2,West Indies,Bangladesh,RR Sarwan,CL Hooper,Mohammad Rafique,1,0,,,,,,,,,
65249,2002/03,2003-02-18,"Willowmoore Park, Benoni",1,38.3,West Indies,Bangladesh,CL Hooper,RR Sarwan,Mohammad Rafique,0,0,,,,,,,,,
65249,2002/03,2003-02-18,"Willowmoore Park, Benoni",1,38.4,West Indies,Bangladesh,CL Hooper,RR Sarwan,Mohammad Rafique,0,0,,,,,,,,,
65249,2002/03,2003-02-18,"Willowmoore Park, Benoni",1,38.5,West Indies,Bangladesh,CL Hooper,RR Sarwan,Mohammad Rafique,1,0,,,,,,,,,
65249,2002/03,2003-02-18,"Willowmoore Park, Benoni",1,38.6,West Indies,Bangladesh,RR Sarwan,CL Hooper,Mohammad Rafique,0,0,,,,,,,,,
65249,2002/03,2003-02-18,"Willowmoore Park, Benoni",1,39.1,West Indies,Bangladesh,CL Hooper,RR Sarwan,Khaled Mahmud,0,0,,,,,,,,,
65249,2002/03,2003-02-18,"Willowmoore Park, Benoni",1,39.2,West Indies,Bangladesh,CL Hooper,RR Sarwan,Khaled Mahmud,1,0,,,,,,,,,
65249,2002/03,2003-02-18,"Willowmoore Park, Benoni",1,39.3,West Indies,Bangladesh,RR Sarwan,CL Hooper,Khaled Mahmud,0,0,,,,,,caught and bowled,RR Sarwan,,
65249,2002/03,2003-02-18,"Willowmoore Park, Benoni",1,39.4,West Indies,Bangladesh,RL Powell,CL Hooper,Khaled Mahmud,0,0,,,,,,,,,
65249,2002/03,2003-02-18,"Willowmoore Park, Benoni",1,39.5,West Indies,Bangladesh,RL Powell,CL Hooper,Khaled Mahmud,0,0,,,,,,,,,
65249,2002/03,2003-02-18,"Willowmoore Park, Benoni",1,39.6,West Indies,Bangladesh,RL Powell,CL Hooper,Khaled Mahmud,0,0,,,,,,,,,
65249,2002/03,2003-02-18,"Willowmoore Park, Benoni",1,40.1,West Indies,Bangladesh,CL Hooper,RL Powell,Mohammad Rafique,1,0,,,,,,,,,
65249,2002/03,2003-02-18,"Willowmoore Park, Benoni",1,40.2,West Indies,Bangladesh,RL Powell,CL Hooper,Mohammad Rafique,0,0,,,,,,,,,
65249,2002/03,2003-02-18,"Willowmoore Park, Benoni",1,40.3,West Indies,Bangladesh,RL Powell,CL Hooper,Mohammad Rafique,1,0,,,,,,,,,
65249,2002/03,2003-02-18,"Willowmoore Park, Benoni",1,40.4,West Indies,Bangladesh,CL Hooper,RL Powell,Mohammad Rafique,1,0,,,,,,,,,
65249,2002/03,2003-02-18,"Willowmoore Park, Benoni",1,40.5,West Indies,Bangladesh,RL Powell,CL Hooper,Mohammad Rafique,1,0,,,,,,,,,
65249,2002/03,2003-02-18,"Willowmoore Park, Benoni",1,40.6,West Indies,Bangladesh,CL Hooper,RL Powell,Mohammad Rafique,1,0,,,,,,,,,
65249,2002/03,2003-02-18,"Willowmoore Park, Benoni",1,41.1,West Indies,Bangladesh,CL Hooper,RL Powell,Khaled Mahmud,1,0,,,,,,,,,
65249,2002/03,2003-02-18,"Willowmoore Park, Benoni",1,41.2,West Indies,Bangladesh,RL Powell,CL Hooper,Khaled Mahmud,1,0,,,,,,,,,
65249,2002/03,2003-02-18,"Willowmoore Park, Benoni",1,41.3,West Indies,Bangladesh,CL Hooper,RL Powell,Khaled Mahmud,1,0,,,,,,,,,
65249,2002/03,2003-02-18,"Willowmoore Park, Benoni",1,41.4,West Indies,Bangladesh,RL Powell,CL Hooper,Khaled Mahmud,0,0,,,,,,,,,
65249,2002/03,2003-02-18,"Willowmoore Park, Benoni",1,41.5,West Indies,Bangladesh,RL Powell,CL Hooper,Khaled Mahmud,0,0,,,,,,,,,
65249,2002/03,2003-02-18,"Willowmoore Park, Benoni",1,41.6,West Indies,Bangladesh,RL Powell,CL Hooper,Khaled Mahmud,0,0,,,,,,,,,
65249,2002/03,2003-02-18,"Willowmoore Park, Benoni",1,42.1,West Indies,Bangladesh,CL Hooper,RL Powell,Mohammad Rafique,1,0,,,,,,,,,
65249,2002/03,2003-02-18,"Willowmoore Park, Benoni",1,42.2,West Indies,Bangladesh,RL Powell,CL Hooper,Mohammad Rafique,1,0,,,,,,,,,
65249,2002/03,2003-02-18,"Willowmoore Park, Benoni",1,42.3,West Indies,Bangladesh,CL Hooper,RL Powell,Mohammad Rafique,2,0,,,,,,,,,
65249,2002/03,2003-02-18,"Willowmoore Park, Benoni",1,42.4,West Indies,Bangladesh,CL Hooper,RL Powell,Mohammad Rafique,0,0,,,,,,,,,
65249,2002/03,2003-02-18,"Willowmoore Park, Benoni",1,42.5,West Indies,Bangladesh,CL Hooper,RL Powell,Mohammad Rafique,1,0,,,,,,,,,
65249,2002/03,2003-02-18,"Willowmoore Park, Benoni",1,42.6,West Indies,Bangladesh,RL Powell,CL Hooper,Mohammad Rafique,0,0,,,,,,,,,
65249,2002/03,2003-02-18,"Willowmoore Park, Benoni",1,43.1,West Indies,Bangladesh,CL Hooper,RL Powell,Khaled Mahmud,1,0,,,,,,,,,
65249,2002/03,2003-02-18,"Willowmoore Park, Benoni",1,43.2,West Indies,Bangladesh,RL Powell,CL Hooper,Khaled Mahmud,6,0,,,,,,,,,
65249,2002/03,2003-02-18,"Willowmoore Park, Benoni",1,43.3,West Indies,Bangladesh,RL Powell,CL Hooper,Khaled Mahmud,1,0,,,,,,,,,
65249,2002/03,2003-02-18,"Willowmoore Park, Benoni",1,43.4,West Indies,Bangladesh,CL Hooper,RL Powell,Khaled Mahmud,1,0,,,,,,,,,
65249,2002/03,2003-02-18,"Willowmoore Park, Benoni",1,43.5,West Indies,Bangladesh,RL Powell,CL Hooper,Khaled Mahmud,2,0,,,,,,,,,
65249,2002/03,2003-02-18,"Willowmoore Park, Benoni",1,43.6,West Indies,Bangladesh,RL Powell,CL Hooper,Khaled Mahmud,1,0,,,,,,,,,
65249,2002/03,2003-02-18,"Willowmoore Park, Benoni",1,44.1,West Indies,Bangladesh,RL Powell,CL Hooper,Talha Jubair,1,1,,1,,,,,,,
65249,2002/03,2003-02-18,"Willowmoore Park, Benoni",1,44.2,West Indies,Bangladesh,CL Hooper,RL Powell,Talha Jubair,0,1,,1,,,,,,,
65249,2002/03,2003-02-18,"Willowmoore Park, Benoni",1,44.3,West Indies,Bangladesh,CL Hooper,RL Powell,Talha Jubair,1,1,,1,,,,,,,
65249,2002/03,2003-02-18,"Willowmoore Park, Benoni",1,44.4,West Indies,Bangladesh,RL Powell,CL Hooper,Talha Jubair,6,0,,,,,,,,,
65249,2002/03,2003-02-18,"Willowmoore Park, Benoni",1,44.5,West Indies,Bangladesh,RL Powell,CL Hooper,Talha Jubair,2,0,,,,,,,,,
65249,2002/03,2003-02-18,"Willowmoore Park, Benoni",1,44.6,West Indies,Bangladesh,RL Powell,CL Hooper,Talha Jubair,4,0,,,,,,,,,
65249,2002/03,2003-02-18,"Willowmoore Park, Benoni",1,44.7,West Indies,Bangladesh,RL Powell,CL Hooper,Talha Jubair,0,0,,,,,,,,,
65249,2002/03,2003-02-18,"Willowmoore Park, Benoni",1,44.8,West Indies,Bangladesh,RL Powell,CL Hooper,Talha Jubair,1,0,,,,,,,,,
65249,2002/03,2003-02-18,"Willowmoore Park, Benoni",1,44.9,West Indies,Bangladesh,CL Hooper,RL Powell,Talha Jubair,1,0,,,,,,,,,
65249,2002/03,2003-02-18,"Willowmoore Park, Benoni",1,45.1,West Indies,Bangladesh,CL Hooper,RL Powell,Manjural Islam,1,0,,,,,,,,,
65249,2002/03,2003-02-18,"Willowmoore Park, Benoni",1,45.2,West Indies,Bangladesh,RL Powell,CL Hooper,Manjural Islam,6,0,,,,,,,,,
65249,2002/03,2003-02-18,"Willowmoore Park, Benoni",1,45.3,West Indies,Bangladesh,RL Powell,CL Hooper,Manjural Islam,4,0,,,,,,,,,
65249,2002/03,2003-02-18,"Willowmoore Park, Benoni",1,45.4,West Indies,Bangladesh,RL Powell,CL Hooper,Manjural Islam,1,0,,,,,,,,,
65249,2002/03,2003-02-18,"Willowmoore Park, Benoni",1,45.5,West Indies,Bangladesh,CL Hooper,RL Powell,Manjural Islam,1,0,,,,,,,,,
65249,2002/03,2003-02-18,"Willowmoore Park, Benoni",1,45.6,West Indies,Bangladesh,RL Powell,CL Hooper,Manjural Islam,0,0,,,,,,,,,
65249,2002/03,2003-02-18,"Willowmoore Park, Benoni",1,46.1,West Indies,Bangladesh,CL Hooper,RL Powell,Alok Kapali,1,0,,,,,,,,,
65249,2002/03,2003-02-18,"Willowmoore Park, Benoni",1,46.2,West Indies,Bangladesh,RL Powell,CL Hooper,Alok Kapali,1,0,,,,,,,,,
65249,2002/03,2003-02-18,"Willowmoore Park, Benoni",1,46.3,West Indies,Bangladesh,CL Hooper,RL Powell,Alok Kapali,0,0,,,,,,caught and bowled,CL Hooper,,
65249,2002/03,2003-02-18,"Willowmoore Park, Benoni",1,46.4,West Indies,Bangladesh,RD Jacobs,RL Powell,Alok Kapali,0,0,,,,,,,,,
65249,2002/03,2003-02-18,"Willowmoore Park, Benoni",1,46.5,West Indies,Bangladesh,RD Jacobs,RL Powell,Alok Kapali,0,0,,,,,,,,,
65249,2002/03,2003-02-18,"Willowmoore Park, Benoni",1,46.6,West Indies,Bangladesh,RD Jacobs,RL Powell,Alok Kapali,1,0,,,,,,,,,
65249,2002/03,2003-02-18,"Willowmoore Park, Benoni",1,47.1,West Indies,Bangladesh,RD Jacobs,RL Powell,Manjural Islam,1,0,,,,,,,,,
65249,2002/03,2003-02-18,"Willowmoore Park, Benoni",1,47.2,West Indies,Bangladesh,RL Powell,RD Jacobs,Manjural Islam,4,0,,,,,,,,,
65249,2002/03,2003-02-18,"Willowmoore Park, Benoni",1,47.3,West Indies,Bangladesh,RL Powell,RD Jacobs,Manjural Islam,0,1,,,1,,,,,,
65249,2002/03,2003-02-18,"Willowmoore Park, Benoni",1,47.4,West Indies,Bangladesh,RD Jacobs,RL Powell,Manjural Islam,1,0,,,,,,,,,
65249,2002/03,2003-02-18,"Willowmoore Park, Benoni",1,47.5,West Indies,Bangladesh,RL Powell,RD Jacobs,Manjural Islam,6,0,,,,,,,,,
65249,2002/03,2003-02-18,"Willowmoore Park, Benoni",1,47.6,West Indies,Bangladesh,RL Powell,RD Jacobs,Manjural Islam,0,0,,,,,,caught,RL Powell,,
65249,2002/03,2003-02-18,"Willowmoore Park, Benoni",1,48.1,West Indies,Bangladesh,VC Drakes,RD Jacobs,Alok Kapali,0,0,,,,,,,,,
65249,2002/03,2003-02-18,"Willowmoore Park, Benoni",1,48.2,West Indies,Bangladesh,VC Drakes,RD Jacobs,Alok Kapali,0,0,,,,,,,,,
65249,2002/03,2003-02-18,"Willowmoore Park, Benoni",1,48.3,West Indies,Bangladesh,VC Drakes,RD Jacobs,Alok Kapali,0,0,,,,,,run out,VC Drakes,,
65249,2002/03,2003-02-18,"Willowmoore Park, Benoni",1,48.4,West Indies,Bangladesh,M Dillon,RD Jacobs,Alok Kapali,0,0,,,,,,,,,
65249,2002/03,2003-02-18,"Willowmoore Park, Benoni",1,48.5,West Indies,Bangladesh,M Dillon,RD Jacobs,Alok Kapali,0,0,,,,,,,,,
65249,2002/03,2003-02-18,"Willowmoore Park, Benoni",1,48.6,West Indies,Bangladesh,M Dillon,RD Jacobs,Alok Kapali,0,0,,,,,,,,,
65249,2002/03,2003-02-18,"Willowmoore Park, Benoni",1,49.1,West Indies,Bangladesh,RD Jacobs,M Dillon,Manjural Islam,1,0,,,,,,,,,
65249,2002/03,2003-02-18,"Willowmoore Park, Benoni",1,49.2,West Indies,Bangladesh,M Dillon,RD Jacobs,Manjural Islam,6,0,,,,,,,,,
65249,2002/03,2003-02-18,"Willowmoore Park, Benoni",1,49.3,West Indies,Bangladesh,M Dillon,RD Jacobs,Manjural Islam,4,0,,,,,,,,,
65249,2002/03,2003-02-18,"Willowmoore Park, Benoni",1,49.4,West Indies,Bangladesh,M Dillon,RD Jacobs,Manjural Islam,0,0,,,,,,caught,M Dillon,,
65249,2002/03,2003-02-18,"Willowmoore Park, Benoni",1,49.5,West Indies,Bangladesh,RD Jacobs,CD Collymore,Manjural Islam,2,0,,,,,,,,,
65249,2002/03,2003-02-18,"Willowmoore Park, Benoni",1,49.6,West Indies,Bangladesh,RD Jacobs,CD Collymore,Manjural Islam,0,0,,,,,,,,,
65249,2002/03,2003-02-18,"Willowmoore Park, Benoni",2,0.1,Bangladesh,West Indies,Al Sahariar,Ehsanul Haque,M Dillon,2,0,,,,,,,,,
65249,2002/03,2003-02-18,"Willowmoore Park, Benoni",2,0.2,Bangladesh,West Indies,Al Sahariar,Ehsanul Haque,M Dillon,0,0,,,,,,,,,
65249,2002/03,2003-02-18,"Willowmoore Park, Benoni",2,0.3,Bangladesh,West Indies,Al Sahariar,Ehsanul Haque,M Dillon,0,0,,,,,,,,,
65249,2002/03,2003-02-18,"Willowmoore Park, Benoni",2,0.4,Bangladesh,West Indies,Al Sahariar,Ehsanul Haque,M Dillon,0,1,1,,,,,,,,
65249,2002/03,2003-02-18,"Willowmoore Park, Benoni",2,0.5,Bangladesh,West Indies,Al Sahariar,Ehsanul Haque,M Dillon,2,0,,,,,,,,,
65249,2002/03,2003-02-18,"Willowmoore Park, Benoni",2,0.6,Bangladesh,West Indies,Al Sahariar,Ehsanul Haque,M Dillon,0,0,,,,,,,,,
65249,2002/03,2003-02-18,"Willowmoore Park, Benoni",2,0.7,Bangladesh,West Indies,Al Sahariar,Ehsanul Haque,M Dillon,0,0,,,,,,,,,
65249,2002/03,2003-02-18,"Willowmoore Park, Benoni",2,1.1,Bangladesh,West Indies,Ehsanul Haque,Al Sahariar,VC Drakes,0,0,,,,,,,,,
65249,2002/03,2003-02-18,"Willowmoore Park, Benoni",2,1.2,Bangladesh,West Indies,Ehsanul Haque,Al Sahariar,VC Drakes,0,0,,,,,,,,,
65249,2002/03,2003-02-18,"Willowmoore Park, Benoni",2,1.3,Bangladesh,West Indies,Ehsanul Haque,Al Sahariar,VC Drakes,0,0,,,,,,,,,
65249,2002/03,2003-02-18,"Willowmoore Park, Benoni",2,1.4,Bangladesh,West Indies,Ehsanul Haque,Al Sahariar,VC Drakes,0,0,,,,,,,,,
65249,2002/03,2003-02-18,"Willowmoore Park, Benoni",2,1.5,Bangladesh,West Indies,Ehsanul Haque,Al Sahariar,VC Drakes,0,0,,,,,,,,,
65249,2002/03,2003-02-18,"Willowmoore Park, Benoni",2,1.6,Bangladesh,West Indies,Ehsanul Haque,Al Sahariar,VC Drakes,0,0,,,,,,,,,
65249,2002/03,2003-02-18,"Willowmoore Park, Benoni",2,2.1,Bangladesh,West Indies,Al Sahariar,Ehsanul Haque,M Dillon,0,0,,,,,,,,,
65249,2002/03,2003-02-18,"Willowmoore Park, Benoni",2,2.2,Bangladesh,West Indies,Al Sahariar,Ehsanul Haque,M Dillon,1,0,,,,,,,,,
65249,2002/03,2003-02-18,"Willowmoore Park, Benoni",2,2.3,Bangladesh,West Indies,Ehsanul Haque,Al Sahariar,M Dillon,0,0,,,,,,,,,
65249,2002/03,2003-02-18,"Willowmoore Park, Benoni",2,2.4,Bangladesh,West Indies,Ehsanul Haque,Al Sahariar,M Dillon,0,0,,,,,,,,,
65249,2002/03,2003-02-18,"Willowmoore Park, Benoni",2,2.5,Bangladesh,West Indies,Ehsanul Haque,Al Sahariar,M Dillon,0,0,,,,,,,,,
65249,2002/03,2003-02-18,"Willowmoore Park, Benoni",2,2.6,Bangladesh,West Indies,Ehsanul Haque,Al Sahariar,M Dillon,1,0,,,,,,,,,
65249,2002/03,2003-02-18,"Willowmoore Park, Benoni",2,3.1,Bangladesh,West Indies,Ehsanul Haque,Al Sahariar,VC Drakes,0,0,,,,,,,,,
65249,2002/03,2003-02-18,"Willowmoore Park, Benoni",2,3.2,Bangladesh,West Indies,Ehsanul Haque,Al Sahariar,VC Drakes,4,0,,,,,,,,,
65249,2002/03,2003-02-18,"Willowmoore Park, Benoni",2,3.3,Bangladesh,West Indies,Ehsanul Haque,Al Sahariar,VC Drakes,0,0,,,,,,,,,
65249,2002/03,2003-02-18,"Willowmoore Park, Benoni",2,3.4,Bangladesh,West Indies,Ehsanul Haque,Al Sahariar,VC Drakes,4,0,,,,,,,,,
65249,2002/03,2003-02-18,"Willowmoore Park, Benoni",2,3.5,Bangladesh,West Indies,Ehsanul Haque,Al Sahariar,VC Drakes,1,0,,,,,,,,,
65249,2002/03,2003-02-18,"Willowmoore Park, Benoni",2,3.6,Bangladesh,West Indies,Al Sahariar,Ehsanul Haque,VC Drakes,0,0,,,,,,,,,
65249,2002/03,2003-02-18,"Willowmoore Park, Benoni",2,4.1,Bangladesh,West Indies,Ehsanul Haque,Al Sahariar,M Dillon,0,0,,,,,,,,,
65249,2002/03,2003-02-18,"Willowmoore Park, Benoni",2,4.2,Bangladesh,West Indies,Ehsanul Haque,Al Sahariar,M Dillon,0,0,,,,,,,,,
65249,2002/03,2003-02-18,"Willowmoore Park, Benoni",2,4.3,Bangladesh,West Indies,Ehsanul Haque,Al Sahariar,M Dillon,0,1,1,,,,,,,,
65249,2002/03,2003-02-18,"Willowmoore Park, Benoni",2,4.4,Bangladesh,West Indies,Ehsanul Haque,Al Sahariar,M Dillon,0,0,,,,,,,,,
65249,2002/03,2003-02-18,"Willowmoore Park, Benoni",2,4.5,Bangladesh,West Indies,Ehsanul Haque,Al Sahariar,M Dillon,1,0,,,,,,,,,
65249,2002/03,2003-02-18,"Willowmoore Park, Benoni",2,4.6,Bangladesh,West Indies,Al Sahariar,Ehsanul Haque,M Dillon,0,0,,,,,,,,,
65249,2002/03,2003-02-18,"Willowmoore Park, Benoni",2,4.7,Bangladesh,West Indies,Al Sahariar,Ehsanul Haque,M Dillon,0,0,,,,,,,,,
65249,2002/03,2003-02-18,"Willowmoore Park, Benoni",2,5.1,Bangladesh,West Indies,Ehsanul Haque,Al Sahariar,VC Drakes,0,0,,,,,,,,,
65249,2002/03,2003-02-18,"Willowmoore Park, Benoni",2,5.2,Bangladesh,West Indies,Ehsanul Haque,Al Sahariar,VC Drakes,0,0,,,,,,,,,
65249,2002/03,2003-02-18,"Willowmoore Park, Benoni",2,5.3,Bangladesh,West Indies,Ehsanul Haque,Al Sahariar,VC Drakes,1,0,,,,,,,,,
65249,2002/03,2003-02-18,"Willowmoore Park, Benoni",2,5.4,Bangladesh,West Indies,Al Sahariar,Ehsanul Haque,VC Drakes,0,0,,,,,,,,,
65249,2002/03,2003-02-18,"Willowmoore Park, Benoni",2,5.5,Bangladesh,West Indies,Al Sahariar,Ehsanul Haque,VC Drakes,0,0,,,,,,,,,
65249,2002/03,2003-02-18,"Willowmoore Park, Benoni",2,5.6,Bangladesh,West Indies,Al Sahariar,Ehsanul Haque,VC Drakes,0,0,,,,,,caught,Al Sahariar,,
65249,2002/03,2003-02-18,"Willowmoore Park, Benoni",2,6.1,Bangladesh,West Indies,Ehsanul Haque,Mohammad Ashraful,M Dillon,0,0,,,,,,,,,
65249,2002/03,2003-02-18,"Willowmoore Park, Benoni",2,6.2,Bangladesh,West Indies,Ehsanul Haque,Mohammad Ashraful,M Dillon,0,0,,,,,,bowled,Ehsanul Haque,,
65249,2002/03,2003-02-18,"Willowmoore Park, Benoni",2,6.3,Bangladesh,West Indies,Sanwar Hossain,Mohammad Ashraful,M Dillon,0,1,1,,,,,,,,
65249,2002/03,2003-02-18,"Willowmoore Park, Benoni",2,6.4,Bangladesh,West Indies,Sanwar Hossain,Mohammad Ashraful,M Dillon,0,0,,,,,,,,,
65249,2002/03,2003-02-18,"Willowmoore Park, Benoni",2,6.5,Bangladesh,West Indies,Sanwar Hossain,Mohammad Ashraful,M Dillon,0,0,,,,,,,,,
65249,2002/03,2003-02-18,"Willowmoore Park, Benoni",2,6.6,Bangladesh,West Indies,Sanwar Hossain,Mohammad Ashraful,M Dillon,2,0,,,,,,,,,
65249,2002/03,2003-02-18,"Willowmoore Park, Benoni",2,6.7,Bangladesh,West Indies,Sanwar Hossain,Mohammad Ashraful,M Dillon,0,0,,,,,,,,,
65249,2002/03,2003-02-18,"Willowmoore Park, Benoni",2,7.1,Bangladesh,West Indies,Mohammad Ashraful,Sanwar Hossain,VC Drakes,0,0,,,,,,,,,
65249,2002/03,2003-02-18,"Willowmoore Park, Benoni",2,7.2,Bangladesh,West Indies,Mohammad Ashraful,Sanwar Hossain,VC Drakes,4,0,,,,,,,,,
65249,2002/03,2003-02-18,"Willowmoore Park, Benoni",2,7.3,Bangladesh,West Indies,Mohammad Ashraful,Sanwar Hossain,VC Drakes,3,0,,,,,,,,,
65249,2002/03,2003-02-18,"Willowmoore Park, Benoni",2,7.4,Bangladesh,West Indies,Sanwar Hossain,Mohammad Ashraful,VC Drakes,0,0,,,,,,,,,
65249,2002/03,2003-02-18,"Willowmoore Park, Benoni",2,7.5,Bangladesh,West Indies,Sanwar Hossain,Mohammad Ashraful,VC Drakes,0,0,,,,,,,,,
65249,2002/03,2003-02-18,"Willowmoore Park, Benoni",2,7.6,Bangladesh,West Indies,Sanwar Hossain,Mohammad Ashraful,VC Drakes,0,2,,,,2,,,,,
65249,2002/03,2003-02-18,"Willowmoore Park, Benoni",2,8.1,Bangladesh,West Indies,Mohammad Ashraful,Sanwar Hossain,M Dillon,1,0,,,,,,,,,
