match_id,season,start_date,venue,innings,ball,batting_team,bowling_team,striker,non_striker,bowler,runs_off_bat,extras,wides,noballs,byes,legbyes,penalty,wicket_type,player_dismissed,other_wicket_type,other_player_dismissed
65244,2002/03,2003-02-15,"SuperSport Park, Centurion",1,0.1,India,Australia,SC Ganguly,SR Tendulkar,GD McGrath,2,0,,,,,,,,,
65244,2002/03,2003-02-15,"SuperSport Park, Centurion",1,0.2,India,Australia,SC Ganguly,SR Tendulkar,GD McGrath,0,0,,,,,,,,,
65244,2002/03,2003-02-15,"SuperSport Park, Centurion",1,0.3,India,Australia,SC Ganguly,SR Tendulkar,GD McGrath,0,0,,,,,,,,,
65244,2002/03,2003-02-15,"SuperSport Park, Centurion",1,0.4,India,Australia,SC Ganguly,SR Tendulkar,GD McGrath,0,1,,,,1,,,,,
65244,2002/03,2003-02-15,"SuperSport Park, Centurion",1,0.5,India,Australia,SR Tendulkar,SC Ganguly,GD McGrath,0,0,,,,,,,,,
65244,2002/03,2003-02-15,"SuperSport Park, Centurion",1,0.6,India,Australia,SR Tendulkar,SC Ganguly,GD McGrath,0,0,,,,,,,,,
65244,2002/03,2003-02-15,"SuperSport Park, Centurion",1,1.1,India,Australia,SC Ganguly,SR Tendulkar,B Lee,1,0,,,,,,,,,
65244,2002/03,2003-02-15,"SuperSport Park, Centurion",1,1.2,India,Australia,SR Tendulkar,SC Ganguly,B Lee,0,0,,,,,,,,,
65244,2002/03,2003-02-15,"SuperSport Park, Centurion",1,1.3,India,Australia,SR Tendulkar,SC Ganguly,B Lee,0,0,,,,,,,,,
65244,2002/03,2003-02-15,"SuperSport Park, Centurion",1,1.4,India,Australia,SR Tendulkar,SC Ganguly,B Lee,1,0,,,,,,,,,
65244,2002/03,2003-02-15,"SuperSport Park, Centurion",1,1.5,India,Australia,SC Ganguly,SR Tendulkar,B Lee,0,2,,,,2,,,,,
65244,2002/03,2003-02-15,"SuperSport Park, Centurion",1,1.6,India,Australia,SC Ganguly,SR Tendulkar,B Lee,0,0,,,,,,,,,
65244,2002/03,2003-02-15,"SuperSport Park, Centurion",1,2.1,India,Australia,SR Tendulkar,SC Ganguly,GD McGrath,0,0,,,,,,,,,
65244,2002/03,2003-02-15,"SuperSport Park, Centurion",1,2.2,India,Australia,SR Tendulkar,SC Ganguly,GD McGrath,1,0,,,,,,,,,
65244,2002/03,2003-02-15,"SuperSport Park, Centurion",1,2.3,India,Australia,SC Ganguly,SR Tendulkar,GD McGrath,0,0,,,,,,,,,
65244,2002/03,2003-02-15,"SuperSport Park, Centurion",1,2.4,India,Australia,SC Ganguly,SR Tendulkar,GD McGrath,0,0,,,,,,,,,
65244,2002/03,2003-02-15,"SuperSport Park, Centurion",1,2.5,India,Australia,SC Ganguly,SR Tendulkar,GD McGrath,0,0,,,,,,,,,
65244,2002/03,2003-02-15,"SuperSport Park, Centurion",1,2.6,India,Australia,SC Ganguly,SR Tendulkar,GD McGrath,1,0,,,,,,,,,
65244,2002/03,2003-02-15,"SuperSport Park, Centurion",1,3.1,India,Australia,SC Ganguly,SR Tendulkar,B Lee,0,0,,,,,,,,,
65244,2002/03,2003-02-15,"SuperSport Park, Centurion",1,3.2,India,Australia,SC Ganguly,SR Tendulkar,B Lee,0,0,,,,,,,,,
65244,2002/03,2003-02-15,"SuperSport Park, Centurion",1,3.3,India,Australia,SC Ganguly,SR Tendulkar,B Lee,0,1,,,,1,,,,,
65244,2002/03,2003-02-15,"SuperSport Park, Centurion",1,3.4,India,Australia,SR Tendulkar,SC Ganguly,B Lee,0,0,,,,,,,,,
65244,2002/03,2003-02-15,"SuperSport Park, Centurion",1,3.5,India,Australia,SR Tendulkar,SC Ganguly,B Lee,0,0,,,,,,,,,
65244,2002/03,2003-02-15,"SuperSport Park, Centurion",1,3.6,India,Australia,SR Tendulkar,SC Ganguly,B Lee,0,0,,,,,,,,,
65244,2002/03,2003-02-15,"SuperSport Park, Centurion",1,4.1,India,Australia,SC Ganguly,SR Tendulkar,GD McGrath,0,0,,,,,,,,,
65244,2002/03,2003-02-15,"SuperSport Park, Centurion",1,4.2,India,Australia,SC Ganguly,SR Tendulkar,GD McGrath,4,0,,,,,,,,,
65244,2002/03,2003-02-15,"SuperSport Park, Centurion",1,4.3,India,Australia,SC Ganguly,SR Tendulkar,GD McGrath,0,0,,,,,,,,,
65244,2002/03,2003-02-15,"SuperSport Park, Centurion",1,4.4,India,Australia,SC Ganguly,SR Tendulkar,GD McGrath,0,0,,,,,,,,,
65244,2002/03,2003-02-15,"SuperSport Park, Centurion",1,4.5,India,Australia,SC Ganguly,SR Tendulkar,GD McGrath,0,1,,,,1,,,,,
65244,2002/03,2003-02-15,"SuperSport Park, Centurion",1,4.6,India,Australia,SR Tendulkar,SC Ganguly,GD McGrath,0,0,,,,,,,,,
65244,2002/03,2003-02-15,"SuperSport Park, Centurion",1,5.1,India,Australia,SC Ganguly,SR Tendulkar,B Lee,1,0,,,,,,,,,
65244,2002/03,2003-02-15,"SuperSport Park, Centurion",1,5.2,India,Australia,SR Tendulkar,SC Ganguly,B Lee,0,1,1,,,,,,,,
65244,2002/03,2003-02-15,"SuperSport Park, Centurion",1,5.3,India,Australia,SR Tendulkar,SC Ganguly,B Lee,4,0,,,,,,,,,
65244,2002/03,2003-02-15,"SuperSport Park, Centurion",1,5.4,India,Australia,SR Tendulkar,SC Ganguly,B Lee,1,0,,,,,,,,,
65244,2002/03,2003-02-15,"SuperSport Park, Centurion",1,5.5,India,Australia,SC Ganguly,SR Tendulkar,B Lee,0,0,,,,,,caught,SC Ganguly,,
65244,2002/03,2003-02-15,"SuperSport Park, Centurion",1,5.6,India,Australia,V Sehwag,SR Tendulkar,B Lee,0,0,,,,,,,,,
65244,2002/03,2003-02-15,"SuperSport Park, Centurion",1,5.7,India,Australia,V Sehwag,SR Tendulkar,B Lee,4,0,,,,,,,,,
65244,2002/03,2003-02-15,"SuperSport Park, Centurion",1,6.1,India,Australia,SR Tendulkar,V Sehwag,GD McGrath,2,0,,,,,,,,,
65244,2002/03,2003-02-15,"SuperSport Park, Centurion",1,6.2,India,Australia,SR Tendulkar,V Sehwag,GD McGrath,4,0,,,,,,,,,
65244,2002/03,2003-02-15,"SuperSport Park, Centurion",1,6.3,India,Australia,SR Tendulkar,V Sehwag,GD McGrath,4,0,,,,,,,,,
65244,2002/03,2003-02-15,"SuperSport Park, Centurion",1,6.4,India,Australia,SR Tendulkar,V Sehwag,GD McGrath,2,0,,,,,,,,,
65244,2002/03,2003-02-15,"SuperSport Park, Centurion",1,6.5,India,Australia,SR Tendulkar,V Sehwag,GD McGrath,2,0,,,,,,,,,
65244,2002/03,2003-02-15,"SuperSport Park, Centurion",1,6.6,India,Australia,SR Tendulkar,V Sehwag,GD McGrath,0,0,,,,,,,,,
65244,2002/03,2003-02-15,"SuperSport Park, Centurion",1,7.1,India,Australia,V Sehwag,SR Tendulkar,B Lee,0,0,,,,,,,,,
65244,2002/03,2003-02-15,"SuperSport Park, Centurion",1,7.2,India,Australia,V Sehwag,SR Tendulkar,B Lee,0,1,1,,,,,,,,
65244,2002/03,2003-02-15,"SuperSport Park, Centurion",1,7.3,India,Australia,V Sehwag,SR Tendulkar,B Lee,0,0,,,,,,caught,V Sehwag,,
65244,2002/03,2003-02-15,"SuperSport Park, Centurion",1,7.4,India,Australia,R Dravid,SR Tendulkar,B Lee,0,0,,,,,,,,,
65244,2002/03,2003-02-15,"SuperSport Park, Centurion",1,7.5,India,Australia,R Dravid,SR Tendulkar,B Lee,0,0,,,,,,,,,
65244,2002/03,2003-02-15,"SuperSport Park, Centurion",1,7.6,India,Australia,R Dravid,SR Tendulkar,B Lee,0,0,,,,,,,,,
65244,2002/03,2003-02-15,"SuperSport Park, Centurion",1,7.7,India,Australia,R Dravid,SR Tendulkar,B Lee,1,0,,,,,,,,,
65244,2002/03,2003-02-15,"SuperSport Park, Centurion",1,8.1,India,Australia,R Dravid,SR Tendulkar,GD McGrath,0,0,,,,,,,,,
65244,2002/03,2003-02-15,"SuperSport Park, Centurion",1,8.2,India,Australia,R Dravid,SR Tendulkar,GD McGrath,0,0,,,,,,,,,
65244,2002/03,2003-02-15,"SuperSport Park, Centurion",1,8.3,India,Australia,R Dravid,SR Tendulkar,GD McGrath,0,0,,,,,,,,,
65244,2002/03,2003-02-15,"SuperSport Park, Centurion",1,8.4,India,Australia,R Dravid,SR Tendulkar,GD McGrath,0,0,,,,,,,,,
65244,2002/03,2003-02-15,"SuperSport Park, Centurion",1,8.5,India,Australia,R Dravid,SR Tendulkar,GD McGrath,0,0,,,,,,,,,
65244,2002/03,2003-02-15,"SuperSport Park, Centurion",1,8.6,India,Australia,R Dravid,SR Tendulkar,GD McGrath,0,0,,,,,,,,,
65244,2002/03,2003-02-15,"SuperSport Park, Centurion",1,9.1,India,Australia,SR Tendulkar,R Dravid,B Lee,1,0,,,,,,,,,
65244,2002/03,2003-02-15,"SuperSport Park, Centurion",1,9.2,India,Australia,R Dravid,SR Tendulkar,B Lee,0,0,,,,,,,,,
65244,2002/03,2003-02-15,"SuperSport Park, Centurion",1,9.3,India,Australia,R Dravid,SR Tendulkar,B Lee,0,0,,,,,,,,,
65244,2002/03,2003-02-15,"SuperSport Park, Centurion",1,9.4,India,Australia,R Dravid,SR Tendulkar,B Lee,0,0,,,,,,,,,
65244,2002/03,2003-02-15,"SuperSport Park, Centurion",1,9.5,India,Australia,R Dravid,SR Tendulkar,B Lee,0,0,,,,,,,,,
65244,2002/03,2003-02-15,"SuperSport Park, Centurion",1,9.6,India,Australia,R Dravid,SR Tendulkar,B Lee,0,0,,,,,,,,,
65244,2002/03,2003-02-15,"SuperSport Park, Centurion",1,10.1,India,Australia,SR Tendulkar,R Dravid,GD McGrath,0,0,,,,,,,,,
65244,2002/03,2003-02-15,"SuperSport Park, Centurion",1,10.2,India,Australia,SR Tendulkar,R Dravid,GD McGrath,0,0,,,,,,,,,
65244,2002/03,2003-02-15,"SuperSport Park, Centurion",1,10.3,India,Australia,SR Tendulkar,R Dravid,GD McGrath,0,0,,,,,,,,,
65244,2002/03,2003-02-15,"SuperSport Park, Centurion",1,10.4,India,Australia,SR Tendulkar,R Dravid,GD McGrath,0,0,,,,,,,,,
65244,2002/03,2003-02-15,"SuperSport Park, Centurion",1,10.5,India,Australia,SR Tendulkar,R Dravid,GD McGrath,0,0,,,,,,,,,
65244,2002/03,2003-02-15,"SuperSport Park, Centurion",1,10.6,India,Australia,SR Tendulkar,R Dravid,GD McGrath,0,0,,,,,,,,,
65244,2002/03,2003-02-15,"SuperSport Park, Centurion",1,11.1,India,Australia,R Dravid,SR Tendulkar,B Lee,0,0,,,,,,,,,
65244,2002/03,2003-02-15,"SuperSport Park, Centurion",1,11.2,India,Australia,R Dravid,SR Tendulkar,B Lee,0,1,,1,,,,,,,
65244,2002/03,2003-02-15,"SuperSport Park, Centurion",1,11.3,India,Australia,R Dravid,SR Tendulkar,B Lee,0,0,,,,,,,,,
65244,2002/03,2003-02-15,"SuperSport Park, Centurion",1,11.4,India,Australia,R Dravid,SR Tendulkar,B Lee,0,0,,,,,,,,,
65244,2002/03,2003-02-15,"SuperSport Park, Centurion",1,11.5,India,Australia,R Dravid,SR Tendulkar,B Lee,0,0,,,,,,,,,
65244,2002/03,2003-02-15,"SuperSport Park, Centurion",1,11.6,India,Australia,R Dravid,SR Tendulkar,B Lee,0,0,,,,,,,,,
65244,2002/03,2003-02-15,"SuperSport Park, Centurion",1,11.7,India,Australia,R Dravid,SR Tendulkar,B Lee,0,0,,,,,,,,,
65244,2002/03,2003-02-15,"SuperSport Park, Centurion",1,12.1,India,Australia,SR Tendulkar,R Dravid,GD McGrath,0,0,,,,,,,,,
65244,2002/03,2003-02-15,"SuperSport Park, Centurion",1,12.2,India,Australia,SR Tendulkar,R Dravid,GD McGrath,0,0,,,,,,,,,
65244,2002/03,2003-02-15,"SuperSport Park, Centurion",1,12.3,India,Australia,SR Tendulkar,R Dravid,GD McGrath,0,0,,,,,,,,,
65244,2002/03,2003-02-15,"SuperSport Park, Centurion",1,12.4,India,Australia,SR Tendulkar,R Dravid,GD McGrath,0,0,,,,,,,,,
65244,2002/03,2003-02-15,"SuperSport Park, Centurion",1,12.5,India,Australia,SR Tendulkar,R Dravid,GD McGrath,0,0,,,,,,,,,
65244,2002/03,2003-02-15,"SuperSport Park, Centurion",1,12.6,India,Australia,SR Tendulkar,R Dravid,GD McGrath,0,0,,,,,,,,,
65244,2002/03,2003-02-15,"SuperSport Park, Centurion",1,13.1,India,Australia,R Dravid,SR Tendulkar,JN Gillespie,0,0,,,,,,bowled,R Dravid,,
65244,2002/03,2003-02-15,"SuperSport Park, Centurion",1,13.2,India,Australia,Yuvraj Singh,SR Tendulkar,JN Gillespie,0,0,,,,,,,,,
65244,2002/03,2003-02-15,"SuperSport Park, Centurion",1,13.3,India,Australia,Yuvraj Singh,SR Tendulkar,JN Gillespie,0,0,,,,,,,,,
65244,2002/03,2003-02-15,"SuperSport Park, Centurion",1,13.4,India,Australia,Yuvraj Singh,SR Tendulkar,JN Gillespie,0,0,,,,,,,,,
65244,2002/03,2003-02-15,"SuperSport Park, Centurion",1,13.5,India,Australia,Yuvraj Singh,SR Tendulkar,JN Gillespie,0,0,,,,,,,,,
65244,2002/03,2003-02-15,"SuperSport Park, Centurion",1,13.6,India,Australia,Yuvraj Singh,SR Tendulkar,JN Gillespie,0,0,,,,,,,,,
65244,2002/03,2003-02-15,"SuperSport Park, Centurion",1,14.1,India,Australia,SR Tendulkar,Yuvraj Singh,GD McGrath,0,0,,,,,,,,,
65244,2002/03,2003-02-15,"SuperSport Park, Centurion",1,14.2,India,Australia,SR Tendulkar,Yuvraj Singh,GD McGrath,0,0,,,,,,,,,
65244,2002/03,2003-02-15,"SuperSport Park, Centurion",1,14.3,India,Australia,SR Tendulkar,Yuvraj Singh,GD McGrath,1,0,,,,,,,,,
65244,2002/03,2003-02-15,"SuperSport Park, Centurion",1,14.4,India,Australia,Yuvraj Singh,SR Tendulkar,GD McGrath,0,0,,,,,,,,,
65244,2002/03,2003-02-15,"SuperSport Park, Centurion",1,14.5,India,Australia,Yuvraj Singh,SR Tendulkar,GD McGrath,0,0,,,,,,,,,
65244,2002/03,2003-02-15,"SuperSport Park, Centurion",1,14.6,India,Australia,Yuvraj Singh,SR Tendulkar,GD McGrath,0,0,,,,,,lbw,Yuvraj Singh,,
65244,2002/03,2003-02-15,"SuperSport Park, Centurion",1,15.1,India,Australia,SR Tendulkar,M Kaif,JN Gillespie,1,0,,,,,,,,,
65244,2002/03,2003-02-15,"SuperSport Park, Centurion",1,15.2,India,Australia,M Kaif,SR Tendulkar,JN Gillespie,0,0,,,,,,,,,
65244,2002/03,2003-02-15,"SuperSport Park, Centurion",1,15.3,India,Australia,M Kaif,SR Tendulkar,JN Gillespie,0,1,1,,,,,,,,
65244,2002/03,2003-02-15,"SuperSport Park, Centurion",1,15.4,India,Australia,M Kaif,SR Tendulkar,JN Gillespie,0,0,,,,,,,,,
65244,2002/03,2003-02-15,"SuperSport Park, Centurion",1,15.5,India,Australia,M Kaif,SR Tendulkar,JN Gillespie,0,0,,,,,,,,,
65244,2002/03,2003-02-15,"SuperSport Park, Centurion",1,15.6,India,Australia,M Kaif,SR Tendulkar,JN Gillespie,0,0,,,,,,,,,
65244,2002/03,2003-02-15,"SuperSport Park, Centurion",1,15.7,India,Australia,M Kaif,SR Tendulkar,JN Gillespie,0,0,,,,,,,,,
65244,2002/03,2003-02-15,"SuperSport Park, Centurion",1,16.1,India,Australia,SR Tendulkar,M Kaif,A Symonds,0,1,1,,,,,,,,
65244,2002/03,2003-02-15,"SuperSport Park, Centurion",1,16.2,India,Australia,SR Tendulkar,M Kaif,A Symonds,1,0,,,,,,,,,
65244,2002/03,2003-02-15,"SuperSport Park, Centurion",1,16.3,India,Australia,M Kaif,SR Tendulkar,A Symonds,0,0,,,,,,,,,
65244,2002/03,2003-02-15,"SuperSport Park, Centurion",1,16.4,India,Australia,M Kaif,SR Tendulkar,A Symonds,0,0,,,,,,,,,
65244,2002/03,2003-02-15,"SuperSport Park, Centurion",1,16.5,India,Australia,M Kaif,SR Tendulkar,A Symonds,0,0,,,,,,,,,
65244,2002/03,2003-02-15,"SuperSport Park, Centurion",1,16.6,India,Australia,M Kaif,SR Tendulkar,A Symonds,0,0,,,,,,,,,
65244,2002/03,2003-02-15,"SuperSport Park, Centurion",1,16.7,India,Australia,M Kaif,SR Tendulkar,A Symonds,1,0,,,,,,,,,
65244,2002/03,2003-02-15,"SuperSport Park, Centurion",1,17.1,India,Australia,M Kaif,SR Tendulkar,JN Gillespie,0,0,,,,,,,,,
65244,2002/03,2003-02-15,"SuperSport Park, Centurion",1,17.2,India,Australia,M Kaif,SR Tendulkar,JN Gillespie,0,0,,,,,,,,,
65244,2002/03,2003-02-15,"SuperSport Park, Centurion",1,17.3,India,Australia,M Kaif,SR Tendulkar,JN Gillespie,0,0,,,,,,,,,
65244,2002/03,2003-02-15,"SuperSport Park, Centurion",1,17.4,India,Australia,M Kaif,SR Tendulkar,JN Gillespie,0,0,,,,,,,,,
65244,2002/03,2003-02-15,"SuperSport Park, Centurion",1,17.5,India,Australia,M Kaif,SR Tendulkar,JN Gillespie,0,0,,,,,,,,,
65244,2002/03,2003-02-15,"SuperSport Park, Centurion",1,17.6,India,Australia,M Kaif,SR Tendulkar,JN Gillespie,0,0,,,,,,caught,M Kaif,,
65244,2002/03,2003-02-15,"SuperSport Park, Centurion",1,18.1,India,Australia,SR Tendulkar,D Mongia,A Symonds,1,0,,,,,,,,,
65244,2002/03,2003-02-15,"SuperSport Park, Centurion",1,18.2,India,Australia,D Mongia,SR Tendulkar,A Symonds,0,0,,,,,,,,,
65244,2002/03,2003-02-15,"SuperSport Park, Centurion",1,18.3,India,Australia,D Mongia,SR Tendulkar,A Symonds,0,0,,,,,,,,,
65244,2002/03,2003-02-15,"SuperSport Park, Centurion",1,18.4,India,Australia,D Mongia,SR Tendulkar,A Symonds,0,0,,,,,,,,,
65244,2002/03,2003-02-15,"SuperSport Park, Centurion",1,18.5,India,Australia,D Mongia,SR Tendulkar,A Symonds,2,0,,,,,,,,,
65244,2002/03,2003-02-15,"SuperSport Park, Centurion",1,18.6,India,Australia,D Mongia,SR Tendulkar,A Symonds,0,0,,,,,,,,,
65244,2002/03,2003-02-15,"SuperSport Park, Centurion",1,19.1,India,Australia,SR Tendulkar,D Mongia,JN Gillespie,0,0,,,,,,,,,
65244,2002/03,2003-02-15,"SuperSport Park, Centurion",1,19.2,India,Australia,SR Tendulkar,D Mongia,JN Gillespie,0,0,,,,,,,,,
65244,2002/03,2003-02-15,"SuperSport Park, Centurion",1,19.3,India,Australia,SR Tendulkar,D Mongia,JN Gillespie,1,0,,,,,,,,,
65244,2002/03,2003-02-15,"SuperSport Park, Centurion",1,19.4,India,Australia,D Mongia,SR Tendulkar,JN Gillespie,0,0,,,,,,,,,
65244,2002/03,2003-02-15,"SuperSport Park, Centurion",1,19.5,India,Australia,D Mongia,SR Tendulkar,JN Gillespie,0,0,,,,,,,,,
65244,2002/03,2003-02-15,"SuperSport Park, Centurion",1,19.6,India,Australia,D Mongia,SR Tendulkar,JN Gillespie,0,0,,,,,,,,,
65244,2002/03,2003-02-15,"SuperSport Park, Centurion",1,20.1,India,Australia,SR Tendulkar,D Mongia,A Symonds,0,3,3,,,,,,,,
65244,2002/03,2003-02-15,"SuperSport Park, Centurion",1,20.2,India,Australia,SR Tendulkar,D Mongia,A Symonds,1,0,,,,,,,,,
65244,2002/03,2003-02-15,"SuperSport Park, Centurion",1,20.3,India,Australia,D Mongia,SR Tendulkar,A Symonds,4,0,,,,,,,,,
65244,2002/03,2003-02-15,"SuperSport Park, Centurion",1,20.4,India,Australia,D Mongia,SR Tendulkar,A Symonds,0,0,,,,,,,,,
65244,2002/03,2003-02-15,"SuperSport Park, Centurion",1,20.5,India,Australia,D Mongia,SR Tendulkar,A Symonds,0,0,,,,,,,,,
65244,2002/03,2003-02-15,"SuperSport Park, Centurion",1,20.6,India,Australia,D Mongia,SR Tendulkar,A Symonds,2,0,,,,,,,,,
65244,2002/03,2003-02-15,"SuperSport Park, Centurion",1,20.7,India,Australia,D Mongia,SR Tendulkar,A Symonds,0,0,,,,,,,,,
65244,2002/03,2003-02-15,"SuperSport Park, Centurion",1,21.1,India,Australia,SR Tendulkar,D Mongia,JN Gillespie,0,0,,,,,,,,,
65244,2002/03,2003-02-15,"SuperSport Park, Centurion",1,21.2,India,Australia,SR Tendulkar,D Mongia,JN Gillespie,1,0,,,,,,,,,
65244,2002/03,2003-02-15,"SuperSport Park, Centurion",1,21.3,India,Australia,D Mongia,SR Tendulkar,JN Gillespie,0,0,,,,,,,,,
65244,2002/03,2003-02-15,"SuperSport Park, Centurion",1,21.4,India,Australia,D Mongia,SR Tendulkar,JN Gillespie,0,0,,,,,,,,,
65244,2002/03,2003-02-15,"SuperSport Park, Centurion",1,21.5,India,Australia,D Mongia,SR Tendulkar,JN Gillespie,0,0,,,,,,,,,
65244,2002/03,2003-02-15,"SuperSport Park, Centurion",1,21.6,India,Australia,D Mongia,SR Tendulkar,JN Gillespie,1,0,,,,,,,,,
65244,2002/03,2003-02-15,"SuperSport Park, Centurion",1,22.1,India,Australia,D Mongia,SR Tendulkar,A Symonds,0,0,,,,,,,,,
65244,2002/03,2003-02-15,"SuperSport Park, Centurion",1,22.2,India,Australia,D Mongia,SR Tendulkar,A Symonds,0,0,,,,,,,,,
65244,2002/03,2003-02-15,"SuperSport Park, Centurion",1,22.3,India,Australia,D Mongia,SR Tendulkar,A Symonds,0,0,,,,,,,,,
65244,2002/03,2003-02-15,"SuperSport Park, Centurion",1,22.4,India,Australia,D Mongia,SR Tendulkar,A Symonds,1,0,,,,,,,,,
65244,2002/03,2003-02-15,"SuperSport Park, Centurion",1,22.5,India,Australia,SR Tendulkar,D Mongia,A Symonds,1,0,,,,,,,,,
65244,2002/03,2003-02-15,"SuperSport Park, Centurion",1,22.6,India,Australia,D Mongia,SR Tendulkar,A Symonds,0,0,,,,,,,,,
65244,2002/03,2003-02-15,"SuperSport Park, Centurion",1,23.1,India,Australia,SR Tendulkar,D Mongia,JN Gillespie,0,0,,,,,,,,,
65244,2002/03,2003-02-15,"SuperSport Park, Centurion",1,23.2,India,Australia,SR Tendulkar,D Mongia,JN Gillespie,1,0,,,,,,,,,
65244,2002/03,2003-02-15,"SuperSport Park, Centurion",1,23.3,India,Australia,D Mongia,SR Tendulkar,JN Gillespie,0,0,,,,,,,,,
65244,2002/03,2003-02-15,"SuperSport Park, Centurion",1,23.4,India,Australia,D Mongia,SR Tendulkar,JN Gillespie,0,0,,,,,,,,,
65244,2002/03,2003-02-15,"SuperSport Park, Centurion",1,23.5,India,Australia,D Mongia,SR Tendulkar,JN Gillespie,0,0,,,,,,,,,
65244,2002/03,2003-02-15,"SuperSport Park, Centurion",1,23.6,India,Australia,D Mongia,SR Tendulkar,JN Gillespie,0,0,,,,,,,,,
65244,2002/03,2003-02-15,"SuperSport Park, Centurion",1,24.1,India,Australia,SR Tendulkar,D Mongia,A Symonds,0,1,1,,,,,,,,
65244,2002/03,2003-02-15,"SuperSport Park, Centurion",1,24.2,India,Australia,SR Tendulkar,D Mongia,A Symonds,0,0,,,,,,,,,
65244,2002/03,2003-02-15,"SuperSport Park, Centurion",1,24.3,India,Australia,SR Tendulkar,D Mongia,A Symonds,0,0,,,,,,,,,
65244,2002/03,2003-02-15,"SuperSport Park, Centurion",1,24.4,India,Australia,SR Tendulkar,D Mongia,A Symonds,0,0,,,,,,,,,
65244,2002/03,2003-02-15,"SuperSport Park, Centurion",1,24.5,India,Australia,SR Tendulkar,D Mongia,A Symonds,2,0,,,,,,,,,
65244,2002/03,2003-02-15,"SuperSport Park, Centurion",1,24.6,India,Australia,SR Tendulkar,D Mongia,A Symonds,0,0,,,,,,,,,
65244,2002/03,2003-02-15,"SuperSport Park, Centurion",1,24.7,India,Australia,SR Tendulkar,D Mongia,A Symonds,1,0,,,,,,,,,
65244,2002/03,2003-02-15,"SuperSport Park, Centurion",1,25.1,India,Australia,SR Tendulkar,D Mongia,JN Gillespie,0,0,,,,,,,,,
65244,2002/03,2003-02-15,"SuperSport Park, Centurion",1,25.2,India,Australia,SR Tendulkar,D Mongia,JN Gillespie,1,0,,,,,,,,,
65244,2002/03,2003-02-15,"SuperSport Park, Centurion",1,25.3,India,Australia,D Mongia,SR Tendulkar,JN Gillespie,0,0,,,,,,,,,
65244,2002/03,2003-02-15,"SuperSport Park, Centurion",1,25.4,India,Australia,D Mongia,SR Tendulkar,JN Gillespie,0,0,,,,,,,,,
65244,2002/03,2003-02-15,"SuperSport Park, Centurion",1,25.5,India,Australia,D Mongia,SR Tendulkar,JN Gillespie,0,0,,,,,,,,,
65244,2002/03,2003-02-15,"SuperSport Park, Centurion",1,25.6,India,Australia,D Mongia,SR Tendulkar,JN Gillespie,0,0,,,,,,,,,
65244,2002/03,2003-02-15,"SuperSport Park, Centurion",1,26.1,India,Australia,SR Tendulkar,D Mongia,A Symonds,0,1,1,,,,,,,,
65244,2002/03,2003-02-15,"SuperSport Park, Centurion",1,26.2,India,Australia,SR Tendulkar,D Mongia,A Symonds,0,0,,,,,,,,,
65244,2002/03,2003-02-15,"SuperSport Park, Centurion",1,26.3,India,Australia,SR Tendulkar,D Mongia,A Symonds,0,0,,,,,,,,,
65244,2002/03,2003-02-15,"SuperSport Park, Centurion",1,26.4,India,Australia,SR Tendulkar,D Mongia,A Symonds,1,0,,,,,,,,,
65244,2002/03,2003-02-15,"SuperSport Park, Centurion",1,26.5,India,Australia,D Mongia,SR Tendulkar,A Symonds,0,0,,,,,,,,,
65244,2002/03,2003-02-15,"SuperSport Park, Centurion",1,26.6,India,Australia,D Mongia,SR Tendulkar,A Symonds,0,0,,,,,,,,,
65244,2002/03,2003-02-15,"SuperSport Park, Centurion",1,26.7,India,Australia,D Mongia,SR Tendulkar,A Symonds,1,0,,,,,,,,,
65244,2002/03,2003-02-15,"SuperSport Park, Centurion",1,27.1,India,Australia,D Mongia,SR Tendulkar,JN Gillespie,0,0,,,,,,,,,
65244,2002/03,2003-02-15,"SuperSport Park, Centurion",1,27.2,India,Australia,D Mongia,SR Tendulkar,JN Gillespie,1,0,,,,,,,,,
65244,2002/03,2003-02-15,"SuperSport Park, Centurion",1,27.3,India,Australia,SR Tendulkar,D Mongia,JN Gillespie,0,0,,,,,,lbw,SR Tendulkar,,
65244,2002/03,2003-02-15,"SuperSport Park, Centurion",1,27.4,India,Australia,A Kumble,D Mongia,JN Gillespie,1,0,,,,,,,,,
65244,2002/03,2003-02-15,"SuperSport Park, Centurion",1,27.5,India,Australia,D Mongia,A Kumble,JN Gillespie,1,0,,,,,,,,,
65244,2002/03,2003-02-15,"SuperSport Park, Centurion",1,27.6,India,Australia,A Kumble,D Mongia,JN Gillespie,0,0,,,,,,,,,
65244,2002/03,2003-02-15,"SuperSport Park, Centurion",1,28.1,India,Australia,D Mongia,A Kumble,B Lee,0,0,,,,,,,,,
65244,2002/03,2003-02-15,"SuperSport Park, Centurion",1,28.2,India,Australia,D Mongia,A Kumble,B Lee,0,0,,,,,,,,,
65244,2002/03,2003-02-15,"SuperSport Park, Centurion",1,28.3,India,Australia,D Mongia,A Kumble,B Lee,0,0,,,,,,caught,D Mongia,,
65244,2002/03,2003-02-15,"SuperSport Park, Centurion",1,28.4,India,Australia,Harbhajan Singh,A Kumble,B Lee,0,0,,,,,,,,,
65244,2002/03,2003-02-15,"SuperSport Park, Centurion",1,28.5,India,Australia,Harbhajan Singh,A Kumble,B Lee,0,0,,,,,,,,,
65244,2002/03,2003-02-15,"SuperSport Park, Centurion",1,28.6,India,Australia,Harbhajan Singh,A Kumble,B Lee,4,0,,,,,,,,,
65244,2002/03,2003-02-15,"SuperSport Park, Centurion",1,29.1,India,Australia,A Kumble,Harbhajan Singh,JN Gillespie,0,0,,,,,,,,,
65244,2002/03,2003-02-15,"SuperSport Park, Centurion",1,29.2,India,Australia,A Kumble,Harbhajan Singh,JN Gillespie,0,0,,,,,,,,,
65244,2002/03,2003-02-15,"SuperSport Park, Centurion",1,29.3,India,Australia,A Kumble,Harbhajan Singh,JN Gillespie,1,0,,,,,,,,,
65244,2002/03,2003-02-15,"SuperSport Park, Centurion",1,29.4,India,Australia,Harbhajan Singh,A Kumble,JN Gillespie,0,0,,,,,,,,,
65244,2002/03,2003-02-15,"SuperSport Park, Centurion",1,29.5,India,Australia,Harbhajan Singh,A Kumble,JN Gillespie,0,0,,,,,,,,,
65244,2002/03,2003-02-15,"SuperSport Park, Centurion",1,29.6,India,Australia,Harbhajan Singh,A Kumble,JN Gillespie,1,0,,,,,,,,,
65244,2002/03,2003-02-15,"SuperSport Park, Centurion",1,30.1,India,Australia,Harbhajan Singh,A Kumble,B Lee,0,0,,,,,,,,,
65244,2002/03,2003-02-15,"SuperSport Park, Centurion",1,30.2,India,Australia,Harbhajan Singh,A Kumble,B Lee,4,0,,,,,,,,,
65244,2002/03,2003-02-15,"SuperSport Park, Centurion",1,30.3,India,Australia,Harbhajan Singh,A Kumble,B Lee,6,0,,,,,,,,,
65244,2002/03,2003-02-15,"SuperSport Park, Centurion",1,30.4,India,Australia,Harbhajan Singh,A Kumble,B Lee,0,0,,,,,,,,,
65244,2002/03,2003-02-15,"SuperSport Park, Centurion",1,30.5,India,Australia,Harbhajan Singh,A Kumble,B Lee,0,0,,,,,,,,,
65244,2002/03,2003-02-15,"SuperSport Park, Centurion",1,30.6,India,Australia,Harbhajan Singh,A Kumble,B Lee,0,0,,,,,,,,,
65244,2002/03,2003-02-15,"SuperSport Park, Centurion",1,31.1,India,Australia,A Kumble,Harbhajan Singh,JN Gillespie,0,0,,,,,,,,,
65244,2002/03,2003-02-15,"SuperSport Park, Centurion",1,31.2,India,Australia,A Kumble,Harbhajan Singh,JN Gillespie,0,0,,,,,,,,,
65244,2002/03,2003-02-15,"SuperSport Park, Centurion",1,31.3,India,Australia,A Kumble,Harbhajan Singh,JN Gillespie,0,0,,,,,,,,,
65244,2002/03,2003-02-15,"SuperSport Park, Centurion",1,31.4,India,Australia,A Kumble,Harbhajan Singh,JN Gillespie,0,0,,,,,,,,,
65244,2002/03,2003-02-15,"SuperSport Park, Centurion",1,31.5,India,Australia,A Kumble,Harbhajan Singh,JN Gillespie,1,0,,,,,,,,,
65244,2002/03,2003-02-15,"SuperSport Park, Centurion",1,31.6,India,Australia,Harbhajan Singh,A Kumble,JN Gillespie,0,0,,,,,,,,,
65244,2002/03,2003-02-15,"SuperSport Park, Centurion",1,32.1,India,Australia,A Kumble,Harbhajan Singh,B Lee,0,0,,,,,,,,,
65244,2002/03,2003-02-15,"SuperSport Park, Centurion",1,32.2,India,Australia,A Kumble,Harbhajan Singh,B Lee,0,1,1,,,,,,,,
65244,2002/03,2003-02-15,"SuperSport Park, Centurion",1,32.3,India,Australia,A Kumble,Harbhajan Singh,B Lee,0,0,,,,,,,,,
65244,2002/03,2003-02-15,"SuperSport Park, Centurion",1,32.4,India,Australia,A Kumble,Harbhajan Singh,B Lee,0,0,,,,,,,,,
65244,2002/03,2003-02-15,"SuperSport Park, Centurion",1,32.5,India,Australia,A Kumble,Harbhajan Singh,B Lee,4,0,,,,,,,,,
65244,2002/03,2003-02-15,"SuperSport Park, Centurion",1,32.6,India,Australia,A Kumble,Harbhajan Singh,B Lee,0,0,,,,,,,,,
65244,2002/03,2003-02-15,"SuperSport Park, Centurion",1,32.7,India,Australia,A Kumble,Harbhajan Singh,B Lee,0,0,,,,,,,,,
65244,2002/03,2003-02-15,"SuperSport Park, Centurion",1,33.1,India,Australia,Harbhajan Singh,A Kumble,GB Hogg,0,0,,,,,,,,,
65244,2002/03,2003-02-15,"SuperSport Park, Centurion",1,33.2,India,Australia,Harbhajan Singh,A Kumble,GB Hogg,0,0,,,,,,,,,
65244,2002/03,2003-02-15,"SuperSport Park, Centurion",1,33.3,India,Australia,Harbhajan Singh,A Kumble,GB Hogg,1,0,,,,,,,,,
65244,2002/03,2003-02-15,"SuperSport Park, Centurion",1,33.4,India,Australia,A Kumble,Harbhajan Singh,GB Hogg,1,0,,,,,,,,,
65244,2002/03,2003-02-15,"SuperSport Park, Centurion",1,33.5,India,Australia,Harbhajan Singh,A Kumble,GB Hogg,0,0,,,,,,,,,
65244,2002/03,2003-02-15,"SuperSport Park, Centurion",1,33.6,India,Australia,Harbhajan Singh,A Kumble,GB Hogg,0,0,,,,,,,,,
65244,2002/03,2003-02-15,"SuperSport Park, Centurion",1,34.1,India,Australia,A Kumble,Harbhajan Singh,DS Lehmann,1,0,,,,,,,,,
65244,2002/03,2003-02-15,"SuperSport Park, Centurion",1,34.2,India,Australia,Harbhajan Singh,A Kumble,DS Lehmann,0,0,,,,,,,,,
65244,2002/03,2003-02-15,"SuperSport Park, Centurion",1,34.3,India,Australia,Harbhajan Singh,A Kumble,DS Lehmann,0,0,,,,,,,,,
65244,2002/03,2003-02-15,"SuperSport Park, Centurion",1,34.4,India,Australia,Harbhajan Singh,A Kumble,DS Lehmann,0,0,,,,,,,,,
65244,2002/03,2003-02-15,"SuperSport Park, Centurion",1,34.5,India,Australia,Harbhajan Singh,A Kumble,DS Lehmann,1,0,,,,,,,,,
65244,2002/03,2003-02-15,"SuperSport Park, Centurion",1,34.6,India,Australia,A Kumble,Harbhajan Singh,DS Lehmann,0,0,,,,,,,,,
65244,2002/03,2003-02-15,"SuperSport Park, Centurion",1,35.1,India,Australia,Harbhajan Singh,A Kumble,GB Hogg,4,0,,,,,,,,,
65244,2002/03,2003-02-15,"SuperSport Park, Centurion",1,35.2,India,Australia,Harbhajan Singh,A Kumble,GB Hogg,4,0,,,,,,,,,
65244,2002/03,2003-02-15,"SuperSport Park, Centurion",1,35.3,India,Australia,Harbhajan Singh,A Kumble,GB Hogg,0,0,,,,,,,,,
65244,2002/03,2003-02-15,"SuperSport Park, Centurion",1,35.4,India,Australia,Harbhajan Singh,A Kumble,GB Hogg,2,0,,,,,,,,,
65244,2002/03,2003-02-15,"SuperSport Park, Centurion",1,35.5,India,Australia,Harbhajan Singh,A Kumble,GB Hogg,0,0,,,,,,,,,
65244,2002/03,2003-02-15,"SuperSport Park, Centurion",1,35.6,India,Australia,Harbhajan Singh,A Kumble,GB Hogg,0,0,,,,,,,,,
65244,2002/03,2003-02-15,"SuperSport Park, Centurion",1,36.1,India,Australia,A Kumble,Harbhajan Singh,DS Lehmann,1,0,,,,,,,,,
65244,2002/03,2003-02-15,"SuperSport Park, Centurion",1,36.2,India,Australia,Harbhajan Singh,A Kumble,DS Lehmann,0,0,,,,,,,,,
65244,2002/03,2003-02-15,"SuperSport Park, Centurion",1,36.3,India,Australia,Harbhajan Singh,A Kumble,DS Lehmann,0,0,,,,,,,,,
65244,2002/03,2003-02-15,"SuperSport Park, Centurion",1,36.4,India,Australia,Harbhajan Singh,A Kumble,DS Lehmann,1,0,,,,,,,,,
65244,2002/03,2003-02-15,"SuperSport Park, Centurion",1,36.5,India,Australia,A Kumble,Harbhajan Singh,DS Lehmann,0,0,,,,,,,,,
65244,2002/03,2003-02-15,"SuperSport Park, Centurion",1,36.6,India,Australia,A Kumble,Harbhajan Singh,DS Lehmann,1,0,,,,,,,,,
65244,2002/03,2003-02-15,"SuperSport Park, Centurion",1,37.1,India,Australia,A Kumble,Harbhajan Singh,GB Hogg,1,0,,,,,,,,,
65244,2002/03,2003-02-15,"SuperSport Park, Centurion",1,37.2,India,Australia,Harbhajan Singh,A Kumble,GB Hogg,0,0,,,,,,lbw,Harbhajan Singh,,
65244,2002/03,2003-02-15,"SuperSport Park, Centurion",1,37.3,India,Australia,Z Khan,A Kumble,GB Hogg,0,0,,,,,,,,,
65244,2002/03,2003-02-15,"SuperSport Park, Centurion",1,37.4,India,Australia,Z Khan,A Kumble,GB Hogg,0,0,,,,,,,,,
65244,2002/03,2003-02-15,"SuperSport Park, Centurion",1,37.5,India,Australia,Z Khan,A Kumble,GB Hogg,0,0,,,,,,,,,
65244,2002/03,2003-02-15,"SuperSport Park, Centurion",1,37.6,India,Australia,Z Khan,A Kumble,GB Hogg,0,0,,,,,,,,,
65244,2002/03,2003-02-15,"SuperSport Park, Centurion",1,38.1,India,Australia,A Kumble,Z Khan,DS Lehmann,0,0,,,,,,,,,
65244,2002/03,2003-02-15,"SuperSport Park, Centurion",1,38.2,India,Australia,A Kumble,Z Khan,DS Lehmann,0,0,,,,,,,,,
65244,2002/03,2003-02-15,"SuperSport Park, Centurion",1,38.3,India,Australia,A Kumble,Z Khan,DS Lehmann,0,0,,,,,,,,,
65244,2002/03,2003-02-15,"SuperSport Park, Centurion",1,38.4,India,Australia,A Kumble,Z Khan,DS Lehmann,0,0,,,,,,,,,
65244,2002/03,2003-02-15,"SuperSport Park, Centurion",1,38.5,India,Australia,A Kumble,Z Khan,DS Lehmann,1,0,,,,,,,,,
65244,2002/03,2003-02-15,"SuperSport Park, Centurion",1,38.6,India,Australia,Z Khan,A Kumble,DS Lehmann,0,0,,,,,,,,,
65244,2002/03,2003-02-15,"SuperSport Park, Centurion",1,39.1,India,Australia,A Kumble,Z Khan,GB Hogg,0,0,,,,,,,,,
65244,2002/03,2003-02-15,"SuperSport Park, Centurion",1,39.2,India,Australia,A Kumble,Z Khan,GB Hogg,1,0,,,,,,,,,
65244,2002/03,2003-02-15,"SuperSport Park, Centurion",1,39.3,India,Australia,Z Khan,A Kumble,GB Hogg,0,0,,,,,,,,,
65244,2002/03,2003-02-15,"SuperSport Park, Centurion",1,39.4,India,Australia,Z Khan,A Kumble,GB Hogg,1,0,,,,,,,,,
65244,2002/03,2003-02-15,"SuperSport Park, Centurion",1,39.5,India,Australia,A Kumble,Z Khan,GB Hogg,0,0,,,,,,,,,
65244,2002/03,2003-02-15,"SuperSport Park, Centurion",1,39.6,India,Australia,A Kumble,Z Khan,GB Hogg,1,0,,,,,,,,,
65244,2002/03,2003-02-15,"SuperSport Park, Centurion",1,40.1,India,Australia,A Kumble,Z Khan,DS Lehmann,0,0,,,,,,,,,
65244,2002/03,2003-02-15,"SuperSport Park, Centurion",1,40.2,India,Australia,A Kumble,Z Khan,DS Lehmann,1,0,,,,,,,,,
65244,2002/03,2003-02-15,"SuperSport Park, Centurion",1,40.3,India,Australia,Z Khan,A Kumble,DS Lehmann,0,0,,,,,,,,,
65244,2002/03,2003-02-15,"SuperSport Park, Centurion",1,40.4,India,Australia,Z Khan,A Kumble,DS Lehmann,0,0,,,,,,lbw,Z Khan,,
65244,2002/03,2003-02-15,"SuperSport Park, Centurion",1,40.5,India,Australia,J Srinath,A Kumble,DS Lehmann,0,0,,,,,,,,,
65244,2002/03,2003-02-15,"SuperSport Park, Centurion",1,40.6,India,Australia,J Srinath,A Kumble,DS Lehmann,0,0,,,,,,,,,
65244,2002/03,2003-02-15,"SuperSport Park, Centurion",1,41.1,India,Australia,A Kumble,J Srinath,GB Hogg,0,0,,,,,,,,,
65244,2002/03,2003-02-15,"SuperSport Park, Centurion",1,41.2,India,Australia,A Kumble,J Srinath,GB Hogg,0,0,,,,,,,,,
65244,2002/03,2003-02-15,"SuperSport Park, Centurion",1,41.3,India,Australia,A Kumble,J Srinath,GB Hogg,0,0,,,,,,,,,
65244,2002/03,2003-02-15,"SuperSport Park, Centurion",1,41.4,India,Australia,A Kumble,J Srinath,GB Hogg,0,0,,,,,,run out,J Srinath,,
65244,2002/03,2003-02-15,"SuperSport Park, Centurion",2,0.1,Australia,India,AC Gilchrist,ML Hayden,J Srinath,1,0,,,,,,,,,
65244,2002/03,2003-02-15,"SuperSport Park, Centurion",2,0.2,Australia,India,ML Hayden,AC Gilchrist,J Srinath,3,0,,,,,,,,,
65244,2002/03,2003-02-15,"SuperSport Park, Centurion",2,0.3,Australia,India,AC Gilchrist,ML Hayden,J Srinath,0,0,,,,,,,,,
65244,2002/03,2003-02-15,"SuperSport Park, Centurion",2,0.4,Australia,India,AC Gilchrist,ML Hayden,J Srinath,4,0,,,,,,,,,
65244,2002/03,2003-02-15,"SuperSport Park, Centurion",2,0.5,Australia,India,AC Gilchrist,ML Hayden,J Srinath,0,0,,,,,,,,,
65244,2002/03,2003-02-15,"SuperSport Park, Centurion",2,0.6,Australia,India,AC Gilchrist,ML Hayden,J Srinath,1,0,,,,,,,,,
65244,2002/03,2003-02-15,"SuperSport Park, Centurion",2,1.1,Australia,India,AC Gilchrist,ML Hayden,Z Khan,0,0,,,,,,,,,
65244,2002/03,2003-02-15,"SuperSport Park, Centurion",2,1.2,Australia,India,AC Gilchrist,ML Hayden,Z Khan,0,2,,,,2,,,,,
65244,2002/03,2003-02-15,"SuperSport Park, Centurion",2,1.3,Australia,India,AC Gilchrist,ML Hayden,Z Khan,2,0,,,,,,,,,
65244,2002/03,2003-02-15,"SuperSport Park, Centurion",2,1.4,Australia,India,AC Gilchrist,ML Hayden,Z Khan,0,0,,,,,,,,,
65244,2002/03,2003-02-15,"SuperSport Park, Centurion",2,1.5,Australia,India,AC Gilchrist,ML Hayden,Z Khan,0,0,,,,,,,,,
65244,2002/03,2003-02-15,"SuperSport Park, Centurion",2,1.6,Australia,India,AC Gilchrist,ML Hayden,Z Khan,0,0,,,,,,,,,
65244,2002/03,2003-02-15,"SuperSport Park, Centurion",2,2.1,Australia,India,ML Hayden,AC Gilchrist,J Srinath,0,0,,,,,,,,,
65244,2002/03,2003-02-15,"SuperSport Park, Centurion",2,2.2,Australia,India,ML Hayden,AC Gilchrist,J Srinath,1,0,,,,,,,,,
65244,2002/03,2003-02-15,"SuperSport Park, Centurion",2,2.3,Australia,India,AC Gilchrist,ML Hayden,J Srinath,0,0,,,,,,,,,
65244,2002/03,2003-02-15,"SuperSport Park, Centurion",2,2.4,Australia,India,AC Gilchrist,ML Hayden,J Srinath,0,0,,,,,,,,,
65244,2002/03,2003-02-15,"SuperSport Park, Centurion",2,2.5,Australia,India,AC Gilchrist,ML Hayden,J Srinath,0,0,,,,,,,,,
65244,2002/03,2003-02-15,"SuperSport Park, Centurion",2,2.6,Australia,India,AC Gilchrist,ML Hayden,J Srinath,2,0,,,,,,,,,
65244,2002/03,2003-02-15,"SuperSport Park, Centurion",2,3.1,Australia,India,ML Hayden,AC Gilchrist,Z Khan,2,0,,,,,,,,,
65244,2002/03,2003-02-15,"SuperSport Park, Centurion",2,3.2,Australia,India,ML Hayden,AC Gilchrist,Z Khan,0,0,,,,,,,,,
65244,2002/03,2003-02-15,"SuperSport Park, Centurion",2,3.3,Australia,India,ML Hayden,AC Gilchrist,Z Khan,0,1,1,,,,,,,,
65244,2002/03,2003-02-15,"SuperSport Park, Centurion",2,3.4,Australia,India,ML Hayden,AC Gilchrist,Z Khan,4,0,,,,,,,,,
65244,2002/03,2003-02-15,"SuperSport Park, Centurion",2,3.5,Australia,India,ML Hayden,AC Gilchrist,Z Khan,0,0,,,,,,,,,
65244,2002/03,2003-02-15,"SuperSport Park, Centurion",2,3.6,Australia,India,ML Hayden,AC Gilchrist,Z Khan,0,0,,,,,,,,,
65244,2002/03,2003-02-15,"SuperSport Park, Centurion",2,3.7,Australia,India,ML Hayden,AC Gilchrist,Z Khan,0,0,,,,,,,,,
65244,2002/03,2003-02-15,"SuperSport Park, Centurion",2,4.1,Australia,India,AC Gilchrist,ML Hayden,J Srinath,0,1,1,,,,,,,,
65244,2002/03,2003-02-15,"SuperSport Park, Centurion",2,4.2,Australia,India,AC Gilchrist,ML Hayden,J Srinath,0,0,,,,,,,,,
65244,2002/03,2003-02-15,"SuperSport Park, Centurion",2,4.3,Australia,India,AC Gilchrist,ML Hayden,J Srinath,0,0,,,,,,,,,
65244,2002/03,2003-02-15,"SuperSport Park, Centurion",2,4.4,Australia,India,AC Gilchrist,ML Hayden,J Srinath,1,0,,,,,,,,,
65244,2002/03,2003-02-15,"SuperSport Park, Centurion",2,4.5,Australia,India,ML Hayden,AC Gilchrist,J Srinath,0,0,,,,,,,,,
65244,2002/03,2003-02-15,"SuperSport Park, Centurion",2,4.6,Australia,India,ML Hayden,AC Gilchrist,J Srinath,3,0,,,,,,,,,
65244,2002/03,2003-02-15,"SuperSport Park, Centurion",2,4.7,Australia,India,AC Gilchrist,ML Hayden,J Srinath,1,0,,,,,,,,,
65244,2002/03,2003-02-15,"SuperSport Park, Centurion",2,5.1,Australia,India,AC Gilchrist,ML Hayden,Z Khan,0,0,,,,,,,,,
65244,2002/03,2003-02-15,"SuperSport Park, Centurion",2,5.2,Australia,India,AC Gilchrist,ML Hayden,Z Khan,1,0,,,,,,,,,
65244,2002/03,2003-02-15,"SuperSport Park, Centurion",2,5.3,Australia,India,ML Hayden,AC Gilchrist,Z Khan,1,0,,,,,,,,,
65244,2002/03,2003-02-15,"SuperSport Park, Centurion",2,5.4,Australia,India,AC Gilchrist,ML Hayden,Z Khan,0,0,,,,,,,,,
65244,2002/03,2003-02-15,"SuperSport Park, Centurion",2,5.5,Australia,India,AC Gilchrist,ML Hayden,Z Khan,4,0,,,,,,,,,
65244,2002/03,2003-02-15,"SuperSport Park, Centurion",2,5.6,Australia,India,AC Gilchrist,ML Hayden,Z Khan,0,0,,,,,,,,,
65244,2002/03,2003-02-15,"SuperSport Park, Centurion",2,6.1,Australia,India,ML Hayden,AC Gilchrist,J Srinath,6,0,,,,,,,,,
65244,2002/03,2003-02-15,"SuperSport Park, Centurion",2,6.2,Australia,India,ML Hayden,AC Gilchrist,J Srinath,0,0,,,,,,,,,
65244,2002/03,2003-02-15,"SuperSport Park, Centurion",2,6.3,Australia,India,ML Hayden,AC Gilchrist,J Srinath,0,1,,,,1,,,,,
65244,2002/03,2003-02-15,"SuperSport Park, Centurion",2,6.4,Australia,India,AC Gilchrist,ML Hayden,J Srinath,2,0,,,,,,,,,
65244,2002/03,2003-02-15,"SuperSport Park, Centurion",2,6.5,Australia,India,AC Gilchrist,ML Hayden,J Srinath,0,0,,,,,,,,,
65244,2002/03,2003-02-15,"SuperSport Park, Centurion",2,6.6,Australia,India,AC Gilchrist,ML Hayden,J Srinath,0,0,,,,,,,,,
65244,2002/03,2003-02-15,"SuperSport Park, Centurion",2,7.1,Australia,India,ML Hayden,AC Gilchrist,Z Khan,1,0,,,,,,,,,
65244,2002/03,2003-02-15,"SuperSport Park, Centurion",2,7.2,Australia,India,AC Gilchrist,ML Hayden,Z Khan,2,0,,,,,,,,,
65244,2002/03,2003-02-15,"SuperSport Park, Centurion",2,7.3,Australia,India,AC Gilchrist,ML Hayden,Z Khan,0,0,,,,,,,,,
65244,2002/03,2003-02-15,"SuperSport Park, Centurion",2,7.4,Australia,India,AC Gilchrist,ML Hayden,Z Khan,4,0,,,,,,,,,
65244,2002/03,2003-02-15,"SuperSport Park, Centurion",2,7.5,Australia,India,AC Gilchrist,ML Hayden,Z Khan,1,0,,,,,,,,,
65244,2002/03,2003-02-15,"SuperSport Park, Centurion",2,7.6,Australia,India,ML Hayden,AC Gilchrist,Z Khan,3,0,,,,,,,,,
65244,2002/03,2003-02-15,"SuperSport Park, Centurion",2,8.1,Australia,India,ML Hayden,AC Gilchrist,Harbhajan Singh,0,0,,,,,,,,,
65244,2002/03,2003-02-15,"SuperSport Park, Centurion",2,8.2,Australia,India,ML Hayden,AC Gilchrist,Harbhajan Singh,0,0,,,,,,,,,
65244,2002/03,2003-02-15,"SuperSport Park, Centurion",2,8.3,Australia,India,ML Hayden,AC Gilchrist,Harbhajan Singh,1,0,,,,,,,,,
65244,2002/03,2003-02-15,"SuperSport Park, Centurion",2,8.4,Australia,India,AC Gilchrist,ML Hayden,Harbhajan Singh,0,0,,,,,,,,,
65244,2002/03,2003-02-15,"SuperSport Park, Centurion",2,8.5,Australia,India,AC Gilchrist,ML Hayden,Harbhajan Singh,0,0,,,,,,,,,
65244,2002/03,2003-02-15,"SuperSport Park, Centurion",2,8.6,Australia,India,AC Gilchrist,ML Hayden,Harbhajan Singh,0,0,,,,,,,,,
65244,2002/03,2003-02-15,"SuperSport Park, Centurion",2,9.1,Australia,India,ML Hayden,AC Gilchrist,A Kumble,0,0,,,,,,,,,
65244,2002/03,2003-02-15,"SuperSport Park, Centurion",2,9.2,Australia,India,ML Hayden,AC Gilchrist,A Kumble,0,0,,,,,,,,,
65244,2002/03,2003-02-15,"SuperSport Park, Centurion",2,9.3,Australia,India,ML Hayden,AC Gilchrist,A Kumble,1,0,,,,,,,,,
65244,2002/03,2003-02-15,"SuperSport Park, Centurion",2,9.4,Australia,India,AC Gilchrist,ML Hayden,A Kumble,0,0,,,,,,,,,
65244,2002/03,2003-02-15,"SuperSport Park, Centurion",2,9.5,Australia,India,AC Gilchrist,ML Hayden,A Kumble,0,0,,,,,,,,,
65244,2002/03,2003-02-15,"SuperSport Park, Centurion",2,9.6,Australia,India,AC Gilchrist,ML Hayden,A Kumble,0,0,,,,,,,,,
65244,2002/03,2003-02-15,"SuperSport Park, Centurion",2,10.1,Australia,India,ML Hayden,AC Gilchrist,Harbhajan Singh,1,0,,,,,,,,,
65244,2002/03,2003-02-15,"SuperSport Park, Centurion",2,10.2,Australia,India,AC Gilchrist,ML Hayden,Harbhajan Singh,0,0,,,,,,,,,
65244,2002/03,2003-02-15,"SuperSport Park, Centurion",2,10.3,Australia,India,AC Gilchrist,ML Hayden,Harbhajan Singh,0,0,,,,,,,,,
65244,2002/03,2003-02-15,"SuperSport Park, Centurion",2,10.4,Australia,India,AC Gilchrist,ML Hayden,Harbhajan Singh,0,5,5,,,,,,,,
65244,2002/03,2003-02-15,"SuperSport Park, Centurion",2,10.5,Australia,India,AC Gilchrist,ML Hayden,Harbhajan Singh,1,0,,,,,,,,,
65244,2002/03,2003-02-15,"SuperSport Park, Centurion",2,10.6,Australia,India,ML Hayden,AC Gilchrist,Harbhajan Singh,0,0,,,,,,,,,
65244,2002/03,2003-02-15,"SuperSport Park, Centurion",2,10.7,Australia,India,ML Hayden,AC Gilchrist,Harbhajan Singh,0,0,,,,,,,,,
65244,2002/03,2003-02-15,"SuperSport Park, Centurion",2,11.1,Australia,India,AC Gilchrist,ML Hayden,A Kumble,0,0,,,,,,,,,
65244,2002/03,2003-02-15,"SuperSport Park, Centurion",2,11.2,Australia,India,AC Gilchrist,ML Hayden,A Kumble,1,0,,,,,,,,,
65244,2002/03,2003-02-15,"SuperSport Park, Centurion",2,11.3,Australia,India,ML Hayden,AC Gilchrist,A Kumble,1,0,,,,,,,,,
65244,2002/03,2003-02-15,"SuperSport Park, Centurion",2,11.4,Australia,India,AC Gilchrist,ML Hayden,A Kumble,0,0,,,,,,,,,
65244,2002/03,2003-02-15,"SuperSport Park, Centurion",2,11.5,Australia,India,AC Gilchrist,ML Hayden,A Kumble,0,0,,,,,,,,,
65244,2002/03,2003-02-15,"SuperSport Park, Centurion",2,11.6,Australia,India,AC Gilchrist,ML Hayden,A Kumble,0,0,,,,,,,,,
65244,2002/03,2003-02-15,"SuperSport Park, Centurion",2,12.1,Australia,India,ML Hayden,AC Gilchrist,Harbhajan Singh,6,0,,,,,,,,,
65244,2002/03,2003-02-15,"SuperSport Park, Centurion",2,12.2,Australia,India,ML Hayden,AC Gilchrist,Harbhajan Singh,0,0,,,,,,,,,
65244,2002/03,2003-02-15,"SuperSport Park, Centurion",2,12.3,Australia,India,ML Hayden,AC Gilchrist,Harbhajan Singh,0,0,,,,,,,,,
65244,2002/03,2003-02-15,"SuperSport Park, Centurion",2,12.4,Australia,India,ML Hayden,AC Gilchrist,Harbhajan Singh,0,0,,,,,,,,,
65244,2002/03,2003-02-15,"SuperSport Park, Centurion",2,12.5,Australia,India,ML Hayden,AC Gilchrist,Harbhajan Singh,1,0,,,,,,,,,
65244,2002/03,2003-02-15,"SuperSport Park, Centurion",2,12.6,Australia,India,AC Gilchrist,ML Hayden,Harbhajan Singh,1,0,,,,,,,,,
65244,2002/03,2003-02-15,"SuperSport Park, Centurion",2,13.1,Australia,India,AC Gilchrist,ML Hayden,A Kumble,0,0,,,,,,,,,
65244,2002/03,2003-02-15,"SuperSport Park, Centurion",2,13.2,Australia,India,AC Gilchrist,ML Hayden,A Kumble,0,0,,,,,,,,,
65244,2002/03,2003-02-15,"SuperSport Park, Centurion",2,13.3,Australia,India,AC Gilchrist,ML Hayden,A Kumble,0,0,,,,,,,,,
65244,2002/03,2003-02-15,"SuperSport Park, Centurion",2,13.4,Australia,India,AC Gilchrist,ML Hayden,A Kumble,4,0,,,,,,,,,
65244,2002/03,2003-02-15,"SuperSport Park, Centurion",2,13.5,Australia,India,AC Gilchrist,ML Hayden,A Kumble,1,0,,,,,,,,,
65244,2002/03,2003-02-15,"SuperSport Park, Centurion",2,13.6,Australia,India,ML Hayden,AC Gilchrist,A Kumble,1,0,,,,,,,,,
65244,2002/03,2003-02-15,"SuperSport Park, Centurion",2,14.1,Australia,India,ML Hayden,AC Gilchrist,Harbhajan Singh,0,0,,,,,,,,,
65244,2002/03,2003-02-15,"SuperSport Park, Centurion",2,14.2,Australia,India,ML Hayden,AC Gilchrist,Harbhajan Singh,1,0,,,,,,,,,
65244,2002/03,2003-02-15,"SuperSport Park, Centurion",2,14.3,Australia,India,AC Gilchrist,ML Hayden,Harbhajan Singh,1,0,,,,,,,,,
65244,2002/03,2003-02-15,"SuperSport Park, Centurion",2,14.4,Australia,India,ML Hayden,AC Gilchrist,Harbhajan Singh,1,0,,,,,,,,,
65244,2002/03,2003-02-15,"SuperSport Park, Centurion",2,14.5,Australia,India,AC Gilchrist,ML Hayden,Harbhajan Singh,4,0,,,,,,,,,
65244,2002/03,2003-02-15,"SuperSport Park, Centurion",2,14.6,Australia,India,AC Gilchrist,ML Hayden,Harbhajan Singh,4,0,,,,,,,,,
65244,2002/03,2003-02-15,"SuperSport Park, Centurion",2,15.1,Australia,India,ML Hayden,AC Gilchrist,A Kumble,1,0,,,,,,,,,
65244,2002/03,2003-02-15,"SuperSport Park, Centurion",2,15.2,Australia,India,AC Gilchrist,ML Hayden,A Kumble,1,0,,,,,,,,,
65244,2002/03,2003-02-15,"SuperSport Park, Centurion",2,15.3,Australia,India,ML Hayden,AC Gilchrist,A Kumble,0,0,,,,,,,,,
65244,2002/03,2003-02-15,"SuperSport Park, Centurion",2,15.4,Australia,India,ML Hayden,AC Gilchrist,A Kumble,0,0,,,,,,,,,
65244,2002/03,2003-02-15,"SuperSport Park, Centurion",2,15.5,Australia,India,ML Hayden,AC Gilchrist,A Kumble,0,0,,,,,,,,,
65244,2002/03,2003-02-15,"SuperSport Park, Centurion",2,15.6,Australia,India,ML Hayden,AC Gilchrist,A Kumble,1,0,,,,,,,,,
65244,2002/03,2003-02-15,"SuperSport Park, Centurion",2,16.1,Australia,India,ML Hayden,AC Gilchrist,Harbhajan Singh,1,0,,,,,,,,,
65244,2002/03,2003-02-15,"SuperSport Park, Centurion",2,16.2,Australia,India,AC Gilchrist,ML Hayden,Harbhajan Singh,1,0,,,,,,,,,
65244,2002/03,2003-02-15,"SuperSport Park, Centurion",2,16.3,Australia,India,ML Hayden,AC Gilchrist,Harbhajan Singh,0,0,,,,,,,,,
65244,2002/03,2003-02-15,"SuperSport Park, Centurion",2,16.4,Australia,India,ML Hayden,AC Gilchrist,Harbhajan Singh,1,0,,,,,,,,,
65244,2002/03,2003-02-15,"SuperSport Park, Centurion",2,16.5,Australia,India,AC Gilchrist,ML Hayden,Harbhajan Singh,0,0,,,,,,,,,
65244,2002/03,2003-02-15,"SuperSport Park, Centurion",2,16.6,Australia,India,AC Gilchrist,ML Hayden,Harbhajan Singh,3,0,,,,,,,,,
65244,2002/03,2003-02-15,"SuperSport Park, Centurion",2,17.1,Australia,India,AC Gilchrist,ML Hayden,A Kumble,0,0,,,,,,,,,
65244,2002/03,2003-02-15,"SuperSport Park, Centurion",2,17.2,Australia,India,AC Gilchrist,ML Hayden,A Kumble,0,0,,,,,,,,,
65244,2002/03,2003-02-15,"SuperSport Park, Centurion",2,17.3,Australia,India,AC Gilchrist,ML Hayden,A Kumble,0,0,,,,,,stumped,AC Gilchrist,,
65244,2002/03,2003-02-15,"SuperSport Park, Centurion",2,17.4,Australia,India,RT Ponting,ML Hayden,A Kumble,0,0,,,,,,,,,
65244,2002/03,2003-02-15,"SuperSport Park, Centurion",2,17.5,Australia,India,RT Ponting,ML Hayden,A Kumble,0,0,,,,,,,,,
65244,2002/03,2003-02-15,"SuperSport Park, Centurion",2,17.6,Australia,India,RT Ponting,ML Hayden,A Kumble,2,0,,,,,,,,,
65244,2002/03,2003-02-15,"SuperSport Park, Centurion",2,18.1,Australia,India,ML Hayden,RT Ponting,Harbhajan Singh,1,0,,,,,,,,,
65244,2002/03,2003-02-15,"SuperSport Park, Centurion",2,18.2,Australia,India,RT Ponting,ML Hayden,Harbhajan Singh,0,0,,,,,,,,,
65244,2002/03,2003-02-15,"SuperSport Park, Centurion",2,18.3,Australia,India,RT Ponting,ML Hayden,Harbhajan Singh,0,0,,,,,,,,,
65244,2002/03,2003-02-15,"SuperSport Park, Centurion",2,18.4,Australia,India,RT Ponting,ML Hayden,Harbhajan Singh,4,0,,,,,,,,,
65244,2002/03,2003-02-15,"SuperSport Park, Centurion",2,18.5,Australia,India,RT Ponting,ML Hayden,Harbhajan Singh,1,0,,,,,,,,,
65244,2002/03,2003-02-15,"SuperSport Park, Centurion",2,18.6,Australia,India,ML Hayden,RT Ponting,Harbhajan Singh,0,0,,,,,,,,,
65244,2002/03,2003-02-15,"SuperSport Park, Centurion",2,19.1,Australia,India,RT Ponting,ML Hayden,A Kumble,0,0,,,,,,,,,
65244,2002/03,2003-02-15,"SuperSport Park, Centurion",2,19.2,Australia,India,RT Ponting,ML Hayden,A Kumble,0,0,,,,,,,,,
65244,2002/03,2003-02-15,"SuperSport Park, Centurion",2,19.3,Australia,India,RT Ponting,ML Hayden,A Kumble,0,0,,,,,,,,,
65244,2002/03,2003-02-15,"SuperSport Park, Centurion",2,19.4,Australia,India,RT Ponting,ML Hayden,A Kumble,2,0,,,,,,,,,
65244,2002/03,2003-02-15,"SuperSport Park, Centurion",2,19.5,Australia,India,RT Ponting,ML Hayden,A Kumble,0,0,,,,,,,,,
65244,2002/03,2003-02-15,"SuperSport Park, Centurion",2,19.6,Australia,India,RT Ponting,ML Hayden,A Kumble,0,1,1,,,,,,,,
65244,2002/03,2003-02-15,"SuperSport Park, Centurion",2,19.7,Australia,India,RT Ponting,ML Hayden,A Kumble,4,0,,,,,,,,,
65244,2002/03,2003-02-15,"SuperSport Park, Centurion",2,20.1,Australia,India,ML Hayden,RT Ponting,Harbhajan Singh,1,0,,,,,,,,,
65244,2002/03,2003-02-15,"SuperSport Park, Centurion",2,20.2,Australia,India,RT Ponting,ML Hayden,Harbhajan Singh,4,0,,,,,,,,,
65244,2002/03,2003-02-15,"SuperSport Park, Centurion",2,20.3,Australia,India,RT Ponting,ML Hayden,Harbhajan Singh,0,0,,,,,,,,,
65244,2002/03,2003-02-15,"SuperSport Park, Centurion",2,20.4,Australia,India,RT Ponting,ML Hayden,Harbhajan Singh,0,0,,,,,,,,,
65244,2002/03,2003-02-15,"SuperSport Park, Centurion",2,20.5,Australia,India,RT Ponting,ML Hayden,Harbhajan Singh,0,0,,,,,,,,,
65244,2002/03,2003-02-15,"SuperSport Park, Centurion",2,20.6,Australia,India,RT Ponting,ML Hayden,Harbhajan Singh,1,0,,,,,,,,,
65244,2002/03,2003-02-15,"SuperSport Park, Centurion",2,21.1,Australia,India,RT Ponting,ML Hayden,A Kumble,0,0,,,,,,,,,
65244,2002/03,2003-02-15,"SuperSport Park, Centurion",2,21.2,Australia,India,RT Ponting,ML Hayden,A Kumble,0,0,,,,,,,,,
65244,2002/03,2003-02-15,"SuperSport Park, Centurion",2,21.3,Australia,India,RT Ponting,ML Hayden,A Kumble,1,0,,,,,,,,,
65244,2002/03,2003-02-15,"SuperSport Park, Centurion",2,21.4,Australia,India,ML Hayden,RT Ponting,A Kumble,0,0,,,,,,,,,
65244,2002/03,2003-02-15,"SuperSport Park, Centurion",2,21.5,Australia,India,ML Hayden,RT Ponting,A Kumble,1,0,,,,,,,,,
65244,2002/03,2003-02-15,"SuperSport Park, Centurion",2,21.6,Australia,India,RT Ponting,ML Hayden,A Kumble,1,0,,,,,,,,,
65244,2002/03,2003-02-15,"SuperSport Park, Centurion",2,22.1,Australia,India,RT Ponting,ML Hayden,Harbhajan Singh,0,0,,,,,,,,,
65244,2002/03,2003-02-15,"SuperSport Park, Centurion",2,22.2,Australia,India,RT Ponting,ML Hayden,Harbhajan Singh,4,0,,,,,,,,,
