match_id,season,start_date,venue,innings,ball,batting_team,bowling_team,striker,non_striker,bowler,runs_off_bat,extras,wides,noballs,byes,legbyes,penalty,wicket_type,player_dismissed,other_wicket_type,other_player_dismissed
65262,2002/03,2003-02-26,"Kingsmead, Durban",1,0.1,India,England,V Sehwag,SR Tendulkar,AR Caddick,1,0,,,,,,,,,
65262,2002/03,2003-02-26,"Kingsmead, Durban",1,0.2,India,England,SR Tendulkar,V Sehwag,AR Caddick,0,0,,,,,,,,,
65262,2002/03,2003-02-26,"Kingsmead, Durban",1,0.3,India,England,SR Tendulkar,V Sehwag,AR Caddick,4,0,,,,,,,,,
65262,2002/03,2003-02-26,"Kingsmead, Durban",1,0.4,India,England,SR Tendulkar,V Sehwag,AR Caddick,0,0,,,,,,,,,
65262,2002/03,2003-02-26,"Kingsmead, Durban",1,0.5,India,England,SR Tendulkar,V Sehwag,AR Caddick,1,0,,,,,,,,,
65262,2002/03,2003-02-26,"Kingsmead, Durban",1,0.6,India,England,V Sehwag,SR Tendulkar,AR Caddick,0,0,,,,,,,,,
65262,2002/03,2003-02-26,"Kingsmead, Durban",1,1.1,India,England,SR Tendulkar,V Sehwag,JM Anderson,0,0,,,,,,,,,
65262,2002/03,2003-02-26,"Kingsmead, Durban",1,1.2,India,England,SR Tendulkar,V Sehwag,JM Anderson,0,0,,,,,,,,,
65262,2002/03,2003-02-26,"Kingsmead, Durban",1,1.3,India,England,SR Tendulkar,V Sehwag,JM Anderson,0,1,1,,,,,,,,
65262,2002/03,2003-02-26,"Kingsmead, Durban",1,1.4,India,England,SR Tendulkar,V Sehwag,JM Anderson,0,0,,,,,,,,,
65262,2002/03,2003-02-26,"Kingsmead, Durban",1,1.5,India,England,SR Tendulkar,V Sehwag,JM Anderson,0,0,,,,,,,,,
65262,2002/03,2003-02-26,"Kingsmead, Durban",1,1.6,India,England,SR Tendulkar,V Sehwag,JM Anderson,0,0,,,,,,,,,
65262,2002/03,2003-02-26,"Kingsmead, Durban",1,1.7,India,England,SR Tendulkar,V Sehwag,JM Anderson,0,0,,,,,,,,,
65262,2002/03,2003-02-26,"Kingsmead, Durban",1,2.1,India,England,V Sehwag,SR Tendulkar,AR Caddick,0,0,,,,,,,,,
65262,2002/03,2003-02-26,"Kingsmead, Durban",1,2.2,India,England,V Sehwag,SR Tendulkar,AR Caddick,1,0,,,,,,,,,
65262,2002/03,2003-02-26,"Kingsmead, Durban",1,2.3,India,England,SR Tendulkar,V Sehwag,AR Caddick,0,1,,1,,,,,,,
65262,2002/03,2003-02-26,"Kingsmead, Durban",1,2.4,India,England,SR Tendulkar,V Sehwag,AR Caddick,0,0,,,,,,,,,
65262,2002/03,2003-02-26,"Kingsmead, Durban",1,2.5,India,England,SR Tendulkar,V Sehwag,AR Caddick,1,0,,,,,,,,,
65262,2002/03,2003-02-26,"Kingsmead, Durban",1,2.6,India,England,V Sehwag,SR Tendulkar,AR Caddick,0,0,,,,,,,,,
65262,2002/03,2003-02-26,"Kingsmead, Durban",1,2.7,India,England,V Sehwag,SR Tendulkar,AR Caddick,0,0,,,,,,,,,
65262,2002/03,2003-02-26,"Kingsmead, Durban",1,3.1,India,England,SR Tendulkar,V Sehwag,JM Anderson,0,0,,,,,,,,,
65262,2002/03,2003-02-26,"Kingsmead, Durban",1,3.2,India,England,SR Tendulkar,V Sehwag,JM Anderson,0,0,,,,,,,,,
65262,2002/03,2003-02-26,"Kingsmead, Durban",1,3.3,India,England,SR Tendulkar,V Sehwag,JM Anderson,1,0,,,,,,,,,
65262,2002/03,2003-02-26,"Kingsmead, Durban",1,3.4,India,England,V Sehwag,SR Tendulkar,JM Anderson,1,0,,,,,,,,,
65262,2002/03,2003-02-26,"Kingsmead, Durban",1,3.5,India,England,SR Tendulkar,V Sehwag,JM Anderson,1,0,,,,,,,,,
65262,2002/03,2003-02-26,"Kingsmead, Durban",1,3.6,India,England,V Sehwag,SR Tendulkar,JM Anderson,0,0,,,,,,,,,
65262,2002/03,2003-02-26,"Kingsmead, Durban",1,4.1,India,England,SR Tendulkar,V Sehwag,AR Caddick,4,0,,,,,,,,,
65262,2002/03,2003-02-26,"Kingsmead, Durban",1,4.2,India,England,SR Tendulkar,V Sehwag,AR Caddick,1,0,,,,,,,,,
65262,2002/03,2003-02-26,"Kingsmead, Durban",1,4.3,India,England,V Sehwag,SR Tendulkar,AR Caddick,0,0,,,,,,,,,
65262,2002/03,2003-02-26,"Kingsmead, Durban",1,4.4,India,England,V Sehwag,SR Tendulkar,AR Caddick,0,0,,,,,,,,,
65262,2002/03,2003-02-26,"Kingsmead, Durban",1,4.5,India,England,V Sehwag,SR Tendulkar,AR Caddick,0,0,,,,,,,,,
65262,2002/03,2003-02-26,"Kingsmead, Durban",1,4.6,India,England,V Sehwag,SR Tendulkar,AR Caddick,0,0,,,,,,,,,
65262,2002/03,2003-02-26,"Kingsmead, Durban",1,5.1,India,England,SR Tendulkar,V Sehwag,JM Anderson,0,0,,,,,,,,,
65262,2002/03,2003-02-26,"Kingsmead, Durban",1,5.2,India,England,SR Tendulkar,V Sehwag,JM Anderson,0,0,,,,,,,,,
65262,2002/03,2003-02-26,"Kingsmead, Durban",1,5.3,India,England,SR Tendulkar,V Sehwag,JM Anderson,0,1,1,,,,,,,,
65262,2002/03,2003-02-26,"Kingsmead, Durban",1,5.4,India,England,SR Tendulkar,V Sehwag,JM Anderson,0,1,1,,,,,,,,
65262,2002/03,2003-02-26,"Kingsmead, Durban",1,5.5,India,England,SR Tendulkar,V Sehwag,JM Anderson,0,0,,,,,,,,,
65262,2002/03,2003-02-26,"Kingsmead, Durban",1,5.6,India,England,SR Tendulkar,V Sehwag,JM Anderson,0,0,,,,,,,,,
65262,2002/03,2003-02-26,"Kingsmead, Durban",1,5.7,India,England,SR Tendulkar,V Sehwag,JM Anderson,0,0,,,,,,,,,
65262,2002/03,2003-02-26,"Kingsmead, Durban",1,5.8,India,England,SR Tendulkar,V Sehwag,JM Anderson,4,0,,,,,,,,,
65262,2002/03,2003-02-26,"Kingsmead, Durban",1,6.1,India,England,V Sehwag,SR Tendulkar,AR Caddick,0,0,,,,,,,,,
65262,2002/03,2003-02-26,"Kingsmead, Durban",1,6.2,India,England,V Sehwag,SR Tendulkar,AR Caddick,0,0,,,,,,,,,
65262,2002/03,2003-02-26,"Kingsmead, Durban",1,6.3,India,England,V Sehwag,SR Tendulkar,AR Caddick,0,0,,,,,,,,,
65262,2002/03,2003-02-26,"Kingsmead, Durban",1,6.4,India,England,V Sehwag,SR Tendulkar,AR Caddick,0,0,,,,,,,,,
65262,2002/03,2003-02-26,"Kingsmead, Durban",1,6.5,India,England,V Sehwag,SR Tendulkar,AR Caddick,2,0,,,,,,,,,
65262,2002/03,2003-02-26,"Kingsmead, Durban",1,6.6,India,England,V Sehwag,SR Tendulkar,AR Caddick,0,0,,,,,,,,,
65262,2002/03,2003-02-26,"Kingsmead, Durban",1,7.1,India,England,SR Tendulkar,V Sehwag,JM Anderson,1,0,,,,,,,,,
65262,2002/03,2003-02-26,"Kingsmead, Durban",1,7.2,India,England,V Sehwag,SR Tendulkar,JM Anderson,0,0,,,,,,,,,
65262,2002/03,2003-02-26,"Kingsmead, Durban",1,7.3,India,England,V Sehwag,SR Tendulkar,JM Anderson,4,0,,,,,,,,,
65262,2002/03,2003-02-26,"Kingsmead, Durban",1,7.4,India,England,V Sehwag,SR Tendulkar,JM Anderson,4,0,,,,,,,,,
65262,2002/03,2003-02-26,"Kingsmead, Durban",1,7.5,India,England,V Sehwag,SR Tendulkar,JM Anderson,0,1,1,,,,,,,,
65262,2002/03,2003-02-26,"Kingsmead, Durban",1,7.6,India,England,V Sehwag,SR Tendulkar,JM Anderson,2,0,,,,,,,,,
65262,2002/03,2003-02-26,"Kingsmead, Durban",1,7.7,India,England,V Sehwag,SR Tendulkar,JM Anderson,4,0,,,,,,,,,
65262,2002/03,2003-02-26,"Kingsmead, Durban",1,8.1,India,England,SR Tendulkar,V Sehwag,AR Caddick,0,0,,,,,,,,,
65262,2002/03,2003-02-26,"Kingsmead, Durban",1,8.2,India,England,SR Tendulkar,V Sehwag,AR Caddick,4,0,,,,,,,,,
65262,2002/03,2003-02-26,"Kingsmead, Durban",1,8.3,India,England,SR Tendulkar,V Sehwag,AR Caddick,6,0,,,,,,,,,
65262,2002/03,2003-02-26,"Kingsmead, Durban",1,8.4,India,England,SR Tendulkar,V Sehwag,AR Caddick,1,0,,,,,,,,,
65262,2002/03,2003-02-26,"Kingsmead, Durban",1,8.5,India,England,V Sehwag,SR Tendulkar,AR Caddick,4,0,,,,,,,,,
65262,2002/03,2003-02-26,"Kingsmead, Durban",1,8.6,India,England,V Sehwag,SR Tendulkar,AR Caddick,0,1,,1,,,,,,,
65262,2002/03,2003-02-26,"Kingsmead, Durban",1,8.7,India,England,V Sehwag,SR Tendulkar,AR Caddick,0,0,,,,,,,,,
65262,2002/03,2003-02-26,"Kingsmead, Durban",1,9.1,India,England,SR Tendulkar,V Sehwag,A Flintoff,0,0,,,,,,,,,
65262,2002/03,2003-02-26,"Kingsmead, Durban",1,9.2,India,England,SR Tendulkar,V Sehwag,A Flintoff,0,1,1,,,,,,,,
65262,2002/03,2003-02-26,"Kingsmead, Durban",1,9.3,India,England,SR Tendulkar,V Sehwag,A Flintoff,1,0,,,,,,,,,
65262,2002/03,2003-02-26,"Kingsmead, Durban",1,9.4,India,England,V Sehwag,SR Tendulkar,A Flintoff,0,0,,,,,,,,,
65262,2002/03,2003-02-26,"Kingsmead, Durban",1,9.5,India,England,V Sehwag,SR Tendulkar,A Flintoff,0,0,,,,,,,,,
65262,2002/03,2003-02-26,"Kingsmead, Durban",1,9.6,India,England,V Sehwag,SR Tendulkar,A Flintoff,0,0,,,,,,caught and bowled,V Sehwag,,
65262,2002/03,2003-02-26,"Kingsmead, Durban",1,9.7,India,England,SC Ganguly,SR Tendulkar,A Flintoff,0,0,,,,,,,,,
65262,2002/03,2003-02-26,"Kingsmead, Durban",1,10.1,India,England,SR Tendulkar,SC Ganguly,AR Caddick,0,1,1,,,,,,,,
65262,2002/03,2003-02-26,"Kingsmead, Durban",1,10.2,India,England,SR Tendulkar,SC Ganguly,AR Caddick,2,0,,,,,,,,,
65262,2002/03,2003-02-26,"Kingsmead, Durban",1,10.3,India,England,SR Tendulkar,SC Ganguly,AR Caddick,0,0,,,,,,,,,
65262,2002/03,2003-02-26,"Kingsmead, Durban",1,10.4,India,England,SR Tendulkar,SC Ganguly,AR Caddick,4,0,,,,,,,,,
65262,2002/03,2003-02-26,"Kingsmead, Durban",1,10.5,India,England,SR Tendulkar,SC Ganguly,AR Caddick,4,0,,,,,,,,,
65262,2002/03,2003-02-26,"Kingsmead, Durban",1,10.6,India,England,SR Tendulkar,SC Ganguly,AR Caddick,0,0,,,,,,,,,
65262,2002/03,2003-02-26,"Kingsmead, Durban",1,10.7,India,England,SR Tendulkar,SC Ganguly,AR Caddick,4,0,,,,,,,,,
65262,2002/03,2003-02-26,"Kingsmead, Durban",1,11.1,India,England,SC Ganguly,SR Tendulkar,A Flintoff,0,1,,,,1,,,,,
65262,2002/03,2003-02-26,"Kingsmead, Durban",1,11.2,India,England,SR Tendulkar,SC Ganguly,A Flintoff,1,0,,,,,,,,,
65262,2002/03,2003-02-26,"Kingsmead, Durban",1,11.3,India,England,SC Ganguly,SR Tendulkar,A Flintoff,0,0,,,,,,,,,
65262,2002/03,2003-02-26,"Kingsmead, Durban",1,11.4,India,England,SC Ganguly,SR Tendulkar,A Flintoff,0,0,,,,,,,,,
65262,2002/03,2003-02-26,"Kingsmead, Durban",1,11.5,India,England,SC Ganguly,SR Tendulkar,A Flintoff,0,0,,,,,,,,,
65262,2002/03,2003-02-26,"Kingsmead, Durban",1,11.6,India,England,SC Ganguly,SR Tendulkar,A Flintoff,0,0,,,,,,,,,
65262,2002/03,2003-02-26,"Kingsmead, Durban",1,12.1,India,England,SR Tendulkar,SC Ganguly,C White,0,0,,,,,,,,,
65262,2002/03,2003-02-26,"Kingsmead, Durban",1,12.2,India,England,SR Tendulkar,SC Ganguly,C White,4,0,,,,,,,,,
65262,2002/03,2003-02-26,"Kingsmead, Durban",1,12.3,India,England,SR Tendulkar,SC Ganguly,C White,0,0,,,,,,,,,
65262,2002/03,2003-02-26,"Kingsmead, Durban",1,12.4,India,England,SR Tendulkar,SC Ganguly,C White,0,0,,,,,,,,,
65262,2002/03,2003-02-26,"Kingsmead, Durban",1,12.5,India,England,SR Tendulkar,SC Ganguly,C White,0,0,,,,,,,,,
65262,2002/03,2003-02-26,"Kingsmead, Durban",1,12.6,India,England,SR Tendulkar,SC Ganguly,C White,0,0,,,,,,,,,
65262,2002/03,2003-02-26,"Kingsmead, Durban",1,13.1,India,England,SC Ganguly,SR Tendulkar,A Flintoff,0,0,,,,,,,,,
65262,2002/03,2003-02-26,"Kingsmead, Durban",1,13.2,India,England,SC Ganguly,SR Tendulkar,A Flintoff,1,0,,,,,,,,,
65262,2002/03,2003-02-26,"Kingsmead, Durban",1,13.3,India,England,SR Tendulkar,SC Ganguly,A Flintoff,0,0,,,,,,,,,
65262,2002/03,2003-02-26,"Kingsmead, Durban",1,13.4,India,England,SR Tendulkar,SC Ganguly,A Flintoff,0,0,,,,,,,,,
65262,2002/03,2003-02-26,"Kingsmead, Durban",1,13.5,India,England,SR Tendulkar,SC Ganguly,A Flintoff,0,0,,,,,,,,,
65262,2002/03,2003-02-26,"Kingsmead, Durban",1,13.6,India,England,SR Tendulkar,SC Ganguly,A Flintoff,0,0,,,,,,,,,
65262,2002/03,2003-02-26,"Kingsmead, Durban",1,14.1,India,England,SC Ganguly,SR Tendulkar,C White,0,0,,,,,,,,,
65262,2002/03,2003-02-26,"Kingsmead, Durban",1,14.2,India,England,SC Ganguly,SR Tendulkar,C White,2,0,,,,,,,,,
65262,2002/03,2003-02-26,"Kingsmead, Durban",1,14.3,India,England,SC Ganguly,SR Tendulkar,C White,0,0,,,,,,,,,
65262,2002/03,2003-02-26,"Kingsmead, Durban",1,14.4,India,England,SC Ganguly,SR Tendulkar,C White,1,0,,,,,,,,,
65262,2002/03,2003-02-26,"Kingsmead, Durban",1,14.5,India,England,SR Tendulkar,SC Ganguly,C White,1,0,,,,,,,,,
65262,2002/03,2003-02-26,"Kingsmead, Durban",1,14.6,India,England,SC Ganguly,SR Tendulkar,C White,4,1,,1,,,,,,,
65262,2002/03,2003-02-26,"Kingsmead, Durban",1,14.7,India,England,SC Ganguly,SR Tendulkar,C White,0,0,,,,,,,,,
65262,2002/03,2003-02-26,"Kingsmead, Durban",1,15.1,India,England,SR Tendulkar,SC Ganguly,A Flintoff,0,0,,,,,,,,,
65262,2002/03,2003-02-26,"Kingsmead, Durban",1,15.2,India,England,SR Tendulkar,SC Ganguly,A Flintoff,0,0,,,,,,caught,SR Tendulkar,,
65262,2002/03,2003-02-26,"Kingsmead, Durban",1,15.3,India,England,D Mongia,SC Ganguly,A Flintoff,0,0,,,,,,,,,
65262,2002/03,2003-02-26,"Kingsmead, Durban",1,15.4,India,England,D Mongia,SC Ganguly,A Flintoff,0,0,,,,,,,,,
65262,2002/03,2003-02-26,"Kingsmead, Durban",1,15.5,India,England,D Mongia,SC Ganguly,A Flintoff,0,0,,,,,,,,,
65262,2002/03,2003-02-26,"Kingsmead, Durban",1,15.6,India,England,D Mongia,SC Ganguly,A Flintoff,0,0,,,,,,,,,
65262,2002/03,2003-02-26,"Kingsmead, Durban",1,16.1,India,England,SC Ganguly,D Mongia,JM Anderson,0,0,,,,,,,,,
65262,2002/03,2003-02-26,"Kingsmead, Durban",1,16.2,India,England,SC Ganguly,D Mongia,JM Anderson,0,0,,,,,,,,,
65262,2002/03,2003-02-26,"Kingsmead, Durban",1,16.3,India,England,SC Ganguly,D Mongia,JM Anderson,0,0,,,,,,,,,
65262,2002/03,2003-02-26,"Kingsmead, Durban",1,16.4,India,England,SC Ganguly,D Mongia,JM Anderson,0,0,,,,,,,,,
65262,2002/03,2003-02-26,"Kingsmead, Durban",1,16.5,India,England,SC Ganguly,D Mongia,JM Anderson,0,0,,,,,,,,,
65262,2002/03,2003-02-26,"Kingsmead, Durban",1,16.6,India,England,SC Ganguly,D Mongia,JM Anderson,1,0,,,,,,,,,
65262,2002/03,2003-02-26,"Kingsmead, Durban",1,17.1,India,England,SC Ganguly,D Mongia,A Flintoff,1,0,,,,,,,,,
65262,2002/03,2003-02-26,"Kingsmead, Durban",1,17.2,India,England,D Mongia,SC Ganguly,A Flintoff,0,0,,,,,,,,,
65262,2002/03,2003-02-26,"Kingsmead, Durban",1,17.3,India,England,D Mongia,SC Ganguly,A Flintoff,1,0,,,,,,,,,
65262,2002/03,2003-02-26,"Kingsmead, Durban",1,17.4,India,England,SC Ganguly,D Mongia,A Flintoff,0,0,,,,,,,,,
65262,2002/03,2003-02-26,"Kingsmead, Durban",1,17.5,India,England,SC Ganguly,D Mongia,A Flintoff,0,0,,,,,,,,,
65262,2002/03,2003-02-26,"Kingsmead, Durban",1,17.6,India,England,SC Ganguly,D Mongia,A Flintoff,0,0,,,,,,,,,
65262,2002/03,2003-02-26,"Kingsmead, Durban",1,18.1,India,England,D Mongia,SC Ganguly,JM Anderson,0,0,,,,,,,,,
65262,2002/03,2003-02-26,"Kingsmead, Durban",1,18.2,India,England,D Mongia,SC Ganguly,JM Anderson,0,0,,,,,,,,,
65262,2002/03,2003-02-26,"Kingsmead, Durban",1,18.3,India,England,D Mongia,SC Ganguly,JM Anderson,1,0,,,,,,,,,
65262,2002/03,2003-02-26,"Kingsmead, Durban",1,18.4,India,England,SC Ganguly,D Mongia,JM Anderson,0,0,,,,,,,,,
65262,2002/03,2003-02-26,"Kingsmead, Durban",1,18.5,India,England,SC Ganguly,D Mongia,JM Anderson,1,0,,,,,,,,,
65262,2002/03,2003-02-26,"Kingsmead, Durban",1,18.6,India,England,D Mongia,SC Ganguly,JM Anderson,1,0,,,,,,,,,
65262,2002/03,2003-02-26,"Kingsmead, Durban",1,19.1,India,England,D Mongia,SC Ganguly,A Flintoff,0,0,,,,,,,,,
65262,2002/03,2003-02-26,"Kingsmead, Durban",1,19.2,India,England,D Mongia,SC Ganguly,A Flintoff,0,0,,,,,,,,,
65262,2002/03,2003-02-26,"Kingsmead, Durban",1,19.3,India,England,D Mongia,SC Ganguly,A Flintoff,0,0,,,,,,,,,
65262,2002/03,2003-02-26,"Kingsmead, Durban",1,19.4,India,England,D Mongia,SC Ganguly,A Flintoff,1,0,,,,,,,,,
65262,2002/03,2003-02-26,"Kingsmead, Durban",1,19.5,India,England,SC Ganguly,D Mongia,A Flintoff,0,0,,,,,,,,,
65262,2002/03,2003-02-26,"Kingsmead, Durban",1,19.6,India,England,SC Ganguly,D Mongia,A Flintoff,1,0,,,,,,,,,
65262,2002/03,2003-02-26,"Kingsmead, Durban",1,20.1,India,England,SC Ganguly,D Mongia,C White,0,0,,,,,,,,,
65262,2002/03,2003-02-26,"Kingsmead, Durban",1,20.2,India,England,SC Ganguly,D Mongia,C White,1,0,,,,,,,,,
65262,2002/03,2003-02-26,"Kingsmead, Durban",1,20.3,India,England,D Mongia,SC Ganguly,C White,1,0,,,,,,,,,
65262,2002/03,2003-02-26,"Kingsmead, Durban",1,20.4,India,England,SC Ganguly,D Mongia,C White,4,0,,,,,,,,,
65262,2002/03,2003-02-26,"Kingsmead, Durban",1,20.5,India,England,SC Ganguly,D Mongia,C White,0,0,,,,,,,,,
65262,2002/03,2003-02-26,"Kingsmead, Durban",1,20.6,India,England,SC Ganguly,D Mongia,C White,1,0,,,,,,,,,
65262,2002/03,2003-02-26,"Kingsmead, Durban",1,21.1,India,England,SC Ganguly,D Mongia,A Flintoff,0,0,,,,,,,,,
65262,2002/03,2003-02-26,"Kingsmead, Durban",1,21.2,India,England,SC Ganguly,D Mongia,A Flintoff,0,0,,,,,,,,,
65262,2002/03,2003-02-26,"Kingsmead, Durban",1,21.3,India,England,SC Ganguly,D Mongia,A Flintoff,0,0,,,,,,,,,
65262,2002/03,2003-02-26,"Kingsmead, Durban",1,21.4,India,England,SC Ganguly,D Mongia,A Flintoff,1,0,,,,,,,,,
65262,2002/03,2003-02-26,"Kingsmead, Durban",1,21.5,India,England,D Mongia,SC Ganguly,A Flintoff,0,0,,,,,,,,,
65262,2002/03,2003-02-26,"Kingsmead, Durban",1,21.6,India,England,D Mongia,SC Ganguly,A Flintoff,0,0,,,,,,,,,
65262,2002/03,2003-02-26,"Kingsmead, Durban",1,22.1,India,England,SC Ganguly,D Mongia,C White,0,0,,,,,,caught,SC Ganguly,,
65262,2002/03,2003-02-26,"Kingsmead, Durban",1,22.2,India,England,D Mongia,R Dravid,C White,0,0,,,,,,,,,
65262,2002/03,2003-02-26,"Kingsmead, Durban",1,22.3,India,England,D Mongia,R Dravid,C White,1,0,,,,,,,,,
65262,2002/03,2003-02-26,"Kingsmead, Durban",1,22.4,India,England,R Dravid,D Mongia,C White,1,0,,,,,,,,,
65262,2002/03,2003-02-26,"Kingsmead, Durban",1,22.5,India,England,D Mongia,R Dravid,C White,0,0,,,,,,,,,
65262,2002/03,2003-02-26,"Kingsmead, Durban",1,22.6,India,England,D Mongia,R Dravid,C White,0,0,,,,,,,,,
65262,2002/03,2003-02-26,"Kingsmead, Durban",1,23.1,India,England,R Dravid,D Mongia,A Flintoff,0,2,,,,2,,,,,
65262,2002/03,2003-02-26,"Kingsmead, Durban",1,23.2,India,England,R Dravid,D Mongia,A Flintoff,0,0,,,,,,,,,
65262,2002/03,2003-02-26,"Kingsmead, Durban",1,23.3,India,England,R Dravid,D Mongia,A Flintoff,0,0,,,,,,,,,
65262,2002/03,2003-02-26,"Kingsmead, Durban",1,23.4,India,England,R Dravid,D Mongia,A Flintoff,0,0,,,,,,,,,
65262,2002/03,2003-02-26,"Kingsmead, Durban",1,23.5,India,England,R Dravid,D Mongia,A Flintoff,0,0,,,,,,,,,
65262,2002/03,2003-02-26,"Kingsmead, Durban",1,23.6,India,England,R Dravid,D Mongia,A Flintoff,0,0,,,,,,,,,
65262,2002/03,2003-02-26,"Kingsmead, Durban",1,24.1,India,England,D Mongia,R Dravid,C White,0,0,,,,,,,,,
65262,2002/03,2003-02-26,"Kingsmead, Durban",1,24.2,India,England,D Mongia,R Dravid,C White,0,0,,,,,,,,,
65262,2002/03,2003-02-26,"Kingsmead, Durban",1,24.3,India,England,D Mongia,R Dravid,C White,0,0,,,,,,,,,
65262,2002/03,2003-02-26,"Kingsmead, Durban",1,24.4,India,England,D Mongia,R Dravid,C White,0,0,,,,,,,,,
65262,2002/03,2003-02-26,"Kingsmead, Durban",1,24.5,India,England,D Mongia,R Dravid,C White,1,0,,,,,,,,,
65262,2002/03,2003-02-26,"Kingsmead, Durban",1,24.6,India,England,R Dravid,D Mongia,C White,0,0,,,,,,,,,
65262,2002/03,2003-02-26,"Kingsmead, Durban",1,25.1,India,England,D Mongia,R Dravid,A Flintoff,0,0,,,,,,,,,
65262,2002/03,2003-02-26,"Kingsmead, Durban",1,25.2,India,England,D Mongia,R Dravid,A Flintoff,0,0,,,,,,,,,
65262,2002/03,2003-02-26,"Kingsmead, Durban",1,25.3,India,England,D Mongia,R Dravid,A Flintoff,0,0,,,,,,,,,
65262,2002/03,2003-02-26,"Kingsmead, Durban",1,25.4,India,England,D Mongia,R Dravid,A Flintoff,4,0,,,,,,,,,
65262,2002/03,2003-02-26,"Kingsmead, Durban",1,25.5,India,England,D Mongia,R Dravid,A Flintoff,0,0,,,,,,,,,
65262,2002/03,2003-02-26,"Kingsmead, Durban",1,25.6,India,England,D Mongia,R Dravid,A Flintoff,0,0,,,,,,,,,
65262,2002/03,2003-02-26,"Kingsmead, Durban",1,26.1,India,England,R Dravid,D Mongia,C White,4,0,,,,,,,,,
65262,2002/03,2003-02-26,"Kingsmead, Durban",1,26.2,India,England,R Dravid,D Mongia,C White,0,0,,,,,,,,,
65262,2002/03,2003-02-26,"Kingsmead, Durban",1,26.3,India,England,R Dravid,D Mongia,C White,0,0,,,,,,,,,
65262,2002/03,2003-02-26,"Kingsmead, Durban",1,26.4,India,England,R Dravid,D Mongia,C White,0,0,,,,,,,,,
65262,2002/03,2003-02-26,"Kingsmead, Durban",1,26.5,India,England,R Dravid,D Mongia,C White,1,0,,,,,,,,,
65262,2002/03,2003-02-26,"Kingsmead, Durban",1,26.6,India,England,D Mongia,R Dravid,C White,0,0,,,,,,,,,
65262,2002/03,2003-02-26,"Kingsmead, Durban",1,27.1,India,England,R Dravid,D Mongia,A Flintoff,0,0,,,,,,,,,
65262,2002/03,2003-02-26,"Kingsmead, Durban",1,27.2,India,England,R Dravid,D Mongia,A Flintoff,0,0,,,,,,,,,
65262,2002/03,2003-02-26,"Kingsmead, Durban",1,27.3,India,England,R Dravid,D Mongia,A Flintoff,1,0,,,,,,,,,
65262,2002/03,2003-02-26,"Kingsmead, Durban",1,27.4,India,England,D Mongia,R Dravid,A Flintoff,0,0,,,,,,,,,
65262,2002/03,2003-02-26,"Kingsmead, Durban",1,27.5,India,England,D Mongia,R Dravid,A Flintoff,1,0,,,,,,,,,
65262,2002/03,2003-02-26,"Kingsmead, Durban",1,27.6,India,England,R Dravid,D Mongia,A Flintoff,0,0,,,,,,,,,
65262,2002/03,2003-02-26,"Kingsmead, Durban",1,28.1,India,England,D Mongia,R Dravid,C White,0,0,,,,,,,,,
65262,2002/03,2003-02-26,"Kingsmead, Durban",1,28.2,India,England,D Mongia,R Dravid,C White,4,0,,,,,,,,,
65262,2002/03,2003-02-26,"Kingsmead, Durban",1,28.3,India,England,D Mongia,R Dravid,C White,1,0,,,,,,,,,
65262,2002/03,2003-02-26,"Kingsmead, Durban",1,28.4,India,England,R Dravid,D Mongia,C White,0,0,,,,,,,,,
65262,2002/03,2003-02-26,"Kingsmead, Durban",1,28.5,India,England,R Dravid,D Mongia,C White,0,0,,,,,,,,,
65262,2002/03,2003-02-26,"Kingsmead, Durban",1,28.6,India,England,R Dravid,D Mongia,C White,0,0,,,,,,,,,
65262,2002/03,2003-02-26,"Kingsmead, Durban",1,29.1,India,England,D Mongia,R Dravid,RC Irani,0,0,,,,,,,,,
65262,2002/03,2003-02-26,"Kingsmead, Durban",1,29.2,India,England,D Mongia,R Dravid,RC Irani,0,0,,,,,,,,,
65262,2002/03,2003-02-26,"Kingsmead, Durban",1,29.3,India,England,D Mongia,R Dravid,RC Irani,1,0,,,,,,,,,
65262,2002/03,2003-02-26,"Kingsmead, Durban",1,29.4,India,England,R Dravid,D Mongia,RC Irani,0,0,,,,,,,,,
65262,2002/03,2003-02-26,"Kingsmead, Durban",1,29.5,India,England,R Dravid,D Mongia,RC Irani,1,0,,,,,,,,,
65262,2002/03,2003-02-26,"Kingsmead, Durban",1,29.6,India,England,D Mongia,R Dravid,RC Irani,1,0,,,,,,,,,
65262,2002/03,2003-02-26,"Kingsmead, Durban",1,30.1,India,England,D Mongia,R Dravid,C White,0,0,,,,,,,,,
65262,2002/03,2003-02-26,"Kingsmead, Durban",1,30.2,India,England,D Mongia,R Dravid,C White,1,0,,,,,,,,,
65262,2002/03,2003-02-26,"Kingsmead, Durban",1,30.3,India,England,R Dravid,D Mongia,C White,1,0,,,,,,,,,
65262,2002/03,2003-02-26,"Kingsmead, Durban",1,30.4,India,England,D Mongia,R Dravid,C White,1,0,,,,,,,,,
65262,2002/03,2003-02-26,"Kingsmead, Durban",1,30.5,India,England,R Dravid,D Mongia,C White,0,0,,,,,,,,,
65262,2002/03,2003-02-26,"Kingsmead, Durban",1,30.6,India,England,R Dravid,D Mongia,C White,0,0,,,,,,,,,
65262,2002/03,2003-02-26,"Kingsmead, Durban",1,31.1,India,England,D Mongia,R Dravid,RC Irani,0,0,,,,,,,,,
65262,2002/03,2003-02-26,"Kingsmead, Durban",1,31.2,India,England,D Mongia,R Dravid,RC Irani,0,0,,,,,,,,,
65262,2002/03,2003-02-26,"Kingsmead, Durban",1,31.3,India,England,D Mongia,R Dravid,RC Irani,0,0,,,,,,,,,
65262,2002/03,2003-02-26,"Kingsmead, Durban",1,31.4,India,England,D Mongia,R Dravid,RC Irani,0,0,,,,,,,,,
65262,2002/03,2003-02-26,"Kingsmead, Durban",1,31.5,India,England,D Mongia,R Dravid,RC Irani,1,0,,,,,,,,,
65262,2002/03,2003-02-26,"Kingsmead, Durban",1,31.6,India,England,R Dravid,D Mongia,RC Irani,0,0,,,,,,,,,
65262,2002/03,2003-02-26,"Kingsmead, Durban",1,32.1,India,England,D Mongia,R Dravid,PD Collingwood,1,0,,,,,,,,,
65262,2002/03,2003-02-26,"Kingsmead, Durban",1,32.2,India,England,R Dravid,D Mongia,PD Collingwood,1,0,,,,,,,,,
65262,2002/03,2003-02-26,"Kingsmead, Durban",1,32.3,India,England,D Mongia,R Dravid,PD Collingwood,0,0,,,,,,,,,
65262,2002/03,2003-02-26,"Kingsmead, Durban",1,32.4,India,England,D Mongia,R Dravid,PD Collingwood,0,0,,,,,,,,,
65262,2002/03,2003-02-26,"Kingsmead, Durban",1,32.5,India,England,D Mongia,R Dravid,PD Collingwood,0,0,,,,,,,,,
65262,2002/03,2003-02-26,"Kingsmead, Durban",1,32.6,India,England,D Mongia,R Dravid,PD Collingwood,0,0,,,,,,,,,
65262,2002/03,2003-02-26,"Kingsmead, Durban",1,33.1,India,England,R Dravid,D Mongia,RC Irani,0,0,,,,,,,,,
65262,2002/03,2003-02-26,"Kingsmead, Durban",1,33.2,India,England,R Dravid,D Mongia,RC Irani,1,0,,,,,,,,,
65262,2002/03,2003-02-26,"Kingsmead, Durban",1,33.3,India,England,D Mongia,R Dravid,RC Irani,4,0,,,,,,,,,
65262,2002/03,2003-02-26,"Kingsmead, Durban",1,33.4,India,England,D Mongia,R Dravid,RC Irani,0,0,,,,,,,,,
65262,2002/03,2003-02-26,"Kingsmead, Durban",1,33.5,India,England,D Mongia,R Dravid,RC Irani,0,0,,,,,,,,,
65262,2002/03,2003-02-26,"Kingsmead, Durban",1,33.6,India,England,D Mongia,R Dravid,RC Irani,1,0,,,,,,,,,
65262,2002/03,2003-02-26,"Kingsmead, Durban",1,34.1,India,England,D Mongia,R Dravid,PD Collingwood,0,0,,,,,,,,,
65262,2002/03,2003-02-26,"Kingsmead, Durban",1,34.2,India,England,D Mongia,R Dravid,PD Collingwood,1,0,,,,,,,,,
65262,2002/03,2003-02-26,"Kingsmead, Durban",1,34.3,India,England,R Dravid,D Mongia,PD Collingwood,2,0,,,,,,,,,
65262,2002/03,2003-02-26,"Kingsmead, Durban",1,34.4,India,England,R Dravid,D Mongia,PD Collingwood,1,0,,,,,,,,,
65262,2002/03,2003-02-26,"Kingsmead, Durban",1,34.5,India,England,D Mongia,R Dravid,PD Collingwood,0,1,,,1,,,,,,
65262,2002/03,2003-02-26,"Kingsmead, Durban",1,34.6,India,England,R Dravid,D Mongia,PD Collingwood,1,0,,,,,,,,,
65262,2002/03,2003-02-26,"Kingsmead, Durban",1,35.1,India,England,R Dravid,D Mongia,RC Irani,1,0,,,,,,,,,
65262,2002/03,2003-02-26,"Kingsmead, Durban",1,35.2,India,England,D Mongia,R Dravid,RC Irani,0,0,,,,,,,,,
65262,2002/03,2003-02-26,"Kingsmead, Durban",1,35.3,India,England,D Mongia,R Dravid,RC Irani,1,0,,,,,,,,,
65262,2002/03,2003-02-26,"Kingsmead, Durban",1,35.4,India,England,R Dravid,D Mongia,RC Irani,0,0,,,,,,,,,
65262,2002/03,2003-02-26,"Kingsmead, Durban",1,35.5,India,England,R Dravid,D Mongia,RC Irani,1,0,,,,,,,,,
65262,2002/03,2003-02-26,"Kingsmead, Durban",1,35.6,India,England,D Mongia,R Dravid,RC Irani,2,0,,,,,,,,,
65262,2002/03,2003-02-26,"Kingsmead, Durban",1,36.1,India,England,R Dravid,D Mongia,PD Collingwood,1,0,,,,,,,,,
65262,2002/03,2003-02-26,"Kingsmead, Durban",1,36.2,India,England,D Mongia,R Dravid,PD Collingwood,0,0,,,,,,lbw,D Mongia,,
65262,2002/03,2003-02-26,"Kingsmead, Durban",1,36.3,India,England,Yuvraj Singh,R Dravid,PD Collingwood,0,0,,,,,,,,,
65262,2002/03,2003-02-26,"Kingsmead, Durban",1,36.4,India,England,Yuvraj Singh,R Dravid,PD Collingwood,0,0,,,,,,,,,
65262,2002/03,2003-02-26,"Kingsmead, Durban",1,36.5,India,England,Yuvraj Singh,R Dravid,PD Collingwood,0,0,,,,,,,,,
65262,2002/03,2003-02-26,"Kingsmead, Durban",1,36.6,India,England,Yuvraj Singh,R Dravid,PD Collingwood,1,0,,,,,,,,,
65262,2002/03,2003-02-26,"Kingsmead, Durban",1,37.1,India,England,Yuvraj Singh,R Dravid,RC Irani,1,0,,,,,,,,,
65262,2002/03,2003-02-26,"Kingsmead, Durban",1,37.2,India,England,R Dravid,Yuvraj Singh,RC Irani,1,0,,,,,,,,,
65262,2002/03,2003-02-26,"Kingsmead, Durban",1,37.3,India,England,Yuvraj Singh,R Dravid,RC Irani,0,0,,,,,,,,,
65262,2002/03,2003-02-26,"Kingsmead, Durban",1,37.4,India,England,Yuvraj Singh,R Dravid,RC Irani,0,0,,,,,,,,,
65262,2002/03,2003-02-26,"Kingsmead, Durban",1,37.5,India,England,Yuvraj Singh,R Dravid,RC Irani,1,0,,,,,,,,,
65262,2002/03,2003-02-26,"Kingsmead, Durban",1,37.6,India,England,R Dravid,Yuvraj Singh,RC Irani,1,0,,,,,,,,,
65262,2002/03,2003-02-26,"Kingsmead, Durban",1,38.1,India,England,R Dravid,Yuvraj Singh,PD Collingwood,0,0,,,,,,,,,
65262,2002/03,2003-02-26,"Kingsmead, Durban",1,38.2,India,England,R Dravid,Yuvraj Singh,PD Collingwood,1,0,,,,,,,,,
65262,2002/03,2003-02-26,"Kingsmead, Durban",1,38.3,India,England,Yuvraj Singh,R Dravid,PD Collingwood,1,0,,,,,,,,,
65262,2002/03,2003-02-26,"Kingsmead, Durban",1,38.4,India,England,R Dravid,Yuvraj Singh,PD Collingwood,2,0,,,,,,,,,
65262,2002/03,2003-02-26,"Kingsmead, Durban",1,38.5,India,England,R Dravid,Yuvraj Singh,PD Collingwood,1,0,,,,,,,,,
65262,2002/03,2003-02-26,"Kingsmead, Durban",1,38.6,India,England,Yuvraj Singh,R Dravid,PD Collingwood,1,0,,,,,,,,,
65262,2002/03,2003-02-26,"Kingsmead, Durban",1,39.1,India,England,Yuvraj Singh,R Dravid,RC Irani,2,0,,,,,,,,,
65262,2002/03,2003-02-26,"Kingsmead, Durban",1,39.2,India,England,Yuvraj Singh,R Dravid,RC Irani,0,0,,,,,,,,,
65262,2002/03,2003-02-26,"Kingsmead, Durban",1,39.3,India,England,Yuvraj Singh,R Dravid,RC Irani,6,0,,,,,,,,,
65262,2002/03,2003-02-26,"Kingsmead, Durban",1,39.4,India,England,Yuvraj Singh,R Dravid,RC Irani,0,0,,,,,,,,,
65262,2002/03,2003-02-26,"Kingsmead, Durban",1,39.5,India,England,Yuvraj Singh,R Dravid,RC Irani,0,0,,,,,,,,,
65262,2002/03,2003-02-26,"Kingsmead, Durban",1,39.6,India,England,Yuvraj Singh,R Dravid,RC Irani,1,0,,,,,,,,,
65262,2002/03,2003-02-26,"Kingsmead, Durban",1,40.1,India,England,Yuvraj Singh,R Dravid,JM Anderson,1,0,,,,,,,,,
65262,2002/03,2003-02-26,"Kingsmead, Durban",1,40.2,India,England,R Dravid,Yuvraj Singh,JM Anderson,1,0,,,,,,,,,
65262,2002/03,2003-02-26,"Kingsmead, Durban",1,40.3,India,England,Yuvraj Singh,R Dravid,JM Anderson,1,0,,,,,,,,,
65262,2002/03,2003-02-26,"Kingsmead, Durban",1,40.4,India,England,R Dravid,Yuvraj Singh,JM Anderson,0,0,,,,,,,,,
65262,2002/03,2003-02-26,"Kingsmead, Durban",1,40.5,India,England,R Dravid,Yuvraj Singh,JM Anderson,0,0,,,,,,,,,
65262,2002/03,2003-02-26,"Kingsmead, Durban",1,40.6,India,England,R Dravid,Yuvraj Singh,JM Anderson,1,0,,,,,,,,,
65262,2002/03,2003-02-26,"Kingsmead, Durban",1,41.1,India,England,R Dravid,Yuvraj Singh,AR Caddick,1,0,,,,,,,,,
65262,2002/03,2003-02-26,"Kingsmead, Durban",1,41.2,India,England,Yuvraj Singh,R Dravid,AR Caddick,0,0,,,,,,,,,
65262,2002/03,2003-02-26,"Kingsmead, Durban",1,41.3,India,England,Yuvraj Singh,R Dravid,AR Caddick,0,0,,,,,,,,,
65262,2002/03,2003-02-26,"Kingsmead, Durban",1,41.4,India,England,Yuvraj Singh,R Dravid,AR Caddick,4,0,,,,,,,,,
65262,2002/03,2003-02-26,"Kingsmead, Durban",1,41.5,India,England,Yuvraj Singh,R Dravid,AR Caddick,0,0,,,,,,,,,
65262,2002/03,2003-02-26,"Kingsmead, Durban",1,41.6,India,England,Yuvraj Singh,R Dravid,AR Caddick,0,0,,,,,,,,,
65262,2002/03,2003-02-26,"Kingsmead, Durban",1,42.1,India,England,R Dravid,Yuvraj Singh,JM Anderson,2,0,,,,,,,,,
65262,2002/03,2003-02-26,"Kingsmead, Durban",1,42.2,India,England,R Dravid,Yuvraj Singh,JM Anderson,1,0,,,,,,,,,
65262,2002/03,2003-02-26,"Kingsmead, Durban",1,42.3,India,England,Yuvraj Singh,R Dravid,JM Anderson,1,0,,,,,,,,,
65262,2002/03,2003-02-26,"Kingsmead, Durban",1,42.4,India,England,R Dravid,Yuvraj Singh,JM Anderson,0,0,,,,,,,,,
65262,2002/03,2003-02-26,"Kingsmead, Durban",1,42.5,India,England,R Dravid,Yuvraj Singh,JM Anderson,1,0,,,,,,,,,
65262,2002/03,2003-02-26,"Kingsmead, Durban",1,42.6,India,England,Yuvraj Singh,R Dravid,JM Anderson,1,0,,,,,,,,,
65262,2002/03,2003-02-26,"Kingsmead, Durban",1,43.1,India,England,Yuvraj Singh,R Dravid,AR Caddick,1,0,,,,,,,,,
65262,2002/03,2003-02-26,"Kingsmead, Durban",1,43.2,India,England,R Dravid,Yuvraj Singh,AR Caddick,0,0,,,,,,,,,
65262,2002/03,2003-02-26,"Kingsmead, Durban",1,43.3,India,England,R Dravid,Yuvraj Singh,AR Caddick,0,0,,,,,,,,,
65262,2002/03,2003-02-26,"Kingsmead, Durban",1,43.4,India,England,R Dravid,Yuvraj Singh,AR Caddick,0,0,,,,,,,,,
65262,2002/03,2003-02-26,"Kingsmead, Durban",1,43.5,India,England,R Dravid,Yuvraj Singh,AR Caddick,4,0,,,,,,,,,
65262,2002/03,2003-02-26,"Kingsmead, Durban",1,43.6,India,England,R Dravid,Yuvraj Singh,AR Caddick,0,1,,,,1,,,,,
65262,2002/03,2003-02-26,"Kingsmead, Durban",1,44.1,India,England,R Dravid,Yuvraj Singh,C White,1,0,,,,,,,,,
65262,2002/03,2003-02-26,"Kingsmead, Durban",1,44.2,India,England,Yuvraj Singh,R Dravid,C White,4,0,,,,,,,,,
65262,2002/03,2003-02-26,"Kingsmead, Durban",1,44.3,India,England,Yuvraj Singh,R Dravid,C White,0,0,,,,,,,,,
65262,2002/03,2003-02-26,"Kingsmead, Durban",1,44.4,India,England,Yuvraj Singh,R Dravid,C White,2,0,,,,,,,,,
65262,2002/03,2003-02-26,"Kingsmead, Durban",1,44.5,India,England,Yuvraj Singh,R Dravid,C White,4,0,,,,,,,,,
65262,2002/03,2003-02-26,"Kingsmead, Durban",1,44.6,India,England,Yuvraj Singh,R Dravid,C White,1,0,,,,,,,,,
65262,2002/03,2003-02-26,"Kingsmead, Durban",1,45.1,India,England,Yuvraj Singh,R Dravid,AR Caddick,1,0,,,,,,,,,
65262,2002/03,2003-02-26,"Kingsmead, Durban",1,45.2,India,England,R Dravid,Yuvraj Singh,AR Caddick,1,0,,,,,,,,,
65262,2002/03,2003-02-26,"Kingsmead, Durban",1,45.3,India,England,Yuvraj Singh,R Dravid,AR Caddick,2,0,,,,,,,,,
65262,2002/03,2003-02-26,"Kingsmead, Durban",1,45.4,India,England,Yuvraj Singh,R Dravid,AR Caddick,0,0,,,,,,,,,
65262,2002/03,2003-02-26,"Kingsmead, Durban",1,45.5,India,England,Yuvraj Singh,R Dravid,AR Caddick,4,0,,,,,,,,,
65262,2002/03,2003-02-26,"Kingsmead, Durban",1,45.6,India,England,Yuvraj Singh,R Dravid,AR Caddick,1,0,,,,,,,,,
65262,2002/03,2003-02-26,"Kingsmead, Durban",1,46.1,India,England,Yuvraj Singh,R Dravid,JM Anderson,0,0,,,,,,,,,
65262,2002/03,2003-02-26,"Kingsmead, Durban",1,46.2,India,England,Yuvraj Singh,R Dravid,JM Anderson,0,0,,,,,,caught,Yuvraj Singh,,
65262,2002/03,2003-02-26,"Kingsmead, Durban",1,46.3,India,England,M Kaif,R Dravid,JM Anderson,0,1,1,,,,,,,,
65262,2002/03,2003-02-26,"Kingsmead, Durban",1,46.4,India,England,M Kaif,R Dravid,JM Anderson,2,0,,,,,,,,,
65262,2002/03,2003-02-26,"Kingsmead, Durban",1,46.5,India,England,M Kaif,R Dravid,JM Anderson,1,0,,,,,,,,,
65262,2002/03,2003-02-26,"Kingsmead, Durban",1,46.6,India,England,R Dravid,M Kaif,JM Anderson,0,0,,,,,,,,,
65262,2002/03,2003-02-26,"Kingsmead, Durban",1,46.7,India,England,R Dravid,M Kaif,JM Anderson,1,0,,,,,,,,,
65262,2002/03,2003-02-26,"Kingsmead, Durban",1,47.1,India,England,R Dravid,M Kaif,C White,2,0,,,,,,,,,
65262,2002/03,2003-02-26,"Kingsmead, Durban",1,47.2,India,England,R Dravid,M Kaif,C White,2,0,,,,,,,,,
65262,2002/03,2003-02-26,"Kingsmead, Durban",1,47.3,India,England,R Dravid,M Kaif,C White,2,0,,,,,,,,,
65262,2002/03,2003-02-26,"Kingsmead, Durban",1,47.4,India,England,R Dravid,M Kaif,C White,1,0,,,,,,,,,
65262,2002/03,2003-02-26,"Kingsmead, Durban",1,47.5,India,England,M Kaif,R Dravid,C White,0,0,,,,,,,,,
65262,2002/03,2003-02-26,"Kingsmead, Durban",1,47.6,India,England,M Kaif,R Dravid,C White,2,0,,,,,,,,,
65262,2002/03,2003-02-26,"Kingsmead, Durban",1,48.1,India,England,R Dravid,M Kaif,JM Anderson,0,0,,,,,,,,,
65262,2002/03,2003-02-26,"Kingsmead, Durban",1,48.2,India,England,R Dravid,M Kaif,JM Anderson,6,0,,,,,,,,,
65262,2002/03,2003-02-26,"Kingsmead, Durban",1,48.3,India,England,R Dravid,M Kaif,JM Anderson,2,0,,,,,,,,,
65262,2002/03,2003-02-26,"Kingsmead, Durban",1,48.4,India,England,R Dravid,M Kaif,JM Anderson,4,0,,,,,,,,,
65262,2002/03,2003-02-26,"Kingsmead, Durban",1,48.5,India,England,R Dravid,M Kaif,JM Anderson,2,0,,,,,,,,,
65262,2002/03,2003-02-26,"Kingsmead, Durban",1,48.6,India,England,R Dravid,M Kaif,JM Anderson,2,0,,,,,,,,,
65262,2002/03,2003-02-26,"Kingsmead, Durban",1,49.1,India,England,M Kaif,R Dravid,AR Caddick,0,0,,,,,,,,,
65262,2002/03,2003-02-26,"Kingsmead, Durban",1,49.2,India,England,M Kaif,R Dravid,AR Caddick,0,2,2,,,,,,,,
65262,2002/03,2003-02-26,"Kingsmead, Durban",1,49.3,India,England,R Dravid,M Kaif,AR Caddick,1,0,,,,,,,,,
65262,2002/03,2003-02-26,"Kingsmead, Durban",1,49.4,India,England,M Kaif,R Dravid,AR Caddick,0,0,,,,,,caught,M Kaif,,
65262,2002/03,2003-02-26,"Kingsmead, Durban",1,49.5,India,England,R Dravid,Harbhajan Singh,AR Caddick,0,0,,,,,,caught,R Dravid,,
65262,2002/03,2003-02-26,"Kingsmead, Durban",1,49.6,India,England,Harbhajan Singh,Z Khan,AR Caddick,0,0,,,,,,run out,Z Khan,,
65262,2002/03,2003-02-26,"Kingsmead, Durban",1,49.7,India,England,J Srinath,Harbhajan Singh,AR Caddick,0,0,,,,,,caught,J Srinath,,
65262,2002/03,2003-02-26,"Kingsmead, Durban",2,0.1,England,India,ME Trescothick,NV Knight,Z Khan,0,0,,,,,,,,,
65262,2002/03,2003-02-26,"Kingsmead, Durban",2,0.2,England,India,ME Trescothick,NV Knight,Z Khan,1,0,,,,,,,,,
65262,2002/03,2003-02-26,"Kingsmead, Durban",2,0.3,England,India,NV Knight,ME Trescothick,Z Khan,0,1,1,,,,,,,,
65262,2002/03,2003-02-26,"Kingsmead, Durban",2,0.4,England,India,NV Knight,ME Trescothick,Z Khan,0,0,,,,,,,,,
65262,2002/03,2003-02-26,"Kingsmead, Durban",2,0.5,England,India,NV Knight,ME Trescothick,Z Khan,1,0,,,,,,,,,
65262,2002/03,2003-02-26,"Kingsmead, Durban",2,0.6,England,India,ME Trescothick,NV Knight,Z Khan,0,1,1,,,,,,,,
65262,2002/03,2003-02-26,"Kingsmead, Durban",2,0.7,England,India,ME Trescothick,NV Knight,Z Khan,0,0,,,,,,,,,
65262,2002/03,2003-02-26,"Kingsmead, Durban",2,0.8,England,India,ME Trescothick,NV Knight,Z Khan,2,0,,,,,,,,,
65262,2002/03,2003-02-26,"Kingsmead, Durban",2,1.1,England,India,NV Knight,ME Trescothick,J Srinath,0,0,,,,,,run out,NV Knight,,
65262,2002/03,2003-02-26,"Kingsmead, Durban",2,1.2,England,India,ME Trescothick,MP Vaughan,J Srinath,0,0,,,,,,,,,
65262,2002/03,2003-02-26,"Kingsmead, Durban",2,1.3,England,India,ME Trescothick,MP Vaughan,J Srinath,0,1,1,,,,,,,,
65262,2002/03,2003-02-26,"Kingsmead, Durban",2,1.4,England,India,ME Trescothick,MP Vaughan,J Srinath,0,0,,,,,,,,,
65262,2002/03,2003-02-26,"Kingsmead, Durban",2,1.5,England,India,ME Trescothick,MP Vaughan,J Srinath,0,0,,,,,,,,,
65262,2002/03,2003-02-26,"Kingsmead, Durban",2,1.6,England,India,ME Trescothick,MP Vaughan,J Srinath,0,0,,,,,,,,,
65262,2002/03,2003-02-26,"Kingsmead, Durban",2,1.7,England,India,ME Trescothick,MP Vaughan,J Srinath,0,0,,,,,,,,,
65262,2002/03,2003-02-26,"Kingsmead, Durban",2,2.1,England,India,MP Vaughan,ME Trescothick,Z Khan,0,0,,,,,,,,,
65262,2002/03,2003-02-26,"Kingsmead, Durban",2,2.2,England,India,MP Vaughan,ME Trescothick,Z Khan,0,0,,,,,,,,,
65262,2002/03,2003-02-26,"Kingsmead, Durban",2,2.3,England,India,MP Vaughan,ME Trescothick,Z Khan,0,0,,,,,,,,,
65262,2002/03,2003-02-26,"Kingsmead, Durban",2,2.4,England,India,MP Vaughan,ME Trescothick,Z Khan,0,0,,,,,,,,,
65262,2002/03,2003-02-26,"Kingsmead, Durban",2,2.5,England,India,MP Vaughan,ME Trescothick,Z Khan,3,0,,,,,,,,,
65262,2002/03,2003-02-26,"Kingsmead, Durban",2,2.6,England,India,ME Trescothick,MP Vaughan,Z Khan,0,0,,,,,,,,,
65262,2002/03,2003-02-26,"Kingsmead, Durban",2,3.1,England,India,MP Vaughan,ME Trescothick,J Srinath,1,0,,,,,,,,,
65262,2002/03,2003-02-26,"Kingsmead, Durban",2,3.2,England,India,ME Trescothick,MP Vaughan,J Srinath,0,0,,,,,,,,,
65262,2002/03,2003-02-26,"Kingsmead, Durban",2,3.3,England,India,ME Trescothick,MP Vaughan,J Srinath,0,0,,,,,,,,,
65262,2002/03,2003-02-26,"Kingsmead, Durban",2,3.4,England,India,ME Trescothick,MP Vaughan,J Srinath,0,0,,,,,,,,,
65262,2002/03,2003-02-26,"Kingsmead, Durban",2,3.5,England,India,ME Trescothick,MP Vaughan,J Srinath,0,0,,,,,,,,,
65262,2002/03,2003-02-26,"Kingsmead, Durban",2,3.6,England,India,ME Trescothick,MP Vaughan,J Srinath,0,0,,,,,,,,,
65262,2002/03,2003-02-26,"Kingsmead, Durban",2,4.1,England,India,MP Vaughan,ME Trescothick,Z Khan,0,0,,,,,,,,,
65262,2002/03,2003-02-26,"Kingsmead, Durban",2,4.2,England,India,MP Vaughan,ME Trescothick,Z Khan,0,0,,,,,,,,,
65262,2002/03,2003-02-26,"Kingsmead, Durban",2,4.3,England,India,MP Vaughan,ME Trescothick,Z Khan,0,0,,,,,,,,,
65262,2002/03,2003-02-26,"Kingsmead, Durban",2,4.4,England,India,MP Vaughan,ME Trescothick,Z Khan,1,0,,,,,,,,,
65262,2002/03,2003-02-26,"Kingsmead, Durban",2,4.5,England,India,ME Trescothick,MP Vaughan,Z Khan,1,0,,,,,,,,,
65262,2002/03,2003-02-26,"Kingsmead, Durban",2,4.6,England,India,MP Vaughan,ME Trescothick,Z Khan,0,0,,,,,,,,,
65262,2002/03,2003-02-26,"Kingsmead, Durban",2,5.1,England,India,ME Trescothick,MP Vaughan,J Srinath,0,0,,,,,,,,,
65262,2002/03,2003-02-26,"Kingsmead, Durban",2,5.2,England,India,ME Trescothick,MP Vaughan,J Srinath,0,0,,,,,,,,,
65262,2002/03,2003-02-26,"Kingsmead, Durban",2,5.3,England,India,ME Trescothick,MP Vaughan,J Srinath,0,0,,,,,,,,,
65262,2002/03,2003-02-26,"Kingsmead, Durban",2,5.4,England,India,ME Trescothick,MP Vaughan,J Srinath,0,0,,,,,,,,,
65262,2002/03,2003-02-26,"Kingsmead, Durban",2,5.5,England,India,ME Trescothick,MP Vaughan,J Srinath,0,0,,,,,,,,,
65262,2002/03,2003-02-26,"Kingsmead, Durban",2,5.6,England,India,ME Trescothick,MP Vaughan,J Srinath,4,0,,,,,,,,,
65262,2002/03,2003-02-26,"Kingsmead, Durban",2,6.1,England,India,MP Vaughan,ME Trescothick,Z Khan,0,0,,,,,,,,,
65262,2002/03,2003-02-26,"Kingsmead, Durban",2,6.2,England,India,MP Vaughan,ME Trescothick,Z Khan,0,0,,,,,,,,,
65262,2002/03,2003-02-26,"Kingsmead, Durban",2,6.3,England,India,MP Vaughan,ME Trescothick,Z Khan,1,0,,,,,,,,,
65262,2002/03,2003-02-26,"Kingsmead, Durban",2,6.4,England,India,ME Trescothick,MP Vaughan,Z Khan,0,0,,,,,,caught,ME Trescothick,,
65262,2002/03,2003-02-26,"Kingsmead, Durban",2,6.5,England,India,MP Vaughan,N Hussain,Z Khan,0,0,,,,,,,,,
65262,2002/03,2003-02-26,"Kingsmead, Durban",2,6.6,England,India,MP Vaughan,N Hussain,Z Khan,0,0,,,,,,,,,
65262,2002/03,2003-02-26,"Kingsmead, Durban",2,7.1,England,India,N Hussain,MP Vaughan,J Srinath,0,0,,,,,,,,,
65262,2002/03,2003-02-26,"Kingsmead, Durban",2,7.2,England,India,N Hussain,MP Vaughan,J Srinath,0,0,,,,,,,,,
65262,2002/03,2003-02-26,"Kingsmead, Durban",2,7.3,England,India,N Hussain,MP Vaughan,J Srinath,0,0,,,,,,,,,
65262,2002/03,2003-02-26,"Kingsmead, Durban",2,7.4,England,India,N Hussain,MP Vaughan,J Srinath,0,0,,,,,,,,,
65262,2002/03,2003-02-26,"Kingsmead, Durban",2,7.5,England,India,N Hussain,MP Vaughan,J Srinath,1,0,,,,,,,,,
65262,2002/03,2003-02-26,"Kingsmead, Durban",2,7.6,England,India,MP Vaughan,N Hussain,J Srinath,0,0,,,,,,,,,
65262,2002/03,2003-02-26,"Kingsmead, Durban",2,8.1,England,India,N Hussain,MP Vaughan,Z Khan,0,0,,,,,,,,,
65262,2002/03,2003-02-26,"Kingsmead, Durban",2,8.2,England,India,N Hussain,MP Vaughan,Z Khan,0,0,,,,,,,,,
65262,2002/03,2003-02-26,"Kingsmead, Durban",2,8.3,England,India,N Hussain,MP Vaughan,Z Khan,0,0,,,,,,,,,
65262,2002/03,2003-02-26,"Kingsmead, Durban",2,8.4,England,India,N Hussain,MP Vaughan,Z Khan,0,0,,,,,,,,,
65262,2002/03,2003-02-26,"Kingsmead, Durban",2,8.5,England,India,N Hussain,MP Vaughan,Z Khan,0,0,,,,,,,,,
65262,2002/03,2003-02-26,"Kingsmead, Durban",2,8.6,England,India,N Hussain,MP Vaughan,Z Khan,0,0,,,,,,,,,
65262,2002/03,2003-02-26,"Kingsmead, Durban",2,9.1,England,India,MP Vaughan,N Hussain,J Srinath,0,0,,,,,,,,,
65262,2002/03,2003-02-26,"Kingsmead, Durban",2,9.2,England,India,MP Vaughan,N Hussain,J Srinath,0,0,,,,,,,,,
65262,2002/03,2003-02-26,"Kingsmead, Durban",2,9.3,England,India,MP Vaughan,N Hussain,J Srinath,0,0,,,,,,,,,
65262,2002/03,2003-02-26,"Kingsmead, Durban",2,9.4,England,India,MP Vaughan,N Hussain,J Srinath,0,0,,,,,,,,,
65262,2002/03,2003-02-26,"Kingsmead, Durban",2,9.5,England,India,MP Vaughan,N Hussain,J Srinath,4,0,,,,,,,,,
65262,2002/03,2003-02-26,"Kingsmead, Durban",2,9.6,England,India,MP Vaughan,N Hussain,J Srinath,0,0,,,,,,,,,
65262,2002/03,2003-02-26,"Kingsmead, Durban",2,10.1,England,India,N Hussain,MP Vaughan,Z Khan,1,0,,,,,,,,,
65262,2002/03,2003-02-26,"Kingsmead, Durban",2,10.2,England,India,MP Vaughan,N Hussain,Z Khan,0,0,,,,,,,,,
65262,2002/03,2003-02-26,"Kingsmead, Durban",2,10.3,England,India,MP Vaughan,N Hussain,Z Khan,0,1,,,,1,,,,,
65262,2002/03,2003-02-26,"Kingsmead, Durban",2,10.4,England,India,N Hussain,MP Vaughan,Z Khan,0,0,,,,,,,,,
65262,2002/03,2003-02-26,"Kingsmead, Durban",2,10.5,England,India,N Hussain,MP Vaughan,Z Khan,1,0,,,,,,,,,
65262,2002/03,2003-02-26,"Kingsmead, Durban",2,10.6,England,India,MP Vaughan,N Hussain,Z Khan,0,0,,,,,,,,,
65262,2002/03,2003-02-26,"Kingsmead, Durban",2,11.1,England,India,N Hussain,MP Vaughan,J Srinath,0,0,,,,,,,,,
65262,2002/03,2003-02-26,"Kingsmead, Durban",2,11.2,England,India,N Hussain,MP Vaughan,J Srinath,1,0,,,,,,,,,
65262,2002/03,2003-02-26,"Kingsmead, Durban",2,11.3,England,India,MP Vaughan,N Hussain,J Srinath,0,0,,,,,,,,,
65262,2002/03,2003-02-26,"Kingsmead, Durban",2,11.4,England,India,MP Vaughan,N Hussain,J Srinath,0,0,,,,,,,,,
65262,2002/03,2003-02-26,"Kingsmead, Durban",2,11.5,England,India,MP Vaughan,N Hussain,J Srinath,0,0,,,,,,,,,
65262,2002/03,2003-02-26,"Kingsmead, Durban",2,11.6,England,India,MP Vaughan,N Hussain,J Srinath,1,0,,,,,,,,,
65262,2002/03,2003-02-26,"Kingsmead, Durban",2,12.1,England,India,MP Vaughan,N Hussain,A Nehra,0,0,,,,,,,,,
65262,2002/03,2003-02-26,"Kingsmead, Durban",2,12.2,England,India,MP Vaughan,N Hussain,A Nehra,4,0,,,,,,,,,
65262,2002/03,2003-02-26,"Kingsmead, Durban",2,12.3,England,India,MP Vaughan,N Hussain,A Nehra,0,0,,,,,,,,,
65262,2002/03,2003-02-26,"Kingsmead, Durban",2,12.4,England,India,MP Vaughan,N Hussain,A Nehra,2,0,,,,,,,,,
65262,2002/03,2003-02-26,"Kingsmead, Durban",2,12.5,England,India,MP Vaughan,N Hussain,A Nehra,0,0,,,,,,,,,
65262,2002/03,2003-02-26,"Kingsmead, Durban",2,12.6,England,India,MP Vaughan,N Hussain,A Nehra,0,0,,,,,,,,,
65262,2002/03,2003-02-26,"Kingsmead, Durban",2,13.1,England,India,N Hussain,MP Vaughan,J Srinath,0,0,,,,,,,,,
65262,2002/03,2003-02-26,"Kingsmead, Durban",2,13.2,England,India,N Hussain,MP Vaughan,J Srinath,4,0,,,,,,,,,
65262,2002/03,2003-02-26,"Kingsmead, Durban",2,13.3,England,India,N Hussain,MP Vaughan,J Srinath,4,0,,,,,,,,,
65262,2002/03,2003-02-26,"Kingsmead, Durban",2,13.4,England,India,N Hussain,MP Vaughan,J Srinath,0,0,,,,,,,,,
65262,2002/03,2003-02-26,"Kingsmead, Durban",2,13.5,England,India,N Hussain,MP Vaughan,J Srinath,0,0,,,,,,,,,
65262,2002/03,2003-02-26,"Kingsmead, Durban",2,13.6,England,India,N Hussain,MP Vaughan,J Srinath,0,0,,,,,,,,,
65262,2002/03,2003-02-26,"Kingsmead, Durban",2,14.1,England,India,MP Vaughan,N Hussain,A Nehra,1,0,,,,,,,,,
65262,2002/03,2003-02-26,"Kingsmead, Durban",2,14.2,England,India,N Hussain,MP Vaughan,A Nehra,0,0,,,,,,,,,
65262,2002/03,2003-02-26,"Kingsmead, Durban",2,14.3,England,India,N Hussain,MP Vaughan,A Nehra,2,0,,,,,,,,,
65262,2002/03,2003-02-26,"Kingsmead, Durban",2,14.4,England,India,N Hussain,MP Vaughan,A Nehra,0,0,,,,,,,,,
65262,2002/03,2003-02-26,"Kingsmead, Durban",2,14.5,England,India,N Hussain,MP Vaughan,A Nehra,0,0,,,,,,,,,
65262,2002/03,2003-02-26,"Kingsmead, Durban",2,14.6,England,India,N Hussain,MP Vaughan,A Nehra,0,0,,,,,,,,,
65262,2002/03,2003-02-26,"Kingsmead, Durban",2,15.1,England,India,MP Vaughan,N Hussain,SC Ganguly,1,1,,1,,,,,,,
65262,2002/03,2003-02-26,"Kingsmead, Durban",2,15.2,England,India,N Hussain,MP Vaughan,SC Ganguly,1,0,,,,,,,,,
65262,2002/03,2003-02-26,"Kingsmead, Durban",2,15.3,England,India,MP Vaughan,N Hussain,SC Ganguly,0,0,,,,,,,,,
65262,2002/03,2003-02-26,"Kingsmead, Durban",2,15.4,England,India,MP Vaughan,N Hussain,SC Ganguly,0,0,,,,,,,,,
65262,2002/03,2003-02-26,"Kingsmead, Durban",2,15.5,England,India,MP Vaughan,N Hussain,SC Ganguly,0,4,,,,4,,,,,
65262,2002/03,2003-02-26,"Kingsmead, Durban",2,15.6,England,India,MP Vaughan,N Hussain,SC Ganguly,0,0,,,,,,,,,
65262,2002/03,2003-02-26,"Kingsmead, Durban",2,15.7,England,India,MP Vaughan,N Hussain,SC Ganguly,0,0,,,,,,,,,
65262,2002/03,2003-02-26,"Kingsmead, Durban",2,16.1,England,India,N Hussain,MP Vaughan,A Nehra,0,0,,,,,,,,,
65262,2002/03,2003-02-26,"Kingsmead, Durban",2,16.2,England,India,N Hussain,MP Vaughan,A Nehra,0,0,,,,,,caught,N Hussain,,
65262,2002/03,2003-02-26,"Kingsmead, Durban",2,16.3,England,India,AJ Stewart,MP Vaughan,A Nehra,0,0,,,,,,lbw,AJ Stewart,,
65262,2002/03,2003-02-26,"Kingsmead, Durban",2,16.4,England,India,PD Collingwood,MP Vaughan,A Nehra,0,0,,,,,,,,,
65262,2002/03,2003-02-26,"Kingsmead, Durban",2,16.5,England,India,PD Collingwood,MP Vaughan,A Nehra,1,0,,,,,,,,,
65262,2002/03,2003-02-26,"Kingsmead, Durban",2,16.6,England,India,MP Vaughan,PD Collingwood,A Nehra,0,0,,,,,,,,,
65262,2002/03,2003-02-26,"Kingsmead, Durban",2,17.1,England,India,PD Collingwood,MP Vaughan,SC Ganguly,0,0,,,,,,,,,
65262,2002/03,2003-02-26,"Kingsmead, Durban",2,17.2,England,India,PD Collingwood,MP Vaughan,SC Ganguly,0,1,,1,,,,,,,
65262,2002/03,2003-02-26,"Kingsmead, Durban",2,17.3,England,India,PD Collingwood,MP Vaughan,SC Ganguly,0,0,,,,,,,,,
65262,2002/03,2003-02-26,"Kingsmead, Durban",2,17.4,England,India,PD Collingwood,MP Vaughan,SC Ganguly,1,0,,,,,,,,,
65262,2002/03,2003-02-26,"Kingsmead, Durban",2,17.5,England,India,MP Vaughan,PD Collingwood,SC Ganguly,1,0,,,,,,,,,
65262,2002/03,2003-02-26,"Kingsmead, Durban",2,17.6,England,India,PD Collingwood,MP Vaughan,SC Ganguly,0,0,,,,,,,,,
65262,2002/03,2003-02-26,"Kingsmead, Durban",2,17.7,England,India,PD Collingwood,MP Vaughan,SC Ganguly,1,0,,,,,,,,,
65262,2002/03,2003-02-26,"Kingsmead, Durban",2,18.1,England,India,PD Collingwood,MP Vaughan,A Nehra,0,0,,,,,,,,,
65262,2002/03,2003-02-26,"Kingsmead, Durban",2,18.2,England,India,PD Collingwood,MP Vaughan,A Nehra,0,0,,,,,,,,,
65262,2002/03,2003-02-26,"Kingsmead, Durban",2,18.3,England,India,PD Collingwood,MP Vaughan,A Nehra,4,0,,,,,,,,,
65262,2002/03,2003-02-26,"Kingsmead, Durban",2,18.4,England,India,PD Collingwood,MP Vaughan,A Nehra,1,0,,,,,,,,,
65262,2002/03,2003-02-26,"Kingsmead, Durban",2,18.5,England,India,MP Vaughan,PD Collingwood,A Nehra,0,0,,,,,,,,,
65262,2002/03,2003-02-26,"Kingsmead, Durban",2,18.6,England,India,MP Vaughan,PD Collingwood,A Nehra,0,0,,,,,,caught,MP Vaughan,,
65262,2002/03,2003-02-26,"Kingsmead, Durban",2,19.1,England,India,PD Collingwood,A Flintoff,SC Ganguly,0,0,,,,,,,,,
65262,2002/03,2003-02-26,"Kingsmead, Durban",2,19.2,England,India,PD Collingwood,A Flintoff,SC Ganguly,1,0,,,,,,,,,
65262,2002/03,2003-02-26,"Kingsmead, Durban",2,19.3,England,India,A Flintoff,PD Collingwood,SC Ganguly,1,0,,,,,,,,,
65262,2002/03,2003-02-26,"Kingsmead, Durban",2,19.4,England,India,PD Collingwood,A Flintoff,SC Ganguly,4,0,,,,,,,,,
65262,2002/03,2003-02-26,"Kingsmead, Durban",2,19.5,England,India,PD Collingwood,A Flintoff,SC Ganguly,0,0,,,,,,,,,
65262,2002/03,2003-02-26,"Kingsmead, Durban",2,19.6,England,India,PD Collingwood,A Flintoff,SC Ganguly,0,0,,,,,,,,,
65262,2002/03,2003-02-26,"Kingsmead, Durban",2,20.1,England,India,A Flintoff,PD Collingwood,A Nehra,2,0,,,,,,,,,
65262,2002/03,2003-02-26,"Kingsmead, Durban",2,20.2,England,India,A Flintoff,PD Collingwood,A Nehra,1,0,,,,,,,,,
65262,2002/03,2003-02-26,"Kingsmead, Durban",2,20.3,England,India,PD Collingwood,A Flintoff,A Nehra,0,0,,,,,,,,,
65262,2002/03,2003-02-26,"Kingsmead, Durban",2,20.4,England,India,PD Collingwood,A Flintoff,A Nehra,0,0,,,,,,,,,
65262,2002/03,2003-02-26,"Kingsmead, Durban",2,20.5,England,India,PD Collingwood,A Flintoff,A Nehra,0,0,,,,,,,,,
65262,2002/03,2003-02-26,"Kingsmead, Durban",2,20.6,England,India,PD Collingwood,A Flintoff,A Nehra,0,0,,,,,,,,,
65262,2002/03,2003-02-26,"Kingsmead, Durban",2,21.1,England,India,A Flintoff,PD Collingwood,SC Ganguly,1,0,,,,,,,,,
65262,2002/03,2003-02-26,"Kingsmead, Durban",2,21.2,England,India,PD Collingwood,A Flintoff,SC Ganguly,1,0,,,,,,,,,
65262,2002/03,2003-02-26,"Kingsmead, Durban",2,21.3,England,India,A Flintoff,PD Collingwood,SC Ganguly,0,0,,,,,,,,,
65262,2002/03,2003-02-26,"Kingsmead, Durban",2,21.4,England,India,A Flintoff,PD Collingwood,SC Ganguly,4,0,,,,,,,,,
65262,2002/03,2003-02-26,"Kingsmead, Durban",2,21.5,England,India,A Flintoff,PD Collingwood,SC Ganguly,0,0,,,,,,,,,
65262,2002/03,2003-02-26,"Kingsmead, Durban",2,21.6,England,India,A Flintoff,PD Collingwood,SC Ganguly,0,0,,,,,,,,,
65262,2002/03,2003-02-26,"Kingsmead, Durban",2,22.1,England,India,PD Collingwood,A Flintoff,A Nehra,0,0,,,,,,,,,
65262,2002/03,2003-02-26,"Kingsmead, Durban",2,22.2,England,India,PD Collingwood,A Flintoff,A Nehra,0,0,,,,,,,,,
65262,2002/03,2003-02-26,"Kingsmead, Durban",2,22.3,England,India,PD Collingwood,A Flintoff,A Nehra,0,0,,,,,,,,,
65262,2002/03,2003-02-26,"Kingsmead, Durban",2,22.4,England,India,PD Collingwood,A Flintoff,A Nehra,0,0,,,,,,,,,
65262,2002/03,2003-02-26,"Kingsmead, Durban",2,22.5,England,India,PD Collingwood,A Flintoff,A Nehra,0,0,,,,,,,,,
65262,2002/03,2003-02-26,"Kingsmead, Durban",2,22.6,England,India,PD Collingwood,A Flintoff,A Nehra,0,0,,,,,,,,,
65262,2002/03,2003-02-26,"Kingsmead, Durban",2,23.1,England,India,A Flintoff,PD Collingwood,Harbhajan Singh,0,2,2,,,,,,,,
65262,2002/03,2003-02-26,"Kingsmead, Durban",2,23.2,England,India,PD Collingwood,A Flintoff,Harbhajan Singh,0,0,,,,,,,,,
65262,2002/03,2003-02-26,"Kingsmead, Durban",2,23.3,England,India,PD Collingwood,A Flintoff,Harbhajan Singh,2,0,,,,,,,,,
65262,2002/03,2003-02-26,"Kingsmead, Durban",2,23.4,England,India,PD Collingwood,A Flintoff,Harbhajan Singh,1,0,,,,,,,,,
65262,2002/03,2003-02-26,"Kingsmead, Durban",2,23.5,England,India,A Flintoff,PD Collingwood,Harbhajan Singh,0,0,,,,,,,,,
65262,2002/03,2003-02-26,"Kingsmead, Durban",2,23.6,England,India,A Flintoff,PD Collingwood,Harbhajan Singh,0,0,,,,,,,,,
65262,2002/03,2003-02-26,"Kingsmead, Durban",2,23.7,England,India,A Flintoff,PD Collingwood,Harbhajan Singh,1,0,,,,,,,,,
65262,2002/03,2003-02-26,"Kingsmead, Durban",2,24.1,England,India,A Flintoff,PD Collingwood,A Nehra,0,0,,,,,,,,,
65262,2002/03,2003-02-26,"Kingsmead, Durban",2,24.2,England,India,A Flintoff,PD Collingwood,A Nehra,0,0,,,,,,,,,
65262,2002/03,2003-02-26,"Kingsmead, Durban",2,24.3,England,India,A Flintoff,PD Collingwood,A Nehra,1,0,,,,,,,,,
65262,2002/03,2003-02-26,"Kingsmead, Durban",2,24.4,England,India,PD Collingwood,A Flintoff,A Nehra,0,0,,,,,,,,,
65262,2002/03,2003-02-26,"Kingsmead, Durban",2,24.5,England,India,PD Collingwood,A Flintoff,A Nehra,0,0,,,,,,,,,
65262,2002/03,2003-02-26,"Kingsmead, Durban",2,24.6,England,India,PD Collingwood,A Flintoff,A Nehra,0,0,,,,,,,,,
65262,2002/03,2003-02-26,"Kingsmead, Durban",2,25.1,England,India,A Flintoff,PD Collingwood,Harbhajan Singh,6,0,,,,,,,,,
65262,2002/03,2003-02-26,"Kingsmead, Durban",2,25.2,England,India,A Flintoff,PD Collingwood,Harbhajan Singh,1,0,,,,,,,,,
65262,2002/03,2003-02-26,"Kingsmead, Durban",2,25.3,England,India,PD Collingwood,A Flintoff,Harbhajan Singh,0,0,,,,,,,,,
65262,2002/03,2003-02-26,"Kingsmead, Durban",2,25.4,England,India,PD Collingwood,A Flintoff,Harbhajan Singh,0,1,1,,,,,,,,
65262,2002/03,2003-02-26,"Kingsmead, Durban",2,25.5,England,India,PD Collingwood,A Flintoff,Harbhajan Singh,0,0,,,,,,,,,
65262,2002/03,2003-02-26,"Kingsmead, Durban",2,25.6,England,India,PD Collingwood,A Flintoff,Harbhajan Singh,1,0,,,,,,,,,
65262,2002/03,2003-02-26,"Kingsmead, Durban",2,25.7,England,India,A Flintoff,PD Collingwood,Harbhajan Singh,0,0,,,,,,,,,
65262,2002/03,2003-02-26,"Kingsmead, Durban",2,26.1,England,India,PD Collingwood,A Flintoff,A Nehra,0,0,,,,,,caught,PD Collingwood,,
65262,2002/03,2003-02-26,"Kingsmead, Durban",2,26.2,England,India,C White,A Flintoff,A Nehra,1,0,,,,,,,,,
65262,2002/03,2003-02-26,"Kingsmead, Durban",2,26.3,England,India,A Flintoff,C White,A Nehra,0,0,,,,,,,,,
65262,2002/03,2003-02-26,"Kingsmead, Durban",2,26.4,England,India,A Flintoff,C White,A Nehra,0,0,,,,,,,,,
65262,2002/03,2003-02-26,"Kingsmead, Durban",2,26.5,England,India,A Flintoff,C White,A Nehra,0,0,,,,,,,,,
65262,2002/03,2003-02-26,"Kingsmead, Durban",2,26.6,England,India,A Flintoff,C White,A Nehra,0,0,,,,,,,,,
65262,2002/03,2003-02-26,"Kingsmead, Durban",2,27.1,England,India,C White,A Flintoff,Harbhajan Singh,1,0,,,,,,,,,
65262,2002/03,2003-02-26,"Kingsmead, Durban",2,27.2,England,India,A Flintoff,C White,Harbhajan Singh,0,0,,,,,,,,,
65262,2002/03,2003-02-26,"Kingsmead, Durban",2,27.3,England,India,A Flintoff,C White,Harbhajan Singh,1,0,,,,,,,,,
65262,2002/03,2003-02-26,"Kingsmead, Durban",2,27.4,England,India,C White,A Flintoff,Harbhajan Singh,2,0,,,,,,,,,
65262,2002/03,2003-02-26,"Kingsmead, Durban",2,27.5,England,India,C White,A Flintoff,Harbhajan Singh,4,0,,,,,,,,,
65262,2002/03,2003-02-26,"Kingsmead, Durban",2,27.6,England,India,C White,A Flintoff,Harbhajan Singh,1,0,,,,,,,,,
65262,2002/03,2003-02-26,"Kingsmead, Durban",2,28.1,England,India,C White,A Flintoff,A Nehra,2,0,,,,,,,,,
65262,2002/03,2003-02-26,"Kingsmead, Durban",2,28.2,England,India,C White,A Flintoff,A Nehra,1,0,,,,,,,,,
65262,2002/03,2003-02-26,"Kingsmead, Durban",2,28.3,England,India,A Flintoff,C White,A Nehra,0,0,,,,,,,,,
65262,2002/03,2003-02-26,"Kingsmead, Durban",2,28.4,England,India,A Flintoff,C White,A Nehra,0,0,,,,,,,,,
65262,2002/03,2003-02-26,"Kingsmead, Durban",2,28.5,England,India,A Flintoff,C White,A Nehra,0,0,,,,,,,,,
65262,2002/03,2003-02-26,"Kingsmead, Durban",2,28.6,England,India,A Flintoff,C White,A Nehra,0,0,,,,,,,,,
65262,2002/03,2003-02-26,"Kingsmead, Durban",2,29.1,England,India,C White,A Flintoff,Harbhajan Singh,1,0,,,,,,,,,
65262,2002/03,2003-02-26,"Kingsmead, Durban",2,29.2,England,India,A Flintoff,C White,Harbhajan Singh,0,0,,,,,,,,,
65262,2002/03,2003-02-26,"Kingsmead, Durban",2,29.3,England,India,A Flintoff,C White,Harbhajan Singh,0,0,,,,,,,,,
65262,2002/03,2003-02-26,"Kingsmead, Durban",2,29.4,England,India,A Flintoff,C White,Harbhajan Singh,0,0,,,,,,,,,
65262,2002/03,2003-02-26,"Kingsmead, Durban",2,29.5,England,India,A Flintoff,C White,Harbhajan Singh,0,0,,,,,,,,,
65262,2002/03,2003-02-26,"Kingsmead, Durban",2,29.6,England,India,A Flintoff,C White,Harbhajan Singh,0,0,,,,,,,,,
65262,2002/03,2003-02-26,"Kingsmead, Durban",2,30.1,England,India,C White,A Flintoff,A Nehra,0,0,,,,,,caught,C White,,
65262,2002/03,2003-02-26,"Kingsmead, Durban",2,30.2,England,India,RC Irani,A Flintoff,A Nehra,0,0,,,,,,,,,
65262,2002/03,2003-02-26,"Kingsmead, Durban",2,30.3,England,India,RC Irani,A Flintoff,A Nehra,0,0,,,,,,caught,RC Irani,,
65262,2002/03,2003-02-26,"Kingsmead, Durban",2,30.4,England,India,AR Caddick,A Flintoff,A Nehra,0,0,,,,,,,,,
65262,2002/03,2003-02-26,"Kingsmead, Durban",2,30.5,England,India,AR Caddick,A Flintoff,A Nehra,0,0,,,,,,,,,
65262,2002/03,2003-02-26,"Kingsmead, Durban",2,30.6,England,India,AR Caddick,A Flintoff,A Nehra,0,0,,,,,,,,,
65262,2002/03,2003-02-26,"Kingsmead, Durban",2,31.1,England,India,A Flintoff,AR Caddick,Harbhajan Singh,0,0,,,,,,,,,
65262,2002/03,2003-02-26,"Kingsmead, Durban",2,31.2,England,India,A Flintoff,AR Caddick,Harbhajan Singh,0,0,,,,,,,,,
65262,2002/03,2003-02-26,"Kingsmead, Durban",2,31.3,England,India,A Flintoff,AR Caddick,Harbhajan Singh,0,0,,,,,,,,,
65262,2002/03,2003-02-26,"Kingsmead, Durban",2,31.4,England,India,A Flintoff,AR Caddick,Harbhajan Singh,1,0,,,,,,,,,
65262,2002/03,2003-02-26,"Kingsmead, Durban",2,31.5,England,India,AR Caddick,A Flintoff,Harbhajan Singh,0,0,,,,,,,,,
65262,2002/03,2003-02-26,"Kingsmead, Durban",2,31.6,England,India,AR Caddick,A Flintoff,Harbhajan Singh,0,0,,,,,,,,,
65262,2002/03,2003-02-26,"Kingsmead, Durban",2,32.1,England,India,A Flintoff,AR Caddick,Z Khan,4,0,,,,,,,,,
65262,2002/03,2003-02-26,"Kingsmead, Durban",2,32.2,England,India,A Flintoff,AR Caddick,Z Khan,0,0,,,,,,,,,
65262,2002/03,2003-02-26,"Kingsmead, Durban",2,32.3,England,India,A Flintoff,AR Caddick,Z Khan,0,0,,,,,,,,,
65262,2002/03,2003-02-26,"Kingsmead, Durban",2,32.4,England,India,A Flintoff,AR Caddick,Z Khan,1,0,,,,,,,,,
65262,2002/03,2003-02-26,"Kingsmead, Durban",2,32.5,England,India,AR Caddick,A Flintoff,Z Khan,0,0,,,,,,,,,
65262,2002/03,2003-02-26,"Kingsmead, Durban",2,32.6,England,India,AR Caddick,A Flintoff,Z Khan,0,0,,,,,,,,,
65262,2002/03,2003-02-26,"Kingsmead, Durban",2,33.1,England,India,A Flintoff,AR Caddick,Harbhajan Singh,0,0,,,,,,,,,
65262,2002/03,2003-02-26,"Kingsmead, Durban",2,33.2,England,India,A Flintoff,AR Caddick,Harbhajan Singh,1,0,,,,,,,,,
65262,2002/03,2003-02-26,"Kingsmead, Durban",2,33.3,England,India,AR Caddick,A Flintoff,Harbhajan Singh,0,0,,,,,,,,,
65262,2002/03,2003-02-26,"Kingsmead, Durban",2,33.4,England,India,AR Caddick,A Flintoff,Harbhajan Singh,4,0,,,,,,,,,
65262,2002/03,2003-02-26,"Kingsmead, Durban",2,33.5,England,India,AR Caddick,A Flintoff,Harbhajan Singh,0,0,,,,,,,,,
65262,2002/03,2003-02-26,"Kingsmead, Durban",2,33.6,England,India,AR Caddick,A Flintoff,Harbhajan Singh,0,0,,,,,,,,,
65262,2002/03,2003-02-26,"Kingsmead, Durban",2,34.1,England,India,A Flintoff,AR Caddick,Z Khan,0,0,,,,,,,,,
65262,2002/03,2003-02-26,"Kingsmead, Durban",2,34.2,England,India,A Flintoff,AR Caddick,Z Khan,0,0,,,,,,,,,
65262,2002/03,2003-02-26,"Kingsmead, Durban",2,34.3,England,India,A Flintoff,AR Caddick,Z Khan,2,0,,,,,,,,,
65262,2002/03,2003-02-26,"Kingsmead, Durban",2,34.4,England,India,A Flintoff,AR Caddick,Z Khan,0,0,,,,,,,,,
65262,2002/03,2003-02-26,"Kingsmead, Durban",2,34.5,England,India,A Flintoff,AR Caddick,Z Khan,4,0,,,,,,,,,
65262,2002/03,2003-02-26,"Kingsmead, Durban",2,34.6,England,India,A Flintoff,AR Caddick,Z Khan,1,0,,,,,,,,,
65262,2002/03,2003-02-26,"Kingsmead, Durban",2,35.1,England,India,A Flintoff,AR Caddick,Harbhajan Singh,0,0,,,,,,,,,
65262,2002/03,2003-02-26,"Kingsmead, Durban",2,35.2,England,India,A Flintoff,AR Caddick,Harbhajan Singh,0,0,,,,,,,,,
65262,2002/03,2003-02-26,"Kingsmead, Durban",2,35.3,England,India,A Flintoff,AR Caddick,Harbhajan Singh,1,0,,,,,,,,,
65262,2002/03,2003-02-26,"Kingsmead, Durban",2,35.4,England,India,AR Caddick,A Flintoff,Harbhajan Singh,0,0,,,,,,,,,
65262,2002/03,2003-02-26,"Kingsmead, Durban",2,35.5,England,India,AR Caddick,A Flintoff,Harbhajan Singh,0,0,,,,,,,,,
65262,2002/03,2003-02-26,"Kingsmead, Durban",2,35.6,England,India,AR Caddick,A Flintoff,Harbhajan Singh,0,0,,,,,,,,,
65262,2002/03,2003-02-26,"Kingsmead, Durban",2,36.1,England,India,A Flintoff,AR Caddick,SC Ganguly,6,0,,,,,,,,,
65262,2002/03,2003-02-26,"Kingsmead, Durban",2,36.2,England,India,A Flintoff,AR Caddick,SC Ganguly,0,0,,,,,,,,,
65262,2002/03,2003-02-26,"Kingsmead, Durban",2,36.3,England,India,A Flintoff,AR Caddick,SC Ganguly,0,0,,,,,,,,,
65262,2002/03,2003-02-26,"Kingsmead, Durban",2,36.4,England,India,A Flintoff,AR Caddick,SC Ganguly,0,0,,,,,,,,,
65262,2002/03,2003-02-26,"Kingsmead, Durban",2,36.5,England,India,A Flintoff,AR Caddick,SC Ganguly,0,0,,,,,,,,,
65262,2002/03,2003-02-26,"Kingsmead, Durban",2,36.6,England,India,A Flintoff,AR Caddick,SC Ganguly,1,0,,,,,,,,,
65262,2002/03,2003-02-26,"Kingsmead, Durban",2,37.1,England,India,A Flintoff,AR Caddick,Harbhajan Singh,0,0,,,,,,,,,
65262,2002/03,2003-02-26,"Kingsmead, Durban",2,37.2,England,India,A Flintoff,AR Caddick,Harbhajan Singh,1,0,,,,,,,,,
65262,2002/03,2003-02-26,"Kingsmead, Durban",2,37.3,England,India,AR Caddick,A Flintoff,Harbhajan Singh,0,0,,,,,,,,,
65262,2002/03,2003-02-26,"Kingsmead, Durban",2,37.4,England,India,AR Caddick,A Flintoff,Harbhajan Singh,1,0,,,,,,,,,
65262,2002/03,2003-02-26,"Kingsmead, Durban",2,37.5,England,India,A Flintoff,AR Caddick,Harbhajan Singh,0,0,,,,,,,,,
65262,2002/03,2003-02-26,"Kingsmead, Durban",2,37.6,England,India,A Flintoff,AR Caddick,Harbhajan Singh,1,0,,,,,,,,,
65262,2002/03,2003-02-26,"Kingsmead, Durban",2,38.1,England,India,A Flintoff,AR Caddick,SC Ganguly,6,0,,,,,,,,,
65262,2002/03,2003-02-26,"Kingsmead, Durban",2,38.2,England,India,A Flintoff,AR Caddick,SC Ganguly,1,0,,,,,,,,,
65262,2002/03,2003-02-26,"Kingsmead, Durban",2,38.3,England,India,AR Caddick,A Flintoff,SC Ganguly,0,0,,,,,,,,,
65262,2002/03,2003-02-26,"Kingsmead, Durban",2,38.4,England,India,AR Caddick,A Flintoff,SC Ganguly,0,0,,,,,,,,,
65262,2002/03,2003-02-26,"Kingsmead, Durban",2,38.5,England,India,AR Caddick,A Flintoff,SC Ganguly,0,0,,,,,,,,,
65262,2002/03,2003-02-26,"Kingsmead, Durban",2,38.6,England,India,AR Caddick,A Flintoff,SC Ganguly,1,0,,,,,,,,,
65262,2002/03,2003-02-26,"Kingsmead, Durban",2,39.1,England,India,AR Caddick,A Flintoff,Harbhajan Singh,0,0,,,,,,,,,
65262,2002/03,2003-02-26,"Kingsmead, Durban",2,39.2,England,India,AR Caddick,A Flintoff,Harbhajan Singh,1,0,,,,,,,,,
65262,2002/03,2003-02-26,"Kingsmead, Durban",2,39.3,England,India,A Flintoff,AR Caddick,Harbhajan Singh,1,0,,,,,,,,,
65262,2002/03,2003-02-26,"Kingsmead, Durban",2,39.4,England,India,AR Caddick,A Flintoff,Harbhajan Singh,0,0,,,,,,,,,
65262,2002/03,2003-02-26,"Kingsmead, Durban",2,39.5,England,India,AR Caddick,A Flintoff,Harbhajan Singh,0,0,,,,,,,,,
65262,2002/03,2003-02-26,"Kingsmead, Durban",2,39.6,England,India,AR Caddick,A Flintoff,Harbhajan Singh,0,0,,,,,,,,,
65262,2002/03,2003-02-26,"Kingsmead, Durban",2,40.1,England,India,A Flintoff,AR Caddick,J Srinath,1,0,,,,,,,,,
65262,2002/03,2003-02-26,"Kingsmead, Durban",2,40.2,England,India,AR Caddick,A Flintoff,J Srinath,0,0,,,,,,,,,
65262,2002/03,2003-02-26,"Kingsmead, Durban",2,40.3,England,India,AR Caddick,A Flintoff,J Srinath,2,0,,,,,,,,,
65262,2002/03,2003-02-26,"Kingsmead, Durban",2,40.4,England,India,AR Caddick,A Flintoff,J Srinath,0,0,,,,,,,,,
65262,2002/03,2003-02-26,"Kingsmead, Durban",2,40.5,England,India,AR Caddick,A Flintoff,J Srinath,0,0,,,,,,,,,
65262,2002/03,2003-02-26,"Kingsmead, Durban",2,40.6,England,India,AR Caddick,A Flintoff,J Srinath,0,0,,,,,,,,,
65262,2002/03,2003-02-26,"Kingsmead, Durban",2,41.1,England,India,A Flintoff,AR Caddick,Harbhajan Singh,1,0,,,,,,,,,
65262,2002/03,2003-02-26,"Kingsmead, Durban",2,41.2,England,India,AR Caddick,A Flintoff,Harbhajan Singh,0,0,,,,,,,,,
65262,2002/03,2003-02-26,"Kingsmead, Durban",2,41.3,England,India,AR Caddick,A Flintoff,Harbhajan Singh,1,0,,,,,,,,,
65262,2002/03,2003-02-26,"Kingsmead, Durban",2,41.4,England,India,A Flintoff,AR Caddick,Harbhajan Singh,0,0,,,,,,,,,
65262,2002/03,2003-02-26,"Kingsmead, Durban",2,41.5,England,India,A Flintoff,AR Caddick,Harbhajan Singh,1,0,,,,,,,,,
65262,2002/03,2003-02-26,"Kingsmead, Durban",2,41.6,England,India,AR Caddick,A Flintoff,Harbhajan Singh,0,0,,,,,,,,,
65262,2002/03,2003-02-26,"Kingsmead, Durban",2,42.1,England,India,A Flintoff,AR Caddick,J Srinath,2,0,,,,,,,,,
65262,2002/03,2003-02-26,"Kingsmead, Durban",2,42.2,England,India,A Flintoff,AR Caddick,J Srinath,0,0,,,,,,,,,
65262,2002/03,2003-02-26,"Kingsmead, Durban",2,42.3,England,India,A Flintoff,AR Caddick,J Srinath,4,0,,,,,,,,,
65262,2002/03,2003-02-26,"Kingsmead, Durban",2,42.4,England,India,A Flintoff,AR Caddick,J Srinath,4,0,,,,,,,,,
65262,2002/03,2003-02-26,"Kingsmead, Durban",2,42.5,England,India,A Flintoff,AR Caddick,J Srinath,0,0,,,,,,caught,A Flintoff,,
65262,2002/03,2003-02-26,"Kingsmead, Durban",2,42.6,England,India,JM Anderson,AR Caddick,J Srinath,1,0,,,,,,,,,
65262,2002/03,2003-02-26,"Kingsmead, Durban",2,43.1,England,India,JM Anderson,AR Caddick,Z Khan,0,1,1,,,,,,,,
65262,2002/03,2003-02-26,"Kingsmead, Durban",2,43.2,England,India,JM Anderson,AR Caddick,Z Khan,0,0,,,,,,,,,
65262,2002/03,2003-02-26,"Kingsmead, Durban",2,43.3,England,India,JM Anderson,AR Caddick,Z Khan,0,0,,,,,,,,,
65262,2002/03,2003-02-26,"Kingsmead, Durban",2,43.4,England,India,JM Anderson,AR Caddick,Z Khan,0,0,,,,,,,,,
65262,2002/03,2003-02-26,"Kingsmead, Durban",2,43.5,England,India,JM Anderson,AR Caddick,Z Khan,1,0,,,,,,,,,
65262,2002/03,2003-02-26,"Kingsmead, Durban",2,43.6,England,India,AR Caddick,JM Anderson,Z Khan,0,0,,,,,,,,,
65262,2002/03,2003-02-26,"Kingsmead, Durban",2,43.7,England,India,AR Caddick,JM Anderson,Z Khan,1,0,,,,,,,,,
65262,2002/03,2003-02-26,"Kingsmead, Durban",2,44.1,England,India,AR Caddick,JM Anderson,J Srinath,0,0,,,,,,,,,
65262,2002/03,2003-02-26,"Kingsmead, Durban",2,44.2,England,India,AR Caddick,JM Anderson,J Srinath,0,0,,,,,,,,,
65262,2002/03,2003-02-26,"Kingsmead, Durban",2,44.3,England,India,AR Caddick,JM Anderson,J Srinath,2,0,,,,,,,,,
65262,2002/03,2003-02-26,"Kingsmead, Durban",2,44.4,England,India,AR Caddick,JM Anderson,J Srinath,0,0,,,,,,,,,
65262,2002/03,2003-02-26,"Kingsmead, Durban",2,44.5,England,India,AR Caddick,JM Anderson,J Srinath,0,0,,,,,,,,,
65262,2002/03,2003-02-26,"Kingsmead, Durban",2,44.6,England,India,AR Caddick,JM Anderson,J Srinath,0,0,,,,,,,,,
65262,2002/03,2003-02-26,"Kingsmead, Durban",2,45.1,England,India,JM Anderson,AR Caddick,Z Khan,0,0,,,,,,,,,
65262,2002/03,2003-02-26,"Kingsmead, Durban",2,45.2,England,India,JM Anderson,AR Caddick,Z Khan,0,0,,,,,,,,,
65262,2002/03,2003-02-26,"Kingsmead, Durban",2,45.3,England,India,JM Anderson,AR Caddick,Z Khan,0,0,,,,,,lbw,JM Anderson,,
