version,2.2.0
info,balls_per_over,6
info,team,Pakistan
info,team,Netherlands
info,gender,male
info,season,2002/03
info,date,2003/02/25
info,event,ICC World Cup
info,match_number,28
info,venue,"Boland Bank Park, Paarl"
info,city,Paarl
info,toss_winner,Netherlands
info,toss_decision,field
info,player_of_match,Mohammad Yousuf
info,umpire,S Venkataraghavan
info,umpire,SA Bucknor
info,tv_umpire,TH Wijewardene
info,match_referee,CH Lloyd
info,winner,Pakistan
info,winner_runs,97
info,player,Pakistan,Taufeeq Umar
info,player,Pakistan,Saeed Anwar
info,player,Pakistan,Abdul Razzaq
info,player,Pakistan,Inzamam-ul-Haq
info,player,Pakistan,Mohammad Yousuf
info,player,Pakistan,Saleem Elahi
info,player,Pakistan,Rashid Latif
info,player,Pakistan,Wasim Akram
info,player,Pakistan,Shoaib Akhtar
info,player,Pakistan,Waqar Younis
info,player,Pakistan,Saqlain Mushtaq
info,player,Netherlands,NA Statham
info,player,Netherlands,E Schiferli
info,player,Netherlands,B Zuiderent
info,player,Netherlands,KJJ van Noortwijk
info,player,Netherlands,TBM de Leede
info,player,Netherlands,DLS van Bunge
info,player,Netherlands,LP van Troost
info,player,Netherlands,HJC Mol
info,player,Netherlands,JJ Esmeijer
info,player,Netherlands,RP Lefebvre
info,player,Netherlands,J Smits
info,registry,people,Abdul Razzaq,390ff45b
info,registry,people,B Zuiderent,d953ed6a
info,registry,people,CH Lloyd,5b445db0
info,registry,people,DLS van Bunge,3185266a
info,registry,people,E Schiferli,cefe0886
info,registry,people,HJC Mol,e33616eb
info,registry,people,Inzamam-ul-Haq,b9a3d8c6
info,registry,people,J Smits,7c681ee9
info,registry,people,JJ Esmeijer,21231130
info,registry,people,KJJ van Noortwijk,101d1e85
info,registry,people,LP van Troost,34d2ca48
info,registry,people,Mohammad Yousuf,e237b28c
info,registry,people,NA Statham,0db94786
info,registry,people,RP Lefebvre,12b59324
info,registry,people,Rashid Latif,d32782ae
info,registry,people,S Venkataraghavan,12453319
info,registry,people,SA Bucknor,2ad22b51
info,registry,people,Saeed Anwar,0aa14354
info,registry,people,Saleem Elahi,1e7b1aa7
info,registry,people,Saqlain Mushtaq,047c67ba
info,registry,people,Shoaib Akhtar,10a91f35
info,registry,people,TBM de Leede,d2f72b19
info,registry,people,TH Wijewardene,6a6be119
info,registry,people,Taufeeq Umar,c73bb037
info,registry,people,Waqar Younis,d8906a73
info,registry,people,Wasim Akram,126e56a1
