match_id,season,start_date,venue,innings,ball,batting_team,bowling_team,striker,non_striker,bowler,runs_off_bat,extras,wides,noballs,byes,legbyes,penalty,wicket_type,player_dismissed,other_wicket_type,other_player_dismissed
65284,2002/03,2003-03-18,"St George's Park, Port Elizabeth",1,0.1,Australia,Sri Lanka,AC Gilchrist,ML Hayden,WPUJC Vaas,0,0,,,,,,,,,
65284,2002/03,2003-03-18,"St George's Park, Port Elizabeth",1,0.2,Australia,Sri Lanka,AC Gilchrist,ML Hayden,WPUJC Vaas,0,0,,,,,,,,,
65284,2002/03,2003-03-18,"St George's Park, Port Elizabeth",1,0.3,Australia,Sri Lanka,AC Gilchrist,ML Hayden,WPUJC Vaas,0,0,,,,,,,,,
65284,2002/03,2003-03-18,"St George's Park, Port Elizabeth",1,0.4,Australia,Sri Lanka,AC Gilchrist,ML Hayden,WPUJC Vaas,0,0,,,,,,,,,
65284,2002/03,2003-03-18,"St George's Park, Port Elizabeth",1,0.5,Australia,Sri Lanka,AC Gilchrist,ML Hayden,WPUJC Vaas,0,1,,,,1,,,,,
65284,2002/03,2003-03-18,"St George's Park, Port Elizabeth",1,0.6,Australia,Sri Lanka,ML Hayden,AC Gilchrist,WPUJC Vaas,2,0,,,,,,,,,
65284,2002/03,2003-03-18,"St George's Park, Port Elizabeth",1,1.1,Australia,Sri Lanka,AC Gilchrist,ML Hayden,PW Gunaratne,0,0,,,,,,,,,
65284,2002/03,2003-03-18,"St George's Park, Port Elizabeth",1,1.2,Australia,Sri Lanka,AC Gilchrist,ML Hayden,PW Gunaratne,4,0,,,,,,,,,
65284,2002/03,2003-03-18,"St George's Park, Port Elizabeth",1,1.3,Australia,Sri Lanka,AC Gilchrist,ML Hayden,PW Gunaratne,6,0,,,,,,,,,
65284,2002/03,2003-03-18,"St George's Park, Port Elizabeth",1,1.4,Australia,Sri Lanka,AC Gilchrist,ML Hayden,PW Gunaratne,1,0,,,,,,,,,
65284,2002/03,2003-03-18,"St George's Park, Port Elizabeth",1,1.5,Australia,Sri Lanka,ML Hayden,AC Gilchrist,PW Gunaratne,0,0,,,,,,,,,
65284,2002/03,2003-03-18,"St George's Park, Port Elizabeth",1,1.6,Australia,Sri Lanka,ML Hayden,AC Gilchrist,PW Gunaratne,0,0,,,,,,,,,
65284,2002/03,2003-03-18,"St George's Park, Port Elizabeth",1,2.1,Australia,Sri Lanka,AC Gilchrist,ML Hayden,WPUJC Vaas,0,0,,,,,,,,,
65284,2002/03,2003-03-18,"St George's Park, Port Elizabeth",1,2.2,Australia,Sri Lanka,AC Gilchrist,ML Hayden,WPUJC Vaas,2,0,,,,,,,,,
65284,2002/03,2003-03-18,"St George's Park, Port Elizabeth",1,2.3,Australia,Sri Lanka,AC Gilchrist,ML Hayden,WPUJC Vaas,1,1,,1,,,,,,,
65284,2002/03,2003-03-18,"St George's Park, Port Elizabeth",1,2.4,Australia,Sri Lanka,ML Hayden,AC Gilchrist,WPUJC Vaas,0,0,,,,,,,,,
65284,2002/03,2003-03-18,"St George's Park, Port Elizabeth",1,2.5,Australia,Sri Lanka,ML Hayden,AC Gilchrist,WPUJC Vaas,1,0,,,,,,,,,
65284,2002/03,2003-03-18,"St George's Park, Port Elizabeth",1,2.6,Australia,Sri Lanka,AC Gilchrist,ML Hayden,WPUJC Vaas,1,0,,,,,,,,,
65284,2002/03,2003-03-18,"St George's Park, Port Elizabeth",1,2.7,Australia,Sri Lanka,ML Hayden,AC Gilchrist,WPUJC Vaas,1,0,,,,,,,,,
65284,2002/03,2003-03-18,"St George's Park, Port Elizabeth",1,3.1,Australia,Sri Lanka,ML Hayden,AC Gilchrist,PW Gunaratne,1,0,,,,,,,,,
65284,2002/03,2003-03-18,"St George's Park, Port Elizabeth",1,3.2,Australia,Sri Lanka,AC Gilchrist,ML Hayden,PW Gunaratne,0,0,,,,,,,,,
65284,2002/03,2003-03-18,"St George's Park, Port Elizabeth",1,3.3,Australia,Sri Lanka,AC Gilchrist,ML Hayden,PW Gunaratne,4,0,,,,,,,,,
65284,2002/03,2003-03-18,"St George's Park, Port Elizabeth",1,3.4,Australia,Sri Lanka,AC Gilchrist,ML Hayden,PW Gunaratne,1,0,,,,,,,,,
65284,2002/03,2003-03-18,"St George's Park, Port Elizabeth",1,3.5,Australia,Sri Lanka,ML Hayden,AC Gilchrist,PW Gunaratne,1,0,,,,,,,,,
65284,2002/03,2003-03-18,"St George's Park, Port Elizabeth",1,3.6,Australia,Sri Lanka,AC Gilchrist,ML Hayden,PW Gunaratne,1,0,,,,,,,,,
65284,2002/03,2003-03-18,"St George's Park, Port Elizabeth",1,4.1,Australia,Sri Lanka,AC Gilchrist,ML Hayden,WPUJC Vaas,1,0,,,,,,,,,
65284,2002/03,2003-03-18,"St George's Park, Port Elizabeth",1,4.2,Australia,Sri Lanka,ML Hayden,AC Gilchrist,WPUJC Vaas,0,0,,,,,,,,,
65284,2002/03,2003-03-18,"St George's Park, Port Elizabeth",1,4.3,Australia,Sri Lanka,ML Hayden,AC Gilchrist,WPUJC Vaas,4,0,,,,,,,,,
65284,2002/03,2003-03-18,"St George's Park, Port Elizabeth",1,4.4,Australia,Sri Lanka,ML Hayden,AC Gilchrist,WPUJC Vaas,0,0,,,,,,,,,
65284,2002/03,2003-03-18,"St George's Park, Port Elizabeth",1,4.5,Australia,Sri Lanka,ML Hayden,AC Gilchrist,WPUJC Vaas,0,0,,,,,,,,,
65284,2002/03,2003-03-18,"St George's Park, Port Elizabeth",1,4.6,Australia,Sri Lanka,ML Hayden,AC Gilchrist,WPUJC Vaas,0,0,,,,,,,,,
65284,2002/03,2003-03-18,"St George's Park, Port Elizabeth",1,5.1,Australia,Sri Lanka,AC Gilchrist,ML Hayden,PA de Silva,0,0,,,,,,,,,
65284,2002/03,2003-03-18,"St George's Park, Port Elizabeth",1,5.2,Australia,Sri Lanka,AC Gilchrist,ML Hayden,PA de Silva,0,0,,,,,,caught,AC Gilchrist,,
65284,2002/03,2003-03-18,"St George's Park, Port Elizabeth",1,5.3,Australia,Sri Lanka,RT Ponting,ML Hayden,PA de Silva,0,0,,,,,,,,,
65284,2002/03,2003-03-18,"St George's Park, Port Elizabeth",1,5.4,Australia,Sri Lanka,RT Ponting,ML Hayden,PA de Silva,0,0,,,,,,,,,
65284,2002/03,2003-03-18,"St George's Park, Port Elizabeth",1,5.5,Australia,Sri Lanka,RT Ponting,ML Hayden,PA de Silva,0,0,,,,,,,,,
65284,2002/03,2003-03-18,"St George's Park, Port Elizabeth",1,5.6,Australia,Sri Lanka,RT Ponting,ML Hayden,PA de Silva,1,0,,,,,,,,,
65284,2002/03,2003-03-18,"St George's Park, Port Elizabeth",1,6.1,Australia,Sri Lanka,RT Ponting,ML Hayden,WPUJC Vaas,0,0,,,,,,,,,
65284,2002/03,2003-03-18,"St George's Park, Port Elizabeth",1,6.2,Australia,Sri Lanka,RT Ponting,ML Hayden,WPUJC Vaas,1,0,,,,,,,,,
65284,2002/03,2003-03-18,"St George's Park, Port Elizabeth",1,6.3,Australia,Sri Lanka,ML Hayden,RT Ponting,WPUJC Vaas,1,0,,,,,,,,,
65284,2002/03,2003-03-18,"St George's Park, Port Elizabeth",1,6.4,Australia,Sri Lanka,RT Ponting,ML Hayden,WPUJC Vaas,0,0,,,,,,,,,
65284,2002/03,2003-03-18,"St George's Park, Port Elizabeth",1,6.5,Australia,Sri Lanka,RT Ponting,ML Hayden,WPUJC Vaas,0,0,,,,,,caught,RT Ponting,,
65284,2002/03,2003-03-18,"St George's Park, Port Elizabeth",1,6.6,Australia,Sri Lanka,DS Lehmann,ML Hayden,WPUJC Vaas,0,0,,,,,,,,,
65284,2002/03,2003-03-18,"St George's Park, Port Elizabeth",1,7.1,Australia,Sri Lanka,ML Hayden,DS Lehmann,PA de Silva,0,0,,,,,,,,,
65284,2002/03,2003-03-18,"St George's Park, Port Elizabeth",1,7.2,Australia,Sri Lanka,ML Hayden,DS Lehmann,PA de Silva,2,0,,,,,,,,,
65284,2002/03,2003-03-18,"St George's Park, Port Elizabeth",1,7.3,Australia,Sri Lanka,ML Hayden,DS Lehmann,PA de Silva,0,0,,,,,,,,,
65284,2002/03,2003-03-18,"St George's Park, Port Elizabeth",1,7.4,Australia,Sri Lanka,ML Hayden,DS Lehmann,PA de Silva,0,0,,,,,,,,,
65284,2002/03,2003-03-18,"St George's Park, Port Elizabeth",1,7.5,Australia,Sri Lanka,ML Hayden,DS Lehmann,PA de Silva,1,0,,,,,,,,,
65284,2002/03,2003-03-18,"St George's Park, Port Elizabeth",1,7.6,Australia,Sri Lanka,DS Lehmann,ML Hayden,PA de Silva,0,0,,,,,,,,,
65284,2002/03,2003-03-18,"St George's Park, Port Elizabeth",1,8.1,Australia,Sri Lanka,ML Hayden,DS Lehmann,WPUJC Vaas,0,0,,,,,,,,,
65284,2002/03,2003-03-18,"St George's Park, Port Elizabeth",1,8.2,Australia,Sri Lanka,ML Hayden,DS Lehmann,WPUJC Vaas,4,0,,,,,,,,,
65284,2002/03,2003-03-18,"St George's Park, Port Elizabeth",1,8.3,Australia,Sri Lanka,ML Hayden,DS Lehmann,WPUJC Vaas,0,0,,,,,,,,,
65284,2002/03,2003-03-18,"St George's Park, Port Elizabeth",1,8.4,Australia,Sri Lanka,ML Hayden,DS Lehmann,WPUJC Vaas,0,0,,,,,,,,,
65284,2002/03,2003-03-18,"St George's Park, Port Elizabeth",1,8.5,Australia,Sri Lanka,ML Hayden,DS Lehmann,WPUJC Vaas,0,0,,,,,,,,,
65284,2002/03,2003-03-18,"St George's Park, Port Elizabeth",1,8.6,Australia,Sri Lanka,ML Hayden,DS Lehmann,WPUJC Vaas,0,0,,,,,,,,,
65284,2002/03,2003-03-18,"St George's Park, Port Elizabeth",1,9.1,Australia,Sri Lanka,DS Lehmann,ML Hayden,PA de Silva,2,0,,,,,,,,,
65284,2002/03,2003-03-18,"St George's Park, Port Elizabeth",1,9.2,Australia,Sri Lanka,DS Lehmann,ML Hayden,PA de Silva,0,0,,,,,,,,,
65284,2002/03,2003-03-18,"St George's Park, Port Elizabeth",1,9.3,Australia,Sri Lanka,DS Lehmann,ML Hayden,PA de Silva,0,0,,,,,,,,,
65284,2002/03,2003-03-18,"St George's Park, Port Elizabeth",1,9.4,Australia,Sri Lanka,DS Lehmann,ML Hayden,PA de Silva,0,0,,,,,,,,,
65284,2002/03,2003-03-18,"St George's Park, Port Elizabeth",1,9.5,Australia,Sri Lanka,DS Lehmann,ML Hayden,PA de Silva,1,0,,,,,,,,,
65284,2002/03,2003-03-18,"St George's Park, Port Elizabeth",1,9.6,Australia,Sri Lanka,ML Hayden,DS Lehmann,PA de Silva,1,0,,,,,,,,,
65284,2002/03,2003-03-18,"St George's Park, Port Elizabeth",1,10.1,Australia,Sri Lanka,ML Hayden,DS Lehmann,WPUJC Vaas,0,0,,,,,,,,,
65284,2002/03,2003-03-18,"St George's Park, Port Elizabeth",1,10.2,Australia,Sri Lanka,ML Hayden,DS Lehmann,WPUJC Vaas,0,0,,,,,,,,,
65284,2002/03,2003-03-18,"St George's Park, Port Elizabeth",1,10.3,Australia,Sri Lanka,ML Hayden,DS Lehmann,WPUJC Vaas,0,0,,,,,,,,,
65284,2002/03,2003-03-18,"St George's Park, Port Elizabeth",1,10.4,Australia,Sri Lanka,ML Hayden,DS Lehmann,WPUJC Vaas,0,1,1,,,,,,,,
65284,2002/03,2003-03-18,"St George's Park, Port Elizabeth",1,10.5,Australia,Sri Lanka,ML Hayden,DS Lehmann,WPUJC Vaas,0,0,,,,,,,,,
65284,2002/03,2003-03-18,"St George's Park, Port Elizabeth",1,10.6,Australia,Sri Lanka,ML Hayden,DS Lehmann,WPUJC Vaas,0,0,,,,,,,,,
65284,2002/03,2003-03-18,"St George's Park, Port Elizabeth",1,10.7,Australia,Sri Lanka,ML Hayden,DS Lehmann,WPUJC Vaas,0,0,,,,,,,,,
65284,2002/03,2003-03-18,"St George's Park, Port Elizabeth",1,11.1,Australia,Sri Lanka,DS Lehmann,ML Hayden,PA de Silva,0,0,,,,,,,,,
65284,2002/03,2003-03-18,"St George's Park, Port Elizabeth",1,11.2,Australia,Sri Lanka,DS Lehmann,ML Hayden,PA de Silva,1,0,,,,,,,,,
65284,2002/03,2003-03-18,"St George's Park, Port Elizabeth",1,11.3,Australia,Sri Lanka,ML Hayden,DS Lehmann,PA de Silva,0,0,,,,,,,,,
65284,2002/03,2003-03-18,"St George's Park, Port Elizabeth",1,11.4,Australia,Sri Lanka,ML Hayden,DS Lehmann,PA de Silva,0,0,,,,,,,,,
65284,2002/03,2003-03-18,"St George's Park, Port Elizabeth",1,11.5,Australia,Sri Lanka,ML Hayden,DS Lehmann,PA de Silva,0,0,,,,,,,,,
65284,2002/03,2003-03-18,"St George's Park, Port Elizabeth",1,11.6,Australia,Sri Lanka,ML Hayden,DS Lehmann,PA de Silva,1,0,,,,,,,,,
65284,2002/03,2003-03-18,"St George's Park, Port Elizabeth",1,12.1,Australia,Sri Lanka,ML Hayden,DS Lehmann,WPUJC Vaas,0,0,,,,,,,,,
65284,2002/03,2003-03-18,"St George's Park, Port Elizabeth",1,12.2,Australia,Sri Lanka,ML Hayden,DS Lehmann,WPUJC Vaas,0,0,,,,,,caught,ML Hayden,,
65284,2002/03,2003-03-18,"St George's Park, Port Elizabeth",1,12.3,Australia,Sri Lanka,A Symonds,DS Lehmann,WPUJC Vaas,2,0,,,,,,,,,
65284,2002/03,2003-03-18,"St George's Park, Port Elizabeth",1,12.4,Australia,Sri Lanka,A Symonds,DS Lehmann,WPUJC Vaas,0,0,,,,,,,,,
65284,2002/03,2003-03-18,"St George's Park, Port Elizabeth",1,12.5,Australia,Sri Lanka,A Symonds,DS Lehmann,WPUJC Vaas,1,0,,,,,,,,,
65284,2002/03,2003-03-18,"St George's Park, Port Elizabeth",1,12.6,Australia,Sri Lanka,DS Lehmann,A Symonds,WPUJC Vaas,0,0,,,,,,,,,
65284,2002/03,2003-03-18,"St George's Park, Port Elizabeth",1,13.1,Australia,Sri Lanka,A Symonds,DS Lehmann,PA de Silva,0,0,,,,,,,,,
65284,2002/03,2003-03-18,"St George's Park, Port Elizabeth",1,13.2,Australia,Sri Lanka,A Symonds,DS Lehmann,PA de Silva,1,0,,,,,,,,,
65284,2002/03,2003-03-18,"St George's Park, Port Elizabeth",1,13.3,Australia,Sri Lanka,DS Lehmann,A Symonds,PA de Silva,0,1,1,,,,,,,,
65284,2002/03,2003-03-18,"St George's Park, Port Elizabeth",1,13.4,Australia,Sri Lanka,DS Lehmann,A Symonds,PA de Silva,4,0,,,,,,,,,
65284,2002/03,2003-03-18,"St George's Park, Port Elizabeth",1,13.5,Australia,Sri Lanka,DS Lehmann,A Symonds,PA de Silva,0,0,,,,,,,,,
65284,2002/03,2003-03-18,"St George's Park, Port Elizabeth",1,13.6,Australia,Sri Lanka,DS Lehmann,A Symonds,PA de Silva,0,0,,,,,,,,,
65284,2002/03,2003-03-18,"St George's Park, Port Elizabeth",1,13.7,Australia,Sri Lanka,DS Lehmann,A Symonds,PA de Silva,0,0,,,,,,,,,
65284,2002/03,2003-03-18,"St George's Park, Port Elizabeth",1,14.1,Australia,Sri Lanka,A Symonds,DS Lehmann,PW Gunaratne,0,0,,,,,,,,,
65284,2002/03,2003-03-18,"St George's Park, Port Elizabeth",1,14.2,Australia,Sri Lanka,A Symonds,DS Lehmann,PW Gunaratne,0,0,,,,,,,,,
65284,2002/03,2003-03-18,"St George's Park, Port Elizabeth",1,14.3,Australia,Sri Lanka,A Symonds,DS Lehmann,PW Gunaratne,4,0,,,,,,,,,
65284,2002/03,2003-03-18,"St George's Park, Port Elizabeth",1,14.4,Australia,Sri Lanka,A Symonds,DS Lehmann,PW Gunaratne,0,0,,,,,,,,,
65284,2002/03,2003-03-18,"St George's Park, Port Elizabeth",1,14.5,Australia,Sri Lanka,A Symonds,DS Lehmann,PW Gunaratne,0,0,,,,,,,,,
65284,2002/03,2003-03-18,"St George's Park, Port Elizabeth",1,14.6,Australia,Sri Lanka,A Symonds,DS Lehmann,PW Gunaratne,0,0,,,,,,,,,
65284,2002/03,2003-03-18,"St George's Park, Port Elizabeth",1,15.1,Australia,Sri Lanka,DS Lehmann,A Symonds,PA de Silva,0,0,,,,,,,,,
65284,2002/03,2003-03-18,"St George's Park, Port Elizabeth",1,15.2,Australia,Sri Lanka,DS Lehmann,A Symonds,PA de Silva,2,0,,,,,,,,,
65284,2002/03,2003-03-18,"St George's Park, Port Elizabeth",1,15.3,Australia,Sri Lanka,DS Lehmann,A Symonds,PA de Silva,0,0,,,,,,,,,
65284,2002/03,2003-03-18,"St George's Park, Port Elizabeth",1,15.4,Australia,Sri Lanka,DS Lehmann,A Symonds,PA de Silva,0,0,,,,,,,,,
65284,2002/03,2003-03-18,"St George's Park, Port Elizabeth",1,15.5,Australia,Sri Lanka,DS Lehmann,A Symonds,PA de Silva,0,0,,,,,,,,,
65284,2002/03,2003-03-18,"St George's Park, Port Elizabeth",1,15.6,Australia,Sri Lanka,DS Lehmann,A Symonds,PA de Silva,0,0,,,,,,,,,
65284,2002/03,2003-03-18,"St George's Park, Port Elizabeth",1,16.1,Australia,Sri Lanka,A Symonds,DS Lehmann,PW Gunaratne,0,0,,,,,,,,,
65284,2002/03,2003-03-18,"St George's Park, Port Elizabeth",1,16.2,Australia,Sri Lanka,A Symonds,DS Lehmann,PW Gunaratne,2,0,,,,,,,,,
65284,2002/03,2003-03-18,"St George's Park, Port Elizabeth",1,16.3,Australia,Sri Lanka,A Symonds,DS Lehmann,PW Gunaratne,0,0,,,,,,,,,
65284,2002/03,2003-03-18,"St George's Park, Port Elizabeth",1,16.4,Australia,Sri Lanka,A Symonds,DS Lehmann,PW Gunaratne,0,0,,,,,,,,,
65284,2002/03,2003-03-18,"St George's Park, Port Elizabeth",1,16.5,Australia,Sri Lanka,A Symonds,DS Lehmann,PW Gunaratne,0,1,1,,,,,,,,
65284,2002/03,2003-03-18,"St George's Park, Port Elizabeth",1,16.6,Australia,Sri Lanka,A Symonds,DS Lehmann,PW Gunaratne,1,0,,,,,,,,,
65284,2002/03,2003-03-18,"St George's Park, Port Elizabeth",1,16.7,Australia,Sri Lanka,DS Lehmann,A Symonds,PW Gunaratne,1,0,,,,,,,,,
65284,2002/03,2003-03-18,"St George's Park, Port Elizabeth",1,17.1,Australia,Sri Lanka,DS Lehmann,A Symonds,PA de Silva,1,0,,,,,,,,,
65284,2002/03,2003-03-18,"St George's Park, Port Elizabeth",1,17.2,Australia,Sri Lanka,A Symonds,DS Lehmann,PA de Silva,0,0,,,,,,,,,
65284,2002/03,2003-03-18,"St George's Park, Port Elizabeth",1,17.3,Australia,Sri Lanka,A Symonds,DS Lehmann,PA de Silva,0,0,,,,,,,,,
65284,2002/03,2003-03-18,"St George's Park, Port Elizabeth",1,17.4,Australia,Sri Lanka,A Symonds,DS Lehmann,PA de Silva,0,0,,,,,,,,,
65284,2002/03,2003-03-18,"St George's Park, Port Elizabeth",1,17.5,Australia,Sri Lanka,A Symonds,DS Lehmann,PA de Silva,1,0,,,,,,,,,
65284,2002/03,2003-03-18,"St George's Park, Port Elizabeth",1,17.6,Australia,Sri Lanka,DS Lehmann,A Symonds,PA de Silva,1,0,,,,,,,,,
65284,2002/03,2003-03-18,"St George's Park, Port Elizabeth",1,18.1,Australia,Sri Lanka,DS Lehmann,A Symonds,PW Gunaratne,0,0,,,,,,,,,
65284,2002/03,2003-03-18,"St George's Park, Port Elizabeth",1,18.2,Australia,Sri Lanka,DS Lehmann,A Symonds,PW Gunaratne,0,0,,,,,,,,,
65284,2002/03,2003-03-18,"St George's Park, Port Elizabeth",1,18.3,Australia,Sri Lanka,DS Lehmann,A Symonds,PW Gunaratne,0,0,,,,,,,,,
65284,2002/03,2003-03-18,"St George's Park, Port Elizabeth",1,18.4,Australia,Sri Lanka,DS Lehmann,A Symonds,PW Gunaratne,4,0,,,,,,,,,
65284,2002/03,2003-03-18,"St George's Park, Port Elizabeth",1,18.5,Australia,Sri Lanka,DS Lehmann,A Symonds,PW Gunaratne,0,0,,,,,,,,,
65284,2002/03,2003-03-18,"St George's Park, Port Elizabeth",1,18.6,Australia,Sri Lanka,DS Lehmann,A Symonds,PW Gunaratne,0,0,,,,,,,,,
65284,2002/03,2003-03-18,"St George's Park, Port Elizabeth",1,19.1,Australia,Sri Lanka,A Symonds,DS Lehmann,PA de Silva,1,0,,,,,,,,,
65284,2002/03,2003-03-18,"St George's Park, Port Elizabeth",1,19.2,Australia,Sri Lanka,DS Lehmann,A Symonds,PA de Silva,1,0,,,,,,,,,
65284,2002/03,2003-03-18,"St George's Park, Port Elizabeth",1,19.3,Australia,Sri Lanka,A Symonds,DS Lehmann,PA de Silva,1,0,,,,,,,,,
65284,2002/03,2003-03-18,"St George's Park, Port Elizabeth",1,19.4,Australia,Sri Lanka,DS Lehmann,A Symonds,PA de Silva,0,0,,,,,,,,,
65284,2002/03,2003-03-18,"St George's Park, Port Elizabeth",1,19.5,Australia,Sri Lanka,DS Lehmann,A Symonds,PA de Silva,1,0,,,,,,,,,
65284,2002/03,2003-03-18,"St George's Park, Port Elizabeth",1,19.6,Australia,Sri Lanka,A Symonds,DS Lehmann,PA de Silva,0,0,,,,,,,,,
65284,2002/03,2003-03-18,"St George's Park, Port Elizabeth",1,20.1,Australia,Sri Lanka,DS Lehmann,A Symonds,PW Gunaratne,1,0,,,,,,,,,
65284,2002/03,2003-03-18,"St George's Park, Port Elizabeth",1,20.2,Australia,Sri Lanka,A Symonds,DS Lehmann,PW Gunaratne,0,0,,,,,,,,,
65284,2002/03,2003-03-18,"St George's Park, Port Elizabeth",1,20.3,Australia,Sri Lanka,A Symonds,DS Lehmann,PW Gunaratne,0,0,,,,,,,,,
65284,2002/03,2003-03-18,"St George's Park, Port Elizabeth",1,20.4,Australia,Sri Lanka,A Symonds,DS Lehmann,PW Gunaratne,0,0,,,,,,,,,
65284,2002/03,2003-03-18,"St George's Park, Port Elizabeth",1,20.5,Australia,Sri Lanka,A Symonds,DS Lehmann,PW Gunaratne,1,0,,,,,,,,,
65284,2002/03,2003-03-18,"St George's Park, Port Elizabeth",1,20.6,Australia,Sri Lanka,DS Lehmann,A Symonds,PW Gunaratne,0,0,,,,,,,,,
65284,2002/03,2003-03-18,"St George's Park, Port Elizabeth",1,21.1,Australia,Sri Lanka,A Symonds,DS Lehmann,M Muralitharan,0,0,,,,,,,,,
65284,2002/03,2003-03-18,"St George's Park, Port Elizabeth",1,21.2,Australia,Sri Lanka,A Symonds,DS Lehmann,M Muralitharan,0,0,,,,,,,,,
65284,2002/03,2003-03-18,"St George's Park, Port Elizabeth",1,21.3,Australia,Sri Lanka,A Symonds,DS Lehmann,M Muralitharan,1,0,,,,,,,,,
65284,2002/03,2003-03-18,"St George's Park, Port Elizabeth",1,21.4,Australia,Sri Lanka,DS Lehmann,A Symonds,M Muralitharan,0,0,,,,,,,,,
65284,2002/03,2003-03-18,"St George's Park, Port Elizabeth",1,21.5,Australia,Sri Lanka,DS Lehmann,A Symonds,M Muralitharan,0,0,,,,,,,,,
65284,2002/03,2003-03-18,"St George's Park, Port Elizabeth",1,21.6,Australia,Sri Lanka,DS Lehmann,A Symonds,M Muralitharan,0,0,,,,,,,,,
65284,2002/03,2003-03-18,"St George's Park, Port Elizabeth",1,22.1,Australia,Sri Lanka,A Symonds,DS Lehmann,PW Gunaratne,0,0,,,,,,,,,
65284,2002/03,2003-03-18,"St George's Park, Port Elizabeth",1,22.2,Australia,Sri Lanka,A Symonds,DS Lehmann,PW Gunaratne,1,0,,,,,,,,,
65284,2002/03,2003-03-18,"St George's Park, Port Elizabeth",1,22.3,Australia,Sri Lanka,DS Lehmann,A Symonds,PW Gunaratne,1,0,,,,,,,,,
65284,2002/03,2003-03-18,"St George's Park, Port Elizabeth",1,22.4,Australia,Sri Lanka,A Symonds,DS Lehmann,PW Gunaratne,0,0,,,,,,,,,
65284,2002/03,2003-03-18,"St George's Park, Port Elizabeth",1,22.5,Australia,Sri Lanka,A Symonds,DS Lehmann,PW Gunaratne,4,0,,,,,,,,,
65284,2002/03,2003-03-18,"St George's Park, Port Elizabeth",1,22.6,Australia,Sri Lanka,A Symonds,DS Lehmann,PW Gunaratne,4,0,,,,,,,,,
65284,2002/03,2003-03-18,"St George's Park, Port Elizabeth",1,23.1,Australia,Sri Lanka,DS Lehmann,A Symonds,M Muralitharan,1,0,,,,,,,,,
65284,2002/03,2003-03-18,"St George's Park, Port Elizabeth",1,23.2,Australia,Sri Lanka,A Symonds,DS Lehmann,M Muralitharan,0,0,,,,,,,,,
65284,2002/03,2003-03-18,"St George's Park, Port Elizabeth",1,23.3,Australia,Sri Lanka,A Symonds,DS Lehmann,M Muralitharan,0,0,,,,,,,,,
65284,2002/03,2003-03-18,"St George's Park, Port Elizabeth",1,23.4,Australia,Sri Lanka,A Symonds,DS Lehmann,M Muralitharan,1,0,,,,,,,,,
65284,2002/03,2003-03-18,"St George's Park, Port Elizabeth",1,23.5,Australia,Sri Lanka,DS Lehmann,A Symonds,M Muralitharan,0,0,,,,,,,,,
65284,2002/03,2003-03-18,"St George's Park, Port Elizabeth",1,23.6,Australia,Sri Lanka,DS Lehmann,A Symonds,M Muralitharan,1,0,,,,,,,,,
65284,2002/03,2003-03-18,"St George's Park, Port Elizabeth",1,24.1,Australia,Sri Lanka,DS Lehmann,A Symonds,ST Jayasuriya,1,0,,,,,,,,,
65284,2002/03,2003-03-18,"St George's Park, Port Elizabeth",1,24.2,Australia,Sri Lanka,A Symonds,DS Lehmann,ST Jayasuriya,1,0,,,,,,,,,
65284,2002/03,2003-03-18,"St George's Park, Port Elizabeth",1,24.3,Australia,Sri Lanka,DS Lehmann,A Symonds,ST Jayasuriya,2,0,,,,,,,,,
65284,2002/03,2003-03-18,"St George's Park, Port Elizabeth",1,24.4,Australia,Sri Lanka,DS Lehmann,A Symonds,ST Jayasuriya,0,0,,,,,,,,,
65284,2002/03,2003-03-18,"St George's Park, Port Elizabeth",1,24.5,Australia,Sri Lanka,DS Lehmann,A Symonds,ST Jayasuriya,0,0,,,,,,,,,
65284,2002/03,2003-03-18,"St George's Park, Port Elizabeth",1,24.6,Australia,Sri Lanka,DS Lehmann,A Symonds,ST Jayasuriya,0,0,,,,,,,,,
65284,2002/03,2003-03-18,"St George's Park, Port Elizabeth",1,25.1,Australia,Sri Lanka,A Symonds,DS Lehmann,M Muralitharan,0,0,,,,,,,,,
65284,2002/03,2003-03-18,"St George's Park, Port Elizabeth",1,25.2,Australia,Sri Lanka,A Symonds,DS Lehmann,M Muralitharan,1,0,,,,,,,,,
65284,2002/03,2003-03-18,"St George's Park, Port Elizabeth",1,25.3,Australia,Sri Lanka,DS Lehmann,A Symonds,M Muralitharan,1,0,,,,,,,,,
65284,2002/03,2003-03-18,"St George's Park, Port Elizabeth",1,25.4,Australia,Sri Lanka,A Symonds,DS Lehmann,M Muralitharan,0,0,,,,,,,,,
65284,2002/03,2003-03-18,"St George's Park, Port Elizabeth",1,25.5,Australia,Sri Lanka,A Symonds,DS Lehmann,M Muralitharan,0,0,,,,,,,,,
65284,2002/03,2003-03-18,"St George's Park, Port Elizabeth",1,25.6,Australia,Sri Lanka,A Symonds,DS Lehmann,M Muralitharan,1,0,,,,,,,,,
65284,2002/03,2003-03-18,"St George's Park, Port Elizabeth",1,26.1,Australia,Sri Lanka,A Symonds,DS Lehmann,ST Jayasuriya,1,0,,,,,,,,,
65284,2002/03,2003-03-18,"St George's Park, Port Elizabeth",1,26.2,Australia,Sri Lanka,DS Lehmann,A Symonds,ST Jayasuriya,0,0,,,,,,,,,
65284,2002/03,2003-03-18,"St George's Park, Port Elizabeth",1,26.3,Australia,Sri Lanka,DS Lehmann,A Symonds,ST Jayasuriya,0,0,,,,,,,,,
65284,2002/03,2003-03-18,"St George's Park, Port Elizabeth",1,26.4,Australia,Sri Lanka,DS Lehmann,A Symonds,ST Jayasuriya,1,0,,,,,,,,,
65284,2002/03,2003-03-18,"St George's Park, Port Elizabeth",1,26.5,Australia,Sri Lanka,A Symonds,DS Lehmann,ST Jayasuriya,0,0,,,,,,,,,
65284,2002/03,2003-03-18,"St George's Park, Port Elizabeth",1,26.6,Australia,Sri Lanka,A Symonds,DS Lehmann,ST Jayasuriya,0,0,,,,,,,,,
65284,2002/03,2003-03-18,"St George's Park, Port Elizabeth",1,27.1,Australia,Sri Lanka,DS Lehmann,A Symonds,M Muralitharan,1,0,,,,,,,,,
65284,2002/03,2003-03-18,"St George's Park, Port Elizabeth",1,27.2,Australia,Sri Lanka,A Symonds,DS Lehmann,M Muralitharan,2,0,,,,,,,,,
65284,2002/03,2003-03-18,"St George's Park, Port Elizabeth",1,27.3,Australia,Sri Lanka,A Symonds,DS Lehmann,M Muralitharan,0,0,,,,,,,,,
65284,2002/03,2003-03-18,"St George's Park, Port Elizabeth",1,27.4,Australia,Sri Lanka,A Symonds,DS Lehmann,M Muralitharan,0,0,,,,,,,,,
65284,2002/03,2003-03-18,"St George's Park, Port Elizabeth",1,27.5,Australia,Sri Lanka,A Symonds,DS Lehmann,M Muralitharan,0,0,,,,,,,,,
65284,2002/03,2003-03-18,"St George's Park, Port Elizabeth",1,27.6,Australia,Sri Lanka,A Symonds,DS Lehmann,M Muralitharan,1,0,,,,,,,,,
65284,2002/03,2003-03-18,"St George's Park, Port Elizabeth",1,28.1,Australia,Sri Lanka,A Symonds,DS Lehmann,ST Jayasuriya,0,0,,,,,,,,,
65284,2002/03,2003-03-18,"St George's Park, Port Elizabeth",1,28.2,Australia,Sri Lanka,A Symonds,DS Lehmann,ST Jayasuriya,0,0,,,,,,,,,
65284,2002/03,2003-03-18,"St George's Park, Port Elizabeth",1,28.3,Australia,Sri Lanka,A Symonds,DS Lehmann,ST Jayasuriya,0,0,,,,,,,,,
65284,2002/03,2003-03-18,"St George's Park, Port Elizabeth",1,28.4,Australia,Sri Lanka,A Symonds,DS Lehmann,ST Jayasuriya,1,0,,,,,,,,,
65284,2002/03,2003-03-18,"St George's Park, Port Elizabeth",1,28.5,Australia,Sri Lanka,DS Lehmann,A Symonds,ST Jayasuriya,1,0,,,,,,,,,
65284,2002/03,2003-03-18,"St George's Park, Port Elizabeth",1,28.6,Australia,Sri Lanka,A Symonds,DS Lehmann,ST Jayasuriya,1,0,,,,,,,,,
65284,2002/03,2003-03-18,"St George's Park, Port Elizabeth",1,29.1,Australia,Sri Lanka,A Symonds,DS Lehmann,M Muralitharan,1,0,,,,,,,,,
65284,2002/03,2003-03-18,"St George's Park, Port Elizabeth",1,29.2,Australia,Sri Lanka,DS Lehmann,A Symonds,M Muralitharan,0,0,,,,,,,,,
65284,2002/03,2003-03-18,"St George's Park, Port Elizabeth",1,29.3,Australia,Sri Lanka,DS Lehmann,A Symonds,M Muralitharan,1,0,,,,,,,,,
65284,2002/03,2003-03-18,"St George's Park, Port Elizabeth",1,29.4,Australia,Sri Lanka,A Symonds,DS Lehmann,M Muralitharan,1,0,,,,,,,,,
65284,2002/03,2003-03-18,"St George's Park, Port Elizabeth",1,29.5,Australia,Sri Lanka,DS Lehmann,A Symonds,M Muralitharan,1,0,,,,,,,,,
65284,2002/03,2003-03-18,"St George's Park, Port Elizabeth",1,29.6,Australia,Sri Lanka,A Symonds,DS Lehmann,M Muralitharan,1,0,,,,,,,,,
65284,2002/03,2003-03-18,"St George's Park, Port Elizabeth",1,30.1,Australia,Sri Lanka,A Symonds,DS Lehmann,ST Jayasuriya,1,0,,,,,,,,,
65284,2002/03,2003-03-18,"St George's Park, Port Elizabeth",1,30.2,Australia,Sri Lanka,DS Lehmann,A Symonds,ST Jayasuriya,1,0,,,,,,,,,
65284,2002/03,2003-03-18,"St George's Park, Port Elizabeth",1,30.3,Australia,Sri Lanka,A Symonds,DS Lehmann,ST Jayasuriya,1,0,,,,,,,,,
65284,2002/03,2003-03-18,"St George's Park, Port Elizabeth",1,30.4,Australia,Sri Lanka,DS Lehmann,A Symonds,ST Jayasuriya,0,0,,,,,,,,,
65284,2002/03,2003-03-18,"St George's Park, Port Elizabeth",1,30.5,Australia,Sri Lanka,DS Lehmann,A Symonds,ST Jayasuriya,0,0,,,,,,,,,
65284,2002/03,2003-03-18,"St George's Park, Port Elizabeth",1,30.6,Australia,Sri Lanka,DS Lehmann,A Symonds,ST Jayasuriya,0,0,,,,,,,,,
65284,2002/03,2003-03-18,"St George's Park, Port Elizabeth",1,31.1,Australia,Sri Lanka,A Symonds,DS Lehmann,RP Arnold,0,0,,,,,,,,,
65284,2002/03,2003-03-18,"St George's Park, Port Elizabeth",1,31.2,Australia,Sri Lanka,A Symonds,DS Lehmann,RP Arnold,4,0,,,,,,,,,
65284,2002/03,2003-03-18,"St George's Park, Port Elizabeth",1,31.3,Australia,Sri Lanka,A Symonds,DS Lehmann,RP Arnold,0,0,,,,,,,,,
65284,2002/03,2003-03-18,"St George's Park, Port Elizabeth",1,31.4,Australia,Sri Lanka,A Symonds,DS Lehmann,RP Arnold,0,0,,,,,,,,,
65284,2002/03,2003-03-18,"St George's Park, Port Elizabeth",1,31.5,Australia,Sri Lanka,A Symonds,DS Lehmann,RP Arnold,1,0,,,,,,,,,
65284,2002/03,2003-03-18,"St George's Park, Port Elizabeth",1,31.6,Australia,Sri Lanka,DS Lehmann,A Symonds,RP Arnold,0,0,,,,,,,,,
65284,2002/03,2003-03-18,"St George's Park, Port Elizabeth",1,32.1,Australia,Sri Lanka,A Symonds,DS Lehmann,ST Jayasuriya,1,0,,,,,,,,,
65284,2002/03,2003-03-18,"St George's Park, Port Elizabeth",1,32.2,Australia,Sri Lanka,DS Lehmann,A Symonds,ST Jayasuriya,1,0,,,,,,,,,
65284,2002/03,2003-03-18,"St George's Park, Port Elizabeth",1,32.3,Australia,Sri Lanka,A Symonds,DS Lehmann,ST Jayasuriya,4,0,,,,,,,,,
65284,2002/03,2003-03-18,"St George's Park, Port Elizabeth",1,32.4,Australia,Sri Lanka,A Symonds,DS Lehmann,ST Jayasuriya,0,0,,,,,,,,,
65284,2002/03,2003-03-18,"St George's Park, Port Elizabeth",1,32.5,Australia,Sri Lanka,A Symonds,DS Lehmann,ST Jayasuriya,4,0,,,,,,,,,
65284,2002/03,2003-03-18,"St George's Park, Port Elizabeth",1,32.6,Australia,Sri Lanka,A Symonds,DS Lehmann,ST Jayasuriya,1,0,,,,,,,,,
65284,2002/03,2003-03-18,"St George's Park, Port Elizabeth",1,33.1,Australia,Sri Lanka,A Symonds,DS Lehmann,RP Arnold,0,0,,,,,,,,,
65284,2002/03,2003-03-18,"St George's Park, Port Elizabeth",1,33.2,Australia,Sri Lanka,A Symonds,DS Lehmann,RP Arnold,0,0,,,,,,,,,
65284,2002/03,2003-03-18,"St George's Park, Port Elizabeth",1,33.3,Australia,Sri Lanka,A Symonds,DS Lehmann,RP Arnold,1,0,,,,,,,,,
65284,2002/03,2003-03-18,"St George's Park, Port Elizabeth",1,33.4,Australia,Sri Lanka,DS Lehmann,A Symonds,RP Arnold,1,0,,,,,,,,,
65284,2002/03,2003-03-18,"St George's Park, Port Elizabeth",1,33.5,Australia,Sri Lanka,A Symonds,DS Lehmann,RP Arnold,1,0,,,,,,,,,
65284,2002/03,2003-03-18,"St George's Park, Port Elizabeth",1,33.6,Australia,Sri Lanka,DS Lehmann,A Symonds,RP Arnold,0,0,,,,,,,,,
65284,2002/03,2003-03-18,"St George's Park, Port Elizabeth",1,34.1,Australia,Sri Lanka,A Symonds,DS Lehmann,ST Jayasuriya,0,0,,,,,,,,,
65284,2002/03,2003-03-18,"St George's Park, Port Elizabeth",1,34.2,Australia,Sri Lanka,A Symonds,DS Lehmann,ST Jayasuriya,1,0,,,,,,,,,
65284,2002/03,2003-03-18,"St George's Park, Port Elizabeth",1,34.3,Australia,Sri Lanka,DS Lehmann,A Symonds,ST Jayasuriya,1,0,,,,,,,,,
65284,2002/03,2003-03-18,"St George's Park, Port Elizabeth",1,34.4,Australia,Sri Lanka,A Symonds,DS Lehmann,ST Jayasuriya,1,0,,,,,,,,,
65284,2002/03,2003-03-18,"St George's Park, Port Elizabeth",1,34.5,Australia,Sri Lanka,DS Lehmann,A Symonds,ST Jayasuriya,0,0,,,,,,,,,
65284,2002/03,2003-03-18,"St George's Park, Port Elizabeth",1,34.6,Australia,Sri Lanka,DS Lehmann,A Symonds,ST Jayasuriya,0,0,,,,,,bowled,DS Lehmann,,
65284,2002/03,2003-03-18,"St George's Park, Port Elizabeth",1,35.1,Australia,Sri Lanka,A Symonds,MG Bevan,WPUJC Vaas,0,0,,,,,,,,,
65284,2002/03,2003-03-18,"St George's Park, Port Elizabeth",1,35.2,Australia,Sri Lanka,A Symonds,MG Bevan,WPUJC Vaas,0,0,,,,,,,,,
65284,2002/03,2003-03-18,"St George's Park, Port Elizabeth",1,35.3,Australia,Sri Lanka,A Symonds,MG Bevan,WPUJC Vaas,0,0,,,,,,,,,
65284,2002/03,2003-03-18,"St George's Park, Port Elizabeth",1,35.4,Australia,Sri Lanka,A Symonds,MG Bevan,WPUJC Vaas,0,0,,,,,,,,,
65284,2002/03,2003-03-18,"St George's Park, Port Elizabeth",1,35.5,Australia,Sri Lanka,A Symonds,MG Bevan,WPUJC Vaas,0,0,,,,,,,,,
65284,2002/03,2003-03-18,"St George's Park, Port Elizabeth",1,35.6,Australia,Sri Lanka,A Symonds,MG Bevan,WPUJC Vaas,0,0,,,,,,,,,
65284,2002/03,2003-03-18,"St George's Park, Port Elizabeth",1,36.1,Australia,Sri Lanka,MG Bevan,A Symonds,ST Jayasuriya,0,0,,,,,,caught,MG Bevan,,
65284,2002/03,2003-03-18,"St George's Park, Port Elizabeth",1,36.2,Australia,Sri Lanka,GB Hogg,A Symonds,ST Jayasuriya,1,0,,,,,,,,,
65284,2002/03,2003-03-18,"St George's Park, Port Elizabeth",1,36.3,Australia,Sri Lanka,A Symonds,GB Hogg,ST Jayasuriya,1,0,,,,,,,,,
65284,2002/03,2003-03-18,"St George's Park, Port Elizabeth",1,36.4,Australia,Sri Lanka,GB Hogg,A Symonds,ST Jayasuriya,0,0,,,,,,,,,
65284,2002/03,2003-03-18,"St George's Park, Port Elizabeth",1,36.5,Australia,Sri Lanka,GB Hogg,A Symonds,ST Jayasuriya,0,0,,,,,,,,,
65284,2002/03,2003-03-18,"St George's Park, Port Elizabeth",1,36.6,Australia,Sri Lanka,GB Hogg,A Symonds,ST Jayasuriya,1,0,,,,,,,,,
65284,2002/03,2003-03-18,"St George's Park, Port Elizabeth",1,37.1,Australia,Sri Lanka,GB Hogg,A Symonds,M Muralitharan,0,0,,,,,,,,,
65284,2002/03,2003-03-18,"St George's Park, Port Elizabeth",1,37.2,Australia,Sri Lanka,GB Hogg,A Symonds,M Muralitharan,0,0,,,,,,,,,
65284,2002/03,2003-03-18,"St George's Park, Port Elizabeth",1,37.3,Australia,Sri Lanka,GB Hogg,A Symonds,M Muralitharan,1,0,,,,,,,,,
65284,2002/03,2003-03-18,"St George's Park, Port Elizabeth",1,37.4,Australia,Sri Lanka,A Symonds,GB Hogg,M Muralitharan,1,0,,,,,,,,,
65284,2002/03,2003-03-18,"St George's Park, Port Elizabeth",1,37.5,Australia,Sri Lanka,GB Hogg,A Symonds,M Muralitharan,1,0,,,,,,,,,
65284,2002/03,2003-03-18,"St George's Park, Port Elizabeth",1,37.6,Australia,Sri Lanka,A Symonds,GB Hogg,M Muralitharan,1,0,,,,,,,,,
65284,2002/03,2003-03-18,"St George's Park, Port Elizabeth",1,38.1,Australia,Sri Lanka,A Symonds,GB Hogg,ST Jayasuriya,0,0,,,,,,,,,
65284,2002/03,2003-03-18,"St George's Park, Port Elizabeth",1,38.2,Australia,Sri Lanka,A Symonds,GB Hogg,ST Jayasuriya,1,0,,,,,,,,,
65284,2002/03,2003-03-18,"St George's Park, Port Elizabeth",1,38.3,Australia,Sri Lanka,GB Hogg,A Symonds,ST Jayasuriya,0,0,,,,,,,,,
65284,2002/03,2003-03-18,"St George's Park, Port Elizabeth",1,38.4,Australia,Sri Lanka,GB Hogg,A Symonds,ST Jayasuriya,0,0,,,,,,,,,
65284,2002/03,2003-03-18,"St George's Park, Port Elizabeth",1,38.5,Australia,Sri Lanka,GB Hogg,A Symonds,ST Jayasuriya,2,0,,,,,,,,,
65284,2002/03,2003-03-18,"St George's Park, Port Elizabeth",1,38.6,Australia,Sri Lanka,GB Hogg,A Symonds,ST Jayasuriya,1,0,,,,,,,,,
65284,2002/03,2003-03-18,"St George's Park, Port Elizabeth",1,39.1,Australia,Sri Lanka,GB Hogg,A Symonds,M Muralitharan,0,0,,,,,,,,,
65284,2002/03,2003-03-18,"St George's Park, Port Elizabeth",1,39.2,Australia,Sri Lanka,GB Hogg,A Symonds,M Muralitharan,1,0,,,,,,,,,
65284,2002/03,2003-03-18,"St George's Park, Port Elizabeth",1,39.3,Australia,Sri Lanka,A Symonds,GB Hogg,M Muralitharan,1,0,,,,,,,,,
65284,2002/03,2003-03-18,"St George's Park, Port Elizabeth",1,39.4,Australia,Sri Lanka,GB Hogg,A Symonds,M Muralitharan,0,0,,,,,,,,,
65284,2002/03,2003-03-18,"St George's Park, Port Elizabeth",1,39.5,Australia,Sri Lanka,GB Hogg,A Symonds,M Muralitharan,0,0,,,,,,,,,
65284,2002/03,2003-03-18,"St George's Park, Port Elizabeth",1,39.6,Australia,Sri Lanka,GB Hogg,A Symonds,M Muralitharan,0,0,,,,,,,,,
65284,2002/03,2003-03-18,"St George's Park, Port Elizabeth",1,40.1,Australia,Sri Lanka,A Symonds,GB Hogg,PA de Silva,0,1,,,,1,,,,,
65284,2002/03,2003-03-18,"St George's Park, Port Elizabeth",1,40.2,Australia,Sri Lanka,GB Hogg,A Symonds,PA de Silva,0,0,,,,,,,,,
65284,2002/03,2003-03-18,"St George's Park, Port Elizabeth",1,40.3,Australia,Sri Lanka,GB Hogg,A Symonds,PA de Silva,0,0,,,,,,stumped,GB Hogg,,
65284,2002/03,2003-03-18,"St George's Park, Port Elizabeth",1,40.4,Australia,Sri Lanka,IJ Harvey,A Symonds,PA de Silva,1,0,,,,,,,,,
65284,2002/03,2003-03-18,"St George's Park, Port Elizabeth",1,40.5,Australia,Sri Lanka,A Symonds,IJ Harvey,PA de Silva,1,0,,,,,,,,,
65284,2002/03,2003-03-18,"St George's Park, Port Elizabeth",1,40.6,Australia,Sri Lanka,IJ Harvey,A Symonds,PA de Silva,0,0,,,,,,,,,
65284,2002/03,2003-03-18,"St George's Park, Port Elizabeth",1,41.1,Australia,Sri Lanka,A Symonds,IJ Harvey,M Muralitharan,0,0,,,,,,,,,
65284,2002/03,2003-03-18,"St George's Park, Port Elizabeth",1,41.2,Australia,Sri Lanka,A Symonds,IJ Harvey,M Muralitharan,0,0,,,,,,,,,
65284,2002/03,2003-03-18,"St George's Park, Port Elizabeth",1,41.3,Australia,Sri Lanka,A Symonds,IJ Harvey,M Muralitharan,0,0,,,,,,,,,
65284,2002/03,2003-03-18,"St George's Park, Port Elizabeth",1,41.4,Australia,Sri Lanka,A Symonds,IJ Harvey,M Muralitharan,0,0,,,,,,,,,
65284,2002/03,2003-03-18,"St George's Park, Port Elizabeth",1,41.5,Australia,Sri Lanka,A Symonds,IJ Harvey,M Muralitharan,1,0,,,,,,,,,
65284,2002/03,2003-03-18,"St George's Park, Port Elizabeth",1,41.6,Australia,Sri Lanka,IJ Harvey,A Symonds,M Muralitharan,0,1,,,,1,,,,,
65284,2002/03,2003-03-18,"St George's Park, Port Elizabeth",1,42.1,Australia,Sri Lanka,IJ Harvey,A Symonds,PA de Silva,1,0,,,,,,,,,
65284,2002/03,2003-03-18,"St George's Park, Port Elizabeth",1,42.2,Australia,Sri Lanka,A Symonds,IJ Harvey,PA de Silva,6,0,,,,,,,,,
65284,2002/03,2003-03-18,"St George's Park, Port Elizabeth",1,42.3,Australia,Sri Lanka,A Symonds,IJ Harvey,PA de Silva,0,0,,,,,,,,,
65284,2002/03,2003-03-18,"St George's Park, Port Elizabeth",1,42.4,Australia,Sri Lanka,A Symonds,IJ Harvey,PA de Silva,0,0,,,,,,,,,
65284,2002/03,2003-03-18,"St George's Park, Port Elizabeth",1,42.5,Australia,Sri Lanka,A Symonds,IJ Harvey,PA de Silva,1,0,,,,,,,,,
65284,2002/03,2003-03-18,"St George's Park, Port Elizabeth",1,42.6,Australia,Sri Lanka,IJ Harvey,A Symonds,PA de Silva,1,0,,,,,,,,,
65284,2002/03,2003-03-18,"St George's Park, Port Elizabeth",1,43.1,Australia,Sri Lanka,IJ Harvey,A Symonds,WPUJC Vaas,0,0,,,,,,,,,
65284,2002/03,2003-03-18,"St George's Park, Port Elizabeth",1,43.2,Australia,Sri Lanka,IJ Harvey,A Symonds,WPUJC Vaas,2,0,,,,,,,,,
65284,2002/03,2003-03-18,"St George's Park, Port Elizabeth",1,43.3,Australia,Sri Lanka,IJ Harvey,A Symonds,WPUJC Vaas,2,0,,,,,,,,,
65284,2002/03,2003-03-18,"St George's Park, Port Elizabeth",1,43.4,Australia,Sri Lanka,IJ Harvey,A Symonds,WPUJC Vaas,0,0,,,,,,,,,
65284,2002/03,2003-03-18,"St George's Park, Port Elizabeth",1,43.5,Australia,Sri Lanka,IJ Harvey,A Symonds,WPUJC Vaas,0,0,,,,,,caught,IJ Harvey,,
65284,2002/03,2003-03-18,"St George's Park, Port Elizabeth",1,43.6,Australia,Sri Lanka,AJ Bichel,A Symonds,WPUJC Vaas,0,0,,,,,,,,,
65284,2002/03,2003-03-18,"St George's Park, Port Elizabeth",1,44.1,Australia,Sri Lanka,A Symonds,AJ Bichel,ST Jayasuriya,1,0,,,,,,,,,
65284,2002/03,2003-03-18,"St George's Park, Port Elizabeth",1,44.2,Australia,Sri Lanka,AJ Bichel,A Symonds,ST Jayasuriya,1,0,,,,,,,,,
65284,2002/03,2003-03-18,"St George's Park, Port Elizabeth",1,44.3,Australia,Sri Lanka,A Symonds,AJ Bichel,ST Jayasuriya,1,0,,,,,,,,,
65284,2002/03,2003-03-18,"St George's Park, Port Elizabeth",1,44.4,Australia,Sri Lanka,AJ Bichel,A Symonds,ST Jayasuriya,0,0,,,,,,,,,
65284,2002/03,2003-03-18,"St George's Park, Port Elizabeth",1,44.5,Australia,Sri Lanka,AJ Bichel,A Symonds,ST Jayasuriya,0,0,,,,,,,,,
65284,2002/03,2003-03-18,"St George's Park, Port Elizabeth",1,44.6,Australia,Sri Lanka,AJ Bichel,A Symonds,ST Jayasuriya,0,0,,,,,,,,,
65284,2002/03,2003-03-18,"St George's Park, Port Elizabeth",1,45.1,Australia,Sri Lanka,A Symonds,AJ Bichel,M Muralitharan,0,0,,,,,,,,,
65284,2002/03,2003-03-18,"St George's Park, Port Elizabeth",1,45.2,Australia,Sri Lanka,A Symonds,AJ Bichel,M Muralitharan,1,0,,,,,,,,,
65284,2002/03,2003-03-18,"St George's Park, Port Elizabeth",1,45.3,Australia,Sri Lanka,AJ Bichel,A Symonds,M Muralitharan,0,0,,,,,,,,,
65284,2002/03,2003-03-18,"St George's Park, Port Elizabeth",1,45.4,Australia,Sri Lanka,AJ Bichel,A Symonds,M Muralitharan,0,0,,,,,,,,,
65284,2002/03,2003-03-18,"St George's Park, Port Elizabeth",1,45.5,Australia,Sri Lanka,AJ Bichel,A Symonds,M Muralitharan,0,0,,,,,,,,,
65284,2002/03,2003-03-18,"St George's Park, Port Elizabeth",1,45.6,Australia,Sri Lanka,AJ Bichel,A Symonds,M Muralitharan,2,0,,,,,,,,,
65284,2002/03,2003-03-18,"St George's Park, Port Elizabeth",1,46.1,Australia,Sri Lanka,A Symonds,AJ Bichel,ST Jayasuriya,1,0,,,,,,,,,
65284,2002/03,2003-03-18,"St George's Park, Port Elizabeth",1,46.2,Australia,Sri Lanka,AJ Bichel,A Symonds,ST Jayasuriya,0,0,,,,,,,,,
65284,2002/03,2003-03-18,"St George's Park, Port Elizabeth",1,46.3,Australia,Sri Lanka,AJ Bichel,A Symonds,ST Jayasuriya,1,0,,,,,,,,,
65284,2002/03,2003-03-18,"St George's Park, Port Elizabeth",1,46.4,Australia,Sri Lanka,A Symonds,AJ Bichel,ST Jayasuriya,2,0,,,,,,,,,
65284,2002/03,2003-03-18,"St George's Park, Port Elizabeth",1,46.5,Australia,Sri Lanka,A Symonds,AJ Bichel,ST Jayasuriya,1,0,,,,,,,,,
65284,2002/03,2003-03-18,"St George's Park, Port Elizabeth",1,46.6,Australia,Sri Lanka,AJ Bichel,A Symonds,ST Jayasuriya,1,0,,,,,,,,,
65284,2002/03,2003-03-18,"St George's Park, Port Elizabeth",1,47.1,Australia,Sri Lanka,AJ Bichel,A Symonds,M Muralitharan,1,0,,,,,,,,,
65284,2002/03,2003-03-18,"St George's Park, Port Elizabeth",1,47.2,Australia,Sri Lanka,A Symonds,AJ Bichel,M Muralitharan,0,0,,,,,,,,,
65284,2002/03,2003-03-18,"St George's Park, Port Elizabeth",1,47.3,Australia,Sri Lanka,A Symonds,AJ Bichel,M Muralitharan,1,0,,,,,,,,,
65284,2002/03,2003-03-18,"St George's Park, Port Elizabeth",1,47.4,Australia,Sri Lanka,AJ Bichel,A Symonds,M Muralitharan,0,0,,,,,,,,,
65284,2002/03,2003-03-18,"St George's Park, Port Elizabeth",1,47.5,Australia,Sri Lanka,AJ Bichel,A Symonds,M Muralitharan,1,0,,,,,,,,,
65284,2002/03,2003-03-18,"St George's Park, Port Elizabeth",1,47.6,Australia,Sri Lanka,A Symonds,AJ Bichel,M Muralitharan,0,0,,,,,,,,,
65284,2002/03,2003-03-18,"St George's Park, Port Elizabeth",1,48.1,Australia,Sri Lanka,AJ Bichel,A Symonds,PW Gunaratne,2,0,,,,,,,,,
65284,2002/03,2003-03-18,"St George's Park, Port Elizabeth",1,48.2,Australia,Sri Lanka,AJ Bichel,A Symonds,PW Gunaratne,6,0,,,,,,,,,
65284,2002/03,2003-03-18,"St George's Park, Port Elizabeth",1,48.3,Australia,Sri Lanka,AJ Bichel,A Symonds,PW Gunaratne,1,0,,,,,,,,,
65284,2002/03,2003-03-18,"St George's Park, Port Elizabeth",1,48.4,Australia,Sri Lanka,A Symonds,AJ Bichel,PW Gunaratne,4,0,,,,,,,,,
65284,2002/03,2003-03-18,"St George's Park, Port Elizabeth",1,48.5,Australia,Sri Lanka,A Symonds,AJ Bichel,PW Gunaratne,1,0,,,,,,,,,
65284,2002/03,2003-03-18,"St George's Park, Port Elizabeth",1,48.6,Australia,Sri Lanka,AJ Bichel,A Symonds,PW Gunaratne,2,0,,,,,,,,,
65284,2002/03,2003-03-18,"St George's Park, Port Elizabeth",1,49.1,Australia,Sri Lanka,A Symonds,AJ Bichel,WPUJC Vaas,1,0,,,,,,,,,
65284,2002/03,2003-03-18,"St George's Park, Port Elizabeth",1,49.2,Australia,Sri Lanka,AJ Bichel,A Symonds,WPUJC Vaas,0,0,,,,,,,,,
65284,2002/03,2003-03-18,"St George's Park, Port Elizabeth",1,49.3,Australia,Sri Lanka,AJ Bichel,A Symonds,WPUJC Vaas,1,0,,,,,,,,,
65284,2002/03,2003-03-18,"St George's Park, Port Elizabeth",1,49.4,Australia,Sri Lanka,A Symonds,AJ Bichel,WPUJC Vaas,2,0,,,,,,,,,
65284,2002/03,2003-03-18,"St George's Park, Port Elizabeth",1,49.5,Australia,Sri Lanka,A Symonds,AJ Bichel,WPUJC Vaas,0,0,,,,,,,,,
65284,2002/03,2003-03-18,"St George's Park, Port Elizabeth",1,49.6,Australia,Sri Lanka,A Symonds,AJ Bichel,WPUJC Vaas,2,0,,,,,,,,,
65284,2002/03,2003-03-18,"St George's Park, Port Elizabeth",2,0.1,Sri Lanka,Australia,MS Atapattu,ST Jayasuriya,GD McGrath,0,0,,,,,,,,,
65284,2002/03,2003-03-18,"St George's Park, Port Elizabeth",2,0.2,Sri Lanka,Australia,MS Atapattu,ST Jayasuriya,GD McGrath,0,0,,,,,,,,,
65284,2002/03,2003-03-18,"St George's Park, Port Elizabeth",2,0.3,Sri Lanka,Australia,MS Atapattu,ST Jayasuriya,GD McGrath,1,0,,,,,,,,,
65284,2002/03,2003-03-18,"St George's Park, Port Elizabeth",2,0.4,Sri Lanka,Australia,ST Jayasuriya,MS Atapattu,GD McGrath,1,0,,,,,,,,,
65284,2002/03,2003-03-18,"St George's Park, Port Elizabeth",2,0.5,Sri Lanka,Australia,MS Atapattu,ST Jayasuriya,GD McGrath,0,0,,,,,,,,,
65284,2002/03,2003-03-18,"St George's Park, Port Elizabeth",2,0.6,Sri Lanka,Australia,MS Atapattu,ST Jayasuriya,GD McGrath,4,0,,,,,,,,,
65284,2002/03,2003-03-18,"St George's Park, Port Elizabeth",2,1.1,Sri Lanka,Australia,ST Jayasuriya,MS Atapattu,B Lee,3,0,,,,,,,,,
65284,2002/03,2003-03-18,"St George's Park, Port Elizabeth",2,1.2,Sri Lanka,Australia,MS Atapattu,ST Jayasuriya,B Lee,0,0,,,,,,,,,
65284,2002/03,2003-03-18,"St George's Park, Port Elizabeth",2,1.3,Sri Lanka,Australia,MS Atapattu,ST Jayasuriya,B Lee,0,0,,,,,,,,,
65284,2002/03,2003-03-18,"St George's Park, Port Elizabeth",2,1.4,Sri Lanka,Australia,MS Atapattu,ST Jayasuriya,B Lee,4,0,,,,,,,,,
65284,2002/03,2003-03-18,"St George's Park, Port Elizabeth",2,1.5,Sri Lanka,Australia,MS Atapattu,ST Jayasuriya,B Lee,1,0,,,,,,,,,
65284,2002/03,2003-03-18,"St George's Park, Port Elizabeth",2,1.6,Sri Lanka,Australia,ST Jayasuriya,MS Atapattu,B Lee,0,1,,,,1,,,,,
65284,2002/03,2003-03-18,"St George's Park, Port Elizabeth",2,2.1,Sri Lanka,Australia,ST Jayasuriya,MS Atapattu,GD McGrath,0,0,,,,,,,,,
65284,2002/03,2003-03-18,"St George's Park, Port Elizabeth",2,2.2,Sri Lanka,Australia,ST Jayasuriya,MS Atapattu,GD McGrath,1,0,,,,,,,,,
65284,2002/03,2003-03-18,"St George's Park, Port Elizabeth",2,2.3,Sri Lanka,Australia,MS Atapattu,ST Jayasuriya,GD McGrath,0,0,,,,,,,,,
65284,2002/03,2003-03-18,"St George's Park, Port Elizabeth",2,2.4,Sri Lanka,Australia,MS Atapattu,ST Jayasuriya,GD McGrath,0,0,,,,,,,,,
65284,2002/03,2003-03-18,"St George's Park, Port Elizabeth",2,2.5,Sri Lanka,Australia,MS Atapattu,ST Jayasuriya,GD McGrath,0,0,,,,,,,,,
65284,2002/03,2003-03-18,"St George's Park, Port Elizabeth",2,2.6,Sri Lanka,Australia,MS Atapattu,ST Jayasuriya,GD McGrath,0,0,,,,,,,,,
65284,2002/03,2003-03-18,"St George's Park, Port Elizabeth",2,3.1,Sri Lanka,Australia,ST Jayasuriya,MS Atapattu,B Lee,0,0,,,,,,,,,
65284,2002/03,2003-03-18,"St George's Park, Port Elizabeth",2,3.2,Sri Lanka,Australia,ST Jayasuriya,MS Atapattu,B Lee,1,0,,,,,,,,,
65284,2002/03,2003-03-18,"St George's Park, Port Elizabeth",2,3.3,Sri Lanka,Australia,MS Atapattu,ST Jayasuriya,B Lee,4,0,,,,,,,,,
65284,2002/03,2003-03-18,"St George's Park, Port Elizabeth",2,3.4,Sri Lanka,Australia,MS Atapattu,ST Jayasuriya,B Lee,0,0,,,,,,,,,
65284,2002/03,2003-03-18,"St George's Park, Port Elizabeth",2,3.5,Sri Lanka,Australia,MS Atapattu,ST Jayasuriya,B Lee,0,0,,,,,,,,,
65284,2002/03,2003-03-18,"St George's Park, Port Elizabeth",2,3.6,Sri Lanka,Australia,MS Atapattu,ST Jayasuriya,B Lee,0,0,,,,,,bowled,MS Atapattu,,
65284,2002/03,2003-03-18,"St George's Park, Port Elizabeth",2,4.1,Sri Lanka,Australia,ST Jayasuriya,HP Tillakaratne,GD McGrath,0,0,,,,,,,,,
65284,2002/03,2003-03-18,"St George's Park, Port Elizabeth",2,4.2,Sri Lanka,Australia,ST Jayasuriya,HP Tillakaratne,GD McGrath,0,0,,,,,,,,,
65284,2002/03,2003-03-18,"St George's Park, Port Elizabeth",2,4.3,Sri Lanka,Australia,ST Jayasuriya,HP Tillakaratne,GD McGrath,0,0,,,,,,,,,
65284,2002/03,2003-03-18,"St George's Park, Port Elizabeth",2,4.4,Sri Lanka,Australia,ST Jayasuriya,HP Tillakaratne,GD McGrath,0,0,,,,,,,,,
65284,2002/03,2003-03-18,"St George's Park, Port Elizabeth",2,4.5,Sri Lanka,Australia,ST Jayasuriya,HP Tillakaratne,GD McGrath,0,0,,,,,,,,,
65284,2002/03,2003-03-18,"St George's Park, Port Elizabeth",2,4.6,Sri Lanka,Australia,ST Jayasuriya,HP Tillakaratne,GD McGrath,1,0,,,,,,,,,
65284,2002/03,2003-03-18,"St George's Park, Port Elizabeth",2,5.1,Sri Lanka,Australia,ST Jayasuriya,HP Tillakaratne,B Lee,6,0,,,,,,,,,
65284,2002/03,2003-03-18,"St George's Park, Port Elizabeth",2,5.2,Sri Lanka,Australia,ST Jayasuriya,HP Tillakaratne,B Lee,0,1,1,,,,,,,,
65284,2002/03,2003-03-18,"St George's Park, Port Elizabeth",2,5.3,Sri Lanka,Australia,ST Jayasuriya,HP Tillakaratne,B Lee,0,0,,,,,,,,,
65284,2002/03,2003-03-18,"St George's Park, Port Elizabeth",2,5.4,Sri Lanka,Australia,ST Jayasuriya,HP Tillakaratne,B Lee,3,0,,,,,,,,,
65284,2002/03,2003-03-18,"St George's Park, Port Elizabeth",2,5.5,Sri Lanka,Australia,HP Tillakaratne,ST Jayasuriya,B Lee,1,0,,,,,,,,,
65284,2002/03,2003-03-18,"St George's Park, Port Elizabeth",2,5.6,Sri Lanka,Australia,ST Jayasuriya,HP Tillakaratne,B Lee,0,1,1,,,,,,,,
65284,2002/03,2003-03-18,"St George's Park, Port Elizabeth",2,5.7,Sri Lanka,Australia,ST Jayasuriya,HP Tillakaratne,B Lee,0,0,,,,,,,,,
65284,2002/03,2003-03-18,"St George's Park, Port Elizabeth",2,5.8,Sri Lanka,Australia,ST Jayasuriya,HP Tillakaratne,B Lee,0,0,,,,,,,,,
65284,2002/03,2003-03-18,"St George's Park, Port Elizabeth",2,6.1,Sri Lanka,Australia,HP Tillakaratne,ST Jayasuriya,GD McGrath,0,0,,,,,,,,,
65284,2002/03,2003-03-18,"St George's Park, Port Elizabeth",2,6.2,Sri Lanka,Australia,HP Tillakaratne,ST Jayasuriya,GD McGrath,0,0,,,,,,,,,
65284,2002/03,2003-03-18,"St George's Park, Port Elizabeth",2,6.3,Sri Lanka,Australia,HP Tillakaratne,ST Jayasuriya,GD McGrath,0,0,,,,,,,,,
65284,2002/03,2003-03-18,"St George's Park, Port Elizabeth",2,6.4,Sri Lanka,Australia,HP Tillakaratne,ST Jayasuriya,GD McGrath,0,0,,,,,,,,,
65284,2002/03,2003-03-18,"St George's Park, Port Elizabeth",2,6.5,Sri Lanka,Australia,HP Tillakaratne,ST Jayasuriya,GD McGrath,0,0,,,,,,,,,
65284,2002/03,2003-03-18,"St George's Park, Port Elizabeth",2,6.6,Sri Lanka,Australia,HP Tillakaratne,ST Jayasuriya,GD McGrath,0,0,,,,,,,,,
65284,2002/03,2003-03-18,"St George's Park, Port Elizabeth",2,7.1,Sri Lanka,Australia,ST Jayasuriya,HP Tillakaratne,B Lee,0,0,,,,,,,,,
65284,2002/03,2003-03-18,"St George's Park, Port Elizabeth",2,7.2,Sri Lanka,Australia,ST Jayasuriya,HP Tillakaratne,B Lee,0,0,,,,,,,,,
65284,2002/03,2003-03-18,"St George's Park, Port Elizabeth",2,7.3,Sri Lanka,Australia,ST Jayasuriya,HP Tillakaratne,B Lee,1,0,,,,,,,,,
65284,2002/03,2003-03-18,"St George's Park, Port Elizabeth",2,7.4,Sri Lanka,Australia,HP Tillakaratne,ST Jayasuriya,B Lee,1,0,,,,,,,,,
65284,2002/03,2003-03-18,"St George's Park, Port Elizabeth",2,7.5,Sri Lanka,Australia,ST Jayasuriya,HP Tillakaratne,B Lee,0,0,,,,,,,,,
65284,2002/03,2003-03-18,"St George's Park, Port Elizabeth",2,7.6,Sri Lanka,Australia,ST Jayasuriya,HP Tillakaratne,B Lee,0,0,,,,,,,,,
65284,2002/03,2003-03-18,"St George's Park, Port Elizabeth",2,8.1,Sri Lanka,Australia,HP Tillakaratne,ST Jayasuriya,GD McGrath,0,0,,,,,,,,,
65284,2002/03,2003-03-18,"St George's Park, Port Elizabeth",2,8.2,Sri Lanka,Australia,HP Tillakaratne,ST Jayasuriya,GD McGrath,0,0,,,,,,,,,
65284,2002/03,2003-03-18,"St George's Park, Port Elizabeth",2,8.3,Sri Lanka,Australia,HP Tillakaratne,ST Jayasuriya,GD McGrath,0,0,,,,,,,,,
65284,2002/03,2003-03-18,"St George's Park, Port Elizabeth",2,8.4,Sri Lanka,Australia,HP Tillakaratne,ST Jayasuriya,GD McGrath,1,0,,,,,,,,,
65284,2002/03,2003-03-18,"St George's Park, Port Elizabeth",2,8.5,Sri Lanka,Australia,ST Jayasuriya,HP Tillakaratne,GD McGrath,0,0,,,,,,caught,ST Jayasuriya,,
65284,2002/03,2003-03-18,"St George's Park, Port Elizabeth",2,8.6,Sri Lanka,Australia,DA Gunawardene,HP Tillakaratne,GD McGrath,0,0,,,,,,,,,
65284,2002/03,2003-03-18,"St George's Park, Port Elizabeth",2,9.1,Sri Lanka,Australia,HP Tillakaratne,DA Gunawardene,B Lee,0,0,,,,,,,,,
65284,2002/03,2003-03-18,"St George's Park, Port Elizabeth",2,9.2,Sri Lanka,Australia,HP Tillakaratne,DA Gunawardene,B Lee,0,0,,,,,,,,,
65284,2002/03,2003-03-18,"St George's Park, Port Elizabeth",2,9.3,Sri Lanka,Australia,HP Tillakaratne,DA Gunawardene,B Lee,0,0,,,,,,caught,HP Tillakaratne,,
65284,2002/03,2003-03-18,"St George's Park, Port Elizabeth",2,9.4,Sri Lanka,Australia,PA de Silva,DA Gunawardene,B Lee,0,0,,,,,,,,,
65284,2002/03,2003-03-18,"St George's Park, Port Elizabeth",2,9.5,Sri Lanka,Australia,PA de Silva,DA Gunawardene,B Lee,0,0,,,,,,,,,
65284,2002/03,2003-03-18,"St George's Park, Port Elizabeth",2,9.6,Sri Lanka,Australia,PA de Silva,DA Gunawardene,B Lee,0,1,,1,,,,,,,
65284,2002/03,2003-03-18,"St George's Park, Port Elizabeth",2,9.7,Sri Lanka,Australia,PA de Silva,DA Gunawardene,B Lee,0,0,,,,,,,,,
65284,2002/03,2003-03-18,"St George's Park, Port Elizabeth",2,10.1,Sri Lanka,Australia,DA Gunawardene,PA de Silva,GD McGrath,1,0,,,,,,,,,
65284,2002/03,2003-03-18,"St George's Park, Port Elizabeth",2,10.2,Sri Lanka,Australia,PA de Silva,DA Gunawardene,GD McGrath,0,0,,,,,,,,,
65284,2002/03,2003-03-18,"St George's Park, Port Elizabeth",2,10.3,Sri Lanka,Australia,PA de Silva,DA Gunawardene,GD McGrath,0,0,,,,,,,,,
65284,2002/03,2003-03-18,"St George's Park, Port Elizabeth",2,10.4,Sri Lanka,Australia,PA de Silva,DA Gunawardene,GD McGrath,4,0,,,,,,,,,
65284,2002/03,2003-03-18,"St George's Park, Port Elizabeth",2,10.5,Sri Lanka,Australia,PA de Silva,DA Gunawardene,GD McGrath,0,0,,,,,,,,,
65284,2002/03,2003-03-18,"St George's Park, Port Elizabeth",2,10.6,Sri Lanka,Australia,PA de Silva,DA Gunawardene,GD McGrath,0,0,,,,,,,,,
65284,2002/03,2003-03-18,"St George's Park, Port Elizabeth",2,11.1,Sri Lanka,Australia,DA Gunawardene,PA de Silva,B Lee,0,0,,,,,,,,,
65284,2002/03,2003-03-18,"St George's Park, Port Elizabeth",2,11.2,Sri Lanka,Australia,DA Gunawardene,PA de Silva,B Lee,0,0,,,,,,caught,DA Gunawardene,,
65284,2002/03,2003-03-18,"St George's Park, Port Elizabeth",2,11.3,Sri Lanka,Australia,KC Sangakkara,PA de Silva,B Lee,0,0,,,,,,,,,
65284,2002/03,2003-03-18,"St George's Park, Port Elizabeth",2,11.4,Sri Lanka,Australia,KC Sangakkara,PA de Silva,B Lee,0,0,,,,,,,,,
65284,2002/03,2003-03-18,"St George's Park, Port Elizabeth",2,11.5,Sri Lanka,Australia,KC Sangakkara,PA de Silva,B Lee,1,0,,,,,,,,,
65284,2002/03,2003-03-18,"St George's Park, Port Elizabeth",2,11.6,Sri Lanka,Australia,PA de Silva,KC Sangakkara,B Lee,1,0,,,,,,,,,
65284,2002/03,2003-03-18,"St George's Park, Port Elizabeth",2,12.1,Sri Lanka,Australia,PA de Silva,KC Sangakkara,GD McGrath,0,0,,,,,,,,,
65284,2002/03,2003-03-18,"St George's Park, Port Elizabeth",2,12.2,Sri Lanka,Australia,PA de Silva,KC Sangakkara,GD McGrath,0,0,,,,,,,,,
65284,2002/03,2003-03-18,"St George's Park, Port Elizabeth",2,12.3,Sri Lanka,Australia,PA de Silva,KC Sangakkara,GD McGrath,0,0,,,,,,,,,
65284,2002/03,2003-03-18,"St George's Park, Port Elizabeth",2,12.4,Sri Lanka,Australia,PA de Silva,KC Sangakkara,GD McGrath,4,0,,,,,,,,,
65284,2002/03,2003-03-18,"St George's Park, Port Elizabeth",2,12.5,Sri Lanka,Australia,PA de Silva,KC Sangakkara,GD McGrath,0,0,,,,,,,,,
65284,2002/03,2003-03-18,"St George's Park, Port Elizabeth",2,12.6,Sri Lanka,Australia,PA de Silva,KC Sangakkara,GD McGrath,2,0,,,,,,,,,
65284,2002/03,2003-03-18,"St George's Park, Port Elizabeth",2,13.1,Sri Lanka,Australia,KC Sangakkara,PA de Silva,AJ Bichel,0,0,,,,,,run out,PA de Silva,,
65284,2002/03,2003-03-18,"St George's Park, Port Elizabeth",2,13.2,Sri Lanka,Australia,DPMD Jayawardene,KC Sangakkara,AJ Bichel,1,0,,,,,,,,,
65284,2002/03,2003-03-18,"St George's Park, Port Elizabeth",2,13.3,Sri Lanka,Australia,KC Sangakkara,DPMD Jayawardene,AJ Bichel,0,0,,,,,,,,,
65284,2002/03,2003-03-18,"St George's Park, Port Elizabeth",2,13.4,Sri Lanka,Australia,KC Sangakkara,DPMD Jayawardene,AJ Bichel,0,0,,,,,,,,,
65284,2002/03,2003-03-18,"St George's Park, Port Elizabeth",2,13.5,Sri Lanka,Australia,KC Sangakkara,DPMD Jayawardene,AJ Bichel,0,0,,,,,,,,,
65284,2002/03,2003-03-18,"St George's Park, Port Elizabeth",2,13.6,Sri Lanka,Australia,KC Sangakkara,DPMD Jayawardene,AJ Bichel,0,0,,,,,,,,,
65284,2002/03,2003-03-18,"St George's Park, Port Elizabeth",2,14.1,Sri Lanka,Australia,DPMD Jayawardene,KC Sangakkara,GB Hogg,0,0,,,,,,,,,
65284,2002/03,2003-03-18,"St George's Park, Port Elizabeth",2,14.2,Sri Lanka,Australia,DPMD Jayawardene,KC Sangakkara,GB Hogg,0,4,,,4,,,,,,
65284,2002/03,2003-03-18,"St George's Park, Port Elizabeth",2,14.3,Sri Lanka,Australia,DPMD Jayawardene,KC Sangakkara,GB Hogg,4,0,,,,,,,,,
65284,2002/03,2003-03-18,"St George's Park, Port Elizabeth",2,14.4,Sri Lanka,Australia,DPMD Jayawardene,KC Sangakkara,GB Hogg,0,0,,,,,,,,,
65284,2002/03,2003-03-18,"St George's Park, Port Elizabeth",2,14.5,Sri Lanka,Australia,DPMD Jayawardene,KC Sangakkara,GB Hogg,0,0,,,,,,,,,
65284,2002/03,2003-03-18,"St George's Park, Port Elizabeth",2,14.6,Sri Lanka,Australia,DPMD Jayawardene,KC Sangakkara,GB Hogg,0,0,,,,,,,,,
65284,2002/03,2003-03-18,"St George's Park, Port Elizabeth",2,15.1,Sri Lanka,Australia,KC Sangakkara,DPMD Jayawardene,AJ Bichel,0,0,,,,,,,,,
65284,2002/03,2003-03-18,"St George's Park, Port Elizabeth",2,15.2,Sri Lanka,Australia,KC Sangakkara,DPMD Jayawardene,AJ Bichel,0,0,,,,,,,,,
65284,2002/03,2003-03-18,"St George's Park, Port Elizabeth",2,15.3,Sri Lanka,Australia,KC Sangakkara,DPMD Jayawardene,AJ Bichel,0,0,,,,,,,,,
65284,2002/03,2003-03-18,"St George's Park, Port Elizabeth",2,15.4,Sri Lanka,Australia,KC Sangakkara,DPMD Jayawardene,AJ Bichel,0,0,,,,,,,,,
65284,2002/03,2003-03-18,"St George's Park, Port Elizabeth",2,15.5,Sri Lanka,Australia,KC Sangakkara,DPMD Jayawardene,AJ Bichel,0,0,,,,,,,,,
65284,2002/03,2003-03-18,"St George's Park, Port Elizabeth",2,15.6,Sri Lanka,Australia,KC Sangakkara,DPMD Jayawardene,AJ Bichel,0,0,,,,,,,,,
65284,2002/03,2003-03-18,"St George's Park, Port Elizabeth",2,16.1,Sri Lanka,Australia,DPMD Jayawardene,KC Sangakkara,GB Hogg,0,0,,,,,,caught,DPMD Jayawardene,,
65284,2002/03,2003-03-18,"St George's Park, Port Elizabeth",2,16.2,Sri Lanka,Australia,RP Arnold,KC Sangakkara,GB Hogg,0,0,,,,,,,,,
65284,2002/03,2003-03-18,"St George's Park, Port Elizabeth",2,16.3,Sri Lanka,Australia,RP Arnold,KC Sangakkara,GB Hogg,0,0,,,,,,,,,
65284,2002/03,2003-03-18,"St George's Park, Port Elizabeth",2,16.4,Sri Lanka,Australia,RP Arnold,KC Sangakkara,GB Hogg,1,0,,,,,,,,,
65284,2002/03,2003-03-18,"St George's Park, Port Elizabeth",2,16.5,Sri Lanka,Australia,KC Sangakkara,RP Arnold,GB Hogg,0,0,,,,,,,,,
65284,2002/03,2003-03-18,"St George's Park, Port Elizabeth",2,16.6,Sri Lanka,Australia,KC Sangakkara,RP Arnold,GB Hogg,1,0,,,,,,,,,
65284,2002/03,2003-03-18,"St George's Park, Port Elizabeth",2,17.1,Sri Lanka,Australia,KC Sangakkara,RP Arnold,AJ Bichel,0,0,,,,,,,,,
65284,2002/03,2003-03-18,"St George's Park, Port Elizabeth",2,17.2,Sri Lanka,Australia,KC Sangakkara,RP Arnold,AJ Bichel,0,0,,,,,,,,,
65284,2002/03,2003-03-18,"St George's Park, Port Elizabeth",2,17.3,Sri Lanka,Australia,KC Sangakkara,RP Arnold,AJ Bichel,0,0,,,,,,,,,
65284,2002/03,2003-03-18,"St George's Park, Port Elizabeth",2,17.4,Sri Lanka,Australia,KC Sangakkara,RP Arnold,AJ Bichel,0,0,,,,,,,,,
65284,2002/03,2003-03-18,"St George's Park, Port Elizabeth",2,17.5,Sri Lanka,Australia,KC Sangakkara,RP Arnold,AJ Bichel,0,0,,,,,,,,,
65284,2002/03,2003-03-18,"St George's Park, Port Elizabeth",2,17.6,Sri Lanka,Australia,KC Sangakkara,RP Arnold,AJ Bichel,0,0,,,,,,,,,
65284,2002/03,2003-03-18,"St George's Park, Port Elizabeth",2,18.1,Sri Lanka,Australia,RP Arnold,KC Sangakkara,GB Hogg,0,0,,,,,,,,,
65284,2002/03,2003-03-18,"St George's Park, Port Elizabeth",2,18.2,Sri Lanka,Australia,RP Arnold,KC Sangakkara,GB Hogg,0,0,,,,,,,,,
65284,2002/03,2003-03-18,"St George's Park, Port Elizabeth",2,18.3,Sri Lanka,Australia,RP Arnold,KC Sangakkara,GB Hogg,0,0,,,,,,,,,
65284,2002/03,2003-03-18,"St George's Park, Port Elizabeth",2,18.4,Sri Lanka,Australia,RP Arnold,KC Sangakkara,GB Hogg,0,0,,,,,,,,,
65284,2002/03,2003-03-18,"St George's Park, Port Elizabeth",2,18.5,Sri Lanka,Australia,RP Arnold,KC Sangakkara,GB Hogg,1,0,,,,,,,,,
65284,2002/03,2003-03-18,"St George's Park, Port Elizabeth",2,18.6,Sri Lanka,Australia,KC Sangakkara,RP Arnold,GB Hogg,2,0,,,,,,,,,
65284,2002/03,2003-03-18,"St George's Park, Port Elizabeth",2,19.1,Sri Lanka,Australia,RP Arnold,KC Sangakkara,AJ Bichel,0,0,,,,,,,,,
65284,2002/03,2003-03-18,"St George's Park, Port Elizabeth",2,19.2,Sri Lanka,Australia,RP Arnold,KC Sangakkara,AJ Bichel,0,0,,,,,,,,,
65284,2002/03,2003-03-18,"St George's Park, Port Elizabeth",2,19.3,Sri Lanka,Australia,RP Arnold,KC Sangakkara,AJ Bichel,0,0,,,,,,,,,
65284,2002/03,2003-03-18,"St George's Park, Port Elizabeth",2,19.4,Sri Lanka,Australia,RP Arnold,KC Sangakkara,AJ Bichel,0,0,,,,,,,,,
65284,2002/03,2003-03-18,"St George's Park, Port Elizabeth",2,19.5,Sri Lanka,Australia,RP Arnold,KC Sangakkara,AJ Bichel,0,0,,,,,,,,,
65284,2002/03,2003-03-18,"St George's Park, Port Elizabeth",2,19.6,Sri Lanka,Australia,RP Arnold,KC Sangakkara,AJ Bichel,0,0,,,,,,,,,
65284,2002/03,2003-03-18,"St George's Park, Port Elizabeth",2,20.1,Sri Lanka,Australia,KC Sangakkara,RP Arnold,GB Hogg,0,0,,,,,,,,,
65284,2002/03,2003-03-18,"St George's Park, Port Elizabeth",2,20.2,Sri Lanka,Australia,KC Sangakkara,RP Arnold,GB Hogg,4,0,,,,,,,,,
65284,2002/03,2003-03-18,"St George's Park, Port Elizabeth",2,20.3,Sri Lanka,Australia,KC Sangakkara,RP Arnold,GB Hogg,0,0,,,,,,,,,
65284,2002/03,2003-03-18,"St George's Park, Port Elizabeth",2,20.4,Sri Lanka,Australia,KC Sangakkara,RP Arnold,GB Hogg,0,0,,,,,,,,,
65284,2002/03,2003-03-18,"St George's Park, Port Elizabeth",2,20.5,Sri Lanka,Australia,KC Sangakkara,RP Arnold,GB Hogg,4,0,,,,,,,,,
65284,2002/03,2003-03-18,"St George's Park, Port Elizabeth",2,20.6,Sri Lanka,Australia,KC Sangakkara,RP Arnold,GB Hogg,0,0,,,,,,,,,
65284,2002/03,2003-03-18,"St George's Park, Port Elizabeth",2,21.1,Sri Lanka,Australia,RP Arnold,KC Sangakkara,AJ Bichel,0,0,,,,,,,,,
65284,2002/03,2003-03-18,"St George's Park, Port Elizabeth",2,21.2,Sri Lanka,Australia,RP Arnold,KC Sangakkara,AJ Bichel,0,0,,,,,,,,,
65284,2002/03,2003-03-18,"St George's Park, Port Elizabeth",2,21.3,Sri Lanka,Australia,RP Arnold,KC Sangakkara,AJ Bichel,0,0,,,,,,,,,
65284,2002/03,2003-03-18,"St George's Park, Port Elizabeth",2,21.4,Sri Lanka,Australia,RP Arnold,KC Sangakkara,AJ Bichel,0,0,,,,,,,,,
65284,2002/03,2003-03-18,"St George's Park, Port Elizabeth",2,21.5,Sri Lanka,Australia,RP Arnold,KC Sangakkara,AJ Bichel,0,0,,,,,,,,,
65284,2002/03,2003-03-18,"St George's Park, Port Elizabeth",2,21.6,Sri Lanka,Australia,RP Arnold,KC Sangakkara,AJ Bichel,0,0,,,,,,,,,
65284,2002/03,2003-03-18,"St George's Park, Port Elizabeth",2,22.1,Sri Lanka,Australia,KC Sangakkara,RP Arnold,GB Hogg,0,0,,,,,,,,,
65284,2002/03,2003-03-18,"St George's Park, Port Elizabeth",2,22.2,Sri Lanka,Australia,KC Sangakkara,RP Arnold,GB Hogg,0,0,,,,,,,,,
65284,2002/03,2003-03-18,"St George's Park, Port Elizabeth",2,22.3,Sri Lanka,Australia,KC Sangakkara,RP Arnold,GB Hogg,0,0,,,,,,,,,
65284,2002/03,2003-03-18,"St George's Park, Port Elizabeth",2,22.4,Sri Lanka,Australia,KC Sangakkara,RP Arnold,GB Hogg,1,0,,,,,,,,,
65284,2002/03,2003-03-18,"St George's Park, Port Elizabeth",2,22.5,Sri Lanka,Australia,RP Arnold,KC Sangakkara,GB Hogg,0,0,,,,,,,,,
65284,2002/03,2003-03-18,"St George's Park, Port Elizabeth",2,22.6,Sri Lanka,Australia,RP Arnold,KC Sangakkara,GB Hogg,0,0,,,,,,,,,
65284,2002/03,2003-03-18,"St George's Park, Port Elizabeth",2,23.1,Sri Lanka,Australia,KC Sangakkara,RP Arnold,AJ Bichel,1,0,,,,,,,,,
65284,2002/03,2003-03-18,"St George's Park, Port Elizabeth",2,23.2,Sri Lanka,Australia,RP Arnold,KC Sangakkara,AJ Bichel,0,0,,,,,,,,,
65284,2002/03,2003-03-18,"St George's Park, Port Elizabeth",2,23.3,Sri Lanka,Australia,RP Arnold,KC Sangakkara,AJ Bichel,0,0,,,,,,,,,
65284,2002/03,2003-03-18,"St George's Park, Port Elizabeth",2,23.4,Sri Lanka,Australia,RP Arnold,KC Sangakkara,AJ Bichel,1,0,,,,,,,,,
65284,2002/03,2003-03-18,"St George's Park, Port Elizabeth",2,23.5,Sri Lanka,Australia,KC Sangakkara,RP Arnold,AJ Bichel,0,0,,,,,,,,,
65284,2002/03,2003-03-18,"St George's Park, Port Elizabeth",2,23.6,Sri Lanka,Australia,KC Sangakkara,RP Arnold,AJ Bichel,0,0,,,,,,,,,
65284,2002/03,2003-03-18,"St George's Park, Port Elizabeth",2,24.1,Sri Lanka,Australia,RP Arnold,KC Sangakkara,GB Hogg,0,0,,,,,,,,,
65284,2002/03,2003-03-18,"St George's Park, Port Elizabeth",2,24.2,Sri Lanka,Australia,RP Arnold,KC Sangakkara,GB Hogg,0,0,,,,,,caught,RP Arnold,,
65284,2002/03,2003-03-18,"St George's Park, Port Elizabeth",2,24.3,Sri Lanka,Australia,WPUJC Vaas,KC Sangakkara,GB Hogg,0,0,,,,,,,,,
65284,2002/03,2003-03-18,"St George's Park, Port Elizabeth",2,24.4,Sri Lanka,Australia,WPUJC Vaas,KC Sangakkara,GB Hogg,0,0,,,,,,,,,
65284,2002/03,2003-03-18,"St George's Park, Port Elizabeth",2,24.5,Sri Lanka,Australia,WPUJC Vaas,KC Sangakkara,GB Hogg,1,0,,,,,,,,,
65284,2002/03,2003-03-18,"St George's Park, Port Elizabeth",2,24.6,Sri Lanka,Australia,KC Sangakkara,WPUJC Vaas,GB Hogg,1,0,,,,,,,,,
65284,2002/03,2003-03-18,"St George's Park, Port Elizabeth",2,25.1,Sri Lanka,Australia,KC Sangakkara,WPUJC Vaas,AJ Bichel,0,0,,,,,,,,,
65284,2002/03,2003-03-18,"St George's Park, Port Elizabeth",2,25.2,Sri Lanka,Australia,KC Sangakkara,WPUJC Vaas,AJ Bichel,1,0,,,,,,,,,
65284,2002/03,2003-03-18,"St George's Park, Port Elizabeth",2,25.3,Sri Lanka,Australia,WPUJC Vaas,KC Sangakkara,AJ Bichel,0,0,,,,,,,,,
65284,2002/03,2003-03-18,"St George's Park, Port Elizabeth",2,25.4,Sri Lanka,Australia,WPUJC Vaas,KC Sangakkara,AJ Bichel,4,0,,,,,,,,,
65284,2002/03,2003-03-18,"St George's Park, Port Elizabeth",2,25.5,Sri Lanka,Australia,WPUJC Vaas,KC Sangakkara,AJ Bichel,1,0,,,,,,,,,
65284,2002/03,2003-03-18,"St George's Park, Port Elizabeth",2,25.6,Sri Lanka,Australia,KC Sangakkara,WPUJC Vaas,AJ Bichel,0,0,,,,,,,,,
65284,2002/03,2003-03-18,"St George's Park, Port Elizabeth",2,26.1,Sri Lanka,Australia,WPUJC Vaas,KC Sangakkara,GB Hogg,0,0,,,,,,,,,
65284,2002/03,2003-03-18,"St George's Park, Port Elizabeth",2,26.2,Sri Lanka,Australia,WPUJC Vaas,KC Sangakkara,GB Hogg,1,0,,,,,,,,,
65284,2002/03,2003-03-18,"St George's Park, Port Elizabeth",2,26.3,Sri Lanka,Australia,KC Sangakkara,WPUJC Vaas,GB Hogg,4,0,,,,,,,,,
65284,2002/03,2003-03-18,"St George's Park, Port Elizabeth",2,26.4,Sri Lanka,Australia,KC Sangakkara,WPUJC Vaas,GB Hogg,1,0,,,,,,,,,
65284,2002/03,2003-03-18,"St George's Park, Port Elizabeth",2,26.5,Sri Lanka,Australia,WPUJC Vaas,KC Sangakkara,GB Hogg,0,0,,,,,,,,,
65284,2002/03,2003-03-18,"St George's Park, Port Elizabeth",2,26.6,Sri Lanka,Australia,WPUJC Vaas,KC Sangakkara,GB Hogg,0,0,,,,,,,,,
65284,2002/03,2003-03-18,"St George's Park, Port Elizabeth",2,27.1,Sri Lanka,Australia,KC Sangakkara,WPUJC Vaas,B Lee,0,0,,,,,,,,,
65284,2002/03,2003-03-18,"St George's Park, Port Elizabeth",2,27.2,Sri Lanka,Australia,KC Sangakkara,WPUJC Vaas,B Lee,2,0,,,,,,,,,
65284,2002/03,2003-03-18,"St George's Park, Port Elizabeth",2,27.3,Sri Lanka,Australia,KC Sangakkara,WPUJC Vaas,B Lee,0,0,,,,,,,,,
65284,2002/03,2003-03-18,"St George's Park, Port Elizabeth",2,27.4,Sri Lanka,Australia,KC Sangakkara,WPUJC Vaas,B Lee,1,0,,,,,,,,,
65284,2002/03,2003-03-18,"St George's Park, Port Elizabeth",2,27.5,Sri Lanka,Australia,WPUJC Vaas,KC Sangakkara,B Lee,0,0,,,,,,,,,
65284,2002/03,2003-03-18,"St George's Park, Port Elizabeth",2,27.6,Sri Lanka,Australia,WPUJC Vaas,KC Sangakkara,B Lee,0,0,,,,,,,,,
65284,2002/03,2003-03-18,"St George's Park, Port Elizabeth",2,28.1,Sri Lanka,Australia,KC Sangakkara,WPUJC Vaas,GB Hogg,2,0,,,,,,,,,
65284,2002/03,2003-03-18,"St George's Park, Port Elizabeth",2,28.2,Sri Lanka,Australia,KC Sangakkara,WPUJC Vaas,GB Hogg,0,0,,,,,,,,,
65284,2002/03,2003-03-18,"St George's Park, Port Elizabeth",2,28.3,Sri Lanka,Australia,KC Sangakkara,WPUJC Vaas,GB Hogg,0,0,,,,,,,,,
65284,2002/03,2003-03-18,"St George's Park, Port Elizabeth",2,28.4,Sri Lanka,Australia,KC Sangakkara,WPUJC Vaas,GB Hogg,1,0,,,,,,,,,
65284,2002/03,2003-03-18,"St George's Park, Port Elizabeth",2,28.5,Sri Lanka,Australia,WPUJC Vaas,KC Sangakkara,GB Hogg,0,0,,,,,,,,,
65284,2002/03,2003-03-18,"St George's Park, Port Elizabeth",2,28.6,Sri Lanka,Australia,WPUJC Vaas,KC Sangakkara,GB Hogg,0,0,,,,,,,,,
65284,2002/03,2003-03-18,"St George's Park, Port Elizabeth",2,29.1,Sri Lanka,Australia,KC Sangakkara,WPUJC Vaas,B Lee,0,1,,1,,,,,,,
65284,2002/03,2003-03-18,"St George's Park, Port Elizabeth",2,29.2,Sri Lanka,Australia,KC Sangakkara,WPUJC Vaas,B Lee,0,0,,,,,,,,,
65284,2002/03,2003-03-18,"St George's Park, Port Elizabeth",2,29.3,Sri Lanka,Australia,KC Sangakkara,WPUJC Vaas,B Lee,1,0,,,,,,,,,
65284,2002/03,2003-03-18,"St George's Park, Port Elizabeth",2,29.4,Sri Lanka,Australia,WPUJC Vaas,KC Sangakkara,B Lee,0,0,,,,,,,,,
65284,2002/03,2003-03-18,"St George's Park, Port Elizabeth",2,29.5,Sri Lanka,Australia,WPUJC Vaas,KC Sangakkara,B Lee,0,0,,,,,,,,,
65284,2002/03,2003-03-18,"St George's Park, Port Elizabeth",2,29.6,Sri Lanka,Australia,WPUJC Vaas,KC Sangakkara,B Lee,0,0,,,,,,,,,
65284,2002/03,2003-03-18,"St George's Park, Port Elizabeth",2,29.7,Sri Lanka,Australia,WPUJC Vaas,KC Sangakkara,B Lee,0,0,,,,,,,,,
65284,2002/03,2003-03-18,"St George's Park, Port Elizabeth",2,30.1,Sri Lanka,Australia,KC Sangakkara,WPUJC Vaas,GB Hogg,0,0,,,,,,,,,
65284,2002/03,2003-03-18,"St George's Park, Port Elizabeth",2,30.2,Sri Lanka,Australia,KC Sangakkara,WPUJC Vaas,GB Hogg,0,0,,,,,,,,,
65284,2002/03,2003-03-18,"St George's Park, Port Elizabeth",2,30.3,Sri Lanka,Australia,KC Sangakkara,WPUJC Vaas,GB Hogg,1,0,,,,,,,,,
65284,2002/03,2003-03-18,"St George's Park, Port Elizabeth",2,30.4,Sri Lanka,Australia,WPUJC Vaas,KC Sangakkara,GB Hogg,0,0,,,,,,,,,
65284,2002/03,2003-03-18,"St George's Park, Port Elizabeth",2,30.5,Sri Lanka,Australia,WPUJC Vaas,KC Sangakkara,GB Hogg,0,0,,,,,,,,,
65284,2002/03,2003-03-18,"St George's Park, Port Elizabeth",2,30.6,Sri Lanka,Australia,WPUJC Vaas,KC Sangakkara,GB Hogg,0,0,,,,,,,,,
65284,2002/03,2003-03-18,"St George's Park, Port Elizabeth",2,31.1,Sri Lanka,Australia,KC Sangakkara,WPUJC Vaas,AJ Bichel,2,0,,,,,,,,,
65284,2002/03,2003-03-18,"St George's Park, Port Elizabeth",2,31.2,Sri Lanka,Australia,KC Sangakkara,WPUJC Vaas,AJ Bichel,0,0,,,,,,,,,
65284,2002/03,2003-03-18,"St George's Park, Port Elizabeth",2,31.3,Sri Lanka,Australia,KC Sangakkara,WPUJC Vaas,AJ Bichel,0,0,,,,,,,,,
65284,2002/03,2003-03-18,"St George's Park, Port Elizabeth",2,31.4,Sri Lanka,Australia,KC Sangakkara,WPUJC Vaas,AJ Bichel,1,0,,,,,,,,,
65284,2002/03,2003-03-18,"St George's Park, Port Elizabeth",2,31.5,Sri Lanka,Australia,WPUJC Vaas,KC Sangakkara,AJ Bichel,0,0,,,,,,,,,
65284,2002/03,2003-03-18,"St George's Park, Port Elizabeth",2,31.6,Sri Lanka,Australia,WPUJC Vaas,KC Sangakkara,AJ Bichel,1,0,,,,,,,,,
65284,2002/03,2003-03-18,"St George's Park, Port Elizabeth",2,32.1,Sri Lanka,Australia,WPUJC Vaas,KC Sangakkara,GB Hogg,0,0,,,,,,,,,
65284,2002/03,2003-03-18,"St George's Park, Port Elizabeth",2,32.2,Sri Lanka,Australia,WPUJC Vaas,KC Sangakkara,GB Hogg,0,0,,,,,,,,,
65284,2002/03,2003-03-18,"St George's Park, Port Elizabeth",2,32.3,Sri Lanka,Australia,WPUJC Vaas,KC Sangakkara,GB Hogg,0,0,,,,,,,,,
65284,2002/03,2003-03-18,"St George's Park, Port Elizabeth",2,32.4,Sri Lanka,Australia,WPUJC Vaas,KC Sangakkara,GB Hogg,0,0,,,,,,,,,
65284,2002/03,2003-03-18,"St George's Park, Port Elizabeth",2,32.5,Sri Lanka,Australia,WPUJC Vaas,KC Sangakkara,GB Hogg,0,0,,,,,,,,,
65284,2002/03,2003-03-18,"St George's Park, Port Elizabeth",2,32.6,Sri Lanka,Australia,WPUJC Vaas,KC Sangakkara,GB Hogg,0,0,,,,,,,,,
65284,2002/03,2003-03-18,"St George's Park, Port Elizabeth",2,33.1,Sri Lanka,Australia,KC Sangakkara,WPUJC Vaas,AJ Bichel,0,0,,,,,,,,,
65284,2002/03,2003-03-18,"St George's Park, Port Elizabeth",2,33.2,Sri Lanka,Australia,KC Sangakkara,WPUJC Vaas,AJ Bichel,1,0,,,,,,,,,
65284,2002/03,2003-03-18,"St George's Park, Port Elizabeth",2,33.3,Sri Lanka,Australia,WPUJC Vaas,KC Sangakkara,AJ Bichel,0,0,,,,,,,,,
65284,2002/03,2003-03-18,"St George's Park, Port Elizabeth",2,33.4,Sri Lanka,Australia,WPUJC Vaas,KC Sangakkara,AJ Bichel,0,0,,,,,,,,,
65284,2002/03,2003-03-18,"St George's Park, Port Elizabeth",2,33.5,Sri Lanka,Australia,WPUJC Vaas,KC Sangakkara,AJ Bichel,0,0,,,,,,,,,
65284,2002/03,2003-03-18,"St George's Park, Port Elizabeth",2,33.6,Sri Lanka,Australia,WPUJC Vaas,KC Sangakkara,AJ Bichel,1,0,,,,,,,,,
65284,2002/03,2003-03-18,"St George's Park, Port Elizabeth",2,34.1,Sri Lanka,Australia,WPUJC Vaas,KC Sangakkara,IJ Harvey,1,0,,,,,,,,,
65284,2002/03,2003-03-18,"St George's Park, Port Elizabeth",2,34.2,Sri Lanka,Australia,KC Sangakkara,WPUJC Vaas,IJ Harvey,1,0,,,,,,,,,
65284,2002/03,2003-03-18,"St George's Park, Port Elizabeth",2,34.3,Sri Lanka,Australia,WPUJC Vaas,KC Sangakkara,IJ Harvey,1,0,,,,,,,,,
65284,2002/03,2003-03-18,"St George's Park, Port Elizabeth",2,34.4,Sri Lanka,Australia,KC Sangakkara,WPUJC Vaas,IJ Harvey,2,0,,,,,,,,,
65284,2002/03,2003-03-18,"St George's Park, Port Elizabeth",2,34.5,Sri Lanka,Australia,KC Sangakkara,WPUJC Vaas,IJ Harvey,0,0,,,,,,,,,
65284,2002/03,2003-03-18,"St George's Park, Port Elizabeth",2,34.6,Sri Lanka,Australia,KC Sangakkara,WPUJC Vaas,IJ Harvey,0,0,,,,,,,,,
65284,2002/03,2003-03-18,"St George's Park, Port Elizabeth",2,35.1,Sri Lanka,Australia,WPUJC Vaas,KC Sangakkara,AJ Bichel,0,0,,,,,,,,,
65284,2002/03,2003-03-18,"St George's Park, Port Elizabeth",2,35.2,Sri Lanka,Australia,WPUJC Vaas,KC Sangakkara,AJ Bichel,0,0,,,,,,,,,
65284,2002/03,2003-03-18,"St George's Park, Port Elizabeth",2,35.3,Sri Lanka,Australia,WPUJC Vaas,KC Sangakkara,AJ Bichel,1,0,,,,,,,,,
65284,2002/03,2003-03-18,"St George's Park, Port Elizabeth",2,35.4,Sri Lanka,Australia,KC Sangakkara,WPUJC Vaas,AJ Bichel,1,0,,,,,,,,,
65284,2002/03,2003-03-18,"St George's Park, Port Elizabeth",2,35.5,Sri Lanka,Australia,WPUJC Vaas,KC Sangakkara,AJ Bichel,0,0,,,,,,,,,
65284,2002/03,2003-03-18,"St George's Park, Port Elizabeth",2,35.6,Sri Lanka,Australia,WPUJC Vaas,KC Sangakkara,AJ Bichel,1,0,,,,,,,,,
65284,2002/03,2003-03-18,"St George's Park, Port Elizabeth",2,36.1,Sri Lanka,Australia,WPUJC Vaas,KC Sangakkara,IJ Harvey,0,0,,,,,,,,,
65284,2002/03,2003-03-18,"St George's Park, Port Elizabeth",2,36.2,Sri Lanka,Australia,WPUJC Vaas,KC Sangakkara,IJ Harvey,0,0,,,,,,,,,
65284,2002/03,2003-03-18,"St George's Park, Port Elizabeth",2,36.3,Sri Lanka,Australia,WPUJC Vaas,KC Sangakkara,IJ Harvey,0,0,,,,,,,,,
65284,2002/03,2003-03-18,"St George's Park, Port Elizabeth",2,36.4,Sri Lanka,Australia,WPUJC Vaas,KC Sangakkara,IJ Harvey,0,0,,,,,,,,,
65284,2002/03,2003-03-18,"St George's Park, Port Elizabeth",2,36.5,Sri Lanka,Australia,WPUJC Vaas,KC Sangakkara,IJ Harvey,0,0,,,,,,,,,
65284,2002/03,2003-03-18,"St George's Park, Port Elizabeth",2,36.6,Sri Lanka,Australia,WPUJC Vaas,KC Sangakkara,IJ Harvey,6,0,,,,,,,,,
65284,2002/03,2003-03-18,"St George's Park, Port Elizabeth",2,37.1,Sri Lanka,Australia,KC Sangakkara,WPUJC Vaas,DS Lehmann,1,0,,,,,,,,,
65284,2002/03,2003-03-18,"St George's Park, Port Elizabeth",2,37.2,Sri Lanka,Australia,WPUJC Vaas,KC Sangakkara,DS Lehmann,0,0,,,,,,,,,
65284,2002/03,2003-03-18,"St George's Park, Port Elizabeth",2,37.3,Sri Lanka,Australia,WPUJC Vaas,KC Sangakkara,DS Lehmann,1,0,,,,,,,,,
65284,2002/03,2003-03-18,"St George's Park, Port Elizabeth",2,37.4,Sri Lanka,Australia,KC Sangakkara,WPUJC Vaas,DS Lehmann,0,0,,,,,,,,,
65284,2002/03,2003-03-18,"St George's Park, Port Elizabeth",2,37.5,Sri Lanka,Australia,KC Sangakkara,WPUJC Vaas,DS Lehmann,1,0,,,,,,,,,
65284,2002/03,2003-03-18,"St George's Park, Port Elizabeth",2,37.6,Sri Lanka,Australia,WPUJC Vaas,KC Sangakkara,DS Lehmann,1,0,,,,,,,,,
65284,2002/03,2003-03-18,"St George's Park, Port Elizabeth",2,38.1,Sri Lanka,Australia,WPUJC Vaas,KC Sangakkara,IJ Harvey,0,0,,,,,,,,,
