match_id,season,start_date,venue,innings,ball,batting_team,bowling_team,striker,non_striker,bowler,runs_off_bat,extras,wides,noballs,byes,legbyes,penalty,wicket_type,player_dismissed,other_wicket_type,other_player_dismissed
656465,2014/15,2015-03-10,Seddon Park,1,0.1,Ireland,India,WTS Porterfield,PR Stirling,UT Yadav,0,0,,,,,,,,,
656465,2014/15,2015-03-10,Seddon Park,1,0.2,Ireland,India,WTS Porterfield,PR Stirling,UT Yadav,0,0,,,,,,,,,
656465,2014/15,2015-03-10,Seddon Park,1,0.3,Ireland,India,WTS Porterfield,PR Stirling,UT Yadav,0,0,,,,,,,,,
656465,2014/15,2015-03-10,Seddon Park,1,0.4,Ireland,India,WTS Porterfield,PR Stirling,UT Yadav,4,0,,,,,,,,,
656465,2014/15,2015-03-10,Seddon Park,1,0.5,Ireland,India,WTS Porterfield,PR Stirling,UT Yadav,0,0,,,,,,,,,
656465,2014/15,2015-03-10,Seddon Park,1,0.6,Ireland,India,WTS Porterfield,PR Stirling,UT Yadav,0,1,,,,1,,,,,
656465,2014/15,2015-03-10,Seddon Park,1,1.1,Ireland,India,WTS Porterfield,PR Stirling,Mohammed Shami,0,0,,,,,,,,,
656465,2014/15,2015-03-10,Seddon Park,1,1.2,Ireland,India,WTS Porterfield,PR Stirling,Mohammed Shami,0,0,,,,,,,,,
656465,2014/15,2015-03-10,Seddon Park,1,1.3,Ireland,India,WTS Porterfield,PR Stirling,Mohammed Shami,1,0,,,,,,,,,
656465,2014/15,2015-03-10,Seddon Park,1,1.4,Ireland,India,PR Stirling,WTS Porterfield,Mohammed Shami,0,0,,,,,,,,,
656465,2014/15,2015-03-10,Seddon Park,1,1.5,Ireland,India,PR Stirling,WTS Porterfield,Mohammed Shami,0,1,1,,,,,,,,
656465,2014/15,2015-03-10,Seddon Park,1,1.6,Ireland,India,PR Stirling,WTS Porterfield,Mohammed Shami,0,1,1,,,,,,,,
656465,2014/15,2015-03-10,Seddon Park,1,1.7,Ireland,India,PR Stirling,WTS Porterfield,Mohammed Shami,0,0,,,,,,,,,
656465,2014/15,2015-03-10,Seddon Park,1,1.8,Ireland,India,PR Stirling,WTS Porterfield,Mohammed Shami,0,0,,,,,,,,,
656465,2014/15,2015-03-10,Seddon Park,1,2.1,Ireland,India,WTS Porterfield,PR Stirling,UT Yadav,0,0,,,,,,,,,
656465,2014/15,2015-03-10,Seddon Park,1,2.2,Ireland,India,WTS Porterfield,PR Stirling,UT Yadav,6,0,,,,,,,,,
656465,2014/15,2015-03-10,Seddon Park,1,2.3,Ireland,India,WTS Porterfield,PR Stirling,UT Yadav,4,0,,,,,,,,,
656465,2014/15,2015-03-10,Seddon Park,1,2.4,Ireland,India,WTS Porterfield,PR Stirling,UT Yadav,0,0,,,,,,,,,
656465,2014/15,2015-03-10,Seddon Park,1,2.5,Ireland,India,WTS Porterfield,PR Stirling,UT Yadav,0,0,,,,,,,,,
656465,2014/15,2015-03-10,Seddon Park,1,2.6,Ireland,India,WTS Porterfield,PR Stirling,UT Yadav,1,0,,,,,,,,,
656465,2014/15,2015-03-10,Seddon Park,1,3.1,Ireland,India,WTS Porterfield,PR Stirling,Mohammed Shami,1,0,,,,,,,,,
656465,2014/15,2015-03-10,Seddon Park,1,3.2,Ireland,India,PR Stirling,WTS Porterfield,Mohammed Shami,0,0,,,,,,,,,
656465,2014/15,2015-03-10,Seddon Park,1,3.3,Ireland,India,PR Stirling,WTS Porterfield,Mohammed Shami,0,0,,,,,,,,,
656465,2014/15,2015-03-10,Seddon Park,1,3.4,Ireland,India,PR Stirling,WTS Porterfield,Mohammed Shami,6,0,,,,,,,,,
656465,2014/15,2015-03-10,Seddon Park,1,3.5,Ireland,India,PR Stirling,WTS Porterfield,Mohammed Shami,0,0,,,,,,,,,
656465,2014/15,2015-03-10,Seddon Park,1,3.6,Ireland,India,PR Stirling,WTS Porterfield,Mohammed Shami,1,0,,,,,,,,,
656465,2014/15,2015-03-10,Seddon Park,1,4.1,Ireland,India,PR Stirling,WTS Porterfield,MM Sharma,1,0,,,,,,,,,
656465,2014/15,2015-03-10,Seddon Park,1,4.2,Ireland,India,WTS Porterfield,PR Stirling,MM Sharma,0,0,,,,,,,,,
656465,2014/15,2015-03-10,Seddon Park,1,4.3,Ireland,India,WTS Porterfield,PR Stirling,MM Sharma,1,0,,,,,,,,,
656465,2014/15,2015-03-10,Seddon Park,1,4.4,Ireland,India,PR Stirling,WTS Porterfield,MM Sharma,0,0,,,,,,,,,
656465,2014/15,2015-03-10,Seddon Park,1,4.5,Ireland,India,PR Stirling,WTS Porterfield,MM Sharma,0,0,,,,,,,,,
656465,2014/15,2015-03-10,Seddon Park,1,4.6,Ireland,India,PR Stirling,WTS Porterfield,MM Sharma,4,0,,,,,,,,,
656465,2014/15,2015-03-10,Seddon Park,1,5.1,Ireland,India,WTS Porterfield,PR Stirling,Mohammed Shami,0,0,,,,,,,,,
656465,2014/15,2015-03-10,Seddon Park,1,5.2,Ireland,India,WTS Porterfield,PR Stirling,Mohammed Shami,0,0,,,,,,,,,
656465,2014/15,2015-03-10,Seddon Park,1,5.3,Ireland,India,WTS Porterfield,PR Stirling,Mohammed Shami,0,1,1,,,,,,,,
656465,2014/15,2015-03-10,Seddon Park,1,5.4,Ireland,India,WTS Porterfield,PR Stirling,Mohammed Shami,1,0,,,,,,,,,
656465,2014/15,2015-03-10,Seddon Park,1,5.5,Ireland,India,PR Stirling,WTS Porterfield,Mohammed Shami,4,0,,,,,,,,,
656465,2014/15,2015-03-10,Seddon Park,1,5.6,Ireland,India,PR Stirling,WTS Porterfield,Mohammed Shami,0,0,,,,,,,,,
656465,2014/15,2015-03-10,Seddon Park,1,5.7,Ireland,India,PR Stirling,WTS Porterfield,Mohammed Shami,0,0,,,,,,,,,
656465,2014/15,2015-03-10,Seddon Park,1,6.1,Ireland,India,WTS Porterfield,PR Stirling,MM Sharma,0,0,,,,,,,,,
656465,2014/15,2015-03-10,Seddon Park,1,6.2,Ireland,India,WTS Porterfield,PR Stirling,MM Sharma,0,0,,,,,,,,,
656465,2014/15,2015-03-10,Seddon Park,1,6.3,Ireland,India,WTS Porterfield,PR Stirling,MM Sharma,4,0,,,,,,,,,
656465,2014/15,2015-03-10,Seddon Park,1,6.4,Ireland,India,WTS Porterfield,PR Stirling,MM Sharma,0,1,1,,,,,,,,
656465,2014/15,2015-03-10,Seddon Park,1,6.5,Ireland,India,WTS Porterfield,PR Stirling,MM Sharma,0,0,,,,,,,,,
656465,2014/15,2015-03-10,Seddon Park,1,6.6,Ireland,India,WTS Porterfield,PR Stirling,MM Sharma,0,0,,,,,,,,,
656465,2014/15,2015-03-10,Seddon Park,1,6.7,Ireland,India,WTS Porterfield,PR Stirling,MM Sharma,3,0,,,,,,,,,
656465,2014/15,2015-03-10,Seddon Park,1,7.1,Ireland,India,WTS Porterfield,PR Stirling,Mohammed Shami,0,0,,,,,,,,,
656465,2014/15,2015-03-10,Seddon Park,1,7.2,Ireland,India,WTS Porterfield,PR Stirling,Mohammed Shami,1,0,,,,,,,,,
656465,2014/15,2015-03-10,Seddon Park,1,7.3,Ireland,India,PR Stirling,WTS Porterfield,Mohammed Shami,0,0,,,,,,,,,
656465,2014/15,2015-03-10,Seddon Park,1,7.4,Ireland,India,PR Stirling,WTS Porterfield,Mohammed Shami,0,0,,,,,,,,,
656465,2014/15,2015-03-10,Seddon Park,1,7.5,Ireland,India,PR Stirling,WTS Porterfield,Mohammed Shami,4,0,,,,,,,,,
656465,2014/15,2015-03-10,Seddon Park,1,7.6,Ireland,India,PR Stirling,WTS Porterfield,Mohammed Shami,1,0,,,,,,,,,
656465,2014/15,2015-03-10,Seddon Park,1,8.1,Ireland,India,PR Stirling,WTS Porterfield,MM Sharma,0,0,,,,,,,,,
656465,2014/15,2015-03-10,Seddon Park,1,8.2,Ireland,India,PR Stirling,WTS Porterfield,MM Sharma,4,0,,,,,,,,,
656465,2014/15,2015-03-10,Seddon Park,1,8.3,Ireland,India,PR Stirling,WTS Porterfield,MM Sharma,0,0,,,,,,,,,
656465,2014/15,2015-03-10,Seddon Park,1,8.4,Ireland,India,PR Stirling,WTS Porterfield,MM Sharma,0,0,,,,,,,,,
656465,2014/15,2015-03-10,Seddon Park,1,8.5,Ireland,India,PR Stirling,WTS Porterfield,MM Sharma,0,0,,,,,,,,,
656465,2014/15,2015-03-10,Seddon Park,1,8.6,Ireland,India,PR Stirling,WTS Porterfield,MM Sharma,0,0,,,,,,,,,
656465,2014/15,2015-03-10,Seddon Park,1,9.1,Ireland,India,WTS Porterfield,PR Stirling,RA Jadeja,0,0,,,,,,,,,
656465,2014/15,2015-03-10,Seddon Park,1,9.2,Ireland,India,WTS Porterfield,PR Stirling,RA Jadeja,0,0,,,,,,,,,
656465,2014/15,2015-03-10,Seddon Park,1,9.3,Ireland,India,WTS Porterfield,PR Stirling,RA Jadeja,2,0,,,,,,,,,
656465,2014/15,2015-03-10,Seddon Park,1,9.4,Ireland,India,WTS Porterfield,PR Stirling,RA Jadeja,0,0,,,,,,,,,
656465,2014/15,2015-03-10,Seddon Park,1,9.5,Ireland,India,WTS Porterfield,PR Stirling,RA Jadeja,1,0,,,,,,,,,
656465,2014/15,2015-03-10,Seddon Park,1,9.6,Ireland,India,PR Stirling,WTS Porterfield,RA Jadeja,0,0,,,,,,,,,
656465,2014/15,2015-03-10,Seddon Park,1,10.1,Ireland,India,WTS Porterfield,PR Stirling,R Ashwin,1,0,,,,,,,,,
656465,2014/15,2015-03-10,Seddon Park,1,10.2,Ireland,India,PR Stirling,WTS Porterfield,R Ashwin,1,0,,,,,,,,,
656465,2014/15,2015-03-10,Seddon Park,1,10.3,Ireland,India,WTS Porterfield,PR Stirling,R Ashwin,2,0,,,,,,,,,
656465,2014/15,2015-03-10,Seddon Park,1,10.4,Ireland,India,WTS Porterfield,PR Stirling,R Ashwin,0,0,,,,,,,,,
656465,2014/15,2015-03-10,Seddon Park,1,10.5,Ireland,India,WTS Porterfield,PR Stirling,R Ashwin,0,0,,,,,,,,,
656465,2014/15,2015-03-10,Seddon Park,1,10.6,Ireland,India,WTS Porterfield,PR Stirling,R Ashwin,0,0,,,,,,,,,
656465,2014/15,2015-03-10,Seddon Park,1,11.1,Ireland,India,PR Stirling,WTS Porterfield,RA Jadeja,0,0,,,,,,,,,
656465,2014/15,2015-03-10,Seddon Park,1,11.2,Ireland,India,PR Stirling,WTS Porterfield,RA Jadeja,0,0,,,,,,,,,
656465,2014/15,2015-03-10,Seddon Park,1,11.3,Ireland,India,PR Stirling,WTS Porterfield,RA Jadeja,2,0,,,,,,,,,
656465,2014/15,2015-03-10,Seddon Park,1,11.4,Ireland,India,PR Stirling,WTS Porterfield,RA Jadeja,1,0,,,,,,,,,
656465,2014/15,2015-03-10,Seddon Park,1,11.5,Ireland,India,WTS Porterfield,PR Stirling,RA Jadeja,1,0,,,,,,,,,
656465,2014/15,2015-03-10,Seddon Park,1,11.6,Ireland,India,PR Stirling,WTS Porterfield,RA Jadeja,1,0,,,,,,,,,
656465,2014/15,2015-03-10,Seddon Park,1,12.1,Ireland,India,PR Stirling,WTS Porterfield,R Ashwin,1,0,,,,,,,,,
656465,2014/15,2015-03-10,Seddon Park,1,12.2,Ireland,India,WTS Porterfield,PR Stirling,R Ashwin,0,0,,,,,,,,,
656465,2014/15,2015-03-10,Seddon Park,1,12.3,Ireland,India,WTS Porterfield,PR Stirling,R Ashwin,1,0,,,,,,,,,
656465,2014/15,2015-03-10,Seddon Park,1,12.4,Ireland,India,PR Stirling,WTS Porterfield,R Ashwin,0,0,,,,,,,,,
656465,2014/15,2015-03-10,Seddon Park,1,12.5,Ireland,India,PR Stirling,WTS Porterfield,R Ashwin,1,0,,,,,,,,,
656465,2014/15,2015-03-10,Seddon Park,1,12.6,Ireland,India,WTS Porterfield,PR Stirling,R Ashwin,1,0,,,,,,,,,
656465,2014/15,2015-03-10,Seddon Park,1,13.1,Ireland,India,WTS Porterfield,PR Stirling,RA Jadeja,4,0,,,,,,,,,
656465,2014/15,2015-03-10,Seddon Park,1,13.2,Ireland,India,WTS Porterfield,PR Stirling,RA Jadeja,0,0,,,,,,,,,
656465,2014/15,2015-03-10,Seddon Park,1,13.3,Ireland,India,WTS Porterfield,PR Stirling,RA Jadeja,1,0,,,,,,,,,
656465,2014/15,2015-03-10,Seddon Park,1,13.4,Ireland,India,PR Stirling,WTS Porterfield,RA Jadeja,0,0,,,,,,,,,
656465,2014/15,2015-03-10,Seddon Park,1,13.5,Ireland,India,PR Stirling,WTS Porterfield,RA Jadeja,6,0,,,,,,,,,
656465,2014/15,2015-03-10,Seddon Park,1,13.6,Ireland,India,PR Stirling,WTS Porterfield,RA Jadeja,1,0,,,,,,,,,
656465,2014/15,2015-03-10,Seddon Park,1,14.1,Ireland,India,PR Stirling,WTS Porterfield,R Ashwin,1,0,,,,,,,,,
656465,2014/15,2015-03-10,Seddon Park,1,14.2,Ireland,India,WTS Porterfield,PR Stirling,R Ashwin,0,0,,,,,,,,,
656465,2014/15,2015-03-10,Seddon Park,1,14.3,Ireland,India,WTS Porterfield,PR Stirling,R Ashwin,0,0,,,,,,,,,
656465,2014/15,2015-03-10,Seddon Park,1,14.4,Ireland,India,WTS Porterfield,PR Stirling,R Ashwin,1,0,,,,,,,,,
656465,2014/15,2015-03-10,Seddon Park,1,14.5,Ireland,India,PR Stirling,WTS Porterfield,R Ashwin,2,0,,,,,,,,,
656465,2014/15,2015-03-10,Seddon Park,1,14.6,Ireland,India,PR Stirling,WTS Porterfield,R Ashwin,0,0,,,,,,caught,PR Stirling,,
656465,2014/15,2015-03-10,Seddon Park,1,15.1,Ireland,India,WTS Porterfield,EC Joyce,SK Raina,0,0,,,,,,,,,
656465,2014/15,2015-03-10,Seddon Park,1,15.2,Ireland,India,WTS Porterfield,EC Joyce,SK Raina,0,0,,,,,,,,,
656465,2014/15,2015-03-10,Seddon Park,1,15.3,Ireland,India,WTS Porterfield,EC Joyce,SK Raina,0,0,,,,,,,,,
656465,2014/15,2015-03-10,Seddon Park,1,15.4,Ireland,India,WTS Porterfield,EC Joyce,SK Raina,1,0,,,,,,,,,
656465,2014/15,2015-03-10,Seddon Park,1,15.5,Ireland,India,EC Joyce,WTS Porterfield,SK Raina,1,0,,,,,,,,,
656465,2014/15,2015-03-10,Seddon Park,1,15.6,Ireland,India,WTS Porterfield,EC Joyce,SK Raina,0,0,,,,,,,,,
656465,2014/15,2015-03-10,Seddon Park,1,16.1,Ireland,India,EC Joyce,WTS Porterfield,R Ashwin,0,0,,,,,,,,,
656465,2014/15,2015-03-10,Seddon Park,1,16.2,Ireland,India,EC Joyce,WTS Porterfield,R Ashwin,0,0,,,,,,,,,
656465,2014/15,2015-03-10,Seddon Park,1,16.3,Ireland,India,EC Joyce,WTS Porterfield,R Ashwin,0,0,,,,,,,,,
656465,2014/15,2015-03-10,Seddon Park,1,16.4,Ireland,India,EC Joyce,WTS Porterfield,R Ashwin,0,0,,,,,,,,,
656465,2014/15,2015-03-10,Seddon Park,1,16.5,Ireland,India,EC Joyce,WTS Porterfield,R Ashwin,0,0,,,,,,,,,
656465,2014/15,2015-03-10,Seddon Park,1,16.6,Ireland,India,EC Joyce,WTS Porterfield,R Ashwin,1,0,,,,,,,,,
656465,2014/15,2015-03-10,Seddon Park,1,17.1,Ireland,India,EC Joyce,WTS Porterfield,SK Raina,0,0,,,,,,,,,
656465,2014/15,2015-03-10,Seddon Park,1,17.2,Ireland,India,EC Joyce,WTS Porterfield,SK Raina,0,0,,,,,,bowled,EC Joyce,,
656465,2014/15,2015-03-10,Seddon Park,1,17.3,Ireland,India,NJ O'Brien,WTS Porterfield,SK Raina,0,0,,,,,,,,,
656465,2014/15,2015-03-10,Seddon Park,1,17.4,Ireland,India,NJ O'Brien,WTS Porterfield,SK Raina,0,0,,,,,,,,,
656465,2014/15,2015-03-10,Seddon Park,1,17.5,Ireland,India,NJ O'Brien,WTS Porterfield,SK Raina,1,0,,,,,,,,,
656465,2014/15,2015-03-10,Seddon Park,1,17.6,Ireland,India,WTS Porterfield,NJ O'Brien,SK Raina,0,0,,,,,,,,,
656465,2014/15,2015-03-10,Seddon Park,1,18.1,Ireland,India,NJ O'Brien,WTS Porterfield,R Ashwin,0,0,,,,,,,,,
656465,2014/15,2015-03-10,Seddon Park,1,18.2,Ireland,India,NJ O'Brien,WTS Porterfield,R Ashwin,0,0,,,,,,,,,
656465,2014/15,2015-03-10,Seddon Park,1,18.3,Ireland,India,NJ O'Brien,WTS Porterfield,R Ashwin,0,0,,,,,,,,,
656465,2014/15,2015-03-10,Seddon Park,1,18.4,Ireland,India,NJ O'Brien,WTS Porterfield,R Ashwin,0,0,,,,,,,,,
656465,2014/15,2015-03-10,Seddon Park,1,18.5,Ireland,India,NJ O'Brien,WTS Porterfield,R Ashwin,0,0,,,,,,,,,
656465,2014/15,2015-03-10,Seddon Park,1,18.6,Ireland,India,NJ O'Brien,WTS Porterfield,R Ashwin,0,0,,,,,,,,,
656465,2014/15,2015-03-10,Seddon Park,1,19.1,Ireland,India,WTS Porterfield,NJ O'Brien,SK Raina,1,0,,,,,,,,,
656465,2014/15,2015-03-10,Seddon Park,1,19.2,Ireland,India,NJ O'Brien,WTS Porterfield,SK Raina,0,0,,,,,,,,,
656465,2014/15,2015-03-10,Seddon Park,1,19.3,Ireland,India,NJ O'Brien,WTS Porterfield,SK Raina,1,0,,,,,,,,,
656465,2014/15,2015-03-10,Seddon Park,1,19.4,Ireland,India,WTS Porterfield,NJ O'Brien,SK Raina,1,0,,,,,,,,,
656465,2014/15,2015-03-10,Seddon Park,1,19.5,Ireland,India,NJ O'Brien,WTS Porterfield,SK Raina,0,0,,,,,,,,,
656465,2014/15,2015-03-10,Seddon Park,1,19.6,Ireland,India,NJ O'Brien,WTS Porterfield,SK Raina,0,0,,,,,,,,,
656465,2014/15,2015-03-10,Seddon Park,1,20.1,Ireland,India,WTS Porterfield,NJ O'Brien,R Ashwin,0,0,,,,,,,,,
656465,2014/15,2015-03-10,Seddon Park,1,20.2,Ireland,India,WTS Porterfield,NJ O'Brien,R Ashwin,1,0,,,,,,,,,
656465,2014/15,2015-03-10,Seddon Park,1,20.3,Ireland,India,NJ O'Brien,WTS Porterfield,R Ashwin,0,0,,,,,,,,,
656465,2014/15,2015-03-10,Seddon Park,1,20.4,Ireland,India,NJ O'Brien,WTS Porterfield,R Ashwin,0,0,,,,,,,,,
656465,2014/15,2015-03-10,Seddon Park,1,20.5,Ireland,India,NJ O'Brien,WTS Porterfield,R Ashwin,0,0,,,,,,,,,
656465,2014/15,2015-03-10,Seddon Park,1,20.6,Ireland,India,NJ O'Brien,WTS Porterfield,R Ashwin,0,0,,,,,,,,,
656465,2014/15,2015-03-10,Seddon Park,1,21.1,Ireland,India,WTS Porterfield,NJ O'Brien,SK Raina,1,0,,,,,,,,,
656465,2014/15,2015-03-10,Seddon Park,1,21.2,Ireland,India,NJ O'Brien,WTS Porterfield,SK Raina,0,0,,,,,,,,,
656465,2014/15,2015-03-10,Seddon Park,1,21.3,Ireland,India,NJ O'Brien,WTS Porterfield,SK Raina,0,0,,,,,,,,,
656465,2014/15,2015-03-10,Seddon Park,1,21.4,Ireland,India,NJ O'Brien,WTS Porterfield,SK Raina,4,0,,,,,,,,,
656465,2014/15,2015-03-10,Seddon Park,1,21.5,Ireland,India,NJ O'Brien,WTS Porterfield,SK Raina,1,0,,,,,,,,,
656465,2014/15,2015-03-10,Seddon Park,1,21.6,Ireland,India,WTS Porterfield,NJ O'Brien,SK Raina,0,0,,,,,,,,,
656465,2014/15,2015-03-10,Seddon Park,1,22.1,Ireland,India,NJ O'Brien,WTS Porterfield,R Ashwin,0,0,,,,,,,,,
656465,2014/15,2015-03-10,Seddon Park,1,22.2,Ireland,India,NJ O'Brien,WTS Porterfield,R Ashwin,0,0,,,,,,,,,
656465,2014/15,2015-03-10,Seddon Park,1,22.3,Ireland,India,NJ O'Brien,WTS Porterfield,R Ashwin,2,0,,,,,,,,,
656465,2014/15,2015-03-10,Seddon Park,1,22.4,Ireland,India,NJ O'Brien,WTS Porterfield,R Ashwin,0,0,,,,,,,,,
656465,2014/15,2015-03-10,Seddon Park,1,22.5,Ireland,India,NJ O'Brien,WTS Porterfield,R Ashwin,0,0,,,,,,,,,
656465,2014/15,2015-03-10,Seddon Park,1,22.6,Ireland,India,NJ O'Brien,WTS Porterfield,R Ashwin,0,0,,,,,,,,,
656465,2014/15,2015-03-10,Seddon Park,1,23.1,Ireland,India,WTS Porterfield,NJ O'Brien,SK Raina,1,0,,,,,,,,,
656465,2014/15,2015-03-10,Seddon Park,1,23.2,Ireland,India,NJ O'Brien,WTS Porterfield,SK Raina,1,0,,,,,,,,,
656465,2014/15,2015-03-10,Seddon Park,1,23.3,Ireland,India,WTS Porterfield,NJ O'Brien,SK Raina,0,0,,,,,,,,,
656465,2014/15,2015-03-10,Seddon Park,1,23.4,Ireland,India,WTS Porterfield,NJ O'Brien,SK Raina,1,0,,,,,,,,,
656465,2014/15,2015-03-10,Seddon Park,1,23.5,Ireland,India,NJ O'Brien,WTS Porterfield,SK Raina,1,0,,,,,,,,,
656465,2014/15,2015-03-10,Seddon Park,1,23.6,Ireland,India,WTS Porterfield,NJ O'Brien,SK Raina,1,0,,,,,,,,,
656465,2014/15,2015-03-10,Seddon Park,1,24.1,Ireland,India,WTS Porterfield,NJ O'Brien,R Ashwin,0,0,,,,,,,,,
656465,2014/15,2015-03-10,Seddon Park,1,24.2,Ireland,India,WTS Porterfield,NJ O'Brien,R Ashwin,1,0,,,,,,,,,
656465,2014/15,2015-03-10,Seddon Park,1,24.3,Ireland,India,NJ O'Brien,WTS Porterfield,R Ashwin,1,0,,,,,,,,,
656465,2014/15,2015-03-10,Seddon Park,1,24.4,Ireland,India,WTS Porterfield,NJ O'Brien,R Ashwin,0,0,,,,,,,,,
656465,2014/15,2015-03-10,Seddon Park,1,24.5,Ireland,India,WTS Porterfield,NJ O'Brien,R Ashwin,1,0,,,,,,,,,
656465,2014/15,2015-03-10,Seddon Park,1,24.6,Ireland,India,NJ O'Brien,WTS Porterfield,R Ashwin,0,0,,,,,,,,,
656465,2014/15,2015-03-10,Seddon Park,1,25.1,Ireland,India,WTS Porterfield,NJ O'Brien,RG Sharma,2,0,,,,,,,,,
656465,2014/15,2015-03-10,Seddon Park,1,25.2,Ireland,India,WTS Porterfield,NJ O'Brien,RG Sharma,1,0,,,,,,,,,
656465,2014/15,2015-03-10,Seddon Park,1,25.3,Ireland,India,NJ O'Brien,WTS Porterfield,RG Sharma,0,0,,,,,,,,,
656465,2014/15,2015-03-10,Seddon Park,1,25.4,Ireland,India,NJ O'Brien,WTS Porterfield,RG Sharma,1,0,,,,,,,,,
656465,2014/15,2015-03-10,Seddon Park,1,25.5,Ireland,India,WTS Porterfield,NJ O'Brien,RG Sharma,0,0,,,,,,,,,
656465,2014/15,2015-03-10,Seddon Park,1,25.6,Ireland,India,WTS Porterfield,NJ O'Brien,RG Sharma,1,0,,,,,,,,,
656465,2014/15,2015-03-10,Seddon Park,1,26.1,Ireland,India,WTS Porterfield,NJ O'Brien,SK Raina,1,0,,,,,,,,,
656465,2014/15,2015-03-10,Seddon Park,1,26.2,Ireland,India,NJ O'Brien,WTS Porterfield,SK Raina,1,0,,,,,,,,,
656465,2014/15,2015-03-10,Seddon Park,1,26.3,Ireland,India,WTS Porterfield,NJ O'Brien,SK Raina,0,0,,,,,,,,,
656465,2014/15,2015-03-10,Seddon Park,1,26.4,Ireland,India,WTS Porterfield,NJ O'Brien,SK Raina,1,0,,,,,,,,,
656465,2014/15,2015-03-10,Seddon Park,1,26.5,Ireland,India,NJ O'Brien,WTS Porterfield,SK Raina,1,0,,,,,,,,,
656465,2014/15,2015-03-10,Seddon Park,1,26.6,Ireland,India,WTS Porterfield,NJ O'Brien,SK Raina,0,0,,,,,,,,,
656465,2014/15,2015-03-10,Seddon Park,1,27.1,Ireland,India,NJ O'Brien,WTS Porterfield,RG Sharma,1,0,,,,,,,,,
656465,2014/15,2015-03-10,Seddon Park,1,27.2,Ireland,India,WTS Porterfield,NJ O'Brien,RG Sharma,0,0,,,,,,,,,
656465,2014/15,2015-03-10,Seddon Park,1,27.3,Ireland,India,WTS Porterfield,NJ O'Brien,RG Sharma,1,0,,,,,,,,,
656465,2014/15,2015-03-10,Seddon Park,1,27.4,Ireland,India,NJ O'Brien,WTS Porterfield,RG Sharma,0,0,,,,,,,,,
656465,2014/15,2015-03-10,Seddon Park,1,27.5,Ireland,India,NJ O'Brien,WTS Porterfield,RG Sharma,1,0,,,,,,,,,
656465,2014/15,2015-03-10,Seddon Park,1,27.6,Ireland,India,WTS Porterfield,NJ O'Brien,RG Sharma,1,0,,,,,,,,,
656465,2014/15,2015-03-10,Seddon Park,1,28.1,Ireland,India,WTS Porterfield,NJ O'Brien,SK Raina,4,0,,,,,,,,,
656465,2014/15,2015-03-10,Seddon Park,1,28.2,Ireland,India,WTS Porterfield,NJ O'Brien,SK Raina,0,0,,,,,,,,,
656465,2014/15,2015-03-10,Seddon Park,1,28.3,Ireland,India,WTS Porterfield,NJ O'Brien,SK Raina,0,0,,,,,,,,,
656465,2014/15,2015-03-10,Seddon Park,1,28.4,Ireland,India,WTS Porterfield,NJ O'Brien,SK Raina,0,0,,,,,,,,,
656465,2014/15,2015-03-10,Seddon Park,1,28.5,Ireland,India,WTS Porterfield,NJ O'Brien,SK Raina,0,0,,,,,,,,,
656465,2014/15,2015-03-10,Seddon Park,1,28.6,Ireland,India,WTS Porterfield,NJ O'Brien,SK Raina,0,0,,,,,,,,,
656465,2014/15,2015-03-10,Seddon Park,1,29.1,Ireland,India,NJ O'Brien,WTS Porterfield,RG Sharma,4,0,,,,,,,,,
656465,2014/15,2015-03-10,Seddon Park,1,29.2,Ireland,India,NJ O'Brien,WTS Porterfield,RG Sharma,4,0,,,,,,,,,
656465,2014/15,2015-03-10,Seddon Park,1,29.3,Ireland,India,NJ O'Brien,WTS Porterfield,RG Sharma,1,0,,,,,,,,,
656465,2014/15,2015-03-10,Seddon Park,1,29.4,Ireland,India,WTS Porterfield,NJ O'Brien,RG Sharma,1,0,,,,,,,,,
656465,2014/15,2015-03-10,Seddon Park,1,29.5,Ireland,India,NJ O'Brien,WTS Porterfield,RG Sharma,1,0,,,,,,,,,
656465,2014/15,2015-03-10,Seddon Park,1,29.6,Ireland,India,WTS Porterfield,NJ O'Brien,RG Sharma,1,0,,,,,,,,,
656465,2014/15,2015-03-10,Seddon Park,1,30.1,Ireland,India,WTS Porterfield,NJ O'Brien,SK Raina,0,0,,,,,,,,,
656465,2014/15,2015-03-10,Seddon Park,1,30.2,Ireland,India,WTS Porterfield,NJ O'Brien,SK Raina,0,0,,,,,,,,,
656465,2014/15,2015-03-10,Seddon Park,1,30.3,Ireland,India,WTS Porterfield,NJ O'Brien,SK Raina,0,0,,,,,,,,,
656465,2014/15,2015-03-10,Seddon Park,1,30.4,Ireland,India,WTS Porterfield,NJ O'Brien,SK Raina,1,0,,,,,,,,,
656465,2014/15,2015-03-10,Seddon Park,1,30.5,Ireland,India,NJ O'Brien,WTS Porterfield,SK Raina,0,0,,,,,,,,,
656465,2014/15,2015-03-10,Seddon Park,1,30.6,Ireland,India,NJ O'Brien,WTS Porterfield,SK Raina,1,0,,,,,,,,,
656465,2014/15,2015-03-10,Seddon Park,1,31.1,Ireland,India,NJ O'Brien,WTS Porterfield,MM Sharma,1,0,,,,,,,,,
656465,2014/15,2015-03-10,Seddon Park,1,31.2,Ireland,India,WTS Porterfield,NJ O'Brien,MM Sharma,0,0,,,,,,caught,WTS Porterfield,,
656465,2014/15,2015-03-10,Seddon Park,1,31.3,Ireland,India,NJ O'Brien,A Balbirnie,MM Sharma,0,0,,,,,,,,,
656465,2014/15,2015-03-10,Seddon Park,1,31.4,Ireland,India,NJ O'Brien,A Balbirnie,MM Sharma,1,0,,,,,,,,,
656465,2014/15,2015-03-10,Seddon Park,1,31.5,Ireland,India,A Balbirnie,NJ O'Brien,MM Sharma,0,0,,,,,,,,,
656465,2014/15,2015-03-10,Seddon Park,1,31.6,Ireland,India,A Balbirnie,NJ O'Brien,MM Sharma,0,0,,,,,,,,,
656465,2014/15,2015-03-10,Seddon Park,1,32.1,Ireland,India,NJ O'Brien,A Balbirnie,SK Raina,4,0,,,,,,,,,
656465,2014/15,2015-03-10,Seddon Park,1,32.2,Ireland,India,NJ O'Brien,A Balbirnie,SK Raina,1,0,,,,,,,,,
656465,2014/15,2015-03-10,Seddon Park,1,32.3,Ireland,India,A Balbirnie,NJ O'Brien,SK Raina,1,0,,,,,,,,,
656465,2014/15,2015-03-10,Seddon Park,1,32.4,Ireland,India,NJ O'Brien,A Balbirnie,SK Raina,0,0,,,,,,,,,
656465,2014/15,2015-03-10,Seddon Park,1,32.5,Ireland,India,NJ O'Brien,A Balbirnie,SK Raina,0,0,,,,,,,,,
656465,2014/15,2015-03-10,Seddon Park,1,32.6,Ireland,India,NJ O'Brien,A Balbirnie,SK Raina,4,0,,,,,,,,,
656465,2014/15,2015-03-10,Seddon Park,1,33.1,Ireland,India,A Balbirnie,NJ O'Brien,MM Sharma,0,0,,,,,,,,,
656465,2014/15,2015-03-10,Seddon Park,1,33.2,Ireland,India,A Balbirnie,NJ O'Brien,MM Sharma,4,0,,,,,,,,,
656465,2014/15,2015-03-10,Seddon Park,1,33.3,Ireland,India,A Balbirnie,NJ O'Brien,MM Sharma,1,0,,,,,,,,,
656465,2014/15,2015-03-10,Seddon Park,1,33.4,Ireland,India,NJ O'Brien,A Balbirnie,MM Sharma,4,0,,,,,,,,,
656465,2014/15,2015-03-10,Seddon Park,1,33.5,Ireland,India,NJ O'Brien,A Balbirnie,MM Sharma,1,0,,,,,,,,,
656465,2014/15,2015-03-10,Seddon Park,1,33.6,Ireland,India,A Balbirnie,NJ O'Brien,MM Sharma,0,1,1,,,,,,,,
656465,2014/15,2015-03-10,Seddon Park,1,33.7,Ireland,India,A Balbirnie,NJ O'Brien,MM Sharma,1,0,,,,,,,,,
656465,2014/15,2015-03-10,Seddon Park,1,34.1,Ireland,India,A Balbirnie,NJ O'Brien,SK Raina,0,0,,,,,,,,,
656465,2014/15,2015-03-10,Seddon Park,1,34.2,Ireland,India,A Balbirnie,NJ O'Brien,SK Raina,1,0,,,,,,,,,
656465,2014/15,2015-03-10,Seddon Park,1,34.3,Ireland,India,NJ O'Brien,A Balbirnie,SK Raina,1,0,,,,,,,,,
656465,2014/15,2015-03-10,Seddon Park,1,34.4,Ireland,India,A Balbirnie,NJ O'Brien,SK Raina,1,0,,,,,,,,,
656465,2014/15,2015-03-10,Seddon Park,1,34.5,Ireland,India,NJ O'Brien,A Balbirnie,SK Raina,0,0,,,,,,,,,
656465,2014/15,2015-03-10,Seddon Park,1,34.6,Ireland,India,NJ O'Brien,A Balbirnie,SK Raina,0,0,,,,,,,,,
656465,2014/15,2015-03-10,Seddon Park,1,35.1,Ireland,India,A Balbirnie,NJ O'Brien,RA Jadeja,0,0,,,,,,,,,
656465,2014/15,2015-03-10,Seddon Park,1,35.2,Ireland,India,A Balbirnie,NJ O'Brien,RA Jadeja,1,0,,,,,,,,,
656465,2014/15,2015-03-10,Seddon Park,1,35.3,Ireland,India,NJ O'Brien,A Balbirnie,RA Jadeja,0,0,,,,,,,,,
656465,2014/15,2015-03-10,Seddon Park,1,35.4,Ireland,India,NJ O'Brien,A Balbirnie,RA Jadeja,0,0,,,,,,,,,
656465,2014/15,2015-03-10,Seddon Park,1,35.5,Ireland,India,NJ O'Brien,A Balbirnie,RA Jadeja,1,0,,,,,,,,,
656465,2014/15,2015-03-10,Seddon Park,1,35.6,Ireland,India,A Balbirnie,NJ O'Brien,RA Jadeja,0,0,,,,,,,,,
656465,2014/15,2015-03-10,Seddon Park,1,36.1,Ireland,India,NJ O'Brien,A Balbirnie,R Ashwin,1,0,,,,,,,,,
656465,2014/15,2015-03-10,Seddon Park,1,36.2,Ireland,India,A Balbirnie,NJ O'Brien,R Ashwin,0,0,,,,,,,,,
656465,2014/15,2015-03-10,Seddon Park,1,36.3,Ireland,India,A Balbirnie,NJ O'Brien,R Ashwin,0,0,,,,,,,,,
656465,2014/15,2015-03-10,Seddon Park,1,36.4,Ireland,India,A Balbirnie,NJ O'Brien,R Ashwin,0,0,,,,,,,,,
656465,2014/15,2015-03-10,Seddon Park,1,36.5,Ireland,India,A Balbirnie,NJ O'Brien,R Ashwin,1,0,,,,,,,,,
656465,2014/15,2015-03-10,Seddon Park,1,36.6,Ireland,India,NJ O'Brien,A Balbirnie,R Ashwin,6,0,,,,,,,,,
656465,2014/15,2015-03-10,Seddon Park,1,37.1,Ireland,India,A Balbirnie,NJ O'Brien,RA Jadeja,1,0,,,,,,,,,
656465,2014/15,2015-03-10,Seddon Park,1,37.2,Ireland,India,NJ O'Brien,A Balbirnie,RA Jadeja,0,0,,,,,,,,,
656465,2014/15,2015-03-10,Seddon Park,1,37.3,Ireland,India,NJ O'Brien,A Balbirnie,RA Jadeja,6,0,,,,,,,,,
656465,2014/15,2015-03-10,Seddon Park,1,37.4,Ireland,India,NJ O'Brien,A Balbirnie,RA Jadeja,1,0,,,,,,,,,
656465,2014/15,2015-03-10,Seddon Park,1,37.5,Ireland,India,A Balbirnie,NJ O'Brien,RA Jadeja,4,0,,,,,,,,,
656465,2014/15,2015-03-10,Seddon Park,1,37.6,Ireland,India,A Balbirnie,NJ O'Brien,RA Jadeja,1,0,,,,,,,,,
656465,2014/15,2015-03-10,Seddon Park,1,38.1,Ireland,India,A Balbirnie,NJ O'Brien,R Ashwin,4,0,,,,,,,,,
656465,2014/15,2015-03-10,Seddon Park,1,38.2,Ireland,India,A Balbirnie,NJ O'Brien,R Ashwin,2,0,,,,,,,,,
656465,2014/15,2015-03-10,Seddon Park,1,38.3,Ireland,India,A Balbirnie,NJ O'Brien,R Ashwin,1,0,,,,,,,,,
656465,2014/15,2015-03-10,Seddon Park,1,38.4,Ireland,India,NJ O'Brien,A Balbirnie,R Ashwin,4,0,,,,,,,,,
656465,2014/15,2015-03-10,Seddon Park,1,38.5,Ireland,India,NJ O'Brien,A Balbirnie,R Ashwin,0,1,,,,1,,,,,
656465,2014/15,2015-03-10,Seddon Park,1,38.6,Ireland,India,A Balbirnie,NJ O'Brien,R Ashwin,0,0,,,,,,caught,A Balbirnie,,
656465,2014/15,2015-03-10,Seddon Park,1,39.1,Ireland,India,KJ O'Brien,NJ O'Brien,Mohammed Shami,1,0,,,,,,,,,
656465,2014/15,2015-03-10,Seddon Park,1,39.2,Ireland,India,NJ O'Brien,KJ O'Brien,Mohammed Shami,1,0,,,,,,,,,
656465,2014/15,2015-03-10,Seddon Park,1,39.3,Ireland,India,KJ O'Brien,NJ O'Brien,Mohammed Shami,0,0,,,,,,caught,KJ O'Brien,,
656465,2014/15,2015-03-10,Seddon Park,1,39.4,Ireland,India,GC Wilson,NJ O'Brien,Mohammed Shami,4,0,,,,,,,,,
656465,2014/15,2015-03-10,Seddon Park,1,39.5,Ireland,India,GC Wilson,NJ O'Brien,Mohammed Shami,0,0,,,,,,,,,
656465,2014/15,2015-03-10,Seddon Park,1,39.6,Ireland,India,GC Wilson,NJ O'Brien,Mohammed Shami,0,0,,,,,,,,,
656465,2014/15,2015-03-10,Seddon Park,1,40.1,Ireland,India,NJ O'Brien,GC Wilson,UT Yadav,1,0,,,,,,,,,
656465,2014/15,2015-03-10,Seddon Park,1,40.2,Ireland,India,GC Wilson,NJ O'Brien,UT Yadav,1,0,,,,,,,,,
656465,2014/15,2015-03-10,Seddon Park,1,40.3,Ireland,India,NJ O'Brien,GC Wilson,UT Yadav,6,0,,,,,,,,,
656465,2014/15,2015-03-10,Seddon Park,1,40.4,Ireland,India,NJ O'Brien,GC Wilson,UT Yadav,1,0,,,,,,,,,
656465,2014/15,2015-03-10,Seddon Park,1,40.5,Ireland,India,GC Wilson,NJ O'Brien,UT Yadav,1,0,,,,,,,,,
656465,2014/15,2015-03-10,Seddon Park,1,40.6,Ireland,India,NJ O'Brien,GC Wilson,UT Yadav,0,0,,,,,,,,,
656465,2014/15,2015-03-10,Seddon Park,1,41.1,Ireland,India,GC Wilson,NJ O'Brien,RA Jadeja,0,0,,,,,,,,,
656465,2014/15,2015-03-10,Seddon Park,1,41.2,Ireland,India,GC Wilson,NJ O'Brien,RA Jadeja,0,0,,,,,,caught,GC Wilson,,
656465,2014/15,2015-03-10,Seddon Park,1,41.3,Ireland,India,SR Thompson,NJ O'Brien,RA Jadeja,1,0,,,,,,,,,
656465,2014/15,2015-03-10,Seddon Park,1,41.4,Ireland,India,NJ O'Brien,SR Thompson,RA Jadeja,1,0,,,,,,,,,
656465,2014/15,2015-03-10,Seddon Park,1,41.5,Ireland,India,SR Thompson,NJ O'Brien,RA Jadeja,1,0,,,,,,,,,
656465,2014/15,2015-03-10,Seddon Park,1,41.6,Ireland,India,NJ O'Brien,SR Thompson,RA Jadeja,1,0,,,,,,,,,
656465,2014/15,2015-03-10,Seddon Park,1,42.1,Ireland,India,NJ O'Brien,SR Thompson,Mohammed Shami,0,0,,,,,,caught,NJ O'Brien,,
656465,2014/15,2015-03-10,Seddon Park,1,42.2,Ireland,India,JF Mooney,SR Thompson,Mohammed Shami,0,1,1,,,,,,,,
656465,2014/15,2015-03-10,Seddon Park,1,42.3,Ireland,India,JF Mooney,SR Thompson,Mohammed Shami,0,0,,,,,,,,,
656465,2014/15,2015-03-10,Seddon Park,1,42.4,Ireland,India,JF Mooney,SR Thompson,Mohammed Shami,0,0,,,,,,run out,SR Thompson,,
656465,2014/15,2015-03-10,Seddon Park,1,42.5,Ireland,India,JF Mooney,GH Dockrell,Mohammed Shami,0,0,,,,,,,,,
656465,2014/15,2015-03-10,Seddon Park,1,42.6,Ireland,India,JF Mooney,GH Dockrell,Mohammed Shami,0,0,,,,,,,,,
656465,2014/15,2015-03-10,Seddon Park,1,42.7,Ireland,India,JF Mooney,GH Dockrell,Mohammed Shami,0,0,,,,,,,,,
656465,2014/15,2015-03-10,Seddon Park,1,43.1,Ireland,India,GH Dockrell,JF Mooney,RA Jadeja,0,0,,,,,,,,,
656465,2014/15,2015-03-10,Seddon Park,1,43.2,Ireland,India,GH Dockrell,JF Mooney,RA Jadeja,0,0,,,,,,,,,
656465,2014/15,2015-03-10,Seddon Park,1,43.3,Ireland,India,GH Dockrell,JF Mooney,RA Jadeja,0,0,,,,,,,,,
656465,2014/15,2015-03-10,Seddon Park,1,43.4,Ireland,India,GH Dockrell,JF Mooney,RA Jadeja,0,0,,,,,,,,,
656465,2014/15,2015-03-10,Seddon Park,1,43.5,Ireland,India,GH Dockrell,JF Mooney,RA Jadeja,6,0,,,,,,,,,
656465,2014/15,2015-03-10,Seddon Park,1,43.6,Ireland,India,GH Dockrell,JF Mooney,RA Jadeja,0,0,,,,,,,,,
656465,2014/15,2015-03-10,Seddon Park,1,44.1,Ireland,India,JF Mooney,GH Dockrell,Mohammed Shami,1,0,,,,,,,,,
656465,2014/15,2015-03-10,Seddon Park,1,44.2,Ireland,India,GH Dockrell,JF Mooney,Mohammed Shami,0,0,,,,,,,,,
656465,2014/15,2015-03-10,Seddon Park,1,44.3,Ireland,India,GH Dockrell,JF Mooney,Mohammed Shami,0,0,,,,,,,,,
656465,2014/15,2015-03-10,Seddon Park,1,44.4,Ireland,India,GH Dockrell,JF Mooney,Mohammed Shami,0,0,,,,,,,,,
656465,2014/15,2015-03-10,Seddon Park,1,44.5,Ireland,India,GH Dockrell,JF Mooney,Mohammed Shami,0,0,,,,,,,,,
656465,2014/15,2015-03-10,Seddon Park,1,44.6,Ireland,India,GH Dockrell,JF Mooney,Mohammed Shami,0,0,,,,,,,,,
656465,2014/15,2015-03-10,Seddon Park,1,45.1,Ireland,India,JF Mooney,GH Dockrell,UT Yadav,0,1,1,,,,,,,,
656465,2014/15,2015-03-10,Seddon Park,1,45.2,Ireland,India,JF Mooney,GH Dockrell,UT Yadav,2,0,,,,,,,,,
656465,2014/15,2015-03-10,Seddon Park,1,45.3,Ireland,India,JF Mooney,GH Dockrell,UT Yadav,1,0,,,,,,,,,
656465,2014/15,2015-03-10,Seddon Park,1,45.4,Ireland,India,GH Dockrell,JF Mooney,UT Yadav,0,0,,,,,,caught,GH Dockrell,,
656465,2014/15,2015-03-10,Seddon Park,1,45.5,Ireland,India,AR Cusack,JF Mooney,UT Yadav,0,0,,,,,,,,,
656465,2014/15,2015-03-10,Seddon Park,1,45.6,Ireland,India,AR Cusack,JF Mooney,UT Yadav,1,0,,,,,,,,,
656465,2014/15,2015-03-10,Seddon Park,1,45.7,Ireland,India,JF Mooney,AR Cusack,UT Yadav,4,0,,,,,,,,,
656465,2014/15,2015-03-10,Seddon Park,1,46.1,Ireland,India,AR Cusack,JF Mooney,Mohammed Shami,1,0,,,,,,,,,
656465,2014/15,2015-03-10,Seddon Park,1,46.2,Ireland,India,JF Mooney,AR Cusack,Mohammed Shami,0,1,1,,,,,,,,
656465,2014/15,2015-03-10,Seddon Park,1,46.3,Ireland,India,JF Mooney,AR Cusack,Mohammed Shami,0,0,,,,,,,,,
656465,2014/15,2015-03-10,Seddon Park,1,46.4,Ireland,India,JF Mooney,AR Cusack,Mohammed Shami,0,0,,,,,,,,,
656465,2014/15,2015-03-10,Seddon Park,1,46.5,Ireland,India,JF Mooney,AR Cusack,Mohammed Shami,0,0,,,,,,,,,
656465,2014/15,2015-03-10,Seddon Park,1,46.6,Ireland,India,JF Mooney,AR Cusack,Mohammed Shami,1,0,,,,,,,,,
656465,2014/15,2015-03-10,Seddon Park,1,46.7,Ireland,India,AR Cusack,JF Mooney,Mohammed Shami,1,0,,,,,,,,,
656465,2014/15,2015-03-10,Seddon Park,1,47.1,Ireland,India,AR Cusack,JF Mooney,MM Sharma,1,0,,,,,,,,,
656465,2014/15,2015-03-10,Seddon Park,1,47.2,Ireland,India,JF Mooney,AR Cusack,MM Sharma,1,0,,,,,,,,,
656465,2014/15,2015-03-10,Seddon Park,1,47.3,Ireland,India,AR Cusack,JF Mooney,MM Sharma,0,0,,,,,,,,,
656465,2014/15,2015-03-10,Seddon Park,1,47.4,Ireland,India,AR Cusack,JF Mooney,MM Sharma,1,0,,,,,,,,,
656465,2014/15,2015-03-10,Seddon Park,1,47.5,Ireland,India,JF Mooney,AR Cusack,MM Sharma,1,0,,,,,,,,,
656465,2014/15,2015-03-10,Seddon Park,1,47.6,Ireland,India,AR Cusack,JF Mooney,MM Sharma,0,1,1,,,,,,,,
656465,2014/15,2015-03-10,Seddon Park,1,47.7,Ireland,India,AR Cusack,JF Mooney,MM Sharma,1,0,,,,,,,,,
656465,2014/15,2015-03-10,Seddon Park,1,48.1,Ireland,India,AR Cusack,JF Mooney,Mohammed Shami,0,0,,,,,,,,,
656465,2014/15,2015-03-10,Seddon Park,1,48.2,Ireland,India,AR Cusack,JF Mooney,Mohammed Shami,4,0,,,,,,,,,
656465,2014/15,2015-03-10,Seddon Park,1,48.3,Ireland,India,AR Cusack,JF Mooney,Mohammed Shami,1,0,,,,,,,,,
656465,2014/15,2015-03-10,Seddon Park,1,48.4,Ireland,India,JF Mooney,AR Cusack,Mohammed Shami,1,0,,,,,,,,,
656465,2014/15,2015-03-10,Seddon Park,1,48.5,Ireland,India,AR Cusack,JF Mooney,Mohammed Shami,0,0,,,,,,,,,
656465,2014/15,2015-03-10,Seddon Park,1,48.6,Ireland,India,AR Cusack,JF Mooney,Mohammed Shami,0,0,,,,,,caught,AR Cusack,,
656465,2014/15,2015-03-10,Seddon Park,2,0.1,India,Ireland,RG Sharma,S Dhawan,JF Mooney,0,0,,,,,,,,,
656465,2014/15,2015-03-10,Seddon Park,2,0.2,India,Ireland,RG Sharma,S Dhawan,JF Mooney,0,0,,,,,,,,,
656465,2014/15,2015-03-10,Seddon Park,2,0.3,India,Ireland,RG Sharma,S Dhawan,JF Mooney,0,0,,,,,,,,,
656465,2014/15,2015-03-10,Seddon Park,2,0.4,India,Ireland,RG Sharma,S Dhawan,JF Mooney,0,1,1,,,,,,,,
656465,2014/15,2015-03-10,Seddon Park,2,0.5,India,Ireland,RG Sharma,S Dhawan,JF Mooney,4,0,,,,,,,,,
656465,2014/15,2015-03-10,Seddon Park,2,0.6,India,Ireland,RG Sharma,S Dhawan,JF Mooney,0,0,,,,,,,,,
656465,2014/15,2015-03-10,Seddon Park,2,0.7,India,Ireland,RG Sharma,S Dhawan,JF Mooney,0,0,,,,,,,,,
656465,2014/15,2015-03-10,Seddon Park,2,1.1,India,Ireland,S Dhawan,RG Sharma,AR Cusack,0,0,,,,,,,,,
656465,2014/15,2015-03-10,Seddon Park,2,1.2,India,Ireland,S Dhawan,RG Sharma,AR Cusack,1,0,,,,,,,,,
656465,2014/15,2015-03-10,Seddon Park,2,1.3,India,Ireland,RG Sharma,S Dhawan,AR Cusack,0,0,,,,,,,,,
656465,2014/15,2015-03-10,Seddon Park,2,1.4,India,Ireland,RG Sharma,S Dhawan,AR Cusack,0,0,,,,,,,,,
656465,2014/15,2015-03-10,Seddon Park,2,1.5,India,Ireland,RG Sharma,S Dhawan,AR Cusack,2,0,,,,,,,,,
656465,2014/15,2015-03-10,Seddon Park,2,1.6,India,Ireland,RG Sharma,S Dhawan,AR Cusack,0,0,,,,,,,,,
656465,2014/15,2015-03-10,Seddon Park,2,2.1,India,Ireland,S Dhawan,RG Sharma,JF Mooney,4,0,,,,,,,,,
656465,2014/15,2015-03-10,Seddon Park,2,2.2,India,Ireland,S Dhawan,RG Sharma,JF Mooney,0,0,,,,,,,,,
656465,2014/15,2015-03-10,Seddon Park,2,2.3,India,Ireland,S Dhawan,RG Sharma,JF Mooney,0,0,,,,,,,,,
656465,2014/15,2015-03-10,Seddon Park,2,2.4,India,Ireland,S Dhawan,RG Sharma,JF Mooney,0,0,,,,,,,,,
656465,2014/15,2015-03-10,Seddon Park,2,2.5,India,Ireland,S Dhawan,RG Sharma,JF Mooney,0,0,,,,,,,,,
656465,2014/15,2015-03-10,Seddon Park,2,2.6,India,Ireland,S Dhawan,RG Sharma,JF Mooney,0,0,,,,,,,,,
656465,2014/15,2015-03-10,Seddon Park,2,3.1,India,Ireland,RG Sharma,S Dhawan,AR Cusack,0,0,,,,,,,,,
656465,2014/15,2015-03-10,Seddon Park,2,3.2,India,Ireland,RG Sharma,S Dhawan,AR Cusack,0,0,,,,,,,,,
656465,2014/15,2015-03-10,Seddon Park,2,3.3,India,Ireland,RG Sharma,S Dhawan,AR Cusack,0,0,,,,,,,,,
656465,2014/15,2015-03-10,Seddon Park,2,3.4,India,Ireland,RG Sharma,S Dhawan,AR Cusack,4,0,,,,,,,,,
656465,2014/15,2015-03-10,Seddon Park,2,3.5,India,Ireland,RG Sharma,S Dhawan,AR Cusack,0,0,,,,,,,,,
656465,2014/15,2015-03-10,Seddon Park,2,3.6,India,Ireland,RG Sharma,S Dhawan,AR Cusack,0,0,,,,,,,,,
656465,2014/15,2015-03-10,Seddon Park,2,4.1,India,Ireland,S Dhawan,RG Sharma,JF Mooney,0,0,,,,,,,,,
656465,2014/15,2015-03-10,Seddon Park,2,4.2,India,Ireland,S Dhawan,RG Sharma,JF Mooney,1,0,,,,,,,,,
656465,2014/15,2015-03-10,Seddon Park,2,4.3,India,Ireland,RG Sharma,S Dhawan,JF Mooney,0,0,,,,,,,,,
656465,2014/15,2015-03-10,Seddon Park,2,4.4,India,Ireland,RG Sharma,S Dhawan,JF Mooney,0,0,,,,,,,,,
656465,2014/15,2015-03-10,Seddon Park,2,4.5,India,Ireland,RG Sharma,S Dhawan,JF Mooney,1,0,,,,,,,,,
656465,2014/15,2015-03-10,Seddon Park,2,4.6,India,Ireland,S Dhawan,RG Sharma,JF Mooney,4,0,,,,,,,,,
656465,2014/15,2015-03-10,Seddon Park,2,5.1,India,Ireland,RG Sharma,S Dhawan,AR Cusack,1,0,,,,,,,,,
656465,2014/15,2015-03-10,Seddon Park,2,5.2,India,Ireland,S Dhawan,RG Sharma,AR Cusack,0,0,,,,,,,,,
656465,2014/15,2015-03-10,Seddon Park,2,5.3,India,Ireland,S Dhawan,RG Sharma,AR Cusack,0,0,,,,,,,,,
656465,2014/15,2015-03-10,Seddon Park,2,5.4,India,Ireland,S Dhawan,RG Sharma,AR Cusack,0,0,,,,,,,,,
656465,2014/15,2015-03-10,Seddon Park,2,5.5,India,Ireland,S Dhawan,RG Sharma,AR Cusack,0,0,,,,,,,,,
656465,2014/15,2015-03-10,Seddon Park,2,5.6,India,Ireland,S Dhawan,RG Sharma,AR Cusack,0,0,,,,,,,,,
656465,2014/15,2015-03-10,Seddon Park,2,6.1,India,Ireland,RG Sharma,S Dhawan,JF Mooney,1,0,,,,,,,,,
656465,2014/15,2015-03-10,Seddon Park,2,6.2,India,Ireland,S Dhawan,RG Sharma,JF Mooney,0,0,,,,,,,,,
656465,2014/15,2015-03-10,Seddon Park,2,6.3,India,Ireland,S Dhawan,RG Sharma,JF Mooney,0,0,,,,,,,,,
656465,2014/15,2015-03-10,Seddon Park,2,6.4,India,Ireland,S Dhawan,RG Sharma,JF Mooney,0,1,1,,,,,,,,
656465,2014/15,2015-03-10,Seddon Park,2,6.5,India,Ireland,S Dhawan,RG Sharma,JF Mooney,1,0,,,,,,,,,
656465,2014/15,2015-03-10,Seddon Park,2,6.6,India,Ireland,RG Sharma,S Dhawan,JF Mooney,4,0,,,,,,,,,
656465,2014/15,2015-03-10,Seddon Park,2,6.7,India,Ireland,RG Sharma,S Dhawan,JF Mooney,6,0,,,,,,,,,
656465,2014/15,2015-03-10,Seddon Park,2,7.1,India,Ireland,S Dhawan,RG Sharma,AR Cusack,4,0,,,,,,,,,
656465,2014/15,2015-03-10,Seddon Park,2,7.2,India,Ireland,S Dhawan,RG Sharma,AR Cusack,4,0,,,,,,,,,
656465,2014/15,2015-03-10,Seddon Park,2,7.3,India,Ireland,S Dhawan,RG Sharma,AR Cusack,0,0,,,,,,,,,
656465,2014/15,2015-03-10,Seddon Park,2,7.4,India,Ireland,S Dhawan,RG Sharma,AR Cusack,0,0,,,,,,,,,
656465,2014/15,2015-03-10,Seddon Park,2,7.5,India,Ireland,S Dhawan,RG Sharma,AR Cusack,0,0,,,,,,,,,
656465,2014/15,2015-03-10,Seddon Park,2,7.6,India,Ireland,S Dhawan,RG Sharma,AR Cusack,0,0,,,,,,,,,
656465,2014/15,2015-03-10,Seddon Park,2,8.1,India,Ireland,RG Sharma,S Dhawan,SR Thompson,0,1,1,,,,,,,,
656465,2014/15,2015-03-10,Seddon Park,2,8.2,India,Ireland,RG Sharma,S Dhawan,SR Thompson,1,0,,,,,,,,,
656465,2014/15,2015-03-10,Seddon Park,2,8.3,India,Ireland,S Dhawan,RG Sharma,SR Thompson,6,0,,,,,,,,,
656465,2014/15,2015-03-10,Seddon Park,2,8.4,India,Ireland,S Dhawan,RG Sharma,SR Thompson,4,0,,,,,,,,,
656465,2014/15,2015-03-10,Seddon Park,2,8.5,India,Ireland,S Dhawan,RG Sharma,SR Thompson,0,1,1,,,,,,,,
656465,2014/15,2015-03-10,Seddon Park,2,8.6,India,Ireland,S Dhawan,RG Sharma,SR Thompson,0,0,,,,,,,,,
656465,2014/15,2015-03-10,Seddon Park,2,8.7,India,Ireland,S Dhawan,RG Sharma,SR Thompson,0,0,,,,,,,,,
656465,2014/15,2015-03-10,Seddon Park,2,8.8,India,Ireland,S Dhawan,RG Sharma,SR Thompson,0,5,5,,,,,,,,
656465,2014/15,2015-03-10,Seddon Park,2,8.9,India,Ireland,S Dhawan,RG Sharma,SR Thompson,0,0,,,,,,,,,
656465,2014/15,2015-03-10,Seddon Park,2,9.1,India,Ireland,RG Sharma,S Dhawan,GH Dockrell,2,0,,,,,,,,,
656465,2014/15,2015-03-10,Seddon Park,2,9.2,India,Ireland,RG Sharma,S Dhawan,GH Dockrell,6,0,,,,,,,,,
656465,2014/15,2015-03-10,Seddon Park,2,9.3,India,Ireland,RG Sharma,S Dhawan,GH Dockrell,1,0,,,,,,,,,
656465,2014/15,2015-03-10,Seddon Park,2,9.4,India,Ireland,S Dhawan,RG Sharma,GH Dockrell,1,0,,,,,,,,,
656465,2014/15,2015-03-10,Seddon Park,2,9.5,India,Ireland,RG Sharma,S Dhawan,GH Dockrell,0,0,,,,,,,,,
656465,2014/15,2015-03-10,Seddon Park,2,9.6,India,Ireland,RG Sharma,S Dhawan,GH Dockrell,1,0,,,,,,,,,
656465,2014/15,2015-03-10,Seddon Park,2,10.1,India,Ireland,RG Sharma,S Dhawan,PR Stirling,1,0,,,,,,,,,
656465,2014/15,2015-03-10,Seddon Park,2,10.2,India,Ireland,S Dhawan,RG Sharma,PR Stirling,0,0,,,,,,,,,
656465,2014/15,2015-03-10,Seddon Park,2,10.3,India,Ireland,S Dhawan,RG Sharma,PR Stirling,0,0,,,,,,,,,
656465,2014/15,2015-03-10,Seddon Park,2,10.4,India,Ireland,S Dhawan,RG Sharma,PR Stirling,0,0,,,,,,,,,
656465,2014/15,2015-03-10,Seddon Park,2,10.5,India,Ireland,S Dhawan,RG Sharma,PR Stirling,0,0,,,,,,,,,
656465,2014/15,2015-03-10,Seddon Park,2,10.6,India,Ireland,S Dhawan,RG Sharma,PR Stirling,0,0,,,,,,,,,
656465,2014/15,2015-03-10,Seddon Park,2,11.1,India,Ireland,RG Sharma,S Dhawan,GH Dockrell,2,0,,,,,,,,,
656465,2014/15,2015-03-10,Seddon Park,2,11.2,India,Ireland,RG Sharma,S Dhawan,GH Dockrell,0,0,,,,,,,,,
656465,2014/15,2015-03-10,Seddon Park,2,11.3,India,Ireland,RG Sharma,S Dhawan,GH Dockrell,0,0,,,,,,,,,
656465,2014/15,2015-03-10,Seddon Park,2,11.4,India,Ireland,RG Sharma,S Dhawan,GH Dockrell,0,0,,,,,,,,,
656465,2014/15,2015-03-10,Seddon Park,2,11.5,India,Ireland,RG Sharma,S Dhawan,GH Dockrell,1,0,,,,,,,,,
656465,2014/15,2015-03-10,Seddon Park,2,11.6,India,Ireland,S Dhawan,RG Sharma,GH Dockrell,1,0,,,,,,,,,
656465,2014/15,2015-03-10,Seddon Park,2,12.1,India,Ireland,S Dhawan,RG Sharma,PR Stirling,0,0,,,,,,,,,
656465,2014/15,2015-03-10,Seddon Park,2,12.2,India,Ireland,S Dhawan,RG Sharma,PR Stirling,1,0,,,,,,,,,
656465,2014/15,2015-03-10,Seddon Park,2,12.3,India,Ireland,RG Sharma,S Dhawan,PR Stirling,1,0,,,,,,,,,
656465,2014/15,2015-03-10,Seddon Park,2,12.4,India,Ireland,S Dhawan,RG Sharma,PR Stirling,1,0,,,,,,,,,
656465,2014/15,2015-03-10,Seddon Park,2,12.5,India,Ireland,RG Sharma,S Dhawan,PR Stirling,1,0,,,,,,,,,
656465,2014/15,2015-03-10,Seddon Park,2,12.6,India,Ireland,S Dhawan,RG Sharma,PR Stirling,4,0,,,,,,,,,
656465,2014/15,2015-03-10,Seddon Park,2,13.1,India,Ireland,RG Sharma,S Dhawan,GH Dockrell,1,0,,,,,,,,,
656465,2014/15,2015-03-10,Seddon Park,2,13.2,India,Ireland,S Dhawan,RG Sharma,GH Dockrell,4,0,,,,,,,,,
656465,2014/15,2015-03-10,Seddon Park,2,13.3,India,Ireland,S Dhawan,RG Sharma,GH Dockrell,0,4,,,4,,,,,,
656465,2014/15,2015-03-10,Seddon Park,2,13.4,India,Ireland,S Dhawan,RG Sharma,GH Dockrell,0,0,,,,,,,,,
656465,2014/15,2015-03-10,Seddon Park,2,13.5,India,Ireland,S Dhawan,RG Sharma,GH Dockrell,4,0,,,,,,,,,
656465,2014/15,2015-03-10,Seddon Park,2,13.6,India,Ireland,S Dhawan,RG Sharma,GH Dockrell,0,0,,,,,,,,,
656465,2014/15,2015-03-10,Seddon Park,2,14.1,India,Ireland,RG Sharma,S Dhawan,PR Stirling,1,0,,,,,,,,,
656465,2014/15,2015-03-10,Seddon Park,2,14.2,India,Ireland,S Dhawan,RG Sharma,PR Stirling,1,0,,,,,,,,,
656465,2014/15,2015-03-10,Seddon Park,2,14.3,India,Ireland,RG Sharma,S Dhawan,PR Stirling,1,0,,,,,,,,,
656465,2014/15,2015-03-10,Seddon Park,2,14.4,India,Ireland,S Dhawan,RG Sharma,PR Stirling,0,0,,,,,,,,,
656465,2014/15,2015-03-10,Seddon Park,2,14.5,India,Ireland,S Dhawan,RG Sharma,PR Stirling,0,0,,,,,,,,,
656465,2014/15,2015-03-10,Seddon Park,2,14.6,India,Ireland,S Dhawan,RG Sharma,PR Stirling,1,0,,,,,,,,,
656465,2014/15,2015-03-10,Seddon Park,2,15.1,India,Ireland,S Dhawan,RG Sharma,AR Cusack,1,0,,,,,,,,,
656465,2014/15,2015-03-10,Seddon Park,2,15.2,India,Ireland,RG Sharma,S Dhawan,AR Cusack,0,1,,,,1,,,,,
656465,2014/15,2015-03-10,Seddon Park,2,15.3,India,Ireland,S Dhawan,RG Sharma,AR Cusack,0,0,,,,,,,,,
656465,2014/15,2015-03-10,Seddon Park,2,15.4,India,Ireland,S Dhawan,RG Sharma,AR Cusack,1,0,,,,,,,,,
656465,2014/15,2015-03-10,Seddon Park,2,15.5,India,Ireland,RG Sharma,S Dhawan,AR Cusack,0,0,,,,,,,,,
656465,2014/15,2015-03-10,Seddon Park,2,15.6,India,Ireland,RG Sharma,S Dhawan,AR Cusack,1,0,,,,,,,,,
656465,2014/15,2015-03-10,Seddon Park,2,16.1,India,Ireland,RG Sharma,S Dhawan,PR Stirling,1,0,,,,,,,,,
656465,2014/15,2015-03-10,Seddon Park,2,16.2,India,Ireland,S Dhawan,RG Sharma,PR Stirling,1,0,,,,,,,,,
656465,2014/15,2015-03-10,Seddon Park,2,16.3,India,Ireland,RG Sharma,S Dhawan,PR Stirling,1,0,,,,,,,,,
656465,2014/15,2015-03-10,Seddon Park,2,16.4,India,Ireland,S Dhawan,RG Sharma,PR Stirling,6,0,,,,,,,,,
656465,2014/15,2015-03-10,Seddon Park,2,16.5,India,Ireland,S Dhawan,RG Sharma,PR Stirling,4,0,,,,,,,,,
656465,2014/15,2015-03-10,Seddon Park,2,16.6,India,Ireland,S Dhawan,RG Sharma,PR Stirling,1,0,,,,,,,,,
656465,2014/15,2015-03-10,Seddon Park,2,17.1,India,Ireland,S Dhawan,RG Sharma,AR Cusack,0,0,,,,,,,,,
656465,2014/15,2015-03-10,Seddon Park,2,17.2,India,Ireland,S Dhawan,RG Sharma,AR Cusack,0,0,,,,,,,,,
656465,2014/15,2015-03-10,Seddon Park,2,17.3,India,Ireland,S Dhawan,RG Sharma,AR Cusack,1,0,,,,,,,,,
656465,2014/15,2015-03-10,Seddon Park,2,17.4,India,Ireland,RG Sharma,S Dhawan,AR Cusack,1,0,,,,,,,,,
656465,2014/15,2015-03-10,Seddon Park,2,17.5,India,Ireland,S Dhawan,RG Sharma,AR Cusack,1,0,,,,,,,,,
656465,2014/15,2015-03-10,Seddon Park,2,17.6,India,Ireland,RG Sharma,S Dhawan,AR Cusack,1,0,,,,,,,,,
656465,2014/15,2015-03-10,Seddon Park,2,18.1,India,Ireland,RG Sharma,S Dhawan,PR Stirling,0,0,,,,,,,,,
656465,2014/15,2015-03-10,Seddon Park,2,18.2,India,Ireland,RG Sharma,S Dhawan,PR Stirling,6,0,,,,,,,,,
656465,2014/15,2015-03-10,Seddon Park,2,18.3,India,Ireland,RG Sharma,S Dhawan,PR Stirling,0,0,,,,,,,,,
656465,2014/15,2015-03-10,Seddon Park,2,18.4,India,Ireland,RG Sharma,S Dhawan,PR Stirling,1,0,,,,,,,,,
656465,2014/15,2015-03-10,Seddon Park,2,18.5,India,Ireland,S Dhawan,RG Sharma,PR Stirling,1,0,,,,,,,,,
656465,2014/15,2015-03-10,Seddon Park,2,18.6,India,Ireland,RG Sharma,S Dhawan,PR Stirling,1,0,,,,,,,,,
656465,2014/15,2015-03-10,Seddon Park,2,19.1,India,Ireland,RG Sharma,S Dhawan,GH Dockrell,2,0,,,,,,,,,
656465,2014/15,2015-03-10,Seddon Park,2,19.2,India,Ireland,RG Sharma,S Dhawan,GH Dockrell,1,0,,,,,,,,,
656465,2014/15,2015-03-10,Seddon Park,2,19.3,India,Ireland,S Dhawan,RG Sharma,GH Dockrell,6,0,,,,,,,,,
656465,2014/15,2015-03-10,Seddon Park,2,19.4,India,Ireland,S Dhawan,RG Sharma,GH Dockrell,1,0,,,,,,,,,
656465,2014/15,2015-03-10,Seddon Park,2,19.5,India,Ireland,RG Sharma,S Dhawan,GH Dockrell,0,0,,,,,,,,,
656465,2014/15,2015-03-10,Seddon Park,2,19.6,India,Ireland,RG Sharma,S Dhawan,GH Dockrell,0,0,,,,,,,,,
656465,2014/15,2015-03-10,Seddon Park,2,20.1,India,Ireland,S Dhawan,RG Sharma,KJ O'Brien,6,0,,,,,,,,,
656465,2014/15,2015-03-10,Seddon Park,2,20.2,India,Ireland,S Dhawan,RG Sharma,KJ O'Brien,0,0,,,,,,,,,
656465,2014/15,2015-03-10,Seddon Park,2,20.3,India,Ireland,S Dhawan,RG Sharma,KJ O'Brien,1,0,,,,,,,,,
656465,2014/15,2015-03-10,Seddon Park,2,20.4,India,Ireland,RG Sharma,S Dhawan,KJ O'Brien,0,0,,,,,,,,,
656465,2014/15,2015-03-10,Seddon Park,2,20.5,India,Ireland,RG Sharma,S Dhawan,KJ O'Brien,0,0,,,,,,,,,
656465,2014/15,2015-03-10,Seddon Park,2,20.6,India,Ireland,RG Sharma,S Dhawan,KJ O'Brien,1,0,,,,,,,,,
656465,2014/15,2015-03-10,Seddon Park,2,21.1,India,Ireland,RG Sharma,S Dhawan,GH Dockrell,0,0,,,,,,,,,
656465,2014/15,2015-03-10,Seddon Park,2,21.2,India,Ireland,RG Sharma,S Dhawan,GH Dockrell,0,0,,,,,,,,,
656465,2014/15,2015-03-10,Seddon Park,2,21.3,India,Ireland,RG Sharma,S Dhawan,GH Dockrell,1,0,,,,,,,,,
656465,2014/15,2015-03-10,Seddon Park,2,21.4,India,Ireland,S Dhawan,RG Sharma,GH Dockrell,2,0,,,,,,,,,
656465,2014/15,2015-03-10,Seddon Park,2,21.5,India,Ireland,S Dhawan,RG Sharma,GH Dockrell,6,0,,,,,,,,,
656465,2014/15,2015-03-10,Seddon Park,2,21.6,India,Ireland,S Dhawan,RG Sharma,GH Dockrell,1,0,,,,,,,,,
656465,2014/15,2015-03-10,Seddon Park,2,22.1,India,Ireland,S Dhawan,RG Sharma,KJ O'Brien,4,0,,,,,,,,,
656465,2014/15,2015-03-10,Seddon Park,2,22.2,India,Ireland,S Dhawan,RG Sharma,KJ O'Brien,1,0,,,,,,,,,
656465,2014/15,2015-03-10,Seddon Park,2,22.3,India,Ireland,RG Sharma,S Dhawan,KJ O'Brien,0,0,,,,,,,,,
656465,2014/15,2015-03-10,Seddon Park,2,22.4,India,Ireland,RG Sharma,S Dhawan,KJ O'Brien,1,0,,,,,,,,,
656465,2014/15,2015-03-10,Seddon Park,2,22.5,India,Ireland,S Dhawan,RG Sharma,KJ O'Brien,0,0,,,,,,,,,
656465,2014/15,2015-03-10,Seddon Park,2,22.6,India,Ireland,S Dhawan,RG Sharma,KJ O'Brien,4,0,,,,,,,,,
656465,2014/15,2015-03-10,Seddon Park,2,23.1,India,Ireland,RG Sharma,S Dhawan,SR Thompson,2,0,,,,,,,,,
656465,2014/15,2015-03-10,Seddon Park,2,23.2,India,Ireland,RG Sharma,S Dhawan,SR Thompson,0,0,,,,,,bowled,RG Sharma,,
656465,2014/15,2015-03-10,Seddon Park,2,23.3,India,Ireland,V Kohli,S Dhawan,SR Thompson,0,0,,,,,,,,,
656465,2014/15,2015-03-10,Seddon Park,2,23.4,India,Ireland,V Kohli,S Dhawan,SR Thompson,0,0,,,,,,,,,
656465,2014/15,2015-03-10,Seddon Park,2,23.5,India,Ireland,V Kohli,S Dhawan,SR Thompson,0,0,,,,,,,,,
656465,2014/15,2015-03-10,Seddon Park,2,23.6,India,Ireland,V Kohli,S Dhawan,SR Thompson,0,0,,,,,,,,,
656465,2014/15,2015-03-10,Seddon Park,2,24.1,India,Ireland,S Dhawan,V Kohli,KJ O'Brien,0,0,,,,,,,,,
656465,2014/15,2015-03-10,Seddon Park,2,24.2,India,Ireland,S Dhawan,V Kohli,KJ O'Brien,1,0,,,,,,,,,
656465,2014/15,2015-03-10,Seddon Park,2,24.3,India,Ireland,V Kohli,S Dhawan,KJ O'Brien,0,0,,,,,,,,,
656465,2014/15,2015-03-10,Seddon Park,2,24.4,India,Ireland,V Kohli,S Dhawan,KJ O'Brien,0,0,,,,,,,,,
656465,2014/15,2015-03-10,Seddon Park,2,24.5,India,Ireland,V Kohli,S Dhawan,KJ O'Brien,0,0,,,,,,,,,
656465,2014/15,2015-03-10,Seddon Park,2,24.6,India,Ireland,V Kohli,S Dhawan,KJ O'Brien,0,0,,,,,,,,,
656465,2014/15,2015-03-10,Seddon Park,2,25.1,India,Ireland,S Dhawan,V Kohli,SR Thompson,0,0,,,,,,,,,
656465,2014/15,2015-03-10,Seddon Park,2,25.2,India,Ireland,S Dhawan,V Kohli,SR Thompson,0,1,,,,1,,,,,
656465,2014/15,2015-03-10,Seddon Park,2,25.3,India,Ireland,V Kohli,S Dhawan,SR Thompson,0,1,1,,,,,,,,
656465,2014/15,2015-03-10,Seddon Park,2,25.4,India,Ireland,V Kohli,S Dhawan,SR Thompson,0,0,,,,,,,,,
656465,2014/15,2015-03-10,Seddon Park,2,25.5,India,Ireland,V Kohli,S Dhawan,SR Thompson,1,0,,,,,,,,,
656465,2014/15,2015-03-10,Seddon Park,2,25.6,India,Ireland,S Dhawan,V Kohli,SR Thompson,0,0,,,,,,,,,
656465,2014/15,2015-03-10,Seddon Park,2,25.7,India,Ireland,S Dhawan,V Kohli,SR Thompson,0,0,,,,,,,,,
656465,2014/15,2015-03-10,Seddon Park,2,26.1,India,Ireland,V Kohli,S Dhawan,KJ O'Brien,1,0,,,,,,,,,
656465,2014/15,2015-03-10,Seddon Park,2,26.2,India,Ireland,S Dhawan,V Kohli,KJ O'Brien,2,0,,,,,,,,,
656465,2014/15,2015-03-10,Seddon Park,2,26.3,India,Ireland,S Dhawan,V Kohli,KJ O'Brien,0,0,,,,,,,,,
656465,2014/15,2015-03-10,Seddon Park,2,26.4,India,Ireland,S Dhawan,V Kohli,KJ O'Brien,0,0,,,,,,,,,
656465,2014/15,2015-03-10,Seddon Park,2,26.5,India,Ireland,S Dhawan,V Kohli,KJ O'Brien,1,0,,,,,,,,,
656465,2014/15,2015-03-10,Seddon Park,2,26.6,India,Ireland,V Kohli,S Dhawan,KJ O'Brien,1,0,,,,,,,,,
656465,2014/15,2015-03-10,Seddon Park,2,27.1,India,Ireland,V Kohli,S Dhawan,SR Thompson,0,0,,,,,,,,,
656465,2014/15,2015-03-10,Seddon Park,2,27.2,India,Ireland,V Kohli,S Dhawan,SR Thompson,6,0,,,,,,,,,
656465,2014/15,2015-03-10,Seddon Park,2,27.3,India,Ireland,V Kohli,S Dhawan,SR Thompson,1,0,,,,,,,,,
656465,2014/15,2015-03-10,Seddon Park,2,27.4,India,Ireland,S Dhawan,V Kohli,SR Thompson,0,0,,,,,,caught,S Dhawan,,
656465,2014/15,2015-03-10,Seddon Park,2,27.5,India,Ireland,V Kohli,AM Rahane,SR Thompson,1,0,,,,,,,,,
656465,2014/15,2015-03-10,Seddon Park,2,27.6,India,Ireland,AM Rahane,V Kohli,SR Thompson,0,0,,,,,,,,,
656465,2014/15,2015-03-10,Seddon Park,2,28.1,India,Ireland,V Kohli,AM Rahane,KJ O'Brien,1,0,,,,,,,,,
656465,2014/15,2015-03-10,Seddon Park,2,28.2,India,Ireland,AM Rahane,V Kohli,KJ O'Brien,1,0,,,,,,,,,
656465,2014/15,2015-03-10,Seddon Park,2,28.3,India,Ireland,V Kohli,AM Rahane,KJ O'Brien,0,0,,,,,,,,,
656465,2014/15,2015-03-10,Seddon Park,2,28.4,India,Ireland,V Kohli,AM Rahane,KJ O'Brien,1,0,,,,,,,,,
656465,2014/15,2015-03-10,Seddon Park,2,28.5,India,Ireland,AM Rahane,V Kohli,KJ O'Brien,1,0,,,,,,,,,
656465,2014/15,2015-03-10,Seddon Park,2,28.6,India,Ireland,V Kohli,AM Rahane,KJ O'Brien,1,0,,,,,,,,,
656465,2014/15,2015-03-10,Seddon Park,2,29.1,India,Ireland,V Kohli,AM Rahane,SR Thompson,4,0,,,,,,,,,
656465,2014/15,2015-03-10,Seddon Park,2,29.2,India,Ireland,V Kohli,AM Rahane,SR Thompson,2,0,,,,,,,,,
656465,2014/15,2015-03-10,Seddon Park,2,29.3,India,Ireland,V Kohli,AM Rahane,SR Thompson,1,0,,,,,,,,,
656465,2014/15,2015-03-10,Seddon Park,2,29.4,India,Ireland,AM Rahane,V Kohli,SR Thompson,0,0,,,,,,,,,
656465,2014/15,2015-03-10,Seddon Park,2,29.5,India,Ireland,AM Rahane,V Kohli,SR Thompson,0,0,,,,,,,,,
656465,2014/15,2015-03-10,Seddon Park,2,29.6,India,Ireland,AM Rahane,V Kohli,SR Thompson,0,0,,,,,,,,,
656465,2014/15,2015-03-10,Seddon Park,2,30.1,India,Ireland,V Kohli,AM Rahane,KJ O'Brien,0,0,,,,,,,,,
656465,2014/15,2015-03-10,Seddon Park,2,30.2,India,Ireland,V Kohli,AM Rahane,KJ O'Brien,0,0,,,,,,,,,
656465,2014/15,2015-03-10,Seddon Park,2,30.3,India,Ireland,V Kohli,AM Rahane,KJ O'Brien,2,0,,,,,,,,,
656465,2014/15,2015-03-10,Seddon Park,2,30.4,India,Ireland,V Kohli,AM Rahane,KJ O'Brien,1,0,,,,,,,,,
656465,2014/15,2015-03-10,Seddon Park,2,30.5,India,Ireland,AM Rahane,V Kohli,KJ O'Brien,4,0,,,,,,,,,
656465,2014/15,2015-03-10,Seddon Park,2,30.6,India,Ireland,AM Rahane,V Kohli,KJ O'Brien,0,0,,,,,,,,,
656465,2014/15,2015-03-10,Seddon Park,2,31.1,India,Ireland,V Kohli,AM Rahane,SR Thompson,1,0,,,,,,,,,
656465,2014/15,2015-03-10,Seddon Park,2,31.2,India,Ireland,AM Rahane,V Kohli,SR Thompson,1,0,,,,,,,,,
656465,2014/15,2015-03-10,Seddon Park,2,31.3,India,Ireland,V Kohli,AM Rahane,SR Thompson,0,0,,,,,,,,,
656465,2014/15,2015-03-10,Seddon Park,2,31.4,India,Ireland,V Kohli,AM Rahane,SR Thompson,1,0,,,,,,,,,
656465,2014/15,2015-03-10,Seddon Park,2,31.5,India,Ireland,AM Rahane,V Kohli,SR Thompson,4,0,,,,,,,,,
656465,2014/15,2015-03-10,Seddon Park,2,31.6,India,Ireland,AM Rahane,V Kohli,SR Thompson,1,0,,,,,,,,,
656465,2014/15,2015-03-10,Seddon Park,2,32.1,India,Ireland,AM Rahane,V Kohli,JF Mooney,0,1,1,,,,,,,,
656465,2014/15,2015-03-10,Seddon Park,2,32.2,India,Ireland,AM Rahane,V Kohli,JF Mooney,0,0,,,,,,,,,
656465,2014/15,2015-03-10,Seddon Park,2,32.3,India,Ireland,AM Rahane,V Kohli,JF Mooney,4,0,,,,,,,,,
656465,2014/15,2015-03-10,Seddon Park,2,32.4,India,Ireland,AM Rahane,V Kohli,JF Mooney,0,1,1,,,,,,,,
656465,2014/15,2015-03-10,Seddon Park,2,32.5,India,Ireland,AM Rahane,V Kohli,JF Mooney,0,0,,,,,,,,,
656465,2014/15,2015-03-10,Seddon Park,2,32.6,India,Ireland,AM Rahane,V Kohli,JF Mooney,0,0,,,,,,,,,
656465,2014/15,2015-03-10,Seddon Park,2,32.7,India,Ireland,AM Rahane,V Kohli,JF Mooney,4,0,,,,,,,,,
656465,2014/15,2015-03-10,Seddon Park,2,32.8,India,Ireland,AM Rahane,V Kohli,JF Mooney,0,0,,,,,,,,,
656465,2014/15,2015-03-10,Seddon Park,2,33.1,India,Ireland,V Kohli,AM Rahane,AR Cusack,1,0,,,,,,,,,
656465,2014/15,2015-03-10,Seddon Park,2,33.2,India,Ireland,AM Rahane,V Kohli,AR Cusack,1,0,,,,,,,,,
656465,2014/15,2015-03-10,Seddon Park,2,33.3,India,Ireland,V Kohli,AM Rahane,AR Cusack,4,0,,,,,,,,,
656465,2014/15,2015-03-10,Seddon Park,2,33.4,India,Ireland,V Kohli,AM Rahane,AR Cusack,1,0,,,,,,,,,
656465,2014/15,2015-03-10,Seddon Park,2,33.5,India,Ireland,AM Rahane,V Kohli,AR Cusack,1,0,,,,,,,,,
656465,2014/15,2015-03-10,Seddon Park,2,33.6,India,Ireland,V Kohli,AM Rahane,AR Cusack,0,0,,,,,,,,,
656465,2014/15,2015-03-10,Seddon Park,2,34.1,India,Ireland,AM Rahane,V Kohli,JF Mooney,0,0,,,,,,,,,
656465,2014/15,2015-03-10,Seddon Park,2,34.2,India,Ireland,AM Rahane,V Kohli,JF Mooney,0,0,,,,,,,,,
656465,2014/15,2015-03-10,Seddon Park,2,34.3,India,Ireland,AM Rahane,V Kohli,JF Mooney,1,0,,,,,,,,,
656465,2014/15,2015-03-10,Seddon Park,2,34.4,India,Ireland,V Kohli,AM Rahane,JF Mooney,1,0,,,,,,,,,
656465,2014/15,2015-03-10,Seddon Park,2,34.5,India,Ireland,AM Rahane,V Kohli,JF Mooney,0,0,,,,,,,,,
656465,2014/15,2015-03-10,Seddon Park,2,34.6,India,Ireland,AM Rahane,V Kohli,JF Mooney,4,0,,,,,,,,,
656465,2014/15,2015-03-10,Seddon Park,2,35.1,India,Ireland,V Kohli,AM Rahane,AR Cusack,0,1,1,,,,,,,,
656465,2014/15,2015-03-10,Seddon Park,2,35.2,India,Ireland,V Kohli,AM Rahane,AR Cusack,1,0,,,,,,,,,
656465,2014/15,2015-03-10,Seddon Park,2,35.3,India,Ireland,AM Rahane,V Kohli,AR Cusack,4,0,,,,,,,,,
656465,2014/15,2015-03-10,Seddon Park,2,35.4,India,Ireland,AM Rahane,V Kohli,AR Cusack,0,0,,,,,,,,,
656465,2014/15,2015-03-10,Seddon Park,2,35.5,India,Ireland,AM Rahane,V Kohli,AR Cusack,1,0,,,,,,,,,
656465,2014/15,2015-03-10,Seddon Park,2,35.6,India,Ireland,V Kohli,AM Rahane,AR Cusack,4,0,,,,,,,,,
656465,2014/15,2015-03-10,Seddon Park,2,35.7,India,Ireland,V Kohli,AM Rahane,AR Cusack,1,0,,,,,,,,,
656465,2014/15,2015-03-10,Seddon Park,2,36.1,India,Ireland,V Kohli,AM Rahane,KJ O'Brien,1,0,,,,,,,,,
656465,2014/15,2015-03-10,Seddon Park,2,36.2,India,Ireland,AM Rahane,V Kohli,KJ O'Brien,1,0,,,,,,,,,
656465,2014/15,2015-03-10,Seddon Park,2,36.3,India,Ireland,V Kohli,AM Rahane,KJ O'Brien,0,0,,,,,,,,,
656465,2014/15,2015-03-10,Seddon Park,2,36.4,India,Ireland,V Kohli,AM Rahane,KJ O'Brien,0,0,,,,,,,,,
656465,2014/15,2015-03-10,Seddon Park,2,36.5,India,Ireland,V Kohli,AM Rahane,KJ O'Brien,4,0,,,,,,,,,
