match_id,season,start_date,venue,innings,ball,batting_team,bowling_team,striker,non_striker,bowler,runs_off_bat,extras,wides,noballs,byes,legbyes,penalty,wicket_type,player_dismissed,other_wicket_type,other_player_dismissed
656457,2014/15,2015-03-07,Bellerive Oval,1,0.1,Ireland,Zimbabwe,WTS Porterfield,PR Stirling,T Panyangara,0,0,,,,,,,,,
656457,2014/15,2015-03-07,Bellerive Oval,1,0.2,Ireland,Zimbabwe,WTS Porterfield,PR Stirling,T Panyangara,1,0,,,,,,,,,
656457,2014/15,2015-03-07,Bellerive Oval,1,0.3,Ireland,Zimbabwe,PR Stirling,WTS Porterfield,T Panyangara,0,0,,,,,,,,,
656457,2014/15,2015-03-07,Bellerive Oval,1,0.4,Ireland,Zimbabwe,PR Stirling,WTS Porterfield,T Panyangara,4,0,,,,,,,,,
656457,2014/15,2015-03-07,Bellerive Oval,1,0.5,Ireland,Zimbabwe,PR Stirling,WTS Porterfield,T Panyangara,0,0,,,,,,,,,
656457,2014/15,2015-03-07,Bellerive Oval,1,0.6,Ireland,Zimbabwe,PR Stirling,WTS Porterfield,T Panyangara,4,0,,,,,,,,,
656457,2014/15,2015-03-07,Bellerive Oval,1,1.1,Ireland,Zimbabwe,WTS Porterfield,PR Stirling,TL Chatara,0,0,,,,,,,,,
656457,2014/15,2015-03-07,Bellerive Oval,1,1.2,Ireland,Zimbabwe,WTS Porterfield,PR Stirling,TL Chatara,0,0,,,,,,,,,
656457,2014/15,2015-03-07,Bellerive Oval,1,1.3,Ireland,Zimbabwe,WTS Porterfield,PR Stirling,TL Chatara,0,1,1,,,,,,,,
656457,2014/15,2015-03-07,Bellerive Oval,1,1.4,Ireland,Zimbabwe,WTS Porterfield,PR Stirling,TL Chatara,1,0,,,,,,,,,
656457,2014/15,2015-03-07,Bellerive Oval,1,1.5,Ireland,Zimbabwe,PR Stirling,WTS Porterfield,TL Chatara,0,0,,,,,,,,,
656457,2014/15,2015-03-07,Bellerive Oval,1,1.6,Ireland,Zimbabwe,PR Stirling,WTS Porterfield,TL Chatara,0,0,,,,,,,,,
656457,2014/15,2015-03-07,Bellerive Oval,1,1.7,Ireland,Zimbabwe,PR Stirling,WTS Porterfield,TL Chatara,0,0,,,,,,,,,
656457,2014/15,2015-03-07,Bellerive Oval,1,2.1,Ireland,Zimbabwe,WTS Porterfield,PR Stirling,T Panyangara,0,0,,,,,,,,,
656457,2014/15,2015-03-07,Bellerive Oval,1,2.2,Ireland,Zimbabwe,WTS Porterfield,PR Stirling,T Panyangara,3,0,,,,,,,,,
656457,2014/15,2015-03-07,Bellerive Oval,1,2.3,Ireland,Zimbabwe,PR Stirling,WTS Porterfield,T Panyangara,2,0,,,,,,,,,
656457,2014/15,2015-03-07,Bellerive Oval,1,2.4,Ireland,Zimbabwe,PR Stirling,WTS Porterfield,T Panyangara,0,0,,,,,,,,,
656457,2014/15,2015-03-07,Bellerive Oval,1,2.5,Ireland,Zimbabwe,PR Stirling,WTS Porterfield,T Panyangara,0,0,,,,,,,,,
656457,2014/15,2015-03-07,Bellerive Oval,1,2.6,Ireland,Zimbabwe,PR Stirling,WTS Porterfield,T Panyangara,0,0,,,,,,caught,PR Stirling,,
656457,2014/15,2015-03-07,Bellerive Oval,1,3.1,Ireland,Zimbabwe,WTS Porterfield,EC Joyce,TL Chatara,0,0,,,,,,,,,
656457,2014/15,2015-03-07,Bellerive Oval,1,3.2,Ireland,Zimbabwe,WTS Porterfield,EC Joyce,TL Chatara,2,0,,,,,,,,,
656457,2014/15,2015-03-07,Bellerive Oval,1,3.3,Ireland,Zimbabwe,WTS Porterfield,EC Joyce,TL Chatara,0,0,,,,,,,,,
656457,2014/15,2015-03-07,Bellerive Oval,1,3.4,Ireland,Zimbabwe,WTS Porterfield,EC Joyce,TL Chatara,0,0,,,,,,,,,
656457,2014/15,2015-03-07,Bellerive Oval,1,3.5,Ireland,Zimbabwe,WTS Porterfield,EC Joyce,TL Chatara,0,0,,,,,,,,,
656457,2014/15,2015-03-07,Bellerive Oval,1,3.6,Ireland,Zimbabwe,WTS Porterfield,EC Joyce,TL Chatara,0,0,,,,,,,,,
656457,2014/15,2015-03-07,Bellerive Oval,1,4.1,Ireland,Zimbabwe,EC Joyce,WTS Porterfield,T Panyangara,0,0,,,,,,,,,
656457,2014/15,2015-03-07,Bellerive Oval,1,4.2,Ireland,Zimbabwe,EC Joyce,WTS Porterfield,T Panyangara,1,0,,,,,,,,,
656457,2014/15,2015-03-07,Bellerive Oval,1,4.3,Ireland,Zimbabwe,WTS Porterfield,EC Joyce,T Panyangara,0,0,,,,,,,,,
656457,2014/15,2015-03-07,Bellerive Oval,1,4.4,Ireland,Zimbabwe,WTS Porterfield,EC Joyce,T Panyangara,0,0,,,,,,,,,
656457,2014/15,2015-03-07,Bellerive Oval,1,4.5,Ireland,Zimbabwe,WTS Porterfield,EC Joyce,T Panyangara,1,0,,,,,,,,,
656457,2014/15,2015-03-07,Bellerive Oval,1,4.6,Ireland,Zimbabwe,EC Joyce,WTS Porterfield,T Panyangara,1,0,,,,,,,,,
656457,2014/15,2015-03-07,Bellerive Oval,1,5.1,Ireland,Zimbabwe,EC Joyce,WTS Porterfield,TL Chatara,1,0,,,,,,,,,
656457,2014/15,2015-03-07,Bellerive Oval,1,5.2,Ireland,Zimbabwe,WTS Porterfield,EC Joyce,TL Chatara,0,0,,,,,,,,,
656457,2014/15,2015-03-07,Bellerive Oval,1,5.3,Ireland,Zimbabwe,WTS Porterfield,EC Joyce,TL Chatara,0,0,,,,,,,,,
656457,2014/15,2015-03-07,Bellerive Oval,1,5.4,Ireland,Zimbabwe,WTS Porterfield,EC Joyce,TL Chatara,0,0,,,,,,,,,
656457,2014/15,2015-03-07,Bellerive Oval,1,5.5,Ireland,Zimbabwe,WTS Porterfield,EC Joyce,TL Chatara,1,0,,,,,,,,,
656457,2014/15,2015-03-07,Bellerive Oval,1,5.6,Ireland,Zimbabwe,EC Joyce,WTS Porterfield,TL Chatara,0,0,,,,,,,,,
656457,2014/15,2015-03-07,Bellerive Oval,1,6.1,Ireland,Zimbabwe,WTS Porterfield,EC Joyce,T Panyangara,0,0,,,,,,,,,
656457,2014/15,2015-03-07,Bellerive Oval,1,6.2,Ireland,Zimbabwe,WTS Porterfield,EC Joyce,T Panyangara,0,0,,,,,,,,,
656457,2014/15,2015-03-07,Bellerive Oval,1,6.3,Ireland,Zimbabwe,WTS Porterfield,EC Joyce,T Panyangara,0,0,,,,,,,,,
656457,2014/15,2015-03-07,Bellerive Oval,1,6.4,Ireland,Zimbabwe,WTS Porterfield,EC Joyce,T Panyangara,0,0,,,,,,,,,
656457,2014/15,2015-03-07,Bellerive Oval,1,6.5,Ireland,Zimbabwe,WTS Porterfield,EC Joyce,T Panyangara,0,0,,,,,,,,,
656457,2014/15,2015-03-07,Bellerive Oval,1,6.6,Ireland,Zimbabwe,WTS Porterfield,EC Joyce,T Panyangara,4,0,,,,,,,,,
656457,2014/15,2015-03-07,Bellerive Oval,1,7.1,Ireland,Zimbabwe,EC Joyce,WTS Porterfield,TL Chatara,1,0,,,,,,,,,
656457,2014/15,2015-03-07,Bellerive Oval,1,7.2,Ireland,Zimbabwe,WTS Porterfield,EC Joyce,TL Chatara,1,0,,,,,,,,,
656457,2014/15,2015-03-07,Bellerive Oval,1,7.3,Ireland,Zimbabwe,EC Joyce,WTS Porterfield,TL Chatara,0,0,,,,,,,,,
656457,2014/15,2015-03-07,Bellerive Oval,1,7.4,Ireland,Zimbabwe,EC Joyce,WTS Porterfield,TL Chatara,0,0,,,,,,,,,
656457,2014/15,2015-03-07,Bellerive Oval,1,7.5,Ireland,Zimbabwe,EC Joyce,WTS Porterfield,TL Chatara,0,1,1,,,,,,,,
656457,2014/15,2015-03-07,Bellerive Oval,1,7.6,Ireland,Zimbabwe,EC Joyce,WTS Porterfield,TL Chatara,0,0,,,,,,,,,
656457,2014/15,2015-03-07,Bellerive Oval,1,7.7,Ireland,Zimbabwe,EC Joyce,WTS Porterfield,TL Chatara,4,0,,,,,,,,,
656457,2014/15,2015-03-07,Bellerive Oval,1,8.1,Ireland,Zimbabwe,WTS Porterfield,EC Joyce,T Panyangara,0,0,,,,,,,,,
656457,2014/15,2015-03-07,Bellerive Oval,1,8.2,Ireland,Zimbabwe,WTS Porterfield,EC Joyce,T Panyangara,0,0,,,,,,,,,
656457,2014/15,2015-03-07,Bellerive Oval,1,8.3,Ireland,Zimbabwe,WTS Porterfield,EC Joyce,T Panyangara,0,0,,,,,,,,,
656457,2014/15,2015-03-07,Bellerive Oval,1,8.4,Ireland,Zimbabwe,WTS Porterfield,EC Joyce,T Panyangara,2,0,,,,,,,,,
656457,2014/15,2015-03-07,Bellerive Oval,1,8.5,Ireland,Zimbabwe,WTS Porterfield,EC Joyce,T Panyangara,0,0,,,,,,,,,
656457,2014/15,2015-03-07,Bellerive Oval,1,8.6,Ireland,Zimbabwe,WTS Porterfield,EC Joyce,T Panyangara,0,0,,,,,,,,,
656457,2014/15,2015-03-07,Bellerive Oval,1,9.1,Ireland,Zimbabwe,EC Joyce,WTS Porterfield,TL Chatara,0,0,,,,,,,,,
656457,2014/15,2015-03-07,Bellerive Oval,1,9.2,Ireland,Zimbabwe,EC Joyce,WTS Porterfield,TL Chatara,0,0,,,,,,,,,
656457,2014/15,2015-03-07,Bellerive Oval,1,9.3,Ireland,Zimbabwe,EC Joyce,WTS Porterfield,TL Chatara,4,0,,,,,,,,,
656457,2014/15,2015-03-07,Bellerive Oval,1,9.4,Ireland,Zimbabwe,EC Joyce,WTS Porterfield,TL Chatara,1,0,,,,,,,,,
656457,2014/15,2015-03-07,Bellerive Oval,1,9.5,Ireland,Zimbabwe,WTS Porterfield,EC Joyce,TL Chatara,0,0,,,,,,,,,
656457,2014/15,2015-03-07,Bellerive Oval,1,9.6,Ireland,Zimbabwe,WTS Porterfield,EC Joyce,TL Chatara,0,0,,,,,,,,,
656457,2014/15,2015-03-07,Bellerive Oval,1,10.1,Ireland,Zimbabwe,EC Joyce,WTS Porterfield,T Panyangara,1,0,,,,,,,,,
656457,2014/15,2015-03-07,Bellerive Oval,1,10.2,Ireland,Zimbabwe,WTS Porterfield,EC Joyce,T Panyangara,0,0,,,,,,,,,
656457,2014/15,2015-03-07,Bellerive Oval,1,10.3,Ireland,Zimbabwe,WTS Porterfield,EC Joyce,T Panyangara,1,0,,,,,,,,,
656457,2014/15,2015-03-07,Bellerive Oval,1,10.4,Ireland,Zimbabwe,EC Joyce,WTS Porterfield,T Panyangara,0,0,,,,,,,,,
656457,2014/15,2015-03-07,Bellerive Oval,1,10.5,Ireland,Zimbabwe,EC Joyce,WTS Porterfield,T Panyangara,0,0,,,,,,,,,
656457,2014/15,2015-03-07,Bellerive Oval,1,10.6,Ireland,Zimbabwe,EC Joyce,WTS Porterfield,T Panyangara,1,0,,,,,,,,,
656457,2014/15,2015-03-07,Bellerive Oval,1,11.1,Ireland,Zimbabwe,EC Joyce,WTS Porterfield,T Mupariwa,0,0,,,,,,,,,
656457,2014/15,2015-03-07,Bellerive Oval,1,11.2,Ireland,Zimbabwe,EC Joyce,WTS Porterfield,T Mupariwa,0,0,,,,,,,,,
656457,2014/15,2015-03-07,Bellerive Oval,1,11.3,Ireland,Zimbabwe,EC Joyce,WTS Porterfield,T Mupariwa,0,0,,,,,,,,,
656457,2014/15,2015-03-07,Bellerive Oval,1,11.4,Ireland,Zimbabwe,EC Joyce,WTS Porterfield,T Mupariwa,0,0,,,,,,,,,
656457,2014/15,2015-03-07,Bellerive Oval,1,11.5,Ireland,Zimbabwe,EC Joyce,WTS Porterfield,T Mupariwa,1,0,,,,,,,,,
656457,2014/15,2015-03-07,Bellerive Oval,1,11.6,Ireland,Zimbabwe,WTS Porterfield,EC Joyce,T Mupariwa,0,0,,,,,,,,,
656457,2014/15,2015-03-07,Bellerive Oval,1,12.1,Ireland,Zimbabwe,EC Joyce,WTS Porterfield,Sikandar Raza,1,0,,,,,,,,,
656457,2014/15,2015-03-07,Bellerive Oval,1,12.2,Ireland,Zimbabwe,WTS Porterfield,EC Joyce,Sikandar Raza,0,0,,,,,,,,,
656457,2014/15,2015-03-07,Bellerive Oval,1,12.3,Ireland,Zimbabwe,WTS Porterfield,EC Joyce,Sikandar Raza,0,0,,,,,,,,,
656457,2014/15,2015-03-07,Bellerive Oval,1,12.4,Ireland,Zimbabwe,WTS Porterfield,EC Joyce,Sikandar Raza,1,0,,,,,,,,,
656457,2014/15,2015-03-07,Bellerive Oval,1,12.5,Ireland,Zimbabwe,EC Joyce,WTS Porterfield,Sikandar Raza,1,0,,,,,,,,,
656457,2014/15,2015-03-07,Bellerive Oval,1,12.6,Ireland,Zimbabwe,WTS Porterfield,EC Joyce,Sikandar Raza,2,0,,,,,,,,,
656457,2014/15,2015-03-07,Bellerive Oval,1,13.1,Ireland,Zimbabwe,EC Joyce,WTS Porterfield,T Mupariwa,1,0,,,,,,,,,
656457,2014/15,2015-03-07,Bellerive Oval,1,13.2,Ireland,Zimbabwe,WTS Porterfield,EC Joyce,T Mupariwa,1,0,,,,,,,,,
656457,2014/15,2015-03-07,Bellerive Oval,1,13.3,Ireland,Zimbabwe,EC Joyce,WTS Porterfield,T Mupariwa,0,0,,,,,,,,,
656457,2014/15,2015-03-07,Bellerive Oval,1,13.4,Ireland,Zimbabwe,EC Joyce,WTS Porterfield,T Mupariwa,2,0,,,,,,,,,
656457,2014/15,2015-03-07,Bellerive Oval,1,13.5,Ireland,Zimbabwe,EC Joyce,WTS Porterfield,T Mupariwa,0,0,,,,,,,,,
656457,2014/15,2015-03-07,Bellerive Oval,1,13.6,Ireland,Zimbabwe,EC Joyce,WTS Porterfield,T Mupariwa,0,0,,,,,,,,,
656457,2014/15,2015-03-07,Bellerive Oval,1,14.1,Ireland,Zimbabwe,WTS Porterfield,EC Joyce,Sikandar Raza,0,0,,,,,,,,,
656457,2014/15,2015-03-07,Bellerive Oval,1,14.2,Ireland,Zimbabwe,WTS Porterfield,EC Joyce,Sikandar Raza,0,0,,,,,,,,,
656457,2014/15,2015-03-07,Bellerive Oval,1,14.3,Ireland,Zimbabwe,WTS Porterfield,EC Joyce,Sikandar Raza,0,0,,,,,,,,,
656457,2014/15,2015-03-07,Bellerive Oval,1,14.4,Ireland,Zimbabwe,WTS Porterfield,EC Joyce,Sikandar Raza,1,0,,,,,,,,,
656457,2014/15,2015-03-07,Bellerive Oval,1,14.5,Ireland,Zimbabwe,EC Joyce,WTS Porterfield,Sikandar Raza,0,0,,,,,,,,,
656457,2014/15,2015-03-07,Bellerive Oval,1,14.6,Ireland,Zimbabwe,EC Joyce,WTS Porterfield,Sikandar Raza,1,0,,,,,,,,,
656457,2014/15,2015-03-07,Bellerive Oval,1,15.1,Ireland,Zimbabwe,EC Joyce,WTS Porterfield,T Mupariwa,0,0,,,,,,,,,
656457,2014/15,2015-03-07,Bellerive Oval,1,15.2,Ireland,Zimbabwe,EC Joyce,WTS Porterfield,T Mupariwa,2,0,,,,,,,,,
656457,2014/15,2015-03-07,Bellerive Oval,1,15.3,Ireland,Zimbabwe,EC Joyce,WTS Porterfield,T Mupariwa,0,0,,,,,,,,,
656457,2014/15,2015-03-07,Bellerive Oval,1,15.4,Ireland,Zimbabwe,EC Joyce,WTS Porterfield,T Mupariwa,1,0,,,,,,,,,
656457,2014/15,2015-03-07,Bellerive Oval,1,15.5,Ireland,Zimbabwe,WTS Porterfield,EC Joyce,T Mupariwa,0,0,,,,,,,,,
656457,2014/15,2015-03-07,Bellerive Oval,1,15.6,Ireland,Zimbabwe,WTS Porterfield,EC Joyce,T Mupariwa,0,0,,,,,,,,,
656457,2014/15,2015-03-07,Bellerive Oval,1,16.1,Ireland,Zimbabwe,EC Joyce,WTS Porterfield,Sikandar Raza,1,0,,,,,,,,,
656457,2014/15,2015-03-07,Bellerive Oval,1,16.2,Ireland,Zimbabwe,WTS Porterfield,EC Joyce,Sikandar Raza,1,0,,,,,,,,,
656457,2014/15,2015-03-07,Bellerive Oval,1,16.3,Ireland,Zimbabwe,EC Joyce,WTS Porterfield,Sikandar Raza,0,0,,,,,,,,,
656457,2014/15,2015-03-07,Bellerive Oval,1,16.4,Ireland,Zimbabwe,EC Joyce,WTS Porterfield,Sikandar Raza,2,0,,,,,,,,,
656457,2014/15,2015-03-07,Bellerive Oval,1,16.5,Ireland,Zimbabwe,EC Joyce,WTS Porterfield,Sikandar Raza,0,0,,,,,,,,,
656457,2014/15,2015-03-07,Bellerive Oval,1,16.6,Ireland,Zimbabwe,EC Joyce,WTS Porterfield,Sikandar Raza,1,0,,,,,,,,,
656457,2014/15,2015-03-07,Bellerive Oval,1,17.1,Ireland,Zimbabwe,EC Joyce,WTS Porterfield,T Mupariwa,4,0,,,,,,,,,
656457,2014/15,2015-03-07,Bellerive Oval,1,17.2,Ireland,Zimbabwe,EC Joyce,WTS Porterfield,T Mupariwa,1,0,,,,,,,,,
656457,2014/15,2015-03-07,Bellerive Oval,1,17.3,Ireland,Zimbabwe,WTS Porterfield,EC Joyce,T Mupariwa,0,0,,,,,,,,,
656457,2014/15,2015-03-07,Bellerive Oval,1,17.4,Ireland,Zimbabwe,WTS Porterfield,EC Joyce,T Mupariwa,0,0,,,,,,,,,
656457,2014/15,2015-03-07,Bellerive Oval,1,17.5,Ireland,Zimbabwe,WTS Porterfield,EC Joyce,T Mupariwa,1,0,,,,,,,,,
656457,2014/15,2015-03-07,Bellerive Oval,1,17.6,Ireland,Zimbabwe,EC Joyce,WTS Porterfield,T Mupariwa,0,0,,,,,,,,,
656457,2014/15,2015-03-07,Bellerive Oval,1,18.1,Ireland,Zimbabwe,WTS Porterfield,EC Joyce,SC Williams,2,0,,,,,,,,,
656457,2014/15,2015-03-07,Bellerive Oval,1,18.2,Ireland,Zimbabwe,WTS Porterfield,EC Joyce,SC Williams,0,0,,,,,,,,,
656457,2014/15,2015-03-07,Bellerive Oval,1,18.3,Ireland,Zimbabwe,WTS Porterfield,EC Joyce,SC Williams,0,0,,,,,,,,,
656457,2014/15,2015-03-07,Bellerive Oval,1,18.4,Ireland,Zimbabwe,WTS Porterfield,EC Joyce,SC Williams,0,0,,,,,,,,,
656457,2014/15,2015-03-07,Bellerive Oval,1,18.5,Ireland,Zimbabwe,WTS Porterfield,EC Joyce,SC Williams,2,0,,,,,,,,,
656457,2014/15,2015-03-07,Bellerive Oval,1,18.6,Ireland,Zimbabwe,WTS Porterfield,EC Joyce,SC Williams,0,0,,,,,,,,,
656457,2014/15,2015-03-07,Bellerive Oval,1,19.1,Ireland,Zimbabwe,EC Joyce,WTS Porterfield,T Mupariwa,0,0,,,,,,,,,
656457,2014/15,2015-03-07,Bellerive Oval,1,19.2,Ireland,Zimbabwe,EC Joyce,WTS Porterfield,T Mupariwa,0,1,1,,,,,,,,
656457,2014/15,2015-03-07,Bellerive Oval,1,19.3,Ireland,Zimbabwe,EC Joyce,WTS Porterfield,T Mupariwa,2,0,,,,,,,,,
656457,2014/15,2015-03-07,Bellerive Oval,1,19.4,Ireland,Zimbabwe,EC Joyce,WTS Porterfield,T Mupariwa,0,0,,,,,,,,,
656457,2014/15,2015-03-07,Bellerive Oval,1,19.5,Ireland,Zimbabwe,EC Joyce,WTS Porterfield,T Mupariwa,1,0,,,,,,,,,
656457,2014/15,2015-03-07,Bellerive Oval,1,19.6,Ireland,Zimbabwe,WTS Porterfield,EC Joyce,T Mupariwa,1,0,,,,,,,,,
656457,2014/15,2015-03-07,Bellerive Oval,1,19.7,Ireland,Zimbabwe,EC Joyce,WTS Porterfield,T Mupariwa,0,0,,,,,,,,,
656457,2014/15,2015-03-07,Bellerive Oval,1,20.1,Ireland,Zimbabwe,WTS Porterfield,EC Joyce,SC Williams,0,0,,,,,,caught,WTS Porterfield,,
656457,2014/15,2015-03-07,Bellerive Oval,1,20.2,Ireland,Zimbabwe,EC Joyce,A Balbirnie,SC Williams,0,0,,,,,,,,,
656457,2014/15,2015-03-07,Bellerive Oval,1,20.3,Ireland,Zimbabwe,EC Joyce,A Balbirnie,SC Williams,0,0,,,,,,,,,
656457,2014/15,2015-03-07,Bellerive Oval,1,20.4,Ireland,Zimbabwe,EC Joyce,A Balbirnie,SC Williams,1,0,,,,,,,,,
656457,2014/15,2015-03-07,Bellerive Oval,1,20.5,Ireland,Zimbabwe,A Balbirnie,EC Joyce,SC Williams,4,0,,,,,,,,,
656457,2014/15,2015-03-07,Bellerive Oval,1,20.6,Ireland,Zimbabwe,A Balbirnie,EC Joyce,SC Williams,0,0,,,,,,,,,
656457,2014/15,2015-03-07,Bellerive Oval,1,21.1,Ireland,Zimbabwe,EC Joyce,A Balbirnie,H Masakadza,1,0,,,,,,,,,
656457,2014/15,2015-03-07,Bellerive Oval,1,21.2,Ireland,Zimbabwe,A Balbirnie,EC Joyce,H Masakadza,0,0,,,,,,,,,
656457,2014/15,2015-03-07,Bellerive Oval,1,21.3,Ireland,Zimbabwe,A Balbirnie,EC Joyce,H Masakadza,0,0,,,,,,,,,
656457,2014/15,2015-03-07,Bellerive Oval,1,21.4,Ireland,Zimbabwe,A Balbirnie,EC Joyce,H Masakadza,0,0,,,,,,,,,
656457,2014/15,2015-03-07,Bellerive Oval,1,21.5,Ireland,Zimbabwe,A Balbirnie,EC Joyce,H Masakadza,1,0,,,,,,,,,
656457,2014/15,2015-03-07,Bellerive Oval,1,21.6,Ireland,Zimbabwe,EC Joyce,A Balbirnie,H Masakadza,1,0,,,,,,,,,
656457,2014/15,2015-03-07,Bellerive Oval,1,22.1,Ireland,Zimbabwe,EC Joyce,A Balbirnie,SC Williams,0,0,,,,,,,,,
656457,2014/15,2015-03-07,Bellerive Oval,1,22.2,Ireland,Zimbabwe,EC Joyce,A Balbirnie,SC Williams,1,0,,,,,,,,,
656457,2014/15,2015-03-07,Bellerive Oval,1,22.3,Ireland,Zimbabwe,A Balbirnie,EC Joyce,SC Williams,1,0,,,,,,,,,
656457,2014/15,2015-03-07,Bellerive Oval,1,22.4,Ireland,Zimbabwe,EC Joyce,A Balbirnie,SC Williams,4,0,,,,,,,,,
656457,2014/15,2015-03-07,Bellerive Oval,1,22.5,Ireland,Zimbabwe,EC Joyce,A Balbirnie,SC Williams,1,0,,,,,,,,,
656457,2014/15,2015-03-07,Bellerive Oval,1,22.6,Ireland,Zimbabwe,A Balbirnie,EC Joyce,SC Williams,0,0,,,,,,,,,
656457,2014/15,2015-03-07,Bellerive Oval,1,23.1,Ireland,Zimbabwe,EC Joyce,A Balbirnie,H Masakadza,0,0,,,,,,,,,
656457,2014/15,2015-03-07,Bellerive Oval,1,23.2,Ireland,Zimbabwe,EC Joyce,A Balbirnie,H Masakadza,1,0,,,,,,,,,
656457,2014/15,2015-03-07,Bellerive Oval,1,23.3,Ireland,Zimbabwe,A Balbirnie,EC Joyce,H Masakadza,1,0,,,,,,,,,
656457,2014/15,2015-03-07,Bellerive Oval,1,23.4,Ireland,Zimbabwe,EC Joyce,A Balbirnie,H Masakadza,0,0,,,,,,,,,
656457,2014/15,2015-03-07,Bellerive Oval,1,23.5,Ireland,Zimbabwe,EC Joyce,A Balbirnie,H Masakadza,4,0,,,,,,,,,
656457,2014/15,2015-03-07,Bellerive Oval,1,23.6,Ireland,Zimbabwe,EC Joyce,A Balbirnie,H Masakadza,1,0,,,,,,,,,
656457,2014/15,2015-03-07,Bellerive Oval,1,24.1,Ireland,Zimbabwe,EC Joyce,A Balbirnie,SC Williams,4,0,,,,,,,,,
656457,2014/15,2015-03-07,Bellerive Oval,1,24.2,Ireland,Zimbabwe,EC Joyce,A Balbirnie,SC Williams,1,0,,,,,,,,,
656457,2014/15,2015-03-07,Bellerive Oval,1,24.3,Ireland,Zimbabwe,A Balbirnie,EC Joyce,SC Williams,0,0,,,,,,,,,
656457,2014/15,2015-03-07,Bellerive Oval,1,24.4,Ireland,Zimbabwe,A Balbirnie,EC Joyce,SC Williams,1,0,,,,,,,,,
656457,2014/15,2015-03-07,Bellerive Oval,1,24.5,Ireland,Zimbabwe,EC Joyce,A Balbirnie,SC Williams,1,0,,,,,,,,,
656457,2014/15,2015-03-07,Bellerive Oval,1,24.6,Ireland,Zimbabwe,A Balbirnie,EC Joyce,SC Williams,1,0,,,,,,,,,
656457,2014/15,2015-03-07,Bellerive Oval,1,25.1,Ireland,Zimbabwe,A Balbirnie,EC Joyce,Sikandar Raza,0,0,,,,,,,,,
656457,2014/15,2015-03-07,Bellerive Oval,1,25.2,Ireland,Zimbabwe,A Balbirnie,EC Joyce,Sikandar Raza,0,0,,,,,,,,,
656457,2014/15,2015-03-07,Bellerive Oval,1,25.3,Ireland,Zimbabwe,A Balbirnie,EC Joyce,Sikandar Raza,1,0,,,,,,,,,
656457,2014/15,2015-03-07,Bellerive Oval,1,25.4,Ireland,Zimbabwe,EC Joyce,A Balbirnie,Sikandar Raza,6,0,,,,,,,,,
656457,2014/15,2015-03-07,Bellerive Oval,1,25.5,Ireland,Zimbabwe,EC Joyce,A Balbirnie,Sikandar Raza,0,0,,,,,,,,,
656457,2014/15,2015-03-07,Bellerive Oval,1,25.6,Ireland,Zimbabwe,EC Joyce,A Balbirnie,Sikandar Raza,1,0,,,,,,,,,
656457,2014/15,2015-03-07,Bellerive Oval,1,26.1,Ireland,Zimbabwe,EC Joyce,A Balbirnie,SC Williams,1,0,,,,,,,,,
656457,2014/15,2015-03-07,Bellerive Oval,1,26.2,Ireland,Zimbabwe,A Balbirnie,EC Joyce,SC Williams,0,0,,,,,,,,,
656457,2014/15,2015-03-07,Bellerive Oval,1,26.3,Ireland,Zimbabwe,A Balbirnie,EC Joyce,SC Williams,4,0,,,,,,,,,
656457,2014/15,2015-03-07,Bellerive Oval,1,26.4,Ireland,Zimbabwe,A Balbirnie,EC Joyce,SC Williams,0,0,,,,,,,,,
656457,2014/15,2015-03-07,Bellerive Oval,1,26.5,Ireland,Zimbabwe,A Balbirnie,EC Joyce,SC Williams,2,0,,,,,,,,,
656457,2014/15,2015-03-07,Bellerive Oval,1,26.6,Ireland,Zimbabwe,A Balbirnie,EC Joyce,SC Williams,1,0,,,,,,,,,
656457,2014/15,2015-03-07,Bellerive Oval,1,27.1,Ireland,Zimbabwe,A Balbirnie,EC Joyce,Sikandar Raza,0,0,,,,,,,,,
656457,2014/15,2015-03-07,Bellerive Oval,1,27.2,Ireland,Zimbabwe,A Balbirnie,EC Joyce,Sikandar Raza,0,0,,,,,,,,,
656457,2014/15,2015-03-07,Bellerive Oval,1,27.3,Ireland,Zimbabwe,A Balbirnie,EC Joyce,Sikandar Raza,0,0,,,,,,,,,
656457,2014/15,2015-03-07,Bellerive Oval,1,27.4,Ireland,Zimbabwe,A Balbirnie,EC Joyce,Sikandar Raza,0,0,,,,,,,,,
656457,2014/15,2015-03-07,Bellerive Oval,1,27.5,Ireland,Zimbabwe,A Balbirnie,EC Joyce,Sikandar Raza,1,0,,,,,,,,,
656457,2014/15,2015-03-07,Bellerive Oval,1,27.6,Ireland,Zimbabwe,EC Joyce,A Balbirnie,Sikandar Raza,1,0,,,,,,,,,
656457,2014/15,2015-03-07,Bellerive Oval,1,28.1,Ireland,Zimbabwe,EC Joyce,A Balbirnie,T Panyangara,4,1,,1,,,,,,,
656457,2014/15,2015-03-07,Bellerive Oval,1,28.2,Ireland,Zimbabwe,EC Joyce,A Balbirnie,T Panyangara,0,0,,,,,,,,,
656457,2014/15,2015-03-07,Bellerive Oval,1,28.3,Ireland,Zimbabwe,EC Joyce,A Balbirnie,T Panyangara,1,0,,,,,,,,,
656457,2014/15,2015-03-07,Bellerive Oval,1,28.4,Ireland,Zimbabwe,A Balbirnie,EC Joyce,T Panyangara,2,0,,,,,,,,,
656457,2014/15,2015-03-07,Bellerive Oval,1,28.5,Ireland,Zimbabwe,A Balbirnie,EC Joyce,T Panyangara,0,0,,,,,,,,,
656457,2014/15,2015-03-07,Bellerive Oval,1,28.6,Ireland,Zimbabwe,A Balbirnie,EC Joyce,T Panyangara,1,0,,,,,,,,,
656457,2014/15,2015-03-07,Bellerive Oval,1,28.7,Ireland,Zimbabwe,EC Joyce,A Balbirnie,T Panyangara,1,0,,,,,,,,,
656457,2014/15,2015-03-07,Bellerive Oval,1,29.1,Ireland,Zimbabwe,EC Joyce,A Balbirnie,TL Chatara,6,0,,,,,,,,,
656457,2014/15,2015-03-07,Bellerive Oval,1,29.2,Ireland,Zimbabwe,EC Joyce,A Balbirnie,TL Chatara,1,0,,,,,,,,,
656457,2014/15,2015-03-07,Bellerive Oval,1,29.3,Ireland,Zimbabwe,A Balbirnie,EC Joyce,TL Chatara,1,0,,,,,,,,,
656457,2014/15,2015-03-07,Bellerive Oval,1,29.4,Ireland,Zimbabwe,EC Joyce,A Balbirnie,TL Chatara,1,0,,,,,,,,,
656457,2014/15,2015-03-07,Bellerive Oval,1,29.5,Ireland,Zimbabwe,A Balbirnie,EC Joyce,TL Chatara,0,0,,,,,,,,,
656457,2014/15,2015-03-07,Bellerive Oval,1,29.6,Ireland,Zimbabwe,A Balbirnie,EC Joyce,TL Chatara,0,0,,,,,,,,,
656457,2014/15,2015-03-07,Bellerive Oval,1,30.1,Ireland,Zimbabwe,EC Joyce,A Balbirnie,Sikandar Raza,0,0,,,,,,,,,
656457,2014/15,2015-03-07,Bellerive Oval,1,30.2,Ireland,Zimbabwe,EC Joyce,A Balbirnie,Sikandar Raza,1,0,,,,,,,,,
656457,2014/15,2015-03-07,Bellerive Oval,1,30.3,Ireland,Zimbabwe,A Balbirnie,EC Joyce,Sikandar Raza,1,0,,,,,,,,,
656457,2014/15,2015-03-07,Bellerive Oval,1,30.4,Ireland,Zimbabwe,EC Joyce,A Balbirnie,Sikandar Raza,0,0,,,,,,,,,
656457,2014/15,2015-03-07,Bellerive Oval,1,30.5,Ireland,Zimbabwe,EC Joyce,A Balbirnie,Sikandar Raza,1,0,,,,,,,,,
656457,2014/15,2015-03-07,Bellerive Oval,1,30.6,Ireland,Zimbabwe,A Balbirnie,EC Joyce,Sikandar Raza,1,0,,,,,,,,,
656457,2014/15,2015-03-07,Bellerive Oval,1,31.1,Ireland,Zimbabwe,A Balbirnie,EC Joyce,H Masakadza,4,0,,,,,,,,,
656457,2014/15,2015-03-07,Bellerive Oval,1,31.2,Ireland,Zimbabwe,A Balbirnie,EC Joyce,H Masakadza,1,0,,,,,,,,,
656457,2014/15,2015-03-07,Bellerive Oval,1,31.3,Ireland,Zimbabwe,EC Joyce,A Balbirnie,H Masakadza,1,0,,,,,,,,,
656457,2014/15,2015-03-07,Bellerive Oval,1,31.4,Ireland,Zimbabwe,A Balbirnie,EC Joyce,H Masakadza,1,0,,,,,,,,,
656457,2014/15,2015-03-07,Bellerive Oval,1,31.5,Ireland,Zimbabwe,EC Joyce,A Balbirnie,H Masakadza,1,0,,,,,,,,,
656457,2014/15,2015-03-07,Bellerive Oval,1,31.6,Ireland,Zimbabwe,A Balbirnie,EC Joyce,H Masakadza,0,1,,,,1,,,,,
656457,2014/15,2015-03-07,Bellerive Oval,1,32.1,Ireland,Zimbabwe,A Balbirnie,EC Joyce,SC Williams,0,0,,,,,,,,,
656457,2014/15,2015-03-07,Bellerive Oval,1,32.2,Ireland,Zimbabwe,A Balbirnie,EC Joyce,SC Williams,1,0,,,,,,,,,
656457,2014/15,2015-03-07,Bellerive Oval,1,32.3,Ireland,Zimbabwe,EC Joyce,A Balbirnie,SC Williams,1,0,,,,,,,,,
656457,2014/15,2015-03-07,Bellerive Oval,1,32.4,Ireland,Zimbabwe,A Balbirnie,EC Joyce,SC Williams,1,0,,,,,,,,,
656457,2014/15,2015-03-07,Bellerive Oval,1,32.5,Ireland,Zimbabwe,EC Joyce,A Balbirnie,SC Williams,1,0,,,,,,,,,
656457,2014/15,2015-03-07,Bellerive Oval,1,32.6,Ireland,Zimbabwe,A Balbirnie,EC Joyce,SC Williams,1,0,,,,,,,,,
656457,2014/15,2015-03-07,Bellerive Oval,1,33.1,Ireland,Zimbabwe,A Balbirnie,EC Joyce,Sikandar Raza,2,0,,,,,,,,,
656457,2014/15,2015-03-07,Bellerive Oval,1,33.2,Ireland,Zimbabwe,A Balbirnie,EC Joyce,Sikandar Raza,0,1,,,,1,,,,,
656457,2014/15,2015-03-07,Bellerive Oval,1,33.3,Ireland,Zimbabwe,EC Joyce,A Balbirnie,Sikandar Raza,1,0,,,,,,,,,
656457,2014/15,2015-03-07,Bellerive Oval,1,33.4,Ireland,Zimbabwe,A Balbirnie,EC Joyce,Sikandar Raza,0,0,,,,,,,,,
656457,2014/15,2015-03-07,Bellerive Oval,1,33.5,Ireland,Zimbabwe,A Balbirnie,EC Joyce,Sikandar Raza,1,0,,,,,,,,,
656457,2014/15,2015-03-07,Bellerive Oval,1,33.6,Ireland,Zimbabwe,EC Joyce,A Balbirnie,Sikandar Raza,1,0,,,,,,,,,
656457,2014/15,2015-03-07,Bellerive Oval,1,34.1,Ireland,Zimbabwe,EC Joyce,A Balbirnie,SC Williams,0,0,,,,,,,,,
656457,2014/15,2015-03-07,Bellerive Oval,1,34.2,Ireland,Zimbabwe,EC Joyce,A Balbirnie,SC Williams,4,0,,,,,,,,,
656457,2014/15,2015-03-07,Bellerive Oval,1,34.3,Ireland,Zimbabwe,EC Joyce,A Balbirnie,SC Williams,1,0,,,,,,,,,
656457,2014/15,2015-03-07,Bellerive Oval,1,34.4,Ireland,Zimbabwe,A Balbirnie,EC Joyce,SC Williams,1,0,,,,,,,,,
656457,2014/15,2015-03-07,Bellerive Oval,1,34.5,Ireland,Zimbabwe,EC Joyce,A Balbirnie,SC Williams,0,1,1,,,,,,,,
656457,2014/15,2015-03-07,Bellerive Oval,1,34.6,Ireland,Zimbabwe,EC Joyce,A Balbirnie,SC Williams,1,0,,,,,,,,,
656457,2014/15,2015-03-07,Bellerive Oval,1,34.7,Ireland,Zimbabwe,A Balbirnie,EC Joyce,SC Williams,1,0,,,,,,,,,
656457,2014/15,2015-03-07,Bellerive Oval,1,35.1,Ireland,Zimbabwe,A Balbirnie,EC Joyce,T Mupariwa,0,0,,,,,,,,,
656457,2014/15,2015-03-07,Bellerive Oval,1,35.2,Ireland,Zimbabwe,A Balbirnie,EC Joyce,T Mupariwa,4,0,,,,,,,,,
656457,2014/15,2015-03-07,Bellerive Oval,1,35.3,Ireland,Zimbabwe,A Balbirnie,EC Joyce,T Mupariwa,1,0,,,,,,,,,
656457,2014/15,2015-03-07,Bellerive Oval,1,35.4,Ireland,Zimbabwe,EC Joyce,A Balbirnie,T Mupariwa,1,0,,,,,,,,,
656457,2014/15,2015-03-07,Bellerive Oval,1,35.5,Ireland,Zimbabwe,A Balbirnie,EC Joyce,T Mupariwa,1,0,,,,,,,,,
656457,2014/15,2015-03-07,Bellerive Oval,1,35.6,Ireland,Zimbabwe,EC Joyce,A Balbirnie,T Mupariwa,0,0,,,,,,,,,
656457,2014/15,2015-03-07,Bellerive Oval,1,36.1,Ireland,Zimbabwe,A Balbirnie,EC Joyce,T Panyangara,1,0,,,,,,,,,
656457,2014/15,2015-03-07,Bellerive Oval,1,36.2,Ireland,Zimbabwe,EC Joyce,A Balbirnie,T Panyangara,2,0,,,,,,,,,
656457,2014/15,2015-03-07,Bellerive Oval,1,36.3,Ireland,Zimbabwe,EC Joyce,A Balbirnie,T Panyangara,2,0,,,,,,,,,
656457,2014/15,2015-03-07,Bellerive Oval,1,36.4,Ireland,Zimbabwe,EC Joyce,A Balbirnie,T Panyangara,4,0,,,,,,,,,
656457,2014/15,2015-03-07,Bellerive Oval,1,36.5,Ireland,Zimbabwe,EC Joyce,A Balbirnie,T Panyangara,1,0,,,,,,,,,
656457,2014/15,2015-03-07,Bellerive Oval,1,36.6,Ireland,Zimbabwe,A Balbirnie,EC Joyce,T Panyangara,2,0,,,,,,,,,
656457,2014/15,2015-03-07,Bellerive Oval,1,37.1,Ireland,Zimbabwe,EC Joyce,A Balbirnie,Sikandar Raza,0,0,,,,,,,,,
656457,2014/15,2015-03-07,Bellerive Oval,1,37.2,Ireland,Zimbabwe,EC Joyce,A Balbirnie,Sikandar Raza,0,0,,,,,,,,,
656457,2014/15,2015-03-07,Bellerive Oval,1,37.3,Ireland,Zimbabwe,EC Joyce,A Balbirnie,Sikandar Raza,1,0,,,,,,,,,
656457,2014/15,2015-03-07,Bellerive Oval,1,37.4,Ireland,Zimbabwe,A Balbirnie,EC Joyce,Sikandar Raza,6,0,,,,,,,,,
656457,2014/15,2015-03-07,Bellerive Oval,1,37.5,Ireland,Zimbabwe,A Balbirnie,EC Joyce,Sikandar Raza,1,0,,,,,,,,,
656457,2014/15,2015-03-07,Bellerive Oval,1,37.6,Ireland,Zimbabwe,EC Joyce,A Balbirnie,Sikandar Raza,6,0,,,,,,,,,
656457,2014/15,2015-03-07,Bellerive Oval,1,38.1,Ireland,Zimbabwe,A Balbirnie,EC Joyce,TL Chatara,2,0,,,,,,,,,
656457,2014/15,2015-03-07,Bellerive Oval,1,38.2,Ireland,Zimbabwe,A Balbirnie,EC Joyce,TL Chatara,2,0,,,,,,,,,
656457,2014/15,2015-03-07,Bellerive Oval,1,38.3,Ireland,Zimbabwe,A Balbirnie,EC Joyce,TL Chatara,1,0,,,,,,,,,
656457,2014/15,2015-03-07,Bellerive Oval,1,38.4,Ireland,Zimbabwe,EC Joyce,A Balbirnie,TL Chatara,0,0,,,,,,caught,EC Joyce,,
656457,2014/15,2015-03-07,Bellerive Oval,1,38.5,Ireland,Zimbabwe,KJ O'Brien,A Balbirnie,TL Chatara,0,0,,,,,,,,,
656457,2014/15,2015-03-07,Bellerive Oval,1,38.6,Ireland,Zimbabwe,KJ O'Brien,A Balbirnie,TL Chatara,1,0,,,,,,,,,
656457,2014/15,2015-03-07,Bellerive Oval,1,39.1,Ireland,Zimbabwe,KJ O'Brien,A Balbirnie,T Mupariwa,0,0,,,,,,,,,
656457,2014/15,2015-03-07,Bellerive Oval,1,39.2,Ireland,Zimbabwe,KJ O'Brien,A Balbirnie,T Mupariwa,0,0,,,,,,,,,
656457,2014/15,2015-03-07,Bellerive Oval,1,39.3,Ireland,Zimbabwe,KJ O'Brien,A Balbirnie,T Mupariwa,4,0,,,,,,,,,
656457,2014/15,2015-03-07,Bellerive Oval,1,39.4,Ireland,Zimbabwe,KJ O'Brien,A Balbirnie,T Mupariwa,0,0,,,,,,,,,
656457,2014/15,2015-03-07,Bellerive Oval,1,39.5,Ireland,Zimbabwe,KJ O'Brien,A Balbirnie,T Mupariwa,1,0,,,,,,,,,
656457,2014/15,2015-03-07,Bellerive Oval,1,39.6,Ireland,Zimbabwe,A Balbirnie,KJ O'Brien,T Mupariwa,0,0,,,,,,,,,
656457,2014/15,2015-03-07,Bellerive Oval,1,40.1,Ireland,Zimbabwe,KJ O'Brien,A Balbirnie,SC Williams,0,0,,,,,,,,,
656457,2014/15,2015-03-07,Bellerive Oval,1,40.2,Ireland,Zimbabwe,KJ O'Brien,A Balbirnie,SC Williams,0,1,1,,,,,,,,
656457,2014/15,2015-03-07,Bellerive Oval,1,40.3,Ireland,Zimbabwe,KJ O'Brien,A Balbirnie,SC Williams,0,0,,,,,,,,,
656457,2014/15,2015-03-07,Bellerive Oval,1,40.4,Ireland,Zimbabwe,KJ O'Brien,A Balbirnie,SC Williams,1,0,,,,,,,,,
656457,2014/15,2015-03-07,Bellerive Oval,1,40.5,Ireland,Zimbabwe,A Balbirnie,KJ O'Brien,SC Williams,1,0,,,,,,,,,
656457,2014/15,2015-03-07,Bellerive Oval,1,40.6,Ireland,Zimbabwe,KJ O'Brien,A Balbirnie,SC Williams,1,0,,,,,,,,,
656457,2014/15,2015-03-07,Bellerive Oval,1,40.7,Ireland,Zimbabwe,A Balbirnie,KJ O'Brien,SC Williams,6,0,,,,,,,,,
656457,2014/15,2015-03-07,Bellerive Oval,1,41.1,Ireland,Zimbabwe,KJ O'Brien,A Balbirnie,Sikandar Raza,0,0,,,,,,,,,
656457,2014/15,2015-03-07,Bellerive Oval,1,41.2,Ireland,Zimbabwe,KJ O'Brien,A Balbirnie,Sikandar Raza,0,0,,,,,,,,,
656457,2014/15,2015-03-07,Bellerive Oval,1,41.3,Ireland,Zimbabwe,KJ O'Brien,A Balbirnie,Sikandar Raza,2,0,,,,,,,,,
656457,2014/15,2015-03-07,Bellerive Oval,1,41.4,Ireland,Zimbabwe,KJ O'Brien,A Balbirnie,Sikandar Raza,4,0,,,,,,,,,
656457,2014/15,2015-03-07,Bellerive Oval,1,41.5,Ireland,Zimbabwe,KJ O'Brien,A Balbirnie,Sikandar Raza,0,0,,,,,,,,,
656457,2014/15,2015-03-07,Bellerive Oval,1,41.6,Ireland,Zimbabwe,KJ O'Brien,A Balbirnie,Sikandar Raza,0,0,,,,,,,,,
656457,2014/15,2015-03-07,Bellerive Oval,1,42.1,Ireland,Zimbabwe,A Balbirnie,KJ O'Brien,T Panyangara,4,0,,,,,,,,,
656457,2014/15,2015-03-07,Bellerive Oval,1,42.2,Ireland,Zimbabwe,A Balbirnie,KJ O'Brien,T Panyangara,0,0,,,,,,,,,
656457,2014/15,2015-03-07,Bellerive Oval,1,42.3,Ireland,Zimbabwe,A Balbirnie,KJ O'Brien,T Panyangara,6,0,,,,,,,,,
656457,2014/15,2015-03-07,Bellerive Oval,1,42.4,Ireland,Zimbabwe,A Balbirnie,KJ O'Brien,T Panyangara,0,1,1,,,,,,,,
656457,2014/15,2015-03-07,Bellerive Oval,1,42.5,Ireland,Zimbabwe,A Balbirnie,KJ O'Brien,T Panyangara,6,0,,,,,,,,,
656457,2014/15,2015-03-07,Bellerive Oval,1,42.6,Ireland,Zimbabwe,A Balbirnie,KJ O'Brien,T Panyangara,0,0,,,,,,,,,
656457,2014/15,2015-03-07,Bellerive Oval,1,42.7,Ireland,Zimbabwe,A Balbirnie,KJ O'Brien,T Panyangara,4,0,,,,,,,,,
656457,2014/15,2015-03-07,Bellerive Oval,1,43.1,Ireland,Zimbabwe,KJ O'Brien,A Balbirnie,T Mupariwa,4,0,,,,,,,,,
656457,2014/15,2015-03-07,Bellerive Oval,1,43.2,Ireland,Zimbabwe,KJ O'Brien,A Balbirnie,T Mupariwa,1,0,,,,,,,,,
656457,2014/15,2015-03-07,Bellerive Oval,1,43.3,Ireland,Zimbabwe,A Balbirnie,KJ O'Brien,T Mupariwa,1,0,,,,,,,,,
656457,2014/15,2015-03-07,Bellerive Oval,1,43.4,Ireland,Zimbabwe,KJ O'Brien,A Balbirnie,T Mupariwa,1,0,,,,,,,,,
656457,2014/15,2015-03-07,Bellerive Oval,1,43.5,Ireland,Zimbabwe,A Balbirnie,KJ O'Brien,T Mupariwa,4,0,,,,,,,,,
656457,2014/15,2015-03-07,Bellerive Oval,1,43.6,Ireland,Zimbabwe,A Balbirnie,KJ O'Brien,T Mupariwa,0,0,,,,,,,,,
656457,2014/15,2015-03-07,Bellerive Oval,1,44.1,Ireland,Zimbabwe,KJ O'Brien,A Balbirnie,TL Chatara,4,1,,1,,,,,,,
656457,2014/15,2015-03-07,Bellerive Oval,1,44.2,Ireland,Zimbabwe,KJ O'Brien,A Balbirnie,TL Chatara,0,0,,,,,,caught,KJ O'Brien,,
656457,2014/15,2015-03-07,Bellerive Oval,1,44.3,Ireland,Zimbabwe,A Balbirnie,GC Wilson,TL Chatara,0,1,1,,,,,,,,
656457,2014/15,2015-03-07,Bellerive Oval,1,44.4,Ireland,Zimbabwe,A Balbirnie,GC Wilson,TL Chatara,0,1,,,,1,,,,,
656457,2014/15,2015-03-07,Bellerive Oval,1,44.5,Ireland,Zimbabwe,GC Wilson,A Balbirnie,TL Chatara,1,0,,,,,,,,,
656457,2014/15,2015-03-07,Bellerive Oval,1,44.6,Ireland,Zimbabwe,A Balbirnie,GC Wilson,TL Chatara,0,0,,,,,,,,,
656457,2014/15,2015-03-07,Bellerive Oval,1,44.7,Ireland,Zimbabwe,A Balbirnie,GC Wilson,TL Chatara,1,0,,,,,,,,,
656457,2014/15,2015-03-07,Bellerive Oval,1,44.8,Ireland,Zimbabwe,GC Wilson,A Balbirnie,TL Chatara,1,0,,,,,,,,,
656457,2014/15,2015-03-07,Bellerive Oval,1,45.1,Ireland,Zimbabwe,GC Wilson,A Balbirnie,T Mupariwa,0,0,,,,,,,,,
656457,2014/15,2015-03-07,Bellerive Oval,1,45.2,Ireland,Zimbabwe,GC Wilson,A Balbirnie,T Mupariwa,4,0,,,,,,,,,
656457,2014/15,2015-03-07,Bellerive Oval,1,45.3,Ireland,Zimbabwe,GC Wilson,A Balbirnie,T Mupariwa,1,0,,,,,,,,,
656457,2014/15,2015-03-07,Bellerive Oval,1,45.4,Ireland,Zimbabwe,A Balbirnie,GC Wilson,T Mupariwa,1,0,,,,,,,,,
656457,2014/15,2015-03-07,Bellerive Oval,1,45.5,Ireland,Zimbabwe,GC Wilson,A Balbirnie,T Mupariwa,2,0,,,,,,,,,
656457,2014/15,2015-03-07,Bellerive Oval,1,45.6,Ireland,Zimbabwe,GC Wilson,A Balbirnie,T Mupariwa,0,0,,,,,,,,,
656457,2014/15,2015-03-07,Bellerive Oval,1,46.1,Ireland,Zimbabwe,A Balbirnie,GC Wilson,TL Chatara,0,1,1,,,,,,,,
656457,2014/15,2015-03-07,Bellerive Oval,1,46.2,Ireland,Zimbabwe,A Balbirnie,GC Wilson,TL Chatara,0,1,,,,1,,,,,
656457,2014/15,2015-03-07,Bellerive Oval,1,46.3,Ireland,Zimbabwe,GC Wilson,A Balbirnie,TL Chatara,4,0,,,,,,,,,
656457,2014/15,2015-03-07,Bellerive Oval,1,46.4,Ireland,Zimbabwe,GC Wilson,A Balbirnie,TL Chatara,1,0,,,,,,,,,
656457,2014/15,2015-03-07,Bellerive Oval,1,46.5,Ireland,Zimbabwe,A Balbirnie,GC Wilson,TL Chatara,1,0,,,,,,,,,
656457,2014/15,2015-03-07,Bellerive Oval,1,46.6,Ireland,Zimbabwe,GC Wilson,A Balbirnie,TL Chatara,6,0,,,,,,,,,
656457,2014/15,2015-03-07,Bellerive Oval,1,46.7,Ireland,Zimbabwe,GC Wilson,A Balbirnie,TL Chatara,1,0,,,,,,,,,
656457,2014/15,2015-03-07,Bellerive Oval,1,47.1,Ireland,Zimbabwe,GC Wilson,A Balbirnie,SC Williams,4,0,,,,,,,,,
656457,2014/15,2015-03-07,Bellerive Oval,1,47.2,Ireland,Zimbabwe,GC Wilson,A Balbirnie,SC Williams,0,0,,,,,,caught,GC Wilson,,
656457,2014/15,2015-03-07,Bellerive Oval,1,47.3,Ireland,Zimbabwe,JF Mooney,A Balbirnie,SC Williams,2,1,,1,,,,,,,
656457,2014/15,2015-03-07,Bellerive Oval,1,47.4,Ireland,Zimbabwe,JF Mooney,A Balbirnie,SC Williams,4,0,,,,,,,,,
656457,2014/15,2015-03-07,Bellerive Oval,1,47.5,Ireland,Zimbabwe,JF Mooney,A Balbirnie,SC Williams,4,0,,,,,,,,,
656457,2014/15,2015-03-07,Bellerive Oval,1,47.6,Ireland,Zimbabwe,JF Mooney,A Balbirnie,SC Williams,0,0,,,,,,bowled,JF Mooney,,
656457,2014/15,2015-03-07,Bellerive Oval,1,47.7,Ireland,Zimbabwe,NJ O'Brien,A Balbirnie,SC Williams,1,0,,,,,,,,,
656457,2014/15,2015-03-07,Bellerive Oval,1,48.1,Ireland,Zimbabwe,NJ O'Brien,A Balbirnie,TL Chatara,1,0,,,,,,,,,
656457,2014/15,2015-03-07,Bellerive Oval,1,48.2,Ireland,Zimbabwe,A Balbirnie,NJ O'Brien,TL Chatara,1,0,,,,,,,,,
656457,2014/15,2015-03-07,Bellerive Oval,1,48.3,Ireland,Zimbabwe,NJ O'Brien,A Balbirnie,TL Chatara,0,0,,,,,,,,,
656457,2014/15,2015-03-07,Bellerive Oval,1,48.4,Ireland,Zimbabwe,NJ O'Brien,A Balbirnie,TL Chatara,0,0,,,,,,caught,NJ O'Brien,,
656457,2014/15,2015-03-07,Bellerive Oval,1,48.5,Ireland,Zimbabwe,A Balbirnie,GH Dockrell,TL Chatara,1,0,,,,,,,,,
656457,2014/15,2015-03-07,Bellerive Oval,1,48.6,Ireland,Zimbabwe,GH Dockrell,A Balbirnie,TL Chatara,2,0,,,,,,,,,
656457,2014/15,2015-03-07,Bellerive Oval,1,49.1,Ireland,Zimbabwe,A Balbirnie,GH Dockrell,T Mupariwa,1,0,,,,,,run out,A Balbirnie,,
656457,2014/15,2015-03-07,Bellerive Oval,1,49.2,Ireland,Zimbabwe,AR Cusack,GH Dockrell,T Mupariwa,1,0,,,,,,,,,
656457,2014/15,2015-03-07,Bellerive Oval,1,49.3,Ireland,Zimbabwe,GH Dockrell,AR Cusack,T Mupariwa,2,0,,,,,,,,,
656457,2014/15,2015-03-07,Bellerive Oval,1,49.4,Ireland,Zimbabwe,GH Dockrell,AR Cusack,T Mupariwa,1,0,,,,,,,,,
656457,2014/15,2015-03-07,Bellerive Oval,1,49.5,Ireland,Zimbabwe,AR Cusack,GH Dockrell,T Mupariwa,0,0,,,,,,,,,
656457,2014/15,2015-03-07,Bellerive Oval,1,49.6,Ireland,Zimbabwe,AR Cusack,GH Dockrell,T Mupariwa,1,0,,,,,,,,,
656457,2014/15,2015-03-07,Bellerive Oval,2,0.1,Zimbabwe,Ireland,CJ Chibhabha,Sikandar Raza,AR Cusack,0,0,,,,,,,,,
656457,2014/15,2015-03-07,Bellerive Oval,2,0.2,Zimbabwe,Ireland,CJ Chibhabha,Sikandar Raza,AR Cusack,0,0,,,,,,,,,
656457,2014/15,2015-03-07,Bellerive Oval,2,0.3,Zimbabwe,Ireland,CJ Chibhabha,Sikandar Raza,AR Cusack,0,0,,,,,,,,,
656457,2014/15,2015-03-07,Bellerive Oval,2,0.4,Zimbabwe,Ireland,CJ Chibhabha,Sikandar Raza,AR Cusack,0,0,,,,,,,,,
656457,2014/15,2015-03-07,Bellerive Oval,2,0.5,Zimbabwe,Ireland,CJ Chibhabha,Sikandar Raza,AR Cusack,0,0,,,,,,,,,
656457,2014/15,2015-03-07,Bellerive Oval,2,0.6,Zimbabwe,Ireland,CJ Chibhabha,Sikandar Raza,AR Cusack,2,0,,,,,,,,,
656457,2014/15,2015-03-07,Bellerive Oval,2,1.1,Zimbabwe,Ireland,Sikandar Raza,CJ Chibhabha,JF Mooney,0,0,,,,,,,,,
656457,2014/15,2015-03-07,Bellerive Oval,2,1.2,Zimbabwe,Ireland,Sikandar Raza,CJ Chibhabha,JF Mooney,1,0,,,,,,,,,
656457,2014/15,2015-03-07,Bellerive Oval,2,1.3,Zimbabwe,Ireland,CJ Chibhabha,Sikandar Raza,JF Mooney,0,0,,,,,,,,,
656457,2014/15,2015-03-07,Bellerive Oval,2,1.4,Zimbabwe,Ireland,CJ Chibhabha,Sikandar Raza,JF Mooney,0,0,,,,,,,,,
656457,2014/15,2015-03-07,Bellerive Oval,2,1.5,Zimbabwe,Ireland,CJ Chibhabha,Sikandar Raza,JF Mooney,0,0,,,,,,,,,
656457,2014/15,2015-03-07,Bellerive Oval,2,1.6,Zimbabwe,Ireland,CJ Chibhabha,Sikandar Raza,JF Mooney,0,0,,,,,,,,,
656457,2014/15,2015-03-07,Bellerive Oval,2,2.1,Zimbabwe,Ireland,Sikandar Raza,CJ Chibhabha,AR Cusack,0,0,,,,,,,,,
656457,2014/15,2015-03-07,Bellerive Oval,2,2.2,Zimbabwe,Ireland,Sikandar Raza,CJ Chibhabha,AR Cusack,0,0,,,,,,,,,
656457,2014/15,2015-03-07,Bellerive Oval,2,2.3,Zimbabwe,Ireland,Sikandar Raza,CJ Chibhabha,AR Cusack,0,0,,,,,,,,,
656457,2014/15,2015-03-07,Bellerive Oval,2,2.4,Zimbabwe,Ireland,Sikandar Raza,CJ Chibhabha,AR Cusack,0,0,,,,,,,,,
656457,2014/15,2015-03-07,Bellerive Oval,2,2.5,Zimbabwe,Ireland,Sikandar Raza,CJ Chibhabha,AR Cusack,0,0,,,,,,,,,
656457,2014/15,2015-03-07,Bellerive Oval,2,2.6,Zimbabwe,Ireland,Sikandar Raza,CJ Chibhabha,AR Cusack,0,0,,,,,,,,,
656457,2014/15,2015-03-07,Bellerive Oval,2,3.1,Zimbabwe,Ireland,CJ Chibhabha,Sikandar Raza,JF Mooney,0,0,,,,,,,,,
656457,2014/15,2015-03-07,Bellerive Oval,2,3.2,Zimbabwe,Ireland,CJ Chibhabha,Sikandar Raza,JF Mooney,0,0,,,,,,,,,
656457,2014/15,2015-03-07,Bellerive Oval,2,3.3,Zimbabwe,Ireland,CJ Chibhabha,Sikandar Raza,JF Mooney,0,0,,,,,,,,,
656457,2014/15,2015-03-07,Bellerive Oval,2,3.4,Zimbabwe,Ireland,CJ Chibhabha,Sikandar Raza,JF Mooney,4,0,,,,,,,,,
656457,2014/15,2015-03-07,Bellerive Oval,2,3.5,Zimbabwe,Ireland,CJ Chibhabha,Sikandar Raza,JF Mooney,0,1,1,,,,,,,,
656457,2014/15,2015-03-07,Bellerive Oval,2,3.6,Zimbabwe,Ireland,CJ Chibhabha,Sikandar Raza,JF Mooney,0,0,,,,,,,,,
656457,2014/15,2015-03-07,Bellerive Oval,2,3.7,Zimbabwe,Ireland,CJ Chibhabha,Sikandar Raza,JF Mooney,4,0,,,,,,,,,
656457,2014/15,2015-03-07,Bellerive Oval,2,4.1,Zimbabwe,Ireland,Sikandar Raza,CJ Chibhabha,AR Cusack,1,0,,,,,,,,,
656457,2014/15,2015-03-07,Bellerive Oval,2,4.2,Zimbabwe,Ireland,CJ Chibhabha,Sikandar Raza,AR Cusack,0,0,,,,,,,,,
656457,2014/15,2015-03-07,Bellerive Oval,2,4.3,Zimbabwe,Ireland,CJ Chibhabha,Sikandar Raza,AR Cusack,0,0,,,,,,,,,
656457,2014/15,2015-03-07,Bellerive Oval,2,4.4,Zimbabwe,Ireland,CJ Chibhabha,Sikandar Raza,AR Cusack,1,0,,,,,,,,,
656457,2014/15,2015-03-07,Bellerive Oval,2,4.5,Zimbabwe,Ireland,Sikandar Raza,CJ Chibhabha,AR Cusack,0,0,,,,,,,,,
656457,2014/15,2015-03-07,Bellerive Oval,2,4.6,Zimbabwe,Ireland,Sikandar Raza,CJ Chibhabha,AR Cusack,4,0,,,,,,,,,
656457,2014/15,2015-03-07,Bellerive Oval,2,5.1,Zimbabwe,Ireland,CJ Chibhabha,Sikandar Raza,JF Mooney,4,0,,,,,,,,,
656457,2014/15,2015-03-07,Bellerive Oval,2,5.2,Zimbabwe,Ireland,CJ Chibhabha,Sikandar Raza,JF Mooney,0,0,,,,,,,,,
656457,2014/15,2015-03-07,Bellerive Oval,2,5.3,Zimbabwe,Ireland,CJ Chibhabha,Sikandar Raza,JF Mooney,1,0,,,,,,,,,
656457,2014/15,2015-03-07,Bellerive Oval,2,5.4,Zimbabwe,Ireland,Sikandar Raza,CJ Chibhabha,JF Mooney,4,0,,,,,,,,,
656457,2014/15,2015-03-07,Bellerive Oval,2,5.5,Zimbabwe,Ireland,Sikandar Raza,CJ Chibhabha,JF Mooney,0,0,,,,,,,,,
656457,2014/15,2015-03-07,Bellerive Oval,2,5.6,Zimbabwe,Ireland,Sikandar Raza,CJ Chibhabha,JF Mooney,0,0,,,,,,,,,
656457,2014/15,2015-03-07,Bellerive Oval,2,6.1,Zimbabwe,Ireland,CJ Chibhabha,Sikandar Raza,AR Cusack,0,1,1,,,,,,,,
656457,2014/15,2015-03-07,Bellerive Oval,2,6.2,Zimbabwe,Ireland,CJ Chibhabha,Sikandar Raza,AR Cusack,0,0,,,,,,,,,
656457,2014/15,2015-03-07,Bellerive Oval,2,6.3,Zimbabwe,Ireland,CJ Chibhabha,Sikandar Raza,AR Cusack,0,0,,,,,,,,,
656457,2014/15,2015-03-07,Bellerive Oval,2,6.4,Zimbabwe,Ireland,CJ Chibhabha,Sikandar Raza,AR Cusack,2,0,,,,,,,,,
656457,2014/15,2015-03-07,Bellerive Oval,2,6.5,Zimbabwe,Ireland,CJ Chibhabha,Sikandar Raza,AR Cusack,0,0,,,,,,,,,
656457,2014/15,2015-03-07,Bellerive Oval,2,6.6,Zimbabwe,Ireland,CJ Chibhabha,Sikandar Raza,AR Cusack,0,0,,,,,,,,,
656457,2014/15,2015-03-07,Bellerive Oval,2,6.7,Zimbabwe,Ireland,CJ Chibhabha,Sikandar Raza,AR Cusack,0,0,,,,,,,,,
656457,2014/15,2015-03-07,Bellerive Oval,2,7.1,Zimbabwe,Ireland,Sikandar Raza,CJ Chibhabha,JF Mooney,0,0,,,,,,,,,
656457,2014/15,2015-03-07,Bellerive Oval,2,7.2,Zimbabwe,Ireland,Sikandar Raza,CJ Chibhabha,JF Mooney,0,0,,,,,,,,,
656457,2014/15,2015-03-07,Bellerive Oval,2,7.3,Zimbabwe,Ireland,Sikandar Raza,CJ Chibhabha,JF Mooney,2,0,,,,,,,,,
656457,2014/15,2015-03-07,Bellerive Oval,2,7.4,Zimbabwe,Ireland,Sikandar Raza,CJ Chibhabha,JF Mooney,0,0,,,,,,,,,
656457,2014/15,2015-03-07,Bellerive Oval,2,7.5,Zimbabwe,Ireland,Sikandar Raza,CJ Chibhabha,JF Mooney,0,0,,,,,,caught,Sikandar Raza,,
656457,2014/15,2015-03-07,Bellerive Oval,2,7.6,Zimbabwe,Ireland,SF Mire,CJ Chibhabha,JF Mooney,0,0,,,,,,,,,
656457,2014/15,2015-03-07,Bellerive Oval,2,8.1,Zimbabwe,Ireland,CJ Chibhabha,SF Mire,AR Cusack,0,0,,,,,,,,,
656457,2014/15,2015-03-07,Bellerive Oval,2,8.2,Zimbabwe,Ireland,CJ Chibhabha,SF Mire,AR Cusack,0,0,,,,,,,,,
656457,2014/15,2015-03-07,Bellerive Oval,2,8.3,Zimbabwe,Ireland,CJ Chibhabha,SF Mire,AR Cusack,0,0,,,,,,,,,
656457,2014/15,2015-03-07,Bellerive Oval,2,8.4,Zimbabwe,Ireland,CJ Chibhabha,SF Mire,AR Cusack,0,0,,,,,,caught,CJ Chibhabha,,
656457,2014/15,2015-03-07,Bellerive Oval,2,8.5,Zimbabwe,Ireland,SF Mire,H Masakadza,AR Cusack,0,0,,,,,,,,,
656457,2014/15,2015-03-07,Bellerive Oval,2,8.6,Zimbabwe,Ireland,SF Mire,H Masakadza,AR Cusack,0,0,,,,,,,,,
656457,2014/15,2015-03-07,Bellerive Oval,2,9.1,Zimbabwe,Ireland,H Masakadza,SF Mire,JF Mooney,2,0,,,,,,,,,
656457,2014/15,2015-03-07,Bellerive Oval,2,9.2,Zimbabwe,Ireland,H Masakadza,SF Mire,JF Mooney,0,0,,,,,,,,,
656457,2014/15,2015-03-07,Bellerive Oval,2,9.3,Zimbabwe,Ireland,H Masakadza,SF Mire,JF Mooney,0,0,,,,,,,,,
656457,2014/15,2015-03-07,Bellerive Oval,2,9.4,Zimbabwe,Ireland,H Masakadza,SF Mire,JF Mooney,3,0,,,,,,,,,
656457,2014/15,2015-03-07,Bellerive Oval,2,9.5,Zimbabwe,Ireland,SF Mire,H Masakadza,JF Mooney,4,0,,,,,,,,,
656457,2014/15,2015-03-07,Bellerive Oval,2,9.6,Zimbabwe,Ireland,SF Mire,H Masakadza,JF Mooney,0,0,,,,,,,,,
656457,2014/15,2015-03-07,Bellerive Oval,2,10.1,Zimbabwe,Ireland,H Masakadza,SF Mire,KJ O'Brien,0,0,,,,,,,,,
656457,2014/15,2015-03-07,Bellerive Oval,2,10.2,Zimbabwe,Ireland,H Masakadza,SF Mire,KJ O'Brien,0,0,,,,,,,,,
656457,2014/15,2015-03-07,Bellerive Oval,2,10.3,Zimbabwe,Ireland,H Masakadza,SF Mire,KJ O'Brien,0,0,,,,,,caught,H Masakadza,,
656457,2014/15,2015-03-07,Bellerive Oval,2,10.4,Zimbabwe,Ireland,BRM Taylor,SF Mire,KJ O'Brien,0,0,,,,,,,,,
656457,2014/15,2015-03-07,Bellerive Oval,2,10.5,Zimbabwe,Ireland,BRM Taylor,SF Mire,KJ O'Brien,1,0,,,,,,,,,
656457,2014/15,2015-03-07,Bellerive Oval,2,10.6,Zimbabwe,Ireland,SF Mire,BRM Taylor,KJ O'Brien,2,0,,,,,,,,,
656457,2014/15,2015-03-07,Bellerive Oval,2,11.1,Zimbabwe,Ireland,BRM Taylor,SF Mire,GH Dockrell,1,0,,,,,,,,,
656457,2014/15,2015-03-07,Bellerive Oval,2,11.2,Zimbabwe,Ireland,SF Mire,BRM Taylor,GH Dockrell,1,0,,,,,,,,,
656457,2014/15,2015-03-07,Bellerive Oval,2,11.3,Zimbabwe,Ireland,BRM Taylor,SF Mire,GH Dockrell,1,0,,,,,,,,,
656457,2014/15,2015-03-07,Bellerive Oval,2,11.4,Zimbabwe,Ireland,SF Mire,BRM Taylor,GH Dockrell,0,0,,,,,,,,,
656457,2014/15,2015-03-07,Bellerive Oval,2,11.5,Zimbabwe,Ireland,SF Mire,BRM Taylor,GH Dockrell,0,0,,,,,,,,,
656457,2014/15,2015-03-07,Bellerive Oval,2,11.6,Zimbabwe,Ireland,SF Mire,BRM Taylor,GH Dockrell,0,0,,,,,,,,,
656457,2014/15,2015-03-07,Bellerive Oval,2,12.1,Zimbabwe,Ireland,BRM Taylor,SF Mire,KJ O'Brien,4,0,,,,,,,,,
656457,2014/15,2015-03-07,Bellerive Oval,2,12.2,Zimbabwe,Ireland,BRM Taylor,SF Mire,KJ O'Brien,0,0,,,,,,,,,
656457,2014/15,2015-03-07,Bellerive Oval,2,12.3,Zimbabwe,Ireland,BRM Taylor,SF Mire,KJ O'Brien,0,0,,,,,,,,,
656457,2014/15,2015-03-07,Bellerive Oval,2,12.4,Zimbabwe,Ireland,BRM Taylor,SF Mire,KJ O'Brien,0,0,,,,,,,,,
656457,2014/15,2015-03-07,Bellerive Oval,2,12.5,Zimbabwe,Ireland,BRM Taylor,SF Mire,KJ O'Brien,0,0,,,,,,,,,
656457,2014/15,2015-03-07,Bellerive Oval,2,12.6,Zimbabwe,Ireland,BRM Taylor,SF Mire,KJ O'Brien,4,0,,,,,,,,,
656457,2014/15,2015-03-07,Bellerive Oval,2,13.1,Zimbabwe,Ireland,SF Mire,BRM Taylor,GH Dockrell,0,0,,,,,,,,,
656457,2014/15,2015-03-07,Bellerive Oval,2,13.2,Zimbabwe,Ireland,SF Mire,BRM Taylor,GH Dockrell,0,0,,,,,,,,,
656457,2014/15,2015-03-07,Bellerive Oval,2,13.3,Zimbabwe,Ireland,SF Mire,BRM Taylor,GH Dockrell,1,0,,,,,,,,,
656457,2014/15,2015-03-07,Bellerive Oval,2,13.4,Zimbabwe,Ireland,BRM Taylor,SF Mire,GH Dockrell,2,0,,,,,,,,,
656457,2014/15,2015-03-07,Bellerive Oval,2,13.5,Zimbabwe,Ireland,BRM Taylor,SF Mire,GH Dockrell,0,0,,,,,,,,,
656457,2014/15,2015-03-07,Bellerive Oval,2,13.6,Zimbabwe,Ireland,BRM Taylor,SF Mire,GH Dockrell,1,0,,,,,,,,,
656457,2014/15,2015-03-07,Bellerive Oval,2,14.1,Zimbabwe,Ireland,BRM Taylor,SF Mire,KJ O'Brien,4,0,,,,,,,,,
656457,2014/15,2015-03-07,Bellerive Oval,2,14.2,Zimbabwe,Ireland,BRM Taylor,SF Mire,KJ O'Brien,0,0,,,,,,,,,
656457,2014/15,2015-03-07,Bellerive Oval,2,14.3,Zimbabwe,Ireland,BRM Taylor,SF Mire,KJ O'Brien,4,0,,,,,,,,,
656457,2014/15,2015-03-07,Bellerive Oval,2,14.4,Zimbabwe,Ireland,BRM Taylor,SF Mire,KJ O'Brien,0,0,,,,,,,,,
656457,2014/15,2015-03-07,Bellerive Oval,2,14.5,Zimbabwe,Ireland,BRM Taylor,SF Mire,KJ O'Brien,1,0,,,,,,,,,
656457,2014/15,2015-03-07,Bellerive Oval,2,14.6,Zimbabwe,Ireland,SF Mire,BRM Taylor,KJ O'Brien,0,0,,,,,,,,,
656457,2014/15,2015-03-07,Bellerive Oval,2,15.1,Zimbabwe,Ireland,BRM Taylor,SF Mire,AR McBrine,1,0,,,,,,,,,
656457,2014/15,2015-03-07,Bellerive Oval,2,15.2,Zimbabwe,Ireland,SF Mire,BRM Taylor,AR McBrine,1,0,,,,,,,,,
656457,2014/15,2015-03-07,Bellerive Oval,2,15.3,Zimbabwe,Ireland,BRM Taylor,SF Mire,AR McBrine,1,0,,,,,,,,,
656457,2014/15,2015-03-07,Bellerive Oval,2,15.4,Zimbabwe,Ireland,SF Mire,BRM Taylor,AR McBrine,1,0,,,,,,,,,
656457,2014/15,2015-03-07,Bellerive Oval,2,15.5,Zimbabwe,Ireland,BRM Taylor,SF Mire,AR McBrine,1,0,,,,,,,,,
656457,2014/15,2015-03-07,Bellerive Oval,2,15.6,Zimbabwe,Ireland,SF Mire,BRM Taylor,AR McBrine,1,0,,,,,,,,,
656457,2014/15,2015-03-07,Bellerive Oval,2,16.1,Zimbabwe,Ireland,SF Mire,BRM Taylor,GH Dockrell,0,0,,,,,,,,,
656457,2014/15,2015-03-07,Bellerive Oval,2,16.2,Zimbabwe,Ireland,SF Mire,BRM Taylor,GH Dockrell,0,0,,,,,,,,,
656457,2014/15,2015-03-07,Bellerive Oval,2,16.3,Zimbabwe,Ireland,SF Mire,BRM Taylor,GH Dockrell,0,0,,,,,,,,,
656457,2014/15,2015-03-07,Bellerive Oval,2,16.4,Zimbabwe,Ireland,SF Mire,BRM Taylor,GH Dockrell,0,0,,,,,,caught,SF Mire,,
656457,2014/15,2015-03-07,Bellerive Oval,2,16.5,Zimbabwe,Ireland,SC Williams,BRM Taylor,GH Dockrell,2,0,,,,,,,,,
656457,2014/15,2015-03-07,Bellerive Oval,2,16.6,Zimbabwe,Ireland,SC Williams,BRM Taylor,GH Dockrell,0,0,,,,,,,,,
656457,2014/15,2015-03-07,Bellerive Oval,2,17.1,Zimbabwe,Ireland,BRM Taylor,SC Williams,AR McBrine,1,0,,,,,,,,,
656457,2014/15,2015-03-07,Bellerive Oval,2,17.2,Zimbabwe,Ireland,SC Williams,BRM Taylor,AR McBrine,0,0,,,,,,,,,
656457,2014/15,2015-03-07,Bellerive Oval,2,17.3,Zimbabwe,Ireland,SC Williams,BRM Taylor,AR McBrine,0,0,,,,,,,,,
656457,2014/15,2015-03-07,Bellerive Oval,2,17.4,Zimbabwe,Ireland,SC Williams,BRM Taylor,AR McBrine,1,0,,,,,,,,,
656457,2014/15,2015-03-07,Bellerive Oval,2,17.5,Zimbabwe,Ireland,BRM Taylor,SC Williams,AR McBrine,1,0,,,,,,,,,
656457,2014/15,2015-03-07,Bellerive Oval,2,17.6,Zimbabwe,Ireland,SC Williams,BRM Taylor,AR McBrine,0,0,,,,,,,,,
656457,2014/15,2015-03-07,Bellerive Oval,2,18.1,Zimbabwe,Ireland,BRM Taylor,SC Williams,GH Dockrell,1,0,,,,,,,,,
656457,2014/15,2015-03-07,Bellerive Oval,2,18.2,Zimbabwe,Ireland,SC Williams,BRM Taylor,GH Dockrell,1,0,,,,,,,,,
656457,2014/15,2015-03-07,Bellerive Oval,2,18.3,Zimbabwe,Ireland,BRM Taylor,SC Williams,GH Dockrell,0,0,,,,,,,,,
656457,2014/15,2015-03-07,Bellerive Oval,2,18.4,Zimbabwe,Ireland,BRM Taylor,SC Williams,GH Dockrell,0,0,,,,,,,,,
656457,2014/15,2015-03-07,Bellerive Oval,2,18.5,Zimbabwe,Ireland,BRM Taylor,SC Williams,GH Dockrell,1,0,,,,,,,,,
656457,2014/15,2015-03-07,Bellerive Oval,2,18.6,Zimbabwe,Ireland,SC Williams,BRM Taylor,GH Dockrell,1,0,,,,,,,,,
656457,2014/15,2015-03-07,Bellerive Oval,2,19.1,Zimbabwe,Ireland,SC Williams,BRM Taylor,AR McBrine,1,0,,,,,,,,,
656457,2014/15,2015-03-07,Bellerive Oval,2,19.2,Zimbabwe,Ireland,BRM Taylor,SC Williams,AR McBrine,1,0,,,,,,,,,
656457,2014/15,2015-03-07,Bellerive Oval,2,19.3,Zimbabwe,Ireland,SC Williams,BRM Taylor,AR McBrine,0,0,,,,,,,,,
656457,2014/15,2015-03-07,Bellerive Oval,2,19.4,Zimbabwe,Ireland,SC Williams,BRM Taylor,AR McBrine,1,0,,,,,,,,,
656457,2014/15,2015-03-07,Bellerive Oval,2,19.5,Zimbabwe,Ireland,BRM Taylor,SC Williams,AR McBrine,2,0,,,,,,,,,
656457,2014/15,2015-03-07,Bellerive Oval,2,19.6,Zimbabwe,Ireland,BRM Taylor,SC Williams,AR McBrine,6,0,,,,,,,,,
656457,2014/15,2015-03-07,Bellerive Oval,2,20.1,Zimbabwe,Ireland,SC Williams,BRM Taylor,GH Dockrell,0,0,,,,,,,,,
656457,2014/15,2015-03-07,Bellerive Oval,2,20.2,Zimbabwe,Ireland,SC Williams,BRM Taylor,GH Dockrell,1,0,,,,,,,,,
656457,2014/15,2015-03-07,Bellerive Oval,2,20.3,Zimbabwe,Ireland,BRM Taylor,SC Williams,GH Dockrell,0,0,,,,,,,,,
656457,2014/15,2015-03-07,Bellerive Oval,2,20.4,Zimbabwe,Ireland,BRM Taylor,SC Williams,GH Dockrell,1,0,,,,,,,,,
656457,2014/15,2015-03-07,Bellerive Oval,2,20.5,Zimbabwe,Ireland,SC Williams,BRM Taylor,GH Dockrell,4,0,,,,,,,,,
656457,2014/15,2015-03-07,Bellerive Oval,2,20.6,Zimbabwe,Ireland,SC Williams,BRM Taylor,GH Dockrell,0,0,,,,,,,,,
656457,2014/15,2015-03-07,Bellerive Oval,2,21.1,Zimbabwe,Ireland,BRM Taylor,SC Williams,AR McBrine,1,0,,,,,,,,,
656457,2014/15,2015-03-07,Bellerive Oval,2,21.2,Zimbabwe,Ireland,SC Williams,BRM Taylor,AR McBrine,4,0,,,,,,,,,
656457,2014/15,2015-03-07,Bellerive Oval,2,21.3,Zimbabwe,Ireland,SC Williams,BRM Taylor,AR McBrine,0,0,,,,,,,,,
656457,2014/15,2015-03-07,Bellerive Oval,2,21.4,Zimbabwe,Ireland,SC Williams,BRM Taylor,AR McBrine,0,0,,,,,,,,,
656457,2014/15,2015-03-07,Bellerive Oval,2,21.5,Zimbabwe,Ireland,SC Williams,BRM Taylor,AR McBrine,0,0,,,,,,,,,
656457,2014/15,2015-03-07,Bellerive Oval,2,21.6,Zimbabwe,Ireland,SC Williams,BRM Taylor,AR McBrine,1,0,,,,,,,,,
656457,2014/15,2015-03-07,Bellerive Oval,2,22.1,Zimbabwe,Ireland,SC Williams,BRM Taylor,GH Dockrell,1,0,,,,,,,,,
656457,2014/15,2015-03-07,Bellerive Oval,2,22.2,Zimbabwe,Ireland,BRM Taylor,SC Williams,GH Dockrell,1,0,,,,,,,,,
656457,2014/15,2015-03-07,Bellerive Oval,2,22.3,Zimbabwe,Ireland,SC Williams,BRM Taylor,GH Dockrell,1,0,,,,,,,,,
656457,2014/15,2015-03-07,Bellerive Oval,2,22.4,Zimbabwe,Ireland,BRM Taylor,SC Williams,GH Dockrell,3,0,,,,,,,,,
656457,2014/15,2015-03-07,Bellerive Oval,2,22.5,Zimbabwe,Ireland,SC Williams,BRM Taylor,GH Dockrell,1,0,,,,,,,,,
656457,2014/15,2015-03-07,Bellerive Oval,2,22.6,Zimbabwe,Ireland,BRM Taylor,SC Williams,GH Dockrell,0,0,,,,,,,,,
656457,2014/15,2015-03-07,Bellerive Oval,2,23.1,Zimbabwe,Ireland,SC Williams,BRM Taylor,PR Stirling,1,0,,,,,,,,,
656457,2014/15,2015-03-07,Bellerive Oval,2,23.2,Zimbabwe,Ireland,BRM Taylor,SC Williams,PR Stirling,4,1,,1,,,,,,,
656457,2014/15,2015-03-07,Bellerive Oval,2,23.3,Zimbabwe,Ireland,BRM Taylor,SC Williams,PR Stirling,1,0,,,,,,,,,
656457,2014/15,2015-03-07,Bellerive Oval,2,23.4,Zimbabwe,Ireland,SC Williams,BRM Taylor,PR Stirling,1,0,,,,,,,,,
656457,2014/15,2015-03-07,Bellerive Oval,2,23.5,Zimbabwe,Ireland,BRM Taylor,SC Williams,PR Stirling,1,0,,,,,,,,,
656457,2014/15,2015-03-07,Bellerive Oval,2,23.6,Zimbabwe,Ireland,SC Williams,BRM Taylor,PR Stirling,1,0,,,,,,,,,
656457,2014/15,2015-03-07,Bellerive Oval,2,23.7,Zimbabwe,Ireland,BRM Taylor,SC Williams,PR Stirling,2,0,,,,,,,,,
656457,2014/15,2015-03-07,Bellerive Oval,2,24.1,Zimbabwe,Ireland,SC Williams,BRM Taylor,GH Dockrell,1,0,,,,,,,,,
656457,2014/15,2015-03-07,Bellerive Oval,2,24.2,Zimbabwe,Ireland,BRM Taylor,SC Williams,GH Dockrell,0,0,,,,,,,,,
656457,2014/15,2015-03-07,Bellerive Oval,2,24.3,Zimbabwe,Ireland,BRM Taylor,SC Williams,GH Dockrell,2,0,,,,,,,,,
656457,2014/15,2015-03-07,Bellerive Oval,2,24.4,Zimbabwe,Ireland,BRM Taylor,SC Williams,GH Dockrell,1,0,,,,,,,,,
656457,2014/15,2015-03-07,Bellerive Oval,2,24.5,Zimbabwe,Ireland,SC Williams,BRM Taylor,GH Dockrell,1,0,,,,,,,,,
656457,2014/15,2015-03-07,Bellerive Oval,2,24.6,Zimbabwe,Ireland,BRM Taylor,SC Williams,GH Dockrell,1,0,,,,,,,,,
656457,2014/15,2015-03-07,Bellerive Oval,2,25.1,Zimbabwe,Ireland,BRM Taylor,SC Williams,JF Mooney,0,0,,,,,,,,,
656457,2014/15,2015-03-07,Bellerive Oval,2,25.2,Zimbabwe,Ireland,BRM Taylor,SC Williams,JF Mooney,1,0,,,,,,,,,
656457,2014/15,2015-03-07,Bellerive Oval,2,25.3,Zimbabwe,Ireland,SC Williams,BRM Taylor,JF Mooney,0,0,,,,,,,,,
656457,2014/15,2015-03-07,Bellerive Oval,2,25.4,Zimbabwe,Ireland,SC Williams,BRM Taylor,JF Mooney,0,0,,,,,,,,,
656457,2014/15,2015-03-07,Bellerive Oval,2,25.5,Zimbabwe,Ireland,SC Williams,BRM Taylor,JF Mooney,1,0,,,,,,,,,
656457,2014/15,2015-03-07,Bellerive Oval,2,25.6,Zimbabwe,Ireland,BRM Taylor,SC Williams,JF Mooney,0,0,,,,,,,,,
656457,2014/15,2015-03-07,Bellerive Oval,2,26.1,Zimbabwe,Ireland,SC Williams,BRM Taylor,KJ O'Brien,4,0,,,,,,,,,
656457,2014/15,2015-03-07,Bellerive Oval,2,26.2,Zimbabwe,Ireland,SC Williams,BRM Taylor,KJ O'Brien,1,0,,,,,,,,,
656457,2014/15,2015-03-07,Bellerive Oval,2,26.3,Zimbabwe,Ireland,BRM Taylor,SC Williams,KJ O'Brien,0,1,,,,1,,,,,
656457,2014/15,2015-03-07,Bellerive Oval,2,26.4,Zimbabwe,Ireland,SC Williams,BRM Taylor,KJ O'Brien,1,0,,,,,,,,,
656457,2014/15,2015-03-07,Bellerive Oval,2,26.5,Zimbabwe,Ireland,BRM Taylor,SC Williams,KJ O'Brien,0,0,,,,,,,,,
656457,2014/15,2015-03-07,Bellerive Oval,2,26.6,Zimbabwe,Ireland,BRM Taylor,SC Williams,KJ O'Brien,4,0,,,,,,,,,
656457,2014/15,2015-03-07,Bellerive Oval,2,27.1,Zimbabwe,Ireland,SC Williams,BRM Taylor,JF Mooney,1,0,,,,,,,,,
656457,2014/15,2015-03-07,Bellerive Oval,2,27.2,Zimbabwe,Ireland,BRM Taylor,SC Williams,JF Mooney,1,0,,,,,,,,,
656457,2014/15,2015-03-07,Bellerive Oval,2,27.3,Zimbabwe,Ireland,SC Williams,BRM Taylor,JF Mooney,1,0,,,,,,,,,
656457,2014/15,2015-03-07,Bellerive Oval,2,27.4,Zimbabwe,Ireland,BRM Taylor,SC Williams,JF Mooney,4,0,,,,,,,,,
656457,2014/15,2015-03-07,Bellerive Oval,2,27.5,Zimbabwe,Ireland,BRM Taylor,SC Williams,JF Mooney,0,0,,,,,,,,,
656457,2014/15,2015-03-07,Bellerive Oval,2,27.6,Zimbabwe,Ireland,BRM Taylor,SC Williams,JF Mooney,1,0,,,,,,,,,
656457,2014/15,2015-03-07,Bellerive Oval,2,28.1,Zimbabwe,Ireland,BRM Taylor,SC Williams,KJ O'Brien,0,0,,,,,,,,,
656457,2014/15,2015-03-07,Bellerive Oval,2,28.2,Zimbabwe,Ireland,BRM Taylor,SC Williams,KJ O'Brien,4,0,,,,,,,,,
656457,2014/15,2015-03-07,Bellerive Oval,2,28.3,Zimbabwe,Ireland,BRM Taylor,SC Williams,KJ O'Brien,1,0,,,,,,,,,
656457,2014/15,2015-03-07,Bellerive Oval,2,28.4,Zimbabwe,Ireland,SC Williams,BRM Taylor,KJ O'Brien,1,0,,,,,,,,,
656457,2014/15,2015-03-07,Bellerive Oval,2,28.5,Zimbabwe,Ireland,BRM Taylor,SC Williams,KJ O'Brien,1,0,,,,,,,,,
656457,2014/15,2015-03-07,Bellerive Oval,2,28.6,Zimbabwe,Ireland,SC Williams,BRM Taylor,KJ O'Brien,0,1,,,,1,,,,,
656457,2014/15,2015-03-07,Bellerive Oval,2,29.1,Zimbabwe,Ireland,SC Williams,BRM Taylor,AR McBrine,0,0,,,,,,,,,
656457,2014/15,2015-03-07,Bellerive Oval,2,29.2,Zimbabwe,Ireland,SC Williams,BRM Taylor,AR McBrine,0,0,,,,,,,,,
656457,2014/15,2015-03-07,Bellerive Oval,2,29.3,Zimbabwe,Ireland,SC Williams,BRM Taylor,AR McBrine,1,0,,,,,,,,,
656457,2014/15,2015-03-07,Bellerive Oval,2,29.4,Zimbabwe,Ireland,BRM Taylor,SC Williams,AR McBrine,2,0,,,,,,,,,
656457,2014/15,2015-03-07,Bellerive Oval,2,29.5,Zimbabwe,Ireland,BRM Taylor,SC Williams,AR McBrine,0,0,,,,,,,,,
656457,2014/15,2015-03-07,Bellerive Oval,2,29.6,Zimbabwe,Ireland,BRM Taylor,SC Williams,AR McBrine,1,0,,,,,,,,,
656457,2014/15,2015-03-07,Bellerive Oval,2,30.1,Zimbabwe,Ireland,BRM Taylor,SC Williams,KJ O'Brien,0,1,,,,1,,,,,
656457,2014/15,2015-03-07,Bellerive Oval,2,30.2,Zimbabwe,Ireland,SC Williams,BRM Taylor,KJ O'Brien,2,0,,,,,,,,,
656457,2014/15,2015-03-07,Bellerive Oval,2,30.3,Zimbabwe,Ireland,SC Williams,BRM Taylor,KJ O'Brien,1,0,,,,,,,,,
656457,2014/15,2015-03-07,Bellerive Oval,2,30.4,Zimbabwe,Ireland,BRM Taylor,SC Williams,KJ O'Brien,0,0,,,,,,,,,
656457,2014/15,2015-03-07,Bellerive Oval,2,30.5,Zimbabwe,Ireland,BRM Taylor,SC Williams,KJ O'Brien,1,0,,,,,,,,,
656457,2014/15,2015-03-07,Bellerive Oval,2,30.6,Zimbabwe,Ireland,SC Williams,BRM Taylor,KJ O'Brien,0,0,,,,,,,,,
656457,2014/15,2015-03-07,Bellerive Oval,2,31.1,Zimbabwe,Ireland,BRM Taylor,SC Williams,AR McBrine,4,0,,,,,,,,,
656457,2014/15,2015-03-07,Bellerive Oval,2,31.2,Zimbabwe,Ireland,BRM Taylor,SC Williams,AR McBrine,0,0,,,,,,,,,
656457,2014/15,2015-03-07,Bellerive Oval,2,31.3,Zimbabwe,Ireland,BRM Taylor,SC Williams,AR McBrine,1,0,,,,,,,,,
656457,2014/15,2015-03-07,Bellerive Oval,2,31.4,Zimbabwe,Ireland,SC Williams,BRM Taylor,AR McBrine,2,0,,,,,,,,,
656457,2014/15,2015-03-07,Bellerive Oval,2,31.5,Zimbabwe,Ireland,SC Williams,BRM Taylor,AR McBrine,0,0,,,,,,,,,
656457,2014/15,2015-03-07,Bellerive Oval,2,31.6,Zimbabwe,Ireland,SC Williams,BRM Taylor,AR McBrine,4,0,,,,,,,,,
656457,2014/15,2015-03-07,Bellerive Oval,2,32.1,Zimbabwe,Ireland,BRM Taylor,SC Williams,GH Dockrell,3,0,,,,,,,,,
656457,2014/15,2015-03-07,Bellerive Oval,2,32.2,Zimbabwe,Ireland,SC Williams,BRM Taylor,GH Dockrell,0,0,,,,,,,,,
656457,2014/15,2015-03-07,Bellerive Oval,2,32.3,Zimbabwe,Ireland,SC Williams,BRM Taylor,GH Dockrell,1,0,,,,,,,,,
656457,2014/15,2015-03-07,Bellerive Oval,2,32.4,Zimbabwe,Ireland,BRM Taylor,SC Williams,GH Dockrell,0,0,,,,,,,,,
656457,2014/15,2015-03-07,Bellerive Oval,2,32.5,Zimbabwe,Ireland,BRM Taylor,SC Williams,GH Dockrell,0,0,,,,,,,,,
656457,2014/15,2015-03-07,Bellerive Oval,2,32.6,Zimbabwe,Ireland,BRM Taylor,SC Williams,GH Dockrell,0,0,,,,,,,,,
656457,2014/15,2015-03-07,Bellerive Oval,2,33.1,Zimbabwe,Ireland,SC Williams,BRM Taylor,PR Stirling,1,0,,,,,,,,,
656457,2014/15,2015-03-07,Bellerive Oval,2,33.2,Zimbabwe,Ireland,BRM Taylor,SC Williams,PR Stirling,6,0,,,,,,,,,
656457,2014/15,2015-03-07,Bellerive Oval,2,33.3,Zimbabwe,Ireland,BRM Taylor,SC Williams,PR Stirling,4,0,,,,,,,,,
656457,2014/15,2015-03-07,Bellerive Oval,2,33.4,Zimbabwe,Ireland,BRM Taylor,SC Williams,PR Stirling,0,0,,,,,,,,,
656457,2014/15,2015-03-07,Bellerive Oval,2,33.5,Zimbabwe,Ireland,BRM Taylor,SC Williams,PR Stirling,2,0,,,,,,,,,
656457,2014/15,2015-03-07,Bellerive Oval,2,33.6,Zimbabwe,Ireland,BRM Taylor,SC Williams,PR Stirling,1,0,,,,,,,,,
656457,2014/15,2015-03-07,Bellerive Oval,2,34.1,Zimbabwe,Ireland,BRM Taylor,SC Williams,GH Dockrell,0,0,,,,,,,,,
656457,2014/15,2015-03-07,Bellerive Oval,2,34.2,Zimbabwe,Ireland,BRM Taylor,SC Williams,GH Dockrell,0,0,,,,,,,,,
656457,2014/15,2015-03-07,Bellerive Oval,2,34.3,Zimbabwe,Ireland,BRM Taylor,SC Williams,GH Dockrell,1,0,,,,,,,,,
656457,2014/15,2015-03-07,Bellerive Oval,2,34.4,Zimbabwe,Ireland,SC Williams,BRM Taylor,GH Dockrell,1,0,,,,,,,,,
656457,2014/15,2015-03-07,Bellerive Oval,2,34.5,Zimbabwe,Ireland,BRM Taylor,SC Williams,GH Dockrell,0,0,,,,,,,,,
656457,2014/15,2015-03-07,Bellerive Oval,2,34.6,Zimbabwe,Ireland,BRM Taylor,SC Williams,GH Dockrell,0,0,,,,,,,,,
656457,2014/15,2015-03-07,Bellerive Oval,2,35.1,Zimbabwe,Ireland,SC Williams,BRM Taylor,AR Cusack,0,0,,,,,,,,,
656457,2014/15,2015-03-07,Bellerive Oval,2,35.2,Zimbabwe,Ireland,SC Williams,BRM Taylor,AR Cusack,0,0,,,,,,,,,
656457,2014/15,2015-03-07,Bellerive Oval,2,35.3,Zimbabwe,Ireland,SC Williams,BRM Taylor,AR Cusack,0,0,,,,,,,,,
656457,2014/15,2015-03-07,Bellerive Oval,2,35.4,Zimbabwe,Ireland,SC Williams,BRM Taylor,AR Cusack,1,0,,,,,,,,,
656457,2014/15,2015-03-07,Bellerive Oval,2,35.5,Zimbabwe,Ireland,BRM Taylor,SC Williams,AR Cusack,2,0,,,,,,,,,
656457,2014/15,2015-03-07,Bellerive Oval,2,35.6,Zimbabwe,Ireland,BRM Taylor,SC Williams,AR Cusack,1,0,,,,,,,,,
656457,2014/15,2015-03-07,Bellerive Oval,2,36.1,Zimbabwe,Ireland,BRM Taylor,SC Williams,GH Dockrell,6,0,,,,,,,,,
656457,2014/15,2015-03-07,Bellerive Oval,2,36.2,Zimbabwe,Ireland,BRM Taylor,SC Williams,GH Dockrell,2,0,,,,,,,,,
656457,2014/15,2015-03-07,Bellerive Oval,2,36.3,Zimbabwe,Ireland,BRM Taylor,SC Williams,GH Dockrell,0,0,,,,,,,,,
656457,2014/15,2015-03-07,Bellerive Oval,2,36.4,Zimbabwe,Ireland,BRM Taylor,SC Williams,GH Dockrell,0,0,,,,,,,,,
656457,2014/15,2015-03-07,Bellerive Oval,2,36.5,Zimbabwe,Ireland,BRM Taylor,SC Williams,GH Dockrell,6,0,,,,,,,,,
656457,2014/15,2015-03-07,Bellerive Oval,2,36.6,Zimbabwe,Ireland,BRM Taylor,SC Williams,GH Dockrell,4,0,,,,,,,,,
656457,2014/15,2015-03-07,Bellerive Oval,2,37.1,Zimbabwe,Ireland,SC Williams,BRM Taylor,AR Cusack,1,0,,,,,,,,,
656457,2014/15,2015-03-07,Bellerive Oval,2,37.2,Zimbabwe,Ireland,BRM Taylor,SC Williams,AR Cusack,0,0,,,,,,,,,
656457,2014/15,2015-03-07,Bellerive Oval,2,37.3,Zimbabwe,Ireland,BRM Taylor,SC Williams,AR Cusack,0,0,,,,,,caught,BRM Taylor,,
656457,2014/15,2015-03-07,Bellerive Oval,2,37.4,Zimbabwe,Ireland,SC Williams,CR Ervine,AR Cusack,1,0,,,,,,,,,
656457,2014/15,2015-03-07,Bellerive Oval,2,37.5,Zimbabwe,Ireland,CR Ervine,SC Williams,AR Cusack,0,0,,,,,,,,,
656457,2014/15,2015-03-07,Bellerive Oval,2,37.6,Zimbabwe,Ireland,CR Ervine,SC Williams,AR Cusack,0,0,,,,,,,,,
656457,2014/15,2015-03-07,Bellerive Oval,2,38.1,Zimbabwe,Ireland,SC Williams,CR Ervine,KJ O'Brien,6,0,,,,,,,,,
656457,2014/15,2015-03-07,Bellerive Oval,2,38.2,Zimbabwe,Ireland,SC Williams,CR Ervine,KJ O'Brien,1,0,,,,,,,,,
656457,2014/15,2015-03-07,Bellerive Oval,2,38.3,Zimbabwe,Ireland,CR Ervine,SC Williams,KJ O'Brien,0,0,,,,,,,,,
656457,2014/15,2015-03-07,Bellerive Oval,2,38.4,Zimbabwe,Ireland,CR Ervine,SC Williams,KJ O'Brien,0,0,,,,,,,,,
656457,2014/15,2015-03-07,Bellerive Oval,2,38.5,Zimbabwe,Ireland,CR Ervine,SC Williams,KJ O'Brien,1,0,,,,,,,,,
656457,2014/15,2015-03-07,Bellerive Oval,2,38.6,Zimbabwe,Ireland,SC Williams,CR Ervine,KJ O'Brien,2,0,,,,,,,,,
656457,2014/15,2015-03-07,Bellerive Oval,2,39.1,Zimbabwe,Ireland,CR Ervine,SC Williams,AR Cusack,1,0,,,,,,,,,
656457,2014/15,2015-03-07,Bellerive Oval,2,39.2,Zimbabwe,Ireland,SC Williams,CR Ervine,AR Cusack,0,0,,,,,,,,,
656457,2014/15,2015-03-07,Bellerive Oval,2,39.3,Zimbabwe,Ireland,SC Williams,CR Ervine,AR Cusack,1,0,,,,,,,,,
656457,2014/15,2015-03-07,Bellerive Oval,2,39.4,Zimbabwe,Ireland,CR Ervine,SC Williams,AR Cusack,0,0,,,,,,,,,
656457,2014/15,2015-03-07,Bellerive Oval,2,39.5,Zimbabwe,Ireland,CR Ervine,SC Williams,AR Cusack,1,0,,,,,,,,,
656457,2014/15,2015-03-07,Bellerive Oval,2,39.6,Zimbabwe,Ireland,SC Williams,CR Ervine,AR Cusack,4,0,,,,,,,,,
656457,2014/15,2015-03-07,Bellerive Oval,2,40.1,Zimbabwe,Ireland,CR Ervine,SC Williams,KJ O'Brien,1,0,,,,,,,,,
656457,2014/15,2015-03-07,Bellerive Oval,2,40.2,Zimbabwe,Ireland,SC Williams,CR Ervine,KJ O'Brien,2,0,,,,,,,,,
656457,2014/15,2015-03-07,Bellerive Oval,2,40.3,Zimbabwe,Ireland,SC Williams,CR Ervine,KJ O'Brien,1,0,,,,,,,,,
656457,2014/15,2015-03-07,Bellerive Oval,2,40.4,Zimbabwe,Ireland,CR Ervine,SC Williams,KJ O'Brien,4,0,,,,,,,,,
656457,2014/15,2015-03-07,Bellerive Oval,2,40.5,Zimbabwe,Ireland,CR Ervine,SC Williams,KJ O'Brien,0,1,,,,1,,,,,
656457,2014/15,2015-03-07,Bellerive Oval,2,40.6,Zimbabwe,Ireland,SC Williams,CR Ervine,KJ O'Brien,4,0,,,,,,,,,
656457,2014/15,2015-03-07,Bellerive Oval,2,41.1,Zimbabwe,Ireland,CR Ervine,SC Williams,JF Mooney,0,0,,,,,,,,,
656457,2014/15,2015-03-07,Bellerive Oval,2,41.2,Zimbabwe,Ireland,CR Ervine,SC Williams,JF Mooney,1,0,,,,,,,,,
656457,2014/15,2015-03-07,Bellerive Oval,2,41.3,Zimbabwe,Ireland,SC Williams,CR Ervine,JF Mooney,0,0,,,,,,,,,
656457,2014/15,2015-03-07,Bellerive Oval,2,41.4,Zimbabwe,Ireland,SC Williams,CR Ervine,JF Mooney,0,1,,,,1,,,,,
656457,2014/15,2015-03-07,Bellerive Oval,2,41.5,Zimbabwe,Ireland,CR Ervine,SC Williams,JF Mooney,1,0,,,,,,,,,
656457,2014/15,2015-03-07,Bellerive Oval,2,41.6,Zimbabwe,Ireland,SC Williams,CR Ervine,JF Mooney,0,0,,,,,,,,,
656457,2014/15,2015-03-07,Bellerive Oval,2,42.1,Zimbabwe,Ireland,CR Ervine,SC Williams,AR McBrine,1,0,,,,,,,,,
656457,2014/15,2015-03-07,Bellerive Oval,2,42.2,Zimbabwe,Ireland,SC Williams,CR Ervine,AR McBrine,1,0,,,,,,,,,
656457,2014/15,2015-03-07,Bellerive Oval,2,42.3,Zimbabwe,Ireland,CR Ervine,SC Williams,AR McBrine,0,0,,,,,,caught,CR Ervine,,
656457,2014/15,2015-03-07,Bellerive Oval,2,42.4,Zimbabwe,Ireland,RW Chakabva,SC Williams,AR McBrine,0,0,,,,,,,,,
656457,2014/15,2015-03-07,Bellerive Oval,2,42.5,Zimbabwe,Ireland,RW Chakabva,SC Williams,AR McBrine,2,0,,,,,,,,,
656457,2014/15,2015-03-07,Bellerive Oval,2,42.6,Zimbabwe,Ireland,RW Chakabva,SC Williams,AR McBrine,1,0,,,,,,,,,
656457,2014/15,2015-03-07,Bellerive Oval,2,43.1,Zimbabwe,Ireland,RW Chakabva,SC Williams,JF Mooney,2,0,,,,,,,,,
656457,2014/15,2015-03-07,Bellerive Oval,2,43.2,Zimbabwe,Ireland,RW Chakabva,SC Williams,JF Mooney,1,0,,,,,,,,,
656457,2014/15,2015-03-07,Bellerive Oval,2,43.3,Zimbabwe,Ireland,SC Williams,RW Chakabva,JF Mooney,2,0,,,,,,,,,
656457,2014/15,2015-03-07,Bellerive Oval,2,43.4,Zimbabwe,Ireland,SC Williams,RW Chakabva,JF Mooney,4,0,,,,,,,,,
656457,2014/15,2015-03-07,Bellerive Oval,2,43.5,Zimbabwe,Ireland,SC Williams,RW Chakabva,JF Mooney,1,0,,,,,,,,,
656457,2014/15,2015-03-07,Bellerive Oval,2,43.6,Zimbabwe,Ireland,RW Chakabva,SC Williams,JF Mooney,1,0,,,,,,,,,
656457,2014/15,2015-03-07,Bellerive Oval,2,44.1,Zimbabwe,Ireland,RW Chakabva,SC Williams,AR McBrine,1,0,,,,,,,,,
656457,2014/15,2015-03-07,Bellerive Oval,2,44.2,Zimbabwe,Ireland,SC Williams,RW Chakabva,AR McBrine,1,0,,,,,,,,,
656457,2014/15,2015-03-07,Bellerive Oval,2,44.3,Zimbabwe,Ireland,RW Chakabva,SC Williams,AR McBrine,1,0,,,,,,,,,
656457,2014/15,2015-03-07,Bellerive Oval,2,44.4,Zimbabwe,Ireland,SC Williams,RW Chakabva,AR McBrine,6,0,,,,,,,,,
656457,2014/15,2015-03-07,Bellerive Oval,2,44.5,Zimbabwe,Ireland,SC Williams,RW Chakabva,AR McBrine,1,0,,,,,,,,,
656457,2014/15,2015-03-07,Bellerive Oval,2,44.6,Zimbabwe,Ireland,RW Chakabva,SC Williams,AR McBrine,0,0,,,,,,,,,
656457,2014/15,2015-03-07,Bellerive Oval,2,45.1,Zimbabwe,Ireland,SC Williams,RW Chakabva,AR Cusack,2,0,,,,,,,,,
656457,2014/15,2015-03-07,Bellerive Oval,2,45.2,Zimbabwe,Ireland,SC Williams,RW Chakabva,AR Cusack,1,0,,,,,,,,,
656457,2014/15,2015-03-07,Bellerive Oval,2,45.3,Zimbabwe,Ireland,RW Chakabva,SC Williams,AR Cusack,1,0,,,,,,,,,
656457,2014/15,2015-03-07,Bellerive Oval,2,45.4,Zimbabwe,Ireland,SC Williams,RW Chakabva,AR Cusack,1,0,,,,,,,,,
656457,2014/15,2015-03-07,Bellerive Oval,2,45.5,Zimbabwe,Ireland,RW Chakabva,SC Williams,AR Cusack,0,3,,,,3,,,,,
656457,2014/15,2015-03-07,Bellerive Oval,2,45.6,Zimbabwe,Ireland,SC Williams,RW Chakabva,AR Cusack,2,0,,,,,,,,,
656457,2014/15,2015-03-07,Bellerive Oval,2,46.1,Zimbabwe,Ireland,RW Chakabva,SC Williams,KJ O'Brien,4,0,,,,,,,,,
656457,2014/15,2015-03-07,Bellerive Oval,2,46.2,Zimbabwe,Ireland,RW Chakabva,SC Williams,KJ O'Brien,1,0,,,,,,,,,
656457,2014/15,2015-03-07,Bellerive Oval,2,46.3,Zimbabwe,Ireland,SC Williams,RW Chakabva,KJ O'Brien,0,0,,,,,,,,,
656457,2014/15,2015-03-07,Bellerive Oval,2,46.4,Zimbabwe,Ireland,SC Williams,RW Chakabva,KJ O'Brien,2,0,,,,,,,,,
656457,2014/15,2015-03-07,Bellerive Oval,2,46.5,Zimbabwe,Ireland,SC Williams,RW Chakabva,KJ O'Brien,0,0,,,,,,caught,SC Williams,,
656457,2014/15,2015-03-07,Bellerive Oval,2,46.6,Zimbabwe,Ireland,T Panyangara,RW Chakabva,KJ O'Brien,1,0,,,,,,,,,
656457,2014/15,2015-03-07,Bellerive Oval,2,47.1,Zimbabwe,Ireland,T Panyangara,RW Chakabva,JF Mooney,0,0,,,,,,,,,
656457,2014/15,2015-03-07,Bellerive Oval,2,47.2,Zimbabwe,Ireland,T Panyangara,RW Chakabva,JF Mooney,2,0,,,,,,,,,
656457,2014/15,2015-03-07,Bellerive Oval,2,47.3,Zimbabwe,Ireland,T Panyangara,RW Chakabva,JF Mooney,2,0,,,,,,,,,
656457,2014/15,2015-03-07,Bellerive Oval,2,47.4,Zimbabwe,Ireland,T Panyangara,RW Chakabva,JF Mooney,0,0,,,,,,caught,T Panyangara,,
656457,2014/15,2015-03-07,Bellerive Oval,2,47.5,Zimbabwe,Ireland,RW Chakabva,T Mupariwa,JF Mooney,1,0,,,,,,,,,
656457,2014/15,2015-03-07,Bellerive Oval,2,47.6,Zimbabwe,Ireland,T Mupariwa,RW Chakabva,JF Mooney,0,0,,,,,,,,,
656457,2014/15,2015-03-07,Bellerive Oval,2,48.1,Zimbabwe,Ireland,RW Chakabva,T Mupariwa,KJ O'Brien,1,0,,,,,,,,,
656457,2014/15,2015-03-07,Bellerive Oval,2,48.2,Zimbabwe,Ireland,T Mupariwa,RW Chakabva,KJ O'Brien,2,0,,,,,,,,,
656457,2014/15,2015-03-07,Bellerive Oval,2,48.3,Zimbabwe,Ireland,T Mupariwa,RW Chakabva,KJ O'Brien,4,0,,,,,,,,,
656457,2014/15,2015-03-07,Bellerive Oval,2,48.4,Zimbabwe,Ireland,T Mupariwa,RW Chakabva,KJ O'Brien,4,0,,,,,,,,,
656457,2014/15,2015-03-07,Bellerive Oval,2,48.5,Zimbabwe,Ireland,T Mupariwa,RW Chakabva,KJ O'Brien,6,0,,,,,,,,,
656457,2014/15,2015-03-07,Bellerive Oval,2,48.6,Zimbabwe,Ireland,T Mupariwa,RW Chakabva,KJ O'Brien,2,0,,,,,,,,,
656457,2014/15,2015-03-07,Bellerive Oval,2,49.1,Zimbabwe,Ireland,RW Chakabva,T Mupariwa,AR Cusack,0,0,,,,,,bowled,RW Chakabva,,
656457,2014/15,2015-03-07,Bellerive Oval,2,49.2,Zimbabwe,Ireland,TL Chatara,T Mupariwa,AR Cusack,1,0,,,,,,,,,
656457,2014/15,2015-03-07,Bellerive Oval,2,49.3,Zimbabwe,Ireland,T Mupariwa,TL Chatara,AR Cusack,0,0,,,,,,caught,T Mupariwa,,
