match_id,season,start_date,venue,innings,ball,batting_team,bowling_team,striker,non_striker,bowler,runs_off_bat,extras,wides,noballs,byes,legbyes,penalty,wicket_type,player_dismissed,other_wicket_type,other_player_dismissed
656477,2014/15,2015-03-14,Bellerive Oval,1,0.1,Scotland,Australia,KJ Coetzer,CS MacLeod,MA Starc,0,0,,,,,,,,,
656477,2014/15,2015-03-14,Bellerive Oval,1,0.2,Scotland,Australia,KJ Coetzer,CS MacLeod,MA Starc,0,0,,,,,,,,,
656477,2014/15,2015-03-14,Bellerive Oval,1,0.3,Scotland,Australia,KJ Coetzer,CS MacLeod,MA Starc,0,0,,,,,,,,,
656477,2014/15,2015-03-14,Bellerive Oval,1,0.4,Scotland,Australia,KJ Coetzer,CS MacLeod,MA Starc,0,0,,,,,,,,,
656477,2014/15,2015-03-14,Bellerive Oval,1,0.5,Scotland,Australia,KJ Coetzer,CS MacLeod,MA Starc,0,0,,,,,,,,,
656477,2014/15,2015-03-14,Bellerive Oval,1,0.6,Scotland,Australia,KJ Coetzer,CS MacLeod,MA Starc,0,0,,,,,,,,,
656477,2014/15,2015-03-14,Bellerive Oval,1,1.1,Scotland,Australia,CS MacLeod,KJ Coetzer,PJ Cummins,0,0,,,,,,,,,
656477,2014/15,2015-03-14,Bellerive Oval,1,1.2,Scotland,Australia,CS MacLeod,KJ Coetzer,PJ Cummins,0,0,,,,,,,,,
656477,2014/15,2015-03-14,Bellerive Oval,1,1.3,Scotland,Australia,CS MacLeod,KJ Coetzer,PJ Cummins,0,0,,,,,,,,,
656477,2014/15,2015-03-14,Bellerive Oval,1,1.4,Scotland,Australia,CS MacLeod,KJ Coetzer,PJ Cummins,0,0,,,,,,,,,
656477,2014/15,2015-03-14,Bellerive Oval,1,1.5,Scotland,Australia,CS MacLeod,KJ Coetzer,PJ Cummins,4,0,,,,,,,,,
656477,2014/15,2015-03-14,Bellerive Oval,1,1.6,Scotland,Australia,CS MacLeod,KJ Coetzer,PJ Cummins,4,0,,,,,,,,,
656477,2014/15,2015-03-14,Bellerive Oval,1,2.1,Scotland,Australia,KJ Coetzer,CS MacLeod,MA Starc,0,0,,,,,,,,,
656477,2014/15,2015-03-14,Bellerive Oval,1,2.2,Scotland,Australia,KJ Coetzer,CS MacLeod,MA Starc,0,0,,,,,,,,,
656477,2014/15,2015-03-14,Bellerive Oval,1,2.3,Scotland,Australia,KJ Coetzer,CS MacLeod,MA Starc,0,0,,,,,,,,,
656477,2014/15,2015-03-14,Bellerive Oval,1,2.4,Scotland,Australia,KJ Coetzer,CS MacLeod,MA Starc,0,0,,,,,,,,,
656477,2014/15,2015-03-14,Bellerive Oval,1,2.5,Scotland,Australia,KJ Coetzer,CS MacLeod,MA Starc,0,0,,,,,,caught,KJ Coetzer,,
656477,2014/15,2015-03-14,Bellerive Oval,1,2.6,Scotland,Australia,MW Machan,CS MacLeod,MA Starc,1,0,,,,,,,,,
656477,2014/15,2015-03-14,Bellerive Oval,1,3.1,Scotland,Australia,MW Machan,CS MacLeod,PJ Cummins,1,0,,,,,,,,,
656477,2014/15,2015-03-14,Bellerive Oval,1,3.2,Scotland,Australia,CS MacLeod,MW Machan,PJ Cummins,4,0,,,,,,,,,
656477,2014/15,2015-03-14,Bellerive Oval,1,3.3,Scotland,Australia,CS MacLeod,MW Machan,PJ Cummins,0,0,,,,,,,,,
656477,2014/15,2015-03-14,Bellerive Oval,1,3.4,Scotland,Australia,CS MacLeod,MW Machan,PJ Cummins,0,0,,,,,,,,,
656477,2014/15,2015-03-14,Bellerive Oval,1,3.5,Scotland,Australia,CS MacLeod,MW Machan,PJ Cummins,4,0,,,,,,,,,
656477,2014/15,2015-03-14,Bellerive Oval,1,3.6,Scotland,Australia,CS MacLeod,MW Machan,PJ Cummins,0,0,,,,,,,,,
656477,2014/15,2015-03-14,Bellerive Oval,1,4.1,Scotland,Australia,MW Machan,CS MacLeod,MA Starc,2,0,,,,,,,,,
656477,2014/15,2015-03-14,Bellerive Oval,1,4.2,Scotland,Australia,MW Machan,CS MacLeod,MA Starc,0,0,,,,,,,,,
656477,2014/15,2015-03-14,Bellerive Oval,1,4.3,Scotland,Australia,MW Machan,CS MacLeod,MA Starc,4,0,,,,,,,,,
656477,2014/15,2015-03-14,Bellerive Oval,1,4.4,Scotland,Australia,MW Machan,CS MacLeod,MA Starc,0,1,1,,,,,,,,
656477,2014/15,2015-03-14,Bellerive Oval,1,4.5,Scotland,Australia,MW Machan,CS MacLeod,MA Starc,0,0,,,,,,,,,
656477,2014/15,2015-03-14,Bellerive Oval,1,4.6,Scotland,Australia,MW Machan,CS MacLeod,MA Starc,0,0,,,,,,,,,
656477,2014/15,2015-03-14,Bellerive Oval,1,4.7,Scotland,Australia,MW Machan,CS MacLeod,MA Starc,0,0,,,,,,,,,
656477,2014/15,2015-03-14,Bellerive Oval,1,5.1,Scotland,Australia,CS MacLeod,MW Machan,SR Watson,0,0,,,,,,,,,
656477,2014/15,2015-03-14,Bellerive Oval,1,5.2,Scotland,Australia,CS MacLeod,MW Machan,SR Watson,0,0,,,,,,,,,
656477,2014/15,2015-03-14,Bellerive Oval,1,5.3,Scotland,Australia,CS MacLeod,MW Machan,SR Watson,1,0,,,,,,,,,
656477,2014/15,2015-03-14,Bellerive Oval,1,5.4,Scotland,Australia,MW Machan,CS MacLeod,SR Watson,0,0,,,,,,,,,
656477,2014/15,2015-03-14,Bellerive Oval,1,5.5,Scotland,Australia,MW Machan,CS MacLeod,SR Watson,4,0,,,,,,,,,
656477,2014/15,2015-03-14,Bellerive Oval,1,5.6,Scotland,Australia,MW Machan,CS MacLeod,SR Watson,0,0,,,,,,,,,
656477,2014/15,2015-03-14,Bellerive Oval,1,6.1,Scotland,Australia,CS MacLeod,MW Machan,MA Starc,4,0,,,,,,,,,
656477,2014/15,2015-03-14,Bellerive Oval,1,6.2,Scotland,Australia,CS MacLeod,MW Machan,MA Starc,1,0,,,,,,,,,
656477,2014/15,2015-03-14,Bellerive Oval,1,6.3,Scotland,Australia,MW Machan,CS MacLeod,MA Starc,1,0,,,,,,,,,
656477,2014/15,2015-03-14,Bellerive Oval,1,6.4,Scotland,Australia,CS MacLeod,MW Machan,MA Starc,0,0,,,,,,,,,
656477,2014/15,2015-03-14,Bellerive Oval,1,6.5,Scotland,Australia,CS MacLeod,MW Machan,MA Starc,0,0,,,,,,,,,
656477,2014/15,2015-03-14,Bellerive Oval,1,6.6,Scotland,Australia,CS MacLeod,MW Machan,MA Starc,0,0,,,,,,caught,CS MacLeod,,
656477,2014/15,2015-03-14,Bellerive Oval,1,7.1,Scotland,Australia,MW Machan,PL Mommsen,SR Watson,1,0,,,,,,,,,
656477,2014/15,2015-03-14,Bellerive Oval,1,7.2,Scotland,Australia,PL Mommsen,MW Machan,SR Watson,0,0,,,,,,,,,
656477,2014/15,2015-03-14,Bellerive Oval,1,7.3,Scotland,Australia,PL Mommsen,MW Machan,SR Watson,0,0,,,,,,caught,PL Mommsen,,
656477,2014/15,2015-03-14,Bellerive Oval,1,7.4,Scotland,Australia,MW Machan,FRJ Coleman,SR Watson,0,0,,,,,,,,,
656477,2014/15,2015-03-14,Bellerive Oval,1,7.5,Scotland,Australia,MW Machan,FRJ Coleman,SR Watson,2,0,,,,,,,,,
656477,2014/15,2015-03-14,Bellerive Oval,1,7.6,Scotland,Australia,MW Machan,FRJ Coleman,SR Watson,4,0,,,,,,,,,
656477,2014/15,2015-03-14,Bellerive Oval,1,8.1,Scotland,Australia,FRJ Coleman,MW Machan,MG Johnson,0,0,,,,,,,,,
656477,2014/15,2015-03-14,Bellerive Oval,1,8.2,Scotland,Australia,FRJ Coleman,MW Machan,MG Johnson,0,0,,,,,,,,,
656477,2014/15,2015-03-14,Bellerive Oval,1,8.3,Scotland,Australia,FRJ Coleman,MW Machan,MG Johnson,0,0,,,,,,,,,
656477,2014/15,2015-03-14,Bellerive Oval,1,8.4,Scotland,Australia,FRJ Coleman,MW Machan,MG Johnson,0,0,,,,,,,,,
656477,2014/15,2015-03-14,Bellerive Oval,1,8.5,Scotland,Australia,FRJ Coleman,MW Machan,MG Johnson,0,0,,,,,,,,,
656477,2014/15,2015-03-14,Bellerive Oval,1,8.6,Scotland,Australia,FRJ Coleman,MW Machan,MG Johnson,0,0,,,,,,,,,
656477,2014/15,2015-03-14,Bellerive Oval,1,9.1,Scotland,Australia,MW Machan,FRJ Coleman,SR Watson,0,0,,,,,,,,,
656477,2014/15,2015-03-14,Bellerive Oval,1,9.2,Scotland,Australia,MW Machan,FRJ Coleman,SR Watson,2,0,,,,,,,,,
656477,2014/15,2015-03-14,Bellerive Oval,1,9.3,Scotland,Australia,MW Machan,FRJ Coleman,SR Watson,4,0,,,,,,,,,
656477,2014/15,2015-03-14,Bellerive Oval,1,9.4,Scotland,Australia,MW Machan,FRJ Coleman,SR Watson,0,0,,,,,,,,,
656477,2014/15,2015-03-14,Bellerive Oval,1,9.5,Scotland,Australia,MW Machan,FRJ Coleman,SR Watson,0,0,,,,,,,,,
656477,2014/15,2015-03-14,Bellerive Oval,1,9.6,Scotland,Australia,MW Machan,FRJ Coleman,SR Watson,0,0,,,,,,,,,
656477,2014/15,2015-03-14,Bellerive Oval,1,10.1,Scotland,Australia,FRJ Coleman,MW Machan,MG Johnson,0,1,1,,,,,,,,
656477,2014/15,2015-03-14,Bellerive Oval,1,10.2,Scotland,Australia,FRJ Coleman,MW Machan,MG Johnson,0,0,,,,,,caught,FRJ Coleman,,
656477,2014/15,2015-03-14,Bellerive Oval,1,10.3,Scotland,Australia,RD Berrington,MW Machan,MG Johnson,0,0,,,,,,,,,
656477,2014/15,2015-03-14,Bellerive Oval,1,10.4,Scotland,Australia,RD Berrington,MW Machan,MG Johnson,0,0,,,,,,,,,
656477,2014/15,2015-03-14,Bellerive Oval,1,10.5,Scotland,Australia,RD Berrington,MW Machan,MG Johnson,0,0,,,,,,,,,
656477,2014/15,2015-03-14,Bellerive Oval,1,10.6,Scotland,Australia,RD Berrington,MW Machan,MG Johnson,0,0,,,,,,,,,
656477,2014/15,2015-03-14,Bellerive Oval,1,10.7,Scotland,Australia,RD Berrington,MW Machan,MG Johnson,1,0,,,,,,,,,
656477,2014/15,2015-03-14,Bellerive Oval,1,11.1,Scotland,Australia,RD Berrington,MW Machan,GJ Maxwell,0,0,,,,,,caught,RD Berrington,,
656477,2014/15,2015-03-14,Bellerive Oval,1,11.2,Scotland,Australia,MH Cross,MW Machan,GJ Maxwell,0,0,,,,,,,,,
656477,2014/15,2015-03-14,Bellerive Oval,1,11.3,Scotland,Australia,MH Cross,MW Machan,GJ Maxwell,0,0,,,,,,,,,
656477,2014/15,2015-03-14,Bellerive Oval,1,11.4,Scotland,Australia,MH Cross,MW Machan,GJ Maxwell,0,0,,,,,,,,,
656477,2014/15,2015-03-14,Bellerive Oval,1,11.5,Scotland,Australia,MH Cross,MW Machan,GJ Maxwell,0,4,4,,,,,,,,
656477,2014/15,2015-03-14,Bellerive Oval,1,11.6,Scotland,Australia,MW Machan,MH Cross,GJ Maxwell,0,0,,,,,,,,,
656477,2014/15,2015-03-14,Bellerive Oval,1,11.7,Scotland,Australia,MW Machan,MH Cross,GJ Maxwell,2,0,,,,,,,,,
656477,2014/15,2015-03-14,Bellerive Oval,1,12.1,Scotland,Australia,MH Cross,MW Machan,MG Johnson,0,0,,,,,,,,,
656477,2014/15,2015-03-14,Bellerive Oval,1,12.2,Scotland,Australia,MH Cross,MW Machan,MG Johnson,4,0,,,,,,,,,
656477,2014/15,2015-03-14,Bellerive Oval,1,12.3,Scotland,Australia,MH Cross,MW Machan,MG Johnson,0,0,,,,,,,,,
656477,2014/15,2015-03-14,Bellerive Oval,1,12.4,Scotland,Australia,MH Cross,MW Machan,MG Johnson,0,0,,,,,,,,,
656477,2014/15,2015-03-14,Bellerive Oval,1,12.5,Scotland,Australia,MH Cross,MW Machan,MG Johnson,0,0,,,,,,,,,
656477,2014/15,2015-03-14,Bellerive Oval,1,12.6,Scotland,Australia,MH Cross,MW Machan,MG Johnson,0,0,,,,,,,,,
656477,2014/15,2015-03-14,Bellerive Oval,1,13.1,Scotland,Australia,MW Machan,MH Cross,GJ Maxwell,1,0,,,,,,,,,
656477,2014/15,2015-03-14,Bellerive Oval,1,13.2,Scotland,Australia,MH Cross,MW Machan,GJ Maxwell,0,0,,,,,,,,,
656477,2014/15,2015-03-14,Bellerive Oval,1,13.3,Scotland,Australia,MH Cross,MW Machan,GJ Maxwell,1,0,,,,,,,,,
656477,2014/15,2015-03-14,Bellerive Oval,1,13.4,Scotland,Australia,MW Machan,MH Cross,GJ Maxwell,0,0,,,,,,,,,
656477,2014/15,2015-03-14,Bellerive Oval,1,13.5,Scotland,Australia,MW Machan,MH Cross,GJ Maxwell,1,0,,,,,,,,,
656477,2014/15,2015-03-14,Bellerive Oval,1,13.6,Scotland,Australia,MH Cross,MW Machan,GJ Maxwell,0,0,,,,,,,,,
656477,2014/15,2015-03-14,Bellerive Oval,1,14.1,Scotland,Australia,MW Machan,MH Cross,MG Johnson,0,0,,,,,,,,,
656477,2014/15,2015-03-14,Bellerive Oval,1,14.2,Scotland,Australia,MW Machan,MH Cross,MG Johnson,4,0,,,,,,,,,
656477,2014/15,2015-03-14,Bellerive Oval,1,14.3,Scotland,Australia,MW Machan,MH Cross,MG Johnson,4,0,,,,,,,,,
656477,2014/15,2015-03-14,Bellerive Oval,1,14.4,Scotland,Australia,MW Machan,MH Cross,MG Johnson,0,0,,,,,,,,,
656477,2014/15,2015-03-14,Bellerive Oval,1,14.5,Scotland,Australia,MW Machan,MH Cross,MG Johnson,2,0,,,,,,,,,
656477,2014/15,2015-03-14,Bellerive Oval,1,14.6,Scotland,Australia,MW Machan,MH Cross,MG Johnson,0,0,,,,,,,,,
656477,2014/15,2015-03-14,Bellerive Oval,1,15.1,Scotland,Australia,MH Cross,MW Machan,GJ Maxwell,4,0,,,,,,,,,
656477,2014/15,2015-03-14,Bellerive Oval,1,15.2,Scotland,Australia,MH Cross,MW Machan,GJ Maxwell,0,0,,,,,,,,,
656477,2014/15,2015-03-14,Bellerive Oval,1,15.3,Scotland,Australia,MH Cross,MW Machan,GJ Maxwell,0,0,,,,,,,,,
656477,2014/15,2015-03-14,Bellerive Oval,1,15.4,Scotland,Australia,MH Cross,MW Machan,GJ Maxwell,0,0,,,,,,,,,
656477,2014/15,2015-03-14,Bellerive Oval,1,15.5,Scotland,Australia,MH Cross,MW Machan,GJ Maxwell,0,0,,,,,,,,,
656477,2014/15,2015-03-14,Bellerive Oval,1,15.6,Scotland,Australia,MH Cross,MW Machan,GJ Maxwell,0,0,,,,,,,,,
656477,2014/15,2015-03-14,Bellerive Oval,1,16.1,Scotland,Australia,MW Machan,MH Cross,PJ Cummins,0,0,,,,,,,,,
656477,2014/15,2015-03-14,Bellerive Oval,1,16.2,Scotland,Australia,MW Machan,MH Cross,PJ Cummins,0,0,,,,,,caught,MW Machan,,
656477,2014/15,2015-03-14,Bellerive Oval,1,16.3,Scotland,Australia,MH Cross,JH Davey,PJ Cummins,0,1,1,,,,,,,,
656477,2014/15,2015-03-14,Bellerive Oval,1,16.4,Scotland,Australia,MH Cross,JH Davey,PJ Cummins,0,0,,,,,,,,,
656477,2014/15,2015-03-14,Bellerive Oval,1,16.5,Scotland,Australia,MH Cross,JH Davey,PJ Cummins,0,0,,,,,,caught,MH Cross,,
656477,2014/15,2015-03-14,Bellerive Oval,1,16.6,Scotland,Australia,RML Taylor,JH Davey,PJ Cummins,0,0,,,,,,,,,
656477,2014/15,2015-03-14,Bellerive Oval,1,16.7,Scotland,Australia,RML Taylor,JH Davey,PJ Cummins,0,0,,,,,,,,,
656477,2014/15,2015-03-14,Bellerive Oval,1,17.1,Scotland,Australia,JH Davey,RML Taylor,GJ Maxwell,0,0,,,,,,,,,
656477,2014/15,2015-03-14,Bellerive Oval,1,17.2,Scotland,Australia,JH Davey,RML Taylor,GJ Maxwell,4,0,,,,,,,,,
656477,2014/15,2015-03-14,Bellerive Oval,1,17.3,Scotland,Australia,JH Davey,RML Taylor,GJ Maxwell,0,0,,,,,,,,,
656477,2014/15,2015-03-14,Bellerive Oval,1,17.4,Scotland,Australia,JH Davey,RML Taylor,GJ Maxwell,4,0,,,,,,,,,
656477,2014/15,2015-03-14,Bellerive Oval,1,17.5,Scotland,Australia,JH Davey,RML Taylor,GJ Maxwell,2,0,,,,,,,,,
656477,2014/15,2015-03-14,Bellerive Oval,1,17.6,Scotland,Australia,JH Davey,RML Taylor,GJ Maxwell,1,0,,,,,,,,,
656477,2014/15,2015-03-14,Bellerive Oval,1,18.1,Scotland,Australia,JH Davey,RML Taylor,PJ Cummins,0,0,,,,,,,,,
656477,2014/15,2015-03-14,Bellerive Oval,1,18.2,Scotland,Australia,JH Davey,RML Taylor,PJ Cummins,0,0,,,,,,,,,
656477,2014/15,2015-03-14,Bellerive Oval,1,18.3,Scotland,Australia,JH Davey,RML Taylor,PJ Cummins,0,1,,,,1,,,,,
656477,2014/15,2015-03-14,Bellerive Oval,1,18.4,Scotland,Australia,RML Taylor,JH Davey,PJ Cummins,0,0,,,,,,,,,
656477,2014/15,2015-03-14,Bellerive Oval,1,18.5,Scotland,Australia,RML Taylor,JH Davey,PJ Cummins,0,0,,,,,,,,,
656477,2014/15,2015-03-14,Bellerive Oval,1,18.6,Scotland,Australia,RML Taylor,JH Davey,PJ Cummins,0,0,,,,,,,,,
656477,2014/15,2015-03-14,Bellerive Oval,1,19.1,Scotland,Australia,JH Davey,RML Taylor,JP Faulkner,0,0,,,,,,,,,
656477,2014/15,2015-03-14,Bellerive Oval,1,19.2,Scotland,Australia,JH Davey,RML Taylor,JP Faulkner,0,0,,,,,,,,,
656477,2014/15,2015-03-14,Bellerive Oval,1,19.3,Scotland,Australia,JH Davey,RML Taylor,JP Faulkner,0,0,,,,,,,,,
656477,2014/15,2015-03-14,Bellerive Oval,1,19.4,Scotland,Australia,JH Davey,RML Taylor,JP Faulkner,0,0,,,,,,,,,
656477,2014/15,2015-03-14,Bellerive Oval,1,19.5,Scotland,Australia,JH Davey,RML Taylor,JP Faulkner,0,0,,,,,,,,,
656477,2014/15,2015-03-14,Bellerive Oval,1,19.6,Scotland,Australia,JH Davey,RML Taylor,JP Faulkner,4,0,,,,,,,,,
656477,2014/15,2015-03-14,Bellerive Oval,1,20.1,Scotland,Australia,RML Taylor,JH Davey,PJ Cummins,0,0,,,,,,caught,RML Taylor,,
656477,2014/15,2015-03-14,Bellerive Oval,1,20.2,Scotland,Australia,MA Leask,JH Davey,PJ Cummins,1,0,,,,,,,,,
656477,2014/15,2015-03-14,Bellerive Oval,1,20.3,Scotland,Australia,JH Davey,MA Leask,PJ Cummins,1,0,,,,,,,,,
656477,2014/15,2015-03-14,Bellerive Oval,1,20.4,Scotland,Australia,MA Leask,JH Davey,PJ Cummins,1,0,,,,,,,,,
656477,2014/15,2015-03-14,Bellerive Oval,1,20.5,Scotland,Australia,JH Davey,MA Leask,PJ Cummins,0,0,,,,,,,,,
656477,2014/15,2015-03-14,Bellerive Oval,1,20.6,Scotland,Australia,JH Davey,MA Leask,PJ Cummins,4,0,,,,,,,,,
656477,2014/15,2015-03-14,Bellerive Oval,1,21.1,Scotland,Australia,MA Leask,JH Davey,JP Faulkner,0,0,,,,,,,,,
656477,2014/15,2015-03-14,Bellerive Oval,1,21.2,Scotland,Australia,MA Leask,JH Davey,JP Faulkner,5,0,,,,,,,,,
656477,2014/15,2015-03-14,Bellerive Oval,1,21.3,Scotland,Australia,JH Davey,MA Leask,JP Faulkner,0,0,,,,,,,,,
656477,2014/15,2015-03-14,Bellerive Oval,1,21.4,Scotland,Australia,JH Davey,MA Leask,JP Faulkner,0,0,,,,,,,,,
656477,2014/15,2015-03-14,Bellerive Oval,1,21.5,Scotland,Australia,JH Davey,MA Leask,JP Faulkner,0,0,,,,,,,,,
656477,2014/15,2015-03-14,Bellerive Oval,1,21.6,Scotland,Australia,JH Davey,MA Leask,JP Faulkner,2,0,,,,,,,,,
656477,2014/15,2015-03-14,Bellerive Oval,1,22.1,Scotland,Australia,MA Leask,JH Davey,PJ Cummins,0,0,,,,,,,,,
656477,2014/15,2015-03-14,Bellerive Oval,1,22.2,Scotland,Australia,MA Leask,JH Davey,PJ Cummins,4,0,,,,,,,,,
656477,2014/15,2015-03-14,Bellerive Oval,1,22.3,Scotland,Australia,MA Leask,JH Davey,PJ Cummins,4,0,,,,,,,,,
656477,2014/15,2015-03-14,Bellerive Oval,1,22.4,Scotland,Australia,MA Leask,JH Davey,PJ Cummins,4,0,,,,,,,,,
656477,2014/15,2015-03-14,Bellerive Oval,1,22.5,Scotland,Australia,MA Leask,JH Davey,PJ Cummins,0,0,,,,,,,,,
656477,2014/15,2015-03-14,Bellerive Oval,1,22.6,Scotland,Australia,MA Leask,JH Davey,PJ Cummins,0,0,,,,,,,,,
656477,2014/15,2015-03-14,Bellerive Oval,1,23.1,Scotland,Australia,JH Davey,MA Leask,JP Faulkner,0,0,,,,,,,,,
656477,2014/15,2015-03-14,Bellerive Oval,1,23.2,Scotland,Australia,JH Davey,MA Leask,JP Faulkner,0,1,1,,,,,,,,
656477,2014/15,2015-03-14,Bellerive Oval,1,23.3,Scotland,Australia,JH Davey,MA Leask,JP Faulkner,0,0,,,,,,,,,
656477,2014/15,2015-03-14,Bellerive Oval,1,23.4,Scotland,Australia,JH Davey,MA Leask,JP Faulkner,0,0,,,,,,,,,
656477,2014/15,2015-03-14,Bellerive Oval,1,23.5,Scotland,Australia,JH Davey,MA Leask,JP Faulkner,0,0,,,,,,,,,
656477,2014/15,2015-03-14,Bellerive Oval,1,23.6,Scotland,Australia,JH Davey,MA Leask,JP Faulkner,0,0,,,,,,,,,
656477,2014/15,2015-03-14,Bellerive Oval,1,23.7,Scotland,Australia,JH Davey,MA Leask,JP Faulkner,3,0,,,,,,,,,
656477,2014/15,2015-03-14,Bellerive Oval,1,24.1,Scotland,Australia,JH Davey,MA Leask,PJ Cummins,0,0,,,,,,,,,
656477,2014/15,2015-03-14,Bellerive Oval,1,24.2,Scotland,Australia,JH Davey,MA Leask,PJ Cummins,0,0,,,,,,,,,
656477,2014/15,2015-03-14,Bellerive Oval,1,24.3,Scotland,Australia,JH Davey,MA Leask,PJ Cummins,0,0,,,,,,,,,
656477,2014/15,2015-03-14,Bellerive Oval,1,24.4,Scotland,Australia,JH Davey,MA Leask,PJ Cummins,0,0,,,,,,,,,
656477,2014/15,2015-03-14,Bellerive Oval,1,24.5,Scotland,Australia,JH Davey,MA Leask,PJ Cummins,1,0,,,,,,,,,
656477,2014/15,2015-03-14,Bellerive Oval,1,24.6,Scotland,Australia,MA Leask,JH Davey,PJ Cummins,4,0,,,,,,,,,
656477,2014/15,2015-03-14,Bellerive Oval,1,25.1,Scotland,Australia,JH Davey,MA Leask,MA Starc,0,0,,,,,,,,,
656477,2014/15,2015-03-14,Bellerive Oval,1,25.2,Scotland,Australia,JH Davey,MA Leask,MA Starc,0,0,,,,,,bowled,JH Davey,,
656477,2014/15,2015-03-14,Bellerive Oval,1,25.3,Scotland,Australia,I Wardlaw,MA Leask,MA Starc,0,0,,,,,,,,,
656477,2014/15,2015-03-14,Bellerive Oval,1,25.4,Scotland,Australia,I Wardlaw,MA Leask,MA Starc,0,0,,,,,,bowled,I Wardlaw,,
656477,2014/15,2015-03-14,Bellerive Oval,2,0.1,Australia,Scotland,MJ Clarke,AJ Finch,I Wardlaw,1,0,,,,,,,,,
656477,2014/15,2015-03-14,Bellerive Oval,2,0.2,Australia,Scotland,AJ Finch,MJ Clarke,I Wardlaw,1,0,,,,,,,,,
656477,2014/15,2015-03-14,Bellerive Oval,2,0.3,Australia,Scotland,MJ Clarke,AJ Finch,I Wardlaw,0,0,,,,,,,,,
656477,2014/15,2015-03-14,Bellerive Oval,2,0.4,Australia,Scotland,MJ Clarke,AJ Finch,I Wardlaw,0,0,,,,,,,,,
656477,2014/15,2015-03-14,Bellerive Oval,2,0.5,Australia,Scotland,MJ Clarke,AJ Finch,I Wardlaw,4,0,,,,,,,,,
656477,2014/15,2015-03-14,Bellerive Oval,2,0.6,Australia,Scotland,MJ Clarke,AJ Finch,I Wardlaw,0,0,,,,,,,,,
656477,2014/15,2015-03-14,Bellerive Oval,2,1.1,Australia,Scotland,AJ Finch,MJ Clarke,RML Taylor,1,0,,,,,,,,,
656477,2014/15,2015-03-14,Bellerive Oval,2,1.2,Australia,Scotland,MJ Clarke,AJ Finch,RML Taylor,0,0,,,,,,,,,
656477,2014/15,2015-03-14,Bellerive Oval,2,1.3,Australia,Scotland,MJ Clarke,AJ Finch,RML Taylor,0,0,,,,,,,,,
656477,2014/15,2015-03-14,Bellerive Oval,2,1.4,Australia,Scotland,MJ Clarke,AJ Finch,RML Taylor,0,0,,,,,,,,,
656477,2014/15,2015-03-14,Bellerive Oval,2,1.5,Australia,Scotland,MJ Clarke,AJ Finch,RML Taylor,0,0,,,,,,,,,
656477,2014/15,2015-03-14,Bellerive Oval,2,1.6,Australia,Scotland,MJ Clarke,AJ Finch,RML Taylor,0,0,,,,,,,,,
656477,2014/15,2015-03-14,Bellerive Oval,2,2.1,Australia,Scotland,AJ Finch,MJ Clarke,I Wardlaw,4,0,,,,,,,,,
656477,2014/15,2015-03-14,Bellerive Oval,2,2.2,Australia,Scotland,AJ Finch,MJ Clarke,I Wardlaw,6,0,,,,,,,,,
656477,2014/15,2015-03-14,Bellerive Oval,2,2.3,Australia,Scotland,AJ Finch,MJ Clarke,I Wardlaw,0,0,,,,,,,,,
656477,2014/15,2015-03-14,Bellerive Oval,2,2.4,Australia,Scotland,AJ Finch,MJ Clarke,I Wardlaw,0,0,,,,,,,,,
656477,2014/15,2015-03-14,Bellerive Oval,2,2.5,Australia,Scotland,AJ Finch,MJ Clarke,I Wardlaw,4,0,,,,,,,,,
656477,2014/15,2015-03-14,Bellerive Oval,2,2.6,Australia,Scotland,AJ Finch,MJ Clarke,I Wardlaw,0,0,,,,,,,,,
656477,2014/15,2015-03-14,Bellerive Oval,2,3.1,Australia,Scotland,MJ Clarke,AJ Finch,RML Taylor,0,0,,,,,,,,,
656477,2014/15,2015-03-14,Bellerive Oval,2,3.2,Australia,Scotland,MJ Clarke,AJ Finch,RML Taylor,4,0,,,,,,,,,
656477,2014/15,2015-03-14,Bellerive Oval,2,3.3,Australia,Scotland,MJ Clarke,AJ Finch,RML Taylor,0,0,,,,,,,,,
656477,2014/15,2015-03-14,Bellerive Oval,2,3.4,Australia,Scotland,MJ Clarke,AJ Finch,RML Taylor,1,0,,,,,,,,,
656477,2014/15,2015-03-14,Bellerive Oval,2,3.5,Australia,Scotland,AJ Finch,MJ Clarke,RML Taylor,4,0,,,,,,,,,
656477,2014/15,2015-03-14,Bellerive Oval,2,3.6,Australia,Scotland,AJ Finch,MJ Clarke,RML Taylor,0,0,,,,,,caught,AJ Finch,,
656477,2014/15,2015-03-14,Bellerive Oval,2,4.1,Australia,Scotland,MJ Clarke,SR Watson,I Wardlaw,6,0,,,,,,,,,
656477,2014/15,2015-03-14,Bellerive Oval,2,4.2,Australia,Scotland,MJ Clarke,SR Watson,I Wardlaw,0,1,1,,,,,,,,
656477,2014/15,2015-03-14,Bellerive Oval,2,4.3,Australia,Scotland,MJ Clarke,SR Watson,I Wardlaw,4,0,,,,,,,,,
656477,2014/15,2015-03-14,Bellerive Oval,2,4.4,Australia,Scotland,MJ Clarke,SR Watson,I Wardlaw,0,0,,,,,,,,,
656477,2014/15,2015-03-14,Bellerive Oval,2,4.5,Australia,Scotland,MJ Clarke,SR Watson,I Wardlaw,0,0,,,,,,,,,
656477,2014/15,2015-03-14,Bellerive Oval,2,4.6,Australia,Scotland,MJ Clarke,SR Watson,I Wardlaw,0,0,,,,,,,,,
656477,2014/15,2015-03-14,Bellerive Oval,2,4.7,Australia,Scotland,MJ Clarke,SR Watson,I Wardlaw,0,0,,,,,,,,,
656477,2014/15,2015-03-14,Bellerive Oval,2,5.1,Australia,Scotland,SR Watson,MJ Clarke,RML Taylor,0,0,,,,,,,,,
656477,2014/15,2015-03-14,Bellerive Oval,2,5.2,Australia,Scotland,SR Watson,MJ Clarke,RML Taylor,0,0,,,,,,,,,
656477,2014/15,2015-03-14,Bellerive Oval,2,5.3,Australia,Scotland,SR Watson,MJ Clarke,RML Taylor,0,0,,,,,,,,,
656477,2014/15,2015-03-14,Bellerive Oval,2,5.4,Australia,Scotland,SR Watson,MJ Clarke,RML Taylor,0,0,,,,,,,,,
656477,2014/15,2015-03-14,Bellerive Oval,2,5.5,Australia,Scotland,SR Watson,MJ Clarke,RML Taylor,0,0,,,,,,,,,
656477,2014/15,2015-03-14,Bellerive Oval,2,5.6,Australia,Scotland,SR Watson,MJ Clarke,RML Taylor,1,0,,,,,,,,,
656477,2014/15,2015-03-14,Bellerive Oval,2,6.1,Australia,Scotland,SR Watson,MJ Clarke,JH Davey,1,0,,,,,,,,,
656477,2014/15,2015-03-14,Bellerive Oval,2,6.2,Australia,Scotland,MJ Clarke,SR Watson,JH Davey,0,0,,,,,,,,,
656477,2014/15,2015-03-14,Bellerive Oval,2,6.3,Australia,Scotland,MJ Clarke,SR Watson,JH Davey,1,0,,,,,,,,,
656477,2014/15,2015-03-14,Bellerive Oval,2,6.4,Australia,Scotland,SR Watson,MJ Clarke,JH Davey,0,0,,,,,,,,,
656477,2014/15,2015-03-14,Bellerive Oval,2,6.5,Australia,Scotland,SR Watson,MJ Clarke,JH Davey,1,0,,,,,,,,,
656477,2014/15,2015-03-14,Bellerive Oval,2,6.6,Australia,Scotland,MJ Clarke,SR Watson,JH Davey,0,0,,,,,,,,,
656477,2014/15,2015-03-14,Bellerive Oval,2,7.1,Australia,Scotland,SR Watson,MJ Clarke,RML Taylor,1,0,,,,,,,,,
656477,2014/15,2015-03-14,Bellerive Oval,2,7.2,Australia,Scotland,MJ Clarke,SR Watson,RML Taylor,0,0,,,,,,,,,
656477,2014/15,2015-03-14,Bellerive Oval,2,7.3,Australia,Scotland,MJ Clarke,SR Watson,RML Taylor,4,0,,,,,,,,,
656477,2014/15,2015-03-14,Bellerive Oval,2,7.4,Australia,Scotland,MJ Clarke,SR Watson,RML Taylor,0,0,,,,,,,,,
656477,2014/15,2015-03-14,Bellerive Oval,2,7.5,Australia,Scotland,MJ Clarke,SR Watson,RML Taylor,1,0,,,,,,,,,
656477,2014/15,2015-03-14,Bellerive Oval,2,7.6,Australia,Scotland,SR Watson,MJ Clarke,RML Taylor,4,0,,,,,,,,,
656477,2014/15,2015-03-14,Bellerive Oval,2,8.1,Australia,Scotland,MJ Clarke,SR Watson,JH Davey,0,0,,,,,,,,,
656477,2014/15,2015-03-14,Bellerive Oval,2,8.2,Australia,Scotland,MJ Clarke,SR Watson,JH Davey,0,0,,,,,,,,,
656477,2014/15,2015-03-14,Bellerive Oval,2,8.3,Australia,Scotland,MJ Clarke,SR Watson,JH Davey,0,0,,,,,,,,,
656477,2014/15,2015-03-14,Bellerive Oval,2,8.4,Australia,Scotland,MJ Clarke,SR Watson,JH Davey,0,0,,,,,,,,,
656477,2014/15,2015-03-14,Bellerive Oval,2,8.5,Australia,Scotland,MJ Clarke,SR Watson,JH Davey,0,0,,,,,,,,,
656477,2014/15,2015-03-14,Bellerive Oval,2,8.6,Australia,Scotland,MJ Clarke,SR Watson,JH Davey,0,0,,,,,,,,,
656477,2014/15,2015-03-14,Bellerive Oval,2,9.1,Australia,Scotland,SR Watson,MJ Clarke,RML Taylor,4,0,,,,,,,,,
656477,2014/15,2015-03-14,Bellerive Oval,2,9.2,Australia,Scotland,SR Watson,MJ Clarke,RML Taylor,0,0,,,,,,,,,
656477,2014/15,2015-03-14,Bellerive Oval,2,9.3,Australia,Scotland,SR Watson,MJ Clarke,RML Taylor,0,0,,,,,,,,,
656477,2014/15,2015-03-14,Bellerive Oval,2,9.4,Australia,Scotland,SR Watson,MJ Clarke,RML Taylor,0,0,,,,,,,,,
656477,2014/15,2015-03-14,Bellerive Oval,2,9.5,Australia,Scotland,SR Watson,MJ Clarke,RML Taylor,4,0,,,,,,,,,
656477,2014/15,2015-03-14,Bellerive Oval,2,9.6,Australia,Scotland,SR Watson,MJ Clarke,RML Taylor,0,0,,,,,,,,,
656477,2014/15,2015-03-14,Bellerive Oval,2,10.1,Australia,Scotland,MJ Clarke,SR Watson,JH Davey,0,0,,,,,,,,,
656477,2014/15,2015-03-14,Bellerive Oval,2,10.2,Australia,Scotland,MJ Clarke,SR Watson,JH Davey,4,0,,,,,,,,,
656477,2014/15,2015-03-14,Bellerive Oval,2,10.3,Australia,Scotland,MJ Clarke,SR Watson,JH Davey,0,0,,,,,,,,,
656477,2014/15,2015-03-14,Bellerive Oval,2,10.4,Australia,Scotland,MJ Clarke,SR Watson,JH Davey,4,0,,,,,,,,,
656477,2014/15,2015-03-14,Bellerive Oval,2,10.5,Australia,Scotland,MJ Clarke,SR Watson,JH Davey,0,0,,,,,,,,,
656477,2014/15,2015-03-14,Bellerive Oval,2,10.6,Australia,Scotland,MJ Clarke,SR Watson,JH Davey,0,0,,,,,,,,,
656477,2014/15,2015-03-14,Bellerive Oval,2,11.1,Australia,Scotland,SR Watson,MJ Clarke,I Wardlaw,1,0,,,,,,,,,
656477,2014/15,2015-03-14,Bellerive Oval,2,11.2,Australia,Scotland,MJ Clarke,SR Watson,I Wardlaw,6,0,,,,,,,,,
656477,2014/15,2015-03-14,Bellerive Oval,2,11.3,Australia,Scotland,MJ Clarke,SR Watson,I Wardlaw,0,0,,,,,,,,,
656477,2014/15,2015-03-14,Bellerive Oval,2,11.4,Australia,Scotland,MJ Clarke,SR Watson,I Wardlaw,1,0,,,,,,,,,
656477,2014/15,2015-03-14,Bellerive Oval,2,11.5,Australia,Scotland,SR Watson,MJ Clarke,I Wardlaw,0,0,,,,,,,,,
656477,2014/15,2015-03-14,Bellerive Oval,2,11.6,Australia,Scotland,SR Watson,MJ Clarke,I Wardlaw,2,0,,,,,,,,,
656477,2014/15,2015-03-14,Bellerive Oval,2,12.1,Australia,Scotland,MJ Clarke,SR Watson,JH Davey,1,0,,,,,,,,,
656477,2014/15,2015-03-14,Bellerive Oval,2,12.2,Australia,Scotland,SR Watson,MJ Clarke,JH Davey,1,0,,,,,,,,,
656477,2014/15,2015-03-14,Bellerive Oval,2,12.3,Australia,Scotland,MJ Clarke,SR Watson,JH Davey,0,0,,,,,,,,,
656477,2014/15,2015-03-14,Bellerive Oval,2,12.4,Australia,Scotland,MJ Clarke,SR Watson,JH Davey,1,0,,,,,,,,,
656477,2014/15,2015-03-14,Bellerive Oval,2,12.5,Australia,Scotland,SR Watson,MJ Clarke,JH Davey,4,0,,,,,,,,,
656477,2014/15,2015-03-14,Bellerive Oval,2,12.6,Australia,Scotland,SR Watson,MJ Clarke,JH Davey,0,0,,,,,,caught,SR Watson,,
656477,2014/15,2015-03-14,Bellerive Oval,2,13.1,Australia,Scotland,MJ Clarke,JP Faulkner,I Wardlaw,4,0,,,,,,,,,
656477,2014/15,2015-03-14,Bellerive Oval,2,13.2,Australia,Scotland,MJ Clarke,JP Faulkner,I Wardlaw,0,0,,,,,,caught,MJ Clarke,,
656477,2014/15,2015-03-14,Bellerive Oval,2,13.3,Australia,Scotland,DA Warner,JP Faulkner,I Wardlaw,6,0,,,,,,,,,
656477,2014/15,2015-03-14,Bellerive Oval,2,13.4,Australia,Scotland,DA Warner,JP Faulkner,I Wardlaw,4,0,,,,,,,,,
656477,2014/15,2015-03-14,Bellerive Oval,2,13.5,Australia,Scotland,DA Warner,JP Faulkner,I Wardlaw,1,0,,,,,,,,,
656477,2014/15,2015-03-14,Bellerive Oval,2,13.6,Australia,Scotland,JP Faulkner,DA Warner,I Wardlaw,1,0,,,,,,,,,
656477,2014/15,2015-03-14,Bellerive Oval,2,14.1,Australia,Scotland,JP Faulkner,DA Warner,JH Davey,4,0,,,,,,,,,
656477,2014/15,2015-03-14,Bellerive Oval,2,14.2,Australia,Scotland,JP Faulkner,DA Warner,JH Davey,4,0,,,,,,,,,
656477,2014/15,2015-03-14,Bellerive Oval,2,14.3,Australia,Scotland,JP Faulkner,DA Warner,JH Davey,1,0,,,,,,,,,
656477,2014/15,2015-03-14,Bellerive Oval,2,14.4,Australia,Scotland,DA Warner,JP Faulkner,JH Davey,0,1,1,,,,,,,,
656477,2014/15,2015-03-14,Bellerive Oval,2,14.5,Australia,Scotland,DA Warner,JP Faulkner,JH Davey,6,0,,,,,,,,,
656477,2014/15,2015-03-14,Bellerive Oval,2,14.6,Australia,Scotland,DA Warner,JP Faulkner,JH Davey,4,0,,,,,,,,,
656477,2014/15,2015-03-14,Bellerive Oval,2,14.7,Australia,Scotland,DA Warner,JP Faulkner,JH Davey,0,0,,,,,,,,,
656477,2014/15,2015-03-14,Bellerive Oval,2,15.1,Australia,Scotland,JP Faulkner,DA Warner,MA Leask,0,2,,,,2,,,,,
656477,2014/15,2015-03-14,Bellerive Oval,2,15.2,Australia,Scotland,JP Faulkner,DA Warner,MA Leask,0,1,1,,,,,,,,
656477,2014/15,2015-03-14,Bellerive Oval,2,15.3,Australia,Scotland,JP Faulkner,DA Warner,MA Leask,6,0,,,,,,,,,
