match_id,season,start_date,venue,innings,ball,batting_team,bowling_team,striker,non_striker,bowler,runs_off_bat,extras,wides,noballs,byes,legbyes,penalty,wicket_type,player_dismissed,other_wicket_type,other_player_dismissed
656409,2014/15,2015-02-17,University Oval,1,0.1,Scotland,New Zealand,KJ Coetzer,CS MacLeod,TG Southee,0,0,,,,,,,,,
656409,2014/15,2015-02-17,University Oval,1,0.2,Scotland,New Zealand,KJ Coetzer,CS MacLeod,TG Southee,0,0,,,,,,,,,
656409,2014/15,2015-02-17,University Oval,1,0.3,Scotland,New Zealand,KJ Coetzer,CS MacLeod,TG Southee,0,0,,,,,,,,,
656409,2014/15,2015-02-17,University Oval,1,0.4,Scotland,New Zealand,KJ Coetzer,CS MacLeod,TG Southee,0,0,,,,,,,,,
656409,2014/15,2015-02-17,University Oval,1,0.5,Scotland,New Zealand,KJ Coetzer,CS MacLeod,TG Southee,0,0,,,,,,,,,
656409,2014/15,2015-02-17,University Oval,1,0.6,Scotland,New Zealand,KJ Coetzer,CS MacLeod,TG Southee,0,0,,,,,,,,,
656409,2014/15,2015-02-17,University Oval,1,1.1,Scotland,New Zealand,CS MacLeod,KJ Coetzer,TA Boult,0,1,1,,,,,,,,
656409,2014/15,2015-02-17,University Oval,1,1.2,Scotland,New Zealand,CS MacLeod,KJ Coetzer,TA Boult,0,0,,,,,,lbw,CS MacLeod,,
656409,2014/15,2015-02-17,University Oval,1,1.3,Scotland,New Zealand,HJW Gardiner,KJ Coetzer,TA Boult,0,0,,,,,,lbw,HJW Gardiner,,
656409,2014/15,2015-02-17,University Oval,1,1.4,Scotland,New Zealand,MW Machan,KJ Coetzer,TA Boult,0,0,,,,,,,,,
656409,2014/15,2015-02-17,University Oval,1,1.5,Scotland,New Zealand,MW Machan,KJ Coetzer,TA Boult,0,0,,,,,,,,,
656409,2014/15,2015-02-17,University Oval,1,1.6,Scotland,New Zealand,MW Machan,KJ Coetzer,TA Boult,0,0,,,,,,,,,
656409,2014/15,2015-02-17,University Oval,1,1.7,Scotland,New Zealand,MW Machan,KJ Coetzer,TA Boult,0,0,,,,,,,,,
656409,2014/15,2015-02-17,University Oval,1,2.1,Scotland,New Zealand,KJ Coetzer,MW Machan,TG Southee,0,0,,,,,,,,,
656409,2014/15,2015-02-17,University Oval,1,2.2,Scotland,New Zealand,KJ Coetzer,MW Machan,TG Southee,1,0,,,,,,,,,
656409,2014/15,2015-02-17,University Oval,1,2.3,Scotland,New Zealand,MW Machan,KJ Coetzer,TG Southee,0,0,,,,,,,,,
656409,2014/15,2015-02-17,University Oval,1,2.4,Scotland,New Zealand,MW Machan,KJ Coetzer,TG Southee,4,0,,,,,,,,,
656409,2014/15,2015-02-17,University Oval,1,2.5,Scotland,New Zealand,MW Machan,KJ Coetzer,TG Southee,1,0,,,,,,,,,
656409,2014/15,2015-02-17,University Oval,1,2.6,Scotland,New Zealand,KJ Coetzer,MW Machan,TG Southee,0,0,,,,,,,,,
656409,2014/15,2015-02-17,University Oval,1,3.1,Scotland,New Zealand,MW Machan,KJ Coetzer,TA Boult,0,0,,,,,,,,,
656409,2014/15,2015-02-17,University Oval,1,3.2,Scotland,New Zealand,MW Machan,KJ Coetzer,TA Boult,0,0,,,,,,,,,
656409,2014/15,2015-02-17,University Oval,1,3.3,Scotland,New Zealand,MW Machan,KJ Coetzer,TA Boult,4,0,,,,,,,,,
656409,2014/15,2015-02-17,University Oval,1,3.4,Scotland,New Zealand,MW Machan,KJ Coetzer,TA Boult,0,0,,,,,,,,,
656409,2014/15,2015-02-17,University Oval,1,3.5,Scotland,New Zealand,MW Machan,KJ Coetzer,TA Boult,0,0,,,,,,,,,
656409,2014/15,2015-02-17,University Oval,1,3.6,Scotland,New Zealand,MW Machan,KJ Coetzer,TA Boult,0,1,1,,,,,,,,
656409,2014/15,2015-02-17,University Oval,1,3.7,Scotland,New Zealand,MW Machan,KJ Coetzer,TA Boult,0,0,,,,,,,,,
656409,2014/15,2015-02-17,University Oval,1,4.1,Scotland,New Zealand,KJ Coetzer,MW Machan,TG Southee,0,0,,,,,,caught,KJ Coetzer,,
656409,2014/15,2015-02-17,University Oval,1,4.2,Scotland,New Zealand,PL Mommsen,MW Machan,TG Southee,0,0,,,,,,lbw,PL Mommsen,,
656409,2014/15,2015-02-17,University Oval,1,4.3,Scotland,New Zealand,RD Berrington,MW Machan,TG Southee,0,0,,,,,,,,,
656409,2014/15,2015-02-17,University Oval,1,4.4,Scotland,New Zealand,RD Berrington,MW Machan,TG Southee,0,0,,,,,,,,,
656409,2014/15,2015-02-17,University Oval,1,4.5,Scotland,New Zealand,RD Berrington,MW Machan,TG Southee,0,0,,,,,,,,,
656409,2014/15,2015-02-17,University Oval,1,4.6,Scotland,New Zealand,RD Berrington,MW Machan,TG Southee,0,0,,,,,,,,,
656409,2014/15,2015-02-17,University Oval,1,5.1,Scotland,New Zealand,MW Machan,RD Berrington,TA Boult,0,0,,,,,,,,,
656409,2014/15,2015-02-17,University Oval,1,5.2,Scotland,New Zealand,MW Machan,RD Berrington,TA Boult,0,0,,,,,,,,,
656409,2014/15,2015-02-17,University Oval,1,5.3,Scotland,New Zealand,MW Machan,RD Berrington,TA Boult,1,0,,,,,,,,,
656409,2014/15,2015-02-17,University Oval,1,5.4,Scotland,New Zealand,RD Berrington,MW Machan,TA Boult,0,0,,,,,,,,,
656409,2014/15,2015-02-17,University Oval,1,5.5,Scotland,New Zealand,RD Berrington,MW Machan,TA Boult,0,0,,,,,,,,,
656409,2014/15,2015-02-17,University Oval,1,5.6,Scotland,New Zealand,RD Berrington,MW Machan,TA Boult,1,0,,,,,,,,,
656409,2014/15,2015-02-17,University Oval,1,6.1,Scotland,New Zealand,RD Berrington,MW Machan,TG Southee,1,0,,,,,,,,,
656409,2014/15,2015-02-17,University Oval,1,6.2,Scotland,New Zealand,MW Machan,RD Berrington,TG Southee,0,0,,,,,,,,,
656409,2014/15,2015-02-17,University Oval,1,6.3,Scotland,New Zealand,MW Machan,RD Berrington,TG Southee,4,0,,,,,,,,,
656409,2014/15,2015-02-17,University Oval,1,6.4,Scotland,New Zealand,MW Machan,RD Berrington,TG Southee,0,0,,,,,,,,,
656409,2014/15,2015-02-17,University Oval,1,6.5,Scotland,New Zealand,MW Machan,RD Berrington,TG Southee,0,0,,,,,,,,,
656409,2014/15,2015-02-17,University Oval,1,6.6,Scotland,New Zealand,MW Machan,RD Berrington,TG Southee,0,0,,,,,,,,,
656409,2014/15,2015-02-17,University Oval,1,7.1,Scotland,New Zealand,RD Berrington,MW Machan,TA Boult,0,0,,,,,,,,,
656409,2014/15,2015-02-17,University Oval,1,7.2,Scotland,New Zealand,RD Berrington,MW Machan,TA Boult,0,0,,,,,,,,,
656409,2014/15,2015-02-17,University Oval,1,7.3,Scotland,New Zealand,RD Berrington,MW Machan,TA Boult,0,0,,,,,,,,,
656409,2014/15,2015-02-17,University Oval,1,7.4,Scotland,New Zealand,RD Berrington,MW Machan,TA Boult,0,1,,,1,,,,,,
656409,2014/15,2015-02-17,University Oval,1,7.5,Scotland,New Zealand,MW Machan,RD Berrington,TA Boult,0,0,,,,,,,,,
656409,2014/15,2015-02-17,University Oval,1,7.6,Scotland,New Zealand,MW Machan,RD Berrington,TA Boult,2,0,,,,,,,,,
656409,2014/15,2015-02-17,University Oval,1,8.1,Scotland,New Zealand,RD Berrington,MW Machan,TG Southee,0,0,,,,,,,,,
656409,2014/15,2015-02-17,University Oval,1,8.2,Scotland,New Zealand,RD Berrington,MW Machan,TG Southee,0,0,,,,,,,,,
656409,2014/15,2015-02-17,University Oval,1,8.3,Scotland,New Zealand,RD Berrington,MW Machan,TG Southee,0,0,,,,,,,,,
656409,2014/15,2015-02-17,University Oval,1,8.4,Scotland,New Zealand,RD Berrington,MW Machan,TG Southee,0,0,,,,,,,,,
656409,2014/15,2015-02-17,University Oval,1,8.5,Scotland,New Zealand,RD Berrington,MW Machan,TG Southee,0,0,,,,,,,,,
656409,2014/15,2015-02-17,University Oval,1,8.6,Scotland,New Zealand,RD Berrington,MW Machan,TG Southee,0,0,,,,,,,,,
656409,2014/15,2015-02-17,University Oval,1,9.1,Scotland,New Zealand,MW Machan,RD Berrington,TA Boult,0,0,,,,,,,,,
656409,2014/15,2015-02-17,University Oval,1,9.2,Scotland,New Zealand,MW Machan,RD Berrington,TA Boult,0,0,,,,,,,,,
656409,2014/15,2015-02-17,University Oval,1,9.3,Scotland,New Zealand,MW Machan,RD Berrington,TA Boult,0,0,,,,,,,,,
656409,2014/15,2015-02-17,University Oval,1,9.4,Scotland,New Zealand,MW Machan,RD Berrington,TA Boult,0,0,,,,,,,,,
656409,2014/15,2015-02-17,University Oval,1,9.5,Scotland,New Zealand,MW Machan,RD Berrington,TA Boult,0,0,,,,,,,,,
656409,2014/15,2015-02-17,University Oval,1,9.6,Scotland,New Zealand,MW Machan,RD Berrington,TA Boult,0,0,,,,,,,,,
656409,2014/15,2015-02-17,University Oval,1,10.1,Scotland,New Zealand,RD Berrington,MW Machan,AF Milne,0,0,,,,,,,,,
656409,2014/15,2015-02-17,University Oval,1,10.2,Scotland,New Zealand,RD Berrington,MW Machan,AF Milne,0,0,,,,,,,,,
656409,2014/15,2015-02-17,University Oval,1,10.3,Scotland,New Zealand,RD Berrington,MW Machan,AF Milne,0,0,,,,,,,,,
656409,2014/15,2015-02-17,University Oval,1,10.4,Scotland,New Zealand,RD Berrington,MW Machan,AF Milne,0,0,,,,,,,,,
656409,2014/15,2015-02-17,University Oval,1,10.5,Scotland,New Zealand,RD Berrington,MW Machan,AF Milne,4,0,,,,,,,,,
656409,2014/15,2015-02-17,University Oval,1,10.6,Scotland,New Zealand,RD Berrington,MW Machan,AF Milne,1,0,,,,,,,,,
656409,2014/15,2015-02-17,University Oval,1,11.1,Scotland,New Zealand,RD Berrington,MW Machan,TA Boult,0,0,,,,,,,,,
656409,2014/15,2015-02-17,University Oval,1,11.2,Scotland,New Zealand,RD Berrington,MW Machan,TA Boult,0,0,,,,,,,,,
656409,2014/15,2015-02-17,University Oval,1,11.3,Scotland,New Zealand,RD Berrington,MW Machan,TA Boult,1,0,,,,,,,,,
656409,2014/15,2015-02-17,University Oval,1,11.4,Scotland,New Zealand,MW Machan,RD Berrington,TA Boult,0,0,,,,,,,,,
656409,2014/15,2015-02-17,University Oval,1,11.5,Scotland,New Zealand,MW Machan,RD Berrington,TA Boult,0,1,1,,,,,,,,
656409,2014/15,2015-02-17,University Oval,1,11.6,Scotland,New Zealand,MW Machan,RD Berrington,TA Boult,4,0,,,,,,,,,
656409,2014/15,2015-02-17,University Oval,1,11.7,Scotland,New Zealand,MW Machan,RD Berrington,TA Boult,0,1,1,,,,,,,,
656409,2014/15,2015-02-17,University Oval,1,11.8,Scotland,New Zealand,MW Machan,RD Berrington,TA Boult,4,0,,,,,,,,,
656409,2014/15,2015-02-17,University Oval,1,12.1,Scotland,New Zealand,RD Berrington,MW Machan,AF Milne,0,0,,,,,,,,,
656409,2014/15,2015-02-17,University Oval,1,12.2,Scotland,New Zealand,RD Berrington,MW Machan,AF Milne,0,0,,,,,,,,,
656409,2014/15,2015-02-17,University Oval,1,12.3,Scotland,New Zealand,RD Berrington,MW Machan,AF Milne,0,0,,,,,,,,,
656409,2014/15,2015-02-17,University Oval,1,12.4,Scotland,New Zealand,RD Berrington,MW Machan,AF Milne,0,0,,,,,,,,,
656409,2014/15,2015-02-17,University Oval,1,12.5,Scotland,New Zealand,RD Berrington,MW Machan,AF Milne,2,0,,,,,,,,,
656409,2014/15,2015-02-17,University Oval,1,12.6,Scotland,New Zealand,RD Berrington,MW Machan,AF Milne,0,0,,,,,,,,,
656409,2014/15,2015-02-17,University Oval,1,13.1,Scotland,New Zealand,MW Machan,RD Berrington,DL Vettori,1,0,,,,,,,,,
656409,2014/15,2015-02-17,University Oval,1,13.2,Scotland,New Zealand,RD Berrington,MW Machan,DL Vettori,1,0,,,,,,,,,
656409,2014/15,2015-02-17,University Oval,1,13.3,Scotland,New Zealand,MW Machan,RD Berrington,DL Vettori,0,0,,,,,,,,,
656409,2014/15,2015-02-17,University Oval,1,13.4,Scotland,New Zealand,MW Machan,RD Berrington,DL Vettori,0,0,,,,,,,,,
656409,2014/15,2015-02-17,University Oval,1,13.5,Scotland,New Zealand,MW Machan,RD Berrington,DL Vettori,1,0,,,,,,,,,
656409,2014/15,2015-02-17,University Oval,1,13.6,Scotland,New Zealand,RD Berrington,MW Machan,DL Vettori,0,0,,,,,,,,,
656409,2014/15,2015-02-17,University Oval,1,14.1,Scotland,New Zealand,MW Machan,RD Berrington,AF Milne,0,0,,,,,,,,,
656409,2014/15,2015-02-17,University Oval,1,14.2,Scotland,New Zealand,MW Machan,RD Berrington,AF Milne,0,0,,,,,,,,,
656409,2014/15,2015-02-17,University Oval,1,14.3,Scotland,New Zealand,MW Machan,RD Berrington,AF Milne,0,0,,,,,,,,,
656409,2014/15,2015-02-17,University Oval,1,14.4,Scotland,New Zealand,MW Machan,RD Berrington,AF Milne,1,0,,,,,,,,,
656409,2014/15,2015-02-17,University Oval,1,14.5,Scotland,New Zealand,RD Berrington,MW Machan,AF Milne,0,0,,,,,,,,,
656409,2014/15,2015-02-17,University Oval,1,14.6,Scotland,New Zealand,RD Berrington,MW Machan,AF Milne,3,0,,,,,,,,,
656409,2014/15,2015-02-17,University Oval,1,15.1,Scotland,New Zealand,RD Berrington,MW Machan,DL Vettori,0,0,,,,,,,,,
656409,2014/15,2015-02-17,University Oval,1,15.2,Scotland,New Zealand,RD Berrington,MW Machan,DL Vettori,0,0,,,,,,,,,
656409,2014/15,2015-02-17,University Oval,1,15.3,Scotland,New Zealand,RD Berrington,MW Machan,DL Vettori,0,0,,,,,,,,,
656409,2014/15,2015-02-17,University Oval,1,15.4,Scotland,New Zealand,RD Berrington,MW Machan,DL Vettori,0,0,,,,,,,,,
656409,2014/15,2015-02-17,University Oval,1,15.5,Scotland,New Zealand,RD Berrington,MW Machan,DL Vettori,0,0,,,,,,,,,
656409,2014/15,2015-02-17,University Oval,1,15.6,Scotland,New Zealand,RD Berrington,MW Machan,DL Vettori,0,0,,,,,,,,,
656409,2014/15,2015-02-17,University Oval,1,16.1,Scotland,New Zealand,MW Machan,RD Berrington,AF Milne,0,0,,,,,,,,,
656409,2014/15,2015-02-17,University Oval,1,16.2,Scotland,New Zealand,MW Machan,RD Berrington,AF Milne,0,0,,,,,,,,,
656409,2014/15,2015-02-17,University Oval,1,16.3,Scotland,New Zealand,MW Machan,RD Berrington,AF Milne,1,0,,,,,,,,,
656409,2014/15,2015-02-17,University Oval,1,16.4,Scotland,New Zealand,RD Berrington,MW Machan,AF Milne,0,1,1,,,,,,,,
656409,2014/15,2015-02-17,University Oval,1,16.5,Scotland,New Zealand,RD Berrington,MW Machan,AF Milne,0,0,,,,,,,,,
656409,2014/15,2015-02-17,University Oval,1,16.6,Scotland,New Zealand,RD Berrington,MW Machan,AF Milne,2,0,,,,,,,,,
656409,2014/15,2015-02-17,University Oval,1,16.7,Scotland,New Zealand,RD Berrington,MW Machan,AF Milne,1,0,,,,,,,,,
656409,2014/15,2015-02-17,University Oval,1,17.1,Scotland,New Zealand,RD Berrington,MW Machan,DL Vettori,0,0,,,,,,,,,
656409,2014/15,2015-02-17,University Oval,1,17.2,Scotland,New Zealand,RD Berrington,MW Machan,DL Vettori,0,0,,,,,,,,,
656409,2014/15,2015-02-17,University Oval,1,17.3,Scotland,New Zealand,RD Berrington,MW Machan,DL Vettori,1,0,,,,,,,,,
656409,2014/15,2015-02-17,University Oval,1,17.4,Scotland,New Zealand,MW Machan,RD Berrington,DL Vettori,0,0,,,,,,,,,
656409,2014/15,2015-02-17,University Oval,1,17.5,Scotland,New Zealand,MW Machan,RD Berrington,DL Vettori,2,0,,,,,,,,,
656409,2014/15,2015-02-17,University Oval,1,17.6,Scotland,New Zealand,MW Machan,RD Berrington,DL Vettori,0,0,,,,,,,,,
656409,2014/15,2015-02-17,University Oval,1,18.1,Scotland,New Zealand,RD Berrington,MW Machan,TG Southee,1,0,,,,,,,,,
656409,2014/15,2015-02-17,University Oval,1,18.2,Scotland,New Zealand,MW Machan,RD Berrington,TG Southee,1,0,,,,,,,,,
656409,2014/15,2015-02-17,University Oval,1,18.3,Scotland,New Zealand,RD Berrington,MW Machan,TG Southee,0,0,,,,,,,,,
656409,2014/15,2015-02-17,University Oval,1,18.4,Scotland,New Zealand,RD Berrington,MW Machan,TG Southee,0,0,,,,,,,,,
656409,2014/15,2015-02-17,University Oval,1,18.5,Scotland,New Zealand,RD Berrington,MW Machan,TG Southee,0,0,,,,,,,,,
656409,2014/15,2015-02-17,University Oval,1,18.6,Scotland,New Zealand,RD Berrington,MW Machan,TG Southee,1,0,,,,,,,,,
656409,2014/15,2015-02-17,University Oval,1,19.1,Scotland,New Zealand,RD Berrington,MW Machan,DL Vettori,1,0,,,,,,,,,
656409,2014/15,2015-02-17,University Oval,1,19.2,Scotland,New Zealand,MW Machan,RD Berrington,DL Vettori,0,0,,,,,,,,,
656409,2014/15,2015-02-17,University Oval,1,19.3,Scotland,New Zealand,MW Machan,RD Berrington,DL Vettori,0,0,,,,,,,,,
656409,2014/15,2015-02-17,University Oval,1,19.4,Scotland,New Zealand,MW Machan,RD Berrington,DL Vettori,0,0,,,,,,,,,
656409,2014/15,2015-02-17,University Oval,1,19.5,Scotland,New Zealand,MW Machan,RD Berrington,DL Vettori,0,0,,,,,,,,,
656409,2014/15,2015-02-17,University Oval,1,19.6,Scotland,New Zealand,MW Machan,RD Berrington,DL Vettori,1,0,,,,,,,,,
656409,2014/15,2015-02-17,University Oval,1,20.1,Scotland,New Zealand,MW Machan,RD Berrington,TG Southee,4,0,,,,,,,,,
656409,2014/15,2015-02-17,University Oval,1,20.2,Scotland,New Zealand,MW Machan,RD Berrington,TG Southee,1,0,,,,,,,,,
656409,2014/15,2015-02-17,University Oval,1,20.3,Scotland,New Zealand,RD Berrington,MW Machan,TG Southee,0,0,,,,,,,,,
656409,2014/15,2015-02-17,University Oval,1,20.4,Scotland,New Zealand,RD Berrington,MW Machan,TG Southee,0,0,,,,,,,,,
656409,2014/15,2015-02-17,University Oval,1,20.5,Scotland,New Zealand,RD Berrington,MW Machan,TG Southee,4,0,,,,,,,,,
656409,2014/15,2015-02-17,University Oval,1,20.6,Scotland,New Zealand,RD Berrington,MW Machan,TG Southee,0,0,,,,,,,,,
656409,2014/15,2015-02-17,University Oval,1,21.1,Scotland,New Zealand,MW Machan,RD Berrington,DL Vettori,1,0,,,,,,,,,
656409,2014/15,2015-02-17,University Oval,1,21.2,Scotland,New Zealand,RD Berrington,MW Machan,DL Vettori,1,0,,,,,,,,,
656409,2014/15,2015-02-17,University Oval,1,21.3,Scotland,New Zealand,MW Machan,RD Berrington,DL Vettori,0,0,,,,,,,,,
656409,2014/15,2015-02-17,University Oval,1,21.4,Scotland,New Zealand,MW Machan,RD Berrington,DL Vettori,0,0,,,,,,,,,
656409,2014/15,2015-02-17,University Oval,1,21.5,Scotland,New Zealand,MW Machan,RD Berrington,DL Vettori,0,0,,,,,,,,,
656409,2014/15,2015-02-17,University Oval,1,21.6,Scotland,New Zealand,MW Machan,RD Berrington,DL Vettori,0,0,,,,,,,,,
656409,2014/15,2015-02-17,University Oval,1,22.1,Scotland,New Zealand,RD Berrington,MW Machan,TG Southee,1,0,,,,,,,,,
656409,2014/15,2015-02-17,University Oval,1,22.2,Scotland,New Zealand,MW Machan,RD Berrington,TG Southee,0,0,,,,,,,,,
656409,2014/15,2015-02-17,University Oval,1,22.3,Scotland,New Zealand,MW Machan,RD Berrington,TG Southee,6,0,,,,,,,,,
656409,2014/15,2015-02-17,University Oval,1,22.4,Scotland,New Zealand,MW Machan,RD Berrington,TG Southee,1,0,,,,,,,,,
656409,2014/15,2015-02-17,University Oval,1,22.5,Scotland,New Zealand,RD Berrington,MW Machan,TG Southee,4,0,,,,,,,,,
656409,2014/15,2015-02-17,University Oval,1,22.6,Scotland,New Zealand,RD Berrington,MW Machan,TG Southee,0,0,,,,,,,,,
656409,2014/15,2015-02-17,University Oval,1,23.1,Scotland,New Zealand,MW Machan,RD Berrington,DL Vettori,0,0,,,,,,,,,
656409,2014/15,2015-02-17,University Oval,1,23.2,Scotland,New Zealand,MW Machan,RD Berrington,DL Vettori,1,0,,,,,,,,,
656409,2014/15,2015-02-17,University Oval,1,23.3,Scotland,New Zealand,RD Berrington,MW Machan,DL Vettori,0,0,,,,,,,,,
656409,2014/15,2015-02-17,University Oval,1,23.4,Scotland,New Zealand,RD Berrington,MW Machan,DL Vettori,1,0,,,,,,,,,
656409,2014/15,2015-02-17,University Oval,1,23.5,Scotland,New Zealand,MW Machan,RD Berrington,DL Vettori,0,0,,,,,,,,,
656409,2014/15,2015-02-17,University Oval,1,23.6,Scotland,New Zealand,MW Machan,RD Berrington,DL Vettori,1,0,,,,,,,,,
656409,2014/15,2015-02-17,University Oval,1,24.1,Scotland,New Zealand,MW Machan,RD Berrington,GD Elliott,0,0,,,,,,,,,
656409,2014/15,2015-02-17,University Oval,1,24.2,Scotland,New Zealand,MW Machan,RD Berrington,GD Elliott,1,0,,,,,,,,,
656409,2014/15,2015-02-17,University Oval,1,24.3,Scotland,New Zealand,RD Berrington,MW Machan,GD Elliott,1,0,,,,,,,,,
656409,2014/15,2015-02-17,University Oval,1,24.4,Scotland,New Zealand,MW Machan,RD Berrington,GD Elliott,0,0,,,,,,,,,
656409,2014/15,2015-02-17,University Oval,1,24.5,Scotland,New Zealand,MW Machan,RD Berrington,GD Elliott,1,0,,,,,,,,,
656409,2014/15,2015-02-17,University Oval,1,24.6,Scotland,New Zealand,RD Berrington,MW Machan,GD Elliott,0,0,,,,,,,,,
656409,2014/15,2015-02-17,University Oval,1,25.1,Scotland,New Zealand,MW Machan,RD Berrington,DL Vettori,1,0,,,,,,,,,
656409,2014/15,2015-02-17,University Oval,1,25.2,Scotland,New Zealand,RD Berrington,MW Machan,DL Vettori,6,0,,,,,,,,,
656409,2014/15,2015-02-17,University Oval,1,25.3,Scotland,New Zealand,RD Berrington,MW Machan,DL Vettori,0,0,,,,,,,,,
656409,2014/15,2015-02-17,University Oval,1,25.4,Scotland,New Zealand,RD Berrington,MW Machan,DL Vettori,0,0,,,,,,,,,
656409,2014/15,2015-02-17,University Oval,1,25.5,Scotland,New Zealand,RD Berrington,MW Machan,DL Vettori,0,0,,,,,,,,,
656409,2014/15,2015-02-17,University Oval,1,25.6,Scotland,New Zealand,RD Berrington,MW Machan,DL Vettori,1,0,,,,,,,,,
656409,2014/15,2015-02-17,University Oval,1,26.1,Scotland,New Zealand,RD Berrington,MW Machan,GD Elliott,1,0,,,,,,,,,
656409,2014/15,2015-02-17,University Oval,1,26.2,Scotland,New Zealand,MW Machan,RD Berrington,GD Elliott,0,0,,,,,,,,,
656409,2014/15,2015-02-17,University Oval,1,26.3,Scotland,New Zealand,MW Machan,RD Berrington,GD Elliott,1,0,,,,,,,,,
656409,2014/15,2015-02-17,University Oval,1,26.4,Scotland,New Zealand,RD Berrington,MW Machan,GD Elliott,1,0,,,,,,,,,
656409,2014/15,2015-02-17,University Oval,1,26.5,Scotland,New Zealand,MW Machan,RD Berrington,GD Elliott,1,0,,,,,,,,,
656409,2014/15,2015-02-17,University Oval,1,26.6,Scotland,New Zealand,RD Berrington,MW Machan,GD Elliott,4,0,,,,,,,,,
656409,2014/15,2015-02-17,University Oval,1,27.1,Scotland,New Zealand,MW Machan,RD Berrington,CJ Anderson,0,0,,,,,,,,,
656409,2014/15,2015-02-17,University Oval,1,27.2,Scotland,New Zealand,MW Machan,RD Berrington,CJ Anderson,0,0,,,,,,,,,
656409,2014/15,2015-02-17,University Oval,1,27.3,Scotland,New Zealand,MW Machan,RD Berrington,CJ Anderson,4,0,,,,,,,,,
656409,2014/15,2015-02-17,University Oval,1,27.4,Scotland,New Zealand,MW Machan,RD Berrington,CJ Anderson,0,0,,,,,,,,,
656409,2014/15,2015-02-17,University Oval,1,27.5,Scotland,New Zealand,MW Machan,RD Berrington,CJ Anderson,0,0,,,,,,caught,MW Machan,,
656409,2014/15,2015-02-17,University Oval,1,27.6,Scotland,New Zealand,RD Berrington,MH Cross,CJ Anderson,1,0,,,,,,,,,
656409,2014/15,2015-02-17,University Oval,1,28.1,Scotland,New Zealand,RD Berrington,MH Cross,AF Milne,1,0,,,,,,,,,
656409,2014/15,2015-02-17,University Oval,1,28.2,Scotland,New Zealand,MH Cross,RD Berrington,AF Milne,0,0,,,,,,,,,
656409,2014/15,2015-02-17,University Oval,1,28.3,Scotland,New Zealand,MH Cross,RD Berrington,AF Milne,0,0,,,,,,,,,
656409,2014/15,2015-02-17,University Oval,1,28.4,Scotland,New Zealand,MH Cross,RD Berrington,AF Milne,4,0,,,,,,,,,
656409,2014/15,2015-02-17,University Oval,1,28.5,Scotland,New Zealand,MH Cross,RD Berrington,AF Milne,0,0,,,,,,,,,
656409,2014/15,2015-02-17,University Oval,1,28.6,Scotland,New Zealand,MH Cross,RD Berrington,AF Milne,0,0,,,,,,,,,
656409,2014/15,2015-02-17,University Oval,1,29.1,Scotland,New Zealand,RD Berrington,MH Cross,CJ Anderson,0,0,,,,,,,,,
656409,2014/15,2015-02-17,University Oval,1,29.2,Scotland,New Zealand,RD Berrington,MH Cross,CJ Anderson,2,0,,,,,,,,,
656409,2014/15,2015-02-17,University Oval,1,29.3,Scotland,New Zealand,RD Berrington,MH Cross,CJ Anderson,0,0,,,,,,caught,RD Berrington,,
656409,2014/15,2015-02-17,University Oval,1,29.4,Scotland,New Zealand,MH Cross,JH Davey,CJ Anderson,0,0,,,,,,,,,
656409,2014/15,2015-02-17,University Oval,1,29.5,Scotland,New Zealand,MH Cross,JH Davey,CJ Anderson,0,0,,,,,,,,,
656409,2014/15,2015-02-17,University Oval,1,29.6,Scotland,New Zealand,MH Cross,JH Davey,CJ Anderson,1,0,,,,,,,,,
656409,2014/15,2015-02-17,University Oval,1,30.1,Scotland,New Zealand,MH Cross,JH Davey,AF Milne,0,0,,,,,,,,,
656409,2014/15,2015-02-17,University Oval,1,30.2,Scotland,New Zealand,MH Cross,JH Davey,AF Milne,0,0,,,,,,,,,
656409,2014/15,2015-02-17,University Oval,1,30.3,Scotland,New Zealand,MH Cross,JH Davey,AF Milne,1,0,,,,,,,,,
656409,2014/15,2015-02-17,University Oval,1,30.4,Scotland,New Zealand,JH Davey,MH Cross,AF Milne,1,0,,,,,,,,,
656409,2014/15,2015-02-17,University Oval,1,30.5,Scotland,New Zealand,MH Cross,JH Davey,AF Milne,2,0,,,,,,,,,
656409,2014/15,2015-02-17,University Oval,1,30.6,Scotland,New Zealand,MH Cross,JH Davey,AF Milne,0,0,,,,,,,,,
656409,2014/15,2015-02-17,University Oval,1,31.1,Scotland,New Zealand,JH Davey,MH Cross,CJ Anderson,0,0,,,,,,,,,
656409,2014/15,2015-02-17,University Oval,1,31.2,Scotland,New Zealand,JH Davey,MH Cross,CJ Anderson,0,0,,,,,,,,,
656409,2014/15,2015-02-17,University Oval,1,31.3,Scotland,New Zealand,JH Davey,MH Cross,CJ Anderson,0,0,,,,,,,,,
656409,2014/15,2015-02-17,University Oval,1,31.4,Scotland,New Zealand,JH Davey,MH Cross,CJ Anderson,0,0,,,,,,,,,
656409,2014/15,2015-02-17,University Oval,1,31.5,Scotland,New Zealand,JH Davey,MH Cross,CJ Anderson,0,0,,,,,,,,,
656409,2014/15,2015-02-17,University Oval,1,31.6,Scotland,New Zealand,JH Davey,MH Cross,CJ Anderson,0,0,,,,,,,,,
656409,2014/15,2015-02-17,University Oval,1,32.1,Scotland,New Zealand,MH Cross,JH Davey,AF Milne,4,0,,,,,,,,,
656409,2014/15,2015-02-17,University Oval,1,32.2,Scotland,New Zealand,MH Cross,JH Davey,AF Milne,1,0,,,,,,,,,
656409,2014/15,2015-02-17,University Oval,1,32.3,Scotland,New Zealand,JH Davey,MH Cross,AF Milne,0,0,,,,,,,,,
656409,2014/15,2015-02-17,University Oval,1,32.4,Scotland,New Zealand,JH Davey,MH Cross,AF Milne,1,0,,,,,,,,,
656409,2014/15,2015-02-17,University Oval,1,32.5,Scotland,New Zealand,MH Cross,JH Davey,AF Milne,1,0,,,,,,,,,
656409,2014/15,2015-02-17,University Oval,1,32.6,Scotland,New Zealand,JH Davey,MH Cross,AF Milne,0,0,,,,,,,,,
656409,2014/15,2015-02-17,University Oval,1,33.1,Scotland,New Zealand,MH Cross,JH Davey,CJ Anderson,0,0,,,,,,,,,
656409,2014/15,2015-02-17,University Oval,1,33.2,Scotland,New Zealand,MH Cross,JH Davey,CJ Anderson,0,0,,,,,,caught,MH Cross,,
656409,2014/15,2015-02-17,University Oval,1,33.3,Scotland,New Zealand,RML Taylor,JH Davey,CJ Anderson,0,0,,,,,,,,,
656409,2014/15,2015-02-17,University Oval,1,33.4,Scotland,New Zealand,RML Taylor,JH Davey,CJ Anderson,1,0,,,,,,,,,
656409,2014/15,2015-02-17,University Oval,1,33.5,Scotland,New Zealand,JH Davey,RML Taylor,CJ Anderson,1,0,,,,,,,,,
656409,2014/15,2015-02-17,University Oval,1,33.6,Scotland,New Zealand,RML Taylor,JH Davey,CJ Anderson,2,0,,,,,,,,,
656409,2014/15,2015-02-17,University Oval,1,34.1,Scotland,New Zealand,JH Davey,RML Taylor,DL Vettori,1,0,,,,,,,,,
656409,2014/15,2015-02-17,University Oval,1,34.2,Scotland,New Zealand,RML Taylor,JH Davey,DL Vettori,0,0,,,,,,,,,
656409,2014/15,2015-02-17,University Oval,1,34.3,Scotland,New Zealand,RML Taylor,JH Davey,DL Vettori,1,0,,,,,,,,,
656409,2014/15,2015-02-17,University Oval,1,34.4,Scotland,New Zealand,JH Davey,RML Taylor,DL Vettori,1,0,,,,,,,,,
656409,2014/15,2015-02-17,University Oval,1,34.5,Scotland,New Zealand,RML Taylor,JH Davey,DL Vettori,0,0,,,,,,stumped,RML Taylor,,
656409,2014/15,2015-02-17,University Oval,1,34.6,Scotland,New Zealand,RM Haq,JH Davey,DL Vettori,0,0,,,,,,,,,
656409,2014/15,2015-02-17,University Oval,1,35.1,Scotland,New Zealand,JH Davey,RM Haq,CJ Anderson,0,0,,,,,,,,,
656409,2014/15,2015-02-17,University Oval,1,35.2,Scotland,New Zealand,JH Davey,RM Haq,CJ Anderson,0,0,,,,,,,,,
656409,2014/15,2015-02-17,University Oval,1,35.3,Scotland,New Zealand,JH Davey,RM Haq,CJ Anderson,4,0,,,,,,,,,
656409,2014/15,2015-02-17,University Oval,1,35.4,Scotland,New Zealand,JH Davey,RM Haq,CJ Anderson,2,0,,,,,,,,,
656409,2014/15,2015-02-17,University Oval,1,35.5,Scotland,New Zealand,JH Davey,RM Haq,CJ Anderson,0,0,,,,,,,,,
656409,2014/15,2015-02-17,University Oval,1,35.6,Scotland,New Zealand,JH Davey,RM Haq,CJ Anderson,0,0,,,,,,,,,
656409,2014/15,2015-02-17,University Oval,1,36.1,Scotland,New Zealand,RM Haq,JH Davey,DL Vettori,0,0,,,,,,caught,RM Haq,,
656409,2014/15,2015-02-17,University Oval,1,36.2,Scotland,New Zealand,I Wardlaw,JH Davey,DL Vettori,0,0,,,,,,lbw,I Wardlaw,,
656409,2014/15,2015-02-17,University Oval,2,0.1,New Zealand,Scotland,MJ Guptill,BB McCullum,I Wardlaw,0,0,,,,,,,,,
656409,2014/15,2015-02-17,University Oval,2,0.2,New Zealand,Scotland,MJ Guptill,BB McCullum,I Wardlaw,0,0,,,,,,,,,
656409,2014/15,2015-02-17,University Oval,2,0.3,New Zealand,Scotland,MJ Guptill,BB McCullum,I Wardlaw,0,0,,,,,,,,,
656409,2014/15,2015-02-17,University Oval,2,0.4,New Zealand,Scotland,MJ Guptill,BB McCullum,I Wardlaw,4,0,,,,,,,,,
656409,2014/15,2015-02-17,University Oval,2,0.5,New Zealand,Scotland,MJ Guptill,BB McCullum,I Wardlaw,0,0,,,,,,,,,
656409,2014/15,2015-02-17,University Oval,2,0.6,New Zealand,Scotland,MJ Guptill,BB McCullum,I Wardlaw,0,0,,,,,,,,,
656409,2014/15,2015-02-17,University Oval,2,1.1,New Zealand,Scotland,BB McCullum,MJ Guptill,RML Taylor,1,0,,,,,,,,,
656409,2014/15,2015-02-17,University Oval,2,1.2,New Zealand,Scotland,MJ Guptill,BB McCullum,RML Taylor,4,0,,,,,,,,,
656409,2014/15,2015-02-17,University Oval,2,1.3,New Zealand,Scotland,MJ Guptill,BB McCullum,RML Taylor,0,0,,,,,,,,,
656409,2014/15,2015-02-17,University Oval,2,1.4,New Zealand,Scotland,MJ Guptill,BB McCullum,RML Taylor,0,0,,,,,,,,,
656409,2014/15,2015-02-17,University Oval,2,1.5,New Zealand,Scotland,MJ Guptill,BB McCullum,RML Taylor,1,0,,,,,,,,,
656409,2014/15,2015-02-17,University Oval,2,1.6,New Zealand,Scotland,BB McCullum,MJ Guptill,RML Taylor,0,0,,,,,,,,,
656409,2014/15,2015-02-17,University Oval,2,2.1,New Zealand,Scotland,MJ Guptill,BB McCullum,I Wardlaw,4,0,,,,,,,,,
656409,2014/15,2015-02-17,University Oval,2,2.2,New Zealand,Scotland,MJ Guptill,BB McCullum,I Wardlaw,4,0,,,,,,,,,
656409,2014/15,2015-02-17,University Oval,2,2.3,New Zealand,Scotland,MJ Guptill,BB McCullum,I Wardlaw,0,0,,,,,,,,,
656409,2014/15,2015-02-17,University Oval,2,2.4,New Zealand,Scotland,MJ Guptill,BB McCullum,I Wardlaw,0,0,,,,,,caught,MJ Guptill,,
656409,2014/15,2015-02-17,University Oval,2,2.5,New Zealand,Scotland,KS Williamson,BB McCullum,I Wardlaw,0,0,,,,,,,,,
656409,2014/15,2015-02-17,University Oval,2,2.6,New Zealand,Scotland,KS Williamson,BB McCullum,I Wardlaw,0,0,,,,,,,,,
656409,2014/15,2015-02-17,University Oval,2,3.1,New Zealand,Scotland,BB McCullum,KS Williamson,RML Taylor,4,0,,,,,,,,,
656409,2014/15,2015-02-17,University Oval,2,3.2,New Zealand,Scotland,BB McCullum,KS Williamson,RML Taylor,1,0,,,,,,,,,
656409,2014/15,2015-02-17,University Oval,2,3.3,New Zealand,Scotland,KS Williamson,BB McCullum,RML Taylor,1,0,,,,,,,,,
656409,2014/15,2015-02-17,University Oval,2,3.4,New Zealand,Scotland,BB McCullum,KS Williamson,RML Taylor,1,0,,,,,,,,,
656409,2014/15,2015-02-17,University Oval,2,3.5,New Zealand,Scotland,KS Williamson,BB McCullum,RML Taylor,0,0,,,,,,,,,
656409,2014/15,2015-02-17,University Oval,2,3.6,New Zealand,Scotland,KS Williamson,BB McCullum,RML Taylor,4,0,,,,,,,,,
656409,2014/15,2015-02-17,University Oval,2,4.1,New Zealand,Scotland,BB McCullum,KS Williamson,I Wardlaw,4,0,,,,,,,,,
656409,2014/15,2015-02-17,University Oval,2,4.2,New Zealand,Scotland,BB McCullum,KS Williamson,I Wardlaw,0,0,,,,,,,,,
656409,2014/15,2015-02-17,University Oval,2,4.3,New Zealand,Scotland,BB McCullum,KS Williamson,I Wardlaw,0,0,,,,,,,,,
656409,2014/15,2015-02-17,University Oval,2,4.4,New Zealand,Scotland,BB McCullum,KS Williamson,I Wardlaw,0,0,,,,,,,,,
656409,2014/15,2015-02-17,University Oval,2,4.5,New Zealand,Scotland,BB McCullum,KS Williamson,I Wardlaw,4,0,,,,,,,,,
656409,2014/15,2015-02-17,University Oval,2,4.6,New Zealand,Scotland,BB McCullum,KS Williamson,I Wardlaw,0,0,,,,,,,,,
656409,2014/15,2015-02-17,University Oval,2,5.1,New Zealand,Scotland,KS Williamson,BB McCullum,RML Taylor,0,0,,,,,,,,,
656409,2014/15,2015-02-17,University Oval,2,5.2,New Zealand,Scotland,KS Williamson,BB McCullum,RML Taylor,0,0,,,,,,,,,
656409,2014/15,2015-02-17,University Oval,2,5.3,New Zealand,Scotland,KS Williamson,BB McCullum,RML Taylor,0,0,,,,,,,,,
656409,2014/15,2015-02-17,University Oval,2,5.4,New Zealand,Scotland,KS Williamson,BB McCullum,RML Taylor,0,0,,,,,,,,,
656409,2014/15,2015-02-17,University Oval,2,5.5,New Zealand,Scotland,KS Williamson,BB McCullum,RML Taylor,0,1,1,,,,,,,,
656409,2014/15,2015-02-17,University Oval,2,5.6,New Zealand,Scotland,KS Williamson,BB McCullum,RML Taylor,0,0,,,,,,,,,
656409,2014/15,2015-02-17,University Oval,2,5.7,New Zealand,Scotland,KS Williamson,BB McCullum,RML Taylor,1,0,,,,,,,,,
656409,2014/15,2015-02-17,University Oval,2,6.1,New Zealand,Scotland,KS Williamson,BB McCullum,I Wardlaw,4,0,,,,,,,,,
656409,2014/15,2015-02-17,University Oval,2,6.2,New Zealand,Scotland,KS Williamson,BB McCullum,I Wardlaw,0,0,,,,,,,,,
656409,2014/15,2015-02-17,University Oval,2,6.3,New Zealand,Scotland,KS Williamson,BB McCullum,I Wardlaw,4,0,,,,,,,,,
656409,2014/15,2015-02-17,University Oval,2,6.4,New Zealand,Scotland,KS Williamson,BB McCullum,I Wardlaw,0,0,,,,,,,,,
656409,2014/15,2015-02-17,University Oval,2,6.5,New Zealand,Scotland,KS Williamson,BB McCullum,I Wardlaw,1,0,,,,,,,,,
656409,2014/15,2015-02-17,University Oval,2,6.6,New Zealand,Scotland,BB McCullum,KS Williamson,I Wardlaw,0,0,,,,,,caught,BB McCullum,,
656409,2014/15,2015-02-17,University Oval,2,7.1,New Zealand,Scotland,KS Williamson,LRPL Taylor,RML Taylor,1,0,,,,,,,,,
656409,2014/15,2015-02-17,University Oval,2,7.2,New Zealand,Scotland,LRPL Taylor,KS Williamson,RML Taylor,1,0,,,,,,,,,
656409,2014/15,2015-02-17,University Oval,2,7.3,New Zealand,Scotland,KS Williamson,LRPL Taylor,RML Taylor,0,1,1,,,,,,,,
656409,2014/15,2015-02-17,University Oval,2,7.4,New Zealand,Scotland,KS Williamson,LRPL Taylor,RML Taylor,1,0,,,,,,,,,
656409,2014/15,2015-02-17,University Oval,2,7.5,New Zealand,Scotland,LRPL Taylor,KS Williamson,RML Taylor,4,0,,,,,,,,,
656409,2014/15,2015-02-17,University Oval,2,7.6,New Zealand,Scotland,LRPL Taylor,KS Williamson,RML Taylor,0,0,,,,,,,,,
656409,2014/15,2015-02-17,University Oval,2,7.7,New Zealand,Scotland,LRPL Taylor,KS Williamson,RML Taylor,0,0,,,,,,,,,
656409,2014/15,2015-02-17,University Oval,2,8.1,New Zealand,Scotland,KS Williamson,LRPL Taylor,JH Davey,0,1,1,,,,,,,,
656409,2014/15,2015-02-17,University Oval,2,8.2,New Zealand,Scotland,KS Williamson,LRPL Taylor,JH Davey,1,0,,,,,,,,,
656409,2014/15,2015-02-17,University Oval,2,8.3,New Zealand,Scotland,LRPL Taylor,KS Williamson,JH Davey,1,0,,,,,,,,,
656409,2014/15,2015-02-17,University Oval,2,8.4,New Zealand,Scotland,KS Williamson,LRPL Taylor,JH Davey,0,0,,,,,,,,,
656409,2014/15,2015-02-17,University Oval,2,8.5,New Zealand,Scotland,KS Williamson,LRPL Taylor,JH Davey,0,0,,,,,,,,,
656409,2014/15,2015-02-17,University Oval,2,8.6,New Zealand,Scotland,KS Williamson,LRPL Taylor,JH Davey,0,0,,,,,,,,,
656409,2014/15,2015-02-17,University Oval,2,8.7,New Zealand,Scotland,KS Williamson,LRPL Taylor,JH Davey,4,0,,,,,,,,,
656409,2014/15,2015-02-17,University Oval,2,9.1,New Zealand,Scotland,LRPL Taylor,KS Williamson,I Wardlaw,0,0,,,,,,,,,
656409,2014/15,2015-02-17,University Oval,2,9.2,New Zealand,Scotland,LRPL Taylor,KS Williamson,I Wardlaw,0,0,,,,,,,,,
656409,2014/15,2015-02-17,University Oval,2,9.3,New Zealand,Scotland,LRPL Taylor,KS Williamson,I Wardlaw,0,0,,,,,,,,,
656409,2014/15,2015-02-17,University Oval,2,9.4,New Zealand,Scotland,LRPL Taylor,KS Williamson,I Wardlaw,0,0,,,,,,,,,
656409,2014/15,2015-02-17,University Oval,2,9.5,New Zealand,Scotland,LRPL Taylor,KS Williamson,I Wardlaw,3,0,,,,,,,,,
656409,2014/15,2015-02-17,University Oval,2,9.6,New Zealand,Scotland,KS Williamson,LRPL Taylor,I Wardlaw,0,0,,,,,,,,,
656409,2014/15,2015-02-17,University Oval,2,10.1,New Zealand,Scotland,LRPL Taylor,KS Williamson,RM Haq,0,0,,,,,,,,,
656409,2014/15,2015-02-17,University Oval,2,10.2,New Zealand,Scotland,LRPL Taylor,KS Williamson,RM Haq,0,0,,,,,,,,,
656409,2014/15,2015-02-17,University Oval,2,10.3,New Zealand,Scotland,LRPL Taylor,KS Williamson,RM Haq,0,0,,,,,,,,,
656409,2014/15,2015-02-17,University Oval,2,10.4,New Zealand,Scotland,LRPL Taylor,KS Williamson,RM Haq,0,0,,,,,,caught,LRPL Taylor,,
656409,2014/15,2015-02-17,University Oval,2,10.5,New Zealand,Scotland,KS Williamson,GD Elliott,RM Haq,1,0,,,,,,,,,
656409,2014/15,2015-02-17,University Oval,2,10.6,New Zealand,Scotland,GD Elliott,KS Williamson,RM Haq,0,0,,,,,,,,,
656409,2014/15,2015-02-17,University Oval,2,11.1,New Zealand,Scotland,KS Williamson,GD Elliott,I Wardlaw,0,1,1,,,,,,,,
656409,2014/15,2015-02-17,University Oval,2,11.2,New Zealand,Scotland,KS Williamson,GD Elliott,I Wardlaw,0,1,,,,1,,,,,
656409,2014/15,2015-02-17,University Oval,2,11.3,New Zealand,Scotland,GD Elliott,KS Williamson,I Wardlaw,0,0,,,,,,,,,
656409,2014/15,2015-02-17,University Oval,2,11.4,New Zealand,Scotland,GD Elliott,KS Williamson,I Wardlaw,0,0,,,,,,,,,
656409,2014/15,2015-02-17,University Oval,2,11.5,New Zealand,Scotland,GD Elliott,KS Williamson,I Wardlaw,0,0,,,,,,,,,
656409,2014/15,2015-02-17,University Oval,2,11.6,New Zealand,Scotland,GD Elliott,KS Williamson,I Wardlaw,0,0,,,,,,,,,
656409,2014/15,2015-02-17,University Oval,2,11.7,New Zealand,Scotland,GD Elliott,KS Williamson,I Wardlaw,0,0,,,,,,,,,
656409,2014/15,2015-02-17,University Oval,2,12.1,New Zealand,Scotland,KS Williamson,GD Elliott,RM Haq,1,0,,,,,,,,,
656409,2014/15,2015-02-17,University Oval,2,12.2,New Zealand,Scotland,GD Elliott,KS Williamson,RM Haq,0,0,,,,,,,,,
656409,2014/15,2015-02-17,University Oval,2,12.3,New Zealand,Scotland,GD Elliott,KS Williamson,RM Haq,1,0,,,,,,,,,
656409,2014/15,2015-02-17,University Oval,2,12.4,New Zealand,Scotland,KS Williamson,GD Elliott,RM Haq,0,0,,,,,,,,,
656409,2014/15,2015-02-17,University Oval,2,12.5,New Zealand,Scotland,KS Williamson,GD Elliott,RM Haq,0,0,,,,,,,,,
656409,2014/15,2015-02-17,University Oval,2,12.6,New Zealand,Scotland,KS Williamson,GD Elliott,RM Haq,4,0,,,,,,,,,
656409,2014/15,2015-02-17,University Oval,2,13.1,New Zealand,Scotland,GD Elliott,KS Williamson,JH Davey,4,0,,,,,,,,,
656409,2014/15,2015-02-17,University Oval,2,13.2,New Zealand,Scotland,GD Elliott,KS Williamson,JH Davey,0,0,,,,,,,,,
656409,2014/15,2015-02-17,University Oval,2,13.3,New Zealand,Scotland,GD Elliott,KS Williamson,JH Davey,4,0,,,,,,,,,
656409,2014/15,2015-02-17,University Oval,2,13.4,New Zealand,Scotland,GD Elliott,KS Williamson,JH Davey,1,0,,,,,,,,,
656409,2014/15,2015-02-17,University Oval,2,13.5,New Zealand,Scotland,KS Williamson,GD Elliott,JH Davey,0,0,,,,,,,,,
656409,2014/15,2015-02-17,University Oval,2,13.6,New Zealand,Scotland,KS Williamson,GD Elliott,JH Davey,0,0,,,,,,,,,
656409,2014/15,2015-02-17,University Oval,2,14.1,New Zealand,Scotland,GD Elliott,KS Williamson,RM Haq,1,0,,,,,,,,,
656409,2014/15,2015-02-17,University Oval,2,14.2,New Zealand,Scotland,KS Williamson,GD Elliott,RM Haq,0,0,,,,,,,,,
656409,2014/15,2015-02-17,University Oval,2,14.3,New Zealand,Scotland,KS Williamson,GD Elliott,RM Haq,0,0,,,,,,,,,
656409,2014/15,2015-02-17,University Oval,2,14.4,New Zealand,Scotland,KS Williamson,GD Elliott,RM Haq,1,0,,,,,,,,,
656409,2014/15,2015-02-17,University Oval,2,14.5,New Zealand,Scotland,GD Elliott,KS Williamson,RM Haq,1,0,,,,,,,,,
656409,2014/15,2015-02-17,University Oval,2,14.6,New Zealand,Scotland,KS Williamson,GD Elliott,RM Haq,4,0,,,,,,,,,
656409,2014/15,2015-02-17,University Oval,2,15.1,New Zealand,Scotland,GD Elliott,KS Williamson,JH Davey,4,0,,,,,,,,,
656409,2014/15,2015-02-17,University Oval,2,15.2,New Zealand,Scotland,GD Elliott,KS Williamson,JH Davey,0,0,,,,,,,,,
656409,2014/15,2015-02-17,University Oval,2,15.3,New Zealand,Scotland,GD Elliott,KS Williamson,JH Davey,0,0,,,,,,,,,
656409,2014/15,2015-02-17,University Oval,2,15.4,New Zealand,Scotland,GD Elliott,KS Williamson,JH Davey,1,0,,,,,,,,,
656409,2014/15,2015-02-17,University Oval,2,15.5,New Zealand,Scotland,KS Williamson,GD Elliott,JH Davey,1,0,,,,,,,,,
656409,2014/15,2015-02-17,University Oval,2,15.6,New Zealand,Scotland,GD Elliott,KS Williamson,JH Davey,0,0,,,,,,,,,
656409,2014/15,2015-02-17,University Oval,2,16.1,New Zealand,Scotland,KS Williamson,GD Elliott,RM Haq,1,0,,,,,,,,,
656409,2014/15,2015-02-17,University Oval,2,16.2,New Zealand,Scotland,GD Elliott,KS Williamson,RM Haq,1,0,,,,,,,,,
656409,2014/15,2015-02-17,University Oval,2,16.3,New Zealand,Scotland,KS Williamson,GD Elliott,RM Haq,0,0,,,,,,,,,
656409,2014/15,2015-02-17,University Oval,2,16.4,New Zealand,Scotland,KS Williamson,GD Elliott,RM Haq,1,0,,,,,,,,,
656409,2014/15,2015-02-17,University Oval,2,16.5,New Zealand,Scotland,GD Elliott,KS Williamson,RM Haq,4,0,,,,,,,,,
656409,2014/15,2015-02-17,University Oval,2,16.6,New Zealand,Scotland,GD Elliott,KS Williamson,RM Haq,0,0,,,,,,,,,
656409,2014/15,2015-02-17,University Oval,2,17.1,New Zealand,Scotland,KS Williamson,GD Elliott,JH Davey,0,0,,,,,,,,,
656409,2014/15,2015-02-17,University Oval,2,17.2,New Zealand,Scotland,KS Williamson,GD Elliott,JH Davey,0,0,,,,,,,,,
656409,2014/15,2015-02-17,University Oval,2,17.3,New Zealand,Scotland,KS Williamson,GD Elliott,JH Davey,0,0,,,,,,,,,
656409,2014/15,2015-02-17,University Oval,2,17.4,New Zealand,Scotland,KS Williamson,GD Elliott,JH Davey,2,0,,,,,,,,,
656409,2014/15,2015-02-17,University Oval,2,17.5,New Zealand,Scotland,KS Williamson,GD Elliott,JH Davey,0,0,,,,,,caught,KS Williamson,,
656409,2014/15,2015-02-17,University Oval,2,17.6,New Zealand,Scotland,CJ Anderson,GD Elliott,JH Davey,0,1,1,,,,,,,,
656409,2014/15,2015-02-17,University Oval,2,17.7,New Zealand,Scotland,CJ Anderson,GD Elliott,JH Davey,0,0,,,,,,,,,
656409,2014/15,2015-02-17,University Oval,2,18.1,New Zealand,Scotland,GD Elliott,CJ Anderson,I Wardlaw,0,0,,,,,,,,,
656409,2014/15,2015-02-17,University Oval,2,18.2,New Zealand,Scotland,GD Elliott,CJ Anderson,I Wardlaw,0,0,,,,,,,,,
656409,2014/15,2015-02-17,University Oval,2,18.3,New Zealand,Scotland,GD Elliott,CJ Anderson,I Wardlaw,1,0,,,,,,,,,
656409,2014/15,2015-02-17,University Oval,2,18.4,New Zealand,Scotland,CJ Anderson,GD Elliott,I Wardlaw,0,0,,,,,,,,,
656409,2014/15,2015-02-17,University Oval,2,18.5,New Zealand,Scotland,CJ Anderson,GD Elliott,I Wardlaw,1,0,,,,,,,,,
656409,2014/15,2015-02-17,University Oval,2,18.6,New Zealand,Scotland,GD Elliott,CJ Anderson,I Wardlaw,0,0,,,,,,,,,
656409,2014/15,2015-02-17,University Oval,2,19.1,New Zealand,Scotland,CJ Anderson,GD Elliott,JH Davey,0,0,,,,,,,,,
656409,2014/15,2015-02-17,University Oval,2,19.2,New Zealand,Scotland,CJ Anderson,GD Elliott,JH Davey,0,0,,,,,,,,,
656409,2014/15,2015-02-17,University Oval,2,19.3,New Zealand,Scotland,CJ Anderson,GD Elliott,JH Davey,0,0,,,,,,,,,
656409,2014/15,2015-02-17,University Oval,2,19.4,New Zealand,Scotland,CJ Anderson,GD Elliott,JH Davey,0,0,,,,,,,,,
656409,2014/15,2015-02-17,University Oval,2,19.5,New Zealand,Scotland,CJ Anderson,GD Elliott,JH Davey,0,0,,,,,,,,,
656409,2014/15,2015-02-17,University Oval,2,19.6,New Zealand,Scotland,CJ Anderson,GD Elliott,JH Davey,1,0,,,,,,,,,
656409,2014/15,2015-02-17,University Oval,2,20.1,New Zealand,Scotland,CJ Anderson,GD Elliott,I Wardlaw,1,0,,,,,,,,,
656409,2014/15,2015-02-17,University Oval,2,20.2,New Zealand,Scotland,GD Elliott,CJ Anderson,I Wardlaw,0,0,,,,,,,,,
656409,2014/15,2015-02-17,University Oval,2,20.3,New Zealand,Scotland,GD Elliott,CJ Anderson,I Wardlaw,4,0,,,,,,,,,
656409,2014/15,2015-02-17,University Oval,2,20.4,New Zealand,Scotland,GD Elliott,CJ Anderson,I Wardlaw,0,0,,,,,,,,,
656409,2014/15,2015-02-17,University Oval,2,20.5,New Zealand,Scotland,GD Elliott,CJ Anderson,I Wardlaw,2,0,,,,,,,,,
656409,2014/15,2015-02-17,University Oval,2,20.6,New Zealand,Scotland,GD Elliott,CJ Anderson,I Wardlaw,0,0,,,,,,caught,GD Elliott,,
656409,2014/15,2015-02-17,University Oval,2,21.1,New Zealand,Scotland,CJ Anderson,L Ronchi,JH Davey,2,0,,,,,,,,,
656409,2014/15,2015-02-17,University Oval,2,21.2,New Zealand,Scotland,CJ Anderson,L Ronchi,JH Davey,0,0,,,,,,,,,
656409,2014/15,2015-02-17,University Oval,2,21.3,New Zealand,Scotland,CJ Anderson,L Ronchi,JH Davey,1,0,,,,,,,,,
656409,2014/15,2015-02-17,University Oval,2,21.4,New Zealand,Scotland,L Ronchi,CJ Anderson,JH Davey,0,0,,,,,,,,,
656409,2014/15,2015-02-17,University Oval,2,21.5,New Zealand,Scotland,L Ronchi,CJ Anderson,JH Davey,0,0,,,,,,,,,
656409,2014/15,2015-02-17,University Oval,2,21.6,New Zealand,Scotland,L Ronchi,CJ Anderson,JH Davey,2,0,,,,,,,,,
656409,2014/15,2015-02-17,University Oval,2,22.1,New Zealand,Scotland,CJ Anderson,L Ronchi,I Wardlaw,1,0,,,,,,,,,
656409,2014/15,2015-02-17,University Oval,2,22.2,New Zealand,Scotland,L Ronchi,CJ Anderson,I Wardlaw,0,0,,,,,,,,,
656409,2014/15,2015-02-17,University Oval,2,22.3,New Zealand,Scotland,L Ronchi,CJ Anderson,I Wardlaw,0,0,,,,,,,,,
656409,2014/15,2015-02-17,University Oval,2,22.4,New Zealand,Scotland,L Ronchi,CJ Anderson,I Wardlaw,0,0,,,,,,,,,
656409,2014/15,2015-02-17,University Oval,2,22.5,New Zealand,Scotland,L Ronchi,CJ Anderson,I Wardlaw,2,0,,,,,,,,,
656409,2014/15,2015-02-17,University Oval,2,22.6,New Zealand,Scotland,L Ronchi,CJ Anderson,I Wardlaw,4,0,,,,,,,,,
656409,2014/15,2015-02-17,University Oval,2,23.1,New Zealand,Scotland,CJ Anderson,L Ronchi,JH Davey,4,0,,,,,,,,,
656409,2014/15,2015-02-17,University Oval,2,23.2,New Zealand,Scotland,CJ Anderson,L Ronchi,JH Davey,0,0,,,,,,caught,CJ Anderson,,
656409,2014/15,2015-02-17,University Oval,2,23.3,New Zealand,Scotland,L Ronchi,DL Vettori,JH Davey,4,0,,,,,,,,,
656409,2014/15,2015-02-17,University Oval,2,23.4,New Zealand,Scotland,L Ronchi,DL Vettori,JH Davey,0,0,,,,,,caught,L Ronchi,,
656409,2014/15,2015-02-17,University Oval,2,23.5,New Zealand,Scotland,DL Vettori,AF Milne,JH Davey,1,0,,,,,,,,,
656409,2014/15,2015-02-17,University Oval,2,23.6,New Zealand,Scotland,AF Milne,DL Vettori,JH Davey,0,0,,,,,,,,,
656409,2014/15,2015-02-17,University Oval,2,24.1,New Zealand,Scotland,DL Vettori,AF Milne,I Wardlaw,2,0,,,,,,,,,
656409,2014/15,2015-02-17,University Oval,2,24.2,New Zealand,Scotland,DL Vettori,AF Milne,I Wardlaw,1,0,,,,,,,,,
656409,2014/15,2015-02-17,University Oval,2,24.3,New Zealand,Scotland,AF Milne,DL Vettori,I Wardlaw,0,0,,,,,,,,,
656409,2014/15,2015-02-17,University Oval,2,24.4,New Zealand,Scotland,AF Milne,DL Vettori,I Wardlaw,1,0,,,,,,,,,
656409,2014/15,2015-02-17,University Oval,2,24.5,New Zealand,Scotland,DL Vettori,AF Milne,I Wardlaw,4,0,,,,,,,,,
