match_id,season,start_date,venue,innings,ball,batting_team,bowling_team,striker,non_striker,bowler,runs_off_bat,extras,wides,noballs,byes,legbyes,penalty,wicket_type,player_dismissed,other_wicket_type,other_player_dismissed
656451,2014/15,2015-03-05,Saxton Oval,1,0.1,Scotland,Bangladesh,KJ Coetzer,CS MacLeod,Mashrafe Mortaza,1,0,,,,,,,,,
656451,2014/15,2015-03-05,Saxton Oval,1,0.2,Scotland,Bangladesh,CS MacLeod,KJ Coetzer,Mashrafe Mortaza,4,0,,,,,,,,,
656451,2014/15,2015-03-05,Saxton Oval,1,0.3,Scotland,Bangladesh,CS MacLeod,KJ Coetzer,Mashrafe Mortaza,0,0,,,,,,,,,
656451,2014/15,2015-03-05,Saxton Oval,1,0.4,Scotland,Bangladesh,CS MacLeod,KJ Coetzer,Mashrafe Mortaza,4,0,,,,,,,,,
656451,2014/15,2015-03-05,Saxton Oval,1,0.5,Scotland,Bangladesh,CS MacLeod,KJ Coetzer,Mashrafe Mortaza,0,0,,,,,,,,,
656451,2014/15,2015-03-05,Saxton Oval,1,0.6,Scotland,Bangladesh,CS MacLeod,KJ Coetzer,Mashrafe Mortaza,0,0,,,,,,,,,
656451,2014/15,2015-03-05,Saxton Oval,1,1.1,Scotland,Bangladesh,KJ Coetzer,CS MacLeod,Shakib Al Hasan,1,0,,,,,,,,,
656451,2014/15,2015-03-05,Saxton Oval,1,1.2,Scotland,Bangladesh,CS MacLeod,KJ Coetzer,Shakib Al Hasan,0,0,,,,,,,,,
656451,2014/15,2015-03-05,Saxton Oval,1,1.3,Scotland,Bangladesh,CS MacLeod,KJ Coetzer,Shakib Al Hasan,0,0,,,,,,,,,
656451,2014/15,2015-03-05,Saxton Oval,1,1.4,Scotland,Bangladesh,CS MacLeod,KJ Coetzer,Shakib Al Hasan,0,0,,,,,,,,,
656451,2014/15,2015-03-05,Saxton Oval,1,1.5,Scotland,Bangladesh,CS MacLeod,KJ Coetzer,Shakib Al Hasan,1,0,,,,,,,,,
656451,2014/15,2015-03-05,Saxton Oval,1,1.6,Scotland,Bangladesh,KJ Coetzer,CS MacLeod,Shakib Al Hasan,0,0,,,,,,,,,
656451,2014/15,2015-03-05,Saxton Oval,1,2.1,Scotland,Bangladesh,CS MacLeod,KJ Coetzer,Mashrafe Mortaza,2,0,,,,,,,,,
656451,2014/15,2015-03-05,Saxton Oval,1,2.2,Scotland,Bangladesh,CS MacLeod,KJ Coetzer,Mashrafe Mortaza,0,0,,,,,,caught,CS MacLeod,,
656451,2014/15,2015-03-05,Saxton Oval,1,2.3,Scotland,Bangladesh,HJW Gardiner,KJ Coetzer,Mashrafe Mortaza,0,0,,,,,,,,,
656451,2014/15,2015-03-05,Saxton Oval,1,2.4,Scotland,Bangladesh,HJW Gardiner,KJ Coetzer,Mashrafe Mortaza,0,0,,,,,,,,,
656451,2014/15,2015-03-05,Saxton Oval,1,2.5,Scotland,Bangladesh,HJW Gardiner,KJ Coetzer,Mashrafe Mortaza,1,0,,,,,,,,,
656451,2014/15,2015-03-05,Saxton Oval,1,2.6,Scotland,Bangladesh,KJ Coetzer,HJW Gardiner,Mashrafe Mortaza,0,0,,,,,,,,,
656451,2014/15,2015-03-05,Saxton Oval,1,3.1,Scotland,Bangladesh,HJW Gardiner,KJ Coetzer,Shakib Al Hasan,0,0,,,,,,,,,
656451,2014/15,2015-03-05,Saxton Oval,1,3.2,Scotland,Bangladesh,HJW Gardiner,KJ Coetzer,Shakib Al Hasan,0,0,,,,,,,,,
656451,2014/15,2015-03-05,Saxton Oval,1,3.3,Scotland,Bangladesh,HJW Gardiner,KJ Coetzer,Shakib Al Hasan,0,0,,,,,,,,,
656451,2014/15,2015-03-05,Saxton Oval,1,3.4,Scotland,Bangladesh,HJW Gardiner,KJ Coetzer,Shakib Al Hasan,0,0,,,,,,,,,
656451,2014/15,2015-03-05,Saxton Oval,1,3.5,Scotland,Bangladesh,HJW Gardiner,KJ Coetzer,Shakib Al Hasan,2,0,,,,,,,,,
656451,2014/15,2015-03-05,Saxton Oval,1,3.6,Scotland,Bangladesh,HJW Gardiner,KJ Coetzer,Shakib Al Hasan,1,0,,,,,,,,,
656451,2014/15,2015-03-05,Saxton Oval,1,4.1,Scotland,Bangladesh,HJW Gardiner,KJ Coetzer,Mashrafe Mortaza,0,0,,,,,,,,,
656451,2014/15,2015-03-05,Saxton Oval,1,4.2,Scotland,Bangladesh,HJW Gardiner,KJ Coetzer,Mashrafe Mortaza,1,0,,,,,,,,,
656451,2014/15,2015-03-05,Saxton Oval,1,4.3,Scotland,Bangladesh,KJ Coetzer,HJW Gardiner,Mashrafe Mortaza,0,0,,,,,,,,,
656451,2014/15,2015-03-05,Saxton Oval,1,4.4,Scotland,Bangladesh,KJ Coetzer,HJW Gardiner,Mashrafe Mortaza,2,0,,,,,,,,,
656451,2014/15,2015-03-05,Saxton Oval,1,4.5,Scotland,Bangladesh,KJ Coetzer,HJW Gardiner,Mashrafe Mortaza,0,0,,,,,,,,,
656451,2014/15,2015-03-05,Saxton Oval,1,4.6,Scotland,Bangladesh,KJ Coetzer,HJW Gardiner,Mashrafe Mortaza,0,0,,,,,,,,,
656451,2014/15,2015-03-05,Saxton Oval,1,5.1,Scotland,Bangladesh,HJW Gardiner,KJ Coetzer,Shakib Al Hasan,0,0,,,,,,,,,
656451,2014/15,2015-03-05,Saxton Oval,1,5.2,Scotland,Bangladesh,HJW Gardiner,KJ Coetzer,Shakib Al Hasan,0,0,,,,,,,,,
656451,2014/15,2015-03-05,Saxton Oval,1,5.3,Scotland,Bangladesh,HJW Gardiner,KJ Coetzer,Shakib Al Hasan,0,0,,,,,,,,,
656451,2014/15,2015-03-05,Saxton Oval,1,5.4,Scotland,Bangladesh,HJW Gardiner,KJ Coetzer,Shakib Al Hasan,1,0,,,,,,,,,
656451,2014/15,2015-03-05,Saxton Oval,1,5.5,Scotland,Bangladesh,KJ Coetzer,HJW Gardiner,Shakib Al Hasan,0,0,,,,,,,,,
656451,2014/15,2015-03-05,Saxton Oval,1,5.6,Scotland,Bangladesh,KJ Coetzer,HJW Gardiner,Shakib Al Hasan,0,0,,,,,,,,,
656451,2014/15,2015-03-05,Saxton Oval,1,6.1,Scotland,Bangladesh,HJW Gardiner,KJ Coetzer,Mashrafe Mortaza,0,0,,,,,,,,,
656451,2014/15,2015-03-05,Saxton Oval,1,6.2,Scotland,Bangladesh,HJW Gardiner,KJ Coetzer,Mashrafe Mortaza,0,0,,,,,,,,,
656451,2014/15,2015-03-05,Saxton Oval,1,6.3,Scotland,Bangladesh,HJW Gardiner,KJ Coetzer,Mashrafe Mortaza,0,0,,,,,,,,,
656451,2014/15,2015-03-05,Saxton Oval,1,6.4,Scotland,Bangladesh,HJW Gardiner,KJ Coetzer,Mashrafe Mortaza,4,0,,,,,,,,,
656451,2014/15,2015-03-05,Saxton Oval,1,6.5,Scotland,Bangladesh,HJW Gardiner,KJ Coetzer,Mashrafe Mortaza,0,0,,,,,,,,,
656451,2014/15,2015-03-05,Saxton Oval,1,6.6,Scotland,Bangladesh,HJW Gardiner,KJ Coetzer,Mashrafe Mortaza,0,0,,,,,,,,,
656451,2014/15,2015-03-05,Saxton Oval,1,7.1,Scotland,Bangladesh,KJ Coetzer,HJW Gardiner,Taskin Ahmed,1,0,,,,,,,,,
656451,2014/15,2015-03-05,Saxton Oval,1,7.2,Scotland,Bangladesh,HJW Gardiner,KJ Coetzer,Taskin Ahmed,0,0,,,,,,,,,
656451,2014/15,2015-03-05,Saxton Oval,1,7.3,Scotland,Bangladesh,HJW Gardiner,KJ Coetzer,Taskin Ahmed,1,0,,,,,,,,,
656451,2014/15,2015-03-05,Saxton Oval,1,7.4,Scotland,Bangladesh,KJ Coetzer,HJW Gardiner,Taskin Ahmed,0,0,,,,,,,,,
656451,2014/15,2015-03-05,Saxton Oval,1,7.5,Scotland,Bangladesh,KJ Coetzer,HJW Gardiner,Taskin Ahmed,1,0,,,,,,,,,
656451,2014/15,2015-03-05,Saxton Oval,1,7.6,Scotland,Bangladesh,HJW Gardiner,KJ Coetzer,Taskin Ahmed,0,1,,,,1,,,,,
656451,2014/15,2015-03-05,Saxton Oval,1,8.1,Scotland,Bangladesh,HJW Gardiner,KJ Coetzer,Rubel Hossain,0,0,,,,,,,,,
656451,2014/15,2015-03-05,Saxton Oval,1,8.2,Scotland,Bangladesh,HJW Gardiner,KJ Coetzer,Rubel Hossain,0,0,,,,,,,,,
656451,2014/15,2015-03-05,Saxton Oval,1,8.3,Scotland,Bangladesh,HJW Gardiner,KJ Coetzer,Rubel Hossain,4,0,,,,,,,,,
656451,2014/15,2015-03-05,Saxton Oval,1,8.4,Scotland,Bangladesh,HJW Gardiner,KJ Coetzer,Rubel Hossain,0,0,,,,,,,,,
656451,2014/15,2015-03-05,Saxton Oval,1,8.5,Scotland,Bangladesh,HJW Gardiner,KJ Coetzer,Rubel Hossain,4,0,,,,,,,,,
656451,2014/15,2015-03-05,Saxton Oval,1,8.6,Scotland,Bangladesh,HJW Gardiner,KJ Coetzer,Rubel Hossain,0,0,,,,,,,,,
656451,2014/15,2015-03-05,Saxton Oval,1,9.1,Scotland,Bangladesh,KJ Coetzer,HJW Gardiner,Taskin Ahmed,0,0,,,,,,,,,
656451,2014/15,2015-03-05,Saxton Oval,1,9.2,Scotland,Bangladesh,KJ Coetzer,HJW Gardiner,Taskin Ahmed,0,0,,,,,,,,,
656451,2014/15,2015-03-05,Saxton Oval,1,9.3,Scotland,Bangladesh,KJ Coetzer,HJW Gardiner,Taskin Ahmed,1,0,,,,,,,,,
656451,2014/15,2015-03-05,Saxton Oval,1,9.4,Scotland,Bangladesh,HJW Gardiner,KJ Coetzer,Taskin Ahmed,0,0,,,,,,,,,
656451,2014/15,2015-03-05,Saxton Oval,1,9.5,Scotland,Bangladesh,HJW Gardiner,KJ Coetzer,Taskin Ahmed,0,0,,,,,,caught,HJW Gardiner,,
656451,2014/15,2015-03-05,Saxton Oval,1,9.6,Scotland,Bangladesh,MW Machan,KJ Coetzer,Taskin Ahmed,1,0,,,,,,,,,
656451,2014/15,2015-03-05,Saxton Oval,1,10.1,Scotland,Bangladesh,MW Machan,KJ Coetzer,Mahmudullah,0,0,,,,,,,,,
656451,2014/15,2015-03-05,Saxton Oval,1,10.2,Scotland,Bangladesh,MW Machan,KJ Coetzer,Mahmudullah,0,0,,,,,,,,,
656451,2014/15,2015-03-05,Saxton Oval,1,10.3,Scotland,Bangladesh,MW Machan,KJ Coetzer,Mahmudullah,0,0,,,,,,,,,
656451,2014/15,2015-03-05,Saxton Oval,1,10.4,Scotland,Bangladesh,MW Machan,KJ Coetzer,Mahmudullah,6,0,,,,,,,,,
656451,2014/15,2015-03-05,Saxton Oval,1,10.5,Scotland,Bangladesh,MW Machan,KJ Coetzer,Mahmudullah,0,0,,,,,,,,,
656451,2014/15,2015-03-05,Saxton Oval,1,10.6,Scotland,Bangladesh,MW Machan,KJ Coetzer,Mahmudullah,0,0,,,,,,,,,
656451,2014/15,2015-03-05,Saxton Oval,1,11.1,Scotland,Bangladesh,KJ Coetzer,MW Machan,Taskin Ahmed,0,0,,,,,,,,,
656451,2014/15,2015-03-05,Saxton Oval,1,11.2,Scotland,Bangladesh,KJ Coetzer,MW Machan,Taskin Ahmed,1,0,,,,,,,,,
656451,2014/15,2015-03-05,Saxton Oval,1,11.3,Scotland,Bangladesh,MW Machan,KJ Coetzer,Taskin Ahmed,0,0,,,,,,,,,
656451,2014/15,2015-03-05,Saxton Oval,1,11.4,Scotland,Bangladesh,MW Machan,KJ Coetzer,Taskin Ahmed,0,0,,,,,,,,,
656451,2014/15,2015-03-05,Saxton Oval,1,11.5,Scotland,Bangladesh,MW Machan,KJ Coetzer,Taskin Ahmed,0,0,,,,,,,,,
656451,2014/15,2015-03-05,Saxton Oval,1,11.6,Scotland,Bangladesh,MW Machan,KJ Coetzer,Taskin Ahmed,0,0,,,,,,,,,
656451,2014/15,2015-03-05,Saxton Oval,1,12.1,Scotland,Bangladesh,KJ Coetzer,MW Machan,Mahmudullah,1,0,,,,,,,,,
656451,2014/15,2015-03-05,Saxton Oval,1,12.2,Scotland,Bangladesh,MW Machan,KJ Coetzer,Mahmudullah,1,0,,,,,,,,,
656451,2014/15,2015-03-05,Saxton Oval,1,12.3,Scotland,Bangladesh,KJ Coetzer,MW Machan,Mahmudullah,0,0,,,,,,,,,
656451,2014/15,2015-03-05,Saxton Oval,1,12.4,Scotland,Bangladesh,KJ Coetzer,MW Machan,Mahmudullah,4,0,,,,,,,,,
656451,2014/15,2015-03-05,Saxton Oval,1,12.5,Scotland,Bangladesh,KJ Coetzer,MW Machan,Mahmudullah,1,0,,,,,,,,,
656451,2014/15,2015-03-05,Saxton Oval,1,12.6,Scotland,Bangladesh,MW Machan,KJ Coetzer,Mahmudullah,0,0,,,,,,,,,
656451,2014/15,2015-03-05,Saxton Oval,1,13.1,Scotland,Bangladesh,KJ Coetzer,MW Machan,Taskin Ahmed,0,1,1,,,,,,,,
656451,2014/15,2015-03-05,Saxton Oval,1,13.2,Scotland,Bangladesh,KJ Coetzer,MW Machan,Taskin Ahmed,1,0,,,,,,,,,
656451,2014/15,2015-03-05,Saxton Oval,1,13.3,Scotland,Bangladesh,MW Machan,KJ Coetzer,Taskin Ahmed,4,0,,,,,,,,,
656451,2014/15,2015-03-05,Saxton Oval,1,13.4,Scotland,Bangladesh,MW Machan,KJ Coetzer,Taskin Ahmed,0,0,,,,,,,,,
656451,2014/15,2015-03-05,Saxton Oval,1,13.5,Scotland,Bangladesh,MW Machan,KJ Coetzer,Taskin Ahmed,0,0,,,,,,,,,
656451,2014/15,2015-03-05,Saxton Oval,1,13.6,Scotland,Bangladesh,MW Machan,KJ Coetzer,Taskin Ahmed,1,0,,,,,,,,,
656451,2014/15,2015-03-05,Saxton Oval,1,13.7,Scotland,Bangladesh,KJ Coetzer,MW Machan,Taskin Ahmed,4,0,,,,,,,,,
656451,2014/15,2015-03-05,Saxton Oval,1,14.1,Scotland,Bangladesh,MW Machan,KJ Coetzer,Mahmudullah,1,0,,,,,,,,,
656451,2014/15,2015-03-05,Saxton Oval,1,14.2,Scotland,Bangladesh,KJ Coetzer,MW Machan,Mahmudullah,1,0,,,,,,,,,
656451,2014/15,2015-03-05,Saxton Oval,1,14.3,Scotland,Bangladesh,MW Machan,KJ Coetzer,Mahmudullah,0,0,,,,,,,,,
656451,2014/15,2015-03-05,Saxton Oval,1,14.4,Scotland,Bangladesh,MW Machan,KJ Coetzer,Mahmudullah,1,0,,,,,,,,,
656451,2014/15,2015-03-05,Saxton Oval,1,14.5,Scotland,Bangladesh,KJ Coetzer,MW Machan,Mahmudullah,1,0,,,,,,,,,
656451,2014/15,2015-03-05,Saxton Oval,1,14.6,Scotland,Bangladesh,MW Machan,KJ Coetzer,Mahmudullah,0,0,,,,,,,,,
656451,2014/15,2015-03-05,Saxton Oval,1,15.1,Scotland,Bangladesh,KJ Coetzer,MW Machan,Rubel Hossain,0,0,,,,,,,,,
656451,2014/15,2015-03-05,Saxton Oval,1,15.2,Scotland,Bangladesh,KJ Coetzer,MW Machan,Rubel Hossain,1,0,,,,,,,,,
656451,2014/15,2015-03-05,Saxton Oval,1,15.3,Scotland,Bangladesh,MW Machan,KJ Coetzer,Rubel Hossain,4,0,,,,,,,,,
656451,2014/15,2015-03-05,Saxton Oval,1,15.4,Scotland,Bangladesh,MW Machan,KJ Coetzer,Rubel Hossain,0,0,,,,,,,,,
656451,2014/15,2015-03-05,Saxton Oval,1,15.5,Scotland,Bangladesh,MW Machan,KJ Coetzer,Rubel Hossain,0,0,,,,,,,,,
656451,2014/15,2015-03-05,Saxton Oval,1,15.6,Scotland,Bangladesh,MW Machan,KJ Coetzer,Rubel Hossain,2,0,,,,,,,,,
656451,2014/15,2015-03-05,Saxton Oval,1,16.1,Scotland,Bangladesh,KJ Coetzer,MW Machan,Mahmudullah,0,0,,,,,,,,,
656451,2014/15,2015-03-05,Saxton Oval,1,16.2,Scotland,Bangladesh,KJ Coetzer,MW Machan,Mahmudullah,1,0,,,,,,,,,
656451,2014/15,2015-03-05,Saxton Oval,1,16.3,Scotland,Bangladesh,MW Machan,KJ Coetzer,Mahmudullah,0,0,,,,,,,,,
656451,2014/15,2015-03-05,Saxton Oval,1,16.4,Scotland,Bangladesh,MW Machan,KJ Coetzer,Mahmudullah,0,0,,,,,,,,,
656451,2014/15,2015-03-05,Saxton Oval,1,16.5,Scotland,Bangladesh,MW Machan,KJ Coetzer,Mahmudullah,0,0,,,,,,,,,
656451,2014/15,2015-03-05,Saxton Oval,1,16.6,Scotland,Bangladesh,MW Machan,KJ Coetzer,Mahmudullah,0,0,,,,,,,,,
656451,2014/15,2015-03-05,Saxton Oval,1,17.1,Scotland,Bangladesh,KJ Coetzer,MW Machan,Shakib Al Hasan,0,0,,,,,,,,,
656451,2014/15,2015-03-05,Saxton Oval,1,17.2,Scotland,Bangladesh,KJ Coetzer,MW Machan,Shakib Al Hasan,1,0,,,,,,,,,
656451,2014/15,2015-03-05,Saxton Oval,1,17.3,Scotland,Bangladesh,MW Machan,KJ Coetzer,Shakib Al Hasan,0,0,,,,,,,,,
656451,2014/15,2015-03-05,Saxton Oval,1,17.4,Scotland,Bangladesh,MW Machan,KJ Coetzer,Shakib Al Hasan,0,0,,,,,,,,,
656451,2014/15,2015-03-05,Saxton Oval,1,17.5,Scotland,Bangladesh,MW Machan,KJ Coetzer,Shakib Al Hasan,0,0,,,,,,,,,
656451,2014/15,2015-03-05,Saxton Oval,1,17.6,Scotland,Bangladesh,MW Machan,KJ Coetzer,Shakib Al Hasan,0,0,,,,,,,,,
656451,2014/15,2015-03-05,Saxton Oval,1,18.1,Scotland,Bangladesh,KJ Coetzer,MW Machan,Rubel Hossain,4,0,,,,,,,,,
656451,2014/15,2015-03-05,Saxton Oval,1,18.2,Scotland,Bangladesh,KJ Coetzer,MW Machan,Rubel Hossain,0,0,,,,,,,,,
656451,2014/15,2015-03-05,Saxton Oval,1,18.3,Scotland,Bangladesh,KJ Coetzer,MW Machan,Rubel Hossain,0,0,,,,,,,,,
656451,2014/15,2015-03-05,Saxton Oval,1,18.4,Scotland,Bangladesh,KJ Coetzer,MW Machan,Rubel Hossain,0,0,,,,,,,,,
656451,2014/15,2015-03-05,Saxton Oval,1,18.5,Scotland,Bangladesh,KJ Coetzer,MW Machan,Rubel Hossain,1,0,,,,,,,,,
656451,2014/15,2015-03-05,Saxton Oval,1,18.6,Scotland,Bangladesh,MW Machan,KJ Coetzer,Rubel Hossain,1,0,,,,,,,,,
656451,2014/15,2015-03-05,Saxton Oval,1,19.1,Scotland,Bangladesh,MW Machan,KJ Coetzer,Shakib Al Hasan,1,0,,,,,,,,,
656451,2014/15,2015-03-05,Saxton Oval,1,19.2,Scotland,Bangladesh,KJ Coetzer,MW Machan,Shakib Al Hasan,6,0,,,,,,,,,
656451,2014/15,2015-03-05,Saxton Oval,1,19.3,Scotland,Bangladesh,KJ Coetzer,MW Machan,Shakib Al Hasan,0,0,,,,,,,,,
656451,2014/15,2015-03-05,Saxton Oval,1,19.4,Scotland,Bangladesh,KJ Coetzer,MW Machan,Shakib Al Hasan,4,0,,,,,,,,,
656451,2014/15,2015-03-05,Saxton Oval,1,19.5,Scotland,Bangladesh,KJ Coetzer,MW Machan,Shakib Al Hasan,0,0,,,,,,,,,
656451,2014/15,2015-03-05,Saxton Oval,1,19.6,Scotland,Bangladesh,KJ Coetzer,MW Machan,Shakib Al Hasan,0,0,,,,,,,,,
656451,2014/15,2015-03-05,Saxton Oval,1,20.1,Scotland,Bangladesh,MW Machan,KJ Coetzer,Mashrafe Mortaza,0,1,1,,,,,,,,
656451,2014/15,2015-03-05,Saxton Oval,1,20.2,Scotland,Bangladesh,MW Machan,KJ Coetzer,Mashrafe Mortaza,1,0,,,,,,,,,
656451,2014/15,2015-03-05,Saxton Oval,1,20.3,Scotland,Bangladesh,KJ Coetzer,MW Machan,Mashrafe Mortaza,1,0,,,,,,,,,
656451,2014/15,2015-03-05,Saxton Oval,1,20.4,Scotland,Bangladesh,MW Machan,KJ Coetzer,Mashrafe Mortaza,0,0,,,,,,,,,
656451,2014/15,2015-03-05,Saxton Oval,1,20.5,Scotland,Bangladesh,MW Machan,KJ Coetzer,Mashrafe Mortaza,0,0,,,,,,,,,
656451,2014/15,2015-03-05,Saxton Oval,1,20.6,Scotland,Bangladesh,MW Machan,KJ Coetzer,Mashrafe Mortaza,2,0,,,,,,,,,
656451,2014/15,2015-03-05,Saxton Oval,1,20.7,Scotland,Bangladesh,MW Machan,KJ Coetzer,Mashrafe Mortaza,0,0,,,,,,,,,
656451,2014/15,2015-03-05,Saxton Oval,1,21.1,Scotland,Bangladesh,KJ Coetzer,MW Machan,Shakib Al Hasan,1,0,,,,,,,,,
656451,2014/15,2015-03-05,Saxton Oval,1,21.2,Scotland,Bangladesh,MW Machan,KJ Coetzer,Shakib Al Hasan,1,0,,,,,,,,,
656451,2014/15,2015-03-05,Saxton Oval,1,21.3,Scotland,Bangladesh,KJ Coetzer,MW Machan,Shakib Al Hasan,0,0,,,,,,,,,
656451,2014/15,2015-03-05,Saxton Oval,1,21.4,Scotland,Bangladesh,KJ Coetzer,MW Machan,Shakib Al Hasan,1,0,,,,,,,,,
656451,2014/15,2015-03-05,Saxton Oval,1,21.5,Scotland,Bangladesh,MW Machan,KJ Coetzer,Shakib Al Hasan,0,0,,,,,,,,,
656451,2014/15,2015-03-05,Saxton Oval,1,21.6,Scotland,Bangladesh,MW Machan,KJ Coetzer,Shakib Al Hasan,1,0,,,,,,,,,
656451,2014/15,2015-03-05,Saxton Oval,1,22.1,Scotland,Bangladesh,MW Machan,KJ Coetzer,Mashrafe Mortaza,0,0,,,,,,,,,
656451,2014/15,2015-03-05,Saxton Oval,1,22.2,Scotland,Bangladesh,MW Machan,KJ Coetzer,Mashrafe Mortaza,1,0,,,,,,,,,
656451,2014/15,2015-03-05,Saxton Oval,1,22.3,Scotland,Bangladesh,KJ Coetzer,MW Machan,Mashrafe Mortaza,4,0,,,,,,,,,
656451,2014/15,2015-03-05,Saxton Oval,1,22.4,Scotland,Bangladesh,KJ Coetzer,MW Machan,Mashrafe Mortaza,1,0,,,,,,,,,
656451,2014/15,2015-03-05,Saxton Oval,1,22.5,Scotland,Bangladesh,MW Machan,KJ Coetzer,Mashrafe Mortaza,1,0,,,,,,,,,
656451,2014/15,2015-03-05,Saxton Oval,1,22.6,Scotland,Bangladesh,KJ Coetzer,MW Machan,Mashrafe Mortaza,0,0,,,,,,,,,
656451,2014/15,2015-03-05,Saxton Oval,1,23.1,Scotland,Bangladesh,MW Machan,KJ Coetzer,Sabbir Rahman,2,0,,,,,,,,,
656451,2014/15,2015-03-05,Saxton Oval,1,23.2,Scotland,Bangladesh,MW Machan,KJ Coetzer,Sabbir Rahman,1,0,,,,,,,,,
656451,2014/15,2015-03-05,Saxton Oval,1,23.3,Scotland,Bangladesh,KJ Coetzer,MW Machan,Sabbir Rahman,0,0,,,,,,,,,
656451,2014/15,2015-03-05,Saxton Oval,1,23.4,Scotland,Bangladesh,KJ Coetzer,MW Machan,Sabbir Rahman,1,0,,,,,,,,,
656451,2014/15,2015-03-05,Saxton Oval,1,23.5,Scotland,Bangladesh,MW Machan,KJ Coetzer,Sabbir Rahman,2,0,,,,,,,,,
656451,2014/15,2015-03-05,Saxton Oval,1,23.6,Scotland,Bangladesh,MW Machan,KJ Coetzer,Sabbir Rahman,0,0,,,,,,caught and bowled,MW Machan,,
656451,2014/15,2015-03-05,Saxton Oval,1,24.1,Scotland,Bangladesh,KJ Coetzer,PL Mommsen,Rubel Hossain,1,0,,,,,,,,,
656451,2014/15,2015-03-05,Saxton Oval,1,24.2,Scotland,Bangladesh,PL Mommsen,KJ Coetzer,Rubel Hossain,0,0,,,,,,,,,
656451,2014/15,2015-03-05,Saxton Oval,1,24.3,Scotland,Bangladesh,PL Mommsen,KJ Coetzer,Rubel Hossain,0,0,,,,,,,,,
656451,2014/15,2015-03-05,Saxton Oval,1,24.4,Scotland,Bangladesh,PL Mommsen,KJ Coetzer,Rubel Hossain,1,0,,,,,,,,,
656451,2014/15,2015-03-05,Saxton Oval,1,24.5,Scotland,Bangladesh,KJ Coetzer,PL Mommsen,Rubel Hossain,0,0,,,,,,,,,
656451,2014/15,2015-03-05,Saxton Oval,1,24.6,Scotland,Bangladesh,KJ Coetzer,PL Mommsen,Rubel Hossain,4,0,,,,,,,,,
656451,2014/15,2015-03-05,Saxton Oval,1,25.1,Scotland,Bangladesh,PL Mommsen,KJ Coetzer,Sabbir Rahman,0,0,,,,,,,,,
656451,2014/15,2015-03-05,Saxton Oval,1,25.2,Scotland,Bangladesh,PL Mommsen,KJ Coetzer,Sabbir Rahman,0,0,,,,,,,,,
656451,2014/15,2015-03-05,Saxton Oval,1,25.3,Scotland,Bangladesh,PL Mommsen,KJ Coetzer,Sabbir Rahman,1,0,,,,,,,,,
656451,2014/15,2015-03-05,Saxton Oval,1,25.4,Scotland,Bangladesh,KJ Coetzer,PL Mommsen,Sabbir Rahman,1,0,,,,,,,,,
656451,2014/15,2015-03-05,Saxton Oval,1,25.5,Scotland,Bangladesh,PL Mommsen,KJ Coetzer,Sabbir Rahman,1,0,,,,,,,,,
656451,2014/15,2015-03-05,Saxton Oval,1,25.6,Scotland,Bangladesh,KJ Coetzer,PL Mommsen,Sabbir Rahman,0,0,,,,,,,,,
656451,2014/15,2015-03-05,Saxton Oval,1,26.1,Scotland,Bangladesh,PL Mommsen,KJ Coetzer,Rubel Hossain,0,0,,,,,,,,,
656451,2014/15,2015-03-05,Saxton Oval,1,26.2,Scotland,Bangladesh,PL Mommsen,KJ Coetzer,Rubel Hossain,0,0,,,,,,,,,
656451,2014/15,2015-03-05,Saxton Oval,1,26.3,Scotland,Bangladesh,PL Mommsen,KJ Coetzer,Rubel Hossain,0,0,,,,,,,,,
656451,2014/15,2015-03-05,Saxton Oval,1,26.4,Scotland,Bangladesh,PL Mommsen,KJ Coetzer,Rubel Hossain,1,0,,,,,,,,,
656451,2014/15,2015-03-05,Saxton Oval,1,26.5,Scotland,Bangladesh,KJ Coetzer,PL Mommsen,Rubel Hossain,1,0,,,,,,,,,
656451,2014/15,2015-03-05,Saxton Oval,1,26.6,Scotland,Bangladesh,PL Mommsen,KJ Coetzer,Rubel Hossain,0,0,,,,,,,,,
656451,2014/15,2015-03-05,Saxton Oval,1,27.1,Scotland,Bangladesh,KJ Coetzer,PL Mommsen,Sabbir Rahman,4,0,,,,,,,,,
656451,2014/15,2015-03-05,Saxton Oval,1,27.2,Scotland,Bangladesh,KJ Coetzer,PL Mommsen,Sabbir Rahman,1,0,,,,,,,,,
656451,2014/15,2015-03-05,Saxton Oval,1,27.3,Scotland,Bangladesh,PL Mommsen,KJ Coetzer,Sabbir Rahman,1,0,,,,,,,,,
656451,2014/15,2015-03-05,Saxton Oval,1,27.4,Scotland,Bangladesh,KJ Coetzer,PL Mommsen,Sabbir Rahman,1,0,,,,,,,,,
656451,2014/15,2015-03-05,Saxton Oval,1,27.5,Scotland,Bangladesh,PL Mommsen,KJ Coetzer,Sabbir Rahman,1,0,,,,,,,,,
656451,2014/15,2015-03-05,Saxton Oval,1,27.6,Scotland,Bangladesh,KJ Coetzer,PL Mommsen,Sabbir Rahman,1,0,,,,,,,,,
656451,2014/15,2015-03-05,Saxton Oval,1,28.1,Scotland,Bangladesh,KJ Coetzer,PL Mommsen,Rubel Hossain,0,0,,,,,,,,,
656451,2014/15,2015-03-05,Saxton Oval,1,28.2,Scotland,Bangladesh,KJ Coetzer,PL Mommsen,Rubel Hossain,0,0,,,,,,,,,
656451,2014/15,2015-03-05,Saxton Oval,1,28.3,Scotland,Bangladesh,KJ Coetzer,PL Mommsen,Rubel Hossain,4,0,,,,,,,,,
656451,2014/15,2015-03-05,Saxton Oval,1,28.4,Scotland,Bangladesh,KJ Coetzer,PL Mommsen,Rubel Hossain,0,0,,,,,,,,,
656451,2014/15,2015-03-05,Saxton Oval,1,28.5,Scotland,Bangladesh,KJ Coetzer,PL Mommsen,Rubel Hossain,1,0,,,,,,,,,
656451,2014/15,2015-03-05,Saxton Oval,1,28.6,Scotland,Bangladesh,PL Mommsen,KJ Coetzer,Rubel Hossain,0,0,,,,,,,,,
656451,2014/15,2015-03-05,Saxton Oval,1,29.1,Scotland,Bangladesh,KJ Coetzer,PL Mommsen,Taskin Ahmed,4,0,,,,,,,,,
656451,2014/15,2015-03-05,Saxton Oval,1,29.2,Scotland,Bangladesh,KJ Coetzer,PL Mommsen,Taskin Ahmed,1,0,,,,,,,,,
656451,2014/15,2015-03-05,Saxton Oval,1,29.3,Scotland,Bangladesh,PL Mommsen,KJ Coetzer,Taskin Ahmed,1,0,,,,,,,,,
656451,2014/15,2015-03-05,Saxton Oval,1,29.4,Scotland,Bangladesh,KJ Coetzer,PL Mommsen,Taskin Ahmed,1,0,,,,,,,,,
656451,2014/15,2015-03-05,Saxton Oval,1,29.5,Scotland,Bangladesh,PL Mommsen,KJ Coetzer,Taskin Ahmed,0,0,,,,,,,,,
656451,2014/15,2015-03-05,Saxton Oval,1,29.6,Scotland,Bangladesh,PL Mommsen,KJ Coetzer,Taskin Ahmed,4,0,,,,,,,,,
656451,2014/15,2015-03-05,Saxton Oval,1,30.1,Scotland,Bangladesh,KJ Coetzer,PL Mommsen,Mahmudullah,1,0,,,,,,,,,
656451,2014/15,2015-03-05,Saxton Oval,1,30.2,Scotland,Bangladesh,PL Mommsen,KJ Coetzer,Mahmudullah,3,0,,,,,,,,,
656451,2014/15,2015-03-05,Saxton Oval,1,30.3,Scotland,Bangladesh,KJ Coetzer,PL Mommsen,Mahmudullah,1,0,,,,,,,,,
656451,2014/15,2015-03-05,Saxton Oval,1,30.4,Scotland,Bangladesh,PL Mommsen,KJ Coetzer,Mahmudullah,4,0,,,,,,,,,
656451,2014/15,2015-03-05,Saxton Oval,1,30.5,Scotland,Bangladesh,PL Mommsen,KJ Coetzer,Mahmudullah,0,0,,,,,,,,,
656451,2014/15,2015-03-05,Saxton Oval,1,30.6,Scotland,Bangladesh,PL Mommsen,KJ Coetzer,Mahmudullah,2,0,,,,,,,,,
656451,2014/15,2015-03-05,Saxton Oval,1,31.1,Scotland,Bangladesh,KJ Coetzer,PL Mommsen,Sabbir Rahman,0,0,,,,,,,,,
656451,2014/15,2015-03-05,Saxton Oval,1,31.2,Scotland,Bangladesh,KJ Coetzer,PL Mommsen,Sabbir Rahman,0,0,,,,,,,,,
656451,2014/15,2015-03-05,Saxton Oval,1,31.3,Scotland,Bangladesh,KJ Coetzer,PL Mommsen,Sabbir Rahman,4,0,,,,,,,,,
656451,2014/15,2015-03-05,Saxton Oval,1,31.4,Scotland,Bangladesh,KJ Coetzer,PL Mommsen,Sabbir Rahman,0,0,,,,,,,,,
656451,2014/15,2015-03-05,Saxton Oval,1,31.5,Scotland,Bangladesh,KJ Coetzer,PL Mommsen,Sabbir Rahman,0,0,,,,,,,,,
656451,2014/15,2015-03-05,Saxton Oval,1,31.6,Scotland,Bangladesh,KJ Coetzer,PL Mommsen,Sabbir Rahman,1,0,,,,,,,,,
656451,2014/15,2015-03-05,Saxton Oval,1,32.1,Scotland,Bangladesh,KJ Coetzer,PL Mommsen,Taskin Ahmed,0,0,,,,,,,,,
656451,2014/15,2015-03-05,Saxton Oval,1,32.2,Scotland,Bangladesh,KJ Coetzer,PL Mommsen,Taskin Ahmed,4,0,,,,,,,,,
656451,2014/15,2015-03-05,Saxton Oval,1,32.3,Scotland,Bangladesh,KJ Coetzer,PL Mommsen,Taskin Ahmed,1,0,,,,,,,,,
656451,2014/15,2015-03-05,Saxton Oval,1,32.4,Scotland,Bangladesh,PL Mommsen,KJ Coetzer,Taskin Ahmed,1,0,,,,,,,,,
656451,2014/15,2015-03-05,Saxton Oval,1,32.5,Scotland,Bangladesh,KJ Coetzer,PL Mommsen,Taskin Ahmed,0,0,,,,,,,,,
656451,2014/15,2015-03-05,Saxton Oval,1,32.6,Scotland,Bangladesh,KJ Coetzer,PL Mommsen,Taskin Ahmed,1,0,,,,,,,,,
656451,2014/15,2015-03-05,Saxton Oval,1,33.1,Scotland,Bangladesh,KJ Coetzer,PL Mommsen,Sabbir Rahman,0,0,,,,,,,,,
656451,2014/15,2015-03-05,Saxton Oval,1,33.2,Scotland,Bangladesh,KJ Coetzer,PL Mommsen,Sabbir Rahman,0,0,,,,,,,,,
656451,2014/15,2015-03-05,Saxton Oval,1,33.3,Scotland,Bangladesh,KJ Coetzer,PL Mommsen,Sabbir Rahman,1,0,,,,,,,,,
656451,2014/15,2015-03-05,Saxton Oval,1,33.4,Scotland,Bangladesh,PL Mommsen,KJ Coetzer,Sabbir Rahman,1,0,,,,,,,,,
656451,2014/15,2015-03-05,Saxton Oval,1,33.5,Scotland,Bangladesh,KJ Coetzer,PL Mommsen,Sabbir Rahman,0,0,,,,,,,,,
656451,2014/15,2015-03-05,Saxton Oval,1,33.6,Scotland,Bangladesh,KJ Coetzer,PL Mommsen,Sabbir Rahman,1,0,,,,,,,,,
656451,2014/15,2015-03-05,Saxton Oval,1,34.1,Scotland,Bangladesh,KJ Coetzer,PL Mommsen,Nasir Hossain,0,0,,,,,,,,,
656451,2014/15,2015-03-05,Saxton Oval,1,34.2,Scotland,Bangladesh,KJ Coetzer,PL Mommsen,Nasir Hossain,0,0,,,,,,,,,
656451,2014/15,2015-03-05,Saxton Oval,1,34.3,Scotland,Bangladesh,KJ Coetzer,PL Mommsen,Nasir Hossain,1,0,,,,,,,,,
656451,2014/15,2015-03-05,Saxton Oval,1,34.4,Scotland,Bangladesh,PL Mommsen,KJ Coetzer,Nasir Hossain,0,0,,,,,,,,,
656451,2014/15,2015-03-05,Saxton Oval,1,34.5,Scotland,Bangladesh,PL Mommsen,KJ Coetzer,Nasir Hossain,0,0,,,,,,,,,
656451,2014/15,2015-03-05,Saxton Oval,1,34.6,Scotland,Bangladesh,PL Mommsen,KJ Coetzer,Nasir Hossain,1,0,,,,,,,,,
656451,2014/15,2015-03-05,Saxton Oval,1,35.1,Scotland,Bangladesh,PL Mommsen,KJ Coetzer,Mashrafe Mortaza,1,0,,,,,,,,,
656451,2014/15,2015-03-05,Saxton Oval,1,35.2,Scotland,Bangladesh,KJ Coetzer,PL Mommsen,Mashrafe Mortaza,1,0,,,,,,,,,
656451,2014/15,2015-03-05,Saxton Oval,1,35.3,Scotland,Bangladesh,PL Mommsen,KJ Coetzer,Mashrafe Mortaza,6,1,,1,,,,,,,
656451,2014/15,2015-03-05,Saxton Oval,1,35.4,Scotland,Bangladesh,PL Mommsen,KJ Coetzer,Mashrafe Mortaza,1,0,,,,,,,,,
656451,2014/15,2015-03-05,Saxton Oval,1,35.5,Scotland,Bangladesh,KJ Coetzer,PL Mommsen,Mashrafe Mortaza,4,0,,,,,,,,,
656451,2014/15,2015-03-05,Saxton Oval,1,35.6,Scotland,Bangladesh,KJ Coetzer,PL Mommsen,Mashrafe Mortaza,0,0,,,,,,,,,
656451,2014/15,2015-03-05,Saxton Oval,1,35.7,Scotland,Bangladesh,KJ Coetzer,PL Mommsen,Mashrafe Mortaza,0,0,,,,,,,,,
656451,2014/15,2015-03-05,Saxton Oval,1,36.1,Scotland,Bangladesh,PL Mommsen,KJ Coetzer,Shakib Al Hasan,1,0,,,,,,,,,
656451,2014/15,2015-03-05,Saxton Oval,1,36.2,Scotland,Bangladesh,KJ Coetzer,PL Mommsen,Shakib Al Hasan,2,0,,,,,,,,,
656451,2014/15,2015-03-05,Saxton Oval,1,36.3,Scotland,Bangladesh,KJ Coetzer,PL Mommsen,Shakib Al Hasan,0,0,,,,,,,,,
656451,2014/15,2015-03-05,Saxton Oval,1,36.4,Scotland,Bangladesh,KJ Coetzer,PL Mommsen,Shakib Al Hasan,0,0,,,,,,,,,
656451,2014/15,2015-03-05,Saxton Oval,1,36.5,Scotland,Bangladesh,KJ Coetzer,PL Mommsen,Shakib Al Hasan,0,0,,,,,,,,,
656451,2014/15,2015-03-05,Saxton Oval,1,36.6,Scotland,Bangladesh,KJ Coetzer,PL Mommsen,Shakib Al Hasan,1,0,,,,,,,,,
656451,2014/15,2015-03-05,Saxton Oval,1,37.1,Scotland,Bangladesh,KJ Coetzer,PL Mommsen,Rubel Hossain,0,0,,,,,,,,,
656451,2014/15,2015-03-05,Saxton Oval,1,37.2,Scotland,Bangladesh,KJ Coetzer,PL Mommsen,Rubel Hossain,0,0,,,,,,,,,
656451,2014/15,2015-03-05,Saxton Oval,1,37.3,Scotland,Bangladesh,KJ Coetzer,PL Mommsen,Rubel Hossain,0,0,,,,,,,,,
656451,2014/15,2015-03-05,Saxton Oval,1,37.4,Scotland,Bangladesh,KJ Coetzer,PL Mommsen,Rubel Hossain,6,0,,,,,,,,,
656451,2014/15,2015-03-05,Saxton Oval,1,37.5,Scotland,Bangladesh,KJ Coetzer,PL Mommsen,Rubel Hossain,1,0,,,,,,,,,
656451,2014/15,2015-03-05,Saxton Oval,1,37.6,Scotland,Bangladesh,PL Mommsen,KJ Coetzer,Rubel Hossain,1,0,,,,,,,,,
656451,2014/15,2015-03-05,Saxton Oval,1,38.1,Scotland,Bangladesh,PL Mommsen,KJ Coetzer,Shakib Al Hasan,1,0,,,,,,,,,
656451,2014/15,2015-03-05,Saxton Oval,1,38.2,Scotland,Bangladesh,KJ Coetzer,PL Mommsen,Shakib Al Hasan,1,0,,,,,,,,,
656451,2014/15,2015-03-05,Saxton Oval,1,38.3,Scotland,Bangladesh,PL Mommsen,KJ Coetzer,Shakib Al Hasan,1,0,,,,,,,,,
656451,2014/15,2015-03-05,Saxton Oval,1,38.4,Scotland,Bangladesh,KJ Coetzer,PL Mommsen,Shakib Al Hasan,1,0,,,,,,,,,
656451,2014/15,2015-03-05,Saxton Oval,1,38.5,Scotland,Bangladesh,PL Mommsen,KJ Coetzer,Shakib Al Hasan,1,0,,,,,,,,,
656451,2014/15,2015-03-05,Saxton Oval,1,38.6,Scotland,Bangladesh,KJ Coetzer,PL Mommsen,Shakib Al Hasan,1,0,,,,,,,,,
656451,2014/15,2015-03-05,Saxton Oval,1,39.1,Scotland,Bangladesh,KJ Coetzer,PL Mommsen,Rubel Hossain,4,0,,,,,,,,,
656451,2014/15,2015-03-05,Saxton Oval,1,39.2,Scotland,Bangladesh,KJ Coetzer,PL Mommsen,Rubel Hossain,4,0,,,,,,,,,
656451,2014/15,2015-03-05,Saxton Oval,1,39.3,Scotland,Bangladesh,KJ Coetzer,PL Mommsen,Rubel Hossain,0,0,,,,,,,,,
656451,2014/15,2015-03-05,Saxton Oval,1,39.4,Scotland,Bangladesh,KJ Coetzer,PL Mommsen,Rubel Hossain,2,0,,,,,,,,,
656451,2014/15,2015-03-05,Saxton Oval,1,39.5,Scotland,Bangladesh,KJ Coetzer,PL Mommsen,Rubel Hossain,6,0,,,,,,,,,
656451,2014/15,2015-03-05,Saxton Oval,1,39.6,Scotland,Bangladesh,KJ Coetzer,PL Mommsen,Rubel Hossain,0,1,1,,,,,,,,
656451,2014/15,2015-03-05,Saxton Oval,1,39.7,Scotland,Bangladesh,KJ Coetzer,PL Mommsen,Rubel Hossain,1,0,,,,,,,,,
656451,2014/15,2015-03-05,Saxton Oval,1,40.1,Scotland,Bangladesh,KJ Coetzer,PL Mommsen,Nasir Hossain,0,0,,,,,,,,,
656451,2014/15,2015-03-05,Saxton Oval,1,40.2,Scotland,Bangladesh,KJ Coetzer,PL Mommsen,Nasir Hossain,0,0,,,,,,,,,
656451,2014/15,2015-03-05,Saxton Oval,1,40.3,Scotland,Bangladesh,KJ Coetzer,PL Mommsen,Nasir Hossain,1,0,,,,,,,,,
656451,2014/15,2015-03-05,Saxton Oval,1,40.4,Scotland,Bangladesh,PL Mommsen,KJ Coetzer,Nasir Hossain,2,0,,,,,,,,,
656451,2014/15,2015-03-05,Saxton Oval,1,40.5,Scotland,Bangladesh,PL Mommsen,KJ Coetzer,Nasir Hossain,1,0,,,,,,,,,
656451,2014/15,2015-03-05,Saxton Oval,1,40.6,Scotland,Bangladesh,KJ Coetzer,PL Mommsen,Nasir Hossain,1,0,,,,,,,,,
656451,2014/15,2015-03-05,Saxton Oval,1,41.1,Scotland,Bangladesh,KJ Coetzer,PL Mommsen,Mashrafe Mortaza,0,0,,,,,,,,,
656451,2014/15,2015-03-05,Saxton Oval,1,41.2,Scotland,Bangladesh,KJ Coetzer,PL Mommsen,Mashrafe Mortaza,4,0,,,,,,,,,
656451,2014/15,2015-03-05,Saxton Oval,1,41.3,Scotland,Bangladesh,KJ Coetzer,PL Mommsen,Mashrafe Mortaza,4,0,,,,,,,,,
656451,2014/15,2015-03-05,Saxton Oval,1,41.4,Scotland,Bangladesh,KJ Coetzer,PL Mommsen,Mashrafe Mortaza,0,0,,,,,,,,,
656451,2014/15,2015-03-05,Saxton Oval,1,41.5,Scotland,Bangladesh,KJ Coetzer,PL Mommsen,Mashrafe Mortaza,6,0,,,,,,,,,
656451,2014/15,2015-03-05,Saxton Oval,1,41.6,Scotland,Bangladesh,KJ Coetzer,PL Mommsen,Mashrafe Mortaza,1,0,,,,,,,,,
656451,2014/15,2015-03-05,Saxton Oval,1,42.1,Scotland,Bangladesh,KJ Coetzer,PL Mommsen,Nasir Hossain,2,0,,,,,,,,,
656451,2014/15,2015-03-05,Saxton Oval,1,42.2,Scotland,Bangladesh,KJ Coetzer,PL Mommsen,Nasir Hossain,2,0,,,,,,,,,
656451,2014/15,2015-03-05,Saxton Oval,1,42.3,Scotland,Bangladesh,KJ Coetzer,PL Mommsen,Nasir Hossain,2,0,,,,,,,,,
656451,2014/15,2015-03-05,Saxton Oval,1,42.4,Scotland,Bangladesh,KJ Coetzer,PL Mommsen,Nasir Hossain,1,0,,,,,,,,,
656451,2014/15,2015-03-05,Saxton Oval,1,42.5,Scotland,Bangladesh,PL Mommsen,KJ Coetzer,Nasir Hossain,0,0,,,,,,caught,PL Mommsen,,
656451,2014/15,2015-03-05,Saxton Oval,1,42.6,Scotland,Bangladesh,KJ Coetzer,RD Berrington,Nasir Hossain,1,0,,,,,,,,,
656451,2014/15,2015-03-05,Saxton Oval,1,43.1,Scotland,Bangladesh,KJ Coetzer,RD Berrington,Sabbir Rahman,1,0,,,,,,,,,
656451,2014/15,2015-03-05,Saxton Oval,1,43.2,Scotland,Bangladesh,RD Berrington,KJ Coetzer,Sabbir Rahman,1,0,,,,,,,,,
656451,2014/15,2015-03-05,Saxton Oval,1,43.3,Scotland,Bangladesh,KJ Coetzer,RD Berrington,Sabbir Rahman,4,0,,,,,,,,,
656451,2014/15,2015-03-05,Saxton Oval,1,43.4,Scotland,Bangladesh,KJ Coetzer,RD Berrington,Sabbir Rahman,0,0,,,,,,,,,
656451,2014/15,2015-03-05,Saxton Oval,1,43.5,Scotland,Bangladesh,KJ Coetzer,RD Berrington,Sabbir Rahman,1,0,,,,,,,,,
656451,2014/15,2015-03-05,Saxton Oval,1,43.6,Scotland,Bangladesh,RD Berrington,KJ Coetzer,Sabbir Rahman,1,0,,,,,,,,,
656451,2014/15,2015-03-05,Saxton Oval,1,44.1,Scotland,Bangladesh,RD Berrington,KJ Coetzer,Nasir Hossain,1,0,,,,,,,,,
656451,2014/15,2015-03-05,Saxton Oval,1,44.2,Scotland,Bangladesh,KJ Coetzer,RD Berrington,Nasir Hossain,1,0,,,,,,,,,
656451,2014/15,2015-03-05,Saxton Oval,1,44.3,Scotland,Bangladesh,RD Berrington,KJ Coetzer,Nasir Hossain,1,0,,,,,,,,,
656451,2014/15,2015-03-05,Saxton Oval,1,44.4,Scotland,Bangladesh,KJ Coetzer,RD Berrington,Nasir Hossain,0,0,,,,,,caught,KJ Coetzer,,
656451,2014/15,2015-03-05,Saxton Oval,1,44.5,Scotland,Bangladesh,RD Berrington,MH Cross,Nasir Hossain,1,0,,,,,,,,,
656451,2014/15,2015-03-05,Saxton Oval,1,44.6,Scotland,Bangladesh,MH Cross,RD Berrington,Nasir Hossain,0,0,,,,,,,,,
656451,2014/15,2015-03-05,Saxton Oval,1,45.1,Scotland,Bangladesh,RD Berrington,MH Cross,Sabbir Rahman,1,0,,,,,,,,,
656451,2014/15,2015-03-05,Saxton Oval,1,45.2,Scotland,Bangladesh,MH Cross,RD Berrington,Sabbir Rahman,1,0,,,,,,,,,
656451,2014/15,2015-03-05,Saxton Oval,1,45.3,Scotland,Bangladesh,RD Berrington,MH Cross,Sabbir Rahman,6,0,,,,,,,,,
656451,2014/15,2015-03-05,Saxton Oval,1,45.4,Scotland,Bangladesh,RD Berrington,MH Cross,Sabbir Rahman,1,0,,,,,,,,,
656451,2014/15,2015-03-05,Saxton Oval,1,45.5,Scotland,Bangladesh,MH Cross,RD Berrington,Sabbir Rahman,2,0,,,,,,,,,
656451,2014/15,2015-03-05,Saxton Oval,1,45.6,Scotland,Bangladesh,MH Cross,RD Berrington,Sabbir Rahman,2,0,,,,,,,,,
656451,2014/15,2015-03-05,Saxton Oval,1,46.1,Scotland,Bangladesh,RD Berrington,MH Cross,Nasir Hossain,0,0,,,,,,,,,
656451,2014/15,2015-03-05,Saxton Oval,1,46.2,Scotland,Bangladesh,RD Berrington,MH Cross,Nasir Hossain,6,0,,,,,,,,,
656451,2014/15,2015-03-05,Saxton Oval,1,46.3,Scotland,Bangladesh,RD Berrington,MH Cross,Nasir Hossain,1,0,,,,,,,,,
656451,2014/15,2015-03-05,Saxton Oval,1,46.4,Scotland,Bangladesh,MH Cross,RD Berrington,Nasir Hossain,1,0,,,,,,,,,
656451,2014/15,2015-03-05,Saxton Oval,1,46.5,Scotland,Bangladesh,RD Berrington,MH Cross,Nasir Hossain,4,0,,,,,,,,,
656451,2014/15,2015-03-05,Saxton Oval,1,46.6,Scotland,Bangladesh,RD Berrington,MH Cross,Nasir Hossain,1,0,,,,,,,,,
656451,2014/15,2015-03-05,Saxton Oval,1,47.1,Scotland,Bangladesh,RD Berrington,MH Cross,Shakib Al Hasan,1,0,,,,,,,,,
656451,2014/15,2015-03-05,Saxton Oval,1,47.2,Scotland,Bangladesh,MH Cross,RD Berrington,Shakib Al Hasan,6,0,,,,,,,,,
656451,2014/15,2015-03-05,Saxton Oval,1,47.3,Scotland,Bangladesh,MH Cross,RD Berrington,Shakib Al Hasan,0,0,,,,,,,,,
656451,2014/15,2015-03-05,Saxton Oval,1,47.4,Scotland,Bangladesh,MH Cross,RD Berrington,Shakib Al Hasan,0,0,,,,,,,,,
656451,2014/15,2015-03-05,Saxton Oval,1,47.5,Scotland,Bangladesh,MH Cross,RD Berrington,Shakib Al Hasan,1,0,,,,,,,,,
656451,2014/15,2015-03-05,Saxton Oval,1,47.6,Scotland,Bangladesh,RD Berrington,MH Cross,Shakib Al Hasan,0,0,,,,,,,,,
656451,2014/15,2015-03-05,Saxton Oval,1,48.1,Scotland,Bangladesh,MH Cross,RD Berrington,Taskin Ahmed,2,0,,,,,,,,,
656451,2014/15,2015-03-05,Saxton Oval,1,48.2,Scotland,Bangladesh,MH Cross,RD Berrington,Taskin Ahmed,0,1,1,,,,,,,,
656451,2014/15,2015-03-05,Saxton Oval,1,48.3,Scotland,Bangladesh,MH Cross,RD Berrington,Taskin Ahmed,1,0,,,,,,,,,
656451,2014/15,2015-03-05,Saxton Oval,1,48.4,Scotland,Bangladesh,RD Berrington,MH Cross,Taskin Ahmed,0,0,,,,,,caught,RD Berrington,,
656451,2014/15,2015-03-05,Saxton Oval,1,48.5,Scotland,Bangladesh,MH Cross,JH Davey,Taskin Ahmed,0,0,,,,,,,,,
656451,2014/15,2015-03-05,Saxton Oval,1,48.6,Scotland,Bangladesh,MH Cross,JH Davey,Taskin Ahmed,4,0,,,,,,,,,
656451,2014/15,2015-03-05,Saxton Oval,1,48.7,Scotland,Bangladesh,MH Cross,JH Davey,Taskin Ahmed,0,0,,,,,,caught,MH Cross,,
656451,2014/15,2015-03-05,Saxton Oval,1,49.1,Scotland,Bangladesh,JH Davey,RM Haq,Shakib Al Hasan,1,0,,,,,,,,,
656451,2014/15,2015-03-05,Saxton Oval,1,49.2,Scotland,Bangladesh,RM Haq,JH Davey,Shakib Al Hasan,1,0,,,,,,,,,
656451,2014/15,2015-03-05,Saxton Oval,1,49.3,Scotland,Bangladesh,JH Davey,RM Haq,Shakib Al Hasan,1,0,,,,,,,,,
656451,2014/15,2015-03-05,Saxton Oval,1,49.4,Scotland,Bangladesh,RM Haq,JH Davey,Shakib Al Hasan,0,0,,,,,,,,,
656451,2014/15,2015-03-05,Saxton Oval,1,49.5,Scotland,Bangladesh,RM Haq,JH Davey,Shakib Al Hasan,0,0,,,,,,caught,RM Haq,,
656451,2014/15,2015-03-05,Saxton Oval,1,49.6,Scotland,Bangladesh,JH Davey,AC Evans,Shakib Al Hasan,0,1,1,,,,,,,,
656451,2014/15,2015-03-05,Saxton Oval,1,49.7,Scotland,Bangladesh,JH Davey,AC Evans,Shakib Al Hasan,2,0,,,,,,,,,
656451,2014/15,2015-03-05,Saxton Oval,2,0.1,Bangladesh,Scotland,Tamim Iqbal,Soumya Sarkar,I Wardlaw,0,0,,,,,,,,,
656451,2014/15,2015-03-05,Saxton Oval,2,0.2,Bangladesh,Scotland,Tamim Iqbal,Soumya Sarkar,I Wardlaw,0,1,1,,,,,,,,
656451,2014/15,2015-03-05,Saxton Oval,2,0.3,Bangladesh,Scotland,Tamim Iqbal,Soumya Sarkar,I Wardlaw,0,0,,,,,,,,,
656451,2014/15,2015-03-05,Saxton Oval,2,0.4,Bangladesh,Scotland,Tamim Iqbal,Soumya Sarkar,I Wardlaw,0,0,,,,,,,,,
656451,2014/15,2015-03-05,Saxton Oval,2,0.5,Bangladesh,Scotland,Tamim Iqbal,Soumya Sarkar,I Wardlaw,2,0,,,,,,,,,
656451,2014/15,2015-03-05,Saxton Oval,2,0.6,Bangladesh,Scotland,Tamim Iqbal,Soumya Sarkar,I Wardlaw,0,0,,,,,,,,,
656451,2014/15,2015-03-05,Saxton Oval,2,0.7,Bangladesh,Scotland,Tamim Iqbal,Soumya Sarkar,I Wardlaw,0,0,,,,,,,,,
656451,2014/15,2015-03-05,Saxton Oval,2,1.1,Bangladesh,Scotland,Soumya Sarkar,Tamim Iqbal,JH Davey,2,0,,,,,,,,,
656451,2014/15,2015-03-05,Saxton Oval,2,1.2,Bangladesh,Scotland,Soumya Sarkar,Tamim Iqbal,JH Davey,0,0,,,,,,,,,
656451,2014/15,2015-03-05,Saxton Oval,2,1.3,Bangladesh,Scotland,Soumya Sarkar,Tamim Iqbal,JH Davey,0,0,,,,,,,,,
656451,2014/15,2015-03-05,Saxton Oval,2,1.4,Bangladesh,Scotland,Soumya Sarkar,Tamim Iqbal,JH Davey,0,0,,,,,,,,,
656451,2014/15,2015-03-05,Saxton Oval,2,1.5,Bangladesh,Scotland,Soumya Sarkar,Tamim Iqbal,JH Davey,0,0,,,,,,caught,Soumya Sarkar,,
656451,2014/15,2015-03-05,Saxton Oval,2,1.6,Bangladesh,Scotland,Mahmudullah,Tamim Iqbal,JH Davey,0,1,1,,,,,,,,
656451,2014/15,2015-03-05,Saxton Oval,2,1.7,Bangladesh,Scotland,Mahmudullah,Tamim Iqbal,JH Davey,0,0,,,,,,,,,
656451,2014/15,2015-03-05,Saxton Oval,2,2.1,Bangladesh,Scotland,Tamim Iqbal,Mahmudullah,I Wardlaw,0,0,,,,,,,,,
656451,2014/15,2015-03-05,Saxton Oval,2,2.2,Bangladesh,Scotland,Tamim Iqbal,Mahmudullah,I Wardlaw,0,0,,,,,,,,,
656451,2014/15,2015-03-05,Saxton Oval,2,2.3,Bangladesh,Scotland,Tamim Iqbal,Mahmudullah,I Wardlaw,4,0,,,,,,,,,
656451,2014/15,2015-03-05,Saxton Oval,2,2.4,Bangladesh,Scotland,Tamim Iqbal,Mahmudullah,I Wardlaw,4,0,,,,,,,,,
656451,2014/15,2015-03-05,Saxton Oval,2,2.5,Bangladesh,Scotland,Tamim Iqbal,Mahmudullah,I Wardlaw,0,0,,,,,,,,,
656451,2014/15,2015-03-05,Saxton Oval,2,2.6,Bangladesh,Scotland,Tamim Iqbal,Mahmudullah,I Wardlaw,0,0,,,,,,,,,
656451,2014/15,2015-03-05,Saxton Oval,2,3.1,Bangladesh,Scotland,Mahmudullah,Tamim Iqbal,JH Davey,0,0,,,,,,,,,
656451,2014/15,2015-03-05,Saxton Oval,2,3.2,Bangladesh,Scotland,Mahmudullah,Tamim Iqbal,JH Davey,0,1,1,,,,,,,,
656451,2014/15,2015-03-05,Saxton Oval,2,3.3,Bangladesh,Scotland,Mahmudullah,Tamim Iqbal,JH Davey,2,0,,,,,,,,,
656451,2014/15,2015-03-05,Saxton Oval,2,3.4,Bangladesh,Scotland,Mahmudullah,Tamim Iqbal,JH Davey,1,0,,,,,,,,,
656451,2014/15,2015-03-05,Saxton Oval,2,3.5,Bangladesh,Scotland,Tamim Iqbal,Mahmudullah,JH Davey,4,0,,,,,,,,,
656451,2014/15,2015-03-05,Saxton Oval,2,3.6,Bangladesh,Scotland,Tamim Iqbal,Mahmudullah,JH Davey,1,0,,,,,,,,,
656451,2014/15,2015-03-05,Saxton Oval,2,3.7,Bangladesh,Scotland,Mahmudullah,Tamim Iqbal,JH Davey,1,0,,,,,,,,,
656451,2014/15,2015-03-05,Saxton Oval,2,4.1,Bangladesh,Scotland,Mahmudullah,Tamim Iqbal,I Wardlaw,0,0,,,,,,,,,
656451,2014/15,2015-03-05,Saxton Oval,2,4.2,Bangladesh,Scotland,Mahmudullah,Tamim Iqbal,I Wardlaw,4,0,,,,,,,,,
656451,2014/15,2015-03-05,Saxton Oval,2,4.3,Bangladesh,Scotland,Mahmudullah,Tamim Iqbal,I Wardlaw,0,0,,,,,,,,,
656451,2014/15,2015-03-05,Saxton Oval,2,4.4,Bangladesh,Scotland,Mahmudullah,Tamim Iqbal,I Wardlaw,1,0,,,,,,,,,
656451,2014/15,2015-03-05,Saxton Oval,2,4.5,Bangladesh,Scotland,Tamim Iqbal,Mahmudullah,I Wardlaw,0,0,,,,,,,,,
656451,2014/15,2015-03-05,Saxton Oval,2,4.6,Bangladesh,Scotland,Tamim Iqbal,Mahmudullah,I Wardlaw,0,0,,,,,,,,,
656451,2014/15,2015-03-05,Saxton Oval,2,5.1,Bangladesh,Scotland,Mahmudullah,Tamim Iqbal,AC Evans,4,0,,,,,,,,,
656451,2014/15,2015-03-05,Saxton Oval,2,5.2,Bangladesh,Scotland,Mahmudullah,Tamim Iqbal,AC Evans,0,0,,,,,,,,,
656451,2014/15,2015-03-05,Saxton Oval,2,5.3,Bangladesh,Scotland,Mahmudullah,Tamim Iqbal,AC Evans,2,0,,,,,,,,,
656451,2014/15,2015-03-05,Saxton Oval,2,5.4,Bangladesh,Scotland,Mahmudullah,Tamim Iqbal,AC Evans,4,0,,,,,,,,,
656451,2014/15,2015-03-05,Saxton Oval,2,5.5,Bangladesh,Scotland,Mahmudullah,Tamim Iqbal,AC Evans,0,0,,,,,,,,,
656451,2014/15,2015-03-05,Saxton Oval,2,5.6,Bangladesh,Scotland,Mahmudullah,Tamim Iqbal,AC Evans,1,0,,,,,,,,,
656451,2014/15,2015-03-05,Saxton Oval,2,6.1,Bangladesh,Scotland,Mahmudullah,Tamim Iqbal,I Wardlaw,2,0,,,,,,,,,
656451,2014/15,2015-03-05,Saxton Oval,2,6.2,Bangladesh,Scotland,Mahmudullah,Tamim Iqbal,I Wardlaw,1,0,,,,,,,,,
656451,2014/15,2015-03-05,Saxton Oval,2,6.3,Bangladesh,Scotland,Tamim Iqbal,Mahmudullah,I Wardlaw,0,0,,,,,,,,,
656451,2014/15,2015-03-05,Saxton Oval,2,6.4,Bangladesh,Scotland,Tamim Iqbal,Mahmudullah,I Wardlaw,0,0,,,,,,,,,
656451,2014/15,2015-03-05,Saxton Oval,2,6.5,Bangladesh,Scotland,Tamim Iqbal,Mahmudullah,I Wardlaw,0,0,,,,,,,,,
656451,2014/15,2015-03-05,Saxton Oval,2,6.6,Bangladesh,Scotland,Tamim Iqbal,Mahmudullah,I Wardlaw,6,0,,,,,,,,,
656451,2014/15,2015-03-05,Saxton Oval,2,7.1,Bangladesh,Scotland,Mahmudullah,Tamim Iqbal,AC Evans,0,0,,,,,,,,,
656451,2014/15,2015-03-05,Saxton Oval,2,7.2,Bangladesh,Scotland,Mahmudullah,Tamim Iqbal,AC Evans,0,0,,,,,,,,,
656451,2014/15,2015-03-05,Saxton Oval,2,7.3,Bangladesh,Scotland,Mahmudullah,Tamim Iqbal,AC Evans,0,0,,,,,,,,,
656451,2014/15,2015-03-05,Saxton Oval,2,7.4,Bangladesh,Scotland,Mahmudullah,Tamim Iqbal,AC Evans,0,0,,,,,,,,,
656451,2014/15,2015-03-05,Saxton Oval,2,7.5,Bangladesh,Scotland,Mahmudullah,Tamim Iqbal,AC Evans,0,0,,,,,,,,,
656451,2014/15,2015-03-05,Saxton Oval,2,7.6,Bangladesh,Scotland,Mahmudullah,Tamim Iqbal,AC Evans,0,0,,,,,,,,,
656451,2014/15,2015-03-05,Saxton Oval,2,8.1,Bangladesh,Scotland,Tamim Iqbal,Mahmudullah,JH Davey,2,0,,,,,,,,,
656451,2014/15,2015-03-05,Saxton Oval,2,8.2,Bangladesh,Scotland,Tamim Iqbal,Mahmudullah,JH Davey,4,0,,,,,,,,,
656451,2014/15,2015-03-05,Saxton Oval,2,8.3,Bangladesh,Scotland,Tamim Iqbal,Mahmudullah,JH Davey,0,0,,,,,,,,,
656451,2014/15,2015-03-05,Saxton Oval,2,8.4,Bangladesh,Scotland,Tamim Iqbal,Mahmudullah,JH Davey,0,0,,,,,,,,,
656451,2014/15,2015-03-05,Saxton Oval,2,8.5,Bangladesh,Scotland,Tamim Iqbal,Mahmudullah,JH Davey,0,0,,,,,,,,,
656451,2014/15,2015-03-05,Saxton Oval,2,8.6,Bangladesh,Scotland,Tamim Iqbal,Mahmudullah,JH Davey,2,0,,,,,,,,,
656451,2014/15,2015-03-05,Saxton Oval,2,9.1,Bangladesh,Scotland,Mahmudullah,Tamim Iqbal,AC Evans,0,0,,,,,,,,,
656451,2014/15,2015-03-05,Saxton Oval,2,9.2,Bangladesh,Scotland,Mahmudullah,Tamim Iqbal,AC Evans,0,0,,,,,,,,,
656451,2014/15,2015-03-05,Saxton Oval,2,9.3,Bangladesh,Scotland,Mahmudullah,Tamim Iqbal,AC Evans,1,0,,,,,,,,,
656451,2014/15,2015-03-05,Saxton Oval,2,9.4,Bangladesh,Scotland,Tamim Iqbal,Mahmudullah,AC Evans,0,0,,,,,,,,,
656451,2014/15,2015-03-05,Saxton Oval,2,9.5,Bangladesh,Scotland,Tamim Iqbal,Mahmudullah,AC Evans,0,0,,,,,,,,,
656451,2014/15,2015-03-05,Saxton Oval,2,9.6,Bangladesh,Scotland,Tamim Iqbal,Mahmudullah,AC Evans,4,0,,,,,,,,,
656451,2014/15,2015-03-05,Saxton Oval,2,10.1,Bangladesh,Scotland,Mahmudullah,Tamim Iqbal,JH Davey,0,0,,,,,,,,,
656451,2014/15,2015-03-05,Saxton Oval,2,10.2,Bangladesh,Scotland,Mahmudullah,Tamim Iqbal,JH Davey,1,0,,,,,,,,,
656451,2014/15,2015-03-05,Saxton Oval,2,10.3,Bangladesh,Scotland,Tamim Iqbal,Mahmudullah,JH Davey,0,0,,,,,,,,,
656451,2014/15,2015-03-05,Saxton Oval,2,10.4,Bangladesh,Scotland,Tamim Iqbal,Mahmudullah,JH Davey,0,0,,,,,,,,,
656451,2014/15,2015-03-05,Saxton Oval,2,10.5,Bangladesh,Scotland,Tamim Iqbal,Mahmudullah,JH Davey,1,0,,,,,,,,,
656451,2014/15,2015-03-05,Saxton Oval,2,10.6,Bangladesh,Scotland,Mahmudullah,Tamim Iqbal,JH Davey,0,1,1,,,,,,,,
656451,2014/15,2015-03-05,Saxton Oval,2,10.7,Bangladesh,Scotland,Mahmudullah,Tamim Iqbal,JH Davey,0,0,,,,,,,,,
656451,2014/15,2015-03-05,Saxton Oval,2,11.1,Bangladesh,Scotland,Tamim Iqbal,Mahmudullah,AC Evans,1,0,,,,,,,,,
656451,2014/15,2015-03-05,Saxton Oval,2,11.2,Bangladesh,Scotland,Mahmudullah,Tamim Iqbal,AC Evans,6,0,,,,,,,,,
656451,2014/15,2015-03-05,Saxton Oval,2,11.3,Bangladesh,Scotland,Mahmudullah,Tamim Iqbal,AC Evans,0,0,,,,,,,,,
656451,2014/15,2015-03-05,Saxton Oval,2,11.4,Bangladesh,Scotland,Mahmudullah,Tamim Iqbal,AC Evans,1,0,,,,,,,,,
656451,2014/15,2015-03-05,Saxton Oval,2,11.5,Bangladesh,Scotland,Tamim Iqbal,Mahmudullah,AC Evans,1,0,,,,,,,,,
656451,2014/15,2015-03-05,Saxton Oval,2,11.6,Bangladesh,Scotland,Mahmudullah,Tamim Iqbal,AC Evans,4,0,,,,,,,,,
656451,2014/15,2015-03-05,Saxton Oval,2,12.1,Bangladesh,Scotland,Tamim Iqbal,Mahmudullah,JH Davey,1,0,,,,,,,,,
656451,2014/15,2015-03-05,Saxton Oval,2,12.2,Bangladesh,Scotland,Mahmudullah,Tamim Iqbal,JH Davey,0,0,,,,,,,,,
656451,2014/15,2015-03-05,Saxton Oval,2,12.3,Bangladesh,Scotland,Mahmudullah,Tamim Iqbal,JH Davey,1,0,,,,,,,,,
656451,2014/15,2015-03-05,Saxton Oval,2,12.4,Bangladesh,Scotland,Tamim Iqbal,Mahmudullah,JH Davey,4,0,,,,,,,,,
656451,2014/15,2015-03-05,Saxton Oval,2,12.5,Bangladesh,Scotland,Tamim Iqbal,Mahmudullah,JH Davey,0,0,,,,,,,,,
656451,2014/15,2015-03-05,Saxton Oval,2,12.6,Bangladesh,Scotland,Tamim Iqbal,Mahmudullah,JH Davey,1,0,,,,,,,,,
656451,2014/15,2015-03-05,Saxton Oval,2,13.1,Bangladesh,Scotland,Tamim Iqbal,Mahmudullah,MW Machan,0,0,,,,,,,,,
656451,2014/15,2015-03-05,Saxton Oval,2,13.2,Bangladesh,Scotland,Tamim Iqbal,Mahmudullah,MW Machan,1,0,,,,,,,,,
656451,2014/15,2015-03-05,Saxton Oval,2,13.3,Bangladesh,Scotland,Mahmudullah,Tamim Iqbal,MW Machan,0,0,,,,,,,,,
656451,2014/15,2015-03-05,Saxton Oval,2,13.4,Bangladesh,Scotland,Mahmudullah,Tamim Iqbal,MW Machan,1,0,,,,,,,,,
656451,2014/15,2015-03-05,Saxton Oval,2,13.5,Bangladesh,Scotland,Tamim Iqbal,Mahmudullah,MW Machan,0,0,,,,,,,,,
656451,2014/15,2015-03-05,Saxton Oval,2,13.6,Bangladesh,Scotland,Tamim Iqbal,Mahmudullah,MW Machan,1,0,,,,,,,,,
656451,2014/15,2015-03-05,Saxton Oval,2,14.1,Bangladesh,Scotland,Tamim Iqbal,Mahmudullah,RM Haq,0,0,,,,,,,,,
656451,2014/15,2015-03-05,Saxton Oval,2,14.2,Bangladesh,Scotland,Tamim Iqbal,Mahmudullah,RM Haq,0,0,,,,,,,,,
656451,2014/15,2015-03-05,Saxton Oval,2,14.3,Bangladesh,Scotland,Tamim Iqbal,Mahmudullah,RM Haq,1,0,,,,,,,,,
656451,2014/15,2015-03-05,Saxton Oval,2,14.4,Bangladesh,Scotland,Mahmudullah,Tamim Iqbal,RM Haq,0,0,,,,,,,,,
656451,2014/15,2015-03-05,Saxton Oval,2,14.5,Bangladesh,Scotland,Mahmudullah,Tamim Iqbal,RM Haq,1,0,,,,,,,,,
656451,2014/15,2015-03-05,Saxton Oval,2,14.6,Bangladesh,Scotland,Tamim Iqbal,Mahmudullah,RM Haq,1,0,,,,,,,,,
656451,2014/15,2015-03-05,Saxton Oval,2,15.1,Bangladesh,Scotland,Tamim Iqbal,Mahmudullah,MW Machan,0,0,,,,,,,,,
656451,2014/15,2015-03-05,Saxton Oval,2,15.2,Bangladesh,Scotland,Tamim Iqbal,Mahmudullah,MW Machan,2,0,,,,,,,,,
656451,2014/15,2015-03-05,Saxton Oval,2,15.3,Bangladesh,Scotland,Tamim Iqbal,Mahmudullah,MW Machan,1,0,,,,,,,,,
656451,2014/15,2015-03-05,Saxton Oval,2,15.4,Bangladesh,Scotland,Mahmudullah,Tamim Iqbal,MW Machan,2,0,,,,,,,,,
656451,2014/15,2015-03-05,Saxton Oval,2,15.5,Bangladesh,Scotland,Mahmudullah,Tamim Iqbal,MW Machan,0,0,,,,,,,,,
656451,2014/15,2015-03-05,Saxton Oval,2,15.6,Bangladesh,Scotland,Mahmudullah,Tamim Iqbal,MW Machan,1,0,,,,,,,,,
656451,2014/15,2015-03-05,Saxton Oval,2,16.1,Bangladesh,Scotland,Mahmudullah,Tamim Iqbal,RM Haq,1,0,,,,,,,,,
656451,2014/15,2015-03-05,Saxton Oval,2,16.2,Bangladesh,Scotland,Tamim Iqbal,Mahmudullah,RM Haq,0,0,,,,,,,,,
656451,2014/15,2015-03-05,Saxton Oval,2,16.3,Bangladesh,Scotland,Tamim Iqbal,Mahmudullah,RM Haq,0,1,1,,,,,,,,
656451,2014/15,2015-03-05,Saxton Oval,2,16.4,Bangladesh,Scotland,Tamim Iqbal,Mahmudullah,RM Haq,0,0,,,,,,,,,
656451,2014/15,2015-03-05,Saxton Oval,2,16.5,Bangladesh,Scotland,Tamim Iqbal,Mahmudullah,RM Haq,0,0,,,,,,,,,
656451,2014/15,2015-03-05,Saxton Oval,2,16.6,Bangladesh,Scotland,Tamim Iqbal,Mahmudullah,RM Haq,1,0,,,,,,,,,
656451,2014/15,2015-03-05,Saxton Oval,2,16.7,Bangladesh,Scotland,Mahmudullah,Tamim Iqbal,RM Haq,0,0,,,,,,,,,
656451,2014/15,2015-03-05,Saxton Oval,2,17.1,Bangladesh,Scotland,Tamim Iqbal,Mahmudullah,MW Machan,1,0,,,,,,,,,
656451,2014/15,2015-03-05,Saxton Oval,2,17.2,Bangladesh,Scotland,Mahmudullah,Tamim Iqbal,MW Machan,1,0,,,,,,,,,
656451,2014/15,2015-03-05,Saxton Oval,2,17.3,Bangladesh,Scotland,Tamim Iqbal,Mahmudullah,MW Machan,1,0,,,,,,,,,
656451,2014/15,2015-03-05,Saxton Oval,2,17.4,Bangladesh,Scotland,Mahmudullah,Tamim Iqbal,MW Machan,1,0,,,,,,,,,
656451,2014/15,2015-03-05,Saxton Oval,2,17.5,Bangladesh,Scotland,Tamim Iqbal,Mahmudullah,MW Machan,2,0,,,,,,,,,
656451,2014/15,2015-03-05,Saxton Oval,2,17.6,Bangladesh,Scotland,Tamim Iqbal,Mahmudullah,MW Machan,1,0,,,,,,,,,
656451,2014/15,2015-03-05,Saxton Oval,2,18.1,Bangladesh,Scotland,Tamim Iqbal,Mahmudullah,RM Haq,0,0,,,,,,,,,
656451,2014/15,2015-03-05,Saxton Oval,2,18.2,Bangladesh,Scotland,Tamim Iqbal,Mahmudullah,RM Haq,1,0,,,,,,,,,
656451,2014/15,2015-03-05,Saxton Oval,2,18.3,Bangladesh,Scotland,Mahmudullah,Tamim Iqbal,RM Haq,1,0,,,,,,,,,
656451,2014/15,2015-03-05,Saxton Oval,2,18.4,Bangladesh,Scotland,Tamim Iqbal,Mahmudullah,RM Haq,1,0,,,,,,,,,
656451,2014/15,2015-03-05,Saxton Oval,2,18.5,Bangladesh,Scotland,Mahmudullah,Tamim Iqbal,RM Haq,1,0,,,,,,,,,
656451,2014/15,2015-03-05,Saxton Oval,2,18.6,Bangladesh,Scotland,Tamim Iqbal,Mahmudullah,RM Haq,1,0,,,,,,,,,
656451,2014/15,2015-03-05,Saxton Oval,2,19.1,Bangladesh,Scotland,Tamim Iqbal,Mahmudullah,RD Berrington,0,0,,,,,,,,,
656451,2014/15,2015-03-05,Saxton Oval,2,19.2,Bangladesh,Scotland,Tamim Iqbal,Mahmudullah,RD Berrington,0,0,,,,,,,,,
656451,2014/15,2015-03-05,Saxton Oval,2,19.3,Bangladesh,Scotland,Tamim Iqbal,Mahmudullah,RD Berrington,4,0,,,,,,,,,
656451,2014/15,2015-03-05,Saxton Oval,2,19.4,Bangladesh,Scotland,Tamim Iqbal,Mahmudullah,RD Berrington,1,0,,,,,,,,,
656451,2014/15,2015-03-05,Saxton Oval,2,19.5,Bangladesh,Scotland,Mahmudullah,Tamim Iqbal,RD Berrington,2,0,,,,,,,,,
656451,2014/15,2015-03-05,Saxton Oval,2,19.6,Bangladesh,Scotland,Mahmudullah,Tamim Iqbal,RD Berrington,4,0,,,,,,,,,
656451,2014/15,2015-03-05,Saxton Oval,2,20.1,Bangladesh,Scotland,Tamim Iqbal,Mahmudullah,RM Haq,0,0,,,,,,,,,
656451,2014/15,2015-03-05,Saxton Oval,2,20.2,Bangladesh,Scotland,Tamim Iqbal,Mahmudullah,RM Haq,1,0,,,,,,,,,
656451,2014/15,2015-03-05,Saxton Oval,2,20.3,Bangladesh,Scotland,Mahmudullah,Tamim Iqbal,RM Haq,0,0,,,,,,,,,
656451,2014/15,2015-03-05,Saxton Oval,2,20.4,Bangladesh,Scotland,Mahmudullah,Tamim Iqbal,RM Haq,1,0,,,,,,,,,
656451,2014/15,2015-03-05,Saxton Oval,2,20.5,Bangladesh,Scotland,Tamim Iqbal,Mahmudullah,RM Haq,1,0,,,,,,,,,
656451,2014/15,2015-03-05,Saxton Oval,2,20.6,Bangladesh,Scotland,Mahmudullah,Tamim Iqbal,RM Haq,0,0,,,,,,,,,
656451,2014/15,2015-03-05,Saxton Oval,2,21.1,Bangladesh,Scotland,Tamim Iqbal,Mahmudullah,RD Berrington,4,0,,,,,,,,,
656451,2014/15,2015-03-05,Saxton Oval,2,21.2,Bangladesh,Scotland,Tamim Iqbal,Mahmudullah,RD Berrington,1,0,,,,,,,,,
656451,2014/15,2015-03-05,Saxton Oval,2,21.3,Bangladesh,Scotland,Mahmudullah,Tamim Iqbal,RD Berrington,0,0,,,,,,,,,
656451,2014/15,2015-03-05,Saxton Oval,2,21.4,Bangladesh,Scotland,Mahmudullah,Tamim Iqbal,RD Berrington,0,0,,,,,,,,,
656451,2014/15,2015-03-05,Saxton Oval,2,21.5,Bangladesh,Scotland,Mahmudullah,Tamim Iqbal,RD Berrington,1,0,,,,,,,,,
656451,2014/15,2015-03-05,Saxton Oval,2,21.6,Bangladesh,Scotland,Tamim Iqbal,Mahmudullah,RD Berrington,1,0,,,,,,,,,
656451,2014/15,2015-03-05,Saxton Oval,2,22.1,Bangladesh,Scotland,Tamim Iqbal,Mahmudullah,RM Haq,1,0,,,,,,,,,
656451,2014/15,2015-03-05,Saxton Oval,2,22.2,Bangladesh,Scotland,Mahmudullah,Tamim Iqbal,RM Haq,1,1,,1,,,,,,,
656451,2014/15,2015-03-05,Saxton Oval,2,22.3,Bangladesh,Scotland,Tamim Iqbal,Mahmudullah,RM Haq,1,0,,,,,,,,,
656451,2014/15,2015-03-05,Saxton Oval,2,22.4,Bangladesh,Scotland,Mahmudullah,Tamim Iqbal,RM Haq,1,0,,,,,,,,,
656451,2014/15,2015-03-05,Saxton Oval,2,22.5,Bangladesh,Scotland,Tamim Iqbal,Mahmudullah,RM Haq,0,0,,,,,,,,,
656451,2014/15,2015-03-05,Saxton Oval,2,22.6,Bangladesh,Scotland,Tamim Iqbal,Mahmudullah,RM Haq,1,0,,,,,,,,,
656451,2014/15,2015-03-05,Saxton Oval,2,22.7,Bangladesh,Scotland,Mahmudullah,Tamim Iqbal,RM Haq,1,0,,,,,,,,,
656451,2014/15,2015-03-05,Saxton Oval,2,23.1,Bangladesh,Scotland,Mahmudullah,Tamim Iqbal,I Wardlaw,4,0,,,,,,,,,
656451,2014/15,2015-03-05,Saxton Oval,2,23.2,Bangladesh,Scotland,Mahmudullah,Tamim Iqbal,I Wardlaw,0,0,,,,,,,,,
656451,2014/15,2015-03-05,Saxton Oval,2,23.3,Bangladesh,Scotland,Mahmudullah,Tamim Iqbal,I Wardlaw,0,0,,,,,,bowled,Mahmudullah,,
656451,2014/15,2015-03-05,Saxton Oval,2,23.4,Bangladesh,Scotland,Mushfiqur Rahim,Tamim Iqbal,I Wardlaw,4,0,,,,,,,,,
656451,2014/15,2015-03-05,Saxton Oval,2,23.5,Bangladesh,Scotland,Mushfiqur Rahim,Tamim Iqbal,I Wardlaw,0,0,,,,,,,,,
656451,2014/15,2015-03-05,Saxton Oval,2,23.6,Bangladesh,Scotland,Mushfiqur Rahim,Tamim Iqbal,I Wardlaw,2,0,,,,,,,,,
656451,2014/15,2015-03-05,Saxton Oval,2,24.1,Bangladesh,Scotland,Tamim Iqbal,Mushfiqur Rahim,RM Haq,0,0,,,,,,,,,
656451,2014/15,2015-03-05,Saxton Oval,2,24.2,Bangladesh,Scotland,Tamim Iqbal,Mushfiqur Rahim,RM Haq,4,0,,,,,,,,,
656451,2014/15,2015-03-05,Saxton Oval,2,24.3,Bangladesh,Scotland,Tamim Iqbal,Mushfiqur Rahim,RM Haq,0,0,,,,,,,,,
656451,2014/15,2015-03-05,Saxton Oval,2,24.4,Bangladesh,Scotland,Tamim Iqbal,Mushfiqur Rahim,RM Haq,0,0,,,,,,,,,
656451,2014/15,2015-03-05,Saxton Oval,2,24.5,Bangladesh,Scotland,Tamim Iqbal,Mushfiqur Rahim,RM Haq,1,0,,,,,,,,,
656451,2014/15,2015-03-05,Saxton Oval,2,24.6,Bangladesh,Scotland,Mushfiqur Rahim,Tamim Iqbal,RM Haq,0,0,,,,,,,,,
656451,2014/15,2015-03-05,Saxton Oval,2,25.1,Bangladesh,Scotland,Tamim Iqbal,Mushfiqur Rahim,I Wardlaw,0,0,,,,,,,,,
656451,2014/15,2015-03-05,Saxton Oval,2,25.2,Bangladesh,Scotland,Tamim Iqbal,Mushfiqur Rahim,I Wardlaw,1,0,,,,,,,,,
656451,2014/15,2015-03-05,Saxton Oval,2,25.3,Bangladesh,Scotland,Mushfiqur Rahim,Tamim Iqbal,I Wardlaw,4,0,,,,,,,,,
656451,2014/15,2015-03-05,Saxton Oval,2,25.4,Bangladesh,Scotland,Mushfiqur Rahim,Tamim Iqbal,I Wardlaw,1,0,,,,,,,,,
656451,2014/15,2015-03-05,Saxton Oval,2,25.5,Bangladesh,Scotland,Tamim Iqbal,Mushfiqur Rahim,I Wardlaw,2,0,,,,,,,,,
656451,2014/15,2015-03-05,Saxton Oval,2,25.6,Bangladesh,Scotland,Tamim Iqbal,Mushfiqur Rahim,I Wardlaw,1,0,,,,,,,,,
656451,2014/15,2015-03-05,Saxton Oval,2,26.1,Bangladesh,Scotland,Tamim Iqbal,Mushfiqur Rahim,AC Evans,0,0,,,,,,,,,
656451,2014/15,2015-03-05,Saxton Oval,2,26.2,Bangladesh,Scotland,Tamim Iqbal,Mushfiqur Rahim,AC Evans,0,0,,,,,,,,,
656451,2014/15,2015-03-05,Saxton Oval,2,26.3,Bangladesh,Scotland,Tamim Iqbal,Mushfiqur Rahim,AC Evans,1,0,,,,,,,,,
656451,2014/15,2015-03-05,Saxton Oval,2,26.4,Bangladesh,Scotland,Mushfiqur Rahim,Tamim Iqbal,AC Evans,1,0,,,,,,,,,
656451,2014/15,2015-03-05,Saxton Oval,2,26.5,Bangladesh,Scotland,Tamim Iqbal,Mushfiqur Rahim,AC Evans,1,0,,,,,,,,,
656451,2014/15,2015-03-05,Saxton Oval,2,26.6,Bangladesh,Scotland,Mushfiqur Rahim,Tamim Iqbal,AC Evans,1,0,,,,,,,,,
656451,2014/15,2015-03-05,Saxton Oval,2,27.1,Bangladesh,Scotland,Mushfiqur Rahim,Tamim Iqbal,MW Machan,4,0,,,,,,,,,
656451,2014/15,2015-03-05,Saxton Oval,2,27.2,Bangladesh,Scotland,Mushfiqur Rahim,Tamim Iqbal,MW Machan,1,0,,,,,,,,,
656451,2014/15,2015-03-05,Saxton Oval,2,27.3,Bangladesh,Scotland,Tamim Iqbal,Mushfiqur Rahim,MW Machan,0,0,,,,,,,,,
656451,2014/15,2015-03-05,Saxton Oval,2,27.4,Bangladesh,Scotland,Tamim Iqbal,Mushfiqur Rahim,MW Machan,2,0,,,,,,,,,
656451,2014/15,2015-03-05,Saxton Oval,2,27.5,Bangladesh,Scotland,Tamim Iqbal,Mushfiqur Rahim,MW Machan,0,0,,,,,,,,,
656451,2014/15,2015-03-05,Saxton Oval,2,27.6,Bangladesh,Scotland,Tamim Iqbal,Mushfiqur Rahim,MW Machan,1,0,,,,,,,,,
656451,2014/15,2015-03-05,Saxton Oval,2,28.1,Bangladesh,Scotland,Tamim Iqbal,Mushfiqur Rahim,AC Evans,1,0,,,,,,,,,
656451,2014/15,2015-03-05,Saxton Oval,2,28.2,Bangladesh,Scotland,Mushfiqur Rahim,Tamim Iqbal,AC Evans,0,0,,,,,,,,,
656451,2014/15,2015-03-05,Saxton Oval,2,28.3,Bangladesh,Scotland,Mushfiqur Rahim,Tamim Iqbal,AC Evans,2,0,,,,,,,,,
656451,2014/15,2015-03-05,Saxton Oval,2,28.4,Bangladesh,Scotland,Mushfiqur Rahim,Tamim Iqbal,AC Evans,0,0,,,,,,,,,
656451,2014/15,2015-03-05,Saxton Oval,2,28.5,Bangladesh,Scotland,Mushfiqur Rahim,Tamim Iqbal,AC Evans,0,0,,,,,,,,,
656451,2014/15,2015-03-05,Saxton Oval,2,28.6,Bangladesh,Scotland,Mushfiqur Rahim,Tamim Iqbal,AC Evans,2,0,,,,,,,,,
656451,2014/15,2015-03-05,Saxton Oval,2,29.1,Bangladesh,Scotland,Tamim Iqbal,Mushfiqur Rahim,MW Machan,0,0,,,,,,,,,
656451,2014/15,2015-03-05,Saxton Oval,2,29.2,Bangladesh,Scotland,Tamim Iqbal,Mushfiqur Rahim,MW Machan,0,0,,,,,,,,,
656451,2014/15,2015-03-05,Saxton Oval,2,29.3,Bangladesh,Scotland,Tamim Iqbal,Mushfiqur Rahim,MW Machan,1,0,,,,,,,,,
656451,2014/15,2015-03-05,Saxton Oval,2,29.4,Bangladesh,Scotland,Mushfiqur Rahim,Tamim Iqbal,MW Machan,6,0,,,,,,,,,
656451,2014/15,2015-03-05,Saxton Oval,2,29.5,Bangladesh,Scotland,Mushfiqur Rahim,Tamim Iqbal,MW Machan,2,0,,,,,,,,,
656451,2014/15,2015-03-05,Saxton Oval,2,29.6,Bangladesh,Scotland,Mushfiqur Rahim,Tamim Iqbal,MW Machan,1,0,,,,,,,,,
656451,2014/15,2015-03-05,Saxton Oval,2,30.1,Bangladesh,Scotland,Mushfiqur Rahim,Tamim Iqbal,RM Haq,4,0,,,,,,,,,
656451,2014/15,2015-03-05,Saxton Oval,2,30.2,Bangladesh,Scotland,Mushfiqur Rahim,Tamim Iqbal,RM Haq,0,0,,,,,,,,,
656451,2014/15,2015-03-05,Saxton Oval,2,30.3,Bangladesh,Scotland,Mushfiqur Rahim,Tamim Iqbal,RM Haq,1,0,,,,,,,,,
656451,2014/15,2015-03-05,Saxton Oval,2,30.4,Bangladesh,Scotland,Tamim Iqbal,Mushfiqur Rahim,RM Haq,3,0,,,,,,,,,
656451,2014/15,2015-03-05,Saxton Oval,2,30.5,Bangladesh,Scotland,Mushfiqur Rahim,Tamim Iqbal,RM Haq,0,0,,,,,,,,,
656451,2014/15,2015-03-05,Saxton Oval,2,30.6,Bangladesh,Scotland,Mushfiqur Rahim,Tamim Iqbal,RM Haq,0,0,,,,,,,,,
656451,2014/15,2015-03-05,Saxton Oval,2,31.1,Bangladesh,Scotland,Tamim Iqbal,Mushfiqur Rahim,JH Davey,0,0,,,,,,,,,
656451,2014/15,2015-03-05,Saxton Oval,2,31.2,Bangladesh,Scotland,Tamim Iqbal,Mushfiqur Rahim,JH Davey,2,0,,,,,,,,,
656451,2014/15,2015-03-05,Saxton Oval,2,31.3,Bangladesh,Scotland,Tamim Iqbal,Mushfiqur Rahim,JH Davey,0,0,,,,,,lbw,Tamim Iqbal,,
656451,2014/15,2015-03-05,Saxton Oval,2,31.4,Bangladesh,Scotland,Shakib Al Hasan,Mushfiqur Rahim,JH Davey,0,0,,,,,,,,,
656451,2014/15,2015-03-05,Saxton Oval,2,31.5,Bangladesh,Scotland,Shakib Al Hasan,Mushfiqur Rahim,JH Davey,0,0,,,,,,,,,
656451,2014/15,2015-03-05,Saxton Oval,2,31.6,Bangladesh,Scotland,Shakib Al Hasan,Mushfiqur Rahim,JH Davey,0,1,1,,,,,,,,
656451,2014/15,2015-03-05,Saxton Oval,2,31.7,Bangladesh,Scotland,Shakib Al Hasan,Mushfiqur Rahim,JH Davey,0,1,1,,,,,,,,
656451,2014/15,2015-03-05,Saxton Oval,2,31.8,Bangladesh,Scotland,Shakib Al Hasan,Mushfiqur Rahim,JH Davey,1,0,,,,,,,,,
656451,2014/15,2015-03-05,Saxton Oval,2,32.1,Bangladesh,Scotland,Shakib Al Hasan,Mushfiqur Rahim,MW Machan,1,0,,,,,,,,,
656451,2014/15,2015-03-05,Saxton Oval,2,32.2,Bangladesh,Scotland,Mushfiqur Rahim,Shakib Al Hasan,MW Machan,1,0,,,,,,,,,
656451,2014/15,2015-03-05,Saxton Oval,2,32.3,Bangladesh,Scotland,Shakib Al Hasan,Mushfiqur Rahim,MW Machan,1,0,,,,,,,,,
656451,2014/15,2015-03-05,Saxton Oval,2,32.4,Bangladesh,Scotland,Mushfiqur Rahim,Shakib Al Hasan,MW Machan,0,0,,,,,,,,,
656451,2014/15,2015-03-05,Saxton Oval,2,32.5,Bangladesh,Scotland,Mushfiqur Rahim,Shakib Al Hasan,MW Machan,1,0,,,,,,,,,
656451,2014/15,2015-03-05,Saxton Oval,2,32.6,Bangladesh,Scotland,Shakib Al Hasan,Mushfiqur Rahim,MW Machan,0,0,,,,,,,,,
656451,2014/15,2015-03-05,Saxton Oval,2,33.1,Bangladesh,Scotland,Mushfiqur Rahim,Shakib Al Hasan,JH Davey,0,0,,,,,,,,,
656451,2014/15,2015-03-05,Saxton Oval,2,33.2,Bangladesh,Scotland,Mushfiqur Rahim,Shakib Al Hasan,JH Davey,1,0,,,,,,,,,
656451,2014/15,2015-03-05,Saxton Oval,2,33.3,Bangladesh,Scotland,Shakib Al Hasan,Mushfiqur Rahim,JH Davey,1,0,,,,,,,,,
656451,2014/15,2015-03-05,Saxton Oval,2,33.4,Bangladesh,Scotland,Mushfiqur Rahim,Shakib Al Hasan,JH Davey,0,0,,,,,,,,,
656451,2014/15,2015-03-05,Saxton Oval,2,33.5,Bangladesh,Scotland,Mushfiqur Rahim,Shakib Al Hasan,JH Davey,0,0,,,,,,,,,
656451,2014/15,2015-03-05,Saxton Oval,2,33.6,Bangladesh,Scotland,Mushfiqur Rahim,Shakib Al Hasan,JH Davey,0,0,,,,,,,,,
656451,2014/15,2015-03-05,Saxton Oval,2,34.1,Bangladesh,Scotland,Shakib Al Hasan,Mushfiqur Rahim,MW Machan,1,0,,,,,,,,,
656451,2014/15,2015-03-05,Saxton Oval,2,34.2,Bangladesh,Scotland,Mushfiqur Rahim,Shakib Al Hasan,MW Machan,0,0,,,,,,,,,
656451,2014/15,2015-03-05,Saxton Oval,2,34.3,Bangladesh,Scotland,Mushfiqur Rahim,Shakib Al Hasan,MW Machan,4,0,,,,,,,,,
656451,2014/15,2015-03-05,Saxton Oval,2,34.4,Bangladesh,Scotland,Mushfiqur Rahim,Shakib Al Hasan,MW Machan,1,0,,,,,,,,,
656451,2014/15,2015-03-05,Saxton Oval,2,34.5,Bangladesh,Scotland,Shakib Al Hasan,Mushfiqur Rahim,MW Machan,0,0,,,,,,,,,
656451,2014/15,2015-03-05,Saxton Oval,2,34.6,Bangladesh,Scotland,Shakib Al Hasan,Mushfiqur Rahim,MW Machan,1,0,,,,,,,,,
656451,2014/15,2015-03-05,Saxton Oval,2,35.1,Bangladesh,Scotland,Shakib Al Hasan,Mushfiqur Rahim,JH Davey,1,0,,,,,,,,,
656451,2014/15,2015-03-05,Saxton Oval,2,35.2,Bangladesh,Scotland,Mushfiqur Rahim,Shakib Al Hasan,JH Davey,1,0,,,,,,,,,
656451,2014/15,2015-03-05,Saxton Oval,2,35.3,Bangladesh,Scotland,Shakib Al Hasan,Mushfiqur Rahim,JH Davey,2,0,,,,,,,,,
656451,2014/15,2015-03-05,Saxton Oval,2,35.4,Bangladesh,Scotland,Shakib Al Hasan,Mushfiqur Rahim,JH Davey,1,0,,,,,,,,,
656451,2014/15,2015-03-05,Saxton Oval,2,35.5,Bangladesh,Scotland,Mushfiqur Rahim,Shakib Al Hasan,JH Davey,1,0,,,,,,,,,
656451,2014/15,2015-03-05,Saxton Oval,2,35.6,Bangladesh,Scotland,Shakib Al Hasan,Mushfiqur Rahim,JH Davey,4,0,,,,,,,,,
656451,2014/15,2015-03-05,Saxton Oval,2,36.1,Bangladesh,Scotland,Mushfiqur Rahim,Shakib Al Hasan,I Wardlaw,1,0,,,,,,,,,
656451,2014/15,2015-03-05,Saxton Oval,2,36.2,Bangladesh,Scotland,Shakib Al Hasan,Mushfiqur Rahim,I Wardlaw,0,1,1,,,,,,,,
656451,2014/15,2015-03-05,Saxton Oval,2,36.3,Bangladesh,Scotland,Shakib Al Hasan,Mushfiqur Rahim,I Wardlaw,0,0,,,,,,,,,
656451,2014/15,2015-03-05,Saxton Oval,2,36.4,Bangladesh,Scotland,Shakib Al Hasan,Mushfiqur Rahim,I Wardlaw,1,0,,,,,,,,,
656451,2014/15,2015-03-05,Saxton Oval,2,36.5,Bangladesh,Scotland,Mushfiqur Rahim,Shakib Al Hasan,I Wardlaw,6,0,,,,,,,,,
656451,2014/15,2015-03-05,Saxton Oval,2,36.6,Bangladesh,Scotland,Mushfiqur Rahim,Shakib Al Hasan,I Wardlaw,4,0,,,,,,,,,
656451,2014/15,2015-03-05,Saxton Oval,2,36.7,Bangladesh,Scotland,Mushfiqur Rahim,Shakib Al Hasan,I Wardlaw,2,0,,,,,,,,,
656451,2014/15,2015-03-05,Saxton Oval,2,37.1,Bangladesh,Scotland,Shakib Al Hasan,Mushfiqur Rahim,AC Evans,2,0,,,,,,,,,
656451,2014/15,2015-03-05,Saxton Oval,2,37.2,Bangladesh,Scotland,Shakib Al Hasan,Mushfiqur Rahim,AC Evans,1,0,,,,,,,,,
656451,2014/15,2015-03-05,Saxton Oval,2,37.3,Bangladesh,Scotland,Mushfiqur Rahim,Shakib Al Hasan,AC Evans,1,0,,,,,,,,,
656451,2014/15,2015-03-05,Saxton Oval,2,37.4,Bangladesh,Scotland,Shakib Al Hasan,Mushfiqur Rahim,AC Evans,0,0,,,,,,,,,
656451,2014/15,2015-03-05,Saxton Oval,2,37.5,Bangladesh,Scotland,Shakib Al Hasan,Mushfiqur Rahim,AC Evans,1,0,,,,,,,,,
656451,2014/15,2015-03-05,Saxton Oval,2,37.6,Bangladesh,Scotland,Mushfiqur Rahim,Shakib Al Hasan,AC Evans,0,0,,,,,,caught,Mushfiqur Rahim,,
656451,2014/15,2015-03-05,Saxton Oval,2,38.1,Bangladesh,Scotland,Sabbir Rahman,Shakib Al Hasan,RM Haq,0,0,,,,,,,,,
656451,2014/15,2015-03-05,Saxton Oval,2,38.2,Bangladesh,Scotland,Sabbir Rahman,Shakib Al Hasan,RM Haq,0,0,,,,,,,,,
656451,2014/15,2015-03-05,Saxton Oval,2,38.3,Bangladesh,Scotland,Sabbir Rahman,Shakib Al Hasan,RM Haq,0,0,,,,,,,,,
656451,2014/15,2015-03-05,Saxton Oval,2,38.4,Bangladesh,Scotland,Sabbir Rahman,Shakib Al Hasan,RM Haq,0,0,,,,,,,,,
656451,2014/15,2015-03-05,Saxton Oval,2,38.5,Bangladesh,Scotland,Sabbir Rahman,Shakib Al Hasan,RM Haq,0,0,,,,,,,,,
656451,2014/15,2015-03-05,Saxton Oval,2,38.6,Bangladesh,Scotland,Sabbir Rahman,Shakib Al Hasan,RM Haq,1,0,,,,,,,,,
656451,2014/15,2015-03-05,Saxton Oval,2,39.1,Bangladesh,Scotland,Sabbir Rahman,Shakib Al Hasan,AC Evans,0,0,,,,,,,,,
656451,2014/15,2015-03-05,Saxton Oval,2,39.2,Bangladesh,Scotland,Sabbir Rahman,Shakib Al Hasan,AC Evans,0,0,,,,,,,,,
656451,2014/15,2015-03-05,Saxton Oval,2,39.3,Bangladesh,Scotland,Sabbir Rahman,Shakib Al Hasan,AC Evans,0,0,,,,,,,,,
656451,2014/15,2015-03-05,Saxton Oval,2,39.4,Bangladesh,Scotland,Sabbir Rahman,Shakib Al Hasan,AC Evans,4,0,,,,,,,,,
656451,2014/15,2015-03-05,Saxton Oval,2,39.5,Bangladesh,Scotland,Sabbir Rahman,Shakib Al Hasan,AC Evans,0,0,,,,,,,,,
656451,2014/15,2015-03-05,Saxton Oval,2,39.6,Bangladesh,Scotland,Sabbir Rahman,Shakib Al Hasan,AC Evans,0,0,,,,,,,,,
656451,2014/15,2015-03-05,Saxton Oval,2,40.1,Bangladesh,Scotland,Shakib Al Hasan,Sabbir Rahman,RM Haq,1,0,,,,,,,,,
656451,2014/15,2015-03-05,Saxton Oval,2,40.2,Bangladesh,Scotland,Sabbir Rahman,Shakib Al Hasan,RM Haq,1,0,,,,,,,,,
656451,2014/15,2015-03-05,Saxton Oval,2,40.3,Bangladesh,Scotland,Shakib Al Hasan,Sabbir Rahman,RM Haq,1,0,,,,,,,,,
656451,2014/15,2015-03-05,Saxton Oval,2,40.4,Bangladesh,Scotland,Sabbir Rahman,Shakib Al Hasan,RM Haq,0,0,,,,,,,,,
656451,2014/15,2015-03-05,Saxton Oval,2,40.5,Bangladesh,Scotland,Sabbir Rahman,Shakib Al Hasan,RM Haq,1,0,,,,,,,,,
656451,2014/15,2015-03-05,Saxton Oval,2,40.6,Bangladesh,Scotland,Shakib Al Hasan,Sabbir Rahman,RM Haq,1,0,,,,,,,,,
656451,2014/15,2015-03-05,Saxton Oval,2,41.1,Bangladesh,Scotland,Shakib Al Hasan,Sabbir Rahman,AC Evans,4,0,,,,,,,,,
656451,2014/15,2015-03-05,Saxton Oval,2,41.2,Bangladesh,Scotland,Shakib Al Hasan,Sabbir Rahman,AC Evans,0,0,,,,,,,,,
656451,2014/15,2015-03-05,Saxton Oval,2,41.3,Bangladesh,Scotland,Shakib Al Hasan,Sabbir Rahman,AC Evans,1,0,,,,,,,,,
656451,2014/15,2015-03-05,Saxton Oval,2,41.4,Bangladesh,Scotland,Sabbir Rahman,Shakib Al Hasan,AC Evans,6,0,,,,,,,,,
656451,2014/15,2015-03-05,Saxton Oval,2,41.5,Bangladesh,Scotland,Sabbir Rahman,Shakib Al Hasan,AC Evans,0,0,,,,,,,,,
656451,2014/15,2015-03-05,Saxton Oval,2,41.6,Bangladesh,Scotland,Sabbir Rahman,Shakib Al Hasan,AC Evans,0,0,,,,,,,,,
656451,2014/15,2015-03-05,Saxton Oval,2,42.1,Bangladesh,Scotland,Shakib Al Hasan,Sabbir Rahman,RM Haq,1,0,,,,,,,,,
656451,2014/15,2015-03-05,Saxton Oval,2,42.2,Bangladesh,Scotland,Sabbir Rahman,Shakib Al Hasan,RM Haq,0,0,,,,,,,,,
656451,2014/15,2015-03-05,Saxton Oval,2,42.3,Bangladesh,Scotland,Sabbir Rahman,Shakib Al Hasan,RM Haq,0,0,,,,,,,,,
656451,2014/15,2015-03-05,Saxton Oval,2,42.4,Bangladesh,Scotland,Sabbir Rahman,Shakib Al Hasan,RM Haq,2,0,,,,,,,,,
656451,2014/15,2015-03-05,Saxton Oval,2,42.5,Bangladesh,Scotland,Sabbir Rahman,Shakib Al Hasan,RM Haq,6,0,,,,,,,,,
656451,2014/15,2015-03-05,Saxton Oval,2,42.6,Bangladesh,Scotland,Sabbir Rahman,Shakib Al Hasan,RM Haq,0,0,,,,,,,,,
656451,2014/15,2015-03-05,Saxton Oval,2,43.1,Bangladesh,Scotland,Shakib Al Hasan,Sabbir Rahman,JH Davey,1,0,,,,,,,,,
656451,2014/15,2015-03-05,Saxton Oval,2,43.2,Bangladesh,Scotland,Sabbir Rahman,Shakib Al Hasan,JH Davey,0,0,,,,,,,,,
656451,2014/15,2015-03-05,Saxton Oval,2,43.3,Bangladesh,Scotland,Sabbir Rahman,Shakib Al Hasan,JH Davey,1,0,,,,,,,,,
656451,2014/15,2015-03-05,Saxton Oval,2,43.4,Bangladesh,Scotland,Shakib Al Hasan,Sabbir Rahman,JH Davey,0,0,,,,,,,,,
656451,2014/15,2015-03-05,Saxton Oval,2,43.5,Bangladesh,Scotland,Shakib Al Hasan,Sabbir Rahman,JH Davey,0,0,,,,,,,,,
656451,2014/15,2015-03-05,Saxton Oval,2,43.6,Bangladesh,Scotland,Shakib Al Hasan,Sabbir Rahman,JH Davey,6,0,,,,,,,,,
656451,2014/15,2015-03-05,Saxton Oval,2,44.1,Bangladesh,Scotland,Sabbir Rahman,Shakib Al Hasan,I Wardlaw,2,0,,,,,,,,,
656451,2014/15,2015-03-05,Saxton Oval,2,44.2,Bangladesh,Scotland,Sabbir Rahman,Shakib Al Hasan,I Wardlaw,0,0,,,,,,,,,
656451,2014/15,2015-03-05,Saxton Oval,2,44.3,Bangladesh,Scotland,Sabbir Rahman,Shakib Al Hasan,I Wardlaw,0,0,,,,,,,,,
656451,2014/15,2015-03-05,Saxton Oval,2,44.4,Bangladesh,Scotland,Sabbir Rahman,Shakib Al Hasan,I Wardlaw,1,0,,,,,,,,,
656451,2014/15,2015-03-05,Saxton Oval,2,44.5,Bangladesh,Scotland,Shakib Al Hasan,Sabbir Rahman,I Wardlaw,1,0,,,,,,,,,
656451,2014/15,2015-03-05,Saxton Oval,2,44.6,Bangladesh,Scotland,Sabbir Rahman,Shakib Al Hasan,I Wardlaw,0,0,,,,,,,,,
656451,2014/15,2015-03-05,Saxton Oval,2,45.1,Bangladesh,Scotland,Shakib Al Hasan,Sabbir Rahman,JH Davey,1,0,,,,,,,,,
656451,2014/15,2015-03-05,Saxton Oval,2,45.2,Bangladesh,Scotland,Sabbir Rahman,Shakib Al Hasan,JH Davey,4,0,,,,,,,,,
656451,2014/15,2015-03-05,Saxton Oval,2,45.3,Bangladesh,Scotland,Sabbir Rahman,Shakib Al Hasan,JH Davey,4,0,,,,,,,,,
656451,2014/15,2015-03-05,Saxton Oval,2,45.4,Bangladesh,Scotland,Sabbir Rahman,Shakib Al Hasan,JH Davey,1,0,,,,,,,,,
656451,2014/15,2015-03-05,Saxton Oval,2,45.5,Bangladesh,Scotland,Shakib Al Hasan,Sabbir Rahman,JH Davey,1,0,,,,,,,,,
656451,2014/15,2015-03-05,Saxton Oval,2,45.6,Bangladesh,Scotland,Sabbir Rahman,Shakib Al Hasan,JH Davey,1,0,,,,,,,,,
656451,2014/15,2015-03-05,Saxton Oval,2,46.1,Bangladesh,Scotland,Sabbir Rahman,Shakib Al Hasan,I Wardlaw,1,0,,,,,,,,,
656451,2014/15,2015-03-05,Saxton Oval,2,46.2,Bangladesh,Scotland,Shakib Al Hasan,Sabbir Rahman,I Wardlaw,0,0,,,,,,,,,
656451,2014/15,2015-03-05,Saxton Oval,2,46.3,Bangladesh,Scotland,Shakib Al Hasan,Sabbir Rahman,I Wardlaw,0,0,,,,,,,,,
656451,2014/15,2015-03-05,Saxton Oval,2,46.4,Bangladesh,Scotland,Shakib Al Hasan,Sabbir Rahman,I Wardlaw,4,0,,,,,,,,,
656451,2014/15,2015-03-05,Saxton Oval,2,46.5,Bangladesh,Scotland,Shakib Al Hasan,Sabbir Rahman,I Wardlaw,1,0,,,,,,,,,
656451,2014/15,2015-03-05,Saxton Oval,2,46.6,Bangladesh,Scotland,Sabbir Rahman,Shakib Al Hasan,I Wardlaw,2,0,,,,,,,,,
656451,2014/15,2015-03-05,Saxton Oval,2,47.1,Bangladesh,Scotland,Shakib Al Hasan,Sabbir Rahman,AC Evans,4,0,,,,,,,,,
656451,2014/15,2015-03-05,Saxton Oval,2,47.2,Bangladesh,Scotland,Shakib Al Hasan,Sabbir Rahman,AC Evans,1,0,,,,,,,,,
656451,2014/15,2015-03-05,Saxton Oval,2,47.3,Bangladesh,Scotland,Sabbir Rahman,Shakib Al Hasan,AC Evans,0,0,,,,,,,,,
656451,2014/15,2015-03-05,Saxton Oval,2,47.4,Bangladesh,Scotland,Sabbir Rahman,Shakib Al Hasan,AC Evans,4,0,,,,,,,,,
656451,2014/15,2015-03-05,Saxton Oval,2,47.5,Bangladesh,Scotland,Sabbir Rahman,Shakib Al Hasan,AC Evans,0,0,,,,,,,,,
656451,2014/15,2015-03-05,Saxton Oval,2,47.6,Bangladesh,Scotland,Sabbir Rahman,Shakib Al Hasan,AC Evans,0,0,,,,,,,,,
656451,2014/15,2015-03-05,Saxton Oval,2,48.1,Bangladesh,Scotland,Shakib Al Hasan,Sabbir Rahman,I Wardlaw,4,0,,,,,,,,,
