match_id,season,start_date,venue,innings,ball,batting_team,bowling_team,striker,non_striker,bowler,runs_off_bat,extras,wides,noballs,byes,legbyes,penalty,wicket_type,player_dismissed,other_wicket_type,other_player_dismissed
656433,2014/15,2015-02-26,Melbourne Cricket Ground,1,0.1,Sri Lanka,Bangladesh,HDRL Thirimanne,TM Dilshan,Mashrafe Mortaza,0,0,,,,,,,,,
656433,2014/15,2015-02-26,Melbourne Cricket Ground,1,0.2,Sri Lanka,Bangladesh,HDRL Thirimanne,TM Dilshan,Mashrafe Mortaza,0,0,,,,,,,,,
656433,2014/15,2015-02-26,Melbourne Cricket Ground,1,0.3,Sri Lanka,Bangladesh,HDRL Thirimanne,TM Dilshan,Mashrafe Mortaza,0,0,,,,,,,,,
656433,2014/15,2015-02-26,Melbourne Cricket Ground,1,0.4,Sri Lanka,Bangladesh,HDRL Thirimanne,TM Dilshan,Mashrafe Mortaza,0,0,,,,,,,,,
656433,2014/15,2015-02-26,Melbourne Cricket Ground,1,0.5,Sri Lanka,Bangladesh,HDRL Thirimanne,TM Dilshan,Mashrafe Mortaza,1,0,,,,,,,,,
656433,2014/15,2015-02-26,Melbourne Cricket Ground,1,0.6,Sri Lanka,Bangladesh,TM Dilshan,HDRL Thirimanne,Mashrafe Mortaza,0,0,,,,,,,,,
656433,2014/15,2015-02-26,Melbourne Cricket Ground,1,1.1,Sri Lanka,Bangladesh,HDRL Thirimanne,TM Dilshan,Rubel Hossain,0,1,1,,,,,,,,
656433,2014/15,2015-02-26,Melbourne Cricket Ground,1,1.2,Sri Lanka,Bangladesh,HDRL Thirimanne,TM Dilshan,Rubel Hossain,0,0,,,,,,,,,
656433,2014/15,2015-02-26,Melbourne Cricket Ground,1,1.3,Sri Lanka,Bangladesh,HDRL Thirimanne,TM Dilshan,Rubel Hossain,0,1,1,,,,,,,,
656433,2014/15,2015-02-26,Melbourne Cricket Ground,1,1.4,Sri Lanka,Bangladesh,HDRL Thirimanne,TM Dilshan,Rubel Hossain,0,0,,,,,,,,,
656433,2014/15,2015-02-26,Melbourne Cricket Ground,1,1.5,Sri Lanka,Bangladesh,HDRL Thirimanne,TM Dilshan,Rubel Hossain,0,0,,,,,,,,,
656433,2014/15,2015-02-26,Melbourne Cricket Ground,1,1.6,Sri Lanka,Bangladesh,HDRL Thirimanne,TM Dilshan,Rubel Hossain,0,0,,,,,,,,,
656433,2014/15,2015-02-26,Melbourne Cricket Ground,1,1.7,Sri Lanka,Bangladesh,HDRL Thirimanne,TM Dilshan,Rubel Hossain,4,0,,,,,,,,,
656433,2014/15,2015-02-26,Melbourne Cricket Ground,1,1.8,Sri Lanka,Bangladesh,HDRL Thirimanne,TM Dilshan,Rubel Hossain,1,0,,,,,,,,,
656433,2014/15,2015-02-26,Melbourne Cricket Ground,1,2.1,Sri Lanka,Bangladesh,HDRL Thirimanne,TM Dilshan,Mashrafe Mortaza,1,0,,,,,,,,,
656433,2014/15,2015-02-26,Melbourne Cricket Ground,1,2.2,Sri Lanka,Bangladesh,TM Dilshan,HDRL Thirimanne,Mashrafe Mortaza,0,0,,,,,,,,,
656433,2014/15,2015-02-26,Melbourne Cricket Ground,1,2.3,Sri Lanka,Bangladesh,TM Dilshan,HDRL Thirimanne,Mashrafe Mortaza,1,0,,,,,,,,,
656433,2014/15,2015-02-26,Melbourne Cricket Ground,1,2.4,Sri Lanka,Bangladesh,HDRL Thirimanne,TM Dilshan,Mashrafe Mortaza,0,0,,,,,,,,,
656433,2014/15,2015-02-26,Melbourne Cricket Ground,1,2.5,Sri Lanka,Bangladesh,HDRL Thirimanne,TM Dilshan,Mashrafe Mortaza,0,0,,,,,,,,,
656433,2014/15,2015-02-26,Melbourne Cricket Ground,1,2.6,Sri Lanka,Bangladesh,HDRL Thirimanne,TM Dilshan,Mashrafe Mortaza,1,0,,,,,,,,,
656433,2014/15,2015-02-26,Melbourne Cricket Ground,1,3.1,Sri Lanka,Bangladesh,HDRL Thirimanne,TM Dilshan,Rubel Hossain,1,0,,,,,,,,,
656433,2014/15,2015-02-26,Melbourne Cricket Ground,1,3.2,Sri Lanka,Bangladesh,TM Dilshan,HDRL Thirimanne,Rubel Hossain,1,0,,,,,,,,,
656433,2014/15,2015-02-26,Melbourne Cricket Ground,1,3.3,Sri Lanka,Bangladesh,HDRL Thirimanne,TM Dilshan,Rubel Hossain,0,0,,,,,,,,,
656433,2014/15,2015-02-26,Melbourne Cricket Ground,1,3.4,Sri Lanka,Bangladesh,HDRL Thirimanne,TM Dilshan,Rubel Hossain,0,0,,,,,,,,,
656433,2014/15,2015-02-26,Melbourne Cricket Ground,1,3.5,Sri Lanka,Bangladesh,HDRL Thirimanne,TM Dilshan,Rubel Hossain,0,0,,,,,,,,,
656433,2014/15,2015-02-26,Melbourne Cricket Ground,1,3.6,Sri Lanka,Bangladesh,HDRL Thirimanne,TM Dilshan,Rubel Hossain,0,1,1,,,,,,,,
656433,2014/15,2015-02-26,Melbourne Cricket Ground,1,3.7,Sri Lanka,Bangladesh,HDRL Thirimanne,TM Dilshan,Rubel Hossain,2,0,,,,,,,,,
656433,2014/15,2015-02-26,Melbourne Cricket Ground,1,4.1,Sri Lanka,Bangladesh,TM Dilshan,HDRL Thirimanne,Mashrafe Mortaza,0,0,,,,,,,,,
656433,2014/15,2015-02-26,Melbourne Cricket Ground,1,4.2,Sri Lanka,Bangladesh,TM Dilshan,HDRL Thirimanne,Mashrafe Mortaza,1,0,,,,,,,,,
656433,2014/15,2015-02-26,Melbourne Cricket Ground,1,4.3,Sri Lanka,Bangladesh,HDRL Thirimanne,TM Dilshan,Mashrafe Mortaza,0,0,,,,,,,,,
656433,2014/15,2015-02-26,Melbourne Cricket Ground,1,4.4,Sri Lanka,Bangladesh,HDRL Thirimanne,TM Dilshan,Mashrafe Mortaza,0,0,,,,,,,,,
656433,2014/15,2015-02-26,Melbourne Cricket Ground,1,4.5,Sri Lanka,Bangladesh,HDRL Thirimanne,TM Dilshan,Mashrafe Mortaza,0,0,,,,,,,,,
656433,2014/15,2015-02-26,Melbourne Cricket Ground,1,4.6,Sri Lanka,Bangladesh,HDRL Thirimanne,TM Dilshan,Mashrafe Mortaza,0,0,,,,,,,,,
656433,2014/15,2015-02-26,Melbourne Cricket Ground,1,5.1,Sri Lanka,Bangladesh,TM Dilshan,HDRL Thirimanne,Rubel Hossain,1,0,,,,,,,,,
656433,2014/15,2015-02-26,Melbourne Cricket Ground,1,5.2,Sri Lanka,Bangladesh,HDRL Thirimanne,TM Dilshan,Rubel Hossain,0,1,1,,,,,,,,
656433,2014/15,2015-02-26,Melbourne Cricket Ground,1,5.3,Sri Lanka,Bangladesh,HDRL Thirimanne,TM Dilshan,Rubel Hossain,0,0,,,,,,,,,
656433,2014/15,2015-02-26,Melbourne Cricket Ground,1,5.4,Sri Lanka,Bangladesh,HDRL Thirimanne,TM Dilshan,Rubel Hossain,0,1,1,,,,,,,,
656433,2014/15,2015-02-26,Melbourne Cricket Ground,1,5.5,Sri Lanka,Bangladesh,HDRL Thirimanne,TM Dilshan,Rubel Hossain,2,0,,,,,,,,,
656433,2014/15,2015-02-26,Melbourne Cricket Ground,1,5.6,Sri Lanka,Bangladesh,HDRL Thirimanne,TM Dilshan,Rubel Hossain,0,0,,,,,,,,,
656433,2014/15,2015-02-26,Melbourne Cricket Ground,1,5.7,Sri Lanka,Bangladesh,HDRL Thirimanne,TM Dilshan,Rubel Hossain,0,0,,,,,,,,,
656433,2014/15,2015-02-26,Melbourne Cricket Ground,1,5.8,Sri Lanka,Bangladesh,HDRL Thirimanne,TM Dilshan,Rubel Hossain,3,0,,,,,,,,,
656433,2014/15,2015-02-26,Melbourne Cricket Ground,1,6.1,Sri Lanka,Bangladesh,HDRL Thirimanne,TM Dilshan,Mashrafe Mortaza,0,0,,,,,,,,,
656433,2014/15,2015-02-26,Melbourne Cricket Ground,1,6.2,Sri Lanka,Bangladesh,HDRL Thirimanne,TM Dilshan,Mashrafe Mortaza,0,0,,,,,,,,,
656433,2014/15,2015-02-26,Melbourne Cricket Ground,1,6.3,Sri Lanka,Bangladesh,HDRL Thirimanne,TM Dilshan,Mashrafe Mortaza,0,0,,,,,,,,,
656433,2014/15,2015-02-26,Melbourne Cricket Ground,1,6.4,Sri Lanka,Bangladesh,HDRL Thirimanne,TM Dilshan,Mashrafe Mortaza,3,0,,,,,,,,,
656433,2014/15,2015-02-26,Melbourne Cricket Ground,1,6.5,Sri Lanka,Bangladesh,TM Dilshan,HDRL Thirimanne,Mashrafe Mortaza,0,0,,,,,,,,,
656433,2014/15,2015-02-26,Melbourne Cricket Ground,1,6.6,Sri Lanka,Bangladesh,TM Dilshan,HDRL Thirimanne,Mashrafe Mortaza,0,0,,,,,,,,,
656433,2014/15,2015-02-26,Melbourne Cricket Ground,1,7.1,Sri Lanka,Bangladesh,HDRL Thirimanne,TM Dilshan,Taskin Ahmed,1,0,,,,,,,,,
656433,2014/15,2015-02-26,Melbourne Cricket Ground,1,7.2,Sri Lanka,Bangladesh,TM Dilshan,HDRL Thirimanne,Taskin Ahmed,0,1,1,,,,,,,,
656433,2014/15,2015-02-26,Melbourne Cricket Ground,1,7.3,Sri Lanka,Bangladesh,TM Dilshan,HDRL Thirimanne,Taskin Ahmed,4,0,,,,,,,,,
656433,2014/15,2015-02-26,Melbourne Cricket Ground,1,7.4,Sri Lanka,Bangladesh,TM Dilshan,HDRL Thirimanne,Taskin Ahmed,0,0,,,,,,,,,
656433,2014/15,2015-02-26,Melbourne Cricket Ground,1,7.5,Sri Lanka,Bangladesh,TM Dilshan,HDRL Thirimanne,Taskin Ahmed,4,0,,,,,,,,,
656433,2014/15,2015-02-26,Melbourne Cricket Ground,1,7.6,Sri Lanka,Bangladesh,TM Dilshan,HDRL Thirimanne,Taskin Ahmed,0,0,,,,,,,,,
656433,2014/15,2015-02-26,Melbourne Cricket Ground,1,7.7,Sri Lanka,Bangladesh,TM Dilshan,HDRL Thirimanne,Taskin Ahmed,2,0,,,,,,,,,
656433,2014/15,2015-02-26,Melbourne Cricket Ground,1,8.1,Sri Lanka,Bangladesh,HDRL Thirimanne,TM Dilshan,Mashrafe Mortaza,0,0,,,,,,,,,
656433,2014/15,2015-02-26,Melbourne Cricket Ground,1,8.2,Sri Lanka,Bangladesh,HDRL Thirimanne,TM Dilshan,Mashrafe Mortaza,0,0,,,,,,,,,
656433,2014/15,2015-02-26,Melbourne Cricket Ground,1,8.3,Sri Lanka,Bangladesh,HDRL Thirimanne,TM Dilshan,Mashrafe Mortaza,0,0,,,,,,,,,
656433,2014/15,2015-02-26,Melbourne Cricket Ground,1,8.4,Sri Lanka,Bangladesh,HDRL Thirimanne,TM Dilshan,Mashrafe Mortaza,2,0,,,,,,,,,
656433,2014/15,2015-02-26,Melbourne Cricket Ground,1,8.5,Sri Lanka,Bangladesh,HDRL Thirimanne,TM Dilshan,Mashrafe Mortaza,4,0,,,,,,,,,
656433,2014/15,2015-02-26,Melbourne Cricket Ground,1,8.6,Sri Lanka,Bangladesh,HDRL Thirimanne,TM Dilshan,Mashrafe Mortaza,0,0,,,,,,,,,
656433,2014/15,2015-02-26,Melbourne Cricket Ground,1,9.1,Sri Lanka,Bangladesh,TM Dilshan,HDRL Thirimanne,Shakib Al Hasan,0,0,,,,,,,,,
656433,2014/15,2015-02-26,Melbourne Cricket Ground,1,9.2,Sri Lanka,Bangladesh,TM Dilshan,HDRL Thirimanne,Shakib Al Hasan,1,0,,,,,,,,,
656433,2014/15,2015-02-26,Melbourne Cricket Ground,1,9.3,Sri Lanka,Bangladesh,HDRL Thirimanne,TM Dilshan,Shakib Al Hasan,3,0,,,,,,,,,
656433,2014/15,2015-02-26,Melbourne Cricket Ground,1,9.4,Sri Lanka,Bangladesh,TM Dilshan,HDRL Thirimanne,Shakib Al Hasan,0,0,,,,,,,,,
656433,2014/15,2015-02-26,Melbourne Cricket Ground,1,9.5,Sri Lanka,Bangladesh,TM Dilshan,HDRL Thirimanne,Shakib Al Hasan,1,0,,,,,,,,,
656433,2014/15,2015-02-26,Melbourne Cricket Ground,1,9.6,Sri Lanka,Bangladesh,HDRL Thirimanne,TM Dilshan,Shakib Al Hasan,0,0,,,,,,,,,
656433,2014/15,2015-02-26,Melbourne Cricket Ground,1,10.1,Sri Lanka,Bangladesh,TM Dilshan,HDRL Thirimanne,Mashrafe Mortaza,0,0,,,,,,,,,
656433,2014/15,2015-02-26,Melbourne Cricket Ground,1,10.2,Sri Lanka,Bangladesh,TM Dilshan,HDRL Thirimanne,Mashrafe Mortaza,0,0,,,,,,,,,
656433,2014/15,2015-02-26,Melbourne Cricket Ground,1,10.3,Sri Lanka,Bangladesh,TM Dilshan,HDRL Thirimanne,Mashrafe Mortaza,2,0,,,,,,,,,
656433,2014/15,2015-02-26,Melbourne Cricket Ground,1,10.4,Sri Lanka,Bangladesh,TM Dilshan,HDRL Thirimanne,Mashrafe Mortaza,0,0,,,,,,,,,
656433,2014/15,2015-02-26,Melbourne Cricket Ground,1,10.5,Sri Lanka,Bangladesh,TM Dilshan,HDRL Thirimanne,Mashrafe Mortaza,0,0,,,,,,,,,
656433,2014/15,2015-02-26,Melbourne Cricket Ground,1,10.6,Sri Lanka,Bangladesh,TM Dilshan,HDRL Thirimanne,Mashrafe Mortaza,4,0,,,,,,,,,
656433,2014/15,2015-02-26,Melbourne Cricket Ground,1,11.1,Sri Lanka,Bangladesh,HDRL Thirimanne,TM Dilshan,Shakib Al Hasan,0,0,,,,,,,,,
656433,2014/15,2015-02-26,Melbourne Cricket Ground,1,11.2,Sri Lanka,Bangladesh,HDRL Thirimanne,TM Dilshan,Shakib Al Hasan,0,0,,,,,,,,,
656433,2014/15,2015-02-26,Melbourne Cricket Ground,1,11.3,Sri Lanka,Bangladesh,HDRL Thirimanne,TM Dilshan,Shakib Al Hasan,0,0,,,,,,,,,
656433,2014/15,2015-02-26,Melbourne Cricket Ground,1,11.4,Sri Lanka,Bangladesh,HDRL Thirimanne,TM Dilshan,Shakib Al Hasan,1,0,,,,,,,,,
656433,2014/15,2015-02-26,Melbourne Cricket Ground,1,11.5,Sri Lanka,Bangladesh,TM Dilshan,HDRL Thirimanne,Shakib Al Hasan,0,0,,,,,,,,,
656433,2014/15,2015-02-26,Melbourne Cricket Ground,1,11.6,Sri Lanka,Bangladesh,TM Dilshan,HDRL Thirimanne,Shakib Al Hasan,0,0,,,,,,,,,
656433,2014/15,2015-02-26,Melbourne Cricket Ground,1,12.1,Sri Lanka,Bangladesh,HDRL Thirimanne,TM Dilshan,Mahmudullah,1,0,,,,,,,,,
656433,2014/15,2015-02-26,Melbourne Cricket Ground,1,12.2,Sri Lanka,Bangladesh,TM Dilshan,HDRL Thirimanne,Mahmudullah,0,0,,,,,,,,,
656433,2014/15,2015-02-26,Melbourne Cricket Ground,1,12.3,Sri Lanka,Bangladesh,TM Dilshan,HDRL Thirimanne,Mahmudullah,1,0,,,,,,,,,
656433,2014/15,2015-02-26,Melbourne Cricket Ground,1,12.4,Sri Lanka,Bangladesh,HDRL Thirimanne,TM Dilshan,Mahmudullah,0,0,,,,,,,,,
656433,2014/15,2015-02-26,Melbourne Cricket Ground,1,12.5,Sri Lanka,Bangladesh,HDRL Thirimanne,TM Dilshan,Mahmudullah,0,0,,,,,,,,,
656433,2014/15,2015-02-26,Melbourne Cricket Ground,1,12.6,Sri Lanka,Bangladesh,HDRL Thirimanne,TM Dilshan,Mahmudullah,0,0,,,,,,,,,
656433,2014/15,2015-02-26,Melbourne Cricket Ground,1,13.1,Sri Lanka,Bangladesh,TM Dilshan,HDRL Thirimanne,Shakib Al Hasan,0,0,,,,,,,,,
656433,2014/15,2015-02-26,Melbourne Cricket Ground,1,13.2,Sri Lanka,Bangladesh,TM Dilshan,HDRL Thirimanne,Shakib Al Hasan,0,0,,,,,,,,,
656433,2014/15,2015-02-26,Melbourne Cricket Ground,1,13.3,Sri Lanka,Bangladesh,TM Dilshan,HDRL Thirimanne,Shakib Al Hasan,2,0,,,,,,,,,
656433,2014/15,2015-02-26,Melbourne Cricket Ground,1,13.4,Sri Lanka,Bangladesh,TM Dilshan,HDRL Thirimanne,Shakib Al Hasan,0,0,,,,,,,,,
656433,2014/15,2015-02-26,Melbourne Cricket Ground,1,13.5,Sri Lanka,Bangladesh,TM Dilshan,HDRL Thirimanne,Shakib Al Hasan,0,0,,,,,,,,,
656433,2014/15,2015-02-26,Melbourne Cricket Ground,1,13.6,Sri Lanka,Bangladesh,TM Dilshan,HDRL Thirimanne,Shakib Al Hasan,0,0,,,,,,,,,
656433,2014/15,2015-02-26,Melbourne Cricket Ground,1,14.1,Sri Lanka,Bangladesh,HDRL Thirimanne,TM Dilshan,Mahmudullah,1,0,,,,,,,,,
656433,2014/15,2015-02-26,Melbourne Cricket Ground,1,14.2,Sri Lanka,Bangladesh,TM Dilshan,HDRL Thirimanne,Mahmudullah,1,0,,,,,,,,,
656433,2014/15,2015-02-26,Melbourne Cricket Ground,1,14.3,Sri Lanka,Bangladesh,HDRL Thirimanne,TM Dilshan,Mahmudullah,1,0,,,,,,,,,
656433,2014/15,2015-02-26,Melbourne Cricket Ground,1,14.4,Sri Lanka,Bangladesh,TM Dilshan,HDRL Thirimanne,Mahmudullah,4,0,,,,,,,,,
656433,2014/15,2015-02-26,Melbourne Cricket Ground,1,14.5,Sri Lanka,Bangladesh,TM Dilshan,HDRL Thirimanne,Mahmudullah,1,0,,,,,,,,,
656433,2014/15,2015-02-26,Melbourne Cricket Ground,1,14.6,Sri Lanka,Bangladesh,HDRL Thirimanne,TM Dilshan,Mahmudullah,1,0,,,,,,,,,
656433,2014/15,2015-02-26,Melbourne Cricket Ground,1,15.1,Sri Lanka,Bangladesh,HDRL Thirimanne,TM Dilshan,Shakib Al Hasan,1,0,,,,,,,,,
656433,2014/15,2015-02-26,Melbourne Cricket Ground,1,15.2,Sri Lanka,Bangladesh,TM Dilshan,HDRL Thirimanne,Shakib Al Hasan,0,0,,,,,,,,,
656433,2014/15,2015-02-26,Melbourne Cricket Ground,1,15.3,Sri Lanka,Bangladesh,TM Dilshan,HDRL Thirimanne,Shakib Al Hasan,0,0,,,,,,,,,
656433,2014/15,2015-02-26,Melbourne Cricket Ground,1,15.4,Sri Lanka,Bangladesh,TM Dilshan,HDRL Thirimanne,Shakib Al Hasan,1,0,,,,,,,,,
656433,2014/15,2015-02-26,Melbourne Cricket Ground,1,15.5,Sri Lanka,Bangladesh,HDRL Thirimanne,TM Dilshan,Shakib Al Hasan,2,0,,,,,,,,,
656433,2014/15,2015-02-26,Melbourne Cricket Ground,1,15.6,Sri Lanka,Bangladesh,HDRL Thirimanne,TM Dilshan,Shakib Al Hasan,1,0,,,,,,,,,
656433,2014/15,2015-02-26,Melbourne Cricket Ground,1,16.1,Sri Lanka,Bangladesh,HDRL Thirimanne,TM Dilshan,Taskin Ahmed,1,0,,,,,,,,,
656433,2014/15,2015-02-26,Melbourne Cricket Ground,1,16.2,Sri Lanka,Bangladesh,TM Dilshan,HDRL Thirimanne,Taskin Ahmed,2,0,,,,,,,,,
656433,2014/15,2015-02-26,Melbourne Cricket Ground,1,16.3,Sri Lanka,Bangladesh,TM Dilshan,HDRL Thirimanne,Taskin Ahmed,0,0,,,,,,,,,
656433,2014/15,2015-02-26,Melbourne Cricket Ground,1,16.4,Sri Lanka,Bangladesh,TM Dilshan,HDRL Thirimanne,Taskin Ahmed,0,0,,,,,,,,,
656433,2014/15,2015-02-26,Melbourne Cricket Ground,1,16.5,Sri Lanka,Bangladesh,TM Dilshan,HDRL Thirimanne,Taskin Ahmed,1,0,,,,,,,,,
656433,2014/15,2015-02-26,Melbourne Cricket Ground,1,16.6,Sri Lanka,Bangladesh,HDRL Thirimanne,TM Dilshan,Taskin Ahmed,0,0,,,,,,,,,
656433,2014/15,2015-02-26,Melbourne Cricket Ground,1,17.1,Sri Lanka,Bangladesh,TM Dilshan,HDRL Thirimanne,Shakib Al Hasan,1,0,,,,,,,,,
656433,2014/15,2015-02-26,Melbourne Cricket Ground,1,17.2,Sri Lanka,Bangladesh,HDRL Thirimanne,TM Dilshan,Shakib Al Hasan,0,0,,,,,,,,,
656433,2014/15,2015-02-26,Melbourne Cricket Ground,1,17.3,Sri Lanka,Bangladesh,HDRL Thirimanne,TM Dilshan,Shakib Al Hasan,1,0,,,,,,,,,
656433,2014/15,2015-02-26,Melbourne Cricket Ground,1,17.4,Sri Lanka,Bangladesh,TM Dilshan,HDRL Thirimanne,Shakib Al Hasan,0,0,,,,,,,,,
656433,2014/15,2015-02-26,Melbourne Cricket Ground,1,17.5,Sri Lanka,Bangladesh,TM Dilshan,HDRL Thirimanne,Shakib Al Hasan,1,0,,,,,,,,,
656433,2014/15,2015-02-26,Melbourne Cricket Ground,1,17.6,Sri Lanka,Bangladesh,HDRL Thirimanne,TM Dilshan,Shakib Al Hasan,0,0,,,,,,,,,
656433,2014/15,2015-02-26,Melbourne Cricket Ground,1,18.1,Sri Lanka,Bangladesh,TM Dilshan,HDRL Thirimanne,Taskin Ahmed,0,0,,,,,,,,,
656433,2014/15,2015-02-26,Melbourne Cricket Ground,1,18.2,Sri Lanka,Bangladesh,TM Dilshan,HDRL Thirimanne,Taskin Ahmed,0,0,,,,,,,,,
656433,2014/15,2015-02-26,Melbourne Cricket Ground,1,18.3,Sri Lanka,Bangladesh,TM Dilshan,HDRL Thirimanne,Taskin Ahmed,0,0,,,,,,,,,
656433,2014/15,2015-02-26,Melbourne Cricket Ground,1,18.4,Sri Lanka,Bangladesh,TM Dilshan,HDRL Thirimanne,Taskin Ahmed,0,0,,,,,,,,,
656433,2014/15,2015-02-26,Melbourne Cricket Ground,1,18.5,Sri Lanka,Bangladesh,TM Dilshan,HDRL Thirimanne,Taskin Ahmed,0,0,,,,,,,,,
656433,2014/15,2015-02-26,Melbourne Cricket Ground,1,18.6,Sri Lanka,Bangladesh,TM Dilshan,HDRL Thirimanne,Taskin Ahmed,0,0,,,,,,,,,
656433,2014/15,2015-02-26,Melbourne Cricket Ground,1,19.1,Sri Lanka,Bangladesh,HDRL Thirimanne,TM Dilshan,Mahmudullah,1,0,,,,,,,,,
656433,2014/15,2015-02-26,Melbourne Cricket Ground,1,19.2,Sri Lanka,Bangladesh,TM Dilshan,HDRL Thirimanne,Mahmudullah,0,1,,,1,,,,,,
656433,2014/15,2015-02-26,Melbourne Cricket Ground,1,19.3,Sri Lanka,Bangladesh,HDRL Thirimanne,TM Dilshan,Mahmudullah,0,0,,,,,,,,,
656433,2014/15,2015-02-26,Melbourne Cricket Ground,1,19.4,Sri Lanka,Bangladesh,HDRL Thirimanne,TM Dilshan,Mahmudullah,0,0,,,,,,,,,
656433,2014/15,2015-02-26,Melbourne Cricket Ground,1,19.5,Sri Lanka,Bangladesh,HDRL Thirimanne,TM Dilshan,Mahmudullah,1,0,,,,,,,,,
656433,2014/15,2015-02-26,Melbourne Cricket Ground,1,19.6,Sri Lanka,Bangladesh,TM Dilshan,HDRL Thirimanne,Mahmudullah,4,0,,,,,,,,,
656433,2014/15,2015-02-26,Melbourne Cricket Ground,1,20.1,Sri Lanka,Bangladesh,HDRL Thirimanne,TM Dilshan,Taskin Ahmed,0,0,,,,,,,,,
656433,2014/15,2015-02-26,Melbourne Cricket Ground,1,20.2,Sri Lanka,Bangladesh,HDRL Thirimanne,TM Dilshan,Taskin Ahmed,1,0,,,,,,,,,
656433,2014/15,2015-02-26,Melbourne Cricket Ground,1,20.3,Sri Lanka,Bangladesh,TM Dilshan,HDRL Thirimanne,Taskin Ahmed,4,0,,,,,,,,,
656433,2014/15,2015-02-26,Melbourne Cricket Ground,1,20.4,Sri Lanka,Bangladesh,TM Dilshan,HDRL Thirimanne,Taskin Ahmed,0,0,,,,,,,,,
656433,2014/15,2015-02-26,Melbourne Cricket Ground,1,20.5,Sri Lanka,Bangladesh,TM Dilshan,HDRL Thirimanne,Taskin Ahmed,4,0,,,,,,,,,
656433,2014/15,2015-02-26,Melbourne Cricket Ground,1,20.6,Sri Lanka,Bangladesh,TM Dilshan,HDRL Thirimanne,Taskin Ahmed,4,0,,,,,,,,,
656433,2014/15,2015-02-26,Melbourne Cricket Ground,1,21.1,Sri Lanka,Bangladesh,HDRL Thirimanne,TM Dilshan,Sabbir Rahman,0,0,,,,,,,,,
656433,2014/15,2015-02-26,Melbourne Cricket Ground,1,21.2,Sri Lanka,Bangladesh,HDRL Thirimanne,TM Dilshan,Sabbir Rahman,1,0,,,,,,,,,
656433,2014/15,2015-02-26,Melbourne Cricket Ground,1,21.3,Sri Lanka,Bangladesh,TM Dilshan,HDRL Thirimanne,Sabbir Rahman,0,0,,,,,,,,,
656433,2014/15,2015-02-26,Melbourne Cricket Ground,1,21.4,Sri Lanka,Bangladesh,TM Dilshan,HDRL Thirimanne,Sabbir Rahman,1,0,,,,,,,,,
656433,2014/15,2015-02-26,Melbourne Cricket Ground,1,21.5,Sri Lanka,Bangladesh,HDRL Thirimanne,TM Dilshan,Sabbir Rahman,0,0,,,,,,,,,
656433,2014/15,2015-02-26,Melbourne Cricket Ground,1,21.6,Sri Lanka,Bangladesh,HDRL Thirimanne,TM Dilshan,Sabbir Rahman,4,0,,,,,,,,,
656433,2014/15,2015-02-26,Melbourne Cricket Ground,1,22.1,Sri Lanka,Bangladesh,TM Dilshan,HDRL Thirimanne,Rubel Hossain,2,0,,,,,,,,,
656433,2014/15,2015-02-26,Melbourne Cricket Ground,1,22.2,Sri Lanka,Bangladesh,TM Dilshan,HDRL Thirimanne,Rubel Hossain,0,0,,,,,,,,,
656433,2014/15,2015-02-26,Melbourne Cricket Ground,1,22.3,Sri Lanka,Bangladesh,TM Dilshan,HDRL Thirimanne,Rubel Hossain,1,0,,,,,,,,,
656433,2014/15,2015-02-26,Melbourne Cricket Ground,1,22.4,Sri Lanka,Bangladesh,HDRL Thirimanne,TM Dilshan,Rubel Hossain,0,0,,,,,,,,,
656433,2014/15,2015-02-26,Melbourne Cricket Ground,1,22.5,Sri Lanka,Bangladesh,HDRL Thirimanne,TM Dilshan,Rubel Hossain,1,0,,,,,,,,,
656433,2014/15,2015-02-26,Melbourne Cricket Ground,1,22.6,Sri Lanka,Bangladesh,TM Dilshan,HDRL Thirimanne,Rubel Hossain,1,0,,,,,,,,,
656433,2014/15,2015-02-26,Melbourne Cricket Ground,1,23.1,Sri Lanka,Bangladesh,TM Dilshan,HDRL Thirimanne,Sabbir Rahman,1,0,,,,,,,,,
656433,2014/15,2015-02-26,Melbourne Cricket Ground,1,23.2,Sri Lanka,Bangladesh,HDRL Thirimanne,TM Dilshan,Sabbir Rahman,1,0,,,,,,,,,
656433,2014/15,2015-02-26,Melbourne Cricket Ground,1,23.3,Sri Lanka,Bangladesh,TM Dilshan,HDRL Thirimanne,Sabbir Rahman,2,0,,,,,,,,,
656433,2014/15,2015-02-26,Melbourne Cricket Ground,1,23.4,Sri Lanka,Bangladesh,TM Dilshan,HDRL Thirimanne,Sabbir Rahman,1,0,,,,,,,,,
656433,2014/15,2015-02-26,Melbourne Cricket Ground,1,23.5,Sri Lanka,Bangladesh,HDRL Thirimanne,TM Dilshan,Sabbir Rahman,0,0,,,,,,,,,
656433,2014/15,2015-02-26,Melbourne Cricket Ground,1,23.6,Sri Lanka,Bangladesh,HDRL Thirimanne,TM Dilshan,Sabbir Rahman,1,0,,,,,,,,,
656433,2014/15,2015-02-26,Melbourne Cricket Ground,1,24.1,Sri Lanka,Bangladesh,HDRL Thirimanne,TM Dilshan,Rubel Hossain,1,0,,,,,,,,,
656433,2014/15,2015-02-26,Melbourne Cricket Ground,1,24.2,Sri Lanka,Bangladesh,TM Dilshan,HDRL Thirimanne,Rubel Hossain,1,0,,,,,,,,,
656433,2014/15,2015-02-26,Melbourne Cricket Ground,1,24.3,Sri Lanka,Bangladesh,HDRL Thirimanne,TM Dilshan,Rubel Hossain,0,0,,,,,,caught,HDRL Thirimanne,,
656433,2014/15,2015-02-26,Melbourne Cricket Ground,1,24.4,Sri Lanka,Bangladesh,KC Sangakkara,TM Dilshan,Rubel Hossain,0,0,,,,,,,,,
656433,2014/15,2015-02-26,Melbourne Cricket Ground,1,24.5,Sri Lanka,Bangladesh,KC Sangakkara,TM Dilshan,Rubel Hossain,0,0,,,,,,,,,
656433,2014/15,2015-02-26,Melbourne Cricket Ground,1,24.6,Sri Lanka,Bangladesh,KC Sangakkara,TM Dilshan,Rubel Hossain,0,0,,,,,,,,,
656433,2014/15,2015-02-26,Melbourne Cricket Ground,1,25.1,Sri Lanka,Bangladesh,TM Dilshan,KC Sangakkara,Mashrafe Mortaza,0,0,,,,,,,,,
656433,2014/15,2015-02-26,Melbourne Cricket Ground,1,25.2,Sri Lanka,Bangladesh,TM Dilshan,KC Sangakkara,Mashrafe Mortaza,2,0,,,,,,,,,
656433,2014/15,2015-02-26,Melbourne Cricket Ground,1,25.3,Sri Lanka,Bangladesh,TM Dilshan,KC Sangakkara,Mashrafe Mortaza,1,0,,,,,,,,,
656433,2014/15,2015-02-26,Melbourne Cricket Ground,1,25.4,Sri Lanka,Bangladesh,KC Sangakkara,TM Dilshan,Mashrafe Mortaza,1,0,,,,,,,,,
656433,2014/15,2015-02-26,Melbourne Cricket Ground,1,25.5,Sri Lanka,Bangladesh,TM Dilshan,KC Sangakkara,Mashrafe Mortaza,0,0,,,,,,,,,
656433,2014/15,2015-02-26,Melbourne Cricket Ground,1,25.6,Sri Lanka,Bangladesh,TM Dilshan,KC Sangakkara,Mashrafe Mortaza,1,0,,,,,,,,,
656433,2014/15,2015-02-26,Melbourne Cricket Ground,1,26.1,Sri Lanka,Bangladesh,TM Dilshan,KC Sangakkara,Rubel Hossain,1,0,,,,,,,,,
656433,2014/15,2015-02-26,Melbourne Cricket Ground,1,26.2,Sri Lanka,Bangladesh,KC Sangakkara,TM Dilshan,Rubel Hossain,0,0,,,,,,,,,
656433,2014/15,2015-02-26,Melbourne Cricket Ground,1,26.3,Sri Lanka,Bangladesh,KC Sangakkara,TM Dilshan,Rubel Hossain,4,0,,,,,,,,,
656433,2014/15,2015-02-26,Melbourne Cricket Ground,1,26.4,Sri Lanka,Bangladesh,KC Sangakkara,TM Dilshan,Rubel Hossain,1,0,,,,,,,,,
656433,2014/15,2015-02-26,Melbourne Cricket Ground,1,26.5,Sri Lanka,Bangladesh,TM Dilshan,KC Sangakkara,Rubel Hossain,0,0,,,,,,,,,
656433,2014/15,2015-02-26,Melbourne Cricket Ground,1,26.6,Sri Lanka,Bangladesh,TM Dilshan,KC Sangakkara,Rubel Hossain,0,0,,,,,,,,,
656433,2014/15,2015-02-26,Melbourne Cricket Ground,1,27.1,Sri Lanka,Bangladesh,KC Sangakkara,TM Dilshan,Taskin Ahmed,0,0,,,,,,,,,
656433,2014/15,2015-02-26,Melbourne Cricket Ground,1,27.2,Sri Lanka,Bangladesh,KC Sangakkara,TM Dilshan,Taskin Ahmed,0,0,,,,,,,,,
656433,2014/15,2015-02-26,Melbourne Cricket Ground,1,27.3,Sri Lanka,Bangladesh,KC Sangakkara,TM Dilshan,Taskin Ahmed,2,0,,,,,,,,,
656433,2014/15,2015-02-26,Melbourne Cricket Ground,1,27.4,Sri Lanka,Bangladesh,KC Sangakkara,TM Dilshan,Taskin Ahmed,1,0,,,,,,,,,
656433,2014/15,2015-02-26,Melbourne Cricket Ground,1,27.5,Sri Lanka,Bangladesh,TM Dilshan,KC Sangakkara,Taskin Ahmed,0,0,,,,,,,,,
656433,2014/15,2015-02-26,Melbourne Cricket Ground,1,27.6,Sri Lanka,Bangladesh,TM Dilshan,KC Sangakkara,Taskin Ahmed,1,0,,,,,,,,,
656433,2014/15,2015-02-26,Melbourne Cricket Ground,1,28.1,Sri Lanka,Bangladesh,TM Dilshan,KC Sangakkara,Rubel Hossain,0,0,,,,,,,,,
656433,2014/15,2015-02-26,Melbourne Cricket Ground,1,28.2,Sri Lanka,Bangladesh,TM Dilshan,KC Sangakkara,Rubel Hossain,0,0,,,,,,,,,
656433,2014/15,2015-02-26,Melbourne Cricket Ground,1,28.3,Sri Lanka,Bangladesh,TM Dilshan,KC Sangakkara,Rubel Hossain,0,0,,,,,,,,,
656433,2014/15,2015-02-26,Melbourne Cricket Ground,1,28.4,Sri Lanka,Bangladesh,TM Dilshan,KC Sangakkara,Rubel Hossain,1,0,,,,,,,,,
656433,2014/15,2015-02-26,Melbourne Cricket Ground,1,28.5,Sri Lanka,Bangladesh,KC Sangakkara,TM Dilshan,Rubel Hossain,1,0,,,,,,,,,
656433,2014/15,2015-02-26,Melbourne Cricket Ground,1,28.6,Sri Lanka,Bangladesh,TM Dilshan,KC Sangakkara,Rubel Hossain,1,0,,,,,,,,,
656433,2014/15,2015-02-26,Melbourne Cricket Ground,1,29.1,Sri Lanka,Bangladesh,TM Dilshan,KC Sangakkara,Mahmudullah,1,0,,,,,,,,,
656433,2014/15,2015-02-26,Melbourne Cricket Ground,1,29.2,Sri Lanka,Bangladesh,KC Sangakkara,TM Dilshan,Mahmudullah,1,0,,,,,,,,,
656433,2014/15,2015-02-26,Melbourne Cricket Ground,1,29.3,Sri Lanka,Bangladesh,TM Dilshan,KC Sangakkara,Mahmudullah,1,0,,,,,,,,,
656433,2014/15,2015-02-26,Melbourne Cricket Ground,1,29.4,Sri Lanka,Bangladesh,KC Sangakkara,TM Dilshan,Mahmudullah,0,0,,,,,,,,,
656433,2014/15,2015-02-26,Melbourne Cricket Ground,1,29.5,Sri Lanka,Bangladesh,KC Sangakkara,TM Dilshan,Mahmudullah,4,0,,,,,,,,,
656433,2014/15,2015-02-26,Melbourne Cricket Ground,1,29.6,Sri Lanka,Bangladesh,KC Sangakkara,TM Dilshan,Mahmudullah,0,0,,,,,,,,,
656433,2014/15,2015-02-26,Melbourne Cricket Ground,1,30.1,Sri Lanka,Bangladesh,TM Dilshan,KC Sangakkara,Taskin Ahmed,4,0,,,,,,,,,
656433,2014/15,2015-02-26,Melbourne Cricket Ground,1,30.2,Sri Lanka,Bangladesh,TM Dilshan,KC Sangakkara,Taskin Ahmed,1,0,,,,,,,,,
656433,2014/15,2015-02-26,Melbourne Cricket Ground,1,30.3,Sri Lanka,Bangladesh,KC Sangakkara,TM Dilshan,Taskin Ahmed,1,0,,,,,,,,,
656433,2014/15,2015-02-26,Melbourne Cricket Ground,1,30.4,Sri Lanka,Bangladesh,TM Dilshan,KC Sangakkara,Taskin Ahmed,0,0,,,,,,,,,
656433,2014/15,2015-02-26,Melbourne Cricket Ground,1,30.5,Sri Lanka,Bangladesh,TM Dilshan,KC Sangakkara,Taskin Ahmed,1,0,,,,,,,,,
656433,2014/15,2015-02-26,Melbourne Cricket Ground,1,30.6,Sri Lanka,Bangladesh,KC Sangakkara,TM Dilshan,Taskin Ahmed,0,0,,,,,,,,,
656433,2014/15,2015-02-26,Melbourne Cricket Ground,1,31.1,Sri Lanka,Bangladesh,TM Dilshan,KC Sangakkara,Mahmudullah,0,0,,,,,,,,,
656433,2014/15,2015-02-26,Melbourne Cricket Ground,1,31.2,Sri Lanka,Bangladesh,TM Dilshan,KC Sangakkara,Mahmudullah,4,0,,,,,,,,,
656433,2014/15,2015-02-26,Melbourne Cricket Ground,1,31.3,Sri Lanka,Bangladesh,TM Dilshan,KC Sangakkara,Mahmudullah,1,0,,,,,,,,,
656433,2014/15,2015-02-26,Melbourne Cricket Ground,1,31.4,Sri Lanka,Bangladesh,KC Sangakkara,TM Dilshan,Mahmudullah,1,0,,,,,,,,,
656433,2014/15,2015-02-26,Melbourne Cricket Ground,1,31.5,Sri Lanka,Bangladesh,TM Dilshan,KC Sangakkara,Mahmudullah,1,0,,,,,,,,,
656433,2014/15,2015-02-26,Melbourne Cricket Ground,1,31.6,Sri Lanka,Bangladesh,KC Sangakkara,TM Dilshan,Mahmudullah,1,0,,,,,,,,,
656433,2014/15,2015-02-26,Melbourne Cricket Ground,1,32.1,Sri Lanka,Bangladesh,KC Sangakkara,TM Dilshan,Taskin Ahmed,0,0,,,,,,,,,
656433,2014/15,2015-02-26,Melbourne Cricket Ground,1,32.2,Sri Lanka,Bangladesh,KC Sangakkara,TM Dilshan,Taskin Ahmed,0,0,,,,,,,,,
656433,2014/15,2015-02-26,Melbourne Cricket Ground,1,32.3,Sri Lanka,Bangladesh,KC Sangakkara,TM Dilshan,Taskin Ahmed,1,0,,,,,,,,,
656433,2014/15,2015-02-26,Melbourne Cricket Ground,1,32.4,Sri Lanka,Bangladesh,TM Dilshan,KC Sangakkara,Taskin Ahmed,1,0,,,,,,,,,
656433,2014/15,2015-02-26,Melbourne Cricket Ground,1,32.5,Sri Lanka,Bangladesh,KC Sangakkara,TM Dilshan,Taskin Ahmed,4,0,,,,,,,,,
656433,2014/15,2015-02-26,Melbourne Cricket Ground,1,32.6,Sri Lanka,Bangladesh,KC Sangakkara,TM Dilshan,Taskin Ahmed,0,0,,,,,,,,,
656433,2014/15,2015-02-26,Melbourne Cricket Ground,1,33.1,Sri Lanka,Bangladesh,TM Dilshan,KC Sangakkara,Shakib Al Hasan,1,0,,,,,,,,,
656433,2014/15,2015-02-26,Melbourne Cricket Ground,1,33.2,Sri Lanka,Bangladesh,KC Sangakkara,TM Dilshan,Shakib Al Hasan,0,0,,,,,,,,,
656433,2014/15,2015-02-26,Melbourne Cricket Ground,1,33.3,Sri Lanka,Bangladesh,KC Sangakkara,TM Dilshan,Shakib Al Hasan,1,0,,,,,,,,,
656433,2014/15,2015-02-26,Melbourne Cricket Ground,1,33.4,Sri Lanka,Bangladesh,TM Dilshan,KC Sangakkara,Shakib Al Hasan,1,0,,,,,,,,,
656433,2014/15,2015-02-26,Melbourne Cricket Ground,1,33.5,Sri Lanka,Bangladesh,KC Sangakkara,TM Dilshan,Shakib Al Hasan,0,0,,,,,,,,,
656433,2014/15,2015-02-26,Melbourne Cricket Ground,1,33.6,Sri Lanka,Bangladesh,KC Sangakkara,TM Dilshan,Shakib Al Hasan,4,0,,,,,,,,,
656433,2014/15,2015-02-26,Melbourne Cricket Ground,1,34.1,Sri Lanka,Bangladesh,TM Dilshan,KC Sangakkara,Mashrafe Mortaza,0,0,,,,,,,,,
656433,2014/15,2015-02-26,Melbourne Cricket Ground,1,34.2,Sri Lanka,Bangladesh,TM Dilshan,KC Sangakkara,Mashrafe Mortaza,0,0,,,,,,,,,
656433,2014/15,2015-02-26,Melbourne Cricket Ground,1,34.3,Sri Lanka,Bangladesh,TM Dilshan,KC Sangakkara,Mashrafe Mortaza,0,0,,,,,,,,,
656433,2014/15,2015-02-26,Melbourne Cricket Ground,1,34.4,Sri Lanka,Bangladesh,TM Dilshan,KC Sangakkara,Mashrafe Mortaza,2,0,,,,,,,,,
656433,2014/15,2015-02-26,Melbourne Cricket Ground,1,34.5,Sri Lanka,Bangladesh,TM Dilshan,KC Sangakkara,Mashrafe Mortaza,2,0,,,,,,,,,
656433,2014/15,2015-02-26,Melbourne Cricket Ground,1,34.6,Sri Lanka,Bangladesh,TM Dilshan,KC Sangakkara,Mashrafe Mortaza,0,0,,,,,,,,,
656433,2014/15,2015-02-26,Melbourne Cricket Ground,1,35.1,Sri Lanka,Bangladesh,KC Sangakkara,TM Dilshan,Shakib Al Hasan,0,0,,,,,,,,,
656433,2014/15,2015-02-26,Melbourne Cricket Ground,1,35.2,Sri Lanka,Bangladesh,KC Sangakkara,TM Dilshan,Shakib Al Hasan,0,1,,,1,,,,,,
656433,2014/15,2015-02-26,Melbourne Cricket Ground,1,35.3,Sri Lanka,Bangladesh,TM Dilshan,KC Sangakkara,Shakib Al Hasan,1,0,,,,,,,,,
656433,2014/15,2015-02-26,Melbourne Cricket Ground,1,35.4,Sri Lanka,Bangladesh,KC Sangakkara,TM Dilshan,Shakib Al Hasan,4,0,,,,,,,,,
656433,2014/15,2015-02-26,Melbourne Cricket Ground,1,35.5,Sri Lanka,Bangladesh,KC Sangakkara,TM Dilshan,Shakib Al Hasan,1,0,,,,,,,,,
656433,2014/15,2015-02-26,Melbourne Cricket Ground,1,35.6,Sri Lanka,Bangladesh,TM Dilshan,KC Sangakkara,Shakib Al Hasan,0,0,,,,,,,,,
656433,2014/15,2015-02-26,Melbourne Cricket Ground,1,36.1,Sri Lanka,Bangladesh,KC Sangakkara,TM Dilshan,Mashrafe Mortaza,2,0,,,,,,,,,
656433,2014/15,2015-02-26,Melbourne Cricket Ground,1,36.2,Sri Lanka,Bangladesh,KC Sangakkara,TM Dilshan,Mashrafe Mortaza,1,0,,,,,,,,,
656433,2014/15,2015-02-26,Melbourne Cricket Ground,1,36.3,Sri Lanka,Bangladesh,TM Dilshan,KC Sangakkara,Mashrafe Mortaza,0,0,,,,,,,,,
656433,2014/15,2015-02-26,Melbourne Cricket Ground,1,36.4,Sri Lanka,Bangladesh,TM Dilshan,KC Sangakkara,Mashrafe Mortaza,1,0,,,,,,,,,
656433,2014/15,2015-02-26,Melbourne Cricket Ground,1,36.5,Sri Lanka,Bangladesh,KC Sangakkara,TM Dilshan,Mashrafe Mortaza,4,0,,,,,,,,,
656433,2014/15,2015-02-26,Melbourne Cricket Ground,1,36.6,Sri Lanka,Bangladesh,KC Sangakkara,TM Dilshan,Mashrafe Mortaza,2,0,,,,,,,,,
656433,2014/15,2015-02-26,Melbourne Cricket Ground,1,37.1,Sri Lanka,Bangladesh,TM Dilshan,KC Sangakkara,Sabbir Rahman,1,0,,,,,,,,,
656433,2014/15,2015-02-26,Melbourne Cricket Ground,1,37.2,Sri Lanka,Bangladesh,KC Sangakkara,TM Dilshan,Sabbir Rahman,4,0,,,,,,,,,
656433,2014/15,2015-02-26,Melbourne Cricket Ground,1,37.3,Sri Lanka,Bangladesh,KC Sangakkara,TM Dilshan,Sabbir Rahman,1,0,,,,,,,,,
656433,2014/15,2015-02-26,Melbourne Cricket Ground,1,37.4,Sri Lanka,Bangladesh,TM Dilshan,KC Sangakkara,Sabbir Rahman,1,0,,,,,,,,,
656433,2014/15,2015-02-26,Melbourne Cricket Ground,1,37.5,Sri Lanka,Bangladesh,KC Sangakkara,TM Dilshan,Sabbir Rahman,0,0,,,,,,,,,
656433,2014/15,2015-02-26,Melbourne Cricket Ground,1,37.6,Sri Lanka,Bangladesh,KC Sangakkara,TM Dilshan,Sabbir Rahman,0,1,,,,1,,,,,
656433,2014/15,2015-02-26,Melbourne Cricket Ground,1,38.1,Sri Lanka,Bangladesh,KC Sangakkara,TM Dilshan,Shakib Al Hasan,0,0,,,,,,,,,
656433,2014/15,2015-02-26,Melbourne Cricket Ground,1,38.2,Sri Lanka,Bangladesh,KC Sangakkara,TM Dilshan,Shakib Al Hasan,1,0,,,,,,,,,
656433,2014/15,2015-02-26,Melbourne Cricket Ground,1,38.3,Sri Lanka,Bangladesh,TM Dilshan,KC Sangakkara,Shakib Al Hasan,1,0,,,,,,,,,
656433,2014/15,2015-02-26,Melbourne Cricket Ground,1,38.4,Sri Lanka,Bangladesh,KC Sangakkara,TM Dilshan,Shakib Al Hasan,0,0,,,,,,,,,
656433,2014/15,2015-02-26,Melbourne Cricket Ground,1,38.5,Sri Lanka,Bangladesh,KC Sangakkara,TM Dilshan,Shakib Al Hasan,4,0,,,,,,,,,
656433,2014/15,2015-02-26,Melbourne Cricket Ground,1,38.6,Sri Lanka,Bangladesh,KC Sangakkara,TM Dilshan,Shakib Al Hasan,0,0,,,,,,,,,
656433,2014/15,2015-02-26,Melbourne Cricket Ground,1,39.1,Sri Lanka,Bangladesh,TM Dilshan,KC Sangakkara,Sabbir Rahman,0,0,,,,,,,,,
656433,2014/15,2015-02-26,Melbourne Cricket Ground,1,39.2,Sri Lanka,Bangladesh,TM Dilshan,KC Sangakkara,Sabbir Rahman,1,0,,,,,,,,,
656433,2014/15,2015-02-26,Melbourne Cricket Ground,1,39.3,Sri Lanka,Bangladesh,KC Sangakkara,TM Dilshan,Sabbir Rahman,1,0,,,,,,,,,
656433,2014/15,2015-02-26,Melbourne Cricket Ground,1,39.4,Sri Lanka,Bangladesh,TM Dilshan,KC Sangakkara,Sabbir Rahman,0,2,2,,,,,,,,
656433,2014/15,2015-02-26,Melbourne Cricket Ground,1,39.5,Sri Lanka,Bangladesh,KC Sangakkara,TM Dilshan,Sabbir Rahman,2,0,,,,,,,,,
656433,2014/15,2015-02-26,Melbourne Cricket Ground,1,39.6,Sri Lanka,Bangladesh,KC Sangakkara,TM Dilshan,Sabbir Rahman,0,0,,,,,,,,,
656433,2014/15,2015-02-26,Melbourne Cricket Ground,1,39.7,Sri Lanka,Bangladesh,KC Sangakkara,TM Dilshan,Sabbir Rahman,1,0,,,,,,,,,
656433,2014/15,2015-02-26,Melbourne Cricket Ground,1,40.1,Sri Lanka,Bangladesh,KC Sangakkara,TM Dilshan,Shakib Al Hasan,3,0,,,,,,,,,
656433,2014/15,2015-02-26,Melbourne Cricket Ground,1,40.2,Sri Lanka,Bangladesh,TM Dilshan,KC Sangakkara,Shakib Al Hasan,0,0,,,,,,,,,
656433,2014/15,2015-02-26,Melbourne Cricket Ground,1,40.3,Sri Lanka,Bangladesh,TM Dilshan,KC Sangakkara,Shakib Al Hasan,1,0,,,,,,,,,
656433,2014/15,2015-02-26,Melbourne Cricket Ground,1,40.4,Sri Lanka,Bangladesh,KC Sangakkara,TM Dilshan,Shakib Al Hasan,1,0,,,,,,,,,
656433,2014/15,2015-02-26,Melbourne Cricket Ground,1,40.5,Sri Lanka,Bangladesh,TM Dilshan,KC Sangakkara,Shakib Al Hasan,2,0,,,,,,,,,
656433,2014/15,2015-02-26,Melbourne Cricket Ground,1,40.6,Sri Lanka,Bangladesh,TM Dilshan,KC Sangakkara,Shakib Al Hasan,0,0,,,,,,,,,
656433,2014/15,2015-02-26,Melbourne Cricket Ground,1,41.1,Sri Lanka,Bangladesh,KC Sangakkara,TM Dilshan,Rubel Hossain,3,0,,,,,,,,,
656433,2014/15,2015-02-26,Melbourne Cricket Ground,1,41.2,Sri Lanka,Bangladesh,TM Dilshan,KC Sangakkara,Rubel Hossain,4,0,,,,,,,,,
656433,2014/15,2015-02-26,Melbourne Cricket Ground,1,41.3,Sri Lanka,Bangladesh,TM Dilshan,KC Sangakkara,Rubel Hossain,1,0,,,,,,,,,
656433,2014/15,2015-02-26,Melbourne Cricket Ground,1,41.4,Sri Lanka,Bangladesh,KC Sangakkara,TM Dilshan,Rubel Hossain,6,0,,,,,,,,,
656433,2014/15,2015-02-26,Melbourne Cricket Ground,1,41.5,Sri Lanka,Bangladesh,KC Sangakkara,TM Dilshan,Rubel Hossain,1,0,,,,,,,,,
656433,2014/15,2015-02-26,Melbourne Cricket Ground,1,41.6,Sri Lanka,Bangladesh,TM Dilshan,KC Sangakkara,Rubel Hossain,0,0,,,,,,,,,
656433,2014/15,2015-02-26,Melbourne Cricket Ground,1,42.1,Sri Lanka,Bangladesh,KC Sangakkara,TM Dilshan,Taskin Ahmed,1,0,,,,,,,,,
656433,2014/15,2015-02-26,Melbourne Cricket Ground,1,42.2,Sri Lanka,Bangladesh,TM Dilshan,KC Sangakkara,Taskin Ahmed,1,0,,,,,,,,,
656433,2014/15,2015-02-26,Melbourne Cricket Ground,1,42.3,Sri Lanka,Bangladesh,KC Sangakkara,TM Dilshan,Taskin Ahmed,1,0,,,,,,,,,
656433,2014/15,2015-02-26,Melbourne Cricket Ground,1,42.4,Sri Lanka,Bangladesh,TM Dilshan,KC Sangakkara,Taskin Ahmed,2,0,,,,,,,,,
656433,2014/15,2015-02-26,Melbourne Cricket Ground,1,42.5,Sri Lanka,Bangladesh,TM Dilshan,KC Sangakkara,Taskin Ahmed,1,0,,,,,,,,,
656433,2014/15,2015-02-26,Melbourne Cricket Ground,1,42.6,Sri Lanka,Bangladesh,KC Sangakkara,TM Dilshan,Taskin Ahmed,2,0,,,,,,,,,
656433,2014/15,2015-02-26,Melbourne Cricket Ground,1,43.1,Sri Lanka,Bangladesh,TM Dilshan,KC Sangakkara,Mahmudullah,0,0,,,,,,,,,
656433,2014/15,2015-02-26,Melbourne Cricket Ground,1,43.2,Sri Lanka,Bangladesh,TM Dilshan,KC Sangakkara,Mahmudullah,0,1,,,,1,,,,,
656433,2014/15,2015-02-26,Melbourne Cricket Ground,1,43.3,Sri Lanka,Bangladesh,KC Sangakkara,TM Dilshan,Mahmudullah,4,0,,,,,,,,,
656433,2014/15,2015-02-26,Melbourne Cricket Ground,1,43.4,Sri Lanka,Bangladesh,KC Sangakkara,TM Dilshan,Mahmudullah,1,0,,,,,,,,,
656433,2014/15,2015-02-26,Melbourne Cricket Ground,1,43.5,Sri Lanka,Bangladesh,TM Dilshan,KC Sangakkara,Mahmudullah,1,0,,,,,,,,,
656433,2014/15,2015-02-26,Melbourne Cricket Ground,1,43.6,Sri Lanka,Bangladesh,KC Sangakkara,TM Dilshan,Mahmudullah,4,0,,,,,,,,,
656433,2014/15,2015-02-26,Melbourne Cricket Ground,1,44.1,Sri Lanka,Bangladesh,TM Dilshan,KC Sangakkara,Taskin Ahmed,4,0,,,,,,,,,
656433,2014/15,2015-02-26,Melbourne Cricket Ground,1,44.2,Sri Lanka,Bangladesh,TM Dilshan,KC Sangakkara,Taskin Ahmed,0,0,,,,,,,,,
656433,2014/15,2015-02-26,Melbourne Cricket Ground,1,44.3,Sri Lanka,Bangladesh,TM Dilshan,KC Sangakkara,Taskin Ahmed,0,0,,,,,,,,,
656433,2014/15,2015-02-26,Melbourne Cricket Ground,1,44.4,Sri Lanka,Bangladesh,TM Dilshan,KC Sangakkara,Taskin Ahmed,4,0,,,,,,,,,
656433,2014/15,2015-02-26,Melbourne Cricket Ground,1,44.5,Sri Lanka,Bangladesh,TM Dilshan,KC Sangakkara,Taskin Ahmed,4,0,,,,,,,,,
656433,2014/15,2015-02-26,Melbourne Cricket Ground,1,44.6,Sri Lanka,Bangladesh,TM Dilshan,KC Sangakkara,Taskin Ahmed,4,0,,,,,,,,,
656433,2014/15,2015-02-26,Melbourne Cricket Ground,1,45.1,Sri Lanka,Bangladesh,KC Sangakkara,TM Dilshan,Mahmudullah,0,0,,,,,,,,,
656433,2014/15,2015-02-26,Melbourne Cricket Ground,1,45.2,Sri Lanka,Bangladesh,KC Sangakkara,TM Dilshan,Mahmudullah,4,0,,,,,,,,,
656433,2014/15,2015-02-26,Melbourne Cricket Ground,1,45.3,Sri Lanka,Bangladesh,KC Sangakkara,TM Dilshan,Mahmudullah,2,0,,,,,,,,,
656433,2014/15,2015-02-26,Melbourne Cricket Ground,1,45.4,Sri Lanka,Bangladesh,KC Sangakkara,TM Dilshan,Mahmudullah,1,0,,,,,,,,,
656433,2014/15,2015-02-26,Melbourne Cricket Ground,1,45.5,Sri Lanka,Bangladesh,TM Dilshan,KC Sangakkara,Mahmudullah,0,1,,,1,,,,,,
656433,2014/15,2015-02-26,Melbourne Cricket Ground,1,45.6,Sri Lanka,Bangladesh,KC Sangakkara,TM Dilshan,Mahmudullah,0,0,,,,,,,,,
656433,2014/15,2015-02-26,Melbourne Cricket Ground,1,46.1,Sri Lanka,Bangladesh,TM Dilshan,KC Sangakkara,Mashrafe Mortaza,4,0,,,,,,,,,
656433,2014/15,2015-02-26,Melbourne Cricket Ground,1,46.2,Sri Lanka,Bangladesh,TM Dilshan,KC Sangakkara,Mashrafe Mortaza,4,0,,,,,,,,,
656433,2014/15,2015-02-26,Melbourne Cricket Ground,1,46.3,Sri Lanka,Bangladesh,TM Dilshan,KC Sangakkara,Mashrafe Mortaza,1,0,,,,,,,,,
656433,2014/15,2015-02-26,Melbourne Cricket Ground,1,46.4,Sri Lanka,Bangladesh,KC Sangakkara,TM Dilshan,Mashrafe Mortaza,4,0,,,,,,,,,
656433,2014/15,2015-02-26,Melbourne Cricket Ground,1,46.5,Sri Lanka,Bangladesh,KC Sangakkara,TM Dilshan,Mashrafe Mortaza,1,0,,,,,,,,,
656433,2014/15,2015-02-26,Melbourne Cricket Ground,1,46.6,Sri Lanka,Bangladesh,TM Dilshan,KC Sangakkara,Mashrafe Mortaza,0,0,,,,,,,,,
656433,2014/15,2015-02-26,Melbourne Cricket Ground,1,47.1,Sri Lanka,Bangladesh,KC Sangakkara,TM Dilshan,Shakib Al Hasan,1,0,,,,,,,,,
656433,2014/15,2015-02-26,Melbourne Cricket Ground,1,47.2,Sri Lanka,Bangladesh,TM Dilshan,KC Sangakkara,Shakib Al Hasan,4,0,,,,,,,,,
656433,2014/15,2015-02-26,Melbourne Cricket Ground,1,47.3,Sri Lanka,Bangladesh,TM Dilshan,KC Sangakkara,Shakib Al Hasan,0,0,,,,,,,,,
656433,2014/15,2015-02-26,Melbourne Cricket Ground,1,47.4,Sri Lanka,Bangladesh,TM Dilshan,KC Sangakkara,Shakib Al Hasan,4,0,,,,,,,,,
656433,2014/15,2015-02-26,Melbourne Cricket Ground,1,47.5,Sri Lanka,Bangladesh,TM Dilshan,KC Sangakkara,Shakib Al Hasan,0,0,,,,,,,,,
656433,2014/15,2015-02-26,Melbourne Cricket Ground,1,47.6,Sri Lanka,Bangladesh,TM Dilshan,KC Sangakkara,Shakib Al Hasan,4,0,,,,,,,,,
656433,2014/15,2015-02-26,Melbourne Cricket Ground,1,48.1,Sri Lanka,Bangladesh,KC Sangakkara,TM Dilshan,Rubel Hossain,1,0,,,,,,,,,
656433,2014/15,2015-02-26,Melbourne Cricket Ground,1,48.2,Sri Lanka,Bangladesh,TM Dilshan,KC Sangakkara,Rubel Hossain,1,0,,,,,,,,,
656433,2014/15,2015-02-26,Melbourne Cricket Ground,1,48.3,Sri Lanka,Bangladesh,KC Sangakkara,TM Dilshan,Rubel Hossain,1,0,,,,,,,,,
656433,2014/15,2015-02-26,Melbourne Cricket Ground,1,48.4,Sri Lanka,Bangladesh,TM Dilshan,KC Sangakkara,Rubel Hossain,4,0,,,,,,,,,
656433,2014/15,2015-02-26,Melbourne Cricket Ground,1,48.5,Sri Lanka,Bangladesh,TM Dilshan,KC Sangakkara,Rubel Hossain,3,0,,,,,,,,,
656433,2014/15,2015-02-26,Melbourne Cricket Ground,1,48.6,Sri Lanka,Bangladesh,KC Sangakkara,TM Dilshan,Rubel Hossain,1,0,,,,,,,,,
656433,2014/15,2015-02-26,Melbourne Cricket Ground,1,49.1,Sri Lanka,Bangladesh,KC Sangakkara,TM Dilshan,Taskin Ahmed,1,0,,,,,,,,,
656433,2014/15,2015-02-26,Melbourne Cricket Ground,1,49.2,Sri Lanka,Bangladesh,TM Dilshan,KC Sangakkara,Taskin Ahmed,4,0,,,,,,,,,
656433,2014/15,2015-02-26,Melbourne Cricket Ground,1,49.3,Sri Lanka,Bangladesh,TM Dilshan,KC Sangakkara,Taskin Ahmed,0,1,1,,,,,,,,
656433,2014/15,2015-02-26,Melbourne Cricket Ground,1,49.4,Sri Lanka,Bangladesh,TM Dilshan,KC Sangakkara,Taskin Ahmed,1,0,,,,,,,,,
656433,2014/15,2015-02-26,Melbourne Cricket Ground,1,49.5,Sri Lanka,Bangladesh,KC Sangakkara,TM Dilshan,Taskin Ahmed,0,0,,,,,,,,,
656433,2014/15,2015-02-26,Melbourne Cricket Ground,1,49.6,Sri Lanka,Bangladesh,KC Sangakkara,TM Dilshan,Taskin Ahmed,4,0,,,,,,,,,
656433,2014/15,2015-02-26,Melbourne Cricket Ground,1,49.7,Sri Lanka,Bangladesh,KC Sangakkara,TM Dilshan,Taskin Ahmed,1,0,,,,,,,,,
656433,2014/15,2015-02-26,Melbourne Cricket Ground,2,0.1,Bangladesh,Sri Lanka,Tamim Iqbal,Anamul Haque,SL Malinga,0,0,,,,,,,,,
656433,2014/15,2015-02-26,Melbourne Cricket Ground,2,0.2,Bangladesh,Sri Lanka,Tamim Iqbal,Anamul Haque,SL Malinga,0,0,,,,,,bowled,Tamim Iqbal,,
656433,2014/15,2015-02-26,Melbourne Cricket Ground,2,0.3,Bangladesh,Sri Lanka,Soumya Sarkar,Anamul Haque,SL Malinga,0,0,,,,,,,,,
656433,2014/15,2015-02-26,Melbourne Cricket Ground,2,0.4,Bangladesh,Sri Lanka,Soumya Sarkar,Anamul Haque,SL Malinga,0,0,,,,,,,,,
656433,2014/15,2015-02-26,Melbourne Cricket Ground,2,0.5,Bangladesh,Sri Lanka,Soumya Sarkar,Anamul Haque,SL Malinga,4,0,,,,,,,,,
656433,2014/15,2015-02-26,Melbourne Cricket Ground,2,0.6,Bangladesh,Sri Lanka,Soumya Sarkar,Anamul Haque,SL Malinga,2,0,,,,,,,,,
656433,2014/15,2015-02-26,Melbourne Cricket Ground,2,1.1,Bangladesh,Sri Lanka,Anamul Haque,Soumya Sarkar,RAS Lakmal,0,0,,,,,,,,,
656433,2014/15,2015-02-26,Melbourne Cricket Ground,2,1.2,Bangladesh,Sri Lanka,Anamul Haque,Soumya Sarkar,RAS Lakmal,0,0,,,,,,,,,
656433,2014/15,2015-02-26,Melbourne Cricket Ground,2,1.3,Bangladesh,Sri Lanka,Anamul Haque,Soumya Sarkar,RAS Lakmal,1,0,,,,,,,,,
656433,2014/15,2015-02-26,Melbourne Cricket Ground,2,1.4,Bangladesh,Sri Lanka,Soumya Sarkar,Anamul Haque,RAS Lakmal,4,0,,,,,,,,,
656433,2014/15,2015-02-26,Melbourne Cricket Ground,2,1.5,Bangladesh,Sri Lanka,Soumya Sarkar,Anamul Haque,RAS Lakmal,1,0,,,,,,,,,
656433,2014/15,2015-02-26,Melbourne Cricket Ground,2,1.6,Bangladesh,Sri Lanka,Anamul Haque,Soumya Sarkar,RAS Lakmal,0,1,,,,1,,,,,
656433,2014/15,2015-02-26,Melbourne Cricket Ground,2,2.1,Bangladesh,Sri Lanka,Anamul Haque,Soumya Sarkar,SL Malinga,0,0,,,,,,,,,
656433,2014/15,2015-02-26,Melbourne Cricket Ground,2,2.2,Bangladesh,Sri Lanka,Anamul Haque,Soumya Sarkar,SL Malinga,0,0,,,,,,,,,
656433,2014/15,2015-02-26,Melbourne Cricket Ground,2,2.3,Bangladesh,Sri Lanka,Anamul Haque,Soumya Sarkar,SL Malinga,0,0,,,,,,,,,
656433,2014/15,2015-02-26,Melbourne Cricket Ground,2,2.4,Bangladesh,Sri Lanka,Anamul Haque,Soumya Sarkar,SL Malinga,4,0,,,,,,,,,
656433,2014/15,2015-02-26,Melbourne Cricket Ground,2,2.5,Bangladesh,Sri Lanka,Anamul Haque,Soumya Sarkar,SL Malinga,0,0,,,,,,,,,
656433,2014/15,2015-02-26,Melbourne Cricket Ground,2,2.6,Bangladesh,Sri Lanka,Anamul Haque,Soumya Sarkar,SL Malinga,0,0,,,,,,,,,
656433,2014/15,2015-02-26,Melbourne Cricket Ground,2,3.1,Bangladesh,Sri Lanka,Soumya Sarkar,Anamul Haque,RAS Lakmal,4,0,,,,,,,,,
656433,2014/15,2015-02-26,Melbourne Cricket Ground,2,3.2,Bangladesh,Sri Lanka,Soumya Sarkar,Anamul Haque,RAS Lakmal,0,1,1,,,,,,,,
656433,2014/15,2015-02-26,Melbourne Cricket Ground,2,3.3,Bangladesh,Sri Lanka,Soumya Sarkar,Anamul Haque,RAS Lakmal,4,0,,,,,,,,,
656433,2014/15,2015-02-26,Melbourne Cricket Ground,2,3.4,Bangladesh,Sri Lanka,Soumya Sarkar,Anamul Haque,RAS Lakmal,4,0,,,,,,,,,
656433,2014/15,2015-02-26,Melbourne Cricket Ground,2,3.5,Bangladesh,Sri Lanka,Soumya Sarkar,Anamul Haque,RAS Lakmal,1,0,,,,,,,,,
656433,2014/15,2015-02-26,Melbourne Cricket Ground,2,3.6,Bangladesh,Sri Lanka,Anamul Haque,Soumya Sarkar,RAS Lakmal,0,0,,,,,,,,,
656433,2014/15,2015-02-26,Melbourne Cricket Ground,2,3.7,Bangladesh,Sri Lanka,Anamul Haque,Soumya Sarkar,RAS Lakmal,0,0,,,,,,,,,
656433,2014/15,2015-02-26,Melbourne Cricket Ground,2,4.1,Bangladesh,Sri Lanka,Soumya Sarkar,Anamul Haque,SL Malinga,0,0,,,,,,,,,
656433,2014/15,2015-02-26,Melbourne Cricket Ground,2,4.2,Bangladesh,Sri Lanka,Soumya Sarkar,Anamul Haque,SL Malinga,0,0,,,,,,,,,
656433,2014/15,2015-02-26,Melbourne Cricket Ground,2,4.3,Bangladesh,Sri Lanka,Soumya Sarkar,Anamul Haque,SL Malinga,1,0,,,,,,,,,
656433,2014/15,2015-02-26,Melbourne Cricket Ground,2,4.4,Bangladesh,Sri Lanka,Anamul Haque,Soumya Sarkar,SL Malinga,0,0,,,,,,,,,
656433,2014/15,2015-02-26,Melbourne Cricket Ground,2,4.5,Bangladesh,Sri Lanka,Anamul Haque,Soumya Sarkar,SL Malinga,1,0,,,,,,,,,
656433,2014/15,2015-02-26,Melbourne Cricket Ground,2,4.6,Bangladesh,Sri Lanka,Soumya Sarkar,Anamul Haque,SL Malinga,0,0,,,,,,,,,
656433,2014/15,2015-02-26,Melbourne Cricket Ground,2,5.1,Bangladesh,Sri Lanka,Anamul Haque,Soumya Sarkar,AD Mathews,0,0,,,,,,,,,
656433,2014/15,2015-02-26,Melbourne Cricket Ground,2,5.2,Bangladesh,Sri Lanka,Anamul Haque,Soumya Sarkar,AD Mathews,6,0,,,,,,,,,
656433,2014/15,2015-02-26,Melbourne Cricket Ground,2,5.3,Bangladesh,Sri Lanka,Anamul Haque,Soumya Sarkar,AD Mathews,0,0,,,,,,,,,
656433,2014/15,2015-02-26,Melbourne Cricket Ground,2,5.4,Bangladesh,Sri Lanka,Anamul Haque,Soumya Sarkar,AD Mathews,1,0,,,,,,,,,
656433,2014/15,2015-02-26,Melbourne Cricket Ground,2,5.5,Bangladesh,Sri Lanka,Soumya Sarkar,Anamul Haque,AD Mathews,0,0,,,,,,caught,Soumya Sarkar,,
656433,2014/15,2015-02-26,Melbourne Cricket Ground,2,5.6,Bangladesh,Sri Lanka,Mominul Haque,Anamul Haque,AD Mathews,1,0,,,,,,,,,
656433,2014/15,2015-02-26,Melbourne Cricket Ground,2,6.1,Bangladesh,Sri Lanka,Mominul Haque,Anamul Haque,RAS Lakmal,0,0,,,,,,,,,
656433,2014/15,2015-02-26,Melbourne Cricket Ground,2,6.2,Bangladesh,Sri Lanka,Mominul Haque,Anamul Haque,RAS Lakmal,0,0,,,,,,caught,Mominul Haque,,
656433,2014/15,2015-02-26,Melbourne Cricket Ground,2,6.3,Bangladesh,Sri Lanka,Mahmudullah,Anamul Haque,RAS Lakmal,0,0,,,,,,,,,
656433,2014/15,2015-02-26,Melbourne Cricket Ground,2,6.4,Bangladesh,Sri Lanka,Mahmudullah,Anamul Haque,RAS Lakmal,0,2,,,,2,,,,,
656433,2014/15,2015-02-26,Melbourne Cricket Ground,2,6.5,Bangladesh,Sri Lanka,Mahmudullah,Anamul Haque,RAS Lakmal,0,0,,,,,,,,,
656433,2014/15,2015-02-26,Melbourne Cricket Ground,2,6.6,Bangladesh,Sri Lanka,Mahmudullah,Anamul Haque,RAS Lakmal,1,0,,,,,,,,,
656433,2014/15,2015-02-26,Melbourne Cricket Ground,2,7.1,Bangladesh,Sri Lanka,Mahmudullah,Anamul Haque,AD Mathews,2,0,,,,,,,,,
656433,2014/15,2015-02-26,Melbourne Cricket Ground,2,7.2,Bangladesh,Sri Lanka,Mahmudullah,Anamul Haque,AD Mathews,0,0,,,,,,,,,
656433,2014/15,2015-02-26,Melbourne Cricket Ground,2,7.3,Bangladesh,Sri Lanka,Mahmudullah,Anamul Haque,AD Mathews,0,0,,,,,,,,,
656433,2014/15,2015-02-26,Melbourne Cricket Ground,2,7.4,Bangladesh,Sri Lanka,Mahmudullah,Anamul Haque,AD Mathews,0,0,,,,,,,,,
656433,2014/15,2015-02-26,Melbourne Cricket Ground,2,7.5,Bangladesh,Sri Lanka,Mahmudullah,Anamul Haque,AD Mathews,0,0,,,,,,,,,
656433,2014/15,2015-02-26,Melbourne Cricket Ground,2,7.6,Bangladesh,Sri Lanka,Mahmudullah,Anamul Haque,AD Mathews,0,0,,,,,,,,,
656433,2014/15,2015-02-26,Melbourne Cricket Ground,2,8.1,Bangladesh,Sri Lanka,Anamul Haque,Mahmudullah,RAS Lakmal,0,0,,,,,,,,,
656433,2014/15,2015-02-26,Melbourne Cricket Ground,2,8.2,Bangladesh,Sri Lanka,Anamul Haque,Mahmudullah,RAS Lakmal,0,0,,,,,,,,,
656433,2014/15,2015-02-26,Melbourne Cricket Ground,2,8.3,Bangladesh,Sri Lanka,Anamul Haque,Mahmudullah,RAS Lakmal,2,0,,,,,,,,,
656433,2014/15,2015-02-26,Melbourne Cricket Ground,2,8.4,Bangladesh,Sri Lanka,Anamul Haque,Mahmudullah,RAS Lakmal,0,0,,,,,,,,,
656433,2014/15,2015-02-26,Melbourne Cricket Ground,2,8.5,Bangladesh,Sri Lanka,Anamul Haque,Mahmudullah,RAS Lakmal,0,0,,,,,,,,,
656433,2014/15,2015-02-26,Melbourne Cricket Ground,2,8.6,Bangladesh,Sri Lanka,Anamul Haque,Mahmudullah,RAS Lakmal,1,0,,,,,,,,,
656433,2014/15,2015-02-26,Melbourne Cricket Ground,2,9.1,Bangladesh,Sri Lanka,Anamul Haque,Mahmudullah,AD Mathews,1,0,,,,,,,,,
656433,2014/15,2015-02-26,Melbourne Cricket Ground,2,9.2,Bangladesh,Sri Lanka,Mahmudullah,Anamul Haque,AD Mathews,0,0,,,,,,,,,
656433,2014/15,2015-02-26,Melbourne Cricket Ground,2,9.3,Bangladesh,Sri Lanka,Mahmudullah,Anamul Haque,AD Mathews,4,0,,,,,,,,,
656433,2014/15,2015-02-26,Melbourne Cricket Ground,2,9.4,Bangladesh,Sri Lanka,Mahmudullah,Anamul Haque,AD Mathews,0,0,,,,,,,,,
656433,2014/15,2015-02-26,Melbourne Cricket Ground,2,9.5,Bangladesh,Sri Lanka,Mahmudullah,Anamul Haque,AD Mathews,0,4,,,,4,,,,,
656433,2014/15,2015-02-26,Melbourne Cricket Ground,2,9.6,Bangladesh,Sri Lanka,Mahmudullah,Anamul Haque,AD Mathews,2,0,,,,,,,,,
656433,2014/15,2015-02-26,Melbourne Cricket Ground,2,10.1,Bangladesh,Sri Lanka,Anamul Haque,Mahmudullah,RAS Lakmal,1,0,,,,,,,,,
656433,2014/15,2015-02-26,Melbourne Cricket Ground,2,10.2,Bangladesh,Sri Lanka,Mahmudullah,Anamul Haque,RAS Lakmal,0,0,,,,,,,,,
656433,2014/15,2015-02-26,Melbourne Cricket Ground,2,10.3,Bangladesh,Sri Lanka,Mahmudullah,Anamul Haque,RAS Lakmal,1,0,,,,,,,,,
656433,2014/15,2015-02-26,Melbourne Cricket Ground,2,10.4,Bangladesh,Sri Lanka,Anamul Haque,Mahmudullah,RAS Lakmal,2,0,,,,,,,,,
656433,2014/15,2015-02-26,Melbourne Cricket Ground,2,10.5,Bangladesh,Sri Lanka,Anamul Haque,Mahmudullah,RAS Lakmal,1,0,,,,,,,,,
656433,2014/15,2015-02-26,Melbourne Cricket Ground,2,10.6,Bangladesh,Sri Lanka,Mahmudullah,Anamul Haque,RAS Lakmal,0,0,,,,,,,,,
656433,2014/15,2015-02-26,Melbourne Cricket Ground,2,11.1,Bangladesh,Sri Lanka,Anamul Haque,Mahmudullah,HMRKB Herath,0,0,,,,,,,,,
656433,2014/15,2015-02-26,Melbourne Cricket Ground,2,11.2,Bangladesh,Sri Lanka,Anamul Haque,Mahmudullah,HMRKB Herath,0,0,,,,,,,,,
656433,2014/15,2015-02-26,Melbourne Cricket Ground,2,11.3,Bangladesh,Sri Lanka,Anamul Haque,Mahmudullah,HMRKB Herath,1,0,,,,,,,,,
656433,2014/15,2015-02-26,Melbourne Cricket Ground,2,11.4,Bangladesh,Sri Lanka,Mahmudullah,Anamul Haque,HMRKB Herath,0,2,,,,2,,,,,
656433,2014/15,2015-02-26,Melbourne Cricket Ground,2,11.5,Bangladesh,Sri Lanka,Mahmudullah,Anamul Haque,HMRKB Herath,1,0,,,,,,,,,
656433,2014/15,2015-02-26,Melbourne Cricket Ground,2,11.6,Bangladesh,Sri Lanka,Anamul Haque,Mahmudullah,HMRKB Herath,0,0,,,,,,,,,
656433,2014/15,2015-02-26,Melbourne Cricket Ground,2,12.1,Bangladesh,Sri Lanka,Mahmudullah,Anamul Haque,NLTC Perera,1,0,,,,,,,,,
656433,2014/15,2015-02-26,Melbourne Cricket Ground,2,12.2,Bangladesh,Sri Lanka,Anamul Haque,Mahmudullah,NLTC Perera,2,0,,,,,,,,,
656433,2014/15,2015-02-26,Melbourne Cricket Ground,2,12.3,Bangladesh,Sri Lanka,Anamul Haque,Mahmudullah,NLTC Perera,1,0,,,,,,,,,
656433,2014/15,2015-02-26,Melbourne Cricket Ground,2,12.4,Bangladesh,Sri Lanka,Mahmudullah,Anamul Haque,NLTC Perera,1,0,,,,,,,,,
656433,2014/15,2015-02-26,Melbourne Cricket Ground,2,12.5,Bangladesh,Sri Lanka,Anamul Haque,Mahmudullah,NLTC Perera,1,0,,,,,,,,,
656433,2014/15,2015-02-26,Melbourne Cricket Ground,2,12.6,Bangladesh,Sri Lanka,Mahmudullah,Anamul Haque,NLTC Perera,0,0,,,,,,,,,
656433,2014/15,2015-02-26,Melbourne Cricket Ground,2,13.1,Bangladesh,Sri Lanka,Anamul Haque,Mahmudullah,HMRKB Herath,0,0,,,,,,,,,
656433,2014/15,2015-02-26,Melbourne Cricket Ground,2,13.2,Bangladesh,Sri Lanka,Anamul Haque,Mahmudullah,HMRKB Herath,0,0,,,,,,,,,
656433,2014/15,2015-02-26,Melbourne Cricket Ground,2,13.3,Bangladesh,Sri Lanka,Anamul Haque,Mahmudullah,HMRKB Herath,0,0,,,,,,,,,
656433,2014/15,2015-02-26,Melbourne Cricket Ground,2,13.4,Bangladesh,Sri Lanka,Anamul Haque,Mahmudullah,HMRKB Herath,0,0,,,,,,,,,
656433,2014/15,2015-02-26,Melbourne Cricket Ground,2,13.5,Bangladesh,Sri Lanka,Anamul Haque,Mahmudullah,HMRKB Herath,0,0,,,,,,,,,
656433,2014/15,2015-02-26,Melbourne Cricket Ground,2,13.6,Bangladesh,Sri Lanka,Anamul Haque,Mahmudullah,HMRKB Herath,1,0,,,,,,,,,
656433,2014/15,2015-02-26,Melbourne Cricket Ground,2,14.1,Bangladesh,Sri Lanka,Anamul Haque,Mahmudullah,NLTC Perera,1,0,,,,,,,,,
656433,2014/15,2015-02-26,Melbourne Cricket Ground,2,14.2,Bangladesh,Sri Lanka,Mahmudullah,Anamul Haque,NLTC Perera,0,0,,,,,,,,,
656433,2014/15,2015-02-26,Melbourne Cricket Ground,2,14.3,Bangladesh,Sri Lanka,Mahmudullah,Anamul Haque,NLTC Perera,4,0,,,,,,,,,
656433,2014/15,2015-02-26,Melbourne Cricket Ground,2,14.4,Bangladesh,Sri Lanka,Mahmudullah,Anamul Haque,NLTC Perera,1,0,,,,,,,,,
656433,2014/15,2015-02-26,Melbourne Cricket Ground,2,14.5,Bangladesh,Sri Lanka,Anamul Haque,Mahmudullah,NLTC Perera,1,0,,,,,,,,,
656433,2014/15,2015-02-26,Melbourne Cricket Ground,2,14.6,Bangladesh,Sri Lanka,Mahmudullah,Anamul Haque,NLTC Perera,1,0,,,,,,,,,
656433,2014/15,2015-02-26,Melbourne Cricket Ground,2,15.1,Bangladesh,Sri Lanka,Mahmudullah,Anamul Haque,HMRKB Herath,0,0,,,,,,run out,Anamul Haque,,
656433,2014/15,2015-02-26,Melbourne Cricket Ground,2,15.2,Bangladesh,Sri Lanka,Mahmudullah,Shakib Al Hasan,HMRKB Herath,0,0,,,,,,,,,
656433,2014/15,2015-02-26,Melbourne Cricket Ground,2,15.3,Bangladesh,Sri Lanka,Mahmudullah,Shakib Al Hasan,HMRKB Herath,1,0,,,,,,,,,
656433,2014/15,2015-02-26,Melbourne Cricket Ground,2,15.4,Bangladesh,Sri Lanka,Shakib Al Hasan,Mahmudullah,HMRKB Herath,0,0,,,,,,,,,
656433,2014/15,2015-02-26,Melbourne Cricket Ground,2,15.5,Bangladesh,Sri Lanka,Shakib Al Hasan,Mahmudullah,HMRKB Herath,1,0,,,,,,,,,
656433,2014/15,2015-02-26,Melbourne Cricket Ground,2,15.6,Bangladesh,Sri Lanka,Mahmudullah,Shakib Al Hasan,HMRKB Herath,0,0,,,,,,,,,
656433,2014/15,2015-02-26,Melbourne Cricket Ground,2,16.1,Bangladesh,Sri Lanka,Shakib Al Hasan,Mahmudullah,NLTC Perera,0,0,,,,,,,,,
656433,2014/15,2015-02-26,Melbourne Cricket Ground,2,16.2,Bangladesh,Sri Lanka,Shakib Al Hasan,Mahmudullah,NLTC Perera,1,0,,,,,,,,,
656433,2014/15,2015-02-26,Melbourne Cricket Ground,2,16.3,Bangladesh,Sri Lanka,Mahmudullah,Shakib Al Hasan,NLTC Perera,0,0,,,,,,,,,
656433,2014/15,2015-02-26,Melbourne Cricket Ground,2,16.4,Bangladesh,Sri Lanka,Mahmudullah,Shakib Al Hasan,NLTC Perera,1,0,,,,,,,,,
656433,2014/15,2015-02-26,Melbourne Cricket Ground,2,16.5,Bangladesh,Sri Lanka,Shakib Al Hasan,Mahmudullah,NLTC Perera,1,0,,,,,,,,,
656433,2014/15,2015-02-26,Melbourne Cricket Ground,2,16.6,Bangladesh,Sri Lanka,Mahmudullah,Shakib Al Hasan,NLTC Perera,0,0,,,,,,,,,
656433,2014/15,2015-02-26,Melbourne Cricket Ground,2,17.1,Bangladesh,Sri Lanka,Shakib Al Hasan,Mahmudullah,HMRKB Herath,0,0,,,,,,,,,
656433,2014/15,2015-02-26,Melbourne Cricket Ground,2,17.2,Bangladesh,Sri Lanka,Shakib Al Hasan,Mahmudullah,HMRKB Herath,0,0,,,,,,,,,
656433,2014/15,2015-02-26,Melbourne Cricket Ground,2,17.3,Bangladesh,Sri Lanka,Shakib Al Hasan,Mahmudullah,HMRKB Herath,0,0,,,,,,,,,
656433,2014/15,2015-02-26,Melbourne Cricket Ground,2,17.4,Bangladesh,Sri Lanka,Shakib Al Hasan,Mahmudullah,HMRKB Herath,1,0,,,,,,,,,
656433,2014/15,2015-02-26,Melbourne Cricket Ground,2,17.5,Bangladesh,Sri Lanka,Mahmudullah,Shakib Al Hasan,HMRKB Herath,0,0,,,,,,,,,
656433,2014/15,2015-02-26,Melbourne Cricket Ground,2,17.6,Bangladesh,Sri Lanka,Mahmudullah,Shakib Al Hasan,HMRKB Herath,0,0,,,,,,,,,
656433,2014/15,2015-02-26,Melbourne Cricket Ground,2,18.1,Bangladesh,Sri Lanka,Shakib Al Hasan,Mahmudullah,NLTC Perera,0,0,,,,,,,,,
656433,2014/15,2015-02-26,Melbourne Cricket Ground,2,18.2,Bangladesh,Sri Lanka,Shakib Al Hasan,Mahmudullah,NLTC Perera,0,0,,,,,,,,,
656433,2014/15,2015-02-26,Melbourne Cricket Ground,2,18.3,Bangladesh,Sri Lanka,Shakib Al Hasan,Mahmudullah,NLTC Perera,1,0,,,,,,,,,
656433,2014/15,2015-02-26,Melbourne Cricket Ground,2,18.4,Bangladesh,Sri Lanka,Mahmudullah,Shakib Al Hasan,NLTC Perera,0,0,,,,,,,,,
656433,2014/15,2015-02-26,Melbourne Cricket Ground,2,18.5,Bangladesh,Sri Lanka,Mahmudullah,Shakib Al Hasan,NLTC Perera,1,0,,,,,,,,,
656433,2014/15,2015-02-26,Melbourne Cricket Ground,2,18.6,Bangladesh,Sri Lanka,Shakib Al Hasan,Mahmudullah,NLTC Perera,0,0,,,,,,,,,
656433,2014/15,2015-02-26,Melbourne Cricket Ground,2,19.1,Bangladesh,Sri Lanka,Mahmudullah,Shakib Al Hasan,HMRKB Herath,0,0,,,,,,,,,
656433,2014/15,2015-02-26,Melbourne Cricket Ground,2,19.2,Bangladesh,Sri Lanka,Mahmudullah,Shakib Al Hasan,HMRKB Herath,1,0,,,,,,,,,
656433,2014/15,2015-02-26,Melbourne Cricket Ground,2,19.3,Bangladesh,Sri Lanka,Shakib Al Hasan,Mahmudullah,HMRKB Herath,0,0,,,,,,,,,
656433,2014/15,2015-02-26,Melbourne Cricket Ground,2,19.4,Bangladesh,Sri Lanka,Shakib Al Hasan,Mahmudullah,HMRKB Herath,1,0,,,,,,,,,
656433,2014/15,2015-02-26,Melbourne Cricket Ground,2,19.5,Bangladesh,Sri Lanka,Mahmudullah,Shakib Al Hasan,HMRKB Herath,0,0,,,,,,,,,
656433,2014/15,2015-02-26,Melbourne Cricket Ground,2,19.6,Bangladesh,Sri Lanka,Mahmudullah,Shakib Al Hasan,HMRKB Herath,1,0,,,,,,,,,
656433,2014/15,2015-02-26,Melbourne Cricket Ground,2,20.1,Bangladesh,Sri Lanka,Mahmudullah,Shakib Al Hasan,NLTC Perera,4,0,,,,,,,,,
656433,2014/15,2015-02-26,Melbourne Cricket Ground,2,20.2,Bangladesh,Sri Lanka,Mahmudullah,Shakib Al Hasan,NLTC Perera,0,1,1,,,,,,,,
656433,2014/15,2015-02-26,Melbourne Cricket Ground,2,20.3,Bangladesh,Sri Lanka,Mahmudullah,Shakib Al Hasan,NLTC Perera,0,0,,,,,,,,,
656433,2014/15,2015-02-26,Melbourne Cricket Ground,2,20.4,Bangladesh,Sri Lanka,Mahmudullah,Shakib Al Hasan,NLTC Perera,0,0,,,,,,,,,
656433,2014/15,2015-02-26,Melbourne Cricket Ground,2,20.5,Bangladesh,Sri Lanka,Mahmudullah,Shakib Al Hasan,NLTC Perera,0,0,,,,,,caught,Mahmudullah,,
656433,2014/15,2015-02-26,Melbourne Cricket Ground,2,20.6,Bangladesh,Sri Lanka,Shakib Al Hasan,Mushfiqur Rahim,NLTC Perera,0,0,,,,,,,,,
656433,2014/15,2015-02-26,Melbourne Cricket Ground,2,20.7,Bangladesh,Sri Lanka,Shakib Al Hasan,Mushfiqur Rahim,NLTC Perera,0,0,,,,,,,,,
656433,2014/15,2015-02-26,Melbourne Cricket Ground,2,21.1,Bangladesh,Sri Lanka,Mushfiqur Rahim,Shakib Al Hasan,HMRKB Herath,0,0,,,,,,,,,
656433,2014/15,2015-02-26,Melbourne Cricket Ground,2,21.2,Bangladesh,Sri Lanka,Mushfiqur Rahim,Shakib Al Hasan,HMRKB Herath,1,0,,,,,,,,,
656433,2014/15,2015-02-26,Melbourne Cricket Ground,2,21.3,Bangladesh,Sri Lanka,Shakib Al Hasan,Mushfiqur Rahim,HMRKB Herath,1,0,,,,,,,,,
656433,2014/15,2015-02-26,Melbourne Cricket Ground,2,21.4,Bangladesh,Sri Lanka,Mushfiqur Rahim,Shakib Al Hasan,HMRKB Herath,0,0,,,,,,,,,
656433,2014/15,2015-02-26,Melbourne Cricket Ground,2,21.5,Bangladesh,Sri Lanka,Mushfiqur Rahim,Shakib Al Hasan,HMRKB Herath,2,0,,,,,,,,,
656433,2014/15,2015-02-26,Melbourne Cricket Ground,2,21.6,Bangladesh,Sri Lanka,Mushfiqur Rahim,Shakib Al Hasan,HMRKB Herath,1,0,,,,,,,,,
656433,2014/15,2015-02-26,Melbourne Cricket Ground,2,22.1,Bangladesh,Sri Lanka,Mushfiqur Rahim,Shakib Al Hasan,NLTC Perera,0,0,,,,,,,,,
656433,2014/15,2015-02-26,Melbourne Cricket Ground,2,22.2,Bangladesh,Sri Lanka,Mushfiqur Rahim,Shakib Al Hasan,NLTC Perera,1,0,,,,,,,,,
656433,2014/15,2015-02-26,Melbourne Cricket Ground,2,22.3,Bangladesh,Sri Lanka,Shakib Al Hasan,Mushfiqur Rahim,NLTC Perera,2,0,,,,,,,,,
656433,2014/15,2015-02-26,Melbourne Cricket Ground,2,22.4,Bangladesh,Sri Lanka,Shakib Al Hasan,Mushfiqur Rahim,NLTC Perera,0,0,,,,,,,,,
656433,2014/15,2015-02-26,Melbourne Cricket Ground,2,22.5,Bangladesh,Sri Lanka,Shakib Al Hasan,Mushfiqur Rahim,NLTC Perera,0,0,,,,,,,,,
656433,2014/15,2015-02-26,Melbourne Cricket Ground,2,22.6,Bangladesh,Sri Lanka,Shakib Al Hasan,Mushfiqur Rahim,NLTC Perera,2,0,,,,,,,,,
656433,2014/15,2015-02-26,Melbourne Cricket Ground,2,23.1,Bangladesh,Sri Lanka,Mushfiqur Rahim,Shakib Al Hasan,TM Dilshan,1,0,,,,,,,,,
656433,2014/15,2015-02-26,Melbourne Cricket Ground,2,23.2,Bangladesh,Sri Lanka,Shakib Al Hasan,Mushfiqur Rahim,TM Dilshan,0,0,,,,,,,,,
656433,2014/15,2015-02-26,Melbourne Cricket Ground,2,23.3,Bangladesh,Sri Lanka,Shakib Al Hasan,Mushfiqur Rahim,TM Dilshan,2,0,,,,,,,,,
656433,2014/15,2015-02-26,Melbourne Cricket Ground,2,23.4,Bangladesh,Sri Lanka,Shakib Al Hasan,Mushfiqur Rahim,TM Dilshan,0,0,,,,,,,,,
656433,2014/15,2015-02-26,Melbourne Cricket Ground,2,23.5,Bangladesh,Sri Lanka,Shakib Al Hasan,Mushfiqur Rahim,TM Dilshan,0,0,,,,,,,,,
656433,2014/15,2015-02-26,Melbourne Cricket Ground,2,23.6,Bangladesh,Sri Lanka,Shakib Al Hasan,Mushfiqur Rahim,TM Dilshan,0,0,,,,,,,,,
656433,2014/15,2015-02-26,Melbourne Cricket Ground,2,24.1,Bangladesh,Sri Lanka,Mushfiqur Rahim,Shakib Al Hasan,SL Malinga,0,0,,,,,,,,,
656433,2014/15,2015-02-26,Melbourne Cricket Ground,2,24.2,Bangladesh,Sri Lanka,Mushfiqur Rahim,Shakib Al Hasan,SL Malinga,0,0,,,,,,,,,
656433,2014/15,2015-02-26,Melbourne Cricket Ground,2,24.3,Bangladesh,Sri Lanka,Mushfiqur Rahim,Shakib Al Hasan,SL Malinga,1,0,,,,,,,,,
656433,2014/15,2015-02-26,Melbourne Cricket Ground,2,24.4,Bangladesh,Sri Lanka,Shakib Al Hasan,Mushfiqur Rahim,SL Malinga,0,0,,,,,,,,,
656433,2014/15,2015-02-26,Melbourne Cricket Ground,2,24.5,Bangladesh,Sri Lanka,Shakib Al Hasan,Mushfiqur Rahim,SL Malinga,0,0,,,,,,,,,
656433,2014/15,2015-02-26,Melbourne Cricket Ground,2,24.6,Bangladesh,Sri Lanka,Shakib Al Hasan,Mushfiqur Rahim,SL Malinga,1,0,,,,,,,,,
656433,2014/15,2015-02-26,Melbourne Cricket Ground,2,25.1,Bangladesh,Sri Lanka,Shakib Al Hasan,Mushfiqur Rahim,TM Dilshan,1,0,,,,,,,,,
656433,2014/15,2015-02-26,Melbourne Cricket Ground,2,25.2,Bangladesh,Sri Lanka,Mushfiqur Rahim,Shakib Al Hasan,TM Dilshan,0,0,,,,,,,,,
656433,2014/15,2015-02-26,Melbourne Cricket Ground,2,25.3,Bangladesh,Sri Lanka,Mushfiqur Rahim,Shakib Al Hasan,TM Dilshan,1,0,,,,,,,,,
656433,2014/15,2015-02-26,Melbourne Cricket Ground,2,25.4,Bangladesh,Sri Lanka,Shakib Al Hasan,Mushfiqur Rahim,TM Dilshan,0,0,,,,,,,,,
656433,2014/15,2015-02-26,Melbourne Cricket Ground,2,25.5,Bangladesh,Sri Lanka,Shakib Al Hasan,Mushfiqur Rahim,TM Dilshan,0,0,,,,,,,,,
656433,2014/15,2015-02-26,Melbourne Cricket Ground,2,25.6,Bangladesh,Sri Lanka,Shakib Al Hasan,Mushfiqur Rahim,TM Dilshan,1,0,,,,,,,,,
656433,2014/15,2015-02-26,Melbourne Cricket Ground,2,26.1,Bangladesh,Sri Lanka,Shakib Al Hasan,Mushfiqur Rahim,SL Malinga,0,0,,,,,,,,,
656433,2014/15,2015-02-26,Melbourne Cricket Ground,2,26.2,Bangladesh,Sri Lanka,Shakib Al Hasan,Mushfiqur Rahim,SL Malinga,0,0,,,,,,,,,
656433,2014/15,2015-02-26,Melbourne Cricket Ground,2,26.3,Bangladesh,Sri Lanka,Shakib Al Hasan,Mushfiqur Rahim,SL Malinga,0,0,,,,,,,,,
656433,2014/15,2015-02-26,Melbourne Cricket Ground,2,26.4,Bangladesh,Sri Lanka,Shakib Al Hasan,Mushfiqur Rahim,SL Malinga,0,0,,,,,,,,,
656433,2014/15,2015-02-26,Melbourne Cricket Ground,2,26.5,Bangladesh,Sri Lanka,Shakib Al Hasan,Mushfiqur Rahim,SL Malinga,1,0,,,,,,,,,
656433,2014/15,2015-02-26,Melbourne Cricket Ground,2,26.6,Bangladesh,Sri Lanka,Mushfiqur Rahim,Shakib Al Hasan,SL Malinga,1,0,,,,,,,,,
656433,2014/15,2015-02-26,Melbourne Cricket Ground,2,27.1,Bangladesh,Sri Lanka,Mushfiqur Rahim,Shakib Al Hasan,TM Dilshan,0,0,,,,,,,,,
656433,2014/15,2015-02-26,Melbourne Cricket Ground,2,27.2,Bangladesh,Sri Lanka,Mushfiqur Rahim,Shakib Al Hasan,TM Dilshan,0,0,,,,,,,,,
656433,2014/15,2015-02-26,Melbourne Cricket Ground,2,27.3,Bangladesh,Sri Lanka,Mushfiqur Rahim,Shakib Al Hasan,TM Dilshan,1,0,,,,,,,,,
656433,2014/15,2015-02-26,Melbourne Cricket Ground,2,27.4,Bangladesh,Sri Lanka,Shakib Al Hasan,Mushfiqur Rahim,TM Dilshan,0,0,,,,,,,,,
656433,2014/15,2015-02-26,Melbourne Cricket Ground,2,27.5,Bangladesh,Sri Lanka,Shakib Al Hasan,Mushfiqur Rahim,TM Dilshan,0,0,,,,,,,,,
656433,2014/15,2015-02-26,Melbourne Cricket Ground,2,27.6,Bangladesh,Sri Lanka,Shakib Al Hasan,Mushfiqur Rahim,TM Dilshan,1,0,,,,,,,,,
656433,2014/15,2015-02-26,Melbourne Cricket Ground,2,28.1,Bangladesh,Sri Lanka,Shakib Al Hasan,Mushfiqur Rahim,HMRKB Herath,0,0,,,,,,,,,
656433,2014/15,2015-02-26,Melbourne Cricket Ground,2,28.2,Bangladesh,Sri Lanka,Shakib Al Hasan,Mushfiqur Rahim,HMRKB Herath,6,0,,,,,,,,,
656433,2014/15,2015-02-26,Melbourne Cricket Ground,2,28.3,Bangladesh,Sri Lanka,Shakib Al Hasan,Mushfiqur Rahim,HMRKB Herath,0,0,,,,,,,,,
656433,2014/15,2015-02-26,Melbourne Cricket Ground,2,28.4,Bangladesh,Sri Lanka,Shakib Al Hasan,Mushfiqur Rahim,HMRKB Herath,2,0,,,,,,,,,
656433,2014/15,2015-02-26,Melbourne Cricket Ground,2,28.5,Bangladesh,Sri Lanka,Shakib Al Hasan,Mushfiqur Rahim,HMRKB Herath,4,0,,,,,,,,,
656433,2014/15,2015-02-26,Melbourne Cricket Ground,2,28.6,Bangladesh,Sri Lanka,Shakib Al Hasan,Mushfiqur Rahim,HMRKB Herath,4,0,,,,,,,,,
656433,2014/15,2015-02-26,Melbourne Cricket Ground,2,29.1,Bangladesh,Sri Lanka,Mushfiqur Rahim,Shakib Al Hasan,TM Dilshan,0,1,1,,,,,,,,
656433,2014/15,2015-02-26,Melbourne Cricket Ground,2,29.2,Bangladesh,Sri Lanka,Mushfiqur Rahim,Shakib Al Hasan,TM Dilshan,0,0,,,,,,,,,
656433,2014/15,2015-02-26,Melbourne Cricket Ground,2,29.3,Bangladesh,Sri Lanka,Mushfiqur Rahim,Shakib Al Hasan,TM Dilshan,1,0,,,,,,,,,
656433,2014/15,2015-02-26,Melbourne Cricket Ground,2,29.4,Bangladesh,Sri Lanka,Shakib Al Hasan,Mushfiqur Rahim,TM Dilshan,0,0,,,,,,,,,
656433,2014/15,2015-02-26,Melbourne Cricket Ground,2,29.5,Bangladesh,Sri Lanka,Shakib Al Hasan,Mushfiqur Rahim,TM Dilshan,0,0,,,,,,,,,
656433,2014/15,2015-02-26,Melbourne Cricket Ground,2,29.6,Bangladesh,Sri Lanka,Shakib Al Hasan,Mushfiqur Rahim,TM Dilshan,1,0,,,,,,,,,
656433,2014/15,2015-02-26,Melbourne Cricket Ground,2,29.7,Bangladesh,Sri Lanka,Mushfiqur Rahim,Shakib Al Hasan,TM Dilshan,4,0,,,,,,,,,
656433,2014/15,2015-02-26,Melbourne Cricket Ground,2,30.1,Bangladesh,Sri Lanka,Shakib Al Hasan,Mushfiqur Rahim,AD Mathews,4,0,,,,,,,,,
656433,2014/15,2015-02-26,Melbourne Cricket Ground,2,30.2,Bangladesh,Sri Lanka,Shakib Al Hasan,Mushfiqur Rahim,AD Mathews,4,0,,,,,,,,,
656433,2014/15,2015-02-26,Melbourne Cricket Ground,2,30.3,Bangladesh,Sri Lanka,Shakib Al Hasan,Mushfiqur Rahim,AD Mathews,2,0,,,,,,,,,
656433,2014/15,2015-02-26,Melbourne Cricket Ground,2,30.4,Bangladesh,Sri Lanka,Shakib Al Hasan,Mushfiqur Rahim,AD Mathews,0,0,,,,,,,,,
656433,2014/15,2015-02-26,Melbourne Cricket Ground,2,30.5,Bangladesh,Sri Lanka,Shakib Al Hasan,Mushfiqur Rahim,AD Mathews,1,0,,,,,,,,,
656433,2014/15,2015-02-26,Melbourne Cricket Ground,2,30.6,Bangladesh,Sri Lanka,Mushfiqur Rahim,Shakib Al Hasan,AD Mathews,1,0,,,,,,,,,
656433,2014/15,2015-02-26,Melbourne Cricket Ground,2,31.1,Bangladesh,Sri Lanka,Mushfiqur Rahim,Shakib Al Hasan,TM Dilshan,6,0,,,,,,,,,
656433,2014/15,2015-02-26,Melbourne Cricket Ground,2,31.2,Bangladesh,Sri Lanka,Mushfiqur Rahim,Shakib Al Hasan,TM Dilshan,1,0,,,,,,,,,
656433,2014/15,2015-02-26,Melbourne Cricket Ground,2,31.3,Bangladesh,Sri Lanka,Shakib Al Hasan,Mushfiqur Rahim,TM Dilshan,0,0,,,,,,,,,
656433,2014/15,2015-02-26,Melbourne Cricket Ground,2,31.4,Bangladesh,Sri Lanka,Shakib Al Hasan,Mushfiqur Rahim,TM Dilshan,0,0,,,,,,,,,
656433,2014/15,2015-02-26,Melbourne Cricket Ground,2,31.5,Bangladesh,Sri Lanka,Shakib Al Hasan,Mushfiqur Rahim,TM Dilshan,0,0,,,,,,caught,Shakib Al Hasan,,
656433,2014/15,2015-02-26,Melbourne Cricket Ground,2,31.6,Bangladesh,Sri Lanka,Sabbir Rahman,Mushfiqur Rahim,TM Dilshan,1,0,,,,,,,,,
656433,2014/15,2015-02-26,Melbourne Cricket Ground,2,32.1,Bangladesh,Sri Lanka,Sabbir Rahman,Mushfiqur Rahim,HMRKB Herath,0,0,,,,,,,,,
656433,2014/15,2015-02-26,Melbourne Cricket Ground,2,32.2,Bangladesh,Sri Lanka,Sabbir Rahman,Mushfiqur Rahim,HMRKB Herath,0,0,,,,,,,,,
656433,2014/15,2015-02-26,Melbourne Cricket Ground,2,32.3,Bangladesh,Sri Lanka,Sabbir Rahman,Mushfiqur Rahim,HMRKB Herath,0,0,,,,,,,,,
656433,2014/15,2015-02-26,Melbourne Cricket Ground,2,32.4,Bangladesh,Sri Lanka,Sabbir Rahman,Mushfiqur Rahim,HMRKB Herath,2,0,,,,,,,,,
656433,2014/15,2015-02-26,Melbourne Cricket Ground,2,32.5,Bangladesh,Sri Lanka,Sabbir Rahman,Mushfiqur Rahim,HMRKB Herath,0,0,,,,,,,,,
656433,2014/15,2015-02-26,Melbourne Cricket Ground,2,32.6,Bangladesh,Sri Lanka,Sabbir Rahman,Mushfiqur Rahim,HMRKB Herath,4,0,,,,,,,,,
656433,2014/15,2015-02-26,Melbourne Cricket Ground,2,33.1,Bangladesh,Sri Lanka,Mushfiqur Rahim,Sabbir Rahman,TM Dilshan,0,0,,,,,,,,,
656433,2014/15,2015-02-26,Melbourne Cricket Ground,2,33.2,Bangladesh,Sri Lanka,Mushfiqur Rahim,Sabbir Rahman,TM Dilshan,1,0,,,,,,,,,
656433,2014/15,2015-02-26,Melbourne Cricket Ground,2,33.3,Bangladesh,Sri Lanka,Sabbir Rahman,Mushfiqur Rahim,TM Dilshan,0,0,,,,,,,,,
656433,2014/15,2015-02-26,Melbourne Cricket Ground,2,33.4,Bangladesh,Sri Lanka,Sabbir Rahman,Mushfiqur Rahim,TM Dilshan,1,0,,,,,,,,,
656433,2014/15,2015-02-26,Melbourne Cricket Ground,2,33.5,Bangladesh,Sri Lanka,Mushfiqur Rahim,Sabbir Rahman,TM Dilshan,0,1,1,,,,,,,,
656433,2014/15,2015-02-26,Melbourne Cricket Ground,2,33.6,Bangladesh,Sri Lanka,Mushfiqur Rahim,Sabbir Rahman,TM Dilshan,1,0,,,,,,,,,
656433,2014/15,2015-02-26,Melbourne Cricket Ground,2,33.7,Bangladesh,Sri Lanka,Sabbir Rahman,Mushfiqur Rahim,TM Dilshan,1,0,,,,,,,,,
656433,2014/15,2015-02-26,Melbourne Cricket Ground,2,34.1,Bangladesh,Sri Lanka,Sabbir Rahman,Mushfiqur Rahim,HMRKB Herath,0,0,,,,,,,,,
656433,2014/15,2015-02-26,Melbourne Cricket Ground,2,34.2,Bangladesh,Sri Lanka,Sabbir Rahman,Mushfiqur Rahim,HMRKB Herath,1,0,,,,,,,,,
656433,2014/15,2015-02-26,Melbourne Cricket Ground,2,34.3,Bangladesh,Sri Lanka,Mushfiqur Rahim,Sabbir Rahman,HMRKB Herath,0,0,,,,,,,,,
656433,2014/15,2015-02-26,Melbourne Cricket Ground,2,34.4,Bangladesh,Sri Lanka,Mushfiqur Rahim,Sabbir Rahman,HMRKB Herath,1,0,,,,,,,,,
656433,2014/15,2015-02-26,Melbourne Cricket Ground,2,34.5,Bangladesh,Sri Lanka,Sabbir Rahman,Mushfiqur Rahim,HMRKB Herath,0,0,,,,,,,,,
656433,2014/15,2015-02-26,Melbourne Cricket Ground,2,34.6,Bangladesh,Sri Lanka,Sabbir Rahman,Mushfiqur Rahim,HMRKB Herath,4,0,,,,,,,,,
656433,2014/15,2015-02-26,Melbourne Cricket Ground,2,35.1,Bangladesh,Sri Lanka,Mushfiqur Rahim,Sabbir Rahman,SL Malinga,1,0,,,,,,,,,
656433,2014/15,2015-02-26,Melbourne Cricket Ground,2,35.2,Bangladesh,Sri Lanka,Sabbir Rahman,Mushfiqur Rahim,SL Malinga,0,0,,,,,,,,,
656433,2014/15,2015-02-26,Melbourne Cricket Ground,2,35.3,Bangladesh,Sri Lanka,Sabbir Rahman,Mushfiqur Rahim,SL Malinga,1,0,,,,,,,,,
656433,2014/15,2015-02-26,Melbourne Cricket Ground,2,35.4,Bangladesh,Sri Lanka,Mushfiqur Rahim,Sabbir Rahman,SL Malinga,1,0,,,,,,,,,
656433,2014/15,2015-02-26,Melbourne Cricket Ground,2,35.5,Bangladesh,Sri Lanka,Sabbir Rahman,Mushfiqur Rahim,SL Malinga,0,0,,,,,,,,,
656433,2014/15,2015-02-26,Melbourne Cricket Ground,2,35.6,Bangladesh,Sri Lanka,Sabbir Rahman,Mushfiqur Rahim,SL Malinga,1,0,,,,,,,,,
656433,2014/15,2015-02-26,Melbourne Cricket Ground,2,36.1,Bangladesh,Sri Lanka,Sabbir Rahman,Mushfiqur Rahim,RAS Lakmal,0,0,,,,,,,,,
656433,2014/15,2015-02-26,Melbourne Cricket Ground,2,36.2,Bangladesh,Sri Lanka,Sabbir Rahman,Mushfiqur Rahim,RAS Lakmal,1,0,,,,,,,,,
656433,2014/15,2015-02-26,Melbourne Cricket Ground,2,36.3,Bangladesh,Sri Lanka,Mushfiqur Rahim,Sabbir Rahman,RAS Lakmal,0,0,,,,,,,,,
656433,2014/15,2015-02-26,Melbourne Cricket Ground,2,36.4,Bangladesh,Sri Lanka,Mushfiqur Rahim,Sabbir Rahman,RAS Lakmal,1,0,,,,,,,,,
656433,2014/15,2015-02-26,Melbourne Cricket Ground,2,36.5,Bangladesh,Sri Lanka,Sabbir Rahman,Mushfiqur Rahim,RAS Lakmal,2,0,,,,,,,,,
656433,2014/15,2015-02-26,Melbourne Cricket Ground,2,36.6,Bangladesh,Sri Lanka,Sabbir Rahman,Mushfiqur Rahim,RAS Lakmal,0,1,1,,,,,,,,
656433,2014/15,2015-02-26,Melbourne Cricket Ground,2,36.7,Bangladesh,Sri Lanka,Sabbir Rahman,Mushfiqur Rahim,RAS Lakmal,2,0,,,,,,,,,
656433,2014/15,2015-02-26,Melbourne Cricket Ground,2,37.1,Bangladesh,Sri Lanka,Mushfiqur Rahim,Sabbir Rahman,SL Malinga,1,0,,,,,,,,,
656433,2014/15,2015-02-26,Melbourne Cricket Ground,2,37.2,Bangladesh,Sri Lanka,Sabbir Rahman,Mushfiqur Rahim,SL Malinga,0,0,,,,,,,,,
656433,2014/15,2015-02-26,Melbourne Cricket Ground,2,37.3,Bangladesh,Sri Lanka,Sabbir Rahman,Mushfiqur Rahim,SL Malinga,0,0,,,,,,,,,
656433,2014/15,2015-02-26,Melbourne Cricket Ground,2,37.4,Bangladesh,Sri Lanka,Sabbir Rahman,Mushfiqur Rahim,SL Malinga,2,0,,,,,,,,,
656433,2014/15,2015-02-26,Melbourne Cricket Ground,2,37.5,Bangladesh,Sri Lanka,Sabbir Rahman,Mushfiqur Rahim,SL Malinga,0,0,,,,,,,,,
656433,2014/15,2015-02-26,Melbourne Cricket Ground,2,37.6,Bangladesh,Sri Lanka,Sabbir Rahman,Mushfiqur Rahim,SL Malinga,1,0,,,,,,,,,
656433,2014/15,2015-02-26,Melbourne Cricket Ground,2,38.1,Bangladesh,Sri Lanka,Sabbir Rahman,Mushfiqur Rahim,RAS Lakmal,0,0,,,,,,,,,
656433,2014/15,2015-02-26,Melbourne Cricket Ground,2,38.2,Bangladesh,Sri Lanka,Sabbir Rahman,Mushfiqur Rahim,RAS Lakmal,1,0,,,,,,,,,
656433,2014/15,2015-02-26,Melbourne Cricket Ground,2,38.3,Bangladesh,Sri Lanka,Mushfiqur Rahim,Sabbir Rahman,RAS Lakmal,1,0,,,,,,,,,
656433,2014/15,2015-02-26,Melbourne Cricket Ground,2,38.4,Bangladesh,Sri Lanka,Sabbir Rahman,Mushfiqur Rahim,RAS Lakmal,0,0,,,,,,,,,
656433,2014/15,2015-02-26,Melbourne Cricket Ground,2,38.5,Bangladesh,Sri Lanka,Sabbir Rahman,Mushfiqur Rahim,RAS Lakmal,0,0,,,,,,,,,
656433,2014/15,2015-02-26,Melbourne Cricket Ground,2,38.6,Bangladesh,Sri Lanka,Sabbir Rahman,Mushfiqur Rahim,RAS Lakmal,0,0,,,,,,,,,
656433,2014/15,2015-02-26,Melbourne Cricket Ground,2,39.1,Bangladesh,Sri Lanka,Mushfiqur Rahim,Sabbir Rahman,SL Malinga,0,0,,,,,,,,,
656433,2014/15,2015-02-26,Melbourne Cricket Ground,2,39.2,Bangladesh,Sri Lanka,Mushfiqur Rahim,Sabbir Rahman,SL Malinga,0,0,,,,,,,,,
656433,2014/15,2015-02-26,Melbourne Cricket Ground,2,39.3,Bangladesh,Sri Lanka,Mushfiqur Rahim,Sabbir Rahman,SL Malinga,1,0,,,,,,,,,
656433,2014/15,2015-02-26,Melbourne Cricket Ground,2,39.4,Bangladesh,Sri Lanka,Sabbir Rahman,Mushfiqur Rahim,SL Malinga,0,0,,,,,,,,,
656433,2014/15,2015-02-26,Melbourne Cricket Ground,2,39.5,Bangladesh,Sri Lanka,Sabbir Rahman,Mushfiqur Rahim,SL Malinga,4,0,,,,,,,,,
656433,2014/15,2015-02-26,Melbourne Cricket Ground,2,39.6,Bangladesh,Sri Lanka,Sabbir Rahman,Mushfiqur Rahim,SL Malinga,0,0,,,,,,,,,
656433,2014/15,2015-02-26,Melbourne Cricket Ground,2,40.1,Bangladesh,Sri Lanka,Mushfiqur Rahim,Sabbir Rahman,RAS Lakmal,4,0,,,,,,,,,
656433,2014/15,2015-02-26,Melbourne Cricket Ground,2,40.2,Bangladesh,Sri Lanka,Mushfiqur Rahim,Sabbir Rahman,RAS Lakmal,0,0,,,,,,bowled,Mushfiqur Rahim,,
656433,2014/15,2015-02-26,Melbourne Cricket Ground,2,40.3,Bangladesh,Sri Lanka,Mashrafe Mortaza,Sabbir Rahman,RAS Lakmal,1,0,,,,,,,,,
656433,2014/15,2015-02-26,Melbourne Cricket Ground,2,40.4,Bangladesh,Sri Lanka,Sabbir Rahman,Mashrafe Mortaza,RAS Lakmal,4,0,,,,,,,,,
656433,2014/15,2015-02-26,Melbourne Cricket Ground,2,40.5,Bangladesh,Sri Lanka,Sabbir Rahman,Mashrafe Mortaza,RAS Lakmal,2,0,,,,,,,,,
656433,2014/15,2015-02-26,Melbourne Cricket Ground,2,40.6,Bangladesh,Sri Lanka,Sabbir Rahman,Mashrafe Mortaza,RAS Lakmal,0,0,,,,,,,,,
656433,2014/15,2015-02-26,Melbourne Cricket Ground,2,41.1,Bangladesh,Sri Lanka,Mashrafe Mortaza,Sabbir Rahman,HMRKB Herath,1,0,,,,,,,,,
656433,2014/15,2015-02-26,Melbourne Cricket Ground,2,41.2,Bangladesh,Sri Lanka,Sabbir Rahman,Mashrafe Mortaza,HMRKB Herath,0,0,,,,,,,,,
656433,2014/15,2015-02-26,Melbourne Cricket Ground,2,41.3,Bangladesh,Sri Lanka,Sabbir Rahman,Mashrafe Mortaza,HMRKB Herath,0,0,,,,,,,,,
656433,2014/15,2015-02-26,Melbourne Cricket Ground,2,41.4,Bangladesh,Sri Lanka,Sabbir Rahman,Mashrafe Mortaza,HMRKB Herath,0,0,,,,,,,,,
656433,2014/15,2015-02-26,Melbourne Cricket Ground,2,41.5,Bangladesh,Sri Lanka,Sabbir Rahman,Mashrafe Mortaza,HMRKB Herath,0,0,,,,,,,,,
656433,2014/15,2015-02-26,Melbourne Cricket Ground,2,41.6,Bangladesh,Sri Lanka,Sabbir Rahman,Mashrafe Mortaza,HMRKB Herath,0,0,,,,,,,,,
656433,2014/15,2015-02-26,Melbourne Cricket Ground,2,42.1,Bangladesh,Sri Lanka,Mashrafe Mortaza,Sabbir Rahman,NLTC Perera,0,0,,,,,,,,,
656433,2014/15,2015-02-26,Melbourne Cricket Ground,2,42.2,Bangladesh,Sri Lanka,Mashrafe Mortaza,Sabbir Rahman,NLTC Perera,4,0,,,,,,,,,
656433,2014/15,2015-02-26,Melbourne Cricket Ground,2,42.3,Bangladesh,Sri Lanka,Mashrafe Mortaza,Sabbir Rahman,AD Mathews,1,0,,,,,,,,,
656433,2014/15,2015-02-26,Melbourne Cricket Ground,2,42.4,Bangladesh,Sri Lanka,Sabbir Rahman,Mashrafe Mortaza,AD Mathews,0,0,,,,,,,,,
656433,2014/15,2015-02-26,Melbourne Cricket Ground,2,42.5,Bangladesh,Sri Lanka,Sabbir Rahman,Mashrafe Mortaza,AD Mathews,1,0,,,,,,,,,
656433,2014/15,2015-02-26,Melbourne Cricket Ground,2,42.6,Bangladesh,Sri Lanka,Mashrafe Mortaza,Sabbir Rahman,AD Mathews,0,0,,,,,,,,,
656433,2014/15,2015-02-26,Melbourne Cricket Ground,2,43.1,Bangladesh,Sri Lanka,Sabbir Rahman,Mashrafe Mortaza,TM Dilshan,4,0,,,,,,,,,
656433,2014/15,2015-02-26,Melbourne Cricket Ground,2,43.2,Bangladesh,Sri Lanka,Sabbir Rahman,Mashrafe Mortaza,TM Dilshan,0,0,,,,,,,,,
656433,2014/15,2015-02-26,Melbourne Cricket Ground,2,43.3,Bangladesh,Sri Lanka,Sabbir Rahman,Mashrafe Mortaza,TM Dilshan,0,0,,,,,,,,,
656433,2014/15,2015-02-26,Melbourne Cricket Ground,2,43.4,Bangladesh,Sri Lanka,Sabbir Rahman,Mashrafe Mortaza,TM Dilshan,1,0,,,,,,,,,
656433,2014/15,2015-02-26,Melbourne Cricket Ground,2,43.5,Bangladesh,Sri Lanka,Mashrafe Mortaza,Sabbir Rahman,TM Dilshan,0,1,1,,,,,,,,
656433,2014/15,2015-02-26,Melbourne Cricket Ground,2,43.6,Bangladesh,Sri Lanka,Mashrafe Mortaza,Sabbir Rahman,TM Dilshan,0,0,,,,,,stumped,Mashrafe Mortaza,,
656433,2014/15,2015-02-26,Melbourne Cricket Ground,2,43.7,Bangladesh,Sri Lanka,Rubel Hossain,Sabbir Rahman,TM Dilshan,0,0,,,,,,,,,
656433,2014/15,2015-02-26,Melbourne Cricket Ground,2,44.1,Bangladesh,Sri Lanka,Sabbir Rahman,Rubel Hossain,AD Mathews,0,0,,,,,,,,,
656433,2014/15,2015-02-26,Melbourne Cricket Ground,2,44.2,Bangladesh,Sri Lanka,Sabbir Rahman,Rubel Hossain,AD Mathews,0,0,,,,,,,,,
656433,2014/15,2015-02-26,Melbourne Cricket Ground,2,44.3,Bangladesh,Sri Lanka,Sabbir Rahman,Rubel Hossain,AD Mathews,0,0,,,,,,,,,
656433,2014/15,2015-02-26,Melbourne Cricket Ground,2,44.4,Bangladesh,Sri Lanka,Sabbir Rahman,Rubel Hossain,AD Mathews,0,0,,,,,,,,,
656433,2014/15,2015-02-26,Melbourne Cricket Ground,2,44.5,Bangladesh,Sri Lanka,Sabbir Rahman,Rubel Hossain,AD Mathews,4,0,,,,,,,,,
656433,2014/15,2015-02-26,Melbourne Cricket Ground,2,44.6,Bangladesh,Sri Lanka,Sabbir Rahman,Rubel Hossain,AD Mathews,1,0,,,,,,,,,
656433,2014/15,2015-02-26,Melbourne Cricket Ground,2,45.1,Bangladesh,Sri Lanka,Sabbir Rahman,Rubel Hossain,TM Dilshan,0,0,,,,,,,,,
656433,2014/15,2015-02-26,Melbourne Cricket Ground,2,45.2,Bangladesh,Sri Lanka,Sabbir Rahman,Rubel Hossain,TM Dilshan,1,0,,,,,,,,,
656433,2014/15,2015-02-26,Melbourne Cricket Ground,2,45.3,Bangladesh,Sri Lanka,Rubel Hossain,Sabbir Rahman,TM Dilshan,0,0,,,,,,,,,
656433,2014/15,2015-02-26,Melbourne Cricket Ground,2,45.4,Bangladesh,Sri Lanka,Rubel Hossain,Sabbir Rahman,TM Dilshan,0,0,,,,,,,,,
656433,2014/15,2015-02-26,Melbourne Cricket Ground,2,45.5,Bangladesh,Sri Lanka,Rubel Hossain,Sabbir Rahman,TM Dilshan,0,0,,,,,,,,,
656433,2014/15,2015-02-26,Melbourne Cricket Ground,2,45.6,Bangladesh,Sri Lanka,Rubel Hossain,Sabbir Rahman,TM Dilshan,0,0,,,,,,,,,
656433,2014/15,2015-02-26,Melbourne Cricket Ground,2,46.1,Bangladesh,Sri Lanka,Sabbir Rahman,Rubel Hossain,SL Malinga,0,0,,,,,,,,,
656433,2014/15,2015-02-26,Melbourne Cricket Ground,2,46.2,Bangladesh,Sri Lanka,Sabbir Rahman,Rubel Hossain,SL Malinga,2,0,,,,,,,,,
656433,2014/15,2015-02-26,Melbourne Cricket Ground,2,46.3,Bangladesh,Sri Lanka,Sabbir Rahman,Rubel Hossain,SL Malinga,4,0,,,,,,,,,
656433,2014/15,2015-02-26,Melbourne Cricket Ground,2,46.4,Bangladesh,Sri Lanka,Sabbir Rahman,Rubel Hossain,SL Malinga,0,0,,,,,,,,,
656433,2014/15,2015-02-26,Melbourne Cricket Ground,2,46.5,Bangladesh,Sri Lanka,Sabbir Rahman,Rubel Hossain,SL Malinga,0,0,,,,,,caught,Sabbir Rahman,,
656433,2014/15,2015-02-26,Melbourne Cricket Ground,2,46.6,Bangladesh,Sri Lanka,Taskin Ahmed,Rubel Hossain,SL Malinga,0,0,,,,,,lbw,Taskin Ahmed,,
