match_id,season,start_date,venue,innings,ball,batting_team,bowling_team,striker,non_striker,bowler,runs_off_bat,extras,wides,noballs,byes,legbyes,penalty,wicket_type,player_dismissed,other_wicket_type,other_player_dismissed
656443,2014/15,2015-03-01,"Brisbane Cricket Ground, Woolloongabba",1,0.1,Pakistan,Zimbabwe,Nasir Jamshed,Ahmed Shehzad,T Panyangara,0,0,,,,,,,,,
656443,2014/15,2015-03-01,"Brisbane Cricket Ground, Woolloongabba",1,0.2,Pakistan,Zimbabwe,Nasir Jamshed,Ahmed Shehzad,T Panyangara,0,0,,,,,,,,,
656443,2014/15,2015-03-01,"Brisbane Cricket Ground, Woolloongabba",1,0.3,Pakistan,Zimbabwe,Nasir Jamshed,Ahmed Shehzad,T Panyangara,1,0,,,,,,,,,
656443,2014/15,2015-03-01,"Brisbane Cricket Ground, Woolloongabba",1,0.4,Pakistan,Zimbabwe,Ahmed Shehzad,Nasir Jamshed,T Panyangara,0,0,,,,,,,,,
656443,2014/15,2015-03-01,"Brisbane Cricket Ground, Woolloongabba",1,0.5,Pakistan,Zimbabwe,Ahmed Shehzad,Nasir Jamshed,T Panyangara,0,0,,,,,,,,,
656443,2014/15,2015-03-01,"Brisbane Cricket Ground, Woolloongabba",1,0.6,Pakistan,Zimbabwe,Ahmed Shehzad,Nasir Jamshed,T Panyangara,0,0,,,,,,,,,
656443,2014/15,2015-03-01,"Brisbane Cricket Ground, Woolloongabba",1,1.1,Pakistan,Zimbabwe,Nasir Jamshed,Ahmed Shehzad,TL Chatara,0,0,,,,,,,,,
656443,2014/15,2015-03-01,"Brisbane Cricket Ground, Woolloongabba",1,1.2,Pakistan,Zimbabwe,Nasir Jamshed,Ahmed Shehzad,TL Chatara,0,0,,,,,,,,,
656443,2014/15,2015-03-01,"Brisbane Cricket Ground, Woolloongabba",1,1.3,Pakistan,Zimbabwe,Nasir Jamshed,Ahmed Shehzad,TL Chatara,0,0,,,,,,,,,
656443,2014/15,2015-03-01,"Brisbane Cricket Ground, Woolloongabba",1,1.4,Pakistan,Zimbabwe,Nasir Jamshed,Ahmed Shehzad,TL Chatara,0,0,,,,,,,,,
656443,2014/15,2015-03-01,"Brisbane Cricket Ground, Woolloongabba",1,1.5,Pakistan,Zimbabwe,Nasir Jamshed,Ahmed Shehzad,TL Chatara,0,0,,,,,,,,,
656443,2014/15,2015-03-01,"Brisbane Cricket Ground, Woolloongabba",1,1.6,Pakistan,Zimbabwe,Nasir Jamshed,Ahmed Shehzad,TL Chatara,0,0,,,,,,caught,Nasir Jamshed,,
656443,2014/15,2015-03-01,"Brisbane Cricket Ground, Woolloongabba",1,2.1,Pakistan,Zimbabwe,Ahmed Shehzad,Haris Sohail,T Panyangara,0,0,,,,,,,,,
656443,2014/15,2015-03-01,"Brisbane Cricket Ground, Woolloongabba",1,2.2,Pakistan,Zimbabwe,Ahmed Shehzad,Haris Sohail,T Panyangara,0,1,1,,,,,,,,
656443,2014/15,2015-03-01,"Brisbane Cricket Ground, Woolloongabba",1,2.3,Pakistan,Zimbabwe,Ahmed Shehzad,Haris Sohail,T Panyangara,0,1,1,,,,,,,,
656443,2014/15,2015-03-01,"Brisbane Cricket Ground, Woolloongabba",1,2.4,Pakistan,Zimbabwe,Ahmed Shehzad,Haris Sohail,T Panyangara,0,0,,,,,,,,,
656443,2014/15,2015-03-01,"Brisbane Cricket Ground, Woolloongabba",1,2.5,Pakistan,Zimbabwe,Ahmed Shehzad,Haris Sohail,T Panyangara,0,0,,,,,,,,,
656443,2014/15,2015-03-01,"Brisbane Cricket Ground, Woolloongabba",1,2.6,Pakistan,Zimbabwe,Ahmed Shehzad,Haris Sohail,T Panyangara,0,0,,,,,,,,,
656443,2014/15,2015-03-01,"Brisbane Cricket Ground, Woolloongabba",1,2.7,Pakistan,Zimbabwe,Ahmed Shehzad,Haris Sohail,T Panyangara,0,0,,,,,,,,,
656443,2014/15,2015-03-01,"Brisbane Cricket Ground, Woolloongabba",1,2.8,Pakistan,Zimbabwe,Ahmed Shehzad,Haris Sohail,T Panyangara,0,0,,,,,,,,,
656443,2014/15,2015-03-01,"Brisbane Cricket Ground, Woolloongabba",1,3.1,Pakistan,Zimbabwe,Haris Sohail,Ahmed Shehzad,TL Chatara,0,0,,,,,,,,,
656443,2014/15,2015-03-01,"Brisbane Cricket Ground, Woolloongabba",1,3.2,Pakistan,Zimbabwe,Haris Sohail,Ahmed Shehzad,TL Chatara,0,0,,,,,,,,,
656443,2014/15,2015-03-01,"Brisbane Cricket Ground, Woolloongabba",1,3.3,Pakistan,Zimbabwe,Haris Sohail,Ahmed Shehzad,TL Chatara,0,1,,,,1,,,,,
656443,2014/15,2015-03-01,"Brisbane Cricket Ground, Woolloongabba",1,3.4,Pakistan,Zimbabwe,Ahmed Shehzad,Haris Sohail,TL Chatara,0,0,,,,,,,,,
656443,2014/15,2015-03-01,"Brisbane Cricket Ground, Woolloongabba",1,3.5,Pakistan,Zimbabwe,Ahmed Shehzad,Haris Sohail,TL Chatara,0,0,,,,,,caught,Ahmed Shehzad,,
656443,2014/15,2015-03-01,"Brisbane Cricket Ground, Woolloongabba",1,3.6,Pakistan,Zimbabwe,Misbah-ul-Haq,Haris Sohail,TL Chatara,0,0,,,,,,,,,
656443,2014/15,2015-03-01,"Brisbane Cricket Ground, Woolloongabba",1,4.1,Pakistan,Zimbabwe,Haris Sohail,Misbah-ul-Haq,T Panyangara,1,0,,,,,,,,,
656443,2014/15,2015-03-01,"Brisbane Cricket Ground, Woolloongabba",1,4.2,Pakistan,Zimbabwe,Misbah-ul-Haq,Haris Sohail,T Panyangara,0,0,,,,,,,,,
656443,2014/15,2015-03-01,"Brisbane Cricket Ground, Woolloongabba",1,4.3,Pakistan,Zimbabwe,Misbah-ul-Haq,Haris Sohail,T Panyangara,0,0,,,,,,,,,
656443,2014/15,2015-03-01,"Brisbane Cricket Ground, Woolloongabba",1,4.4,Pakistan,Zimbabwe,Misbah-ul-Haq,Haris Sohail,T Panyangara,0,0,,,,,,,,,
656443,2014/15,2015-03-01,"Brisbane Cricket Ground, Woolloongabba",1,4.5,Pakistan,Zimbabwe,Misbah-ul-Haq,Haris Sohail,T Panyangara,0,0,,,,,,,,,
656443,2014/15,2015-03-01,"Brisbane Cricket Ground, Woolloongabba",1,4.6,Pakistan,Zimbabwe,Misbah-ul-Haq,Haris Sohail,T Panyangara,0,0,,,,,,,,,
656443,2014/15,2015-03-01,"Brisbane Cricket Ground, Woolloongabba",1,5.1,Pakistan,Zimbabwe,Haris Sohail,Misbah-ul-Haq,TL Chatara,0,0,,,,,,,,,
656443,2014/15,2015-03-01,"Brisbane Cricket Ground, Woolloongabba",1,5.2,Pakistan,Zimbabwe,Haris Sohail,Misbah-ul-Haq,TL Chatara,4,0,,,,,,,,,
656443,2014/15,2015-03-01,"Brisbane Cricket Ground, Woolloongabba",1,5.3,Pakistan,Zimbabwe,Haris Sohail,Misbah-ul-Haq,TL Chatara,0,0,,,,,,,,,
656443,2014/15,2015-03-01,"Brisbane Cricket Ground, Woolloongabba",1,5.4,Pakistan,Zimbabwe,Haris Sohail,Misbah-ul-Haq,TL Chatara,0,0,,,,,,,,,
656443,2014/15,2015-03-01,"Brisbane Cricket Ground, Woolloongabba",1,5.5,Pakistan,Zimbabwe,Haris Sohail,Misbah-ul-Haq,TL Chatara,1,0,,,,,,,,,
656443,2014/15,2015-03-01,"Brisbane Cricket Ground, Woolloongabba",1,5.6,Pakistan,Zimbabwe,Misbah-ul-Haq,Haris Sohail,TL Chatara,0,0,,,,,,,,,
656443,2014/15,2015-03-01,"Brisbane Cricket Ground, Woolloongabba",1,6.1,Pakistan,Zimbabwe,Haris Sohail,Misbah-ul-Haq,T Mupariwa,0,0,,,,,,,,,
656443,2014/15,2015-03-01,"Brisbane Cricket Ground, Woolloongabba",1,6.2,Pakistan,Zimbabwe,Haris Sohail,Misbah-ul-Haq,T Mupariwa,0,0,,,,,,,,,
656443,2014/15,2015-03-01,"Brisbane Cricket Ground, Woolloongabba",1,6.3,Pakistan,Zimbabwe,Haris Sohail,Misbah-ul-Haq,T Mupariwa,0,0,,,,,,,,,
656443,2014/15,2015-03-01,"Brisbane Cricket Ground, Woolloongabba",1,6.4,Pakistan,Zimbabwe,Haris Sohail,Misbah-ul-Haq,T Mupariwa,0,0,,,,,,,,,
656443,2014/15,2015-03-01,"Brisbane Cricket Ground, Woolloongabba",1,6.5,Pakistan,Zimbabwe,Haris Sohail,Misbah-ul-Haq,T Mupariwa,0,0,,,,,,,,,
656443,2014/15,2015-03-01,"Brisbane Cricket Ground, Woolloongabba",1,6.6,Pakistan,Zimbabwe,Haris Sohail,Misbah-ul-Haq,T Mupariwa,0,1,1,,,,,,,,
656443,2014/15,2015-03-01,"Brisbane Cricket Ground, Woolloongabba",1,6.7,Pakistan,Zimbabwe,Haris Sohail,Misbah-ul-Haq,T Mupariwa,0,0,,,,,,,,,
656443,2014/15,2015-03-01,"Brisbane Cricket Ground, Woolloongabba",1,7.1,Pakistan,Zimbabwe,Misbah-ul-Haq,Haris Sohail,TL Chatara,0,0,,,,,,,,,
656443,2014/15,2015-03-01,"Brisbane Cricket Ground, Woolloongabba",1,7.2,Pakistan,Zimbabwe,Misbah-ul-Haq,Haris Sohail,TL Chatara,0,0,,,,,,,,,
656443,2014/15,2015-03-01,"Brisbane Cricket Ground, Woolloongabba",1,7.3,Pakistan,Zimbabwe,Misbah-ul-Haq,Haris Sohail,TL Chatara,0,0,,,,,,,,,
656443,2014/15,2015-03-01,"Brisbane Cricket Ground, Woolloongabba",1,7.4,Pakistan,Zimbabwe,Misbah-ul-Haq,Haris Sohail,TL Chatara,0,0,,,,,,,,,
656443,2014/15,2015-03-01,"Brisbane Cricket Ground, Woolloongabba",1,7.5,Pakistan,Zimbabwe,Misbah-ul-Haq,Haris Sohail,TL Chatara,0,0,,,,,,,,,
656443,2014/15,2015-03-01,"Brisbane Cricket Ground, Woolloongabba",1,7.6,Pakistan,Zimbabwe,Misbah-ul-Haq,Haris Sohail,TL Chatara,1,0,,,,,,,,,
656443,2014/15,2015-03-01,"Brisbane Cricket Ground, Woolloongabba",1,8.1,Pakistan,Zimbabwe,Misbah-ul-Haq,Haris Sohail,T Mupariwa,0,0,,,,,,,,,
656443,2014/15,2015-03-01,"Brisbane Cricket Ground, Woolloongabba",1,8.2,Pakistan,Zimbabwe,Misbah-ul-Haq,Haris Sohail,T Mupariwa,0,0,,,,,,,,,
656443,2014/15,2015-03-01,"Brisbane Cricket Ground, Woolloongabba",1,8.3,Pakistan,Zimbabwe,Misbah-ul-Haq,Haris Sohail,T Mupariwa,0,0,,,,,,,,,
656443,2014/15,2015-03-01,"Brisbane Cricket Ground, Woolloongabba",1,8.4,Pakistan,Zimbabwe,Misbah-ul-Haq,Haris Sohail,T Mupariwa,0,0,,,,,,,,,
656443,2014/15,2015-03-01,"Brisbane Cricket Ground, Woolloongabba",1,8.5,Pakistan,Zimbabwe,Misbah-ul-Haq,Haris Sohail,T Mupariwa,0,0,,,,,,,,,
656443,2014/15,2015-03-01,"Brisbane Cricket Ground, Woolloongabba",1,8.6,Pakistan,Zimbabwe,Misbah-ul-Haq,Haris Sohail,T Mupariwa,0,0,,,,,,,,,
656443,2014/15,2015-03-01,"Brisbane Cricket Ground, Woolloongabba",1,9.1,Pakistan,Zimbabwe,Haris Sohail,Misbah-ul-Haq,TL Chatara,1,0,,,,,,,,,
656443,2014/15,2015-03-01,"Brisbane Cricket Ground, Woolloongabba",1,9.2,Pakistan,Zimbabwe,Misbah-ul-Haq,Haris Sohail,TL Chatara,0,0,,,,,,,,,
656443,2014/15,2015-03-01,"Brisbane Cricket Ground, Woolloongabba",1,9.3,Pakistan,Zimbabwe,Misbah-ul-Haq,Haris Sohail,TL Chatara,0,0,,,,,,,,,
656443,2014/15,2015-03-01,"Brisbane Cricket Ground, Woolloongabba",1,9.4,Pakistan,Zimbabwe,Misbah-ul-Haq,Haris Sohail,TL Chatara,0,0,,,,,,,,,
656443,2014/15,2015-03-01,"Brisbane Cricket Ground, Woolloongabba",1,9.5,Pakistan,Zimbabwe,Misbah-ul-Haq,Haris Sohail,TL Chatara,0,0,,,,,,,,,
656443,2014/15,2015-03-01,"Brisbane Cricket Ground, Woolloongabba",1,9.6,Pakistan,Zimbabwe,Misbah-ul-Haq,Haris Sohail,TL Chatara,1,0,,,,,,,,,
656443,2014/15,2015-03-01,"Brisbane Cricket Ground, Woolloongabba",1,10.1,Pakistan,Zimbabwe,Misbah-ul-Haq,Haris Sohail,T Mupariwa,0,0,,,,,,,,,
656443,2014/15,2015-03-01,"Brisbane Cricket Ground, Woolloongabba",1,10.2,Pakistan,Zimbabwe,Misbah-ul-Haq,Haris Sohail,T Mupariwa,0,0,,,,,,,,,
656443,2014/15,2015-03-01,"Brisbane Cricket Ground, Woolloongabba",1,10.3,Pakistan,Zimbabwe,Misbah-ul-Haq,Haris Sohail,T Mupariwa,0,0,,,,,,,,,
656443,2014/15,2015-03-01,"Brisbane Cricket Ground, Woolloongabba",1,10.4,Pakistan,Zimbabwe,Misbah-ul-Haq,Haris Sohail,T Mupariwa,2,0,,,,,,,,,
656443,2014/15,2015-03-01,"Brisbane Cricket Ground, Woolloongabba",1,10.5,Pakistan,Zimbabwe,Misbah-ul-Haq,Haris Sohail,T Mupariwa,0,1,1,,,,,,,,
656443,2014/15,2015-03-01,"Brisbane Cricket Ground, Woolloongabba",1,10.6,Pakistan,Zimbabwe,Misbah-ul-Haq,Haris Sohail,T Mupariwa,0,0,,,,,,,,,
656443,2014/15,2015-03-01,"Brisbane Cricket Ground, Woolloongabba",1,10.7,Pakistan,Zimbabwe,Misbah-ul-Haq,Haris Sohail,T Mupariwa,0,0,,,,,,,,,
656443,2014/15,2015-03-01,"Brisbane Cricket Ground, Woolloongabba",1,11.1,Pakistan,Zimbabwe,Haris Sohail,Misbah-ul-Haq,T Panyangara,0,0,,,,,,,,,
656443,2014/15,2015-03-01,"Brisbane Cricket Ground, Woolloongabba",1,11.2,Pakistan,Zimbabwe,Haris Sohail,Misbah-ul-Haq,T Panyangara,0,0,,,,,,,,,
656443,2014/15,2015-03-01,"Brisbane Cricket Ground, Woolloongabba",1,11.3,Pakistan,Zimbabwe,Haris Sohail,Misbah-ul-Haq,T Panyangara,0,0,,,,,,,,,
656443,2014/15,2015-03-01,"Brisbane Cricket Ground, Woolloongabba",1,11.4,Pakistan,Zimbabwe,Haris Sohail,Misbah-ul-Haq,T Panyangara,0,0,,,,,,,,,
656443,2014/15,2015-03-01,"Brisbane Cricket Ground, Woolloongabba",1,11.5,Pakistan,Zimbabwe,Haris Sohail,Misbah-ul-Haq,T Panyangara,0,0,,,,,,,,,
656443,2014/15,2015-03-01,"Brisbane Cricket Ground, Woolloongabba",1,11.6,Pakistan,Zimbabwe,Haris Sohail,Misbah-ul-Haq,T Panyangara,0,0,,,,,,,,,
656443,2014/15,2015-03-01,"Brisbane Cricket Ground, Woolloongabba",1,12.1,Pakistan,Zimbabwe,Misbah-ul-Haq,Haris Sohail,T Mupariwa,1,0,,,,,,,,,
656443,2014/15,2015-03-01,"Brisbane Cricket Ground, Woolloongabba",1,12.2,Pakistan,Zimbabwe,Haris Sohail,Misbah-ul-Haq,T Mupariwa,0,0,,,,,,,,,
656443,2014/15,2015-03-01,"Brisbane Cricket Ground, Woolloongabba",1,12.3,Pakistan,Zimbabwe,Haris Sohail,Misbah-ul-Haq,T Mupariwa,1,0,,,,,,,,,
656443,2014/15,2015-03-01,"Brisbane Cricket Ground, Woolloongabba",1,12.4,Pakistan,Zimbabwe,Misbah-ul-Haq,Haris Sohail,T Mupariwa,1,0,,,,,,,,,
656443,2014/15,2015-03-01,"Brisbane Cricket Ground, Woolloongabba",1,12.5,Pakistan,Zimbabwe,Haris Sohail,Misbah-ul-Haq,T Mupariwa,0,0,,,,,,,,,
656443,2014/15,2015-03-01,"Brisbane Cricket Ground, Woolloongabba",1,12.6,Pakistan,Zimbabwe,Haris Sohail,Misbah-ul-Haq,T Mupariwa,4,0,,,,,,,,,
656443,2014/15,2015-03-01,"Brisbane Cricket Ground, Woolloongabba",1,13.1,Pakistan,Zimbabwe,Misbah-ul-Haq,Haris Sohail,T Panyangara,0,0,,,,,,,,,
656443,2014/15,2015-03-01,"Brisbane Cricket Ground, Woolloongabba",1,13.2,Pakistan,Zimbabwe,Misbah-ul-Haq,Haris Sohail,T Panyangara,0,0,,,,,,,,,
656443,2014/15,2015-03-01,"Brisbane Cricket Ground, Woolloongabba",1,13.3,Pakistan,Zimbabwe,Misbah-ul-Haq,Haris Sohail,T Panyangara,0,0,,,,,,,,,
656443,2014/15,2015-03-01,"Brisbane Cricket Ground, Woolloongabba",1,13.4,Pakistan,Zimbabwe,Misbah-ul-Haq,Haris Sohail,T Panyangara,1,0,,,,,,,,,
656443,2014/15,2015-03-01,"Brisbane Cricket Ground, Woolloongabba",1,13.5,Pakistan,Zimbabwe,Haris Sohail,Misbah-ul-Haq,T Panyangara,1,0,,,,,,,,,
656443,2014/15,2015-03-01,"Brisbane Cricket Ground, Woolloongabba",1,13.6,Pakistan,Zimbabwe,Misbah-ul-Haq,Haris Sohail,T Panyangara,0,0,,,,,,,,,
656443,2014/15,2015-03-01,"Brisbane Cricket Ground, Woolloongabba",1,14.1,Pakistan,Zimbabwe,Haris Sohail,Misbah-ul-Haq,SC Williams,0,0,,,,,,,,,
656443,2014/15,2015-03-01,"Brisbane Cricket Ground, Woolloongabba",1,14.2,Pakistan,Zimbabwe,Haris Sohail,Misbah-ul-Haq,SC Williams,1,0,,,,,,,,,
656443,2014/15,2015-03-01,"Brisbane Cricket Ground, Woolloongabba",1,14.3,Pakistan,Zimbabwe,Misbah-ul-Haq,Haris Sohail,SC Williams,4,0,,,,,,,,,
656443,2014/15,2015-03-01,"Brisbane Cricket Ground, Woolloongabba",1,14.4,Pakistan,Zimbabwe,Misbah-ul-Haq,Haris Sohail,SC Williams,0,0,,,,,,,,,
656443,2014/15,2015-03-01,"Brisbane Cricket Ground, Woolloongabba",1,14.5,Pakistan,Zimbabwe,Misbah-ul-Haq,Haris Sohail,SC Williams,1,0,,,,,,,,,
656443,2014/15,2015-03-01,"Brisbane Cricket Ground, Woolloongabba",1,14.6,Pakistan,Zimbabwe,Haris Sohail,Misbah-ul-Haq,SC Williams,1,0,,,,,,,,,
656443,2014/15,2015-03-01,"Brisbane Cricket Ground, Woolloongabba",1,15.1,Pakistan,Zimbabwe,Haris Sohail,Misbah-ul-Haq,H Masakadza,1,0,,,,,,,,,
656443,2014/15,2015-03-01,"Brisbane Cricket Ground, Woolloongabba",1,15.2,Pakistan,Zimbabwe,Misbah-ul-Haq,Haris Sohail,H Masakadza,0,0,,,,,,,,,
656443,2014/15,2015-03-01,"Brisbane Cricket Ground, Woolloongabba",1,15.3,Pakistan,Zimbabwe,Misbah-ul-Haq,Haris Sohail,H Masakadza,0,0,,,,,,,,,
656443,2014/15,2015-03-01,"Brisbane Cricket Ground, Woolloongabba",1,15.4,Pakistan,Zimbabwe,Misbah-ul-Haq,Haris Sohail,H Masakadza,0,0,,,,,,,,,
656443,2014/15,2015-03-01,"Brisbane Cricket Ground, Woolloongabba",1,15.5,Pakistan,Zimbabwe,Misbah-ul-Haq,Haris Sohail,H Masakadza,0,0,,,,,,,,,
656443,2014/15,2015-03-01,"Brisbane Cricket Ground, Woolloongabba",1,15.6,Pakistan,Zimbabwe,Misbah-ul-Haq,Haris Sohail,H Masakadza,0,0,,,,,,,,,
656443,2014/15,2015-03-01,"Brisbane Cricket Ground, Woolloongabba",1,16.1,Pakistan,Zimbabwe,Haris Sohail,Misbah-ul-Haq,SC Williams,1,0,,,,,,,,,
656443,2014/15,2015-03-01,"Brisbane Cricket Ground, Woolloongabba",1,16.2,Pakistan,Zimbabwe,Misbah-ul-Haq,Haris Sohail,SC Williams,1,0,,,,,,,,,
656443,2014/15,2015-03-01,"Brisbane Cricket Ground, Woolloongabba",1,16.3,Pakistan,Zimbabwe,Haris Sohail,Misbah-ul-Haq,SC Williams,0,0,,,,,,,,,
656443,2014/15,2015-03-01,"Brisbane Cricket Ground, Woolloongabba",1,16.4,Pakistan,Zimbabwe,Haris Sohail,Misbah-ul-Haq,SC Williams,1,0,,,,,,,,,
656443,2014/15,2015-03-01,"Brisbane Cricket Ground, Woolloongabba",1,16.5,Pakistan,Zimbabwe,Misbah-ul-Haq,Haris Sohail,SC Williams,0,0,,,,,,,,,
656443,2014/15,2015-03-01,"Brisbane Cricket Ground, Woolloongabba",1,16.6,Pakistan,Zimbabwe,Misbah-ul-Haq,Haris Sohail,SC Williams,1,0,,,,,,,,,
656443,2014/15,2015-03-01,"Brisbane Cricket Ground, Woolloongabba",1,17.1,Pakistan,Zimbabwe,Misbah-ul-Haq,Haris Sohail,H Masakadza,4,0,,,,,,,,,
656443,2014/15,2015-03-01,"Brisbane Cricket Ground, Woolloongabba",1,17.2,Pakistan,Zimbabwe,Misbah-ul-Haq,Haris Sohail,H Masakadza,0,0,,,,,,,,,
656443,2014/15,2015-03-01,"Brisbane Cricket Ground, Woolloongabba",1,17.3,Pakistan,Zimbabwe,Misbah-ul-Haq,Haris Sohail,H Masakadza,1,0,,,,,,,,,
656443,2014/15,2015-03-01,"Brisbane Cricket Ground, Woolloongabba",1,17.4,Pakistan,Zimbabwe,Haris Sohail,Misbah-ul-Haq,H Masakadza,1,0,,,,,,,,,
656443,2014/15,2015-03-01,"Brisbane Cricket Ground, Woolloongabba",1,17.5,Pakistan,Zimbabwe,Misbah-ul-Haq,Haris Sohail,H Masakadza,0,0,,,,,,,,,
656443,2014/15,2015-03-01,"Brisbane Cricket Ground, Woolloongabba",1,17.6,Pakistan,Zimbabwe,Misbah-ul-Haq,Haris Sohail,H Masakadza,0,0,,,,,,,,,
656443,2014/15,2015-03-01,"Brisbane Cricket Ground, Woolloongabba",1,18.1,Pakistan,Zimbabwe,Haris Sohail,Misbah-ul-Haq,E Chigumbura,0,1,1,,,,,,,,
656443,2014/15,2015-03-01,"Brisbane Cricket Ground, Woolloongabba",1,18.2,Pakistan,Zimbabwe,Haris Sohail,Misbah-ul-Haq,E Chigumbura,0,0,,,,,,,,,
656443,2014/15,2015-03-01,"Brisbane Cricket Ground, Woolloongabba",1,18.3,Pakistan,Zimbabwe,Haris Sohail,Misbah-ul-Haq,E Chigumbura,0,1,1,,,,,,,,
656443,2014/15,2015-03-01,"Brisbane Cricket Ground, Woolloongabba",1,18.4,Pakistan,Zimbabwe,Haris Sohail,Misbah-ul-Haq,E Chigumbura,0,1,1,,,,,,,,
656443,2014/15,2015-03-01,"Brisbane Cricket Ground, Woolloongabba",1,18.5,Pakistan,Zimbabwe,Haris Sohail,Misbah-ul-Haq,E Chigumbura,0,0,,,,,,,,,
656443,2014/15,2015-03-01,"Brisbane Cricket Ground, Woolloongabba",1,18.6,Pakistan,Zimbabwe,Haris Sohail,Misbah-ul-Haq,E Chigumbura,0,1,1,,,,,,,,
656443,2014/15,2015-03-01,"Brisbane Cricket Ground, Woolloongabba",1,18.7,Pakistan,Zimbabwe,Haris Sohail,Misbah-ul-Haq,E Chigumbura,1,0,,,,,,,,,
656443,2014/15,2015-03-01,"Brisbane Cricket Ground, Woolloongabba",1,18.8,Pakistan,Zimbabwe,Misbah-ul-Haq,Haris Sohail,E Chigumbura,1,0,,,,,,,,,
656443,2014/15,2015-03-01,"Brisbane Cricket Ground, Woolloongabba",1,18.9,Pakistan,Zimbabwe,Haris Sohail,Misbah-ul-Haq,E Chigumbura,1,0,,,,,,,,,
656443,2014/15,2015-03-01,"Brisbane Cricket Ground, Woolloongabba",1,18.1,Pakistan,Zimbabwe,Misbah-ul-Haq,Haris Sohail,E Chigumbura,0,0,,,,,,,,,
656443,2014/15,2015-03-01,"Brisbane Cricket Ground, Woolloongabba",1,19.1,Pakistan,Zimbabwe,Haris Sohail,Misbah-ul-Haq,H Masakadza,4,0,,,,,,,,,
656443,2014/15,2015-03-01,"Brisbane Cricket Ground, Woolloongabba",1,19.2,Pakistan,Zimbabwe,Haris Sohail,Misbah-ul-Haq,H Masakadza,0,0,,,,,,,,,
656443,2014/15,2015-03-01,"Brisbane Cricket Ground, Woolloongabba",1,19.3,Pakistan,Zimbabwe,Haris Sohail,Misbah-ul-Haq,H Masakadza,1,0,,,,,,,,,
656443,2014/15,2015-03-01,"Brisbane Cricket Ground, Woolloongabba",1,19.4,Pakistan,Zimbabwe,Misbah-ul-Haq,Haris Sohail,H Masakadza,0,0,,,,,,,,,
656443,2014/15,2015-03-01,"Brisbane Cricket Ground, Woolloongabba",1,19.5,Pakistan,Zimbabwe,Misbah-ul-Haq,Haris Sohail,H Masakadza,1,0,,,,,,,,,
656443,2014/15,2015-03-01,"Brisbane Cricket Ground, Woolloongabba",1,19.6,Pakistan,Zimbabwe,Haris Sohail,Misbah-ul-Haq,H Masakadza,1,0,,,,,,,,,
656443,2014/15,2015-03-01,"Brisbane Cricket Ground, Woolloongabba",1,20.1,Pakistan,Zimbabwe,Haris Sohail,Misbah-ul-Haq,Sikandar Raza,0,0,,,,,,caught,Haris Sohail,,
656443,2014/15,2015-03-01,"Brisbane Cricket Ground, Woolloongabba",1,20.2,Pakistan,Zimbabwe,Umar Akmal,Misbah-ul-Haq,Sikandar Raza,1,0,,,,,,,,,
656443,2014/15,2015-03-01,"Brisbane Cricket Ground, Woolloongabba",1,20.3,Pakistan,Zimbabwe,Misbah-ul-Haq,Umar Akmal,Sikandar Raza,0,0,,,,,,,,,
656443,2014/15,2015-03-01,"Brisbane Cricket Ground, Woolloongabba",1,20.4,Pakistan,Zimbabwe,Misbah-ul-Haq,Umar Akmal,Sikandar Raza,0,0,,,,,,,,,
656443,2014/15,2015-03-01,"Brisbane Cricket Ground, Woolloongabba",1,20.5,Pakistan,Zimbabwe,Misbah-ul-Haq,Umar Akmal,Sikandar Raza,2,0,,,,,,,,,
656443,2014/15,2015-03-01,"Brisbane Cricket Ground, Woolloongabba",1,20.6,Pakistan,Zimbabwe,Misbah-ul-Haq,Umar Akmal,Sikandar Raza,1,0,,,,,,,,,
656443,2014/15,2015-03-01,"Brisbane Cricket Ground, Woolloongabba",1,21.1,Pakistan,Zimbabwe,Misbah-ul-Haq,Umar Akmal,T Mupariwa,1,0,,,,,,,,,
656443,2014/15,2015-03-01,"Brisbane Cricket Ground, Woolloongabba",1,21.2,Pakistan,Zimbabwe,Umar Akmal,Misbah-ul-Haq,T Mupariwa,0,0,,,,,,,,,
656443,2014/15,2015-03-01,"Brisbane Cricket Ground, Woolloongabba",1,21.3,Pakistan,Zimbabwe,Umar Akmal,Misbah-ul-Haq,T Mupariwa,1,0,,,,,,,,,
656443,2014/15,2015-03-01,"Brisbane Cricket Ground, Woolloongabba",1,21.4,Pakistan,Zimbabwe,Misbah-ul-Haq,Umar Akmal,T Mupariwa,0,0,,,,,,,,,
656443,2014/15,2015-03-01,"Brisbane Cricket Ground, Woolloongabba",1,21.5,Pakistan,Zimbabwe,Misbah-ul-Haq,Umar Akmal,T Mupariwa,0,0,,,,,,,,,
656443,2014/15,2015-03-01,"Brisbane Cricket Ground, Woolloongabba",1,21.6,Pakistan,Zimbabwe,Misbah-ul-Haq,Umar Akmal,T Mupariwa,0,0,,,,,,,,,
656443,2014/15,2015-03-01,"Brisbane Cricket Ground, Woolloongabba",1,22.1,Pakistan,Zimbabwe,Umar Akmal,Misbah-ul-Haq,Sikandar Raza,0,0,,,,,,,,,
656443,2014/15,2015-03-01,"Brisbane Cricket Ground, Woolloongabba",1,22.2,Pakistan,Zimbabwe,Umar Akmal,Misbah-ul-Haq,Sikandar Raza,1,0,,,,,,,,,
656443,2014/15,2015-03-01,"Brisbane Cricket Ground, Woolloongabba",1,22.3,Pakistan,Zimbabwe,Misbah-ul-Haq,Umar Akmal,Sikandar Raza,0,0,,,,,,,,,
656443,2014/15,2015-03-01,"Brisbane Cricket Ground, Woolloongabba",1,22.4,Pakistan,Zimbabwe,Misbah-ul-Haq,Umar Akmal,Sikandar Raza,0,0,,,,,,,,,
656443,2014/15,2015-03-01,"Brisbane Cricket Ground, Woolloongabba",1,22.5,Pakistan,Zimbabwe,Misbah-ul-Haq,Umar Akmal,Sikandar Raza,1,0,,,,,,,,,
656443,2014/15,2015-03-01,"Brisbane Cricket Ground, Woolloongabba",1,22.6,Pakistan,Zimbabwe,Umar Akmal,Misbah-ul-Haq,Sikandar Raza,0,0,,,,,,,,,
656443,2014/15,2015-03-01,"Brisbane Cricket Ground, Woolloongabba",1,23.1,Pakistan,Zimbabwe,Misbah-ul-Haq,Umar Akmal,T Mupariwa,0,0,,,,,,,,,
656443,2014/15,2015-03-01,"Brisbane Cricket Ground, Woolloongabba",1,23.2,Pakistan,Zimbabwe,Misbah-ul-Haq,Umar Akmal,T Mupariwa,4,0,,,,,,,,,
656443,2014/15,2015-03-01,"Brisbane Cricket Ground, Woolloongabba",1,23.3,Pakistan,Zimbabwe,Misbah-ul-Haq,Umar Akmal,T Mupariwa,0,0,,,,,,,,,
656443,2014/15,2015-03-01,"Brisbane Cricket Ground, Woolloongabba",1,23.4,Pakistan,Zimbabwe,Misbah-ul-Haq,Umar Akmal,T Mupariwa,0,0,,,,,,,,,
656443,2014/15,2015-03-01,"Brisbane Cricket Ground, Woolloongabba",1,23.5,Pakistan,Zimbabwe,Misbah-ul-Haq,Umar Akmal,T Mupariwa,1,0,,,,,,,,,
656443,2014/15,2015-03-01,"Brisbane Cricket Ground, Woolloongabba",1,23.6,Pakistan,Zimbabwe,Umar Akmal,Misbah-ul-Haq,T Mupariwa,2,0,,,,,,,,,
656443,2014/15,2015-03-01,"Brisbane Cricket Ground, Woolloongabba",1,24.1,Pakistan,Zimbabwe,Misbah-ul-Haq,Umar Akmal,Sikandar Raza,1,0,,,,,,,,,
656443,2014/15,2015-03-01,"Brisbane Cricket Ground, Woolloongabba",1,24.2,Pakistan,Zimbabwe,Umar Akmal,Misbah-ul-Haq,Sikandar Raza,0,0,,,,,,,,,
656443,2014/15,2015-03-01,"Brisbane Cricket Ground, Woolloongabba",1,24.3,Pakistan,Zimbabwe,Umar Akmal,Misbah-ul-Haq,Sikandar Raza,1,0,,,,,,,,,
656443,2014/15,2015-03-01,"Brisbane Cricket Ground, Woolloongabba",1,24.4,Pakistan,Zimbabwe,Misbah-ul-Haq,Umar Akmal,Sikandar Raza,2,0,,,,,,,,,
656443,2014/15,2015-03-01,"Brisbane Cricket Ground, Woolloongabba",1,24.5,Pakistan,Zimbabwe,Misbah-ul-Haq,Umar Akmal,Sikandar Raza,0,0,,,,,,,,,
656443,2014/15,2015-03-01,"Brisbane Cricket Ground, Woolloongabba",1,24.6,Pakistan,Zimbabwe,Misbah-ul-Haq,Umar Akmal,Sikandar Raza,0,0,,,,,,,,,
656443,2014/15,2015-03-01,"Brisbane Cricket Ground, Woolloongabba",1,25.1,Pakistan,Zimbabwe,Umar Akmal,Misbah-ul-Haq,SC Williams,1,0,,,,,,,,,
656443,2014/15,2015-03-01,"Brisbane Cricket Ground, Woolloongabba",1,25.2,Pakistan,Zimbabwe,Misbah-ul-Haq,Umar Akmal,SC Williams,1,0,,,,,,,,,
656443,2014/15,2015-03-01,"Brisbane Cricket Ground, Woolloongabba",1,25.3,Pakistan,Zimbabwe,Umar Akmal,Misbah-ul-Haq,SC Williams,0,0,,,,,,,,,
656443,2014/15,2015-03-01,"Brisbane Cricket Ground, Woolloongabba",1,25.4,Pakistan,Zimbabwe,Umar Akmal,Misbah-ul-Haq,SC Williams,0,0,,,,,,,,,
656443,2014/15,2015-03-01,"Brisbane Cricket Ground, Woolloongabba",1,25.5,Pakistan,Zimbabwe,Umar Akmal,Misbah-ul-Haq,SC Williams,4,0,,,,,,,,,
656443,2014/15,2015-03-01,"Brisbane Cricket Ground, Woolloongabba",1,25.6,Pakistan,Zimbabwe,Umar Akmal,Misbah-ul-Haq,SC Williams,1,0,,,,,,,,,
656443,2014/15,2015-03-01,"Brisbane Cricket Ground, Woolloongabba",1,26.1,Pakistan,Zimbabwe,Umar Akmal,Misbah-ul-Haq,Sikandar Raza,1,0,,,,,,,,,
656443,2014/15,2015-03-01,"Brisbane Cricket Ground, Woolloongabba",1,26.2,Pakistan,Zimbabwe,Misbah-ul-Haq,Umar Akmal,Sikandar Raza,2,0,,,,,,,,,
656443,2014/15,2015-03-01,"Brisbane Cricket Ground, Woolloongabba",1,26.3,Pakistan,Zimbabwe,Misbah-ul-Haq,Umar Akmal,Sikandar Raza,1,0,,,,,,,,,
656443,2014/15,2015-03-01,"Brisbane Cricket Ground, Woolloongabba",1,26.4,Pakistan,Zimbabwe,Umar Akmal,Misbah-ul-Haq,Sikandar Raza,0,0,,,,,,,,,
656443,2014/15,2015-03-01,"Brisbane Cricket Ground, Woolloongabba",1,26.5,Pakistan,Zimbabwe,Umar Akmal,Misbah-ul-Haq,Sikandar Raza,2,0,,,,,,,,,
656443,2014/15,2015-03-01,"Brisbane Cricket Ground, Woolloongabba",1,26.6,Pakistan,Zimbabwe,Umar Akmal,Misbah-ul-Haq,Sikandar Raza,0,0,,,,,,,,,
656443,2014/15,2015-03-01,"Brisbane Cricket Ground, Woolloongabba",1,27.1,Pakistan,Zimbabwe,Misbah-ul-Haq,Umar Akmal,SC Williams,1,0,,,,,,,,,
656443,2014/15,2015-03-01,"Brisbane Cricket Ground, Woolloongabba",1,27.2,Pakistan,Zimbabwe,Umar Akmal,Misbah-ul-Haq,SC Williams,1,0,,,,,,,,,
656443,2014/15,2015-03-01,"Brisbane Cricket Ground, Woolloongabba",1,27.3,Pakistan,Zimbabwe,Misbah-ul-Haq,Umar Akmal,SC Williams,1,0,,,,,,,,,
656443,2014/15,2015-03-01,"Brisbane Cricket Ground, Woolloongabba",1,27.4,Pakistan,Zimbabwe,Umar Akmal,Misbah-ul-Haq,SC Williams,0,0,,,,,,,,,
656443,2014/15,2015-03-01,"Brisbane Cricket Ground, Woolloongabba",1,27.5,Pakistan,Zimbabwe,Umar Akmal,Misbah-ul-Haq,SC Williams,4,0,,,,,,,,,
656443,2014/15,2015-03-01,"Brisbane Cricket Ground, Woolloongabba",1,27.6,Pakistan,Zimbabwe,Umar Akmal,Misbah-ul-Haq,SC Williams,0,0,,,,,,,,,
656443,2014/15,2015-03-01,"Brisbane Cricket Ground, Woolloongabba",1,28.1,Pakistan,Zimbabwe,Misbah-ul-Haq,Umar Akmal,SF Mire,1,0,,,,,,,,,
656443,2014/15,2015-03-01,"Brisbane Cricket Ground, Woolloongabba",1,28.2,Pakistan,Zimbabwe,Umar Akmal,Misbah-ul-Haq,SF Mire,4,0,,,,,,,,,
656443,2014/15,2015-03-01,"Brisbane Cricket Ground, Woolloongabba",1,28.3,Pakistan,Zimbabwe,Umar Akmal,Misbah-ul-Haq,SF Mire,0,0,,,,,,,,,
656443,2014/15,2015-03-01,"Brisbane Cricket Ground, Woolloongabba",1,28.4,Pakistan,Zimbabwe,Umar Akmal,Misbah-ul-Haq,SF Mire,0,1,1,,,,,,,,
656443,2014/15,2015-03-01,"Brisbane Cricket Ground, Woolloongabba",1,28.5,Pakistan,Zimbabwe,Umar Akmal,Misbah-ul-Haq,SF Mire,1,0,,,,,,,,,
656443,2014/15,2015-03-01,"Brisbane Cricket Ground, Woolloongabba",1,28.6,Pakistan,Zimbabwe,Misbah-ul-Haq,Umar Akmal,SF Mire,1,0,,,,,,,,,
656443,2014/15,2015-03-01,"Brisbane Cricket Ground, Woolloongabba",1,28.7,Pakistan,Zimbabwe,Umar Akmal,Misbah-ul-Haq,SF Mire,1,0,,,,,,,,,
656443,2014/15,2015-03-01,"Brisbane Cricket Ground, Woolloongabba",1,29.1,Pakistan,Zimbabwe,Umar Akmal,Misbah-ul-Haq,SC Williams,1,0,,,,,,,,,
656443,2014/15,2015-03-01,"Brisbane Cricket Ground, Woolloongabba",1,29.2,Pakistan,Zimbabwe,Misbah-ul-Haq,Umar Akmal,SC Williams,0,1,1,,,,,,,,
656443,2014/15,2015-03-01,"Brisbane Cricket Ground, Woolloongabba",1,29.3,Pakistan,Zimbabwe,Misbah-ul-Haq,Umar Akmal,SC Williams,0,0,,,,,,,,,
656443,2014/15,2015-03-01,"Brisbane Cricket Ground, Woolloongabba",1,29.4,Pakistan,Zimbabwe,Misbah-ul-Haq,Umar Akmal,SC Williams,1,0,,,,,,,,,
656443,2014/15,2015-03-01,"Brisbane Cricket Ground, Woolloongabba",1,29.5,Pakistan,Zimbabwe,Umar Akmal,Misbah-ul-Haq,SC Williams,0,0,,,,,,,,,
656443,2014/15,2015-03-01,"Brisbane Cricket Ground, Woolloongabba",1,29.6,Pakistan,Zimbabwe,Umar Akmal,Misbah-ul-Haq,SC Williams,1,0,,,,,,,,,
656443,2014/15,2015-03-01,"Brisbane Cricket Ground, Woolloongabba",1,29.7,Pakistan,Zimbabwe,Misbah-ul-Haq,Umar Akmal,SC Williams,3,0,,,,,,,,,
656443,2014/15,2015-03-01,"Brisbane Cricket Ground, Woolloongabba",1,30.1,Pakistan,Zimbabwe,Misbah-ul-Haq,Umar Akmal,Sikandar Raza,1,0,,,,,,,,,
656443,2014/15,2015-03-01,"Brisbane Cricket Ground, Woolloongabba",1,30.2,Pakistan,Zimbabwe,Umar Akmal,Misbah-ul-Haq,Sikandar Raza,0,0,,,,,,,,,
656443,2014/15,2015-03-01,"Brisbane Cricket Ground, Woolloongabba",1,30.3,Pakistan,Zimbabwe,Umar Akmal,Misbah-ul-Haq,Sikandar Raza,2,0,,,,,,,,,
656443,2014/15,2015-03-01,"Brisbane Cricket Ground, Woolloongabba",1,30.4,Pakistan,Zimbabwe,Umar Akmal,Misbah-ul-Haq,Sikandar Raza,0,0,,,,,,,,,
656443,2014/15,2015-03-01,"Brisbane Cricket Ground, Woolloongabba",1,30.5,Pakistan,Zimbabwe,Umar Akmal,Misbah-ul-Haq,Sikandar Raza,1,0,,,,,,,,,
656443,2014/15,2015-03-01,"Brisbane Cricket Ground, Woolloongabba",1,30.6,Pakistan,Zimbabwe,Misbah-ul-Haq,Umar Akmal,Sikandar Raza,1,0,,,,,,,,,
656443,2014/15,2015-03-01,"Brisbane Cricket Ground, Woolloongabba",1,31.1,Pakistan,Zimbabwe,Misbah-ul-Haq,Umar Akmal,SC Williams,1,0,,,,,,,,,
656443,2014/15,2015-03-01,"Brisbane Cricket Ground, Woolloongabba",1,31.2,Pakistan,Zimbabwe,Umar Akmal,Misbah-ul-Haq,SC Williams,0,0,,,,,,,,,
656443,2014/15,2015-03-01,"Brisbane Cricket Ground, Woolloongabba",1,31.3,Pakistan,Zimbabwe,Umar Akmal,Misbah-ul-Haq,SC Williams,1,0,,,,,,,,,
656443,2014/15,2015-03-01,"Brisbane Cricket Ground, Woolloongabba",1,31.4,Pakistan,Zimbabwe,Misbah-ul-Haq,Umar Akmal,SC Williams,1,0,,,,,,,,,
656443,2014/15,2015-03-01,"Brisbane Cricket Ground, Woolloongabba",1,31.5,Pakistan,Zimbabwe,Umar Akmal,Misbah-ul-Haq,SC Williams,0,0,,,,,,,,,
656443,2014/15,2015-03-01,"Brisbane Cricket Ground, Woolloongabba",1,31.6,Pakistan,Zimbabwe,Umar Akmal,Misbah-ul-Haq,SC Williams,0,0,,,,,,,,,
656443,2014/15,2015-03-01,"Brisbane Cricket Ground, Woolloongabba",1,32.1,Pakistan,Zimbabwe,Misbah-ul-Haq,Umar Akmal,Sikandar Raza,1,0,,,,,,,,,
656443,2014/15,2015-03-01,"Brisbane Cricket Ground, Woolloongabba",1,32.2,Pakistan,Zimbabwe,Umar Akmal,Misbah-ul-Haq,Sikandar Raza,0,0,,,,,,,,,
656443,2014/15,2015-03-01,"Brisbane Cricket Ground, Woolloongabba",1,32.3,Pakistan,Zimbabwe,Umar Akmal,Misbah-ul-Haq,Sikandar Raza,0,0,,,,,,,,,
656443,2014/15,2015-03-01,"Brisbane Cricket Ground, Woolloongabba",1,32.4,Pakistan,Zimbabwe,Umar Akmal,Misbah-ul-Haq,Sikandar Raza,0,0,,,,,,,,,
656443,2014/15,2015-03-01,"Brisbane Cricket Ground, Woolloongabba",1,32.5,Pakistan,Zimbabwe,Umar Akmal,Misbah-ul-Haq,Sikandar Raza,1,0,,,,,,,,,
656443,2014/15,2015-03-01,"Brisbane Cricket Ground, Woolloongabba",1,32.6,Pakistan,Zimbabwe,Misbah-ul-Haq,Umar Akmal,Sikandar Raza,3,0,,,,,,,,,
656443,2014/15,2015-03-01,"Brisbane Cricket Ground, Woolloongabba",1,33.1,Pakistan,Zimbabwe,Misbah-ul-Haq,Umar Akmal,SC Williams,0,0,,,,,,,,,
656443,2014/15,2015-03-01,"Brisbane Cricket Ground, Woolloongabba",1,33.2,Pakistan,Zimbabwe,Misbah-ul-Haq,Umar Akmal,SC Williams,1,0,,,,,,,,,
656443,2014/15,2015-03-01,"Brisbane Cricket Ground, Woolloongabba",1,33.3,Pakistan,Zimbabwe,Umar Akmal,Misbah-ul-Haq,SC Williams,0,0,,,,,,bowled,Umar Akmal,,
656443,2014/15,2015-03-01,"Brisbane Cricket Ground, Woolloongabba",1,33.4,Pakistan,Zimbabwe,Shahid Afridi,Misbah-ul-Haq,SC Williams,0,0,,,,,,,,,
656443,2014/15,2015-03-01,"Brisbane Cricket Ground, Woolloongabba",1,33.5,Pakistan,Zimbabwe,Shahid Afridi,Misbah-ul-Haq,SC Williams,0,0,,,,,,bowled,Shahid Afridi,,
656443,2014/15,2015-03-01,"Brisbane Cricket Ground, Woolloongabba",1,33.6,Pakistan,Zimbabwe,Sohaib Maqsood,Misbah-ul-Haq,SC Williams,0,0,,,,,,,,,
656443,2014/15,2015-03-01,"Brisbane Cricket Ground, Woolloongabba",1,34.1,Pakistan,Zimbabwe,Misbah-ul-Haq,Sohaib Maqsood,Sikandar Raza,1,0,,,,,,,,,
656443,2014/15,2015-03-01,"Brisbane Cricket Ground, Woolloongabba",1,34.2,Pakistan,Zimbabwe,Sohaib Maqsood,Misbah-ul-Haq,Sikandar Raza,3,0,,,,,,,,,
656443,2014/15,2015-03-01,"Brisbane Cricket Ground, Woolloongabba",1,34.3,Pakistan,Zimbabwe,Misbah-ul-Haq,Sohaib Maqsood,Sikandar Raza,1,0,,,,,,,,,
656443,2014/15,2015-03-01,"Brisbane Cricket Ground, Woolloongabba",1,34.4,Pakistan,Zimbabwe,Sohaib Maqsood,Misbah-ul-Haq,Sikandar Raza,1,0,,,,,,,,,
656443,2014/15,2015-03-01,"Brisbane Cricket Ground, Woolloongabba",1,34.5,Pakistan,Zimbabwe,Misbah-ul-Haq,Sohaib Maqsood,Sikandar Raza,1,0,,,,,,,,,
656443,2014/15,2015-03-01,"Brisbane Cricket Ground, Woolloongabba",1,34.6,Pakistan,Zimbabwe,Sohaib Maqsood,Misbah-ul-Haq,Sikandar Raza,1,0,,,,,,,,,
656443,2014/15,2015-03-01,"Brisbane Cricket Ground, Woolloongabba",1,35.1,Pakistan,Zimbabwe,Sohaib Maqsood,Misbah-ul-Haq,SC Williams,1,0,,,,,,,,,
656443,2014/15,2015-03-01,"Brisbane Cricket Ground, Woolloongabba",1,35.2,Pakistan,Zimbabwe,Misbah-ul-Haq,Sohaib Maqsood,SC Williams,0,0,,,,,,,,,
656443,2014/15,2015-03-01,"Brisbane Cricket Ground, Woolloongabba",1,35.3,Pakistan,Zimbabwe,Misbah-ul-Haq,Sohaib Maqsood,SC Williams,0,0,,,,,,,,,
656443,2014/15,2015-03-01,"Brisbane Cricket Ground, Woolloongabba",1,35.4,Pakistan,Zimbabwe,Misbah-ul-Haq,Sohaib Maqsood,SC Williams,1,0,,,,,,,,,
656443,2014/15,2015-03-01,"Brisbane Cricket Ground, Woolloongabba",1,35.5,Pakistan,Zimbabwe,Sohaib Maqsood,Misbah-ul-Haq,SC Williams,0,0,,,,,,,,,
656443,2014/15,2015-03-01,"Brisbane Cricket Ground, Woolloongabba",1,35.6,Pakistan,Zimbabwe,Sohaib Maqsood,Misbah-ul-Haq,SC Williams,1,0,,,,,,,,,
656443,2014/15,2015-03-01,"Brisbane Cricket Ground, Woolloongabba",1,36.1,Pakistan,Zimbabwe,Sohaib Maqsood,Misbah-ul-Haq,TL Chatara,0,0,,,,,,,,,
656443,2014/15,2015-03-01,"Brisbane Cricket Ground, Woolloongabba",1,36.2,Pakistan,Zimbabwe,Sohaib Maqsood,Misbah-ul-Haq,TL Chatara,0,0,,,,,,,,,
656443,2014/15,2015-03-01,"Brisbane Cricket Ground, Woolloongabba",1,36.3,Pakistan,Zimbabwe,Sohaib Maqsood,Misbah-ul-Haq,TL Chatara,0,0,,,,,,,,,
656443,2014/15,2015-03-01,"Brisbane Cricket Ground, Woolloongabba",1,36.4,Pakistan,Zimbabwe,Sohaib Maqsood,Misbah-ul-Haq,TL Chatara,1,0,,,,,,,,,
656443,2014/15,2015-03-01,"Brisbane Cricket Ground, Woolloongabba",1,36.5,Pakistan,Zimbabwe,Misbah-ul-Haq,Sohaib Maqsood,TL Chatara,0,1,1,,,,,,,,
656443,2014/15,2015-03-01,"Brisbane Cricket Ground, Woolloongabba",1,36.6,Pakistan,Zimbabwe,Misbah-ul-Haq,Sohaib Maqsood,TL Chatara,1,0,,,,,,,,,
656443,2014/15,2015-03-01,"Brisbane Cricket Ground, Woolloongabba",1,36.7,Pakistan,Zimbabwe,Sohaib Maqsood,Misbah-ul-Haq,TL Chatara,0,0,,,,,,,,,
656443,2014/15,2015-03-01,"Brisbane Cricket Ground, Woolloongabba",1,37.1,Pakistan,Zimbabwe,Misbah-ul-Haq,Sohaib Maqsood,SC Williams,0,0,,,,,,,,,
656443,2014/15,2015-03-01,"Brisbane Cricket Ground, Woolloongabba",1,37.2,Pakistan,Zimbabwe,Misbah-ul-Haq,Sohaib Maqsood,SC Williams,0,1,,,,1,,,,,
656443,2014/15,2015-03-01,"Brisbane Cricket Ground, Woolloongabba",1,37.3,Pakistan,Zimbabwe,Sohaib Maqsood,Misbah-ul-Haq,SC Williams,2,0,,,,,,,,,
656443,2014/15,2015-03-01,"Brisbane Cricket Ground, Woolloongabba",1,37.4,Pakistan,Zimbabwe,Sohaib Maqsood,Misbah-ul-Haq,SC Williams,4,0,,,,,,,,,
656443,2014/15,2015-03-01,"Brisbane Cricket Ground, Woolloongabba",1,37.5,Pakistan,Zimbabwe,Sohaib Maqsood,Misbah-ul-Haq,SC Williams,3,0,,,,,,,,,
656443,2014/15,2015-03-01,"Brisbane Cricket Ground, Woolloongabba",1,37.6,Pakistan,Zimbabwe,Misbah-ul-Haq,Sohaib Maqsood,SC Williams,0,0,,,,,,,,,
656443,2014/15,2015-03-01,"Brisbane Cricket Ground, Woolloongabba",1,38.1,Pakistan,Zimbabwe,Sohaib Maqsood,Misbah-ul-Haq,T Mupariwa,4,0,,,,,,,,,
656443,2014/15,2015-03-01,"Brisbane Cricket Ground, Woolloongabba",1,38.2,Pakistan,Zimbabwe,Sohaib Maqsood,Misbah-ul-Haq,T Mupariwa,0,0,,,,,,caught and bowled,Sohaib Maqsood,,
656443,2014/15,2015-03-01,"Brisbane Cricket Ground, Woolloongabba",1,38.3,Pakistan,Zimbabwe,Wahab Riaz,Misbah-ul-Haq,T Mupariwa,1,0,,,,,,,,,
656443,2014/15,2015-03-01,"Brisbane Cricket Ground, Woolloongabba",1,38.4,Pakistan,Zimbabwe,Misbah-ul-Haq,Wahab Riaz,T Mupariwa,1,0,,,,,,,,,
656443,2014/15,2015-03-01,"Brisbane Cricket Ground, Woolloongabba",1,38.5,Pakistan,Zimbabwe,Wahab Riaz,Misbah-ul-Haq,T Mupariwa,0,0,,,,,,,,,
656443,2014/15,2015-03-01,"Brisbane Cricket Ground, Woolloongabba",1,38.6,Pakistan,Zimbabwe,Wahab Riaz,Misbah-ul-Haq,T Mupariwa,1,0,,,,,,,,,
656443,2014/15,2015-03-01,"Brisbane Cricket Ground, Woolloongabba",1,39.1,Pakistan,Zimbabwe,Wahab Riaz,Misbah-ul-Haq,T Panyangara,2,0,,,,,,,,,
656443,2014/15,2015-03-01,"Brisbane Cricket Ground, Woolloongabba",1,39.2,Pakistan,Zimbabwe,Wahab Riaz,Misbah-ul-Haq,T Panyangara,0,0,,,,,,,,,
656443,2014/15,2015-03-01,"Brisbane Cricket Ground, Woolloongabba",1,39.3,Pakistan,Zimbabwe,Wahab Riaz,Misbah-ul-Haq,T Panyangara,1,0,,,,,,,,,
656443,2014/15,2015-03-01,"Brisbane Cricket Ground, Woolloongabba",1,39.4,Pakistan,Zimbabwe,Misbah-ul-Haq,Wahab Riaz,T Panyangara,1,0,,,,,,,,,
656443,2014/15,2015-03-01,"Brisbane Cricket Ground, Woolloongabba",1,39.5,Pakistan,Zimbabwe,Wahab Riaz,Misbah-ul-Haq,T Panyangara,0,0,,,,,,,,,
656443,2014/15,2015-03-01,"Brisbane Cricket Ground, Woolloongabba",1,39.6,Pakistan,Zimbabwe,Wahab Riaz,Misbah-ul-Haq,T Panyangara,0,0,,,,,,,,,
656443,2014/15,2015-03-01,"Brisbane Cricket Ground, Woolloongabba",1,40.1,Pakistan,Zimbabwe,Misbah-ul-Haq,Wahab Riaz,TL Chatara,0,0,,,,,,,,,
656443,2014/15,2015-03-01,"Brisbane Cricket Ground, Woolloongabba",1,40.2,Pakistan,Zimbabwe,Misbah-ul-Haq,Wahab Riaz,TL Chatara,1,0,,,,,,,,,
656443,2014/15,2015-03-01,"Brisbane Cricket Ground, Woolloongabba",1,40.3,Pakistan,Zimbabwe,Wahab Riaz,Misbah-ul-Haq,TL Chatara,0,1,1,,,,,,,,
656443,2014/15,2015-03-01,"Brisbane Cricket Ground, Woolloongabba",1,40.4,Pakistan,Zimbabwe,Wahab Riaz,Misbah-ul-Haq,TL Chatara,1,0,,,,,,,,,
656443,2014/15,2015-03-01,"Brisbane Cricket Ground, Woolloongabba",1,40.5,Pakistan,Zimbabwe,Misbah-ul-Haq,Wahab Riaz,TL Chatara,1,0,,,,,,,,,
656443,2014/15,2015-03-01,"Brisbane Cricket Ground, Woolloongabba",1,40.6,Pakistan,Zimbabwe,Wahab Riaz,Misbah-ul-Haq,TL Chatara,0,1,1,,,,,,,,
656443,2014/15,2015-03-01,"Brisbane Cricket Ground, Woolloongabba",1,40.7,Pakistan,Zimbabwe,Wahab Riaz,Misbah-ul-Haq,TL Chatara,4,0,,,,,,,,,
656443,2014/15,2015-03-01,"Brisbane Cricket Ground, Woolloongabba",1,40.8,Pakistan,Zimbabwe,Wahab Riaz,Misbah-ul-Haq,TL Chatara,0,0,,,,,,,,,
656443,2014/15,2015-03-01,"Brisbane Cricket Ground, Woolloongabba",1,41.1,Pakistan,Zimbabwe,Misbah-ul-Haq,Wahab Riaz,T Panyangara,1,0,,,,,,,,,
656443,2014/15,2015-03-01,"Brisbane Cricket Ground, Woolloongabba",1,41.2,Pakistan,Zimbabwe,Wahab Riaz,Misbah-ul-Haq,T Panyangara,1,0,,,,,,,,,
656443,2014/15,2015-03-01,"Brisbane Cricket Ground, Woolloongabba",1,41.3,Pakistan,Zimbabwe,Misbah-ul-Haq,Wahab Riaz,T Panyangara,1,0,,,,,,,,,
656443,2014/15,2015-03-01,"Brisbane Cricket Ground, Woolloongabba",1,41.4,Pakistan,Zimbabwe,Wahab Riaz,Misbah-ul-Haq,T Panyangara,1,0,,,,,,,,,
656443,2014/15,2015-03-01,"Brisbane Cricket Ground, Woolloongabba",1,41.5,Pakistan,Zimbabwe,Misbah-ul-Haq,Wahab Riaz,T Panyangara,2,0,,,,,,,,,
656443,2014/15,2015-03-01,"Brisbane Cricket Ground, Woolloongabba",1,41.6,Pakistan,Zimbabwe,Misbah-ul-Haq,Wahab Riaz,T Panyangara,0,0,,,,,,,,,
656443,2014/15,2015-03-01,"Brisbane Cricket Ground, Woolloongabba",1,42.1,Pakistan,Zimbabwe,Wahab Riaz,Misbah-ul-Haq,TL Chatara,0,0,,,,,,,,,
656443,2014/15,2015-03-01,"Brisbane Cricket Ground, Woolloongabba",1,42.2,Pakistan,Zimbabwe,Wahab Riaz,Misbah-ul-Haq,TL Chatara,0,0,,,,,,,,,
656443,2014/15,2015-03-01,"Brisbane Cricket Ground, Woolloongabba",1,42.3,Pakistan,Zimbabwe,Wahab Riaz,Misbah-ul-Haq,TL Chatara,3,0,,,,,,,,,
656443,2014/15,2015-03-01,"Brisbane Cricket Ground, Woolloongabba",1,42.4,Pakistan,Zimbabwe,Misbah-ul-Haq,Wahab Riaz,TL Chatara,0,0,,,,,,,,,
656443,2014/15,2015-03-01,"Brisbane Cricket Ground, Woolloongabba",1,42.5,Pakistan,Zimbabwe,Misbah-ul-Haq,Wahab Riaz,TL Chatara,0,1,1,,,,,,,,
656443,2014/15,2015-03-01,"Brisbane Cricket Ground, Woolloongabba",1,42.6,Pakistan,Zimbabwe,Misbah-ul-Haq,Wahab Riaz,TL Chatara,1,0,,,,,,,,,
656443,2014/15,2015-03-01,"Brisbane Cricket Ground, Woolloongabba",1,42.7,Pakistan,Zimbabwe,Wahab Riaz,Misbah-ul-Haq,TL Chatara,1,0,,,,,,,,,
656443,2014/15,2015-03-01,"Brisbane Cricket Ground, Woolloongabba",1,43.1,Pakistan,Zimbabwe,Wahab Riaz,Misbah-ul-Haq,SC Williams,0,0,,,,,,,,,
656443,2014/15,2015-03-01,"Brisbane Cricket Ground, Woolloongabba",1,43.2,Pakistan,Zimbabwe,Wahab Riaz,Misbah-ul-Haq,SC Williams,0,0,,,,,,,,,
656443,2014/15,2015-03-01,"Brisbane Cricket Ground, Woolloongabba",1,43.3,Pakistan,Zimbabwe,Wahab Riaz,Misbah-ul-Haq,SC Williams,0,0,,,,,,,,,
656443,2014/15,2015-03-01,"Brisbane Cricket Ground, Woolloongabba",1,43.4,Pakistan,Zimbabwe,Wahab Riaz,Misbah-ul-Haq,SC Williams,0,0,,,,,,,,,
656443,2014/15,2015-03-01,"Brisbane Cricket Ground, Woolloongabba",1,43.5,Pakistan,Zimbabwe,Wahab Riaz,Misbah-ul-Haq,SC Williams,0,0,,,,,,,,,
656443,2014/15,2015-03-01,"Brisbane Cricket Ground, Woolloongabba",1,43.6,Pakistan,Zimbabwe,Wahab Riaz,Misbah-ul-Haq,SC Williams,0,0,,,,,,,,,
656443,2014/15,2015-03-01,"Brisbane Cricket Ground, Woolloongabba",1,44.1,Pakistan,Zimbabwe,Misbah-ul-Haq,Wahab Riaz,T Mupariwa,0,1,1,,,,,,,,
656443,2014/15,2015-03-01,"Brisbane Cricket Ground, Woolloongabba",1,44.2,Pakistan,Zimbabwe,Misbah-ul-Haq,Wahab Riaz,T Mupariwa,1,0,,,,,,,,,
656443,2014/15,2015-03-01,"Brisbane Cricket Ground, Woolloongabba",1,44.3,Pakistan,Zimbabwe,Wahab Riaz,Misbah-ul-Haq,T Mupariwa,0,0,,,,,,,,,
656443,2014/15,2015-03-01,"Brisbane Cricket Ground, Woolloongabba",1,44.4,Pakistan,Zimbabwe,Wahab Riaz,Misbah-ul-Haq,T Mupariwa,0,0,,,,,,,,,
656443,2014/15,2015-03-01,"Brisbane Cricket Ground, Woolloongabba",1,44.5,Pakistan,Zimbabwe,Wahab Riaz,Misbah-ul-Haq,T Mupariwa,4,0,,,,,,,,,
656443,2014/15,2015-03-01,"Brisbane Cricket Ground, Woolloongabba",1,44.6,Pakistan,Zimbabwe,Wahab Riaz,Misbah-ul-Haq,T Mupariwa,1,0,,,,,,,,,
656443,2014/15,2015-03-01,"Brisbane Cricket Ground, Woolloongabba",1,44.7,Pakistan,Zimbabwe,Misbah-ul-Haq,Wahab Riaz,T Mupariwa,2,0,,,,,,,,,
656443,2014/15,2015-03-01,"Brisbane Cricket Ground, Woolloongabba",1,45.1,Pakistan,Zimbabwe,Wahab Riaz,Misbah-ul-Haq,T Panyangara,4,0,,,,,,,,,
656443,2014/15,2015-03-01,"Brisbane Cricket Ground, Woolloongabba",1,45.2,Pakistan,Zimbabwe,Wahab Riaz,Misbah-ul-Haq,T Panyangara,0,0,,,,,,,,,
656443,2014/15,2015-03-01,"Brisbane Cricket Ground, Woolloongabba",1,45.3,Pakistan,Zimbabwe,Wahab Riaz,Misbah-ul-Haq,T Panyangara,1,0,,,,,,,,,
656443,2014/15,2015-03-01,"Brisbane Cricket Ground, Woolloongabba",1,45.4,Pakistan,Zimbabwe,Misbah-ul-Haq,Wahab Riaz,T Panyangara,0,0,,,,,,,,,
656443,2014/15,2015-03-01,"Brisbane Cricket Ground, Woolloongabba",1,45.5,Pakistan,Zimbabwe,Misbah-ul-Haq,Wahab Riaz,T Panyangara,1,0,,,,,,,,,
656443,2014/15,2015-03-01,"Brisbane Cricket Ground, Woolloongabba",1,45.6,Pakistan,Zimbabwe,Wahab Riaz,Misbah-ul-Haq,T Panyangara,4,0,,,,,,,,,
656443,2014/15,2015-03-01,"Brisbane Cricket Ground, Woolloongabba",1,46.1,Pakistan,Zimbabwe,Misbah-ul-Haq,Wahab Riaz,TL Chatara,0,0,,,,,,caught,Misbah-ul-Haq,,
656443,2014/15,2015-03-01,"Brisbane Cricket Ground, Woolloongabba",1,46.2,Pakistan,Zimbabwe,Wahab Riaz,Sohail Khan,TL Chatara,1,0,,,,,,,,,
656443,2014/15,2015-03-01,"Brisbane Cricket Ground, Woolloongabba",1,46.3,Pakistan,Zimbabwe,Sohail Khan,Wahab Riaz,TL Chatara,0,0,,,,,,,,,
656443,2014/15,2015-03-01,"Brisbane Cricket Ground, Woolloongabba",1,46.4,Pakistan,Zimbabwe,Sohail Khan,Wahab Riaz,TL Chatara,0,0,,,,,,,,,
656443,2014/15,2015-03-01,"Brisbane Cricket Ground, Woolloongabba",1,46.5,Pakistan,Zimbabwe,Sohail Khan,Wahab Riaz,TL Chatara,1,0,,,,,,,,,
656443,2014/15,2015-03-01,"Brisbane Cricket Ground, Woolloongabba",1,46.6,Pakistan,Zimbabwe,Wahab Riaz,Sohail Khan,TL Chatara,0,1,1,,,,,,,,
656443,2014/15,2015-03-01,"Brisbane Cricket Ground, Woolloongabba",1,46.7,Pakistan,Zimbabwe,Wahab Riaz,Sohail Khan,TL Chatara,1,0,,,,,,,,,
656443,2014/15,2015-03-01,"Brisbane Cricket Ground, Woolloongabba",1,47.1,Pakistan,Zimbabwe,Wahab Riaz,Sohail Khan,T Panyangara,0,0,,,,,,,,,
656443,2014/15,2015-03-01,"Brisbane Cricket Ground, Woolloongabba",1,47.2,Pakistan,Zimbabwe,Wahab Riaz,Sohail Khan,T Panyangara,0,0,,,,,,,,,
656443,2014/15,2015-03-01,"Brisbane Cricket Ground, Woolloongabba",1,47.3,Pakistan,Zimbabwe,Wahab Riaz,Sohail Khan,T Panyangara,1,0,,,,,,,,,
656443,2014/15,2015-03-01,"Brisbane Cricket Ground, Woolloongabba",1,47.4,Pakistan,Zimbabwe,Sohail Khan,Wahab Riaz,T Panyangara,1,0,,,,,,,,,
656443,2014/15,2015-03-01,"Brisbane Cricket Ground, Woolloongabba",1,47.5,Pakistan,Zimbabwe,Wahab Riaz,Sohail Khan,T Panyangara,6,0,,,,,,,,,
656443,2014/15,2015-03-01,"Brisbane Cricket Ground, Woolloongabba",1,47.6,Pakistan,Zimbabwe,Wahab Riaz,Sohail Khan,T Panyangara,2,0,,,,,,,,,
656443,2014/15,2015-03-01,"Brisbane Cricket Ground, Woolloongabba",1,48.1,Pakistan,Zimbabwe,Sohail Khan,Wahab Riaz,TL Chatara,1,0,,,,,,,,,
656443,2014/15,2015-03-01,"Brisbane Cricket Ground, Woolloongabba",1,48.2,Pakistan,Zimbabwe,Wahab Riaz,Sohail Khan,TL Chatara,0,0,,,,,,,,,
656443,2014/15,2015-03-01,"Brisbane Cricket Ground, Woolloongabba",1,48.3,Pakistan,Zimbabwe,Wahab Riaz,Sohail Khan,TL Chatara,0,1,1,,,,,,,,
656443,2014/15,2015-03-01,"Brisbane Cricket Ground, Woolloongabba",1,48.4,Pakistan,Zimbabwe,Wahab Riaz,Sohail Khan,TL Chatara,1,0,,,,,,,,,
656443,2014/15,2015-03-01,"Brisbane Cricket Ground, Woolloongabba",1,48.5,Pakistan,Zimbabwe,Sohail Khan,Wahab Riaz,TL Chatara,0,1,,,,1,,,,,
656443,2014/15,2015-03-01,"Brisbane Cricket Ground, Woolloongabba",1,48.6,Pakistan,Zimbabwe,Wahab Riaz,Sohail Khan,TL Chatara,2,0,,,,,,,,,
656443,2014/15,2015-03-01,"Brisbane Cricket Ground, Woolloongabba",1,48.7,Pakistan,Zimbabwe,Wahab Riaz,Sohail Khan,TL Chatara,0,0,,,,,,,,,
656443,2014/15,2015-03-01,"Brisbane Cricket Ground, Woolloongabba",1,49.1,Pakistan,Zimbabwe,Sohail Khan,Wahab Riaz,T Panyangara,2,0,,,,,,,,,
656443,2014/15,2015-03-01,"Brisbane Cricket Ground, Woolloongabba",1,49.2,Pakistan,Zimbabwe,Sohail Khan,Wahab Riaz,T Panyangara,1,0,,,,,,,,,
656443,2014/15,2015-03-01,"Brisbane Cricket Ground, Woolloongabba",1,49.3,Pakistan,Zimbabwe,Wahab Riaz,Sohail Khan,T Panyangara,0,0,,,,,,,,,
656443,2014/15,2015-03-01,"Brisbane Cricket Ground, Woolloongabba",1,49.4,Pakistan,Zimbabwe,Wahab Riaz,Sohail Khan,T Panyangara,4,0,,,,,,,,,
656443,2014/15,2015-03-01,"Brisbane Cricket Ground, Woolloongabba",1,49.5,Pakistan,Zimbabwe,Wahab Riaz,Sohail Khan,T Panyangara,2,0,,,,,,,,,
656443,2014/15,2015-03-01,"Brisbane Cricket Ground, Woolloongabba",1,49.6,Pakistan,Zimbabwe,Wahab Riaz,Sohail Khan,T Panyangara,4,0,,,,,,,,,
656443,2014/15,2015-03-01,"Brisbane Cricket Ground, Woolloongabba",2,0.1,Zimbabwe,Pakistan,CJ Chibhabha,Sikandar Raza,Mohammad Irfan,0,0,,,,,,,,,
656443,2014/15,2015-03-01,"Brisbane Cricket Ground, Woolloongabba",2,0.2,Zimbabwe,Pakistan,CJ Chibhabha,Sikandar Raza,Mohammad Irfan,0,0,,,,,,,,,
656443,2014/15,2015-03-01,"Brisbane Cricket Ground, Woolloongabba",2,0.3,Zimbabwe,Pakistan,CJ Chibhabha,Sikandar Raza,Mohammad Irfan,0,0,,,,,,,,,
656443,2014/15,2015-03-01,"Brisbane Cricket Ground, Woolloongabba",2,0.4,Zimbabwe,Pakistan,CJ Chibhabha,Sikandar Raza,Mohammad Irfan,0,0,,,,,,,,,
656443,2014/15,2015-03-01,"Brisbane Cricket Ground, Woolloongabba",2,0.5,Zimbabwe,Pakistan,CJ Chibhabha,Sikandar Raza,Mohammad Irfan,0,0,,,,,,,,,
656443,2014/15,2015-03-01,"Brisbane Cricket Ground, Woolloongabba",2,0.6,Zimbabwe,Pakistan,CJ Chibhabha,Sikandar Raza,Mohammad Irfan,1,0,,,,,,,,,
656443,2014/15,2015-03-01,"Brisbane Cricket Ground, Woolloongabba",2,1.1,Zimbabwe,Pakistan,CJ Chibhabha,Sikandar Raza,Sohail Khan,0,0,,,,,,,,,
656443,2014/15,2015-03-01,"Brisbane Cricket Ground, Woolloongabba",2,1.2,Zimbabwe,Pakistan,CJ Chibhabha,Sikandar Raza,Sohail Khan,0,0,,,,,,,,,
656443,2014/15,2015-03-01,"Brisbane Cricket Ground, Woolloongabba",2,1.3,Zimbabwe,Pakistan,CJ Chibhabha,Sikandar Raza,Sohail Khan,0,0,,,,,,,,,
656443,2014/15,2015-03-01,"Brisbane Cricket Ground, Woolloongabba",2,1.4,Zimbabwe,Pakistan,CJ Chibhabha,Sikandar Raza,Sohail Khan,4,0,,,,,,,,,
656443,2014/15,2015-03-01,"Brisbane Cricket Ground, Woolloongabba",2,1.5,Zimbabwe,Pakistan,CJ Chibhabha,Sikandar Raza,Sohail Khan,0,0,,,,,,,,,
656443,2014/15,2015-03-01,"Brisbane Cricket Ground, Woolloongabba",2,1.6,Zimbabwe,Pakistan,CJ Chibhabha,Sikandar Raza,Sohail Khan,0,0,,,,,,,,,
656443,2014/15,2015-03-01,"Brisbane Cricket Ground, Woolloongabba",2,2.1,Zimbabwe,Pakistan,Sikandar Raza,CJ Chibhabha,Mohammad Irfan,0,0,,,,,,,,,
656443,2014/15,2015-03-01,"Brisbane Cricket Ground, Woolloongabba",2,2.2,Zimbabwe,Pakistan,Sikandar Raza,CJ Chibhabha,Mohammad Irfan,0,0,,,,,,,,,
656443,2014/15,2015-03-01,"Brisbane Cricket Ground, Woolloongabba",2,2.3,Zimbabwe,Pakistan,Sikandar Raza,CJ Chibhabha,Mohammad Irfan,0,0,,,,,,,,,
656443,2014/15,2015-03-01,"Brisbane Cricket Ground, Woolloongabba",2,2.4,Zimbabwe,Pakistan,Sikandar Raza,CJ Chibhabha,Mohammad Irfan,0,0,,,,,,,,,
656443,2014/15,2015-03-01,"Brisbane Cricket Ground, Woolloongabba",2,2.5,Zimbabwe,Pakistan,Sikandar Raza,CJ Chibhabha,Mohammad Irfan,0,0,,,,,,,,,
656443,2014/15,2015-03-01,"Brisbane Cricket Ground, Woolloongabba",2,2.6,Zimbabwe,Pakistan,Sikandar Raza,CJ Chibhabha,Mohammad Irfan,0,0,,,,,,,,,
656443,2014/15,2015-03-01,"Brisbane Cricket Ground, Woolloongabba",2,3.1,Zimbabwe,Pakistan,CJ Chibhabha,Sikandar Raza,Sohail Khan,4,0,,,,,,,,,
656443,2014/15,2015-03-01,"Brisbane Cricket Ground, Woolloongabba",2,3.2,Zimbabwe,Pakistan,CJ Chibhabha,Sikandar Raza,Sohail Khan,0,1,,,,1,,,,,
656443,2014/15,2015-03-01,"Brisbane Cricket Ground, Woolloongabba",2,3.3,Zimbabwe,Pakistan,Sikandar Raza,CJ Chibhabha,Sohail Khan,2,0,,,,,,,,,
656443,2014/15,2015-03-01,"Brisbane Cricket Ground, Woolloongabba",2,3.4,Zimbabwe,Pakistan,Sikandar Raza,CJ Chibhabha,Sohail Khan,0,0,,,,,,,,,
656443,2014/15,2015-03-01,"Brisbane Cricket Ground, Woolloongabba",2,3.5,Zimbabwe,Pakistan,Sikandar Raza,CJ Chibhabha,Sohail Khan,0,0,,,,,,,,,
656443,2014/15,2015-03-01,"Brisbane Cricket Ground, Woolloongabba",2,3.6,Zimbabwe,Pakistan,Sikandar Raza,CJ Chibhabha,Sohail Khan,2,0,,,,,,,,,
656443,2014/15,2015-03-01,"Brisbane Cricket Ground, Woolloongabba",2,4.1,Zimbabwe,Pakistan,CJ Chibhabha,Sikandar Raza,Mohammad Irfan,0,0,,,,,,,,,
656443,2014/15,2015-03-01,"Brisbane Cricket Ground, Woolloongabba",2,4.2,Zimbabwe,Pakistan,CJ Chibhabha,Sikandar Raza,Mohammad Irfan,0,0,,,,,,,,,
656443,2014/15,2015-03-01,"Brisbane Cricket Ground, Woolloongabba",2,4.3,Zimbabwe,Pakistan,CJ Chibhabha,Sikandar Raza,Mohammad Irfan,0,0,,,,,,,,,
656443,2014/15,2015-03-01,"Brisbane Cricket Ground, Woolloongabba",2,4.4,Zimbabwe,Pakistan,CJ Chibhabha,Sikandar Raza,Mohammad Irfan,0,0,,,,,,caught,CJ Chibhabha,,
656443,2014/15,2015-03-01,"Brisbane Cricket Ground, Woolloongabba",2,4.5,Zimbabwe,Pakistan,H Masakadza,Sikandar Raza,Mohammad Irfan,1,0,,,,,,,,,
656443,2014/15,2015-03-01,"Brisbane Cricket Ground, Woolloongabba",2,4.6,Zimbabwe,Pakistan,Sikandar Raza,H Masakadza,Mohammad Irfan,0,0,,,,,,,,,
656443,2014/15,2015-03-01,"Brisbane Cricket Ground, Woolloongabba",2,5.1,Zimbabwe,Pakistan,H Masakadza,Sikandar Raza,Sohail Khan,0,0,,,,,,,,,
656443,2014/15,2015-03-01,"Brisbane Cricket Ground, Woolloongabba",2,5.2,Zimbabwe,Pakistan,H Masakadza,Sikandar Raza,Sohail Khan,2,0,,,,,,,,,
656443,2014/15,2015-03-01,"Brisbane Cricket Ground, Woolloongabba",2,5.3,Zimbabwe,Pakistan,H Masakadza,Sikandar Raza,Sohail Khan,0,0,,,,,,,,,
656443,2014/15,2015-03-01,"Brisbane Cricket Ground, Woolloongabba",2,5.4,Zimbabwe,Pakistan,H Masakadza,Sikandar Raza,Sohail Khan,0,0,,,,,,,,,
656443,2014/15,2015-03-01,"Brisbane Cricket Ground, Woolloongabba",2,5.5,Zimbabwe,Pakistan,H Masakadza,Sikandar Raza,Sohail Khan,0,0,,,,,,,,,
656443,2014/15,2015-03-01,"Brisbane Cricket Ground, Woolloongabba",2,5.6,Zimbabwe,Pakistan,H Masakadza,Sikandar Raza,Sohail Khan,0,0,,,,,,,,,
656443,2014/15,2015-03-01,"Brisbane Cricket Ground, Woolloongabba",2,6.1,Zimbabwe,Pakistan,Sikandar Raza,H Masakadza,Mohammad Irfan,0,1,1,,,,,,,,
656443,2014/15,2015-03-01,"Brisbane Cricket Ground, Woolloongabba",2,6.2,Zimbabwe,Pakistan,Sikandar Raza,H Masakadza,Mohammad Irfan,0,0,,,,,,,,,
656443,2014/15,2015-03-01,"Brisbane Cricket Ground, Woolloongabba",2,6.3,Zimbabwe,Pakistan,Sikandar Raza,H Masakadza,Mohammad Irfan,2,0,,,,,,,,,
656443,2014/15,2015-03-01,"Brisbane Cricket Ground, Woolloongabba",2,6.4,Zimbabwe,Pakistan,Sikandar Raza,H Masakadza,Mohammad Irfan,2,0,,,,,,,,,
656443,2014/15,2015-03-01,"Brisbane Cricket Ground, Woolloongabba",2,6.5,Zimbabwe,Pakistan,Sikandar Raza,H Masakadza,Mohammad Irfan,0,0,,,,,,caught,Sikandar Raza,,
656443,2014/15,2015-03-01,"Brisbane Cricket Ground, Woolloongabba",2,6.6,Zimbabwe,Pakistan,BRM Taylor,H Masakadza,Mohammad Irfan,0,0,,,,,,,,,
656443,2014/15,2015-03-01,"Brisbane Cricket Ground, Woolloongabba",2,6.7,Zimbabwe,Pakistan,BRM Taylor,H Masakadza,Mohammad Irfan,0,0,,,,,,,,,
656443,2014/15,2015-03-01,"Brisbane Cricket Ground, Woolloongabba",2,7.1,Zimbabwe,Pakistan,H Masakadza,BRM Taylor,Sohail Khan,0,0,,,,,,,,,
656443,2014/15,2015-03-01,"Brisbane Cricket Ground, Woolloongabba",2,7.2,Zimbabwe,Pakistan,H Masakadza,BRM Taylor,Sohail Khan,0,0,,,,,,,,,
656443,2014/15,2015-03-01,"Brisbane Cricket Ground, Woolloongabba",2,7.3,Zimbabwe,Pakistan,H Masakadza,BRM Taylor,Sohail Khan,0,0,,,,,,,,,
656443,2014/15,2015-03-01,"Brisbane Cricket Ground, Woolloongabba",2,7.4,Zimbabwe,Pakistan,H Masakadza,BRM Taylor,Sohail Khan,0,0,,,,,,,,,
656443,2014/15,2015-03-01,"Brisbane Cricket Ground, Woolloongabba",2,7.5,Zimbabwe,Pakistan,H Masakadza,BRM Taylor,Sohail Khan,1,0,,,,,,,,,
656443,2014/15,2015-03-01,"Brisbane Cricket Ground, Woolloongabba",2,7.6,Zimbabwe,Pakistan,BRM Taylor,H Masakadza,Sohail Khan,0,0,,,,,,,,,
656443,2014/15,2015-03-01,"Brisbane Cricket Ground, Woolloongabba",2,8.1,Zimbabwe,Pakistan,H Masakadza,BRM Taylor,Mohammad Irfan,1,0,,,,,,,,,
656443,2014/15,2015-03-01,"Brisbane Cricket Ground, Woolloongabba",2,8.2,Zimbabwe,Pakistan,BRM Taylor,H Masakadza,Mohammad Irfan,0,0,,,,,,,,,
656443,2014/15,2015-03-01,"Brisbane Cricket Ground, Woolloongabba",2,8.3,Zimbabwe,Pakistan,BRM Taylor,H Masakadza,Mohammad Irfan,0,0,,,,,,,,,
656443,2014/15,2015-03-01,"Brisbane Cricket Ground, Woolloongabba",2,8.4,Zimbabwe,Pakistan,BRM Taylor,H Masakadza,Mohammad Irfan,0,0,,,,,,,,,
656443,2014/15,2015-03-01,"Brisbane Cricket Ground, Woolloongabba",2,8.5,Zimbabwe,Pakistan,BRM Taylor,H Masakadza,Mohammad Irfan,0,0,,,,,,,,,
656443,2014/15,2015-03-01,"Brisbane Cricket Ground, Woolloongabba",2,8.6,Zimbabwe,Pakistan,BRM Taylor,H Masakadza,Mohammad Irfan,0,0,,,,,,,,,
656443,2014/15,2015-03-01,"Brisbane Cricket Ground, Woolloongabba",2,9.1,Zimbabwe,Pakistan,H Masakadza,BRM Taylor,Sohail Khan,0,0,,,,,,,,,
656443,2014/15,2015-03-01,"Brisbane Cricket Ground, Woolloongabba",2,9.2,Zimbabwe,Pakistan,H Masakadza,BRM Taylor,Sohail Khan,0,0,,,,,,,,,
656443,2014/15,2015-03-01,"Brisbane Cricket Ground, Woolloongabba",2,9.3,Zimbabwe,Pakistan,H Masakadza,BRM Taylor,Sohail Khan,0,0,,,,,,,,,
656443,2014/15,2015-03-01,"Brisbane Cricket Ground, Woolloongabba",2,9.4,Zimbabwe,Pakistan,H Masakadza,BRM Taylor,Sohail Khan,4,0,,,,,,,,,
656443,2014/15,2015-03-01,"Brisbane Cricket Ground, Woolloongabba",2,9.5,Zimbabwe,Pakistan,H Masakadza,BRM Taylor,Sohail Khan,0,0,,,,,,,,,
656443,2014/15,2015-03-01,"Brisbane Cricket Ground, Woolloongabba",2,9.6,Zimbabwe,Pakistan,H Masakadza,BRM Taylor,Sohail Khan,0,0,,,,,,,,,
656443,2014/15,2015-03-01,"Brisbane Cricket Ground, Woolloongabba",2,10.1,Zimbabwe,Pakistan,BRM Taylor,H Masakadza,Rahat Ali,0,1,1,,,,,,,,
656443,2014/15,2015-03-01,"Brisbane Cricket Ground, Woolloongabba",2,10.2,Zimbabwe,Pakistan,BRM Taylor,H Masakadza,Rahat Ali,0,1,1,,,,,,,,
656443,2014/15,2015-03-01,"Brisbane Cricket Ground, Woolloongabba",2,10.3,Zimbabwe,Pakistan,BRM Taylor,H Masakadza,Rahat Ali,0,0,,,,,,,,,
656443,2014/15,2015-03-01,"Brisbane Cricket Ground, Woolloongabba",2,10.4,Zimbabwe,Pakistan,BRM Taylor,H Masakadza,Rahat Ali,1,0,,,,,,,,,
656443,2014/15,2015-03-01,"Brisbane Cricket Ground, Woolloongabba",2,10.5,Zimbabwe,Pakistan,H Masakadza,BRM Taylor,Rahat Ali,0,0,,,,,,,,,
656443,2014/15,2015-03-01,"Brisbane Cricket Ground, Woolloongabba",2,10.6,Zimbabwe,Pakistan,H Masakadza,BRM Taylor,Rahat Ali,4,0,,,,,,,,,
656443,2014/15,2015-03-01,"Brisbane Cricket Ground, Woolloongabba",2,10.7,Zimbabwe,Pakistan,H Masakadza,BRM Taylor,Rahat Ali,1,0,,,,,,,,,
656443,2014/15,2015-03-01,"Brisbane Cricket Ground, Woolloongabba",2,10.8,Zimbabwe,Pakistan,BRM Taylor,H Masakadza,Rahat Ali,1,0,,,,,,,,,
656443,2014/15,2015-03-01,"Brisbane Cricket Ground, Woolloongabba",2,11.1,Zimbabwe,Pakistan,BRM Taylor,H Masakadza,Wahab Riaz,4,0,,,,,,,,,
656443,2014/15,2015-03-01,"Brisbane Cricket Ground, Woolloongabba",2,11.2,Zimbabwe,Pakistan,BRM Taylor,H Masakadza,Wahab Riaz,0,1,1,,,,,,,,
656443,2014/15,2015-03-01,"Brisbane Cricket Ground, Woolloongabba",2,11.3,Zimbabwe,Pakistan,BRM Taylor,H Masakadza,Wahab Riaz,0,0,,,,,,,,,
656443,2014/15,2015-03-01,"Brisbane Cricket Ground, Woolloongabba",2,11.4,Zimbabwe,Pakistan,BRM Taylor,H Masakadza,Wahab Riaz,0,0,,,,,,,,,
656443,2014/15,2015-03-01,"Brisbane Cricket Ground, Woolloongabba",2,11.5,Zimbabwe,Pakistan,BRM Taylor,H Masakadza,Wahab Riaz,0,0,,,,,,,,,
656443,2014/15,2015-03-01,"Brisbane Cricket Ground, Woolloongabba",2,11.6,Zimbabwe,Pakistan,BRM Taylor,H Masakadza,Wahab Riaz,2,0,,,,,,,,,
656443,2014/15,2015-03-01,"Brisbane Cricket Ground, Woolloongabba",2,11.7,Zimbabwe,Pakistan,BRM Taylor,H Masakadza,Wahab Riaz,0,0,,,,,,,,,
656443,2014/15,2015-03-01,"Brisbane Cricket Ground, Woolloongabba",2,12.1,Zimbabwe,Pakistan,H Masakadza,BRM Taylor,Rahat Ali,0,0,,,,,,,,,
656443,2014/15,2015-03-01,"Brisbane Cricket Ground, Woolloongabba",2,12.2,Zimbabwe,Pakistan,H Masakadza,BRM Taylor,Rahat Ali,1,0,,,,,,,,,
656443,2014/15,2015-03-01,"Brisbane Cricket Ground, Woolloongabba",2,12.3,Zimbabwe,Pakistan,BRM Taylor,H Masakadza,Rahat Ali,0,0,,,,,,,,,
656443,2014/15,2015-03-01,"Brisbane Cricket Ground, Woolloongabba",2,12.4,Zimbabwe,Pakistan,BRM Taylor,H Masakadza,Rahat Ali,0,0,,,,,,,,,
656443,2014/15,2015-03-01,"Brisbane Cricket Ground, Woolloongabba",2,12.5,Zimbabwe,Pakistan,BRM Taylor,H Masakadza,Rahat Ali,0,0,,,,,,,,,
656443,2014/15,2015-03-01,"Brisbane Cricket Ground, Woolloongabba",2,12.6,Zimbabwe,Pakistan,BRM Taylor,H Masakadza,Rahat Ali,0,0,,,,,,,,,
656443,2014/15,2015-03-01,"Brisbane Cricket Ground, Woolloongabba",2,13.1,Zimbabwe,Pakistan,H Masakadza,BRM Taylor,Wahab Riaz,0,0,,,,,,,,,
656443,2014/15,2015-03-01,"Brisbane Cricket Ground, Woolloongabba",2,13.2,Zimbabwe,Pakistan,H Masakadza,BRM Taylor,Wahab Riaz,0,0,,,,,,,,,
656443,2014/15,2015-03-01,"Brisbane Cricket Ground, Woolloongabba",2,13.3,Zimbabwe,Pakistan,H Masakadza,BRM Taylor,Wahab Riaz,0,0,,,,,,,,,
656443,2014/15,2015-03-01,"Brisbane Cricket Ground, Woolloongabba",2,13.4,Zimbabwe,Pakistan,H Masakadza,BRM Taylor,Wahab Riaz,0,0,,,,,,,,,
656443,2014/15,2015-03-01,"Brisbane Cricket Ground, Woolloongabba",2,13.5,Zimbabwe,Pakistan,H Masakadza,BRM Taylor,Wahab Riaz,1,0,,,,,,,,,
656443,2014/15,2015-03-01,"Brisbane Cricket Ground, Woolloongabba",2,13.6,Zimbabwe,Pakistan,BRM Taylor,H Masakadza,Wahab Riaz,0,0,,,,,,,,,
656443,2014/15,2015-03-01,"Brisbane Cricket Ground, Woolloongabba",2,14.1,Zimbabwe,Pakistan,H Masakadza,BRM Taylor,Rahat Ali,0,0,,,,,,,,,
656443,2014/15,2015-03-01,"Brisbane Cricket Ground, Woolloongabba",2,14.2,Zimbabwe,Pakistan,H Masakadza,BRM Taylor,Rahat Ali,0,0,,,,,,,,,
656443,2014/15,2015-03-01,"Brisbane Cricket Ground, Woolloongabba",2,14.3,Zimbabwe,Pakistan,H Masakadza,BRM Taylor,Rahat Ali,0,0,,,,,,,,,
656443,2014/15,2015-03-01,"Brisbane Cricket Ground, Woolloongabba",2,14.4,Zimbabwe,Pakistan,H Masakadza,BRM Taylor,Rahat Ali,0,0,,,,,,,,,
656443,2014/15,2015-03-01,"Brisbane Cricket Ground, Woolloongabba",2,14.5,Zimbabwe,Pakistan,H Masakadza,BRM Taylor,Rahat Ali,1,0,,,,,,,,,
656443,2014/15,2015-03-01,"Brisbane Cricket Ground, Woolloongabba",2,14.6,Zimbabwe,Pakistan,BRM Taylor,H Masakadza,Rahat Ali,0,0,,,,,,,,,
656443,2014/15,2015-03-01,"Brisbane Cricket Ground, Woolloongabba",2,15.1,Zimbabwe,Pakistan,H Masakadza,BRM Taylor,Wahab Riaz,0,0,,,,,,,,,
656443,2014/15,2015-03-01,"Brisbane Cricket Ground, Woolloongabba",2,15.2,Zimbabwe,Pakistan,H Masakadza,BRM Taylor,Wahab Riaz,0,0,,,,,,,,,
656443,2014/15,2015-03-01,"Brisbane Cricket Ground, Woolloongabba",2,15.3,Zimbabwe,Pakistan,H Masakadza,BRM Taylor,Wahab Riaz,0,0,,,,,,,,,
656443,2014/15,2015-03-01,"Brisbane Cricket Ground, Woolloongabba",2,15.4,Zimbabwe,Pakistan,H Masakadza,BRM Taylor,Wahab Riaz,4,0,,,,,,,,,
656443,2014/15,2015-03-01,"Brisbane Cricket Ground, Woolloongabba",2,15.5,Zimbabwe,Pakistan,H Masakadza,BRM Taylor,Wahab Riaz,0,0,,,,,,,,,
656443,2014/15,2015-03-01,"Brisbane Cricket Ground, Woolloongabba",2,15.6,Zimbabwe,Pakistan,H Masakadza,BRM Taylor,Wahab Riaz,2,0,,,,,,,,,
656443,2014/15,2015-03-01,"Brisbane Cricket Ground, Woolloongabba",2,16.1,Zimbabwe,Pakistan,BRM Taylor,H Masakadza,Rahat Ali,0,0,,,,,,,,,
656443,2014/15,2015-03-01,"Brisbane Cricket Ground, Woolloongabba",2,16.2,Zimbabwe,Pakistan,BRM Taylor,H Masakadza,Rahat Ali,0,0,,,,,,,,,
656443,2014/15,2015-03-01,"Brisbane Cricket Ground, Woolloongabba",2,16.3,Zimbabwe,Pakistan,BRM Taylor,H Masakadza,Rahat Ali,1,0,,,,,,,,,
656443,2014/15,2015-03-01,"Brisbane Cricket Ground, Woolloongabba",2,16.4,Zimbabwe,Pakistan,H Masakadza,BRM Taylor,Rahat Ali,0,0,,,,,,,,,
656443,2014/15,2015-03-01,"Brisbane Cricket Ground, Woolloongabba",2,16.5,Zimbabwe,Pakistan,H Masakadza,BRM Taylor,Rahat Ali,0,1,1,,,,,,,,
656443,2014/15,2015-03-01,"Brisbane Cricket Ground, Woolloongabba",2,16.6,Zimbabwe,Pakistan,H Masakadza,BRM Taylor,Rahat Ali,0,0,,,,,,,,,
656443,2014/15,2015-03-01,"Brisbane Cricket Ground, Woolloongabba",2,16.7,Zimbabwe,Pakistan,H Masakadza,BRM Taylor,Rahat Ali,0,0,,,,,,,,,
656443,2014/15,2015-03-01,"Brisbane Cricket Ground, Woolloongabba",2,17.1,Zimbabwe,Pakistan,BRM Taylor,H Masakadza,Wahab Riaz,0,0,,,,,,,,,
656443,2014/15,2015-03-01,"Brisbane Cricket Ground, Woolloongabba",2,17.2,Zimbabwe,Pakistan,BRM Taylor,H Masakadza,Wahab Riaz,0,0,,,,,,,,,
656443,2014/15,2015-03-01,"Brisbane Cricket Ground, Woolloongabba",2,17.3,Zimbabwe,Pakistan,BRM Taylor,H Masakadza,Wahab Riaz,0,0,,,,,,,,,
656443,2014/15,2015-03-01,"Brisbane Cricket Ground, Woolloongabba",2,17.4,Zimbabwe,Pakistan,BRM Taylor,H Masakadza,Wahab Riaz,3,0,,,,,,,,,
656443,2014/15,2015-03-01,"Brisbane Cricket Ground, Woolloongabba",2,17.5,Zimbabwe,Pakistan,H Masakadza,BRM Taylor,Wahab Riaz,0,0,,,,,,,,,
656443,2014/15,2015-03-01,"Brisbane Cricket Ground, Woolloongabba",2,17.6,Zimbabwe,Pakistan,H Masakadza,BRM Taylor,Wahab Riaz,0,0,,,,,,,,,
656443,2014/15,2015-03-01,"Brisbane Cricket Ground, Woolloongabba",2,18.1,Zimbabwe,Pakistan,BRM Taylor,H Masakadza,Rahat Ali,1,0,,,,,,,,,
656443,2014/15,2015-03-01,"Brisbane Cricket Ground, Woolloongabba",2,18.2,Zimbabwe,Pakistan,H Masakadza,BRM Taylor,Rahat Ali,4,0,,,,,,,,,
656443,2014/15,2015-03-01,"Brisbane Cricket Ground, Woolloongabba",2,18.3,Zimbabwe,Pakistan,H Masakadza,BRM Taylor,Rahat Ali,0,0,,,,,,,,,
656443,2014/15,2015-03-01,"Brisbane Cricket Ground, Woolloongabba",2,18.4,Zimbabwe,Pakistan,H Masakadza,BRM Taylor,Rahat Ali,1,0,,,,,,,,,
656443,2014/15,2015-03-01,"Brisbane Cricket Ground, Woolloongabba",2,18.5,Zimbabwe,Pakistan,BRM Taylor,H Masakadza,Rahat Ali,1,0,,,,,,,,,
656443,2014/15,2015-03-01,"Brisbane Cricket Ground, Woolloongabba",2,18.6,Zimbabwe,Pakistan,H Masakadza,BRM Taylor,Rahat Ali,0,0,,,,,,,,,
656443,2014/15,2015-03-01,"Brisbane Cricket Ground, Woolloongabba",2,19.1,Zimbabwe,Pakistan,BRM Taylor,H Masakadza,Wahab Riaz,0,0,,,,,,,,,
656443,2014/15,2015-03-01,"Brisbane Cricket Ground, Woolloongabba",2,19.2,Zimbabwe,Pakistan,BRM Taylor,H Masakadza,Wahab Riaz,4,0,,,,,,,,,
656443,2014/15,2015-03-01,"Brisbane Cricket Ground, Woolloongabba",2,19.3,Zimbabwe,Pakistan,BRM Taylor,H Masakadza,Wahab Riaz,0,0,,,,,,,,,
656443,2014/15,2015-03-01,"Brisbane Cricket Ground, Woolloongabba",2,19.4,Zimbabwe,Pakistan,BRM Taylor,H Masakadza,Wahab Riaz,0,0,,,,,,,,,
656443,2014/15,2015-03-01,"Brisbane Cricket Ground, Woolloongabba",2,19.5,Zimbabwe,Pakistan,BRM Taylor,H Masakadza,Wahab Riaz,3,0,,,,,,,,,
656443,2014/15,2015-03-01,"Brisbane Cricket Ground, Woolloongabba",2,19.6,Zimbabwe,Pakistan,H Masakadza,BRM Taylor,Wahab Riaz,0,0,,,,,,,,,
656443,2014/15,2015-03-01,"Brisbane Cricket Ground, Woolloongabba",2,20.1,Zimbabwe,Pakistan,BRM Taylor,H Masakadza,Shahid Afridi,0,0,,,,,,,,,
656443,2014/15,2015-03-01,"Brisbane Cricket Ground, Woolloongabba",2,20.2,Zimbabwe,Pakistan,BRM Taylor,H Masakadza,Shahid Afridi,0,0,,,,,,,,,
656443,2014/15,2015-03-01,"Brisbane Cricket Ground, Woolloongabba",2,20.3,Zimbabwe,Pakistan,BRM Taylor,H Masakadza,Shahid Afridi,0,0,,,,,,,,,
656443,2014/15,2015-03-01,"Brisbane Cricket Ground, Woolloongabba",2,20.4,Zimbabwe,Pakistan,BRM Taylor,H Masakadza,Shahid Afridi,1,0,,,,,,,,,
656443,2014/15,2015-03-01,"Brisbane Cricket Ground, Woolloongabba",2,20.5,Zimbabwe,Pakistan,H Masakadza,BRM Taylor,Shahid Afridi,0,0,,,,,,,,,
656443,2014/15,2015-03-01,"Brisbane Cricket Ground, Woolloongabba",2,20.6,Zimbabwe,Pakistan,H Masakadza,BRM Taylor,Shahid Afridi,1,0,,,,,,,,,
656443,2014/15,2015-03-01,"Brisbane Cricket Ground, Woolloongabba",2,21.1,Zimbabwe,Pakistan,H Masakadza,BRM Taylor,Mohammad Irfan,0,0,,,,,,,,,
656443,2014/15,2015-03-01,"Brisbane Cricket Ground, Woolloongabba",2,21.2,Zimbabwe,Pakistan,H Masakadza,BRM Taylor,Mohammad Irfan,0,0,,,,,,caught,H Masakadza,,
656443,2014/15,2015-03-01,"Brisbane Cricket Ground, Woolloongabba",2,21.3,Zimbabwe,Pakistan,BRM Taylor,SC Williams,Mohammad Irfan,0,0,,,,,,,,,
656443,2014/15,2015-03-01,"Brisbane Cricket Ground, Woolloongabba",2,21.4,Zimbabwe,Pakistan,BRM Taylor,SC Williams,Mohammad Irfan,0,0,,,,,,,,,
656443,2014/15,2015-03-01,"Brisbane Cricket Ground, Woolloongabba",2,21.5,Zimbabwe,Pakistan,BRM Taylor,SC Williams,Mohammad Irfan,0,0,,,,,,,,,
656443,2014/15,2015-03-01,"Brisbane Cricket Ground, Woolloongabba",2,21.6,Zimbabwe,Pakistan,BRM Taylor,SC Williams,Mohammad Irfan,0,0,,,,,,,,,
656443,2014/15,2015-03-01,"Brisbane Cricket Ground, Woolloongabba",2,22.1,Zimbabwe,Pakistan,SC Williams,BRM Taylor,Shahid Afridi,1,0,,,,,,,,,
656443,2014/15,2015-03-01,"Brisbane Cricket Ground, Woolloongabba",2,22.2,Zimbabwe,Pakistan,BRM Taylor,SC Williams,Shahid Afridi,4,0,,,,,,,,,
656443,2014/15,2015-03-01,"Brisbane Cricket Ground, Woolloongabba",2,22.3,Zimbabwe,Pakistan,BRM Taylor,SC Williams,Shahid Afridi,0,0,,,,,,,,,
656443,2014/15,2015-03-01,"Brisbane Cricket Ground, Woolloongabba",2,22.4,Zimbabwe,Pakistan,BRM Taylor,SC Williams,Shahid Afridi,0,0,,,,,,,,,
656443,2014/15,2015-03-01,"Brisbane Cricket Ground, Woolloongabba",2,22.5,Zimbabwe,Pakistan,BRM Taylor,SC Williams,Shahid Afridi,4,0,,,,,,,,,
656443,2014/15,2015-03-01,"Brisbane Cricket Ground, Woolloongabba",2,22.6,Zimbabwe,Pakistan,BRM Taylor,SC Williams,Shahid Afridi,0,0,,,,,,,,,
656443,2014/15,2015-03-01,"Brisbane Cricket Ground, Woolloongabba",2,23.1,Zimbabwe,Pakistan,SC Williams,BRM Taylor,Mohammad Irfan,4,0,,,,,,,,,
656443,2014/15,2015-03-01,"Brisbane Cricket Ground, Woolloongabba",2,23.2,Zimbabwe,Pakistan,SC Williams,BRM Taylor,Mohammad Irfan,0,0,,,,,,,,,
656443,2014/15,2015-03-01,"Brisbane Cricket Ground, Woolloongabba",2,23.3,Zimbabwe,Pakistan,SC Williams,BRM Taylor,Mohammad Irfan,2,0,,,,,,,,,
656443,2014/15,2015-03-01,"Brisbane Cricket Ground, Woolloongabba",2,23.4,Zimbabwe,Pakistan,SC Williams,BRM Taylor,Mohammad Irfan,0,5,5,,,,,,,,
656443,2014/15,2015-03-01,"Brisbane Cricket Ground, Woolloongabba",2,23.5,Zimbabwe,Pakistan,SC Williams,BRM Taylor,Mohammad Irfan,4,0,,,,,,,,,
656443,2014/15,2015-03-01,"Brisbane Cricket Ground, Woolloongabba",2,23.6,Zimbabwe,Pakistan,SC Williams,BRM Taylor,Mohammad Irfan,0,0,,,,,,,,,
656443,2014/15,2015-03-01,"Brisbane Cricket Ground, Woolloongabba",2,23.7,Zimbabwe,Pakistan,SC Williams,BRM Taylor,Mohammad Irfan,0,0,,,,,,,,,
656443,2014/15,2015-03-01,"Brisbane Cricket Ground, Woolloongabba",2,24.1,Zimbabwe,Pakistan,BRM Taylor,SC Williams,Shahid Afridi,4,0,,,,,,,,,
656443,2014/15,2015-03-01,"Brisbane Cricket Ground, Woolloongabba",2,24.2,Zimbabwe,Pakistan,BRM Taylor,SC Williams,Shahid Afridi,0,0,,,,,,,,,
656443,2014/15,2015-03-01,"Brisbane Cricket Ground, Woolloongabba",2,24.3,Zimbabwe,Pakistan,BRM Taylor,SC Williams,Shahid Afridi,1,0,,,,,,,,,
656443,2014/15,2015-03-01,"Brisbane Cricket Ground, Woolloongabba",2,24.4,Zimbabwe,Pakistan,SC Williams,BRM Taylor,Shahid Afridi,0,0,,,,,,,,,
656443,2014/15,2015-03-01,"Brisbane Cricket Ground, Woolloongabba",2,24.5,Zimbabwe,Pakistan,SC Williams,BRM Taylor,Shahid Afridi,1,0,,,,,,,,,
656443,2014/15,2015-03-01,"Brisbane Cricket Ground, Woolloongabba",2,24.6,Zimbabwe,Pakistan,BRM Taylor,SC Williams,Shahid Afridi,1,0,,,,,,,,,
656443,2014/15,2015-03-01,"Brisbane Cricket Ground, Woolloongabba",2,25.1,Zimbabwe,Pakistan,BRM Taylor,SC Williams,Sohail Khan,0,0,,,,,,,,,
656443,2014/15,2015-03-01,"Brisbane Cricket Ground, Woolloongabba",2,25.2,Zimbabwe,Pakistan,BRM Taylor,SC Williams,Sohail Khan,1,0,,,,,,,,,
656443,2014/15,2015-03-01,"Brisbane Cricket Ground, Woolloongabba",2,25.3,Zimbabwe,Pakistan,SC Williams,BRM Taylor,Sohail Khan,0,0,,,,,,,,,
656443,2014/15,2015-03-01,"Brisbane Cricket Ground, Woolloongabba",2,25.4,Zimbabwe,Pakistan,SC Williams,BRM Taylor,Sohail Khan,0,0,,,,,,,,,
656443,2014/15,2015-03-01,"Brisbane Cricket Ground, Woolloongabba",2,25.5,Zimbabwe,Pakistan,SC Williams,BRM Taylor,Sohail Khan,1,0,,,,,,,,,
656443,2014/15,2015-03-01,"Brisbane Cricket Ground, Woolloongabba",2,25.6,Zimbabwe,Pakistan,BRM Taylor,SC Williams,Sohail Khan,0,0,,,,,,,,,
656443,2014/15,2015-03-01,"Brisbane Cricket Ground, Woolloongabba",2,26.1,Zimbabwe,Pakistan,SC Williams,BRM Taylor,Shahid Afridi,0,0,,,,,,,,,
656443,2014/15,2015-03-01,"Brisbane Cricket Ground, Woolloongabba",2,26.2,Zimbabwe,Pakistan,SC Williams,BRM Taylor,Shahid Afridi,0,3,,,3,,,,,,
656443,2014/15,2015-03-01,"Brisbane Cricket Ground, Woolloongabba",2,26.3,Zimbabwe,Pakistan,BRM Taylor,SC Williams,Shahid Afridi,1,0,,,,,,,,,
656443,2014/15,2015-03-01,"Brisbane Cricket Ground, Woolloongabba",2,26.4,Zimbabwe,Pakistan,SC Williams,BRM Taylor,Shahid Afridi,1,0,,,,,,,,,
656443,2014/15,2015-03-01,"Brisbane Cricket Ground, Woolloongabba",2,26.5,Zimbabwe,Pakistan,BRM Taylor,SC Williams,Shahid Afridi,2,0,,,,,,,,,
656443,2014/15,2015-03-01,"Brisbane Cricket Ground, Woolloongabba",2,26.6,Zimbabwe,Pakistan,BRM Taylor,SC Williams,Shahid Afridi,2,0,,,,,,,,,
656443,2014/15,2015-03-01,"Brisbane Cricket Ground, Woolloongabba",2,27.1,Zimbabwe,Pakistan,SC Williams,BRM Taylor,Sohail Khan,1,0,,,,,,,,,
656443,2014/15,2015-03-01,"Brisbane Cricket Ground, Woolloongabba",2,27.2,Zimbabwe,Pakistan,BRM Taylor,SC Williams,Sohail Khan,0,0,,,,,,,,,
656443,2014/15,2015-03-01,"Brisbane Cricket Ground, Woolloongabba",2,27.3,Zimbabwe,Pakistan,BRM Taylor,SC Williams,Sohail Khan,1,0,,,,,,,,,
656443,2014/15,2015-03-01,"Brisbane Cricket Ground, Woolloongabba",2,27.4,Zimbabwe,Pakistan,SC Williams,BRM Taylor,Sohail Khan,1,0,,,,,,,,,
656443,2014/15,2015-03-01,"Brisbane Cricket Ground, Woolloongabba",2,27.5,Zimbabwe,Pakistan,BRM Taylor,SC Williams,Sohail Khan,4,0,,,,,,,,,
656443,2014/15,2015-03-01,"Brisbane Cricket Ground, Woolloongabba",2,27.6,Zimbabwe,Pakistan,BRM Taylor,SC Williams,Sohail Khan,1,0,,,,,,,,,
656443,2014/15,2015-03-01,"Brisbane Cricket Ground, Woolloongabba",2,28.1,Zimbabwe,Pakistan,BRM Taylor,SC Williams,Rahat Ali,0,1,1,,,,,,,,
656443,2014/15,2015-03-01,"Brisbane Cricket Ground, Woolloongabba",2,28.2,Zimbabwe,Pakistan,BRM Taylor,SC Williams,Rahat Ali,0,0,,,,,,,,,
656443,2014/15,2015-03-01,"Brisbane Cricket Ground, Woolloongabba",2,28.3,Zimbabwe,Pakistan,BRM Taylor,SC Williams,Rahat Ali,0,0,,,,,,,,,
656443,2014/15,2015-03-01,"Brisbane Cricket Ground, Woolloongabba",2,28.4,Zimbabwe,Pakistan,BRM Taylor,SC Williams,Rahat Ali,0,0,,,,,,,,,
656443,2014/15,2015-03-01,"Brisbane Cricket Ground, Woolloongabba",2,28.5,Zimbabwe,Pakistan,BRM Taylor,SC Williams,Rahat Ali,1,0,,,,,,,,,
656443,2014/15,2015-03-01,"Brisbane Cricket Ground, Woolloongabba",2,28.6,Zimbabwe,Pakistan,SC Williams,BRM Taylor,Rahat Ali,1,0,,,,,,,,,
656443,2014/15,2015-03-01,"Brisbane Cricket Ground, Woolloongabba",2,28.7,Zimbabwe,Pakistan,BRM Taylor,SC Williams,Rahat Ali,1,0,,,,,,,,,
656443,2014/15,2015-03-01,"Brisbane Cricket Ground, Woolloongabba",2,29.1,Zimbabwe,Pakistan,BRM Taylor,SC Williams,Wahab Riaz,0,0,,,,,,,,,
656443,2014/15,2015-03-01,"Brisbane Cricket Ground, Woolloongabba",2,29.2,Zimbabwe,Pakistan,BRM Taylor,SC Williams,Wahab Riaz,0,0,,,,,,,,,
656443,2014/15,2015-03-01,"Brisbane Cricket Ground, Woolloongabba",2,29.3,Zimbabwe,Pakistan,BRM Taylor,SC Williams,Wahab Riaz,0,0,,,,,,caught,BRM Taylor,,
656443,2014/15,2015-03-01,"Brisbane Cricket Ground, Woolloongabba",2,29.4,Zimbabwe,Pakistan,CR Ervine,SC Williams,Wahab Riaz,0,0,,,,,,,,,
656443,2014/15,2015-03-01,"Brisbane Cricket Ground, Woolloongabba",2,29.5,Zimbabwe,Pakistan,CR Ervine,SC Williams,Wahab Riaz,0,0,,,,,,,,,
656443,2014/15,2015-03-01,"Brisbane Cricket Ground, Woolloongabba",2,29.6,Zimbabwe,Pakistan,CR Ervine,SC Williams,Wahab Riaz,0,0,,,,,,,,,
656443,2014/15,2015-03-01,"Brisbane Cricket Ground, Woolloongabba",2,30.1,Zimbabwe,Pakistan,SC Williams,CR Ervine,Rahat Ali,0,0,,,,,,,,,
656443,2014/15,2015-03-01,"Brisbane Cricket Ground, Woolloongabba",2,30.2,Zimbabwe,Pakistan,SC Williams,CR Ervine,Rahat Ali,2,1,,1,,,,,,,
656443,2014/15,2015-03-01,"Brisbane Cricket Ground, Woolloongabba",2,30.3,Zimbabwe,Pakistan,SC Williams,CR Ervine,Rahat Ali,2,0,,,,,,,,,
656443,2014/15,2015-03-01,"Brisbane Cricket Ground, Woolloongabba",2,30.4,Zimbabwe,Pakistan,SC Williams,CR Ervine,Rahat Ali,0,0,,,,,,,,,
656443,2014/15,2015-03-01,"Brisbane Cricket Ground, Woolloongabba",2,30.5,Zimbabwe,Pakistan,SC Williams,CR Ervine,Rahat Ali,0,0,,,,,,,,,
656443,2014/15,2015-03-01,"Brisbane Cricket Ground, Woolloongabba",2,30.6,Zimbabwe,Pakistan,SC Williams,CR Ervine,Rahat Ali,1,0,,,,,,,,,
656443,2014/15,2015-03-01,"Brisbane Cricket Ground, Woolloongabba",2,30.7,Zimbabwe,Pakistan,CR Ervine,SC Williams,Rahat Ali,1,0,,,,,,,,,
656443,2014/15,2015-03-01,"Brisbane Cricket Ground, Woolloongabba",2,31.1,Zimbabwe,Pakistan,CR Ervine,SC Williams,Wahab Riaz,1,0,,,,,,,,,
656443,2014/15,2015-03-01,"Brisbane Cricket Ground, Woolloongabba",2,31.2,Zimbabwe,Pakistan,SC Williams,CR Ervine,Wahab Riaz,1,0,,,,,,,,,
656443,2014/15,2015-03-01,"Brisbane Cricket Ground, Woolloongabba",2,31.3,Zimbabwe,Pakistan,CR Ervine,SC Williams,Wahab Riaz,1,0,,,,,,,,,
656443,2014/15,2015-03-01,"Brisbane Cricket Ground, Woolloongabba",2,31.4,Zimbabwe,Pakistan,SC Williams,CR Ervine,Wahab Riaz,1,0,,,,,,,,,
656443,2014/15,2015-03-01,"Brisbane Cricket Ground, Woolloongabba",2,31.5,Zimbabwe,Pakistan,CR Ervine,SC Williams,Wahab Riaz,1,0,,,,,,,,,
656443,2014/15,2015-03-01,"Brisbane Cricket Ground, Woolloongabba",2,31.6,Zimbabwe,Pakistan,SC Williams,CR Ervine,Wahab Riaz,4,0,,,,,,,,,
656443,2014/15,2015-03-01,"Brisbane Cricket Ground, Woolloongabba",2,32.1,Zimbabwe,Pakistan,CR Ervine,SC Williams,Shahid Afridi,0,0,,,,,,,,,
656443,2014/15,2015-03-01,"Brisbane Cricket Ground, Woolloongabba",2,32.2,Zimbabwe,Pakistan,CR Ervine,SC Williams,Shahid Afridi,0,0,,,,,,,,,
656443,2014/15,2015-03-01,"Brisbane Cricket Ground, Woolloongabba",2,32.3,Zimbabwe,Pakistan,CR Ervine,SC Williams,Shahid Afridi,1,0,,,,,,,,,
656443,2014/15,2015-03-01,"Brisbane Cricket Ground, Woolloongabba",2,32.4,Zimbabwe,Pakistan,SC Williams,CR Ervine,Shahid Afridi,0,0,,,,,,,,,
656443,2014/15,2015-03-01,"Brisbane Cricket Ground, Woolloongabba",2,32.5,Zimbabwe,Pakistan,SC Williams,CR Ervine,Shahid Afridi,2,0,,,,,,,,,
656443,2014/15,2015-03-01,"Brisbane Cricket Ground, Woolloongabba",2,32.6,Zimbabwe,Pakistan,SC Williams,CR Ervine,Shahid Afridi,3,0,,,,,,,,,
656443,2014/15,2015-03-01,"Brisbane Cricket Ground, Woolloongabba",2,33.1,Zimbabwe,Pakistan,SC Williams,CR Ervine,Rahat Ali,0,0,,,,,,,,,
656443,2014/15,2015-03-01,"Brisbane Cricket Ground, Woolloongabba",2,33.2,Zimbabwe,Pakistan,SC Williams,CR Ervine,Rahat Ali,0,0,,,,,,caught,SC Williams,,
656443,2014/15,2015-03-01,"Brisbane Cricket Ground, Woolloongabba",2,33.3,Zimbabwe,Pakistan,SF Mire,CR Ervine,Rahat Ali,0,0,,,,,,,,,
656443,2014/15,2015-03-01,"Brisbane Cricket Ground, Woolloongabba",2,33.4,Zimbabwe,Pakistan,SF Mire,CR Ervine,Rahat Ali,0,0,,,,,,,,,
656443,2014/15,2015-03-01,"Brisbane Cricket Ground, Woolloongabba",2,33.5,Zimbabwe,Pakistan,SF Mire,CR Ervine,Rahat Ali,0,0,,,,,,,,,
656443,2014/15,2015-03-01,"Brisbane Cricket Ground, Woolloongabba",2,33.6,Zimbabwe,Pakistan,SF Mire,CR Ervine,Rahat Ali,1,0,,,,,,,,,
656443,2014/15,2015-03-01,"Brisbane Cricket Ground, Woolloongabba",2,34.1,Zimbabwe,Pakistan,SF Mire,CR Ervine,Shahid Afridi,0,0,,,,,,,,,
656443,2014/15,2015-03-01,"Brisbane Cricket Ground, Woolloongabba",2,34.2,Zimbabwe,Pakistan,SF Mire,CR Ervine,Shahid Afridi,1,0,,,,,,,,,
656443,2014/15,2015-03-01,"Brisbane Cricket Ground, Woolloongabba",2,34.3,Zimbabwe,Pakistan,CR Ervine,SF Mire,Shahid Afridi,4,0,,,,,,,,,
656443,2014/15,2015-03-01,"Brisbane Cricket Ground, Woolloongabba",2,34.4,Zimbabwe,Pakistan,CR Ervine,SF Mire,Shahid Afridi,0,0,,,,,,,,,
656443,2014/15,2015-03-01,"Brisbane Cricket Ground, Woolloongabba",2,34.5,Zimbabwe,Pakistan,CR Ervine,SF Mire,Shahid Afridi,1,0,,,,,,,,,
656443,2014/15,2015-03-01,"Brisbane Cricket Ground, Woolloongabba",2,34.6,Zimbabwe,Pakistan,SF Mire,CR Ervine,Shahid Afridi,3,0,,,,,,,,,
656443,2014/15,2015-03-01,"Brisbane Cricket Ground, Woolloongabba",2,35.1,Zimbabwe,Pakistan,SF Mire,CR Ervine,Rahat Ali,0,0,,,,,,,,,
656443,2014/15,2015-03-01,"Brisbane Cricket Ground, Woolloongabba",2,35.2,Zimbabwe,Pakistan,SF Mire,CR Ervine,Rahat Ali,0,0,,,,,,,,,
656443,2014/15,2015-03-01,"Brisbane Cricket Ground, Woolloongabba",2,35.3,Zimbabwe,Pakistan,SF Mire,CR Ervine,Rahat Ali,0,0,,,,,,,,,
656443,2014/15,2015-03-01,"Brisbane Cricket Ground, Woolloongabba",2,35.4,Zimbabwe,Pakistan,SF Mire,CR Ervine,Rahat Ali,2,0,,,,,,,,,
656443,2014/15,2015-03-01,"Brisbane Cricket Ground, Woolloongabba",2,35.5,Zimbabwe,Pakistan,SF Mire,CR Ervine,Rahat Ali,1,0,,,,,,,,,
656443,2014/15,2015-03-01,"Brisbane Cricket Ground, Woolloongabba",2,35.6,Zimbabwe,Pakistan,CR Ervine,SF Mire,Rahat Ali,1,0,,,,,,,,,
656443,2014/15,2015-03-01,"Brisbane Cricket Ground, Woolloongabba",2,36.1,Zimbabwe,Pakistan,CR Ervine,SF Mire,Mohammad Irfan,0,0,,,,,,,,,
656443,2014/15,2015-03-01,"Brisbane Cricket Ground, Woolloongabba",2,36.2,Zimbabwe,Pakistan,CR Ervine,SF Mire,Mohammad Irfan,1,0,,,,,,,,,
656443,2014/15,2015-03-01,"Brisbane Cricket Ground, Woolloongabba",2,36.3,Zimbabwe,Pakistan,SF Mire,CR Ervine,Mohammad Irfan,0,1,1,,,,,,,,
656443,2014/15,2015-03-01,"Brisbane Cricket Ground, Woolloongabba",2,36.4,Zimbabwe,Pakistan,SF Mire,CR Ervine,Mohammad Irfan,0,0,,,,,,,,,
656443,2014/15,2015-03-01,"Brisbane Cricket Ground, Woolloongabba",2,36.5,Zimbabwe,Pakistan,SF Mire,CR Ervine,Mohammad Irfan,0,0,,,,,,caught,SF Mire,,
656443,2014/15,2015-03-01,"Brisbane Cricket Ground, Woolloongabba",2,36.6,Zimbabwe,Pakistan,E Chigumbura,CR Ervine,Mohammad Irfan,0,0,,,,,,,,,
656443,2014/15,2015-03-01,"Brisbane Cricket Ground, Woolloongabba",2,36.7,Zimbabwe,Pakistan,E Chigumbura,CR Ervine,Mohammad Irfan,0,0,,,,,,,,,
656443,2014/15,2015-03-01,"Brisbane Cricket Ground, Woolloongabba",2,37.1,Zimbabwe,Pakistan,CR Ervine,E Chigumbura,Rahat Ali,0,0,,,,,,,,,
656443,2014/15,2015-03-01,"Brisbane Cricket Ground, Woolloongabba",2,37.2,Zimbabwe,Pakistan,CR Ervine,E Chigumbura,Rahat Ali,0,0,,,,,,,,,
656443,2014/15,2015-03-01,"Brisbane Cricket Ground, Woolloongabba",2,37.3,Zimbabwe,Pakistan,CR Ervine,E Chigumbura,Rahat Ali,0,0,,,,,,,,,
656443,2014/15,2015-03-01,"Brisbane Cricket Ground, Woolloongabba",2,37.4,Zimbabwe,Pakistan,CR Ervine,E Chigumbura,Rahat Ali,0,0,,,,,,,,,
656443,2014/15,2015-03-01,"Brisbane Cricket Ground, Woolloongabba",2,37.5,Zimbabwe,Pakistan,CR Ervine,E Chigumbura,Rahat Ali,1,0,,,,,,,,,
656443,2014/15,2015-03-01,"Brisbane Cricket Ground, Woolloongabba",2,37.6,Zimbabwe,Pakistan,E Chigumbura,CR Ervine,Rahat Ali,0,0,,,,,,,,,
656443,2014/15,2015-03-01,"Brisbane Cricket Ground, Woolloongabba",2,38.1,Zimbabwe,Pakistan,CR Ervine,E Chigumbura,Mohammad Irfan,0,0,,,,,,,,,
656443,2014/15,2015-03-01,"Brisbane Cricket Ground, Woolloongabba",2,38.2,Zimbabwe,Pakistan,CR Ervine,E Chigumbura,Mohammad Irfan,0,0,,,,,,,,,
656443,2014/15,2015-03-01,"Brisbane Cricket Ground, Woolloongabba",2,38.3,Zimbabwe,Pakistan,CR Ervine,E Chigumbura,Mohammad Irfan,0,0,,,,,,,,,
656443,2014/15,2015-03-01,"Brisbane Cricket Ground, Woolloongabba",2,38.4,Zimbabwe,Pakistan,CR Ervine,E Chigumbura,Mohammad Irfan,0,0,,,,,,,,,
656443,2014/15,2015-03-01,"Brisbane Cricket Ground, Woolloongabba",2,38.5,Zimbabwe,Pakistan,CR Ervine,E Chigumbura,Mohammad Irfan,0,0,,,,,,,,,
656443,2014/15,2015-03-01,"Brisbane Cricket Ground, Woolloongabba",2,38.6,Zimbabwe,Pakistan,CR Ervine,E Chigumbura,Mohammad Irfan,1,0,,,,,,,,,
656443,2014/15,2015-03-01,"Brisbane Cricket Ground, Woolloongabba",2,39.1,Zimbabwe,Pakistan,CR Ervine,E Chigumbura,Wahab Riaz,0,0,,,,,,,,,
656443,2014/15,2015-03-01,"Brisbane Cricket Ground, Woolloongabba",2,39.2,Zimbabwe,Pakistan,CR Ervine,E Chigumbura,Wahab Riaz,0,0,,,,,,caught,CR Ervine,,
656443,2014/15,2015-03-01,"Brisbane Cricket Ground, Woolloongabba",2,39.3,Zimbabwe,Pakistan,T Mupariwa,E Chigumbura,Wahab Riaz,0,0,,,,,,,,,
656443,2014/15,2015-03-01,"Brisbane Cricket Ground, Woolloongabba",2,39.4,Zimbabwe,Pakistan,T Mupariwa,E Chigumbura,Wahab Riaz,0,0,,,,,,caught,T Mupariwa,,
656443,2014/15,2015-03-01,"Brisbane Cricket Ground, Woolloongabba",2,39.5,Zimbabwe,Pakistan,T Panyangara,E Chigumbura,Wahab Riaz,0,1,1,,,,,,,,
656443,2014/15,2015-03-01,"Brisbane Cricket Ground, Woolloongabba",2,39.6,Zimbabwe,Pakistan,T Panyangara,E Chigumbura,Wahab Riaz,2,0,,,,,,,,,
656443,2014/15,2015-03-01,"Brisbane Cricket Ground, Woolloongabba",2,39.7,Zimbabwe,Pakistan,T Panyangara,E Chigumbura,Wahab Riaz,0,0,,,,,,,,,
656443,2014/15,2015-03-01,"Brisbane Cricket Ground, Woolloongabba",2,40.1,Zimbabwe,Pakistan,E Chigumbura,T Panyangara,Shahid Afridi,0,0,,,,,,,,,
656443,2014/15,2015-03-01,"Brisbane Cricket Ground, Woolloongabba",2,40.2,Zimbabwe,Pakistan,E Chigumbura,T Panyangara,Shahid Afridi,2,0,,,,,,,,,
656443,2014/15,2015-03-01,"Brisbane Cricket Ground, Woolloongabba",2,40.3,Zimbabwe,Pakistan,E Chigumbura,T Panyangara,Shahid Afridi,1,0,,,,,,,,,
656443,2014/15,2015-03-01,"Brisbane Cricket Ground, Woolloongabba",2,40.4,Zimbabwe,Pakistan,T Panyangara,E Chigumbura,Shahid Afridi,0,0,,,,,,,,,
656443,2014/15,2015-03-01,"Brisbane Cricket Ground, Woolloongabba",2,40.5,Zimbabwe,Pakistan,T Panyangara,E Chigumbura,Shahid Afridi,0,0,,,,,,,,,
656443,2014/15,2015-03-01,"Brisbane Cricket Ground, Woolloongabba",2,40.6,Zimbabwe,Pakistan,T Panyangara,E Chigumbura,Shahid Afridi,0,0,,,,,,,,,
656443,2014/15,2015-03-01,"Brisbane Cricket Ground, Woolloongabba",2,41.1,Zimbabwe,Pakistan,E Chigumbura,T Panyangara,Sohail Khan,0,0,,,,,,,,,
656443,2014/15,2015-03-01,"Brisbane Cricket Ground, Woolloongabba",2,41.2,Zimbabwe,Pakistan,E Chigumbura,T Panyangara,Sohail Khan,4,0,,,,,,,,,
656443,2014/15,2015-03-01,"Brisbane Cricket Ground, Woolloongabba",2,41.3,Zimbabwe,Pakistan,E Chigumbura,T Panyangara,Sohail Khan,0,0,,,,,,,,,
656443,2014/15,2015-03-01,"Brisbane Cricket Ground, Woolloongabba",2,41.4,Zimbabwe,Pakistan,E Chigumbura,T Panyangara,Sohail Khan,1,0,,,,,,,,,
656443,2014/15,2015-03-01,"Brisbane Cricket Ground, Woolloongabba",2,41.5,Zimbabwe,Pakistan,T Panyangara,E Chigumbura,Sohail Khan,1,0,,,,,,,,,
656443,2014/15,2015-03-01,"Brisbane Cricket Ground, Woolloongabba",2,41.6,Zimbabwe,Pakistan,E Chigumbura,T Panyangara,Sohail Khan,1,0,,,,,,,,,
656443,2014/15,2015-03-01,"Brisbane Cricket Ground, Woolloongabba",2,42.1,Zimbabwe,Pakistan,E Chigumbura,T Panyangara,Shahid Afridi,0,0,,,,,,,,,
656443,2014/15,2015-03-01,"Brisbane Cricket Ground, Woolloongabba",2,42.2,Zimbabwe,Pakistan,E Chigumbura,T Panyangara,Shahid Afridi,1,0,,,,,,,,,
656443,2014/15,2015-03-01,"Brisbane Cricket Ground, Woolloongabba",2,42.3,Zimbabwe,Pakistan,T Panyangara,E Chigumbura,Shahid Afridi,1,0,,,,,,,,,
656443,2014/15,2015-03-01,"Brisbane Cricket Ground, Woolloongabba",2,42.4,Zimbabwe,Pakistan,E Chigumbura,T Panyangara,Shahid Afridi,2,0,,,,,,,,,
656443,2014/15,2015-03-01,"Brisbane Cricket Ground, Woolloongabba",2,42.5,Zimbabwe,Pakistan,E Chigumbura,T Panyangara,Shahid Afridi,1,0,,,,,,,,,
656443,2014/15,2015-03-01,"Brisbane Cricket Ground, Woolloongabba",2,42.6,Zimbabwe,Pakistan,T Panyangara,E Chigumbura,Shahid Afridi,0,0,,,,,,,,,
656443,2014/15,2015-03-01,"Brisbane Cricket Ground, Woolloongabba",2,43.1,Zimbabwe,Pakistan,E Chigumbura,T Panyangara,Sohail Khan,0,0,,,,,,,,,
656443,2014/15,2015-03-01,"Brisbane Cricket Ground, Woolloongabba",2,43.2,Zimbabwe,Pakistan,E Chigumbura,T Panyangara,Sohail Khan,1,0,,,,,,,,,
656443,2014/15,2015-03-01,"Brisbane Cricket Ground, Woolloongabba",2,43.3,Zimbabwe,Pakistan,T Panyangara,E Chigumbura,Sohail Khan,0,0,,,,,,,,,
656443,2014/15,2015-03-01,"Brisbane Cricket Ground, Woolloongabba",2,43.4,Zimbabwe,Pakistan,T Panyangara,E Chigumbura,Sohail Khan,0,0,,,,,,,,,
656443,2014/15,2015-03-01,"Brisbane Cricket Ground, Woolloongabba",2,43.5,Zimbabwe,Pakistan,T Panyangara,E Chigumbura,Sohail Khan,1,0,,,,,,,,,
656443,2014/15,2015-03-01,"Brisbane Cricket Ground, Woolloongabba",2,43.6,Zimbabwe,Pakistan,E Chigumbura,T Panyangara,Sohail Khan,1,0,,,,,,,,,
656443,2014/15,2015-03-01,"Brisbane Cricket Ground, Woolloongabba",2,44.1,Zimbabwe,Pakistan,E Chigumbura,T Panyangara,Shahid Afridi,1,0,,,,,,,,,
656443,2014/15,2015-03-01,"Brisbane Cricket Ground, Woolloongabba",2,44.2,Zimbabwe,Pakistan,T Panyangara,E Chigumbura,Shahid Afridi,1,0,,,,,,,,,
656443,2014/15,2015-03-01,"Brisbane Cricket Ground, Woolloongabba",2,44.3,Zimbabwe,Pakistan,E Chigumbura,T Panyangara,Shahid Afridi,0,0,,,,,,,,,
656443,2014/15,2015-03-01,"Brisbane Cricket Ground, Woolloongabba",2,44.4,Zimbabwe,Pakistan,E Chigumbura,T Panyangara,Shahid Afridi,0,0,,,,,,,,,
656443,2014/15,2015-03-01,"Brisbane Cricket Ground, Woolloongabba",2,44.5,Zimbabwe,Pakistan,E Chigumbura,T Panyangara,Shahid Afridi,4,0,,,,,,,,,
656443,2014/15,2015-03-01,"Brisbane Cricket Ground, Woolloongabba",2,44.6,Zimbabwe,Pakistan,E Chigumbura,T Panyangara,Shahid Afridi,0,0,,,,,,,,,
656443,2014/15,2015-03-01,"Brisbane Cricket Ground, Woolloongabba",2,45.1,Zimbabwe,Pakistan,T Panyangara,E Chigumbura,Sohail Khan,0,0,,,,,,,,,
656443,2014/15,2015-03-01,"Brisbane Cricket Ground, Woolloongabba",2,45.2,Zimbabwe,Pakistan,T Panyangara,E Chigumbura,Sohail Khan,0,0,,,,,,,,,
656443,2014/15,2015-03-01,"Brisbane Cricket Ground, Woolloongabba",2,45.3,Zimbabwe,Pakistan,T Panyangara,E Chigumbura,Sohail Khan,1,0,,,,,,,,,
656443,2014/15,2015-03-01,"Brisbane Cricket Ground, Woolloongabba",2,45.4,Zimbabwe,Pakistan,E Chigumbura,T Panyangara,Sohail Khan,4,0,,,,,,,,,
656443,2014/15,2015-03-01,"Brisbane Cricket Ground, Woolloongabba",2,45.5,Zimbabwe,Pakistan,E Chigumbura,T Panyangara,Sohail Khan,0,1,,,,1,,,,,
656443,2014/15,2015-03-01,"Brisbane Cricket Ground, Woolloongabba",2,45.6,Zimbabwe,Pakistan,T Panyangara,E Chigumbura,Sohail Khan,1,0,,,,,,,,,
656443,2014/15,2015-03-01,"Brisbane Cricket Ground, Woolloongabba",2,46.1,Zimbabwe,Pakistan,T Panyangara,E Chigumbura,Shahid Afridi,0,0,,,,,,,,,
656443,2014/15,2015-03-01,"Brisbane Cricket Ground, Woolloongabba",2,46.2,Zimbabwe,Pakistan,T Panyangara,E Chigumbura,Shahid Afridi,0,0,,,,,,,,,
656443,2014/15,2015-03-01,"Brisbane Cricket Ground, Woolloongabba",2,46.3,Zimbabwe,Pakistan,T Panyangara,E Chigumbura,Shahid Afridi,0,0,,,,,,,,,
656443,2014/15,2015-03-01,"Brisbane Cricket Ground, Woolloongabba",2,46.4,Zimbabwe,Pakistan,T Panyangara,E Chigumbura,Shahid Afridi,0,0,,,,,,,,,
656443,2014/15,2015-03-01,"Brisbane Cricket Ground, Woolloongabba",2,46.5,Zimbabwe,Pakistan,T Panyangara,E Chigumbura,Shahid Afridi,0,0,,,,,,,,,
656443,2014/15,2015-03-01,"Brisbane Cricket Ground, Woolloongabba",2,46.6,Zimbabwe,Pakistan,T Panyangara,E Chigumbura,Shahid Afridi,0,0,,,,,,,,,
656443,2014/15,2015-03-01,"Brisbane Cricket Ground, Woolloongabba",2,47.1,Zimbabwe,Pakistan,E Chigumbura,T Panyangara,Wahab Riaz,1,0,,,,,,,,,
656443,2014/15,2015-03-01,"Brisbane Cricket Ground, Woolloongabba",2,47.2,Zimbabwe,Pakistan,T Panyangara,E Chigumbura,Wahab Riaz,1,0,,,,,,,,,
656443,2014/15,2015-03-01,"Brisbane Cricket Ground, Woolloongabba",2,47.3,Zimbabwe,Pakistan,E Chigumbura,T Panyangara,Wahab Riaz,0,0,,,,,,,,,
656443,2014/15,2015-03-01,"Brisbane Cricket Ground, Woolloongabba",2,47.4,Zimbabwe,Pakistan,E Chigumbura,T Panyangara,Wahab Riaz,0,0,,,,,,,,,
656443,2014/15,2015-03-01,"Brisbane Cricket Ground, Woolloongabba",2,47.5,Zimbabwe,Pakistan,E Chigumbura,T Panyangara,Wahab Riaz,4,0,,,,,,,,,
656443,2014/15,2015-03-01,"Brisbane Cricket Ground, Woolloongabba",2,47.6,Zimbabwe,Pakistan,E Chigumbura,T Panyangara,Wahab Riaz,0,0,,,,,,,,,
656443,2014/15,2015-03-01,"Brisbane Cricket Ground, Woolloongabba",2,48.1,Zimbabwe,Pakistan,T Panyangara,E Chigumbura,Mohammad Irfan,0,0,,,,,,,,,
656443,2014/15,2015-03-01,"Brisbane Cricket Ground, Woolloongabba",2,48.2,Zimbabwe,Pakistan,T Panyangara,E Chigumbura,Mohammad Irfan,0,0,,,,,,,,,
656443,2014/15,2015-03-01,"Brisbane Cricket Ground, Woolloongabba",2,48.3,Zimbabwe,Pakistan,T Panyangara,E Chigumbura,Mohammad Irfan,0,0,,,,,,,,,
656443,2014/15,2015-03-01,"Brisbane Cricket Ground, Woolloongabba",2,48.4,Zimbabwe,Pakistan,T Panyangara,E Chigumbura,Mohammad Irfan,1,0,,,,,,,,,
656443,2014/15,2015-03-01,"Brisbane Cricket Ground, Woolloongabba",2,48.5,Zimbabwe,Pakistan,E Chigumbura,T Panyangara,Mohammad Irfan,2,0,,,,,,,,,
656443,2014/15,2015-03-01,"Brisbane Cricket Ground, Woolloongabba",2,48.6,Zimbabwe,Pakistan,E Chigumbura,T Panyangara,Mohammad Irfan,1,0,,,,,,,,,
656443,2014/15,2015-03-01,"Brisbane Cricket Ground, Woolloongabba",2,49.1,Zimbabwe,Pakistan,E Chigumbura,T Panyangara,Wahab Riaz,0,0,,,,,,,,,
656443,2014/15,2015-03-01,"Brisbane Cricket Ground, Woolloongabba",2,49.2,Zimbabwe,Pakistan,E Chigumbura,T Panyangara,Wahab Riaz,3,0,,,,,,,,,
656443,2014/15,2015-03-01,"Brisbane Cricket Ground, Woolloongabba",2,49.3,Zimbabwe,Pakistan,T Panyangara,E Chigumbura,Wahab Riaz,0,0,,,,,,run out,T Panyangara,,
656443,2014/15,2015-03-01,"Brisbane Cricket Ground, Woolloongabba",2,49.4,Zimbabwe,Pakistan,E Chigumbura,TL Chatara,Wahab Riaz,0,0,,,,,,caught,E Chigumbura,,
