match_id,season,start_date,venue,innings,ball,batting_team,bowling_team,striker,non_striker,bowler,runs_off_bat,extras,wides,noballs,byes,legbyes,penalty,wicket_type,player_dismissed,other_wicket_type,other_player_dismissed
656427,2014/15,2015-02-24,Manuka Oval,1,0.1,West Indies,Zimbabwe,DR Smith,CH Gayle,T Panyangara,0,0,,,,,,,,,
656427,2014/15,2015-02-24,Manuka Oval,1,0.2,West Indies,Zimbabwe,DR Smith,CH Gayle,T Panyangara,0,0,,,,,,bowled,DR Smith,,
656427,2014/15,2015-02-24,Manuka Oval,1,0.3,West Indies,Zimbabwe,MN Samuels,CH Gayle,T Panyangara,1,0,,,,,,,,,
656427,2014/15,2015-02-24,Manuka Oval,1,0.4,West Indies,Zimbabwe,CH Gayle,MN Samuels,T Panyangara,0,0,,,,,,,,,
656427,2014/15,2015-02-24,Manuka Oval,1,0.5,West Indies,Zimbabwe,CH Gayle,MN Samuels,T Panyangara,0,0,,,,,,,,,
656427,2014/15,2015-02-24,Manuka Oval,1,0.6,West Indies,Zimbabwe,CH Gayle,MN Samuels,T Panyangara,2,0,,,,,,,,,
656427,2014/15,2015-02-24,Manuka Oval,1,1.1,West Indies,Zimbabwe,MN Samuels,CH Gayle,TL Chatara,0,0,,,,,,,,,
656427,2014/15,2015-02-24,Manuka Oval,1,1.2,West Indies,Zimbabwe,MN Samuels,CH Gayle,TL Chatara,1,0,,,,,,,,,
656427,2014/15,2015-02-24,Manuka Oval,1,1.3,West Indies,Zimbabwe,CH Gayle,MN Samuels,TL Chatara,0,1,,,,1,,,,,
656427,2014/15,2015-02-24,Manuka Oval,1,1.4,West Indies,Zimbabwe,MN Samuels,CH Gayle,TL Chatara,1,0,,,,,,,,,
656427,2014/15,2015-02-24,Manuka Oval,1,1.5,West Indies,Zimbabwe,CH Gayle,MN Samuels,TL Chatara,0,0,,,,,,,,,
656427,2014/15,2015-02-24,Manuka Oval,1,1.6,West Indies,Zimbabwe,CH Gayle,MN Samuels,TL Chatara,0,0,,,,,,,,,
656427,2014/15,2015-02-24,Manuka Oval,1,2.1,West Indies,Zimbabwe,MN Samuels,CH Gayle,T Panyangara,0,0,,,,,,,,,
656427,2014/15,2015-02-24,Manuka Oval,1,2.2,West Indies,Zimbabwe,MN Samuels,CH Gayle,T Panyangara,0,0,,,,,,,,,
656427,2014/15,2015-02-24,Manuka Oval,1,2.3,West Indies,Zimbabwe,MN Samuels,CH Gayle,T Panyangara,0,0,,,,,,,,,
656427,2014/15,2015-02-24,Manuka Oval,1,2.4,West Indies,Zimbabwe,MN Samuels,CH Gayle,T Panyangara,0,0,,,,,,,,,
656427,2014/15,2015-02-24,Manuka Oval,1,2.5,West Indies,Zimbabwe,MN Samuels,CH Gayle,T Panyangara,0,0,,,,,,,,,
656427,2014/15,2015-02-24,Manuka Oval,1,2.6,West Indies,Zimbabwe,MN Samuels,CH Gayle,T Panyangara,4,0,,,,,,,,,
656427,2014/15,2015-02-24,Manuka Oval,1,3.1,West Indies,Zimbabwe,CH Gayle,MN Samuels,TL Chatara,0,0,,,,,,,,,
656427,2014/15,2015-02-24,Manuka Oval,1,3.2,West Indies,Zimbabwe,CH Gayle,MN Samuels,TL Chatara,4,0,,,,,,,,,
656427,2014/15,2015-02-24,Manuka Oval,1,3.3,West Indies,Zimbabwe,CH Gayle,MN Samuels,TL Chatara,1,0,,,,,,,,,
656427,2014/15,2015-02-24,Manuka Oval,1,3.4,West Indies,Zimbabwe,MN Samuels,CH Gayle,TL Chatara,0,0,,,,,,,,,
656427,2014/15,2015-02-24,Manuka Oval,1,3.5,West Indies,Zimbabwe,MN Samuels,CH Gayle,TL Chatara,1,0,,,,,,,,,
656427,2014/15,2015-02-24,Manuka Oval,1,3.6,West Indies,Zimbabwe,CH Gayle,MN Samuels,TL Chatara,0,0,,,,,,,,,
656427,2014/15,2015-02-24,Manuka Oval,1,4.1,West Indies,Zimbabwe,MN Samuels,CH Gayle,T Panyangara,0,0,,,,,,,,,
656427,2014/15,2015-02-24,Manuka Oval,1,4.2,West Indies,Zimbabwe,MN Samuels,CH Gayle,T Panyangara,0,0,,,,,,,,,
656427,2014/15,2015-02-24,Manuka Oval,1,4.3,West Indies,Zimbabwe,MN Samuels,CH Gayle,T Panyangara,0,0,,,,,,,,,
656427,2014/15,2015-02-24,Manuka Oval,1,4.4,West Indies,Zimbabwe,MN Samuels,CH Gayle,T Panyangara,0,0,,,,,,,,,
656427,2014/15,2015-02-24,Manuka Oval,1,4.5,West Indies,Zimbabwe,MN Samuels,CH Gayle,T Panyangara,4,0,,,,,,,,,
656427,2014/15,2015-02-24,Manuka Oval,1,4.6,West Indies,Zimbabwe,MN Samuels,CH Gayle,T Panyangara,0,0,,,,,,,,,
656427,2014/15,2015-02-24,Manuka Oval,1,5.1,West Indies,Zimbabwe,CH Gayle,MN Samuels,TL Chatara,4,0,,,,,,,,,
656427,2014/15,2015-02-24,Manuka Oval,1,5.2,West Indies,Zimbabwe,CH Gayle,MN Samuels,TL Chatara,0,0,,,,,,,,,
656427,2014/15,2015-02-24,Manuka Oval,1,5.3,West Indies,Zimbabwe,CH Gayle,MN Samuels,TL Chatara,0,0,,,,,,,,,
656427,2014/15,2015-02-24,Manuka Oval,1,5.4,West Indies,Zimbabwe,CH Gayle,MN Samuels,TL Chatara,4,0,,,,,,,,,
656427,2014/15,2015-02-24,Manuka Oval,1,5.5,West Indies,Zimbabwe,CH Gayle,MN Samuels,TL Chatara,2,0,,,,,,,,,
656427,2014/15,2015-02-24,Manuka Oval,1,5.6,West Indies,Zimbabwe,CH Gayle,MN Samuels,TL Chatara,1,0,,,,,,,,,
656427,2014/15,2015-02-24,Manuka Oval,1,6.1,West Indies,Zimbabwe,CH Gayle,MN Samuels,T Panyangara,0,0,,,,,,,,,
656427,2014/15,2015-02-24,Manuka Oval,1,6.2,West Indies,Zimbabwe,CH Gayle,MN Samuels,T Panyangara,1,0,,,,,,,,,
656427,2014/15,2015-02-24,Manuka Oval,1,6.3,West Indies,Zimbabwe,MN Samuels,CH Gayle,T Panyangara,0,0,,,,,,,,,
656427,2014/15,2015-02-24,Manuka Oval,1,6.4,West Indies,Zimbabwe,MN Samuels,CH Gayle,T Panyangara,0,0,,,,,,,,,
656427,2014/15,2015-02-24,Manuka Oval,1,6.5,West Indies,Zimbabwe,MN Samuels,CH Gayle,T Panyangara,1,0,,,,,,,,,
656427,2014/15,2015-02-24,Manuka Oval,1,6.6,West Indies,Zimbabwe,CH Gayle,MN Samuels,T Panyangara,0,0,,,,,,,,,
656427,2014/15,2015-02-24,Manuka Oval,1,7.1,West Indies,Zimbabwe,MN Samuels,CH Gayle,TL Chatara,0,0,,,,,,,,,
656427,2014/15,2015-02-24,Manuka Oval,1,7.2,West Indies,Zimbabwe,MN Samuels,CH Gayle,TL Chatara,0,0,,,,,,,,,
656427,2014/15,2015-02-24,Manuka Oval,1,7.3,West Indies,Zimbabwe,MN Samuels,CH Gayle,TL Chatara,0,0,,,,,,,,,
656427,2014/15,2015-02-24,Manuka Oval,1,7.4,West Indies,Zimbabwe,MN Samuels,CH Gayle,TL Chatara,0,0,,,,,,,,,
656427,2014/15,2015-02-24,Manuka Oval,1,7.5,West Indies,Zimbabwe,MN Samuels,CH Gayle,TL Chatara,0,1,,,,1,,,,,
656427,2014/15,2015-02-24,Manuka Oval,1,7.6,West Indies,Zimbabwe,CH Gayle,MN Samuels,TL Chatara,1,0,,,,,,,,,
656427,2014/15,2015-02-24,Manuka Oval,1,8.1,West Indies,Zimbabwe,CH Gayle,MN Samuels,T Panyangara,0,0,,,,,,,,,
656427,2014/15,2015-02-24,Manuka Oval,1,8.2,West Indies,Zimbabwe,CH Gayle,MN Samuels,T Panyangara,2,0,,,,,,,,,
656427,2014/15,2015-02-24,Manuka Oval,1,8.3,West Indies,Zimbabwe,CH Gayle,MN Samuels,T Panyangara,0,0,,,,,,,,,
656427,2014/15,2015-02-24,Manuka Oval,1,8.4,West Indies,Zimbabwe,CH Gayle,MN Samuels,T Panyangara,2,0,,,,,,,,,
656427,2014/15,2015-02-24,Manuka Oval,1,8.5,West Indies,Zimbabwe,CH Gayle,MN Samuels,T Panyangara,0,0,,,,,,,,,
656427,2014/15,2015-02-24,Manuka Oval,1,8.6,West Indies,Zimbabwe,CH Gayle,MN Samuels,T Panyangara,0,0,,,,,,,,,
656427,2014/15,2015-02-24,Manuka Oval,1,9.1,West Indies,Zimbabwe,MN Samuels,CH Gayle,TL Chatara,0,0,,,,,,,,,
656427,2014/15,2015-02-24,Manuka Oval,1,9.2,West Indies,Zimbabwe,MN Samuels,CH Gayle,TL Chatara,0,0,,,,,,,,,
656427,2014/15,2015-02-24,Manuka Oval,1,9.3,West Indies,Zimbabwe,MN Samuels,CH Gayle,TL Chatara,0,0,,,,,,,,,
656427,2014/15,2015-02-24,Manuka Oval,1,9.4,West Indies,Zimbabwe,MN Samuels,CH Gayle,TL Chatara,0,0,,,,,,,,,
656427,2014/15,2015-02-24,Manuka Oval,1,9.5,West Indies,Zimbabwe,MN Samuels,CH Gayle,TL Chatara,4,0,,,,,,,,,
656427,2014/15,2015-02-24,Manuka Oval,1,9.6,West Indies,Zimbabwe,MN Samuels,CH Gayle,TL Chatara,0,0,,,,,,,,,
656427,2014/15,2015-02-24,Manuka Oval,1,10.1,West Indies,Zimbabwe,CH Gayle,MN Samuels,SC Williams,0,0,,,,,,,,,
656427,2014/15,2015-02-24,Manuka Oval,1,10.2,West Indies,Zimbabwe,CH Gayle,MN Samuels,SC Williams,0,0,,,,,,,,,
656427,2014/15,2015-02-24,Manuka Oval,1,10.3,West Indies,Zimbabwe,CH Gayle,MN Samuels,SC Williams,0,0,,,,,,,,,
656427,2014/15,2015-02-24,Manuka Oval,1,10.4,West Indies,Zimbabwe,CH Gayle,MN Samuels,SC Williams,0,0,,,,,,,,,
656427,2014/15,2015-02-24,Manuka Oval,1,10.5,West Indies,Zimbabwe,CH Gayle,MN Samuels,SC Williams,0,0,,,,,,,,,
656427,2014/15,2015-02-24,Manuka Oval,1,10.6,West Indies,Zimbabwe,CH Gayle,MN Samuels,SC Williams,6,0,,,,,,,,,
656427,2014/15,2015-02-24,Manuka Oval,1,11.1,West Indies,Zimbabwe,MN Samuels,CH Gayle,E Chigumbura,0,0,,,,,,,,,
656427,2014/15,2015-02-24,Manuka Oval,1,11.2,West Indies,Zimbabwe,MN Samuels,CH Gayle,E Chigumbura,0,1,1,,,,,,,,
656427,2014/15,2015-02-24,Manuka Oval,1,11.3,West Indies,Zimbabwe,MN Samuels,CH Gayle,E Chigumbura,0,0,,,,,,,,,
656427,2014/15,2015-02-24,Manuka Oval,1,11.4,West Indies,Zimbabwe,MN Samuels,CH Gayle,E Chigumbura,0,0,,,,,,,,,
656427,2014/15,2015-02-24,Manuka Oval,1,11.5,West Indies,Zimbabwe,MN Samuels,CH Gayle,E Chigumbura,1,0,,,,,,,,,
656427,2014/15,2015-02-24,Manuka Oval,1,11.6,West Indies,Zimbabwe,CH Gayle,MN Samuels,E Chigumbura,0,0,,,,,,,,,
656427,2014/15,2015-02-24,Manuka Oval,1,11.7,West Indies,Zimbabwe,CH Gayle,MN Samuels,E Chigumbura,0,0,,,,,,,,,
656427,2014/15,2015-02-24,Manuka Oval,1,12.1,West Indies,Zimbabwe,MN Samuels,CH Gayle,SC Williams,1,0,,,,,,,,,
656427,2014/15,2015-02-24,Manuka Oval,1,12.2,West Indies,Zimbabwe,CH Gayle,MN Samuels,SC Williams,0,0,,,,,,,,,
656427,2014/15,2015-02-24,Manuka Oval,1,12.3,West Indies,Zimbabwe,CH Gayle,MN Samuels,SC Williams,2,0,,,,,,,,,
656427,2014/15,2015-02-24,Manuka Oval,1,12.4,West Indies,Zimbabwe,CH Gayle,MN Samuels,SC Williams,1,0,,,,,,,,,
656427,2014/15,2015-02-24,Manuka Oval,1,12.5,West Indies,Zimbabwe,MN Samuels,CH Gayle,SC Williams,0,0,,,,,,,,,
656427,2014/15,2015-02-24,Manuka Oval,1,12.6,West Indies,Zimbabwe,MN Samuels,CH Gayle,SC Williams,0,1,1,,,,,,,,
656427,2014/15,2015-02-24,Manuka Oval,1,12.7,West Indies,Zimbabwe,MN Samuels,CH Gayle,SC Williams,1,0,,,,,,,,,
656427,2014/15,2015-02-24,Manuka Oval,1,13.1,West Indies,Zimbabwe,MN Samuels,CH Gayle,E Chigumbura,0,0,,,,,,,,,
656427,2014/15,2015-02-24,Manuka Oval,1,13.2,West Indies,Zimbabwe,MN Samuels,CH Gayle,E Chigumbura,0,0,,,,,,,,,
656427,2014/15,2015-02-24,Manuka Oval,1,13.3,West Indies,Zimbabwe,MN Samuels,CH Gayle,E Chigumbura,0,0,,,,,,,,,
656427,2014/15,2015-02-24,Manuka Oval,1,13.4,West Indies,Zimbabwe,MN Samuels,CH Gayle,E Chigumbura,0,0,,,,,,,,,
656427,2014/15,2015-02-24,Manuka Oval,1,13.5,West Indies,Zimbabwe,MN Samuels,CH Gayle,E Chigumbura,2,0,,,,,,,,,
656427,2014/15,2015-02-24,Manuka Oval,1,13.6,West Indies,Zimbabwe,MN Samuels,CH Gayle,E Chigumbura,2,0,,,,,,,,,
656427,2014/15,2015-02-24,Manuka Oval,1,14.1,West Indies,Zimbabwe,CH Gayle,MN Samuels,SC Williams,1,0,,,,,,,,,
656427,2014/15,2015-02-24,Manuka Oval,1,14.2,West Indies,Zimbabwe,MN Samuels,CH Gayle,SC Williams,1,0,,,,,,,,,
656427,2014/15,2015-02-24,Manuka Oval,1,14.3,West Indies,Zimbabwe,CH Gayle,MN Samuels,SC Williams,1,0,,,,,,,,,
656427,2014/15,2015-02-24,Manuka Oval,1,14.4,West Indies,Zimbabwe,MN Samuels,CH Gayle,SC Williams,0,0,,,,,,,,,
656427,2014/15,2015-02-24,Manuka Oval,1,14.5,West Indies,Zimbabwe,MN Samuels,CH Gayle,SC Williams,1,0,,,,,,,,,
656427,2014/15,2015-02-24,Manuka Oval,1,14.6,West Indies,Zimbabwe,CH Gayle,MN Samuels,SC Williams,4,0,,,,,,,,,
656427,2014/15,2015-02-24,Manuka Oval,1,15.1,West Indies,Zimbabwe,MN Samuels,CH Gayle,E Chigumbura,1,0,,,,,,,,,
656427,2014/15,2015-02-24,Manuka Oval,1,15.2,West Indies,Zimbabwe,CH Gayle,MN Samuels,E Chigumbura,0,0,,,,,,,,,
656427,2014/15,2015-02-24,Manuka Oval,1,15.3,West Indies,Zimbabwe,CH Gayle,MN Samuels,E Chigumbura,0,0,,,,,,,,,
656427,2014/15,2015-02-24,Manuka Oval,1,15.4,West Indies,Zimbabwe,CH Gayle,MN Samuels,E Chigumbura,0,0,,,,,,,,,
656427,2014/15,2015-02-24,Manuka Oval,1,15.5,West Indies,Zimbabwe,CH Gayle,MN Samuels,E Chigumbura,2,0,,,,,,,,,
656427,2014/15,2015-02-24,Manuka Oval,1,15.6,West Indies,Zimbabwe,CH Gayle,MN Samuels,E Chigumbura,0,0,,,,,,,,,
656427,2014/15,2015-02-24,Manuka Oval,1,16.1,West Indies,Zimbabwe,MN Samuels,CH Gayle,Sikandar Raza,0,0,,,,,,,,,
656427,2014/15,2015-02-24,Manuka Oval,1,16.2,West Indies,Zimbabwe,MN Samuels,CH Gayle,Sikandar Raza,0,0,,,,,,,,,
656427,2014/15,2015-02-24,Manuka Oval,1,16.3,West Indies,Zimbabwe,MN Samuels,CH Gayle,Sikandar Raza,0,0,,,,,,,,,
656427,2014/15,2015-02-24,Manuka Oval,1,16.4,West Indies,Zimbabwe,MN Samuels,CH Gayle,Sikandar Raza,0,0,,,,,,,,,
656427,2014/15,2015-02-24,Manuka Oval,1,16.5,West Indies,Zimbabwe,MN Samuels,CH Gayle,Sikandar Raza,0,0,,,,,,,,,
656427,2014/15,2015-02-24,Manuka Oval,1,16.6,West Indies,Zimbabwe,MN Samuels,CH Gayle,Sikandar Raza,0,1,1,,,,,,,,
656427,2014/15,2015-02-24,Manuka Oval,1,16.7,West Indies,Zimbabwe,MN Samuels,CH Gayle,Sikandar Raza,0,0,,,,,,,,,
656427,2014/15,2015-02-24,Manuka Oval,1,17.1,West Indies,Zimbabwe,CH Gayle,MN Samuels,E Chigumbura,0,1,,1,,,,,,,
656427,2014/15,2015-02-24,Manuka Oval,1,17.2,West Indies,Zimbabwe,CH Gayle,MN Samuels,E Chigumbura,6,0,,,,,,,,,
656427,2014/15,2015-02-24,Manuka Oval,1,17.3,West Indies,Zimbabwe,CH Gayle,MN Samuels,E Chigumbura,2,0,,,,,,,,,
656427,2014/15,2015-02-24,Manuka Oval,1,17.4,West Indies,Zimbabwe,CH Gayle,MN Samuels,E Chigumbura,0,0,,,,,,,,,
656427,2014/15,2015-02-24,Manuka Oval,1,17.5,West Indies,Zimbabwe,CH Gayle,MN Samuels,E Chigumbura,0,0,,,,,,,,,
656427,2014/15,2015-02-24,Manuka Oval,1,17.6,West Indies,Zimbabwe,CH Gayle,MN Samuels,E Chigumbura,1,0,,,,,,,,,
656427,2014/15,2015-02-24,Manuka Oval,1,17.7,West Indies,Zimbabwe,MN Samuels,CH Gayle,E Chigumbura,0,0,,,,,,,,,
656427,2014/15,2015-02-24,Manuka Oval,1,18.1,West Indies,Zimbabwe,CH Gayle,MN Samuels,Sikandar Raza,1,0,,,,,,,,,
656427,2014/15,2015-02-24,Manuka Oval,1,18.2,West Indies,Zimbabwe,MN Samuels,CH Gayle,Sikandar Raza,0,0,,,,,,,,,
656427,2014/15,2015-02-24,Manuka Oval,1,18.3,West Indies,Zimbabwe,MN Samuels,CH Gayle,Sikandar Raza,1,0,,,,,,,,,
656427,2014/15,2015-02-24,Manuka Oval,1,18.4,West Indies,Zimbabwe,CH Gayle,MN Samuels,Sikandar Raza,0,0,,,,,,,,,
656427,2014/15,2015-02-24,Manuka Oval,1,18.5,West Indies,Zimbabwe,CH Gayle,MN Samuels,Sikandar Raza,1,0,,,,,,,,,
656427,2014/15,2015-02-24,Manuka Oval,1,18.6,West Indies,Zimbabwe,MN Samuels,CH Gayle,Sikandar Raza,0,0,,,,,,,,,
656427,2014/15,2015-02-24,Manuka Oval,1,19.1,West Indies,Zimbabwe,CH Gayle,MN Samuels,E Chigumbura,0,0,,,,,,,,,
656427,2014/15,2015-02-24,Manuka Oval,1,19.2,West Indies,Zimbabwe,CH Gayle,MN Samuels,E Chigumbura,4,0,,,,,,,,,
656427,2014/15,2015-02-24,Manuka Oval,1,19.3,West Indies,Zimbabwe,CH Gayle,MN Samuels,E Chigumbura,1,0,,,,,,,,,
656427,2014/15,2015-02-24,Manuka Oval,1,19.4,West Indies,Zimbabwe,MN Samuels,CH Gayle,E Chigumbura,0,0,,,,,,,,,
656427,2014/15,2015-02-24,Manuka Oval,1,19.5,West Indies,Zimbabwe,MN Samuels,CH Gayle,E Chigumbura,0,0,,,,,,,,,
656427,2014/15,2015-02-24,Manuka Oval,1,19.6,West Indies,Zimbabwe,MN Samuels,CH Gayle,E Chigumbura,1,0,,,,,,,,,
656427,2014/15,2015-02-24,Manuka Oval,1,20.1,West Indies,Zimbabwe,MN Samuels,CH Gayle,Sikandar Raza,0,0,,,,,,,,,
656427,2014/15,2015-02-24,Manuka Oval,1,20.2,West Indies,Zimbabwe,MN Samuels,CH Gayle,Sikandar Raza,0,1,1,,,,,,,,
656427,2014/15,2015-02-24,Manuka Oval,1,20.3,West Indies,Zimbabwe,MN Samuels,CH Gayle,Sikandar Raza,0,0,,,,,,,,,
656427,2014/15,2015-02-24,Manuka Oval,1,20.4,West Indies,Zimbabwe,MN Samuels,CH Gayle,Sikandar Raza,0,0,,,,,,,,,
656427,2014/15,2015-02-24,Manuka Oval,1,20.5,West Indies,Zimbabwe,MN Samuels,CH Gayle,Sikandar Raza,1,0,,,,,,,,,
656427,2014/15,2015-02-24,Manuka Oval,1,20.6,West Indies,Zimbabwe,CH Gayle,MN Samuels,Sikandar Raza,0,0,,,,,,,,,
656427,2014/15,2015-02-24,Manuka Oval,1,20.7,West Indies,Zimbabwe,CH Gayle,MN Samuels,Sikandar Raza,1,0,,,,,,,,,
656427,2014/15,2015-02-24,Manuka Oval,1,21.1,West Indies,Zimbabwe,CH Gayle,MN Samuels,E Chigumbura,0,0,,,,,,,,,
656427,2014/15,2015-02-24,Manuka Oval,1,21.2,West Indies,Zimbabwe,CH Gayle,MN Samuels,E Chigumbura,0,0,,,,,,,,,
656427,2014/15,2015-02-24,Manuka Oval,1,21.3,West Indies,Zimbabwe,CH Gayle,MN Samuels,E Chigumbura,0,0,,,,,,,,,
656427,2014/15,2015-02-24,Manuka Oval,1,21.4,West Indies,Zimbabwe,CH Gayle,MN Samuels,E Chigumbura,0,0,,,,,,,,,
656427,2014/15,2015-02-24,Manuka Oval,1,21.5,West Indies,Zimbabwe,CH Gayle,MN Samuels,E Chigumbura,0,0,,,,,,,,,
656427,2014/15,2015-02-24,Manuka Oval,1,21.6,West Indies,Zimbabwe,CH Gayle,MN Samuels,E Chigumbura,1,0,,,,,,,,,
656427,2014/15,2015-02-24,Manuka Oval,1,22.1,West Indies,Zimbabwe,CH Gayle,MN Samuels,Sikandar Raza,1,0,,,,,,,,,
656427,2014/15,2015-02-24,Manuka Oval,1,22.2,West Indies,Zimbabwe,MN Samuels,CH Gayle,Sikandar Raza,0,0,,,,,,,,,
656427,2014/15,2015-02-24,Manuka Oval,1,22.3,West Indies,Zimbabwe,MN Samuels,CH Gayle,Sikandar Raza,0,0,,,,,,,,,
656427,2014/15,2015-02-24,Manuka Oval,1,22.4,West Indies,Zimbabwe,MN Samuels,CH Gayle,Sikandar Raza,0,0,,,,,,,,,
656427,2014/15,2015-02-24,Manuka Oval,1,22.5,West Indies,Zimbabwe,MN Samuels,CH Gayle,Sikandar Raza,0,0,,,,,,,,,
656427,2014/15,2015-02-24,Manuka Oval,1,22.6,West Indies,Zimbabwe,MN Samuels,CH Gayle,Sikandar Raza,1,0,,,,,,,,,
656427,2014/15,2015-02-24,Manuka Oval,1,23.1,West Indies,Zimbabwe,MN Samuels,CH Gayle,T Kamungozi,0,0,,,,,,,,,
656427,2014/15,2015-02-24,Manuka Oval,1,23.2,West Indies,Zimbabwe,MN Samuels,CH Gayle,T Kamungozi,1,0,,,,,,,,,
656427,2014/15,2015-02-24,Manuka Oval,1,23.3,West Indies,Zimbabwe,CH Gayle,MN Samuels,T Kamungozi,1,0,,,,,,,,,
656427,2014/15,2015-02-24,Manuka Oval,1,23.4,West Indies,Zimbabwe,MN Samuels,CH Gayle,T Kamungozi,0,0,,,,,,,,,
656427,2014/15,2015-02-24,Manuka Oval,1,23.5,West Indies,Zimbabwe,MN Samuels,CH Gayle,T Kamungozi,0,0,,,,,,,,,
656427,2014/15,2015-02-24,Manuka Oval,1,23.6,West Indies,Zimbabwe,MN Samuels,CH Gayle,T Kamungozi,0,0,,,,,,,,,
656427,2014/15,2015-02-24,Manuka Oval,1,24.1,West Indies,Zimbabwe,CH Gayle,MN Samuels,Sikandar Raza,0,0,,,,,,,,,
656427,2014/15,2015-02-24,Manuka Oval,1,24.2,West Indies,Zimbabwe,CH Gayle,MN Samuels,Sikandar Raza,1,0,,,,,,,,,
656427,2014/15,2015-02-24,Manuka Oval,1,24.3,West Indies,Zimbabwe,MN Samuels,CH Gayle,Sikandar Raza,4,0,,,,,,,,,
656427,2014/15,2015-02-24,Manuka Oval,1,24.4,West Indies,Zimbabwe,MN Samuels,CH Gayle,Sikandar Raza,1,0,,,,,,,,,
656427,2014/15,2015-02-24,Manuka Oval,1,24.5,West Indies,Zimbabwe,CH Gayle,MN Samuels,Sikandar Raza,1,0,,,,,,,,,
656427,2014/15,2015-02-24,Manuka Oval,1,24.6,West Indies,Zimbabwe,MN Samuels,CH Gayle,Sikandar Raza,0,0,,,,,,,,,
656427,2014/15,2015-02-24,Manuka Oval,1,25.1,West Indies,Zimbabwe,CH Gayle,MN Samuels,T Kamungozi,0,0,,,,,,,,,
656427,2014/15,2015-02-24,Manuka Oval,1,25.2,West Indies,Zimbabwe,CH Gayle,MN Samuels,T Kamungozi,1,0,,,,,,,,,
656427,2014/15,2015-02-24,Manuka Oval,1,25.3,West Indies,Zimbabwe,MN Samuels,CH Gayle,T Kamungozi,1,0,,,,,,,,,
656427,2014/15,2015-02-24,Manuka Oval,1,25.4,West Indies,Zimbabwe,CH Gayle,MN Samuels,T Kamungozi,6,0,,,,,,,,,
656427,2014/15,2015-02-24,Manuka Oval,1,25.5,West Indies,Zimbabwe,CH Gayle,MN Samuels,T Kamungozi,6,0,,,,,,,,,
656427,2014/15,2015-02-24,Manuka Oval,1,25.6,West Indies,Zimbabwe,CH Gayle,MN Samuels,T Kamungozi,0,0,,,,,,,,,
656427,2014/15,2015-02-24,Manuka Oval,1,26.1,West Indies,Zimbabwe,MN Samuels,CH Gayle,Sikandar Raza,1,0,,,,,,,,,
656427,2014/15,2015-02-24,Manuka Oval,1,26.2,West Indies,Zimbabwe,CH Gayle,MN Samuels,Sikandar Raza,1,0,,,,,,,,,
656427,2014/15,2015-02-24,Manuka Oval,1,26.3,West Indies,Zimbabwe,MN Samuels,CH Gayle,Sikandar Raza,2,0,,,,,,,,,
656427,2014/15,2015-02-24,Manuka Oval,1,26.4,West Indies,Zimbabwe,MN Samuels,CH Gayle,Sikandar Raza,1,0,,,,,,,,,
656427,2014/15,2015-02-24,Manuka Oval,1,26.5,West Indies,Zimbabwe,CH Gayle,MN Samuels,Sikandar Raza,1,0,,,,,,,,,
656427,2014/15,2015-02-24,Manuka Oval,1,26.6,West Indies,Zimbabwe,MN Samuels,CH Gayle,Sikandar Raza,1,0,,,,,,,,,
656427,2014/15,2015-02-24,Manuka Oval,1,27.1,West Indies,Zimbabwe,MN Samuels,CH Gayle,H Masakadza,0,0,,,,,,,,,
656427,2014/15,2015-02-24,Manuka Oval,1,27.2,West Indies,Zimbabwe,MN Samuels,CH Gayle,H Masakadza,1,0,,,,,,,,,
656427,2014/15,2015-02-24,Manuka Oval,1,27.3,West Indies,Zimbabwe,CH Gayle,MN Samuels,H Masakadza,1,0,,,,,,,,,
656427,2014/15,2015-02-24,Manuka Oval,1,27.4,West Indies,Zimbabwe,MN Samuels,CH Gayle,H Masakadza,0,0,,,,,,,,,
656427,2014/15,2015-02-24,Manuka Oval,1,27.5,West Indies,Zimbabwe,MN Samuels,CH Gayle,H Masakadza,0,0,,,,,,,,,
656427,2014/15,2015-02-24,Manuka Oval,1,27.6,West Indies,Zimbabwe,MN Samuels,CH Gayle,H Masakadza,1,0,,,,,,,,,
656427,2014/15,2015-02-24,Manuka Oval,1,28.1,West Indies,Zimbabwe,MN Samuels,CH Gayle,Sikandar Raza,0,0,,,,,,,,,
656427,2014/15,2015-02-24,Manuka Oval,1,28.2,West Indies,Zimbabwe,MN Samuels,CH Gayle,Sikandar Raza,1,0,,,,,,,,,
656427,2014/15,2015-02-24,Manuka Oval,1,28.3,West Indies,Zimbabwe,CH Gayle,MN Samuels,Sikandar Raza,6,0,,,,,,,,,
656427,2014/15,2015-02-24,Manuka Oval,1,28.4,West Indies,Zimbabwe,CH Gayle,MN Samuels,Sikandar Raza,2,0,,,,,,,,,
656427,2014/15,2015-02-24,Manuka Oval,1,28.5,West Indies,Zimbabwe,CH Gayle,MN Samuels,Sikandar Raza,1,0,,,,,,,,,
656427,2014/15,2015-02-24,Manuka Oval,1,28.6,West Indies,Zimbabwe,MN Samuels,CH Gayle,Sikandar Raza,0,2,2,,,,,,,,
656427,2014/15,2015-02-24,Manuka Oval,1,28.7,West Indies,Zimbabwe,CH Gayle,MN Samuels,Sikandar Raza,0,1,1,,,,,,,,
656427,2014/15,2015-02-24,Manuka Oval,1,28.8,West Indies,Zimbabwe,CH Gayle,MN Samuels,Sikandar Raza,1,0,,,,,,,,,
656427,2014/15,2015-02-24,Manuka Oval,1,29.1,West Indies,Zimbabwe,CH Gayle,MN Samuels,H Masakadza,0,0,,,,,,,,,
656427,2014/15,2015-02-24,Manuka Oval,1,29.2,West Indies,Zimbabwe,CH Gayle,MN Samuels,H Masakadza,1,0,,,,,,,,,
656427,2014/15,2015-02-24,Manuka Oval,1,29.3,West Indies,Zimbabwe,MN Samuels,CH Gayle,H Masakadza,1,0,,,,,,,,,
656427,2014/15,2015-02-24,Manuka Oval,1,29.4,West Indies,Zimbabwe,CH Gayle,MN Samuels,H Masakadza,0,0,,,,,,,,,
656427,2014/15,2015-02-24,Manuka Oval,1,29.5,West Indies,Zimbabwe,CH Gayle,MN Samuels,H Masakadza,1,0,,,,,,,,,
656427,2014/15,2015-02-24,Manuka Oval,1,29.6,West Indies,Zimbabwe,MN Samuels,CH Gayle,H Masakadza,1,0,,,,,,,,,
656427,2014/15,2015-02-24,Manuka Oval,1,30.1,West Indies,Zimbabwe,MN Samuels,CH Gayle,Sikandar Raza,1,0,,,,,,,,,
656427,2014/15,2015-02-24,Manuka Oval,1,30.2,West Indies,Zimbabwe,CH Gayle,MN Samuels,Sikandar Raza,2,0,,,,,,,,,
656427,2014/15,2015-02-24,Manuka Oval,1,30.3,West Indies,Zimbabwe,CH Gayle,MN Samuels,Sikandar Raza,1,0,,,,,,,,,
656427,2014/15,2015-02-24,Manuka Oval,1,30.4,West Indies,Zimbabwe,MN Samuels,CH Gayle,Sikandar Raza,1,0,,,,,,,,,
656427,2014/15,2015-02-24,Manuka Oval,1,30.5,West Indies,Zimbabwe,CH Gayle,MN Samuels,Sikandar Raza,0,0,,,,,,,,,
656427,2014/15,2015-02-24,Manuka Oval,1,30.6,West Indies,Zimbabwe,CH Gayle,MN Samuels,Sikandar Raza,0,0,,,,,,,,,
656427,2014/15,2015-02-24,Manuka Oval,1,31.1,West Indies,Zimbabwe,MN Samuels,CH Gayle,H Masakadza,2,0,,,,,,,,,
656427,2014/15,2015-02-24,Manuka Oval,1,31.2,West Indies,Zimbabwe,MN Samuels,CH Gayle,H Masakadza,0,0,,,,,,,,,
656427,2014/15,2015-02-24,Manuka Oval,1,31.3,West Indies,Zimbabwe,MN Samuels,CH Gayle,H Masakadza,1,0,,,,,,,,,
656427,2014/15,2015-02-24,Manuka Oval,1,31.4,West Indies,Zimbabwe,CH Gayle,MN Samuels,H Masakadza,1,0,,,,,,,,,
656427,2014/15,2015-02-24,Manuka Oval,1,31.5,West Indies,Zimbabwe,MN Samuels,CH Gayle,H Masakadza,0,0,,,,,,,,,
656427,2014/15,2015-02-24,Manuka Oval,1,31.6,West Indies,Zimbabwe,MN Samuels,CH Gayle,H Masakadza,0,0,,,,,,,,,
656427,2014/15,2015-02-24,Manuka Oval,1,32.1,West Indies,Zimbabwe,CH Gayle,MN Samuels,Sikandar Raza,0,0,,,,,,,,,
656427,2014/15,2015-02-24,Manuka Oval,1,32.2,West Indies,Zimbabwe,CH Gayle,MN Samuels,Sikandar Raza,0,0,,,,,,,,,
656427,2014/15,2015-02-24,Manuka Oval,1,32.3,West Indies,Zimbabwe,CH Gayle,MN Samuels,Sikandar Raza,0,0,,,,,,,,,
656427,2014/15,2015-02-24,Manuka Oval,1,32.4,West Indies,Zimbabwe,CH Gayle,MN Samuels,Sikandar Raza,0,0,,,,,,,,,
656427,2014/15,2015-02-24,Manuka Oval,1,32.5,West Indies,Zimbabwe,CH Gayle,MN Samuels,Sikandar Raza,0,0,,,,,,,,,
656427,2014/15,2015-02-24,Manuka Oval,1,32.6,West Indies,Zimbabwe,CH Gayle,MN Samuels,Sikandar Raza,0,0,,,,,,,,,
656427,2014/15,2015-02-24,Manuka Oval,1,33.1,West Indies,Zimbabwe,MN Samuels,CH Gayle,H Masakadza,1,0,,,,,,,,,
656427,2014/15,2015-02-24,Manuka Oval,1,33.2,West Indies,Zimbabwe,CH Gayle,MN Samuels,H Masakadza,0,0,,,,,,,,,
656427,2014/15,2015-02-24,Manuka Oval,1,33.3,West Indies,Zimbabwe,CH Gayle,MN Samuels,H Masakadza,0,0,,,,,,,,,
656427,2014/15,2015-02-24,Manuka Oval,1,33.4,West Indies,Zimbabwe,CH Gayle,MN Samuels,H Masakadza,1,0,,,,,,,,,
656427,2014/15,2015-02-24,Manuka Oval,1,33.5,West Indies,Zimbabwe,MN Samuels,CH Gayle,H Masakadza,1,0,,,,,,,,,
656427,2014/15,2015-02-24,Manuka Oval,1,33.6,West Indies,Zimbabwe,CH Gayle,MN Samuels,H Masakadza,1,0,,,,,,,,,
656427,2014/15,2015-02-24,Manuka Oval,1,34.1,West Indies,Zimbabwe,CH Gayle,MN Samuels,Sikandar Raza,1,0,,,,,,,,,
656427,2014/15,2015-02-24,Manuka Oval,1,34.2,West Indies,Zimbabwe,MN Samuels,CH Gayle,Sikandar Raza,1,0,,,,,,,,,
656427,2014/15,2015-02-24,Manuka Oval,1,34.3,West Indies,Zimbabwe,CH Gayle,MN Samuels,Sikandar Raza,0,0,,,,,,,,,
656427,2014/15,2015-02-24,Manuka Oval,1,34.4,West Indies,Zimbabwe,CH Gayle,MN Samuels,Sikandar Raza,1,0,,,,,,,,,
656427,2014/15,2015-02-24,Manuka Oval,1,34.5,West Indies,Zimbabwe,MN Samuels,CH Gayle,Sikandar Raza,0,0,,,,,,,,,
656427,2014/15,2015-02-24,Manuka Oval,1,34.6,West Indies,Zimbabwe,MN Samuels,CH Gayle,Sikandar Raza,0,0,,,,,,,,,
656427,2014/15,2015-02-24,Manuka Oval,1,35.1,West Indies,Zimbabwe,CH Gayle,MN Samuels,H Masakadza,1,0,,,,,,,,,
656427,2014/15,2015-02-24,Manuka Oval,1,35.2,West Indies,Zimbabwe,MN Samuels,CH Gayle,H Masakadza,1,0,,,,,,,,,
656427,2014/15,2015-02-24,Manuka Oval,1,35.3,West Indies,Zimbabwe,CH Gayle,MN Samuels,H Masakadza,0,0,,,,,,,,,
656427,2014/15,2015-02-24,Manuka Oval,1,35.4,West Indies,Zimbabwe,CH Gayle,MN Samuels,H Masakadza,1,0,,,,,,,,,
656427,2014/15,2015-02-24,Manuka Oval,1,35.5,West Indies,Zimbabwe,MN Samuels,CH Gayle,H Masakadza,1,0,,,,,,,,,
656427,2014/15,2015-02-24,Manuka Oval,1,35.6,West Indies,Zimbabwe,CH Gayle,MN Samuels,H Masakadza,6,0,,,,,,,,,
656427,2014/15,2015-02-24,Manuka Oval,1,36.1,West Indies,Zimbabwe,MN Samuels,CH Gayle,TL Chatara,1,0,,,,,,,,,
656427,2014/15,2015-02-24,Manuka Oval,1,36.2,West Indies,Zimbabwe,CH Gayle,MN Samuels,TL Chatara,1,0,,,,,,,,,
656427,2014/15,2015-02-24,Manuka Oval,1,36.3,West Indies,Zimbabwe,MN Samuels,CH Gayle,TL Chatara,0,0,,,,,,,,,
656427,2014/15,2015-02-24,Manuka Oval,1,36.4,West Indies,Zimbabwe,MN Samuels,CH Gayle,TL Chatara,0,0,,,,,,,,,
656427,2014/15,2015-02-24,Manuka Oval,1,36.5,West Indies,Zimbabwe,MN Samuels,CH Gayle,TL Chatara,0,0,,,,,,,,,
656427,2014/15,2015-02-24,Manuka Oval,1,36.6,West Indies,Zimbabwe,MN Samuels,CH Gayle,TL Chatara,0,0,,,,,,,,,
656427,2014/15,2015-02-24,Manuka Oval,1,37.1,West Indies,Zimbabwe,CH Gayle,MN Samuels,T Panyangara,4,0,,,,,,,,,
656427,2014/15,2015-02-24,Manuka Oval,1,37.2,West Indies,Zimbabwe,CH Gayle,MN Samuels,T Panyangara,2,0,,,,,,,,,
656427,2014/15,2015-02-24,Manuka Oval,1,37.3,West Indies,Zimbabwe,CH Gayle,MN Samuels,T Panyangara,6,0,,,,,,,,,
656427,2014/15,2015-02-24,Manuka Oval,1,37.4,West Indies,Zimbabwe,CH Gayle,MN Samuels,T Panyangara,1,0,,,,,,,,,
656427,2014/15,2015-02-24,Manuka Oval,1,37.5,West Indies,Zimbabwe,MN Samuels,CH Gayle,T Panyangara,4,0,,,,,,,,,
656427,2014/15,2015-02-24,Manuka Oval,1,37.6,West Indies,Zimbabwe,MN Samuels,CH Gayle,T Panyangara,1,0,,,,,,,,,
656427,2014/15,2015-02-24,Manuka Oval,1,38.1,West Indies,Zimbabwe,MN Samuels,CH Gayle,TL Chatara,0,0,,,,,,,,,
656427,2014/15,2015-02-24,Manuka Oval,1,38.2,West Indies,Zimbabwe,MN Samuels,CH Gayle,TL Chatara,4,0,,,,,,,,,
656427,2014/15,2015-02-24,Manuka Oval,1,38.3,West Indies,Zimbabwe,MN Samuels,CH Gayle,TL Chatara,1,0,,,,,,,,,
656427,2014/15,2015-02-24,Manuka Oval,1,38.4,West Indies,Zimbabwe,CH Gayle,MN Samuels,TL Chatara,0,1,,,1,,,,,,
656427,2014/15,2015-02-24,Manuka Oval,1,38.5,West Indies,Zimbabwe,MN Samuels,CH Gayle,TL Chatara,0,0,,,,,,,,,
656427,2014/15,2015-02-24,Manuka Oval,1,38.6,West Indies,Zimbabwe,MN Samuels,CH Gayle,TL Chatara,2,0,,,,,,,,,
656427,2014/15,2015-02-24,Manuka Oval,1,39.1,West Indies,Zimbabwe,CH Gayle,MN Samuels,T Panyangara,0,1,1,,,,,,,,
656427,2014/15,2015-02-24,Manuka Oval,1,39.2,West Indies,Zimbabwe,CH Gayle,MN Samuels,T Panyangara,2,1,,1,,,,,,,
656427,2014/15,2015-02-24,Manuka Oval,1,39.3,West Indies,Zimbabwe,CH Gayle,MN Samuels,T Panyangara,2,0,,,,,,,,,
656427,2014/15,2015-02-24,Manuka Oval,1,39.4,West Indies,Zimbabwe,CH Gayle,MN Samuels,T Panyangara,2,0,,,,,,,,,
656427,2014/15,2015-02-24,Manuka Oval,1,39.5,West Indies,Zimbabwe,CH Gayle,MN Samuels,T Panyangara,0,1,1,,,,,,,,
656427,2014/15,2015-02-24,Manuka Oval,1,39.6,West Indies,Zimbabwe,CH Gayle,MN Samuels,T Panyangara,0,0,,,,,,,,,
656427,2014/15,2015-02-24,Manuka Oval,1,39.7,West Indies,Zimbabwe,CH Gayle,MN Samuels,T Panyangara,1,0,,,,,,,,,
656427,2014/15,2015-02-24,Manuka Oval,1,39.8,West Indies,Zimbabwe,MN Samuels,CH Gayle,T Panyangara,1,0,,,,,,,,,
656427,2014/15,2015-02-24,Manuka Oval,1,39.9,West Indies,Zimbabwe,CH Gayle,MN Samuels,T Panyangara,6,0,,,,,,,,,
656427,2014/15,2015-02-24,Manuka Oval,1,40.1,West Indies,Zimbabwe,MN Samuels,CH Gayle,H Masakadza,1,0,,,,,,,,,
656427,2014/15,2015-02-24,Manuka Oval,1,40.2,West Indies,Zimbabwe,CH Gayle,MN Samuels,H Masakadza,1,0,,,,,,,,,
656427,2014/15,2015-02-24,Manuka Oval,1,40.3,West Indies,Zimbabwe,MN Samuels,CH Gayle,H Masakadza,0,0,,,,,,,,,
656427,2014/15,2015-02-24,Manuka Oval,1,40.4,West Indies,Zimbabwe,MN Samuels,CH Gayle,H Masakadza,4,0,,,,,,,,,
656427,2014/15,2015-02-24,Manuka Oval,1,40.5,West Indies,Zimbabwe,MN Samuels,CH Gayle,H Masakadza,1,0,,,,,,,,,
656427,2014/15,2015-02-24,Manuka Oval,1,40.6,West Indies,Zimbabwe,CH Gayle,MN Samuels,H Masakadza,6,0,,,,,,,,,
656427,2014/15,2015-02-24,Manuka Oval,1,41.1,West Indies,Zimbabwe,MN Samuels,CH Gayle,E Chigumbura,4,0,,,,,,,,,
656427,2014/15,2015-02-24,Manuka Oval,1,41.2,West Indies,Zimbabwe,MN Samuels,CH Gayle,E Chigumbura,0,0,,,,,,,,,
656427,2014/15,2015-02-24,Manuka Oval,1,41.3,West Indies,Zimbabwe,MN Samuels,CH Gayle,E Chigumbura,0,1,1,,,,,,,,
656427,2014/15,2015-02-24,Manuka Oval,1,41.4,West Indies,Zimbabwe,MN Samuels,CH Gayle,E Chigumbura,0,1,1,,,,,,,,
656427,2014/15,2015-02-24,Manuka Oval,1,41.5,West Indies,Zimbabwe,MN Samuels,CH Gayle,E Chigumbura,0,1,1,,,,,,,,
656427,2014/15,2015-02-24,Manuka Oval,1,41.6,West Indies,Zimbabwe,MN Samuels,CH Gayle,E Chigumbura,0,1,1,,,,,,,,
656427,2014/15,2015-02-24,Manuka Oval,1,41.7,West Indies,Zimbabwe,MN Samuels,CH Gayle,E Chigumbura,2,0,,,,,,,,,
656427,2014/15,2015-02-24,Manuka Oval,1,41.8,West Indies,Zimbabwe,MN Samuels,CH Gayle,E Chigumbura,1,0,,,,,,,,,
656427,2014/15,2015-02-24,Manuka Oval,1,41.9,West Indies,Zimbabwe,CH Gayle,MN Samuels,E Chigumbura,0,1,1,,,,,,,,
656427,2014/15,2015-02-24,Manuka Oval,1,41.1,West Indies,Zimbabwe,CH Gayle,MN Samuels,E Chigumbura,0,0,,,,,,,,,
656427,2014/15,2015-02-24,Manuka Oval,1,41.11,West Indies,Zimbabwe,CH Gayle,MN Samuels,E Chigumbura,6,0,,,,,,,,,
656427,2014/15,2015-02-24,Manuka Oval,1,42.1,West Indies,Zimbabwe,MN Samuels,CH Gayle,SC Williams,1,0,,,,,,,,,
656427,2014/15,2015-02-24,Manuka Oval,1,42.2,West Indies,Zimbabwe,CH Gayle,MN Samuels,SC Williams,1,0,,,,,,,,,
656427,2014/15,2015-02-24,Manuka Oval,1,42.3,West Indies,Zimbabwe,MN Samuels,CH Gayle,SC Williams,1,0,,,,,,,,,
656427,2014/15,2015-02-24,Manuka Oval,1,42.4,West Indies,Zimbabwe,CH Gayle,MN Samuels,SC Williams,2,0,,,,,,,,,
656427,2014/15,2015-02-24,Manuka Oval,1,42.5,West Indies,Zimbabwe,CH Gayle,MN Samuels,SC Williams,1,0,,,,,,,,,
656427,2014/15,2015-02-24,Manuka Oval,1,42.6,West Indies,Zimbabwe,MN Samuels,CH Gayle,SC Williams,1,0,,,,,,,,,
656427,2014/15,2015-02-24,Manuka Oval,1,43.1,West Indies,Zimbabwe,MN Samuels,CH Gayle,T Kamungozi,0,0,,,,,,,,,
656427,2014/15,2015-02-24,Manuka Oval,1,43.2,West Indies,Zimbabwe,MN Samuels,CH Gayle,T Kamungozi,1,0,,,,,,,,,
656427,2014/15,2015-02-24,Manuka Oval,1,43.3,West Indies,Zimbabwe,CH Gayle,MN Samuels,T Kamungozi,6,0,,,,,,,,,
656427,2014/15,2015-02-24,Manuka Oval,1,43.4,West Indies,Zimbabwe,CH Gayle,MN Samuels,T Kamungozi,4,0,,,,,,,,,
656427,2014/15,2015-02-24,Manuka Oval,1,43.5,West Indies,Zimbabwe,CH Gayle,MN Samuels,T Kamungozi,6,0,,,,,,,,,
656427,2014/15,2015-02-24,Manuka Oval,1,43.6,West Indies,Zimbabwe,CH Gayle,MN Samuels,T Kamungozi,4,0,,,,,,,,,
656427,2014/15,2015-02-24,Manuka Oval,1,44.1,West Indies,Zimbabwe,MN Samuels,CH Gayle,SC Williams,1,0,,,,,,,,,
656427,2014/15,2015-02-24,Manuka Oval,1,44.2,West Indies,Zimbabwe,CH Gayle,MN Samuels,SC Williams,6,0,,,,,,,,,
656427,2014/15,2015-02-24,Manuka Oval,1,44.3,West Indies,Zimbabwe,CH Gayle,MN Samuels,SC Williams,6,0,,,,,,,,,
656427,2014/15,2015-02-24,Manuka Oval,1,44.4,West Indies,Zimbabwe,CH Gayle,MN Samuels,SC Williams,6,0,,,,,,,,,
656427,2014/15,2015-02-24,Manuka Oval,1,44.5,West Indies,Zimbabwe,CH Gayle,MN Samuels,SC Williams,1,0,,,,,,,,,
656427,2014/15,2015-02-24,Manuka Oval,1,44.6,West Indies,Zimbabwe,MN Samuels,CH Gayle,SC Williams,1,0,,,,,,,,,
656427,2014/15,2015-02-24,Manuka Oval,1,45.1,West Indies,Zimbabwe,MN Samuels,CH Gayle,TL Chatara,1,0,,,,,,,,,
656427,2014/15,2015-02-24,Manuka Oval,1,45.2,West Indies,Zimbabwe,CH Gayle,MN Samuels,TL Chatara,6,0,,,,,,,,,
656427,2014/15,2015-02-24,Manuka Oval,1,45.3,West Indies,Zimbabwe,CH Gayle,MN Samuels,TL Chatara,1,0,,,,,,,,,
656427,2014/15,2015-02-24,Manuka Oval,1,45.4,West Indies,Zimbabwe,MN Samuels,CH Gayle,TL Chatara,1,0,,,,,,,,,
656427,2014/15,2015-02-24,Manuka Oval,1,45.5,West Indies,Zimbabwe,CH Gayle,MN Samuels,TL Chatara,4,0,,,,,,,,,
656427,2014/15,2015-02-24,Manuka Oval,1,45.6,West Indies,Zimbabwe,CH Gayle,MN Samuels,TL Chatara,4,0,,,,,,,,,
656427,2014/15,2015-02-24,Manuka Oval,1,46.1,West Indies,Zimbabwe,MN Samuels,CH Gayle,T Panyangara,0,1,1,,,,,,,,
656427,2014/15,2015-02-24,Manuka Oval,1,46.2,West Indies,Zimbabwe,MN Samuels,CH Gayle,T Panyangara,0,0,,,,,,,,,
656427,2014/15,2015-02-24,Manuka Oval,1,46.3,West Indies,Zimbabwe,MN Samuels,CH Gayle,T Panyangara,0,0,,,,,,,,,
656427,2014/15,2015-02-24,Manuka Oval,1,46.4,West Indies,Zimbabwe,MN Samuels,CH Gayle,T Panyangara,0,1,1,,,,,,,,
656427,2014/15,2015-02-24,Manuka Oval,1,46.5,West Indies,Zimbabwe,MN Samuels,CH Gayle,T Panyangara,1,0,,,,,,,,,
656427,2014/15,2015-02-24,Manuka Oval,1,46.6,West Indies,Zimbabwe,CH Gayle,MN Samuels,T Panyangara,1,0,,,,,,,,,
656427,2014/15,2015-02-24,Manuka Oval,1,46.7,West Indies,Zimbabwe,MN Samuels,CH Gayle,T Panyangara,1,0,,,,,,,,,
656427,2014/15,2015-02-24,Manuka Oval,1,46.8,West Indies,Zimbabwe,CH Gayle,MN Samuels,T Panyangara,1,1,,1,,,,,,,
656427,2014/15,2015-02-24,Manuka Oval,1,46.9,West Indies,Zimbabwe,MN Samuels,CH Gayle,T Panyangara,1,0,,,,,,,,,
656427,2014/15,2015-02-24,Manuka Oval,1,47.1,West Indies,Zimbabwe,MN Samuels,CH Gayle,TL Chatara,4,0,,,,,,,,,
656427,2014/15,2015-02-24,Manuka Oval,1,47.2,West Indies,Zimbabwe,MN Samuels,CH Gayle,TL Chatara,2,0,,,,,,,,,
656427,2014/15,2015-02-24,Manuka Oval,1,47.3,West Indies,Zimbabwe,MN Samuels,CH Gayle,TL Chatara,0,0,,,,,,,,,
656427,2014/15,2015-02-24,Manuka Oval,1,47.4,West Indies,Zimbabwe,MN Samuels,CH Gayle,TL Chatara,0,0,,,,,,,,,
656427,2014/15,2015-02-24,Manuka Oval,1,47.5,West Indies,Zimbabwe,MN Samuels,CH Gayle,TL Chatara,1,0,,,,,,,,,
656427,2014/15,2015-02-24,Manuka Oval,1,47.6,West Indies,Zimbabwe,CH Gayle,MN Samuels,TL Chatara,2,0,,,,,,,,,
656427,2014/15,2015-02-24,Manuka Oval,1,48.1,West Indies,Zimbabwe,MN Samuels,CH Gayle,T Panyangara,4,0,,,,,,,,,
656427,2014/15,2015-02-24,Manuka Oval,1,48.2,West Indies,Zimbabwe,MN Samuels,CH Gayle,T Panyangara,6,0,,,,,,,,,
656427,2014/15,2015-02-24,Manuka Oval,1,48.3,West Indies,Zimbabwe,MN Samuels,CH Gayle,T Panyangara,0,0,,,,,,,,,
656427,2014/15,2015-02-24,Manuka Oval,1,48.4,West Indies,Zimbabwe,MN Samuels,CH Gayle,T Panyangara,4,0,,,,,,,,,
656427,2014/15,2015-02-24,Manuka Oval,1,48.5,West Indies,Zimbabwe,MN Samuels,CH Gayle,T Panyangara,2,0,,,,,,,,,
656427,2014/15,2015-02-24,Manuka Oval,1,48.6,West Indies,Zimbabwe,MN Samuels,CH Gayle,T Panyangara,6,0,,,,,,,,,
656427,2014/15,2015-02-24,Manuka Oval,1,49.1,West Indies,Zimbabwe,CH Gayle,MN Samuels,TL Chatara,1,0,,,,,,,,,
656427,2014/15,2015-02-24,Manuka Oval,1,49.2,West Indies,Zimbabwe,MN Samuels,CH Gayle,TL Chatara,6,0,,,,,,,,,
656427,2014/15,2015-02-24,Manuka Oval,1,49.3,West Indies,Zimbabwe,MN Samuels,CH Gayle,TL Chatara,1,0,,,,,,,,,
656427,2014/15,2015-02-24,Manuka Oval,1,49.4,West Indies,Zimbabwe,CH Gayle,MN Samuels,TL Chatara,2,0,,,,,,,,,
656427,2014/15,2015-02-24,Manuka Oval,1,49.5,West Indies,Zimbabwe,CH Gayle,MN Samuels,TL Chatara,2,1,,1,,,,,,,
656427,2014/15,2015-02-24,Manuka Oval,1,49.6,West Indies,Zimbabwe,CH Gayle,MN Samuels,TL Chatara,1,1,,1,,,,,,,
656427,2014/15,2015-02-24,Manuka Oval,1,49.7,West Indies,Zimbabwe,MN Samuels,CH Gayle,H Masakadza,1,0,,,,,,,,,
656427,2014/15,2015-02-24,Manuka Oval,1,49.8,West Indies,Zimbabwe,CH Gayle,MN Samuels,H Masakadza,0,0,,,,,,caught,CH Gayle,,
656427,2014/15,2015-02-24,Manuka Oval,2,0.1,Zimbabwe,West Indies,Sikandar Raza,RW Chakabva,JE Taylor,1,0,,,,,,,,,
656427,2014/15,2015-02-24,Manuka Oval,2,0.2,Zimbabwe,West Indies,RW Chakabva,Sikandar Raza,JE Taylor,0,0,,,,,,,,,
656427,2014/15,2015-02-24,Manuka Oval,2,0.3,Zimbabwe,West Indies,RW Chakabva,Sikandar Raza,JE Taylor,2,0,,,,,,,,,
656427,2014/15,2015-02-24,Manuka Oval,2,0.4,Zimbabwe,West Indies,RW Chakabva,Sikandar Raza,JE Taylor,0,0,,,,,,,,,
656427,2014/15,2015-02-24,Manuka Oval,2,0.5,Zimbabwe,West Indies,RW Chakabva,Sikandar Raza,JE Taylor,0,1,1,,,,,,,,
656427,2014/15,2015-02-24,Manuka Oval,2,0.6,Zimbabwe,West Indies,RW Chakabva,Sikandar Raza,JE Taylor,0,1,,,,1,,,,,
656427,2014/15,2015-02-24,Manuka Oval,2,0.7,Zimbabwe,West Indies,Sikandar Raza,RW Chakabva,JE Taylor,1,0,,,,,,,,,
656427,2014/15,2015-02-24,Manuka Oval,2,1.1,Zimbabwe,West Indies,Sikandar Raza,RW Chakabva,JO Holder,4,0,,,,,,,,,
656427,2014/15,2015-02-24,Manuka Oval,2,1.2,Zimbabwe,West Indies,Sikandar Raza,RW Chakabva,JO Holder,0,0,,,,,,,,,
656427,2014/15,2015-02-24,Manuka Oval,2,1.3,Zimbabwe,West Indies,Sikandar Raza,RW Chakabva,JO Holder,1,0,,,,,,,,,
656427,2014/15,2015-02-24,Manuka Oval,2,1.4,Zimbabwe,West Indies,RW Chakabva,Sikandar Raza,JO Holder,0,0,,,,,,lbw,RW Chakabva,,
656427,2014/15,2015-02-24,Manuka Oval,2,1.5,Zimbabwe,West Indies,H Masakadza,Sikandar Raza,JO Holder,1,0,,,,,,,,,
656427,2014/15,2015-02-24,Manuka Oval,2,1.6,Zimbabwe,West Indies,Sikandar Raza,H Masakadza,JO Holder,4,0,,,,,,,,,
656427,2014/15,2015-02-24,Manuka Oval,2,2.1,Zimbabwe,West Indies,H Masakadza,Sikandar Raza,JE Taylor,2,0,,,,,,,,,
656427,2014/15,2015-02-24,Manuka Oval,2,2.2,Zimbabwe,West Indies,H Masakadza,Sikandar Raza,JE Taylor,0,0,,,,,,,,,
656427,2014/15,2015-02-24,Manuka Oval,2,2.3,Zimbabwe,West Indies,H Masakadza,Sikandar Raza,JE Taylor,0,0,,,,,,,,,
656427,2014/15,2015-02-24,Manuka Oval,2,2.4,Zimbabwe,West Indies,H Masakadza,Sikandar Raza,JE Taylor,0,0,,,,,,,,,
656427,2014/15,2015-02-24,Manuka Oval,2,2.5,Zimbabwe,West Indies,H Masakadza,Sikandar Raza,JE Taylor,0,0,,,,,,,,,
656427,2014/15,2015-02-24,Manuka Oval,2,2.6,Zimbabwe,West Indies,H Masakadza,Sikandar Raza,JE Taylor,0,0,,,,,,,,,
656427,2014/15,2015-02-24,Manuka Oval,2,3.1,Zimbabwe,West Indies,Sikandar Raza,H Masakadza,JO Holder,0,0,,,,,,,,,
656427,2014/15,2015-02-24,Manuka Oval,2,3.2,Zimbabwe,West Indies,Sikandar Raza,H Masakadza,JO Holder,1,0,,,,,,,,,
656427,2014/15,2015-02-24,Manuka Oval,2,3.3,Zimbabwe,West Indies,H Masakadza,Sikandar Raza,JO Holder,0,0,,,,,,,,,
656427,2014/15,2015-02-24,Manuka Oval,2,3.4,Zimbabwe,West Indies,H Masakadza,Sikandar Raza,JO Holder,0,0,,,,,,,,,
656427,2014/15,2015-02-24,Manuka Oval,2,3.5,Zimbabwe,West Indies,H Masakadza,Sikandar Raza,JO Holder,1,0,,,,,,,,,
656427,2014/15,2015-02-24,Manuka Oval,2,3.6,Zimbabwe,West Indies,Sikandar Raza,H Masakadza,JO Holder,0,0,,,,,,,,,
656427,2014/15,2015-02-24,Manuka Oval,2,4.1,Zimbabwe,West Indies,H Masakadza,Sikandar Raza,JE Taylor,0,0,,,,,,,,,
656427,2014/15,2015-02-24,Manuka Oval,2,4.2,Zimbabwe,West Indies,H Masakadza,Sikandar Raza,JE Taylor,0,0,,,,,,,,,
656427,2014/15,2015-02-24,Manuka Oval,2,4.3,Zimbabwe,West Indies,H Masakadza,Sikandar Raza,JE Taylor,1,0,,,,,,,,,
656427,2014/15,2015-02-24,Manuka Oval,2,4.4,Zimbabwe,West Indies,Sikandar Raza,H Masakadza,JE Taylor,4,0,,,,,,,,,
656427,2014/15,2015-02-24,Manuka Oval,2,4.5,Zimbabwe,West Indies,Sikandar Raza,H Masakadza,JE Taylor,1,0,,,,,,,,,
656427,2014/15,2015-02-24,Manuka Oval,2,4.6,Zimbabwe,West Indies,H Masakadza,Sikandar Raza,JE Taylor,0,0,,,,,,lbw,H Masakadza,,
656427,2014/15,2015-02-24,Manuka Oval,2,5.1,Zimbabwe,West Indies,Sikandar Raza,BRM Taylor,JO Holder,0,0,,,,,,,,,
656427,2014/15,2015-02-24,Manuka Oval,2,5.2,Zimbabwe,West Indies,Sikandar Raza,BRM Taylor,JO Holder,0,0,,,,,,,,,
656427,2014/15,2015-02-24,Manuka Oval,2,5.3,Zimbabwe,West Indies,Sikandar Raza,BRM Taylor,JO Holder,0,0,,,,,,,,,
656427,2014/15,2015-02-24,Manuka Oval,2,5.4,Zimbabwe,West Indies,Sikandar Raza,BRM Taylor,JO Holder,4,0,,,,,,,,,
656427,2014/15,2015-02-24,Manuka Oval,2,5.5,Zimbabwe,West Indies,Sikandar Raza,BRM Taylor,JO Holder,4,0,,,,,,,,,
656427,2014/15,2015-02-24,Manuka Oval,2,5.6,Zimbabwe,West Indies,Sikandar Raza,BRM Taylor,JO Holder,0,0,,,,,,,,,
656427,2014/15,2015-02-24,Manuka Oval,2,6.1,Zimbabwe,West Indies,BRM Taylor,Sikandar Raza,JE Taylor,0,0,,,,,,,,,
656427,2014/15,2015-02-24,Manuka Oval,2,6.2,Zimbabwe,West Indies,BRM Taylor,Sikandar Raza,JE Taylor,0,0,,,,,,,,,
656427,2014/15,2015-02-24,Manuka Oval,2,6.3,Zimbabwe,West Indies,BRM Taylor,Sikandar Raza,JE Taylor,0,0,,,,,,,,,
656427,2014/15,2015-02-24,Manuka Oval,2,6.4,Zimbabwe,West Indies,BRM Taylor,Sikandar Raza,JE Taylor,0,0,,,,,,,,,
656427,2014/15,2015-02-24,Manuka Oval,2,6.5,Zimbabwe,West Indies,BRM Taylor,Sikandar Raza,JE Taylor,0,1,1,,,,,,,,
656427,2014/15,2015-02-24,Manuka Oval,2,6.6,Zimbabwe,West Indies,BRM Taylor,Sikandar Raza,JE Taylor,1,0,,,,,,,,,
656427,2014/15,2015-02-24,Manuka Oval,2,6.7,Zimbabwe,West Indies,Sikandar Raza,BRM Taylor,JE Taylor,0,0,,,,,,,,,
656427,2014/15,2015-02-24,Manuka Oval,2,7.1,Zimbabwe,West Indies,BRM Taylor,Sikandar Raza,JO Holder,2,0,,,,,,,,,
656427,2014/15,2015-02-24,Manuka Oval,2,7.2,Zimbabwe,West Indies,BRM Taylor,Sikandar Raza,JO Holder,0,0,,,,,,,,,
656427,2014/15,2015-02-24,Manuka Oval,2,7.3,Zimbabwe,West Indies,BRM Taylor,Sikandar Raza,JO Holder,1,0,,,,,,,,,
656427,2014/15,2015-02-24,Manuka Oval,2,7.4,Zimbabwe,West Indies,Sikandar Raza,BRM Taylor,JO Holder,1,0,,,,,,,,,
656427,2014/15,2015-02-24,Manuka Oval,2,7.5,Zimbabwe,West Indies,BRM Taylor,Sikandar Raza,JO Holder,0,4,,,,4,,,,,
656427,2014/15,2015-02-24,Manuka Oval,2,7.6,Zimbabwe,West Indies,BRM Taylor,Sikandar Raza,JO Holder,0,2,2,,,,,,,,
656427,2014/15,2015-02-24,Manuka Oval,2,7.7,Zimbabwe,West Indies,Sikandar Raza,BRM Taylor,JO Holder,0,0,,,,,,caught,Sikandar Raza,,
656427,2014/15,2015-02-24,Manuka Oval,2,8.1,Zimbabwe,West Indies,BRM Taylor,SC Williams,JE Taylor,0,0,,,,,,,,,
656427,2014/15,2015-02-24,Manuka Oval,2,8.2,Zimbabwe,West Indies,BRM Taylor,SC Williams,JE Taylor,0,0,,,,,,,,,
656427,2014/15,2015-02-24,Manuka Oval,2,8.3,Zimbabwe,West Indies,BRM Taylor,SC Williams,JE Taylor,2,0,,,,,,,,,
656427,2014/15,2015-02-24,Manuka Oval,2,8.4,Zimbabwe,West Indies,BRM Taylor,SC Williams,JE Taylor,1,0,,,,,,,,,
656427,2014/15,2015-02-24,Manuka Oval,2,8.5,Zimbabwe,West Indies,SC Williams,BRM Taylor,JE Taylor,1,0,,,,,,,,,
656427,2014/15,2015-02-24,Manuka Oval,2,8.6,Zimbabwe,West Indies,BRM Taylor,SC Williams,JE Taylor,0,0,,,,,,,,,
656427,2014/15,2015-02-24,Manuka Oval,2,9.1,Zimbabwe,West Indies,SC Williams,BRM Taylor,NO Miller,0,0,,,,,,,,,
656427,2014/15,2015-02-24,Manuka Oval,2,9.2,Zimbabwe,West Indies,SC Williams,BRM Taylor,NO Miller,1,0,,,,,,,,,
656427,2014/15,2015-02-24,Manuka Oval,2,9.3,Zimbabwe,West Indies,BRM Taylor,SC Williams,NO Miller,0,0,,,,,,,,,
656427,2014/15,2015-02-24,Manuka Oval,2,9.4,Zimbabwe,West Indies,BRM Taylor,SC Williams,NO Miller,0,2,,,,2,,,,,
656427,2014/15,2015-02-24,Manuka Oval,2,9.5,Zimbabwe,West Indies,BRM Taylor,SC Williams,NO Miller,1,0,,,,,,,,,
656427,2014/15,2015-02-24,Manuka Oval,2,9.6,Zimbabwe,West Indies,SC Williams,BRM Taylor,NO Miller,0,0,,,,,,,,,
656427,2014/15,2015-02-24,Manuka Oval,2,10.1,Zimbabwe,West Indies,BRM Taylor,SC Williams,MN Samuels,1,0,,,,,,,,,
656427,2014/15,2015-02-24,Manuka Oval,2,10.2,Zimbabwe,West Indies,SC Williams,BRM Taylor,MN Samuels,1,0,,,,,,,,,
656427,2014/15,2015-02-24,Manuka Oval,2,10.3,Zimbabwe,West Indies,BRM Taylor,SC Williams,MN Samuels,0,0,,,,,,,,,
656427,2014/15,2015-02-24,Manuka Oval,2,10.4,Zimbabwe,West Indies,BRM Taylor,SC Williams,MN Samuels,0,0,,,,,,,,,
656427,2014/15,2015-02-24,Manuka Oval,2,10.5,Zimbabwe,West Indies,BRM Taylor,SC Williams,MN Samuels,0,0,,,,,,,,,
656427,2014/15,2015-02-24,Manuka Oval,2,10.6,Zimbabwe,West Indies,BRM Taylor,SC Williams,MN Samuels,2,0,,,,,,,,,
656427,2014/15,2015-02-24,Manuka Oval,2,11.1,Zimbabwe,West Indies,SC Williams,BRM Taylor,NO Miller,1,0,,,,,,,,,
656427,2014/15,2015-02-24,Manuka Oval,2,11.2,Zimbabwe,West Indies,BRM Taylor,SC Williams,NO Miller,0,0,,,,,,,,,
656427,2014/15,2015-02-24,Manuka Oval,2,11.3,Zimbabwe,West Indies,BRM Taylor,SC Williams,NO Miller,1,0,,,,,,,,,
656427,2014/15,2015-02-24,Manuka Oval,2,11.4,Zimbabwe,West Indies,SC Williams,BRM Taylor,NO Miller,1,0,,,,,,,,,
656427,2014/15,2015-02-24,Manuka Oval,2,11.5,Zimbabwe,West Indies,BRM Taylor,SC Williams,NO Miller,6,0,,,,,,,,,
656427,2014/15,2015-02-24,Manuka Oval,2,11.6,Zimbabwe,West Indies,BRM Taylor,SC Williams,NO Miller,1,0,,,,,,,,,
656427,2014/15,2015-02-24,Manuka Oval,2,12.1,Zimbabwe,West Indies,BRM Taylor,SC Williams,MN Samuels,1,0,,,,,,,,,
656427,2014/15,2015-02-24,Manuka Oval,2,12.2,Zimbabwe,West Indies,SC Williams,BRM Taylor,MN Samuels,0,0,,,,,,,,,
656427,2014/15,2015-02-24,Manuka Oval,2,12.3,Zimbabwe,West Indies,SC Williams,BRM Taylor,MN Samuels,1,0,,,,,,,,,
656427,2014/15,2015-02-24,Manuka Oval,2,12.4,Zimbabwe,West Indies,BRM Taylor,SC Williams,MN Samuels,0,0,,,,,,,,,
656427,2014/15,2015-02-24,Manuka Oval,2,12.5,Zimbabwe,West Indies,BRM Taylor,SC Williams,MN Samuels,1,0,,,,,,,,,
656427,2014/15,2015-02-24,Manuka Oval,2,12.6,Zimbabwe,West Indies,SC Williams,BRM Taylor,MN Samuels,2,0,,,,,,,,,
656427,2014/15,2015-02-24,Manuka Oval,2,13.1,Zimbabwe,West Indies,BRM Taylor,SC Williams,NO Miller,4,0,,,,,,,,,
656427,2014/15,2015-02-24,Manuka Oval,2,13.2,Zimbabwe,West Indies,BRM Taylor,SC Williams,NO Miller,1,0,,,,,,,,,
656427,2014/15,2015-02-24,Manuka Oval,2,13.3,Zimbabwe,West Indies,SC Williams,BRM Taylor,NO Miller,1,0,,,,,,,,,
656427,2014/15,2015-02-24,Manuka Oval,2,13.4,Zimbabwe,West Indies,BRM Taylor,SC Williams,NO Miller,0,0,,,,,,,,,
656427,2014/15,2015-02-24,Manuka Oval,2,13.5,Zimbabwe,West Indies,BRM Taylor,SC Williams,NO Miller,1,0,,,,,,,,,
656427,2014/15,2015-02-24,Manuka Oval,2,13.6,Zimbabwe,West Indies,SC Williams,BRM Taylor,NO Miller,1,0,,,,,,,,,
656427,2014/15,2015-02-24,Manuka Oval,2,14.1,Zimbabwe,West Indies,SC Williams,BRM Taylor,MN Samuels,4,0,,,,,,,,,
656427,2014/15,2015-02-24,Manuka Oval,2,14.2,Zimbabwe,West Indies,SC Williams,BRM Taylor,MN Samuels,1,0,,,,,,,,,
656427,2014/15,2015-02-24,Manuka Oval,2,14.3,Zimbabwe,West Indies,BRM Taylor,SC Williams,MN Samuels,1,0,,,,,,,,,
656427,2014/15,2015-02-24,Manuka Oval,2,14.4,Zimbabwe,West Indies,SC Williams,BRM Taylor,MN Samuels,0,0,,,,,,,,,
656427,2014/15,2015-02-24,Manuka Oval,2,14.5,Zimbabwe,West Indies,SC Williams,BRM Taylor,MN Samuels,4,0,,,,,,,,,
656427,2014/15,2015-02-24,Manuka Oval,2,14.6,Zimbabwe,West Indies,SC Williams,BRM Taylor,MN Samuels,1,0,,,,,,,,,
656427,2014/15,2015-02-24,Manuka Oval,2,15.1,Zimbabwe,West Indies,SC Williams,BRM Taylor,NO Miller,0,0,,,,,,,,,
656427,2014/15,2015-02-24,Manuka Oval,2,15.2,Zimbabwe,West Indies,SC Williams,BRM Taylor,NO Miller,2,0,,,,,,,,,
656427,2014/15,2015-02-24,Manuka Oval,2,15.3,Zimbabwe,West Indies,SC Williams,BRM Taylor,NO Miller,4,0,,,,,,,,,
656427,2014/15,2015-02-24,Manuka Oval,2,15.4,Zimbabwe,West Indies,SC Williams,BRM Taylor,NO Miller,0,0,,,,,,,,,
656427,2014/15,2015-02-24,Manuka Oval,2,15.5,Zimbabwe,West Indies,SC Williams,BRM Taylor,NO Miller,0,0,,,,,,,,,
656427,2014/15,2015-02-24,Manuka Oval,2,15.6,Zimbabwe,West Indies,SC Williams,BRM Taylor,NO Miller,0,0,,,,,,,,,
656427,2014/15,2015-02-24,Manuka Oval,2,16.1,Zimbabwe,West Indies,BRM Taylor,SC Williams,MN Samuels,1,0,,,,,,,,,
656427,2014/15,2015-02-24,Manuka Oval,2,16.2,Zimbabwe,West Indies,SC Williams,BRM Taylor,MN Samuels,0,0,,,,,,,,,
656427,2014/15,2015-02-24,Manuka Oval,2,16.3,Zimbabwe,West Indies,SC Williams,BRM Taylor,MN Samuels,4,0,,,,,,,,,
656427,2014/15,2015-02-24,Manuka Oval,2,16.4,Zimbabwe,West Indies,SC Williams,BRM Taylor,MN Samuels,1,0,,,,,,,,,
656427,2014/15,2015-02-24,Manuka Oval,2,16.5,Zimbabwe,West Indies,BRM Taylor,SC Williams,MN Samuels,0,0,,,,,,,,,
656427,2014/15,2015-02-24,Manuka Oval,2,16.6,Zimbabwe,West Indies,BRM Taylor,SC Williams,MN Samuels,1,0,,,,,,,,,
656427,2014/15,2015-02-24,Manuka Oval,2,17.1,Zimbabwe,West Indies,BRM Taylor,SC Williams,NO Miller,1,0,,,,,,,,,
656427,2014/15,2015-02-24,Manuka Oval,2,17.2,Zimbabwe,West Indies,SC Williams,BRM Taylor,NO Miller,4,0,,,,,,,,,
656427,2014/15,2015-02-24,Manuka Oval,2,17.3,Zimbabwe,West Indies,SC Williams,BRM Taylor,NO Miller,1,0,,,,,,,,,
656427,2014/15,2015-02-24,Manuka Oval,2,17.4,Zimbabwe,West Indies,BRM Taylor,SC Williams,NO Miller,0,0,,,,,,,,,
656427,2014/15,2015-02-24,Manuka Oval,2,17.5,Zimbabwe,West Indies,BRM Taylor,SC Williams,NO Miller,4,0,,,,,,,,,
656427,2014/15,2015-02-24,Manuka Oval,2,17.6,Zimbabwe,West Indies,BRM Taylor,SC Williams,NO Miller,0,0,,,,,,,,,
656427,2014/15,2015-02-24,Manuka Oval,2,18.1,Zimbabwe,West Indies,SC Williams,BRM Taylor,MN Samuels,1,0,,,,,,,,,
656427,2014/15,2015-02-24,Manuka Oval,2,18.2,Zimbabwe,West Indies,BRM Taylor,SC Williams,MN Samuels,0,0,,,,,,,,,
656427,2014/15,2015-02-24,Manuka Oval,2,18.3,Zimbabwe,West Indies,BRM Taylor,SC Williams,MN Samuels,0,0,,,,,,,,,
656427,2014/15,2015-02-24,Manuka Oval,2,18.4,Zimbabwe,West Indies,BRM Taylor,SC Williams,MN Samuels,1,0,,,,,,,,,
656427,2014/15,2015-02-24,Manuka Oval,2,18.5,Zimbabwe,West Indies,SC Williams,BRM Taylor,MN Samuels,4,0,,,,,,,,,
656427,2014/15,2015-02-24,Manuka Oval,2,18.6,Zimbabwe,West Indies,SC Williams,BRM Taylor,MN Samuels,1,0,,,,,,,,,
656427,2014/15,2015-02-24,Manuka Oval,2,19.1,Zimbabwe,West Indies,SC Williams,BRM Taylor,AD Russell,1,0,,,,,,,,,
656427,2014/15,2015-02-24,Manuka Oval,2,19.2,Zimbabwe,West Indies,BRM Taylor,SC Williams,AD Russell,0,0,,,,,,,,,
656427,2014/15,2015-02-24,Manuka Oval,2,19.3,Zimbabwe,West Indies,BRM Taylor,SC Williams,AD Russell,0,0,,,,,,,,,
656427,2014/15,2015-02-24,Manuka Oval,2,19.4,Zimbabwe,West Indies,BRM Taylor,SC Williams,AD Russell,1,0,,,,,,,,,
656427,2014/15,2015-02-24,Manuka Oval,2,19.5,Zimbabwe,West Indies,SC Williams,BRM Taylor,AD Russell,0,0,,,,,,,,,
656427,2014/15,2015-02-24,Manuka Oval,2,19.6,Zimbabwe,West Indies,SC Williams,BRM Taylor,AD Russell,2,0,,,,,,,,,
656427,2014/15,2015-02-24,Manuka Oval,2,20.1,Zimbabwe,West Indies,BRM Taylor,SC Williams,MN Samuels,0,0,,,,,,caught,BRM Taylor,,
656427,2014/15,2015-02-24,Manuka Oval,2,20.2,Zimbabwe,West Indies,CR Ervine,SC Williams,MN Samuels,1,0,,,,,,,,,
656427,2014/15,2015-02-24,Manuka Oval,2,20.3,Zimbabwe,West Indies,SC Williams,CR Ervine,MN Samuels,2,0,,,,,,,,,
656427,2014/15,2015-02-24,Manuka Oval,2,20.4,Zimbabwe,West Indies,SC Williams,CR Ervine,MN Samuels,0,0,,,,,,,,,
656427,2014/15,2015-02-24,Manuka Oval,2,20.5,Zimbabwe,West Indies,SC Williams,CR Ervine,MN Samuels,0,0,,,,,,,,,
656427,2014/15,2015-02-24,Manuka Oval,2,20.6,Zimbabwe,West Indies,SC Williams,CR Ervine,MN Samuels,1,0,,,,,,,,,
656427,2014/15,2015-02-24,Manuka Oval,2,21.1,Zimbabwe,West Indies,SC Williams,CR Ervine,AD Russell,2,0,,,,,,,,,
656427,2014/15,2015-02-24,Manuka Oval,2,21.2,Zimbabwe,West Indies,SC Williams,CR Ervine,AD Russell,0,0,,,,,,,,,
656427,2014/15,2015-02-24,Manuka Oval,2,21.3,Zimbabwe,West Indies,SC Williams,CR Ervine,AD Russell,1,0,,,,,,,,,
656427,2014/15,2015-02-24,Manuka Oval,2,21.4,Zimbabwe,West Indies,CR Ervine,SC Williams,AD Russell,0,1,,1,,,,,,,
656427,2014/15,2015-02-24,Manuka Oval,2,21.5,Zimbabwe,West Indies,CR Ervine,SC Williams,AD Russell,1,1,,1,,,,,,,
656427,2014/15,2015-02-24,Manuka Oval,2,21.6,Zimbabwe,West Indies,SC Williams,CR Ervine,AD Russell,0,1,1,,,,,,,,
656427,2014/15,2015-02-24,Manuka Oval,2,21.7,Zimbabwe,West Indies,SC Williams,CR Ervine,AD Russell,4,0,,,,,,,,,
656427,2014/15,2015-02-24,Manuka Oval,2,21.8,Zimbabwe,West Indies,SC Williams,CR Ervine,AD Russell,0,0,,,,,,,,,
656427,2014/15,2015-02-24,Manuka Oval,2,21.9,Zimbabwe,West Indies,SC Williams,CR Ervine,AD Russell,1,0,,,,,,,,,
656427,2014/15,2015-02-24,Manuka Oval,2,22.1,Zimbabwe,West Indies,SC Williams,CR Ervine,MN Samuels,1,0,,,,,,,,,
656427,2014/15,2015-02-24,Manuka Oval,2,22.2,Zimbabwe,West Indies,CR Ervine,SC Williams,MN Samuels,0,0,,,,,,,,,
656427,2014/15,2015-02-24,Manuka Oval,2,22.3,Zimbabwe,West Indies,CR Ervine,SC Williams,MN Samuels,0,0,,,,,,,,,
656427,2014/15,2015-02-24,Manuka Oval,2,22.4,Zimbabwe,West Indies,CR Ervine,SC Williams,MN Samuels,0,0,,,,,,,,,
656427,2014/15,2015-02-24,Manuka Oval,2,22.5,Zimbabwe,West Indies,CR Ervine,SC Williams,MN Samuels,0,0,,,,,,,,,
656427,2014/15,2015-02-24,Manuka Oval,2,22.6,Zimbabwe,West Indies,CR Ervine,SC Williams,MN Samuels,1,0,,,,,,,,,
656427,2014/15,2015-02-24,Manuka Oval,2,23.1,Zimbabwe,West Indies,CR Ervine,SC Williams,AD Russell,1,0,,,,,,,,,
656427,2014/15,2015-02-24,Manuka Oval,2,23.2,Zimbabwe,West Indies,SC Williams,CR Ervine,AD Russell,0,0,,,,,,,,,
656427,2014/15,2015-02-24,Manuka Oval,2,23.3,Zimbabwe,West Indies,SC Williams,CR Ervine,AD Russell,4,0,,,,,,,,,
656427,2014/15,2015-02-24,Manuka Oval,2,23.4,Zimbabwe,West Indies,SC Williams,CR Ervine,AD Russell,2,0,,,,,,,,,
656427,2014/15,2015-02-24,Manuka Oval,2,23.5,Zimbabwe,West Indies,SC Williams,CR Ervine,AD Russell,1,0,,,,,,,,,
656427,2014/15,2015-02-24,Manuka Oval,2,23.6,Zimbabwe,West Indies,CR Ervine,SC Williams,AD Russell,0,0,,,,,,,,,
656427,2014/15,2015-02-24,Manuka Oval,2,24.1,Zimbabwe,West Indies,SC Williams,CR Ervine,MN Samuels,1,0,,,,,,,,,
656427,2014/15,2015-02-24,Manuka Oval,2,24.2,Zimbabwe,West Indies,CR Ervine,SC Williams,MN Samuels,0,0,,,,,,,,,
656427,2014/15,2015-02-24,Manuka Oval,2,24.3,Zimbabwe,West Indies,CR Ervine,SC Williams,MN Samuels,1,0,,,,,,,,,
656427,2014/15,2015-02-24,Manuka Oval,2,24.4,Zimbabwe,West Indies,SC Williams,CR Ervine,MN Samuels,4,0,,,,,,,,,
656427,2014/15,2015-02-24,Manuka Oval,2,24.5,Zimbabwe,West Indies,SC Williams,CR Ervine,MN Samuels,2,0,,,,,,,,,
656427,2014/15,2015-02-24,Manuka Oval,2,24.6,Zimbabwe,West Indies,SC Williams,CR Ervine,MN Samuels,1,0,,,,,,,,,
656427,2014/15,2015-02-24,Manuka Oval,2,25.1,Zimbabwe,West Indies,SC Williams,CR Ervine,JO Holder,0,0,,,,,,,,,
656427,2014/15,2015-02-24,Manuka Oval,2,25.2,Zimbabwe,West Indies,SC Williams,CR Ervine,JO Holder,1,0,,,,,,,,,
656427,2014/15,2015-02-24,Manuka Oval,2,25.3,Zimbabwe,West Indies,CR Ervine,SC Williams,JO Holder,0,0,,,,,,,,,
656427,2014/15,2015-02-24,Manuka Oval,2,25.4,Zimbabwe,West Indies,CR Ervine,SC Williams,JO Holder,0,0,,,,,,,,,
656427,2014/15,2015-02-24,Manuka Oval,2,25.5,Zimbabwe,West Indies,CR Ervine,SC Williams,JO Holder,1,0,,,,,,,,,
656427,2014/15,2015-02-24,Manuka Oval,2,25.6,Zimbabwe,West Indies,SC Williams,CR Ervine,JO Holder,1,0,,,,,,,,,
656427,2014/15,2015-02-24,Manuka Oval,2,26.1,Zimbabwe,West Indies,SC Williams,CR Ervine,MN Samuels,0,0,,,,,,,,,
656427,2014/15,2015-02-24,Manuka Oval,2,26.2,Zimbabwe,West Indies,SC Williams,CR Ervine,MN Samuels,0,0,,,,,,,,,
656427,2014/15,2015-02-24,Manuka Oval,2,26.3,Zimbabwe,West Indies,SC Williams,CR Ervine,MN Samuels,1,0,,,,,,,,,
656427,2014/15,2015-02-24,Manuka Oval,2,26.4,Zimbabwe,West Indies,CR Ervine,SC Williams,MN Samuels,4,0,,,,,,,,,
656427,2014/15,2015-02-24,Manuka Oval,2,26.5,Zimbabwe,West Indies,CR Ervine,SC Williams,MN Samuels,4,0,,,,,,,,,
656427,2014/15,2015-02-24,Manuka Oval,2,26.6,Zimbabwe,West Indies,CR Ervine,SC Williams,MN Samuels,1,0,,,,,,,,,
656427,2014/15,2015-02-24,Manuka Oval,2,27.1,Zimbabwe,West Indies,CR Ervine,SC Williams,JO Holder,0,0,,,,,,,,,
656427,2014/15,2015-02-24,Manuka Oval,2,27.2,Zimbabwe,West Indies,CR Ervine,SC Williams,JO Holder,1,0,,,,,,,,,
656427,2014/15,2015-02-24,Manuka Oval,2,27.3,Zimbabwe,West Indies,SC Williams,CR Ervine,JO Holder,1,0,,,,,,,,,
656427,2014/15,2015-02-24,Manuka Oval,2,27.4,Zimbabwe,West Indies,CR Ervine,SC Williams,JO Holder,1,0,,,,,,,,,
656427,2014/15,2015-02-24,Manuka Oval,2,27.5,Zimbabwe,West Indies,SC Williams,CR Ervine,JO Holder,0,0,,,,,,caught,SC Williams,,
656427,2014/15,2015-02-24,Manuka Oval,2,27.6,Zimbabwe,West Indies,CR Ervine,S Matsikenyeri,JO Holder,0,0,,,,,,,,,
656427,2014/15,2015-02-24,Manuka Oval,2,28.1,Zimbabwe,West Indies,S Matsikenyeri,CR Ervine,JE Taylor,0,0,,,,,,,,,
656427,2014/15,2015-02-24,Manuka Oval,2,28.2,Zimbabwe,West Indies,S Matsikenyeri,CR Ervine,JE Taylor,0,0,,,,,,,,,
656427,2014/15,2015-02-24,Manuka Oval,2,28.3,Zimbabwe,West Indies,S Matsikenyeri,CR Ervine,JE Taylor,0,1,1,,,,,,,,
656427,2014/15,2015-02-24,Manuka Oval,2,28.4,Zimbabwe,West Indies,S Matsikenyeri,CR Ervine,JE Taylor,0,0,,,,,,,,,
656427,2014/15,2015-02-24,Manuka Oval,2,28.5,Zimbabwe,West Indies,S Matsikenyeri,CR Ervine,JE Taylor,0,1,1,,,,,,,,
656427,2014/15,2015-02-24,Manuka Oval,2,28.6,Zimbabwe,West Indies,S Matsikenyeri,CR Ervine,JE Taylor,0,0,,,,,,,,,
656427,2014/15,2015-02-24,Manuka Oval,2,28.7,Zimbabwe,West Indies,S Matsikenyeri,CR Ervine,JE Taylor,2,0,,,,,,,,,
656427,2014/15,2015-02-24,Manuka Oval,2,28.8,Zimbabwe,West Indies,S Matsikenyeri,CR Ervine,JE Taylor,0,0,,,,,,,,,
656427,2014/15,2015-02-24,Manuka Oval,2,29.1,Zimbabwe,West Indies,CR Ervine,S Matsikenyeri,JO Holder,4,0,,,,,,,,,
656427,2014/15,2015-02-24,Manuka Oval,2,29.2,Zimbabwe,West Indies,CR Ervine,S Matsikenyeri,JO Holder,6,0,,,,,,,,,
656427,2014/15,2015-02-24,Manuka Oval,2,29.3,Zimbabwe,West Indies,CR Ervine,S Matsikenyeri,JO Holder,1,0,,,,,,,,,
656427,2014/15,2015-02-24,Manuka Oval,2,29.4,Zimbabwe,West Indies,S Matsikenyeri,CR Ervine,JO Holder,1,0,,,,,,,,,
656427,2014/15,2015-02-24,Manuka Oval,2,29.5,Zimbabwe,West Indies,CR Ervine,S Matsikenyeri,JO Holder,4,0,,,,,,,,,
656427,2014/15,2015-02-24,Manuka Oval,2,29.6,Zimbabwe,West Indies,CR Ervine,S Matsikenyeri,JO Holder,0,0,,,,,,,,,
656427,2014/15,2015-02-24,Manuka Oval,2,30.1,Zimbabwe,West Indies,S Matsikenyeri,CR Ervine,NO Miller,1,0,,,,,,,,,
656427,2014/15,2015-02-24,Manuka Oval,2,30.2,Zimbabwe,West Indies,CR Ervine,S Matsikenyeri,NO Miller,0,0,,,,,,,,,
656427,2014/15,2015-02-24,Manuka Oval,2,30.3,Zimbabwe,West Indies,CR Ervine,S Matsikenyeri,NO Miller,2,0,,,,,,,,,
656427,2014/15,2015-02-24,Manuka Oval,2,30.4,Zimbabwe,West Indies,CR Ervine,S Matsikenyeri,NO Miller,4,0,,,,,,,,,
656427,2014/15,2015-02-24,Manuka Oval,2,30.5,Zimbabwe,West Indies,CR Ervine,S Matsikenyeri,NO Miller,0,0,,,,,,,,,
656427,2014/15,2015-02-24,Manuka Oval,2,30.6,Zimbabwe,West Indies,CR Ervine,S Matsikenyeri,NO Miller,1,0,,,,,,,,,
656427,2014/15,2015-02-24,Manuka Oval,2,31.1,Zimbabwe,West Indies,CR Ervine,S Matsikenyeri,DJG Sammy,2,0,,,,,,,,,
656427,2014/15,2015-02-24,Manuka Oval,2,31.2,Zimbabwe,West Indies,CR Ervine,S Matsikenyeri,DJG Sammy,4,0,,,,,,,,,
656427,2014/15,2015-02-24,Manuka Oval,2,31.3,Zimbabwe,West Indies,CR Ervine,S Matsikenyeri,DJG Sammy,1,0,,,,,,,,,
656427,2014/15,2015-02-24,Manuka Oval,2,31.4,Zimbabwe,West Indies,S Matsikenyeri,CR Ervine,DJG Sammy,0,0,,,,,,,,,
656427,2014/15,2015-02-24,Manuka Oval,2,31.5,Zimbabwe,West Indies,S Matsikenyeri,CR Ervine,DJG Sammy,1,0,,,,,,,,,
656427,2014/15,2015-02-24,Manuka Oval,2,31.6,Zimbabwe,West Indies,CR Ervine,S Matsikenyeri,DJG Sammy,0,0,,,,,,,,,
656427,2014/15,2015-02-24,Manuka Oval,2,32.1,Zimbabwe,West Indies,S Matsikenyeri,CR Ervine,AD Russell,0,0,,,,,,,,,
656427,2014/15,2015-02-24,Manuka Oval,2,32.2,Zimbabwe,West Indies,S Matsikenyeri,CR Ervine,AD Russell,0,1,1,,,,,,,,
656427,2014/15,2015-02-24,Manuka Oval,2,32.3,Zimbabwe,West Indies,S Matsikenyeri,CR Ervine,AD Russell,4,0,,,,,,,,,
656427,2014/15,2015-02-24,Manuka Oval,2,32.4,Zimbabwe,West Indies,S Matsikenyeri,CR Ervine,AD Russell,1,0,,,,,,,,,
656427,2014/15,2015-02-24,Manuka Oval,2,32.5,Zimbabwe,West Indies,CR Ervine,S Matsikenyeri,AD Russell,4,0,,,,,,,,,
656427,2014/15,2015-02-24,Manuka Oval,2,32.6,Zimbabwe,West Indies,CR Ervine,S Matsikenyeri,AD Russell,0,0,,,,,,,,,
656427,2014/15,2015-02-24,Manuka Oval,2,32.7,Zimbabwe,West Indies,CR Ervine,S Matsikenyeri,AD Russell,1,0,,,,,,,,,
656427,2014/15,2015-02-24,Manuka Oval,2,33.1,Zimbabwe,West Indies,CR Ervine,S Matsikenyeri,CH Gayle,1,0,,,,,,,,,
656427,2014/15,2015-02-24,Manuka Oval,2,33.2,Zimbabwe,West Indies,S Matsikenyeri,CR Ervine,CH Gayle,0,0,,,,,,,,,
656427,2014/15,2015-02-24,Manuka Oval,2,33.3,Zimbabwe,West Indies,S Matsikenyeri,CR Ervine,CH Gayle,0,1,,,,1,,,,,
656427,2014/15,2015-02-24,Manuka Oval,2,33.4,Zimbabwe,West Indies,CR Ervine,S Matsikenyeri,CH Gayle,0,0,,,,,,bowled,CR Ervine,,
656427,2014/15,2015-02-24,Manuka Oval,2,33.5,Zimbabwe,West Indies,E Chigumbura,S Matsikenyeri,CH Gayle,0,0,,,,,,,,,
656427,2014/15,2015-02-24,Manuka Oval,2,33.6,Zimbabwe,West Indies,E Chigumbura,S Matsikenyeri,CH Gayle,2,0,,,,,,,,,
656427,2014/15,2015-02-24,Manuka Oval,2,34.1,Zimbabwe,West Indies,S Matsikenyeri,E Chigumbura,AD Russell,1,0,,,,,,,,,
656427,2014/15,2015-02-24,Manuka Oval,2,34.2,Zimbabwe,West Indies,E Chigumbura,S Matsikenyeri,AD Russell,1,0,,,,,,,,,
656427,2014/15,2015-02-24,Manuka Oval,2,34.3,Zimbabwe,West Indies,S Matsikenyeri,E Chigumbura,AD Russell,4,0,,,,,,,,,
656427,2014/15,2015-02-24,Manuka Oval,2,34.4,Zimbabwe,West Indies,S Matsikenyeri,E Chigumbura,AD Russell,0,0,,,,,,,,,
656427,2014/15,2015-02-24,Manuka Oval,2,34.5,Zimbabwe,West Indies,S Matsikenyeri,E Chigumbura,AD Russell,2,0,,,,,,,,,
656427,2014/15,2015-02-24,Manuka Oval,2,34.6,Zimbabwe,West Indies,S Matsikenyeri,E Chigumbura,AD Russell,1,0,,,,,,,,,
656427,2014/15,2015-02-24,Manuka Oval,2,35.1,Zimbabwe,West Indies,S Matsikenyeri,E Chigumbura,CH Gayle,0,0,,,,,,,,,
656427,2014/15,2015-02-24,Manuka Oval,2,35.2,Zimbabwe,West Indies,S Matsikenyeri,E Chigumbura,CH Gayle,1,0,,,,,,,,,
656427,2014/15,2015-02-24,Manuka Oval,2,35.3,Zimbabwe,West Indies,E Chigumbura,S Matsikenyeri,CH Gayle,1,0,,,,,,,,,
656427,2014/15,2015-02-24,Manuka Oval,2,35.4,Zimbabwe,West Indies,S Matsikenyeri,E Chigumbura,CH Gayle,0,0,,,,,,lbw,S Matsikenyeri,,
656427,2014/15,2015-02-24,Manuka Oval,2,35.5,Zimbabwe,West Indies,T Panyangara,E Chigumbura,CH Gayle,0,1,,,,1,,,,,
656427,2014/15,2015-02-24,Manuka Oval,2,35.6,Zimbabwe,West Indies,E Chigumbura,T Panyangara,CH Gayle,0,0,,,,,,,,,
656427,2014/15,2015-02-24,Manuka Oval,2,36.1,Zimbabwe,West Indies,T Panyangara,E Chigumbura,JE Taylor,1,0,,,,,,,,,
656427,2014/15,2015-02-24,Manuka Oval,2,36.2,Zimbabwe,West Indies,E Chigumbura,T Panyangara,JE Taylor,1,0,,,,,,,,,
656427,2014/15,2015-02-24,Manuka Oval,2,36.3,Zimbabwe,West Indies,T Panyangara,E Chigumbura,JE Taylor,0,0,,,,,,,,,
656427,2014/15,2015-02-24,Manuka Oval,2,36.4,Zimbabwe,West Indies,T Panyangara,E Chigumbura,JE Taylor,1,0,,,,,,,,,
656427,2014/15,2015-02-24,Manuka Oval,2,36.5,Zimbabwe,West Indies,E Chigumbura,T Panyangara,JE Taylor,1,0,,,,,,,,,
656427,2014/15,2015-02-24,Manuka Oval,2,36.6,Zimbabwe,West Indies,T Panyangara,E Chigumbura,JE Taylor,0,0,,,,,,,,,
656427,2014/15,2015-02-24,Manuka Oval,2,37.1,Zimbabwe,West Indies,E Chigumbura,T Panyangara,CH Gayle,1,0,,,,,,,,,
656427,2014/15,2015-02-24,Manuka Oval,2,37.2,Zimbabwe,West Indies,T Panyangara,E Chigumbura,CH Gayle,1,0,,,,,,,,,
656427,2014/15,2015-02-24,Manuka Oval,2,37.3,Zimbabwe,West Indies,E Chigumbura,T Panyangara,CH Gayle,1,0,,,,,,,,,
656427,2014/15,2015-02-24,Manuka Oval,2,37.4,Zimbabwe,West Indies,T Panyangara,E Chigumbura,CH Gayle,1,0,,,,,,,,,
656427,2014/15,2015-02-24,Manuka Oval,2,37.5,Zimbabwe,West Indies,E Chigumbura,T Panyangara,CH Gayle,6,0,,,,,,,,,
656427,2014/15,2015-02-24,Manuka Oval,2,37.6,Zimbabwe,West Indies,E Chigumbura,T Panyangara,CH Gayle,0,0,,,,,,,,,
656427,2014/15,2015-02-24,Manuka Oval,2,38.1,Zimbabwe,West Indies,T Panyangara,E Chigumbura,JE Taylor,0,0,,,,,,caught,T Panyangara,,
656427,2014/15,2015-02-24,Manuka Oval,2,38.2,Zimbabwe,West Indies,TL Chatara,E Chigumbura,JE Taylor,0,0,,,,,,,,,
656427,2014/15,2015-02-24,Manuka Oval,2,38.3,Zimbabwe,West Indies,TL Chatara,E Chigumbura,JE Taylor,0,0,,,,,,,,,
656427,2014/15,2015-02-24,Manuka Oval,2,38.4,Zimbabwe,West Indies,TL Chatara,E Chigumbura,JE Taylor,1,0,,,,,,,,,
656427,2014/15,2015-02-24,Manuka Oval,2,38.5,Zimbabwe,West Indies,E Chigumbura,TL Chatara,JE Taylor,0,0,,,,,,,,,
656427,2014/15,2015-02-24,Manuka Oval,2,38.6,Zimbabwe,West Indies,E Chigumbura,TL Chatara,JE Taylor,0,1,1,,,,,,,,
656427,2014/15,2015-02-24,Manuka Oval,2,38.7,Zimbabwe,West Indies,E Chigumbura,TL Chatara,JE Taylor,0,0,,,,,,,,,
656427,2014/15,2015-02-24,Manuka Oval,2,39.1,Zimbabwe,West Indies,TL Chatara,E Chigumbura,CH Gayle,1,0,,,,,,,,,
656427,2014/15,2015-02-24,Manuka Oval,2,39.2,Zimbabwe,West Indies,E Chigumbura,TL Chatara,CH Gayle,0,0,,,,,,,,,
656427,2014/15,2015-02-24,Manuka Oval,2,39.3,Zimbabwe,West Indies,E Chigumbura,TL Chatara,CH Gayle,0,0,,,,,,,,,
656427,2014/15,2015-02-24,Manuka Oval,2,39.4,Zimbabwe,West Indies,E Chigumbura,TL Chatara,CH Gayle,4,0,,,,,,,,,
656427,2014/15,2015-02-24,Manuka Oval,2,39.5,Zimbabwe,West Indies,E Chigumbura,TL Chatara,CH Gayle,1,0,,,,,,,,,
656427,2014/15,2015-02-24,Manuka Oval,2,39.6,Zimbabwe,West Indies,TL Chatara,E Chigumbura,CH Gayle,0,0,,,,,,,,,
656427,2014/15,2015-02-24,Manuka Oval,2,40.1,Zimbabwe,West Indies,E Chigumbura,TL Chatara,JE Taylor,1,0,,,,,,,,,
656427,2014/15,2015-02-24,Manuka Oval,2,40.2,Zimbabwe,West Indies,TL Chatara,E Chigumbura,JE Taylor,1,0,,,,,,,,,
656427,2014/15,2015-02-24,Manuka Oval,2,40.3,Zimbabwe,West Indies,E Chigumbura,TL Chatara,JE Taylor,1,0,,,,,,,,,
656427,2014/15,2015-02-24,Manuka Oval,2,40.4,Zimbabwe,West Indies,TL Chatara,E Chigumbura,JE Taylor,1,0,,,,,,,,,
656427,2014/15,2015-02-24,Manuka Oval,2,40.5,Zimbabwe,West Indies,E Chigumbura,TL Chatara,JE Taylor,0,0,,,,,,caught,E Chigumbura,,
656427,2014/15,2015-02-24,Manuka Oval,2,40.6,Zimbabwe,West Indies,T Kamungozi,TL Chatara,JE Taylor,0,0,,,,,,,,,
656427,2014/15,2015-02-24,Manuka Oval,2,41.1,Zimbabwe,West Indies,TL Chatara,T Kamungozi,CH Gayle,0,2,2,,,,,,,,
656427,2014/15,2015-02-24,Manuka Oval,2,41.2,Zimbabwe,West Indies,T Kamungozi,TL Chatara,CH Gayle,0,0,,,,,,,,,
656427,2014/15,2015-02-24,Manuka Oval,2,41.3,Zimbabwe,West Indies,T Kamungozi,TL Chatara,CH Gayle,1,0,,,,,,,,,
656427,2014/15,2015-02-24,Manuka Oval,2,41.4,Zimbabwe,West Indies,TL Chatara,T Kamungozi,CH Gayle,0,0,,,,,,,,,
656427,2014/15,2015-02-24,Manuka Oval,2,41.5,Zimbabwe,West Indies,TL Chatara,T Kamungozi,CH Gayle,1,0,,,,,,,,,
656427,2014/15,2015-02-24,Manuka Oval,2,41.6,Zimbabwe,West Indies,T Kamungozi,TL Chatara,CH Gayle,0,1,1,,,,,,,,
656427,2014/15,2015-02-24,Manuka Oval,2,41.7,Zimbabwe,West Indies,T Kamungozi,TL Chatara,CH Gayle,0,0,,,,,,,,,
656427,2014/15,2015-02-24,Manuka Oval,2,41.8,Zimbabwe,West Indies,T Kamungozi,TL Chatara,CH Gayle,0,0,,,,,,,,,
656427,2014/15,2015-02-24,Manuka Oval,2,42.1,Zimbabwe,West Indies,TL Chatara,T Kamungozi,JE Taylor,2,0,,,,,,,,,
656427,2014/15,2015-02-24,Manuka Oval,2,42.2,Zimbabwe,West Indies,TL Chatara,T Kamungozi,JE Taylor,1,0,,,,,,,,,
656427,2014/15,2015-02-24,Manuka Oval,2,42.3,Zimbabwe,West Indies,T Kamungozi,TL Chatara,JE Taylor,0,0,,,,,,,,,
656427,2014/15,2015-02-24,Manuka Oval,2,42.4,Zimbabwe,West Indies,T Kamungozi,TL Chatara,JE Taylor,1,0,,,,,,,,,
656427,2014/15,2015-02-24,Manuka Oval,2,42.5,Zimbabwe,West Indies,TL Chatara,T Kamungozi,JE Taylor,0,0,,,,,,,,,
656427,2014/15,2015-02-24,Manuka Oval,2,42.6,Zimbabwe,West Indies,TL Chatara,T Kamungozi,JE Taylor,1,0,,,,,,,,,
656427,2014/15,2015-02-24,Manuka Oval,2,43.1,Zimbabwe,West Indies,TL Chatara,T Kamungozi,CH Gayle,4,0,,,,,,,,,
656427,2014/15,2015-02-24,Manuka Oval,2,43.2,Zimbabwe,West Indies,TL Chatara,T Kamungozi,CH Gayle,0,0,,,,,,,,,
656427,2014/15,2015-02-24,Manuka Oval,2,43.3,Zimbabwe,West Indies,TL Chatara,T Kamungozi,CH Gayle,0,0,,,,,,,,,
656427,2014/15,2015-02-24,Manuka Oval,2,43.4,Zimbabwe,West Indies,TL Chatara,T Kamungozi,CH Gayle,1,0,,,,,,,,,
656427,2014/15,2015-02-24,Manuka Oval,2,43.5,Zimbabwe,West Indies,T Kamungozi,TL Chatara,CH Gayle,0,0,,,,,,,,,
656427,2014/15,2015-02-24,Manuka Oval,2,43.6,Zimbabwe,West Indies,T Kamungozi,TL Chatara,CH Gayle,4,0,,,,,,,,,
656427,2014/15,2015-02-24,Manuka Oval,2,44.1,Zimbabwe,West Indies,TL Chatara,T Kamungozi,NO Miller,0,1,1,,,,,,,,
656427,2014/15,2015-02-24,Manuka Oval,2,44.2,Zimbabwe,West Indies,TL Chatara,T Kamungozi,NO Miller,0,1,1,,,,,,,,
656427,2014/15,2015-02-24,Manuka Oval,2,44.3,Zimbabwe,West Indies,TL Chatara,T Kamungozi,NO Miller,0,0,,,,,,,,,
656427,2014/15,2015-02-24,Manuka Oval,2,44.4,Zimbabwe,West Indies,TL Chatara,T Kamungozi,NO Miller,2,0,,,,,,,,,
656427,2014/15,2015-02-24,Manuka Oval,2,44.5,Zimbabwe,West Indies,TL Chatara,T Kamungozi,NO Miller,0,0,,,,,,bowled,TL Chatara,,
