match_id,season,start_date,venue,innings,ball,batting_team,bowling_team,striker,non_striker,bowler,runs_off_bat,extras,wides,noballs,byes,legbyes,penalty,wicket_type,player_dismissed,other_wicket_type,other_player_dismissed
656449,2014/15,2015-03-04,Western Australia Cricket Association Ground,1,0.1,Australia,Afghanistan,DA Warner,AJ Finch,Dawlat Zadran,0,0,,,,,,,,,
656449,2014/15,2015-03-04,Western Australia Cricket Association Ground,1,0.2,Australia,Afghanistan,DA Warner,AJ Finch,Dawlat Zadran,0,0,,,,,,,,,
656449,2014/15,2015-03-04,Western Australia Cricket Association Ground,1,0.3,Australia,Afghanistan,DA Warner,AJ Finch,Dawlat Zadran,0,0,,,,,,,,,
656449,2014/15,2015-03-04,Western Australia Cricket Association Ground,1,0.4,Australia,Afghanistan,DA Warner,AJ Finch,Dawlat Zadran,0,0,,,,,,,,,
656449,2014/15,2015-03-04,Western Australia Cricket Association Ground,1,0.5,Australia,Afghanistan,DA Warner,AJ Finch,Dawlat Zadran,1,0,,,,,,,,,
656449,2014/15,2015-03-04,Western Australia Cricket Association Ground,1,0.6,Australia,Afghanistan,AJ Finch,DA Warner,Dawlat Zadran,0,1,1,,,,,,,,
656449,2014/15,2015-03-04,Western Australia Cricket Association Ground,1,0.7,Australia,Afghanistan,AJ Finch,DA Warner,Dawlat Zadran,2,0,,,,,,,,,
656449,2014/15,2015-03-04,Western Australia Cricket Association Ground,1,1.1,Australia,Afghanistan,DA Warner,AJ Finch,Shapoor Zadran,4,0,,,,,,,,,
656449,2014/15,2015-03-04,Western Australia Cricket Association Ground,1,1.2,Australia,Afghanistan,DA Warner,AJ Finch,Shapoor Zadran,1,0,,,,,,,,,
656449,2014/15,2015-03-04,Western Australia Cricket Association Ground,1,1.3,Australia,Afghanistan,AJ Finch,DA Warner,Shapoor Zadran,1,0,,,,,,,,,
656449,2014/15,2015-03-04,Western Australia Cricket Association Ground,1,1.4,Australia,Afghanistan,DA Warner,AJ Finch,Shapoor Zadran,2,0,,,,,,,,,
656449,2014/15,2015-03-04,Western Australia Cricket Association Ground,1,1.5,Australia,Afghanistan,DA Warner,AJ Finch,Shapoor Zadran,0,1,,,,1,,,,,
656449,2014/15,2015-03-04,Western Australia Cricket Association Ground,1,1.6,Australia,Afghanistan,AJ Finch,DA Warner,Shapoor Zadran,1,0,,,,,,,,,
656449,2014/15,2015-03-04,Western Australia Cricket Association Ground,1,2.1,Australia,Afghanistan,AJ Finch,DA Warner,Dawlat Zadran,0,0,,,,,,,,,
656449,2014/15,2015-03-04,Western Australia Cricket Association Ground,1,2.2,Australia,Afghanistan,AJ Finch,DA Warner,Dawlat Zadran,0,0,,,,,,,,,
656449,2014/15,2015-03-04,Western Australia Cricket Association Ground,1,2.3,Australia,Afghanistan,AJ Finch,DA Warner,Dawlat Zadran,0,0,,,,,,,,,
656449,2014/15,2015-03-04,Western Australia Cricket Association Ground,1,2.4,Australia,Afghanistan,AJ Finch,DA Warner,Dawlat Zadran,0,0,,,,,,,,,
656449,2014/15,2015-03-04,Western Australia Cricket Association Ground,1,2.5,Australia,Afghanistan,AJ Finch,DA Warner,Dawlat Zadran,0,0,,,,,,,,,
656449,2014/15,2015-03-04,Western Australia Cricket Association Ground,1,2.6,Australia,Afghanistan,AJ Finch,DA Warner,Dawlat Zadran,0,0,,,,,,caught,AJ Finch,,
656449,2014/15,2015-03-04,Western Australia Cricket Association Ground,1,3.1,Australia,Afghanistan,DA Warner,SPD Smith,Shapoor Zadran,0,1,1,,,,,,,,
656449,2014/15,2015-03-04,Western Australia Cricket Association Ground,1,3.2,Australia,Afghanistan,DA Warner,SPD Smith,Shapoor Zadran,0,0,,,,,,,,,
656449,2014/15,2015-03-04,Western Australia Cricket Association Ground,1,3.3,Australia,Afghanistan,DA Warner,SPD Smith,Shapoor Zadran,0,0,,,,,,,,,
656449,2014/15,2015-03-04,Western Australia Cricket Association Ground,1,3.4,Australia,Afghanistan,DA Warner,SPD Smith,Shapoor Zadran,4,0,,,,,,,,,
656449,2014/15,2015-03-04,Western Australia Cricket Association Ground,1,3.5,Australia,Afghanistan,DA Warner,SPD Smith,Shapoor Zadran,0,0,,,,,,,,,
656449,2014/15,2015-03-04,Western Australia Cricket Association Ground,1,3.6,Australia,Afghanistan,DA Warner,SPD Smith,Shapoor Zadran,0,0,,,,,,,,,
656449,2014/15,2015-03-04,Western Australia Cricket Association Ground,1,3.7,Australia,Afghanistan,DA Warner,SPD Smith,Shapoor Zadran,0,0,,,,,,,,,
656449,2014/15,2015-03-04,Western Australia Cricket Association Ground,1,4.1,Australia,Afghanistan,SPD Smith,DA Warner,Dawlat Zadran,0,0,,,,,,,,,
656449,2014/15,2015-03-04,Western Australia Cricket Association Ground,1,4.2,Australia,Afghanistan,SPD Smith,DA Warner,Dawlat Zadran,0,0,,,,,,,,,
656449,2014/15,2015-03-04,Western Australia Cricket Association Ground,1,4.3,Australia,Afghanistan,SPD Smith,DA Warner,Dawlat Zadran,1,0,,,,,,,,,
656449,2014/15,2015-03-04,Western Australia Cricket Association Ground,1,4.4,Australia,Afghanistan,DA Warner,SPD Smith,Dawlat Zadran,0,0,,,,,,,,,
656449,2014/15,2015-03-04,Western Australia Cricket Association Ground,1,4.5,Australia,Afghanistan,DA Warner,SPD Smith,Dawlat Zadran,0,0,,,,,,,,,
656449,2014/15,2015-03-04,Western Australia Cricket Association Ground,1,4.6,Australia,Afghanistan,DA Warner,SPD Smith,Dawlat Zadran,3,0,,,,,,,,,
656449,2014/15,2015-03-04,Western Australia Cricket Association Ground,1,5.1,Australia,Afghanistan,DA Warner,SPD Smith,Shapoor Zadran,0,0,,,,,,,,,
656449,2014/15,2015-03-04,Western Australia Cricket Association Ground,1,5.2,Australia,Afghanistan,DA Warner,SPD Smith,Shapoor Zadran,0,0,,,,,,,,,
656449,2014/15,2015-03-04,Western Australia Cricket Association Ground,1,5.3,Australia,Afghanistan,DA Warner,SPD Smith,Shapoor Zadran,0,0,,,,,,,,,
656449,2014/15,2015-03-04,Western Australia Cricket Association Ground,1,5.4,Australia,Afghanistan,DA Warner,SPD Smith,Shapoor Zadran,1,0,,,,,,,,,
656449,2014/15,2015-03-04,Western Australia Cricket Association Ground,1,5.5,Australia,Afghanistan,SPD Smith,DA Warner,Shapoor Zadran,0,0,,,,,,,,,
656449,2014/15,2015-03-04,Western Australia Cricket Association Ground,1,5.6,Australia,Afghanistan,SPD Smith,DA Warner,Shapoor Zadran,0,0,,,,,,,,,
656449,2014/15,2015-03-04,Western Australia Cricket Association Ground,1,6.1,Australia,Afghanistan,DA Warner,SPD Smith,Dawlat Zadran,0,0,,,,,,,,,
656449,2014/15,2015-03-04,Western Australia Cricket Association Ground,1,6.2,Australia,Afghanistan,DA Warner,SPD Smith,Dawlat Zadran,0,0,,,,,,,,,
656449,2014/15,2015-03-04,Western Australia Cricket Association Ground,1,6.3,Australia,Afghanistan,DA Warner,SPD Smith,Dawlat Zadran,3,0,,,,,,,,,
656449,2014/15,2015-03-04,Western Australia Cricket Association Ground,1,6.4,Australia,Afghanistan,SPD Smith,DA Warner,Dawlat Zadran,3,0,,,,,,,,,
656449,2014/15,2015-03-04,Western Australia Cricket Association Ground,1,6.5,Australia,Afghanistan,DA Warner,SPD Smith,Dawlat Zadran,0,0,,,,,,,,,
656449,2014/15,2015-03-04,Western Australia Cricket Association Ground,1,6.6,Australia,Afghanistan,DA Warner,SPD Smith,Dawlat Zadran,0,0,,,,,,,,,
656449,2014/15,2015-03-04,Western Australia Cricket Association Ground,1,7.1,Australia,Afghanistan,SPD Smith,DA Warner,Hamid Hassan,0,1,1,,,,,,,,
656449,2014/15,2015-03-04,Western Australia Cricket Association Ground,1,7.2,Australia,Afghanistan,SPD Smith,DA Warner,Hamid Hassan,2,0,,,,,,,,,
656449,2014/15,2015-03-04,Western Australia Cricket Association Ground,1,7.3,Australia,Afghanistan,SPD Smith,DA Warner,Hamid Hassan,0,0,,,,,,,,,
656449,2014/15,2015-03-04,Western Australia Cricket Association Ground,1,7.4,Australia,Afghanistan,SPD Smith,DA Warner,Hamid Hassan,1,0,,,,,,,,,
656449,2014/15,2015-03-04,Western Australia Cricket Association Ground,1,7.5,Australia,Afghanistan,DA Warner,SPD Smith,Hamid Hassan,3,0,,,,,,,,,
656449,2014/15,2015-03-04,Western Australia Cricket Association Ground,1,7.6,Australia,Afghanistan,SPD Smith,DA Warner,Hamid Hassan,1,0,,,,,,,,,
656449,2014/15,2015-03-04,Western Australia Cricket Association Ground,1,7.7,Australia,Afghanistan,DA Warner,SPD Smith,Hamid Hassan,3,0,,,,,,,,,
656449,2014/15,2015-03-04,Western Australia Cricket Association Ground,1,8.1,Australia,Afghanistan,DA Warner,SPD Smith,Dawlat Zadran,4,0,,,,,,,,,
656449,2014/15,2015-03-04,Western Australia Cricket Association Ground,1,8.2,Australia,Afghanistan,DA Warner,SPD Smith,Dawlat Zadran,0,1,1,,,,,,,,
656449,2014/15,2015-03-04,Western Australia Cricket Association Ground,1,8.3,Australia,Afghanistan,DA Warner,SPD Smith,Dawlat Zadran,0,0,,,,,,,,,
656449,2014/15,2015-03-04,Western Australia Cricket Association Ground,1,8.4,Australia,Afghanistan,DA Warner,SPD Smith,Dawlat Zadran,2,0,,,,,,,,,
656449,2014/15,2015-03-04,Western Australia Cricket Association Ground,1,8.5,Australia,Afghanistan,DA Warner,SPD Smith,Dawlat Zadran,2,0,,,,,,,,,
656449,2014/15,2015-03-04,Western Australia Cricket Association Ground,1,8.6,Australia,Afghanistan,DA Warner,SPD Smith,Dawlat Zadran,0,0,,,,,,,,,
656449,2014/15,2015-03-04,Western Australia Cricket Association Ground,1,8.7,Australia,Afghanistan,DA Warner,SPD Smith,Dawlat Zadran,4,0,,,,,,,,,
656449,2014/15,2015-03-04,Western Australia Cricket Association Ground,1,9.1,Australia,Afghanistan,SPD Smith,DA Warner,Hamid Hassan,1,0,,,,,,,,,
656449,2014/15,2015-03-04,Western Australia Cricket Association Ground,1,9.2,Australia,Afghanistan,DA Warner,SPD Smith,Hamid Hassan,4,0,,,,,,,,,
656449,2014/15,2015-03-04,Western Australia Cricket Association Ground,1,9.3,Australia,Afghanistan,DA Warner,SPD Smith,Hamid Hassan,4,0,,,,,,,,,
656449,2014/15,2015-03-04,Western Australia Cricket Association Ground,1,9.4,Australia,Afghanistan,DA Warner,SPD Smith,Hamid Hassan,0,0,,,,,,,,,
656449,2014/15,2015-03-04,Western Australia Cricket Association Ground,1,9.5,Australia,Afghanistan,DA Warner,SPD Smith,Hamid Hassan,4,0,,,,,,,,,
656449,2014/15,2015-03-04,Western Australia Cricket Association Ground,1,9.6,Australia,Afghanistan,DA Warner,SPD Smith,Hamid Hassan,1,0,,,,,,,,,
656449,2014/15,2015-03-04,Western Australia Cricket Association Ground,1,10.1,Australia,Afghanistan,DA Warner,SPD Smith,Mohammad Nabi,1,0,,,,,,,,,
656449,2014/15,2015-03-04,Western Australia Cricket Association Ground,1,10.2,Australia,Afghanistan,SPD Smith,DA Warner,Mohammad Nabi,0,0,,,,,,,,,
656449,2014/15,2015-03-04,Western Australia Cricket Association Ground,1,10.3,Australia,Afghanistan,SPD Smith,DA Warner,Mohammad Nabi,1,0,,,,,,,,,
656449,2014/15,2015-03-04,Western Australia Cricket Association Ground,1,10.4,Australia,Afghanistan,DA Warner,SPD Smith,Mohammad Nabi,0,0,,,,,,,,,
656449,2014/15,2015-03-04,Western Australia Cricket Association Ground,1,10.5,Australia,Afghanistan,DA Warner,SPD Smith,Mohammad Nabi,0,0,,,,,,,,,
656449,2014/15,2015-03-04,Western Australia Cricket Association Ground,1,10.6,Australia,Afghanistan,DA Warner,SPD Smith,Mohammad Nabi,0,0,,,,,,,,,
656449,2014/15,2015-03-04,Western Australia Cricket Association Ground,1,11.1,Australia,Afghanistan,SPD Smith,DA Warner,Hamid Hassan,1,0,,,,,,,,,
656449,2014/15,2015-03-04,Western Australia Cricket Association Ground,1,11.2,Australia,Afghanistan,DA Warner,SPD Smith,Hamid Hassan,4,0,,,,,,,,,
656449,2014/15,2015-03-04,Western Australia Cricket Association Ground,1,11.3,Australia,Afghanistan,DA Warner,SPD Smith,Hamid Hassan,1,0,,,,,,,,,
656449,2014/15,2015-03-04,Western Australia Cricket Association Ground,1,11.4,Australia,Afghanistan,SPD Smith,DA Warner,Hamid Hassan,0,1,,,,1,,,,,
656449,2014/15,2015-03-04,Western Australia Cricket Association Ground,1,11.5,Australia,Afghanistan,DA Warner,SPD Smith,Hamid Hassan,1,0,,,,,,,,,
656449,2014/15,2015-03-04,Western Australia Cricket Association Ground,1,11.6,Australia,Afghanistan,SPD Smith,DA Warner,Hamid Hassan,1,0,,,,,,,,,
656449,2014/15,2015-03-04,Western Australia Cricket Association Ground,1,12.1,Australia,Afghanistan,SPD Smith,DA Warner,Mohammad Nabi,1,0,,,,,,,,,
656449,2014/15,2015-03-04,Western Australia Cricket Association Ground,1,12.2,Australia,Afghanistan,DA Warner,SPD Smith,Mohammad Nabi,2,0,,,,,,,,,
656449,2014/15,2015-03-04,Western Australia Cricket Association Ground,1,12.3,Australia,Afghanistan,DA Warner,SPD Smith,Mohammad Nabi,0,0,,,,,,,,,
656449,2014/15,2015-03-04,Western Australia Cricket Association Ground,1,12.4,Australia,Afghanistan,DA Warner,SPD Smith,Mohammad Nabi,1,0,,,,,,,,,
656449,2014/15,2015-03-04,Western Australia Cricket Association Ground,1,12.5,Australia,Afghanistan,SPD Smith,DA Warner,Mohammad Nabi,1,0,,,,,,,,,
656449,2014/15,2015-03-04,Western Australia Cricket Association Ground,1,12.6,Australia,Afghanistan,DA Warner,SPD Smith,Mohammad Nabi,2,0,,,,,,,,,
656449,2014/15,2015-03-04,Western Australia Cricket Association Ground,1,13.1,Australia,Afghanistan,SPD Smith,DA Warner,Hamid Hassan,0,0,,,,,,,,,
656449,2014/15,2015-03-04,Western Australia Cricket Association Ground,1,13.2,Australia,Afghanistan,SPD Smith,DA Warner,Hamid Hassan,1,0,,,,,,,,,
656449,2014/15,2015-03-04,Western Australia Cricket Association Ground,1,13.3,Australia,Afghanistan,DA Warner,SPD Smith,Hamid Hassan,1,0,,,,,,,,,
656449,2014/15,2015-03-04,Western Australia Cricket Association Ground,1,13.4,Australia,Afghanistan,SPD Smith,DA Warner,Hamid Hassan,0,0,,,,,,,,,
656449,2014/15,2015-03-04,Western Australia Cricket Association Ground,1,13.5,Australia,Afghanistan,SPD Smith,DA Warner,Hamid Hassan,0,0,,,,,,,,,
656449,2014/15,2015-03-04,Western Australia Cricket Association Ground,1,13.6,Australia,Afghanistan,SPD Smith,DA Warner,Hamid Hassan,0,0,,,,,,,,,
656449,2014/15,2015-03-04,Western Australia Cricket Association Ground,1,14.1,Australia,Afghanistan,DA Warner,SPD Smith,Samiullah Shenwari,0,0,,,,,,,,,
656449,2014/15,2015-03-04,Western Australia Cricket Association Ground,1,14.2,Australia,Afghanistan,DA Warner,SPD Smith,Samiullah Shenwari,0,0,,,,,,,,,
656449,2014/15,2015-03-04,Western Australia Cricket Association Ground,1,14.3,Australia,Afghanistan,DA Warner,SPD Smith,Samiullah Shenwari,0,0,,,,,,,,,
656449,2014/15,2015-03-04,Western Australia Cricket Association Ground,1,14.4,Australia,Afghanistan,DA Warner,SPD Smith,Samiullah Shenwari,1,0,,,,,,,,,
656449,2014/15,2015-03-04,Western Australia Cricket Association Ground,1,14.5,Australia,Afghanistan,SPD Smith,DA Warner,Samiullah Shenwari,0,0,,,,,,,,,
656449,2014/15,2015-03-04,Western Australia Cricket Association Ground,1,14.6,Australia,Afghanistan,SPD Smith,DA Warner,Samiullah Shenwari,1,0,,,,,,,,,
656449,2014/15,2015-03-04,Western Australia Cricket Association Ground,1,15.1,Australia,Afghanistan,SPD Smith,DA Warner,Mohammad Nabi,0,0,,,,,,,,,
656449,2014/15,2015-03-04,Western Australia Cricket Association Ground,1,15.2,Australia,Afghanistan,SPD Smith,DA Warner,Mohammad Nabi,0,0,,,,,,,,,
656449,2014/15,2015-03-04,Western Australia Cricket Association Ground,1,15.3,Australia,Afghanistan,SPD Smith,DA Warner,Mohammad Nabi,1,0,,,,,,,,,
656449,2014/15,2015-03-04,Western Australia Cricket Association Ground,1,15.4,Australia,Afghanistan,DA Warner,SPD Smith,Mohammad Nabi,2,0,,,,,,,,,
656449,2014/15,2015-03-04,Western Australia Cricket Association Ground,1,15.5,Australia,Afghanistan,DA Warner,SPD Smith,Mohammad Nabi,0,0,,,,,,,,,
656449,2014/15,2015-03-04,Western Australia Cricket Association Ground,1,15.6,Australia,Afghanistan,DA Warner,SPD Smith,Mohammad Nabi,1,0,,,,,,,,,
656449,2014/15,2015-03-04,Western Australia Cricket Association Ground,1,16.1,Australia,Afghanistan,DA Warner,SPD Smith,Samiullah Shenwari,0,0,,,,,,,,,
656449,2014/15,2015-03-04,Western Australia Cricket Association Ground,1,16.2,Australia,Afghanistan,DA Warner,SPD Smith,Samiullah Shenwari,4,0,,,,,,,,,
656449,2014/15,2015-03-04,Western Australia Cricket Association Ground,1,16.3,Australia,Afghanistan,DA Warner,SPD Smith,Samiullah Shenwari,2,0,,,,,,,,,
656449,2014/15,2015-03-04,Western Australia Cricket Association Ground,1,16.4,Australia,Afghanistan,DA Warner,SPD Smith,Samiullah Shenwari,0,0,,,,,,,,,
656449,2014/15,2015-03-04,Western Australia Cricket Association Ground,1,16.5,Australia,Afghanistan,DA Warner,SPD Smith,Samiullah Shenwari,4,0,,,,,,,,,
656449,2014/15,2015-03-04,Western Australia Cricket Association Ground,1,16.6,Australia,Afghanistan,DA Warner,SPD Smith,Samiullah Shenwari,0,0,,,,,,,,,
656449,2014/15,2015-03-04,Western Australia Cricket Association Ground,1,17.1,Australia,Afghanistan,SPD Smith,DA Warner,Javed Ahmadi,1,0,,,,,,,,,
656449,2014/15,2015-03-04,Western Australia Cricket Association Ground,1,17.2,Australia,Afghanistan,DA Warner,SPD Smith,Javed Ahmadi,1,0,,,,,,,,,
656449,2014/15,2015-03-04,Western Australia Cricket Association Ground,1,17.3,Australia,Afghanistan,SPD Smith,DA Warner,Javed Ahmadi,1,0,,,,,,,,,
656449,2014/15,2015-03-04,Western Australia Cricket Association Ground,1,17.4,Australia,Afghanistan,DA Warner,SPD Smith,Javed Ahmadi,1,0,,,,,,,,,
656449,2014/15,2015-03-04,Western Australia Cricket Association Ground,1,17.5,Australia,Afghanistan,SPD Smith,DA Warner,Javed Ahmadi,1,0,,,,,,,,,
656449,2014/15,2015-03-04,Western Australia Cricket Association Ground,1,17.6,Australia,Afghanistan,DA Warner,SPD Smith,Javed Ahmadi,0,0,,,,,,,,,
656449,2014/15,2015-03-04,Western Australia Cricket Association Ground,1,18.1,Australia,Afghanistan,SPD Smith,DA Warner,Samiullah Shenwari,1,0,,,,,,,,,
656449,2014/15,2015-03-04,Western Australia Cricket Association Ground,1,18.2,Australia,Afghanistan,DA Warner,SPD Smith,Samiullah Shenwari,0,0,,,,,,,,,
656449,2014/15,2015-03-04,Western Australia Cricket Association Ground,1,18.3,Australia,Afghanistan,DA Warner,SPD Smith,Samiullah Shenwari,1,0,,,,,,,,,
656449,2014/15,2015-03-04,Western Australia Cricket Association Ground,1,18.4,Australia,Afghanistan,SPD Smith,DA Warner,Samiullah Shenwari,1,0,,,,,,,,,
656449,2014/15,2015-03-04,Western Australia Cricket Association Ground,1,18.5,Australia,Afghanistan,DA Warner,SPD Smith,Samiullah Shenwari,4,0,,,,,,,,,
656449,2014/15,2015-03-04,Western Australia Cricket Association Ground,1,18.6,Australia,Afghanistan,DA Warner,SPD Smith,Samiullah Shenwari,1,0,,,,,,,,,
656449,2014/15,2015-03-04,Western Australia Cricket Association Ground,1,19.1,Australia,Afghanistan,DA Warner,SPD Smith,Javed Ahmadi,0,0,,,,,,,,,
656449,2014/15,2015-03-04,Western Australia Cricket Association Ground,1,19.2,Australia,Afghanistan,DA Warner,SPD Smith,Javed Ahmadi,1,0,,,,,,,,,
656449,2014/15,2015-03-04,Western Australia Cricket Association Ground,1,19.3,Australia,Afghanistan,SPD Smith,DA Warner,Javed Ahmadi,1,0,,,,,,,,,
656449,2014/15,2015-03-04,Western Australia Cricket Association Ground,1,19.4,Australia,Afghanistan,DA Warner,SPD Smith,Javed Ahmadi,1,0,,,,,,,,,
656449,2014/15,2015-03-04,Western Australia Cricket Association Ground,1,19.5,Australia,Afghanistan,SPD Smith,DA Warner,Javed Ahmadi,0,0,,,,,,,,,
656449,2014/15,2015-03-04,Western Australia Cricket Association Ground,1,19.6,Australia,Afghanistan,SPD Smith,DA Warner,Javed Ahmadi,1,0,,,,,,,,,
656449,2014/15,2015-03-04,Western Australia Cricket Association Ground,1,20.1,Australia,Afghanistan,SPD Smith,DA Warner,Shapoor Zadran,1,0,,,,,,,,,
656449,2014/15,2015-03-04,Western Australia Cricket Association Ground,1,20.2,Australia,Afghanistan,DA Warner,SPD Smith,Shapoor Zadran,1,0,,,,,,,,,
656449,2014/15,2015-03-04,Western Australia Cricket Association Ground,1,20.3,Australia,Afghanistan,SPD Smith,DA Warner,Shapoor Zadran,1,0,,,,,,,,,
656449,2014/15,2015-03-04,Western Australia Cricket Association Ground,1,20.4,Australia,Afghanistan,DA Warner,SPD Smith,Shapoor Zadran,0,0,,,,,,,,,
656449,2014/15,2015-03-04,Western Australia Cricket Association Ground,1,20.5,Australia,Afghanistan,DA Warner,SPD Smith,Shapoor Zadran,1,0,,,,,,,,,
656449,2014/15,2015-03-04,Western Australia Cricket Association Ground,1,20.6,Australia,Afghanistan,SPD Smith,DA Warner,Shapoor Zadran,0,0,,,,,,,,,
656449,2014/15,2015-03-04,Western Australia Cricket Association Ground,1,21.1,Australia,Afghanistan,DA Warner,SPD Smith,Javed Ahmadi,0,0,,,,,,,,,
656449,2014/15,2015-03-04,Western Australia Cricket Association Ground,1,21.2,Australia,Afghanistan,DA Warner,SPD Smith,Javed Ahmadi,2,0,,,,,,,,,
656449,2014/15,2015-03-04,Western Australia Cricket Association Ground,1,21.3,Australia,Afghanistan,DA Warner,SPD Smith,Javed Ahmadi,0,1,,,,1,,,,,
656449,2014/15,2015-03-04,Western Australia Cricket Association Ground,1,21.4,Australia,Afghanistan,SPD Smith,DA Warner,Javed Ahmadi,0,0,,,,,,,,,
656449,2014/15,2015-03-04,Western Australia Cricket Association Ground,1,21.5,Australia,Afghanistan,SPD Smith,DA Warner,Javed Ahmadi,0,0,,,,,,,,,
656449,2014/15,2015-03-04,Western Australia Cricket Association Ground,1,21.6,Australia,Afghanistan,SPD Smith,DA Warner,Javed Ahmadi,1,0,,,,,,,,,
656449,2014/15,2015-03-04,Western Australia Cricket Association Ground,1,22.1,Australia,Afghanistan,SPD Smith,DA Warner,Shapoor Zadran,1,0,,,,,,,,,
656449,2014/15,2015-03-04,Western Australia Cricket Association Ground,1,22.2,Australia,Afghanistan,DA Warner,SPD Smith,Shapoor Zadran,0,0,,,,,,,,,
656449,2014/15,2015-03-04,Western Australia Cricket Association Ground,1,22.3,Australia,Afghanistan,DA Warner,SPD Smith,Shapoor Zadran,1,0,,,,,,,,,
656449,2014/15,2015-03-04,Western Australia Cricket Association Ground,1,22.4,Australia,Afghanistan,SPD Smith,DA Warner,Shapoor Zadran,1,0,,,,,,,,,
656449,2014/15,2015-03-04,Western Australia Cricket Association Ground,1,22.5,Australia,Afghanistan,DA Warner,SPD Smith,Shapoor Zadran,1,0,,,,,,,,,
656449,2014/15,2015-03-04,Western Australia Cricket Association Ground,1,22.6,Australia,Afghanistan,SPD Smith,DA Warner,Shapoor Zadran,4,0,,,,,,,,,
656449,2014/15,2015-03-04,Western Australia Cricket Association Ground,1,23.1,Australia,Afghanistan,DA Warner,SPD Smith,Javed Ahmadi,1,0,,,,,,,,,
656449,2014/15,2015-03-04,Western Australia Cricket Association Ground,1,23.2,Australia,Afghanistan,SPD Smith,DA Warner,Javed Ahmadi,1,0,,,,,,,,,
656449,2014/15,2015-03-04,Western Australia Cricket Association Ground,1,23.3,Australia,Afghanistan,DA Warner,SPD Smith,Javed Ahmadi,2,0,,,,,,,,,
656449,2014/15,2015-03-04,Western Australia Cricket Association Ground,1,23.4,Australia,Afghanistan,DA Warner,SPD Smith,Javed Ahmadi,1,0,,,,,,,,,
656449,2014/15,2015-03-04,Western Australia Cricket Association Ground,1,23.5,Australia,Afghanistan,SPD Smith,DA Warner,Javed Ahmadi,1,0,,,,,,,,,
656449,2014/15,2015-03-04,Western Australia Cricket Association Ground,1,23.6,Australia,Afghanistan,DA Warner,SPD Smith,Javed Ahmadi,0,0,,,,,,,,,
656449,2014/15,2015-03-04,Western Australia Cricket Association Ground,1,24.1,Australia,Afghanistan,SPD Smith,DA Warner,Samiullah Shenwari,1,0,,,,,,,,,
656449,2014/15,2015-03-04,Western Australia Cricket Association Ground,1,24.2,Australia,Afghanistan,DA Warner,SPD Smith,Samiullah Shenwari,0,0,,,,,,,,,
656449,2014/15,2015-03-04,Western Australia Cricket Association Ground,1,24.3,Australia,Afghanistan,DA Warner,SPD Smith,Samiullah Shenwari,2,0,,,,,,,,,
656449,2014/15,2015-03-04,Western Australia Cricket Association Ground,1,24.4,Australia,Afghanistan,DA Warner,SPD Smith,Samiullah Shenwari,0,0,,,,,,,,,
656449,2014/15,2015-03-04,Western Australia Cricket Association Ground,1,24.5,Australia,Afghanistan,DA Warner,SPD Smith,Samiullah Shenwari,1,0,,,,,,,,,
656449,2014/15,2015-03-04,Western Australia Cricket Association Ground,1,24.6,Australia,Afghanistan,SPD Smith,DA Warner,Samiullah Shenwari,4,0,,,,,,,,,
656449,2014/15,2015-03-04,Western Australia Cricket Association Ground,1,25.1,Australia,Afghanistan,DA Warner,SPD Smith,Hamid Hassan,4,0,,,,,,,,,
656449,2014/15,2015-03-04,Western Australia Cricket Association Ground,1,25.2,Australia,Afghanistan,DA Warner,SPD Smith,Hamid Hassan,1,0,,,,,,,,,
656449,2014/15,2015-03-04,Western Australia Cricket Association Ground,1,25.3,Australia,Afghanistan,SPD Smith,DA Warner,Hamid Hassan,0,0,,,,,,,,,
656449,2014/15,2015-03-04,Western Australia Cricket Association Ground,1,25.4,Australia,Afghanistan,SPD Smith,DA Warner,Hamid Hassan,1,0,,,,,,,,,
656449,2014/15,2015-03-04,Western Australia Cricket Association Ground,1,25.5,Australia,Afghanistan,DA Warner,SPD Smith,Hamid Hassan,0,0,,,,,,,,,
656449,2014/15,2015-03-04,Western Australia Cricket Association Ground,1,25.6,Australia,Afghanistan,DA Warner,SPD Smith,Hamid Hassan,4,0,,,,,,,,,
656449,2014/15,2015-03-04,Western Australia Cricket Association Ground,1,26.1,Australia,Afghanistan,SPD Smith,DA Warner,Samiullah Shenwari,4,0,,,,,,,,,
656449,2014/15,2015-03-04,Western Australia Cricket Association Ground,1,26.2,Australia,Afghanistan,SPD Smith,DA Warner,Samiullah Shenwari,0,0,,,,,,,,,
656449,2014/15,2015-03-04,Western Australia Cricket Association Ground,1,26.3,Australia,Afghanistan,SPD Smith,DA Warner,Samiullah Shenwari,0,0,,,,,,,,,
656449,2014/15,2015-03-04,Western Australia Cricket Association Ground,1,26.4,Australia,Afghanistan,SPD Smith,DA Warner,Samiullah Shenwari,0,0,,,,,,,,,
656449,2014/15,2015-03-04,Western Australia Cricket Association Ground,1,26.5,Australia,Afghanistan,SPD Smith,DA Warner,Samiullah Shenwari,1,0,,,,,,,,,
656449,2014/15,2015-03-04,Western Australia Cricket Association Ground,1,26.6,Australia,Afghanistan,DA Warner,SPD Smith,Samiullah Shenwari,1,0,,,,,,,,,
656449,2014/15,2015-03-04,Western Australia Cricket Association Ground,1,27.1,Australia,Afghanistan,DA Warner,SPD Smith,Hamid Hassan,1,0,,,,,,,,,
656449,2014/15,2015-03-04,Western Australia Cricket Association Ground,1,27.2,Australia,Afghanistan,SPD Smith,DA Warner,Hamid Hassan,1,0,,,,,,,,,
656449,2014/15,2015-03-04,Western Australia Cricket Association Ground,1,27.3,Australia,Afghanistan,DA Warner,SPD Smith,Hamid Hassan,1,0,,,,,,,,,
656449,2014/15,2015-03-04,Western Australia Cricket Association Ground,1,27.4,Australia,Afghanistan,SPD Smith,DA Warner,Hamid Hassan,1,0,,,,,,,,,
656449,2014/15,2015-03-04,Western Australia Cricket Association Ground,1,27.5,Australia,Afghanistan,DA Warner,SPD Smith,Hamid Hassan,1,0,,,,,,,,,
656449,2014/15,2015-03-04,Western Australia Cricket Association Ground,1,27.6,Australia,Afghanistan,SPD Smith,DA Warner,Hamid Hassan,1,0,,,,,,,,,
656449,2014/15,2015-03-04,Western Australia Cricket Association Ground,1,28.1,Australia,Afghanistan,SPD Smith,DA Warner,Mohammad Nabi,4,0,,,,,,,,,
656449,2014/15,2015-03-04,Western Australia Cricket Association Ground,1,28.2,Australia,Afghanistan,SPD Smith,DA Warner,Mohammad Nabi,1,0,,,,,,,,,
656449,2014/15,2015-03-04,Western Australia Cricket Association Ground,1,28.3,Australia,Afghanistan,DA Warner,SPD Smith,Mohammad Nabi,0,0,,,,,,,,,
656449,2014/15,2015-03-04,Western Australia Cricket Association Ground,1,28.4,Australia,Afghanistan,DA Warner,SPD Smith,Mohammad Nabi,1,0,,,,,,,,,
656449,2014/15,2015-03-04,Western Australia Cricket Association Ground,1,28.5,Australia,Afghanistan,SPD Smith,DA Warner,Mohammad Nabi,1,0,,,,,,,,,
656449,2014/15,2015-03-04,Western Australia Cricket Association Ground,1,28.6,Australia,Afghanistan,DA Warner,SPD Smith,Mohammad Nabi,0,0,,,,,,,,,
656449,2014/15,2015-03-04,Western Australia Cricket Association Ground,1,29.1,Australia,Afghanistan,SPD Smith,DA Warner,Dawlat Zadran,2,0,,,,,,,,,
656449,2014/15,2015-03-04,Western Australia Cricket Association Ground,1,29.2,Australia,Afghanistan,SPD Smith,DA Warner,Dawlat Zadran,4,0,,,,,,,,,
656449,2014/15,2015-03-04,Western Australia Cricket Association Ground,1,29.3,Australia,Afghanistan,SPD Smith,DA Warner,Dawlat Zadran,1,0,,,,,,,,,
656449,2014/15,2015-03-04,Western Australia Cricket Association Ground,1,29.4,Australia,Afghanistan,DA Warner,SPD Smith,Dawlat Zadran,6,0,,,,,,,,,
656449,2014/15,2015-03-04,Western Australia Cricket Association Ground,1,29.5,Australia,Afghanistan,DA Warner,SPD Smith,Dawlat Zadran,6,0,,,,,,,,,
656449,2014/15,2015-03-04,Western Australia Cricket Association Ground,1,29.6,Australia,Afghanistan,DA Warner,SPD Smith,Dawlat Zadran,4,0,,,,,,,,,
656449,2014/15,2015-03-04,Western Australia Cricket Association Ground,1,30.1,Australia,Afghanistan,SPD Smith,DA Warner,Mohammad Nabi,0,0,,,,,,,,,
656449,2014/15,2015-03-04,Western Australia Cricket Association Ground,1,30.2,Australia,Afghanistan,SPD Smith,DA Warner,Mohammad Nabi,1,0,,,,,,,,,
656449,2014/15,2015-03-04,Western Australia Cricket Association Ground,1,30.3,Australia,Afghanistan,DA Warner,SPD Smith,Mohammad Nabi,2,0,,,,,,,,,
656449,2014/15,2015-03-04,Western Australia Cricket Association Ground,1,30.4,Australia,Afghanistan,DA Warner,SPD Smith,Mohammad Nabi,0,0,,,,,,,,,
656449,2014/15,2015-03-04,Western Australia Cricket Association Ground,1,30.5,Australia,Afghanistan,DA Warner,SPD Smith,Mohammad Nabi,0,0,,,,,,,,,
656449,2014/15,2015-03-04,Western Australia Cricket Association Ground,1,30.6,Australia,Afghanistan,DA Warner,SPD Smith,Mohammad Nabi,1,0,,,,,,,,,
656449,2014/15,2015-03-04,Western Australia Cricket Association Ground,1,31.1,Australia,Afghanistan,DA Warner,SPD Smith,Shapoor Zadran,6,0,,,,,,,,,
656449,2014/15,2015-03-04,Western Australia Cricket Association Ground,1,31.2,Australia,Afghanistan,DA Warner,SPD Smith,Shapoor Zadran,6,0,,,,,,,,,
656449,2014/15,2015-03-04,Western Australia Cricket Association Ground,1,31.3,Australia,Afghanistan,DA Warner,SPD Smith,Shapoor Zadran,2,0,,,,,,,,,
656449,2014/15,2015-03-04,Western Australia Cricket Association Ground,1,31.4,Australia,Afghanistan,DA Warner,SPD Smith,Shapoor Zadran,0,0,,,,,,,,,
656449,2014/15,2015-03-04,Western Australia Cricket Association Ground,1,31.5,Australia,Afghanistan,DA Warner,SPD Smith,Shapoor Zadran,0,1,,,,1,,,,,
656449,2014/15,2015-03-04,Western Australia Cricket Association Ground,1,31.6,Australia,Afghanistan,SPD Smith,DA Warner,Shapoor Zadran,0,0,,,,,,,,,
656449,2014/15,2015-03-04,Western Australia Cricket Association Ground,1,32.1,Australia,Afghanistan,DA Warner,SPD Smith,Mohammad Nabi,4,0,,,,,,,,,
656449,2014/15,2015-03-04,Western Australia Cricket Association Ground,1,32.2,Australia,Afghanistan,DA Warner,SPD Smith,Mohammad Nabi,0,0,,,,,,,,,
656449,2014/15,2015-03-04,Western Australia Cricket Association Ground,1,32.3,Australia,Afghanistan,DA Warner,SPD Smith,Mohammad Nabi,1,0,,,,,,,,,
656449,2014/15,2015-03-04,Western Australia Cricket Association Ground,1,32.4,Australia,Afghanistan,SPD Smith,DA Warner,Mohammad Nabi,1,0,,,,,,,,,
656449,2014/15,2015-03-04,Western Australia Cricket Association Ground,1,32.5,Australia,Afghanistan,DA Warner,SPD Smith,Mohammad Nabi,0,1,1,,,,,,,,
656449,2014/15,2015-03-04,Western Australia Cricket Association Ground,1,32.6,Australia,Afghanistan,DA Warner,SPD Smith,Mohammad Nabi,4,0,,,,,,,,,
656449,2014/15,2015-03-04,Western Australia Cricket Association Ground,1,32.7,Australia,Afghanistan,DA Warner,SPD Smith,Mohammad Nabi,0,0,,,,,,,,,
656449,2014/15,2015-03-04,Western Australia Cricket Association Ground,1,33.1,Australia,Afghanistan,SPD Smith,DA Warner,Shapoor Zadran,1,0,,,,,,,,,
656449,2014/15,2015-03-04,Western Australia Cricket Association Ground,1,33.2,Australia,Afghanistan,DA Warner,SPD Smith,Shapoor Zadran,1,0,,,,,,,,,
656449,2014/15,2015-03-04,Western Australia Cricket Association Ground,1,33.3,Australia,Afghanistan,SPD Smith,DA Warner,Shapoor Zadran,1,0,,,,,,,,,
656449,2014/15,2015-03-04,Western Australia Cricket Association Ground,1,33.4,Australia,Afghanistan,DA Warner,SPD Smith,Shapoor Zadran,4,0,,,,,,,,,
656449,2014/15,2015-03-04,Western Australia Cricket Association Ground,1,33.5,Australia,Afghanistan,DA Warner,SPD Smith,Shapoor Zadran,6,0,,,,,,,,,
656449,2014/15,2015-03-04,Western Australia Cricket Association Ground,1,33.6,Australia,Afghanistan,DA Warner,SPD Smith,Shapoor Zadran,0,0,,,,,,,,,
656449,2014/15,2015-03-04,Western Australia Cricket Association Ground,1,34.1,Australia,Afghanistan,SPD Smith,DA Warner,Hamid Hassan,1,0,,,,,,,,,
656449,2014/15,2015-03-04,Western Australia Cricket Association Ground,1,34.2,Australia,Afghanistan,DA Warner,SPD Smith,Hamid Hassan,0,0,,,,,,,,,
656449,2014/15,2015-03-04,Western Australia Cricket Association Ground,1,34.3,Australia,Afghanistan,DA Warner,SPD Smith,Hamid Hassan,1,0,,,,,,,,,
656449,2014/15,2015-03-04,Western Australia Cricket Association Ground,1,34.4,Australia,Afghanistan,SPD Smith,DA Warner,Hamid Hassan,0,0,,,,,,,,,
656449,2014/15,2015-03-04,Western Australia Cricket Association Ground,1,34.5,Australia,Afghanistan,SPD Smith,DA Warner,Hamid Hassan,0,0,,,,,,,,,
656449,2014/15,2015-03-04,Western Australia Cricket Association Ground,1,34.6,Australia,Afghanistan,SPD Smith,DA Warner,Hamid Hassan,0,0,,,,,,,,,
656449,2014/15,2015-03-04,Western Australia Cricket Association Ground,1,35.1,Australia,Afghanistan,DA Warner,SPD Smith,Dawlat Zadran,4,1,,1,,,,,,,
656449,2014/15,2015-03-04,Western Australia Cricket Association Ground,1,35.2,Australia,Afghanistan,DA Warner,SPD Smith,Dawlat Zadran,1,0,,,,,,,,,
656449,2014/15,2015-03-04,Western Australia Cricket Association Ground,1,35.3,Australia,Afghanistan,SPD Smith,DA Warner,Dawlat Zadran,6,0,,,,,,,,,
656449,2014/15,2015-03-04,Western Australia Cricket Association Ground,1,35.4,Australia,Afghanistan,SPD Smith,DA Warner,Dawlat Zadran,0,0,,,,,,,,,
656449,2014/15,2015-03-04,Western Australia Cricket Association Ground,1,35.5,Australia,Afghanistan,SPD Smith,DA Warner,Dawlat Zadran,0,0,,,,,,,,,
656449,2014/15,2015-03-04,Western Australia Cricket Association Ground,1,35.6,Australia,Afghanistan,SPD Smith,DA Warner,Dawlat Zadran,1,1,,1,,,,,,,
656449,2014/15,2015-03-04,Western Australia Cricket Association Ground,1,35.7,Australia,Afghanistan,DA Warner,SPD Smith,Dawlat Zadran,4,0,,,,,,,,,
656449,2014/15,2015-03-04,Western Australia Cricket Association Ground,1,35.8,Australia,Afghanistan,DA Warner,SPD Smith,Dawlat Zadran,0,0,,,,,,,,,
656449,2014/15,2015-03-04,Western Australia Cricket Association Ground,1,36.1,Australia,Afghanistan,SPD Smith,DA Warner,Hamid Hassan,0,0,,,,,,,,,
656449,2014/15,2015-03-04,Western Australia Cricket Association Ground,1,36.2,Australia,Afghanistan,SPD Smith,DA Warner,Hamid Hassan,1,0,,,,,,,,,
656449,2014/15,2015-03-04,Western Australia Cricket Association Ground,1,36.3,Australia,Afghanistan,DA Warner,SPD Smith,Hamid Hassan,0,0,,,,,,,,,
656449,2014/15,2015-03-04,Western Australia Cricket Association Ground,1,36.4,Australia,Afghanistan,DA Warner,SPD Smith,Hamid Hassan,1,0,,,,,,,,,
656449,2014/15,2015-03-04,Western Australia Cricket Association Ground,1,36.5,Australia,Afghanistan,SPD Smith,DA Warner,Hamid Hassan,4,0,,,,,,,,,
656449,2014/15,2015-03-04,Western Australia Cricket Association Ground,1,36.6,Australia,Afghanistan,SPD Smith,DA Warner,Hamid Hassan,1,0,,,,,,,,,
656449,2014/15,2015-03-04,Western Australia Cricket Association Ground,1,37.1,Australia,Afghanistan,SPD Smith,DA Warner,Shapoor Zadran,0,0,,,,,,,,,
656449,2014/15,2015-03-04,Western Australia Cricket Association Ground,1,37.2,Australia,Afghanistan,SPD Smith,DA Warner,Shapoor Zadran,1,0,,,,,,,,,
656449,2014/15,2015-03-04,Western Australia Cricket Association Ground,1,37.3,Australia,Afghanistan,DA Warner,SPD Smith,Shapoor Zadran,0,0,,,,,,caught,DA Warner,,
656449,2014/15,2015-03-04,Western Australia Cricket Association Ground,1,37.4,Australia,Afghanistan,SPD Smith,GJ Maxwell,Shapoor Zadran,0,0,,,,,,,,,
656449,2014/15,2015-03-04,Western Australia Cricket Association Ground,1,37.5,Australia,Afghanistan,SPD Smith,GJ Maxwell,Shapoor Zadran,4,0,,,,,,,,,
656449,2014/15,2015-03-04,Western Australia Cricket Association Ground,1,37.6,Australia,Afghanistan,SPD Smith,GJ Maxwell,Shapoor Zadran,0,0,,,,,,,,,
656449,2014/15,2015-03-04,Western Australia Cricket Association Ground,1,38.1,Australia,Afghanistan,GJ Maxwell,SPD Smith,Mohammad Nabi,0,0,,,,,,,,,
656449,2014/15,2015-03-04,Western Australia Cricket Association Ground,1,38.2,Australia,Afghanistan,GJ Maxwell,SPD Smith,Mohammad Nabi,4,0,,,,,,,,,
656449,2014/15,2015-03-04,Western Australia Cricket Association Ground,1,38.3,Australia,Afghanistan,GJ Maxwell,SPD Smith,Mohammad Nabi,1,0,,,,,,,,,
656449,2014/15,2015-03-04,Western Australia Cricket Association Ground,1,38.4,Australia,Afghanistan,SPD Smith,GJ Maxwell,Mohammad Nabi,0,1,,,1,,,,,,
656449,2014/15,2015-03-04,Western Australia Cricket Association Ground,1,38.5,Australia,Afghanistan,GJ Maxwell,SPD Smith,Mohammad Nabi,1,0,,,,,,,,,
656449,2014/15,2015-03-04,Western Australia Cricket Association Ground,1,38.6,Australia,Afghanistan,SPD Smith,GJ Maxwell,Mohammad Nabi,1,0,,,,,,,,,
656449,2014/15,2015-03-04,Western Australia Cricket Association Ground,1,39.1,Australia,Afghanistan,SPD Smith,GJ Maxwell,Dawlat Zadran,1,0,,,,,,,,,
656449,2014/15,2015-03-04,Western Australia Cricket Association Ground,1,39.2,Australia,Afghanistan,GJ Maxwell,SPD Smith,Dawlat Zadran,6,0,,,,,,,,,
656449,2014/15,2015-03-04,Western Australia Cricket Association Ground,1,39.3,Australia,Afghanistan,GJ Maxwell,SPD Smith,Dawlat Zadran,1,0,,,,,,,,,
656449,2014/15,2015-03-04,Western Australia Cricket Association Ground,1,39.4,Australia,Afghanistan,SPD Smith,GJ Maxwell,Dawlat Zadran,1,0,,,,,,,,,
656449,2014/15,2015-03-04,Western Australia Cricket Association Ground,1,39.5,Australia,Afghanistan,GJ Maxwell,SPD Smith,Dawlat Zadran,0,0,,,,,,,,,
656449,2014/15,2015-03-04,Western Australia Cricket Association Ground,1,39.6,Australia,Afghanistan,GJ Maxwell,SPD Smith,Dawlat Zadran,4,0,,,,,,,,,
656449,2014/15,2015-03-04,Western Australia Cricket Association Ground,1,40.1,Australia,Afghanistan,SPD Smith,GJ Maxwell,Mohammad Nabi,4,0,,,,,,,,,
656449,2014/15,2015-03-04,Western Australia Cricket Association Ground,1,40.2,Australia,Afghanistan,SPD Smith,GJ Maxwell,Mohammad Nabi,0,1,,,1,,,,,,
656449,2014/15,2015-03-04,Western Australia Cricket Association Ground,1,40.3,Australia,Afghanistan,GJ Maxwell,SPD Smith,Mohammad Nabi,0,0,,,,,,,,,
656449,2014/15,2015-03-04,Western Australia Cricket Association Ground,1,40.4,Australia,Afghanistan,GJ Maxwell,SPD Smith,Mohammad Nabi,0,0,,,,,,,,,
656449,2014/15,2015-03-04,Western Australia Cricket Association Ground,1,40.5,Australia,Afghanistan,GJ Maxwell,SPD Smith,Mohammad Nabi,6,0,,,,,,,,,
656449,2014/15,2015-03-04,Western Australia Cricket Association Ground,1,40.6,Australia,Afghanistan,GJ Maxwell,SPD Smith,Mohammad Nabi,6,0,,,,,,,,,
656449,2014/15,2015-03-04,Western Australia Cricket Association Ground,1,41.1,Australia,Afghanistan,SPD Smith,GJ Maxwell,Dawlat Zadran,2,0,,,,,,,,,
656449,2014/15,2015-03-04,Western Australia Cricket Association Ground,1,41.2,Australia,Afghanistan,SPD Smith,GJ Maxwell,Dawlat Zadran,0,0,,,,,,,,,
656449,2014/15,2015-03-04,Western Australia Cricket Association Ground,1,41.3,Australia,Afghanistan,SPD Smith,GJ Maxwell,Dawlat Zadran,1,0,,,,,,,,,
656449,2014/15,2015-03-04,Western Australia Cricket Association Ground,1,41.4,Australia,Afghanistan,GJ Maxwell,SPD Smith,Dawlat Zadran,4,0,,,,,,,,,
656449,2014/15,2015-03-04,Western Australia Cricket Association Ground,1,41.5,Australia,Afghanistan,GJ Maxwell,SPD Smith,Dawlat Zadran,0,1,1,,,,,,,,
656449,2014/15,2015-03-04,Western Australia Cricket Association Ground,1,41.6,Australia,Afghanistan,GJ Maxwell,SPD Smith,Dawlat Zadran,0,0,,,,,,,,,
656449,2014/15,2015-03-04,Western Australia Cricket Association Ground,1,41.7,Australia,Afghanistan,GJ Maxwell,SPD Smith,Dawlat Zadran,1,0,,,,,,,,,
656449,2014/15,2015-03-04,Western Australia Cricket Association Ground,1,42.1,Australia,Afghanistan,GJ Maxwell,SPD Smith,Shapoor Zadran,0,0,,,,,,,,,
656449,2014/15,2015-03-04,Western Australia Cricket Association Ground,1,42.2,Australia,Afghanistan,GJ Maxwell,SPD Smith,Shapoor Zadran,4,0,,,,,,,,,
656449,2014/15,2015-03-04,Western Australia Cricket Association Ground,1,42.3,Australia,Afghanistan,GJ Maxwell,SPD Smith,Shapoor Zadran,6,0,,,,,,,,,
656449,2014/15,2015-03-04,Western Australia Cricket Association Ground,1,42.4,Australia,Afghanistan,GJ Maxwell,SPD Smith,Shapoor Zadran,0,1,1,,,,,,,,
656449,2014/15,2015-03-04,Western Australia Cricket Association Ground,1,42.5,Australia,Afghanistan,GJ Maxwell,SPD Smith,Shapoor Zadran,3,0,,,,,,,,,
656449,2014/15,2015-03-04,Western Australia Cricket Association Ground,1,42.6,Australia,Afghanistan,SPD Smith,GJ Maxwell,Shapoor Zadran,0,0,,,,,,caught,SPD Smith,,
656449,2014/15,2015-03-04,Western Australia Cricket Association Ground,1,42.7,Australia,Afghanistan,JP Faulkner,GJ Maxwell,Shapoor Zadran,0,1,,,,1,,,,,
656449,2014/15,2015-03-04,Western Australia Cricket Association Ground,1,43.1,Australia,Afghanistan,JP Faulkner,GJ Maxwell,Mohammad Nabi,1,0,,,,,,,,,
656449,2014/15,2015-03-04,Western Australia Cricket Association Ground,1,43.2,Australia,Afghanistan,GJ Maxwell,JP Faulkner,Mohammad Nabi,2,0,,,,,,,,,
656449,2014/15,2015-03-04,Western Australia Cricket Association Ground,1,43.3,Australia,Afghanistan,GJ Maxwell,JP Faulkner,Mohammad Nabi,4,0,,,,,,,,,
656449,2014/15,2015-03-04,Western Australia Cricket Association Ground,1,43.4,Australia,Afghanistan,GJ Maxwell,JP Faulkner,Mohammad Nabi,2,0,,,,,,,,,
656449,2014/15,2015-03-04,Western Australia Cricket Association Ground,1,43.5,Australia,Afghanistan,GJ Maxwell,JP Faulkner,Mohammad Nabi,0,0,,,,,,,,,
656449,2014/15,2015-03-04,Western Australia Cricket Association Ground,1,43.6,Australia,Afghanistan,GJ Maxwell,JP Faulkner,Mohammad Nabi,1,0,,,,,,,,,
656449,2014/15,2015-03-04,Western Australia Cricket Association Ground,1,44.1,Australia,Afghanistan,GJ Maxwell,JP Faulkner,Shapoor Zadran,1,0,,,,,,,,,
656449,2014/15,2015-03-04,Western Australia Cricket Association Ground,1,44.2,Australia,Afghanistan,JP Faulkner,GJ Maxwell,Shapoor Zadran,4,0,,,,,,,,,
656449,2014/15,2015-03-04,Western Australia Cricket Association Ground,1,44.3,Australia,Afghanistan,JP Faulkner,GJ Maxwell,Shapoor Zadran,1,0,,,,,,,,,
656449,2014/15,2015-03-04,Western Australia Cricket Association Ground,1,44.4,Australia,Afghanistan,GJ Maxwell,JP Faulkner,Shapoor Zadran,6,0,,,,,,,,,
656449,2014/15,2015-03-04,Western Australia Cricket Association Ground,1,44.5,Australia,Afghanistan,GJ Maxwell,JP Faulkner,Shapoor Zadran,0,1,,1,,,,,,,
656449,2014/15,2015-03-04,Western Australia Cricket Association Ground,1,44.6,Australia,Afghanistan,GJ Maxwell,JP Faulkner,Shapoor Zadran,2,0,,,,,,,,,
656449,2014/15,2015-03-04,Western Australia Cricket Association Ground,1,44.7,Australia,Afghanistan,GJ Maxwell,JP Faulkner,Shapoor Zadran,1,0,,,,,,,,,
656449,2014/15,2015-03-04,Western Australia Cricket Association Ground,1,45.1,Australia,Afghanistan,GJ Maxwell,JP Faulkner,Mohammad Nabi,6,0,,,,,,,,,
656449,2014/15,2015-03-04,Western Australia Cricket Association Ground,1,45.2,Australia,Afghanistan,GJ Maxwell,JP Faulkner,Mohammad Nabi,0,0,,,,,,,,,
656449,2014/15,2015-03-04,Western Australia Cricket Association Ground,1,45.3,Australia,Afghanistan,GJ Maxwell,JP Faulkner,Mohammad Nabi,1,0,,,,,,,,,
656449,2014/15,2015-03-04,Western Australia Cricket Association Ground,1,45.4,Australia,Afghanistan,JP Faulkner,GJ Maxwell,Mohammad Nabi,1,0,,,,,,,,,
656449,2014/15,2015-03-04,Western Australia Cricket Association Ground,1,45.5,Australia,Afghanistan,GJ Maxwell,JP Faulkner,Mohammad Nabi,2,0,,,,,,,,,
656449,2014/15,2015-03-04,Western Australia Cricket Association Ground,1,45.6,Australia,Afghanistan,GJ Maxwell,JP Faulkner,Mohammad Nabi,6,0,,,,,,,,,
656449,2014/15,2015-03-04,Western Australia Cricket Association Ground,1,46.1,Australia,Afghanistan,JP Faulkner,GJ Maxwell,Hamid Hassan,0,0,,,,,,bowled,JP Faulkner,,
656449,2014/15,2015-03-04,Western Australia Cricket Association Ground,1,46.2,Australia,Afghanistan,MR Marsh,GJ Maxwell,Hamid Hassan,0,0,,,,,,,,,
656449,2014/15,2015-03-04,Western Australia Cricket Association Ground,1,46.3,Australia,Afghanistan,MR Marsh,GJ Maxwell,Hamid Hassan,1,0,,,,,,,,,
656449,2014/15,2015-03-04,Western Australia Cricket Association Ground,1,46.4,Australia,Afghanistan,GJ Maxwell,MR Marsh,Hamid Hassan,0,0,,,,,,,,,
656449,2014/15,2015-03-04,Western Australia Cricket Association Ground,1,46.5,Australia,Afghanistan,GJ Maxwell,MR Marsh,Hamid Hassan,2,0,,,,,,,,,
656449,2014/15,2015-03-04,Western Australia Cricket Association Ground,1,46.6,Australia,Afghanistan,GJ Maxwell,MR Marsh,Hamid Hassan,1,0,,,,,,,,,
656449,2014/15,2015-03-04,Western Australia Cricket Association Ground,1,47.1,Australia,Afghanistan,GJ Maxwell,MR Marsh,Dawlat Zadran,4,0,,,,,,,,,
656449,2014/15,2015-03-04,Western Australia Cricket Association Ground,1,47.2,Australia,Afghanistan,GJ Maxwell,MR Marsh,Dawlat Zadran,0,0,,,,,,caught,GJ Maxwell,,
656449,2014/15,2015-03-04,Western Australia Cricket Association Ground,1,47.3,Australia,Afghanistan,BJ Haddin,MR Marsh,Dawlat Zadran,1,0,,,,,,,,,
656449,2014/15,2015-03-04,Western Australia Cricket Association Ground,1,47.4,Australia,Afghanistan,MR Marsh,BJ Haddin,Dawlat Zadran,1,0,,,,,,,,,
656449,2014/15,2015-03-04,Western Australia Cricket Association Ground,1,47.5,Australia,Afghanistan,BJ Haddin,MR Marsh,Dawlat Zadran,4,0,,,,,,,,,
656449,2014/15,2015-03-04,Western Australia Cricket Association Ground,1,47.6,Australia,Afghanistan,BJ Haddin,MR Marsh,Dawlat Zadran,1,0,,,,,,,,,
656449,2014/15,2015-03-04,Western Australia Cricket Association Ground,1,48.1,Australia,Afghanistan,BJ Haddin,MR Marsh,Hamid Hassan,1,0,,,,,,,,,
656449,2014/15,2015-03-04,Western Australia Cricket Association Ground,1,48.2,Australia,Afghanistan,MR Marsh,BJ Haddin,Hamid Hassan,1,0,,,,,,,,,
656449,2014/15,2015-03-04,Western Australia Cricket Association Ground,1,48.3,Australia,Afghanistan,BJ Haddin,MR Marsh,Hamid Hassan,1,0,,,,,,,,,
656449,2014/15,2015-03-04,Western Australia Cricket Association Ground,1,48.4,Australia,Afghanistan,MR Marsh,BJ Haddin,Hamid Hassan,1,0,,,,,,,,,
656449,2014/15,2015-03-04,Western Australia Cricket Association Ground,1,48.5,Australia,Afghanistan,BJ Haddin,MR Marsh,Hamid Hassan,1,0,,,,,,,,,
656449,2014/15,2015-03-04,Western Australia Cricket Association Ground,1,48.6,Australia,Afghanistan,MR Marsh,BJ Haddin,Hamid Hassan,1,0,,,,,,,,,
656449,2014/15,2015-03-04,Western Australia Cricket Association Ground,1,49.1,Australia,Afghanistan,MR Marsh,BJ Haddin,Nawroz Mangal,2,0,,,,,,,,,
656449,2014/15,2015-03-04,Western Australia Cricket Association Ground,1,49.2,Australia,Afghanistan,MR Marsh,BJ Haddin,Nawroz Mangal,1,0,,,,,,,,,
656449,2014/15,2015-03-04,Western Australia Cricket Association Ground,1,49.3,Australia,Afghanistan,BJ Haddin,MR Marsh,Nawroz Mangal,6,0,,,,,,,,,
656449,2014/15,2015-03-04,Western Australia Cricket Association Ground,1,49.4,Australia,Afghanistan,BJ Haddin,MR Marsh,Nawroz Mangal,4,0,,,,,,,,,
656449,2014/15,2015-03-04,Western Australia Cricket Association Ground,1,49.5,Australia,Afghanistan,BJ Haddin,MR Marsh,Nawroz Mangal,1,0,,,,,,,,,
656449,2014/15,2015-03-04,Western Australia Cricket Association Ground,1,49.6,Australia,Afghanistan,MR Marsh,BJ Haddin,Nawroz Mangal,0,0,,,,,,caught,MR Marsh,,
656449,2014/15,2015-03-04,Western Australia Cricket Association Ground,2,0.1,Afghanistan,Australia,Javed Ahmadi,Usman Ghani,MA Starc,0,0,,,,,,,,,
656449,2014/15,2015-03-04,Western Australia Cricket Association Ground,2,0.2,Afghanistan,Australia,Javed Ahmadi,Usman Ghani,MA Starc,0,0,,,,,,,,,
656449,2014/15,2015-03-04,Western Australia Cricket Association Ground,2,0.3,Afghanistan,Australia,Javed Ahmadi,Usman Ghani,MA Starc,4,0,,,,,,,,,
656449,2014/15,2015-03-04,Western Australia Cricket Association Ground,2,0.4,Afghanistan,Australia,Javed Ahmadi,Usman Ghani,MA Starc,0,0,,,,,,,,,
656449,2014/15,2015-03-04,Western Australia Cricket Association Ground,2,0.5,Afghanistan,Australia,Javed Ahmadi,Usman Ghani,MA Starc,1,0,,,,,,,,,
656449,2014/15,2015-03-04,Western Australia Cricket Association Ground,2,0.6,Afghanistan,Australia,Usman Ghani,Javed Ahmadi,MA Starc,2,0,,,,,,,,,
656449,2014/15,2015-03-04,Western Australia Cricket Association Ground,2,1.1,Afghanistan,Australia,Javed Ahmadi,Usman Ghani,JR Hazlewood,0,0,,,,,,,,,
656449,2014/15,2015-03-04,Western Australia Cricket Association Ground,2,1.2,Afghanistan,Australia,Javed Ahmadi,Usman Ghani,JR Hazlewood,0,0,,,,,,,,,
656449,2014/15,2015-03-04,Western Australia Cricket Association Ground,2,1.3,Afghanistan,Australia,Javed Ahmadi,Usman Ghani,JR Hazlewood,0,0,,,,,,,,,
656449,2014/15,2015-03-04,Western Australia Cricket Association Ground,2,1.4,Afghanistan,Australia,Javed Ahmadi,Usman Ghani,JR Hazlewood,1,0,,,,,,,,,
656449,2014/15,2015-03-04,Western Australia Cricket Association Ground,2,1.5,Afghanistan,Australia,Usman Ghani,Javed Ahmadi,JR Hazlewood,0,0,,,,,,,,,
656449,2014/15,2015-03-04,Western Australia Cricket Association Ground,2,1.6,Afghanistan,Australia,Usman Ghani,Javed Ahmadi,JR Hazlewood,0,0,,,,,,,,,
656449,2014/15,2015-03-04,Western Australia Cricket Association Ground,2,2.1,Afghanistan,Australia,Javed Ahmadi,Usman Ghani,MA Starc,0,0,,,,,,,,,
656449,2014/15,2015-03-04,Western Australia Cricket Association Ground,2,2.2,Afghanistan,Australia,Javed Ahmadi,Usman Ghani,MA Starc,0,0,,,,,,,,,
656449,2014/15,2015-03-04,Western Australia Cricket Association Ground,2,2.3,Afghanistan,Australia,Javed Ahmadi,Usman Ghani,MA Starc,1,0,,,,,,,,,
656449,2014/15,2015-03-04,Western Australia Cricket Association Ground,2,2.4,Afghanistan,Australia,Usman Ghani,Javed Ahmadi,MA Starc,0,0,,,,,,,,,
656449,2014/15,2015-03-04,Western Australia Cricket Association Ground,2,2.5,Afghanistan,Australia,Usman Ghani,Javed Ahmadi,MA Starc,0,0,,,,,,,,,
656449,2014/15,2015-03-04,Western Australia Cricket Association Ground,2,2.6,Afghanistan,Australia,Usman Ghani,Javed Ahmadi,MA Starc,0,0,,,,,,,,,
656449,2014/15,2015-03-04,Western Australia Cricket Association Ground,2,3.1,Afghanistan,Australia,Javed Ahmadi,Usman Ghani,JR Hazlewood,0,0,,,,,,,,,
656449,2014/15,2015-03-04,Western Australia Cricket Association Ground,2,3.2,Afghanistan,Australia,Javed Ahmadi,Usman Ghani,JR Hazlewood,0,0,,,,,,,,,
656449,2014/15,2015-03-04,Western Australia Cricket Association Ground,2,3.3,Afghanistan,Australia,Javed Ahmadi,Usman Ghani,JR Hazlewood,3,0,,,,,,,,,
656449,2014/15,2015-03-04,Western Australia Cricket Association Ground,2,3.4,Afghanistan,Australia,Usman Ghani,Javed Ahmadi,JR Hazlewood,2,0,,,,,,,,,
656449,2014/15,2015-03-04,Western Australia Cricket Association Ground,2,3.5,Afghanistan,Australia,Usman Ghani,Javed Ahmadi,JR Hazlewood,0,0,,,,,,,,,
656449,2014/15,2015-03-04,Western Australia Cricket Association Ground,2,3.6,Afghanistan,Australia,Usman Ghani,Javed Ahmadi,JR Hazlewood,2,0,,,,,,,,,
656449,2014/15,2015-03-04,Western Australia Cricket Association Ground,2,4.1,Afghanistan,Australia,Javed Ahmadi,Usman Ghani,MA Starc,1,0,,,,,,,,,
656449,2014/15,2015-03-04,Western Australia Cricket Association Ground,2,4.2,Afghanistan,Australia,Usman Ghani,Javed Ahmadi,MA Starc,0,0,,,,,,,,,
656449,2014/15,2015-03-04,Western Australia Cricket Association Ground,2,4.3,Afghanistan,Australia,Usman Ghani,Javed Ahmadi,MA Starc,0,0,,,,,,,,,
656449,2014/15,2015-03-04,Western Australia Cricket Association Ground,2,4.4,Afghanistan,Australia,Usman Ghani,Javed Ahmadi,MA Starc,2,0,,,,,,,,,
656449,2014/15,2015-03-04,Western Australia Cricket Association Ground,2,4.5,Afghanistan,Australia,Usman Ghani,Javed Ahmadi,MA Starc,2,0,,,,,,,,,
656449,2014/15,2015-03-04,Western Australia Cricket Association Ground,2,4.6,Afghanistan,Australia,Usman Ghani,Javed Ahmadi,MA Starc,1,0,,,,,,,,,
656449,2014/15,2015-03-04,Western Australia Cricket Association Ground,2,5.1,Afghanistan,Australia,Usman Ghani,Javed Ahmadi,JR Hazlewood,0,0,,,,,,,,,
656449,2014/15,2015-03-04,Western Australia Cricket Association Ground,2,5.2,Afghanistan,Australia,Usman Ghani,Javed Ahmadi,JR Hazlewood,0,1,1,,,,,,,,
656449,2014/15,2015-03-04,Western Australia Cricket Association Ground,2,5.3,Afghanistan,Australia,Usman Ghani,Javed Ahmadi,JR Hazlewood,0,1,1,,,,,,,,
656449,2014/15,2015-03-04,Western Australia Cricket Association Ground,2,5.4,Afghanistan,Australia,Usman Ghani,Javed Ahmadi,JR Hazlewood,1,0,,,,,,,,,
656449,2014/15,2015-03-04,Western Australia Cricket Association Ground,2,5.5,Afghanistan,Australia,Javed Ahmadi,Usman Ghani,JR Hazlewood,0,0,,,,,,,,,
656449,2014/15,2015-03-04,Western Australia Cricket Association Ground,2,5.6,Afghanistan,Australia,Javed Ahmadi,Usman Ghani,JR Hazlewood,0,0,,,,,,,,,
656449,2014/15,2015-03-04,Western Australia Cricket Association Ground,2,5.7,Afghanistan,Australia,Javed Ahmadi,Usman Ghani,JR Hazlewood,0,0,,,,,,,,,
656449,2014/15,2015-03-04,Western Australia Cricket Association Ground,2,5.8,Afghanistan,Australia,Javed Ahmadi,Usman Ghani,JR Hazlewood,0,0,,,,,,,,,
656449,2014/15,2015-03-04,Western Australia Cricket Association Ground,2,6.1,Afghanistan,Australia,Usman Ghani,Javed Ahmadi,MG Johnson,0,4,,,,4,,,,,
656449,2014/15,2015-03-04,Western Australia Cricket Association Ground,2,6.2,Afghanistan,Australia,Usman Ghani,Javed Ahmadi,MG Johnson,0,0,,,,,,,,,
656449,2014/15,2015-03-04,Western Australia Cricket Association Ground,2,6.3,Afghanistan,Australia,Usman Ghani,Javed Ahmadi,MG Johnson,0,1,1,,,,,,,,
656449,2014/15,2015-03-04,Western Australia Cricket Association Ground,2,6.4,Afghanistan,Australia,Usman Ghani,Javed Ahmadi,MG Johnson,0,0,,,,,,caught,Usman Ghani,,
656449,2014/15,2015-03-04,Western Australia Cricket Association Ground,2,6.5,Afghanistan,Australia,Nawroz Mangal,Javed Ahmadi,MG Johnson,0,0,,,,,,,,,
656449,2014/15,2015-03-04,Western Australia Cricket Association Ground,2,6.6,Afghanistan,Australia,Nawroz Mangal,Javed Ahmadi,MG Johnson,0,0,,,,,,,,,
656449,2014/15,2015-03-04,Western Australia Cricket Association Ground,2,6.7,Afghanistan,Australia,Nawroz Mangal,Javed Ahmadi,MG Johnson,0,0,,,,,,,,,
656449,2014/15,2015-03-04,Western Australia Cricket Association Ground,2,7.1,Afghanistan,Australia,Javed Ahmadi,Nawroz Mangal,JR Hazlewood,2,0,,,,,,,,,
656449,2014/15,2015-03-04,Western Australia Cricket Association Ground,2,7.2,Afghanistan,Australia,Javed Ahmadi,Nawroz Mangal,JR Hazlewood,0,0,,,,,,,,,
656449,2014/15,2015-03-04,Western Australia Cricket Association Ground,2,7.3,Afghanistan,Australia,Javed Ahmadi,Nawroz Mangal,JR Hazlewood,0,0,,,,,,,,,
656449,2014/15,2015-03-04,Western Australia Cricket Association Ground,2,7.4,Afghanistan,Australia,Javed Ahmadi,Nawroz Mangal,JR Hazlewood,0,0,,,,,,caught,Javed Ahmadi,,
656449,2014/15,2015-03-04,Western Australia Cricket Association Ground,2,7.5,Afghanistan,Australia,Asghar Stanikzai,Nawroz Mangal,JR Hazlewood,0,0,,,,,,,,,
656449,2014/15,2015-03-04,Western Australia Cricket Association Ground,2,7.6,Afghanistan,Australia,Asghar Stanikzai,Nawroz Mangal,JR Hazlewood,0,1,,,,1,,,,,
656449,2014/15,2015-03-04,Western Australia Cricket Association Ground,2,8.1,Afghanistan,Australia,Asghar Stanikzai,Nawroz Mangal,MG Johnson,0,0,,,,,,,,,
656449,2014/15,2015-03-04,Western Australia Cricket Association Ground,2,8.2,Afghanistan,Australia,Asghar Stanikzai,Nawroz Mangal,MG Johnson,0,0,,,,,,,,,
656449,2014/15,2015-03-04,Western Australia Cricket Association Ground,2,8.3,Afghanistan,Australia,Asghar Stanikzai,Nawroz Mangal,MG Johnson,2,0,,,,,,,,,
656449,2014/15,2015-03-04,Western Australia Cricket Association Ground,2,8.4,Afghanistan,Australia,Asghar Stanikzai,Nawroz Mangal,MG Johnson,0,0,,,,,,,,,
656449,2014/15,2015-03-04,Western Australia Cricket Association Ground,2,8.5,Afghanistan,Australia,Asghar Stanikzai,Nawroz Mangal,MG Johnson,0,0,,,,,,,,,
656449,2014/15,2015-03-04,Western Australia Cricket Association Ground,2,8.6,Afghanistan,Australia,Asghar Stanikzai,Nawroz Mangal,MG Johnson,0,1,1,,,,,,,,
656449,2014/15,2015-03-04,Western Australia Cricket Association Ground,2,8.7,Afghanistan,Australia,Asghar Stanikzai,Nawroz Mangal,MG Johnson,0,0,,,,,,,,,
656449,2014/15,2015-03-04,Western Australia Cricket Association Ground,2,9.1,Afghanistan,Australia,Nawroz Mangal,Asghar Stanikzai,JR Hazlewood,0,0,,,,,,,,,
656449,2014/15,2015-03-04,Western Australia Cricket Association Ground,2,9.2,Afghanistan,Australia,Nawroz Mangal,Asghar Stanikzai,JR Hazlewood,0,0,,,,,,,,,
656449,2014/15,2015-03-04,Western Australia Cricket Association Ground,2,9.3,Afghanistan,Australia,Nawroz Mangal,Asghar Stanikzai,JR Hazlewood,0,0,,,,,,,,,
656449,2014/15,2015-03-04,Western Australia Cricket Association Ground,2,9.4,Afghanistan,Australia,Nawroz Mangal,Asghar Stanikzai,JR Hazlewood,4,0,,,,,,,,,
656449,2014/15,2015-03-04,Western Australia Cricket Association Ground,2,9.5,Afghanistan,Australia,Nawroz Mangal,Asghar Stanikzai,JR Hazlewood,4,0,,,,,,,,,
656449,2014/15,2015-03-04,Western Australia Cricket Association Ground,2,9.6,Afghanistan,Australia,Nawroz Mangal,Asghar Stanikzai,JR Hazlewood,0,0,,,,,,,,,
656449,2014/15,2015-03-04,Western Australia Cricket Association Ground,2,10.1,Afghanistan,Australia,Asghar Stanikzai,Nawroz Mangal,MG Johnson,2,0,,,,,,,,,
656449,2014/15,2015-03-04,Western Australia Cricket Association Ground,2,10.2,Afghanistan,Australia,Asghar Stanikzai,Nawroz Mangal,MG Johnson,0,0,,,,,,caught,Asghar Stanikzai,,
656449,2014/15,2015-03-04,Western Australia Cricket Association Ground,2,10.3,Afghanistan,Australia,Nawroz Mangal,Samiullah Shenwari,MG Johnson,0,0,,,,,,,,,
656449,2014/15,2015-03-04,Western Australia Cricket Association Ground,2,10.4,Afghanistan,Australia,Nawroz Mangal,Samiullah Shenwari,MG Johnson,0,0,,,,,,,,,
656449,2014/15,2015-03-04,Western Australia Cricket Association Ground,2,10.5,Afghanistan,Australia,Nawroz Mangal,Samiullah Shenwari,MG Johnson,0,0,,,,,,,,,
656449,2014/15,2015-03-04,Western Australia Cricket Association Ground,2,10.6,Afghanistan,Australia,Nawroz Mangal,Samiullah Shenwari,MG Johnson,0,0,,,,,,,,,
656449,2014/15,2015-03-04,Western Australia Cricket Association Ground,2,11.1,Afghanistan,Australia,Samiullah Shenwari,Nawroz Mangal,MJ Clarke,1,0,,,,,,,,,
656449,2014/15,2015-03-04,Western Australia Cricket Association Ground,2,11.2,Afghanistan,Australia,Nawroz Mangal,Samiullah Shenwari,MJ Clarke,1,0,,,,,,,,,
656449,2014/15,2015-03-04,Western Australia Cricket Association Ground,2,11.3,Afghanistan,Australia,Samiullah Shenwari,Nawroz Mangal,MJ Clarke,0,0,,,,,,,,,
656449,2014/15,2015-03-04,Western Australia Cricket Association Ground,2,11.4,Afghanistan,Australia,Samiullah Shenwari,Nawroz Mangal,MJ Clarke,0,0,,,,,,,,,
656449,2014/15,2015-03-04,Western Australia Cricket Association Ground,2,11.5,Afghanistan,Australia,Samiullah Shenwari,Nawroz Mangal,MJ Clarke,0,0,,,,,,,,,
656449,2014/15,2015-03-04,Western Australia Cricket Association Ground,2,11.6,Afghanistan,Australia,Samiullah Shenwari,Nawroz Mangal,MJ Clarke,0,0,,,,,,,,,
656449,2014/15,2015-03-04,Western Australia Cricket Association Ground,2,12.1,Afghanistan,Australia,Nawroz Mangal,Samiullah Shenwari,MR Marsh,0,0,,,,,,,,,
656449,2014/15,2015-03-04,Western Australia Cricket Association Ground,2,12.2,Afghanistan,Australia,Nawroz Mangal,Samiullah Shenwari,MR Marsh,0,0,,,,,,,,,
656449,2014/15,2015-03-04,Western Australia Cricket Association Ground,2,12.3,Afghanistan,Australia,Nawroz Mangal,Samiullah Shenwari,MR Marsh,6,0,,,,,,,,,
656449,2014/15,2015-03-04,Western Australia Cricket Association Ground,2,12.4,Afghanistan,Australia,Nawroz Mangal,Samiullah Shenwari,MR Marsh,6,0,,,,,,,,,
656449,2014/15,2015-03-04,Western Australia Cricket Association Ground,2,12.5,Afghanistan,Australia,Nawroz Mangal,Samiullah Shenwari,MR Marsh,3,0,,,,,,,,,
656449,2014/15,2015-03-04,Western Australia Cricket Association Ground,2,12.6,Afghanistan,Australia,Samiullah Shenwari,Nawroz Mangal,MR Marsh,0,4,,,4,,,,,,
656449,2014/15,2015-03-04,Western Australia Cricket Association Ground,2,13.1,Afghanistan,Australia,Nawroz Mangal,Samiullah Shenwari,MJ Clarke,1,0,,,,,,,,,
656449,2014/15,2015-03-04,Western Australia Cricket Association Ground,2,13.2,Afghanistan,Australia,Samiullah Shenwari,Nawroz Mangal,MJ Clarke,1,0,,,,,,,,,
656449,2014/15,2015-03-04,Western Australia Cricket Association Ground,2,13.3,Afghanistan,Australia,Nawroz Mangal,Samiullah Shenwari,MJ Clarke,0,0,,,,,,,,,
656449,2014/15,2015-03-04,Western Australia Cricket Association Ground,2,13.4,Afghanistan,Australia,Nawroz Mangal,Samiullah Shenwari,MJ Clarke,2,0,,,,,,,,,
656449,2014/15,2015-03-04,Western Australia Cricket Association Ground,2,13.5,Afghanistan,Australia,Nawroz Mangal,Samiullah Shenwari,MJ Clarke,0,0,,,,,,,,,
656449,2014/15,2015-03-04,Western Australia Cricket Association Ground,2,13.6,Afghanistan,Australia,Nawroz Mangal,Samiullah Shenwari,MJ Clarke,0,0,,,,,,,,,
656449,2014/15,2015-03-04,Western Australia Cricket Association Ground,2,14.1,Afghanistan,Australia,Samiullah Shenwari,Nawroz Mangal,MR Marsh,0,0,,,,,,,,,
656449,2014/15,2015-03-04,Western Australia Cricket Association Ground,2,14.2,Afghanistan,Australia,Samiullah Shenwari,Nawroz Mangal,MR Marsh,1,0,,,,,,,,,
656449,2014/15,2015-03-04,Western Australia Cricket Association Ground,2,14.3,Afghanistan,Australia,Nawroz Mangal,Samiullah Shenwari,MR Marsh,0,0,,,,,,,,,
656449,2014/15,2015-03-04,Western Australia Cricket Association Ground,2,14.4,Afghanistan,Australia,Nawroz Mangal,Samiullah Shenwari,MR Marsh,1,0,,,,,,,,,
656449,2014/15,2015-03-04,Western Australia Cricket Association Ground,2,14.5,Afghanistan,Australia,Samiullah Shenwari,Nawroz Mangal,MR Marsh,4,0,,,,,,,,,
656449,2014/15,2015-03-04,Western Australia Cricket Association Ground,2,14.6,Afghanistan,Australia,Samiullah Shenwari,Nawroz Mangal,MR Marsh,0,1,1,,,,,,,,
656449,2014/15,2015-03-04,Western Australia Cricket Association Ground,2,14.7,Afghanistan,Australia,Samiullah Shenwari,Nawroz Mangal,MR Marsh,0,0,,,,,,,,,
656449,2014/15,2015-03-04,Western Australia Cricket Association Ground,2,15.1,Afghanistan,Australia,Nawroz Mangal,Samiullah Shenwari,MJ Clarke,1,0,,,,,,,,,
656449,2014/15,2015-03-04,Western Australia Cricket Association Ground,2,15.2,Afghanistan,Australia,Samiullah Shenwari,Nawroz Mangal,MJ Clarke,0,0,,,,,,,,,
656449,2014/15,2015-03-04,Western Australia Cricket Association Ground,2,15.3,Afghanistan,Australia,Samiullah Shenwari,Nawroz Mangal,MJ Clarke,0,0,,,,,,,,,
656449,2014/15,2015-03-04,Western Australia Cricket Association Ground,2,15.4,Afghanistan,Australia,Samiullah Shenwari,Nawroz Mangal,MJ Clarke,0,0,,,,,,,,,
656449,2014/15,2015-03-04,Western Australia Cricket Association Ground,2,15.5,Afghanistan,Australia,Samiullah Shenwari,Nawroz Mangal,MJ Clarke,1,0,,,,,,,,,
656449,2014/15,2015-03-04,Western Australia Cricket Association Ground,2,15.6,Afghanistan,Australia,Nawroz Mangal,Samiullah Shenwari,MJ Clarke,2,0,,,,,,,,,
656449,2014/15,2015-03-04,Western Australia Cricket Association Ground,2,16.1,Afghanistan,Australia,Samiullah Shenwari,Nawroz Mangal,MR Marsh,2,0,,,,,,,,,
656449,2014/15,2015-03-04,Western Australia Cricket Association Ground,2,16.2,Afghanistan,Australia,Samiullah Shenwari,Nawroz Mangal,MR Marsh,0,0,,,,,,,,,
656449,2014/15,2015-03-04,Western Australia Cricket Association Ground,2,16.3,Afghanistan,Australia,Samiullah Shenwari,Nawroz Mangal,MR Marsh,0,0,,,,,,,,,
656449,2014/15,2015-03-04,Western Australia Cricket Association Ground,2,16.4,Afghanistan,Australia,Samiullah Shenwari,Nawroz Mangal,MR Marsh,0,0,,,,,,,,,
656449,2014/15,2015-03-04,Western Australia Cricket Association Ground,2,16.5,Afghanistan,Australia,Samiullah Shenwari,Nawroz Mangal,MR Marsh,1,0,,,,,,,,,
656449,2014/15,2015-03-04,Western Australia Cricket Association Ground,2,16.6,Afghanistan,Australia,Nawroz Mangal,Samiullah Shenwari,MR Marsh,0,0,,,,,,,,,
656449,2014/15,2015-03-04,Western Australia Cricket Association Ground,2,17.1,Afghanistan,Australia,Samiullah Shenwari,Nawroz Mangal,MJ Clarke,1,0,,,,,,,,,
656449,2014/15,2015-03-04,Western Australia Cricket Association Ground,2,17.2,Afghanistan,Australia,Nawroz Mangal,Samiullah Shenwari,MJ Clarke,0,0,,,,,,,,,
656449,2014/15,2015-03-04,Western Australia Cricket Association Ground,2,17.3,Afghanistan,Australia,Nawroz Mangal,Samiullah Shenwari,MJ Clarke,0,0,,,,,,,,,
656449,2014/15,2015-03-04,Western Australia Cricket Association Ground,2,17.4,Afghanistan,Australia,Nawroz Mangal,Samiullah Shenwari,MJ Clarke,1,0,,,,,,,,,
656449,2014/15,2015-03-04,Western Australia Cricket Association Ground,2,17.5,Afghanistan,Australia,Samiullah Shenwari,Nawroz Mangal,MJ Clarke,0,0,,,,,,,,,
656449,2014/15,2015-03-04,Western Australia Cricket Association Ground,2,17.6,Afghanistan,Australia,Samiullah Shenwari,Nawroz Mangal,MJ Clarke,1,0,,,,,,,,,
656449,2014/15,2015-03-04,Western Australia Cricket Association Ground,2,18.1,Afghanistan,Australia,Samiullah Shenwari,Nawroz Mangal,MG Johnson,0,1,1,,,,,,,,
656449,2014/15,2015-03-04,Western Australia Cricket Association Ground,2,18.2,Afghanistan,Australia,Samiullah Shenwari,Nawroz Mangal,MG Johnson,0,0,,,,,,,,,
656449,2014/15,2015-03-04,Western Australia Cricket Association Ground,2,18.3,Afghanistan,Australia,Samiullah Shenwari,Nawroz Mangal,MG Johnson,0,0,,,,,,,,,
656449,2014/15,2015-03-04,Western Australia Cricket Association Ground,2,18.4,Afghanistan,Australia,Samiullah Shenwari,Nawroz Mangal,MG Johnson,0,0,,,,,,,,,
656449,2014/15,2015-03-04,Western Australia Cricket Association Ground,2,18.5,Afghanistan,Australia,Samiullah Shenwari,Nawroz Mangal,MG Johnson,0,0,,,,,,,,,
656449,2014/15,2015-03-04,Western Australia Cricket Association Ground,2,18.6,Afghanistan,Australia,Samiullah Shenwari,Nawroz Mangal,MG Johnson,0,0,,,,,,,,,
656449,2014/15,2015-03-04,Western Australia Cricket Association Ground,2,18.7,Afghanistan,Australia,Samiullah Shenwari,Nawroz Mangal,MG Johnson,4,0,,,,,,,,,
656449,2014/15,2015-03-04,Western Australia Cricket Association Ground,2,19.1,Afghanistan,Australia,Nawroz Mangal,Samiullah Shenwari,MJ Clarke,0,0,,,,,,,,,
656449,2014/15,2015-03-04,Western Australia Cricket Association Ground,2,19.2,Afghanistan,Australia,Nawroz Mangal,Samiullah Shenwari,MJ Clarke,1,0,,,,,,,,,
656449,2014/15,2015-03-04,Western Australia Cricket Association Ground,2,19.3,Afghanistan,Australia,Samiullah Shenwari,Nawroz Mangal,MJ Clarke,0,0,,,,,,,,,
656449,2014/15,2015-03-04,Western Australia Cricket Association Ground,2,19.4,Afghanistan,Australia,Samiullah Shenwari,Nawroz Mangal,MJ Clarke,0,0,,,,,,caught,Samiullah Shenwari,,
656449,2014/15,2015-03-04,Western Australia Cricket Association Ground,2,19.5,Afghanistan,Australia,Mohammad Nabi,Nawroz Mangal,MJ Clarke,0,0,,,,,,,,,
656449,2014/15,2015-03-04,Western Australia Cricket Association Ground,2,19.6,Afghanistan,Australia,Mohammad Nabi,Nawroz Mangal,MJ Clarke,0,0,,,,,,,,,
656449,2014/15,2015-03-04,Western Australia Cricket Association Ground,2,20.1,Afghanistan,Australia,Nawroz Mangal,Mohammad Nabi,MG Johnson,0,0,,,,,,caught,Nawroz Mangal,,
656449,2014/15,2015-03-04,Western Australia Cricket Association Ground,2,20.2,Afghanistan,Australia,Najibullah Zadran,Mohammad Nabi,MG Johnson,0,0,,,,,,,,,
656449,2014/15,2015-03-04,Western Australia Cricket Association Ground,2,20.3,Afghanistan,Australia,Najibullah Zadran,Mohammad Nabi,MG Johnson,0,0,,,,,,,,,
656449,2014/15,2015-03-04,Western Australia Cricket Association Ground,2,20.4,Afghanistan,Australia,Najibullah Zadran,Mohammad Nabi,MG Johnson,0,1,1,,,,,,,,
656449,2014/15,2015-03-04,Western Australia Cricket Association Ground,2,20.5,Afghanistan,Australia,Najibullah Zadran,Mohammad Nabi,MG Johnson,1,0,,,,,,,,,
656449,2014/15,2015-03-04,Western Australia Cricket Association Ground,2,20.6,Afghanistan,Australia,Mohammad Nabi,Najibullah Zadran,MG Johnson,0,0,,,,,,,,,
656449,2014/15,2015-03-04,Western Australia Cricket Association Ground,2,20.7,Afghanistan,Australia,Mohammad Nabi,Najibullah Zadran,MG Johnson,0,0,,,,,,,,,
656449,2014/15,2015-03-04,Western Australia Cricket Association Ground,2,21.1,Afghanistan,Australia,Najibullah Zadran,Mohammad Nabi,JP Faulkner,0,0,,,,,,,,,
656449,2014/15,2015-03-04,Western Australia Cricket Association Ground,2,21.2,Afghanistan,Australia,Najibullah Zadran,Mohammad Nabi,JP Faulkner,0,0,,,,,,,,,
656449,2014/15,2015-03-04,Western Australia Cricket Association Ground,2,21.3,Afghanistan,Australia,Najibullah Zadran,Mohammad Nabi,JP Faulkner,0,0,,,,,,,,,
656449,2014/15,2015-03-04,Western Australia Cricket Association Ground,2,21.4,Afghanistan,Australia,Najibullah Zadran,Mohammad Nabi,JP Faulkner,0,0,,,,,,,,,
656449,2014/15,2015-03-04,Western Australia Cricket Association Ground,2,21.5,Afghanistan,Australia,Najibullah Zadran,Mohammad Nabi,JP Faulkner,1,0,,,,,,,,,
656449,2014/15,2015-03-04,Western Australia Cricket Association Ground,2,21.6,Afghanistan,Australia,Mohammad Nabi,Najibullah Zadran,JP Faulkner,0,0,,,,,,,,,
656449,2014/15,2015-03-04,Western Australia Cricket Association Ground,2,22.1,Afghanistan,Australia,Najibullah Zadran,Mohammad Nabi,MG Johnson,1,0,,,,,,,,,
656449,2014/15,2015-03-04,Western Australia Cricket Association Ground,2,22.2,Afghanistan,Australia,Mohammad Nabi,Najibullah Zadran,MG Johnson,1,0,,,,,,,,,
656449,2014/15,2015-03-04,Western Australia Cricket Association Ground,2,22.3,Afghanistan,Australia,Najibullah Zadran,Mohammad Nabi,MG Johnson,0,0,,,,,,,,,
656449,2014/15,2015-03-04,Western Australia Cricket Association Ground,2,22.4,Afghanistan,Australia,Najibullah Zadran,Mohammad Nabi,MG Johnson,0,1,1,,,,,,,,
656449,2014/15,2015-03-04,Western Australia Cricket Association Ground,2,22.5,Afghanistan,Australia,Najibullah Zadran,Mohammad Nabi,MG Johnson,0,0,,,,,,,,,
656449,2014/15,2015-03-04,Western Australia Cricket Association Ground,2,22.6,Afghanistan,Australia,Najibullah Zadran,Mohammad Nabi,MG Johnson,2,0,,,,,,,,,
656449,2014/15,2015-03-04,Western Australia Cricket Association Ground,2,22.7,Afghanistan,Australia,Najibullah Zadran,Mohammad Nabi,MG Johnson,0,0,,,,,,,,,
656449,2014/15,2015-03-04,Western Australia Cricket Association Ground,2,23.1,Afghanistan,Australia,Mohammad Nabi,Najibullah Zadran,JP Faulkner,0,0,,,,,,,,,
656449,2014/15,2015-03-04,Western Australia Cricket Association Ground,2,23.2,Afghanistan,Australia,Mohammad Nabi,Najibullah Zadran,JP Faulkner,1,0,,,,,,,,,
656449,2014/15,2015-03-04,Western Australia Cricket Association Ground,2,23.3,Afghanistan,Australia,Najibullah Zadran,Mohammad Nabi,JP Faulkner,0,0,,,,,,,,,
656449,2014/15,2015-03-04,Western Australia Cricket Association Ground,2,23.4,Afghanistan,Australia,Najibullah Zadran,Mohammad Nabi,JP Faulkner,0,0,,,,,,,,,
656449,2014/15,2015-03-04,Western Australia Cricket Association Ground,2,23.5,Afghanistan,Australia,Najibullah Zadran,Mohammad Nabi,JP Faulkner,0,0,,,,,,,,,
656449,2014/15,2015-03-04,Western Australia Cricket Association Ground,2,23.6,Afghanistan,Australia,Najibullah Zadran,Mohammad Nabi,JP Faulkner,0,0,,,,,,,,,
656449,2014/15,2015-03-04,Western Australia Cricket Association Ground,2,24.1,Afghanistan,Australia,Mohammad Nabi,Najibullah Zadran,GJ Maxwell,0,0,,,,,,,,,
656449,2014/15,2015-03-04,Western Australia Cricket Association Ground,2,24.2,Afghanistan,Australia,Mohammad Nabi,Najibullah Zadran,GJ Maxwell,0,0,,,,,,caught,Mohammad Nabi,,
656449,2014/15,2015-03-04,Western Australia Cricket Association Ground,2,24.3,Afghanistan,Australia,Afsar Zazai,Najibullah Zadran,GJ Maxwell,0,0,,,,,,,,,
656449,2014/15,2015-03-04,Western Australia Cricket Association Ground,2,24.4,Afghanistan,Australia,Afsar Zazai,Najibullah Zadran,GJ Maxwell,0,0,,,,,,,,,
656449,2014/15,2015-03-04,Western Australia Cricket Association Ground,2,24.5,Afghanistan,Australia,Afsar Zazai,Najibullah Zadran,GJ Maxwell,0,0,,,,,,,,,
656449,2014/15,2015-03-04,Western Australia Cricket Association Ground,2,24.6,Afghanistan,Australia,Afsar Zazai,Najibullah Zadran,GJ Maxwell,0,0,,,,,,,,,
656449,2014/15,2015-03-04,Western Australia Cricket Association Ground,2,25.1,Afghanistan,Australia,Najibullah Zadran,Afsar Zazai,JP Faulkner,0,0,,,,,,,,,
656449,2014/15,2015-03-04,Western Australia Cricket Association Ground,2,25.2,Afghanistan,Australia,Najibullah Zadran,Afsar Zazai,JP Faulkner,1,0,,,,,,,,,
656449,2014/15,2015-03-04,Western Australia Cricket Association Ground,2,25.3,Afghanistan,Australia,Afsar Zazai,Najibullah Zadran,JP Faulkner,0,0,,,,,,,,,
656449,2014/15,2015-03-04,Western Australia Cricket Association Ground,2,25.4,Afghanistan,Australia,Afsar Zazai,Najibullah Zadran,JP Faulkner,0,0,,,,,,,,,
656449,2014/15,2015-03-04,Western Australia Cricket Association Ground,2,25.5,Afghanistan,Australia,Afsar Zazai,Najibullah Zadran,JP Faulkner,0,0,,,,,,,,,
656449,2014/15,2015-03-04,Western Australia Cricket Association Ground,2,25.6,Afghanistan,Australia,Afsar Zazai,Najibullah Zadran,JP Faulkner,1,0,,,,,,,,,
656449,2014/15,2015-03-04,Western Australia Cricket Association Ground,2,26.1,Afghanistan,Australia,Afsar Zazai,Najibullah Zadran,GJ Maxwell,1,0,,,,,,,,,
656449,2014/15,2015-03-04,Western Australia Cricket Association Ground,2,26.2,Afghanistan,Australia,Najibullah Zadran,Afsar Zazai,GJ Maxwell,0,0,,,,,,,,,
656449,2014/15,2015-03-04,Western Australia Cricket Association Ground,2,26.3,Afghanistan,Australia,Najibullah Zadran,Afsar Zazai,GJ Maxwell,2,0,,,,,,,,,
656449,2014/15,2015-03-04,Western Australia Cricket Association Ground,2,26.4,Afghanistan,Australia,Najibullah Zadran,Afsar Zazai,GJ Maxwell,1,0,,,,,,,,,
656449,2014/15,2015-03-04,Western Australia Cricket Association Ground,2,26.5,Afghanistan,Australia,Afsar Zazai,Najibullah Zadran,GJ Maxwell,3,0,,,,,,,,,
656449,2014/15,2015-03-04,Western Australia Cricket Association Ground,2,26.6,Afghanistan,Australia,Najibullah Zadran,Afsar Zazai,GJ Maxwell,4,0,,,,,,,,,
656449,2014/15,2015-03-04,Western Australia Cricket Association Ground,2,27.1,Afghanistan,Australia,Afsar Zazai,Najibullah Zadran,JP Faulkner,0,0,,,,,,,,,
656449,2014/15,2015-03-04,Western Australia Cricket Association Ground,2,27.2,Afghanistan,Australia,Afsar Zazai,Najibullah Zadran,JP Faulkner,0,0,,,,,,,,,
656449,2014/15,2015-03-04,Western Australia Cricket Association Ground,2,27.3,Afghanistan,Australia,Afsar Zazai,Najibullah Zadran,JP Faulkner,2,0,,,,,,,,,
656449,2014/15,2015-03-04,Western Australia Cricket Association Ground,2,27.4,Afghanistan,Australia,Afsar Zazai,Najibullah Zadran,JP Faulkner,0,0,,,,,,,,,
656449,2014/15,2015-03-04,Western Australia Cricket Association Ground,2,27.5,Afghanistan,Australia,Afsar Zazai,Najibullah Zadran,JP Faulkner,0,1,,1,,,,,,,
656449,2014/15,2015-03-04,Western Australia Cricket Association Ground,2,27.6,Afghanistan,Australia,Afsar Zazai,Najibullah Zadran,JP Faulkner,0,1,1,,,,,,,,
656449,2014/15,2015-03-04,Western Australia Cricket Association Ground,2,27.7,Afghanistan,Australia,Afsar Zazai,Najibullah Zadran,JP Faulkner,0,0,,,,,,,,,
656449,2014/15,2015-03-04,Western Australia Cricket Association Ground,2,27.8,Afghanistan,Australia,Afsar Zazai,Najibullah Zadran,JP Faulkner,0,0,,,,,,,,,
656449,2014/15,2015-03-04,Western Australia Cricket Association Ground,2,28.1,Afghanistan,Australia,Najibullah Zadran,Afsar Zazai,GJ Maxwell,1,0,,,,,,,,,
656449,2014/15,2015-03-04,Western Australia Cricket Association Ground,2,28.2,Afghanistan,Australia,Afsar Zazai,Najibullah Zadran,GJ Maxwell,0,0,,,,,,,,,
656449,2014/15,2015-03-04,Western Australia Cricket Association Ground,2,28.3,Afghanistan,Australia,Afsar Zazai,Najibullah Zadran,GJ Maxwell,0,0,,,,,,,,,
656449,2014/15,2015-03-04,Western Australia Cricket Association Ground,2,28.4,Afghanistan,Australia,Afsar Zazai,Najibullah Zadran,GJ Maxwell,0,0,,,,,,,,,
656449,2014/15,2015-03-04,Western Australia Cricket Association Ground,2,28.5,Afghanistan,Australia,Afsar Zazai,Najibullah Zadran,GJ Maxwell,0,0,,,,,,,,,
656449,2014/15,2015-03-04,Western Australia Cricket Association Ground,2,28.6,Afghanistan,Australia,Afsar Zazai,Najibullah Zadran,GJ Maxwell,0,0,,,,,,,,,
656449,2014/15,2015-03-04,Western Australia Cricket Association Ground,2,29.1,Afghanistan,Australia,Najibullah Zadran,Afsar Zazai,MA Starc,0,0,,,,,,,,,
656449,2014/15,2015-03-04,Western Australia Cricket Association Ground,2,29.2,Afghanistan,Australia,Najibullah Zadran,Afsar Zazai,MA Starc,1,0,,,,,,,,,
656449,2014/15,2015-03-04,Western Australia Cricket Association Ground,2,29.3,Afghanistan,Australia,Afsar Zazai,Najibullah Zadran,MA Starc,0,0,,,,,,,,,
656449,2014/15,2015-03-04,Western Australia Cricket Association Ground,2,29.4,Afghanistan,Australia,Afsar Zazai,Najibullah Zadran,MA Starc,0,0,,,,,,,,,
656449,2014/15,2015-03-04,Western Australia Cricket Association Ground,2,29.5,Afghanistan,Australia,Afsar Zazai,Najibullah Zadran,MA Starc,0,0,,,,,,,,,
656449,2014/15,2015-03-04,Western Australia Cricket Association Ground,2,29.6,Afghanistan,Australia,Afsar Zazai,Najibullah Zadran,MA Starc,0,0,,,,,,,,,
656449,2014/15,2015-03-04,Western Australia Cricket Association Ground,2,30.1,Afghanistan,Australia,Najibullah Zadran,Afsar Zazai,GJ Maxwell,0,0,,,,,,,,,
656449,2014/15,2015-03-04,Western Australia Cricket Association Ground,2,30.2,Afghanistan,Australia,Najibullah Zadran,Afsar Zazai,GJ Maxwell,2,0,,,,,,,,,
656449,2014/15,2015-03-04,Western Australia Cricket Association Ground,2,30.3,Afghanistan,Australia,Najibullah Zadran,Afsar Zazai,GJ Maxwell,6,0,,,,,,,,,
656449,2014/15,2015-03-04,Western Australia Cricket Association Ground,2,30.4,Afghanistan,Australia,Najibullah Zadran,Afsar Zazai,GJ Maxwell,1,0,,,,,,,,,
656449,2014/15,2015-03-04,Western Australia Cricket Association Ground,2,30.5,Afghanistan,Australia,Afsar Zazai,Najibullah Zadran,GJ Maxwell,0,0,,,,,,,,,
656449,2014/15,2015-03-04,Western Australia Cricket Association Ground,2,30.6,Afghanistan,Australia,Afsar Zazai,Najibullah Zadran,GJ Maxwell,0,0,,,,,,,,,
656449,2014/15,2015-03-04,Western Australia Cricket Association Ground,2,31.1,Afghanistan,Australia,Najibullah Zadran,Afsar Zazai,MA Starc,0,0,,,,,,bowled,Najibullah Zadran,,
656449,2014/15,2015-03-04,Western Australia Cricket Association Ground,2,31.2,Afghanistan,Australia,Dawlat Zadran,Afsar Zazai,MA Starc,0,0,,,,,,,,,
656449,2014/15,2015-03-04,Western Australia Cricket Association Ground,2,31.3,Afghanistan,Australia,Dawlat Zadran,Afsar Zazai,MA Starc,0,0,,,,,,,,,
656449,2014/15,2015-03-04,Western Australia Cricket Association Ground,2,31.4,Afghanistan,Australia,Dawlat Zadran,Afsar Zazai,MA Starc,0,0,,,,,,,,,
656449,2014/15,2015-03-04,Western Australia Cricket Association Ground,2,31.5,Afghanistan,Australia,Dawlat Zadran,Afsar Zazai,MA Starc,0,0,,,,,,bowled,Dawlat Zadran,,
656449,2014/15,2015-03-04,Western Australia Cricket Association Ground,2,31.6,Afghanistan,Australia,Hamid Hassan,Afsar Zazai,MA Starc,1,0,,,,,,,,,
656449,2014/15,2015-03-04,Western Australia Cricket Association Ground,2,32.1,Afghanistan,Australia,Hamid Hassan,Afsar Zazai,JR Hazlewood,0,0,,,,,,,,,
656449,2014/15,2015-03-04,Western Australia Cricket Association Ground,2,32.2,Afghanistan,Australia,Hamid Hassan,Afsar Zazai,JR Hazlewood,1,0,,,,,,,,,
656449,2014/15,2015-03-04,Western Australia Cricket Association Ground,2,32.3,Afghanistan,Australia,Afsar Zazai,Hamid Hassan,JR Hazlewood,1,0,,,,,,,,,
656449,2014/15,2015-03-04,Western Australia Cricket Association Ground,2,32.4,Afghanistan,Australia,Hamid Hassan,Afsar Zazai,JR Hazlewood,0,0,,,,,,,,,
656449,2014/15,2015-03-04,Western Australia Cricket Association Ground,2,32.5,Afghanistan,Australia,Hamid Hassan,Afsar Zazai,JR Hazlewood,0,0,,,,,,,,,
656449,2014/15,2015-03-04,Western Australia Cricket Association Ground,2,32.6,Afghanistan,Australia,Hamid Hassan,Afsar Zazai,JR Hazlewood,1,0,,,,,,,,,
656449,2014/15,2015-03-04,Western Australia Cricket Association Ground,2,33.1,Afghanistan,Australia,Hamid Hassan,Afsar Zazai,MA Starc,0,0,,,,,,,,,
656449,2014/15,2015-03-04,Western Australia Cricket Association Ground,2,33.2,Afghanistan,Australia,Hamid Hassan,Afsar Zazai,MA Starc,0,0,,,,,,,,,
656449,2014/15,2015-03-04,Western Australia Cricket Association Ground,2,33.3,Afghanistan,Australia,Hamid Hassan,Afsar Zazai,MA Starc,0,0,,,,,,,,,
656449,2014/15,2015-03-04,Western Australia Cricket Association Ground,2,33.4,Afghanistan,Australia,Hamid Hassan,Afsar Zazai,MA Starc,0,0,,,,,,,,,
656449,2014/15,2015-03-04,Western Australia Cricket Association Ground,2,33.5,Afghanistan,Australia,Hamid Hassan,Afsar Zazai,MA Starc,1,0,,,,,,,,,
656449,2014/15,2015-03-04,Western Australia Cricket Association Ground,2,33.6,Afghanistan,Australia,Afsar Zazai,Hamid Hassan,MA Starc,1,0,,,,,,,,,
656449,2014/15,2015-03-04,Western Australia Cricket Association Ground,2,34.1,Afghanistan,Australia,Afsar Zazai,Hamid Hassan,JR Hazlewood,0,0,,,,,,,,,
656449,2014/15,2015-03-04,Western Australia Cricket Association Ground,2,34.2,Afghanistan,Australia,Afsar Zazai,Hamid Hassan,JR Hazlewood,0,0,,,,,,,,,
656449,2014/15,2015-03-04,Western Australia Cricket Association Ground,2,34.3,Afghanistan,Australia,Afsar Zazai,Hamid Hassan,JR Hazlewood,0,0,,,,,,,,,
656449,2014/15,2015-03-04,Western Australia Cricket Association Ground,2,34.4,Afghanistan,Australia,Afsar Zazai,Hamid Hassan,JR Hazlewood,0,0,,,,,,,,,
656449,2014/15,2015-03-04,Western Australia Cricket Association Ground,2,34.5,Afghanistan,Australia,Afsar Zazai,Hamid Hassan,JR Hazlewood,0,1,1,,,,,,,,
656449,2014/15,2015-03-04,Western Australia Cricket Association Ground,2,34.6,Afghanistan,Australia,Afsar Zazai,Hamid Hassan,JR Hazlewood,0,0,,,,,,,,,
656449,2014/15,2015-03-04,Western Australia Cricket Association Ground,2,34.7,Afghanistan,Australia,Afsar Zazai,Hamid Hassan,JR Hazlewood,0,0,,,,,,,,,
656449,2014/15,2015-03-04,Western Australia Cricket Association Ground,2,35.1,Afghanistan,Australia,Hamid Hassan,Afsar Zazai,MG Johnson,0,0,,,,,,,,,
656449,2014/15,2015-03-04,Western Australia Cricket Association Ground,2,35.2,Afghanistan,Australia,Hamid Hassan,Afsar Zazai,MG Johnson,0,0,,,,,,,,,
656449,2014/15,2015-03-04,Western Australia Cricket Association Ground,2,35.3,Afghanistan,Australia,Hamid Hassan,Afsar Zazai,MG Johnson,1,0,,,,,,,,,
656449,2014/15,2015-03-04,Western Australia Cricket Association Ground,2,35.4,Afghanistan,Australia,Afsar Zazai,Hamid Hassan,MG Johnson,0,0,,,,,,,,,
656449,2014/15,2015-03-04,Western Australia Cricket Association Ground,2,35.5,Afghanistan,Australia,Afsar Zazai,Hamid Hassan,MG Johnson,1,0,,,,,,,,,
656449,2014/15,2015-03-04,Western Australia Cricket Association Ground,2,35.6,Afghanistan,Australia,Hamid Hassan,Afsar Zazai,MG Johnson,0,0,,,,,,,,,
656449,2014/15,2015-03-04,Western Australia Cricket Association Ground,2,36.1,Afghanistan,Australia,Afsar Zazai,Hamid Hassan,JR Hazlewood,0,0,,,,,,,,,
656449,2014/15,2015-03-04,Western Australia Cricket Association Ground,2,36.2,Afghanistan,Australia,Afsar Zazai,Hamid Hassan,JR Hazlewood,0,0,,,,,,caught,Afsar Zazai,,
656449,2014/15,2015-03-04,Western Australia Cricket Association Ground,2,36.3,Afghanistan,Australia,Shapoor Zadran,Hamid Hassan,JR Hazlewood,0,0,,,,,,,,,
656449,2014/15,2015-03-04,Western Australia Cricket Association Ground,2,36.4,Afghanistan,Australia,Shapoor Zadran,Hamid Hassan,JR Hazlewood,0,0,,,,,,,,,
656449,2014/15,2015-03-04,Western Australia Cricket Association Ground,2,36.5,Afghanistan,Australia,Shapoor Zadran,Hamid Hassan,JR Hazlewood,0,0,,,,,,,,,
656449,2014/15,2015-03-04,Western Australia Cricket Association Ground,2,36.6,Afghanistan,Australia,Shapoor Zadran,Hamid Hassan,JR Hazlewood,0,0,,,,,,,,,
656449,2014/15,2015-03-04,Western Australia Cricket Association Ground,2,37.1,Afghanistan,Australia,Hamid Hassan,Shapoor Zadran,MG Johnson,0,0,,,,,,,,,
656449,2014/15,2015-03-04,Western Australia Cricket Association Ground,2,37.2,Afghanistan,Australia,Hamid Hassan,Shapoor Zadran,MG Johnson,2,0,,,,,,,,,
656449,2014/15,2015-03-04,Western Australia Cricket Association Ground,2,37.3,Afghanistan,Australia,Hamid Hassan,Shapoor Zadran,MG Johnson,0,0,,,,,,caught,Hamid Hassan,,
