match_id,season,start_date,venue,innings,ball,batting_team,bowling_team,striker,non_striker,bowler,runs_off_bat,extras,wides,noballs,byes,legbyes,penalty,wicket_type,player_dismissed,other_wicket_type,other_player_dismissed
656455,2014/15,2015-03-07,Eden Park,1,0.1,Pakistan,South Africa,Sarfraz Ahmed,Ahmed Shehzad,DW Steyn,0,0,,,,,,,,,
656455,2014/15,2015-03-07,Eden Park,1,0.2,Pakistan,South Africa,Sarfraz Ahmed,Ahmed Shehzad,DW Steyn,0,0,,,,,,,,,
656455,2014/15,2015-03-07,Eden Park,1,0.3,Pakistan,South Africa,Sarfraz Ahmed,Ahmed Shehzad,DW Steyn,0,0,,,,,,,,,
656455,2014/15,2015-03-07,Eden Park,1,0.4,Pakistan,South Africa,Sarfraz Ahmed,Ahmed Shehzad,DW Steyn,0,1,,,,1,,,,,
656455,2014/15,2015-03-07,Eden Park,1,0.5,Pakistan,South Africa,Ahmed Shehzad,Sarfraz Ahmed,DW Steyn,0,0,,,,,,,,,
656455,2014/15,2015-03-07,Eden Park,1,0.6,Pakistan,South Africa,Ahmed Shehzad,Sarfraz Ahmed,DW Steyn,0,0,,,,,,,,,
656455,2014/15,2015-03-07,Eden Park,1,1.1,Pakistan,South Africa,Sarfraz Ahmed,Ahmed Shehzad,KJ Abbott,0,0,,,,,,,,,
656455,2014/15,2015-03-07,Eden Park,1,1.2,Pakistan,South Africa,Sarfraz Ahmed,Ahmed Shehzad,KJ Abbott,4,0,,,,,,,,,
656455,2014/15,2015-03-07,Eden Park,1,1.3,Pakistan,South Africa,Sarfraz Ahmed,Ahmed Shehzad,KJ Abbott,0,0,,,,,,,,,
656455,2014/15,2015-03-07,Eden Park,1,1.4,Pakistan,South Africa,Sarfraz Ahmed,Ahmed Shehzad,KJ Abbott,0,0,,,,,,,,,
656455,2014/15,2015-03-07,Eden Park,1,1.5,Pakistan,South Africa,Sarfraz Ahmed,Ahmed Shehzad,KJ Abbott,2,0,,,,,,,,,
656455,2014/15,2015-03-07,Eden Park,1,1.6,Pakistan,South Africa,Sarfraz Ahmed,Ahmed Shehzad,KJ Abbott,0,0,,,,,,,,,
656455,2014/15,2015-03-07,Eden Park,1,2.1,Pakistan,South Africa,Ahmed Shehzad,Sarfraz Ahmed,DW Steyn,0,0,,,,,,,,,
656455,2014/15,2015-03-07,Eden Park,1,2.2,Pakistan,South Africa,Ahmed Shehzad,Sarfraz Ahmed,DW Steyn,0,0,,,,,,,,,
656455,2014/15,2015-03-07,Eden Park,1,2.3,Pakistan,South Africa,Ahmed Shehzad,Sarfraz Ahmed,DW Steyn,0,0,,,,,,,,,
656455,2014/15,2015-03-07,Eden Park,1,2.4,Pakistan,South Africa,Ahmed Shehzad,Sarfraz Ahmed,DW Steyn,0,0,,,,,,,,,
656455,2014/15,2015-03-07,Eden Park,1,2.5,Pakistan,South Africa,Ahmed Shehzad,Sarfraz Ahmed,DW Steyn,0,0,,,,,,,,,
656455,2014/15,2015-03-07,Eden Park,1,2.6,Pakistan,South Africa,Ahmed Shehzad,Sarfraz Ahmed,DW Steyn,0,0,,,,,,,,,
656455,2014/15,2015-03-07,Eden Park,1,3.1,Pakistan,South Africa,Sarfraz Ahmed,Ahmed Shehzad,KJ Abbott,1,0,,,,,,,,,
656455,2014/15,2015-03-07,Eden Park,1,3.2,Pakistan,South Africa,Ahmed Shehzad,Sarfraz Ahmed,KJ Abbott,0,0,,,,,,,,,
656455,2014/15,2015-03-07,Eden Park,1,3.3,Pakistan,South Africa,Ahmed Shehzad,Sarfraz Ahmed,KJ Abbott,4,0,,,,,,,,,
656455,2014/15,2015-03-07,Eden Park,1,3.4,Pakistan,South Africa,Ahmed Shehzad,Sarfraz Ahmed,KJ Abbott,0,0,,,,,,,,,
656455,2014/15,2015-03-07,Eden Park,1,3.5,Pakistan,South Africa,Ahmed Shehzad,Sarfraz Ahmed,KJ Abbott,0,0,,,,,,,,,
656455,2014/15,2015-03-07,Eden Park,1,3.6,Pakistan,South Africa,Ahmed Shehzad,Sarfraz Ahmed,KJ Abbott,0,0,,,,,,,,,
656455,2014/15,2015-03-07,Eden Park,1,4.1,Pakistan,South Africa,Sarfraz Ahmed,Ahmed Shehzad,DW Steyn,0,0,,,,,,,,,
656455,2014/15,2015-03-07,Eden Park,1,4.2,Pakistan,South Africa,Sarfraz Ahmed,Ahmed Shehzad,DW Steyn,1,0,,,,,,,,,
656455,2014/15,2015-03-07,Eden Park,1,4.3,Pakistan,South Africa,Ahmed Shehzad,Sarfraz Ahmed,DW Steyn,4,0,,,,,,,,,
656455,2014/15,2015-03-07,Eden Park,1,4.4,Pakistan,South Africa,Ahmed Shehzad,Sarfraz Ahmed,DW Steyn,0,0,,,,,,,,,
656455,2014/15,2015-03-07,Eden Park,1,4.5,Pakistan,South Africa,Ahmed Shehzad,Sarfraz Ahmed,DW Steyn,0,0,,,,,,,,,
656455,2014/15,2015-03-07,Eden Park,1,4.6,Pakistan,South Africa,Ahmed Shehzad,Sarfraz Ahmed,DW Steyn,0,0,,,,,,,,,
656455,2014/15,2015-03-07,Eden Park,1,5.1,Pakistan,South Africa,Sarfraz Ahmed,Ahmed Shehzad,M Morkel,0,0,,,,,,,,,
656455,2014/15,2015-03-07,Eden Park,1,5.2,Pakistan,South Africa,Sarfraz Ahmed,Ahmed Shehzad,M Morkel,0,0,,,,,,,,,
656455,2014/15,2015-03-07,Eden Park,1,5.3,Pakistan,South Africa,Sarfraz Ahmed,Ahmed Shehzad,M Morkel,1,0,,,,,,,,,
656455,2014/15,2015-03-07,Eden Park,1,5.4,Pakistan,South Africa,Ahmed Shehzad,Sarfraz Ahmed,M Morkel,0,0,,,,,,,,,
656455,2014/15,2015-03-07,Eden Park,1,5.5,Pakistan,South Africa,Ahmed Shehzad,Sarfraz Ahmed,M Morkel,0,0,,,,,,,,,
656455,2014/15,2015-03-07,Eden Park,1,5.6,Pakistan,South Africa,Ahmed Shehzad,Sarfraz Ahmed,M Morkel,0,0,,,,,,,,,
656455,2014/15,2015-03-07,Eden Park,1,6.1,Pakistan,South Africa,Sarfraz Ahmed,Ahmed Shehzad,KJ Abbott,1,0,,,,,,,,,
656455,2014/15,2015-03-07,Eden Park,1,6.2,Pakistan,South Africa,Ahmed Shehzad,Sarfraz Ahmed,KJ Abbott,0,0,,,,,,,,,
656455,2014/15,2015-03-07,Eden Park,1,6.3,Pakistan,South Africa,Ahmed Shehzad,Sarfraz Ahmed,KJ Abbott,0,1,1,,,,,,,,
656455,2014/15,2015-03-07,Eden Park,1,6.4,Pakistan,South Africa,Ahmed Shehzad,Sarfraz Ahmed,KJ Abbott,0,0,,,,,,,,,
656455,2014/15,2015-03-07,Eden Park,1,6.5,Pakistan,South Africa,Ahmed Shehzad,Sarfraz Ahmed,KJ Abbott,0,0,,,,,,,,,
656455,2014/15,2015-03-07,Eden Park,1,6.6,Pakistan,South Africa,Ahmed Shehzad,Sarfraz Ahmed,KJ Abbott,4,0,,,,,,,,,
656455,2014/15,2015-03-07,Eden Park,1,6.7,Pakistan,South Africa,Ahmed Shehzad,Sarfraz Ahmed,KJ Abbott,1,0,,,,,,,,,
656455,2014/15,2015-03-07,Eden Park,1,7.1,Pakistan,South Africa,Ahmed Shehzad,Sarfraz Ahmed,M Morkel,1,0,,,,,,,,,
656455,2014/15,2015-03-07,Eden Park,1,7.2,Pakistan,South Africa,Sarfraz Ahmed,Ahmed Shehzad,M Morkel,0,0,,,,,,,,,
656455,2014/15,2015-03-07,Eden Park,1,7.3,Pakistan,South Africa,Sarfraz Ahmed,Ahmed Shehzad,M Morkel,0,0,,,,,,,,,
656455,2014/15,2015-03-07,Eden Park,1,7.4,Pakistan,South Africa,Sarfraz Ahmed,Ahmed Shehzad,M Morkel,0,0,,,,,,,,,
656455,2014/15,2015-03-07,Eden Park,1,7.5,Pakistan,South Africa,Sarfraz Ahmed,Ahmed Shehzad,M Morkel,0,0,,,,,,,,,
656455,2014/15,2015-03-07,Eden Park,1,7.6,Pakistan,South Africa,Sarfraz Ahmed,Ahmed Shehzad,M Morkel,0,0,,,,,,,,,
656455,2014/15,2015-03-07,Eden Park,1,8.1,Pakistan,South Africa,Ahmed Shehzad,Sarfraz Ahmed,KJ Abbott,0,0,,,,,,,,,
656455,2014/15,2015-03-07,Eden Park,1,8.2,Pakistan,South Africa,Ahmed Shehzad,Sarfraz Ahmed,KJ Abbott,0,0,,,,,,,,,
656455,2014/15,2015-03-07,Eden Park,1,8.3,Pakistan,South Africa,Ahmed Shehzad,Sarfraz Ahmed,KJ Abbott,4,0,,,,,,,,,
656455,2014/15,2015-03-07,Eden Park,1,8.4,Pakistan,South Africa,Ahmed Shehzad,Sarfraz Ahmed,KJ Abbott,0,0,,,,,,caught,Ahmed Shehzad,,
656455,2014/15,2015-03-07,Eden Park,1,8.5,Pakistan,South Africa,Sarfraz Ahmed,Younis Khan,KJ Abbott,0,0,,,,,,,,,
656455,2014/15,2015-03-07,Eden Park,1,8.6,Pakistan,South Africa,Sarfraz Ahmed,Younis Khan,KJ Abbott,0,0,,,,,,,,,
656455,2014/15,2015-03-07,Eden Park,1,9.1,Pakistan,South Africa,Younis Khan,Sarfraz Ahmed,M Morkel,2,0,,,,,,,,,
656455,2014/15,2015-03-07,Eden Park,1,9.2,Pakistan,South Africa,Younis Khan,Sarfraz Ahmed,M Morkel,0,0,,,,,,,,,
656455,2014/15,2015-03-07,Eden Park,1,9.3,Pakistan,South Africa,Younis Khan,Sarfraz Ahmed,M Morkel,0,0,,,,,,,,,
656455,2014/15,2015-03-07,Eden Park,1,9.4,Pakistan,South Africa,Younis Khan,Sarfraz Ahmed,M Morkel,0,0,,,,,,,,,
656455,2014/15,2015-03-07,Eden Park,1,9.5,Pakistan,South Africa,Younis Khan,Sarfraz Ahmed,M Morkel,2,1,,1,,,,,,,
656455,2014/15,2015-03-07,Eden Park,1,9.6,Pakistan,South Africa,Younis Khan,Sarfraz Ahmed,M Morkel,0,0,,,,,,,,,
656455,2014/15,2015-03-07,Eden Park,1,9.7,Pakistan,South Africa,Younis Khan,Sarfraz Ahmed,M Morkel,0,0,,,,,,,,,
656455,2014/15,2015-03-07,Eden Park,1,10.1,Pakistan,South Africa,Sarfraz Ahmed,Younis Khan,Imran Tahir,1,0,,,,,,,,,
656455,2014/15,2015-03-07,Eden Park,1,10.2,Pakistan,South Africa,Younis Khan,Sarfraz Ahmed,Imran Tahir,4,0,,,,,,,,,
656455,2014/15,2015-03-07,Eden Park,1,10.3,Pakistan,South Africa,Younis Khan,Sarfraz Ahmed,Imran Tahir,1,0,,,,,,,,,
656455,2014/15,2015-03-07,Eden Park,1,10.4,Pakistan,South Africa,Sarfraz Ahmed,Younis Khan,Imran Tahir,4,0,,,,,,,,,
656455,2014/15,2015-03-07,Eden Park,1,10.5,Pakistan,South Africa,Sarfraz Ahmed,Younis Khan,Imran Tahir,0,0,,,,,,,,,
656455,2014/15,2015-03-07,Eden Park,1,10.6,Pakistan,South Africa,Sarfraz Ahmed,Younis Khan,Imran Tahir,0,0,,,,,,,,,
656455,2014/15,2015-03-07,Eden Park,1,11.1,Pakistan,South Africa,Younis Khan,Sarfraz Ahmed,AB de Villiers,0,0,,,,,,,,,
656455,2014/15,2015-03-07,Eden Park,1,11.2,Pakistan,South Africa,Younis Khan,Sarfraz Ahmed,AB de Villiers,0,0,,,,,,,,,
656455,2014/15,2015-03-07,Eden Park,1,11.3,Pakistan,South Africa,Younis Khan,Sarfraz Ahmed,AB de Villiers,0,0,,,,,,,,,
656455,2014/15,2015-03-07,Eden Park,1,11.4,Pakistan,South Africa,Younis Khan,Sarfraz Ahmed,AB de Villiers,4,0,,,,,,,,,
656455,2014/15,2015-03-07,Eden Park,1,11.5,Pakistan,South Africa,Younis Khan,Sarfraz Ahmed,AB de Villiers,1,0,,,,,,,,,
656455,2014/15,2015-03-07,Eden Park,1,11.6,Pakistan,South Africa,Sarfraz Ahmed,Younis Khan,AB de Villiers,4,0,,,,,,,,,
656455,2014/15,2015-03-07,Eden Park,1,12.1,Pakistan,South Africa,Younis Khan,Sarfraz Ahmed,Imran Tahir,0,0,,,,,,,,,
656455,2014/15,2015-03-07,Eden Park,1,12.2,Pakistan,South Africa,Younis Khan,Sarfraz Ahmed,Imran Tahir,1,0,,,,,,,,,
656455,2014/15,2015-03-07,Eden Park,1,12.3,Pakistan,South Africa,Sarfraz Ahmed,Younis Khan,Imran Tahir,0,0,,,,,,,,,
656455,2014/15,2015-03-07,Eden Park,1,12.4,Pakistan,South Africa,Sarfraz Ahmed,Younis Khan,Imran Tahir,0,0,,,,,,,,,
656455,2014/15,2015-03-07,Eden Park,1,12.5,Pakistan,South Africa,Sarfraz Ahmed,Younis Khan,Imran Tahir,0,0,,,,,,,,,
656455,2014/15,2015-03-07,Eden Park,1,12.6,Pakistan,South Africa,Sarfraz Ahmed,Younis Khan,Imran Tahir,4,0,,,,,,,,,
656455,2014/15,2015-03-07,Eden Park,1,13.1,Pakistan,South Africa,Younis Khan,Sarfraz Ahmed,JP Duminy,1,0,,,,,,,,,
656455,2014/15,2015-03-07,Eden Park,1,13.2,Pakistan,South Africa,Sarfraz Ahmed,Younis Khan,JP Duminy,0,0,,,,,,,,,
656455,2014/15,2015-03-07,Eden Park,1,13.3,Pakistan,South Africa,Sarfraz Ahmed,Younis Khan,JP Duminy,1,0,,,,,,,,,
656455,2014/15,2015-03-07,Eden Park,1,13.4,Pakistan,South Africa,Younis Khan,Sarfraz Ahmed,JP Duminy,1,0,,,,,,,,,
656455,2014/15,2015-03-07,Eden Park,1,13.5,Pakistan,South Africa,Sarfraz Ahmed,Younis Khan,JP Duminy,1,0,,,,,,,,,
656455,2014/15,2015-03-07,Eden Park,1,13.6,Pakistan,South Africa,Younis Khan,Sarfraz Ahmed,JP Duminy,0,0,,,,,,,,,
656455,2014/15,2015-03-07,Eden Park,1,14.1,Pakistan,South Africa,Sarfraz Ahmed,Younis Khan,Imran Tahir,0,0,,,,,,,,,
656455,2014/15,2015-03-07,Eden Park,1,14.2,Pakistan,South Africa,Sarfraz Ahmed,Younis Khan,Imran Tahir,0,0,,,,,,,,,
656455,2014/15,2015-03-07,Eden Park,1,14.3,Pakistan,South Africa,Sarfraz Ahmed,Younis Khan,Imran Tahir,4,0,,,,,,,,,
656455,2014/15,2015-03-07,Eden Park,1,14.4,Pakistan,South Africa,Sarfraz Ahmed,Younis Khan,Imran Tahir,1,0,,,,,,,,,
656455,2014/15,2015-03-07,Eden Park,1,14.5,Pakistan,South Africa,Younis Khan,Sarfraz Ahmed,Imran Tahir,1,0,,,,,,,,,
656455,2014/15,2015-03-07,Eden Park,1,14.6,Pakistan,South Africa,Sarfraz Ahmed,Younis Khan,Imran Tahir,0,0,,,,,,,,,
656455,2014/15,2015-03-07,Eden Park,1,15.1,Pakistan,South Africa,Younis Khan,Sarfraz Ahmed,JP Duminy,0,0,,,,,,,,,
656455,2014/15,2015-03-07,Eden Park,1,15.2,Pakistan,South Africa,Younis Khan,Sarfraz Ahmed,JP Duminy,0,2,2,,,,,,,,
656455,2014/15,2015-03-07,Eden Park,1,15.3,Pakistan,South Africa,Sarfraz Ahmed,Younis Khan,JP Duminy,6,0,,,,,,,,,
656455,2014/15,2015-03-07,Eden Park,1,15.4,Pakistan,South Africa,Sarfraz Ahmed,Younis Khan,JP Duminy,6,0,,,,,,,,,
656455,2014/15,2015-03-07,Eden Park,1,15.5,Pakistan,South Africa,Sarfraz Ahmed,Younis Khan,JP Duminy,0,0,,,,,,,,,
656455,2014/15,2015-03-07,Eden Park,1,15.6,Pakistan,South Africa,Sarfraz Ahmed,Younis Khan,JP Duminy,0,1,1,,,,,,,,
656455,2014/15,2015-03-07,Eden Park,1,15.7,Pakistan,South Africa,Sarfraz Ahmed,Younis Khan,JP Duminy,6,0,,,,,,,,,
656455,2014/15,2015-03-07,Eden Park,1,15.8,Pakistan,South Africa,Sarfraz Ahmed,Younis Khan,JP Duminy,0,0,,,,,,,,,
656455,2014/15,2015-03-07,Eden Park,1,16.1,Pakistan,South Africa,Younis Khan,Sarfraz Ahmed,Imran Tahir,1,0,,,,,,,,,
656455,2014/15,2015-03-07,Eden Park,1,16.2,Pakistan,South Africa,Sarfraz Ahmed,Younis Khan,Imran Tahir,0,0,,,,,,,,,
656455,2014/15,2015-03-07,Eden Park,1,16.3,Pakistan,South Africa,Sarfraz Ahmed,Younis Khan,Imran Tahir,0,0,,,,,,,,,
656455,2014/15,2015-03-07,Eden Park,1,16.4,Pakistan,South Africa,Sarfraz Ahmed,Younis Khan,Imran Tahir,1,0,,,,,,run out,Sarfraz Ahmed,,
656455,2014/15,2015-03-07,Eden Park,1,16.5,Pakistan,South Africa,Misbah-ul-Haq,Younis Khan,Imran Tahir,1,0,,,,,,,,,
656455,2014/15,2015-03-07,Eden Park,1,16.6,Pakistan,South Africa,Younis Khan,Misbah-ul-Haq,Imran Tahir,0,0,,,,,,,,,
656455,2014/15,2015-03-07,Eden Park,1,17.1,Pakistan,South Africa,Misbah-ul-Haq,Younis Khan,DW Steyn,1,0,,,,,,,,,
656455,2014/15,2015-03-07,Eden Park,1,17.2,Pakistan,South Africa,Younis Khan,Misbah-ul-Haq,DW Steyn,0,0,,,,,,,,,
656455,2014/15,2015-03-07,Eden Park,1,17.3,Pakistan,South Africa,Younis Khan,Misbah-ul-Haq,DW Steyn,0,0,,,,,,,,,
656455,2014/15,2015-03-07,Eden Park,1,17.4,Pakistan,South Africa,Younis Khan,Misbah-ul-Haq,DW Steyn,1,0,,,,,,,,,
656455,2014/15,2015-03-07,Eden Park,1,17.5,Pakistan,South Africa,Misbah-ul-Haq,Younis Khan,DW Steyn,0,0,,,,,,,,,
656455,2014/15,2015-03-07,Eden Park,1,17.6,Pakistan,South Africa,Misbah-ul-Haq,Younis Khan,DW Steyn,0,0,,,,,,,,,
656455,2014/15,2015-03-07,Eden Park,1,18.1,Pakistan,South Africa,Younis Khan,Misbah-ul-Haq,JP Duminy,1,0,,,,,,,,,
656455,2014/15,2015-03-07,Eden Park,1,18.2,Pakistan,South Africa,Misbah-ul-Haq,Younis Khan,JP Duminy,1,0,,,,,,,,,
656455,2014/15,2015-03-07,Eden Park,1,18.3,Pakistan,South Africa,Younis Khan,Misbah-ul-Haq,JP Duminy,1,0,,,,,,,,,
656455,2014/15,2015-03-07,Eden Park,1,18.4,Pakistan,South Africa,Misbah-ul-Haq,Younis Khan,JP Duminy,1,0,,,,,,,,,
656455,2014/15,2015-03-07,Eden Park,1,18.5,Pakistan,South Africa,Younis Khan,Misbah-ul-Haq,JP Duminy,4,0,,,,,,,,,
656455,2014/15,2015-03-07,Eden Park,1,18.6,Pakistan,South Africa,Younis Khan,Misbah-ul-Haq,JP Duminy,1,0,,,,,,,,,
656455,2014/15,2015-03-07,Eden Park,1,19.1,Pakistan,South Africa,Younis Khan,Misbah-ul-Haq,DW Steyn,0,0,,,,,,,,,
656455,2014/15,2015-03-07,Eden Park,1,19.2,Pakistan,South Africa,Younis Khan,Misbah-ul-Haq,DW Steyn,1,0,,,,,,,,,
656455,2014/15,2015-03-07,Eden Park,1,19.3,Pakistan,South Africa,Misbah-ul-Haq,Younis Khan,DW Steyn,0,0,,,,,,,,,
656455,2014/15,2015-03-07,Eden Park,1,19.4,Pakistan,South Africa,Misbah-ul-Haq,Younis Khan,DW Steyn,0,0,,,,,,,,,
656455,2014/15,2015-03-07,Eden Park,1,19.5,Pakistan,South Africa,Misbah-ul-Haq,Younis Khan,DW Steyn,0,1,1,,,,,,,,
656455,2014/15,2015-03-07,Eden Park,1,19.6,Pakistan,South Africa,Misbah-ul-Haq,Younis Khan,DW Steyn,1,0,,,,,,,,,
656455,2014/15,2015-03-07,Eden Park,1,19.7,Pakistan,South Africa,Younis Khan,Misbah-ul-Haq,DW Steyn,0,0,,,,,,,,,
656455,2014/15,2015-03-07,Eden Park,1,20.1,Pakistan,South Africa,Misbah-ul-Haq,Younis Khan,Imran Tahir,0,0,,,,,,,,,
656455,2014/15,2015-03-07,Eden Park,1,20.2,Pakistan,South Africa,Misbah-ul-Haq,Younis Khan,Imran Tahir,1,0,,,,,,,,,
656455,2014/15,2015-03-07,Eden Park,1,20.3,Pakistan,South Africa,Younis Khan,Misbah-ul-Haq,Imran Tahir,0,1,,,,1,,,,,
656455,2014/15,2015-03-07,Eden Park,1,20.4,Pakistan,South Africa,Misbah-ul-Haq,Younis Khan,Imran Tahir,0,0,,,,,,,,,
656455,2014/15,2015-03-07,Eden Park,1,20.5,Pakistan,South Africa,Misbah-ul-Haq,Younis Khan,Imran Tahir,0,0,,,,,,,,,
656455,2014/15,2015-03-07,Eden Park,1,20.6,Pakistan,South Africa,Misbah-ul-Haq,Younis Khan,Imran Tahir,1,0,,,,,,,,,
656455,2014/15,2015-03-07,Eden Park,1,21.1,Pakistan,South Africa,Misbah-ul-Haq,Younis Khan,M Morkel,0,0,,,,,,,,,
656455,2014/15,2015-03-07,Eden Park,1,21.2,Pakistan,South Africa,Misbah-ul-Haq,Younis Khan,M Morkel,0,0,,,,,,,,,
656455,2014/15,2015-03-07,Eden Park,1,21.3,Pakistan,South Africa,Misbah-ul-Haq,Younis Khan,M Morkel,0,0,,,,,,,,,
656455,2014/15,2015-03-07,Eden Park,1,21.4,Pakistan,South Africa,Misbah-ul-Haq,Younis Khan,M Morkel,0,0,,,,,,,,,
656455,2014/15,2015-03-07,Eden Park,1,21.5,Pakistan,South Africa,Misbah-ul-Haq,Younis Khan,M Morkel,0,0,,,,,,,,,
656455,2014/15,2015-03-07,Eden Park,1,21.6,Pakistan,South Africa,Misbah-ul-Haq,Younis Khan,M Morkel,1,0,,,,,,,,,
656455,2014/15,2015-03-07,Eden Park,1,22.1,Pakistan,South Africa,Misbah-ul-Haq,Younis Khan,Imran Tahir,0,0,,,,,,,,,
656455,2014/15,2015-03-07,Eden Park,1,22.2,Pakistan,South Africa,Misbah-ul-Haq,Younis Khan,Imran Tahir,0,0,,,,,,,,,
656455,2014/15,2015-03-07,Eden Park,1,22.3,Pakistan,South Africa,Misbah-ul-Haq,Younis Khan,Imran Tahir,0,0,,,,,,,,,
656455,2014/15,2015-03-07,Eden Park,1,22.4,Pakistan,South Africa,Misbah-ul-Haq,Younis Khan,Imran Tahir,0,0,,,,,,,,,
656455,2014/15,2015-03-07,Eden Park,1,22.5,Pakistan,South Africa,Misbah-ul-Haq,Younis Khan,Imran Tahir,0,0,,,,,,,,,
656455,2014/15,2015-03-07,Eden Park,1,22.6,Pakistan,South Africa,Misbah-ul-Haq,Younis Khan,Imran Tahir,0,0,,,,,,,,,
656455,2014/15,2015-03-07,Eden Park,1,23.1,Pakistan,South Africa,Younis Khan,Misbah-ul-Haq,M Morkel,1,0,,,,,,,,,
656455,2014/15,2015-03-07,Eden Park,1,23.2,Pakistan,South Africa,Misbah-ul-Haq,Younis Khan,M Morkel,0,0,,,,,,,,,
656455,2014/15,2015-03-07,Eden Park,1,23.3,Pakistan,South Africa,Misbah-ul-Haq,Younis Khan,M Morkel,1,0,,,,,,,,,
656455,2014/15,2015-03-07,Eden Park,1,23.4,Pakistan,South Africa,Younis Khan,Misbah-ul-Haq,M Morkel,1,0,,,,,,,,,
656455,2014/15,2015-03-07,Eden Park,1,23.5,Pakistan,South Africa,Misbah-ul-Haq,Younis Khan,M Morkel,0,1,,,,1,,,,,
656455,2014/15,2015-03-07,Eden Park,1,23.6,Pakistan,South Africa,Younis Khan,Misbah-ul-Haq,M Morkel,0,0,,,,,,,,,
656455,2014/15,2015-03-07,Eden Park,1,24.1,Pakistan,South Africa,Misbah-ul-Haq,Younis Khan,AB de Villiers,0,0,,,,,,,,,
656455,2014/15,2015-03-07,Eden Park,1,24.2,Pakistan,South Africa,Misbah-ul-Haq,Younis Khan,AB de Villiers,1,0,,,,,,,,,
656455,2014/15,2015-03-07,Eden Park,1,24.3,Pakistan,South Africa,Younis Khan,Misbah-ul-Haq,AB de Villiers,1,0,,,,,,,,,
656455,2014/15,2015-03-07,Eden Park,1,24.4,Pakistan,South Africa,Misbah-ul-Haq,Younis Khan,AB de Villiers,4,0,,,,,,,,,
656455,2014/15,2015-03-07,Eden Park,1,24.5,Pakistan,South Africa,Misbah-ul-Haq,Younis Khan,AB de Villiers,1,0,,,,,,,,,
656455,2014/15,2015-03-07,Eden Park,1,24.6,Pakistan,South Africa,Younis Khan,Misbah-ul-Haq,AB de Villiers,4,0,,,,,,,,,
656455,2014/15,2015-03-07,Eden Park,1,25.1,Pakistan,South Africa,Misbah-ul-Haq,Younis Khan,M Morkel,0,0,,,,,,,,,
656455,2014/15,2015-03-07,Eden Park,1,25.2,Pakistan,South Africa,Misbah-ul-Haq,Younis Khan,M Morkel,1,0,,,,,,,,,
656455,2014/15,2015-03-07,Eden Park,1,25.3,Pakistan,South Africa,Younis Khan,Misbah-ul-Haq,M Morkel,1,0,,,,,,,,,
656455,2014/15,2015-03-07,Eden Park,1,25.4,Pakistan,South Africa,Misbah-ul-Haq,Younis Khan,M Morkel,1,0,,,,,,,,,
656455,2014/15,2015-03-07,Eden Park,1,25.5,Pakistan,South Africa,Younis Khan,Misbah-ul-Haq,M Morkel,0,0,,,,,,,,,
656455,2014/15,2015-03-07,Eden Park,1,25.6,Pakistan,South Africa,Younis Khan,Misbah-ul-Haq,M Morkel,0,0,,,,,,,,,
656455,2014/15,2015-03-07,Eden Park,1,26.1,Pakistan,South Africa,Misbah-ul-Haq,Younis Khan,AB de Villiers,1,0,,,,,,,,,
656455,2014/15,2015-03-07,Eden Park,1,26.2,Pakistan,South Africa,Younis Khan,Misbah-ul-Haq,AB de Villiers,1,0,,,,,,,,,
656455,2014/15,2015-03-07,Eden Park,1,26.3,Pakistan,South Africa,Misbah-ul-Haq,Younis Khan,AB de Villiers,1,0,,,,,,,,,
656455,2014/15,2015-03-07,Eden Park,1,26.4,Pakistan,South Africa,Younis Khan,Misbah-ul-Haq,AB de Villiers,0,0,,,,,,caught,Younis Khan,,
656455,2014/15,2015-03-07,Eden Park,1,26.5,Pakistan,South Africa,Sohaib Maqsood,Misbah-ul-Haq,AB de Villiers,0,0,,,,,,,,,
656455,2014/15,2015-03-07,Eden Park,1,26.6,Pakistan,South Africa,Sohaib Maqsood,Misbah-ul-Haq,AB de Villiers,0,0,,,,,,,,,
656455,2014/15,2015-03-07,Eden Park,1,27.1,Pakistan,South Africa,Misbah-ul-Haq,Sohaib Maqsood,M Morkel,1,0,,,,,,,,,
656455,2014/15,2015-03-07,Eden Park,1,27.2,Pakistan,South Africa,Sohaib Maqsood,Misbah-ul-Haq,M Morkel,2,0,,,,,,,,,
656455,2014/15,2015-03-07,Eden Park,1,27.3,Pakistan,South Africa,Sohaib Maqsood,Misbah-ul-Haq,M Morkel,0,0,,,,,,,,,
656455,2014/15,2015-03-07,Eden Park,1,27.4,Pakistan,South Africa,Sohaib Maqsood,Misbah-ul-Haq,M Morkel,4,0,,,,,,,,,
656455,2014/15,2015-03-07,Eden Park,1,27.5,Pakistan,South Africa,Sohaib Maqsood,Misbah-ul-Haq,M Morkel,0,0,,,,,,,,,
656455,2014/15,2015-03-07,Eden Park,1,27.6,Pakistan,South Africa,Sohaib Maqsood,Misbah-ul-Haq,M Morkel,0,0,,,,,,,,,
656455,2014/15,2015-03-07,Eden Park,1,28.1,Pakistan,South Africa,Misbah-ul-Haq,Sohaib Maqsood,AB de Villiers,1,0,,,,,,,,,
656455,2014/15,2015-03-07,Eden Park,1,28.2,Pakistan,South Africa,Sohaib Maqsood,Misbah-ul-Haq,AB de Villiers,0,0,,,,,,,,,
656455,2014/15,2015-03-07,Eden Park,1,28.3,Pakistan,South Africa,Sohaib Maqsood,Misbah-ul-Haq,AB de Villiers,0,0,,,,,,,,,
656455,2014/15,2015-03-07,Eden Park,1,28.4,Pakistan,South Africa,Sohaib Maqsood,Misbah-ul-Haq,AB de Villiers,1,0,,,,,,,,,
656455,2014/15,2015-03-07,Eden Park,1,28.5,Pakistan,South Africa,Misbah-ul-Haq,Sohaib Maqsood,AB de Villiers,0,0,,,,,,,,,
656455,2014/15,2015-03-07,Eden Park,1,28.6,Pakistan,South Africa,Misbah-ul-Haq,Sohaib Maqsood,AB de Villiers,4,0,,,,,,,,,
656455,2014/15,2015-03-07,Eden Park,1,29.1,Pakistan,South Africa,Sohaib Maqsood,Misbah-ul-Haq,KJ Abbott,1,0,,,,,,,,,
656455,2014/15,2015-03-07,Eden Park,1,29.2,Pakistan,South Africa,Misbah-ul-Haq,Sohaib Maqsood,KJ Abbott,1,0,,,,,,,,,
656455,2014/15,2015-03-07,Eden Park,1,29.3,Pakistan,South Africa,Sohaib Maqsood,Misbah-ul-Haq,KJ Abbott,0,0,,,,,,,,,
656455,2014/15,2015-03-07,Eden Park,1,29.4,Pakistan,South Africa,Sohaib Maqsood,Misbah-ul-Haq,KJ Abbott,0,0,,,,,,,,,
656455,2014/15,2015-03-07,Eden Park,1,29.5,Pakistan,South Africa,Sohaib Maqsood,Misbah-ul-Haq,KJ Abbott,0,0,,,,,,,,,
656455,2014/15,2015-03-07,Eden Park,1,29.6,Pakistan,South Africa,Sohaib Maqsood,Misbah-ul-Haq,KJ Abbott,0,0,,,,,,,,,
656455,2014/15,2015-03-07,Eden Park,1,30.1,Pakistan,South Africa,Misbah-ul-Haq,Sohaib Maqsood,AB de Villiers,0,0,,,,,,,,,
656455,2014/15,2015-03-07,Eden Park,1,30.2,Pakistan,South Africa,Misbah-ul-Haq,Sohaib Maqsood,AB de Villiers,0,1,1,,,,,,,,
656455,2014/15,2015-03-07,Eden Park,1,30.3,Pakistan,South Africa,Misbah-ul-Haq,Sohaib Maqsood,AB de Villiers,4,0,,,,,,,,,
656455,2014/15,2015-03-07,Eden Park,1,30.4,Pakistan,South Africa,Misbah-ul-Haq,Sohaib Maqsood,AB de Villiers,0,0,,,,,,,,,
656455,2014/15,2015-03-07,Eden Park,1,30.5,Pakistan,South Africa,Misbah-ul-Haq,Sohaib Maqsood,AB de Villiers,0,0,,,,,,,,,
656455,2014/15,2015-03-07,Eden Park,1,30.6,Pakistan,South Africa,Misbah-ul-Haq,Sohaib Maqsood,AB de Villiers,0,0,,,,,,,,,
656455,2014/15,2015-03-07,Eden Park,1,30.7,Pakistan,South Africa,Misbah-ul-Haq,Sohaib Maqsood,AB de Villiers,1,0,,,,,,,,,
656455,2014/15,2015-03-07,Eden Park,1,31.1,Pakistan,South Africa,Misbah-ul-Haq,Sohaib Maqsood,KJ Abbott,0,0,,,,,,,,,
656455,2014/15,2015-03-07,Eden Park,1,31.2,Pakistan,South Africa,Misbah-ul-Haq,Sohaib Maqsood,KJ Abbott,0,0,,,,,,,,,
656455,2014/15,2015-03-07,Eden Park,1,31.3,Pakistan,South Africa,Misbah-ul-Haq,Sohaib Maqsood,KJ Abbott,0,0,,,,,,,,,
656455,2014/15,2015-03-07,Eden Park,1,31.4,Pakistan,South Africa,Misbah-ul-Haq,Sohaib Maqsood,KJ Abbott,2,0,,,,,,,,,
656455,2014/15,2015-03-07,Eden Park,1,31.5,Pakistan,South Africa,Misbah-ul-Haq,Sohaib Maqsood,KJ Abbott,1,0,,,,,,,,,
656455,2014/15,2015-03-07,Eden Park,1,31.6,Pakistan,South Africa,Sohaib Maqsood,Misbah-ul-Haq,KJ Abbott,0,0,,,,,,caught,Sohaib Maqsood,,
656455,2014/15,2015-03-07,Eden Park,1,32.1,Pakistan,South Africa,Misbah-ul-Haq,Umar Akmal,AB de Villiers,1,0,,,,,,,,,
656455,2014/15,2015-03-07,Eden Park,1,32.2,Pakistan,South Africa,Umar Akmal,Misbah-ul-Haq,AB de Villiers,0,0,,,,,,,,,
656455,2014/15,2015-03-07,Eden Park,1,32.3,Pakistan,South Africa,Umar Akmal,Misbah-ul-Haq,AB de Villiers,4,0,,,,,,,,,
656455,2014/15,2015-03-07,Eden Park,1,32.4,Pakistan,South Africa,Umar Akmal,Misbah-ul-Haq,AB de Villiers,1,0,,,,,,,,,
656455,2014/15,2015-03-07,Eden Park,1,32.5,Pakistan,South Africa,Misbah-ul-Haq,Umar Akmal,AB de Villiers,1,0,,,,,,,,,
656455,2014/15,2015-03-07,Eden Park,1,32.6,Pakistan,South Africa,Umar Akmal,Misbah-ul-Haq,AB de Villiers,1,0,,,,,,,,,
656455,2014/15,2015-03-07,Eden Park,1,33.1,Pakistan,South Africa,Umar Akmal,Misbah-ul-Haq,Imran Tahir,0,0,,,,,,,,,
656455,2014/15,2015-03-07,Eden Park,1,33.2,Pakistan,South Africa,Umar Akmal,Misbah-ul-Haq,Imran Tahir,0,0,,,,,,,,,
656455,2014/15,2015-03-07,Eden Park,1,33.3,Pakistan,South Africa,Umar Akmal,Misbah-ul-Haq,Imran Tahir,0,0,,,,,,,,,
656455,2014/15,2015-03-07,Eden Park,1,33.4,Pakistan,South Africa,Umar Akmal,Misbah-ul-Haq,Imran Tahir,0,0,,,,,,,,,
656455,2014/15,2015-03-07,Eden Park,1,33.5,Pakistan,South Africa,Umar Akmal,Misbah-ul-Haq,Imran Tahir,1,0,,,,,,,,,
656455,2014/15,2015-03-07,Eden Park,1,33.6,Pakistan,South Africa,Misbah-ul-Haq,Umar Akmal,Imran Tahir,0,0,,,,,,,,,
656455,2014/15,2015-03-07,Eden Park,1,34.1,Pakistan,South Africa,Umar Akmal,Misbah-ul-Haq,KJ Abbott,0,0,,,,,,,,,
656455,2014/15,2015-03-07,Eden Park,1,34.2,Pakistan,South Africa,Umar Akmal,Misbah-ul-Haq,KJ Abbott,0,0,,,,,,,,,
656455,2014/15,2015-03-07,Eden Park,1,34.3,Pakistan,South Africa,Umar Akmal,Misbah-ul-Haq,KJ Abbott,1,0,,,,,,,,,
656455,2014/15,2015-03-07,Eden Park,1,34.4,Pakistan,South Africa,Misbah-ul-Haq,Umar Akmal,KJ Abbott,0,0,,,,,,,,,
656455,2014/15,2015-03-07,Eden Park,1,34.5,Pakistan,South Africa,Misbah-ul-Haq,Umar Akmal,KJ Abbott,0,0,,,,,,,,,
656455,2014/15,2015-03-07,Eden Park,1,34.6,Pakistan,South Africa,Misbah-ul-Haq,Umar Akmal,KJ Abbott,1,0,,,,,,,,,
656455,2014/15,2015-03-07,Eden Park,1,35.1,Pakistan,South Africa,Misbah-ul-Haq,Umar Akmal,DW Steyn,1,0,,,,,,,,,
656455,2014/15,2015-03-07,Eden Park,1,35.2,Pakistan,South Africa,Umar Akmal,Misbah-ul-Haq,DW Steyn,0,0,,,,,,,,,
656455,2014/15,2015-03-07,Eden Park,1,35.3,Pakistan,South Africa,Umar Akmal,Misbah-ul-Haq,DW Steyn,4,0,,,,,,,,,
656455,2014/15,2015-03-07,Eden Park,1,35.4,Pakistan,South Africa,Umar Akmal,Misbah-ul-Haq,DW Steyn,0,0,,,,,,,,,
656455,2014/15,2015-03-07,Eden Park,1,35.5,Pakistan,South Africa,Umar Akmal,Misbah-ul-Haq,DW Steyn,1,0,,,,,,,,,
656455,2014/15,2015-03-07,Eden Park,1,35.6,Pakistan,South Africa,Misbah-ul-Haq,Umar Akmal,DW Steyn,1,0,,,,,,,,,
656455,2014/15,2015-03-07,Eden Park,1,36.1,Pakistan,South Africa,Misbah-ul-Haq,Umar Akmal,M Morkel,1,0,,,,,,,,,
656455,2014/15,2015-03-07,Eden Park,1,36.2,Pakistan,South Africa,Umar Akmal,Misbah-ul-Haq,M Morkel,0,0,,,,,,,,,
656455,2014/15,2015-03-07,Eden Park,1,36.3,Pakistan,South Africa,Umar Akmal,Misbah-ul-Haq,M Morkel,0,0,,,,,,,,,
656455,2014/15,2015-03-07,Eden Park,1,36.4,Pakistan,South Africa,Umar Akmal,Misbah-ul-Haq,M Morkel,0,0,,,,,,,,,
656455,2014/15,2015-03-07,Eden Park,1,36.5,Pakistan,South Africa,Umar Akmal,Misbah-ul-Haq,M Morkel,0,0,,,,,,caught,Umar Akmal,,
656455,2014/15,2015-03-07,Eden Park,1,36.6,Pakistan,South Africa,Shahid Afridi,Misbah-ul-Haq,M Morkel,0,0,,,,,,,,,
656455,2014/15,2015-03-07,Eden Park,1,37.1,Pakistan,South Africa,Misbah-ul-Haq,Shahid Afridi,Imran Tahir,1,0,,,,,,,,,
656455,2014/15,2015-03-07,Eden Park,1,37.2,Pakistan,South Africa,Shahid Afridi,Misbah-ul-Haq,Imran Tahir,1,0,,,,,,,,,
656455,2014/15,2015-03-07,Eden Park,1,37.3,Pakistan,South Africa,Misbah-ul-Haq,Shahid Afridi,Imran Tahir,0,0,,,,,,,,,
656455,2014/15,2015-03-07,Eden Park,1,37.4,Pakistan,South Africa,Misbah-ul-Haq,Shahid Afridi,Imran Tahir,1,0,,,,,,,,,
656455,2014/15,2015-03-07,Eden Park,1,37.5,Pakistan,South Africa,Shahid Afridi,Misbah-ul-Haq,Imran Tahir,6,0,,,,,,,,,
656455,2014/15,2015-03-07,Eden Park,1,37.6,Pakistan,South Africa,Shahid Afridi,Misbah-ul-Haq,Imran Tahir,0,0,,,,,,,,,
656455,2014/15,2015-03-07,Eden Park,1,38.1,Pakistan,South Africa,Misbah-ul-Haq,Shahid Afridi,KJ Abbott,0,0,,,,,,,,,
656455,2014/15,2015-03-07,Eden Park,1,38.2,Pakistan,South Africa,Misbah-ul-Haq,Shahid Afridi,KJ Abbott,1,0,,,,,,,,,
656455,2014/15,2015-03-07,Eden Park,1,38.3,Pakistan,South Africa,Shahid Afridi,Misbah-ul-Haq,KJ Abbott,2,0,,,,,,,,,
656455,2014/15,2015-03-07,Eden Park,1,38.4,Pakistan,South Africa,Shahid Afridi,Misbah-ul-Haq,KJ Abbott,1,0,,,,,,,,,
656455,2014/15,2015-03-07,Eden Park,1,38.5,Pakistan,South Africa,Misbah-ul-Haq,Shahid Afridi,KJ Abbott,4,0,,,,,,,,,
656455,2014/15,2015-03-07,Eden Park,1,38.6,Pakistan,South Africa,Misbah-ul-Haq,Shahid Afridi,KJ Abbott,1,0,,,,,,,,,
656455,2014/15,2015-03-07,Eden Park,1,39.1,Pakistan,South Africa,Misbah-ul-Haq,Shahid Afridi,DW Steyn,1,0,,,,,,,,,
656455,2014/15,2015-03-07,Eden Park,1,39.2,Pakistan,South Africa,Shahid Afridi,Misbah-ul-Haq,DW Steyn,1,0,,,,,,,,,
656455,2014/15,2015-03-07,Eden Park,1,39.3,Pakistan,South Africa,Misbah-ul-Haq,Shahid Afridi,DW Steyn,0,0,,,,,,,,,
656455,2014/15,2015-03-07,Eden Park,1,39.4,Pakistan,South Africa,Misbah-ul-Haq,Shahid Afridi,DW Steyn,1,0,,,,,,,,,
656455,2014/15,2015-03-07,Eden Park,1,39.5,Pakistan,South Africa,Shahid Afridi,Misbah-ul-Haq,DW Steyn,0,0,,,,,,,,,
656455,2014/15,2015-03-07,Eden Park,1,39.6,Pakistan,South Africa,Shahid Afridi,Misbah-ul-Haq,DW Steyn,0,0,,,,,,,,,
656455,2014/15,2015-03-07,Eden Park,1,40.1,Pakistan,South Africa,Misbah-ul-Haq,Shahid Afridi,KJ Abbott,1,0,,,,,,,,,
656455,2014/15,2015-03-07,Eden Park,1,40.2,Pakistan,South Africa,Shahid Afridi,Misbah-ul-Haq,KJ Abbott,1,0,,,,,,,,,
656455,2014/15,2015-03-07,Eden Park,1,40.3,Pakistan,South Africa,Misbah-ul-Haq,Shahid Afridi,KJ Abbott,1,0,,,,,,,,,
656455,2014/15,2015-03-07,Eden Park,1,40.4,Pakistan,South Africa,Shahid Afridi,Misbah-ul-Haq,KJ Abbott,4,0,,,,,,,,,
656455,2014/15,2015-03-07,Eden Park,1,40.5,Pakistan,South Africa,Shahid Afridi,Misbah-ul-Haq,KJ Abbott,0,0,,,,,,,,,
656455,2014/15,2015-03-07,Eden Park,1,40.6,Pakistan,South Africa,Shahid Afridi,Misbah-ul-Haq,KJ Abbott,0,0,,,,,,,,,
656455,2014/15,2015-03-07,Eden Park,1,41.1,Pakistan,South Africa,Misbah-ul-Haq,Shahid Afridi,DW Steyn,2,0,,,,,,,,,
656455,2014/15,2015-03-07,Eden Park,1,41.2,Pakistan,South Africa,Misbah-ul-Haq,Shahid Afridi,DW Steyn,1,0,,,,,,,,,
656455,2014/15,2015-03-07,Eden Park,1,41.3,Pakistan,South Africa,Shahid Afridi,Misbah-ul-Haq,DW Steyn,6,0,,,,,,,,,
656455,2014/15,2015-03-07,Eden Park,1,41.4,Pakistan,South Africa,Shahid Afridi,Misbah-ul-Haq,DW Steyn,0,0,,,,,,caught,Shahid Afridi,,
656455,2014/15,2015-03-07,Eden Park,1,41.5,Pakistan,South Africa,Misbah-ul-Haq,Wahab Riaz,DW Steyn,0,0,,,,,,,,,
656455,2014/15,2015-03-07,Eden Park,1,41.6,Pakistan,South Africa,Misbah-ul-Haq,Wahab Riaz,DW Steyn,0,0,,,,,,,,,
656455,2014/15,2015-03-07,Eden Park,1,42.1,Pakistan,South Africa,Wahab Riaz,Misbah-ul-Haq,Imran Tahir,0,0,,,,,,lbw,Wahab Riaz,,
656455,2014/15,2015-03-07,Eden Park,1,42.2,Pakistan,South Africa,Sohail Khan,Misbah-ul-Haq,Imran Tahir,1,0,,,,,,,,,
656455,2014/15,2015-03-07,Eden Park,1,42.3,Pakistan,South Africa,Misbah-ul-Haq,Sohail Khan,Imran Tahir,0,0,,,,,,,,,
656455,2014/15,2015-03-07,Eden Park,1,42.4,Pakistan,South Africa,Misbah-ul-Haq,Sohail Khan,Imran Tahir,1,0,,,,,,,,,
656455,2014/15,2015-03-07,Eden Park,1,42.5,Pakistan,South Africa,Sohail Khan,Misbah-ul-Haq,Imran Tahir,0,0,,,,,,,,,
656455,2014/15,2015-03-07,Eden Park,1,42.6,Pakistan,South Africa,Sohail Khan,Misbah-ul-Haq,Imran Tahir,0,0,,,,,,,,,
656455,2014/15,2015-03-07,Eden Park,1,43.1,Pakistan,South Africa,Misbah-ul-Haq,Sohail Khan,DW Steyn,0,4,,,,4,,,,,
656455,2014/15,2015-03-07,Eden Park,1,43.2,Pakistan,South Africa,Misbah-ul-Haq,Sohail Khan,DW Steyn,0,0,,,,,,,,,
656455,2014/15,2015-03-07,Eden Park,1,43.3,Pakistan,South Africa,Misbah-ul-Haq,Sohail Khan,DW Steyn,0,0,,,,,,,,,
656455,2014/15,2015-03-07,Eden Park,1,43.4,Pakistan,South Africa,Misbah-ul-Haq,Sohail Khan,DW Steyn,0,0,,,,,,,,,
656455,2014/15,2015-03-07,Eden Park,1,43.5,Pakistan,South Africa,Misbah-ul-Haq,Sohail Khan,DW Steyn,0,0,,,,,,caught,Misbah-ul-Haq,,
656455,2014/15,2015-03-07,Eden Park,1,43.6,Pakistan,South Africa,Sohail Khan,Rahat Ali,DW Steyn,0,0,,,,,,,,,
656455,2014/15,2015-03-07,Eden Park,1,44.1,Pakistan,South Africa,Rahat Ali,Sohail Khan,M Morkel,0,0,,,,,,,,,
656455,2014/15,2015-03-07,Eden Park,1,44.2,Pakistan,South Africa,Rahat Ali,Sohail Khan,M Morkel,0,0,,,,,,,,,
656455,2014/15,2015-03-07,Eden Park,1,44.3,Pakistan,South Africa,Rahat Ali,Sohail Khan,M Morkel,0,0,,,,,,,,,
656455,2014/15,2015-03-07,Eden Park,1,44.4,Pakistan,South Africa,Rahat Ali,Sohail Khan,M Morkel,0,0,,,,,,,,,
656455,2014/15,2015-03-07,Eden Park,1,44.5,Pakistan,South Africa,Rahat Ali,Sohail Khan,M Morkel,1,0,,,,,,,,,
656455,2014/15,2015-03-07,Eden Park,1,44.6,Pakistan,South Africa,Sohail Khan,Rahat Ali,M Morkel,1,0,,,,,,,,,
656455,2014/15,2015-03-07,Eden Park,1,45.1,Pakistan,South Africa,Sohail Khan,Rahat Ali,DW Steyn,1,0,,,,,,,,,
656455,2014/15,2015-03-07,Eden Park,1,45.2,Pakistan,South Africa,Rahat Ali,Sohail Khan,DW Steyn,0,0,,,,,,caught,Rahat Ali,,
656455,2014/15,2015-03-07,Eden Park,1,45.3,Pakistan,South Africa,Sohail Khan,Mohammad Irfan,DW Steyn,0,0,,,,,,,,,
656455,2014/15,2015-03-07,Eden Park,1,45.4,Pakistan,South Africa,Sohail Khan,Mohammad Irfan,DW Steyn,0,0,,,,,,,,,
656455,2014/15,2015-03-07,Eden Park,1,45.5,Pakistan,South Africa,Sohail Khan,Mohammad Irfan,DW Steyn,0,0,,,,,,,,,
656455,2014/15,2015-03-07,Eden Park,1,45.6,Pakistan,South Africa,Sohail Khan,Mohammad Irfan,DW Steyn,0,0,,,,,,,,,
656455,2014/15,2015-03-07,Eden Park,1,46.1,Pakistan,South Africa,Mohammad Irfan,Sohail Khan,M Morkel,0,0,,,,,,,,,
656455,2014/15,2015-03-07,Eden Park,1,46.2,Pakistan,South Africa,Mohammad Irfan,Sohail Khan,M Morkel,0,0,,,,,,,,,
656455,2014/15,2015-03-07,Eden Park,1,46.3,Pakistan,South Africa,Mohammad Irfan,Sohail Khan,M Morkel,1,0,,,,,,,,,
656455,2014/15,2015-03-07,Eden Park,1,46.4,Pakistan,South Africa,Sohail Khan,Mohammad Irfan,M Morkel,0,0,,,,,,caught,Sohail Khan,,
656455,2014/15,2015-03-07,Eden Park,2,0.1,South Africa,Pakistan,Q de Kock,HM Amla,Mohammad Irfan,0,0,,,,,,,,,
656455,2014/15,2015-03-07,Eden Park,2,0.2,South Africa,Pakistan,Q de Kock,HM Amla,Mohammad Irfan,0,0,,,,,,caught,Q de Kock,,
656455,2014/15,2015-03-07,Eden Park,2,0.3,South Africa,Pakistan,F du Plessis,HM Amla,Mohammad Irfan,0,0,,,,,,,,,
656455,2014/15,2015-03-07,Eden Park,2,0.4,South Africa,Pakistan,F du Plessis,HM Amla,Mohammad Irfan,0,0,,,,,,,,,
656455,2014/15,2015-03-07,Eden Park,2,0.5,South Africa,Pakistan,F du Plessis,HM Amla,Mohammad Irfan,1,0,,,,,,,,,
656455,2014/15,2015-03-07,Eden Park,2,0.6,South Africa,Pakistan,HM Amla,F du Plessis,Mohammad Irfan,4,0,,,,,,,,,
656455,2014/15,2015-03-07,Eden Park,2,1.1,South Africa,Pakistan,F du Plessis,HM Amla,Sohail Khan,0,0,,,,,,,,,
656455,2014/15,2015-03-07,Eden Park,2,1.2,South Africa,Pakistan,F du Plessis,HM Amla,Sohail Khan,0,0,,,,,,,,,
656455,2014/15,2015-03-07,Eden Park,2,1.3,South Africa,Pakistan,F du Plessis,HM Amla,Sohail Khan,0,1,1,,,,,,,,
656455,2014/15,2015-03-07,Eden Park,2,1.4,South Africa,Pakistan,F du Plessis,HM Amla,Sohail Khan,0,1,1,,,,,,,,
656455,2014/15,2015-03-07,Eden Park,2,1.5,South Africa,Pakistan,F du Plessis,HM Amla,Sohail Khan,1,0,,,,,,,,,
656455,2014/15,2015-03-07,Eden Park,2,1.6,South Africa,Pakistan,HM Amla,F du Plessis,Sohail Khan,0,0,,,,,,,,,
656455,2014/15,2015-03-07,Eden Park,2,1.7,South Africa,Pakistan,HM Amla,F du Plessis,Sohail Khan,0,0,,,,,,,,,
656455,2014/15,2015-03-07,Eden Park,2,1.8,South Africa,Pakistan,HM Amla,F du Plessis,Sohail Khan,0,0,,,,,,,,,
656455,2014/15,2015-03-07,Eden Park,2,2.1,South Africa,Pakistan,F du Plessis,HM Amla,Mohammad Irfan,4,0,,,,,,,,,
656455,2014/15,2015-03-07,Eden Park,2,2.2,South Africa,Pakistan,F du Plessis,HM Amla,Mohammad Irfan,1,0,,,,,,,,,
656455,2014/15,2015-03-07,Eden Park,2,2.3,South Africa,Pakistan,HM Amla,F du Plessis,Mohammad Irfan,0,0,,,,,,,,,
656455,2014/15,2015-03-07,Eden Park,2,2.4,South Africa,Pakistan,HM Amla,F du Plessis,Mohammad Irfan,0,0,,,,,,,,,
656455,2014/15,2015-03-07,Eden Park,2,2.5,South Africa,Pakistan,HM Amla,F du Plessis,Mohammad Irfan,0,0,,,,,,,,,
656455,2014/15,2015-03-07,Eden Park,2,2.6,South Africa,Pakistan,HM Amla,F du Plessis,Mohammad Irfan,0,0,,,,,,,,,
656455,2014/15,2015-03-07,Eden Park,2,3.1,South Africa,Pakistan,F du Plessis,HM Amla,Sohail Khan,0,0,,,,,,,,,
656455,2014/15,2015-03-07,Eden Park,2,3.2,South Africa,Pakistan,F du Plessis,HM Amla,Sohail Khan,0,0,,,,,,,,,
656455,2014/15,2015-03-07,Eden Park,2,3.3,South Africa,Pakistan,F du Plessis,HM Amla,Sohail Khan,0,0,,,,,,,,,
656455,2014/15,2015-03-07,Eden Park,2,3.4,South Africa,Pakistan,F du Plessis,HM Amla,Sohail Khan,1,0,,,,,,,,,
656455,2014/15,2015-03-07,Eden Park,2,3.5,South Africa,Pakistan,HM Amla,F du Plessis,Sohail Khan,4,0,,,,,,,,,
656455,2014/15,2015-03-07,Eden Park,2,3.6,South Africa,Pakistan,HM Amla,F du Plessis,Sohail Khan,0,0,,,,,,,,,
656455,2014/15,2015-03-07,Eden Park,2,4.1,South Africa,Pakistan,F du Plessis,HM Amla,Mohammad Irfan,0,0,,,,,,,,,
656455,2014/15,2015-03-07,Eden Park,2,4.2,South Africa,Pakistan,F du Plessis,HM Amla,Mohammad Irfan,0,0,,,,,,,,,
656455,2014/15,2015-03-07,Eden Park,2,4.3,South Africa,Pakistan,F du Plessis,HM Amla,Mohammad Irfan,0,0,,,,,,,,,
656455,2014/15,2015-03-07,Eden Park,2,4.4,South Africa,Pakistan,F du Plessis,HM Amla,Mohammad Irfan,1,0,,,,,,,,,
656455,2014/15,2015-03-07,Eden Park,2,4.5,South Africa,Pakistan,HM Amla,F du Plessis,Mohammad Irfan,4,0,,,,,,,,,
656455,2014/15,2015-03-07,Eden Park,2,4.6,South Africa,Pakistan,HM Amla,F du Plessis,Mohammad Irfan,0,0,,,,,,,,,
656455,2014/15,2015-03-07,Eden Park,2,5.1,South Africa,Pakistan,F du Plessis,HM Amla,Sohail Khan,3,0,,,,,,,,,
656455,2014/15,2015-03-07,Eden Park,2,5.2,South Africa,Pakistan,HM Amla,F du Plessis,Sohail Khan,4,0,,,,,,,,,
656455,2014/15,2015-03-07,Eden Park,2,5.3,South Africa,Pakistan,HM Amla,F du Plessis,Sohail Khan,4,0,,,,,,,,,
656455,2014/15,2015-03-07,Eden Park,2,5.4,South Africa,Pakistan,HM Amla,F du Plessis,Sohail Khan,0,0,,,,,,,,,
656455,2014/15,2015-03-07,Eden Park,2,5.5,South Africa,Pakistan,HM Amla,F du Plessis,Sohail Khan,4,0,,,,,,,,,
656455,2014/15,2015-03-07,Eden Park,2,5.6,South Africa,Pakistan,HM Amla,F du Plessis,Sohail Khan,0,0,,,,,,,,,
656455,2014/15,2015-03-07,Eden Park,2,6.1,South Africa,Pakistan,F du Plessis,HM Amla,Mohammad Irfan,0,0,,,,,,,,,
656455,2014/15,2015-03-07,Eden Park,2,6.2,South Africa,Pakistan,F du Plessis,HM Amla,Mohammad Irfan,4,0,,,,,,,,,
656455,2014/15,2015-03-07,Eden Park,2,6.3,South Africa,Pakistan,F du Plessis,HM Amla,Mohammad Irfan,1,0,,,,,,,,,
656455,2014/15,2015-03-07,Eden Park,2,6.4,South Africa,Pakistan,HM Amla,F du Plessis,Mohammad Irfan,4,0,,,,,,,,,
656455,2014/15,2015-03-07,Eden Park,2,6.5,South Africa,Pakistan,HM Amla,F du Plessis,Mohammad Irfan,0,0,,,,,,,,,
656455,2014/15,2015-03-07,Eden Park,2,6.6,South Africa,Pakistan,HM Amla,F du Plessis,Mohammad Irfan,4,0,,,,,,,,,
656455,2014/15,2015-03-07,Eden Park,2,7.1,South Africa,Pakistan,F du Plessis,HM Amla,Rahat Ali,0,0,,,,,,,,,
656455,2014/15,2015-03-07,Eden Park,2,7.2,South Africa,Pakistan,F du Plessis,HM Amla,Rahat Ali,0,0,,,,,,,,,
656455,2014/15,2015-03-07,Eden Park,2,7.3,South Africa,Pakistan,F du Plessis,HM Amla,Rahat Ali,6,0,,,,,,,,,
656455,2014/15,2015-03-07,Eden Park,2,7.4,South Africa,Pakistan,F du Plessis,HM Amla,Rahat Ali,0,0,,,,,,,,,
656455,2014/15,2015-03-07,Eden Park,2,7.5,South Africa,Pakistan,F du Plessis,HM Amla,Rahat Ali,0,0,,,,,,,,,
656455,2014/15,2015-03-07,Eden Park,2,7.6,South Africa,Pakistan,F du Plessis,HM Amla,Rahat Ali,4,0,,,,,,,,,
656455,2014/15,2015-03-07,Eden Park,2,8.1,South Africa,Pakistan,HM Amla,F du Plessis,Shahid Afridi,0,0,,,,,,,,,
656455,2014/15,2015-03-07,Eden Park,2,8.2,South Africa,Pakistan,HM Amla,F du Plessis,Shahid Afridi,0,0,,,,,,,,,
656455,2014/15,2015-03-07,Eden Park,2,8.3,South Africa,Pakistan,HM Amla,F du Plessis,Shahid Afridi,2,0,,,,,,,,,
656455,2014/15,2015-03-07,Eden Park,2,8.4,South Africa,Pakistan,HM Amla,F du Plessis,Shahid Afridi,0,0,,,,,,,,,
656455,2014/15,2015-03-07,Eden Park,2,8.5,South Africa,Pakistan,HM Amla,F du Plessis,Shahid Afridi,4,0,,,,,,,,,
656455,2014/15,2015-03-07,Eden Park,2,8.6,South Africa,Pakistan,HM Amla,F du Plessis,Shahid Afridi,0,0,,,,,,,,,
656455,2014/15,2015-03-07,Eden Park,2,9.1,South Africa,Pakistan,F du Plessis,HM Amla,Rahat Ali,0,0,,,,,,,,,
656455,2014/15,2015-03-07,Eden Park,2,9.2,South Africa,Pakistan,F du Plessis,HM Amla,Rahat Ali,0,0,,,,,,,,,
656455,2014/15,2015-03-07,Eden Park,2,9.3,South Africa,Pakistan,F du Plessis,HM Amla,Rahat Ali,0,0,,,,,,caught,F du Plessis,,
656455,2014/15,2015-03-07,Eden Park,2,9.4,South Africa,Pakistan,RR Rossouw,HM Amla,Rahat Ali,0,0,,,,,,,,,
656455,2014/15,2015-03-07,Eden Park,2,9.5,South Africa,Pakistan,RR Rossouw,HM Amla,Rahat Ali,0,0,,,,,,,,,
656455,2014/15,2015-03-07,Eden Park,2,9.6,South Africa,Pakistan,RR Rossouw,HM Amla,Rahat Ali,0,0,,,,,,,,,
656455,2014/15,2015-03-07,Eden Park,2,10.1,South Africa,Pakistan,HM Amla,RR Rossouw,Wahab Riaz,0,0,,,,,,caught,HM Amla,,
656455,2014/15,2015-03-07,Eden Park,2,10.2,South Africa,Pakistan,AB de Villiers,RR Rossouw,Wahab Riaz,0,0,,,,,,,,,
656455,2014/15,2015-03-07,Eden Park,2,10.3,South Africa,Pakistan,AB de Villiers,RR Rossouw,Wahab Riaz,0,0,,,,,,,,,
656455,2014/15,2015-03-07,Eden Park,2,10.4,South Africa,Pakistan,AB de Villiers,RR Rossouw,Wahab Riaz,0,0,,,,,,,,,
656455,2014/15,2015-03-07,Eden Park,2,10.5,South Africa,Pakistan,AB de Villiers,RR Rossouw,Wahab Riaz,0,0,,,,,,,,,
656455,2014/15,2015-03-07,Eden Park,2,10.6,South Africa,Pakistan,AB de Villiers,RR Rossouw,Wahab Riaz,0,0,,,,,,,,,
656455,2014/15,2015-03-07,Eden Park,2,11.1,South Africa,Pakistan,RR Rossouw,AB de Villiers,Rahat Ali,1,0,,,,,,,,,
656455,2014/15,2015-03-07,Eden Park,2,11.2,South Africa,Pakistan,AB de Villiers,RR Rossouw,Rahat Ali,1,0,,,,,,,,,
656455,2014/15,2015-03-07,Eden Park,2,11.3,South Africa,Pakistan,RR Rossouw,AB de Villiers,Rahat Ali,4,0,,,,,,,,,
656455,2014/15,2015-03-07,Eden Park,2,11.4,South Africa,Pakistan,RR Rossouw,AB de Villiers,Rahat Ali,0,0,,,,,,,,,
656455,2014/15,2015-03-07,Eden Park,2,11.5,South Africa,Pakistan,RR Rossouw,AB de Villiers,Rahat Ali,1,0,,,,,,,,,
656455,2014/15,2015-03-07,Eden Park,2,11.6,South Africa,Pakistan,AB de Villiers,RR Rossouw,Rahat Ali,0,0,,,,,,,,,
656455,2014/15,2015-03-07,Eden Park,2,12.1,South Africa,Pakistan,RR Rossouw,AB de Villiers,Wahab Riaz,0,0,,,,,,,,,
656455,2014/15,2015-03-07,Eden Park,2,12.2,South Africa,Pakistan,RR Rossouw,AB de Villiers,Wahab Riaz,0,0,,,,,,caught,RR Rossouw,,
656455,2014/15,2015-03-07,Eden Park,2,12.3,South Africa,Pakistan,DA Miller,AB de Villiers,Wahab Riaz,0,0,,,,,,,,,
656455,2014/15,2015-03-07,Eden Park,2,12.4,South Africa,Pakistan,DA Miller,AB de Villiers,Wahab Riaz,0,0,,,,,,,,,
656455,2014/15,2015-03-07,Eden Park,2,12.5,South Africa,Pakistan,DA Miller,AB de Villiers,Wahab Riaz,0,0,,,,,,,,,
656455,2014/15,2015-03-07,Eden Park,2,12.6,South Africa,Pakistan,DA Miller,AB de Villiers,Wahab Riaz,0,0,,,,,,,,,
656455,2014/15,2015-03-07,Eden Park,2,13.1,South Africa,Pakistan,AB de Villiers,DA Miller,Rahat Ali,0,0,,,,,,,,,
656455,2014/15,2015-03-07,Eden Park,2,13.2,South Africa,Pakistan,AB de Villiers,DA Miller,Rahat Ali,0,0,,,,,,,,,
656455,2014/15,2015-03-07,Eden Park,2,13.3,South Africa,Pakistan,AB de Villiers,DA Miller,Rahat Ali,0,0,,,,,,,,,
656455,2014/15,2015-03-07,Eden Park,2,13.4,South Africa,Pakistan,AB de Villiers,DA Miller,Rahat Ali,0,0,,,,,,,,,
656455,2014/15,2015-03-07,Eden Park,2,13.5,South Africa,Pakistan,AB de Villiers,DA Miller,Rahat Ali,1,0,,,,,,,,,
656455,2014/15,2015-03-07,Eden Park,2,13.6,South Africa,Pakistan,DA Miller,AB de Villiers,Rahat Ali,0,0,,,,,,,,,
656455,2014/15,2015-03-07,Eden Park,2,14.1,South Africa,Pakistan,AB de Villiers,DA Miller,Wahab Riaz,1,0,,,,,,,,,
656455,2014/15,2015-03-07,Eden Park,2,14.2,South Africa,Pakistan,DA Miller,AB de Villiers,Wahab Riaz,0,0,,,,,,,,,
656455,2014/15,2015-03-07,Eden Park,2,14.3,South Africa,Pakistan,DA Miller,AB de Villiers,Wahab Riaz,0,0,,,,,,,,,
656455,2014/15,2015-03-07,Eden Park,2,14.4,South Africa,Pakistan,DA Miller,AB de Villiers,Wahab Riaz,0,0,,,,,,,,,
656455,2014/15,2015-03-07,Eden Park,2,14.5,South Africa,Pakistan,DA Miller,AB de Villiers,Wahab Riaz,0,0,,,,,,,,,
656455,2014/15,2015-03-07,Eden Park,2,14.6,South Africa,Pakistan,DA Miller,AB de Villiers,Wahab Riaz,0,0,,,,,,,,,
656455,2014/15,2015-03-07,Eden Park,2,15.1,South Africa,Pakistan,AB de Villiers,DA Miller,Rahat Ali,0,0,,,,,,,,,
656455,2014/15,2015-03-07,Eden Park,2,15.2,South Africa,Pakistan,AB de Villiers,DA Miller,Rahat Ali,1,0,,,,,,,,,
656455,2014/15,2015-03-07,Eden Park,2,15.3,South Africa,Pakistan,DA Miller,AB de Villiers,Rahat Ali,0,0,,,,,,,,,
656455,2014/15,2015-03-07,Eden Park,2,15.4,South Africa,Pakistan,DA Miller,AB de Villiers,Rahat Ali,0,0,,,,,,,,,
656455,2014/15,2015-03-07,Eden Park,2,15.5,South Africa,Pakistan,DA Miller,AB de Villiers,Rahat Ali,0,0,,,,,,lbw,DA Miller,,
656455,2014/15,2015-03-07,Eden Park,2,15.6,South Africa,Pakistan,JP Duminy,AB de Villiers,Rahat Ali,4,0,,,,,,,,,
656455,2014/15,2015-03-07,Eden Park,2,16.1,South Africa,Pakistan,AB de Villiers,JP Duminy,Wahab Riaz,4,0,,,,,,,,,
656455,2014/15,2015-03-07,Eden Park,2,16.2,South Africa,Pakistan,AB de Villiers,JP Duminy,Wahab Riaz,4,0,,,,,,,,,
656455,2014/15,2015-03-07,Eden Park,2,16.3,South Africa,Pakistan,AB de Villiers,JP Duminy,Wahab Riaz,1,0,,,,,,,,,
656455,2014/15,2015-03-07,Eden Park,2,16.4,South Africa,Pakistan,JP Duminy,AB de Villiers,Wahab Riaz,1,0,,,,,,,,,
656455,2014/15,2015-03-07,Eden Park,2,16.5,South Africa,Pakistan,AB de Villiers,JP Duminy,Wahab Riaz,0,0,,,,,,,,,
656455,2014/15,2015-03-07,Eden Park,2,16.6,South Africa,Pakistan,AB de Villiers,JP Duminy,Wahab Riaz,1,0,,,,,,,,,
656455,2014/15,2015-03-07,Eden Park,2,17.1,South Africa,Pakistan,AB de Villiers,JP Duminy,Rahat Ali,1,0,,,,,,,,,
656455,2014/15,2015-03-07,Eden Park,2,17.2,South Africa,Pakistan,JP Duminy,AB de Villiers,Rahat Ali,0,0,,,,,,,,,
656455,2014/15,2015-03-07,Eden Park,2,17.3,South Africa,Pakistan,JP Duminy,AB de Villiers,Rahat Ali,0,0,,,,,,,,,
656455,2014/15,2015-03-07,Eden Park,2,17.4,South Africa,Pakistan,JP Duminy,AB de Villiers,Rahat Ali,1,0,,,,,,,,,
656455,2014/15,2015-03-07,Eden Park,2,17.5,South Africa,Pakistan,AB de Villiers,JP Duminy,Rahat Ali,0,0,,,,,,,,,
656455,2014/15,2015-03-07,Eden Park,2,17.6,South Africa,Pakistan,AB de Villiers,JP Duminy,Rahat Ali,0,0,,,,,,,,,
656455,2014/15,2015-03-07,Eden Park,2,18.1,South Africa,Pakistan,JP Duminy,AB de Villiers,Wahab Riaz,0,0,,,,,,,,,
656455,2014/15,2015-03-07,Eden Park,2,18.2,South Africa,Pakistan,JP Duminy,AB de Villiers,Wahab Riaz,0,0,,,,,,,,,
656455,2014/15,2015-03-07,Eden Park,2,18.3,South Africa,Pakistan,JP Duminy,AB de Villiers,Wahab Riaz,1,0,,,,,,,,,
656455,2014/15,2015-03-07,Eden Park,2,18.4,South Africa,Pakistan,AB de Villiers,JP Duminy,Wahab Riaz,1,0,,,,,,,,,
656455,2014/15,2015-03-07,Eden Park,2,18.5,South Africa,Pakistan,JP Duminy,AB de Villiers,Wahab Riaz,0,1,1,,,,,,,,
656455,2014/15,2015-03-07,Eden Park,2,18.6,South Africa,Pakistan,JP Duminy,AB de Villiers,Wahab Riaz,1,0,,,,,,,,,
656455,2014/15,2015-03-07,Eden Park,2,18.7,South Africa,Pakistan,AB de Villiers,JP Duminy,Wahab Riaz,0,0,,,,,,,,,
656455,2014/15,2015-03-07,Eden Park,2,19.1,South Africa,Pakistan,JP Duminy,AB de Villiers,Mohammad Irfan,4,0,,,,,,,,,
656455,2014/15,2015-03-07,Eden Park,2,19.2,South Africa,Pakistan,JP Duminy,AB de Villiers,Mohammad Irfan,0,0,,,,,,,,,
656455,2014/15,2015-03-07,Eden Park,2,19.3,South Africa,Pakistan,JP Duminy,AB de Villiers,Mohammad Irfan,0,0,,,,,,,,,
656455,2014/15,2015-03-07,Eden Park,2,19.4,South Africa,Pakistan,JP Duminy,AB de Villiers,Mohammad Irfan,0,0,,,,,,caught,JP Duminy,,
656455,2014/15,2015-03-07,Eden Park,2,19.5,South Africa,Pakistan,AB de Villiers,DW Steyn,Mohammad Irfan,1,0,,,,,,,,,
656455,2014/15,2015-03-07,Eden Park,2,19.6,South Africa,Pakistan,DW Steyn,AB de Villiers,Mohammad Irfan,0,0,,,,,,,,,
656455,2014/15,2015-03-07,Eden Park,2,20.1,South Africa,Pakistan,AB de Villiers,DW Steyn,Wahab Riaz,4,0,,,,,,,,,
656455,2014/15,2015-03-07,Eden Park,2,20.2,South Africa,Pakistan,AB de Villiers,DW Steyn,Wahab Riaz,0,0,,,,,,,,,
656455,2014/15,2015-03-07,Eden Park,2,20.3,South Africa,Pakistan,AB de Villiers,DW Steyn,Wahab Riaz,0,1,1,,,,,,,,
656455,2014/15,2015-03-07,Eden Park,2,20.4,South Africa,Pakistan,AB de Villiers,DW Steyn,Wahab Riaz,6,0,,,,,,,,,
656455,2014/15,2015-03-07,Eden Park,2,20.5,South Africa,Pakistan,AB de Villiers,DW Steyn,Wahab Riaz,0,0,,,,,,,,,
656455,2014/15,2015-03-07,Eden Park,2,20.6,South Africa,Pakistan,AB de Villiers,DW Steyn,Wahab Riaz,6,0,,,,,,,,,
656455,2014/15,2015-03-07,Eden Park,2,20.7,South Africa,Pakistan,AB de Villiers,DW Steyn,Wahab Riaz,0,0,,,,,,,,,
656455,2014/15,2015-03-07,Eden Park,2,21.1,South Africa,Pakistan,DW Steyn,AB de Villiers,Mohammad Irfan,4,0,,,,,,,,,
656455,2014/15,2015-03-07,Eden Park,2,21.2,South Africa,Pakistan,DW Steyn,AB de Villiers,Mohammad Irfan,0,0,,,,,,,,,
656455,2014/15,2015-03-07,Eden Park,2,21.3,South Africa,Pakistan,DW Steyn,AB de Villiers,Mohammad Irfan,0,0,,,,,,,,,
656455,2014/15,2015-03-07,Eden Park,2,21.4,South Africa,Pakistan,DW Steyn,AB de Villiers,Mohammad Irfan,3,0,,,,,,,,,
656455,2014/15,2015-03-07,Eden Park,2,21.5,South Africa,Pakistan,AB de Villiers,DW Steyn,Mohammad Irfan,1,0,,,,,,,,,
656455,2014/15,2015-03-07,Eden Park,2,21.6,South Africa,Pakistan,DW Steyn,AB de Villiers,Mohammad Irfan,0,0,,,,,,,,,
656455,2014/15,2015-03-07,Eden Park,2,22.1,South Africa,Pakistan,AB de Villiers,DW Steyn,Shahid Afridi,1,0,,,,,,,,,
656455,2014/15,2015-03-07,Eden Park,2,22.2,South Africa,Pakistan,DW Steyn,AB de Villiers,Shahid Afridi,0,0,,,,,,,,,
656455,2014/15,2015-03-07,Eden Park,2,22.3,South Africa,Pakistan,DW Steyn,AB de Villiers,Shahid Afridi,0,0,,,,,,,,,
656455,2014/15,2015-03-07,Eden Park,2,22.4,South Africa,Pakistan,DW Steyn,AB de Villiers,Shahid Afridi,0,0,,,,,,,,,
656455,2014/15,2015-03-07,Eden Park,2,22.5,South Africa,Pakistan,DW Steyn,AB de Villiers,Shahid Afridi,0,0,,,,,,,,,
656455,2014/15,2015-03-07,Eden Park,2,22.6,South Africa,Pakistan,DW Steyn,AB de Villiers,Shahid Afridi,1,0,,,,,,,,,
656455,2014/15,2015-03-07,Eden Park,2,23.1,South Africa,Pakistan,DW Steyn,AB de Villiers,Mohammad Irfan,4,0,,,,,,,,,
656455,2014/15,2015-03-07,Eden Park,2,23.2,South Africa,Pakistan,DW Steyn,AB de Villiers,Mohammad Irfan,0,0,,,,,,,,,
656455,2014/15,2015-03-07,Eden Park,2,23.3,South Africa,Pakistan,DW Steyn,AB de Villiers,Mohammad Irfan,4,0,,,,,,,,,
656455,2014/15,2015-03-07,Eden Park,2,23.4,South Africa,Pakistan,DW Steyn,AB de Villiers,Mohammad Irfan,0,0,,,,,,,,,
656455,2014/15,2015-03-07,Eden Park,2,23.5,South Africa,Pakistan,DW Steyn,AB de Villiers,Mohammad Irfan,0,0,,,,,,,,,
656455,2014/15,2015-03-07,Eden Park,2,23.6,South Africa,Pakistan,DW Steyn,AB de Villiers,Mohammad Irfan,0,0,,,,,,caught,DW Steyn,,
656455,2014/15,2015-03-07,Eden Park,2,24.1,South Africa,Pakistan,AB de Villiers,KJ Abbott,Shahid Afridi,1,0,,,,,,,,,
656455,2014/15,2015-03-07,Eden Park,2,24.2,South Africa,Pakistan,KJ Abbott,AB de Villiers,Shahid Afridi,0,0,,,,,,,,,
656455,2014/15,2015-03-07,Eden Park,2,24.3,South Africa,Pakistan,KJ Abbott,AB de Villiers,Shahid Afridi,0,0,,,,,,,,,
656455,2014/15,2015-03-07,Eden Park,2,24.4,South Africa,Pakistan,KJ Abbott,AB de Villiers,Shahid Afridi,0,0,,,,,,,,,
656455,2014/15,2015-03-07,Eden Park,2,24.5,South Africa,Pakistan,KJ Abbott,AB de Villiers,Shahid Afridi,0,0,,,,,,,,,
656455,2014/15,2015-03-07,Eden Park,2,24.6,South Africa,Pakistan,KJ Abbott,AB de Villiers,Shahid Afridi,0,0,,,,,,,,,
656455,2014/15,2015-03-07,Eden Park,2,25.1,South Africa,Pakistan,AB de Villiers,KJ Abbott,Mohammad Irfan,1,0,,,,,,,,,
656455,2014/15,2015-03-07,Eden Park,2,25.2,South Africa,Pakistan,KJ Abbott,AB de Villiers,Mohammad Irfan,1,0,,,,,,,,,
656455,2014/15,2015-03-07,Eden Park,2,25.3,South Africa,Pakistan,AB de Villiers,KJ Abbott,Mohammad Irfan,0,0,,,,,,,,,
656455,2014/15,2015-03-07,Eden Park,2,25.4,South Africa,Pakistan,AB de Villiers,KJ Abbott,Mohammad Irfan,0,0,,,,,,,,,
656455,2014/15,2015-03-07,Eden Park,2,25.5,South Africa,Pakistan,AB de Villiers,KJ Abbott,Mohammad Irfan,1,0,,,,,,,,,
656455,2014/15,2015-03-07,Eden Park,2,25.6,South Africa,Pakistan,KJ Abbott,AB de Villiers,Mohammad Irfan,0,0,,,,,,,,,
656455,2014/15,2015-03-07,Eden Park,2,26.1,South Africa,Pakistan,AB de Villiers,KJ Abbott,Shahid Afridi,0,0,,,,,,,,,
656455,2014/15,2015-03-07,Eden Park,2,26.2,South Africa,Pakistan,AB de Villiers,KJ Abbott,Shahid Afridi,0,1,,,,1,,,,,
656455,2014/15,2015-03-07,Eden Park,2,26.3,South Africa,Pakistan,KJ Abbott,AB de Villiers,Shahid Afridi,0,0,,,,,,,,,
656455,2014/15,2015-03-07,Eden Park,2,26.4,South Africa,Pakistan,KJ Abbott,AB de Villiers,Shahid Afridi,4,0,,,,,,,,,
656455,2014/15,2015-03-07,Eden Park,2,26.5,South Africa,Pakistan,KJ Abbott,AB de Villiers,Shahid Afridi,0,0,,,,,,,,,
656455,2014/15,2015-03-07,Eden Park,2,26.6,South Africa,Pakistan,KJ Abbott,AB de Villiers,Shahid Afridi,1,0,,,,,,,,,
656455,2014/15,2015-03-07,Eden Park,2,27.1,South Africa,Pakistan,KJ Abbott,AB de Villiers,Rahat Ali,1,0,,,,,,,,,
656455,2014/15,2015-03-07,Eden Park,2,27.2,South Africa,Pakistan,AB de Villiers,KJ Abbott,Rahat Ali,4,0,,,,,,,,,
656455,2014/15,2015-03-07,Eden Park,2,27.3,South Africa,Pakistan,AB de Villiers,KJ Abbott,Rahat Ali,1,0,,,,,,,,,
656455,2014/15,2015-03-07,Eden Park,2,27.4,South Africa,Pakistan,KJ Abbott,AB de Villiers,Rahat Ali,0,0,,,,,,,,,
656455,2014/15,2015-03-07,Eden Park,2,27.5,South Africa,Pakistan,KJ Abbott,AB de Villiers,Rahat Ali,0,0,,,,,,,,,
656455,2014/15,2015-03-07,Eden Park,2,27.6,South Africa,Pakistan,KJ Abbott,AB de Villiers,Rahat Ali,0,0,,,,,,,,,
656455,2014/15,2015-03-07,Eden Park,2,28.1,South Africa,Pakistan,AB de Villiers,KJ Abbott,Shahid Afridi,1,0,,,,,,,,,
656455,2014/15,2015-03-07,Eden Park,2,28.2,South Africa,Pakistan,KJ Abbott,AB de Villiers,Shahid Afridi,0,0,,,,,,,,,
656455,2014/15,2015-03-07,Eden Park,2,28.3,South Africa,Pakistan,KJ Abbott,AB de Villiers,Shahid Afridi,1,0,,,,,,,,,
656455,2014/15,2015-03-07,Eden Park,2,28.4,South Africa,Pakistan,AB de Villiers,KJ Abbott,Shahid Afridi,6,0,,,,,,,,,
656455,2014/15,2015-03-07,Eden Park,2,28.5,South Africa,Pakistan,AB de Villiers,KJ Abbott,Shahid Afridi,6,0,,,,,,,,,
656455,2014/15,2015-03-07,Eden Park,2,28.6,South Africa,Pakistan,AB de Villiers,KJ Abbott,Shahid Afridi,0,0,,,,,,,,,
656455,2014/15,2015-03-07,Eden Park,2,29.1,South Africa,Pakistan,KJ Abbott,AB de Villiers,Rahat Ali,4,0,,,,,,,,,
656455,2014/15,2015-03-07,Eden Park,2,29.2,South Africa,Pakistan,KJ Abbott,AB de Villiers,Rahat Ali,0,0,,,,,,caught,KJ Abbott,,
656455,2014/15,2015-03-07,Eden Park,2,29.3,South Africa,Pakistan,M Morkel,AB de Villiers,Rahat Ali,0,0,,,,,,,,,
656455,2014/15,2015-03-07,Eden Park,2,29.4,South Africa,Pakistan,M Morkel,AB de Villiers,Rahat Ali,0,0,,,,,,,,,
656455,2014/15,2015-03-07,Eden Park,2,29.5,South Africa,Pakistan,M Morkel,AB de Villiers,Rahat Ali,0,1,1,,,,,,,,
656455,2014/15,2015-03-07,Eden Park,2,29.6,South Africa,Pakistan,M Morkel,AB de Villiers,Rahat Ali,4,0,,,,,,,,,
656455,2014/15,2015-03-07,Eden Park,2,29.7,South Africa,Pakistan,M Morkel,AB de Villiers,Rahat Ali,0,0,,,,,,,,,
656455,2014/15,2015-03-07,Eden Park,2,30.1,South Africa,Pakistan,AB de Villiers,M Morkel,Sohail Khan,0,0,,,,,,,,,
656455,2014/15,2015-03-07,Eden Park,2,30.2,South Africa,Pakistan,AB de Villiers,M Morkel,Sohail Khan,4,0,,,,,,,,,
656455,2014/15,2015-03-07,Eden Park,2,30.3,South Africa,Pakistan,AB de Villiers,M Morkel,Sohail Khan,1,0,,,,,,,,,
656455,2014/15,2015-03-07,Eden Park,2,30.4,South Africa,Pakistan,M Morkel,AB de Villiers,Sohail Khan,1,0,,,,,,,,,
656455,2014/15,2015-03-07,Eden Park,2,30.5,South Africa,Pakistan,AB de Villiers,M Morkel,Sohail Khan,1,0,,,,,,,,,
656455,2014/15,2015-03-07,Eden Park,2,30.6,South Africa,Pakistan,M Morkel,AB de Villiers,Sohail Khan,0,1,1,,,,,,,,
656455,2014/15,2015-03-07,Eden Park,2,30.7,South Africa,Pakistan,M Morkel,AB de Villiers,Sohail Khan,0,0,,,,,,,,,
656455,2014/15,2015-03-07,Eden Park,2,31.1,South Africa,Pakistan,AB de Villiers,M Morkel,Wahab Riaz,0,0,,,,,,,,,
656455,2014/15,2015-03-07,Eden Park,2,31.2,South Africa,Pakistan,AB de Villiers,M Morkel,Wahab Riaz,6,0,,,,,,,,,
656455,2014/15,2015-03-07,Eden Park,2,31.3,South Africa,Pakistan,AB de Villiers,M Morkel,Wahab Riaz,0,0,,,,,,,,,
656455,2014/15,2015-03-07,Eden Park,2,31.4,South Africa,Pakistan,AB de Villiers,M Morkel,Wahab Riaz,4,0,,,,,,,,,
656455,2014/15,2015-03-07,Eden Park,2,31.5,South Africa,Pakistan,AB de Villiers,M Morkel,Wahab Riaz,1,0,,,,,,,,,
656455,2014/15,2015-03-07,Eden Park,2,31.6,South Africa,Pakistan,M Morkel,AB de Villiers,Wahab Riaz,0,0,,,,,,,,,
656455,2014/15,2015-03-07,Eden Park,2,32.1,South Africa,Pakistan,AB de Villiers,M Morkel,Sohail Khan,4,0,,,,,,,,,
656455,2014/15,2015-03-07,Eden Park,2,32.2,South Africa,Pakistan,AB de Villiers,M Morkel,Sohail Khan,0,0,,,,,,caught,AB de Villiers,,
656455,2014/15,2015-03-07,Eden Park,2,32.3,South Africa,Pakistan,Imran Tahir,M Morkel,Sohail Khan,0,0,,,,,,,,,
656455,2014/15,2015-03-07,Eden Park,2,32.4,South Africa,Pakistan,Imran Tahir,M Morkel,Sohail Khan,0,1,1,,,,,,,,
656455,2014/15,2015-03-07,Eden Park,2,32.5,South Africa,Pakistan,Imran Tahir,M Morkel,Sohail Khan,0,0,,,,,,,,,
656455,2014/15,2015-03-07,Eden Park,2,32.6,South Africa,Pakistan,Imran Tahir,M Morkel,Sohail Khan,0,0,,,,,,,,,
656455,2014/15,2015-03-07,Eden Park,2,32.7,South Africa,Pakistan,Imran Tahir,M Morkel,Sohail Khan,0,0,,,,,,,,,
656455,2014/15,2015-03-07,Eden Park,2,33.1,South Africa,Pakistan,M Morkel,Imran Tahir,Wahab Riaz,1,0,,,,,,,,,
656455,2014/15,2015-03-07,Eden Park,2,33.2,South Africa,Pakistan,Imran Tahir,M Morkel,Wahab Riaz,0,0,,,,,,,,,
656455,2014/15,2015-03-07,Eden Park,2,33.3,South Africa,Pakistan,Imran Tahir,M Morkel,Wahab Riaz,0,0,,,,,,caught,Imran Tahir,,
