match_id,season,start_date,venue,innings,ball,batting_team,bowling_team,striker,non_striker,bowler,runs_off_bat,extras,wides,noballs,byes,legbyes,penalty,wicket_type,player_dismissed,other_wicket_type,other_player_dismissed
656461,2014/15,2015-03-08,Sydney Cricket Ground,1,0.1,Australia,Sri Lanka,AJ Finch,DA Warner,SL Malinga,0,0,,,,,,,,,
656461,2014/15,2015-03-08,Sydney Cricket Ground,1,0.2,Australia,Sri Lanka,AJ Finch,DA Warner,SL Malinga,1,0,,,,,,,,,
656461,2014/15,2015-03-08,Sydney Cricket Ground,1,0.3,Australia,Sri Lanka,DA Warner,AJ Finch,SL Malinga,0,0,,,,,,,,,
656461,2014/15,2015-03-08,Sydney Cricket Ground,1,0.4,Australia,Sri Lanka,DA Warner,AJ Finch,SL Malinga,0,0,,,,,,,,,
656461,2014/15,2015-03-08,Sydney Cricket Ground,1,0.5,Australia,Sri Lanka,DA Warner,AJ Finch,SL Malinga,0,0,,,,,,,,,
656461,2014/15,2015-03-08,Sydney Cricket Ground,1,0.6,Australia,Sri Lanka,DA Warner,AJ Finch,SL Malinga,3,0,,,,,,,,,
656461,2014/15,2015-03-08,Sydney Cricket Ground,1,1.1,Australia,Sri Lanka,DA Warner,AJ Finch,SMSM Senanayake,0,0,,,,,,,,,
656461,2014/15,2015-03-08,Sydney Cricket Ground,1,1.2,Australia,Sri Lanka,DA Warner,AJ Finch,SMSM Senanayake,1,0,,,,,,,,,
656461,2014/15,2015-03-08,Sydney Cricket Ground,1,1.3,Australia,Sri Lanka,AJ Finch,DA Warner,SMSM Senanayake,0,0,,,,,,,,,
656461,2014/15,2015-03-08,Sydney Cricket Ground,1,1.4,Australia,Sri Lanka,AJ Finch,DA Warner,SMSM Senanayake,0,0,,,,,,,,,
656461,2014/15,2015-03-08,Sydney Cricket Ground,1,1.5,Australia,Sri Lanka,AJ Finch,DA Warner,SMSM Senanayake,0,0,,,,,,,,,
656461,2014/15,2015-03-08,Sydney Cricket Ground,1,1.6,Australia,Sri Lanka,AJ Finch,DA Warner,SMSM Senanayake,3,0,,,,,,,,,
656461,2014/15,2015-03-08,Sydney Cricket Ground,1,2.1,Australia,Sri Lanka,AJ Finch,DA Warner,SL Malinga,0,0,,,,,,,,,
656461,2014/15,2015-03-08,Sydney Cricket Ground,1,2.2,Australia,Sri Lanka,AJ Finch,DA Warner,SL Malinga,0,0,,,,,,,,,
656461,2014/15,2015-03-08,Sydney Cricket Ground,1,2.3,Australia,Sri Lanka,AJ Finch,DA Warner,SL Malinga,4,0,,,,,,,,,
656461,2014/15,2015-03-08,Sydney Cricket Ground,1,2.4,Australia,Sri Lanka,AJ Finch,DA Warner,SL Malinga,0,0,,,,,,,,,
656461,2014/15,2015-03-08,Sydney Cricket Ground,1,2.5,Australia,Sri Lanka,AJ Finch,DA Warner,SL Malinga,0,0,,,,,,,,,
656461,2014/15,2015-03-08,Sydney Cricket Ground,1,2.6,Australia,Sri Lanka,AJ Finch,DA Warner,SL Malinga,1,0,,,,,,,,,
656461,2014/15,2015-03-08,Sydney Cricket Ground,1,3.1,Australia,Sri Lanka,AJ Finch,DA Warner,SMSM Senanayake,1,0,,,,,,,,,
656461,2014/15,2015-03-08,Sydney Cricket Ground,1,3.2,Australia,Sri Lanka,DA Warner,AJ Finch,SMSM Senanayake,4,0,,,,,,,,,
656461,2014/15,2015-03-08,Sydney Cricket Ground,1,3.3,Australia,Sri Lanka,DA Warner,AJ Finch,SMSM Senanayake,0,0,,,,,,,,,
656461,2014/15,2015-03-08,Sydney Cricket Ground,1,3.4,Australia,Sri Lanka,DA Warner,AJ Finch,SMSM Senanayake,0,0,,,,,,,,,
656461,2014/15,2015-03-08,Sydney Cricket Ground,1,3.5,Australia,Sri Lanka,DA Warner,AJ Finch,SMSM Senanayake,1,0,,,,,,,,,
656461,2014/15,2015-03-08,Sydney Cricket Ground,1,3.6,Australia,Sri Lanka,AJ Finch,DA Warner,SMSM Senanayake,0,0,,,,,,,,,
656461,2014/15,2015-03-08,Sydney Cricket Ground,1,4.1,Australia,Sri Lanka,DA Warner,AJ Finch,SL Malinga,0,0,,,,,,,,,
656461,2014/15,2015-03-08,Sydney Cricket Ground,1,4.2,Australia,Sri Lanka,DA Warner,AJ Finch,SL Malinga,0,0,,,,,,caught,DA Warner,,
656461,2014/15,2015-03-08,Sydney Cricket Ground,1,4.3,Australia,Sri Lanka,SPD Smith,AJ Finch,SL Malinga,0,1,1,,,,,,,,
656461,2014/15,2015-03-08,Sydney Cricket Ground,1,4.4,Australia,Sri Lanka,SPD Smith,AJ Finch,SL Malinga,0,0,,,,,,,,,
656461,2014/15,2015-03-08,Sydney Cricket Ground,1,4.5,Australia,Sri Lanka,SPD Smith,AJ Finch,SL Malinga,0,0,,,,,,,,,
656461,2014/15,2015-03-08,Sydney Cricket Ground,1,4.6,Australia,Sri Lanka,SPD Smith,AJ Finch,SL Malinga,0,0,,,,,,,,,
656461,2014/15,2015-03-08,Sydney Cricket Ground,1,4.7,Australia,Sri Lanka,SPD Smith,AJ Finch,SL Malinga,4,0,,,,,,,,,
656461,2014/15,2015-03-08,Sydney Cricket Ground,1,5.1,Australia,Sri Lanka,AJ Finch,SPD Smith,SMSM Senanayake,0,0,,,,,,,,,
656461,2014/15,2015-03-08,Sydney Cricket Ground,1,5.2,Australia,Sri Lanka,AJ Finch,SPD Smith,SMSM Senanayake,4,0,,,,,,,,,
656461,2014/15,2015-03-08,Sydney Cricket Ground,1,5.3,Australia,Sri Lanka,AJ Finch,SPD Smith,SMSM Senanayake,3,0,,,,,,,,,
656461,2014/15,2015-03-08,Sydney Cricket Ground,1,5.4,Australia,Sri Lanka,SPD Smith,AJ Finch,SMSM Senanayake,1,0,,,,,,,,,
656461,2014/15,2015-03-08,Sydney Cricket Ground,1,5.5,Australia,Sri Lanka,AJ Finch,SPD Smith,SMSM Senanayake,0,0,,,,,,,,,
656461,2014/15,2015-03-08,Sydney Cricket Ground,1,5.6,Australia,Sri Lanka,AJ Finch,SPD Smith,SMSM Senanayake,0,0,,,,,,,,,
656461,2014/15,2015-03-08,Sydney Cricket Ground,1,6.1,Australia,Sri Lanka,SPD Smith,AJ Finch,SL Malinga,2,0,,,,,,,,,
656461,2014/15,2015-03-08,Sydney Cricket Ground,1,6.2,Australia,Sri Lanka,SPD Smith,AJ Finch,SL Malinga,0,0,,,,,,,,,
656461,2014/15,2015-03-08,Sydney Cricket Ground,1,6.3,Australia,Sri Lanka,SPD Smith,AJ Finch,SL Malinga,0,0,,,,,,,,,
656461,2014/15,2015-03-08,Sydney Cricket Ground,1,6.4,Australia,Sri Lanka,SPD Smith,AJ Finch,SL Malinga,0,0,,,,,,,,,
656461,2014/15,2015-03-08,Sydney Cricket Ground,1,6.5,Australia,Sri Lanka,SPD Smith,AJ Finch,SL Malinga,0,0,,,,,,,,,
656461,2014/15,2015-03-08,Sydney Cricket Ground,1,6.6,Australia,Sri Lanka,SPD Smith,AJ Finch,SL Malinga,0,0,,,,,,,,,
656461,2014/15,2015-03-08,Sydney Cricket Ground,1,7.1,Australia,Sri Lanka,AJ Finch,SPD Smith,AD Mathews,3,0,,,,,,,,,
656461,2014/15,2015-03-08,Sydney Cricket Ground,1,7.2,Australia,Sri Lanka,SPD Smith,AJ Finch,AD Mathews,0,0,,,,,,,,,
656461,2014/15,2015-03-08,Sydney Cricket Ground,1,7.3,Australia,Sri Lanka,SPD Smith,AJ Finch,AD Mathews,0,0,,,,,,,,,
656461,2014/15,2015-03-08,Sydney Cricket Ground,1,7.4,Australia,Sri Lanka,SPD Smith,AJ Finch,AD Mathews,0,0,,,,,,,,,
656461,2014/15,2015-03-08,Sydney Cricket Ground,1,7.5,Australia,Sri Lanka,SPD Smith,AJ Finch,AD Mathews,0,0,,,,,,,,,
656461,2014/15,2015-03-08,Sydney Cricket Ground,1,7.6,Australia,Sri Lanka,SPD Smith,AJ Finch,AD Mathews,0,0,,,,,,,,,
656461,2014/15,2015-03-08,Sydney Cricket Ground,1,8.1,Australia,Sri Lanka,AJ Finch,SPD Smith,S Prasanna,0,0,,,,,,,,,
656461,2014/15,2015-03-08,Sydney Cricket Ground,1,8.2,Australia,Sri Lanka,AJ Finch,SPD Smith,S Prasanna,4,0,,,,,,,,,
656461,2014/15,2015-03-08,Sydney Cricket Ground,1,8.3,Australia,Sri Lanka,AJ Finch,SPD Smith,S Prasanna,0,0,,,,,,,,,
656461,2014/15,2015-03-08,Sydney Cricket Ground,1,8.4,Australia,Sri Lanka,AJ Finch,SPD Smith,S Prasanna,0,0,,,,,,stumped,AJ Finch,,
656461,2014/15,2015-03-08,Sydney Cricket Ground,1,8.5,Australia,Sri Lanka,MJ Clarke,SPD Smith,S Prasanna,0,0,,,,,,,,,
656461,2014/15,2015-03-08,Sydney Cricket Ground,1,8.6,Australia,Sri Lanka,MJ Clarke,SPD Smith,S Prasanna,0,0,,,,,,,,,
656461,2014/15,2015-03-08,Sydney Cricket Ground,1,9.1,Australia,Sri Lanka,SPD Smith,MJ Clarke,AD Mathews,0,0,,,,,,,,,
656461,2014/15,2015-03-08,Sydney Cricket Ground,1,9.2,Australia,Sri Lanka,SPD Smith,MJ Clarke,AD Mathews,0,0,,,,,,,,,
656461,2014/15,2015-03-08,Sydney Cricket Ground,1,9.3,Australia,Sri Lanka,SPD Smith,MJ Clarke,AD Mathews,0,0,,,,,,,,,
656461,2014/15,2015-03-08,Sydney Cricket Ground,1,9.4,Australia,Sri Lanka,SPD Smith,MJ Clarke,AD Mathews,4,0,,,,,,,,,
656461,2014/15,2015-03-08,Sydney Cricket Ground,1,9.5,Australia,Sri Lanka,SPD Smith,MJ Clarke,AD Mathews,0,0,,,,,,,,,
656461,2014/15,2015-03-08,Sydney Cricket Ground,1,9.6,Australia,Sri Lanka,SPD Smith,MJ Clarke,AD Mathews,4,0,,,,,,,,,
656461,2014/15,2015-03-08,Sydney Cricket Ground,1,10.1,Australia,Sri Lanka,MJ Clarke,SPD Smith,S Prasanna,0,0,,,,,,,,,
656461,2014/15,2015-03-08,Sydney Cricket Ground,1,10.2,Australia,Sri Lanka,MJ Clarke,SPD Smith,S Prasanna,0,0,,,,,,,,,
656461,2014/15,2015-03-08,Sydney Cricket Ground,1,10.3,Australia,Sri Lanka,MJ Clarke,SPD Smith,S Prasanna,1,0,,,,,,,,,
656461,2014/15,2015-03-08,Sydney Cricket Ground,1,10.4,Australia,Sri Lanka,SPD Smith,MJ Clarke,S Prasanna,0,0,,,,,,,,,
656461,2014/15,2015-03-08,Sydney Cricket Ground,1,10.5,Australia,Sri Lanka,SPD Smith,MJ Clarke,S Prasanna,1,0,,,,,,,,,
656461,2014/15,2015-03-08,Sydney Cricket Ground,1,10.6,Australia,Sri Lanka,MJ Clarke,SPD Smith,S Prasanna,1,0,,,,,,,,,
656461,2014/15,2015-03-08,Sydney Cricket Ground,1,11.1,Australia,Sri Lanka,MJ Clarke,SPD Smith,SMSM Senanayake,1,0,,,,,,,,,
656461,2014/15,2015-03-08,Sydney Cricket Ground,1,11.2,Australia,Sri Lanka,SPD Smith,MJ Clarke,SMSM Senanayake,0,0,,,,,,,,,
656461,2014/15,2015-03-08,Sydney Cricket Ground,1,11.3,Australia,Sri Lanka,SPD Smith,MJ Clarke,SMSM Senanayake,1,0,,,,,,,,,
656461,2014/15,2015-03-08,Sydney Cricket Ground,1,11.4,Australia,Sri Lanka,MJ Clarke,SPD Smith,SMSM Senanayake,1,0,,,,,,,,,
656461,2014/15,2015-03-08,Sydney Cricket Ground,1,11.5,Australia,Sri Lanka,SPD Smith,MJ Clarke,SMSM Senanayake,1,0,,,,,,,,,
656461,2014/15,2015-03-08,Sydney Cricket Ground,1,11.6,Australia,Sri Lanka,MJ Clarke,SPD Smith,SMSM Senanayake,0,0,,,,,,,,,
656461,2014/15,2015-03-08,Sydney Cricket Ground,1,12.1,Australia,Sri Lanka,SPD Smith,MJ Clarke,S Prasanna,1,0,,,,,,,,,
656461,2014/15,2015-03-08,Sydney Cricket Ground,1,12.2,Australia,Sri Lanka,MJ Clarke,SPD Smith,S Prasanna,1,0,,,,,,,,,
656461,2014/15,2015-03-08,Sydney Cricket Ground,1,12.3,Australia,Sri Lanka,SPD Smith,MJ Clarke,S Prasanna,1,0,,,,,,,,,
656461,2014/15,2015-03-08,Sydney Cricket Ground,1,12.4,Australia,Sri Lanka,MJ Clarke,SPD Smith,S Prasanna,1,0,,,,,,,,,
656461,2014/15,2015-03-08,Sydney Cricket Ground,1,12.5,Australia,Sri Lanka,SPD Smith,MJ Clarke,S Prasanna,1,0,,,,,,,,,
656461,2014/15,2015-03-08,Sydney Cricket Ground,1,12.6,Australia,Sri Lanka,MJ Clarke,SPD Smith,S Prasanna,2,0,,,,,,,,,
656461,2014/15,2015-03-08,Sydney Cricket Ground,1,13.1,Australia,Sri Lanka,SPD Smith,MJ Clarke,SMSM Senanayake,0,0,,,,,,,,,
656461,2014/15,2015-03-08,Sydney Cricket Ground,1,13.2,Australia,Sri Lanka,SPD Smith,MJ Clarke,SMSM Senanayake,1,0,,,,,,,,,
656461,2014/15,2015-03-08,Sydney Cricket Ground,1,13.3,Australia,Sri Lanka,MJ Clarke,SPD Smith,SMSM Senanayake,0,0,,,,,,,,,
656461,2014/15,2015-03-08,Sydney Cricket Ground,1,13.4,Australia,Sri Lanka,MJ Clarke,SPD Smith,SMSM Senanayake,0,0,,,,,,,,,
656461,2014/15,2015-03-08,Sydney Cricket Ground,1,13.5,Australia,Sri Lanka,MJ Clarke,SPD Smith,SMSM Senanayake,1,0,,,,,,,,,
656461,2014/15,2015-03-08,Sydney Cricket Ground,1,13.6,Australia,Sri Lanka,SPD Smith,MJ Clarke,SMSM Senanayake,0,0,,,,,,,,,
656461,2014/15,2015-03-08,Sydney Cricket Ground,1,14.1,Australia,Sri Lanka,MJ Clarke,SPD Smith,NLTC Perera,0,0,,,,,,,,,
656461,2014/15,2015-03-08,Sydney Cricket Ground,1,14.2,Australia,Sri Lanka,MJ Clarke,SPD Smith,NLTC Perera,1,0,,,,,,,,,
656461,2014/15,2015-03-08,Sydney Cricket Ground,1,14.3,Australia,Sri Lanka,SPD Smith,MJ Clarke,NLTC Perera,1,0,,,,,,,,,
656461,2014/15,2015-03-08,Sydney Cricket Ground,1,14.4,Australia,Sri Lanka,MJ Clarke,SPD Smith,NLTC Perera,1,0,,,,,,,,,
656461,2014/15,2015-03-08,Sydney Cricket Ground,1,14.5,Australia,Sri Lanka,SPD Smith,MJ Clarke,NLTC Perera,4,0,,,,,,,,,
656461,2014/15,2015-03-08,Sydney Cricket Ground,1,14.6,Australia,Sri Lanka,SPD Smith,MJ Clarke,NLTC Perera,0,0,,,,,,,,,
656461,2014/15,2015-03-08,Sydney Cricket Ground,1,15.1,Australia,Sri Lanka,MJ Clarke,SPD Smith,SMSM Senanayake,0,0,,,,,,,,,
656461,2014/15,2015-03-08,Sydney Cricket Ground,1,15.2,Australia,Sri Lanka,MJ Clarke,SPD Smith,SMSM Senanayake,0,0,,,,,,,,,
656461,2014/15,2015-03-08,Sydney Cricket Ground,1,15.3,Australia,Sri Lanka,MJ Clarke,SPD Smith,SMSM Senanayake,1,0,,,,,,,,,
656461,2014/15,2015-03-08,Sydney Cricket Ground,1,15.4,Australia,Sri Lanka,SPD Smith,MJ Clarke,SMSM Senanayake,1,0,,,,,,,,,
656461,2014/15,2015-03-08,Sydney Cricket Ground,1,15.5,Australia,Sri Lanka,MJ Clarke,SPD Smith,SMSM Senanayake,0,0,,,,,,,,,
656461,2014/15,2015-03-08,Sydney Cricket Ground,1,15.6,Australia,Sri Lanka,MJ Clarke,SPD Smith,SMSM Senanayake,2,0,,,,,,,,,
656461,2014/15,2015-03-08,Sydney Cricket Ground,1,16.1,Australia,Sri Lanka,SPD Smith,MJ Clarke,NLTC Perera,0,0,,,,,,,,,
656461,2014/15,2015-03-08,Sydney Cricket Ground,1,16.2,Australia,Sri Lanka,SPD Smith,MJ Clarke,NLTC Perera,0,0,,,,,,,,,
656461,2014/15,2015-03-08,Sydney Cricket Ground,1,16.3,Australia,Sri Lanka,SPD Smith,MJ Clarke,NLTC Perera,1,0,,,,,,,,,
656461,2014/15,2015-03-08,Sydney Cricket Ground,1,16.4,Australia,Sri Lanka,MJ Clarke,SPD Smith,NLTC Perera,1,0,,,,,,,,,
656461,2014/15,2015-03-08,Sydney Cricket Ground,1,16.5,Australia,Sri Lanka,SPD Smith,MJ Clarke,NLTC Perera,0,0,,,,,,,,,
656461,2014/15,2015-03-08,Sydney Cricket Ground,1,16.6,Australia,Sri Lanka,SPD Smith,MJ Clarke,NLTC Perera,1,0,,,,,,,,,
656461,2014/15,2015-03-08,Sydney Cricket Ground,1,17.1,Australia,Sri Lanka,SPD Smith,MJ Clarke,S Prasanna,1,0,,,,,,,,,
656461,2014/15,2015-03-08,Sydney Cricket Ground,1,17.2,Australia,Sri Lanka,MJ Clarke,SPD Smith,S Prasanna,0,0,,,,,,,,,
656461,2014/15,2015-03-08,Sydney Cricket Ground,1,17.3,Australia,Sri Lanka,MJ Clarke,SPD Smith,S Prasanna,1,0,,,,,,,,,
656461,2014/15,2015-03-08,Sydney Cricket Ground,1,17.4,Australia,Sri Lanka,SPD Smith,MJ Clarke,S Prasanna,0,0,,,,,,,,,
656461,2014/15,2015-03-08,Sydney Cricket Ground,1,17.5,Australia,Sri Lanka,SPD Smith,MJ Clarke,S Prasanna,1,0,,,,,,,,,
656461,2014/15,2015-03-08,Sydney Cricket Ground,1,17.6,Australia,Sri Lanka,MJ Clarke,SPD Smith,S Prasanna,0,0,,,,,,,,,
656461,2014/15,2015-03-08,Sydney Cricket Ground,1,18.1,Australia,Sri Lanka,SPD Smith,MJ Clarke,NLTC Perera,0,0,,,,,,,,,
656461,2014/15,2015-03-08,Sydney Cricket Ground,1,18.2,Australia,Sri Lanka,SPD Smith,MJ Clarke,NLTC Perera,0,0,,,,,,,,,
656461,2014/15,2015-03-08,Sydney Cricket Ground,1,18.3,Australia,Sri Lanka,SPD Smith,MJ Clarke,NLTC Perera,1,0,,,,,,,,,
656461,2014/15,2015-03-08,Sydney Cricket Ground,1,18.4,Australia,Sri Lanka,MJ Clarke,SPD Smith,NLTC Perera,1,0,,,,,,,,,
656461,2014/15,2015-03-08,Sydney Cricket Ground,1,18.5,Australia,Sri Lanka,SPD Smith,MJ Clarke,NLTC Perera,1,0,,,,,,,,,
656461,2014/15,2015-03-08,Sydney Cricket Ground,1,18.6,Australia,Sri Lanka,MJ Clarke,SPD Smith,NLTC Perera,0,0,,,,,,,,,
656461,2014/15,2015-03-08,Sydney Cricket Ground,1,19.1,Australia,Sri Lanka,SPD Smith,MJ Clarke,S Prasanna,0,0,,,,,,,,,
656461,2014/15,2015-03-08,Sydney Cricket Ground,1,19.2,Australia,Sri Lanka,SPD Smith,MJ Clarke,S Prasanna,0,0,,,,,,,,,
656461,2014/15,2015-03-08,Sydney Cricket Ground,1,19.3,Australia,Sri Lanka,SPD Smith,MJ Clarke,S Prasanna,0,0,,,,,,,,,
656461,2014/15,2015-03-08,Sydney Cricket Ground,1,19.4,Australia,Sri Lanka,SPD Smith,MJ Clarke,S Prasanna,0,0,,,,,,,,,
656461,2014/15,2015-03-08,Sydney Cricket Ground,1,19.5,Australia,Sri Lanka,SPD Smith,MJ Clarke,S Prasanna,0,0,,,,,,,,,
656461,2014/15,2015-03-08,Sydney Cricket Ground,1,19.6,Australia,Sri Lanka,SPD Smith,MJ Clarke,S Prasanna,1,0,,,,,,,,,
656461,2014/15,2015-03-08,Sydney Cricket Ground,1,20.1,Australia,Sri Lanka,SPD Smith,MJ Clarke,NLTC Perera,0,0,,,,,,,,,
656461,2014/15,2015-03-08,Sydney Cricket Ground,1,20.2,Australia,Sri Lanka,SPD Smith,MJ Clarke,NLTC Perera,0,0,,,,,,,,,
656461,2014/15,2015-03-08,Sydney Cricket Ground,1,20.3,Australia,Sri Lanka,SPD Smith,MJ Clarke,NLTC Perera,1,0,,,,,,,,,
656461,2014/15,2015-03-08,Sydney Cricket Ground,1,20.4,Australia,Sri Lanka,MJ Clarke,SPD Smith,NLTC Perera,1,0,,,,,,,,,
656461,2014/15,2015-03-08,Sydney Cricket Ground,1,20.5,Australia,Sri Lanka,SPD Smith,MJ Clarke,NLTC Perera,1,0,,,,,,,,,
656461,2014/15,2015-03-08,Sydney Cricket Ground,1,20.6,Australia,Sri Lanka,MJ Clarke,SPD Smith,NLTC Perera,4,0,,,,,,,,,
656461,2014/15,2015-03-08,Sydney Cricket Ground,1,21.1,Australia,Sri Lanka,SPD Smith,MJ Clarke,S Prasanna,0,0,,,,,,,,,
656461,2014/15,2015-03-08,Sydney Cricket Ground,1,21.2,Australia,Sri Lanka,SPD Smith,MJ Clarke,S Prasanna,0,0,,,,,,,,,
656461,2014/15,2015-03-08,Sydney Cricket Ground,1,21.3,Australia,Sri Lanka,SPD Smith,MJ Clarke,S Prasanna,2,0,,,,,,,,,
656461,2014/15,2015-03-08,Sydney Cricket Ground,1,21.4,Australia,Sri Lanka,SPD Smith,MJ Clarke,S Prasanna,0,0,,,,,,,,,
656461,2014/15,2015-03-08,Sydney Cricket Ground,1,21.5,Australia,Sri Lanka,SPD Smith,MJ Clarke,S Prasanna,0,0,,,,,,,,,
656461,2014/15,2015-03-08,Sydney Cricket Ground,1,21.6,Australia,Sri Lanka,SPD Smith,MJ Clarke,S Prasanna,0,0,,,,,,,,,
656461,2014/15,2015-03-08,Sydney Cricket Ground,1,22.1,Australia,Sri Lanka,MJ Clarke,SPD Smith,TM Dilshan,0,0,,,,,,,,,
656461,2014/15,2015-03-08,Sydney Cricket Ground,1,22.2,Australia,Sri Lanka,MJ Clarke,SPD Smith,TM Dilshan,2,0,,,,,,,,,
656461,2014/15,2015-03-08,Sydney Cricket Ground,1,22.3,Australia,Sri Lanka,MJ Clarke,SPD Smith,TM Dilshan,1,0,,,,,,,,,
656461,2014/15,2015-03-08,Sydney Cricket Ground,1,22.4,Australia,Sri Lanka,SPD Smith,MJ Clarke,TM Dilshan,1,0,,,,,,,,,
656461,2014/15,2015-03-08,Sydney Cricket Ground,1,22.5,Australia,Sri Lanka,MJ Clarke,SPD Smith,TM Dilshan,0,0,,,,,,,,,
656461,2014/15,2015-03-08,Sydney Cricket Ground,1,22.6,Australia,Sri Lanka,MJ Clarke,SPD Smith,TM Dilshan,1,0,,,,,,,,,
656461,2014/15,2015-03-08,Sydney Cricket Ground,1,23.1,Australia,Sri Lanka,MJ Clarke,SPD Smith,S Prasanna,0,0,,,,,,,,,
656461,2014/15,2015-03-08,Sydney Cricket Ground,1,23.2,Australia,Sri Lanka,MJ Clarke,SPD Smith,S Prasanna,1,0,,,,,,,,,
656461,2014/15,2015-03-08,Sydney Cricket Ground,1,23.3,Australia,Sri Lanka,SPD Smith,MJ Clarke,S Prasanna,4,0,,,,,,,,,
656461,2014/15,2015-03-08,Sydney Cricket Ground,1,23.4,Australia,Sri Lanka,SPD Smith,MJ Clarke,S Prasanna,1,0,,,,,,,,,
656461,2014/15,2015-03-08,Sydney Cricket Ground,1,23.5,Australia,Sri Lanka,MJ Clarke,SPD Smith,S Prasanna,0,0,,,,,,,,,
656461,2014/15,2015-03-08,Sydney Cricket Ground,1,23.6,Australia,Sri Lanka,MJ Clarke,SPD Smith,S Prasanna,1,0,,,,,,,,,
656461,2014/15,2015-03-08,Sydney Cricket Ground,1,24.1,Australia,Sri Lanka,MJ Clarke,SPD Smith,TM Dilshan,1,0,,,,,,,,,
656461,2014/15,2015-03-08,Sydney Cricket Ground,1,24.2,Australia,Sri Lanka,SPD Smith,MJ Clarke,TM Dilshan,1,0,,,,,,,,,
656461,2014/15,2015-03-08,Sydney Cricket Ground,1,24.3,Australia,Sri Lanka,MJ Clarke,SPD Smith,TM Dilshan,1,0,,,,,,,,,
656461,2014/15,2015-03-08,Sydney Cricket Ground,1,24.4,Australia,Sri Lanka,SPD Smith,MJ Clarke,TM Dilshan,0,0,,,,,,,,,
656461,2014/15,2015-03-08,Sydney Cricket Ground,1,24.5,Australia,Sri Lanka,SPD Smith,MJ Clarke,TM Dilshan,0,0,,,,,,,,,
656461,2014/15,2015-03-08,Sydney Cricket Ground,1,24.6,Australia,Sri Lanka,SPD Smith,MJ Clarke,TM Dilshan,4,0,,,,,,,,,
656461,2014/15,2015-03-08,Sydney Cricket Ground,1,25.1,Australia,Sri Lanka,MJ Clarke,SPD Smith,AD Mathews,1,0,,,,,,,,,
656461,2014/15,2015-03-08,Sydney Cricket Ground,1,25.2,Australia,Sri Lanka,SPD Smith,MJ Clarke,AD Mathews,1,0,,,,,,,,,
656461,2014/15,2015-03-08,Sydney Cricket Ground,1,25.3,Australia,Sri Lanka,MJ Clarke,SPD Smith,AD Mathews,0,0,,,,,,,,,
656461,2014/15,2015-03-08,Sydney Cricket Ground,1,25.4,Australia,Sri Lanka,MJ Clarke,SPD Smith,AD Mathews,3,0,,,,,,,,,
656461,2014/15,2015-03-08,Sydney Cricket Ground,1,25.5,Australia,Sri Lanka,SPD Smith,MJ Clarke,AD Mathews,1,0,,,,,,,,,
656461,2014/15,2015-03-08,Sydney Cricket Ground,1,25.6,Australia,Sri Lanka,MJ Clarke,SPD Smith,AD Mathews,1,0,,,,,,,,,
656461,2014/15,2015-03-08,Sydney Cricket Ground,1,26.1,Australia,Sri Lanka,MJ Clarke,SPD Smith,TM Dilshan,1,0,,,,,,,,,
656461,2014/15,2015-03-08,Sydney Cricket Ground,1,26.2,Australia,Sri Lanka,SPD Smith,MJ Clarke,TM Dilshan,1,0,,,,,,,,,
656461,2014/15,2015-03-08,Sydney Cricket Ground,1,26.3,Australia,Sri Lanka,MJ Clarke,SPD Smith,TM Dilshan,0,0,,,,,,,,,
656461,2014/15,2015-03-08,Sydney Cricket Ground,1,26.4,Australia,Sri Lanka,MJ Clarke,SPD Smith,TM Dilshan,1,0,,,,,,,,,
656461,2014/15,2015-03-08,Sydney Cricket Ground,1,26.5,Australia,Sri Lanka,SPD Smith,MJ Clarke,TM Dilshan,1,0,,,,,,,,,
656461,2014/15,2015-03-08,Sydney Cricket Ground,1,26.6,Australia,Sri Lanka,MJ Clarke,SPD Smith,TM Dilshan,1,0,,,,,,,,,
656461,2014/15,2015-03-08,Sydney Cricket Ground,1,27.1,Australia,Sri Lanka,MJ Clarke,SPD Smith,AD Mathews,4,0,,,,,,,,,
656461,2014/15,2015-03-08,Sydney Cricket Ground,1,27.2,Australia,Sri Lanka,MJ Clarke,SPD Smith,AD Mathews,1,0,,,,,,,,,
656461,2014/15,2015-03-08,Sydney Cricket Ground,1,27.3,Australia,Sri Lanka,SPD Smith,MJ Clarke,AD Mathews,0,1,1,,,,,,,,
656461,2014/15,2015-03-08,Sydney Cricket Ground,1,27.4,Australia,Sri Lanka,SPD Smith,MJ Clarke,AD Mathews,0,0,,,,,,,,,
656461,2014/15,2015-03-08,Sydney Cricket Ground,1,27.5,Australia,Sri Lanka,SPD Smith,MJ Clarke,AD Mathews,1,0,,,,,,,,,
656461,2014/15,2015-03-08,Sydney Cricket Ground,1,27.6,Australia,Sri Lanka,MJ Clarke,SPD Smith,AD Mathews,1,0,,,,,,,,,
656461,2014/15,2015-03-08,Sydney Cricket Ground,1,27.7,Australia,Sri Lanka,SPD Smith,MJ Clarke,AD Mathews,1,0,,,,,,,,,
656461,2014/15,2015-03-08,Sydney Cricket Ground,1,28.1,Australia,Sri Lanka,SPD Smith,MJ Clarke,SMSM Senanayake,1,0,,,,,,,,,
656461,2014/15,2015-03-08,Sydney Cricket Ground,1,28.2,Australia,Sri Lanka,MJ Clarke,SPD Smith,SMSM Senanayake,4,0,,,,,,,,,
656461,2014/15,2015-03-08,Sydney Cricket Ground,1,28.3,Australia,Sri Lanka,MJ Clarke,SPD Smith,SMSM Senanayake,1,0,,,,,,,,,
656461,2014/15,2015-03-08,Sydney Cricket Ground,1,28.4,Australia,Sri Lanka,SPD Smith,MJ Clarke,SMSM Senanayake,1,0,,,,,,,,,
656461,2014/15,2015-03-08,Sydney Cricket Ground,1,28.5,Australia,Sri Lanka,MJ Clarke,SPD Smith,SMSM Senanayake,1,0,,,,,,,,,
656461,2014/15,2015-03-08,Sydney Cricket Ground,1,28.6,Australia,Sri Lanka,SPD Smith,MJ Clarke,SMSM Senanayake,6,0,,,,,,,,,
656461,2014/15,2015-03-08,Sydney Cricket Ground,1,29.1,Australia,Sri Lanka,MJ Clarke,SPD Smith,NLTC Perera,0,0,,,,,,,,,
656461,2014/15,2015-03-08,Sydney Cricket Ground,1,29.2,Australia,Sri Lanka,MJ Clarke,SPD Smith,NLTC Perera,0,0,,,,,,,,,
656461,2014/15,2015-03-08,Sydney Cricket Ground,1,29.3,Australia,Sri Lanka,MJ Clarke,SPD Smith,NLTC Perera,1,0,,,,,,,,,
656461,2014/15,2015-03-08,Sydney Cricket Ground,1,29.4,Australia,Sri Lanka,SPD Smith,MJ Clarke,NLTC Perera,1,0,,,,,,,,,
656461,2014/15,2015-03-08,Sydney Cricket Ground,1,29.5,Australia,Sri Lanka,MJ Clarke,SPD Smith,NLTC Perera,4,0,,,,,,,,,
656461,2014/15,2015-03-08,Sydney Cricket Ground,1,29.6,Australia,Sri Lanka,MJ Clarke,SPD Smith,NLTC Perera,4,0,,,,,,,,,
656461,2014/15,2015-03-08,Sydney Cricket Ground,1,30.1,Australia,Sri Lanka,SPD Smith,MJ Clarke,SMSM Senanayake,1,0,,,,,,,,,
656461,2014/15,2015-03-08,Sydney Cricket Ground,1,30.2,Australia,Sri Lanka,MJ Clarke,SPD Smith,SMSM Senanayake,2,0,,,,,,,,,
656461,2014/15,2015-03-08,Sydney Cricket Ground,1,30.3,Australia,Sri Lanka,MJ Clarke,SPD Smith,SMSM Senanayake,1,0,,,,,,,,,
656461,2014/15,2015-03-08,Sydney Cricket Ground,1,30.4,Australia,Sri Lanka,SPD Smith,MJ Clarke,SMSM Senanayake,2,0,,,,,,,,,
656461,2014/15,2015-03-08,Sydney Cricket Ground,1,30.5,Australia,Sri Lanka,SPD Smith,MJ Clarke,SMSM Senanayake,4,0,,,,,,,,,
656461,2014/15,2015-03-08,Sydney Cricket Ground,1,30.6,Australia,Sri Lanka,SPD Smith,MJ Clarke,SMSM Senanayake,0,0,,,,,,,,,
656461,2014/15,2015-03-08,Sydney Cricket Ground,1,31.1,Australia,Sri Lanka,MJ Clarke,SPD Smith,SL Malinga,2,0,,,,,,,,,
656461,2014/15,2015-03-08,Sydney Cricket Ground,1,31.2,Australia,Sri Lanka,MJ Clarke,SPD Smith,SL Malinga,0,0,,,,,,,,,
656461,2014/15,2015-03-08,Sydney Cricket Ground,1,31.3,Australia,Sri Lanka,MJ Clarke,SPD Smith,SL Malinga,0,0,,,,,,,,,
656461,2014/15,2015-03-08,Sydney Cricket Ground,1,31.4,Australia,Sri Lanka,MJ Clarke,SPD Smith,SL Malinga,4,0,,,,,,,,,
656461,2014/15,2015-03-08,Sydney Cricket Ground,1,31.5,Australia,Sri Lanka,MJ Clarke,SPD Smith,SL Malinga,0,0,,,,,,bowled,MJ Clarke,,
656461,2014/15,2015-03-08,Sydney Cricket Ground,1,31.6,Australia,Sri Lanka,GJ Maxwell,SPD Smith,SL Malinga,1,0,,,,,,,,,
656461,2014/15,2015-03-08,Sydney Cricket Ground,1,32.1,Australia,Sri Lanka,GJ Maxwell,SPD Smith,TM Dilshan,0,0,,,,,,,,,
656461,2014/15,2015-03-08,Sydney Cricket Ground,1,32.2,Australia,Sri Lanka,GJ Maxwell,SPD Smith,TM Dilshan,1,0,,,,,,,,,
656461,2014/15,2015-03-08,Sydney Cricket Ground,1,32.3,Australia,Sri Lanka,SPD Smith,GJ Maxwell,TM Dilshan,0,0,,,,,,caught,SPD Smith,,
656461,2014/15,2015-03-08,Sydney Cricket Ground,1,32.4,Australia,Sri Lanka,GJ Maxwell,SR Watson,TM Dilshan,1,0,,,,,,,,,
656461,2014/15,2015-03-08,Sydney Cricket Ground,1,32.5,Australia,Sri Lanka,SR Watson,GJ Maxwell,TM Dilshan,0,0,,,,,,,,,
656461,2014/15,2015-03-08,Sydney Cricket Ground,1,32.6,Australia,Sri Lanka,SR Watson,GJ Maxwell,TM Dilshan,0,0,,,,,,,,,
656461,2014/15,2015-03-08,Sydney Cricket Ground,1,33.1,Australia,Sri Lanka,GJ Maxwell,SR Watson,SMSM Senanayake,0,0,,,,,,,,,
656461,2014/15,2015-03-08,Sydney Cricket Ground,1,33.2,Australia,Sri Lanka,GJ Maxwell,SR Watson,SMSM Senanayake,0,0,,,,,,,,,
656461,2014/15,2015-03-08,Sydney Cricket Ground,1,33.3,Australia,Sri Lanka,GJ Maxwell,SR Watson,SMSM Senanayake,4,0,,,,,,,,,
656461,2014/15,2015-03-08,Sydney Cricket Ground,1,33.4,Australia,Sri Lanka,GJ Maxwell,SR Watson,SMSM Senanayake,1,0,,,,,,,,,
656461,2014/15,2015-03-08,Sydney Cricket Ground,1,33.5,Australia,Sri Lanka,SR Watson,GJ Maxwell,SMSM Senanayake,0,0,,,,,,,,,
656461,2014/15,2015-03-08,Sydney Cricket Ground,1,33.6,Australia,Sri Lanka,SR Watson,GJ Maxwell,SMSM Senanayake,2,0,,,,,,,,,
656461,2014/15,2015-03-08,Sydney Cricket Ground,1,34.1,Australia,Sri Lanka,GJ Maxwell,SR Watson,TM Dilshan,2,0,,,,,,,,,
656461,2014/15,2015-03-08,Sydney Cricket Ground,1,34.2,Australia,Sri Lanka,GJ Maxwell,SR Watson,TM Dilshan,0,0,,,,,,,,,
656461,2014/15,2015-03-08,Sydney Cricket Ground,1,34.3,Australia,Sri Lanka,GJ Maxwell,SR Watson,TM Dilshan,4,0,,,,,,,,,
656461,2014/15,2015-03-08,Sydney Cricket Ground,1,34.4,Australia,Sri Lanka,GJ Maxwell,SR Watson,TM Dilshan,6,0,,,,,,,,,
656461,2014/15,2015-03-08,Sydney Cricket Ground,1,34.5,Australia,Sri Lanka,GJ Maxwell,SR Watson,TM Dilshan,1,0,,,,,,,,,
656461,2014/15,2015-03-08,Sydney Cricket Ground,1,34.6,Australia,Sri Lanka,SR Watson,GJ Maxwell,TM Dilshan,1,0,,,,,,,,,
656461,2014/15,2015-03-08,Sydney Cricket Ground,1,35.1,Australia,Sri Lanka,SR Watson,GJ Maxwell,SL Malinga,1,0,,,,,,,,,
656461,2014/15,2015-03-08,Sydney Cricket Ground,1,35.2,Australia,Sri Lanka,GJ Maxwell,SR Watson,SL Malinga,0,0,,,,,,,,,
656461,2014/15,2015-03-08,Sydney Cricket Ground,1,35.3,Australia,Sri Lanka,GJ Maxwell,SR Watson,SL Malinga,0,0,,,,,,,,,
656461,2014/15,2015-03-08,Sydney Cricket Ground,1,35.4,Australia,Sri Lanka,GJ Maxwell,SR Watson,SL Malinga,0,0,,,,,,,,,
656461,2014/15,2015-03-08,Sydney Cricket Ground,1,35.5,Australia,Sri Lanka,GJ Maxwell,SR Watson,SL Malinga,1,0,,,,,,,,,
656461,2014/15,2015-03-08,Sydney Cricket Ground,1,35.6,Australia,Sri Lanka,SR Watson,GJ Maxwell,SL Malinga,1,0,,,,,,,,,
656461,2014/15,2015-03-08,Sydney Cricket Ground,1,36.1,Australia,Sri Lanka,SR Watson,GJ Maxwell,S Prasanna,1,0,,,,,,,,,
656461,2014/15,2015-03-08,Sydney Cricket Ground,1,36.2,Australia,Sri Lanka,GJ Maxwell,SR Watson,S Prasanna,6,0,,,,,,,,,
656461,2014/15,2015-03-08,Sydney Cricket Ground,1,36.3,Australia,Sri Lanka,GJ Maxwell,SR Watson,S Prasanna,2,0,,,,,,,,,
656461,2014/15,2015-03-08,Sydney Cricket Ground,1,36.4,Australia,Sri Lanka,GJ Maxwell,SR Watson,S Prasanna,4,0,,,,,,,,,
656461,2014/15,2015-03-08,Sydney Cricket Ground,1,36.5,Australia,Sri Lanka,GJ Maxwell,SR Watson,S Prasanna,2,0,,,,,,,,,
656461,2014/15,2015-03-08,Sydney Cricket Ground,1,36.6,Australia,Sri Lanka,GJ Maxwell,SR Watson,S Prasanna,2,0,,,,,,,,,
656461,2014/15,2015-03-08,Sydney Cricket Ground,1,37.1,Australia,Sri Lanka,SR Watson,GJ Maxwell,SL Malinga,2,0,,,,,,,,,
656461,2014/15,2015-03-08,Sydney Cricket Ground,1,37.2,Australia,Sri Lanka,SR Watson,GJ Maxwell,SL Malinga,1,0,,,,,,,,,
656461,2014/15,2015-03-08,Sydney Cricket Ground,1,37.3,Australia,Sri Lanka,GJ Maxwell,SR Watson,SL Malinga,4,0,,,,,,,,,
656461,2014/15,2015-03-08,Sydney Cricket Ground,1,37.4,Australia,Sri Lanka,GJ Maxwell,SR Watson,SL Malinga,1,0,,,,,,,,,
656461,2014/15,2015-03-08,Sydney Cricket Ground,1,37.5,Australia,Sri Lanka,SR Watson,GJ Maxwell,SL Malinga,4,0,,,,,,,,,
656461,2014/15,2015-03-08,Sydney Cricket Ground,1,37.6,Australia,Sri Lanka,SR Watson,GJ Maxwell,SL Malinga,4,0,,,,,,,,,
656461,2014/15,2015-03-08,Sydney Cricket Ground,1,38.1,Australia,Sri Lanka,GJ Maxwell,SR Watson,NLTC Perera,2,0,,,,,,,,,
656461,2014/15,2015-03-08,Sydney Cricket Ground,1,38.2,Australia,Sri Lanka,GJ Maxwell,SR Watson,NLTC Perera,6,0,,,,,,,,,
656461,2014/15,2015-03-08,Sydney Cricket Ground,1,38.3,Australia,Sri Lanka,GJ Maxwell,SR Watson,NLTC Perera,1,0,,,,,,,,,
656461,2014/15,2015-03-08,Sydney Cricket Ground,1,38.4,Australia,Sri Lanka,SR Watson,GJ Maxwell,NLTC Perera,0,0,,,,,,,,,
656461,2014/15,2015-03-08,Sydney Cricket Ground,1,38.5,Australia,Sri Lanka,SR Watson,GJ Maxwell,NLTC Perera,1,0,,,,,,,,,
656461,2014/15,2015-03-08,Sydney Cricket Ground,1,38.6,Australia,Sri Lanka,GJ Maxwell,SR Watson,NLTC Perera,0,0,,,,,,,,,
656461,2014/15,2015-03-08,Sydney Cricket Ground,1,39.1,Australia,Sri Lanka,SR Watson,GJ Maxwell,SL Malinga,4,0,,,,,,,,,
656461,2014/15,2015-03-08,Sydney Cricket Ground,1,39.2,Australia,Sri Lanka,SR Watson,GJ Maxwell,SL Malinga,1,0,,,,,,,,,
656461,2014/15,2015-03-08,Sydney Cricket Ground,1,39.3,Australia,Sri Lanka,GJ Maxwell,SR Watson,SL Malinga,1,0,,,,,,,,,
656461,2014/15,2015-03-08,Sydney Cricket Ground,1,39.4,Australia,Sri Lanka,SR Watson,GJ Maxwell,SL Malinga,1,0,,,,,,,,,
656461,2014/15,2015-03-08,Sydney Cricket Ground,1,39.5,Australia,Sri Lanka,GJ Maxwell,SR Watson,SL Malinga,0,0,,,,,,,,,
656461,2014/15,2015-03-08,Sydney Cricket Ground,1,39.6,Australia,Sri Lanka,GJ Maxwell,SR Watson,SL Malinga,1,0,,,,,,,,,
656461,2014/15,2015-03-08,Sydney Cricket Ground,1,40.1,Australia,Sri Lanka,GJ Maxwell,SR Watson,S Prasanna,4,0,,,,,,,,,
656461,2014/15,2015-03-08,Sydney Cricket Ground,1,40.2,Australia,Sri Lanka,GJ Maxwell,SR Watson,S Prasanna,4,0,,,,,,,,,
656461,2014/15,2015-03-08,Sydney Cricket Ground,1,40.3,Australia,Sri Lanka,GJ Maxwell,SR Watson,S Prasanna,2,0,,,,,,,,,
656461,2014/15,2015-03-08,Sydney Cricket Ground,1,40.4,Australia,Sri Lanka,GJ Maxwell,SR Watson,S Prasanna,4,0,,,,,,,,,
656461,2014/15,2015-03-08,Sydney Cricket Ground,1,40.5,Australia,Sri Lanka,GJ Maxwell,SR Watson,S Prasanna,1,0,,,,,,,,,
656461,2014/15,2015-03-08,Sydney Cricket Ground,1,40.6,Australia,Sri Lanka,SR Watson,GJ Maxwell,S Prasanna,2,0,,,,,,,,,
656461,2014/15,2015-03-08,Sydney Cricket Ground,1,41.1,Australia,Sri Lanka,GJ Maxwell,SR Watson,AD Mathews,4,0,,,,,,,,,
656461,2014/15,2015-03-08,Sydney Cricket Ground,1,41.2,Australia,Sri Lanka,GJ Maxwell,SR Watson,AD Mathews,0,0,,,,,,,,,
656461,2014/15,2015-03-08,Sydney Cricket Ground,1,41.3,Australia,Sri Lanka,GJ Maxwell,SR Watson,AD Mathews,3,0,,,,,,,,,
656461,2014/15,2015-03-08,Sydney Cricket Ground,1,41.4,Australia,Sri Lanka,SR Watson,GJ Maxwell,AD Mathews,1,0,,,,,,,,,
656461,2014/15,2015-03-08,Sydney Cricket Ground,1,41.5,Australia,Sri Lanka,GJ Maxwell,SR Watson,AD Mathews,1,0,,,,,,,,,
656461,2014/15,2015-03-08,Sydney Cricket Ground,1,41.6,Australia,Sri Lanka,SR Watson,GJ Maxwell,AD Mathews,1,0,,,,,,,,,
656461,2014/15,2015-03-08,Sydney Cricket Ground,1,42.1,Australia,Sri Lanka,SR Watson,GJ Maxwell,NLTC Perera,6,0,,,,,,,,,
656461,2014/15,2015-03-08,Sydney Cricket Ground,1,42.2,Australia,Sri Lanka,SR Watson,GJ Maxwell,NLTC Perera,1,0,,,,,,,,,
656461,2014/15,2015-03-08,Sydney Cricket Ground,1,42.3,Australia,Sri Lanka,GJ Maxwell,SR Watson,NLTC Perera,4,0,,,,,,,,,
656461,2014/15,2015-03-08,Sydney Cricket Ground,1,42.4,Australia,Sri Lanka,GJ Maxwell,SR Watson,NLTC Perera,0,0,,,,,,,,,
656461,2014/15,2015-03-08,Sydney Cricket Ground,1,42.5,Australia,Sri Lanka,GJ Maxwell,SR Watson,NLTC Perera,6,0,,,,,,,,,
656461,2014/15,2015-03-08,Sydney Cricket Ground,1,42.6,Australia,Sri Lanka,GJ Maxwell,SR Watson,NLTC Perera,0,1,1,,,,,,,,
656461,2014/15,2015-03-08,Sydney Cricket Ground,1,42.7,Australia,Sri Lanka,GJ Maxwell,SR Watson,NLTC Perera,2,0,,,,,,,,,
656461,2014/15,2015-03-08,Sydney Cricket Ground,1,43.1,Australia,Sri Lanka,SR Watson,GJ Maxwell,AD Mathews,6,0,,,,,,,,,
656461,2014/15,2015-03-08,Sydney Cricket Ground,1,43.2,Australia,Sri Lanka,SR Watson,GJ Maxwell,AD Mathews,0,1,1,,,,,,,,
656461,2014/15,2015-03-08,Sydney Cricket Ground,1,43.3,Australia,Sri Lanka,SR Watson,GJ Maxwell,AD Mathews,1,0,,,,,,,,,
656461,2014/15,2015-03-08,Sydney Cricket Ground,1,43.4,Australia,Sri Lanka,GJ Maxwell,SR Watson,AD Mathews,4,0,,,,,,,,,
656461,2014/15,2015-03-08,Sydney Cricket Ground,1,43.5,Australia,Sri Lanka,GJ Maxwell,SR Watson,AD Mathews,2,0,,,,,,,,,
656461,2014/15,2015-03-08,Sydney Cricket Ground,1,43.6,Australia,Sri Lanka,GJ Maxwell,SR Watson,AD Mathews,1,0,,,,,,,,,
656461,2014/15,2015-03-08,Sydney Cricket Ground,1,43.7,Australia,Sri Lanka,SR Watson,GJ Maxwell,AD Mathews,0,0,,,,,,,,,
656461,2014/15,2015-03-08,Sydney Cricket Ground,1,44.1,Australia,Sri Lanka,GJ Maxwell,SR Watson,SL Malinga,2,0,,,,,,,,,
656461,2014/15,2015-03-08,Sydney Cricket Ground,1,44.2,Australia,Sri Lanka,GJ Maxwell,SR Watson,SL Malinga,1,0,,,,,,,,,
656461,2014/15,2015-03-08,Sydney Cricket Ground,1,44.3,Australia,Sri Lanka,SR Watson,GJ Maxwell,SL Malinga,1,0,,,,,,,,,
656461,2014/15,2015-03-08,Sydney Cricket Ground,1,44.4,Australia,Sri Lanka,GJ Maxwell,SR Watson,SL Malinga,0,1,,,,1,,,,,
656461,2014/15,2015-03-08,Sydney Cricket Ground,1,44.5,Australia,Sri Lanka,SR Watson,GJ Maxwell,SL Malinga,0,0,,,,,,,,,
656461,2014/15,2015-03-08,Sydney Cricket Ground,1,44.6,Australia,Sri Lanka,SR Watson,GJ Maxwell,SL Malinga,1,0,,,,,,,,,
656461,2014/15,2015-03-08,Sydney Cricket Ground,1,45.1,Australia,Sri Lanka,SR Watson,GJ Maxwell,S Prasanna,4,0,,,,,,,,,
656461,2014/15,2015-03-08,Sydney Cricket Ground,1,45.2,Australia,Sri Lanka,SR Watson,GJ Maxwell,S Prasanna,4,0,,,,,,,,,
656461,2014/15,2015-03-08,Sydney Cricket Ground,1,45.3,Australia,Sri Lanka,SR Watson,GJ Maxwell,S Prasanna,1,0,,,,,,,,,
656461,2014/15,2015-03-08,Sydney Cricket Ground,1,45.4,Australia,Sri Lanka,GJ Maxwell,SR Watson,S Prasanna,2,0,,,,,,,,,
656461,2014/15,2015-03-08,Sydney Cricket Ground,1,45.5,Australia,Sri Lanka,GJ Maxwell,SR Watson,S Prasanna,1,0,,,,,,,,,
656461,2014/15,2015-03-08,Sydney Cricket Ground,1,45.6,Australia,Sri Lanka,SR Watson,GJ Maxwell,S Prasanna,4,0,,,,,,,,,
656461,2014/15,2015-03-08,Sydney Cricket Ground,1,46.1,Australia,Sri Lanka,GJ Maxwell,SR Watson,NLTC Perera,0,0,,,,,,caught,GJ Maxwell,,
656461,2014/15,2015-03-08,Sydney Cricket Ground,1,46.2,Australia,Sri Lanka,SR Watson,JP Faulkner,NLTC Perera,1,0,,,,,,,,,
656461,2014/15,2015-03-08,Sydney Cricket Ground,1,46.3,Australia,Sri Lanka,JP Faulkner,SR Watson,NLTC Perera,0,0,,,,,,run out,JP Faulkner,,
656461,2014/15,2015-03-08,Sydney Cricket Ground,1,46.4,Australia,Sri Lanka,SR Watson,BJ Haddin,NLTC Perera,2,0,,,,,,,,,
656461,2014/15,2015-03-08,Sydney Cricket Ground,1,46.5,Australia,Sri Lanka,SR Watson,BJ Haddin,NLTC Perera,4,0,,,,,,,,,
656461,2014/15,2015-03-08,Sydney Cricket Ground,1,46.6,Australia,Sri Lanka,SR Watson,BJ Haddin,NLTC Perera,1,0,,,,,,,,,
656461,2014/15,2015-03-08,Sydney Cricket Ground,1,47.1,Australia,Sri Lanka,SR Watson,BJ Haddin,SL Malinga,1,0,,,,,,,,,
656461,2014/15,2015-03-08,Sydney Cricket Ground,1,47.2,Australia,Sri Lanka,BJ Haddin,SR Watson,SL Malinga,1,0,,,,,,,,,
656461,2014/15,2015-03-08,Sydney Cricket Ground,1,47.3,Australia,Sri Lanka,SR Watson,BJ Haddin,SL Malinga,0,0,,,,,,,,,
656461,2014/15,2015-03-08,Sydney Cricket Ground,1,47.4,Australia,Sri Lanka,SR Watson,BJ Haddin,SL Malinga,0,0,,,,,,,,,
656461,2014/15,2015-03-08,Sydney Cricket Ground,1,47.5,Australia,Sri Lanka,SR Watson,BJ Haddin,SL Malinga,1,0,,,,,,,,,
656461,2014/15,2015-03-08,Sydney Cricket Ground,1,47.6,Australia,Sri Lanka,BJ Haddin,SR Watson,SL Malinga,1,0,,,,,,,,,
656461,2014/15,2015-03-08,Sydney Cricket Ground,1,48.1,Australia,Sri Lanka,BJ Haddin,SR Watson,NLTC Perera,6,0,,,,,,,,,
656461,2014/15,2015-03-08,Sydney Cricket Ground,1,48.2,Australia,Sri Lanka,BJ Haddin,SR Watson,NLTC Perera,4,0,,,,,,,,,
656461,2014/15,2015-03-08,Sydney Cricket Ground,1,48.3,Australia,Sri Lanka,BJ Haddin,SR Watson,NLTC Perera,4,0,,,,,,,,,
656461,2014/15,2015-03-08,Sydney Cricket Ground,1,48.4,Australia,Sri Lanka,BJ Haddin,SR Watson,NLTC Perera,4,0,,,,,,,,,
656461,2014/15,2015-03-08,Sydney Cricket Ground,1,48.5,Australia,Sri Lanka,BJ Haddin,SR Watson,NLTC Perera,1,0,,,,,,,,,
656461,2014/15,2015-03-08,Sydney Cricket Ground,1,48.6,Australia,Sri Lanka,SR Watson,BJ Haddin,NLTC Perera,0,0,,,,,,caught,SR Watson,,
656461,2014/15,2015-03-08,Sydney Cricket Ground,1,49.1,Australia,Sri Lanka,MG Johnson,BJ Haddin,AD Mathews,1,0,,,,,,,,,
656461,2014/15,2015-03-08,Sydney Cricket Ground,1,49.2,Australia,Sri Lanka,BJ Haddin,MG Johnson,AD Mathews,4,0,,,,,,,,,
656461,2014/15,2015-03-08,Sydney Cricket Ground,1,49.3,Australia,Sri Lanka,BJ Haddin,MG Johnson,AD Mathews,0,0,,,,,,caught,BJ Haddin,,
656461,2014/15,2015-03-08,Sydney Cricket Ground,1,49.4,Australia,Sri Lanka,MG Johnson,MA Starc,AD Mathews,1,0,,,,,,run out,MA Starc,,
656461,2014/15,2015-03-08,Sydney Cricket Ground,1,49.5,Australia,Sri Lanka,MG Johnson,XJ Doherty,AD Mathews,1,0,,,,,,,,,
656461,2014/15,2015-03-08,Sydney Cricket Ground,1,49.6,Australia,Sri Lanka,XJ Doherty,MG Johnson,AD Mathews,0,1,,,1,,,,,,
656461,2014/15,2015-03-08,Sydney Cricket Ground,2,0.1,Sri Lanka,Australia,HDRL Thirimanne,TM Dilshan,MA Starc,0,0,,,,,,,,,
656461,2014/15,2015-03-08,Sydney Cricket Ground,2,0.2,Sri Lanka,Australia,HDRL Thirimanne,TM Dilshan,MA Starc,1,0,,,,,,,,,
656461,2014/15,2015-03-08,Sydney Cricket Ground,2,0.3,Sri Lanka,Australia,TM Dilshan,HDRL Thirimanne,MA Starc,0,0,,,,,,,,,
656461,2014/15,2015-03-08,Sydney Cricket Ground,2,0.4,Sri Lanka,Australia,TM Dilshan,HDRL Thirimanne,MA Starc,0,0,,,,,,,,,
656461,2014/15,2015-03-08,Sydney Cricket Ground,2,0.5,Sri Lanka,Australia,TM Dilshan,HDRL Thirimanne,MA Starc,1,0,,,,,,,,,
656461,2014/15,2015-03-08,Sydney Cricket Ground,2,0.6,Sri Lanka,Australia,HDRL Thirimanne,TM Dilshan,MA Starc,0,0,,,,,,,,,
656461,2014/15,2015-03-08,Sydney Cricket Ground,2,1.1,Sri Lanka,Australia,TM Dilshan,HDRL Thirimanne,MG Johnson,0,0,,,,,,,,,
656461,2014/15,2015-03-08,Sydney Cricket Ground,2,1.2,Sri Lanka,Australia,TM Dilshan,HDRL Thirimanne,MG Johnson,3,0,,,,,,,,,
656461,2014/15,2015-03-08,Sydney Cricket Ground,2,1.3,Sri Lanka,Australia,HDRL Thirimanne,TM Dilshan,MG Johnson,0,0,,,,,,,,,
656461,2014/15,2015-03-08,Sydney Cricket Ground,2,1.4,Sri Lanka,Australia,HDRL Thirimanne,TM Dilshan,MG Johnson,0,0,,,,,,caught,HDRL Thirimanne,,
656461,2014/15,2015-03-08,Sydney Cricket Ground,2,1.5,Sri Lanka,Australia,KC Sangakkara,TM Dilshan,MG Johnson,0,0,,,,,,,,,
656461,2014/15,2015-03-08,Sydney Cricket Ground,2,1.6,Sri Lanka,Australia,KC Sangakkara,TM Dilshan,MG Johnson,0,0,,,,,,,,,
656461,2014/15,2015-03-08,Sydney Cricket Ground,2,2.1,Sri Lanka,Australia,TM Dilshan,KC Sangakkara,MA Starc,0,0,,,,,,,,,
656461,2014/15,2015-03-08,Sydney Cricket Ground,2,2.2,Sri Lanka,Australia,TM Dilshan,KC Sangakkara,MA Starc,1,0,,,,,,,,,
656461,2014/15,2015-03-08,Sydney Cricket Ground,2,2.3,Sri Lanka,Australia,KC Sangakkara,TM Dilshan,MA Starc,0,0,,,,,,,,,
656461,2014/15,2015-03-08,Sydney Cricket Ground,2,2.4,Sri Lanka,Australia,KC Sangakkara,TM Dilshan,MA Starc,0,0,,,,,,,,,
656461,2014/15,2015-03-08,Sydney Cricket Ground,2,2.5,Sri Lanka,Australia,KC Sangakkara,TM Dilshan,MA Starc,0,0,,,,,,,,,
656461,2014/15,2015-03-08,Sydney Cricket Ground,2,2.6,Sri Lanka,Australia,KC Sangakkara,TM Dilshan,MA Starc,0,0,,,,,,,,,
656461,2014/15,2015-03-08,Sydney Cricket Ground,2,3.1,Sri Lanka,Australia,TM Dilshan,KC Sangakkara,MG Johnson,0,0,,,,,,,,,
656461,2014/15,2015-03-08,Sydney Cricket Ground,2,3.2,Sri Lanka,Australia,TM Dilshan,KC Sangakkara,MG Johnson,0,0,,,,,,,,,
656461,2014/15,2015-03-08,Sydney Cricket Ground,2,3.3,Sri Lanka,Australia,TM Dilshan,KC Sangakkara,MG Johnson,1,0,,,,,,,,,
656461,2014/15,2015-03-08,Sydney Cricket Ground,2,3.4,Sri Lanka,Australia,KC Sangakkara,TM Dilshan,MG Johnson,2,0,,,,,,,,,
656461,2014/15,2015-03-08,Sydney Cricket Ground,2,3.5,Sri Lanka,Australia,KC Sangakkara,TM Dilshan,MG Johnson,4,0,,,,,,,,,
656461,2014/15,2015-03-08,Sydney Cricket Ground,2,3.6,Sri Lanka,Australia,KC Sangakkara,TM Dilshan,MG Johnson,0,0,,,,,,,,,
656461,2014/15,2015-03-08,Sydney Cricket Ground,2,4.1,Sri Lanka,Australia,TM Dilshan,KC Sangakkara,MA Starc,0,0,,,,,,,,,
656461,2014/15,2015-03-08,Sydney Cricket Ground,2,4.2,Sri Lanka,Australia,TM Dilshan,KC Sangakkara,MA Starc,2,0,,,,,,,,,
656461,2014/15,2015-03-08,Sydney Cricket Ground,2,4.3,Sri Lanka,Australia,TM Dilshan,KC Sangakkara,MA Starc,0,0,,,,,,,,,
656461,2014/15,2015-03-08,Sydney Cricket Ground,2,4.4,Sri Lanka,Australia,TM Dilshan,KC Sangakkara,MA Starc,1,0,,,,,,,,,
656461,2014/15,2015-03-08,Sydney Cricket Ground,2,4.5,Sri Lanka,Australia,KC Sangakkara,TM Dilshan,MA Starc,0,0,,,,,,,,,
656461,2014/15,2015-03-08,Sydney Cricket Ground,2,4.6,Sri Lanka,Australia,KC Sangakkara,TM Dilshan,MA Starc,2,0,,,,,,,,,
656461,2014/15,2015-03-08,Sydney Cricket Ground,2,5.1,Sri Lanka,Australia,TM Dilshan,KC Sangakkara,MG Johnson,4,0,,,,,,,,,
656461,2014/15,2015-03-08,Sydney Cricket Ground,2,5.2,Sri Lanka,Australia,TM Dilshan,KC Sangakkara,MG Johnson,4,0,,,,,,,,,
656461,2014/15,2015-03-08,Sydney Cricket Ground,2,5.3,Sri Lanka,Australia,TM Dilshan,KC Sangakkara,MG Johnson,4,0,,,,,,,,,
656461,2014/15,2015-03-08,Sydney Cricket Ground,2,5.4,Sri Lanka,Australia,TM Dilshan,KC Sangakkara,MG Johnson,4,0,,,,,,,,,
656461,2014/15,2015-03-08,Sydney Cricket Ground,2,5.5,Sri Lanka,Australia,TM Dilshan,KC Sangakkara,MG Johnson,4,0,,,,,,,,,
656461,2014/15,2015-03-08,Sydney Cricket Ground,2,5.6,Sri Lanka,Australia,TM Dilshan,KC Sangakkara,MG Johnson,4,0,,,,,,,,,
656461,2014/15,2015-03-08,Sydney Cricket Ground,2,6.1,Sri Lanka,Australia,KC Sangakkara,TM Dilshan,SR Watson,3,0,,,,,,,,,
656461,2014/15,2015-03-08,Sydney Cricket Ground,2,6.2,Sri Lanka,Australia,TM Dilshan,KC Sangakkara,SR Watson,4,0,,,,,,,,,
656461,2014/15,2015-03-08,Sydney Cricket Ground,2,6.3,Sri Lanka,Australia,TM Dilshan,KC Sangakkara,SR Watson,0,0,,,,,,,,,
656461,2014/15,2015-03-08,Sydney Cricket Ground,2,6.4,Sri Lanka,Australia,TM Dilshan,KC Sangakkara,SR Watson,1,0,,,,,,,,,
656461,2014/15,2015-03-08,Sydney Cricket Ground,2,6.5,Sri Lanka,Australia,KC Sangakkara,TM Dilshan,SR Watson,4,0,,,,,,,,,
656461,2014/15,2015-03-08,Sydney Cricket Ground,2,6.6,Sri Lanka,Australia,KC Sangakkara,TM Dilshan,SR Watson,1,0,,,,,,,,,
656461,2014/15,2015-03-08,Sydney Cricket Ground,2,7.1,Sri Lanka,Australia,KC Sangakkara,TM Dilshan,MA Starc,4,0,,,,,,,,,
656461,2014/15,2015-03-08,Sydney Cricket Ground,2,7.2,Sri Lanka,Australia,KC Sangakkara,TM Dilshan,MA Starc,0,0,,,,,,,,,
656461,2014/15,2015-03-08,Sydney Cricket Ground,2,7.3,Sri Lanka,Australia,KC Sangakkara,TM Dilshan,MA Starc,0,0,,,,,,,,,
656461,2014/15,2015-03-08,Sydney Cricket Ground,2,7.4,Sri Lanka,Australia,KC Sangakkara,TM Dilshan,MA Starc,0,0,,,,,,,,,
656461,2014/15,2015-03-08,Sydney Cricket Ground,2,7.5,Sri Lanka,Australia,KC Sangakkara,TM Dilshan,MA Starc,0,0,,,,,,,,,
656461,2014/15,2015-03-08,Sydney Cricket Ground,2,7.6,Sri Lanka,Australia,KC Sangakkara,TM Dilshan,MA Starc,0,0,,,,,,,,,
656461,2014/15,2015-03-08,Sydney Cricket Ground,2,8.1,Sri Lanka,Australia,TM Dilshan,KC Sangakkara,SR Watson,1,0,,,,,,,,,
656461,2014/15,2015-03-08,Sydney Cricket Ground,2,8.2,Sri Lanka,Australia,KC Sangakkara,TM Dilshan,SR Watson,1,0,,,,,,,,,
656461,2014/15,2015-03-08,Sydney Cricket Ground,2,8.3,Sri Lanka,Australia,TM Dilshan,KC Sangakkara,SR Watson,1,0,,,,,,,,,
656461,2014/15,2015-03-08,Sydney Cricket Ground,2,8.4,Sri Lanka,Australia,KC Sangakkara,TM Dilshan,SR Watson,1,0,,,,,,,,,
656461,2014/15,2015-03-08,Sydney Cricket Ground,2,8.5,Sri Lanka,Australia,TM Dilshan,KC Sangakkara,SR Watson,1,0,,,,,,,,,
656461,2014/15,2015-03-08,Sydney Cricket Ground,2,8.6,Sri Lanka,Australia,KC Sangakkara,TM Dilshan,SR Watson,1,0,,,,,,,,,
656461,2014/15,2015-03-08,Sydney Cricket Ground,2,9.1,Sri Lanka,Australia,KC Sangakkara,TM Dilshan,MA Starc,1,0,,,,,,,,,
656461,2014/15,2015-03-08,Sydney Cricket Ground,2,9.2,Sri Lanka,Australia,TM Dilshan,KC Sangakkara,MA Starc,0,0,,,,,,,,,
656461,2014/15,2015-03-08,Sydney Cricket Ground,2,9.3,Sri Lanka,Australia,TM Dilshan,KC Sangakkara,MA Starc,0,1,1,,,,,,,,
656461,2014/15,2015-03-08,Sydney Cricket Ground,2,9.4,Sri Lanka,Australia,TM Dilshan,KC Sangakkara,MA Starc,1,0,,,,,,,,,
656461,2014/15,2015-03-08,Sydney Cricket Ground,2,9.5,Sri Lanka,Australia,KC Sangakkara,TM Dilshan,MA Starc,1,0,,,,,,,,,
656461,2014/15,2015-03-08,Sydney Cricket Ground,2,9.6,Sri Lanka,Australia,TM Dilshan,KC Sangakkara,MA Starc,0,0,,,,,,,,,
656461,2014/15,2015-03-08,Sydney Cricket Ground,2,9.7,Sri Lanka,Australia,TM Dilshan,KC Sangakkara,MA Starc,0,0,,,,,,,,,
656461,2014/15,2015-03-08,Sydney Cricket Ground,2,10.1,Sri Lanka,Australia,KC Sangakkara,TM Dilshan,XJ Doherty,1,0,,,,,,,,,
656461,2014/15,2015-03-08,Sydney Cricket Ground,2,10.2,Sri Lanka,Australia,TM Dilshan,KC Sangakkara,XJ Doherty,0,0,,,,,,,,,
656461,2014/15,2015-03-08,Sydney Cricket Ground,2,10.3,Sri Lanka,Australia,TM Dilshan,KC Sangakkara,XJ Doherty,1,0,,,,,,,,,
656461,2014/15,2015-03-08,Sydney Cricket Ground,2,10.4,Sri Lanka,Australia,KC Sangakkara,TM Dilshan,XJ Doherty,2,0,,,,,,,,,
656461,2014/15,2015-03-08,Sydney Cricket Ground,2,10.5,Sri Lanka,Australia,KC Sangakkara,TM Dilshan,XJ Doherty,2,0,,,,,,,,,
656461,2014/15,2015-03-08,Sydney Cricket Ground,2,10.6,Sri Lanka,Australia,KC Sangakkara,TM Dilshan,XJ Doherty,1,0,,,,,,,,,
656461,2014/15,2015-03-08,Sydney Cricket Ground,2,11.1,Sri Lanka,Australia,KC Sangakkara,TM Dilshan,GJ Maxwell,2,0,,,,,,,,,
656461,2014/15,2015-03-08,Sydney Cricket Ground,2,11.2,Sri Lanka,Australia,KC Sangakkara,TM Dilshan,GJ Maxwell,0,0,,,,,,,,,
656461,2014/15,2015-03-08,Sydney Cricket Ground,2,11.3,Sri Lanka,Australia,KC Sangakkara,TM Dilshan,GJ Maxwell,1,0,,,,,,,,,
656461,2014/15,2015-03-08,Sydney Cricket Ground,2,11.4,Sri Lanka,Australia,TM Dilshan,KC Sangakkara,GJ Maxwell,1,0,,,,,,,,,
656461,2014/15,2015-03-08,Sydney Cricket Ground,2,11.5,Sri Lanka,Australia,KC Sangakkara,TM Dilshan,GJ Maxwell,0,0,,,,,,,,,
656461,2014/15,2015-03-08,Sydney Cricket Ground,2,11.6,Sri Lanka,Australia,KC Sangakkara,TM Dilshan,GJ Maxwell,1,0,,,,,,,,,
656461,2014/15,2015-03-08,Sydney Cricket Ground,2,12.1,Sri Lanka,Australia,KC Sangakkara,TM Dilshan,XJ Doherty,1,0,,,,,,,,,
656461,2014/15,2015-03-08,Sydney Cricket Ground,2,12.2,Sri Lanka,Australia,TM Dilshan,KC Sangakkara,XJ Doherty,0,0,,,,,,,,,
656461,2014/15,2015-03-08,Sydney Cricket Ground,2,12.3,Sri Lanka,Australia,TM Dilshan,KC Sangakkara,XJ Doherty,2,0,,,,,,,,,
656461,2014/15,2015-03-08,Sydney Cricket Ground,2,12.4,Sri Lanka,Australia,TM Dilshan,KC Sangakkara,XJ Doherty,1,0,,,,,,,,,
656461,2014/15,2015-03-08,Sydney Cricket Ground,2,12.5,Sri Lanka,Australia,KC Sangakkara,TM Dilshan,XJ Doherty,1,0,,,,,,,,,
656461,2014/15,2015-03-08,Sydney Cricket Ground,2,12.6,Sri Lanka,Australia,TM Dilshan,KC Sangakkara,XJ Doherty,0,0,,,,,,,,,
656461,2014/15,2015-03-08,Sydney Cricket Ground,2,13.1,Sri Lanka,Australia,KC Sangakkara,TM Dilshan,GJ Maxwell,0,0,,,,,,,,,
656461,2014/15,2015-03-08,Sydney Cricket Ground,2,13.2,Sri Lanka,Australia,KC Sangakkara,TM Dilshan,GJ Maxwell,0,0,,,,,,,,,
656461,2014/15,2015-03-08,Sydney Cricket Ground,2,13.3,Sri Lanka,Australia,KC Sangakkara,TM Dilshan,GJ Maxwell,2,0,,,,,,,,,
656461,2014/15,2015-03-08,Sydney Cricket Ground,2,13.4,Sri Lanka,Australia,KC Sangakkara,TM Dilshan,GJ Maxwell,4,0,,,,,,,,,
656461,2014/15,2015-03-08,Sydney Cricket Ground,2,13.5,Sri Lanka,Australia,KC Sangakkara,TM Dilshan,GJ Maxwell,4,0,,,,,,,,,
656461,2014/15,2015-03-08,Sydney Cricket Ground,2,13.6,Sri Lanka,Australia,KC Sangakkara,TM Dilshan,GJ Maxwell,0,0,,,,,,,,,
656461,2014/15,2015-03-08,Sydney Cricket Ground,2,14.1,Sri Lanka,Australia,TM Dilshan,KC Sangakkara,XJ Doherty,1,0,,,,,,,,,
656461,2014/15,2015-03-08,Sydney Cricket Ground,2,14.2,Sri Lanka,Australia,KC Sangakkara,TM Dilshan,XJ Doherty,0,0,,,,,,,,,
656461,2014/15,2015-03-08,Sydney Cricket Ground,2,14.3,Sri Lanka,Australia,KC Sangakkara,TM Dilshan,XJ Doherty,2,0,,,,,,,,,
656461,2014/15,2015-03-08,Sydney Cricket Ground,2,14.4,Sri Lanka,Australia,KC Sangakkara,TM Dilshan,XJ Doherty,1,0,,,,,,,,,
656461,2014/15,2015-03-08,Sydney Cricket Ground,2,14.5,Sri Lanka,Australia,TM Dilshan,KC Sangakkara,XJ Doherty,0,0,,,,,,,,,
656461,2014/15,2015-03-08,Sydney Cricket Ground,2,14.6,Sri Lanka,Australia,TM Dilshan,KC Sangakkara,XJ Doherty,1,0,,,,,,,,,
656461,2014/15,2015-03-08,Sydney Cricket Ground,2,15.1,Sri Lanka,Australia,TM Dilshan,KC Sangakkara,GJ Maxwell,0,0,,,,,,,,,
656461,2014/15,2015-03-08,Sydney Cricket Ground,2,15.2,Sri Lanka,Australia,TM Dilshan,KC Sangakkara,GJ Maxwell,1,0,,,,,,,,,
656461,2014/15,2015-03-08,Sydney Cricket Ground,2,15.3,Sri Lanka,Australia,KC Sangakkara,TM Dilshan,GJ Maxwell,0,0,,,,,,,,,
656461,2014/15,2015-03-08,Sydney Cricket Ground,2,15.4,Sri Lanka,Australia,KC Sangakkara,TM Dilshan,GJ Maxwell,1,0,,,,,,,,,
656461,2014/15,2015-03-08,Sydney Cricket Ground,2,15.5,Sri Lanka,Australia,TM Dilshan,KC Sangakkara,GJ Maxwell,0,2,,,2,,,,,,
656461,2014/15,2015-03-08,Sydney Cricket Ground,2,15.6,Sri Lanka,Australia,TM Dilshan,KC Sangakkara,GJ Maxwell,1,0,,,,,,,,,
656461,2014/15,2015-03-08,Sydney Cricket Ground,2,16.1,Sri Lanka,Australia,TM Dilshan,KC Sangakkara,XJ Doherty,1,0,,,,,,,,,
656461,2014/15,2015-03-08,Sydney Cricket Ground,2,16.2,Sri Lanka,Australia,KC Sangakkara,TM Dilshan,XJ Doherty,2,0,,,,,,,,,
656461,2014/15,2015-03-08,Sydney Cricket Ground,2,16.3,Sri Lanka,Australia,KC Sangakkara,TM Dilshan,XJ Doherty,4,0,,,,,,,,,
656461,2014/15,2015-03-08,Sydney Cricket Ground,2,16.4,Sri Lanka,Australia,KC Sangakkara,TM Dilshan,XJ Doherty,1,0,,,,,,,,,
656461,2014/15,2015-03-08,Sydney Cricket Ground,2,16.5,Sri Lanka,Australia,TM Dilshan,KC Sangakkara,XJ Doherty,1,0,,,,,,,,,
656461,2014/15,2015-03-08,Sydney Cricket Ground,2,16.6,Sri Lanka,Australia,KC Sangakkara,TM Dilshan,XJ Doherty,4,0,,,,,,,,,
656461,2014/15,2015-03-08,Sydney Cricket Ground,2,17.1,Sri Lanka,Australia,TM Dilshan,KC Sangakkara,JP Faulkner,0,0,,,,,,,,,
656461,2014/15,2015-03-08,Sydney Cricket Ground,2,17.2,Sri Lanka,Australia,TM Dilshan,KC Sangakkara,JP Faulkner,1,0,,,,,,,,,
656461,2014/15,2015-03-08,Sydney Cricket Ground,2,17.3,Sri Lanka,Australia,KC Sangakkara,TM Dilshan,JP Faulkner,0,0,,,,,,,,,
656461,2014/15,2015-03-08,Sydney Cricket Ground,2,17.4,Sri Lanka,Australia,KC Sangakkara,TM Dilshan,JP Faulkner,1,0,,,,,,,,,
656461,2014/15,2015-03-08,Sydney Cricket Ground,2,17.5,Sri Lanka,Australia,TM Dilshan,KC Sangakkara,JP Faulkner,1,0,,,,,,,,,
656461,2014/15,2015-03-08,Sydney Cricket Ground,2,17.6,Sri Lanka,Australia,KC Sangakkara,TM Dilshan,JP Faulkner,1,0,,,,,,,,,
656461,2014/15,2015-03-08,Sydney Cricket Ground,2,18.1,Sri Lanka,Australia,KC Sangakkara,TM Dilshan,GJ Maxwell,0,0,,,,,,,,,
656461,2014/15,2015-03-08,Sydney Cricket Ground,2,18.2,Sri Lanka,Australia,KC Sangakkara,TM Dilshan,GJ Maxwell,0,0,,,,,,,,,
656461,2014/15,2015-03-08,Sydney Cricket Ground,2,18.3,Sri Lanka,Australia,KC Sangakkara,TM Dilshan,GJ Maxwell,2,0,,,,,,,,,
656461,2014/15,2015-03-08,Sydney Cricket Ground,2,18.4,Sri Lanka,Australia,KC Sangakkara,TM Dilshan,GJ Maxwell,1,0,,,,,,,,,
656461,2014/15,2015-03-08,Sydney Cricket Ground,2,18.5,Sri Lanka,Australia,TM Dilshan,KC Sangakkara,GJ Maxwell,4,0,,,,,,,,,
656461,2014/15,2015-03-08,Sydney Cricket Ground,2,18.6,Sri Lanka,Australia,TM Dilshan,KC Sangakkara,GJ Maxwell,1,0,,,,,,,,,
656461,2014/15,2015-03-08,Sydney Cricket Ground,2,19.1,Sri Lanka,Australia,TM Dilshan,KC Sangakkara,JP Faulkner,0,0,,,,,,,,,
656461,2014/15,2015-03-08,Sydney Cricket Ground,2,19.2,Sri Lanka,Australia,TM Dilshan,KC Sangakkara,JP Faulkner,1,0,,,,,,,,,
656461,2014/15,2015-03-08,Sydney Cricket Ground,2,19.3,Sri Lanka,Australia,KC Sangakkara,TM Dilshan,JP Faulkner,0,0,,,,,,,,,
656461,2014/15,2015-03-08,Sydney Cricket Ground,2,19.4,Sri Lanka,Australia,KC Sangakkara,TM Dilshan,JP Faulkner,1,0,,,,,,,,,
656461,2014/15,2015-03-08,Sydney Cricket Ground,2,19.5,Sri Lanka,Australia,TM Dilshan,KC Sangakkara,JP Faulkner,0,0,,,,,,,,,
656461,2014/15,2015-03-08,Sydney Cricket Ground,2,19.6,Sri Lanka,Australia,TM Dilshan,KC Sangakkara,JP Faulkner,0,0,,,,,,,,,
656461,2014/15,2015-03-08,Sydney Cricket Ground,2,20.1,Sri Lanka,Australia,KC Sangakkara,TM Dilshan,MG Johnson,0,0,,,,,,,,,
656461,2014/15,2015-03-08,Sydney Cricket Ground,2,20.2,Sri Lanka,Australia,KC Sangakkara,TM Dilshan,MG Johnson,0,0,,,,,,,,,
656461,2014/15,2015-03-08,Sydney Cricket Ground,2,20.3,Sri Lanka,Australia,KC Sangakkara,TM Dilshan,MG Johnson,0,0,,,,,,,,,
656461,2014/15,2015-03-08,Sydney Cricket Ground,2,20.4,Sri Lanka,Australia,KC Sangakkara,TM Dilshan,MG Johnson,1,0,,,,,,,,,
656461,2014/15,2015-03-08,Sydney Cricket Ground,2,20.5,Sri Lanka,Australia,TM Dilshan,KC Sangakkara,MG Johnson,0,0,,,,,,,,,
656461,2014/15,2015-03-08,Sydney Cricket Ground,2,20.6,Sri Lanka,Australia,TM Dilshan,KC Sangakkara,MG Johnson,1,0,,,,,,,,,
656461,2014/15,2015-03-08,Sydney Cricket Ground,2,21.1,Sri Lanka,Australia,TM Dilshan,KC Sangakkara,JP Faulkner,0,0,,,,,,,,,
656461,2014/15,2015-03-08,Sydney Cricket Ground,2,21.2,Sri Lanka,Australia,TM Dilshan,KC Sangakkara,JP Faulkner,0,0,,,,,,,,,
656461,2014/15,2015-03-08,Sydney Cricket Ground,2,21.3,Sri Lanka,Australia,TM Dilshan,KC Sangakkara,JP Faulkner,0,0,,,,,,lbw,TM Dilshan,,
656461,2014/15,2015-03-08,Sydney Cricket Ground,2,21.4,Sri Lanka,Australia,DPMD Jayawardene,KC Sangakkara,JP Faulkner,0,0,,,,,,,,,
656461,2014/15,2015-03-08,Sydney Cricket Ground,2,21.5,Sri Lanka,Australia,DPMD Jayawardene,KC Sangakkara,JP Faulkner,1,0,,,,,,,,,
656461,2014/15,2015-03-08,Sydney Cricket Ground,2,21.6,Sri Lanka,Australia,KC Sangakkara,DPMD Jayawardene,JP Faulkner,1,0,,,,,,,,,
656461,2014/15,2015-03-08,Sydney Cricket Ground,2,22.1,Sri Lanka,Australia,KC Sangakkara,DPMD Jayawardene,MG Johnson,0,0,,,,,,,,,
656461,2014/15,2015-03-08,Sydney Cricket Ground,2,22.2,Sri Lanka,Australia,KC Sangakkara,DPMD Jayawardene,MG Johnson,0,4,,,,4,,,,,
656461,2014/15,2015-03-08,Sydney Cricket Ground,2,22.3,Sri Lanka,Australia,KC Sangakkara,DPMD Jayawardene,MG Johnson,0,0,,,,,,,,,
656461,2014/15,2015-03-08,Sydney Cricket Ground,2,22.4,Sri Lanka,Australia,KC Sangakkara,DPMD Jayawardene,MG Johnson,0,0,,,,,,,,,
656461,2014/15,2015-03-08,Sydney Cricket Ground,2,22.5,Sri Lanka,Australia,KC Sangakkara,DPMD Jayawardene,MG Johnson,1,0,,,,,,,,,
656461,2014/15,2015-03-08,Sydney Cricket Ground,2,22.6,Sri Lanka,Australia,DPMD Jayawardene,KC Sangakkara,MG Johnson,0,0,,,,,,,,,
656461,2014/15,2015-03-08,Sydney Cricket Ground,2,23.1,Sri Lanka,Australia,KC Sangakkara,DPMD Jayawardene,JP Faulkner,0,0,,,,,,,,,
656461,2014/15,2015-03-08,Sydney Cricket Ground,2,23.2,Sri Lanka,Australia,KC Sangakkara,DPMD Jayawardene,JP Faulkner,1,0,,,,,,,,,
656461,2014/15,2015-03-08,Sydney Cricket Ground,2,23.3,Sri Lanka,Australia,DPMD Jayawardene,KC Sangakkara,JP Faulkner,4,0,,,,,,,,,
656461,2014/15,2015-03-08,Sydney Cricket Ground,2,23.4,Sri Lanka,Australia,DPMD Jayawardene,KC Sangakkara,JP Faulkner,0,0,,,,,,,,,
656461,2014/15,2015-03-08,Sydney Cricket Ground,2,23.5,Sri Lanka,Australia,DPMD Jayawardene,KC Sangakkara,JP Faulkner,1,0,,,,,,,,,
656461,2014/15,2015-03-08,Sydney Cricket Ground,2,23.6,Sri Lanka,Australia,KC Sangakkara,DPMD Jayawardene,JP Faulkner,1,0,,,,,,,,,
656461,2014/15,2015-03-08,Sydney Cricket Ground,2,24.1,Sri Lanka,Australia,KC Sangakkara,DPMD Jayawardene,MG Johnson,0,0,,,,,,,,,
656461,2014/15,2015-03-08,Sydney Cricket Ground,2,24.2,Sri Lanka,Australia,KC Sangakkara,DPMD Jayawardene,MG Johnson,0,0,,,,,,,,,
656461,2014/15,2015-03-08,Sydney Cricket Ground,2,24.3,Sri Lanka,Australia,KC Sangakkara,DPMD Jayawardene,MG Johnson,0,0,,,,,,,,,
656461,2014/15,2015-03-08,Sydney Cricket Ground,2,24.4,Sri Lanka,Australia,KC Sangakkara,DPMD Jayawardene,MG Johnson,0,0,,,,,,,,,
656461,2014/15,2015-03-08,Sydney Cricket Ground,2,24.5,Sri Lanka,Australia,KC Sangakkara,DPMD Jayawardene,MG Johnson,0,0,,,,,,,,,
656461,2014/15,2015-03-08,Sydney Cricket Ground,2,24.6,Sri Lanka,Australia,KC Sangakkara,DPMD Jayawardene,MG Johnson,1,0,,,,,,,,,
656461,2014/15,2015-03-08,Sydney Cricket Ground,2,25.1,Sri Lanka,Australia,KC Sangakkara,DPMD Jayawardene,GJ Maxwell,0,0,,,,,,,,,
656461,2014/15,2015-03-08,Sydney Cricket Ground,2,25.2,Sri Lanka,Australia,KC Sangakkara,DPMD Jayawardene,GJ Maxwell,1,0,,,,,,,,,
656461,2014/15,2015-03-08,Sydney Cricket Ground,2,25.3,Sri Lanka,Australia,DPMD Jayawardene,KC Sangakkara,GJ Maxwell,1,0,,,,,,,,,
656461,2014/15,2015-03-08,Sydney Cricket Ground,2,25.4,Sri Lanka,Australia,KC Sangakkara,DPMD Jayawardene,GJ Maxwell,1,0,,,,,,,,,
656461,2014/15,2015-03-08,Sydney Cricket Ground,2,25.5,Sri Lanka,Australia,DPMD Jayawardene,KC Sangakkara,GJ Maxwell,0,0,,,,,,,,,
656461,2014/15,2015-03-08,Sydney Cricket Ground,2,25.6,Sri Lanka,Australia,DPMD Jayawardene,KC Sangakkara,GJ Maxwell,1,0,,,,,,,,,
656461,2014/15,2015-03-08,Sydney Cricket Ground,2,26.1,Sri Lanka,Australia,DPMD Jayawardene,KC Sangakkara,XJ Doherty,1,0,,,,,,,,,
656461,2014/15,2015-03-08,Sydney Cricket Ground,2,26.2,Sri Lanka,Australia,KC Sangakkara,DPMD Jayawardene,XJ Doherty,4,0,,,,,,,,,
656461,2014/15,2015-03-08,Sydney Cricket Ground,2,26.3,Sri Lanka,Australia,KC Sangakkara,DPMD Jayawardene,XJ Doherty,0,0,,,,,,,,,
656461,2014/15,2015-03-08,Sydney Cricket Ground,2,26.4,Sri Lanka,Australia,KC Sangakkara,DPMD Jayawardene,XJ Doherty,0,0,,,,,,,,,
656461,2014/15,2015-03-08,Sydney Cricket Ground,2,26.5,Sri Lanka,Australia,KC Sangakkara,DPMD Jayawardene,XJ Doherty,0,0,,,,,,,,,
656461,2014/15,2015-03-08,Sydney Cricket Ground,2,26.6,Sri Lanka,Australia,KC Sangakkara,DPMD Jayawardene,XJ Doherty,0,0,,,,,,,,,
656461,2014/15,2015-03-08,Sydney Cricket Ground,2,27.1,Sri Lanka,Australia,DPMD Jayawardene,KC Sangakkara,GJ Maxwell,0,0,,,,,,,,,
656461,2014/15,2015-03-08,Sydney Cricket Ground,2,27.2,Sri Lanka,Australia,DPMD Jayawardene,KC Sangakkara,GJ Maxwell,0,0,,,,,,,,,
656461,2014/15,2015-03-08,Sydney Cricket Ground,2,27.3,Sri Lanka,Australia,DPMD Jayawardene,KC Sangakkara,GJ Maxwell,1,0,,,,,,,,,
656461,2014/15,2015-03-08,Sydney Cricket Ground,2,27.4,Sri Lanka,Australia,KC Sangakkara,DPMD Jayawardene,GJ Maxwell,1,0,,,,,,,,,
656461,2014/15,2015-03-08,Sydney Cricket Ground,2,27.5,Sri Lanka,Australia,DPMD Jayawardene,KC Sangakkara,GJ Maxwell,1,0,,,,,,,,,
656461,2014/15,2015-03-08,Sydney Cricket Ground,2,27.6,Sri Lanka,Australia,KC Sangakkara,DPMD Jayawardene,GJ Maxwell,2,0,,,,,,,,,
656461,2014/15,2015-03-08,Sydney Cricket Ground,2,28.1,Sri Lanka,Australia,DPMD Jayawardene,KC Sangakkara,SR Watson,2,0,,,,,,,,,
656461,2014/15,2015-03-08,Sydney Cricket Ground,2,28.2,Sri Lanka,Australia,DPMD Jayawardene,KC Sangakkara,SR Watson,1,0,,,,,,,,,
656461,2014/15,2015-03-08,Sydney Cricket Ground,2,28.3,Sri Lanka,Australia,KC Sangakkara,DPMD Jayawardene,SR Watson,0,0,,,,,,,,,
656461,2014/15,2015-03-08,Sydney Cricket Ground,2,28.4,Sri Lanka,Australia,KC Sangakkara,DPMD Jayawardene,SR Watson,1,0,,,,,,,,,
656461,2014/15,2015-03-08,Sydney Cricket Ground,2,28.5,Sri Lanka,Australia,DPMD Jayawardene,KC Sangakkara,SR Watson,1,0,,,,,,,,,
656461,2014/15,2015-03-08,Sydney Cricket Ground,2,28.6,Sri Lanka,Australia,KC Sangakkara,DPMD Jayawardene,SR Watson,0,0,,,,,,,,,
656461,2014/15,2015-03-08,Sydney Cricket Ground,2,29.1,Sri Lanka,Australia,DPMD Jayawardene,KC Sangakkara,JP Faulkner,2,0,,,,,,,,,
656461,2014/15,2015-03-08,Sydney Cricket Ground,2,29.2,Sri Lanka,Australia,DPMD Jayawardene,KC Sangakkara,JP Faulkner,1,0,,,,,,,,,
656461,2014/15,2015-03-08,Sydney Cricket Ground,2,29.3,Sri Lanka,Australia,KC Sangakkara,DPMD Jayawardene,JP Faulkner,2,0,,,,,,,,,
656461,2014/15,2015-03-08,Sydney Cricket Ground,2,29.4,Sri Lanka,Australia,KC Sangakkara,DPMD Jayawardene,JP Faulkner,4,0,,,,,,,,,
656461,2014/15,2015-03-08,Sydney Cricket Ground,2,29.5,Sri Lanka,Australia,KC Sangakkara,DPMD Jayawardene,JP Faulkner,4,0,,,,,,,,,
656461,2014/15,2015-03-08,Sydney Cricket Ground,2,29.6,Sri Lanka,Australia,KC Sangakkara,DPMD Jayawardene,JP Faulkner,4,0,,,,,,,,,
656461,2014/15,2015-03-08,Sydney Cricket Ground,2,30.1,Sri Lanka,Australia,DPMD Jayawardene,KC Sangakkara,MA Starc,1,0,,,,,,,,,
656461,2014/15,2015-03-08,Sydney Cricket Ground,2,30.2,Sri Lanka,Australia,KC Sangakkara,DPMD Jayawardene,MA Starc,0,0,,,,,,,,,
656461,2014/15,2015-03-08,Sydney Cricket Ground,2,30.3,Sri Lanka,Australia,KC Sangakkara,DPMD Jayawardene,MA Starc,0,0,,,,,,,,,
656461,2014/15,2015-03-08,Sydney Cricket Ground,2,30.4,Sri Lanka,Australia,KC Sangakkara,DPMD Jayawardene,MA Starc,1,0,,,,,,,,,
656461,2014/15,2015-03-08,Sydney Cricket Ground,2,30.5,Sri Lanka,Australia,DPMD Jayawardene,KC Sangakkara,MA Starc,0,0,,,,,,,,,
656461,2014/15,2015-03-08,Sydney Cricket Ground,2,30.6,Sri Lanka,Australia,DPMD Jayawardene,KC Sangakkara,MA Starc,0,0,,,,,,run out,DPMD Jayawardene,,
656461,2014/15,2015-03-08,Sydney Cricket Ground,2,31.1,Sri Lanka,Australia,AD Mathews,KC Sangakkara,JP Faulkner,1,0,,,,,,,,,
656461,2014/15,2015-03-08,Sydney Cricket Ground,2,31.2,Sri Lanka,Australia,KC Sangakkara,AD Mathews,JP Faulkner,2,0,,,,,,,,,
656461,2014/15,2015-03-08,Sydney Cricket Ground,2,31.3,Sri Lanka,Australia,KC Sangakkara,AD Mathews,JP Faulkner,0,1,,,,1,,,,,
656461,2014/15,2015-03-08,Sydney Cricket Ground,2,31.4,Sri Lanka,Australia,AD Mathews,KC Sangakkara,JP Faulkner,2,0,,,,,,,,,
656461,2014/15,2015-03-08,Sydney Cricket Ground,2,31.5,Sri Lanka,Australia,AD Mathews,KC Sangakkara,JP Faulkner,1,0,,,,,,,,,
656461,2014/15,2015-03-08,Sydney Cricket Ground,2,31.6,Sri Lanka,Australia,KC Sangakkara,AD Mathews,JP Faulkner,0,0,,,,,,,,,
656461,2014/15,2015-03-08,Sydney Cricket Ground,2,32.1,Sri Lanka,Australia,AD Mathews,KC Sangakkara,MA Starc,1,0,,,,,,,,,
656461,2014/15,2015-03-08,Sydney Cricket Ground,2,32.2,Sri Lanka,Australia,KC Sangakkara,AD Mathews,MA Starc,2,0,,,,,,,,,
656461,2014/15,2015-03-08,Sydney Cricket Ground,2,32.3,Sri Lanka,Australia,KC Sangakkara,AD Mathews,MA Starc,1,0,,,,,,,,,
656461,2014/15,2015-03-08,Sydney Cricket Ground,2,32.4,Sri Lanka,Australia,AD Mathews,KC Sangakkara,MA Starc,1,0,,,,,,,,,
656461,2014/15,2015-03-08,Sydney Cricket Ground,2,32.5,Sri Lanka,Australia,KC Sangakkara,AD Mathews,MA Starc,0,0,,,,,,,,,
656461,2014/15,2015-03-08,Sydney Cricket Ground,2,32.6,Sri Lanka,Australia,KC Sangakkara,AD Mathews,MA Starc,0,0,,,,,,,,,
656461,2014/15,2015-03-08,Sydney Cricket Ground,2,33.1,Sri Lanka,Australia,AD Mathews,KC Sangakkara,JP Faulkner,0,0,,,,,,,,,
656461,2014/15,2015-03-08,Sydney Cricket Ground,2,33.2,Sri Lanka,Australia,AD Mathews,KC Sangakkara,JP Faulkner,0,0,,,,,,,,,
656461,2014/15,2015-03-08,Sydney Cricket Ground,2,33.3,Sri Lanka,Australia,AD Mathews,KC Sangakkara,JP Faulkner,0,0,,,,,,,,,
656461,2014/15,2015-03-08,Sydney Cricket Ground,2,33.4,Sri Lanka,Australia,AD Mathews,KC Sangakkara,JP Faulkner,1,0,,,,,,,,,
656461,2014/15,2015-03-08,Sydney Cricket Ground,2,33.5,Sri Lanka,Australia,KC Sangakkara,AD Mathews,JP Faulkner,0,0,,,,,,caught,KC Sangakkara,,
656461,2014/15,2015-03-08,Sydney Cricket Ground,2,33.6,Sri Lanka,Australia,AD Mathews,LD Chandimal,JP Faulkner,1,0,,,,,,,,,
656461,2014/15,2015-03-08,Sydney Cricket Ground,2,34.1,Sri Lanka,Australia,AD Mathews,LD Chandimal,XJ Doherty,0,0,,,,,,,,,
656461,2014/15,2015-03-08,Sydney Cricket Ground,2,34.2,Sri Lanka,Australia,AD Mathews,LD Chandimal,XJ Doherty,0,0,,,,,,,,,
656461,2014/15,2015-03-08,Sydney Cricket Ground,2,34.3,Sri Lanka,Australia,AD Mathews,LD Chandimal,XJ Doherty,1,0,,,,,,,,,
656461,2014/15,2015-03-08,Sydney Cricket Ground,2,34.4,Sri Lanka,Australia,LD Chandimal,AD Mathews,XJ Doherty,0,0,,,,,,,,,
656461,2014/15,2015-03-08,Sydney Cricket Ground,2,34.5,Sri Lanka,Australia,LD Chandimal,AD Mathews,XJ Doherty,4,0,,,,,,,,,
656461,2014/15,2015-03-08,Sydney Cricket Ground,2,34.6,Sri Lanka,Australia,LD Chandimal,AD Mathews,XJ Doherty,1,0,,,,,,,,,
656461,2014/15,2015-03-08,Sydney Cricket Ground,2,35.1,Sri Lanka,Australia,LD Chandimal,AD Mathews,SR Watson,4,0,,,,,,,,,
656461,2014/15,2015-03-08,Sydney Cricket Ground,2,35.2,Sri Lanka,Australia,LD Chandimal,AD Mathews,SR Watson,0,0,,,,,,,,,
656461,2014/15,2015-03-08,Sydney Cricket Ground,2,35.3,Sri Lanka,Australia,LD Chandimal,AD Mathews,SR Watson,6,0,,,,,,,,,
656461,2014/15,2015-03-08,Sydney Cricket Ground,2,35.4,Sri Lanka,Australia,LD Chandimal,AD Mathews,SR Watson,2,0,,,,,,,,,
656461,2014/15,2015-03-08,Sydney Cricket Ground,2,35.5,Sri Lanka,Australia,LD Chandimal,AD Mathews,SR Watson,0,0,,,,,,,,,
656461,2014/15,2015-03-08,Sydney Cricket Ground,2,35.6,Sri Lanka,Australia,LD Chandimal,AD Mathews,SR Watson,4,0,,,,,,,,,
656461,2014/15,2015-03-08,Sydney Cricket Ground,2,36.1,Sri Lanka,Australia,AD Mathews,LD Chandimal,XJ Doherty,6,0,,,,,,,,,
656461,2014/15,2015-03-08,Sydney Cricket Ground,2,36.2,Sri Lanka,Australia,AD Mathews,LD Chandimal,XJ Doherty,4,0,,,,,,,,,
656461,2014/15,2015-03-08,Sydney Cricket Ground,2,36.3,Sri Lanka,Australia,AD Mathews,LD Chandimal,XJ Doherty,0,0,,,,,,,,,
656461,2014/15,2015-03-08,Sydney Cricket Ground,2,36.4,Sri Lanka,Australia,AD Mathews,LD Chandimal,XJ Doherty,1,0,,,,,,,,,
656461,2014/15,2015-03-08,Sydney Cricket Ground,2,36.5,Sri Lanka,Australia,LD Chandimal,AD Mathews,XJ Doherty,4,0,,,,,,,,,
656461,2014/15,2015-03-08,Sydney Cricket Ground,2,36.6,Sri Lanka,Australia,LD Chandimal,AD Mathews,XJ Doherty,4,0,,,,,,,,,
656461,2014/15,2015-03-08,Sydney Cricket Ground,2,37.1,Sri Lanka,Australia,AD Mathews,LD Chandimal,JP Faulkner,0,0,,,,,,,,,
656461,2014/15,2015-03-08,Sydney Cricket Ground,2,37.2,Sri Lanka,Australia,AD Mathews,LD Chandimal,JP Faulkner,0,1,1,,,,,,,,
656461,2014/15,2015-03-08,Sydney Cricket Ground,2,37.3,Sri Lanka,Australia,AD Mathews,LD Chandimal,JP Faulkner,1,0,,,,,,,,,
656461,2014/15,2015-03-08,Sydney Cricket Ground,2,37.4,Sri Lanka,Australia,LD Chandimal,AD Mathews,JP Faulkner,1,0,,,,,,,,,
656461,2014/15,2015-03-08,Sydney Cricket Ground,2,37.5,Sri Lanka,Australia,AD Mathews,LD Chandimal,JP Faulkner,1,0,,,,,,,,,
656461,2014/15,2015-03-08,Sydney Cricket Ground,2,37.6,Sri Lanka,Australia,LD Chandimal,AD Mathews,JP Faulkner,1,0,,,,,,,,,
656461,2014/15,2015-03-08,Sydney Cricket Ground,2,37.7,Sri Lanka,Australia,AD Mathews,LD Chandimal,JP Faulkner,1,0,,,,,,,,,
656461,2014/15,2015-03-08,Sydney Cricket Ground,2,38.1,Sri Lanka,Australia,AD Mathews,LD Chandimal,MG Johnson,4,0,,,,,,,,,
656461,2014/15,2015-03-08,Sydney Cricket Ground,2,38.2,Sri Lanka,Australia,AD Mathews,LD Chandimal,MG Johnson,1,0,,,,,,,,,
656461,2014/15,2015-03-08,Sydney Cricket Ground,2,38.3,Sri Lanka,Australia,LD Chandimal,AD Mathews,MG Johnson,2,0,,,,,,,,,
656461,2014/15,2015-03-08,Sydney Cricket Ground,2,38.4,Sri Lanka,Australia,LD Chandimal,AD Mathews,MG Johnson,0,1,1,,,,,,,,
656461,2014/15,2015-03-08,Sydney Cricket Ground,2,38.5,Sri Lanka,Australia,LD Chandimal,AD Mathews,MG Johnson,0,0,,,,,,,,,
656461,2014/15,2015-03-08,Sydney Cricket Ground,2,38.6,Sri Lanka,Australia,LD Chandimal,AD Mathews,MG Johnson,0,0,,,,,,,,,
656461,2014/15,2015-03-08,Sydney Cricket Ground,2,38.7,Sri Lanka,Australia,LD Chandimal,AD Mathews,MG Johnson,4,0,,,,,,,,,
656461,2014/15,2015-03-08,Sydney Cricket Ground,2,39.1,Sri Lanka,Australia,AD Mathews,LD Chandimal,SR Watson,1,0,,,,,,,,,
656461,2014/15,2015-03-08,Sydney Cricket Ground,2,39.2,Sri Lanka,Australia,LD Chandimal,AD Mathews,SR Watson,4,0,,,,,,,,,
656461,2014/15,2015-03-08,Sydney Cricket Ground,2,39.3,Sri Lanka,Australia,LD Chandimal,AD Mathews,SR Watson,1,0,,,,,,,,,
656461,2014/15,2015-03-08,Sydney Cricket Ground,2,39.4,Sri Lanka,Australia,AD Mathews,LD Chandimal,SR Watson,0,0,,,,,,,,,
656461,2014/15,2015-03-08,Sydney Cricket Ground,2,39.5,Sri Lanka,Australia,AD Mathews,LD Chandimal,SR Watson,1,0,,,,,,,,,
656461,2014/15,2015-03-08,Sydney Cricket Ground,2,39.6,Sri Lanka,Australia,LD Chandimal,AD Mathews,SR Watson,4,0,,,,,,,,,
656461,2014/15,2015-03-08,Sydney Cricket Ground,2,40.1,Sri Lanka,Australia,AD Mathews,LD Chandimal,MG Johnson,0,0,,,,,,,,,
656461,2014/15,2015-03-08,Sydney Cricket Ground,2,40.2,Sri Lanka,Australia,AD Mathews,LD Chandimal,MG Johnson,1,0,,,,,,,,,
656461,2014/15,2015-03-08,Sydney Cricket Ground,2,40.3,Sri Lanka,Australia,LD Chandimal,AD Mathews,MG Johnson,2,0,,,,,,,,,
656461,2014/15,2015-03-08,Sydney Cricket Ground,2,40.4,Sri Lanka,Australia,LD Chandimal,AD Mathews,MG Johnson,2,0,,,,,,,,,
656461,2014/15,2015-03-08,Sydney Cricket Ground,2,40.5,Sri Lanka,Australia,LD Chandimal,AD Mathews,MG Johnson,1,0,,,,,,,,,
656461,2014/15,2015-03-08,Sydney Cricket Ground,2,40.6,Sri Lanka,Australia,AD Mathews,LD Chandimal,MG Johnson,2,0,,,,,,,,,
656461,2014/15,2015-03-08,Sydney Cricket Ground,2,41.1,Sri Lanka,Australia,LD Chandimal,AD Mathews,SR Watson,1,0,,,,,,retired hurt,LD Chandimal,,
656461,2014/15,2015-03-08,Sydney Cricket Ground,2,41.2,Sri Lanka,Australia,AD Mathews,NLTC Perera,SR Watson,2,0,,,,,,,,,
656461,2014/15,2015-03-08,Sydney Cricket Ground,2,41.3,Sri Lanka,Australia,AD Mathews,NLTC Perera,SR Watson,0,0,,,,,,caught,AD Mathews,,
656461,2014/15,2015-03-08,Sydney Cricket Ground,2,41.4,Sri Lanka,Australia,WU Tharanga,NLTC Perera,SR Watson,1,0,,,,,,,,,
656461,2014/15,2015-03-08,Sydney Cricket Ground,2,41.5,Sri Lanka,Australia,NLTC Perera,WU Tharanga,SR Watson,4,0,,,,,,,,,
656461,2014/15,2015-03-08,Sydney Cricket Ground,2,41.6,Sri Lanka,Australia,NLTC Perera,WU Tharanga,SR Watson,4,0,,,,,,,,,
656461,2014/15,2015-03-08,Sydney Cricket Ground,2,42.1,Sri Lanka,Australia,WU Tharanga,NLTC Perera,MG Johnson,1,0,,,,,,,,,
656461,2014/15,2015-03-08,Sydney Cricket Ground,2,42.2,Sri Lanka,Australia,NLTC Perera,WU Tharanga,MG Johnson,0,0,,,,,,caught,NLTC Perera,,
656461,2014/15,2015-03-08,Sydney Cricket Ground,2,42.3,Sri Lanka,Australia,WU Tharanga,S Prasanna,MG Johnson,1,0,,,,,,,,,
656461,2014/15,2015-03-08,Sydney Cricket Ground,2,42.4,Sri Lanka,Australia,S Prasanna,WU Tharanga,MG Johnson,0,0,,,,,,,,,
656461,2014/15,2015-03-08,Sydney Cricket Ground,2,42.5,Sri Lanka,Australia,S Prasanna,WU Tharanga,MG Johnson,0,1,1,,,,,,,,
656461,2014/15,2015-03-08,Sydney Cricket Ground,2,42.6,Sri Lanka,Australia,S Prasanna,WU Tharanga,MG Johnson,0,0,,,,,,,,,
656461,2014/15,2015-03-08,Sydney Cricket Ground,2,42.7,Sri Lanka,Australia,S Prasanna,WU Tharanga,MG Johnson,1,0,,,,,,,,,
656461,2014/15,2015-03-08,Sydney Cricket Ground,2,43.1,Sri Lanka,Australia,S Prasanna,WU Tharanga,SR Watson,2,0,,,,,,,,,
656461,2014/15,2015-03-08,Sydney Cricket Ground,2,43.2,Sri Lanka,Australia,S Prasanna,WU Tharanga,SR Watson,0,0,,,,,,,,,
656461,2014/15,2015-03-08,Sydney Cricket Ground,2,43.3,Sri Lanka,Australia,S Prasanna,WU Tharanga,SR Watson,0,0,,,,,,,,,
656461,2014/15,2015-03-08,Sydney Cricket Ground,2,43.4,Sri Lanka,Australia,S Prasanna,WU Tharanga,SR Watson,2,0,,,,,,,,,
656461,2014/15,2015-03-08,Sydney Cricket Ground,2,43.5,Sri Lanka,Australia,S Prasanna,WU Tharanga,SR Watson,4,0,,,,,,,,,
656461,2014/15,2015-03-08,Sydney Cricket Ground,2,43.6,Sri Lanka,Australia,S Prasanna,WU Tharanga,SR Watson,0,0,,,,,,,,,
656461,2014/15,2015-03-08,Sydney Cricket Ground,2,44.1,Sri Lanka,Australia,WU Tharanga,S Prasanna,MA Starc,1,0,,,,,,,,,
656461,2014/15,2015-03-08,Sydney Cricket Ground,2,44.2,Sri Lanka,Australia,S Prasanna,WU Tharanga,MA Starc,0,0,,,,,,,,,
656461,2014/15,2015-03-08,Sydney Cricket Ground,2,44.3,Sri Lanka,Australia,S Prasanna,WU Tharanga,MA Starc,0,0,,,,,,bowled,S Prasanna,,
656461,2014/15,2015-03-08,Sydney Cricket Ground,2,44.4,Sri Lanka,Australia,SMSM Senanayake,WU Tharanga,MA Starc,0,0,,,,,,,,,
656461,2014/15,2015-03-08,Sydney Cricket Ground,2,44.5,Sri Lanka,Australia,SMSM Senanayake,WU Tharanga,MA Starc,0,0,,,,,,,,,
656461,2014/15,2015-03-08,Sydney Cricket Ground,2,44.6,Sri Lanka,Australia,SMSM Senanayake,WU Tharanga,MA Starc,1,0,,,,,,,,,
656461,2014/15,2015-03-08,Sydney Cricket Ground,2,45.1,Sri Lanka,Australia,SMSM Senanayake,WU Tharanga,JP Faulkner,1,0,,,,,,,,,
656461,2014/15,2015-03-08,Sydney Cricket Ground,2,45.2,Sri Lanka,Australia,WU Tharanga,SMSM Senanayake,JP Faulkner,0,0,,,,,,caught,WU Tharanga,,
656461,2014/15,2015-03-08,Sydney Cricket Ground,2,45.3,Sri Lanka,Australia,SMSM Senanayake,SL Malinga,JP Faulkner,0,0,,,,,,,,,
656461,2014/15,2015-03-08,Sydney Cricket Ground,2,45.4,Sri Lanka,Australia,SMSM Senanayake,SL Malinga,JP Faulkner,1,0,,,,,,,,,
656461,2014/15,2015-03-08,Sydney Cricket Ground,2,45.5,Sri Lanka,Australia,SL Malinga,SMSM Senanayake,JP Faulkner,0,0,,,,,,,,,
656461,2014/15,2015-03-08,Sydney Cricket Ground,2,45.6,Sri Lanka,Australia,SL Malinga,SMSM Senanayake,JP Faulkner,0,0,,,,,,,,,
656461,2014/15,2015-03-08,Sydney Cricket Ground,2,46.1,Sri Lanka,Australia,SMSM Senanayake,SL Malinga,MA Starc,4,0,,,,,,,,,
656461,2014/15,2015-03-08,Sydney Cricket Ground,2,46.2,Sri Lanka,Australia,SMSM Senanayake,SL Malinga,MA Starc,0,0,,,,,,caught,SMSM Senanayake,,
