version,2.1.0
info,balls_per_over,6
info,team,Afghanistan
info,team,Scotland
info,gender,male
info,season,2014/15
info,date,2015/02/26
info,event,ICC Cricket World Cup
info,match_number,17
info,venue,University Oval
info,city,Dunedin
info,toss_winner,Afghanistan
info,toss_decision,field
info,player_of_match,Samiullah Shenwari
info,umpire,SD Fry
info,umpire,RSA Palliyaguruge
info,reserve_umpire,CB Gaffaney
info,tv_umpire,RJ Tucker
info,match_referee,DC Boon
info,winner,Afghanistan
info,winner_wickets,1
info,player,Afghanistan,Javed Ahmadi
info,player,Afghanistan,Nawroz Mangal
info,player,Afghanistan,Asghar Stanikzai
info,player,Afghanistan,Samiullah Shenwari
info,player,Afghanistan,Mohammad Nabi
info,player,Afghanistan,Afsar Zazai
info,player,Afghanistan,Najibullah Zadran
info,player,Afghanistan,Gulbadin Naib
info,player,Afghanistan,Dawlat Zadran
info,player,Afghanistan,Hamid Hassan
info,player,Afghanistan,Shapoor Zadran
info,player,Scotland,KJ Coetzer
info,player,Scotland,CS MacLeod
info,player,Scotland,HJW Gardiner
info,player,Scotland,MW Machan
info,player,Scotland,PL Mommsen
info,player,Scotland,RD Berrington
info,player,Scotland,MH Cross
info,player,Scotland,JH Davey
info,player,Scotland,RM Haq
info,player,Scotland,AC Evans
info,player,Scotland,I Wardlaw
info,registry,people,AC Evans,e9a870ed
info,registry,people,Afsar Zazai,50930025
info,registry,people,Asghar Stanikzai,88679525
info,registry,people,CB Gaffaney,d5ac41d8
info,registry,people,CS MacLeod,9c376401
info,registry,people,DC Boon,e79a1fe3
info,registry,people,Dawlat Zadran,1fba2ae3
info,registry,people,Gulbadin Naib,9f77963a
info,registry,people,HJW Gardiner,a1000a26
info,registry,people,Hamid Hassan,093ae70b
info,registry,people,I Wardlaw,7429c452
info,registry,people,JH Davey,d3868bd0
info,registry,people,Javed Ahmadi,0087a35d
info,registry,people,KJ Coetzer,85d8110a
info,registry,people,MH Cross,8b261d84
info,registry,people,MW Machan,8c7d6cbe
info,registry,people,Mohammad Nabi,62af8546
info,registry,people,Najibullah Zadran,1212cbec
info,registry,people,Nawroz Mangal,0503ae22
info,registry,people,PL Mommsen,a56f4b65
info,registry,people,RD Berrington,e21bc7f3
info,registry,people,RJ Tucker,38810cfc
info,registry,people,RM Haq,27159c6a
info,registry,people,RSA Palliyaguruge,4339c19d
info,registry,people,SD Fry,6b725ed1
info,registry,people,Samiullah Shenwari,61646132
info,registry,people,Shapoor Zadran,fccebff9
