match_id,season,start_date,venue,innings,ball,batting_team,bowling_team,striker,non_striker,bowler,runs_off_bat,extras,wides,noballs,byes,legbyes,penalty,wicket_type,player_dismissed,other_wicket_type,other_player_dismissed
656437,2014/15,2015-02-28,Eden Park,1,0.1,Australia,New Zealand,AJ Finch,DA Warner,TG Southee,0,1,1,,,,,,,,
656437,2014/15,2015-02-28,Eden Park,1,0.2,Australia,New Zealand,AJ Finch,DA Warner,TG Southee,3,0,,,,,,,,,
656437,2014/15,2015-02-28,Eden Park,1,0.3,Australia,New Zealand,DA Warner,AJ Finch,TG Southee,0,1,1,,,,,,,,
656437,2014/15,2015-02-28,Eden Park,1,0.4,Australia,New Zealand,DA Warner,AJ Finch,TG Southee,1,0,,,,,,,,,
656437,2014/15,2015-02-28,Eden Park,1,0.5,Australia,New Zealand,AJ Finch,DA Warner,TG Southee,4,0,,,,,,,,,
656437,2014/15,2015-02-28,Eden Park,1,0.6,Australia,New Zealand,AJ Finch,DA Warner,TG Southee,0,0,,,,,,,,,
656437,2014/15,2015-02-28,Eden Park,1,0.7,Australia,New Zealand,AJ Finch,DA Warner,TG Southee,1,0,,,,,,,,,
656437,2014/15,2015-02-28,Eden Park,1,0.8,Australia,New Zealand,DA Warner,AJ Finch,TG Southee,0,4,,,4,,,,,,
656437,2014/15,2015-02-28,Eden Park,1,1.1,Australia,New Zealand,AJ Finch,DA Warner,TA Boult,0,1,,,,1,,,,,
656437,2014/15,2015-02-28,Eden Park,1,1.2,Australia,New Zealand,DA Warner,AJ Finch,TA Boult,6,0,,,,,,,,,
656437,2014/15,2015-02-28,Eden Park,1,1.3,Australia,New Zealand,DA Warner,AJ Finch,TA Boult,2,0,,,,,,,,,
656437,2014/15,2015-02-28,Eden Park,1,1.4,Australia,New Zealand,DA Warner,AJ Finch,TA Boult,0,0,,,,,,,,,
656437,2014/15,2015-02-28,Eden Park,1,1.5,Australia,New Zealand,DA Warner,AJ Finch,TA Boult,0,0,,,,,,,,,
656437,2014/15,2015-02-28,Eden Park,1,1.6,Australia,New Zealand,DA Warner,AJ Finch,TA Boult,0,0,,,,,,,,,
656437,2014/15,2015-02-28,Eden Park,1,2.1,Australia,New Zealand,AJ Finch,DA Warner,TG Southee,6,0,,,,,,,,,
656437,2014/15,2015-02-28,Eden Park,1,2.2,Australia,New Zealand,AJ Finch,DA Warner,TG Southee,0,0,,,,,,bowled,AJ Finch,,
656437,2014/15,2015-02-28,Eden Park,1,2.3,Australia,New Zealand,SR Watson,DA Warner,TG Southee,4,0,,,,,,,,,
656437,2014/15,2015-02-28,Eden Park,1,2.4,Australia,New Zealand,SR Watson,DA Warner,TG Southee,0,0,,,,,,,,,
656437,2014/15,2015-02-28,Eden Park,1,2.5,Australia,New Zealand,SR Watson,DA Warner,TG Southee,2,0,,,,,,,,,
656437,2014/15,2015-02-28,Eden Park,1,2.6,Australia,New Zealand,SR Watson,DA Warner,TG Southee,0,0,,,,,,,,,
656437,2014/15,2015-02-28,Eden Park,1,3.1,Australia,New Zealand,DA Warner,SR Watson,TA Boult,0,0,,,,,,,,,
656437,2014/15,2015-02-28,Eden Park,1,3.2,Australia,New Zealand,DA Warner,SR Watson,TA Boult,2,0,,,,,,,,,
656437,2014/15,2015-02-28,Eden Park,1,3.3,Australia,New Zealand,DA Warner,SR Watson,TA Boult,0,0,,,,,,,,,
656437,2014/15,2015-02-28,Eden Park,1,3.4,Australia,New Zealand,DA Warner,SR Watson,TA Boult,1,0,,,,,,,,,
656437,2014/15,2015-02-28,Eden Park,1,3.5,Australia,New Zealand,SR Watson,DA Warner,TA Boult,0,0,,,,,,,,,
656437,2014/15,2015-02-28,Eden Park,1,3.6,Australia,New Zealand,SR Watson,DA Warner,TA Boult,0,0,,,,,,,,,
656437,2014/15,2015-02-28,Eden Park,1,4.1,Australia,New Zealand,DA Warner,SR Watson,TG Southee,0,0,,,,,,,,,
656437,2014/15,2015-02-28,Eden Park,1,4.2,Australia,New Zealand,DA Warner,SR Watson,TG Southee,4,0,,,,,,,,,
656437,2014/15,2015-02-28,Eden Park,1,4.3,Australia,New Zealand,DA Warner,SR Watson,TG Southee,4,0,,,,,,,,,
656437,2014/15,2015-02-28,Eden Park,1,4.4,Australia,New Zealand,DA Warner,SR Watson,TG Southee,0,0,,,,,,,,,
656437,2014/15,2015-02-28,Eden Park,1,4.5,Australia,New Zealand,DA Warner,SR Watson,TG Southee,0,0,,,,,,,,,
656437,2014/15,2015-02-28,Eden Park,1,4.6,Australia,New Zealand,DA Warner,SR Watson,TG Southee,1,0,,,,,,,,,
656437,2014/15,2015-02-28,Eden Park,1,5.1,Australia,New Zealand,DA Warner,SR Watson,TA Boult,1,0,,,,,,,,,
656437,2014/15,2015-02-28,Eden Park,1,5.2,Australia,New Zealand,SR Watson,DA Warner,TA Boult,0,0,,,,,,,,,
656437,2014/15,2015-02-28,Eden Park,1,5.3,Australia,New Zealand,SR Watson,DA Warner,TA Boult,1,0,,,,,,,,,
656437,2014/15,2015-02-28,Eden Park,1,5.4,Australia,New Zealand,DA Warner,SR Watson,TA Boult,0,0,,,,,,,,,
656437,2014/15,2015-02-28,Eden Park,1,5.5,Australia,New Zealand,DA Warner,SR Watson,TA Boult,1,0,,,,,,,,,
656437,2014/15,2015-02-28,Eden Park,1,5.6,Australia,New Zealand,SR Watson,DA Warner,TA Boult,0,0,,,,,,,,,
656437,2014/15,2015-02-28,Eden Park,1,6.1,Australia,New Zealand,DA Warner,SR Watson,DL Vettori,0,0,,,,,,,,,
656437,2014/15,2015-02-28,Eden Park,1,6.2,Australia,New Zealand,DA Warner,SR Watson,DL Vettori,0,0,,,,,,,,,
656437,2014/15,2015-02-28,Eden Park,1,6.3,Australia,New Zealand,DA Warner,SR Watson,DL Vettori,0,0,,,,,,,,,
656437,2014/15,2015-02-28,Eden Park,1,6.4,Australia,New Zealand,DA Warner,SR Watson,DL Vettori,0,0,,,,,,,,,
656437,2014/15,2015-02-28,Eden Park,1,6.5,Australia,New Zealand,DA Warner,SR Watson,DL Vettori,0,0,,,,,,,,,
656437,2014/15,2015-02-28,Eden Park,1,6.6,Australia,New Zealand,DA Warner,SR Watson,DL Vettori,2,0,,,,,,,,,
656437,2014/15,2015-02-28,Eden Park,1,7.1,Australia,New Zealand,SR Watson,DA Warner,TA Boult,0,0,,,,,,,,,
656437,2014/15,2015-02-28,Eden Park,1,7.2,Australia,New Zealand,SR Watson,DA Warner,TA Boult,0,0,,,,,,,,,
656437,2014/15,2015-02-28,Eden Park,1,7.3,Australia,New Zealand,SR Watson,DA Warner,TA Boult,0,0,,,,,,,,,
656437,2014/15,2015-02-28,Eden Park,1,7.4,Australia,New Zealand,SR Watson,DA Warner,TA Boult,1,0,,,,,,,,,
656437,2014/15,2015-02-28,Eden Park,1,7.5,Australia,New Zealand,DA Warner,SR Watson,TA Boult,2,0,,,,,,,,,
656437,2014/15,2015-02-28,Eden Park,1,7.6,Australia,New Zealand,DA Warner,SR Watson,TA Boult,0,1,1,,,,,,,,
656437,2014/15,2015-02-28,Eden Park,1,7.7,Australia,New Zealand,DA Warner,SR Watson,TA Boult,0,0,,,,,,,,,
656437,2014/15,2015-02-28,Eden Park,1,8.1,Australia,New Zealand,SR Watson,DA Warner,DL Vettori,1,0,,,,,,,,,
656437,2014/15,2015-02-28,Eden Park,1,8.2,Australia,New Zealand,DA Warner,SR Watson,DL Vettori,1,0,,,,,,,,,
656437,2014/15,2015-02-28,Eden Park,1,8.3,Australia,New Zealand,SR Watson,DA Warner,DL Vettori,1,0,,,,,,,,,
656437,2014/15,2015-02-28,Eden Park,1,8.4,Australia,New Zealand,DA Warner,SR Watson,DL Vettori,0,0,,,,,,,,,
656437,2014/15,2015-02-28,Eden Park,1,8.5,Australia,New Zealand,DA Warner,SR Watson,DL Vettori,2,0,,,,,,,,,
656437,2014/15,2015-02-28,Eden Park,1,8.6,Australia,New Zealand,DA Warner,SR Watson,DL Vettori,0,0,,,,,,,,,
656437,2014/15,2015-02-28,Eden Park,1,9.1,Australia,New Zealand,SR Watson,DA Warner,TA Boult,0,0,,,,,,,,,
656437,2014/15,2015-02-28,Eden Park,1,9.2,Australia,New Zealand,SR Watson,DA Warner,TA Boult,1,0,,,,,,,,,
656437,2014/15,2015-02-28,Eden Park,1,9.3,Australia,New Zealand,DA Warner,SR Watson,TA Boult,0,0,,,,,,,,,
656437,2014/15,2015-02-28,Eden Park,1,9.4,Australia,New Zealand,DA Warner,SR Watson,TA Boult,1,0,,,,,,,,,
656437,2014/15,2015-02-28,Eden Park,1,9.5,Australia,New Zealand,SR Watson,DA Warner,TA Boult,0,0,,,,,,,,,
656437,2014/15,2015-02-28,Eden Park,1,9.6,Australia,New Zealand,SR Watson,DA Warner,TA Boult,4,0,,,,,,,,,
656437,2014/15,2015-02-28,Eden Park,1,10.1,Australia,New Zealand,DA Warner,SR Watson,DL Vettori,0,0,,,,,,,,,
656437,2014/15,2015-02-28,Eden Park,1,10.2,Australia,New Zealand,DA Warner,SR Watson,DL Vettori,1,0,,,,,,,,,
656437,2014/15,2015-02-28,Eden Park,1,10.3,Australia,New Zealand,SR Watson,DA Warner,DL Vettori,0,0,,,,,,,,,
656437,2014/15,2015-02-28,Eden Park,1,10.4,Australia,New Zealand,SR Watson,DA Warner,DL Vettori,0,0,,,,,,,,,
656437,2014/15,2015-02-28,Eden Park,1,10.5,Australia,New Zealand,SR Watson,DA Warner,DL Vettori,1,0,,,,,,,,,
656437,2014/15,2015-02-28,Eden Park,1,10.6,Australia,New Zealand,DA Warner,SR Watson,DL Vettori,0,0,,,,,,,,,
656437,2014/15,2015-02-28,Eden Park,1,11.1,Australia,New Zealand,SR Watson,DA Warner,TG Southee,0,1,1,,,,,,,,
656437,2014/15,2015-02-28,Eden Park,1,11.2,Australia,New Zealand,SR Watson,DA Warner,TG Southee,0,0,,,,,,,,,
656437,2014/15,2015-02-28,Eden Park,1,11.3,Australia,New Zealand,SR Watson,DA Warner,TG Southee,2,0,,,,,,,,,
656437,2014/15,2015-02-28,Eden Park,1,11.4,Australia,New Zealand,SR Watson,DA Warner,TG Southee,2,0,,,,,,,,,
656437,2014/15,2015-02-28,Eden Park,1,11.5,Australia,New Zealand,SR Watson,DA Warner,TG Southee,0,0,,,,,,,,,
656437,2014/15,2015-02-28,Eden Park,1,11.6,Australia,New Zealand,SR Watson,DA Warner,TG Southee,1,0,,,,,,,,,
656437,2014/15,2015-02-28,Eden Park,1,11.7,Australia,New Zealand,DA Warner,SR Watson,TG Southee,0,0,,,,,,,,,
656437,2014/15,2015-02-28,Eden Park,1,12.1,Australia,New Zealand,SR Watson,DA Warner,DL Vettori,1,0,,,,,,,,,
656437,2014/15,2015-02-28,Eden Park,1,12.2,Australia,New Zealand,DA Warner,SR Watson,DL Vettori,1,0,,,,,,,,,
656437,2014/15,2015-02-28,Eden Park,1,12.3,Australia,New Zealand,SR Watson,DA Warner,DL Vettori,1,0,,,,,,,,,
656437,2014/15,2015-02-28,Eden Park,1,12.4,Australia,New Zealand,DA Warner,SR Watson,DL Vettori,0,0,,,,,,,,,
656437,2014/15,2015-02-28,Eden Park,1,12.5,Australia,New Zealand,DA Warner,SR Watson,DL Vettori,1,0,,,,,,,,,
656437,2014/15,2015-02-28,Eden Park,1,12.6,Australia,New Zealand,SR Watson,DA Warner,DL Vettori,0,0,,,,,,caught,SR Watson,,
656437,2014/15,2015-02-28,Eden Park,1,13.1,Australia,New Zealand,DA Warner,MJ Clarke,TG Southee,0,0,,,,,,lbw,DA Warner,,
656437,2014/15,2015-02-28,Eden Park,1,13.2,Australia,New Zealand,SPD Smith,MJ Clarke,TG Southee,0,0,,,,,,,,,
656437,2014/15,2015-02-28,Eden Park,1,13.3,Australia,New Zealand,SPD Smith,MJ Clarke,TG Southee,0,0,,,,,,,,,
656437,2014/15,2015-02-28,Eden Park,1,13.4,Australia,New Zealand,SPD Smith,MJ Clarke,TG Southee,2,0,,,,,,,,,
656437,2014/15,2015-02-28,Eden Park,1,13.5,Australia,New Zealand,SPD Smith,MJ Clarke,TG Southee,1,0,,,,,,,,,
656437,2014/15,2015-02-28,Eden Park,1,13.6,Australia,New Zealand,MJ Clarke,SPD Smith,TG Southee,2,0,,,,,,,,,
656437,2014/15,2015-02-28,Eden Park,1,14.1,Australia,New Zealand,SPD Smith,MJ Clarke,DL Vettori,1,0,,,,,,,,,
656437,2014/15,2015-02-28,Eden Park,1,14.2,Australia,New Zealand,MJ Clarke,SPD Smith,DL Vettori,0,0,,,,,,,,,
656437,2014/15,2015-02-28,Eden Park,1,14.3,Australia,New Zealand,MJ Clarke,SPD Smith,DL Vettori,1,0,,,,,,,,,
656437,2014/15,2015-02-28,Eden Park,1,14.4,Australia,New Zealand,SPD Smith,MJ Clarke,DL Vettori,0,0,,,,,,,,,
656437,2014/15,2015-02-28,Eden Park,1,14.5,Australia,New Zealand,SPD Smith,MJ Clarke,DL Vettori,0,0,,,,,,,,,
656437,2014/15,2015-02-28,Eden Park,1,14.6,Australia,New Zealand,SPD Smith,MJ Clarke,DL Vettori,0,0,,,,,,,,,
656437,2014/15,2015-02-28,Eden Park,1,15.1,Australia,New Zealand,MJ Clarke,SPD Smith,TG Southee,2,0,,,,,,,,,
656437,2014/15,2015-02-28,Eden Park,1,15.2,Australia,New Zealand,MJ Clarke,SPD Smith,TG Southee,0,0,,,,,,,,,
656437,2014/15,2015-02-28,Eden Park,1,15.3,Australia,New Zealand,MJ Clarke,SPD Smith,TG Southee,4,0,,,,,,,,,
656437,2014/15,2015-02-28,Eden Park,1,15.4,Australia,New Zealand,MJ Clarke,SPD Smith,TG Southee,1,0,,,,,,,,,
656437,2014/15,2015-02-28,Eden Park,1,15.5,Australia,New Zealand,SPD Smith,MJ Clarke,TG Southee,0,0,,,,,,,,,
656437,2014/15,2015-02-28,Eden Park,1,15.6,Australia,New Zealand,SPD Smith,MJ Clarke,TG Southee,0,0,,,,,,,,,
656437,2014/15,2015-02-28,Eden Park,1,16.1,Australia,New Zealand,MJ Clarke,SPD Smith,DL Vettori,0,0,,,,,,,,,
656437,2014/15,2015-02-28,Eden Park,1,16.2,Australia,New Zealand,MJ Clarke,SPD Smith,DL Vettori,1,0,,,,,,,,,
656437,2014/15,2015-02-28,Eden Park,1,16.3,Australia,New Zealand,SPD Smith,MJ Clarke,DL Vettori,0,0,,,,,,caught,SPD Smith,,
656437,2014/15,2015-02-28,Eden Park,1,16.4,Australia,New Zealand,GJ Maxwell,MJ Clarke,DL Vettori,1,0,,,,,,,,,
656437,2014/15,2015-02-28,Eden Park,1,16.5,Australia,New Zealand,MJ Clarke,GJ Maxwell,DL Vettori,0,0,,,,,,,,,
656437,2014/15,2015-02-28,Eden Park,1,16.6,Australia,New Zealand,MJ Clarke,GJ Maxwell,DL Vettori,0,0,,,,,,,,,
656437,2014/15,2015-02-28,Eden Park,1,17.1,Australia,New Zealand,GJ Maxwell,MJ Clarke,TA Boult,0,0,,,,,,,,,
656437,2014/15,2015-02-28,Eden Park,1,17.2,Australia,New Zealand,GJ Maxwell,MJ Clarke,TA Boult,0,0,,,,,,bowled,GJ Maxwell,,
656437,2014/15,2015-02-28,Eden Park,1,17.3,Australia,New Zealand,MR Marsh,MJ Clarke,TA Boult,0,0,,,,,,,,,
656437,2014/15,2015-02-28,Eden Park,1,17.4,Australia,New Zealand,MR Marsh,MJ Clarke,TA Boult,0,1,1,,,,,,,,
656437,2014/15,2015-02-28,Eden Park,1,17.5,Australia,New Zealand,MR Marsh,MJ Clarke,TA Boult,0,0,,,,,,bowled,MR Marsh,,
656437,2014/15,2015-02-28,Eden Park,1,17.6,Australia,New Zealand,BJ Haddin,MJ Clarke,TA Boult,0,0,,,,,,,,,
656437,2014/15,2015-02-28,Eden Park,1,17.7,Australia,New Zealand,BJ Haddin,MJ Clarke,TA Boult,0,0,,,,,,,,,
656437,2014/15,2015-02-28,Eden Park,1,18.1,Australia,New Zealand,MJ Clarke,BJ Haddin,DL Vettori,0,0,,,,,,,,,
656437,2014/15,2015-02-28,Eden Park,1,18.2,Australia,New Zealand,MJ Clarke,BJ Haddin,DL Vettori,1,0,,,,,,,,,
656437,2014/15,2015-02-28,Eden Park,1,18.3,Australia,New Zealand,BJ Haddin,MJ Clarke,DL Vettori,0,0,,,,,,,,,
656437,2014/15,2015-02-28,Eden Park,1,18.4,Australia,New Zealand,BJ Haddin,MJ Clarke,DL Vettori,0,0,,,,,,,,,
656437,2014/15,2015-02-28,Eden Park,1,18.5,Australia,New Zealand,BJ Haddin,MJ Clarke,DL Vettori,4,0,,,,,,,,,
656437,2014/15,2015-02-28,Eden Park,1,18.6,Australia,New Zealand,BJ Haddin,MJ Clarke,DL Vettori,1,0,,,,,,,,,
656437,2014/15,2015-02-28,Eden Park,1,19.1,Australia,New Zealand,BJ Haddin,MJ Clarke,TA Boult,0,1,,,,1,,,,,
656437,2014/15,2015-02-28,Eden Park,1,19.2,Australia,New Zealand,MJ Clarke,BJ Haddin,TA Boult,0,0,,,,,,,,,
656437,2014/15,2015-02-28,Eden Park,1,19.3,Australia,New Zealand,MJ Clarke,BJ Haddin,TA Boult,0,0,,,,,,,,,
656437,2014/15,2015-02-28,Eden Park,1,19.4,Australia,New Zealand,MJ Clarke,BJ Haddin,TA Boult,0,0,,,,,,,,,
656437,2014/15,2015-02-28,Eden Park,1,19.5,Australia,New Zealand,MJ Clarke,BJ Haddin,TA Boult,0,0,,,,,,,,,
656437,2014/15,2015-02-28,Eden Park,1,19.6,Australia,New Zealand,MJ Clarke,BJ Haddin,TA Boult,0,0,,,,,,caught,MJ Clarke,,
656437,2014/15,2015-02-28,Eden Park,1,20.1,Australia,New Zealand,BJ Haddin,MG Johnson,DL Vettori,1,0,,,,,,,,,
656437,2014/15,2015-02-28,Eden Park,1,20.2,Australia,New Zealand,MG Johnson,BJ Haddin,DL Vettori,0,0,,,,,,,,,
656437,2014/15,2015-02-28,Eden Park,1,20.3,Australia,New Zealand,MG Johnson,BJ Haddin,DL Vettori,0,0,,,,,,,,,
656437,2014/15,2015-02-28,Eden Park,1,20.4,Australia,New Zealand,MG Johnson,BJ Haddin,DL Vettori,0,0,,,,,,,,,
656437,2014/15,2015-02-28,Eden Park,1,20.5,Australia,New Zealand,MG Johnson,BJ Haddin,DL Vettori,1,0,,,,,,,,,
656437,2014/15,2015-02-28,Eden Park,1,20.6,Australia,New Zealand,BJ Haddin,MG Johnson,DL Vettori,0,0,,,,,,,,,
656437,2014/15,2015-02-28,Eden Park,1,21.1,Australia,New Zealand,MG Johnson,BJ Haddin,TA Boult,0,0,,,,,,,,,
656437,2014/15,2015-02-28,Eden Park,1,21.2,Australia,New Zealand,MG Johnson,BJ Haddin,TA Boult,0,0,,,,,,,,,
656437,2014/15,2015-02-28,Eden Park,1,21.3,Australia,New Zealand,MG Johnson,BJ Haddin,TA Boult,0,0,,,,,,caught,MG Johnson,,
656437,2014/15,2015-02-28,Eden Park,1,21.4,Australia,New Zealand,MA Starc,BJ Haddin,TA Boult,0,0,,,,,,,,,
656437,2014/15,2015-02-28,Eden Park,1,21.5,Australia,New Zealand,MA Starc,BJ Haddin,TA Boult,0,0,,,,,,,,,
656437,2014/15,2015-02-28,Eden Park,1,21.6,Australia,New Zealand,MA Starc,BJ Haddin,TA Boult,0,0,,,,,,bowled,MA Starc,,
656437,2014/15,2015-02-28,Eden Park,1,22.1,Australia,New Zealand,BJ Haddin,PJ Cummins,DL Vettori,1,0,,,,,,,,,
656437,2014/15,2015-02-28,Eden Park,1,22.2,Australia,New Zealand,PJ Cummins,BJ Haddin,DL Vettori,0,0,,,,,,,,,
656437,2014/15,2015-02-28,Eden Park,1,22.3,Australia,New Zealand,PJ Cummins,BJ Haddin,DL Vettori,0,0,,,,,,,,,
656437,2014/15,2015-02-28,Eden Park,1,22.4,Australia,New Zealand,PJ Cummins,BJ Haddin,DL Vettori,0,0,,,,,,,,,
656437,2014/15,2015-02-28,Eden Park,1,22.5,Australia,New Zealand,PJ Cummins,BJ Haddin,DL Vettori,1,0,,,,,,,,,
656437,2014/15,2015-02-28,Eden Park,1,22.6,Australia,New Zealand,BJ Haddin,PJ Cummins,DL Vettori,1,0,,,,,,,,,
656437,2014/15,2015-02-28,Eden Park,1,23.1,Australia,New Zealand,BJ Haddin,PJ Cummins,TA Boult,1,0,,,,,,,,,
656437,2014/15,2015-02-28,Eden Park,1,23.2,Australia,New Zealand,PJ Cummins,BJ Haddin,TA Boult,0,0,,,,,,,,,
656437,2014/15,2015-02-28,Eden Park,1,23.3,Australia,New Zealand,PJ Cummins,BJ Haddin,TA Boult,0,0,,,,,,,,,
656437,2014/15,2015-02-28,Eden Park,1,23.4,Australia,New Zealand,PJ Cummins,BJ Haddin,TA Boult,1,0,,,,,,,,,
656437,2014/15,2015-02-28,Eden Park,1,23.5,Australia,New Zealand,BJ Haddin,PJ Cummins,TA Boult,0,0,,,,,,,,,
656437,2014/15,2015-02-28,Eden Park,1,23.6,Australia,New Zealand,BJ Haddin,PJ Cummins,TA Boult,0,0,,,,,,,,,
656437,2014/15,2015-02-28,Eden Park,1,24.1,Australia,New Zealand,PJ Cummins,BJ Haddin,DL Vettori,1,0,,,,,,,,,
656437,2014/15,2015-02-28,Eden Park,1,24.2,Australia,New Zealand,BJ Haddin,PJ Cummins,DL Vettori,4,0,,,,,,,,,
656437,2014/15,2015-02-28,Eden Park,1,24.3,Australia,New Zealand,BJ Haddin,PJ Cummins,DL Vettori,2,0,,,,,,,,,
656437,2014/15,2015-02-28,Eden Park,1,24.4,Australia,New Zealand,BJ Haddin,PJ Cummins,DL Vettori,6,0,,,,,,,,,
656437,2014/15,2015-02-28,Eden Park,1,24.5,Australia,New Zealand,BJ Haddin,PJ Cummins,DL Vettori,0,0,,,,,,,,,
656437,2014/15,2015-02-28,Eden Park,1,24.6,Australia,New Zealand,BJ Haddin,PJ Cummins,DL Vettori,0,0,,,,,,,,,
656437,2014/15,2015-02-28,Eden Park,1,25.1,Australia,New Zealand,PJ Cummins,BJ Haddin,TA Boult,0,0,,,,,,,,,
656437,2014/15,2015-02-28,Eden Park,1,25.2,Australia,New Zealand,PJ Cummins,BJ Haddin,TA Boult,0,0,,,,,,,,,
656437,2014/15,2015-02-28,Eden Park,1,25.3,Australia,New Zealand,PJ Cummins,BJ Haddin,TA Boult,0,0,,,,,,,,,
656437,2014/15,2015-02-28,Eden Park,1,25.4,Australia,New Zealand,PJ Cummins,BJ Haddin,TA Boult,0,0,,,,,,,,,
656437,2014/15,2015-02-28,Eden Park,1,25.5,Australia,New Zealand,PJ Cummins,BJ Haddin,TA Boult,0,0,,,,,,,,,
656437,2014/15,2015-02-28,Eden Park,1,25.6,Australia,New Zealand,PJ Cummins,BJ Haddin,TA Boult,0,0,,,,,,,,,
656437,2014/15,2015-02-28,Eden Park,1,26.1,Australia,New Zealand,BJ Haddin,PJ Cummins,TG Southee,0,0,,,,,,,,,
656437,2014/15,2015-02-28,Eden Park,1,26.2,Australia,New Zealand,BJ Haddin,PJ Cummins,TG Southee,0,0,,,,,,,,,
656437,2014/15,2015-02-28,Eden Park,1,26.3,Australia,New Zealand,BJ Haddin,PJ Cummins,TG Southee,0,1,1,,,,,,,,
656437,2014/15,2015-02-28,Eden Park,1,26.4,Australia,New Zealand,BJ Haddin,PJ Cummins,TG Southee,0,0,,,,,,,,,
656437,2014/15,2015-02-28,Eden Park,1,26.5,Australia,New Zealand,BJ Haddin,PJ Cummins,TG Southee,2,0,,,,,,,,,
656437,2014/15,2015-02-28,Eden Park,1,26.6,Australia,New Zealand,BJ Haddin,PJ Cummins,TG Southee,1,0,,,,,,,,,
656437,2014/15,2015-02-28,Eden Park,1,26.7,Australia,New Zealand,PJ Cummins,BJ Haddin,TG Southee,0,0,,,,,,,,,
656437,2014/15,2015-02-28,Eden Park,1,27.1,Australia,New Zealand,BJ Haddin,PJ Cummins,AF Milne,0,0,,,,,,,,,
656437,2014/15,2015-02-28,Eden Park,1,27.2,Australia,New Zealand,BJ Haddin,PJ Cummins,AF Milne,0,0,,,,,,,,,
656437,2014/15,2015-02-28,Eden Park,1,27.3,Australia,New Zealand,BJ Haddin,PJ Cummins,AF Milne,0,0,,,,,,,,,
656437,2014/15,2015-02-28,Eden Park,1,27.4,Australia,New Zealand,BJ Haddin,PJ Cummins,AF Milne,1,0,,,,,,,,,
656437,2014/15,2015-02-28,Eden Park,1,27.5,Australia,New Zealand,PJ Cummins,BJ Haddin,AF Milne,0,0,,,,,,,,,
656437,2014/15,2015-02-28,Eden Park,1,27.6,Australia,New Zealand,PJ Cummins,BJ Haddin,AF Milne,0,0,,,,,,,,,
656437,2014/15,2015-02-28,Eden Park,1,28.1,Australia,New Zealand,BJ Haddin,PJ Cummins,TG Southee,4,0,,,,,,,,,
656437,2014/15,2015-02-28,Eden Park,1,28.2,Australia,New Zealand,BJ Haddin,PJ Cummins,TG Southee,0,0,,,,,,,,,
656437,2014/15,2015-02-28,Eden Park,1,28.3,Australia,New Zealand,BJ Haddin,PJ Cummins,TG Southee,2,0,,,,,,,,,
656437,2014/15,2015-02-28,Eden Park,1,28.4,Australia,New Zealand,BJ Haddin,PJ Cummins,TG Southee,1,0,,,,,,,,,
656437,2014/15,2015-02-28,Eden Park,1,28.5,Australia,New Zealand,PJ Cummins,BJ Haddin,TG Southee,0,0,,,,,,,,,
656437,2014/15,2015-02-28,Eden Park,1,28.6,Australia,New Zealand,PJ Cummins,BJ Haddin,TG Southee,0,0,,,,,,,,,
656437,2014/15,2015-02-28,Eden Park,1,29.1,Australia,New Zealand,BJ Haddin,PJ Cummins,AF Milne,0,0,,,,,,,,,
656437,2014/15,2015-02-28,Eden Park,1,29.2,Australia,New Zealand,BJ Haddin,PJ Cummins,AF Milne,0,0,,,,,,,,,
656437,2014/15,2015-02-28,Eden Park,1,29.3,Australia,New Zealand,BJ Haddin,PJ Cummins,AF Milne,0,0,,,,,,,,,
656437,2014/15,2015-02-28,Eden Park,1,29.4,Australia,New Zealand,BJ Haddin,PJ Cummins,AF Milne,0,0,,,,,,,,,
656437,2014/15,2015-02-28,Eden Park,1,29.5,Australia,New Zealand,BJ Haddin,PJ Cummins,AF Milne,0,0,,,,,,,,,
656437,2014/15,2015-02-28,Eden Park,1,29.6,Australia,New Zealand,BJ Haddin,PJ Cummins,AF Milne,4,0,,,,,,,,,
656437,2014/15,2015-02-28,Eden Park,1,30.1,Australia,New Zealand,PJ Cummins,BJ Haddin,TG Southee,4,0,,,,,,,,,
656437,2014/15,2015-02-28,Eden Park,1,30.2,Australia,New Zealand,PJ Cummins,BJ Haddin,TG Southee,0,0,,,,,,,,,
656437,2014/15,2015-02-28,Eden Park,1,30.3,Australia,New Zealand,PJ Cummins,BJ Haddin,TG Southee,0,0,,,,,,,,,
656437,2014/15,2015-02-28,Eden Park,1,30.4,Australia,New Zealand,PJ Cummins,BJ Haddin,TG Southee,0,0,,,,,,,,,
656437,2014/15,2015-02-28,Eden Park,1,30.5,Australia,New Zealand,PJ Cummins,BJ Haddin,TG Southee,0,0,,,,,,,,,
656437,2014/15,2015-02-28,Eden Park,1,30.6,Australia,New Zealand,PJ Cummins,BJ Haddin,TG Southee,0,0,,,,,,,,,
656437,2014/15,2015-02-28,Eden Park,1,31.1,Australia,New Zealand,BJ Haddin,PJ Cummins,AF Milne,1,0,,,,,,,,,
656437,2014/15,2015-02-28,Eden Park,1,31.2,Australia,New Zealand,PJ Cummins,BJ Haddin,AF Milne,0,0,,,,,,,,,
656437,2014/15,2015-02-28,Eden Park,1,31.3,Australia,New Zealand,PJ Cummins,BJ Haddin,AF Milne,0,0,,,,,,,,,
656437,2014/15,2015-02-28,Eden Park,1,31.4,Australia,New Zealand,PJ Cummins,BJ Haddin,AF Milne,0,0,,,,,,,,,
656437,2014/15,2015-02-28,Eden Park,1,31.5,Australia,New Zealand,PJ Cummins,BJ Haddin,AF Milne,0,0,,,,,,,,,
656437,2014/15,2015-02-28,Eden Park,1,31.6,Australia,New Zealand,PJ Cummins,BJ Haddin,AF Milne,0,0,,,,,,,,,
656437,2014/15,2015-02-28,Eden Park,1,32.1,Australia,New Zealand,BJ Haddin,PJ Cummins,CJ Anderson,6,0,,,,,,,,,
656437,2014/15,2015-02-28,Eden Park,1,32.2,Australia,New Zealand,BJ Haddin,PJ Cummins,CJ Anderson,0,0,,,,,,caught,BJ Haddin,,
656437,2014/15,2015-02-28,Eden Park,2,0.1,New Zealand,Australia,MJ Guptill,BB McCullum,MG Johnson,4,1,,1,,,,,,,
656437,2014/15,2015-02-28,Eden Park,2,0.2,New Zealand,Australia,MJ Guptill,BB McCullum,MG Johnson,6,0,,,,,,,,,
656437,2014/15,2015-02-28,Eden Park,2,0.3,New Zealand,Australia,MJ Guptill,BB McCullum,MG Johnson,0,0,,,,,,,,,
656437,2014/15,2015-02-28,Eden Park,2,0.4,New Zealand,Australia,MJ Guptill,BB McCullum,MG Johnson,0,0,,,,,,,,,
656437,2014/15,2015-02-28,Eden Park,2,0.5,New Zealand,Australia,MJ Guptill,BB McCullum,MG Johnson,0,0,,,,,,,,,
656437,2014/15,2015-02-28,Eden Park,2,0.6,New Zealand,Australia,MJ Guptill,BB McCullum,MG Johnson,0,0,,,,,,,,,
656437,2014/15,2015-02-28,Eden Park,2,0.7,New Zealand,Australia,MJ Guptill,BB McCullum,MG Johnson,0,0,,,,,,,,,
656437,2014/15,2015-02-28,Eden Park,2,1.1,New Zealand,Australia,BB McCullum,MJ Guptill,MA Starc,0,1,1,,,,,,,,
656437,2014/15,2015-02-28,Eden Park,2,1.2,New Zealand,Australia,BB McCullum,MJ Guptill,MA Starc,6,0,,,,,,,,,
656437,2014/15,2015-02-28,Eden Park,2,1.3,New Zealand,Australia,BB McCullum,MJ Guptill,MA Starc,1,0,,,,,,,,,
656437,2014/15,2015-02-28,Eden Park,2,1.4,New Zealand,Australia,MJ Guptill,BB McCullum,MA Starc,0,0,,,,,,,,,
656437,2014/15,2015-02-28,Eden Park,2,1.5,New Zealand,Australia,MJ Guptill,BB McCullum,MA Starc,1,0,,,,,,,,,
656437,2014/15,2015-02-28,Eden Park,2,1.6,New Zealand,Australia,BB McCullum,MJ Guptill,MA Starc,4,0,,,,,,,,,
656437,2014/15,2015-02-28,Eden Park,2,1.7,New Zealand,Australia,BB McCullum,MJ Guptill,MA Starc,1,0,,,,,,,,,
656437,2014/15,2015-02-28,Eden Park,2,2.1,New Zealand,Australia,BB McCullum,MJ Guptill,MG Johnson,6,0,,,,,,,,,
656437,2014/15,2015-02-28,Eden Park,2,2.2,New Zealand,Australia,BB McCullum,MJ Guptill,MG Johnson,4,0,,,,,,,,,
656437,2014/15,2015-02-28,Eden Park,2,2.3,New Zealand,Australia,BB McCullum,MJ Guptill,MG Johnson,0,0,,,,,,,,,
656437,2014/15,2015-02-28,Eden Park,2,2.4,New Zealand,Australia,BB McCullum,MJ Guptill,MG Johnson,0,0,,,,,,,,,
656437,2014/15,2015-02-28,Eden Park,2,2.5,New Zealand,Australia,BB McCullum,MJ Guptill,MG Johnson,4,0,,,,,,,,,
656437,2014/15,2015-02-28,Eden Park,2,2.6,New Zealand,Australia,BB McCullum,MJ Guptill,MG Johnson,0,0,,,,,,,,,
656437,2014/15,2015-02-28,Eden Park,2,3.1,New Zealand,Australia,MJ Guptill,BB McCullum,MA Starc,0,0,,,,,,,,,
656437,2014/15,2015-02-28,Eden Park,2,3.2,New Zealand,Australia,MJ Guptill,BB McCullum,MA Starc,0,0,,,,,,,,,
656437,2014/15,2015-02-28,Eden Park,2,3.3,New Zealand,Australia,MJ Guptill,BB McCullum,MA Starc,0,1,1,,,,,,,,
656437,2014/15,2015-02-28,Eden Park,2,3.4,New Zealand,Australia,MJ Guptill,BB McCullum,MA Starc,0,0,,,,,,,,,
656437,2014/15,2015-02-28,Eden Park,2,3.5,New Zealand,Australia,MJ Guptill,BB McCullum,MA Starc,0,0,,,,,,,,,
656437,2014/15,2015-02-28,Eden Park,2,3.6,New Zealand,Australia,MJ Guptill,BB McCullum,MA Starc,0,0,,,,,,caught,MJ Guptill,,
656437,2014/15,2015-02-28,Eden Park,2,3.7,New Zealand,Australia,KS Williamson,BB McCullum,MA Starc,0,0,,,,,,,,,
656437,2014/15,2015-02-28,Eden Park,2,4.1,New Zealand,Australia,BB McCullum,KS Williamson,MG Johnson,1,0,,,,,,,,,
656437,2014/15,2015-02-28,Eden Park,2,4.2,New Zealand,Australia,KS Williamson,BB McCullum,MG Johnson,0,0,,,,,,,,,
656437,2014/15,2015-02-28,Eden Park,2,4.3,New Zealand,Australia,KS Williamson,BB McCullum,MG Johnson,4,0,,,,,,,,,
656437,2014/15,2015-02-28,Eden Park,2,4.4,New Zealand,Australia,KS Williamson,BB McCullum,MG Johnson,1,0,,,,,,,,,
656437,2014/15,2015-02-28,Eden Park,2,4.5,New Zealand,Australia,BB McCullum,KS Williamson,MG Johnson,0,0,,,,,,,,,
656437,2014/15,2015-02-28,Eden Park,2,4.6,New Zealand,Australia,BB McCullum,KS Williamson,MG Johnson,4,0,,,,,,,,,
656437,2014/15,2015-02-28,Eden Park,2,5.1,New Zealand,Australia,KS Williamson,BB McCullum,MA Starc,0,0,,,,,,,,,
656437,2014/15,2015-02-28,Eden Park,2,5.2,New Zealand,Australia,KS Williamson,BB McCullum,MA Starc,1,0,,,,,,,,,
656437,2014/15,2015-02-28,Eden Park,2,5.3,New Zealand,Australia,BB McCullum,KS Williamson,MA Starc,0,0,,,,,,,,,
656437,2014/15,2015-02-28,Eden Park,2,5.4,New Zealand,Australia,BB McCullum,KS Williamson,MA Starc,0,0,,,,,,,,,
656437,2014/15,2015-02-28,Eden Park,2,5.5,New Zealand,Australia,BB McCullum,KS Williamson,MA Starc,4,0,,,,,,,,,
656437,2014/15,2015-02-28,Eden Park,2,5.6,New Zealand,Australia,BB McCullum,KS Williamson,MA Starc,0,0,,,,,,,,,
656437,2014/15,2015-02-28,Eden Park,2,6.1,New Zealand,Australia,KS Williamson,BB McCullum,MG Johnson,1,0,,,,,,,,,
656437,2014/15,2015-02-28,Eden Park,2,6.2,New Zealand,Australia,BB McCullum,KS Williamson,MG Johnson,4,0,,,,,,,,,
656437,2014/15,2015-02-28,Eden Park,2,6.3,New Zealand,Australia,BB McCullum,KS Williamson,MG Johnson,6,0,,,,,,,,,
656437,2014/15,2015-02-28,Eden Park,2,6.4,New Zealand,Australia,BB McCullum,KS Williamson,MG Johnson,4,0,,,,,,,,,
656437,2014/15,2015-02-28,Eden Park,2,6.5,New Zealand,Australia,BB McCullum,KS Williamson,MG Johnson,1,0,,,,,,,,,
656437,2014/15,2015-02-28,Eden Park,2,6.6,New Zealand,Australia,KS Williamson,BB McCullum,MG Johnson,1,0,,,,,,,,,
656437,2014/15,2015-02-28,Eden Park,2,7.1,New Zealand,Australia,KS Williamson,BB McCullum,PJ Cummins,1,0,,,,,,,,,
656437,2014/15,2015-02-28,Eden Park,2,7.2,New Zealand,Australia,BB McCullum,KS Williamson,PJ Cummins,0,5,5,,,,,,,,
656437,2014/15,2015-02-28,Eden Park,2,7.3,New Zealand,Australia,BB McCullum,KS Williamson,PJ Cummins,0,0,,,,,,,,,
656437,2014/15,2015-02-28,Eden Park,2,7.4,New Zealand,Australia,BB McCullum,KS Williamson,PJ Cummins,0,0,,,,,,,,,
656437,2014/15,2015-02-28,Eden Park,2,7.5,New Zealand,Australia,BB McCullum,KS Williamson,PJ Cummins,0,0,,,,,,caught,BB McCullum,,
656437,2014/15,2015-02-28,Eden Park,2,7.6,New Zealand,Australia,LRPL Taylor,KS Williamson,PJ Cummins,1,0,,,,,,,,,
656437,2014/15,2015-02-28,Eden Park,2,7.7,New Zealand,Australia,KS Williamson,LRPL Taylor,PJ Cummins,0,0,,,,,,,,,
656437,2014/15,2015-02-28,Eden Park,2,8.1,New Zealand,Australia,LRPL Taylor,KS Williamson,MA Starc,0,0,,,,,,bowled,LRPL Taylor,,
656437,2014/15,2015-02-28,Eden Park,2,8.2,New Zealand,Australia,GD Elliott,KS Williamson,MA Starc,0,0,,,,,,bowled,GD Elliott,,
656437,2014/15,2015-02-28,Eden Park,2,8.3,New Zealand,Australia,CJ Anderson,KS Williamson,MA Starc,0,0,,,,,,,,,
656437,2014/15,2015-02-28,Eden Park,2,8.4,New Zealand,Australia,CJ Anderson,KS Williamson,MA Starc,1,0,,,,,,,,,
656437,2014/15,2015-02-28,Eden Park,2,8.5,New Zealand,Australia,KS Williamson,CJ Anderson,MA Starc,0,0,,,,,,,,,
656437,2014/15,2015-02-28,Eden Park,2,8.6,New Zealand,Australia,KS Williamson,CJ Anderson,MA Starc,0,0,,,,,,,,,
656437,2014/15,2015-02-28,Eden Park,2,9.1,New Zealand,Australia,CJ Anderson,KS Williamson,PJ Cummins,0,0,,,,,,,,,
656437,2014/15,2015-02-28,Eden Park,2,9.2,New Zealand,Australia,CJ Anderson,KS Williamson,PJ Cummins,0,0,,,,,,,,,
656437,2014/15,2015-02-28,Eden Park,2,9.3,New Zealand,Australia,CJ Anderson,KS Williamson,PJ Cummins,0,0,,,,,,,,,
656437,2014/15,2015-02-28,Eden Park,2,9.4,New Zealand,Australia,CJ Anderson,KS Williamson,PJ Cummins,1,0,,,,,,,,,
656437,2014/15,2015-02-28,Eden Park,2,9.5,New Zealand,Australia,KS Williamson,CJ Anderson,PJ Cummins,0,0,,,,,,,,,
656437,2014/15,2015-02-28,Eden Park,2,9.6,New Zealand,Australia,KS Williamson,CJ Anderson,PJ Cummins,0,0,,,,,,,,,
656437,2014/15,2015-02-28,Eden Park,2,10.1,New Zealand,Australia,CJ Anderson,KS Williamson,MA Starc,0,0,,,,,,,,,
656437,2014/15,2015-02-28,Eden Park,2,10.2,New Zealand,Australia,CJ Anderson,KS Williamson,MA Starc,0,0,,,,,,,,,
656437,2014/15,2015-02-28,Eden Park,2,10.3,New Zealand,Australia,CJ Anderson,KS Williamson,MA Starc,0,0,,,,,,,,,
656437,2014/15,2015-02-28,Eden Park,2,10.4,New Zealand,Australia,CJ Anderson,KS Williamson,MA Starc,0,0,,,,,,,,,
656437,2014/15,2015-02-28,Eden Park,2,10.5,New Zealand,Australia,CJ Anderson,KS Williamson,MA Starc,2,0,,,,,,,,,
656437,2014/15,2015-02-28,Eden Park,2,10.6,New Zealand,Australia,CJ Anderson,KS Williamson,MA Starc,0,0,,,,,,,,,
656437,2014/15,2015-02-28,Eden Park,2,11.1,New Zealand,Australia,KS Williamson,CJ Anderson,PJ Cummins,0,0,,,,,,,,,
656437,2014/15,2015-02-28,Eden Park,2,11.2,New Zealand,Australia,KS Williamson,CJ Anderson,PJ Cummins,4,0,,,,,,,,,
656437,2014/15,2015-02-28,Eden Park,2,11.3,New Zealand,Australia,KS Williamson,CJ Anderson,PJ Cummins,1,0,,,,,,,,,
656437,2014/15,2015-02-28,Eden Park,2,11.4,New Zealand,Australia,CJ Anderson,KS Williamson,PJ Cummins,0,0,,,,,,,,,
656437,2014/15,2015-02-28,Eden Park,2,11.5,New Zealand,Australia,CJ Anderson,KS Williamson,PJ Cummins,1,0,,,,,,,,,
656437,2014/15,2015-02-28,Eden Park,2,11.6,New Zealand,Australia,KS Williamson,CJ Anderson,PJ Cummins,0,0,,,,,,,,,
656437,2014/15,2015-02-28,Eden Park,2,12.1,New Zealand,Australia,CJ Anderson,KS Williamson,MA Starc,0,0,,,,,,,,,
656437,2014/15,2015-02-28,Eden Park,2,12.2,New Zealand,Australia,CJ Anderson,KS Williamson,MA Starc,0,0,,,,,,,,,
656437,2014/15,2015-02-28,Eden Park,2,12.3,New Zealand,Australia,CJ Anderson,KS Williamson,MA Starc,0,1,1,,,,,,,,
656437,2014/15,2015-02-28,Eden Park,2,12.4,New Zealand,Australia,CJ Anderson,KS Williamson,MA Starc,0,0,,,,,,,,,
656437,2014/15,2015-02-28,Eden Park,2,12.5,New Zealand,Australia,CJ Anderson,KS Williamson,MA Starc,0,0,,,,,,,,,
656437,2014/15,2015-02-28,Eden Park,2,12.6,New Zealand,Australia,CJ Anderson,KS Williamson,MA Starc,0,0,,,,,,,,,
656437,2014/15,2015-02-28,Eden Park,2,12.7,New Zealand,Australia,CJ Anderson,KS Williamson,MA Starc,0,0,,,,,,,,,
656437,2014/15,2015-02-28,Eden Park,2,13.1,New Zealand,Australia,KS Williamson,CJ Anderson,PJ Cummins,0,0,,,,,,,,,
656437,2014/15,2015-02-28,Eden Park,2,13.2,New Zealand,Australia,KS Williamson,CJ Anderson,PJ Cummins,0,0,,,,,,,,,
656437,2014/15,2015-02-28,Eden Park,2,13.3,New Zealand,Australia,KS Williamson,CJ Anderson,PJ Cummins,0,0,,,,,,,,,
656437,2014/15,2015-02-28,Eden Park,2,13.4,New Zealand,Australia,KS Williamson,CJ Anderson,PJ Cummins,2,0,,,,,,,,,
656437,2014/15,2015-02-28,Eden Park,2,13.5,New Zealand,Australia,KS Williamson,CJ Anderson,PJ Cummins,0,0,,,,,,,,,
656437,2014/15,2015-02-28,Eden Park,2,13.6,New Zealand,Australia,KS Williamson,CJ Anderson,PJ Cummins,0,0,,,,,,,,,
656437,2014/15,2015-02-28,Eden Park,2,14.1,New Zealand,Australia,CJ Anderson,KS Williamson,MG Johnson,4,0,,,,,,,,,
656437,2014/15,2015-02-28,Eden Park,2,14.2,New Zealand,Australia,CJ Anderson,KS Williamson,MG Johnson,4,0,,,,,,,,,
656437,2014/15,2015-02-28,Eden Park,2,14.3,New Zealand,Australia,CJ Anderson,KS Williamson,MG Johnson,6,0,,,,,,,,,
656437,2014/15,2015-02-28,Eden Park,2,14.4,New Zealand,Australia,CJ Anderson,KS Williamson,MG Johnson,0,0,,,,,,,,,
656437,2014/15,2015-02-28,Eden Park,2,14.5,New Zealand,Australia,CJ Anderson,KS Williamson,MG Johnson,0,0,,,,,,,,,
656437,2014/15,2015-02-28,Eden Park,2,14.6,New Zealand,Australia,CJ Anderson,KS Williamson,MG Johnson,2,0,,,,,,,,,
656437,2014/15,2015-02-28,Eden Park,2,15.1,New Zealand,Australia,KS Williamson,CJ Anderson,PJ Cummins,4,0,,,,,,,,,
656437,2014/15,2015-02-28,Eden Park,2,15.2,New Zealand,Australia,KS Williamson,CJ Anderson,PJ Cummins,0,0,,,,,,,,,
656437,2014/15,2015-02-28,Eden Park,2,15.3,New Zealand,Australia,KS Williamson,CJ Anderson,PJ Cummins,1,0,,,,,,,,,
656437,2014/15,2015-02-28,Eden Park,2,15.4,New Zealand,Australia,CJ Anderson,KS Williamson,PJ Cummins,0,0,,,,,,,,,
656437,2014/15,2015-02-28,Eden Park,2,15.5,New Zealand,Australia,CJ Anderson,KS Williamson,PJ Cummins,2,0,,,,,,,,,
656437,2014/15,2015-02-28,Eden Park,2,15.6,New Zealand,Australia,CJ Anderson,KS Williamson,PJ Cummins,3,0,,,,,,,,,
656437,2014/15,2015-02-28,Eden Park,2,16.1,New Zealand,Australia,CJ Anderson,KS Williamson,MG Johnson,0,0,,,,,,,,,
656437,2014/15,2015-02-28,Eden Park,2,16.2,New Zealand,Australia,CJ Anderson,KS Williamson,MG Johnson,0,0,,,,,,,,,
656437,2014/15,2015-02-28,Eden Park,2,16.3,New Zealand,Australia,CJ Anderson,KS Williamson,MG Johnson,0,0,,,,,,,,,
656437,2014/15,2015-02-28,Eden Park,2,16.4,New Zealand,Australia,CJ Anderson,KS Williamson,MG Johnson,0,0,,,,,,,,,
656437,2014/15,2015-02-28,Eden Park,2,16.5,New Zealand,Australia,CJ Anderson,KS Williamson,MG Johnson,0,0,,,,,,,,,
656437,2014/15,2015-02-28,Eden Park,2,16.6,New Zealand,Australia,CJ Anderson,KS Williamson,MG Johnson,0,0,,,,,,,,,
656437,2014/15,2015-02-28,Eden Park,2,17.1,New Zealand,Australia,KS Williamson,CJ Anderson,MR Marsh,4,0,,,,,,,,,
656437,2014/15,2015-02-28,Eden Park,2,17.2,New Zealand,Australia,KS Williamson,CJ Anderson,MR Marsh,0,0,,,,,,,,,
656437,2014/15,2015-02-28,Eden Park,2,17.3,New Zealand,Australia,KS Williamson,CJ Anderson,MR Marsh,0,0,,,,,,,,,
656437,2014/15,2015-02-28,Eden Park,2,17.4,New Zealand,Australia,KS Williamson,CJ Anderson,MR Marsh,4,0,,,,,,,,,
656437,2014/15,2015-02-28,Eden Park,2,17.5,New Zealand,Australia,KS Williamson,CJ Anderson,MR Marsh,2,0,,,,,,,,,
656437,2014/15,2015-02-28,Eden Park,2,17.6,New Zealand,Australia,KS Williamson,CJ Anderson,MR Marsh,1,0,,,,,,,,,
656437,2014/15,2015-02-28,Eden Park,2,18.1,New Zealand,Australia,KS Williamson,CJ Anderson,MA Starc,0,0,,,,,,,,,
656437,2014/15,2015-02-28,Eden Park,2,18.2,New Zealand,Australia,KS Williamson,CJ Anderson,MA Starc,1,0,,,,,,,,,
656437,2014/15,2015-02-28,Eden Park,2,18.3,New Zealand,Australia,CJ Anderson,KS Williamson,MA Starc,0,0,,,,,,,,,
656437,2014/15,2015-02-28,Eden Park,2,18.4,New Zealand,Australia,CJ Anderson,KS Williamson,MA Starc,0,0,,,,,,,,,
656437,2014/15,2015-02-28,Eden Park,2,18.5,New Zealand,Australia,CJ Anderson,KS Williamson,MA Starc,0,0,,,,,,,,,
656437,2014/15,2015-02-28,Eden Park,2,18.6,New Zealand,Australia,CJ Anderson,KS Williamson,MA Starc,0,0,,,,,,,,,
656437,2014/15,2015-02-28,Eden Park,2,19.1,New Zealand,Australia,KS Williamson,CJ Anderson,GJ Maxwell,1,0,,,,,,,,,
656437,2014/15,2015-02-28,Eden Park,2,19.2,New Zealand,Australia,CJ Anderson,KS Williamson,GJ Maxwell,0,0,,,,,,,,,
656437,2014/15,2015-02-28,Eden Park,2,19.3,New Zealand,Australia,CJ Anderson,KS Williamson,GJ Maxwell,0,0,,,,,,,,,
656437,2014/15,2015-02-28,Eden Park,2,19.4,New Zealand,Australia,CJ Anderson,KS Williamson,GJ Maxwell,0,0,,,,,,caught,CJ Anderson,,
656437,2014/15,2015-02-28,Eden Park,2,19.5,New Zealand,Australia,L Ronchi,KS Williamson,GJ Maxwell,0,0,,,,,,,,,
656437,2014/15,2015-02-28,Eden Park,2,19.6,New Zealand,Australia,L Ronchi,KS Williamson,GJ Maxwell,6,0,,,,,,,,,
656437,2014/15,2015-02-28,Eden Park,2,20.1,New Zealand,Australia,KS Williamson,L Ronchi,MA Starc,1,0,,,,,,,,,
656437,2014/15,2015-02-28,Eden Park,2,20.2,New Zealand,Australia,L Ronchi,KS Williamson,MA Starc,0,0,,,,,,,,,
656437,2014/15,2015-02-28,Eden Park,2,20.3,New Zealand,Australia,L Ronchi,KS Williamson,MA Starc,0,1,1,,,,,,,,
656437,2014/15,2015-02-28,Eden Park,2,20.4,New Zealand,Australia,L Ronchi,KS Williamson,MA Starc,0,0,,,,,,,,,
656437,2014/15,2015-02-28,Eden Park,2,20.5,New Zealand,Australia,L Ronchi,KS Williamson,MA Starc,0,0,,,,,,,,,
656437,2014/15,2015-02-28,Eden Park,2,20.6,New Zealand,Australia,L Ronchi,KS Williamson,MA Starc,0,0,,,,,,,,,
656437,2014/15,2015-02-28,Eden Park,2,20.7,New Zealand,Australia,L Ronchi,KS Williamson,MA Starc,0,0,,,,,,caught,L Ronchi,,
656437,2014/15,2015-02-28,Eden Park,2,21.1,New Zealand,Australia,KS Williamson,DL Vettori,PJ Cummins,2,0,,,,,,,,,
656437,2014/15,2015-02-28,Eden Park,2,21.2,New Zealand,Australia,KS Williamson,DL Vettori,PJ Cummins,1,0,,,,,,,,,
656437,2014/15,2015-02-28,Eden Park,2,21.3,New Zealand,Australia,DL Vettori,KS Williamson,PJ Cummins,0,1,1,,,,,,,,
656437,2014/15,2015-02-28,Eden Park,2,21.4,New Zealand,Australia,DL Vettori,KS Williamson,PJ Cummins,2,0,,,,,,,,,
656437,2014/15,2015-02-28,Eden Park,2,21.5,New Zealand,Australia,DL Vettori,KS Williamson,PJ Cummins,0,0,,,,,,,,,
656437,2014/15,2015-02-28,Eden Park,2,21.6,New Zealand,Australia,DL Vettori,KS Williamson,PJ Cummins,0,0,,,,,,caught,DL Vettori,,
656437,2014/15,2015-02-28,Eden Park,2,21.7,New Zealand,Australia,AF Milne,KS Williamson,PJ Cummins,0,0,,,,,,,,,
656437,2014/15,2015-02-28,Eden Park,2,22.1,New Zealand,Australia,KS Williamson,AF Milne,MA Starc,0,0,,,,,,,,,
656437,2014/15,2015-02-28,Eden Park,2,22.2,New Zealand,Australia,KS Williamson,AF Milne,MA Starc,1,0,,,,,,,,,
656437,2014/15,2015-02-28,Eden Park,2,22.3,New Zealand,Australia,AF Milne,KS Williamson,MA Starc,0,0,,,,,,bowled,AF Milne,,
656437,2014/15,2015-02-28,Eden Park,2,22.4,New Zealand,Australia,TG Southee,KS Williamson,MA Starc,0,0,,,,,,bowled,TG Southee,,
656437,2014/15,2015-02-28,Eden Park,2,22.5,New Zealand,Australia,TA Boult,KS Williamson,MA Starc,0,0,,,,,,,,,
656437,2014/15,2015-02-28,Eden Park,2,22.6,New Zealand,Australia,TA Boult,KS Williamson,MA Starc,0,0,,,,,,,,,
656437,2014/15,2015-02-28,Eden Park,2,23.1,New Zealand,Australia,KS Williamson,TA Boult,PJ Cummins,6,0,,,,,,,,,
