match_id,season,start_date,venue,innings,ball,batting_team,bowling_team,striker,non_striker,bowler,runs_off_bat,extras,wides,noballs,byes,legbyes,penalty,wicket_type,player_dismissed,other_wicket_type,other_player_dismissed
656421,2014/15,2015-02-22,University Oval,1,0.1,Afghanistan,Sri Lanka,Javed Ahmadi,Nawroz Mangal,SL Malinga,0,0,,,,,,,,,
656421,2014/15,2015-02-22,University Oval,1,0.2,Afghanistan,Sri Lanka,Javed Ahmadi,Nawroz Mangal,SL Malinga,0,0,,,,,,,,,
656421,2014/15,2015-02-22,University Oval,1,0.3,Afghanistan,Sri Lanka,Javed Ahmadi,Nawroz Mangal,SL Malinga,0,0,,,,,,,,,
656421,2014/15,2015-02-22,University Oval,1,0.4,Afghanistan,Sri Lanka,Javed Ahmadi,Nawroz Mangal,SL Malinga,0,0,,,,,,,,,
656421,2014/15,2015-02-22,University Oval,1,0.5,Afghanistan,Sri Lanka,Javed Ahmadi,Nawroz Mangal,SL Malinga,0,0,,,,,,,,,
656421,2014/15,2015-02-22,University Oval,1,0.6,Afghanistan,Sri Lanka,Javed Ahmadi,Nawroz Mangal,SL Malinga,0,0,,,,,,,,,
656421,2014/15,2015-02-22,University Oval,1,1.1,Afghanistan,Sri Lanka,Nawroz Mangal,Javed Ahmadi,RAS Lakmal,0,0,,,,,,,,,
656421,2014/15,2015-02-22,University Oval,1,1.2,Afghanistan,Sri Lanka,Nawroz Mangal,Javed Ahmadi,RAS Lakmal,0,0,,,,,,,,,
656421,2014/15,2015-02-22,University Oval,1,1.3,Afghanistan,Sri Lanka,Nawroz Mangal,Javed Ahmadi,RAS Lakmal,0,0,,,,,,,,,
656421,2014/15,2015-02-22,University Oval,1,1.4,Afghanistan,Sri Lanka,Nawroz Mangal,Javed Ahmadi,RAS Lakmal,1,0,,,,,,,,,
656421,2014/15,2015-02-22,University Oval,1,1.5,Afghanistan,Sri Lanka,Javed Ahmadi,Nawroz Mangal,RAS Lakmal,0,0,,,,,,,,,
656421,2014/15,2015-02-22,University Oval,1,1.6,Afghanistan,Sri Lanka,Javed Ahmadi,Nawroz Mangal,RAS Lakmal,0,0,,,,,,,,,
656421,2014/15,2015-02-22,University Oval,1,2.1,Afghanistan,Sri Lanka,Nawroz Mangal,Javed Ahmadi,SL Malinga,0,0,,,,,,,,,
656421,2014/15,2015-02-22,University Oval,1,2.2,Afghanistan,Sri Lanka,Nawroz Mangal,Javed Ahmadi,SL Malinga,0,0,,,,,,,,,
656421,2014/15,2015-02-22,University Oval,1,2.3,Afghanistan,Sri Lanka,Nawroz Mangal,Javed Ahmadi,SL Malinga,0,0,,,,,,,,,
656421,2014/15,2015-02-22,University Oval,1,2.4,Afghanistan,Sri Lanka,Nawroz Mangal,Javed Ahmadi,SL Malinga,0,0,,,,,,,,,
656421,2014/15,2015-02-22,University Oval,1,2.5,Afghanistan,Sri Lanka,Nawroz Mangal,Javed Ahmadi,SL Malinga,0,0,,,,,,,,,
656421,2014/15,2015-02-22,University Oval,1,2.6,Afghanistan,Sri Lanka,Nawroz Mangal,Javed Ahmadi,SL Malinga,1,0,,,,,,,,,
656421,2014/15,2015-02-22,University Oval,1,3.1,Afghanistan,Sri Lanka,Nawroz Mangal,Javed Ahmadi,RAS Lakmal,0,0,,,,,,,,,
656421,2014/15,2015-02-22,University Oval,1,3.2,Afghanistan,Sri Lanka,Nawroz Mangal,Javed Ahmadi,RAS Lakmal,0,0,,,,,,,,,
656421,2014/15,2015-02-22,University Oval,1,3.3,Afghanistan,Sri Lanka,Nawroz Mangal,Javed Ahmadi,RAS Lakmal,0,0,,,,,,,,,
656421,2014/15,2015-02-22,University Oval,1,3.4,Afghanistan,Sri Lanka,Nawroz Mangal,Javed Ahmadi,RAS Lakmal,0,0,,,,,,,,,
656421,2014/15,2015-02-22,University Oval,1,3.5,Afghanistan,Sri Lanka,Nawroz Mangal,Javed Ahmadi,RAS Lakmal,0,0,,,,,,,,,
656421,2014/15,2015-02-22,University Oval,1,3.6,Afghanistan,Sri Lanka,Nawroz Mangal,Javed Ahmadi,RAS Lakmal,2,0,,,,,,,,,
656421,2014/15,2015-02-22,University Oval,1,4.1,Afghanistan,Sri Lanka,Javed Ahmadi,Nawroz Mangal,SL Malinga,4,0,,,,,,,,,
656421,2014/15,2015-02-22,University Oval,1,4.2,Afghanistan,Sri Lanka,Javed Ahmadi,Nawroz Mangal,SL Malinga,4,0,,,,,,,,,
656421,2014/15,2015-02-22,University Oval,1,4.3,Afghanistan,Sri Lanka,Javed Ahmadi,Nawroz Mangal,SL Malinga,0,0,,,,,,,,,
656421,2014/15,2015-02-22,University Oval,1,4.4,Afghanistan,Sri Lanka,Javed Ahmadi,Nawroz Mangal,SL Malinga,3,0,,,,,,,,,
656421,2014/15,2015-02-22,University Oval,1,4.5,Afghanistan,Sri Lanka,Nawroz Mangal,Javed Ahmadi,SL Malinga,0,0,,,,,,,,,
656421,2014/15,2015-02-22,University Oval,1,4.6,Afghanistan,Sri Lanka,Nawroz Mangal,Javed Ahmadi,SL Malinga,0,0,,,,,,,,,
656421,2014/15,2015-02-22,University Oval,1,5.1,Afghanistan,Sri Lanka,Javed Ahmadi,Nawroz Mangal,RAS Lakmal,1,0,,,,,,,,,
656421,2014/15,2015-02-22,University Oval,1,5.2,Afghanistan,Sri Lanka,Nawroz Mangal,Javed Ahmadi,RAS Lakmal,0,0,,,,,,,,,
656421,2014/15,2015-02-22,University Oval,1,5.3,Afghanistan,Sri Lanka,Nawroz Mangal,Javed Ahmadi,RAS Lakmal,1,0,,,,,,,,,
656421,2014/15,2015-02-22,University Oval,1,5.4,Afghanistan,Sri Lanka,Javed Ahmadi,Nawroz Mangal,RAS Lakmal,1,0,,,,,,,,,
656421,2014/15,2015-02-22,University Oval,1,5.5,Afghanistan,Sri Lanka,Nawroz Mangal,Javed Ahmadi,RAS Lakmal,1,0,,,,,,,,,
656421,2014/15,2015-02-22,University Oval,1,5.6,Afghanistan,Sri Lanka,Javed Ahmadi,Nawroz Mangal,RAS Lakmal,0,0,,,,,,,,,
656421,2014/15,2015-02-22,University Oval,1,6.1,Afghanistan,Sri Lanka,Nawroz Mangal,Javed Ahmadi,SL Malinga,0,0,,,,,,,,,
656421,2014/15,2015-02-22,University Oval,1,6.2,Afghanistan,Sri Lanka,Nawroz Mangal,Javed Ahmadi,SL Malinga,0,0,,,,,,,,,
656421,2014/15,2015-02-22,University Oval,1,6.3,Afghanistan,Sri Lanka,Nawroz Mangal,Javed Ahmadi,SL Malinga,0,0,,,,,,,,,
656421,2014/15,2015-02-22,University Oval,1,6.4,Afghanistan,Sri Lanka,Nawroz Mangal,Javed Ahmadi,SL Malinga,0,1,1,,,,,,,,
656421,2014/15,2015-02-22,University Oval,1,6.5,Afghanistan,Sri Lanka,Nawroz Mangal,Javed Ahmadi,SL Malinga,0,0,,,,,,,,,
656421,2014/15,2015-02-22,University Oval,1,6.6,Afghanistan,Sri Lanka,Nawroz Mangal,Javed Ahmadi,SL Malinga,0,0,,,,,,,,,
656421,2014/15,2015-02-22,University Oval,1,6.7,Afghanistan,Sri Lanka,Nawroz Mangal,Javed Ahmadi,SL Malinga,4,0,,,,,,,,,
656421,2014/15,2015-02-22,University Oval,1,7.1,Afghanistan,Sri Lanka,Javed Ahmadi,Nawroz Mangal,RAS Lakmal,1,0,,,,,,,,,
656421,2014/15,2015-02-22,University Oval,1,7.2,Afghanistan,Sri Lanka,Nawroz Mangal,Javed Ahmadi,RAS Lakmal,0,0,,,,,,,,,
656421,2014/15,2015-02-22,University Oval,1,7.3,Afghanistan,Sri Lanka,Nawroz Mangal,Javed Ahmadi,RAS Lakmal,0,1,,,,1,,,,,
656421,2014/15,2015-02-22,University Oval,1,7.4,Afghanistan,Sri Lanka,Javed Ahmadi,Nawroz Mangal,RAS Lakmal,0,0,,,,,,,,,
656421,2014/15,2015-02-22,University Oval,1,7.5,Afghanistan,Sri Lanka,Javed Ahmadi,Nawroz Mangal,RAS Lakmal,4,0,,,,,,,,,
656421,2014/15,2015-02-22,University Oval,1,7.6,Afghanistan,Sri Lanka,Javed Ahmadi,Nawroz Mangal,RAS Lakmal,4,0,,,,,,,,,
656421,2014/15,2015-02-22,University Oval,1,8.1,Afghanistan,Sri Lanka,Nawroz Mangal,Javed Ahmadi,AD Mathews,0,0,,,,,,caught,Nawroz Mangal,,
656421,2014/15,2015-02-22,University Oval,1,8.2,Afghanistan,Sri Lanka,Asghar Stanikzai,Javed Ahmadi,AD Mathews,0,0,,,,,,,,,
656421,2014/15,2015-02-22,University Oval,1,8.3,Afghanistan,Sri Lanka,Asghar Stanikzai,Javed Ahmadi,AD Mathews,0,0,,,,,,,,,
656421,2014/15,2015-02-22,University Oval,1,8.4,Afghanistan,Sri Lanka,Asghar Stanikzai,Javed Ahmadi,AD Mathews,0,0,,,,,,,,,
656421,2014/15,2015-02-22,University Oval,1,8.5,Afghanistan,Sri Lanka,Asghar Stanikzai,Javed Ahmadi,AD Mathews,4,0,,,,,,,,,
656421,2014/15,2015-02-22,University Oval,1,8.6,Afghanistan,Sri Lanka,Asghar Stanikzai,Javed Ahmadi,AD Mathews,0,0,,,,,,,,,
656421,2014/15,2015-02-22,University Oval,1,9.1,Afghanistan,Sri Lanka,Javed Ahmadi,Asghar Stanikzai,RAS Lakmal,0,0,,,,,,,,,
656421,2014/15,2015-02-22,University Oval,1,9.2,Afghanistan,Sri Lanka,Javed Ahmadi,Asghar Stanikzai,RAS Lakmal,2,0,,,,,,,,,
656421,2014/15,2015-02-22,University Oval,1,9.3,Afghanistan,Sri Lanka,Javed Ahmadi,Asghar Stanikzai,RAS Lakmal,0,0,,,,,,,,,
656421,2014/15,2015-02-22,University Oval,1,9.4,Afghanistan,Sri Lanka,Javed Ahmadi,Asghar Stanikzai,RAS Lakmal,0,0,,,,,,caught,Javed Ahmadi,,
656421,2014/15,2015-02-22,University Oval,1,9.5,Afghanistan,Sri Lanka,Samiullah Shenwari,Asghar Stanikzai,RAS Lakmal,0,0,,,,,,,,,
656421,2014/15,2015-02-22,University Oval,1,9.6,Afghanistan,Sri Lanka,Samiullah Shenwari,Asghar Stanikzai,RAS Lakmal,0,0,,,,,,,,,
656421,2014/15,2015-02-22,University Oval,1,10.1,Afghanistan,Sri Lanka,Asghar Stanikzai,Samiullah Shenwari,AD Mathews,6,0,,,,,,,,,
656421,2014/15,2015-02-22,University Oval,1,10.2,Afghanistan,Sri Lanka,Asghar Stanikzai,Samiullah Shenwari,AD Mathews,1,0,,,,,,,,,
656421,2014/15,2015-02-22,University Oval,1,10.3,Afghanistan,Sri Lanka,Samiullah Shenwari,Asghar Stanikzai,AD Mathews,0,0,,,,,,,,,
656421,2014/15,2015-02-22,University Oval,1,10.4,Afghanistan,Sri Lanka,Samiullah Shenwari,Asghar Stanikzai,AD Mathews,0,0,,,,,,,,,
656421,2014/15,2015-02-22,University Oval,1,10.5,Afghanistan,Sri Lanka,Samiullah Shenwari,Asghar Stanikzai,AD Mathews,0,0,,,,,,,,,
656421,2014/15,2015-02-22,University Oval,1,10.6,Afghanistan,Sri Lanka,Samiullah Shenwari,Asghar Stanikzai,AD Mathews,1,0,,,,,,,,,
656421,2014/15,2015-02-22,University Oval,1,11.1,Afghanistan,Sri Lanka,Samiullah Shenwari,Asghar Stanikzai,RAS Lakmal,0,0,,,,,,,,,
656421,2014/15,2015-02-22,University Oval,1,11.2,Afghanistan,Sri Lanka,Samiullah Shenwari,Asghar Stanikzai,RAS Lakmal,0,0,,,,,,,,,
656421,2014/15,2015-02-22,University Oval,1,11.3,Afghanistan,Sri Lanka,Samiullah Shenwari,Asghar Stanikzai,RAS Lakmal,0,0,,,,,,,,,
656421,2014/15,2015-02-22,University Oval,1,11.4,Afghanistan,Sri Lanka,Samiullah Shenwari,Asghar Stanikzai,RAS Lakmal,1,0,,,,,,,,,
656421,2014/15,2015-02-22,University Oval,1,11.5,Afghanistan,Sri Lanka,Asghar Stanikzai,Samiullah Shenwari,RAS Lakmal,1,0,,,,,,,,,
656421,2014/15,2015-02-22,University Oval,1,11.6,Afghanistan,Sri Lanka,Samiullah Shenwari,Asghar Stanikzai,RAS Lakmal,0,0,,,,,,,,,
656421,2014/15,2015-02-22,University Oval,1,12.1,Afghanistan,Sri Lanka,Asghar Stanikzai,Samiullah Shenwari,AD Mathews,1,0,,,,,,,,,
656421,2014/15,2015-02-22,University Oval,1,12.2,Afghanistan,Sri Lanka,Samiullah Shenwari,Asghar Stanikzai,AD Mathews,0,0,,,,,,,,,
656421,2014/15,2015-02-22,University Oval,1,12.3,Afghanistan,Sri Lanka,Samiullah Shenwari,Asghar Stanikzai,AD Mathews,0,0,,,,,,,,,
656421,2014/15,2015-02-22,University Oval,1,12.4,Afghanistan,Sri Lanka,Samiullah Shenwari,Asghar Stanikzai,AD Mathews,1,0,,,,,,,,,
656421,2014/15,2015-02-22,University Oval,1,12.5,Afghanistan,Sri Lanka,Asghar Stanikzai,Samiullah Shenwari,AD Mathews,0,1,,,,1,,,,,
656421,2014/15,2015-02-22,University Oval,1,12.6,Afghanistan,Sri Lanka,Samiullah Shenwari,Asghar Stanikzai,AD Mathews,0,0,,,,,,,,,
656421,2014/15,2015-02-22,University Oval,1,13.1,Afghanistan,Sri Lanka,Asghar Stanikzai,Samiullah Shenwari,NLTC Perera,1,0,,,,,,,,,
656421,2014/15,2015-02-22,University Oval,1,13.2,Afghanistan,Sri Lanka,Samiullah Shenwari,Asghar Stanikzai,NLTC Perera,4,0,,,,,,,,,
656421,2014/15,2015-02-22,University Oval,1,13.3,Afghanistan,Sri Lanka,Samiullah Shenwari,Asghar Stanikzai,NLTC Perera,0,0,,,,,,,,,
656421,2014/15,2015-02-22,University Oval,1,13.4,Afghanistan,Sri Lanka,Samiullah Shenwari,Asghar Stanikzai,NLTC Perera,0,0,,,,,,,,,
656421,2014/15,2015-02-22,University Oval,1,13.5,Afghanistan,Sri Lanka,Samiullah Shenwari,Asghar Stanikzai,NLTC Perera,4,0,,,,,,,,,
656421,2014/15,2015-02-22,University Oval,1,13.6,Afghanistan,Sri Lanka,Samiullah Shenwari,Asghar Stanikzai,NLTC Perera,0,0,,,,,,,,,
656421,2014/15,2015-02-22,University Oval,1,14.1,Afghanistan,Sri Lanka,Asghar Stanikzai,Samiullah Shenwari,AD Mathews,2,0,,,,,,,,,
656421,2014/15,2015-02-22,University Oval,1,14.2,Afghanistan,Sri Lanka,Asghar Stanikzai,Samiullah Shenwari,AD Mathews,0,0,,,,,,,,,
656421,2014/15,2015-02-22,University Oval,1,14.3,Afghanistan,Sri Lanka,Asghar Stanikzai,Samiullah Shenwari,AD Mathews,0,0,,,,,,,,,
656421,2014/15,2015-02-22,University Oval,1,14.4,Afghanistan,Sri Lanka,Asghar Stanikzai,Samiullah Shenwari,AD Mathews,0,0,,,,,,,,,
656421,2014/15,2015-02-22,University Oval,1,14.5,Afghanistan,Sri Lanka,Asghar Stanikzai,Samiullah Shenwari,AD Mathews,2,0,,,,,,,,,
656421,2014/15,2015-02-22,University Oval,1,14.6,Afghanistan,Sri Lanka,Asghar Stanikzai,Samiullah Shenwari,AD Mathews,1,0,,,,,,,,,
656421,2014/15,2015-02-22,University Oval,1,15.1,Afghanistan,Sri Lanka,Asghar Stanikzai,Samiullah Shenwari,NLTC Perera,1,0,,,,,,,,,
656421,2014/15,2015-02-22,University Oval,1,15.2,Afghanistan,Sri Lanka,Samiullah Shenwari,Asghar Stanikzai,NLTC Perera,0,0,,,,,,,,,
656421,2014/15,2015-02-22,University Oval,1,15.3,Afghanistan,Sri Lanka,Samiullah Shenwari,Asghar Stanikzai,NLTC Perera,0,0,,,,,,,,,
656421,2014/15,2015-02-22,University Oval,1,15.4,Afghanistan,Sri Lanka,Samiullah Shenwari,Asghar Stanikzai,NLTC Perera,0,0,,,,,,,,,
656421,2014/15,2015-02-22,University Oval,1,15.5,Afghanistan,Sri Lanka,Samiullah Shenwari,Asghar Stanikzai,NLTC Perera,0,0,,,,,,,,,
656421,2014/15,2015-02-22,University Oval,1,15.6,Afghanistan,Sri Lanka,Samiullah Shenwari,Asghar Stanikzai,NLTC Perera,0,0,,,,,,,,,
656421,2014/15,2015-02-22,University Oval,1,16.1,Afghanistan,Sri Lanka,Asghar Stanikzai,Samiullah Shenwari,HMRKB Herath,0,0,,,,,,,,,
656421,2014/15,2015-02-22,University Oval,1,16.2,Afghanistan,Sri Lanka,Asghar Stanikzai,Samiullah Shenwari,HMRKB Herath,0,0,,,,,,,,,
656421,2014/15,2015-02-22,University Oval,1,16.3,Afghanistan,Sri Lanka,Asghar Stanikzai,Samiullah Shenwari,HMRKB Herath,2,0,,,,,,,,,
656421,2014/15,2015-02-22,University Oval,1,16.4,Afghanistan,Sri Lanka,Asghar Stanikzai,Samiullah Shenwari,HMRKB Herath,1,0,,,,,,,,,
656421,2014/15,2015-02-22,University Oval,1,16.5,Afghanistan,Sri Lanka,Samiullah Shenwari,Asghar Stanikzai,HMRKB Herath,1,0,,,,,,,,,
656421,2014/15,2015-02-22,University Oval,1,16.6,Afghanistan,Sri Lanka,Asghar Stanikzai,Samiullah Shenwari,HMRKB Herath,1,0,,,,,,,,,
656421,2014/15,2015-02-22,University Oval,1,17.1,Afghanistan,Sri Lanka,Asghar Stanikzai,Samiullah Shenwari,NLTC Perera,0,0,,,,,,,,,
656421,2014/15,2015-02-22,University Oval,1,17.2,Afghanistan,Sri Lanka,Asghar Stanikzai,Samiullah Shenwari,NLTC Perera,0,0,,,,,,,,,
656421,2014/15,2015-02-22,University Oval,1,17.3,Afghanistan,Sri Lanka,Asghar Stanikzai,Samiullah Shenwari,NLTC Perera,0,0,,,,,,,,,
656421,2014/15,2015-02-22,University Oval,1,17.4,Afghanistan,Sri Lanka,Asghar Stanikzai,Samiullah Shenwari,NLTC Perera,1,0,,,,,,,,,
656421,2014/15,2015-02-22,University Oval,1,17.5,Afghanistan,Sri Lanka,Samiullah Shenwari,Asghar Stanikzai,NLTC Perera,1,0,,,,,,,,,
656421,2014/15,2015-02-22,University Oval,1,17.6,Afghanistan,Sri Lanka,Asghar Stanikzai,Samiullah Shenwari,NLTC Perera,4,0,,,,,,,,,
656421,2014/15,2015-02-22,University Oval,1,18.1,Afghanistan,Sri Lanka,Samiullah Shenwari,Asghar Stanikzai,HMRKB Herath,0,0,,,,,,,,,
656421,2014/15,2015-02-22,University Oval,1,18.2,Afghanistan,Sri Lanka,Samiullah Shenwari,Asghar Stanikzai,HMRKB Herath,0,0,,,,,,,,,
656421,2014/15,2015-02-22,University Oval,1,18.3,Afghanistan,Sri Lanka,Samiullah Shenwari,Asghar Stanikzai,HMRKB Herath,1,0,,,,,,,,,
656421,2014/15,2015-02-22,University Oval,1,18.4,Afghanistan,Sri Lanka,Asghar Stanikzai,Samiullah Shenwari,HMRKB Herath,0,0,,,,,,,,,
656421,2014/15,2015-02-22,University Oval,1,18.5,Afghanistan,Sri Lanka,Asghar Stanikzai,Samiullah Shenwari,HMRKB Herath,1,0,,,,,,,,,
656421,2014/15,2015-02-22,University Oval,1,18.6,Afghanistan,Sri Lanka,Samiullah Shenwari,Asghar Stanikzai,HMRKB Herath,0,0,,,,,,,,,
656421,2014/15,2015-02-22,University Oval,1,19.1,Afghanistan,Sri Lanka,Asghar Stanikzai,Samiullah Shenwari,NLTC Perera,0,0,,,,,,,,,
656421,2014/15,2015-02-22,University Oval,1,19.2,Afghanistan,Sri Lanka,Asghar Stanikzai,Samiullah Shenwari,NLTC Perera,4,0,,,,,,,,,
656421,2014/15,2015-02-22,University Oval,1,19.3,Afghanistan,Sri Lanka,Asghar Stanikzai,Samiullah Shenwari,NLTC Perera,0,0,,,,,,,,,
656421,2014/15,2015-02-22,University Oval,1,19.4,Afghanistan,Sri Lanka,Asghar Stanikzai,Samiullah Shenwari,NLTC Perera,0,0,,,,,,,,,
656421,2014/15,2015-02-22,University Oval,1,19.5,Afghanistan,Sri Lanka,Asghar Stanikzai,Samiullah Shenwari,NLTC Perera,0,0,,,,,,,,,
656421,2014/15,2015-02-22,University Oval,1,19.6,Afghanistan,Sri Lanka,Asghar Stanikzai,Samiullah Shenwari,NLTC Perera,1,0,,,,,,,,,
656421,2014/15,2015-02-22,University Oval,1,20.1,Afghanistan,Sri Lanka,Asghar Stanikzai,Samiullah Shenwari,HMRKB Herath,1,0,,,,,,,,,
656421,2014/15,2015-02-22,University Oval,1,20.2,Afghanistan,Sri Lanka,Samiullah Shenwari,Asghar Stanikzai,HMRKB Herath,0,0,,,,,,,,,
656421,2014/15,2015-02-22,University Oval,1,20.3,Afghanistan,Sri Lanka,Samiullah Shenwari,Asghar Stanikzai,HMRKB Herath,1,0,,,,,,,,,
656421,2014/15,2015-02-22,University Oval,1,20.4,Afghanistan,Sri Lanka,Asghar Stanikzai,Samiullah Shenwari,HMRKB Herath,1,0,,,,,,,,,
656421,2014/15,2015-02-22,University Oval,1,20.5,Afghanistan,Sri Lanka,Samiullah Shenwari,Asghar Stanikzai,HMRKB Herath,0,0,,,,,,,,,
656421,2014/15,2015-02-22,University Oval,1,20.6,Afghanistan,Sri Lanka,Samiullah Shenwari,Asghar Stanikzai,HMRKB Herath,0,0,,,,,,,,,
656421,2014/15,2015-02-22,University Oval,1,21.1,Afghanistan,Sri Lanka,Asghar Stanikzai,Samiullah Shenwari,AD Mathews,1,0,,,,,,,,,
656421,2014/15,2015-02-22,University Oval,1,21.2,Afghanistan,Sri Lanka,Samiullah Shenwari,Asghar Stanikzai,AD Mathews,4,0,,,,,,,,,
656421,2014/15,2015-02-22,University Oval,1,21.3,Afghanistan,Sri Lanka,Samiullah Shenwari,Asghar Stanikzai,AD Mathews,1,0,,,,,,,,,
656421,2014/15,2015-02-22,University Oval,1,21.4,Afghanistan,Sri Lanka,Asghar Stanikzai,Samiullah Shenwari,AD Mathews,0,5,5,,,,,,,,
656421,2014/15,2015-02-22,University Oval,1,21.5,Afghanistan,Sri Lanka,Asghar Stanikzai,Samiullah Shenwari,AD Mathews,1,0,,,,,,,,,
656421,2014/15,2015-02-22,University Oval,1,21.6,Afghanistan,Sri Lanka,Samiullah Shenwari,Asghar Stanikzai,AD Mathews,0,0,,,,,,,,,
656421,2014/15,2015-02-22,University Oval,1,21.7,Afghanistan,Sri Lanka,Samiullah Shenwari,Asghar Stanikzai,AD Mathews,1,0,,,,,,,,,
656421,2014/15,2015-02-22,University Oval,1,22.1,Afghanistan,Sri Lanka,Samiullah Shenwari,Asghar Stanikzai,HMRKB Herath,0,0,,,,,,,,,
656421,2014/15,2015-02-22,University Oval,1,22.2,Afghanistan,Sri Lanka,Samiullah Shenwari,Asghar Stanikzai,HMRKB Herath,4,0,,,,,,,,,
656421,2014/15,2015-02-22,University Oval,1,22.3,Afghanistan,Sri Lanka,Samiullah Shenwari,Asghar Stanikzai,HMRKB Herath,0,0,,,,,,,,,
656421,2014/15,2015-02-22,University Oval,1,22.4,Afghanistan,Sri Lanka,Samiullah Shenwari,Asghar Stanikzai,HMRKB Herath,0,0,,,,,,,,,
656421,2014/15,2015-02-22,University Oval,1,22.5,Afghanistan,Sri Lanka,Samiullah Shenwari,Asghar Stanikzai,HMRKB Herath,0,0,,,,,,,,,
656421,2014/15,2015-02-22,University Oval,1,22.6,Afghanistan,Sri Lanka,Samiullah Shenwari,Asghar Stanikzai,HMRKB Herath,0,0,,,,,,,,,
656421,2014/15,2015-02-22,University Oval,1,23.1,Afghanistan,Sri Lanka,Asghar Stanikzai,Samiullah Shenwari,SL Malinga,0,1,,1,,,,,,,
656421,2014/15,2015-02-22,University Oval,1,23.2,Afghanistan,Sri Lanka,Asghar Stanikzai,Samiullah Shenwari,SL Malinga,0,0,,,,,,,,,
656421,2014/15,2015-02-22,University Oval,1,23.3,Afghanistan,Sri Lanka,Asghar Stanikzai,Samiullah Shenwari,SL Malinga,4,0,,,,,,,,,
656421,2014/15,2015-02-22,University Oval,1,23.4,Afghanistan,Sri Lanka,Asghar Stanikzai,Samiullah Shenwari,SL Malinga,0,0,,,,,,,,,
656421,2014/15,2015-02-22,University Oval,1,23.5,Afghanistan,Sri Lanka,Asghar Stanikzai,Samiullah Shenwari,SL Malinga,0,1,1,,,,,,,,
656421,2014/15,2015-02-22,University Oval,1,23.6,Afghanistan,Sri Lanka,Asghar Stanikzai,Samiullah Shenwari,SL Malinga,1,0,,,,,,,,,
656421,2014/15,2015-02-22,University Oval,1,23.7,Afghanistan,Sri Lanka,Samiullah Shenwari,Asghar Stanikzai,SL Malinga,0,0,,,,,,,,,
656421,2014/15,2015-02-22,University Oval,1,23.8,Afghanistan,Sri Lanka,Samiullah Shenwari,Asghar Stanikzai,SL Malinga,0,0,,,,,,,,,
656421,2014/15,2015-02-22,University Oval,1,24.1,Afghanistan,Sri Lanka,Asghar Stanikzai,Samiullah Shenwari,BMAJ Mendis,0,0,,,,,,,,,
656421,2014/15,2015-02-22,University Oval,1,24.2,Afghanistan,Sri Lanka,Asghar Stanikzai,Samiullah Shenwari,BMAJ Mendis,1,0,,,,,,,,,
656421,2014/15,2015-02-22,University Oval,1,24.3,Afghanistan,Sri Lanka,Samiullah Shenwari,Asghar Stanikzai,BMAJ Mendis,1,0,,,,,,,,,
656421,2014/15,2015-02-22,University Oval,1,24.4,Afghanistan,Sri Lanka,Asghar Stanikzai,Samiullah Shenwari,BMAJ Mendis,0,0,,,,,,,,,
656421,2014/15,2015-02-22,University Oval,1,24.5,Afghanistan,Sri Lanka,Asghar Stanikzai,Samiullah Shenwari,BMAJ Mendis,1,0,,,,,,,,,
656421,2014/15,2015-02-22,University Oval,1,24.6,Afghanistan,Sri Lanka,Samiullah Shenwari,Asghar Stanikzai,BMAJ Mendis,1,0,,,,,,,,,
656421,2014/15,2015-02-22,University Oval,1,25.1,Afghanistan,Sri Lanka,Samiullah Shenwari,Asghar Stanikzai,HMRKB Herath,0,0,,,,,,,,,
656421,2014/15,2015-02-22,University Oval,1,25.2,Afghanistan,Sri Lanka,Samiullah Shenwari,Asghar Stanikzai,HMRKB Herath,1,0,,,,,,,,,
656421,2014/15,2015-02-22,University Oval,1,25.3,Afghanistan,Sri Lanka,Asghar Stanikzai,Samiullah Shenwari,HMRKB Herath,4,0,,,,,,,,,
656421,2014/15,2015-02-22,University Oval,1,25.4,Afghanistan,Sri Lanka,Asghar Stanikzai,Samiullah Shenwari,HMRKB Herath,2,0,,,,,,,,,
656421,2014/15,2015-02-22,University Oval,1,25.5,Afghanistan,Sri Lanka,Asghar Stanikzai,Samiullah Shenwari,HMRKB Herath,0,0,,,,,,,,,
656421,2014/15,2015-02-22,University Oval,1,25.6,Afghanistan,Sri Lanka,Asghar Stanikzai,Samiullah Shenwari,HMRKB Herath,1,0,,,,,,,,,
656421,2014/15,2015-02-22,University Oval,1,26.1,Afghanistan,Sri Lanka,Asghar Stanikzai,Samiullah Shenwari,BMAJ Mendis,0,0,,,,,,,,,
656421,2014/15,2015-02-22,University Oval,1,26.2,Afghanistan,Sri Lanka,Asghar Stanikzai,Samiullah Shenwari,BMAJ Mendis,0,0,,,,,,,,,
656421,2014/15,2015-02-22,University Oval,1,26.3,Afghanistan,Sri Lanka,Asghar Stanikzai,Samiullah Shenwari,BMAJ Mendis,1,0,,,,,,,,,
656421,2014/15,2015-02-22,University Oval,1,26.4,Afghanistan,Sri Lanka,Samiullah Shenwari,Asghar Stanikzai,BMAJ Mendis,2,0,,,,,,,,,
656421,2014/15,2015-02-22,University Oval,1,26.5,Afghanistan,Sri Lanka,Samiullah Shenwari,Asghar Stanikzai,BMAJ Mendis,0,0,,,,,,,,,
656421,2014/15,2015-02-22,University Oval,1,26.6,Afghanistan,Sri Lanka,Samiullah Shenwari,Asghar Stanikzai,BMAJ Mendis,0,0,,,,,,,,,
656421,2014/15,2015-02-22,University Oval,1,27.1,Afghanistan,Sri Lanka,Asghar Stanikzai,Samiullah Shenwari,HMRKB Herath,0,0,,,,,,caught,Asghar Stanikzai,,
656421,2014/15,2015-02-22,University Oval,1,27.2,Afghanistan,Sri Lanka,Samiullah Shenwari,Mohammad Nabi,HMRKB Herath,1,0,,,,,,,,,
656421,2014/15,2015-02-22,University Oval,1,27.3,Afghanistan,Sri Lanka,Mohammad Nabi,Samiullah Shenwari,HMRKB Herath,0,1,,,,1,,,,,
656421,2014/15,2015-02-22,University Oval,1,27.4,Afghanistan,Sri Lanka,Samiullah Shenwari,Mohammad Nabi,HMRKB Herath,1,0,,,,,,,,,
656421,2014/15,2015-02-22,University Oval,1,27.5,Afghanistan,Sri Lanka,Mohammad Nabi,Samiullah Shenwari,HMRKB Herath,0,0,,,,,,,,,
656421,2014/15,2015-02-22,University Oval,1,27.6,Afghanistan,Sri Lanka,Mohammad Nabi,Samiullah Shenwari,HMRKB Herath,0,0,,,,,,,,,
656421,2014/15,2015-02-22,University Oval,1,28.1,Afghanistan,Sri Lanka,Samiullah Shenwari,Mohammad Nabi,BMAJ Mendis,0,0,,,,,,,,,
656421,2014/15,2015-02-22,University Oval,1,28.2,Afghanistan,Sri Lanka,Samiullah Shenwari,Mohammad Nabi,BMAJ Mendis,0,0,,,,,,,,,
656421,2014/15,2015-02-22,University Oval,1,28.3,Afghanistan,Sri Lanka,Samiullah Shenwari,Mohammad Nabi,BMAJ Mendis,1,0,,,,,,,,,
656421,2014/15,2015-02-22,University Oval,1,28.4,Afghanistan,Sri Lanka,Mohammad Nabi,Samiullah Shenwari,BMAJ Mendis,4,0,,,,,,,,,
656421,2014/15,2015-02-22,University Oval,1,28.5,Afghanistan,Sri Lanka,Mohammad Nabi,Samiullah Shenwari,BMAJ Mendis,1,0,,,,,,,,,
656421,2014/15,2015-02-22,University Oval,1,28.6,Afghanistan,Sri Lanka,Samiullah Shenwari,Mohammad Nabi,BMAJ Mendis,0,0,,,,,,,,,
656421,2014/15,2015-02-22,University Oval,1,29.1,Afghanistan,Sri Lanka,Mohammad Nabi,Samiullah Shenwari,HMRKB Herath,1,0,,,,,,,,,
656421,2014/15,2015-02-22,University Oval,1,29.2,Afghanistan,Sri Lanka,Samiullah Shenwari,Mohammad Nabi,HMRKB Herath,0,0,,,,,,,,,
656421,2014/15,2015-02-22,University Oval,1,29.3,Afghanistan,Sri Lanka,Samiullah Shenwari,Mohammad Nabi,HMRKB Herath,1,0,,,,,,,,,
656421,2014/15,2015-02-22,University Oval,1,29.4,Afghanistan,Sri Lanka,Mohammad Nabi,Samiullah Shenwari,HMRKB Herath,0,0,,,,,,,,,
656421,2014/15,2015-02-22,University Oval,1,29.5,Afghanistan,Sri Lanka,Mohammad Nabi,Samiullah Shenwari,HMRKB Herath,1,0,,,,,,,,,
656421,2014/15,2015-02-22,University Oval,1,29.6,Afghanistan,Sri Lanka,Samiullah Shenwari,Mohammad Nabi,HMRKB Herath,0,0,,,,,,,,,
656421,2014/15,2015-02-22,University Oval,1,30.1,Afghanistan,Sri Lanka,Mohammad Nabi,Samiullah Shenwari,NLTC Perera,0,0,,,,,,,,,
656421,2014/15,2015-02-22,University Oval,1,30.2,Afghanistan,Sri Lanka,Mohammad Nabi,Samiullah Shenwari,NLTC Perera,0,0,,,,,,,,,
656421,2014/15,2015-02-22,University Oval,1,30.3,Afghanistan,Sri Lanka,Mohammad Nabi,Samiullah Shenwari,NLTC Perera,0,0,,,,,,,,,
656421,2014/15,2015-02-22,University Oval,1,30.4,Afghanistan,Sri Lanka,Mohammad Nabi,Samiullah Shenwari,NLTC Perera,0,1,1,,,,,,,,
656421,2014/15,2015-02-22,University Oval,1,30.5,Afghanistan,Sri Lanka,Mohammad Nabi,Samiullah Shenwari,NLTC Perera,0,0,,,,,,,,,
656421,2014/15,2015-02-22,University Oval,1,30.6,Afghanistan,Sri Lanka,Mohammad Nabi,Samiullah Shenwari,NLTC Perera,0,0,,,,,,,,,
656421,2014/15,2015-02-22,University Oval,1,30.7,Afghanistan,Sri Lanka,Mohammad Nabi,Samiullah Shenwari,NLTC Perera,0,0,,,,,,,,,
656421,2014/15,2015-02-22,University Oval,1,31.1,Afghanistan,Sri Lanka,Samiullah Shenwari,Mohammad Nabi,HMRKB Herath,0,0,,,,,,,,,
656421,2014/15,2015-02-22,University Oval,1,31.2,Afghanistan,Sri Lanka,Samiullah Shenwari,Mohammad Nabi,HMRKB Herath,0,0,,,,,,,,,
656421,2014/15,2015-02-22,University Oval,1,31.3,Afghanistan,Sri Lanka,Samiullah Shenwari,Mohammad Nabi,HMRKB Herath,0,0,,,,,,,,,
656421,2014/15,2015-02-22,University Oval,1,31.4,Afghanistan,Sri Lanka,Samiullah Shenwari,Mohammad Nabi,HMRKB Herath,0,0,,,,,,,,,
656421,2014/15,2015-02-22,University Oval,1,31.5,Afghanistan,Sri Lanka,Samiullah Shenwari,Mohammad Nabi,HMRKB Herath,0,1,1,,,,,,,,
656421,2014/15,2015-02-22,University Oval,1,31.6,Afghanistan,Sri Lanka,Samiullah Shenwari,Mohammad Nabi,HMRKB Herath,4,0,,,,,,,,,
656421,2014/15,2015-02-22,University Oval,1,31.7,Afghanistan,Sri Lanka,Samiullah Shenwari,Mohammad Nabi,HMRKB Herath,0,0,,,,,,,,,
656421,2014/15,2015-02-22,University Oval,1,32.1,Afghanistan,Sri Lanka,Mohammad Nabi,Samiullah Shenwari,NLTC Perera,4,0,,,,,,,,,
656421,2014/15,2015-02-22,University Oval,1,32.2,Afghanistan,Sri Lanka,Mohammad Nabi,Samiullah Shenwari,NLTC Perera,6,0,,,,,,,,,
656421,2014/15,2015-02-22,University Oval,1,32.3,Afghanistan,Sri Lanka,Mohammad Nabi,Samiullah Shenwari,NLTC Perera,0,0,,,,,,,,,
656421,2014/15,2015-02-22,University Oval,1,32.4,Afghanistan,Sri Lanka,Mohammad Nabi,Samiullah Shenwari,NLTC Perera,1,0,,,,,,,,,
656421,2014/15,2015-02-22,University Oval,1,32.5,Afghanistan,Sri Lanka,Samiullah Shenwari,Mohammad Nabi,NLTC Perera,0,0,,,,,,caught,Samiullah Shenwari,,
656421,2014/15,2015-02-22,University Oval,1,32.6,Afghanistan,Sri Lanka,Najibullah Zadran,Mohammad Nabi,NLTC Perera,0,0,,,,,,,,,
656421,2014/15,2015-02-22,University Oval,1,33.1,Afghanistan,Sri Lanka,Mohammad Nabi,Najibullah Zadran,HMRKB Herath,0,0,,,,,,,,,
656421,2014/15,2015-02-22,University Oval,1,33.2,Afghanistan,Sri Lanka,Mohammad Nabi,Najibullah Zadran,HMRKB Herath,1,0,,,,,,,,,
656421,2014/15,2015-02-22,University Oval,1,33.3,Afghanistan,Sri Lanka,Najibullah Zadran,Mohammad Nabi,HMRKB Herath,0,0,,,,,,,,,
656421,2014/15,2015-02-22,University Oval,1,33.4,Afghanistan,Sri Lanka,Najibullah Zadran,Mohammad Nabi,HMRKB Herath,6,0,,,,,,,,,
656421,2014/15,2015-02-22,University Oval,1,33.5,Afghanistan,Sri Lanka,Najibullah Zadran,Mohammad Nabi,HMRKB Herath,1,0,,,,,,,,,
656421,2014/15,2015-02-22,University Oval,1,33.6,Afghanistan,Sri Lanka,Mohammad Nabi,Najibullah Zadran,HMRKB Herath,0,0,,,,,,,,,
656421,2014/15,2015-02-22,University Oval,1,34.1,Afghanistan,Sri Lanka,Najibullah Zadran,Mohammad Nabi,NLTC Perera,1,0,,,,,,,,,
656421,2014/15,2015-02-22,University Oval,1,34.2,Afghanistan,Sri Lanka,Mohammad Nabi,Najibullah Zadran,NLTC Perera,1,0,,,,,,,,,
656421,2014/15,2015-02-22,University Oval,1,34.3,Afghanistan,Sri Lanka,Najibullah Zadran,Mohammad Nabi,NLTC Perera,1,0,,,,,,,,,
656421,2014/15,2015-02-22,University Oval,1,34.4,Afghanistan,Sri Lanka,Mohammad Nabi,Najibullah Zadran,NLTC Perera,1,0,,,,,,,,,
656421,2014/15,2015-02-22,University Oval,1,34.5,Afghanistan,Sri Lanka,Najibullah Zadran,Mohammad Nabi,NLTC Perera,0,0,,,,,,,,,
656421,2014/15,2015-02-22,University Oval,1,34.6,Afghanistan,Sri Lanka,Najibullah Zadran,Mohammad Nabi,NLTC Perera,0,0,,,,,,,,,
656421,2014/15,2015-02-22,University Oval,1,35.1,Afghanistan,Sri Lanka,Mohammad Nabi,Najibullah Zadran,SL Malinga,0,0,,,,,,,,,
656421,2014/15,2015-02-22,University Oval,1,35.2,Afghanistan,Sri Lanka,Mohammad Nabi,Najibullah Zadran,SL Malinga,0,0,,,,,,,,,
656421,2014/15,2015-02-22,University Oval,1,35.3,Afghanistan,Sri Lanka,Mohammad Nabi,Najibullah Zadran,SL Malinga,0,0,,,,,,,,,
656421,2014/15,2015-02-22,University Oval,1,35.4,Afghanistan,Sri Lanka,Mohammad Nabi,Najibullah Zadran,SL Malinga,0,0,,,,,,bowled,Mohammad Nabi,,
656421,2014/15,2015-02-22,University Oval,1,35.5,Afghanistan,Sri Lanka,Afsar Zazai,Najibullah Zadran,SL Malinga,0,2,2,,,,,,,,
656421,2014/15,2015-02-22,University Oval,1,35.6,Afghanistan,Sri Lanka,Najibullah Zadran,Afsar Zazai,SL Malinga,0,0,,,,,,,,,
656421,2014/15,2015-02-22,University Oval,1,35.7,Afghanistan,Sri Lanka,Najibullah Zadran,Afsar Zazai,SL Malinga,0,1,1,,,,,,,,
656421,2014/15,2015-02-22,University Oval,1,35.8,Afghanistan,Sri Lanka,Najibullah Zadran,Afsar Zazai,SL Malinga,0,0,,,,,,,,,
656421,2014/15,2015-02-22,University Oval,1,36.1,Afghanistan,Sri Lanka,Afsar Zazai,Najibullah Zadran,RAS Lakmal,0,0,,,,,,,,,
656421,2014/15,2015-02-22,University Oval,1,36.2,Afghanistan,Sri Lanka,Afsar Zazai,Najibullah Zadran,RAS Lakmal,0,0,,,,,,,,,
656421,2014/15,2015-02-22,University Oval,1,36.3,Afghanistan,Sri Lanka,Afsar Zazai,Najibullah Zadran,RAS Lakmal,0,1,,,,1,,,,,
656421,2014/15,2015-02-22,University Oval,1,36.4,Afghanistan,Sri Lanka,Najibullah Zadran,Afsar Zazai,RAS Lakmal,0,0,,,,,,,,,
656421,2014/15,2015-02-22,University Oval,1,36.5,Afghanistan,Sri Lanka,Najibullah Zadran,Afsar Zazai,RAS Lakmal,0,0,,,,,,,,,
656421,2014/15,2015-02-22,University Oval,1,36.6,Afghanistan,Sri Lanka,Najibullah Zadran,Afsar Zazai,RAS Lakmal,0,0,,,,,,,,,
656421,2014/15,2015-02-22,University Oval,1,37.1,Afghanistan,Sri Lanka,Afsar Zazai,Najibullah Zadran,SL Malinga,1,0,,,,,,,,,
656421,2014/15,2015-02-22,University Oval,1,37.2,Afghanistan,Sri Lanka,Najibullah Zadran,Afsar Zazai,SL Malinga,1,0,,,,,,,,,
656421,2014/15,2015-02-22,University Oval,1,37.3,Afghanistan,Sri Lanka,Afsar Zazai,Najibullah Zadran,SL Malinga,0,0,,,,,,,,,
656421,2014/15,2015-02-22,University Oval,1,37.4,Afghanistan,Sri Lanka,Afsar Zazai,Najibullah Zadran,SL Malinga,0,0,,,,,,,,,
656421,2014/15,2015-02-22,University Oval,1,37.5,Afghanistan,Sri Lanka,Afsar Zazai,Najibullah Zadran,SL Malinga,0,0,,,,,,,,,
656421,2014/15,2015-02-22,University Oval,1,37.6,Afghanistan,Sri Lanka,Afsar Zazai,Najibullah Zadran,SL Malinga,0,0,,,,,,,,,
656421,2014/15,2015-02-22,University Oval,1,38.1,Afghanistan,Sri Lanka,Najibullah Zadran,Afsar Zazai,RAS Lakmal,0,0,,,,,,caught,Najibullah Zadran,,
656421,2014/15,2015-02-22,University Oval,1,38.2,Afghanistan,Sri Lanka,Afsar Zazai,Mirwais Ashraf,RAS Lakmal,0,0,,,,,,,,,
656421,2014/15,2015-02-22,University Oval,1,38.3,Afghanistan,Sri Lanka,Afsar Zazai,Mirwais Ashraf,RAS Lakmal,0,0,,,,,,,,,
656421,2014/15,2015-02-22,University Oval,1,38.4,Afghanistan,Sri Lanka,Afsar Zazai,Mirwais Ashraf,RAS Lakmal,2,0,,,,,,,,,
656421,2014/15,2015-02-22,University Oval,1,38.5,Afghanistan,Sri Lanka,Afsar Zazai,Mirwais Ashraf,RAS Lakmal,1,0,,,,,,,,,
656421,2014/15,2015-02-22,University Oval,1,38.6,Afghanistan,Sri Lanka,Mirwais Ashraf,Afsar Zazai,RAS Lakmal,0,0,,,,,,,,,
656421,2014/15,2015-02-22,University Oval,1,39.1,Afghanistan,Sri Lanka,Afsar Zazai,Mirwais Ashraf,SL Malinga,0,0,,,,,,,,,
656421,2014/15,2015-02-22,University Oval,1,39.2,Afghanistan,Sri Lanka,Afsar Zazai,Mirwais Ashraf,SL Malinga,0,1,1,,,,,,,,
656421,2014/15,2015-02-22,University Oval,1,39.3,Afghanistan,Sri Lanka,Afsar Zazai,Mirwais Ashraf,SL Malinga,0,0,,,,,,,,,
656421,2014/15,2015-02-22,University Oval,1,39.4,Afghanistan,Sri Lanka,Afsar Zazai,Mirwais Ashraf,SL Malinga,0,0,,,,,,,,,
656421,2014/15,2015-02-22,University Oval,1,39.5,Afghanistan,Sri Lanka,Afsar Zazai,Mirwais Ashraf,SL Malinga,0,0,,,,,,,,,
656421,2014/15,2015-02-22,University Oval,1,39.6,Afghanistan,Sri Lanka,Afsar Zazai,Mirwais Ashraf,SL Malinga,0,0,,,,,,,,,
656421,2014/15,2015-02-22,University Oval,1,39.7,Afghanistan,Sri Lanka,Afsar Zazai,Mirwais Ashraf,SL Malinga,0,0,,,,,,,,,
656421,2014/15,2015-02-22,University Oval,1,40.1,Afghanistan,Sri Lanka,Mirwais Ashraf,Afsar Zazai,HMRKB Herath,0,0,,,,,,,,,
656421,2014/15,2015-02-22,University Oval,1,40.2,Afghanistan,Sri Lanka,Mirwais Ashraf,Afsar Zazai,HMRKB Herath,0,0,,,,,,,,,
656421,2014/15,2015-02-22,University Oval,1,40.3,Afghanistan,Sri Lanka,Mirwais Ashraf,Afsar Zazai,HMRKB Herath,0,0,,,,,,,,,
656421,2014/15,2015-02-22,University Oval,1,40.4,Afghanistan,Sri Lanka,Mirwais Ashraf,Afsar Zazai,HMRKB Herath,0,0,,,,,,,,,
656421,2014/15,2015-02-22,University Oval,1,40.5,Afghanistan,Sri Lanka,Mirwais Ashraf,Afsar Zazai,HMRKB Herath,1,0,,,,,,,,,
656421,2014/15,2015-02-22,University Oval,1,40.6,Afghanistan,Sri Lanka,Afsar Zazai,Mirwais Ashraf,HMRKB Herath,0,0,,,,,,,,,
656421,2014/15,2015-02-22,University Oval,1,41.1,Afghanistan,Sri Lanka,Mirwais Ashraf,Afsar Zazai,NLTC Perera,0,0,,,,,,,,,
656421,2014/15,2015-02-22,University Oval,1,41.2,Afghanistan,Sri Lanka,Mirwais Ashraf,Afsar Zazai,NLTC Perera,1,0,,,,,,,,,
656421,2014/15,2015-02-22,University Oval,1,41.3,Afghanistan,Sri Lanka,Afsar Zazai,Mirwais Ashraf,NLTC Perera,1,0,,,,,,,,,
656421,2014/15,2015-02-22,University Oval,1,41.4,Afghanistan,Sri Lanka,Mirwais Ashraf,Afsar Zazai,NLTC Perera,0,0,,,,,,,,,
656421,2014/15,2015-02-22,University Oval,1,41.5,Afghanistan,Sri Lanka,Mirwais Ashraf,Afsar Zazai,NLTC Perera,1,0,,,,,,,,,
656421,2014/15,2015-02-22,University Oval,1,41.6,Afghanistan,Sri Lanka,Afsar Zazai,Mirwais Ashraf,NLTC Perera,0,0,,,,,,,,,
656421,2014/15,2015-02-22,University Oval,1,42.1,Afghanistan,Sri Lanka,Mirwais Ashraf,Afsar Zazai,AD Mathews,0,0,,,,,,,,,
656421,2014/15,2015-02-22,University Oval,1,42.2,Afghanistan,Sri Lanka,Mirwais Ashraf,Afsar Zazai,AD Mathews,0,0,,,,,,,,,
656421,2014/15,2015-02-22,University Oval,1,42.3,Afghanistan,Sri Lanka,Mirwais Ashraf,Afsar Zazai,AD Mathews,1,0,,,,,,,,,
656421,2014/15,2015-02-22,University Oval,1,42.4,Afghanistan,Sri Lanka,Afsar Zazai,Mirwais Ashraf,AD Mathews,0,1,1,,,,,,,,
656421,2014/15,2015-02-22,University Oval,1,42.5,Afghanistan,Sri Lanka,Afsar Zazai,Mirwais Ashraf,AD Mathews,1,0,,,,,,,,,
656421,2014/15,2015-02-22,University Oval,1,42.6,Afghanistan,Sri Lanka,Mirwais Ashraf,Afsar Zazai,AD Mathews,0,2,,,,2,,,,,
656421,2014/15,2015-02-22,University Oval,1,42.7,Afghanistan,Sri Lanka,Mirwais Ashraf,Afsar Zazai,AD Mathews,1,0,,,,,,,,,
656421,2014/15,2015-02-22,University Oval,1,43.1,Afghanistan,Sri Lanka,Mirwais Ashraf,Afsar Zazai,NLTC Perera,0,0,,,,,,,,,
656421,2014/15,2015-02-22,University Oval,1,43.2,Afghanistan,Sri Lanka,Mirwais Ashraf,Afsar Zazai,NLTC Perera,0,0,,,,,,,,,
656421,2014/15,2015-02-22,University Oval,1,43.3,Afghanistan,Sri Lanka,Mirwais Ashraf,Afsar Zazai,NLTC Perera,1,0,,,,,,,,,
656421,2014/15,2015-02-22,University Oval,1,43.4,Afghanistan,Sri Lanka,Afsar Zazai,Mirwais Ashraf,NLTC Perera,1,0,,,,,,,,,
656421,2014/15,2015-02-22,University Oval,1,43.5,Afghanistan,Sri Lanka,Mirwais Ashraf,Afsar Zazai,NLTC Perera,1,0,,,,,,,,,
656421,2014/15,2015-02-22,University Oval,1,43.6,Afghanistan,Sri Lanka,Afsar Zazai,Mirwais Ashraf,NLTC Perera,0,0,,,,,,,,,
656421,2014/15,2015-02-22,University Oval,1,44.1,Afghanistan,Sri Lanka,Mirwais Ashraf,Afsar Zazai,RAS Lakmal,0,0,,,,,,,,,
656421,2014/15,2015-02-22,University Oval,1,44.2,Afghanistan,Sri Lanka,Mirwais Ashraf,Afsar Zazai,RAS Lakmal,1,0,,,,,,,,,
656421,2014/15,2015-02-22,University Oval,1,44.3,Afghanistan,Sri Lanka,Afsar Zazai,Mirwais Ashraf,RAS Lakmal,1,0,,,,,,,,,
656421,2014/15,2015-02-22,University Oval,1,44.4,Afghanistan,Sri Lanka,Mirwais Ashraf,Afsar Zazai,RAS Lakmal,1,0,,,,,,,,,
656421,2014/15,2015-02-22,University Oval,1,44.5,Afghanistan,Sri Lanka,Afsar Zazai,Mirwais Ashraf,RAS Lakmal,0,0,,,,,,,,,
656421,2014/15,2015-02-22,University Oval,1,44.6,Afghanistan,Sri Lanka,Afsar Zazai,Mirwais Ashraf,RAS Lakmal,0,0,,,,,,,,,
656421,2014/15,2015-02-22,University Oval,1,45.1,Afghanistan,Sri Lanka,Mirwais Ashraf,Afsar Zazai,NLTC Perera,6,0,,,,,,,,,
656421,2014/15,2015-02-22,University Oval,1,45.2,Afghanistan,Sri Lanka,Mirwais Ashraf,Afsar Zazai,NLTC Perera,1,0,,,,,,,,,
656421,2014/15,2015-02-22,University Oval,1,45.3,Afghanistan,Sri Lanka,Afsar Zazai,Mirwais Ashraf,NLTC Perera,0,0,,,,,,,,,
656421,2014/15,2015-02-22,University Oval,1,45.4,Afghanistan,Sri Lanka,Afsar Zazai,Mirwais Ashraf,NLTC Perera,1,0,,,,,,,,,
656421,2014/15,2015-02-22,University Oval,1,45.5,Afghanistan,Sri Lanka,Mirwais Ashraf,Afsar Zazai,NLTC Perera,1,0,,,,,,,,,
656421,2014/15,2015-02-22,University Oval,1,45.6,Afghanistan,Sri Lanka,Afsar Zazai,Mirwais Ashraf,NLTC Perera,2,0,,,,,,,,,
656421,2014/15,2015-02-22,University Oval,1,46.1,Afghanistan,Sri Lanka,Mirwais Ashraf,Afsar Zazai,RAS Lakmal,0,0,,,,,,,,,
656421,2014/15,2015-02-22,University Oval,1,46.2,Afghanistan,Sri Lanka,Mirwais Ashraf,Afsar Zazai,RAS Lakmal,1,0,,,,,,,,,
656421,2014/15,2015-02-22,University Oval,1,46.3,Afghanistan,Sri Lanka,Afsar Zazai,Mirwais Ashraf,RAS Lakmal,0,1,1,,,,,,,,
656421,2014/15,2015-02-22,University Oval,1,46.4,Afghanistan,Sri Lanka,Afsar Zazai,Mirwais Ashraf,RAS Lakmal,0,0,,,,,,,,,
656421,2014/15,2015-02-22,University Oval,1,46.5,Afghanistan,Sri Lanka,Afsar Zazai,Mirwais Ashraf,RAS Lakmal,0,1,1,,,,,,,,
656421,2014/15,2015-02-22,University Oval,1,46.6,Afghanistan,Sri Lanka,Afsar Zazai,Mirwais Ashraf,RAS Lakmal,1,0,,,,,,,,,
656421,2014/15,2015-02-22,University Oval,1,46.7,Afghanistan,Sri Lanka,Mirwais Ashraf,Afsar Zazai,RAS Lakmal,6,0,,,,,,,,,
656421,2014/15,2015-02-22,University Oval,1,46.8,Afghanistan,Sri Lanka,Mirwais Ashraf,Afsar Zazai,RAS Lakmal,0,0,,,,,,,,,
656421,2014/15,2015-02-22,University Oval,1,47.1,Afghanistan,Sri Lanka,Afsar Zazai,Mirwais Ashraf,SL Malinga,1,0,,,,,,,,,
656421,2014/15,2015-02-22,University Oval,1,47.2,Afghanistan,Sri Lanka,Mirwais Ashraf,Afsar Zazai,SL Malinga,4,0,,,,,,,,,
656421,2014/15,2015-02-22,University Oval,1,47.3,Afghanistan,Sri Lanka,Mirwais Ashraf,Afsar Zazai,SL Malinga,0,0,,,,,,,,,
656421,2014/15,2015-02-22,University Oval,1,47.4,Afghanistan,Sri Lanka,Mirwais Ashraf,Afsar Zazai,SL Malinga,0,0,,,,,,caught,Mirwais Ashraf,,
656421,2014/15,2015-02-22,University Oval,1,47.5,Afghanistan,Sri Lanka,Afsar Zazai,Dawlat Zadran,SL Malinga,1,0,,,,,,,,,
656421,2014/15,2015-02-22,University Oval,1,47.6,Afghanistan,Sri Lanka,Dawlat Zadran,Afsar Zazai,SL Malinga,0,0,,,,,,,,,
656421,2014/15,2015-02-22,University Oval,1,48.1,Afghanistan,Sri Lanka,Afsar Zazai,Dawlat Zadran,AD Mathews,1,0,,,,,,,,,
656421,2014/15,2015-02-22,University Oval,1,48.2,Afghanistan,Sri Lanka,Dawlat Zadran,Afsar Zazai,AD Mathews,0,0,,,,,,,,,
656421,2014/15,2015-02-22,University Oval,1,48.3,Afghanistan,Sri Lanka,Dawlat Zadran,Afsar Zazai,AD Mathews,4,0,,,,,,,,,
656421,2014/15,2015-02-22,University Oval,1,48.4,Afghanistan,Sri Lanka,Dawlat Zadran,Afsar Zazai,AD Mathews,0,0,,,,,,,,,
656421,2014/15,2015-02-22,University Oval,1,48.5,Afghanistan,Sri Lanka,Dawlat Zadran,Afsar Zazai,AD Mathews,0,0,,,,,,bowled,Dawlat Zadran,,
656421,2014/15,2015-02-22,University Oval,1,48.6,Afghanistan,Sri Lanka,Hamid Hassan,Afsar Zazai,AD Mathews,0,0,,,,,,caught,Hamid Hassan,,
656421,2014/15,2015-02-22,University Oval,1,49.1,Afghanistan,Sri Lanka,Shapoor Zadran,Afsar Zazai,SL Malinga,1,0,,,,,,,,,
656421,2014/15,2015-02-22,University Oval,1,49.2,Afghanistan,Sri Lanka,Afsar Zazai,Shapoor Zadran,SL Malinga,0,0,,,,,,,,,
656421,2014/15,2015-02-22,University Oval,1,49.3,Afghanistan,Sri Lanka,Afsar Zazai,Shapoor Zadran,SL Malinga,4,0,,,,,,,,,
656421,2014/15,2015-02-22,University Oval,1,49.4,Afghanistan,Sri Lanka,Afsar Zazai,Shapoor Zadran,SL Malinga,0,0,,,,,,caught,Afsar Zazai,,
656421,2014/15,2015-02-22,University Oval,2,0.1,Sri Lanka,Afghanistan,HDRL Thirimanne,TM Dilshan,Dawlat Zadran,0,0,,,,,,lbw,HDRL Thirimanne,,
656421,2014/15,2015-02-22,University Oval,2,0.2,Sri Lanka,Afghanistan,KC Sangakkara,TM Dilshan,Dawlat Zadran,0,0,,,,,,,,,
656421,2014/15,2015-02-22,University Oval,2,0.3,Sri Lanka,Afghanistan,KC Sangakkara,TM Dilshan,Dawlat Zadran,0,0,,,,,,,,,
656421,2014/15,2015-02-22,University Oval,2,0.4,Sri Lanka,Afghanistan,KC Sangakkara,TM Dilshan,Dawlat Zadran,0,0,,,,,,,,,
656421,2014/15,2015-02-22,University Oval,2,0.5,Sri Lanka,Afghanistan,KC Sangakkara,TM Dilshan,Dawlat Zadran,0,0,,,,,,,,,
656421,2014/15,2015-02-22,University Oval,2,0.6,Sri Lanka,Afghanistan,KC Sangakkara,TM Dilshan,Dawlat Zadran,1,0,,,,,,,,,
656421,2014/15,2015-02-22,University Oval,2,1.1,Sri Lanka,Afghanistan,KC Sangakkara,TM Dilshan,Shapoor Zadran,1,0,,,,,,,,,
656421,2014/15,2015-02-22,University Oval,2,1.2,Sri Lanka,Afghanistan,TM Dilshan,KC Sangakkara,Shapoor Zadran,0,0,,,,,,caught,TM Dilshan,,
656421,2014/15,2015-02-22,University Oval,2,1.3,Sri Lanka,Afghanistan,FDM Karunaratne,KC Sangakkara,Shapoor Zadran,2,0,,,,,,,,,
656421,2014/15,2015-02-22,University Oval,2,1.4,Sri Lanka,Afghanistan,FDM Karunaratne,KC Sangakkara,Shapoor Zadran,0,0,,,,,,,,,
656421,2014/15,2015-02-22,University Oval,2,1.5,Sri Lanka,Afghanistan,FDM Karunaratne,KC Sangakkara,Shapoor Zadran,0,0,,,,,,,,,
656421,2014/15,2015-02-22,University Oval,2,1.6,Sri Lanka,Afghanistan,FDM Karunaratne,KC Sangakkara,Shapoor Zadran,0,0,,,,,,,,,
656421,2014/15,2015-02-22,University Oval,2,2.1,Sri Lanka,Afghanistan,KC Sangakkara,FDM Karunaratne,Dawlat Zadran,1,0,,,,,,,,,
656421,2014/15,2015-02-22,University Oval,2,2.2,Sri Lanka,Afghanistan,FDM Karunaratne,KC Sangakkara,Dawlat Zadran,0,0,,,,,,,,,
656421,2014/15,2015-02-22,University Oval,2,2.3,Sri Lanka,Afghanistan,FDM Karunaratne,KC Sangakkara,Dawlat Zadran,0,0,,,,,,,,,
656421,2014/15,2015-02-22,University Oval,2,2.4,Sri Lanka,Afghanistan,FDM Karunaratne,KC Sangakkara,Dawlat Zadran,0,0,,,,,,,,,
656421,2014/15,2015-02-22,University Oval,2,2.5,Sri Lanka,Afghanistan,FDM Karunaratne,KC Sangakkara,Dawlat Zadran,0,0,,,,,,,,,
656421,2014/15,2015-02-22,University Oval,2,2.6,Sri Lanka,Afghanistan,FDM Karunaratne,KC Sangakkara,Dawlat Zadran,1,0,,,,,,,,,
656421,2014/15,2015-02-22,University Oval,2,3.1,Sri Lanka,Afghanistan,FDM Karunaratne,KC Sangakkara,Shapoor Zadran,0,0,,,,,,,,,
656421,2014/15,2015-02-22,University Oval,2,3.2,Sri Lanka,Afghanistan,FDM Karunaratne,KC Sangakkara,Shapoor Zadran,0,0,,,,,,,,,
656421,2014/15,2015-02-22,University Oval,2,3.3,Sri Lanka,Afghanistan,FDM Karunaratne,KC Sangakkara,Shapoor Zadran,3,0,,,,,,,,,
656421,2014/15,2015-02-22,University Oval,2,3.4,Sri Lanka,Afghanistan,KC Sangakkara,FDM Karunaratne,Shapoor Zadran,0,0,,,,,,,,,
656421,2014/15,2015-02-22,University Oval,2,3.5,Sri Lanka,Afghanistan,KC Sangakkara,FDM Karunaratne,Shapoor Zadran,0,0,,,,,,,,,
656421,2014/15,2015-02-22,University Oval,2,3.6,Sri Lanka,Afghanistan,KC Sangakkara,FDM Karunaratne,Shapoor Zadran,4,0,,,,,,,,,
656421,2014/15,2015-02-22,University Oval,2,4.1,Sri Lanka,Afghanistan,FDM Karunaratne,KC Sangakkara,Dawlat Zadran,0,0,,,,,,,,,
656421,2014/15,2015-02-22,University Oval,2,4.2,Sri Lanka,Afghanistan,FDM Karunaratne,KC Sangakkara,Dawlat Zadran,0,0,,,,,,,,,
656421,2014/15,2015-02-22,University Oval,2,4.3,Sri Lanka,Afghanistan,FDM Karunaratne,KC Sangakkara,Dawlat Zadran,0,0,,,,,,,,,
656421,2014/15,2015-02-22,University Oval,2,4.4,Sri Lanka,Afghanistan,FDM Karunaratne,KC Sangakkara,Dawlat Zadran,0,1,1,,,,,,,,
656421,2014/15,2015-02-22,University Oval,2,4.5,Sri Lanka,Afghanistan,FDM Karunaratne,KC Sangakkara,Dawlat Zadran,0,0,,,,,,,,,
656421,2014/15,2015-02-22,University Oval,2,4.6,Sri Lanka,Afghanistan,FDM Karunaratne,KC Sangakkara,Dawlat Zadran,3,0,,,,,,,,,
656421,2014/15,2015-02-22,University Oval,2,4.7,Sri Lanka,Afghanistan,KC Sangakkara,FDM Karunaratne,Dawlat Zadran,0,0,,,,,,,,,
656421,2014/15,2015-02-22,University Oval,2,5.1,Sri Lanka,Afghanistan,FDM Karunaratne,KC Sangakkara,Hamid Hassan,1,0,,,,,,,,,
656421,2014/15,2015-02-22,University Oval,2,5.2,Sri Lanka,Afghanistan,KC Sangakkara,FDM Karunaratne,Hamid Hassan,0,0,,,,,,,,,
656421,2014/15,2015-02-22,University Oval,2,5.3,Sri Lanka,Afghanistan,KC Sangakkara,FDM Karunaratne,Hamid Hassan,0,0,,,,,,bowled,KC Sangakkara,,
656421,2014/15,2015-02-22,University Oval,2,5.4,Sri Lanka,Afghanistan,DPMD Jayawardene,FDM Karunaratne,Hamid Hassan,0,0,,,,,,,,,
656421,2014/15,2015-02-22,University Oval,2,5.5,Sri Lanka,Afghanistan,DPMD Jayawardene,FDM Karunaratne,Hamid Hassan,1,0,,,,,,,,,
656421,2014/15,2015-02-22,University Oval,2,5.6,Sri Lanka,Afghanistan,FDM Karunaratne,DPMD Jayawardene,Hamid Hassan,4,0,,,,,,,,,
656421,2014/15,2015-02-22,University Oval,2,6.1,Sri Lanka,Afghanistan,DPMD Jayawardene,FDM Karunaratne,Dawlat Zadran,2,0,,,,,,,,,
656421,2014/15,2015-02-22,University Oval,2,6.2,Sri Lanka,Afghanistan,DPMD Jayawardene,FDM Karunaratne,Dawlat Zadran,4,0,,,,,,,,,
656421,2014/15,2015-02-22,University Oval,2,6.3,Sri Lanka,Afghanistan,DPMD Jayawardene,FDM Karunaratne,Dawlat Zadran,0,0,,,,,,,,,
656421,2014/15,2015-02-22,University Oval,2,6.4,Sri Lanka,Afghanistan,DPMD Jayawardene,FDM Karunaratne,Dawlat Zadran,0,0,,,,,,,,,
656421,2014/15,2015-02-22,University Oval,2,6.5,Sri Lanka,Afghanistan,DPMD Jayawardene,FDM Karunaratne,Dawlat Zadran,0,0,,,,,,,,,
656421,2014/15,2015-02-22,University Oval,2,6.6,Sri Lanka,Afghanistan,DPMD Jayawardene,FDM Karunaratne,Dawlat Zadran,1,0,,,,,,,,,
656421,2014/15,2015-02-22,University Oval,2,7.1,Sri Lanka,Afghanistan,DPMD Jayawardene,FDM Karunaratne,Hamid Hassan,1,0,,,,,,,,,
656421,2014/15,2015-02-22,University Oval,2,7.2,Sri Lanka,Afghanistan,FDM Karunaratne,DPMD Jayawardene,Hamid Hassan,0,0,,,,,,,,,
656421,2014/15,2015-02-22,University Oval,2,7.3,Sri Lanka,Afghanistan,FDM Karunaratne,DPMD Jayawardene,Hamid Hassan,0,0,,,,,,,,,
656421,2014/15,2015-02-22,University Oval,2,7.4,Sri Lanka,Afghanistan,FDM Karunaratne,DPMD Jayawardene,Hamid Hassan,0,0,,,,,,,,,
656421,2014/15,2015-02-22,University Oval,2,7.5,Sri Lanka,Afghanistan,FDM Karunaratne,DPMD Jayawardene,Hamid Hassan,0,0,,,,,,,,,
656421,2014/15,2015-02-22,University Oval,2,7.6,Sri Lanka,Afghanistan,FDM Karunaratne,DPMD Jayawardene,Hamid Hassan,0,0,,,,,,,,,
656421,2014/15,2015-02-22,University Oval,2,8.1,Sri Lanka,Afghanistan,DPMD Jayawardene,FDM Karunaratne,Dawlat Zadran,0,0,,,,,,,,,
656421,2014/15,2015-02-22,University Oval,2,8.2,Sri Lanka,Afghanistan,DPMD Jayawardene,FDM Karunaratne,Dawlat Zadran,0,0,,,,,,,,,
656421,2014/15,2015-02-22,University Oval,2,8.3,Sri Lanka,Afghanistan,DPMD Jayawardene,FDM Karunaratne,Dawlat Zadran,0,0,,,,,,,,,
656421,2014/15,2015-02-22,University Oval,2,8.4,Sri Lanka,Afghanistan,DPMD Jayawardene,FDM Karunaratne,Dawlat Zadran,1,0,,,,,,,,,
656421,2014/15,2015-02-22,University Oval,2,8.5,Sri Lanka,Afghanistan,FDM Karunaratne,DPMD Jayawardene,Dawlat Zadran,0,0,,,,,,,,,
656421,2014/15,2015-02-22,University Oval,2,8.6,Sri Lanka,Afghanistan,FDM Karunaratne,DPMD Jayawardene,Dawlat Zadran,0,0,,,,,,,,,
656421,2014/15,2015-02-22,University Oval,2,9.1,Sri Lanka,Afghanistan,DPMD Jayawardene,FDM Karunaratne,Hamid Hassan,2,0,,,,,,,,,
656421,2014/15,2015-02-22,University Oval,2,9.2,Sri Lanka,Afghanistan,DPMD Jayawardene,FDM Karunaratne,Hamid Hassan,0,0,,,,,,,,,
656421,2014/15,2015-02-22,University Oval,2,9.3,Sri Lanka,Afghanistan,DPMD Jayawardene,FDM Karunaratne,Hamid Hassan,0,0,,,,,,,,,
656421,2014/15,2015-02-22,University Oval,2,9.4,Sri Lanka,Afghanistan,DPMD Jayawardene,FDM Karunaratne,Hamid Hassan,1,0,,,,,,,,,
656421,2014/15,2015-02-22,University Oval,2,9.5,Sri Lanka,Afghanistan,FDM Karunaratne,DPMD Jayawardene,Hamid Hassan,0,0,,,,,,,,,
656421,2014/15,2015-02-22,University Oval,2,9.6,Sri Lanka,Afghanistan,FDM Karunaratne,DPMD Jayawardene,Hamid Hassan,0,0,,,,,,,,,
656421,2014/15,2015-02-22,University Oval,2,10.1,Sri Lanka,Afghanistan,DPMD Jayawardene,FDM Karunaratne,Mirwais Ashraf,0,0,,,,,,,,,
656421,2014/15,2015-02-22,University Oval,2,10.2,Sri Lanka,Afghanistan,DPMD Jayawardene,FDM Karunaratne,Mirwais Ashraf,0,0,,,,,,,,,
656421,2014/15,2015-02-22,University Oval,2,10.3,Sri Lanka,Afghanistan,DPMD Jayawardene,FDM Karunaratne,Mirwais Ashraf,1,0,,,,,,,,,
656421,2014/15,2015-02-22,University Oval,2,10.4,Sri Lanka,Afghanistan,FDM Karunaratne,DPMD Jayawardene,Mirwais Ashraf,1,0,,,,,,,,,
656421,2014/15,2015-02-22,University Oval,2,10.5,Sri Lanka,Afghanistan,DPMD Jayawardene,FDM Karunaratne,Mirwais Ashraf,1,0,,,,,,,,,
656421,2014/15,2015-02-22,University Oval,2,10.6,Sri Lanka,Afghanistan,FDM Karunaratne,DPMD Jayawardene,Mirwais Ashraf,4,0,,,,,,,,,
656421,2014/15,2015-02-22,University Oval,2,11.1,Sri Lanka,Afghanistan,DPMD Jayawardene,FDM Karunaratne,Hamid Hassan,4,0,,,,,,,,,
656421,2014/15,2015-02-22,University Oval,2,11.2,Sri Lanka,Afghanistan,DPMD Jayawardene,FDM Karunaratne,Hamid Hassan,0,0,,,,,,,,,
656421,2014/15,2015-02-22,University Oval,2,11.3,Sri Lanka,Afghanistan,DPMD Jayawardene,FDM Karunaratne,Hamid Hassan,0,0,,,,,,,,,
656421,2014/15,2015-02-22,University Oval,2,11.4,Sri Lanka,Afghanistan,DPMD Jayawardene,FDM Karunaratne,Hamid Hassan,1,0,,,,,,,,,
656421,2014/15,2015-02-22,University Oval,2,11.5,Sri Lanka,Afghanistan,FDM Karunaratne,DPMD Jayawardene,Hamid Hassan,4,0,,,,,,,,,
656421,2014/15,2015-02-22,University Oval,2,11.6,Sri Lanka,Afghanistan,FDM Karunaratne,DPMD Jayawardene,Hamid Hassan,0,0,,,,,,caught,FDM Karunaratne,,
656421,2014/15,2015-02-22,University Oval,2,12.1,Sri Lanka,Afghanistan,DPMD Jayawardene,AD Mathews,Mirwais Ashraf,0,0,,,,,,,,,
656421,2014/15,2015-02-22,University Oval,2,12.2,Sri Lanka,Afghanistan,DPMD Jayawardene,AD Mathews,Mirwais Ashraf,0,0,,,,,,,,,
656421,2014/15,2015-02-22,University Oval,2,12.3,Sri Lanka,Afghanistan,DPMD Jayawardene,AD Mathews,Mirwais Ashraf,1,0,,,,,,,,,
656421,2014/15,2015-02-22,University Oval,2,12.4,Sri Lanka,Afghanistan,AD Mathews,DPMD Jayawardene,Mirwais Ashraf,0,0,,,,,,,,,
656421,2014/15,2015-02-22,University Oval,2,12.5,Sri Lanka,Afghanistan,AD Mathews,DPMD Jayawardene,Mirwais Ashraf,0,0,,,,,,,,,
656421,2014/15,2015-02-22,University Oval,2,12.6,Sri Lanka,Afghanistan,AD Mathews,DPMD Jayawardene,Mirwais Ashraf,0,0,,,,,,,,,
656421,2014/15,2015-02-22,University Oval,2,13.1,Sri Lanka,Afghanistan,DPMD Jayawardene,AD Mathews,Hamid Hassan,1,0,,,,,,,,,
656421,2014/15,2015-02-22,University Oval,2,13.2,Sri Lanka,Afghanistan,AD Mathews,DPMD Jayawardene,Hamid Hassan,1,0,,,,,,,,,
656421,2014/15,2015-02-22,University Oval,2,13.3,Sri Lanka,Afghanistan,DPMD Jayawardene,AD Mathews,Hamid Hassan,0,0,,,,,,,,,
656421,2014/15,2015-02-22,University Oval,2,13.4,Sri Lanka,Afghanistan,DPMD Jayawardene,AD Mathews,Hamid Hassan,1,0,,,,,,,,,
656421,2014/15,2015-02-22,University Oval,2,13.5,Sri Lanka,Afghanistan,AD Mathews,DPMD Jayawardene,Hamid Hassan,0,1,,1,,,,,,,
656421,2014/15,2015-02-22,University Oval,2,13.6,Sri Lanka,Afghanistan,AD Mathews,DPMD Jayawardene,Hamid Hassan,0,0,,,,,,,,,
656421,2014/15,2015-02-22,University Oval,2,13.7,Sri Lanka,Afghanistan,AD Mathews,DPMD Jayawardene,Hamid Hassan,0,0,,,,,,,,,
656421,2014/15,2015-02-22,University Oval,2,14.1,Sri Lanka,Afghanistan,DPMD Jayawardene,AD Mathews,Mirwais Ashraf,0,0,,,,,,,,,
656421,2014/15,2015-02-22,University Oval,2,14.2,Sri Lanka,Afghanistan,DPMD Jayawardene,AD Mathews,Mirwais Ashraf,0,0,,,,,,,,,
656421,2014/15,2015-02-22,University Oval,2,14.3,Sri Lanka,Afghanistan,DPMD Jayawardene,AD Mathews,Mirwais Ashraf,0,0,,,,,,,,,
656421,2014/15,2015-02-22,University Oval,2,14.4,Sri Lanka,Afghanistan,DPMD Jayawardene,AD Mathews,Mirwais Ashraf,1,0,,,,,,,,,
656421,2014/15,2015-02-22,University Oval,2,14.5,Sri Lanka,Afghanistan,AD Mathews,DPMD Jayawardene,Mirwais Ashraf,1,0,,,,,,,,,
656421,2014/15,2015-02-22,University Oval,2,14.6,Sri Lanka,Afghanistan,DPMD Jayawardene,AD Mathews,Mirwais Ashraf,1,0,,,,,,,,,
656421,2014/15,2015-02-22,University Oval,2,15.1,Sri Lanka,Afghanistan,DPMD Jayawardene,AD Mathews,Mohammad Nabi,1,0,,,,,,,,,
656421,2014/15,2015-02-22,University Oval,2,15.2,Sri Lanka,Afghanistan,AD Mathews,DPMD Jayawardene,Mohammad Nabi,1,0,,,,,,,,,
656421,2014/15,2015-02-22,University Oval,2,15.3,Sri Lanka,Afghanistan,DPMD Jayawardene,AD Mathews,Mohammad Nabi,1,0,,,,,,,,,
656421,2014/15,2015-02-22,University Oval,2,15.4,Sri Lanka,Afghanistan,AD Mathews,DPMD Jayawardene,Mohammad Nabi,0,0,,,,,,,,,
656421,2014/15,2015-02-22,University Oval,2,15.5,Sri Lanka,Afghanistan,AD Mathews,DPMD Jayawardene,Mohammad Nabi,1,0,,,,,,,,,
656421,2014/15,2015-02-22,University Oval,2,15.6,Sri Lanka,Afghanistan,DPMD Jayawardene,AD Mathews,Mohammad Nabi,0,0,,,,,,,,,
656421,2014/15,2015-02-22,University Oval,2,16.1,Sri Lanka,Afghanistan,AD Mathews,DPMD Jayawardene,Mirwais Ashraf,0,0,,,,,,,,,
656421,2014/15,2015-02-22,University Oval,2,16.2,Sri Lanka,Afghanistan,AD Mathews,DPMD Jayawardene,Mirwais Ashraf,0,0,,,,,,,,,
656421,2014/15,2015-02-22,University Oval,2,16.3,Sri Lanka,Afghanistan,AD Mathews,DPMD Jayawardene,Mirwais Ashraf,2,0,,,,,,,,,
656421,2014/15,2015-02-22,University Oval,2,16.4,Sri Lanka,Afghanistan,AD Mathews,DPMD Jayawardene,Mirwais Ashraf,1,0,,,,,,,,,
656421,2014/15,2015-02-22,University Oval,2,16.5,Sri Lanka,Afghanistan,DPMD Jayawardene,AD Mathews,Mirwais Ashraf,0,0,,,,,,,,,
656421,2014/15,2015-02-22,University Oval,2,16.6,Sri Lanka,Afghanistan,DPMD Jayawardene,AD Mathews,Mirwais Ashraf,0,0,,,,,,,,,
656421,2014/15,2015-02-22,University Oval,2,17.1,Sri Lanka,Afghanistan,AD Mathews,DPMD Jayawardene,Shapoor Zadran,0,0,,,,,,,,,
656421,2014/15,2015-02-22,University Oval,2,17.2,Sri Lanka,Afghanistan,AD Mathews,DPMD Jayawardene,Shapoor Zadran,0,0,,,,,,,,,
656421,2014/15,2015-02-22,University Oval,2,17.3,Sri Lanka,Afghanistan,AD Mathews,DPMD Jayawardene,Shapoor Zadran,0,0,,,,,,,,,
656421,2014/15,2015-02-22,University Oval,2,17.4,Sri Lanka,Afghanistan,AD Mathews,DPMD Jayawardene,Shapoor Zadran,0,0,,,,,,,,,
656421,2014/15,2015-02-22,University Oval,2,17.5,Sri Lanka,Afghanistan,AD Mathews,DPMD Jayawardene,Shapoor Zadran,0,0,,,,,,,,,
656421,2014/15,2015-02-22,University Oval,2,17.6,Sri Lanka,Afghanistan,AD Mathews,DPMD Jayawardene,Shapoor Zadran,0,0,,,,,,,,,
656421,2014/15,2015-02-22,University Oval,2,18.1,Sri Lanka,Afghanistan,DPMD Jayawardene,AD Mathews,Mirwais Ashraf,0,1,,,,1,,,,,
656421,2014/15,2015-02-22,University Oval,2,18.2,Sri Lanka,Afghanistan,AD Mathews,DPMD Jayawardene,Asghar Stanikzai,0,0,,,,,,,,,
656421,2014/15,2015-02-22,University Oval,2,18.3,Sri Lanka,Afghanistan,AD Mathews,DPMD Jayawardene,Asghar Stanikzai,1,0,,,,,,,,,
656421,2014/15,2015-02-22,University Oval,2,18.4,Sri Lanka,Afghanistan,DPMD Jayawardene,AD Mathews,Asghar Stanikzai,0,0,,,,,,,,,
656421,2014/15,2015-02-22,University Oval,2,18.5,Sri Lanka,Afghanistan,DPMD Jayawardene,AD Mathews,Asghar Stanikzai,4,0,,,,,,,,,
656421,2014/15,2015-02-22,University Oval,2,18.6,Sri Lanka,Afghanistan,DPMD Jayawardene,AD Mathews,Asghar Stanikzai,1,0,,,,,,,,,
656421,2014/15,2015-02-22,University Oval,2,19.1,Sri Lanka,Afghanistan,DPMD Jayawardene,AD Mathews,Samiullah Shenwari,0,0,,,,,,,,,
656421,2014/15,2015-02-22,University Oval,2,19.2,Sri Lanka,Afghanistan,DPMD Jayawardene,AD Mathews,Samiullah Shenwari,2,0,,,,,,,,,
656421,2014/15,2015-02-22,University Oval,2,19.3,Sri Lanka,Afghanistan,DPMD Jayawardene,AD Mathews,Samiullah Shenwari,0,0,,,,,,,,,
656421,2014/15,2015-02-22,University Oval,2,19.4,Sri Lanka,Afghanistan,DPMD Jayawardene,AD Mathews,Samiullah Shenwari,0,0,,,,,,,,,
656421,2014/15,2015-02-22,University Oval,2,19.5,Sri Lanka,Afghanistan,DPMD Jayawardene,AD Mathews,Samiullah Shenwari,1,0,,,,,,,,,
656421,2014/15,2015-02-22,University Oval,2,19.6,Sri Lanka,Afghanistan,AD Mathews,DPMD Jayawardene,Samiullah Shenwari,0,0,,,,,,,,,
656421,2014/15,2015-02-22,University Oval,2,20.1,Sri Lanka,Afghanistan,DPMD Jayawardene,AD Mathews,Shapoor Zadran,0,0,,,,,,,,,
656421,2014/15,2015-02-22,University Oval,2,20.2,Sri Lanka,Afghanistan,DPMD Jayawardene,AD Mathews,Shapoor Zadran,4,0,,,,,,,,,
656421,2014/15,2015-02-22,University Oval,2,20.3,Sri Lanka,Afghanistan,DPMD Jayawardene,AD Mathews,Shapoor Zadran,1,0,,,,,,,,,
656421,2014/15,2015-02-22,University Oval,2,20.4,Sri Lanka,Afghanistan,AD Mathews,DPMD Jayawardene,Shapoor Zadran,0,0,,,,,,,,,
656421,2014/15,2015-02-22,University Oval,2,20.5,Sri Lanka,Afghanistan,AD Mathews,DPMD Jayawardene,Shapoor Zadran,0,0,,,,,,,,,
656421,2014/15,2015-02-22,University Oval,2,20.6,Sri Lanka,Afghanistan,AD Mathews,DPMD Jayawardene,Shapoor Zadran,0,0,,,,,,,,,
656421,2014/15,2015-02-22,University Oval,2,21.1,Sri Lanka,Afghanistan,DPMD Jayawardene,AD Mathews,Samiullah Shenwari,0,0,,,,,,,,,
656421,2014/15,2015-02-22,University Oval,2,21.2,Sri Lanka,Afghanistan,DPMD Jayawardene,AD Mathews,Samiullah Shenwari,0,0,,,,,,,,,
656421,2014/15,2015-02-22,University Oval,2,21.3,Sri Lanka,Afghanistan,DPMD Jayawardene,AD Mathews,Samiullah Shenwari,0,0,,,,,,,,,
656421,2014/15,2015-02-22,University Oval,2,21.4,Sri Lanka,Afghanistan,DPMD Jayawardene,AD Mathews,Samiullah Shenwari,1,0,,,,,,,,,
656421,2014/15,2015-02-22,University Oval,2,21.5,Sri Lanka,Afghanistan,AD Mathews,DPMD Jayawardene,Samiullah Shenwari,0,0,,,,,,,,,
656421,2014/15,2015-02-22,University Oval,2,21.6,Sri Lanka,Afghanistan,AD Mathews,DPMD Jayawardene,Samiullah Shenwari,0,0,,,,,,,,,
656421,2014/15,2015-02-22,University Oval,2,22.1,Sri Lanka,Afghanistan,DPMD Jayawardene,AD Mathews,Shapoor Zadran,0,0,,,,,,,,,
656421,2014/15,2015-02-22,University Oval,2,22.2,Sri Lanka,Afghanistan,DPMD Jayawardene,AD Mathews,Shapoor Zadran,2,0,,,,,,,,,
656421,2014/15,2015-02-22,University Oval,2,22.3,Sri Lanka,Afghanistan,DPMD Jayawardene,AD Mathews,Shapoor Zadran,0,0,,,,,,,,,
656421,2014/15,2015-02-22,University Oval,2,22.4,Sri Lanka,Afghanistan,DPMD Jayawardene,AD Mathews,Shapoor Zadran,0,0,,,,,,,,,
656421,2014/15,2015-02-22,University Oval,2,22.5,Sri Lanka,Afghanistan,DPMD Jayawardene,AD Mathews,Shapoor Zadran,1,0,,,,,,,,,
656421,2014/15,2015-02-22,University Oval,2,22.6,Sri Lanka,Afghanistan,AD Mathews,DPMD Jayawardene,Shapoor Zadran,1,0,,,,,,,,,
656421,2014/15,2015-02-22,University Oval,2,23.1,Sri Lanka,Afghanistan,AD Mathews,DPMD Jayawardene,Samiullah Shenwari,1,0,,,,,,,,,
656421,2014/15,2015-02-22,University Oval,2,23.2,Sri Lanka,Afghanistan,DPMD Jayawardene,AD Mathews,Samiullah Shenwari,0,0,,,,,,,,,
656421,2014/15,2015-02-22,University Oval,2,23.3,Sri Lanka,Afghanistan,DPMD Jayawardene,AD Mathews,Samiullah Shenwari,0,0,,,,,,,,,
656421,2014/15,2015-02-22,University Oval,2,23.4,Sri Lanka,Afghanistan,DPMD Jayawardene,AD Mathews,Samiullah Shenwari,1,0,,,,,,,,,
656421,2014/15,2015-02-22,University Oval,2,23.5,Sri Lanka,Afghanistan,AD Mathews,DPMD Jayawardene,Samiullah Shenwari,0,0,,,,,,,,,
656421,2014/15,2015-02-22,University Oval,2,23.6,Sri Lanka,Afghanistan,AD Mathews,DPMD Jayawardene,Samiullah Shenwari,1,0,,,,,,,,,
656421,2014/15,2015-02-22,University Oval,2,24.1,Sri Lanka,Afghanistan,AD Mathews,DPMD Jayawardene,Shapoor Zadran,0,0,,,,,,,,,
656421,2014/15,2015-02-22,University Oval,2,24.2,Sri Lanka,Afghanistan,AD Mathews,DPMD Jayawardene,Shapoor Zadran,0,0,,,,,,,,,
656421,2014/15,2015-02-22,University Oval,2,24.3,Sri Lanka,Afghanistan,AD Mathews,DPMD Jayawardene,Shapoor Zadran,0,0,,,,,,,,,
656421,2014/15,2015-02-22,University Oval,2,24.4,Sri Lanka,Afghanistan,AD Mathews,DPMD Jayawardene,Shapoor Zadran,0,0,,,,,,,,,
656421,2014/15,2015-02-22,University Oval,2,24.5,Sri Lanka,Afghanistan,AD Mathews,DPMD Jayawardene,Shapoor Zadran,1,0,,,,,,,,,
656421,2014/15,2015-02-22,University Oval,2,24.6,Sri Lanka,Afghanistan,DPMD Jayawardene,AD Mathews,Shapoor Zadran,4,0,,,,,,,,,
656421,2014/15,2015-02-22,University Oval,2,25.1,Sri Lanka,Afghanistan,AD Mathews,DPMD Jayawardene,Samiullah Shenwari,1,0,,,,,,,,,
656421,2014/15,2015-02-22,University Oval,2,25.2,Sri Lanka,Afghanistan,DPMD Jayawardene,AD Mathews,Samiullah Shenwari,1,0,,,,,,,,,
656421,2014/15,2015-02-22,University Oval,2,25.3,Sri Lanka,Afghanistan,AD Mathews,DPMD Jayawardene,Samiullah Shenwari,1,0,,,,,,,,,
656421,2014/15,2015-02-22,University Oval,2,25.4,Sri Lanka,Afghanistan,DPMD Jayawardene,AD Mathews,Samiullah Shenwari,1,0,,,,,,,,,
656421,2014/15,2015-02-22,University Oval,2,25.5,Sri Lanka,Afghanistan,AD Mathews,DPMD Jayawardene,Samiullah Shenwari,1,0,,,,,,,,,
656421,2014/15,2015-02-22,University Oval,2,25.6,Sri Lanka,Afghanistan,DPMD Jayawardene,AD Mathews,Samiullah Shenwari,0,0,,,,,,,,,
656421,2014/15,2015-02-22,University Oval,2,26.1,Sri Lanka,Afghanistan,AD Mathews,DPMD Jayawardene,Mohammad Nabi,0,0,,,,,,,,,
656421,2014/15,2015-02-22,University Oval,2,26.2,Sri Lanka,Afghanistan,AD Mathews,DPMD Jayawardene,Mohammad Nabi,0,0,,,,,,,,,
656421,2014/15,2015-02-22,University Oval,2,26.3,Sri Lanka,Afghanistan,AD Mathews,DPMD Jayawardene,Mohammad Nabi,1,0,,,,,,,,,
656421,2014/15,2015-02-22,University Oval,2,26.4,Sri Lanka,Afghanistan,DPMD Jayawardene,AD Mathews,Mohammad Nabi,2,0,,,,,,,,,
656421,2014/15,2015-02-22,University Oval,2,26.5,Sri Lanka,Afghanistan,DPMD Jayawardene,AD Mathews,Mohammad Nabi,0,0,,,,,,,,,
656421,2014/15,2015-02-22,University Oval,2,26.6,Sri Lanka,Afghanistan,DPMD Jayawardene,AD Mathews,Mohammad Nabi,1,0,,,,,,,,,
656421,2014/15,2015-02-22,University Oval,2,27.1,Sri Lanka,Afghanistan,DPMD Jayawardene,AD Mathews,Samiullah Shenwari,4,0,,,,,,,,,
656421,2014/15,2015-02-22,University Oval,2,27.2,Sri Lanka,Afghanistan,DPMD Jayawardene,AD Mathews,Samiullah Shenwari,0,0,,,,,,,,,
656421,2014/15,2015-02-22,University Oval,2,27.3,Sri Lanka,Afghanistan,DPMD Jayawardene,AD Mathews,Samiullah Shenwari,1,0,,,,,,,,,
656421,2014/15,2015-02-22,University Oval,2,27.4,Sri Lanka,Afghanistan,AD Mathews,DPMD Jayawardene,Samiullah Shenwari,2,0,,,,,,,,,
656421,2014/15,2015-02-22,University Oval,2,27.5,Sri Lanka,Afghanistan,AD Mathews,DPMD Jayawardene,Samiullah Shenwari,1,0,,,,,,,,,
656421,2014/15,2015-02-22,University Oval,2,27.6,Sri Lanka,Afghanistan,DPMD Jayawardene,AD Mathews,Samiullah Shenwari,1,0,,,,,,,,,
656421,2014/15,2015-02-22,University Oval,2,28.1,Sri Lanka,Afghanistan,DPMD Jayawardene,AD Mathews,Mohammad Nabi,0,0,,,,,,,,,
656421,2014/15,2015-02-22,University Oval,2,28.2,Sri Lanka,Afghanistan,DPMD Jayawardene,AD Mathews,Mohammad Nabi,1,0,,,,,,,,,
656421,2014/15,2015-02-22,University Oval,2,28.3,Sri Lanka,Afghanistan,AD Mathews,DPMD Jayawardene,Mohammad Nabi,2,0,,,,,,,,,
656421,2014/15,2015-02-22,University Oval,2,28.4,Sri Lanka,Afghanistan,AD Mathews,DPMD Jayawardene,Mohammad Nabi,0,0,,,,,,,,,
656421,2014/15,2015-02-22,University Oval,2,28.5,Sri Lanka,Afghanistan,AD Mathews,DPMD Jayawardene,Mohammad Nabi,1,0,,,,,,,,,
656421,2014/15,2015-02-22,University Oval,2,28.6,Sri Lanka,Afghanistan,DPMD Jayawardene,AD Mathews,Mohammad Nabi,1,0,,,,,,,,,
656421,2014/15,2015-02-22,University Oval,2,29.1,Sri Lanka,Afghanistan,DPMD Jayawardene,AD Mathews,Samiullah Shenwari,4,0,,,,,,,,,
656421,2014/15,2015-02-22,University Oval,2,29.2,Sri Lanka,Afghanistan,DPMD Jayawardene,AD Mathews,Samiullah Shenwari,4,0,,,,,,,,,
656421,2014/15,2015-02-22,University Oval,2,29.3,Sri Lanka,Afghanistan,DPMD Jayawardene,AD Mathews,Samiullah Shenwari,1,0,,,,,,,,,
656421,2014/15,2015-02-22,University Oval,2,29.4,Sri Lanka,Afghanistan,AD Mathews,DPMD Jayawardene,Samiullah Shenwari,1,0,,,,,,,,,
656421,2014/15,2015-02-22,University Oval,2,29.5,Sri Lanka,Afghanistan,DPMD Jayawardene,AD Mathews,Samiullah Shenwari,0,0,,,,,,,,,
656421,2014/15,2015-02-22,University Oval,2,29.6,Sri Lanka,Afghanistan,DPMD Jayawardene,AD Mathews,Samiullah Shenwari,1,0,,,,,,,,,
656421,2014/15,2015-02-22,University Oval,2,30.1,Sri Lanka,Afghanistan,DPMD Jayawardene,AD Mathews,Mohammad Nabi,1,0,,,,,,,,,
656421,2014/15,2015-02-22,University Oval,2,30.2,Sri Lanka,Afghanistan,AD Mathews,DPMD Jayawardene,Mohammad Nabi,0,0,,,,,,,,,
656421,2014/15,2015-02-22,University Oval,2,30.3,Sri Lanka,Afghanistan,AD Mathews,DPMD Jayawardene,Mohammad Nabi,0,0,,,,,,,,,
656421,2014/15,2015-02-22,University Oval,2,30.4,Sri Lanka,Afghanistan,AD Mathews,DPMD Jayawardene,Mohammad Nabi,0,0,,,,,,,,,
656421,2014/15,2015-02-22,University Oval,2,30.5,Sri Lanka,Afghanistan,AD Mathews,DPMD Jayawardene,Mohammad Nabi,1,0,,,,,,,,,
656421,2014/15,2015-02-22,University Oval,2,30.6,Sri Lanka,Afghanistan,DPMD Jayawardene,AD Mathews,Mohammad Nabi,1,0,,,,,,,,,
656421,2014/15,2015-02-22,University Oval,2,31.1,Sri Lanka,Afghanistan,DPMD Jayawardene,AD Mathews,Hamid Hassan,1,0,,,,,,,,,
656421,2014/15,2015-02-22,University Oval,2,31.2,Sri Lanka,Afghanistan,AD Mathews,DPMD Jayawardene,Hamid Hassan,1,0,,,,,,,,,
656421,2014/15,2015-02-22,University Oval,2,31.3,Sri Lanka,Afghanistan,DPMD Jayawardene,AD Mathews,Hamid Hassan,1,0,,,,,,,,,
656421,2014/15,2015-02-22,University Oval,2,31.4,Sri Lanka,Afghanistan,AD Mathews,DPMD Jayawardene,Hamid Hassan,0,0,,,,,,,,,
656421,2014/15,2015-02-22,University Oval,2,31.5,Sri Lanka,Afghanistan,AD Mathews,DPMD Jayawardene,Hamid Hassan,0,0,,,,,,,,,
656421,2014/15,2015-02-22,University Oval,2,31.6,Sri Lanka,Afghanistan,AD Mathews,DPMD Jayawardene,Hamid Hassan,0,1,,,,1,,,,,
656421,2014/15,2015-02-22,University Oval,2,32.1,Sri Lanka,Afghanistan,AD Mathews,DPMD Jayawardene,Mirwais Ashraf,0,0,,,,,,,,,
656421,2014/15,2015-02-22,University Oval,2,32.2,Sri Lanka,Afghanistan,AD Mathews,DPMD Jayawardene,Mirwais Ashraf,0,0,,,,,,,,,
656421,2014/15,2015-02-22,University Oval,2,32.3,Sri Lanka,Afghanistan,AD Mathews,DPMD Jayawardene,Mirwais Ashraf,1,0,,,,,,,,,
656421,2014/15,2015-02-22,University Oval,2,32.4,Sri Lanka,Afghanistan,DPMD Jayawardene,AD Mathews,Mirwais Ashraf,0,0,,,,,,,,,
656421,2014/15,2015-02-22,University Oval,2,32.5,Sri Lanka,Afghanistan,DPMD Jayawardene,AD Mathews,Mirwais Ashraf,0,0,,,,,,,,,
656421,2014/15,2015-02-22,University Oval,2,32.6,Sri Lanka,Afghanistan,DPMD Jayawardene,AD Mathews,Mirwais Ashraf,0,0,,,,,,,,,
656421,2014/15,2015-02-22,University Oval,2,33.1,Sri Lanka,Afghanistan,AD Mathews,DPMD Jayawardene,Mohammad Nabi,1,0,,,,,,,,,
656421,2014/15,2015-02-22,University Oval,2,33.2,Sri Lanka,Afghanistan,DPMD Jayawardene,AD Mathews,Mohammad Nabi,1,0,,,,,,,,,
656421,2014/15,2015-02-22,University Oval,2,33.3,Sri Lanka,Afghanistan,AD Mathews,DPMD Jayawardene,Mohammad Nabi,0,0,,,,,,,,,
656421,2014/15,2015-02-22,University Oval,2,33.4,Sri Lanka,Afghanistan,AD Mathews,DPMD Jayawardene,Mohammad Nabi,1,0,,,,,,,,,
656421,2014/15,2015-02-22,University Oval,2,33.5,Sri Lanka,Afghanistan,DPMD Jayawardene,AD Mathews,Mohammad Nabi,2,0,,,,,,,,,
656421,2014/15,2015-02-22,University Oval,2,33.6,Sri Lanka,Afghanistan,DPMD Jayawardene,AD Mathews,Mohammad Nabi,1,0,,,,,,,,,
656421,2014/15,2015-02-22,University Oval,2,34.1,Sri Lanka,Afghanistan,DPMD Jayawardene,AD Mathews,Mirwais Ashraf,0,0,,,,,,,,,
656421,2014/15,2015-02-22,University Oval,2,34.2,Sri Lanka,Afghanistan,DPMD Jayawardene,AD Mathews,Mirwais Ashraf,1,0,,,,,,,,,
656421,2014/15,2015-02-22,University Oval,2,34.3,Sri Lanka,Afghanistan,AD Mathews,DPMD Jayawardene,Mirwais Ashraf,0,0,,,,,,,,,
656421,2014/15,2015-02-22,University Oval,2,34.4,Sri Lanka,Afghanistan,AD Mathews,DPMD Jayawardene,Mirwais Ashraf,0,0,,,,,,,,,
656421,2014/15,2015-02-22,University Oval,2,34.5,Sri Lanka,Afghanistan,AD Mathews,DPMD Jayawardene,Mirwais Ashraf,4,0,,,,,,,,,
656421,2014/15,2015-02-22,University Oval,2,34.6,Sri Lanka,Afghanistan,AD Mathews,DPMD Jayawardene,Mirwais Ashraf,0,0,,,,,,,,,
656421,2014/15,2015-02-22,University Oval,2,35.1,Sri Lanka,Afghanistan,DPMD Jayawardene,AD Mathews,Dawlat Zadran,2,0,,,,,,,,,
656421,2014/15,2015-02-22,University Oval,2,35.2,Sri Lanka,Afghanistan,DPMD Jayawardene,AD Mathews,Dawlat Zadran,0,0,,,,,,,,,
656421,2014/15,2015-02-22,University Oval,2,35.3,Sri Lanka,Afghanistan,DPMD Jayawardene,AD Mathews,Dawlat Zadran,1,0,,,,,,,,,
656421,2014/15,2015-02-22,University Oval,2,35.4,Sri Lanka,Afghanistan,AD Mathews,DPMD Jayawardene,Dawlat Zadran,0,0,,,,,,,,,
656421,2014/15,2015-02-22,University Oval,2,35.5,Sri Lanka,Afghanistan,AD Mathews,DPMD Jayawardene,Dawlat Zadran,1,0,,,,,,,,,
656421,2014/15,2015-02-22,University Oval,2,35.6,Sri Lanka,Afghanistan,DPMD Jayawardene,AD Mathews,Dawlat Zadran,1,0,,,,,,,,,
656421,2014/15,2015-02-22,University Oval,2,36.1,Sri Lanka,Afghanistan,DPMD Jayawardene,AD Mathews,Shapoor Zadran,0,0,,,,,,,,,
656421,2014/15,2015-02-22,University Oval,2,36.2,Sri Lanka,Afghanistan,DPMD Jayawardene,AD Mathews,Shapoor Zadran,1,0,,,,,,,,,
656421,2014/15,2015-02-22,University Oval,2,36.3,Sri Lanka,Afghanistan,AD Mathews,DPMD Jayawardene,Shapoor Zadran,1,0,,,,,,,,,
656421,2014/15,2015-02-22,University Oval,2,36.4,Sri Lanka,Afghanistan,DPMD Jayawardene,AD Mathews,Shapoor Zadran,1,0,,,,,,,,,
656421,2014/15,2015-02-22,University Oval,2,36.5,Sri Lanka,Afghanistan,AD Mathews,DPMD Jayawardene,Shapoor Zadran,1,0,,,,,,,,,
656421,2014/15,2015-02-22,University Oval,2,36.6,Sri Lanka,Afghanistan,DPMD Jayawardene,AD Mathews,Shapoor Zadran,1,0,,,,,,,,,
656421,2014/15,2015-02-22,University Oval,2,37.1,Sri Lanka,Afghanistan,DPMD Jayawardene,AD Mathews,Dawlat Zadran,6,0,,,,,,,,,
656421,2014/15,2015-02-22,University Oval,2,37.2,Sri Lanka,Afghanistan,DPMD Jayawardene,AD Mathews,Dawlat Zadran,0,0,,,,,,,,,
656421,2014/15,2015-02-22,University Oval,2,37.3,Sri Lanka,Afghanistan,DPMD Jayawardene,AD Mathews,Dawlat Zadran,1,0,,,,,,,,,
656421,2014/15,2015-02-22,University Oval,2,37.4,Sri Lanka,Afghanistan,AD Mathews,DPMD Jayawardene,Dawlat Zadran,1,0,,,,,,,,,
656421,2014/15,2015-02-22,University Oval,2,37.5,Sri Lanka,Afghanistan,DPMD Jayawardene,AD Mathews,Dawlat Zadran,1,0,,,,,,,,,
656421,2014/15,2015-02-22,University Oval,2,37.6,Sri Lanka,Afghanistan,AD Mathews,DPMD Jayawardene,Dawlat Zadran,1,0,,,,,,,,,
656421,2014/15,2015-02-22,University Oval,2,38.1,Sri Lanka,Afghanistan,AD Mathews,DPMD Jayawardene,Shapoor Zadran,4,0,,,,,,,,,
656421,2014/15,2015-02-22,University Oval,2,38.2,Sri Lanka,Afghanistan,AD Mathews,DPMD Jayawardene,Shapoor Zadran,1,0,,,,,,,,,
656421,2014/15,2015-02-22,University Oval,2,38.3,Sri Lanka,Afghanistan,DPMD Jayawardene,AD Mathews,Shapoor Zadran,0,0,,,,,,,,,
656421,2014/15,2015-02-22,University Oval,2,38.4,Sri Lanka,Afghanistan,DPMD Jayawardene,AD Mathews,Shapoor Zadran,0,0,,,,,,,,,
656421,2014/15,2015-02-22,University Oval,2,38.5,Sri Lanka,Afghanistan,DPMD Jayawardene,AD Mathews,Shapoor Zadran,1,0,,,,,,,,,
656421,2014/15,2015-02-22,University Oval,2,38.6,Sri Lanka,Afghanistan,AD Mathews,DPMD Jayawardene,Shapoor Zadran,0,0,,,,,,,,,
656421,2014/15,2015-02-22,University Oval,2,39.1,Sri Lanka,Afghanistan,DPMD Jayawardene,AD Mathews,Dawlat Zadran,0,0,,,,,,,,,
656421,2014/15,2015-02-22,University Oval,2,39.2,Sri Lanka,Afghanistan,DPMD Jayawardene,AD Mathews,Dawlat Zadran,0,0,,,,,,,,,
656421,2014/15,2015-02-22,University Oval,2,39.3,Sri Lanka,Afghanistan,DPMD Jayawardene,AD Mathews,Dawlat Zadran,0,0,,,,,,,,,
656421,2014/15,2015-02-22,University Oval,2,39.4,Sri Lanka,Afghanistan,DPMD Jayawardene,AD Mathews,Dawlat Zadran,1,0,,,,,,,,,
656421,2014/15,2015-02-22,University Oval,2,39.5,Sri Lanka,Afghanistan,AD Mathews,DPMD Jayawardene,Dawlat Zadran,0,0,,,,,,,,,
656421,2014/15,2015-02-22,University Oval,2,39.6,Sri Lanka,Afghanistan,AD Mathews,DPMD Jayawardene,Dawlat Zadran,1,0,,,,,,,,,
656421,2014/15,2015-02-22,University Oval,2,40.1,Sri Lanka,Afghanistan,AD Mathews,DPMD Jayawardene,Shapoor Zadran,1,0,,,,,,,,,
656421,2014/15,2015-02-22,University Oval,2,40.2,Sri Lanka,Afghanistan,DPMD Jayawardene,AD Mathews,Shapoor Zadran,1,0,,,,,,,,,
656421,2014/15,2015-02-22,University Oval,2,40.3,Sri Lanka,Afghanistan,AD Mathews,DPMD Jayawardene,Shapoor Zadran,0,0,,,,,,run out,AD Mathews,,
656421,2014/15,2015-02-22,University Oval,2,40.4,Sri Lanka,Afghanistan,DPMD Jayawardene,BMAJ Mendis,Shapoor Zadran,0,0,,,,,,,,,
656421,2014/15,2015-02-22,University Oval,2,40.5,Sri Lanka,Afghanistan,DPMD Jayawardene,BMAJ Mendis,Shapoor Zadran,1,0,,,,,,,,,
656421,2014/15,2015-02-22,University Oval,2,40.6,Sri Lanka,Afghanistan,BMAJ Mendis,DPMD Jayawardene,Shapoor Zadran,0,0,,,,,,,,,
656421,2014/15,2015-02-22,University Oval,2,41.1,Sri Lanka,Afghanistan,DPMD Jayawardene,BMAJ Mendis,Hamid Hassan,0,0,,,,,,,,,
656421,2014/15,2015-02-22,University Oval,2,41.2,Sri Lanka,Afghanistan,DPMD Jayawardene,BMAJ Mendis,Hamid Hassan,0,0,,,,,,caught,DPMD Jayawardene,,
656421,2014/15,2015-02-22,University Oval,2,41.3,Sri Lanka,Afghanistan,NLTC Perera,BMAJ Mendis,Hamid Hassan,4,0,,,,,,,,,
656421,2014/15,2015-02-22,University Oval,2,41.4,Sri Lanka,Afghanistan,NLTC Perera,BMAJ Mendis,Hamid Hassan,0,0,,,,,,,,,
656421,2014/15,2015-02-22,University Oval,2,41.5,Sri Lanka,Afghanistan,NLTC Perera,BMAJ Mendis,Hamid Hassan,1,0,,,,,,,,,
656421,2014/15,2015-02-22,University Oval,2,41.6,Sri Lanka,Afghanistan,BMAJ Mendis,NLTC Perera,Hamid Hassan,0,0,,,,,,,,,
656421,2014/15,2015-02-22,University Oval,2,42.1,Sri Lanka,Afghanistan,NLTC Perera,BMAJ Mendis,Mirwais Ashraf,1,0,,,,,,,,,
656421,2014/15,2015-02-22,University Oval,2,42.2,Sri Lanka,Afghanistan,BMAJ Mendis,NLTC Perera,Mirwais Ashraf,0,0,,,,,,,,,
656421,2014/15,2015-02-22,University Oval,2,42.3,Sri Lanka,Afghanistan,BMAJ Mendis,NLTC Perera,Mirwais Ashraf,0,0,,,,,,,,,
656421,2014/15,2015-02-22,University Oval,2,42.4,Sri Lanka,Afghanistan,BMAJ Mendis,NLTC Perera,Mirwais Ashraf,1,0,,,,,,,,,
656421,2014/15,2015-02-22,University Oval,2,42.5,Sri Lanka,Afghanistan,NLTC Perera,BMAJ Mendis,Mirwais Ashraf,0,0,,,,,,,,,
656421,2014/15,2015-02-22,University Oval,2,42.6,Sri Lanka,Afghanistan,NLTC Perera,BMAJ Mendis,Mirwais Ashraf,0,0,,,,,,,,,
656421,2014/15,2015-02-22,University Oval,2,43.1,Sri Lanka,Afghanistan,BMAJ Mendis,NLTC Perera,Hamid Hassan,0,0,,,,,,,,,
656421,2014/15,2015-02-22,University Oval,2,43.2,Sri Lanka,Afghanistan,BMAJ Mendis,NLTC Perera,Hamid Hassan,0,0,,,,,,,,,
656421,2014/15,2015-02-22,University Oval,2,43.3,Sri Lanka,Afghanistan,BMAJ Mendis,NLTC Perera,Hamid Hassan,2,0,,,,,,,,,
656421,2014/15,2015-02-22,University Oval,2,43.4,Sri Lanka,Afghanistan,BMAJ Mendis,NLTC Perera,Hamid Hassan,0,0,,,,,,,,,
656421,2014/15,2015-02-22,University Oval,2,43.5,Sri Lanka,Afghanistan,BMAJ Mendis,NLTC Perera,Hamid Hassan,0,0,,,,,,,,,
656421,2014/15,2015-02-22,University Oval,2,43.6,Sri Lanka,Afghanistan,BMAJ Mendis,NLTC Perera,Hamid Hassan,1,0,,,,,,,,,
656421,2014/15,2015-02-22,University Oval,2,44.1,Sri Lanka,Afghanistan,BMAJ Mendis,NLTC Perera,Mirwais Ashraf,1,0,,,,,,,,,
656421,2014/15,2015-02-22,University Oval,2,44.2,Sri Lanka,Afghanistan,NLTC Perera,BMAJ Mendis,Mirwais Ashraf,0,0,,,,,,,,,
656421,2014/15,2015-02-22,University Oval,2,44.3,Sri Lanka,Afghanistan,NLTC Perera,BMAJ Mendis,Mirwais Ashraf,2,0,,,,,,,,,
656421,2014/15,2015-02-22,University Oval,2,44.4,Sri Lanka,Afghanistan,NLTC Perera,BMAJ Mendis,Mirwais Ashraf,4,0,,,,,,,,,
656421,2014/15,2015-02-22,University Oval,2,44.5,Sri Lanka,Afghanistan,NLTC Perera,BMAJ Mendis,Mirwais Ashraf,1,0,,,,,,,,,
656421,2014/15,2015-02-22,University Oval,2,44.6,Sri Lanka,Afghanistan,BMAJ Mendis,NLTC Perera,Mirwais Ashraf,1,0,,,,,,,,,
656421,2014/15,2015-02-22,University Oval,2,45.1,Sri Lanka,Afghanistan,BMAJ Mendis,NLTC Perera,Shapoor Zadran,1,0,,,,,,,,,
656421,2014/15,2015-02-22,University Oval,2,45.2,Sri Lanka,Afghanistan,NLTC Perera,BMAJ Mendis,Shapoor Zadran,4,0,,,,,,,,,
656421,2014/15,2015-02-22,University Oval,2,45.3,Sri Lanka,Afghanistan,NLTC Perera,BMAJ Mendis,Shapoor Zadran,0,0,,,,,,,,,
656421,2014/15,2015-02-22,University Oval,2,45.4,Sri Lanka,Afghanistan,NLTC Perera,BMAJ Mendis,Shapoor Zadran,2,0,,,,,,,,,
656421,2014/15,2015-02-22,University Oval,2,45.5,Sri Lanka,Afghanistan,NLTC Perera,BMAJ Mendis,Shapoor Zadran,2,0,,,,,,,,,
656421,2014/15,2015-02-22,University Oval,2,45.6,Sri Lanka,Afghanistan,NLTC Perera,BMAJ Mendis,Shapoor Zadran,1,0,,,,,,,,,
656421,2014/15,2015-02-22,University Oval,2,46.1,Sri Lanka,Afghanistan,NLTC Perera,BMAJ Mendis,Dawlat Zadran,6,0,,,,,,,,,
656421,2014/15,2015-02-22,University Oval,2,46.2,Sri Lanka,Afghanistan,NLTC Perera,BMAJ Mendis,Dawlat Zadran,4,0,,,,,,,,,
656421,2014/15,2015-02-22,University Oval,2,46.3,Sri Lanka,Afghanistan,NLTC Perera,BMAJ Mendis,Dawlat Zadran,1,0,,,,,,,,,
656421,2014/15,2015-02-22,University Oval,2,46.4,Sri Lanka,Afghanistan,BMAJ Mendis,NLTC Perera,Dawlat Zadran,1,0,,,,,,,,,
656421,2014/15,2015-02-22,University Oval,2,46.5,Sri Lanka,Afghanistan,NLTC Perera,BMAJ Mendis,Dawlat Zadran,0,0,,,,,,,,,
656421,2014/15,2015-02-22,University Oval,2,46.6,Sri Lanka,Afghanistan,NLTC Perera,BMAJ Mendis,Dawlat Zadran,0,0,,,,,,,,,
656421,2014/15,2015-02-22,University Oval,2,47.1,Sri Lanka,Afghanistan,BMAJ Mendis,NLTC Perera,Hamid Hassan,0,0,,,,,,,,,
656421,2014/15,2015-02-22,University Oval,2,47.2,Sri Lanka,Afghanistan,BMAJ Mendis,NLTC Perera,Hamid Hassan,1,0,,,,,,,,,
656421,2014/15,2015-02-22,University Oval,2,47.3,Sri Lanka,Afghanistan,NLTC Perera,BMAJ Mendis,Hamid Hassan,2,0,,,,,,,,,
656421,2014/15,2015-02-22,University Oval,2,47.4,Sri Lanka,Afghanistan,NLTC Perera,BMAJ Mendis,Hamid Hassan,2,0,,,,,,,,,
656421,2014/15,2015-02-22,University Oval,2,47.5,Sri Lanka,Afghanistan,NLTC Perera,BMAJ Mendis,Hamid Hassan,4,0,,,,,,,,,
656421,2014/15,2015-02-22,University Oval,2,47.6,Sri Lanka,Afghanistan,NLTC Perera,BMAJ Mendis,Hamid Hassan,2,0,,,,,,,,,
656421,2014/15,2015-02-22,University Oval,2,48.1,Sri Lanka,Afghanistan,BMAJ Mendis,NLTC Perera,Mohammad Nabi,0,2,2,,,,,,,,
656421,2014/15,2015-02-22,University Oval,2,48.2,Sri Lanka,Afghanistan,NLTC Perera,BMAJ Mendis,Mohammad Nabi,0,0,,,,,,,,,
656421,2014/15,2015-02-22,University Oval,2,48.3,Sri Lanka,Afghanistan,NLTC Perera,BMAJ Mendis,Mohammad Nabi,4,0,,,,,,,,,
